-- MySQL dump 10.11
--
-- Host: localhost    Database: civicrmreport
-- ------------------------------------------------------
-- Server version	5.0.38-Ubuntu_0ubuntu1.2-log

/*!40101 SET @OLD_CHARACTER_SET_CLIENT=@@CHARACTER_SET_CLIENT */;
/*!40101 SET @OLD_CHARACTER_SET_RESULTS=@@CHARACTER_SET_RESULTS */;
/*!40101 SET @OLD_COLLATION_CONNECTION=@@COLLATION_CONNECTION */;
/*!40101 SET NAMES utf8 */;
/*!40103 SET @OLD_TIME_ZONE=@@TIME_ZONE */;
/*!40103 SET TIME_ZONE='+00:00' */;
/*!40014 SET @OLD_UNIQUE_CHECKS=@@UNIQUE_CHECKS, UNIQUE_CHECKS=0 */;
/*!40014 SET @OLD_FOREIGN_KEY_CHECKS=@@FOREIGN_KEY_CHECKS, FOREIGN_KEY_CHECKS=0 */;
/*!40101 SET @OLD_SQL_MODE=@@SQL_MODE, SQL_MODE='NO_AUTO_VALUE_ON_ZERO' */;
/*!40111 SET @OLD_SQL_NOTES=@@SQL_NOTES, SQL_NOTES=0 */;

--
-- Dumping data for table `civicrm_acl`
--

LOCK TABLES `civicrm_acl` WRITE;
/*!40000 ALTER TABLE `civicrm_acl` DISABLE KEYS */;
INSERT INTO `civicrm_acl` (`id`, `name`, `deny`, `entity_table`, `entity_id`, `operation`, `object_table`, `object_id`, `acl_table`, `acl_id`, `is_active`) VALUES (1,'Edit All Contacts',0,'civicrm_acl_role',1,'Edit','civicrm_saved_search',0,NULL,NULL,1),(2,'Core ACL',0,'civicrm_acl_role',0,'All','access CiviMail subscribe/unsubscribe pages',NULL,NULL,NULL,1),(3,'Core ACL',0,'civicrm_acl_role',0,'All','access all custom data',NULL,NULL,NULL,1),(4,'Core ACL',0,'civicrm_acl_role',0,'All','make online contributions',NULL,NULL,NULL,1),(5,'Core ACL',0,'civicrm_acl_role',0,'All','make online pledges',NULL,NULL,NULL,1),(6,'Core ACL',0,'civicrm_acl_role',0,'All','profile listings and forms',NULL,NULL,NULL,1),(7,'Core ACL',0,'civicrm_acl_role',0,'All','register for events',NULL,NULL,NULL,1),(8,'Core ACL',0,'civicrm_acl_role',1,'All','access CiviCRM',NULL,NULL,NULL,1),(9,'Core ACL',0,'civicrm_acl_role',1,'All','access CiviContribute',NULL,NULL,NULL,1),(10,'Core ACL',0,'civicrm_acl_role',1,'All','access CiviEvent',NULL,NULL,NULL,1),(11,'Core ACL',0,'civicrm_acl_role',1,'All','access CiviMail',NULL,NULL,NULL,1),(12,'Core ACL',0,'civicrm_acl_role',1,'All','access CiviMail subscribe/unsubscribe pages',NULL,NULL,NULL,1),(13,'Core ACL',0,'civicrm_acl_role',1,'All','access CiviMember',NULL,NULL,NULL,1),(14,'Core ACL',0,'civicrm_acl_role',1,'All','access CiviPledge',NULL,NULL,NULL,1),(15,'Core ACL',0,'civicrm_acl_role',1,'All','access CiviCase',NULL,NULL,NULL,1),(16,'Core ACL',0,'civicrm_acl_role',1,'All','access CiviGrant',NULL,NULL,NULL,1),(17,'Core ACL',0,'civicrm_acl_role',1,'All','access Contact Dashboard',NULL,NULL,NULL,1),(18,'Core ACL',0,'civicrm_acl_role',1,'All','translate CiviCRM',NULL,NULL,NULL,1),(19,'Core ACL',0,'civicrm_acl_role',1,'All','edit grants',NULL,NULL,NULL,1),(20,'Core ACL',0,'civicrm_acl_role',1,'All','access all custom data',NULL,NULL,NULL,1),(21,'Core ACL',0,'civicrm_acl_role',1,'All','access uploaded files',NULL,NULL,NULL,1),(22,'Core ACL',0,'civicrm_acl_role',1,'All','add contacts',NULL,NULL,NULL,1),(23,'Core ACL',0,'civicrm_acl_role',1,'All','administer CiviCRM',NULL,NULL,NULL,1),(24,'Core ACL',0,'civicrm_acl_role',1,'All','edit all contacts',NULL,NULL,NULL,1),(25,'Core ACL',0,'civicrm_acl_role',1,'All','edit contributions',NULL,NULL,NULL,1),(26,'Core ACL',0,'civicrm_acl_role',1,'All','edit event participants',NULL,NULL,NULL,1),(27,'Core ACL',0,'civicrm_acl_role',1,'All','edit groups',NULL,NULL,NULL,1),(28,'Core ACL',0,'civicrm_acl_role',1,'All','edit memberships',NULL,NULL,NULL,1),(29,'Core ACL',0,'civicrm_acl_role',1,'All','edit pledges',NULL,NULL,NULL,1),(30,'Core ACL',0,'civicrm_acl_role',1,'All','import contacts',NULL,NULL,NULL,1),(31,'Core ACL',0,'civicrm_acl_role',1,'All','make online contributions',NULL,NULL,NULL,1),(32,'Core ACL',0,'civicrm_acl_role',1,'All','make online pledges',NULL,NULL,NULL,1),(33,'Core ACL',0,'civicrm_acl_role',1,'All','profile listings and forms',NULL,NULL,NULL,1),(34,'Core ACL',0,'civicrm_acl_role',1,'All','register for events',NULL,NULL,NULL,1),(35,'Core ACL',0,'civicrm_acl_role',1,'All','view all activities',NULL,NULL,NULL,1),(36,'Core ACL',0,'civicrm_acl_role',1,'All','view all contacts',NULL,NULL,NULL,1),(37,'Core ACL',0,'civicrm_acl_role',1,'All','view event info',NULL,NULL,NULL,1),(38,'Core ACL',0,'civicrm_acl_role',1,'All','view event participants',NULL,NULL,NULL,1),(39,'Core ACL',0,'civicrm_acl_role',2,'All','access CiviMail subscribe/unsubscribe pages',NULL,NULL,NULL,1),(40,'Core ACL',0,'civicrm_acl_role',2,'All','access all custom data',NULL,NULL,NULL,1),(41,'Core ACL',0,'civicrm_acl_role',2,'All','make online contributions',NULL,NULL,NULL,1),(42,'Core ACL',0,'civicrm_acl_role',2,'All','make online pledges',NULL,NULL,NULL,1),(43,'Core ACL',0,'civicrm_acl_role',2,'All','profile listings and forms',NULL,NULL,NULL,1),(44,'Core ACL',0,'civicrm_acl_role',2,'All','register for events',NULL,NULL,NULL,1),(45,'Core ACL',0,'civicrm_acl_role',2,'All','view event info',NULL,NULL,NULL,1);
/*!40000 ALTER TABLE `civicrm_acl` ENABLE KEYS */;
UNLOCK TABLES;

--
-- Dumping data for table `civicrm_acl_cache`
--

LOCK TABLES `civicrm_acl_cache` WRITE;
/*!40000 ALTER TABLE `civicrm_acl_cache` DISABLE KEYS */;
/*!40000 ALTER TABLE `civicrm_acl_cache` ENABLE KEYS */;
UNLOCK TABLES;

--
-- Dumping data for table `civicrm_acl_entity_role`
--

LOCK TABLES `civicrm_acl_entity_role` WRITE;
/*!40000 ALTER TABLE `civicrm_acl_entity_role` DISABLE KEYS */;
INSERT INTO `civicrm_acl_entity_role` (`id`, `acl_role_id`, `entity_table`, `entity_id`, `is_active`) VALUES (1,1,'civicrm_group',1,1);
/*!40000 ALTER TABLE `civicrm_acl_entity_role` ENABLE KEYS */;
UNLOCK TABLES;

--
-- Dumping data for table `civicrm_activity`
--

LOCK TABLES `civicrm_activity` WRITE;
/*!40000 ALTER TABLE `civicrm_activity` DISABLE KEYS */;
INSERT INTO `civicrm_activity` (`id`, `source_contact_id`, `source_record_id`, `activity_type_id`, `subject`, `activity_date_time`, `due_date_time`, `duration`, `location`, `phone_id`, `phone_number`, `details`, `status_id`, `priority_id`, `parent_id`, `is_test`, `medium_id`, `is_auto`, `relationship_id`, `is_current_revision`, `original_id`, `is_deleted`) VALUES (1,111,NULL,7,'Subject for Membership Signup','2008-07-16 08:12:15',NULL,2,NULL,NULL,NULL,NULL,2,NULL,NULL,0,NULL,0,NULL,1,NULL,0),(2,111,NULL,8,'Subject for Membership Renewal','2009-04-20 11:34:36',NULL,2,NULL,NULL,NULL,NULL,2,NULL,NULL,0,NULL,0,NULL,1,NULL,0),(3,111,NULL,9,'Subject for Tell a Friend','2008-10-30 12:34:14',NULL,6,NULL,NULL,NULL,NULL,2,NULL,NULL,0,NULL,0,NULL,1,NULL,0),(4,111,NULL,7,'Subject for Membership Signup','2008-10-26 05:19:55',NULL,4,NULL,NULL,NULL,NULL,2,NULL,NULL,0,NULL,0,NULL,1,NULL,0),(5,111,NULL,8,'Subject for Membership Renewal','2008-12-17 04:28:45',NULL,3,NULL,NULL,NULL,NULL,2,NULL,NULL,0,NULL,0,NULL,1,NULL,0),(6,111,NULL,7,'Subject for Membership Signup','2009-03-26 09:45:20',NULL,2,NULL,NULL,NULL,NULL,2,NULL,NULL,0,NULL,0,NULL,1,NULL,0),(7,111,NULL,9,'Subject for Tell a Friend','2009-03-05 10:00:26',NULL,3,NULL,NULL,NULL,NULL,2,NULL,NULL,0,NULL,0,NULL,1,NULL,0),(8,111,NULL,8,'Subject for Membership Renewal','2009-02-16 09:12:54',NULL,5,NULL,NULL,NULL,NULL,2,NULL,NULL,0,NULL,0,NULL,1,NULL,0),(9,111,NULL,8,'Subject for Membership Renewal','2008-11-24 12:02:18',NULL,1,NULL,NULL,NULL,NULL,2,NULL,NULL,0,NULL,0,NULL,1,NULL,0),(10,111,NULL,7,'Subject for Membership Signup','2009-03-16 10:07:56',NULL,4,NULL,NULL,NULL,NULL,2,NULL,NULL,0,NULL,0,NULL,1,NULL,0),(11,111,NULL,7,'Subject for Membership Signup','2008-08-29 02:26:26',NULL,5,NULL,NULL,NULL,NULL,2,NULL,NULL,0,NULL,0,NULL,1,NULL,0),(12,111,NULL,8,'Subject for Membership Renewal','2008-12-25 01:39:10',NULL,1,NULL,NULL,NULL,NULL,2,NULL,NULL,0,NULL,0,NULL,1,NULL,0),(13,111,NULL,7,'Subject for Membership Signup','2009-03-29 03:51:39',NULL,3,NULL,NULL,NULL,NULL,2,NULL,NULL,0,NULL,0,NULL,1,NULL,0),(14,111,NULL,10,'Subject for Pledge Acknowledgment','2009-01-01 10:17:50',NULL,5,NULL,NULL,NULL,NULL,2,NULL,NULL,0,NULL,0,NULL,1,NULL,0),(15,111,NULL,9,'Subject for Tell a Friend','2009-01-12 06:46:27',NULL,2,NULL,NULL,NULL,NULL,2,NULL,NULL,0,NULL,0,NULL,1,NULL,0),(16,111,NULL,8,'Subject for Membership Renewal','2009-01-17 10:13:02',NULL,1,NULL,NULL,NULL,NULL,2,NULL,NULL,0,NULL,0,NULL,1,NULL,0),(17,111,NULL,7,'Subject for Membership Signup','2008-11-16 03:17:11',NULL,3,NULL,NULL,NULL,NULL,2,NULL,NULL,0,NULL,0,NULL,1,NULL,0),(18,111,NULL,8,'Subject for Membership Renewal','2009-02-26 01:25:52',NULL,5,NULL,NULL,NULL,NULL,2,NULL,NULL,0,NULL,0,NULL,1,NULL,0),(19,111,NULL,9,'Subject for Tell a Friend','2008-12-29 08:22:37',NULL,6,NULL,NULL,NULL,NULL,2,NULL,NULL,0,NULL,0,NULL,1,NULL,0),(20,111,NULL,8,'Subject for Membership Renewal','2008-06-01 10:47:36',NULL,1,NULL,NULL,NULL,NULL,2,NULL,NULL,0,NULL,0,NULL,1,NULL,0),(21,111,NULL,10,'Subject for Pledge Acknowledgment','2009-01-16 07:25:36',NULL,1,NULL,NULL,NULL,NULL,2,NULL,NULL,0,NULL,0,NULL,1,NULL,0),(22,111,NULL,10,'Subject for Pledge Acknowledgment','2009-02-12 07:05:56',NULL,4,NULL,NULL,NULL,NULL,2,NULL,NULL,0,NULL,0,NULL,1,NULL,0),(23,111,NULL,10,'Subject for Pledge Acknowledgment','2008-06-30 06:25:16',NULL,5,NULL,NULL,NULL,NULL,2,NULL,NULL,0,NULL,0,NULL,1,NULL,0),(24,111,NULL,8,'Subject for Membership Renewal','2009-03-08 08:53:59',NULL,1,NULL,NULL,NULL,NULL,2,NULL,NULL,0,NULL,0,NULL,1,NULL,0),(25,111,NULL,7,'Subject for Membership Signup','2009-02-07 11:33:46',NULL,6,NULL,NULL,NULL,NULL,2,NULL,NULL,0,NULL,0,NULL,1,NULL,0),(26,111,NULL,10,'Subject for Pledge Acknowledgment','2008-12-12 09:50:10',NULL,6,NULL,NULL,NULL,NULL,2,NULL,NULL,0,NULL,0,NULL,1,NULL,0),(27,111,NULL,9,'Subject for Tell a Friend','2009-05-07 05:17:46',NULL,4,NULL,NULL,NULL,NULL,2,NULL,NULL,0,NULL,0,NULL,1,NULL,0),(28,111,NULL,8,'Subject for Membership Renewal','2008-05-29 12:49:43',NULL,5,NULL,NULL,NULL,NULL,2,NULL,NULL,0,NULL,0,NULL,1,NULL,0),(29,111,NULL,8,'Subject for Membership Renewal','2008-10-30 12:06:17',NULL,3,NULL,NULL,NULL,NULL,2,NULL,NULL,0,NULL,0,NULL,1,NULL,0),(30,111,NULL,7,'Subject for Membership Signup','2008-08-08 11:23:52',NULL,3,NULL,NULL,NULL,NULL,2,NULL,NULL,0,NULL,0,NULL,1,NULL,0),(31,111,NULL,8,'Subject for Membership Renewal','2008-07-11 06:22:19',NULL,4,NULL,NULL,NULL,NULL,2,NULL,NULL,0,NULL,0,NULL,1,NULL,0),(32,111,NULL,10,'Subject for Pledge Acknowledgment','2009-05-08 03:07:52',NULL,3,NULL,NULL,NULL,NULL,2,NULL,NULL,0,NULL,0,NULL,1,NULL,0),(33,111,NULL,8,'Subject for Membership Renewal','2009-05-25 09:39:08',NULL,6,NULL,NULL,NULL,NULL,2,NULL,NULL,0,NULL,0,NULL,1,NULL,0),(34,111,NULL,10,'Subject for Pledge Acknowledgment','2009-04-30 04:31:12',NULL,4,NULL,NULL,NULL,NULL,2,NULL,NULL,0,NULL,0,NULL,1,NULL,0),(35,111,NULL,7,'Subject for Membership Signup','2009-01-26 10:05:29',NULL,4,NULL,NULL,NULL,NULL,2,NULL,NULL,0,NULL,0,NULL,1,NULL,0),(36,111,NULL,10,'Subject for Pledge Acknowledgment','2009-03-04 07:41:04',NULL,1,NULL,NULL,NULL,NULL,2,NULL,NULL,0,NULL,0,NULL,1,NULL,0),(37,111,NULL,8,'Subject for Membership Renewal','2009-05-03 08:18:43',NULL,3,NULL,NULL,NULL,NULL,2,NULL,NULL,0,NULL,0,NULL,1,NULL,0),(38,111,NULL,9,'Subject for Tell a Friend','2008-11-21 04:41:13',NULL,4,NULL,NULL,NULL,NULL,2,NULL,NULL,0,NULL,0,NULL,1,NULL,0),(39,111,NULL,10,'Subject for Pledge Acknowledgment','2009-05-12 06:26:09',NULL,4,NULL,NULL,NULL,NULL,2,NULL,NULL,0,NULL,0,NULL,1,NULL,0),(40,111,NULL,7,'Subject for Membership Signup','2009-04-26 08:45:57',NULL,2,NULL,NULL,NULL,NULL,2,NULL,NULL,0,NULL,0,NULL,1,NULL,0),(41,111,NULL,7,'Subject for Membership Signup','2008-09-23 08:09:26',NULL,6,NULL,NULL,NULL,NULL,2,NULL,NULL,0,NULL,0,NULL,1,NULL,0),(42,111,NULL,10,'Subject for Pledge Acknowledgment','2008-06-05 04:37:13',NULL,2,NULL,NULL,NULL,NULL,2,NULL,NULL,0,NULL,0,NULL,1,NULL,0),(43,111,NULL,7,'Subject for Membership Signup','2008-07-25 11:52:45',NULL,1,NULL,NULL,NULL,NULL,2,NULL,NULL,0,NULL,0,NULL,1,NULL,0),(44,111,NULL,9,'Subject for Tell a Friend','2009-05-28 08:29:27',NULL,4,NULL,NULL,NULL,NULL,2,NULL,NULL,0,NULL,0,NULL,1,NULL,0),(45,111,NULL,8,'Subject for Membership Renewal','2008-11-12 05:51:57',NULL,3,NULL,NULL,NULL,NULL,2,NULL,NULL,0,NULL,0,NULL,1,NULL,0),(46,111,NULL,7,'Subject for Membership Signup','2008-08-06 05:43:31',NULL,4,NULL,NULL,NULL,NULL,2,NULL,NULL,0,NULL,0,NULL,1,NULL,0),(47,111,NULL,10,'Subject for Pledge Acknowledgment','2009-01-09 12:06:27',NULL,5,NULL,NULL,NULL,NULL,2,NULL,NULL,0,NULL,0,NULL,1,NULL,0),(48,111,NULL,10,'Subject for Pledge Acknowledgment','2009-01-05 01:58:16',NULL,6,NULL,NULL,NULL,NULL,2,NULL,NULL,0,NULL,0,NULL,1,NULL,0),(49,111,NULL,8,'Subject for Membership Renewal','2008-08-29 12:31:45',NULL,1,NULL,NULL,NULL,NULL,2,NULL,NULL,0,NULL,0,NULL,1,NULL,0),(50,111,NULL,9,'Subject for Tell a Friend','2009-03-30 02:15:28',NULL,5,NULL,NULL,NULL,NULL,2,NULL,NULL,0,NULL,0,NULL,1,NULL,0),(51,111,NULL,8,'Subject for Membership Renewal','2008-10-20 05:01:14',NULL,3,NULL,NULL,NULL,NULL,2,NULL,NULL,0,NULL,0,NULL,1,NULL,0),(52,111,NULL,7,'Subject for Membership Signup','2008-07-10 12:26:39',NULL,5,NULL,NULL,NULL,NULL,2,NULL,NULL,0,NULL,0,NULL,1,NULL,0),(53,111,NULL,7,'Subject for Membership Signup','2008-12-19 08:00:53',NULL,5,NULL,NULL,NULL,NULL,2,NULL,NULL,0,NULL,0,NULL,1,NULL,0),(54,111,NULL,8,'Subject for Membership Renewal','2008-12-03 02:24:04',NULL,6,NULL,NULL,NULL,NULL,2,NULL,NULL,0,NULL,0,NULL,1,NULL,0),(55,111,NULL,7,'Subject for Membership Signup','2008-11-05 07:25:49',NULL,3,NULL,NULL,NULL,NULL,2,NULL,NULL,0,NULL,0,NULL,1,NULL,0),(56,111,NULL,10,'Subject for Pledge Acknowledgment','2008-11-29 12:25:10',NULL,3,NULL,NULL,NULL,NULL,2,NULL,NULL,0,NULL,0,NULL,1,NULL,0),(57,111,NULL,10,'Subject for Pledge Acknowledgment','2009-01-23 04:29:19',NULL,5,NULL,NULL,NULL,NULL,2,NULL,NULL,0,NULL,0,NULL,1,NULL,0),(58,111,NULL,7,'Subject for Membership Signup','2008-10-11 07:42:33',NULL,1,NULL,NULL,NULL,NULL,2,NULL,NULL,0,NULL,0,NULL,1,NULL,0),(59,111,NULL,8,'Subject for Membership Renewal','2009-01-31 09:36:49',NULL,4,NULL,NULL,NULL,NULL,2,NULL,NULL,0,NULL,0,NULL,1,NULL,0),(60,111,NULL,8,'Subject for Membership Renewal','2009-01-05 07:33:50',NULL,2,NULL,NULL,NULL,NULL,2,NULL,NULL,0,NULL,0,NULL,1,NULL,0),(61,111,NULL,7,'Subject for Membership Signup','2008-09-10 08:31:48',NULL,6,NULL,NULL,NULL,NULL,2,NULL,NULL,0,NULL,0,NULL,1,NULL,0),(62,111,NULL,10,'Subject for Pledge Acknowledgment','2008-06-20 08:16:59',NULL,1,NULL,NULL,NULL,NULL,2,NULL,NULL,0,NULL,0,NULL,1,NULL,0),(63,111,NULL,10,'Subject for Pledge Acknowledgment','2008-08-05 08:13:12',NULL,3,NULL,NULL,NULL,NULL,2,NULL,NULL,0,NULL,0,NULL,1,NULL,0),(64,111,NULL,8,'Subject for Membership Renewal','2008-10-08 03:40:29',NULL,4,NULL,NULL,NULL,NULL,2,NULL,NULL,0,NULL,0,NULL,1,NULL,0),(65,111,NULL,8,'Subject for Membership Renewal','2009-02-07 11:25:00',NULL,6,NULL,NULL,NULL,NULL,2,NULL,NULL,0,NULL,0,NULL,1,NULL,0),(66,111,NULL,9,'Subject for Tell a Friend','2009-05-14 07:58:50',NULL,4,NULL,NULL,NULL,NULL,2,NULL,NULL,0,NULL,0,NULL,1,NULL,0),(67,111,NULL,9,'Subject for Tell a Friend','2008-12-16 11:37:16',NULL,5,NULL,NULL,NULL,NULL,2,NULL,NULL,0,NULL,0,NULL,1,NULL,0),(68,111,NULL,9,'Subject for Tell a Friend','2008-06-21 10:16:00',NULL,6,NULL,NULL,NULL,NULL,2,NULL,NULL,0,NULL,0,NULL,1,NULL,0),(69,111,NULL,9,'Subject for Tell a Friend','2008-09-01 09:19:39',NULL,6,NULL,NULL,NULL,NULL,2,NULL,NULL,0,NULL,0,NULL,1,NULL,0),(70,111,NULL,10,'Subject for Pledge Acknowledgment','2009-05-19 08:49:42',NULL,2,NULL,NULL,NULL,NULL,2,NULL,NULL,0,NULL,0,NULL,1,NULL,0),(71,111,NULL,10,'Subject for Pledge Acknowledgment','2009-04-07 10:03:03',NULL,6,NULL,NULL,NULL,NULL,2,NULL,NULL,0,NULL,0,NULL,1,NULL,0),(72,111,NULL,8,'Subject for Membership Renewal','2008-12-30 12:19:13',NULL,5,NULL,NULL,NULL,NULL,2,NULL,NULL,0,NULL,0,NULL,1,NULL,0),(73,111,NULL,9,'Subject for Tell a Friend','2008-08-05 10:49:47',NULL,5,NULL,NULL,NULL,NULL,2,NULL,NULL,0,NULL,0,NULL,1,NULL,0),(74,111,NULL,8,'Subject for Membership Renewal','2008-10-04 06:07:17',NULL,5,NULL,NULL,NULL,NULL,2,NULL,NULL,0,NULL,0,NULL,1,NULL,0),(75,111,NULL,9,'Subject for Tell a Friend','2008-10-04 07:40:28',NULL,1,NULL,NULL,NULL,NULL,2,NULL,NULL,0,NULL,0,NULL,1,NULL,0),(76,111,NULL,9,'Subject for Tell a Friend','2008-08-13 10:18:33',NULL,2,NULL,NULL,NULL,NULL,2,NULL,NULL,0,NULL,0,NULL,1,NULL,0),(77,111,NULL,7,'Subject for Membership Signup','2008-06-07 03:20:49',NULL,1,NULL,NULL,NULL,NULL,2,NULL,NULL,0,NULL,0,NULL,1,NULL,0),(78,111,NULL,9,'Subject for Tell a Friend','2008-07-22 01:40:52',NULL,6,NULL,NULL,NULL,NULL,2,NULL,NULL,0,NULL,0,NULL,1,NULL,0),(79,111,NULL,7,'Subject for Membership Signup','2009-04-29 04:27:37',NULL,5,NULL,NULL,NULL,NULL,2,NULL,NULL,0,NULL,0,NULL,1,NULL,0),(80,111,NULL,9,'Subject for Tell a Friend','2009-03-29 01:19:32',NULL,4,NULL,NULL,NULL,NULL,2,NULL,NULL,0,NULL,0,NULL,1,NULL,0),(81,111,NULL,10,'Subject for Pledge Acknowledgment','2008-12-10 10:30:52',NULL,6,NULL,NULL,NULL,NULL,2,NULL,NULL,0,NULL,0,NULL,1,NULL,0),(82,111,NULL,7,'Subject for Membership Signup','2008-09-16 11:51:49',NULL,3,NULL,NULL,NULL,NULL,2,NULL,NULL,0,NULL,0,NULL,1,NULL,0),(83,111,NULL,10,'Subject for Pledge Acknowledgment','2009-03-06 12:46:20',NULL,4,NULL,NULL,NULL,NULL,2,NULL,NULL,0,NULL,0,NULL,1,NULL,0),(84,111,NULL,9,'Subject for Tell a Friend','2008-10-23 01:33:18',NULL,6,NULL,NULL,NULL,NULL,2,NULL,NULL,0,NULL,0,NULL,1,NULL,0),(85,111,NULL,9,'Subject for Tell a Friend','2008-10-15 09:36:22',NULL,6,NULL,NULL,NULL,NULL,2,NULL,NULL,0,NULL,0,NULL,1,NULL,0),(86,111,NULL,9,'Subject for Tell a Friend','2009-01-08 01:49:57',NULL,4,NULL,NULL,NULL,NULL,2,NULL,NULL,0,NULL,0,NULL,1,NULL,0),(87,111,NULL,10,'Subject for Pledge Acknowledgment','2008-10-14 03:57:27',NULL,4,NULL,NULL,NULL,NULL,2,NULL,NULL,0,NULL,0,NULL,1,NULL,0),(88,111,NULL,9,'Subject for Tell a Friend','2008-11-14 04:56:39',NULL,5,NULL,NULL,NULL,NULL,2,NULL,NULL,0,NULL,0,NULL,1,NULL,0),(89,111,NULL,10,'Subject for Pledge Acknowledgment','2008-11-22 06:33:28',NULL,1,NULL,NULL,NULL,NULL,2,NULL,NULL,0,NULL,0,NULL,1,NULL,0),(90,111,NULL,8,'Subject for Membership Renewal','2008-06-27 06:42:21',NULL,1,NULL,NULL,NULL,NULL,2,NULL,NULL,0,NULL,0,NULL,1,NULL,0),(91,111,NULL,8,'Subject for Membership Renewal','2008-08-17 03:19:01',NULL,1,NULL,NULL,NULL,NULL,2,NULL,NULL,0,NULL,0,NULL,1,NULL,0),(92,111,NULL,10,'Subject for Pledge Acknowledgment','2009-04-30 05:36:28',NULL,6,NULL,NULL,NULL,NULL,2,NULL,NULL,0,NULL,0,NULL,1,NULL,0),(93,111,NULL,10,'Subject for Pledge Acknowledgment','2008-12-23 05:41:16',NULL,6,NULL,NULL,NULL,NULL,2,NULL,NULL,0,NULL,0,NULL,1,NULL,0),(94,111,NULL,10,'Subject for Pledge Acknowledgment','2008-10-16 04:16:43',NULL,3,NULL,NULL,NULL,NULL,2,NULL,NULL,0,NULL,0,NULL,1,NULL,0),(95,111,NULL,8,'Subject for Membership Renewal','2009-03-28 01:07:18',NULL,1,NULL,NULL,NULL,NULL,2,NULL,NULL,0,NULL,0,NULL,1,NULL,0),(96,111,NULL,8,'Subject for Membership Renewal','2008-12-06 12:21:21',NULL,2,NULL,NULL,NULL,NULL,2,NULL,NULL,0,NULL,0,NULL,1,NULL,0),(97,111,NULL,7,'Subject for Membership Signup','2008-12-31 07:30:02',NULL,3,NULL,NULL,NULL,NULL,2,NULL,NULL,0,NULL,0,NULL,1,NULL,0),(98,111,NULL,9,'Subject for Tell a Friend','2008-09-28 06:54:21',NULL,5,NULL,NULL,NULL,NULL,2,NULL,NULL,0,NULL,0,NULL,1,NULL,0),(99,111,NULL,9,'Subject for Tell a Friend','2009-04-01 03:43:34',NULL,2,NULL,NULL,NULL,NULL,2,NULL,NULL,0,NULL,0,NULL,1,NULL,0),(100,111,NULL,10,'Subject for Pledge Acknowledgment','2008-09-10 11:11:36',NULL,1,NULL,NULL,NULL,NULL,2,NULL,NULL,0,NULL,0,NULL,1,NULL,0),(101,111,NULL,9,'Subject for Tell a Friend','2008-09-08 12:05:15',NULL,4,NULL,NULL,NULL,NULL,2,NULL,NULL,0,NULL,0,NULL,1,NULL,0),(102,111,NULL,9,'Subject for Tell a Friend','2009-04-30 07:22:28',NULL,6,NULL,NULL,NULL,NULL,2,NULL,NULL,0,NULL,0,NULL,1,NULL,0),(103,111,NULL,9,'Subject for Tell a Friend','2008-12-19 07:33:37',NULL,5,NULL,NULL,NULL,NULL,2,NULL,NULL,0,NULL,0,NULL,1,NULL,0),(104,111,NULL,10,'Subject for Pledge Acknowledgment','2008-12-21 05:27:35',NULL,2,NULL,NULL,NULL,NULL,2,NULL,NULL,0,NULL,0,NULL,1,NULL,0),(105,111,NULL,9,'Subject for Tell a Friend','2009-05-12 01:03:25',NULL,2,NULL,NULL,NULL,NULL,2,NULL,NULL,0,NULL,0,NULL,1,NULL,0),(106,111,NULL,7,'Subject for Membership Signup','2008-08-19 09:40:37',NULL,6,NULL,NULL,NULL,NULL,2,NULL,NULL,0,NULL,0,NULL,1,NULL,0),(107,111,NULL,8,'Subject for Membership Renewal','2009-05-25 10:53:45',NULL,5,NULL,NULL,NULL,NULL,2,NULL,NULL,0,NULL,0,NULL,1,NULL,0),(108,111,NULL,7,'Subject for Membership Signup','2008-12-04 09:59:39',NULL,4,NULL,NULL,NULL,NULL,2,NULL,NULL,0,NULL,0,NULL,1,NULL,0),(109,111,NULL,7,'Subject for Membership Signup','2009-04-24 03:29:26',NULL,6,NULL,NULL,NULL,NULL,2,NULL,NULL,0,NULL,0,NULL,1,NULL,0),(110,111,NULL,9,'Subject for Tell a Friend','2009-04-14 01:14:52',NULL,1,NULL,NULL,NULL,NULL,2,NULL,NULL,0,NULL,0,NULL,1,NULL,0),(111,111,NULL,10,'Subject for Pledge Acknowledgment','2008-06-08 02:28:03',NULL,3,NULL,NULL,NULL,NULL,2,NULL,NULL,0,NULL,0,NULL,1,NULL,0),(112,111,NULL,7,'Subject for Membership Signup','2009-05-11 04:41:37',NULL,5,NULL,NULL,NULL,NULL,2,NULL,NULL,0,NULL,0,NULL,1,NULL,0),(113,111,NULL,10,'Subject for Pledge Acknowledgment','2009-02-14 05:42:55',NULL,6,NULL,NULL,NULL,NULL,2,NULL,NULL,0,NULL,0,NULL,1,NULL,0),(114,111,NULL,8,'Subject for Membership Renewal','2008-09-17 03:36:44',NULL,5,NULL,NULL,NULL,NULL,2,NULL,NULL,0,NULL,0,NULL,1,NULL,0),(115,111,NULL,9,'Subject for Tell a Friend','2009-05-09 04:50:25',NULL,4,NULL,NULL,NULL,NULL,2,NULL,NULL,0,NULL,0,NULL,1,NULL,0),(116,111,NULL,7,'Subject for Membership Signup','2009-02-27 09:07:52',NULL,4,NULL,NULL,NULL,NULL,2,NULL,NULL,0,NULL,0,NULL,1,NULL,0),(117,111,NULL,9,'Subject for Tell a Friend','2008-08-29 11:53:14',NULL,1,NULL,NULL,NULL,NULL,2,NULL,NULL,0,NULL,0,NULL,1,NULL,0),(118,111,NULL,8,'Subject for Membership Renewal','2009-05-11 10:30:54',NULL,4,NULL,NULL,NULL,NULL,2,NULL,NULL,0,NULL,0,NULL,1,NULL,0),(119,111,NULL,9,'Subject for Tell a Friend','2008-09-15 03:19:44',NULL,6,NULL,NULL,NULL,NULL,2,NULL,NULL,0,NULL,0,NULL,1,NULL,0),(120,111,NULL,10,'Subject for Pledge Acknowledgment','2008-08-22 01:12:03',NULL,6,NULL,NULL,NULL,NULL,2,NULL,NULL,0,NULL,0,NULL,1,NULL,0),(121,111,NULL,7,'Subject for Membership Signup','2008-12-17 07:12:53',NULL,1,NULL,NULL,NULL,NULL,2,NULL,NULL,0,NULL,0,NULL,1,NULL,0),(122,111,NULL,9,'Subject for Tell a Friend','2008-10-12 01:49:03',NULL,6,NULL,NULL,NULL,NULL,2,NULL,NULL,0,NULL,0,NULL,1,NULL,0),(123,111,NULL,10,'Subject for Pledge Acknowledgment','2008-06-02 02:22:40',NULL,4,NULL,NULL,NULL,NULL,2,NULL,NULL,0,NULL,0,NULL,1,NULL,0),(124,111,NULL,8,'Subject for Membership Renewal','2008-07-28 10:21:19',NULL,4,NULL,NULL,NULL,NULL,2,NULL,NULL,0,NULL,0,NULL,1,NULL,0),(125,111,NULL,9,'Subject for Tell a Friend','2009-03-27 09:09:02',NULL,3,NULL,NULL,NULL,NULL,2,NULL,NULL,0,NULL,0,NULL,1,NULL,0),(126,111,NULL,10,'Subject for Pledge Acknowledgment','2009-03-19 12:09:17',NULL,5,NULL,NULL,NULL,NULL,2,NULL,NULL,0,NULL,0,NULL,1,NULL,0),(127,111,NULL,9,'Subject for Tell a Friend','2008-10-17 01:39:59',NULL,1,NULL,NULL,NULL,NULL,2,NULL,NULL,0,NULL,0,NULL,1,NULL,0),(128,111,NULL,9,'Subject for Tell a Friend','2008-11-11 03:07:21',NULL,2,NULL,NULL,NULL,NULL,2,NULL,NULL,0,NULL,0,NULL,1,NULL,0),(129,111,NULL,8,'Subject for Membership Renewal','2008-10-13 04:20:18',NULL,2,NULL,NULL,NULL,NULL,2,NULL,NULL,0,NULL,0,NULL,1,NULL,0),(130,111,NULL,9,'Subject for Tell a Friend','2008-12-09 06:26:32',NULL,6,NULL,NULL,NULL,NULL,2,NULL,NULL,0,NULL,0,NULL,1,NULL,0),(131,111,NULL,8,'Subject for Membership Renewal','2008-07-16 07:14:57',NULL,3,NULL,NULL,NULL,NULL,2,NULL,NULL,0,NULL,0,NULL,1,NULL,0),(132,111,NULL,8,'Subject for Membership Renewal','2008-06-13 12:16:27',NULL,4,NULL,NULL,NULL,NULL,2,NULL,NULL,0,NULL,0,NULL,1,NULL,0),(133,111,NULL,7,'Subject for Membership Signup','2009-03-24 07:22:13',NULL,6,NULL,NULL,NULL,NULL,2,NULL,NULL,0,NULL,0,NULL,1,NULL,0),(134,111,NULL,8,'Subject for Membership Renewal','2009-01-28 06:10:12',NULL,3,NULL,NULL,NULL,NULL,2,NULL,NULL,0,NULL,0,NULL,1,NULL,0),(135,111,NULL,10,'Subject for Pledge Acknowledgment','2009-03-04 08:18:44',NULL,5,NULL,NULL,NULL,NULL,2,NULL,NULL,0,NULL,0,NULL,1,NULL,0),(136,111,NULL,9,'Subject for Tell a Friend','2008-07-28 03:22:23',NULL,4,NULL,NULL,NULL,NULL,2,NULL,NULL,0,NULL,0,NULL,1,NULL,0),(137,111,NULL,8,'Subject for Membership Renewal','2009-01-25 02:09:56',NULL,2,NULL,NULL,NULL,NULL,2,NULL,NULL,0,NULL,0,NULL,1,NULL,0),(138,111,NULL,8,'Subject for Membership Renewal','2009-04-26 04:30:43',NULL,1,NULL,NULL,NULL,NULL,2,NULL,NULL,0,NULL,0,NULL,1,NULL,0),(139,111,NULL,10,'Subject for Pledge Acknowledgment','2009-03-15 02:12:52',NULL,5,NULL,NULL,NULL,NULL,2,NULL,NULL,0,NULL,0,NULL,1,NULL,0),(140,111,NULL,8,'Subject for Membership Renewal','2009-01-26 09:34:59',NULL,6,NULL,NULL,NULL,NULL,2,NULL,NULL,0,NULL,0,NULL,1,NULL,0),(141,111,NULL,7,'Subject for Membership Signup','2008-07-15 02:04:22',NULL,1,NULL,NULL,NULL,NULL,2,NULL,NULL,0,NULL,0,NULL,1,NULL,0),(142,111,NULL,10,'Subject for Pledge Acknowledgment','2009-02-15 01:40:07',NULL,4,NULL,NULL,NULL,NULL,2,NULL,NULL,0,NULL,0,NULL,1,NULL,0),(143,111,NULL,7,'Subject for Membership Signup','2009-05-04 03:59:57',NULL,6,NULL,NULL,NULL,NULL,2,NULL,NULL,0,NULL,0,NULL,1,NULL,0),(144,111,NULL,8,'Subject for Membership Renewal','2009-02-15 04:30:46',NULL,2,NULL,NULL,NULL,NULL,2,NULL,NULL,0,NULL,0,NULL,1,NULL,0),(145,111,NULL,9,'Subject for Tell a Friend','2008-10-01 10:38:20',NULL,3,NULL,NULL,NULL,NULL,2,NULL,NULL,0,NULL,0,NULL,1,NULL,0),(146,111,NULL,10,'Subject for Pledge Acknowledgment','2009-05-02 08:18:44',NULL,4,NULL,NULL,NULL,NULL,2,NULL,NULL,0,NULL,0,NULL,1,NULL,0),(147,111,NULL,9,'Subject for Tell a Friend','2008-11-19 06:16:13',NULL,4,NULL,NULL,NULL,NULL,2,NULL,NULL,0,NULL,0,NULL,1,NULL,0),(148,111,NULL,10,'Subject for Pledge Acknowledgment','2009-05-28 02:28:17',NULL,4,NULL,NULL,NULL,NULL,2,NULL,NULL,0,NULL,0,NULL,1,NULL,0),(149,111,NULL,10,'Subject for Pledge Acknowledgment','2008-12-01 11:26:19',NULL,5,NULL,NULL,NULL,NULL,2,NULL,NULL,0,NULL,0,NULL,1,NULL,0),(150,111,NULL,7,'Subject for Membership Signup','2009-01-04 09:37:44',NULL,4,NULL,NULL,NULL,NULL,2,NULL,NULL,0,NULL,0,NULL,1,NULL,0),(151,81,NULL,7,'Subject for Membership Signup','2008-07-30 10:53:56',NULL,6,NULL,NULL,NULL,NULL,2,NULL,NULL,0,NULL,0,NULL,1,NULL,0),(152,81,NULL,8,'Subject for Membership Renewal','2008-07-16 01:19:51',NULL,5,NULL,NULL,NULL,NULL,2,NULL,NULL,0,NULL,0,NULL,1,NULL,0),(153,81,NULL,7,'Subject for Membership Signup','2008-11-24 10:06:32',NULL,5,NULL,NULL,NULL,NULL,2,NULL,NULL,0,NULL,0,NULL,1,NULL,0),(154,81,NULL,8,'Subject for Membership Renewal','2009-03-09 05:21:13',NULL,6,NULL,NULL,NULL,NULL,2,NULL,NULL,0,NULL,0,NULL,1,NULL,0),(155,81,NULL,8,'Subject for Membership Renewal','2009-05-04 10:54:42',NULL,4,NULL,NULL,NULL,NULL,2,NULL,NULL,0,NULL,0,NULL,1,NULL,0),(156,81,NULL,7,'Subject for Membership Signup','2008-06-01 12:27:17',NULL,2,NULL,NULL,NULL,NULL,2,NULL,NULL,0,NULL,0,NULL,1,NULL,0),(157,81,NULL,8,'Subject for Membership Renewal','2008-07-12 03:37:43',NULL,5,NULL,NULL,NULL,NULL,2,NULL,NULL,0,NULL,0,NULL,1,NULL,0),(158,81,NULL,10,'Subject for Pledge Acknowledgment','2008-08-05 03:24:42',NULL,2,NULL,NULL,NULL,NULL,2,NULL,NULL,0,NULL,0,NULL,1,NULL,0),(159,81,NULL,9,'Subject for Tell a Friend','2008-09-17 05:01:26',NULL,4,NULL,NULL,NULL,NULL,2,NULL,NULL,0,NULL,0,NULL,1,NULL,0),(160,81,NULL,7,'Subject for Membership Signup','2008-10-31 08:49:36',NULL,4,NULL,NULL,NULL,NULL,2,NULL,NULL,0,NULL,0,NULL,1,NULL,0),(161,81,NULL,7,'Subject for Membership Signup','2009-05-19 09:18:25',NULL,2,NULL,NULL,NULL,NULL,2,NULL,NULL,0,NULL,0,NULL,1,NULL,0),(162,81,NULL,9,'Subject for Tell a Friend','2009-05-09 05:41:30',NULL,4,NULL,NULL,NULL,NULL,2,NULL,NULL,0,NULL,0,NULL,1,NULL,0),(163,81,NULL,8,'Subject for Membership Renewal','2008-10-14 10:16:00',NULL,4,NULL,NULL,NULL,NULL,2,NULL,NULL,0,NULL,0,NULL,1,NULL,0),(164,81,NULL,9,'Subject for Tell a Friend','2008-12-16 02:06:42',NULL,4,NULL,NULL,NULL,NULL,2,NULL,NULL,0,NULL,0,NULL,1,NULL,0),(165,81,NULL,8,'Subject for Membership Renewal','2009-03-26 12:22:20',NULL,4,NULL,NULL,NULL,NULL,2,NULL,NULL,0,NULL,0,NULL,1,NULL,0),(166,81,NULL,9,'Subject for Tell a Friend','2008-08-31 01:13:54',NULL,5,NULL,NULL,NULL,NULL,2,NULL,NULL,0,NULL,0,NULL,1,NULL,0),(167,81,NULL,7,'Subject for Membership Signup','2008-10-21 06:41:25',NULL,5,NULL,NULL,NULL,NULL,2,NULL,NULL,0,NULL,0,NULL,1,NULL,0),(168,81,NULL,7,'Subject for Membership Signup','2009-01-21 07:26:20',NULL,3,NULL,NULL,NULL,NULL,2,NULL,NULL,0,NULL,0,NULL,1,NULL,0),(169,81,NULL,10,'Subject for Pledge Acknowledgment','2008-09-09 03:54:26',NULL,5,NULL,NULL,NULL,NULL,2,NULL,NULL,0,NULL,0,NULL,1,NULL,0),(170,81,NULL,8,'Subject for Membership Renewal','2008-07-05 12:53:30',NULL,1,NULL,NULL,NULL,NULL,2,NULL,NULL,0,NULL,0,NULL,1,NULL,0),(171,81,NULL,10,'Subject for Pledge Acknowledgment','2008-07-23 05:33:33',NULL,3,NULL,NULL,NULL,NULL,2,NULL,NULL,0,NULL,0,NULL,1,NULL,0),(172,81,NULL,10,'Subject for Pledge Acknowledgment','2009-03-30 05:54:53',NULL,3,NULL,NULL,NULL,NULL,2,NULL,NULL,0,NULL,0,NULL,1,NULL,0),(173,81,NULL,9,'Subject for Tell a Friend','2009-04-11 03:14:49',NULL,6,NULL,NULL,NULL,NULL,2,NULL,NULL,0,NULL,0,NULL,1,NULL,0),(174,81,NULL,10,'Subject for Pledge Acknowledgment','2009-05-24 05:24:41',NULL,5,NULL,NULL,NULL,NULL,2,NULL,NULL,0,NULL,0,NULL,1,NULL,0),(175,81,NULL,7,'Subject for Membership Signup','2008-06-02 02:33:21',NULL,2,NULL,NULL,NULL,NULL,2,NULL,NULL,0,NULL,0,NULL,1,NULL,0),(176,81,NULL,7,'Subject for Membership Signup','2009-03-31 08:05:05',NULL,4,NULL,NULL,NULL,NULL,2,NULL,NULL,0,NULL,0,NULL,1,NULL,0),(177,81,NULL,9,'Subject for Tell a Friend','2008-08-31 02:16:00',NULL,5,NULL,NULL,NULL,NULL,2,NULL,NULL,0,NULL,0,NULL,1,NULL,0),(178,81,NULL,8,'Subject for Membership Renewal','2009-01-29 05:30:36',NULL,1,NULL,NULL,NULL,NULL,2,NULL,NULL,0,NULL,0,NULL,1,NULL,0),(179,81,NULL,9,'Subject for Tell a Friend','2008-10-04 02:02:35',NULL,4,NULL,NULL,NULL,NULL,2,NULL,NULL,0,NULL,0,NULL,1,NULL,0),(180,81,NULL,8,'Subject for Membership Renewal','2008-06-18 06:11:39',NULL,6,NULL,NULL,NULL,NULL,2,NULL,NULL,0,NULL,0,NULL,1,NULL,0),(181,81,NULL,8,'Subject for Membership Renewal','2008-07-09 10:34:57',NULL,5,NULL,NULL,NULL,NULL,2,NULL,NULL,0,NULL,0,NULL,1,NULL,0),(182,81,NULL,9,'Subject for Tell a Friend','2008-08-18 08:14:50',NULL,3,NULL,NULL,NULL,NULL,2,NULL,NULL,0,NULL,0,NULL,1,NULL,0),(183,81,NULL,10,'Subject for Pledge Acknowledgment','2009-02-20 05:56:49',NULL,3,NULL,NULL,NULL,NULL,2,NULL,NULL,0,NULL,0,NULL,1,NULL,0),(184,81,NULL,8,'Subject for Membership Renewal','2008-12-19 02:46:38',NULL,2,NULL,NULL,NULL,NULL,2,NULL,NULL,0,NULL,0,NULL,1,NULL,0),(185,81,NULL,8,'Subject for Membership Renewal','2009-01-20 07:29:12',NULL,3,NULL,NULL,NULL,NULL,2,NULL,NULL,0,NULL,0,NULL,1,NULL,0),(186,81,NULL,9,'Subject for Tell a Friend','2008-11-22 10:32:54',NULL,2,NULL,NULL,NULL,NULL,2,NULL,NULL,0,NULL,0,NULL,1,NULL,0),(187,81,NULL,7,'Subject for Membership Signup','2009-05-23 11:50:47',NULL,5,NULL,NULL,NULL,NULL,2,NULL,NULL,0,NULL,0,NULL,1,NULL,0),(188,81,NULL,7,'Subject for Membership Signup','2009-02-23 03:40:54',NULL,2,NULL,NULL,NULL,NULL,2,NULL,NULL,0,NULL,0,NULL,1,NULL,0),(189,81,NULL,8,'Subject for Membership Renewal','2009-04-29 05:20:44',NULL,2,NULL,NULL,NULL,NULL,2,NULL,NULL,0,NULL,0,NULL,1,NULL,0),(190,81,NULL,8,'Subject for Membership Renewal','2009-03-11 11:46:20',NULL,1,NULL,NULL,NULL,NULL,2,NULL,NULL,0,NULL,0,NULL,1,NULL,0),(191,81,NULL,7,'Subject for Membership Signup','2008-09-16 09:13:39',NULL,2,NULL,NULL,NULL,NULL,2,NULL,NULL,0,NULL,0,NULL,1,NULL,0),(192,81,NULL,10,'Subject for Pledge Acknowledgment','2008-07-20 11:49:17',NULL,5,NULL,NULL,NULL,NULL,2,NULL,NULL,0,NULL,0,NULL,1,NULL,0),(193,81,NULL,10,'Subject for Pledge Acknowledgment','2008-08-22 10:15:58',NULL,5,NULL,NULL,NULL,NULL,2,NULL,NULL,0,NULL,0,NULL,1,NULL,0),(194,81,NULL,10,'Subject for Pledge Acknowledgment','2009-03-06 03:32:31',NULL,5,NULL,NULL,NULL,NULL,2,NULL,NULL,0,NULL,0,NULL,1,NULL,0),(195,81,NULL,9,'Subject for Tell a Friend','2009-03-25 02:46:03',NULL,2,NULL,NULL,NULL,NULL,2,NULL,NULL,0,NULL,0,NULL,1,NULL,0),(196,81,NULL,8,'Subject for Membership Renewal','2008-10-10 02:46:27',NULL,5,NULL,NULL,NULL,NULL,2,NULL,NULL,0,NULL,0,NULL,1,NULL,0),(197,81,NULL,9,'Subject for Tell a Friend','2009-01-08 04:25:02',NULL,6,NULL,NULL,NULL,NULL,2,NULL,NULL,0,NULL,0,NULL,1,NULL,0),(198,81,NULL,7,'Subject for Membership Signup','2008-09-13 04:48:33',NULL,5,NULL,NULL,NULL,NULL,2,NULL,NULL,0,NULL,0,NULL,1,NULL,0),(199,81,NULL,8,'Subject for Membership Renewal','2009-02-13 10:42:46',NULL,3,NULL,NULL,NULL,NULL,2,NULL,NULL,0,NULL,0,NULL,1,NULL,0),(200,81,NULL,10,'Subject for Pledge Acknowledgment','2008-06-19 09:03:24',NULL,6,NULL,NULL,NULL,NULL,2,NULL,NULL,0,NULL,0,NULL,1,NULL,0),(201,81,NULL,10,'Subject for Pledge Acknowledgment','2008-10-28 12:38:53',NULL,6,NULL,NULL,NULL,NULL,2,NULL,NULL,0,NULL,0,NULL,1,NULL,0),(202,81,NULL,7,'Subject for Membership Signup','2009-04-23 04:37:08',NULL,3,NULL,NULL,NULL,NULL,2,NULL,NULL,0,NULL,0,NULL,1,NULL,0),(203,81,NULL,8,'Subject for Membership Renewal','2008-08-16 02:20:44',NULL,1,NULL,NULL,NULL,NULL,2,NULL,NULL,0,NULL,0,NULL,1,NULL,0),(204,81,NULL,7,'Subject for Membership Signup','2009-01-27 10:52:58',NULL,4,NULL,NULL,NULL,NULL,2,NULL,NULL,0,NULL,0,NULL,1,NULL,0),(205,81,NULL,7,'Subject for Membership Signup','2009-05-18 08:28:21',NULL,1,NULL,NULL,NULL,NULL,2,NULL,NULL,0,NULL,0,NULL,1,NULL,0),(206,81,NULL,7,'Subject for Membership Signup','2008-12-29 09:41:33',NULL,6,NULL,NULL,NULL,NULL,2,NULL,NULL,0,NULL,0,NULL,1,NULL,0),(207,81,NULL,9,'Subject for Tell a Friend','2008-10-19 10:11:55',NULL,2,NULL,NULL,NULL,NULL,2,NULL,NULL,0,NULL,0,NULL,1,NULL,0),(208,81,NULL,10,'Subject for Pledge Acknowledgment','2009-03-11 07:45:06',NULL,2,NULL,NULL,NULL,NULL,2,NULL,NULL,0,NULL,0,NULL,1,NULL,0),(209,81,NULL,7,'Subject for Membership Signup','2009-05-01 05:54:02',NULL,3,NULL,NULL,NULL,NULL,2,NULL,NULL,0,NULL,0,NULL,1,NULL,0),(210,81,NULL,9,'Subject for Tell a Friend','2009-01-14 02:27:15',NULL,6,NULL,NULL,NULL,NULL,2,NULL,NULL,0,NULL,0,NULL,1,NULL,0),(211,81,NULL,7,'Subject for Membership Signup','2008-06-06 06:15:30',NULL,5,NULL,NULL,NULL,NULL,2,NULL,NULL,0,NULL,0,NULL,1,NULL,0),(212,81,NULL,9,'Subject for Tell a Friend','2008-10-23 10:45:07',NULL,2,NULL,NULL,NULL,NULL,2,NULL,NULL,0,NULL,0,NULL,1,NULL,0),(213,81,NULL,8,'Subject for Membership Renewal','2008-09-25 11:46:26',NULL,3,NULL,NULL,NULL,NULL,2,NULL,NULL,0,NULL,0,NULL,1,NULL,0),(214,81,NULL,7,'Subject for Membership Signup','2008-11-29 10:22:31',NULL,6,NULL,NULL,NULL,NULL,2,NULL,NULL,0,NULL,0,NULL,1,NULL,0),(215,81,NULL,7,'Subject for Membership Signup','2008-07-29 01:51:00',NULL,3,NULL,NULL,NULL,NULL,2,NULL,NULL,0,NULL,0,NULL,1,NULL,0),(216,81,NULL,9,'Subject for Tell a Friend','2008-12-07 11:33:32',NULL,3,NULL,NULL,NULL,NULL,2,NULL,NULL,0,NULL,0,NULL,1,NULL,0),(217,81,NULL,10,'Subject for Pledge Acknowledgment','2009-05-02 01:10:38',NULL,2,NULL,NULL,NULL,NULL,2,NULL,NULL,0,NULL,0,NULL,1,NULL,0),(218,81,NULL,9,'Subject for Tell a Friend','2009-02-10 03:57:07',NULL,1,NULL,NULL,NULL,NULL,2,NULL,NULL,0,NULL,0,NULL,1,NULL,0),(219,81,NULL,8,'Subject for Membership Renewal','2008-12-15 11:56:33',NULL,1,NULL,NULL,NULL,NULL,2,NULL,NULL,0,NULL,0,NULL,1,NULL,0),(220,81,NULL,10,'Subject for Pledge Acknowledgment','2008-08-20 07:21:14',NULL,2,NULL,NULL,NULL,NULL,2,NULL,NULL,0,NULL,0,NULL,1,NULL,0),(221,81,NULL,10,'Subject for Pledge Acknowledgment','2009-03-04 07:08:29',NULL,1,NULL,NULL,NULL,NULL,2,NULL,NULL,0,NULL,0,NULL,1,NULL,0),(222,81,NULL,10,'Subject for Pledge Acknowledgment','2008-10-04 02:24:36',NULL,4,NULL,NULL,NULL,NULL,2,NULL,NULL,0,NULL,0,NULL,1,NULL,0),(223,81,NULL,7,'Subject for Membership Signup','2008-11-11 08:52:44',NULL,1,NULL,NULL,NULL,NULL,2,NULL,NULL,0,NULL,0,NULL,1,NULL,0),(224,81,NULL,9,'Subject for Tell a Friend','2008-11-15 06:18:44',NULL,3,NULL,NULL,NULL,NULL,2,NULL,NULL,0,NULL,0,NULL,1,NULL,0),(225,81,NULL,7,'Subject for Membership Signup','2008-11-23 10:00:54',NULL,3,NULL,NULL,NULL,NULL,2,NULL,NULL,0,NULL,0,NULL,1,NULL,0),(226,81,NULL,9,'Subject for Tell a Friend','2009-04-27 09:06:58',NULL,2,NULL,NULL,NULL,NULL,2,NULL,NULL,0,NULL,0,NULL,1,NULL,0),(227,81,NULL,7,'Subject for Membership Signup','2009-04-27 10:42:10',NULL,5,NULL,NULL,NULL,NULL,2,NULL,NULL,0,NULL,0,NULL,1,NULL,0),(228,81,NULL,7,'Subject for Membership Signup','2008-12-05 07:31:22',NULL,3,NULL,NULL,NULL,NULL,2,NULL,NULL,0,NULL,0,NULL,1,NULL,0),(229,81,NULL,9,'Subject for Tell a Friend','2009-01-17 03:38:15',NULL,1,NULL,NULL,NULL,NULL,2,NULL,NULL,0,NULL,0,NULL,1,NULL,0),(230,81,NULL,7,'Subject for Membership Signup','2008-12-26 06:33:15',NULL,4,NULL,NULL,NULL,NULL,2,NULL,NULL,0,NULL,0,NULL,1,NULL,0),(231,81,NULL,10,'Subject for Pledge Acknowledgment','2008-07-25 05:18:03',NULL,6,NULL,NULL,NULL,NULL,2,NULL,NULL,0,NULL,0,NULL,1,NULL,0),(232,81,NULL,9,'Subject for Tell a Friend','2009-03-07 01:04:25',NULL,2,NULL,NULL,NULL,NULL,2,NULL,NULL,0,NULL,0,NULL,1,NULL,0),(233,81,NULL,8,'Subject for Membership Renewal','2009-03-18 01:33:21',NULL,2,NULL,NULL,NULL,NULL,2,NULL,NULL,0,NULL,0,NULL,1,NULL,0),(234,81,NULL,9,'Subject for Tell a Friend','2008-07-09 08:53:05',NULL,6,NULL,NULL,NULL,NULL,2,NULL,NULL,0,NULL,0,NULL,1,NULL,0),(235,81,NULL,10,'Subject for Pledge Acknowledgment','2009-04-08 09:02:09',NULL,4,NULL,NULL,NULL,NULL,2,NULL,NULL,0,NULL,0,NULL,1,NULL,0),(236,81,NULL,8,'Subject for Membership Renewal','2009-05-28 08:04:41',NULL,1,NULL,NULL,NULL,NULL,2,NULL,NULL,0,NULL,0,NULL,1,NULL,0),(237,81,NULL,7,'Subject for Membership Signup','2008-10-11 12:36:41',NULL,2,NULL,NULL,NULL,NULL,2,NULL,NULL,0,NULL,0,NULL,1,NULL,0),(238,81,NULL,7,'Subject for Membership Signup','2008-08-03 11:08:30',NULL,3,NULL,NULL,NULL,NULL,2,NULL,NULL,0,NULL,0,NULL,1,NULL,0),(239,81,NULL,10,'Subject for Pledge Acknowledgment','2008-10-30 02:30:31',NULL,2,NULL,NULL,NULL,NULL,2,NULL,NULL,0,NULL,0,NULL,1,NULL,0),(240,81,NULL,9,'Subject for Tell a Friend','2008-06-01 07:32:40',NULL,1,NULL,NULL,NULL,NULL,2,NULL,NULL,0,NULL,0,NULL,1,NULL,0),(241,81,NULL,8,'Subject for Membership Renewal','2008-11-20 08:42:34',NULL,4,NULL,NULL,NULL,NULL,2,NULL,NULL,0,NULL,0,NULL,1,NULL,0),(242,81,NULL,7,'Subject for Membership Signup','2009-01-08 04:24:19',NULL,6,NULL,NULL,NULL,NULL,2,NULL,NULL,0,NULL,0,NULL,1,NULL,0),(243,81,NULL,7,'Subject for Membership Signup','2008-11-11 08:47:19',NULL,5,NULL,NULL,NULL,NULL,2,NULL,NULL,0,NULL,0,NULL,1,NULL,0),(244,81,NULL,8,'Subject for Membership Renewal','2008-11-13 10:24:35',NULL,5,NULL,NULL,NULL,NULL,2,NULL,NULL,0,NULL,0,NULL,1,NULL,0),(245,81,NULL,7,'Subject for Membership Signup','2008-09-25 01:15:07',NULL,6,NULL,NULL,NULL,NULL,2,NULL,NULL,0,NULL,0,NULL,1,NULL,0),(246,81,NULL,7,'Subject for Membership Signup','2009-03-30 11:37:15',NULL,4,NULL,NULL,NULL,NULL,2,NULL,NULL,0,NULL,0,NULL,1,NULL,0),(247,81,NULL,7,'Subject for Membership Signup','2008-08-26 07:21:42',NULL,3,NULL,NULL,NULL,NULL,2,NULL,NULL,0,NULL,0,NULL,1,NULL,0),(248,81,NULL,10,'Subject for Pledge Acknowledgment','2008-08-29 07:26:24',NULL,3,NULL,NULL,NULL,NULL,2,NULL,NULL,0,NULL,0,NULL,1,NULL,0),(249,81,NULL,8,'Subject for Membership Renewal','2008-10-09 12:07:57',NULL,1,NULL,NULL,NULL,NULL,2,NULL,NULL,0,NULL,0,NULL,1,NULL,0),(250,81,NULL,9,'Subject for Tell a Friend','2008-07-24 08:50:39',NULL,4,NULL,NULL,NULL,NULL,2,NULL,NULL,0,NULL,0,NULL,1,NULL,0),(251,81,NULL,8,'Subject for Membership Renewal','2009-01-27 12:31:14',NULL,2,NULL,NULL,NULL,NULL,2,NULL,NULL,0,NULL,0,NULL,1,NULL,0),(252,81,NULL,9,'Subject for Tell a Friend','2008-10-04 04:34:45',NULL,6,NULL,NULL,NULL,NULL,2,NULL,NULL,0,NULL,0,NULL,1,NULL,0),(253,81,NULL,8,'Subject for Membership Renewal','2008-12-06 07:31:12',NULL,1,NULL,NULL,NULL,NULL,2,NULL,NULL,0,NULL,0,NULL,1,NULL,0),(254,81,NULL,8,'Subject for Membership Renewal','2008-11-09 06:19:07',NULL,5,NULL,NULL,NULL,NULL,2,NULL,NULL,0,NULL,0,NULL,1,NULL,0),(255,81,NULL,8,'Subject for Membership Renewal','2008-08-16 03:51:52',NULL,1,NULL,NULL,NULL,NULL,2,NULL,NULL,0,NULL,0,NULL,1,NULL,0),(256,81,NULL,10,'Subject for Pledge Acknowledgment','2009-04-12 03:48:50',NULL,4,NULL,NULL,NULL,NULL,2,NULL,NULL,0,NULL,0,NULL,1,NULL,0),(257,81,NULL,10,'Subject for Pledge Acknowledgment','2009-04-13 01:36:41',NULL,1,NULL,NULL,NULL,NULL,2,NULL,NULL,0,NULL,0,NULL,1,NULL,0),(258,81,NULL,8,'Subject for Membership Renewal','2009-01-31 07:56:50',NULL,5,NULL,NULL,NULL,NULL,2,NULL,NULL,0,NULL,0,NULL,1,NULL,0),(259,81,NULL,7,'Subject for Membership Signup','2009-05-12 10:17:43',NULL,5,NULL,NULL,NULL,NULL,2,NULL,NULL,0,NULL,0,NULL,1,NULL,0),(260,81,NULL,10,'Subject for Pledge Acknowledgment','2009-04-24 05:29:14',NULL,4,NULL,NULL,NULL,NULL,2,NULL,NULL,0,NULL,0,NULL,1,NULL,0),(261,81,NULL,9,'Subject for Tell a Friend','2008-10-07 11:12:24',NULL,3,NULL,NULL,NULL,NULL,2,NULL,NULL,0,NULL,0,NULL,1,NULL,0),(262,81,NULL,8,'Subject for Membership Renewal','2008-12-15 11:53:18',NULL,5,NULL,NULL,NULL,NULL,2,NULL,NULL,0,NULL,0,NULL,1,NULL,0),(263,81,NULL,8,'Subject for Membership Renewal','2009-03-16 08:05:16',NULL,5,NULL,NULL,NULL,NULL,2,NULL,NULL,0,NULL,0,NULL,1,NULL,0),(264,81,NULL,10,'Subject for Pledge Acknowledgment','2008-07-24 03:45:20',NULL,6,NULL,NULL,NULL,NULL,2,NULL,NULL,0,NULL,0,NULL,1,NULL,0),(265,81,NULL,10,'Subject for Pledge Acknowledgment','2009-05-18 12:21:28',NULL,5,NULL,NULL,NULL,NULL,2,NULL,NULL,0,NULL,0,NULL,1,NULL,0),(266,81,NULL,8,'Subject for Membership Renewal','2009-05-01 01:56:23',NULL,2,NULL,NULL,NULL,NULL,2,NULL,NULL,0,NULL,0,NULL,1,NULL,0),(267,81,NULL,7,'Subject for Membership Signup','2009-02-02 10:00:28',NULL,5,NULL,NULL,NULL,NULL,2,NULL,NULL,0,NULL,0,NULL,1,NULL,0),(268,81,NULL,8,'Subject for Membership Renewal','2009-03-08 10:34:16',NULL,2,NULL,NULL,NULL,NULL,2,NULL,NULL,0,NULL,0,NULL,1,NULL,0),(269,81,NULL,9,'Subject for Tell a Friend','2009-01-24 02:46:41',NULL,1,NULL,NULL,NULL,NULL,2,NULL,NULL,0,NULL,0,NULL,1,NULL,0),(270,81,NULL,10,'Subject for Pledge Acknowledgment','2009-03-07 03:11:00',NULL,2,NULL,NULL,NULL,NULL,2,NULL,NULL,0,NULL,0,NULL,1,NULL,0),(271,81,NULL,10,'Subject for Pledge Acknowledgment','2009-05-06 06:20:01',NULL,6,NULL,NULL,NULL,NULL,2,NULL,NULL,0,NULL,0,NULL,1,NULL,0),(272,81,NULL,10,'Subject for Pledge Acknowledgment','2009-04-12 10:32:57',NULL,3,NULL,NULL,NULL,NULL,2,NULL,NULL,0,NULL,0,NULL,1,NULL,0),(273,81,NULL,9,'Subject for Tell a Friend','2008-08-28 12:26:08',NULL,1,NULL,NULL,NULL,NULL,2,NULL,NULL,0,NULL,0,NULL,1,NULL,0),(274,81,NULL,7,'Subject for Membership Signup','2008-08-02 12:46:36',NULL,1,NULL,NULL,NULL,NULL,2,NULL,NULL,0,NULL,0,NULL,1,NULL,0),(275,81,NULL,9,'Subject for Tell a Friend','2009-04-04 04:10:49',NULL,6,NULL,NULL,NULL,NULL,2,NULL,NULL,0,NULL,0,NULL,1,NULL,0),(276,81,NULL,9,'Subject for Tell a Friend','2008-12-19 11:30:21',NULL,4,NULL,NULL,NULL,NULL,2,NULL,NULL,0,NULL,0,NULL,1,NULL,0),(277,81,NULL,7,'Subject for Membership Signup','2009-03-30 11:47:19',NULL,5,NULL,NULL,NULL,NULL,2,NULL,NULL,0,NULL,0,NULL,1,NULL,0),(278,81,NULL,9,'Subject for Tell a Friend','2008-11-14 11:04:07',NULL,2,NULL,NULL,NULL,NULL,2,NULL,NULL,0,NULL,0,NULL,1,NULL,0),(279,81,NULL,8,'Subject for Membership Renewal','2009-01-28 01:43:26',NULL,2,NULL,NULL,NULL,NULL,2,NULL,NULL,0,NULL,0,NULL,1,NULL,0),(280,81,NULL,9,'Subject for Tell a Friend','2008-08-11 01:06:04',NULL,4,NULL,NULL,NULL,NULL,2,NULL,NULL,0,NULL,0,NULL,1,NULL,0),(281,81,NULL,10,'Subject for Pledge Acknowledgment','2009-05-09 06:11:19',NULL,2,NULL,NULL,NULL,NULL,2,NULL,NULL,0,NULL,0,NULL,1,NULL,0),(282,81,NULL,8,'Subject for Membership Renewal','2008-09-16 01:38:40',NULL,1,NULL,NULL,NULL,NULL,2,NULL,NULL,0,NULL,0,NULL,1,NULL,0),(283,81,NULL,7,'Subject for Membership Signup','2008-10-24 08:18:42',NULL,4,NULL,NULL,NULL,NULL,2,NULL,NULL,0,NULL,0,NULL,1,NULL,0),(284,81,NULL,10,'Subject for Pledge Acknowledgment','2008-12-06 10:35:30',NULL,6,NULL,NULL,NULL,NULL,2,NULL,NULL,0,NULL,0,NULL,1,NULL,0),(285,81,NULL,10,'Subject for Pledge Acknowledgment','2009-01-07 03:28:07',NULL,5,NULL,NULL,NULL,NULL,2,NULL,NULL,0,NULL,0,NULL,1,NULL,0),(286,81,NULL,7,'Subject for Membership Signup','2008-08-26 07:27:08',NULL,1,NULL,NULL,NULL,NULL,2,NULL,NULL,0,NULL,0,NULL,1,NULL,0),(287,81,NULL,10,'Subject for Pledge Acknowledgment','2008-09-12 04:24:22',NULL,2,NULL,NULL,NULL,NULL,2,NULL,NULL,0,NULL,0,NULL,1,NULL,0),(288,81,NULL,10,'Subject for Pledge Acknowledgment','2008-08-16 12:19:51',NULL,6,NULL,NULL,NULL,NULL,2,NULL,NULL,0,NULL,0,NULL,1,NULL,0),(289,81,NULL,9,'Subject for Tell a Friend','2008-12-14 11:48:57',NULL,3,NULL,NULL,NULL,NULL,2,NULL,NULL,0,NULL,0,NULL,1,NULL,0),(290,81,NULL,7,'Subject for Membership Signup','2009-02-23 08:41:57',NULL,1,NULL,NULL,NULL,NULL,2,NULL,NULL,0,NULL,0,NULL,1,NULL,0),(291,81,NULL,10,'Subject for Pledge Acknowledgment','2008-07-23 12:26:50',NULL,1,NULL,NULL,NULL,NULL,2,NULL,NULL,0,NULL,0,NULL,1,NULL,0),(292,81,NULL,8,'Subject for Membership Renewal','2008-08-19 04:17:41',NULL,1,NULL,NULL,NULL,NULL,2,NULL,NULL,0,NULL,0,NULL,1,NULL,0),(293,81,NULL,7,'Subject for Membership Signup','2008-07-01 10:54:16',NULL,4,NULL,NULL,NULL,NULL,2,NULL,NULL,0,NULL,0,NULL,1,NULL,0),(294,81,NULL,10,'Subject for Pledge Acknowledgment','2009-01-10 01:37:42',NULL,6,NULL,NULL,NULL,NULL,2,NULL,NULL,0,NULL,0,NULL,1,NULL,0),(295,81,NULL,9,'Subject for Tell a Friend','2008-09-22 06:44:42',NULL,3,NULL,NULL,NULL,NULL,2,NULL,NULL,0,NULL,0,NULL,1,NULL,0),(296,81,NULL,7,'Subject for Membership Signup','2008-12-20 07:13:45',NULL,3,NULL,NULL,NULL,NULL,2,NULL,NULL,0,NULL,0,NULL,1,NULL,0),(297,81,NULL,7,'Subject for Membership Signup','2009-02-08 08:11:16',NULL,2,NULL,NULL,NULL,NULL,2,NULL,NULL,0,NULL,0,NULL,1,NULL,0),(298,81,NULL,9,'Subject for Tell a Friend','2009-04-29 09:17:01',NULL,5,NULL,NULL,NULL,NULL,2,NULL,NULL,0,NULL,0,NULL,1,NULL,0),(299,81,NULL,9,'Subject for Tell a Friend','2008-12-12 03:11:20',NULL,6,NULL,NULL,NULL,NULL,2,NULL,NULL,0,NULL,0,NULL,1,NULL,0),(300,81,NULL,7,'Subject for Membership Signup','2008-11-26 12:39:41',NULL,4,NULL,NULL,NULL,NULL,2,NULL,NULL,0,NULL,0,NULL,1,NULL,0),(301,440,NULL,7,'Subject for Membership Signup','2008-10-06 10:25:09',NULL,2,NULL,NULL,NULL,NULL,2,NULL,NULL,0,NULL,0,NULL,1,NULL,0),(302,440,NULL,9,'Subject for Tell a Friend','2008-08-15 04:42:43',NULL,4,NULL,NULL,NULL,NULL,2,NULL,NULL,0,NULL,0,NULL,1,NULL,0),(303,440,NULL,7,'Subject for Membership Signup','2008-06-01 11:14:26',NULL,1,NULL,NULL,NULL,NULL,2,NULL,NULL,0,NULL,0,NULL,1,NULL,0),(304,440,NULL,8,'Subject for Membership Renewal','2009-03-15 06:09:50',NULL,6,NULL,NULL,NULL,NULL,2,NULL,NULL,0,NULL,0,NULL,1,NULL,0),(305,440,NULL,7,'Subject for Membership Signup','2008-06-02 07:52:34',NULL,5,NULL,NULL,NULL,NULL,2,NULL,NULL,0,NULL,0,NULL,1,NULL,0),(306,440,NULL,8,'Subject for Membership Renewal','2009-01-26 02:40:50',NULL,3,NULL,NULL,NULL,NULL,2,NULL,NULL,0,NULL,0,NULL,1,NULL,0),(307,440,NULL,8,'Subject for Membership Renewal','2008-08-07 12:17:13',NULL,4,NULL,NULL,NULL,NULL,2,NULL,NULL,0,NULL,0,NULL,1,NULL,0),(308,440,NULL,10,'Subject for Pledge Acknowledgment','2009-05-22 06:56:50',NULL,2,NULL,NULL,NULL,NULL,2,NULL,NULL,0,NULL,0,NULL,1,NULL,0),(309,440,NULL,8,'Subject for Membership Renewal','2009-03-03 07:09:32',NULL,3,NULL,NULL,NULL,NULL,2,NULL,NULL,0,NULL,0,NULL,1,NULL,0),(310,440,NULL,8,'Subject for Membership Renewal','2009-03-14 12:05:08',NULL,3,NULL,NULL,NULL,NULL,2,NULL,NULL,0,NULL,0,NULL,1,NULL,0),(311,440,NULL,8,'Subject for Membership Renewal','2008-12-05 01:15:56',NULL,2,NULL,NULL,NULL,NULL,2,NULL,NULL,0,NULL,0,NULL,1,NULL,0),(312,440,NULL,8,'Subject for Membership Renewal','2009-02-16 09:33:15',NULL,6,NULL,NULL,NULL,NULL,2,NULL,NULL,0,NULL,0,NULL,1,NULL,0),(313,440,NULL,7,'Subject for Membership Signup','2009-02-02 12:04:52',NULL,6,NULL,NULL,NULL,NULL,2,NULL,NULL,0,NULL,0,NULL,1,NULL,0),(314,440,NULL,8,'Subject for Membership Renewal','2009-05-06 09:51:25',NULL,2,NULL,NULL,NULL,NULL,2,NULL,NULL,0,NULL,0,NULL,1,NULL,0),(315,440,NULL,7,'Subject for Membership Signup','2009-02-15 01:07:12',NULL,4,NULL,NULL,NULL,NULL,2,NULL,NULL,0,NULL,0,NULL,1,NULL,0),(316,440,NULL,7,'Subject for Membership Signup','2008-06-06 02:13:09',NULL,4,NULL,NULL,NULL,NULL,2,NULL,NULL,0,NULL,0,NULL,1,NULL,0),(317,440,NULL,10,'Subject for Pledge Acknowledgment','2009-01-24 01:28:21',NULL,3,NULL,NULL,NULL,NULL,2,NULL,NULL,0,NULL,0,NULL,1,NULL,0),(318,440,NULL,7,'Subject for Membership Signup','2009-04-01 02:40:42',NULL,5,NULL,NULL,NULL,NULL,2,NULL,NULL,0,NULL,0,NULL,1,NULL,0),(319,440,NULL,9,'Subject for Tell a Friend','2008-12-24 10:31:26',NULL,5,NULL,NULL,NULL,NULL,2,NULL,NULL,0,NULL,0,NULL,1,NULL,0),(320,440,NULL,10,'Subject for Pledge Acknowledgment','2008-12-24 03:48:47',NULL,6,NULL,NULL,NULL,NULL,2,NULL,NULL,0,NULL,0,NULL,1,NULL,0),(321,440,NULL,9,'Subject for Tell a Friend','2008-10-22 07:32:48',NULL,2,NULL,NULL,NULL,NULL,2,NULL,NULL,0,NULL,0,NULL,1,NULL,0),(322,440,NULL,10,'Subject for Pledge Acknowledgment','2009-04-16 01:06:56',NULL,6,NULL,NULL,NULL,NULL,2,NULL,NULL,0,NULL,0,NULL,1,NULL,0),(323,440,NULL,10,'Subject for Pledge Acknowledgment','2009-05-02 03:07:23',NULL,3,NULL,NULL,NULL,NULL,2,NULL,NULL,0,NULL,0,NULL,1,NULL,0),(324,440,NULL,9,'Subject for Tell a Friend','2009-05-17 09:00:33',NULL,1,NULL,NULL,NULL,NULL,2,NULL,NULL,0,NULL,0,NULL,1,NULL,0),(325,440,NULL,7,'Subject for Membership Signup','2009-04-07 06:59:07',NULL,2,NULL,NULL,NULL,NULL,2,NULL,NULL,0,NULL,0,NULL,1,NULL,0),(326,440,NULL,9,'Subject for Tell a Friend','2009-03-13 05:12:08',NULL,6,NULL,NULL,NULL,NULL,2,NULL,NULL,0,NULL,0,NULL,1,NULL,0),(327,440,NULL,10,'Subject for Pledge Acknowledgment','2008-12-24 09:44:23',NULL,2,NULL,NULL,NULL,NULL,2,NULL,NULL,0,NULL,0,NULL,1,NULL,0),(328,440,NULL,7,'Subject for Membership Signup','2009-04-22 08:56:13',NULL,1,NULL,NULL,NULL,NULL,2,NULL,NULL,0,NULL,0,NULL,1,NULL,0),(329,440,NULL,9,'Subject for Tell a Friend','2009-05-15 12:32:15',NULL,5,NULL,NULL,NULL,NULL,2,NULL,NULL,0,NULL,0,NULL,1,NULL,0),(330,440,NULL,10,'Subject for Pledge Acknowledgment','2009-02-16 12:34:40',NULL,4,NULL,NULL,NULL,NULL,2,NULL,NULL,0,NULL,0,NULL,1,NULL,0),(331,440,NULL,8,'Subject for Membership Renewal','2008-11-21 09:35:59',NULL,1,NULL,NULL,NULL,NULL,2,NULL,NULL,0,NULL,0,NULL,1,NULL,0),(332,440,NULL,9,'Subject for Tell a Friend','2009-03-01 01:47:51',NULL,5,NULL,NULL,NULL,NULL,2,NULL,NULL,0,NULL,0,NULL,1,NULL,0),(333,440,NULL,8,'Subject for Membership Renewal','2008-12-11 11:40:22',NULL,1,NULL,NULL,NULL,NULL,2,NULL,NULL,0,NULL,0,NULL,1,NULL,0),(334,440,NULL,10,'Subject for Pledge Acknowledgment','2008-07-14 12:27:55',NULL,1,NULL,NULL,NULL,NULL,2,NULL,NULL,0,NULL,0,NULL,1,NULL,0),(335,440,NULL,10,'Subject for Pledge Acknowledgment','2009-04-15 08:33:48',NULL,5,NULL,NULL,NULL,NULL,2,NULL,NULL,0,NULL,0,NULL,1,NULL,0),(336,440,NULL,8,'Subject for Membership Renewal','2009-04-16 12:30:56',NULL,2,NULL,NULL,NULL,NULL,2,NULL,NULL,0,NULL,0,NULL,1,NULL,0),(337,440,NULL,10,'Subject for Pledge Acknowledgment','2008-06-29 03:41:42',NULL,5,NULL,NULL,NULL,NULL,2,NULL,NULL,0,NULL,0,NULL,1,NULL,0),(338,440,NULL,9,'Subject for Tell a Friend','2008-07-20 10:39:27',NULL,1,NULL,NULL,NULL,NULL,2,NULL,NULL,0,NULL,0,NULL,1,NULL,0),(339,440,NULL,7,'Subject for Membership Signup','2008-09-15 03:44:38',NULL,6,NULL,NULL,NULL,NULL,2,NULL,NULL,0,NULL,0,NULL,1,NULL,0),(340,440,NULL,8,'Subject for Membership Renewal','2008-07-01 01:35:14',NULL,2,NULL,NULL,NULL,NULL,2,NULL,NULL,0,NULL,0,NULL,1,NULL,0),(341,440,NULL,10,'Subject for Pledge Acknowledgment','2009-04-04 10:47:43',NULL,6,NULL,NULL,NULL,NULL,2,NULL,NULL,0,NULL,0,NULL,1,NULL,0),(342,440,NULL,9,'Subject for Tell a Friend','2009-05-28 01:33:22',NULL,4,NULL,NULL,NULL,NULL,2,NULL,NULL,0,NULL,0,NULL,1,NULL,0),(343,440,NULL,7,'Subject for Membership Signup','2009-03-20 03:58:28',NULL,1,NULL,NULL,NULL,NULL,2,NULL,NULL,0,NULL,0,NULL,1,NULL,0),(344,440,NULL,7,'Subject for Membership Signup','2008-08-05 04:40:20',NULL,2,NULL,NULL,NULL,NULL,2,NULL,NULL,0,NULL,0,NULL,1,NULL,0),(345,440,NULL,9,'Subject for Tell a Friend','2008-11-07 05:29:12',NULL,1,NULL,NULL,NULL,NULL,2,NULL,NULL,0,NULL,0,NULL,1,NULL,0),(346,440,NULL,9,'Subject for Tell a Friend','2009-03-30 08:28:44',NULL,5,NULL,NULL,NULL,NULL,2,NULL,NULL,0,NULL,0,NULL,1,NULL,0),(347,440,NULL,7,'Subject for Membership Signup','2009-05-05 07:41:49',NULL,3,NULL,NULL,NULL,NULL,2,NULL,NULL,0,NULL,0,NULL,1,NULL,0),(348,440,NULL,7,'Subject for Membership Signup','2008-12-22 03:15:35',NULL,1,NULL,NULL,NULL,NULL,2,NULL,NULL,0,NULL,0,NULL,1,NULL,0),(349,440,NULL,10,'Subject for Pledge Acknowledgment','2009-02-27 02:53:34',NULL,4,NULL,NULL,NULL,NULL,2,NULL,NULL,0,NULL,0,NULL,1,NULL,0),(350,440,NULL,10,'Subject for Pledge Acknowledgment','2008-08-14 04:12:38',NULL,1,NULL,NULL,NULL,NULL,2,NULL,NULL,0,NULL,0,NULL,1,NULL,0),(351,440,NULL,7,'Subject for Membership Signup','2009-02-22 02:57:37',NULL,1,NULL,NULL,NULL,NULL,2,NULL,NULL,0,NULL,0,NULL,1,NULL,0),(352,440,NULL,9,'Subject for Tell a Friend','2009-03-07 03:48:24',NULL,1,NULL,NULL,NULL,NULL,2,NULL,NULL,0,NULL,0,NULL,1,NULL,0),(353,440,NULL,10,'Subject for Pledge Acknowledgment','2009-04-24 10:43:30',NULL,3,NULL,NULL,NULL,NULL,2,NULL,NULL,0,NULL,0,NULL,1,NULL,0),(354,440,NULL,8,'Subject for Membership Renewal','2008-10-06 04:28:23',NULL,6,NULL,NULL,NULL,NULL,2,NULL,NULL,0,NULL,0,NULL,1,NULL,0),(355,440,NULL,9,'Subject for Tell a Friend','2009-01-22 03:52:44',NULL,6,NULL,NULL,NULL,NULL,2,NULL,NULL,0,NULL,0,NULL,1,NULL,0),(356,440,NULL,10,'Subject for Pledge Acknowledgment','2008-09-20 01:27:27',NULL,6,NULL,NULL,NULL,NULL,2,NULL,NULL,0,NULL,0,NULL,1,NULL,0),(357,440,NULL,8,'Subject for Membership Renewal','2008-10-03 07:13:19',NULL,6,NULL,NULL,NULL,NULL,2,NULL,NULL,0,NULL,0,NULL,1,NULL,0),(358,440,NULL,9,'Subject for Tell a Friend','2009-02-19 12:40:30',NULL,2,NULL,NULL,NULL,NULL,2,NULL,NULL,0,NULL,0,NULL,1,NULL,0),(359,440,NULL,9,'Subject for Tell a Friend','2008-07-10 08:00:28',NULL,3,NULL,NULL,NULL,NULL,2,NULL,NULL,0,NULL,0,NULL,1,NULL,0),(360,440,NULL,7,'Subject for Membership Signup','2009-04-24 02:42:57',NULL,1,NULL,NULL,NULL,NULL,2,NULL,NULL,0,NULL,0,NULL,1,NULL,0),(361,440,NULL,7,'Subject for Membership Signup','2009-03-22 04:41:12',NULL,5,NULL,NULL,NULL,NULL,2,NULL,NULL,0,NULL,0,NULL,1,NULL,0),(362,440,NULL,9,'Subject for Tell a Friend','2008-07-21 04:57:19',NULL,1,NULL,NULL,NULL,NULL,2,NULL,NULL,0,NULL,0,NULL,1,NULL,0),(363,440,NULL,9,'Subject for Tell a Friend','2009-02-25 05:18:27',NULL,2,NULL,NULL,NULL,NULL,2,NULL,NULL,0,NULL,0,NULL,1,NULL,0),(364,440,NULL,7,'Subject for Membership Signup','2009-02-24 01:36:28',NULL,4,NULL,NULL,NULL,NULL,2,NULL,NULL,0,NULL,0,NULL,1,NULL,0),(365,440,NULL,9,'Subject for Tell a Friend','2008-08-17 05:18:18',NULL,2,NULL,NULL,NULL,NULL,2,NULL,NULL,0,NULL,0,NULL,1,NULL,0),(366,440,NULL,8,'Subject for Membership Renewal','2008-06-19 10:09:24',NULL,4,NULL,NULL,NULL,NULL,2,NULL,NULL,0,NULL,0,NULL,1,NULL,0),(367,440,NULL,9,'Subject for Tell a Friend','2009-05-23 12:55:50',NULL,4,NULL,NULL,NULL,NULL,2,NULL,NULL,0,NULL,0,NULL,1,NULL,0),(368,440,NULL,10,'Subject for Pledge Acknowledgment','2009-03-25 09:29:53',NULL,1,NULL,NULL,NULL,NULL,2,NULL,NULL,0,NULL,0,NULL,1,NULL,0),(369,440,NULL,8,'Subject for Membership Renewal','2008-08-16 12:16:08',NULL,1,NULL,NULL,NULL,NULL,2,NULL,NULL,0,NULL,0,NULL,1,NULL,0),(370,440,NULL,10,'Subject for Pledge Acknowledgment','2009-03-22 04:38:39',NULL,6,NULL,NULL,NULL,NULL,2,NULL,NULL,0,NULL,0,NULL,1,NULL,0),(371,440,NULL,7,'Subject for Membership Signup','2008-08-28 08:20:08',NULL,5,NULL,NULL,NULL,NULL,2,NULL,NULL,0,NULL,0,NULL,1,NULL,0),(372,440,NULL,8,'Subject for Membership Renewal','2008-08-31 05:30:01',NULL,2,NULL,NULL,NULL,NULL,2,NULL,NULL,0,NULL,0,NULL,1,NULL,0),(373,440,NULL,7,'Subject for Membership Signup','2009-01-01 09:53:11',NULL,2,NULL,NULL,NULL,NULL,2,NULL,NULL,0,NULL,0,NULL,1,NULL,0),(374,440,NULL,7,'Subject for Membership Signup','2008-10-24 12:00:23',NULL,5,NULL,NULL,NULL,NULL,2,NULL,NULL,0,NULL,0,NULL,1,NULL,0),(375,440,NULL,7,'Subject for Membership Signup','2008-11-09 09:48:33',NULL,1,NULL,NULL,NULL,NULL,2,NULL,NULL,0,NULL,0,NULL,1,NULL,0),(376,440,NULL,8,'Subject for Membership Renewal','2008-10-11 03:53:18',NULL,6,NULL,NULL,NULL,NULL,2,NULL,NULL,0,NULL,0,NULL,1,NULL,0),(377,440,NULL,9,'Subject for Tell a Friend','2009-03-06 08:26:09',NULL,6,NULL,NULL,NULL,NULL,2,NULL,NULL,0,NULL,0,NULL,1,NULL,0),(378,440,NULL,8,'Subject for Membership Renewal','2008-09-30 10:33:37',NULL,2,NULL,NULL,NULL,NULL,2,NULL,NULL,0,NULL,0,NULL,1,NULL,0),(379,440,NULL,9,'Subject for Tell a Friend','2008-05-31 10:57:56',NULL,2,NULL,NULL,NULL,NULL,2,NULL,NULL,0,NULL,0,NULL,1,NULL,0),(380,440,NULL,7,'Subject for Membership Signup','2008-10-12 07:49:09',NULL,6,NULL,NULL,NULL,NULL,2,NULL,NULL,0,NULL,0,NULL,1,NULL,0),(381,440,NULL,8,'Subject for Membership Renewal','2009-02-24 08:20:28',NULL,6,NULL,NULL,NULL,NULL,2,NULL,NULL,0,NULL,0,NULL,1,NULL,0),(382,440,NULL,7,'Subject for Membership Signup','2009-01-11 09:06:01',NULL,2,NULL,NULL,NULL,NULL,2,NULL,NULL,0,NULL,0,NULL,1,NULL,0),(383,440,NULL,10,'Subject for Pledge Acknowledgment','2008-12-05 09:47:27',NULL,5,NULL,NULL,NULL,NULL,2,NULL,NULL,0,NULL,0,NULL,1,NULL,0),(384,440,NULL,10,'Subject for Pledge Acknowledgment','2008-09-07 03:06:01',NULL,4,NULL,NULL,NULL,NULL,2,NULL,NULL,0,NULL,0,NULL,1,NULL,0),(385,440,NULL,7,'Subject for Membership Signup','2009-01-18 09:57:19',NULL,1,NULL,NULL,NULL,NULL,2,NULL,NULL,0,NULL,0,NULL,1,NULL,0),(386,440,NULL,7,'Subject for Membership Signup','2009-03-30 11:45:02',NULL,2,NULL,NULL,NULL,NULL,2,NULL,NULL,0,NULL,0,NULL,1,NULL,0),(387,440,NULL,8,'Subject for Membership Renewal','2008-11-16 08:20:58',NULL,4,NULL,NULL,NULL,NULL,2,NULL,NULL,0,NULL,0,NULL,1,NULL,0),(388,440,NULL,8,'Subject for Membership Renewal','2009-05-24 03:07:57',NULL,2,NULL,NULL,NULL,NULL,2,NULL,NULL,0,NULL,0,NULL,1,NULL,0),(389,440,NULL,9,'Subject for Tell a Friend','2008-11-25 09:45:19',NULL,2,NULL,NULL,NULL,NULL,2,NULL,NULL,0,NULL,0,NULL,1,NULL,0),(390,440,NULL,10,'Subject for Pledge Acknowledgment','2008-08-08 08:15:50',NULL,2,NULL,NULL,NULL,NULL,2,NULL,NULL,0,NULL,0,NULL,1,NULL,0),(391,440,NULL,9,'Subject for Tell a Friend','2008-11-02 01:41:59',NULL,6,NULL,NULL,NULL,NULL,2,NULL,NULL,0,NULL,0,NULL,1,NULL,0),(392,440,NULL,9,'Subject for Tell a Friend','2009-02-05 02:13:47',NULL,5,NULL,NULL,NULL,NULL,2,NULL,NULL,0,NULL,0,NULL,1,NULL,0),(393,440,NULL,9,'Subject for Tell a Friend','2008-10-25 09:19:12',NULL,2,NULL,NULL,NULL,NULL,2,NULL,NULL,0,NULL,0,NULL,1,NULL,0),(394,440,NULL,8,'Subject for Membership Renewal','2008-09-17 10:10:34',NULL,5,NULL,NULL,NULL,NULL,2,NULL,NULL,0,NULL,0,NULL,1,NULL,0),(395,440,NULL,7,'Subject for Membership Signup','2009-04-12 11:23:29',NULL,1,NULL,NULL,NULL,NULL,2,NULL,NULL,0,NULL,0,NULL,1,NULL,0),(396,440,NULL,8,'Subject for Membership Renewal','2008-09-22 05:32:07',NULL,4,NULL,NULL,NULL,NULL,2,NULL,NULL,0,NULL,0,NULL,1,NULL,0),(397,440,NULL,7,'Subject for Membership Signup','2009-01-04 01:47:34',NULL,6,NULL,NULL,NULL,NULL,2,NULL,NULL,0,NULL,0,NULL,1,NULL,0),(398,440,NULL,10,'Subject for Pledge Acknowledgment','2009-04-03 03:10:38',NULL,2,NULL,NULL,NULL,NULL,2,NULL,NULL,0,NULL,0,NULL,1,NULL,0),(399,440,NULL,10,'Subject for Pledge Acknowledgment','2008-07-23 10:49:28',NULL,5,NULL,NULL,NULL,NULL,2,NULL,NULL,0,NULL,0,NULL,1,NULL,0),(400,440,NULL,7,'Subject for Membership Signup','2009-03-15 09:18:46',NULL,4,NULL,NULL,NULL,NULL,2,NULL,NULL,0,NULL,0,NULL,1,NULL,0),(401,440,NULL,8,'Subject for Membership Renewal','2009-04-27 09:18:48',NULL,3,NULL,NULL,NULL,NULL,2,NULL,NULL,0,NULL,0,NULL,1,NULL,0),(402,440,NULL,9,'Subject for Tell a Friend','2008-11-03 07:46:09',NULL,6,NULL,NULL,NULL,NULL,2,NULL,NULL,0,NULL,0,NULL,1,NULL,0),(403,440,NULL,7,'Subject for Membership Signup','2008-06-10 11:46:49',NULL,2,NULL,NULL,NULL,NULL,2,NULL,NULL,0,NULL,0,NULL,1,NULL,0),(404,440,NULL,8,'Subject for Membership Renewal','2008-11-16 01:05:12',NULL,3,NULL,NULL,NULL,NULL,2,NULL,NULL,0,NULL,0,NULL,1,NULL,0),(405,440,NULL,10,'Subject for Pledge Acknowledgment','2009-04-26 05:19:05',NULL,2,NULL,NULL,NULL,NULL,2,NULL,NULL,0,NULL,0,NULL,1,NULL,0),(406,440,NULL,9,'Subject for Tell a Friend','2009-01-23 10:03:53',NULL,3,NULL,NULL,NULL,NULL,2,NULL,NULL,0,NULL,0,NULL,1,NULL,0),(407,440,NULL,7,'Subject for Membership Signup','2009-04-09 01:02:37',NULL,5,NULL,NULL,NULL,NULL,2,NULL,NULL,0,NULL,0,NULL,1,NULL,0),(408,440,NULL,7,'Subject for Membership Signup','2008-10-14 07:18:58',NULL,1,NULL,NULL,NULL,NULL,2,NULL,NULL,0,NULL,0,NULL,1,NULL,0),(409,440,NULL,8,'Subject for Membership Renewal','2008-11-07 06:51:44',NULL,3,NULL,NULL,NULL,NULL,2,NULL,NULL,0,NULL,0,NULL,1,NULL,0),(410,440,NULL,8,'Subject for Membership Renewal','2009-01-14 09:39:46',NULL,3,NULL,NULL,NULL,NULL,2,NULL,NULL,0,NULL,0,NULL,1,NULL,0),(411,440,NULL,7,'Subject for Membership Signup','2008-10-04 01:17:41',NULL,3,NULL,NULL,NULL,NULL,2,NULL,NULL,0,NULL,0,NULL,1,NULL,0),(412,440,NULL,10,'Subject for Pledge Acknowledgment','2008-12-25 07:40:59',NULL,1,NULL,NULL,NULL,NULL,2,NULL,NULL,0,NULL,0,NULL,1,NULL,0),(413,440,NULL,8,'Subject for Membership Renewal','2009-05-21 02:39:56',NULL,4,NULL,NULL,NULL,NULL,2,NULL,NULL,0,NULL,0,NULL,1,NULL,0),(414,440,NULL,10,'Subject for Pledge Acknowledgment','2008-08-29 10:24:38',NULL,6,NULL,NULL,NULL,NULL,2,NULL,NULL,0,NULL,0,NULL,1,NULL,0),(415,440,NULL,9,'Subject for Tell a Friend','2008-08-15 06:16:07',NULL,2,NULL,NULL,NULL,NULL,2,NULL,NULL,0,NULL,0,NULL,1,NULL,0),(416,440,NULL,9,'Subject for Tell a Friend','2008-07-29 02:52:13',NULL,3,NULL,NULL,NULL,NULL,2,NULL,NULL,0,NULL,0,NULL,1,NULL,0),(417,440,NULL,8,'Subject for Membership Renewal','2008-12-25 12:43:53',NULL,5,NULL,NULL,NULL,NULL,2,NULL,NULL,0,NULL,0,NULL,1,NULL,0),(418,440,NULL,8,'Subject for Membership Renewal','2008-10-18 05:16:03',NULL,5,NULL,NULL,NULL,NULL,2,NULL,NULL,0,NULL,0,NULL,1,NULL,0),(419,440,NULL,8,'Subject for Membership Renewal','2009-05-25 07:02:51',NULL,1,NULL,NULL,NULL,NULL,2,NULL,NULL,0,NULL,0,NULL,1,NULL,0),(420,440,NULL,7,'Subject for Membership Signup','2008-12-20 04:54:49',NULL,2,NULL,NULL,NULL,NULL,2,NULL,NULL,0,NULL,0,NULL,1,NULL,0),(421,440,NULL,8,'Subject for Membership Renewal','2009-04-12 12:02:32',NULL,4,NULL,NULL,NULL,NULL,2,NULL,NULL,0,NULL,0,NULL,1,NULL,0),(422,440,NULL,8,'Subject for Membership Renewal','2009-02-17 10:38:40',NULL,5,NULL,NULL,NULL,NULL,2,NULL,NULL,0,NULL,0,NULL,1,NULL,0),(423,440,NULL,9,'Subject for Tell a Friend','2009-04-18 06:53:33',NULL,6,NULL,NULL,NULL,NULL,2,NULL,NULL,0,NULL,0,NULL,1,NULL,0),(424,440,NULL,8,'Subject for Membership Renewal','2009-01-28 05:12:18',NULL,1,NULL,NULL,NULL,NULL,2,NULL,NULL,0,NULL,0,NULL,1,NULL,0),(425,440,NULL,9,'Subject for Tell a Friend','2009-02-27 04:00:09',NULL,6,NULL,NULL,NULL,NULL,2,NULL,NULL,0,NULL,0,NULL,1,NULL,0),(426,440,NULL,9,'Subject for Tell a Friend','2008-06-28 08:04:15',NULL,5,NULL,NULL,NULL,NULL,2,NULL,NULL,0,NULL,0,NULL,1,NULL,0),(427,440,NULL,10,'Subject for Pledge Acknowledgment','2008-07-09 03:08:21',NULL,2,NULL,NULL,NULL,NULL,2,NULL,NULL,0,NULL,0,NULL,1,NULL,0),(428,440,NULL,9,'Subject for Tell a Friend','2008-09-14 07:35:10',NULL,5,NULL,NULL,NULL,NULL,2,NULL,NULL,0,NULL,0,NULL,1,NULL,0),(429,440,NULL,9,'Subject for Tell a Friend','2009-05-13 06:54:41',NULL,6,NULL,NULL,NULL,NULL,2,NULL,NULL,0,NULL,0,NULL,1,NULL,0),(430,440,NULL,9,'Subject for Tell a Friend','2008-10-16 11:55:46',NULL,1,NULL,NULL,NULL,NULL,2,NULL,NULL,0,NULL,0,NULL,1,NULL,0),(431,440,NULL,8,'Subject for Membership Renewal','2008-12-24 07:49:19',NULL,4,NULL,NULL,NULL,NULL,2,NULL,NULL,0,NULL,0,NULL,1,NULL,0),(432,440,NULL,9,'Subject for Tell a Friend','2009-03-27 07:23:13',NULL,2,NULL,NULL,NULL,NULL,2,NULL,NULL,0,NULL,0,NULL,1,NULL,0),(433,440,NULL,8,'Subject for Membership Renewal','2008-08-24 12:40:52',NULL,6,NULL,NULL,NULL,NULL,2,NULL,NULL,0,NULL,0,NULL,1,NULL,0),(434,440,NULL,10,'Subject for Pledge Acknowledgment','2008-07-16 12:19:09',NULL,5,NULL,NULL,NULL,NULL,2,NULL,NULL,0,NULL,0,NULL,1,NULL,0),(435,440,NULL,10,'Subject for Pledge Acknowledgment','2009-05-19 10:36:53',NULL,5,NULL,NULL,NULL,NULL,2,NULL,NULL,0,NULL,0,NULL,1,NULL,0),(436,440,NULL,9,'Subject for Tell a Friend','2008-06-17 03:56:44',NULL,6,NULL,NULL,NULL,NULL,2,NULL,NULL,0,NULL,0,NULL,1,NULL,0),(437,440,NULL,9,'Subject for Tell a Friend','2008-10-31 08:05:40',NULL,4,NULL,NULL,NULL,NULL,2,NULL,NULL,0,NULL,0,NULL,1,NULL,0),(438,440,NULL,7,'Subject for Membership Signup','2009-01-26 04:18:07',NULL,5,NULL,NULL,NULL,NULL,2,NULL,NULL,0,NULL,0,NULL,1,NULL,0),(439,440,NULL,9,'Subject for Tell a Friend','2008-10-03 04:42:53',NULL,6,NULL,NULL,NULL,NULL,2,NULL,NULL,0,NULL,0,NULL,1,NULL,0),(440,440,NULL,10,'Subject for Pledge Acknowledgment','2009-05-18 10:28:25',NULL,2,NULL,NULL,NULL,NULL,2,NULL,NULL,0,NULL,0,NULL,1,NULL,0),(441,440,NULL,10,'Subject for Pledge Acknowledgment','2008-09-28 03:32:13',NULL,4,NULL,NULL,NULL,NULL,2,NULL,NULL,0,NULL,0,NULL,1,NULL,0),(442,440,NULL,10,'Subject for Pledge Acknowledgment','2009-02-13 07:39:19',NULL,2,NULL,NULL,NULL,NULL,2,NULL,NULL,0,NULL,0,NULL,1,NULL,0),(443,440,NULL,9,'Subject for Tell a Friend','2009-05-02 04:51:40',NULL,3,NULL,NULL,NULL,NULL,2,NULL,NULL,0,NULL,0,NULL,1,NULL,0),(444,440,NULL,7,'Subject for Membership Signup','2008-12-28 09:19:01',NULL,1,NULL,NULL,NULL,NULL,2,NULL,NULL,0,NULL,0,NULL,1,NULL,0),(445,440,NULL,9,'Subject for Tell a Friend','2008-08-27 09:51:54',NULL,1,NULL,NULL,NULL,NULL,2,NULL,NULL,0,NULL,0,NULL,1,NULL,0),(446,440,NULL,7,'Subject for Membership Signup','2008-06-20 09:37:25',NULL,6,NULL,NULL,NULL,NULL,2,NULL,NULL,0,NULL,0,NULL,1,NULL,0),(447,440,NULL,10,'Subject for Pledge Acknowledgment','2009-03-02 02:02:33',NULL,6,NULL,NULL,NULL,NULL,2,NULL,NULL,0,NULL,0,NULL,1,NULL,0),(448,440,NULL,10,'Subject for Pledge Acknowledgment','2008-12-09 02:00:43',NULL,2,NULL,NULL,NULL,NULL,2,NULL,NULL,0,NULL,0,NULL,1,NULL,0),(449,440,NULL,9,'Subject for Tell a Friend','2009-01-25 12:36:38',NULL,6,NULL,NULL,NULL,NULL,2,NULL,NULL,0,NULL,0,NULL,1,NULL,0),(450,440,NULL,8,'Subject for Membership Renewal','2009-02-15 01:27:17',NULL,1,NULL,NULL,NULL,NULL,2,NULL,NULL,0,NULL,0,NULL,1,NULL,0),(451,57,1,7,'General','2009-05-28 00:00:00',NULL,NULL,NULL,NULL,NULL,NULL,2,NULL,NULL,0,NULL,0,NULL,1,NULL,0),(452,349,2,7,'Student','2009-05-27 00:00:00',NULL,NULL,NULL,NULL,NULL,NULL,2,NULL,NULL,0,NULL,0,NULL,1,NULL,0),(453,281,3,7,'General','2009-05-26 00:00:00',NULL,NULL,NULL,NULL,NULL,NULL,2,NULL,NULL,0,NULL,0,NULL,1,NULL,0),(454,297,4,7,'Student','2009-05-25 00:00:00',NULL,NULL,NULL,NULL,NULL,NULL,2,NULL,NULL,0,NULL,0,NULL,1,NULL,0),(455,299,5,7,'General','2007-04-26 00:00:00',NULL,NULL,NULL,NULL,NULL,NULL,2,NULL,NULL,0,NULL,0,NULL,1,NULL,0),(456,42,6,7,'Student','2009-05-23 00:00:00',NULL,NULL,NULL,NULL,NULL,NULL,2,NULL,NULL,0,NULL,0,NULL,1,NULL,0),(457,214,7,7,'General','2009-05-22 00:00:00',NULL,NULL,NULL,NULL,NULL,NULL,2,NULL,NULL,0,NULL,0,NULL,1,NULL,0),(458,447,8,7,'Student','2009-05-21 00:00:00',NULL,NULL,NULL,NULL,NULL,NULL,2,NULL,NULL,0,NULL,0,NULL,1,NULL,0),(459,481,9,7,'General','2009-05-20 00:00:00',NULL,NULL,NULL,NULL,NULL,NULL,2,NULL,NULL,0,NULL,0,NULL,1,NULL,0),(460,215,10,7,'Student','2008-05-19 00:00:00',NULL,NULL,NULL,NULL,NULL,NULL,2,NULL,NULL,0,NULL,0,NULL,1,NULL,0),(461,280,11,7,'Lifetime','2009-05-18 00:00:00',NULL,NULL,NULL,NULL,NULL,NULL,2,NULL,NULL,0,NULL,0,NULL,1,NULL,0),(462,263,12,7,'Student','2009-05-17 00:00:00',NULL,NULL,NULL,NULL,NULL,NULL,2,NULL,NULL,0,NULL,0,NULL,1,NULL,0),(463,245,13,7,'General','2009-05-16 00:00:00',NULL,NULL,NULL,NULL,NULL,NULL,2,NULL,NULL,0,NULL,0,NULL,1,NULL,0),(464,34,14,7,'Student','2009-05-15 00:00:00',NULL,NULL,NULL,NULL,NULL,NULL,2,NULL,NULL,0,NULL,0,NULL,1,NULL,0),(465,372,15,7,'General','2007-02-05 00:00:00',NULL,NULL,NULL,NULL,NULL,NULL,2,NULL,NULL,0,NULL,0,NULL,1,NULL,0),(466,328,16,7,'Student','2009-05-13 00:00:00',NULL,NULL,NULL,NULL,NULL,NULL,2,NULL,NULL,0,NULL,0,NULL,1,NULL,0),(467,421,17,7,'General','2009-05-12 00:00:00',NULL,NULL,NULL,NULL,NULL,NULL,2,NULL,NULL,0,NULL,0,NULL,1,NULL,0),(468,451,18,7,'Student','2009-05-11 00:00:00',NULL,NULL,NULL,NULL,NULL,NULL,2,NULL,NULL,0,NULL,0,NULL,1,NULL,0),(469,201,19,7,'General','2009-05-10 00:00:00',NULL,NULL,NULL,NULL,NULL,NULL,2,NULL,NULL,0,NULL,0,NULL,1,NULL,0),(470,25,20,7,'Student','2008-05-09 00:00:00',NULL,NULL,NULL,NULL,NULL,NULL,2,NULL,NULL,0,NULL,0,NULL,1,NULL,0),(471,465,21,7,'General','2009-05-08 00:00:00',NULL,NULL,NULL,NULL,NULL,NULL,2,NULL,NULL,0,NULL,0,NULL,1,NULL,0),(472,403,22,7,'Lifetime','2009-05-07 00:00:00',NULL,NULL,NULL,NULL,NULL,NULL,2,NULL,NULL,0,NULL,0,NULL,1,NULL,0),(473,222,23,7,'General','2009-05-06 00:00:00',NULL,NULL,NULL,NULL,NULL,NULL,2,NULL,NULL,0,NULL,0,NULL,1,NULL,0),(474,256,24,7,'Student','2009-05-05 00:00:00',NULL,NULL,NULL,NULL,NULL,NULL,2,NULL,NULL,0,NULL,0,NULL,1,NULL,0),(475,69,25,7,'General','2006-11-17 00:00:00',NULL,NULL,NULL,NULL,NULL,NULL,2,NULL,NULL,0,NULL,0,NULL,1,NULL,0),(476,246,26,7,'Student','2009-05-03 00:00:00',NULL,NULL,NULL,NULL,NULL,NULL,2,NULL,NULL,0,NULL,0,NULL,1,NULL,0),(477,213,27,7,'General','2009-05-02 00:00:00',NULL,NULL,NULL,NULL,NULL,NULL,2,NULL,NULL,0,NULL,0,NULL,1,NULL,0),(478,202,28,7,'Student','2009-05-01 00:00:00',NULL,NULL,NULL,NULL,NULL,NULL,2,NULL,NULL,0,NULL,0,NULL,1,NULL,0),(479,340,29,7,'General','2009-04-30 00:00:00',NULL,NULL,NULL,NULL,NULL,NULL,2,NULL,NULL,0,NULL,0,NULL,1,NULL,0),(480,40,30,7,'Student','2008-04-29 00:00:00',NULL,NULL,NULL,NULL,NULL,NULL,2,NULL,NULL,0,NULL,0,NULL,1,NULL,0),(481,198,31,7,'General','2009-04-28 00:00:00',NULL,NULL,NULL,NULL,NULL,NULL,2,NULL,NULL,0,NULL,0,NULL,1,NULL,0),(482,422,32,7,'Student','2009-04-27 00:00:00',NULL,NULL,NULL,NULL,NULL,NULL,2,NULL,NULL,0,NULL,0,NULL,1,NULL,0),(483,115,33,7,'Lifetime','2009-04-26 00:00:00',NULL,NULL,NULL,NULL,NULL,NULL,2,NULL,NULL,0,NULL,0,NULL,1,NULL,0),(484,176,34,7,'Student','2009-04-25 00:00:00',NULL,NULL,NULL,NULL,NULL,NULL,2,NULL,NULL,0,NULL,0,NULL,1,NULL,0),(485,61,35,7,'Student','2008-04-24 00:00:00',NULL,NULL,NULL,NULL,NULL,NULL,2,NULL,NULL,0,NULL,0,NULL,1,NULL,0),(486,319,36,7,'Student','2009-04-23 00:00:00',NULL,NULL,NULL,NULL,NULL,NULL,2,NULL,NULL,0,NULL,0,NULL,1,NULL,0),(487,190,37,7,'General','2009-04-22 00:00:00',NULL,NULL,NULL,NULL,NULL,NULL,2,NULL,NULL,0,NULL,0,NULL,1,NULL,0),(488,157,38,7,'Student','2009-04-21 00:00:00',NULL,NULL,NULL,NULL,NULL,NULL,2,NULL,NULL,0,NULL,0,NULL,1,NULL,0),(489,113,39,7,'General','2009-04-20 00:00:00',NULL,NULL,NULL,NULL,NULL,NULL,2,NULL,NULL,0,NULL,0,NULL,1,NULL,0),(490,251,40,7,'Student','2008-04-19 00:00:00',NULL,NULL,NULL,NULL,NULL,NULL,2,NULL,NULL,0,NULL,0,NULL,1,NULL,0),(491,394,41,7,'General','2009-04-18 00:00:00',NULL,NULL,NULL,NULL,NULL,NULL,2,NULL,NULL,0,NULL,0,NULL,1,NULL,0),(492,290,42,7,'Student','2009-04-17 00:00:00',NULL,NULL,NULL,NULL,NULL,NULL,2,NULL,NULL,0,NULL,0,NULL,1,NULL,0),(493,397,43,7,'General','2009-04-16 00:00:00',NULL,NULL,NULL,NULL,NULL,NULL,2,NULL,NULL,0,NULL,0,NULL,1,NULL,0),(494,87,44,7,'Lifetime','2009-04-15 00:00:00',NULL,NULL,NULL,NULL,NULL,NULL,2,NULL,NULL,0,NULL,0,NULL,1,NULL,0),(495,133,45,7,'General','2006-06-10 00:00:00',NULL,NULL,NULL,NULL,NULL,NULL,2,NULL,NULL,0,NULL,0,NULL,1,NULL,0),(496,204,46,7,'Student','2009-04-13 00:00:00',NULL,NULL,NULL,NULL,NULL,NULL,2,NULL,NULL,0,NULL,0,NULL,1,NULL,0),(497,182,47,7,'General','2009-04-12 00:00:00',NULL,NULL,NULL,NULL,NULL,NULL,2,NULL,NULL,0,NULL,0,NULL,1,NULL,0),(498,431,48,7,'Student','2009-04-11 00:00:00',NULL,NULL,NULL,NULL,NULL,NULL,2,NULL,NULL,0,NULL,0,NULL,1,NULL,0),(499,180,49,7,'General','2009-04-10 00:00:00',NULL,NULL,NULL,NULL,NULL,NULL,2,NULL,NULL,0,NULL,0,NULL,1,NULL,0),(500,28,50,7,'General','2006-05-01 00:00:00',NULL,NULL,NULL,NULL,NULL,NULL,2,NULL,NULL,0,NULL,0,NULL,1,NULL,0),(501,313,51,7,'General','2009-04-08 00:00:00',NULL,NULL,NULL,NULL,NULL,NULL,2,NULL,NULL,0,NULL,0,NULL,1,NULL,0),(502,306,52,7,'Student','2009-04-07 00:00:00',NULL,NULL,NULL,NULL,NULL,NULL,2,NULL,NULL,0,NULL,0,NULL,1,NULL,0),(503,430,53,7,'General','2009-04-06 00:00:00',NULL,NULL,NULL,NULL,NULL,NULL,2,NULL,NULL,0,NULL,0,NULL,1,NULL,0),(504,440,54,7,'Student','2009-04-05 00:00:00',NULL,NULL,NULL,NULL,NULL,NULL,2,NULL,NULL,0,NULL,0,NULL,1,NULL,0),(505,402,55,7,'Lifetime','2009-04-04 00:00:00',NULL,NULL,NULL,NULL,NULL,NULL,2,NULL,NULL,0,NULL,0,NULL,1,NULL,0),(506,369,56,7,'Student','2009-04-03 00:00:00',NULL,NULL,NULL,NULL,NULL,NULL,2,NULL,NULL,0,NULL,0,NULL,1,NULL,0),(507,353,57,7,'General','2009-04-02 00:00:00',NULL,NULL,NULL,NULL,NULL,NULL,2,NULL,NULL,0,NULL,0,NULL,1,NULL,0),(508,501,58,7,'Student','2009-04-01 00:00:00',NULL,NULL,NULL,NULL,NULL,NULL,2,NULL,NULL,0,NULL,0,NULL,1,NULL,0),(509,415,59,7,'General','2009-03-31 00:00:00',NULL,NULL,NULL,NULL,NULL,NULL,2,NULL,NULL,0,NULL,0,NULL,1,NULL,0),(510,144,60,7,'Student','2008-03-30 00:00:00',NULL,NULL,NULL,NULL,NULL,NULL,2,NULL,NULL,0,NULL,0,NULL,1,NULL,0),(511,296,61,7,'General','2009-03-29 00:00:00',NULL,NULL,NULL,NULL,NULL,NULL,2,NULL,NULL,0,NULL,0,NULL,1,NULL,0),(512,457,62,7,'Student','2009-03-28 00:00:00',NULL,NULL,NULL,NULL,NULL,NULL,2,NULL,NULL,0,NULL,0,NULL,1,NULL,0),(513,336,63,7,'General','2009-03-27 00:00:00',NULL,NULL,NULL,NULL,NULL,NULL,2,NULL,NULL,0,NULL,0,NULL,1,NULL,0),(514,413,64,7,'Student','2009-03-26 00:00:00',NULL,NULL,NULL,NULL,NULL,NULL,2,NULL,NULL,0,NULL,0,NULL,1,NULL,0),(515,450,65,7,'General','2006-01-01 00:00:00',NULL,NULL,NULL,NULL,NULL,NULL,2,NULL,NULL,0,NULL,0,NULL,1,NULL,0),(516,356,66,7,'Lifetime','2009-03-24 00:00:00',NULL,NULL,NULL,NULL,NULL,NULL,2,NULL,NULL,0,NULL,0,NULL,1,NULL,0),(517,496,67,7,'General','2009-03-23 00:00:00',NULL,NULL,NULL,NULL,NULL,NULL,2,NULL,NULL,0,NULL,0,NULL,1,NULL,0),(518,159,68,7,'Student','2009-03-22 00:00:00',NULL,NULL,NULL,NULL,NULL,NULL,2,NULL,NULL,0,NULL,0,NULL,1,NULL,0),(519,118,69,7,'General','2009-03-21 00:00:00',NULL,NULL,NULL,NULL,NULL,NULL,2,NULL,NULL,0,NULL,0,NULL,1,NULL,0),(520,284,70,7,'General','2005-11-22 00:00:00',NULL,NULL,NULL,NULL,NULL,NULL,2,NULL,NULL,0,NULL,0,NULL,1,NULL,0),(521,414,71,7,'General','2009-03-19 00:00:00',NULL,NULL,NULL,NULL,NULL,NULL,2,NULL,NULL,0,NULL,0,NULL,1,NULL,0),(522,59,72,7,'Student','2009-03-18 00:00:00',NULL,NULL,NULL,NULL,NULL,NULL,2,NULL,NULL,0,NULL,0,NULL,1,NULL,0),(523,36,73,7,'General','2009-03-17 00:00:00',NULL,NULL,NULL,NULL,NULL,NULL,2,NULL,NULL,0,NULL,0,NULL,1,NULL,0),(524,257,74,7,'Student','2009-03-16 00:00:00',NULL,NULL,NULL,NULL,NULL,NULL,2,NULL,NULL,0,NULL,0,NULL,1,NULL,0),(525,362,75,7,'Student','2008-03-15 00:00:00',NULL,NULL,NULL,NULL,NULL,NULL,2,NULL,NULL,0,NULL,0,NULL,1,NULL,0),(526,2,76,7,'Student','2009-03-14 00:00:00',NULL,NULL,NULL,NULL,NULL,NULL,2,NULL,NULL,0,NULL,0,NULL,1,NULL,0),(527,52,77,7,'Lifetime','2009-03-13 00:00:00',NULL,NULL,NULL,NULL,NULL,NULL,2,NULL,NULL,0,NULL,0,NULL,1,NULL,0),(528,370,78,7,'Student','2009-03-12 00:00:00',NULL,NULL,NULL,NULL,NULL,NULL,2,NULL,NULL,0,NULL,0,NULL,1,NULL,0),(529,378,79,7,'General','2009-03-11 00:00:00',NULL,NULL,NULL,NULL,NULL,NULL,2,NULL,NULL,0,NULL,0,NULL,1,NULL,0),(530,390,80,7,'General','2005-09-03 00:00:00',NULL,NULL,NULL,NULL,NULL,NULL,2,NULL,NULL,0,NULL,0,NULL,1,NULL,0),(531,5,81,7,'General','2009-03-09 00:00:00',NULL,NULL,NULL,NULL,NULL,NULL,2,NULL,NULL,0,NULL,0,NULL,1,NULL,0),(532,96,82,7,'Student','2009-03-08 00:00:00',NULL,NULL,NULL,NULL,NULL,NULL,2,NULL,NULL,0,NULL,0,NULL,1,NULL,0),(533,350,83,7,'General','2009-03-07 00:00:00',NULL,NULL,NULL,NULL,NULL,NULL,2,NULL,NULL,0,NULL,0,NULL,1,NULL,0),(534,323,84,7,'Student','2009-03-06 00:00:00',NULL,NULL,NULL,NULL,NULL,NULL,2,NULL,NULL,0,NULL,0,NULL,1,NULL,0),(535,345,85,7,'General','2005-07-25 00:00:00',NULL,NULL,NULL,NULL,NULL,NULL,2,NULL,NULL,0,NULL,0,NULL,1,NULL,0),(536,374,86,7,'Student','2009-03-04 00:00:00',NULL,NULL,NULL,NULL,NULL,NULL,2,NULL,NULL,0,NULL,0,NULL,1,NULL,0),(537,379,87,7,'General','2009-03-03 00:00:00',NULL,NULL,NULL,NULL,NULL,NULL,2,NULL,NULL,0,NULL,0,NULL,1,NULL,0),(538,4,88,7,'Lifetime','2009-03-02 00:00:00',NULL,NULL,NULL,NULL,NULL,NULL,2,NULL,NULL,0,NULL,0,NULL,1,NULL,0),(539,418,89,7,'General','2009-03-01 00:00:00',NULL,NULL,NULL,NULL,NULL,NULL,2,NULL,NULL,0,NULL,0,NULL,1,NULL,0),(540,427,90,7,'Student','2008-02-29 00:00:00',NULL,NULL,NULL,NULL,NULL,NULL,2,NULL,NULL,0,NULL,0,NULL,1,NULL,0),(541,446,91,7,'General','2009-02-27 00:00:00',NULL,NULL,NULL,NULL,NULL,NULL,2,NULL,NULL,0,NULL,0,NULL,1,NULL,0),(542,338,92,7,'Student','2009-02-26 00:00:00',NULL,NULL,NULL,NULL,NULL,NULL,2,NULL,NULL,0,NULL,0,NULL,1,NULL,0),(543,135,93,7,'General','2009-02-25 00:00:00',NULL,NULL,NULL,NULL,NULL,NULL,2,NULL,NULL,0,NULL,0,NULL,1,NULL,0),(544,386,94,7,'Student','2009-02-24 00:00:00',NULL,NULL,NULL,NULL,NULL,NULL,2,NULL,NULL,0,NULL,0,NULL,1,NULL,0),(545,167,95,7,'General','2005-05-06 00:00:00',NULL,NULL,NULL,NULL,NULL,NULL,2,NULL,NULL,0,NULL,0,NULL,1,NULL,0),(546,244,96,7,'Student','2009-02-22 00:00:00',NULL,NULL,NULL,NULL,NULL,NULL,2,NULL,NULL,0,NULL,0,NULL,1,NULL,0),(547,17,97,7,'General','2009-02-21 00:00:00',NULL,NULL,NULL,NULL,NULL,NULL,2,NULL,NULL,0,NULL,0,NULL,1,NULL,0),(548,285,98,7,'Student','2009-02-20 00:00:00',NULL,NULL,NULL,NULL,NULL,NULL,2,NULL,NULL,0,NULL,0,NULL,1,NULL,0),(549,216,99,7,'Lifetime','2009-02-19 00:00:00',NULL,NULL,NULL,NULL,NULL,NULL,2,NULL,NULL,0,NULL,0,NULL,1,NULL,0),(550,254,100,7,'General','2005-03-27 00:00:00',NULL,NULL,NULL,NULL,NULL,NULL,2,NULL,NULL,0,NULL,0,NULL,1,NULL,0),(551,455,101,7,'General','2009-02-17 00:00:00',NULL,NULL,NULL,NULL,NULL,NULL,2,NULL,NULL,0,NULL,0,NULL,1,NULL,0),(552,347,102,7,'Student','2009-02-16 00:00:00',NULL,NULL,NULL,NULL,NULL,NULL,2,NULL,NULL,0,NULL,0,NULL,1,NULL,0),(553,73,103,7,'General','2009-02-15 00:00:00',NULL,NULL,NULL,NULL,NULL,NULL,2,NULL,NULL,0,NULL,0,NULL,1,NULL,0),(554,435,104,7,'Student','2009-02-14 00:00:00',NULL,NULL,NULL,NULL,NULL,NULL,2,NULL,NULL,0,NULL,0,NULL,1,NULL,0),(555,316,105,7,'Student','2008-02-14 00:00:00',NULL,NULL,NULL,NULL,NULL,NULL,2,NULL,NULL,0,NULL,0,NULL,1,NULL,0),(556,117,106,7,'Student','2009-02-12 00:00:00',NULL,NULL,NULL,NULL,NULL,NULL,2,NULL,NULL,0,NULL,0,NULL,1,NULL,0),(557,240,107,7,'General','2009-02-11 00:00:00',NULL,NULL,NULL,NULL,NULL,NULL,2,NULL,NULL,0,NULL,0,NULL,1,NULL,0),(558,499,108,7,'Student','2009-02-10 00:00:00',NULL,NULL,NULL,NULL,NULL,NULL,2,NULL,NULL,0,NULL,0,NULL,1,NULL,0),(559,252,109,7,'General','2009-02-09 00:00:00',NULL,NULL,NULL,NULL,NULL,NULL,2,NULL,NULL,0,NULL,0,NULL,1,NULL,0),(560,20,110,7,'Lifetime','2009-02-08 00:00:00',NULL,NULL,NULL,NULL,NULL,NULL,2,NULL,NULL,0,NULL,0,NULL,1,NULL,0),(561,153,111,7,'General','2009-02-07 00:00:00',NULL,NULL,NULL,NULL,NULL,NULL,2,NULL,NULL,0,NULL,0,NULL,1,NULL,0),(562,137,112,7,'Student','2009-02-06 00:00:00',NULL,NULL,NULL,NULL,NULL,NULL,2,NULL,NULL,0,NULL,0,NULL,1,NULL,0),(563,84,113,7,'General','2009-02-05 00:00:00',NULL,NULL,NULL,NULL,NULL,NULL,2,NULL,NULL,0,NULL,0,NULL,1,NULL,0),(564,74,114,7,'Student','2009-02-04 00:00:00',NULL,NULL,NULL,NULL,NULL,NULL,2,NULL,NULL,0,NULL,0,NULL,1,NULL,0),(565,376,115,7,'Student','2008-02-04 00:00:00',NULL,NULL,NULL,NULL,NULL,NULL,2,NULL,NULL,0,NULL,0,NULL,1,NULL,0),(566,317,116,7,'Student','2009-02-02 00:00:00',NULL,NULL,NULL,NULL,NULL,NULL,2,NULL,NULL,0,NULL,0,NULL,1,NULL,0),(567,476,117,7,'General','2009-02-01 00:00:00',NULL,NULL,NULL,NULL,NULL,NULL,2,NULL,NULL,0,NULL,0,NULL,1,NULL,0),(568,279,118,7,'Student','2009-01-31 00:00:00',NULL,NULL,NULL,NULL,NULL,NULL,2,NULL,NULL,0,NULL,0,NULL,1,NULL,0),(569,466,119,7,'General','2009-01-30 00:00:00',NULL,NULL,NULL,NULL,NULL,NULL,2,NULL,NULL,0,NULL,0,NULL,1,NULL,0),(570,429,120,7,'General','2004-10-18 00:00:00',NULL,NULL,NULL,NULL,NULL,NULL,2,NULL,NULL,0,NULL,0,NULL,1,NULL,0),(571,255,121,7,'Lifetime','2009-01-28 00:00:00',NULL,NULL,NULL,NULL,NULL,NULL,2,NULL,NULL,0,NULL,0,NULL,1,NULL,0),(572,143,122,7,'Student','2009-01-27 00:00:00',NULL,NULL,NULL,NULL,NULL,NULL,2,NULL,NULL,0,NULL,0,NULL,1,NULL,0),(573,330,123,7,'General','2009-01-26 00:00:00',NULL,NULL,NULL,NULL,NULL,NULL,2,NULL,NULL,0,NULL,0,NULL,1,NULL,0),(574,127,124,7,'Student','2009-01-25 00:00:00',NULL,NULL,NULL,NULL,NULL,NULL,2,NULL,NULL,0,NULL,0,NULL,1,NULL,0),(575,186,125,7,'Student','2008-01-25 00:00:00',NULL,NULL,NULL,NULL,NULL,NULL,2,NULL,NULL,0,NULL,0,NULL,1,NULL,0),(576,396,126,7,'Student','2009-01-23 00:00:00',NULL,NULL,NULL,NULL,NULL,NULL,2,NULL,NULL,0,NULL,0,NULL,1,NULL,0),(577,461,127,7,'General','2009-01-22 00:00:00',NULL,NULL,NULL,NULL,NULL,NULL,2,NULL,NULL,0,NULL,0,NULL,1,NULL,0),(578,449,128,7,'Student','2009-01-21 00:00:00',NULL,NULL,NULL,NULL,NULL,NULL,2,NULL,NULL,0,NULL,0,NULL,1,NULL,0),(579,235,129,7,'General','2009-01-20 00:00:00',NULL,NULL,NULL,NULL,NULL,NULL,2,NULL,NULL,0,NULL,0,NULL,1,NULL,0),(580,291,130,7,'Student','2008-01-20 00:00:00',NULL,NULL,NULL,NULL,NULL,NULL,2,NULL,NULL,0,NULL,0,NULL,1,NULL,0),(581,412,131,7,'General','2009-01-18 00:00:00',NULL,NULL,NULL,NULL,NULL,NULL,2,NULL,NULL,0,NULL,0,NULL,1,NULL,0),(582,484,132,7,'Lifetime','2009-01-17 00:00:00',NULL,NULL,NULL,NULL,NULL,NULL,2,NULL,NULL,0,NULL,0,NULL,1,NULL,0),(583,452,133,7,'General','2009-01-16 00:00:00',NULL,NULL,NULL,NULL,NULL,NULL,2,NULL,NULL,0,NULL,0,NULL,1,NULL,0),(584,324,134,7,'Student','2009-01-15 00:00:00',NULL,NULL,NULL,NULL,NULL,NULL,2,NULL,NULL,0,NULL,0,NULL,1,NULL,0),(585,321,135,7,'General','2004-06-20 00:00:00',NULL,NULL,NULL,NULL,NULL,NULL,2,NULL,NULL,0,NULL,0,NULL,1,NULL,0),(586,128,136,7,'Student','2009-01-13 00:00:00',NULL,NULL,NULL,NULL,NULL,NULL,2,NULL,NULL,0,NULL,0,NULL,1,NULL,0),(587,443,137,7,'General','2009-01-12 00:00:00',NULL,NULL,NULL,NULL,NULL,NULL,2,NULL,NULL,0,NULL,0,NULL,1,NULL,0),(588,470,138,7,'Student','2009-01-11 00:00:00',NULL,NULL,NULL,NULL,NULL,NULL,2,NULL,NULL,0,NULL,0,NULL,1,NULL,0),(589,109,139,7,'General','2009-01-10 00:00:00',NULL,NULL,NULL,NULL,NULL,NULL,2,NULL,NULL,0,NULL,0,NULL,1,NULL,0),(590,217,140,7,'Student','2008-01-10 00:00:00',NULL,NULL,NULL,NULL,NULL,NULL,2,NULL,NULL,0,NULL,0,NULL,1,NULL,0),(591,232,141,7,'General','2009-01-08 00:00:00',NULL,NULL,NULL,NULL,NULL,NULL,2,NULL,NULL,0,NULL,0,NULL,1,NULL,0),(592,275,142,7,'Student','2009-01-07 00:00:00',NULL,NULL,NULL,NULL,NULL,NULL,2,NULL,NULL,0,NULL,0,NULL,1,NULL,0),(593,375,143,7,'Lifetime','2009-01-06 00:00:00',NULL,NULL,NULL,NULL,NULL,NULL,2,NULL,NULL,0,NULL,0,NULL,1,NULL,0),(594,47,144,7,'Student','2009-01-05 00:00:00',NULL,NULL,NULL,NULL,NULL,NULL,2,NULL,NULL,0,NULL,0,NULL,1,NULL,0),(595,14,145,7,'General','2004-04-01 00:00:00',NULL,NULL,NULL,NULL,NULL,NULL,2,NULL,NULL,0,NULL,0,NULL,1,NULL,0),(596,259,146,7,'Student','2009-01-03 00:00:00',NULL,NULL,NULL,NULL,NULL,NULL,2,NULL,NULL,0,NULL,0,NULL,1,NULL,0),(597,479,147,7,'General','2009-01-02 00:00:00',NULL,NULL,NULL,NULL,NULL,NULL,2,NULL,NULL,0,NULL,0,NULL,1,NULL,0),(598,343,148,7,'Student','2009-01-01 00:00:00',NULL,NULL,NULL,NULL,NULL,NULL,2,NULL,NULL,0,NULL,0,NULL,1,NULL,0),(599,292,149,7,'General','2008-12-31 00:00:00',NULL,NULL,NULL,NULL,NULL,NULL,2,NULL,NULL,0,NULL,0,NULL,1,NULL,0),(600,79,150,7,'General','2004-02-21 00:00:00',NULL,NULL,NULL,NULL,NULL,NULL,2,NULL,NULL,0,NULL,0,NULL,1,NULL,0),(601,178,151,7,'General','2008-12-29 00:00:00',NULL,NULL,NULL,NULL,NULL,NULL,2,NULL,NULL,0,NULL,0,NULL,1,NULL,0),(602,154,152,7,'Student','2008-12-28 00:00:00',NULL,NULL,NULL,NULL,NULL,NULL,2,NULL,NULL,0,NULL,0,NULL,1,NULL,0),(603,15,153,7,'General','2008-12-27 00:00:00',NULL,NULL,NULL,NULL,NULL,NULL,2,NULL,NULL,0,NULL,0,NULL,1,NULL,0),(604,341,154,7,'Lifetime','2008-12-26 00:00:00',NULL,NULL,NULL,NULL,NULL,NULL,2,NULL,NULL,0,NULL,0,NULL,1,NULL,0),(605,420,155,7,'Student','2007-12-26 00:00:00',NULL,NULL,NULL,NULL,NULL,NULL,2,NULL,NULL,0,NULL,0,NULL,1,NULL,0),(606,442,156,7,'Student','2008-12-24 00:00:00',NULL,NULL,NULL,NULL,NULL,NULL,2,NULL,NULL,0,NULL,0,NULL,1,NULL,0),(607,406,157,7,'General','2008-12-23 00:00:00',NULL,NULL,NULL,NULL,NULL,NULL,2,NULL,NULL,0,NULL,0,NULL,1,NULL,0),(608,411,158,7,'Student','2008-12-22 00:00:00',NULL,NULL,NULL,NULL,NULL,NULL,2,NULL,NULL,0,NULL,0,NULL,1,NULL,0),(609,236,159,7,'General','2008-12-21 00:00:00',NULL,NULL,NULL,NULL,NULL,NULL,2,NULL,NULL,0,NULL,0,NULL,1,NULL,0),(610,480,160,7,'Student','2007-12-21 00:00:00',NULL,NULL,NULL,NULL,NULL,NULL,2,NULL,NULL,0,NULL,0,NULL,1,NULL,0),(611,174,161,7,'General','2008-12-19 00:00:00',NULL,NULL,NULL,NULL,NULL,NULL,2,NULL,NULL,0,NULL,0,NULL,1,NULL,0),(612,295,162,7,'Student','2008-12-18 00:00:00',NULL,NULL,NULL,NULL,NULL,NULL,2,NULL,NULL,0,NULL,0,NULL,1,NULL,0),(613,384,163,7,'General','2008-12-17 00:00:00',NULL,NULL,NULL,NULL,NULL,NULL,2,NULL,NULL,0,NULL,0,NULL,1,NULL,0),(614,119,164,7,'Student','2008-12-16 00:00:00',NULL,NULL,NULL,NULL,NULL,NULL,2,NULL,NULL,0,NULL,0,NULL,1,NULL,0),(615,441,165,7,'Lifetime','2008-12-15 00:00:00',NULL,NULL,NULL,NULL,NULL,NULL,2,NULL,NULL,0,NULL,0,NULL,1,NULL,0),(616,305,166,7,'Student','2008-12-14 00:00:00',NULL,NULL,NULL,NULL,NULL,NULL,2,NULL,NULL,0,NULL,0,NULL,1,NULL,0),(617,363,167,7,'General','2008-12-13 00:00:00',NULL,NULL,NULL,NULL,NULL,NULL,2,NULL,NULL,0,NULL,0,NULL,1,NULL,0),(618,357,168,7,'Student','2008-12-12 00:00:00',NULL,NULL,NULL,NULL,NULL,NULL,2,NULL,NULL,0,NULL,0,NULL,1,NULL,0),(619,365,169,7,'General','2008-12-11 00:00:00',NULL,NULL,NULL,NULL,NULL,NULL,2,NULL,NULL,0,NULL,0,NULL,1,NULL,0),(620,344,170,7,'Student','2007-12-11 00:00:00',NULL,NULL,NULL,NULL,NULL,NULL,2,NULL,NULL,0,NULL,0,NULL,1,NULL,0),(621,189,171,7,'General','2008-12-09 00:00:00',NULL,NULL,NULL,NULL,NULL,NULL,2,NULL,NULL,0,NULL,0,NULL,1,NULL,0),(622,389,172,7,'Student','2008-12-08 00:00:00',NULL,NULL,NULL,NULL,NULL,NULL,2,NULL,NULL,0,NULL,0,NULL,1,NULL,0),(623,333,173,7,'General','2008-12-07 00:00:00',NULL,NULL,NULL,NULL,NULL,NULL,2,NULL,NULL,0,NULL,0,NULL,1,NULL,0),(624,359,174,7,'Student','2008-12-06 00:00:00',NULL,NULL,NULL,NULL,NULL,NULL,2,NULL,NULL,0,NULL,0,NULL,1,NULL,0),(625,45,175,7,'General','2003-08-05 00:00:00',NULL,NULL,NULL,NULL,NULL,NULL,2,NULL,NULL,0,NULL,0,NULL,1,NULL,0),(626,60,176,7,'Lifetime','2008-12-04 00:00:00',NULL,NULL,NULL,NULL,NULL,NULL,2,NULL,NULL,0,NULL,0,NULL,1,NULL,0),(627,206,177,7,'General','2008-12-03 00:00:00',NULL,NULL,NULL,NULL,NULL,NULL,2,NULL,NULL,0,NULL,0,NULL,1,NULL,0),(628,381,178,7,'Student','2008-12-02 00:00:00',NULL,NULL,NULL,NULL,NULL,NULL,2,NULL,NULL,0,NULL,0,NULL,1,NULL,0),(629,460,179,7,'General','2008-12-01 00:00:00',NULL,NULL,NULL,NULL,NULL,NULL,2,NULL,NULL,0,NULL,0,NULL,1,NULL,0),(630,193,180,7,'Student','2007-12-01 00:00:00',NULL,NULL,NULL,NULL,NULL,NULL,2,NULL,NULL,0,NULL,0,NULL,1,NULL,0),(631,78,181,7,'General','2008-11-29 00:00:00',NULL,NULL,NULL,NULL,NULL,NULL,2,NULL,NULL,0,NULL,0,NULL,1,NULL,0),(632,65,182,7,'Student','2008-11-28 00:00:00',NULL,NULL,NULL,NULL,NULL,NULL,2,NULL,NULL,0,NULL,0,NULL,1,NULL,0),(633,276,183,7,'General','2008-11-27 00:00:00',NULL,NULL,NULL,NULL,NULL,NULL,2,NULL,NULL,0,NULL,0,NULL,1,NULL,0),(634,364,184,7,'Student','2008-11-26 00:00:00',NULL,NULL,NULL,NULL,NULL,NULL,2,NULL,NULL,0,NULL,0,NULL,1,NULL,0),(635,239,185,7,'Student','2007-11-26 00:00:00',NULL,NULL,NULL,NULL,NULL,NULL,2,NULL,NULL,0,NULL,0,NULL,1,NULL,0),(636,439,186,7,'Student','2008-11-24 00:00:00',NULL,NULL,NULL,NULL,NULL,NULL,2,NULL,NULL,0,NULL,0,NULL,1,NULL,0),(637,72,187,7,'Lifetime','2008-11-23 00:00:00',NULL,NULL,NULL,NULL,NULL,NULL,2,NULL,NULL,0,NULL,0,NULL,1,NULL,0),(638,348,188,7,'Student','2008-11-22 00:00:00',NULL,NULL,NULL,NULL,NULL,NULL,2,NULL,NULL,0,NULL,0,NULL,1,NULL,0),(639,145,189,7,'General','2008-11-21 00:00:00',NULL,NULL,NULL,NULL,NULL,NULL,2,NULL,NULL,0,NULL,0,NULL,1,NULL,0),(640,407,190,7,'Student','2007-11-21 00:00:00',NULL,NULL,NULL,NULL,NULL,NULL,2,NULL,NULL,0,NULL,0,NULL,1,NULL,0),(641,485,191,7,'General','2008-11-19 00:00:00',NULL,NULL,NULL,NULL,NULL,NULL,2,NULL,NULL,0,NULL,0,NULL,1,NULL,0),(642,63,192,7,'Student','2008-11-18 00:00:00',NULL,NULL,NULL,NULL,NULL,NULL,2,NULL,NULL,0,NULL,0,NULL,1,NULL,0),(643,86,193,7,'General','2008-11-17 00:00:00',NULL,NULL,NULL,NULL,NULL,NULL,2,NULL,NULL,0,NULL,0,NULL,1,NULL,0),(644,268,194,7,'Student','2008-11-16 00:00:00',NULL,NULL,NULL,NULL,NULL,NULL,2,NULL,NULL,0,NULL,0,NULL,1,NULL,0),(645,111,195,7,'General','2003-02-26 00:00:00',NULL,NULL,NULL,NULL,NULL,NULL,2,NULL,NULL,0,NULL,0,NULL,1,NULL,0),(646,8,196,7,'Student','2008-11-14 00:00:00',NULL,NULL,NULL,NULL,NULL,NULL,2,NULL,NULL,0,NULL,0,NULL,1,NULL,0),(647,29,197,7,'General','2008-11-13 00:00:00',NULL,NULL,NULL,NULL,NULL,NULL,2,NULL,NULL,0,NULL,0,NULL,1,NULL,0),(648,368,198,7,'Lifetime','2008-11-12 00:00:00',NULL,NULL,NULL,NULL,NULL,NULL,2,NULL,NULL,0,NULL,0,NULL,1,NULL,0),(649,383,199,7,'General','2008-11-11 00:00:00',NULL,NULL,NULL,NULL,NULL,NULL,2,NULL,NULL,0,NULL,0,NULL,1,NULL,0),(650,307,200,7,'General','2003-01-17 00:00:00',NULL,NULL,NULL,NULL,NULL,NULL,2,NULL,NULL,0,NULL,0,NULL,1,NULL,0),(651,163,201,7,'General','2008-11-09 00:00:00',NULL,NULL,NULL,NULL,NULL,NULL,2,NULL,NULL,0,NULL,0,NULL,1,NULL,0),(652,158,202,7,'Student','2008-11-08 00:00:00',NULL,NULL,NULL,NULL,NULL,NULL,2,NULL,NULL,0,NULL,0,NULL,1,NULL,0),(653,436,203,7,'General','2008-11-07 00:00:00',NULL,NULL,NULL,NULL,NULL,NULL,2,NULL,NULL,0,NULL,0,NULL,1,NULL,0),(654,462,204,7,'Student','2008-11-06 00:00:00',NULL,NULL,NULL,NULL,NULL,NULL,2,NULL,NULL,0,NULL,0,NULL,1,NULL,0),(655,112,205,7,'Student','2007-11-06 00:00:00',NULL,NULL,NULL,NULL,NULL,NULL,2,NULL,NULL,0,NULL,0,NULL,1,NULL,0),(656,463,206,7,'Student','2008-11-04 00:00:00',NULL,NULL,NULL,NULL,NULL,NULL,2,NULL,NULL,0,NULL,0,NULL,1,NULL,0),(657,400,207,7,'General','2008-11-03 00:00:00',NULL,NULL,NULL,NULL,NULL,NULL,2,NULL,NULL,0,NULL,0,NULL,1,NULL,0),(658,459,208,7,'Student','2008-11-02 00:00:00',NULL,NULL,NULL,NULL,NULL,NULL,2,NULL,NULL,0,NULL,0,NULL,1,NULL,0),(659,326,209,7,'Lifetime','2008-11-01 00:00:00',NULL,NULL,NULL,NULL,NULL,NULL,2,NULL,NULL,0,NULL,0,NULL,1,NULL,0),(660,208,210,7,'General','2002-10-29 00:00:00',NULL,NULL,NULL,NULL,NULL,NULL,2,NULL,NULL,0,NULL,0,NULL,1,NULL,0),(661,140,211,7,'General','2008-10-30 00:00:00',NULL,NULL,NULL,NULL,NULL,NULL,2,NULL,NULL,0,NULL,0,NULL,1,NULL,0),(662,192,212,7,'Student','2008-10-29 00:00:00',NULL,NULL,NULL,NULL,NULL,NULL,2,NULL,NULL,0,NULL,0,NULL,1,NULL,0),(663,108,213,7,'General','2008-10-28 00:00:00',NULL,NULL,NULL,NULL,NULL,NULL,2,NULL,NULL,0,NULL,0,NULL,1,NULL,0),(664,355,214,7,'Student','2008-10-27 00:00:00',NULL,NULL,NULL,NULL,NULL,NULL,2,NULL,NULL,0,NULL,0,NULL,1,NULL,0),(665,116,215,7,'Student','2007-10-27 00:00:00',NULL,NULL,NULL,NULL,NULL,NULL,2,NULL,NULL,0,NULL,0,NULL,1,NULL,0),(666,16,216,7,'Student','2008-10-25 00:00:00',NULL,NULL,NULL,NULL,NULL,NULL,2,NULL,NULL,0,NULL,0,NULL,1,NULL,0),(667,168,217,7,'General','2008-10-24 00:00:00',NULL,NULL,NULL,NULL,NULL,NULL,2,NULL,NULL,0,NULL,0,NULL,1,NULL,0),(668,428,218,7,'Student','2008-10-23 00:00:00',NULL,NULL,NULL,NULL,NULL,NULL,2,NULL,NULL,0,NULL,0,NULL,1,NULL,0),(669,134,219,7,'General','2008-10-22 00:00:00',NULL,NULL,NULL,NULL,NULL,NULL,2,NULL,NULL,0,NULL,0,NULL,1,NULL,0),(670,312,220,7,'Lifetime','2008-10-21 00:00:00',NULL,NULL,NULL,NULL,NULL,NULL,2,NULL,NULL,0,NULL,0,NULL,1,NULL,0),(671,93,221,7,'General','2008-10-20 00:00:00',NULL,NULL,NULL,NULL,NULL,NULL,2,NULL,NULL,0,NULL,0,NULL,1,NULL,0),(672,129,222,7,'Student','2008-10-19 00:00:00',NULL,NULL,NULL,NULL,NULL,NULL,2,NULL,NULL,0,NULL,0,NULL,1,NULL,0),(673,261,223,7,'General','2008-10-18 00:00:00',NULL,NULL,NULL,NULL,NULL,NULL,2,NULL,NULL,0,NULL,0,NULL,1,NULL,0),(674,91,224,7,'Student','2008-10-17 00:00:00',NULL,NULL,NULL,NULL,NULL,NULL,2,NULL,NULL,0,NULL,0,NULL,1,NULL,0),(675,475,225,7,'Student','2007-10-17 00:00:00',NULL,NULL,NULL,NULL,NULL,NULL,2,NULL,NULL,0,NULL,0,NULL,1,NULL,0),(676,98,226,7,'Student','2008-10-15 00:00:00',NULL,NULL,NULL,NULL,NULL,NULL,2,NULL,NULL,0,NULL,0,NULL,1,NULL,0),(677,337,227,7,'General','2008-10-14 00:00:00',NULL,NULL,NULL,NULL,NULL,NULL,2,NULL,NULL,0,NULL,0,NULL,1,NULL,0),(678,327,228,7,'Student','2008-10-13 00:00:00',NULL,NULL,NULL,NULL,NULL,NULL,2,NULL,NULL,0,NULL,0,NULL,1,NULL,0),(679,358,229,7,'General','2008-10-12 00:00:00',NULL,NULL,NULL,NULL,NULL,NULL,2,NULL,NULL,0,NULL,0,NULL,1,NULL,0),(680,482,230,7,'Student','2007-10-12 00:00:00',NULL,NULL,NULL,NULL,NULL,NULL,2,NULL,NULL,0,NULL,0,NULL,1,NULL,0),(681,248,231,7,'Lifetime','2008-10-10 00:00:00',NULL,NULL,NULL,NULL,NULL,NULL,2,NULL,NULL,0,NULL,0,NULL,1,NULL,0),(682,492,232,7,'Student','2008-10-09 00:00:00',NULL,NULL,NULL,NULL,NULL,NULL,2,NULL,NULL,0,NULL,0,NULL,1,NULL,0),(683,56,233,7,'General','2008-10-08 00:00:00',NULL,NULL,NULL,NULL,NULL,NULL,2,NULL,NULL,0,NULL,0,NULL,1,NULL,0),(684,210,234,7,'Student','2008-10-07 00:00:00',NULL,NULL,NULL,NULL,NULL,NULL,2,NULL,NULL,0,NULL,0,NULL,1,NULL,0),(685,469,235,7,'General','2002-04-12 00:00:00',NULL,NULL,NULL,NULL,NULL,NULL,2,NULL,NULL,0,NULL,0,NULL,1,NULL,0),(686,107,236,7,'Student','2008-10-05 00:00:00',NULL,NULL,NULL,NULL,NULL,NULL,2,NULL,NULL,0,NULL,0,NULL,1,NULL,0),(687,53,237,7,'General','2008-10-04 00:00:00',NULL,NULL,NULL,NULL,NULL,NULL,2,NULL,NULL,0,NULL,0,NULL,1,NULL,0),(688,183,238,7,'Student','2008-10-03 00:00:00',NULL,NULL,NULL,NULL,NULL,NULL,2,NULL,NULL,0,NULL,0,NULL,1,NULL,0),(689,194,239,7,'General','2008-10-02 00:00:00',NULL,NULL,NULL,NULL,NULL,NULL,2,NULL,NULL,0,NULL,0,NULL,1,NULL,0),(690,243,240,7,'Student','2007-10-02 00:00:00',NULL,NULL,NULL,NULL,NULL,NULL,2,NULL,NULL,0,NULL,0,NULL,1,NULL,0),(691,123,241,7,'General','2008-09-30 00:00:00',NULL,NULL,NULL,NULL,NULL,NULL,2,NULL,NULL,0,NULL,0,NULL,1,NULL,0),(692,110,242,7,'Lifetime','2008-09-29 00:00:00',NULL,NULL,NULL,NULL,NULL,NULL,2,NULL,NULL,0,NULL,0,NULL,1,NULL,0),(693,90,243,7,'General','2008-09-28 00:00:00',NULL,NULL,NULL,NULL,NULL,NULL,2,NULL,NULL,0,NULL,0,NULL,1,NULL,0),(694,104,244,7,'Student','2008-09-27 00:00:00',NULL,NULL,NULL,NULL,NULL,NULL,2,NULL,NULL,0,NULL,0,NULL,1,NULL,0),(695,207,245,7,'Student','2007-09-27 00:00:00',NULL,NULL,NULL,NULL,NULL,NULL,2,NULL,NULL,0,NULL,0,NULL,1,NULL,0),(696,425,246,7,'Student','2008-09-25 00:00:00',NULL,NULL,NULL,NULL,NULL,NULL,2,NULL,NULL,0,NULL,0,NULL,1,NULL,0),(697,209,247,7,'General','2008-09-24 00:00:00',NULL,NULL,NULL,NULL,NULL,NULL,2,NULL,NULL,0,NULL,0,NULL,1,NULL,0),(698,81,248,7,'Student','2008-09-23 00:00:00',NULL,NULL,NULL,NULL,NULL,NULL,2,NULL,NULL,0,NULL,0,NULL,1,NULL,0),(699,124,249,7,'General','2008-09-22 00:00:00',NULL,NULL,NULL,NULL,NULL,NULL,2,NULL,NULL,0,NULL,0,NULL,1,NULL,0),(700,10,250,7,'General','2001-12-13 00:00:00',NULL,NULL,NULL,NULL,NULL,NULL,2,NULL,NULL,0,NULL,0,NULL,1,NULL,0),(701,495,251,7,'General','2008-09-20 00:00:00',NULL,NULL,NULL,NULL,NULL,NULL,2,NULL,NULL,0,NULL,0,NULL,1,NULL,0),(702,477,252,7,'Student','2008-09-19 00:00:00',NULL,NULL,NULL,NULL,NULL,NULL,2,NULL,NULL,0,NULL,0,NULL,1,NULL,0),(703,185,253,7,'Lifetime','2008-09-18 00:00:00',NULL,NULL,NULL,NULL,NULL,NULL,2,NULL,NULL,0,NULL,0,NULL,1,NULL,0),(704,187,254,7,'Student','2008-09-17 00:00:00',NULL,NULL,NULL,NULL,NULL,NULL,2,NULL,NULL,0,NULL,0,NULL,1,NULL,0),(705,226,255,7,'General','2001-11-03 00:00:00',NULL,NULL,NULL,NULL,NULL,NULL,2,NULL,NULL,0,NULL,0,NULL,1,NULL,0),(706,395,256,7,'Student','2008-09-15 00:00:00',NULL,NULL,NULL,NULL,NULL,NULL,2,NULL,NULL,0,NULL,0,NULL,1,NULL,0),(707,283,257,7,'General','2008-09-14 00:00:00',NULL,NULL,NULL,NULL,NULL,NULL,2,NULL,NULL,0,NULL,0,NULL,1,NULL,0),(708,419,258,7,'Student','2008-09-13 00:00:00',NULL,NULL,NULL,NULL,NULL,NULL,2,NULL,NULL,0,NULL,0,NULL,1,NULL,0),(709,147,259,7,'General','2008-09-12 00:00:00',NULL,NULL,NULL,NULL,NULL,NULL,2,NULL,NULL,0,NULL,0,NULL,1,NULL,0),(710,404,260,7,'General','2001-09-24 00:00:00',NULL,NULL,NULL,NULL,NULL,NULL,2,NULL,NULL,0,NULL,0,NULL,1,NULL,0),(711,234,261,7,'General','2008-09-10 00:00:00',NULL,NULL,NULL,NULL,NULL,NULL,2,NULL,NULL,0,NULL,0,NULL,1,NULL,0),(712,38,262,7,'Student','2008-09-09 00:00:00',NULL,NULL,NULL,NULL,NULL,NULL,2,NULL,NULL,0,NULL,0,NULL,1,NULL,0),(713,165,263,7,'General','2008-09-08 00:00:00',NULL,NULL,NULL,NULL,NULL,NULL,2,NULL,NULL,0,NULL,0,NULL,1,NULL,0),(714,314,264,7,'Lifetime','2008-09-07 00:00:00',NULL,NULL,NULL,NULL,NULL,NULL,2,NULL,NULL,0,NULL,0,NULL,1,NULL,0),(715,453,265,7,'General','2001-08-15 00:00:00',NULL,NULL,NULL,NULL,NULL,NULL,2,NULL,NULL,0,NULL,0,NULL,1,NULL,0),(716,138,266,7,'Student','2008-09-05 00:00:00',NULL,NULL,NULL,NULL,NULL,NULL,2,NULL,NULL,0,NULL,0,NULL,1,NULL,0),(717,272,267,7,'General','2008-09-04 00:00:00',NULL,NULL,NULL,NULL,NULL,NULL,2,NULL,NULL,0,NULL,0,NULL,1,NULL,0),(718,173,268,7,'Student','2008-09-03 00:00:00',NULL,NULL,NULL,NULL,NULL,NULL,2,NULL,NULL,0,NULL,0,NULL,1,NULL,0),(719,70,269,7,'General','2008-09-02 00:00:00',NULL,NULL,NULL,NULL,NULL,NULL,2,NULL,NULL,0,NULL,0,NULL,1,NULL,0),(720,101,270,7,'Student','2007-09-02 00:00:00',NULL,NULL,NULL,NULL,NULL,NULL,2,NULL,NULL,0,NULL,0,NULL,1,NULL,0),(721,478,271,7,'General','2008-08-31 00:00:00',NULL,NULL,NULL,NULL,NULL,NULL,2,NULL,NULL,0,NULL,0,NULL,1,NULL,0),(722,27,272,7,'Student','2008-08-30 00:00:00',NULL,NULL,NULL,NULL,NULL,NULL,2,NULL,NULL,0,NULL,0,NULL,1,NULL,0),(723,269,273,7,'General','2008-08-29 00:00:00',NULL,NULL,NULL,NULL,NULL,NULL,2,NULL,NULL,0,NULL,0,NULL,1,NULL,0),(724,205,274,7,'Student','2008-08-28 00:00:00',NULL,NULL,NULL,NULL,NULL,NULL,2,NULL,NULL,0,NULL,0,NULL,1,NULL,0),(725,262,275,7,'Lifetime','2008-08-27 00:00:00',NULL,NULL,NULL,NULL,NULL,NULL,2,NULL,NULL,0,NULL,0,NULL,1,NULL,0),(726,141,276,7,'Student','2008-08-26 00:00:00',NULL,NULL,NULL,NULL,NULL,NULL,2,NULL,NULL,0,NULL,0,NULL,1,NULL,0),(727,410,277,7,'General','2008-08-25 00:00:00',NULL,NULL,NULL,NULL,NULL,NULL,2,NULL,NULL,0,NULL,0,NULL,1,NULL,0),(728,228,278,7,'Student','2008-08-24 00:00:00',NULL,NULL,NULL,NULL,NULL,NULL,2,NULL,NULL,0,NULL,0,NULL,1,NULL,0),(729,472,279,7,'General','2008-08-23 00:00:00',NULL,NULL,NULL,NULL,NULL,NULL,2,NULL,NULL,0,NULL,0,NULL,1,NULL,0),(730,132,280,7,'Student','2007-08-23 00:00:00',NULL,NULL,NULL,NULL,NULL,NULL,2,NULL,NULL,0,NULL,0,NULL,1,NULL,0),(731,199,281,7,'General','2008-08-21 00:00:00',NULL,NULL,NULL,NULL,NULL,NULL,2,NULL,NULL,0,NULL,0,NULL,1,NULL,0),(732,366,282,7,'Student','2008-08-20 00:00:00',NULL,NULL,NULL,NULL,NULL,NULL,2,NULL,NULL,0,NULL,0,NULL,1,NULL,0),(733,152,283,7,'General','2008-08-19 00:00:00',NULL,NULL,NULL,NULL,NULL,NULL,2,NULL,NULL,0,NULL,0,NULL,1,NULL,0),(734,315,284,7,'Student','2008-08-18 00:00:00',NULL,NULL,NULL,NULL,NULL,NULL,2,NULL,NULL,0,NULL,0,NULL,1,NULL,0),(735,287,285,7,'General','2001-03-08 00:00:00',NULL,NULL,NULL,NULL,NULL,NULL,2,NULL,NULL,0,NULL,0,NULL,1,NULL,0),(736,308,286,7,'Lifetime','2008-08-16 00:00:00',NULL,NULL,NULL,NULL,NULL,NULL,2,NULL,NULL,0,NULL,0,NULL,1,NULL,0),(737,121,287,7,'General','2008-08-15 00:00:00',NULL,NULL,NULL,NULL,NULL,NULL,2,NULL,NULL,0,NULL,0,NULL,1,NULL,0),(738,265,288,7,'Student','2008-08-14 00:00:00',NULL,NULL,NULL,NULL,NULL,NULL,2,NULL,NULL,0,NULL,0,NULL,1,NULL,0),(739,89,289,7,'General','2008-08-13 00:00:00',NULL,NULL,NULL,NULL,NULL,NULL,2,NULL,NULL,0,NULL,0,NULL,1,NULL,0),(740,126,290,7,'General','2001-01-27 00:00:00',NULL,NULL,NULL,NULL,NULL,NULL,2,NULL,NULL,0,NULL,0,NULL,1,NULL,0),(741,277,291,7,'General','2008-08-11 00:00:00',NULL,NULL,NULL,NULL,NULL,NULL,2,NULL,NULL,0,NULL,0,NULL,1,NULL,0),(742,310,292,7,'Student','2008-08-10 00:00:00',NULL,NULL,NULL,NULL,NULL,NULL,2,NULL,NULL,0,NULL,0,NULL,1,NULL,0),(743,258,293,7,'General','2008-08-09 00:00:00',NULL,NULL,NULL,NULL,NULL,NULL,2,NULL,NULL,0,NULL,0,NULL,1,NULL,0),(744,30,294,7,'Student','2008-08-08 00:00:00',NULL,NULL,NULL,NULL,NULL,NULL,2,NULL,NULL,0,NULL,0,NULL,1,NULL,0),(745,51,295,7,'General','2000-12-18 00:00:00',NULL,NULL,NULL,NULL,NULL,NULL,2,NULL,NULL,0,NULL,0,NULL,1,NULL,0),(746,9,296,7,'Student','2008-08-06 00:00:00',NULL,NULL,NULL,NULL,NULL,NULL,2,NULL,NULL,0,NULL,0,NULL,1,NULL,0),(747,75,297,7,'Lifetime','2008-08-05 00:00:00',NULL,NULL,NULL,NULL,NULL,NULL,2,NULL,NULL,0,NULL,0,NULL,1,NULL,0),(748,196,298,7,'Student','2008-08-04 00:00:00',NULL,NULL,NULL,NULL,NULL,NULL,2,NULL,NULL,0,NULL,0,NULL,1,NULL,0),(749,6,299,7,'General','2008-08-03 00:00:00',NULL,NULL,NULL,NULL,NULL,NULL,2,NULL,NULL,0,NULL,0,NULL,1,NULL,0),(750,49,300,7,'Student','2007-08-03 00:00:00',NULL,NULL,NULL,NULL,NULL,NULL,2,NULL,NULL,0,NULL,0,NULL,1,NULL,0),(751,237,301,7,'General','2008-08-01 00:00:00',NULL,NULL,NULL,NULL,NULL,NULL,2,NULL,NULL,0,NULL,0,NULL,1,NULL,0),(752,373,302,7,'Student','2008-07-31 00:00:00',NULL,NULL,NULL,NULL,NULL,NULL,2,NULL,NULL,0,NULL,0,NULL,1,NULL,0),(753,456,303,7,'General','2008-07-30 00:00:00',NULL,NULL,NULL,NULL,NULL,NULL,2,NULL,NULL,0,NULL,0,NULL,1,NULL,0),(754,139,304,7,'Student','2008-07-29 00:00:00',NULL,NULL,NULL,NULL,NULL,NULL,2,NULL,NULL,0,NULL,0,NULL,1,NULL,0),(755,458,305,7,'Student','2007-07-29 00:00:00',NULL,NULL,NULL,NULL,NULL,NULL,2,NULL,NULL,0,NULL,0,NULL,1,NULL,0),(756,43,306,7,'Student','2008-07-27 00:00:00',NULL,NULL,NULL,NULL,NULL,NULL,2,NULL,NULL,0,NULL,0,NULL,1,NULL,0),(757,267,307,7,'General','2008-07-26 00:00:00',NULL,NULL,NULL,NULL,NULL,NULL,2,NULL,NULL,0,NULL,0,NULL,1,NULL,0),(758,11,308,7,'Lifetime','2008-07-25 00:00:00',NULL,NULL,NULL,NULL,NULL,NULL,2,NULL,NULL,0,NULL,0,NULL,1,NULL,0),(759,423,309,7,'General','2008-07-24 00:00:00',NULL,NULL,NULL,NULL,NULL,NULL,2,NULL,NULL,0,NULL,0,NULL,1,NULL,0),(760,445,310,7,'Student','2007-07-24 00:00:00',NULL,NULL,NULL,NULL,NULL,NULL,2,NULL,NULL,0,NULL,0,NULL,1,NULL,0),(761,399,311,7,'General','2008-07-22 00:00:00',NULL,NULL,NULL,NULL,NULL,NULL,2,NULL,NULL,0,NULL,0,NULL,1,NULL,0),(762,483,312,7,'Student','2008-07-21 00:00:00',NULL,NULL,NULL,NULL,NULL,NULL,2,NULL,NULL,0,NULL,0,NULL,1,NULL,0),(763,97,313,7,'General','2008-07-20 00:00:00',NULL,NULL,NULL,NULL,NULL,NULL,2,NULL,NULL,0,NULL,0,NULL,1,NULL,0),(764,266,314,7,'Student','2008-07-19 00:00:00',NULL,NULL,NULL,NULL,NULL,NULL,2,NULL,NULL,0,NULL,0,NULL,1,NULL,0),(765,497,315,7,'Student','2007-07-19 00:00:00',NULL,NULL,NULL,NULL,NULL,NULL,2,NULL,NULL,0,NULL,0,NULL,1,NULL,0),(766,489,316,7,'Student','2008-07-17 00:00:00',NULL,NULL,NULL,NULL,NULL,NULL,2,NULL,NULL,0,NULL,0,NULL,1,NULL,0),(767,253,317,7,'General','2008-07-16 00:00:00',NULL,NULL,NULL,NULL,NULL,NULL,2,NULL,NULL,0,NULL,0,NULL,1,NULL,0),(768,424,318,7,'Student','2008-07-15 00:00:00',NULL,NULL,NULL,NULL,NULL,NULL,2,NULL,NULL,0,NULL,0,NULL,1,NULL,0),(769,417,319,7,'Lifetime','2008-07-14 00:00:00',NULL,NULL,NULL,NULL,NULL,NULL,2,NULL,NULL,0,NULL,0,NULL,1,NULL,0),(770,200,320,7,'General','2000-06-01 00:00:00',NULL,NULL,NULL,NULL,NULL,NULL,2,NULL,NULL,0,NULL,0,NULL,1,NULL,0),(771,303,321,7,'General','2008-07-12 00:00:00',NULL,NULL,NULL,NULL,NULL,NULL,2,NULL,NULL,0,NULL,0,NULL,1,NULL,0),(772,274,322,7,'Student','2008-07-11 00:00:00',NULL,NULL,NULL,NULL,NULL,NULL,2,NULL,NULL,0,NULL,0,NULL,1,NULL,0),(773,286,323,7,'General','2008-07-10 00:00:00',NULL,NULL,NULL,NULL,NULL,NULL,2,NULL,NULL,0,NULL,0,NULL,1,NULL,0),(774,270,324,7,'Student','2008-07-09 00:00:00',NULL,NULL,NULL,NULL,NULL,NULL,2,NULL,NULL,0,NULL,0,NULL,1,NULL,0),(775,388,325,7,'General','2000-04-22 00:00:00',NULL,NULL,NULL,NULL,NULL,NULL,2,NULL,NULL,0,NULL,0,NULL,1,NULL,0),(776,293,326,7,'Student','2008-07-07 00:00:00',NULL,NULL,NULL,NULL,NULL,NULL,2,NULL,NULL,0,NULL,0,NULL,1,NULL,0),(777,7,327,7,'General','2008-07-06 00:00:00',NULL,NULL,NULL,NULL,NULL,NULL,2,NULL,NULL,0,NULL,0,NULL,1,NULL,0),(778,31,328,7,'Student','2008-07-05 00:00:00',NULL,NULL,NULL,NULL,NULL,NULL,2,NULL,NULL,0,NULL,0,NULL,1,NULL,0),(779,405,329,7,'General','2008-07-04 00:00:00',NULL,NULL,NULL,NULL,NULL,NULL,2,NULL,NULL,0,NULL,0,NULL,1,NULL,0),(780,44,330,7,'Lifetime','2008-07-03 00:00:00',NULL,NULL,NULL,NULL,NULL,NULL,2,NULL,NULL,0,NULL,0,NULL,1,NULL,0),(781,334,331,7,'General','2008-07-02 00:00:00',NULL,NULL,NULL,NULL,NULL,NULL,2,NULL,NULL,0,NULL,0,NULL,1,NULL,0),(782,106,332,7,'Student','2008-07-01 00:00:00',NULL,NULL,NULL,NULL,NULL,NULL,2,NULL,NULL,0,NULL,0,NULL,1,NULL,0),(783,339,333,7,'General','2008-06-30 00:00:00',NULL,NULL,NULL,NULL,NULL,NULL,2,NULL,NULL,0,NULL,0,NULL,1,NULL,0),(784,131,334,7,'Student','2008-06-29 00:00:00',NULL,NULL,NULL,NULL,NULL,NULL,2,NULL,NULL,0,NULL,0,NULL,1,NULL,0),(785,329,335,7,'General','2000-02-02 00:00:00',NULL,NULL,NULL,NULL,NULL,NULL,2,NULL,NULL,0,NULL,0,NULL,1,NULL,0),(786,64,336,7,'Student','2008-06-27 00:00:00',NULL,NULL,NULL,NULL,NULL,NULL,2,NULL,NULL,0,NULL,0,NULL,1,NULL,0),(787,12,337,7,'General','2008-06-26 00:00:00',NULL,NULL,NULL,NULL,NULL,NULL,2,NULL,NULL,0,NULL,0,NULL,1,NULL,0),(788,377,338,7,'Student','2008-06-25 00:00:00',NULL,NULL,NULL,NULL,NULL,NULL,2,NULL,NULL,0,NULL,0,NULL,1,NULL,0),(789,35,339,7,'General','2008-06-24 00:00:00',NULL,NULL,NULL,NULL,NULL,NULL,2,NULL,NULL,0,NULL,0,NULL,1,NULL,0),(790,179,340,7,'General','1999-12-24 00:00:00',NULL,NULL,NULL,NULL,NULL,NULL,2,NULL,NULL,0,NULL,0,NULL,1,NULL,0),(791,271,341,7,'Lifetime','2008-06-22 00:00:00',NULL,NULL,NULL,NULL,NULL,NULL,2,NULL,NULL,0,NULL,0,NULL,1,NULL,0),(792,164,342,7,'Student','2008-06-21 00:00:00',NULL,NULL,NULL,NULL,NULL,NULL,2,NULL,NULL,0,NULL,0,NULL,1,NULL,0),(793,95,343,7,'General','2008-06-20 00:00:00',NULL,NULL,NULL,NULL,NULL,NULL,2,NULL,NULL,0,NULL,0,NULL,1,NULL,0),(794,71,344,7,'Student','2008-06-19 00:00:00',NULL,NULL,NULL,NULL,NULL,NULL,2,NULL,NULL,0,NULL,0,NULL,1,NULL,0),(795,19,345,7,'Student','2007-06-19 00:00:00',NULL,NULL,NULL,NULL,NULL,NULL,2,NULL,NULL,0,NULL,0,NULL,1,NULL,0),(796,249,346,7,'Student','2008-06-17 00:00:00',NULL,NULL,NULL,NULL,NULL,NULL,2,NULL,NULL,0,NULL,0,NULL,1,NULL,0),(797,50,347,7,'General','2008-06-16 00:00:00',NULL,NULL,NULL,NULL,NULL,NULL,2,NULL,NULL,0,NULL,0,NULL,1,NULL,0),(798,55,348,7,'Student','2008-06-15 00:00:00',NULL,NULL,NULL,NULL,NULL,NULL,2,NULL,NULL,0,NULL,0,NULL,1,NULL,0),(799,151,349,7,'General','2008-06-14 00:00:00',NULL,NULL,NULL,NULL,NULL,NULL,2,NULL,NULL,0,NULL,0,NULL,1,NULL,0),(800,175,350,7,'General','1999-10-05 00:00:00',NULL,NULL,NULL,NULL,NULL,NULL,2,NULL,NULL,0,NULL,0,NULL,1,NULL,0);
/*!40000 ALTER TABLE `civicrm_activity` ENABLE KEYS */;
UNLOCK TABLES;

--
-- Dumping data for table `civicrm_activity_assignment`
--

LOCK TABLES `civicrm_activity_assignment` WRITE;
/*!40000 ALTER TABLE `civicrm_activity_assignment` DISABLE KEYS */;
INSERT INTO `civicrm_activity_assignment` (`id`, `activity_id`, `assignee_contact_id`) VALUES (16,53,1),(40,168,3),(8,25,4),(112,438,4),(84,318,6),(19,61,8),(74,293,8),(18,58,9),(13,43,10),(54,215,10),(93,360,10),(58,228,11),(42,176,12),(45,191,12),(56,225,12),(98,374,12),(106,400,12),(114,446,12),(104,395,13),(50,206,15),(85,325,15),(2,4,17),(55,223,18),(28,116,19),(43,187,19),(46,198,19),(23,97,20),(97,373,20),(77,300,21),(3,6,22),(53,214,23),(7,17,25),(76,297,25),(32,143,26),(83,316,26),(30,133,27),(90,347,27),(108,407,27),(39,167,29),(105,397,29),(82,315,31),(15,52,32),(12,41,33),(87,339,35),(99,375,36),(14,46,37),(20,77,37),(41,175,38),(47,202,38),(26,109,39),(29,121,39),(109,408,41),(81,313,42),(101,382,42),(111,420,43),(67,259,45),(95,364,45),(107,403,45),(17,55,47),(22,82,47),(102,385,47),(62,242,48),(72,286,51),(80,305,51),(71,283,53),(25,108,54),(100,380,54),(63,243,55),(9,30,56),(65,246,56),(24,106,57),(110,411,57),(33,150,58),(49,205,59),(94,361,59),(5,11,60),(34,151,60),(38,161,61),(51,209,61),(4,10,62),(88,343,63),(37,160,64),(52,211,65),(68,267,65),(78,301,65),(6,13,66),(103,386,66),(61,238,67),(86,328,68),(69,274,69),(36,156,73),(44,188,73),(73,290,73),(60,237,74),(91,348,74),(27,112,76),(21,79,80),(64,245,80),(113,444,80),(1,1,82),(31,141,83),(59,230,84),(75,296,84),(10,35,85),(11,40,85),(79,303,85),(70,277,86),(57,227,87),(92,351,94),(96,371,95),(48,204,98),(35,153,101),(66,247,101),(89,344,101);
/*!40000 ALTER TABLE `civicrm_activity_assignment` ENABLE KEYS */;
UNLOCK TABLES;

--
-- Dumping data for table `civicrm_activity_target`
--

LOCK TABLES `civicrm_activity_target` WRITE;
/*!40000 ALTER TABLE `civicrm_activity_target` DISABLE KEYS */;
INSERT INTO `civicrm_activity_target` (`id`, `activity_id`, `target_contact_id`) VALUES (56,224,2),(79,326,2),(89,359,3),(115,445,3),(66,273,6),(81,332,7),(92,365,7),(55,218,8),(59,232,9),(83,342,10),(95,379,10),(38,145,11),(90,362,12),(45,177,13),(75,302,13),(19,85,14),(41,162,15),(85,346,15),(87,355,15),(94,377,15),(49,195,16),(60,234,18),(84,345,18),(61,240,19),(64,261,20),(97,391,20),(74,299,21),(70,280,22),(106,426,22),(113,439,22),(76,319,23),(37,136,24),(4,19,25),(99,393,25),(26,103,30),(102,415,31),(98,392,35),(28,110,36),(44,173,36),(46,179,38),(12,69,39),(20,86,39),(36,130,40),(6,38,41),(7,44,41),(47,182,43),(27,105,45),(29,115,45),(68,276,46),(42,164,47),(73,298,47),(116,449,47),(63,252,48),(109,430,48),(111,436,48),(88,358,49),(2,7,52),(35,128,52),(96,389,52),(16,78,54),(51,207,54),(32,122,55),(50,197,55),(22,98,57),(86,352,58),(53,212,61),(31,119,62),(9,66,63),(23,99,63),(101,406,63),(107,428,64),(108,429,65),(57,226,66),(105,425,66),(52,210,67),(80,329,67),(14,75,68),(3,15,69),(43,166,69),(69,278,69),(18,84,71),(21,88,72),(93,367,72),(103,416,72),(33,125,73),(78,324,74),(104,423,74),(54,216,75),(39,147,76),(82,338,76),(114,443,76),(15,76,77),(58,229,77),(110,432,80),(65,269,81),(34,127,82),(40,159,84),(5,27,86),(8,50,86),(10,67,86),(62,250,86),(48,186,87),(13,73,88),(30,117,88),(25,102,90),(100,402,90),(67,275,92),(71,289,92),(77,321,92),(24,101,93),(72,295,93),(1,3,94),(11,68,96),(17,80,99),(91,363,101),(112,437,101);
/*!40000 ALTER TABLE `civicrm_activity_target` ENABLE KEYS */;
UNLOCK TABLES;

--
-- Dumping data for table `civicrm_address`
--

LOCK TABLES `civicrm_address` WRITE;
/*!40000 ALTER TABLE `civicrm_address` DISABLE KEYS */;
INSERT INTO `civicrm_address` (`id`, `contact_id`, `location_type_id`, `is_primary`, `is_billing`, `street_address`, `street_number`, `street_number_suffix`, `street_number_predirectional`, `street_name`, `street_type`, `street_number_postdirectional`, `street_unit`, `supplemental_address_1`, `supplemental_address_2`, `supplemental_address_3`, `city`, `county_id`, `state_province_id`, `postal_code_suffix`, `postal_code`, `usps_adc`, `country_id`, `geo_code_1`, `geo_code_2`, `timezone`, `name`) VALUES (1,NULL,1,1,1,'S 15S El Camino Way E',14,'S',NULL,'El Camino','Way',NULL,NULL,NULL,NULL,NULL,'Collinsville',NULL,1006,NULL,'6022',NULL,1228,41.8328,-72.9253,NULL,NULL),(2,317,1,1,0,'NE 282Z Green Pl SE',282,'Z','NE','Green','Pl','SE',NULL,'Payables Dept.',NULL,NULL,NULL,NULL,3815,NULL,NULL,NULL,1140,NULL,NULL,NULL,NULL),(3,87,1,1,0,'SW 998C Maple Rd S',998,'C','SW','Maple','Rd','S',NULL,'Cuffe Parade',NULL,NULL,NULL,NULL,2437,NULL,NULL,NULL,1198,NULL,NULL,NULL,NULL),(4,214,1,1,0,'S 170H Dowlen Ln NW',170,'H','S','Dowlen','Ln','NW',NULL,'Churchgate',NULL,NULL,NULL,NULL,2777,NULL,NULL,NULL,1226,NULL,NULL,NULL,NULL),(5,216,1,1,0,'E 296P Caulder Dr NE',296,'P','E','Caulder','Dr','NE',NULL,'Attn: Accounting',NULL,NULL,NULL,NULL,4148,NULL,NULL,NULL,1168,NULL,NULL,NULL,NULL),(6,323,1,1,0,'S 269U Caulder Ave W',269,'U','S','Caulder','Ave','W',NULL,'Subscriptions Dept',NULL,NULL,NULL,NULL,3697,NULL,NULL,NULL,1035,NULL,NULL,NULL,NULL),(7,112,1,1,0,'SW 319T Maple Pl SW',319,'T','SW','Maple','Pl','SW',NULL,'C/o PO Plus',NULL,NULL,NULL,NULL,3440,NULL,NULL,NULL,1111,NULL,NULL,NULL,NULL),(8,319,1,1,0,'NE 651I Pine Rd E',651,'I','NE','Pine','Rd','E',NULL,'Attn: Development',NULL,NULL,NULL,NULL,2130,NULL,NULL,NULL,1045,NULL,NULL,NULL,NULL),(9,481,1,1,0,'W 186K Main Way W',186,'K','W','Main','Way','W',NULL,'Attn: Accounting',NULL,NULL,NULL,NULL,4464,NULL,NULL,NULL,1193,NULL,NULL,NULL,NULL),(10,215,1,1,0,'NW 770H Martin Luther King Dr SE',770,'H','NW','Martin Luther King','Dr','SE',NULL,'Urgent',NULL,NULL,NULL,NULL,NULL,NULL,NULL,NULL,NULL,NULL,NULL,NULL,NULL),(11,480,1,1,0,'NE 183C College Path W',183,'C','NE','College','Path','W',NULL,'C/o PO Plus',NULL,NULL,NULL,NULL,3813,NULL,NULL,NULL,1140,NULL,NULL,NULL,NULL),(12,384,1,1,0,'SW 361P Maple Pl SE',361,'P','SW','Maple','Pl','SE',NULL,'Donor Relations',NULL,NULL,NULL,NULL,4307,NULL,NULL,NULL,1178,NULL,NULL,NULL,NULL),(13,86,1,1,0,'SW 135U Pine Dr S',135,'U','SW','Pine','Dr','S',NULL,'Donor Relations',NULL,NULL,NULL,NULL,2550,NULL,NULL,NULL,1076,NULL,NULL,NULL,NULL),(14,226,1,1,0,'S 65V Dowlen Pl SE',65,'V','S','Dowlen','Pl','SE',NULL,'Churchgate',NULL,NULL,NULL,NULL,1699,NULL,NULL,NULL,1015,NULL,NULL,NULL,NULL),(15,356,1,1,0,'E 785G Northpoint Pl W',785,'G','E','Northpoint','Pl','W',NULL,'Mailstop 101',NULL,NULL,NULL,NULL,4374,NULL,NULL,NULL,1204,NULL,NULL,NULL,NULL),(16,43,1,1,0,'N 471A Dowlen Path N',471,'A','N','Dowlen','Path','N',NULL,'Churchgate',NULL,NULL,NULL,NULL,4328,NULL,NULL,NULL,1194,NULL,NULL,NULL,NULL),(17,334,1,1,0,'W 532Q El Camino Blvd W',532,'Q','W','El Camino','Blvd','W',NULL,'Attn: Development',NULL,NULL,NULL,NULL,5106,NULL,NULL,NULL,1185,NULL,NULL,NULL,NULL),(18,70,1,1,0,'SW 242W Lincoln Path NE',242,'W','SW','Lincoln','Path','NE',NULL,'Attn: Development',NULL,NULL,NULL,NULL,3414,NULL,NULL,NULL,1115,NULL,NULL,NULL,NULL),(19,405,1,1,0,'SW 355B Van Ness Dr SE',355,'B','SW','Van Ness','Dr','SE',NULL,'C/o PO Plus',NULL,NULL,NULL,NULL,1540,NULL,NULL,NULL,1002,NULL,NULL,NULL,NULL),(20,327,1,1,0,'NE 970O Bay Ave SE',970,'O','NE','Bay','Ave','SE',NULL,'Attn: Accounting',NULL,NULL,NULL,NULL,2122,NULL,NULL,NULL,1045,NULL,NULL,NULL,NULL),(21,267,1,1,0,'SE 899B Second Path W',899,'B','SE','Second','Path','W',NULL,'Attn: Development',NULL,NULL,NULL,NULL,5120,NULL,NULL,NULL,1237,NULL,NULL,NULL,NULL),(22,292,1,1,0,'NW 687V Green Ave SE',687,'V','NW','Green','Ave','SE',NULL,'Editorial Dept',NULL,NULL,NULL,NULL,3488,NULL,NULL,NULL,1199,NULL,NULL,NULL,NULL),(23,413,1,1,0,'E 11B Green Dr NE',11,'B','E','Green','Dr','NE',NULL,'Payables Dept.',NULL,NULL,NULL,NULL,3411,NULL,NULL,NULL,1115,NULL,NULL,NULL,NULL),(24,321,1,1,0,'NW 373Q Beech Path E',373,'Q','NW','Beech','Path','E',NULL,'C/o OPDC',NULL,NULL,NULL,NULL,4874,NULL,NULL,NULL,1210,NULL,NULL,NULL,NULL),(25,251,1,1,0,'S 544H Jackson Dr NW',544,'H','S','Jackson','Dr','NW',NULL,'Editorial Dept',NULL,NULL,NULL,NULL,5040,NULL,NULL,NULL,1233,NULL,NULL,NULL,NULL),(26,466,1,1,0,'SE 680I Green Path NE',680,'I','SE','Green','Path','NE',NULL,'Community Relations',NULL,NULL,NULL,NULL,4507,NULL,NULL,NULL,1193,NULL,NULL,NULL,NULL),(27,180,1,1,0,'S 302O Cadell Dr W',302,'O','S','Cadell','Dr','W',NULL,'Community Relations',NULL,NULL,NULL,NULL,5166,NULL,NULL,NULL,1075,NULL,NULL,NULL,NULL),(28,30,1,1,0,'NE 998Y Lincoln Ln NW',998,'Y','NE','Lincoln','Ln','NW',NULL,'Payables Dept.',NULL,NULL,NULL,NULL,3850,NULL,NULL,NULL,1131,NULL,NULL,NULL,NULL),(29,15,1,1,0,'SE 253X Martin Luther King Pl W',253,'X','SE','Martin Luther King','Pl','W',NULL,'Editorial Dept',NULL,NULL,NULL,NULL,4563,NULL,NULL,NULL,1195,NULL,NULL,NULL,NULL),(30,362,1,1,0,'SW 304L Green Ave W',304,'L','SW','Green','Ave','W',NULL,'Mailstop 101',NULL,NULL,NULL,NULL,4578,NULL,NULL,NULL,1201,NULL,NULL,NULL,NULL),(31,290,1,1,0,'NE 478G Martin Luther King Ln NE',478,'G','NE','Martin Luther King','Ln','NE',NULL,'Churchgate',NULL,NULL,NULL,NULL,3157,NULL,NULL,NULL,1103,NULL,NULL,NULL,NULL),(32,430,1,1,0,'W 692Q Bay Path E',692,'Q','W','Bay','Path','E',NULL,'C/o PO Plus',NULL,NULL,NULL,NULL,4261,NULL,NULL,NULL,1177,NULL,NULL,NULL,NULL),(33,381,1,1,0,'NW 779J Second Rd SE',779,'J','NW','Second','Rd','SE',NULL,'Payables Dept.',NULL,NULL,NULL,NULL,2250,NULL,NULL,NULL,1082,NULL,NULL,NULL,NULL),(34,217,1,1,0,'SW 227Q Cadell Path NE',227,'Q','SW','Cadell','Path','NE',NULL,'Attn: Accounting',NULL,NULL,NULL,NULL,4142,NULL,NULL,NULL,1173,NULL,NULL,NULL,NULL),(35,154,1,1,0,'NE 603R Dowlen St S',603,'R','NE','Dowlen','St','S',NULL,'Cuffe Parade',NULL,NULL,NULL,NULL,3788,NULL,NULL,NULL,1130,NULL,NULL,NULL,NULL),(36,61,1,1,0,'N 567J Main Path SE',567,'J','N','Main','Path','SE',NULL,'Subscriptions Dept',NULL,NULL,NULL,NULL,3894,NULL,NULL,NULL,1157,NULL,NULL,NULL,NULL),(37,42,1,1,0,'S 437V Bay Ln W',437,'V','S','Bay','Ln','W',NULL,'Attn: Accounting',NULL,NULL,NULL,NULL,1669,NULL,NULL,NULL,1015,NULL,NULL,NULL,NULL),(38,477,1,1,0,'SE 958J Caulder Dr SE',958,'J','SE','Caulder','Dr','SE',NULL,'Payables Dept.',NULL,NULL,NULL,NULL,2282,NULL,NULL,NULL,1062,NULL,NULL,NULL,NULL),(39,147,1,1,0,'N 17H College Dr NW',17,'H','N','College','Dr','NW',NULL,'Churchgate',NULL,NULL,NULL,NULL,4114,NULL,NULL,NULL,1170,NULL,NULL,NULL,NULL),(40,329,1,1,0,'W 301T Martin Luther King Pl N',301,'T','W','Martin Luther King','Pl','N',NULL,'Disbursements',NULL,NULL,NULL,NULL,4071,NULL,NULL,NULL,1170,NULL,NULL,NULL,NULL),(41,109,1,1,0,'W 256V Lincoln Path NW',256,'V','W','Lincoln','Path','NW',NULL,'Payables Dept.',NULL,NULL,NULL,NULL,4174,NULL,NULL,NULL,1176,NULL,NULL,NULL,NULL),(42,116,1,1,0,'W 912C Martin Luther King Path SE',912,'C','W','Martin Luther King','Path','SE',NULL,'Editorial Dept',NULL,NULL,NULL,NULL,3790,NULL,NULL,NULL,1130,NULL,NULL,NULL,NULL),(43,229,1,1,0,'E 781J Caulder Way NE',781,'J','E','Caulder','Way','NE',NULL,'Attn: Accounting',NULL,NULL,NULL,NULL,3071,NULL,NULL,NULL,1102,NULL,NULL,NULL,NULL),(44,434,1,1,0,'SE 195Y Jackson Ln E',195,'Y','SE','Jackson','Ln','E',NULL,'Attn: Development',NULL,NULL,NULL,NULL,3335,NULL,NULL,NULL,1108,NULL,NULL,NULL,NULL),(45,261,1,1,0,'N 28V Pine Way SW',28,'V','N','Pine','Way','SW',NULL,'Churchgate',NULL,NULL,NULL,NULL,2469,NULL,NULL,NULL,1198,NULL,NULL,NULL,NULL),(46,111,1,1,0,'S 382E Jackson Dr N',382,'E','S','Jackson','Dr','N',NULL,'Mailstop 101',NULL,NULL,NULL,NULL,2581,NULL,NULL,NULL,1076,NULL,NULL,NULL,NULL),(47,344,1,1,0,'W 839I College Dr SW',839,'I','W','College','Dr','SW',NULL,'Urgent',NULL,NULL,NULL,NULL,4249,NULL,NULL,NULL,1177,NULL,NULL,NULL,NULL),(48,418,1,1,0,'S 584K Maple Rd N',584,'K','S','Maple','Rd','N',NULL,'C/o OPDC',NULL,NULL,NULL,NULL,3287,NULL,NULL,NULL,1109,NULL,NULL,NULL,NULL),(49,404,1,1,0,'SE 326R College St S',326,'R','SE','College','St','S',NULL,'Donor Relations',NULL,NULL,NULL,NULL,2256,NULL,NULL,NULL,1060,NULL,NULL,NULL,NULL),(50,115,1,1,0,'SE 223T Caulder Dr NE',223,'T','SE','Caulder','Dr','NE',NULL,'Attn: Accounting',NULL,NULL,NULL,NULL,2191,NULL,NULL,NULL,1056,NULL,NULL,NULL,NULL),(51,97,1,1,0,'SE 848D Woodbridge Way SW',848,'D','SE','Woodbridge','Way','SW',NULL,'Urgent',NULL,NULL,NULL,NULL,2457,NULL,NULL,NULL,1198,NULL,NULL,NULL,NULL),(52,182,1,1,0,'E 904Z El Camino Ln SE',904,'Z','E','El Camino','Ln','SE',NULL,'Urgent',NULL,NULL,NULL,NULL,2958,NULL,NULL,NULL,1092,NULL,NULL,NULL,NULL),(53,337,1,1,0,'NW 634G Green Ave NE',634,'G','NW','Green','Ave','NE',NULL,'Disbursements',NULL,NULL,NULL,NULL,4945,NULL,NULL,NULL,1223,NULL,NULL,NULL,NULL),(54,370,1,1,0,'SE 250A Maple Rd SW',250,'A','SE','Maple','Rd','SW',NULL,'Editorial Dept',NULL,NULL,NULL,NULL,4139,NULL,NULL,NULL,1173,NULL,NULL,NULL,NULL),(55,106,1,1,0,'SW 572J Martin Luther King Pl E',572,'J','SW','Martin Luther King','Pl','E',NULL,'C/o PO Plus',NULL,NULL,NULL,NULL,1617,NULL,NULL,NULL,1010,NULL,NULL,NULL,NULL),(56,165,1,1,0,'NW 415J El Camino Ave SW',415,'J','NW','El Camino','Ave','SW',NULL,'Subscriptions Dept',NULL,NULL,NULL,NULL,1808,NULL,NULL,NULL,1034,NULL,NULL,NULL,NULL),(57,303,1,1,0,'SW 193K Main Path E',193,'K','SW','Main','Path','E',NULL,'Attn: Accounting',NULL,NULL,NULL,NULL,3242,NULL,NULL,NULL,1107,NULL,NULL,NULL,NULL),(58,314,1,1,0,'SE 414U Maple Pl S',414,'U','SE','Maple','Pl','S',NULL,'Payables Dept.',NULL,NULL,NULL,NULL,5102,NULL,NULL,NULL,1185,NULL,NULL,NULL,NULL),(59,5,1,1,0,'S 525G Martin Luther King Ave NW',525,'G','S','Martin Luther King','Ave','NW',NULL,'Cuffe Parade',NULL,NULL,NULL,NULL,2436,NULL,NULL,NULL,1198,NULL,NULL,NULL,NULL),(60,377,1,1,0,'NW 221V Green Dr S',221,'V','NW','Green','Dr','S',NULL,'C/o PO Plus',NULL,NULL,NULL,NULL,2285,NULL,NULL,NULL,1062,NULL,NULL,NULL,NULL),(61,497,1,1,0,'NW 125W Van Ness Way N',125,'W','NW','Van Ness','Way','N',NULL,'Disbursements',NULL,NULL,NULL,NULL,2182,NULL,NULL,NULL,1053,NULL,NULL,NULL,NULL),(62,202,1,1,0,'SE 74G Second Rd SE',74,'G','SE','Second','Rd','SE',NULL,'Churchgate',NULL,NULL,NULL,NULL,3000,NULL,NULL,NULL,1055,NULL,NULL,NULL,NULL),(63,244,1,1,0,'E 122V Dowlen Path NE',122,'V','E','Dowlen','Path','NE',NULL,'C/o OPDC',NULL,NULL,NULL,NULL,4686,NULL,NULL,NULL,1211,NULL,NULL,NULL,NULL),(64,428,1,1,0,'SE 484U Maple Pl E',484,'U','SE','Maple','Pl','E',NULL,'Attn: Development',NULL,NULL,NULL,NULL,4119,NULL,NULL,NULL,1163,NULL,NULL,NULL,NULL),(65,9,1,1,0,'NE 232B Second Blvd SE',232,'B','NE','Second','Blvd','SE',NULL,'Subscriptions Dept',NULL,NULL,NULL,NULL,3692,NULL,NULL,NULL,1133,NULL,NULL,NULL,NULL),(66,108,1,1,0,'S 375V Second Way W',375,'V','S','Second','Way','W',NULL,'Community Relations',NULL,NULL,NULL,NULL,2372,NULL,NULL,NULL,1064,NULL,NULL,NULL,NULL),(67,208,1,1,0,'NW 607Z Woodbridge Ave SW',607,'Z','NW','Woodbridge','Ave','SW',NULL,'Receiving',NULL,NULL,NULL,NULL,3071,NULL,NULL,NULL,1102,NULL,NULL,NULL,NULL),(68,110,1,1,0,'NE 299Y Woodbridge Pl SE',299,'Y','NE','Woodbridge','Pl','SE',NULL,'Donor Relations',NULL,NULL,NULL,NULL,4190,NULL,NULL,NULL,1176,NULL,NULL,NULL,NULL),(69,355,1,1,0,'S 783Y Caulder Path NW',783,'Y','S','Caulder','Path','NW',NULL,'Attn: Development',NULL,NULL,NULL,NULL,4747,NULL,NULL,NULL,1219,NULL,NULL,NULL,NULL),(70,414,1,1,0,'SW 912H Maple Ave S',912,'H','SW','Maple','Ave','S',NULL,'Subscriptions Dept',NULL,NULL,NULL,NULL,4813,NULL,NULL,NULL,1219,NULL,NULL,NULL,NULL),(71,90,1,1,0,'NW 629D Martin Luther King Dr NW',629,'D','NW','Martin Luther King','Dr','NW',NULL,'Disbursements',NULL,NULL,NULL,NULL,3174,NULL,NULL,NULL,1107,NULL,NULL,NULL,NULL),(72,51,1,1,0,'NE 589F Bay Ln W',589,'F','NE','Bay','Ln','W',NULL,'Donor Relations',NULL,NULL,NULL,NULL,9000,NULL,NULL,NULL,1196,NULL,NULL,NULL,NULL),(73,140,1,1,0,'NE 633X El Camino Ln SE',633,'X','NE','El Camino','Ln','SE',NULL,'Receiving',NULL,NULL,NULL,NULL,2344,NULL,NULL,NULL,1003,NULL,NULL,NULL,NULL),(74,476,1,1,0,'E 51J Main Way NW',51,'J','E','Main','Way','NW',NULL,'Churchgate',NULL,NULL,NULL,NULL,2333,NULL,NULL,NULL,1003,NULL,NULL,NULL,NULL),(75,285,1,1,0,'W 231L Caulder Dr SE',231,'L','W','Caulder','Dr','SE',NULL,'Donor Relations',NULL,NULL,NULL,NULL,4883,NULL,NULL,NULL,1210,NULL,NULL,NULL,NULL),(76,420,1,1,0,'S 511C Woodbridge Ave SE',511,'C','S','Woodbridge','Ave','SE',NULL,'Receiving',NULL,NULL,NULL,NULL,4125,NULL,NULL,NULL,1163,NULL,NULL,NULL,NULL),(77,332,1,1,0,'SE 352A College Blvd N',352,'A','SE','College','Blvd','N',NULL,'Disbursements',NULL,NULL,NULL,NULL,2705,NULL,NULL,NULL,1226,NULL,NULL,NULL,NULL),(78,161,1,1,0,'NW 100B Maple Blvd NW',100,'B','NW','Maple','Blvd','NW',NULL,'Community Relations',NULL,NULL,NULL,NULL,4313,NULL,NULL,NULL,1178,NULL,NULL,NULL,NULL),(79,498,1,1,0,'NW 605V El Camino Blvd E',605,'V','NW','El Camino','Blvd','E',NULL,'C/o OPDC',NULL,NULL,NULL,NULL,5182,NULL,NULL,NULL,1098,NULL,NULL,NULL,NULL),(80,467,1,1,0,'E 282T Van Ness Pl E',282,'T','E','Van Ness','Pl','E',NULL,'C/o PO Plus',NULL,NULL,NULL,NULL,2450,NULL,NULL,NULL,1198,NULL,NULL,NULL,NULL),(81,360,1,1,0,'SE 767N El Camino Way E',767,'N','SE','El Camino','Way','E',NULL,'Churchgate',NULL,NULL,NULL,NULL,3817,NULL,NULL,NULL,1140,NULL,NULL,NULL,NULL),(82,162,1,1,0,'E 522Q Maple Rd NW',522,'Q','E','Maple','Rd','NW',NULL,'Donor Relations',NULL,NULL,NULL,NULL,2386,NULL,NULL,NULL,1069,NULL,NULL,NULL,NULL),(83,300,1,1,0,'NW 697X Pine Ln E',697,'X','NW','Pine','Ln','E',NULL,'Payables Dept.',NULL,NULL,NULL,NULL,2619,NULL,NULL,NULL,1226,NULL,NULL,NULL,NULL),(84,220,1,1,0,'S 375N Bay Rd W',375,'N','S','Bay','Rd','W',NULL,'Disbursements',NULL,NULL,NULL,NULL,1888,NULL,NULL,NULL,1036,NULL,NULL,NULL,NULL),(85,318,1,1,0,'S 554H States Pl E',554,'H','S','States','Pl','E',NULL,'C/o PO Plus',NULL,NULL,NULL,NULL,4100,NULL,NULL,NULL,1170,NULL,NULL,NULL,NULL),(86,409,1,1,0,'S 524Y Van Ness Blvd W',524,'Y','S','Van Ness','Blvd','W',NULL,'Churchgate',NULL,NULL,NULL,NULL,3495,NULL,NULL,NULL,1122,NULL,NULL,NULL,NULL),(87,320,1,1,0,'SW 10R States Dr N',10,'R','SW','States','Dr','N',NULL,'Mailstop 101',NULL,NULL,NULL,NULL,1588,NULL,NULL,NULL,1006,NULL,NULL,NULL,NULL),(88,125,1,1,0,'E 553S Woodbridge Dr S',553,'S','E','Woodbridge','Dr','S',NULL,'Cuffe Parade',NULL,NULL,NULL,NULL,4063,NULL,NULL,NULL,1170,NULL,NULL,NULL,NULL),(89,146,1,1,0,'S 764J Northpoint Dr NE',764,'J','S','Northpoint','Dr','NE',NULL,'Payables Dept.',NULL,NULL,NULL,NULL,4071,NULL,NULL,NULL,1170,NULL,NULL,NULL,NULL),(90,191,1,1,0,'S 215C Pine Ave SE',215,'C','S','Pine','Ave','SE',NULL,'Attn: Accounting',NULL,NULL,NULL,NULL,1512,NULL,NULL,NULL,1001,NULL,NULL,NULL,NULL),(91,105,1,1,0,'E 377V Main Pl NE',377,'V','E','Main','Pl','NE',NULL,'Community Relations',NULL,NULL,NULL,NULL,2872,NULL,NULL,NULL,1067,NULL,NULL,NULL,NULL),(92,85,1,1,0,'N 464R Caulder Blvd NE',464,'R','N','Caulder','Blvd','NE',NULL,'Subscriptions Dept',NULL,NULL,NULL,NULL,NULL,NULL,NULL,NULL,NULL,NULL,NULL,NULL,NULL),(93,432,1,1,0,'N 773L Bay Rd NE',773,'L','N','Bay','Rd','NE',NULL,'Churchgate',NULL,NULL,NULL,NULL,2600,NULL,NULL,NULL,1226,NULL,NULL,NULL,NULL),(94,82,1,1,0,'E 304I Pine Way SW',304,'I','E','Pine','Way','SW',NULL,'Community Relations',NULL,NULL,NULL,NULL,4995,NULL,NULL,NULL,1229,NULL,NULL,NULL,NULL),(95,468,1,1,0,'N 18J Beech Way NE',18,'J','N','Beech','Way','NE',NULL,'Cuffe Parade',NULL,NULL,NULL,NULL,3387,NULL,NULL,NULL,1113,NULL,NULL,NULL,NULL),(96,3,1,1,0,'W 830W Dowlen Pl SE',830,'W','W','Dowlen','Pl','SE',NULL,'C/o OPDC',NULL,NULL,NULL,NULL,5202,NULL,NULL,NULL,1165,NULL,NULL,NULL,NULL),(97,444,1,1,0,'SE 242V Lincoln Ave NE',242,'V','SE','Lincoln','Ave','NE',NULL,'Editorial Dept',NULL,NULL,NULL,NULL,2612,NULL,NULL,NULL,1226,NULL,NULL,NULL,NULL),(98,13,1,1,0,'W 566K Second Ave S',566,'K','W','Second','Ave','S',NULL,'C/o PO Plus',NULL,NULL,NULL,NULL,3791,NULL,NULL,NULL,1130,NULL,NULL,NULL,NULL),(99,120,1,1,0,'W 865S Martin Luther King Dr SE',865,'S','W','Martin Luther King','Dr','SE',NULL,'Attn: Development',NULL,NULL,NULL,NULL,5041,NULL,NULL,NULL,1233,NULL,NULL,NULL,NULL),(100,76,1,1,0,'S 408T Green Pl S',408,'T','S','Green','Pl','S',NULL,'C/o PO Plus',NULL,NULL,NULL,NULL,1983,NULL,NULL,NULL,1024,NULL,NULL,NULL,NULL),(101,273,1,1,0,'N 334L El Camino Way E',334,'L','N','El Camino','Way','E',NULL,'Churchgate',NULL,NULL,NULL,NULL,3027,NULL,NULL,NULL,1099,NULL,NULL,NULL,NULL),(102,416,1,1,0,'S 886E Pine Pl SW',886,'E','S','Pine','Pl','SW',NULL,'Editorial Dept',NULL,NULL,NULL,NULL,1769,NULL,NULL,NULL,1017,NULL,NULL,NULL,NULL),(103,322,1,1,0,'S 807Q States Blvd SW',807,'Q','S','States','Blvd','SW',NULL,'Attn: Development',NULL,NULL,NULL,NULL,1897,NULL,NULL,NULL,1022,NULL,NULL,NULL,NULL),(104,408,1,1,0,'NW 154S Bay Path S',154,'S','NW','Bay','Path','S',NULL,'Disbursements',NULL,NULL,NULL,NULL,1607,NULL,NULL,NULL,1010,NULL,NULL,NULL,NULL),(105,99,1,1,0,'S 91O Lincoln Rd N',91,'O','S','Lincoln','Rd','N',NULL,'Attn: Accounting',NULL,NULL,NULL,NULL,4276,NULL,NULL,NULL,1177,NULL,NULL,NULL,NULL),(106,22,1,1,0,'E 83V Martin Luther King Pl E',83,'V','E','Martin Luther King','Pl','E',NULL,'Community Relations',NULL,NULL,NULL,NULL,4859,NULL,NULL,NULL,1208,NULL,NULL,NULL,NULL),(107,309,1,1,0,'W 56R Maple Ln NW',56,'R','W','Maple','Ln','NW',NULL,'Cuffe Parade',NULL,NULL,NULL,NULL,2346,NULL,NULL,NULL,1003,NULL,NULL,NULL,NULL),(108,486,1,1,0,'N 205K Pine Pl SE',205,'K','N','Pine','Pl','SE',NULL,'Donor Relations',NULL,NULL,NULL,NULL,1304,NULL,NULL,NULL,1172,NULL,NULL,NULL,NULL),(109,197,1,1,0,'NE 244X Martin Luther King Dr SW',244,'X','NE','Martin Luther King','Dr','SW',NULL,'Urgent',NULL,NULL,NULL,NULL,NULL,NULL,NULL,NULL,NULL,NULL,NULL,NULL,NULL),(110,398,1,1,0,'NW 511R College Dr SW',511,'R','NW','College','Dr','SW',NULL,'Churchgate',NULL,NULL,NULL,NULL,1921,NULL,NULL,NULL,1029,NULL,NULL,NULL,NULL),(111,385,1,1,0,'E 443B Maple Blvd E',443,'B','E','Maple','Blvd','E',NULL,'Attn: Development',NULL,NULL,NULL,NULL,NULL,NULL,NULL,NULL,NULL,NULL,NULL,NULL,NULL),(112,155,1,1,0,'NW 926Z Main Path N',926,'Z','NW','Main','Path','N',NULL,'C/o OPDC',NULL,NULL,NULL,NULL,4126,NULL,NULL,NULL,1173,NULL,NULL,NULL,NULL),(113,494,1,1,0,'NW 188Q College Rd N',188,'Q','NW','College','Rd','N',NULL,'Attn: Development',NULL,NULL,NULL,NULL,2855,NULL,NULL,NULL,1091,NULL,NULL,NULL,NULL),(114,114,1,1,0,'N 525V Dowlen Rd W',525,'V','N','Dowlen','Rd','W',NULL,'Urgent',NULL,NULL,NULL,NULL,4718,NULL,NULL,NULL,1218,NULL,NULL,NULL,NULL),(115,311,1,1,0,'W 157T Bay Dr NW',157,'T','W','Bay','Dr','NW',NULL,'Disbursements',NULL,NULL,NULL,NULL,4636,NULL,NULL,NULL,1211,NULL,NULL,NULL,NULL),(116,211,1,1,0,'S 350S States Way S',350,'S','S','States','Way','S',NULL,'Community Relations',NULL,NULL,NULL,NULL,3748,NULL,NULL,NULL,1138,NULL,NULL,NULL,NULL),(117,58,1,1,0,'SW 650H Jackson Blvd SW',650,'H','SW','Jackson','Blvd','SW',NULL,'Payables Dept.',NULL,NULL,NULL,NULL,3311,NULL,NULL,NULL,1109,NULL,NULL,NULL,NULL),(118,142,1,1,0,'SW 139B Cadell Ln SE',139,'B','SW','Cadell','Ln','SE',NULL,'Attn: Accounting',NULL,NULL,NULL,NULL,4319,NULL,NULL,NULL,1187,NULL,NULL,NULL,NULL),(119,24,1,1,0,'N 897L El Camino Dr NE',897,'L','N','El Camino','Dr','NE',NULL,'Mailstop 101',NULL,NULL,NULL,NULL,4799,NULL,NULL,NULL,1219,NULL,NULL,NULL,NULL),(120,68,1,1,0,'NE 460L Martin Luther King Path S',460,'L','NE','Martin Luther King','Path','S',NULL,'C/o PO Plus',NULL,NULL,NULL,NULL,3725,NULL,NULL,NULL,1144,NULL,NULL,NULL,NULL),(121,387,1,1,0,'E 998L States Path NE',998,'L','E','States','Path','NE',NULL,'Attn: Development',NULL,NULL,NULL,NULL,2703,NULL,NULL,NULL,1226,NULL,NULL,NULL,NULL),(122,26,1,1,0,'N 803Q Cadell Path W',803,'Q','N','Cadell','Path','W',NULL,'Attn: Development',NULL,NULL,NULL,NULL,NULL,NULL,NULL,NULL,NULL,NULL,NULL,NULL,NULL),(123,282,1,1,0,'S 406L Maple St E',406,'L','S','Maple','St','E',NULL,'Urgent',NULL,NULL,NULL,NULL,4281,NULL,NULL,NULL,1177,NULL,NULL,NULL,NULL),(124,241,1,1,0,'W 837F Main Dr SE',837,'F','W','Main','Dr','SE',NULL,'Churchgate',NULL,NULL,NULL,NULL,4799,NULL,NULL,NULL,1219,NULL,NULL,NULL,NULL),(125,46,1,1,0,'NE 249W Pine Blvd NW',249,'W','NE','Pine','Blvd','NW',NULL,'Attn: Development',NULL,NULL,NULL,NULL,2809,NULL,NULL,NULL,1226,NULL,NULL,NULL,NULL),(126,223,1,1,0,'E 461N Van Ness Rd NE',461,'N','E','Van Ness','Rd','NE',NULL,'Churchgate',NULL,NULL,NULL,NULL,3758,NULL,NULL,NULL,1132,NULL,NULL,NULL,NULL),(127,302,1,1,0,'NW 603I Dowlen Dr N',603,'I','NW','Dowlen','Dr','N',NULL,'C/o OPDC',NULL,NULL,NULL,NULL,5003,NULL,NULL,NULL,1230,NULL,NULL,NULL,NULL),(128,392,1,1,0,'W 897S Lincoln Rd N',897,'S','W','Lincoln','Rd','N',NULL,'Mailstop 101',NULL,NULL,NULL,NULL,2042,NULL,NULL,NULL,1051,NULL,NULL,NULL,NULL),(129,150,1,1,0,'NE 207I Bay Pl NW',207,'I','NE','Bay','Pl','NW',NULL,'Editorial Dept',NULL,NULL,NULL,NULL,NULL,NULL,NULL,NULL,NULL,NULL,NULL,NULL,NULL),(130,335,1,1,0,'NW 163R Maple Ave NW',163,'R','NW','Maple','Ave','NW',NULL,'Payables Dept.',NULL,NULL,NULL,NULL,2975,NULL,NULL,NULL,1097,NULL,NULL,NULL,NULL),(131,488,1,1,0,'SE 491R Green Rd SW',491,'R','SE','Green','Rd','SW',NULL,'Payables Dept.',NULL,NULL,NULL,NULL,1980,NULL,NULL,NULL,1024,NULL,NULL,NULL,NULL),(132,225,1,1,0,'SW 335G Maple Path SW',335,'G','SW','Maple','Path','SW',NULL,'Receiving',NULL,NULL,NULL,NULL,4944,NULL,NULL,NULL,1223,NULL,NULL,NULL,NULL),(133,122,1,1,0,'SE 114S Lincoln Dr SW',114,'S','SE','Lincoln','Dr','SW',NULL,'Urgent',NULL,NULL,NULL,NULL,5027,NULL,NULL,NULL,1232,NULL,NULL,NULL,NULL),(134,487,1,1,0,'N 35X Dowlen Dr W',35,'X','N','Dowlen','Dr','W',NULL,'Cuffe Parade',NULL,NULL,NULL,NULL,5169,NULL,NULL,NULL,1075,NULL,NULL,NULL,NULL),(135,177,1,1,0,'NE 367F College Pl SE',367,'F','NE','College','Pl','SE',NULL,'Urgent',NULL,NULL,NULL,NULL,3000,NULL,NULL,NULL,1055,NULL,NULL,NULL,NULL),(136,37,1,1,0,'SW 121U Main Ave SE',121,'U','SW','Main','Ave','SE',NULL,'Urgent',NULL,NULL,NULL,NULL,2727,NULL,NULL,NULL,1226,NULL,NULL,NULL,NULL),(137,473,1,1,0,'W 62F Pine Dr N',62,'F','W','Pine','Dr','N',NULL,'Mailstop 101',NULL,NULL,NULL,NULL,4631,NULL,NULL,NULL,1211,NULL,NULL,NULL,NULL),(138,346,1,1,0,'SW 929E Maple Path W',929,'E','SW','Maple','Path','W',NULL,'Cuffe Parade',NULL,NULL,NULL,NULL,4709,NULL,NULL,NULL,1220,NULL,NULL,NULL,NULL),(139,100,1,1,0,'NE 381L Beech Rd N',381,'L','NE','Beech','Rd','N',NULL,'Attn: Development',NULL,NULL,NULL,NULL,4189,NULL,NULL,NULL,1176,NULL,NULL,NULL,NULL),(140,48,1,1,0,'SE 736O Main St NE',736,'O','SE','Main','St','NE',NULL,'Mailstop 101',NULL,NULL,NULL,NULL,3162,NULL,NULL,NULL,1103,NULL,NULL,NULL,NULL),(141,166,1,1,0,'NW 44C Woodbridge Dr NE',44,'C','NW','Woodbridge','Dr','NE',NULL,'Mailstop 101',NULL,NULL,NULL,NULL,3123,NULL,NULL,NULL,1104,NULL,NULL,NULL,NULL),(142,294,1,1,0,'SE 771M Green Blvd SE',771,'M','SE','Green','Blvd','SE',NULL,'Payables Dept.',NULL,NULL,NULL,NULL,2761,NULL,NULL,NULL,1226,NULL,NULL,NULL,NULL),(143,278,1,1,0,'SE 292K Dowlen Way NE',292,'K','SE','Dowlen','Way','NE',NULL,'Urgent',NULL,NULL,NULL,NULL,2984,NULL,NULL,NULL,1097,NULL,NULL,NULL,NULL),(144,41,1,1,0,'SW 170I Cadell St SE',170,'I','SW','Cadell','St','SE',NULL,'Urgent',NULL,NULL,NULL,NULL,NULL,NULL,NULL,NULL,NULL,NULL,NULL,NULL,NULL),(145,62,1,1,0,'SE 592L Second Dr SW',592,'L','SE','Second','Dr','SW',NULL,'Attn: Development',NULL,NULL,NULL,NULL,4837,NULL,NULL,NULL,1063,NULL,NULL,NULL,NULL),(146,184,1,1,0,'N 39J Cadell Rd S',39,'J','N','Cadell','Rd','S',NULL,'Donor Relations',NULL,NULL,NULL,NULL,NULL,NULL,NULL,NULL,NULL,NULL,NULL,NULL,NULL),(147,203,1,1,0,'SW 304F Northpoint Ave SE',304,'F','SW','Northpoint','Ave','SE',NULL,'Disbursements',NULL,NULL,NULL,NULL,2376,NULL,NULL,NULL,1069,NULL,NULL,NULL,NULL),(148,438,1,1,0,'N 458N Beech Ave S',458,'N','N','Beech','Ave','S',NULL,'Donor Relations',NULL,NULL,NULL,NULL,2834,NULL,NULL,NULL,1213,NULL,NULL,NULL,NULL),(149,188,1,1,0,'NW 63E Jackson Ln SW',63,'E','NW','Jackson','Ln','SW',NULL,'C/o OPDC',NULL,NULL,NULL,NULL,NULL,NULL,NULL,NULL,NULL,NULL,NULL,NULL,NULL),(150,448,1,1,0,'W 835V College Ln N',835,'V','W','College','Ln','N',NULL,'Donor Relations',NULL,NULL,NULL,NULL,2758,NULL,NULL,NULL,1226,NULL,NULL,NULL,NULL),(151,224,1,1,0,'N 101K Woodbridge Ln N',101,'K','N','Woodbridge','Ln','N',NULL,'C/o PO Plus',NULL,NULL,NULL,NULL,1059,NULL,NULL,NULL,1228,NULL,NULL,NULL,NULL),(152,160,3,1,0,'N 106D Jackson Way NE',106,'D','N','Jackson','Way','NE',NULL,'Churchgate',NULL,NULL,NULL,NULL,2780,NULL,NULL,NULL,1226,NULL,NULL,NULL,NULL),(153,490,3,1,0,'N 109S Woodbridge Path E',109,'S','N','Woodbridge','Path','E',NULL,'Community Relations',NULL,NULL,NULL,NULL,2346,NULL,NULL,NULL,1003,NULL,NULL,NULL,NULL),(154,67,3,1,0,'S 653C Northpoint Blvd E',653,'C','S','Northpoint','Blvd','E',NULL,'Attn: Development',NULL,NULL,NULL,NULL,NULL,NULL,NULL,NULL,NULL,NULL,NULL,NULL,NULL),(155,393,3,1,0,'S 735P Bay Ln S',735,'P','S','Bay','Ln','S',NULL,'C/o OPDC',NULL,NULL,NULL,NULL,4412,NULL,NULL,NULL,1193,NULL,NULL,NULL,NULL),(156,88,3,1,0,'S 838X Caulder Rd W',838,'X','S','Caulder','Rd','W',NULL,'Cuffe Parade',NULL,NULL,NULL,NULL,2779,NULL,NULL,NULL,1226,NULL,NULL,NULL,NULL),(157,80,3,1,0,'E 838H Caulder Way SW',838,'H','E','Caulder','Way','SW',NULL,'Editorial Dept',NULL,NULL,NULL,NULL,3634,NULL,NULL,NULL,1146,NULL,NULL,NULL,NULL),(158,426,3,1,0,'W 407L States Rd NW',407,'L','W','States','Rd','NW',NULL,'Disbursements',NULL,NULL,NULL,NULL,2303,NULL,NULL,NULL,1062,NULL,NULL,NULL,NULL),(159,242,3,1,0,'NE 572Z Martin Luther King Rd N',572,'Z','NE','Martin Luther King','Rd','N',NULL,'Receiving',NULL,NULL,NULL,NULL,1718,NULL,NULL,NULL,1015,NULL,NULL,NULL,NULL),(160,382,3,1,0,'N 231V Caulder Path NE',231,'V','N','Caulder','Path','NE',NULL,'Mailstop 101',NULL,NULL,NULL,NULL,3335,NULL,NULL,NULL,1108,NULL,NULL,NULL,NULL),(161,230,3,1,0,'E 596S Cadell Ln W',596,'S','E','Cadell','Ln','W',NULL,'Churchgate',NULL,NULL,NULL,NULL,2945,NULL,NULL,NULL,1090,NULL,NULL,NULL,NULL),(162,298,3,1,0,'E 685N Second Way NE',685,'N','E','Second','Way','NE',NULL,'Attn: Accounting',NULL,NULL,NULL,NULL,2497,NULL,NULL,NULL,1141,NULL,NULL,NULL,NULL),(163,54,3,1,0,'SE 540L Jackson Dr S',540,'L','SE','Jackson','Dr','S',NULL,'C/o PO Plus',NULL,NULL,NULL,NULL,5002,NULL,NULL,NULL,1230,NULL,NULL,NULL,NULL),(164,94,3,1,0,'W 300I Van Ness Pl NW',300,'I','W','Van Ness','Pl','NW',NULL,'C/o PO Plus',NULL,NULL,NULL,NULL,3362,NULL,NULL,NULL,1037,NULL,NULL,NULL,NULL),(165,83,3,1,0,'E 898G Caulder Blvd N',898,'G','E','Caulder','Blvd','N',NULL,'C/o OPDC',NULL,NULL,NULL,NULL,4059,NULL,NULL,NULL,1170,NULL,NULL,NULL,NULL),(166,288,3,1,0,'W 837O Maple Ave NW',837,'O','W','Maple','Ave','NW',NULL,'Donor Relations',NULL,NULL,NULL,NULL,NULL,NULL,NULL,NULL,NULL,NULL,NULL,NULL,NULL),(167,401,3,1,0,'SW 36N Maple Dr N',36,'N','SW','Maple','Dr','N',NULL,'Disbursements',NULL,NULL,NULL,NULL,4867,NULL,NULL,NULL,1210,NULL,NULL,NULL,NULL),(168,218,3,1,0,'W 921J Dowlen Pl NE',921,'J','W','Dowlen','Pl','NE',NULL,'C/o PO Plus',NULL,NULL,NULL,NULL,3926,NULL,NULL,NULL,1155,NULL,NULL,NULL,NULL),(169,195,3,1,0,'W 643G Martin Luther King Blvd E',643,'G','W','Martin Luther King','Blvd','E',NULL,'Churchgate',NULL,NULL,NULL,NULL,3786,NULL,NULL,NULL,1130,NULL,NULL,NULL,NULL),(170,264,3,1,0,'E 692O Beech Ave N',692,'O','E','Beech','Ave','N',NULL,'Mailstop 101',NULL,NULL,NULL,NULL,5079,NULL,NULL,NULL,1233,NULL,NULL,NULL,NULL),(171,227,3,1,0,'SE 178Y Beech Way NE',178,'Y','SE','Beech','Way','NE',NULL,'Mailstop 101',NULL,NULL,NULL,NULL,4277,NULL,NULL,NULL,1177,NULL,NULL,NULL,NULL),(172,136,3,1,0,'E 246E El Camino Ln NW',246,'E','E','El Camino','Ln','NW',NULL,'Payables Dept.',NULL,NULL,NULL,NULL,2542,NULL,NULL,NULL,1076,NULL,NULL,NULL,NULL),(173,250,3,1,0,'SE 288F Maple Path SW',288,'F','SE','Maple','Path','SW',NULL,'Subscriptions Dept',NULL,NULL,NULL,NULL,2663,NULL,NULL,NULL,1226,NULL,NULL,NULL,NULL),(174,103,3,1,0,'SE 104R Northpoint Ave NW',104,'R','SE','Northpoint','Ave','NW',NULL,'Editorial Dept',NULL,NULL,NULL,NULL,2540,NULL,NULL,NULL,1076,NULL,NULL,NULL,NULL),(175,304,3,1,0,'E 900B Martin Luther King Way NE',900,'B','E','Martin Luther King','Way','NE',NULL,'Urgent',NULL,NULL,NULL,NULL,2959,NULL,NULL,NULL,1092,NULL,NULL,NULL,NULL),(176,77,3,1,0,'SW 232K Cadell Ave W',232,'K','SW','Cadell','Ave','W',NULL,'Attn: Accounting',NULL,NULL,NULL,NULL,2037,NULL,NULL,NULL,1051,NULL,NULL,NULL,NULL),(177,474,3,1,0,'N 757U Caulder Dr E',757,'U','N','Caulder','Dr','E',NULL,'Disbursements',NULL,NULL,NULL,NULL,2205,NULL,NULL,NULL,1040,NULL,NULL,NULL,NULL),(178,219,3,1,0,'NW 651C El Camino Ave N',651,'C','NW','El Camino','Ave','N',NULL,'Community Relations',NULL,NULL,NULL,NULL,4478,NULL,NULL,NULL,1193,NULL,NULL,NULL,NULL),(179,233,3,1,0,'N 82U Green Ave N',82,'U','N','Green','Ave','N',NULL,'Editorial Dept',NULL,NULL,NULL,NULL,3845,NULL,NULL,NULL,1131,NULL,NULL,NULL,NULL),(180,33,3,1,0,'SW 586M Cadell Ln NW',586,'M','SW','Cadell','Ln','NW',NULL,'Attn: Accounting',NULL,NULL,NULL,NULL,2263,NULL,NULL,NULL,1059,NULL,NULL,NULL,NULL),(181,21,3,1,0,'NE 492E Beech Path W',492,'E','NE','Beech','Path','W',NULL,'Mailstop 101',NULL,NULL,NULL,NULL,3267,NULL,NULL,NULL,1107,NULL,NULL,NULL,NULL),(182,170,3,1,0,'W 18U Main Ave NW',18,'U','W','Main','Ave','NW',NULL,'C/o PO Plus',NULL,NULL,NULL,NULL,NULL,NULL,NULL,NULL,NULL,NULL,NULL,NULL,NULL),(183,238,3,1,0,'N 769Y El Camino Pl SW',769,'Y','N','El Camino','Pl','SW',NULL,'Attn: Development',NULL,NULL,NULL,NULL,3640,NULL,NULL,NULL,1146,NULL,NULL,NULL,NULL),(184,371,3,1,0,'NE 519M El Camino Blvd N',519,'M','NE','El Camino','Blvd','N',NULL,'Payables Dept.',NULL,NULL,NULL,NULL,3150,NULL,NULL,NULL,1103,NULL,NULL,NULL,NULL),(185,471,3,1,0,'NE 432C Woodbridge Ln W',432,'C','NE','Woodbridge','Ln','W',NULL,'Editorial Dept',NULL,NULL,NULL,NULL,3225,NULL,NULL,NULL,1107,NULL,NULL,NULL,NULL),(186,454,3,1,0,'W 58R Martin Luther King Ln NE',58,'R','W','Martin Luther King','Ln','NE',NULL,'C/o OPDC',NULL,NULL,NULL,NULL,2392,NULL,NULL,NULL,1065,NULL,NULL,NULL,NULL),(187,325,3,1,0,'W 699L Jackson Ln E',699,'L','W','Jackson','Ln','E',NULL,'Subscriptions Dept',NULL,NULL,NULL,NULL,4630,NULL,NULL,NULL,1211,NULL,NULL,NULL,NULL),(188,169,3,1,0,'SW 447Q Pine Blvd SW',447,'Q','SW','Pine','Blvd','SW',NULL,'Churchgate',NULL,NULL,NULL,NULL,NULL,NULL,NULL,NULL,NULL,NULL,NULL,NULL,NULL),(189,212,3,1,0,'SE 392C Green Ave W',392,'C','SE','Green','Ave','W',NULL,'Receiving',NULL,NULL,NULL,NULL,1750,NULL,NULL,NULL,1017,NULL,NULL,NULL,NULL),(190,433,3,1,0,'N 568H Jackson Dr SW',568,'H','N','Jackson','Dr','SW',NULL,'Mailstop 101',NULL,NULL,NULL,NULL,4297,NULL,NULL,NULL,1177,NULL,NULL,NULL,NULL),(191,352,3,1,0,'E 636A Beech Blvd W',636,'A','E','Beech','Blvd','W',NULL,'C/o OPDC',NULL,NULL,NULL,NULL,1989,NULL,NULL,NULL,1027,NULL,NULL,NULL,NULL),(192,148,3,1,0,'NE 272V Pine Ave SW',272,'V','NE','Pine','Ave','SW',NULL,'Payables Dept.',NULL,NULL,NULL,NULL,4030,NULL,NULL,NULL,1167,NULL,NULL,NULL,NULL),(193,231,3,1,0,'E 927M Caulder Rd SW',927,'M','E','Caulder','Rd','SW',NULL,'Receiving',NULL,NULL,NULL,NULL,3948,NULL,NULL,NULL,1161,NULL,NULL,NULL,NULL),(194,247,3,1,0,'S 880Q Bay Dr N',880,'Q','S','Bay','Dr','N',NULL,'Churchgate',NULL,NULL,NULL,NULL,5022,NULL,NULL,NULL,1232,NULL,NULL,NULL,NULL),(195,171,3,1,0,'NW 839T Woodbridge St N',839,'T','NW','Woodbridge','St','N',NULL,'Receiving',NULL,NULL,NULL,NULL,4580,NULL,NULL,NULL,1201,NULL,NULL,NULL,NULL),(196,354,3,1,0,'NE 961U Cadell Pl E',961,'U','NE','Cadell','Pl','E',NULL,'Attn: Accounting',NULL,NULL,NULL,NULL,4778,NULL,NULL,NULL,1219,NULL,NULL,NULL,NULL),(197,102,3,1,0,'NE 206H States Ln N',206,'H','NE','States','Ln','N',NULL,'Payables Dept.',NULL,NULL,NULL,NULL,3247,NULL,NULL,NULL,1107,NULL,NULL,NULL,NULL),(198,149,3,1,0,'NW 626P States Ln SW',626,'P','NW','States','Ln','SW',NULL,'Subscriptions Dept',NULL,NULL,NULL,NULL,3284,NULL,NULL,NULL,1109,NULL,NULL,NULL,NULL),(199,491,3,1,0,'NE 494K El Camino Blvd NW',494,'K','NE','El Camino','Blvd','NW',NULL,'Cuffe Parade',NULL,NULL,NULL,NULL,1686,NULL,NULL,NULL,1015,NULL,NULL,NULL,NULL),(200,66,3,1,0,'SW 502I Martin Luther King St W',502,'I','SW','Martin Luther King','St','W',NULL,'Editorial Dept',NULL,NULL,NULL,NULL,1758,NULL,NULL,NULL,1017,NULL,NULL,NULL,NULL),(201,18,3,1,0,'W 325J Pine Way NW',325,'J','W','Pine','Way','NW',NULL,'Mailstop 101',NULL,NULL,NULL,NULL,1562,NULL,NULL,NULL,1002,NULL,NULL,NULL,NULL),(202,167,1,1,0,'SE 486J Maple Way SE',486,'J','SE','Maple','Way','SE',NULL,'Community Relations',NULL,NULL,NULL,NULL,4331,NULL,NULL,NULL,1194,NULL,NULL,NULL,NULL),(203,286,1,1,0,'N 33I Van Ness Ln SE',33,'I','N','Van Ness','Ln','SE',NULL,'C/o OPDC',NULL,NULL,NULL,NULL,3073,NULL,NULL,NULL,1102,NULL,NULL,NULL,NULL),(204,10,1,1,0,'NE 885P Dowlen Ave N',885,'P','NE','Dowlen','Ave','N',NULL,'Urgent',NULL,NULL,NULL,NULL,4075,NULL,NULL,NULL,1170,NULL,NULL,NULL,NULL),(205,45,1,1,0,'SW 237Y Second Blvd NW',237,'Y','SW','Second','Blvd','NW',NULL,'C/o OPDC',NULL,NULL,NULL,NULL,3743,NULL,NULL,NULL,1138,NULL,NULL,NULL,NULL),(206,391,1,1,0,'W 529O Lincoln Dr E',529,'O','W','Lincoln','Dr','E',NULL,'Subscriptions Dept',NULL,NULL,NULL,NULL,3151,NULL,NULL,NULL,1103,NULL,NULL,NULL,NULL),(207,143,1,1,0,'NW 470U Caulder Dr N',470,'U','NW','Caulder','Dr','N',NULL,'Payables Dept.',NULL,NULL,NULL,NULL,3352,NULL,NULL,NULL,1112,NULL,NULL,NULL,NULL),(208,138,1,1,0,'NW 576Q Bay Path SE',576,'Q','NW','Bay','Path','SE',NULL,'Community Relations',NULL,NULL,NULL,NULL,1224,NULL,NULL,NULL,1101,NULL,NULL,NULL,NULL),(209,135,1,1,0,'NW 36V Lincoln Way SW',36,'V','NW','Lincoln','Way','SW',NULL,'Attn: Development',NULL,NULL,NULL,NULL,1547,NULL,NULL,NULL,1002,NULL,NULL,NULL,NULL),(210,441,1,1,0,'NE 828L El Camino Path NW',828,'L','NE','El Camino','Path','NW',NULL,'Attn: Accounting',NULL,NULL,NULL,NULL,1825,NULL,NULL,NULL,1034,NULL,NULL,NULL,NULL),(211,153,1,1,0,'NW 890M States Blvd W',890,'M','NW','States','Blvd','W',NULL,'Urgent',NULL,NULL,NULL,NULL,2561,NULL,NULL,NULL,1076,NULL,NULL,NULL,NULL),(212,95,1,1,0,'NE 479J Northpoint Way E',479,'J','NE','Northpoint','Way','E',NULL,'C/o OPDC',NULL,NULL,NULL,NULL,4127,NULL,NULL,NULL,1173,NULL,NULL,NULL,NULL),(213,456,1,1,0,'E 61J Cadell St NW',61,'J','E','Cadell','St','NW',NULL,'Editorial Dept',NULL,NULL,NULL,NULL,4069,NULL,NULL,NULL,1170,NULL,NULL,NULL,NULL),(214,152,1,1,0,'N 440Q Dowlen Ln E',440,'Q','N','Dowlen','Ln','E',NULL,'Attn: Accounting',NULL,NULL,NULL,NULL,2712,NULL,NULL,NULL,1226,NULL,NULL,NULL,NULL),(215,28,1,1,0,'SW 79S Pine Ln NW',79,'S','SW','Pine','Ln','NW',NULL,'Attn: Development',NULL,NULL,NULL,NULL,3627,NULL,NULL,NULL,1146,NULL,NULL,NULL,NULL),(216,104,1,1,0,'NE 318T Second Rd SE',318,'T','NE','Second','Rd','SE',NULL,'Mailstop 101',NULL,NULL,NULL,NULL,2839,NULL,NULL,NULL,1091,NULL,NULL,NULL,NULL),(217,185,1,1,0,'SW 746B Beech Way SW',746,'B','SW','Beech','Way','SW',NULL,'Urgent',NULL,NULL,NULL,NULL,2024,NULL,NULL,NULL,1042,NULL,NULL,NULL,NULL),(218,338,1,1,0,'NW 61B Maple Dr W',61,'B','NW','Maple','Dr','W',NULL,'Editorial Dept',NULL,NULL,NULL,NULL,3163,NULL,NULL,NULL,1103,NULL,NULL,NULL,NULL),(219,29,1,1,0,'NW 35L El Camino Dr SW',35,'L','NW','El Camino','Dr','SW',NULL,'Editorial Dept',NULL,NULL,NULL,NULL,1657,NULL,NULL,NULL,1015,NULL,NULL,NULL,NULL),(220,274,1,1,0,'S 943P Northpoint Dr SE',943,'P','S','Northpoint','Dr','SE',NULL,'Churchgate',NULL,NULL,NULL,NULL,4943,NULL,NULL,NULL,1223,NULL,NULL,NULL,NULL),(221,237,1,1,0,'NE 148D Van Ness Rd S',148,'D','NE','Van Ness','Rd','S',NULL,'Urgent',NULL,NULL,NULL,NULL,3858,NULL,NULL,NULL,1147,NULL,NULL,NULL,NULL),(222,31,1,1,0,'W 230M Lincoln Pl E',230,'M','W','Lincoln','Pl','E',NULL,'Mailstop 101',NULL,NULL,NULL,NULL,2692,NULL,NULL,NULL,1226,NULL,NULL,NULL,NULL),(223,295,1,1,0,'NE 706H Woodbridge Blvd NE',706,'H','NE','Woodbridge','Blvd','NE',NULL,'Churchgate',NULL,NULL,NULL,NULL,2622,NULL,NULL,NULL,1226,NULL,NULL,NULL,NULL),(224,213,1,1,0,'SW 291H Pine Rd NW',291,'H','SW','Pine','Rd','NW',NULL,'Editorial Dept',NULL,NULL,NULL,NULL,2992,NULL,NULL,NULL,1055,NULL,NULL,NULL,NULL),(225,419,1,1,0,'SE 770K Jackson Pl SE',770,'K','SE','Jackson','Pl','SE',NULL,'Mailstop 101',NULL,NULL,NULL,NULL,4117,NULL,NULL,NULL,1170,NULL,NULL,NULL,NULL),(226,44,1,1,0,'S 672N Woodbridge Blvd S',672,'N','S','Woodbridge','Blvd','S',NULL,'Receiving',NULL,NULL,NULL,NULL,4127,NULL,NULL,NULL,1173,NULL,NULL,NULL,NULL),(227,268,1,1,0,'SW 663M Green Blvd SE',663,'M','SW','Green','Blvd','SE',NULL,'C/o OPDC',NULL,NULL,NULL,NULL,3813,NULL,NULL,NULL,1140,NULL,NULL,NULL,NULL),(228,179,1,1,0,'SW 426O Main Blvd N',426,'O','SW','Main','Blvd','N',NULL,'Donor Relations',NULL,NULL,NULL,NULL,4436,NULL,NULL,NULL,1193,NULL,NULL,NULL,NULL),(229,380,1,1,0,'SE 323Z Pine St NE',323,'Z','SE','Pine','St','NE',NULL,'Cuffe Parade',NULL,NULL,NULL,NULL,3918,NULL,NULL,NULL,1155,NULL,NULL,NULL,NULL),(230,435,1,1,0,'E 899W Second Ave SE',899,'W','E','Second','Ave','SE',NULL,'Attn: Development',NULL,NULL,NULL,NULL,3773,NULL,NULL,NULL,1132,NULL,NULL,NULL,NULL),(231,461,1,1,0,'E 94R States Dr S',94,'R','E','States','Dr','S',NULL,'Disbursements',NULL,NULL,NULL,NULL,3093,NULL,NULL,NULL,1105,NULL,NULL,NULL,NULL),(232,483,1,1,0,'SW 871B Woodbridge Ave SW',871,'B','SW','Woodbridge','Ave','SW',NULL,'Attn: Accounting',NULL,NULL,NULL,NULL,1694,NULL,NULL,NULL,1015,NULL,NULL,NULL,NULL),(233,390,1,1,0,'NW 207F Dowlen St S',207,'F','NW','Dowlen','St','S',NULL,'Receiving',NULL,NULL,NULL,NULL,1948,NULL,NULL,NULL,1212,NULL,NULL,NULL,NULL),(234,157,1,1,0,'SW 103G Main Path SE',103,'G','SW','Main','Path','SE',NULL,'Donor Relations',NULL,NULL,NULL,NULL,1666,NULL,NULL,NULL,1015,NULL,NULL,NULL,NULL),(235,73,1,1,0,'SW 422D Jackson Rd NE',422,'D','SW','Jackson','Rd','NE',NULL,'Attn: Accounting',NULL,NULL,NULL,NULL,2987,NULL,NULL,NULL,1097,NULL,NULL,NULL,NULL),(236,452,1,1,0,'N 479I Dowlen Dr NW',479,'I','N','Dowlen','Dr','NW',NULL,'C/o PO Plus',NULL,NULL,NULL,NULL,2816,NULL,NULL,NULL,1226,NULL,NULL,NULL,NULL),(237,287,1,1,0,'SW 456D Maple Rd W',456,'D','SW','Maple','Rd','W',NULL,'C/o OPDC',NULL,NULL,NULL,NULL,3711,NULL,NULL,NULL,1144,NULL,NULL,NULL,NULL),(238,159,1,1,0,'N 948V Caulder Pl N',948,'V','N','Caulder','Pl','N',NULL,'Receiving',NULL,NULL,NULL,NULL,1846,NULL,NULL,NULL,1033,NULL,NULL,NULL,NULL),(239,96,1,1,0,'NE 554P Bay Ave NE',554,'P','NE','Bay','Ave','NE',NULL,'Disbursements',NULL,NULL,NULL,NULL,3919,NULL,NULL,NULL,1155,NULL,NULL,NULL,NULL),(240,53,1,1,0,'SW 447N Woodbridge St NW',447,'N','SW','Woodbridge','St','NW',NULL,'Cuffe Parade',NULL,NULL,NULL,NULL,NULL,NULL,NULL,NULL,NULL,NULL,NULL,NULL,NULL),(241,259,1,1,0,'W 421C Main Blvd W',421,'C','W','Main','Blvd','W',NULL,'Receiving',NULL,NULL,NULL,NULL,3037,NULL,NULL,NULL,1099,NULL,NULL,NULL,NULL),(242,373,1,1,0,'E 793V Martin Luther King Pl SW',793,'V','E','Martin Luther King','Pl','SW',NULL,'Subscriptions Dept',NULL,NULL,NULL,NULL,3998,NULL,NULL,NULL,1166,NULL,NULL,NULL,NULL),(243,130,1,1,0,'W 659O College Path SE',659,'O','W','College','Path','SE',NULL,'C/o PO Plus',NULL,NULL,NULL,NULL,4535,NULL,NULL,NULL,1192,NULL,NULL,NULL,NULL),(244,296,1,1,0,'NE 53A Dowlen Pl SW',53,'A','NE','Dowlen','Pl','SW',NULL,'Donor Relations',NULL,NULL,NULL,NULL,2096,NULL,NULL,NULL,1044,NULL,NULL,NULL,NULL),(245,124,1,1,0,'N 953Y Caulder Dr W',953,'Y','N','Caulder','Dr','W',NULL,'Churchgate',NULL,NULL,NULL,NULL,5092,NULL,NULL,NULL,1233,NULL,NULL,NULL,NULL),(246,263,1,1,0,'SE 330J Pine Dr NW',330,'J','SE','Pine','Dr','NW',NULL,'Cuffe Parade',NULL,NULL,NULL,NULL,3236,NULL,NULL,NULL,1107,NULL,NULL,NULL,NULL),(247,23,1,1,0,'S 675D Pine Rd NE',675,'D','S','Pine','Rd','NE',NULL,'Disbursements',NULL,NULL,NULL,NULL,3729,NULL,NULL,NULL,1137,NULL,NULL,NULL,NULL),(248,501,1,1,0,'SE 766H Jackson Ln SW',766,'H','SE','Jackson','Ln','SW',NULL,'C/o PO Plus',NULL,NULL,NULL,NULL,3154,NULL,NULL,NULL,1103,NULL,NULL,NULL,NULL),(249,330,1,1,0,'S 52Z Second Ln S',52,'Z','S','Second','Ln','S',NULL,'C/o OPDC',NULL,NULL,NULL,NULL,NULL,NULL,NULL,NULL,NULL,NULL,NULL,NULL,NULL),(250,145,1,1,0,'E 96G Van Ness Ave NE',96,'G','E','Van Ness','Ave','NE',NULL,'Mailstop 101',NULL,NULL,NULL,NULL,2650,NULL,NULL,NULL,1226,NULL,NULL,NULL,NULL),(251,81,1,1,0,'NW 503F Dowlen Ln E',503,'F','NW','Dowlen','Ln','E',NULL,'Attn: Accounting',NULL,NULL,NULL,NULL,4684,NULL,NULL,NULL,1211,NULL,NULL,NULL,NULL),(252,210,1,1,0,'SW 835V Bay Ln SE',835,'V','SW','Bay','Ln','SE',NULL,'Attn: Accounting',NULL,NULL,NULL,NULL,3502,NULL,NULL,NULL,1121,NULL,NULL,NULL,NULL),(253,12,1,1,0,'NE 343L Maple Way N',343,'L','NE','Maple','Way','N',NULL,'Mailstop 101',NULL,NULL,NULL,NULL,3756,NULL,NULL,NULL,1138,NULL,NULL,NULL,NULL),(254,92,1,1,0,'N 795F Woodbridge Way E',795,'F','N','Woodbridge','Way','E',NULL,'Cuffe Parade',NULL,NULL,NULL,NULL,4991,NULL,NULL,NULL,1229,NULL,NULL,NULL,NULL),(255,307,1,1,0,'NW 33S Cadell Dr S',33,'S','NW','Cadell','Dr','S',NULL,'Donor Relations',NULL,NULL,NULL,NULL,4125,NULL,NULL,NULL,1163,NULL,NULL,NULL,NULL),(256,459,1,1,0,'SW 300W Dowlen Dr NW',300,'W','SW','Dowlen','Dr','NW',NULL,'Payables Dept.',NULL,NULL,NULL,NULL,2671,NULL,NULL,NULL,1226,NULL,NULL,NULL,NULL),(257,496,1,1,0,'N 911X Green Blvd SW',911,'X','N','Green','Blvd','SW',NULL,'Disbursements',NULL,NULL,NULL,NULL,4781,NULL,NULL,NULL,1219,NULL,NULL,NULL,NULL),(258,333,1,1,0,'SE 580C Northpoint Blvd SW',580,'C','SE','Northpoint','Blvd','SW',NULL,'Payables Dept.',NULL,NULL,NULL,NULL,1684,NULL,NULL,NULL,1015,NULL,NULL,NULL,NULL),(259,84,1,1,0,'N 8T El Camino St E',8,'T','N','El Camino','St','E',NULL,'Editorial Dept',NULL,NULL,NULL,NULL,2693,NULL,NULL,NULL,1226,NULL,NULL,NULL,NULL),(260,137,1,1,0,'NW 11X Beech Pl W',11,'X','NW','Beech','Pl','W',NULL,'Churchgate',NULL,NULL,NULL,NULL,2151,NULL,NULL,NULL,1048,NULL,NULL,NULL,NULL),(261,36,1,1,0,'E 322P Green Dr N',322,'P','E','Green','Dr','N',NULL,'Editorial Dept',NULL,NULL,NULL,NULL,2691,NULL,NULL,NULL,1226,NULL,NULL,NULL,NULL),(262,27,1,1,0,'SW 596H Cadell Pl W',596,'H','SW','Cadell','Pl','W',NULL,'Donor Relations',NULL,NULL,NULL,NULL,NULL,NULL,NULL,NULL,NULL,NULL,NULL,NULL,NULL),(263,17,1,1,0,'NE 401V Van Ness Pl N',401,'V','NE','Van Ness','Pl','N',NULL,'Mailstop 101',NULL,NULL,NULL,NULL,4884,NULL,NULL,NULL,1210,NULL,NULL,NULL,NULL),(264,176,1,1,0,'SE 162W Martin Luther King Ave SE',162,'W','SE','Martin Luther King','Ave','SE',NULL,'Community Relations',NULL,NULL,NULL,NULL,5115,NULL,NULL,NULL,1238,NULL,NULL,NULL,NULL),(265,119,1,1,0,'S 875S Woodbridge Rd NE',875,'S','S','Woodbridge','Rd','NE',NULL,'C/o PO Plus',NULL,NULL,NULL,NULL,4138,NULL,NULL,NULL,1173,NULL,NULL,NULL,NULL),(266,199,1,1,0,'SW 630J Jackson Dr NE',630,'J','SW','Jackson','Dr','NE',NULL,'Attn: Accounting',NULL,NULL,NULL,NULL,4648,NULL,NULL,NULL,1211,NULL,NULL,NULL,NULL),(267,455,1,1,0,'E 908Q Dowlen Ln S',908,'Q','E','Dowlen','Ln','S',NULL,'C/o PO Plus',NULL,NULL,NULL,NULL,3632,NULL,NULL,NULL,1146,NULL,NULL,NULL,NULL),(268,38,1,1,0,'SE 671Q Martin Luther King Pl N',671,'Q','SE','Martin Luther King','Pl','N',NULL,'Receiving',NULL,NULL,NULL,NULL,2865,NULL,NULL,NULL,1091,NULL,NULL,NULL,NULL),(269,158,1,1,0,'W 301X El Camino Ave E',301,'X','W','El Camino','Ave','E',NULL,'Donor Relations',NULL,NULL,NULL,NULL,4787,NULL,NULL,NULL,1219,NULL,NULL,NULL,NULL),(270,478,1,1,0,'S 76H Green Ln NE',76,'H','S','Green','Ln','NE',NULL,'C/o PO Plus',NULL,NULL,NULL,NULL,4068,NULL,NULL,NULL,1170,NULL,NULL,NULL,NULL),(271,421,1,1,0,'NE 320Q Main Blvd W',320,'Q','NE','Main','Blvd','W',NULL,'Mailstop 101',NULL,NULL,NULL,NULL,2546,NULL,NULL,NULL,1076,NULL,NULL,NULL,NULL),(272,175,1,1,0,'N 264Z Dowlen Ave N',264,'Z','N','Dowlen','Ave','N',NULL,'Cuffe Parade',NULL,NULL,NULL,NULL,4779,NULL,NULL,NULL,1219,NULL,NULL,NULL,NULL),(273,310,1,1,0,'W 69P Lincoln Pl NW',69,'P','W','Lincoln','Pl','NW',NULL,'Churchgate',NULL,NULL,NULL,NULL,5025,NULL,NULL,NULL,1232,NULL,NULL,NULL,NULL),(274,403,1,1,0,'E 26E Jackson St W',26,'E','E','Jackson','St','W',NULL,'C/o PO Plus',NULL,NULL,NULL,NULL,2317,NULL,NULL,NULL,1003,NULL,NULL,NULL,NULL),(275,243,1,1,0,'S 82W Van Ness Blvd E',82,'W','S','Van Ness','Blvd','E',NULL,'Donor Relations',NULL,NULL,NULL,NULL,5050,NULL,NULL,NULL,1233,NULL,NULL,NULL,NULL),(276,245,1,1,0,'NW 851R Woodbridge Ln S',851,'R','NW','Woodbridge','Ln','S',NULL,'Attn: Accounting',NULL,NULL,NULL,NULL,4127,NULL,NULL,NULL,1173,NULL,NULL,NULL,NULL),(277,254,1,1,0,'E 38L Bay Path NE',38,'L','E','Bay','Path','NE',NULL,'Subscriptions Dept',NULL,NULL,NULL,NULL,2370,NULL,NULL,NULL,1064,NULL,NULL,NULL,NULL),(278,222,1,1,0,'W 106A Dowlen Path SW',106,'A','W','Dowlen','Path','SW',NULL,'Urgent',NULL,NULL,NULL,NULL,4009,NULL,NULL,NULL,1169,NULL,NULL,NULL,NULL),(279,485,1,1,0,'NW 296T El Camino Ave SE',296,'T','NW','El Camino','Ave','SE',NULL,'C/o PO Plus',NULL,NULL,NULL,NULL,3762,NULL,NULL,NULL,1132,NULL,NULL,NULL,NULL),(280,361,1,1,0,'W 937O Van Ness Ln SW',937,'O','W','Van Ness','Ln','SW',NULL,'Editorial Dept',NULL,NULL,NULL,NULL,2446,NULL,NULL,NULL,1198,NULL,NULL,NULL,NULL),(281,353,1,1,0,'SW 794N Beech Way NE',794,'N','SW','Beech','Way','NE',NULL,'C/o PO Plus',NULL,NULL,NULL,NULL,3410,NULL,NULL,NULL,1115,NULL,NULL,NULL,NULL),(282,339,1,1,0,'E 687H Maple Ave NE',687,'H','E','Maple','Ave','NE',NULL,'Attn: Development',NULL,NULL,NULL,NULL,2509,NULL,NULL,NULL,1076,NULL,NULL,NULL,NULL),(283,25,1,1,0,'S 112I Jackson Blvd SW',112,'I','S','Jackson','Blvd','SW',NULL,'Cuffe Parade',NULL,NULL,NULL,NULL,4074,NULL,NULL,NULL,1170,NULL,NULL,NULL,NULL),(284,427,1,1,0,'NE 506Z Jackson Pl E',506,'Z','NE','Jackson','Pl','E',NULL,'Subscriptions Dept',NULL,NULL,NULL,NULL,2471,NULL,NULL,NULL,1198,NULL,NULL,NULL,NULL),(285,260,1,1,0,'W 961Y Second Ave SW',961,'Y','W','Second','Ave','SW',NULL,'Attn: Development',NULL,NULL,NULL,NULL,5197,NULL,NULL,NULL,1016,NULL,NULL,NULL,NULL),(286,75,1,1,0,'NE 386D Bay Ave NW',386,'D','NE','Bay','Ave','NW',NULL,'Urgent',NULL,NULL,NULL,NULL,3663,NULL,NULL,NULL,1135,NULL,NULL,NULL,NULL),(287,194,1,1,0,'E 261Z College Ave SW',261,'Z','E','College','Ave','SW',NULL,'Receiving',NULL,NULL,NULL,NULL,3939,NULL,NULL,NULL,1152,NULL,NULL,NULL,NULL),(288,365,1,1,0,'NW 807J Bay St S',807,'J','NW','Bay','St','S',NULL,'Community Relations',NULL,NULL,NULL,NULL,4044,NULL,NULL,NULL,1170,NULL,NULL,NULL,NULL),(289,190,1,1,0,'NW 730J College Dr W',730,'J','NW','College','Dr','W',NULL,'Receiving',NULL,NULL,NULL,NULL,1997,NULL,NULL,NULL,1019,NULL,NULL,NULL,NULL),(290,205,1,1,0,'W 184R El Camino Ave E',184,'R','W','El Camino','Ave','E',NULL,'Community Relations',NULL,NULL,NULL,NULL,3095,NULL,NULL,NULL,1105,NULL,NULL,NULL,NULL),(291,410,1,1,0,'SE 782G Woodbridge Rd SW',782,'G','SE','Woodbridge','Rd','SW',NULL,'Attn: Accounting',NULL,NULL,NULL,NULL,1221,NULL,NULL,NULL,1101,NULL,NULL,NULL,NULL),(292,144,1,1,0,'N 905K Jackson Blvd SW',905,'K','N','Jackson','Blvd','SW',NULL,'Cuffe Parade',NULL,NULL,NULL,NULL,4470,NULL,NULL,NULL,1193,NULL,NULL,NULL,NULL),(293,417,1,1,0,'NW 230A Northpoint Way W',230,'A','NW','Northpoint','Way','W',NULL,'Attn: Development',NULL,NULL,NULL,NULL,2301,NULL,NULL,NULL,1062,NULL,NULL,NULL,NULL),(294,189,1,1,0,'S 420K Second Dr N',420,'K','S','Second','Dr','N',NULL,'Churchgate',NULL,NULL,NULL,NULL,1001,NULL,NULL,NULL,1228,NULL,NULL,NULL,NULL),(295,266,1,1,0,'NW 595X Lincoln Blvd NW',595,'X','NW','Lincoln','Blvd','NW',NULL,'Donor Relations',NULL,NULL,NULL,NULL,1030,NULL,NULL,NULL,1228,NULL,NULL,NULL,NULL),(296,372,1,1,0,'W 474T Martin Luther King Dr NE',474,'T','W','Martin Luther King','Dr','NE',NULL,'Urgent',NULL,NULL,NULL,NULL,4608,NULL,NULL,NULL,1203,NULL,NULL,NULL,NULL),(297,271,1,1,0,'N 157T Jackson Rd W',157,'T','N','Jackson','Rd','W',NULL,'Urgent',NULL,NULL,NULL,NULL,3498,NULL,NULL,NULL,1122,NULL,NULL,NULL,NULL),(298,252,1,1,0,'SE 188E Caulder Ln S',188,'E','SE','Caulder','Ln','S',NULL,'Mailstop 101',NULL,NULL,NULL,NULL,4675,NULL,NULL,NULL,1211,NULL,NULL,NULL,NULL),(299,63,1,1,0,'N 128W Martin Luther King Ave SW',128,'W','N','Martin Luther King','Ave','SW',NULL,'C/o OPDC',NULL,NULL,NULL,NULL,4873,NULL,NULL,NULL,1210,NULL,NULL,NULL,NULL),(300,464,1,1,0,'E 508E Van Ness Rd E',508,'E','E','Van Ness','Rd','E',NULL,'C/o PO Plus',NULL,NULL,NULL,NULL,3204,NULL,NULL,NULL,1107,NULL,NULL,NULL,NULL),(301,349,1,1,0,'N 331R Main Pl S',331,'R','N','Main','Pl','S',NULL,'Cuffe Parade',NULL,NULL,NULL,NULL,5114,NULL,NULL,NULL,1238,NULL,NULL,NULL,NULL),(302,396,1,1,0,'NW 625T El Camino Path W',625,'T','NW','El Camino','Path','W',NULL,'Receiving',NULL,NULL,NULL,NULL,2014,NULL,NULL,NULL,1050,NULL,NULL,NULL,NULL),(303,258,1,1,0,'NE 42U Van Ness Dr SE',42,'U','NE','Van Ness','Dr','SE',NULL,'C/o PO Plus',NULL,NULL,NULL,NULL,NULL,NULL,NULL,NULL,NULL,NULL,NULL,NULL,NULL),(304,39,1,1,0,'SE 236B Green Dr SE',236,'B','SE','Green','Dr','SE',NULL,'Urgent',NULL,NULL,NULL,NULL,4032,NULL,NULL,NULL,1167,NULL,NULL,NULL,NULL),(305,291,1,1,0,'S 210U Lincoln Rd NE',210,'U','S','Lincoln','Rd','NE',NULL,'C/o OPDC',NULL,NULL,NULL,NULL,4516,NULL,NULL,NULL,1193,NULL,NULL,NULL,NULL),(306,306,1,1,0,'E 684W Dowlen Way W',684,'W','E','Dowlen','Way','W',NULL,'C/o OPDC',NULL,NULL,NULL,NULL,2734,NULL,NULL,NULL,1226,NULL,NULL,NULL,NULL),(307,429,1,1,0,'S 249P Northpoint Ave NW',249,'P','S','Northpoint','Ave','NW',NULL,'Disbursements',NULL,NULL,NULL,NULL,1028,NULL,NULL,NULL,1228,NULL,NULL,NULL,NULL),(308,79,1,1,0,'NE 694V Woodbridge Blvd E',694,'V','NE','Woodbridge','Blvd','E',NULL,'Mailstop 101',NULL,NULL,NULL,NULL,4046,NULL,NULL,NULL,1170,NULL,NULL,NULL,NULL),(309,297,1,1,0,'W 101A Cadell St SE',101,'A','W','Cadell','St','SE',NULL,'C/o PO Plus',NULL,NULL,NULL,NULL,2830,NULL,NULL,NULL,1083,NULL,NULL,NULL,NULL),(310,107,1,1,0,'SE 53K Jackson Dr W',53,'K','SE','Jackson','Dr','W',NULL,'C/o PO Plus',NULL,NULL,NULL,NULL,4500,NULL,NULL,NULL,1193,NULL,NULL,NULL,NULL),(311,200,1,1,0,'SE 268J Green Path W',268,'J','SE','Green','Path','W',NULL,'Editorial Dept',NULL,NULL,NULL,NULL,4010,NULL,NULL,NULL,1169,NULL,NULL,NULL,NULL),(312,127,1,1,0,'NW 342Y Caulder Way NW',342,'Y','NW','Caulder','Way','NW',NULL,'Attn: Development',NULL,NULL,NULL,NULL,4548,NULL,NULL,NULL,1188,NULL,NULL,NULL,NULL),(313,129,1,1,0,'W 344A Beech Blvd W',344,'A','W','Beech','Blvd','W',NULL,'Receiving',NULL,NULL,NULL,NULL,4049,NULL,NULL,NULL,1170,NULL,NULL,NULL,NULL),(314,246,1,1,0,'E 876G Woodbridge Blvd E',876,'G','E','Woodbridge','Blvd','E',NULL,'Community Relations',NULL,NULL,NULL,NULL,2270,NULL,NULL,NULL,1059,NULL,NULL,NULL,NULL),(315,449,1,1,0,'E 207D Bay Blvd SW',207,'D','E','Bay','Blvd','SW',NULL,'Payables Dept.',NULL,NULL,NULL,NULL,2146,NULL,NULL,NULL,1048,NULL,NULL,NULL,NULL),(316,187,1,1,0,'NW 372V Bay Way SE',372,'V','NW','Bay','Way','SE',NULL,'Urgent',NULL,NULL,NULL,NULL,NULL,NULL,NULL,NULL,NULL,NULL,NULL,NULL,NULL),(317,131,1,1,0,'S 627U Dowlen Path NW',627,'U','S','Dowlen','Path','NW',NULL,'Churchgate',NULL,NULL,NULL,NULL,2566,NULL,NULL,NULL,1076,NULL,NULL,NULL,NULL),(318,499,1,1,0,'NE 697P Northpoint Pl NW',697,'P','NE','Northpoint','Pl','NW',NULL,'Disbursements',NULL,NULL,NULL,NULL,2502,NULL,NULL,NULL,1076,NULL,NULL,NULL,NULL),(319,201,1,1,0,'SE 124K Green Rd SW',124,'K','SE','Green','Rd','SW',NULL,'Community Relations',NULL,NULL,NULL,NULL,4641,NULL,NULL,NULL,1211,NULL,NULL,NULL,NULL),(320,181,1,1,0,'NW 949L States Blvd NW',949,'L','NW','States','Blvd','NW',NULL,'C/o PO Plus',NULL,NULL,NULL,NULL,3312,NULL,NULL,NULL,1109,NULL,NULL,NULL,NULL),(321,281,1,1,0,'NE 597D Lincoln Way E',597,'D','NE','Lincoln','Way','E',NULL,'Receiving',NULL,NULL,NULL,NULL,1963,NULL,NULL,NULL,1212,NULL,NULL,NULL,NULL),(322,60,1,1,0,'NW 822U Caulder Dr NW',822,'U','NW','Caulder','Dr','NW',NULL,'Donor Relations',NULL,NULL,NULL,NULL,1201,NULL,NULL,NULL,1101,NULL,NULL,NULL,NULL),(323,196,1,1,0,'NE 322F Lincoln Path NE',322,'F','NE','Lincoln','Path','NE',NULL,'Attn: Accounting',NULL,NULL,NULL,NULL,3813,NULL,NULL,NULL,1140,NULL,NULL,NULL,NULL),(324,470,1,1,0,'SW 57F Bay Rd E',57,'F','SW','Bay','Rd','E',NULL,'Payables Dept.',NULL,NULL,NULL,NULL,2452,NULL,NULL,NULL,1198,NULL,NULL,NULL,NULL),(325,350,1,1,0,'NE 674K Northpoint St NW',674,'K','NE','Northpoint','St','NW',NULL,'Attn: Development',NULL,NULL,NULL,NULL,NULL,NULL,NULL,NULL,NULL,NULL,NULL,NULL,NULL),(326,40,1,1,0,'NW 134N Lincoln St NW',134,'N','NW','Lincoln','St','NW',NULL,'Cuffe Parade',NULL,NULL,NULL,NULL,4485,NULL,NULL,NULL,1193,NULL,NULL,NULL,NULL),(327,440,1,1,0,'E 674W Beech Ave W',674,'W','E','Beech','Ave','W',NULL,'C/o OPDC',NULL,NULL,NULL,NULL,2480,NULL,NULL,NULL,1070,NULL,NULL,NULL,NULL),(328,133,1,1,0,'SW 388X Jackson Path NW',388,'X','SW','Jackson','Path','NW',NULL,'Disbursements',NULL,NULL,NULL,NULL,NULL,NULL,NULL,NULL,NULL,NULL,NULL,NULL,NULL),(329,315,1,1,0,'NW 214U Cadell St N',214,'U','NW','Cadell','St','N',NULL,'C/o PO Plus',NULL,NULL,NULL,NULL,4319,NULL,NULL,NULL,1187,NULL,NULL,NULL,NULL),(330,72,1,1,0,'W 754J Beech Path W',754,'J','W','Beech','Path','W',NULL,'Attn: Development',NULL,NULL,NULL,NULL,2704,NULL,NULL,NULL,1226,NULL,NULL,NULL,NULL),(331,275,1,1,0,'NW 473J Van Ness Dr E',473,'J','NW','Van Ness','Dr','E',NULL,'Payables Dept.',NULL,NULL,NULL,NULL,NULL,NULL,NULL,NULL,NULL,NULL,NULL,NULL,NULL),(332,383,1,1,0,'N 100K Beech Rd NW',100,'K','N','Beech','Rd','NW',NULL,'Subscriptions Dept',NULL,NULL,NULL,NULL,NULL,NULL,NULL,NULL,NULL,NULL,NULL,NULL,NULL),(333,443,1,1,0,'NW 377X States Ave NW',377,'X','NW','States','Ave','NW',NULL,'Attn: Accounting',NULL,NULL,NULL,NULL,2942,NULL,NULL,NULL,1090,NULL,NULL,NULL,NULL),(334,34,1,1,0,'NW 642X Main Rd NE',642,'X','NW','Main','Rd','NE',NULL,'C/o OPDC',NULL,NULL,NULL,NULL,2841,NULL,NULL,NULL,1091,NULL,NULL,NULL,NULL),(335,465,1,1,0,'E 729D Green St SW',729,'D','E','Green','St','SW',NULL,'Donor Relations',NULL,NULL,NULL,NULL,4346,NULL,NULL,NULL,1200,NULL,NULL,NULL,NULL),(336,343,1,1,0,'NW 777M Van Ness St NW',777,'M','NW','Van Ness','St','NW',NULL,'Subscriptions Dept',NULL,NULL,NULL,NULL,4846,NULL,NULL,NULL,1063,NULL,NULL,NULL,NULL),(337,375,1,1,0,'NE 718T Green St W',718,'T','NE','Green','St','W',NULL,'Attn: Accounting',NULL,NULL,NULL,NULL,2351,NULL,NULL,NULL,1003,NULL,NULL,NULL,NULL),(338,55,1,1,0,'W 567J States Path S',567,'J','W','States','Path','S',NULL,'Payables Dept.',NULL,NULL,NULL,NULL,2493,NULL,NULL,NULL,1074,NULL,NULL,NULL,NULL),(339,458,1,1,0,'E 388S Second Pl W',388,'S','E','Second','Pl','W',NULL,'Cuffe Parade',NULL,NULL,NULL,NULL,4738,NULL,NULL,NULL,1219,NULL,NULL,NULL,NULL),(340,472,1,1,0,'W 366D Martin Luther King Blvd N',366,'D','W','Martin Luther King','Blvd','N',NULL,'Community Relations',NULL,NULL,NULL,NULL,5180,NULL,NULL,NULL,1098,NULL,NULL,NULL,NULL),(341,193,1,1,0,'SW 727Q Caulder Dr SE',727,'Q','SW','Caulder','Dr','SE',NULL,'Attn: Development',NULL,NULL,NULL,NULL,3828,NULL,NULL,NULL,1140,NULL,NULL,NULL,NULL),(342,479,1,1,0,'NW 463R Lincoln St SE',463,'R','NW','Lincoln','St','SE',NULL,'Attn: Accounting',NULL,NULL,NULL,NULL,3038,NULL,NULL,NULL,1099,NULL,NULL,NULL,NULL),(343,336,1,1,0,'W 633X Lincoln Ln SE',633,'X','W','Lincoln','Ln','SE',NULL,'Disbursements',NULL,NULL,NULL,NULL,4669,NULL,NULL,NULL,1211,NULL,NULL,NULL,NULL),(344,269,1,1,0,'W 89S Second Path SE',89,'S','W','Second','Path','SE',NULL,'Community Relations',NULL,NULL,NULL,NULL,1311,NULL,NULL,NULL,1172,NULL,NULL,NULL,NULL),(345,313,1,1,0,'N 50R Lincoln St E',50,'R','N','Lincoln','St','E',NULL,'Receiving',NULL,NULL,NULL,NULL,3292,NULL,NULL,NULL,1109,NULL,NULL,NULL,NULL),(346,397,1,1,0,'N 436F Green Rd E',436,'F','N','Green','Rd','E',NULL,'Urgent',NULL,NULL,NULL,NULL,5014,NULL,NULL,NULL,1232,NULL,NULL,NULL,NULL),(347,172,1,1,0,'W 264D Green St S',264,'D','W','Green','St','S',NULL,'Community Relations',NULL,NULL,NULL,NULL,1626,NULL,NULL,NULL,1010,NULL,NULL,NULL,NULL),(348,270,1,1,0,'SW 786C Green Way SW',786,'C','SW','Green','Way','SW',NULL,'Subscriptions Dept',NULL,NULL,NULL,NULL,2309,NULL,NULL,NULL,1003,NULL,NULL,NULL,NULL),(349,378,1,1,0,'NW 69E Northpoint Blvd S',69,'E','NW','Northpoint','Blvd','S',NULL,'Subscriptions Dept',NULL,NULL,NULL,NULL,4360,NULL,NULL,NULL,1204,NULL,NULL,NULL,NULL),(350,366,1,1,0,'W 297J Caulder St SW',297,'J','W','Caulder','St','SW',NULL,'Attn: Accounting',NULL,NULL,NULL,NULL,2147,NULL,NULL,NULL,1048,NULL,NULL,NULL,NULL),(351,340,1,1,0,'W 959Z Caulder Pl NE',959,'Z','W','Caulder','Pl','NE',NULL,'Receiving',NULL,NULL,NULL,NULL,3712,NULL,NULL,NULL,1144,NULL,NULL,NULL,NULL),(352,240,1,1,0,'SW 313G Lincoln Rd NE',313,'G','SW','Lincoln','Rd','NE',NULL,'C/o PO Plus',NULL,NULL,NULL,NULL,2150,NULL,NULL,NULL,1048,NULL,NULL,NULL,NULL),(353,460,1,1,0,'NW 441Z Lincoln Rd E',441,'Z','NW','Lincoln','Rd','E',NULL,'Receiving',NULL,NULL,NULL,NULL,2169,NULL,NULL,NULL,1048,NULL,NULL,NULL,NULL),(354,183,1,1,0,'W 38C Cadell Ave SW',38,'C','W','Cadell','Ave','SW',NULL,'Urgent',NULL,NULL,NULL,NULL,2988,NULL,NULL,NULL,1055,NULL,NULL,NULL,NULL),(355,363,1,1,0,'S 431T Second Path W',431,'T','S','Second','Path','W',NULL,'Attn: Development',NULL,NULL,NULL,NULL,3923,NULL,NULL,NULL,1155,NULL,NULL,NULL,NULL),(356,395,1,1,0,'E 75Z Main Pl NE',75,'Z','E','Main','Pl','NE',NULL,'Churchgate',NULL,NULL,NULL,NULL,2936,NULL,NULL,NULL,1090,NULL,NULL,NULL,NULL),(357,279,1,1,0,'NE 214F Main Pl W',214,'F','NE','Main','Pl','W',NULL,'Donor Relations',NULL,NULL,NULL,NULL,2302,NULL,NULL,NULL,1062,NULL,NULL,NULL,NULL),(358,364,1,1,0,'NE 637O Pine Pl S',637,'O','NE','Pine','Pl','S',NULL,'Community Relations',NULL,NULL,NULL,NULL,2887,NULL,NULL,NULL,1085,NULL,NULL,NULL,NULL),(359,305,1,1,0,'E 738V Martin Luther King St S',738,'V','E','Martin Luther King','St','S',NULL,'Receiving',NULL,NULL,NULL,NULL,4644,NULL,NULL,NULL,1211,NULL,NULL,NULL,NULL),(360,328,1,1,0,'N 678V Northpoint Way W',678,'V','N','Northpoint','Way','W',NULL,'C/o PO Plus',NULL,NULL,NULL,NULL,NULL,NULL,NULL,NULL,NULL,NULL,NULL,NULL,NULL),(361,4,1,1,0,'NE 86Q Bay Blvd W',86,'Q','NE','Bay','Blvd','W',NULL,'Payables Dept.',NULL,NULL,NULL,NULL,2222,NULL,NULL,NULL,1057,NULL,NULL,NULL,NULL),(362,20,1,1,0,'W 260X College Dr W',260,'X','W','College','Dr','W',NULL,'Donor Relations',NULL,NULL,NULL,NULL,NULL,NULL,NULL,NULL,NULL,NULL,NULL,NULL,NULL),(363,482,1,1,0,'S 931H El Camino Dr NW',931,'H','S','El Camino','Dr','NW',NULL,'Community Relations',NULL,NULL,NULL,NULL,3722,NULL,NULL,NULL,1144,NULL,NULL,NULL,NULL),(364,406,1,1,0,'NW 875R Van Ness Pl E',875,'R','NW','Van Ness','Pl','E',NULL,'Donor Relations',NULL,NULL,NULL,NULL,1514,NULL,NULL,NULL,1001,NULL,NULL,NULL,NULL),(365,78,1,1,0,'W 470S Pine Blvd NE',470,'S','W','Pine','Blvd','NE',NULL,'Community Relations',NULL,NULL,NULL,NULL,4734,NULL,NULL,NULL,1218,NULL,NULL,NULL,NULL),(366,35,1,1,0,'E 332G Main Ave SW',332,'G','E','Main','Ave','SW',NULL,'Payables Dept.',NULL,NULL,NULL,NULL,4849,NULL,NULL,NULL,1208,NULL,NULL,NULL,NULL),(367,113,1,1,0,'E 196K Pine Dr NW',196,'K','E','Pine','Dr','NW',NULL,'Receiving',NULL,NULL,NULL,NULL,3489,NULL,NULL,NULL,1122,NULL,NULL,NULL,NULL),(368,256,1,1,0,'N 322M States Dr SE',322,'M','N','States','Dr','SE',NULL,'Disbursements',NULL,NULL,NULL,NULL,3372,NULL,NULL,NULL,1037,NULL,NULL,NULL,NULL),(369,89,1,1,0,'W 275W Dowlen Dr E',275,'W','W','Dowlen','Dr','E',NULL,'Attn: Development',NULL,NULL,NULL,NULL,3202,NULL,NULL,NULL,1107,NULL,NULL,NULL,NULL),(370,206,1,1,0,'N 513R Beech Ave N',513,'R','N','Beech','Ave','N',NULL,'Subscriptions Dept',NULL,NULL,NULL,NULL,4498,NULL,NULL,NULL,1193,NULL,NULL,NULL,NULL),(371,232,1,1,0,'E 100O Woodbridge Ln N',100,'O','E','Woodbridge','Ln','N',NULL,'Donor Relations',NULL,NULL,NULL,NULL,5072,NULL,NULL,NULL,1233,NULL,NULL,NULL,NULL),(372,47,1,1,0,'SE 290N Main Pl SW',290,'N','SE','Main','Pl','SW',NULL,'Disbursements',NULL,NULL,NULL,NULL,NULL,NULL,NULL,NULL,NULL,NULL,NULL,NULL,NULL),(373,437,1,1,0,'NW 910T Martin Luther King Rd NE',910,'T','NW','Martin Luther King','Rd','NE',NULL,'Churchgate',NULL,NULL,NULL,NULL,1810,NULL,NULL,NULL,1034,NULL,NULL,NULL,NULL),(374,128,1,1,0,'SE 817A Jackson Ave SW',817,'A','SE','Jackson','Ave','SW',NULL,'C/o OPDC',NULL,NULL,NULL,NULL,2708,NULL,NULL,NULL,1226,NULL,NULL,NULL,NULL),(375,234,1,1,0,'SW 925V Beech Blvd NE',925,'V','SW','Beech','Blvd','NE',NULL,'Urgent',NULL,NULL,NULL,NULL,2632,NULL,NULL,NULL,1226,NULL,NULL,NULL,NULL),(376,411,1,1,0,'NW 117X Pine St NE',117,'X','NW','Pine','St','NE',NULL,'Receiving',NULL,NULL,NULL,NULL,3337,NULL,NULL,NULL,1110,NULL,NULL,NULL,NULL),(377,118,1,1,0,'SW 556P Woodbridge Dr S',556,'P','SW','Woodbridge','Dr','S',NULL,'Donor Relations',NULL,NULL,NULL,NULL,5143,NULL,NULL,NULL,1239,NULL,NULL,NULL,NULL),(378,475,1,1,0,'W 488B Beech Ln E',488,'B','W','Beech','Ln','E',NULL,'Attn: Accounting',NULL,NULL,NULL,NULL,3159,NULL,NULL,NULL,1103,NULL,NULL,NULL,NULL),(379,351,1,1,0,'SW 365M Second Pl SE',365,'M','SW','Second','Pl','SE',NULL,'Disbursements',NULL,NULL,NULL,NULL,1857,NULL,NULL,NULL,1033,NULL,NULL,NULL,NULL),(380,98,1,1,0,'E 228T Martin Luther King Path W',228,'T','E','Martin Luther King','Path','W',NULL,'Mailstop 101',NULL,NULL,NULL,NULL,4896,NULL,NULL,NULL,1224,NULL,NULL,NULL,NULL),(381,289,1,1,0,'S 233G Beech Ave E',233,'G','S','Beech','Ave','E',NULL,'C/o OPDC',NULL,NULL,NULL,NULL,4136,NULL,NULL,NULL,1173,NULL,NULL,NULL,NULL),(382,436,1,1,0,'SW 512H Second Path S',512,'H','SW','Second','Path','S',NULL,'Editorial Dept',NULL,NULL,NULL,NULL,1644,NULL,NULL,NULL,1013,NULL,NULL,NULL,NULL),(383,402,1,1,0,'SE 977X Pine Ln NW',977,'X','SE','Pine','Ln','NW',NULL,'Subscriptions Dept',NULL,NULL,NULL,NULL,2571,NULL,NULL,NULL,1076,NULL,NULL,NULL,NULL),(384,198,1,1,0,'NW 986P Main Ln W',986,'P','NW','Main','Ln','W',NULL,'C/o PO Plus',NULL,NULL,NULL,NULL,3154,NULL,NULL,NULL,1103,NULL,NULL,NULL,NULL),(385,253,1,1,0,'N 675B Bay Way NW',675,'B','N','Bay','Way','NW',NULL,'Editorial Dept',NULL,NULL,NULL,NULL,2115,NULL,NULL,NULL,1045,NULL,NULL,NULL,NULL),(386,168,1,1,0,'W 772Y Beech Pl N',772,'Y','W','Beech','Pl','N',NULL,'Editorial Dept',NULL,NULL,NULL,NULL,4392,NULL,NULL,NULL,1193,NULL,NULL,NULL,NULL),(387,139,1,1,0,'SW 485O Beech Path NE',485,'O','SW','Beech','Path','NE',NULL,'C/o OPDC',NULL,NULL,NULL,NULL,5083,NULL,NULL,NULL,1233,NULL,NULL,NULL,NULL),(388,492,1,1,0,'SW 483V Northpoint Blvd E',483,'V','SW','Northpoint','Blvd','E',NULL,'Mailstop 101',NULL,NULL,NULL,NULL,4903,NULL,NULL,NULL,1224,NULL,NULL,NULL,NULL),(389,493,1,1,0,'E 948N Maple Path E',948,'N','E','Maple','Path','E',NULL,'Churchgate',NULL,NULL,NULL,NULL,NULL,NULL,NULL,NULL,NULL,NULL,NULL,NULL,NULL),(390,462,1,1,0,'S 238T Woodbridge Path N',238,'T','S','Woodbridge','Path','N',NULL,'Churchgate',NULL,NULL,NULL,NULL,4854,NULL,NULL,NULL,1208,NULL,NULL,NULL,NULL),(391,379,1,1,0,'SE 508O Cadell Way SE',508,'O','SE','Cadell','Way','SE',NULL,'C/o OPDC',NULL,NULL,NULL,NULL,4734,NULL,NULL,NULL,1218,NULL,NULL,NULL,NULL),(392,276,1,1,0,'SE 300H Caulder Blvd NE',300,'H','SE','Caulder','Blvd','NE',NULL,'Mailstop 101',NULL,NULL,NULL,NULL,3712,NULL,NULL,NULL,1144,NULL,NULL,NULL,NULL),(393,447,1,1,0,'E 218F Bay Rd N',218,'F','E','Bay','Rd','N',NULL,'C/o PO Plus',NULL,NULL,NULL,NULL,3477,NULL,NULL,NULL,1199,NULL,NULL,NULL,NULL),(394,412,1,1,0,'E 644M Main Path NW',644,'M','E','Main','Path','NW',NULL,'Receiving',NULL,NULL,NULL,NULL,3235,NULL,NULL,NULL,1107,NULL,NULL,NULL,NULL),(395,369,1,1,0,'SE 270V Cadell St S',270,'V','SE','Cadell','St','S',NULL,'Donor Relations',NULL,NULL,NULL,NULL,2211,NULL,NULL,NULL,1040,NULL,NULL,NULL,NULL),(396,32,1,1,0,'NW 299R Jackson Rd N',299,'R','NW','Jackson','Rd','N',NULL,'Churchgate',NULL,NULL,NULL,NULL,1654,NULL,NULL,NULL,1015,NULL,NULL,NULL,NULL),(397,326,1,1,0,'NE 264D States Rd N',264,'D','NE','States','Rd','N',NULL,'Attn: Accounting',NULL,NULL,NULL,NULL,4518,NULL,NULL,NULL,1193,NULL,NULL,NULL,NULL),(398,495,1,1,0,'E 867Q Green Way W',867,'Q','E','Green','Way','W',NULL,'Donor Relations',NULL,NULL,NULL,NULL,3457,NULL,NULL,NULL,1118,NULL,NULL,NULL,NULL),(399,74,1,1,0,'N 774U Dowlen Blvd W',774,'U','N','Dowlen','Blvd','W',NULL,'Receiving',NULL,NULL,NULL,NULL,2395,NULL,NULL,NULL,1065,NULL,NULL,NULL,NULL),(400,50,1,1,0,'NW 576S Cadell Ln S',576,'S','NW','Cadell','Ln','S',NULL,'C/o OPDC',NULL,NULL,NULL,NULL,1684,NULL,NULL,NULL,1015,NULL,NULL,NULL,NULL),(401,248,1,1,0,'SE 986D Maple St SW',986,'D','SE','Maple','St','SW',NULL,'Subscriptions Dept',NULL,NULL,NULL,NULL,2128,NULL,NULL,NULL,1045,NULL,NULL,NULL,NULL),(402,308,1,1,0,'W 14K Northpoint Blvd W',14,'K','W','Northpoint','Blvd','W',NULL,'Attn: Accounting',NULL,NULL,NULL,NULL,3153,NULL,NULL,NULL,1103,NULL,NULL,NULL,NULL),(403,71,1,1,0,'NW 943D Jackson Rd NE',943,'D','NW','Jackson','Rd','NE',NULL,'C/o PO Plus',NULL,NULL,NULL,NULL,3450,NULL,NULL,NULL,1118,NULL,NULL,NULL,NULL),(404,284,1,1,0,'S 982F Pine Rd E',982,'F','S','Pine','Rd','E',NULL,'C/o PO Plus',NULL,NULL,NULL,NULL,4420,NULL,NULL,NULL,1193,NULL,NULL,NULL,NULL),(405,368,1,1,0,'SE 552P Van Ness Way W',552,'P','SE','Van Ness','Way','W',NULL,'Donor Relations',NULL,NULL,NULL,NULL,5020,NULL,NULL,NULL,1232,NULL,NULL,NULL,NULL),(406,19,1,1,0,'NW 463X College Ave SE',463,'X','NW','College','Ave','SE',NULL,'Cuffe Parade',NULL,NULL,NULL,NULL,3916,NULL,NULL,NULL,1157,NULL,NULL,NULL,NULL),(407,312,1,1,0,'E 17Y Maple Blvd E',17,'Y','E','Maple','Blvd','E',NULL,'C/o PO Plus',NULL,NULL,NULL,NULL,2300,NULL,NULL,NULL,1062,NULL,NULL,NULL,NULL),(408,422,1,1,0,'W 85L Van Ness Pl SW',85,'L','W','Van Ness','Pl','SW',NULL,'Receiving',NULL,NULL,NULL,NULL,2102,NULL,NULL,NULL,1044,NULL,NULL,NULL,NULL),(409,415,1,1,0,'W 580O Beech Ln S',580,'O','W','Beech','Ln','S',NULL,'Churchgate',NULL,NULL,NULL,NULL,4157,NULL,NULL,NULL,1168,NULL,NULL,NULL,NULL),(410,469,1,1,0,'SE 824V Beech Ave N',824,'V','SE','Beech','Ave','N',NULL,'C/o OPDC',NULL,NULL,NULL,NULL,3715,NULL,NULL,NULL,1144,NULL,NULL,NULL,NULL),(411,163,1,1,0,'N 981B Lincoln Ln NW',981,'B','N','Lincoln','Ln','NW',NULL,'C/o OPDC',NULL,NULL,NULL,NULL,3610,NULL,NULL,NULL,1146,NULL,NULL,NULL,NULL),(412,126,1,1,0,'SW 314T College Way SE',314,'T','SW','College','Way','SE',NULL,'Donor Relations',NULL,NULL,NULL,NULL,1539,NULL,NULL,NULL,1001,NULL,NULL,NULL,NULL),(413,49,1,1,0,'SW 100Q Dowlen Pl S',100,'Q','SW','Dowlen','Pl','S',NULL,'Community Relations',NULL,NULL,NULL,NULL,1889,NULL,NULL,NULL,1036,NULL,NULL,NULL,NULL),(414,52,1,1,0,'SW 475Q Bay St SW',475,'Q','SW','Bay','St','SW',NULL,'Attn: Accounting',NULL,NULL,NULL,NULL,4579,NULL,NULL,NULL,1201,NULL,NULL,NULL,NULL),(415,69,1,1,0,'SW 718Y States St E',718,'Y','SW','States','St','E',NULL,'Urgent',NULL,NULL,NULL,NULL,2556,NULL,NULL,NULL,1076,NULL,NULL,NULL,NULL),(416,453,1,1,0,'NW 238Z Martin Luther King Rd W',238,'Z','NW','Martin Luther King','Rd','W',NULL,'Attn: Development',NULL,NULL,NULL,NULL,2432,NULL,NULL,NULL,1198,NULL,NULL,NULL,NULL),(417,451,1,1,0,'N 154B Woodbridge Blvd NE',154,'B','N','Woodbridge','Blvd','NE',NULL,'Cuffe Parade',NULL,NULL,NULL,NULL,5097,NULL,NULL,NULL,1231,NULL,NULL,NULL,NULL),(418,376,1,1,0,'E 467G Green Path SW',467,'G','E','Green','Path','SW',NULL,'Receiving',NULL,NULL,NULL,NULL,5128,NULL,NULL,NULL,1237,NULL,NULL,NULL,NULL),(419,301,1,1,0,'NW 256R Dowlen Rd NW',256,'R','NW','Dowlen','Rd','NW',NULL,'Community Relations',NULL,NULL,NULL,NULL,4387,NULL,NULL,NULL,1193,NULL,NULL,NULL,NULL),(420,280,1,1,0,'E 200M Northpoint St E',200,'M','E','Northpoint','St','E',NULL,'Cuffe Parade',NULL,NULL,NULL,NULL,NULL,NULL,NULL,NULL,NULL,NULL,NULL,NULL,NULL),(421,174,1,1,0,'NE 916R Pine Rd E',916,'R','NE','Pine','Rd','E',NULL,'Disbursements',NULL,NULL,NULL,NULL,4396,NULL,NULL,NULL,1193,NULL,NULL,NULL,NULL),(422,293,1,1,0,'NW 881K Maple Way W',881,'K','NW','Maple','Way','W',NULL,'Attn: Development',NULL,NULL,NULL,NULL,3973,NULL,NULL,NULL,1154,NULL,NULL,NULL,NULL),(423,91,1,1,0,'W 230J Beech Blvd E',230,'J','W','Beech','Blvd','E',NULL,'Attn: Accounting',NULL,NULL,NULL,NULL,2010,NULL,NULL,NULL,1050,NULL,NULL,NULL,NULL),(424,192,1,1,0,'SW 943H Maple Blvd N',943,'H','SW','Maple','Blvd','N',NULL,'C/o PO Plus',NULL,NULL,NULL,NULL,4111,NULL,NULL,NULL,1170,NULL,NULL,NULL,NULL),(425,484,1,1,0,'N 694L Main Rd E',694,'L','N','Main','Rd','E',NULL,'C/o PO Plus',NULL,NULL,NULL,NULL,3279,NULL,NULL,NULL,1109,NULL,NULL,NULL,NULL),(426,359,1,1,0,'W 395Y Beech Ln SW',395,'Y','W','Beech','Ln','SW',NULL,'Disbursements',NULL,NULL,NULL,NULL,3091,NULL,NULL,NULL,1105,NULL,NULL,NULL,NULL),(427,NULL,1,1,1,'S 14S El Camino Way E',14,'S',NULL,'El Camino','Way',NULL,NULL,NULL,NULL,NULL,'Collinsville',NULL,1006,NULL,'6022',NULL,1228,41.8328,-72.9253,NULL,NULL),(428,NULL,1,1,1,'E 11B Woodbridge Path SW',11,'B',NULL,'Woodbridge','Path',NULL,NULL,NULL,NULL,NULL,'Dayton',NULL,1034,NULL,'45417',NULL,1228,39.7531,-84.2471,NULL,NULL),(429,NULL,1,1,1,'E 581O Lincoln Dr SW',581,'O',NULL,'Lincoln','Dr',NULL,NULL,NULL,NULL,NULL,'Santa Fe',NULL,1030,NULL,'87594',NULL,1228,35.5212,-105.982,NULL,NULL);
/*!40000 ALTER TABLE `civicrm_address` ENABLE KEYS */;
UNLOCK TABLES;

--
-- Dumping data for table `civicrm_cache`
--

LOCK TABLES `civicrm_cache` WRITE;
/*!40000 ALTER TABLE `civicrm_cache` DISABLE KEYS */;
/*!40000 ALTER TABLE `civicrm_cache` ENABLE KEYS */;
UNLOCK TABLES;

--
-- Dumping data for table `civicrm_case`
--

LOCK TABLES `civicrm_case` WRITE;
/*!40000 ALTER TABLE `civicrm_case` DISABLE KEYS */;
/*!40000 ALTER TABLE `civicrm_case` ENABLE KEYS */;
UNLOCK TABLES;

--
-- Dumping data for table `civicrm_case_activity`
--

LOCK TABLES `civicrm_case_activity` WRITE;
/*!40000 ALTER TABLE `civicrm_case_activity` DISABLE KEYS */;
/*!40000 ALTER TABLE `civicrm_case_activity` ENABLE KEYS */;
UNLOCK TABLES;

--
-- Dumping data for table `civicrm_case_contact`
--

LOCK TABLES `civicrm_case_contact` WRITE;
/*!40000 ALTER TABLE `civicrm_case_contact` DISABLE KEYS */;
/*!40000 ALTER TABLE `civicrm_case_contact` ENABLE KEYS */;
UNLOCK TABLES;

--
-- Dumping data for table `civicrm_component`
--

LOCK TABLES `civicrm_component` WRITE;
/*!40000 ALTER TABLE `civicrm_component` DISABLE KEYS */;
INSERT INTO `civicrm_component` (`id`, `name`, `namespace`) VALUES (1,'CiviEvent','CRM_Event'),(2,'CiviContribute','CRM_Contribute'),(3,'CiviMember','CRM_Member'),(4,'CiviMail','CRM_Mailing'),(5,'CiviGrant','CRM_Grant'),(6,'CiviPledge','CRM_Pledge'),(7,'CiviCase','CRM_Case'),(8,'CiviReport','CRM_Report');
/*!40000 ALTER TABLE `civicrm_component` ENABLE KEYS */;
UNLOCK TABLES;

--
-- Dumping data for table `civicrm_contact`
--

LOCK TABLES `civicrm_contact` WRITE;
/*!40000 ALTER TABLE `civicrm_contact` DISABLE KEYS */;
INSERT INTO `civicrm_contact` (`id`, `contact_type`, `contact_sub_type`, `do_not_email`, `do_not_phone`, `do_not_mail`, `do_not_trade`, `is_opt_out`, `legal_identifier`, `external_identifier`, `sort_name`, `display_name`, `nick_name`, `legal_name`, `home_URL`, `image_URL`, `preferred_communication_method`, `preferred_mail_format`, `hash`, `api_key`, `source`, `first_name`, `middle_name`, `last_name`, `prefix_id`, `suffix_id`, `greeting_type_id`, `custom_greeting`, `job_title`, `gender_id`, `birth_date`, `is_deceased`, `deceased_date`, `mail_to_household_id`, `household_name`, `primary_contact_id`, `organization_name`, `sic_code`, `user_unique_id`, `employer_id`) VALUES (1,'Organization',NULL,0,0,0,0,0,NULL,NULL,'Inner City Arts','Inner City Arts',NULL,NULL,NULL,NULL,'4','Both','1902067651',NULL,NULL,NULL,NULL,NULL,NULL,NULL,NULL,NULL,NULL,NULL,NULL,0,NULL,NULL,NULL,NULL,'Inner City Arts',NULL,NULL,NULL),(2,'Individual',NULL,1,1,0,1,0,NULL,NULL,'Jones, John','Ms John Z Jones Jr',NULL,NULL,NULL,NULL,'3','Both','-1358568744',NULL,NULL,'John','Z','Jones',2,1,2,NULL,NULL,2,'1994-02-05',1,NULL,NULL,NULL,NULL,NULL,NULL,NULL,NULL),(3,'Household',NULL,1,0,0,1,0,NULL,NULL,'Milan Yadav\'s home','Milan Yadav\'s home','Yadav\'s home',NULL,NULL,NULL,'5','Both','1923937831',NULL,NULL,NULL,NULL,NULL,NULL,NULL,NULL,NULL,NULL,NULL,NULL,0,NULL,NULL,'Milan Yadav\'s home',222,NULL,NULL,NULL,NULL),(4,'Individual',NULL,1,0,0,0,0,NULL,NULL,'Smith, Jane','Mrs Jane I Smith Jr',NULL,NULL,NULL,NULL,'3','Both','83103719',NULL,NULL,'Jane','I','Smith',1,1,1,NULL,NULL,2,'2000-09-24',1,NULL,NULL,NULL,NULL,NULL,NULL,NULL,NULL),(5,'Individual',NULL,1,1,0,0,0,NULL,NULL,'Smith, Sam','Mr Sam E Smith Sr',NULL,NULL,NULL,NULL,'2','Both','-1430434944',NULL,NULL,'Sam','E','Smith',3,2,2,NULL,NULL,1,'1970-09-16',1,NULL,NULL,NULL,NULL,NULL,NULL,NULL,NULL),(6,'Individual',NULL,0,0,0,0,0,NULL,NULL,'Zope, Raymond','Mrs Raymond W Zope Sr',NULL,NULL,NULL,NULL,'5','Both','-1971417858',NULL,NULL,'Raymond','W','Zope',1,2,3,NULL,NULL,2,'1983-06-14',0,NULL,NULL,NULL,NULL,NULL,NULL,NULL,NULL),(7,'Individual',NULL,1,0,0,1,0,NULL,NULL,'Smith, Justin','Mr Justin C Smith Jr',NULL,NULL,NULL,NULL,'2','Both','-191134393',NULL,NULL,'Justin','C','Smith',3,1,2,NULL,NULL,2,'1998-01-18',1,NULL,NULL,NULL,NULL,NULL,NULL,NULL,NULL),(8,'Individual',NULL,0,0,0,1,0,NULL,NULL,'Smith, Rebecca','Mrs Rebecca V Smith Jr',NULL,NULL,NULL,NULL,'2','Both','1509971092',NULL,NULL,'Rebecca','V','Smith',1,1,2,NULL,NULL,1,'1970-01-08',0,NULL,NULL,NULL,NULL,NULL,NULL,NULL,NULL),(9,'Individual',NULL,0,0,0,0,0,NULL,NULL,'Grant, Kenneth','Dr Kenneth X Grant Sr',NULL,NULL,NULL,NULL,'4','Both','1506536518',NULL,NULL,'Kenneth','X','Grant',4,2,3,NULL,NULL,1,'1971-03-06',1,NULL,NULL,NULL,NULL,NULL,NULL,NULL,NULL),(10,'Individual',NULL,1,1,0,1,0,NULL,NULL,'Parker, James','Mr James H Parker Jr',NULL,NULL,NULL,NULL,'4','Both','-853510560',NULL,NULL,'James','H','Parker',3,1,1,NULL,NULL,1,'1990-02-01',0,NULL,NULL,NULL,NULL,NULL,NULL,NULL,NULL),(11,'Individual',NULL,1,1,0,0,0,NULL,NULL,'Adams, Walter','Dr Walter P Adams Jr',NULL,NULL,NULL,NULL,'5','Both','1751273217',NULL,NULL,'Walter','P','Adams',4,1,3,NULL,NULL,2,'1978-07-22',0,NULL,NULL,NULL,NULL,NULL,NULL,NULL,NULL),(12,'Individual',NULL,0,0,0,1,0,NULL,NULL,'Patel, Anne','Ms Anne F Patel Jr',NULL,NULL,NULL,NULL,'1','Both','1118239188',NULL,NULL,'Anne','F','Patel',2,1,3,NULL,NULL,1,'2007-06-03',0,NULL,NULL,NULL,NULL,NULL,NULL,NULL,NULL),(13,'Household',NULL,1,1,0,1,0,NULL,NULL,'Brzczysaw Smith\'s home','Brzczysaw Smith\'s home','Smith\'s home',NULL,NULL,NULL,'4','Both','409009612',NULL,NULL,NULL,NULL,NULL,NULL,NULL,NULL,NULL,NULL,NULL,NULL,0,NULL,NULL,'Brzczysaw Smith\'s home',75,NULL,NULL,NULL,NULL),(14,'Individual',NULL,1,1,0,0,0,NULL,NULL,'Smith, Fraddie','Mrs Fraddie L Smith Sr',NULL,NULL,NULL,NULL,'3','Both','-795608631',NULL,NULL,'Fraddie','L','Smith',1,2,1,NULL,NULL,1,'1977-07-24',1,NULL,NULL,NULL,NULL,NULL,NULL,NULL,NULL),(15,'Individual',NULL,0,1,0,1,0,NULL,NULL,'Jameson, Donald','Dr Donald T Jameson Jr',NULL,NULL,NULL,NULL,'1','Both','-1092436612',NULL,NULL,'Donald','T','Jameson',4,1,3,NULL,NULL,1,'2001-04-03',1,NULL,NULL,NULL,NULL,NULL,NULL,NULL,NULL),(16,'Individual',NULL,0,0,0,0,0,NULL,NULL,'Parker, Charles','Dr Charles J Parker Sr',NULL,NULL,NULL,NULL,'2','Both','-518541980',NULL,NULL,'Charles','J','Parker',4,2,3,NULL,NULL,1,'2001-02-05',1,NULL,NULL,NULL,NULL,NULL,NULL,NULL,NULL),(17,'Individual',NULL,1,0,0,1,0,NULL,NULL,'Adams, Fraddie','Mr Fraddie A Adams Sr',NULL,NULL,NULL,NULL,'3','Both','-601621169',NULL,NULL,'Fraddie','A','Adams',3,2,1,NULL,NULL,1,'1996-02-04',1,NULL,NULL,NULL,NULL,NULL,NULL,NULL,NULL),(18,'Organization',NULL,0,1,0,1,0,NULL,NULL,'Cisco Systems  ','Cisco Systems  ',NULL,NULL,NULL,NULL,'4','Both','795728639',NULL,NULL,NULL,NULL,NULL,NULL,NULL,NULL,NULL,NULL,NULL,NULL,0,NULL,NULL,NULL,NULL,'Cisco Systems  ',NULL,NULL,NULL),(19,'Individual',NULL,1,0,0,1,0,NULL,NULL,'chowski, Alan','Mr Alan F chowski Jr',NULL,NULL,NULL,NULL,'2','Both','884427580',NULL,NULL,'Alan','F','chowski',3,1,2,NULL,NULL,1,'2007-02-22',1,NULL,NULL,NULL,NULL,NULL,NULL,NULL,NULL),(20,'Individual',NULL,1,1,0,0,0,NULL,NULL,'Smith, Pat','Mr Pat X Smith Jr',NULL,NULL,NULL,NULL,'3','Both','-862954215',NULL,NULL,'Pat','X','Smith',3,1,2,NULL,NULL,1,'2002-10-13',1,NULL,NULL,NULL,NULL,NULL,NULL,NULL,NULL),(21,'Organization',NULL,0,1,0,0,0,NULL,NULL,'Cisco Systems  ','Cisco Systems  ',NULL,NULL,NULL,NULL,'4','Both','795728639',NULL,NULL,NULL,NULL,NULL,NULL,NULL,NULL,NULL,NULL,NULL,NULL,0,NULL,NULL,NULL,NULL,'Cisco Systems  ',NULL,NULL,NULL),(22,'Household',NULL,1,1,0,0,0,NULL,NULL,'Chetan Parker\'s home','Chetan Parker\'s home','Parker\'s home',NULL,NULL,NULL,'3','Both','-848405077',NULL,NULL,NULL,NULL,NULL,NULL,NULL,NULL,NULL,NULL,NULL,NULL,0,NULL,NULL,'Chetan Parker\'s home',499,NULL,NULL,NULL,NULL),(23,'Individual',NULL,1,1,0,1,0,NULL,NULL,'Patel, Richard','Ms Richard U Patel Jr',NULL,NULL,NULL,NULL,'4','Both','-805262032',NULL,NULL,'Richard','U','Patel',2,1,1,NULL,NULL,2,'2001-06-16',0,NULL,NULL,NULL,NULL,NULL,NULL,NULL,NULL),(24,'Household',NULL,1,0,0,1,0,NULL,NULL,'Anne Patel\'s home','Anne Patel\'s home','Patel\'s home',NULL,NULL,NULL,'4','Both','-884141891',NULL,NULL,NULL,NULL,NULL,NULL,NULL,NULL,NULL,NULL,NULL,NULL,0,NULL,NULL,'Anne Patel\'s home',206,NULL,NULL,NULL,NULL),(25,'Individual',NULL,1,1,0,0,0,NULL,NULL,'Zope, Chetan','Mr Chetan S Zope Sr',NULL,NULL,NULL,NULL,'2','Both','1175358528',NULL,NULL,'Chetan','S','Zope',3,2,1,NULL,NULL,1,'1979-08-04',0,NULL,NULL,NULL,NULL,NULL,NULL,NULL,NULL),(26,'Household',NULL,0,0,0,0,0,NULL,NULL,'Purvi Roberts\'s home','Purvi Roberts\'s home','Roberts\'s home',NULL,NULL,NULL,'3','Both','-1632396727',NULL,NULL,NULL,NULL,NULL,NULL,NULL,NULL,NULL,NULL,NULL,NULL,0,NULL,NULL,'Purvi Roberts\'s home',436,NULL,NULL,NULL,NULL),(27,'Individual',NULL,1,0,0,1,0,NULL,NULL,'Grant, Peter','Ms Peter R Grant Sr',NULL,NULL,NULL,NULL,'4','Both','-706934678',NULL,NULL,'Peter','R','Grant',2,2,1,NULL,NULL,1,'1973-12-25',0,NULL,NULL,NULL,NULL,NULL,NULL,NULL,NULL),(28,'Individual',NULL,0,1,0,1,0,NULL,NULL,'Jones, Chris','Mrs Chris X Jones Jr',NULL,NULL,NULL,NULL,'2','Both','1570667174',NULL,NULL,'Chris','X','Jones',1,1,3,NULL,NULL,1,'2004-06-26',1,NULL,NULL,NULL,NULL,NULL,NULL,NULL,NULL),(29,'Individual',NULL,0,1,0,0,0,NULL,NULL,'Roberts, Sam','Dr Sam F Roberts Jr',NULL,NULL,NULL,NULL,'1','Both','1437063119',NULL,NULL,'Sam','F','Roberts',4,1,1,NULL,NULL,1,'1991-04-14',1,NULL,NULL,NULL,NULL,NULL,NULL,NULL,NULL),(30,'Individual',NULL,1,1,0,0,0,NULL,NULL,'Yadav, Chetan','Ms Chetan L Yadav Jr',NULL,NULL,NULL,NULL,'5','Both','-1492406248',NULL,NULL,'Chetan','L','Yadav',2,1,3,NULL,NULL,2,'1979-06-26',0,NULL,NULL,NULL,NULL,NULL,NULL,NULL,NULL),(31,'Individual',NULL,1,0,0,1,0,NULL,NULL,'Zope, Walter','Dr Walter G Zope Jr',NULL,NULL,NULL,NULL,'4','Both','-566462339',NULL,NULL,'Walter','G','Zope',4,1,1,NULL,NULL,2,'1975-09-28',1,NULL,NULL,NULL,NULL,NULL,NULL,NULL,NULL),(32,'Individual',NULL,1,1,0,0,0,NULL,NULL,'Jones, Michelle','Mrs Michelle O Jones Jr',NULL,NULL,NULL,NULL,'5','Both','1726725585',NULL,NULL,'Michelle','O','Jones',1,1,3,NULL,NULL,2,'1991-04-01',1,NULL,NULL,NULL,NULL,NULL,NULL,NULL,NULL),(33,'Organization',NULL,0,0,0,0,0,NULL,NULL,'Cisco Systems  ','Cisco Systems  ',NULL,NULL,NULL,NULL,'5','Both','795728639',NULL,NULL,NULL,NULL,NULL,NULL,NULL,NULL,NULL,NULL,NULL,NULL,0,NULL,NULL,NULL,NULL,'Cisco Systems  ',NULL,NULL,NULL),(34,'Individual',NULL,1,0,0,1,0,NULL,NULL,'Grant, Bill','Ms Bill P Grant Jr',NULL,NULL,NULL,NULL,'1','Both','-1158760197',NULL,NULL,'Bill','P','Grant',2,1,3,NULL,NULL,1,'1997-11-28',0,NULL,NULL,NULL,NULL,NULL,NULL,NULL,NULL),(35,'Individual',NULL,1,0,0,0,0,NULL,NULL,'Smith, Jason','Ms Jason H Smith Jr',NULL,NULL,NULL,NULL,'3','Both','-1468794705',NULL,NULL,'Jason','H','Smith',2,1,2,NULL,NULL,1,'1976-04-09',0,NULL,NULL,NULL,NULL,NULL,NULL,NULL,NULL),(36,'Individual',NULL,1,0,0,0,0,NULL,NULL,'Patel, Chetan','Ms Chetan J Patel Jr',NULL,NULL,NULL,NULL,'4','Both','-1100147026',NULL,NULL,'Chetan','J','Patel',2,1,2,NULL,NULL,1,'2003-04-07',0,NULL,NULL,NULL,NULL,NULL,NULL,NULL,NULL),(37,'Household',NULL,0,1,0,1,0,NULL,NULL,'Justin chowski\'s home','Justin chowski\'s home','chowski\'s home',NULL,NULL,NULL,'5','Both','-1970296258',NULL,NULL,NULL,NULL,NULL,NULL,NULL,NULL,NULL,NULL,NULL,NULL,0,NULL,NULL,'Justin chowski\'s home',236,NULL,NULL,NULL,NULL),(38,'Individual',NULL,0,1,0,0,0,NULL,NULL,'Roberts, Bruce','Mr Bruce D Roberts Jr',NULL,NULL,NULL,NULL,'4','Both','1797116566',NULL,NULL,'Bruce','D','Roberts',3,1,1,NULL,NULL,2,'1972-05-24',1,NULL,NULL,NULL,NULL,NULL,NULL,NULL,NULL),(39,'Individual',NULL,0,1,0,0,0,NULL,NULL,'Zope, Milan','Mr Milan J Zope Jr',NULL,NULL,NULL,NULL,'5','Both','-955297559',NULL,NULL,'Milan','J','Zope',3,1,2,NULL,NULL,2,'1986-08-04',0,NULL,NULL,NULL,NULL,NULL,NULL,NULL,NULL),(40,'Individual',NULL,1,1,0,1,0,NULL,NULL,'chowski, Walter','Ms Walter N chowski Sr',NULL,NULL,NULL,NULL,'5','Both','-1151233263',NULL,NULL,'Walter','N','chowski',2,2,3,NULL,NULL,2,'2001-08-30',1,NULL,NULL,NULL,NULL,NULL,NULL,NULL,NULL),(41,'Household',NULL,0,0,0,1,0,NULL,NULL,'Sheila Patel\'s home','Sheila Patel\'s home','Patel\'s home',NULL,NULL,NULL,'2','Both','-1001075598',NULL,NULL,NULL,NULL,NULL,NULL,NULL,NULL,NULL,NULL,NULL,NULL,0,NULL,NULL,'Sheila Patel\'s home',374,NULL,NULL,NULL,NULL),(42,'Individual',NULL,0,0,0,0,0,NULL,NULL,'Reynolds, Donald','Dr Donald K Reynolds Sr',NULL,NULL,NULL,NULL,'1','Both','-1941361181',NULL,NULL,'Donald','K','Reynolds',4,2,1,NULL,NULL,2,'1990-03-31',1,NULL,NULL,NULL,NULL,NULL,NULL,NULL,NULL),(43,'Individual',NULL,0,1,0,1,0,NULL,NULL,'Jones, Peter','Mr Peter N Jones Sr',NULL,NULL,NULL,NULL,'5','Both','1468746753',NULL,NULL,'Peter','N','Jones',3,2,3,NULL,NULL,2,'1984-12-03',1,NULL,NULL,NULL,NULL,NULL,NULL,NULL,NULL),(44,'Individual',NULL,1,0,0,0,0,NULL,NULL,'Zope, Jennifer','Dr Jennifer J Zope Jr',NULL,NULL,NULL,NULL,'1','Both','109520721',NULL,NULL,'Jennifer','J','Zope',4,1,3,NULL,NULL,2,'1973-06-30',0,NULL,NULL,NULL,NULL,NULL,NULL,NULL,NULL),(45,'Individual',NULL,1,0,0,0,0,NULL,NULL,'Roberts, Michael','Dr Michael X Roberts Jr',NULL,NULL,NULL,NULL,'1','Both','-228550055',NULL,NULL,'Michael','X','Roberts',4,1,3,NULL,NULL,2,'1991-02-07',0,NULL,NULL,NULL,NULL,NULL,NULL,NULL,NULL),(46,'Household',NULL,0,1,0,1,0,NULL,NULL,'Henry Roberts\'s home','Henry Roberts\'s home','Roberts\'s home',NULL,NULL,NULL,'2','Both','1469702295',NULL,NULL,NULL,NULL,NULL,NULL,NULL,NULL,NULL,NULL,NULL,NULL,0,NULL,NULL,'Henry Roberts\'s home',412,NULL,NULL,NULL,NULL),(47,'Individual',NULL,0,0,0,0,0,NULL,NULL,'Smith, Greg','Mr Greg D Smith Sr',NULL,NULL,NULL,NULL,'5','Both','-452693260',NULL,NULL,'Greg','D','Smith',3,2,3,NULL,NULL,2,'1992-11-25',0,NULL,NULL,NULL,NULL,NULL,NULL,NULL,NULL),(48,'Household',NULL,0,1,0,0,0,NULL,NULL,'James Smith\'s home','James Smith\'s home','Smith\'s home',NULL,NULL,NULL,'5','Both','444325417',NULL,NULL,NULL,NULL,NULL,NULL,NULL,NULL,NULL,NULL,NULL,NULL,0,NULL,NULL,'James Smith\'s home',439,NULL,NULL,NULL,NULL),(49,'Individual',NULL,0,0,0,1,0,NULL,NULL,'Smith, Amar','Mr Amar W Smith Sr',NULL,NULL,NULL,NULL,'1','Both','-559617910',NULL,NULL,'Amar','W','Smith',3,2,2,NULL,NULL,1,'1999-04-14',0,NULL,NULL,NULL,NULL,NULL,NULL,NULL,NULL),(50,'Individual',NULL,0,1,0,1,0,NULL,NULL,'Patel, Richard','Mr Richard R Patel Sr',NULL,NULL,NULL,NULL,'5','Both','-805262032',NULL,NULL,'Richard','R','Patel',3,2,2,NULL,NULL,2,'1993-11-12',0,NULL,NULL,NULL,NULL,NULL,NULL,NULL,NULL),(51,'Individual',NULL,0,0,0,0,0,NULL,NULL,'Reynolds, Dan','Ms Dan L Reynolds Jr',NULL,NULL,NULL,NULL,'4','Both','1874802067',NULL,NULL,'Dan','L','Reynolds',2,1,3,NULL,NULL,2,'1996-06-01',1,NULL,NULL,NULL,NULL,NULL,NULL,NULL,NULL),(52,'Individual',NULL,1,1,0,1,0,NULL,NULL,'Roberts, Chetan','Mr Chetan H Roberts Sr',NULL,NULL,NULL,NULL,'2','Both','-1390414951',NULL,NULL,'Chetan','H','Roberts',3,2,1,NULL,NULL,1,'2006-06-16',1,NULL,NULL,NULL,NULL,NULL,NULL,NULL,NULL),(53,'Individual',NULL,1,0,0,1,0,NULL,NULL,'Patel, Rebecca','Mr Rebecca E Patel Sr',NULL,NULL,NULL,NULL,'2','Both','1224712151',NULL,NULL,'Rebecca','E','Patel',3,2,3,NULL,NULL,2,'1999-04-02',1,NULL,NULL,NULL,NULL,NULL,NULL,NULL,NULL),(54,'Organization',NULL,1,0,0,0,0,NULL,NULL,'Project Open Hand  ','Project Open Hand  ',NULL,NULL,NULL,NULL,'2','Both','22493331',NULL,NULL,NULL,NULL,NULL,NULL,NULL,NULL,NULL,NULL,NULL,NULL,0,NULL,NULL,NULL,NULL,'Project Open Hand  ',NULL,NULL,NULL),(55,'Individual',NULL,1,1,0,0,0,NULL,NULL,'Jones, Richard','Ms Richard P Jones Jr',NULL,NULL,NULL,NULL,'3','Both','-1360422769',NULL,NULL,'Richard','P','Jones',2,1,1,NULL,NULL,1,'1973-05-31',0,NULL,NULL,NULL,NULL,NULL,NULL,NULL,NULL),(56,'Individual',NULL,0,1,0,1,0,NULL,NULL,'Smith, Bernard','Mrs Bernard J Smith Sr',NULL,NULL,NULL,NULL,'1','Both','-1442260184',NULL,NULL,'Bernard','J','Smith',1,2,2,NULL,NULL,1,'2006-09-21',1,NULL,NULL,NULL,NULL,NULL,NULL,NULL,NULL),(57,'Individual',NULL,1,0,0,0,0,NULL,NULL,'Jameson, James','Mr James A Jameson Sr',NULL,NULL,NULL,NULL,'2','Both','1376429002',NULL,NULL,'James','A','Jameson',3,2,2,NULL,NULL,1,'1979-05-04',1,NULL,NULL,NULL,NULL,NULL,NULL,NULL,NULL),(58,'Household',NULL,0,1,0,1,0,NULL,NULL,'Pat Smith\'s home','Pat Smith\'s home','Smith\'s home',NULL,NULL,NULL,'3','Both','-629949558',NULL,NULL,NULL,NULL,NULL,NULL,NULL,NULL,NULL,NULL,NULL,NULL,0,NULL,NULL,'Pat Smith\'s home',20,NULL,NULL,NULL,NULL),(59,'Individual',NULL,1,0,0,0,0,NULL,NULL,'Patel, Richard','Ms Richard D Patel Sr',NULL,NULL,NULL,NULL,'1','Both','-805262032',NULL,NULL,'Richard','D','Patel',2,2,1,NULL,NULL,2,'1993-08-10',1,NULL,NULL,NULL,NULL,NULL,NULL,NULL,NULL),(60,'Individual',NULL,1,1,0,1,0,NULL,NULL,'Yadav, Charles','Dr Charles T Yadav Sr',NULL,NULL,NULL,NULL,'4','Both','855830377',NULL,NULL,'Charles','T','Yadav',4,2,3,NULL,NULL,2,'1995-09-10',0,NULL,NULL,NULL,NULL,NULL,NULL,NULL,NULL),(61,'Individual',NULL,0,1,0,0,0,NULL,NULL,'Yadav, Amar','Mr Amar X Yadav Jr',NULL,NULL,NULL,NULL,'3','Both','-725455093',NULL,NULL,'Amar','X','Yadav',3,1,2,NULL,NULL,2,'1971-11-30',1,NULL,NULL,NULL,NULL,NULL,NULL,NULL,NULL),(62,'Household',NULL,1,1,0,1,0,NULL,NULL,'Bernard chowski\'s home','Bernard chowski\'s home','chowski\'s home',NULL,NULL,NULL,'4','Both','1154886288',NULL,NULL,NULL,NULL,NULL,NULL,NULL,NULL,NULL,NULL,NULL,NULL,0,NULL,NULL,'Bernard chowski\'s home',358,NULL,NULL,NULL,NULL),(63,'Individual',NULL,0,1,0,1,0,NULL,NULL,'Smith, Purvi','Mr Purvi P Smith Sr',NULL,NULL,NULL,NULL,'5','Both','1509876168',NULL,NULL,'Purvi','P','Smith',3,2,2,NULL,NULL,1,'2005-07-19',1,NULL,NULL,NULL,NULL,NULL,NULL,NULL,NULL),(64,'Individual',NULL,1,0,0,0,0,NULL,NULL,'Smith, Sandy','Ms Sandy D Smith Sr',NULL,NULL,NULL,NULL,'5','Both','-1319476877',NULL,NULL,'Sandy','D','Smith',2,2,2,NULL,NULL,1,'2002-05-16',0,NULL,NULL,NULL,NULL,NULL,NULL,NULL,NULL),(65,'Individual',NULL,0,1,0,0,0,NULL,NULL,'chowski, Richard','Mr Richard T chowski Sr',NULL,NULL,NULL,NULL,'3','Both','-752127667',NULL,NULL,'Richard','T','chowski',3,2,2,NULL,NULL,1,'1979-08-10',1,NULL,NULL,NULL,NULL,NULL,NULL,NULL,NULL),(66,'Organization',NULL,1,1,0,0,0,NULL,NULL,'Compasspoint  ','Compasspoint  ',NULL,NULL,NULL,NULL,'5','Both','-1531408',NULL,NULL,NULL,NULL,NULL,NULL,NULL,NULL,NULL,NULL,NULL,NULL,0,NULL,NULL,NULL,NULL,'Compasspoint  ',NULL,NULL,NULL),(67,'Organization',NULL,0,0,0,0,0,NULL,NULL,'Conservation Corp  ','Conservation Corp  ',NULL,NULL,NULL,NULL,'2','Both','1902067651',NULL,NULL,NULL,NULL,NULL,NULL,NULL,NULL,NULL,NULL,NULL,NULL,0,NULL,NULL,NULL,NULL,'Conservation Corp  ',NULL,NULL,NULL),(68,'Household',NULL,1,1,0,0,0,NULL,NULL,'Alan Reynolds\'s home','Alan Reynolds\'s home','Reynolds\'s home',NULL,NULL,NULL,'2','Both','374544673',NULL,NULL,NULL,NULL,NULL,NULL,NULL,NULL,NULL,NULL,NULL,NULL,0,NULL,NULL,'Alan Reynolds\'s home',128,NULL,NULL,NULL,NULL),(69,'Individual',NULL,1,1,0,0,0,NULL,NULL,'Smith, Tony','Dr Tony H Smith Jr',NULL,NULL,NULL,NULL,'1','Both','-1431478770',NULL,NULL,'Tony','H','Smith',4,1,1,NULL,NULL,1,'1987-11-14',1,NULL,NULL,NULL,NULL,NULL,NULL,NULL,NULL),(70,'Individual',NULL,0,1,0,1,0,NULL,NULL,'Parker, Richard','Mr Richard G Parker Jr',NULL,NULL,NULL,NULL,'1','Both','537829154',NULL,NULL,'Richard','G','Parker',3,1,2,NULL,NULL,1,'1994-10-01',0,NULL,NULL,NULL,NULL,NULL,NULL,NULL,NULL),(71,'Individual',NULL,1,0,0,1,0,NULL,NULL,'Patel, Purvi','Ms Purvi P Patel Sr',NULL,NULL,NULL,NULL,'3','Both','-908332177',NULL,NULL,'Purvi','P','Patel',2,2,1,NULL,NULL,1,'1997-02-19',1,NULL,NULL,NULL,NULL,NULL,NULL,NULL,NULL),(72,'Individual',NULL,1,0,0,1,0,NULL,NULL,'Zope, Sheila','Dr Sheila U Zope Sr',NULL,NULL,NULL,NULL,'1','Both','1949818148',NULL,NULL,'Sheila','U','Zope',4,2,3,NULL,NULL,1,'1974-03-31',1,NULL,NULL,NULL,NULL,NULL,NULL,NULL,NULL),(73,'Individual',NULL,0,0,0,1,0,NULL,NULL,'chowski, Milan','Dr Milan G chowski Sr',NULL,NULL,NULL,NULL,'4','Both','708704945',NULL,NULL,'Milan','G','chowski',4,2,3,NULL,NULL,1,'1997-02-17',0,NULL,NULL,NULL,NULL,NULL,NULL,NULL,NULL),(74,'Individual',NULL,0,1,0,0,0,NULL,NULL,'Smith, Donald','Mrs Donald J Smith Sr',NULL,NULL,NULL,NULL,'2','Both','-1040344938',NULL,NULL,'Donald','J','Smith',1,2,2,NULL,NULL,2,'1997-09-25',1,NULL,NULL,NULL,NULL,NULL,NULL,NULL,NULL),(75,'Individual',NULL,0,1,0,0,0,NULL,NULL,'Smith, Brzczysaw','Mr Brzczysaw L Smith Jr',NULL,NULL,NULL,NULL,'1','Both','-530646570',NULL,NULL,'Brzczysaw','L','Smith',3,1,3,NULL,NULL,2,'1978-12-17',0,NULL,NULL,NULL,NULL,NULL,NULL,NULL,NULL),(76,'Household',NULL,1,1,0,0,0,NULL,NULL,'Pat Jameson\'s home','Pat Jameson\'s home','Jameson\'s home',NULL,NULL,NULL,'5','Both','508264839',NULL,NULL,NULL,NULL,NULL,NULL,NULL,NULL,NULL,NULL,NULL,NULL,0,NULL,NULL,'Pat Jameson\'s home',189,NULL,NULL,NULL,NULL),(77,'Organization',NULL,1,0,0,1,0,NULL,NULL,'Compasspoint  ','Compasspoint  ',NULL,NULL,NULL,NULL,'4','Both','-1531408',NULL,NULL,NULL,NULL,NULL,NULL,NULL,NULL,NULL,NULL,NULL,NULL,0,NULL,NULL,NULL,NULL,'Compasspoint  ',NULL,NULL,NULL),(78,'Individual',NULL,1,1,0,1,0,NULL,NULL,'Yadav, Walter','Mr Walter C Yadav Sr',NULL,NULL,NULL,NULL,'2','Both','1060717605',NULL,NULL,'Walter','C','Yadav',3,2,1,NULL,NULL,2,'1989-06-30',1,NULL,NULL,NULL,NULL,NULL,NULL,NULL,NULL),(79,'Individual',NULL,0,1,0,1,0,NULL,NULL,'Jameson, Walter','Dr Walter T Jameson Sr',NULL,NULL,NULL,NULL,'2','Both','291689504',NULL,NULL,'Walter','T','Jameson',4,2,3,NULL,NULL,2,'1995-07-06',1,NULL,NULL,NULL,NULL,NULL,NULL,NULL,NULL),(80,'Organization',NULL,0,1,0,0,0,NULL,NULL,'Intel  ','Intel  ',NULL,NULL,NULL,NULL,'5','Both','-1853032722',NULL,NULL,NULL,NULL,NULL,NULL,NULL,NULL,NULL,NULL,NULL,NULL,0,NULL,NULL,NULL,NULL,'Intel  ',NULL,NULL,NULL),(81,'Individual',NULL,0,1,0,1,0,NULL,NULL,'Adams, Anne','Dr Anne S Adams Sr',NULL,NULL,NULL,NULL,'2','Both','1876154679',NULL,NULL,'Anne','S','Adams',4,2,3,NULL,NULL,2,'1974-12-14',1,NULL,NULL,NULL,NULL,NULL,NULL,NULL,NULL),(82,'Household',NULL,1,0,0,0,0,NULL,NULL,'Amar Yadav\'s home','Amar Yadav\'s home','Yadav\'s home',NULL,NULL,NULL,'4','Both','-1075693848',NULL,NULL,NULL,NULL,NULL,NULL,NULL,NULL,NULL,NULL,NULL,NULL,0,NULL,NULL,'Amar Yadav\'s home',478,NULL,NULL,NULL,NULL),(83,'Organization',NULL,0,1,0,0,0,NULL,NULL,'Compumentor  ','Compumentor  ',NULL,NULL,NULL,NULL,'2','Both','-1260506705',NULL,NULL,NULL,NULL,NULL,NULL,NULL,NULL,NULL,NULL,NULL,NULL,0,NULL,NULL,NULL,NULL,'Compumentor  ',NULL,NULL,NULL),(84,'Individual',NULL,1,1,0,0,0,NULL,NULL,'Samuels, Jake','Mrs Jake Y Samuels Sr',NULL,NULL,NULL,NULL,'2','Both','2014431148',NULL,NULL,'Jake','Y','Samuels',1,2,3,NULL,NULL,1,'2000-02-21',1,NULL,NULL,NULL,NULL,NULL,NULL,NULL,NULL),(85,'Household',NULL,0,0,0,0,0,NULL,NULL,'Peter Grant\'s home','Peter Grant\'s home','Grant\'s home',NULL,NULL,NULL,'3','Both','-1069810762',NULL,NULL,NULL,NULL,NULL,NULL,NULL,NULL,NULL,NULL,NULL,NULL,0,NULL,NULL,'Peter Grant\'s home',27,NULL,NULL,NULL,NULL),(86,'Individual',NULL,1,0,0,1,0,NULL,NULL,'Zope, Paula','Mrs Paula H Zope Jr',NULL,NULL,NULL,NULL,'5','Both','-1406283754',NULL,NULL,'Paula','H','Zope',1,1,2,NULL,NULL,1,'2002-08-08',1,NULL,NULL,NULL,NULL,NULL,NULL,NULL,NULL),(87,'Individual',NULL,0,0,0,1,0,NULL,NULL,'Grant, Rebecca','Mr Rebecca O Grant Jr',NULL,NULL,NULL,NULL,'2','Both','-1045553189',NULL,NULL,'Rebecca','O','Grant',3,1,1,NULL,NULL,2,'1984-07-21',0,NULL,NULL,NULL,NULL,NULL,NULL,NULL,NULL),(88,'Organization',NULL,1,1,0,1,0,NULL,NULL,'Inner City  ','Inner City  ',NULL,NULL,NULL,NULL,'3','Both','550937833',NULL,NULL,NULL,NULL,NULL,NULL,NULL,NULL,NULL,NULL,NULL,NULL,0,NULL,NULL,NULL,NULL,'Inner City  ',NULL,NULL,NULL),(89,'Individual',NULL,1,1,0,0,0,NULL,NULL,'Parker, Donald','Mrs Donald I Parker Sr',NULL,NULL,NULL,NULL,'5','Both','-2004951713',NULL,NULL,'Donald','I','Parker',1,2,3,NULL,NULL,2,'1990-10-03',1,NULL,NULL,NULL,NULL,NULL,NULL,NULL,NULL),(90,'Individual',NULL,1,0,0,1,0,NULL,NULL,'Roberts, Andrew','Mr Andrew N Roberts Jr',NULL,NULL,NULL,NULL,'5','Both','-744369887',NULL,NULL,'Andrew','N','Roberts',3,1,1,NULL,NULL,2,'1978-11-25',0,NULL,NULL,NULL,NULL,NULL,NULL,NULL,NULL),(91,'Individual',NULL,1,1,0,1,0,NULL,NULL,'Samuels, Anne','Ms Anne O Samuels Sr',NULL,NULL,NULL,NULL,'5','Both','-650382379',NULL,NULL,'Anne','O','Samuels',2,2,1,NULL,NULL,2,'1993-01-23',0,NULL,NULL,NULL,NULL,NULL,NULL,NULL,NULL),(92,'Individual',NULL,0,0,0,1,0,NULL,NULL,'Patel, Michael','Dr Michael M Patel Sr',NULL,NULL,NULL,NULL,'3','Both','1255034291',NULL,NULL,'Michael','M','Patel',4,2,3,NULL,NULL,2,'1979-06-03',1,NULL,NULL,NULL,NULL,NULL,NULL,NULL,NULL),(93,'Individual',NULL,0,0,0,0,0,NULL,NULL,'Smith, Kenneth','Mrs Kenneth T Smith Jr',NULL,NULL,NULL,NULL,'4','Both','-1033525495',NULL,NULL,'Kenneth','T','Smith',1,1,2,NULL,NULL,1,'2007-08-30',0,NULL,NULL,NULL,NULL,NULL,NULL,NULL,NULL),(94,'Organization',NULL,1,0,0,0,0,NULL,NULL,'Compasspoint  ','Compasspoint  ',NULL,NULL,NULL,NULL,'4','Both','-1531408',NULL,NULL,NULL,NULL,NULL,NULL,NULL,NULL,NULL,NULL,NULL,NULL,0,NULL,NULL,NULL,NULL,'Compasspoint  ',NULL,NULL,NULL),(95,'Individual',NULL,0,0,0,1,0,NULL,NULL,'Patel, Henry','Mrs Henry U Patel Jr',NULL,NULL,NULL,NULL,'5','Both','-1514801209',NULL,NULL,'Henry','U','Patel',1,1,3,NULL,NULL,2,'1976-12-22',1,NULL,NULL,NULL,NULL,NULL,NULL,NULL,NULL),(96,'Individual',NULL,1,1,0,0,0,NULL,NULL,'Zope, Franklin','Ms Franklin E Zope Jr',NULL,NULL,NULL,NULL,'1','Both','489520277',NULL,NULL,'Franklin','E','Zope',2,1,3,NULL,NULL,1,'1999-07-04',1,NULL,NULL,NULL,NULL,NULL,NULL,NULL,NULL),(97,'Individual',NULL,1,1,0,0,0,NULL,NULL,'chowski, Pat','Mr Pat J chowski Jr',NULL,NULL,NULL,NULL,'1','Both','326099904',NULL,NULL,'Pat','J','chowski',3,1,1,NULL,NULL,2,'1982-10-19',1,NULL,NULL,NULL,NULL,NULL,NULL,NULL,NULL),(98,'Individual',NULL,1,0,0,1,0,NULL,NULL,'Samuels, Walter','Ms Walter L Samuels Jr',NULL,NULL,NULL,NULL,'3','Both','-544104111',NULL,NULL,'Walter','L','Samuels',2,1,3,NULL,NULL,2,'1978-04-29',1,NULL,NULL,NULL,NULL,NULL,NULL,NULL,NULL),(99,'Household',NULL,1,0,0,0,0,NULL,NULL,'Alan Smith\'s home','Alan Smith\'s home','Smith\'s home',NULL,NULL,NULL,'2','Both','-948379895',NULL,NULL,NULL,NULL,NULL,NULL,NULL,NULL,NULL,NULL,NULL,NULL,0,NULL,NULL,'Alan Smith\'s home',246,NULL,NULL,NULL,NULL),(100,'Household',NULL,0,1,0,1,0,NULL,NULL,'Justin Smith\'s home','Justin Smith\'s home','Smith\'s home',NULL,NULL,NULL,'4','Both','2120463166',NULL,NULL,NULL,NULL,NULL,NULL,NULL,NULL,NULL,NULL,NULL,NULL,0,NULL,NULL,'Justin Smith\'s home',7,NULL,NULL,NULL,NULL),(101,'Individual',NULL,0,0,0,1,0,NULL,NULL,'chowski, Sandy','Ms Sandy Y chowski Jr',NULL,NULL,NULL,NULL,'5','Both','-847684015',NULL,NULL,'Sandy','Y','chowski',2,1,1,NULL,NULL,1,'1980-06-03',1,NULL,NULL,NULL,NULL,NULL,NULL,NULL,NULL),(102,'Organization',NULL,0,0,0,1,0,NULL,NULL,'Intel  ','Intel  ',NULL,NULL,NULL,NULL,'4','Both','-1853032722',NULL,NULL,NULL,NULL,NULL,NULL,NULL,NULL,NULL,NULL,NULL,NULL,0,NULL,NULL,NULL,NULL,'Intel  ',NULL,NULL,NULL),(103,'Organization',NULL,0,1,0,1,0,NULL,NULL,'Project Open Hand  ','Project Open Hand  ',NULL,NULL,NULL,NULL,'4','Both','22493331',NULL,NULL,NULL,NULL,NULL,NULL,NULL,NULL,NULL,NULL,NULL,NULL,0,NULL,NULL,NULL,NULL,'Project Open Hand  ',NULL,NULL,NULL),(104,'Individual',NULL,0,0,0,0,0,NULL,NULL,'Roberts, Andrew','Ms Andrew R Roberts Sr',NULL,NULL,NULL,NULL,'1','Both','-744369887',NULL,NULL,'Andrew','R','Roberts',2,2,1,NULL,NULL,2,'1989-04-07',1,NULL,NULL,NULL,NULL,NULL,NULL,NULL,NULL),(105,'Household',NULL,0,1,0,1,0,NULL,NULL,'Henry chowski\'s home','Henry chowski\'s home','chowski\'s home',NULL,NULL,NULL,'1','Both','-1165704389',NULL,NULL,NULL,NULL,NULL,NULL,NULL,NULL,NULL,NULL,NULL,NULL,0,NULL,NULL,'Henry chowski\'s home',333,NULL,NULL,NULL,NULL),(106,'Individual',NULL,0,0,0,0,0,NULL,NULL,'Jameson, Jason','Mr Jason N Jameson Sr',NULL,NULL,NULL,NULL,'4','Both','-581195293',NULL,NULL,'Jason','N','Jameson',3,2,2,NULL,NULL,2,'1976-06-23',1,NULL,NULL,NULL,NULL,NULL,NULL,NULL,NULL),(107,'Individual',NULL,0,1,0,1,0,NULL,NULL,'Smith, Anne','Ms Anne Q Smith Sr',NULL,NULL,NULL,NULL,'3','Both','-659959845',NULL,NULL,'Anne','Q','Smith',2,2,2,NULL,NULL,2,'1983-10-26',0,NULL,NULL,NULL,NULL,NULL,NULL,NULL,NULL),(108,'Individual',NULL,0,1,0,0,0,NULL,NULL,'Roberts, Andrew','Dr Andrew O Roberts Sr',NULL,NULL,NULL,NULL,'5','Both','-744369887',NULL,NULL,'Andrew','O','Roberts',4,2,2,NULL,NULL,1,'1983-03-08',1,NULL,NULL,NULL,NULL,NULL,NULL,NULL,NULL),(109,'Individual',NULL,0,0,0,1,0,NULL,NULL,'Parker, Milan','Mr Milan K Parker Sr',NULL,NULL,NULL,NULL,'1','Both','-1138998923',NULL,NULL,'Milan','K','Parker',3,2,3,NULL,NULL,1,'2005-05-13',0,NULL,NULL,NULL,NULL,NULL,NULL,NULL,NULL),(110,'Individual',NULL,0,0,0,1,0,NULL,NULL,'Grant, Jake','Mr Jake O Grant Jr',NULL,NULL,NULL,NULL,'5','Both','1205137359',NULL,NULL,'Jake','O','Grant',3,1,2,NULL,NULL,1,'1970-12-28',0,NULL,NULL,NULL,NULL,NULL,NULL,NULL,NULL),(111,'Individual',NULL,1,0,0,0,0,NULL,NULL,'Adams, Alice','Ms Alice K Adams Jr',NULL,NULL,NULL,NULL,'4','Both','-1374391036',NULL,NULL,'Alice','K','Adams',2,1,2,NULL,NULL,1,'2000-02-22',0,NULL,NULL,NULL,NULL,NULL,NULL,NULL,NULL),(112,'Individual',NULL,1,0,0,1,0,NULL,NULL,'Samuels, Donald','Mr Donald Z Samuels Sr',NULL,NULL,NULL,NULL,'4','Both','1880213517',NULL,NULL,'Donald','Z','Samuels',3,2,2,NULL,NULL,1,'1977-01-14',1,NULL,NULL,NULL,NULL,NULL,NULL,NULL,NULL),(113,'Individual',NULL,1,1,0,1,0,NULL,NULL,'Parker, John','Dr John Y Parker Sr',NULL,NULL,NULL,NULL,'1','Both','404849511',NULL,NULL,'John','Y','Parker',4,2,1,NULL,NULL,1,'2006-05-18',0,NULL,NULL,NULL,NULL,NULL,NULL,NULL,NULL),(114,'Household',NULL,1,1,0,0,0,NULL,NULL,'Bernard Reynolds\'s home','Bernard Reynolds\'s home','Reynolds\'s home',NULL,NULL,NULL,'3','Both','-513097861',NULL,NULL,NULL,NULL,NULL,NULL,NULL,NULL,NULL,NULL,NULL,NULL,0,NULL,NULL,'Bernard Reynolds\'s home',366,NULL,NULL,NULL,NULL),(115,'Individual',NULL,1,1,0,0,0,NULL,NULL,'Grant, Bruce','Mr Bruce U Grant Jr',NULL,NULL,NULL,NULL,'1','Both','-696718376',NULL,NULL,'Bruce','U','Grant',3,1,2,NULL,NULL,2,'1996-02-03',1,NULL,NULL,NULL,NULL,NULL,NULL,NULL,NULL),(116,'Individual',NULL,1,1,0,1,0,NULL,NULL,'Jones, Sam','Mrs Sam I Jones Jr',NULL,NULL,NULL,NULL,'4','Both','-41048801',NULL,NULL,'Sam','I','Jones',1,1,2,NULL,NULL,2,'2006-07-22',1,NULL,NULL,NULL,NULL,NULL,NULL,NULL,NULL),(117,'Individual',NULL,0,0,0,0,0,NULL,NULL,'Yadav, Alice','Dr Alice Y Yadav Sr',NULL,NULL,NULL,NULL,'1','Both','-1649773456',NULL,NULL,'Alice','Y','Yadav',4,2,1,NULL,NULL,2,'1994-07-31',1,NULL,NULL,NULL,NULL,NULL,NULL,NULL,NULL),(118,'Individual',NULL,0,0,0,0,0,NULL,NULL,'Jones, Richard','Ms Richard C Jones Sr',NULL,NULL,NULL,NULL,'5','Both','-1360422769',NULL,NULL,'Richard','C','Jones',2,2,3,NULL,NULL,1,'1980-01-12',1,NULL,NULL,NULL,NULL,NULL,NULL,NULL,NULL),(119,'Individual',NULL,1,0,0,1,0,NULL,NULL,'Jameson, Richard','Ms Richard G Jameson Sr',NULL,NULL,NULL,NULL,'5','Both','-2107674064',NULL,NULL,'Richard','G','Jameson',2,2,2,NULL,NULL,1,'1970-03-20',0,NULL,NULL,NULL,NULL,NULL,NULL,NULL,NULL),(120,'Household',NULL,1,1,0,1,0,NULL,NULL,'Kenneth chowski\'s home','Kenneth chowski\'s home','chowski\'s home',NULL,NULL,NULL,'1','Both','1260967754',NULL,NULL,NULL,NULL,NULL,NULL,NULL,NULL,NULL,NULL,NULL,NULL,0,NULL,NULL,'Kenneth chowski\'s home',205,NULL,NULL,NULL,NULL),(121,'Individual',NULL,0,1,0,1,0,NULL,NULL,'Parker, Richard','Mr Richard B Parker Jr',NULL,NULL,NULL,NULL,'3','Both','537829154',NULL,NULL,'Richard','B','Parker',3,1,1,NULL,NULL,1,'1991-02-02',1,NULL,NULL,NULL,NULL,NULL,NULL,NULL,NULL),(122,'Household',NULL,0,0,0,0,0,NULL,NULL,'Jennifer Smith\'s home','Jennifer Smith\'s home','Smith\'s home',NULL,NULL,NULL,'2','Both','-2048469026',NULL,NULL,NULL,NULL,NULL,NULL,NULL,NULL,NULL,NULL,NULL,NULL,0,NULL,NULL,'Jennifer Smith\'s home',359,NULL,NULL,NULL,NULL),(123,'Individual',NULL,1,1,0,1,0,NULL,NULL,'chowski, Paula','Dr Paula Q chowski Sr',NULL,NULL,NULL,NULL,'4','Both','1092581966',NULL,NULL,'Paula','Q','chowski',4,2,1,NULL,NULL,2,'1987-09-05',0,NULL,NULL,NULL,NULL,NULL,NULL,NULL,NULL),(124,'Individual',NULL,1,0,0,0,0,NULL,NULL,'Zope, Jennifer','Ms Jennifer S Zope Jr',NULL,NULL,NULL,NULL,'2','Both','109520721',NULL,NULL,'Jennifer','S','Zope',2,1,3,NULL,NULL,1,'1996-07-07',0,NULL,NULL,NULL,NULL,NULL,NULL,NULL,NULL),(125,'Household',NULL,0,0,0,1,0,NULL,NULL,'John Reynolds\'s home','John Reynolds\'s home','Reynolds\'s home',NULL,NULL,NULL,'1','Both','2138315805',NULL,NULL,NULL,NULL,NULL,NULL,NULL,NULL,NULL,NULL,NULL,NULL,0,NULL,NULL,'John Reynolds\'s home',263,NULL,NULL,NULL,NULL),(126,'Individual',NULL,1,1,0,0,0,NULL,NULL,'Reynolds, Melinda','Ms Melinda T Reynolds Sr',NULL,NULL,NULL,NULL,'2','Both','1506512376',NULL,NULL,'Melinda','T','Reynolds',2,2,3,NULL,NULL,2,'1984-01-15',0,NULL,NULL,NULL,NULL,NULL,NULL,NULL,NULL),(127,'Individual',NULL,1,1,0,0,0,NULL,NULL,'Reynolds, Milan','Mrs Milan Y Reynolds Jr',NULL,NULL,NULL,NULL,'4','Both','1355475187',NULL,NULL,'Milan','Y','Reynolds',1,1,1,NULL,NULL,2,'1980-08-03',1,NULL,NULL,NULL,NULL,NULL,NULL,NULL,NULL),(128,'Individual',NULL,0,0,0,0,0,NULL,NULL,'Reynolds, Alan','Mr Alan Q Reynolds Sr',NULL,NULL,NULL,NULL,'5','Both','-1442864713',NULL,NULL,'Alan','Q','Reynolds',3,2,3,NULL,NULL,2,'1992-02-25',0,NULL,NULL,NULL,NULL,NULL,NULL,NULL,NULL),(129,'Individual',NULL,1,0,0,1,0,NULL,NULL,'Smith, Henry','Mrs Henry U Smith Sr',NULL,NULL,NULL,NULL,'4','Both','898688352',NULL,NULL,'Henry','U','Smith',1,2,2,NULL,NULL,1,'1986-12-19',0,NULL,NULL,NULL,NULL,NULL,NULL,NULL,NULL),(130,'Individual',NULL,1,0,0,0,0,NULL,NULL,'chowski, Sandy','Mr Sandy Q chowski Sr',NULL,NULL,NULL,NULL,'1','Both','-847684015',NULL,NULL,'Sandy','Q','chowski',3,2,3,NULL,NULL,1,'2000-07-26',1,NULL,NULL,NULL,NULL,NULL,NULL,NULL,NULL),(131,'Individual',NULL,1,0,0,0,0,NULL,NULL,'Zope, Sam','Dr Sam E Zope Sr',NULL,NULL,NULL,NULL,'1','Both','972265794',NULL,NULL,'Sam','E','Zope',4,2,2,NULL,NULL,1,'2004-05-21',0,NULL,NULL,NULL,NULL,NULL,NULL,NULL,NULL),(132,'Individual',NULL,0,0,0,1,0,NULL,NULL,'Patel, Alice','Mrs Alice J Patel Jr',NULL,NULL,NULL,NULL,'2','Both','-1757760538',NULL,NULL,'Alice','J','Patel',1,1,1,NULL,NULL,2,'1975-01-06',0,NULL,NULL,NULL,NULL,NULL,NULL,NULL,NULL),(133,'Individual',NULL,1,0,0,1,0,NULL,NULL,'Patel, Jason','Ms Jason U Patel Jr',NULL,NULL,NULL,NULL,'2','Both','945220104',NULL,NULL,'Jason','U','Patel',2,1,3,NULL,NULL,1,'1991-08-30',0,NULL,NULL,NULL,NULL,NULL,NULL,NULL,NULL),(134,'Individual',NULL,0,0,0,1,0,NULL,NULL,'Jameson, Anne','Dr Anne X Jameson Sr',NULL,NULL,NULL,NULL,'2','Both','-1705304295',NULL,NULL,'Anne','X','Jameson',4,2,3,NULL,NULL,1,'2000-03-31',0,NULL,NULL,NULL,NULL,NULL,NULL,NULL,NULL),(135,'Individual',NULL,1,0,0,1,0,NULL,NULL,'Smith, Jason','Dr Jason Z Smith Jr',NULL,NULL,NULL,NULL,'5','Both','-1468794705',NULL,NULL,'Jason','Z','Smith',4,1,3,NULL,NULL,1,'1985-11-21',0,NULL,NULL,NULL,NULL,NULL,NULL,NULL,NULL),(136,'Organization',NULL,0,0,0,0,0,NULL,NULL,'Magic Bus  ','Magic Bus  ',NULL,NULL,NULL,NULL,'3','Both','-2069559523',NULL,NULL,NULL,NULL,NULL,NULL,NULL,NULL,NULL,NULL,NULL,NULL,0,NULL,NULL,NULL,NULL,'Magic Bus  ',NULL,NULL,NULL),(137,'Individual',NULL,1,1,0,1,0,NULL,NULL,'Reynolds, Jane','Mr Jane L Reynolds Sr',NULL,NULL,NULL,NULL,'1','Both','1718382754',NULL,NULL,'Jane','L','Reynolds',3,2,2,NULL,NULL,2,'1990-06-20',0,NULL,NULL,NULL,NULL,NULL,NULL,NULL,NULL),(138,'Individual',NULL,0,0,0,0,0,NULL,NULL,'Reynolds, Paula','Mrs Paula O Reynolds Jr',NULL,NULL,NULL,NULL,'4','Both','1005086732',NULL,NULL,'Paula','O','Reynolds',1,1,3,NULL,NULL,2,'1984-01-30',0,NULL,NULL,NULL,NULL,NULL,NULL,NULL,NULL),(139,'Individual',NULL,0,1,0,1,0,NULL,NULL,'Smith, James','Dr James N Smith Sr',NULL,NULL,NULL,NULL,'1','Both','656601734',NULL,NULL,'James','N','Smith',4,2,3,NULL,NULL,1,'2003-11-14',1,NULL,NULL,NULL,NULL,NULL,NULL,NULL,NULL),(140,'Individual',NULL,0,0,0,0,0,NULL,NULL,'Yadav, Bruce','Mr Bruce N Yadav Sr',NULL,NULL,NULL,NULL,'1','Both','2146464792',NULL,NULL,'Bruce','N','Yadav',3,2,2,NULL,NULL,1,'1970-04-06',1,NULL,NULL,NULL,NULL,NULL,NULL,NULL,NULL),(141,'Individual',NULL,1,0,0,1,0,NULL,NULL,'Reynolds, Charles','Ms Charles C Reynolds Jr',NULL,NULL,NULL,NULL,'4','Both','600073523',NULL,NULL,'Charles','C','Reynolds',2,1,2,NULL,NULL,1,'1997-07-18',0,NULL,NULL,NULL,NULL,NULL,NULL,NULL,NULL),(142,'Household',NULL,0,1,0,1,0,NULL,NULL,'Jason Smith\'s home','Jason Smith\'s home','Smith\'s home',NULL,NULL,NULL,'4','Both','1788421949',NULL,NULL,NULL,NULL,NULL,NULL,NULL,NULL,NULL,NULL,NULL,NULL,0,NULL,NULL,'Jason Smith\'s home',35,NULL,NULL,NULL,NULL),(143,'Individual',NULL,1,1,0,1,0,NULL,NULL,'chowski, Pat','Mrs Pat Q chowski Jr',NULL,NULL,NULL,NULL,'5','Both','326099904',NULL,NULL,'Pat','Q','chowski',1,1,3,NULL,NULL,1,'1971-12-27',0,NULL,NULL,NULL,NULL,NULL,NULL,NULL,NULL),(144,'Individual',NULL,0,1,0,0,0,NULL,NULL,'Samuels, Pat','Mrs Pat T Samuels Sr',NULL,NULL,NULL,NULL,'3','Both','-2049092264',NULL,NULL,'Pat','T','Samuels',1,2,3,NULL,NULL,2,'1995-03-26',1,NULL,NULL,NULL,NULL,NULL,NULL,NULL,NULL),(145,'Individual',NULL,1,1,0,0,0,NULL,NULL,'Zope, Justin','Ms Justin P Zope Jr',NULL,NULL,NULL,NULL,'1','Both','1155140848',NULL,NULL,'Justin','P','Zope',2,1,1,NULL,NULL,1,'1987-05-30',0,NULL,NULL,NULL,NULL,NULL,NULL,NULL,NULL),(146,'Household',NULL,1,1,0,0,0,NULL,NULL,'Justin Zope\'s home','Justin Zope\'s home','Zope\'s home',NULL,NULL,NULL,'3','Both','797093604',NULL,NULL,NULL,NULL,NULL,NULL,NULL,NULL,NULL,NULL,NULL,NULL,0,NULL,NULL,'Justin Zope\'s home',145,NULL,NULL,NULL,NULL),(147,'Individual',NULL,1,1,0,1,0,NULL,NULL,'Smith, Pat','Ms Pat K Smith Jr',NULL,NULL,NULL,NULL,'3','Both','-862954215',NULL,NULL,'Pat','K','Smith',2,1,1,NULL,NULL,1,'2005-11-07',1,NULL,NULL,NULL,NULL,NULL,NULL,NULL,NULL),(148,'Organization',NULL,0,1,0,0,0,NULL,NULL,'Intel  ','Intel  ',NULL,NULL,NULL,NULL,'1','Both','-1853032722',NULL,NULL,NULL,NULL,NULL,NULL,NULL,NULL,NULL,NULL,NULL,NULL,0,NULL,NULL,NULL,NULL,'Intel  ',NULL,NULL,NULL),(149,'Organization',NULL,1,0,0,0,0,NULL,NULL,'Social Source Foundation  ','Social Source Foundation  ',NULL,NULL,NULL,NULL,'2','Both','2066676426',NULL,NULL,NULL,NULL,NULL,NULL,NULL,NULL,NULL,NULL,NULL,NULL,0,NULL,NULL,NULL,NULL,'Social Source Foundation  ',NULL,NULL,NULL),(150,'Household',NULL,0,1,0,1,0,NULL,NULL,'Michelle Jameson\'s home','Michelle Jameson\'s home','Jameson\'s home',NULL,NULL,NULL,'1','Both','-1290419513',NULL,NULL,NULL,NULL,NULL,NULL,NULL,NULL,NULL,NULL,NULL,NULL,0,NULL,NULL,'Michelle Jameson\'s home',469,NULL,NULL,NULL,NULL),(151,'Individual',NULL,0,0,0,1,0,NULL,NULL,'Samuels, Chetan','Mrs Chetan K Samuels Jr',NULL,NULL,NULL,NULL,'1','Both','1201886572',NULL,NULL,'Chetan','K','Samuels',1,1,1,NULL,NULL,1,'1994-08-19',1,NULL,NULL,NULL,NULL,NULL,NULL,NULL,NULL),(152,'Individual',NULL,0,1,0,0,0,NULL,NULL,'Reynolds, Jennifer','Dr Jennifer O Reynolds Jr',NULL,NULL,NULL,NULL,'4','Both','-802941969',NULL,NULL,'Jennifer','O','Reynolds',4,1,2,NULL,NULL,2,'1975-02-15',1,NULL,NULL,NULL,NULL,NULL,NULL,NULL,NULL),(153,'Individual',NULL,1,1,0,1,0,NULL,NULL,'Zope, Amar','Ms Amar T Zope Sr',NULL,NULL,NULL,NULL,'5','Both','-1419967036',NULL,NULL,'Amar','T','Zope',2,2,1,NULL,NULL,1,'1985-01-19',1,NULL,NULL,NULL,NULL,NULL,NULL,NULL,NULL),(154,'Individual',NULL,0,0,0,1,0,NULL,NULL,'Adams, Peter','Dr Peter I Adams Sr',NULL,NULL,NULL,NULL,'1','Both','1340839646',NULL,NULL,'Peter','I','Adams',4,2,3,NULL,NULL,1,'2005-09-03',0,NULL,NULL,NULL,NULL,NULL,NULL,NULL,NULL),(155,'Household',NULL,0,0,0,0,0,NULL,NULL,'Alice Jameson\'s home','Alice Jameson\'s home','Jameson\'s home',NULL,NULL,NULL,'1','Both','-1161164991',NULL,NULL,NULL,NULL,NULL,NULL,NULL,NULL,NULL,NULL,NULL,NULL,0,NULL,NULL,'Alice Jameson\'s home',479,NULL,NULL,NULL,NULL),(156,'Individual',NULL,0,0,0,1,0,NULL,NULL,'Smith, John','Mr John V Smith Jr',NULL,NULL,NULL,NULL,'4','Both','-807248669',NULL,NULL,'John','V','Smith',3,1,1,NULL,NULL,2,'1972-02-09',0,NULL,NULL,NULL,NULL,NULL,NULL,NULL,NULL),(157,'Individual',NULL,0,0,0,0,0,NULL,NULL,'Grant, Franklin','Mrs Franklin H Grant Sr',NULL,NULL,NULL,NULL,'4','Both','-1003143835',NULL,NULL,'Franklin','H','Grant',1,2,1,NULL,NULL,2,'2006-12-12',0,NULL,NULL,NULL,NULL,NULL,NULL,NULL,NULL),(158,'Individual',NULL,0,1,0,0,0,NULL,NULL,'Jones, Richard','Mr Richard V Jones Sr',NULL,NULL,NULL,NULL,'2','Both','-1360422769',NULL,NULL,'Richard','V','Jones',3,2,3,NULL,NULL,2,'1975-03-17',1,NULL,NULL,NULL,NULL,NULL,NULL,NULL,NULL),(159,'Individual',NULL,1,0,0,1,0,NULL,NULL,'chowski, Bruce','Ms Bruce S chowski Jr',NULL,NULL,NULL,NULL,'1','Both','-1721328117',NULL,NULL,'Bruce','S','chowski',2,1,2,NULL,NULL,1,'1978-12-03',0,NULL,NULL,NULL,NULL,NULL,NULL,NULL,NULL),(160,'Organization',NULL,1,1,0,1,0,NULL,NULL,'Social Source Foundation  ','Social Source Foundation  ',NULL,NULL,NULL,NULL,'4','Both','2066676426',NULL,NULL,NULL,NULL,NULL,NULL,NULL,NULL,NULL,NULL,NULL,NULL,0,NULL,NULL,NULL,NULL,'Social Source Foundation  ',NULL,NULL,NULL),(161,'Household',NULL,1,1,0,1,0,NULL,NULL,'Tony Roberts\'s home','Tony Roberts\'s home','Roberts\'s home',NULL,NULL,NULL,'3','Both','-1520939430',NULL,NULL,NULL,NULL,NULL,NULL,NULL,NULL,NULL,NULL,NULL,NULL,0,NULL,NULL,'Tony Roberts\'s home',391,NULL,NULL,NULL,NULL),(162,'Household',NULL,0,0,0,1,0,NULL,NULL,'Walter Zope\'s home','Walter Zope\'s home','Zope\'s home',NULL,NULL,NULL,'1','Both','-95005683',NULL,NULL,NULL,NULL,NULL,NULL,NULL,NULL,NULL,NULL,NULL,NULL,0,NULL,NULL,'Walter Zope\'s home',31,NULL,NULL,NULL,NULL),(163,'Individual',NULL,1,1,0,0,0,NULL,NULL,'Parker, Justin','Ms Justin U Parker Sr',NULL,NULL,NULL,NULL,'2','Both','-1122451314',NULL,NULL,'Justin','U','Parker',2,2,2,NULL,NULL,1,'2007-12-12',0,NULL,NULL,NULL,NULL,NULL,NULL,NULL,NULL),(164,'Individual',NULL,0,0,0,0,0,NULL,NULL,'Samuels, Donald','Dr Donald P Samuels Sr',NULL,NULL,NULL,NULL,'1','Both','1880213517',NULL,NULL,'Donald','P','Samuels',4,2,2,NULL,NULL,2,'2003-01-06',0,NULL,NULL,NULL,NULL,NULL,NULL,NULL,NULL),(165,'Individual',NULL,0,0,0,1,0,NULL,NULL,'Zope, Rebecca','Ms Rebecca X Zope Sr',NULL,NULL,NULL,NULL,'3','Both','263533362',NULL,NULL,'Rebecca','X','Zope',2,2,1,NULL,NULL,2,'1975-02-19',0,NULL,NULL,NULL,NULL,NULL,NULL,NULL,NULL),(166,'Household',NULL,0,0,0,0,0,NULL,NULL,'Raymond Zope\'s home','Raymond Zope\'s home','Zope\'s home',NULL,NULL,NULL,'1','Both','-1907890312',NULL,NULL,NULL,NULL,NULL,NULL,NULL,NULL,NULL,NULL,NULL,NULL,0,NULL,NULL,'Raymond Zope\'s home',6,NULL,NULL,NULL,NULL),(167,'Individual',NULL,1,1,0,0,0,NULL,NULL,'Zope, Fraddie','Dr Fraddie L Zope Jr',NULL,NULL,NULL,NULL,'2','Both','-2061066641',NULL,NULL,'Fraddie','L','Zope',4,1,2,NULL,NULL,1,'2000-08-28',0,NULL,NULL,NULL,NULL,NULL,NULL,NULL,NULL),(168,'Individual',NULL,1,0,0,1,0,NULL,NULL,'Zope, Bernard','Ms Bernard Q Zope Jr',NULL,NULL,NULL,NULL,'4','Both','-4342642',NULL,NULL,'Bernard','Q','Zope',2,1,1,NULL,NULL,1,'1974-10-25',1,NULL,NULL,NULL,NULL,NULL,NULL,NULL,NULL),(169,'Organization',NULL,1,0,0,0,0,NULL,NULL,'Working Assets  ','Working Assets  ',NULL,NULL,NULL,NULL,'3','Both','-740887779',NULL,NULL,NULL,NULL,NULL,NULL,NULL,NULL,NULL,NULL,NULL,NULL,0,NULL,NULL,NULL,NULL,'Working Assets  ',NULL,NULL,NULL),(170,'Organization',NULL,1,1,0,1,0,NULL,NULL,'Cisco Systems  ','Cisco Systems  ',NULL,NULL,NULL,NULL,'2','Both','795728639',NULL,NULL,NULL,NULL,NULL,NULL,NULL,NULL,NULL,NULL,NULL,NULL,0,NULL,NULL,NULL,NULL,'Cisco Systems  ',NULL,NULL,NULL),(171,'Organization',NULL,0,1,0,1,0,NULL,NULL,'Project Open Hand  ','Project Open Hand  ',NULL,NULL,NULL,NULL,'5','Both','22493331',NULL,NULL,NULL,NULL,NULL,NULL,NULL,NULL,NULL,NULL,NULL,NULL,0,NULL,NULL,NULL,NULL,'Project Open Hand  ',NULL,NULL,NULL),(172,'Individual',NULL,0,1,0,0,0,NULL,NULL,'Smith, Alan','Mr Alan Q Smith Jr',NULL,NULL,NULL,NULL,'2','Both','-882385166',NULL,NULL,'Alan','Q','Smith',3,1,1,NULL,NULL,2,'1986-06-05',0,NULL,NULL,NULL,NULL,NULL,NULL,NULL,NULL),(173,'Individual',NULL,1,1,0,1,0,NULL,NULL,'Jones, Andrew','Mr Andrew B Jones Sr',NULL,NULL,NULL,NULL,'4','Both','-1734724069',NULL,NULL,'Andrew','B','Jones',3,2,1,NULL,NULL,1,'1994-08-10',1,NULL,NULL,NULL,NULL,NULL,NULL,NULL,NULL),(174,'Individual',NULL,1,0,0,1,0,NULL,NULL,'chowski, Bill','Mr Bill X chowski Jr',NULL,NULL,NULL,NULL,'4','Both','2070493528',NULL,NULL,'Bill','X','chowski',3,1,1,NULL,NULL,1,'1981-12-11',1,NULL,NULL,NULL,NULL,NULL,NULL,NULL,NULL),(175,'Individual',NULL,1,1,0,0,0,NULL,NULL,'Jameson, Peter','Mrs Peter T Jameson Jr',NULL,NULL,NULL,NULL,'5','Both','-1815604265',NULL,NULL,'Peter','T','Jameson',1,1,3,NULL,NULL,1,'1995-06-20',0,NULL,NULL,NULL,NULL,NULL,NULL,NULL,NULL),(176,'Individual',NULL,0,1,0,1,0,NULL,NULL,'Adams, Walter','Mrs Walter Q Adams Jr',NULL,NULL,NULL,NULL,'4','Both','1751273217',NULL,NULL,'Walter','Q','Adams',1,1,2,NULL,NULL,1,'2004-12-14',1,NULL,NULL,NULL,NULL,NULL,NULL,NULL,NULL),(177,'Household',NULL,1,1,0,0,0,NULL,NULL,'Richard Patel\'s home','Richard Patel\'s home','Patel\'s home',NULL,NULL,NULL,'2','Both','-144567519',NULL,NULL,NULL,NULL,NULL,NULL,NULL,NULL,NULL,NULL,NULL,NULL,0,NULL,NULL,'Richard Patel\'s home',59,NULL,NULL,NULL,NULL),(178,'Individual',NULL,1,1,0,1,0,NULL,NULL,'chowski, Sheila','Ms Sheila D chowski Sr',NULL,NULL,NULL,NULL,'5','Both','292173384',NULL,NULL,'Sheila','D','chowski',2,2,1,NULL,NULL,1,'2004-06-07',0,NULL,NULL,NULL,NULL,NULL,NULL,NULL,NULL),(179,'Individual',NULL,1,0,0,1,0,NULL,NULL,'chowski, Rebecca','Dr Rebecca A chowski Jr',NULL,NULL,NULL,NULL,'3','Both','1272202154',NULL,NULL,'Rebecca','A','chowski',4,1,1,NULL,NULL,1,'1975-10-16',1,NULL,NULL,NULL,NULL,NULL,NULL,NULL,NULL),(180,'Individual',NULL,0,0,0,0,0,NULL,NULL,'Smith, Andrew','Dr Andrew R Smith Jr',NULL,NULL,NULL,NULL,'2','Both','-1997461681',NULL,NULL,'Andrew','R','Smith',4,1,3,NULL,NULL,1,'1986-05-14',0,NULL,NULL,NULL,NULL,NULL,NULL,NULL,NULL),(181,'Individual',NULL,0,1,0,0,0,NULL,NULL,'Yadav, Walter','Mrs Walter I Yadav Jr',NULL,NULL,NULL,NULL,'5','Both','1060717605',NULL,NULL,'Walter','I','Yadav',1,1,1,NULL,NULL,1,'1983-09-23',1,NULL,NULL,NULL,NULL,NULL,NULL,NULL,NULL),(182,'Individual',NULL,0,1,0,1,0,NULL,NULL,'Reynolds, Richard','Mrs Richard T Reynolds Jr',NULL,NULL,NULL,NULL,'3','Both','-488810635',NULL,NULL,'Richard','T','Reynolds',1,1,3,NULL,NULL,1,'1999-01-05',0,NULL,NULL,NULL,NULL,NULL,NULL,NULL,NULL),(183,'Individual',NULL,1,1,0,0,0,NULL,NULL,'Adams, Henry','Ms Henry U Adams Sr',NULL,NULL,NULL,NULL,'2','Both','-1667550939',NULL,NULL,'Henry','U','Adams',2,2,2,NULL,NULL,2,'1973-12-27',1,NULL,NULL,NULL,NULL,NULL,NULL,NULL,NULL),(184,'Household',NULL,0,0,0,1,0,NULL,NULL,'Charles Reynolds\'s home','Charles Reynolds\'s home','Reynolds\'s home',NULL,NULL,NULL,'4','Both','1153212891',NULL,NULL,NULL,NULL,NULL,NULL,NULL,NULL,NULL,NULL,NULL,NULL,0,NULL,NULL,'Charles Reynolds\'s home',141,NULL,NULL,NULL,NULL),(185,'Individual',NULL,1,0,0,0,0,NULL,NULL,'Roberts, Jennifer','Mrs Jennifer W Roberts Jr',NULL,NULL,NULL,NULL,'4','Both','-1765286213',NULL,NULL,'Jennifer','W','Roberts',1,1,1,NULL,NULL,1,'2002-04-07',0,NULL,NULL,NULL,NULL,NULL,NULL,NULL,NULL),(186,'Individual',NULL,1,1,0,1,0,NULL,NULL,'Patel, Bruce','Mrs Bruce N Patel Sr',NULL,NULL,NULL,NULL,'2','Both','1969271694',NULL,NULL,'Bruce','N','Patel',1,2,1,NULL,NULL,2,'1972-01-02',1,NULL,NULL,NULL,NULL,NULL,NULL,NULL,NULL),(187,'Individual',NULL,1,0,0,1,0,NULL,NULL,'Adams, Sandy','Dr Sandy M Adams Sr',NULL,NULL,NULL,NULL,'3','Both','408007990',NULL,NULL,'Sandy','M','Adams',4,2,3,NULL,NULL,2,'1979-01-03',0,NULL,NULL,NULL,NULL,NULL,NULL,NULL,NULL),(188,'Household',NULL,0,0,0,0,0,NULL,NULL,'Alan Jameson\'s home','Alan Jameson\'s home','Jameson\'s home',NULL,NULL,NULL,'5','Both','1144713797',NULL,NULL,NULL,NULL,NULL,NULL,NULL,NULL,NULL,NULL,NULL,NULL,0,NULL,NULL,'Alan Jameson\'s home',345,NULL,NULL,NULL,NULL),(189,'Individual',NULL,0,1,0,0,0,NULL,NULL,'Jameson, Pat','Dr Pat X Jameson Jr',NULL,NULL,NULL,NULL,'4','Both','-1931939024',NULL,NULL,'Pat','X','Jameson',4,1,1,NULL,NULL,1,'1994-04-05',0,NULL,NULL,NULL,NULL,NULL,NULL,NULL,NULL),(190,'Individual',NULL,1,1,0,1,0,NULL,NULL,'Yadav, Michelle','Ms Michelle U Yadav Sr',NULL,NULL,NULL,NULL,'2','Both','-1335759748',NULL,NULL,'Michelle','U','Yadav',2,2,3,NULL,NULL,1,'1988-07-09',1,NULL,NULL,NULL,NULL,NULL,NULL,NULL,NULL),(191,'Household',NULL,0,0,0,0,0,NULL,NULL,'Michael Patel\'s home','Michael Patel\'s home','Patel\'s home',NULL,NULL,NULL,'2','Both','-2029959610',NULL,NULL,NULL,NULL,NULL,NULL,NULL,NULL,NULL,NULL,NULL,NULL,0,NULL,NULL,'Michael Patel\'s home',92,NULL,NULL,NULL,NULL),(192,'Individual',NULL,0,0,0,1,0,NULL,NULL,'Samuels, Anne','Mr Anne F Samuels Jr',NULL,NULL,NULL,NULL,'1','Both','-650382379',NULL,NULL,'Anne','F','Samuels',3,1,1,NULL,NULL,2,'1989-02-04',1,NULL,NULL,NULL,NULL,NULL,NULL,NULL,NULL),(193,'Individual',NULL,1,0,0,1,0,NULL,NULL,'Jameson, Brzczysaw','Dr Brzczysaw M Jameson Sr',NULL,NULL,NULL,NULL,'3','Both','-1056758637',NULL,NULL,'Brzczysaw','M','Jameson',4,2,3,NULL,NULL,1,'2002-03-25',1,NULL,NULL,NULL,NULL,NULL,NULL,NULL,NULL),(194,'Individual',NULL,0,1,0,1,0,NULL,NULL,'Reynolds, Henry','Ms Henry D Reynolds Jr',NULL,NULL,NULL,NULL,'3','Both','860145664',NULL,NULL,'Henry','D','Reynolds',2,1,2,NULL,NULL,2,'1975-07-31',1,NULL,NULL,NULL,NULL,NULL,NULL,NULL,NULL),(195,'Organization',NULL,0,0,0,1,0,NULL,NULL,'Compasspoint  ','Compasspoint  ',NULL,NULL,NULL,NULL,'3','Both','-1531408',NULL,NULL,NULL,NULL,NULL,NULL,NULL,NULL,NULL,NULL,NULL,NULL,0,NULL,NULL,NULL,NULL,'Compasspoint  ',NULL,NULL,NULL),(196,'Individual',NULL,1,1,0,0,0,NULL,NULL,'Samuels, John','Ms John F Samuels Sr',NULL,NULL,NULL,NULL,'2','Both','-831495955',NULL,NULL,'John','F','Samuels',2,2,2,NULL,NULL,2,'1997-11-21',1,NULL,NULL,NULL,NULL,NULL,NULL,NULL,NULL),(197,'Household',NULL,1,0,0,1,0,NULL,NULL,'Sheila Zope\'s home','Sheila Zope\'s home','Zope\'s home',NULL,NULL,NULL,'4','Both','1388630303',NULL,NULL,NULL,NULL,NULL,NULL,NULL,NULL,NULL,NULL,NULL,NULL,0,NULL,NULL,'Sheila Zope\'s home',72,NULL,NULL,NULL,NULL),(198,'Individual',NULL,1,0,0,1,0,NULL,NULL,'Grant, Sheila','Ms Sheila O Grant Sr',NULL,NULL,NULL,NULL,'5','Both','251636563',NULL,NULL,'Sheila','O','Grant',2,2,3,NULL,NULL,1,'1989-12-06',0,NULL,NULL,NULL,NULL,NULL,NULL,NULL,NULL),(199,'Individual',NULL,0,1,0,1,0,NULL,NULL,'Jones, Kenneth','Ms Kenneth U Jones Jr',NULL,NULL,NULL,NULL,'5','Both','-1368172043',NULL,NULL,'Kenneth','U','Jones',2,1,1,NULL,NULL,2,'2008-03-11',1,NULL,NULL,NULL,NULL,NULL,NULL,NULL,NULL),(200,'Individual',NULL,0,0,0,0,0,NULL,NULL,'Zope, Alan','Mr Alan Z Zope Sr',NULL,NULL,NULL,NULL,'3','Both','-1096928324',NULL,NULL,'Alan','Z','Zope',3,2,1,NULL,NULL,2,'1974-08-04',0,NULL,NULL,NULL,NULL,NULL,NULL,NULL,NULL),(201,'Individual',NULL,1,1,0,0,0,NULL,NULL,'Reynolds, Amar','Dr Amar B Reynolds Sr',NULL,NULL,NULL,NULL,'5','Both','-1136879665',NULL,NULL,'Amar','B','Reynolds',4,2,1,NULL,NULL,1,'2005-01-28',0,NULL,NULL,NULL,NULL,NULL,NULL,NULL,NULL),(202,'Individual',NULL,1,0,0,0,0,NULL,NULL,'Jones, Bernard','Mrs Bernard A Jones Jr',NULL,NULL,NULL,NULL,'1','Both','-971102764',NULL,NULL,'Bernard','A','Jones',1,1,1,NULL,NULL,2,'1984-05-10',0,NULL,NULL,NULL,NULL,NULL,NULL,NULL,NULL),(203,'Household',NULL,0,0,0,0,0,NULL,NULL,'Milan Adams\'s home','Milan Adams\'s home','Adams\'s home',NULL,NULL,NULL,'1','Both','1091762003',NULL,NULL,NULL,NULL,NULL,NULL,NULL,NULL,NULL,NULL,NULL,NULL,0,NULL,NULL,'Milan Adams\'s home',388,NULL,NULL,NULL,NULL),(204,'Individual',NULL,0,0,0,1,0,NULL,NULL,'chowski, Walter','Mr Walter E chowski Sr',NULL,NULL,NULL,NULL,'1','Both','-1151233263',NULL,NULL,'Walter','E','chowski',3,2,1,NULL,NULL,1,'1973-07-11',0,NULL,NULL,NULL,NULL,NULL,NULL,NULL,NULL),(205,'Individual',NULL,1,0,0,0,0,NULL,NULL,'chowski, Kenneth','Mrs Kenneth L chowski Sr',NULL,NULL,NULL,NULL,'5','Both','-743329737',NULL,NULL,'Kenneth','L','chowski',1,2,2,NULL,NULL,1,'1977-06-03',0,NULL,NULL,NULL,NULL,NULL,NULL,NULL,NULL),(206,'Individual',NULL,1,0,0,1,0,NULL,NULL,'Patel, Anne','Ms Anne L Patel Sr',NULL,NULL,NULL,NULL,'2','Both','1118239188',NULL,NULL,'Anne','L','Patel',2,2,1,NULL,NULL,1,'1993-02-08',0,NULL,NULL,NULL,NULL,NULL,NULL,NULL,NULL),(207,'Individual',NULL,0,1,0,0,0,NULL,NULL,'Jameson, Rebecca','Mrs Rebecca S Jameson Sr',NULL,NULL,NULL,NULL,'4','Both','446709975',NULL,NULL,'Rebecca','S','Jameson',1,2,2,NULL,NULL,2,'1985-12-01',1,NULL,NULL,NULL,NULL,NULL,NULL,NULL,NULL),(208,'Individual',NULL,0,0,0,1,0,NULL,NULL,'Yadav, Melinda','Mrs Melinda X Yadav Sr',NULL,NULL,NULL,NULL,'4','Both','1225590690',NULL,NULL,'Melinda','X','Yadav',1,2,2,NULL,NULL,1,'2002-03-23',0,NULL,NULL,NULL,NULL,NULL,NULL,NULL,NULL),(209,'Individual',NULL,1,1,0,0,0,NULL,NULL,'Jameson, Jake','Dr Jake N Jameson Sr',NULL,NULL,NULL,NULL,'1','Both','997272416',NULL,NULL,'Jake','N','Jameson',4,2,3,NULL,NULL,1,'1984-04-25',1,NULL,NULL,NULL,NULL,NULL,NULL,NULL,NULL),(210,'Individual',NULL,1,0,0,0,0,NULL,NULL,'Smith, Jake','Ms Jake J Smith Jr',NULL,NULL,NULL,NULL,'4','Both','2038692770',NULL,NULL,'Jake','J','Smith',2,1,3,NULL,NULL,2,'1979-05-24',0,NULL,NULL,NULL,NULL,NULL,NULL,NULL,NULL),(211,'Household',NULL,0,0,0,1,0,NULL,NULL,'Jane Patel\'s home','Jane Patel\'s home','Patel\'s home',NULL,NULL,NULL,'4','Both','-265460835',NULL,NULL,NULL,NULL,NULL,NULL,NULL,NULL,NULL,NULL,NULL,NULL,0,NULL,NULL,'Jane Patel\'s home',364,NULL,NULL,NULL,NULL),(212,'Organization',NULL,0,0,0,0,0,NULL,NULL,'Compasspoint  ','Compasspoint  ',NULL,NULL,NULL,NULL,'2','Both','-1531408',NULL,NULL,NULL,NULL,NULL,NULL,NULL,NULL,NULL,NULL,NULL,NULL,0,NULL,NULL,NULL,NULL,'Compasspoint  ',NULL,NULL,NULL),(213,'Individual',NULL,1,0,0,1,0,NULL,NULL,'Smith, Michael','Ms Michael Z Smith Sr',NULL,NULL,NULL,NULL,'3','Both','1479640816',NULL,NULL,'Michael','Z','Smith',2,2,1,NULL,NULL,2,'2006-07-15',0,NULL,NULL,NULL,NULL,NULL,NULL,NULL,NULL),(214,'Individual',NULL,0,1,0,1,0,NULL,NULL,'Parker, Brzczysaw','Dr Brzczysaw E Parker Sr',NULL,NULL,NULL,NULL,'3','Both','-166435420',NULL,NULL,'Brzczysaw','E','Parker',4,2,2,NULL,NULL,2,'1975-03-29',0,NULL,NULL,NULL,NULL,NULL,NULL,NULL,NULL),(215,'Individual',NULL,0,1,0,1,0,NULL,NULL,'Smith, Donald','Mr Donald I Smith Jr',NULL,NULL,NULL,NULL,'1','Both','-1040344938',NULL,NULL,'Donald','I','Smith',3,1,1,NULL,NULL,2,'1972-12-21',1,NULL,NULL,NULL,NULL,NULL,NULL,NULL,NULL),(216,'Individual',NULL,0,1,0,0,0,NULL,NULL,'Jones, Purvi','Dr Purvi K Jones Sr',NULL,NULL,NULL,NULL,'5','Both','-392827054',NULL,NULL,'Purvi','K','Jones',4,2,3,NULL,NULL,1,'2002-11-02',0,NULL,NULL,NULL,NULL,NULL,NULL,NULL,NULL),(217,'Individual',NULL,1,1,0,0,0,NULL,NULL,'Parker, Jason','Mrs Jason X Parker Jr',NULL,NULL,NULL,NULL,'4','Both','1114733641',NULL,NULL,'Jason','X','Parker',1,1,3,NULL,NULL,1,'1979-12-13',0,NULL,NULL,NULL,NULL,NULL,NULL,NULL,NULL),(218,'Organization',NULL,1,1,0,0,0,NULL,NULL,'Intel  ','Intel  ',NULL,NULL,NULL,NULL,'1','Both','-1853032722',NULL,NULL,NULL,NULL,NULL,NULL,NULL,NULL,NULL,NULL,NULL,NULL,0,NULL,NULL,NULL,NULL,'Intel  ',NULL,NULL,NULL),(219,'Organization',NULL,1,1,0,1,0,NULL,NULL,'Project Open Hand  ','Project Open Hand  ',NULL,NULL,NULL,NULL,'2','Both','22493331',NULL,NULL,NULL,NULL,NULL,NULL,NULL,NULL,NULL,NULL,NULL,NULL,0,NULL,NULL,NULL,NULL,'Project Open Hand  ',NULL,NULL,NULL),(220,'Household',NULL,1,0,0,0,0,NULL,NULL,'Jake Smith\'s home','Jake Smith\'s home','Smith\'s home',NULL,NULL,NULL,'5','Both','1401933745',NULL,NULL,NULL,NULL,NULL,NULL,NULL,NULL,NULL,NULL,NULL,NULL,0,NULL,NULL,'Jake Smith\'s home',435,NULL,NULL,NULL,NULL),(221,'Individual',NULL,0,1,0,1,0,NULL,NULL,'Grant, Melinda','Mr Melinda R Grant Jr',NULL,NULL,NULL,NULL,'1','Both','-498600015',NULL,NULL,'Melinda','R','Grant',3,1,3,NULL,NULL,1,'1985-05-22',0,NULL,NULL,NULL,NULL,NULL,NULL,NULL,NULL),(222,'Individual',NULL,1,1,0,0,0,NULL,NULL,'Yadav, Milan','Dr Milan X Yadav Jr',NULL,NULL,NULL,NULL,'3','Both','-861204318',NULL,NULL,'Milan','X','Yadav',4,1,2,NULL,NULL,2,'2000-11-26',0,NULL,NULL,NULL,NULL,NULL,NULL,NULL,NULL),(223,'Household',NULL,1,1,0,0,0,NULL,NULL,'Jane Smith\'s home','Jane Smith\'s home','Smith\'s home',NULL,NULL,NULL,'1','Both','1611166010',NULL,NULL,NULL,NULL,NULL,NULL,NULL,NULL,NULL,NULL,NULL,NULL,0,NULL,NULL,'Jane Smith\'s home',495,NULL,NULL,NULL,NULL),(224,'Household',NULL,1,0,0,0,0,NULL,NULL,'Alice Yadav\'s home','Alice Yadav\'s home','Yadav\'s home',NULL,NULL,NULL,'2','Both','119289035',NULL,NULL,NULL,NULL,NULL,NULL,NULL,NULL,NULL,NULL,NULL,NULL,0,NULL,NULL,'Alice Yadav\'s home',117,NULL,NULL,NULL,NULL),(225,'Household',NULL,0,0,0,1,0,NULL,NULL,'Monica Adams\'s home','Monica Adams\'s home','Adams\'s home',NULL,NULL,NULL,'3','Both','2053765871',NULL,NULL,NULL,NULL,NULL,NULL,NULL,NULL,NULL,NULL,NULL,NULL,0,NULL,NULL,'Monica Adams\'s home',293,NULL,NULL,NULL,NULL),(226,'Individual',NULL,1,1,0,1,0,NULL,NULL,'Samuels, Monica','Mr Monica Z Samuels Sr',NULL,NULL,NULL,NULL,'2','Both','-1359011779',NULL,NULL,'Monica','Z','Samuels',3,2,1,NULL,NULL,2,'1978-02-22',1,NULL,NULL,NULL,NULL,NULL,NULL,NULL,NULL),(227,'Organization',NULL,0,1,0,1,0,NULL,NULL,'Eastmont Computing Center  ','Eastmont Computing Center  ',NULL,NULL,NULL,NULL,'2','Both','-765911069',NULL,NULL,NULL,NULL,NULL,NULL,NULL,NULL,NULL,NULL,NULL,NULL,0,NULL,NULL,NULL,NULL,'Eastmont Computing Center  ',NULL,NULL,NULL),(228,'Individual',NULL,0,0,0,0,0,NULL,NULL,'Reynolds, Jake','Ms Jake K Reynolds Sr',NULL,NULL,NULL,NULL,'1','Both','454788327',NULL,NULL,'Jake','K','Reynolds',2,2,3,NULL,NULL,1,'2001-11-21',0,NULL,NULL,NULL,NULL,NULL,NULL,NULL,NULL),(229,'Individual',NULL,0,0,0,1,0,NULL,NULL,'Parker, Brzczysaw','Mrs Brzczysaw E Parker Sr',NULL,NULL,NULL,NULL,'2','Both','-166435420',NULL,NULL,'Brzczysaw','E','Parker',1,2,2,NULL,NULL,1,'1989-04-30',0,NULL,NULL,NULL,NULL,NULL,NULL,NULL,NULL),(230,'Organization',NULL,0,1,0,0,0,NULL,NULL,'Project Open Hand  ','Project Open Hand  ',NULL,NULL,NULL,NULL,'2','Both','22493331',NULL,NULL,NULL,NULL,NULL,NULL,NULL,NULL,NULL,NULL,NULL,NULL,0,NULL,NULL,NULL,NULL,'Project Open Hand  ',NULL,NULL,NULL),(231,'Organization',NULL,0,1,0,0,0,NULL,NULL,'Magic Bus  ','Magic Bus  ',NULL,NULL,NULL,NULL,'5','Both','-2069559523',NULL,NULL,NULL,NULL,NULL,NULL,NULL,NULL,NULL,NULL,NULL,NULL,0,NULL,NULL,NULL,NULL,'Magic Bus  ',NULL,NULL,NULL),(232,'Individual',NULL,1,0,0,1,0,NULL,NULL,'Patel, Rebecca','Dr Rebecca Q Patel Jr',NULL,NULL,NULL,NULL,'5','Both','1224712151',NULL,NULL,'Rebecca','Q','Patel',4,1,2,NULL,NULL,2,'1979-09-16',1,NULL,NULL,NULL,NULL,NULL,NULL,NULL,NULL),(233,'Organization',NULL,0,0,0,1,0,NULL,NULL,'Inner City  ','Inner City  ',NULL,NULL,NULL,NULL,'2','Both','550937833',NULL,NULL,NULL,NULL,NULL,NULL,NULL,NULL,NULL,NULL,NULL,NULL,0,NULL,NULL,NULL,NULL,'Inner City  ',NULL,NULL,NULL),(234,'Individual',NULL,1,0,0,0,0,NULL,NULL,'Jones, Anne','Mr Anne D Jones Jr',NULL,NULL,NULL,NULL,'3','Both','-1202818592',NULL,NULL,'Anne','D','Jones',3,1,1,NULL,NULL,1,'1970-03-29',1,NULL,NULL,NULL,NULL,NULL,NULL,NULL,NULL),(235,'Individual',NULL,0,1,0,1,0,NULL,NULL,'Smith, Donald','Mr Donald S Smith Sr',NULL,NULL,NULL,NULL,'1','Both','-1040344938',NULL,NULL,'Donald','S','Smith',3,2,1,NULL,NULL,1,'1989-06-10',1,NULL,NULL,NULL,NULL,NULL,NULL,NULL,NULL),(236,'Individual',NULL,1,1,0,0,0,NULL,NULL,'chowski, Justin','Dr Justin G chowski Sr',NULL,NULL,NULL,NULL,'1','Both','562554780',NULL,NULL,'Justin','G','chowski',4,2,2,NULL,NULL,2,'1975-03-16',1,NULL,NULL,NULL,NULL,NULL,NULL,NULL,NULL),(237,'Individual',NULL,0,0,0,1,0,NULL,NULL,'chowski, Greg','Mrs Greg F chowski Jr',NULL,NULL,NULL,NULL,'2','Both','450160442',NULL,NULL,'Greg','F','chowski',1,1,2,NULL,NULL,2,'1990-03-18',1,NULL,NULL,NULL,NULL,NULL,NULL,NULL,NULL),(238,'Organization',NULL,1,1,0,0,0,NULL,NULL,'Compasspoint  ','Compasspoint  ',NULL,NULL,NULL,NULL,'4','Both','-1531408',NULL,NULL,NULL,NULL,NULL,NULL,NULL,NULL,NULL,NULL,NULL,NULL,0,NULL,NULL,NULL,NULL,'Compasspoint  ',NULL,NULL,NULL),(239,'Individual',NULL,1,1,0,1,0,NULL,NULL,'Zope, Kenneth','Mr Kenneth Q Zope Sr',NULL,NULL,NULL,NULL,'5','Both','-1747926865',NULL,NULL,'Kenneth','Q','Zope',3,2,1,NULL,NULL,1,'1975-06-30',1,NULL,NULL,NULL,NULL,NULL,NULL,NULL,NULL),(240,'Individual',NULL,1,1,0,0,0,NULL,NULL,'chowski, James','Ms James M chowski Sr',NULL,NULL,NULL,NULL,'5','Both','1526844836',NULL,NULL,'James','M','chowski',2,2,1,NULL,NULL,1,'1977-10-19',0,NULL,NULL,NULL,NULL,NULL,NULL,NULL,NULL),(241,'Household',NULL,0,1,0,1,0,NULL,NULL,'Charles Smith\'s home','Charles Smith\'s home','Smith\'s home',NULL,NULL,NULL,'4','Both','-1057261382',NULL,NULL,NULL,NULL,NULL,NULL,NULL,NULL,NULL,NULL,NULL,NULL,0,NULL,NULL,'Charles Smith\'s home',462,NULL,NULL,NULL,NULL),(242,'Organization',NULL,0,0,0,1,0,NULL,NULL,'Inner City  ','Inner City  ',NULL,NULL,NULL,NULL,'3','Both','550937833',NULL,NULL,NULL,NULL,NULL,NULL,NULL,NULL,NULL,NULL,NULL,NULL,0,NULL,NULL,NULL,NULL,'Inner City  ',NULL,NULL,NULL),(243,'Individual',NULL,0,1,0,0,0,NULL,NULL,'Samuels, Sheila','Mr Sheila J Samuels Sr',NULL,NULL,NULL,NULL,'3','Both','1973027848',NULL,NULL,'Sheila','J','Samuels',3,2,2,NULL,NULL,1,'1994-09-01',1,NULL,NULL,NULL,NULL,NULL,NULL,NULL,NULL),(244,'Individual',NULL,0,0,0,1,0,NULL,NULL,'Jones, Alice','Ms Alice S Jones Sr',NULL,NULL,NULL,NULL,'3','Both','-1233866789',NULL,NULL,'Alice','S','Jones',2,2,2,NULL,NULL,2,'1971-06-02',1,NULL,NULL,NULL,NULL,NULL,NULL,NULL,NULL),(245,'Individual',NULL,0,1,0,0,0,NULL,NULL,'Yadav, Dan','Mr Dan R Yadav Sr',NULL,NULL,NULL,NULL,'5','Both','1291061569',NULL,NULL,'Dan','R','Yadav',3,2,2,NULL,NULL,2,'1981-03-09',1,NULL,NULL,NULL,NULL,NULL,NULL,NULL,NULL),(246,'Individual',NULL,0,1,0,0,0,NULL,NULL,'Smith, Alan','Mr Alan Z Smith Sr',NULL,NULL,NULL,NULL,'2','Both','-882385166',NULL,NULL,'Alan','Z','Smith',3,2,2,NULL,NULL,2,'1978-01-12',0,NULL,NULL,NULL,NULL,NULL,NULL,NULL,NULL),(247,'Organization',NULL,1,0,0,1,0,NULL,NULL,'Compumentor  ','Compumentor  ',NULL,NULL,NULL,NULL,'4','Both','-1260506705',NULL,NULL,NULL,NULL,NULL,NULL,NULL,NULL,NULL,NULL,NULL,NULL,0,NULL,NULL,NULL,NULL,'Compumentor  ',NULL,NULL,NULL),(248,'Individual',NULL,0,0,0,1,0,NULL,NULL,'chowski, Charles','Mr Charles N chowski Jr',NULL,NULL,NULL,NULL,'1','Both','305283851',NULL,NULL,'Charles','N','chowski',3,1,2,NULL,NULL,1,'1973-11-15',0,NULL,NULL,NULL,NULL,NULL,NULL,NULL,NULL),(249,'Individual',NULL,0,0,0,0,0,NULL,NULL,'Patel, Monica','Ms Monica N Patel Sr',NULL,NULL,NULL,NULL,'5','Both','1462854655',NULL,NULL,'Monica','N','Patel',2,2,3,NULL,NULL,1,'1984-04-27',1,NULL,NULL,NULL,NULL,NULL,NULL,NULL,NULL),(250,'Organization',NULL,1,1,0,1,0,NULL,NULL,'Magic Bus  ','Magic Bus  ',NULL,NULL,NULL,NULL,'4','Both','-2069559523',NULL,NULL,NULL,NULL,NULL,NULL,NULL,NULL,NULL,NULL,NULL,NULL,0,NULL,NULL,NULL,NULL,'Magic Bus  ',NULL,NULL,NULL),(251,'Individual',NULL,1,0,0,0,0,NULL,NULL,'Yadav, Tony','Mr Tony I Yadav Jr',NULL,NULL,NULL,NULL,'2','Both','-1597253233',NULL,NULL,'Tony','I','Yadav',3,1,1,NULL,NULL,1,'2003-04-11',0,NULL,NULL,NULL,NULL,NULL,NULL,NULL,NULL),(252,'Individual',NULL,1,1,0,0,0,NULL,NULL,'Reynolds, Chris','Mrs Chris Y Reynolds Jr',NULL,NULL,NULL,NULL,'4','Both','-366913188',NULL,NULL,'Chris','Y','Reynolds',1,1,1,NULL,NULL,2,'1994-04-12',1,NULL,NULL,NULL,NULL,NULL,NULL,NULL,NULL),(253,'Individual',NULL,1,1,0,0,0,NULL,NULL,'Samuels, Greg','Mrs Greg L Samuels Sr',NULL,NULL,NULL,NULL,'3','Both','-459911430',NULL,NULL,'Greg','L','Samuels',1,2,3,NULL,NULL,2,'1975-02-02',0,NULL,NULL,NULL,NULL,NULL,NULL,NULL,NULL),(254,'Individual',NULL,0,1,0,0,0,NULL,NULL,'Jameson, Raymond','Dr Raymond T Jameson Sr',NULL,NULL,NULL,NULL,'3','Both','-1620312293',NULL,NULL,'Raymond','T','Jameson',4,2,1,NULL,NULL,2,'1992-11-12',0,NULL,NULL,NULL,NULL,NULL,NULL,NULL,NULL),(255,'Individual',NULL,0,0,0,0,0,NULL,NULL,'Adams, Chris','Mr Chris Y Adams Sr',NULL,NULL,NULL,NULL,'4','Both','1174315129',NULL,NULL,'Chris','Y','Adams',3,2,2,NULL,NULL,2,'1994-06-08',0,NULL,NULL,NULL,NULL,NULL,NULL,NULL,NULL),(256,'Individual',NULL,0,0,0,0,0,NULL,NULL,'Yadav, Donald','Mrs Donald T Yadav Jr',NULL,NULL,NULL,NULL,'5','Both','-1866912391',NULL,NULL,'Donald','T','Yadav',1,1,2,NULL,NULL,2,'1989-06-17',1,NULL,NULL,NULL,NULL,NULL,NULL,NULL,NULL),(257,'Individual',NULL,1,1,0,1,0,NULL,NULL,'Adams, Pat','Ms Pat I Adams Sr',NULL,NULL,NULL,NULL,'3','Both','198871655',NULL,NULL,'Pat','I','Adams',2,2,1,NULL,NULL,2,'1974-04-23',1,NULL,NULL,NULL,NULL,NULL,NULL,NULL,NULL),(258,'Individual',NULL,0,1,0,0,0,NULL,NULL,'Yadav, Purvi','Dr Purvi Q Yadav Jr',NULL,NULL,NULL,NULL,'4','Both','-1018481415',NULL,NULL,'Purvi','Q','Yadav',4,1,1,NULL,NULL,1,'1990-09-04',1,NULL,NULL,NULL,NULL,NULL,NULL,NULL,NULL),(259,'Individual',NULL,1,1,0,0,0,NULL,NULL,'Adams, Fraddie','Mr Fraddie S Adams Jr',NULL,NULL,NULL,NULL,'5','Both','-601621169',NULL,NULL,'Fraddie','S','Adams',3,1,3,NULL,NULL,2,'1977-12-04',0,NULL,NULL,NULL,NULL,NULL,NULL,NULL,NULL),(260,'Individual',NULL,0,1,0,0,0,NULL,NULL,'Samuels, Bernard','Mrs Bernard A Samuels Sr',NULL,NULL,NULL,NULL,'3','Both','-849052236',NULL,NULL,'Bernard','A','Samuels',1,2,1,NULL,NULL,1,'1973-01-13',1,NULL,NULL,NULL,NULL,NULL,NULL,NULL,NULL),(261,'Individual',NULL,0,0,0,1,0,NULL,NULL,'Parker, Henry','Mr Henry W Parker Jr',NULL,NULL,NULL,NULL,'1','Both','-544054906',NULL,NULL,'Henry','W','Parker',3,1,1,NULL,NULL,2,'1991-02-11',1,NULL,NULL,NULL,NULL,NULL,NULL,NULL,NULL),(262,'Individual',NULL,0,1,0,1,0,NULL,NULL,'Jameson, Brzczysaw','Mr Brzczysaw P Jameson Jr',NULL,NULL,NULL,NULL,'4','Both','-1056758637',NULL,NULL,'Brzczysaw','P','Jameson',3,1,1,NULL,NULL,1,'1986-05-09',0,NULL,NULL,NULL,NULL,NULL,NULL,NULL,NULL),(263,'Individual',NULL,0,0,0,0,0,NULL,NULL,'Reynolds, John','Mr John Y Reynolds Sr',NULL,NULL,NULL,NULL,'5','Both','-1384504410',NULL,NULL,'John','Y','Reynolds',3,2,2,NULL,NULL,1,'1993-07-21',1,NULL,NULL,NULL,NULL,NULL,NULL,NULL,NULL),(264,'Organization',NULL,1,1,0,1,0,NULL,NULL,'Eastmont Computing Center  ','Eastmont Computing Center  ',NULL,NULL,NULL,NULL,'3','Both','-765911069',NULL,NULL,NULL,NULL,NULL,NULL,NULL,NULL,NULL,NULL,NULL,NULL,0,NULL,NULL,NULL,NULL,'Eastmont Computing Center  ',NULL,NULL,NULL),(265,'Individual',NULL,1,1,0,1,0,NULL,NULL,'Jameson, Amar','Mrs Amar G Jameson Jr',NULL,NULL,NULL,NULL,'1','Both','-1672071096',NULL,NULL,'Amar','G','Jameson',1,1,1,NULL,NULL,1,'1976-05-02',0,NULL,NULL,NULL,NULL,NULL,NULL,NULL,NULL),(266,'Individual',NULL,0,0,0,0,0,NULL,NULL,'Roberts, Chris','Dr Chris K Roberts Sr',NULL,NULL,NULL,NULL,'3','Both','1655506819',NULL,NULL,'Chris','K','Roberts',4,2,3,NULL,NULL,2,'1978-07-11',1,NULL,NULL,NULL,NULL,NULL,NULL,NULL,NULL),(267,'Individual',NULL,0,1,0,1,0,NULL,NULL,'Patel, Jennifer','Dr Jennifer W Patel Sr',NULL,NULL,NULL,NULL,'3','Both','-694125814',NULL,NULL,'Jennifer','W','Patel',4,2,3,NULL,NULL,2,'1979-09-14',1,NULL,NULL,NULL,NULL,NULL,NULL,NULL,NULL),(268,'Individual',NULL,1,0,0,0,0,NULL,NULL,'Patel, James','Dr James Q Patel Jr',NULL,NULL,NULL,NULL,'4','Both','-1224220639',NULL,NULL,'James','Q','Patel',4,1,3,NULL,NULL,2,'2006-04-09',0,NULL,NULL,NULL,NULL,NULL,NULL,NULL,NULL),(269,'Individual',NULL,0,1,0,0,0,NULL,NULL,'Patel, Dan','Mrs Dan O Patel Jr',NULL,NULL,NULL,NULL,'3','Both','-1705503154',NULL,NULL,'Dan','O','Patel',1,1,3,NULL,NULL,2,'1983-07-18',1,NULL,NULL,NULL,NULL,NULL,NULL,NULL,NULL),(270,'Individual',NULL,1,0,0,1,0,NULL,NULL,'Roberts, Jason','Ms Jason Z Roberts Sr',NULL,NULL,NULL,NULL,'3','Both','640387856',NULL,NULL,'Jason','Z','Roberts',2,2,2,NULL,NULL,1,'1985-12-05',0,NULL,NULL,NULL,NULL,NULL,NULL,NULL,NULL),(271,'Individual',NULL,0,0,0,0,0,NULL,NULL,'Samuels, Bruce','Dr Bruce F Samuels Sr',NULL,NULL,NULL,NULL,'4','Both','50077202',NULL,NULL,'Bruce','F','Samuels',4,2,2,NULL,NULL,2,'1998-04-29',1,NULL,NULL,NULL,NULL,NULL,NULL,NULL,NULL),(272,'Individual',NULL,0,1,0,0,0,NULL,NULL,'Parker, Rebecca','Mr Rebecca H Parker Sr',NULL,NULL,NULL,NULL,'3','Both','-1192120891',NULL,NULL,'Rebecca','H','Parker',3,2,2,NULL,NULL,1,'1971-12-21',0,NULL,NULL,NULL,NULL,NULL,NULL,NULL,NULL),(273,'Household',NULL,0,1,0,0,0,NULL,NULL,'Chris Reynolds\'s home','Chris Reynolds\'s home','Reynolds\'s home',NULL,NULL,NULL,'5','Both','-1598256075',NULL,NULL,NULL,NULL,NULL,NULL,NULL,NULL,NULL,NULL,NULL,NULL,0,NULL,NULL,'Chris Reynolds\'s home',252,NULL,NULL,NULL,NULL),(274,'Individual',NULL,1,1,0,0,0,NULL,NULL,'chowski, Kenneth','Mr Kenneth T chowski Jr',NULL,NULL,NULL,NULL,'2','Both','-743329737',NULL,NULL,'Kenneth','T','chowski',3,1,2,NULL,NULL,1,'1974-02-07',1,NULL,NULL,NULL,NULL,NULL,NULL,NULL,NULL),(275,'Individual',NULL,1,1,0,1,0,NULL,NULL,'Reynolds, Monica','Mr Monica K Reynolds Sr',NULL,NULL,NULL,NULL,'4','Both','1386726867',NULL,NULL,'Monica','K','Reynolds',3,2,3,NULL,NULL,2,'1995-10-29',1,NULL,NULL,NULL,NULL,NULL,NULL,NULL,NULL),(276,'Individual',NULL,1,0,0,0,0,NULL,NULL,'Jameson, Jake','Ms Jake Y Jameson Sr',NULL,NULL,NULL,NULL,'1','Both','997272416',NULL,NULL,'Jake','Y','Jameson',2,2,3,NULL,NULL,1,'1974-01-17',1,NULL,NULL,NULL,NULL,NULL,NULL,NULL,NULL),(277,'Individual',NULL,0,1,0,0,0,NULL,NULL,'Roberts, Purvi','Mrs Purvi O Roberts Jr',NULL,NULL,NULL,NULL,'1','Both','-676949385',NULL,NULL,'Purvi','O','Roberts',1,1,2,NULL,NULL,1,'1985-02-02',0,NULL,NULL,NULL,NULL,NULL,NULL,NULL,NULL),(278,'Household',NULL,0,1,0,1,0,NULL,NULL,'Andrew Jones\'s home','Andrew Jones\'s home','Jones\'s home',NULL,NULL,NULL,'2','Both','1607004132',NULL,NULL,NULL,NULL,NULL,NULL,NULL,NULL,NULL,NULL,NULL,NULL,0,NULL,NULL,'Andrew Jones\'s home',173,NULL,NULL,NULL,NULL),(279,'Individual',NULL,1,1,0,0,0,NULL,NULL,'Samuels, Jason','Mrs Jason S Samuels Jr',NULL,NULL,NULL,NULL,'2','Both','1338656660',NULL,NULL,'Jason','S','Samuels',1,1,2,NULL,NULL,1,'1990-02-02',1,NULL,NULL,NULL,NULL,NULL,NULL,NULL,NULL),(280,'Individual',NULL,0,1,0,0,0,NULL,NULL,'Samuels, Chetan','Mr Chetan H Samuels Sr',NULL,NULL,NULL,NULL,'2','Both','1201886572',NULL,NULL,'Chetan','H','Samuels',3,2,2,NULL,NULL,2,'2003-01-12',1,NULL,NULL,NULL,NULL,NULL,NULL,NULL,NULL),(281,'Individual',NULL,1,1,0,0,0,NULL,NULL,'Zope, Sheila','Ms Sheila Y Zope Jr',NULL,NULL,NULL,NULL,'2','Both','1949818148',NULL,NULL,'Sheila','Y','Zope',2,1,2,NULL,NULL,1,'1994-12-27',0,NULL,NULL,NULL,NULL,NULL,NULL,NULL,NULL),(282,'Household',NULL,0,0,0,1,0,NULL,NULL,'Bernard Zope\'s home','Bernard Zope\'s home','Zope\'s home',NULL,NULL,NULL,'3','Both','-1411703128',NULL,NULL,NULL,NULL,NULL,NULL,NULL,NULL,NULL,NULL,NULL,NULL,0,NULL,NULL,'Bernard Zope\'s home',168,NULL,NULL,NULL,NULL),(283,'Individual',NULL,0,1,0,1,0,NULL,NULL,'Parker, Anne','Dr Anne Q Parker Jr',NULL,NULL,NULL,NULL,'2','Both','258609247',NULL,NULL,'Anne','Q','Parker',4,1,2,NULL,NULL,2,'2004-02-18',0,NULL,NULL,NULL,NULL,NULL,NULL,NULL,NULL),(284,'Individual',NULL,0,0,0,1,0,NULL,NULL,'Reynolds, Richard','Mrs Richard Y Reynolds Sr',NULL,NULL,NULL,NULL,'4','Both','-488810635',NULL,NULL,'Richard','Y','Reynolds',1,2,1,NULL,NULL,1,'2002-08-31',0,NULL,NULL,NULL,NULL,NULL,NULL,NULL,NULL),(285,'Individual',NULL,1,0,0,1,0,NULL,NULL,'Adams, Walter','Mr Walter V Adams Jr',NULL,NULL,NULL,NULL,'3','Both','1751273217',NULL,NULL,'Walter','V','Adams',3,1,1,NULL,NULL,2,'1984-09-12',0,NULL,NULL,NULL,NULL,NULL,NULL,NULL,NULL),(286,'Individual',NULL,1,0,0,0,0,NULL,NULL,'Samuels, Brzczysaw','Mr Brzczysaw Z Samuels Sr',NULL,NULL,NULL,NULL,'5','Both','1240846534',NULL,NULL,'Brzczysaw','Z','Samuels',3,2,3,NULL,NULL,1,'1994-12-30',0,NULL,NULL,NULL,NULL,NULL,NULL,NULL,NULL),(287,'Individual',NULL,0,1,0,1,0,NULL,NULL,'Samuels, Purvi','Mr Purvi E Samuels Sr',NULL,NULL,NULL,NULL,'1','Both','-1102618893',NULL,NULL,'Purvi','E','Samuels',3,2,2,NULL,NULL,1,'1991-06-27',0,NULL,NULL,NULL,NULL,NULL,NULL,NULL,NULL),(288,'Organization',NULL,0,1,0,1,0,NULL,NULL,'Working Assets  ','Working Assets  ',NULL,NULL,NULL,NULL,'1','Both','-740887779',NULL,NULL,NULL,NULL,NULL,NULL,NULL,NULL,NULL,NULL,NULL,NULL,0,NULL,NULL,NULL,NULL,'Working Assets  ',NULL,NULL,NULL),(289,'Individual',NULL,0,0,0,1,0,NULL,NULL,'Smith, Bill','Dr Bill B Smith Sr',NULL,NULL,NULL,NULL,'2','Both','-2068206442',NULL,NULL,'Bill','B','Smith',4,2,1,NULL,NULL,1,'1988-07-26',1,NULL,NULL,NULL,NULL,NULL,NULL,NULL,NULL),(290,'Individual',NULL,0,0,0,1,0,NULL,NULL,'Patel, Fraddie','Mr Fraddie F Patel Jr',NULL,NULL,NULL,NULL,'5','Both','-1033096566',NULL,NULL,'Fraddie','F','Patel',3,1,1,NULL,NULL,2,'1989-07-29',1,NULL,NULL,NULL,NULL,NULL,NULL,NULL,NULL),(291,'Individual',NULL,0,1,0,1,0,NULL,NULL,'Yadav, James','Mr James F Yadav Jr',NULL,NULL,NULL,NULL,'1','Both','-1114167369',NULL,NULL,'James','F','Yadav',3,1,2,NULL,NULL,2,'2003-02-02',1,NULL,NULL,NULL,NULL,NULL,NULL,NULL,NULL),(292,'Individual',NULL,1,0,0,1,0,NULL,NULL,'Smith, Dan','Mr Dan X Smith Jr',NULL,NULL,NULL,NULL,'2','Both','719171535',NULL,NULL,'Dan','X','Smith',3,1,1,NULL,NULL,2,'2005-05-31',0,NULL,NULL,NULL,NULL,NULL,NULL,NULL,NULL),(293,'Individual',NULL,0,1,0,1,0,NULL,NULL,'Adams, Monica','Mrs Monica F Adams Jr',NULL,NULL,NULL,NULL,'1','Both','420269677',NULL,NULL,'Monica','F','Adams',1,1,1,NULL,NULL,1,'1985-11-06',0,NULL,NULL,NULL,NULL,NULL,NULL,NULL,NULL),(294,'Household',NULL,0,1,0,0,0,NULL,NULL,'Monica Patel\'s home','Monica Patel\'s home','Patel\'s home',NULL,NULL,NULL,'5','Both','1128741901',NULL,NULL,NULL,NULL,NULL,NULL,NULL,NULL,NULL,NULL,NULL,NULL,0,NULL,NULL,'Monica Patel\'s home',249,NULL,NULL,NULL,NULL),(295,'Individual',NULL,0,0,0,0,0,NULL,NULL,'Adams, Purvi','Mr Purvi F Adams Jr',NULL,NULL,NULL,NULL,'2','Both','-252365427',NULL,NULL,'Purvi','F','Adams',3,1,2,NULL,NULL,1,'2008-05-14',0,NULL,NULL,NULL,NULL,NULL,NULL,NULL,NULL),(296,'Individual',NULL,0,1,0,1,0,NULL,NULL,'Jones, Michael','Ms Michael H Jones Sr',NULL,NULL,NULL,NULL,'2','Both','875001868',NULL,NULL,'Michael','H','Jones',2,2,3,NULL,NULL,1,'1992-10-08',1,NULL,NULL,NULL,NULL,NULL,NULL,NULL,NULL),(297,'Individual',NULL,1,1,0,0,0,NULL,NULL,'Roberts, John','Dr John D Roberts Jr',NULL,NULL,NULL,NULL,'1','Both','696130174',NULL,NULL,'John','D','Roberts',4,1,1,NULL,NULL,1,'1995-09-07',1,NULL,NULL,NULL,NULL,NULL,NULL,NULL,NULL),(298,'Organization',NULL,0,1,0,0,0,NULL,NULL,'Compasspoint  ','Compasspoint  ',NULL,NULL,NULL,NULL,'3','Both','-1531408',NULL,NULL,NULL,NULL,NULL,NULL,NULL,NULL,NULL,NULL,NULL,NULL,0,NULL,NULL,NULL,NULL,'Compasspoint  ',NULL,NULL,NULL),(299,'Individual',NULL,1,1,0,0,0,NULL,NULL,'Jameson, Melinda','Mrs Melinda D Jameson Jr',NULL,NULL,NULL,NULL,'2','Both','961128637',NULL,NULL,'Melinda','D','Jameson',1,1,3,NULL,NULL,1,'1979-02-28',1,NULL,NULL,NULL,NULL,NULL,NULL,NULL,NULL),(300,'Household',NULL,1,0,0,0,0,NULL,NULL,'Jennifer Zope\'s home','Jennifer Zope\'s home','Zope\'s home',NULL,NULL,NULL,'4','Both','2125081531',NULL,NULL,NULL,NULL,NULL,NULL,NULL,NULL,NULL,NULL,NULL,NULL,0,NULL,NULL,'Jennifer Zope\'s home',44,NULL,NULL,NULL,NULL),(301,'Individual',NULL,0,1,0,0,0,NULL,NULL,'chowski, Jake','Dr Jake K chowski Jr',NULL,NULL,NULL,NULL,'2','Both','-2041352596',NULL,NULL,'Jake','K','chowski',4,1,3,NULL,NULL,1,'2001-07-27',1,NULL,NULL,NULL,NULL,NULL,NULL,NULL,NULL),(302,'Household',NULL,1,1,0,0,0,NULL,NULL,'Amar Jones\'s home','Amar Jones\'s home','Jones\'s home',NULL,NULL,NULL,'5','Both','-1807946429',NULL,NULL,NULL,NULL,NULL,NULL,NULL,NULL,NULL,NULL,NULL,NULL,0,NULL,NULL,'Amar Jones\'s home',308,NULL,NULL,NULL,NULL),(303,'Individual',NULL,1,0,0,0,0,NULL,NULL,'Samuels, Sheila','Mr Sheila Y Samuels Sr',NULL,NULL,NULL,NULL,'2','Both','1973027848',NULL,NULL,'Sheila','Y','Samuels',3,2,1,NULL,NULL,2,'1988-06-25',0,NULL,NULL,NULL,NULL,NULL,NULL,NULL,NULL),(304,'Organization',NULL,1,1,0,0,0,NULL,NULL,'Cisco Systems  ','Cisco Systems  ',NULL,NULL,NULL,NULL,'2','Both','795728639',NULL,NULL,NULL,NULL,NULL,NULL,NULL,NULL,NULL,NULL,NULL,NULL,0,NULL,NULL,NULL,NULL,'Cisco Systems  ',NULL,NULL,NULL),(305,'Individual',NULL,0,0,0,1,0,NULL,NULL,'Roberts, Amar','Mr Amar H Roberts Jr',NULL,NULL,NULL,NULL,'1','Both','943238679',NULL,NULL,'Amar','H','Roberts',3,1,2,NULL,NULL,1,'2006-07-31',1,NULL,NULL,NULL,NULL,NULL,NULL,NULL,NULL),(306,'Individual',NULL,0,1,0,0,0,NULL,NULL,'Smith, Fraddie','Ms Fraddie N Smith Jr',NULL,NULL,NULL,NULL,'5','Both','-795608631',NULL,NULL,'Fraddie','N','Smith',2,1,1,NULL,NULL,1,'1996-09-20',0,NULL,NULL,NULL,NULL,NULL,NULL,NULL,NULL),(307,'Individual',NULL,0,1,0,1,0,NULL,NULL,'Adams, Paula','Mrs Paula D Adams Jr',NULL,NULL,NULL,NULL,'1','Both','-1808297687',NULL,NULL,'Paula','D','Adams',1,1,2,NULL,NULL,2,'1978-06-19',1,NULL,NULL,NULL,NULL,NULL,NULL,NULL,NULL),(308,'Individual',NULL,0,1,0,1,0,NULL,NULL,'Jones, Amar','Mr Amar N Jones Jr',NULL,NULL,NULL,NULL,'1','Both','-1102883151',NULL,NULL,'Amar','N','Jones',3,1,3,NULL,NULL,2,'1977-03-11',1,NULL,NULL,NULL,NULL,NULL,NULL,NULL,NULL),(309,'Household',NULL,1,1,0,1,0,NULL,NULL,'Charles Yadav\'s home','Charles Yadav\'s home','Yadav\'s home',NULL,NULL,NULL,'3','Both','1515105675',NULL,NULL,NULL,NULL,NULL,NULL,NULL,NULL,NULL,NULL,NULL,NULL,0,NULL,NULL,'Charles Yadav\'s home',60,NULL,NULL,NULL,NULL),(310,'Individual',NULL,0,1,0,0,0,NULL,NULL,'Zope, Bruce','Ms Bruce U Zope Sr',NULL,NULL,NULL,NULL,'5','Both','1951675475',NULL,NULL,'Bruce','U','Zope',2,2,2,NULL,NULL,1,'1978-12-05',0,NULL,NULL,NULL,NULL,NULL,NULL,NULL,NULL),(311,'Household',NULL,0,0,0,1,0,NULL,NULL,'Henry Adams\'s home','Henry Adams\'s home','Adams\'s home',NULL,NULL,NULL,'2','Both','-516900836',NULL,NULL,NULL,NULL,NULL,NULL,NULL,NULL,NULL,NULL,NULL,NULL,0,NULL,NULL,'Henry Adams\'s home',183,NULL,NULL,NULL,NULL),(312,'Individual',NULL,1,1,0,0,0,NULL,NULL,'Zope, Peter','Mr Peter A Zope Jr',NULL,NULL,NULL,NULL,'3','Both','2012338145',NULL,NULL,'Peter','A','Zope',3,1,3,NULL,NULL,1,'1986-04-18',0,NULL,NULL,NULL,NULL,NULL,NULL,NULL,NULL),(313,'Individual',NULL,0,1,0,0,0,NULL,NULL,'Parker, Amar','Mrs Amar X Parker Sr',NULL,NULL,NULL,NULL,'2','Both','157759246',NULL,NULL,'Amar','X','Parker',1,2,2,NULL,NULL,1,'1986-09-16',0,NULL,NULL,NULL,NULL,NULL,NULL,NULL,NULL),(314,'Individual',NULL,1,1,0,0,0,NULL,NULL,'chowski, Rebecca','Dr Rebecca E chowski Sr',NULL,NULL,NULL,NULL,'2','Both','1272202154',NULL,NULL,'Rebecca','E','chowski',4,2,3,NULL,NULL,2,'2003-10-14',0,NULL,NULL,NULL,NULL,NULL,NULL,NULL,NULL),(315,'Individual',NULL,0,0,0,1,0,NULL,NULL,'chowski, Michelle','Dr Michelle F chowski Sr',NULL,NULL,NULL,NULL,'4','Both','335338660',NULL,NULL,'Michelle','F','chowski',4,2,1,NULL,NULL,2,'1984-10-26',0,NULL,NULL,NULL,NULL,NULL,NULL,NULL,NULL),(316,'Individual',NULL,1,0,0,0,0,NULL,NULL,'Smith, Charles','Mrs Charles S Smith Sr',NULL,NULL,NULL,NULL,'3','Both','65426485',NULL,NULL,'Charles','S','Smith',1,2,3,NULL,NULL,2,'1995-04-07',1,NULL,NULL,NULL,NULL,NULL,NULL,NULL,NULL),(317,'Individual',NULL,0,1,0,0,0,NULL,NULL,'Adams, Chetan','Ms Chetan V Adams Sr',NULL,NULL,NULL,NULL,'2','Both','-263144644',NULL,NULL,'Chetan','V','Adams',2,2,2,NULL,NULL,2,'1990-01-20',0,NULL,NULL,NULL,NULL,NULL,NULL,NULL,NULL),(318,'Household',NULL,1,1,0,0,0,NULL,NULL,'Franklin Grant\'s home','Franklin Grant\'s home','Grant\'s home',NULL,NULL,NULL,'4','Both','-353360428',NULL,NULL,NULL,NULL,NULL,NULL,NULL,NULL,NULL,NULL,NULL,NULL,0,NULL,NULL,'Franklin Grant\'s home',157,NULL,NULL,NULL,NULL),(319,'Individual',NULL,0,1,0,0,0,NULL,NULL,'Samuels, Sam','Mr Sam I Samuels Sr',NULL,NULL,NULL,NULL,'1','Both','-470793279',NULL,NULL,'Sam','I','Samuels',3,2,1,NULL,NULL,2,'1971-10-24',0,NULL,NULL,NULL,NULL,NULL,NULL,NULL,NULL),(320,'Household',NULL,1,0,0,1,0,NULL,NULL,'Franklin Yadav\'s home','Franklin Yadav\'s home','Yadav\'s home',NULL,NULL,NULL,'3','Both','1131985428',NULL,NULL,NULL,NULL,NULL,NULL,NULL,NULL,NULL,NULL,NULL,NULL,0,NULL,NULL,'Franklin Yadav\'s home',373,NULL,NULL,NULL,NULL),(321,'Individual',NULL,1,1,0,0,0,NULL,NULL,'Yadav, Fraddie','Mr Fraddie J Yadav Sr',NULL,NULL,NULL,NULL,'3','Both','-529055083',NULL,NULL,'Fraddie','J','Yadav',3,2,3,NULL,NULL,2,'2008-07-05',0,NULL,NULL,NULL,NULL,NULL,NULL,NULL,NULL),(322,'Household',NULL,1,0,0,1,0,NULL,NULL,'Fraddie Smith\'s home','Fraddie Smith\'s home','Smith\'s home',NULL,NULL,NULL,'1','Both','-1646925857',NULL,NULL,NULL,NULL,NULL,NULL,NULL,NULL,NULL,NULL,NULL,NULL,0,NULL,NULL,'Fraddie Smith\'s home',306,NULL,NULL,NULL,NULL),(323,'Individual',NULL,1,1,0,0,0,NULL,NULL,'Jones, Alan','Ms Alan Q Jones Jr',NULL,NULL,NULL,NULL,'3','Both','-1417649975',NULL,NULL,'Alan','Q','Jones',2,1,1,NULL,NULL,2,'1974-03-09',1,NULL,NULL,NULL,NULL,NULL,NULL,NULL,NULL),(324,'Individual',NULL,1,0,0,1,0,NULL,NULL,'Zope, Pat','Ms Pat A Zope Sr',NULL,NULL,NULL,NULL,'3','Both','1608421339',NULL,NULL,'Pat','A','Zope',2,2,1,NULL,NULL,2,'2007-03-25',0,NULL,NULL,NULL,NULL,NULL,NULL,NULL,NULL),(325,'Organization',NULL,0,0,0,1,0,NULL,NULL,'Intel  ','Intel  ',NULL,NULL,NULL,NULL,'5','Both','-1853032722',NULL,NULL,NULL,NULL,NULL,NULL,NULL,NULL,NULL,NULL,NULL,NULL,0,NULL,NULL,NULL,NULL,'Intel  ',NULL,NULL,NULL),(326,'Individual',NULL,0,1,0,1,0,NULL,NULL,'chowski, Bernard','Mr Bernard K chowski Sr',NULL,NULL,NULL,NULL,'1','Both','-1143157738',NULL,NULL,'Bernard','K','chowski',3,2,2,NULL,NULL,1,'2005-04-16',1,NULL,NULL,NULL,NULL,NULL,NULL,NULL,NULL),(327,'Individual',NULL,1,1,0,1,0,NULL,NULL,'chowski, Bill','Mrs Bill Q chowski Sr',NULL,NULL,NULL,NULL,'5','Both','2070493528',NULL,NULL,'Bill','Q','chowski',1,2,3,NULL,NULL,1,'1988-01-24',1,NULL,NULL,NULL,NULL,NULL,NULL,NULL,NULL),(328,'Individual',NULL,0,0,0,1,0,NULL,NULL,'Yadav, Chetan','Mrs Chetan U Yadav Sr',NULL,NULL,NULL,NULL,'2','Both','-1492406248',NULL,NULL,'Chetan','U','Yadav',1,2,2,NULL,NULL,2,'1980-12-28',0,NULL,NULL,NULL,NULL,NULL,NULL,NULL,NULL),(329,'Individual',NULL,0,1,0,0,0,NULL,NULL,'Jones, Richard','Ms Richard T Jones Jr',NULL,NULL,NULL,NULL,'1','Both','-1360422769',NULL,NULL,'Richard','T','Jones',2,1,1,NULL,NULL,1,'1972-10-11',0,NULL,NULL,NULL,NULL,NULL,NULL,NULL,NULL),(330,'Individual',NULL,1,0,0,1,0,NULL,NULL,'Reynolds, Melinda','Mr Melinda B Reynolds Sr',NULL,NULL,NULL,NULL,'5','Both','1506512376',NULL,NULL,'Melinda','B','Reynolds',3,2,1,NULL,NULL,1,'1991-03-29',0,NULL,NULL,NULL,NULL,NULL,NULL,NULL,NULL),(331,'Individual',NULL,1,0,0,0,0,NULL,NULL,'Adams, Michelle','Mr Michelle D Adams Sr',NULL,NULL,NULL,NULL,'3','Both','-698645751',NULL,NULL,'Michelle','D','Adams',3,2,3,NULL,NULL,1,'1993-11-10',0,NULL,NULL,NULL,NULL,NULL,NULL,NULL,NULL),(332,'Household',NULL,0,0,0,1,0,NULL,NULL,'Fraddie Zope\'s home','Fraddie Zope\'s home','Zope\'s home',NULL,NULL,NULL,'4','Both','-86155924',NULL,NULL,NULL,NULL,NULL,NULL,NULL,NULL,NULL,NULL,NULL,NULL,0,NULL,NULL,'Fraddie Zope\'s home',167,NULL,NULL,NULL,NULL),(333,'Individual',NULL,1,0,0,1,0,NULL,NULL,'chowski, Henry','Ms Henry U chowski Jr',NULL,NULL,NULL,NULL,'5','Both','1236523586',NULL,NULL,'Henry','U','chowski',2,1,2,NULL,NULL,1,'2009-05-22',0,NULL,NULL,NULL,NULL,NULL,NULL,NULL,NULL),(334,'Individual',NULL,0,0,0,1,0,NULL,NULL,'Zope, Justin','Ms Justin O Zope Jr',NULL,NULL,NULL,NULL,'3','Both','1155140848',NULL,NULL,'Justin','O','Zope',2,1,2,NULL,NULL,2,'1986-01-29',1,NULL,NULL,NULL,NULL,NULL,NULL,NULL,NULL),(335,'Household',NULL,0,0,0,1,0,NULL,NULL,'Chetan Roberts\'s home','Chetan Roberts\'s home','Roberts\'s home',NULL,NULL,NULL,'3','Both','-277300211',NULL,NULL,NULL,NULL,NULL,NULL,NULL,NULL,NULL,NULL,NULL,NULL,0,NULL,NULL,'Chetan Roberts\'s home',52,NULL,NULL,NULL,NULL),(336,'Individual',NULL,0,0,0,1,0,NULL,NULL,'Roberts, Peter','Mr Peter H Roberts Sr',NULL,NULL,NULL,NULL,'1','Both','1756901668',NULL,NULL,'Peter','H','Roberts',3,2,2,NULL,NULL,1,'1972-08-12',0,NULL,NULL,NULL,NULL,NULL,NULL,NULL,NULL),(337,'Individual',NULL,0,0,0,0,0,NULL,NULL,'Jones, Walter','Ms Walter K Jones Jr',NULL,NULL,NULL,NULL,'5','Both','2115428510',NULL,NULL,'Walter','K','Jones',2,1,3,NULL,NULL,2,'1970-01-20',0,NULL,NULL,NULL,NULL,NULL,NULL,NULL,NULL),(338,'Individual',NULL,0,1,0,1,0,NULL,NULL,'Grant, Amar','Dr Amar Z Grant Sr',NULL,NULL,NULL,NULL,'3','Both','-520880921',NULL,NULL,'Amar','Z','Grant',4,2,3,NULL,NULL,1,'1984-08-24',1,NULL,NULL,NULL,NULL,NULL,NULL,NULL,NULL),(339,'Individual',NULL,1,0,0,0,0,NULL,NULL,'chowski, Paula','Dr Paula A chowski Sr',NULL,NULL,NULL,NULL,'4','Both','1092581966',NULL,NULL,'Paula','A','chowski',4,2,1,NULL,NULL,1,'1983-05-14',1,NULL,NULL,NULL,NULL,NULL,NULL,NULL,NULL),(340,'Individual',NULL,0,1,0,0,0,NULL,NULL,'Zope, Sam','Ms Sam V Zope Jr',NULL,NULL,NULL,NULL,'1','Both','972265794',NULL,NULL,'Sam','V','Zope',2,1,2,NULL,NULL,1,'2007-02-22',0,NULL,NULL,NULL,NULL,NULL,NULL,NULL,NULL),(341,'Individual',NULL,1,0,0,1,0,NULL,NULL,'Jones, Bruce','Mrs Bruce W Jones Jr',NULL,NULL,NULL,NULL,'2','Both','1412345779',NULL,NULL,'Bruce','W','Jones',1,1,2,NULL,NULL,1,'2004-06-21',0,NULL,NULL,NULL,NULL,NULL,NULL,NULL,NULL),(342,'Individual',NULL,1,0,0,0,0,NULL,NULL,'Jameson, Jason','Dr Jason F Jameson Sr',NULL,NULL,NULL,NULL,'2','Both','-581195293',NULL,NULL,'Jason','F','Jameson',4,2,3,NULL,NULL,2,'1998-11-24',0,NULL,NULL,NULL,NULL,NULL,NULL,NULL,NULL),(343,'Individual',NULL,0,0,0,0,0,NULL,NULL,'Zope, Bernard','Ms Bernard P Zope Jr',NULL,NULL,NULL,NULL,'5','Both','-4342642',NULL,NULL,'Bernard','P','Zope',2,1,2,NULL,NULL,1,'1970-03-26',1,NULL,NULL,NULL,NULL,NULL,NULL,NULL,NULL),(344,'Individual',NULL,1,1,0,1,0,NULL,NULL,'Smith, John','Mr John B Smith Sr',NULL,NULL,NULL,NULL,'3','Both','-807248669',NULL,NULL,'John','B','Smith',3,2,3,NULL,NULL,2,'2002-01-22',0,NULL,NULL,NULL,NULL,NULL,NULL,NULL,NULL),(345,'Individual',NULL,0,1,0,0,0,NULL,NULL,'Jameson, Alan','Mr Alan X Jameson Sr',NULL,NULL,NULL,NULL,'1','Both','-1986720208',NULL,NULL,'Alan','X','Jameson',3,2,3,NULL,NULL,2,'1975-12-02',0,NULL,NULL,NULL,NULL,NULL,NULL,NULL,NULL),(346,'Household',NULL,1,0,0,1,0,NULL,NULL,'Charles Parker\'s home','Charles Parker\'s home','Parker\'s home',NULL,NULL,NULL,'2','Both','-1474512054',NULL,NULL,NULL,NULL,NULL,NULL,NULL,NULL,NULL,NULL,NULL,NULL,0,NULL,NULL,'Charles Parker\'s home',16,NULL,NULL,NULL,NULL),(347,'Individual',NULL,1,1,0,1,0,NULL,NULL,'chowski, Dan','Dr Dan V chowski Sr',NULL,NULL,NULL,NULL,'1','Both','-182316778',NULL,NULL,'Dan','V','chowski',4,2,1,NULL,NULL,2,'1987-11-24',0,NULL,NULL,NULL,NULL,NULL,NULL,NULL,NULL),(348,'Individual',NULL,1,0,0,1,0,NULL,NULL,'Grant, Tony','Mrs Tony H Grant Sr',NULL,NULL,NULL,NULL,'5','Both','-1795536285',NULL,NULL,'Tony','H','Grant',1,2,3,NULL,NULL,2,'1980-08-19',0,NULL,NULL,NULL,NULL,NULL,NULL,NULL,NULL),(349,'Individual',NULL,0,1,0,0,0,NULL,NULL,'Yadav, Donald','Dr Donald I Yadav Sr',NULL,NULL,NULL,NULL,'3','Both','-1866912391',NULL,NULL,'Donald','I','Yadav',4,2,2,NULL,NULL,2,'1970-11-05',1,NULL,NULL,NULL,NULL,NULL,NULL,NULL,NULL),(350,'Individual',NULL,1,1,0,1,0,NULL,NULL,'Smith, Justin','Mrs Justin K Smith Sr',NULL,NULL,NULL,NULL,'3','Both','-191134393',NULL,NULL,'Justin','K','Smith',1,2,2,NULL,NULL,1,'1978-01-15',0,NULL,NULL,NULL,NULL,NULL,NULL,NULL,NULL),(351,'Individual',NULL,1,0,0,0,0,NULL,NULL,'Smith, Chetan','Ms Chetan X Smith Jr',NULL,NULL,NULL,NULL,'1','Both','-162593289',NULL,NULL,'Chetan','X','Smith',2,1,2,NULL,NULL,1,'2008-12-08',0,NULL,NULL,NULL,NULL,NULL,NULL,NULL,NULL),(352,'Organization',NULL,0,1,0,1,0,NULL,NULL,'Social Source Foundation  ','Social Source Foundation  ',NULL,NULL,NULL,NULL,'1','Both','2066676426',NULL,NULL,NULL,NULL,NULL,NULL,NULL,NULL,NULL,NULL,NULL,NULL,0,NULL,NULL,NULL,NULL,'Social Source Foundation  ',NULL,NULL,NULL),(353,'Individual',NULL,0,1,0,1,0,NULL,NULL,'Smith, Melinda','Ms Melinda Y Smith Jr',NULL,NULL,NULL,NULL,'3','Both','2045361406',NULL,NULL,'Melinda','Y','Smith',2,1,1,NULL,NULL,2,'1973-05-20',0,NULL,NULL,NULL,NULL,NULL,NULL,NULL,NULL),(354,'Organization',NULL,1,0,0,1,0,NULL,NULL,'Project Open Hand  ','Project Open Hand  ',NULL,NULL,NULL,NULL,'4','Both','22493331',NULL,NULL,NULL,NULL,NULL,NULL,NULL,NULL,NULL,NULL,NULL,NULL,0,NULL,NULL,NULL,NULL,'Project Open Hand  ',NULL,NULL,NULL),(355,'Individual',NULL,0,0,0,0,0,NULL,NULL,'Jones, John','Ms John L Jones Jr',NULL,NULL,NULL,NULL,'1','Both','-1358568744',NULL,NULL,'John','L','Jones',2,1,2,NULL,NULL,1,'1999-12-31',0,NULL,NULL,NULL,NULL,NULL,NULL,NULL,NULL),(356,'Individual',NULL,0,0,0,0,0,NULL,NULL,'Grant, Sam','Dr Sam J Grant Sr',NULL,NULL,NULL,NULL,'5','Both','-1814102681',NULL,NULL,'Sam','J','Grant',4,2,1,NULL,NULL,1,'1995-06-11',1,NULL,NULL,NULL,NULL,NULL,NULL,NULL,NULL),(357,'Individual',NULL,1,1,0,1,0,NULL,NULL,'Parker, Justin','Ms Justin R Parker Sr',NULL,NULL,NULL,NULL,'2','Both','-1122451314',NULL,NULL,'Justin','R','Parker',2,2,2,NULL,NULL,1,'2003-04-22',0,NULL,NULL,NULL,NULL,NULL,NULL,NULL,NULL),(358,'Individual',NULL,0,0,0,0,0,NULL,NULL,'chowski, Bernard','Dr Bernard N chowski Jr',NULL,NULL,NULL,NULL,'5','Both','-1143157738',NULL,NULL,'Bernard','N','chowski',4,1,2,NULL,NULL,1,'2002-09-04',0,NULL,NULL,NULL,NULL,NULL,NULL,NULL,NULL),(359,'Individual',NULL,0,1,0,0,0,NULL,NULL,'Smith, Jennifer','Mr Jennifer Z Smith Sr',NULL,NULL,NULL,NULL,'5','Both','963089643',NULL,NULL,'Jennifer','Z','Smith',3,2,3,NULL,NULL,1,'1996-10-01',0,NULL,NULL,NULL,NULL,NULL,NULL,NULL,NULL),(360,'Household',NULL,0,1,0,1,0,NULL,NULL,'Amar Grant\'s home','Amar Grant\'s home','Grant\'s home',NULL,NULL,NULL,'3','Both','376088872',NULL,NULL,NULL,NULL,NULL,NULL,NULL,NULL,NULL,NULL,NULL,NULL,0,NULL,NULL,'Amar Grant\'s home',338,NULL,NULL,NULL,NULL),(361,'Individual',NULL,0,1,0,0,0,NULL,NULL,'Samuels, Chris','Mrs Chris G Samuels Sr',NULL,NULL,NULL,NULL,'4','Both','189582087',NULL,NULL,'Chris','G','Samuels',1,2,3,NULL,NULL,2,'1977-08-18',1,NULL,NULL,NULL,NULL,NULL,NULL,NULL,NULL),(362,'Individual',NULL,1,0,0,1,0,NULL,NULL,'Parker, Jennifer','Mrs Jennifer T Parker Sr',NULL,NULL,NULL,NULL,'3','Both','636028016',NULL,NULL,'Jennifer','T','Parker',1,2,1,NULL,NULL,2,'1997-09-17',0,NULL,NULL,NULL,NULL,NULL,NULL,NULL,NULL),(363,'Individual',NULL,0,1,0,0,0,NULL,NULL,'chowski, Fraddie','Mrs Fraddie N chowski Jr',NULL,NULL,NULL,NULL,'3','Both','-1052250377',NULL,NULL,'Fraddie','N','chowski',1,1,2,NULL,NULL,1,'1975-10-21',1,NULL,NULL,NULL,NULL,NULL,NULL,NULL,NULL),(364,'Individual',NULL,1,1,0,1,0,NULL,NULL,'Patel, Jane','Mr Jane P Patel Jr',NULL,NULL,NULL,NULL,'1','Both','-1627702808',NULL,NULL,'Jane','P','Patel',3,1,1,NULL,NULL,2,'1999-09-03',0,NULL,NULL,NULL,NULL,NULL,NULL,NULL,NULL),(365,'Individual',NULL,0,0,0,1,0,NULL,NULL,'Parker, Michelle','Dr Michelle U Parker Jr',NULL,NULL,NULL,NULL,'3','Both','-838695549',NULL,NULL,'Michelle','U','Parker',4,1,2,NULL,NULL,1,'1980-05-01',0,NULL,NULL,NULL,NULL,NULL,NULL,NULL,NULL),(366,'Individual',NULL,1,1,0,0,0,NULL,NULL,'Reynolds, Bernard','Dr Bernard D Reynolds Sr',NULL,NULL,NULL,NULL,'4','Both','-1976899026',NULL,NULL,'Bernard','D','Reynolds',4,2,2,NULL,NULL,2,'1983-03-05',1,NULL,NULL,NULL,NULL,NULL,NULL,NULL,NULL),(367,'Individual',NULL,0,1,0,1,0,NULL,NULL,'Smith, Fraddie','Ms Fraddie J Smith Sr',NULL,NULL,NULL,NULL,'2','Both','-795608631',NULL,NULL,'Fraddie','J','Smith',2,2,2,NULL,NULL,1,'2008-10-02',1,NULL,NULL,NULL,NULL,NULL,NULL,NULL,NULL),(368,'Individual',NULL,1,0,0,1,0,NULL,NULL,'Reynolds, Walter','Ms Walter I Reynolds Sr',NULL,NULL,NULL,NULL,'5','Both','600392895',NULL,NULL,'Walter','I','Reynolds',2,2,3,NULL,NULL,2,'1989-09-18',1,NULL,NULL,NULL,NULL,NULL,NULL,NULL,NULL),(369,'Individual',NULL,0,0,0,0,0,NULL,NULL,'Parker, Alan','Mr Alan X Parker Jr',NULL,NULL,NULL,NULL,'4','Both','480510326',NULL,NULL,'Alan','X','Parker',3,1,3,NULL,NULL,1,'2000-07-01',0,NULL,NULL,NULL,NULL,NULL,NULL,NULL,NULL),(370,'Individual',NULL,0,0,0,0,0,NULL,NULL,'Parker, Fraddie','Mrs Fraddie R Parker Sr',NULL,NULL,NULL,NULL,'2','Both','845283480',NULL,NULL,'Fraddie','R','Parker',1,2,1,NULL,NULL,2,'1983-07-02',1,NULL,NULL,NULL,NULL,NULL,NULL,NULL,NULL),(371,'Organization',NULL,1,1,0,0,0,NULL,NULL,'Compasspoint  ','Compasspoint  ',NULL,NULL,NULL,NULL,'1','Both','-1531408',NULL,NULL,NULL,NULL,NULL,NULL,NULL,NULL,NULL,NULL,NULL,NULL,0,NULL,NULL,NULL,NULL,'Compasspoint  ',NULL,NULL,NULL),(372,'Individual',NULL,1,1,0,1,0,NULL,NULL,'Parker, Greg','Mrs Greg E Parker Jr',NULL,NULL,NULL,NULL,'3','Both','851946864',NULL,NULL,'Greg','E','Parker',1,1,1,NULL,NULL,1,'1972-03-16',0,NULL,NULL,NULL,NULL,NULL,NULL,NULL,NULL),(373,'Individual',NULL,1,1,0,1,0,NULL,NULL,'Yadav, Franklin','Dr Franklin Y Yadav Sr',NULL,NULL,NULL,NULL,'3','Both','1075852875',NULL,NULL,'Franklin','Y','Yadav',4,2,1,NULL,NULL,1,'1994-07-19',1,NULL,NULL,NULL,NULL,NULL,NULL,NULL,NULL),(374,'Individual',NULL,1,0,0,1,0,NULL,NULL,'Patel, Sheila','Mr Sheila O Patel Jr',NULL,NULL,NULL,NULL,'4','Both','-1940633654',NULL,NULL,'Sheila','O','Patel',3,1,1,NULL,NULL,1,'2003-10-15',0,NULL,NULL,NULL,NULL,NULL,NULL,NULL,NULL),(375,'Individual',NULL,0,0,0,1,0,NULL,NULL,'Zope, Raymond','Dr Raymond E Zope Jr',NULL,NULL,NULL,NULL,'2','Both','-1971417858',NULL,NULL,'Raymond','E','Zope',4,1,3,NULL,NULL,2,'1985-05-29',0,NULL,NULL,NULL,NULL,NULL,NULL,NULL,NULL),(376,'Individual',NULL,1,0,0,0,0,NULL,NULL,'Zope, Fraddie','Ms Fraddie L Zope Sr',NULL,NULL,NULL,NULL,'4','Both','-2061066641',NULL,NULL,'Fraddie','L','Zope',2,2,2,NULL,NULL,2,'1979-03-03',0,NULL,NULL,NULL,NULL,NULL,NULL,NULL,NULL),(377,'Individual',NULL,1,0,0,1,0,NULL,NULL,'Zope, Greg','Mr Greg D Zope Jr',NULL,NULL,NULL,NULL,'5','Both','-1862426694',NULL,NULL,'Greg','D','Zope',3,1,2,NULL,NULL,2,'1990-11-25',1,NULL,NULL,NULL,NULL,NULL,NULL,NULL,NULL),(378,'Individual',NULL,0,0,0,1,0,NULL,NULL,'Patel, Jason','Dr Jason V Patel Jr',NULL,NULL,NULL,NULL,'5','Both','945220104',NULL,NULL,'Jason','V','Patel',4,1,1,NULL,NULL,1,'1980-05-14',1,NULL,NULL,NULL,NULL,NULL,NULL,NULL,NULL),(379,'Individual',NULL,0,1,0,0,0,NULL,NULL,'Yadav, Bernard','Dr Bernard M Yadav Jr',NULL,NULL,NULL,NULL,'4','Both','-1695784844',NULL,NULL,'Bernard','M','Yadav',4,1,2,NULL,NULL,1,'1987-02-23',0,NULL,NULL,NULL,NULL,NULL,NULL,NULL,NULL),(380,'Individual',NULL,1,1,0,1,0,NULL,NULL,'Roberts, Alice','Ms Alice T Roberts Jr',NULL,NULL,NULL,NULL,'1','Both','-1991781634',NULL,NULL,'Alice','T','Roberts',2,1,1,NULL,NULL,2,'1984-07-22',0,NULL,NULL,NULL,NULL,NULL,NULL,NULL,NULL),(381,'Individual',NULL,0,0,0,0,0,NULL,NULL,'Yadav, Bill','Ms Bill Q Yadav Sr',NULL,NULL,NULL,NULL,'4','Both','-1897977065',NULL,NULL,'Bill','Q','Yadav',2,2,1,NULL,NULL,2,'2007-08-15',1,NULL,NULL,NULL,NULL,NULL,NULL,NULL,NULL),(382,'Organization',NULL,1,0,0,1,0,NULL,NULL,'Working Assets  ','Working Assets  ',NULL,NULL,NULL,NULL,'3','Both','-740887779',NULL,NULL,NULL,NULL,NULL,NULL,NULL,NULL,NULL,NULL,NULL,NULL,0,NULL,NULL,NULL,NULL,'Working Assets  ',NULL,NULL,NULL),(383,'Individual',NULL,0,0,0,0,0,NULL,NULL,'Smith, Michelle','Mrs Michelle Z Smith Jr',NULL,NULL,NULL,NULL,'5','Both','-762571496',NULL,NULL,'Michelle','Z','Smith',1,1,1,NULL,NULL,1,'1991-11-27',1,NULL,NULL,NULL,NULL,NULL,NULL,NULL,NULL),(384,'Individual',NULL,0,1,0,0,0,NULL,NULL,'Jameson, Dan','Mrs Dan A Jameson Jr',NULL,NULL,NULL,NULL,'1','Both','1788150246',NULL,NULL,'Dan','A','Jameson',1,1,1,NULL,NULL,1,'2005-05-12',0,NULL,NULL,NULL,NULL,NULL,NULL,NULL,NULL),(385,'Household',NULL,1,1,0,0,0,NULL,NULL,'Richard Jones\'s home','Richard Jones\'s home','Jones\'s home',NULL,NULL,NULL,'4','Both','-701755620',NULL,NULL,NULL,NULL,NULL,NULL,NULL,NULL,NULL,NULL,NULL,NULL,0,NULL,NULL,'Richard Jones\'s home',55,NULL,NULL,NULL,NULL),(386,'Individual',NULL,0,0,0,1,0,NULL,NULL,'Yadav, Franklin','Ms Franklin A Yadav Sr',NULL,NULL,NULL,NULL,'3','Both','1075852875',NULL,NULL,'Franklin','A','Yadav',2,2,1,NULL,NULL,2,'2002-02-01',0,NULL,NULL,NULL,NULL,NULL,NULL,NULL,NULL),(387,'Household',NULL,0,1,0,1,0,NULL,NULL,'Richard Jones\'s home','Richard Jones\'s home','Jones\'s home',NULL,NULL,NULL,'3','Both','-701755620',NULL,NULL,NULL,NULL,NULL,NULL,NULL,NULL,NULL,NULL,NULL,NULL,0,NULL,NULL,'Richard Jones\'s home',475,NULL,NULL,NULL,NULL),(388,'Individual',NULL,1,1,0,0,0,NULL,NULL,'Adams, Milan','Mr Milan S Adams Sr',NULL,NULL,NULL,NULL,'4','Both','-15396394',NULL,NULL,'Milan','S','Adams',3,2,1,NULL,NULL,2,'1979-05-26',1,NULL,NULL,NULL,NULL,NULL,NULL,NULL,NULL),(389,'Individual',NULL,0,0,0,0,0,NULL,NULL,'Zope, Rebecca','Mr Rebecca X Zope Sr',NULL,NULL,NULL,NULL,'5','Both','263533362',NULL,NULL,'Rebecca','X','Zope',3,2,2,NULL,NULL,2,'1977-11-15',1,NULL,NULL,NULL,NULL,NULL,NULL,NULL,NULL),(390,'Individual',NULL,1,1,0,0,0,NULL,NULL,'Jones, Greg','Mr Greg M Jones Sr',NULL,NULL,NULL,NULL,'2','Both','-2048668465',NULL,NULL,'Greg','M','Jones',3,2,1,NULL,NULL,2,'1989-02-07',0,NULL,NULL,NULL,NULL,NULL,NULL,NULL,NULL),(391,'Individual',NULL,1,1,0,0,0,NULL,NULL,'Roberts, Tony','Ms Tony D Roberts Jr',NULL,NULL,NULL,NULL,'4','Both','1278285971',NULL,NULL,'Tony','D','Roberts',2,1,1,NULL,NULL,1,'1979-08-28',0,NULL,NULL,NULL,NULL,NULL,NULL,NULL,NULL),(392,'Household',NULL,1,0,0,1,0,NULL,NULL,'Alan chowski\'s home','Alan chowski\'s home','chowski\'s home',NULL,NULL,NULL,'2','Both','-2103111066',NULL,NULL,NULL,NULL,NULL,NULL,NULL,NULL,NULL,NULL,NULL,NULL,0,NULL,NULL,'Alan chowski\'s home',19,NULL,NULL,NULL,NULL),(393,'Organization',NULL,1,0,0,0,0,NULL,NULL,'Conservation Corp  ','Conservation Corp  ',NULL,NULL,NULL,NULL,'4','Both','1902067651',NULL,NULL,NULL,NULL,NULL,NULL,NULL,NULL,NULL,NULL,NULL,NULL,0,NULL,NULL,NULL,NULL,'Conservation Corp  ',NULL,NULL,NULL),(394,'Individual',NULL,0,0,0,1,0,NULL,NULL,'Grant, Bruce','Ms Bruce Q Grant Sr',NULL,NULL,NULL,NULL,'5','Both','-696718376',NULL,NULL,'Bruce','Q','Grant',2,2,3,NULL,NULL,2,'1978-03-15',0,NULL,NULL,NULL,NULL,NULL,NULL,NULL,NULL),(395,'Individual',NULL,1,0,0,0,0,NULL,NULL,'Adams, Michael','Mr Michael I Adams Jr',NULL,NULL,NULL,NULL,'1','Both','1417773686',NULL,NULL,'Michael','I','Adams',3,1,1,NULL,NULL,1,'1981-03-09',1,NULL,NULL,NULL,NULL,NULL,NULL,NULL,NULL),(396,'Individual',NULL,1,1,0,0,0,NULL,NULL,'Parker, Milan','Ms Milan R Parker Sr',NULL,NULL,NULL,NULL,'2','Both','-1138998923',NULL,NULL,'Milan','R','Parker',2,2,1,NULL,NULL,2,'1996-07-03',1,NULL,NULL,NULL,NULL,NULL,NULL,NULL,NULL),(397,'Individual',NULL,1,1,0,1,0,NULL,NULL,'Jones, Amar','Dr Amar M Jones Sr',NULL,NULL,NULL,NULL,'5','Both','-1102883151',NULL,NULL,'Amar','M','Jones',4,2,2,NULL,NULL,2,'1986-08-13',1,NULL,NULL,NULL,NULL,NULL,NULL,NULL,NULL),(398,'Household',NULL,0,0,0,0,0,NULL,NULL,'Bill Grant\'s home','Bill Grant\'s home','Grant\'s home',NULL,NULL,NULL,'2','Both','-1058626101',NULL,NULL,NULL,NULL,NULL,NULL,NULL,NULL,NULL,NULL,NULL,NULL,0,NULL,NULL,'Bill Grant\'s home',34,NULL,NULL,NULL,NULL),(399,'Individual',NULL,1,0,0,0,0,NULL,NULL,'Zope, Justin','Mrs Justin T Zope Jr',NULL,NULL,NULL,NULL,'4','Both','1155140848',NULL,NULL,'Justin','T','Zope',1,1,1,NULL,NULL,1,'1976-01-17',0,NULL,NULL,NULL,NULL,NULL,NULL,NULL,NULL),(400,'Individual',NULL,0,1,0,1,0,NULL,NULL,'Smith, James','Dr James M Smith Jr',NULL,NULL,NULL,NULL,'4','Both','656601734',NULL,NULL,'James','M','Smith',4,1,3,NULL,NULL,2,'1982-07-10',0,NULL,NULL,NULL,NULL,NULL,NULL,NULL,NULL),(401,'Organization',NULL,0,0,0,1,0,NULL,NULL,'Conservation Corp  ','Conservation Corp  ',NULL,NULL,NULL,NULL,'2','Both','1902067651',NULL,NULL,NULL,NULL,NULL,NULL,NULL,NULL,NULL,NULL,NULL,NULL,0,NULL,NULL,NULL,NULL,'Conservation Corp  ',NULL,NULL,NULL),(402,'Individual',NULL,0,0,0,1,0,NULL,NULL,'Samuels, James','Mrs James Y Samuels Jr',NULL,NULL,NULL,NULL,'5','Both','-1063563843',NULL,NULL,'James','Y','Samuels',1,1,3,NULL,NULL,2,'1992-12-04',0,NULL,NULL,NULL,NULL,NULL,NULL,NULL,NULL),(403,'Individual',NULL,1,0,0,1,0,NULL,NULL,'Grant, Franklin','Dr Franklin Q Grant Sr',NULL,NULL,NULL,NULL,'4','Both','-1003143835',NULL,NULL,'Franklin','Q','Grant',4,2,3,NULL,NULL,1,'1984-03-30',0,NULL,NULL,NULL,NULL,NULL,NULL,NULL,NULL),(404,'Individual',NULL,1,1,0,1,0,NULL,NULL,'Samuels, Chetan','Ms Chetan X Samuels Sr',NULL,NULL,NULL,NULL,'4','Both','1201886572',NULL,NULL,'Chetan','X','Samuels',2,2,3,NULL,NULL,1,'1990-06-16',0,NULL,NULL,NULL,NULL,NULL,NULL,NULL,NULL),(405,'Individual',NULL,1,1,0,0,0,NULL,NULL,'chowski, Sheila','Mr Sheila U chowski Sr',NULL,NULL,NULL,NULL,'4','Both','292173384',NULL,NULL,'Sheila','U','chowski',3,2,3,NULL,NULL,2,'1995-05-27',0,NULL,NULL,NULL,NULL,NULL,NULL,NULL,NULL),(406,'Individual',NULL,0,0,0,0,0,NULL,NULL,'Yadav, Purvi','Ms Purvi E Yadav Sr',NULL,NULL,NULL,NULL,'2','Both','-1018481415',NULL,NULL,'Purvi','E','Yadav',2,2,2,NULL,NULL,1,'2001-03-24',0,NULL,NULL,NULL,NULL,NULL,NULL,NULL,NULL),(407,'Individual',NULL,1,0,0,1,0,NULL,NULL,'Jones, Amar','Mr Amar F Jones Jr',NULL,NULL,NULL,NULL,'4','Both','-1102883151',NULL,NULL,'Amar','F','Jones',3,1,2,NULL,NULL,2,'2000-09-04',1,NULL,NULL,NULL,NULL,NULL,NULL,NULL,NULL),(408,'Household',NULL,1,1,0,0,0,NULL,NULL,'Anne Smith\'s home','Anne Smith\'s home','Smith\'s home',NULL,NULL,NULL,'4','Both','1533542938',NULL,NULL,NULL,NULL,NULL,NULL,NULL,NULL,NULL,NULL,NULL,NULL,0,NULL,NULL,'Anne Smith\'s home',107,NULL,NULL,NULL,NULL),(409,'Household',NULL,1,1,0,0,0,NULL,NULL,'Bruce chowski\'s home','Bruce chowski\'s home','chowski\'s home',NULL,NULL,NULL,'2','Both','142339029',NULL,NULL,NULL,NULL,NULL,NULL,NULL,NULL,NULL,NULL,NULL,NULL,0,NULL,NULL,'Bruce chowski\'s home',159,NULL,NULL,NULL,NULL),(410,'Individual',NULL,1,0,0,1,0,NULL,NULL,'Smith, Bruce','Mr Bruce G Smith Sr',NULL,NULL,NULL,NULL,'5','Both','-448421591',NULL,NULL,'Bruce','G','Smith',3,2,1,NULL,NULL,1,'1991-04-23',1,NULL,NULL,NULL,NULL,NULL,NULL,NULL,NULL),(411,'Individual',NULL,0,1,0,1,0,NULL,NULL,'Adams, Chetan','Dr Chetan Q Adams Jr',NULL,NULL,NULL,NULL,'2','Both','-263144644',NULL,NULL,'Chetan','Q','Adams',4,1,3,NULL,NULL,2,'1995-05-03',1,NULL,NULL,NULL,NULL,NULL,NULL,NULL,NULL),(412,'Individual',NULL,0,1,0,0,0,NULL,NULL,'Roberts, Henry','Ms Henry L Roberts Sr',NULL,NULL,NULL,NULL,'4','Both','-1144482081',NULL,NULL,'Henry','L','Roberts',2,2,2,NULL,NULL,1,'1992-08-30',1,NULL,NULL,NULL,NULL,NULL,NULL,NULL,NULL),(413,'Individual',NULL,0,1,0,0,0,NULL,NULL,'Parker, Pat','Dr Pat M Parker Jr',NULL,NULL,NULL,NULL,'2','Both','43857912',NULL,NULL,'Pat','M','Parker',4,1,1,NULL,NULL,1,'1991-08-01',1,NULL,NULL,NULL,NULL,NULL,NULL,NULL,NULL),(414,'Individual',NULL,0,0,0,0,0,NULL,NULL,'Grant, Jason','Ms Jason W Grant Sr',NULL,NULL,NULL,NULL,'2','Both','-1689341346',NULL,NULL,'Jason','W','Grant',2,2,1,NULL,NULL,1,'1984-01-03',1,NULL,NULL,NULL,NULL,NULL,NULL,NULL,NULL),(415,'Individual',NULL,0,1,0,1,0,NULL,NULL,'Adams, Franklin','Ms Franklin V Adams Jr',NULL,NULL,NULL,NULL,'3','Both','639260990',NULL,NULL,'Franklin','V','Adams',2,1,1,NULL,NULL,2,'2006-11-30',1,NULL,NULL,NULL,NULL,NULL,NULL,NULL,NULL),(416,'Household',NULL,1,1,0,0,0,NULL,NULL,'Milan Parker\'s home','Milan Parker\'s home','Parker\'s home',NULL,NULL,NULL,'2','Both','2002040530',NULL,NULL,NULL,NULL,NULL,NULL,NULL,NULL,NULL,NULL,NULL,NULL,0,NULL,NULL,'Milan Parker\'s home',396,NULL,NULL,NULL,NULL),(417,'Individual',NULL,1,0,0,0,0,NULL,NULL,'Reynolds, Bill','Ms Bill M Reynolds Sr',NULL,NULL,NULL,NULL,'3','Both','-433990701',NULL,NULL,'Bill','M','Reynolds',2,2,1,NULL,NULL,1,'2005-09-14',0,NULL,NULL,NULL,NULL,NULL,NULL,NULL,NULL),(418,'Individual',NULL,1,0,0,1,0,NULL,NULL,'Jameson, Purvi','Mr Purvi K Jameson Jr',NULL,NULL,NULL,NULL,'1','Both','752267396',NULL,NULL,'Purvi','K','Jameson',3,1,2,NULL,NULL,2,'1987-04-06',0,NULL,NULL,NULL,NULL,NULL,NULL,NULL,NULL),(419,'Individual',NULL,0,1,0,1,0,NULL,NULL,'Grant, Justin','Dr Justin X Grant Jr',NULL,NULL,NULL,NULL,'5','Both','1041398407',NULL,NULL,'Justin','X','Grant',4,1,1,NULL,NULL,2,'2008-11-25',1,NULL,NULL,NULL,NULL,NULL,NULL,NULL,NULL),(420,'Individual',NULL,0,0,0,0,0,NULL,NULL,'Roberts, Charles','Mr Charles N Roberts Sr',NULL,NULL,NULL,NULL,'2','Both','-1447606116',NULL,NULL,'Charles','N','Roberts',3,2,2,NULL,NULL,2,'2007-10-26',1,NULL,NULL,NULL,NULL,NULL,NULL,NULL,NULL),(421,'Individual',NULL,1,0,0,0,0,NULL,NULL,'Smith, Jennifer','Mrs Jennifer F Smith Jr',NULL,NULL,NULL,NULL,'5','Both','963089643',NULL,NULL,'Jennifer','F','Smith',1,1,1,NULL,NULL,1,'1992-09-19',1,NULL,NULL,NULL,NULL,NULL,NULL,NULL,NULL),(422,'Individual',NULL,0,0,0,1,0,NULL,NULL,'Smith, Melinda','Mrs Melinda S Smith Sr',NULL,NULL,NULL,NULL,'5','Both','2045361406',NULL,NULL,'Melinda','S','Smith',1,2,1,NULL,NULL,1,'1993-03-09',1,NULL,NULL,NULL,NULL,NULL,NULL,NULL,NULL),(423,'Individual',NULL,1,1,0,1,0,NULL,NULL,'Grant, Jennifer','Mrs Jennifer I Grant Jr',NULL,NULL,NULL,NULL,'3','Both','-543201631',NULL,NULL,'Jennifer','I','Grant',1,1,2,NULL,NULL,1,'1988-12-19',0,NULL,NULL,NULL,NULL,NULL,NULL,NULL,NULL),(424,'Individual',NULL,0,0,0,0,0,NULL,NULL,'Smith, Walter','Dr Walter Z Smith Sr',NULL,NULL,NULL,NULL,'3','Both','1853747658',NULL,NULL,'Walter','Z','Smith',4,2,3,NULL,NULL,2,'1975-05-16',0,NULL,NULL,NULL,NULL,NULL,NULL,NULL,NULL),(425,'Individual',NULL,1,0,0,0,0,NULL,NULL,'Grant, Donald','Mrs Donald K Grant Sr',NULL,NULL,NULL,NULL,'1','Both','192178006',NULL,NULL,'Donald','K','Grant',1,2,1,NULL,NULL,1,'1999-06-27',1,NULL,NULL,NULL,NULL,NULL,NULL,NULL,NULL),(426,'Organization',NULL,1,1,0,1,0,NULL,NULL,'Eastmont Computing Center  ','Eastmont Computing Center  ',NULL,NULL,NULL,NULL,'3','Both','-765911069',NULL,NULL,NULL,NULL,NULL,NULL,NULL,NULL,NULL,NULL,NULL,NULL,0,NULL,NULL,NULL,NULL,'Eastmont Computing Center  ',NULL,NULL,NULL),(427,'Individual',NULL,1,1,0,1,0,NULL,NULL,'Patel, Charles','Dr Charles J Patel Jr',NULL,NULL,NULL,NULL,'2','Both','286891894',NULL,NULL,'Charles','J','Patel',4,1,2,NULL,NULL,2,'1989-11-08',0,NULL,NULL,NULL,NULL,NULL,NULL,NULL,NULL),(428,'Individual',NULL,0,0,0,1,0,NULL,NULL,'Jameson, Sandy','Mr Sandy Q Jameson Jr',NULL,NULL,NULL,NULL,'2','Both','-999149505',NULL,NULL,'Sandy','Q','Jameson',3,1,3,NULL,NULL,1,'1974-06-13',0,NULL,NULL,NULL,NULL,NULL,NULL,NULL,NULL),(429,'Individual',NULL,0,1,0,1,0,NULL,NULL,'Yadav, Purvi','Dr Purvi J Yadav Jr',NULL,NULL,NULL,NULL,'5','Both','-1018481415',NULL,NULL,'Purvi','J','Yadav',4,1,2,NULL,NULL,2,'1990-07-09',0,NULL,NULL,NULL,NULL,NULL,NULL,NULL,NULL),(430,'Individual',NULL,1,0,0,1,0,NULL,NULL,'Roberts, Peter','Dr Peter E Roberts Jr',NULL,NULL,NULL,NULL,'4','Both','1756901668',NULL,NULL,'Peter','E','Roberts',4,1,2,NULL,NULL,2,'1979-02-15',0,NULL,NULL,NULL,NULL,NULL,NULL,NULL,NULL),(431,'Individual',NULL,0,0,0,0,0,NULL,NULL,'Zope, Amar','Mr Amar R Zope Jr',NULL,NULL,NULL,NULL,'2','Both','-1419967036',NULL,NULL,'Amar','R','Zope',3,1,2,NULL,NULL,2,'1985-02-26',1,NULL,NULL,NULL,NULL,NULL,NULL,NULL,NULL),(432,'Household',NULL,1,0,0,1,0,NULL,NULL,'Kenneth Jones\'s home','Kenneth Jones\'s home','Jones\'s home',NULL,NULL,NULL,'4','Both','-1505875951',NULL,NULL,NULL,NULL,NULL,NULL,NULL,NULL,NULL,NULL,NULL,NULL,0,NULL,NULL,'Kenneth Jones\'s home',199,NULL,NULL,NULL,NULL),(433,'Organization',NULL,1,1,0,0,0,NULL,NULL,'Inner City  ','Inner City  ',NULL,NULL,NULL,NULL,'1','Both','550937833',NULL,NULL,NULL,NULL,NULL,NULL,NULL,NULL,NULL,NULL,NULL,NULL,0,NULL,NULL,NULL,NULL,'Inner City  ',NULL,NULL,NULL),(434,'Individual',NULL,1,0,0,1,0,NULL,NULL,'Adams, Bernard','Dr Bernard S Adams Jr',NULL,NULL,NULL,NULL,'3','Both','-1497833554',NULL,NULL,'Bernard','S','Adams',4,1,3,NULL,NULL,1,'1976-04-26',0,NULL,NULL,NULL,NULL,NULL,NULL,NULL,NULL),(435,'Individual',NULL,0,0,0,0,0,NULL,NULL,'Smith, Jake','Dr Jake B Smith Jr',NULL,NULL,NULL,NULL,'1','Both','2038692770',NULL,NULL,'Jake','B','Smith',4,1,1,NULL,NULL,2,'1975-04-07',0,NULL,NULL,NULL,NULL,NULL,NULL,NULL,NULL),(436,'Individual',NULL,0,0,0,1,0,NULL,NULL,'Roberts, Purvi','Dr Purvi D Roberts Sr',NULL,NULL,NULL,NULL,'4','Both','-676949385',NULL,NULL,'Purvi','D','Roberts',4,2,2,NULL,NULL,1,'1978-06-28',1,NULL,NULL,NULL,NULL,NULL,NULL,NULL,NULL),(437,'Individual',NULL,0,0,0,0,0,NULL,NULL,'Patel, Bruce','Ms Bruce I Patel Sr',NULL,NULL,NULL,NULL,'2','Both','1969271694',NULL,NULL,'Bruce','I','Patel',2,2,2,NULL,NULL,1,'1974-02-25',0,NULL,NULL,NULL,NULL,NULL,NULL,NULL,NULL),(438,'Household',NULL,0,1,0,1,0,NULL,NULL,'Jennifer Grant\'s home','Jennifer Grant\'s home','Grant\'s home',NULL,NULL,NULL,'5','Both','-1227121361',NULL,NULL,NULL,NULL,NULL,NULL,NULL,NULL,NULL,NULL,NULL,NULL,0,NULL,NULL,'Jennifer Grant\'s home',423,NULL,NULL,NULL,NULL),(439,'Individual',NULL,1,1,0,1,0,NULL,NULL,'Smith, James','Dr James I Smith Sr',NULL,NULL,NULL,NULL,'2','Both','656601734',NULL,NULL,'James','I','Smith',4,2,1,NULL,NULL,1,'1998-11-03',1,NULL,NULL,NULL,NULL,NULL,NULL,NULL,NULL),(440,'Individual',NULL,0,1,0,1,0,NULL,NULL,'Adams, Anne','Dr Anne J Adams Sr',NULL,NULL,NULL,NULL,'3','Both','1876154679',NULL,NULL,'Anne','J','Adams',4,2,1,NULL,NULL,1,'1984-05-15',1,NULL,NULL,NULL,NULL,NULL,NULL,NULL,NULL),(441,'Individual',NULL,1,0,0,0,0,NULL,NULL,'Jameson, Donald','Ms Donald L Jameson Jr',NULL,NULL,NULL,NULL,'5','Both','-1092436612',NULL,NULL,'Donald','L','Jameson',2,1,3,NULL,NULL,2,'2003-05-29',0,NULL,NULL,NULL,NULL,NULL,NULL,NULL,NULL),(442,'Individual',NULL,1,1,0,1,0,NULL,NULL,'Roberts, Jake','Ms Jake O Roberts Jr',NULL,NULL,NULL,NULL,'4','Both','-1625309889',NULL,NULL,'Jake','O','Roberts',2,1,1,NULL,NULL,2,'2007-04-22',0,NULL,NULL,NULL,NULL,NULL,NULL,NULL,NULL),(443,'Individual',NULL,1,1,0,0,0,NULL,NULL,'Parker, Greg','Mr Greg M Parker Jr',NULL,NULL,NULL,NULL,'4','Both','851946864',NULL,NULL,'Greg','M','Parker',3,1,3,NULL,NULL,1,'1972-07-22',1,NULL,NULL,NULL,NULL,NULL,NULL,NULL,NULL),(444,'Household',NULL,0,0,0,0,0,NULL,NULL,'Paula chowski\'s home','Paula chowski\'s home','chowski\'s home',NULL,NULL,NULL,'4','Both','-616266783',NULL,NULL,NULL,NULL,NULL,NULL,NULL,NULL,NULL,NULL,NULL,NULL,0,NULL,NULL,'Paula chowski\'s home',339,NULL,NULL,NULL,NULL),(445,'Individual',NULL,1,1,0,1,0,NULL,NULL,'Samuels, Dan','Mr Dan S Samuels Sr',NULL,NULL,NULL,NULL,'5','Both','1670424462',NULL,NULL,'Dan','S','Samuels',3,2,3,NULL,NULL,2,'1991-07-13',0,NULL,NULL,NULL,NULL,NULL,NULL,NULL,NULL),(446,'Individual',NULL,0,0,0,0,0,NULL,NULL,'Samuels, Rebecca','Mr Rebecca W Samuels Jr',NULL,NULL,NULL,NULL,'5','Both','1030550024',NULL,NULL,'Rebecca','W','Samuels',3,1,1,NULL,NULL,2,'1997-09-24',1,NULL,NULL,NULL,NULL,NULL,NULL,NULL,NULL),(447,'Individual',NULL,0,0,0,1,0,NULL,NULL,'Roberts, Jason','Dr Jason C Roberts Sr',NULL,NULL,NULL,NULL,'3','Both','640387856',NULL,NULL,'Jason','C','Roberts',4,2,2,NULL,NULL,1,'1970-12-17',1,NULL,NULL,NULL,NULL,NULL,NULL,NULL,NULL),(448,'Household',NULL,1,0,0,1,0,NULL,NULL,'Amar Zope\'s home','Amar Zope\'s home','Zope\'s home',NULL,NULL,NULL,'5','Both','-981707685',NULL,NULL,NULL,NULL,NULL,NULL,NULL,NULL,NULL,NULL,NULL,NULL,0,NULL,NULL,'Amar Zope\'s home',431,NULL,NULL,NULL,NULL),(449,'Individual',NULL,0,1,0,0,0,NULL,NULL,'Jones, Rebecca','Mrs Rebecca H Jones Sr',NULL,NULL,NULL,NULL,'1','Both','907455080',NULL,NULL,'Rebecca','H','Jones',1,2,1,NULL,NULL,1,'2001-11-18',1,NULL,NULL,NULL,NULL,NULL,NULL,NULL,NULL),(450,'Individual',NULL,0,0,0,0,0,NULL,NULL,'Yadav, Walter','Mr Walter D Yadav Sr',NULL,NULL,NULL,NULL,'3','Both','1060717605',NULL,NULL,'Walter','D','Yadav',3,2,1,NULL,NULL,1,'2006-03-11',0,NULL,NULL,NULL,NULL,NULL,NULL,NULL,NULL),(451,'Individual',NULL,1,0,0,0,0,NULL,NULL,'Roberts, Pat','Mrs Pat P Roberts Sr',NULL,NULL,NULL,NULL,'1','Both','864731478',NULL,NULL,'Pat','P','Roberts',1,2,2,NULL,NULL,1,'1995-02-18',0,NULL,NULL,NULL,NULL,NULL,NULL,NULL,NULL),(452,'Individual',NULL,1,0,0,1,0,NULL,NULL,'Grant, Purvi','Mr Purvi H Grant Sr',NULL,NULL,NULL,NULL,'2','Both','1791208249',NULL,NULL,'Purvi','H','Grant',3,2,3,NULL,NULL,1,'1980-10-14',0,NULL,NULL,NULL,NULL,NULL,NULL,NULL,NULL),(453,'Individual',NULL,1,1,0,1,0,NULL,NULL,'Adams, Bernard','Ms Bernard H Adams Sr',NULL,NULL,NULL,NULL,'5','Both','-1497833554',NULL,NULL,'Bernard','H','Adams',2,2,1,NULL,NULL,2,'1979-06-04',1,NULL,NULL,NULL,NULL,NULL,NULL,NULL,NULL),(454,'Organization',NULL,0,0,0,0,0,NULL,NULL,'Conservation Corp  ','Conservation Corp  ',NULL,NULL,NULL,NULL,'5','Both','1902067651',NULL,NULL,NULL,NULL,NULL,NULL,NULL,NULL,NULL,NULL,NULL,NULL,0,NULL,NULL,NULL,NULL,'Conservation Corp  ',NULL,NULL,NULL),(455,'Individual',NULL,0,0,0,1,0,NULL,NULL,'Grant, Alice','Mr Alice U Grant Jr',NULL,NULL,NULL,NULL,'4','Both','874703792',NULL,NULL,'Alice','U','Grant',3,1,2,NULL,NULL,2,'1980-06-16',1,NULL,NULL,NULL,NULL,NULL,NULL,NULL,NULL),(456,'Individual',NULL,0,0,0,1,0,NULL,NULL,'Roberts, Fraddie','Mrs Fraddie D Roberts Sr',NULL,NULL,NULL,NULL,'2','Both','2059593056',NULL,NULL,'Fraddie','D','Roberts',1,2,1,NULL,NULL,2,'1997-06-30',0,NULL,NULL,NULL,NULL,NULL,NULL,NULL,NULL),(457,'Individual',NULL,0,0,0,0,0,NULL,NULL,'Reynolds, Michelle','Ms Michelle G Reynolds Sr',NULL,NULL,NULL,NULL,'1','Both','1003459100',NULL,NULL,'Michelle','G','Reynolds',2,2,2,NULL,NULL,2,'1970-05-13',1,NULL,NULL,NULL,NULL,NULL,NULL,NULL,NULL),(458,'Individual',NULL,1,0,0,0,0,NULL,NULL,'Jones, Bill','Dr Bill I Jones Jr',NULL,NULL,NULL,NULL,'3','Both','-463596883',NULL,NULL,'Bill','I','Jones',4,1,2,NULL,NULL,2,'1998-04-25',0,NULL,NULL,NULL,NULL,NULL,NULL,NULL,NULL),(459,'Individual',NULL,1,1,0,0,0,NULL,NULL,'Parker, Bill','Ms Bill P Parker Sr',NULL,NULL,NULL,NULL,'2','Both','1400533778',NULL,NULL,'Bill','P','Parker',2,2,2,NULL,NULL,1,'1996-06-28',1,NULL,NULL,NULL,NULL,NULL,NULL,NULL,NULL),(460,'Individual',NULL,1,0,0,0,0,NULL,NULL,'chowski, John','Mrs John P chowski Jr',NULL,NULL,NULL,NULL,'3','Both','808634669',NULL,NULL,'John','P','chowski',1,1,2,NULL,NULL,2,'1991-11-12',1,NULL,NULL,NULL,NULL,NULL,NULL,NULL,NULL),(461,'Individual',NULL,1,1,0,1,0,NULL,NULL,'Reynolds, Jennifer','Mrs Jennifer Z Reynolds Jr',NULL,NULL,NULL,NULL,'3','Both','-802941969',NULL,NULL,'Jennifer','Z','Reynolds',1,1,1,NULL,NULL,2,'1982-06-15',1,NULL,NULL,NULL,NULL,NULL,NULL,NULL,NULL),(462,'Individual',NULL,1,1,0,0,0,NULL,NULL,'Smith, Charles','Mr Charles M Smith Sr',NULL,NULL,NULL,NULL,'3','Both','65426485',NULL,NULL,'Charles','M','Smith',3,2,2,NULL,NULL,1,'2000-01-16',1,NULL,NULL,NULL,NULL,NULL,NULL,NULL,NULL),(463,'Individual',NULL,0,0,0,0,0,NULL,NULL,'Zope, Paula','Mrs Paula J Zope Sr',NULL,NULL,NULL,NULL,'4','Both','-1406283754',NULL,NULL,'Paula','J','Zope',1,2,3,NULL,NULL,1,'1978-02-17',0,NULL,NULL,NULL,NULL,NULL,NULL,NULL,NULL),(464,'Individual',NULL,1,1,0,0,0,NULL,NULL,'Smith, Franklin','Dr Franklin P Smith Sr',NULL,NULL,NULL,NULL,'3','Both','583913263',NULL,NULL,'Franklin','P','Smith',4,2,2,NULL,NULL,2,'1974-02-27',0,NULL,NULL,NULL,NULL,NULL,NULL,NULL,NULL),(465,'Individual',NULL,1,0,0,0,0,NULL,NULL,'Reynolds, Bill','Ms Bill O Reynolds Sr',NULL,NULL,NULL,NULL,'2','Both','-433990701',NULL,NULL,'Bill','O','Reynolds',2,2,2,NULL,NULL,1,'1979-10-08',1,NULL,NULL,NULL,NULL,NULL,NULL,NULL,NULL),(466,'Individual',NULL,0,0,0,1,0,NULL,NULL,'Jones, Dan','Ms Dan O Jones Sr',NULL,NULL,NULL,NULL,'1','Both','2112700752',NULL,NULL,'Dan','O','Jones',2,2,1,NULL,NULL,2,'2004-03-07',1,NULL,NULL,NULL,NULL,NULL,NULL,NULL,NULL),(467,'Household',NULL,0,1,0,1,0,NULL,NULL,'Jennifer Reynolds\'s home','Jennifer Reynolds\'s home','Reynolds\'s home',NULL,NULL,NULL,'1','Both','1106972317',NULL,NULL,NULL,NULL,NULL,NULL,NULL,NULL,NULL,NULL,NULL,NULL,0,NULL,NULL,'Jennifer Reynolds\'s home',152,NULL,NULL,NULL,NULL),(468,'Household',NULL,0,1,0,1,0,NULL,NULL,'Franklin Grant\'s home','Franklin Grant\'s home','Grant\'s home',NULL,NULL,NULL,'5','Both','-353360428',NULL,NULL,NULL,NULL,NULL,NULL,NULL,NULL,NULL,NULL,NULL,NULL,0,NULL,NULL,'Franklin Grant\'s home',403,NULL,NULL,NULL,NULL),(469,'Individual',NULL,0,1,0,1,0,NULL,NULL,'Jameson, Michelle','Ms Michelle Q Jameson Sr',NULL,NULL,NULL,NULL,'4','Both','1025090854',NULL,NULL,'Michelle','Q','Jameson',2,2,2,NULL,NULL,1,'1986-09-30',1,NULL,NULL,NULL,NULL,NULL,NULL,NULL,NULL),(470,'Individual',NULL,1,0,0,0,0,NULL,NULL,'Roberts, Alice','Mr Alice S Roberts Jr',NULL,NULL,NULL,NULL,'1','Both','-1991781634',NULL,NULL,'Alice','S','Roberts',3,1,1,NULL,NULL,1,'1993-03-11',0,NULL,NULL,NULL,NULL,NULL,NULL,NULL,NULL),(471,'Organization',NULL,0,1,0,0,0,NULL,NULL,'Project Open Hand  ','Project Open Hand  ',NULL,NULL,NULL,NULL,'2','Both','22493331',NULL,NULL,NULL,NULL,NULL,NULL,NULL,NULL,NULL,NULL,NULL,NULL,0,NULL,NULL,NULL,NULL,'Project Open Hand  ',NULL,NULL,NULL),(472,'Individual',NULL,0,1,0,0,0,NULL,NULL,'Jones, Tony','Mrs Tony C Jones Sr',NULL,NULL,NULL,NULL,'2','Both','-901062603',NULL,NULL,'Tony','C','Jones',1,2,2,NULL,NULL,1,'1986-03-01',0,NULL,NULL,NULL,NULL,NULL,NULL,NULL,NULL),(473,'Household',NULL,1,0,0,0,0,NULL,NULL,'Justin Parker\'s home','Justin Parker\'s home','Parker\'s home',NULL,NULL,NULL,'1','Both','1115120824',NULL,NULL,NULL,NULL,NULL,NULL,NULL,NULL,NULL,NULL,NULL,NULL,0,NULL,NULL,'Justin Parker\'s home',357,NULL,NULL,NULL,NULL),(474,'Organization',NULL,0,0,0,1,0,NULL,NULL,'Intel  ','Intel  ',NULL,NULL,NULL,NULL,'3','Both','-1853032722',NULL,NULL,NULL,NULL,NULL,NULL,NULL,NULL,NULL,NULL,NULL,NULL,0,NULL,NULL,NULL,NULL,'Intel  ',NULL,NULL,NULL),(475,'Individual',NULL,1,0,0,0,0,NULL,NULL,'Jones, Richard','Ms Richard W Jones Jr',NULL,NULL,NULL,NULL,'3','Both','-1360422769',NULL,NULL,'Richard','W','Jones',2,1,2,NULL,NULL,2,'1974-04-13',1,NULL,NULL,NULL,NULL,NULL,NULL,NULL,NULL),(476,'Individual',NULL,0,0,0,0,0,NULL,NULL,'Yadav, Henry','Mr Henry N Yadav Sr',NULL,NULL,NULL,NULL,'5','Both','-1356517295',NULL,NULL,'Henry','N','Yadav',3,2,3,NULL,NULL,1,'1975-01-18',1,NULL,NULL,NULL,NULL,NULL,NULL,NULL,NULL),(477,'Individual',NULL,0,0,0,0,0,NULL,NULL,'Smith, Alan','Mr Alan R Smith Jr',NULL,NULL,NULL,NULL,'4','Both','-882385166',NULL,NULL,'Alan','R','Smith',3,1,3,NULL,NULL,2,'1995-06-18',0,NULL,NULL,NULL,NULL,NULL,NULL,NULL,NULL),(478,'Individual',NULL,0,1,0,0,0,NULL,NULL,'Yadav, Amar','Ms Amar Z Yadav Sr',NULL,NULL,NULL,NULL,'3','Both','-725455093',NULL,NULL,'Amar','Z','Yadav',2,2,1,NULL,NULL,2,'2000-01-11',1,NULL,NULL,NULL,NULL,NULL,NULL,NULL,NULL),(479,'Individual',NULL,1,0,0,1,0,NULL,NULL,'Jameson, Alice','Mr Alice C Jameson Jr',NULL,NULL,NULL,NULL,'3','Both','1916268557',NULL,NULL,'Alice','C','Jameson',3,1,1,NULL,NULL,2,'1990-10-28',1,NULL,NULL,NULL,NULL,NULL,NULL,NULL,NULL),(480,'Individual',NULL,1,1,0,0,0,NULL,NULL,'chowski, Sam','Ms Sam U chowski Jr',NULL,NULL,NULL,NULL,'5','Both','1967322457',NULL,NULL,'Sam','U','chowski',2,1,2,NULL,NULL,2,'1989-07-10',1,NULL,NULL,NULL,NULL,NULL,NULL,NULL,NULL),(481,'Individual',NULL,1,1,0,0,0,NULL,NULL,'Samuels, Walter','Mrs Walter R Samuels Sr',NULL,NULL,NULL,NULL,'1','Both','-544104111',NULL,NULL,'Walter','R','Samuels',1,2,2,NULL,NULL,1,'1996-02-18',1,NULL,NULL,NULL,NULL,NULL,NULL,NULL,NULL),(482,'Individual',NULL,1,0,0,0,0,NULL,NULL,'Patel, Justin','Mr Justin K Patel Jr',NULL,NULL,NULL,NULL,'5','Both','-1128688098',NULL,NULL,'Justin','K','Patel',3,1,2,NULL,NULL,2,'1986-04-08',0,NULL,NULL,NULL,NULL,NULL,NULL,NULL,NULL),(483,'Individual',NULL,0,1,0,1,0,NULL,NULL,'Zope, James','Mr James L Zope Sr',NULL,NULL,NULL,NULL,'4','Both','-1238145028',NULL,NULL,'James','L','Zope',3,2,1,NULL,NULL,1,'1973-03-28',1,NULL,NULL,NULL,NULL,NULL,NULL,NULL,NULL),(484,'Individual',NULL,0,0,0,1,0,NULL,NULL,'Adams, Monica','Dr Monica Z Adams Jr',NULL,NULL,NULL,NULL,'5','Both','420269677',NULL,NULL,'Monica','Z','Adams',4,1,1,NULL,NULL,2,'1995-09-26',0,NULL,NULL,NULL,NULL,NULL,NULL,NULL,NULL),(485,'Individual',NULL,1,1,0,0,0,NULL,NULL,'Samuels, Jane','Dr Jane F Samuels Sr',NULL,NULL,NULL,NULL,'4','Both','90584041',NULL,NULL,'Jane','F','Samuels',4,2,3,NULL,NULL,1,'1984-01-04',1,NULL,NULL,NULL,NULL,NULL,NULL,NULL,NULL),(486,'Household',NULL,0,0,0,1,0,NULL,NULL,'Walter chowski\'s home','Walter chowski\'s home','chowski\'s home',NULL,NULL,NULL,'1','Both','-985537609',NULL,NULL,NULL,NULL,NULL,NULL,NULL,NULL,NULL,NULL,NULL,NULL,0,NULL,NULL,'Walter chowski\'s home',40,NULL,NULL,NULL,NULL),(487,'Household',NULL,0,0,0,1,0,NULL,NULL,'Chris Adams\'s home','Chris Adams\'s home','Adams\'s home',NULL,NULL,NULL,'2','Both','134047260',NULL,NULL,NULL,NULL,NULL,NULL,NULL,NULL,NULL,NULL,NULL,NULL,0,NULL,NULL,'Chris Adams\'s home',255,NULL,NULL,NULL,NULL),(488,'Household',NULL,0,1,0,1,0,NULL,NULL,'Fraddie Zope\'s home','Fraddie Zope\'s home','Zope\'s home',NULL,NULL,NULL,'5','Both','-86155924',NULL,NULL,NULL,NULL,NULL,NULL,NULL,NULL,NULL,NULL,NULL,NULL,0,NULL,NULL,'Fraddie Zope\'s home',376,NULL,NULL,NULL,NULL),(489,'Individual',NULL,0,1,0,0,0,NULL,NULL,'Zope, Rebecca','Dr Rebecca W Zope Sr',NULL,NULL,NULL,NULL,'5','Both','263533362',NULL,NULL,'Rebecca','W','Zope',4,2,1,NULL,NULL,2,'2006-05-30',0,NULL,NULL,NULL,NULL,NULL,NULL,NULL,NULL),(490,'Organization',NULL,0,0,0,0,0,NULL,NULL,'Working Assets  ','Working Assets  ',NULL,NULL,NULL,NULL,'2','Both','-740887779',NULL,NULL,NULL,NULL,NULL,NULL,NULL,NULL,NULL,NULL,NULL,NULL,0,NULL,NULL,NULL,NULL,'Working Assets  ',NULL,NULL,NULL),(491,'Organization',NULL,0,1,0,1,0,NULL,NULL,'Compasspoint  ','Compasspoint  ',NULL,NULL,NULL,NULL,'5','Both','-1531408',NULL,NULL,NULL,NULL,NULL,NULL,NULL,NULL,NULL,NULL,NULL,NULL,0,NULL,NULL,NULL,NULL,'Compasspoint  ',NULL,NULL,NULL),(492,'Individual',NULL,0,1,0,0,0,NULL,NULL,'Patel, Andrew','Mr Andrew U Patel Sr',NULL,NULL,NULL,NULL,'4','Both','-1059900394',NULL,NULL,'Andrew','U','Patel',3,2,1,NULL,NULL,2,'2001-01-13',1,NULL,NULL,NULL,NULL,NULL,NULL,NULL,NULL),(493,'Individual',NULL,1,1,0,1,0,NULL,NULL,'chowski, Charles','Dr Charles R chowski Jr',NULL,NULL,NULL,NULL,'4','Both','305283851',NULL,NULL,'Charles','R','chowski',4,1,2,NULL,NULL,2,'1999-10-28',0,NULL,NULL,NULL,NULL,NULL,NULL,NULL,NULL),(494,'Household',NULL,0,0,0,0,0,NULL,NULL,'Amar Jones\'s home','Amar Jones\'s home','Jones\'s home',NULL,NULL,NULL,'2','Both','-1807946429',NULL,NULL,NULL,NULL,NULL,NULL,NULL,NULL,NULL,NULL,NULL,NULL,0,NULL,NULL,'Amar Jones\'s home',397,NULL,NULL,NULL,NULL),(495,'Individual',NULL,1,0,0,1,0,NULL,NULL,'Smith, Jane','Mr Jane V Smith Sr',NULL,NULL,NULL,NULL,'2','Both','83103719',NULL,NULL,'Jane','V','Smith',3,2,2,NULL,NULL,1,'1972-09-15',1,NULL,NULL,NULL,NULL,NULL,NULL,NULL,NULL),(496,'Individual',NULL,0,1,0,1,0,NULL,NULL,'Jones, Milan','Mrs Milan O Jones Sr',NULL,NULL,NULL,NULL,'5','Both','-411710711',NULL,NULL,'Milan','O','Jones',1,2,3,NULL,NULL,2,'1976-10-19',0,NULL,NULL,NULL,NULL,NULL,NULL,NULL,NULL),(497,'Individual',NULL,1,1,0,1,0,NULL,NULL,'Yadav, Amar','Mr Amar J Yadav Jr',NULL,NULL,NULL,NULL,'5','Both','-725455093',NULL,NULL,'Amar','J','Yadav',3,1,2,NULL,NULL,2,'1995-03-22',0,NULL,NULL,NULL,NULL,NULL,NULL,NULL,NULL),(498,'Household',NULL,1,0,0,0,0,NULL,NULL,'Donald Jameson\'s home','Donald Jameson\'s home','Jameson\'s home',NULL,NULL,NULL,'3','Both','436732376',NULL,NULL,NULL,NULL,NULL,NULL,NULL,NULL,NULL,NULL,NULL,NULL,0,NULL,NULL,'Donald Jameson\'s home',441,NULL,NULL,NULL,NULL),(499,'Individual',NULL,1,1,0,0,0,NULL,NULL,'Parker, Chetan','Mr Chetan Y Parker Sr',NULL,NULL,NULL,NULL,'5','Both','-1077133250',NULL,NULL,'Chetan','Y','Parker',3,2,1,NULL,NULL,1,'1984-11-28',1,NULL,NULL,NULL,NULL,NULL,NULL,NULL,NULL),(500,'Individual',NULL,1,1,0,1,0,NULL,NULL,'Adams, Chetan','Mrs Chetan R Adams Jr',NULL,NULL,NULL,NULL,'2','Both','-263144644',NULL,NULL,'Chetan','R','Adams',1,1,3,NULL,NULL,1,'1984-04-21',0,NULL,NULL,NULL,NULL,NULL,NULL,NULL,NULL),(501,'Individual',NULL,1,1,0,0,0,NULL,NULL,'chowski, Bill','Mr Bill A chowski Jr',NULL,NULL,NULL,NULL,'5','Both','2070493528',NULL,NULL,'Bill','A','chowski',3,1,3,NULL,NULL,2,'1998-08-24',1,NULL,NULL,NULL,NULL,NULL,NULL,NULL,NULL);
/*!40000 ALTER TABLE `civicrm_contact` ENABLE KEYS */;
UNLOCK TABLES;

--
-- Dumping data for table `civicrm_contribution`
--

LOCK TABLES `civicrm_contribution` WRITE;
/*!40000 ALTER TABLE `civicrm_contribution` DISABLE KEYS */;
INSERT INTO `civicrm_contribution` (`id`, `contact_id`, `contribution_type_id`, `contribution_page_id`, `payment_instrument_id`, `receive_date`, `non_deductible_amount`, `total_amount`, `fee_amount`, `net_amount`, `trxn_id`, `invoice_id`, `currency`, `cancel_date`, `cancel_reason`, `receipt_date`, `thankyou_date`, `source`, `amount_level`, `contribution_recur_id`, `honor_contact_id`, `is_test`, `is_pay_later`, `contribution_status_id`, `honor_type_id`, `address_id`, `check_number`) VALUES (1,423,4,2,5,'2008-08-03 03:16:05','0.00','70.00',NULL,NULL,'#86f495c9dc4b449a76401b34c453c531',NULL,'',NULL,NULL,NULL,NULL,NULL,NULL,NULL,NULL,0,0,3,NULL,NULL,NULL),(2,218,3,3,2,'2008-11-30 08:28:53','0.00','46.00',NULL,NULL,'#867c4b38332df70f2fe3902c1f77717a',NULL,'',NULL,NULL,NULL,NULL,NULL,NULL,NULL,NULL,0,0,2,NULL,NULL,NULL),(3,439,4,1,3,'2008-08-04 12:23:43','0.00','70.00',NULL,NULL,'#db5ead8591ad610ebb1db77a548cae9a',NULL,'',NULL,NULL,NULL,NULL,NULL,NULL,NULL,NULL,0,0,4,NULL,NULL,NULL),(4,438,1,1,3,'2009-04-21 02:41:40','0.00','65.00',NULL,NULL,'#97d3cfec8fdbcf2921171f4fe78e42ff',NULL,'',NULL,NULL,NULL,NULL,NULL,NULL,NULL,NULL,0,0,2,NULL,NULL,NULL),(5,205,3,2,2,'2008-07-31 02:57:09','0.00','98.00',NULL,NULL,'#c1c794165cb06f8abc1ee833f17635a6',NULL,'',NULL,NULL,NULL,NULL,NULL,NULL,NULL,NULL,0,0,2,NULL,NULL,NULL),(6,252,4,2,1,'2008-09-30 06:38:50','0.00','11.00',NULL,NULL,'#17a1dcc29de8fbf32767b72464d60353',NULL,'',NULL,NULL,NULL,NULL,NULL,NULL,NULL,NULL,0,0,5,NULL,NULL,NULL),(7,243,3,1,1,'2008-10-01 04:17:33','0.00','71.00',NULL,NULL,'#b232d42f7003299689af391637921091',NULL,'',NULL,NULL,NULL,NULL,NULL,NULL,NULL,NULL,0,0,2,NULL,NULL,NULL),(8,88,2,3,1,'2008-09-01 04:07:46','0.00','52.00',NULL,NULL,'#10a7a471f661535464d63aded5decb7a',NULL,'',NULL,NULL,NULL,NULL,NULL,NULL,NULL,NULL,0,0,3,NULL,NULL,NULL),(9,499,1,3,4,'2008-10-27 05:48:25','0.00','63.00',NULL,NULL,'#b06234c6499ac039d65b598b78fd0d45',NULL,'',NULL,NULL,NULL,NULL,NULL,NULL,NULL,NULL,0,0,1,NULL,NULL,NULL),(10,113,4,1,2,'2008-11-28 11:46:00','0.00','82.00',NULL,NULL,'#9384878e01d5df533dea71b0c993e9b0',NULL,'',NULL,NULL,NULL,NULL,NULL,NULL,NULL,NULL,0,0,2,NULL,NULL,NULL),(11,382,1,1,2,'2009-04-11 11:07:53','0.00','73.00',NULL,NULL,'#b3c09e1813f131d28f3963b081da10c7',NULL,'',NULL,NULL,NULL,NULL,NULL,NULL,NULL,NULL,0,0,2,NULL,NULL,NULL),(12,30,4,2,4,'2008-11-18 11:59:16','0.00','84.00',NULL,NULL,'#8dc45d30beb9925144b4fad971c9eabe',NULL,'',NULL,NULL,NULL,NULL,NULL,NULL,NULL,NULL,0,0,3,NULL,NULL,NULL),(13,491,1,2,4,'2009-05-01 02:32:42','0.00','35.00',NULL,NULL,'#c3350a4c897a081dee97668b6f5289e6',NULL,'',NULL,NULL,NULL,NULL,NULL,NULL,NULL,NULL,0,0,4,NULL,NULL,NULL),(14,148,4,3,5,'2009-05-11 02:37:07','0.00','55.00',NULL,NULL,'#b2a4df76da798cae147f64d315ea949f',NULL,'',NULL,NULL,NULL,NULL,NULL,NULL,NULL,NULL,0,0,2,NULL,NULL,NULL),(15,93,2,1,2,'2008-07-07 08:28:36','0.00','37.00',NULL,NULL,'#d7824029d20283fab0a83b5ecfc37527',NULL,'',NULL,NULL,NULL,NULL,NULL,NULL,NULL,NULL,0,0,1,NULL,NULL,NULL),(16,162,2,3,2,'2008-06-13 09:36:48','0.00','98.00',NULL,NULL,'#2c27dc25f7fbc0634af504fad12b352a',NULL,'',NULL,NULL,NULL,NULL,NULL,NULL,NULL,NULL,0,0,5,NULL,NULL,NULL),(17,130,2,3,1,'2009-01-04 10:47:23','0.00','21.00',NULL,NULL,'#260df0c68b21fe9f5bb56e6a152ecd86',NULL,'',NULL,NULL,NULL,NULL,NULL,NULL,NULL,NULL,0,0,1,NULL,NULL,NULL),(18,36,1,2,1,'2009-01-05 11:54:36','0.00','62.00',NULL,NULL,'#15eeeec33433294c3c4d97807ca9e6e0',NULL,'',NULL,NULL,NULL,NULL,NULL,NULL,NULL,NULL,0,0,2,NULL,NULL,NULL),(19,455,3,3,2,'2009-04-23 08:27:55','0.00','37.00',NULL,NULL,'#2ab14273f1b59c364aeb9247a657ea58',NULL,'',NULL,NULL,NULL,NULL,NULL,NULL,NULL,NULL,0,0,5,NULL,NULL,NULL),(20,488,1,2,2,'2009-01-27 12:40:27','0.00','32.00',NULL,NULL,'#c1ebbad9b1a0402beb46a7cd493348e9',NULL,'',NULL,NULL,NULL,NULL,NULL,NULL,NULL,NULL,0,0,2,NULL,NULL,NULL),(21,123,2,3,1,'2008-12-07 11:01:38','0.00','14.00',NULL,NULL,'#eec8fa4c414bc189f5bc952d653944c4',NULL,'',NULL,NULL,NULL,NULL,NULL,NULL,NULL,NULL,0,0,1,NULL,NULL,NULL),(22,428,4,1,1,'2008-07-22 11:24:41','0.00','65.00',NULL,NULL,'#0e3cbf292473a7b067ca7b81b59fb430',NULL,'',NULL,NULL,NULL,NULL,NULL,NULL,NULL,NULL,0,0,4,NULL,NULL,NULL),(23,356,1,1,2,'2009-02-01 09:12:04','0.00','37.00',NULL,NULL,'#00735fd5667fad72eea2547f26a21ed6',NULL,'',NULL,NULL,NULL,NULL,NULL,NULL,NULL,NULL,0,0,5,NULL,NULL,NULL),(24,14,3,2,2,'2008-06-19 12:20:06','0.00','11.00',NULL,NULL,'#da520a13f02b6caabd1fe4eeca7e1aba',NULL,'',NULL,NULL,NULL,NULL,NULL,NULL,NULL,NULL,0,0,5,NULL,NULL,NULL),(25,386,4,2,4,'2008-10-02 07:22:15','0.00','66.00',NULL,NULL,'#e35a5d626bd90bdddd811c296c9b327f',NULL,'',NULL,NULL,NULL,NULL,NULL,NULL,NULL,NULL,0,0,5,NULL,NULL,NULL),(26,123,2,2,2,'2008-09-15 07:56:55','0.00','48.00',NULL,NULL,'#5333cc6000822fd92b58dd08c9220219',NULL,'',NULL,NULL,NULL,NULL,NULL,NULL,NULL,NULL,0,0,4,NULL,NULL,NULL),(27,146,1,1,4,'2009-05-26 09:34:32','0.00','15.00',NULL,NULL,'#165482dc85396f60ead9d465c490edeb',NULL,'',NULL,NULL,NULL,NULL,NULL,NULL,NULL,NULL,0,0,4,NULL,NULL,NULL),(28,362,3,3,2,'2009-02-23 03:27:05','0.00','15.00',NULL,NULL,'#af921b5dd5df574d39048139d4a7e0a6',NULL,'',NULL,NULL,NULL,NULL,NULL,NULL,NULL,NULL,0,0,2,NULL,NULL,NULL),(29,264,3,1,1,'2008-09-02 01:54:02','0.00','86.00',NULL,NULL,'#3462dd9a6d95be2e5113f98248707a8d',NULL,'',NULL,NULL,NULL,NULL,NULL,NULL,NULL,NULL,0,0,3,NULL,NULL,NULL),(30,201,1,3,3,'2009-01-19 11:07:32','0.00','94.00',NULL,NULL,'#ecd1690106be13c7bb96eb8f078af8b2',NULL,'',NULL,NULL,NULL,NULL,NULL,NULL,NULL,NULL,0,0,1,NULL,NULL,NULL),(31,16,4,1,1,'2008-11-16 01:39:44','0.00','41.00',NULL,NULL,'#1b34277bc64832c2cad5823cb581d97b',NULL,'',NULL,NULL,NULL,NULL,NULL,NULL,NULL,NULL,0,0,2,NULL,NULL,NULL),(32,356,1,1,5,'2008-11-07 02:56:07','0.00','88.00',NULL,NULL,'#8d6668b747114ac21fe1010600094470',NULL,'',NULL,NULL,NULL,NULL,NULL,NULL,NULL,NULL,0,0,1,NULL,NULL,NULL),(33,44,3,2,5,'2008-09-08 02:43:59','0.00','72.00',NULL,NULL,'#14f933ca894cee6873bbfa14c9536333',NULL,'',NULL,NULL,NULL,NULL,NULL,NULL,NULL,NULL,0,0,3,NULL,NULL,NULL),(34,461,4,1,5,'2009-05-16 08:07:57','0.00','10.00',NULL,NULL,'#ca28f5a313dc3ed803de6d4df8e62283',NULL,'',NULL,NULL,NULL,NULL,NULL,NULL,NULL,NULL,0,0,6,NULL,NULL,NULL),(35,429,1,1,2,'2009-04-10 06:54:08','0.00','21.00',NULL,NULL,'#932de92e21e9d2585f7ff19b4167e6a7',NULL,'',NULL,NULL,NULL,NULL,NULL,NULL,NULL,NULL,0,0,4,NULL,NULL,NULL),(36,186,4,1,1,'2008-07-12 03:42:12','0.00','27.00',NULL,NULL,'#84b618cc22bf6d0fa6b6c83380040a3c',NULL,'',NULL,NULL,NULL,NULL,NULL,NULL,NULL,NULL,0,0,3,NULL,NULL,NULL),(37,63,2,3,5,'2008-07-30 09:06:41','0.00','74.00',NULL,NULL,'#816b5f297c33548d6bf1950642c0185a',NULL,'',NULL,NULL,NULL,NULL,NULL,NULL,NULL,NULL,0,0,6,NULL,NULL,NULL),(38,248,3,1,2,'2009-04-04 09:10:00','0.00','59.00',NULL,NULL,'#ff326febf63a9d04a78c9fa442170c06',NULL,'',NULL,NULL,NULL,NULL,NULL,NULL,NULL,NULL,0,0,2,NULL,NULL,NULL),(39,368,2,1,3,'2009-01-04 03:44:05','0.00','48.00',NULL,NULL,'#83140bce9f835c724f7eeb2fad7107bd',NULL,'',NULL,NULL,NULL,NULL,NULL,NULL,NULL,NULL,0,0,5,NULL,NULL,NULL),(40,335,1,3,1,'2008-09-17 06:11:56','0.00','13.00',NULL,NULL,'#b26a750b9574396272edd73ff3cbdacb',NULL,'',NULL,NULL,NULL,NULL,NULL,NULL,NULL,NULL,0,0,4,NULL,NULL,NULL),(41,115,2,1,4,'2008-07-13 01:05:47','0.00','91.00',NULL,NULL,'#b27593aea6026041357f30f8acc6b63a',NULL,'',NULL,NULL,NULL,NULL,NULL,NULL,NULL,NULL,0,0,5,NULL,NULL,NULL),(42,94,1,1,4,'2008-12-11 09:15:06','0.00','49.00',NULL,NULL,'#19bd9f66c1a977d41690d1e48e58211f',NULL,'',NULL,NULL,NULL,NULL,NULL,NULL,NULL,NULL,0,0,5,NULL,NULL,NULL),(43,257,1,1,2,'2008-07-28 02:56:51','0.00','75.00',NULL,NULL,'#8f65ee4331121ee06a2e2ff5acc24ce6',NULL,'',NULL,NULL,NULL,NULL,NULL,NULL,NULL,NULL,0,0,2,NULL,NULL,NULL),(44,418,3,3,3,'2008-07-09 06:00:03','0.00','70.00',NULL,NULL,'#16790669bc315acedf8d3ef10e0a9d49',NULL,'',NULL,NULL,NULL,NULL,NULL,NULL,NULL,NULL,0,0,1,NULL,NULL,NULL),(45,159,3,3,4,'2008-12-27 07:48:44','0.00','36.00',NULL,NULL,'#975f4a23734309da146d9518f384f61e',NULL,'',NULL,NULL,NULL,NULL,NULL,NULL,NULL,NULL,0,0,3,NULL,NULL,NULL),(46,379,4,1,1,'2008-08-27 01:43:08','0.00','84.00',NULL,NULL,'#53e0b4c63d52c3532a313cb12133eab2',NULL,'',NULL,NULL,NULL,NULL,NULL,NULL,NULL,NULL,0,0,4,NULL,NULL,NULL),(47,66,1,2,1,'2009-02-05 04:55:57','0.00','17.00',NULL,NULL,'#11e03a221c380d7d6adbaa66d0a8105a',NULL,'',NULL,NULL,NULL,NULL,NULL,NULL,NULL,NULL,0,0,5,NULL,NULL,NULL),(48,67,3,1,1,'2009-04-23 09:38:25','0.00','52.00',NULL,NULL,'#c4f00dcc3fcc6eada77a3f5cb00241ca',NULL,'',NULL,NULL,NULL,NULL,NULL,NULL,NULL,NULL,0,0,5,NULL,NULL,NULL),(49,12,2,1,5,'2008-10-22 03:43:44','0.00','86.00',NULL,NULL,'#154f200963520b740eb32d1bc4d7a766',NULL,'',NULL,NULL,NULL,NULL,NULL,NULL,NULL,NULL,0,0,3,NULL,NULL,NULL),(50,88,4,1,2,'2009-03-15 07:24:33','0.00','73.00',NULL,NULL,'#96149c6362d9e2052bf8eeb9de440dee',NULL,'',NULL,NULL,NULL,NULL,NULL,NULL,NULL,NULL,0,0,4,NULL,NULL,NULL),(51,245,2,3,1,'2008-10-02 05:39:23','0.00','29.00',NULL,NULL,'#1631ad35407695f5134a3f78efa459d4',NULL,'',NULL,NULL,NULL,NULL,NULL,NULL,NULL,NULL,0,0,5,NULL,NULL,NULL),(52,371,1,2,4,'2008-12-10 06:38:32','0.00','79.00',NULL,NULL,'#39d07bd8830d0979574505679d3807ce',NULL,'',NULL,NULL,NULL,NULL,NULL,NULL,NULL,NULL,0,0,1,NULL,NULL,NULL),(53,176,2,3,5,'2008-11-18 11:33:16','0.00','34.00',NULL,NULL,'#b12f8c4c5e5628124b3c9c9f74a37828',NULL,'',NULL,NULL,NULL,NULL,NULL,NULL,NULL,NULL,0,0,4,NULL,NULL,NULL),(54,328,3,1,5,'2008-09-01 10:30:12','0.00','37.00',NULL,NULL,'#6f8fdd362f807d8797e47059a6e38ab8',NULL,'',NULL,NULL,NULL,NULL,NULL,NULL,NULL,NULL,0,0,2,NULL,NULL,NULL),(55,166,1,1,2,'2009-01-25 10:35:28','0.00','22.00',NULL,NULL,'#6fef4e4ca56386821518b58cb43b3ef9',NULL,'',NULL,NULL,NULL,NULL,NULL,NULL,NULL,NULL,0,0,3,NULL,NULL,NULL),(56,187,2,1,3,'2009-03-01 07:22:01','0.00','14.00',NULL,NULL,'#eb76d1dd6749125d60a9a80496bcd950',NULL,'',NULL,NULL,NULL,NULL,NULL,NULL,NULL,NULL,0,0,5,NULL,NULL,NULL),(57,470,2,3,1,'2008-10-16 09:22:12','0.00','31.00',NULL,NULL,'#bac035f0ed577f552054355280b824a0',NULL,'',NULL,NULL,NULL,NULL,NULL,NULL,NULL,NULL,0,0,6,NULL,NULL,NULL),(58,116,4,2,3,'2009-04-07 10:02:16','0.00','66.00',NULL,NULL,'#303cf6580886c45ef9e2b1ab25180eb3',NULL,'',NULL,NULL,NULL,NULL,NULL,NULL,NULL,NULL,0,0,4,NULL,NULL,NULL),(59,382,1,3,4,'2008-12-24 03:15:29','0.00','76.00',NULL,NULL,'#0875d23e0abc8cbf1003d752f4c5277b',NULL,'',NULL,NULL,NULL,NULL,NULL,NULL,NULL,NULL,0,0,4,NULL,NULL,NULL),(60,363,3,1,4,'2009-03-18 09:10:19','0.00','15.00',NULL,NULL,'#d4ab5db6492066ad841aad711698be8a',NULL,'',NULL,NULL,NULL,NULL,NULL,NULL,NULL,NULL,0,0,5,NULL,NULL,NULL),(61,210,3,2,2,'2008-09-24 07:02:18','0.00','84.00',NULL,NULL,'#d3923a1cb43fdb3b2a75c821f3960f70',NULL,'',NULL,NULL,NULL,NULL,NULL,NULL,NULL,NULL,0,0,2,NULL,NULL,NULL),(62,164,2,2,4,'2009-05-01 10:38:32','0.00','80.00',NULL,NULL,'#a237e3d0dd692abcbfd3ab3e32770e1f',NULL,'',NULL,NULL,NULL,NULL,NULL,NULL,NULL,NULL,0,0,5,NULL,NULL,NULL),(63,50,2,1,3,'2009-03-17 05:35:42','0.00','21.00',NULL,NULL,'#0b05394e2586c631aac72ff723e079c1',NULL,'',NULL,NULL,NULL,NULL,NULL,NULL,NULL,NULL,0,0,5,NULL,NULL,NULL),(64,76,4,2,1,'2008-07-04 06:57:24','0.00','84.00',NULL,NULL,'#1f997f9f54e9caa0f22ae96edd932621',NULL,'',NULL,NULL,NULL,NULL,NULL,NULL,NULL,NULL,0,0,3,NULL,NULL,NULL),(65,320,1,1,3,'2008-09-15 02:30:40','0.00','14.00',NULL,NULL,'#83fe9bfad76689ea0a79a1ef59e08de3',NULL,'',NULL,NULL,NULL,NULL,NULL,NULL,NULL,NULL,0,0,2,NULL,NULL,NULL),(66,168,1,1,3,'2008-06-03 08:32:30','0.00','83.00',NULL,NULL,'#12249a6ab3dd40bc1fcad2e7c8472607',NULL,'',NULL,NULL,NULL,NULL,NULL,NULL,NULL,NULL,0,0,5,NULL,NULL,NULL),(67,138,1,3,3,'2008-07-29 02:18:06','0.00','55.00',NULL,NULL,'#d8e4e2770ddb034601d1795fbd10ac64',NULL,'',NULL,NULL,NULL,NULL,NULL,NULL,NULL,NULL,0,0,1,NULL,NULL,NULL),(68,187,1,2,2,'2008-09-30 03:41:31','0.00','11.00',NULL,NULL,'#b73afc46ea3d18b965bee43157922a42',NULL,'',NULL,NULL,NULL,NULL,NULL,NULL,NULL,NULL,0,0,4,NULL,NULL,NULL),(69,244,3,3,5,'2008-06-23 09:57:07','0.00','96.00',NULL,NULL,'#9fc6d78b426d7856cc27a5b103bb78ed',NULL,'',NULL,NULL,NULL,NULL,NULL,NULL,NULL,NULL,0,0,3,NULL,NULL,NULL),(70,296,4,2,5,'2008-12-29 07:42:27','0.00','57.00',NULL,NULL,'#ff2c74cf34a09f9e2f94c4dfbfa0018a',NULL,'',NULL,NULL,NULL,NULL,NULL,NULL,NULL,NULL,0,0,4,NULL,NULL,NULL),(71,346,3,1,2,'2009-03-31 03:34:35','0.00','46.00',NULL,NULL,'#1a06f37560382e32311a9085987786fd',NULL,'',NULL,NULL,NULL,NULL,NULL,NULL,NULL,NULL,0,0,5,NULL,NULL,NULL),(72,234,3,1,5,'2008-07-25 05:55:35','0.00','80.00',NULL,NULL,'#12fbfc312cdf4baacfa24e8e6ee0531c',NULL,'',NULL,NULL,NULL,NULL,NULL,NULL,NULL,NULL,0,0,3,NULL,NULL,NULL),(73,112,1,3,4,'2008-06-30 05:30:59','0.00','86.00',NULL,NULL,'#56a539f9c8822a8e23d01f3a17f4e954',NULL,'',NULL,NULL,NULL,NULL,NULL,NULL,NULL,NULL,0,0,6,NULL,NULL,NULL),(74,453,2,1,4,'2009-02-26 03:56:13','0.00','80.00',NULL,NULL,'#283fb6db36562cebe1c0a7d3a903f912',NULL,'',NULL,NULL,NULL,NULL,NULL,NULL,NULL,NULL,0,0,5,NULL,NULL,NULL),(75,320,4,1,5,'2009-05-19 07:27:58','0.00','76.00',NULL,NULL,'#df7c92ac56072706a223954e2f945d02',NULL,'',NULL,NULL,NULL,NULL,NULL,NULL,NULL,NULL,0,0,4,NULL,NULL,NULL),(76,48,2,1,3,'2009-04-24 05:01:00','0.00','14.00',NULL,NULL,'#c8b29288627f4ff42734c3b8384e1c5f',NULL,'',NULL,NULL,NULL,NULL,NULL,NULL,NULL,NULL,0,0,2,NULL,NULL,NULL),(77,431,3,2,1,'2008-07-13 10:43:39','0.00','58.00',NULL,NULL,'#b7fa786b1b9af87f071f1dc8d26d8e47',NULL,'',NULL,NULL,NULL,NULL,NULL,NULL,NULL,NULL,0,0,6,NULL,NULL,NULL),(78,339,4,1,4,'2008-12-27 09:15:52','0.00','52.00',NULL,NULL,'#a10bc8e3fa27cea5ae8e01363a578fcf',NULL,'',NULL,NULL,NULL,NULL,NULL,NULL,NULL,NULL,0,0,3,NULL,NULL,NULL),(79,91,2,1,4,'2008-05-29 03:50:34','0.00','55.00',NULL,NULL,'#dbbe712146afebfd6ce77ce0860f9076',NULL,'',NULL,NULL,NULL,NULL,NULL,NULL,NULL,NULL,0,0,4,NULL,NULL,NULL),(80,223,2,3,2,'2009-01-06 06:54:48','0.00','63.00',NULL,NULL,'#b8921d9e17b27d84e4430b7fa6fb91d6',NULL,'',NULL,NULL,NULL,NULL,NULL,NULL,NULL,NULL,0,0,4,NULL,NULL,NULL),(81,434,3,2,1,'2008-09-18 02:40:18','0.00','41.00',NULL,NULL,'#93e28746f42d8d7dc432cbc4c11917d7',NULL,'',NULL,NULL,NULL,NULL,NULL,NULL,NULL,NULL,0,0,4,NULL,NULL,NULL),(82,254,3,3,4,'2008-06-15 06:02:43','0.00','81.00',NULL,NULL,'#47c98929c6f2df0976c26b955599885a',NULL,'',NULL,NULL,NULL,NULL,NULL,NULL,NULL,NULL,0,0,6,NULL,NULL,NULL),(83,77,4,3,2,'2008-07-30 04:58:21','0.00','21.00',NULL,NULL,'#c4d45c8e54b8a552eeb936bfbbf4210f',NULL,'',NULL,NULL,NULL,NULL,NULL,NULL,NULL,NULL,0,0,4,NULL,NULL,NULL),(84,170,4,3,3,'2009-04-10 08:20:36','0.00','99.00',NULL,NULL,'#487f8367abc8032c7bddb63a671196f2',NULL,'',NULL,NULL,NULL,NULL,NULL,NULL,NULL,NULL,0,0,4,NULL,NULL,NULL),(85,405,3,2,2,'2009-03-21 09:47:35','0.00','21.00',NULL,NULL,'#056b1ab431b96f83dec56fe53d862668',NULL,'',NULL,NULL,NULL,NULL,NULL,NULL,NULL,NULL,0,0,2,NULL,NULL,NULL),(86,114,4,2,4,'2008-06-15 02:48:27','0.00','95.00',NULL,NULL,'#7f2007aa2391ea80ba88c89c06fba5d7',NULL,'',NULL,NULL,NULL,NULL,NULL,NULL,NULL,NULL,0,0,1,NULL,NULL,NULL),(87,180,1,1,2,'2008-11-06 01:28:29','0.00','70.00',NULL,NULL,'#de919b3a58e138af69f08dd842989065',NULL,'',NULL,NULL,NULL,NULL,NULL,NULL,NULL,NULL,0,0,6,NULL,NULL,NULL),(88,286,3,3,3,'2008-08-26 03:30:23','0.00','18.00',NULL,NULL,'#7ee46425e06337ee83ad938773a3de84',NULL,'',NULL,NULL,NULL,NULL,NULL,NULL,NULL,NULL,0,0,2,NULL,NULL,NULL),(89,388,4,3,5,'2009-05-01 12:47:15','0.00','45.00',NULL,NULL,'#62fcbc064bbb58eb6caa17dd64ddf5fd',NULL,'',NULL,NULL,NULL,NULL,NULL,NULL,NULL,NULL,0,0,2,NULL,NULL,NULL),(90,73,3,1,3,'2008-10-22 02:59:12','0.00','88.00',NULL,NULL,'#35c989a220fa99ccd2c25966662187b7',NULL,'',NULL,NULL,NULL,NULL,NULL,NULL,NULL,NULL,0,0,6,NULL,NULL,NULL),(91,443,1,1,3,'2009-02-11 05:05:07','0.00','28.00',NULL,NULL,'#f750aadee26a63f40ea55ee4445d9cd9',NULL,'',NULL,NULL,NULL,NULL,NULL,NULL,NULL,NULL,0,0,1,NULL,NULL,NULL),(92,21,3,3,2,'2009-03-15 06:51:46','0.00','71.00',NULL,NULL,'#1fa4749ab08b2545a6bfc95bd47b1967',NULL,'',NULL,NULL,NULL,NULL,NULL,NULL,NULL,NULL,0,0,3,NULL,NULL,NULL),(93,14,2,2,5,'2008-06-23 07:50:07','0.00','86.00',NULL,NULL,'#47b8da46b308df740a8a36f966848321',NULL,'',NULL,NULL,NULL,NULL,NULL,NULL,NULL,NULL,0,0,5,NULL,NULL,NULL),(94,229,2,2,4,'2009-03-12 05:27:46','0.00','17.00',NULL,NULL,'#b5f75afc093c8dd30dc3693ee6783c46',NULL,'',NULL,NULL,NULL,NULL,NULL,NULL,NULL,NULL,0,0,4,NULL,NULL,NULL),(95,176,2,3,2,'2009-02-22 09:50:47','0.00','19.00',NULL,NULL,'#076f70a1bac689c3f598598b6e326362',NULL,'',NULL,NULL,NULL,NULL,NULL,NULL,NULL,NULL,0,0,6,NULL,NULL,NULL),(96,183,4,2,3,'2008-07-02 12:04:51','0.00','59.00',NULL,NULL,'#05648542c30e5a4f2c2505643d54fa41',NULL,'',NULL,NULL,NULL,NULL,NULL,NULL,NULL,NULL,0,0,1,NULL,NULL,NULL),(97,24,3,2,3,'2008-10-21 08:53:29','0.00','12.00',NULL,NULL,'#83c035f3fe761b0e783bfe7daa9d222d',NULL,'',NULL,NULL,NULL,NULL,NULL,NULL,NULL,NULL,0,0,6,NULL,NULL,NULL),(98,451,2,3,4,'2009-03-28 11:32:16','0.00','99.00',NULL,NULL,'#5812cd76a5b8677b965fe210c70f1034',NULL,'',NULL,NULL,NULL,NULL,NULL,NULL,NULL,NULL,0,0,1,NULL,NULL,NULL),(99,415,3,3,1,'2009-04-14 03:12:25','0.00','89.00',NULL,NULL,'#a2c3e8e7e5c00938c825bf7c81e537e9',NULL,'',NULL,NULL,NULL,NULL,NULL,NULL,NULL,NULL,0,0,4,NULL,NULL,NULL),(100,55,1,2,1,'2008-12-14 06:21:36','0.00','64.00',NULL,NULL,'#036d34c8d142ecc472887d5f1e96bed0',NULL,'',NULL,NULL,NULL,NULL,NULL,NULL,NULL,NULL,0,0,4,NULL,NULL,NULL),(101,91,3,2,2,'2008-07-17 03:23:04','0.00','62.00',NULL,NULL,'#8120526e124462c63a467fcf4e5aca4b',NULL,'',NULL,NULL,NULL,NULL,NULL,NULL,NULL,NULL,0,0,5,NULL,NULL,NULL),(102,400,1,3,4,'2008-07-17 12:40:00','0.00','24.00',NULL,NULL,'#46b1213c249710dd3f4617f26bc42e67',NULL,'',NULL,NULL,NULL,NULL,NULL,NULL,NULL,NULL,0,0,4,NULL,NULL,NULL),(103,222,1,3,5,'2008-12-31 02:41:07','0.00','91.00',NULL,NULL,'#2bb2b5f96bd56e796c686e5a43f373e9',NULL,'',NULL,NULL,NULL,NULL,NULL,NULL,NULL,NULL,0,0,4,NULL,NULL,NULL),(104,266,1,2,1,'2009-01-27 09:23:26','0.00','41.00',NULL,NULL,'#373ef9d5b2888cc92c682045a92c7df1',NULL,'',NULL,NULL,NULL,NULL,NULL,NULL,NULL,NULL,0,0,1,NULL,NULL,NULL),(105,63,3,3,1,'2008-07-03 10:02:08','0.00','88.00',NULL,NULL,'#64008a9d59b022583e158590c4f50db0',NULL,'',NULL,NULL,NULL,NULL,NULL,NULL,NULL,NULL,0,0,4,NULL,NULL,NULL),(106,284,4,3,4,'2009-01-20 10:42:49','0.00','27.00',NULL,NULL,'#27e625a3053bcb848ed41c4d13b002b3',NULL,'',NULL,NULL,NULL,NULL,NULL,NULL,NULL,NULL,0,0,5,NULL,NULL,NULL),(107,385,1,3,5,'2009-03-26 05:34:58','0.00','18.00',NULL,NULL,'#0213d95803902d1192c9e6664327888d',NULL,'',NULL,NULL,NULL,NULL,NULL,NULL,NULL,NULL,0,0,1,NULL,NULL,NULL),(108,163,3,1,4,'2008-10-06 11:36:23','0.00','72.00',NULL,NULL,'#d048490e073ac00998806c28d5d578c3',NULL,'',NULL,NULL,NULL,NULL,NULL,NULL,NULL,NULL,0,0,6,NULL,NULL,NULL),(109,268,4,1,3,'2008-10-29 11:25:47','0.00','66.00',NULL,NULL,'#98ea1d3e78f4b6dc7108eab6bf6ccda3',NULL,'',NULL,NULL,NULL,NULL,NULL,NULL,NULL,NULL,0,0,2,NULL,NULL,NULL),(110,101,1,3,4,'2008-06-15 07:39:03','0.00','70.00',NULL,NULL,'#3fd174a3cccbcb5d07d82d60f09c91f7',NULL,'',NULL,NULL,NULL,NULL,NULL,NULL,NULL,NULL,0,0,3,NULL,NULL,NULL),(111,248,4,1,4,'2009-01-31 07:49:37','0.00','17.00',NULL,NULL,'#f24bbef7deec9756a57a7a3382e9a70a',NULL,'',NULL,NULL,NULL,NULL,NULL,NULL,NULL,NULL,0,0,2,NULL,NULL,NULL),(112,342,4,3,3,'2009-03-02 04:20:39','0.00','53.00',NULL,NULL,'#3e493ca6a584613f604a962903bcbd78',NULL,'',NULL,NULL,NULL,NULL,NULL,NULL,NULL,NULL,0,0,1,NULL,NULL,NULL),(113,77,2,1,1,'2008-07-30 04:27:42','0.00','71.00',NULL,NULL,'#406468f1ac6d19ee797d9b3de4d20b21',NULL,'',NULL,NULL,NULL,NULL,NULL,NULL,NULL,NULL,0,0,6,NULL,NULL,NULL),(114,60,2,2,3,'2009-03-26 10:17:56','0.00','13.00',NULL,NULL,'#15cc280a9051c223303c7c8a4713b0df',NULL,'',NULL,NULL,NULL,NULL,NULL,NULL,NULL,NULL,0,0,1,NULL,NULL,NULL),(115,296,1,3,2,'2008-12-02 05:34:05','0.00','24.00',NULL,NULL,'#8a93083370d09d154b29db9a433943e7',NULL,'',NULL,NULL,NULL,NULL,NULL,NULL,NULL,NULL,0,0,5,NULL,NULL,NULL),(116,323,3,3,4,'2009-03-23 03:44:18','0.00','28.00',NULL,NULL,'#72a28cb1ac9192f6069b434d30ae59f0',NULL,'',NULL,NULL,NULL,NULL,NULL,NULL,NULL,NULL,0,0,3,NULL,NULL,NULL),(117,477,3,1,2,'2009-02-16 05:04:30','0.00','62.00',NULL,NULL,'#fcb8910decdd9510055108cd53d7f119',NULL,'',NULL,NULL,NULL,NULL,NULL,NULL,NULL,NULL,0,0,3,NULL,NULL,NULL),(118,438,1,2,2,'2008-10-24 06:43:20','0.00','64.00',NULL,NULL,'#79c39c6c7f4c21215d8a0c27ca47b40b',NULL,'',NULL,NULL,NULL,NULL,NULL,NULL,NULL,NULL,0,0,5,NULL,NULL,NULL),(119,134,3,1,5,'2009-02-28 11:30:34','0.00','11.00',NULL,NULL,'#44c77b31abe107db02e8d75ae80cf85d',NULL,'',NULL,NULL,NULL,NULL,NULL,NULL,NULL,NULL,0,0,6,NULL,NULL,NULL),(120,456,2,2,3,'2008-09-08 11:02:42','0.00','50.00',NULL,NULL,'#07635f808f33db0dbf1b9f8cb3011a0d',NULL,'',NULL,NULL,NULL,NULL,NULL,NULL,NULL,NULL,0,0,6,NULL,NULL,NULL),(121,346,4,2,3,'2008-06-26 08:55:01','0.00','59.00',NULL,NULL,'#b6b1fe3eabf52ada17ecb7c6334112d7',NULL,'',NULL,NULL,NULL,NULL,NULL,NULL,NULL,NULL,0,0,5,NULL,NULL,NULL),(122,328,3,1,2,'2009-03-05 10:19:56','0.00','41.00',NULL,NULL,'#dc963e6672e0daedd95fea53eb9a5807',NULL,'',NULL,NULL,NULL,NULL,NULL,NULL,NULL,NULL,0,0,6,NULL,NULL,NULL),(123,441,1,3,3,'2008-09-20 11:36:12','0.00','57.00',NULL,NULL,'#c50a2510c757b0089a5e2f2f0182bde9',NULL,'',NULL,NULL,NULL,NULL,NULL,NULL,NULL,NULL,0,0,5,NULL,NULL,NULL),(124,460,2,2,5,'2008-08-26 06:51:22','0.00','70.00',NULL,NULL,'#4d4cc059574b5a42a85e5e46c8a4ca8c',NULL,'',NULL,NULL,NULL,NULL,NULL,NULL,NULL,NULL,0,0,2,NULL,NULL,NULL),(125,338,4,2,3,'2008-12-01 10:19:41','0.00','12.00',NULL,NULL,'#f2306e7348d036e40b248c821e6e5a04',NULL,'',NULL,NULL,NULL,NULL,NULL,NULL,NULL,NULL,0,0,6,NULL,NULL,NULL),(126,393,3,1,2,'2009-05-24 08:30:10','0.00','90.00',NULL,NULL,'#05b7140b521290a0b8eeb9e339ee393e',NULL,'',NULL,NULL,NULL,NULL,NULL,NULL,NULL,NULL,0,0,4,NULL,NULL,NULL),(127,274,3,1,1,'2009-04-02 05:09:10','0.00','83.00',NULL,NULL,'#e89296a5d8c37943d27022f4d5555efd',NULL,'',NULL,NULL,NULL,NULL,NULL,NULL,NULL,NULL,0,0,1,NULL,NULL,NULL),(128,126,4,1,2,'2008-10-21 08:47:43','0.00','84.00',NULL,NULL,'#11b79950a65cd06e1ac5334322be6f8e',NULL,'',NULL,NULL,NULL,NULL,NULL,NULL,NULL,NULL,0,0,1,NULL,NULL,NULL),(129,447,2,1,5,'2008-12-02 07:32:27','0.00','78.00',NULL,NULL,'#6bfbc2696f7aec120d8b8ec5651f05b7',NULL,'',NULL,NULL,NULL,NULL,NULL,NULL,NULL,NULL,0,0,1,NULL,NULL,NULL),(130,228,3,1,3,'2009-05-23 02:22:11','0.00','49.00',NULL,NULL,'#b60e1c2a3a1251ad474603675d616318',NULL,'',NULL,NULL,NULL,NULL,NULL,NULL,NULL,NULL,0,0,5,NULL,NULL,NULL),(131,126,1,1,5,'2009-03-12 12:58:08','0.00','64.00',NULL,NULL,'#aeee2ff4f46085e22caf68813433f333',NULL,'',NULL,NULL,NULL,NULL,NULL,NULL,NULL,NULL,0,0,4,NULL,NULL,NULL),(132,396,1,2,4,'2009-05-01 02:17:05','0.00','35.00',NULL,NULL,'#f3633e5b31c0895119f71e9dc083a600',NULL,'',NULL,NULL,NULL,NULL,NULL,NULL,NULL,NULL,0,0,1,NULL,NULL,NULL),(133,114,2,3,2,'2008-09-11 04:56:23','0.00','55.00',NULL,NULL,'#dac07e6a661e87d1d628249451b0b5d8',NULL,'',NULL,NULL,NULL,NULL,NULL,NULL,NULL,NULL,0,0,6,NULL,NULL,NULL),(134,229,3,2,2,'2008-06-05 08:37:46','0.00','19.00',NULL,NULL,'#4601c715a0fa080cc2f0e9c15e48715e',NULL,'',NULL,NULL,NULL,NULL,NULL,NULL,NULL,NULL,0,0,1,NULL,NULL,NULL),(135,448,4,2,2,'2008-07-28 01:21:32','0.00','70.00',NULL,NULL,'#2ed8aa563a68cf06207941e72c4d199c',NULL,'',NULL,NULL,NULL,NULL,NULL,NULL,NULL,NULL,0,0,4,NULL,NULL,NULL),(136,452,2,1,1,'2009-02-07 04:02:27','0.00','19.00',NULL,NULL,'#d77703d3ac3d81d40175aae313cdd365',NULL,'',NULL,NULL,NULL,NULL,NULL,NULL,NULL,NULL,0,0,3,NULL,NULL,NULL),(137,383,4,3,1,'2008-06-11 07:11:21','0.00','68.00',NULL,NULL,'#9159ec249ff77aafa87528e25e2dc68c',NULL,'',NULL,NULL,NULL,NULL,NULL,NULL,NULL,NULL,0,0,6,NULL,NULL,NULL),(138,254,3,2,5,'2008-07-25 01:14:59','0.00','82.00',NULL,NULL,'#8335dd0d96cfd1fcd2984fe8e515ec22',NULL,'',NULL,NULL,NULL,NULL,NULL,NULL,NULL,NULL,0,0,6,NULL,NULL,NULL),(139,298,3,3,2,'2008-11-28 10:04:56','0.00','34.00',NULL,NULL,'#d50003010d54c379350afcadb1a734e1',NULL,'',NULL,NULL,NULL,NULL,NULL,NULL,NULL,NULL,0,0,5,NULL,NULL,NULL),(140,386,2,2,3,'2008-08-18 11:58:35','0.00','64.00',NULL,NULL,'#cd860f87174da34e6a59bc27a2ee63ea',NULL,'',NULL,NULL,NULL,NULL,NULL,NULL,NULL,NULL,0,0,3,NULL,NULL,NULL),(141,200,1,3,4,'2008-10-13 04:31:27','0.00','34.00',NULL,NULL,'#5c1d498afcadca4d284a87d897de44d7',NULL,'',NULL,NULL,NULL,NULL,NULL,NULL,NULL,NULL,0,0,6,NULL,NULL,NULL),(142,78,2,2,2,'2009-01-13 01:55:23','0.00','79.00',NULL,NULL,'#48756ba0188de78da4e7113dcded1ce7',NULL,'',NULL,NULL,NULL,NULL,NULL,NULL,NULL,NULL,0,0,6,NULL,NULL,NULL),(143,279,1,2,5,'2009-02-12 10:13:21','0.00','68.00',NULL,NULL,'#3b5f9d68c770c619aa465001ecd6a2b2',NULL,'',NULL,NULL,NULL,NULL,NULL,NULL,NULL,NULL,0,0,5,NULL,NULL,NULL),(144,333,2,1,2,'2009-01-24 07:17:40','0.00','10.00',NULL,NULL,'#fde23944a00ff0a6af98d96742aa2ed2',NULL,'',NULL,NULL,NULL,NULL,NULL,NULL,NULL,NULL,0,0,1,NULL,NULL,NULL),(145,404,1,2,1,'2008-10-29 01:49:35','0.00','16.00',NULL,NULL,'#ce94c16399cee1434648074faa468645',NULL,'',NULL,NULL,NULL,NULL,NULL,NULL,NULL,NULL,0,0,5,NULL,NULL,NULL),(146,125,4,3,4,'2008-08-28 10:15:05','0.00','21.00',NULL,NULL,'#2f10c20451fa641ceb19c159e736772f',NULL,'',NULL,NULL,NULL,NULL,NULL,NULL,NULL,NULL,0,0,4,NULL,NULL,NULL),(147,183,1,2,5,'2008-08-16 04:05:31','0.00','14.00',NULL,NULL,'#ec9b7867bdd150f13598458d5be3c1b1',NULL,'',NULL,NULL,NULL,NULL,NULL,NULL,NULL,NULL,0,0,5,NULL,NULL,NULL),(148,382,1,1,4,'2008-11-06 08:53:45','0.00','26.00',NULL,NULL,'#ec3cbb2c65541f5c77ea6b4783823e72',NULL,'',NULL,NULL,NULL,NULL,NULL,NULL,NULL,NULL,0,0,1,NULL,NULL,NULL),(149,299,4,1,5,'2008-11-20 05:25:11','0.00','20.00',NULL,NULL,'#a2e60e8b1de8d18507caa7d963ee9537',NULL,'',NULL,NULL,NULL,NULL,NULL,NULL,NULL,NULL,0,0,2,NULL,NULL,NULL),(150,34,3,2,5,'2009-02-09 07:28:10','0.00','69.00',NULL,NULL,'#21fdc906434df46749d6931fc224fde8',NULL,'',NULL,NULL,NULL,NULL,NULL,NULL,NULL,NULL,0,0,1,NULL,NULL,NULL),(151,314,4,1,5,'2009-02-08 12:26:26','0.00','97.00',NULL,NULL,'#4d4dbf68b9ac285c37d15ffcf34986c3',NULL,'',NULL,NULL,NULL,NULL,NULL,NULL,NULL,NULL,0,0,5,NULL,NULL,NULL),(152,334,2,2,5,'2009-02-21 07:19:02','0.00','81.00',NULL,NULL,'#b0a50fe4dc6501cdd487d99777b97596',NULL,'',NULL,NULL,NULL,NULL,NULL,NULL,NULL,NULL,0,0,5,NULL,NULL,NULL),(153,84,1,3,5,'2008-12-25 12:16:47','0.00','98.00',NULL,NULL,'#946f439bd23f00b2e6fc7b826b8b9f21',NULL,'',NULL,NULL,NULL,NULL,NULL,NULL,NULL,NULL,0,0,6,NULL,NULL,NULL),(154,66,3,1,3,'2009-01-07 12:23:20','0.00','47.00',NULL,NULL,'#cf8745cc0a3934c2b4e8ff2537ab4b8f',NULL,'',NULL,NULL,NULL,NULL,NULL,NULL,NULL,NULL,0,0,3,NULL,NULL,NULL),(155,308,3,2,5,'2008-08-11 06:00:32','0.00','67.00',NULL,NULL,'#8998777b140b9938c136d63873421450',NULL,'',NULL,NULL,NULL,NULL,NULL,NULL,NULL,NULL,0,0,3,NULL,NULL,NULL),(156,194,2,2,3,'2009-01-25 01:31:28','0.00','33.00',NULL,NULL,'#ccb7538120e3ef8b3f216eabb86cf2d8',NULL,'',NULL,NULL,NULL,NULL,NULL,NULL,NULL,NULL,0,0,3,NULL,NULL,NULL),(157,382,2,1,3,'2008-11-20 05:50:54','0.00','17.00',NULL,NULL,'#9cef204113b6cacf42bd87cf8259002b',NULL,'',NULL,NULL,NULL,NULL,NULL,NULL,NULL,NULL,0,0,2,NULL,NULL,NULL),(158,373,4,1,2,'2008-09-05 04:49:16','0.00','64.00',NULL,NULL,'#901478034de059a2c402f46e5df67883',NULL,'',NULL,NULL,NULL,NULL,NULL,NULL,NULL,NULL,0,0,2,NULL,NULL,NULL),(159,203,1,1,4,'2008-08-07 08:42:49','0.00','60.00',NULL,NULL,'#6ab888730856260a4c5c13e65472fa91',NULL,'',NULL,NULL,NULL,NULL,NULL,NULL,NULL,NULL,0,0,4,NULL,NULL,NULL),(160,386,2,3,4,'2009-04-22 07:48:56','0.00','33.00',NULL,NULL,'#dde7b50c10b62934e2fff432e37ce623',NULL,'',NULL,NULL,NULL,NULL,NULL,NULL,NULL,NULL,0,0,4,NULL,NULL,NULL),(161,453,1,2,2,'2009-02-10 01:43:57','0.00','84.00',NULL,NULL,'#4c697b024aaccaf7b1bb7e633186b39c',NULL,'',NULL,NULL,NULL,NULL,NULL,NULL,NULL,NULL,0,0,1,NULL,NULL,NULL),(162,386,2,1,1,'2008-07-22 02:34:33','0.00','84.00',NULL,NULL,'#853773b245acd991330db4c0b2f7dc26',NULL,'',NULL,NULL,NULL,NULL,NULL,NULL,NULL,NULL,0,0,2,NULL,NULL,NULL),(163,231,1,3,4,'2008-06-02 07:06:05','0.00','82.00',NULL,NULL,'#05fce1973f3fb48b4ddb84df431e0ed6',NULL,'',NULL,NULL,NULL,NULL,NULL,NULL,NULL,NULL,0,0,5,NULL,NULL,NULL),(164,7,1,2,3,'2008-12-28 09:42:58','0.00','73.00',NULL,NULL,'#831af8093cc2e619cfdc5d698b494230',NULL,'',NULL,NULL,NULL,NULL,NULL,NULL,NULL,NULL,0,0,4,NULL,NULL,NULL),(165,333,4,3,3,'2009-03-12 11:19:03','0.00','79.00',NULL,NULL,'#42e7dd2667720c5288b8681a15e235ae',NULL,'',NULL,NULL,NULL,NULL,NULL,NULL,NULL,NULL,0,0,5,NULL,NULL,NULL),(166,253,3,1,4,'2008-06-05 01:11:00','0.00','95.00',NULL,NULL,'#112cd69aaaea2f56b22202567dd39501',NULL,'',NULL,NULL,NULL,NULL,NULL,NULL,NULL,NULL,0,0,4,NULL,NULL,NULL),(167,320,1,2,5,'2008-12-19 06:36:04','0.00','73.00',NULL,NULL,'#f7756977a64f0911e4cafca957a7b8d7',NULL,'',NULL,NULL,NULL,NULL,NULL,NULL,NULL,NULL,0,0,2,NULL,NULL,NULL),(168,55,1,3,4,'2009-01-20 03:38:21','0.00','79.00',NULL,NULL,'#7442f653e8504ee29ed6c0aea6ea4f5b',NULL,'',NULL,NULL,NULL,NULL,NULL,NULL,NULL,NULL,0,0,4,NULL,NULL,NULL),(169,294,2,1,5,'2008-06-17 03:15:55','0.00','31.00',NULL,NULL,'#a56c5baa0ba73a390b8cd62318874e56',NULL,'',NULL,NULL,NULL,NULL,NULL,NULL,NULL,NULL,0,0,6,NULL,NULL,NULL),(170,15,3,1,3,'2009-04-01 06:18:14','0.00','11.00',NULL,NULL,'#3603d4a7a45ac979549f86afc575b871',NULL,'',NULL,NULL,NULL,NULL,NULL,NULL,NULL,NULL,0,0,2,NULL,NULL,NULL),(171,248,2,1,1,'2008-12-21 09:23:03','0.00','73.00',NULL,NULL,'#bfdaac3bc57938947833590dc9249e36',NULL,'',NULL,NULL,NULL,NULL,NULL,NULL,NULL,NULL,0,0,2,NULL,NULL,NULL),(172,451,1,1,4,'2008-05-29 11:31:54','0.00','87.00',NULL,NULL,'#e1433ce8f6e7cd22570d91cbe6d77540',NULL,'',NULL,NULL,NULL,NULL,NULL,NULL,NULL,NULL,0,0,3,NULL,NULL,NULL),(173,13,3,2,5,'2008-11-12 10:42:32','0.00','57.00',NULL,NULL,'#81f40e771740e568feebcc480e4ae303',NULL,'',NULL,NULL,NULL,NULL,NULL,NULL,NULL,NULL,0,0,4,NULL,NULL,NULL),(174,488,4,2,4,'2008-10-25 05:52:52','0.00','85.00',NULL,NULL,'#2c2707a54cbb304aa753e7dc083472b8',NULL,'',NULL,NULL,NULL,NULL,NULL,NULL,NULL,NULL,0,0,6,NULL,NULL,NULL),(175,441,1,1,2,'2008-06-03 06:26:00','0.00','71.00',NULL,NULL,'#e521821fcde4b28950f62762e0e24374',NULL,'',NULL,NULL,NULL,NULL,NULL,NULL,NULL,NULL,0,0,1,NULL,NULL,NULL),(176,226,3,3,5,'2009-01-12 10:55:56','0.00','22.00',NULL,NULL,'#1f3bdcca6523fc6d10111368f3c3cc83',NULL,'',NULL,NULL,NULL,NULL,NULL,NULL,NULL,NULL,0,0,5,NULL,NULL,NULL),(177,445,3,2,4,'2008-12-10 11:36:05','0.00','72.00',NULL,NULL,'#7218d03dfe4650b11f717ed7ebd84485',NULL,'',NULL,NULL,NULL,NULL,NULL,NULL,NULL,NULL,0,0,6,NULL,NULL,NULL),(178,375,3,3,2,'2008-10-06 01:16:06','0.00','62.00',NULL,NULL,'#c357bf3f5ca0adf46f035d6a85aac78b',NULL,'',NULL,NULL,NULL,NULL,NULL,NULL,NULL,NULL,0,0,1,NULL,NULL,NULL),(179,114,2,3,3,'2008-07-12 01:16:11','0.00','73.00',NULL,NULL,'#966626f4ed16ed9fb6d3ac0f81dc04fe',NULL,'',NULL,NULL,NULL,NULL,NULL,NULL,NULL,NULL,0,0,6,NULL,NULL,NULL),(180,327,4,3,3,'2008-09-30 01:08:39','0.00','72.00',NULL,NULL,'#16fa8be8d04f2549ea059d8dbcd22678',NULL,'',NULL,NULL,NULL,NULL,NULL,NULL,NULL,NULL,0,0,5,NULL,NULL,NULL),(181,333,4,3,4,'2009-02-15 05:11:45','0.00','90.00',NULL,NULL,'#f481ecee83aefe88a15cd1e5ae4bf186',NULL,'',NULL,NULL,NULL,NULL,NULL,NULL,NULL,NULL,0,0,2,NULL,NULL,NULL),(182,193,1,1,5,'2009-01-30 10:39:09','0.00','26.00',NULL,NULL,'#2a8f47af63483e490c88e91171b44cc8',NULL,'',NULL,NULL,NULL,NULL,NULL,NULL,NULL,NULL,0,0,3,NULL,NULL,NULL),(183,235,1,1,1,'2008-06-11 10:46:54','0.00','29.00',NULL,NULL,'#621c6fb339015f43990ba3883b8664ad',NULL,'',NULL,NULL,NULL,NULL,NULL,NULL,NULL,NULL,0,0,6,NULL,NULL,NULL),(184,474,4,3,4,'2009-02-24 12:38:17','0.00','86.00',NULL,NULL,'#47fe03cdc6389d59e1472f1c61464ddb',NULL,'',NULL,NULL,NULL,NULL,NULL,NULL,NULL,NULL,0,0,1,NULL,NULL,NULL),(185,248,2,3,2,'2009-04-17 12:58:49','0.00','66.00',NULL,NULL,'#8b1e8130d137d12939015ad370524b23',NULL,'',NULL,NULL,NULL,NULL,NULL,NULL,NULL,NULL,0,0,4,NULL,NULL,NULL),(186,116,2,3,4,'2009-04-17 01:53:23','0.00','86.00',NULL,NULL,'#81c2aa0069bfceebbceffd3e4d3f7468',NULL,'',NULL,NULL,NULL,NULL,NULL,NULL,NULL,NULL,0,0,3,NULL,NULL,NULL),(187,289,4,3,3,'2008-11-09 03:58:46','0.00','48.00',NULL,NULL,'#3049d72a173a20930308b4c659a26c9a',NULL,'',NULL,NULL,NULL,NULL,NULL,NULL,NULL,NULL,0,0,1,NULL,NULL,NULL),(188,121,3,1,1,'2008-07-16 03:22:12','0.00','31.00',NULL,NULL,'#bc67b4f9d6021d101a79c7d725d5a4fd',NULL,'',NULL,NULL,NULL,NULL,NULL,NULL,NULL,NULL,0,0,2,NULL,NULL,NULL),(189,453,2,3,1,'2008-11-21 09:23:08','0.00','26.00',NULL,NULL,'#c9dd0d4645fd33f501a44d5a54a3f005',NULL,'',NULL,NULL,NULL,NULL,NULL,NULL,NULL,NULL,0,0,3,NULL,NULL,NULL),(190,86,2,3,4,'2008-11-16 02:30:17','0.00','78.00',NULL,NULL,'#74e4a6c8544a19e17cc3cf916e9375e2',NULL,'',NULL,NULL,NULL,NULL,NULL,NULL,NULL,NULL,0,0,1,NULL,NULL,NULL),(191,388,4,2,5,'2008-06-09 07:27:41','0.00','24.00',NULL,NULL,'#125919f332c3908982d0d7f69b9664fb',NULL,'',NULL,NULL,NULL,NULL,NULL,NULL,NULL,NULL,0,0,5,NULL,NULL,NULL),(192,432,4,2,3,'2008-06-11 09:55:18','0.00','81.00',NULL,NULL,'#5ccedf6472dedf3b0af9561c9e42cd3c',NULL,'',NULL,NULL,NULL,NULL,NULL,NULL,NULL,NULL,0,0,6,NULL,NULL,NULL),(193,17,3,1,5,'2009-04-14 04:29:45','0.00','69.00',NULL,NULL,'#756b6ec5498c86458b4d19f5d9e6ad3a',NULL,'',NULL,NULL,NULL,NULL,NULL,NULL,NULL,NULL,0,0,6,NULL,NULL,NULL),(194,420,3,3,1,'2008-12-18 07:44:01','0.00','91.00',NULL,NULL,'#d132f38307b0dc6c31cebdf986d169ec',NULL,'',NULL,NULL,NULL,NULL,NULL,NULL,NULL,NULL,0,0,1,NULL,NULL,NULL),(195,90,1,3,3,'2009-01-17 05:34:00','0.00','46.00',NULL,NULL,'#cabcce1088a04918acb6a7c3c4bab4ac',NULL,'',NULL,NULL,NULL,NULL,NULL,NULL,NULL,NULL,0,0,5,NULL,NULL,NULL),(196,228,4,2,4,'2008-09-10 08:30:07','0.00','63.00',NULL,NULL,'#ae432efbe3f42543f5b4a36ca07b9ede',NULL,'',NULL,NULL,NULL,NULL,NULL,NULL,NULL,NULL,0,0,4,NULL,NULL,NULL),(197,117,4,1,4,'2008-09-08 03:55:12','0.00','94.00',NULL,NULL,'#1db4f5c9a588acd29e7bfe865ec0e03c',NULL,'',NULL,NULL,NULL,NULL,NULL,NULL,NULL,NULL,0,0,3,NULL,NULL,NULL),(198,201,2,3,2,'2008-11-10 02:40:11','0.00','29.00',NULL,NULL,'#497bee6e0fee965dfefae2840c86b15e',NULL,'',NULL,NULL,NULL,NULL,NULL,NULL,NULL,NULL,0,0,5,NULL,NULL,NULL),(199,448,4,1,5,'2008-11-16 02:37:44','0.00','61.00',NULL,NULL,'#81e1ae5bebb0bb7bc74fbc1e4c54faa0',NULL,'',NULL,NULL,NULL,NULL,NULL,NULL,NULL,NULL,0,0,2,NULL,NULL,NULL),(200,408,3,1,4,'2008-10-29 11:57:59','0.00','14.00',NULL,NULL,'#66eb7aa40975cdd3bb7f060f5fb573d5',NULL,'',NULL,NULL,NULL,NULL,NULL,NULL,NULL,NULL,0,0,1,NULL,NULL,NULL),(201,475,1,2,2,'2008-10-11 01:31:52','0.00','96.00',NULL,NULL,'#b048a2cdf83206e4e5b2c0992ab8dfc6',NULL,'',NULL,NULL,NULL,NULL,NULL,NULL,NULL,NULL,0,0,1,NULL,NULL,NULL),(202,16,4,3,1,'2009-01-11 04:05:50','0.00','87.00',NULL,NULL,'#a521bc91b09d82c95f084b98da2ffd03',NULL,'',NULL,NULL,NULL,NULL,NULL,NULL,NULL,NULL,0,0,5,NULL,NULL,NULL),(203,42,1,1,1,'2009-03-09 08:13:11','0.00','30.00',NULL,NULL,'#d6e6a537a0dc00d24c425d0f6bbe9aa5',NULL,'',NULL,NULL,NULL,NULL,NULL,NULL,NULL,NULL,0,0,6,NULL,NULL,NULL),(204,427,1,1,4,'2009-05-02 02:12:46','0.00','84.00',NULL,NULL,'#deaa936f1af4b76971edcd88c3a28217',NULL,'',NULL,NULL,NULL,NULL,NULL,NULL,NULL,NULL,0,0,3,NULL,NULL,NULL),(205,110,3,3,5,'2009-03-16 01:31:54','0.00','84.00',NULL,NULL,'#7b224d331e9675910560a4d06d02d022',NULL,'',NULL,NULL,NULL,NULL,NULL,NULL,NULL,NULL,0,0,3,NULL,NULL,NULL),(206,291,2,3,3,'2008-12-09 08:02:17','0.00','24.00',NULL,NULL,'#3c59e09d8ec73aefee9c8b10a6488027',NULL,'',NULL,NULL,NULL,NULL,NULL,NULL,NULL,NULL,0,0,2,NULL,NULL,NULL),(207,426,1,1,1,'2009-02-28 02:56:54','0.00','15.00',NULL,NULL,'#40a78af9c23a13b75ad9293b5178a625',NULL,'',NULL,NULL,NULL,NULL,NULL,NULL,NULL,NULL,0,0,6,NULL,NULL,NULL),(208,405,4,3,5,'2008-11-26 03:27:42','0.00','17.00',NULL,NULL,'#22481d9bebe9a839f512bc15c671d9de',NULL,'',NULL,NULL,NULL,NULL,NULL,NULL,NULL,NULL,0,0,5,NULL,NULL,NULL),(209,483,3,2,5,'2008-09-26 04:39:42','0.00','64.00',NULL,NULL,'#e413c9f5f798f0ae960807a18b6e5009',NULL,'',NULL,NULL,NULL,NULL,NULL,NULL,NULL,NULL,0,0,6,NULL,NULL,NULL),(210,343,2,1,3,'2008-09-26 09:54:28','0.00','75.00',NULL,NULL,'#c8c18a2bf63fbfcce736c898dbb8207c',NULL,'',NULL,NULL,NULL,NULL,NULL,NULL,NULL,NULL,0,0,3,NULL,NULL,NULL),(211,489,1,2,5,'2008-11-08 10:59:12','0.00','82.00',NULL,NULL,'#c5b7942cc79735bcb854b5dd24ff2551',NULL,'',NULL,NULL,NULL,NULL,NULL,NULL,NULL,NULL,0,0,5,NULL,NULL,NULL),(212,33,4,2,2,'2008-11-20 01:16:00','0.00','79.00',NULL,NULL,'#89dea3046c3d51c7a7748ed398c8c50e',NULL,'',NULL,NULL,NULL,NULL,NULL,NULL,NULL,NULL,0,0,1,NULL,NULL,NULL),(213,218,4,3,3,'2008-06-04 07:01:50','0.00','99.00',NULL,NULL,'#468eef93a4fa0d78e12010223083da67',NULL,'',NULL,NULL,NULL,NULL,NULL,NULL,NULL,NULL,0,0,5,NULL,NULL,NULL),(214,462,4,1,2,'2009-04-20 06:43:40','0.00','34.00',NULL,NULL,'#de8c0de046c36ad642029fa42b7de6e0',NULL,'',NULL,NULL,NULL,NULL,NULL,NULL,NULL,NULL,0,0,5,NULL,NULL,NULL),(215,189,4,2,2,'2008-07-28 06:03:42','0.00','20.00',NULL,NULL,'#6249e5b7acfe5d23a5cfc28ff3d08dc3',NULL,'',NULL,NULL,NULL,NULL,NULL,NULL,NULL,NULL,0,0,4,NULL,NULL,NULL),(216,361,2,3,1,'2008-11-22 03:36:06','0.00','36.00',NULL,NULL,'#cc8cc9a5212340faafad938b970d9e73',NULL,'',NULL,NULL,NULL,NULL,NULL,NULL,NULL,NULL,0,0,3,NULL,NULL,NULL),(217,371,2,1,1,'2008-10-12 11:39:08','0.00','29.00',NULL,NULL,'#182651f48609c0d6b38283563b25d2ee',NULL,'',NULL,NULL,NULL,NULL,NULL,NULL,NULL,NULL,0,0,4,NULL,NULL,NULL),(218,42,2,1,4,'2008-10-19 08:50:52','0.00','18.00',NULL,NULL,'#b18232739fc07e1351d11ce4e5fe1f21',NULL,'',NULL,NULL,NULL,NULL,NULL,NULL,NULL,NULL,0,0,4,NULL,NULL,NULL),(219,263,3,3,4,'2008-06-23 09:01:55','0.00','57.00',NULL,NULL,'#a41903ae2520b3e29b9289eb6ad5334a',NULL,'',NULL,NULL,NULL,NULL,NULL,NULL,NULL,NULL,0,0,1,NULL,NULL,NULL),(220,211,3,1,5,'2008-09-22 07:15:57','0.00','32.00',NULL,NULL,'#7fe5f8e596469498948b24edb69a2006',NULL,'',NULL,NULL,NULL,NULL,NULL,NULL,NULL,NULL,0,0,2,NULL,NULL,NULL),(221,279,1,3,2,'2008-08-28 12:05:17','0.00','60.00',NULL,NULL,'#a6672389f6c43785e5671e48432f4998',NULL,'',NULL,NULL,NULL,NULL,NULL,NULL,NULL,NULL,0,0,5,NULL,NULL,NULL),(222,206,4,3,4,'2008-06-03 10:03:44','0.00','32.00',NULL,NULL,'#6a80ca3b2a9df06243e7a16eb97ad7d4',NULL,'',NULL,NULL,NULL,NULL,NULL,NULL,NULL,NULL,0,0,1,NULL,NULL,NULL),(223,173,2,2,5,'2009-02-13 09:56:15','0.00','15.00',NULL,NULL,'#348b215a5fa960db3b7e2391e2147b1f',NULL,'',NULL,NULL,NULL,NULL,NULL,NULL,NULL,NULL,0,0,5,NULL,NULL,NULL),(224,148,4,3,5,'2009-01-03 03:29:19','0.00','22.00',NULL,NULL,'#09b738bf66013b5b9a4eb3bfb5246086',NULL,'',NULL,NULL,NULL,NULL,NULL,NULL,NULL,NULL,0,0,5,NULL,NULL,NULL),(225,50,4,1,1,'2009-04-03 09:44:48','0.00','73.00',NULL,NULL,'#d5823f6567bf11868ffc8d2f9aaad7ad',NULL,'',NULL,NULL,NULL,NULL,NULL,NULL,NULL,NULL,0,0,5,NULL,NULL,NULL),(226,18,2,2,1,'2008-12-11 09:46:28','0.00','78.00',NULL,NULL,'#8511cb798e886c4a9cf43f31348159f4',NULL,'',NULL,NULL,NULL,NULL,NULL,NULL,NULL,NULL,0,0,4,NULL,NULL,NULL),(227,365,4,1,5,'2009-02-20 04:36:28','0.00','51.00',NULL,NULL,'#11ee3b79798d1d028974bd26850e7581',NULL,'',NULL,NULL,NULL,NULL,NULL,NULL,NULL,NULL,0,0,2,NULL,NULL,NULL),(228,204,2,3,2,'2008-10-02 04:43:31','0.00','68.00',NULL,NULL,'#c3b10327a0eec4c322a1c716e4ac021b',NULL,'',NULL,NULL,NULL,NULL,NULL,NULL,NULL,NULL,0,0,4,NULL,NULL,NULL),(229,447,3,2,4,'2008-08-24 04:44:03','0.00','31.00',NULL,NULL,'#0f48c9143d6cd9d3c8852b0be59711bc',NULL,'',NULL,NULL,NULL,NULL,NULL,NULL,NULL,NULL,0,0,3,NULL,NULL,NULL),(230,425,1,2,1,'2008-06-12 11:13:02','0.00','57.00',NULL,NULL,'#61fbf6b65fd52b84d60fcde19f24f7be',NULL,'',NULL,NULL,NULL,NULL,NULL,NULL,NULL,NULL,0,0,5,NULL,NULL,NULL),(231,136,1,1,3,'2008-10-29 05:30:56','0.00','50.00',NULL,NULL,'#01d430564d2a2166dbd6b6f54917d0cb',NULL,'',NULL,NULL,NULL,NULL,NULL,NULL,NULL,NULL,0,0,4,NULL,NULL,NULL),(232,118,2,2,4,'2009-04-04 06:33:33','0.00','30.00',NULL,NULL,'#0f3a1e47b747ff37a7c1e793c9b11d60',NULL,'',NULL,NULL,NULL,NULL,NULL,NULL,NULL,NULL,0,0,5,NULL,NULL,NULL),(233,367,2,1,3,'2008-08-05 11:45:08','0.00','68.00',NULL,NULL,'#021b8e44ba4de98e91b6ce69568776b1',NULL,'',NULL,NULL,NULL,NULL,NULL,NULL,NULL,NULL,0,0,4,NULL,NULL,NULL),(234,108,3,2,3,'2008-08-06 04:49:18','0.00','88.00',NULL,NULL,'#7d5ecec24504ba60d6e3be517ed8e43c',NULL,'',NULL,NULL,NULL,NULL,NULL,NULL,NULL,NULL,0,0,5,NULL,NULL,NULL),(235,77,1,2,1,'2008-12-25 10:12:37','0.00','49.00',NULL,NULL,'#7d24b6fd25d4a4d6833ac3b8a2b7e1b6',NULL,'',NULL,NULL,NULL,NULL,NULL,NULL,NULL,NULL,0,0,4,NULL,NULL,NULL),(236,284,4,2,5,'2009-03-18 04:32:31','0.00','39.00',NULL,NULL,'#9aa922c8acfb5f75ee821f112871378f',NULL,'',NULL,NULL,NULL,NULL,NULL,NULL,NULL,NULL,0,0,1,NULL,NULL,NULL),(237,50,1,1,4,'2008-09-30 03:21:48','0.00','20.00',NULL,NULL,'#2177b59ad700b706a330601ad374ce4f',NULL,'',NULL,NULL,NULL,NULL,NULL,NULL,NULL,NULL,0,0,5,NULL,NULL,NULL),(238,70,2,1,3,'2008-09-12 01:28:44','0.00','77.00',NULL,NULL,'#219f28614847fc538897fecca2ea06c0',NULL,'',NULL,NULL,NULL,NULL,NULL,NULL,NULL,NULL,0,0,1,NULL,NULL,NULL),(239,187,2,1,2,'2008-08-31 08:23:31','0.00','97.00',NULL,NULL,'#c981198084972a841ab590a991a626c2',NULL,'',NULL,NULL,NULL,NULL,NULL,NULL,NULL,NULL,0,0,6,NULL,NULL,NULL),(240,228,2,2,5,'2008-09-01 08:50:25','0.00','33.00',NULL,NULL,'#5e25f2b48c180edc787ab927e5d0d1d2',NULL,'',NULL,NULL,NULL,NULL,NULL,NULL,NULL,NULL,0,0,6,NULL,NULL,NULL),(241,468,2,3,4,'2008-07-29 07:59:08','0.00','31.00',NULL,NULL,'#4a33e6463e0a9a5e658088c4df098d20',NULL,'',NULL,NULL,NULL,NULL,NULL,NULL,NULL,NULL,0,0,1,NULL,NULL,NULL),(242,62,3,1,4,'2008-09-14 07:38:05','0.00','63.00',NULL,NULL,'#de1ca299207bdd11e50923cd4bbaad3d',NULL,'',NULL,NULL,NULL,NULL,NULL,NULL,NULL,NULL,0,0,6,NULL,NULL,NULL),(243,154,3,2,4,'2008-09-20 05:09:56','0.00','35.00',NULL,NULL,'#51c7ed3eca61c5c23cc2ca29f1475cff',NULL,'',NULL,NULL,NULL,NULL,NULL,NULL,NULL,NULL,0,0,1,NULL,NULL,NULL),(244,238,4,2,3,'2008-05-31 10:42:19','0.00','77.00',NULL,NULL,'#30c97c8eefcc1fc663952cc358da7f98',NULL,'',NULL,NULL,NULL,NULL,NULL,NULL,NULL,NULL,0,0,6,NULL,NULL,NULL),(245,425,3,3,5,'2008-07-27 09:47:25','0.00','18.00',NULL,NULL,'#f6292577edfbbab8beb615c2b0dbbe53',NULL,'',NULL,NULL,NULL,NULL,NULL,NULL,NULL,NULL,0,0,5,NULL,NULL,NULL),(246,361,1,1,4,'2008-07-09 09:43:36','0.00','85.00',NULL,NULL,'#b9e675676f3efbb8c1913b02c04e44fd',NULL,'',NULL,NULL,NULL,NULL,NULL,NULL,NULL,NULL,0,0,3,NULL,NULL,NULL),(247,438,1,1,2,'2009-01-13 11:28:09','0.00','56.00',NULL,NULL,'#d26170058bbc792cb6e0ef1f06ce034e',NULL,'',NULL,NULL,NULL,NULL,NULL,NULL,NULL,NULL,0,0,3,NULL,NULL,NULL),(248,299,2,2,2,'2008-12-21 08:30:15','0.00','27.00',NULL,NULL,'#3bcb5f264815bf6d22b0de8d30ad9c63',NULL,'',NULL,NULL,NULL,NULL,NULL,NULL,NULL,NULL,0,0,2,NULL,NULL,NULL),(249,438,1,1,1,'2009-01-28 04:49:59','0.00','52.00',NULL,NULL,'#0836f22ca65f8a7ef7346d0c1e9ec32c',NULL,'',NULL,NULL,NULL,NULL,NULL,NULL,NULL,NULL,0,0,3,NULL,NULL,NULL),(250,175,4,3,2,'2008-08-17 04:24:20','0.00','87.00',NULL,NULL,'#e03b1d0202cdec2fe8c0766159c43768',NULL,'',NULL,NULL,NULL,NULL,NULL,NULL,NULL,NULL,0,0,3,NULL,NULL,NULL),(251,139,2,3,2,'2009-03-16 09:48:11','0.00','60.00',NULL,NULL,'#807f63d28c4f759671eb26f79bb80295',NULL,'',NULL,NULL,NULL,NULL,NULL,NULL,NULL,NULL,0,0,5,NULL,NULL,NULL),(252,341,3,1,1,'2009-05-10 05:48:53','0.00','49.00',NULL,NULL,'#02c6aece68c78226bcec714fad81523e',NULL,'',NULL,NULL,NULL,NULL,NULL,NULL,NULL,NULL,0,0,5,NULL,NULL,NULL),(253,147,2,1,2,'2008-09-24 02:33:59','0.00','12.00',NULL,NULL,'#fd744e929c378c043b9d11fcefcf47b9',NULL,'',NULL,NULL,NULL,NULL,NULL,NULL,NULL,NULL,0,0,6,NULL,NULL,NULL),(254,229,2,2,5,'2008-11-17 07:01:23','0.00','92.00',NULL,NULL,'#ed4516b0b40fad2dac3f94307c7aea05',NULL,'',NULL,NULL,NULL,NULL,NULL,NULL,NULL,NULL,0,0,3,NULL,NULL,NULL),(255,283,3,3,4,'2009-03-07 10:00:57','0.00','22.00',NULL,NULL,'#ee22afcde5a389015b64701f5847f0ff',NULL,'',NULL,NULL,NULL,NULL,NULL,NULL,NULL,NULL,0,0,6,NULL,NULL,NULL),(256,169,2,2,1,'2008-10-11 06:15:21','0.00','96.00',NULL,NULL,'#c47284cae6a06e6c1dca663da5d1cf1d',NULL,'',NULL,NULL,NULL,NULL,NULL,NULL,NULL,NULL,0,0,4,NULL,NULL,NULL),(257,330,1,3,4,'2008-07-03 04:35:09','0.00','83.00',NULL,NULL,'#f5300fb2bc594bd975342baa1b98485e',NULL,'',NULL,NULL,NULL,NULL,NULL,NULL,NULL,NULL,0,0,6,NULL,NULL,NULL),(258,329,4,3,4,'2008-12-15 12:00:34','0.00','18.00',NULL,NULL,'#7783062c37fb17207e00638f7d3b8ed2',NULL,'',NULL,NULL,NULL,NULL,NULL,NULL,NULL,NULL,0,0,2,NULL,NULL,NULL),(259,119,2,3,3,'2008-08-11 02:44:20','0.00','60.00',NULL,NULL,'#2c4e9dfa5ae15cd9568c9ad75789ae8d',NULL,'',NULL,NULL,NULL,NULL,NULL,NULL,NULL,NULL,0,0,6,NULL,NULL,NULL),(260,389,1,3,4,'2008-10-01 10:04:14','0.00','78.00',NULL,NULL,'#a99fce80b7abe0795b952f921863ddba',NULL,'',NULL,NULL,NULL,NULL,NULL,NULL,NULL,NULL,0,0,6,NULL,NULL,NULL),(261,474,2,1,3,'2008-08-14 10:34:26','0.00','65.00',NULL,NULL,'#afe11f726ad3025c86240fd4bed3b755',NULL,'',NULL,NULL,NULL,NULL,NULL,NULL,NULL,NULL,0,0,4,NULL,NULL,NULL),(262,361,2,3,4,'2009-02-27 10:45:31','0.00','74.00',NULL,NULL,'#c8874cc9698ac452c37cc6b22b74b9bf',NULL,'',NULL,NULL,NULL,NULL,NULL,NULL,NULL,NULL,0,0,5,NULL,NULL,NULL),(263,449,1,3,4,'2008-08-10 11:57:04','0.00','23.00',NULL,NULL,'#5ed9be3d0f89563047748ef4ab866b06',NULL,'',NULL,NULL,NULL,NULL,NULL,NULL,NULL,NULL,0,0,3,NULL,NULL,NULL),(264,389,4,2,3,'2008-07-07 09:40:22','0.00','32.00',NULL,NULL,'#157284e7b7c6de4f7f3bc9f70d3204f5',NULL,'',NULL,NULL,NULL,NULL,NULL,NULL,NULL,NULL,0,0,6,NULL,NULL,NULL),(265,83,1,1,2,'2008-12-19 06:24:11','0.00','27.00',NULL,NULL,'#a620ca2e111d0113d04c5aac6ff45ff5',NULL,'',NULL,NULL,NULL,NULL,NULL,NULL,NULL,NULL,0,0,2,NULL,NULL,NULL),(266,286,4,3,2,'2008-07-01 04:17:20','0.00','87.00',NULL,NULL,'#f7daf6f68b529ef9f2cd1219817740f1',NULL,'',NULL,NULL,NULL,NULL,NULL,NULL,NULL,NULL,0,0,5,NULL,NULL,NULL),(267,336,2,3,3,'2009-02-26 03:40:54','0.00','24.00',NULL,NULL,'#e0e5f7a45cb76741670c0383719c600c',NULL,'',NULL,NULL,NULL,NULL,NULL,NULL,NULL,NULL,0,0,3,NULL,NULL,NULL),(268,220,1,2,3,'2008-07-20 04:44:27','0.00','45.00',NULL,NULL,'#b34a79f916c616d42fe3a5171eb8a554',NULL,'',NULL,NULL,NULL,NULL,NULL,NULL,NULL,NULL,0,0,2,NULL,NULL,NULL),(269,269,1,3,5,'2009-04-22 02:10:18','0.00','85.00',NULL,NULL,'#7927353787a1764b9b90cecb82bf4bf1',NULL,'',NULL,NULL,NULL,NULL,NULL,NULL,NULL,NULL,0,0,5,NULL,NULL,NULL),(270,232,1,1,2,'2008-09-24 09:45:28','0.00','19.00',NULL,NULL,'#c15a14a3dbbda1c2fad39297db8b9bee',NULL,'',NULL,NULL,NULL,NULL,NULL,NULL,NULL,NULL,0,0,4,NULL,NULL,NULL),(271,345,4,2,3,'2009-01-01 03:42:53','0.00','78.00',NULL,NULL,'#d629d84add089b1c6b4303712d5a3c7f',NULL,'',NULL,NULL,NULL,NULL,NULL,NULL,NULL,NULL,0,0,2,NULL,NULL,NULL),(272,279,2,1,5,'2009-03-21 06:03:48','0.00','14.00',NULL,NULL,'#fe10a65e8b656340342cf96499bba726',NULL,'',NULL,NULL,NULL,NULL,NULL,NULL,NULL,NULL,0,0,3,NULL,NULL,NULL),(273,135,4,2,4,'2008-09-25 03:29:28','0.00','82.00',NULL,NULL,'#3ffe90f96f7b42be7e1994148fe07644',NULL,'',NULL,NULL,NULL,NULL,NULL,NULL,NULL,NULL,0,0,2,NULL,NULL,NULL),(274,11,3,2,4,'2008-12-21 07:32:15','0.00','69.00',NULL,NULL,'#ed3a2de2770914fa4d0c29983203b78e',NULL,'',NULL,NULL,NULL,NULL,NULL,NULL,NULL,NULL,0,0,5,NULL,NULL,NULL),(275,157,2,1,4,'2008-12-15 04:18:05','0.00','68.00',NULL,NULL,'#05bdfe6d97791f41de281bc221bb0ff2',NULL,'',NULL,NULL,NULL,NULL,NULL,NULL,NULL,NULL,0,0,1,NULL,NULL,NULL),(276,396,1,3,1,'2008-06-09 10:30:54','0.00','90.00',NULL,NULL,'#b8795ccc99b2a7f71fb0a5029564bcd8',NULL,'',NULL,NULL,NULL,NULL,NULL,NULL,NULL,NULL,0,0,3,NULL,NULL,NULL),(277,307,2,2,5,'2009-02-11 10:54:17','0.00','69.00',NULL,NULL,'#29971c54ebc1a0907dc661648b477990',NULL,'',NULL,NULL,NULL,NULL,NULL,NULL,NULL,NULL,0,0,4,NULL,NULL,NULL),(278,271,3,3,1,'2008-12-24 06:41:25','0.00','63.00',NULL,NULL,'#85d5129aa60c6374a9cbfc545916fe14',NULL,'',NULL,NULL,NULL,NULL,NULL,NULL,NULL,NULL,0,0,2,NULL,NULL,NULL),(279,57,2,2,1,'2009-02-22 08:28:23','0.00','55.00',NULL,NULL,'#02fcee68d9f53bd338aa25a67b0e939e',NULL,'',NULL,NULL,NULL,NULL,NULL,NULL,NULL,NULL,0,0,1,NULL,NULL,NULL),(280,78,1,3,3,'2008-12-05 07:06:18','0.00','11.00',NULL,NULL,'#66905efa3beb23690c30d07a9148391b',NULL,'',NULL,NULL,NULL,NULL,NULL,NULL,NULL,NULL,0,0,3,NULL,NULL,NULL),(281,25,2,1,2,'2009-05-10 02:11:53','0.00','99.00',NULL,NULL,'#8efd69486c99cc016110ed1a74ade32c',NULL,'',NULL,NULL,NULL,NULL,NULL,NULL,NULL,NULL,0,0,6,NULL,NULL,NULL),(282,437,1,3,2,'2009-04-22 11:36:27','0.00','96.00',NULL,NULL,'#20cfe9680e5b71717a18440439d17ee4',NULL,'',NULL,NULL,NULL,NULL,NULL,NULL,NULL,NULL,0,0,2,NULL,NULL,NULL),(283,174,3,3,1,'2009-04-21 02:32:22','0.00','17.00',NULL,NULL,'#328686c212e14383f8c9ea0992ce6030',NULL,'',NULL,NULL,NULL,NULL,NULL,NULL,NULL,NULL,0,0,1,NULL,NULL,NULL),(284,128,2,2,2,'2009-04-27 10:09:57','0.00','80.00',NULL,NULL,'#2250f18f3b022eef6e70ce8f53e0eb18',NULL,'',NULL,NULL,NULL,NULL,NULL,NULL,NULL,NULL,0,0,1,NULL,NULL,NULL),(285,258,3,2,1,'2008-10-15 12:01:17','0.00','32.00',NULL,NULL,'#8ea88a836ffbd17bbf5a4de51ff90777',NULL,'',NULL,NULL,NULL,NULL,NULL,NULL,NULL,NULL,0,0,3,NULL,NULL,NULL),(286,276,1,1,3,'2009-04-01 02:25:25','0.00','22.00',NULL,NULL,'#db3e3c8f73cbe0ba6da49e6b9d599a6b',NULL,'',NULL,NULL,NULL,NULL,NULL,NULL,NULL,NULL,0,0,3,NULL,NULL,NULL),(287,414,3,3,2,'2008-06-15 10:17:52','0.00','31.00',NULL,NULL,'#e3855074100a644e315e80a238bf7888',NULL,'',NULL,NULL,NULL,NULL,NULL,NULL,NULL,NULL,0,0,2,NULL,NULL,NULL),(288,15,4,3,3,'2008-10-18 04:46:01','0.00','46.00',NULL,NULL,'#895843a0ea74c7c971b3a55a1dc9e0a9',NULL,'',NULL,NULL,NULL,NULL,NULL,NULL,NULL,NULL,0,0,3,NULL,NULL,NULL),(289,42,3,3,3,'2008-10-22 07:19:47','0.00','95.00',NULL,NULL,'#0de222445cbe3bd11e002e3791858461',NULL,'',NULL,NULL,NULL,NULL,NULL,NULL,NULL,NULL,0,0,6,NULL,NULL,NULL),(290,150,3,1,5,'2008-10-13 11:30:24','0.00','69.00',NULL,NULL,'#a2959858eb8b4c2840f84b8f6123ef8e',NULL,'',NULL,NULL,NULL,NULL,NULL,NULL,NULL,NULL,0,0,2,NULL,NULL,NULL),(291,100,4,3,1,'2009-05-04 11:56:56','0.00','38.00',NULL,NULL,'#a2bb07d14d485ba073d80df2e7014ea4',NULL,'',NULL,NULL,NULL,NULL,NULL,NULL,NULL,NULL,0,0,4,NULL,NULL,NULL),(292,110,4,2,5,'2008-07-24 05:26:09','0.00','44.00',NULL,NULL,'#5412a4b8ad800cefa877042d877fbe52',NULL,'',NULL,NULL,NULL,NULL,NULL,NULL,NULL,NULL,0,0,5,NULL,NULL,NULL),(293,354,4,2,5,'2008-12-16 10:22:15','0.00','30.00',NULL,NULL,'#03241277500e7a1cb714b24e515145ec',NULL,'',NULL,NULL,NULL,NULL,NULL,NULL,NULL,NULL,0,0,5,NULL,NULL,NULL),(294,431,3,2,4,'2008-06-30 03:18:59','0.00','16.00',NULL,NULL,'#70c9075fe12db3fcc225e60d813619d0',NULL,'',NULL,NULL,NULL,NULL,NULL,NULL,NULL,NULL,0,0,2,NULL,NULL,NULL),(295,192,2,2,4,'2008-08-23 04:07:57','0.00','65.00',NULL,NULL,'#8ce808bede8d764cf8c01e228ba53769',NULL,'',NULL,NULL,NULL,NULL,NULL,NULL,NULL,NULL,0,0,6,NULL,NULL,NULL),(296,192,3,2,4,'2009-01-02 04:20:31','0.00','44.00',NULL,NULL,'#1d6b72ac08277ee16b7cbb66674cd551',NULL,'',NULL,NULL,NULL,NULL,NULL,NULL,NULL,NULL,0,0,6,NULL,NULL,NULL),(297,73,1,1,1,'2009-03-23 08:25:29','0.00','96.00',NULL,NULL,'#22ef274758b6b1d740643269038ab4f5',NULL,'',NULL,NULL,NULL,NULL,NULL,NULL,NULL,NULL,0,0,5,NULL,NULL,NULL),(298,474,2,1,2,'2008-10-02 01:35:53','0.00','30.00',NULL,NULL,'#0ff204551a09a3d3e1bc50144416286d',NULL,'',NULL,NULL,NULL,NULL,NULL,NULL,NULL,NULL,0,0,6,NULL,NULL,NULL),(299,110,3,2,3,'2009-05-06 07:11:23','0.00','26.00',NULL,NULL,'#d09ac922822979afe712d4c6eaf050fc',NULL,'',NULL,NULL,NULL,NULL,NULL,NULL,NULL,NULL,0,0,4,NULL,NULL,NULL),(300,112,4,3,2,'2008-06-03 09:31:47','0.00','82.00',NULL,NULL,'#9d0e079896c5b55f75d910b75e2ad089',NULL,'',NULL,NULL,NULL,NULL,NULL,NULL,NULL,NULL,0,0,4,NULL,NULL,NULL),(301,122,1,3,3,'2008-10-01 11:34:20','0.00','71.00',NULL,NULL,'#7906f9434e9958d7b9ddf6e21a4937b1',NULL,'',NULL,NULL,NULL,NULL,NULL,NULL,NULL,NULL,0,0,4,NULL,NULL,NULL),(302,355,1,2,4,'2008-05-30 03:16:20','0.00','37.00',NULL,NULL,'#5aa1edc4bc9e46a5c20cfe6bb48a2295',NULL,'',NULL,NULL,NULL,NULL,NULL,NULL,NULL,NULL,0,0,2,NULL,NULL,NULL),(303,447,3,2,1,'2008-11-14 06:42:43','0.00','67.00',NULL,NULL,'#b3a90551b27588693a0e4fb752d292c1',NULL,'',NULL,NULL,NULL,NULL,NULL,NULL,NULL,NULL,0,0,1,NULL,NULL,NULL),(304,447,2,2,2,'2008-07-24 12:23:19','0.00','72.00',NULL,NULL,'#bae9a5f787370786b121b66ee9f21d97',NULL,'',NULL,NULL,NULL,NULL,NULL,NULL,NULL,NULL,0,0,1,NULL,NULL,NULL),(305,65,1,2,3,'2008-07-15 04:38:36','0.00','27.00',NULL,NULL,'#53cdc95b225d41c4a69f55991505506a',NULL,'',NULL,NULL,NULL,NULL,NULL,NULL,NULL,NULL,0,0,5,NULL,NULL,NULL),(306,180,4,2,3,'2008-12-03 01:43:19','0.00','59.00',NULL,NULL,'#58107bdebadc296d630e8e77039ca8fd',NULL,'',NULL,NULL,NULL,NULL,NULL,NULL,NULL,NULL,0,0,3,NULL,NULL,NULL),(307,483,1,1,5,'2009-03-18 06:53:18','0.00','24.00',NULL,NULL,'#495bb9b6548fef85622f982e69b05d7a',NULL,'',NULL,NULL,NULL,NULL,NULL,NULL,NULL,NULL,0,0,5,NULL,NULL,NULL),(308,171,2,3,4,'2008-09-24 03:23:32','0.00','44.00',NULL,NULL,'#b9759bf8108035f4ece7e38a3d0bebf3',NULL,'',NULL,NULL,NULL,NULL,NULL,NULL,NULL,NULL,0,0,6,NULL,NULL,NULL),(309,487,3,3,4,'2008-09-03 04:43:23','0.00','61.00',NULL,NULL,'#ac98ff2e421c19670198f38b63f5a110',NULL,'',NULL,NULL,NULL,NULL,NULL,NULL,NULL,NULL,0,0,4,NULL,NULL,NULL),(310,153,2,1,1,'2008-06-27 12:05:42','0.00','10.00',NULL,NULL,'#a000701ab2c7abf79e90ef15f0aa24e0',NULL,'',NULL,NULL,NULL,NULL,NULL,NULL,NULL,NULL,0,0,4,NULL,NULL,NULL),(311,361,4,3,2,'2009-02-28 05:57:00','0.00','46.00',NULL,NULL,'#929f24ceac7c42218a51531c2e9c7a9c',NULL,'',NULL,NULL,NULL,NULL,NULL,NULL,NULL,NULL,0,0,6,NULL,NULL,NULL),(312,43,3,2,1,'2008-12-29 06:03:30','0.00','86.00',NULL,NULL,'#8ec1252e821d0394d12afa5dc8e79ca7',NULL,'',NULL,NULL,NULL,NULL,NULL,NULL,NULL,NULL,0,0,5,NULL,NULL,NULL),(313,329,2,2,4,'2009-01-09 07:10:46','0.00','12.00',NULL,NULL,'#5cac552696eb958c4b64cef3d347f1d4',NULL,'',NULL,NULL,NULL,NULL,NULL,NULL,NULL,NULL,0,0,2,NULL,NULL,NULL),(314,61,2,3,4,'2008-06-16 06:20:00','0.00','91.00',NULL,NULL,'#bb6c5ee7ab32c1ae4a068db4093784ff',NULL,'',NULL,NULL,NULL,NULL,NULL,NULL,NULL,NULL,0,0,3,NULL,NULL,NULL),(315,205,4,3,4,'2008-11-17 01:19:25','0.00','78.00',NULL,NULL,'#db74239c66fb31ca3870c5693b1dc728',NULL,'',NULL,NULL,NULL,NULL,NULL,NULL,NULL,NULL,0,0,2,NULL,NULL,NULL),(316,335,3,1,5,'2009-02-02 10:18:48','0.00','85.00',NULL,NULL,'#feb35d9d08ff59de8718072ba30ed385',NULL,'',NULL,NULL,NULL,NULL,NULL,NULL,NULL,NULL,0,0,4,NULL,NULL,NULL),(317,176,4,1,5,'2009-04-19 06:19:40','0.00','87.00',NULL,NULL,'#57b4d1bfd366b3a6bf1f281a94e689fd',NULL,'',NULL,NULL,NULL,NULL,NULL,NULL,NULL,NULL,0,0,2,NULL,NULL,NULL),(318,416,1,1,2,'2009-03-05 10:04:27','0.00','49.00',NULL,NULL,'#31eeef4da325bfddb3142a2342e5f7c8',NULL,'',NULL,NULL,NULL,NULL,NULL,NULL,NULL,NULL,0,0,6,NULL,NULL,NULL),(319,82,1,1,1,'2009-03-05 04:52:15','0.00','81.00',NULL,NULL,'#a0df141fc3599b1d1cbe835b3c7c212e',NULL,'',NULL,NULL,NULL,NULL,NULL,NULL,NULL,NULL,0,0,4,NULL,NULL,NULL),(320,343,3,3,3,'2008-08-21 07:14:50','0.00','73.00',NULL,NULL,'#52dd272956f1a76e9434f55ae9b27b03',NULL,'',NULL,NULL,NULL,NULL,NULL,NULL,NULL,NULL,0,0,3,NULL,NULL,NULL),(321,236,2,3,2,'2009-01-04 01:07:42','0.00','11.00',NULL,NULL,'#016a83372b461274e12faf7ffff8a8b7',NULL,'',NULL,NULL,NULL,NULL,NULL,NULL,NULL,NULL,0,0,3,NULL,NULL,NULL),(322,334,2,1,3,'2008-11-27 12:22:37','0.00','93.00',NULL,NULL,'#d1de17059635fe6d74f19862ea6fcf1d',NULL,'',NULL,NULL,NULL,NULL,NULL,NULL,NULL,NULL,0,0,2,NULL,NULL,NULL),(323,165,4,2,1,'2009-01-16 01:36:35','0.00','57.00',NULL,NULL,'#7daef805fbb0c56ecafebe36e2c786a1',NULL,'',NULL,NULL,NULL,NULL,NULL,NULL,NULL,NULL,0,0,2,NULL,NULL,NULL),(324,462,1,1,4,'2008-07-11 07:03:27','0.00','70.00',NULL,NULL,'#df350b0bbf40613679eb61804d429f30',NULL,'',NULL,NULL,NULL,NULL,NULL,NULL,NULL,NULL,0,0,3,NULL,NULL,NULL),(325,154,4,3,2,'2009-01-11 05:36:42','0.00','14.00',NULL,NULL,'#e68593427be0976c37e8ac589b598c31',NULL,'',NULL,NULL,NULL,NULL,NULL,NULL,NULL,NULL,0,0,4,NULL,NULL,NULL),(326,383,2,3,1,'2009-02-14 01:23:56','0.00','58.00',NULL,NULL,'#9f4311f9362b7dc034041eef1198d19e',NULL,'',NULL,NULL,NULL,NULL,NULL,NULL,NULL,NULL,0,0,5,NULL,NULL,NULL),(327,486,3,1,4,'2009-05-03 11:32:14','0.00','61.00',NULL,NULL,'#3785c3c240a3a26ace6379d3bbf0edfb',NULL,'',NULL,NULL,NULL,NULL,NULL,NULL,NULL,NULL,0,0,3,NULL,NULL,NULL),(328,120,2,3,2,'2009-03-23 10:37:56','0.00','19.00',NULL,NULL,'#4757ac26f7ac8ef7e60c0423b8c0406b',NULL,'',NULL,NULL,NULL,NULL,NULL,NULL,NULL,NULL,0,0,2,NULL,NULL,NULL),(329,322,3,2,3,'2008-10-03 04:12:13','0.00','37.00',NULL,NULL,'#2100a5babb4604f49dfac78393965f01',NULL,'',NULL,NULL,NULL,NULL,NULL,NULL,NULL,NULL,0,0,1,NULL,NULL,NULL),(330,411,2,3,5,'2009-01-18 09:30:06','0.00','67.00',NULL,NULL,'#a42a1f108f792472b9256ac32f467045',NULL,'',NULL,NULL,NULL,NULL,NULL,NULL,NULL,NULL,0,0,6,NULL,NULL,NULL),(331,345,3,1,3,'2008-07-10 08:27:01','0.00','98.00',NULL,NULL,'#3cc303796e68bc475027d7905a1b229d',NULL,'',NULL,NULL,NULL,NULL,NULL,NULL,NULL,NULL,0,0,1,NULL,NULL,NULL),(332,149,4,3,1,'2008-10-05 06:31:10','0.00','73.00',NULL,NULL,'#d3d75216a1d21648fff18c5505f339d6',NULL,'',NULL,NULL,NULL,NULL,NULL,NULL,NULL,NULL,0,0,6,NULL,NULL,NULL),(333,316,1,1,5,'2008-11-20 09:49:55','0.00','47.00',NULL,NULL,'#00cff4f165baab507fc3cbf4b40bdc05',NULL,'',NULL,NULL,NULL,NULL,NULL,NULL,NULL,NULL,0,0,6,NULL,NULL,NULL),(334,298,1,1,4,'2008-07-18 11:06:15','0.00','63.00',NULL,NULL,'#98180316d3dbba5f5ecd0bd2702dc372',NULL,'',NULL,NULL,NULL,NULL,NULL,NULL,NULL,NULL,0,0,1,NULL,NULL,NULL),(335,261,3,1,3,'2008-09-03 09:15:24','0.00','79.00',NULL,NULL,'#bae9cbfbfb5f1893d1aaf420f69b1915',NULL,'',NULL,NULL,NULL,NULL,NULL,NULL,NULL,NULL,0,0,4,NULL,NULL,NULL),(336,198,4,2,1,'2008-10-03 09:25:04','0.00','41.00',NULL,NULL,'#a71a7344737999b7f45e0eca49c1040a',NULL,'',NULL,NULL,NULL,NULL,NULL,NULL,NULL,NULL,0,0,2,NULL,NULL,NULL),(337,194,4,1,4,'2008-07-17 12:07:24','0.00','82.00',NULL,NULL,'#c4964dc92808ecc0a3e1e30fe754903e',NULL,'',NULL,NULL,NULL,NULL,NULL,NULL,NULL,NULL,0,0,1,NULL,NULL,NULL),(338,276,3,1,2,'2009-05-09 06:26:37','0.00','75.00',NULL,NULL,'#2018ba13db7d6005f465b0cbfdee5249',NULL,'',NULL,NULL,NULL,NULL,NULL,NULL,NULL,NULL,0,0,4,NULL,NULL,NULL),(339,430,2,1,1,'2009-01-07 11:58:58','0.00','46.00',NULL,NULL,'#3192b561b3e1838be034133af34901e7',NULL,'',NULL,NULL,NULL,NULL,NULL,NULL,NULL,NULL,0,0,6,NULL,NULL,NULL),(340,94,1,3,2,'2008-09-28 12:23:30','0.00','39.00',NULL,NULL,'#c92e16152a6f1360258e41b464a73078',NULL,'',NULL,NULL,NULL,NULL,NULL,NULL,NULL,NULL,0,0,2,NULL,NULL,NULL),(341,38,2,1,1,'2008-09-06 10:49:22','0.00','81.00',NULL,NULL,'#bb241ccf565c3941fb7e30d994e8f591',NULL,'',NULL,NULL,NULL,NULL,NULL,NULL,NULL,NULL,0,0,5,NULL,NULL,NULL),(342,139,2,2,3,'2009-05-22 09:23:37','0.00','37.00',NULL,NULL,'#9b0ddc072bfbd09c12a1f8e714d189c3',NULL,'',NULL,NULL,NULL,NULL,NULL,NULL,NULL,NULL,0,0,2,NULL,NULL,NULL),(343,160,1,3,1,'2008-08-16 02:48:43','0.00','63.00',NULL,NULL,'#6ae5303e6c8e3fe46c6d2ad08bcc1408',NULL,'',NULL,NULL,NULL,NULL,NULL,NULL,NULL,NULL,0,0,3,NULL,NULL,NULL),(344,142,2,1,4,'2008-06-27 08:28:07','0.00','82.00',NULL,NULL,'#377aaf7c7727e1131ba215442aadd894',NULL,'',NULL,NULL,NULL,NULL,NULL,NULL,NULL,NULL,0,0,5,NULL,NULL,NULL),(345,209,2,2,5,'2008-12-23 04:54:43','0.00','13.00',NULL,NULL,'#7e279c10699cf3371abb91d9329a386c',NULL,'',NULL,NULL,NULL,NULL,NULL,NULL,NULL,NULL,0,0,5,NULL,NULL,NULL),(346,12,2,2,3,'2008-06-27 06:48:43','0.00','32.00',NULL,NULL,'#e9d1e608fe20d6a40cfdce69fb031d7e',NULL,'',NULL,NULL,NULL,NULL,NULL,NULL,NULL,NULL,0,0,1,NULL,NULL,NULL),(347,102,3,1,2,'2008-11-22 12:38:23','0.00','78.00',NULL,NULL,'#744eade03cf596202c860072c43ca7f2',NULL,'',NULL,NULL,NULL,NULL,NULL,NULL,NULL,NULL,0,0,1,NULL,NULL,NULL),(348,486,4,3,5,'2008-11-01 10:18:24','0.00','59.00',NULL,NULL,'#fe1e7584d9a9389d94f2c342d660eec3',NULL,'',NULL,NULL,NULL,NULL,NULL,NULL,NULL,NULL,0,0,5,NULL,NULL,NULL),(349,273,1,1,3,'2008-12-11 04:51:39','0.00','16.00',NULL,NULL,'#7b4c32977866481411c9587741c77b36',NULL,'',NULL,NULL,NULL,NULL,NULL,NULL,NULL,NULL,0,0,5,NULL,NULL,NULL),(350,68,2,2,2,'2009-01-01 05:45:47','0.00','70.00',NULL,NULL,'#824555921c6a3ac1edb6f3346f9bb74e',NULL,'',NULL,NULL,NULL,NULL,NULL,NULL,NULL,NULL,0,0,2,NULL,NULL,NULL),(351,443,4,2,4,'2008-09-26 07:30:58','0.00','37.00',NULL,NULL,'#21fbdffaa07afd1a66f9e49fb0c204f9',NULL,'',NULL,NULL,NULL,NULL,NULL,NULL,NULL,NULL,0,0,3,NULL,NULL,NULL),(352,153,3,1,5,'2008-09-04 09:23:08','0.00','90.00',NULL,NULL,'#f3307f3080fae73b215d66f56def210e',NULL,'',NULL,NULL,NULL,NULL,NULL,NULL,NULL,NULL,0,0,6,NULL,NULL,NULL),(353,488,4,1,5,'2009-03-13 07:04:59','0.00','92.00',NULL,NULL,'#0d6c9aa3fe562c43b673bb61135f8e57',NULL,'',NULL,NULL,NULL,NULL,NULL,NULL,NULL,NULL,0,0,6,NULL,NULL,NULL),(354,51,4,3,5,'2008-06-07 10:34:17','0.00','99.00',NULL,NULL,'#c077a91381531536f7eba61c20bb2819',NULL,'',NULL,NULL,NULL,NULL,NULL,NULL,NULL,NULL,0,0,6,NULL,NULL,NULL),(355,450,2,2,2,'2008-10-20 12:38:26','0.00','94.00',NULL,NULL,'#7a9c8e35391ed7f615c820235be13a37',NULL,'',NULL,NULL,NULL,NULL,NULL,NULL,NULL,NULL,0,0,1,NULL,NULL,NULL),(356,449,4,3,3,'2009-02-04 12:33:36','0.00','14.00',NULL,NULL,'#34ca934e38777b925893717a86922a1d',NULL,'',NULL,NULL,NULL,NULL,NULL,NULL,NULL,NULL,0,0,6,NULL,NULL,NULL),(357,8,3,1,3,'2008-09-09 02:31:56','0.00','48.00',NULL,NULL,'#051e0cceeb1a1e6b0d69ba64da1c120e',NULL,'',NULL,NULL,NULL,NULL,NULL,NULL,NULL,NULL,0,0,4,NULL,NULL,NULL),(358,479,3,2,1,'2009-05-15 09:49:51','0.00','31.00',NULL,NULL,'#53b0baa3621b205632062793616dfd3f',NULL,'',NULL,NULL,NULL,NULL,NULL,NULL,NULL,NULL,0,0,2,NULL,NULL,NULL),(359,196,1,3,5,'2008-10-02 10:17:23','0.00','94.00',NULL,NULL,'#0a3534da18d294a0958a63b19f20bc5e',NULL,'',NULL,NULL,NULL,NULL,NULL,NULL,NULL,NULL,0,0,6,NULL,NULL,NULL),(360,417,2,1,2,'2009-02-03 05:29:52','0.00','58.00',NULL,NULL,'#9970e0db4b62a968af70677c78789e67',NULL,'',NULL,NULL,NULL,NULL,NULL,NULL,NULL,NULL,0,0,5,NULL,NULL,NULL),(361,188,1,3,3,'2008-12-28 07:54:23','0.00','28.00',NULL,NULL,'#38dad748ba2106c8a206879f56a773e8',NULL,'',NULL,NULL,NULL,NULL,NULL,NULL,NULL,NULL,0,0,5,NULL,NULL,NULL),(362,356,1,3,1,'2009-04-21 03:38:54','0.00','99.00',NULL,NULL,'#0d370c35d36c4454c11e8b7c7be7b134',NULL,'',NULL,NULL,NULL,NULL,NULL,NULL,NULL,NULL,0,0,3,NULL,NULL,NULL),(363,332,3,3,3,'2008-09-07 01:19:58','0.00','30.00',NULL,NULL,'#c32c2ed8a98556eaf7e2c7735b75422c',NULL,'',NULL,NULL,NULL,NULL,NULL,NULL,NULL,NULL,0,0,5,NULL,NULL,NULL),(364,421,1,3,1,'2009-04-19 01:34:52','0.00','91.00',NULL,NULL,'#45ebcd677119fc93dda934d6b2bb895b',NULL,'',NULL,NULL,NULL,NULL,NULL,NULL,NULL,NULL,0,0,6,NULL,NULL,NULL),(365,247,3,2,1,'2008-08-16 02:55:53','0.00','39.00',NULL,NULL,'#e63814a61464583e616fd85933511e93',NULL,'',NULL,NULL,NULL,NULL,NULL,NULL,NULL,NULL,0,0,3,NULL,NULL,NULL),(366,137,1,1,2,'2008-08-26 07:02:38','0.00','11.00',NULL,NULL,'#0f2c554fa06ba39f3777d842e7cfd750',NULL,'',NULL,NULL,NULL,NULL,NULL,NULL,NULL,NULL,0,0,4,NULL,NULL,NULL),(367,157,3,2,2,'2008-11-22 12:15:49','0.00','92.00',NULL,NULL,'#7921f677627061e9b67940e988183630',NULL,'',NULL,NULL,NULL,NULL,NULL,NULL,NULL,NULL,0,0,2,NULL,NULL,NULL),(368,293,4,3,2,'2008-08-14 02:29:29','0.00','93.00',NULL,NULL,'#0ca4d590e6948af860a50f822d09c302',NULL,'',NULL,NULL,NULL,NULL,NULL,NULL,NULL,NULL,0,0,2,NULL,NULL,NULL),(369,372,4,1,3,'2009-04-05 03:48:00','0.00','87.00',NULL,NULL,'#a6343ee784ed2dd017b3b73e36395d9e',NULL,'',NULL,NULL,NULL,NULL,NULL,NULL,NULL,NULL,0,0,6,NULL,NULL,NULL),(370,498,1,1,5,'2009-05-25 09:16:23','0.00','21.00',NULL,NULL,'#5232a7b6df810662220204f41386417c',NULL,'',NULL,NULL,NULL,NULL,NULL,NULL,NULL,NULL,0,0,2,NULL,NULL,NULL),(371,376,2,3,2,'2009-04-09 09:15:51','0.00','22.00',NULL,NULL,'#46824673db13613caddd437d1eb656cc',NULL,'',NULL,NULL,NULL,NULL,NULL,NULL,NULL,NULL,0,0,3,NULL,NULL,NULL),(372,207,1,2,3,'2008-06-25 10:06:00','0.00','52.00',NULL,NULL,'#120edffe815df84f5da8e93c80d215c9',NULL,'',NULL,NULL,NULL,NULL,NULL,NULL,NULL,NULL,0,0,5,NULL,NULL,NULL),(373,225,4,3,5,'2009-01-27 12:33:19','0.00','43.00',NULL,NULL,'#ca170f96eccba1c52168f31643f156ac',NULL,'',NULL,NULL,NULL,NULL,NULL,NULL,NULL,NULL,0,0,6,NULL,NULL,NULL),(374,229,4,3,4,'2008-12-17 10:36:43','0.00','81.00',NULL,NULL,'#dbd4719a09e4c40f7fa4fd83570f2342',NULL,'',NULL,NULL,NULL,NULL,NULL,NULL,NULL,NULL,0,0,5,NULL,NULL,NULL),(375,279,3,2,3,'2009-03-22 12:12:10','0.00','25.00',NULL,NULL,'#7efb44b81d030f99ce3e5f718d2e02ac',NULL,'',NULL,NULL,NULL,NULL,NULL,NULL,NULL,NULL,0,0,2,NULL,NULL,NULL),(376,374,1,3,5,'2008-12-27 04:45:57','0.00','22.00',NULL,NULL,'#cb2616189173760b9440f2782fa1e375',NULL,'',NULL,NULL,NULL,NULL,NULL,NULL,NULL,NULL,0,0,4,NULL,NULL,NULL),(377,251,2,2,2,'2008-11-12 08:01:28','0.00','76.00',NULL,NULL,'#86e367325a21731380f723303da75cb7',NULL,'',NULL,NULL,NULL,NULL,NULL,NULL,NULL,NULL,0,0,4,NULL,NULL,NULL),(378,73,1,3,1,'2008-07-04 08:37:01','0.00','72.00',NULL,NULL,'#5ede56f162a05303f81b496aad192955',NULL,'',NULL,NULL,NULL,NULL,NULL,NULL,NULL,NULL,0,0,6,NULL,NULL,NULL),(379,322,4,2,2,'2008-12-02 05:38:53','0.00','16.00',NULL,NULL,'#071219d76344747859eb8d8012843443',NULL,'',NULL,NULL,NULL,NULL,NULL,NULL,NULL,NULL,0,0,1,NULL,NULL,NULL),(380,436,3,3,5,'2008-08-13 11:48:41','0.00','86.00',NULL,NULL,'#0619c93e50cd7e9627f6564686449e34',NULL,'',NULL,NULL,NULL,NULL,NULL,NULL,NULL,NULL,0,0,4,NULL,NULL,NULL),(381,492,2,2,2,'2009-01-07 01:14:29','0.00','40.00',NULL,NULL,'#06e4df9b1170454c3bf9e060bad20e00',NULL,'',NULL,NULL,NULL,NULL,NULL,NULL,NULL,NULL,0,0,1,NULL,NULL,NULL),(382,305,2,2,5,'2009-01-26 12:22:04','0.00','92.00',NULL,NULL,'#d4af41fbed433b0b7be3b84b1df58c97',NULL,'',NULL,NULL,NULL,NULL,NULL,NULL,NULL,NULL,0,0,5,NULL,NULL,NULL),(383,203,2,2,3,'2009-04-26 02:42:23','0.00','38.00',NULL,NULL,'#9a95acd4654d93fa016a1247f58341bf',NULL,'',NULL,NULL,NULL,NULL,NULL,NULL,NULL,NULL,0,0,2,NULL,NULL,NULL),(384,157,3,3,3,'2009-03-14 06:00:20','0.00','85.00',NULL,NULL,'#37b3b9e63024c4262ab184183b277d24',NULL,'',NULL,NULL,NULL,NULL,NULL,NULL,NULL,NULL,0,0,1,NULL,NULL,NULL),(385,75,4,3,5,'2009-01-20 12:18:27','0.00','14.00',NULL,NULL,'#e2bad4ec0bd8daa3da611bd0d54cc146',NULL,'',NULL,NULL,NULL,NULL,NULL,NULL,NULL,NULL,0,0,4,NULL,NULL,NULL),(386,176,2,2,4,'2008-09-11 06:44:18','0.00','95.00',NULL,NULL,'#a891435ce9f99dc685509469588f02ed',NULL,'',NULL,NULL,NULL,NULL,NULL,NULL,NULL,NULL,0,0,5,NULL,NULL,NULL),(387,431,4,3,4,'2008-08-14 03:35:01','0.00','77.00',NULL,NULL,'#f017f33936a7ef69ba117fd003b254a0',NULL,'',NULL,NULL,NULL,NULL,NULL,NULL,NULL,NULL,0,0,4,NULL,NULL,NULL),(388,273,3,1,4,'2009-05-03 07:27:53','0.00','43.00',NULL,NULL,'#4339b64db4211426961dacaed61915ae',NULL,'',NULL,NULL,NULL,NULL,NULL,NULL,NULL,NULL,0,0,1,NULL,NULL,NULL),(389,140,2,1,1,'2009-02-26 06:33:57','0.00','76.00',NULL,NULL,'#acac466578e9e8b9e3eee2bad080cc8c',NULL,'',NULL,NULL,NULL,NULL,NULL,NULL,NULL,NULL,0,0,2,NULL,NULL,NULL),(390,252,2,2,2,'2008-08-10 02:38:14','0.00','68.00',NULL,NULL,'#3b93c52d0d76568ec64c6cbce96a281e',NULL,'',NULL,NULL,NULL,NULL,NULL,NULL,NULL,NULL,0,0,3,NULL,NULL,NULL),(391,55,1,1,5,'2009-01-09 04:53:30','0.00','10.00',NULL,NULL,'#fe9e795935982d8949a9e95272d50359',NULL,'',NULL,NULL,NULL,NULL,NULL,NULL,NULL,NULL,0,0,5,NULL,NULL,NULL),(392,454,3,3,1,'2008-11-29 09:25:51','0.00','37.00',NULL,NULL,'#0e85825c9e2983489c4edda5088aaf67',NULL,'',NULL,NULL,NULL,NULL,NULL,NULL,NULL,NULL,0,0,5,NULL,NULL,NULL),(393,25,1,2,1,'2008-08-22 05:56:47','0.00','13.00',NULL,NULL,'#890d2909f00ee0e1868262565546184f',NULL,'',NULL,NULL,NULL,NULL,NULL,NULL,NULL,NULL,0,0,5,NULL,NULL,NULL),(394,245,2,2,3,'2008-11-06 02:49:58','0.00','78.00',NULL,NULL,'#c3b510f852d0ada7b776dd0ac8ec7ca3',NULL,'',NULL,NULL,NULL,NULL,NULL,NULL,NULL,NULL,0,0,1,NULL,NULL,NULL),(395,339,3,3,3,'2009-05-10 07:32:58','0.00','21.00',NULL,NULL,'#c482b130e8ae4665a4657f83f49558a7',NULL,'',NULL,NULL,NULL,NULL,NULL,NULL,NULL,NULL,0,0,3,NULL,NULL,NULL),(396,392,3,1,1,'2009-01-04 05:47:22','0.00','23.00',NULL,NULL,'#0f6f4061454d943b6c12d06ee35a658a',NULL,'',NULL,NULL,NULL,NULL,NULL,NULL,NULL,NULL,0,0,4,NULL,NULL,NULL),(397,461,3,1,3,'2008-07-08 02:16:16','0.00','86.00',NULL,NULL,'#e0f0c5976f6872bfe4dae01ba7c1bd4b',NULL,'',NULL,NULL,NULL,NULL,NULL,NULL,NULL,NULL,0,0,3,NULL,NULL,NULL),(398,97,1,2,5,'2009-04-10 05:22:09','0.00','78.00',NULL,NULL,'#9817c9977b343c3ce8448f4eb37a9e68',NULL,'',NULL,NULL,NULL,NULL,NULL,NULL,NULL,NULL,0,0,2,NULL,NULL,NULL),(399,386,4,2,5,'2008-10-21 12:30:28','0.00','15.00',NULL,NULL,'#7233ff046fff94d978f820717c599f14',NULL,'',NULL,NULL,NULL,NULL,NULL,NULL,NULL,NULL,0,0,5,NULL,NULL,NULL),(400,105,4,3,5,'2009-02-13 10:07:40','0.00','53.00',NULL,NULL,'#301046e58655bcb30125d7f21267a6ff',NULL,'',NULL,NULL,NULL,NULL,NULL,NULL,NULL,NULL,0,0,5,NULL,NULL,NULL),(401,108,1,3,2,'2008-09-09 12:51:32','0.00','78.00',NULL,NULL,'#bfd1c4e69f40840e70d779843bfc0ae1',NULL,'',NULL,NULL,NULL,NULL,NULL,NULL,NULL,NULL,0,0,5,NULL,NULL,NULL),(402,180,4,2,2,'2009-04-11 09:36:40','0.00','40.00',NULL,NULL,'#cc973f33b6eccdb1fae85107ff831190',NULL,'',NULL,NULL,NULL,NULL,NULL,NULL,NULL,NULL,0,0,5,NULL,NULL,NULL),(403,416,1,1,1,'2009-02-04 11:11:28','0.00','26.00',NULL,NULL,'#1b2e659efa198820e29e0ffc719a11da',NULL,'',NULL,NULL,NULL,NULL,NULL,NULL,NULL,NULL,0,0,6,NULL,NULL,NULL),(404,296,1,2,5,'2009-02-19 10:15:46','0.00','43.00',NULL,NULL,'#4e26f746786b1c9e0ca479eceb1207c3',NULL,'',NULL,NULL,NULL,NULL,NULL,NULL,NULL,NULL,0,0,4,NULL,NULL,NULL),(405,386,2,2,5,'2008-12-05 01:44:44','0.00','99.00',NULL,NULL,'#efc3f49eef97ad344bfa4d4aca622ebd',NULL,'',NULL,NULL,NULL,NULL,NULL,NULL,NULL,NULL,0,0,4,NULL,NULL,NULL),(406,2,2,1,3,'2008-07-31 10:10:29','0.00','15.00',NULL,NULL,'#cc9299306dcc90ca2bbdb23ceacd0e78',NULL,'',NULL,NULL,NULL,NULL,NULL,NULL,NULL,NULL,0,0,4,NULL,NULL,NULL),(407,367,2,1,1,'2008-09-30 04:11:53','0.00','36.00',NULL,NULL,'#51b4902dd9b3201b27855779c5584c7a',NULL,'',NULL,NULL,NULL,NULL,NULL,NULL,NULL,NULL,0,0,6,NULL,NULL,NULL),(408,479,1,2,1,'2008-08-20 01:19:45','0.00','49.00',NULL,NULL,'#beebaea34a5ac95ee70d1e6b8543698f',NULL,'',NULL,NULL,NULL,NULL,NULL,NULL,NULL,NULL,0,0,5,NULL,NULL,NULL),(409,214,3,2,4,'2009-01-26 01:13:50','0.00','64.00',NULL,NULL,'#368ab4eebb6f48a556966a4141b0780d',NULL,'',NULL,NULL,NULL,NULL,NULL,NULL,NULL,NULL,0,0,6,NULL,NULL,NULL),(410,175,2,3,1,'2009-04-24 03:45:04','0.00','35.00',NULL,NULL,'#b9bbc22fb518a3ffce582e1ec470e9c4',NULL,'',NULL,NULL,NULL,NULL,NULL,NULL,NULL,NULL,0,0,4,NULL,NULL,NULL),(411,476,4,1,2,'2009-04-17 04:56:44','0.00','17.00',NULL,NULL,'#bdee774278899a056c68c5bc60f7160d',NULL,'',NULL,NULL,NULL,NULL,NULL,NULL,NULL,NULL,0,0,6,NULL,NULL,NULL),(412,462,2,2,1,'2008-11-30 06:30:39','0.00','93.00',NULL,NULL,'#9671f69e8fdc1ca81355585609fdf8db',NULL,'',NULL,NULL,NULL,NULL,NULL,NULL,NULL,NULL,0,0,6,NULL,NULL,NULL),(413,258,1,2,1,'2008-10-29 05:04:29','0.00','23.00',NULL,NULL,'#31dc05ee111bf263e6315a4e1e854f27',NULL,'',NULL,NULL,NULL,NULL,NULL,NULL,NULL,NULL,0,0,6,NULL,NULL,NULL),(414,85,2,2,2,'2008-07-08 10:47:03','0.00','98.00',NULL,NULL,'#fc317b1289bbea2c631ef942a672137c',NULL,'',NULL,NULL,NULL,NULL,NULL,NULL,NULL,NULL,0,0,2,NULL,NULL,NULL),(415,386,4,3,1,'2008-12-23 09:47:33','0.00','13.00',NULL,NULL,'#f7e0be439e76daea34fe5f176ae9bb31',NULL,'',NULL,NULL,NULL,NULL,NULL,NULL,NULL,NULL,0,0,1,NULL,NULL,NULL),(416,205,1,1,1,'2008-10-01 04:47:45','0.00','78.00',NULL,NULL,'#536ed7e58adb08aa4ac149e5549d4de3',NULL,'',NULL,NULL,NULL,NULL,NULL,NULL,NULL,NULL,0,0,2,NULL,NULL,NULL),(417,120,1,2,4,'2009-03-28 05:03:24','0.00','85.00',NULL,NULL,'#4dd93690a870bc3aa402d6ecc96642a8',NULL,'',NULL,NULL,NULL,NULL,NULL,NULL,NULL,NULL,0,0,2,NULL,NULL,NULL),(418,238,4,1,2,'2009-01-07 03:28:19','0.00','69.00',NULL,NULL,'#9fc373237fab12d0412dd793403917f0',NULL,'',NULL,NULL,NULL,NULL,NULL,NULL,NULL,NULL,0,0,5,NULL,NULL,NULL),(419,203,1,3,5,'2008-09-02 03:13:07','0.00','67.00',NULL,NULL,'#4f70f31f6d8c93aebcec6a68a6f234c5',NULL,'',NULL,NULL,NULL,NULL,NULL,NULL,NULL,NULL,0,0,4,NULL,NULL,NULL),(420,116,2,3,1,'2009-03-20 07:31:42','0.00','87.00',NULL,NULL,'#190f5395db0317aff53cfaaf49f8766f',NULL,'',NULL,NULL,NULL,NULL,NULL,NULL,NULL,NULL,0,0,4,NULL,NULL,NULL),(421,192,3,3,4,'2009-05-15 05:18:35','0.00','71.00',NULL,NULL,'#458cf591ba1d5501762a18fece9f8bf7',NULL,'',NULL,NULL,NULL,NULL,NULL,NULL,NULL,NULL,0,0,3,NULL,NULL,NULL),(422,407,1,3,4,'2008-11-08 12:11:35','0.00','22.00',NULL,NULL,'#1ec8e0a9d0e66a2be94b58cae8f29e97',NULL,'',NULL,NULL,NULL,NULL,NULL,NULL,NULL,NULL,0,0,2,NULL,NULL,NULL),(423,338,4,3,4,'2008-09-29 10:47:15','0.00','84.00',NULL,NULL,'#791cb8f84470e0eee227b8e4a36f3095',NULL,'',NULL,NULL,NULL,NULL,NULL,NULL,NULL,NULL,0,0,3,NULL,NULL,NULL),(424,394,2,2,1,'2008-09-10 09:48:25','0.00','94.00',NULL,NULL,'#84206d8af13130cafcd5bdd990dd30f8',NULL,'',NULL,NULL,NULL,NULL,NULL,NULL,NULL,NULL,0,0,5,NULL,NULL,NULL),(425,478,2,1,1,'2008-09-17 08:33:15','0.00','23.00',NULL,NULL,'#4535fd6fc38f092d36223cfe08dde439',NULL,'',NULL,NULL,NULL,NULL,NULL,NULL,NULL,NULL,0,0,5,NULL,NULL,NULL),(426,180,3,2,5,'2008-06-19 12:32:49','0.00','57.00',NULL,NULL,'#cbdb3c26dab7510203b31fbed4ae8847',NULL,'',NULL,NULL,NULL,NULL,NULL,NULL,NULL,NULL,0,0,4,NULL,NULL,NULL),(427,371,1,3,1,'2008-07-14 12:37:30','0.00','83.00',NULL,NULL,'#d5e3788bf39cca2fa08b1d889516b9d4',NULL,'',NULL,NULL,NULL,NULL,NULL,NULL,NULL,NULL,0,0,5,NULL,NULL,NULL),(428,450,4,1,5,'2009-02-21 08:41:11','0.00','20.00',NULL,NULL,'#7d02638f9207d9d64a0fbfc2219d9ce1',NULL,'',NULL,NULL,NULL,NULL,NULL,NULL,NULL,NULL,0,0,2,NULL,NULL,NULL),(429,190,1,3,3,'2009-04-03 09:19:04','0.00','67.00',NULL,NULL,'#e8dc09ba665131d7e62d36fc93388715',NULL,'',NULL,NULL,NULL,NULL,NULL,NULL,NULL,NULL,0,0,3,NULL,NULL,NULL),(430,337,1,2,3,'2009-04-27 03:35:32','0.00','23.00',NULL,NULL,'#51f404923308261505956f5531da927d',NULL,'',NULL,NULL,NULL,NULL,NULL,NULL,NULL,NULL,0,0,5,NULL,NULL,NULL),(431,45,2,3,1,'2008-06-30 10:26:23','0.00','66.00',NULL,NULL,'#bed61631124abde4be7c485047cb63b3',NULL,'',NULL,NULL,NULL,NULL,NULL,NULL,NULL,NULL,0,0,4,NULL,NULL,NULL),(432,195,3,1,1,'2009-03-06 08:32:25','0.00','34.00',NULL,NULL,'#99c39db0b8250ccfae311e7d43e60944',NULL,'',NULL,NULL,NULL,NULL,NULL,NULL,NULL,NULL,0,0,6,NULL,NULL,NULL),(433,86,3,3,1,'2009-01-28 12:42:52','0.00','71.00',NULL,NULL,'#1e9f558d909b8828f83119fd24203c72',NULL,'',NULL,NULL,NULL,NULL,NULL,NULL,NULL,NULL,0,0,5,NULL,NULL,NULL),(434,16,1,3,1,'2009-04-11 08:17:18','0.00','42.00',NULL,NULL,'#381bcf4da512959af7f6b99dbab09ff5',NULL,'',NULL,NULL,NULL,NULL,NULL,NULL,NULL,NULL,0,0,5,NULL,NULL,NULL),(435,472,3,3,3,'2008-06-03 12:56:29','0.00','21.00',NULL,NULL,'#e02f406c10668925d927f5d03e1a923a',NULL,'',NULL,NULL,NULL,NULL,NULL,NULL,NULL,NULL,0,0,2,NULL,NULL,NULL),(436,304,1,1,1,'2008-10-10 09:20:48','0.00','54.00',NULL,NULL,'#576699e0c02983dc54b0d97b41aaec13',NULL,'',NULL,NULL,NULL,NULL,NULL,NULL,NULL,NULL,0,0,5,NULL,NULL,NULL),(437,181,1,2,2,'2009-04-28 02:57:16','0.00','30.00',NULL,NULL,'#a5b1e76f5aca9e10cd0244b18037c783',NULL,'',NULL,NULL,NULL,NULL,NULL,NULL,NULL,NULL,0,0,6,NULL,NULL,NULL),(438,372,2,1,2,'2009-04-20 05:11:26','0.00','74.00',NULL,NULL,'#402b4d8160ca9bc9802b1d1be28f3ed1',NULL,'',NULL,NULL,NULL,NULL,NULL,NULL,NULL,NULL,0,0,4,NULL,NULL,NULL),(439,205,4,1,2,'2008-09-19 02:10:02','0.00','80.00',NULL,NULL,'#58c975a3ccc5aba98ecb09d8cea94d4f',NULL,'',NULL,NULL,NULL,NULL,NULL,NULL,NULL,NULL,0,0,2,NULL,NULL,NULL),(440,207,4,1,4,'2009-04-22 11:49:42','0.00','60.00',NULL,NULL,'#c943ceaf3c056f2eb211e9731b4b9852',NULL,'',NULL,NULL,NULL,NULL,NULL,NULL,NULL,NULL,0,0,2,NULL,NULL,NULL),(441,307,2,2,5,'2008-10-23 03:20:16','0.00','77.00',NULL,NULL,'#11b0dfb8030f55231a1526781b91c829',NULL,'',NULL,NULL,NULL,NULL,NULL,NULL,NULL,NULL,0,0,2,NULL,NULL,NULL),(442,82,3,1,4,'2008-06-22 04:18:57','0.00','38.00',NULL,NULL,'#9a605a14b2f897f49d681e3adc7c6e5f',NULL,'',NULL,NULL,NULL,NULL,NULL,NULL,NULL,NULL,0,0,5,NULL,NULL,NULL),(443,364,4,1,5,'2009-04-19 02:44:50','0.00','93.00',NULL,NULL,'#efa97195771968f9a2d7704f1f8d101c',NULL,'',NULL,NULL,NULL,NULL,NULL,NULL,NULL,NULL,0,0,3,NULL,NULL,NULL),(444,430,3,2,1,'2008-09-26 03:45:08','0.00','51.00',NULL,NULL,'#5a7beae34f9556ae9bef429c8cd6b70f',NULL,'',NULL,NULL,NULL,NULL,NULL,NULL,NULL,NULL,0,0,1,NULL,NULL,NULL),(445,257,1,2,5,'2008-06-11 05:03:39','0.00','71.00',NULL,NULL,'#83ff6ee2ac5c1a72e4c2c03800fea2a0',NULL,'',NULL,NULL,NULL,NULL,NULL,NULL,NULL,NULL,0,0,1,NULL,NULL,NULL),(446,95,2,1,3,'2009-04-18 06:08:07','0.00','48.00',NULL,NULL,'#06faf6512119cf0a09161a51ff3eb94e',NULL,'',NULL,NULL,NULL,NULL,NULL,NULL,NULL,NULL,0,0,4,NULL,NULL,NULL),(447,426,2,2,4,'2009-04-05 06:01:35','0.00','38.00',NULL,NULL,'#12e9f016b7b21d9dca701b1416253525',NULL,'',NULL,NULL,NULL,NULL,NULL,NULL,NULL,NULL,0,0,1,NULL,NULL,NULL),(448,240,4,2,2,'2008-07-16 12:35:05','0.00','31.00',NULL,NULL,'#7fbe4fe0161a68607332a54da77c7902',NULL,'',NULL,NULL,NULL,NULL,NULL,NULL,NULL,NULL,0,0,5,NULL,NULL,NULL),(449,169,4,1,2,'2008-10-25 11:21:53','0.00','91.00',NULL,NULL,'#67eb6baf3292f665a20444dbc96e65ad',NULL,'',NULL,NULL,NULL,NULL,NULL,NULL,NULL,NULL,0,0,6,NULL,NULL,NULL),(450,310,3,2,1,'2009-04-18 04:30:11','0.00','79.00',NULL,NULL,'#9d1ff5beedf0d15dc6de628c2e59f5ab',NULL,'',NULL,NULL,NULL,NULL,NULL,NULL,NULL,NULL,0,0,3,NULL,NULL,NULL),(451,336,1,3,1,'2009-05-15 10:50:21','0.00','31.00',NULL,NULL,'#f2babbb68ad815aa6edfd97f130cbc06',NULL,'',NULL,NULL,NULL,NULL,NULL,NULL,NULL,NULL,0,0,4,NULL,NULL,NULL),(452,475,2,2,2,'2009-03-30 03:57:54','0.00','22.00',NULL,NULL,'#16fc2c19b4893934b755ed0b9f1fac4f',NULL,'',NULL,NULL,NULL,NULL,NULL,NULL,NULL,NULL,0,0,6,NULL,NULL,NULL),(453,117,3,2,4,'2009-04-12 11:40:43','0.00','80.00',NULL,NULL,'#c3c2c605e47dccc8eaf1935d84e018d7',NULL,'',NULL,NULL,NULL,NULL,NULL,NULL,NULL,NULL,0,0,4,NULL,NULL,NULL),(454,67,4,3,4,'2008-09-26 11:37:03','0.00','92.00',NULL,NULL,'#fd6a147fd22f079f25ae68e1b7307c64',NULL,'',NULL,NULL,NULL,NULL,NULL,NULL,NULL,NULL,0,0,2,NULL,NULL,NULL),(455,373,2,2,4,'2009-04-01 05:57:22','0.00','15.00',NULL,NULL,'#a32b20c043d56f0359528d85c7353971',NULL,'',NULL,NULL,NULL,NULL,NULL,NULL,NULL,NULL,0,0,3,NULL,NULL,NULL),(456,427,1,3,3,'2008-08-23 03:08:32','0.00','39.00',NULL,NULL,'#56809becbae4049f581014b55889ff23',NULL,'',NULL,NULL,NULL,NULL,NULL,NULL,NULL,NULL,0,0,5,NULL,NULL,NULL),(457,460,2,3,2,'2008-06-21 11:46:42','0.00','69.00',NULL,NULL,'#eab50c1b4ddcc9879d399ebefc7b1716',NULL,'',NULL,NULL,NULL,NULL,NULL,NULL,NULL,NULL,0,0,1,NULL,NULL,NULL),(458,360,1,1,1,'2008-08-31 06:46:36','0.00','17.00',NULL,NULL,'#8595c09c8f535445f5b180974e93e38b',NULL,'',NULL,NULL,NULL,NULL,NULL,NULL,NULL,NULL,0,0,2,NULL,NULL,NULL),(459,395,4,1,1,'2009-05-24 05:14:28','0.00','56.00',NULL,NULL,'#3e9996163cf863fed0688c67689d8ed5',NULL,'',NULL,NULL,NULL,NULL,NULL,NULL,NULL,NULL,0,0,5,NULL,NULL,NULL),(460,468,3,1,1,'2009-01-22 06:40:56','0.00','40.00',NULL,NULL,'#b505b45696505cf4f4755380b2ffa2d5',NULL,'',NULL,NULL,NULL,NULL,NULL,NULL,NULL,NULL,0,0,2,NULL,NULL,NULL),(461,24,1,1,3,'2009-04-17 09:01:08','0.00','18.00',NULL,NULL,'#38648ff53937c35852e994e6f855e170',NULL,'',NULL,NULL,NULL,NULL,NULL,NULL,NULL,NULL,0,0,5,NULL,NULL,NULL),(462,171,2,1,3,'2008-06-01 08:15:29','0.00','96.00',NULL,NULL,'#0f277b317da769a699fbd476a7022c96',NULL,'',NULL,NULL,NULL,NULL,NULL,NULL,NULL,NULL,0,0,6,NULL,NULL,NULL),(463,401,3,3,4,'2008-12-08 12:43:44','0.00','13.00',NULL,NULL,'#25ca44f7cc4bb0d361526d276d437b82',NULL,'',NULL,NULL,NULL,NULL,NULL,NULL,NULL,NULL,0,0,4,NULL,NULL,NULL),(464,96,1,3,3,'2008-11-06 11:29:16','0.00','49.00',NULL,NULL,'#1aeab303c3f49c840be2b7b75f3b137b',NULL,'',NULL,NULL,NULL,NULL,NULL,NULL,NULL,NULL,0,0,4,NULL,NULL,NULL),(465,182,4,2,3,'2009-01-22 08:30:48','0.00','69.00',NULL,NULL,'#db195512434f04505abebe86985cfd29',NULL,'',NULL,NULL,NULL,NULL,NULL,NULL,NULL,NULL,0,0,6,NULL,NULL,NULL),(466,145,2,3,5,'2008-06-24 09:57:25','0.00','62.00',NULL,NULL,'#0cea292f0ebde518f09b5637000bdc71',NULL,'',NULL,NULL,NULL,NULL,NULL,NULL,NULL,NULL,0,0,5,NULL,NULL,NULL),(467,105,1,2,1,'2009-04-16 05:43:28','0.00','74.00',NULL,NULL,'#d4941ace4251329aefb3dbf3ebb0f344',NULL,'',NULL,NULL,NULL,NULL,NULL,NULL,NULL,NULL,0,0,3,NULL,NULL,NULL),(468,130,1,3,1,'2009-03-25 04:11:19','0.00','31.00',NULL,NULL,'#b662edd6b66fb63c35acff3aa6b12d72',NULL,'',NULL,NULL,NULL,NULL,NULL,NULL,NULL,NULL,0,0,1,NULL,NULL,NULL),(469,5,4,3,3,'2008-07-13 12:17:33','0.00','18.00',NULL,NULL,'#c433f274085beb9d71a8fd5068fe18a2',NULL,'',NULL,NULL,NULL,NULL,NULL,NULL,NULL,NULL,0,0,1,NULL,NULL,NULL),(470,341,1,3,3,'2009-01-29 06:01:30','0.00','17.00',NULL,NULL,'#7e3c0405149565d43bb9cfe37ab956e5',NULL,'',NULL,NULL,NULL,NULL,NULL,NULL,NULL,NULL,0,0,3,NULL,NULL,NULL),(471,371,3,3,5,'2009-02-28 11:48:03','0.00','71.00',NULL,NULL,'#5e2d6a55e0b695c4bbb3b8e7f9410f8d',NULL,'',NULL,NULL,NULL,NULL,NULL,NULL,NULL,NULL,0,0,2,NULL,NULL,NULL),(472,118,4,1,1,'2009-04-25 09:54:52','0.00','46.00',NULL,NULL,'#046d3eb9dd94c614613feadbb0603512',NULL,'',NULL,NULL,NULL,NULL,NULL,NULL,NULL,NULL,0,0,3,NULL,NULL,NULL),(473,473,3,1,1,'2009-05-23 10:40:04','0.00','41.00',NULL,NULL,'#e634a7195c0e3fb1697380ca031bdbc1',NULL,'',NULL,NULL,NULL,NULL,NULL,NULL,NULL,NULL,0,0,2,NULL,NULL,NULL),(474,99,2,2,4,'2009-03-28 11:00:28','0.00','34.00',NULL,NULL,'#98776fbbeb42afadabb2a229a611ea6c',NULL,'',NULL,NULL,NULL,NULL,NULL,NULL,NULL,NULL,0,0,4,NULL,NULL,NULL),(475,256,1,1,5,'2009-01-29 12:31:18','0.00','64.00',NULL,NULL,'#c228d16cf60b9836c7b51010ae02925f',NULL,'',NULL,NULL,NULL,NULL,NULL,NULL,NULL,NULL,0,0,2,NULL,NULL,NULL),(476,116,4,1,5,'2009-02-06 01:27:38','0.00','41.00',NULL,NULL,'#76fc6cf36ea1314bd87618fa34e11ee1',NULL,'',NULL,NULL,NULL,NULL,NULL,NULL,NULL,NULL,0,0,4,NULL,NULL,NULL),(477,419,2,2,2,'2008-11-19 10:49:38','0.00','32.00',NULL,NULL,'#289cf4ef23cd17232512b46c53881944',NULL,'',NULL,NULL,NULL,NULL,NULL,NULL,NULL,NULL,0,0,3,NULL,NULL,NULL),(478,97,4,3,3,'2009-01-17 09:31:31','0.00','34.00',NULL,NULL,'#65db98b08d0dab3e9f6e53136d17d2f1',NULL,'',NULL,NULL,NULL,NULL,NULL,NULL,NULL,NULL,0,0,1,NULL,NULL,NULL),(479,257,3,2,2,'2008-10-09 01:01:17','0.00','52.00',NULL,NULL,'#c07d4e6b9d77b1e1c6182c66667695de',NULL,'',NULL,NULL,NULL,NULL,NULL,NULL,NULL,NULL,0,0,5,NULL,NULL,NULL),(480,194,2,3,2,'2008-12-05 05:49:44','0.00','24.00',NULL,NULL,'#7d4bf4e0087cb2b50fce6463b402a169',NULL,'',NULL,NULL,NULL,NULL,NULL,NULL,NULL,NULL,0,0,2,NULL,NULL,NULL),(481,474,4,2,1,'2008-09-02 07:02:37','0.00','47.00',NULL,NULL,'#5d9b32bbb32d62eec74b1a3478acdf45',NULL,'',NULL,NULL,NULL,NULL,NULL,NULL,NULL,NULL,0,0,2,NULL,NULL,NULL),(482,53,2,2,5,'2008-12-03 07:56:57','0.00','78.00',NULL,NULL,'#0cfc207833ba895c7e229a45336eb748',NULL,'',NULL,NULL,NULL,NULL,NULL,NULL,NULL,NULL,0,0,3,NULL,NULL,NULL),(483,398,3,2,2,'2009-04-07 12:52:01','0.00','30.00',NULL,NULL,'#2affee6fa103ef41bfb41ce42b8bb79d',NULL,'',NULL,NULL,NULL,NULL,NULL,NULL,NULL,NULL,0,0,2,NULL,NULL,NULL),(484,55,3,1,4,'2008-10-11 05:36:13','0.00','80.00',NULL,NULL,'#156673ccc568ff85f7c46310593d88e9',NULL,'',NULL,NULL,NULL,NULL,NULL,NULL,NULL,NULL,0,0,1,NULL,NULL,NULL),(485,247,2,2,4,'2009-02-02 04:25:55','0.00','19.00',NULL,NULL,'#6de411016fabf3722f3a811a541ab5f9',NULL,'',NULL,NULL,NULL,NULL,NULL,NULL,NULL,NULL,0,0,4,NULL,NULL,NULL),(486,400,4,1,4,'2008-07-17 12:30:27','0.00','37.00',NULL,NULL,'#84ae8d0e7c983e0e7bd57a147b30db28',NULL,'',NULL,NULL,NULL,NULL,NULL,NULL,NULL,NULL,0,0,6,NULL,NULL,NULL),(487,122,3,1,1,'2009-04-04 01:17:00','0.00','85.00',NULL,NULL,'#37b11d43d4c7b4761798b9a506428c47',NULL,'',NULL,NULL,NULL,NULL,NULL,NULL,NULL,NULL,0,0,1,NULL,NULL,NULL),(488,353,1,1,5,'2009-01-22 12:45:48','0.00','98.00',NULL,NULL,'#6fc61bb3707df73e7f87af7b7b11b0fb',NULL,'',NULL,NULL,NULL,NULL,NULL,NULL,NULL,NULL,0,0,2,NULL,NULL,NULL),(489,25,1,3,4,'2008-10-29 01:13:49','0.00','24.00',NULL,NULL,'#76100c6ccb34c5aa9cf50f342e1c8bd3',NULL,'',NULL,NULL,NULL,NULL,NULL,NULL,NULL,NULL,0,0,5,NULL,NULL,NULL),(490,237,4,2,2,'2009-03-08 01:00:25','0.00','98.00',NULL,NULL,'#f6f568b50eb2d3427acadfa7fd3042a1',NULL,'',NULL,NULL,NULL,NULL,NULL,NULL,NULL,NULL,0,0,6,NULL,NULL,NULL),(491,360,3,1,1,'2008-08-27 05:26:02','0.00','64.00',NULL,NULL,'#4bc21869eb62a9d80f49612647f68495',NULL,'',NULL,NULL,NULL,NULL,NULL,NULL,NULL,NULL,0,0,1,NULL,NULL,NULL),(492,453,1,1,1,'2008-08-29 12:10:08','0.00','66.00',NULL,NULL,'#d227dd33851edccceb2d357319d02266',NULL,'',NULL,NULL,NULL,NULL,NULL,NULL,NULL,NULL,0,0,2,NULL,NULL,NULL),(493,141,2,1,2,'2009-03-25 03:44:01','0.00','43.00',NULL,NULL,'#aefc9ded882fccacf0f0548fc38fa360',NULL,'',NULL,NULL,NULL,NULL,NULL,NULL,NULL,NULL,0,0,5,NULL,NULL,NULL),(494,392,3,1,3,'2008-11-09 05:32:26','0.00','93.00',NULL,NULL,'#c57e8e17fce75c70112d54690df5d60c',NULL,'',NULL,NULL,NULL,NULL,NULL,NULL,NULL,NULL,0,0,1,NULL,NULL,NULL),(495,183,3,2,4,'2008-12-30 01:43:31','0.00','27.00',NULL,NULL,'#fa27fc3459113663db11251b2fb6908e',NULL,'',NULL,NULL,NULL,NULL,NULL,NULL,NULL,NULL,0,0,2,NULL,NULL,NULL),(496,232,1,3,5,'2009-04-10 11:58:51','0.00','72.00',NULL,NULL,'#e04c74783fcd60bd3e29311485d25861',NULL,'',NULL,NULL,NULL,NULL,NULL,NULL,NULL,NULL,0,0,6,NULL,NULL,NULL),(497,326,4,3,3,'2009-03-26 12:01:33','0.00','19.00',NULL,NULL,'#905012efd765f6a3998c61c58b28d005',NULL,'',NULL,NULL,NULL,NULL,NULL,NULL,NULL,NULL,0,0,6,NULL,NULL,NULL),(498,353,3,3,4,'2009-02-16 04:22:06','0.00','17.00',NULL,NULL,'#a9aa4aebf3121819a2748ec5cde3290b',NULL,'',NULL,NULL,NULL,NULL,NULL,NULL,NULL,NULL,0,0,6,NULL,NULL,NULL),(499,336,3,1,3,'2009-03-15 07:56:59','0.00','11.00',NULL,NULL,'#e0397b65358ddb58de76b3e0a78ef276',NULL,'',NULL,NULL,NULL,NULL,NULL,NULL,NULL,NULL,0,0,6,NULL,NULL,NULL),(500,257,1,2,1,'2008-10-15 02:34:45','0.00','75.00',NULL,NULL,'#7b1a1ccec6f85ea28ced0bd0a7087bfe',NULL,'',NULL,NULL,NULL,NULL,NULL,NULL,NULL,NULL,0,0,2,NULL,NULL,NULL),(501,158,4,2,2,'2008-11-08 05:40:11','0.00','88.00',NULL,NULL,'#0d13fa9a9d5958440196bf652e82df81',NULL,'',NULL,NULL,NULL,NULL,NULL,NULL,NULL,NULL,0,0,6,NULL,NULL,NULL),(502,263,4,1,2,'2008-11-27 01:11:17','0.00','63.00',NULL,NULL,'#ebb8dc32adca4c0e21aa7328fb9cb97d',NULL,'',NULL,NULL,NULL,NULL,NULL,NULL,NULL,NULL,0,0,5,NULL,NULL,NULL),(503,441,3,3,5,'2008-07-21 04:24:08','0.00','27.00',NULL,NULL,'#9628eebcbc1c3e47fb54f77e70888f0f',NULL,'',NULL,NULL,NULL,NULL,NULL,NULL,NULL,NULL,0,0,4,NULL,NULL,NULL),(504,298,3,3,1,'2008-08-01 06:30:14','0.00','46.00',NULL,NULL,'#47d6431e895ed4e802d04cccb79a2367',NULL,'',NULL,NULL,NULL,NULL,NULL,NULL,NULL,NULL,0,0,4,NULL,NULL,NULL),(505,355,3,2,3,'2008-11-27 08:16:48','0.00','11.00',NULL,NULL,'#65a69366ca2a0ef39107cc7bb742930b',NULL,'',NULL,NULL,NULL,NULL,NULL,NULL,NULL,NULL,0,0,3,NULL,NULL,NULL),(506,41,1,3,3,'2008-12-27 04:33:10','0.00','53.00',NULL,NULL,'#ddc8d51fdf505e1feb8668f80b070ae9',NULL,'',NULL,NULL,NULL,NULL,NULL,NULL,NULL,NULL,0,0,1,NULL,NULL,NULL),(507,421,2,3,2,'2008-08-27 12:14:02','0.00','55.00',NULL,NULL,'#b0bb342d5ef69c3dc6719fee5800b568',NULL,'',NULL,NULL,NULL,NULL,NULL,NULL,NULL,NULL,0,0,6,NULL,NULL,NULL),(508,177,4,1,1,'2009-03-13 07:44:59','0.00','26.00',NULL,NULL,'#791ce50cae2226f3a9ff8b55067d2686',NULL,'',NULL,NULL,NULL,NULL,NULL,NULL,NULL,NULL,0,0,2,NULL,NULL,NULL),(509,439,1,2,1,'2008-12-02 10:07:39','0.00','76.00',NULL,NULL,'#8fe088c777f6beda8e5661fcae49a601',NULL,'',NULL,NULL,NULL,NULL,NULL,NULL,NULL,NULL,0,0,6,NULL,NULL,NULL),(510,204,4,3,4,'2008-09-13 04:16:02','0.00','60.00',NULL,NULL,'#88fb6e46144b96fb1ab19649284f5a56',NULL,'',NULL,NULL,NULL,NULL,NULL,NULL,NULL,NULL,0,0,1,NULL,NULL,NULL),(511,250,1,1,2,'2008-08-02 12:13:44','0.00','61.00',NULL,NULL,'#d931d87a11890d0fbf6f049b66f3ac03',NULL,'',NULL,NULL,NULL,NULL,NULL,NULL,NULL,NULL,0,0,1,NULL,NULL,NULL),(512,94,3,2,2,'2009-02-01 09:06:41','0.00','60.00',NULL,NULL,'#5d893af59b332bf378e120fe81d42ba2',NULL,'',NULL,NULL,NULL,NULL,NULL,NULL,NULL,NULL,0,0,6,NULL,NULL,NULL),(513,17,3,2,2,'2009-05-26 03:57:01','0.00','25.00',NULL,NULL,'#d75cabe9b706bbd12e098d5f0d443e68',NULL,'',NULL,NULL,NULL,NULL,NULL,NULL,NULL,NULL,0,0,6,NULL,NULL,NULL),(514,314,3,1,1,'2008-12-22 01:32:49','0.00','81.00',NULL,NULL,'#ceeb8320160755872f334c68891a2cbc',NULL,'',NULL,NULL,NULL,NULL,NULL,NULL,NULL,NULL,0,0,6,NULL,NULL,NULL),(515,298,4,1,3,'2009-05-15 12:28:29','0.00','33.00',NULL,NULL,'#c59d0dd54a24668ae81d76b9f7860e10',NULL,'',NULL,NULL,NULL,NULL,NULL,NULL,NULL,NULL,0,0,5,NULL,NULL,NULL),(516,2,4,3,4,'2008-10-15 08:06:39','0.00','88.00',NULL,NULL,'#2aaccc30cbb9c88ee38a65c89440f9b7',NULL,'',NULL,NULL,NULL,NULL,NULL,NULL,NULL,NULL,0,0,6,NULL,NULL,NULL),(517,237,1,2,4,'2008-11-08 07:42:48','0.00','18.00',NULL,NULL,'#41d5994a8a49f98eec593721a5bc7c6d',NULL,'',NULL,NULL,NULL,NULL,NULL,NULL,NULL,NULL,0,0,6,NULL,NULL,NULL),(518,230,4,1,4,'2008-11-02 12:59:06','0.00','76.00',NULL,NULL,'#cde819d3379da16ece280a4eb2c75663',NULL,'',NULL,NULL,NULL,NULL,NULL,NULL,NULL,NULL,0,0,4,NULL,NULL,NULL),(519,71,4,2,4,'2008-10-14 05:17:30','0.00','80.00',NULL,NULL,'#638fced165938c2f8d893d46491c509d',NULL,'',NULL,NULL,NULL,NULL,NULL,NULL,NULL,NULL,0,0,5,NULL,NULL,NULL),(520,394,2,1,5,'2008-09-11 06:07:27','0.00','69.00',NULL,NULL,'#8e48cb226ab77fb306f7bd3b4069e566',NULL,'',NULL,NULL,NULL,NULL,NULL,NULL,NULL,NULL,0,0,3,NULL,NULL,NULL),(521,409,3,2,3,'2008-08-11 03:15:01','0.00','74.00',NULL,NULL,'#7ab6c6d9f4fdbc4e1acce69cbb7f5a1f',NULL,'',NULL,NULL,NULL,NULL,NULL,NULL,NULL,NULL,0,0,6,NULL,NULL,NULL),(522,350,3,3,2,'2008-06-01 09:06:21','0.00','40.00',NULL,NULL,'#8edc84793b1719633359244af673f380',NULL,'',NULL,NULL,NULL,NULL,NULL,NULL,NULL,NULL,0,0,3,NULL,NULL,NULL),(523,172,1,3,4,'2008-08-30 10:43:08','0.00','72.00',NULL,NULL,'#7dd4f32c26b359a75b5fd07c6a9c5d7f',NULL,'',NULL,NULL,NULL,NULL,NULL,NULL,NULL,NULL,0,0,1,NULL,NULL,NULL),(524,193,3,2,2,'2008-12-27 01:59:03','0.00','71.00',NULL,NULL,'#5893f7277a7b040eae9528d5d246c966',NULL,'',NULL,NULL,NULL,NULL,NULL,NULL,NULL,NULL,0,0,4,NULL,NULL,NULL),(525,221,3,2,5,'2009-02-24 12:33:54','0.00','36.00',NULL,NULL,'#cd4f89560d2619ecddfe44b44b040e47',NULL,'',NULL,NULL,NULL,NULL,NULL,NULL,NULL,NULL,0,0,5,NULL,NULL,NULL),(526,70,1,2,3,'2009-03-27 12:24:30','0.00','92.00',NULL,NULL,'#e36f5257b723c15df82a31ca95e290d7',NULL,'',NULL,NULL,NULL,NULL,NULL,NULL,NULL,NULL,0,0,6,NULL,NULL,NULL),(527,78,3,3,5,'2008-07-24 02:07:58','0.00','16.00',NULL,NULL,'#28306f108cec10854dd12dde1d330e92',NULL,'',NULL,NULL,NULL,NULL,NULL,NULL,NULL,NULL,0,0,5,NULL,NULL,NULL),(528,182,3,3,2,'2009-01-24 12:04:26','0.00','75.00',NULL,NULL,'#dcc0f8d4c9c25bc404a92ff2ecb8e762',NULL,'',NULL,NULL,NULL,NULL,NULL,NULL,NULL,NULL,0,0,6,NULL,NULL,NULL),(529,143,3,3,3,'2008-11-25 01:18:08','0.00','97.00',NULL,NULL,'#38d6a2b8524f5021cd2ebde413250b8a',NULL,'',NULL,NULL,NULL,NULL,NULL,NULL,NULL,NULL,0,0,5,NULL,NULL,NULL),(530,206,1,1,2,'2008-09-07 08:47:10','0.00','50.00',NULL,NULL,'#6c1dd45d37757b9c0a96988b67e86eee',NULL,'',NULL,NULL,NULL,NULL,NULL,NULL,NULL,NULL,0,0,6,NULL,NULL,NULL),(531,116,2,3,2,'2008-12-13 02:52:27','0.00','10.00',NULL,NULL,'#8cb29d2ae0c7ab29ba0e823a853b02a0',NULL,'',NULL,NULL,NULL,NULL,NULL,NULL,NULL,NULL,0,0,2,NULL,NULL,NULL),(532,35,1,3,1,'2008-07-30 11:52:33','0.00','39.00',NULL,NULL,'#1fef607a34fc0cdf5e2549a921900b8b',NULL,'',NULL,NULL,NULL,NULL,NULL,NULL,NULL,NULL,0,0,6,NULL,NULL,NULL),(533,472,1,2,2,'2009-05-20 11:45:54','0.00','41.00',NULL,NULL,'#12e316180ed82994cb330f7bd354adb4',NULL,'',NULL,NULL,NULL,NULL,NULL,NULL,NULL,NULL,0,0,3,NULL,NULL,NULL),(534,115,4,1,2,'2008-11-26 04:46:21','0.00','96.00',NULL,NULL,'#84ca24fc5a7b8959bcda210cf42e6ea2',NULL,'',NULL,NULL,NULL,NULL,NULL,NULL,NULL,NULL,0,0,6,NULL,NULL,NULL),(535,107,2,2,4,'2008-11-06 11:45:54','0.00','36.00',NULL,NULL,'#80b3fc45d4ed0c19a30c3673f34eefd9',NULL,'',NULL,NULL,NULL,NULL,NULL,NULL,NULL,NULL,0,0,1,NULL,NULL,NULL),(536,340,1,1,2,'2008-06-23 05:34:08','0.00','37.00',NULL,NULL,'#c2d543568848a64e153df1a55d22eb66',NULL,'',NULL,NULL,NULL,NULL,NULL,NULL,NULL,NULL,0,0,2,NULL,NULL,NULL),(537,327,4,2,3,'2009-05-21 07:39:56','0.00','67.00',NULL,NULL,'#9d9a90727167853ed66131ac1dc1208f',NULL,'',NULL,NULL,NULL,NULL,NULL,NULL,NULL,NULL,0,0,2,NULL,NULL,NULL),(538,402,3,2,2,'2008-12-07 02:33:13','0.00','15.00',NULL,NULL,'#557b68d4c96f47b392ed51fbcc4b7627',NULL,'',NULL,NULL,NULL,NULL,NULL,NULL,NULL,NULL,0,0,2,NULL,NULL,NULL),(539,302,4,1,5,'2008-11-25 06:43:05','0.00','53.00',NULL,NULL,'#e9259ae28947bfca7fd2ee5d1c0692b9',NULL,'',NULL,NULL,NULL,NULL,NULL,NULL,NULL,NULL,0,0,1,NULL,NULL,NULL),(540,71,1,2,2,'2008-09-27 07:54:59','0.00','55.00',NULL,NULL,'#a44366419823734ed6187834a0abac6e',NULL,'',NULL,NULL,NULL,NULL,NULL,NULL,NULL,NULL,0,0,4,NULL,NULL,NULL),(541,489,4,3,5,'2008-08-30 11:38:09','0.00','78.00',NULL,NULL,'#0ef2439828064a10ee1163984200e6f7',NULL,'',NULL,NULL,NULL,NULL,NULL,NULL,NULL,NULL,0,0,1,NULL,NULL,NULL),(542,428,2,2,1,'2008-12-26 02:29:08','0.00','13.00',NULL,NULL,'#b64a7a3c02f4312298984909c2dd6fd0',NULL,'',NULL,NULL,NULL,NULL,NULL,NULL,NULL,NULL,0,0,1,NULL,NULL,NULL),(543,306,1,2,1,'2008-09-07 02:34:39','0.00','53.00',NULL,NULL,'#b3f2cd08192f494edf7e2cc5717020ca',NULL,'',NULL,NULL,NULL,NULL,NULL,NULL,NULL,NULL,0,0,6,NULL,NULL,NULL),(544,386,2,2,1,'2008-11-30 10:23:08','0.00','11.00',NULL,NULL,'#827b417a74ae3323082db3f7e08b8b57',NULL,'',NULL,NULL,NULL,NULL,NULL,NULL,NULL,NULL,0,0,2,NULL,NULL,NULL),(545,49,3,2,4,'2009-02-13 02:45:03','0.00','93.00',NULL,NULL,'#59323d2f46ea3524eb603b626d20aa2c',NULL,'',NULL,NULL,NULL,NULL,NULL,NULL,NULL,NULL,0,0,5,NULL,NULL,NULL),(546,289,3,2,1,'2008-10-10 04:42:36','0.00','68.00',NULL,NULL,'#f32e5d429180bfa8b7a4f71f55e69f1f',NULL,'',NULL,NULL,NULL,NULL,NULL,NULL,NULL,NULL,0,0,6,NULL,NULL,NULL),(547,13,4,2,4,'2008-08-28 02:31:56','0.00','72.00',NULL,NULL,'#f097748f4c04e9aa4ae01273ecd545d2',NULL,'',NULL,NULL,NULL,NULL,NULL,NULL,NULL,NULL,0,0,2,NULL,NULL,NULL),(548,265,3,1,2,'2008-09-07 09:18:09','0.00','70.00',NULL,NULL,'#93208af2cec379c901a9c74438de6706',NULL,'',NULL,NULL,NULL,NULL,NULL,NULL,NULL,NULL,0,0,1,NULL,NULL,NULL),(549,308,1,2,1,'2008-09-12 10:02:00','0.00','98.00',NULL,NULL,'#0d9f5dbbd509c5ab1168431d20332248',NULL,'',NULL,NULL,NULL,NULL,NULL,NULL,NULL,NULL,0,0,5,NULL,NULL,NULL),(550,253,1,3,2,'2009-05-04 02:00:39','0.00','74.00',NULL,NULL,'#f1ef14cc0de6066c5a38e34ae6bc8419',NULL,'',NULL,NULL,NULL,NULL,NULL,NULL,NULL,NULL,0,0,1,NULL,NULL,NULL),(551,337,1,2,5,'2008-06-04 11:08:48','0.00','84.00',NULL,NULL,'#2b390260acae9596b9425a19d702439b',NULL,'',NULL,NULL,NULL,NULL,NULL,NULL,NULL,NULL,0,0,1,NULL,NULL,NULL),(552,134,3,3,1,'2008-12-19 06:04:04','0.00','74.00',NULL,NULL,'#798d17e328cee5041be9adbfac15353f',NULL,'',NULL,NULL,NULL,NULL,NULL,NULL,NULL,NULL,0,0,3,NULL,NULL,NULL),(553,53,4,1,4,'2009-02-10 08:35:53','0.00','32.00',NULL,NULL,'#8b670402208f5e3ee16a13a5f2a6a941',NULL,'',NULL,NULL,NULL,NULL,NULL,NULL,NULL,NULL,0,0,3,NULL,NULL,NULL),(554,224,2,3,3,'2008-11-20 09:42:57','0.00','97.00',NULL,NULL,'#918f4a61b0c14a4846458357b7340306',NULL,'',NULL,NULL,NULL,NULL,NULL,NULL,NULL,NULL,0,0,3,NULL,NULL,NULL),(555,182,2,3,3,'2009-01-24 03:24:05','0.00','22.00',NULL,NULL,'#d2a82b0243b11d30d8e6a99ffac8edad',NULL,'',NULL,NULL,NULL,NULL,NULL,NULL,NULL,NULL,0,0,1,NULL,NULL,NULL),(556,176,1,1,1,'2009-05-24 07:14:52','0.00','75.00',NULL,NULL,'#5ae1610b6fe23b897462cdd753b1d072',NULL,'',NULL,NULL,NULL,NULL,NULL,NULL,NULL,NULL,0,0,4,NULL,NULL,NULL),(557,468,1,1,5,'2008-08-26 11:33:52','0.00','27.00',NULL,NULL,'#5968aa0aefae2bc93bdd61d1d3b4a740',NULL,'',NULL,NULL,NULL,NULL,NULL,NULL,NULL,NULL,0,0,4,NULL,NULL,NULL),(558,414,3,2,1,'2008-08-12 05:00:22','0.00','24.00',NULL,NULL,'#41eb1f3ce88910cd9f7ff0e9b3cb2edd',NULL,'',NULL,NULL,NULL,NULL,NULL,NULL,NULL,NULL,0,0,3,NULL,NULL,NULL),(559,303,1,2,2,'2009-01-04 02:48:22','0.00','75.00',NULL,NULL,'#ff35fe5386d45130f5cbdf1bf5870bc5',NULL,'',NULL,NULL,NULL,NULL,NULL,NULL,NULL,NULL,0,0,2,NULL,NULL,NULL),(560,230,4,3,4,'2009-02-24 11:38:04','0.00','22.00',NULL,NULL,'#93435d3d080effd9e64935bec7818e4c',NULL,'',NULL,NULL,NULL,NULL,NULL,NULL,NULL,NULL,0,0,1,NULL,NULL,NULL),(561,22,1,1,4,'2008-10-25 08:48:52','0.00','65.00',NULL,NULL,'#3f18b0794d070a4c59dc6e8117dc4705',NULL,'',NULL,NULL,NULL,NULL,NULL,NULL,NULL,NULL,0,0,5,NULL,NULL,NULL),(562,481,1,2,3,'2008-12-17 01:18:38','0.00','24.00',NULL,NULL,'#66ea6dac93200748d65174c0e3802c31',NULL,'',NULL,NULL,NULL,NULL,NULL,NULL,NULL,NULL,0,0,2,NULL,NULL,NULL),(563,282,4,2,2,'2008-06-23 01:49:28','0.00','15.00',NULL,NULL,'#ea0667a824c2462f016ddeb07a9489dc',NULL,'',NULL,NULL,NULL,NULL,NULL,NULL,NULL,NULL,0,0,3,NULL,NULL,NULL),(564,87,1,2,4,'2008-10-23 08:16:22','0.00','48.00',NULL,NULL,'#4dd0fe224295b98beb7adcb6247d10c8',NULL,'',NULL,NULL,NULL,NULL,NULL,NULL,NULL,NULL,0,0,3,NULL,NULL,NULL),(565,436,4,2,2,'2009-03-13 12:45:48','0.00','69.00',NULL,NULL,'#0b8796c0f892197b9ed439d7ff45e983',NULL,'',NULL,NULL,NULL,NULL,NULL,NULL,NULL,NULL,0,0,3,NULL,NULL,NULL),(566,295,2,1,5,'2009-04-26 04:53:07','0.00','60.00',NULL,NULL,'#d376ff79c5705ebdad94579552719561',NULL,'',NULL,NULL,NULL,NULL,NULL,NULL,NULL,NULL,0,0,4,NULL,NULL,NULL),(567,319,4,3,5,'2008-11-05 03:39:56','0.00','68.00',NULL,NULL,'#f06fe944e340f56dd87c8538aeabab0c',NULL,'',NULL,NULL,NULL,NULL,NULL,NULL,NULL,NULL,0,0,2,NULL,NULL,NULL),(568,53,1,2,1,'2008-06-03 05:15:53','0.00','14.00',NULL,NULL,'#b239b0d7d24c7e8486b859eb27175e71',NULL,'',NULL,NULL,NULL,NULL,NULL,NULL,NULL,NULL,0,0,3,NULL,NULL,NULL),(569,89,2,1,3,'2008-10-22 04:42:58','0.00','81.00',NULL,NULL,'#6f4fe0340d287b8ba14cd05661cc9f8b',NULL,'',NULL,NULL,NULL,NULL,NULL,NULL,NULL,NULL,0,0,5,NULL,NULL,NULL),(570,435,3,3,4,'2008-09-30 05:54:00','0.00','62.00',NULL,NULL,'#23446a7fcf9484fdc95663e98e1473a6',NULL,'',NULL,NULL,NULL,NULL,NULL,NULL,NULL,NULL,0,0,1,NULL,NULL,NULL),(571,58,1,2,4,'2008-11-02 04:22:47','0.00','43.00',NULL,NULL,'#a050c9b5a013d1008d672e638ef07928',NULL,'',NULL,NULL,NULL,NULL,NULL,NULL,NULL,NULL,0,0,6,NULL,NULL,NULL),(572,264,4,3,4,'2009-03-15 04:10:03','0.00','56.00',NULL,NULL,'#0388e251fdda21794e87d324e087bb2c',NULL,'',NULL,NULL,NULL,NULL,NULL,NULL,NULL,NULL,0,0,5,NULL,NULL,NULL),(573,63,2,3,1,'2008-06-19 07:24:34','0.00','57.00',NULL,NULL,'#d21440594f77dd07f9a421fd9ed33ede',NULL,'',NULL,NULL,NULL,NULL,NULL,NULL,NULL,NULL,0,0,1,NULL,NULL,NULL),(574,31,2,2,4,'2008-11-07 08:27:53','0.00','97.00',NULL,NULL,'#c2521655c2d1cb1ce91f97f3ccbbd006',NULL,'',NULL,NULL,NULL,NULL,NULL,NULL,NULL,NULL,0,0,4,NULL,NULL,NULL),(575,174,2,1,2,'2008-11-25 10:01:01','0.00','90.00',NULL,NULL,'#3a75e77851608b77314a53e48e95fa8f',NULL,'',NULL,NULL,NULL,NULL,NULL,NULL,NULL,NULL,0,0,4,NULL,NULL,NULL),(576,419,3,1,2,'2008-07-19 09:41:34','0.00','55.00',NULL,NULL,'#19d225cd1b2fd48e633275bd373bf5d5',NULL,'',NULL,NULL,NULL,NULL,NULL,NULL,NULL,NULL,0,0,1,NULL,NULL,NULL),(577,460,3,1,5,'2009-04-14 12:52:08','0.00','24.00',NULL,NULL,'#50822d35be9eddf1a79cea2d4c6bd479',NULL,'',NULL,NULL,NULL,NULL,NULL,NULL,NULL,NULL,0,0,4,NULL,NULL,NULL),(578,180,4,2,5,'2009-05-26 06:17:50','0.00','21.00',NULL,NULL,'#cd6485cd915c4b3ed6e699c7c2fc36ca',NULL,'',NULL,NULL,NULL,NULL,NULL,NULL,NULL,NULL,0,0,4,NULL,NULL,NULL),(579,115,1,1,3,'2008-09-18 09:34:51','0.00','45.00',NULL,NULL,'#20629128700422b4b115d7203b64c834',NULL,'',NULL,NULL,NULL,NULL,NULL,NULL,NULL,NULL,0,0,4,NULL,NULL,NULL),(580,61,4,1,3,'2009-04-03 02:43:52','0.00','60.00',NULL,NULL,'#e6f51a9f267d6e023ccf4fc761f7eab8',NULL,'',NULL,NULL,NULL,NULL,NULL,NULL,NULL,NULL,0,0,1,NULL,NULL,NULL),(581,279,2,1,1,'2009-04-18 03:12:30','0.00','60.00',NULL,NULL,'#6a356a3957c2d44fb07c4fade0a1ab2d',NULL,'',NULL,NULL,NULL,NULL,NULL,NULL,NULL,NULL,0,0,6,NULL,NULL,NULL),(582,259,2,1,2,'2009-03-11 12:33:20','0.00','60.00',NULL,NULL,'#64327ec2b9ea070395358ea529607306',NULL,'',NULL,NULL,NULL,NULL,NULL,NULL,NULL,NULL,0,0,5,NULL,NULL,NULL),(583,468,1,1,2,'2008-08-30 10:01:26','0.00','56.00',NULL,NULL,'#d4315b3631e8f8953ae2c4a844acd70d',NULL,'',NULL,NULL,NULL,NULL,NULL,NULL,NULL,NULL,0,0,3,NULL,NULL,NULL),(584,313,4,2,1,'2008-06-20 01:37:03','0.00','10.00',NULL,NULL,'#6dd3d1e82d52e2c58653ee6e5674ee88',NULL,'',NULL,NULL,NULL,NULL,NULL,NULL,NULL,NULL,0,0,3,NULL,NULL,NULL),(585,251,4,1,2,'2009-02-02 09:48:23','0.00','46.00',NULL,NULL,'#88abcacf7332038c90edaf2e69926048',NULL,'',NULL,NULL,NULL,NULL,NULL,NULL,NULL,NULL,0,0,3,NULL,NULL,NULL),(586,140,1,1,5,'2008-10-01 06:41:02','0.00','61.00',NULL,NULL,'#12fab4d25c01690e36b2ccc292c22713',NULL,'',NULL,NULL,NULL,NULL,NULL,NULL,NULL,NULL,0,0,2,NULL,NULL,NULL),(587,463,2,1,4,'2009-04-12 11:52:21','0.00','37.00',NULL,NULL,'#da8c46e6350be012a1092c351ebf088d',NULL,'',NULL,NULL,NULL,NULL,NULL,NULL,NULL,NULL,0,0,6,NULL,NULL,NULL),(588,409,1,1,4,'2008-09-27 07:44:38','0.00','65.00',NULL,NULL,'#86b2634bf2807b2f7c671a6700548ab4',NULL,'',NULL,NULL,NULL,NULL,NULL,NULL,NULL,NULL,0,0,4,NULL,NULL,NULL),(589,1,2,2,4,'2008-12-08 01:04:34','0.00','43.00',NULL,NULL,'#90e3eb71db74b2ce9a69f3905527682f',NULL,'',NULL,NULL,NULL,NULL,NULL,NULL,NULL,NULL,0,0,5,NULL,NULL,NULL),(590,372,4,1,3,'2008-12-27 06:13:45','0.00','80.00',NULL,NULL,'#95c3e6751fa543b362d338eee44a938f',NULL,'',NULL,NULL,NULL,NULL,NULL,NULL,NULL,NULL,0,0,5,NULL,NULL,NULL),(591,288,1,3,2,'2009-04-11 02:29:33','0.00','41.00',NULL,NULL,'#b312c606d0e428e5a2edb2483edd68f2',NULL,'',NULL,NULL,NULL,NULL,NULL,NULL,NULL,NULL,0,0,5,NULL,NULL,NULL),(592,477,4,2,1,'2008-10-16 10:41:11','0.00','41.00',NULL,NULL,'#9d623ccb1eb9a07ee9d757290b28985d',NULL,'',NULL,NULL,NULL,NULL,NULL,NULL,NULL,NULL,0,0,4,NULL,NULL,NULL),(593,433,2,3,4,'2008-12-14 02:46:57','0.00','81.00',NULL,NULL,'#46df44e227a83706530f891a58c254ee',NULL,'',NULL,NULL,NULL,NULL,NULL,NULL,NULL,NULL,0,0,5,NULL,NULL,NULL),(594,170,4,3,3,'2008-08-22 01:13:29','0.00','33.00',NULL,NULL,'#404e4ccbf91faf125cbbc727e68d3afc',NULL,'',NULL,NULL,NULL,NULL,NULL,NULL,NULL,NULL,0,0,4,NULL,NULL,NULL),(595,416,3,1,5,'2009-03-26 03:24:09','0.00','28.00',NULL,NULL,'#9c1ffd5b3615ac02cc7c8a99952d00fd',NULL,'',NULL,NULL,NULL,NULL,NULL,NULL,NULL,NULL,0,0,1,NULL,NULL,NULL),(596,446,1,1,2,'2009-02-20 07:33:54','0.00','36.00',NULL,NULL,'#c87e267e6dbb7cb0331cc8113f3ab127',NULL,'',NULL,NULL,NULL,NULL,NULL,NULL,NULL,NULL,0,0,3,NULL,NULL,NULL),(597,360,3,1,5,'2008-10-29 10:56:15','0.00','31.00',NULL,NULL,'#dee193529bd28255c8eab047e6f60c15',NULL,'',NULL,NULL,NULL,NULL,NULL,NULL,NULL,NULL,0,0,1,NULL,NULL,NULL),(598,326,4,2,1,'2009-01-13 10:49:22','0.00','59.00',NULL,NULL,'#79a56f20176a284b333a2d63fd52ddac',NULL,'',NULL,NULL,NULL,NULL,NULL,NULL,NULL,NULL,0,0,3,NULL,NULL,NULL),(599,117,1,1,2,'2009-04-28 07:36:28','0.00','47.00',NULL,NULL,'#8131a03ac100a5e0303f15ed03c8e510',NULL,'',NULL,NULL,NULL,NULL,NULL,NULL,NULL,NULL,0,0,5,NULL,NULL,NULL),(600,450,1,3,1,'2009-01-21 12:34:59','0.00','31.00',NULL,NULL,'#a36ec2c63a091e0578dafa59dcf1e8db',NULL,'',NULL,NULL,NULL,NULL,NULL,NULL,NULL,NULL,0,0,2,NULL,NULL,NULL),(601,322,2,2,3,'2009-04-17 08:46:37','0.00','39.00',NULL,NULL,'#4159ba35500869e7dec6c3042be82837',NULL,'',NULL,NULL,NULL,NULL,NULL,NULL,NULL,NULL,0,0,1,NULL,NULL,NULL),(602,154,3,2,5,'2008-06-26 02:04:29','0.00','36.00',NULL,NULL,'#7b9775ca1f4e2cb03f4f34e3f09afc67',NULL,'',NULL,NULL,NULL,NULL,NULL,NULL,NULL,NULL,0,0,4,NULL,NULL,NULL),(603,487,1,1,4,'2008-09-16 12:18:49','0.00','28.00',NULL,NULL,'#09cf3850341d7743c22e93283bb0389d',NULL,'',NULL,NULL,NULL,NULL,NULL,NULL,NULL,NULL,0,0,5,NULL,NULL,NULL),(604,276,4,2,2,'2008-12-02 01:02:47','0.00','61.00',NULL,NULL,'#07024db52c1f1b501fcfcc52d942a608',NULL,'',NULL,NULL,NULL,NULL,NULL,NULL,NULL,NULL,0,0,4,NULL,NULL,NULL),(605,192,1,2,1,'2008-12-18 03:42:46','0.00','96.00',NULL,NULL,'#17ed228595a13e7dab4111fcde23465e',NULL,'',NULL,NULL,NULL,NULL,NULL,NULL,NULL,NULL,0,0,4,NULL,NULL,NULL),(606,96,3,2,4,'2009-05-23 01:38:50','0.00','75.00',NULL,NULL,'#4451eeb0a7c67bb0facbd81e179955fa',NULL,'',NULL,NULL,NULL,NULL,NULL,NULL,NULL,NULL,0,0,6,NULL,NULL,NULL),(607,117,1,3,5,'2009-02-18 06:16:42','0.00','85.00',NULL,NULL,'#e455ecaae4372d0fedcf7661ee7ed54b',NULL,'',NULL,NULL,NULL,NULL,NULL,NULL,NULL,NULL,0,0,1,NULL,NULL,NULL),(608,132,1,3,2,'2008-06-16 01:51:15','0.00','74.00',NULL,NULL,'#541d8cfcee29fe88fe746f77f150df22',NULL,'',NULL,NULL,NULL,NULL,NULL,NULL,NULL,NULL,0,0,6,NULL,NULL,NULL),(609,483,2,2,5,'2008-08-15 07:42:38','0.00','59.00',NULL,NULL,'#e338b44ce6404bc178080d5321e92708',NULL,'',NULL,NULL,NULL,NULL,NULL,NULL,NULL,NULL,0,0,2,NULL,NULL,NULL),(610,62,1,2,3,'2009-04-07 01:22:25','0.00','19.00',NULL,NULL,'#387f4795d61f3d89cc7b0cd8f61aa2fa',NULL,'',NULL,NULL,NULL,NULL,NULL,NULL,NULL,NULL,0,0,5,NULL,NULL,NULL),(611,29,3,2,1,'2009-05-02 01:15:00','0.00','29.00',NULL,NULL,'#cb7d86f2fcf954a67da7f4041d40419a',NULL,'',NULL,NULL,NULL,NULL,NULL,NULL,NULL,NULL,0,0,6,NULL,NULL,NULL),(612,119,3,3,4,'2008-12-08 11:13:18','0.00','97.00',NULL,NULL,'#b61c20ef704554d8b621724b926af292',NULL,'',NULL,NULL,NULL,NULL,NULL,NULL,NULL,NULL,0,0,3,NULL,NULL,NULL),(613,3,1,1,5,'2009-03-31 11:58:39','0.00','78.00',NULL,NULL,'#6ac845da3b6f6455b73c9f13e41527d5',NULL,'',NULL,NULL,NULL,NULL,NULL,NULL,NULL,NULL,0,0,5,NULL,NULL,NULL),(614,326,2,2,2,'2009-02-22 01:50:54','0.00','92.00',NULL,NULL,'#ae2214af1f317b2f689c0f9e346247f7',NULL,'',NULL,NULL,NULL,NULL,NULL,NULL,NULL,NULL,0,0,5,NULL,NULL,NULL),(615,294,1,3,1,'2008-07-11 12:36:42','0.00','57.00',NULL,NULL,'#a307dae6e19523eb917401e6302e4501',NULL,'',NULL,NULL,NULL,NULL,NULL,NULL,NULL,NULL,0,0,6,NULL,NULL,NULL),(616,373,2,2,5,'2008-07-11 01:30:23','0.00','47.00',NULL,NULL,'#979ce99418942199f98940b458e0bc65',NULL,'',NULL,NULL,NULL,NULL,NULL,NULL,NULL,NULL,0,0,6,NULL,NULL,NULL),(617,420,2,2,2,'2009-02-18 06:14:11','0.00','32.00',NULL,NULL,'#7a9078ca19ac730756cd36a2a65d00af',NULL,'',NULL,NULL,NULL,NULL,NULL,NULL,NULL,NULL,0,0,4,NULL,NULL,NULL),(618,53,2,2,5,'2008-10-25 04:13:28','0.00','66.00',NULL,NULL,'#1073c2cc32b62624738e157baae709c7',NULL,'',NULL,NULL,NULL,NULL,NULL,NULL,NULL,NULL,0,0,4,NULL,NULL,NULL),(619,470,4,1,5,'2008-12-25 10:03:48','0.00','13.00',NULL,NULL,'#c87c144e75b26d2c4bb9cc7524525358',NULL,'',NULL,NULL,NULL,NULL,NULL,NULL,NULL,NULL,0,0,3,NULL,NULL,NULL),(620,374,3,1,4,'2008-08-25 04:01:54','0.00','68.00',NULL,NULL,'#40b75afd8a24ed241df1297862173783',NULL,'',NULL,NULL,NULL,NULL,NULL,NULL,NULL,NULL,0,0,5,NULL,NULL,NULL),(621,115,4,2,1,'2009-03-12 07:25:44','0.00','14.00',NULL,NULL,'#e0c5cfcf2f64c390398b3bcbb5222f28',NULL,'',NULL,NULL,NULL,NULL,NULL,NULL,NULL,NULL,0,0,4,NULL,NULL,NULL),(622,162,3,2,3,'2008-11-21 05:19:38','0.00','42.00',NULL,NULL,'#7e7d97478e273ae0cfd53bd8cbb22b15',NULL,'',NULL,NULL,NULL,NULL,NULL,NULL,NULL,NULL,0,0,1,NULL,NULL,NULL),(623,496,2,1,1,'2009-03-14 03:11:40','0.00','80.00',NULL,NULL,'#068fe69efba80f17c73c67743ae23c36',NULL,'',NULL,NULL,NULL,NULL,NULL,NULL,NULL,NULL,0,0,6,NULL,NULL,NULL),(624,355,2,2,4,'2009-04-02 04:52:17','0.00','79.00',NULL,NULL,'#4fc0281579c5d68efc73bbf85a19b4fc',NULL,'',NULL,NULL,NULL,NULL,NULL,NULL,NULL,NULL,0,0,3,NULL,NULL,NULL),(625,250,2,2,1,'2008-07-19 07:21:50','0.00','58.00',NULL,NULL,'#aef322e216931c035a9d7f8907b63d43',NULL,'',NULL,NULL,NULL,NULL,NULL,NULL,NULL,NULL,0,0,4,NULL,NULL,NULL),(626,191,4,2,4,'2009-02-21 12:39:25','0.00','90.00',NULL,NULL,'#009e68937c5c1d1282cfa3340cd1e8e4',NULL,'',NULL,NULL,NULL,NULL,NULL,NULL,NULL,NULL,0,0,1,NULL,NULL,NULL),(627,180,2,1,4,'2008-06-12 07:06:47','0.00','75.00',NULL,NULL,'#7947df99092dd26a5d4addbba6071c0b',NULL,'',NULL,NULL,NULL,NULL,NULL,NULL,NULL,NULL,0,0,2,NULL,NULL,NULL),(628,194,2,2,1,'2009-01-13 08:18:33','0.00','32.00',NULL,NULL,'#3dc0f74e0c7cffd3068184ff62840907',NULL,'',NULL,NULL,NULL,NULL,NULL,NULL,NULL,NULL,0,0,1,NULL,NULL,NULL),(629,165,3,3,1,'2008-06-07 12:17:41','0.00','64.00',NULL,NULL,'#c2fbd280d40aaa902e102f52db361fe9',NULL,'',NULL,NULL,NULL,NULL,NULL,NULL,NULL,NULL,0,0,6,NULL,NULL,NULL),(630,435,1,2,1,'2009-01-02 02:14:21','0.00','77.00',NULL,NULL,'#07938d2b0699d4242b8d450d8f2dd29f',NULL,'',NULL,NULL,NULL,NULL,NULL,NULL,NULL,NULL,0,0,6,NULL,NULL,NULL),(631,91,1,1,4,'2009-04-28 09:42:55','0.00','34.00',NULL,NULL,'#19a88a0fc672e38c64061c8b4f0c8b04',NULL,'',NULL,NULL,NULL,NULL,NULL,NULL,NULL,NULL,0,0,3,NULL,NULL,NULL),(632,209,3,2,4,'2008-12-24 08:57:26','0.00','46.00',NULL,NULL,'#04f359f2bde59ce851f0c968932e8f66',NULL,'',NULL,NULL,NULL,NULL,NULL,NULL,NULL,NULL,0,0,6,NULL,NULL,NULL),(633,307,4,1,4,'2008-07-30 06:55:51','0.00','37.00',NULL,NULL,'#14a99bfcae5920d344d2eca419fdbad0',NULL,'',NULL,NULL,NULL,NULL,NULL,NULL,NULL,NULL,0,0,5,NULL,NULL,NULL),(634,104,4,3,3,'2008-08-17 07:29:02','0.00','46.00',NULL,NULL,'#308ec6e45a69316b85c28c8cf10382b4',NULL,'',NULL,NULL,NULL,NULL,NULL,NULL,NULL,NULL,0,0,6,NULL,NULL,NULL),(635,427,1,2,5,'2009-01-25 06:31:57','0.00','98.00',NULL,NULL,'#18aade42a88ef3edaaebf1ab9476ee39',NULL,'',NULL,NULL,NULL,NULL,NULL,NULL,NULL,NULL,0,0,6,NULL,NULL,NULL),(636,313,3,3,2,'2009-04-19 12:01:26','0.00','64.00',NULL,NULL,'#398d5d7d891af419a8196e9be637c321',NULL,'',NULL,NULL,NULL,NULL,NULL,NULL,NULL,NULL,0,0,1,NULL,NULL,NULL),(637,364,1,2,2,'2008-08-03 10:13:38','0.00','65.00',NULL,NULL,'#59ea928c84882543a3aba176ae2e7321',NULL,'',NULL,NULL,NULL,NULL,NULL,NULL,NULL,NULL,0,0,4,NULL,NULL,NULL),(638,212,3,3,2,'2009-01-15 02:47:22','0.00','61.00',NULL,NULL,'#542e42b808fefa2dee7b1e0a42820256',NULL,'',NULL,NULL,NULL,NULL,NULL,NULL,NULL,NULL,0,0,6,NULL,NULL,NULL),(639,121,2,3,4,'2008-12-15 04:23:24','0.00','81.00',NULL,NULL,'#d333dcf4b97c2b512fe7ce6a7d5e24f6',NULL,'',NULL,NULL,NULL,NULL,NULL,NULL,NULL,NULL,0,0,4,NULL,NULL,NULL),(640,405,4,3,4,'2009-01-25 03:43:33','0.00','97.00',NULL,NULL,'#236b85c781e0f7988e4faa31c49775bc',NULL,'',NULL,NULL,NULL,NULL,NULL,NULL,NULL,NULL,0,0,5,NULL,NULL,NULL),(641,328,3,1,3,'2008-09-09 06:09:18','0.00','15.00',NULL,NULL,'#f59659dca576a778b9ae155dec26d826',NULL,'',NULL,NULL,NULL,NULL,NULL,NULL,NULL,NULL,0,0,4,NULL,NULL,NULL),(642,246,3,1,2,'2008-09-17 08:50:21','0.00','30.00',NULL,NULL,'#dc1a76638d2d250493c22eb794972450',NULL,'',NULL,NULL,NULL,NULL,NULL,NULL,NULL,NULL,0,0,6,NULL,NULL,NULL),(643,341,1,1,3,'2008-10-08 05:45:43','0.00','55.00',NULL,NULL,'#a01656018542d1df6dee26c360e961ab',NULL,'',NULL,NULL,NULL,NULL,NULL,NULL,NULL,NULL,0,0,6,NULL,NULL,NULL),(644,311,4,2,4,'2008-07-18 04:14:16','0.00','88.00',NULL,NULL,'#896e627e566fa47e16709f3cb2f2b4cc',NULL,'',NULL,NULL,NULL,NULL,NULL,NULL,NULL,NULL,0,0,5,NULL,NULL,NULL),(645,266,3,3,3,'2008-08-18 10:19:47','0.00','63.00',NULL,NULL,'#9da830b0fdd248470a17e52f751e5a39',NULL,'',NULL,NULL,NULL,NULL,NULL,NULL,NULL,NULL,0,0,2,NULL,NULL,NULL),(646,22,1,1,4,'2008-06-26 05:03:38','0.00','55.00',NULL,NULL,'#8d7ba3d965c34a4db3a75c4dc9fdfa3a',NULL,'',NULL,NULL,NULL,NULL,NULL,NULL,NULL,NULL,0,0,3,NULL,NULL,NULL),(647,310,4,1,2,'2009-01-25 01:16:40','0.00','56.00',NULL,NULL,'#74d80bd12188ca26cec2ab8db268a3dd',NULL,'',NULL,NULL,NULL,NULL,NULL,NULL,NULL,NULL,0,0,1,NULL,NULL,NULL),(648,375,3,1,2,'2009-03-25 11:48:51','0.00','28.00',NULL,NULL,'#548dff46bfbf363d4d8541eb43dd162b',NULL,'',NULL,NULL,NULL,NULL,NULL,NULL,NULL,NULL,0,0,6,NULL,NULL,NULL),(649,148,3,1,5,'2008-12-25 01:47:37','0.00','71.00',NULL,NULL,'#684413b14ce65d68787a3b10a0f9ca8b',NULL,'',NULL,NULL,NULL,NULL,NULL,NULL,NULL,NULL,0,0,2,NULL,NULL,NULL),(650,217,3,1,3,'2008-06-11 12:41:38','0.00','37.00',NULL,NULL,'#58c862b3df9e826b351c2359de636bef',NULL,'',NULL,NULL,NULL,NULL,NULL,NULL,NULL,NULL,0,0,1,NULL,NULL,NULL),(651,151,1,1,4,'2008-06-17 04:04:50','0.00','10.00',NULL,NULL,'#b8ddbf0d5fda21ea8ee03332248570f5',NULL,'',NULL,NULL,NULL,NULL,NULL,NULL,NULL,NULL,0,0,2,NULL,NULL,NULL),(652,46,4,1,1,'2008-08-04 12:20:17','0.00','13.00',NULL,NULL,'#2e62a29965248cc69cb998669182fdfb',NULL,'',NULL,NULL,NULL,NULL,NULL,NULL,NULL,NULL,0,0,5,NULL,NULL,NULL),(653,248,1,3,5,'2009-05-25 05:46:00','0.00','16.00',NULL,NULL,'#d746e73448c4c18de79ab13a0609f2ac',NULL,'',NULL,NULL,NULL,NULL,NULL,NULL,NULL,NULL,0,0,4,NULL,NULL,NULL),(654,40,2,3,2,'2009-02-24 06:09:52','0.00','50.00',NULL,NULL,'#2acf58c4d1dd8c27f72f61734bfc7f79',NULL,'',NULL,NULL,NULL,NULL,NULL,NULL,NULL,NULL,0,0,4,NULL,NULL,NULL),(655,62,3,3,3,'2008-07-13 02:35:33','0.00','58.00',NULL,NULL,'#2594cc48954f90af7e9664b6474306f2',NULL,'',NULL,NULL,NULL,NULL,NULL,NULL,NULL,NULL,0,0,4,NULL,NULL,NULL),(656,429,2,1,4,'2008-10-29 09:08:44','0.00','52.00',NULL,NULL,'#550808b08829ccce3575ff5e7bb88b56',NULL,'',NULL,NULL,NULL,NULL,NULL,NULL,NULL,NULL,0,0,5,NULL,NULL,NULL),(657,481,1,2,1,'2008-07-07 08:55:57','0.00','26.00',NULL,NULL,'#78933da34467d05d2fb7fb199a8770ad',NULL,'',NULL,NULL,NULL,NULL,NULL,NULL,NULL,NULL,0,0,5,NULL,NULL,NULL),(658,316,3,1,4,'2008-10-20 02:42:46','0.00','41.00',NULL,NULL,'#9bd138f7ec96a69ee6a32e332280e814',NULL,'',NULL,NULL,NULL,NULL,NULL,NULL,NULL,NULL,0,0,1,NULL,NULL,NULL),(659,316,4,2,3,'2009-03-11 06:48:28','0.00','53.00',NULL,NULL,'#a28b8e84db1f0f7ff605536e18220b8a',NULL,'',NULL,NULL,NULL,NULL,NULL,NULL,NULL,NULL,0,0,3,NULL,NULL,NULL),(660,180,1,2,3,'2008-07-14 01:24:43','0.00','72.00',NULL,NULL,'#31d354b697a77d3b8117f7033fd27ba1',NULL,'',NULL,NULL,NULL,NULL,NULL,NULL,NULL,NULL,0,0,5,NULL,NULL,NULL),(661,273,4,2,5,'2009-04-22 10:25:11','0.00','63.00',NULL,NULL,'#2a28cce8598125c6d23ca7909947ae02',NULL,'',NULL,NULL,NULL,NULL,NULL,NULL,NULL,NULL,0,0,3,NULL,NULL,NULL),(662,53,4,3,2,'2009-03-11 10:54:18','0.00','91.00',NULL,NULL,'#deda79b33a429898f25bbab556f6165f',NULL,'',NULL,NULL,NULL,NULL,NULL,NULL,NULL,NULL,0,0,3,NULL,NULL,NULL),(663,140,4,3,5,'2009-03-26 09:01:22','0.00','82.00',NULL,NULL,'#38899fc08333ac82933ed8dc4e95e9cf',NULL,'',NULL,NULL,NULL,NULL,NULL,NULL,NULL,NULL,0,0,6,NULL,NULL,NULL),(664,287,3,2,1,'2009-03-29 01:52:29','0.00','65.00',NULL,NULL,'#991a7db3e51aea5ad08ba1e39e3822d5',NULL,'',NULL,NULL,NULL,NULL,NULL,NULL,NULL,NULL,0,0,6,NULL,NULL,NULL),(665,149,4,3,5,'2008-06-28 10:01:52','0.00','51.00',NULL,NULL,'#8687ec4fe6fa70ffff833383409c57f3',NULL,'',NULL,NULL,NULL,NULL,NULL,NULL,NULL,NULL,0,0,4,NULL,NULL,NULL),(666,147,2,3,2,'2008-08-10 08:30:17','0.00','67.00',NULL,NULL,'#b0e4997c9ce306c2f564cfaf45c05d7d',NULL,'',NULL,NULL,NULL,NULL,NULL,NULL,NULL,NULL,0,0,4,NULL,NULL,NULL),(667,125,3,1,2,'2008-09-09 09:41:59','0.00','27.00',NULL,NULL,'#4b22fdaccf6bacb79090d0281fc1f33c',NULL,'',NULL,NULL,NULL,NULL,NULL,NULL,NULL,NULL,0,0,2,NULL,NULL,NULL),(668,152,1,2,1,'2009-03-21 02:54:18','0.00','41.00',NULL,NULL,'#f5bbad8ea4b20f852f53adee26d7a80e',NULL,'',NULL,NULL,NULL,NULL,NULL,NULL,NULL,NULL,0,0,3,NULL,NULL,NULL),(669,468,1,2,1,'2009-02-14 05:48:41','0.00','26.00',NULL,NULL,'#b8cf5a68dfa47c5387737cfdc86e8299',NULL,'',NULL,NULL,NULL,NULL,NULL,NULL,NULL,NULL,0,0,2,NULL,NULL,NULL),(670,89,1,1,4,'2008-06-29 10:45:13','0.00','91.00',NULL,NULL,'#9730383850420d22535abdf697a463ef',NULL,'',NULL,NULL,NULL,NULL,NULL,NULL,NULL,NULL,0,0,3,NULL,NULL,NULL),(671,250,1,1,1,'2009-05-05 04:14:35','0.00','80.00',NULL,NULL,'#03972871d57ffa571d352162ff96aceb',NULL,'',NULL,NULL,NULL,NULL,NULL,NULL,NULL,NULL,0,0,6,NULL,NULL,NULL),(672,309,1,1,4,'2008-11-08 12:06:52','0.00','99.00',NULL,NULL,'#8cc3181984933e4642e9b33e4ccf9efb',NULL,'',NULL,NULL,NULL,NULL,NULL,NULL,NULL,NULL,0,0,4,NULL,NULL,NULL),(673,318,4,3,2,'2009-04-24 08:45:40','0.00','70.00',NULL,NULL,'#04b0272297be2ff6fa806df753134e56',NULL,'',NULL,NULL,NULL,NULL,NULL,NULL,NULL,NULL,0,0,4,NULL,NULL,NULL),(674,486,4,1,4,'2008-07-24 01:44:39','0.00','35.00',NULL,NULL,'#10e35e96849040af3af4dcd128f88624',NULL,'',NULL,NULL,NULL,NULL,NULL,NULL,NULL,NULL,0,0,2,NULL,NULL,NULL),(675,157,3,2,2,'2009-03-01 10:37:19','0.00','94.00',NULL,NULL,'#b4b725d8634dc9b4f37ae7e6daa89af6',NULL,'',NULL,NULL,NULL,NULL,NULL,NULL,NULL,NULL,0,0,2,NULL,NULL,NULL),(676,18,4,2,5,'2009-02-14 01:24:23','0.00','98.00',NULL,NULL,'#4fbd005c68dbd6525cd5e3fe625ed2ee',NULL,'',NULL,NULL,NULL,NULL,NULL,NULL,NULL,NULL,0,0,4,NULL,NULL,NULL),(677,373,2,3,3,'2008-10-28 05:38:53','0.00','50.00',NULL,NULL,'#61c4d4d3cfe8c34360557354dd07381f',NULL,'',NULL,NULL,NULL,NULL,NULL,NULL,NULL,NULL,0,0,5,NULL,NULL,NULL),(678,471,2,1,2,'2009-02-05 05:05:27','0.00','39.00',NULL,NULL,'#02f0fdb26ad1736e0f7a9e3ce1f9fc91',NULL,'',NULL,NULL,NULL,NULL,NULL,NULL,NULL,NULL,0,0,5,NULL,NULL,NULL),(679,417,2,2,4,'2008-11-27 05:19:43','0.00','76.00',NULL,NULL,'#5fdb2d6cc06fd3c153132cf8d640fb44',NULL,'',NULL,NULL,NULL,NULL,NULL,NULL,NULL,NULL,0,0,1,NULL,NULL,NULL),(680,378,4,1,4,'2009-01-12 12:34:56','0.00','26.00',NULL,NULL,'#7cf7fea5106a89a811ab6059759a1b15',NULL,'',NULL,NULL,NULL,NULL,NULL,NULL,NULL,NULL,0,0,1,NULL,NULL,NULL),(681,224,2,1,3,'2009-04-05 03:42:58','0.00','86.00',NULL,NULL,'#af6a797f67d22e754bc37916e152534e',NULL,'',NULL,NULL,NULL,NULL,NULL,NULL,NULL,NULL,0,0,2,NULL,NULL,NULL),(682,435,4,2,3,'2009-03-13 04:33:54','0.00','90.00',NULL,NULL,'#68dd49878b03e574a489e4d1d645a0ea',NULL,'',NULL,NULL,NULL,NULL,NULL,NULL,NULL,NULL,0,0,4,NULL,NULL,NULL),(683,434,1,1,4,'2009-02-17 11:25:29','0.00','27.00',NULL,NULL,'#7ae83fe233549ef1766b8f532fc9d1fb',NULL,'',NULL,NULL,NULL,NULL,NULL,NULL,NULL,NULL,0,0,5,NULL,NULL,NULL),(684,117,4,2,4,'2008-07-15 09:01:13','0.00','37.00',NULL,NULL,'#ec471f4080c27eff77b7828fb9e800b1',NULL,'',NULL,NULL,NULL,NULL,NULL,NULL,NULL,NULL,0,0,1,NULL,NULL,NULL),(685,357,1,2,2,'2009-01-26 09:58:03','0.00','62.00',NULL,NULL,'#8e515c5455f168a12a291c4910e04280',NULL,'',NULL,NULL,NULL,NULL,NULL,NULL,NULL,NULL,0,0,5,NULL,NULL,NULL),(686,364,1,1,1,'2008-06-17 04:51:04','0.00','86.00',NULL,NULL,'#636529f0f835830b75866b996c0af947',NULL,'',NULL,NULL,NULL,NULL,NULL,NULL,NULL,NULL,0,0,1,NULL,NULL,NULL),(687,345,1,3,3,'2009-02-27 05:40:54','0.00','59.00',NULL,NULL,'#811661f103173f8a6bbb9ef390942993',NULL,'',NULL,NULL,NULL,NULL,NULL,NULL,NULL,NULL,0,0,4,NULL,NULL,NULL),(688,149,1,2,5,'2009-04-20 01:56:20','0.00','89.00',NULL,NULL,'#73372f3f48b259013624325ff6a4efac',NULL,'',NULL,NULL,NULL,NULL,NULL,NULL,NULL,NULL,0,0,6,NULL,NULL,NULL),(689,474,1,2,5,'2009-05-28 01:24:48','0.00','77.00',NULL,NULL,'#9e27cee0a1dcee8ba0ea258a58f689cf',NULL,'',NULL,NULL,NULL,NULL,NULL,NULL,NULL,NULL,0,0,1,NULL,NULL,NULL),(690,183,2,1,2,'2008-07-19 01:09:30','0.00','52.00',NULL,NULL,'#57ff3d843bf9e8a94170599bd188f609',NULL,'',NULL,NULL,NULL,NULL,NULL,NULL,NULL,NULL,0,0,6,NULL,NULL,NULL),(691,435,2,3,1,'2009-01-08 03:25:09','0.00','83.00',NULL,NULL,'#7bc935d4d7b3703fb4b534c0682d7866',NULL,'',NULL,NULL,NULL,NULL,NULL,NULL,NULL,NULL,0,0,1,NULL,NULL,NULL),(692,270,4,3,5,'2009-04-29 03:23:13','0.00','71.00',NULL,NULL,'#c681a816e34700ec6c2fa6561af32208',NULL,'',NULL,NULL,NULL,NULL,NULL,NULL,NULL,NULL,0,0,1,NULL,NULL,NULL),(693,165,1,1,2,'2008-12-10 04:03:17','0.00','46.00',NULL,NULL,'#04babaf1776cc5928ab5b598f968d567',NULL,'',NULL,NULL,NULL,NULL,NULL,NULL,NULL,NULL,0,0,4,NULL,NULL,NULL),(694,216,2,3,3,'2009-01-31 08:58:48','0.00','72.00',NULL,NULL,'#579a9ede3ac97fc531673c30b7682dc4',NULL,'',NULL,NULL,NULL,NULL,NULL,NULL,NULL,NULL,0,0,2,NULL,NULL,NULL),(695,268,2,3,4,'2008-12-07 05:01:25','0.00','49.00',NULL,NULL,'#2638739fd9cb47e117a7c5be2b62a346',NULL,'',NULL,NULL,NULL,NULL,NULL,NULL,NULL,NULL,0,0,6,NULL,NULL,NULL),(696,154,3,3,4,'2008-09-28 06:38:51','0.00','86.00',NULL,NULL,'#07a9046d9d3d9d09ac293627d7a96589',NULL,'',NULL,NULL,NULL,NULL,NULL,NULL,NULL,NULL,0,0,6,NULL,NULL,NULL),(697,323,2,1,2,'2008-07-21 12:16:41','0.00','22.00',NULL,NULL,'#3433293d2fdfd6605bfc4ac792b7f90a',NULL,'',NULL,NULL,NULL,NULL,NULL,NULL,NULL,NULL,0,0,3,NULL,NULL,NULL),(698,408,4,2,5,'2008-08-27 10:42:30','0.00','72.00',NULL,NULL,'#1cc1f772016fba3c1ce7148195a8093c',NULL,'',NULL,NULL,NULL,NULL,NULL,NULL,NULL,NULL,0,0,4,NULL,NULL,NULL),(699,432,3,2,1,'2009-05-23 12:20:22','0.00','15.00',NULL,NULL,'#31b4fb8e069c001d45cac9dc02b79537',NULL,'',NULL,NULL,NULL,NULL,NULL,NULL,NULL,NULL,0,0,5,NULL,NULL,NULL),(700,190,1,1,2,'2008-11-30 06:01:14','0.00','66.00',NULL,NULL,'#35cf726d7f62813c57c6132839ea5dd4',NULL,'',NULL,NULL,NULL,NULL,NULL,NULL,NULL,NULL,0,0,5,NULL,NULL,NULL),(701,146,1,1,5,'2008-10-27 02:25:41','0.00','96.00',NULL,NULL,'#ff88d9ea34dcf0a6517bd89a7999cebb',NULL,'',NULL,NULL,NULL,NULL,NULL,NULL,NULL,NULL,0,0,4,NULL,NULL,NULL),(702,489,2,1,5,'2008-07-13 06:56:22','0.00','26.00',NULL,NULL,'#e59797dc70b52a22be14b4882b38d0a1',NULL,'',NULL,NULL,NULL,NULL,NULL,NULL,NULL,NULL,0,0,5,NULL,NULL,NULL),(703,34,1,3,1,'2009-04-04 01:15:40','0.00','38.00',NULL,NULL,'#e38be495ac613dd1047ce3347c11a793',NULL,'',NULL,NULL,NULL,NULL,NULL,NULL,NULL,NULL,0,0,5,NULL,NULL,NULL),(704,336,3,1,5,'2008-12-04 03:38:55','0.00','96.00',NULL,NULL,'#043337991dd874d0ee3e2d2ff6d0681b',NULL,'',NULL,NULL,NULL,NULL,NULL,NULL,NULL,NULL,0,0,1,NULL,NULL,NULL),(705,187,1,2,3,'2009-02-27 01:05:46','0.00','69.00',NULL,NULL,'#01f8d2d62bb31bd34292b352f5664c19',NULL,'',NULL,NULL,NULL,NULL,NULL,NULL,NULL,NULL,0,0,4,NULL,NULL,NULL),(706,18,4,3,2,'2008-10-10 04:39:08','0.00','87.00',NULL,NULL,'#3a3eb9653e92fcf7bdc79cfc9d59b9b0',NULL,'',NULL,NULL,NULL,NULL,NULL,NULL,NULL,NULL,0,0,3,NULL,NULL,NULL),(707,416,2,3,3,'2008-07-05 05:53:59','0.00','35.00',NULL,NULL,'#e792dee71a8e8bf7543003cb0e3bbcff',NULL,'',NULL,NULL,NULL,NULL,NULL,NULL,NULL,NULL,0,0,6,NULL,NULL,NULL),(708,68,2,2,1,'2008-07-29 02:56:35','0.00','20.00',NULL,NULL,'#5739bd15f9fa8c37675a68ac83f983ba',NULL,'',NULL,NULL,NULL,NULL,NULL,NULL,NULL,NULL,0,0,6,NULL,NULL,NULL),(709,210,3,2,4,'2008-08-31 06:40:21','0.00','76.00',NULL,NULL,'#3bbf2530b997b92a2837aaa4cd63322e',NULL,'',NULL,NULL,NULL,NULL,NULL,NULL,NULL,NULL,0,0,1,NULL,NULL,NULL),(710,3,4,3,4,'2009-02-26 01:20:36','0.00','41.00',NULL,NULL,'#8f8f956d39061c701a763c8b07a37a45',NULL,'',NULL,NULL,NULL,NULL,NULL,NULL,NULL,NULL,0,0,4,NULL,NULL,NULL),(711,117,4,3,3,'2008-10-16 04:23:10','0.00','35.00',NULL,NULL,'#92217963e67b813271b4fb77b47209ac',NULL,'',NULL,NULL,NULL,NULL,NULL,NULL,NULL,NULL,0,0,1,NULL,NULL,NULL),(712,151,3,1,4,'2008-07-22 05:47:28','0.00','79.00',NULL,NULL,'#128af3e5f071f5d95d1432ff6557909d',NULL,'',NULL,NULL,NULL,NULL,NULL,NULL,NULL,NULL,0,0,5,NULL,NULL,NULL),(713,67,2,2,5,'2008-06-21 07:17:11','0.00','76.00',NULL,NULL,'#2695473462c4c38da861d8ff35f90fa0',NULL,'',NULL,NULL,NULL,NULL,NULL,NULL,NULL,NULL,0,0,4,NULL,NULL,NULL),(714,130,1,1,4,'2009-02-17 08:50:13','0.00','81.00',NULL,NULL,'#4d766c4ef948a3d1a85d6385fa66219c',NULL,'',NULL,NULL,NULL,NULL,NULL,NULL,NULL,NULL,0,0,6,NULL,NULL,NULL),(715,102,2,3,5,'2008-08-25 05:53:16','0.00','51.00',NULL,NULL,'#fa2c81181c9badbdb97bc305ff5cce1a',NULL,'',NULL,NULL,NULL,NULL,NULL,NULL,NULL,NULL,0,0,1,NULL,NULL,NULL),(716,121,3,3,3,'2008-09-26 09:01:56','0.00','69.00',NULL,NULL,'#796ee93b6ab06ef454c4d8cc92eb56b0',NULL,'',NULL,NULL,NULL,NULL,NULL,NULL,NULL,NULL,0,0,6,NULL,NULL,NULL),(717,196,2,1,3,'2009-03-26 10:22:17','0.00','55.00',NULL,NULL,'#c3a1d6f168b0fde89bd8d2bc1fcb91f0',NULL,'',NULL,NULL,NULL,NULL,NULL,NULL,NULL,NULL,0,0,5,NULL,NULL,NULL),(718,375,4,2,1,'2008-08-09 01:28:18','0.00','82.00',NULL,NULL,'#ac34750dc7c851bdce1446a9240cf0d0',NULL,'',NULL,NULL,NULL,NULL,NULL,NULL,NULL,NULL,0,0,4,NULL,NULL,NULL),(719,336,1,1,5,'2008-06-03 08:11:24','0.00','19.00',NULL,NULL,'#ee359980aa5246b2e96a628080960248',NULL,'',NULL,NULL,NULL,NULL,NULL,NULL,NULL,NULL,0,0,4,NULL,NULL,NULL),(720,221,1,2,3,'2008-10-01 01:55:45','0.00','47.00',NULL,NULL,'#0050a82683d3c18fa3165bf1079a23b2',NULL,'',NULL,NULL,NULL,NULL,NULL,NULL,NULL,NULL,0,0,2,NULL,NULL,NULL),(721,373,3,1,4,'2009-04-28 05:17:36','0.00','17.00',NULL,NULL,'#904ac9e4fdddba76a27e537ed6ffbbfc',NULL,'',NULL,NULL,NULL,NULL,NULL,NULL,NULL,NULL,0,0,5,NULL,NULL,NULL),(722,229,1,3,2,'2008-06-16 07:28:39','0.00','65.00',NULL,NULL,'#ab4317f08cd6e8f25b4123e3edc2d78e',NULL,'',NULL,NULL,NULL,NULL,NULL,NULL,NULL,NULL,0,0,1,NULL,NULL,NULL),(723,368,2,3,4,'2009-04-15 01:55:35','0.00','79.00',NULL,NULL,'#c80cdefdaba637de2156c10a1933a0c5',NULL,'',NULL,NULL,NULL,NULL,NULL,NULL,NULL,NULL,0,0,1,NULL,NULL,NULL),(724,328,2,2,2,'2009-01-07 03:31:15','0.00','82.00',NULL,NULL,'#cc32b23076ee4909876362024fcca701',NULL,'',NULL,NULL,NULL,NULL,NULL,NULL,NULL,NULL,0,0,2,NULL,NULL,NULL),(725,440,4,2,3,'2008-11-10 03:58:31','0.00','72.00',NULL,NULL,'#3a6d0dfbcac38bec31cbc18a5d972d82',NULL,'',NULL,NULL,NULL,NULL,NULL,NULL,NULL,NULL,0,0,1,NULL,NULL,NULL),(726,343,2,2,4,'2008-11-30 07:59:08','0.00','47.00',NULL,NULL,'#192673a1acecc1cb5cfacb5c55bbad42',NULL,'',NULL,NULL,NULL,NULL,NULL,NULL,NULL,NULL,0,0,6,NULL,NULL,NULL),(727,457,1,1,4,'2009-04-06 08:10:18','0.00','18.00',NULL,NULL,'#23262945f779583cfc2833c7b197c9a1',NULL,'',NULL,NULL,NULL,NULL,NULL,NULL,NULL,NULL,0,0,2,NULL,NULL,NULL),(728,437,4,1,2,'2008-07-20 03:09:39','0.00','73.00',NULL,NULL,'#bf31595d2464854cea30cc3ae130d2ed',NULL,'',NULL,NULL,NULL,NULL,NULL,NULL,NULL,NULL,0,0,3,NULL,NULL,NULL),(729,130,3,3,1,'2009-04-18 07:18:58','0.00','36.00',NULL,NULL,'#fd89bfdf8209fff6aa73523f1e9c3952',NULL,'',NULL,NULL,NULL,NULL,NULL,NULL,NULL,NULL,0,0,4,NULL,NULL,NULL),(730,236,2,1,2,'2009-05-23 08:02:35','0.00','78.00',NULL,NULL,'#02a9eb5b6e00baafe007ccf115a4cf7d',NULL,'',NULL,NULL,NULL,NULL,NULL,NULL,NULL,NULL,0,0,1,NULL,NULL,NULL),(731,267,2,1,2,'2009-04-26 12:31:12','0.00','36.00',NULL,NULL,'#db3986d7b19d1f13fc7891adc470b86b',NULL,'',NULL,NULL,NULL,NULL,NULL,NULL,NULL,NULL,0,0,5,NULL,NULL,NULL),(732,370,4,1,5,'2009-04-24 06:24:13','0.00','36.00',NULL,NULL,'#36f76f09da15c402a6d3a5b88f0ef7a4',NULL,'',NULL,NULL,NULL,NULL,NULL,NULL,NULL,NULL,0,0,2,NULL,NULL,NULL),(733,357,3,2,3,'2009-02-15 11:30:45','0.00','83.00',NULL,NULL,'#9a81e7775a5bd8d3e2606877a251e716',NULL,'',NULL,NULL,NULL,NULL,NULL,NULL,NULL,NULL,0,0,3,NULL,NULL,NULL),(734,430,2,3,4,'2008-08-24 05:35:04','0.00','56.00',NULL,NULL,'#10835a656de7fe9df4f980e9fdd57bde',NULL,'',NULL,NULL,NULL,NULL,NULL,NULL,NULL,NULL,0,0,6,NULL,NULL,NULL),(735,103,4,2,4,'2008-12-07 01:52:49','0.00','65.00',NULL,NULL,'#414ea87e9dce5fec369847f680139b14',NULL,'',NULL,NULL,NULL,NULL,NULL,NULL,NULL,NULL,0,0,6,NULL,NULL,NULL),(736,298,3,2,1,'2008-10-01 11:33:57','0.00','42.00',NULL,NULL,'#c219d7944ab5365997418ae014cfa1fb',NULL,'',NULL,NULL,NULL,NULL,NULL,NULL,NULL,NULL,0,0,3,NULL,NULL,NULL),(737,76,2,2,2,'2009-01-07 10:29:03','0.00','96.00',NULL,NULL,'#14f5b68e26595b2d04ed88e3d22e0aed',NULL,'',NULL,NULL,NULL,NULL,NULL,NULL,NULL,NULL,0,0,5,NULL,NULL,NULL),(738,158,4,1,2,'2009-03-03 11:41:49','0.00','34.00',NULL,NULL,'#64cbc76481c97871d96ce5764229ce57',NULL,'',NULL,NULL,NULL,NULL,NULL,NULL,NULL,NULL,0,0,5,NULL,NULL,NULL),(739,33,3,3,5,'2008-10-22 03:38:38','0.00','69.00',NULL,NULL,'#dc85225f6a7fcf40afb2e2e0b193e926',NULL,'',NULL,NULL,NULL,NULL,NULL,NULL,NULL,NULL,0,0,6,NULL,NULL,NULL),(740,22,3,1,1,'2009-02-25 04:58:28','0.00','19.00',NULL,NULL,'#b3133216798acc0c9f78faaaa8c2fcfc',NULL,'',NULL,NULL,NULL,NULL,NULL,NULL,NULL,NULL,0,0,3,NULL,NULL,NULL),(741,428,4,3,2,'2008-12-16 01:59:17','0.00','69.00',NULL,NULL,'#635de6103d821230cd7946e1e56970c2',NULL,'',NULL,NULL,NULL,NULL,NULL,NULL,NULL,NULL,0,0,4,NULL,NULL,NULL),(742,176,3,3,4,'2008-09-19 01:20:53','0.00','88.00',NULL,NULL,'#9af2f0902a2c668a4e97df27ff43a3aa',NULL,'',NULL,NULL,NULL,NULL,NULL,NULL,NULL,NULL,0,0,5,NULL,NULL,NULL),(743,303,2,1,1,'2008-08-11 01:50:47','0.00','27.00',NULL,NULL,'#c3bf84ab4ef39a73b38c6ee41c3a56d1',NULL,'',NULL,NULL,NULL,NULL,NULL,NULL,NULL,NULL,0,0,4,NULL,NULL,NULL),(744,84,3,2,5,'2009-01-06 02:42:24','0.00','79.00',NULL,NULL,'#0f8f0a40b5c4a6bf875d55b405cd57ae',NULL,'',NULL,NULL,NULL,NULL,NULL,NULL,NULL,NULL,0,0,5,NULL,NULL,NULL),(745,231,2,2,5,'2009-02-28 05:21:05','0.00','27.00',NULL,NULL,'#6b961837b8b3a5ecb8c3c9740af818e5',NULL,'',NULL,NULL,NULL,NULL,NULL,NULL,NULL,NULL,0,0,3,NULL,NULL,NULL),(746,495,3,2,1,'2008-06-03 02:37:58','0.00','44.00',NULL,NULL,'#16d58d7139ddb72485c327e2df3b6ed7',NULL,'',NULL,NULL,NULL,NULL,NULL,NULL,NULL,NULL,0,0,5,NULL,NULL,NULL),(747,349,2,3,4,'2008-06-01 12:08:19','0.00','77.00',NULL,NULL,'#ec54ccd7bccc3d7feddc361f399fec81',NULL,'',NULL,NULL,NULL,NULL,NULL,NULL,NULL,NULL,0,0,3,NULL,NULL,NULL),(748,196,3,3,2,'2008-12-24 12:56:20','0.00','61.00',NULL,NULL,'#df0b3be861e53a1bef6953d031fc4f4d',NULL,'',NULL,NULL,NULL,NULL,NULL,NULL,NULL,NULL,0,0,5,NULL,NULL,NULL),(749,471,1,1,3,'2008-10-07 09:59:18','0.00','41.00',NULL,NULL,'#f8a3fe48eb539ca7a7bb2dc50c19fc48',NULL,'',NULL,NULL,NULL,NULL,NULL,NULL,NULL,NULL,0,0,1,NULL,NULL,NULL),(750,214,1,2,5,'2009-03-14 04:28:48','0.00','18.00',NULL,NULL,'#89abbba4c3bd03189f428fdc377d5d5b',NULL,'',NULL,NULL,NULL,NULL,NULL,NULL,NULL,NULL,0,0,6,NULL,NULL,NULL),(751,31,3,3,5,'2008-07-27 09:40:22','0.00','35.00',NULL,NULL,'#6a566b1d08294c5f070ecd64f0bc3348',NULL,'',NULL,NULL,NULL,NULL,NULL,NULL,NULL,NULL,0,0,3,NULL,NULL,NULL),(752,398,1,2,4,'2008-06-05 08:30:45','0.00','64.00',NULL,NULL,'#445678919e7c5e9f2bbe1a9d49131c74',NULL,'',NULL,NULL,NULL,NULL,NULL,NULL,NULL,NULL,0,0,6,NULL,NULL,NULL),(753,421,3,3,3,'2009-05-23 12:33:11','0.00','34.00',NULL,NULL,'#c22d4b7226034e9b32b47bce5453ccc7',NULL,'',NULL,NULL,NULL,NULL,NULL,NULL,NULL,NULL,0,0,6,NULL,NULL,NULL),(754,93,1,1,1,'2009-04-21 04:59:29','0.00','80.00',NULL,NULL,'#be01061e970cecf827ec99bd5745d274',NULL,'',NULL,NULL,NULL,NULL,NULL,NULL,NULL,NULL,0,0,2,NULL,NULL,NULL),(755,9,2,2,4,'2008-12-23 05:51:46','0.00','61.00',NULL,NULL,'#e807ac68eaf1915a0d1391755874d5f6',NULL,'',NULL,NULL,NULL,NULL,NULL,NULL,NULL,NULL,0,0,3,NULL,NULL,NULL),(756,117,2,2,4,'2008-06-08 09:35:29','0.00','39.00',NULL,NULL,'#185ee37064a4345eaf6a2aeb9bcc1e76',NULL,'',NULL,NULL,NULL,NULL,NULL,NULL,NULL,NULL,0,0,6,NULL,NULL,NULL),(757,340,1,1,3,'2008-11-23 01:42:42','0.00','49.00',NULL,NULL,'#93cd3187920e8b8605b785b7880de662',NULL,'',NULL,NULL,NULL,NULL,NULL,NULL,NULL,NULL,0,0,6,NULL,NULL,NULL),(758,428,4,3,1,'2008-08-24 06:36:53','0.00','32.00',NULL,NULL,'#25d3568a7b58c93d111656742cafe9a4',NULL,'',NULL,NULL,NULL,NULL,NULL,NULL,NULL,NULL,0,0,2,NULL,NULL,NULL),(759,457,1,3,4,'2009-01-08 10:45:52','0.00','89.00',NULL,NULL,'#e18ccfc87e2b6d71f0e1f11c9609dc88',NULL,'',NULL,NULL,NULL,NULL,NULL,NULL,NULL,NULL,0,0,3,NULL,NULL,NULL),(760,450,3,1,5,'2008-12-01 02:50:40','0.00','47.00',NULL,NULL,'#41af0133163120dc38c38f0cb1a6fbfe',NULL,'',NULL,NULL,NULL,NULL,NULL,NULL,NULL,NULL,0,0,6,NULL,NULL,NULL),(761,311,4,1,1,'2009-04-26 06:19:41','0.00','56.00',NULL,NULL,'#a98001ac01f1d7218ef890bcb397a7b0',NULL,'',NULL,NULL,NULL,NULL,NULL,NULL,NULL,NULL,0,0,5,NULL,NULL,NULL),(762,455,2,3,5,'2009-04-23 07:14:34','0.00','16.00',NULL,NULL,'#35db4b2fb03c0a47f80f13878db2ffa9',NULL,'',NULL,NULL,NULL,NULL,NULL,NULL,NULL,NULL,0,0,4,NULL,NULL,NULL),(763,448,1,3,4,'2008-09-10 06:39:10','0.00','37.00',NULL,NULL,'#eaff6d3a02d08edac680e93f32b031f5',NULL,'',NULL,NULL,NULL,NULL,NULL,NULL,NULL,NULL,0,0,4,NULL,NULL,NULL),(764,33,3,3,3,'2008-06-03 02:52:58','0.00','85.00',NULL,NULL,'#79b5f306a847fa693f07d768b2b99724',NULL,'',NULL,NULL,NULL,NULL,NULL,NULL,NULL,NULL,0,0,6,NULL,NULL,NULL),(765,172,4,1,5,'2008-07-19 09:10:31','0.00','65.00',NULL,NULL,'#38cfc90f1ab30cf9bb4a33dd893206a6',NULL,'',NULL,NULL,NULL,NULL,NULL,NULL,NULL,NULL,0,0,2,NULL,NULL,NULL),(766,309,2,3,2,'2008-08-04 11:42:11','0.00','42.00',NULL,NULL,'#3d92a9ada13365f3467514a27639da33',NULL,'',NULL,NULL,NULL,NULL,NULL,NULL,NULL,NULL,0,0,6,NULL,NULL,NULL),(767,484,2,3,1,'2008-11-19 06:55:45','0.00','54.00',NULL,NULL,'#49e149591acd9052ab4e4b9e5d677bf2',NULL,'',NULL,NULL,NULL,NULL,NULL,NULL,NULL,NULL,0,0,3,NULL,NULL,NULL),(768,366,3,1,1,'2008-09-15 07:33:27','0.00','10.00',NULL,NULL,'#7d8d9c6d5a5e68982385e7fec8b97977',NULL,'',NULL,NULL,NULL,NULL,NULL,NULL,NULL,NULL,0,0,4,NULL,NULL,NULL),(769,108,4,1,4,'2009-03-03 01:55:19','0.00','16.00',NULL,NULL,'#c6df98fcb17e5476bba9d7ac88d2012b',NULL,'',NULL,NULL,NULL,NULL,NULL,NULL,NULL,NULL,0,0,2,NULL,NULL,NULL),(770,389,2,1,4,'2008-07-30 04:11:17','0.00','53.00',NULL,NULL,'#ec2f3cf647b5058f43af0d904e2d172d',NULL,'',NULL,NULL,NULL,NULL,NULL,NULL,NULL,NULL,0,0,5,NULL,NULL,NULL),(771,341,1,1,1,'2009-03-11 11:19:52','0.00','36.00',NULL,NULL,'#99f179f178ceec06e8722e10da0a8f6e',NULL,'',NULL,NULL,NULL,NULL,NULL,NULL,NULL,NULL,0,0,4,NULL,NULL,NULL),(772,218,3,3,1,'2008-09-29 11:01:29','0.00','61.00',NULL,NULL,'#2718435315299c6a2c96c0a60d80c8cf',NULL,'',NULL,NULL,NULL,NULL,NULL,NULL,NULL,NULL,0,0,1,NULL,NULL,NULL),(773,3,1,1,5,'2009-05-27 11:00:41','0.00','78.00',NULL,NULL,'#ef3cf9463dd838a6483bb1e074811f15',NULL,'',NULL,NULL,NULL,NULL,NULL,NULL,NULL,NULL,0,0,6,NULL,NULL,NULL),(774,353,4,3,5,'2009-01-01 12:13:05','0.00','42.00',NULL,NULL,'#5eaa7a0971c99b7efb1c1a6ceca2bf34',NULL,'',NULL,NULL,NULL,NULL,NULL,NULL,NULL,NULL,0,0,1,NULL,NULL,NULL),(775,209,3,3,3,'2009-03-08 05:24:58','0.00','95.00',NULL,NULL,'#947d15b370debd5c4269afb53821e8f2',NULL,'',NULL,NULL,NULL,NULL,NULL,NULL,NULL,NULL,0,0,2,NULL,NULL,NULL),(776,396,2,1,4,'2008-06-26 11:08:37','0.00','52.00',NULL,NULL,'#d51af9fc098bbb291a272cf600d041ff',NULL,'',NULL,NULL,NULL,NULL,NULL,NULL,NULL,NULL,0,0,5,NULL,NULL,NULL),(777,27,3,3,4,'2009-03-02 04:14:46','0.00','14.00',NULL,NULL,'#1d48a457e33c4bf7e56a93fd17949078',NULL,'',NULL,NULL,NULL,NULL,NULL,NULL,NULL,NULL,0,0,6,NULL,NULL,NULL),(778,101,1,2,4,'2008-09-29 11:47:43','0.00','99.00',NULL,NULL,'#1b81ded92aedc4310acd3719cf628b40',NULL,'',NULL,NULL,NULL,NULL,NULL,NULL,NULL,NULL,0,0,5,NULL,NULL,NULL),(779,454,2,3,3,'2009-05-09 04:57:17','0.00','34.00',NULL,NULL,'#80ac1d7639d21bf35fa01adafc413467',NULL,'',NULL,NULL,NULL,NULL,NULL,NULL,NULL,NULL,0,0,2,NULL,NULL,NULL),(780,215,3,1,5,'2009-01-20 03:18:31','0.00','65.00',NULL,NULL,'#699b69b2bcbfd24d0f62895dc2cccee2',NULL,'',NULL,NULL,NULL,NULL,NULL,NULL,NULL,NULL,0,0,1,NULL,NULL,NULL),(781,295,3,2,1,'2008-11-01 10:51:20','0.00','78.00',NULL,NULL,'#b964c80eb30a379ecbd8b32ccb5f3e72',NULL,'',NULL,NULL,NULL,NULL,NULL,NULL,NULL,NULL,0,0,3,NULL,NULL,NULL),(782,124,3,3,3,'2009-03-23 07:20:32','0.00','63.00',NULL,NULL,'#a184f9d480a0f5c434efab8fdbe82c99',NULL,'',NULL,NULL,NULL,NULL,NULL,NULL,NULL,NULL,0,0,3,NULL,NULL,NULL),(783,342,2,3,1,'2009-04-23 01:21:53','0.00','66.00',NULL,NULL,'#b720bf07314d698f7d25b1d77ab6c11b',NULL,'',NULL,NULL,NULL,NULL,NULL,NULL,NULL,NULL,0,0,3,NULL,NULL,NULL),(784,71,4,3,2,'2009-02-07 09:41:28','0.00','61.00',NULL,NULL,'#f331de3573dcea8c0ef8732e2f1d381c',NULL,'',NULL,NULL,NULL,NULL,NULL,NULL,NULL,NULL,0,0,3,NULL,NULL,NULL),(785,345,1,1,2,'2009-01-18 11:51:52','0.00','70.00',NULL,NULL,'#ac54d30d6de36f33c60635ca8dba957b',NULL,'',NULL,NULL,NULL,NULL,NULL,NULL,NULL,NULL,0,0,5,NULL,NULL,NULL),(786,172,1,1,4,'2008-10-11 12:31:31','0.00','91.00',NULL,NULL,'#f2f20948b1d6f48f9a68d5561aa3af1f',NULL,'',NULL,NULL,NULL,NULL,NULL,NULL,NULL,NULL,0,0,3,NULL,NULL,NULL),(787,193,2,2,5,'2009-01-07 08:53:19','0.00','50.00',NULL,NULL,'#696f7578ad56edc394cfd830fdd6d7a6',NULL,'',NULL,NULL,NULL,NULL,NULL,NULL,NULL,NULL,0,0,3,NULL,NULL,NULL),(788,255,1,3,1,'2008-10-25 09:12:27','0.00','44.00',NULL,NULL,'#571752723611bc797d6fa96a07bbc326',NULL,'',NULL,NULL,NULL,NULL,NULL,NULL,NULL,NULL,0,0,1,NULL,NULL,NULL),(789,35,2,2,4,'2008-08-05 10:16:43','0.00','38.00',NULL,NULL,'#9c5ae424b0582dc69eb6d9685449b928',NULL,'',NULL,NULL,NULL,NULL,NULL,NULL,NULL,NULL,0,0,2,NULL,NULL,NULL),(790,486,4,3,2,'2008-05-31 11:28:29','0.00','30.00',NULL,NULL,'#79bdc35b9878359582aea2bb1f1ddf08',NULL,'',NULL,NULL,NULL,NULL,NULL,NULL,NULL,NULL,0,0,1,NULL,NULL,NULL),(791,466,1,2,4,'2008-09-04 09:32:38','0.00','57.00',NULL,NULL,'#91993fd74a70ca45e6571b4c4edfcd64',NULL,'',NULL,NULL,NULL,NULL,NULL,NULL,NULL,NULL,0,0,6,NULL,NULL,NULL),(792,428,3,3,2,'2009-03-02 06:22:11','0.00','90.00',NULL,NULL,'#43372baa38d8382a20367e61d78c9d53',NULL,'',NULL,NULL,NULL,NULL,NULL,NULL,NULL,NULL,0,0,2,NULL,NULL,NULL),(793,253,4,2,3,'2009-01-03 12:39:35','0.00','18.00',NULL,NULL,'#c0ac8e08d669cd2ffc26da23a1465856',NULL,'',NULL,NULL,NULL,NULL,NULL,NULL,NULL,NULL,0,0,1,NULL,NULL,NULL),(794,10,1,3,2,'2008-07-10 01:58:58','0.00','23.00',NULL,NULL,'#b0ad271a7b5498ff8cf4d7ceaed2c797',NULL,'',NULL,NULL,NULL,NULL,NULL,NULL,NULL,NULL,0,0,4,NULL,NULL,NULL),(795,200,2,1,4,'2009-02-10 06:53:37','0.00','31.00',NULL,NULL,'#e619ed02417c0b92e1d590da2f199758',NULL,'',NULL,NULL,NULL,NULL,NULL,NULL,NULL,NULL,0,0,1,NULL,NULL,NULL),(796,153,1,2,5,'2009-05-18 02:23:45','0.00','43.00',NULL,NULL,'#f311d11a335e4141174f9aec0016badd',NULL,'',NULL,NULL,NULL,NULL,NULL,NULL,NULL,NULL,0,0,5,NULL,NULL,NULL),(797,311,1,3,1,'2008-06-04 11:03:45','0.00','65.00',NULL,NULL,'#34d5d94019e7385c8280c1a6051ecfde',NULL,'',NULL,NULL,NULL,NULL,NULL,NULL,NULL,NULL,0,0,2,NULL,NULL,NULL),(798,253,2,1,3,'2008-06-26 12:46:15','0.00','94.00',NULL,NULL,'#2555109e25549b1d8d91bfc15bb45946',NULL,'',NULL,NULL,NULL,NULL,NULL,NULL,NULL,NULL,0,0,3,NULL,NULL,NULL),(799,92,3,2,4,'2008-08-25 03:51:46','0.00','44.00',NULL,NULL,'#a383e3960aa98c054b04860db5ec9403',NULL,'',NULL,NULL,NULL,NULL,NULL,NULL,NULL,NULL,0,0,2,NULL,NULL,NULL),(800,43,3,1,2,'2009-01-05 08:55:55','0.00','83.00',NULL,NULL,'#0748a7e88526d27db3748f46f62f7e47',NULL,'',NULL,NULL,NULL,NULL,NULL,NULL,NULL,NULL,0,0,1,NULL,NULL,NULL),(801,76,2,3,5,'2009-03-25 07:09:21','0.00','46.00',NULL,NULL,'#ae8a7ba5aaf28c86092fcee100cbf70b',NULL,'',NULL,NULL,NULL,NULL,NULL,NULL,NULL,NULL,0,0,5,NULL,NULL,NULL),(802,363,2,1,2,'2008-11-25 12:30:47','0.00','27.00',NULL,NULL,'#2e3197e658d64f4addefeb2a79721785',NULL,'',NULL,NULL,NULL,NULL,NULL,NULL,NULL,NULL,0,0,3,NULL,NULL,NULL),(803,389,1,3,3,'2009-01-12 09:52:58','0.00','59.00',NULL,NULL,'#2ae0a24dcede5a8a2ea4bcb49468f048',NULL,'',NULL,NULL,NULL,NULL,NULL,NULL,NULL,NULL,0,0,4,NULL,NULL,NULL),(804,1,3,2,5,'2009-01-19 07:30:16','0.00','49.00',NULL,NULL,'#5ba859aa63031838913e8e1d47493d9d',NULL,'',NULL,NULL,NULL,NULL,NULL,NULL,NULL,NULL,0,0,3,NULL,NULL,NULL),(805,340,3,1,4,'2008-07-28 03:33:45','0.00','59.00',NULL,NULL,'#9d37026ef7072072d90e1fa3bbdee4df',NULL,'',NULL,NULL,NULL,NULL,NULL,NULL,NULL,NULL,0,0,3,NULL,NULL,NULL),(806,175,3,3,3,'2009-03-23 08:32:07','0.00','59.00',NULL,NULL,'#2a18df384ddd10d5f3c422df747c3072',NULL,'',NULL,NULL,NULL,NULL,NULL,NULL,NULL,NULL,0,0,1,NULL,NULL,NULL),(807,18,1,2,5,'2009-02-04 11:25:06','0.00','14.00',NULL,NULL,'#ce53478d099ba9836caafc46026428e9',NULL,'',NULL,NULL,NULL,NULL,NULL,NULL,NULL,NULL,0,0,2,NULL,NULL,NULL),(808,369,1,1,4,'2008-06-11 10:23:22','0.00','30.00',NULL,NULL,'#f4384bf6929a530725b5f5ddcb8cd6d9',NULL,'',NULL,NULL,NULL,NULL,NULL,NULL,NULL,NULL,0,0,2,NULL,NULL,NULL),(809,234,1,2,3,'2009-01-21 11:31:50','0.00','67.00',NULL,NULL,'#73f30051b36cfa78ff76a7e81e2786d2',NULL,'',NULL,NULL,NULL,NULL,NULL,NULL,NULL,NULL,0,0,5,NULL,NULL,NULL),(810,125,3,3,4,'2009-04-13 10:35:32','0.00','39.00',NULL,NULL,'#99872127c7defd6fb1b0ded608e35034',NULL,'',NULL,NULL,NULL,NULL,NULL,NULL,NULL,NULL,0,0,6,NULL,NULL,NULL),(811,292,3,1,5,'2008-08-27 12:31:27','0.00','10.00',NULL,NULL,'#45859bc9a69b0cfc7b0335a0bd55beec',NULL,'',NULL,NULL,NULL,NULL,NULL,NULL,NULL,NULL,0,0,6,NULL,NULL,NULL),(812,349,3,2,3,'2009-02-23 02:24:39','0.00','40.00',NULL,NULL,'#5fb0220a3589ff969444e49ca5876a86',NULL,'',NULL,NULL,NULL,NULL,NULL,NULL,NULL,NULL,0,0,3,NULL,NULL,NULL),(813,268,3,3,3,'2008-07-26 12:14:00','0.00','87.00',NULL,NULL,'#a280e704e0825005dec4a7e1b96bbf1e',NULL,'',NULL,NULL,NULL,NULL,NULL,NULL,NULL,NULL,0,0,1,NULL,NULL,NULL),(814,61,2,2,1,'2009-01-22 02:04:08','0.00','89.00',NULL,NULL,'#b8930ec4717c5ed3d94026dbbaf00446',NULL,'',NULL,NULL,NULL,NULL,NULL,NULL,NULL,NULL,0,0,4,NULL,NULL,NULL),(815,483,3,1,3,'2008-10-29 10:52:32','0.00','78.00',NULL,NULL,'#dfe80a026d742d87f95ca701cd7f3153',NULL,'',NULL,NULL,NULL,NULL,NULL,NULL,NULL,NULL,0,0,6,NULL,NULL,NULL),(816,137,3,1,4,'2008-09-26 02:13:29','0.00','38.00',NULL,NULL,'#795a243bab86850f1da163fc0130dcf2',NULL,'',NULL,NULL,NULL,NULL,NULL,NULL,NULL,NULL,0,0,3,NULL,NULL,NULL),(817,71,2,2,2,'2009-02-24 11:13:38','0.00','94.00',NULL,NULL,'#54f64520d522aa474724892b81b74eae',NULL,'',NULL,NULL,NULL,NULL,NULL,NULL,NULL,NULL,0,0,4,NULL,NULL,NULL),(818,396,2,2,4,'2008-10-14 03:57:04','0.00','73.00',NULL,NULL,'#0da660473f50c1575a6f5863b1ec1482',NULL,'',NULL,NULL,NULL,NULL,NULL,NULL,NULL,NULL,0,0,1,NULL,NULL,NULL),(819,126,1,1,5,'2008-11-01 10:59:29','0.00','43.00',NULL,NULL,'#aee439bffc0bae0703160d628c86863b',NULL,'',NULL,NULL,NULL,NULL,NULL,NULL,NULL,NULL,0,0,3,NULL,NULL,NULL),(820,110,2,3,5,'2008-07-25 11:17:31','0.00','20.00',NULL,NULL,'#56e25a1410bfdcaa7be29c16d27f6557',NULL,'',NULL,NULL,NULL,NULL,NULL,NULL,NULL,NULL,0,0,5,NULL,NULL,NULL),(821,66,4,3,3,'2009-05-05 04:51:40','0.00','39.00',NULL,NULL,'#6861c259bb86a4188f66164e0dd0e665',NULL,'',NULL,NULL,NULL,NULL,NULL,NULL,NULL,NULL,0,0,2,NULL,NULL,NULL),(822,404,4,1,3,'2008-06-03 11:38:57','0.00','57.00',NULL,NULL,'#cc693db0a8a9dae4e7891c062f0005eb',NULL,'',NULL,NULL,NULL,NULL,NULL,NULL,NULL,NULL,0,0,5,NULL,NULL,NULL),(823,14,3,2,4,'2008-06-22 03:59:54','0.00','47.00',NULL,NULL,'#015e2326e7a8c48eec51e6d1f4912a6a',NULL,'',NULL,NULL,NULL,NULL,NULL,NULL,NULL,NULL,0,0,2,NULL,NULL,NULL),(824,172,4,1,4,'2008-09-12 01:11:22','0.00','15.00',NULL,NULL,'#d6132ce13271257d5cb541669d883ae0',NULL,'',NULL,NULL,NULL,NULL,NULL,NULL,NULL,NULL,0,0,5,NULL,NULL,NULL),(825,88,2,1,3,'2008-08-22 01:42:37','0.00','40.00',NULL,NULL,'#433d0b76996ec5562f4a279978beaff4',NULL,'',NULL,NULL,NULL,NULL,NULL,NULL,NULL,NULL,0,0,5,NULL,NULL,NULL),(826,79,4,2,3,'2009-02-27 12:41:58','0.00','39.00',NULL,NULL,'#b5c784da659110d714aa1872bf66db6a',NULL,'',NULL,NULL,NULL,NULL,NULL,NULL,NULL,NULL,0,0,2,NULL,NULL,NULL),(827,378,3,3,3,'2008-07-18 04:17:22','0.00','35.00',NULL,NULL,'#be76d37f5f205e0cdf3c5d00af305bca',NULL,'',NULL,NULL,NULL,NULL,NULL,NULL,NULL,NULL,0,0,5,NULL,NULL,NULL),(828,270,4,2,4,'2008-05-30 01:53:20','0.00','42.00',NULL,NULL,'#257c3d903fd05931c6e21dcccf451dd4',NULL,'',NULL,NULL,NULL,NULL,NULL,NULL,NULL,NULL,0,0,3,NULL,NULL,NULL),(829,449,2,1,2,'2008-12-21 02:47:01','0.00','94.00',NULL,NULL,'#aa37ab60c282c54ae80b4823f7975902',NULL,'',NULL,NULL,NULL,NULL,NULL,NULL,NULL,NULL,0,0,4,NULL,NULL,NULL),(830,99,3,3,2,'2009-05-23 08:02:07','0.00','88.00',NULL,NULL,'#f62183f10e859d376926a9a7ba5f16d8',NULL,'',NULL,NULL,NULL,NULL,NULL,NULL,NULL,NULL,0,0,2,NULL,NULL,NULL),(831,154,4,3,2,'2008-07-08 08:44:14','0.00','52.00',NULL,NULL,'#967fe2fb4f78df18f79f722ad800b14a',NULL,'',NULL,NULL,NULL,NULL,NULL,NULL,NULL,NULL,0,0,2,NULL,NULL,NULL),(832,6,4,3,5,'2009-04-24 03:09:09','0.00','87.00',NULL,NULL,'#43f9f5c9c6cab512541e70105fbb0ea5',NULL,'',NULL,NULL,NULL,NULL,NULL,NULL,NULL,NULL,0,0,3,NULL,NULL,NULL),(833,283,2,3,5,'2008-10-01 10:20:54','0.00','18.00',NULL,NULL,'#f3f8fae85b6ed53dbc1f94a082fc5afd',NULL,'',NULL,NULL,NULL,NULL,NULL,NULL,NULL,NULL,0,0,3,NULL,NULL,NULL),(834,16,2,2,1,'2008-10-19 03:09:00','0.00','99.00',NULL,NULL,'#df5358c78caefb501d77f2bb5625a6d1',NULL,'',NULL,NULL,NULL,NULL,NULL,NULL,NULL,NULL,0,0,3,NULL,NULL,NULL),(835,467,3,1,3,'2008-07-22 10:14:12','0.00','86.00',NULL,NULL,'#78d3eb91bf9f07494bc35c2d7c20dff2',NULL,'',NULL,NULL,NULL,NULL,NULL,NULL,NULL,NULL,0,0,2,NULL,NULL,NULL),(836,412,2,1,5,'2008-07-13 07:59:28','0.00','50.00',NULL,NULL,'#9f6311061c0c0f4a39749981a3589572',NULL,'',NULL,NULL,NULL,NULL,NULL,NULL,NULL,NULL,0,0,2,NULL,NULL,NULL),(837,101,1,2,4,'2008-06-07 03:17:23','0.00','29.00',NULL,NULL,'#90927d37cf402822a009bebeae9491db',NULL,'',NULL,NULL,NULL,NULL,NULL,NULL,NULL,NULL,0,0,3,NULL,NULL,NULL),(838,230,4,3,1,'2009-04-30 11:52:42','0.00','24.00',NULL,NULL,'#47b0a0e5cbb8c136e3793175b0c6edcc',NULL,'',NULL,NULL,NULL,NULL,NULL,NULL,NULL,NULL,0,0,4,NULL,NULL,NULL),(839,461,3,3,1,'2009-01-18 08:22:38','0.00','67.00',NULL,NULL,'#1cbdc26697e7b4f127f4ed7a67546f68',NULL,'',NULL,NULL,NULL,NULL,NULL,NULL,NULL,NULL,0,0,6,NULL,NULL,NULL),(840,265,3,2,1,'2008-09-13 05:59:31','0.00','94.00',NULL,NULL,'#d33d534555161e17092d8c40c5312b9d',NULL,'',NULL,NULL,NULL,NULL,NULL,NULL,NULL,NULL,0,0,2,NULL,NULL,NULL),(841,230,1,3,1,'2009-03-15 06:36:05','0.00','81.00',NULL,NULL,'#8b6c18166b87f904259f995a4d5bb7df',NULL,'',NULL,NULL,NULL,NULL,NULL,NULL,NULL,NULL,0,0,3,NULL,NULL,NULL),(842,166,4,1,2,'2009-03-29 09:38:00','0.00','44.00',NULL,NULL,'#87678834fdff95dcbcf206cfb67116ab',NULL,'',NULL,NULL,NULL,NULL,NULL,NULL,NULL,NULL,0,0,6,NULL,NULL,NULL),(843,140,2,2,5,'2009-03-22 02:36:40','0.00','42.00',NULL,NULL,'#8a957fff545027f602fb20d7410aa666',NULL,'',NULL,NULL,NULL,NULL,NULL,NULL,NULL,NULL,0,0,6,NULL,NULL,NULL),(844,149,1,2,4,'2008-10-01 05:52:37','0.00','93.00',NULL,NULL,'#253be4a4be16242db90ff6fe9aba5107',NULL,'',NULL,NULL,NULL,NULL,NULL,NULL,NULL,NULL,0,0,5,NULL,NULL,NULL),(845,479,2,3,2,'2008-12-26 08:10:19','0.00','59.00',NULL,NULL,'#39ba4d11132bcf4179b23dfe65e1cfc5',NULL,'',NULL,NULL,NULL,NULL,NULL,NULL,NULL,NULL,0,0,4,NULL,NULL,NULL),(846,142,4,1,3,'2009-01-23 05:27:33','0.00','76.00',NULL,NULL,'#91c6dd8e8da864bb81bc358a4ac94fec',NULL,'',NULL,NULL,NULL,NULL,NULL,NULL,NULL,NULL,0,0,3,NULL,NULL,NULL),(847,189,4,2,5,'2008-12-08 07:41:22','0.00','18.00',NULL,NULL,'#ae7d50c83e31dc9d8b2c88ccd96605f5',NULL,'',NULL,NULL,NULL,NULL,NULL,NULL,NULL,NULL,0,0,3,NULL,NULL,NULL),(848,166,1,2,4,'2008-06-04 12:56:06','0.00','81.00',NULL,NULL,'#cc26bf8cf04be82dc858b2b8b2c4c946',NULL,'',NULL,NULL,NULL,NULL,NULL,NULL,NULL,NULL,0,0,4,NULL,NULL,NULL),(849,249,3,2,1,'2009-04-08 11:21:17','0.00','31.00',NULL,NULL,'#e6b77b51164fca4153aa7de72cacd43e',NULL,'',NULL,NULL,NULL,NULL,NULL,NULL,NULL,NULL,0,0,1,NULL,NULL,NULL),(850,430,1,1,3,'2009-05-13 11:22:40','0.00','67.00',NULL,NULL,'#72692f2db0a8469ff2da348cd8cbed64',NULL,'',NULL,NULL,NULL,NULL,NULL,NULL,NULL,NULL,0,0,3,NULL,NULL,NULL),(851,353,3,1,2,'2008-06-05 12:06:50','0.00','17.00',NULL,NULL,'#ad2039e59feed1205228769de475152d',NULL,'',NULL,NULL,NULL,NULL,NULL,NULL,NULL,NULL,0,0,5,NULL,NULL,NULL),(852,61,2,2,4,'2008-09-20 08:55:08','0.00','22.00',NULL,NULL,'#462a79fe6f6b3cd317739aae0487557b',NULL,'',NULL,NULL,NULL,NULL,NULL,NULL,NULL,NULL,0,0,2,NULL,NULL,NULL),(853,207,1,3,3,'2008-11-22 09:48:59','0.00','43.00',NULL,NULL,'#cf42695efa1600230a8adb45f5b56861',NULL,'',NULL,NULL,NULL,NULL,NULL,NULL,NULL,NULL,0,0,6,NULL,NULL,NULL),(854,483,4,1,3,'2008-08-24 08:41:03','0.00','51.00',NULL,NULL,'#9f31fab69d428f7aae7de4d0ad9f907e',NULL,'',NULL,NULL,NULL,NULL,NULL,NULL,NULL,NULL,0,0,6,NULL,NULL,NULL),(855,419,4,1,5,'2008-10-26 02:55:28','0.00','18.00',NULL,NULL,'#8b92233c85aab491b6a4f078537ecd75',NULL,'',NULL,NULL,NULL,NULL,NULL,NULL,NULL,NULL,0,0,1,NULL,NULL,NULL),(856,438,3,1,4,'2009-03-01 06:30:22','0.00','32.00',NULL,NULL,'#b21d958e210c3d06fd2f365dac8ebd3c',NULL,'',NULL,NULL,NULL,NULL,NULL,NULL,NULL,NULL,0,0,5,NULL,NULL,NULL),(857,236,2,3,4,'2009-02-25 06:55:39','0.00','73.00',NULL,NULL,'#f2dd7b11f08658b4c32407c3238b913e',NULL,'',NULL,NULL,NULL,NULL,NULL,NULL,NULL,NULL,0,0,1,NULL,NULL,NULL),(858,198,3,2,3,'2009-04-20 05:42:00','0.00','18.00',NULL,NULL,'#e039cf3b3e1269f467786ef8742e22c2',NULL,'',NULL,NULL,NULL,NULL,NULL,NULL,NULL,NULL,0,0,6,NULL,NULL,NULL),(859,198,4,2,5,'2008-11-30 10:39:07','0.00','47.00',NULL,NULL,'#6af86f191c1b5da77810d3b8b3c03ee2',NULL,'',NULL,NULL,NULL,NULL,NULL,NULL,NULL,NULL,0,0,5,NULL,NULL,NULL),(860,399,1,3,5,'2008-08-29 11:28:44','0.00','74.00',NULL,NULL,'#95e66fb19c70f5933f5315e15091e898',NULL,'',NULL,NULL,NULL,NULL,NULL,NULL,NULL,NULL,0,0,2,NULL,NULL,NULL),(861,14,2,1,3,'2008-11-24 06:10:58','0.00','30.00',NULL,NULL,'#22933025eaf1e71adbf174ee6fae7ba1',NULL,'',NULL,NULL,NULL,NULL,NULL,NULL,NULL,NULL,0,0,5,NULL,NULL,NULL),(862,265,4,3,3,'2008-05-31 12:38:56','0.00','43.00',NULL,NULL,'#fb52f7f9f615e347316a6cdeef2aecdd',NULL,'',NULL,NULL,NULL,NULL,NULL,NULL,NULL,NULL,0,0,5,NULL,NULL,NULL),(863,9,3,2,4,'2008-06-20 08:18:58','0.00','31.00',NULL,NULL,'#392671270db5b673ddec9e14397530e1',NULL,'',NULL,NULL,NULL,NULL,NULL,NULL,NULL,NULL,0,0,4,NULL,NULL,NULL),(864,65,1,1,4,'2008-06-15 10:01:14','0.00','95.00',NULL,NULL,'#d7af052e9407f488aa6ea782fefe579c',NULL,'',NULL,NULL,NULL,NULL,NULL,NULL,NULL,NULL,0,0,1,NULL,NULL,NULL),(865,247,3,1,1,'2008-07-17 05:01:04','0.00','85.00',NULL,NULL,'#b86fa8b1ccbb425592b6ed02f02d64da',NULL,'',NULL,NULL,NULL,NULL,NULL,NULL,NULL,NULL,0,0,1,NULL,NULL,NULL),(866,151,4,3,3,'2008-09-30 12:09:56','0.00','74.00',NULL,NULL,'#402c09f86cd803c83bfe92894fef5b48',NULL,'',NULL,NULL,NULL,NULL,NULL,NULL,NULL,NULL,0,0,6,NULL,NULL,NULL),(867,367,1,1,5,'2009-05-04 05:13:16','0.00','89.00',NULL,NULL,'#528af14b31e0264ba3254506137d4ec7',NULL,'',NULL,NULL,NULL,NULL,NULL,NULL,NULL,NULL,0,0,5,NULL,NULL,NULL),(868,81,2,3,4,'2008-12-19 11:39:25','0.00','34.00',NULL,NULL,'#df7022ab8ab7603892b780f0e92f41c9',NULL,'',NULL,NULL,NULL,NULL,NULL,NULL,NULL,NULL,0,0,4,NULL,NULL,NULL),(869,303,1,3,4,'2008-06-09 07:21:33','0.00','26.00',NULL,NULL,'#a74b776effe1a3d05e64c99f08fccb70',NULL,'',NULL,NULL,NULL,NULL,NULL,NULL,NULL,NULL,0,0,6,NULL,NULL,NULL),(870,243,1,2,3,'2009-01-10 05:43:24','0.00','59.00',NULL,NULL,'#528889bf60f0876bb10263e218a07fd1',NULL,'',NULL,NULL,NULL,NULL,NULL,NULL,NULL,NULL,0,0,6,NULL,NULL,NULL),(871,262,2,2,3,'2008-11-25 05:09:00','0.00','74.00',NULL,NULL,'#7d37b8a52dbdd158fd1767a214368fe4',NULL,'',NULL,NULL,NULL,NULL,NULL,NULL,NULL,NULL,0,0,3,NULL,NULL,NULL),(872,147,4,2,3,'2008-08-20 09:28:42','0.00','81.00',NULL,NULL,'#b0cf52e82d624197634275cd753a877b',NULL,'',NULL,NULL,NULL,NULL,NULL,NULL,NULL,NULL,0,0,6,NULL,NULL,NULL),(873,182,2,1,4,'2009-01-11 01:26:33','0.00','64.00',NULL,NULL,'#0d22c87bb3dd11f0e5ee14157887365c',NULL,'',NULL,NULL,NULL,NULL,NULL,NULL,NULL,NULL,0,0,2,NULL,NULL,NULL),(874,229,1,1,1,'2008-06-19 02:40:15','0.00','25.00',NULL,NULL,'#76125cb3aee3a852c239fabb41bf89b3',NULL,'',NULL,NULL,NULL,NULL,NULL,NULL,NULL,NULL,0,0,3,NULL,NULL,NULL),(875,145,2,2,4,'2009-03-19 10:35:09','0.00','84.00',NULL,NULL,'#52bc6be5acd68b757fdb522b6f4c8794',NULL,'',NULL,NULL,NULL,NULL,NULL,NULL,NULL,NULL,0,0,4,NULL,NULL,NULL),(876,9,2,3,1,'2008-09-09 06:27:08','0.00','63.00',NULL,NULL,'#e8b9f73572ad244144310075bdb514dd',NULL,'',NULL,NULL,NULL,NULL,NULL,NULL,NULL,NULL,0,0,6,NULL,NULL,NULL),(877,257,1,3,2,'2009-03-30 04:12:09','0.00','36.00',NULL,NULL,'#ae28527a86ee17232bd842859aaa098c',NULL,'',NULL,NULL,NULL,NULL,NULL,NULL,NULL,NULL,0,0,1,NULL,NULL,NULL),(878,18,3,3,4,'2009-04-07 11:53:54','0.00','47.00',NULL,NULL,'#ce70d5b5067d6fd0ae5db313c988317f',NULL,'',NULL,NULL,NULL,NULL,NULL,NULL,NULL,NULL,0,0,1,NULL,NULL,NULL),(879,218,1,1,4,'2009-05-06 07:55:50','0.00','72.00',NULL,NULL,'#57a075483cdff6150edbc53bcc010128',NULL,'',NULL,NULL,NULL,NULL,NULL,NULL,NULL,NULL,0,0,1,NULL,NULL,NULL),(880,309,3,1,3,'2009-05-12 12:07:25','0.00','70.00',NULL,NULL,'#def9219ff255e8e78e680864b4d83463',NULL,'',NULL,NULL,NULL,NULL,NULL,NULL,NULL,NULL,0,0,2,NULL,NULL,NULL),(881,305,2,2,3,'2009-03-25 03:38:45','0.00','12.00',NULL,NULL,'#fdb809d4a45cd4ea70ddf63840ae3d58',NULL,'',NULL,NULL,NULL,NULL,NULL,NULL,NULL,NULL,0,0,6,NULL,NULL,NULL),(882,162,2,3,2,'2008-06-22 04:47:51','0.00','14.00',NULL,NULL,'#012e04fe8caa2c08542355506e15a376',NULL,'',NULL,NULL,NULL,NULL,NULL,NULL,NULL,NULL,0,0,1,NULL,NULL,NULL),(883,238,3,3,3,'2008-07-22 05:54:12','0.00','13.00',NULL,NULL,'#62665b03a846f171c23e96ee83369608',NULL,'',NULL,NULL,NULL,NULL,NULL,NULL,NULL,NULL,0,0,2,NULL,NULL,NULL),(884,359,2,2,2,'2008-09-03 06:03:59','0.00','49.00',NULL,NULL,'#2aa40a1e81022293522f09b94a01b891',NULL,'',NULL,NULL,NULL,NULL,NULL,NULL,NULL,NULL,0,0,6,NULL,NULL,NULL),(885,314,1,3,1,'2008-09-19 08:27:12','0.00','76.00',NULL,NULL,'#e3f1d043a950c1db3312fdd8d150c43a',NULL,'',NULL,NULL,NULL,NULL,NULL,NULL,NULL,NULL,0,0,4,NULL,NULL,NULL),(886,177,3,2,5,'2009-03-28 02:41:54','0.00','17.00',NULL,NULL,'#11f8753c9228bb85c80d2a9afc7a4228',NULL,'',NULL,NULL,NULL,NULL,NULL,NULL,NULL,NULL,0,0,1,NULL,NULL,NULL),(887,61,1,3,5,'2008-11-01 02:58:43','0.00','50.00',NULL,NULL,'#4f7cd1cad4991c5017db3c824249f745',NULL,'',NULL,NULL,NULL,NULL,NULL,NULL,NULL,NULL,0,0,1,NULL,NULL,NULL),(888,298,2,1,1,'2008-10-08 02:58:58','0.00','72.00',NULL,NULL,'#f8bfc7dc3645299155fbbee645700aa8',NULL,'',NULL,NULL,NULL,NULL,NULL,NULL,NULL,NULL,0,0,3,NULL,NULL,NULL),(889,463,1,2,1,'2009-05-10 12:48:24','0.00','71.00',NULL,NULL,'#9f0f892601d434011e2756fa1bddcf91',NULL,'',NULL,NULL,NULL,NULL,NULL,NULL,NULL,NULL,0,0,5,NULL,NULL,NULL),(890,35,4,1,4,'2009-02-01 04:12:04','0.00','11.00',NULL,NULL,'#6c42e7ded62996419aafccc96f70f5fd',NULL,'',NULL,NULL,NULL,NULL,NULL,NULL,NULL,NULL,0,0,1,NULL,NULL,NULL),(891,314,1,1,2,'2008-12-23 10:37:29','0.00','37.00',NULL,NULL,'#b9a6d559a35357f460b70d3eb10e67ab',NULL,'',NULL,NULL,NULL,NULL,NULL,NULL,NULL,NULL,0,0,2,NULL,NULL,NULL),(892,134,3,1,1,'2009-02-20 10:16:26','0.00','34.00',NULL,NULL,'#8a0577cd8a67aa5f54c42c934df702e4',NULL,'',NULL,NULL,NULL,NULL,NULL,NULL,NULL,NULL,0,0,3,NULL,NULL,NULL),(893,207,1,1,4,'2008-08-02 06:19:36','0.00','33.00',NULL,NULL,'#e9a210e6097805174ece265046219825',NULL,'',NULL,NULL,NULL,NULL,NULL,NULL,NULL,NULL,0,0,3,NULL,NULL,NULL),(894,281,3,2,2,'2008-12-22 05:08:54','0.00','13.00',NULL,NULL,'#949428e5994b04b2253520fb25bb9dac',NULL,'',NULL,NULL,NULL,NULL,NULL,NULL,NULL,NULL,0,0,1,NULL,NULL,NULL),(895,237,4,1,5,'2008-06-07 07:18:12','0.00','52.00',NULL,NULL,'#dc91305f326aa5ad1061398b18e32405',NULL,'',NULL,NULL,NULL,NULL,NULL,NULL,NULL,NULL,0,0,4,NULL,NULL,NULL),(896,355,1,1,5,'2009-03-08 01:38:48','0.00','99.00',NULL,NULL,'#423522dc52f6b5afb7c9a688d8de101c',NULL,'',NULL,NULL,NULL,NULL,NULL,NULL,NULL,NULL,0,0,2,NULL,NULL,NULL),(897,324,1,1,1,'2008-07-12 03:01:37','0.00','85.00',NULL,NULL,'#a863ab4c53c8baaddb79aabd84c905dd',NULL,'',NULL,NULL,NULL,NULL,NULL,NULL,NULL,NULL,0,0,3,NULL,NULL,NULL),(898,92,4,3,3,'2008-10-13 12:54:27','0.00','24.00',NULL,NULL,'#650c4145f7e7899fe8959d0e94c171ec',NULL,'',NULL,NULL,NULL,NULL,NULL,NULL,NULL,NULL,0,0,5,NULL,NULL,NULL),(899,247,3,1,5,'2008-08-14 12:50:13','0.00','99.00',NULL,NULL,'#bdd264a01d02c5223625917204fcb4df',NULL,'',NULL,NULL,NULL,NULL,NULL,NULL,NULL,NULL,0,0,6,NULL,NULL,NULL),(900,195,2,1,1,'2009-02-06 05:04:52','0.00','75.00',NULL,NULL,'#06a243cdc004a6df6e3d3d07d0143073',NULL,'',NULL,NULL,NULL,NULL,NULL,NULL,NULL,NULL,0,0,6,NULL,NULL,NULL),(901,402,2,3,1,'2009-04-21 09:05:44','0.00','96.00',NULL,NULL,'#472e1588337a96b055ea8963dc2b2260',NULL,'',NULL,NULL,NULL,NULL,NULL,NULL,NULL,NULL,0,0,6,NULL,NULL,NULL),(902,76,3,3,1,'2008-08-08 03:35:15','0.00','95.00',NULL,NULL,'#41088a1f65c9cacd10d79e340188b782',NULL,'',NULL,NULL,NULL,NULL,NULL,NULL,NULL,NULL,0,0,2,NULL,NULL,NULL),(903,339,2,2,2,'2008-07-13 08:16:44','0.00','65.00',NULL,NULL,'#00b103d8b715a122b47d8ae828b7d25c',NULL,'',NULL,NULL,NULL,NULL,NULL,NULL,NULL,NULL,0,0,4,NULL,NULL,NULL),(904,393,1,3,5,'2008-09-13 04:09:23','0.00','33.00',NULL,NULL,'#3d9004661a5c866d8a59bc501e806cc9',NULL,'',NULL,NULL,NULL,NULL,NULL,NULL,NULL,NULL,0,0,1,NULL,NULL,NULL),(905,254,4,3,4,'2008-12-30 06:29:51','0.00','18.00',NULL,NULL,'#3fffd19960f19f3da6fba44ddb19ca0b',NULL,'',NULL,NULL,NULL,NULL,NULL,NULL,NULL,NULL,0,0,3,NULL,NULL,NULL),(906,19,1,1,1,'2008-11-04 05:24:32','0.00','82.00',NULL,NULL,'#0b702f859df28d047be6f1ffb85fe40a',NULL,'',NULL,NULL,NULL,NULL,NULL,NULL,NULL,NULL,0,0,5,NULL,NULL,NULL),(907,54,3,1,4,'2008-09-16 06:26:49','0.00','34.00',NULL,NULL,'#1622e3bc5a178f0d6621b05a4e014ae2',NULL,'',NULL,NULL,NULL,NULL,NULL,NULL,NULL,NULL,0,0,4,NULL,NULL,NULL),(908,366,2,2,4,'2008-08-05 11:52:54','0.00','55.00',NULL,NULL,'#ef9c2050a41c04ab7910c6ef828d2010',NULL,'',NULL,NULL,NULL,NULL,NULL,NULL,NULL,NULL,0,0,1,NULL,NULL,NULL),(909,10,1,3,4,'2008-11-23 10:57:23','0.00','78.00',NULL,NULL,'#84a71cab1a0d01fa318e67d16d1b712f',NULL,'',NULL,NULL,NULL,NULL,NULL,NULL,NULL,NULL,0,0,1,NULL,NULL,NULL),(910,448,2,3,3,'2008-05-30 03:14:08','0.00','35.00',NULL,NULL,'#73e455e4176031bdbc86632c4ae8711b',NULL,'',NULL,NULL,NULL,NULL,NULL,NULL,NULL,NULL,0,0,5,NULL,NULL,NULL),(911,389,2,3,2,'2009-01-28 07:43:57','0.00','58.00',NULL,NULL,'#58c220bdf22edf73f9b9a3bd17af1056',NULL,'',NULL,NULL,NULL,NULL,NULL,NULL,NULL,NULL,0,0,5,NULL,NULL,NULL),(912,298,3,3,4,'2009-04-09 09:56:59','0.00','85.00',NULL,NULL,'#51341a6eac52ce9ebd28a2a02b0dd629',NULL,'',NULL,NULL,NULL,NULL,NULL,NULL,NULL,NULL,0,0,3,NULL,NULL,NULL),(913,473,2,1,3,'2008-10-02 11:20:10','0.00','67.00',NULL,NULL,'#77fe809bc4fa8b2bcfdb81d57f350050',NULL,'',NULL,NULL,NULL,NULL,NULL,NULL,NULL,NULL,0,0,6,NULL,NULL,NULL),(914,370,3,2,5,'2009-02-24 11:02:58','0.00','30.00',NULL,NULL,'#1518d92ea5dc197e5e894198d11eafba',NULL,'',NULL,NULL,NULL,NULL,NULL,NULL,NULL,NULL,0,0,2,NULL,NULL,NULL),(915,15,3,2,4,'2008-12-01 04:36:30','0.00','88.00',NULL,NULL,'#5066463d03b97dd745fd19e9c73ee85b',NULL,'',NULL,NULL,NULL,NULL,NULL,NULL,NULL,NULL,0,0,6,NULL,NULL,NULL),(916,372,4,3,2,'2009-02-27 10:26:07','0.00','85.00',NULL,NULL,'#f6a5af9bca56bbe5dcd51f3ab899260e',NULL,'',NULL,NULL,NULL,NULL,NULL,NULL,NULL,NULL,0,0,4,NULL,NULL,NULL),(917,270,3,1,1,'2009-03-05 06:34:24','0.00','96.00',NULL,NULL,'#d3eaf08af114fcf17367890aecf5541d',NULL,'',NULL,NULL,NULL,NULL,NULL,NULL,NULL,NULL,0,0,4,NULL,NULL,NULL),(918,185,2,3,4,'2008-07-04 03:13:22','0.00','33.00',NULL,NULL,'#e33781efb91bbb6e985b120dfb2cec09',NULL,'',NULL,NULL,NULL,NULL,NULL,NULL,NULL,NULL,0,0,3,NULL,NULL,NULL),(919,304,3,3,5,'2008-09-03 02:06:09','0.00','19.00',NULL,NULL,'#7d9cdc05978d98a452e58ca17b763733',NULL,'',NULL,NULL,NULL,NULL,NULL,NULL,NULL,NULL,0,0,6,NULL,NULL,NULL),(920,446,2,3,2,'2009-01-31 08:45:13','0.00','66.00',NULL,NULL,'#0b435663a538b26c391372648278a4ba',NULL,'',NULL,NULL,NULL,NULL,NULL,NULL,NULL,NULL,0,0,3,NULL,NULL,NULL),(921,238,4,2,1,'2008-07-24 03:36:13','0.00','40.00',NULL,NULL,'#5ef07de63c3fd2eff5b52b800f55680e',NULL,'',NULL,NULL,NULL,NULL,NULL,NULL,NULL,NULL,0,0,2,NULL,NULL,NULL),(922,291,2,3,3,'2008-11-18 03:32:20','0.00','40.00',NULL,NULL,'#654ab180b36ee1e9207b6bc0176a9554',NULL,'',NULL,NULL,NULL,NULL,NULL,NULL,NULL,NULL,0,0,4,NULL,NULL,NULL),(923,126,3,3,4,'2008-08-13 09:34:26','0.00','28.00',NULL,NULL,'#d0215b7b939953762f125e4374c88c5b',NULL,'',NULL,NULL,NULL,NULL,NULL,NULL,NULL,NULL,0,0,6,NULL,NULL,NULL),(924,413,3,1,1,'2009-04-10 09:51:08','0.00','18.00',NULL,NULL,'#0a342314d01921a239edee2ee126d1a9',NULL,'',NULL,NULL,NULL,NULL,NULL,NULL,NULL,NULL,0,0,1,NULL,NULL,NULL),(925,283,3,2,2,'2008-07-03 04:45:04','0.00','30.00',NULL,NULL,'#8927e92c731c62666148089a67b44ce7',NULL,'',NULL,NULL,NULL,NULL,NULL,NULL,NULL,NULL,0,0,3,NULL,NULL,NULL),(926,486,3,3,1,'2008-12-23 01:51:41','0.00','83.00',NULL,NULL,'#f9a1646ed29d7d6e05c05f153ee03f42',NULL,'',NULL,NULL,NULL,NULL,NULL,NULL,NULL,NULL,0,0,1,NULL,NULL,NULL),(927,173,4,3,4,'2009-04-27 11:00:01','0.00','54.00',NULL,NULL,'#d0379b3718a1b2fbe9e2d46309f82789',NULL,'',NULL,NULL,NULL,NULL,NULL,NULL,NULL,NULL,0,0,6,NULL,NULL,NULL),(928,246,2,2,5,'2008-08-03 12:23:56','0.00','36.00',NULL,NULL,'#0367c329a9c54eb777d770116e54306a',NULL,'',NULL,NULL,NULL,NULL,NULL,NULL,NULL,NULL,0,0,4,NULL,NULL,NULL),(929,54,2,1,2,'2009-01-26 09:21:31','0.00','56.00',NULL,NULL,'#9260d0287202f49470ac507059f689b9',NULL,'',NULL,NULL,NULL,NULL,NULL,NULL,NULL,NULL,0,0,5,NULL,NULL,NULL),(930,199,2,3,5,'2008-10-25 07:19:27','0.00','42.00',NULL,NULL,'#2d20ce1baaedbb3d669978111c37183a',NULL,'',NULL,NULL,NULL,NULL,NULL,NULL,NULL,NULL,0,0,2,NULL,NULL,NULL),(931,141,1,1,3,'2009-01-22 10:19:54','0.00','35.00',NULL,NULL,'#0a11863e2f8a0900421ed216bd09b050',NULL,'',NULL,NULL,NULL,NULL,NULL,NULL,NULL,NULL,0,0,4,NULL,NULL,NULL),(932,424,1,3,2,'2009-05-08 07:29:58','0.00','30.00',NULL,NULL,'#0c05287dac3e4bc1d8ff802efbdc4208',NULL,'',NULL,NULL,NULL,NULL,NULL,NULL,NULL,NULL,0,0,4,NULL,NULL,NULL),(933,300,4,3,3,'2009-04-20 06:12:12','0.00','23.00',NULL,NULL,'#ef53850d278c05a2b4368929c52ed8c9',NULL,'',NULL,NULL,NULL,NULL,NULL,NULL,NULL,NULL,0,0,2,NULL,NULL,NULL),(934,284,2,2,3,'2009-02-17 05:44:16','0.00','40.00',NULL,NULL,'#cd8cff7eb89ab862273bb38b5739dbff',NULL,'',NULL,NULL,NULL,NULL,NULL,NULL,NULL,NULL,0,0,2,NULL,NULL,NULL),(935,10,1,3,4,'2008-09-13 06:24:01','0.00','65.00',NULL,NULL,'#b077b47b0616b1ec3c79ec8f7bb40566',NULL,'',NULL,NULL,NULL,NULL,NULL,NULL,NULL,NULL,0,0,3,NULL,NULL,NULL),(936,125,4,2,1,'2009-02-20 01:42:39','0.00','29.00',NULL,NULL,'#16cc13c92a2097a6154984154723415b',NULL,'',NULL,NULL,NULL,NULL,NULL,NULL,NULL,NULL,0,0,1,NULL,NULL,NULL),(937,390,1,3,3,'2009-03-03 02:00:41','0.00','80.00',NULL,NULL,'#80f8f58cbac5b5d995f41ef81cccc3cb',NULL,'',NULL,NULL,NULL,NULL,NULL,NULL,NULL,NULL,0,0,3,NULL,NULL,NULL),(938,445,4,2,4,'2008-09-19 08:14:01','0.00','77.00',NULL,NULL,'#8db2d93f16a07e0ccdeacfa26ca415c9',NULL,'',NULL,NULL,NULL,NULL,NULL,NULL,NULL,NULL,0,0,4,NULL,NULL,NULL),(939,320,2,2,3,'2009-05-08 04:58:47','0.00','88.00',NULL,NULL,'#5709d6531ff0a8d272fea885cc3425e3',NULL,'',NULL,NULL,NULL,NULL,NULL,NULL,NULL,NULL,0,0,4,NULL,NULL,NULL),(940,249,1,3,5,'2008-07-27 11:35:33','0.00','66.00',NULL,NULL,'#5b1dfdc36f4d03a96b297b1550b1adbb',NULL,'',NULL,NULL,NULL,NULL,NULL,NULL,NULL,NULL,0,0,1,NULL,NULL,NULL),(941,201,2,1,3,'2009-01-16 11:57:06','0.00','31.00',NULL,NULL,'#bffa91adb962bd417be27d7c876a05f2',NULL,'',NULL,NULL,NULL,NULL,NULL,NULL,NULL,NULL,0,0,6,NULL,NULL,NULL),(942,298,4,1,2,'2008-12-23 05:52:15','0.00','11.00',NULL,NULL,'#ff34bb67bce9956aa8f82289fb471d0f',NULL,'',NULL,NULL,NULL,NULL,NULL,NULL,NULL,NULL,0,0,5,NULL,NULL,NULL),(943,156,3,2,2,'2008-06-14 10:00:48','0.00','82.00',NULL,NULL,'#3b0c6408d27916bd8580e5cb30b571c0',NULL,'',NULL,NULL,NULL,NULL,NULL,NULL,NULL,NULL,0,0,3,NULL,NULL,NULL),(944,110,4,2,2,'2008-08-27 05:56:08','0.00','69.00',NULL,NULL,'#3874eeeca9b3bc5ae259f458680bf7f3',NULL,'',NULL,NULL,NULL,NULL,NULL,NULL,NULL,NULL,0,0,3,NULL,NULL,NULL),(945,279,2,3,1,'2008-09-22 04:24:41','0.00','49.00',NULL,NULL,'#229df823778ebba7b1e39bbb9a836920',NULL,'',NULL,NULL,NULL,NULL,NULL,NULL,NULL,NULL,0,0,2,NULL,NULL,NULL),(946,22,4,2,4,'2008-12-31 10:14:26','0.00','71.00',NULL,NULL,'#fd32169afcbc48c857301e1e72e4e301',NULL,'',NULL,NULL,NULL,NULL,NULL,NULL,NULL,NULL,0,0,5,NULL,NULL,NULL),(947,1,4,1,3,'2009-03-06 10:38:13','0.00','43.00',NULL,NULL,'#c091c0c78cfe4fe0c63ab094d891848d',NULL,'',NULL,NULL,NULL,NULL,NULL,NULL,NULL,NULL,0,0,3,NULL,NULL,NULL),(948,115,2,1,1,'2008-07-02 05:28:33','0.00','13.00',NULL,NULL,'#b83798a6a37e06a9f0d8ac6744de43f3',NULL,'',NULL,NULL,NULL,NULL,NULL,NULL,NULL,NULL,0,0,1,NULL,NULL,NULL),(949,148,3,2,5,'2008-07-08 10:17:00','0.00','58.00',NULL,NULL,'#6faa2c73fe32e85a400ccea9165935ca',NULL,'',NULL,NULL,NULL,NULL,NULL,NULL,NULL,NULL,0,0,2,NULL,NULL,NULL),(950,232,4,2,3,'2008-09-27 07:43:29','0.00','61.00',NULL,NULL,'#48c1b25c75f3ea0fa80321befeca2227',NULL,'',NULL,NULL,NULL,NULL,NULL,NULL,NULL,NULL,0,0,1,NULL,NULL,NULL),(951,28,1,1,3,'2008-06-03 11:12:26','0.00','95.00',NULL,NULL,'#90fdd1f155bbdb8d818d9031fc7114bc',NULL,'',NULL,NULL,NULL,NULL,NULL,NULL,NULL,NULL,0,0,4,NULL,NULL,NULL),(952,269,2,3,3,'2008-10-28 10:55:26','0.00','99.00',NULL,NULL,'#4ab50fe2d91de056b00174a81a0bb056',NULL,'',NULL,NULL,NULL,NULL,NULL,NULL,NULL,NULL,0,0,1,NULL,NULL,NULL),(953,445,2,1,2,'2008-07-15 02:22:46','0.00','40.00',NULL,NULL,'#0f025f3a8223f9b845c263aab4ab4f7d',NULL,'',NULL,NULL,NULL,NULL,NULL,NULL,NULL,NULL,0,0,4,NULL,NULL,NULL),(954,360,3,2,3,'2008-12-26 01:14:23','0.00','75.00',NULL,NULL,'#bf57a02a14f36f209568ab1e2b5a2084',NULL,'',NULL,NULL,NULL,NULL,NULL,NULL,NULL,NULL,0,0,2,NULL,NULL,NULL),(955,69,1,1,1,'2008-12-25 05:31:19','0.00','24.00',NULL,NULL,'#cc0d896d2c4cd4aeca251272d3580a4c',NULL,'',NULL,NULL,NULL,NULL,NULL,NULL,NULL,NULL,0,0,6,NULL,NULL,NULL),(956,165,4,2,1,'2008-10-20 03:08:18','0.00','91.00',NULL,NULL,'#208f5e2fbff4029836c6bf66c095f9a0',NULL,'',NULL,NULL,NULL,NULL,NULL,NULL,NULL,NULL,0,0,4,NULL,NULL,NULL),(957,228,1,3,1,'2008-12-25 10:25:15','0.00','21.00',NULL,NULL,'#65b6e056d65989a7dcfbc285597e4080',NULL,'',NULL,NULL,NULL,NULL,NULL,NULL,NULL,NULL,0,0,2,NULL,NULL,NULL),(958,52,4,1,4,'2009-04-20 12:52:18','0.00','98.00',NULL,NULL,'#caace53d42b168bf6ee903a623acb5f2',NULL,'',NULL,NULL,NULL,NULL,NULL,NULL,NULL,NULL,0,0,1,NULL,NULL,NULL),(959,337,2,1,1,'2009-03-05 08:50:41','0.00','97.00',NULL,NULL,'#0e241266ee72acf9f4dc4dffe0c8beee',NULL,'',NULL,NULL,NULL,NULL,NULL,NULL,NULL,NULL,0,0,2,NULL,NULL,NULL),(960,411,4,1,5,'2008-12-03 10:28:04','0.00','78.00',NULL,NULL,'#0946f4a756588afd1cd1a2493d3f91c5',NULL,'',NULL,NULL,NULL,NULL,NULL,NULL,NULL,NULL,0,0,2,NULL,NULL,NULL),(961,439,2,3,2,'2009-04-19 05:26:25','0.00','22.00',NULL,NULL,'#21c3b0f64bd3a9d8c65ec6b73c341137',NULL,'',NULL,NULL,NULL,NULL,NULL,NULL,NULL,NULL,0,0,1,NULL,NULL,NULL),(962,283,1,2,3,'2009-01-14 08:02:29','0.00','57.00',NULL,NULL,'#d608a656d9529902a7d4cd04854366ba',NULL,'',NULL,NULL,NULL,NULL,NULL,NULL,NULL,NULL,0,0,5,NULL,NULL,NULL),(963,65,3,1,3,'2008-11-08 06:37:06','0.00','93.00',NULL,NULL,'#7fc760e13c988630ef0c9444f119b670',NULL,'',NULL,NULL,NULL,NULL,NULL,NULL,NULL,NULL,0,0,5,NULL,NULL,NULL),(964,182,4,3,5,'2009-05-18 08:42:41','0.00','27.00',NULL,NULL,'#d1d27ff4c039d1ba3d418908f8e10436',NULL,'',NULL,NULL,NULL,NULL,NULL,NULL,NULL,NULL,0,0,5,NULL,NULL,NULL),(965,378,4,1,5,'2008-08-17 05:14:51','0.00','58.00',NULL,NULL,'#9b4f37aed23212542fffdbd7152910b5',NULL,'',NULL,NULL,NULL,NULL,NULL,NULL,NULL,NULL,0,0,1,NULL,NULL,NULL),(966,180,4,3,5,'2008-07-17 07:42:47','0.00','33.00',NULL,NULL,'#938d4ed4deec2d416257753563fea5f4',NULL,'',NULL,NULL,NULL,NULL,NULL,NULL,NULL,NULL,0,0,6,NULL,NULL,NULL),(967,191,1,3,5,'2008-07-26 03:20:31','0.00','86.00',NULL,NULL,'#46ae7d4cc315545593397051b3490958',NULL,'',NULL,NULL,NULL,NULL,NULL,NULL,NULL,NULL,0,0,2,NULL,NULL,NULL),(968,476,3,3,4,'2009-04-21 06:22:00','0.00','65.00',NULL,NULL,'#6929d6515952409d41e3838c9228ed4b',NULL,'',NULL,NULL,NULL,NULL,NULL,NULL,NULL,NULL,0,0,3,NULL,NULL,NULL),(969,196,2,1,4,'2008-07-09 05:52:15','0.00','34.00',NULL,NULL,'#f18429c1df2143c05ffe6064076d6c62',NULL,'',NULL,NULL,NULL,NULL,NULL,NULL,NULL,NULL,0,0,1,NULL,NULL,NULL),(970,187,4,1,1,'2009-04-27 04:23:45','0.00','47.00',NULL,NULL,'#070f59ba5a81f6b97e56ef60cd236fdb',NULL,'',NULL,NULL,NULL,NULL,NULL,NULL,NULL,NULL,0,0,4,NULL,NULL,NULL),(971,368,3,3,5,'2008-11-06 08:24:40','0.00','18.00',NULL,NULL,'#601767dbd28ed9a8b3ca9ade31437e5c',NULL,'',NULL,NULL,NULL,NULL,NULL,NULL,NULL,NULL,0,0,1,NULL,NULL,NULL),(972,8,1,2,4,'2008-08-02 11:37:28','0.00','78.00',NULL,NULL,'#0c617d9aa4fc0815f3e6b9a09301d3e6',NULL,'',NULL,NULL,NULL,NULL,NULL,NULL,NULL,NULL,0,0,5,NULL,NULL,NULL),(973,277,3,2,3,'2008-12-19 01:04:11','0.00','66.00',NULL,NULL,'#21034e5bcfcdcc7d3208b04fce901278',NULL,'',NULL,NULL,NULL,NULL,NULL,NULL,NULL,NULL,0,0,4,NULL,NULL,NULL),(974,376,3,2,5,'2009-03-11 01:38:29','0.00','81.00',NULL,NULL,'#438974a4d4bbb4a687f866811fd60865',NULL,'',NULL,NULL,NULL,NULL,NULL,NULL,NULL,NULL,0,0,3,NULL,NULL,NULL),(975,92,3,3,5,'2008-10-25 04:00:32','0.00','31.00',NULL,NULL,'#b0113bd5ef46b55d5aea163ede048b66',NULL,'',NULL,NULL,NULL,NULL,NULL,NULL,NULL,NULL,0,0,4,NULL,NULL,NULL),(976,446,2,2,1,'2009-01-20 08:07:00','0.00','65.00',NULL,NULL,'#afbe5f42ff534eda2c4541e607f5194a',NULL,'',NULL,NULL,NULL,NULL,NULL,NULL,NULL,NULL,0,0,6,NULL,NULL,NULL),(977,198,1,2,2,'2008-08-18 01:16:50','0.00','11.00',NULL,NULL,'#f64f5c89f866552134ae70b9dc97a562',NULL,'',NULL,NULL,NULL,NULL,NULL,NULL,NULL,NULL,0,0,5,NULL,NULL,NULL),(978,298,4,1,5,'2009-02-08 07:32:16','0.00','69.00',NULL,NULL,'#045fac1d88abfcbb1231a6111777b530',NULL,'',NULL,NULL,NULL,NULL,NULL,NULL,NULL,NULL,0,0,1,NULL,NULL,NULL),(979,411,2,1,2,'2009-05-28 12:51:51','0.00','29.00',NULL,NULL,'#65c4326935e5ae18d012a7236308d1c4',NULL,'',NULL,NULL,NULL,NULL,NULL,NULL,NULL,NULL,0,0,3,NULL,NULL,NULL),(980,335,3,2,5,'2009-04-13 07:49:53','0.00','90.00',NULL,NULL,'#b2b06f0c3178bdc887be49480959cb34',NULL,'',NULL,NULL,NULL,NULL,NULL,NULL,NULL,NULL,0,0,4,NULL,NULL,NULL),(981,331,3,1,3,'2008-09-29 07:34:50','0.00','81.00',NULL,NULL,'#2d482c1f031eef716476e28a394f7b44',NULL,'',NULL,NULL,NULL,NULL,NULL,NULL,NULL,NULL,0,0,3,NULL,NULL,NULL),(982,58,2,1,5,'2008-10-07 11:53:43','0.00','97.00',NULL,NULL,'#835f5a0854d81febf2d20bc3bfba9e7b',NULL,'',NULL,NULL,NULL,NULL,NULL,NULL,NULL,NULL,0,0,4,NULL,NULL,NULL),(983,165,1,3,2,'2009-01-07 04:19:20','0.00','40.00',NULL,NULL,'#b7ec064bd44a71139dd2bfce30881728',NULL,'',NULL,NULL,NULL,NULL,NULL,NULL,NULL,NULL,0,0,6,NULL,NULL,NULL),(984,356,3,3,3,'2008-07-14 08:56:17','0.00','81.00',NULL,NULL,'#f08329cc956588f5fd3a6f9047d1c1e9',NULL,'',NULL,NULL,NULL,NULL,NULL,NULL,NULL,NULL,0,0,5,NULL,NULL,NULL),(985,180,3,1,2,'2008-08-29 03:08:27','0.00','40.00',NULL,NULL,'#38830e29bf83d5ec427d1e2720538dbf',NULL,'',NULL,NULL,NULL,NULL,NULL,NULL,NULL,NULL,0,0,5,NULL,NULL,NULL),(986,47,4,3,1,'2008-09-20 01:50:44','0.00','10.00',NULL,NULL,'#69a7fb08076c3dd2d720f2707e162807',NULL,'',NULL,NULL,NULL,NULL,NULL,NULL,NULL,NULL,0,0,4,NULL,NULL,NULL),(987,474,1,1,3,'2009-02-17 08:02:05','0.00','47.00',NULL,NULL,'#f2a15a043ec885348a9a53c4b6cd69c7',NULL,'',NULL,NULL,NULL,NULL,NULL,NULL,NULL,NULL,0,0,5,NULL,NULL,NULL),(988,420,3,2,3,'2008-10-06 03:41:05','0.00','72.00',NULL,NULL,'#60bc96368133e16be3106db96a93dd95',NULL,'',NULL,NULL,NULL,NULL,NULL,NULL,NULL,NULL,0,0,1,NULL,NULL,NULL),(989,303,3,3,5,'2008-12-09 06:15:23','0.00','91.00',NULL,NULL,'#8270a6e8fe1987fa74fe605d6beb9f7d',NULL,'',NULL,NULL,NULL,NULL,NULL,NULL,NULL,NULL,0,0,1,NULL,NULL,NULL),(990,36,3,3,1,'2008-12-19 02:29:28','0.00','26.00',NULL,NULL,'#76ea74bc39f6e329228f174d681c978c',NULL,'',NULL,NULL,NULL,NULL,NULL,NULL,NULL,NULL,0,0,6,NULL,NULL,NULL),(991,379,4,2,1,'2009-05-13 09:14:37','0.00','37.00',NULL,NULL,'#c7a45a4cbdd1fb7dc0875254b9a3ad3d',NULL,'',NULL,NULL,NULL,NULL,NULL,NULL,NULL,NULL,0,0,4,NULL,NULL,NULL),(992,283,3,1,5,'2008-05-31 04:24:45','0.00','62.00',NULL,NULL,'#e5a64a2db8e696af1fb4399f99bb1237',NULL,'',NULL,NULL,NULL,NULL,NULL,NULL,NULL,NULL,0,0,1,NULL,NULL,NULL),(993,366,1,2,1,'2009-03-22 06:12:15','0.00','91.00',NULL,NULL,'#81f264a3b838614ec1f460729694b75e',NULL,'',NULL,NULL,NULL,NULL,NULL,NULL,NULL,NULL,0,0,6,NULL,NULL,NULL),(994,371,2,1,2,'2008-05-29 01:22:25','0.00','47.00',NULL,NULL,'#32cadcf131ee2945300ec25d5f34d64a',NULL,'',NULL,NULL,NULL,NULL,NULL,NULL,NULL,NULL,0,0,5,NULL,NULL,NULL),(995,236,2,2,3,'2008-10-27 11:43:35','0.00','17.00',NULL,NULL,'#a019fe18efdec352f94d84e4f9e3df61',NULL,'',NULL,NULL,NULL,NULL,NULL,NULL,NULL,NULL,0,0,2,NULL,NULL,NULL),(996,339,1,2,1,'2008-10-20 03:15:53','0.00','37.00',NULL,NULL,'#a0c5eda9d5d5af08c813a49ac6674424',NULL,'',NULL,NULL,NULL,NULL,NULL,NULL,NULL,NULL,0,0,5,NULL,NULL,NULL),(997,218,3,2,3,'2008-06-06 07:56:24','0.00','38.00',NULL,NULL,'#a9ce17fb3a0e01cd63cdba61ab07d6d9',NULL,'',NULL,NULL,NULL,NULL,NULL,NULL,NULL,NULL,0,0,6,NULL,NULL,NULL),(998,307,4,2,3,'2009-01-25 10:45:29','0.00','64.00',NULL,NULL,'#45f899e6e93dccc96f9584e9944063fd',NULL,'',NULL,NULL,NULL,NULL,NULL,NULL,NULL,NULL,0,0,2,NULL,NULL,NULL),(999,468,4,1,4,'2009-01-24 11:21:18','0.00','84.00',NULL,NULL,'#811f98dcbcafdf0ef420bbfcb83a9a6e',NULL,'',NULL,NULL,NULL,NULL,NULL,NULL,NULL,NULL,0,0,3,NULL,NULL,NULL),(1000,8,4,3,4,'2009-05-21 09:49:42','0.00','11.00',NULL,NULL,'#afb4246be9ea6ee22e0b0119b101cd1e',NULL,'',NULL,NULL,NULL,NULL,NULL,NULL,NULL,NULL,0,0,1,NULL,NULL,NULL);
/*!40000 ALTER TABLE `civicrm_contribution` ENABLE KEYS */;
UNLOCK TABLES;

--
-- Dumping data for table `civicrm_contribution_page`
--

LOCK TABLES `civicrm_contribution_page` WRITE;
/*!40000 ALTER TABLE `civicrm_contribution_page` DISABLE KEYS */;
INSERT INTO `civicrm_contribution_page` (`id`, `title`, `intro_text`, `contribution_type_id`, `payment_processor_id`, `is_credit_card_only`, `is_monetary`, `is_recur`, `recur_frequency_unit`, `is_recur_interval`, `is_pay_later`, `pay_later_text`, `pay_later_receipt`, `is_allow_other_amount`, `default_amount_id`, `min_amount`, `max_amount`, `goal_amount`, `thankyou_title`, `thankyou_text`, `thankyou_footer`, `is_for_organization`, `for_organization`, `is_email_receipt`, `receipt_from_name`, `receipt_from_email`, `cc_receipt`, `bcc_receipt`, `receipt_text`, `is_active`, `footer_text`, `amount_block_is_active`, `honor_block_is_active`, `honor_block_title`, `honor_block_text`, `start_date`, `end_date`) VALUES (1,'Help Support CiviCRM!','Do you love CiviCRM? Do you use CiviCRM? Then please support CiviCRM and Contribute NOW by trying out our new online contribution features!',1,NULL,0,1,0,NULL,0,0,NULL,NULL,1,137,'10.00','10000.00','100000.00','Thanks for Your Support!','<p>Thank you for your support. Your contribution will help us build even better tools.</p><p>Please tell your friends and colleagues about CiviCRM!</p>','<p><a href=http://civicrm.org>Back to CiviCRM Home Page</a></p>',0,NULL,1,'CiviCRM Fundraising Dept.','donationFake@civicrm.org','receipt@example.com','bcc@example.com','Your donation is tax deductible under IRS 501(c)(3) regulation. Our tax identification number is: 93-123-4567',1,NULL,1,NULL,NULL,NULL,NULL,NULL),(2,'Member Signup and Renewal','Members are the life-blood of our organization. If you\'re not already a member - please consider signing up today. You can select the membership level the fits your budget and needs below.',2,NULL,0,1,0,NULL,0,0,NULL,NULL,NULL,NULL,NULL,NULL,NULL,'Thanks for Your Support!','Thanks for supporting our organization with your membership. You can learn more about membership benefits from our members only page.',NULL,0,NULL,1,'Membership Department','memberships@civicrm.org',NULL,NULL,'Thanks for supporting our organization with your membership. You can learn more about membership benefits from our members only page.\r\n\r\nKeep this receipt for your records.',1,NULL,0,NULL,NULL,NULL,NULL,NULL),(3,'Pledge for CiviCRM!','Do you love CiviCRM? Do you use CiviCRM? Then please support CiviCRM and Pledge NOW by trying out our online contribution features!',1,NULL,0,1,0,NULL,0,0,NULL,NULL,1,NULL,'10.00','10000.00','100000.00','Thanks for Your Support!','<p>Thank you for your support. Your contribution will help us build even better tools like Pledge.</p><p>Please tell your friends and colleagues about CiviPledge!</p>','<p><a href=http://civicrm.org>Back to CiviCRM Home Page</a></p>',0,NULL,1,'CiviCRM Fundraising Dept.','donationFake@civicrm.org','receipt@example.com','bcc@example.com','Your donation is tax deductible under IRS 501(c)(3) regulation. Our tax identification number is: 93-123-4567',1,NULL,1,NULL,NULL,NULL,NULL,NULL);
/*!40000 ALTER TABLE `civicrm_contribution_page` ENABLE KEYS */;
UNLOCK TABLES;

--
-- Dumping data for table `civicrm_contribution_product`
--

LOCK TABLES `civicrm_contribution_product` WRITE;
/*!40000 ALTER TABLE `civicrm_contribution_product` DISABLE KEYS */;
/*!40000 ALTER TABLE `civicrm_contribution_product` ENABLE KEYS */;
UNLOCK TABLES;

--
-- Dumping data for table `civicrm_contribution_recur`
--

LOCK TABLES `civicrm_contribution_recur` WRITE;
/*!40000 ALTER TABLE `civicrm_contribution_recur` DISABLE KEYS */;
/*!40000 ALTER TABLE `civicrm_contribution_recur` ENABLE KEYS */;
UNLOCK TABLES;

--
-- Dumping data for table `civicrm_contribution_soft`
--

LOCK TABLES `civicrm_contribution_soft` WRITE;
/*!40000 ALTER TABLE `civicrm_contribution_soft` DISABLE KEYS */;
INSERT INTO `civicrm_contribution_soft` (`id`, `contribution_id`, `contact_id`, `amount`, `pcp_id`, `pcp_display_in_roll`, `pcp_roll_nickname`, `pcp_personal_note`) VALUES (1,3,216,'10.00',1,1,'Jones Family','Helping Hands'),(2,6,216,'250.00',1,1,'Annie and the kids','Annie Helps');
/*!40000 ALTER TABLE `civicrm_contribution_soft` ENABLE KEYS */;
UNLOCK TABLES;

--
-- Dumping data for table `civicrm_contribution_type`
--

LOCK TABLES `civicrm_contribution_type` WRITE;
/*!40000 ALTER TABLE `civicrm_contribution_type` DISABLE KEYS */;
INSERT INTO `civicrm_contribution_type` (`id`, `name`, `accounting_code`, `description`, `is_deductible`, `is_reserved`, `is_active`) VALUES (1,'Donation',NULL,NULL,1,0,1),(2,'Member Dues',NULL,NULL,1,0,1),(3,'Campaign Contribution',NULL,NULL,0,0,1),(4,'Event Fee',NULL,NULL,0,0,1);
/*!40000 ALTER TABLE `civicrm_contribution_type` ENABLE KEYS */;
UNLOCK TABLES;

--
-- Dumping data for table `civicrm_contribution_widget`
--

LOCK TABLES `civicrm_contribution_widget` WRITE;
/*!40000 ALTER TABLE `civicrm_contribution_widget` DISABLE KEYS */;
/*!40000 ALTER TABLE `civicrm_contribution_widget` ENABLE KEYS */;
UNLOCK TABLES;

--
-- Dumping data for table `civicrm_country`
--

LOCK TABLES `civicrm_country` WRITE;
/*!40000 ALTER TABLE `civicrm_country` DISABLE KEYS */;
INSERT INTO `civicrm_country` (`id`, `name`, `iso_code`, `country_code`, `idd_prefix`, `ndd_prefix`, `region_id`) VALUES (1001,'Afghanistan','AF',NULL,NULL,NULL,4),(1002,'Albania','AL',NULL,NULL,NULL,1),(1003,'Algeria','DZ',NULL,NULL,NULL,3),(1004,'American Samoa','AS',NULL,NULL,NULL,2),(1005,'Andorra','AD',NULL,NULL,NULL,1),(1006,'Angola','AO',NULL,NULL,NULL,5),(1007,'Anguilla','AI',NULL,NULL,NULL,2),(1008,'Antarctica','AQ',NULL,NULL,NULL,1),(1009,'Antigua and Barbuda','AG',NULL,NULL,NULL,2),(1010,'Argentina','AR',NULL,NULL,NULL,2),(1011,'Armenia','AM',NULL,NULL,NULL,4),(1012,'Aruba','AW',NULL,NULL,NULL,2),(1013,'Australia','AU',NULL,NULL,NULL,4),(1014,'Austria','AT',NULL,NULL,NULL,1),(1015,'Azerbaijan','AZ',NULL,NULL,NULL,1),(1016,'Bahrain','BH',NULL,NULL,NULL,3),(1017,'Bangladesh','BD',NULL,NULL,NULL,4),(1018,'Barbados','BB',NULL,NULL,NULL,4),(1019,'Belarus','BY',NULL,NULL,NULL,1),(1020,'Belgium','BE',NULL,NULL,NULL,1),(1021,'Belize','BZ',NULL,NULL,NULL,2),(1022,'Benin','BJ',NULL,NULL,NULL,5),(1023,'Bermuda','BM',NULL,NULL,NULL,2),(1024,'Bhutan','BT',NULL,NULL,NULL,4),(1025,'Bolivia','BO',NULL,NULL,NULL,2),(1026,'Bosnia and Herzegovina','BA',NULL,NULL,NULL,1),(1027,'Botswana','BW',NULL,NULL,NULL,5),(1028,'Bouvet Island','BV',NULL,NULL,NULL,1),(1029,'Brazil','BR',NULL,NULL,NULL,2),(1030,'British Indian Ocean Territory','IO',NULL,NULL,NULL,4),(1031,'Virgin Islands, British','VG',NULL,NULL,NULL,2),(1032,'Brunei Darussalam','BN',NULL,NULL,NULL,4),(1033,'Bulgaria','BG',NULL,NULL,NULL,1),(1034,'Burkina Faso','BF',NULL,NULL,NULL,5),(1035,'Myanmar','MM',NULL,NULL,NULL,4),(1036,'Burundi','BI',NULL,NULL,NULL,5),(1037,'Cambodia','KH',NULL,NULL,NULL,4),(1038,'Cameroon','CM',NULL,NULL,NULL,5),(1039,'Canada','CA',NULL,NULL,NULL,2),(1040,'Cape Verde','CV',NULL,NULL,NULL,5),(1041,'Cayman Islands','KY',NULL,NULL,NULL,5),(1042,'Central African Republic','CF',NULL,NULL,NULL,5),(1043,'Chad','TD',NULL,NULL,NULL,5),(1044,'Chile','CL',NULL,NULL,NULL,2),(1045,'China','CN',NULL,NULL,NULL,4),(1046,'Christmas Island','CX',NULL,NULL,NULL,4),(1047,'Cocos (Keeling) Islands','CC',NULL,NULL,NULL,4),(1048,'Colombia','CO',NULL,NULL,NULL,2),(1049,'Comoros','KM',NULL,NULL,NULL,5),(1050,'Congo, The Democratic Republic of the','CD',NULL,NULL,NULL,5),(1051,'Congo','CG',NULL,NULL,NULL,5),(1052,'Cook Islands','CK',NULL,NULL,NULL,4),(1053,'Costa Rica','CR',NULL,NULL,NULL,2),(1054,'Cte d\'Ivoire','CI',NULL,NULL,NULL,5),(1055,'Croatia','HR',NULL,NULL,NULL,1),(1056,'Cuba','CU',NULL,NULL,NULL,2),(1057,'Cyprus','CY',NULL,NULL,NULL,1),(1058,'Czech Republic','CZ',NULL,NULL,NULL,1),(1059,'Denmark','DK',NULL,NULL,NULL,1),(1060,'Djibouti','DJ',NULL,NULL,NULL,5),(1061,'Dominica','DM',NULL,NULL,NULL,2),(1062,'Dominican Republic','DO',NULL,NULL,NULL,2),(1063,'Timor-Leste','TL',NULL,NULL,NULL,4),(1064,'Ecuador','EC',NULL,NULL,NULL,2),(1065,'Egypt','EG',NULL,NULL,NULL,3),(1066,'El Salvador','SV',NULL,NULL,NULL,2),(1067,'Equatorial Guinea','GQ',NULL,NULL,NULL,5),(1068,'Eritrea','ER',NULL,NULL,NULL,5),(1069,'Estonia','EE',NULL,NULL,NULL,1),(1070,'Ethiopia','ET',NULL,NULL,NULL,5),(1072,'Falkland Islands (Malvinas)','FK',NULL,NULL,NULL,2),(1073,'Faroe Islands','FO',NULL,NULL,NULL,1),(1074,'Fiji','FJ',NULL,NULL,NULL,4),(1075,'Finland','FI',NULL,NULL,NULL,1),(1076,'France','FR',NULL,NULL,NULL,1),(1077,'French Guiana','GF',NULL,NULL,NULL,2),(1078,'French Polynesia','PF',NULL,NULL,NULL,4),(1079,'French Southern Territories','TF',NULL,NULL,NULL,1),(1080,'Gabon','GA',NULL,NULL,NULL,5),(1081,'Georgia','GE',NULL,NULL,NULL,4),(1082,'Germany','DE',NULL,NULL,NULL,1),(1083,'Ghana','GH',NULL,NULL,NULL,5),(1084,'Gibraltar','GI',NULL,NULL,NULL,1),(1085,'Greece','GR',NULL,NULL,NULL,1),(1086,'Greenland','GL',NULL,NULL,NULL,2),(1087,'Grenada','GD',NULL,NULL,NULL,2),(1088,'Guadeloupe','GP',NULL,NULL,NULL,2),(1089,'Guam','GU',NULL,NULL,NULL,4),(1090,'Guatemala','GT',NULL,NULL,NULL,2),(1091,'Guinea','GN',NULL,NULL,NULL,5),(1092,'Guinea-Bissau','GW',NULL,NULL,NULL,5),(1093,'Guyana','GY',NULL,NULL,NULL,2),(1094,'Haiti','HT',NULL,NULL,NULL,2),(1095,'Heard Island and McDonald Islands','HM',NULL,NULL,NULL,4),(1096,'Holy See (Vatican City State)','VA',NULL,NULL,NULL,1),(1097,'Honduras','HN',NULL,NULL,NULL,2),(1098,'Hong Kong','HK',NULL,NULL,NULL,4),(1099,'Hungary','HU',NULL,NULL,NULL,1),(1100,'Iceland','IS',NULL,NULL,NULL,1),(1101,'India','IN',NULL,NULL,NULL,4),(1102,'Indonesia','ID',NULL,NULL,NULL,4),(1103,'Iran, Islamic Republic of','IR',NULL,NULL,NULL,3),(1104,'Iraq','IQ',NULL,NULL,NULL,3),(1105,'Ireland','IE',NULL,NULL,NULL,1),(1106,'Israel','IL',NULL,NULL,NULL,3),(1107,'Italy','IT',NULL,NULL,NULL,1),(1108,'Jamaica','JM',NULL,NULL,NULL,2),(1109,'Japan','JP',NULL,NULL,NULL,4),(1110,'Jordan','JO',NULL,NULL,NULL,3),(1111,'Kazakhstan','KZ',NULL,NULL,NULL,1),(1112,'Kenya','KE',NULL,NULL,NULL,5),(1113,'Kiribati','KI',NULL,NULL,NULL,4),(1114,'Korea, Democratic People\'s Republic of','KP',NULL,NULL,NULL,4),(1115,'Korea, Republic of','KR',NULL,NULL,NULL,4),(1116,'Kuwait','KW',NULL,NULL,NULL,3),(1117,'Kyrgyzstan','KG',NULL,NULL,NULL,1),(1118,'Lao People\'s Democratic Republic','LA',NULL,NULL,NULL,4),(1119,'Latvia','LV',NULL,NULL,NULL,1),(1120,'Lebanon','LB',NULL,NULL,NULL,3),(1121,'Lesotho','LS',NULL,NULL,NULL,5),(1122,'Liberia','LR',NULL,NULL,NULL,5),(1123,'Libyan Arab Jamahiriya','LY',NULL,NULL,NULL,3),(1124,'Liechtenstein','LI',NULL,NULL,NULL,1),(1125,'Lithuania','LT',NULL,NULL,NULL,1),(1126,'Luxembourg','LU',NULL,NULL,NULL,1),(1127,'Macao','MO',NULL,NULL,NULL,4),(1128,'Macedonia, Republic of','MK',NULL,NULL,NULL,1),(1129,'Madagascar','MG',NULL,NULL,NULL,5),(1130,'Malawi','MW',NULL,NULL,NULL,5),(1131,'Malaysia','MY',NULL,NULL,NULL,4),(1132,'Maldives','MV',NULL,NULL,NULL,4),(1133,'Mali','ML',NULL,NULL,NULL,5),(1134,'Malta','MT',NULL,NULL,NULL,1),(1135,'Marshall Islands','MH',NULL,NULL,NULL,4),(1136,'Martinique','MQ',NULL,NULL,NULL,2),(1137,'Mauritania','MR',NULL,NULL,NULL,5),(1138,'Mauritius','MU',NULL,NULL,NULL,5),(1139,'Mayotte','YT',NULL,NULL,NULL,5),(1140,'Mexico','MX',NULL,NULL,NULL,2),(1141,'Micronesia, Federated States of','FM',NULL,NULL,NULL,4),(1142,'Moldova','MD',NULL,NULL,NULL,1),(1143,'Monaco','MC',NULL,NULL,NULL,1),(1144,'Mongolia','MN',NULL,NULL,NULL,4),(1145,'Montserrat','MS',NULL,NULL,NULL,2),(1146,'Morocco','MA',NULL,NULL,NULL,3),(1147,'Mozambique','MZ',NULL,NULL,NULL,5),(1148,'Namibia','NA',NULL,NULL,NULL,5),(1149,'Nauru','NR',NULL,NULL,NULL,4),(1150,'Nepal','NP',NULL,NULL,NULL,4),(1151,'Netherlands Antilles','AN',NULL,NULL,NULL,2),(1152,'Netherlands','NL',NULL,NULL,NULL,1),(1153,'New Caledonia','NC',NULL,NULL,NULL,4),(1154,'New Zealand','NZ',NULL,NULL,NULL,4),(1155,'Nicaragua','NI',NULL,NULL,NULL,2),(1156,'Niger','NE',NULL,NULL,NULL,5),(1157,'Nigeria','NG',NULL,NULL,NULL,5),(1158,'Niue','NU',NULL,NULL,NULL,4),(1159,'Norfolk Island','NF',NULL,NULL,NULL,4),(1160,'Northern Mariana Islands','MP',NULL,NULL,NULL,2),(1161,'Norway','NO',NULL,NULL,NULL,1),(1162,'Oman','OM',NULL,NULL,NULL,3),(1163,'Pakistan','PK',NULL,NULL,NULL,4),(1164,'Palau','PW',NULL,NULL,NULL,4),(1165,'Palestinian Territory, Occupied','PS',NULL,NULL,NULL,3),(1166,'Panama','PA',NULL,NULL,NULL,5),(1167,'Papua New Guinea','PG',NULL,NULL,NULL,4),(1168,'Paraguay','PY',NULL,NULL,NULL,2),(1169,'Peru','PE',NULL,NULL,NULL,2),(1170,'Philippines','PH',NULL,NULL,NULL,4),(1171,'Pitcairn','PN',NULL,NULL,NULL,4),(1172,'Poland','PL',NULL,NULL,NULL,1),(1173,'Portugal','PT',NULL,NULL,NULL,1),(1174,'Puerto Rico','PR',NULL,NULL,NULL,2),(1175,'Qatar','QA',NULL,NULL,NULL,3),(1176,'Romania','RO',NULL,NULL,NULL,1),(1177,'Russian Federation','RU',NULL,NULL,NULL,1),(1178,'Rwanda','RW',NULL,NULL,NULL,5),(1179,'Reunion','RE',NULL,NULL,NULL,5),(1180,'Saint Helena','SH',NULL,NULL,NULL,5),(1181,'Saint Kitts and Nevis','KN',NULL,NULL,NULL,2),(1182,'Saint Lucia','LC',NULL,NULL,NULL,2),(1183,'Saint Pierre and Miquelon','PM',NULL,NULL,NULL,2),(1184,'Saint Vincent and the Grenadines','VC',NULL,NULL,NULL,2),(1185,'Samoa','WS',NULL,NULL,NULL,4),(1186,'San Marino','SM',NULL,NULL,NULL,1),(1187,'Saudi Arabia','SA',NULL,NULL,NULL,3),(1188,'Senegal','SN',NULL,NULL,NULL,5),(1189,'Seychelles','SC',NULL,NULL,NULL,5),(1190,'Sierra Leone','SL',NULL,NULL,NULL,5),(1191,'Singapore','SG',NULL,NULL,NULL,4),(1192,'Slovakia','SK',NULL,NULL,NULL,1),(1193,'Slovenia','SI',NULL,NULL,NULL,1),(1194,'Solomon Islands','SB',NULL,NULL,NULL,4),(1195,'Somalia','SO',NULL,NULL,NULL,5),(1196,'South Africa','ZA',NULL,NULL,NULL,5),(1197,'South Georgia and the South Sandwich Islands','GS',NULL,NULL,NULL,2),(1198,'Spain','ES',NULL,NULL,NULL,1),(1199,'Sri Lanka','LK',NULL,NULL,NULL,4),(1200,'Sudan','SD',NULL,NULL,NULL,5),(1201,'Suriname','SR',NULL,NULL,NULL,2),(1202,'Svalbard and Jan Mayen','SJ',NULL,NULL,NULL,1),(1203,'Swaziland','SZ',NULL,NULL,NULL,5),(1204,'Sweden','SE',NULL,NULL,NULL,1),(1205,'Switzerland','CH',NULL,NULL,NULL,1),(1206,'Syrian Arab Republic','SY',NULL,NULL,NULL,3),(1207,'Sao Tome and Principe','ST',NULL,NULL,NULL,5),(1208,'Taiwan','TW',NULL,NULL,NULL,4),(1209,'Tajikistan','TJ',NULL,NULL,NULL,4),(1210,'Tanzania, United Republic of','TZ',NULL,NULL,NULL,5),(1211,'Thailand','TH',NULL,NULL,NULL,4),(1212,'Bahamas','BS',NULL,NULL,NULL,2),(1213,'Gambia','GM',NULL,NULL,NULL,5),(1214,'Togo','TG',NULL,NULL,NULL,5),(1215,'Tokelau','TK',NULL,NULL,NULL,4),(1216,'Tonga','TO',NULL,NULL,NULL,4),(1217,'Trinidad and Tobago','TT',NULL,NULL,NULL,2),(1218,'Tunisia','TN',NULL,NULL,NULL,3),(1219,'Turkey','TR',NULL,NULL,NULL,1),(1220,'Turkmenistan','TM',NULL,NULL,NULL,1),(1221,'Turks and Caicos Islands','TC',NULL,NULL,NULL,2),(1222,'Tuvalu','TV',NULL,NULL,NULL,4),(1223,'Uganda','UG',NULL,NULL,NULL,5),(1224,'Ukraine','UA',NULL,NULL,NULL,1),(1225,'United Arab Emirates','AE',NULL,NULL,NULL,3),(1226,'United Kingdom','GB',NULL,NULL,NULL,1),(1227,'United States Minor Outlying Islands','UM',NULL,NULL,NULL,2),(1228,'United States','US',NULL,NULL,NULL,2),(1229,'Uruguay','UY',NULL,NULL,NULL,2),(1230,'Uzbekistan','UZ',NULL,NULL,NULL,1),(1231,'Vanuatu','VU',NULL,NULL,NULL,4),(1232,'Venezuela','VE',NULL,NULL,NULL,2),(1233,'Viet Nam','VN',NULL,NULL,NULL,4),(1234,'Virgin Islands, U.S.','VI',NULL,NULL,NULL,2),(1235,'Wallis and Futuna','WF',NULL,NULL,NULL,4),(1236,'Western Sahara','EH',NULL,NULL,NULL,3),(1237,'Yemen','YE',NULL,NULL,NULL,3),(1238,'Serbia and Montenegro','CS',NULL,NULL,NULL,1),(1239,'Zambia','ZM',NULL,NULL,NULL,5),(1240,'Zimbabwe','ZW',NULL,NULL,NULL,5),(1241,'land Islands','AX',NULL,NULL,NULL,1),(1242,'Serbia','RS',NULL,NULL,NULL,1),(1243,'Montenegro','ME',NULL,NULL,NULL,1),(1244,'Jersey','JE',NULL,NULL,NULL,99),(1245,'Guernsey','GG',NULL,NULL,NULL,99),(1246,'Isle of Man','IM',NULL,NULL,NULL,99);
/*!40000 ALTER TABLE `civicrm_country` ENABLE KEYS */;
UNLOCK TABLES;

--
-- Dumping data for table `civicrm_county`
--

LOCK TABLES `civicrm_county` WRITE;
/*!40000 ALTER TABLE `civicrm_county` DISABLE KEYS */;
INSERT INTO `civicrm_county` (`id`, `name`, `abbreviation`, `state_province_id`) VALUES (1,'Alameda',NULL,1004),(2,'Contra Costa',NULL,1004),(3,'Marin',NULL,1004),(4,'San Francisco',NULL,1004),(5,'San Mateo',NULL,1004),(6,'Santa Clara',NULL,1004);
/*!40000 ALTER TABLE `civicrm_county` ENABLE KEYS */;
UNLOCK TABLES;

--
-- Dumping data for table `civicrm_currency`
--

LOCK TABLES `civicrm_currency` WRITE;
/*!40000 ALTER TABLE `civicrm_currency` DISABLE KEYS */;
INSERT INTO `civicrm_currency` (`id`, `name`, `symbol`, `numeric_code`, `full_name`) VALUES (1,'AUD','$','036','Australian Dollar'),(2,'CAD','$','124','Canadian Dollar'),(3,'EUR','','978','Euro'),(4,'GBP','','826','Pound Sterling'),(5,'ILS','','826','New Israeli Shekel'),(6,'INR','','356','Indian Rupee'),(7,'JPY','','392','Japanese Yen'),(8,'KRW','','410','South Korean Won'),(9,'LAK','','418','Lao Kip'),(10,'MNT','','496','Mongolian Tugrik'),(11,'NGN','','566','Nigerian Naira'),(12,'PLN','z','985','Polish Zoty'),(13,'THB','','764','Thai Baht'),(14,'USD','$','840','US Dollar'),(15,'VND','','704','Viet Nam Dong'),(16,'ZAR','R','710','South African Rand'),(17,'AED',NULL,'784','UAE Dirham'),(18,'AFN','','971','Afghani'),(19,'ALL','Lek','008','Albanian Lek'),(20,'AMD',NULL,'051','Armenian Dram'),(21,'ANG','','532','Netherlands Antillian Guilder'),(22,'AOA',NULL,'973','Angola Kwanza'),(23,'ARS','$','032','Argentine Peso'),(24,'AWG','','533','Aruban Guilder'),(25,'AZN','','944','Azerbaijanian Manat'),(26,'BAM','KM','977','Convertible Marks'),(27,'BBD','$','052','Barbados Dollar'),(28,'BDT',NULL,'050','Bangladeshi Taka'),(29,'BGN','','975','Bulgarian Lev'),(30,'BHD',NULL,'048','Bahraini Dinar'),(31,'BIF',NULL,'108','Burundi Franc'),(32,'BMD','$','060','Bermudian Dollar'),(33,'BND','$','096','Brunei Dollar'),(34,'BOB','$b','068','Boliviano'),(35,'BOV',NULL,'984','Bolivian Mvdol'),(36,'BRL','R$','986','Brazilian Real'),(37,'BSD','$','044','Bahamian Dollar'),(38,'BTN',NULL,'064','Bhutan Ngultrum'),(39,'BWP','P','072','Botswana Pula'),(40,'BYR','p.','974','Belarussian Rouble'),(41,'BZD','BZ$','084','Belize Dollar'),(42,'CDF',NULL,'976','Franc Congolais'),(43,'CHE',NULL,'947','WIR Euro'),(44,'CHF','CHF','756','Swiss Franc'),(45,'CHW',NULL,'948','WIR Franc'),(46,'CLF',NULL,'990','Unidades de fomento'),(47,'CLP','$','152','Chilean Peso'),(48,'CNY','','156','Chinese Yuan Renminbi'),(49,'COP','$','170','Colombian Peso'),(50,'COU',NULL,'970','Unidad de Valor Real'),(51,'CRC','','188','Costa Rican Colon'),(52,'CSD','.','891','Serbian Dinar'),(53,'CUP','','192','Cuban Peso'),(54,'CVE',NULL,'132','Cape Verde Escudo'),(55,'CYP','','196','Cyprus Pound'),(56,'CZK','K','203','Czech Koruna'),(57,'DJF',NULL,'262','Djibouti Franc'),(58,'DKK','kr','208','Danish Krone'),(59,'DOP','RD$','214','Dominican Peso'),(60,'DZD',NULL,'012','Algerian Dinar'),(61,'EEK','kr','233','Estonian Kroon'),(62,'EGP','','818','Egyptian Pound'),(63,'ERN',NULL,'232','Eritrean Nakfa'),(64,'ETB',NULL,'230','Ethiopian Birr'),(65,'FJD','$','242','Fiji Dollar'),(66,'FKP','','238','Falkland Islands Pound'),(67,'GEL',NULL,'981','Georgian Lari'),(68,'GHC','','288','Ghanaian Cedi'),(69,'GIP','','292','Gibraltar Pound'),(70,'GMD',NULL,'270','Gambian Dalasi'),(71,'GNF',NULL,'324','Guinea Franc'),(72,'GTQ','Q','320','Guatemalan Quetzal'),(73,'GWP',NULL,'624','Guinea-Bissau Peso'),(74,'GYD','$','328','Guyana Dollar'),(75,'HKD','HK$','344','Hong Kong Dollar'),(76,'HNL','L','340','Honduran Lempira'),(77,'HRK','kn','191','Croatian Kuna'),(78,'HTG',NULL,'332','Haitian Gourde'),(79,'HUF','Ft','348','Hungarian Forint'),(80,'IDR','Rp','360','Indonesian Rupiah'),(81,'IQD',NULL,'368','Iraqi Dinar'),(82,'IRR','','364','Iranian Rial'),(83,'ISK','kr','352','Iceland Krona'),(84,'JMD','J$','388','Jamaican Dollar'),(85,'JOD',NULL,'400','Jordanian Dinar'),(86,'KES',NULL,'404','Kenyan Shilling'),(87,'KGS','','417','Kyrgyzstan Som'),(88,'KHR','','116','Cambodian Riel'),(89,'KMF',NULL,'174','Comoro Franc'),(90,'KPW','','408','North Korean Won'),(91,'KWD',NULL,'414','Kuwaiti Dinar'),(92,'KYD','$','136','Cayman Islands Dollar'),(93,'KZT','','398','Kazakhstan Tenge'),(94,'LBP','','422','Lebanese Pound'),(95,'LKR','','144','Sri Lanka Rupee'),(96,'LRD','$','430','Liberian Dollar'),(97,'LSL',NULL,'426','Lesotho Loti'),(98,'LTL','Lt','440','Lithuanian Litas'),(99,'LVL','Ls','428','Latvian Lats'),(100,'LYD',NULL,'434','Libyan Dinar'),(101,'MAD',NULL,'504','Moroccan Dirham'),(102,'MDL',NULL,'498','Moldovan Leu'),(103,'MGA',NULL,'969','Malagascy Ariary'),(104,'MKD','','807','Macedonian Denar'),(105,'MMK',NULL,'104','Myanmar Kyat'),(106,'MOP',NULL,'446','Macao Pataca'),(107,'MRO',NULL,'478','Mauritanian Ouguiya'),(108,'MTL','Lm','470','Maltese Lira'),(109,'MUR','','480','Mauritius Rupee'),(110,'MVR',NULL,'462','Maldive Rufiyaa'),(111,'MWK',NULL,'454','Malawi Kwacha'),(112,'MXN','$','484','Mexican Peso'),(113,'MXV',NULL,'979','Mexican Unidad de Inversion (UID)'),(114,'MYR','RM','458','Malaysian Ringgit'),(115,'MZN','MT','943','Mozambique Metical'),(116,'NAD','$','516','Namibian Dollar'),(117,'NIO','C$','558','Nicaraguan Cordoba Oro'),(118,'NOK','kr','578','Norwegian Krone'),(119,'NPR','','524','Nepalese Rupee'),(120,'NZD','$','554','New Zealand Dollar'),(121,'OMR','','512','Rial Omani'),(122,'PAB','B/.','590','Panamanian Balboa'),(123,'PEN','S/.','604','Peruvian Nuevo Sol'),(124,'PGK',NULL,'598','Papua New Guinea Kina'),(125,'PHP','Php','608','Philippine Peso'),(126,'PKR','','586','Pakistan Rupee'),(127,'PYG','Gs','600','Paraguay Guarani'),(128,'QAR','','634','Qatari Rial'),(129,'ROL',NULL,'642','Romanian Old Leu'),(130,'RON','lei','946','Romanian New Leu'),(131,'RUB','','643','Russian Rouble'),(132,'RWF',NULL,'646','Rwanda Franc'),(133,'SAR','','682','Saudi Riyal'),(134,'SBD','$','090','Solomon Islands Dollar'),(135,'SCR','','690','Seychelles Rupee'),(136,'SDD',NULL,'736','Sudanese Dinar'),(137,'SEK','kr','752','Swedish Krona'),(138,'SGD','$','702','Singapore Dollar'),(139,'SHP','','654','Saint Helena Pound'),(140,'SIT',NULL,'705','Slovenian Tolar'),(141,'SKK','SIT','703','Slovak Koruna'),(142,'SLL',NULL,'694','Leone'),(143,'SOS','S','706','Somali Shilling'),(144,'SRD','$','968','Surinam Dollar'),(145,'STD',NULL,'678','So Tome and Principe Dobra'),(146,'SVC','$','222','El Salvador Colon'),(147,'SYP','','760','Syrian Pound'),(148,'SZL',NULL,'748','Swaziland Lilangeni'),(149,'TJS',NULL,'972','Tajik Somoni'),(150,'TMM',NULL,'795','Turkmenistan Manat'),(151,'TND',NULL,'788','Tunisian Dinar'),(152,'TOP',NULL,'776','Tongan Pa\'anga'),(153,'TRY','YTL','949','New Turkish Lira'),(154,'TTD','TT$','780','Trinidad and Tobago Dollar'),(155,'TWD','NT$','901','New Taiwan Dollar'),(156,'TZS',NULL,'834','Tanzanian Shilling'),(157,'UAH','','980','Ukrainian Hryvnia'),(158,'UGX',NULL,'800','Ugandan Shilling'),(159,'USN',NULL,'997','US Dollar (Next day)'),(160,'USS',NULL,'998','US Dollar (Same day)'),(161,'UYU','$U','858','Peso Uruguayo'),(162,'UZS','','860','Uzbekistan Sum'),(163,'VEB','Bs','862','Venezuela Bolivar'),(164,'VUV',NULL,'548','Vanuatu Vatu'),(165,'WST',NULL,'882','Samoan Tala'),(166,'XAF',NULL,'950','CFA Franc BEAC'),(167,'XAG',NULL,'961','Silver'),(168,'XAU',NULL,'959','Gold'),(169,'XBA',NULL,'955','Bond Markets Units European Composite Unit (EURCO)'),(170,'XBB',NULL,'956','European Monetary Unit (E.M.U.-6)'),(171,'XBC',NULL,'957','European Unit of Account 9 (E.U.A.-9)'),(172,'XBD',NULL,'958','European Unit of Account 17 (E.U.A.-17)'),(173,'XCD','$','951','East Caribbean Dollar'),(174,'XDR',NULL,'960','Special Drawing Right'),(175,'XFO',NULL,NULL,'Gold-Franc'),(176,'XFU',NULL,NULL,'UIC-Franc'),(177,'XOF',NULL,'952','CFA Franc BCEAO'),(178,'XPD',NULL,'964','Palladium'),(179,'XPF',NULL,'953','CFP Franc'),(180,'XPT',NULL,'962','Platinum'),(181,'XTS',NULL,'963','Code for testing purposes'),(182,'XXX',NULL,'999','No currency involved'),(183,'YER','','886','Yemeni Rial'),(184,'ZMK',NULL,'894','Zambian Kwacha'),(185,'ZWD','Z$','716','Zimbabwe Dollar');
/*!40000 ALTER TABLE `civicrm_currency` ENABLE KEYS */;
UNLOCK TABLES;

--
-- Dumping data for table `civicrm_custom_field`
--

LOCK TABLES `civicrm_custom_field` WRITE;
/*!40000 ALTER TABLE `civicrm_custom_field` DISABLE KEYS */;
/*!40000 ALTER TABLE `civicrm_custom_field` ENABLE KEYS */;
UNLOCK TABLES;

--
-- Dumping data for table `civicrm_custom_group`
--

LOCK TABLES `civicrm_custom_group` WRITE;
/*!40000 ALTER TABLE `civicrm_custom_group` DISABLE KEYS */;
/*!40000 ALTER TABLE `civicrm_custom_group` ENABLE KEYS */;
UNLOCK TABLES;

--
-- Dumping data for table `civicrm_dedupe_rule`
--

LOCK TABLES `civicrm_dedupe_rule` WRITE;
/*!40000 ALTER TABLE `civicrm_dedupe_rule` DISABLE KEYS */;
INSERT INTO `civicrm_dedupe_rule` (`id`, `dedupe_rule_group_id`, `rule_table`, `rule_field`, `rule_length`, `rule_weight`) VALUES (1,1,'civicrm_contact','first_name',NULL,5),(2,1,'civicrm_contact','last_name',NULL,7),(3,1,'civicrm_email','email',NULL,10),(4,2,'civicrm_contact','organization_name',NULL,10),(5,2,'civicrm_email','email',NULL,10),(6,3,'civicrm_contact','household_name',NULL,10),(7,3,'civicrm_email','email',NULL,10),(8,4,'civicrm_email','email',NULL,10),(9,5,'civicrm_contact','organization_name',NULL,10),(10,5,'civicrm_email','email',NULL,10),(11,6,'civicrm_contact','household_name',NULL,10),(12,6,'civicrm_email','email',NULL,10);
/*!40000 ALTER TABLE `civicrm_dedupe_rule` ENABLE KEYS */;
UNLOCK TABLES;

--
-- Dumping data for table `civicrm_dedupe_rule_group`
--

LOCK TABLES `civicrm_dedupe_rule_group` WRITE;
/*!40000 ALTER TABLE `civicrm_dedupe_rule_group` DISABLE KEYS */;
INSERT INTO `civicrm_dedupe_rule_group` (`id`, `contact_type`, `threshold`, `level`, `is_default`, `name`) VALUES (1,'Individual',20,'Fuzzy',1,NULL),(2,'Organization',10,'Fuzzy',1,NULL),(3,'Household',10,'Fuzzy',1,NULL),(4,'Individual',10,'Strict',1,NULL),(5,'Organization',10,'Strict',1,NULL),(6,'Household',10,'Strict',1,NULL);
/*!40000 ALTER TABLE `civicrm_dedupe_rule_group` ENABLE KEYS */;
UNLOCK TABLES;

--
-- Dumping data for table `civicrm_discount`
--

LOCK TABLES `civicrm_discount` WRITE;
/*!40000 ALTER TABLE `civicrm_discount` DISABLE KEYS */;
/*!40000 ALTER TABLE `civicrm_discount` ENABLE KEYS */;
UNLOCK TABLES;

--
-- Dumping data for table `civicrm_domain`
--

LOCK TABLES `civicrm_domain` WRITE;
/*!40000 ALTER TABLE `civicrm_domain` DISABLE KEYS */;
INSERT INTO `civicrm_domain` (`id`, `name`, `description`, `config_backend`, `version`, `loc_block_id`, `locales`) VALUES (1,'Default Domain Name',NULL,NULL,'2.2.3',1,NULL);
/*!40000 ALTER TABLE `civicrm_domain` ENABLE KEYS */;
UNLOCK TABLES;

--
-- Dumping data for table `civicrm_email`
--

LOCK TABLES `civicrm_email` WRITE;
/*!40000 ALTER TABLE `civicrm_email` DISABLE KEYS */;
INSERT INTO `civicrm_email` (`id`, `contact_id`, `location_type_id`, `email`, `is_primary`, `is_billing`, `on_hold`, `is_bulkmail`, `hold_date`, `reset_date`) VALUES (1,NULL,1,'domainemail@example.org',0,0,0,0,NULL,NULL),(2,317,1,'adamschetan@hotmail.edu.in',1,0,0,0,NULL,NULL),(3,317,1,'adamschetan@yahoo.co.in',0,0,0,0,NULL,NULL),(4,87,1,'grantrebecca@tsec.co.uk',1,0,0,0,NULL,NULL),(5,87,1,'grantrebecca@npo.edu',0,0,0,0,NULL,NULL),(6,323,1,'jonesalan@aol.org',1,0,0,0,NULL,NULL),(7,323,1,'jonesalan@redimail.co.uk',0,0,0,0,NULL,NULL),(8,319,1,'samuelssam@aol.com',1,0,0,0,NULL,NULL),(9,319,1,'samuelssam@earthlink.co.in',0,0,0,0,NULL,NULL),(10,481,1,'samuelswalter@tsec.edu',1,0,0,0,NULL,NULL),(11,481,1,'samuelswalter@indiatimes.com',0,0,0,0,NULL,NULL),(12,215,1,'smithdonald@brown.co.uk',1,0,0,0,NULL,NULL),(13,215,1,'smithdonald@aol.co.in',0,0,0,0,NULL,NULL),(14,43,1,'jonespeter@npo.co.in',1,0,0,0,NULL,NULL),(15,43,1,'jonespeter@amazon.edu.in',0,0,0,0,NULL,NULL),(16,405,1,'chowskisheila@indiatimes.org',1,0,0,0,NULL,NULL),(17,405,1,'chowskisheila@redimail.org',0,0,0,0,NULL,NULL),(18,327,1,'chowskibill@hotmail.co.in',1,0,0,0,NULL,NULL),(19,327,1,'chowskibill@redimail.edu',0,0,0,0,NULL,NULL),(20,267,1,'pateljennifer@redimail.co.pl',1,0,0,0,NULL,NULL),(21,267,1,'pateljennifer@amazon.co.pl',0,0,0,0,NULL,NULL),(22,413,1,'parkerpat@earthlink.edu',1,0,0,0,NULL,NULL),(23,413,1,'parkerpat@earthlink.co.pl',0,0,0,0,NULL,NULL),(24,321,1,'yadavfraddie@earthlink.org',1,0,0,0,NULL,NULL),(25,321,1,'yadavfraddie@aol.co.in',0,0,0,0,NULL,NULL),(26,251,1,'yadavtony@gmail.com',1,0,0,0,NULL,NULL),(27,251,1,'yadavtony@hotmail.net.in',0,0,0,0,NULL,NULL),(28,15,1,'jamesondonald@aol.edu.in',1,0,0,0,NULL,NULL),(29,15,1,'jamesondonald@earthlink.edu.in',0,0,0,0,NULL,NULL),(30,381,1,'yadavbill@redimail.co.in',1,0,0,0,NULL,NULL),(31,381,1,'yadavbill@npo.co.uk',0,0,0,0,NULL,NULL),(32,217,1,'parkerjason@npo.net.in',1,0,0,0,NULL,NULL),(33,217,1,'parkerjason@brown.co.in',0,0,0,0,NULL,NULL),(34,61,1,'yadavamar@tsec.net.in',1,0,0,0,NULL,NULL),(35,61,1,'yadavamar@gmail.co.pl',0,0,0,0,NULL,NULL),(36,477,1,'smithalan@hotmail.net',1,0,0,0,NULL,NULL),(37,477,1,'smithalan@yahoo.net.in',0,0,0,0,NULL,NULL),(38,147,1,'smithpat@earthlink.co.uk',1,0,0,0,NULL,NULL),(39,147,1,'smithpat@earthlink.co.uk',0,0,0,0,NULL,NULL),(40,329,1,'jonesrichard@redimail.com',1,0,0,0,NULL,NULL),(41,329,1,'jonesrichard@brown.org',0,0,0,0,NULL,NULL),(42,109,1,'parkermilan@hotmail.edu.in',1,0,0,0,NULL,NULL),(43,109,1,'parkermilan@amazon.net',0,0,0,0,NULL,NULL),(44,229,1,'parkerbrzczysaw@amazon.edu',1,0,0,0,NULL,NULL),(45,229,1,'parkerbrzczysaw@redimail.co.pl',0,0,0,0,NULL,NULL),(46,261,1,'parkerhenry@gmail.net',1,0,0,0,NULL,NULL),(47,261,1,'parkerhenry@brown.net.in',0,0,0,0,NULL,NULL),(48,111,1,'adamsalice@amazon.co.in',1,0,0,0,NULL,NULL),(49,111,1,'adamsalice@tsec.com',0,0,0,0,NULL,NULL),(50,115,1,'grantbruce@brown.com',1,0,0,0,NULL,NULL),(51,115,1,'grantbruce@aol.co.in',0,0,0,0,NULL,NULL),(52,97,1,'chowskipat@brown.com',1,0,0,0,NULL,NULL),(53,97,1,'chowskipat@earthlink.net.in',0,0,0,0,NULL,NULL),(54,337,1,'joneswalter@gmail.net',1,0,0,0,NULL,NULL),(55,337,1,'joneswalter@indiatimes.com',0,0,0,0,NULL,NULL),(56,165,1,'zoperebecca@yahoo.net.in',1,0,0,0,NULL,NULL),(57,165,1,'zoperebecca@aol.co.pl',0,0,0,0,NULL,NULL),(58,303,1,'samuelssheila@redimail.co.in',1,0,0,0,NULL,NULL),(59,303,1,'samuelssheila@npo.edu',0,0,0,0,NULL,NULL),(60,5,1,'smithsam@amazon.net.in',1,0,0,0,NULL,NULL),(61,5,1,'smithsam@redimail.edu.in',0,0,0,0,NULL,NULL),(62,377,1,'zopegreg@npo.co.in',1,0,0,0,NULL,NULL),(63,377,1,'zopegreg@brown.org',0,0,0,0,NULL,NULL),(64,497,1,'yadavamar@redimail.co.in',1,0,0,0,NULL,NULL),(65,497,1,'yadavamar@gmail.net',0,0,0,0,NULL,NULL),(66,9,1,'grantkenneth@earthlink.edu.in',1,0,0,0,NULL,NULL),(67,9,1,'grantkenneth@tsec.com',0,0,0,0,NULL,NULL),(68,355,1,'jonesjohn@brown.net',1,0,0,0,NULL,NULL),(69,355,1,'jonesjohn@tsec.co.uk',0,0,0,0,NULL,NULL),(70,51,1,'reynoldsdan@indiatimes.com',1,0,0,0,NULL,NULL),(71,51,1,'reynoldsdan@gmail.com',0,0,0,0,NULL,NULL),(72,285,1,'adamswalter@amazon.co.in',1,0,0,0,NULL,NULL),(73,285,1,'adamswalter@indiatimes.edu.in',0,0,0,0,NULL,NULL),(74,161,1,'tonyrobertsshome@earthlink.co.in',1,0,0,0,NULL,NULL),(75,161,1,'tonyrobertsshome@aol.edu.in',0,0,0,0,NULL,NULL),(76,467,1,'jenniferreynoldsshome@hotmail.org',1,0,0,0,NULL,NULL),(77,467,1,'jenniferreynoldsshome@hotmail.co.pl',0,0,0,0,NULL,NULL),(78,409,1,'brucechowskishome@aol.co.pl',1,0,0,0,NULL,NULL),(79,409,1,'brucechowskishome@brown.co.uk',0,0,0,0,NULL,NULL),(80,125,1,'johnreynoldsshome@aol.com',1,0,0,0,NULL,NULL),(81,125,1,'johnreynoldsshome@brown.net.in',0,0,0,0,NULL,NULL),(82,191,1,'michaelpatelshome@gmail.co.pl',1,0,0,0,NULL,NULL),(83,191,1,'michaelpatelshome@brown.edu',0,0,0,0,NULL,NULL),(84,105,1,'henrychowskishome@indiatimes.com',1,0,0,0,NULL,NULL),(85,105,1,'henrychowskishome@earthlink.org',0,0,0,0,NULL,NULL),(86,85,1,'petergrantshome@gmail.com',1,0,0,0,NULL,NULL),(87,85,1,'petergrantshome@earthlink.com',0,0,0,0,NULL,NULL),(88,3,1,'milanyadavshome@aol.com',1,0,0,0,NULL,NULL),(89,3,1,'milanyadavshome@redimail.edu',0,0,0,0,NULL,NULL),(90,13,1,'brzczysawsmithshome@redimail.co.pl',1,0,0,0,NULL,NULL),(91,13,1,'brzczysawsmithshome@earthlink.net',0,0,0,0,NULL,NULL),(92,273,1,'chrisreynoldsshome@redimail.net',1,0,0,0,NULL,NULL),(93,273,1,'chrisreynoldsshome@tsec.edu.in',0,0,0,0,NULL,NULL),(94,99,1,'alansmithshome@hotmail.com',1,0,0,0,NULL,NULL),(95,99,1,'alansmithshome@amazon.co.in',0,0,0,0,NULL,NULL),(96,309,1,'charlesyadavshome@gmail.co.uk',1,0,0,0,NULL,NULL),(97,309,1,'charlesyadavshome@npo.edu.in',0,0,0,0,NULL,NULL),(98,197,1,'sheilazopeshome@brown.co.pl',1,0,0,0,NULL,NULL),(99,197,1,'sheilazopeshome@earthlink.co.in',0,0,0,0,NULL,NULL),(100,385,1,'richardjonesshome@indiatimes.edu',1,0,0,0,NULL,NULL),(101,385,1,'richardjonesshome@tsec.net',0,0,0,0,NULL,NULL),(102,155,1,'alicejamesonshome@earthlink.net',1,0,0,0,NULL,NULL),(103,155,1,'alicejamesonshome@gmail.co.in',0,0,0,0,NULL,NULL),(104,311,1,'henryadamsshome@gmail.com',1,0,0,0,NULL,NULL),(105,311,1,'henryadamsshome@tsec.net',0,0,0,0,NULL,NULL),(106,211,1,'janepatelshome@brown.co.uk',1,0,0,0,NULL,NULL),(107,211,1,'janepatelshome@brown.co.pl',0,0,0,0,NULL,NULL),(108,387,1,'richardjonesshome@yahoo.edu.in',1,0,0,0,NULL,NULL),(109,387,1,'richardjonesshome@brown.co.in',0,0,0,0,NULL,NULL),(110,241,1,'charlessmithshome@indiatimes.com',1,0,0,0,NULL,NULL),(111,241,1,'charlessmithshome@brown.net',0,0,0,0,NULL,NULL),(112,223,1,'janesmithshome@yahoo.co.in',1,0,0,0,NULL,NULL),(113,223,1,'janesmithshome@earthlink.co.in',0,0,0,0,NULL,NULL),(114,335,1,'chetanrobertsshome@tsec.co.in',1,0,0,0,NULL,NULL),(115,335,1,'chetanrobertsshome@brown.org',0,0,0,0,NULL,NULL),(116,225,1,'monicaadamsshome@hotmail.co.in',1,0,0,0,NULL,NULL),(117,225,1,'monicaadamsshome@brown.edu',0,0,0,0,NULL,NULL),(118,487,1,'chrisadamsshome@gmail.net',1,0,0,0,NULL,NULL),(119,487,1,'chrisadamsshome@brown.edu',0,0,0,0,NULL,NULL),(120,177,1,'richardpatelshome@hotmail.co.in',1,0,0,0,NULL,NULL),(121,177,1,'richardpatelshome@yahoo.co.in',0,0,0,0,NULL,NULL),(122,37,1,'justinchowskishome@amazon.org',1,0,0,0,NULL,NULL),(123,37,1,'justinchowskishome@amazon.org',0,0,0,0,NULL,NULL),(124,473,1,'justinparkershome@indiatimes.net',1,0,0,0,NULL,NULL),(125,473,1,'justinparkershome@redimail.net',0,0,0,0,NULL,NULL),(126,41,1,'sheilapatelshome@brown.com',1,0,0,0,NULL,NULL),(127,41,1,'sheilapatelshome@indiatimes.co.pl',0,0,0,0,NULL,NULL),(128,203,1,'milanadamsshome@yahoo.co.uk',1,0,0,0,NULL,NULL),(129,203,1,'milanadamsshome@yahoo.co.in',0,0,0,0,NULL,NULL),(130,67,3,'conservationcorp@hotmail.org',1,0,0,0,NULL,NULL),(131,67,3,'conservationcorp@yahoo.net',0,0,0,0,NULL,NULL),(132,393,3,'conservationcorp@brown.org',1,0,0,0,NULL,NULL),(133,393,3,'conservationcorp@tsec.org',0,0,0,0,NULL,NULL),(134,83,3,'compumentor@aol.co.uk',1,0,0,0,NULL,NULL),(135,83,3,'compumentor@indiatimes.co.in',0,0,0,0,NULL,NULL),(136,401,3,'conservationcorp@npo.co.pl',1,0,0,0,NULL,NULL),(137,401,3,'conservationcorp@earthlink.co.uk',0,0,0,0,NULL,NULL),(138,195,3,'compasspoint@gmail.com',1,0,0,0,NULL,NULL),(139,195,3,'compasspoint@yahoo.co.uk',0,0,0,0,NULL,NULL),(140,227,3,'eastmontcomputingcenter@tsec.org',1,0,0,0,NULL,NULL),(141,227,3,'eastmontcomputingcenter@hotmail.org',0,0,0,0,NULL,NULL),(142,103,3,'projectopenhand@earthlink.org',1,0,0,0,NULL,NULL),(143,103,3,'projectopenhand@redimail.co.pl',0,0,0,0,NULL,NULL),(144,77,3,'compasspoint@amazon.co.uk',1,0,0,0,NULL,NULL),(145,77,3,'compasspoint@brown.co.pl',0,0,0,0,NULL,NULL),(146,219,3,'projectopenhand@brown.co.uk',1,0,0,0,NULL,NULL),(147,219,3,'projectopenhand@tsec.org',0,0,0,0,NULL,NULL),(148,233,3,'innercity@earthlink.net',1,0,0,0,NULL,NULL),(149,233,3,'innercity@aol.co.uk',0,0,0,0,NULL,NULL),(150,33,3,'ciscosystems@indiatimes.com',1,0,0,0,NULL,NULL),(151,33,3,'ciscosystems@brown.com',0,0,0,0,NULL,NULL),(152,21,3,'ciscosystems@earthlink.edu.in',1,0,0,0,NULL,NULL),(153,21,3,'ciscosystems@amazon.org',0,0,0,0,NULL,NULL),(154,371,3,'compasspoint@gmail.net',1,0,0,0,NULL,NULL),(155,371,3,'compasspoint@redimail.org',0,0,0,0,NULL,NULL),(156,471,3,'projectopenhand@hotmail.co.in',1,0,0,0,NULL,NULL),(157,471,3,'projectopenhand@brown.net',0,0,0,0,NULL,NULL),(158,325,3,'intel@indiatimes.co.pl',1,0,0,0,NULL,NULL),(159,325,3,'intel@brown.edu.in',0,0,0,0,NULL,NULL),(160,169,3,'workingassets@tsec.net.in',1,0,0,0,NULL,NULL),(161,169,3,'workingassets@yahoo.co.in',0,0,0,0,NULL,NULL),(162,433,3,'innercity@earthlink.co.uk',1,0,0,0,NULL,NULL),(163,433,3,'innercity@redimail.net',0,0,0,0,NULL,NULL),(164,231,3,'magicbus@npo.net',1,0,0,0,NULL,NULL),(165,231,3,'magicbus@tsec.co.in',0,0,0,0,NULL,NULL),(166,247,3,'compumentor@earthlink.net',1,0,0,0,NULL,NULL),(167,247,3,'compumentor@npo.net',0,0,0,0,NULL,NULL),(168,171,3,'projectopenhand@redimail.org',1,0,0,0,NULL,NULL),(169,171,3,'projectopenhand@aol.com',0,0,0,0,NULL,NULL),(170,149,3,'socialsourcefoundation@redimail.net',1,0,0,0,NULL,NULL),(171,149,3,'socialsourcefoundation@aol.net',0,0,0,0,NULL,NULL),(172,491,3,'compasspoint@amazon.org',1,0,0,0,NULL,NULL),(173,491,3,'compasspoint@indiatimes.net.in',0,0,0,0,NULL,NULL),(174,167,1,'zopefraddie@hotmail.net.in',1,0,0,0,NULL,NULL),(175,167,1,'zopefraddie@gmail.net.in',0,0,0,0,NULL,NULL),(176,45,1,'robertsmichael@brown.net.in',1,0,0,0,NULL,NULL),(177,45,1,'robertsmichael@npo.com',0,0,0,0,NULL,NULL),(178,391,1,'robertstony@tsec.net',1,0,0,0,NULL,NULL),(179,391,1,'robertstony@indiatimes.com',0,0,0,0,NULL,NULL),(180,143,1,'chowskipat@redimail.com',1,0,0,0,NULL,NULL),(181,143,1,'chowskipat@tsec.co.uk',0,0,0,0,NULL,NULL),(182,135,1,'smithjason@indiatimes.co.in',1,0,0,0,NULL,NULL),(183,135,1,'smithjason@gmail.net',0,0,0,0,NULL,NULL),(184,441,1,'jamesondonald@npo.org',1,0,0,0,NULL,NULL),(185,441,1,'jamesondonald@gmail.org',0,0,0,0,NULL,NULL),(186,153,1,'zopeamar@aol.co.in',1,0,0,0,NULL,NULL),(187,153,1,'zopeamar@amazon.co.uk',0,0,0,0,NULL,NULL),(188,95,1,'patelhenry@yahoo.co.in',1,0,0,0,NULL,NULL),(189,95,1,'patelhenry@tsec.net',0,0,0,0,NULL,NULL),(190,185,1,'robertsjennifer@gmail.org',1,0,0,0,NULL,NULL),(191,185,1,'robertsjennifer@gmail.net.in',0,0,0,0,NULL,NULL),(192,29,1,'robertssam@redimail.co.pl',1,0,0,0,NULL,NULL),(193,29,1,'robertssam@indiatimes.org',0,0,0,0,NULL,NULL),(194,237,1,'chowskigreg@yahoo.co.pl',1,0,0,0,NULL,NULL),(195,237,1,'chowskigreg@tsec.co.in',0,0,0,0,NULL,NULL),(196,31,1,'zopewalter@yahoo.net',1,0,0,0,NULL,NULL),(197,31,1,'zopewalter@redimail.net',0,0,0,0,NULL,NULL),(198,295,1,'adamspurvi@npo.co.pl',1,0,0,0,NULL,NULL),(199,295,1,'adamspurvi@brown.edu.in',0,0,0,0,NULL,NULL),(200,213,1,'smithmichael@npo.co.pl',1,0,0,0,NULL,NULL),(201,213,1,'smithmichael@yahoo.co.in',0,0,0,0,NULL,NULL),(202,419,1,'grantjustin@earthlink.net',1,0,0,0,NULL,NULL),(203,419,1,'grantjustin@amazon.co.in',0,0,0,0,NULL,NULL),(204,179,1,'chowskirebecca@hotmail.com',1,0,0,0,NULL,NULL),(205,179,1,'chowskirebecca@hotmail.net.in',0,0,0,0,NULL,NULL),(206,435,1,'smithjake@brown.net.in',1,0,0,0,NULL,NULL),(207,435,1,'smithjake@redimail.org',0,0,0,0,NULL,NULL),(208,461,1,'reynoldsjennifer@gmail.edu',1,0,0,0,NULL,NULL),(209,461,1,'reynoldsjennifer@gmail.net',0,0,0,0,NULL,NULL),(210,483,1,'zopejames@tsec.org',1,0,0,0,NULL,NULL),(211,483,1,'zopejames@aol.edu',0,0,0,0,NULL,NULL),(212,157,1,'grantfranklin@earthlink.co.pl',1,0,0,0,NULL,NULL),(213,157,1,'grantfranklin@brown.edu',0,0,0,0,NULL,NULL),(214,73,1,'chowskimilan@earthlink.co.uk',1,0,0,0,NULL,NULL),(215,73,1,'chowskimilan@earthlink.edu.in',0,0,0,0,NULL,NULL),(216,287,1,'samuelspurvi@npo.net',1,0,0,0,NULL,NULL),(217,287,1,'samuelspurvi@aol.co.in',0,0,0,0,NULL,NULL),(218,159,1,'chowskibruce@gmail.co.in',1,0,0,0,NULL,NULL),(219,159,1,'chowskibruce@gmail.co.uk',0,0,0,0,NULL,NULL),(220,53,1,'patelrebecca@npo.com',1,0,0,0,NULL,NULL),(221,53,1,'patelrebecca@yahoo.co.in',0,0,0,0,NULL,NULL),(222,259,1,'adamsfraddie@brown.co.in',1,0,0,0,NULL,NULL),(223,259,1,'adamsfraddie@hotmail.org',0,0,0,0,NULL,NULL),(224,373,1,'yadavfranklin@yahoo.co.in',1,0,0,0,NULL,NULL),(225,373,1,'yadavfranklin@npo.co.pl',0,0,0,0,NULL,NULL),(226,263,1,'reynoldsjohn@earthlink.edu',1,0,0,0,NULL,NULL),(227,263,1,'reynoldsjohn@aol.co.uk',0,0,0,0,NULL,NULL),(228,23,1,'patelrichard@brown.com',1,0,0,0,NULL,NULL),(229,23,1,'patelrichard@redimail.net',0,0,0,0,NULL,NULL),(230,501,1,'chowskibill@yahoo.co.in',1,0,0,0,NULL,NULL),(231,501,1,'chowskibill@aol.net',0,0,0,0,NULL,NULL),(232,145,1,'zopejustin@redimail.co.in',1,0,0,0,NULL,NULL),(233,145,1,'zopejustin@redimail.org',0,0,0,0,NULL,NULL),(234,81,1,'adamsanne@aol.net',1,0,0,0,NULL,NULL),(235,81,1,'adamsanne@aol.net.in',0,0,0,0,NULL,NULL),(236,307,1,'adamspaula@hotmail.edu',1,0,0,0,NULL,NULL),(237,307,1,'adamspaula@tsec.co.in',0,0,0,0,NULL,NULL),(238,459,1,'parkerbill@indiatimes.edu',1,0,0,0,NULL,NULL),(239,459,1,'parkerbill@yahoo.net',0,0,0,0,NULL,NULL),(240,333,1,'chowskihenry@gmail.edu',1,0,0,0,NULL,NULL),(241,333,1,'chowskihenry@gmail.edu.in',0,0,0,0,NULL,NULL),(242,137,1,'reynoldsjane@npo.co.in',1,0,0,0,NULL,NULL),(243,137,1,'reynoldsjane@amazon.org',0,0,0,0,NULL,NULL),(244,27,1,'grantpeter@yahoo.org',1,0,0,0,NULL,NULL),(245,27,1,'grantpeter@earthlink.com',0,0,0,0,NULL,NULL),(246,17,1,'adamsfraddie@hotmail.co.in',1,0,0,0,NULL,NULL),(247,17,1,'adamsfraddie@tsec.org',0,0,0,0,NULL,NULL),(248,119,1,'jamesonrichard@hotmail.co.pl',1,0,0,0,NULL,NULL),(249,119,1,'jamesonrichard@gmail.edu',0,0,0,0,NULL,NULL),(250,199,1,'joneskenneth@earthlink.net',1,0,0,0,NULL,NULL),(251,199,1,'joneskenneth@npo.co.pl',0,0,0,0,NULL,NULL),(252,455,1,'grantalice@redimail.net',1,0,0,0,NULL,NULL),(253,455,1,'grantalice@earthlink.org',0,0,0,0,NULL,NULL),(254,421,1,'smithjennifer@redimail.org',1,0,0,0,NULL,NULL),(255,421,1,'smithjennifer@amazon.co.in',0,0,0,0,NULL,NULL),(256,175,1,'jamesonpeter@hotmail.edu',1,0,0,0,NULL,NULL),(257,175,1,'jamesonpeter@indiatimes.co.pl',0,0,0,0,NULL,NULL),(258,403,1,'grantfranklin@gmail.org',1,0,0,0,NULL,NULL),(259,403,1,'grantfranklin@aol.co.in',0,0,0,0,NULL,NULL),(260,243,1,'samuelssheila@tsec.org',1,0,0,0,NULL,NULL),(261,243,1,'samuelssheila@tsec.edu',0,0,0,0,NULL,NULL),(262,245,1,'yadavdan@tsec.net',1,0,0,0,NULL,NULL),(263,245,1,'yadavdan@gmail.net',0,0,0,0,NULL,NULL),(264,485,1,'samuelsjane@earthlink.edu.in',1,0,0,0,NULL,NULL),(265,485,1,'samuelsjane@indiatimes.edu',0,0,0,0,NULL,NULL),(266,361,1,'samuelschris@indiatimes.com',1,0,0,0,NULL,NULL),(267,361,1,'samuelschris@earthlink.edu.in',0,0,0,0,NULL,NULL),(268,353,1,'smithmelinda@aol.edu.in',1,0,0,0,NULL,NULL),(269,353,1,'smithmelinda@earthlink.co.in',0,0,0,0,NULL,NULL),(270,339,1,'chowskipaula@earthlink.org',1,0,0,0,NULL,NULL),(271,339,1,'chowskipaula@gmail.edu.in',0,0,0,0,NULL,NULL),(272,25,1,'zopechetan@amazon.edu.in',1,0,0,0,NULL,NULL),(273,25,1,'zopechetan@hotmail.com',0,0,0,0,NULL,NULL),(274,427,1,'patelcharles@npo.org',1,0,0,0,NULL,NULL),(275,427,1,'patelcharles@amazon.org',0,0,0,0,NULL,NULL),(276,75,1,'smithbrzczysaw@npo.net',1,0,0,0,NULL,NULL),(277,75,1,'smithbrzczysaw@earthlink.org',0,0,0,0,NULL,NULL),(278,365,1,'parkermichelle@yahoo.org',1,0,0,0,NULL,NULL),(279,365,1,'parkermichelle@amazon.net',0,0,0,0,NULL,NULL),(280,205,1,'chowskikenneth@indiatimes.edu.in',1,0,0,0,NULL,NULL),(281,205,1,'chowskikenneth@redimail.net',0,0,0,0,NULL,NULL),(282,417,1,'reynoldsbill@indiatimes.edu',1,0,0,0,NULL,NULL),(283,417,1,'reynoldsbill@redimail.net',0,0,0,0,NULL,NULL),(284,189,1,'jamesonpat@gmail.net',1,0,0,0,NULL,NULL),(285,189,1,'jamesonpat@aol.net',0,0,0,0,NULL,NULL),(286,271,1,'samuelsbruce@tsec.edu.in',1,0,0,0,NULL,NULL),(287,271,1,'samuelsbruce@indiatimes.co.in',0,0,0,0,NULL,NULL),(288,63,1,'smithpurvi@indiatimes.co.uk',1,0,0,0,NULL,NULL),(289,63,1,'smithpurvi@tsec.com',0,0,0,0,NULL,NULL),(290,349,1,'yadavdonald@redimail.com',1,0,0,0,NULL,NULL),(291,349,1,'yadavdonald@npo.edu.in',0,0,0,0,NULL,NULL),(292,39,1,'zopemilan@hotmail.co.pl',1,0,0,0,NULL,NULL),(293,39,1,'zopemilan@indiatimes.net',0,0,0,0,NULL,NULL),(294,291,1,'yadavjames@brown.org',1,0,0,0,NULL,NULL),(295,291,1,'yadavjames@redimail.co.pl',0,0,0,0,NULL,NULL),(296,429,1,'yadavpurvi@npo.co.in',1,0,0,0,NULL,NULL),(297,429,1,'yadavpurvi@gmail.co.in',0,0,0,0,NULL,NULL),(298,79,1,'jamesonwalter@brown.co.uk',1,0,0,0,NULL,NULL),(299,79,1,'jamesonwalter@hotmail.org',0,0,0,0,NULL,NULL),(300,297,1,'robertsjohn@amazon.co.uk',1,0,0,0,NULL,NULL),(301,297,1,'robertsjohn@amazon.net',0,0,0,0,NULL,NULL),(302,107,1,'smithanne@hotmail.org',1,0,0,0,NULL,NULL),(303,107,1,'smithanne@gmail.edu.in',0,0,0,0,NULL,NULL),(304,127,1,'reynoldsmilan@yahoo.edu.in',1,0,0,0,NULL,NULL),(305,127,1,'reynoldsmilan@brown.co.in',0,0,0,0,NULL,NULL),(306,129,1,'smithhenry@earthlink.co.pl',1,0,0,0,NULL,NULL),(307,129,1,'smithhenry@redimail.edu',0,0,0,0,NULL,NULL),(308,449,1,'jonesrebecca@tsec.net',1,0,0,0,NULL,NULL),(309,449,1,'jonesrebecca@yahoo.org',0,0,0,0,NULL,NULL),(310,187,1,'adamssandy@yahoo.com',1,0,0,0,NULL,NULL),(311,187,1,'adamssandy@tsec.org',0,0,0,0,NULL,NULL),(312,131,1,'zopesam@redimail.edu.in',1,0,0,0,NULL,NULL),(313,131,1,'zopesam@brown.edu.in',0,0,0,0,NULL,NULL),(314,499,1,'parkerchetan@aol.com',1,0,0,0,NULL,NULL),(315,499,1,'parkerchetan@gmail.edu',0,0,0,0,NULL,NULL),(316,201,1,'reynoldsamar@hotmail.net',1,0,0,0,NULL,NULL),(317,201,1,'reynoldsamar@aol.org',0,0,0,0,NULL,NULL),(318,181,1,'yadavwalter@yahoo.org',1,0,0,0,NULL,NULL),(319,181,1,'yadavwalter@npo.co.pl',0,0,0,0,NULL,NULL),(320,281,1,'zopesheila@hotmail.com',1,0,0,0,NULL,NULL),(321,281,1,'zopesheila@gmail.org',0,0,0,0,NULL,NULL),(322,133,1,'pateljason@aol.edu',1,0,0,0,NULL,NULL),(323,133,1,'pateljason@tsec.net.in',0,0,0,0,NULL,NULL),(324,315,1,'chowskimichelle@redimail.com',1,0,0,0,NULL,NULL),(325,315,1,'chowskimichelle@yahoo.org',0,0,0,0,NULL,NULL),(326,275,1,'reynoldsmonica@indiatimes.net',1,0,0,0,NULL,NULL),(327,275,1,'reynoldsmonica@indiatimes.edu',0,0,0,0,NULL,NULL),(328,383,1,'smithmichelle@tsec.edu',1,0,0,0,NULL,NULL),(329,383,1,'smithmichelle@redimail.co.in',0,0,0,0,NULL,NULL),(330,443,1,'parkergreg@tsec.edu.in',1,0,0,0,NULL,NULL),(331,443,1,'parkergreg@brown.net',0,0,0,0,NULL,NULL),(332,465,1,'reynoldsbill@yahoo.edu.in',1,0,0,0,NULL,NULL),(333,465,1,'reynoldsbill@aol.com',0,0,0,0,NULL,NULL),(334,343,1,'zopebernard@npo.org',1,0,0,0,NULL,NULL),(335,343,1,'zopebernard@npo.org',0,0,0,0,NULL,NULL),(336,375,1,'zoperaymond@amazon.org',1,0,0,0,NULL,NULL),(337,375,1,'zoperaymond@redimail.co.pl',0,0,0,0,NULL,NULL),(338,55,1,'jonesrichard@npo.org',1,0,0,0,NULL,NULL),(339,55,1,'jonesrichard@earthlink.co.in',0,0,0,0,NULL,NULL),(340,193,1,'jamesonbrzczysaw@npo.org',1,0,0,0,NULL,NULL),(341,193,1,'jamesonbrzczysaw@hotmail.edu',0,0,0,0,NULL,NULL),(342,479,1,'jamesonalice@npo.edu',1,0,0,0,NULL,NULL),(343,479,1,'jamesonalice@npo.net.in',0,0,0,0,NULL,NULL),(344,269,1,'pateldan@indiatimes.co.in',1,0,0,0,NULL,NULL),(345,269,1,'pateldan@earthlink.co.pl',0,0,0,0,NULL,NULL),(346,313,1,'parkeramar@hotmail.co.in',1,0,0,0,NULL,NULL),(347,313,1,'parkeramar@npo.edu.in',0,0,0,0,NULL,NULL),(348,397,1,'jonesamar@brown.com',1,0,0,0,NULL,NULL),(349,397,1,'jonesamar@tsec.com',0,0,0,0,NULL,NULL),(350,183,1,'adamshenry@aol.net.in',1,0,0,0,NULL,NULL),(351,183,1,'adamshenry@brown.net',0,0,0,0,NULL,NULL),(352,363,1,'chowskifraddie@gmail.com',1,0,0,0,NULL,NULL),(353,363,1,'chowskifraddie@npo.com',0,0,0,0,NULL,NULL),(354,395,1,'adamsmichael@indiatimes.edu.in',1,0,0,0,NULL,NULL),(355,395,1,'adamsmichael@aol.co.uk',0,0,0,0,NULL,NULL),(356,279,1,'samuelsjason@npo.org',1,0,0,0,NULL,NULL),(357,279,1,'samuelsjason@tsec.net',0,0,0,0,NULL,NULL),(358,305,1,'robertsamar@earthlink.edu',1,0,0,0,NULL,NULL),(359,305,1,'robertsamar@redimail.net',0,0,0,0,NULL,NULL),(360,35,1,'smithjason@npo.net.in',1,0,0,0,NULL,NULL),(361,35,1,'smithjason@npo.co.in',0,0,0,0,NULL,NULL),(362,113,1,'parkerjohn@gmail.com',1,0,0,0,NULL,NULL),(363,113,1,'parkerjohn@tsec.org',0,0,0,0,NULL,NULL),(364,89,1,'parkerdonald@gmail.co.uk',1,0,0,0,NULL,NULL),(365,89,1,'parkerdonald@redimail.co.uk',0,0,0,0,NULL,NULL),(366,47,1,'smithgreg@brown.co.in',1,0,0,0,NULL,NULL),(367,47,1,'smithgreg@hotmail.net',0,0,0,0,NULL,NULL),(368,437,1,'patelbruce@tsec.edu',1,0,0,0,NULL,NULL),(369,437,1,'patelbruce@indiatimes.edu',0,0,0,0,NULL,NULL),(370,411,1,'adamschetan@tsec.net.in',1,0,0,0,NULL,NULL),(371,411,1,'adamschetan@gmail.edu',0,0,0,0,NULL,NULL),(372,475,1,'jonesrichard@brown.org',1,0,0,0,NULL,NULL),(373,475,1,'jonesrichard@hotmail.org',0,0,0,0,NULL,NULL),(374,351,1,'smithchetan@earthlink.net',1,0,0,0,NULL,NULL),(375,351,1,'smithchetan@earthlink.org',0,0,0,0,NULL,NULL),(376,289,1,'smithbill@brown.org',1,0,0,0,NULL,NULL),(377,289,1,'smithbill@earthlink.org',0,0,0,0,NULL,NULL),(378,253,1,'samuelsgreg@tsec.net',1,0,0,0,NULL,NULL),(379,253,1,'samuelsgreg@earthlink.co.in',0,0,0,0,NULL,NULL),(380,139,1,'smithjames@indiatimes.edu',1,0,0,0,NULL,NULL),(381,139,1,'smithjames@brown.co.in',0,0,0,0,NULL,NULL),(382,493,1,'chowskicharles@amazon.net',1,0,0,0,NULL,NULL),(383,493,1,'chowskicharles@hotmail.co.pl',0,0,0,0,NULL,NULL),(384,379,1,'yadavbernard@tsec.org',1,0,0,0,NULL,NULL),(385,379,1,'yadavbernard@amazon.net.in',0,0,0,0,NULL,NULL),(386,447,1,'robertsjason@brown.org',1,0,0,0,NULL,NULL),(387,447,1,'robertsjason@npo.org',0,0,0,0,NULL,NULL),(388,369,1,'parkeralan@gmail.org',1,0,0,0,NULL,NULL),(389,369,1,'parkeralan@gmail.net',0,0,0,0,NULL,NULL),(390,495,1,'smithjane@earthlink.com',1,0,0,0,NULL,NULL),(391,495,1,'smithjane@npo.net',0,0,0,0,NULL,NULL),(392,71,1,'patelpurvi@earthlink.com',1,0,0,0,NULL,NULL),(393,71,1,'patelpurvi@amazon.co.in',0,0,0,0,NULL,NULL),(394,19,1,'chowskialan@indiatimes.edu.in',1,0,0,0,NULL,NULL),(395,19,1,'chowskialan@hotmail.edu.in',0,0,0,0,NULL,NULL),(396,415,1,'adamsfranklin@earthlink.edu',1,0,0,0,NULL,NULL),(397,415,1,'adamsfranklin@earthlink.co.in',0,0,0,0,NULL,NULL),(398,469,1,'jamesonmichelle@tsec.com',1,0,0,0,NULL,NULL),(399,469,1,'jamesonmichelle@gmail.org',0,0,0,0,NULL,NULL),(400,163,1,'parkerjustin@gmail.co.uk',1,0,0,0,NULL,NULL),(401,163,1,'parkerjustin@aol.net',0,0,0,0,NULL,NULL),(402,49,1,'smithamar@tsec.org',1,0,0,0,NULL,NULL),(403,49,1,'smithamar@npo.net',0,0,0,0,NULL,NULL),(404,69,1,'smithtony@yahoo.co.in',1,0,0,0,NULL,NULL),(405,69,1,'smithtony@gmail.net',0,0,0,0,NULL,NULL),(406,453,1,'adamsbernard@yahoo.edu.in',1,0,0,0,NULL,NULL),(407,453,1,'adamsbernard@yahoo.co.in',0,0,0,0,NULL,NULL),(408,451,1,'robertspat@tsec.co.in',1,0,0,0,NULL,NULL),(409,451,1,'robertspat@tsec.co.in',0,0,0,0,NULL,NULL),(410,301,1,'chowskijake@earthlink.net.in',1,0,0,0,NULL,NULL),(411,301,1,'chowskijake@indiatimes.org',0,0,0,0,NULL,NULL),(412,293,1,'adamsmonica@aol.co.uk',1,0,0,0,NULL,NULL),(413,293,1,'adamsmonica@aol.net.in',0,0,0,0,NULL,NULL),(414,91,1,'samuelsanne@npo.edu',1,0,0,0,NULL,NULL),(415,91,1,'samuelsanne@brown.edu',0,0,0,0,NULL,NULL),(416,359,1,'smithjennifer@hotmail.edu',1,0,0,0,NULL,NULL),(417,359,1,'smithjennifer@yahoo.net',0,0,0,0,NULL,NULL),(418,NULL,1,'development@example.org',0,0,0,0,NULL,NULL),(419,NULL,1,'tournaments@example.org',0,0,0,0,NULL,NULL),(420,NULL,1,'celebration@example.org',0,0,0,0,NULL,NULL);
/*!40000 ALTER TABLE `civicrm_email` ENABLE KEYS */;
UNLOCK TABLES;

--
-- Dumping data for table `civicrm_entity_file`
--

LOCK TABLES `civicrm_entity_file` WRITE;
/*!40000 ALTER TABLE `civicrm_entity_file` DISABLE KEYS */;
/*!40000 ALTER TABLE `civicrm_entity_file` ENABLE KEYS */;
UNLOCK TABLES;

--
-- Dumping data for table `civicrm_entity_tag`
--

LOCK TABLES `civicrm_entity_tag` WRITE;
/*!40000 ALTER TABLE `civicrm_entity_tag` DISABLE KEYS */;
INSERT INTO `civicrm_entity_tag` (`id`, `contact_id`, `tag_id`) VALUES (182,4,5),(263,11,4),(109,12,4),(110,12,5),(253,14,5),(117,17,4),(104,23,4),(128,25,4),(85,28,5),(87,29,5),(42,30,4),(43,30,5),(15,33,2),(115,36,4),(116,36,5),(34,43,5),(76,45,4),(77,45,5),(215,49,5),(70,51,4),(71,51,5),(262,56,4),(275,57,4),(276,57,5),(47,61,5),(137,63,4),(138,63,5),(233,65,5),(25,66,2),(2,67,1),(216,69,4),(217,69,5),(35,70,5),(209,71,5),(97,73,5),(207,74,5),(13,77,2),(184,78,4),(185,78,5),(107,81,4),(108,81,5),(113,84,4),(114,84,5),(3,88,1),(187,89,4),(222,91,5),(242,93,4),(243,93,5),(7,94,3),(99,96,4),(100,96,5),(273,101,5),(12,103,3),(65,108,4),(66,108,5),(67,110,4),(53,111,4),(54,111,5),(186,113,4),(56,115,4),(51,116,5),(192,118,5),(118,119,5),(227,121,4),(229,123,4),(230,123,5),(103,124,4),(149,129,4),(150,129,5),(102,130,5),(152,131,5),(234,132,4),(235,132,5),(236,134,4),(79,135,4),(80,135,5),(11,136,3),(199,139,4),(78,143,5),(21,148,1),(24,149,2),(251,151,5),(81,153,4),(82,153,5),(258,156,4),(259,156,5),(120,158,5),(1,160,2),(214,163,5),(232,164,5),(59,165,4),(60,165,5),(19,169,3),(16,170,2),(172,172,4),(220,174,4),(221,174,5),(57,182,4),(86,185,5),(264,186,4),(265,186,5),(131,190,5),(168,193,5),(130,194,4),(156,196,5),(148,200,4),(153,201,4),(154,201,5),(63,202,5),(268,204,4),(269,204,5),(266,207,4),(267,207,5),(27,214,4),(30,215,4),(46,217,5),(9,218,3),(14,219,2),(225,221,5),(33,226,5),(244,228,4),(245,228,5),(188,232,4),(190,234,4),(191,234,5),(88,237,4),(89,237,5),(123,243,4),(124,243,5),(22,247,2),(208,248,5),(198,253,4),(125,254,5),(224,257,4),(140,258,4),(141,258,5),(101,259,4),(129,260,5),(241,262,4),(10,264,2),(135,266,4),(92,268,4),(136,271,4),(250,272,5),(161,275,5),(179,279,4),(180,279,5),(155,281,4),(226,283,4),(75,286,4),(98,287,5),(8,288,3),(195,289,5),(142,291,4),(143,291,5),(38,292,4),(90,295,4),(146,297,4),(147,297,5),(6,298,3),(219,301,4),(181,305,5),(111,307,4),(122,310,5),(211,312,4),(212,312,5),(171,313,5),(61,314,5),(159,315,4),(160,315,5),(231,316,5),(26,317,5),(29,319,5),(39,321,4),(40,321,5),(28,323,5),(248,324,4),(249,324,5),(206,326,5),(36,327,4),(37,327,5),(50,329,4),(105,330,4),(106,330,5),(240,331,5),(169,336,4),(170,336,5),(175,340,4),(254,342,4),(255,342,5),(246,348,4),(247,348,5),(139,349,4),(157,350,4),(193,351,4),(194,351,5),(127,353,5),(23,354,1),(44,362,5),(177,363,4),(178,363,5),(272,367,5),(210,368,5),(204,369,4),(205,369,5),(58,370,5),(17,371,1),(165,375,4),(166,375,5),(62,377,4),(173,378,4),(174,378,5),(201,379,4),(93,380,5),(5,382,3),(31,384,4),(32,384,5),(237,386,5),(95,390,4),(96,390,5),(252,394,4),(256,399,4),(257,399,5),(196,402,4),(197,402,5),(132,410,4),(68,414,4),(69,414,5),(213,415,5),(133,417,4),(134,417,5),(55,418,4),(91,419,5),(73,420,4),(74,420,5),(121,421,5),(274,425,5),(4,426,1),(64,428,4),(144,429,4),(145,429,5),(45,430,5),(20,433,2),(52,434,5),(189,437,4),(158,440,4),(261,442,4),(162,443,4),(260,445,4),(202,447,4),(203,447,5),(151,449,5),(270,450,4),(271,450,5),(218,451,4),(18,454,1),(119,455,5),(83,456,4),(84,456,5),(228,457,4),(167,458,5),(176,460,4),(94,461,4),(163,465,4),(164,465,5),(41,466,4),(72,476,4),(48,477,4),(49,477,5),(183,482,4),(223,484,4),(126,485,4),(238,489,4),(239,489,5),(200,493,4),(112,496,4);
/*!40000 ALTER TABLE `civicrm_entity_tag` ENABLE KEYS */;
UNLOCK TABLES;

--
-- Dumping data for table `civicrm_event`
--

LOCK TABLES `civicrm_event` WRITE;
/*!40000 ALTER TABLE `civicrm_event` DISABLE KEYS */;
INSERT INTO `civicrm_event` (`id`, `title`, `summary`, `description`, `event_type_id`, `participant_listing_id`, `is_public`, `start_date`, `end_date`, `is_online_registration`, `registration_link_text`, `registration_start_date`, `registration_end_date`, `max_participants`, `event_full_text`, `is_monetary`, `contribution_type_id`, `payment_processor_id`, `is_map`, `is_active`, `fee_label`, `is_show_location`, `loc_block_id`, `default_role_id`, `intro_text`, `footer_text`, `confirm_title`, `confirm_text`, `confirm_footer_text`, `is_email_confirm`, `confirm_email_text`, `confirm_from_name`, `confirm_from_email`, `cc_confirm`, `bcc_confirm`, `default_fee_id`, `default_discount_id`, `thankyou_title`, `thankyou_text`, `thankyou_footer_text`, `is_pay_later`, `pay_later_text`, `pay_later_receipt`, `is_multiple_registrations`, `allow_same_participant_emails`) VALUES (1,'Fall Fundraiser Dinner','Kick up your heels at our Fall Fundraiser Dinner/Dance at Glen Echo Park! Come by yourself or bring a partner, friend or the entire family!','This event benefits our teen programs. Admission includes a full 3 course meal and wine or soft drinks. Grab your dancing shoes, bring the kids and come join the party!',3,1,1,'2009-11-21 17:00:00','2009-11-21 23:00:00',1,'Register Now',NULL,NULL,100,'Sorry! The Fall Fundraiser Dinner is full. Please call Jane at 204 222-1000 ext 33 if you want to be added to the waiting list.',1,4,NULL,1,1,'Dinner Contribution',1,2,1,'Fill in the information below to join as at this wonderful dinner event.',NULL,'Confirm Your Registration Information','Review the information below carefully.',NULL,1,'Contact the Development Department if you need to make any changes to your registration.','Fundraising Dept.','development@example.org',NULL,NULL,256,NULL,'Thanks for Registering!','<p>Thank you for your support. Your contribution will help us build even better tools.</p><p>Please tell your friends and colleagues about this wonderful event.</p>','<p><a href=http://civicrm.org>Back to CiviCRM Home Page</a></p>',1,'I will send payment by check','Send a check payable to Our Organization within 3 business days to hold your reservation. Checks should be sent to: 100 Main St., Suite 3, San Francisco CA 94110',0,0),(2,'Summer Solstice Festival Day Concert','Festival Day is coming! Join us and help support your parks.','We will gather at noon, learn a song all together,  and then join in a joyous procession to the pavilion. We will be one of many groups performing at this wonderful concert which benefits our city parks.',5,1,1,'2009-01-01 12:00:00','2009-01-01 17:00:00',1,'Register Now',NULL,NULL,50,'We have all the singers we can handle. Come to the pavilion anyway and join in from the audience.',1,2,NULL,NULL,1,'Festival Fee',1,3,1,'Complete the form below and click Continue to register online for the festival. Or you can register by calling us at 204 222-1000 ext 22.','','Confirm Your Registration Information','','',1,'This email confirms your registration. If you have questions or need to change your registration - please do not hesitate to call us.','Event Dept.','events@example.org','',NULL,259,NULL,'Thanks for Your Joining In!','<p>Thank you for your support. Your participation will help build new parks.</p><p>Please tell your friends and colleagues about the concert.</p>','<p><a href=http://civicrm.org>Back to CiviCRM Home Page</a></p>',0,NULL,NULL,1,0),(3,'Rain-forest Cup Youth Soccer Tournament','Sign up your team to participate in this fun tournament which benefits several Rain-forest protection groups in the Amazon basin.','This is a FYSA Sanctioned Tournament, which is open to all USSF/FIFA affiliated organizations for boys and girls in age groups: U9-U10 (6v6), U11-U12 (8v8), and U13-U17 (Full Sided).',3,1,1,'2009-12-27 07:00:00','2009-12-29 17:00:00',1,'Register Now',NULL,NULL,500,'Sorry! All available team slots for this tournament have been filled. Contact Jill Futbol for information about the waiting list and next years event.',1,4,NULL,NULL,1,'Tournament Fees',1,4,1,'Complete the form below to register your team for this year\'s tournament.','<em>A Soccer Youth Event</em>','Review and Confirm Your Registration Information','','<em>A Soccer Youth Event</em>',1,'Contact our Tournament Director for eligibility details.','Tournament Director','tournament@example.org','',NULL,262,NULL,'Thanks for Your Support!','<p>Thank you for your support. Your participation will help save thousands of acres of rainforest.</p>','<p><a href=http://civicrm.org>Back to CiviCRM Home Page</a></p>',0,NULL,NULL,0,0);
/*!40000 ALTER TABLE `civicrm_event` ENABLE KEYS */;
UNLOCK TABLES;

--
-- Dumping data for table `civicrm_file`
--

LOCK TABLES `civicrm_file` WRITE;
/*!40000 ALTER TABLE `civicrm_file` DISABLE KEYS */;
/*!40000 ALTER TABLE `civicrm_file` ENABLE KEYS */;
UNLOCK TABLES;

--
-- Dumping data for table `civicrm_financial_trxn`
--

LOCK TABLES `civicrm_financial_trxn` WRITE;
/*!40000 ALTER TABLE `civicrm_financial_trxn` DISABLE KEYS */;
/*!40000 ALTER TABLE `civicrm_financial_trxn` ENABLE KEYS */;
UNLOCK TABLES;

--
-- Dumping data for table `civicrm_grant`
--

LOCK TABLES `civicrm_grant` WRITE;
/*!40000 ALTER TABLE `civicrm_grant` DISABLE KEYS */;
/*!40000 ALTER TABLE `civicrm_grant` ENABLE KEYS */;
UNLOCK TABLES;

--
-- Dumping data for table `civicrm_group`
--

LOCK TABLES `civicrm_group` WRITE;
/*!40000 ALTER TABLE `civicrm_group` DISABLE KEYS */;
INSERT INTO `civicrm_group` (`id`, `name`, `title`, `description`, `source`, `saved_search_id`, `is_active`, `visibility`, `where_clause`, `select_tables`, `where_tables`, `group_type`, `cache_date`, `parents`, `children`, `is_hidden`) VALUES (1,'Administrators','Administrators','Contacts in this group are assigned Administrator role permissions.',NULL,NULL,1,'User and User Admin Only',NULL,NULL,NULL,'1',NULL,NULL,NULL,0),(2,'Newsletter Subscribers','Newsletter Subscribers',NULL,NULL,NULL,1,'',' ( `civicrm_group_contact-2`.group_id IN ( 2 ) AND `civicrm_group_contact-2`.status IN (\"Added\") ) ','a:10:{s:15:\"civicrm_contact\";i:1;s:15:\"civicrm_address\";i:1;s:22:\"civicrm_state_province\";i:1;s:15:\"civicrm_country\";i:1;s:13:\"civicrm_email\";i:1;s:13:\"civicrm_phone\";i:1;s:10:\"civicrm_im\";i:1;s:19:\"civicrm_worldregion\";i:1;s:25:\"`civicrm_group_contact-2`\";s:114:\" LEFT JOIN civicrm_group_contact `civicrm_group_contact-2` ON contact_a.id = `civicrm_group_contact-2`.contact_id \";s:6:\"gender\";i:1;}','a:2:{s:15:\"civicrm_contact\";i:1;s:25:\"`civicrm_group_contact-2`\";s:114:\" LEFT JOIN civicrm_group_contact `civicrm_group_contact-2` ON contact_a.id = `civicrm_group_contact-2`.contact_id \";}','12',NULL,NULL,NULL,0),(3,'Summer Program Volunteers','Summer Program Volunteers',NULL,NULL,NULL,1,'',' ( `civicrm_group_contact-3`.group_id IN ( 3 ) AND `civicrm_group_contact-3`.status IN (\"Added\") ) ','a:10:{s:15:\"civicrm_contact\";i:1;s:15:\"civicrm_address\";i:1;s:22:\"civicrm_state_province\";i:1;s:15:\"civicrm_country\";i:1;s:13:\"civicrm_email\";i:1;s:13:\"civicrm_phone\";i:1;s:10:\"civicrm_im\";i:1;s:19:\"civicrm_worldregion\";i:1;s:25:\"`civicrm_group_contact-3`\";s:114:\" LEFT JOIN civicrm_group_contact `civicrm_group_contact-3` ON contact_a.id = `civicrm_group_contact-3`.contact_id \";s:6:\"gender\";i:1;}','a:2:{s:15:\"civicrm_contact\";i:1;s:25:\"`civicrm_group_contact-3`\";s:114:\" LEFT JOIN civicrm_group_contact `civicrm_group_contact-3` ON contact_a.id = `civicrm_group_contact-3`.contact_id \";}','12',NULL,NULL,NULL,0),(4,'Advisory Board','Advisory Board',NULL,NULL,NULL,1,'',' ( `civicrm_group_contact-4`.group_id IN ( 4 ) AND `civicrm_group_contact-4`.status IN (\"Added\") ) ','a:10:{s:15:\"civicrm_contact\";i:1;s:15:\"civicrm_address\";i:1;s:22:\"civicrm_state_province\";i:1;s:15:\"civicrm_country\";i:1;s:13:\"civicrm_email\";i:1;s:13:\"civicrm_phone\";i:1;s:10:\"civicrm_im\";i:1;s:19:\"civicrm_worldregion\";i:1;s:25:\"`civicrm_group_contact-4`\";s:114:\" LEFT JOIN civicrm_group_contact `civicrm_group_contact-4` ON contact_a.id = `civicrm_group_contact-4`.contact_id \";s:6:\"gender\";i:1;}','a:2:{s:15:\"civicrm_contact\";i:1;s:25:\"`civicrm_group_contact-4`\";s:114:\" LEFT JOIN civicrm_group_contact `civicrm_group_contact-4` ON contact_a.id = `civicrm_group_contact-4`.contact_id \";}','12',NULL,NULL,NULL,0);
/*!40000 ALTER TABLE `civicrm_group` ENABLE KEYS */;
UNLOCK TABLES;

--
-- Dumping data for table `civicrm_group_contact`
--

LOCK TABLES `civicrm_group_contact` WRITE;
/*!40000 ALTER TABLE `civicrm_group_contact` DISABLE KEYS */;
INSERT INTO `civicrm_group_contact` (`id`, `group_id`, `contact_id`, `status`, `location_id`, `email_id`) VALUES (1,2,87,'Added',NULL,NULL),(2,2,214,'Added',NULL,NULL),(3,2,323,'Removed',NULL,NULL),(4,2,319,'Added',NULL,NULL),(5,2,481,'Removed',NULL,NULL),(6,2,215,'Removed',NULL,NULL),(7,2,384,'Removed',NULL,NULL),(8,2,86,'Added',NULL,NULL),(9,2,226,'Removed',NULL,NULL),(10,2,356,'Added',NULL,NULL),(11,2,70,'Added',NULL,NULL),(12,2,405,'Added',NULL,NULL),(13,2,327,'Added',NULL,NULL),(14,2,267,'Added',NULL,NULL),(15,2,413,'Added',NULL,NULL),(16,2,321,'Added',NULL,NULL),(17,2,251,'Added',NULL,NULL),(18,2,180,'Removed',NULL,NULL),(19,2,362,'Removed',NULL,NULL),(20,2,290,'Added',NULL,NULL),(21,2,154,'Added',NULL,NULL),(22,2,61,'Added',NULL,NULL),(23,2,42,'Added',NULL,NULL),(24,2,477,'Removed',NULL,NULL),(25,2,147,'Removed',NULL,NULL),(26,2,329,'Removed',NULL,NULL),(27,2,109,'Added',NULL,NULL),(28,2,229,'Added',NULL,NULL),(29,2,434,'Added',NULL,NULL),(30,2,261,'Added',NULL,NULL),(31,2,344,'Removed',NULL,NULL),(32,2,404,'Added',NULL,NULL),(33,2,115,'Removed',NULL,NULL),(34,2,97,'Added',NULL,NULL),(35,2,182,'Added',NULL,NULL),(36,2,337,'Added',NULL,NULL),(37,2,165,'Removed',NULL,NULL),(38,2,303,'Removed',NULL,NULL),(39,2,377,'Added',NULL,NULL),(40,2,497,'Removed',NULL,NULL),(41,3,202,'Added',NULL,NULL),(42,3,428,'Removed',NULL,NULL),(43,3,9,'Added',NULL,NULL),(44,3,108,'Removed',NULL,NULL),(45,3,208,'Removed',NULL,NULL),(46,3,110,'Added',NULL,NULL),(47,3,355,'Removed',NULL,NULL),(48,3,90,'Removed',NULL,NULL),(49,3,51,'Removed',NULL,NULL),(50,3,476,'Added',NULL,NULL),(51,3,285,'Removed',NULL,NULL),(52,3,420,'Added',NULL,NULL),(53,4,317,'Added',NULL,NULL),(54,4,481,'Added',NULL,NULL),(55,4,413,'Removed',NULL,NULL),(56,4,362,'Added',NULL,NULL),(57,4,42,'Added',NULL,NULL),(58,4,434,'Added',NULL,NULL),(59,4,97,'Added',NULL,NULL);
/*!40000 ALTER TABLE `civicrm_group_contact` ENABLE KEYS */;
UNLOCK TABLES;

--
-- Dumping data for table `civicrm_group_contact_cache`
--

LOCK TABLES `civicrm_group_contact_cache` WRITE;
/*!40000 ALTER TABLE `civicrm_group_contact_cache` DISABLE KEYS */;
/*!40000 ALTER TABLE `civicrm_group_contact_cache` ENABLE KEYS */;
UNLOCK TABLES;

--
-- Dumping data for table `civicrm_group_nesting`
--

LOCK TABLES `civicrm_group_nesting` WRITE;
/*!40000 ALTER TABLE `civicrm_group_nesting` DISABLE KEYS */;
/*!40000 ALTER TABLE `civicrm_group_nesting` ENABLE KEYS */;
UNLOCK TABLES;

--
-- Dumping data for table `civicrm_group_organization`
--

LOCK TABLES `civicrm_group_organization` WRITE;
/*!40000 ALTER TABLE `civicrm_group_organization` DISABLE KEYS */;
/*!40000 ALTER TABLE `civicrm_group_organization` ENABLE KEYS */;
UNLOCK TABLES;

--
-- Dumping data for table `civicrm_im`
--

LOCK TABLES `civicrm_im` WRITE;
/*!40000 ALTER TABLE `civicrm_im` DISABLE KEYS */;
/*!40000 ALTER TABLE `civicrm_im` ENABLE KEYS */;
UNLOCK TABLES;

--
-- Dumping data for table `civicrm_line_item`
--

LOCK TABLES `civicrm_line_item` WRITE;
/*!40000 ALTER TABLE `civicrm_line_item` DISABLE KEYS */;
/*!40000 ALTER TABLE `civicrm_line_item` ENABLE KEYS */;
UNLOCK TABLES;

--
-- Dumping data for table `civicrm_loc_block`
--

LOCK TABLES `civicrm_loc_block` WRITE;
/*!40000 ALTER TABLE `civicrm_loc_block` DISABLE KEYS */;
INSERT INTO `civicrm_loc_block` (`id`, `address_id`, `email_id`, `phone_id`, `im_id`, `address_2_id`, `email_2_id`, `phone_2_id`, `im_2_id`) VALUES (1,1,1,1,NULL,NULL,NULL,NULL,NULL),(2,427,418,564,NULL,NULL,NULL,NULL,NULL),(3,428,419,565,NULL,NULL,NULL,NULL,NULL),(4,429,420,566,NULL,NULL,NULL,NULL,NULL);
/*!40000 ALTER TABLE `civicrm_loc_block` ENABLE KEYS */;
UNLOCK TABLES;

--
-- Dumping data for table `civicrm_location_type`
--

LOCK TABLES `civicrm_location_type` WRITE;
/*!40000 ALTER TABLE `civicrm_location_type` DISABLE KEYS */;
INSERT INTO `civicrm_location_type` (`id`, `name`, `vcard_name`, `description`, `is_reserved`, `is_active`, `is_default`) VALUES (1,'Home','HOME','Place of residence',0,1,1),(2,'Work','WORK','Work location',0,1,NULL),(3,'Main',NULL,'Main office location',0,1,NULL),(4,'Other',NULL,'Other location',0,1,NULL),(5,'Billing',NULL,'Billing Address location',1,1,NULL);
/*!40000 ALTER TABLE `civicrm_location_type` ENABLE KEYS */;
UNLOCK TABLES;

--
-- Dumping data for table `civicrm_log`
--

LOCK TABLES `civicrm_log` WRITE;
/*!40000 ALTER TABLE `civicrm_log` DISABLE KEYS */;
/*!40000 ALTER TABLE `civicrm_log` ENABLE KEYS */;
UNLOCK TABLES;

--
-- Dumping data for table `civicrm_mail_settings`
--

LOCK TABLES `civicrm_mail_settings` WRITE;
/*!40000 ALTER TABLE `civicrm_mail_settings` DISABLE KEYS */;
INSERT INTO `civicrm_mail_settings` (`id`, `name`, `is_default`, `domain`, `localpart`, `return_path`, `protocol`, `server`, `port`, `username`, `password`, `is_ssl`, `source`) VALUES (1,'default',1,'FIXME.ORG',NULL,NULL,NULL,NULL,NULL,NULL,NULL,NULL,NULL);
/*!40000 ALTER TABLE `civicrm_mail_settings` ENABLE KEYS */;
UNLOCK TABLES;

--
-- Dumping data for table `civicrm_mailing`
--

LOCK TABLES `civicrm_mailing` WRITE;
/*!40000 ALTER TABLE `civicrm_mailing` DISABLE KEYS */;
/*!40000 ALTER TABLE `civicrm_mailing` ENABLE KEYS */;
UNLOCK TABLES;

--
-- Dumping data for table `civicrm_mailing_bounce_pattern`
--

LOCK TABLES `civicrm_mailing_bounce_pattern` WRITE;
/*!40000 ALTER TABLE `civicrm_mailing_bounce_pattern` DISABLE KEYS */;
INSERT INTO `civicrm_mailing_bounce_pattern` (`id`, `bounce_type_id`, `pattern`) VALUES (1,1,'Client TOS Notification'),(2,2,'(be|am)? (out of|away from) (the|my)? (office|computer|town)'),(3,2,'i am on vacation'),(4,3,'name(server entry| lookup failure)'),(5,3,'no (mail server|matches to nameserver query|dns entries)'),(6,3,'reverse dns entry'),(7,4,'(unknown|not local) host'),(8,4,'all hosts have been failing'),(9,4,'allowed rcpthosts'),(10,4,'connection (refused|timed out)'),(11,4,'couldn\'t find any host named'),(12,4,'error involving remote host'),(13,4,'host unknown'),(14,4,'invalid host name'),(15,4,'isn\'t in my control/locals file'),(16,4,'local configuration error'),(17,4,'not a gateway'),(18,4,'server is down or unreachable'),(19,4,'too many connections'),(20,4,'unable to connect'),(21,5,'(my )?e-?mail( address)? has changed'),(22,5,'account (inactive|expired|deactivated)'),(23,5,'account is locked'),(24,5,'changed w+( e-?mail)? address'),(25,5,'deactivated mailbox'),(26,5,'disabled or discontinued'),(27,5,'inactive user'),(28,5,'is inactive on this domain'),(29,5,'mail receiving disabled'),(30,5,'mail( ?)address is administrative?ly disabled'),(31,5,'mailbox (temporarily disabled|currently suspended)'),(32,5,'no longer (accepting mail|on server|in use|with|employed|on staff|works for|using this account)'),(33,5,'not accepting mail'),(34,5,'please use my new e-?mail address'),(35,5,'this address no longer accepts mail'),(36,5,'user account suspended'),(37,6,'(user|recipient( name)?) is not recognized'),(38,6,'554 delivery error'),(39,6,'address does not exist'),(40,6,'address(es)? could not be found'),(41,6,'addressee unknown'),(42,6,'bad destination'),(43,6,'badly formatted address'),(44,6,'can\'t open mailbox for'),(45,6,'cannot deliver'),(46,6,'delivery to the following recipients failed'),(47,6,'destination addresses were unknown'),(48,6,'did not reach the following recipient'),(49,6,'does not exist'),(50,6,'does not like recipient'),(51,6,'does not specify a valid notes mail file'),(52,6,'illegal alias'),(53,6,'invalid (mailbox|(e-?mail )?address|recipient|final delivery)'),(54,6,'invalid( or unknown)?( virtual)? user'),(55,6,'mail delivery to this user is not allowed'),(56,6,'mailbox (not found|unavailable|name not allowed)'),(57,6,'message could not be forwarded'),(58,6,'missing or malformed local(-| )part'),(59,6,'no e-?mail address registered'),(60,6,'no such (mail drop|mailbox( w+)?|(e-?mail )?address|recipient|(local )?user)( here)?'),(61,6,'no mailbox here by that name'),(62,6,'not (listed in|found in directory|known at this site|our customer)'),(63,6,'not a valid( (user|mailbox))?'),(64,6,'not present in directory entry'),(65,6,'recipient (does not exist|(is )?unknown)'),(66,6,'this user doesn\'t have a yahoo.com address'),(67,6,'unavailable to take delivery of the message'),(68,6,'unavailable mailbox'),(69,6,'unknown (local( |-)part|recipient)'),(70,6,'unknown( or illegal)? user( account)?'),(71,6,'unrecognized recipient'),(72,6,'unregistered address'),(73,6,'user (unknown|does not exist)'),(74,6,'user doesn\'t have an? w+ account'),(75,6,'user(\'s e-?mail name is)? not found'),(76,7,'(mail|routing) loop'),(77,7,'excessive recursion'),(78,7,'loop detected'),(79,7,'maximum hop count exceeded'),(80,7,'message was forwarded more than the maximum allowed times'),(81,7,'too many hops'),(82,8,'(disk|over the allowed|exceed(ed|s)?|storage) quota'),(83,8,'522_mailbox_full'),(84,8,'exceeds allowed message count'),(85,8,'file too large'),(86,8,'full mailbox'),(87,8,'mailbox ((for user w+ )?is )?full'),(88,8,'mailbox has exceeded the limit'),(89,8,'mailbox( exceeds allowed)? size'),(90,8,'no space left for this user'),(91,8,'overs?quota'),(92,8,'quota (for the mailbox )?has been exceeded'),(93,8,'quota (usage|violation|exceeded)'),(94,8,'recipient storage full'),(95,8,'not able to receive more mail'),(96,9,'cannot find your hostname'),(97,9,'ip name lookup'),(98,9,'not configured to relay mail'),(99,9,'relay (not permitted|access denied)'),(100,9,'relayed mail to .+? not allowed'),(101,9,'sender ip must resolve'),(102,9,'unable to relay'),(103,10,'(bulk( e-?mail)|content|attachment blocking|virus|mail system) filters?'),(104,10,'(hostile|questionable|unacceptable) content'),(105,10,'address .+? has not been verified'),(106,10,'anti-?spam (policw+|software)'),(107,10,'anti-?virus gateway has detected'),(108,10,'blacklisted'),(109,10,'blocked message'),(110,10,'content control'),(111,10,'delivery not authorized'),(112,10,'does not conform to our e-?mail policy'),(113,10,'excessive spam content'),(114,10,'message looks suspicious'),(115,10,'open relay'),(116,10,'sender was rejected'),(117,10,'spam(check| reduction software| filters?)'),(118,10,'blocked by a user configured filter'),(119,10,'detected as spam'),(120,11,'nonstandard smtp line terminator'),(121,11,'syntax error in from address'),(122,11,'unknown smtp code');
/*!40000 ALTER TABLE `civicrm_mailing_bounce_pattern` ENABLE KEYS */;
UNLOCK TABLES;

--
-- Dumping data for table `civicrm_mailing_bounce_type`
--

LOCK TABLES `civicrm_mailing_bounce_type` WRITE;
/*!40000 ALTER TABLE `civicrm_mailing_bounce_type` DISABLE KEYS */;
INSERT INTO `civicrm_mailing_bounce_type` (`id`, `name`, `description`, `hold_threshold`) VALUES (1,'AOL','AOL Terms of Service complaint',1),(2,'Away','Recipient is on vacation',3),(3,'DNS','Unable to resolve recipient domain',3),(4,'Host','Unable to deliver to destintation mail server',3),(5,'Inactive','User account is no longer active',1),(6,'Invalid','Email address is not valid',1),(7,'Loop','Mail routing error',3),(8,'Quota','User inbox is full',3),(9,'Relay','Unable to reach destination mail server',3),(10,'Spam','Message caught by a content filter',1),(11,'Syntax','Error in SMTP transaction',3);
/*!40000 ALTER TABLE `civicrm_mailing_bounce_type` ENABLE KEYS */;
UNLOCK TABLES;

--
-- Dumping data for table `civicrm_mailing_component`
--

LOCK TABLES `civicrm_mailing_component` WRITE;
/*!40000 ALTER TABLE `civicrm_mailing_component` DISABLE KEYS */;
INSERT INTO `civicrm_mailing_component` (`id`, `name`, `component_type`, `subject`, `body_html`, `body_text`, `is_default`, `is_active`) VALUES (1,'Mailing Header','Header','Descriptive Title for this Header','Sample Header for HTML formatted content.','Sample Header for TEXT formatted content.',1,1),(2,'Mailing Footer','Footer','Descriptive Title for this Footer.','Sample Footer for HTML formatted content.','Sample Footer for TEXT formatted content.',1,1),(3,'Subscribe Message','Subscribe','Subscription Confirmation Request','You have a pending subscription to the {subscribe.group} mailing list. To confirm this subscription, reply to this email or click <a href=\"{subscribe.url}\">here</a>.','You have a pending subscription to the {subscribe.group} mailing list. To confirm this subscription, reply to this email or click on this link: {subscribe.url}',1,1),(4,'Welcome Message','Welcome','Your Subscription has been Activated','Welcome. Your subscription to the {welcome.group} mailing list has been activated.','Welcome. Your subscription to the {welcome.group} mailing list has been activated.',1,1),(5,'Unsubscribe Message','Unsubscribe','Un-subscribe Confirmation','You have been un-subscribed from the following groups: {unsubscribe.group}. You can re-subscribe by mailing {action.resubscribe} or clicking <a href=\"{action.resubscribeUrl}\">here</a>.','You have been un-subscribed from the following groups: {unsubscribe.group}. You can re-subscribe by mailing {action.resubscribe} or clicking {action.resubscribeUrl}',1,1),(6,'Resubscribe Message','Resubscribe','Re-subscribe Confirmation','You have been re-subscribed to the following groups: {resubscribe.group}. You can un-subscribe by mailing {action.unsubscribe} or clicking <a href=\"{action.unsubscribeUrl}\">here</a>.','You have been re-subscribed to the following groups: {resubscribe.group}. You can un-subscribe by mailing {action.unsubscribe} or clicking {action.unsubscribeUrl}',1,1),(7,'Opt-out Message','OptOut','Opt-out Confirmation','Your email address has been removed from {domain.name} mailing lists.','Your email address has been removed from {domain.name} mailing lists.',1,1),(8,'Auto-responder','Reply','Please Send Inquiries to Our Contact Email Address','This is an automated reply from an un-attended mailbox. Please send any inquiries to the contact email address listed on our web-site.','This is an automated reply from an un-attended mailbox. Please send any inquiries to the contact email address listed on our web-site.',1,1);
/*!40000 ALTER TABLE `civicrm_mailing_component` ENABLE KEYS */;
UNLOCK TABLES;

--
-- Dumping data for table `civicrm_mailing_event_bounce`
--

LOCK TABLES `civicrm_mailing_event_bounce` WRITE;
/*!40000 ALTER TABLE `civicrm_mailing_event_bounce` DISABLE KEYS */;
/*!40000 ALTER TABLE `civicrm_mailing_event_bounce` ENABLE KEYS */;
UNLOCK TABLES;

--
-- Dumping data for table `civicrm_mailing_event_confirm`
--

LOCK TABLES `civicrm_mailing_event_confirm` WRITE;
/*!40000 ALTER TABLE `civicrm_mailing_event_confirm` DISABLE KEYS */;
/*!40000 ALTER TABLE `civicrm_mailing_event_confirm` ENABLE KEYS */;
UNLOCK TABLES;

--
-- Dumping data for table `civicrm_mailing_event_delivered`
--

LOCK TABLES `civicrm_mailing_event_delivered` WRITE;
/*!40000 ALTER TABLE `civicrm_mailing_event_delivered` DISABLE KEYS */;
/*!40000 ALTER TABLE `civicrm_mailing_event_delivered` ENABLE KEYS */;
UNLOCK TABLES;

--
-- Dumping data for table `civicrm_mailing_event_forward`
--

LOCK TABLES `civicrm_mailing_event_forward` WRITE;
/*!40000 ALTER TABLE `civicrm_mailing_event_forward` DISABLE KEYS */;
/*!40000 ALTER TABLE `civicrm_mailing_event_forward` ENABLE KEYS */;
UNLOCK TABLES;

--
-- Dumping data for table `civicrm_mailing_event_opened`
--

LOCK TABLES `civicrm_mailing_event_opened` WRITE;
/*!40000 ALTER TABLE `civicrm_mailing_event_opened` DISABLE KEYS */;
/*!40000 ALTER TABLE `civicrm_mailing_event_opened` ENABLE KEYS */;
UNLOCK TABLES;

--
-- Dumping data for table `civicrm_mailing_event_queue`
--

LOCK TABLES `civicrm_mailing_event_queue` WRITE;
/*!40000 ALTER TABLE `civicrm_mailing_event_queue` DISABLE KEYS */;
/*!40000 ALTER TABLE `civicrm_mailing_event_queue` ENABLE KEYS */;
UNLOCK TABLES;

--
-- Dumping data for table `civicrm_mailing_event_reply`
--

LOCK TABLES `civicrm_mailing_event_reply` WRITE;
/*!40000 ALTER TABLE `civicrm_mailing_event_reply` DISABLE KEYS */;
/*!40000 ALTER TABLE `civicrm_mailing_event_reply` ENABLE KEYS */;
UNLOCK TABLES;

--
-- Dumping data for table `civicrm_mailing_event_subscribe`
--

LOCK TABLES `civicrm_mailing_event_subscribe` WRITE;
/*!40000 ALTER TABLE `civicrm_mailing_event_subscribe` DISABLE KEYS */;
/*!40000 ALTER TABLE `civicrm_mailing_event_subscribe` ENABLE KEYS */;
UNLOCK TABLES;

--
-- Dumping data for table `civicrm_mailing_event_trackable_url_open`
--

LOCK TABLES `civicrm_mailing_event_trackable_url_open` WRITE;
/*!40000 ALTER TABLE `civicrm_mailing_event_trackable_url_open` DISABLE KEYS */;
/*!40000 ALTER TABLE `civicrm_mailing_event_trackable_url_open` ENABLE KEYS */;
UNLOCK TABLES;

--
-- Dumping data for table `civicrm_mailing_event_unsubscribe`
--

LOCK TABLES `civicrm_mailing_event_unsubscribe` WRITE;
/*!40000 ALTER TABLE `civicrm_mailing_event_unsubscribe` DISABLE KEYS */;
/*!40000 ALTER TABLE `civicrm_mailing_event_unsubscribe` ENABLE KEYS */;
UNLOCK TABLES;

--
-- Dumping data for table `civicrm_mailing_group`
--

LOCK TABLES `civicrm_mailing_group` WRITE;
/*!40000 ALTER TABLE `civicrm_mailing_group` DISABLE KEYS */;
/*!40000 ALTER TABLE `civicrm_mailing_group` ENABLE KEYS */;
UNLOCK TABLES;

--
-- Dumping data for table `civicrm_mailing_job`
--

LOCK TABLES `civicrm_mailing_job` WRITE;
/*!40000 ALTER TABLE `civicrm_mailing_job` DISABLE KEYS */;
/*!40000 ALTER TABLE `civicrm_mailing_job` ENABLE KEYS */;
UNLOCK TABLES;

--
-- Dumping data for table `civicrm_mailing_spool`
--

LOCK TABLES `civicrm_mailing_spool` WRITE;
/*!40000 ALTER TABLE `civicrm_mailing_spool` DISABLE KEYS */;
/*!40000 ALTER TABLE `civicrm_mailing_spool` ENABLE KEYS */;
UNLOCK TABLES;

--
-- Dumping data for table `civicrm_mailing_trackable_url`
--

LOCK TABLES `civicrm_mailing_trackable_url` WRITE;
/*!40000 ALTER TABLE `civicrm_mailing_trackable_url` DISABLE KEYS */;
/*!40000 ALTER TABLE `civicrm_mailing_trackable_url` ENABLE KEYS */;
UNLOCK TABLES;

--
-- Dumping data for table `civicrm_mapping`
--

LOCK TABLES `civicrm_mapping` WRITE;
/*!40000 ALTER TABLE `civicrm_mapping` DISABLE KEYS */;
/*!40000 ALTER TABLE `civicrm_mapping` ENABLE KEYS */;
UNLOCK TABLES;

--
-- Dumping data for table `civicrm_mapping_field`
--

LOCK TABLES `civicrm_mapping_field` WRITE;
/*!40000 ALTER TABLE `civicrm_mapping_field` DISABLE KEYS */;
/*!40000 ALTER TABLE `civicrm_mapping_field` ENABLE KEYS */;
UNLOCK TABLES;

--
-- Dumping data for table `civicrm_membership`
--

LOCK TABLES `civicrm_membership` WRITE;
/*!40000 ALTER TABLE `civicrm_membership` DISABLE KEYS */;
INSERT INTO `civicrm_membership` (`id`, `contact_id`, `membership_type_id`, `join_date`, `start_date`, `end_date`, `source`, `status_id`, `is_override`, `reminder_date`, `owner_membership_id`, `is_test`, `is_pay_later`) VALUES (1,57,1,'2009-05-28','2009-05-28','2011-05-28','Payment',1,NULL,NULL,NULL,0,0),(2,349,2,'2009-05-27','2009-05-27','2010-05-27','Check',1,NULL,NULL,NULL,0,0),(3,281,1,'2009-05-26','2009-05-26','2011-05-26','Donation',1,NULL,NULL,NULL,0,0),(4,297,2,'2009-05-25','2009-05-25','2010-05-25','Payment',1,NULL,NULL,NULL,0,0),(5,299,1,'2007-04-26','2007-04-26','2009-04-25','Check',4,NULL,NULL,NULL,0,0),(6,42,2,'2009-05-23','2009-05-23','2010-05-23','Check',1,NULL,NULL,NULL,0,0),(7,214,1,'2009-05-22','2009-05-22','2011-05-22','Donation',1,NULL,NULL,NULL,0,0),(8,447,2,'2009-05-21','2009-05-21','2010-05-21','Check',1,NULL,NULL,NULL,0,0),(9,481,1,'2009-05-20','2009-05-20','2011-05-20','Check',1,NULL,NULL,NULL,0,0),(10,215,1,'2008-05-19','2008-05-19','2009-05-18','Payment',3,NULL,NULL,NULL,0,0),(11,280,3,'2009-05-18','2009-05-18',NULL,'Check',1,NULL,NULL,NULL,0,0),(12,263,2,'2009-05-17','2009-05-17','2010-05-17','Check',1,NULL,NULL,NULL,0,0),(13,245,1,'2009-05-16','2009-05-16','2011-05-16','Check',1,NULL,NULL,NULL,0,0),(14,34,2,'2009-05-15','2009-05-15','2010-05-15','Payment',1,NULL,NULL,NULL,0,0),(15,372,1,'2007-02-05','2007-02-05','2009-02-04','Donation',4,NULL,NULL,NULL,0,0),(16,328,2,'2009-05-13','2009-05-13','2010-05-13','Payment',1,NULL,NULL,NULL,0,0),(17,421,1,'2009-05-12','2009-05-12','2011-05-12','Payment',1,NULL,NULL,NULL,0,0),(18,451,2,'2009-05-11','2009-05-11','2010-05-11','Check',1,NULL,NULL,NULL,0,0),(19,201,1,'2009-05-10','2009-05-10','2011-05-10','Payment',1,NULL,NULL,NULL,0,0),(20,25,2,'2008-05-09','2008-05-09','2009-05-08','Check',3,NULL,NULL,NULL,0,0),(21,465,1,'2009-05-08','2009-05-08','2011-05-08','Check',1,NULL,NULL,NULL,0,0),(22,403,3,'2009-05-07','2009-05-07',NULL,'Check',1,NULL,NULL,NULL,0,0),(23,222,1,'2009-05-06','2009-05-06','2011-05-06','Check',1,NULL,NULL,NULL,0,0),(24,256,2,'2009-05-05','2009-05-05','2010-05-05','Payment',1,NULL,NULL,NULL,0,0),(25,69,1,'2006-11-17','2006-11-17','2008-11-16','Payment',4,NULL,NULL,NULL,0,0),(26,246,2,'2009-05-03','2009-05-03','2010-05-03','Donation',1,NULL,NULL,NULL,0,0),(27,213,1,'2009-05-02','2009-05-02','2011-05-02','Donation',1,NULL,NULL,NULL,0,0),(28,202,2,'2009-05-01','2009-05-01','2010-05-01','Check',1,NULL,NULL,NULL,0,0),(29,340,1,'2009-04-30','2009-04-30','2011-04-30','Check',1,NULL,NULL,NULL,0,0),(30,40,2,'2008-04-29','2008-04-29','2009-04-28','Payment',3,NULL,NULL,NULL,0,0),(31,198,1,'2009-04-28','2009-04-28','2011-04-28','Payment',1,NULL,NULL,NULL,0,0),(32,422,2,'2009-04-27','2009-04-27','2010-04-27','Donation',1,NULL,NULL,NULL,0,0),(33,115,3,'2009-04-26','2009-04-26',NULL,'Donation',1,NULL,NULL,NULL,0,0),(34,176,2,'2009-04-25','2009-04-25','2010-04-25','Donation',1,NULL,NULL,NULL,0,0),(35,61,2,'2008-04-24','2008-04-24','2009-04-23','Donation',3,NULL,NULL,NULL,0,0),(36,319,2,'2009-04-23','2009-04-23','2010-04-23','Payment',1,NULL,NULL,NULL,0,0),(37,190,1,'2009-04-22','2009-04-22','2011-04-22','Payment',1,NULL,NULL,NULL,0,0),(38,157,2,'2009-04-21','2009-04-21','2010-04-21','Donation',1,NULL,NULL,NULL,0,0),(39,113,1,'2009-04-20','2009-04-20','2011-04-20','Payment',1,NULL,NULL,NULL,0,0),(40,251,2,'2008-04-19','2008-04-19','2009-04-18','Donation',3,NULL,NULL,NULL,0,0),(41,394,1,'2009-04-18','2009-04-18','2011-04-18','Donation',1,NULL,NULL,NULL,0,0),(42,290,2,'2009-04-17','2009-04-17','2010-04-17','Donation',1,NULL,NULL,NULL,0,0),(43,397,1,'2009-04-16','2009-04-16','2011-04-16','Donation',1,NULL,NULL,NULL,0,0),(44,87,3,'2009-04-15','2009-04-15',NULL,'Payment',1,NULL,NULL,NULL,0,0),(45,133,2,'2006-06-10','2006-06-10','2008-06-09','Check',4,NULL,NULL,NULL,0,0),(46,204,2,'2009-04-13','2009-04-13','2010-04-13','Payment',1,NULL,NULL,NULL,0,0),(47,182,1,'2009-04-12','2009-04-12','2011-04-12','Check',1,NULL,NULL,NULL,0,0),(48,431,2,'2009-04-11','2009-04-11','2010-04-11','Payment',1,NULL,NULL,NULL,0,0),(49,180,1,'2009-04-10','2009-04-10','2011-04-10','Donation',1,NULL,NULL,NULL,0,0),(50,28,2,'2006-05-01','2006-05-01','2008-04-30','Check',4,NULL,NULL,NULL,0,0),(51,313,1,'2009-04-08','2009-04-08','2011-04-08','Check',1,NULL,NULL,NULL,0,0),(52,306,2,'2009-04-07','2009-04-07','2010-04-07','Payment',1,NULL,NULL,NULL,0,0),(53,430,1,'2009-04-06','2009-04-06','2011-04-06','Check',1,NULL,NULL,NULL,0,0),(54,440,2,'2009-04-05','2009-04-05','2010-04-05','Donation',1,NULL,NULL,NULL,0,0),(55,402,3,'2009-04-04','2009-04-04',NULL,'Payment',1,NULL,NULL,NULL,0,0),(56,369,2,'2009-04-03','2009-04-03','2010-04-03','Check',1,NULL,NULL,NULL,0,0),(57,353,1,'2009-04-02','2009-04-02','2011-04-02','Donation',1,NULL,NULL,NULL,0,0),(58,501,2,'2009-04-01','2009-04-01','2010-04-01','Payment',1,NULL,NULL,NULL,0,0),(59,415,1,'2009-03-31','2009-03-31','2011-03-31','Payment',1,NULL,NULL,NULL,0,0),(60,144,2,'2008-03-30','2008-03-30','2009-03-29','Check',3,NULL,NULL,NULL,0,0),(61,296,1,'2009-03-29','2009-03-29','2011-03-29','Donation',1,NULL,NULL,NULL,0,0),(62,457,2,'2009-03-28','2009-03-28','2010-03-28','Donation',1,NULL,NULL,NULL,0,0),(63,336,1,'2009-03-27','2009-03-27','2011-03-27','Check',1,NULL,NULL,NULL,0,0),(64,413,2,'2009-03-26','2009-03-26','2010-03-26','Donation',1,NULL,NULL,NULL,0,0),(65,450,1,'2006-01-01','2006-01-01','2007-12-31','Donation',4,NULL,NULL,NULL,0,0),(66,356,3,'2009-03-24','2009-03-24',NULL,'Donation',1,NULL,NULL,NULL,0,0),(67,496,1,'2009-03-23','2009-03-23','2011-03-23','Check',1,NULL,NULL,NULL,0,0),(68,159,2,'2009-03-22','2009-03-22','2010-03-22','Payment',1,NULL,NULL,NULL,0,0),(69,118,1,'2009-03-21','2009-03-21','2011-03-21','Payment',1,NULL,NULL,NULL,0,0),(70,284,1,'2005-11-22','2005-11-22','2007-11-21','Donation',4,NULL,NULL,NULL,0,0),(71,414,1,'2009-03-19','2009-03-19','2011-03-19','Donation',1,NULL,NULL,NULL,0,0),(72,59,2,'2009-03-18','2009-03-18','2010-03-18','Donation',1,NULL,NULL,NULL,0,0),(73,36,1,'2009-03-17','2009-03-17','2011-03-17','Check',1,NULL,NULL,NULL,0,0),(74,257,2,'2009-03-16','2009-03-16','2010-03-16','Donation',1,NULL,NULL,NULL,0,0),(75,362,1,'2008-03-15','2008-03-15','2009-03-14','Payment',3,NULL,NULL,NULL,0,0),(76,2,2,'2009-03-14','2009-03-14','2010-03-14','Check',1,NULL,NULL,NULL,0,0),(77,52,3,'2009-03-13','2009-03-13',NULL,'Check',1,NULL,NULL,NULL,0,0),(78,370,2,'2009-03-12','2009-03-12','2010-03-12','Payment',1,NULL,NULL,NULL,0,0),(79,378,1,'2009-03-11','2009-03-11','2011-03-11','Check',1,NULL,NULL,NULL,0,0),(80,390,2,'2005-09-03','2005-09-03','2007-09-02','Check',4,NULL,NULL,NULL,0,0),(81,5,1,'2009-03-09','2009-03-09','2011-03-09','Payment',1,NULL,NULL,NULL,0,0),(82,96,2,'2009-03-08','2009-03-08','2010-03-08','Payment',1,NULL,NULL,NULL,0,0),(83,350,1,'2009-03-07','2009-03-07','2011-03-07','Donation',1,NULL,NULL,NULL,0,0),(84,323,2,'2009-03-06','2009-03-06','2010-03-06','Donation',1,NULL,NULL,NULL,0,0),(85,345,1,'2005-07-25','2005-07-25','2007-07-24','Check',4,NULL,NULL,NULL,0,0),(86,374,2,'2009-03-04','2009-03-04','2010-03-04','Check',1,NULL,NULL,NULL,0,0),(87,379,1,'2009-03-03','2009-03-03','2011-03-03','Check',1,NULL,NULL,NULL,0,0),(88,4,3,'2009-03-02','2009-03-02',NULL,'Check',1,NULL,NULL,NULL,0,0),(89,418,1,'2009-03-01','2009-03-01','2011-03-01','Payment',1,NULL,NULL,NULL,0,0),(90,427,1,'2008-02-29','2008-02-29','2009-02-28','Donation',3,NULL,NULL,NULL,0,0),(91,446,1,'2009-02-27','2009-02-27','2011-02-27','Donation',1,NULL,NULL,NULL,0,0),(92,338,2,'2009-02-26','2009-02-26','2010-02-26','Check',1,NULL,NULL,NULL,0,0),(93,135,1,'2009-02-25','2009-02-25','2011-02-25','Donation',1,NULL,NULL,NULL,0,0),(94,386,2,'2009-02-24','2009-02-24','2010-02-24','Check',1,NULL,NULL,NULL,0,0),(95,167,1,'2005-05-06','2005-05-06','2007-05-05','Check',4,NULL,NULL,NULL,0,0),(96,244,2,'2009-02-22','2009-02-22','2010-02-22','Payment',1,NULL,NULL,NULL,0,0),(97,17,1,'2009-02-21','2009-02-21','2011-02-21','Check',1,NULL,NULL,NULL,0,0),(98,285,2,'2009-02-20','2009-02-20','2010-02-20','Donation',1,NULL,NULL,NULL,0,0),(99,216,3,'2009-02-19','2009-02-19',NULL,'Check',1,NULL,NULL,NULL,0,0),(100,254,2,'2005-03-27','2005-03-27','2007-03-26','Check',4,NULL,NULL,NULL,0,0),(101,455,1,'2009-02-17','2009-02-17','2011-02-17','Payment',1,NULL,NULL,NULL,0,0),(102,347,2,'2009-02-16','2009-02-16','2010-02-16','Check',1,NULL,NULL,NULL,0,0),(103,73,1,'2009-02-15','2009-02-15','2011-02-15','Donation',1,NULL,NULL,NULL,0,0),(104,435,2,'2009-02-14','2009-02-14','2010-02-14','Payment',1,NULL,NULL,NULL,0,0),(105,316,2,'2008-02-14','2008-02-14','2009-02-13','Donation',3,NULL,NULL,NULL,0,0),(106,117,2,'2009-02-12','2009-02-12','2010-02-12','Donation',1,NULL,NULL,NULL,0,0),(107,240,1,'2009-02-11','2009-02-11','2011-02-11','Donation',1,NULL,NULL,NULL,0,0),(108,499,2,'2009-02-10','2009-02-10','2010-02-10','Payment',1,NULL,NULL,NULL,0,0),(109,252,1,'2009-02-09','2009-02-09','2011-02-09','Donation',1,NULL,NULL,NULL,0,0),(110,20,3,'2009-02-08','2009-02-08',NULL,'Payment',1,NULL,NULL,NULL,0,0),(111,153,1,'2009-02-07','2009-02-07','2011-02-07','Donation',1,NULL,NULL,NULL,0,0),(112,137,2,'2009-02-06','2009-02-06','2010-02-06','Donation',1,NULL,NULL,NULL,0,0),(113,84,1,'2009-02-05','2009-02-05','2011-02-05','Donation',1,NULL,NULL,NULL,0,0),(114,74,2,'2009-02-04','2009-02-04','2010-02-04','Check',1,NULL,NULL,NULL,0,0),(115,376,1,'2008-02-04','2008-02-04','2009-02-03','Check',3,NULL,NULL,NULL,0,0),(116,317,2,'2009-02-02','2009-02-02','2010-02-02','Donation',1,NULL,NULL,NULL,0,0),(117,476,1,'2009-02-01','2009-02-01','2011-02-01','Payment',1,NULL,NULL,NULL,0,0),(118,279,2,'2009-01-31','2009-01-31','2010-01-31','Donation',1,NULL,NULL,NULL,0,0),(119,466,1,'2009-01-30','2009-01-30','2011-01-30','Payment',1,NULL,NULL,NULL,0,0),(120,429,1,'2004-10-18','2004-10-18','2006-10-17','Payment',4,NULL,NULL,NULL,0,0),(121,255,3,'2009-01-28','2009-01-28',NULL,'Donation',1,NULL,NULL,NULL,0,0),(122,143,2,'2009-01-27','2009-01-27','2010-01-27','Donation',1,NULL,NULL,NULL,0,0),(123,330,1,'2009-01-26','2009-01-26','2011-01-26','Payment',1,NULL,NULL,NULL,0,0),(124,127,2,'2009-01-25','2009-01-25','2010-01-25','Payment',1,NULL,NULL,NULL,0,0),(125,186,1,'2008-01-25','2008-01-25','2009-01-24','Payment',3,NULL,NULL,NULL,0,0),(126,396,2,'2009-01-23','2009-01-23','2010-01-23','Payment',1,NULL,NULL,NULL,0,0),(127,461,1,'2009-01-22','2009-01-22','2011-01-22','Donation',1,NULL,NULL,NULL,0,0),(128,449,2,'2009-01-21','2009-01-21','2010-01-21','Check',1,NULL,NULL,NULL,0,0),(129,235,1,'2009-01-20','2009-01-20','2011-01-20','Check',1,NULL,NULL,NULL,0,0),(130,291,2,'2008-01-20','2008-01-20','2009-01-19','Donation',3,NULL,NULL,NULL,0,0),(131,412,1,'2009-01-18','2009-01-18','2011-01-18','Check',1,NULL,NULL,NULL,0,0),(132,484,3,'2009-01-17','2009-01-17',NULL,'Payment',1,NULL,NULL,NULL,0,0),(133,452,1,'2009-01-16','2009-01-16','2011-01-16','Donation',1,NULL,NULL,NULL,0,0),(134,324,2,'2009-01-15','2009-01-15','2010-01-15','Check',1,NULL,NULL,NULL,0,0),(135,321,2,'2004-06-20','2004-06-20','2006-06-19','Donation',4,NULL,NULL,NULL,0,0),(136,128,2,'2009-01-13','2009-01-13','2010-01-13','Check',1,NULL,NULL,NULL,0,0),(137,443,1,'2009-01-12','2009-01-12','2011-01-12','Payment',1,NULL,NULL,NULL,0,0),(138,470,2,'2009-01-11','2009-01-11','2010-01-11','Check',1,NULL,NULL,NULL,0,0),(139,109,1,'2009-01-10','2009-01-10','2011-01-10','Donation',1,NULL,NULL,NULL,0,0),(140,217,2,'2008-01-10','2008-01-10','2009-01-09','Donation',3,NULL,NULL,NULL,0,0),(141,232,1,'2009-01-08','2009-01-08','2011-01-08','Check',1,NULL,NULL,NULL,0,0),(142,275,2,'2009-01-07','2009-01-07','2010-01-07','Donation',1,NULL,NULL,NULL,0,0),(143,375,3,'2009-01-06','2009-01-06',NULL,'Donation',1,NULL,NULL,NULL,0,0),(144,47,2,'2009-01-05','2009-01-05','2010-01-05','Payment',1,NULL,NULL,NULL,0,0),(145,14,1,'2004-04-01','2004-04-01','2006-03-31','Donation',4,NULL,NULL,NULL,0,0),(146,259,2,'2009-01-03','2009-01-03','2010-01-03','Check',1,NULL,NULL,NULL,0,0),(147,479,1,'2009-01-02','2009-01-02','2011-01-02','Check',1,NULL,NULL,NULL,0,0),(148,343,2,'2009-01-01','2009-01-01','2010-01-01','Payment',1,NULL,NULL,NULL,0,0),(149,292,1,'2008-12-31','2008-12-31','2010-12-31','Payment',1,NULL,NULL,NULL,0,0),(150,79,1,'2004-02-21','2004-02-21','2006-02-20','Payment',4,NULL,NULL,NULL,0,0),(151,178,1,'2008-12-29','2008-12-29','2010-12-29','Donation',1,NULL,NULL,NULL,0,0),(152,154,2,'2008-12-28','2008-12-28','2009-12-28','Payment',1,NULL,NULL,NULL,0,0),(153,15,1,'2008-12-27','2008-12-27','2010-12-27','Payment',1,NULL,NULL,NULL,0,0),(154,341,3,'2008-12-26','2008-12-26',NULL,'Check',1,NULL,NULL,NULL,0,0),(155,420,1,'2007-12-26','2007-12-26','2008-12-25','Check',3,NULL,NULL,NULL,0,0),(156,442,2,'2008-12-24','2008-12-24','2009-12-24','Payment',1,NULL,NULL,NULL,0,0),(157,406,1,'2008-12-23','2008-12-23','2010-12-23','Donation',1,NULL,NULL,NULL,0,0),(158,411,2,'2008-12-22','2008-12-22','2009-12-22','Payment',1,NULL,NULL,NULL,0,0),(159,236,1,'2008-12-21','2008-12-21','2010-12-21','Payment',1,NULL,NULL,NULL,0,0),(160,480,1,'2007-12-21','2007-12-21','2008-12-20','Check',3,NULL,NULL,NULL,0,0),(161,174,1,'2008-12-19','2008-12-19','2010-12-19','Check',1,NULL,NULL,NULL,0,0),(162,295,2,'2008-12-18','2008-12-18','2009-12-18','Payment',1,NULL,NULL,NULL,0,0),(163,384,1,'2008-12-17','2008-12-17','2010-12-17','Donation',1,NULL,NULL,NULL,0,0),(164,119,2,'2008-12-16','2008-12-16','2009-12-16','Donation',1,NULL,NULL,NULL,0,0),(165,441,3,'2008-12-15','2008-12-15',NULL,'Payment',1,NULL,NULL,NULL,0,0),(166,305,2,'2008-12-14','2008-12-14','2009-12-14','Check',1,NULL,NULL,NULL,0,0),(167,363,1,'2008-12-13','2008-12-13','2010-12-13','Check',1,NULL,NULL,NULL,0,0),(168,357,2,'2008-12-12','2008-12-12','2009-12-12','Payment',1,NULL,NULL,NULL,0,0),(169,365,1,'2008-12-11','2008-12-11','2010-12-11','Donation',1,NULL,NULL,NULL,0,0),(170,344,1,'2007-12-11','2007-12-11','2008-12-10','Donation',3,NULL,NULL,NULL,0,0),(171,189,1,'2008-12-09','2008-12-09','2010-12-09','Check',1,NULL,NULL,NULL,0,0),(172,389,2,'2008-12-08','2008-12-08','2009-12-08','Donation',1,NULL,NULL,NULL,0,0),(173,333,1,'2008-12-07','2008-12-07','2010-12-07','Donation',1,NULL,NULL,NULL,0,0),(174,359,2,'2008-12-06','2008-12-06','2009-12-06','Check',1,NULL,NULL,NULL,0,0),(175,45,1,'2003-08-05','2003-08-05','2005-08-04','Donation',4,NULL,NULL,NULL,0,0),(176,60,3,'2008-12-04','2008-12-04',NULL,'Payment',1,NULL,NULL,NULL,0,0),(177,206,1,'2008-12-03','2008-12-03','2010-12-03','Payment',1,NULL,NULL,NULL,0,0),(178,381,2,'2008-12-02','2008-12-02','2009-12-02','Check',1,NULL,NULL,NULL,0,0),(179,460,1,'2008-12-01','2008-12-01','2010-12-01','Donation',1,NULL,NULL,NULL,0,0),(180,193,2,'2007-12-01','2007-12-01','2008-11-30','Check',3,NULL,NULL,NULL,0,0),(181,78,1,'2008-11-29','2008-11-29','2010-11-29','Donation',1,NULL,NULL,NULL,0,0),(182,65,2,'2008-11-28','2008-11-28','2009-11-28','Payment',1,NULL,NULL,NULL,0,0),(183,276,1,'2008-11-27','2008-11-27','2010-11-27','Payment',1,NULL,NULL,NULL,0,0),(184,364,2,'2008-11-26','2008-11-26','2009-11-26','Donation',1,NULL,NULL,NULL,0,0),(185,239,2,'2007-11-26','2007-11-26','2008-11-25','Check',3,NULL,NULL,NULL,0,0),(186,439,2,'2008-11-24','2008-11-24','2009-11-24','Payment',1,NULL,NULL,NULL,0,0),(187,72,3,'2008-11-23','2008-11-23',NULL,'Payment',1,NULL,NULL,NULL,0,0),(188,348,2,'2008-11-22','2008-11-22','2009-11-22','Payment',1,NULL,NULL,NULL,0,0),(189,145,1,'2008-11-21','2008-11-21','2010-11-21','Check',1,NULL,NULL,NULL,0,0),(190,407,2,'2007-11-21','2007-11-21','2008-11-20','Payment',3,NULL,NULL,NULL,0,0),(191,485,1,'2008-11-19','2008-11-19','2010-11-19','Payment',1,NULL,NULL,NULL,0,0),(192,63,2,'2008-11-18','2008-11-18','2009-11-18','Donation',1,NULL,NULL,NULL,0,0),(193,86,1,'2008-11-17','2008-11-17','2010-11-17','Payment',1,NULL,NULL,NULL,0,0),(194,268,2,'2008-11-16','2008-11-16','2009-11-16','Donation',1,NULL,NULL,NULL,0,0),(195,111,1,'2003-02-26','2003-02-26','2005-02-25','Payment',4,NULL,NULL,NULL,0,0),(196,8,2,'2008-11-14','2008-11-14','2009-11-14','Check',1,NULL,NULL,NULL,0,0),(197,29,1,'2008-11-13','2008-11-13','2010-11-13','Donation',1,NULL,NULL,NULL,0,0),(198,368,3,'2008-11-12','2008-11-12',NULL,'Check',1,NULL,NULL,NULL,0,0),(199,383,1,'2008-11-11','2008-11-11','2010-11-11','Donation',1,NULL,NULL,NULL,0,0),(200,307,1,'2003-01-17','2003-01-17','2005-01-16','Donation',4,NULL,NULL,NULL,0,0),(201,163,1,'2008-11-09','2008-11-09','2010-11-09','Donation',1,NULL,NULL,NULL,0,0),(202,158,2,'2008-11-08','2008-11-08','2009-11-08','Check',1,NULL,NULL,NULL,0,0),(203,436,1,'2008-11-07','2008-11-07','2010-11-07','Payment',1,NULL,NULL,NULL,0,0),(204,462,2,'2008-11-06','2008-11-06','2009-11-06','Check',1,NULL,NULL,NULL,0,0),(205,112,2,'2007-11-06','2007-11-06','2008-11-05','Donation',3,NULL,NULL,NULL,0,0),(206,463,2,'2008-11-04','2008-11-04','2009-11-04','Donation',1,NULL,NULL,NULL,0,0),(207,400,1,'2008-11-03','2008-11-03','2010-11-03','Payment',1,NULL,NULL,NULL,0,0),(208,459,2,'2008-11-02','2008-11-02','2009-11-02','Payment',1,NULL,NULL,NULL,0,0),(209,326,3,'2008-11-01','2008-11-01',NULL,'Check',1,NULL,NULL,NULL,0,0),(210,208,1,'2002-10-29','2002-10-29','2004-10-28','Donation',4,NULL,NULL,NULL,0,0),(211,140,1,'2008-10-30','2008-10-30','2010-10-30','Donation',1,NULL,NULL,NULL,0,0),(212,192,2,'2008-10-29','2008-10-29','2009-10-29','Payment',1,NULL,NULL,NULL,0,0),(213,108,1,'2008-10-28','2008-10-28','2010-10-28','Donation',1,NULL,NULL,NULL,0,0),(214,355,2,'2008-10-27','2008-10-27','2009-10-27','Check',1,NULL,NULL,NULL,0,0),(215,116,2,'2007-10-27','2007-10-27','2008-10-26','Donation',3,NULL,NULL,NULL,0,0),(216,16,2,'2008-10-25','2008-10-25','2009-10-25','Check',1,NULL,NULL,NULL,0,0),(217,168,1,'2008-10-24','2008-10-24','2010-10-24','Donation',1,NULL,NULL,NULL,0,0),(218,428,2,'2008-10-23','2008-10-23','2009-10-23','Check',1,NULL,NULL,NULL,0,0),(219,134,1,'2008-10-22','2008-10-22','2010-10-22','Donation',1,NULL,NULL,NULL,0,0),(220,312,3,'2008-10-21','2008-10-21',NULL,'Donation',1,NULL,NULL,NULL,0,0),(221,93,1,'2008-10-20','2008-10-20','2010-10-20','Payment',1,NULL,NULL,NULL,0,0),(222,129,2,'2008-10-19','2008-10-19','2009-10-19','Payment',1,NULL,NULL,NULL,0,0),(223,261,1,'2008-10-18','2008-10-18','2010-10-18','Payment',1,NULL,NULL,NULL,0,0),(224,91,2,'2008-10-17','2008-10-17','2009-10-17','Donation',1,NULL,NULL,NULL,0,0),(225,475,2,'2007-10-17','2007-10-17','2008-10-16','Payment',3,NULL,NULL,NULL,0,0),(226,98,2,'2008-10-15','2008-10-15','2009-10-15','Donation',1,NULL,NULL,NULL,0,0),(227,337,1,'2008-10-14','2008-10-14','2010-10-14','Payment',1,NULL,NULL,NULL,0,0),(228,327,2,'2008-10-13','2008-10-13','2009-10-13','Payment',1,NULL,NULL,NULL,0,0),(229,358,1,'2008-10-12','2008-10-12','2010-10-12','Donation',1,NULL,NULL,NULL,0,0),(230,482,1,'2007-10-12','2007-10-12','2008-10-11','Donation',3,NULL,NULL,NULL,0,0),(231,248,3,'2008-10-10','2008-10-10',NULL,'Payment',1,NULL,NULL,NULL,0,0),(232,492,2,'2008-10-09','2008-10-09','2009-10-09','Check',1,NULL,NULL,NULL,0,0),(233,56,1,'2008-10-08','2008-10-08','2010-10-08','Payment',1,NULL,NULL,NULL,0,0),(234,210,2,'2008-10-07','2008-10-07','2009-10-07','Payment',1,NULL,NULL,NULL,0,0),(235,469,1,'2002-04-12','2002-04-12','2004-04-11','Check',4,NULL,NULL,NULL,0,0),(236,107,2,'2008-10-05','2008-10-05','2009-10-05','Payment',1,NULL,NULL,NULL,0,0),(237,53,1,'2008-10-04','2008-10-04','2010-10-04','Donation',1,NULL,NULL,NULL,0,0),(238,183,2,'2008-10-03','2008-10-03','2009-10-03','Check',1,NULL,NULL,NULL,0,0),(239,194,1,'2008-10-02','2008-10-02','2010-10-02','Check',1,NULL,NULL,NULL,0,0),(240,243,1,'2007-10-02','2007-10-02','2008-10-01','Donation',3,NULL,NULL,NULL,0,0),(241,123,1,'2008-09-30','2008-09-30','2010-09-30','Payment',1,NULL,NULL,NULL,0,0),(242,110,3,'2008-09-29','2008-09-29',NULL,'Check',1,NULL,NULL,NULL,0,0),(243,90,1,'2008-09-28','2008-09-28','2010-09-28','Payment',1,NULL,NULL,NULL,0,0),(244,104,2,'2008-09-27','2008-09-27','2009-09-27','Check',1,NULL,NULL,NULL,0,0),(245,207,2,'2007-09-27','2007-09-27','2008-09-26','Payment',3,NULL,NULL,NULL,0,0),(246,425,2,'2008-09-25','2008-09-25','2009-09-25','Donation',1,NULL,NULL,NULL,0,0),(247,209,1,'2008-09-24','2008-09-24','2010-09-24','Check',1,NULL,NULL,NULL,0,0),(248,81,2,'2008-09-23','2008-09-23','2009-09-23','Payment',1,NULL,NULL,NULL,0,0),(249,124,1,'2008-09-22','2008-09-22','2010-09-22','Donation',1,NULL,NULL,NULL,0,0),(250,10,1,'2001-12-13','2001-12-13','2003-12-12','Check',4,NULL,NULL,NULL,0,0),(251,495,1,'2008-09-20','2008-09-20','2010-09-20','Donation',1,NULL,NULL,NULL,0,0),(252,477,2,'2008-09-19','2008-09-19','2009-09-19','Donation',1,NULL,NULL,NULL,0,0),(253,185,3,'2008-09-18','2008-09-18',NULL,'Donation',1,NULL,NULL,NULL,0,0),(254,187,2,'2008-09-17','2008-09-17','2009-09-17','Check',1,NULL,NULL,NULL,0,0),(255,226,1,'2001-11-03','2001-11-03','2003-11-02','Donation',4,NULL,NULL,NULL,0,0),(256,395,2,'2008-09-15','2008-09-15','2009-09-15','Payment',1,NULL,NULL,NULL,0,0),(257,283,1,'2008-09-14','2008-09-14','2010-09-14','Donation',1,NULL,NULL,NULL,0,0),(258,419,2,'2008-09-13','2008-09-13','2009-09-13','Payment',1,NULL,NULL,NULL,0,0),(259,147,1,'2008-09-12','2008-09-12','2010-09-12','Payment',1,NULL,NULL,NULL,0,0),(260,404,2,'2001-09-24','2001-09-24','2003-09-23','Check',4,NULL,NULL,NULL,0,0),(261,234,1,'2008-09-10','2008-09-10','2010-09-10','Check',1,NULL,NULL,NULL,0,0),(262,38,2,'2008-09-09','2008-09-09','2009-09-09','Check',1,NULL,NULL,NULL,0,0),(263,165,1,'2008-09-08','2008-09-08','2010-09-08','Donation',1,NULL,NULL,NULL,0,0),(264,314,3,'2008-09-07','2008-09-07',NULL,'Check',1,NULL,NULL,NULL,0,0),(265,453,2,'2001-08-15','2001-08-15','2003-08-14','Check',4,NULL,NULL,NULL,0,0),(266,138,2,'2008-09-05','2008-09-05','2009-09-05','Payment',1,NULL,NULL,NULL,0,0),(267,272,1,'2008-09-04','2008-09-04','2010-09-04','Payment',1,NULL,NULL,NULL,0,0),(268,173,2,'2008-09-03','2008-09-03','2009-09-03','Donation',1,NULL,NULL,NULL,0,0),(269,70,1,'2008-09-02','2008-09-02','2010-09-02','Payment',1,NULL,NULL,NULL,0,0),(270,101,1,'2007-09-02','2007-09-02','2008-09-01','Payment',3,NULL,NULL,NULL,0,0),(271,478,1,'2008-08-31','2008-08-31','2010-08-31','Donation',1,NULL,NULL,NULL,0,0),(272,27,2,'2008-08-30','2008-08-30','2009-08-30','Payment',1,NULL,NULL,NULL,0,0),(273,269,1,'2008-08-29','2008-08-29','2010-08-29','Payment',1,NULL,NULL,NULL,0,0),(274,205,2,'2008-08-28','2008-08-28','2009-08-28','Check',1,NULL,NULL,NULL,0,0),(275,262,3,'2008-08-27','2008-08-27',NULL,'Check',1,NULL,NULL,NULL,0,0),(276,141,2,'2008-08-26','2008-08-26','2009-08-26','Payment',1,NULL,NULL,NULL,0,0),(277,410,1,'2008-08-25','2008-08-25','2010-08-25','Check',1,NULL,NULL,NULL,0,0),(278,228,2,'2008-08-24','2008-08-24','2009-08-24','Check',1,NULL,NULL,NULL,0,0),(279,472,1,'2008-08-23','2008-08-23','2010-08-23','Check',1,NULL,NULL,NULL,0,0),(280,132,1,'2007-08-23','2007-08-23','2008-08-22','Check',3,NULL,NULL,NULL,0,0),(281,199,1,'2008-08-21','2008-08-21','2010-08-21','Donation',1,NULL,NULL,NULL,0,0),(282,366,2,'2008-08-20','2008-08-20','2009-08-20','Donation',1,NULL,NULL,NULL,0,0),(283,152,1,'2008-08-19','2008-08-19','2010-08-19','Payment',1,NULL,NULL,NULL,0,0),(284,315,2,'2008-08-18','2008-08-18','2009-08-18','Payment',1,NULL,NULL,NULL,0,0),(285,287,2,'2001-03-08','2001-03-08','2003-03-07','Check',4,NULL,NULL,NULL,0,0),(286,308,3,'2008-08-16','2008-08-16',NULL,'Check',1,NULL,NULL,NULL,0,0),(287,121,1,'2008-08-15','2008-08-15','2010-08-15','Payment',1,NULL,NULL,NULL,0,0),(288,265,2,'2008-08-14','2008-08-14','2009-08-14','Donation',1,NULL,NULL,NULL,0,0),(289,89,1,'2008-08-13','2008-08-13','2010-08-13','Donation',1,NULL,NULL,NULL,0,0),(290,126,2,'2001-01-27','2001-01-27','2003-01-26','Payment',4,NULL,NULL,NULL,0,0),(291,277,1,'2008-08-11','2008-08-11','2010-08-11','Check',1,NULL,NULL,NULL,0,0),(292,310,2,'2008-08-10','2008-08-10','2009-08-10','Payment',1,NULL,NULL,NULL,0,0),(293,258,1,'2008-08-09','2008-08-09','2010-08-09','Check',1,NULL,NULL,NULL,0,0),(294,30,2,'2008-08-08','2008-08-08','2009-08-08','Payment',1,NULL,NULL,NULL,0,0),(295,51,1,'2000-12-18','2000-12-18','2002-12-17','Donation',4,NULL,NULL,NULL,0,0),(296,9,2,'2008-08-06','2008-08-06','2009-08-06','Payment',1,NULL,NULL,NULL,0,0),(297,75,3,'2008-08-05','2008-08-05',NULL,'Payment',1,NULL,NULL,NULL,0,0),(298,196,2,'2008-08-04','2008-08-04','2009-08-04','Donation',1,NULL,NULL,NULL,0,0),(299,6,1,'2008-08-03','2008-08-03','2010-08-03','Check',1,NULL,NULL,NULL,0,0),(300,49,1,'2007-08-03','2007-08-03','2008-08-02','Check',3,NULL,NULL,NULL,0,0),(301,237,1,'2008-08-01','2008-08-01','2010-08-01','Check',1,NULL,NULL,NULL,0,0),(302,373,2,'2008-07-31','2008-07-31','2009-07-31','Donation',1,NULL,NULL,NULL,0,0),(303,456,1,'2008-07-30','2008-07-30','2010-07-30','Donation',1,NULL,NULL,NULL,0,0),(304,139,2,'2008-07-29','2008-07-29','2009-07-29','Donation',1,NULL,NULL,NULL,0,0),(305,458,2,'2007-07-29','2007-07-29','2008-07-28','Check',3,NULL,NULL,NULL,0,0),(306,43,2,'2008-07-27','2008-07-27','2009-07-27','Payment',1,NULL,NULL,NULL,0,0),(307,267,1,'2008-07-26','2008-07-26','2010-07-26','Donation',1,NULL,NULL,NULL,0,0),(308,11,3,'2008-07-25','2008-07-25',NULL,'Payment',1,NULL,NULL,NULL,0,0),(309,423,1,'2008-07-24','2008-07-24','2010-07-24','Check',1,NULL,NULL,NULL,0,0),(310,445,2,'2007-07-24','2007-07-24','2008-07-23','Payment',3,NULL,NULL,NULL,0,0),(311,399,1,'2008-07-22','2008-07-22','2010-07-22','Payment',1,NULL,NULL,NULL,0,0),(312,483,2,'2008-07-21','2008-07-21','2009-07-21','Check',1,NULL,NULL,NULL,0,0),(313,97,1,'2008-07-20','2008-07-20','2010-07-20','Donation',1,NULL,NULL,NULL,0,0),(314,266,2,'2008-07-19','2008-07-19','2009-07-19','Donation',1,NULL,NULL,NULL,0,0),(315,497,1,'2007-07-19','2007-07-19','2008-07-18','Payment',3,NULL,NULL,NULL,0,0),(316,489,2,'2008-07-17','2008-07-17','2009-07-17','Payment',1,NULL,NULL,NULL,0,0),(317,253,1,'2008-07-16','2008-07-16','2010-07-16','Donation',1,NULL,NULL,NULL,0,0),(318,424,2,'2008-07-15','2008-07-15','2009-07-15','Payment',1,NULL,NULL,NULL,0,0),(319,417,3,'2008-07-14','2008-07-14',NULL,'Payment',1,NULL,NULL,NULL,0,0),(320,200,2,'2000-06-01','2000-06-01','2002-05-31','Check',4,NULL,NULL,NULL,0,0),(321,303,1,'2008-07-12','2008-07-12','2010-07-12','Check',1,NULL,NULL,NULL,0,0),(322,274,2,'2008-07-11','2008-07-11','2009-07-11','Donation',1,NULL,NULL,NULL,0,0),(323,286,1,'2008-07-10','2008-07-10','2010-07-10','Payment',1,NULL,NULL,NULL,0,0),(324,270,2,'2008-07-09','2008-07-09','2009-07-09','Check',1,NULL,NULL,NULL,0,0),(325,388,1,'2000-04-22','2000-04-22','2002-04-21','Donation',4,NULL,NULL,NULL,0,0),(326,293,2,'2008-07-07','2008-07-07','2009-07-07','Check',1,NULL,NULL,NULL,0,0),(327,7,1,'2008-07-06','2008-07-06','2010-07-06','Donation',1,NULL,NULL,NULL,0,0),(328,31,2,'2008-07-05','2008-07-05','2009-07-05','Check',1,NULL,NULL,NULL,0,0),(329,405,1,'2008-07-04','2008-07-04','2010-07-04','Donation',1,NULL,NULL,NULL,0,0),(330,44,3,'2008-07-03','2008-07-03',NULL,'Donation',1,NULL,NULL,NULL,0,0),(331,334,1,'2008-07-02','2008-07-02','2010-07-02','Donation',1,NULL,NULL,NULL,0,0),(332,106,2,'2008-07-01','2008-07-01','2009-07-01','Check',1,NULL,NULL,NULL,0,0),(333,339,1,'2008-06-30','2008-06-30','2010-06-30','Donation',1,NULL,NULL,NULL,0,0),(334,131,2,'2008-06-29','2008-06-29','2009-06-29','Payment',1,NULL,NULL,NULL,0,0),(335,329,1,'2000-02-02','2000-02-02','2002-02-01','Check',4,NULL,NULL,NULL,0,0),(336,64,2,'2008-06-27','2008-06-27','2009-06-27','Donation',1,NULL,NULL,NULL,0,0),(337,12,1,'2008-06-26','2008-06-26','2010-06-26','Payment',1,NULL,NULL,NULL,0,0),(338,377,2,'2008-06-25','2008-06-25','2009-06-25','Check',1,NULL,NULL,NULL,0,0),(339,35,1,'2008-06-24','2008-06-24','2010-06-24','Donation',1,NULL,NULL,NULL,0,0),(340,179,2,'1999-12-24','1999-12-24','2001-12-23','Payment',4,NULL,NULL,NULL,0,0),(341,271,3,'2008-06-22','2008-06-22',NULL,'Donation',1,NULL,NULL,NULL,0,0),(342,164,2,'2008-06-21','2008-06-21','2009-06-21','Donation',1,NULL,NULL,NULL,0,0),(343,95,1,'2008-06-20','2008-06-20','2010-06-20','Payment',1,NULL,NULL,NULL,0,0),(344,71,2,'2008-06-19','2008-06-19','2009-06-19','Donation',1,NULL,NULL,NULL,0,0),(345,19,1,'2007-06-19','2007-06-19','2008-06-18','Payment',3,NULL,NULL,NULL,0,0),(346,249,2,'2008-06-17','2008-06-17','2009-06-17','Payment',1,NULL,NULL,NULL,0,0),(347,50,1,'2008-06-16','2008-06-16','2010-06-16','Payment',1,NULL,NULL,NULL,0,0),(348,55,2,'2008-06-15','2008-06-15','2009-06-15','Payment',1,NULL,NULL,NULL,0,0),(349,151,1,'2008-06-14','2008-06-14','2010-06-14','Payment',1,NULL,NULL,NULL,0,0),(350,175,1,'1999-10-05','1999-10-05','2001-10-04','Payment',4,NULL,NULL,NULL,0,0);
/*!40000 ALTER TABLE `civicrm_membership` ENABLE KEYS */;
UNLOCK TABLES;

--
-- Dumping data for table `civicrm_membership_block`
--

LOCK TABLES `civicrm_membership_block` WRITE;
/*!40000 ALTER TABLE `civicrm_membership_block` DISABLE KEYS */;
INSERT INTO `civicrm_membership_block` (`id`, `entity_table`, `entity_id`, `membership_types`, `membership_type_default`, `display_min_fee`, `is_separate_payment`, `new_title`, `new_text`, `renewal_title`, `renewal_text`, `is_required`, `is_active`) VALUES (1,'civicrm_contribution_page',2,'1,2',1,1,NULL,'Membership Levels and Fees','Please select the appropriate membership level below. You will have a chance to review your selection and the corresponding dues on the next page prior to your credit card being charged.','Renew or Upgrade Your Membership','Information on your current membership level and expiration date is shown below. You may renew or upgrade at any time - but don\'t let your membership lapse!',1,1);
/*!40000 ALTER TABLE `civicrm_membership_block` ENABLE KEYS */;
UNLOCK TABLES;

--
-- Dumping data for table `civicrm_membership_log`
--

LOCK TABLES `civicrm_membership_log` WRITE;
/*!40000 ALTER TABLE `civicrm_membership_log` DISABLE KEYS */;
INSERT INTO `civicrm_membership_log` (`id`, `membership_id`, `status_id`, `start_date`, `end_date`, `modified_id`, `modified_date`, `renewal_reminder_date`) VALUES (1,1,1,'2009-05-28','2011-05-28',57,'2009-05-28',NULL),(2,2,1,'2009-05-27','2010-05-27',349,'2009-05-28',NULL),(3,3,1,'2009-05-26','2011-05-26',281,'2009-05-28',NULL),(4,4,1,'2009-05-25','2010-05-25',297,'2009-05-28',NULL),(5,5,4,'2007-04-26','2009-04-25',299,'2009-05-28',NULL),(6,6,1,'2009-05-23','2010-05-23',42,'2009-05-28',NULL),(7,7,1,'2009-05-22','2011-05-22',214,'2009-05-28',NULL),(8,8,1,'2009-05-21','2010-05-21',447,'2009-05-28',NULL),(9,9,1,'2009-05-20','2011-05-20',481,'2009-05-28',NULL),(10,10,3,'2008-05-19','2009-05-18',215,'2009-05-28',NULL),(11,11,1,'2009-05-18',NULL,280,'2009-05-28',NULL),(12,12,1,'2009-05-17','2010-05-17',263,'2009-05-28',NULL),(13,13,1,'2009-05-16','2011-05-16',245,'2009-05-28',NULL),(14,14,1,'2009-05-15','2010-05-15',34,'2009-05-28',NULL),(15,15,4,'2007-02-05','2009-02-04',372,'2009-05-28',NULL),(16,16,1,'2009-05-13','2010-05-13',328,'2009-05-28',NULL),(17,17,1,'2009-05-12','2011-05-12',421,'2009-05-28',NULL),(18,18,1,'2009-05-11','2010-05-11',451,'2009-05-28',NULL),(19,19,1,'2009-05-10','2011-05-10',201,'2009-05-28',NULL),(20,20,3,'2008-05-09','2009-05-08',25,'2009-05-28',NULL),(21,21,1,'2009-05-08','2011-05-08',465,'2009-05-28',NULL),(22,22,1,'2009-05-07',NULL,403,'2009-05-28',NULL),(23,23,1,'2009-05-06','2011-05-06',222,'2009-05-28',NULL),(24,24,1,'2009-05-05','2010-05-05',256,'2009-05-28',NULL),(25,25,4,'2006-11-17','2008-11-16',69,'2009-05-28',NULL),(26,26,1,'2009-05-03','2010-05-03',246,'2009-05-28',NULL),(27,27,1,'2009-05-02','2011-05-02',213,'2009-05-28',NULL),(28,28,1,'2009-05-01','2010-05-01',202,'2009-05-28',NULL),(29,29,1,'2009-04-30','2011-04-30',340,'2009-05-28',NULL),(30,30,3,'2008-04-29','2009-04-28',40,'2009-05-28',NULL),(31,31,1,'2009-04-28','2011-04-28',198,'2009-05-28',NULL),(32,32,1,'2009-04-27','2010-04-27',422,'2009-05-28',NULL),(33,33,1,'2009-04-26',NULL,115,'2009-05-28',NULL),(34,34,1,'2009-04-25','2010-04-25',176,'2009-05-28',NULL),(35,35,3,'2008-04-24','2009-04-23',61,'2009-05-28',NULL),(36,36,1,'2009-04-23','2010-04-23',319,'2009-05-28',NULL),(37,37,1,'2009-04-22','2011-04-22',190,'2009-05-28',NULL),(38,38,1,'2009-04-21','2010-04-21',157,'2009-05-28',NULL),(39,39,1,'2009-04-20','2011-04-20',113,'2009-05-28',NULL),(40,40,3,'2008-04-19','2009-04-18',251,'2009-05-28',NULL),(41,41,1,'2009-04-18','2011-04-18',394,'2009-05-28',NULL),(42,42,1,'2009-04-17','2010-04-17',290,'2009-05-28',NULL),(43,43,1,'2009-04-16','2011-04-16',397,'2009-05-28',NULL),(44,44,1,'2009-04-15',NULL,87,'2009-05-28',NULL),(45,45,4,'2006-06-10','2008-06-09',133,'2009-05-28',NULL),(46,46,1,'2009-04-13','2010-04-13',204,'2009-05-28',NULL),(47,47,1,'2009-04-12','2011-04-12',182,'2009-05-28',NULL),(48,48,1,'2009-04-11','2010-04-11',431,'2009-05-28',NULL),(49,49,1,'2009-04-10','2011-04-10',180,'2009-05-28',NULL),(50,50,4,'2006-05-01','2008-04-30',28,'2009-05-28',NULL),(51,51,1,'2009-04-08','2011-04-08',313,'2009-05-28',NULL),(52,52,1,'2009-04-07','2010-04-07',306,'2009-05-28',NULL),(53,53,1,'2009-04-06','2011-04-06',430,'2009-05-28',NULL),(54,54,1,'2009-04-05','2010-04-05',440,'2009-05-28',NULL),(55,55,1,'2009-04-04',NULL,402,'2009-05-28',NULL),(56,56,1,'2009-04-03','2010-04-03',369,'2009-05-28',NULL),(57,57,1,'2009-04-02','2011-04-02',353,'2009-05-28',NULL),(58,58,1,'2009-04-01','2010-04-01',501,'2009-05-28',NULL),(59,59,1,'2009-03-31','2011-03-31',415,'2009-05-28',NULL),(60,60,3,'2008-03-30','2009-03-29',144,'2009-05-28',NULL),(61,61,1,'2009-03-29','2011-03-29',296,'2009-05-28',NULL),(62,62,1,'2009-03-28','2010-03-28',457,'2009-05-28',NULL),(63,63,1,'2009-03-27','2011-03-27',336,'2009-05-28',NULL),(64,64,1,'2009-03-26','2010-03-26',413,'2009-05-28',NULL),(65,65,4,'2006-01-01','2007-12-31',450,'2009-05-28',NULL),(66,66,1,'2009-03-24',NULL,356,'2009-05-28',NULL),(67,67,1,'2009-03-23','2011-03-23',496,'2009-05-28',NULL),(68,68,1,'2009-03-22','2010-03-22',159,'2009-05-28',NULL),(69,69,1,'2009-03-21','2011-03-21',118,'2009-05-28',NULL),(70,70,4,'2005-11-22','2007-11-21',284,'2009-05-28',NULL),(71,71,1,'2009-03-19','2011-03-19',414,'2009-05-28',NULL),(72,72,1,'2009-03-18','2010-03-18',59,'2009-05-28',NULL),(73,73,1,'2009-03-17','2011-03-17',36,'2009-05-28',NULL),(74,74,1,'2009-03-16','2010-03-16',257,'2009-05-28',NULL),(75,75,3,'2008-03-15','2009-03-14',362,'2009-05-28',NULL),(76,76,1,'2009-03-14','2010-03-14',2,'2009-05-28',NULL),(77,77,1,'2009-03-13',NULL,52,'2009-05-28',NULL),(78,78,1,'2009-03-12','2010-03-12',370,'2009-05-28',NULL),(79,79,1,'2009-03-11','2011-03-11',378,'2009-05-28',NULL),(80,80,4,'2005-09-03','2007-09-02',390,'2009-05-28',NULL),(81,81,1,'2009-03-09','2011-03-09',5,'2009-05-28',NULL),(82,82,1,'2009-03-08','2010-03-08',96,'2009-05-28',NULL),(83,83,1,'2009-03-07','2011-03-07',350,'2009-05-28',NULL),(84,84,1,'2009-03-06','2010-03-06',323,'2009-05-28',NULL),(85,85,4,'2005-07-25','2007-07-24',345,'2009-05-28',NULL),(86,86,1,'2009-03-04','2010-03-04',374,'2009-05-28',NULL),(87,87,1,'2009-03-03','2011-03-03',379,'2009-05-28',NULL),(88,88,1,'2009-03-02',NULL,4,'2009-05-28',NULL),(89,89,1,'2009-03-01','2011-03-01',418,'2009-05-28',NULL),(90,90,3,'2008-02-29','2009-02-28',427,'2009-05-28',NULL),(91,91,1,'2009-02-27','2011-02-27',446,'2009-05-28',NULL),(92,92,1,'2009-02-26','2010-02-26',338,'2009-05-28',NULL),(93,93,1,'2009-02-25','2011-02-25',135,'2009-05-28',NULL),(94,94,1,'2009-02-24','2010-02-24',386,'2009-05-28',NULL),(95,95,4,'2005-05-06','2007-05-05',167,'2009-05-28',NULL),(96,96,1,'2009-02-22','2010-02-22',244,'2009-05-28',NULL),(97,97,1,'2009-02-21','2011-02-21',17,'2009-05-28',NULL),(98,98,1,'2009-02-20','2010-02-20',285,'2009-05-28',NULL),(99,99,1,'2009-02-19',NULL,216,'2009-05-28',NULL),(100,100,4,'2005-03-27','2007-03-26',254,'2009-05-28',NULL),(101,101,1,'2009-02-17','2011-02-17',455,'2009-05-28',NULL),(102,102,1,'2009-02-16','2010-02-16',347,'2009-05-28',NULL),(103,103,1,'2009-02-15','2011-02-15',73,'2009-05-28',NULL),(104,104,1,'2009-02-14','2010-02-14',435,'2009-05-28',NULL),(105,105,3,'2008-02-14','2009-02-13',316,'2009-05-28',NULL),(106,106,1,'2009-02-12','2010-02-12',117,'2009-05-28',NULL),(107,107,1,'2009-02-11','2011-02-11',240,'2009-05-28',NULL),(108,108,1,'2009-02-10','2010-02-10',499,'2009-05-28',NULL),(109,109,1,'2009-02-09','2011-02-09',252,'2009-05-28',NULL),(110,110,1,'2009-02-08',NULL,20,'2009-05-28',NULL),(111,111,1,'2009-02-07','2011-02-07',153,'2009-05-28',NULL),(112,112,1,'2009-02-06','2010-02-06',137,'2009-05-28',NULL),(113,113,1,'2009-02-05','2011-02-05',84,'2009-05-28',NULL),(114,114,1,'2009-02-04','2010-02-04',74,'2009-05-28',NULL),(115,115,3,'2008-02-04','2009-02-03',376,'2009-05-28',NULL),(116,116,1,'2009-02-02','2010-02-02',317,'2009-05-28',NULL),(117,117,1,'2009-02-01','2011-02-01',476,'2009-05-28',NULL),(118,118,1,'2009-01-31','2010-01-31',279,'2009-05-28',NULL),(119,119,1,'2009-01-30','2011-01-30',466,'2009-05-28',NULL),(120,120,4,'2004-10-18','2006-10-17',429,'2009-05-28',NULL),(121,121,1,'2009-01-28',NULL,255,'2009-05-28',NULL),(122,122,1,'2009-01-27','2010-01-27',143,'2009-05-28',NULL),(123,123,1,'2009-01-26','2011-01-26',330,'2009-05-28',NULL),(124,124,1,'2009-01-25','2010-01-25',127,'2009-05-28',NULL),(125,125,3,'2008-01-25','2009-01-24',186,'2009-05-28',NULL),(126,126,1,'2009-01-23','2010-01-23',396,'2009-05-28',NULL),(127,127,1,'2009-01-22','2011-01-22',461,'2009-05-28',NULL),(128,128,1,'2009-01-21','2010-01-21',449,'2009-05-28',NULL),(129,129,1,'2009-01-20','2011-01-20',235,'2009-05-28',NULL),(130,130,3,'2008-01-20','2009-01-19',291,'2009-05-28',NULL),(131,131,1,'2009-01-18','2011-01-18',412,'2009-05-28',NULL),(132,132,1,'2009-01-17',NULL,484,'2009-05-28',NULL),(133,133,1,'2009-01-16','2011-01-16',452,'2009-05-28',NULL),(134,134,1,'2009-01-15','2010-01-15',324,'2009-05-28',NULL),(135,135,4,'2004-06-20','2006-06-19',321,'2009-05-28',NULL),(136,136,1,'2009-01-13','2010-01-13',128,'2009-05-28',NULL),(137,137,1,'2009-01-12','2011-01-12',443,'2009-05-28',NULL),(138,138,1,'2009-01-11','2010-01-11',470,'2009-05-28',NULL),(139,139,1,'2009-01-10','2011-01-10',109,'2009-05-28',NULL),(140,140,3,'2008-01-10','2009-01-09',217,'2009-05-28',NULL),(141,141,1,'2009-01-08','2011-01-08',232,'2009-05-28',NULL),(142,142,1,'2009-01-07','2010-01-07',275,'2009-05-28',NULL),(143,143,1,'2009-01-06',NULL,375,'2009-05-28',NULL),(144,144,1,'2009-01-05','2010-01-05',47,'2009-05-28',NULL),(145,145,4,'2004-04-01','2006-03-31',14,'2009-05-28',NULL),(146,146,1,'2009-01-03','2010-01-03',259,'2009-05-28',NULL),(147,147,1,'2009-01-02','2011-01-02',479,'2009-05-28',NULL),(148,148,1,'2009-01-01','2010-01-01',343,'2009-05-28',NULL),(149,149,1,'2008-12-31','2010-12-31',292,'2009-05-28',NULL),(150,150,4,'2004-02-21','2006-02-20',79,'2009-05-28',NULL),(151,151,1,'2008-12-29','2010-12-29',178,'2009-05-28',NULL),(152,152,1,'2008-12-28','2009-12-28',154,'2009-05-28',NULL),(153,153,1,'2008-12-27','2010-12-27',15,'2009-05-28',NULL),(154,154,1,'2008-12-26',NULL,341,'2009-05-28',NULL),(155,155,3,'2007-12-26','2008-12-25',420,'2009-05-28',NULL),(156,156,1,'2008-12-24','2009-12-24',442,'2009-05-28',NULL),(157,157,1,'2008-12-23','2010-12-23',406,'2009-05-28',NULL),(158,158,1,'2008-12-22','2009-12-22',411,'2009-05-28',NULL),(159,159,1,'2008-12-21','2010-12-21',236,'2009-05-28',NULL),(160,160,3,'2007-12-21','2008-12-20',480,'2009-05-28',NULL),(161,161,1,'2008-12-19','2010-12-19',174,'2009-05-28',NULL),(162,162,1,'2008-12-18','2009-12-18',295,'2009-05-28',NULL),(163,163,1,'2008-12-17','2010-12-17',384,'2009-05-28',NULL),(164,164,1,'2008-12-16','2009-12-16',119,'2009-05-28',NULL),(165,165,1,'2008-12-15',NULL,441,'2009-05-28',NULL),(166,166,1,'2008-12-14','2009-12-14',305,'2009-05-28',NULL),(167,167,1,'2008-12-13','2010-12-13',363,'2009-05-28',NULL),(168,168,1,'2008-12-12','2009-12-12',357,'2009-05-28',NULL),(169,169,1,'2008-12-11','2010-12-11',365,'2009-05-28',NULL),(170,170,3,'2007-12-11','2008-12-10',344,'2009-05-28',NULL),(171,171,1,'2008-12-09','2010-12-09',189,'2009-05-28',NULL),(172,172,1,'2008-12-08','2009-12-08',389,'2009-05-28',NULL),(173,173,1,'2008-12-07','2010-12-07',333,'2009-05-28',NULL),(174,174,1,'2008-12-06','2009-12-06',359,'2009-05-28',NULL),(175,175,4,'2003-08-05','2005-08-04',45,'2009-05-28',NULL),(176,176,1,'2008-12-04',NULL,60,'2009-05-28',NULL),(177,177,1,'2008-12-03','2010-12-03',206,'2009-05-28',NULL),(178,178,1,'2008-12-02','2009-12-02',381,'2009-05-28',NULL),(179,179,1,'2008-12-01','2010-12-01',460,'2009-05-28',NULL),(180,180,3,'2007-12-01','2008-11-30',193,'2009-05-28',NULL),(181,181,1,'2008-11-29','2010-11-29',78,'2009-05-28',NULL),(182,182,1,'2008-11-28','2009-11-28',65,'2009-05-28',NULL),(183,183,1,'2008-11-27','2010-11-27',276,'2009-05-28',NULL),(184,184,1,'2008-11-26','2009-11-26',364,'2009-05-28',NULL),(185,185,3,'2007-11-26','2008-11-25',239,'2009-05-28',NULL),(186,186,1,'2008-11-24','2009-11-24',439,'2009-05-28',NULL),(187,187,1,'2008-11-23',NULL,72,'2009-05-28',NULL),(188,188,1,'2008-11-22','2009-11-22',348,'2009-05-28',NULL),(189,189,1,'2008-11-21','2010-11-21',145,'2009-05-28',NULL),(190,190,3,'2007-11-21','2008-11-20',407,'2009-05-28',NULL),(191,191,1,'2008-11-19','2010-11-19',485,'2009-05-28',NULL),(192,192,1,'2008-11-18','2009-11-18',63,'2009-05-28',NULL),(193,193,1,'2008-11-17','2010-11-17',86,'2009-05-28',NULL),(194,194,1,'2008-11-16','2009-11-16',268,'2009-05-28',NULL),(195,195,4,'2003-02-26','2005-02-25',111,'2009-05-28',NULL),(196,196,1,'2008-11-14','2009-11-14',8,'2009-05-28',NULL),(197,197,1,'2008-11-13','2010-11-13',29,'2009-05-28',NULL),(198,198,1,'2008-11-12',NULL,368,'2009-05-28',NULL),(199,199,1,'2008-11-11','2010-11-11',383,'2009-05-28',NULL),(200,200,4,'2003-01-17','2005-01-16',307,'2009-05-28',NULL),(201,201,1,'2008-11-09','2010-11-09',163,'2009-05-28',NULL),(202,202,1,'2008-11-08','2009-11-08',158,'2009-05-28',NULL),(203,203,1,'2008-11-07','2010-11-07',436,'2009-05-28',NULL),(204,204,1,'2008-11-06','2009-11-06',462,'2009-05-28',NULL),(205,205,3,'2007-11-06','2008-11-05',112,'2009-05-28',NULL),(206,206,1,'2008-11-04','2009-11-04',463,'2009-05-28',NULL),(207,207,1,'2008-11-03','2010-11-03',400,'2009-05-28',NULL),(208,208,1,'2008-11-02','2009-11-02',459,'2009-05-28',NULL),(209,209,1,'2008-11-01',NULL,326,'2009-05-28',NULL),(210,210,4,'2002-10-29','2004-10-28',208,'2009-05-28',NULL),(211,211,1,'2008-10-30','2010-10-30',140,'2009-05-28',NULL),(212,212,1,'2008-10-29','2009-10-29',192,'2009-05-28',NULL),(213,213,1,'2008-10-28','2010-10-28',108,'2009-05-28',NULL),(214,214,1,'2008-10-27','2009-10-27',355,'2009-05-28',NULL),(215,215,3,'2007-10-27','2008-10-26',116,'2009-05-28',NULL),(216,216,1,'2008-10-25','2009-10-25',16,'2009-05-28',NULL),(217,217,1,'2008-10-24','2010-10-24',168,'2009-05-28',NULL),(218,218,1,'2008-10-23','2009-10-23',428,'2009-05-28',NULL),(219,219,1,'2008-10-22','2010-10-22',134,'2009-05-28',NULL),(220,220,1,'2008-10-21',NULL,312,'2009-05-28',NULL),(221,221,1,'2008-10-20','2010-10-20',93,'2009-05-28',NULL),(222,222,1,'2008-10-19','2009-10-19',129,'2009-05-28',NULL),(223,223,1,'2008-10-18','2010-10-18',261,'2009-05-28',NULL),(224,224,1,'2008-10-17','2009-10-17',91,'2009-05-28',NULL),(225,225,3,'2007-10-17','2008-10-16',475,'2009-05-28',NULL),(226,226,1,'2008-10-15','2009-10-15',98,'2009-05-28',NULL),(227,227,1,'2008-10-14','2010-10-14',337,'2009-05-28',NULL),(228,228,1,'2008-10-13','2009-10-13',327,'2009-05-28',NULL),(229,229,1,'2008-10-12','2010-10-12',358,'2009-05-28',NULL),(230,230,3,'2007-10-12','2008-10-11',482,'2009-05-28',NULL),(231,231,1,'2008-10-10',NULL,248,'2009-05-28',NULL),(232,232,1,'2008-10-09','2009-10-09',492,'2009-05-28',NULL),(233,233,1,'2008-10-08','2010-10-08',56,'2009-05-28',NULL),(234,234,1,'2008-10-07','2009-10-07',210,'2009-05-28',NULL),(235,235,4,'2002-04-12','2004-04-11',469,'2009-05-28',NULL),(236,236,1,'2008-10-05','2009-10-05',107,'2009-05-28',NULL),(237,237,1,'2008-10-04','2010-10-04',53,'2009-05-28',NULL),(238,238,1,'2008-10-03','2009-10-03',183,'2009-05-28',NULL),(239,239,1,'2008-10-02','2010-10-02',194,'2009-05-28',NULL),(240,240,3,'2007-10-02','2008-10-01',243,'2009-05-28',NULL),(241,241,1,'2008-09-30','2010-09-30',123,'2009-05-28',NULL),(242,242,1,'2008-09-29',NULL,110,'2009-05-28',NULL),(243,243,1,'2008-09-28','2010-09-28',90,'2009-05-28',NULL),(244,244,1,'2008-09-27','2009-09-27',104,'2009-05-28',NULL),(245,245,3,'2007-09-27','2008-09-26',207,'2009-05-28',NULL),(246,246,1,'2008-09-25','2009-09-25',425,'2009-05-28',NULL),(247,247,1,'2008-09-24','2010-09-24',209,'2009-05-28',NULL),(248,248,1,'2008-09-23','2009-09-23',81,'2009-05-28',NULL),(249,249,1,'2008-09-22','2010-09-22',124,'2009-05-28',NULL),(250,250,4,'2001-12-13','2003-12-12',10,'2009-05-28',NULL),(251,251,1,'2008-09-20','2010-09-20',495,'2009-05-28',NULL),(252,252,1,'2008-09-19','2009-09-19',477,'2009-05-28',NULL),(253,253,1,'2008-09-18',NULL,185,'2009-05-28',NULL),(254,254,1,'2008-09-17','2009-09-17',187,'2009-05-28',NULL),(255,255,4,'2001-11-03','2003-11-02',226,'2009-05-28',NULL),(256,256,1,'2008-09-15','2009-09-15',395,'2009-05-28',NULL),(257,257,1,'2008-09-14','2010-09-14',283,'2009-05-28',NULL),(258,258,1,'2008-09-13','2009-09-13',419,'2009-05-28',NULL),(259,259,1,'2008-09-12','2010-09-12',147,'2009-05-28',NULL),(260,260,4,'2001-09-24','2003-09-23',404,'2009-05-28',NULL),(261,261,1,'2008-09-10','2010-09-10',234,'2009-05-28',NULL),(262,262,1,'2008-09-09','2009-09-09',38,'2009-05-28',NULL),(263,263,1,'2008-09-08','2010-09-08',165,'2009-05-28',NULL),(264,264,1,'2008-09-07',NULL,314,'2009-05-28',NULL),(265,265,4,'2001-08-15','2003-08-14',453,'2009-05-28',NULL),(266,266,1,'2008-09-05','2009-09-05',138,'2009-05-28',NULL),(267,267,1,'2008-09-04','2010-09-04',272,'2009-05-28',NULL),(268,268,1,'2008-09-03','2009-09-03',173,'2009-05-28',NULL),(269,269,1,'2008-09-02','2010-09-02',70,'2009-05-28',NULL),(270,270,3,'2007-09-02','2008-09-01',101,'2009-05-28',NULL),(271,271,1,'2008-08-31','2010-08-31',478,'2009-05-28',NULL),(272,272,1,'2008-08-30','2009-08-30',27,'2009-05-28',NULL),(273,273,1,'2008-08-29','2010-08-29',269,'2009-05-28',NULL),(274,274,1,'2008-08-28','2009-08-28',205,'2009-05-28',NULL),(275,275,1,'2008-08-27',NULL,262,'2009-05-28',NULL),(276,276,1,'2008-08-26','2009-08-26',141,'2009-05-28',NULL),(277,277,1,'2008-08-25','2010-08-25',410,'2009-05-28',NULL),(278,278,1,'2008-08-24','2009-08-24',228,'2009-05-28',NULL),(279,279,1,'2008-08-23','2010-08-23',472,'2009-05-28',NULL),(280,280,3,'2007-08-23','2008-08-22',132,'2009-05-28',NULL),(281,281,1,'2008-08-21','2010-08-21',199,'2009-05-28',NULL),(282,282,1,'2008-08-20','2009-08-20',366,'2009-05-28',NULL),(283,283,1,'2008-08-19','2010-08-19',152,'2009-05-28',NULL),(284,284,1,'2008-08-18','2009-08-18',315,'2009-05-28',NULL),(285,285,4,'2001-03-08','2003-03-07',287,'2009-05-28',NULL),(286,286,1,'2008-08-16',NULL,308,'2009-05-28',NULL),(287,287,1,'2008-08-15','2010-08-15',121,'2009-05-28',NULL),(288,288,1,'2008-08-14','2009-08-14',265,'2009-05-28',NULL),(289,289,1,'2008-08-13','2010-08-13',89,'2009-05-28',NULL),(290,290,4,'2001-01-27','2003-01-26',126,'2009-05-28',NULL),(291,291,1,'2008-08-11','2010-08-11',277,'2009-05-28',NULL),(292,292,1,'2008-08-10','2009-08-10',310,'2009-05-28',NULL),(293,293,1,'2008-08-09','2010-08-09',258,'2009-05-28',NULL),(294,294,1,'2008-08-08','2009-08-08',30,'2009-05-28',NULL),(295,295,4,'2000-12-18','2002-12-17',51,'2009-05-28',NULL),(296,296,1,'2008-08-06','2009-08-06',9,'2009-05-28',NULL),(297,297,1,'2008-08-05',NULL,75,'2009-05-28',NULL),(298,298,1,'2008-08-04','2009-08-04',196,'2009-05-28',NULL),(299,299,1,'2008-08-03','2010-08-03',6,'2009-05-28',NULL),(300,300,3,'2007-08-03','2008-08-02',49,'2009-05-28',NULL),(301,301,1,'2008-08-01','2010-08-01',237,'2009-05-28',NULL),(302,302,1,'2008-07-31','2009-07-31',373,'2009-05-28',NULL),(303,303,1,'2008-07-30','2010-07-30',456,'2009-05-28',NULL),(304,304,1,'2008-07-29','2009-07-29',139,'2009-05-28',NULL),(305,305,3,'2007-07-29','2008-07-28',458,'2009-05-28',NULL),(306,306,1,'2008-07-27','2009-07-27',43,'2009-05-28',NULL),(307,307,1,'2008-07-26','2010-07-26',267,'2009-05-28',NULL),(308,308,1,'2008-07-25',NULL,11,'2009-05-28',NULL),(309,309,1,'2008-07-24','2010-07-24',423,'2009-05-28',NULL),(310,310,3,'2007-07-24','2008-07-23',445,'2009-05-28',NULL),(311,311,1,'2008-07-22','2010-07-22',399,'2009-05-28',NULL),(312,312,1,'2008-07-21','2009-07-21',483,'2009-05-28',NULL),(313,313,1,'2008-07-20','2010-07-20',97,'2009-05-28',NULL),(314,314,1,'2008-07-19','2009-07-19',266,'2009-05-28',NULL),(315,315,3,'2007-07-19','2008-07-18',497,'2009-05-28',NULL),(316,316,1,'2008-07-17','2009-07-17',489,'2009-05-28',NULL),(317,317,1,'2008-07-16','2010-07-16',253,'2009-05-28',NULL),(318,318,1,'2008-07-15','2009-07-15',424,'2009-05-28',NULL),(319,319,1,'2008-07-14',NULL,417,'2009-05-28',NULL),(320,320,4,'2000-06-01','2002-05-31',200,'2009-05-28',NULL),(321,321,1,'2008-07-12','2010-07-12',303,'2009-05-28',NULL),(322,322,1,'2008-07-11','2009-07-11',274,'2009-05-28',NULL),(323,323,1,'2008-07-10','2010-07-10',286,'2009-05-28',NULL),(324,324,1,'2008-07-09','2009-07-09',270,'2009-05-28',NULL),(325,325,4,'2000-04-22','2002-04-21',388,'2009-05-28',NULL),(326,326,1,'2008-07-07','2009-07-07',293,'2009-05-28',NULL),(327,327,1,'2008-07-06','2010-07-06',7,'2009-05-28',NULL),(328,328,1,'2008-07-05','2009-07-05',31,'2009-05-28',NULL),(329,329,1,'2008-07-04','2010-07-04',405,'2009-05-28',NULL),(330,330,1,'2008-07-03',NULL,44,'2009-05-28',NULL),(331,331,1,'2008-07-02','2010-07-02',334,'2009-05-28',NULL),(332,332,1,'2008-07-01','2009-07-01',106,'2009-05-28',NULL),(333,333,1,'2008-06-30','2010-06-30',339,'2009-05-28',NULL),(334,334,1,'2008-06-29','2009-06-29',131,'2009-05-28',NULL),(335,335,4,'2000-02-02','2002-02-01',329,'2009-05-28',NULL),(336,336,1,'2008-06-27','2009-06-27',64,'2009-05-28',NULL),(337,337,1,'2008-06-26','2010-06-26',12,'2009-05-28',NULL),(338,338,1,'2008-06-25','2009-06-25',377,'2009-05-28',NULL),(339,339,1,'2008-06-24','2010-06-24',35,'2009-05-28',NULL),(340,340,4,'1999-12-24','2001-12-23',179,'2009-05-28',NULL),(341,341,1,'2008-06-22',NULL,271,'2009-05-28',NULL),(342,342,1,'2008-06-21','2009-06-21',164,'2009-05-28',NULL),(343,343,1,'2008-06-20','2010-06-20',95,'2009-05-28',NULL),(344,344,1,'2008-06-19','2009-06-19',71,'2009-05-28',NULL),(345,345,3,'2007-06-19','2008-06-18',19,'2009-05-28',NULL),(346,346,1,'2008-06-17','2009-06-17',249,'2009-05-28',NULL),(347,347,1,'2008-06-16','2010-06-16',50,'2009-05-28',NULL),(348,348,1,'2008-06-15','2009-06-15',55,'2009-05-28',NULL),(349,349,1,'2008-06-14','2010-06-14',151,'2009-05-28',NULL),(350,350,4,'1999-10-05','2001-10-04',175,'2009-05-28',NULL);
/*!40000 ALTER TABLE `civicrm_membership_log` ENABLE KEYS */;
UNLOCK TABLES;

--
-- Dumping data for table `civicrm_membership_payment`
--

LOCK TABLES `civicrm_membership_payment` WRITE;
/*!40000 ALTER TABLE `civicrm_membership_payment` DISABLE KEYS */;
/*!40000 ALTER TABLE `civicrm_membership_payment` ENABLE KEYS */;
UNLOCK TABLES;

--
-- Dumping data for table `civicrm_membership_status`
--

LOCK TABLES `civicrm_membership_status` WRITE;
/*!40000 ALTER TABLE `civicrm_membership_status` DISABLE KEYS */;
INSERT INTO `civicrm_membership_status` (`id`, `name`, `start_event`, `start_event_adjust_unit`, `start_event_adjust_interval`, `end_event`, `end_event_adjust_unit`, `end_event_adjust_interval`, `is_current_member`, `is_admin`, `weight`, `is_default`, `is_active`, `is_reserved`) VALUES (1,'New','join_date',NULL,NULL,'join_date','month',3,1,0,1,0,1,0),(2,'Current','start_date',NULL,NULL,'end_date',NULL,NULL,1,0,2,1,1,0),(3,'Grace','end_date',NULL,NULL,'end_date','month',1,1,0,3,0,1,0),(4,'Expired','end_date','month',1,NULL,NULL,NULL,0,0,4,0,1,0),(5,'Pending','join_date',NULL,NULL,'join_date',NULL,NULL,0,0,5,0,1,1),(6,'Cancelled','join_date',NULL,NULL,'join_date',NULL,NULL,0,0,6,0,1,0),(7,'Deceased',NULL,NULL,NULL,NULL,NULL,NULL,0,1,7,0,1,1);
/*!40000 ALTER TABLE `civicrm_membership_status` ENABLE KEYS */;
UNLOCK TABLES;

--
-- Dumping data for table `civicrm_membership_type`
--

LOCK TABLES `civicrm_membership_type` WRITE;
/*!40000 ALTER TABLE `civicrm_membership_type` DISABLE KEYS */;
INSERT INTO `civicrm_membership_type` (`id`, `name`, `description`, `member_of_contact_id`, `contribution_type_id`, `minimum_fee`, `duration_unit`, `duration_interval`, `period_type`, `fixed_period_start_day`, `fixed_period_rollover_day`, `relationship_type_id`, `relationship_direction`, `visibility`, `weight`, `renewal_msg_id`, `renewal_reminder_day`, `receipt_text_signup`, `receipt_text_renewal`, `is_active`) VALUES (1,'General','Regular annual membership.',1,2,'100.00','year',2,'rolling',NULL,NULL,7,'b_a','Public',1,NULL,NULL,NULL,NULL,1),(2,'Student','Discount membership for full-time students.',1,1,'50.00','year',1,'rolling',NULL,NULL,NULL,NULL,'Public',2,NULL,NULL,NULL,NULL,1),(3,'Lifetime','Lifetime membership.',1,2,'1200.00','lifetime',1,'rolling',NULL,NULL,7,'b_a','Admin',3,NULL,NULL,NULL,NULL,1);
/*!40000 ALTER TABLE `civicrm_membership_type` ENABLE KEYS */;
UNLOCK TABLES;

--
-- Dumping data for table `civicrm_menu`
--

LOCK TABLES `civicrm_menu` WRITE;
/*!40000 ALTER TABLE `civicrm_menu` DISABLE KEYS */;
/*!40000 ALTER TABLE `civicrm_menu` ENABLE KEYS */;
UNLOCK TABLES;

--
-- Dumping data for table `civicrm_msg_template`
--

LOCK TABLES `civicrm_msg_template` WRITE;
/*!40000 ALTER TABLE `civicrm_msg_template` DISABLE KEYS */;
/*!40000 ALTER TABLE `civicrm_msg_template` ENABLE KEYS */;
UNLOCK TABLES;

--
-- Dumping data for table `civicrm_note`
--

LOCK TABLES `civicrm_note` WRITE;
/*!40000 ALTER TABLE `civicrm_note` DISABLE KEYS */;
INSERT INTO `civicrm_note` (`id`, `entity_table`, `entity_id`, `note`, `contact_id`, `modified_date`, `subject`) VALUES (1,'civicrm_contact',317,'Arrange for cricket match with Sunil Gavaskar',1,'2009-04-24',NULL),(2,'civicrm_contact',87,'Connect for presentation',1,'2009-05-23',NULL),(3,'civicrm_contact',214,'Chart out route map for next 10k run',1,'2009-03-31',NULL),(4,'civicrm_contact',216,'Send newsletter for April 2005',1,'2008-10-30',NULL),(5,'civicrm_contact',323,'Reminder screening of \"Black\" on next Friday',1,'2008-09-04',NULL),(6,'civicrm_contact',112,'Send reminder for annual dinner',1,'2008-07-16',NULL),(7,'civicrm_contact',319,'Send newsletter for April 2005',1,'2009-02-27',NULL),(8,'civicrm_contact',481,'Reminder screening of \"Black\" on next Friday',1,'2008-08-20',NULL),(9,'civicrm_contact',215,'Arrange for cricket match with Sunil Gavaskar',1,'2009-03-10',NULL),(10,'civicrm_contact',384,'Contact the Commisioner of Charities',1,'2008-08-11',NULL),(11,'civicrm_contact',86,'Get the registration done for NGO status',1,'2009-02-09',NULL),(12,'civicrm_contact',226,'Contact the Commisioner of Charities',1,'2009-01-07',NULL),(13,'civicrm_contact',356,'Chart out route map for next 10k run',1,'2008-06-02',NULL),(14,'civicrm_contact',43,'Arrange collection of funds from members',1,'2009-05-15',NULL),(15,'civicrm_contact',334,'Arrange for cricket match with Sunil Gavaskar',1,'2008-11-14',NULL),(16,'civicrm_contact',70,'Reminder screening of \"Black\" on next Friday',1,'2009-05-28',NULL),(17,'civicrm_contact',405,'Invite members for the Steve Prefontaine 10k dream run',1,'2008-06-28',NULL),(18,'civicrm_contact',327,'Contact the Commisioner of Charities',1,'2008-12-07',NULL),(19,'civicrm_contact',267,'Send newsletter for April 2005',1,'2008-09-01',NULL),(20,'civicrm_contact',292,'Send reminder for annual dinner',1,'2008-11-24',NULL),(21,'civicrm_contact',413,'Chart out route map for next 10k run',1,'2008-10-25',NULL),(22,'civicrm_contact',321,'Invite members for the Steve Prefontaine 10k dream run',1,'2008-07-09',NULL),(23,'civicrm_contact',251,'Send reminder for annual dinner',1,'2009-01-06',NULL),(24,'civicrm_contact',466,'Connect for presentation',1,'2008-07-26',NULL),(25,'civicrm_contact',15,'Reminder screening of \"Black\" on next Friday',1,'2009-05-21',NULL),(26,'civicrm_contact',362,'Send newsletter for April 2005',1,'2008-12-06',NULL),(27,'civicrm_contact',290,'Arrange for cricket match with Sunil Gavaskar',1,'2009-02-21',NULL),(28,'civicrm_contact',430,'Chart out route map for next 10k run',1,'2008-06-07',NULL),(29,'civicrm_contact',381,'Contact the Commisioner of Charities',1,'2008-07-28',NULL),(30,'civicrm_contact',217,'Send reminder for annual dinner',1,'2008-08-13',NULL),(31,'civicrm_contact',154,'Arrange collection of funds from members',1,'2008-07-22',NULL),(32,'civicrm_contact',61,'Contact the Commisioner of Charities',1,'2008-10-29',NULL),(33,'civicrm_contact',42,'Organize the Terry Fox run',1,'2008-10-06',NULL),(34,'civicrm_contact',477,'Send newsletter for April 2005',1,'2009-03-14',NULL),(35,'civicrm_contact',147,'Send reminder for annual dinner',1,'2008-11-05',NULL),(36,'civicrm_contact',329,'Connect for presentation',1,'2009-04-01',NULL),(37,'civicrm_contact',109,'Connect for presentation',1,'2008-09-27',NULL),(38,'civicrm_contact',116,'Send reminder for annual dinner',1,'2008-06-16',NULL),(39,'civicrm_contact',229,'Arrange collection of funds from members',1,'2008-07-24',NULL),(40,'civicrm_contact',434,'Send reminder for annual dinner',1,'2008-08-26',NULL),(41,'civicrm_contact',261,'Send newsletter for April 2005',1,'2008-07-23',NULL),(42,'civicrm_contact',111,'Organize the Terry Fox run',1,'2009-01-01',NULL),(43,'civicrm_contact',344,'Send newsletter for April 2005',1,'2008-07-25',NULL),(44,'civicrm_contact',418,'Organize the Terry Fox run',1,'2009-05-08',NULL),(45,'civicrm_contact',404,'Reminder screening of \"Black\" on next Friday',1,'2009-04-27',NULL),(46,'civicrm_contact',115,'Send reminder for annual dinner',1,'2008-10-20',NULL),(47,'civicrm_contact',97,'Chart out route map for next 10k run',1,'2009-03-08',NULL),(48,'civicrm_contact',182,'Arrange for cricket match with Sunil Gavaskar',1,'2009-04-04',NULL),(49,'civicrm_contact',337,'Arrange for cricket match with Sunil Gavaskar',1,'2009-04-19',NULL),(50,'civicrm_contact',370,'Chart out route map for next 10k run',1,'2008-08-13',NULL),(51,'civicrm_contact',106,'Arrange collection of funds from members',1,'2008-11-04',NULL),(52,'civicrm_contact',165,'Invite members for the Steve Prefontaine 10k dream run',1,'2008-12-27',NULL),(53,'civicrm_contact',303,'Arrange for cricket match with Sunil Gavaskar',1,'2008-11-14',NULL),(54,'civicrm_contact',314,'Arrange collection of funds from members',1,'2008-12-10',NULL),(55,'civicrm_contact',5,'Get the registration done for NGO status',1,'2008-09-29',NULL),(56,'civicrm_contact',377,'Arrange collection of funds from members',1,'2009-03-23',NULL),(57,'civicrm_contact',497,'Organize the Terry Fox run',1,'2009-03-03',NULL),(58,'civicrm_contact',202,'Reminder screening of \"Black\" on next Friday',1,'2008-06-29',NULL),(59,'civicrm_contact',244,'Get the registration done for NGO status',1,'2008-06-26',NULL),(60,'civicrm_contact',428,'Arrange for cricket match with Sunil Gavaskar',1,'2009-05-17',NULL),(61,'civicrm_contact',9,'Chart out route map for next 10k run',1,'2008-09-23',NULL),(62,'civicrm_contact',108,'Send newsletter for April 2005',1,'2008-11-06',NULL),(63,'civicrm_contact',208,'Contact the Commisioner of Charities',1,'2008-12-03',NULL),(64,'civicrm_contact',110,'Chart out route map for next 10k run',1,'2009-05-17',NULL),(65,'civicrm_contact',355,'Organize the Terry Fox run',1,'2008-12-23',NULL),(66,'civicrm_contact',414,'Invite members for the Steve Prefontaine 10k dream run',1,'2008-10-19',NULL),(67,'civicrm_contact',51,'Reminder screening of \"Black\" on next Friday',1,'2009-01-31',NULL),(68,'civicrm_contact',140,'Chart out route map for next 10k run',1,'2009-02-20',NULL),(69,'civicrm_contact',476,'Send reminder for annual dinner',1,'2009-02-08',NULL),(70,'civicrm_contact',285,'Arrange collection of funds from members',1,'2009-05-04',NULL),(71,'civicrm_contact',167,'Send reminder for annual dinner',1,'2008-06-22',NULL),(72,'civicrm_contact',286,'Send newsletter for April 2005',1,'2009-05-25',NULL),(73,'civicrm_contact',10,'Arrange collection of funds from members',1,'2008-07-28',NULL),(74,'civicrm_contact',45,'Arrange collection of funds from members',1,'2008-11-03',NULL),(75,'civicrm_contact',391,'Chart out route map for next 10k run',1,'2009-01-15',NULL),(76,'civicrm_contact',143,'Send newsletter for April 2005',1,'2008-10-23',NULL),(77,'civicrm_contact',138,'Connect for presentation',1,'2008-08-16',NULL),(78,'civicrm_contact',135,'Chart out route map for next 10k run',1,'2009-04-13',NULL),(79,'civicrm_contact',441,'Organize the Terry Fox run',1,'2009-02-06',NULL),(80,'civicrm_contact',153,'Contact the Commisioner of Charities',1,'2008-08-20',NULL),(81,'civicrm_contact',95,'Invite members for the Steve Prefontaine 10k dream run',1,'2009-02-22',NULL),(82,'civicrm_contact',456,'Get the registration done for NGO status',1,'2008-08-23',NULL),(83,'civicrm_contact',152,'Arrange for cricket match with Sunil Gavaskar',1,'2008-09-24',NULL),(84,'civicrm_contact',28,'Send reminder for annual dinner',1,'2009-02-25',NULL),(85,'civicrm_contact',104,'Send newsletter for April 2005',1,'2008-10-09',NULL),(86,'civicrm_contact',185,'Chart out route map for next 10k run',1,'2008-12-28',NULL),(87,'civicrm_contact',338,'Invite members for the Steve Prefontaine 10k dream run',1,'2008-09-14',NULL),(88,'civicrm_contact',29,'Send newsletter for April 2005',1,'2008-07-21',NULL),(89,'civicrm_contact',274,'Arrange for cricket match with Sunil Gavaskar',1,'2008-06-13',NULL),(90,'civicrm_contact',237,'Send reminder for annual dinner',1,'2008-10-03',NULL),(91,'civicrm_contact',31,'Arrange collection of funds from members',1,'2009-05-07',NULL),(92,'civicrm_contact',295,'Reminder screening of \"Black\" on next Friday',1,'2009-03-21',NULL),(93,'civicrm_contact',213,'Invite members for the Steve Prefontaine 10k dream run',1,'2009-01-10',NULL),(94,'civicrm_contact',419,'Arrange for cricket match with Sunil Gavaskar',1,'2009-04-11',NULL),(95,'civicrm_contact',44,'Send reminder for annual dinner',1,'2008-07-10',NULL),(96,'civicrm_contact',268,'Send newsletter for April 2005',1,'2009-02-22',NULL),(97,'civicrm_contact',179,'Arrange for cricket match with Sunil Gavaskar',1,'2008-06-12',NULL),(98,'civicrm_contact',380,'Connect for presentation',1,'2008-10-17',NULL),(99,'civicrm_contact',435,'Reminder screening of \"Black\" on next Friday',1,'2009-03-18',NULL),(100,'civicrm_contact',461,'Arrange for cricket match with Sunil Gavaskar',1,'2008-11-13',NULL),(101,'civicrm_contact',483,'Connect for presentation',1,'2009-05-16',NULL),(102,'civicrm_contact',157,'Get the registration done for NGO status',1,'2009-03-21',NULL),(103,'civicrm_contact',73,'Connect for presentation',1,'2009-04-02',NULL),(104,'civicrm_contact',452,'Organize the Terry Fox run',1,'2008-06-05',NULL),(105,'civicrm_contact',287,'Invite members for the Steve Prefontaine 10k dream run',1,'2009-04-04',NULL),(106,'civicrm_contact',159,'Connect for presentation',1,'2008-10-03',NULL),(107,'civicrm_contact',96,'Reminder screening of \"Black\" on next Friday',1,'2009-02-02',NULL),(108,'civicrm_contact',53,'Send reminder for annual dinner',1,'2008-10-11',NULL),(109,'civicrm_contact',259,'Contact the Commisioner of Charities',1,'2009-03-02',NULL),(110,'civicrm_contact',373,'Arrange for cricket match with Sunil Gavaskar',1,'2009-04-02',NULL),(111,'civicrm_contact',130,'Arrange for cricket match with Sunil Gavaskar',1,'2008-11-24',NULL),(112,'civicrm_contact',296,'Invite members for the Steve Prefontaine 10k dream run',1,'2008-07-26',NULL),(113,'civicrm_contact',124,'Send reminder for annual dinner',1,'2009-04-20',NULL),(114,'civicrm_contact',263,'Arrange collection of funds from members',1,'2008-06-30',NULL),(115,'civicrm_contact',23,'Organize the Terry Fox run',1,'2008-06-27',NULL),(116,'civicrm_contact',501,'Connect for presentation',1,'2009-05-26',NULL),(117,'civicrm_contact',145,'Get the registration done for NGO status',1,'2008-05-30',NULL),(118,'civicrm_contact',81,'Arrange collection of funds from members',1,'2009-05-16',NULL),(119,'civicrm_contact',12,'Reminder screening of \"Black\" on next Friday',1,'2008-06-03',NULL),(120,'civicrm_contact',92,'Get the registration done for NGO status',1,'2008-11-28',NULL),(121,'civicrm_contact',307,'Chart out route map for next 10k run',1,'2009-04-11',NULL),(122,'civicrm_contact',459,'Chart out route map for next 10k run',1,'2008-08-10',NULL),(123,'civicrm_contact',496,'Chart out route map for next 10k run',1,'2009-02-24',NULL),(124,'civicrm_contact',333,'Arrange for cricket match with Sunil Gavaskar',1,'2009-03-03',NULL),(125,'civicrm_contact',84,'Organize the Terry Fox run',1,'2009-02-17',NULL),(126,'civicrm_contact',137,'Get the registration done for NGO status',1,'2009-03-28',NULL),(127,'civicrm_contact',36,'Connect for presentation',1,'2008-08-10',NULL),(128,'civicrm_contact',27,'Invite members for the Steve Prefontaine 10k dream run',1,'2008-12-14',NULL),(129,'civicrm_contact',17,'Invite members for the Steve Prefontaine 10k dream run',1,'2008-10-27',NULL),(130,'civicrm_contact',176,'Arrange for cricket match with Sunil Gavaskar',1,'2009-01-12',NULL),(131,'civicrm_contact',119,'Invite members for the Steve Prefontaine 10k dream run',1,'2009-01-06',NULL),(132,'civicrm_contact',199,'Organize the Terry Fox run',1,'2009-02-24',NULL),(133,'civicrm_contact',455,'Connect for presentation',1,'2008-10-20',NULL),(134,'civicrm_contact',38,'Arrange collection of funds from members',1,'2008-09-24',NULL),(135,'civicrm_contact',158,'Organize the Terry Fox run',1,'2009-02-03',NULL),(136,'civicrm_contact',478,'Chart out route map for next 10k run',1,'2009-04-30',NULL),(137,'civicrm_contact',421,'Contact the Commisioner of Charities',1,'2009-03-02',NULL),(138,'civicrm_contact',175,'Reminder screening of \"Black\" on next Friday',1,'2009-03-08',NULL),(139,'civicrm_contact',310,'Send newsletter for April 2005',1,'2008-07-04',NULL),(140,'civicrm_contact',403,'Reminder screening of \"Black\" on next Friday',1,'2008-07-25',NULL),(141,'civicrm_contact',243,'Send newsletter for April 2005',1,'2009-05-26',NULL),(142,'civicrm_contact',245,'Arrange for cricket match with Sunil Gavaskar',1,'2009-02-05',NULL),(143,'civicrm_contact',254,'Get the registration done for NGO status',1,'2008-08-21',NULL),(144,'civicrm_contact',222,'Connect for presentation',1,'2009-04-05',NULL),(145,'civicrm_contact',485,'Invite members for the Steve Prefontaine 10k dream run',1,'2008-08-23',NULL),(146,'civicrm_contact',361,'Arrange collection of funds from members',1,'2008-10-15',NULL),(147,'civicrm_contact',353,'Arrange collection of funds from members',1,'2008-11-26',NULL),(148,'civicrm_contact',339,'Connect for presentation',1,'2008-08-01',NULL),(149,'civicrm_contact',25,'Get the registration done for NGO status',1,'2009-05-03',NULL),(150,'civicrm_contact',427,'Get the registration done for NGO status',1,'2008-07-22',NULL),(151,'civicrm_contact',260,'Send reminder for annual dinner',1,'2008-08-30',NULL),(152,'civicrm_contact',75,'Arrange collection of funds from members',1,'2009-05-26',NULL),(153,'civicrm_contact',194,'Contact the Commisioner of Charities',1,'2008-08-07',NULL),(154,'civicrm_contact',365,'Organize the Terry Fox run',1,'2009-02-22',NULL),(155,'civicrm_contact',190,'Get the registration done for NGO status',1,'2008-06-10',NULL),(156,'civicrm_contact',205,'Organize the Terry Fox run',1,'2008-10-07',NULL),(157,'civicrm_contact',410,'Send reminder for annual dinner',1,'2008-10-18',NULL),(158,'civicrm_contact',144,'Contact the Commisioner of Charities',1,'2008-11-05',NULL),(159,'civicrm_contact',417,'Send reminder for annual dinner',1,'2008-12-30',NULL),(160,'civicrm_contact',189,'Connect for presentation',1,'2008-11-18',NULL),(161,'civicrm_contact',266,'Send reminder for annual dinner',1,'2009-04-28',NULL),(162,'civicrm_contact',372,'Arrange collection of funds from members',1,'2008-10-10',NULL),(163,'civicrm_contact',271,'Send reminder for annual dinner',1,'2009-03-09',NULL),(164,'civicrm_contact',252,'Connect for presentation',1,'2008-07-02',NULL),(165,'civicrm_contact',63,'Reminder screening of \"Black\" on next Friday',1,'2009-05-05',NULL),(166,'civicrm_contact',464,'Contact the Commisioner of Charities',1,'2009-05-24',NULL),(167,'civicrm_contact',349,'Send newsletter for April 2005',1,'2008-07-15',NULL),(168,'civicrm_contact',396,'Reminder screening of \"Black\" on next Friday',1,'2008-08-03',NULL),(169,'civicrm_contact',258,'Arrange collection of funds from members',1,'2008-08-02',NULL),(170,'civicrm_contact',39,'Connect for presentation',1,'2009-01-09',NULL),(171,'civicrm_contact',291,'Arrange for cricket match with Sunil Gavaskar',1,'2008-09-14',NULL),(172,'civicrm_contact',306,'Organize the Terry Fox run',1,'2008-08-30',NULL),(173,'civicrm_contact',429,'Reminder screening of \"Black\" on next Friday',1,'2008-08-24',NULL),(174,'civicrm_contact',79,'Reminder screening of \"Black\" on next Friday',1,'2008-08-27',NULL),(175,'civicrm_contact',297,'Organize the Terry Fox run',1,'2008-08-03',NULL),(176,'civicrm_contact',107,'Send newsletter for April 2005',1,'2009-03-03',NULL),(177,'civicrm_contact',200,'Invite members for the Steve Prefontaine 10k dream run',1,'2009-03-20',NULL),(178,'civicrm_contact',127,'Arrange for cricket match with Sunil Gavaskar',1,'2008-08-13',NULL),(179,'civicrm_contact',129,'Chart out route map for next 10k run',1,'2009-02-28',NULL),(180,'civicrm_contact',246,'Contact the Commisioner of Charities',1,'2008-10-04',NULL),(181,'civicrm_contact',449,'Contact the Commisioner of Charities',1,'2008-10-09',NULL),(182,'civicrm_contact',187,'Connect for presentation',1,'2008-12-13',NULL),(183,'civicrm_contact',131,'Send newsletter for April 2005',1,'2008-06-29',NULL),(184,'civicrm_contact',499,'Invite members for the Steve Prefontaine 10k dream run',1,'2008-11-05',NULL),(185,'civicrm_contact',201,'Arrange for cricket match with Sunil Gavaskar',1,'2008-09-10',NULL),(186,'civicrm_contact',181,'Contact the Commisioner of Charities',1,'2008-07-02',NULL),(187,'civicrm_contact',281,'Contact the Commisioner of Charities',1,'2009-01-09',NULL),(188,'civicrm_contact',196,'Send reminder for annual dinner',1,'2009-04-16',NULL),(189,'civicrm_contact',470,'Get the registration done for NGO status',1,'2008-07-24',NULL),(190,'civicrm_contact',350,'Arrange for cricket match with Sunil Gavaskar',1,'2009-01-03',NULL),(191,'civicrm_contact',40,'Arrange collection of funds from members',1,'2008-10-05',NULL),(192,'civicrm_contact',440,'Connect for presentation',1,'2009-01-19',NULL),(193,'civicrm_contact',133,'Send newsletter for April 2005',1,'2009-04-21',NULL),(194,'civicrm_contact',315,'Send newsletter for April 2005',1,'2009-05-19',NULL),(195,'civicrm_contact',72,'Get the registration done for NGO status',1,'2009-04-11',NULL),(196,'civicrm_contact',275,'Arrange collection of funds from members',1,'2008-07-07',NULL),(197,'civicrm_contact',383,'Connect for presentation',1,'2008-10-24',NULL),(198,'civicrm_contact',443,'Connect for presentation',1,'2008-06-19',NULL),(199,'civicrm_contact',34,'Chart out route map for next 10k run',1,'2008-07-08',NULL),(200,'civicrm_contact',465,'Reminder screening of \"Black\" on next Friday',1,'2009-02-19',NULL),(201,'civicrm_contact',343,'Arrange for cricket match with Sunil Gavaskar',1,'2008-07-17',NULL),(202,'civicrm_contact',375,'Contact the Commisioner of Charities',1,'2008-10-21',NULL),(203,'civicrm_contact',55,'Arrange collection of funds from members',1,'2009-03-27',NULL),(204,'civicrm_contact',458,'Organize the Terry Fox run',1,'2008-05-30',NULL),(205,'civicrm_contact',472,'Contact the Commisioner of Charities',1,'2008-09-01',NULL),(206,'civicrm_contact',193,'Invite members for the Steve Prefontaine 10k dream run',1,'2008-07-14',NULL),(207,'civicrm_contact',479,'Invite members for the Steve Prefontaine 10k dream run',1,'2008-08-30',NULL),(208,'civicrm_contact',336,'Organize the Terry Fox run',1,'2008-11-23',NULL),(209,'civicrm_contact',269,'Send newsletter for April 2005',1,'2008-10-26',NULL),(210,'civicrm_contact',313,'Contact the Commisioner of Charities',1,'2008-08-06',NULL),(211,'civicrm_contact',397,'Invite members for the Steve Prefontaine 10k dream run',1,'2008-10-20',NULL),(212,'civicrm_contact',172,'Get the registration done for NGO status',1,'2008-10-25',NULL),(213,'civicrm_contact',378,'Arrange collection of funds from members',1,'2009-04-08',NULL),(214,'civicrm_contact',366,'Send reminder for annual dinner',1,'2009-02-27',NULL),(215,'civicrm_contact',340,'Send newsletter for April 2005',1,'2008-11-12',NULL),(216,'civicrm_contact',460,'Chart out route map for next 10k run',1,'2009-03-08',NULL),(217,'civicrm_contact',183,'Contact the Commisioner of Charities',1,'2008-07-05',NULL),(218,'civicrm_contact',363,'Reminder screening of \"Black\" on next Friday',1,'2009-05-27',NULL),(219,'civicrm_contact',395,'Reminder screening of \"Black\" on next Friday',1,'2008-12-29',NULL),(220,'civicrm_contact',279,'Reminder screening of \"Black\" on next Friday',1,'2008-08-19',NULL),(221,'civicrm_contact',364,'Chart out route map for next 10k run',1,'2008-10-06',NULL),(222,'civicrm_contact',305,'Arrange collection of funds from members',1,'2008-07-31',NULL),(223,'civicrm_contact',328,'Send reminder for annual dinner',1,'2009-02-14',NULL),(224,'civicrm_contact',4,'Reminder screening of \"Black\" on next Friday',1,'2009-04-13',NULL),(225,'civicrm_contact',20,'Arrange collection of funds from members',1,'2009-01-20',NULL),(226,'civicrm_contact',482,'Reminder screening of \"Black\" on next Friday',1,'2009-04-19',NULL),(227,'civicrm_contact',406,'Invite members for the Steve Prefontaine 10k dream run',1,'2008-08-02',NULL),(228,'civicrm_contact',78,'Send newsletter for April 2005',1,'2009-05-17',NULL),(229,'civicrm_contact',35,'Reminder screening of \"Black\" on next Friday',1,'2009-04-22',NULL),(230,'civicrm_contact',113,'Arrange collection of funds from members',1,'2009-03-16',NULL),(231,'civicrm_contact',256,'Chart out route map for next 10k run',1,'2008-12-12',NULL),(232,'civicrm_contact',89,'Organize the Terry Fox run',1,'2008-11-03',NULL),(233,'civicrm_contact',206,'Reminder screening of \"Black\" on next Friday',1,'2009-02-28',NULL),(234,'civicrm_contact',232,'Connect for presentation',1,'2009-02-06',NULL),(235,'civicrm_contact',47,'Contact the Commisioner of Charities',1,'2009-03-22',NULL),(236,'civicrm_contact',437,'Chart out route map for next 10k run',1,'2008-11-27',NULL),(237,'civicrm_contact',128,'Arrange for cricket match with Sunil Gavaskar',1,'2008-10-13',NULL),(238,'civicrm_contact',234,'Send newsletter for April 2005',1,'2008-06-15',NULL),(239,'civicrm_contact',411,'Invite members for the Steve Prefontaine 10k dream run',1,'2009-04-22',NULL),(240,'civicrm_contact',118,'Invite members for the Steve Prefontaine 10k dream run',1,'2009-01-02',NULL),(241,'civicrm_contact',475,'Reminder screening of \"Black\" on next Friday',1,'2009-02-23',NULL),(242,'civicrm_contact',351,'Send newsletter for April 2005',1,'2008-09-01',NULL),(243,'civicrm_contact',98,'Invite members for the Steve Prefontaine 10k dream run',1,'2008-12-11',NULL),(244,'civicrm_contact',289,'Invite members for the Steve Prefontaine 10k dream run',1,'2009-02-22',NULL),(245,'civicrm_contact',436,'Chart out route map for next 10k run',1,'2008-09-30',NULL),(246,'civicrm_contact',402,'Connect for presentation',1,'2009-05-24',NULL),(247,'civicrm_contact',198,'Send newsletter for April 2005',1,'2009-03-31',NULL),(248,'civicrm_contact',253,'Send reminder for annual dinner',1,'2008-10-06',NULL),(249,'civicrm_contact',168,'Send newsletter for April 2005',1,'2008-10-16',NULL),(250,'civicrm_contact',139,'Chart out route map for next 10k run',1,'2009-02-13',NULL),(251,'civicrm_contact',492,'Contact the Commisioner of Charities',1,'2008-12-02',NULL),(252,'civicrm_contact',493,'Get the registration done for NGO status',1,'2008-07-10',NULL),(253,'civicrm_contact',462,'Organize the Terry Fox run',1,'2008-12-29',NULL),(254,'civicrm_contact',379,'Invite members for the Steve Prefontaine 10k dream run',1,'2008-08-06',NULL),(255,'civicrm_contact',276,'Contact the Commisioner of Charities',1,'2009-01-12',NULL),(256,'civicrm_contact',447,'Organize the Terry Fox run',1,'2008-07-18',NULL),(257,'civicrm_contact',412,'Get the registration done for NGO status',1,'2009-02-09',NULL),(258,'civicrm_contact',369,'Connect for presentation',1,'2009-04-30',NULL),(259,'civicrm_contact',32,'Organize the Terry Fox run',1,'2008-08-27',NULL),(260,'civicrm_contact',326,'Send reminder for annual dinner',1,'2008-09-13',NULL),(261,'civicrm_contact',495,'Reminder screening of \"Black\" on next Friday',1,'2009-03-14',NULL),(262,'civicrm_contact',74,'Connect for presentation',1,'2009-05-15',NULL),(263,'civicrm_contact',50,'Organize the Terry Fox run',1,'2008-12-02',NULL),(264,'civicrm_contact',248,'Connect for presentation',1,'2008-10-20',NULL),(265,'civicrm_contact',308,'Reminder screening of \"Black\" on next Friday',1,'2009-01-12',NULL),(266,'civicrm_contact',71,'Send newsletter for April 2005',1,'2009-03-12',NULL),(267,'civicrm_contact',284,'Send newsletter for April 2005',1,'2009-04-29',NULL),(268,'civicrm_contact',368,'Organize the Terry Fox run',1,'2009-04-15',NULL),(269,'civicrm_contact',19,'Connect for presentation',1,'2009-03-15',NULL),(270,'civicrm_contact',312,'Reminder screening of \"Black\" on next Friday',1,'2009-05-20',NULL),(271,'civicrm_contact',422,'Reminder screening of \"Black\" on next Friday',1,'2008-11-07',NULL),(272,'civicrm_contact',415,'Arrange collection of funds from members',1,'2008-07-31',NULL),(273,'civicrm_contact',469,'Organize the Terry Fox run',1,'2009-03-07',NULL),(274,'civicrm_contact',163,'Get the registration done for NGO status',1,'2009-05-18',NULL),(275,'civicrm_contact',126,'Connect for presentation',1,'2009-01-12',NULL),(276,'civicrm_contact',49,'Arrange for cricket match with Sunil Gavaskar',1,'2009-05-24',NULL),(277,'civicrm_contact',52,'Reminder screening of \"Black\" on next Friday',1,'2008-10-01',NULL),(278,'civicrm_contact',69,'Get the registration done for NGO status',1,'2008-06-02',NULL),(279,'civicrm_contact',453,'Contact the Commisioner of Charities',1,'2008-10-30',NULL),(280,'civicrm_contact',451,'Chart out route map for next 10k run',1,'2008-07-09',NULL),(281,'civicrm_contact',376,'Connect for presentation',1,'2008-10-30',NULL),(282,'civicrm_contact',301,'Arrange for cricket match with Sunil Gavaskar',1,'2008-07-30',NULL),(283,'civicrm_contact',280,'Reminder screening of \"Black\" on next Friday',1,'2009-05-25',NULL),(284,'civicrm_contact',174,'Arrange for cricket match with Sunil Gavaskar',1,'2009-04-21',NULL),(285,'civicrm_contact',293,'Invite members for the Steve Prefontaine 10k dream run',1,'2009-04-23',NULL),(286,'civicrm_contact',91,'Organize the Terry Fox run',1,'2009-01-21',NULL),(287,'civicrm_contact',192,'Arrange collection of funds from members',1,'2008-10-14',NULL),(288,'civicrm_contact',484,'Send newsletter for April 2005',1,'2009-02-13',NULL),(289,'civicrm_contact',359,'Reminder screening of \"Black\" on next Friday',1,'2008-11-19',NULL),(290,'civicrm_contact',257,'Organize the Terry Fox run',1,'2009-05-07',NULL),(291,'civicrm_contact',446,'Invite members for the Steve Prefontaine 10k dream run',1,'2008-12-24',NULL),(292,'civicrm_contact',221,'Arrange collection of funds from members',1,'2009-01-19',NULL),(293,'civicrm_contact',255,'Contact the Commisioner of Charities',1,'2009-02-27',NULL),(294,'civicrm_contact',283,'Send reminder for annual dinner',1,'2009-02-13',NULL),(295,'civicrm_contact',500,'Get the registration done for NGO status',1,'2008-08-12',NULL),(296,'civicrm_contact',121,'Contact the Commisioner of Charities',1,'2009-05-05',NULL),(297,'civicrm_contact',59,'Get the registration done for NGO status',1,'2008-09-09',NULL),(298,'civicrm_contact',457,'Chart out route map for next 10k run',1,'2008-11-17',NULL),(299,'civicrm_contact',299,'Send reminder for annual dinner',1,'2009-01-04',NULL),(300,'civicrm_contact',123,'Arrange for cricket match with Sunil Gavaskar',1,'2008-06-28',NULL),(301,'civicrm_contact',236,'Get the registration done for NGO status',1,'2008-08-06',NULL),(302,'civicrm_contact',316,'Arrange collection of funds from members',1,'2009-01-05',NULL),(303,'civicrm_contact',400,'Send newsletter for April 2005',1,'2008-08-18',NULL),(304,'civicrm_contact',164,'Get the registration done for NGO status',1,'2009-03-08',NULL),(305,'civicrm_contact',357,'Connect for presentation',1,'2009-03-12',NULL),(306,'civicrm_contact',65,'Arrange for cricket match with Sunil Gavaskar',1,'2009-02-14',NULL),(307,'civicrm_contact',424,'Invite members for the Steve Prefontaine 10k dream run',1,'2008-06-14',NULL),(308,'civicrm_contact',132,'Invite members for the Steve Prefontaine 10k dream run',1,'2009-01-01',NULL),(309,'civicrm_contact',16,'Reminder screening of \"Black\" on next Friday',1,'2008-12-02',NULL),(310,'civicrm_contact',134,'Send newsletter for April 2005',1,'2008-09-25',NULL),(311,'civicrm_contact',347,'Organize the Terry Fox run',1,'2009-03-21',NULL),(312,'civicrm_contact',386,'Organize the Terry Fox run',1,'2009-02-13',NULL),(313,'civicrm_contact',7,'Chart out route map for next 10k run',1,'2009-05-22',NULL),(314,'civicrm_contact',489,'Invite members for the Steve Prefontaine 10k dream run',1,'2008-07-28',NULL),(315,'civicrm_contact',407,'Send reminder for annual dinner',1,'2009-05-22',NULL),(316,'civicrm_contact',331,'Send newsletter for April 2005',1,'2008-07-08',NULL),(317,'civicrm_contact',439,'Reminder screening of \"Black\" on next Friday',1,'2008-11-27',NULL),(318,'civicrm_contact',262,'Reminder screening of \"Black\" on next Friday',1,'2008-12-19',NULL),(319,'civicrm_contact',64,'Send newsletter for April 2005',1,'2008-12-30',NULL),(320,'civicrm_contact',93,'Connect for presentation',1,'2008-11-28',NULL),(321,'civicrm_contact',6,'Send reminder for annual dinner',1,'2008-07-26',NULL),(322,'civicrm_contact',228,'Arrange collection of funds from members',1,'2009-01-28',NULL),(323,'civicrm_contact',341,'Chart out route map for next 10k run',1,'2008-11-20',NULL),(324,'civicrm_contact',348,'Arrange for cricket match with Sunil Gavaskar',1,'2009-03-21',NULL),(325,'civicrm_contact',249,'Connect for presentation',1,'2008-12-31',NULL),(326,'civicrm_contact',324,'Send newsletter for April 2005',1,'2009-02-22',NULL),(327,'civicrm_contact',389,'Send reminder for annual dinner',1,'2008-09-21',NULL),(328,'civicrm_contact',272,'Arrange for cricket match with Sunil Gavaskar',1,'2009-05-09',NULL),(329,'civicrm_contact',173,'Chart out route map for next 10k run',1,'2009-01-23',NULL),(330,'civicrm_contact',151,'Arrange for cricket match with Sunil Gavaskar',1,'2008-08-20',NULL),(331,'civicrm_contact',463,'Arrange collection of funds from members',1,'2008-07-28',NULL),(332,'civicrm_contact',394,'Arrange collection of funds from members',1,'2009-05-14',NULL),(333,'civicrm_contact',374,'Get the registration done for NGO status',1,'2008-09-29',NULL),(334,'civicrm_contact',14,'Contact the Commisioner of Charities',1,'2008-08-18',NULL),(335,'civicrm_contact',265,'Arrange collection of funds from members',1,'2009-04-04',NULL),(336,'civicrm_contact',342,'Reminder screening of \"Black\" on next Friday',1,'2008-06-05',NULL),(337,'civicrm_contact',358,'Arrange for cricket match with Sunil Gavaskar',1,'2009-03-07',NULL),(338,'civicrm_contact',399,'Chart out route map for next 10k run',1,'2008-11-20',NULL),(339,'civicrm_contact',209,'Get the registration done for NGO status',1,'2008-07-21',NULL),(340,'civicrm_contact',156,'Send newsletter for April 2005',1,'2008-08-10',NULL),(341,'civicrm_contact',141,'Chart out route map for next 10k run',1,'2009-01-12',NULL),(342,'civicrm_contact',445,'Arrange for cricket match with Sunil Gavaskar',1,'2008-07-02',NULL),(343,'civicrm_contact',235,'Reminder screening of \"Black\" on next Friday',1,'2008-10-22',NULL),(344,'civicrm_contact',442,'Get the registration done for NGO status',1,'2008-10-16',NULL),(345,'civicrm_contact',388,'Connect for presentation',1,'2008-12-19',NULL),(346,'civicrm_contact',56,'Arrange for cricket match with Sunil Gavaskar',1,'2008-10-09',NULL),(347,'civicrm_contact',2,'Get the registration done for NGO status',1,'2008-09-19',NULL),(348,'civicrm_contact',11,'Reminder screening of \"Black\" on next Friday',1,'2009-04-03',NULL),(349,'civicrm_contact',423,'Send newsletter for April 2005',1,'2008-07-30',NULL),(350,'civicrm_contact',186,'Send newsletter for April 2005',1,'2009-02-09',NULL),(351,'civicrm_contact',277,'Send newsletter for April 2005',1,'2008-10-09',NULL),(352,'civicrm_contact',207,'Organize the Terry Fox run',1,'2009-02-05',NULL),(353,'civicrm_contact',345,'Organize the Terry Fox run',1,'2008-12-27',NULL),(354,'civicrm_contact',204,'Organize the Terry Fox run',1,'2008-09-20',NULL),(355,'civicrm_contact',8,'Chart out route map for next 10k run',1,'2008-07-22',NULL),(356,'civicrm_contact',431,'Organize the Terry Fox run',1,'2009-03-26',NULL),(357,'civicrm_contact',367,'Arrange for cricket match with Sunil Gavaskar',1,'2009-04-12',NULL),(358,'civicrm_contact',239,'Chart out route map for next 10k run',1,'2008-08-08',NULL),(359,'civicrm_contact',101,'Chart out route map for next 10k run',1,'2008-12-30',NULL),(360,'civicrm_contact',117,'Arrange for cricket match with Sunil Gavaskar',1,'2008-06-11',NULL),(361,'civicrm_contact',425,'Organize the Terry Fox run',1,'2009-04-01',NULL),(362,'civicrm_contact',178,'Contact the Commisioner of Charities',1,'2008-10-01',NULL),(363,'civicrm_contact',57,'Send newsletter for April 2005',1,'2009-05-27',NULL),(364,'civicrm_contact',332,'Chart out route map for next 10k run',1,'2008-12-04',NULL),(365,'civicrm_contact',161,'Connect for presentation',1,'2008-07-19',NULL),(366,'civicrm_contact',498,'Send newsletter for April 2005',1,'2008-11-08',NULL),(367,'civicrm_contact',467,'Invite members for the Steve Prefontaine 10k dream run',1,'2008-07-05',NULL),(368,'civicrm_contact',162,'Get the registration done for NGO status',1,'2009-01-07',NULL),(369,'civicrm_contact',220,'Contact the Commisioner of Charities',1,'2008-12-29',NULL),(370,'civicrm_contact',318,'Reminder screening of \"Black\" on next Friday',1,'2008-11-06',NULL),(371,'civicrm_contact',409,'Connect for presentation',1,'2008-09-07',NULL),(372,'civicrm_contact',320,'Invite members for the Steve Prefontaine 10k dream run',1,'2009-01-25',NULL),(373,'civicrm_contact',125,'Reminder screening of \"Black\" on next Friday',1,'2008-06-18',NULL),(374,'civicrm_contact',146,'Send reminder for annual dinner',1,'2008-07-31',NULL),(375,'civicrm_contact',191,'Organize the Terry Fox run',1,'2009-05-18',NULL),(376,'civicrm_contact',105,'Connect for presentation',1,'2009-05-16',NULL),(377,'civicrm_contact',85,'Chart out route map for next 10k run',1,'2008-08-09',NULL),(378,'civicrm_contact',432,'Get the registration done for NGO status',1,'2009-03-03',NULL),(379,'civicrm_contact',82,'Chart out route map for next 10k run',1,'2008-11-04',NULL),(380,'civicrm_contact',468,'Contact the Commisioner of Charities',1,'2009-03-07',NULL),(381,'civicrm_contact',3,'Contact the Commisioner of Charities',1,'2008-07-22',NULL),(382,'civicrm_contact',444,'Invite members for the Steve Prefontaine 10k dream run',1,'2008-09-20',NULL),(383,'civicrm_contact',13,'Contact the Commisioner of Charities',1,'2008-12-07',NULL),(384,'civicrm_contact',76,'Invite members for the Steve Prefontaine 10k dream run',1,'2009-04-08',NULL),(385,'civicrm_contact',273,'Invite members for the Steve Prefontaine 10k dream run',1,'2008-11-11',NULL),(386,'civicrm_contact',416,'Arrange collection of funds from members',1,'2008-07-09',NULL),(387,'civicrm_contact',322,'Send reminder for annual dinner',1,'2008-09-16',NULL),(388,'civicrm_contact',408,'Connect for presentation',1,'2008-12-18',NULL),(389,'civicrm_contact',99,'Organize the Terry Fox run',1,'2008-09-06',NULL),(390,'civicrm_contact',22,'Invite members for the Steve Prefontaine 10k dream run',1,'2009-01-11',NULL),(391,'civicrm_contact',309,'Arrange collection of funds from members',1,'2009-04-23',NULL),(392,'civicrm_contact',486,'Connect for presentation',1,'2008-10-24',NULL),(393,'civicrm_contact',197,'Send reminder for annual dinner',1,'2008-12-03',NULL),(394,'civicrm_contact',398,'Arrange collection of funds from members',1,'2009-01-20',NULL),(395,'civicrm_contact',385,'Invite members for the Steve Prefontaine 10k dream run',1,'2009-04-12',NULL),(396,'civicrm_contact',155,'Arrange collection of funds from members',1,'2009-04-01',NULL),(397,'civicrm_contact',494,'Arrange collection of funds from members',1,'2009-03-22',NULL),(398,'civicrm_contact',114,'Organize the Terry Fox run',1,'2009-03-10',NULL),(399,'civicrm_contact',311,'Send newsletter for April 2005',1,'2009-05-18',NULL),(400,'civicrm_contact',211,'Chart out route map for next 10k run',1,'2008-08-12',NULL),(401,'civicrm_contact',58,'Send newsletter for April 2005',1,'2008-10-13',NULL),(402,'civicrm_contact',142,'Arrange collection of funds from members',1,'2008-12-15',NULL),(403,'civicrm_contact',24,'Arrange for cricket match with Sunil Gavaskar',1,'2008-11-04',NULL),(404,'civicrm_contact',68,'Organize the Terry Fox run',1,'2008-08-24',NULL),(405,'civicrm_contact',387,'Get the registration done for NGO status',1,'2009-01-02',NULL),(406,'civicrm_contact',26,'Reminder screening of \"Black\" on next Friday',1,'2008-06-23',NULL),(407,'civicrm_contact',282,'Organize the Terry Fox run',1,'2008-12-15',NULL),(408,'civicrm_contact',241,'Invite members for the Steve Prefontaine 10k dream run',1,'2008-06-12',NULL),(409,'civicrm_contact',46,'Send newsletter for April 2005',1,'2008-07-03',NULL),(410,'civicrm_contact',223,'Get the registration done for NGO status',1,'2009-02-02',NULL),(411,'civicrm_contact',302,'Connect for presentation',1,'2008-09-15',NULL),(412,'civicrm_contact',392,'Contact the Commisioner of Charities',1,'2008-12-27',NULL),(413,'civicrm_contact',335,'Send reminder for annual dinner',1,'2008-06-14',NULL),(414,'civicrm_contact',488,'Chart out route map for next 10k run',1,'2008-09-10',NULL),(415,'civicrm_contact',225,'Send reminder for annual dinner',1,'2008-12-22',NULL),(416,'civicrm_contact',122,'Organize the Terry Fox run',1,'2008-06-03',NULL),(417,'civicrm_contact',487,'Get the registration done for NGO status',1,'2009-02-09',NULL),(418,'civicrm_contact',177,'Chart out route map for next 10k run',1,'2008-11-27',NULL),(419,'civicrm_contact',37,'Get the registration done for NGO status',1,'2009-05-22',NULL),(420,'civicrm_contact',473,'Invite members for the Steve Prefontaine 10k dream run',1,'2008-09-17',NULL),(421,'civicrm_contact',346,'Send reminder for annual dinner',1,'2008-10-21',NULL),(422,'civicrm_contact',100,'Connect for presentation',1,'2008-10-26',NULL),(423,'civicrm_contact',48,'Connect for presentation',1,'2008-06-16',NULL),(424,'civicrm_contact',166,'Send reminder for annual dinner',1,'2008-07-18',NULL),(425,'civicrm_contact',294,'Organize the Terry Fox run',1,'2008-11-11',NULL),(426,'civicrm_contact',278,'Invite members for the Steve Prefontaine 10k dream run',1,'2009-01-31',NULL),(427,'civicrm_contact',41,'Reminder screening of \"Black\" on next Friday',1,'2009-04-13',NULL),(428,'civicrm_contact',62,'Invite members for the Steve Prefontaine 10k dream run',1,'2008-06-17',NULL),(429,'civicrm_contact',184,'Arrange collection of funds from members',1,'2008-12-05',NULL),(430,'civicrm_contact',203,'Arrange collection of funds from members',1,'2008-10-12',NULL),(431,'civicrm_contact',438,'Reminder screening of \"Black\" on next Friday',1,'2009-03-02',NULL),(432,'civicrm_contact',188,'Invite members for the Steve Prefontaine 10k dream run',1,'2009-03-31',NULL),(433,'civicrm_contact',448,'Reminder screening of \"Black\" on next Friday',1,'2008-10-04',NULL),(434,'civicrm_contact',224,'Arrange collection of funds from members',1,'2008-06-13',NULL),(435,'civicrm_contact',160,'Send newsletter for April 2005',1,'2008-10-21',NULL),(436,'civicrm_contact',490,'Get the registration done for NGO status',1,'2008-10-29',NULL),(437,'civicrm_contact',67,'Organize the Terry Fox run',1,'2008-08-20',NULL),(438,'civicrm_contact',393,'Chart out route map for next 10k run',1,'2008-11-21',NULL),(439,'civicrm_contact',88,'Get the registration done for NGO status',1,'2008-07-15',NULL),(440,'civicrm_contact',80,'Arrange collection of funds from members',1,'2008-09-27',NULL),(441,'civicrm_contact',426,'Reminder screening of \"Black\" on next Friday',1,'2008-11-28',NULL),(442,'civicrm_contact',242,'Reminder screening of \"Black\" on next Friday',1,'2009-04-17',NULL),(443,'civicrm_contact',382,'Chart out route map for next 10k run',1,'2009-04-21',NULL),(444,'civicrm_contact',230,'Organize the Terry Fox run',1,'2008-12-02',NULL),(445,'civicrm_contact',298,'Arrange for cricket match with Sunil Gavaskar',1,'2009-02-09',NULL),(446,'civicrm_contact',54,'Arrange for cricket match with Sunil Gavaskar',1,'2009-03-10',NULL),(447,'civicrm_contact',94,'Invite members for the Steve Prefontaine 10k dream run',1,'2008-09-14',NULL),(448,'civicrm_contact',83,'Send reminder for annual dinner',1,'2008-07-01',NULL),(449,'civicrm_contact',288,'Send reminder for annual dinner',1,'2008-12-13',NULL),(450,'civicrm_contact',401,'Connect for presentation',1,'2008-10-30',NULL),(451,'civicrm_contact',218,'Arrange collection of funds from members',1,'2008-11-29',NULL),(452,'civicrm_contact',195,'Get the registration done for NGO status',1,'2008-10-21',NULL),(453,'civicrm_contact',264,'Send newsletter for April 2005',1,'2008-08-03',NULL),(454,'civicrm_contact',227,'Chart out route map for next 10k run',1,'2008-09-13',NULL),(455,'civicrm_contact',136,'Chart out route map for next 10k run',1,'2008-06-07',NULL),(456,'civicrm_contact',250,'Send reminder for annual dinner',1,'2008-11-04',NULL),(457,'civicrm_contact',103,'Send reminder for annual dinner',1,'2008-09-22',NULL),(458,'civicrm_contact',304,'Send reminder for annual dinner',1,'2009-03-29',NULL),(459,'civicrm_contact',77,'Chart out route map for next 10k run',1,'2009-02-26',NULL),(460,'civicrm_contact',474,'Contact the Commisioner of Charities',1,'2008-10-20',NULL),(461,'civicrm_contact',219,'Contact the Commisioner of Charities',1,'2009-03-02',NULL),(462,'civicrm_contact',233,'Invite members for the Steve Prefontaine 10k dream run',1,'2008-06-21',NULL),(463,'civicrm_contact',33,'Get the registration done for NGO status',1,'2008-12-28',NULL),(464,'civicrm_contact',21,'Contact the Commisioner of Charities',1,'2008-09-10',NULL),(465,'civicrm_contact',170,'Organize the Terry Fox run',1,'2009-04-14',NULL),(466,'civicrm_contact',238,'Send newsletter for April 2005',1,'2009-05-02',NULL),(467,'civicrm_contact',371,'Contact the Commisioner of Charities',1,'2008-11-27',NULL),(468,'civicrm_contact',471,'Arrange for cricket match with Sunil Gavaskar',1,'2008-06-21',NULL),(469,'civicrm_contact',454,'Invite members for the Steve Prefontaine 10k dream run',1,'2009-04-14',NULL),(470,'civicrm_contact',325,'Arrange for cricket match with Sunil Gavaskar',1,'2008-11-18',NULL),(471,'civicrm_contact',169,'Chart out route map for next 10k run',1,'2008-06-16',NULL),(472,'civicrm_contact',212,'Get the registration done for NGO status',1,'2008-10-05',NULL),(473,'civicrm_contact',433,'Chart out route map for next 10k run',1,'2008-10-15',NULL),(474,'civicrm_contact',352,'Reminder screening of \"Black\" on next Friday',1,'2009-01-04',NULL),(475,'civicrm_contact',148,'Arrange for cricket match with Sunil Gavaskar',1,'2008-09-19',NULL),(476,'civicrm_contact',231,'Send newsletter for April 2005',1,'2008-08-02',NULL),(477,'civicrm_contact',247,'Connect for presentation',1,'2008-12-05',NULL),(478,'civicrm_contact',171,'Invite members for the Steve Prefontaine 10k dream run',1,'2009-03-23',NULL),(479,'civicrm_contact',354,'Send reminder for annual dinner',1,'2008-12-03',NULL),(480,'civicrm_contact',102,'Chart out route map for next 10k run',1,'2008-12-20',NULL),(481,'civicrm_contact',149,'Get the registration done for NGO status',1,'2009-01-01',NULL),(482,'civicrm_contact',491,'Arrange collection of funds from members',1,'2009-03-25',NULL),(483,'civicrm_contact',66,'Contact the Commisioner of Charities',1,'2008-08-20',NULL),(484,'civicrm_contact',18,'Arrange for cricket match with Sunil Gavaskar',1,'2008-11-02',NULL);
/*!40000 ALTER TABLE `civicrm_note` ENABLE KEYS */;
UNLOCK TABLES;

--
-- Dumping data for table `civicrm_openid`
--

LOCK TABLES `civicrm_openid` WRITE;
/*!40000 ALTER TABLE `civicrm_openid` DISABLE KEYS */;
/*!40000 ALTER TABLE `civicrm_openid` ENABLE KEYS */;
UNLOCK TABLES;

--
-- Dumping data for table `civicrm_openid_associations`
--

LOCK TABLES `civicrm_openid_associations` WRITE;
/*!40000 ALTER TABLE `civicrm_openid_associations` DISABLE KEYS */;
/*!40000 ALTER TABLE `civicrm_openid_associations` ENABLE KEYS */;
UNLOCK TABLES;

--
-- Dumping data for table `civicrm_openid_nonces`
--

LOCK TABLES `civicrm_openid_nonces` WRITE;
/*!40000 ALTER TABLE `civicrm_openid_nonces` DISABLE KEYS */;
/*!40000 ALTER TABLE `civicrm_openid_nonces` ENABLE KEYS */;
UNLOCK TABLES;

--
-- Dumping data for table `civicrm_option_group`
--

LOCK TABLES `civicrm_option_group` WRITE;
/*!40000 ALTER TABLE `civicrm_option_group` DISABLE KEYS */;
INSERT INTO `civicrm_option_group` (`id`, `name`, `label`, `description`, `is_reserved`, `is_active`) VALUES (1,'preferred_communication_method',NULL,'Preferred Communication Method',0,1),(2,'activity_type',NULL,'Activity Type',0,1),(3,'gender',NULL,'Gender',0,1),(4,'instant_messenger_service',NULL,'Instant Messenger (IM) screen-names',0,1),(5,'mobile_provider',NULL,'Mobile Phone Providers',0,1),(6,'individual_prefix',NULL,'Individual contact prefixes',0,1),(7,'individual_suffix',NULL,'Individual contact suffixes',0,1),(8,'acl_role',NULL,'ACL Role',0,1),(9,'accept_creditcard',NULL,'Accepted Credit Cards',0,1),(10,'payment_instrument',NULL,'Payment Instruments',0,1),(11,'contribution_status',NULL,'Contribution Status',0,1),(12,'pcp_status',NULL,'PCP Status',0,1),(13,'participant_status',NULL,'Participant Status',0,1),(14,'participant_role',NULL,'Participant Role',0,1),(15,'event_type',NULL,'Event Type',0,1),(16,'contact_view_options',NULL,'Contact View Options',0,1),(17,'contact_edit_options',NULL,'Contact Edit Options',0,1),(18,'advanced_search_options',NULL,'Advanced Search Options',0,1),(19,'user_dashboard_options',NULL,'User Dashboard Options',0,1),(20,'address_options',NULL,'Addressing Options',0,1),(21,'group_type',NULL,'Group Type',0,1),(22,'grant_status',NULL,'Grant status',0,1),(23,'grant_type',NULL,'Grant Type',0,1),(24,'honor_type',NULL,'Honor Type',0,1),(25,'custom_search',NULL,'Custom Search',0,1),(26,'activity_status',NULL,'Activity Status',0,1),(27,'case_type',NULL,'Case Type',0,1),(28,'case_status',NULL,'Case Status',0,1),(29,'participant_listing',NULL,'Participant Listing',0,1),(30,'safe_file_extension',NULL,'Safe File Extension',0,1),(31,'from_email_address',NULL,'From Email Address',0,1),(32,'mapping_type',NULL,'Mapping Type',0,1),(33,'wysiwyg_editor',NULL,'WYSIWYG Editor',0,1),(34,'recur_frequency_units',NULL,'Recurring Frequency Units',0,1),(35,'greeting_type',NULL,'Greeting Type',0,1),(36,'phone_type',NULL,'Phone Type',0,1),(37,'custom_data_type',NULL,'Custom Data Type',0,1),(38,'visibility',NULL,'Visibility',0,1),(39,'report_list',NULL,'Report List',0,1),(40,'mail_protocol',NULL,'Mail Protocol',0,1),(41,'encounter_medium','Encounter Medium','Encounter medium for case activities (e.g. In Person, By Phone, etc.)',1,1),(42,'civicrm_contribution_page.amount.1',NULL,'Contribution Page Amount: 1',0,1),(43,'civicrm_event.amount.1',NULL,NULL,0,1),(44,'civicrm_event.amount.2',NULL,NULL,0,1),(45,'civicrm_event.amount.3',NULL,NULL,0,1);
/*!40000 ALTER TABLE `civicrm_option_group` ENABLE KEYS */;
UNLOCK TABLES;

--
-- Dumping data for table `civicrm_option_value`
--

LOCK TABLES `civicrm_option_value` WRITE;
/*!40000 ALTER TABLE `civicrm_option_value` DISABLE KEYS */;
INSERT INTO `civicrm_option_value` (`id`, `option_group_id`, `label`, `value`, `name`, `grouping`, `filter`, `is_default`, `weight`, `description`, `is_optgroup`, `is_reserved`, `is_active`, `component_id`, `visibility_id`) VALUES (1,1,'Phone','1',NULL,NULL,0,NULL,1,NULL,0,0,1,NULL,NULL),(2,1,'Email','2',NULL,NULL,0,NULL,2,NULL,0,0,1,NULL,NULL),(3,1,'Postal Mail','3',NULL,NULL,0,NULL,3,NULL,0,0,1,NULL,NULL),(4,1,'SMS','4',NULL,NULL,0,NULL,4,NULL,0,0,1,NULL,NULL),(5,1,'Fax','5',NULL,NULL,0,NULL,5,NULL,0,0,1,NULL,NULL),(6,2,'Meeting','1','Meeting',NULL,0,NULL,1,NULL,0,1,1,NULL,NULL),(7,2,'Phone Call','2','Phone Call',NULL,0,NULL,2,NULL,0,1,1,NULL,NULL),(8,2,'Email','3','Email',NULL,1,NULL,3,'Email sent.',0,1,1,NULL,NULL),(9,2,'Text Message (SMS)','4','SMS',NULL,1,NULL,4,'Text message (SMS) sent.',0,1,1,NULL,NULL),(10,2,'Event Registration','5','Event Registration',NULL,1,NULL,5,'Online or offline event registration.',0,1,1,1,NULL),(11,2,'Contribution','6','Contribution',NULL,1,NULL,6,'Online or offline contribution.',0,1,1,2,NULL),(12,2,'Membership Signup','7','Membership Signup',NULL,1,NULL,7,'Online or offline membership signup.',0,1,1,3,NULL),(13,2,'Membership Renewal','8','Membership Renewal',NULL,1,NULL,8,'Online or offline membership renewal.',0,1,1,3,NULL),(14,2,'Tell a Friend','9','Tell a Friend',NULL,1,NULL,9,'Send information about a contribution campaign or event to a friend.',0,1,1,NULL,NULL),(15,2,'Pledge Acknowledgment','10','Pledge Acknowledgment',NULL,1,NULL,10,'Send Pledge Acknowledgment.',0,1,1,6,NULL),(16,2,'Pledge Reminder','11','Pledge Reminder',NULL,1,NULL,11,'Send Pledge Reminder.',0,1,1,6,NULL),(17,2,'Inbound Email','12','Inbound Email',NULL,1,NULL,12,'Inbound Email.',0,1,1,NULL,NULL),(18,2,'Open Case','13','Open Case',NULL,0,0,13,'',0,0,1,7,NULL),(19,2,'Follow up','14','Follow up',NULL,0,0,14,'',0,0,1,7,NULL),(20,2,'Change Case Type','15','Change Case Type',NULL,0,0,15,'',0,0,1,7,NULL),(21,2,'Change Case Status','16','Change Case Status',NULL,0,0,16,'',0,0,1,7,NULL),(22,2,'Close Case','17','Close Case',NULL,0,0,17,'',0,0,1,7,NULL),(23,2,'Membership Renewal Reminder','18','Membership Renewal Reminder',NULL,1,NULL,18,'offline membership renewal reminder.',0,1,1,3,NULL),(24,2,'Change Case Start Date','19','Change Case Start Date',NULL,0,0,19,'',0,0,1,7,NULL),(25,3,'Female','1','Female',NULL,0,NULL,1,NULL,0,0,1,NULL,NULL),(26,3,'Male','2','Male',NULL,0,NULL,2,NULL,0,0,1,NULL,NULL),(27,3,'Transgender','3','Transgender',NULL,0,NULL,3,NULL,0,0,1,NULL,NULL),(28,4,'Yahoo','1','Yahoo',NULL,0,NULL,1,NULL,0,0,1,NULL,NULL),(29,4,'MSN','2','Msn',NULL,0,NULL,2,NULL,0,0,1,NULL,NULL),(30,4,'AIM','3','Aim',NULL,0,NULL,3,NULL,0,0,1,NULL,NULL),(31,4,'GTalk','4','Gtalk',NULL,0,NULL,4,NULL,0,0,1,NULL,NULL),(32,4,'Jabber','5','Jabber',NULL,0,NULL,5,NULL,0,0,1,NULL,NULL),(33,4,'Skype','6','Skype',NULL,0,NULL,6,NULL,0,0,1,NULL,NULL),(34,5,'Sprint','1','Sprint',NULL,0,NULL,1,NULL,0,0,1,NULL,NULL),(35,5,'Verizon','2','Verizon',NULL,0,NULL,2,NULL,0,0,1,NULL,NULL),(36,5,'Cingular','3','Cingular',NULL,0,NULL,3,NULL,0,0,1,NULL,NULL),(37,6,'Mrs','1','Mrs',NULL,0,NULL,1,NULL,0,0,1,NULL,NULL),(38,6,'Ms','2','Ms',NULL,0,NULL,2,NULL,0,0,1,NULL,NULL),(39,6,'Mr','3','Mr',NULL,0,NULL,3,NULL,0,0,1,NULL,NULL),(40,6,'Dr','4','Dr',NULL,0,NULL,4,NULL,0,0,1,NULL,NULL),(41,7,'Jr','1','Jr',NULL,0,NULL,1,NULL,0,0,1,NULL,NULL),(42,7,'Sr','2','Sr',NULL,0,NULL,2,NULL,0,0,1,NULL,NULL),(43,7,'II','3','II',NULL,0,NULL,3,NULL,0,0,1,NULL,NULL),(44,7,'III','4','III',NULL,0,NULL,4,NULL,0,0,1,NULL,NULL),(45,7,'IV','5','IV',NULL,0,NULL,5,NULL,0,0,1,NULL,NULL),(46,7,'V','6','V',NULL,0,NULL,6,NULL,0,0,1,NULL,NULL),(47,7,'VI','7','VI',NULL,0,NULL,7,NULL,0,0,1,NULL,NULL),(48,7,'VII','8','VII',NULL,0,NULL,8,NULL,0,0,1,NULL,NULL),(49,8,'Administrator','1','Admin',NULL,0,NULL,1,NULL,0,0,1,NULL,NULL),(50,8,'Authenticated','2','Auth',NULL,0,NULL,2,NULL,0,1,1,NULL,NULL),(51,9,'Visa','1','Visa',NULL,0,NULL,1,NULL,0,0,1,NULL,NULL),(52,9,'MasterCard','2','MasterCard',NULL,0,NULL,2,NULL,0,0,1,NULL,NULL),(53,9,'Amex','3','Amex',NULL,0,NULL,3,NULL,0,0,1,NULL,NULL),(54,9,'Discover','4','Discover',NULL,0,NULL,4,NULL,0,0,1,NULL,NULL),(55,10,'Credit Card','1','Credit Card',NULL,0,NULL,1,NULL,0,1,1,NULL,NULL),(56,10,'Debit Card','2','Debit Card',NULL,0,NULL,2,NULL,0,0,1,NULL,NULL),(57,10,'Cash','3','Cash',NULL,0,NULL,3,NULL,0,0,1,NULL,NULL),(58,10,'Check','4','Check',NULL,0,NULL,4,NULL,0,0,1,NULL,NULL),(59,10,'EFT','5','EFT',NULL,0,NULL,5,NULL,0,0,1,NULL,NULL),(60,11,'Completed','1','Completed',NULL,0,NULL,1,NULL,0,1,1,NULL,NULL),(61,11,'Pending','2','Pending',NULL,0,NULL,2,NULL,0,1,1,NULL,NULL),(62,11,'Cancelled','3','Cancelled',NULL,0,NULL,3,NULL,0,1,1,NULL,NULL),(63,11,'Failed','4','Failed',NULL,0,NULL,4,NULL,0,1,1,NULL,NULL),(64,11,'In Progress','5','In Progress',NULL,0,NULL,5,NULL,0,1,1,NULL,NULL),(65,11,'Overdue','6','Overdue',NULL,0,NULL,6,NULL,0,1,1,NULL,NULL),(66,12,'Waiting Review','1','Waiting Review',NULL,0,NULL,1,NULL,0,1,1,NULL,NULL),(67,12,'Approved','2','Approved',NULL,0,NULL,2,NULL,0,1,1,NULL,NULL),(68,12,'Not Approved','3','Not Approved',NULL,0,NULL,3,NULL,0,1,1,NULL,NULL),(69,13,'Registered','1','Registered',NULL,1,NULL,1,NULL,0,1,1,NULL,1),(70,13,'Attended','2','Attended',NULL,1,NULL,2,NULL,0,0,1,NULL,2),(71,13,'No-show','3','No-show',NULL,0,NULL,3,NULL,0,0,1,NULL,2),(72,13,'Cancelled','4','Cancelled',NULL,0,NULL,4,NULL,0,1,1,NULL,2),(73,13,'Pending','5','Pending',NULL,0,NULL,5,NULL,0,1,1,NULL,2),(74,14,'Attendee','1','Attendee',NULL,0,NULL,1,NULL,0,0,1,NULL,NULL),(75,14,'Volunteer','2','Volunteer',NULL,0,NULL,2,NULL,0,0,1,NULL,NULL),(76,14,'Host','3','Host',NULL,0,NULL,3,NULL,0,0,1,NULL,NULL),(77,14,'Speaker','4','Speaker',NULL,0,NULL,4,NULL,0,0,1,NULL,NULL),(78,15,'Conference','1','Conference',NULL,0,NULL,1,NULL,0,0,1,NULL,NULL),(79,15,'Exhibition','2','Exhibition',NULL,0,NULL,2,NULL,0,0,1,NULL,NULL),(80,15,'Fundraiser','3','Fundraiser',NULL,0,NULL,3,NULL,0,0,1,NULL,NULL),(81,15,'Meeting','4','Meeting',NULL,0,NULL,4,NULL,0,0,1,NULL,NULL),(82,15,'Performance','5','Performance',NULL,0,NULL,5,NULL,0,0,1,NULL,NULL),(83,15,'Workshop','6','Workshop',NULL,0,NULL,6,NULL,0,0,1,NULL,NULL),(84,16,'Activities','1','activity',NULL,0,NULL,1,NULL,0,0,1,NULL,NULL),(85,16,'Relationships','2','rel',NULL,0,NULL,2,NULL,0,0,1,NULL,NULL),(86,16,'Groups','3','group',NULL,0,NULL,3,NULL,0,0,1,NULL,NULL),(87,16,'Notes','4','note',NULL,0,NULL,4,NULL,0,0,1,NULL,NULL),(88,16,'Tags','5','tag',NULL,0,NULL,5,NULL,0,0,1,NULL,NULL),(89,16,'Change Log','6','log',NULL,0,NULL,6,NULL,0,0,1,NULL,NULL),(90,16,'Contributions','7','CiviContribute',NULL,0,NULL,7,NULL,0,0,1,NULL,NULL),(91,16,'Memberships','8','CiviMember',NULL,0,NULL,8,NULL,0,0,1,NULL,NULL),(92,16,'Events','9','CiviEvent',NULL,0,NULL,9,NULL,0,0,1,NULL,NULL),(93,16,'Cases','10','CiviCase',NULL,0,NULL,10,NULL,0,0,1,NULL,NULL),(94,16,'Grants','11','CiviGrant',NULL,0,NULL,11,NULL,0,0,1,NULL,NULL),(95,16,'Pledges','13','CiviPledge',NULL,0,NULL,13,NULL,0,0,1,NULL,NULL),(96,17,'Communication Preferences','1','CommBlock',NULL,0,NULL,1,NULL,0,0,1,NULL,NULL),(97,17,'Demographics','2','Demographics',NULL,0,NULL,2,NULL,0,0,1,NULL,NULL),(98,17,'Tags and Groups','3','TagsAndGroups',NULL,0,NULL,3,NULL,0,0,1,NULL,NULL),(99,17,'Notes','4','Notes',NULL,0,NULL,4,NULL,0,0,1,NULL,NULL),(100,18,'Address Fields','1','location',NULL,0,NULL,1,NULL,0,0,1,NULL,NULL),(101,18,'Custom Fields','2','custom',NULL,0,NULL,2,NULL,0,0,1,NULL,NULL),(102,18,'Activities','3','activity',NULL,0,NULL,4,NULL,0,0,1,NULL,NULL),(103,18,'Relationships','4','relationship',NULL,0,NULL,5,NULL,0,0,1,NULL,NULL),(104,18,'Notes','5','notes',NULL,0,NULL,6,NULL,0,0,1,NULL,NULL),(105,18,'Change Log','6','changeLog',NULL,0,NULL,7,NULL,0,0,1,NULL,NULL),(106,18,'Contributions','7','CiviContribute',NULL,0,NULL,8,NULL,0,0,1,NULL,NULL),(107,18,'Memberships','8','CiviMember',NULL,0,NULL,9,NULL,0,0,1,NULL,NULL),(108,18,'Events','9','CiviEvent',NULL,0,NULL,10,NULL,0,0,1,NULL,NULL),(109,18,'Cases','10','CiviCase',NULL,0,NULL,11,NULL,0,0,1,NULL,NULL),(110,18,'Grants','12','CiviGrant',NULL,0,NULL,14,NULL,0,0,1,NULL,NULL),(111,18,'Demographics','13','demographics',NULL,0,NULL,15,NULL,0,0,1,NULL,NULL),(112,18,'Pledges','15','CiviPledge',NULL,0,NULL,17,NULL,0,0,1,NULL,NULL),(113,18,'Contact Type','16','contactType',NULL,0,NULL,18,NULL,0,0,1,NULL,NULL),(114,18,'Groups','17','groups',NULL,0,NULL,19,NULL,0,0,1,NULL,NULL),(115,18,'Tags','18','tags',NULL,0,NULL,20,NULL,0,0,1,NULL,NULL),(116,19,'Groups','1','Groups',NULL,0,NULL,1,NULL,0,0,1,NULL,NULL),(117,19,'Contributions','2','CiviContribute',NULL,0,NULL,2,NULL,0,0,1,NULL,NULL),(118,19,'Memberships','3','CiviMember',NULL,0,NULL,3,NULL,0,0,1,NULL,NULL),(119,19,'Events','4','CiviEvent',NULL,0,NULL,4,NULL,0,0,1,NULL,NULL),(120,19,'My Contacts / Organizations','5','Permissioned Orgs',NULL,0,NULL,5,NULL,0,0,1,NULL,NULL),(121,19,'Pledges','7','CiviPledge',NULL,0,NULL,7,NULL,0,0,1,NULL,NULL),(122,19,'Personal Campaign Pages','8','PCP',NULL,0,NULL,8,NULL,0,0,1,NULL,NULL),(123,20,'Street Address','1','street_address',NULL,0,NULL,1,NULL,0,0,1,NULL,NULL),(124,20,'Addt\'l Address 1','2','supplemental_address_1',NULL,0,NULL,2,NULL,0,0,1,NULL,NULL),(125,20,'Addt\'l Address 2','3','supplemental_address_2',NULL,0,NULL,3,NULL,0,0,1,NULL,NULL),(126,20,'City','4','city',NULL,0,NULL,4,NULL,0,0,1,NULL,NULL),(127,20,'Zip / Postal Code','5','postal_code',NULL,0,NULL,5,NULL,0,0,1,NULL,NULL),(128,20,'Postal Code Suffix','6','postal_code_suffix',NULL,0,NULL,6,NULL,0,0,1,NULL,NULL),(129,20,'County','7','county',NULL,0,NULL,7,NULL,0,0,1,NULL,NULL),(130,20,'State / Province','8','state_province',NULL,0,NULL,8,NULL,0,0,1,NULL,NULL),(131,20,'Country','9','country',NULL,0,NULL,9,NULL,0,0,1,NULL,NULL),(132,20,'Latitude','10','geo_code_1',NULL,0,NULL,10,NULL,0,0,1,NULL,NULL),(133,20,'Longitude','11','geo_code_2',NULL,0,NULL,11,NULL,0,0,1,NULL,NULL),(134,20,'Address Name','12','address_name',NULL,0,NULL,12,NULL,0,0,1,NULL,NULL),(135,20,'Instant Messenger','13','im',NULL,0,NULL,13,NULL,0,0,1,NULL,NULL),(136,20,'OpenID','14','openid',NULL,0,NULL,14,NULL,0,0,1,NULL,NULL),(137,21,'Access Control','1',NULL,NULL,0,NULL,1,NULL,0,1,1,NULL,NULL),(138,21,'Mailing List','2',NULL,NULL,0,NULL,2,NULL,0,1,1,NULL,NULL),(139,22,'Pending','1','Pending',NULL,0,1,1,NULL,0,0,1,NULL,NULL),(140,22,'Granted','2','Granted',NULL,0,NULL,2,NULL,0,0,1,NULL,NULL),(141,22,'Rejected','3','Rejected',NULL,0,NULL,3,NULL,0,0,1,NULL,NULL),(142,23,'Emergency','1','Emergency',NULL,0,1,1,NULL,0,0,1,NULL,NULL),(143,23,'Family Support','2','Family Support',NULL,0,NULL,2,NULL,0,0,1,NULL,NULL),(144,23,'General Protection','3','General Protection',NULL,0,NULL,3,NULL,0,0,1,NULL,NULL),(145,23,'Impunity','4','Impunity',NULL,0,NULL,4,NULL,0,0,1,NULL,NULL),(146,24,'In Honor of','1','In Honor of',NULL,0,1,1,NULL,0,1,1,NULL,NULL),(147,24,'In Memory of','2','In Memory of',NULL,0,NULL,2,NULL,0,1,1,NULL,NULL),(148,25,'CRM_Contact_Form_Search_Custom_Sample','1','CRM_Contact_Form_Search_Custom_Sample',NULL,0,NULL,1,'Household Name and State',0,0,1,NULL,NULL),(149,25,'CRM_Contact_Form_Search_Custom_ContributionAggregate','2','CRM_Contact_Form_Search_Custom_ContributionAggregate',NULL,0,NULL,2,'Contribution Aggregate',0,0,1,NULL,NULL),(150,25,'CRM_Contact_Form_Search_Custom_Basic','3','CRM_Contact_Form_Search_Custom_Basic',NULL,0,NULL,3,'Basic Search',0,0,1,NULL,NULL),(151,25,'CRM_Contact_Form_Search_Custom_Group','4','CRM_Contact_Form_Search_Custom_Group',NULL,0,NULL,4,'Include / Exclude Contacts in a Group / Tag',0,0,1,NULL,NULL),(152,25,'CRM_Contact_Form_Search_Custom_PostalMailing','5','CRM_Contact_Form_Search_Custom_PostalMailing',NULL,0,NULL,5,'Postal Mailing',0,0,1,NULL,NULL),(153,25,'CRM_Contact_Form_Search_Custom_Proximity','6','CRM_Contact_Form_Search_Custom_Proximity',NULL,0,NULL,6,'Proximity Search',0,0,1,NULL,NULL),(154,25,'CRM_Contact_Form_Search_Custom_EventAggregate','7','CRM_Contact_Form_Search_Custom_EventAggregate',NULL,0,NULL,7,'Event Aggregate',0,0,1,NULL,NULL),(155,25,'CRM_Contact_Form_Search_Custom_ActivitySearch','8','CRM_Contact_Form_Search_Custom_ActivitySearch',NULL,0,NULL,8,'Activity Search',0,0,1,NULL,NULL),(156,25,'CRM_Contact_Form_Search_Custom_PriceSet','9','CRM_Contact_Form_Search_Custom_PriceSet',NULL,0,NULL,9,'Price Set Details for Event Participants',0,0,1,NULL,NULL),(157,25,'CRM_Contact_Form_Search_Custom_ZipCodeRange','10','CRM_Contact_Form_Search_Custom_ZipCodeRange',NULL,0,NULL,10,'Zip Code Range',0,0,1,NULL,NULL),(158,25,'CRM_Contact_Form_Search_Custom_DateAdded','11','CRM_Contact_Form_Search_Custom_DateAdded',NULL,0,NULL,11,'Date Added to CiviCRM',0,0,1,NULL,NULL),(159,25,'CRM_Contact_Form_Search_Custom_MultipleValues','12','CRM_Contact_Form_Search_Custom_MultipleValues',NULL,0,NULL,12,'Custom Group Multiple Values Listing',0,0,1,NULL,NULL),(160,25,'CRM_Contact_Form_Search_Custom_ContribSYBNT','13','CRM_Contact_Form_Search_Custom_ContribSYBNT',NULL,0,NULL,13,'Contributions made in Year X and not Year Y',0,0,1,NULL,NULL),(161,25,'CRM_Contact_Form_Search_Custom_TagContributions','14','CRM_Contact_Form_Search_Custom_TagContributions',NULL,0,NULL,14,'Find Contribution Amounts by Tag',0,0,1,NULL,NULL),(162,25,'CRM_Contact_Form_Search_Custom_FullText','15','CRM_Contact_Form_Search_Custom_FullText',NULL,0,NULL,15,'Full-text Search',0,0,1,NULL,NULL),(163,39,'Constituent Report (Summary)','contact/summary','CRM_Report_Form_Contact_Summary',NULL,0,NULL,1,'Provides a list of address and telephone information for constituent records in your system.',0,0,1,NULL,NULL),(164,39,'Constituent Report (Detail)','contact/detail','CRM_Report_Form_Contact_Detail',NULL,0,NULL,2,'Provides a Contact related information of Contribution, Membership, Participant, Activity',0,0,1,NULL,NULL),(165,39,'Activity Report','activity','CRM_Report_Form_Activity',NULL,0,NULL,3,'Provides a list of constituent activity including activity statistics for one/all contacts during a given date range(required)',0,0,1,NULL,NULL),(166,39,'Walk / Phone List Report','walklist','CRM_Report_Form_Walklist',NULL,0,NULL,4,'Provides a detailed report for your walk/phonelist for targetted contacts',0,0,1,NULL,NULL),(167,39,'Current Employer Report','contact/currentEmployer','CRM_Report_Form_Contact_CurrentEmployer',NULL,0,NULL,5,'Provides detail list of employer employee relationships along with employment details Ex Join Date',0,0,1,NULL,NULL),(168,39,'Donor Report ( Summary )','contribute/summary','CRM_Report_Form_Contribute_Summary',NULL,0,NULL,6,'Shows contribution / amount statistics by month / week / year .. country / state .. type.',0,0,1,2,NULL),(169,39,'Donor Report (Detail)','contribute/detail','CRM_Report_Form_Contribute_Detail',NULL,0,NULL,7,'Lists detailed contribution(s) for one / all contacts .. Contribution summary report points to this report for specific details.',0,0,1,2,NULL),(170,39,'Donation Summary Report (Repeat)','contribute/repeatSummary','CRM_Report_Form_Contribute_RepeatSummary',NULL,0,NULL,8,'Given two date ranges, shows contacts (and their contributions) who contributed in both the date ranges with percentage increase / decrease.',0,0,1,2,NULL),(171,39,'Donation Detail Report (Repeat)','contribute/repeatDetail','CRM_Report_Form_Contribute_RepeatDetail',NULL,0,NULL,9,'Allows the user to analyze repeat contributions, contributions that come from the same contact during two periods. Ex if a user wants to see contributions made by people in 2007/2008 and then changed in their contribution behaviour',0,0,1,2,NULL),(172,39,'Donation Summary Report (Count)','contribute/summaryCount','CRM_Report_Form_Contribute_SummaryCount',NULL,0,NULL,10,'Displays Contribution Summary for one/all users including  the number of times they contributed, the total amount contributed and average',0,0,1,2,NULL),(173,39,'Donation Summary Report (Organization)','contribute/organizationSummary','CRM_Report_Form_Contribute_OrganizationSummary',NULL,0,NULL,11,'Displays a detailed contribution report for Organization relationships with contributors, as to if contribution done was  from an employee of some organization or from that Organization itself.',0,0,1,2,NULL),(174,39,'Donation Summary Report (Household)','contribute/householdSummary','CRM_Report_Form_Contribute_HouseholdSummary',NULL,0,NULL,12,'Provides a detailed report for Contributions made by contributors(Or Household itself) who are having a relationship with household (For ex a Contributor is Head of Household for some household or is a member of.)',0,0,1,2,NULL),(175,39,'Top Donors Report','contribute/topDonor','CRM_Report_Form_Contribute_TopDonor',NULL,0,NULL,13,'Provides a list of the top donors during a time period you define. You can include as many donors as you want (for example, top 100 of your donors).',0,0,1,2,NULL),(176,39,'SYBUNT Report','contribute/sybunt','CRM_Report_Form_Contribute_Sybunt',NULL,0,NULL,14,'(some years but unfortunately not this) Provides a list of constituents who donated at some time in the history of your organization but did not donate during the time period you specify.',0,0,1,2,NULL),(177,39,'LYBUNT Report','contribute/lybunt','CRM_Report_Form_Contribute_Lybunt',NULL,0,NULL,15,'(last year but unfortunately not this) Provides a list of constituents who donated last year but did not donate during the time period you specify as the current year.',0,0,1,2,NULL),(178,39,'Membership Report (Summary)','member/summary','CRM_Report_Form_Member_Summary',NULL,0,NULL,16,'Provides alist of members. You can included address and phone information and group the members based on membership type.',0,0,1,3,NULL),(179,39,'Membership Report (Detail)','member/detail','CRM_Report_Form_Member_Detail',NULL,0,NULL,17,'Provides a list of member along with their membership Status and membership details Ex Join Date, start Date, End Date',0,0,1,3,NULL),(180,39,'Membership Report (Lapsed)','member/lapseSummary','CRM_Report_Form_Member_LapseSummary',NULL,0,NULL,18,'Provides a list of memberships that lapsed or will lapse before the date you specify.',0,0,1,3,NULL),(181,39,'Event Participant Report (List)','event/participantListing','CRM_Report_Form_Event_ParticipantListing',NULL,0,NULL,19,'Provides lists of sponsors or registrants for an event.',0,0,1,1,NULL),(182,39,'Event Report (List)','event/eventSummary','CRM_Report_Form_Event_EventSummary',NULL,0,NULL,20,'Provides an overview of event finances. You can include key information, such as event ID, registration, attendance, income generated to help you determine the success of an event.',0,0,1,1,NULL),(183,39,'Event Report (Income)','event/eventIncome','CRM_Report_Form_Event_EventIncome',NULL,0,NULL,21,'Helps you to analyze the income generated by an event. The report can include the Detail Analysis for participant type, participant status, payment methods of registrants.',0,0,1,1,NULL),(184,39,'Pledge Report','pledge/summary','CRM_Report_Form_Pledge_Summary',NULL,0,NULL,22,'Pledge Report',0,0,1,6,NULL),(185,39,'Pledged But not Paid Report','pledge/pbnp','CRM_Report_Form_Pledge_Pbnp',NULL,0,NULL,23,'Pledged but not Paid Report',0,0,1,6,NULL),(186,26,'Scheduled','1','Scheduled',NULL,0,1,1,NULL,0,1,1,NULL,NULL),(187,26,'Completed','2','Completed',NULL,0,NULL,2,NULL,0,1,1,NULL,NULL),(188,26,'Cancelled','3','Cancelled',NULL,0,NULL,3,NULL,0,1,1,NULL,NULL),(189,26,'Left Message','4','Left Message',NULL,0,NULL,4,NULL,0,0,1,NULL,NULL),(190,26,'Unreachable','5','Unreachable',NULL,0,NULL,5,NULL,0,0,1,NULL,NULL),(191,26,'Not Required','6','Not Required',NULL,0,NULL,6,NULL,0,0,1,NULL,NULL),(192,28,'Ongoing','1','Open',NULL,0,1,1,NULL,0,1,1,NULL,NULL),(193,28,'Resolved','2','Closed',NULL,0,NULL,2,NULL,0,1,1,NULL,NULL),(194,28,'Urgent','3','Urgent',NULL,0,NULL,3,NULL,0,1,1,NULL,NULL),(195,29,'Name Only','1','Name Only',NULL,0,0,1,'CRM_Event_Page_ParticipantListing_Name',0,1,1,NULL,NULL),(196,29,'Name and Email','2','Name and Email',NULL,0,0,2,'CRM_Event_Page_ParticipantListing_NameAndEmail',0,1,1,NULL,NULL),(197,29,'Name, Status and Register Date','3','Name, Status and Register Date',NULL,0,0,3,'CRM_Event_Page_ParticipantListing_NameStatusAndDate',0,1,1,NULL,NULL),(198,30,'jpg','1',NULL,NULL,0,0,1,NULL,0,0,1,NULL,NULL),(199,30,'jpeg','2',NULL,NULL,0,0,2,NULL,0,0,1,NULL,NULL),(200,30,'png','3',NULL,NULL,0,0,3,NULL,0,0,1,NULL,NULL),(201,30,'gif','4',NULL,NULL,0,0,4,NULL,0,0,1,NULL,NULL),(202,30,'txt','5',NULL,NULL,0,0,5,NULL,0,0,1,NULL,NULL),(203,30,'pdf','6',NULL,NULL,0,0,6,NULL,0,0,1,NULL,NULL),(204,30,'doc','7',NULL,NULL,0,0,7,NULL,0,0,1,NULL,NULL),(205,30,'xls','8',NULL,NULL,0,0,8,NULL,0,0,1,NULL,NULL),(206,30,'rtf','9',NULL,NULL,0,0,9,NULL,0,0,1,NULL,NULL),(207,30,'csv','10',NULL,NULL,0,0,10,NULL,0,0,1,NULL,NULL),(208,30,'ppt','11',NULL,NULL,0,0,11,NULL,0,0,1,NULL,NULL),(209,33,'TinyMCE','1',NULL,NULL,0,NULL,1,NULL,0,1,1,NULL,NULL),(210,33,'FCKEditor','2',NULL,NULL,0,NULL,2,NULL,0,1,1,NULL,NULL),(211,32,'Search Builder','1','Search Builder',NULL,0,0,1,NULL,0,1,1,NULL,NULL),(212,32,'Import Contact','2','Import Contact',NULL,0,0,2,NULL,0,1,1,NULL,NULL),(213,32,'Import Activity','3','Import Activity',NULL,0,0,3,NULL,0,1,1,NULL,NULL),(214,32,'Import Contribution','4','Import Contribution',NULL,0,0,4,NULL,0,1,1,NULL,NULL),(215,32,'Import Membership','5','Import Membership',NULL,0,0,5,NULL,0,1,1,NULL,NULL),(216,32,'Import Participant','6','Import Participant',NULL,0,0,6,NULL,0,1,1,NULL,NULL),(217,32,'Export Contact','7','Export Contact',NULL,0,0,7,NULL,0,1,1,NULL,NULL),(218,32,'Export Contribution','8','Export Contribution',NULL,0,0,8,NULL,0,1,1,NULL,NULL),(219,32,'Export Membership','9','Export Membership',NULL,0,0,9,NULL,0,1,1,NULL,NULL),(220,32,'Export Participant','10','Export Participant',NULL,0,0,10,NULL,0,1,1,NULL,NULL),(221,32,'Export Pledge','11','Export Pledge',NULL,0,0,11,NULL,0,1,1,NULL,NULL),(222,32,'Export Case','12','Export Case',NULL,0,0,12,NULL,0,1,1,NULL,NULL),(223,34,'daily','day','day',NULL,0,NULL,1,NULL,0,1,1,NULL,NULL),(224,34,'weekly','week','week',NULL,0,NULL,2,NULL,0,1,1,NULL,NULL),(225,34,'monthly','month','month',NULL,0,NULL,3,NULL,0,1,1,NULL,NULL),(226,34,'yearly','year','year',NULL,0,NULL,4,NULL,0,1,1,NULL,NULL),(227,35,'Dear [first]','1','Dear [first]',NULL,0,1,1,NULL,0,0,1,NULL,NULL),(228,35,'Dear [prefix] [first] [last]','2','Dear [prefix] [first] [last]',NULL,0,NULL,2,NULL,0,0,1,NULL,NULL),(229,35,'Dear [prefix] [last]','3','Dear [prefix] [last]',NULL,0,NULL,3,NULL,0,0,1,NULL,NULL),(230,35,'Customized','4','Customized',NULL,0,NULL,4,NULL,0,1,1,NULL,NULL),(231,36,'Phone','1','Phone',NULL,0,NULL,1,NULL,0,0,1,NULL,NULL),(232,36,'Mobile','2','Mobile',NULL,0,NULL,2,NULL,0,0,1,NULL,NULL),(233,36,'Fax','3','Fax',NULL,0,NULL,3,NULL,0,0,1,NULL,NULL),(234,36,'Pager','4','Pager',NULL,0,NULL,4,NULL,0,0,1,NULL,NULL),(235,36,'Voicemail','5','Voicemail',NULL,0,NULL,5,NULL,0,0,1,NULL,NULL),(236,31,'\"FIXME\"<info@FIXME.ORG>','1','\"FIXME\"<info@FIXME.ORG>',NULL,0,1,1,'Default domain email address and from name.',0,0,1,NULL,NULL),(237,37,'Participant Role','1','ParticipantRole',NULL,0,NULL,1,NULL,0,0,1,NULL,NULL),(238,37,'Participant Event Name','2','ParticipantEventName',NULL,0,NULL,2,NULL,0,0,1,NULL,NULL),(239,38,'Public','1','public',NULL,0,NULL,1,NULL,0,0,1,NULL,NULL),(240,38,'Admin','2','admin',NULL,0,NULL,2,NULL,0,0,1,NULL,NULL),(241,40,'IMAP','1','IMAP',NULL,0,NULL,1,NULL,0,0,1,NULL,NULL),(242,40,'Maildir','2','Maildir',NULL,0,NULL,2,NULL,0,0,1,NULL,NULL),(243,40,'POP3','3','POP3',NULL,0,NULL,3,NULL,0,0,1,NULL,NULL),(244,40,'Localdir','4','Localdir',NULL,0,NULL,4,NULL,0,0,1,NULL,NULL),(245,41,'In Person','1','in_person',NULL,0,0,1,NULL,0,1,1,NULL,NULL),(246,41,'Phone','2','phone',NULL,0,1,2,NULL,0,1,1,NULL,NULL),(247,41,'Email','3','email',NULL,0,0,3,NULL,0,1,1,NULL,NULL),(248,41,'Fax','4','fax',NULL,0,0,4,NULL,0,1,1,NULL,NULL),(249,41,'Letter Mail','5','letter_mail',NULL,0,0,5,NULL,0,1,1,NULL,NULL),(250,42,'Friend','1.00',NULL,NULL,NULL,0,1,NULL,0,0,1,NULL,NULL),(251,42,'Supporter','5.00',NULL,NULL,NULL,0,2,NULL,0,0,1,NULL,NULL),(252,42,'Booster','10.00',NULL,NULL,NULL,1,3,NULL,0,0,1,NULL,NULL),(253,42,'Sustainer','50.00',NULL,NULL,NULL,0,4,NULL,0,0,1,NULL,NULL),(254,2,'Interview','20','Interview',NULL,0,NULL,20,'Conduct a phone or in person interview.',0,0,1,NULL,NULL),(255,43,'Single','50',NULL,NULL,NULL,0,1,NULL,0,0,1,NULL,NULL),(256,43,'Couple','100',NULL,NULL,NULL,0,2,NULL,0,0,1,NULL,NULL),(257,43,'Family','200',NULL,NULL,NULL,0,3,NULL,0,0,1,NULL,NULL),(258,44,'Bass','25',NULL,NULL,NULL,0,1,NULL,0,0,1,NULL,NULL),(259,44,'Tenor','40',NULL,NULL,NULL,0,2,NULL,0,0,1,NULL,NULL),(260,44,'Soprano','50',NULL,NULL,NULL,0,3,NULL,0,0,1,NULL,NULL),(261,45,'Tiny-tots (ages 5-8)','800',NULL,NULL,NULL,0,1,NULL,0,0,1,NULL,NULL),(262,45,'Junior Stars (ages 9-12)','1000',NULL,NULL,NULL,0,2,NULL,0,0,1,NULL,NULL),(263,45,'Super Stars (ages 13-18)','1500',NULL,NULL,NULL,0,3,NULL,0,0,1,NULL,NULL);
/*!40000 ALTER TABLE `civicrm_option_value` ENABLE KEYS */;
UNLOCK TABLES;

--
-- Dumping data for table `civicrm_participant`
--

LOCK TABLES `civicrm_participant` WRITE;
/*!40000 ALTER TABLE `civicrm_participant` DISABLE KEYS */;
INSERT INTO `civicrm_participant` (`id`, `contact_id`, `event_id`, `status_id`, `role_id`, `register_date`, `source`, `fee_level`, `is_test`, `is_pay_later`, `fee_amount`, `registered_by_id`, `discount_id`) VALUES (1,227,2,3,2,'2008-08-25 07:22:52','Credit Card','Soprano',0,0,'50.00',NULL,NULL),(2,230,3,3,3,'2009-04-07 01:20:16','Credit Card','Tiny-tots (ages 5-8)',0,0,'800.00',NULL,NULL),(3,476,1,2,4,'2008-09-06 01:16:49','Credit Card','Single',0,0,'50.00',NULL,NULL),(4,484,3,1,3,'2009-04-23 12:06:27','Credit Card','Tiny-tots (ages 5-8)',0,0,'800.00',NULL,NULL),(5,96,2,4,2,'2009-01-11 02:01:17','Credit Card','Soprano',0,0,'50.00',NULL,NULL),(6,304,1,3,2,'2008-11-28 10:37:08','Credit Card','Single',0,0,'50.00',NULL,NULL),(7,474,3,3,1,'2008-06-23 02:35:29','Credit Card','Tiny-tots (ages 5-8)',0,0,'800.00',NULL,NULL),(8,66,1,5,3,'2009-03-08 07:09:03','Credit Card','Single',0,0,'50.00',NULL,NULL),(9,433,2,1,4,'2009-03-18 05:50:26','Credit Card','Soprano',0,0,'50.00',NULL,NULL),(10,415,2,1,1,'2008-06-20 06:53:21','Credit Card','Soprano',0,0,'50.00',NULL,NULL),(11,371,3,5,4,'2008-12-15 04:42:35','Credit Card','Tiny-tots (ages 5-8)',0,0,'800.00',NULL,NULL),(12,405,2,3,3,'2008-06-14 11:09:55','Credit Card','Soprano',0,0,'50.00',NULL,NULL),(13,177,1,5,4,'2008-08-19 11:09:12','Credit Card','Single',0,0,'50.00',NULL,NULL),(14,49,1,5,1,'2008-06-02 08:00:07','Credit Card','Single',0,0,'50.00',NULL,NULL),(15,278,3,3,1,'2008-06-29 04:09:41','Credit Card','Tiny-tots (ages 5-8)',0,0,'800.00',NULL,NULL),(16,461,3,2,2,'2008-05-30 04:53:55','Credit Card','Tiny-tots (ages 5-8)',0,0,'800.00',NULL,NULL),(17,1,1,4,1,'2009-01-19 12:26:52','Credit Card','Single',0,0,'50.00',NULL,NULL),(18,452,1,5,2,'2009-01-09 03:32:13','Credit Card','Single',0,0,'50.00',NULL,NULL),(19,293,3,1,3,'2008-08-03 04:53:06','Credit Card','Tiny-tots (ages 5-8)',0,0,'800.00',NULL,NULL),(20,204,2,1,1,'2009-04-27 04:29:57','Credit Card','Soprano',0,0,'50.00',NULL,NULL),(21,154,3,2,3,'2008-08-20 12:03:36','Credit Card','Tiny-tots (ages 5-8)',0,0,'800.00',NULL,NULL),(22,149,2,5,4,'2008-12-26 10:34:02','Credit Card','Soprano',0,0,'50.00',NULL,NULL),(23,169,3,3,1,'2008-07-15 05:10:49','Credit Card','Tiny-tots (ages 5-8)',0,0,'800.00',NULL,NULL),(24,249,2,3,3,'2009-03-07 08:18:54','Credit Card','Soprano',0,0,'50.00',NULL,NULL),(25,462,2,3,2,'2009-01-24 05:34:04','Credit Card','Soprano',0,0,'50.00',NULL,NULL),(26,109,3,4,1,'2008-06-02 02:05:05','Credit Card','Tiny-tots (ages 5-8)',0,0,'800.00',NULL,NULL),(27,277,2,2,2,'2009-04-16 01:19:03','Credit Card','Soprano',0,0,'50.00',NULL,NULL),(28,387,3,5,4,'2009-02-14 03:34:00','Credit Card','Tiny-tots (ages 5-8)',0,0,'800.00',NULL,NULL),(29,224,3,1,3,'2009-02-01 12:33:34','Credit Card','Tiny-tots (ages 5-8)',0,0,'800.00',NULL,NULL),(30,289,3,3,4,'2008-10-10 02:04:27','Credit Card','Tiny-tots (ages 5-8)',0,0,'800.00',NULL,NULL),(31,463,1,1,3,'2008-09-20 04:36:33','Credit Card','Single',0,0,'50.00',NULL,NULL),(32,461,2,4,3,'2008-12-18 06:59:27','Credit Card','Soprano',0,0,'50.00',NULL,NULL),(33,254,2,2,4,'2009-05-05 06:04:48','Credit Card','Soprano',0,0,'50.00',NULL,NULL),(34,275,2,5,4,'2008-09-10 08:53:01','Credit Card','Soprano',0,0,'50.00',NULL,NULL),(35,368,3,2,1,'2008-06-26 09:57:43','Credit Card','Tiny-tots (ages 5-8)',0,0,'800.00',NULL,NULL),(36,108,1,3,3,'2009-01-16 02:16:09','Credit Card','Single',0,0,'50.00',NULL,NULL),(37,207,2,5,4,'2008-09-25 10:08:08','Credit Card','Soprano',0,0,'50.00',NULL,NULL),(38,408,1,1,1,'2009-04-08 11:30:14','Credit Card','Single',0,0,'50.00',NULL,NULL),(39,487,1,4,1,'2009-04-14 12:58:58','Credit Card','Single',0,0,'50.00',NULL,NULL),(40,392,3,2,2,'2009-05-22 08:16:02','Credit Card','Tiny-tots (ages 5-8)',0,0,'800.00',NULL,NULL),(41,402,2,1,4,'2008-08-15 08:15:08','Credit Card','Soprano',0,0,'50.00',NULL,NULL),(42,421,1,4,3,'2008-11-20 10:34:08','Credit Card','Single',0,0,'50.00',NULL,NULL),(43,158,3,2,1,'2008-08-26 12:51:47','Credit Card','Tiny-tots (ages 5-8)',0,0,'800.00',NULL,NULL),(44,3,1,1,4,'2008-09-03 01:05:27','Credit Card','Single',0,0,'50.00',NULL,NULL),(45,310,2,4,3,'2008-10-08 05:00:39','Credit Card','Soprano',0,0,'50.00',NULL,NULL),(46,273,2,2,1,'2009-03-05 12:21:17','Credit Card','Soprano',0,0,'50.00',NULL,NULL),(47,60,1,1,4,'2008-11-16 05:20:50','Credit Card','Single',0,0,'50.00',NULL,NULL),(48,400,3,1,4,'2008-11-30 11:18:20','Credit Card','Tiny-tots (ages 5-8)',0,0,'800.00',NULL,NULL),(49,50,3,2,2,'2008-07-22 04:00:53','Credit Card','Tiny-tots (ages 5-8)',0,0,'800.00',NULL,NULL),(50,455,2,5,1,'2009-04-10 09:24:16','Credit Card','Soprano',0,0,'50.00',NULL,NULL),(51,339,1,4,4,'2008-12-06 07:19:07','Credit Card','Single',0,0,'50.00',NULL,NULL),(52,80,2,1,4,'2009-03-03 02:05:07','Credit Card','Soprano',0,0,'50.00',NULL,NULL),(53,145,3,1,3,'2009-01-27 09:43:53','Credit Card','Tiny-tots (ages 5-8)',0,0,'800.00',NULL,NULL),(54,60,3,3,4,'2008-09-13 06:17:45','Credit Card','Tiny-tots (ages 5-8)',0,0,'800.00',NULL,NULL),(55,44,3,2,2,'2008-10-27 06:29:05','Credit Card','Tiny-tots (ages 5-8)',0,0,'800.00',NULL,NULL),(56,108,2,4,2,'2008-07-24 08:54:36','Credit Card','Soprano',0,0,'50.00',NULL,NULL),(57,232,3,1,1,'2009-02-14 12:34:54','Credit Card','Tiny-tots (ages 5-8)',0,0,'800.00',NULL,NULL),(58,223,3,2,3,'2008-11-15 04:06:22','Credit Card','Tiny-tots (ages 5-8)',0,0,'800.00',NULL,NULL),(59,455,2,5,4,'2008-11-02 08:03:08','Credit Card','Soprano',0,0,'50.00',NULL,NULL),(60,296,2,2,1,'2009-01-27 07:50:18','Credit Card','Soprano',0,0,'50.00',NULL,NULL),(61,162,3,3,4,'2008-06-20 07:09:59','Credit Card','Tiny-tots (ages 5-8)',0,0,'800.00',NULL,NULL),(62,139,1,4,1,'2009-03-17 04:32:33','Credit Card','Single',0,0,'50.00',NULL,NULL),(63,354,3,3,2,'2009-03-13 06:31:19','Credit Card','Tiny-tots (ages 5-8)',0,0,'800.00',NULL,NULL),(64,363,2,2,1,'2008-11-06 11:00:01','Credit Card','Soprano',0,0,'50.00',NULL,NULL),(65,335,1,3,2,'2009-04-26 04:03:52','Credit Card','Single',0,0,'50.00',NULL,NULL),(66,63,2,3,1,'2008-12-27 11:48:35','Credit Card','Soprano',0,0,'50.00',NULL,NULL),(67,450,1,5,4,'2009-01-08 02:38:23','Credit Card','Single',0,0,'50.00',NULL,NULL),(68,444,3,4,2,'2008-07-18 04:04:50','Credit Card','Tiny-tots (ages 5-8)',0,0,'800.00',NULL,NULL),(69,460,2,3,1,'2008-08-11 01:26:37','Credit Card','Soprano',0,0,'50.00',NULL,NULL),(70,8,3,5,2,'2008-08-15 11:09:30','Credit Card','Tiny-tots (ages 5-8)',0,0,'800.00',NULL,NULL),(71,218,3,5,3,'2009-02-01 06:27:40','Credit Card','Tiny-tots (ages 5-8)',0,0,'800.00',NULL,NULL),(72,3,3,2,3,'2008-11-18 07:30:34','Credit Card','Tiny-tots (ages 5-8)',0,0,'800.00',NULL,NULL),(73,321,1,2,1,'2008-10-11 05:49:19','Credit Card','Single',0,0,'50.00',NULL,NULL),(74,478,3,2,4,'2009-02-05 01:54:22','Credit Card','Tiny-tots (ages 5-8)',0,0,'800.00',NULL,NULL),(75,291,3,2,4,'2009-04-19 08:35:46','Credit Card','Tiny-tots (ages 5-8)',0,0,'800.00',NULL,NULL),(76,483,1,4,2,'2009-03-10 06:26:17','Credit Card','Single',0,0,'50.00',NULL,NULL),(77,304,2,2,3,'2008-11-30 03:51:03','Credit Card','Soprano',0,0,'50.00',NULL,NULL),(78,392,1,5,4,'2008-09-07 02:35:52','Credit Card','Single',0,0,'50.00',NULL,NULL),(79,225,2,1,4,'2008-08-31 02:46:51','Credit Card','Soprano',0,0,'50.00',NULL,NULL),(80,222,1,2,1,'2008-12-30 05:16:29','Credit Card','Single',0,0,'50.00',NULL,NULL),(81,447,3,5,2,'2008-06-20 10:51:50','Credit Card','Tiny-tots (ages 5-8)',0,0,'800.00',NULL,NULL),(82,128,1,5,2,'2009-04-19 07:48:24','Credit Card','Single',0,0,'50.00',NULL,NULL),(83,330,2,3,3,'2008-10-18 11:53:49','Credit Card','Soprano',0,0,'50.00',NULL,NULL),(84,196,1,2,1,'2008-11-11 12:34:12','Credit Card','Single',0,0,'50.00',NULL,NULL),(85,190,2,5,4,'2008-08-30 06:57:26','Credit Card','Soprano',0,0,'50.00',NULL,NULL),(86,422,1,4,3,'2008-12-14 02:22:07','Credit Card','Single',0,0,'50.00',NULL,NULL),(87,122,3,4,1,'2008-08-01 04:00:39','Credit Card','Tiny-tots (ages 5-8)',0,0,'800.00',NULL,NULL),(88,39,3,4,4,'2008-10-28 11:51:58','Credit Card','Tiny-tots (ages 5-8)',0,0,'800.00',NULL,NULL),(89,80,3,1,3,'2008-06-09 02:43:10','Credit Card','Tiny-tots (ages 5-8)',0,0,'800.00',NULL,NULL),(90,120,2,1,2,'2009-03-21 04:14:01','Credit Card','Soprano',0,0,'50.00',NULL,NULL),(91,299,3,2,3,'2008-09-28 04:22:27','Credit Card','Tiny-tots (ages 5-8)',0,0,'800.00',NULL,NULL),(92,46,2,4,2,'2009-01-04 01:05:21','Credit Card','Soprano',0,0,'50.00',NULL,NULL),(93,105,3,2,2,'2009-01-17 04:31:03','Credit Card','Tiny-tots (ages 5-8)',0,0,'800.00',NULL,NULL),(94,476,1,4,4,'2008-08-16 12:36:04','Credit Card','Single',0,0,'50.00',NULL,NULL),(95,71,3,2,1,'2008-09-23 10:33:31','Credit Card','Tiny-tots (ages 5-8)',0,0,'800.00',NULL,NULL),(96,400,1,5,2,'2008-07-19 06:38:49','Credit Card','Single',0,0,'50.00',NULL,NULL),(97,376,3,2,1,'2008-08-18 12:01:45','Credit Card','Tiny-tots (ages 5-8)',0,0,'800.00',NULL,NULL),(98,379,2,3,4,'2009-03-03 02:25:11','Credit Card','Soprano',0,0,'50.00',NULL,NULL),(99,69,1,2,4,'2008-08-13 08:27:47','Credit Card','Single',0,0,'50.00',NULL,NULL),(100,162,2,5,2,'2008-11-22 11:41:45','Credit Card','Soprano',0,0,'50.00',NULL,NULL),(101,191,3,2,3,'2009-04-18 09:55:30','Credit Card','Tiny-tots (ages 5-8)',0,0,'800.00',NULL,NULL),(102,50,1,5,1,'2008-10-03 05:49:11','Credit Card','Single',0,0,'50.00',NULL,NULL),(103,405,1,5,2,'2009-05-28 10:39:15','Credit Card','Single',0,0,'50.00',NULL,NULL),(104,457,2,1,4,'2008-09-01 05:16:46','Credit Card','Soprano',0,0,'50.00',NULL,NULL),(105,432,2,5,4,'2009-02-25 12:39:52','Credit Card','Soprano',0,0,'50.00',NULL,NULL),(106,91,2,2,4,'2008-08-30 12:21:19','Credit Card','Soprano',0,0,'50.00',NULL,NULL),(107,340,1,5,2,'2008-10-22 07:43:51','Credit Card','Single',0,0,'50.00',NULL,NULL),(108,286,3,5,4,'2009-01-12 09:49:33','Credit Card','Tiny-tots (ages 5-8)',0,0,'800.00',NULL,NULL),(109,70,2,4,1,'2009-05-16 07:31:19','Credit Card','Soprano',0,0,'50.00',NULL,NULL),(110,59,3,4,3,'2008-07-08 11:14:21','Credit Card','Tiny-tots (ages 5-8)',0,0,'800.00',NULL,NULL),(111,439,2,1,4,'2009-03-03 02:51:55','Credit Card','Soprano',0,0,'50.00',NULL,NULL),(112,252,1,4,3,'2008-11-30 02:31:08','Credit Card','Single',0,0,'50.00',NULL,NULL),(113,473,1,2,4,'2008-12-06 11:43:36','Credit Card','Single',0,0,'50.00',NULL,NULL),(114,465,3,1,3,'2008-05-29 04:07:59','Credit Card','Tiny-tots (ages 5-8)',0,0,'800.00',NULL,NULL),(115,5,2,5,3,'2009-02-10 07:42:38','Credit Card','Soprano',0,0,'50.00',NULL,NULL),(116,425,3,2,3,'2008-08-02 04:33:50','Credit Card','Tiny-tots (ages 5-8)',0,0,'800.00',NULL,NULL),(117,136,3,5,2,'2008-12-16 03:27:53','Credit Card','Tiny-tots (ages 5-8)',0,0,'800.00',NULL,NULL),(118,61,3,3,3,'2009-01-04 08:50:24','Credit Card','Tiny-tots (ages 5-8)',0,0,'800.00',NULL,NULL),(119,229,1,1,4,'2009-02-17 05:42:05','Credit Card','Single',0,0,'50.00',NULL,NULL),(120,63,1,5,3,'2009-05-24 11:15:42','Credit Card','Single',0,0,'50.00',NULL,NULL),(121,1,3,5,3,'2008-07-08 09:07:52','Credit Card','Tiny-tots (ages 5-8)',0,0,'800.00',NULL,NULL),(122,249,2,5,2,'2009-04-07 07:00:00','Credit Card','Soprano',0,0,'50.00',NULL,NULL),(123,37,2,2,2,'2008-08-30 04:53:42','Credit Card','Soprano',0,0,'50.00',NULL,NULL),(124,421,1,4,1,'2009-02-14 08:06:04','Credit Card','Single',0,0,'50.00',NULL,NULL),(125,77,3,2,2,'2009-03-15 07:05:36','Credit Card','Tiny-tots (ages 5-8)',0,0,'800.00',NULL,NULL),(126,284,2,3,1,'2009-04-08 11:26:47','Credit Card','Soprano',0,0,'50.00',NULL,NULL),(127,179,1,1,3,'2009-02-28 04:38:57','Credit Card','Single',0,0,'50.00',NULL,NULL),(128,127,2,1,3,'2009-03-01 12:47:11','Credit Card','Soprano',0,0,'50.00',NULL,NULL),(129,256,1,1,4,'2009-02-27 10:35:52','Credit Card','Single',0,0,'50.00',NULL,NULL),(130,64,3,1,3,'2009-03-27 07:33:00','Credit Card','Tiny-tots (ages 5-8)',0,0,'800.00',NULL,NULL),(131,382,2,3,3,'2008-11-04 06:16:39','Credit Card','Soprano',0,0,'50.00',NULL,NULL),(132,291,1,2,3,'2008-08-21 07:28:59','Credit Card','Single',0,0,'50.00',NULL,NULL),(133,323,2,5,1,'2009-02-18 09:44:51','Credit Card','Soprano',0,0,'50.00',NULL,NULL),(134,171,3,3,1,'2008-06-25 09:22:59','Credit Card','Tiny-tots (ages 5-8)',0,0,'800.00',NULL,NULL),(135,332,1,4,3,'2009-01-07 04:01:51','Credit Card','Single',0,0,'50.00',NULL,NULL),(136,249,1,3,1,'2008-09-01 05:49:49','Credit Card','Single',0,0,'50.00',NULL,NULL),(137,213,1,3,4,'2008-11-09 12:12:10','Credit Card','Single',0,0,'50.00',NULL,NULL),(138,332,1,3,1,'2009-05-26 12:11:40','Credit Card','Single',0,0,'50.00',NULL,NULL),(139,196,2,2,3,'2009-03-08 04:03:21','Credit Card','Soprano',0,0,'50.00',NULL,NULL),(140,408,1,3,2,'2009-03-08 05:05:26','Credit Card','Single',0,0,'50.00',NULL,NULL),(141,80,2,1,1,'2008-10-30 07:23:09','Credit Card','Soprano',0,0,'50.00',NULL,NULL),(142,48,1,3,4,'2008-11-10 04:03:45','Credit Card','Single',0,0,'50.00',NULL,NULL),(143,343,3,1,3,'2008-09-06 08:12:06','Credit Card','Tiny-tots (ages 5-8)',0,0,'800.00',NULL,NULL),(144,321,2,1,2,'2008-09-01 10:52:41','Credit Card','Soprano',0,0,'50.00',NULL,NULL),(145,45,3,3,2,'2009-04-02 04:05:06','Credit Card','Tiny-tots (ages 5-8)',0,0,'800.00',NULL,NULL),(146,395,3,2,2,'2009-01-01 02:49:40','Credit Card','Tiny-tots (ages 5-8)',0,0,'800.00',NULL,NULL),(147,145,1,2,2,'2008-12-18 03:47:20','Credit Card','Single',0,0,'50.00',NULL,NULL),(148,182,1,1,3,'2008-09-30 10:44:33','Credit Card','Single',0,0,'50.00',NULL,NULL),(149,240,2,4,4,'2008-07-16 11:55:31','Credit Card','Soprano',0,0,'50.00',NULL,NULL),(150,451,3,4,3,'2009-01-15 09:04:15','Credit Card','Tiny-tots (ages 5-8)',0,0,'800.00',NULL,NULL),(151,336,2,3,3,'2009-02-24 10:13:46','Credit Card','Soprano',0,0,'50.00',NULL,NULL),(152,440,1,2,2,'2008-07-15 07:08:53','Credit Card','Single',0,0,'50.00',NULL,NULL),(153,355,3,1,1,'2009-05-26 02:14:18','Credit Card','Tiny-tots (ages 5-8)',0,0,'800.00',NULL,NULL),(154,113,2,4,4,'2008-12-24 07:02:39','Credit Card','Soprano',0,0,'50.00',NULL,NULL),(155,148,2,5,2,'2009-02-25 11:18:39','Credit Card','Soprano',0,0,'50.00',NULL,NULL),(156,460,3,3,2,'2009-04-22 01:14:07','Credit Card','Tiny-tots (ages 5-8)',0,0,'800.00',NULL,NULL),(157,62,3,2,2,'2008-07-21 10:30:22','Credit Card','Tiny-tots (ages 5-8)',0,0,'800.00',NULL,NULL),(158,169,3,5,3,'2008-07-27 05:50:48','Credit Card','Tiny-tots (ages 5-8)',0,0,'800.00',NULL,NULL),(159,310,3,5,4,'2009-04-14 03:19:32','Credit Card','Tiny-tots (ages 5-8)',0,0,'800.00',NULL,NULL),(160,219,2,2,1,'2008-12-21 04:46:16','Credit Card','Soprano',0,0,'50.00',NULL,NULL),(161,21,2,4,2,'2008-07-25 02:13:18','Credit Card','Soprano',0,0,'50.00',NULL,NULL),(162,332,3,5,1,'2009-01-19 12:18:26','Credit Card','Tiny-tots (ages 5-8)',0,0,'800.00',NULL,NULL),(163,163,1,5,3,'2008-08-14 10:04:14','Credit Card','Single',0,0,'50.00',NULL,NULL),(164,275,2,4,4,'2008-09-18 04:07:19','Credit Card','Soprano',0,0,'50.00',NULL,NULL),(165,305,1,3,1,'2008-07-23 06:43:07','Credit Card','Single',0,0,'50.00',NULL,NULL),(166,420,1,3,4,'2009-03-20 10:02:11','Credit Card','Single',0,0,'50.00',NULL,NULL),(167,392,1,5,4,'2008-09-06 09:15:18','Credit Card','Single',0,0,'50.00',NULL,NULL),(168,220,2,2,1,'2009-03-25 07:52:21','Credit Card','Soprano',0,0,'50.00',NULL,NULL),(169,326,1,3,2,'2009-03-24 04:54:26','Credit Card','Single',0,0,'50.00',NULL,NULL),(170,171,3,5,3,'2009-03-06 06:16:47','Credit Card','Tiny-tots (ages 5-8)',0,0,'800.00',NULL,NULL),(171,154,2,4,2,'2009-02-28 07:18:09','Credit Card','Soprano',0,0,'50.00',NULL,NULL),(172,131,1,5,3,'2008-08-04 07:09:42','Credit Card','Single',0,0,'50.00',NULL,NULL),(173,272,1,2,1,'2009-05-17 07:23:51','Credit Card','Single',0,0,'50.00',NULL,NULL),(174,219,3,1,4,'2008-06-01 09:05:46','Credit Card','Tiny-tots (ages 5-8)',0,0,'800.00',NULL,NULL),(175,332,3,4,4,'2009-05-07 11:39:39','Credit Card','Tiny-tots (ages 5-8)',0,0,'800.00',NULL,NULL),(176,246,3,3,4,'2008-11-16 05:06:12','Credit Card','Tiny-tots (ages 5-8)',0,0,'800.00',NULL,NULL),(177,12,2,5,2,'2009-01-04 10:32:19','Credit Card','Soprano',0,0,'50.00',NULL,NULL),(178,275,1,2,1,'2008-12-16 03:40:00','Credit Card','Single',0,0,'50.00',NULL,NULL),(179,413,2,1,2,'2008-08-09 09:29:58','Credit Card','Soprano',0,0,'50.00',NULL,NULL),(180,334,1,5,4,'2009-01-27 07:41:49','Credit Card','Single',0,0,'50.00',NULL,NULL),(181,41,3,1,1,'2008-12-01 07:57:17','Credit Card','Tiny-tots (ages 5-8)',0,0,'800.00',NULL,NULL),(182,343,2,3,4,'2009-04-30 01:13:02','Credit Card','Soprano',0,0,'50.00',NULL,NULL),(183,52,2,4,1,'2009-02-19 11:28:22','Credit Card','Soprano',0,0,'50.00',NULL,NULL),(184,25,1,1,1,'2008-12-24 01:55:59','Credit Card','Single',0,0,'50.00',NULL,NULL),(185,437,3,4,3,'2009-05-05 07:26:53','Credit Card','Tiny-tots (ages 5-8)',0,0,'800.00',NULL,NULL),(186,272,2,1,1,'2008-12-09 10:37:34','Credit Card','Soprano',0,0,'50.00',NULL,NULL),(187,128,1,3,1,'2008-11-19 12:03:20','Credit Card','Single',0,0,'50.00',NULL,NULL),(188,242,1,4,3,'2008-08-23 05:59:42','Credit Card','Single',0,0,'50.00',NULL,NULL),(189,461,2,1,1,'2008-10-19 06:39:41','Credit Card','Soprano',0,0,'50.00',NULL,NULL),(190,27,1,4,4,'2009-05-12 03:31:47','Credit Card','Single',0,0,'50.00',NULL,NULL),(191,459,3,5,2,'2008-08-15 09:13:09','Credit Card','Tiny-tots (ages 5-8)',0,0,'800.00',NULL,NULL),(192,53,2,3,4,'2008-06-19 08:56:06','Credit Card','Soprano',0,0,'50.00',NULL,NULL),(193,119,2,5,4,'2009-02-22 10:16:02','Credit Card','Soprano',0,0,'50.00',NULL,NULL),(194,58,3,3,3,'2009-01-17 12:44:27','Credit Card','Tiny-tots (ages 5-8)',0,0,'800.00',NULL,NULL),(195,429,3,1,2,'2008-12-10 07:46:49','Credit Card','Tiny-tots (ages 5-8)',0,0,'800.00',NULL,NULL),(196,311,2,3,1,'2008-07-03 12:21:34','Credit Card','Soprano',0,0,'50.00',NULL,NULL),(197,217,1,2,2,'2008-06-05 05:44:43','Credit Card','Single',0,0,'50.00',NULL,NULL),(198,199,2,5,2,'2008-08-13 03:06:42','Credit Card','Soprano',0,0,'50.00',NULL,NULL),(199,50,2,4,3,'2008-05-31 08:38:32','Credit Card','Soprano',0,0,'50.00',NULL,NULL),(200,221,3,5,4,'2008-08-09 10:10:42','Credit Card','Tiny-tots (ages 5-8)',0,0,'800.00',NULL,NULL),(201,100,2,2,4,'2008-06-04 08:34:55','Credit Card','Soprano',0,0,'50.00',NULL,NULL),(202,207,2,5,1,'2008-06-23 12:27:43','Credit Card','Soprano',0,0,'50.00',NULL,NULL),(203,188,3,2,1,'2008-08-20 01:53:47','Credit Card','Tiny-tots (ages 5-8)',0,0,'800.00',NULL,NULL),(204,423,3,4,3,'2009-01-25 09:18:06','Credit Card','Tiny-tots (ages 5-8)',0,0,'800.00',NULL,NULL),(205,423,3,4,4,'2009-05-25 11:03:31','Credit Card','Tiny-tots (ages 5-8)',0,0,'800.00',NULL,NULL),(206,199,3,3,4,'2008-09-19 02:18:57','Credit Card','Tiny-tots (ages 5-8)',0,0,'800.00',NULL,NULL),(207,345,2,5,4,'2009-01-24 09:27:49','Credit Card','Soprano',0,0,'50.00',NULL,NULL),(208,31,2,3,4,'2008-11-11 03:27:16','Credit Card','Soprano',0,0,'50.00',NULL,NULL),(209,425,3,3,1,'2009-01-24 05:29:59','Credit Card','Tiny-tots (ages 5-8)',0,0,'800.00',NULL,NULL),(210,269,1,4,4,'2008-11-03 07:05:06','Credit Card','Single',0,0,'50.00',NULL,NULL),(211,179,3,5,2,'2008-07-01 08:44:50','Credit Card','Tiny-tots (ages 5-8)',0,0,'800.00',NULL,NULL),(212,330,1,5,2,'2009-04-04 02:38:55','Credit Card','Single',0,0,'50.00',NULL,NULL),(213,439,1,5,4,'2009-03-23 06:45:30','Credit Card','Single',0,0,'50.00',NULL,NULL),(214,496,2,5,2,'2009-03-02 04:40:56','Credit Card','Soprano',0,0,'50.00',NULL,NULL),(215,152,3,4,1,'2009-05-08 01:40:39','Credit Card','Tiny-tots (ages 5-8)',0,0,'800.00',NULL,NULL),(216,416,1,4,4,'2008-06-20 05:34:08','Credit Card','Single',0,0,'50.00',NULL,NULL),(217,260,2,5,4,'2008-11-08 02:09:35','Credit Card','Soprano',0,0,'50.00',NULL,NULL),(218,194,2,2,3,'2009-02-01 03:11:40','Credit Card','Soprano',0,0,'50.00',NULL,NULL),(219,265,3,2,2,'2008-09-08 12:54:51','Credit Card','Tiny-tots (ages 5-8)',0,0,'800.00',NULL,NULL),(220,437,1,3,2,'2009-04-27 11:30:24','Credit Card','Single',0,0,'50.00',NULL,NULL),(221,99,2,2,4,'2009-01-07 03:12:55','Credit Card','Soprano',0,0,'50.00',NULL,NULL),(222,3,3,2,2,'2009-02-21 08:41:35','Credit Card','Tiny-tots (ages 5-8)',0,0,'800.00',NULL,NULL),(223,144,3,3,2,'2008-06-06 05:23:56','Credit Card','Tiny-tots (ages 5-8)',0,0,'800.00',NULL,NULL),(224,16,1,5,1,'2008-10-26 07:38:09','Credit Card','Single',0,0,'50.00',NULL,NULL),(225,109,3,5,4,'2008-11-02 08:17:48','Credit Card','Tiny-tots (ages 5-8)',0,0,'800.00',NULL,NULL),(226,217,2,3,1,'2008-08-23 11:49:47','Credit Card','Soprano',0,0,'50.00',NULL,NULL),(227,346,2,3,1,'2008-09-12 12:07:01','Credit Card','Soprano',0,0,'50.00',NULL,NULL),(228,152,1,2,4,'2009-05-27 07:03:16','Credit Card','Single',0,0,'50.00',NULL,NULL),(229,74,1,2,1,'2009-01-24 05:27:44','Credit Card','Single',0,0,'50.00',NULL,NULL),(230,41,3,2,4,'2008-12-14 11:44:24','Credit Card','Tiny-tots (ages 5-8)',0,0,'800.00',NULL,NULL),(231,203,1,1,2,'2009-01-23 01:30:05','Credit Card','Single',0,0,'50.00',NULL,NULL),(232,218,3,1,2,'2009-05-07 11:40:01','Credit Card','Tiny-tots (ages 5-8)',0,0,'800.00',NULL,NULL),(233,137,3,1,1,'2008-12-29 11:51:26','Credit Card','Tiny-tots (ages 5-8)',0,0,'800.00',NULL,NULL),(234,430,2,5,4,'2008-10-13 10:36:16','Credit Card','Soprano',0,0,'50.00',NULL,NULL),(235,494,2,1,1,'2008-08-24 11:17:25','Credit Card','Soprano',0,0,'50.00',NULL,NULL),(236,350,1,4,1,'2008-10-30 02:37:55','Credit Card','Single',0,0,'50.00',NULL,NULL),(237,361,1,2,1,'2008-07-25 10:07:27','Credit Card','Single',0,0,'50.00',NULL,NULL),(238,212,2,4,1,'2009-05-16 08:41:11','Credit Card','Soprano',0,0,'50.00',NULL,NULL),(239,135,3,1,1,'2009-04-22 02:31:05','Credit Card','Tiny-tots (ages 5-8)',0,0,'800.00',NULL,NULL),(240,70,2,3,2,'2009-03-21 10:14:27','Credit Card','Soprano',0,0,'50.00',NULL,NULL),(241,458,3,4,4,'2009-03-10 12:27:58','Credit Card','Tiny-tots (ages 5-8)',0,0,'800.00',NULL,NULL),(242,388,2,5,2,'2008-06-20 07:04:02','Credit Card','Soprano',0,0,'50.00',NULL,NULL),(243,417,3,2,3,'2009-02-28 01:13:24','Credit Card','Tiny-tots (ages 5-8)',0,0,'800.00',NULL,NULL),(244,47,3,2,2,'2009-01-14 12:16:35','Credit Card','Tiny-tots (ages 5-8)',0,0,'800.00',NULL,NULL),(245,220,1,5,4,'2008-06-13 03:13:16','Credit Card','Single',0,0,'50.00',NULL,NULL),(246,131,1,5,3,'2009-01-14 12:21:26','Credit Card','Single',0,0,'50.00',NULL,NULL),(247,302,1,4,4,'2009-05-06 01:23:24','Credit Card','Single',0,0,'50.00',NULL,NULL),(248,20,2,4,2,'2008-11-07 11:58:15','Credit Card','Soprano',0,0,'50.00',NULL,NULL),(249,89,2,3,3,'2009-02-22 11:57:48','Credit Card','Soprano',0,0,'50.00',NULL,NULL),(250,230,3,4,4,'2009-03-05 02:00:08','Credit Card','Tiny-tots (ages 5-8)',0,0,'800.00',NULL,NULL),(251,487,3,4,3,'2009-01-31 05:52:35','Credit Card','Tiny-tots (ages 5-8)',0,0,'800.00',NULL,NULL),(252,213,1,2,4,'2008-06-12 03:16:05','Credit Card','Single',0,0,'50.00',NULL,NULL),(253,485,2,4,1,'2009-03-28 09:17:07','Credit Card','Soprano',0,0,'50.00',NULL,NULL),(254,372,1,1,2,'2008-09-20 07:41:33','Credit Card','Single',0,0,'50.00',NULL,NULL),(255,294,2,2,1,'2009-02-06 05:02:10','Credit Card','Soprano',0,0,'50.00',NULL,NULL),(256,199,2,5,4,'2009-05-06 08:30:24','Credit Card','Soprano',0,0,'50.00',NULL,NULL),(257,5,1,5,1,'2008-06-14 04:32:36','Credit Card','Single',0,0,'50.00',NULL,NULL),(258,367,3,3,3,'2009-05-06 03:21:00','Credit Card','Tiny-tots (ages 5-8)',0,0,'800.00',NULL,NULL),(259,381,2,2,2,'2008-08-23 01:16:37','Credit Card','Soprano',0,0,'50.00',NULL,NULL),(260,347,1,5,2,'2008-07-30 10:37:53','Credit Card','Single',0,0,'50.00',NULL,NULL),(261,159,1,4,2,'2009-03-16 03:01:15','Credit Card','Single',0,0,'50.00',NULL,NULL),(262,470,1,2,2,'2008-08-12 08:54:30','Credit Card','Single',0,0,'50.00',NULL,NULL),(263,428,1,2,1,'2009-02-09 09:21:09','Credit Card','Single',0,0,'50.00',NULL,NULL),(264,33,3,3,2,'2008-06-16 07:44:58','Credit Card','Tiny-tots (ages 5-8)',0,0,'800.00',NULL,NULL),(265,69,2,2,3,'2009-03-07 11:31:00','Credit Card','Soprano',0,0,'50.00',NULL,NULL),(266,155,2,2,3,'2008-07-23 04:09:37','Credit Card','Soprano',0,0,'50.00',NULL,NULL),(267,385,2,4,2,'2009-03-23 06:47:09','Credit Card','Soprano',0,0,'50.00',NULL,NULL),(268,138,3,5,2,'2008-11-06 09:10:53','Credit Card','Tiny-tots (ages 5-8)',0,0,'800.00',NULL,NULL),(269,134,2,4,2,'2008-09-19 02:39:05','Credit Card','Soprano',0,0,'50.00',NULL,NULL),(270,433,1,2,3,'2009-04-26 06:36:50','Credit Card','Single',0,0,'50.00',NULL,NULL),(271,486,2,2,3,'2008-06-29 06:54:49','Credit Card','Soprano',0,0,'50.00',NULL,NULL),(272,165,2,5,4,'2009-04-20 01:00:59','Credit Card','Soprano',0,0,'50.00',NULL,NULL),(273,458,3,1,2,'2008-11-06 06:46:15','Credit Card','Tiny-tots (ages 5-8)',0,0,'800.00',NULL,NULL),(274,337,1,4,1,'2008-12-12 09:03:47','Credit Card','Single',0,0,'50.00',NULL,NULL),(275,465,1,1,3,'2009-04-06 02:04:40','Credit Card','Single',0,0,'50.00',NULL,NULL),(276,111,1,4,2,'2008-08-01 11:30:04','Credit Card','Single',0,0,'50.00',NULL,NULL),(277,499,3,4,4,'2008-09-12 02:07:29','Credit Card','Tiny-tots (ages 5-8)',0,0,'800.00',NULL,NULL),(278,62,3,4,2,'2009-03-17 11:23:41','Credit Card','Tiny-tots (ages 5-8)',0,0,'800.00',NULL,NULL),(279,93,3,3,1,'2009-03-25 12:39:08','Credit Card','Tiny-tots (ages 5-8)',0,0,'800.00',NULL,NULL),(280,419,2,2,4,'2008-08-08 11:14:29','Credit Card','Soprano',0,0,'50.00',NULL,NULL),(281,429,2,4,4,'2008-11-05 08:01:25','Credit Card','Soprano',0,0,'50.00',NULL,NULL),(282,346,3,2,1,'2008-06-20 04:47:55','Credit Card','Tiny-tots (ages 5-8)',0,0,'800.00',NULL,NULL),(283,199,3,4,2,'2009-02-28 12:03:33','Credit Card','Tiny-tots (ages 5-8)',0,0,'800.00',NULL,NULL),(284,174,1,4,1,'2009-02-23 05:17:07','Credit Card','Single',0,0,'50.00',NULL,NULL),(285,203,1,2,4,'2008-06-29 08:36:35','Credit Card','Single',0,0,'50.00',NULL,NULL),(286,450,1,1,3,'2009-04-16 01:57:48','Credit Card','Single',0,0,'50.00',NULL,NULL),(287,62,1,5,4,'2008-12-25 01:56:05','Credit Card','Single',0,0,'50.00',NULL,NULL),(288,344,3,2,1,'2008-10-24 01:19:41','Credit Card','Tiny-tots (ages 5-8)',0,0,'800.00',NULL,NULL),(289,101,2,5,3,'2009-03-04 09:33:24','Credit Card','Soprano',0,0,'50.00',NULL,NULL),(290,149,2,2,3,'2009-05-23 04:44:39','Credit Card','Soprano',0,0,'50.00',NULL,NULL),(291,54,2,1,3,'2009-01-26 12:37:38','Credit Card','Soprano',0,0,'50.00',NULL,NULL),(292,141,1,3,2,'2008-12-25 08:28:39','Credit Card','Single',0,0,'50.00',NULL,NULL),(293,485,2,3,4,'2009-03-03 12:42:46','Credit Card','Soprano',0,0,'50.00',NULL,NULL),(294,228,2,1,4,'2008-08-27 04:41:30','Credit Card','Soprano',0,0,'50.00',NULL,NULL),(295,450,2,5,1,'2008-07-31 11:42:20','Credit Card','Soprano',0,0,'50.00',NULL,NULL),(296,290,2,2,4,'2008-05-31 08:48:44','Credit Card','Soprano',0,0,'50.00',NULL,NULL),(297,153,3,1,2,'2009-01-28 12:10:09','Credit Card','Tiny-tots (ages 5-8)',0,0,'800.00',NULL,NULL),(298,85,1,1,4,'2008-06-10 06:49:13','Credit Card','Single',0,0,'50.00',NULL,NULL),(299,459,2,3,4,'2008-12-04 03:31:30','Credit Card','Soprano',0,0,'50.00',NULL,NULL),(300,228,3,1,2,'2009-03-29 12:04:24','Credit Card','Tiny-tots (ages 5-8)',0,0,'800.00',NULL,NULL),(301,88,1,3,3,'2008-08-29 05:13:40','Credit Card','Single',0,0,'50.00',NULL,NULL),(302,263,3,4,1,'2009-02-10 10:30:49','Credit Card','Tiny-tots (ages 5-8)',0,0,'800.00',NULL,NULL),(303,7,2,4,1,'2009-04-03 09:21:07','Credit Card','Soprano',0,0,'50.00',NULL,NULL),(304,282,2,3,2,'2008-08-16 11:29:04','Credit Card','Soprano',0,0,'50.00',NULL,NULL),(305,53,3,4,3,'2008-08-17 11:40:07','Credit Card','Tiny-tots (ages 5-8)',0,0,'800.00',NULL,NULL),(306,192,3,5,1,'2009-04-19 09:54:24','Credit Card','Tiny-tots (ages 5-8)',0,0,'800.00',NULL,NULL),(307,9,2,4,2,'2008-08-21 08:12:23','Credit Card','Soprano',0,0,'50.00',NULL,NULL),(308,101,3,5,3,'2008-07-24 05:18:07','Credit Card','Tiny-tots (ages 5-8)',0,0,'800.00',NULL,NULL),(309,97,2,3,1,'2009-04-22 08:39:07','Credit Card','Soprano',0,0,'50.00',NULL,NULL),(310,101,1,5,2,'2008-12-13 07:56:51','Credit Card','Single',0,0,'50.00',NULL,NULL),(311,133,3,3,2,'2008-11-19 02:17:38','Credit Card','Tiny-tots (ages 5-8)',0,0,'800.00',NULL,NULL),(312,397,1,5,3,'2009-05-18 07:48:57','Credit Card','Single',0,0,'50.00',NULL,NULL),(313,438,2,2,3,'2008-10-31 05:31:31','Credit Card','Soprano',0,0,'50.00',NULL,NULL),(314,222,1,4,2,'2008-10-20 11:39:46','Credit Card','Single',0,0,'50.00',NULL,NULL),(315,289,2,1,2,'2008-09-13 07:11:34','Credit Card','Soprano',0,0,'50.00',NULL,NULL),(316,223,2,1,2,'2009-04-23 04:24:21','Credit Card','Soprano',0,0,'50.00',NULL,NULL),(317,357,2,2,3,'2008-06-17 10:54:53','Credit Card','Soprano',0,0,'50.00',NULL,NULL),(318,389,1,3,1,'2009-04-18 08:07:42','Credit Card','Single',0,0,'50.00',NULL,NULL),(319,327,3,5,2,'2009-05-23 04:23:16','Credit Card','Tiny-tots (ages 5-8)',0,0,'800.00',NULL,NULL),(320,383,1,4,2,'2009-01-15 04:03:13','Credit Card','Single',0,0,'50.00',NULL,NULL),(321,173,2,3,4,'2009-01-26 02:26:50','Credit Card','Soprano',0,0,'50.00',NULL,NULL),(322,15,2,3,1,'2009-01-05 02:57:34','Credit Card','Soprano',0,0,'50.00',NULL,NULL),(323,157,2,5,1,'2008-08-01 06:20:10','Credit Card','Soprano',0,0,'50.00',NULL,NULL),(324,363,3,1,1,'2008-10-30 03:01:43','Credit Card','Tiny-tots (ages 5-8)',0,0,'800.00',NULL,NULL),(325,493,2,1,2,'2008-07-17 11:54:52','Credit Card','Soprano',0,0,'50.00',NULL,NULL),(326,425,1,2,4,'2009-02-12 05:27:21','Credit Card','Single',0,0,'50.00',NULL,NULL),(327,161,3,1,1,'2008-08-27 08:47:08','Credit Card','Tiny-tots (ages 5-8)',0,0,'800.00',NULL,NULL),(328,171,3,5,4,'2008-07-28 10:20:09','Credit Card','Tiny-tots (ages 5-8)',0,0,'800.00',NULL,NULL),(329,42,2,1,1,'2008-09-25 09:50:00','Credit Card','Soprano',0,0,'50.00',NULL,NULL),(330,333,2,5,4,'2008-12-30 09:48:49','Credit Card','Soprano',0,0,'50.00',NULL,NULL),(331,104,2,4,1,'2009-05-25 12:55:13','Credit Card','Soprano',0,0,'50.00',NULL,NULL),(332,102,1,3,2,'2009-01-25 12:38:48','Credit Card','Single',0,0,'50.00',NULL,NULL),(333,271,3,5,2,'2008-11-04 06:09:04','Credit Card','Tiny-tots (ages 5-8)',0,0,'800.00',NULL,NULL),(334,192,2,4,4,'2008-10-16 11:08:10','Credit Card','Soprano',0,0,'50.00',NULL,NULL),(335,413,3,2,4,'2009-05-14 07:24:57','Credit Card','Tiny-tots (ages 5-8)',0,0,'800.00',NULL,NULL),(336,319,2,3,4,'2008-06-15 02:31:03','Credit Card','Soprano',0,0,'50.00',NULL,NULL),(337,464,3,3,4,'2008-10-14 11:50:37','Credit Card','Tiny-tots (ages 5-8)',0,0,'800.00',NULL,NULL),(338,163,3,5,3,'2008-10-28 03:06:06','Credit Card','Tiny-tots (ages 5-8)',0,0,'800.00',NULL,NULL),(339,258,1,2,4,'2008-10-15 12:13:01','Credit Card','Single',0,0,'50.00',NULL,NULL),(340,431,1,5,3,'2009-03-15 01:57:35','Credit Card','Single',0,0,'50.00',NULL,NULL),(341,152,2,4,1,'2008-10-26 07:29:59','Credit Card','Soprano',0,0,'50.00',NULL,NULL),(342,65,1,1,1,'2009-01-29 02:01:32','Credit Card','Single',0,0,'50.00',NULL,NULL),(343,39,2,4,1,'2009-05-12 07:20:55','Credit Card','Soprano',0,0,'50.00',NULL,NULL),(344,149,2,5,3,'2009-05-02 09:24:38','Credit Card','Soprano',0,0,'50.00',NULL,NULL),(345,389,1,4,4,'2009-01-27 05:16:25','Credit Card','Single',0,0,'50.00',NULL,NULL),(346,41,3,5,3,'2008-10-07 07:06:14','Credit Card','Tiny-tots (ages 5-8)',0,0,'800.00',NULL,NULL),(347,108,1,4,3,'2008-10-10 05:49:33','Credit Card','Single',0,0,'50.00',NULL,NULL),(348,493,2,3,2,'2008-08-17 11:51:47','Credit Card','Soprano',0,0,'50.00',NULL,NULL),(349,47,2,5,1,'2009-04-18 07:37:45','Credit Card','Soprano',0,0,'50.00',NULL,NULL),(350,155,3,1,1,'2008-09-23 09:05:56','Credit Card','Tiny-tots (ages 5-8)',0,0,'800.00',NULL,NULL),(351,402,1,2,3,'2008-08-21 12:55:52','Credit Card','Single',0,0,'50.00',NULL,NULL),(352,180,2,4,2,'2009-04-05 10:52:51','Credit Card','Soprano',0,0,'50.00',NULL,NULL),(353,322,3,4,1,'2008-09-28 03:03:02','Credit Card','Tiny-tots (ages 5-8)',0,0,'800.00',NULL,NULL),(354,148,2,2,4,'2009-02-07 12:29:46','Credit Card','Soprano',0,0,'50.00',NULL,NULL),(355,81,2,2,1,'2008-06-05 09:10:25','Credit Card','Soprano',0,0,'50.00',NULL,NULL),(356,146,3,5,4,'2009-04-10 01:36:34','Credit Card','Tiny-tots (ages 5-8)',0,0,'800.00',NULL,NULL),(357,108,2,4,2,'2008-07-13 09:36:19','Credit Card','Soprano',0,0,'50.00',NULL,NULL),(358,155,2,1,4,'2008-09-01 03:56:07','Credit Card','Soprano',0,0,'50.00',NULL,NULL),(359,21,2,2,1,'2009-03-08 09:44:04','Credit Card','Soprano',0,0,'50.00',NULL,NULL),(360,452,2,5,4,'2009-04-18 10:52:14','Credit Card','Soprano',0,0,'50.00',NULL,NULL),(361,76,2,2,2,'2008-12-01 10:36:46','Credit Card','Soprano',0,0,'50.00',NULL,NULL),(362,162,1,4,1,'2009-01-29 10:56:44','Credit Card','Single',0,0,'50.00',NULL,NULL),(363,100,2,3,3,'2008-11-22 10:18:53','Credit Card','Soprano',0,0,'50.00',NULL,NULL),(364,23,3,4,2,'2008-10-21 10:14:14','Credit Card','Tiny-tots (ages 5-8)',0,0,'800.00',NULL,NULL),(365,59,1,2,1,'2008-06-09 10:50:13','Credit Card','Single',0,0,'50.00',NULL,NULL),(366,150,1,5,4,'2009-05-05 02:54:01','Credit Card','Single',0,0,'50.00',NULL,NULL),(367,185,2,4,4,'2008-09-22 09:03:43','Credit Card','Soprano',0,0,'50.00',NULL,NULL),(368,96,1,1,3,'2009-05-20 06:41:28','Credit Card','Single',0,0,'50.00',NULL,NULL),(369,327,3,5,1,'2009-01-16 02:34:55','Credit Card','Tiny-tots (ages 5-8)',0,0,'800.00',NULL,NULL),(370,76,1,4,4,'2008-06-26 11:15:09','Credit Card','Single',0,0,'50.00',NULL,NULL),(371,321,3,5,2,'2009-03-13 04:07:27','Credit Card','Tiny-tots (ages 5-8)',0,0,'800.00',NULL,NULL),(372,435,3,5,1,'2008-09-11 10:11:41','Credit Card','Tiny-tots (ages 5-8)',0,0,'800.00',NULL,NULL),(373,125,3,4,3,'2008-10-28 01:39:05','Credit Card','Tiny-tots (ages 5-8)',0,0,'800.00',NULL,NULL),(374,105,2,4,4,'2009-01-02 05:57:23','Credit Card','Soprano',0,0,'50.00',NULL,NULL),(375,265,3,3,1,'2009-02-16 03:10:44','Credit Card','Tiny-tots (ages 5-8)',0,0,'800.00',NULL,NULL),(376,448,1,3,1,'2008-08-30 01:24:32','Credit Card','Single',0,0,'50.00',NULL,NULL),(377,77,3,3,2,'2008-06-11 05:15:23','Credit Card','Tiny-tots (ages 5-8)',0,0,'800.00',NULL,NULL),(378,217,2,4,1,'2008-10-18 12:01:45','Credit Card','Soprano',0,0,'50.00',NULL,NULL),(379,141,3,4,1,'2008-06-09 03:47:27','Credit Card','Tiny-tots (ages 5-8)',0,0,'800.00',NULL,NULL),(380,178,2,2,2,'2008-09-12 02:05:57','Credit Card','Soprano',0,0,'50.00',NULL,NULL),(381,328,1,1,1,'2008-11-07 03:55:43','Credit Card','Single',0,0,'50.00',NULL,NULL),(382,149,2,1,2,'2008-06-16 02:53:19','Credit Card','Soprano',0,0,'50.00',NULL,NULL),(383,395,1,3,4,'2008-06-17 08:55:20','Credit Card','Single',0,0,'50.00',NULL,NULL),(384,286,3,2,2,'2008-10-10 03:29:10','Credit Card','Tiny-tots (ages 5-8)',0,0,'800.00',NULL,NULL),(385,208,1,2,2,'2009-02-13 10:01:20','Credit Card','Single',0,0,'50.00',NULL,NULL),(386,329,2,2,1,'2008-09-12 04:13:15','Credit Card','Soprano',0,0,'50.00',NULL,NULL),(387,215,3,5,2,'2009-05-05 02:41:04','Credit Card','Tiny-tots (ages 5-8)',0,0,'800.00',NULL,NULL),(388,301,1,5,2,'2009-04-04 09:46:15','Credit Card','Single',0,0,'50.00',NULL,NULL),(389,477,1,4,4,'2009-02-15 05:36:29','Credit Card','Single',0,0,'50.00',NULL,NULL),(390,387,1,3,3,'2008-09-18 02:37:06','Credit Card','Single',0,0,'50.00',NULL,NULL),(391,74,3,5,4,'2009-01-26 01:40:41','Credit Card','Tiny-tots (ages 5-8)',0,0,'800.00',NULL,NULL),(392,273,2,5,4,'2009-04-25 10:07:16','Credit Card','Soprano',0,0,'50.00',NULL,NULL),(393,128,3,5,4,'2008-08-29 10:41:29','Credit Card','Tiny-tots (ages 5-8)',0,0,'800.00',NULL,NULL),(394,59,2,2,3,'2008-11-05 05:28:11','Credit Card','Soprano',0,0,'50.00',NULL,NULL),(395,188,1,3,1,'2008-08-09 08:02:57','Credit Card','Single',0,0,'50.00',NULL,NULL),(396,297,1,1,4,'2008-11-29 02:59:31','Credit Card','Single',0,0,'50.00',NULL,NULL),(397,147,1,2,3,'2009-01-24 08:32:09','Credit Card','Single',0,0,'50.00',NULL,NULL),(398,452,3,3,3,'2008-09-11 12:57:56','Credit Card','Tiny-tots (ages 5-8)',0,0,'800.00',NULL,NULL),(399,489,2,2,2,'2008-11-24 06:26:01','Credit Card','Soprano',0,0,'50.00',NULL,NULL),(400,76,1,1,1,'2009-01-15 04:42:08','Credit Card','Single',0,0,'50.00',NULL,NULL),(401,118,2,1,3,'2009-02-11 09:40:41','Credit Card','Soprano',0,0,'50.00',NULL,NULL),(402,110,3,2,2,'2009-03-31 02:15:29','Credit Card','Tiny-tots (ages 5-8)',0,0,'800.00',NULL,NULL),(403,416,3,1,4,'2009-05-21 04:48:09','Credit Card','Tiny-tots (ages 5-8)',0,0,'800.00',NULL,NULL),(404,342,3,3,2,'2008-11-21 08:01:22','Credit Card','Tiny-tots (ages 5-8)',0,0,'800.00',NULL,NULL),(405,381,1,4,4,'2009-04-04 02:12:03','Credit Card','Single',0,0,'50.00',NULL,NULL),(406,164,3,3,4,'2009-04-28 07:15:14','Credit Card','Tiny-tots (ages 5-8)',0,0,'800.00',NULL,NULL),(407,312,1,2,2,'2008-08-29 04:36:19','Credit Card','Single',0,0,'50.00',NULL,NULL),(408,49,2,3,1,'2008-11-21 07:06:55','Credit Card','Soprano',0,0,'50.00',NULL,NULL),(409,365,2,5,4,'2008-10-08 03:03:44','Credit Card','Soprano',0,0,'50.00',NULL,NULL),(410,498,3,1,2,'2008-06-30 12:18:29','Credit Card','Tiny-tots (ages 5-8)',0,0,'800.00',NULL,NULL),(411,373,1,2,4,'2008-08-14 06:07:21','Credit Card','Single',0,0,'50.00',NULL,NULL),(412,79,1,2,1,'2009-05-24 09:33:30','Credit Card','Single',0,0,'50.00',NULL,NULL),(413,125,1,4,4,'2008-07-15 03:02:07','Credit Card','Single',0,0,'50.00',NULL,NULL),(414,435,1,5,4,'2008-10-09 11:59:29','Credit Card','Single',0,0,'50.00',NULL,NULL),(415,15,3,1,2,'2008-09-13 07:52:27','Credit Card','Tiny-tots (ages 5-8)',0,0,'800.00',NULL,NULL),(416,47,1,5,3,'2009-04-24 08:00:02','Credit Card','Single',0,0,'50.00',NULL,NULL),(417,354,2,1,1,'2009-03-27 10:52:13','Credit Card','Soprano',0,0,'50.00',NULL,NULL),(418,192,2,5,1,'2009-02-15 11:06:01','Credit Card','Soprano',0,0,'50.00',NULL,NULL),(419,152,2,3,2,'2008-09-10 09:43:00','Credit Card','Soprano',0,0,'50.00',NULL,NULL),(420,5,2,1,3,'2009-05-25 03:34:36','Credit Card','Soprano',0,0,'50.00',NULL,NULL),(421,299,1,4,1,'2008-06-21 09:10:36','Credit Card','Single',0,0,'50.00',NULL,NULL),(422,415,2,1,4,'2009-01-29 05:39:04','Credit Card','Soprano',0,0,'50.00',NULL,NULL),(423,458,3,4,2,'2008-08-02 06:09:42','Credit Card','Tiny-tots (ages 5-8)',0,0,'800.00',NULL,NULL),(424,51,1,4,1,'2009-03-16 02:49:11','Credit Card','Single',0,0,'50.00',NULL,NULL),(425,241,1,5,1,'2008-12-23 07:48:43','Credit Card','Single',0,0,'50.00',NULL,NULL),(426,395,1,2,2,'2008-10-04 01:56:44','Credit Card','Single',0,0,'50.00',NULL,NULL),(427,382,1,3,4,'2008-12-07 07:26:16','Credit Card','Single',0,0,'50.00',NULL,NULL),(428,21,1,5,4,'2008-06-16 09:12:01','Credit Card','Single',0,0,'50.00',NULL,NULL),(429,177,2,2,3,'2008-06-09 11:51:18','Credit Card','Soprano',0,0,'50.00',NULL,NULL),(430,227,2,3,1,'2008-09-28 04:03:38','Credit Card','Soprano',0,0,'50.00',NULL,NULL),(431,148,2,5,3,'2008-11-25 10:36:53','Credit Card','Soprano',0,0,'50.00',NULL,NULL),(432,447,2,5,1,'2009-05-03 08:26:39','Credit Card','Soprano',0,0,'50.00',NULL,NULL),(433,274,2,3,2,'2008-12-15 05:43:28','Credit Card','Soprano',0,0,'50.00',NULL,NULL),(434,202,1,1,4,'2009-04-03 07:29:50','Credit Card','Single',0,0,'50.00',NULL,NULL),(435,473,3,4,2,'2008-11-17 07:19:42','Credit Card','Tiny-tots (ages 5-8)',0,0,'800.00',NULL,NULL),(436,94,1,1,1,'2009-03-24 12:06:53','Credit Card','Single',0,0,'50.00',NULL,NULL),(437,249,3,5,4,'2009-02-18 03:51:40','Credit Card','Tiny-tots (ages 5-8)',0,0,'800.00',NULL,NULL),(438,467,1,1,3,'2008-06-14 11:52:51','Credit Card','Single',0,0,'50.00',NULL,NULL),(439,382,3,4,1,'2009-05-06 03:22:57','Credit Card','Tiny-tots (ages 5-8)',0,0,'800.00',NULL,NULL),(440,179,3,5,3,'2009-01-14 08:33:01','Credit Card','Tiny-tots (ages 5-8)',0,0,'800.00',NULL,NULL),(441,194,3,4,3,'2008-09-02 12:35:02','Credit Card','Tiny-tots (ages 5-8)',0,0,'800.00',NULL,NULL),(442,437,1,3,4,'2008-07-09 02:46:16','Credit Card','Single',0,0,'50.00',NULL,NULL),(443,21,3,4,2,'2008-08-24 10:45:00','Credit Card','Tiny-tots (ages 5-8)',0,0,'800.00',NULL,NULL),(444,234,3,4,2,'2009-01-02 09:29:45','Credit Card','Tiny-tots (ages 5-8)',0,0,'800.00',NULL,NULL),(445,191,3,4,2,'2008-06-01 06:13:15','Credit Card','Tiny-tots (ages 5-8)',0,0,'800.00',NULL,NULL),(446,122,1,2,2,'2009-05-23 05:07:07','Credit Card','Single',0,0,'50.00',NULL,NULL),(447,438,2,2,1,'2009-05-09 06:58:07','Credit Card','Soprano',0,0,'50.00',NULL,NULL),(448,147,1,5,3,'2008-07-05 07:28:50','Credit Card','Single',0,0,'50.00',NULL,NULL),(449,74,2,5,2,'2008-11-24 11:05:14','Credit Card','Soprano',0,0,'50.00',NULL,NULL),(450,234,3,5,2,'2008-06-01 11:47:41','Credit Card','Tiny-tots (ages 5-8)',0,0,'800.00',NULL,NULL),(451,305,1,5,4,'2009-04-15 09:49:15','Credit Card','Single',0,0,'50.00',NULL,NULL),(452,208,2,1,1,'2009-03-07 03:37:24','Credit Card','Soprano',0,0,'50.00',NULL,NULL),(453,434,1,1,3,'2009-01-08 09:52:11','Credit Card','Single',0,0,'50.00',NULL,NULL),(454,404,2,2,2,'2008-11-02 08:07:18','Credit Card','Soprano',0,0,'50.00',NULL,NULL),(455,71,3,3,4,'2008-07-22 06:03:34','Credit Card','Tiny-tots (ages 5-8)',0,0,'800.00',NULL,NULL),(456,171,3,5,1,'2008-08-08 12:56:13','Credit Card','Tiny-tots (ages 5-8)',0,0,'800.00',NULL,NULL),(457,251,1,3,1,'2009-02-08 09:45:36','Credit Card','Single',0,0,'50.00',NULL,NULL),(458,139,1,4,4,'2008-12-14 09:12:16','Credit Card','Single',0,0,'50.00',NULL,NULL),(459,202,3,5,3,'2008-09-03 02:59:12','Credit Card','Tiny-tots (ages 5-8)',0,0,'800.00',NULL,NULL),(460,125,1,4,3,'2009-03-24 06:17:41','Credit Card','Single',0,0,'50.00',NULL,NULL),(461,3,2,1,1,'2008-11-12 02:25:54','Credit Card','Soprano',0,0,'50.00',NULL,NULL),(462,466,1,4,4,'2008-05-30 11:58:12','Credit Card','Single',0,0,'50.00',NULL,NULL),(463,115,3,4,1,'2009-01-12 08:08:57','Credit Card','Tiny-tots (ages 5-8)',0,0,'800.00',NULL,NULL),(464,456,1,4,3,'2009-03-13 03:22:59','Credit Card','Single',0,0,'50.00',NULL,NULL),(465,43,1,3,3,'2009-01-20 09:50:42','Credit Card','Single',0,0,'50.00',NULL,NULL),(466,470,2,1,2,'2009-01-12 12:55:27','Credit Card','Soprano',0,0,'50.00',NULL,NULL),(467,276,2,2,1,'2008-07-22 09:58:49','Credit Card','Soprano',0,0,'50.00',NULL,NULL),(468,429,2,4,3,'2009-05-05 11:46:02','Credit Card','Soprano',0,0,'50.00',NULL,NULL),(469,230,3,5,1,'2009-02-05 12:33:02','Credit Card','Tiny-tots (ages 5-8)',0,0,'800.00',NULL,NULL),(470,78,1,4,1,'2008-09-12 02:37:08','Credit Card','Single',0,0,'50.00',NULL,NULL),(471,110,3,1,3,'2009-04-16 02:47:01','Credit Card','Tiny-tots (ages 5-8)',0,0,'800.00',NULL,NULL),(472,332,2,1,2,'2008-07-08 05:25:16','Credit Card','Soprano',0,0,'50.00',NULL,NULL),(473,126,1,2,3,'2008-10-18 11:14:55','Credit Card','Single',0,0,'50.00',NULL,NULL),(474,146,3,5,3,'2009-02-14 02:56:32','Credit Card','Tiny-tots (ages 5-8)',0,0,'800.00',NULL,NULL),(475,254,3,2,2,'2009-01-24 03:03:10','Credit Card','Tiny-tots (ages 5-8)',0,0,'800.00',NULL,NULL),(476,400,1,2,1,'2009-03-13 09:32:54','Credit Card','Single',0,0,'50.00',NULL,NULL),(477,375,2,4,1,'2009-03-13 02:05:17','Credit Card','Soprano',0,0,'50.00',NULL,NULL),(478,427,3,2,3,'2008-12-01 03:51:44','Credit Card','Tiny-tots (ages 5-8)',0,0,'800.00',NULL,NULL),(479,28,1,2,2,'2008-09-25 09:58:15','Credit Card','Single',0,0,'50.00',NULL,NULL),(480,135,1,3,1,'2008-07-24 07:50:15','Credit Card','Single',0,0,'50.00',NULL,NULL),(481,333,3,3,1,'2009-01-16 08:48:25','Credit Card','Tiny-tots (ages 5-8)',0,0,'800.00',NULL,NULL),(482,297,3,5,2,'2008-11-09 09:38:33','Credit Card','Tiny-tots (ages 5-8)',0,0,'800.00',NULL,NULL),(483,94,2,5,4,'2009-01-27 10:50:35','Credit Card','Soprano',0,0,'50.00',NULL,NULL),(484,196,3,2,4,'2008-11-04 12:39:58','Credit Card','Tiny-tots (ages 5-8)',0,0,'800.00',NULL,NULL),(485,443,3,4,2,'2008-10-27 08:41:49','Credit Card','Tiny-tots (ages 5-8)',0,0,'800.00',NULL,NULL),(486,399,3,3,3,'2008-08-14 04:30:10','Credit Card','Tiny-tots (ages 5-8)',0,0,'800.00',NULL,NULL),(487,487,2,4,4,'2008-06-15 11:13:47','Credit Card','Soprano',0,0,'50.00',NULL,NULL),(488,94,3,1,1,'2009-01-02 06:10:23','Credit Card','Tiny-tots (ages 5-8)',0,0,'800.00',NULL,NULL),(489,145,2,5,1,'2009-01-26 09:15:27','Credit Card','Soprano',0,0,'50.00',NULL,NULL),(490,305,2,1,2,'2008-08-29 11:16:22','Credit Card','Soprano',0,0,'50.00',NULL,NULL),(491,305,2,3,3,'2008-09-29 04:36:03','Credit Card','Soprano',0,0,'50.00',NULL,NULL),(492,69,2,2,3,'2009-04-28 05:44:41','Credit Card','Soprano',0,0,'50.00',NULL,NULL),(493,166,2,2,1,'2008-11-10 08:59:33','Credit Card','Soprano',0,0,'50.00',NULL,NULL),(494,271,2,1,1,'2008-10-05 06:21:37','Credit Card','Soprano',0,0,'50.00',NULL,NULL),(495,164,3,2,4,'2008-11-28 02:26:10','Credit Card','Tiny-tots (ages 5-8)',0,0,'800.00',NULL,NULL),(496,19,2,1,2,'2008-08-27 03:01:14','Credit Card','Soprano',0,0,'50.00',NULL,NULL),(497,299,2,1,3,'2008-08-17 01:15:49','Credit Card','Soprano',0,0,'50.00',NULL,NULL),(498,168,1,2,2,'2008-12-16 03:26:58','Credit Card','Single',0,0,'50.00',NULL,NULL),(499,9,3,2,4,'2008-07-15 09:41:22','Credit Card','Tiny-tots (ages 5-8)',0,0,'800.00',NULL,NULL),(500,115,3,3,4,'2008-12-10 08:32:28','Credit Card','Tiny-tots (ages 5-8)',0,0,'800.00',NULL,NULL),(501,45,3,1,2,'2008-09-30 06:19:12','Credit Card','Tiny-tots (ages 5-8)',0,0,'800.00',NULL,NULL),(502,81,1,4,3,'2008-10-21 11:53:41','Credit Card','Single',0,0,'50.00',NULL,NULL),(503,335,2,4,2,'2009-04-10 09:37:24','Credit Card','Soprano',0,0,'50.00',NULL,NULL),(504,499,3,3,1,'2008-08-23 04:12:28','Credit Card','Tiny-tots (ages 5-8)',0,0,'800.00',NULL,NULL),(505,157,1,4,2,'2008-07-08 08:13:54','Credit Card','Single',0,0,'50.00',NULL,NULL),(506,83,2,3,2,'2008-07-02 10:57:37','Credit Card','Soprano',0,0,'50.00',NULL,NULL),(507,212,1,1,2,'2009-03-02 06:28:26','Credit Card','Single',0,0,'50.00',NULL,NULL),(508,287,2,1,1,'2009-05-15 08:52:28','Credit Card','Soprano',0,0,'50.00',NULL,NULL),(509,397,2,2,4,'2008-11-17 10:27:19','Credit Card','Soprano',0,0,'50.00',NULL,NULL),(510,294,3,2,2,'2008-08-13 02:55:20','Credit Card','Tiny-tots (ages 5-8)',0,0,'800.00',NULL,NULL),(511,135,2,5,3,'2008-09-13 01:56:08','Credit Card','Soprano',0,0,'50.00',NULL,NULL),(512,64,2,4,2,'2009-05-06 03:25:38','Credit Card','Soprano',0,0,'50.00',NULL,NULL),(513,86,1,5,3,'2009-02-24 09:51:53','Credit Card','Single',0,0,'50.00',NULL,NULL),(514,440,3,5,2,'2008-07-30 06:44:40','Credit Card','Tiny-tots (ages 5-8)',0,0,'800.00',NULL,NULL),(515,486,2,4,1,'2008-09-27 03:08:24','Credit Card','Soprano',0,0,'50.00',NULL,NULL),(516,477,1,2,2,'2008-06-07 03:56:39','Credit Card','Single',0,0,'50.00',NULL,NULL),(517,395,2,5,2,'2008-07-14 07:01:50','Credit Card','Soprano',0,0,'50.00',NULL,NULL),(518,75,1,2,2,'2008-06-20 10:34:11','Credit Card','Single',0,0,'50.00',NULL,NULL),(519,322,2,3,1,'2008-12-20 05:01:43','Credit Card','Soprano',0,0,'50.00',NULL,NULL),(520,440,2,4,1,'2009-03-13 09:27:15','Credit Card','Soprano',0,0,'50.00',NULL,NULL),(521,172,3,5,3,'2008-10-05 11:38:40','Credit Card','Tiny-tots (ages 5-8)',0,0,'800.00',NULL,NULL),(522,355,2,1,4,'2008-12-17 01:06:04','Credit Card','Soprano',0,0,'50.00',NULL,NULL),(523,445,3,3,3,'2008-10-19 10:42:52','Credit Card','Tiny-tots (ages 5-8)',0,0,'800.00',NULL,NULL),(524,297,2,4,4,'2009-01-03 05:03:43','Credit Card','Soprano',0,0,'50.00',NULL,NULL),(525,57,3,4,3,'2008-06-25 05:09:47','Credit Card','Tiny-tots (ages 5-8)',0,0,'800.00',NULL,NULL),(526,283,1,2,4,'2008-12-25 04:12:07','Credit Card','Single',0,0,'50.00',NULL,NULL),(527,371,1,4,2,'2009-01-15 10:15:41','Credit Card','Single',0,0,'50.00',NULL,NULL),(528,99,1,3,3,'2008-09-03 08:07:41','Credit Card','Single',0,0,'50.00',NULL,NULL),(529,105,1,4,4,'2009-04-02 12:37:45','Credit Card','Single',0,0,'50.00',NULL,NULL),(530,376,3,4,3,'2008-11-01 03:55:09','Credit Card','Tiny-tots (ages 5-8)',0,0,'800.00',NULL,NULL),(531,350,3,3,3,'2009-04-13 11:21:47','Credit Card','Tiny-tots (ages 5-8)',0,0,'800.00',NULL,NULL),(532,81,2,4,1,'2008-06-16 05:57:14','Credit Card','Soprano',0,0,'50.00',NULL,NULL),(533,293,2,1,3,'2008-09-18 08:44:22','Credit Card','Soprano',0,0,'50.00',NULL,NULL),(534,118,3,5,2,'2009-05-21 07:32:41','Credit Card','Tiny-tots (ages 5-8)',0,0,'800.00',NULL,NULL),(535,460,3,2,1,'2008-08-07 05:34:14','Credit Card','Tiny-tots (ages 5-8)',0,0,'800.00',NULL,NULL),(536,18,3,2,2,'2008-08-06 02:38:09','Credit Card','Tiny-tots (ages 5-8)',0,0,'800.00',NULL,NULL),(537,132,3,3,1,'2009-03-11 05:56:24','Credit Card','Tiny-tots (ages 5-8)',0,0,'800.00',NULL,NULL),(538,403,2,2,2,'2009-04-29 10:14:29','Credit Card','Soprano',0,0,'50.00',NULL,NULL),(539,425,3,5,3,'2008-09-08 07:39:12','Credit Card','Tiny-tots (ages 5-8)',0,0,'800.00',NULL,NULL),(540,220,1,2,4,'2008-11-08 08:13:01','Credit Card','Single',0,0,'50.00',NULL,NULL),(541,172,3,1,1,'2008-12-05 03:59:12','Credit Card','Tiny-tots (ages 5-8)',0,0,'800.00',NULL,NULL),(542,318,2,1,3,'2008-07-03 05:13:37','Credit Card','Soprano',0,0,'50.00',NULL,NULL),(543,498,3,2,2,'2009-04-15 10:59:22','Credit Card','Tiny-tots (ages 5-8)',0,0,'800.00',NULL,NULL),(544,187,3,3,3,'2008-10-28 08:31:45','Credit Card','Tiny-tots (ages 5-8)',0,0,'800.00',NULL,NULL),(545,482,3,4,2,'2009-05-09 11:55:23','Credit Card','Tiny-tots (ages 5-8)',0,0,'800.00',NULL,NULL),(546,38,2,1,3,'2009-04-27 10:40:49','Credit Card','Soprano',0,0,'50.00',NULL,NULL),(547,257,2,2,2,'2008-08-24 06:33:11','Credit Card','Soprano',0,0,'50.00',NULL,NULL),(548,97,3,2,1,'2009-04-27 03:14:31','Credit Card','Tiny-tots (ages 5-8)',0,0,'800.00',NULL,NULL),(549,477,2,4,2,'2009-04-23 02:49:49','Credit Card','Soprano',0,0,'50.00',NULL,NULL),(550,267,2,5,3,'2008-12-29 01:20:46','Credit Card','Soprano',0,0,'50.00',NULL,NULL),(551,166,2,4,3,'2008-07-28 10:43:15','Credit Card','Soprano',0,0,'50.00',NULL,NULL),(552,387,3,5,1,'2009-05-20 10:15:00','Credit Card','Tiny-tots (ages 5-8)',0,0,'800.00',NULL,NULL),(553,126,2,1,2,'2008-12-02 10:18:25','Credit Card','Soprano',0,0,'50.00',NULL,NULL),(554,103,1,3,3,'2009-01-11 03:14:16','Credit Card','Single',0,0,'50.00',NULL,NULL),(555,493,1,4,4,'2008-10-21 11:34:44','Credit Card','Single',0,0,'50.00',NULL,NULL),(556,402,2,5,2,'2009-04-04 04:58:31','Credit Card','Soprano',0,0,'50.00',NULL,NULL),(557,388,3,2,2,'2009-05-27 10:31:20','Credit Card','Tiny-tots (ages 5-8)',0,0,'800.00',NULL,NULL),(558,73,3,4,1,'2008-08-22 07:11:52','Credit Card','Tiny-tots (ages 5-8)',0,0,'800.00',NULL,NULL),(559,67,1,3,1,'2008-12-03 06:10:01','Credit Card','Single',0,0,'50.00',NULL,NULL),(560,48,1,1,4,'2008-09-23 06:54:34','Credit Card','Single',0,0,'50.00',NULL,NULL),(561,263,1,3,4,'2008-09-19 10:24:14','Credit Card','Single',0,0,'50.00',NULL,NULL),(562,159,1,2,3,'2008-09-05 11:15:11','Credit Card','Single',0,0,'50.00',NULL,NULL),(563,461,1,5,4,'2008-12-03 03:02:15','Credit Card','Single',0,0,'50.00',NULL,NULL),(564,459,2,5,3,'2008-06-01 10:02:38','Credit Card','Soprano',0,0,'50.00',NULL,NULL),(565,399,1,3,3,'2008-07-19 07:50:16','Credit Card','Single',0,0,'50.00',NULL,NULL),(566,239,1,4,2,'2008-10-20 11:35:54','Credit Card','Single',0,0,'50.00',NULL,NULL),(567,450,2,3,1,'2009-03-09 06:42:57','Credit Card','Soprano',0,0,'50.00',NULL,NULL),(568,4,3,2,2,'2008-10-19 04:27:54','Credit Card','Tiny-tots (ages 5-8)',0,0,'800.00',NULL,NULL),(569,385,1,5,2,'2009-02-24 10:41:03','Credit Card','Single',0,0,'50.00',NULL,NULL),(570,67,3,5,4,'2008-06-08 09:23:47','Credit Card','Tiny-tots (ages 5-8)',0,0,'800.00',NULL,NULL),(571,240,1,3,2,'2008-06-30 06:53:53','Credit Card','Single',0,0,'50.00',NULL,NULL),(572,61,2,1,3,'2008-07-05 04:23:48','Credit Card','Soprano',0,0,'50.00',NULL,NULL),(573,73,3,3,3,'2009-02-09 06:00:56','Credit Card','Tiny-tots (ages 5-8)',0,0,'800.00',NULL,NULL),(574,214,2,3,1,'2008-07-19 11:31:13','Credit Card','Soprano',0,0,'50.00',NULL,NULL),(575,266,2,3,3,'2009-05-28 09:46:17','Credit Card','Soprano',0,0,'50.00',NULL,NULL),(576,321,1,4,2,'2008-06-17 12:11:59','Credit Card','Single',0,0,'50.00',NULL,NULL),(577,189,1,1,2,'2008-08-12 08:59:17','Credit Card','Single',0,0,'50.00',NULL,NULL),(578,425,3,3,4,'2008-09-28 08:56:39','Credit Card','Tiny-tots (ages 5-8)',0,0,'800.00',NULL,NULL),(579,361,2,1,4,'2008-06-09 12:28:07','Credit Card','Soprano',0,0,'50.00',NULL,NULL),(580,172,3,1,2,'2008-11-01 12:46:42','Credit Card','Tiny-tots (ages 5-8)',0,0,'800.00',NULL,NULL),(581,136,2,1,1,'2008-11-18 09:34:29','Credit Card','Soprano',0,0,'50.00',NULL,NULL),(582,43,2,2,4,'2009-04-01 09:59:47','Credit Card','Soprano',0,0,'50.00',NULL,NULL),(583,69,3,1,1,'2008-07-29 09:33:17','Credit Card','Tiny-tots (ages 5-8)',0,0,'800.00',NULL,NULL),(584,231,2,3,1,'2008-12-22 01:31:04','Credit Card','Soprano',0,0,'50.00',NULL,NULL),(585,420,1,1,2,'2008-11-14 07:50:23','Credit Card','Single',0,0,'50.00',NULL,NULL),(586,36,3,2,2,'2008-08-26 11:30:09','Credit Card','Tiny-tots (ages 5-8)',0,0,'800.00',NULL,NULL),(587,382,1,1,3,'2009-05-26 02:54:32','Credit Card','Single',0,0,'50.00',NULL,NULL),(588,445,2,3,3,'2008-11-20 03:29:41','Credit Card','Soprano',0,0,'50.00',NULL,NULL),(589,295,1,1,4,'2008-09-28 02:01:59','Credit Card','Single',0,0,'50.00',NULL,NULL),(590,176,1,2,4,'2008-09-20 04:32:11','Credit Card','Single',0,0,'50.00',NULL,NULL),(591,165,1,2,2,'2008-10-13 03:05:51','Credit Card','Single',0,0,'50.00',NULL,NULL),(592,27,1,2,3,'2009-01-20 03:27:57','Credit Card','Single',0,0,'50.00',NULL,NULL),(593,97,2,2,1,'2008-10-30 01:06:53','Credit Card','Soprano',0,0,'50.00',NULL,NULL),(594,213,2,3,1,'2009-01-02 01:49:22','Credit Card','Soprano',0,0,'50.00',NULL,NULL),(595,428,2,2,1,'2008-11-16 03:07:59','Credit Card','Soprano',0,0,'50.00',NULL,NULL),(596,380,1,4,1,'2008-10-31 08:08:03','Credit Card','Single',0,0,'50.00',NULL,NULL),(597,39,2,5,3,'2008-11-27 03:48:03','Credit Card','Soprano',0,0,'50.00',NULL,NULL),(598,83,2,4,4,'2008-07-31 07:17:42','Credit Card','Soprano',0,0,'50.00',NULL,NULL),(599,94,3,3,1,'2009-02-27 12:43:09','Credit Card','Tiny-tots (ages 5-8)',0,0,'800.00',NULL,NULL),(600,443,3,1,2,'2009-04-04 11:02:26','Credit Card','Tiny-tots (ages 5-8)',0,0,'800.00',NULL,NULL),(601,407,2,2,2,'2009-03-30 09:14:27','Credit Card','Soprano',0,0,'50.00',NULL,NULL),(602,402,3,2,3,'2009-05-15 10:11:13','Credit Card','Tiny-tots (ages 5-8)',0,0,'800.00',NULL,NULL),(603,2,3,2,4,'2008-07-16 07:32:15','Credit Card','Tiny-tots (ages 5-8)',0,0,'800.00',NULL,NULL),(604,313,3,3,1,'2008-11-12 03:55:53','Credit Card','Tiny-tots (ages 5-8)',0,0,'800.00',NULL,NULL),(605,160,3,4,2,'2009-04-10 07:13:07','Credit Card','Tiny-tots (ages 5-8)',0,0,'800.00',NULL,NULL),(606,229,2,2,4,'2008-11-02 01:43:35','Credit Card','Soprano',0,0,'50.00',NULL,NULL),(607,457,3,5,2,'2009-03-31 11:03:37','Credit Card','Tiny-tots (ages 5-8)',0,0,'800.00',NULL,NULL),(608,38,1,5,1,'2008-06-12 10:50:44','Credit Card','Single',0,0,'50.00',NULL,NULL),(609,148,3,3,2,'2009-01-21 10:23:50','Credit Card','Tiny-tots (ages 5-8)',0,0,'800.00',NULL,NULL),(610,324,1,1,3,'2008-09-29 01:47:18','Credit Card','Single',0,0,'50.00',NULL,NULL),(611,375,1,1,2,'2008-11-27 02:15:58','Credit Card','Single',0,0,'50.00',NULL,NULL),(612,14,1,1,1,'2009-05-17 10:28:54','Credit Card','Single',0,0,'50.00',NULL,NULL),(613,424,3,5,1,'2008-09-30 03:11:36','Credit Card','Tiny-tots (ages 5-8)',0,0,'800.00',NULL,NULL),(614,314,3,4,2,'2008-09-20 07:29:45','Credit Card','Tiny-tots (ages 5-8)',0,0,'800.00',NULL,NULL),(615,85,1,3,4,'2008-07-08 04:20:23','Credit Card','Single',0,0,'50.00',NULL,NULL),(616,81,2,5,1,'2008-12-26 07:35:14','Credit Card','Soprano',0,0,'50.00',NULL,NULL),(617,302,3,5,1,'2008-07-29 01:43:06','Credit Card','Tiny-tots (ages 5-8)',0,0,'800.00',NULL,NULL),(618,266,2,2,3,'2009-04-23 07:23:18','Credit Card','Soprano',0,0,'50.00',NULL,NULL),(619,429,2,1,3,'2008-09-23 09:56:42','Credit Card','Soprano',0,0,'50.00',NULL,NULL),(620,497,3,2,3,'2008-08-13 01:44:06','Credit Card','Tiny-tots (ages 5-8)',0,0,'800.00',NULL,NULL),(621,126,2,4,4,'2008-08-25 09:59:47','Credit Card','Soprano',0,0,'50.00',NULL,NULL),(622,496,3,5,3,'2008-12-12 11:54:39','Credit Card','Tiny-tots (ages 5-8)',0,0,'800.00',NULL,NULL),(623,11,1,1,4,'2008-06-26 01:26:56','Credit Card','Single',0,0,'50.00',NULL,NULL),(624,431,1,5,3,'2009-04-14 09:11:04','Credit Card','Single',0,0,'50.00',NULL,NULL),(625,167,1,1,1,'2009-01-21 03:05:41','Credit Card','Single',0,0,'50.00',NULL,NULL),(626,164,1,2,2,'2009-03-11 10:52:17','Credit Card','Single',0,0,'50.00',NULL,NULL),(627,381,2,3,2,'2008-09-06 01:16:52','Credit Card','Soprano',0,0,'50.00',NULL,NULL),(628,341,3,5,2,'2008-08-17 01:33:40','Credit Card','Tiny-tots (ages 5-8)',0,0,'800.00',NULL,NULL),(629,12,1,2,3,'2008-09-08 06:40:51','Credit Card','Single',0,0,'50.00',NULL,NULL),(630,476,3,1,2,'2008-08-07 06:30:11','Credit Card','Tiny-tots (ages 5-8)',0,0,'800.00',NULL,NULL),(631,371,2,2,4,'2008-09-05 11:46:32','Credit Card','Soprano',0,0,'50.00',NULL,NULL),(632,357,2,4,4,'2008-06-04 08:27:18','Credit Card','Soprano',0,0,'50.00',NULL,NULL),(633,139,1,3,1,'2008-10-13 06:37:49','Credit Card','Single',0,0,'50.00',NULL,NULL),(634,374,2,2,4,'2008-12-23 02:27:13','Credit Card','Soprano',0,0,'50.00',NULL,NULL),(635,30,2,5,1,'2008-10-09 07:49:04','Credit Card','Soprano',0,0,'50.00',NULL,NULL),(636,403,2,3,1,'2008-11-29 10:57:27','Credit Card','Soprano',0,0,'50.00',NULL,NULL),(637,11,3,2,2,'2008-11-08 12:56:29','Credit Card','Tiny-tots (ages 5-8)',0,0,'800.00',NULL,NULL),(638,78,1,4,2,'2008-07-12 11:14:59','Credit Card','Single',0,0,'50.00',NULL,NULL),(639,236,1,1,4,'2008-09-15 12:25:49','Credit Card','Single',0,0,'50.00',NULL,NULL),(640,19,3,3,1,'2008-06-02 06:29:34','Credit Card','Tiny-tots (ages 5-8)',0,0,'800.00',NULL,NULL),(641,42,3,2,1,'2008-09-03 04:29:51','Credit Card','Tiny-tots (ages 5-8)',0,0,'800.00',NULL,NULL),(642,117,1,2,4,'2008-07-27 01:30:57','Credit Card','Single',0,0,'50.00',NULL,NULL),(643,158,3,2,1,'2008-11-01 04:33:21','Credit Card','Tiny-tots (ages 5-8)',0,0,'800.00',NULL,NULL),(644,60,1,5,1,'2009-05-01 11:00:50','Credit Card','Single',0,0,'50.00',NULL,NULL),(645,51,3,1,2,'2008-09-26 09:23:57','Credit Card','Tiny-tots (ages 5-8)',0,0,'800.00',NULL,NULL),(646,265,2,5,1,'2009-04-15 07:52:52','Credit Card','Soprano',0,0,'50.00',NULL,NULL),(647,382,2,3,4,'2009-03-13 07:16:44','Credit Card','Soprano',0,0,'50.00',NULL,NULL),(648,415,1,5,3,'2008-06-02 09:25:46','Credit Card','Single',0,0,'50.00',NULL,NULL),(649,53,3,2,3,'2009-02-01 01:42:20','Credit Card','Tiny-tots (ages 5-8)',0,0,'800.00',NULL,NULL),(650,484,2,5,2,'2008-06-03 09:25:32','Credit Card','Soprano',0,0,'50.00',NULL,NULL),(651,430,1,4,4,'2008-12-01 03:04:06','Credit Card','Single',0,0,'50.00',NULL,NULL),(652,479,1,2,1,'2008-10-22 11:20:32','Credit Card','Single',0,0,'50.00',NULL,NULL),(653,151,3,3,1,'2008-10-01 12:48:37','Credit Card','Tiny-tots (ages 5-8)',0,0,'800.00',NULL,NULL),(654,465,3,5,3,'2008-10-26 06:41:23','Credit Card','Tiny-tots (ages 5-8)',0,0,'800.00',NULL,NULL),(655,147,1,5,3,'2009-01-08 10:39:30','Credit Card','Single',0,0,'50.00',NULL,NULL),(656,174,3,4,1,'2008-12-24 07:13:47','Credit Card','Tiny-tots (ages 5-8)',0,0,'800.00',NULL,NULL),(657,468,3,3,1,'2008-11-28 10:42:28','Credit Card','Tiny-tots (ages 5-8)',0,0,'800.00',NULL,NULL),(658,216,2,3,1,'2009-01-03 06:06:45','Credit Card','Soprano',0,0,'50.00',NULL,NULL),(659,395,1,4,3,'2009-05-06 03:25:38','Credit Card','Single',0,0,'50.00',NULL,NULL),(660,227,3,4,4,'2008-07-25 03:51:33','Credit Card','Tiny-tots (ages 5-8)',0,0,'800.00',NULL,NULL),(661,8,2,5,1,'2009-01-20 11:07:16','Credit Card','Soprano',0,0,'50.00',NULL,NULL),(662,288,1,1,1,'2008-09-20 11:53:10','Credit Card','Single',0,0,'50.00',NULL,NULL),(663,456,2,3,4,'2009-01-07 12:11:20','Credit Card','Soprano',0,0,'50.00',NULL,NULL),(664,218,1,5,4,'2008-08-20 09:33:21','Credit Card','Single',0,0,'50.00',NULL,NULL),(665,222,1,1,3,'2009-05-28 02:59:32','Credit Card','Single',0,0,'50.00',NULL,NULL),(666,53,1,2,3,'2009-01-06 07:15:05','Credit Card','Single',0,0,'50.00',NULL,NULL),(667,44,1,4,2,'2009-04-02 05:37:22','Credit Card','Single',0,0,'50.00',NULL,NULL),(668,177,2,4,4,'2008-07-01 07:39:13','Credit Card','Soprano',0,0,'50.00',NULL,NULL),(669,12,2,3,1,'2008-07-10 12:21:12','Credit Card','Soprano',0,0,'50.00',NULL,NULL),(670,122,1,2,1,'2008-07-18 11:15:36','Credit Card','Single',0,0,'50.00',NULL,NULL),(671,295,3,4,1,'2009-02-27 02:57:03','Credit Card','Tiny-tots (ages 5-8)',0,0,'800.00',NULL,NULL),(672,342,2,4,2,'2008-12-13 10:18:02','Credit Card','Soprano',0,0,'50.00',NULL,NULL),(673,164,1,1,3,'2008-09-02 10:43:19','Credit Card','Single',0,0,'50.00',NULL,NULL),(674,360,3,4,4,'2009-04-04 02:44:39','Credit Card','Tiny-tots (ages 5-8)',0,0,'800.00',NULL,NULL),(675,38,2,3,3,'2009-01-29 07:44:06','Credit Card','Soprano',0,0,'50.00',NULL,NULL),(676,34,3,4,1,'2008-06-09 07:56:08','Credit Card','Tiny-tots (ages 5-8)',0,0,'800.00',NULL,NULL),(677,290,2,4,3,'2008-11-19 08:04:33','Credit Card','Soprano',0,0,'50.00',NULL,NULL),(678,286,3,1,4,'2008-10-16 05:01:14','Credit Card','Tiny-tots (ages 5-8)',0,0,'800.00',NULL,NULL),(679,419,1,2,2,'2008-09-17 12:43:43','Credit Card','Single',0,0,'50.00',NULL,NULL),(680,296,2,1,2,'2009-01-01 10:52:42','Credit Card','Soprano',0,0,'50.00',NULL,NULL),(681,337,3,4,1,'2008-07-07 03:40:48','Credit Card','Tiny-tots (ages 5-8)',0,0,'800.00',NULL,NULL),(682,64,1,2,1,'2008-06-05 07:03:39','Credit Card','Single',0,0,'50.00',NULL,NULL),(683,452,3,2,3,'2008-11-03 07:07:25','Credit Card','Tiny-tots (ages 5-8)',0,0,'800.00',NULL,NULL),(684,10,3,1,4,'2008-07-22 02:33:31','Credit Card','Tiny-tots (ages 5-8)',0,0,'800.00',NULL,NULL),(685,387,3,5,1,'2008-11-24 12:02:54','Credit Card','Tiny-tots (ages 5-8)',0,0,'800.00',NULL,NULL),(686,224,2,3,1,'2008-10-16 09:10:03','Credit Card','Soprano',0,0,'50.00',NULL,NULL),(687,236,1,5,3,'2008-08-28 10:21:44','Credit Card','Single',0,0,'50.00',NULL,NULL),(688,496,1,2,3,'2008-07-15 02:34:36','Credit Card','Single',0,0,'50.00',NULL,NULL),(689,24,2,4,4,'2009-01-18 11:38:17','Credit Card','Soprano',0,0,'50.00',NULL,NULL),(690,31,2,5,1,'2009-04-30 01:40:16','Credit Card','Soprano',0,0,'50.00',NULL,NULL),(691,381,1,1,1,'2008-06-21 08:30:06','Credit Card','Single',0,0,'50.00',NULL,NULL),(692,127,1,1,4,'2008-08-05 03:41:30','Credit Card','Single',0,0,'50.00',NULL,NULL),(693,215,2,3,3,'2008-08-14 01:18:57','Credit Card','Soprano',0,0,'50.00',NULL,NULL),(694,377,1,1,1,'2009-04-29 10:55:57','Credit Card','Single',0,0,'50.00',NULL,NULL),(695,182,2,3,1,'2008-05-29 12:52:09','Credit Card','Soprano',0,0,'50.00',NULL,NULL),(696,100,2,1,2,'2009-01-12 08:24:28','Credit Card','Soprano',0,0,'50.00',NULL,NULL),(697,213,1,4,4,'2008-08-01 07:19:47','Credit Card','Single',0,0,'50.00',NULL,NULL),(698,43,2,3,1,'2009-05-17 10:21:47','Credit Card','Soprano',0,0,'50.00',NULL,NULL),(699,143,3,4,2,'2009-04-07 01:43:20','Credit Card','Tiny-tots (ages 5-8)',0,0,'800.00',NULL,NULL),(700,329,3,2,3,'2009-04-02 09:13:50','Credit Card','Tiny-tots (ages 5-8)',0,0,'800.00',NULL,NULL),(701,1,3,5,2,'2008-12-07 02:45:47','Credit Card','Tiny-tots (ages 5-8)',0,0,'800.00',NULL,NULL),(702,444,3,1,2,'2008-10-08 10:49:34','Credit Card','Tiny-tots (ages 5-8)',0,0,'800.00',NULL,NULL),(703,131,2,2,3,'2008-12-12 07:34:34','Credit Card','Soprano',0,0,'50.00',NULL,NULL),(704,32,1,2,2,'2009-04-04 08:40:29','Credit Card','Single',0,0,'50.00',NULL,NULL),(705,166,1,1,2,'2009-05-11 08:13:39','Credit Card','Single',0,0,'50.00',NULL,NULL),(706,495,1,5,1,'2009-01-13 05:39:52','Credit Card','Single',0,0,'50.00',NULL,NULL),(707,277,3,1,2,'2008-08-26 02:56:32','Credit Card','Tiny-tots (ages 5-8)',0,0,'800.00',NULL,NULL),(708,379,2,4,4,'2009-03-03 07:00:56','Credit Card','Soprano',0,0,'50.00',NULL,NULL),(709,409,3,2,1,'2009-03-29 06:52:48','Credit Card','Tiny-tots (ages 5-8)',0,0,'800.00',NULL,NULL),(710,55,1,5,4,'2009-05-10 06:12:44','Credit Card','Single',0,0,'50.00',NULL,NULL),(711,186,3,5,4,'2009-02-06 11:03:39','Credit Card','Tiny-tots (ages 5-8)',0,0,'800.00',NULL,NULL),(712,474,2,4,2,'2009-01-12 03:29:14','Credit Card','Soprano',0,0,'50.00',NULL,NULL),(713,323,1,5,3,'2009-02-27 02:54:17','Credit Card','Single',0,0,'50.00',NULL,NULL),(714,180,3,5,2,'2009-05-27 11:08:15','Credit Card','Tiny-tots (ages 5-8)',0,0,'800.00',NULL,NULL),(715,344,1,2,1,'2009-05-06 10:10:20','Credit Card','Single',0,0,'50.00',NULL,NULL),(716,24,2,1,1,'2009-01-17 04:47:16','Credit Card','Soprano',0,0,'50.00',NULL,NULL),(717,499,3,4,1,'2008-10-15 11:01:14','Credit Card','Tiny-tots (ages 5-8)',0,0,'800.00',NULL,NULL),(718,235,2,1,2,'2008-12-02 11:11:10','Credit Card','Soprano',0,0,'50.00',NULL,NULL),(719,62,1,5,1,'2008-10-06 01:05:35','Credit Card','Single',0,0,'50.00',NULL,NULL),(720,433,2,3,1,'2008-08-23 03:19:26','Credit Card','Soprano',0,0,'50.00',NULL,NULL),(721,349,1,4,1,'2009-01-26 05:37:51','Credit Card','Single',0,0,'50.00',NULL,NULL),(722,72,2,4,3,'2008-09-09 10:14:05','Credit Card','Soprano',0,0,'50.00',NULL,NULL),(723,4,1,2,2,'2008-07-19 06:07:41','Credit Card','Single',0,0,'50.00',NULL,NULL),(724,6,1,1,3,'2009-01-24 04:17:33','Credit Card','Single',0,0,'50.00',NULL,NULL),(725,383,3,5,2,'2008-08-06 06:55:43','Credit Card','Tiny-tots (ages 5-8)',0,0,'800.00',NULL,NULL),(726,79,3,5,2,'2009-04-21 11:21:16','Credit Card','Tiny-tots (ages 5-8)',0,0,'800.00',NULL,NULL),(727,341,1,2,2,'2008-07-02 09:38:14','Credit Card','Single',0,0,'50.00',NULL,NULL),(728,334,3,4,3,'2008-07-05 04:14:46','Credit Card','Tiny-tots (ages 5-8)',0,0,'800.00',NULL,NULL),(729,446,1,5,2,'2008-07-22 07:09:42','Credit Card','Single',0,0,'50.00',NULL,NULL),(730,197,1,3,1,'2009-01-15 07:25:30','Credit Card','Single',0,0,'50.00',NULL,NULL),(731,157,3,3,4,'2009-04-26 02:24:27','Credit Card','Tiny-tots (ages 5-8)',0,0,'800.00',NULL,NULL),(732,137,1,2,1,'2008-07-22 01:46:14','Credit Card','Single',0,0,'50.00',NULL,NULL),(733,278,2,5,3,'2008-09-30 08:23:59','Credit Card','Soprano',0,0,'50.00',NULL,NULL),(734,489,2,2,2,'2008-05-30 06:43:10','Credit Card','Soprano',0,0,'50.00',NULL,NULL),(735,58,3,4,3,'2009-01-30 09:45:51','Credit Card','Tiny-tots (ages 5-8)',0,0,'800.00',NULL,NULL),(736,51,2,5,4,'2008-09-05 08:18:23','Credit Card','Soprano',0,0,'50.00',NULL,NULL),(737,334,1,2,4,'2008-06-11 01:21:01','Credit Card','Single',0,0,'50.00',NULL,NULL),(738,382,1,3,3,'2009-05-01 10:55:04','Credit Card','Single',0,0,'50.00',NULL,NULL),(739,204,1,1,2,'2008-12-29 05:25:11','Credit Card','Single',0,0,'50.00',NULL,NULL),(740,11,2,1,3,'2008-10-19 08:33:47','Credit Card','Soprano',0,0,'50.00',NULL,NULL),(741,285,2,4,2,'2008-07-28 12:35:42','Credit Card','Soprano',0,0,'50.00',NULL,NULL),(742,123,2,1,1,'2009-02-26 10:03:45','Credit Card','Soprano',0,0,'50.00',NULL,NULL),(743,173,2,5,1,'2009-02-23 08:51:59','Credit Card','Soprano',0,0,'50.00',NULL,NULL),(744,180,2,2,4,'2008-10-15 11:17:48','Credit Card','Soprano',0,0,'50.00',NULL,NULL),(745,405,2,2,3,'2008-11-28 05:10:44','Credit Card','Soprano',0,0,'50.00',NULL,NULL),(746,456,1,3,3,'2008-07-31 09:14:47','Credit Card','Single',0,0,'50.00',NULL,NULL),(747,347,1,2,1,'2008-10-26 04:06:34','Credit Card','Single',0,0,'50.00',NULL,NULL),(748,156,1,3,2,'2009-03-20 09:17:48','Credit Card','Single',0,0,'50.00',NULL,NULL),(749,251,2,1,2,'2009-01-01 11:18:52','Credit Card','Soprano',0,0,'50.00',NULL,NULL),(750,61,2,5,3,'2009-05-13 09:29:27','Credit Card','Soprano',0,0,'50.00',NULL,NULL),(751,49,1,2,3,'2008-10-09 07:07:06','Credit Card','Single',0,0,'50.00',NULL,NULL),(752,203,2,2,1,'2008-11-08 06:27:02','Credit Card','Soprano',0,0,'50.00',NULL,NULL),(753,240,1,3,1,'2008-12-11 03:31:50','Credit Card','Single',0,0,'50.00',NULL,NULL),(754,398,2,5,3,'2008-12-02 05:23:54','Credit Card','Soprano',0,0,'50.00',NULL,NULL),(755,167,3,3,4,'2008-11-19 10:43:18','Credit Card','Tiny-tots (ages 5-8)',0,0,'800.00',NULL,NULL),(756,48,2,2,1,'2009-02-03 02:22:28','Credit Card','Soprano',0,0,'50.00',NULL,NULL),(757,116,1,3,1,'2009-05-13 05:24:31','Credit Card','Single',0,0,'50.00',NULL,NULL),(758,454,2,4,4,'2009-04-16 04:20:33','Credit Card','Soprano',0,0,'50.00',NULL,NULL),(759,207,3,4,4,'2008-12-26 02:33:01','Credit Card','Tiny-tots (ages 5-8)',0,0,'800.00',NULL,NULL),(760,141,2,2,4,'2008-12-12 06:48:59','Credit Card','Soprano',0,0,'50.00',NULL,NULL),(761,319,1,3,3,'2008-12-06 09:37:05','Credit Card','Single',0,0,'50.00',NULL,NULL),(762,413,2,5,3,'2009-05-24 03:10:16','Credit Card','Soprano',0,0,'50.00',NULL,NULL),(763,248,1,1,3,'2009-02-07 09:54:12','Credit Card','Single',0,0,'50.00',NULL,NULL),(764,450,1,5,4,'2008-08-22 05:05:24','Credit Card','Single',0,0,'50.00',NULL,NULL),(765,160,3,2,2,'2008-12-02 10:21:20','Credit Card','Tiny-tots (ages 5-8)',0,0,'800.00',NULL,NULL),(766,312,3,3,2,'2008-09-05 07:24:09','Credit Card','Tiny-tots (ages 5-8)',0,0,'800.00',NULL,NULL),(767,78,1,1,1,'2008-12-13 05:17:11','Credit Card','Single',0,0,'50.00',NULL,NULL),(768,136,1,3,1,'2009-02-27 10:00:28','Credit Card','Single',0,0,'50.00',NULL,NULL),(769,135,1,1,4,'2008-11-20 01:58:19','Credit Card','Single',0,0,'50.00',NULL,NULL),(770,275,2,3,4,'2008-10-22 07:54:34','Credit Card','Soprano',0,0,'50.00',NULL,NULL),(771,4,1,4,3,'2008-07-16 04:40:42','Credit Card','Single',0,0,'50.00',NULL,NULL),(772,187,2,4,4,'2009-02-12 05:41:16','Credit Card','Soprano',0,0,'50.00',NULL,NULL),(773,321,1,5,2,'2008-10-04 02:05:04','Credit Card','Single',0,0,'50.00',NULL,NULL),(774,240,2,1,3,'2009-01-26 04:59:34','Credit Card','Soprano',0,0,'50.00',NULL,NULL),(775,389,2,2,4,'2008-12-01 05:12:59','Credit Card','Soprano',0,0,'50.00',NULL,NULL),(776,80,1,4,1,'2008-12-11 08:05:53','Credit Card','Single',0,0,'50.00',NULL,NULL),(777,255,3,5,1,'2009-03-24 12:27:45','Credit Card','Tiny-tots (ages 5-8)',0,0,'800.00',NULL,NULL),(778,36,3,1,3,'2008-10-13 05:39:16','Credit Card','Tiny-tots (ages 5-8)',0,0,'800.00',NULL,NULL),(779,310,2,1,3,'2008-10-11 07:51:41','Credit Card','Soprano',0,0,'50.00',NULL,NULL),(780,229,3,1,1,'2008-12-07 03:01:34','Credit Card','Tiny-tots (ages 5-8)',0,0,'800.00',NULL,NULL),(781,416,2,1,4,'2009-01-06 10:43:08','Credit Card','Soprano',0,0,'50.00',NULL,NULL),(782,224,1,1,4,'2008-06-10 06:26:33','Credit Card','Single',0,0,'50.00',NULL,NULL),(783,205,1,4,3,'2008-11-20 01:09:13','Credit Card','Single',0,0,'50.00',NULL,NULL),(784,140,3,5,4,'2008-06-01 11:00:31','Credit Card','Tiny-tots (ages 5-8)',0,0,'800.00',NULL,NULL),(785,250,2,4,2,'2008-10-07 11:03:30','Credit Card','Soprano',0,0,'50.00',NULL,NULL),(786,380,2,4,2,'2009-02-08 08:09:45','Credit Card','Soprano',0,0,'50.00',NULL,NULL),(787,13,1,1,4,'2008-09-15 01:04:52','Credit Card','Single',0,0,'50.00',NULL,NULL),(788,167,3,4,3,'2008-06-25 02:51:10','Credit Card','Tiny-tots (ages 5-8)',0,0,'800.00',NULL,NULL),(789,348,2,1,4,'2009-01-14 12:04:48','Credit Card','Soprano',0,0,'50.00',NULL,NULL),(790,437,1,3,4,'2009-05-15 04:09:05','Credit Card','Single',0,0,'50.00',NULL,NULL),(791,452,1,3,2,'2008-12-23 11:14:30','Credit Card','Single',0,0,'50.00',NULL,NULL),(792,470,1,2,2,'2008-05-30 01:37:02','Credit Card','Single',0,0,'50.00',NULL,NULL),(793,143,2,4,4,'2008-08-08 12:54:05','Credit Card','Soprano',0,0,'50.00',NULL,NULL),(794,403,1,4,1,'2008-07-26 11:22:33','Credit Card','Single',0,0,'50.00',NULL,NULL),(795,201,1,3,4,'2008-07-14 08:20:38','Credit Card','Single',0,0,'50.00',NULL,NULL),(796,380,3,2,4,'2008-08-25 03:49:18','Credit Card','Tiny-tots (ages 5-8)',0,0,'800.00',NULL,NULL),(797,13,1,3,1,'2008-12-26 03:01:18','Credit Card','Single',0,0,'50.00',NULL,NULL),(798,220,2,1,3,'2009-02-12 07:05:25','Credit Card','Soprano',0,0,'50.00',NULL,NULL),(799,265,3,4,1,'2008-06-03 03:13:32','Credit Card','Tiny-tots (ages 5-8)',0,0,'800.00',NULL,NULL),(800,161,2,1,4,'2008-10-02 01:45:28','Credit Card','Soprano',0,0,'50.00',NULL,NULL),(801,341,2,1,1,'2008-07-04 12:58:11','Credit Card','Soprano',0,0,'50.00',NULL,NULL),(802,287,1,3,2,'2008-12-04 07:47:29','Credit Card','Single',0,0,'50.00',NULL,NULL),(803,314,2,5,3,'2008-11-30 10:11:15','Credit Card','Soprano',0,0,'50.00',NULL,NULL),(804,120,2,2,4,'2009-03-29 12:46:29','Credit Card','Soprano',0,0,'50.00',NULL,NULL),(805,21,3,5,4,'2009-04-13 07:39:03','Credit Card','Tiny-tots (ages 5-8)',0,0,'800.00',NULL,NULL),(806,396,1,1,2,'2008-07-28 12:50:44','Credit Card','Single',0,0,'50.00',NULL,NULL),(807,432,3,3,1,'2008-08-18 03:27:45','Credit Card','Tiny-tots (ages 5-8)',0,0,'800.00',NULL,NULL),(808,25,2,4,3,'2008-11-09 06:21:33','Credit Card','Soprano',0,0,'50.00',NULL,NULL),(809,318,3,2,3,'2008-07-19 08:33:35','Credit Card','Tiny-tots (ages 5-8)',0,0,'800.00',NULL,NULL),(810,149,3,2,2,'2008-06-08 08:57:08','Credit Card','Tiny-tots (ages 5-8)',0,0,'800.00',NULL,NULL),(811,265,3,5,4,'2008-09-23 04:16:47','Credit Card','Tiny-tots (ages 5-8)',0,0,'800.00',NULL,NULL),(812,239,1,5,1,'2009-04-04 11:18:28','Credit Card','Single',0,0,'50.00',NULL,NULL),(813,229,1,4,3,'2008-08-04 02:25:34','Credit Card','Single',0,0,'50.00',NULL,NULL),(814,91,2,1,1,'2009-05-06 08:38:16','Credit Card','Soprano',0,0,'50.00',NULL,NULL),(815,238,1,3,2,'2008-11-22 10:57:06','Credit Card','Single',0,0,'50.00',NULL,NULL),(816,116,2,4,4,'2009-02-07 05:31:29','Credit Card','Soprano',0,0,'50.00',NULL,NULL),(817,241,3,2,1,'2008-11-01 02:54:30','Credit Card','Tiny-tots (ages 5-8)',0,0,'800.00',NULL,NULL),(818,288,1,3,3,'2008-08-27 03:58:39','Credit Card','Single',0,0,'50.00',NULL,NULL),(819,243,1,2,4,'2008-08-23 01:27:22','Credit Card','Single',0,0,'50.00',NULL,NULL),(820,129,3,4,3,'2008-07-09 02:10:58','Credit Card','Tiny-tots (ages 5-8)',0,0,'800.00',NULL,NULL),(821,468,1,3,2,'2008-11-05 08:40:54','Credit Card','Single',0,0,'50.00',NULL,NULL),(822,76,2,5,2,'2009-05-12 06:05:23','Credit Card','Soprano',0,0,'50.00',NULL,NULL),(823,82,3,3,4,'2008-07-08 10:16:49','Credit Card','Tiny-tots (ages 5-8)',0,0,'800.00',NULL,NULL),(824,446,1,5,4,'2009-02-28 11:54:33','Credit Card','Single',0,0,'50.00',NULL,NULL),(825,96,1,3,1,'2008-10-10 01:40:53','Credit Card','Single',0,0,'50.00',NULL,NULL),(826,333,3,3,3,'2008-10-29 03:48:50','Credit Card','Tiny-tots (ages 5-8)',0,0,'800.00',NULL,NULL),(827,55,2,3,4,'2008-12-09 02:29:29','Credit Card','Soprano',0,0,'50.00',NULL,NULL),(828,449,1,3,4,'2008-07-24 02:41:53','Credit Card','Single',0,0,'50.00',NULL,NULL),(829,144,1,5,3,'2009-04-04 03:14:36','Credit Card','Single',0,0,'50.00',NULL,NULL),(830,147,1,1,4,'2008-06-19 09:54:11','Credit Card','Single',0,0,'50.00',NULL,NULL),(831,424,3,1,1,'2008-11-17 03:49:32','Credit Card','Tiny-tots (ages 5-8)',0,0,'800.00',NULL,NULL),(832,470,2,2,2,'2008-10-01 10:54:37','Credit Card','Soprano',0,0,'50.00',NULL,NULL),(833,46,1,4,1,'2009-05-15 10:00:41','Credit Card','Single',0,0,'50.00',NULL,NULL),(834,145,3,3,2,'2008-10-03 08:36:26','Credit Card','Tiny-tots (ages 5-8)',0,0,'800.00',NULL,NULL),(835,491,1,3,4,'2009-04-10 03:16:42','Credit Card','Single',0,0,'50.00',NULL,NULL),(836,394,1,5,1,'2008-07-16 05:45:52','Credit Card','Single',0,0,'50.00',NULL,NULL),(837,487,3,4,4,'2009-01-21 06:23:46','Credit Card','Tiny-tots (ages 5-8)',0,0,'800.00',NULL,NULL),(838,239,2,4,2,'2009-03-20 02:10:29','Credit Card','Soprano',0,0,'50.00',NULL,NULL),(839,87,2,5,4,'2008-09-20 07:28:57','Credit Card','Soprano',0,0,'50.00',NULL,NULL),(840,190,1,5,1,'2008-12-14 01:31:23','Credit Card','Single',0,0,'50.00',NULL,NULL),(841,101,1,4,1,'2008-06-24 11:46:12','Credit Card','Single',0,0,'50.00',NULL,NULL),(842,234,3,1,1,'2008-07-11 04:23:28','Credit Card','Tiny-tots (ages 5-8)',0,0,'800.00',NULL,NULL),(843,14,1,1,4,'2008-06-30 01:18:15','Credit Card','Single',0,0,'50.00',NULL,NULL),(844,109,1,1,3,'2009-04-04 12:56:33','Credit Card','Single',0,0,'50.00',NULL,NULL),(845,314,2,2,4,'2009-01-07 08:36:43','Credit Card','Soprano',0,0,'50.00',NULL,NULL),(846,410,3,5,1,'2009-04-10 02:53:29','Credit Card','Tiny-tots (ages 5-8)',0,0,'800.00',NULL,NULL),(847,117,3,1,2,'2009-01-20 04:23:26','Credit Card','Tiny-tots (ages 5-8)',0,0,'800.00',NULL,NULL),(848,496,1,5,2,'2008-08-17 03:53:49','Credit Card','Single',0,0,'50.00',NULL,NULL),(849,152,3,4,1,'2008-12-14 12:28:34','Credit Card','Tiny-tots (ages 5-8)',0,0,'800.00',NULL,NULL),(850,333,3,5,3,'2009-02-24 06:45:06','Credit Card','Tiny-tots (ages 5-8)',0,0,'800.00',NULL,NULL),(851,137,3,3,1,'2008-06-25 07:10:08','Credit Card','Tiny-tots (ages 5-8)',0,0,'800.00',NULL,NULL),(852,8,2,3,3,'2008-08-24 10:50:54','Credit Card','Soprano',0,0,'50.00',NULL,NULL),(853,232,3,3,4,'2009-02-28 02:08:55','Credit Card','Tiny-tots (ages 5-8)',0,0,'800.00',NULL,NULL),(854,263,3,5,4,'2008-10-23 04:21:44','Credit Card','Tiny-tots (ages 5-8)',0,0,'800.00',NULL,NULL),(855,354,2,4,2,'2009-01-06 11:31:50','Credit Card','Soprano',0,0,'50.00',NULL,NULL),(856,147,1,3,3,'2009-01-22 05:09:54','Credit Card','Single',0,0,'50.00',NULL,NULL),(857,313,1,2,2,'2008-10-24 06:07:15','Credit Card','Single',0,0,'50.00',NULL,NULL),(858,208,3,3,4,'2008-09-23 01:39:31','Credit Card','Tiny-tots (ages 5-8)',0,0,'800.00',NULL,NULL),(859,409,2,4,4,'2008-11-03 12:15:23','Credit Card','Soprano',0,0,'50.00',NULL,NULL),(860,354,1,2,3,'2009-02-06 02:58:11','Credit Card','Single',0,0,'50.00',NULL,NULL),(861,69,3,4,2,'2008-10-06 09:34:20','Credit Card','Tiny-tots (ages 5-8)',0,0,'800.00',NULL,NULL),(862,359,2,2,3,'2009-01-03 08:05:18','Credit Card','Soprano',0,0,'50.00',NULL,NULL),(863,385,3,5,1,'2009-01-16 09:13:27','Credit Card','Tiny-tots (ages 5-8)',0,0,'800.00',NULL,NULL),(864,349,3,2,2,'2008-11-12 01:57:35','Credit Card','Tiny-tots (ages 5-8)',0,0,'800.00',NULL,NULL),(865,162,1,2,1,'2008-07-09 11:42:18','Credit Card','Single',0,0,'50.00',NULL,NULL),(866,273,1,2,1,'2008-09-21 03:18:46','Credit Card','Single',0,0,'50.00',NULL,NULL),(867,421,3,1,1,'2009-01-05 07:45:45','Credit Card','Tiny-tots (ages 5-8)',0,0,'800.00',NULL,NULL),(868,12,1,2,4,'2008-06-16 10:54:14','Credit Card','Single',0,0,'50.00',NULL,NULL),(869,461,3,3,2,'2009-04-27 06:11:24','Credit Card','Tiny-tots (ages 5-8)',0,0,'800.00',NULL,NULL),(870,276,3,3,1,'2008-08-13 10:29:35','Credit Card','Tiny-tots (ages 5-8)',0,0,'800.00',NULL,NULL),(871,128,1,2,4,'2008-07-04 09:06:45','Credit Card','Single',0,0,'50.00',NULL,NULL),(872,346,2,4,1,'2008-07-12 12:34:53','Credit Card','Soprano',0,0,'50.00',NULL,NULL),(873,132,1,5,3,'2008-08-22 08:18:19','Credit Card','Single',0,0,'50.00',NULL,NULL),(874,461,2,1,3,'2008-10-10 10:17:46','Credit Card','Soprano',0,0,'50.00',NULL,NULL),(875,135,3,5,1,'2008-10-01 01:58:36','Credit Card','Tiny-tots (ages 5-8)',0,0,'800.00',NULL,NULL),(876,171,1,5,4,'2008-11-21 01:25:49','Credit Card','Single',0,0,'50.00',NULL,NULL),(877,157,1,3,1,'2008-12-16 10:55:48','Credit Card','Single',0,0,'50.00',NULL,NULL),(878,490,1,4,1,'2008-07-04 09:25:45','Credit Card','Single',0,0,'50.00',NULL,NULL),(879,321,2,4,1,'2008-12-29 02:39:37','Credit Card','Soprano',0,0,'50.00',NULL,NULL),(880,332,1,3,2,'2008-09-14 09:37:13','Credit Card','Single',0,0,'50.00',NULL,NULL),(881,458,3,2,2,'2008-11-16 02:22:39','Credit Card','Tiny-tots (ages 5-8)',0,0,'800.00',NULL,NULL),(882,403,1,3,4,'2009-05-11 11:12:04','Credit Card','Single',0,0,'50.00',NULL,NULL),(883,82,3,3,1,'2008-12-17 11:59:29','Credit Card','Tiny-tots (ages 5-8)',0,0,'800.00',NULL,NULL),(884,95,2,4,2,'2009-05-18 08:55:36','Credit Card','Soprano',0,0,'50.00',NULL,NULL),(885,231,1,2,3,'2009-05-23 05:37:53','Credit Card','Single',0,0,'50.00',NULL,NULL),(886,12,2,3,3,'2008-08-23 01:43:16','Credit Card','Soprano',0,0,'50.00',NULL,NULL),(887,24,2,1,2,'2008-09-11 12:42:22','Credit Card','Soprano',0,0,'50.00',NULL,NULL),(888,1,1,3,3,'2009-04-05 06:08:23','Credit Card','Single',0,0,'50.00',NULL,NULL),(889,275,2,2,3,'2008-12-04 10:46:41','Credit Card','Soprano',0,0,'50.00',NULL,NULL),(890,134,3,1,3,'2009-02-27 01:33:29','Credit Card','Tiny-tots (ages 5-8)',0,0,'800.00',NULL,NULL),(891,86,1,1,2,'2008-11-27 05:06:58','Credit Card','Single',0,0,'50.00',NULL,NULL),(892,407,2,1,2,'2008-08-14 05:56:13','Credit Card','Soprano',0,0,'50.00',NULL,NULL),(893,416,3,3,4,'2009-04-08 08:09:10','Credit Card','Tiny-tots (ages 5-8)',0,0,'800.00',NULL,NULL),(894,19,2,2,2,'2008-09-10 08:46:05','Credit Card','Soprano',0,0,'50.00',NULL,NULL),(895,125,1,3,3,'2008-10-09 03:28:47','Credit Card','Single',0,0,'50.00',NULL,NULL),(896,123,3,2,2,'2008-07-06 09:59:36','Credit Card','Tiny-tots (ages 5-8)',0,0,'800.00',NULL,NULL),(897,181,1,2,3,'2009-04-12 10:55:07','Credit Card','Single',0,0,'50.00',NULL,NULL),(898,341,1,5,4,'2008-09-22 07:29:20','Credit Card','Single',0,0,'50.00',NULL,NULL),(899,495,1,1,4,'2008-10-08 02:40:32','Credit Card','Single',0,0,'50.00',NULL,NULL),(900,34,2,5,2,'2009-01-31 10:59:36','Credit Card','Soprano',0,0,'50.00',NULL,NULL),(901,50,1,4,3,'2008-10-30 06:39:18','Credit Card','Single',0,0,'50.00',NULL,NULL),(902,221,1,2,3,'2009-04-15 12:55:39','Credit Card','Single',0,0,'50.00',NULL,NULL),(903,114,1,3,3,'2009-04-23 02:37:46','Credit Card','Single',0,0,'50.00',NULL,NULL),(904,47,3,4,4,'2008-09-21 11:40:28','Credit Card','Tiny-tots (ages 5-8)',0,0,'800.00',NULL,NULL),(905,307,1,1,4,'2009-01-02 06:02:14','Credit Card','Single',0,0,'50.00',NULL,NULL),(906,34,1,3,2,'2008-10-08 09:41:06','Credit Card','Single',0,0,'50.00',NULL,NULL),(907,494,3,4,2,'2008-09-21 06:46:33','Credit Card','Tiny-tots (ages 5-8)',0,0,'800.00',NULL,NULL),(908,72,2,4,3,'2009-05-18 10:06:11','Credit Card','Soprano',0,0,'50.00',NULL,NULL),(909,298,3,3,4,'2009-05-12 09:24:35','Credit Card','Tiny-tots (ages 5-8)',0,0,'800.00',NULL,NULL),(910,190,3,1,3,'2009-01-28 09:18:48','Credit Card','Tiny-tots (ages 5-8)',0,0,'800.00',NULL,NULL),(911,182,1,2,1,'2009-03-07 03:20:28','Credit Card','Single',0,0,'50.00',NULL,NULL),(912,307,1,1,2,'2008-07-19 05:11:26','Credit Card','Single',0,0,'50.00',NULL,NULL),(913,104,1,1,3,'2008-10-07 03:05:25','Credit Card','Single',0,0,'50.00',NULL,NULL),(914,236,1,3,2,'2009-04-13 11:46:34','Credit Card','Single',0,0,'50.00',NULL,NULL),(915,61,3,1,1,'2009-01-06 05:21:16','Credit Card','Tiny-tots (ages 5-8)',0,0,'800.00',NULL,NULL),(916,308,2,1,3,'2008-07-09 08:38:10','Credit Card','Soprano',0,0,'50.00',NULL,NULL),(917,249,3,4,4,'2009-03-25 09:50:47','Credit Card','Tiny-tots (ages 5-8)',0,0,'800.00',NULL,NULL),(918,271,2,5,4,'2009-02-02 09:48:01','Credit Card','Soprano',0,0,'50.00',NULL,NULL),(919,456,3,1,2,'2008-12-09 05:47:21','Credit Card','Tiny-tots (ages 5-8)',0,0,'800.00',NULL,NULL),(920,335,3,3,1,'2008-07-21 03:23:41','Credit Card','Tiny-tots (ages 5-8)',0,0,'800.00',NULL,NULL),(921,239,3,3,3,'2009-04-27 12:59:27','Credit Card','Tiny-tots (ages 5-8)',0,0,'800.00',NULL,NULL),(922,28,3,3,1,'2008-08-04 09:05:25','Credit Card','Tiny-tots (ages 5-8)',0,0,'800.00',NULL,NULL),(923,356,3,3,2,'2008-12-21 09:29:54','Credit Card','Tiny-tots (ages 5-8)',0,0,'800.00',NULL,NULL),(924,92,2,2,1,'2009-04-13 09:09:47','Credit Card','Soprano',0,0,'50.00',NULL,NULL),(925,139,2,1,2,'2008-08-18 08:59:11','Credit Card','Soprano',0,0,'50.00',NULL,NULL),(926,371,2,1,2,'2008-06-30 08:24:51','Credit Card','Soprano',0,0,'50.00',NULL,NULL),(927,239,1,2,1,'2008-08-27 02:01:59','Credit Card','Single',0,0,'50.00',NULL,NULL),(928,434,2,3,3,'2008-09-27 10:43:50','Credit Card','Soprano',0,0,'50.00',NULL,NULL),(929,498,2,5,3,'2009-03-14 12:49:22','Credit Card','Soprano',0,0,'50.00',NULL,NULL),(930,233,2,5,3,'2009-05-05 02:28:04','Credit Card','Soprano',0,0,'50.00',NULL,NULL),(931,147,2,5,3,'2008-06-07 05:42:34','Credit Card','Soprano',0,0,'50.00',NULL,NULL),(932,3,1,2,3,'2009-04-14 05:59:07','Credit Card','Single',0,0,'50.00',NULL,NULL),(933,25,3,3,4,'2008-11-27 11:05:01','Credit Card','Tiny-tots (ages 5-8)',0,0,'800.00',NULL,NULL),(934,269,2,5,3,'2009-02-21 03:58:27','Credit Card','Soprano',0,0,'50.00',NULL,NULL),(935,110,2,3,4,'2009-04-14 02:11:20','Credit Card','Soprano',0,0,'50.00',NULL,NULL),(936,216,3,4,4,'2008-09-26 09:12:05','Credit Card','Tiny-tots (ages 5-8)',0,0,'800.00',NULL,NULL),(937,9,1,1,4,'2009-05-10 02:07:42','Credit Card','Single',0,0,'50.00',NULL,NULL),(938,155,3,5,3,'2009-01-11 05:23:55','Credit Card','Tiny-tots (ages 5-8)',0,0,'800.00',NULL,NULL),(939,203,1,2,4,'2009-03-15 07:22:40','Credit Card','Single',0,0,'50.00',NULL,NULL),(940,435,1,5,2,'2008-06-20 04:45:39','Credit Card','Single',0,0,'50.00',NULL,NULL),(941,427,3,5,4,'2008-08-28 11:19:13','Credit Card','Tiny-tots (ages 5-8)',0,0,'800.00',NULL,NULL),(942,329,2,1,4,'2009-05-24 02:43:15','Credit Card','Soprano',0,0,'50.00',NULL,NULL),(943,170,2,2,3,'2009-01-26 04:05:52','Credit Card','Soprano',0,0,'50.00',NULL,NULL),(944,386,1,5,2,'2008-09-27 11:35:36','Credit Card','Single',0,0,'50.00',NULL,NULL),(945,447,1,3,3,'2008-11-10 03:01:28','Credit Card','Single',0,0,'50.00',NULL,NULL),(946,415,3,2,4,'2008-07-21 12:31:23','Credit Card','Tiny-tots (ages 5-8)',0,0,'800.00',NULL,NULL),(947,280,3,5,3,'2008-10-09 04:34:49','Credit Card','Tiny-tots (ages 5-8)',0,0,'800.00',NULL,NULL),(948,20,2,5,2,'2008-09-04 10:13:55','Credit Card','Soprano',0,0,'50.00',NULL,NULL),(949,413,3,4,4,'2009-01-18 07:41:27','Credit Card','Tiny-tots (ages 5-8)',0,0,'800.00',NULL,NULL),(950,336,1,5,4,'2008-12-22 09:22:52','Credit Card','Single',0,0,'50.00',NULL,NULL),(951,148,2,4,4,'2008-05-30 10:37:16','Credit Card','Soprano',0,0,'50.00',NULL,NULL),(952,187,3,2,1,'2009-01-31 02:32:06','Credit Card','Tiny-tots (ages 5-8)',0,0,'800.00',NULL,NULL),(953,205,1,4,2,'2008-10-04 11:09:00','Credit Card','Single',0,0,'50.00',NULL,NULL),(954,88,2,3,2,'2009-05-10 09:18:23','Credit Card','Soprano',0,0,'50.00',NULL,NULL),(955,254,1,1,3,'2009-04-28 04:24:00','Credit Card','Single',0,0,'50.00',NULL,NULL),(956,137,2,2,1,'2008-11-16 03:22:07','Credit Card','Soprano',0,0,'50.00',NULL,NULL),(957,270,2,1,1,'2009-01-21 01:27:54','Credit Card','Soprano',0,0,'50.00',NULL,NULL),(958,337,2,5,1,'2009-05-14 05:34:18','Credit Card','Soprano',0,0,'50.00',NULL,NULL),(959,266,3,5,4,'2008-07-22 03:13:11','Credit Card','Tiny-tots (ages 5-8)',0,0,'800.00',NULL,NULL),(960,298,1,2,1,'2008-06-01 02:24:40','Credit Card','Single',0,0,'50.00',NULL,NULL),(961,419,3,1,1,'2008-06-13 06:58:08','Credit Card','Tiny-tots (ages 5-8)',0,0,'800.00',NULL,NULL),(962,104,3,2,4,'2009-02-21 12:02:32','Credit Card','Tiny-tots (ages 5-8)',0,0,'800.00',NULL,NULL),(963,387,2,4,4,'2009-04-03 07:24:33','Credit Card','Soprano',0,0,'50.00',NULL,NULL),(964,194,2,5,4,'2008-12-13 12:57:26','Credit Card','Soprano',0,0,'50.00',NULL,NULL),(965,474,1,4,4,'2008-07-06 05:41:31','Credit Card','Single',0,0,'50.00',NULL,NULL),(966,492,1,3,2,'2009-05-10 10:00:31','Credit Card','Single',0,0,'50.00',NULL,NULL),(967,446,2,1,3,'2009-02-18 11:06:20','Credit Card','Soprano',0,0,'50.00',NULL,NULL),(968,350,1,1,4,'2008-08-04 08:06:56','Credit Card','Single',0,0,'50.00',NULL,NULL),(969,272,1,5,2,'2009-04-09 06:12:16','Credit Card','Single',0,0,'50.00',NULL,NULL),(970,350,2,2,1,'2008-11-26 12:30:33','Credit Card','Soprano',0,0,'50.00',NULL,NULL),(971,188,3,5,1,'2009-01-11 05:55:09','Credit Card','Tiny-tots (ages 5-8)',0,0,'800.00',NULL,NULL),(972,391,2,2,3,'2008-08-08 05:13:57','Credit Card','Soprano',0,0,'50.00',NULL,NULL),(973,360,1,1,2,'2008-12-27 09:41:10','Credit Card','Single',0,0,'50.00',NULL,NULL),(974,268,3,5,2,'2009-02-11 06:36:35','Credit Card','Tiny-tots (ages 5-8)',0,0,'800.00',NULL,NULL),(975,141,1,4,4,'2009-01-09 05:55:24','Credit Card','Single',0,0,'50.00',NULL,NULL),(976,58,1,2,1,'2009-03-19 10:17:03','Credit Card','Single',0,0,'50.00',NULL,NULL),(977,74,1,5,4,'2009-01-05 09:43:13','Credit Card','Single',0,0,'50.00',NULL,NULL),(978,459,1,5,1,'2008-12-17 05:45:00','Credit Card','Single',0,0,'50.00',NULL,NULL),(979,309,2,1,2,'2009-05-07 04:32:20','Credit Card','Soprano',0,0,'50.00',NULL,NULL),(980,411,1,5,4,'2008-10-12 07:13:42','Credit Card','Single',0,0,'50.00',NULL,NULL),(981,182,1,3,1,'2009-01-04 11:09:15','Credit Card','Single',0,0,'50.00',NULL,NULL),(982,84,3,5,4,'2008-08-22 10:44:43','Credit Card','Tiny-tots (ages 5-8)',0,0,'800.00',NULL,NULL),(983,325,1,2,1,'2008-10-14 10:34:44','Credit Card','Single',0,0,'50.00',NULL,NULL),(984,266,2,5,1,'2008-06-16 08:32:57','Credit Card','Soprano',0,0,'50.00',NULL,NULL),(985,187,3,1,1,'2008-10-31 09:44:20','Credit Card','Tiny-tots (ages 5-8)',0,0,'800.00',NULL,NULL),(986,317,2,2,1,'2008-12-20 06:09:52','Credit Card','Soprano',0,0,'50.00',NULL,NULL),(987,154,2,4,2,'2009-04-17 06:05:52','Credit Card','Soprano',0,0,'50.00',NULL,NULL),(988,121,1,4,1,'2008-09-04 04:40:57','Credit Card','Single',0,0,'50.00',NULL,NULL),(989,361,3,2,1,'2008-11-26 11:02:08','Credit Card','Tiny-tots (ages 5-8)',0,0,'800.00',NULL,NULL),(990,315,3,4,2,'2008-12-28 08:11:37','Credit Card','Tiny-tots (ages 5-8)',0,0,'800.00',NULL,NULL),(991,139,1,2,4,'2008-11-05 07:44:37','Credit Card','Single',0,0,'50.00',NULL,NULL),(992,3,3,5,1,'2008-08-04 08:14:06','Credit Card','Tiny-tots (ages 5-8)',0,0,'800.00',NULL,NULL),(993,325,3,3,3,'2009-01-11 08:22:17','Credit Card','Tiny-tots (ages 5-8)',0,0,'800.00',NULL,NULL),(994,252,2,3,1,'2008-12-25 11:33:04','Credit Card','Soprano',0,0,'50.00',NULL,NULL),(995,411,3,5,4,'2009-04-25 06:05:52','Credit Card','Tiny-tots (ages 5-8)',0,0,'800.00',NULL,NULL),(996,135,1,5,2,'2009-01-04 12:25:04','Credit Card','Single',0,0,'50.00',NULL,NULL),(997,246,1,3,3,'2009-01-05 10:38:41','Credit Card','Single',0,0,'50.00',NULL,NULL),(998,244,2,4,2,'2008-11-19 04:01:24','Credit Card','Soprano',0,0,'50.00',NULL,NULL),(999,387,1,4,1,'2008-09-30 07:04:06','Credit Card','Single',0,0,'50.00',NULL,NULL),(1000,160,2,4,2,'2008-07-22 05:48:30','Credit Card','Soprano',0,0,'50.00',NULL,NULL);
/*!40000 ALTER TABLE `civicrm_participant` ENABLE KEYS */;
UNLOCK TABLES;

--
-- Dumping data for table `civicrm_participant_payment`
--

LOCK TABLES `civicrm_participant_payment` WRITE;
/*!40000 ALTER TABLE `civicrm_participant_payment` DISABLE KEYS */;
/*!40000 ALTER TABLE `civicrm_participant_payment` ENABLE KEYS */;
UNLOCK TABLES;

--
-- Dumping data for table `civicrm_payment_processor`
--

LOCK TABLES `civicrm_payment_processor` WRITE;
/*!40000 ALTER TABLE `civicrm_payment_processor` DISABLE KEYS */;
/*!40000 ALTER TABLE `civicrm_payment_processor` ENABLE KEYS */;
UNLOCK TABLES;

--
-- Dumping data for table `civicrm_payment_processor_type`
--

LOCK TABLES `civicrm_payment_processor_type` WRITE;
/*!40000 ALTER TABLE `civicrm_payment_processor_type` DISABLE KEYS */;
INSERT INTO `civicrm_payment_processor_type` (`id`, `name`, `title`, `description`, `is_active`, `is_default`, `user_name_label`, `password_label`, `signature_label`, `subject_label`, `class_name`, `url_site_default`, `url_api_default`, `url_recur_default`, `url_button_default`, `url_site_test_default`, `url_api_test_default`, `url_recur_test_default`, `url_button_test_default`, `billing_mode`, `is_recur`) VALUES (1,'PayPal_Standard','PayPal - Website Payments Standard',NULL,1,0,'Merchant Account Email',NULL,NULL,NULL,'Payment_PayPalImpl','https://www.paypal.com/',NULL,'https://www.paypal.com/',NULL,'https://www.sandbox.paypal.com/',NULL,'https://www.sandbox.paypal.com/',NULL,4,1),(2,'PayPal','PayPal - Website Payments Pro',NULL,1,0,'User Name','Password','Signature',NULL,'Payment_PayPalImpl','https://www.paypal.com/','https://api-3t.paypal.com/',NULL,'https://www.paypal.com/en_US/i/btn/btn_xpressCheckout.gif','https://www.sandbox.paypal.com/','https://api-3t.sandbox.paypal.com/',NULL,'https://www.paypal.com/en_US/i/btn/btn_xpressCheckout.gif',3,NULL),(3,'PayPal_Express','PayPal - Express',NULL,1,0,'User Name','Password','Signature',NULL,'Payment_PayPalImpl','https://www.paypal.com/','https://api-3t.paypal.com/',NULL,'https://www.paypal.com/en_US/i/btn/btn_xpressCheckout.gif','https://www.sandbox.paypal.com/','https://api-3t.sandbox.paypal.com/',NULL,'https://www.paypal.com/en_US/i/btn/btn_xpressCheckout.gif',2,NULL),(4,'Google_Checkout','Google Checkout',NULL,1,0,'Merchant ID','Key',NULL,NULL,'Payment_Google','https://checkout.google.com/',NULL,NULL,'https://checkout.google.com/buttons/checkout.gif?merchant_id=YOURMERCHANTIDHERE&w=160&h=43&style=white&variant=text&loc=en_US','https://sandbox.google.com/checkout/',NULL,NULL,'https://sandbox.google.com/checkout/buttons/checkout.gif?merchant_id=YOURMERCHANTIDHERE&w=160&h=43&style=white&variant=text&loc=en_US',4,NULL),(5,'Moneris','Moneris',NULL,1,0,'User Name','Password','Store ID',NULL,'Payment_Moneris','https://www3.moneris.com/',NULL,NULL,NULL,'https://esqa.moneris.com/',NULL,NULL,NULL,1,1),(6,'AuthNet_AIM','Authorize.Net - AIM',NULL,1,0,'API Login','Payment Key','MD5 Hash',NULL,'Payment_AuthorizeNet','https://secure.authorize.net/gateway/transact.dll',NULL,'https://api.authorize.net/xml/v1/request.api',NULL,'https://test.authorize.net/gateway/transact.dll',NULL,'https://apitest.authorize.net/xml/v1/request.api',NULL,1,NULL),(7,'PayJunction','PayJunction',NULL,1,0,'User Name','Password',NULL,NULL,'Payment_PayJunction','https://payjunction.com/quick_link',NULL,NULL,NULL,'https://demo.payjunction.com/quick_link',NULL,NULL,NULL,1,1),(8,'eWAY','eWAY (Single Currency)',NULL,1,0,'Customer ID',NULL,NULL,NULL,'Payment_eWAY','https://www.eway.com.au/gateway_cvn/xmlpayment.asp',NULL,NULL,NULL,'https://www.eway.com.au/gateway_cvn/xmltest/testpage.asp',NULL,NULL,NULL,1,0),(9,'Payment_Express','DPS Payment Express',NULL,1,0,'User ID','Key','Mac Key - pxaccess only',NULL,'Payment_PaymentExpress','https://www.paymentexpress.com/pleaseenteraurl',NULL,NULL,NULL,'https://www.paymentexpress.com/pleaseenteratesturl',NULL,NULL,NULL,4,0),(10,'ClickAndPledge','Click and Pledge',NULL,1,0,'Customer ID',NULL,NULL,NULL,'Payment_ClickAndPledge','http://www.clickandpledge.com/',NULL,NULL,NULL,'http://www.clickandpledge.com/',NULL,NULL,NULL,4,0),(11,'Dummy','Dummy Payment Processor',NULL,1,1,'User Name',NULL,NULL,NULL,'Payment_Dummy',NULL,NULL,NULL,NULL,NULL,NULL,NULL,NULL,1,NULL),(12,'Elavon','Elavon Payment Processor','Elavon / Nova Virtual Merchant',1,0,'SSL Merchant ID ','SSL User ID','SSL PIN',NULL,'Payment_Elavon','https://www.myvirtualmerchant.com/VirtualMerchant/processxml.do',NULL,NULL,NULL,'https://www.myvirtualmerchant.com/VirtualMerchant/processxml.do',NULL,NULL,NULL,1,0);
/*!40000 ALTER TABLE `civicrm_payment_processor_type` ENABLE KEYS */;
UNLOCK TABLES;

--
-- Dumping data for table `civicrm_pcp`
--

LOCK TABLES `civicrm_pcp` WRITE;
/*!40000 ALTER TABLE `civicrm_pcp` DISABLE KEYS */;
INSERT INTO `civicrm_pcp` (`id`, `contact_id`, `status_id`, `title`, `intro_text`, `page_text`, `donate_link_text`, `contribution_page_id`, `is_thermometer`, `is_honor_roll`, `goal_amount`, `referer`, `is_active`) VALUES (1,216,2,'My Personal Civi Fundraiser','I\'m on a mission to get all my friends and family to help support my favorite open-source civic sector CRM.','<p>Friends and family - please help build much needed infrastructure for the civic sector by supporting my personal campaign!</p>\r\n<p><a href=\"http://civicrm.org\">You can learn more about CiviCRM here</a>.</p>\r\n<p>Then click the <strong>Contribute Now</strong> button to go to our easy-to-use online contribution form.</p>','Contribute Now',1,1,1,'5000.00',NULL,1);
/*!40000 ALTER TABLE `civicrm_pcp` ENABLE KEYS */;
UNLOCK TABLES;

--
-- Dumping data for table `civicrm_pcp_block`
--

LOCK TABLES `civicrm_pcp_block` WRITE;
/*!40000 ALTER TABLE `civicrm_pcp_block` DISABLE KEYS */;
INSERT INTO `civicrm_pcp_block` (`id`, `entity_table`, `entity_id`, `supporter_profile_id`, `is_approval_needed`, `is_tellfriend_enabled`, `tellfriend_limit`, `link_text`, `is_active`, `notify_email`) VALUES (1,'civicrm_contribution_page',1,2,1,1,5,'Create your own Personal Campaign Page!',1,NULL);
/*!40000 ALTER TABLE `civicrm_pcp_block` ENABLE KEYS */;
UNLOCK TABLES;

--
-- Dumping data for table `civicrm_phone`
--

LOCK TABLES `civicrm_phone` WRITE;
/*!40000 ALTER TABLE `civicrm_phone` DISABLE KEYS */;
INSERT INTO `civicrm_phone` (`id`, `contact_id`, `location_type_id`, `is_primary`, `is_billing`, `mobile_provider_id`, `phone`, `phone_type_id`) VALUES (1,NULL,1,0,0,NULL,'204 222-1001',1),(2,317,1,1,0,NULL,'77202405',1),(3,317,1,0,0,NULL,'22938644',2),(4,214,1,1,0,NULL,'29197433',1),(5,214,1,0,0,NULL,'67051540',2),(6,323,1,1,0,NULL,'55825284',1),(7,323,1,0,0,NULL,'98834582',2),(8,112,1,1,0,NULL,'15801679',1),(9,112,1,0,0,NULL,'59237837',2),(10,319,1,1,0,NULL,'17199012',1),(11,319,1,0,0,NULL,'20782308',2),(12,481,1,1,0,NULL,'88866053',1),(13,481,1,0,0,NULL,'24345929',2),(14,215,1,1,0,NULL,'96192777',1),(15,215,1,0,0,NULL,'63886122',2),(16,86,1,1,0,NULL,'21499419',1),(17,86,1,0,0,NULL,'46915364',2),(18,226,1,1,0,NULL,'30561058',1),(19,226,1,0,0,NULL,'98329810',2),(20,356,1,1,0,NULL,'65010494',1),(21,356,1,0,0,NULL,'78603231',2),(22,43,1,1,0,NULL,'90920146',1),(23,43,1,0,0,NULL,'96536833',2),(24,334,1,1,0,NULL,'77106030',1),(25,334,1,0,0,NULL,'22726651',2),(26,70,1,1,0,NULL,'51938390',1),(27,70,1,0,0,NULL,'69129655',2),(28,292,1,1,0,NULL,'39672906',1),(29,292,1,0,0,NULL,'11696972',2),(30,413,1,1,0,NULL,'62843390',1),(31,413,1,0,0,NULL,'36967622',2),(32,251,1,1,0,NULL,'28474079',1),(33,251,1,0,0,NULL,'33490734',2),(34,466,1,1,0,NULL,'70590127',1),(35,466,1,0,0,NULL,'99253676',2),(36,362,1,1,0,NULL,'21747022',1),(37,362,1,0,0,NULL,'67871078',2),(38,290,1,1,0,NULL,'45109451',1),(39,290,1,0,0,NULL,'17681593',2),(40,430,1,1,0,NULL,'74493041',1),(41,430,1,0,0,NULL,'68287172',2),(42,217,1,1,0,NULL,'49598696',1),(43,217,1,0,0,NULL,'67717885',2),(44,154,1,1,0,NULL,'86157204',1),(45,154,1,0,0,NULL,'35624582',2),(46,61,1,1,0,NULL,'35883822',1),(47,61,1,0,0,NULL,'25336948',2),(48,329,1,1,0,NULL,'48191210',1),(49,329,1,0,0,NULL,'59793071',2),(50,109,1,1,0,NULL,'78782121',1),(51,109,1,0,0,NULL,'25982968',2),(52,116,1,1,0,NULL,'70882003',1),(53,116,1,0,0,NULL,'47049540',2),(54,229,1,1,0,NULL,'48211184',1),(55,229,1,0,0,NULL,'92312417',2),(56,434,1,1,0,NULL,'24129772',1),(57,434,1,0,0,NULL,'22696695',2),(58,344,1,1,0,NULL,'77291489',1),(59,344,1,0,0,NULL,'96258461',2),(60,418,1,1,0,NULL,'63650953',1),(61,418,1,0,0,NULL,'11313336',2),(62,404,1,1,0,NULL,'24534153',1),(63,404,1,0,0,NULL,'51967854',2),(64,115,1,1,0,NULL,'56943117',1),(65,115,1,0,0,NULL,'57506438',2),(66,97,1,1,0,NULL,'15883158',1),(67,97,1,0,0,NULL,'32961052',2),(68,182,1,1,0,NULL,'25402821',1),(69,182,1,0,0,NULL,'48202582',2),(70,337,1,1,0,NULL,'76912724',1),(71,337,1,0,0,NULL,'24546747',2),(72,370,1,1,0,NULL,'11626256',1),(73,370,1,0,0,NULL,'22632107',2),(74,106,1,1,0,NULL,'67686863',1),(75,106,1,0,0,NULL,'45360321',2),(76,314,1,1,0,NULL,'86748621',1),(77,314,1,0,0,NULL,'57754399',2),(78,5,1,1,0,NULL,'79412331',1),(79,5,1,0,0,NULL,'52070819',2),(80,377,1,1,0,NULL,'59442183',1),(81,377,1,0,0,NULL,'45172763',2),(82,497,1,1,0,NULL,'95843685',1),(83,497,1,0,0,NULL,'60693240',2),(84,202,1,1,0,NULL,'21783292',1),(85,202,1,0,0,NULL,'71432465',2),(86,244,1,1,0,NULL,'78170366',1),(87,244,1,0,0,NULL,'53373198',2),(88,428,1,1,0,NULL,'29805585',1),(89,428,1,0,0,NULL,'46379885',2),(90,208,1,1,0,NULL,'41800306',1),(91,208,1,0,0,NULL,'95334276',2),(92,110,1,1,0,NULL,'43762139',1),(93,110,1,0,0,NULL,'97476302',2),(94,355,1,1,0,NULL,'94762875',1),(95,355,1,0,0,NULL,'52970846',2),(96,140,1,1,0,NULL,'94617304',1),(97,140,1,0,0,NULL,'56730364',2),(98,476,1,1,0,NULL,'53835653',1),(99,476,1,0,0,NULL,'90831372',2),(100,332,1,1,0,NULL,'17421290',1),(101,332,1,0,0,NULL,'24001992',2),(102,161,1,1,0,NULL,'43406922',1),(103,161,1,0,0,NULL,'19816099',2),(104,467,1,1,0,NULL,'36795607',1),(105,467,1,0,0,NULL,'33946984',2),(106,220,1,1,0,NULL,'59683874',1),(107,220,1,0,0,NULL,'54970264',2),(108,409,1,1,0,NULL,'30679364',1),(109,409,1,0,0,NULL,'64318012',2),(110,320,1,1,0,NULL,'48797850',1),(111,320,1,0,0,NULL,'12583501',2),(112,125,1,1,0,NULL,'38193653',1),(113,125,1,0,0,NULL,'48515710',2),(114,146,1,1,0,NULL,'52756077',1),(115,146,1,0,0,NULL,'74595637',2),(116,191,1,1,0,NULL,'15388805',1),(117,191,1,0,0,NULL,'77807549',2),(118,85,1,1,0,NULL,'48105346',1),(119,85,1,0,0,NULL,'90620701',2),(120,82,1,1,0,NULL,'91434471',1),(121,82,1,0,0,NULL,'41684265',2),(122,13,1,1,0,NULL,'19164964',1),(123,13,1,0,0,NULL,'27177819',2),(124,76,1,1,0,NULL,'27838181',1),(125,76,1,0,0,NULL,'52971075',2),(126,416,1,1,0,NULL,'22337978',1),(127,416,1,0,0,NULL,'52725662',2),(128,322,1,1,0,NULL,'30092950',1),(129,322,1,0,0,NULL,'75155365',2),(130,22,1,1,0,NULL,'52706145',1),(131,22,1,0,0,NULL,'87076648',2),(132,197,1,1,0,NULL,'13616446',1),(133,197,1,0,0,NULL,'15910592',2),(134,398,1,1,0,NULL,'32294694',1),(135,398,1,0,0,NULL,'15578647',2),(136,385,1,1,0,NULL,'70405760',1),(137,385,1,0,0,NULL,'63763983',2),(138,155,1,1,0,NULL,'26316094',1),(139,155,1,0,0,NULL,'84508700',2),(140,494,1,1,0,NULL,'46303634',1),(141,494,1,0,0,NULL,'60702643',2),(142,311,1,1,0,NULL,'21202930',1),(143,311,1,0,0,NULL,'71153306',2),(144,211,1,1,0,NULL,'29147349',1),(145,211,1,0,0,NULL,'50230650',2),(146,58,1,1,0,NULL,'59209871',1),(147,58,1,0,0,NULL,'27252939',2),(148,142,1,1,0,NULL,'15313618',1),(149,142,1,0,0,NULL,'17796808',2),(150,68,1,1,0,NULL,'52088960',1),(151,68,1,0,0,NULL,'41558804',2),(152,26,1,1,0,NULL,'68945743',1),(153,26,1,0,0,NULL,'64184071',2),(154,241,1,1,0,NULL,'38881115',1),(155,241,1,0,0,NULL,'76859083',2),(156,46,1,1,0,NULL,'91509433',1),(157,46,1,0,0,NULL,'97636116',2),(158,223,1,1,0,NULL,'60383987',1),(159,223,1,0,0,NULL,'39491752',2),(160,302,1,1,0,NULL,'70014355',1),(161,302,1,0,0,NULL,'94447002',2),(162,392,1,1,0,NULL,'49107689',1),(163,392,1,0,0,NULL,'69702851',2),(164,335,1,1,0,NULL,'26713565',1),(165,335,1,0,0,NULL,'16305037',2),(166,488,1,1,0,NULL,'77773899',1),(167,488,1,0,0,NULL,'59408355',2),(168,122,1,1,0,NULL,'96357476',1),(169,122,1,0,0,NULL,'27562640',2),(170,487,1,1,0,NULL,'89834092',1),(171,487,1,0,0,NULL,'26006348',2),(172,37,1,1,0,NULL,'19652442',1),(173,37,1,0,0,NULL,'25242887',2),(174,473,1,1,0,NULL,'49700839',1),(175,473,1,0,0,NULL,'25333915',2),(176,346,1,1,0,NULL,'98402895',1),(177,346,1,0,0,NULL,'50902146',2),(178,100,1,1,0,NULL,'26842904',1),(179,100,1,0,0,NULL,'32071728',2),(180,166,1,1,0,NULL,'32517300',1),(181,166,1,0,0,NULL,'70325717',2),(182,278,1,1,0,NULL,'29509873',1),(183,278,1,0,0,NULL,'57744407',2),(184,41,1,1,0,NULL,'45189797',1),(185,41,1,0,0,NULL,'65903652',2),(186,62,1,1,0,NULL,'19710639',1),(187,62,1,0,0,NULL,'70499400',2),(188,184,1,1,0,NULL,'27280305',1),(189,184,1,0,0,NULL,'14438948',2),(190,203,1,1,0,NULL,'30450208',1),(191,203,1,0,0,NULL,'58067653',2),(192,188,1,1,0,NULL,'57135175',1),(193,188,1,0,0,NULL,'28808761',2),(194,448,1,1,0,NULL,'40119765',1),(195,448,1,0,0,NULL,'70803602',2),(196,224,1,1,0,NULL,'45018605',1),(197,224,1,0,0,NULL,'22538610',2),(198,160,3,1,0,NULL,'42936757',1),(199,160,3,0,0,NULL,'51401933',2),(200,490,3,1,0,NULL,'32556613',1),(201,490,3,0,0,NULL,'16171143',2),(202,67,3,1,0,NULL,'64141398',1),(203,67,3,0,0,NULL,'65652038',2),(204,88,3,1,0,NULL,'27690988',1),(205,88,3,0,0,NULL,'43221032',2),(206,80,3,1,0,NULL,'83604971',1),(207,80,3,0,0,NULL,'46433706',2),(208,242,3,1,0,NULL,'31107649',1),(209,242,3,0,0,NULL,'44392308',2),(210,382,3,1,0,NULL,'85237471',1),(211,382,3,0,0,NULL,'73677172',2),(212,230,3,1,0,NULL,'17875246',1),(213,230,3,0,0,NULL,'41980036',2),(214,298,3,1,0,NULL,'59960762',1),(215,298,3,0,0,NULL,'90569263',2),(216,94,3,1,0,NULL,'94199841',1),(217,94,3,0,0,NULL,'49865324',2),(218,83,3,1,0,NULL,'32206200',1),(219,83,3,0,0,NULL,'93357518',2),(220,401,3,1,0,NULL,'18035336',1),(221,401,3,0,0,NULL,'98368110',2),(222,218,3,1,0,NULL,'34456707',1),(223,218,3,0,0,NULL,'47644344',2),(224,227,3,1,0,NULL,'42713310',1),(225,227,3,0,0,NULL,'88739589',2),(226,136,3,1,0,NULL,'65454961',1),(227,136,3,0,0,NULL,'68429587',2),(228,250,3,1,0,NULL,'62948138',1),(229,250,3,0,0,NULL,'22270927',2),(230,103,3,1,0,NULL,'66957329',1),(231,103,3,0,0,NULL,'74480548',2),(232,304,3,1,0,NULL,'97257527',1),(233,304,3,0,0,NULL,'24348677',2),(234,77,3,1,0,NULL,'57263944',1),(235,77,3,0,0,NULL,'72799019',2),(236,233,3,1,0,NULL,'35099689',1),(237,233,3,0,0,NULL,'73587580',2),(238,170,3,1,0,NULL,'13029041',1),(239,170,3,0,0,NULL,'93488681',2),(240,238,3,1,0,NULL,'97981932',1),(241,238,3,0,0,NULL,'80486582',2),(242,371,3,1,0,NULL,'44740671',1),(243,371,3,0,0,NULL,'39825347',2),(244,454,3,1,0,NULL,'65531354',1),(245,454,3,0,0,NULL,'37491428',2),(246,325,3,1,0,NULL,'86094353',1),(247,325,3,0,0,NULL,'58288751',2),(248,169,3,1,0,NULL,'70971345',1),(249,169,3,0,0,NULL,'87314679',2),(250,212,3,1,0,NULL,'84281653',1),(251,212,3,0,0,NULL,'60928800',2),(252,433,3,1,0,NULL,'96919949',1),(253,433,3,0,0,NULL,'72972584',2),(254,352,3,1,0,NULL,'19628977',1),(255,352,3,0,0,NULL,'61878990',2),(256,148,3,1,0,NULL,'92247337',1),(257,148,3,0,0,NULL,'39260915',2),(258,247,3,1,0,NULL,'48414710',1),(259,247,3,0,0,NULL,'45997069',2),(260,149,3,1,0,NULL,'60826217',1),(261,149,3,0,0,NULL,'73521653',2),(262,491,3,1,0,NULL,'59654159',1),(263,491,3,0,0,NULL,'41683178',2),(264,167,1,1,0,NULL,'94546151',1),(265,167,1,0,0,NULL,'77790265',2),(266,286,1,1,0,NULL,'16934784',1),(267,286,1,0,0,NULL,'49239755',2),(268,10,1,1,0,NULL,'21942130',1),(269,10,1,0,0,NULL,'20072258',2),(270,391,1,1,0,NULL,'22761726',1),(271,391,1,0,0,NULL,'85715940',2),(272,143,1,1,0,NULL,'60250619',1),(273,143,1,0,0,NULL,'50188954',2),(274,95,1,1,0,NULL,'34410154',1),(275,95,1,0,0,NULL,'40249436',2),(276,152,1,1,0,NULL,'61971283',1),(277,152,1,0,0,NULL,'56732554',2),(278,28,1,1,0,NULL,'83500077',1),(279,28,1,0,0,NULL,'14429769',2),(280,104,1,1,0,NULL,'28619865',1),(281,104,1,0,0,NULL,'47518373',2),(282,185,1,1,0,NULL,'82567532',1),(283,185,1,0,0,NULL,'56986007',2),(284,338,1,1,0,NULL,'43622717',1),(285,338,1,0,0,NULL,'58469537',2),(286,29,1,1,0,NULL,'84224243',1),(287,29,1,0,0,NULL,'44092710',2),(288,274,1,1,0,NULL,'94123432',1),(289,274,1,0,0,NULL,'17953207',2),(290,31,1,1,0,NULL,'28411257',1),(291,31,1,0,0,NULL,'60504420',2),(292,295,1,1,0,NULL,'17848733',1),(293,295,1,0,0,NULL,'46715142',2),(294,419,1,1,0,NULL,'93190836',1),(295,419,1,0,0,NULL,'82663302',2),(296,44,1,1,0,NULL,'97996721',1),(297,44,1,0,0,NULL,'49481878',2),(298,268,1,1,0,NULL,'86933792',1),(299,268,1,0,0,NULL,'19436310',2),(300,179,1,1,0,NULL,'97247323',1),(301,179,1,0,0,NULL,'54077529',2),(302,380,1,1,0,NULL,'52379999',1),(303,380,1,0,0,NULL,'48551592',2),(304,461,1,1,0,NULL,'76478073',1),(305,461,1,0,0,NULL,'61826682',2),(306,157,1,1,0,NULL,'89672032',1),(307,157,1,0,0,NULL,'44556430',2),(308,73,1,1,0,NULL,'77445865',1),(309,73,1,0,0,NULL,'44624127',2),(310,452,1,1,0,NULL,'66068260',1),(311,452,1,0,0,NULL,'45523549',2),(312,287,1,1,0,NULL,'67394608',1),(313,287,1,0,0,NULL,'29876573',2),(314,53,1,1,0,NULL,'24620250',1),(315,53,1,0,0,NULL,'37823956',2),(316,259,1,1,0,NULL,'57240322',1),(317,259,1,0,0,NULL,'91292223',2),(318,373,1,1,0,NULL,'20037194',1),(319,373,1,0,0,NULL,'18501095',2),(320,130,1,1,0,NULL,'82558960',1),(321,130,1,0,0,NULL,'70486790',2),(322,296,1,1,0,NULL,'27720571',1),(323,296,1,0,0,NULL,'72943130',2),(324,124,1,1,0,NULL,'98335123',1),(325,124,1,0,0,NULL,'47918374',2),(326,263,1,1,0,NULL,'11541524',1),(327,263,1,0,0,NULL,'50738733',2),(328,23,1,1,0,NULL,'77424804',1),(329,23,1,0,0,NULL,'85222445',2),(330,145,1,1,0,NULL,'78420062',1),(331,145,1,0,0,NULL,'89306701',2),(332,92,1,1,0,NULL,'93343773',1),(333,92,1,0,0,NULL,'33323374',2),(334,307,1,1,0,NULL,'42057519',1),(335,307,1,0,0,NULL,'40845974',2),(336,496,1,1,0,NULL,'77830510',1),(337,496,1,0,0,NULL,'59291553',2),(338,137,1,1,0,NULL,'77828303',1),(339,137,1,0,0,NULL,'15496958',2),(340,17,1,1,0,NULL,'38110607',1),(341,17,1,0,0,NULL,'30839762',2),(342,176,1,1,0,NULL,'57310016',1),(343,176,1,0,0,NULL,'76638924',2),(344,119,1,1,0,NULL,'79057376',1),(345,119,1,0,0,NULL,'45479377',2),(346,199,1,1,0,NULL,'27699076',1),(347,199,1,0,0,NULL,'89196750',2),(348,455,1,1,0,NULL,'79243797',1),(349,455,1,0,0,NULL,'41551169',2),(350,38,1,1,0,NULL,'48805796',1),(351,38,1,0,0,NULL,'70622905',2),(352,158,1,1,0,NULL,'22371555',1),(353,158,1,0,0,NULL,'67249206',2),(354,478,1,1,0,NULL,'99378563',1),(355,478,1,0,0,NULL,'82850561',2),(356,421,1,1,0,NULL,'98993916',1),(357,421,1,0,0,NULL,'45210454',2),(358,175,1,1,0,NULL,'51178433',1),(359,175,1,0,0,NULL,'77647196',2),(360,310,1,1,0,NULL,'29294626',1),(361,310,1,0,0,NULL,'31693151',2),(362,403,1,1,0,NULL,'33188968',1),(363,403,1,0,0,NULL,'27792900',2),(364,245,1,1,0,NULL,'46660656',1),(365,245,1,0,0,NULL,'36001193',2),(366,254,1,1,0,NULL,'33752030',1),(367,254,1,0,0,NULL,'69990663',2),(368,485,1,1,0,NULL,'62881008',1),(369,485,1,0,0,NULL,'82251216',2),(370,361,1,1,0,NULL,'60462832',1),(371,361,1,0,0,NULL,'27109656',2),(372,353,1,1,0,NULL,'94224019',1),(373,353,1,0,0,NULL,'63914632',2),(374,25,1,1,0,NULL,'15925511',1),(375,25,1,0,0,NULL,'68184426',2),(376,427,1,1,0,NULL,'14324621',1),(377,427,1,0,0,NULL,'17307230',2),(378,260,1,1,0,NULL,'22050863',1),(379,260,1,0,0,NULL,'42107236',2),(380,194,1,1,0,NULL,'97717719',1),(381,194,1,0,0,NULL,'81487866',2),(382,365,1,1,0,NULL,'22319550',1),(383,365,1,0,0,NULL,'73584971',2),(384,190,1,1,0,NULL,'60887478',1),(385,190,1,0,0,NULL,'65660773',2),(386,205,1,1,0,NULL,'36295259',1),(387,205,1,0,0,NULL,'34094453',2),(388,410,1,1,0,NULL,'51787944',1),(389,410,1,0,0,NULL,'96761081',2),(390,266,1,1,0,NULL,'86249258',1),(391,266,1,0,0,NULL,'40478396',2),(392,271,1,1,0,NULL,'34150824',1),(393,271,1,0,0,NULL,'52809385',2),(394,464,1,1,0,NULL,'62354113',1),(395,464,1,0,0,NULL,'40951080',2),(396,349,1,1,0,NULL,'87373220',1),(397,349,1,0,0,NULL,'55495526',2),(398,79,1,1,0,NULL,'62458983',1),(399,79,1,0,0,NULL,'16139096',2),(400,107,1,1,0,NULL,'39980220',1),(401,107,1,0,0,NULL,'62848468',2),(402,200,1,1,0,NULL,'97655366',1),(403,200,1,0,0,NULL,'33860012',2),(404,127,1,1,0,NULL,'16156183',1),(405,127,1,0,0,NULL,'78253537',2),(406,449,1,1,0,NULL,'84869454',1),(407,449,1,0,0,NULL,'56533972',2),(408,187,1,1,0,NULL,'88213838',1),(409,187,1,0,0,NULL,'37350529',2),(410,131,1,1,0,NULL,'49527792',1),(411,131,1,0,0,NULL,'23882066',2),(412,499,1,1,0,NULL,'58865472',1),(413,499,1,0,0,NULL,'23952857',2),(414,181,1,1,0,NULL,'58141872',1),(415,181,1,0,0,NULL,'29515936',2),(416,281,1,1,0,NULL,'49986530',1),(417,281,1,0,0,NULL,'91003557',2),(418,196,1,1,0,NULL,'71070117',1),(419,196,1,0,0,NULL,'54572731',2),(420,470,1,1,0,NULL,'89054419',1),(421,470,1,0,0,NULL,'70542674',2),(422,350,1,1,0,NULL,'98492437',1),(423,350,1,0,0,NULL,'14265616',2),(424,40,1,1,0,NULL,'24695176',1),(425,40,1,0,0,NULL,'16712348',2),(426,440,1,1,0,NULL,'44770954',1),(427,440,1,0,0,NULL,'62397948',2),(428,133,1,1,0,NULL,'16505036',1),(429,133,1,0,0,NULL,'25376116',2),(430,275,1,1,0,NULL,'38929513',1),(431,275,1,0,0,NULL,'61811730',2),(432,383,1,1,0,NULL,'13701425',1),(433,383,1,0,0,NULL,'96468091',2),(434,443,1,1,0,NULL,'22465000',1),(435,443,1,0,0,NULL,'77077732',2),(436,34,1,1,0,NULL,'63482577',1),(437,34,1,0,0,NULL,'91863890',2),(438,343,1,1,0,NULL,'17567864',1),(439,343,1,0,0,NULL,'46389043',2),(440,55,1,1,0,NULL,'82071591',1),(441,55,1,0,0,NULL,'15149053',2),(442,458,1,1,0,NULL,'44595489',1),(443,458,1,0,0,NULL,'80694096',2),(444,472,1,1,0,NULL,'68109244',1),(445,472,1,0,0,NULL,'50748191',2),(446,193,1,1,0,NULL,'48860513',1),(447,193,1,0,0,NULL,'80369874',2),(448,479,1,1,0,NULL,'97017632',1),(449,479,1,0,0,NULL,'37024381',2),(450,269,1,1,0,NULL,'80182509',1),(451,269,1,0,0,NULL,'11611167',2),(452,313,1,1,0,NULL,'84676424',1),(453,313,1,0,0,NULL,'87982129',2),(454,397,1,1,0,NULL,'77381978',1),(455,397,1,0,0,NULL,'80689877',2),(456,172,1,1,0,NULL,'11775748',1),(457,172,1,0,0,NULL,'14277301',2),(458,340,1,1,0,NULL,'43608325',1),(459,340,1,0,0,NULL,'16694352',2),(460,460,1,1,0,NULL,'49164007',1),(461,460,1,0,0,NULL,'87144471',2),(462,395,1,1,0,NULL,'11253004',1),(463,395,1,0,0,NULL,'35395536',2),(464,364,1,1,0,NULL,'48399507',1),(465,364,1,0,0,NULL,'52753653',2),(466,305,1,1,0,NULL,'90073246',1),(467,305,1,0,0,NULL,'48347696',2),(468,328,1,1,0,NULL,'34564171',1),(469,328,1,0,0,NULL,'60232176',2),(470,4,1,1,0,NULL,'39126786',1),(471,4,1,0,0,NULL,'59700913',2),(472,20,1,1,0,NULL,'41287051',1),(473,20,1,0,0,NULL,'12764185',2),(474,482,1,1,0,NULL,'83004815',1),(475,482,1,0,0,NULL,'66229909',2),(476,406,1,1,0,NULL,'73109875',1),(477,406,1,0,0,NULL,'76907966',2),(478,35,1,1,0,NULL,'66340439',1),(479,35,1,0,0,NULL,'91936486',2),(480,113,1,1,0,NULL,'94252273',1),(481,113,1,0,0,NULL,'88748157',2),(482,256,1,1,0,NULL,'17696520',1),(483,256,1,0,0,NULL,'17463054',2),(484,89,1,1,0,NULL,'57203837',1),(485,89,1,0,0,NULL,'69945700',2),(486,206,1,1,0,NULL,'46603102',1),(487,206,1,0,0,NULL,'83484005',2),(488,232,1,1,0,NULL,'52221236',1),(489,232,1,0,0,NULL,'92070095',2),(490,47,1,1,0,NULL,'38950861',1),(491,47,1,0,0,NULL,'96590382',2),(492,437,1,1,0,NULL,'12872755',1),(493,437,1,0,0,NULL,'74097395',2),(494,128,1,1,0,NULL,'98379231',1),(495,128,1,0,0,NULL,'17592724',2),(496,118,1,1,0,NULL,'30230518',1),(497,118,1,0,0,NULL,'61502207',2),(498,475,1,1,0,NULL,'79278722',1),(499,475,1,0,0,NULL,'27771169',2),(500,98,1,1,0,NULL,'89433222',1),(501,98,1,0,0,NULL,'82843323',2),(502,289,1,1,0,NULL,'94220085',1),(503,289,1,0,0,NULL,'39500506',2),(504,436,1,1,0,NULL,'16538560',1),(505,436,1,0,0,NULL,'64563337',2),(506,253,1,1,0,NULL,'57853027',1),(507,253,1,0,0,NULL,'68369156',2),(508,139,1,1,0,NULL,'45699571',1),(509,139,1,0,0,NULL,'12417786',2),(510,493,1,1,0,NULL,'61401878',1),(511,493,1,0,0,NULL,'99934904',2),(512,379,1,1,0,NULL,'49702300',1),(513,379,1,0,0,NULL,'48651019',2),(514,412,1,1,0,NULL,'50106046',1),(515,412,1,0,0,NULL,'43959736',2),(516,32,1,1,0,NULL,'77901232',1),(517,32,1,0,0,NULL,'60277211',2),(518,326,1,1,0,NULL,'87032595',1),(519,326,1,0,0,NULL,'28880373',2),(520,74,1,1,0,NULL,'53085560',1),(521,74,1,0,0,NULL,'84336162',2),(522,50,1,1,0,NULL,'15293496',1),(523,50,1,0,0,NULL,'75812975',2),(524,248,1,1,0,NULL,'64626380',1),(525,248,1,0,0,NULL,'20199607',2),(526,308,1,1,0,NULL,'74209708',1),(527,308,1,0,0,NULL,'82134312',2),(528,71,1,1,0,NULL,'52170240',1),(529,71,1,0,0,NULL,'49386278',2),(530,284,1,1,0,NULL,'36205972',1),(531,284,1,0,0,NULL,'42248350',2),(532,368,1,1,0,NULL,'32710130',1),(533,368,1,0,0,NULL,'25462056',2),(534,19,1,1,0,NULL,'16798633',1),(535,19,1,0,0,NULL,'59083640',2),(536,422,1,1,0,NULL,'33450577',1),(537,422,1,0,0,NULL,'99816402',2),(538,415,1,1,0,NULL,'66044774',1),(539,415,1,0,0,NULL,'16466868',2),(540,469,1,1,0,NULL,'24319055',1),(541,469,1,0,0,NULL,'39350787',2),(542,163,1,1,0,NULL,'17862213',1),(543,163,1,0,0,NULL,'71680152',2),(544,49,1,1,0,NULL,'68017672',1),(545,49,1,0,0,NULL,'42382726',2),(546,52,1,1,0,NULL,'39221765',1),(547,52,1,0,0,NULL,'16953868',2),(548,451,1,1,0,NULL,'68029085',1),(549,451,1,0,0,NULL,'79168925',2),(550,376,1,1,0,NULL,'48607044',1),(551,376,1,0,0,NULL,'35284731',2),(552,301,1,1,0,NULL,'17013061',1),(553,301,1,0,0,NULL,'84882211',2),(554,280,1,1,0,NULL,'73398346',1),(555,280,1,0,0,NULL,'72963687',2),(556,293,1,1,0,NULL,'44443786',1),(557,293,1,0,0,NULL,'38996853',2),(558,91,1,1,0,NULL,'83770574',1),(559,91,1,0,0,NULL,'31302793',2),(560,484,1,1,0,NULL,'11481964',1),(561,484,1,0,0,NULL,'70724754',2),(562,359,1,1,0,NULL,'17278040',1),(563,359,1,0,0,NULL,'60501212',2),(564,NULL,1,0,0,NULL,'204 222-1000',1),(565,NULL,1,0,0,NULL,'204 223-1000',1),(566,NULL,1,0,0,NULL,'303 323-1000',1);
/*!40000 ALTER TABLE `civicrm_phone` ENABLE KEYS */;
UNLOCK TABLES;

--
-- Dumping data for table `civicrm_pledge`
--

LOCK TABLES `civicrm_pledge` WRITE;
/*!40000 ALTER TABLE `civicrm_pledge` DISABLE KEYS */;
INSERT INTO `civicrm_pledge` (`id`, `contact_id`, `contribution_type_id`, `contribution_page_id`, `amount`, `frequency_unit`, `frequency_interval`, `frequency_day`, `installments`, `start_date`, `create_date`, `acknowledge_date`, `modified_date`, `cancel_date`, `end_date`, `honor_contact_id`, `honor_type_id`, `max_reminders`, `initial_reminder_day`, `additional_reminder_day`, `status_id`, `is_test`) VALUES (1,71,1,1,'500.00','month',1,1,1,'2008-07-01 21:19:02','2008-06-26 00:00:00',NULL,NULL,NULL,'2008-07-01 00:00:00',NULL,NULL,1,5,5,1,0),(2,43,1,1,'800.00','month',3,1,4,'2008-07-01 10:11:09','2008-06-23 10:11:14','2008-06-23 10:11:18',NULL,NULL,'2009-04-01 10:11:40',NULL,NULL,1,5,5,5,0),(3,32,1,1,'600.00','month',1,1,3,'2008-06-01 10:12:35','2008-05-14 10:12:44','2008-05-14 10:12:52',NULL,NULL,'2008-08-01 10:13:11',NULL,NULL,1,5,5,5,0);
/*!40000 ALTER TABLE `civicrm_pledge` ENABLE KEYS */;
UNLOCK TABLES;

--
-- Dumping data for table `civicrm_pledge_block`
--

LOCK TABLES `civicrm_pledge_block` WRITE;
/*!40000 ALTER TABLE `civicrm_pledge_block` DISABLE KEYS */;
INSERT INTO `civicrm_pledge_block` (`id`, `entity_table`, `entity_id`, `pledge_frequency_unit`, `is_pledge_interval`, `max_reminders`, `initial_reminder_day`, `additional_reminder_day`) VALUES (1,'civicrm_contribution_page',3,'weekmonthyear',1,1,5,5),(2,'civicrm_contribution_page',1,'weekmonthyear',0,2,5,5);
/*!40000 ALTER TABLE `civicrm_pledge_block` ENABLE KEYS */;
UNLOCK TABLES;

--
-- Dumping data for table `civicrm_pledge_payment`
--

LOCK TABLES `civicrm_pledge_payment` WRITE;
/*!40000 ALTER TABLE `civicrm_pledge_payment` DISABLE KEYS */;
INSERT INTO `civicrm_pledge_payment` (`id`, `pledge_id`, `contribution_id`, `scheduled_amount`, `scheduled_date`, `reminder_date`, `reminder_count`, `status_id`) VALUES (1,1,10,'500.00','2008-07-01 13:03:45',NULL,0,1),(2,2,11,'200.00','2008-07-01 10:59:35',NULL,0,1),(3,2,NULL,'200.00','2008-10-01 10:59:35',NULL,0,2),(4,2,NULL,'200.00','2009-01-01 10:59:35',NULL,0,2),(5,2,NULL,'200.00','2009-04-01 10:59:35',NULL,0,2),(6,3,12,'200.00','2008-06-01 11:00:12',NULL,0,1),(7,3,13,'200.00','2008-07-01 10:59:35','2008-06-28 10:59:41',1,1),(8,3,NULL,'200.00','2008-08-01 11:00:12',NULL,0,2);
/*!40000 ALTER TABLE `civicrm_pledge_payment` ENABLE KEYS */;
UNLOCK TABLES;

--
-- Dumping data for table `civicrm_preferences`
--

LOCK TABLES `civicrm_preferences` WRITE;
/*!40000 ALTER TABLE `civicrm_preferences` DISABLE KEYS */;
INSERT INTO `civicrm_preferences` (`id`, `contact_id`, `is_domain`, `location_count`, `contact_view_options`, `contact_edit_options`, `advanced_search_options`, `user_dashboard_options`, `address_options`, `address_format`, `mailing_format`, `individual_name_format`, `address_standardization_provider`, `address_standardization_userid`, `address_standardization_url`, `editor_id`, `mailing_backend`) VALUES (1,NULL,1,1,'123456789101113','1234','1234567891011121315161718','1234578','1234568910111314','{contact.address_name}\n{contact.street_address}\n{contact.supplemental_address_1}\n{contact.supplemental_address_2}\n{contact.city}{, }{contact.state_province}{ }{contact.postal_code}\n{contact.country}','{contact.contact_name}\n{contact.street_address}\n{contact.supplemental_address_1}\n{contact.supplemental_address_2}\n{contact.city}{, }{contact.state_province}{ }{contact.postal_code}\n{contact.country}','{contact.individual_prefix}{ } {contact.first_name}{ }{contact.middle_name}{ }{contact.last_name}{ }{contact.individual_suffix}',NULL,NULL,NULL,2,NULL);
/*!40000 ALTER TABLE `civicrm_preferences` ENABLE KEYS */;
UNLOCK TABLES;

--
-- Dumping data for table `civicrm_preferences_date`
--

LOCK TABLES `civicrm_preferences_date` WRITE;
/*!40000 ALTER TABLE `civicrm_preferences_date` DISABLE KEYS */;
INSERT INTO `civicrm_preferences_date` (`id`, `name`, `description`, `start`, `end`, `minute_increment`, `format`) VALUES (1,'activityDate','Date for activities including contributions: receive, receipt, cancel. membership: join, start, renew. case: start, end.',20,10,0,NULL),(2,'activityDatetime','Date and time for activity: scheduled. participant: registered.',20,10,1,NULL),(3,'birth','Birth and deceased dates.',100,0,0,NULL),(4,'creditCard','Month and year only for credit card expiration.',0,10,0,'M Y'),(5,'custom','Uses date range passed in by form field. Can pass in a posix date part parameter. Start and end offsets defined here are ignored.',20,20,15,'Y M d h i A'),(6,'datetime','General date and time.',10,3,15,NULL),(7,'duration','Durations in hours and minutes.',0,0,15,'H i'),(8,'fixed','Not used ?',0,5,0,NULL),(9,'mailing','Date and time. Used for scheduling mailings.',0,1,15,'Y M d h i A'),(10,'manual','Date only. For non-general cases. Uses date range passed in by form field. Start and end offsets defined here are ignored.',20,20,0,NULL),(11,'relative','Used in search forms.',20,20,0,NULL);
/*!40000 ALTER TABLE `civicrm_preferences_date` ENABLE KEYS */;
UNLOCK TABLES;

--
-- Dumping data for table `civicrm_premiums`
--

LOCK TABLES `civicrm_premiums` WRITE;
/*!40000 ALTER TABLE `civicrm_premiums` DISABLE KEYS */;
INSERT INTO `civicrm_premiums` (`id`, `entity_table`, `entity_id`, `premiums_active`, `premiums_intro_title`, `premiums_intro_text`, `premiums_contact_email`, `premiums_contact_phone`, `premiums_display_min_contribution`) VALUES (1,'civicrm_contribution_page',1,1,'Thank-you Gifts','We appreciate your support and invite you to choose from the exciting collection of thank-you gifts below. Minimum contribution amounts for each selection are included in the descriptions. (NOTE: These gifts are shown as examples only. No gifts will be sent to donors.)','premiums@example.org',NULL,1);
/*!40000 ALTER TABLE `civicrm_premiums` ENABLE KEYS */;
UNLOCK TABLES;

--
-- Dumping data for table `civicrm_premiums_product`
--

LOCK TABLES `civicrm_premiums_product` WRITE;
/*!40000 ALTER TABLE `civicrm_premiums_product` DISABLE KEYS */;
INSERT INTO `civicrm_premiums_product` (`id`, `premiums_id`, `product_id`, `weight`) VALUES (1,1,1,1);
/*!40000 ALTER TABLE `civicrm_premiums_product` ENABLE KEYS */;
UNLOCK TABLES;

--
-- Dumping data for table `civicrm_price_field`
--

LOCK TABLES `civicrm_price_field` WRITE;
/*!40000 ALTER TABLE `civicrm_price_field` DISABLE KEYS */;
/*!40000 ALTER TABLE `civicrm_price_field` ENABLE KEYS */;
UNLOCK TABLES;

--
-- Dumping data for table `civicrm_price_set`
--

LOCK TABLES `civicrm_price_set` WRITE;
/*!40000 ALTER TABLE `civicrm_price_set` DISABLE KEYS */;
/*!40000 ALTER TABLE `civicrm_price_set` ENABLE KEYS */;
UNLOCK TABLES;

--
-- Dumping data for table `civicrm_price_set_entity`
--

LOCK TABLES `civicrm_price_set_entity` WRITE;
/*!40000 ALTER TABLE `civicrm_price_set_entity` DISABLE KEYS */;
/*!40000 ALTER TABLE `civicrm_price_set_entity` ENABLE KEYS */;
UNLOCK TABLES;

--
-- Dumping data for table `civicrm_product`
--

LOCK TABLES `civicrm_product` WRITE;
/*!40000 ALTER TABLE `civicrm_product` DISABLE KEYS */;
INSERT INTO `civicrm_product` (`id`, `name`, `description`, `sku`, `options`, `image`, `thumbnail`, `price`, `min_contribution`, `cost`, `is_active`, `period_type`, `fixed_period_start_day`, `duration_unit`, `duration_interval`, `frequency_unit`, `frequency_interval`) VALUES (1,'Coffee Mug','This heavy-duty mug is great for home or office, coffee or tea or hot chocolate. Show your support to family, friends and colleagues. Choose from three great colors.','MUG-101','White, Black, Green',NULL,NULL,'12.50','5.00','2.25',1,NULL,NULL,NULL,NULL,NULL,NULL);
/*!40000 ALTER TABLE `civicrm_product` ENABLE KEYS */;
UNLOCK TABLES;

--
-- Dumping data for table `civicrm_project`
--

LOCK TABLES `civicrm_project` WRITE;
/*!40000 ALTER TABLE `civicrm_project` DISABLE KEYS */;
/*!40000 ALTER TABLE `civicrm_project` ENABLE KEYS */;
UNLOCK TABLES;

--
-- Dumping data for table `civicrm_relationship`
--

LOCK TABLES `civicrm_relationship` WRITE;
/*!40000 ALTER TABLE `civicrm_relationship` DISABLE KEYS */;
INSERT INTO `civicrm_relationship` (`id`, `contact_id_a`, `contact_id_b`, `relationship_type_id`, `start_date`, `end_date`, `is_active`, `description`, `is_permission_a_b`, `is_permission_b_a`, `case_id`) VALUES (1,10,167,1,NULL,NULL,1,NULL,0,0,NULL),(2,45,167,1,NULL,NULL,1,NULL,0,0,NULL),(3,10,286,1,NULL,NULL,1,NULL,0,0,NULL),(4,45,286,1,NULL,NULL,1,NULL,0,0,NULL),(5,286,167,2,NULL,NULL,1,NULL,0,0,NULL),(6,45,10,3,NULL,NULL,1,NULL,0,0,NULL),(7,167,332,6,NULL,NULL,1,NULL,0,0,NULL),(8,286,332,7,NULL,NULL,1,NULL,0,0,NULL),(9,10,332,7,NULL,NULL,1,NULL,0,0,NULL),(10,45,332,7,NULL,NULL,1,NULL,0,0,NULL),(11,138,391,1,NULL,NULL,1,NULL,0,0,NULL),(12,135,391,1,NULL,NULL,1,NULL,0,0,NULL),(13,138,143,1,NULL,NULL,1,NULL,0,0,NULL),(14,135,143,1,NULL,NULL,1,NULL,0,0,NULL),(15,143,391,2,NULL,NULL,1,NULL,0,0,NULL),(16,135,138,3,NULL,NULL,1,NULL,0,0,NULL),(17,391,161,6,NULL,NULL,1,NULL,0,0,NULL),(18,143,161,7,NULL,NULL,1,NULL,0,0,NULL),(19,138,161,7,NULL,NULL,1,NULL,0,0,NULL),(20,135,161,7,NULL,NULL,1,NULL,0,0,NULL),(21,95,441,1,NULL,NULL,1,NULL,0,0,NULL),(22,456,441,1,NULL,NULL,1,NULL,0,0,NULL),(23,95,153,1,NULL,NULL,1,NULL,0,0,NULL),(24,456,153,1,NULL,NULL,1,NULL,0,0,NULL),(25,153,441,2,NULL,NULL,1,NULL,0,0,NULL),(26,456,95,3,NULL,NULL,1,NULL,0,0,NULL),(27,441,498,6,NULL,NULL,1,NULL,0,0,NULL),(28,153,498,7,NULL,NULL,1,NULL,0,0,NULL),(29,95,498,7,NULL,NULL,1,NULL,0,0,NULL),(30,456,498,7,NULL,NULL,1,NULL,0,0,NULL),(31,104,152,1,NULL,NULL,1,NULL,0,0,NULL),(32,185,152,1,NULL,NULL,1,NULL,0,0,NULL),(33,104,28,1,NULL,NULL,1,NULL,0,0,NULL),(34,185,28,1,NULL,NULL,1,NULL,0,0,NULL),(35,28,152,2,NULL,NULL,1,NULL,0,0,NULL),(36,185,104,3,NULL,NULL,1,NULL,0,0,NULL),(37,152,467,6,NULL,NULL,1,NULL,0,0,NULL),(38,28,467,7,NULL,NULL,1,NULL,0,0,NULL),(39,104,467,7,NULL,NULL,1,NULL,0,0,NULL),(40,185,467,7,NULL,NULL,1,NULL,0,0,NULL),(41,274,338,1,NULL,NULL,1,NULL,0,0,NULL),(42,237,338,1,NULL,NULL,1,NULL,0,0,NULL),(43,274,29,1,NULL,NULL,1,NULL,0,0,NULL),(44,237,29,1,NULL,NULL,1,NULL,0,0,NULL),(45,29,338,2,NULL,NULL,1,NULL,0,0,NULL),(46,237,274,3,NULL,NULL,1,NULL,0,0,NULL),(47,338,360,6,NULL,NULL,1,NULL,0,0,NULL),(48,29,360,7,NULL,NULL,1,NULL,0,0,NULL),(49,274,360,7,NULL,NULL,1,NULL,0,0,NULL),(50,237,360,7,NULL,NULL,1,NULL,0,0,NULL),(51,213,31,1,NULL,NULL,1,NULL,0,0,NULL),(52,419,31,1,NULL,NULL,1,NULL,0,0,NULL),(53,213,295,1,NULL,NULL,1,NULL,0,0,NULL),(54,419,295,1,NULL,NULL,1,NULL,0,0,NULL),(55,295,31,2,NULL,NULL,1,NULL,0,0,NULL),(56,419,213,3,NULL,NULL,1,NULL,0,0,NULL),(57,31,162,6,NULL,NULL,1,NULL,0,0,NULL),(58,295,162,7,NULL,NULL,1,NULL,0,0,NULL),(59,213,162,7,NULL,NULL,1,NULL,0,0,NULL),(60,419,162,7,NULL,NULL,1,NULL,0,0,NULL),(61,179,44,1,NULL,NULL,1,NULL,0,0,NULL),(62,380,44,1,NULL,NULL,1,NULL,0,0,NULL),(63,179,268,1,NULL,NULL,1,NULL,0,0,NULL),(64,380,268,1,NULL,NULL,1,NULL,0,0,NULL),(65,268,44,2,NULL,NULL,1,NULL,0,0,NULL),(66,380,179,3,NULL,NULL,1,NULL,0,0,NULL),(67,44,300,6,NULL,NULL,1,NULL,0,0,NULL),(68,268,300,7,NULL,NULL,1,NULL,0,0,NULL),(69,179,300,7,NULL,NULL,1,NULL,0,0,NULL),(70,380,300,7,NULL,NULL,1,NULL,0,0,NULL),(71,483,435,1,NULL,NULL,1,NULL,0,0,NULL),(72,390,435,1,NULL,NULL,1,NULL,0,0,NULL),(73,483,461,1,NULL,NULL,1,NULL,0,0,NULL),(74,390,461,1,NULL,NULL,1,NULL,0,0,NULL),(75,461,435,2,NULL,NULL,1,NULL,0,0,NULL),(76,390,483,3,NULL,NULL,1,NULL,0,0,NULL),(77,435,220,6,NULL,NULL,1,NULL,0,0,NULL),(78,461,220,7,NULL,NULL,1,NULL,0,0,NULL),(79,483,220,7,NULL,NULL,1,NULL,0,0,NULL),(80,390,220,7,NULL,NULL,1,NULL,0,0,NULL),(81,452,157,1,NULL,NULL,1,NULL,0,0,NULL),(82,287,157,1,NULL,NULL,1,NULL,0,0,NULL),(83,452,73,1,NULL,NULL,1,NULL,0,0,NULL),(84,287,73,1,NULL,NULL,1,NULL,0,0,NULL),(85,73,157,2,NULL,NULL,1,NULL,0,0,NULL),(86,287,452,3,NULL,NULL,1,NULL,0,0,NULL),(87,157,318,6,NULL,NULL,1,NULL,0,0,NULL),(88,73,318,7,NULL,NULL,1,NULL,0,0,NULL),(89,452,318,7,NULL,NULL,1,NULL,0,0,NULL),(90,287,318,7,NULL,NULL,1,NULL,0,0,NULL),(91,53,159,1,NULL,NULL,1,NULL,0,0,NULL),(92,259,159,1,NULL,NULL,1,NULL,0,0,NULL),(93,53,96,1,NULL,NULL,1,NULL,0,0,NULL),(94,259,96,1,NULL,NULL,1,NULL,0,0,NULL),(95,96,159,2,NULL,NULL,1,NULL,0,0,NULL),(96,259,53,3,NULL,NULL,1,NULL,0,0,NULL),(97,159,409,6,NULL,NULL,1,NULL,0,0,NULL),(98,96,409,7,NULL,NULL,1,NULL,0,0,NULL),(99,53,409,7,NULL,NULL,1,NULL,0,0,NULL),(100,259,409,7,NULL,NULL,1,NULL,0,0,NULL),(101,296,373,1,NULL,NULL,1,NULL,0,0,NULL),(102,124,373,1,NULL,NULL,1,NULL,0,0,NULL),(103,296,130,1,NULL,NULL,1,NULL,0,0,NULL),(104,124,130,1,NULL,NULL,1,NULL,0,0,NULL),(105,130,373,2,NULL,NULL,1,NULL,0,0,NULL),(106,124,296,3,NULL,NULL,1,NULL,0,0,NULL),(107,373,320,6,NULL,NULL,1,NULL,0,0,NULL),(108,130,320,7,NULL,NULL,1,NULL,0,0,NULL),(109,296,320,7,NULL,NULL,1,NULL,0,0,NULL),(110,124,320,7,NULL,NULL,1,NULL,0,0,NULL),(111,501,263,1,NULL,NULL,1,NULL,0,0,NULL),(112,330,263,1,NULL,NULL,1,NULL,0,0,NULL),(113,501,23,1,NULL,NULL,1,NULL,0,0,NULL),(114,330,23,1,NULL,NULL,1,NULL,0,0,NULL),(115,23,263,2,NULL,NULL,1,NULL,0,0,NULL),(116,330,501,3,NULL,NULL,1,NULL,0,0,NULL),(117,263,125,6,NULL,NULL,1,NULL,0,0,NULL),(118,23,125,7,NULL,NULL,1,NULL,0,0,NULL),(119,501,125,7,NULL,NULL,1,NULL,0,0,NULL),(120,330,125,7,NULL,NULL,1,NULL,0,0,NULL),(121,210,145,1,NULL,NULL,1,NULL,0,0,NULL),(122,12,145,1,NULL,NULL,1,NULL,0,0,NULL),(123,210,81,1,NULL,NULL,1,NULL,0,0,NULL),(124,12,81,1,NULL,NULL,1,NULL,0,0,NULL),(125,81,145,2,NULL,NULL,1,NULL,0,0,NULL),(126,12,210,3,NULL,NULL,1,NULL,0,0,NULL),(127,145,146,6,NULL,NULL,1,NULL,0,0,NULL),(128,81,146,7,NULL,NULL,1,NULL,0,0,NULL),(129,210,146,7,NULL,NULL,1,NULL,0,0,NULL),(130,12,146,7,NULL,NULL,1,NULL,0,0,NULL),(131,459,92,1,NULL,NULL,1,NULL,0,0,NULL),(132,496,92,1,NULL,NULL,1,NULL,0,0,NULL),(133,459,307,1,NULL,NULL,1,NULL,0,0,NULL),(134,496,307,1,NULL,NULL,1,NULL,0,0,NULL),(135,307,92,2,NULL,NULL,1,NULL,0,0,NULL),(136,496,459,3,NULL,NULL,1,NULL,0,0,NULL),(137,92,191,6,NULL,NULL,1,NULL,0,0,NULL),(138,307,191,7,NULL,NULL,1,NULL,0,0,NULL),(139,459,191,7,NULL,NULL,1,NULL,0,0,NULL),(140,496,191,7,NULL,NULL,1,NULL,0,0,NULL),(141,137,333,1,NULL,NULL,1,NULL,0,0,NULL),(142,36,333,1,NULL,NULL,1,NULL,0,0,NULL),(143,137,84,1,NULL,NULL,1,NULL,0,0,NULL),(144,36,84,1,NULL,NULL,1,NULL,0,0,NULL),(145,84,333,2,NULL,NULL,1,NULL,0,0,NULL),(146,36,137,3,NULL,NULL,1,NULL,0,0,NULL),(147,333,105,6,NULL,NULL,1,NULL,0,0,NULL),(148,84,105,7,NULL,NULL,1,NULL,0,0,NULL),(149,137,105,7,NULL,NULL,1,NULL,0,0,NULL),(150,36,105,7,NULL,NULL,1,NULL,0,0,NULL),(151,176,27,1,NULL,NULL,1,NULL,0,0,NULL),(152,119,27,1,NULL,NULL,1,NULL,0,0,NULL),(153,176,17,1,NULL,NULL,1,NULL,0,0,NULL),(154,119,17,1,NULL,NULL,1,NULL,0,0,NULL),(155,17,27,2,NULL,NULL,1,NULL,0,0,NULL),(156,119,176,3,NULL,NULL,1,NULL,0,0,NULL),(157,27,85,6,NULL,NULL,1,NULL,0,0,NULL),(158,17,85,7,NULL,NULL,1,NULL,0,0,NULL),(159,176,85,7,NULL,NULL,1,NULL,0,0,NULL),(160,119,85,7,NULL,NULL,1,NULL,0,0,NULL),(161,38,199,1,NULL,NULL,1,NULL,0,0,NULL),(162,158,199,1,NULL,NULL,1,NULL,0,0,NULL),(163,38,455,1,NULL,NULL,1,NULL,0,0,NULL),(164,158,455,1,NULL,NULL,1,NULL,0,0,NULL),(165,455,199,2,NULL,NULL,1,NULL,0,0,NULL),(166,158,38,3,NULL,NULL,1,NULL,0,0,NULL),(167,199,432,6,NULL,NULL,1,NULL,0,0,NULL),(168,455,432,7,NULL,NULL,1,NULL,0,0,NULL),(169,38,432,7,NULL,NULL,1,NULL,0,0,NULL),(170,158,432,7,NULL,NULL,1,NULL,0,0,NULL),(171,175,478,1,NULL,NULL,1,NULL,0,0,NULL),(172,310,478,1,NULL,NULL,1,NULL,0,0,NULL),(173,175,421,1,NULL,NULL,1,NULL,0,0,NULL),(174,310,421,1,NULL,NULL,1,NULL,0,0,NULL),(175,421,478,2,NULL,NULL,1,NULL,0,0,NULL),(176,310,175,3,NULL,NULL,1,NULL,0,0,NULL),(177,478,82,6,NULL,NULL,1,NULL,0,0,NULL),(178,421,82,7,NULL,NULL,1,NULL,0,0,NULL),(179,175,82,7,NULL,NULL,1,NULL,0,0,NULL),(180,310,82,7,NULL,NULL,1,NULL,0,0,NULL),(181,245,403,1,NULL,NULL,1,NULL,0,0,NULL),(182,254,403,1,NULL,NULL,1,NULL,0,0,NULL),(183,245,243,1,NULL,NULL,1,NULL,0,0,NULL),(184,254,243,1,NULL,NULL,1,NULL,0,0,NULL),(185,243,403,2,NULL,NULL,1,NULL,0,0,NULL),(186,254,245,3,NULL,NULL,1,NULL,0,0,NULL),(187,403,468,6,NULL,NULL,1,NULL,0,0,NULL),(188,243,468,7,NULL,NULL,1,NULL,0,0,NULL),(189,245,468,7,NULL,NULL,1,NULL,0,0,NULL),(190,254,468,7,NULL,NULL,1,NULL,0,0,NULL),(191,361,222,1,NULL,NULL,1,NULL,0,0,NULL),(192,353,222,1,NULL,NULL,1,NULL,0,0,NULL),(193,361,485,1,NULL,NULL,1,NULL,0,0,NULL),(194,353,485,1,NULL,NULL,1,NULL,0,0,NULL),(195,485,222,2,NULL,NULL,1,NULL,0,0,NULL),(196,353,361,3,NULL,NULL,1,NULL,0,0,NULL),(197,222,3,6,NULL,NULL,1,NULL,0,0,NULL),(198,485,3,7,NULL,NULL,1,NULL,0,0,NULL),(199,361,3,7,NULL,NULL,1,NULL,0,0,NULL),(200,353,3,7,NULL,NULL,1,NULL,0,0,NULL),(201,427,339,1,NULL,NULL,1,NULL,0,0,NULL),(202,260,339,1,NULL,NULL,1,NULL,0,0,NULL),(203,427,25,1,NULL,NULL,1,NULL,0,0,NULL),(204,260,25,1,NULL,NULL,1,NULL,0,0,NULL),(205,25,339,2,NULL,NULL,1,NULL,0,0,NULL),(206,260,427,3,NULL,NULL,1,NULL,0,0,NULL),(207,339,444,6,NULL,NULL,1,NULL,0,0,NULL),(208,25,444,7,NULL,NULL,1,NULL,0,0,NULL),(209,427,444,7,NULL,NULL,1,NULL,0,0,NULL),(210,260,444,7,NULL,NULL,1,NULL,0,0,NULL),(211,365,75,1,NULL,NULL,1,NULL,0,0,NULL),(212,190,75,1,NULL,NULL,1,NULL,0,0,NULL),(213,365,194,1,NULL,NULL,1,NULL,0,0,NULL),(214,190,194,1,NULL,NULL,1,NULL,0,0,NULL),(215,194,75,2,NULL,NULL,1,NULL,0,0,NULL),(216,190,365,3,NULL,NULL,1,NULL,0,0,NULL),(217,75,13,6,NULL,NULL,1,NULL,0,0,NULL),(218,194,13,7,NULL,NULL,1,NULL,0,0,NULL),(219,365,13,7,NULL,NULL,1,NULL,0,0,NULL),(220,190,13,7,NULL,NULL,1,NULL,0,0,NULL),(221,144,205,1,NULL,NULL,1,NULL,0,0,NULL),(222,417,205,1,NULL,NULL,1,NULL,0,0,NULL),(223,144,410,1,NULL,NULL,1,NULL,0,0,NULL),(224,417,410,1,NULL,NULL,1,NULL,0,0,NULL),(225,410,205,2,NULL,NULL,1,NULL,0,0,NULL),(226,417,144,3,NULL,NULL,1,NULL,0,0,NULL),(227,205,120,6,NULL,NULL,1,NULL,0,0,NULL),(228,410,120,7,NULL,NULL,1,NULL,0,0,NULL),(229,144,120,7,NULL,NULL,1,NULL,0,0,NULL),(230,417,120,7,NULL,NULL,1,NULL,0,0,NULL),(231,372,189,1,NULL,NULL,1,NULL,0,0,NULL),(232,271,189,1,NULL,NULL,1,NULL,0,0,NULL),(233,372,266,1,NULL,NULL,1,NULL,0,0,NULL),(234,271,266,1,NULL,NULL,1,NULL,0,0,NULL),(235,266,189,2,NULL,NULL,1,NULL,0,0,NULL),(236,271,372,3,NULL,NULL,1,NULL,0,0,NULL),(237,189,76,6,NULL,NULL,1,NULL,0,0,NULL),(238,266,76,7,NULL,NULL,1,NULL,0,0,NULL),(239,372,76,7,NULL,NULL,1,NULL,0,0,NULL),(240,271,76,7,NULL,NULL,1,NULL,0,0,NULL),(241,464,252,1,NULL,NULL,1,NULL,0,0,NULL),(242,349,252,1,NULL,NULL,1,NULL,0,0,NULL),(243,464,63,1,NULL,NULL,1,NULL,0,0,NULL),(244,349,63,1,NULL,NULL,1,NULL,0,0,NULL),(245,63,252,2,NULL,NULL,1,NULL,0,0,NULL),(246,349,464,3,NULL,NULL,1,NULL,0,0,NULL),(247,252,273,6,NULL,NULL,1,NULL,0,0,NULL),(248,63,273,7,NULL,NULL,1,NULL,0,0,NULL),(249,464,273,7,NULL,NULL,1,NULL,0,0,NULL),(250,349,273,7,NULL,NULL,1,NULL,0,0,NULL),(251,39,396,1,NULL,NULL,1,NULL,0,0,NULL),(252,291,396,1,NULL,NULL,1,NULL,0,0,NULL),(253,39,258,1,NULL,NULL,1,NULL,0,0,NULL),(254,291,258,1,NULL,NULL,1,NULL,0,0,NULL),(255,258,396,2,NULL,NULL,1,NULL,0,0,NULL),(256,291,39,3,NULL,NULL,1,NULL,0,0,NULL),(257,396,416,6,NULL,NULL,1,NULL,0,0,NULL),(258,258,416,7,NULL,NULL,1,NULL,0,0,NULL),(259,39,416,7,NULL,NULL,1,NULL,0,0,NULL),(260,291,416,7,NULL,NULL,1,NULL,0,0,NULL),(261,79,306,1,NULL,NULL,1,NULL,0,0,NULL),(262,297,306,1,NULL,NULL,1,NULL,0,0,NULL),(263,79,429,1,NULL,NULL,1,NULL,0,0,NULL),(264,297,429,1,NULL,NULL,1,NULL,0,0,NULL),(265,429,306,2,NULL,NULL,1,NULL,0,0,NULL),(266,297,79,3,NULL,NULL,1,NULL,0,0,NULL),(267,306,322,6,NULL,NULL,1,NULL,0,0,NULL),(268,429,322,7,NULL,NULL,1,NULL,0,0,NULL),(269,79,322,7,NULL,NULL,1,NULL,0,0,NULL),(270,297,322,7,NULL,NULL,1,NULL,0,0,NULL),(271,127,107,1,NULL,NULL,1,NULL,0,0,NULL),(272,129,107,1,NULL,NULL,1,NULL,0,0,NULL),(273,127,200,1,NULL,NULL,1,NULL,0,0,NULL),(274,129,200,1,NULL,NULL,1,NULL,0,0,NULL),(275,200,107,2,NULL,NULL,1,NULL,0,0,NULL),(276,129,127,3,NULL,NULL,1,NULL,0,0,NULL),(277,107,408,6,NULL,NULL,1,NULL,0,0,NULL),(278,200,408,7,NULL,NULL,1,NULL,0,0,NULL),(279,127,408,7,NULL,NULL,1,NULL,0,0,NULL),(280,129,408,7,NULL,NULL,1,NULL,0,0,NULL),(281,187,246,1,NULL,NULL,1,NULL,0,0,NULL),(282,131,246,1,NULL,NULL,1,NULL,0,0,NULL),(283,187,449,1,NULL,NULL,1,NULL,0,0,NULL),(284,131,449,1,NULL,NULL,1,NULL,0,0,NULL),(285,449,246,2,NULL,NULL,1,NULL,0,0,NULL),(286,131,187,3,NULL,NULL,1,NULL,0,0,NULL),(287,246,99,6,NULL,NULL,1,NULL,0,0,NULL),(288,449,99,7,NULL,NULL,1,NULL,0,0,NULL),(289,187,99,7,NULL,NULL,1,NULL,0,0,NULL),(290,131,99,7,NULL,NULL,1,NULL,0,0,NULL),(291,181,499,1,NULL,NULL,1,NULL,0,0,NULL),(292,281,499,1,NULL,NULL,1,NULL,0,0,NULL),(293,181,201,1,NULL,NULL,1,NULL,0,0,NULL),(294,281,201,1,NULL,NULL,1,NULL,0,0,NULL),(295,201,499,2,NULL,NULL,1,NULL,0,0,NULL),(296,281,181,3,NULL,NULL,1,NULL,0,0,NULL),(297,499,22,6,NULL,NULL,1,NULL,0,0,NULL),(298,201,22,7,NULL,NULL,1,NULL,0,0,NULL),(299,181,22,7,NULL,NULL,1,NULL,0,0,NULL),(300,281,22,7,NULL,NULL,1,NULL,0,0,NULL),(301,470,60,1,NULL,NULL,1,NULL,0,0,NULL),(302,350,60,1,NULL,NULL,1,NULL,0,0,NULL),(303,470,196,1,NULL,NULL,1,NULL,0,0,NULL),(304,350,196,1,NULL,NULL,1,NULL,0,0,NULL),(305,196,60,2,NULL,NULL,1,NULL,0,0,NULL),(306,350,470,3,NULL,NULL,1,NULL,0,0,NULL),(307,60,309,6,NULL,NULL,1,NULL,0,0,NULL),(308,196,309,7,NULL,NULL,1,NULL,0,0,NULL),(309,470,309,7,NULL,NULL,1,NULL,0,0,NULL),(310,350,309,7,NULL,NULL,1,NULL,0,0,NULL),(311,133,40,1,NULL,NULL,1,NULL,0,0,NULL),(312,315,40,1,NULL,NULL,1,NULL,0,0,NULL),(313,133,440,1,NULL,NULL,1,NULL,0,0,NULL),(314,315,440,1,NULL,NULL,1,NULL,0,0,NULL),(315,440,40,2,NULL,NULL,1,NULL,0,0,NULL),(316,315,133,3,NULL,NULL,1,NULL,0,0,NULL),(317,40,486,6,NULL,NULL,1,NULL,0,0,NULL),(318,440,486,7,NULL,NULL,1,NULL,0,0,NULL),(319,133,486,7,NULL,NULL,1,NULL,0,0,NULL),(320,315,486,7,NULL,NULL,1,NULL,0,0,NULL),(321,383,72,1,NULL,NULL,1,NULL,0,0,NULL),(322,443,72,1,NULL,NULL,1,NULL,0,0,NULL),(323,383,275,1,NULL,NULL,1,NULL,0,0,NULL),(324,443,275,1,NULL,NULL,1,NULL,0,0,NULL),(325,275,72,2,NULL,NULL,1,NULL,0,0,NULL),(326,443,383,3,NULL,NULL,1,NULL,0,0,NULL),(327,72,197,6,NULL,NULL,1,NULL,0,0,NULL),(328,275,197,7,NULL,NULL,1,NULL,0,0,NULL),(329,383,197,7,NULL,NULL,1,NULL,0,0,NULL),(330,443,197,7,NULL,NULL,1,NULL,0,0,NULL),(331,343,34,1,NULL,NULL,1,NULL,0,0,NULL),(332,375,34,1,NULL,NULL,1,NULL,0,0,NULL),(333,343,465,1,NULL,NULL,1,NULL,0,0,NULL),(334,375,465,1,NULL,NULL,1,NULL,0,0,NULL),(335,465,34,2,NULL,NULL,1,NULL,0,0,NULL),(336,375,343,3,NULL,NULL,1,NULL,0,0,NULL),(337,34,398,6,NULL,NULL,1,NULL,0,0,NULL),(338,465,398,7,NULL,NULL,1,NULL,0,0,NULL),(339,343,398,7,NULL,NULL,1,NULL,0,0,NULL),(340,375,398,7,NULL,NULL,1,NULL,0,0,NULL),(341,472,55,1,NULL,NULL,1,NULL,0,0,NULL),(342,193,55,1,NULL,NULL,1,NULL,0,0,NULL),(343,472,458,1,NULL,NULL,1,NULL,0,0,NULL),(344,193,458,1,NULL,NULL,1,NULL,0,0,NULL),(345,458,55,2,NULL,NULL,1,NULL,0,0,NULL),(346,193,472,3,NULL,NULL,1,NULL,0,0,NULL),(347,55,385,6,NULL,NULL,1,NULL,0,0,NULL),(348,458,385,7,NULL,NULL,1,NULL,0,0,NULL),(349,472,385,7,NULL,NULL,1,NULL,0,0,NULL),(350,193,385,7,NULL,NULL,1,NULL,0,0,NULL),(351,269,479,1,NULL,NULL,1,NULL,0,0,NULL),(352,313,479,1,NULL,NULL,1,NULL,0,0,NULL),(353,269,336,1,NULL,NULL,1,NULL,0,0,NULL),(354,313,336,1,NULL,NULL,1,NULL,0,0,NULL),(355,336,479,2,NULL,NULL,1,NULL,0,0,NULL),(356,313,269,3,NULL,NULL,1,NULL,0,0,NULL),(357,479,155,6,NULL,NULL,1,NULL,0,0,NULL),(358,336,155,7,NULL,NULL,1,NULL,0,0,NULL),(359,269,155,7,NULL,NULL,1,NULL,0,0,NULL),(360,313,155,7,NULL,NULL,1,NULL,0,0,NULL),(361,270,397,1,NULL,NULL,1,NULL,0,0,NULL),(362,378,397,1,NULL,NULL,1,NULL,0,0,NULL),(363,270,172,1,NULL,NULL,1,NULL,0,0,NULL),(364,378,172,1,NULL,NULL,1,NULL,0,0,NULL),(365,172,397,2,NULL,NULL,1,NULL,0,0,NULL),(366,378,270,3,NULL,NULL,1,NULL,0,0,NULL),(367,397,494,6,NULL,NULL,1,NULL,0,0,NULL),(368,172,494,7,NULL,NULL,1,NULL,0,0,NULL),(369,270,494,7,NULL,NULL,1,NULL,0,0,NULL),(370,378,494,7,NULL,NULL,1,NULL,0,0,NULL),(371,240,366,1,NULL,NULL,1,NULL,0,0,NULL),(372,460,366,1,NULL,NULL,1,NULL,0,0,NULL),(373,240,340,1,NULL,NULL,1,NULL,0,0,NULL),(374,460,340,1,NULL,NULL,1,NULL,0,0,NULL),(375,340,366,2,NULL,NULL,1,NULL,0,0,NULL),(376,460,240,3,NULL,NULL,1,NULL,0,0,NULL),(377,366,114,6,NULL,NULL,1,NULL,0,0,NULL),(378,340,114,7,NULL,NULL,1,NULL,0,0,NULL),(379,240,114,7,NULL,NULL,1,NULL,0,0,NULL),(380,460,114,7,NULL,NULL,1,NULL,0,0,NULL),(381,395,183,1,NULL,NULL,1,NULL,0,0,NULL),(382,279,183,1,NULL,NULL,1,NULL,0,0,NULL),(383,395,363,1,NULL,NULL,1,NULL,0,0,NULL),(384,279,363,1,NULL,NULL,1,NULL,0,0,NULL),(385,363,183,2,NULL,NULL,1,NULL,0,0,NULL),(386,279,395,3,NULL,NULL,1,NULL,0,0,NULL),(387,183,311,6,NULL,NULL,1,NULL,0,0,NULL),(388,363,311,7,NULL,NULL,1,NULL,0,0,NULL),(389,395,311,7,NULL,NULL,1,NULL,0,0,NULL),(390,279,311,7,NULL,NULL,1,NULL,0,0,NULL),(391,328,364,1,NULL,NULL,1,NULL,0,0,NULL),(392,4,364,1,NULL,NULL,1,NULL,0,0,NULL),(393,328,305,1,NULL,NULL,1,NULL,0,0,NULL),(394,4,305,1,NULL,NULL,1,NULL,0,0,NULL),(395,305,364,2,NULL,NULL,1,NULL,0,0,NULL),(396,4,328,3,NULL,NULL,1,NULL,0,0,NULL),(397,364,211,6,NULL,NULL,1,NULL,0,0,NULL),(398,305,211,7,NULL,NULL,1,NULL,0,0,NULL),(399,328,211,7,NULL,NULL,1,NULL,0,0,NULL),(400,4,211,7,NULL,NULL,1,NULL,0,0,NULL),(401,406,20,1,NULL,NULL,1,NULL,0,0,NULL),(402,78,20,1,NULL,NULL,1,NULL,0,0,NULL),(403,406,482,1,NULL,NULL,1,NULL,0,0,NULL),(404,78,482,1,NULL,NULL,1,NULL,0,0,NULL),(405,482,20,2,NULL,NULL,1,NULL,0,0,NULL),(406,78,406,3,NULL,NULL,1,NULL,0,0,NULL),(407,20,58,6,NULL,NULL,1,NULL,0,0,NULL),(408,482,58,7,NULL,NULL,1,NULL,0,0,NULL),(409,406,58,7,NULL,NULL,1,NULL,0,0,NULL),(410,78,58,7,NULL,NULL,1,NULL,0,0,NULL),(411,256,35,1,NULL,NULL,1,NULL,0,0,NULL),(412,89,35,1,NULL,NULL,1,NULL,0,0,NULL),(413,256,113,1,NULL,NULL,1,NULL,0,0,NULL),(414,89,113,1,NULL,NULL,1,NULL,0,0,NULL),(415,113,35,2,NULL,NULL,1,NULL,0,0,NULL),(416,89,256,3,NULL,NULL,1,NULL,0,0,NULL),(417,35,142,6,NULL,NULL,1,NULL,0,0,NULL),(418,113,142,7,NULL,NULL,1,NULL,0,0,NULL),(419,256,142,7,NULL,NULL,1,NULL,0,0,NULL),(420,89,142,7,NULL,NULL,1,NULL,0,0,NULL),(421,47,206,1,NULL,NULL,1,NULL,0,0,NULL),(422,437,206,1,NULL,NULL,1,NULL,0,0,NULL),(423,47,232,1,NULL,NULL,1,NULL,0,0,NULL),(424,437,232,1,NULL,NULL,1,NULL,0,0,NULL),(425,232,206,2,NULL,NULL,1,NULL,0,0,NULL),(426,437,47,3,NULL,NULL,1,NULL,0,0,NULL),(427,206,24,6,NULL,NULL,1,NULL,0,0,NULL),(428,232,24,7,NULL,NULL,1,NULL,0,0,NULL),(429,47,24,7,NULL,NULL,1,NULL,0,0,NULL),(430,437,24,7,NULL,NULL,1,NULL,0,0,NULL),(431,411,128,1,NULL,NULL,1,NULL,0,0,NULL),(432,118,128,1,NULL,NULL,1,NULL,0,0,NULL),(433,411,234,1,NULL,NULL,1,NULL,0,0,NULL),(434,118,234,1,NULL,NULL,1,NULL,0,0,NULL),(435,234,128,2,NULL,NULL,1,NULL,0,0,NULL),(436,118,411,3,NULL,NULL,1,NULL,0,0,NULL),(437,128,68,6,NULL,NULL,1,NULL,0,0,NULL),(438,234,68,7,NULL,NULL,1,NULL,0,0,NULL),(439,411,68,7,NULL,NULL,1,NULL,0,0,NULL),(440,118,68,7,NULL,NULL,1,NULL,0,0,NULL),(441,98,475,1,NULL,NULL,1,NULL,0,0,NULL),(442,289,475,1,NULL,NULL,1,NULL,0,0,NULL),(443,98,351,1,NULL,NULL,1,NULL,0,0,NULL),(444,289,351,1,NULL,NULL,1,NULL,0,0,NULL),(445,351,475,2,NULL,NULL,1,NULL,0,0,NULL),(446,289,98,3,NULL,NULL,1,NULL,0,0,NULL),(447,475,387,6,NULL,NULL,1,NULL,0,0,NULL),(448,351,387,7,NULL,NULL,1,NULL,0,0,NULL),(449,98,387,7,NULL,NULL,1,NULL,0,0,NULL),(450,289,387,7,NULL,NULL,1,NULL,0,0,NULL),(451,198,436,1,NULL,NULL,1,NULL,0,0,NULL),(452,253,436,1,NULL,NULL,1,NULL,0,0,NULL),(453,198,402,1,NULL,NULL,1,NULL,0,0,NULL),(454,253,402,1,NULL,NULL,1,NULL,0,0,NULL),(455,402,436,2,NULL,NULL,1,NULL,0,0,NULL),(456,253,198,3,NULL,NULL,1,NULL,0,0,NULL),(457,436,26,6,NULL,NULL,1,NULL,0,0,NULL),(458,402,26,7,NULL,NULL,1,NULL,0,0,NULL),(459,198,26,7,NULL,NULL,1,NULL,0,0,NULL),(460,253,26,7,NULL,NULL,1,NULL,0,0,NULL),(461,492,168,1,NULL,NULL,1,NULL,0,0,NULL),(462,493,168,1,NULL,NULL,1,NULL,0,0,NULL),(463,492,139,1,NULL,NULL,1,NULL,0,0,NULL),(464,493,139,1,NULL,NULL,1,NULL,0,0,NULL),(465,139,168,2,NULL,NULL,1,NULL,0,0,NULL),(466,493,492,3,NULL,NULL,1,NULL,0,0,NULL),(467,168,282,6,NULL,NULL,1,NULL,0,0,NULL),(468,139,282,7,NULL,NULL,1,NULL,0,0,NULL),(469,492,282,7,NULL,NULL,1,NULL,0,0,NULL),(470,493,282,7,NULL,NULL,1,NULL,0,0,NULL),(471,276,462,1,NULL,NULL,1,NULL,0,0,NULL),(472,447,462,1,NULL,NULL,1,NULL,0,0,NULL),(473,276,379,1,NULL,NULL,1,NULL,0,0,NULL),(474,447,379,1,NULL,NULL,1,NULL,0,0,NULL),(475,379,462,2,NULL,NULL,1,NULL,0,0,NULL),(476,447,276,3,NULL,NULL,1,NULL,0,0,NULL),(477,462,241,6,NULL,NULL,1,NULL,0,0,NULL),(478,379,241,7,NULL,NULL,1,NULL,0,0,NULL),(479,276,241,7,NULL,NULL,1,NULL,0,0,NULL),(480,447,241,7,NULL,NULL,1,NULL,0,0,NULL),(481,32,412,1,NULL,NULL,1,NULL,0,0,NULL),(482,326,412,1,NULL,NULL,1,NULL,0,0,NULL),(483,32,369,1,NULL,NULL,1,NULL,0,0,NULL),(484,326,369,1,NULL,NULL,1,NULL,0,0,NULL),(485,369,412,2,NULL,NULL,1,NULL,0,0,NULL),(486,326,32,3,NULL,NULL,1,NULL,0,0,NULL),(487,412,46,6,NULL,NULL,1,NULL,0,0,NULL),(488,369,46,7,NULL,NULL,1,NULL,0,0,NULL),(489,32,46,7,NULL,NULL,1,NULL,0,0,NULL),(490,326,46,7,NULL,NULL,1,NULL,0,0,NULL),(491,50,495,1,NULL,NULL,1,NULL,0,0,NULL),(492,248,495,1,NULL,NULL,1,NULL,0,0,NULL),(493,50,74,1,NULL,NULL,1,NULL,0,0,NULL),(494,248,74,1,NULL,NULL,1,NULL,0,0,NULL),(495,74,495,2,NULL,NULL,1,NULL,0,0,NULL),(496,248,50,3,NULL,NULL,1,NULL,0,0,NULL),(497,495,223,6,NULL,NULL,1,NULL,0,0,NULL),(498,74,223,7,NULL,NULL,1,NULL,0,0,NULL),(499,50,223,7,NULL,NULL,1,NULL,0,0,NULL),(500,248,223,7,NULL,NULL,1,NULL,0,0,NULL),(501,284,308,1,NULL,NULL,1,NULL,0,0,NULL),(502,368,308,1,NULL,NULL,1,NULL,0,0,NULL),(503,284,71,1,NULL,NULL,1,NULL,0,0,NULL),(504,368,71,1,NULL,NULL,1,NULL,0,0,NULL),(505,71,308,2,NULL,NULL,1,NULL,0,0,NULL),(506,368,284,3,NULL,NULL,1,NULL,0,0,NULL),(507,308,302,6,NULL,NULL,1,NULL,0,0,NULL),(508,71,302,7,NULL,NULL,1,NULL,0,0,NULL),(509,284,302,7,NULL,NULL,1,NULL,0,0,NULL),(510,368,302,7,NULL,NULL,1,NULL,0,0,NULL),(511,422,19,1,NULL,NULL,1,NULL,0,0,NULL),(512,415,19,1,NULL,NULL,1,NULL,0,0,NULL),(513,422,312,1,NULL,NULL,1,NULL,0,0,NULL),(514,415,312,1,NULL,NULL,1,NULL,0,0,NULL),(515,312,19,2,NULL,NULL,1,NULL,0,0,NULL),(516,415,422,3,NULL,NULL,1,NULL,0,0,NULL),(517,19,392,6,NULL,NULL,1,NULL,0,0,NULL),(518,312,392,7,NULL,NULL,1,NULL,0,0,NULL),(519,422,392,7,NULL,NULL,1,NULL,0,0,NULL),(520,415,392,7,NULL,NULL,1,NULL,0,0,NULL),(521,126,469,1,NULL,NULL,1,NULL,0,0,NULL),(522,49,469,1,NULL,NULL,1,NULL,0,0,NULL),(523,126,163,1,NULL,NULL,1,NULL,0,0,NULL),(524,49,163,1,NULL,NULL,1,NULL,0,0,NULL),(525,163,469,2,NULL,NULL,1,NULL,0,0,NULL),(526,49,126,3,NULL,NULL,1,NULL,0,0,NULL),(527,469,150,6,NULL,NULL,1,NULL,0,0,NULL),(528,163,150,7,NULL,NULL,1,NULL,0,0,NULL),(529,126,150,7,NULL,NULL,1,NULL,0,0,NULL),(530,49,150,7,NULL,NULL,1,NULL,0,0,NULL),(531,453,52,1,NULL,NULL,1,NULL,0,0,NULL),(532,451,52,1,NULL,NULL,1,NULL,0,0,NULL),(533,453,69,1,NULL,NULL,1,NULL,0,0,NULL),(534,451,69,1,NULL,NULL,1,NULL,0,0,NULL),(535,69,52,2,NULL,NULL,1,NULL,0,0,NULL),(536,451,453,3,NULL,NULL,1,NULL,0,0,NULL),(537,52,335,6,NULL,NULL,1,NULL,0,0,NULL),(538,69,335,7,NULL,NULL,1,NULL,0,0,NULL),(539,453,335,7,NULL,NULL,1,NULL,0,0,NULL),(540,451,335,7,NULL,NULL,1,NULL,0,0,NULL),(541,280,376,1,NULL,NULL,1,NULL,0,0,NULL),(542,174,376,1,NULL,NULL,1,NULL,0,0,NULL),(543,280,301,1,NULL,NULL,1,NULL,0,0,NULL),(544,174,301,1,NULL,NULL,1,NULL,0,0,NULL),(545,301,376,2,NULL,NULL,1,NULL,0,0,NULL),(546,174,280,3,NULL,NULL,1,NULL,0,0,NULL),(547,376,488,6,NULL,NULL,1,NULL,0,0,NULL),(548,301,488,7,NULL,NULL,1,NULL,0,0,NULL),(549,280,488,7,NULL,NULL,1,NULL,0,0,NULL),(550,174,488,7,NULL,NULL,1,NULL,0,0,NULL),(551,192,293,1,NULL,NULL,1,NULL,0,0,NULL),(552,484,293,1,NULL,NULL,1,NULL,0,0,NULL),(553,192,91,1,NULL,NULL,1,NULL,0,0,NULL),(554,484,91,1,NULL,NULL,1,NULL,0,0,NULL),(555,91,293,2,NULL,NULL,1,NULL,0,0,NULL),(556,484,192,3,NULL,NULL,1,NULL,0,0,NULL),(557,293,225,6,NULL,NULL,1,NULL,0,0,NULL),(558,91,225,7,NULL,NULL,1,NULL,0,0,NULL),(559,192,225,7,NULL,NULL,1,NULL,0,0,NULL),(560,484,225,7,NULL,NULL,1,NULL,0,0,NULL),(561,446,359,1,NULL,NULL,1,NULL,0,0,NULL),(562,221,359,1,NULL,NULL,1,NULL,0,0,NULL),(563,446,257,1,NULL,NULL,1,NULL,0,0,NULL),(564,221,257,1,NULL,NULL,1,NULL,0,0,NULL),(565,257,359,2,NULL,NULL,1,NULL,0,0,NULL),(566,221,446,3,NULL,NULL,1,NULL,0,0,NULL),(567,359,122,6,NULL,NULL,1,NULL,0,0,NULL),(568,257,122,7,NULL,NULL,1,NULL,0,0,NULL),(569,446,122,7,NULL,NULL,1,NULL,0,0,NULL),(570,221,122,7,NULL,NULL,1,NULL,0,0,NULL),(571,500,255,1,NULL,NULL,1,NULL,0,0,NULL),(572,121,255,1,NULL,NULL,1,NULL,0,0,NULL),(573,500,283,1,NULL,NULL,1,NULL,0,0,NULL),(574,121,283,1,NULL,NULL,1,NULL,0,0,NULL),(575,283,255,2,NULL,NULL,1,NULL,0,0,NULL),(576,121,500,3,NULL,NULL,1,NULL,0,0,NULL),(577,255,487,6,NULL,NULL,1,NULL,0,0,NULL),(578,283,487,7,NULL,NULL,1,NULL,0,0,NULL),(579,500,487,7,NULL,NULL,1,NULL,0,0,NULL),(580,121,487,7,NULL,NULL,1,NULL,0,0,NULL),(581,299,59,1,NULL,NULL,1,NULL,0,0,NULL),(582,123,59,1,NULL,NULL,1,NULL,0,0,NULL),(583,299,457,1,NULL,NULL,1,NULL,0,0,NULL),(584,123,457,1,NULL,NULL,1,NULL,0,0,NULL),(585,457,59,2,NULL,NULL,1,NULL,0,0,NULL),(586,123,299,3,NULL,NULL,1,NULL,0,0,NULL),(587,59,177,6,NULL,NULL,1,NULL,0,0,NULL),(588,457,177,7,NULL,NULL,1,NULL,0,0,NULL),(589,299,177,7,NULL,NULL,1,NULL,0,0,NULL),(590,123,177,7,NULL,NULL,1,NULL,0,0,NULL),(591,400,236,1,NULL,NULL,1,NULL,0,0,NULL),(592,164,236,1,NULL,NULL,1,NULL,0,0,NULL),(593,400,316,1,NULL,NULL,1,NULL,0,0,NULL),(594,164,316,1,NULL,NULL,1,NULL,0,0,NULL),(595,316,236,2,NULL,NULL,1,NULL,0,0,NULL),(596,164,400,3,NULL,NULL,1,NULL,0,0,NULL),(597,236,37,6,NULL,NULL,1,NULL,0,0,NULL),(598,316,37,7,NULL,NULL,1,NULL,0,0,NULL),(599,400,37,7,NULL,NULL,1,NULL,0,0,NULL),(600,164,37,7,NULL,NULL,1,NULL,0,0,NULL),(601,424,357,1,NULL,NULL,1,NULL,0,0,NULL),(602,132,357,1,NULL,NULL,1,NULL,0,0,NULL),(603,424,65,1,NULL,NULL,1,NULL,0,0,NULL),(604,132,65,1,NULL,NULL,1,NULL,0,0,NULL),(605,65,357,2,NULL,NULL,1,NULL,0,0,NULL),(606,132,424,3,NULL,NULL,1,NULL,0,0,NULL),(607,357,473,6,NULL,NULL,1,NULL,0,0,NULL),(608,65,473,7,NULL,NULL,1,NULL,0,0,NULL),(609,424,473,7,NULL,NULL,1,NULL,0,0,NULL),(610,132,473,7,NULL,NULL,1,NULL,0,0,NULL),(611,347,16,1,NULL,NULL,1,NULL,0,0,NULL),(612,386,16,1,NULL,NULL,1,NULL,0,0,NULL),(613,347,134,1,NULL,NULL,1,NULL,0,0,NULL),(614,386,134,1,NULL,NULL,1,NULL,0,0,NULL),(615,134,16,2,NULL,NULL,1,NULL,0,0,NULL),(616,386,347,3,NULL,NULL,1,NULL,0,0,NULL),(617,16,346,6,NULL,NULL,1,NULL,0,0,NULL),(618,134,346,7,NULL,NULL,1,NULL,0,0,NULL),(619,347,346,7,NULL,NULL,1,NULL,0,0,NULL),(620,386,346,7,NULL,NULL,1,NULL,0,0,NULL),(621,407,7,1,NULL,NULL,1,NULL,0,0,NULL),(622,331,7,1,NULL,NULL,1,NULL,0,0,NULL),(623,407,489,1,NULL,NULL,1,NULL,0,0,NULL),(624,331,489,1,NULL,NULL,1,NULL,0,0,NULL),(625,489,7,2,NULL,NULL,1,NULL,0,0,NULL),(626,331,407,3,NULL,NULL,1,NULL,0,0,NULL),(627,7,100,6,NULL,NULL,1,NULL,0,0,NULL),(628,489,100,7,NULL,NULL,1,NULL,0,0,NULL),(629,407,100,7,NULL,NULL,1,NULL,0,0,NULL),(630,331,100,7,NULL,NULL,1,NULL,0,0,NULL),(631,64,439,1,NULL,NULL,1,NULL,0,0,NULL),(632,93,439,1,NULL,NULL,1,NULL,0,0,NULL),(633,64,262,1,NULL,NULL,1,NULL,0,0,NULL),(634,93,262,1,NULL,NULL,1,NULL,0,0,NULL),(635,262,439,2,NULL,NULL,1,NULL,0,0,NULL),(636,93,64,3,NULL,NULL,1,NULL,0,0,NULL),(637,439,48,6,NULL,NULL,1,NULL,0,0,NULL),(638,262,48,7,NULL,NULL,1,NULL,0,0,NULL),(639,64,48,7,NULL,NULL,1,NULL,0,0,NULL),(640,93,48,7,NULL,NULL,1,NULL,0,0,NULL),(641,341,6,1,NULL,NULL,1,NULL,0,0,NULL),(642,348,6,1,NULL,NULL,1,NULL,0,0,NULL),(643,341,228,1,NULL,NULL,1,NULL,0,0,NULL),(644,348,228,1,NULL,NULL,1,NULL,0,0,NULL),(645,228,6,2,NULL,NULL,1,NULL,0,0,NULL),(646,348,341,3,NULL,NULL,1,NULL,0,0,NULL),(647,6,166,6,NULL,NULL,1,NULL,0,0,NULL),(648,228,166,7,NULL,NULL,1,NULL,0,0,NULL),(649,341,166,7,NULL,NULL,1,NULL,0,0,NULL),(650,348,166,7,NULL,NULL,1,NULL,0,0,NULL),(651,389,249,1,NULL,NULL,1,NULL,0,0,NULL),(652,272,249,1,NULL,NULL,1,NULL,0,0,NULL),(653,389,324,1,NULL,NULL,1,NULL,0,0,NULL),(654,272,324,1,NULL,NULL,1,NULL,0,0,NULL),(655,324,249,2,NULL,NULL,1,NULL,0,0,NULL),(656,272,389,3,NULL,NULL,1,NULL,0,0,NULL),(657,249,294,6,NULL,NULL,1,NULL,0,0,NULL),(658,324,294,7,NULL,NULL,1,NULL,0,0,NULL),(659,389,294,7,NULL,NULL,1,NULL,0,0,NULL),(660,272,294,7,NULL,NULL,1,NULL,0,0,NULL),(661,463,173,1,NULL,NULL,1,NULL,0,0,NULL),(662,394,173,1,NULL,NULL,1,NULL,0,0,NULL),(663,463,151,1,NULL,NULL,1,NULL,0,0,NULL),(664,394,151,1,NULL,NULL,1,NULL,0,0,NULL),(665,151,173,2,NULL,NULL,1,NULL,0,0,NULL),(666,394,463,3,NULL,NULL,1,NULL,0,0,NULL),(667,173,278,6,NULL,NULL,1,NULL,0,0,NULL),(668,151,278,7,NULL,NULL,1,NULL,0,0,NULL),(669,463,278,7,NULL,NULL,1,NULL,0,0,NULL),(670,394,278,7,NULL,NULL,1,NULL,0,0,NULL),(671,265,374,1,NULL,NULL,1,NULL,0,0,NULL),(672,342,374,1,NULL,NULL,1,NULL,0,0,NULL),(673,265,14,1,NULL,NULL,1,NULL,0,0,NULL),(674,342,14,1,NULL,NULL,1,NULL,0,0,NULL),(675,14,374,2,NULL,NULL,1,NULL,0,0,NULL),(676,342,265,3,NULL,NULL,1,NULL,0,0,NULL),(677,374,41,6,NULL,NULL,1,NULL,0,0,NULL),(678,14,41,7,NULL,NULL,1,NULL,0,0,NULL),(679,265,41,7,NULL,NULL,1,NULL,0,0,NULL),(680,342,41,7,NULL,NULL,1,NULL,0,0,NULL),(681,209,358,1,NULL,NULL,1,NULL,0,0,NULL),(682,156,358,1,NULL,NULL,1,NULL,0,0,NULL),(683,209,399,1,NULL,NULL,1,NULL,0,0,NULL),(684,156,399,1,NULL,NULL,1,NULL,0,0,NULL),(685,399,358,2,NULL,NULL,1,NULL,0,0,NULL),(686,156,209,3,NULL,NULL,1,NULL,0,0,NULL),(687,358,62,6,NULL,NULL,1,NULL,0,0,NULL),(688,399,62,7,NULL,NULL,1,NULL,0,0,NULL),(689,209,62,7,NULL,NULL,1,NULL,0,0,NULL),(690,156,62,7,NULL,NULL,1,NULL,0,0,NULL),(691,235,141,1,NULL,NULL,1,NULL,0,0,NULL),(692,442,141,1,NULL,NULL,1,NULL,0,0,NULL),(693,235,445,1,NULL,NULL,1,NULL,0,0,NULL),(694,442,445,1,NULL,NULL,1,NULL,0,0,NULL),(695,445,141,2,NULL,NULL,1,NULL,0,0,NULL),(696,442,235,3,NULL,NULL,1,NULL,0,0,NULL),(697,141,184,6,NULL,NULL,1,NULL,0,0,NULL),(698,445,184,7,NULL,NULL,1,NULL,0,0,NULL),(699,235,184,7,NULL,NULL,1,NULL,0,0,NULL),(700,442,184,7,NULL,NULL,1,NULL,0,0,NULL),(701,2,388,1,NULL,NULL,1,NULL,0,0,NULL),(702,11,388,1,NULL,NULL,1,NULL,0,0,NULL),(703,2,56,1,NULL,NULL,1,NULL,0,0,NULL),(704,11,56,1,NULL,NULL,1,NULL,0,0,NULL),(705,56,388,2,NULL,NULL,1,NULL,0,0,NULL),(706,11,2,3,NULL,NULL,1,NULL,0,0,NULL),(707,388,203,6,NULL,NULL,1,NULL,0,0,NULL),(708,56,203,7,NULL,NULL,1,NULL,0,0,NULL),(709,2,203,7,NULL,NULL,1,NULL,0,0,NULL),(710,11,203,7,NULL,NULL,1,NULL,0,0,NULL),(711,277,423,1,NULL,NULL,1,NULL,0,0,NULL),(712,207,423,1,NULL,NULL,1,NULL,0,0,NULL),(713,277,186,1,NULL,NULL,1,NULL,0,0,NULL),(714,207,186,1,NULL,NULL,1,NULL,0,0,NULL),(715,186,423,2,NULL,NULL,1,NULL,0,0,NULL),(716,207,277,3,NULL,NULL,1,NULL,0,0,NULL),(717,423,438,6,NULL,NULL,1,NULL,0,0,NULL),(718,186,438,7,NULL,NULL,1,NULL,0,0,NULL),(719,277,438,7,NULL,NULL,1,NULL,0,0,NULL),(720,207,438,7,NULL,NULL,1,NULL,0,0,NULL),(721,8,345,1,NULL,NULL,1,NULL,0,0,NULL),(722,450,345,1,NULL,NULL,1,NULL,0,0,NULL),(723,8,204,1,NULL,NULL,1,NULL,0,0,NULL),(724,450,204,1,NULL,NULL,1,NULL,0,0,NULL),(725,204,345,2,NULL,NULL,1,NULL,0,0,NULL),(726,450,8,3,NULL,NULL,1,NULL,0,0,NULL),(727,345,188,6,NULL,NULL,1,NULL,0,0,NULL),(728,204,188,7,NULL,NULL,1,NULL,0,0,NULL),(729,8,188,7,NULL,NULL,1,NULL,0,0,NULL),(730,450,188,7,NULL,NULL,1,NULL,0,0,NULL),(731,239,431,1,NULL,NULL,1,NULL,0,0,NULL),(732,101,431,1,NULL,NULL,1,NULL,0,0,NULL),(733,239,367,1,NULL,NULL,1,NULL,0,0,NULL),(734,101,367,1,NULL,NULL,1,NULL,0,0,NULL),(735,367,431,2,NULL,NULL,1,NULL,0,0,NULL),(736,101,239,3,NULL,NULL,1,NULL,0,0,NULL),(737,431,448,6,NULL,NULL,1,NULL,0,0,NULL),(738,367,448,7,NULL,NULL,1,NULL,0,0,NULL),(739,239,448,7,NULL,NULL,1,NULL,0,0,NULL),(740,101,448,7,NULL,NULL,1,NULL,0,0,NULL),(741,178,117,1,NULL,NULL,1,NULL,0,0,NULL),(742,57,117,1,NULL,NULL,1,NULL,0,0,NULL),(743,178,425,1,NULL,NULL,1,NULL,0,0,NULL),(744,57,425,1,NULL,NULL,1,NULL,0,0,NULL),(745,425,117,2,NULL,NULL,1,NULL,0,0,NULL),(746,57,178,3,NULL,NULL,1,NULL,0,0,NULL),(747,117,224,6,NULL,NULL,1,NULL,0,0,NULL),(748,425,224,7,NULL,NULL,1,NULL,0,0,NULL),(749,178,224,7,NULL,NULL,1,NULL,0,0,NULL),(750,57,224,7,NULL,NULL,1,NULL,0,0,NULL);
/*!40000 ALTER TABLE `civicrm_relationship` ENABLE KEYS */;
UNLOCK TABLES;

--
-- Dumping data for table `civicrm_relationship_type`
--

LOCK TABLES `civicrm_relationship_type` WRITE;
/*!40000 ALTER TABLE `civicrm_relationship_type` DISABLE KEYS */;
INSERT INTO `civicrm_relationship_type` (`id`, `name_a_b`, `name_b_a`, `description`, `contact_type_a`, `contact_type_b`, `is_reserved`, `is_active`) VALUES (1,'Child of','Parent of','Parent/child relationship.','Individual','Individual',0,1),(2,'Spouse of','Spouse of','Spousal relationship.','Individual','Individual',0,1),(3,'Sibling of','Sibling of','Sibling relationship.','Individual','Individual',0,1),(4,'Employee of','Employer of','Employment relationship.','Individual','Organization',1,1),(5,'Volunteer for','Volunteer is','Volunteer relationship.','Individual','Organization',0,1),(6,'Head of Household for','Head of Household is','Head of household.','Individual','Household',1,1),(7,'Household Member of','Household Member is','Household membership.','Individual','Household',1,1),(8,'Case Coordinator is','Case Coordinator','Case Coordinator','Individual','Individual',0,1),(9,'Supervised by','Supervisor','Immediate workplace supervisor','Individual','Individual',0,1);
/*!40000 ALTER TABLE `civicrm_relationship_type` ENABLE KEYS */;
UNLOCK TABLES;

--
-- Dumping data for table `civicrm_report_instance`
--

LOCK TABLES `civicrm_report_instance` WRITE;
/*!40000 ALTER TABLE `civicrm_report_instance` DISABLE KEYS */;
/*!40000 ALTER TABLE `civicrm_report_instance` ENABLE KEYS */;
UNLOCK TABLES;

--
-- Dumping data for table `civicrm_saved_search`
--

LOCK TABLES `civicrm_saved_search` WRITE;
/*!40000 ALTER TABLE `civicrm_saved_search` DISABLE KEYS */;
/*!40000 ALTER TABLE `civicrm_saved_search` ENABLE KEYS */;
UNLOCK TABLES;

--
-- Dumping data for table `civicrm_state_province`
--

LOCK TABLES `civicrm_state_province` WRITE;
/*!40000 ALTER TABLE `civicrm_state_province` DISABLE KEYS */;
INSERT INTO `civicrm_state_province` (`id`, `name`, `abbreviation`, `country_id`) VALUES (1000,'Alabama','AL',1228),(1001,'Alaska','AK',1228),(1002,'Arizona','AZ',1228),(1003,'Arkansas','AR',1228),(1004,'California','CA',1228),(1005,'Colorado','CO',1228),(1006,'Connecticut','CT',1228),(1007,'Delaware','DE',1228),(1008,'Florida','FL',1228),(1009,'Georgia','GA',1228),(1010,'Hawaii','HI',1228),(1011,'Idaho','ID',1228),(1012,'Illinois','IL',1228),(1013,'Indiana','IN',1228),(1014,'Iowa','IA',1228),(1015,'Kansas','KS',1228),(1016,'Kentucky','KY',1228),(1017,'Louisiana','LA',1228),(1018,'Maine','ME',1228),(1019,'Maryland','MD',1228),(1020,'Massachusetts','MA',1228),(1021,'Michigan','MI',1228),(1022,'Minnesota','MN',1228),(1023,'Mississippi','MS',1228),(1024,'Missouri','MO',1228),(1025,'Montana','MT',1228),(1026,'Nebraska','NE',1228),(1027,'Nevada','NV',1228),(1028,'New Hampshire','NH',1228),(1029,'New Jersey','NJ',1228),(1030,'New Mexico','NM',1228),(1031,'New York','NY',1228),(1032,'North Carolina','NC',1228),(1033,'North Dakota','ND',1228),(1034,'Ohio','OH',1228),(1035,'Oklahoma','OK',1228),(1036,'Oregon','OR',1228),(1037,'Pennsylvania','PA',1228),(1038,'Rhode Island','RI',1228),(1039,'South Carolina','SC',1228),(1040,'South Dakota','SD',1228),(1041,'Tennessee','TN',1228),(1042,'Texas','TX',1228),(1043,'Utah','UT',1228),(1044,'Vermont','VT',1228),(1045,'Virginia','VA',1228),(1046,'Washington','WA',1228),(1047,'West Virginia','WV',1228),(1048,'Wisconsin','WI',1228),(1049,'Wyoming','WY',1228),(1050,'District of Columbia','DC',1228),(1052,'American Samoa','AS',1228),(1053,'Guam','GU',1228),(1055,'Northern Mariana Islands','MP',1228),(1056,'Puerto Rico','PR',1228),(1057,'Virgin Islands','VI',1228),(1058,'United States Minor Outlying Islands','UM',1228),(1059,'Armed Forces Europe','AE',1228),(1060,'Armed Forces Americas','AA',1228),(1061,'Armed Forces Pacific','AP',1228),(1100,'Alberta','AB',1039),(1101,'British Columbia','BC',1039),(1102,'Manitoba','MB',1039),(1103,'New Brunswick','NB',1039),(1104,'Newfoundland and Labrador','NL',1039),(1105,'Northwest Territories','NT',1039),(1106,'Nova Scotia','NS',1039),(1107,'Nunavut','NU',1039),(1108,'Ontario','ON',1039),(1109,'Prince Edward Island','PE',1039),(1110,'Quebec','QC',1039),(1111,'Saskatchewan','SK',1039),(1112,'Yukon Territory','YT',1039),(1200,'Maharashtra','MM',1101),(1201,'Karnataka','KA',1101),(1202,'Andhra Pradesh','AP',1101),(1203,'Arunachal Pradesh','AR',1101),(1204,'Assam','AS',1101),(1205,'Bihar','BR',1101),(1206,'Chhattisgarh','CH',1101),(1207,'Goa','GA',1101),(1208,'Gujarat','GJ',1101),(1209,'Haryana','HR',1101),(1210,'Himachal Pradesh','HP',1101),(1211,'Jammu and Kashmir','JK',1101),(1212,'Jharkhand','JH',1101),(1213,'Kerala','KL',1101),(1214,'Madhya Pradesh','MP',1101),(1215,'Manipur','MN',1101),(1216,'Meghalaya','ML',1101),(1217,'Mizoram','MZ',1101),(1218,'Nagaland','NL',1101),(1219,'Orissa','OR',1101),(1220,'Punjab','PB',1101),(1221,'Rajasthan','RJ',1101),(1222,'Sikkim','SK',1101),(1223,'Tamil Nadu','TN',1101),(1224,'Tripura','TR',1101),(1225,'Uttaranchal','UL',1101),(1226,'Uttar Pradesh','UP',1101),(1227,'West Bengal','WB',1101),(1228,'Andaman and Nicobar Islands','AN',1101),(1229,'Dadra and Nagar Haveli','DN',1101),(1230,'Daman and Diu','DD',1101),(1231,'Delhi','DL',1101),(1232,'Lakshadweep','LD',1101),(1233,'Pondicherry','PY',1101),(1300,'mazowieckie','MZ',1172),(1301,'pomorskie','PM',1172),(1302,'dolnolskie','DS',1172),(1303,'kujawsko-pomorskie','KP',1172),(1304,'lubelskie','LU',1172),(1305,'lubuskie','LB',1172),(1306,'dzkie','LD',1172),(1307,'maopolskie','MA',1172),(1308,'opolskie','OP',1172),(1309,'podkarpackie','PK',1172),(1310,'podlaskie','PD',1172),(1311,'lskie','SL',1172),(1312,'witokrzyskie','SK',1172),(1313,'warmisko-mazurskie','WN',1172),(1314,'wielkopolskie','WP',1172),(1315,'zachodniopomorskie','ZP',1172),(1500,'Abu Zaby','AZ',1225),(1501,'\'Ajman','AJ',1225),(1502,'Al Fujayrah','FU',1225),(1503,'Ash Shariqah','SH',1225),(1504,'Dubayy','DU',1225),(1505,'Ra\'s al Khaymah','RK',1225),(1506,'Dac Lac','33',1233),(1507,'Umm al Qaywayn','UQ',1225),(1508,'Badakhshan','BDS',1001),(1509,'Badghis','BDG',1001),(1510,'Baghlan','BGL',1001),(1511,'Balkh','BAL',1001),(1512,'Bamian','BAM',1001),(1513,'Farah','FRA',1001),(1514,'Faryab','FYB',1001),(1515,'Ghazni','GHA',1001),(1516,'Ghowr','GHO',1001),(1517,'Helmand','HEL',1001),(1518,'Herat','HER',1001),(1519,'Jowzjan','JOW',1001),(1520,'Kabul','KAB',1001),(1521,'Kandahar','KAN',1001),(1522,'Kapisa','KAP',1001),(1523,'Khowst','KHO',1001),(1524,'Konar','KNR',1001),(1525,'Kondoz','KDZ',1001),(1526,'Laghman','LAG',1001),(1527,'Lowgar','LOW',1001),(1528,'Nangrahar','NAN',1001),(1529,'Nimruz','NIM',1001),(1530,'Nurestan','NUR',1001),(1531,'Oruzgan','ORU',1001),(1532,'Paktia','PIA',1001),(1533,'Paktika','PKA',1001),(1534,'Parwan','PAR',1001),(1535,'Samangan','SAM',1001),(1536,'Sar-e Pol','SAR',1001),(1537,'Takhar','TAK',1001),(1538,'Wardak','WAR',1001),(1539,'Zabol','ZAB',1001),(1540,'Berat','BR',1002),(1541,'Bulqiz','BU',1002),(1542,'Delvin','DL',1002),(1543,'Devoll','DV',1002),(1544,'Dibr','DI',1002),(1545,'Durrss','DR',1002),(1546,'Elbasan','EL',1002),(1547,'Fier','FR',1002),(1548,'Gramsh','GR',1002),(1549,'Gjirokastr','GJ',1002),(1550,'Has','HA',1002),(1551,'Kavaj','KA',1002),(1552,'Kolonj','ER',1002),(1553,'Korc','KO',1002),(1554,'Kruj','KR',1002),(1555,'Kuov','KC',1002),(1556,'Kuks','KU',1002),(1557,'Kurbin','KB',1002),(1558,'Lezh','LE',1002),(1559,'Librazhd','LB',1002),(1560,'Lushnj','LU',1002),(1561,'Malsi e Madhe','MM',1002),(1562,'Mallakastr','MK',1002),(1563,'Mat','MT',1002),(1564,'Mirdit','MR',1002),(1565,'Peqin','PQ',1002),(1566,'Prmet','PR',1002),(1567,'Pogradec','PG',1002),(1568,'Puk','PU',1002),(1569,'Sarand','SR',1002),(1570,'Skrapar','SK',1002),(1571,'Shkodr','SH',1002),(1572,'Tepelen','TE',1002),(1573,'Tiran','TR',1002),(1574,'Tropoj','TP',1002),(1575,'Vlor','VL',1002),(1576,'Erevan','ER',1011),(1577,'Aragacotn','AG',1011),(1578,'Ararat','AR',1011),(1579,'Armavir','AV',1011),(1580,'Gegarkunik\'','GR',1011),(1581,'Kotayk\'','KT',1011),(1582,'Lory','LO',1011),(1583,'Sirak','SH',1011),(1584,'Syunik\'','SU',1011),(1585,'Tavus','TV',1011),(1586,'Vayoc Jor','VD',1011),(1587,'Bengo','BGO',1006),(1588,'Benguela','BGU',1006),(1589,'Bie','BIE',1006),(1590,'Cabinda','CAB',1006),(1591,'Cuando-Cubango','CCU',1006),(1592,'Cuanza Norte','CNO',1006),(1593,'Cuanza Sul','CUS',1006),(1594,'Cunene','CNN',1006),(1595,'Huambo','HUA',1006),(1596,'Huila','HUI',1006),(1597,'Luanda','LUA',1006),(1598,'Lunda Norte','LNO',1006),(1599,'Lunda Sul','LSU',1006),(1600,'Malange','MAL',1006),(1601,'Moxico','MOX',1006),(1602,'Namibe','NAM',1006),(1603,'Uige','UIG',1006),(1604,'Zaire','ZAI',1006),(1605,'Capital federal','C',1010),(1606,'Buenos Aires','B',1010),(1607,'Catamarca','K',1010),(1608,'Cordoba','X',1010),(1609,'Corrientes','W',1010),(1610,'Chaco','H',1010),(1611,'Chubut','U',1010),(1612,'Entre Rios','E',1010),(1613,'Formosa','P',1010),(1614,'Jujuy','Y',1010),(1615,'La Pampa','L',1010),(1616,'Mendoza','M',1010),(1617,'Misiones','N',1010),(1618,'Neuquen','Q',1010),(1619,'Rio Negro','R',1010),(1620,'Salta','A',1010),(1621,'San Juan','J',1010),(1622,'San Luis','D',1010),(1623,'Santa Cruz','Z',1010),(1624,'Santa Fe','S',1010),(1625,'Santiago del Estero','G',1010),(1626,'Tierra del Fuego','V',1010),(1627,'Tucuman','T',1010),(1628,'Burgenland','1',1014),(1629,'Krnten','2',1014),(1630,'Niederosterreich','3',1014),(1631,'Oberosterreich','4',1014),(1632,'Salzburg','5',1014),(1633,'Steiermark','6',1014),(1634,'Tirol','7',1014),(1635,'Vorarlberg','8',1014),(1636,'Wien','9',1014),(1637,'Australian Antarctic Territory','AAT',1013),(1638,'Australian Capital Territory','ACT',1013),(1639,'Northern Territory','NT',1013),(1640,'New South Wales','NSW',1013),(1641,'Queensland','QLD',1013),(1642,'South Australia','SA',1013),(1643,'Tasmania','TAS',1013),(1644,'Victoria','VIC',1013),(1645,'Western Australia','WA',1013),(1646,'Naxcivan','NX',1015),(1647,'Ali Bayramli','AB',1015),(1648,'Baki','BA',1015),(1649,'Ganca','GA',1015),(1650,'Lankaran','LA',1015),(1651,'Mingacevir','MI',1015),(1652,'Naftalan','NA',1015),(1653,'Saki','SA',1015),(1654,'Sumqayit','SM',1015),(1655,'Susa','SS',1015),(1656,'Xankandi','XA',1015),(1657,'Yevlax','YE',1015),(1658,'Abseron','ABS',1015),(1659,'Agcabadi','AGC',1015),(1660,'Agdam','AGM',1015),(1661,'Agdas','AGS',1015),(1662,'Agstafa','AGA',1015),(1663,'Agsu','AGU',1015),(1664,'Astara','AST',1015),(1665,'Babak','BAB',1015),(1666,'Balakan','BAL',1015),(1667,'Barda','BAR',1015),(1668,'Beylagan','BEY',1015),(1669,'Bilasuvar','BIL',1015),(1670,'Cabrayll','CAB',1015),(1671,'Calilabad','CAL',1015),(1672,'Culfa','CUL',1015),(1673,'Daskasan','DAS',1015),(1674,'Davaci','DAV',1015),(1675,'Fuzuli','FUZ',1015),(1676,'Gadabay','GAD',1015),(1677,'Goranboy','GOR',1015),(1678,'Goycay','GOY',1015),(1679,'Haciqabul','HAC',1015),(1680,'Imisli','IMI',1015),(1681,'Ismayilli','ISM',1015),(1682,'Kalbacar','KAL',1015),(1683,'Kurdamir','KUR',1015),(1684,'Lacin','LAC',1015),(1685,'Lerik','LER',1015),(1686,'Masalli','MAS',1015),(1687,'Neftcala','NEF',1015),(1688,'Oguz','OGU',1015),(1689,'Ordubad','ORD',1015),(1690,'Qabala','QAB',1015),(1691,'Qax','QAX',1015),(1692,'Qazax','QAZ',1015),(1693,'Qobustan','QOB',1015),(1694,'Quba','QBA',1015),(1695,'Qubadli','QBI',1015),(1696,'Qusar','QUS',1015),(1697,'Saatli','SAT',1015),(1698,'Sabirabad','SAB',1015),(1699,'Sadarak','SAD',1015),(1700,'Sahbuz','SAH',1015),(1701,'Salyan','SAL',1015),(1702,'Samaxi','SMI',1015),(1703,'Samkir','SKR',1015),(1704,'Samux','SMX',1015),(1705,'Sarur','SAR',1015),(1706,'Siyazan','SIY',1015),(1707,'Tartar','TAR',1015),(1708,'Tovuz','TOV',1015),(1709,'Ucar','UCA',1015),(1710,'Xacmaz','XAC',1015),(1711,'Xanlar','XAN',1015),(1712,'Xizi','XIZ',1015),(1713,'Xocali','XCI',1015),(1714,'Xocavand','XVD',1015),(1715,'Yardimli','YAR',1015),(1716,'Zangilan','ZAN',1015),(1717,'Zaqatala','ZAQ',1015),(1718,'Zardab','ZAR',1015),(1719,'Federacija Bosna i Hercegovina','BIH',1026),(1720,'Republika Srpska','SRP',1026),(1721,'Bagerhat zila','05',1017),(1722,'Bandarban zila','01',1017),(1723,'Barguna zila','02',1017),(1724,'Barisal zila','06',1017),(1725,'Bhola zila','07',1017),(1726,'Bogra zila','03',1017),(1727,'Brahmanbaria zila','04',1017),(1728,'Chandpur zila','09',1017),(1729,'Chittagong zila','10',1017),(1730,'Chuadanga zila','12',1017),(1731,'Comilla zila','08',1017),(1732,'Cox\'s Bazar zila','11',1017),(1733,'Dhaka zila','13',1017),(1734,'Dinajpur zila','14',1017),(1735,'Faridpur zila','15',1017),(1736,'Feni zila','16',1017),(1737,'Gaibandha zila','19',1017),(1738,'Gazipur zila','18',1017),(1739,'Gopalganj zila','17',1017),(1740,'Habiganj zila','20',1017),(1741,'Jaipurhat zila','24',1017),(1742,'Jamalpur zila','21',1017),(1743,'Jessore zila','22',1017),(1744,'Jhalakati zila','25',1017),(1745,'Jhenaidah zila','23',1017),(1746,'Khagrachari zila','29',1017),(1747,'Khulna zila','27',1017),(1748,'Kishorganj zila','26',1017),(1749,'Kurigram zila','28',1017),(1750,'Kushtia zila','30',1017),(1751,'Lakshmipur zila','31',1017),(1752,'Lalmonirhat zila','32',1017),(1753,'Madaripur zila','36',1017),(1754,'Magura zila','37',1017),(1755,'Manikganj zila','33',1017),(1756,'Meherpur zila','39',1017),(1757,'Moulvibazar zila','38',1017),(1758,'Munshiganj zila','35',1017),(1759,'Mymensingh zila','34',1017),(1760,'Naogaon zila','48',1017),(1761,'Narail zila','43',1017),(1762,'Narayanganj zila','40',1017),(1763,'Narsingdi zila','42',1017),(1764,'Natore zila','44',1017),(1765,'Nawabganj zila','45',1017),(1766,'Netrakona zila','41',1017),(1767,'Nilphamari zila','46',1017),(1768,'Noakhali zila','47',1017),(1769,'Pabna zila','49',1017),(1770,'Panchagarh zila','52',1017),(1771,'Patuakhali zila','51',1017),(1772,'Pirojpur zila','50',1017),(1773,'Rajbari zila','53',1017),(1774,'Rajshahi zila','54',1017),(1775,'Rangamati zila','56',1017),(1776,'Rangpur zila','55',1017),(1777,'Satkhira zila','58',1017),(1778,'Shariatpur zila','62',1017),(1779,'Sherpur zila','57',1017),(1780,'Sirajganj zila','59',1017),(1781,'Sunamganj zila','61',1017),(1782,'Sylhet zila','60',1017),(1783,'Tangail zila','63',1017),(1784,'Thakurgaon zila','64',1017),(1785,'Antwerpen','VAN',1020),(1786,'Brabant Wallon','WBR',1020),(1787,'Hainaut','WHT',1020),(1788,'Liege','WLG',1020),(1789,'Limburg','VLI',1020),(1790,'Luxembourg','WLX',1020),(1791,'Namur','WNA',1020),(1792,'Oost-Vlaanderen','VOV',1020),(1793,'Vlaams-Brabant','VBR',1020),(1794,'West-Vlaanderen','VWV',1020),(1795,'Bale','BAL',1034),(1796,'Bam','BAM',1034),(1797,'Banwa','BAN',1034),(1798,'Bazega','BAZ',1034),(1799,'Bougouriba','BGR',1034),(1800,'Boulgou','BLG',1034),(1801,'Boulkiemde','BLK',1034),(1802,'Comoe','COM',1034),(1803,'Ganzourgou','GAN',1034),(1804,'Gnagna','GNA',1034),(1805,'Gourma','GOU',1034),(1806,'Houet','HOU',1034),(1807,'Ioba','IOB',1034),(1808,'Kadiogo','KAD',1034),(1809,'Kenedougou','KEN',1034),(1810,'Komondjari','KMD',1034),(1811,'Kompienga','KMP',1034),(1812,'Kossi','KOS',1034),(1813,'Koulpulogo','KOP',1034),(1814,'Kouritenga','KOT',1034),(1815,'Kourweogo','KOW',1034),(1816,'Leraba','LER',1034),(1817,'Loroum','LOR',1034),(1818,'Mouhoun','MOU',1034),(1819,'Nahouri','NAO',1034),(1820,'Namentenga','NAM',1034),(1821,'Nayala','NAY',1034),(1822,'Noumbiel','NOU',1034),(1823,'Oubritenga','OUB',1034),(1824,'Oudalan','OUD',1034),(1825,'Passore','PAS',1034),(1826,'Poni','PON',1034),(1827,'Sanguie','SNG',1034),(1828,'Sanmatenga','SMT',1034),(1829,'Seno','SEN',1034),(1830,'Siasili','SIS',1034),(1831,'Soum','SOM',1034),(1832,'Sourou','SOR',1034),(1833,'Tapoa','TAP',1034),(1834,'Tui','TUI',1034),(1835,'Yagha','YAG',1034),(1836,'Yatenga','YAT',1034),(1837,'Ziro','ZIR',1034),(1838,'Zondoma','ZON',1034),(1839,'Zoundweogo','ZOU',1034),(1840,'Blagoevgrad','01',1033),(1841,'Burgas','02',1033),(1842,'Dobric','08',1033),(1843,'Gabrovo','07',1033),(1844,'Haskovo','26',1033),(1845,'Jambol','28',1033),(1846,'Kardzali','09',1033),(1847,'Kjstendil','10',1033),(1848,'Lovec','11',1033),(1849,'Montana','12',1033),(1850,'Pazardzik','13',1033),(1851,'Pernik','14',1033),(1852,'Pleven','15',1033),(1853,'Plovdiv','16',1033),(1854,'Razgrad','17',1033),(1855,'Ruse','18',1033),(1856,'Silistra','19',1033),(1857,'Sliven','20',1033),(1858,'Smoljan','21',1033),(1859,'Sofija','23',1033),(1860,'Stara Zagora','24',1033),(1861,'Sumen','27',1033),(1862,'Targoviste','25',1033),(1863,'Varna','03',1033),(1864,'Veliko Tarnovo','04',1033),(1865,'Vidin','05',1033),(1866,'Vraca','06',1033),(1867,'Al Hadd','01',1016),(1868,'Al Manamah','03',1016),(1869,'Al Mintaqah al Gharbiyah','10',1016),(1870,'Al Mintagah al Wusta','07',1016),(1871,'Al Mintaqah ash Shamaliyah','05',1016),(1872,'Al Muharraq','02',1016),(1873,'Ar Rifa','09',1016),(1874,'Jidd Hafs','04',1016),(1875,'Madluat Jamad','12',1016),(1876,'Madluat Isa','08',1016),(1877,'Mintaqat Juzur tawar','11',1016),(1878,'Sitrah','06',1016),(1879,'Bubanza','BB',1036),(1880,'Bujumbura','BJ',1036),(1881,'Bururi','BR',1036),(1882,'Cankuzo','CA',1036),(1883,'Cibitoke','CI',1036),(1884,'Gitega','GI',1036),(1885,'Karuzi','KR',1036),(1886,'Kayanza','KY',1036),(1887,'Makamba','MA',1036),(1888,'Muramvya','MU',1036),(1889,'Mwaro','MW',1036),(1890,'Ngozi','NG',1036),(1891,'Rutana','RT',1036),(1892,'Ruyigi','RY',1036),(1893,'Alibori','AL',1022),(1894,'Atakora','AK',1022),(1895,'Atlantique','AQ',1022),(1896,'Borgou','BO',1022),(1897,'Collines','CO',1022),(1898,'Donga','DO',1022),(1899,'Kouffo','KO',1022),(1900,'Littoral','LI',1022),(1901,'Mono','MO',1022),(1902,'Oueme','OU',1022),(1903,'Plateau','PL',1022),(1904,'Zou','ZO',1022),(1905,'Belait','BE',1032),(1906,'Brunei-Muara','BM',1032),(1907,'Temburong','TE',1032),(1908,'Tutong','TU',1032),(1909,'Cochabamba','C',1025),(1910,'Chuquisaca','H',1025),(1911,'El Beni','B',1025),(1912,'La Paz','L',1025),(1913,'Oruro','O',1025),(1914,'Pando','N',1025),(1915,'Potosi','P',1025),(1916,'Tarija','T',1025),(1917,'Acre','AC',1029),(1918,'Alagoas','AL',1029),(1919,'Amazonas','AM',1029),(1920,'Amapa','AP',1029),(1921,'Baia','BA',1029),(1922,'Ceara','CE',1029),(1923,'Distrito Federal','DF',1029),(1924,'Espirito Santo','ES',1029),(1925,'Fernando de Noronha','FN',1029),(1926,'Goias','GO',1029),(1927,'Maranhao','MA',1029),(1928,'Minas Gerais','MG',1029),(1929,'Mato Grosso do Sul','MS',1029),(1930,'Mato Grosso','MT',1029),(1931,'Para','PA',1029),(1932,'Paraiba','PB',1029),(1933,'Pernambuco','PE',1029),(1934,'Piaui','PI',1029),(1935,'Parana','PR',1029),(1936,'Rio de Janeiro','RJ',1029),(1937,'Rio Grande do Norte','RN',1029),(1938,'Rondonia','RO',1029),(1939,'Roraima','RR',1029),(1940,'Rio Grande do Sul','RS',1029),(1941,'Santa Catarina','SC',1029),(1942,'Sergipe','SE',1029),(1943,'Sao Paulo','SP',1029),(1944,'Tocatins','TO',1029),(1945,'Acklins and Crooked Islands','AC',1212),(1946,'Bimini','BI',1212),(1947,'Cat Island','CI',1212),(1948,'Exuma','EX',1212),(1949,'Freeport','FP',1212),(1950,'Fresh Creek','FC',1212),(1951,'Governor\'s Harbour','GH',1212),(1952,'Green Turtle Cay','GT',1212),(1953,'Harbour Island','HI',1212),(1954,'High Rock','HR',1212),(1955,'Inagua','IN',1212),(1956,'Kemps Bay','KB',1212),(1957,'Long Island','LI',1212),(1958,'Marsh Harbour','MH',1212),(1959,'Mayaguana','MG',1212),(1960,'New Providence','NP',1212),(1961,'Nicholls Town and Berry Islands','NB',1212),(1962,'Ragged Island','RI',1212),(1963,'Rock Sound','RS',1212),(1964,'Sandy Point','SP',1212),(1965,'San Salvador and Rum Cay','SR',1212),(1966,'Bumthang','33',1024),(1967,'Chhukha','12',1024),(1968,'Dagana','22',1024),(1969,'Gasa','GA',1024),(1970,'Ha','13',1024),(1971,'Lhuentse','44',1024),(1972,'Monggar','42',1024),(1973,'Paro','11',1024),(1974,'Pemagatshel','43',1024),(1975,'Punakha','23',1024),(1976,'Samdrup Jongkha','45',1024),(1977,'Samtee','14',1024),(1978,'Sarpang','31',1024),(1979,'Thimphu','15',1024),(1980,'Trashigang','41',1024),(1981,'Trashi Yangtse','TY',1024),(1982,'Trongsa','32',1024),(1983,'Tsirang','21',1024),(1984,'Wangdue Phodrang','24',1024),(1985,'Zhemgang','34',1024),(1986,'Central','CE',1027),(1987,'Ghanzi','GH',1027),(1988,'Kgalagadi','KG',1027),(1989,'Kgatleng','KL',1027),(1990,'Kweneng','KW',1027),(1991,'Ngamiland','NG',1027),(1992,'North-East','NE',1027),(1993,'North-West','NW',1027),(1994,'South-East','SE',1027),(1995,'Southern','SO',1027),(1996,'Brsckaja voblasc\'','BR',1019),(1997,'Homel\'skaja voblasc\'','HO',1019),(1998,'Hrodzenskaja voblasc\'','HR',1019),(1999,'Mahiluskaja voblasc\'','MA',1019),(2000,'Minskaja voblasc\'','MI',1019),(2001,'Vicebskaja voblasc\'','VI',1019),(2002,'Belize','BZ',1021),(2003,'Cayo','CY',1021),(2004,'Corozal','CZL',1021),(2005,'Orange Walk','OW',1021),(2006,'Stann Creek','SC',1021),(2007,'Toledo','TOL',1021),(2008,'Kinshasa','KN',1050),(2009,'Bandundu','BN',1050),(2010,'Bas-Congo','BC',1050),(2011,'Equateur','EQ',1050),(2012,'Haut-Congo','HC',1050),(2013,'Kasai-Occidental','KW',1050),(2014,'Kasai-Oriental','KE',1050),(2015,'Katanga','KA',1050),(2016,'Maniema','MA',1050),(2017,'Nord-Kivu','NK',1050),(2018,'Orientale','OR',1050),(2019,'Sud-Kivu','SK',1050),(2020,'Bangui','BGF',1042),(2021,'Bamingui-Bangoran','BB',1042),(2022,'Basse-Kotto','BK',1042),(2023,'Haute-Kotto','HK',1042),(2024,'Haut-Mbomou','HM',1042),(2025,'Kemo','KG',1042),(2026,'Lobaye','LB',1042),(2027,'Mambere-Kadei','HS',1042),(2028,'Mbomou','MB',1042),(2029,'Nana-Grebizi','KB',1042),(2030,'Nana-Mambere','NM',1042),(2031,'Ombella-Mpoko','MP',1042),(2032,'Ouaka','UK',1042),(2033,'Ouham','AC',1042),(2034,'Ouham-Pende','OP',1042),(2035,'Sangha-Mbaere','SE',1042),(2036,'Vakaga','VR',1042),(2037,'Brazzaville','BZV',1051),(2038,'Bouenza','11',1051),(2039,'Cuvette','8',1051),(2040,'Cuvette-Ouest','15',1051),(2041,'Kouilou','5',1051),(2042,'Lekoumou','2',1051),(2043,'Likouala','7',1051),(2044,'Niari','9',1051),(2045,'Plateaux','14',1051),(2046,'Pool','12',1051),(2047,'Sangha','13',1051),(2048,'Aargau','AG',1205),(2049,'Appenzell Innerrhoden','AI',1205),(2050,'Appenzell Ausserrhoden','AR',1205),(2051,'Bern','BE',1205),(2052,'Basel-Landschaft','BL',1205),(2053,'Basel-Stadt','BS',1205),(2054,'Fribourg','FR',1205),(2055,'Geneva','GE',1205),(2056,'Glarus','GL',1205),(2057,'Graubunden','GR',1205),(2058,'Jura','JU',1205),(2059,'Luzern','LU',1205),(2060,'Neuchatel','NE',1205),(2061,'Nidwalden','NW',1205),(2062,'Obwalden','OW',1205),(2063,'Sankt Gallen','SG',1205),(2064,'Schaffhausen','SH',1205),(2065,'Solothurn','SO',1205),(2066,'Schwyz','SZ',1205),(2067,'Thurgau','TG',1205),(2068,'Ticino','TI',1205),(2069,'Uri','UR',1205),(2070,'Vaud','VD',1205),(2071,'Valais','VS',1205),(2072,'Zug','ZG',1205),(2073,'Zurich','ZH',1205),(2074,'18 Montagnes','06',1054),(2075,'Agnebi','16',1054),(2076,'Bas-Sassandra','09',1054),(2077,'Denguele','10',1054),(2078,'Haut-Sassandra','02',1054),(2079,'Lacs','07',1054),(2080,'Lagunes','01',1054),(2081,'Marahoue','12',1054),(2082,'Moyen-Comoe','05',1054),(2083,'Nzi-Comoe','11',1054),(2084,'Savanes','03',1054),(2085,'Sud-Bandama','15',1054),(2086,'Sud-Comoe','13',1054),(2087,'Vallee du Bandama','04',1054),(2088,'Worodouqou','14',1054),(2089,'Zanzan','08',1054),(2090,'Aisen del General Carlos Ibanez del Campo','AI',1044),(2091,'Antofagasta','AN',1044),(2092,'Araucania','AR',1044),(2093,'Atacama','AT',1044),(2094,'Bio-Bio','BI',1044),(2095,'Coquimbo','CO',1044),(2096,'Libertador General Bernardo O\'Higgins','LI',1044),(2097,'Los Lagos','LL',1044),(2098,'Magallanes','MA',1044),(2099,'Maule','ML',1044),(2100,'Region Metropolitana de Santiago','RM',1044),(2101,'Tarapaca','TA',1044),(2102,'Valparaiso','VS',1044),(2103,'Adamaoua','AD',1038),(2104,'Centre','CE',1038),(2105,'East','ES',1038),(2106,'Far North','EN',1038),(2107,'North','NO',1038),(2108,'South','SW',1038),(2109,'South-West','SW',1038),(2110,'West','OU',1038),(2111,'Beijing','11',1045),(2112,'Chongqing','50',1045),(2113,'Shanghai','31',1045),(2114,'Tianjin','12',1045),(2115,'Anhui','34',1045),(2116,'Fujian','35',1045),(2117,'Gansu','62',1045),(2118,'Guangdong','44',1045),(2119,'Gulzhou','52',1045),(2120,'Hainan','46',1045),(2121,'Hebei','13',1045),(2122,'Heilongjiang','23',1045),(2123,'Henan','41',1045),(2124,'Hubei','42',1045),(2125,'Hunan','43',1045),(2126,'Jiangsu','32',1045),(2127,'Jiangxi','36',1045),(2128,'Jilin','22',1045),(2129,'Liaoning','21',1045),(2130,'Qinghai','63',1045),(2131,'Shaanxi','61',1045),(2132,'Shandong','37',1045),(2133,'Shanxi','14',1045),(2134,'Sichuan','51',1045),(2135,'Taiwan','71',1045),(2136,'Yunnan','53',1045),(2137,'Zhejiang','33',1045),(2138,'Guangxi','45',1045),(2139,'Neia Mongol (mn)','15',1045),(2140,'Xinjiang','65',1045),(2141,'Xizang','54',1045),(2142,'Hong Kong','91',1045),(2143,'Macau','92',1045),(2144,'Distrito Capital de Bogot','DC',1048),(2145,'Amazonea','AMA',1048),(2146,'Antioquia','ANT',1048),(2147,'Arauca','ARA',1048),(2148,'Atlntico','ATL',1048),(2149,'Bolvar','BOL',1048),(2150,'Boyac','BOY',1048),(2151,'Caldea','CAL',1048),(2152,'Caquet','CAQ',1048),(2153,'Casanare','CAS',1048),(2154,'Cauca','CAU',1048),(2155,'Cesar','CES',1048),(2156,'Crdoba','COR',1048),(2157,'Cundinamarca','CUN',1048),(2158,'Choc','CHO',1048),(2159,'Guaina','GUA',1048),(2160,'Guaviare','GUV',1048),(2161,'La Guajira','LAG',1048),(2162,'Magdalena','MAG',1048),(2163,'Meta','MET',1048),(2164,'Nario','NAR',1048),(2165,'Norte de Santander','NSA',1048),(2166,'Putumayo','PUT',1048),(2167,'Quindio','QUI',1048),(2168,'Risaralda','RIS',1048),(2169,'San Andrs, Providencia y Santa Catalina','SAP',1048),(2170,'Santander','SAN',1048),(2171,'Sucre','SUC',1048),(2172,'Tolima','TOL',1048),(2173,'Valle del Cauca','VAC',1048),(2174,'Vaups','VAU',1048),(2175,'Vichada','VID',1048),(2176,'Alajuela','A',1053),(2177,'Cartago','C',1053),(2178,'Guanacaste','G',1053),(2179,'Heredia','H',1053),(2180,'Limon','L',1053),(2181,'Puntarenas','P',1053),(2182,'San Jose','SJ',1053),(2183,'Camagey','09',1056),(2184,'Ciego de `vila','08',1056),(2185,'Cienfuegos','06',1056),(2186,'Ciudad de La Habana','03',1056),(2187,'Granma','12',1056),(2188,'Guantanamo','14',1056),(2189,'Holquin','11',1056),(2190,'La Habana','02',1056),(2191,'Las Tunas','10',1056),(2192,'Matanzas','04',1056),(2193,'Pinar del Rio','01',1056),(2194,'Sancti Spiritus','07',1056),(2195,'Santiago de Cuba','13',1056),(2196,'Villa Clara','05',1056),(2197,'Isla de la Juventud','99',1056),(2198,'Pinar del Roo','PR',1056),(2199,'Ciego de Avila','CA',1056),(2200,'Camagoey','CG',1056),(2201,'Holgun','HO',1056),(2202,'Sancti Spritus','SS',1056),(2203,'Municipio Especial Isla de la Juventud','IJ',1056),(2204,'Boa Vista','BV',1040),(2205,'Brava','BR',1040),(2206,'Calheta de Sao Miguel','CS',1040),(2207,'Fogo','FO',1040),(2208,'Maio','MA',1040),(2209,'Mosteiros','MO',1040),(2210,'Paul','PA',1040),(2211,'Porto Novo','PN',1040),(2212,'Praia','PR',1040),(2213,'Ribeira Grande','RG',1040),(2214,'Sal','SL',1040),(2215,'Sao Domingos','SD',1040),(2216,'Sao Filipe','SF',1040),(2217,'Sao Nicolau','SN',1040),(2218,'Sao Vicente','SV',1040),(2219,'Tarrafal','TA',1040),(2220,'Ammochostos Magusa','04',1057),(2221,'Keryneia','06',1057),(2222,'Larnaka','03',1057),(2223,'Lefkosia','01',1057),(2224,'Lemesos','02',1057),(2225,'Pafos','05',1057),(2226,'Jihoesk kraj','JC',1058),(2227,'Jihomoravsk kraj','JM',1058),(2228,'Karlovarsk kraj','KA',1058),(2229,'Krlovhradeck kraj','KR',1058),(2230,'Libereck kraj','LI',1058),(2231,'Moravskoslezsk kraj','MO',1058),(2232,'Olomouck kraj','OL',1058),(2233,'Pardubick kraj','PA',1058),(2234,'Plzesk kraj','PL',1058),(2235,'Praha, hlavn msto','PR',1058),(2236,'Stedoesk kraj','ST',1058),(2237,'steck kraj','US',1058),(2238,'Vysoina','VY',1058),(2239,'Zlnsk kraj','ZL',1058),(2240,'Baden-Wuerttemberg','BW',1082),(2241,'Bayern','BY',1082),(2242,'Bremen','HB',1082),(2243,'Hamburg','HH',1082),(2244,'Hessen','HE',1082),(2245,'Niedersachsen','NI',1082),(2246,'Nordrhein-Westfalen','NW',1082),(2247,'Rheinland-Pfalz','RP',1082),(2248,'Saarland','SL',1082),(2249,'Schleswig-Holstein','SH',1082),(2250,'Berlin','BR',1082),(2251,'Brandenburg','BB',1082),(2252,'Mecklenburg-Vorpommern','MV',1082),(2253,'Sachsen','SN',1082),(2254,'Sachsen-Anhalt','ST',1082),(2255,'Thueringen','TH',1082),(2256,'Ali Sabiah','AS',1060),(2257,'Dikhil','DI',1060),(2258,'Djibouti','DJ',1060),(2259,'Obock','OB',1060),(2260,'Tadjoura','TA',1060),(2261,'Frederiksberg','147',1059),(2262,'Copenhagen City','101',1059),(2263,'Copenhagen','015',1059),(2264,'Frederiksborg','020',1059),(2265,'Roskilde','025',1059),(2266,'Vestsjlland','030',1059),(2267,'Storstrm','035',1059),(2268,'Bornholm','040',1059),(2269,'Fyn','042',1059),(2270,'South Jutland','050',1059),(2271,'Ribe','055',1059),(2272,'Vejle','060',1059),(2273,'Ringkjbing','065',1059),(2274,'rhus','070',1059),(2275,'Viborg','076',1059),(2276,'North Jutland','080',1059),(2277,'Distrito Nacional (Santo Domingo)','01',1062),(2278,'Azua','02',1062),(2279,'Bahoruco','03',1062),(2280,'Barahona','04',1062),(2281,'Dajabn','05',1062),(2282,'Duarte','06',1062),(2283,'El Seybo [El Seibo]','08',1062),(2284,'Espaillat','09',1062),(2285,'Hato Mayor','30',1062),(2286,'Independencia','10',1062),(2287,'La Altagracia','11',1062),(2288,'La Estrelleta [Elias Pina]','07',1062),(2289,'La Romana','12',1062),(2290,'La Vega','13',1062),(2291,'Maroia Trinidad Snchez','14',1062),(2292,'Monseor Nouel','28',1062),(2293,'Monte Cristi','15',1062),(2294,'Monte Plata','29',1062),(2295,'Pedernales','16',1062),(2296,'Peravia','17',1062),(2297,'Puerto Plata','18',1062),(2298,'Salcedo','19',1062),(2299,'Saman','20',1062),(2300,'San Cristbal','21',1062),(2301,'San Pedro de Macors','23',1062),(2302,'Snchez Ramrez','24',1062),(2303,'Santiago','25',1062),(2304,'Santiago Rodrguez','26',1062),(2305,'Valverde','27',1062),(2306,'Adrar','01',1003),(2307,'Ain Defla','44',1003),(2308,'Ain Tmouchent','46',1003),(2309,'Alger','16',1003),(2310,'Annaba','23',1003),(2311,'Batna','05',1003),(2312,'Bechar','08',1003),(2313,'Bejaia','06',1003),(2314,'Biskra','07',1003),(2315,'Blida','09',1003),(2316,'Bordj Bou Arreridj','34',1003),(2317,'Bouira','10',1003),(2318,'Boumerdes','35',1003),(2319,'Chlef','02',1003),(2320,'Constantine','25',1003),(2321,'Djelfa','17',1003),(2322,'El Bayadh','32',1003),(2323,'El Oued','39',1003),(2324,'El Tarf','36',1003),(2325,'Ghardaia','47',1003),(2326,'Guelma','24',1003),(2327,'Illizi','33',1003),(2328,'Jijel','18',1003),(2329,'Khenchela','40',1003),(2330,'Laghouat','03',1003),(2331,'Mascara','29',1003),(2332,'Medea','26',1003),(2333,'Mila','43',1003),(2334,'Mostaganem','27',1003),(2335,'Msila','28',1003),(2336,'Naama','45',1003),(2337,'Oran','31',1003),(2338,'Ouargla','30',1003),(2339,'Oum el Bouaghi','04',1003),(2340,'Relizane','48',1003),(2341,'Saida','20',1003),(2342,'Setif','19',1003),(2343,'Sidi Bel Abbes','22',1003),(2344,'Skikda','21',1003),(2345,'Souk Ahras','41',1003),(2346,'Tamanghasset','11',1003),(2347,'Tebessa','12',1003),(2348,'Tiaret','14',1003),(2349,'Tindouf','37',1003),(2350,'Tipaza','42',1003),(2351,'Tissemsilt','38',1003),(2352,'Tizi Ouzou','15',1003),(2353,'Tlemcen','13',1003),(2354,'Azuay','A',1064),(2355,'Bolivar','B',1064),(2356,'Canar','F',1064),(2357,'Carchi','C',1064),(2358,'Cotopaxi','X',1064),(2359,'Chimborazo','H',1064),(2360,'El Oro','O',1064),(2361,'Esmeraldas','E',1064),(2362,'Galapagos','W',1064),(2363,'Guayas','G',1064),(2364,'Imbabura','I',1064),(2365,'Loja','L',1064),(2366,'Los Rios','R',1064),(2367,'Manabi','M',1064),(2368,'Morona-Santiago','S',1064),(2369,'Napo','N',1064),(2370,'Orellana','D',1064),(2371,'Pastaza','Y',1064),(2372,'Pichincha','P',1064),(2373,'Sucumbios','U',1064),(2374,'Tungurahua','T',1064),(2375,'Zamora-Chinchipe','Z',1064),(2376,'Harjumsa','37',1069),(2377,'Hitumea','39',1069),(2378,'Ida-Virumsa','44',1069),(2379,'Jogevamsa','49',1069),(2380,'Jarvamsa','51',1069),(2381,'Lasnemsa','57',1069),(2382,'Laane-Virumaa','59',1069),(2383,'Polvamea','65',1069),(2384,'Parnumsa','67',1069),(2385,'Raplamsa','70',1069),(2386,'Saaremsa','74',1069),(2387,'Tartumsa','7B',1069),(2388,'Valgamaa','82',1069),(2389,'Viljandimsa','84',1069),(2390,'Vorumaa','86',1069),(2391,'Ad Daqahllyah','DK',1065),(2392,'Al Bahr al Ahmar','BA',1065),(2393,'Al Buhayrah','BH',1065),(2394,'Al Fayym','FYM',1065),(2395,'Al Gharbiyah','GH',1065),(2396,'Al Iskandarlyah','ALX',1065),(2397,'Al Isma illyah','IS',1065),(2398,'Al Jizah','GZ',1065),(2399,'Al Minuflyah','MNF',1065),(2400,'Al Minya','MN',1065),(2401,'Al Qahirah','C',1065),(2402,'Al Qalyublyah','KB',1065),(2403,'Al Wadi al Jadid','WAD',1065),(2404,'Ash Sharqiyah','SHR',1065),(2405,'As Suways','SUZ',1065),(2406,'Aswan','ASN',1065),(2407,'Asyut','AST',1065),(2408,'Bani Suwayf','BNS',1065),(2409,'Bur Sa\'id','PTS',1065),(2410,'Dumyat','DT',1065),(2411,'Janub Sina\'','JS',1065),(2412,'Kafr ash Shaykh','KFS',1065),(2413,'Matruh','MT',1065),(2414,'Qina','KN',1065),(2415,'Shamal Sina\'','SIN',1065),(2416,'Suhaj','SHG',1065),(2417,'Anseba','AN',1068),(2418,'Debub','DU',1068),(2419,'Debubawi Keyih Bahri [Debub-Keih-Bahri]','DK',1068),(2420,'Gash-Barka','GB',1068),(2421,'Maakel [Maekel]','MA',1068),(2422,'Semenawi Keyih Bahri [Semien-Keih-Bahri]','SK',1068),(2423,'lava','VI',1198),(2424,'Albacete','AB',1198),(2425,'Alicante','A',1198),(2426,'Almera','AL',1198),(2427,'Asturias','O',1198),(2428,'vila','AV',1198),(2429,'Badajoz','BA',1198),(2430,'Baleares','PM',1198),(2431,'Barcelona','B',1198),(2432,'Burgos','BU',1198),(2433,'Cceres','CC',1198),(2434,'Cdiz','CA',1198),(2435,'Cantabria','S',1198),(2436,'Castelln','CS',1198),(2437,'Ciudad Real','CR',1198),(2438,'Cuenca','CU',1198),(2439,'Girona [Gerona]','GE',1198),(2440,'Granada','GR',1198),(2441,'Guadalajara','GU',1198),(2442,'Guipzcoa','SS',1198),(2443,'Huelva','H',1198),(2444,'Huesca','HU',1198),(2445,'Jan','J',1198),(2446,'La Corua','C',1198),(2447,'La Rioja','LO',1198),(2448,'Las Palmas','GC',1198),(2449,'Len','LE',1198),(2450,'Lleida [Lrida]','L',1198),(2451,'Lugo','LU',1198),(2452,'Madrid','M',1198),(2453,'Mlaga','MA',1198),(2454,'Murcia','MU',1198),(2455,'Navarra','NA',1198),(2456,'Ourense','OR',1198),(2457,'Palencia','P',1198),(2458,'Pontevedra','PO',1198),(2459,'Salamanca','SA',1198),(2460,'Santa Cruz de Tenerife','TF',1198),(2461,'Segovia','SG',1198),(2462,'Sevilla','SE',1198),(2463,'Soria','SO',1198),(2464,'Tarragona','T',1198),(2465,'Teruel','TE',1198),(2466,'Valencia','V',1198),(2467,'Valladolid','VA',1198),(2468,'Vizcaya','BI',1198),(2469,'Zamora','ZA',1198),(2470,'Zaragoza','Z',1198),(2471,'Ceuta','CE',1198),(2472,'Melilla','ML',1198),(2473,'Addis Ababa','AA',1070),(2474,'Dire Dawa','DD',1070),(2475,'Afar','AF',1070),(2476,'Amara','AM',1070),(2477,'Benshangul-Gumaz','BE',1070),(2478,'Gambela Peoples','GA',1070),(2479,'Harari People','HA',1070),(2480,'Oromia','OR',1070),(2481,'Somali','SO',1070),(2482,'Southern Nations, Nationalities and Peoples','SN',1070),(2483,'Tigrai','TI',1070),(2490,'Eastern','E',1074),(2491,'Northern','N',1074),(2492,'Western','W',1074),(2493,'Rotuma','R',1074),(2494,'Chuuk','TRK',1141),(2495,'Kosrae','KSA',1141),(2496,'Pohnpei','PNI',1141),(2497,'Yap','YAP',1141),(2498,'Ain','01',1076),(2499,'Aisne','02',1076),(2500,'Allier','03',1076),(2501,'Alpes-de-Haute-Provence','04',1076),(2502,'Alpes-Maritimes','06',1076),(2503,'Ardche','07',1076),(2504,'Ardennes','08',1076),(2505,'Arige','09',1076),(2506,'Aube','10',1076),(2507,'Aude','11',1076),(2508,'Aveyron','12',1076),(2509,'Bas-Rhin','67',1076),(2510,'Bouches-du-Rhne','13',1076),(2511,'Calvados','14',1076),(2512,'Cantal','15',1076),(2513,'Charente','16',1076),(2514,'Charente-Maritime','17',1076),(2515,'Cher','18',1076),(2516,'Corrze','19',1076),(2517,'Corse-du-Sud','20A',1076),(2518,'Cte-d\'Or','21',1076),(2519,'Ctes-d\'Armor','22',1076),(2520,'Creuse','23',1076),(2521,'Deux-Svres','79',1076),(2522,'Dordogne','24',1076),(2523,'Doubs','25',1076),(2524,'Drme','26',1076),(2525,'Essonne','91',1076),(2526,'Eure','27',1076),(2527,'Eure-et-Loir','28',1076),(2528,'Finistre','29',1076),(2529,'Gard','30',1076),(2530,'Gers','32',1076),(2531,'Gironde','33',1076),(2532,'Haut-Rhin','68',1076),(2533,'Haute-Corse','20B',1076),(2534,'Haute-Garonne','31',1076),(2535,'Haute-Loire','43',1076),(2536,'Haute-Sane','70',1076),(2537,'Haute-Savoie','74',1076),(2538,'Haute-Vienne','87',1076),(2539,'Hautes-Alpes','05',1076),(2540,'Hautes-Pyrnes','65',1076),(2541,'Hauts-de-Seine','92',1076),(2542,'Hrault','34',1076),(2543,'Indre','35',1076),(2544,'Ille-et-Vilaine','36',1076),(2545,'Indre-et-Loire','37',1076),(2546,'Isre','38',1076),(2547,'Landes','40',1076),(2548,'Loir-et-Cher','41',1076),(2549,'Loire','42',1076),(2550,'Loire-Atlantique','44',1076),(2551,'Loiret','45',1076),(2552,'Lot','46',1076),(2553,'Lot-et-Garonne','47',1076),(2554,'Lozre','48',1076),(2555,'Maine-et-Loire','49',1076),(2556,'Manche','50',1076),(2557,'Marne','51',1076),(2558,'Mayenne','53',1076),(2559,'Meurthe-et-Moselle','54',1076),(2560,'Meuse','55',1076),(2561,'Morbihan','56',1076),(2562,'Moselle','57',1076),(2563,'Nivre','58',1076),(2564,'Nord','59',1076),(2565,'Oise','60',1076),(2566,'Orne','61',1076),(2567,'Paris','75',1076),(2568,'Pas-de-Calais','62',1076),(2569,'Puy-de-Dme','63',1076),(2570,'Pyrnes-Atlantiques','64',1076),(2571,'Pyrnes-Orientales','66',1076),(2572,'Rhne','69',1076),(2573,'Sane-et-Loire','71',1076),(2574,'Sarthe','72',1076),(2575,'Savoie','73',1076),(2576,'Seine-et-Marne','77',1076),(2577,'Seine-Maritime','76',1076),(2578,'Seine-Saint-Denis','93',1076),(2579,'Somme','80',1076),(2580,'Tarn','81',1076),(2581,'Tarn-et-Garonne','82',1076),(2582,'Val d\'Oise','95',1076),(2583,'Territoire de Belfort','90',1076),(2584,'Val-de-Marne','94',1076),(2585,'Var','83',1076),(2586,'Vaucluse','84',1076),(2587,'Vende','85',1076),(2588,'Vienne','86',1076),(2589,'Vosges','88',1076),(2590,'Yonne','89',1076),(2591,'Yvelines','78',1076),(2592,'Aberdeen City','ABE',1226),(2593,'Aberdeenshire','ABD',1226),(2594,'Angus','ANS',1226),(2595,'Co Antrim','ANT',1226),(2596,'Ards','ARD',1226),(2597,'Argyll and Bute','AGB',1226),(2598,'Co Armagh','ARM',1226),(2599,'Ballymena','BLA',1226),(2600,'Ballymoney','BLY',1226),(2601,'Banbridge','BNB',1226),(2602,'Barking and Dagenham','BDG',1226),(2603,'Barnet','BNE',1226),(2604,'Barnsley','BNS',1226),(2605,'Bath and North East Somerset','BAS',1226),(2606,'Bedfordshire','BDF',1226),(2607,'Belfast','BFS',1226),(2608,'Bexley','BEX',1226),(2609,'Birmingham','BIR',1226),(2610,'Blackburn with Darwen','BBD',1226),(2611,'Blackpool','BPL',1226),(2612,'Blaenau Gwent','BGW',1226),(2613,'Bolton','BOL',1226),(2614,'Bournemouth','BMH',1226),(2615,'Bracknell Forest','BRC',1226),(2616,'Bradford','BRD',1226),(2617,'Brent','BEN',1226),(2618,'Bridgend','BGE',1226),(2619,'Brighton and Hove','BNH',1226),(2620,'Bristol','BST',1226),(2621,'Bromley','BRY',1226),(2622,'Buckinghamshire','BKM',1226),(2623,'Bury','BUR',1226),(2624,'Caerphilly','CAY',1226),(2625,'Calderdale','CLD',1226),(2626,'Cambridgeshire','CAM',1226),(2627,'Camden','CMD',1226),(2628,'Cardiff','CRF',1226),(2629,'Carmarthenshire','CMN',1226),(2630,'Sir Gaerfyrddin','GFY',1226),(2631,'Carrickfergus','CKF',1226),(2632,'Castlereagh','CSR',1226),(2633,'Ceredigion','CGN',1226),(2634,'Cheshire','CHS',1226),(2635,'Clackmannanshire','CLK',1226),(2636,'Coleraine','CLR',1226),(2637,'Conwy','CWY',1226),(2638,'Cookstown','CKT',1226),(2639,'Cornwall','CON',1226),(2640,'Coventry','COV',1226),(2641,'Cralgavon','CGV',1226),(2642,'Croydon','CRY',1226),(2643,'Cumbria','CMA',1226),(2644,'Darlington','DAL',1226),(2645,'Denbighshire','DEN',1226),(2646,'Derby','DER',1226),(2647,'Derbyshire','DBY',1226),(2648,'Derry','DRY',1226),(2649,'Devon','DEV',1226),(2650,'Doncaster','DNC',1226),(2651,'Dorset','DOR',1226),(2652,'Co Down','DOW',1226),(2653,'Dudley','DUD',1226),(2654,'Dumfries and Galloway','DGY',1226),(2655,'Dundee City','DND',1226),(2656,'Dungannon','DGN',1226),(2657,'Co Durham','DUR',1226),(2658,'Ealing','EAL',1226),(2659,'East Ayrshire','EAY',1226),(2660,'East Dunbartonshire','EDU',1226),(2661,'East Lothian','ELN',1226),(2662,'East Renfrewshire','ERW',1226),(2663,'East Riding of Yorkshire','ERY',1226),(2664,'East Sussex','ESX',1226),(2665,'Edinburgh, City of','EDH',1226),(2666,'Eilean Siar','ELS',1226),(2667,'Enfield','ENF',1226),(2668,'Essex','ESS',1226),(2669,'Falkirk','FAL',1226),(2670,'Co Fermanagh','FER',1226),(2671,'Fife','FIF',1226),(2672,'Flintshire','FLN',1226),(2673,'Gateshead','GAT',1226),(2674,'Glasgow','GLG',1226),(2675,'Gloucestershire','GLS',1226),(2676,'Greenwich','GRE',1226),(2677,'Guernsey','GSY',1226),(2678,'Gwynedd','GWN',1226),(2679,'Hackney','HCK',1226),(2680,'Halton','HAL',1226),(2681,'Hammersmith and Fulham','HMF',1226),(2682,'Hampshire','HAM',1226),(2683,'Haringey','HRY',1226),(2684,'Harrow','HRW',1226),(2685,'Hartlepool','HPL',1226),(2686,'Havering','HAV',1226),(2687,'Herefordshire','HEF',1226),(2688,'Hertfordshire','HRT',1226),(2689,'Highland','HED',1226),(2690,'Hillingdon','HIL',1226),(2691,'Hounslow','HNS',1226),(2692,'Inverclyde','IVC',1226),(2693,'Isle of Anglesey','AGY',1226),(2694,'Isle of Wight','IOW',1226),(2695,'Isles of Scilly','IOS',1226),(2696,'Islington','ISL',1226),(2697,'Jersey','JSY',1226),(2698,'Kensington and Chelsea','KEC',1226),(2699,'Kent','KEN',1226),(2700,'Kingston upon Hull','KHL',1226),(2701,'Kingston upon Thames','KTT',1226),(2702,'Kirklees','KIR',1226),(2703,'Knowsley','KWL',1226),(2704,'Lambeth','LBH',1226),(2705,'Lancashire','LAN',1226),(2706,'Larne','LRN',1226),(2707,'Leeds','LDS',1226),(2708,'Leicester','LCE',1226),(2709,'Leicestershire','LEC',1226),(2710,'Lewisham','LEW',1226),(2711,'Limavady','LMV',1226),(2712,'Lincolnshire','LIN',1226),(2713,'Lisburn','LSB',1226),(2714,'Liverpool','LIV',1226),(2715,'London, City of','LND',1226),(2716,'Luton','LUT',1226),(2717,'Magherafelt','MFT',1226),(2718,'Manchester','MAN',1226),(2719,'Medway','MDW',1226),(2720,'Merthyr Tydfil','MTY',1226),(2721,'Merton','MRT',1226),(2722,'Middlesbrough','MDB',1226),(2723,'Midlothian','MLN',1226),(2724,'Milton Keynes','MIK',1226),(2725,'Monmouthshire','MON',1226),(2726,'Moray','MRY',1226),(2727,'Moyle','MYL',1226),(2728,'Neath Port Talbot','NTL',1226),(2729,'Newcastle upon Tyne','NET',1226),(2730,'Newham','NWM',1226),(2731,'Newport','NWP',1226),(2732,'Newry and Mourne','NYM',1226),(2733,'Newtownabbey','NTA',1226),(2734,'Norfolk','NFK',1226),(2735,'North Ayrshire','NAY',1226),(2736,'North Down','NDN',1226),(2737,'North East Lincolnshire','NEL',1226),(2738,'North Lanarkshire','NLK',1226),(2739,'North Lincolnshire','NLN',1226),(2740,'North Somerset','NSM',1226),(2741,'North Tyneside','NTY',1226),(2742,'North Yorkshire','NYK',1226),(2743,'Northamptonshire','NTH',1226),(2744,'Northumberland','NBL',1226),(2745,'Nottingham','NGM',1226),(2746,'Nottinghamshire','NTT',1226),(2747,'Oldham','OLD',1226),(2748,'Omagh','OMH',1226),(2749,'Orkney Islands','ORR',1226),(2750,'Oxfordshire','OXF',1226),(2751,'Pembrokeshire','PEM',1226),(2752,'Perth and Kinross','PKN',1226),(2753,'Peterborough','PTE',1226),(2754,'Plymouth','PLY',1226),(2755,'Poole','POL',1226),(2756,'Portsmouth','POR',1226),(2757,'Powys','POW',1226),(2758,'Reading','RDG',1226),(2759,'Redbridge','RDB',1226),(2760,'Cleveland','RCC',1226),(2761,'Renfrewshire','RFW',1226),(2762,'Rhondda Cynon Taff','RCT',1226),(2763,'Richmond upon Thames','RIC',1226),(2764,'Rochdale','RCH',1226),(2765,'Rotherham','ROT',1226),(2766,'Rutland','RUT',1226),(2767,'St. Helens','SHN',1226),(2768,'Salford','SLF',1226),(2769,'Sandwell','SAW',1226),(2770,'Scottish Borders','SCB',1226),(2771,'Sefton','SFT',1226),(2772,'Sheffield','SHF',1226),(2773,'Shetland Islands','ZET',1226),(2774,'Shropshire','SHR',1226),(2775,'Slough','SLG',1226),(2776,'Solihull','SOL',1226),(2777,'Somerset','SOM',1226),(2778,'South Ayrshire','SAY',1226),(2779,'South Gloucestershire','SGC',1226),(2780,'South Lanarkshire','SLK',1226),(2781,'South Tyneside','STY',1226),(2782,'Southampton','STH',1226),(2783,'Southend-on-Sea','SOS',1226),(2784,'Southwark','SWK',1226),(2785,'Staffordshire','STS',1226),(2786,'Stirling','STG',1226),(2787,'Stockport','SKP',1226),(2788,'Stockton-on-Tees','STT',1226),(2789,'Stoke-on-Trent','STE',1226),(2790,'Strabane','STB',1226),(2791,'Suffolk','SFK',1226),(2792,'Sunderland','SND',1226),(2793,'Surrey','SRY',1226),(2794,'Sutton','STN',1226),(2795,'Swansea','SWA',1226),(2796,'Swindon','SWD',1226),(2797,'Tameside','TAM',1226),(2798,'Telford and Wrekin','TFW',1226),(2799,'Thurrock','THR',1226),(2800,'Torbay','TOB',1226),(2801,'Torfaen','TOF',1226),(2802,'Tower Hamlets','TWH',1226),(2803,'Trafford','TRF',1226),(2804,'Vale of Glamorgan','VGL',1226),(2805,'Bro Morgannwg','BMG',1226),(2806,'Wakefield','WKF',1226),(2807,'Walsall','WLL',1226),(2808,'Waltham Forest','WFT',1226),(2809,'Wandsworth','WND',1226),(2810,'Warrington','WRT',1226),(2811,'Warwickshire','WAR',1226),(2812,'West Berkshire','WBX',1226),(2813,'West Dunbartonshire','WDU',1226),(2814,'West Lothian','WLN',1226),(2815,'West Sussex','WSX',1226),(2816,'Westminster','WSM',1226),(2817,'Wigan','WGN',1226),(2818,'Wiltshire','WIL',1226),(2819,'Windsor and Maidenhead','WNM',1226),(2820,'Wirral','WRL',1226),(2821,'Wokingham','WOK',1226),(2822,'Wolverhampton','WLV',1226),(2823,'Worcestershire','WOR',1226),(2824,'Wrexham','WRX',1226),(2825,'York','YOR',1226),(2826,'Ashanti','AH',1083),(2827,'Brong-Ahafo','BA',1083),(2828,'Greater Accra','AA',1083),(2829,'Upper East','UE',1083),(2830,'Upper West','UW',1083),(2831,'Volta','TV',1083),(2832,'Banjul','B',1213),(2833,'Lower River','L',1213),(2834,'MacCarthy Island','M',1213),(2835,'North Bank','N',1213),(2836,'Upper River','U',1213),(2837,'Beyla','BE',1091),(2838,'Boffa','BF',1091),(2839,'Boke','BK',1091),(2840,'Coyah','CO',1091),(2841,'Dabola','DB',1091),(2842,'Dalaba','DL',1091),(2843,'Dinguiraye','DI',1091),(2844,'Dubreka','DU',1091),(2845,'Faranah','FA',1091),(2846,'Forecariah','FO',1091),(2847,'Fria','FR',1091),(2848,'Gaoual','GA',1091),(2849,'Guekedou','GU',1091),(2850,'Kankan','KA',1091),(2851,'Kerouane','KE',1091),(2852,'Kindia','KD',1091),(2853,'Kissidougou','KS',1091),(2854,'Koubia','KB',1091),(2855,'Koundara','KN',1091),(2856,'Kouroussa','KO',1091),(2857,'Labe','LA',1091),(2858,'Lelouma','LE',1091),(2859,'Lola','LO',1091),(2860,'Macenta','MC',1091),(2861,'Mali','ML',1091),(2862,'Mamou','MM',1091),(2863,'Mandiana','MD',1091),(2864,'Nzerekore','NZ',1091),(2865,'Pita','PI',1091),(2866,'Siguiri','SI',1091),(2867,'Telimele','TE',1091),(2868,'Tougue','TO',1091),(2869,'Yomou','YO',1091),(2870,'Region Continental','C',1067),(2871,'Region Insular','I',1067),(2872,'Annobon','AN',1067),(2873,'Bioko Norte','BN',1067),(2874,'Bioko Sur','BS',1067),(2875,'Centro Sur','CS',1067),(2876,'Kie-Ntem','KN',1067),(2877,'Litoral','LI',1067),(2878,'Wele-Nzas','WN',1067),(2879,'Achaa','13',1085),(2880,'Aitolia-Akarnania','01',1085),(2881,'Argolis','11',1085),(2882,'Arkadia','12',1085),(2883,'Arta','31',1085),(2884,'Attiki','A1',1085),(2885,'Chalkidiki','64',1085),(2886,'Chania','94',1085),(2887,'Chios','85',1085),(2888,'Dodekanisos','81',1085),(2889,'Drama','52',1085),(2890,'Evros','71',1085),(2891,'Evrytania','05',1085),(2892,'Evvoia','04',1085),(2893,'Florina','63',1085),(2894,'Fokis','07',1085),(2895,'Fthiotis','06',1085),(2896,'Grevena','51',1085),(2897,'Ileia','14',1085),(2898,'Imathia','53',1085),(2899,'Ioannina','33',1085),(2900,'Irakleion','91',1085),(2901,'Karditsa','41',1085),(2902,'Kastoria','56',1085),(2903,'Kavalla','55',1085),(2904,'Kefallinia','23',1085),(2905,'Kerkyra','22',1085),(2906,'Kilkis','57',1085),(2907,'Korinthia','15',1085),(2908,'Kozani','58',1085),(2909,'Kyklades','82',1085),(2910,'Lakonia','16',1085),(2911,'Larisa','42',1085),(2912,'Lasithion','92',1085),(2913,'Lefkas','24',1085),(2914,'Lesvos','83',1085),(2915,'Magnisia','43',1085),(2916,'Messinia','17',1085),(2917,'Pella','59',1085),(2918,'Preveza','34',1085),(2919,'Rethymnon','93',1085),(2920,'Rodopi','73',1085),(2921,'Samos','84',1085),(2922,'Serrai','62',1085),(2923,'Thesprotia','32',1085),(2924,'Thessaloniki','54',1085),(2925,'Trikala','44',1085),(2926,'Voiotia','03',1085),(2927,'Xanthi','72',1085),(2928,'Zakynthos','21',1085),(2929,'Agio Oros','69',1085),(2930,'Alta Verapez','AV',1090),(2931,'Baja Verapez','BV',1090),(2932,'Chimaltenango','CM',1090),(2933,'Chiquimula','CQ',1090),(2934,'El Progreso','PR',1090),(2935,'Escuintla','ES',1090),(2936,'Guatemala','GU',1090),(2937,'Huehuetenango','HU',1090),(2938,'Izabal','IZ',1090),(2939,'Jalapa','JA',1090),(2940,'Jutiapa','JU',1090),(2941,'Peten','PE',1090),(2942,'Quetzaltenango','QZ',1090),(2943,'Quiche','QC',1090),(2944,'Reta.thuleu','RE',1090),(2945,'Sacatepequez','SA',1090),(2946,'San Marcos','SM',1090),(2947,'Santa Rosa','SR',1090),(2948,'Solol6','SO',1090),(2949,'Suchitepequez','SU',1090),(2950,'Totonicapan','TO',1090),(2951,'Zacapa','ZA',1090),(2952,'Bissau','BS',1092),(2953,'Bafata','BA',1092),(2954,'Biombo','BM',1092),(2955,'Bolama','BL',1092),(2956,'Cacheu','CA',1092),(2957,'Gabu','GA',1092),(2958,'Oio','OI',1092),(2959,'Quloara','QU',1092),(2960,'Tombali S','TO',1092),(2961,'Barima-Waini','BA',1093),(2962,'Cuyuni-Mazaruni','CU',1093),(2963,'Demerara-Mahaica','DE',1093),(2964,'East Berbice-Corentyne','EB',1093),(2965,'Essequibo Islands-West Demerara','ES',1093),(2966,'Mahaica-Berbice','MA',1093),(2967,'Pomeroon-Supenaam','PM',1093),(2968,'Potaro-Siparuni','PT',1093),(2969,'Upper Demerara-Berbice','UD',1093),(2970,'Upper Takutu-Upper Essequibo','UT',1093),(2971,'Atlantida','AT',1097),(2972,'Colon','CL',1097),(2973,'Comayagua','CM',1097),(2974,'Copan','CP',1097),(2975,'Cortes','CR',1097),(2976,'Choluteca','CH',1097),(2977,'El Paraiso','EP',1097),(2978,'Francisco Morazan','FM',1097),(2979,'Gracias a Dios','GD',1097),(2980,'Intibuca','IN',1097),(2981,'Islas de la Bahia','IB',1097),(2982,'Lempira','LE',1097),(2983,'Ocotepeque','OC',1097),(2984,'Olancho','OL',1097),(2985,'Santa Barbara','SB',1097),(2986,'Valle','VA',1097),(2987,'Yoro','YO',1097),(2988,'Bjelovarsko-bilogorska zupanija','07',1055),(2989,'Brodsko-posavska zupanija','12',1055),(2990,'Dubrovacko-neretvanska zupanija','19',1055),(2991,'Istarska zupanija','18',1055),(2992,'Karlovacka zupanija','04',1055),(2993,'Koprivnickco-krizevacka zupanija','06',1055),(2994,'Krapinako-zagorska zupanija','02',1055),(2995,'Licko-senjska zupanija','09',1055),(2996,'Medimurska zupanija','20',1055),(2997,'Osjecko-baranjska zupanija','14',1055),(2998,'Pozesko-slavonska zupanija','11',1055),(2999,'Primorsko-goranska zupanija','08',1055),(3000,'Sisacko-moelavacka Iupanija','03',1055),(3001,'Splitako-dalmatinska zupanija','17',1055),(3002,'Sibenako-kninska zupanija','15',1055),(3003,'Varaidinska zupanija','05',1055),(3004,'VirovitiEko-podravska zupanija','10',1055),(3005,'VuRovarako-srijemska zupanija','16',1055),(3006,'Zadaraka','13',1055),(3007,'Zagrebacka zupanija','01',1055),(3008,'Grande-Anse','GA',1094),(3009,'Nord-Eat','NE',1094),(3010,'Nord-Ouest','NO',1094),(3011,'Ouest','OU',1094),(3012,'Sud','SD',1094),(3013,'Sud-Est','SE',1094),(3014,'Budapest','BU',1099),(3015,'Bcs-Kiskun','BK',1099),(3016,'Baranya','BA',1099),(3017,'Bks','BE',1099),(3018,'Borsod-Abaj-Zempln','BZ',1099),(3019,'Csongrd','CS',1099),(3020,'Fejr','FE',1099),(3021,'Gyr-Moson-Sopron','GS',1099),(3022,'Hajdu-Bihar','HB',1099),(3023,'Heves','HE',1099),(3024,'Jsz-Nagykun-Szolnok','JN',1099),(3025,'Komrom-Esztergom','KE',1099),(3026,'Nogrd','NO',1099),(3027,'Pest','PE',1099),(3028,'Somogy','SO',1099),(3029,'Szabolcs-Szatmr-Bereg','SZ',1099),(3030,'Tolna','TO',1099),(3031,'Vas','VA',1099),(3032,'Veszprm','VE',1099),(3033,'Zala','ZA',1099),(3034,'Bkscsaba','BC',1099),(3035,'Debrecen','DE',1099),(3036,'Dunajvros','DU',1099),(3037,'Eger','EG',1099),(3038,'Gyr','GY',1099),(3039,'Hdmezvsrhely','HV',1099),(3040,'Kaposvr','KV',1099),(3041,'Kecskemt','KM',1099),(3042,'Miskolc','MI',1099),(3043,'Nagykanizsa','NK',1099),(3044,'Nyiregyhza','NY',1099),(3045,'Pcs','PS',1099),(3046,'Salgtarjn','ST',1099),(3047,'Sopron','SN',1099),(3048,'Szeged','SD',1099),(3049,'Szkesfehrvr','SF',1099),(3050,'Szekszrd','SS',1099),(3051,'Szolnok','SK',1099),(3052,'Szombathely','SH',1099),(3053,'Tatabnya','TB',1099),(3054,'Zalaegerszeg','ZE',1099),(3055,'Bali','BA',1102),(3056,'Bangka Belitung','BB',1102),(3057,'Banten','BT',1102),(3058,'Bengkulu','BE',1102),(3059,'Gorontalo','GO',1102),(3060,'Irian Jaya','IJ',1102),(3061,'Jambi','JA',1102),(3062,'Jawa Barat','JB',1102),(3063,'Jawa Tengah','JT',1102),(3064,'Jawa Timur','JI',1102),(3065,'Kalimantan Barat','KB',1102),(3066,'Kalimantan Timur','KT',1102),(3067,'Kalimantan Selatan','KS',1102),(3068,'Kepulauan Riau','KR',1102),(3069,'Lampung','LA',1102),(3070,'Maluku','MA',1102),(3071,'Maluku Utara','MU',1102),(3072,'Nusa Tenggara Barat','NB',1102),(3073,'Nusa Tenggara Timur','NT',1102),(3074,'Papua','PA',1102),(3075,'Riau','RI',1102),(3076,'Sulawesi Selatan','SN',1102),(3077,'Sulawesi Tengah','ST',1102),(3078,'Sulawesi Tenggara','SG',1102),(3079,'Sulawesi Utara','SA',1102),(3080,'Sumatra Barat','SB',1102),(3081,'Sumatra Selatan','SS',1102),(3082,'Sumatera Utara','SU',1102),(3083,'Jakarta Raya','JK',1102),(3084,'Aceh','AC',1102),(3085,'Yogyakarta','YO',1102),(3086,'Cork','C',1105),(3087,'Clare','CE',1105),(3088,'Cavan','CN',1105),(3089,'Carlow','CW',1105),(3090,'Dublin','D',1105),(3091,'Donegal','DL',1105),(3092,'Galway','G',1105),(3093,'Kildare','KE',1105),(3094,'Kilkenny','KK',1105),(3095,'Kerry','KY',1105),(3096,'Longford','LD',1105),(3097,'Louth','LH',1105),(3098,'Limerick','LK',1105),(3099,'Leitrim','LM',1105),(3100,'Laois','LS',1105),(3101,'Meath','MH',1105),(3102,'Monaghan','MN',1105),(3103,'Mayo','MO',1105),(3104,'Offaly','OY',1105),(3105,'Roscommon','RN',1105),(3106,'Sligo','SO',1105),(3107,'Tipperary','TA',1105),(3108,'Waterford','WD',1105),(3109,'Westmeath','WH',1105),(3110,'Wicklow','WW',1105),(3111,'Wexford','WX',1105),(3112,'HaDarom','D',1106),(3113,'HaMerkaz','M',1106),(3114,'HaZafon','Z',1106),(3115,'Hefa','HA',1106),(3116,'Tel-Aviv','TA',1106),(3117,'Yerushalayim Al Quds','JM',1106),(3118,'Al Anbar','AN',1104),(3119,'Al Ba,rah','BA',1104),(3120,'Al Muthanna','MU',1104),(3121,'Al Qadisiyah','QA',1104),(3122,'An Najef','NA',1104),(3123,'Arbil','AR',1104),(3124,'As Sulaymaniyah','SW',1104),(3125,'At Ta\'mim','TS',1104),(3126,'Babil','BB',1104),(3127,'Baghdad','BG',1104),(3128,'Dahuk','DA',1104),(3129,'Dhi Qar','DQ',1104),(3130,'Diyala','DI',1104),(3131,'Karbala\'','KA',1104),(3132,'Maysan','MA',1104),(3133,'Ninawa','NI',1104),(3134,'Salah ad Din','SD',1104),(3135,'Wasit','WA',1104),(3136,'Ardabil','03',1103),(3137,'Azarbayjan-e Gharbi','02',1103),(3138,'Azarbayjan-e Sharqi','01',1103),(3139,'Bushehr','06',1103),(3140,'Chahar Mahall va Bakhtiari','08',1103),(3141,'Esfahan','04',1103),(3142,'Fars','14',1103),(3143,'Gilan','19',1103),(3144,'Golestan','27',1103),(3145,'Hamadan','24',1103),(3146,'Hormozgan','23',1103),(3147,'Iiam','05',1103),(3148,'Kerman','15',1103),(3149,'Kermanshah','17',1103),(3150,'Khorasan','09',1103),(3151,'Khuzestan','10',1103),(3152,'Kohjiluyeh va Buyer Ahmad','18',1103),(3153,'Kordestan','16',1103),(3154,'Lorestan','20',1103),(3155,'Markazi','22',1103),(3156,'Mazandaran','21',1103),(3157,'Qazvin','28',1103),(3158,'Qom','26',1103),(3159,'Semnan','12',1103),(3160,'Sistan va Baluchestan','13',1103),(3161,'Tehran','07',1103),(3162,'Yazd','25',1103),(3163,'Zanjan','11',1103),(3164,'Austurland','7',1100),(3165,'Hofuoborgarsvaeoi utan Reykjavikur','1',1100),(3166,'Norourland eystra','6',1100),(3167,'Norourland vestra','5',1100),(3168,'Reykjavik','0',1100),(3169,'Suourland','8',1100),(3170,'Suournes','2',1100),(3171,'Vestfirolr','4',1100),(3172,'Vesturland','3',1100),(3173,'Agrigento','AG',1107),(3174,'Alessandria','AL',1107),(3175,'Ancona','AN',1107),(3176,'Aosta','AO',1107),(3177,'Arezzo','AR',1107),(3178,'Ascoli Piceno','AP',1107),(3179,'Asti','AT',1107),(3180,'Avellino','AV',1107),(3181,'Bari','BA',1107),(3182,'Belluno','BL',1107),(3183,'Benevento','BN',1107),(3184,'Bergamo','BG',1107),(3185,'Biella','BI',1107),(3186,'Bologna','BO',1107),(3187,'Bolzano','BZ',1107),(3188,'Brescia','BS',1107),(3189,'Brindisi','BR',1107),(3190,'Cagliari','CA',1107),(3191,'Caltanissetta','CL',1107),(3192,'Campobasso','CB',1107),(3193,'Caserta','CE',1107),(3194,'Catania','CT',1107),(3195,'Catanzaro','CZ',1107),(3196,'Chieti','CH',1107),(3197,'Como','CO',1107),(3198,'Cosenza','CS',1107),(3199,'Cremona','CR',1107),(3200,'Crotone','KR',1107),(3201,'Cuneo','CN',1107),(3202,'Enna','EN',1107),(3203,'Ferrara','FE',1107),(3204,'Firenze','FI',1107),(3205,'Foggia','FG',1107),(3206,'Forl-Cesena','FC',1107),(3207,'Frosinone','FR',1107),(3208,'Genova','GE',1107),(3209,'Gorizia','GO',1107),(3210,'Grosseto','GR',1107),(3211,'Imperia','IM',1107),(3212,'Isernia','IS',1107),(3213,'L\'Aquila','AQ',1107),(3214,'La Spezia','SP',1107),(3215,'Latina','LT',1107),(3216,'Lecce','LE',1107),(3217,'Lecco','LC',1107),(3218,'Livorno','LI',1107),(3219,'Lodi','LO',1107),(3220,'Lucca','LU',1107),(3221,'Macerata','MC',1107),(3222,'Mantova','MN',1107),(3223,'Massa-Carrara','MS',1107),(3224,'Matera','MT',1107),(3225,'Messina','ME',1107),(3226,'Milano','MI',1107),(3227,'Modena','MO',1107),(3228,'Napoli','NA',1107),(3229,'Novara','NO',1107),(3230,'Nuoro','NU',1107),(3231,'Oristano','OR',1107),(3232,'Padova','PD',1107),(3233,'Palermo','PA',1107),(3234,'Parma','PR',1107),(3235,'Pavia','PV',1107),(3236,'Perugia','PG',1107),(3237,'Pesaro e Urbino','PU',1107),(3238,'Pescara','PE',1107),(3239,'Piacenza','PC',1107),(3240,'Pisa','PI',1107),(3241,'Pistoia','PT',1107),(3242,'Pordenone','PN',1107),(3243,'Potenza','PZ',1107),(3244,'Prato','PO',1107),(3245,'Ragusa','RG',1107),(3246,'Ravenna','RA',1107),(3247,'Reggio Calabria','RC',1107),(3248,'Reggio Emilia','RE',1107),(3249,'Rieti','RI',1107),(3250,'Rimini','RN',1107),(3251,'Roma','RM',1107),(3252,'Rovigo','RO',1107),(3253,'Salerno','SA',1107),(3254,'Sassari','SS',1107),(3255,'Savona','SV',1107),(3256,'Siena','SI',1107),(3257,'Siracusa','SR',1107),(3258,'Sondrio','SO',1107),(3259,'Taranto','TA',1107),(3260,'Teramo','TE',1107),(3261,'Terni','TR',1107),(3262,'Torino','TO',1107),(3263,'Trapani','TP',1107),(3264,'Trento','TN',1107),(3265,'Treviso','TV',1107),(3266,'Trieste','TS',1107),(3267,'Udine','UD',1107),(3268,'Varese','VA',1107),(3269,'Venezia','VE',1107),(3270,'Verbano-Cusio-Ossola','VB',1107),(3271,'Vercelli','VC',1107),(3272,'Verona','VR',1107),(3273,'Vibo Valentia','VV',1107),(3274,'Vicenza','VI',1107),(3275,'Viterbo','VT',1107),(3276,'Aichi','23',1109),(3277,'Akita','05',1109),(3278,'Aomori','02',1109),(3279,'Chiba','12',1109),(3280,'Ehime','38',1109),(3281,'Fukui','18',1109),(3282,'Fukuoka','40',1109),(3283,'Fukusima','07',1109),(3284,'Gifu','21',1109),(3285,'Gunma','10',1109),(3286,'Hiroshima','34',1109),(3287,'Hokkaido','01',1109),(3288,'Hyogo','28',1109),(3289,'Ibaraki','08',1109),(3290,'Ishikawa','17',1109),(3291,'Iwate','03',1109),(3292,'Kagawa','37',1109),(3293,'Kagoshima','46',1109),(3294,'Kanagawa','14',1109),(3295,'Kochi','39',1109),(3296,'Kumamoto','43',1109),(3297,'Kyoto','26',1109),(3298,'Mie','24',1109),(3299,'Miyagi','04',1109),(3300,'Miyazaki','45',1109),(3301,'Nagano','20',1109),(3302,'Nagasaki','42',1109),(3303,'Nara','29',1109),(3304,'Niigata','15',1109),(3305,'Oita','44',1109),(3306,'Okayama','33',1109),(3307,'Okinawa','47',1109),(3308,'Osaka','27',1109),(3309,'Saga','41',1109),(3310,'Saitama','11',1109),(3311,'Shiga','25',1109),(3312,'Shimane','32',1109),(3313,'Shizuoka','22',1109),(3314,'Tochigi','09',1109),(3315,'Tokushima','36',1109),(3316,'Tokyo','13',1109),(3317,'Tottori','31',1109),(3318,'Toyama','16',1109),(3319,'Wakayama','30',1109),(3320,'Yamagata','06',1109),(3321,'Yamaguchi','35',1109),(3322,'Yamanashi','19',1109),(3323,'Clarendon','CN',1108),(3324,'Hanover','HR',1108),(3325,'Kingston','KN',1108),(3326,'Portland','PD',1108),(3327,'Saint Andrew','AW',1108),(3328,'Saint Ann','AN',1108),(3329,'Saint Catherine','CE',1108),(3330,'Saint Elizabeth','EH',1108),(3331,'Saint James','JS',1108),(3332,'Saint Mary','MY',1108),(3333,'Saint Thomas','TS',1108),(3334,'Trelawny','TY',1108),(3335,'Westmoreland','WD',1108),(3336,'Ajln','AJ',1110),(3337,'Al \'Aqaba','AQ',1110),(3338,'Al Balqa\'','BA',1110),(3339,'Al Karak','KA',1110),(3340,'Al Mafraq','MA',1110),(3341,'Amman','AM',1110),(3342,'At Tafilah','AT',1110),(3343,'Az Zarga','AZ',1110),(3344,'Irbid','JR',1110),(3345,'Jarash','JA',1110),(3346,'Ma\'an','MN',1110),(3347,'Madaba','MD',1110),(3348,'Nairobi Municipality','110',1112),(3349,'Coast','300',1112),(3350,'North-Eastern Kaskazini Mashariki','500',1112),(3351,'Rift Valley','700',1112),(3352,'Western Magharibi','900',1112),(3353,'Bishkek','GB',1117),(3354,'Batken','B',1117),(3355,'Chu','C',1117),(3356,'Jalal-Abad','J',1117),(3357,'Naryn','N',1117),(3358,'Osh','O',1117),(3359,'Talas','T',1117),(3360,'Ysyk-Kol','Y',1117),(3361,'Krong Kaeb','23',1037),(3362,'Krong Pailin','24',1037),(3363,'Xrong Preah Sihanouk','18',1037),(3364,'Phnom Penh','12',1037),(3365,'Baat Dambang','2',1037),(3366,'Banteay Mean Chey','1',1037),(3367,'Rampong Chaam','3',1037),(3368,'Kampong Chhnang','4',1037),(3369,'Kampong Spueu','5',1037),(3370,'Kampong Thum','6',1037),(3371,'Kampot','7',1037),(3372,'Kandaal','8',1037),(3373,'Kach Kong','9',1037),(3374,'Krachoh','10',1037),(3375,'Mondol Kiri','11',1037),(3376,'Otdar Mean Chey','22',1037),(3377,'Pousaat','15',1037),(3378,'Preah Vihear','13',1037),(3379,'Prey Veaeng','14',1037),(3380,'Rotanak Kiri','16',1037),(3381,'Siem Reab','17',1037),(3382,'Stueng Traeng','19',1037),(3383,'Svaay Rieng','20',1037),(3384,'Taakaev','21',1037),(3385,'Gilbert Islands','G',1113),(3386,'Line Islands','L',1113),(3387,'Phoenix Islands','P',1113),(3388,'Anjouan Ndzouani','A',1049),(3389,'Grande Comore Ngazidja','G',1049),(3390,'Moheli Moili','M',1049),(3391,'Kaesong-si','KAE',1114),(3392,'Nampo-si','NAM',1114),(3393,'Pyongyang-ai','PYO',1114),(3394,'Chagang-do','CHA',1114),(3395,'Hamgyongbuk-do','HAB',1114),(3396,'Hamgyongnam-do','HAN',1114),(3397,'Hwanghaebuk-do','HWB',1114),(3398,'Hwanghaenam-do','HWN',1114),(3399,'Kangwon-do','KAN',1114),(3400,'Pyonganbuk-do','PYB',1114),(3401,'Pyongannam-do','PYN',1114),(3402,'Yanggang-do','YAN',1114),(3403,'Najin Sonbong-si','NAJ',1114),(3404,'Seoul Teugbyeolsi','11',1115),(3405,'Busan Gwang\'yeogsi','26',1115),(3406,'Daegu Gwang\'yeogsi','27',1115),(3407,'Daejeon Gwang\'yeogsi','30',1115),(3408,'Gwangju Gwang\'yeogsi','29',1115),(3409,'Incheon Gwang\'yeogsi','28',1115),(3410,'Ulsan Gwang\'yeogsi','31',1115),(3411,'Chungcheongbugdo','43',1115),(3412,'Chungcheongnamdo','44',1115),(3413,'Gang\'weondo','42',1115),(3414,'Gyeonggido','41',1115),(3415,'Gyeongsangbugdo','47',1115),(3416,'Gyeongsangnamdo','48',1115),(3417,'Jejudo','49',1115),(3418,'Jeonrabugdo','45',1115),(3419,'Jeonranamdo','46',1115),(3420,'Al Ahmadi','AH',1116),(3421,'Al Farwanlyah','FA',1116),(3422,'Al Jahrah','JA',1116),(3423,'Al Kuwayt','KU',1116),(3424,'Hawalli','HA',1116),(3425,'Almaty','ALA',1111),(3426,'Astana','AST',1111),(3427,'Almaty oblysy','ALM',1111),(3428,'Aqmola oblysy','AKM',1111),(3429,'Aqtobe oblysy','AKT',1111),(3430,'Atyrau oblyfiy','ATY',1111),(3431,'Batys Quzaqstan oblysy','ZAP',1111),(3432,'Mangghystau oblysy','MAN',1111),(3433,'Ongtustik Quzaqstan oblysy','YUZ',1111),(3434,'Pavlodar oblysy','PAV',1111),(3435,'Qaraghandy oblysy','KAR',1111),(3436,'Qostanay oblysy','KUS',1111),(3437,'Qyzylorda oblysy','KZY',1111),(3438,'Shyghys Quzaqstan oblysy','VOS',1111),(3439,'Soltustik Quzaqstan oblysy','SEV',1111),(3440,'Zhambyl oblysy Zhambylskaya oblast\'','ZHA',1111),(3441,'Vientiane','VT',1118),(3442,'Attapu','AT',1118),(3443,'Bokeo','BK',1118),(3444,'Bolikhamxai','BL',1118),(3445,'Champasak','CH',1118),(3446,'Houaphan','HO',1118),(3447,'Khammouan','KH',1118),(3448,'Louang Namtha','LM',1118),(3449,'Louangphabang','LP',1118),(3450,'Oudomxai','OU',1118),(3451,'Phongsali','PH',1118),(3452,'Salavan','SL',1118),(3453,'Savannakhet','SV',1118),(3454,'Xaignabouli','XA',1118),(3455,'Xiasomboun','XN',1118),(3456,'Xekong','XE',1118),(3457,'Xiangkhoang','XI',1118),(3458,'Beirout','BA',1120),(3459,'El Begsa','BI',1120),(3460,'Jabal Loubnane','JL',1120),(3461,'Loubnane ech Chemali','AS',1120),(3462,'Loubnane ej Jnoubi','JA',1120),(3463,'Nabatiye','NA',1120),(3464,'Ampara','52',1199),(3465,'Anuradhapura','71',1199),(3466,'Badulla','81',1199),(3467,'Batticaloa','51',1199),(3468,'Colombo','11',1199),(3469,'Galle','31',1199),(3470,'Gampaha','12',1199),(3471,'Hambantota','33',1199),(3472,'Jaffna','41',1199),(3473,'Kalutara','13',1199),(3474,'Kandy','21',1199),(3475,'Kegalla','92',1199),(3476,'Kilinochchi','42',1199),(3477,'Kurunegala','61',1199),(3478,'Mannar','43',1199),(3479,'Matale','22',1199),(3480,'Matara','32',1199),(3481,'Monaragala','82',1199),(3482,'Mullaittivu','45',1199),(3483,'Nuwara Eliya','23',1199),(3484,'Polonnaruwa','72',1199),(3485,'Puttalum','62',1199),(3486,'Ratnapura','91',1199),(3487,'Trincomalee','53',1199),(3488,'VavunLya','44',1199),(3489,'Bomi','BM',1122),(3490,'Bong','BG',1122),(3491,'Grand Basaa','GB',1122),(3492,'Grand Cape Mount','CM',1122),(3493,'Grand Gedeh','GG',1122),(3494,'Grand Kru','GK',1122),(3495,'Lofa','LO',1122),(3496,'Margibi','MG',1122),(3497,'Maryland','MY',1122),(3498,'Montserrado','MO',1122),(3499,'Nimba','NI',1122),(3500,'Rivercess','RI',1122),(3501,'Sinoe','SI',1122),(3502,'Berea','D',1121),(3503,'Butha-Buthe','B',1121),(3504,'Leribe','C',1121),(3505,'Mafeteng','E',1121),(3506,'Maseru','A',1121),(3507,'Mohale\'s Hoek','F',1121),(3508,'Mokhotlong','J',1121),(3509,'Qacha\'s Nek','H',1121),(3510,'Quthing','G',1121),(3511,'Thaba-Tseka','K',1121),(3512,'Alytaus Apskritis','AL',1125),(3513,'Kauno Apskritis','KU',1125),(3514,'Klaipedos Apskritis','KL',1125),(3515,'Marijampoles Apskritis','MR',1125),(3516,'Panevezio Apskritis','PN',1125),(3517,'Sisuliu Apskritis','SA',1125),(3518,'Taurages Apskritis','TA',1125),(3519,'Telsiu Apskritis','TE',1125),(3520,'Utenos Apskritis','UT',1125),(3521,'Vilniaus Apskritis','VL',1125),(3522,'Diekirch','D',1126),(3523,'GreveNmacher','G',1126),(3524,'Aizkraukles Apripkis','AI',1119),(3525,'Alkanes Apripkis','AL',1119),(3526,'Balvu Apripkis','BL',1119),(3527,'Bauskas Apripkis','BU',1119),(3528,'Cesu Aprikis','CE',1119),(3529,'Daugavpile Apripkis','DA',1119),(3530,'Dobeles Apripkis','DO',1119),(3531,'Gulbenes Aprlpkis','GU',1119),(3532,'Jelgavas Apripkis','JL',1119),(3533,'Jekabpils Apripkis','JK',1119),(3534,'Kraslavas Apripkis','KR',1119),(3535,'Kuldlgas Apripkis','KU',1119),(3536,'Limbazu Apripkis','LM',1119),(3537,'Liepajas Apripkis','LE',1119),(3538,'Ludzas Apripkis','LU',1119),(3539,'Madonas Apripkis','MA',1119),(3540,'Ogres Apripkis','OG',1119),(3541,'Preilu Apripkis','PR',1119),(3542,'Rezaknes Apripkis','RE',1119),(3543,'Rigas Apripkis','RI',1119),(3544,'Saldus Apripkis','SA',1119),(3545,'Talsu Apripkis','TA',1119),(3546,'Tukuma Apriplcis','TU',1119),(3547,'Valkas Apripkis','VK',1119),(3548,'Valmieras Apripkis','VM',1119),(3549,'Ventspils Apripkis','VE',1119),(3550,'Daugavpils','DGV',1119),(3551,'Jelgava','JEL',1119),(3552,'Jurmala','JUR',1119),(3553,'Liepaja','LPX',1119),(3554,'Rezekne','REZ',1119),(3555,'Riga','RIX',1119),(3556,'Ventspils','VEN',1119),(3557,'Ajdbiy','AJ',1123),(3558,'Al Bunn','BU',1123),(3559,'Al Hizm al Akhdar','HZ',1123),(3560,'Al Jabal al Akhdar','JA',1123),(3561,'Al Jifrah','JI',1123),(3562,'Al Jufrah','JU',1123),(3563,'Al Kufrah','KF',1123),(3564,'Al Marj','MJ',1123),(3565,'Al Marqab','MB',1123),(3566,'Al Qarn','QT',1123),(3567,'Al Qubbah','QB',1123),(3568,'Al Whah','WA',1123),(3569,'An Nuqa al Khams','NQ',1123),(3570,'Ash Shi\'','SH',1123),(3571,'Az Zwiyah','ZA',1123),(3572,'Banghz','BA',1123),(3573,'Ban Wald','BW',1123),(3574,'Darnah','DR',1123),(3575,'Ghadmis','GD',1123),(3576,'Gharyn','GR',1123),(3577,'Ght','GT',1123),(3578,'Jaghbb','JB',1123),(3579,'Mirtah','MI',1123),(3580,'Mizdah','MZ',1123),(3581,'Murzuq','MQ',1123),(3582,'Nlt','NL',1123),(3583,'Sabh','SB',1123),(3584,'abrtah urmn','SS',1123),(3585,'Surt','SR',1123),(3586,'Tjr\' wa an Nawh al Arbh','TN',1123),(3587,'arbulus','TB',1123),(3588,'Tarhnah-Masalltah','TM',1123),(3589,'Wd al hayt','WD',1123),(3590,'Yafran-Jd','YJ',1123),(3591,'Agadir','AGD',1146),(3592,'At Baha','BAH',1146),(3593,'At Melloul','MEL',1146),(3594,'Al Haouz','HAO',1146),(3595,'Al Hocema','HOC',1146),(3596,'Assa-Zag','ASZ',1146),(3597,'Azilal','AZI',1146),(3598,'Beni Mellal','BEM',1146),(3599,'Ben Sllmane','BES',1146),(3600,'Berkane','BER',1146),(3601,'Boujdour','BOD',1146),(3602,'Boulemane','BOM',1146),(3603,'Casablanca  [Dar el Beda]','CAS',1146),(3604,'Chefchaouene','CHE',1146),(3605,'Chichaoua','CHI',1146),(3606,'El Hajeb','HAJ',1146),(3607,'El Jadida','JDI',1146),(3608,'Errachidia','ERR',1146),(3609,'Essaouira','ESI',1146),(3610,'Es Smara','ESM',1146),(3611,'Fs','FES',1146),(3612,'Figuig','FIG',1146),(3613,'Guelmim','GUE',1146),(3614,'Ifrane','IFR',1146),(3615,'Jerada','JRA',1146),(3616,'Kelaat Sraghna','KES',1146),(3617,'Knitra','KEN',1146),(3618,'Khemisaet','KHE',1146),(3619,'Khenifra','KHN',1146),(3620,'Khouribga','KHO',1146),(3621,'Layoune (EH)','LAA',1146),(3622,'Larache','LAP',1146),(3623,'Marrakech','MAR',1146),(3624,'Meknss','MEK',1146),(3625,'Nador','NAD',1146),(3626,'Ouarzazate','OUA',1146),(3627,'Oued ed Dahab (EH)','OUD',1146),(3628,'Oujda','OUJ',1146),(3629,'Rabat-Sal','RBA',1146),(3630,'Safi','SAF',1146),(3631,'Sefrou','SEF',1146),(3632,'Settat','SET',1146),(3633,'Sidl Kacem','SIK',1146),(3634,'Tanger','TNG',1146),(3635,'Tan-Tan','TNT',1146),(3636,'Taounate','TAO',1146),(3637,'Taroudannt','TAR',1146),(3638,'Tata','TAT',1146),(3639,'Taza','TAZ',1146),(3640,'Ttouan','TET',1146),(3641,'Tiznit','TIZ',1146),(3642,'Gagauzia, Unitate Teritoriala Autonoma','GA',1142),(3643,'Chisinau','CU',1142),(3644,'Stinga Nistrului, unitatea teritoriala din','SN',1142),(3645,'Balti','BA',1142),(3646,'Cahul','CA',1142),(3647,'Edinet','ED',1142),(3648,'Lapusna','LA',1142),(3649,'Orhei','OR',1142),(3650,'Soroca','SO',1142),(3651,'Taraclia','TA',1142),(3652,'Tighina [Bender]','TI',1142),(3653,'Ungheni','UN',1142),(3654,'Antananarivo','T',1129),(3655,'Antsiranana','D',1129),(3656,'Fianarantsoa','F',1129),(3657,'Mahajanga','M',1129),(3658,'Toamasina','A',1129),(3659,'Toliara','U',1129),(3660,'Ailinglapalap','ALL',1135),(3661,'Ailuk','ALK',1135),(3662,'Arno','ARN',1135),(3663,'Aur','AUR',1135),(3664,'Ebon','EBO',1135),(3665,'Eniwetok','ENI',1135),(3666,'Jaluit','JAL',1135),(3667,'Kili','KIL',1135),(3668,'Kwajalein','KWA',1135),(3669,'Lae','LAE',1135),(3670,'Lib','LIB',1135),(3671,'Likiep','LIK',1135),(3672,'Majuro','MAJ',1135),(3673,'Maloelap','MAL',1135),(3674,'Mejit','MEJ',1135),(3675,'Mili','MIL',1135),(3676,'Namorik','NMK',1135),(3677,'Namu','NMU',1135),(3678,'Rongelap','RON',1135),(3679,'Ujae','UJA',1135),(3680,'Ujelang','UJL',1135),(3681,'Utirik','UTI',1135),(3682,'Wotho','WTN',1135),(3683,'Wotje','WTJ',1135),(3684,'Bamako','BK0',1133),(3685,'Gao','7',1133),(3686,'Kayes','1',1133),(3687,'Kidal','8',1133),(3688,'Xoulikoro','2',1133),(3689,'Mopti','5',1133),(3690,'S69ou','4',1133),(3691,'Sikasso','3',1133),(3692,'Tombouctou','6',1133),(3693,'Ayeyarwady','07',1035),(3694,'Bago','02',1035),(3695,'Magway','03',1035),(3696,'Mandalay','04',1035),(3697,'Sagaing','01',1035),(3698,'Tanintharyi','05',1035),(3699,'Yangon','06',1035),(3700,'Chin','14',1035),(3701,'Kachin','11',1035),(3702,'Kayah','12',1035),(3703,'Kayin','13',1035),(3704,'Mon','15',1035),(3705,'Rakhine','16',1035),(3706,'Shan','17',1035),(3707,'Ulanbaatar','1',1144),(3708,'Arhangay','073',1144),(3709,'Bayanhongor','069',1144),(3710,'Bayan-Olgiy','071',1144),(3711,'Bulgan','067',1144),(3712,'Darhan uul','037',1144),(3713,'Dornod','061',1144),(3714,'Dornogov,','063',1144),(3715,'DundgovL','059',1144),(3716,'Dzavhan','057',1144),(3717,'Govi-Altay','065',1144),(3718,'Govi-Smber','064',1144),(3719,'Hentiy','039',1144),(3720,'Hovd','043',1144),(3721,'Hovsgol','041',1144),(3722,'Omnogovi','053',1144),(3723,'Orhon','035',1144),(3724,'Ovorhangay','055',1144),(3725,'Selenge','049',1144),(3726,'Shbaatar','051',1144),(3727,'Tov','047',1144),(3728,'Uvs','046',1144),(3729,'Nouakchott','NKC',1137),(3730,'Assaba','03',1137),(3731,'Brakna','05',1137),(3732,'Dakhlet Nouadhibou','08',1137),(3733,'Gorgol','04',1137),(3734,'Guidimaka','10',1137),(3735,'Hodh ech Chargui','01',1137),(3736,'Hodh el Charbi','02',1137),(3737,'Inchiri','12',1137),(3738,'Tagant','09',1137),(3739,'Tiris Zemmour','11',1137),(3740,'Trarza','06',1137),(3741,'Beau Bassin-Rose Hill','BR',1138),(3742,'Curepipe','CU',1138),(3743,'Port Louis','PU',1138),(3744,'Quatre Bornes','QB',1138),(3745,'Vacosa-Phoenix','VP',1138),(3746,'Black River','BL',1138),(3747,'Flacq','FL',1138),(3748,'Grand Port','GP',1138),(3749,'Moka','MO',1138),(3750,'Pamplemousses','PA',1138),(3751,'Plaines Wilhems','PW',1138),(3752,'Riviere du Rempart','RP',1138),(3753,'Savanne','SA',1138),(3754,'Agalega Islands','AG',1138),(3755,'Cargados Carajos Shoals','CC',1138),(3756,'Rodrigues Island','RO',1138),(3757,'Male','MLE',1132),(3758,'Alif','02',1132),(3759,'Baa','20',1132),(3760,'Dhaalu','17',1132),(3761,'Faafu','14',1132),(3762,'Gaaf Alif','27',1132),(3763,'Gaefu Dhaalu','28',1132),(3764,'Gnaviyani','29',1132),(3765,'Haa Alif','07',1132),(3766,'Haa Dhaalu','23',1132),(3767,'Kaafu','26',1132),(3768,'Laamu','05',1132),(3769,'Lhaviyani','03',1132),(3770,'Meemu','12',1132),(3771,'Noonu','25',1132),(3772,'Raa','13',1132),(3773,'Seenu','01',1132),(3774,'Shaviyani','24',1132),(3775,'Thaa','08',1132),(3776,'Vaavu','04',1132),(3777,'Balaka','BA',1130),(3778,'Blantyre','BL',1130),(3779,'Chikwawa','CK',1130),(3780,'Chiradzulu','CR',1130),(3781,'Chitipa','CT',1130),(3782,'Dedza','DE',1130),(3783,'Dowa','DO',1130),(3784,'Karonga','KR',1130),(3785,'Kasungu','KS',1130),(3786,'Likoma Island','LK',1130),(3787,'Lilongwe','LI',1130),(3788,'Machinga','MH',1130),(3789,'Mangochi','MG',1130),(3790,'Mchinji','MC',1130),(3791,'Mulanje','MU',1130),(3792,'Mwanza','MW',1130),(3793,'Mzimba','MZ',1130),(3794,'Nkhata Bay','NB',1130),(3795,'Nkhotakota','NK',1130),(3796,'Nsanje','NS',1130),(3797,'Ntcheu','NU',1130),(3798,'Ntchisi','NI',1130),(3799,'Phalomba','PH',1130),(3800,'Rumphi','RU',1130),(3801,'Salima','SA',1130),(3802,'Thyolo','TH',1130),(3803,'Zomba','ZO',1130),(3804,'Aguascalientes','AGU',1140),(3805,'Baja California','BCN',1140),(3806,'Baja California Sur','BCS',1140),(3807,'Campeche','CAM',1140),(3808,'Coahu ila','COA',1140),(3809,'Col ima','COL',1140),(3810,'Chiapas','CHP',1140),(3811,'Chihushua','CHH',1140),(3812,'Durango','DUR',1140),(3813,'Guanajuato','GUA',1140),(3814,'Guerrero','GRO',1140),(3815,'Hidalgo','HID',1140),(3816,'Jalisco','JAL',1140),(3817,'Mexico','MEX',1140),(3818,'Michoacin','MIC',1140),(3819,'Morelos','MOR',1140),(3820,'Nayarit','NAY',1140),(3821,'Nuevo Leon','NLE',1140),(3822,'Oaxaca','OAX',1140),(3823,'Puebla','PUE',1140),(3824,'Queretaro','QUE',1140),(3825,'Quintana Roo','ROO',1140),(3826,'San Luis Potosi','SLP',1140),(3827,'Sinaloa','SIN',1140),(3828,'Sonora','SON',1140),(3829,'Tabasco','TAB',1140),(3830,'Tamaulipas','TAM',1140),(3831,'Tlaxcala','TLA',1140),(3832,'Veracruz','VER',1140),(3833,'Yucatan','YUC',1140),(3834,'Zacatecas','ZAC',1140),(3835,'Wilayah Persekutuan Kuala Lumpur','14',1131),(3836,'Wilayah Persekutuan Labuan','15',1131),(3837,'Wilayah Persekutuan Putrajaya','16',1131),(3838,'Johor','01',1131),(3839,'Kedah','02',1131),(3840,'Kelantan','03',1131),(3841,'Melaka','04',1131),(3842,'Negeri Sembilan','05',1131),(3843,'Pahang','06',1131),(3844,'Perak','08',1131),(3845,'Perlis','09',1131),(3846,'Pulau Pinang','07',1131),(3847,'Sabah','12',1131),(3848,'Sarawak','13',1131),(3849,'Selangor','10',1131),(3850,'Terengganu','11',1131),(3851,'Maputo','MPM',1147),(3852,'Cabo Delgado','P',1147),(3853,'Gaza','G',1147),(3854,'Inhambane','I',1147),(3855,'Manica','B',1147),(3856,'Numpula','N',1147),(3857,'Niaaea','A',1147),(3858,'Sofala','S',1147),(3859,'Tete','T',1147),(3860,'Zambezia','Q',1147),(3861,'Caprivi','CA',1148),(3862,'Erongo','ER',1148),(3863,'Hardap','HA',1148),(3864,'Karas','KA',1148),(3865,'Khomae','KH',1148),(3866,'Kunene','KU',1148),(3867,'Ohangwena','OW',1148),(3868,'Okavango','OK',1148),(3869,'Omaheke','OH',1148),(3870,'Omusati','OS',1148),(3871,'Oshana','ON',1148),(3872,'Oshikoto','OT',1148),(3873,'Otjozondjupa','OD',1148),(3874,'Niamey','8',1156),(3875,'Agadez','1',1156),(3876,'Diffa','2',1156),(3877,'Dosso','3',1156),(3878,'Maradi','4',1156),(3879,'Tahoua','S',1156),(3880,'Tillaberi','6',1156),(3881,'Zinder','7',1156),(3882,'Abuja Capital Territory','FC',1157),(3883,'Abia','AB',1157),(3884,'Adamawa','AD',1157),(3885,'Akwa Ibom','AK',1157),(3886,'Anambra','AN',1157),(3887,'Bauchi','BA',1157),(3888,'Bayelsa','BY',1157),(3889,'Benue','BE',1157),(3890,'Borno','BO',1157),(3891,'Cross River','CR',1157),(3892,'Delta','DE',1157),(3893,'Ebonyi','EB',1157),(3894,'Edo','ED',1157),(3895,'Ekiti','EK',1157),(3896,'Enugu','EN',1157),(3897,'Gombe','GO',1157),(3898,'Imo','IM',1157),(3899,'Jigawa','JI',1157),(3900,'Kaduna','KD',1157),(3901,'Kano','KN',1157),(3902,'Katsina','KT',1157),(3903,'Kebbi','KE',1157),(3904,'Kogi','KO',1157),(3905,'Kwara','KW',1157),(3906,'Lagos','LA',1157),(3907,'Nassarawa','NA',1157),(3908,'Niger','NI',1157),(3909,'Ogun','OG',1157),(3910,'Ondo','ON',1157),(3911,'Osun','OS',1157),(3912,'Oyo','OY',1157),(3913,'Rivers','RI',1157),(3914,'Sokoto','SO',1157),(3915,'Taraba','TA',1157),(3916,'Yobe','YO',1157),(3917,'Zamfara','ZA',1157),(3918,'Boaco','BO',1155),(3919,'Carazo','CA',1155),(3920,'Chinandega','CI',1155),(3921,'Chontales','CO',1155),(3922,'Esteli','ES',1155),(3923,'Jinotega','JI',1155),(3924,'Leon','LE',1155),(3925,'Madriz','MD',1155),(3926,'Managua','MN',1155),(3927,'Masaya','MS',1155),(3928,'Matagalpa','MT',1155),(3929,'Nueva Segovia','NS',1155),(3930,'Rio San Juan','SJ',1155),(3931,'Rivas','RI',1155),(3932,'Atlantico Norte','AN',1155),(3933,'Atlantico Sur','AS',1155),(3934,'Drente','DR',1152),(3935,'Flevoland','FL',1152),(3936,'Friesland','FR',1152),(3937,'Gelderland','GL',1152),(3938,'Groningen','GR',1152),(3939,'Noord-Brabant','NB',1152),(3940,'Noord-Holland','NH',1152),(3941,'Overijssel','OV',1152),(3942,'Utrecht','UT',1152),(3943,'Zuid-Holland','ZH',1152),(3944,'Zeeland','ZL',1152),(3945,'Akershus','02',1161),(3946,'Aust-Agder','09',1161),(3947,'Buskerud','06',1161),(3948,'Finumark','20',1161),(3949,'Hedmark','04',1161),(3950,'Hordaland','12',1161),(3951,'Mire og Romsdal','15',1161),(3952,'Nordland','18',1161),(3953,'Nord-Trindelag','17',1161),(3954,'Oppland','05',1161),(3955,'Oslo','03',1161),(3956,'Rogaland','11',1161),(3957,'Sogn og Fjordane','14',1161),(3958,'Sir-Trindelag','16',1161),(3959,'Telemark','06',1161),(3960,'Troms','19',1161),(3961,'Vest-Agder','10',1161),(3962,'Vestfold','07',1161),(3963,'Ostfold','01',1161),(3964,'Jan Mayen','22',1161),(3965,'Svalbard','21',1161),(3966,'Auckland','AUK',1154),(3967,'Bay of Plenty','BOP',1154),(3968,'Canterbury','CAN',1154),(3969,'Gisborne','GIS',1154),(3970,'Hawkes Bay','HKB',1154),(3971,'Manawatu-Wanganui','MWT',1154),(3972,'Marlborough','MBH',1154),(3973,'Nelson','NSN',1154),(3974,'Northland','NTL',1154),(3975,'Otago','OTA',1154),(3976,'Southland','STL',1154),(3977,'Taranaki','TKI',1154),(3978,'Tasman','TAS',1154),(3979,'waikato','WKO',1154),(3980,'Wellington','WGN',1154),(3981,'West Coast','WTC',1154),(3982,'Ad Dakhillyah','DA',1162),(3983,'Al Batinah','BA',1162),(3984,'Al Janblyah','JA',1162),(3985,'Al Wusta','WU',1162),(3986,'Ash Sharqlyah','SH',1162),(3987,'Az Zahirah','ZA',1162),(3988,'Masqat','MA',1162),(3989,'Musandam','MU',1162),(3990,'Bocas del Toro','1',1166),(3991,'Cocle','2',1166),(3992,'Chiriqui','4',1166),(3993,'Darien','5',1166),(3994,'Herrera','6',1166),(3995,'Loa Santoa','7',1166),(3996,'Panama','8',1166),(3997,'Veraguas','9',1166),(3998,'Comarca de San Blas','Q',1166),(3999,'El Callao','CAL',1169),(4000,'Ancash','ANC',1169),(4001,'Apurimac','APU',1169),(4002,'Arequipa','ARE',1169),(4003,'Ayacucho','AYA',1169),(4004,'Cajamarca','CAJ',1169),(4005,'Cuzco','CUS',1169),(4006,'Huancavelica','HUV',1169),(4007,'Huanuco','HUC',1169),(4008,'Ica','ICA',1169),(4009,'Junin','JUN',1169),(4010,'La Libertad','LAL',1169),(4011,'Lambayeque','LAM',1169),(4012,'Lima','LIM',1169),(4013,'Loreto','LOR',1169),(4014,'Madre de Dios','MDD',1169),(4015,'Moquegua','MOQ',1169),(4016,'Pasco','PAS',1169),(4017,'Piura','PIU',1169),(4018,'Puno','PUN',1169),(4019,'San Martin','SAM',1169),(4020,'Tacna','TAC',1169),(4021,'Tumbes','TUM',1169),(4022,'Ucayali','UCA',1169),(4023,'National Capital District (Port Moresby)','NCD',1167),(4024,'Chimbu','CPK',1167),(4025,'Eastern Highlands','EHG',1167),(4026,'East New Britain','EBR',1167),(4027,'East Sepik','ESW',1167),(4028,'Enga','EPW',1167),(4029,'Gulf','GPK',1167),(4030,'Madang','MPM',1167),(4031,'Manus','MRL',1167),(4032,'Milne Bay','MBA',1167),(4033,'Morobe','MPL',1167),(4034,'New Ireland','NIK',1167),(4035,'North Solomons','NSA',1167),(4036,'Santaun','SAN',1167),(4037,'Southern Highlands','SHM',1167),(4038,'Western Highlands','WHM',1167),(4039,'West New Britain','WBK',1167),(4040,'Abra','ABR',1170),(4041,'Agusan del Norte','AGN',1170),(4042,'Agusan del Sur','AGS',1170),(4043,'Aklan','AKL',1170),(4044,'Albay','ALB',1170),(4045,'Antique','ANT',1170),(4046,'Apayao','APA',1170),(4047,'Aurora','AUR',1170),(4048,'Basilan','BAS',1170),(4049,'Batasn','BAN',1170),(4050,'Batanes','BTN',1170),(4051,'Batangas','BTG',1170),(4052,'Benguet','BEN',1170),(4053,'Biliran','BIL',1170),(4054,'Bohol','BOH',1170),(4055,'Bukidnon','BUK',1170),(4056,'Bulacan','BUL',1170),(4057,'Cagayan','CAG',1170),(4058,'Camarines Norte','CAN',1170),(4059,'Camarines Sur','CAS',1170),(4060,'Camiguin','CAM',1170),(4061,'Capiz','CAP',1170),(4062,'Catanduanes','CAT',1170),(4063,'Cavite','CAV',1170),(4064,'Cebu','CEB',1170),(4065,'Compostela Valley','COM',1170),(4066,'Davao','DAV',1170),(4067,'Davao del Sur','DAS',1170),(4068,'Davao Oriental','DAO',1170),(4069,'Eastern Samar','EAS',1170),(4070,'Guimaras','GUI',1170),(4071,'Ifugao','IFU',1170),(4072,'Ilocos Norte','ILN',1170),(4073,'Ilocos Sur','ILS',1170),(4074,'Iloilo','ILI',1170),(4075,'Isabela','ISA',1170),(4076,'Kalinga-Apayso','KAL',1170),(4077,'Laguna','LAG',1170),(4078,'Lanao del Norte','LAN',1170),(4079,'Lanao del Sur','LAS',1170),(4080,'La Union','LUN',1170),(4081,'Leyte','LEY',1170),(4082,'Maguindanao','MAG',1170),(4083,'Marinduque','MAD',1170),(4084,'Masbate','MAS',1170),(4085,'Mindoro Occidental','MDC',1170),(4086,'Mindoro Oriental','MDR',1170),(4087,'Misamis Occidental','MSC',1170),(4088,'Misamis Oriental','MSR',1170),(4089,'Mountain Province','MOU',1170),(4090,'Negroe Occidental','NEC',1170),(4091,'Negros Oriental','NER',1170),(4092,'North Cotabato','NCO',1170),(4093,'Northern Samar','NSA',1170),(4094,'Nueva Ecija','NUE',1170),(4095,'Nueva Vizcaya','NUV',1170),(4096,'Palawan','PLW',1170),(4097,'Pampanga','PAM',1170),(4098,'Pangasinan','PAN',1170),(4099,'Quezon','QUE',1170),(4100,'Quirino','QUI',1170),(4101,'Rizal','RIZ',1170),(4102,'Romblon','ROM',1170),(4103,'Sarangani','SAR',1170),(4104,'Siquijor','SIG',1170),(4105,'Sorsogon','SOR',1170),(4106,'South Cotabato','SCO',1170),(4107,'Southern Leyte','SLE',1170),(4108,'Sultan Kudarat','SUK',1170),(4109,'Sulu','SLU',1170),(4110,'Surigao del Norte','SUN',1170),(4111,'Surigao del Sur','SUR',1170),(4112,'Tarlac','TAR',1170),(4113,'Tawi-Tawi','TAW',1170),(4114,'Western Samar','WSA',1170),(4115,'Zambales','ZMB',1170),(4116,'Zamboanga del Norte','ZAN',1170),(4117,'Zamboanga del Sur','ZAS',1170),(4118,'Zamboanga Sibiguey','ZSI',1170),(4119,'Islamabad','IS',1163),(4120,'Baluchistan (en)','BA',1163),(4121,'North-West Frontier','NW',1163),(4122,'Sind (en)','SD',1163),(4123,'Federally Administered Tribal Aresa','TA',1163),(4124,'Azad Rashmir','JK',1163),(4125,'Northern Areas','NA',1163),(4126,'Aveiro','01',1173),(4127,'Beja','02',1173),(4128,'Braga','03',1173),(4129,'Braganca','04',1173),(4130,'Castelo Branco','05',1173),(4131,'Colmbra','06',1173),(4132,'Ovora','07',1173),(4133,'Faro','08',1173),(4134,'Guarda','09',1173),(4135,'Leiria','10',1173),(4136,'Lisboa','11',1173),(4137,'Portalegre','12',1173),(4138,'Porto','13',1173),(4139,'Santarem','14',1173),(4140,'Setubal','15',1173),(4141,'Viana do Castelo','16',1173),(4142,'Vila Real','17',1173),(4143,'Viseu','18',1173),(4144,'Regiao Autonoma dos Acores','20',1173),(4145,'Regiao Autonoma da Madeira','30',1173),(4146,'Asuncion','ASU',1168),(4147,'Alto Paraguay','16',1168),(4148,'Alto Parana','10',1168),(4149,'Amambay','13',1168),(4150,'Boqueron','19',1168),(4151,'Caeguazu','5',1168),(4152,'Caazapl','6',1168),(4153,'Canindeyu','14',1168),(4154,'Concepcion','1',1168),(4155,'Cordillera','3',1168),(4156,'Guaira','4',1168),(4157,'Itapua','7',1168),(4158,'Miaiones','8',1168),(4159,'Neembucu','12',1168),(4160,'Paraguari','9',1168),(4161,'Presidente Hayes','15',1168),(4162,'San Pedro','2',1168),(4163,'Ad Dawhah','DA',1175),(4164,'Al Ghuwayriyah','GH',1175),(4165,'Al Jumayliyah','JU',1175),(4166,'Al Khawr','KH',1175),(4167,'Al Wakrah','WA',1175),(4168,'Ar Rayyan','RA',1175),(4169,'Jariyan al Batnah','JB',1175),(4170,'Madinat ash Shamal','MS',1175),(4171,'Umm Salal','US',1175),(4172,'Bucuresti','B',1176),(4173,'Alba','AB',1176),(4174,'Arad','AR',1176),(4175,'Arges','AG',1176),(4176,'Bacau','BC',1176),(4177,'Bihor','BH',1176),(4178,'Bistrita-Nasaud','BN',1176),(4179,'Boto\'ani','BT',1176),(4180,'Bra\'ov','BV',1176),(4181,'Braila','BR',1176),(4182,'Buzau','BZ',1176),(4183,'Caras-Severin','CS',1176),(4184,'Ca la ras\'i','CL',1176),(4185,'Cluj','CJ',1176),(4186,'Constant\'a','CT',1176),(4187,'Covasna','CV',1176),(4188,'Dambovit\'a','DB',1176),(4189,'Dolj','DJ',1176),(4190,'Galat\'i','GL',1176),(4191,'Giurgiu','GR',1176),(4192,'Gorj','GJ',1176),(4193,'Harghita','HR',1176),(4194,'Hunedoara','HD',1176),(4195,'Ialomit\'a','IL',1176),(4196,'Ias\'i','IS',1176),(4197,'Ilfov','IF',1176),(4198,'Maramures','MM',1176),(4199,'Mehedint\'i','MH',1176),(4200,'Mures','MS',1176),(4201,'Neamt','NT',1176),(4202,'Olt','OT',1176),(4203,'Prahova','PH',1176),(4204,'Satu Mare','SM',1176),(4205,'Sa laj','SJ',1176),(4206,'Sibiu','SB',1176),(4207,'Suceava','SV',1176),(4208,'Teleorman','TR',1176),(4209,'Timis','TM',1176),(4210,'Tulcea','TL',1176),(4211,'Vaslui','VS',1176),(4212,'Valcea','VL',1176),(4213,'Vrancea','VN',1176),(4214,'Adygeya, Respublika','AD',1177),(4215,'Altay, Respublika','AL',1177),(4216,'Bashkortostan, Respublika','BA',1177),(4217,'Buryatiya, Respublika','BU',1177),(4218,'Chechenskaya Respublika','CE',1177),(4219,'Chuvashskaya Respublika','CU',1177),(4220,'Dagestan, Respublika','DA',1177),(4221,'Ingushskaya Respublika','IN',1177),(4222,'Kabardino-Balkarskaya','KB',1177),(4223,'Kalmykiya, Respublika','KL',1177),(4224,'Karachayevo-Cherkesskaya Respublika','KC',1177),(4225,'Kareliya, Respublika','KR',1177),(4226,'Khakasiya, Respublika','KK',1177),(4227,'Komi, Respublika','KO',1177),(4228,'Mariy El, Respublika','ME',1177),(4229,'Mordoviya, Respublika','MO',1177),(4230,'Sakha, Respublika [Yakutiya]','SA',1177),(4231,'Severnaya Osetiya, Respublika','SE',1177),(4232,'Tatarstan, Respublika','TA',1177),(4233,'Tyva, Respublika [Tuva]','TY',1177),(4234,'Udmurtskaya Respublika','UD',1177),(4235,'Altayskiy kray','ALT',1177),(4236,'Khabarovskiy kray','KHA',1177),(4237,'Krasnodarskiy kray','KDA',1177),(4238,'Krasnoyarskiy kray','KYA',1177),(4239,'Primorskiy kray','PRI',1177),(4240,'Stavropol\'skiy kray','STA',1177),(4241,'Amurskaya oblast\'','AMU',1177),(4242,'Arkhangel\'skaya oblast\'','ARK',1177),(4243,'Astrakhanskaya oblast\'','AST',1177),(4244,'Belgorodskaya oblast\'','BEL',1177),(4245,'Bryanskaya oblast\'','BRY',1177),(4246,'Chelyabinskaya oblast\'','CHE',1177),(4247,'Chitinskaya oblast\'','CHI',1177),(4248,'Irkutskaya oblast\'','IRK',1177),(4249,'Ivanovskaya oblast\'','IVA',1177),(4250,'Kaliningradskaya oblast\'','KGD',1177),(4251,'Kaluzhskaya oblast\'','KLU',1177),(4252,'Kamchatskaya oblast\'','KAM',1177),(4253,'Kemerovskaya oblast\'','KEM',1177),(4254,'Kirovskaya oblast\'','KIR',1177),(4255,'Kostromskaya oblast\'','KOS',1177),(4256,'Kurganskaya oblast\'','KGN',1177),(4257,'Kurskaya oblast\'','KRS',1177),(4258,'Leningradskaya oblast\'','LEN',1177),(4259,'Lipetskaya oblast\'','LIP',1177),(4260,'Magadanskaya oblast\'','MAG',1177),(4261,'Moskovskaya oblast\'','MOS',1177),(4262,'Murmanskaya oblast\'','MUR',1177),(4263,'Nizhegorodskaya oblast\'','NIZ',1177),(4264,'Novgorodskaya oblast\'','NGR',1177),(4265,'Novosibirskaya oblast\'','NVS',1177),(4266,'Omskaya oblast\'','OMS',1177),(4267,'Orenburgskaya oblast\'','ORE',1177),(4268,'Orlovskaya oblast\'','ORL',1177),(4269,'Penzenskaya oblast\'','PNZ',1177),(4270,'Permskaya oblast\'','PER',1177),(4271,'Pskovskaya oblast\'','PSK',1177),(4272,'Rostovskaya oblast\'','ROS',1177),(4273,'Ryazanskaya oblast\'','RYA',1177),(4274,'Sakhalinskaya oblast\'','SAK',1177),(4275,'Samarskaya oblast\'','SAM',1177),(4276,'Saratovskaya oblast\'','SAR',1177),(4277,'Smolenskaya oblast\'','SMO',1177),(4278,'Sverdlovskaya oblast\'','SVE',1177),(4279,'Tambovskaya oblast\'','TAM',1177),(4280,'Tomskaya oblast\'','TOM',1177),(4281,'Tul\'skaya oblast\'','TUL',1177),(4282,'Tverskaya oblast\'','TVE',1177),(4283,'Tyumenskaya oblast\'','TYU',1177),(4284,'Ul\'yanovskaya oblast\'','ULY',1177),(4285,'Vladimirskaya oblast\'','VLA',1177),(4286,'Volgogradskaya oblast\'','VGG',1177),(4287,'Vologodskaya oblast\'','VLG',1177),(4288,'Voronezhskaya oblast\'','VOR',1177),(4289,'Yaroslavskaya oblast\'','YAR',1177),(4290,'Moskva','MOW',1177),(4291,'Sankt-Peterburg','SPE',1177),(4292,'Yevreyskaya avtonomnaya oblast\'','YEV',1177),(4293,'Aginskiy Buryatskiy avtonomnyy','AGB',1177),(4294,'Chukotskiy avtonomnyy okrug','CHU',1177),(4295,'Evenkiyskiy avtonomnyy okrug','EVE',1177),(4296,'Khanty-Mansiyskiy avtonomnyy okrug','KHM',1177),(4297,'Komi-Permyatskiy avtonomnyy okrug','KOP',1177),(4298,'Koryakskiy avtonomnyy okrug','KOR',1177),(4299,'Nenetskiy avtonomnyy okrug','NEN',1177),(4300,'Taymyrskiy (Dolgano-Nenetskiy)','TAY',1177),(4301,'Ust\'-Ordynskiy Buryatskiy','UOB',1177),(4302,'Yamalo-Nenetskiy avtonomnyy okrug','YAN',1177),(4303,'Butare','C',1178),(4304,'Byumba','I',1178),(4305,'Cyangugu','E',1178),(4306,'Gikongoro','D',1178),(4307,'Gisenyi','G',1178),(4308,'Gitarama','B',1178),(4309,'Kibungo','J',1178),(4310,'Kibuye','F',1178),(4311,'Kigali-Rural Kigali y\' Icyaro','K',1178),(4312,'Kigali-Ville Kigali Ngari','L',1178),(4313,'Mutara','M',1178),(4314,'Ruhengeri','H',1178),(4315,'Al Batah','11',1187),(4316,'Al H,udd ash Shamallyah','08',1187),(4317,'Al Jawf','12',1187),(4318,'Al Madinah','03',1187),(4319,'Al Qasim','05',1187),(4320,'Ar Riyad','01',1187),(4321,'Asir','14',1187),(4322,'Ha\'il','06',1187),(4323,'Jlzan','09',1187),(4324,'Makkah','02',1187),(4325,'Najran','10',1187),(4326,'Tabuk','07',1187),(4327,'Capital Territory (Honiara)','CT',1194),(4328,'Guadalcanal','GU',1194),(4329,'Isabel','IS',1194),(4330,'Makira','MK',1194),(4331,'Malaita','ML',1194),(4332,'Temotu','TE',1194),(4333,'A\'ali an Nil','23',1200),(4334,'Al Bah al Ahmar','26',1200),(4335,'Al Buhayrat','18',1200),(4336,'Al Jazirah','07',1200),(4337,'Al Khartum','03',1200),(4338,'Al Qadarif','06',1200),(4339,'Al Wahdah','22',1200),(4340,'An Nil','04',1200),(4341,'An Nil al Abyaq','08',1200),(4342,'An Nil al Azraq','24',1200),(4343,'Ash Shamallyah','01',1200),(4344,'Bahr al Jabal','17',1200),(4345,'Gharb al Istiwa\'iyah','16',1200),(4346,'Gharb Ba~r al Ghazal','14',1200),(4347,'Gharb Darfur','12',1200),(4348,'Gharb Kurdufan','10',1200),(4349,'Janub Darfur','11',1200),(4350,'Janub Rurdufan','13',1200),(4351,'Jnqall','20',1200),(4352,'Kassala','05',1200),(4353,'Shamal Batr al Ghazal','15',1200),(4354,'Shamal Darfur','02',1200),(4355,'Shamal Kurdufan','09',1200),(4356,'Sharq al Istiwa\'iyah','19',1200),(4357,'Sinnar','25',1200),(4358,'Warab','21',1200),(4359,'Blekinge lan','K',1204),(4360,'Dalarnas lan','W',1204),(4361,'Gotlands lan','I',1204),(4362,'Gavleborge lan','X',1204),(4363,'Hallands lan','N',1204),(4364,'Jamtlande lan','Z',1204),(4365,'Jonkopings lan','F',1204),(4366,'Kalmar lan','H',1204),(4367,'Kronoberge lan','G',1204),(4368,'Norrbottena lan','BD',1204),(4369,'Skane lan','M',1204),(4370,'Stockholms lan','AB',1204),(4371,'Sodermanlands lan','D',1204),(4372,'Uppsala lan','C',1204),(4373,'Varmlanda lan','S',1204),(4374,'Vasterbottens lan','AC',1204),(4375,'Vasternorrlands lan','Y',1204),(4376,'Vastmanlanda lan','U',1204),(4377,'Vastra Gotalands lan','Q',1204),(4378,'Orebro lan','T',1204),(4379,'Ostergotlands lan','E',1204),(4380,'Saint Helena','SH',1180),(4381,'Ascension','AC',1180),(4382,'Tristan da Cunha','TA',1180),(4383,'Ajdovscina','001',1193),(4384,'Beltinci','002',1193),(4385,'Benedikt','148',1193),(4386,'Bistrica ob Sotli','149',1193),(4387,'Bled','003',1193),(4388,'Bloke','150',1193),(4389,'Bohinj','004',1193),(4390,'Borovnica','005',1193),(4391,'Bovec','006',1193),(4392,'Braslovce','151',1193),(4393,'Brda','007',1193),(4394,'Brezovica','008',1193),(4395,'Brezica','009',1193),(4396,'Cankova','152',1193),(4397,'Celje','011',1193),(4398,'Cerklje na Gorenjskem','012',1193),(4399,'Cerknica','013',1193),(4400,'Cerkno','014',1193),(4401,'Cerkvenjak','153',1193),(4402,'Crensovci','015',1193),(4403,'Crna na Koroskem','016',1193),(4404,'Crnomelj','017',1193),(4405,'Destrnik','018',1193),(4406,'Divaca','019',1193),(4407,'Dobje','154',1193),(4408,'Dobrepolje','020',1193),(4409,'Dobrna','155',1193),(4410,'Dobrova-Polhov Gradec','021',1193),(4411,'Dobrovnik','156',1193),(4412,'Dol pri Ljubljani','022',1193),(4413,'Dolenjske Toplice','157',1193),(4414,'Domzale','023',1193),(4415,'Dornava','024',1193),(4416,'Dravograd','025',1193),(4417,'Duplek','026',1193),(4418,'Gorenja vas-Poljane','027',1193),(4419,'Gorsnica','028',1193),(4420,'Gornja Radgona','029',1193),(4421,'Gornji Grad','030',1193),(4422,'Gornji Petrovci','031',1193),(4423,'Grad','158',1193),(4424,'Grosuplje','032',1193),(4425,'Hajdina','159',1193),(4426,'Hoce-Slivnica','160',1193),(4427,'Hodos','161',1193),(4428,'Jorjul','162',1193),(4429,'Hrastnik','034',1193),(4430,'Hrpelje-Kozina','035',1193),(4431,'Idrija','036',1193),(4432,'Ig','037',1193),(4433,'IIrska Bistrica','038',1193),(4434,'Ivancna Gorica','039',1193),(4435,'Izola','040',1193),(4436,'Jesenice','041',1193),(4437,'Jezersko','163',1193),(4438,'Jursinci','042',1193),(4439,'Kamnik','043',1193),(4440,'Kanal','044',1193),(4441,'Kidricevo','045',1193),(4442,'Kobarid','046',1193),(4443,'Kobilje','047',1193),(4444,'Jovevje','048',1193),(4445,'Komen','049',1193),(4446,'Komenda','164',1193),(4447,'Koper','050',1193),(4448,'Kostel','165',1193),(4449,'Kozje','051',1193),(4450,'Kranj','052',1193),(4451,'Kranjska Gora','053',1193),(4452,'Krizevci','166',1193),(4453,'Krsko','054',1193),(4454,'Kungota','055',1193),(4455,'Kuzma','056',1193),(4456,'Lasko','057',1193),(4457,'Lenart','058',1193),(4458,'Lendava','059',1193),(4459,'Litija','060',1193),(4460,'Ljubljana','061',1193),(4461,'Ljubno','062',1193),(4462,'Ljutomer','063',1193),(4463,'Logatec','064',1193),(4464,'Loska dolina','065',1193),(4465,'Loski Potok','066',1193),(4466,'Lovrenc na Pohorju','167',1193),(4467,'Luce','067',1193),(4468,'Lukovica','068',1193),(4469,'Majsperk','069',1193),(4470,'Maribor','070',1193),(4471,'Markovci','168',1193),(4472,'Medvode','071',1193),(4473,'Menges','072',1193),(4474,'Metlika','073',1193),(4475,'Mezica','074',1193),(4476,'Miklavz na Dravskern polju','169',1193),(4477,'Miren-Kostanjevica','075',1193),(4478,'Mirna Pec','170',1193),(4479,'Mislinja','076',1193),(4480,'Moravce','077',1193),(4481,'Moravske Toplice','078',1193),(4482,'Mozirje','079',1193),(4483,'Murska Sobota','080',1193),(4484,'Muta','081',1193),(4485,'Naklo','082',1193),(4486,'Nazarje','083',1193),(4487,'Nova Gorica','084',1193),(4488,'Nova mesto','085',1193),(4489,'Sveta Ana','181',1193),(4490,'Sveti Andraz v Slovenskih goricah','182',1193),(4491,'Sveti Jurij','116',1193),(4492,'Salovci','033',1193),(4493,'Sempeter-Vrtojba','183',1193),(4494,'Sencur','117',1193),(4495,'Sentilj','118',1193),(4496,'Sentjernej','119',1193),(4497,'Sentjur pri Celju','120',1193),(4498,'Skocjan','121',1193),(4499,'Skofja Loka','122',1193),(4500,'Skoftjica','123',1193),(4501,'Smarje pri Jelsah','124',1193),(4502,'Smartno ob Paki','125',1193),(4503,'Smartno pri Litiji','194',1193),(4504,'Sostanj','126',1193),(4505,'Store','127',1193),(4506,'Tabor','184',1193),(4507,'Tisina','010',1193),(4508,'Tolmin','128',1193),(4509,'Trbovje','129',1193),(4510,'Trebnje','130',1193),(4511,'Trnovska vas','185',1193),(4512,'Trzic','131',1193),(4513,'Trzin','186',1193),(4514,'Turnisce','132',1193),(4515,'Velenje','133',1193),(4516,'Velika Polana','187',1193),(4517,'Velika Lasce','134',1193),(4518,'Verzej','188',1193),(4519,'Videm','135',1193),(4520,'Vipava','136',1193),(4521,'Vitanje','137',1193),(4522,'Vojnik','138',1193),(4523,'Vransko','189',1193),(4524,'Vrhnika','140',1193),(4525,'Vuzenica','141',1193),(4526,'Zagorje ob Savi','142',1193),(4527,'Zavrc','143',1193),(4528,'Zrece','144',1193),(4529,'Zalec','190',1193),(4530,'Zelezniki','146',1193),(4531,'Zetale','191',1193),(4532,'Ziri','147',1193),(4533,'Zirovnica','192',1193),(4534,'Zuzemberk','193',1193),(4535,'Banskobystrick kraj','BC',1192),(4536,'Bratislavsk kraj','BL',1192),(4537,'Koick kraj','KI',1192),(4538,'Nitriansky kraj','NJ',1192),(4539,'Preovsk kraj','PV',1192),(4540,'Treniansky kraj','TC',1192),(4541,'Trnavsk kraj','TA',1192),(4542,'ilinsk kraj','ZI',1192),(4543,'Western Area (Freetown)','W',1190),(4544,'Dakar','DK',1188),(4545,'Diourbel','DB',1188),(4546,'Fatick','FK',1188),(4547,'Kaolack','KL',1188),(4548,'Kolda','KD',1188),(4549,'Louga','LG',1188),(4550,'Matam','MT',1188),(4551,'Saint-Louis','SL',1188),(4552,'Tambacounda','TC',1188),(4553,'Thies','TH',1188),(4554,'Ziguinchor','ZG',1188),(4555,'Awdal','AW',1195),(4556,'Bakool','BK',1195),(4557,'Banaadir','BN',1195),(4558,'Bay','BY',1195),(4559,'Galguduud','GA',1195),(4560,'Gedo','GE',1195),(4561,'Hiirsan','HI',1195),(4562,'Jubbada Dhexe','JD',1195),(4563,'Jubbada Hoose','JH',1195),(4564,'Mudug','MU',1195),(4565,'Nugaal','NU',1195),(4566,'Saneag','SA',1195),(4567,'Shabeellaha Dhexe','SD',1195),(4568,'Shabeellaha Hoose','SH',1195),(4569,'Sool','SO',1195),(4570,'Togdheer','TO',1195),(4571,'Woqooyi Galbeed','WO',1195),(4572,'Brokopondo','BR',1201),(4573,'Commewijne','CM',1201),(4574,'Coronie','CR',1201),(4575,'Marowijne','MA',1201),(4576,'Nickerie','NI',1201),(4577,'Paramaribo','PM',1201),(4578,'Saramacca','SA',1201),(4579,'Sipaliwini','SI',1201),(4580,'Wanica','WA',1201),(4581,'Principe','P',1207),(4582,'Sao Tome','S',1207),(4583,'Ahuachapan','AH',1066),(4584,'Cabanas','CA',1066),(4585,'Cuscatlan','CU',1066),(4586,'Chalatenango','CH',1066),(4587,'Morazan','MO',1066),(4588,'San Miguel','SM',1066),(4589,'San Salvador','SS',1066),(4590,'Santa Ana','SA',1066),(4591,'San Vicente','SV',1066),(4592,'Sonsonate','SO',1066),(4593,'Usulutan','US',1066),(4594,'Al Hasakah','HA',1206),(4595,'Al Ladhiqiyah','LA',1206),(4596,'Al Qunaytirah','QU',1206),(4597,'Ar Raqqah','RA',1206),(4598,'As Suwayda\'','SU',1206),(4599,'Dar\'a','DR',1206),(4600,'Dayr az Zawr','DY',1206),(4601,'Dimashq','DI',1206),(4602,'Halab','HL',1206),(4603,'Hamah','HM',1206),(4604,'Jim\'','HI',1206),(4605,'Idlib','ID',1206),(4606,'Rif Dimashq','RD',1206),(4607,'Tarts','TA',1206),(4608,'Hhohho','HH',1203),(4609,'Lubombo','LU',1203),(4610,'Manzini','MA',1203),(4611,'Shiselweni','SH',1203),(4612,'Batha','BA',1043),(4613,'Biltine','BI',1043),(4614,'Borkou-Ennedi-Tibesti','BET',1043),(4615,'Chari-Baguirmi','CB',1043),(4616,'Guera','GR',1043),(4617,'Kanem','KA',1043),(4618,'Lac','LC',1043),(4619,'Logone-Occidental','LO',1043),(4620,'Logone-Oriental','LR',1043),(4621,'Mayo-Kebbi','MK',1043),(4622,'Moyen-Chari','MC',1043),(4623,'Ouaddai','OD',1043),(4624,'Salamat','SA',1043),(4625,'Tandjile','TA',1043),(4626,'Kara','K',1214),(4627,'Maritime (Region)','M',1214),(4628,'Savannes','S',1214),(4629,'Krung Thep Maha Nakhon Bangkok','10',1211),(4630,'Phatthaya','S',1211),(4631,'Amnat Charoen','37',1211),(4632,'Ang Thong','15',1211),(4633,'Buri Ram','31',1211),(4634,'Chachoengsao','24',1211),(4635,'Chai Nat','18',1211),(4636,'Chaiyaphum','36',1211),(4637,'Chanthaburi','22',1211),(4638,'Chiang Mai','50',1211),(4639,'Chiang Rai','57',1211),(4640,'Chon Buri','20',1211),(4641,'Chumphon','86',1211),(4642,'Kalasin','46',1211),(4643,'Kamphasng Phet','62',1211),(4644,'Kanchanaburi','71',1211),(4645,'Khon Kaen','40',1211),(4646,'Krabi','81',1211),(4647,'Lampang','52',1211),(4648,'Lamphun','51',1211),(4649,'Loei','42',1211),(4650,'Lop Buri','16',1211),(4651,'Mae Hong Son','58',1211),(4652,'Maha Sarakham','44',1211),(4653,'Mukdahan','49',1211),(4654,'Nakhon Nayok','26',1211),(4655,'Nakhon Pathom','73',1211),(4656,'Nakhon Phanom','48',1211),(4657,'Nakhon Ratchasima','30',1211),(4658,'Nakhon Sawan','60',1211),(4659,'Nakhon Si Thammarat','80',1211),(4660,'Nan','55',1211),(4661,'Narathiwat','96',1211),(4662,'Nong Bua Lam Phu','39',1211),(4663,'Nong Khai','43',1211),(4664,'Nonthaburi','12',1211),(4665,'Pathum Thani','13',1211),(4666,'Pattani','94',1211),(4667,'Phangnga','82',1211),(4668,'Phatthalung','93',1211),(4669,'Phayao','56',1211),(4670,'Phetchabun','67',1211),(4671,'Phetchaburi','76',1211),(4672,'Phichit','66',1211),(4673,'Phitsanulok','65',1211),(4674,'Phrae','54',1211),(4675,'Phra Nakhon Si Ayutthaya','14',1211),(4676,'Phaket','83',1211),(4677,'Prachin Buri','25',1211),(4678,'Prachuap Khiri Khan','77',1211),(4679,'Ranong','85',1211),(4680,'Ratchaburi','70',1211),(4681,'Rayong','21',1211),(4682,'Roi Et','45',1211),(4683,'Sa Kaeo','27',1211),(4684,'Sakon Nakhon','47',1211),(4685,'Samut Prakan','11',1211),(4686,'Samut Sakhon','74',1211),(4687,'Samut Songkhram','75',1211),(4688,'Saraburi','19',1211),(4689,'Satun','91',1211),(4690,'Sing Buri','17',1211),(4691,'Si Sa Ket','33',1211),(4692,'Songkhla','90',1211),(4693,'Sukhothai','64',1211),(4694,'Suphan Buri','72',1211),(4695,'Surat Thani','84',1211),(4696,'Surin','32',1211),(4697,'Tak','63',1211),(4698,'Trang','92',1211),(4699,'Trat','23',1211),(4700,'Ubon Ratchathani','34',1211),(4701,'Udon Thani','41',1211),(4702,'Uthai Thani','61',1211),(4703,'Uttaradit','53',1211),(4704,'Yala','95',1211),(4705,'Yasothon','35',1211),(4706,'Sughd','SU',1209),(4707,'Khatlon','KT',1209),(4708,'Gorno-Badakhshan','GB',1209),(4709,'Ahal','A',1220),(4710,'Balkan','B',1220),(4711,'Dasoguz','D',1220),(4712,'Lebap','L',1220),(4713,'Mary','M',1220),(4714,'Bja','31',1218),(4715,'Ben Arous','13',1218),(4716,'Bizerte','23',1218),(4717,'Gabs','81',1218),(4718,'Gafsa','71',1218),(4719,'Jendouba','32',1218),(4720,'Kairouan','41',1218),(4721,'Rasserine','42',1218),(4722,'Kebili','73',1218),(4723,'L\'Ariana','12',1218),(4724,'Le Ref','33',1218),(4725,'Mahdia','53',1218),(4726,'La Manouba','14',1218),(4727,'Medenine','82',1218),(4728,'Moneatir','52',1218),(4729,'Naboul','21',1218),(4730,'Sfax','61',1218),(4731,'Sidi Bouxid','43',1218),(4732,'Siliana','34',1218),(4733,'Sousse','51',1218),(4734,'Tataouine','83',1218),(4735,'Tozeur','72',1218),(4736,'Tunis','11',1218),(4737,'Zaghouan','22',1218),(4738,'Adana','01',1219),(4739,'Ad yaman','02',1219),(4740,'Afyon','03',1219),(4741,'Ag r','04',1219),(4742,'Aksaray','68',1219),(4743,'Amasya','05',1219),(4744,'Ankara','06',1219),(4745,'Antalya','07',1219),(4746,'Ardahan','75',1219),(4747,'Artvin','08',1219),(4748,'Aydin','09',1219),(4749,'Bal kesir','10',1219),(4750,'Bartin','74',1219),(4751,'Batman','72',1219),(4752,'Bayburt','69',1219),(4753,'Bilecik','11',1219),(4754,'Bingol','12',1219),(4755,'Bitlis','13',1219),(4756,'Bolu','14',1219),(4757,'Burdur','15',1219),(4758,'Bursa','16',1219),(4759,'Canakkale','17',1219),(4760,'Cankir','18',1219),(4761,'Corum','19',1219),(4762,'Denizli','20',1219),(4763,'Diyarbakir','21',1219),(4764,'Duzce','81',1219),(4765,'Edirne','22',1219),(4766,'Elazig','23',1219),(4767,'Erzincan','24',1219),(4768,'Erzurum','25',1219),(4769,'Eskis\'ehir','26',1219),(4770,'Gaziantep','27',1219),(4771,'Giresun','28',1219),(4772,'Gms\'hane','29',1219),(4773,'Hakkari','30',1219),(4774,'Hatay','31',1219),(4775,'Igidir','76',1219),(4776,'Isparta','32',1219),(4777,'Icel','33',1219),(4778,'Istanbul','34',1219),(4779,'Izmir','35',1219),(4780,'Kahramanmaras','46',1219),(4781,'Karabk','78',1219),(4782,'Karaman','70',1219),(4783,'Kars','36',1219),(4784,'Kastamonu','37',1219),(4785,'Kayseri','38',1219),(4786,'Kirikkale','71',1219),(4787,'Kirklareli','39',1219),(4788,'Kirs\'ehir','40',1219),(4789,'Kilis','79',1219),(4790,'Kocaeli','41',1219),(4791,'Konya','42',1219),(4792,'Ktahya','43',1219),(4793,'Malatya','44',1219),(4794,'Manisa','45',1219),(4795,'Mardin','47',1219),(4796,'Mugila','48',1219),(4797,'Mus','49',1219),(4798,'Nevs\'ehir','50',1219),(4799,'Nigide','51',1219),(4800,'Ordu','52',1219),(4801,'Osmaniye','80',1219),(4802,'Rize','53',1219),(4803,'Sakarya','54',1219),(4804,'Samsun','55',1219),(4805,'Siirt','56',1219),(4806,'Sinop','57',1219),(4807,'Sivas','58',1219),(4808,'S\'anliurfa','63',1219),(4809,'S\'rnak','73',1219),(4810,'Tekirdag','59',1219),(4811,'Tokat','60',1219),(4812,'Trabzon','61',1219),(4813,'Tunceli','62',1219),(4814,'Us\'ak','64',1219),(4815,'Van','65',1219),(4816,'Yalova','77',1219),(4817,'Yozgat','66',1219),(4818,'Zonguldak','67',1219),(4819,'Couva-Tabaquite-Talparo','CTT',1217),(4820,'Diego Martin','DMN',1217),(4821,'Eastern Tobago','ETO',1217),(4822,'Penal-Debe','PED',1217),(4823,'Princes Town','PRT',1217),(4824,'Rio Claro-Mayaro','RCM',1217),(4825,'Sangre Grande','SGE',1217),(4826,'San Juan-Laventille','SJL',1217),(4827,'Siparia','SIP',1217),(4828,'Tunapuna-Piarco','TUP',1217),(4829,'Western Tobago','WTO',1217),(4830,'Arima','ARI',1217),(4831,'Chaguanas','CHA',1217),(4832,'Point Fortin','PTF',1217),(4833,'Port of Spain','POS',1217),(4834,'San Fernando','SFO',1217),(4835,'Aileu','AL',1063),(4836,'Ainaro','AN',1063),(4837,'Bacucau','BA',1063),(4838,'Bobonaro','BO',1063),(4839,'Cova Lima','CO',1063),(4840,'Dili','DI',1063),(4841,'Ermera','ER',1063),(4842,'Laulem','LA',1063),(4843,'Liquica','LI',1063),(4844,'Manatuto','MT',1063),(4845,'Manafahi','MF',1063),(4846,'Oecussi','OE',1063),(4847,'Viqueque','VI',1063),(4848,'Changhua','CHA',1208),(4849,'Chiayi','CYQ',1208),(4850,'Hsinchu','HSQ',1208),(4851,'Hualien','HUA',1208),(4852,'Ilan','ILA',1208),(4853,'Kaohsiung','KHQ',1208),(4854,'Miaoli','MIA',1208),(4855,'Nantou','NAN',1208),(4856,'Penghu','PEN',1208),(4857,'Pingtung','PIF',1208),(4858,'Taichung','TXQ',1208),(4859,'Tainan','TNQ',1208),(4860,'Taipei','TPQ',1208),(4861,'Taitung','TTT',1208),(4862,'Taoyuan','TAO',1208),(4863,'Yunlin','YUN',1208),(4864,'Keelung','KEE',1208),(4865,'Arusha','01',1210),(4866,'Dar-es-Salaam','02',1210),(4867,'Dodoma','03',1210),(4868,'Iringa','04',1210),(4869,'Kagera','05',1210),(4870,'Kaskazini Pemba','06',1210),(4871,'Kaskazini Unguja','07',1210),(4872,'Xigoma','08',1210),(4873,'Kilimanjaro','09',1210),(4874,'Rusini Pemba','10',1210),(4875,'Kusini Unguja','11',1210),(4876,'Lindi','12',1210),(4877,'Manyara','26',1210),(4878,'Mara','13',1210),(4879,'Mbeya','14',1210),(4880,'Mjini Magharibi','15',1210),(4881,'Morogoro','16',1210),(4882,'Mtwara','17',1210),(4883,'Pwani','19',1210),(4884,'Rukwa','20',1210),(4885,'Ruvuma','21',1210),(4886,'Shinyanga','22',1210),(4887,'Singida','23',1210),(4888,'Tabora','24',1210),(4889,'Tanga','25',1210),(4890,'Cherkas\'ka Oblast\'','71',1224),(4891,'Chernihivs\'ka Oblast\'','74',1224),(4892,'Chernivets\'ka Oblast\'','77',1224),(4893,'Dnipropetrovs\'ka Oblast\'','12',1224),(4894,'Donets\'ka Oblast\'','14',1224),(4895,'Ivano-Frankivs\'ka Oblast\'','26',1224),(4896,'Kharkivs\'ka Oblast\'','63',1224),(4897,'Khersons\'ka Oblast\'','65',1224),(4898,'Khmel\'nyts\'ka Oblast\'','68',1224),(4899,'Kirovohrads\'ka Oblast\'','35',1224),(4900,'Kyivs\'ka Oblast\'','32',1224),(4901,'Luhans\'ka Oblast\'','09',1224),(4902,'L\'vivs\'ka Oblast\'','46',1224),(4903,'Mykolaivs\'ka Oblast\'','48',1224),(4904,'Odes \'ka Oblast\'','51',1224),(4905,'Poltavs\'ka Oblast\'','53',1224),(4906,'Rivnens\'ka Oblast\'','56',1224),(4907,'Sums \'ka Oblast\'','59',1224),(4908,'Ternopil\'s\'ka Oblast\'','61',1224),(4909,'Vinnyts\'ka Oblast\'','05',1224),(4910,'Volyos\'ka Oblast\'','07',1224),(4911,'Zakarpats\'ka Oblast\'','21',1224),(4912,'Zaporiz\'ka Oblast\'','23',1224),(4913,'Zhytomyrs\'ka Oblast\'','18',1224),(4914,'Respublika Krym','43',1224),(4915,'Kyiv','30',1224),(4916,'Sevastopol','40',1224),(4917,'Adjumani','301',1223),(4918,'Apac','302',1223),(4919,'Arua','303',1223),(4920,'Bugiri','201',1223),(4921,'Bundibugyo','401',1223),(4922,'Bushenyi','402',1223),(4923,'Busia','202',1223),(4924,'Gulu','304',1223),(4925,'Hoima','403',1223),(4926,'Iganga','203',1223),(4927,'Jinja','204',1223),(4928,'Kabale','404',1223),(4929,'Kabarole','405',1223),(4930,'Kaberamaido','213',1223),(4931,'Kalangala','101',1223),(4932,'Kampala','102',1223),(4933,'Kamuli','205',1223),(4934,'Kamwenge','413',1223),(4935,'Kanungu','414',1223),(4936,'Kapchorwa','206',1223),(4937,'Kasese','406',1223),(4938,'Katakwi','207',1223),(4939,'Kayunga','112',1223),(4940,'Kibaale','407',1223),(4941,'Kiboga','103',1223),(4942,'Kisoro','408',1223),(4943,'Kitgum','305',1223),(4944,'Kotido','306',1223),(4945,'Kumi','208',1223),(4946,'Kyenjojo','415',1223),(4947,'Lira','307',1223),(4948,'Luwero','104',1223),(4949,'Masaka','105',1223),(4950,'Masindi','409',1223),(4951,'Mayuge','214',1223),(4952,'Mbale','209',1223),(4953,'Mbarara','410',1223),(4954,'Moroto','308',1223),(4955,'Moyo','309',1223),(4956,'Mpigi','106',1223),(4957,'Mubende','107',1223),(4958,'Mukono','108',1223),(4959,'Nakapiripirit','311',1223),(4960,'Nakasongola','109',1223),(4961,'Nebbi','310',1223),(4962,'Ntungamo','411',1223),(4963,'Pader','312',1223),(4964,'Pallisa','210',1223),(4965,'Rakai','110',1223),(4966,'Rukungiri','412',1223),(4967,'Sembabule','111',1223),(4968,'Sironko','215',1223),(4969,'Soroti','211',1223),(4970,'Tororo','212',1223),(4971,'Wakiso','113',1223),(4972,'Yumbe','313',1223),(4973,'Baker Island','81',1227),(4974,'Howland Island','84',1227),(4975,'Jarvis Island','86',1227),(4976,'Johnston Atoll','67',1227),(4977,'Kingman Reef','89',1227),(4978,'Midway Islands','71',1227),(4979,'Navassa Island','76',1227),(4980,'Palmyra Atoll','95',1227),(4981,'Wake Ialand','79',1227),(4982,'Artigsa','AR',1229),(4983,'Canelones','CA',1229),(4984,'Cerro Largo','CL',1229),(4985,'Colonia','CO',1229),(4986,'Durazno','DU',1229),(4987,'Flores','FS',1229),(4988,'Lavalleja','LA',1229),(4989,'Maldonado','MA',1229),(4990,'Montevideo','MO',1229),(4991,'Paysandu','PA',1229),(4992,'Rivera','RV',1229),(4993,'Rocha','RO',1229),(4994,'Salto','SA',1229),(4995,'Soriano','SO',1229),(4996,'Tacuarembo','TA',1229),(4997,'Treinta y Tres','TT',1229),(4998,'Toshkent (city)','TK',1230),(4999,'Qoraqalpogiston Respublikasi','QR',1230),(5000,'Andijon','AN',1230),(5001,'Buxoro','BU',1230),(5002,'Farg\'ona','FA',1230),(5003,'Jizzax','JI',1230),(5004,'Khorazm','KH',1230),(5005,'Namangan','NG',1230),(5006,'Navoiy','NW',1230),(5007,'Qashqadaryo','QA',1230),(5008,'Samarqand','SA',1230),(5009,'Sirdaryo','SI',1230),(5010,'Surxondaryo','SU',1230),(5011,'Toshkent','TO',1230),(5012,'Xorazm','XO',1230),(5013,'Diatrito Federal','A',1232),(5014,'Anzoategui','B',1232),(5015,'Apure','C',1232),(5016,'Aragua','D',1232),(5017,'Barinas','E',1232),(5018,'Carabobo','G',1232),(5019,'Cojedes','H',1232),(5020,'Falcon','I',1232),(5021,'Guarico','J',1232),(5022,'Lara','K',1232),(5023,'Merida','L',1232),(5024,'Miranda','M',1232),(5025,'Monagas','N',1232),(5026,'Nueva Esparta','O',1232),(5027,'Portuguesa','P',1232),(5028,'Tachira','S',1232),(5029,'Trujillo','T',1232),(5030,'Vargas','X',1232),(5031,'Yaracuy','U',1232),(5032,'Zulia','V',1232),(5033,'Delta Amacuro','Y',1232),(5034,'Dependencias Federales','W',1232),(5035,'An Giang','44',1233),(5036,'Ba Ria - Vung Tau','43',1233),(5037,'Bac Can','53',1233),(5038,'Bac Giang','54',1233),(5039,'Bac Lieu','55',1233),(5040,'Bac Ninh','56',1233),(5041,'Ben Tre','50',1233),(5042,'Binh Dinh','31',1233),(5043,'Binh Duong','57',1233),(5044,'Binh Phuoc','58',1233),(5045,'Binh Thuan','40',1233),(5046,'Ca Mau','59',1233),(5047,'Can Tho','48',1233),(5048,'Cao Bang','04',1233),(5049,'Da Nang, thanh pho','60',1233),(5050,'Dong Nai','39',1233),(5051,'Dong Thap','45',1233),(5052,'Gia Lai','30',1233),(5053,'Ha Giang','03',1233),(5054,'Ha Nam','63',1233),(5055,'Ha Noi, thu do','64',1233),(5056,'Ha Tay','15',1233),(5057,'Ha Tinh','23',1233),(5058,'Hai Duong','61',1233),(5059,'Hai Phong, thanh pho','62',1233),(5060,'Hoa Binh','14',1233),(5061,'Ho Chi Minh, thanh pho [Sai Gon]','65',1233),(5062,'Hung Yen','66',1233),(5063,'Khanh Hoa','34',1233),(5064,'Kien Giang','47',1233),(5065,'Kon Tum','28',1233),(5066,'Lai Chau','01',1233),(5067,'Lam Dong','35',1233),(5068,'Lang Son','09',1233),(5069,'Lao Cai','02',1233),(5070,'Long An','41',1233),(5071,'Nam Dinh','67',1233),(5072,'Nghe An','22',1233),(5073,'Ninh Binh','18',1233),(5074,'Ninh Thuan','36',1233),(5075,'Phu Tho','68',1233),(5076,'Phu Yen','32',1233),(5077,'Quang Binh','24',1233),(5078,'Quang Nam','27',1233),(5079,'Quang Ngai','29',1233),(5080,'Quang Ninh','13',1233),(5081,'Quang Tri','25',1233),(5082,'Soc Trang','52',1233),(5083,'Son La','05',1233),(5084,'Tay Ninh','37',1233),(5085,'Thai Binh','20',1233),(5086,'Thai Nguyen','69',1233),(5087,'Thanh Hoa','21',1233),(5088,'Thua Thien-Hue','26',1233),(5089,'Tien Giang','46',1233),(5090,'Tra Vinh','51',1233),(5091,'Tuyen Quang','07',1233),(5092,'Vinh Long','49',1233),(5093,'Vinh Phuc','70',1233),(5094,'Yen Bai','06',1233),(5095,'Malampa','MAP',1231),(5096,'Penama','PAM',1231),(5097,'Sanma','SAM',1231),(5098,'Shefa','SEE',1231),(5099,'Tafea','TAE',1231),(5100,'Torba','TOB',1231),(5101,'A\'ana','AA',1185),(5102,'Aiga-i-le-Tai','AL',1185),(5103,'Atua','AT',1185),(5104,'Fa\'aaaleleaga','FA',1185),(5105,'Gaga\'emauga','GE',1185),(5106,'Gagaifomauga','GI',1185),(5107,'Palauli','PA',1185),(5108,'Satupa\'itea','SA',1185),(5109,'Tuamasaga','TU',1185),(5110,'Va\'a-o-Fonoti','VF',1185),(5111,'Vaisigano','VS',1185),(5112,'Crna Gora','CG',1238),(5113,'Srbija','SR',1238),(5114,'Kosovo-Metohija','KM',1238),(5115,'Vojvodina','VO',1238),(5116,'Abyan','AB',1237),(5117,'Adan','AD',1237),(5118,'Ad Dali','DA',1237),(5119,'Al Bayda\'','BA',1237),(5120,'Al Hudaydah','MU',1237),(5121,'Al Mahrah','MR',1237),(5122,'Al Mahwit','MW',1237),(5123,'Amran','AM',1237),(5124,'Dhamar','DH',1237),(5125,'Hadramawt','HD',1237),(5126,'Hajjah','HJ',1237),(5127,'Ibb','IB',1237),(5128,'Lahij','LA',1237),(5129,'Ma\'rib','MA',1237),(5130,'Sa\'dah','SD',1237),(5131,'San\'a\'','SN',1237),(5132,'Shabwah','SH',1237),(5133,'Ta\'izz','TA',1237),(5134,'Eastern Cape','EC',1196),(5135,'Free State','FS',1196),(5136,'Gauteng','GT',1196),(5137,'Kwazulu-Natal','NL',1196),(5138,'Mpumalanga','MP',1196),(5139,'Northern Cape','NC',1196),(5140,'Limpopo','NP',1196),(5141,'Western Cape','WC',1196),(5142,'Copperbelt','08',1239),(5143,'Luapula','04',1239),(5144,'Lusaka','09',1239),(5145,'North-Western','06',1239),(5146,'Bulawayo','BU',1240),(5147,'Harare','HA',1240),(5148,'Manicaland','MA',1240),(5149,'Mashonaland Central','MC',1240),(5150,'Mashonaland East','ME',1240),(5151,'Mashonaland West','MW',1240),(5152,'Masvingo','MV',1240),(5153,'Matabeleland North','MN',1240),(5154,'Matabeleland South','MS',1240),(5155,'Midlands','MI',1240),(5156,'South Karelia','SK',1075),(5157,'South Ostrobothnia','SO',1075),(5158,'Etel-Savo','ES',1075),(5159,'Hme','HH',1075),(5160,'It-Uusimaa','IU',1075),(5161,'Kainuu','KA',1075),(5162,'Central Ostrobothnia','CO',1075),(5163,'Central Finland','CF',1075),(5164,'Kymenlaakso','KY',1075),(5165,'Lapland','LA',1075),(5166,'Tampere Region','TR',1075),(5167,'Ostrobothnia','OB',1075),(5168,'North Karelia','NK',1075),(5169,'Nothern Ostrobothnia','NO',1075),(5170,'Northern Savo','NS',1075),(5171,'Pijt-Hme','PH',1075),(5172,'Satakunta','SK',1075),(5173,'Uusimaa','UM',1075),(5174,'South-West Finland','SW',1075),(5175,'land','AL',1075),(5176,'Limburg','LI',1152),(5177,'Central and Western','CW',1098),(5178,'Eastern','EA',1098),(5179,'Southern','SO',1098),(5180,'Wan Chai','WC',1098),(5181,'Kowloon City','KC',1098),(5182,'Kwun Tong','KU',1098),(5183,'Sham Shui Po','SS',1098),(5184,'Wong Tai Sin','WT',1098),(5185,'Yau Tsim Mong','YT',1098),(5186,'Islands','IS',1098),(5187,'Kwai Tsing','KI',1098),(5188,'North','NO',1098),(5189,'Sai Kung','SK',1098),(5190,'Sha Tin','ST',1098),(5191,'Tai Po','TP',1098),(5192,'Tsuen Wan','TW',1098),(5193,'Tuen Mun','TM',1098),(5194,'Yuen Long','YL',1098),(5195,'Manchester','MR',1108),(5196,'Al Manmah (Al imah)','13',1016),(5197,'Al Janbyah','14',1016),(5199,'Al Wus','16',1016),(5200,'Ash Shamlyah','17',1016),(5201,'Jenin','_A',1165),(5202,'Tubas','_B',1165),(5203,'Tulkarm','_C',1165),(5204,'Nablus','_D',1165),(5205,'Qalqilya','_E',1165),(5206,'Salfit','_F',1165),(5207,'Ramallah and Al-Bireh','_G',1165),(5208,'Jericho','_H',1165),(5209,'Jerusalem','_I',1165),(5210,'Bethlehem','_J',1165),(5211,'Hebron','_K',1165),(5212,'North Gaza','_L',1165),(5213,'Gaza','_M',1165),(5214,'Deir el-Balah','_N',1165),(5215,'Khan Yunis','_O',1165),(5216,'Rafah','_P',1165),(5217,'Brussels','BRU',1020),(9000,'North West','NW',1196),(9986,'Tyne and Wear','xTYW',1226),(9987,'Isle of Man','xIOM',1226),(9988,'Greater Manchester','xGMA',1226),(9989,'Co Tyrone','xTYR',1226),(9990,'West Yorkshire','xWYO',1226),(9991,'South Yorkshire','xSYO',1226),(9992,'Merseyside','xMSD',1226),(9993,'Berkshire','xBRK',1226),(9994,'West Midlands','xWMD',1226),(9995,'Inverness','xIVN',1226),(9996,'Avon','xAVN',1226),(9997,'Middlesex','xMDX',1226),(9998,'West Glamorgan','xWGM',1226),(9999,'London','xLON',1226),(10000,'Carbonia-Iglesias','CI',1107),(10001,'Olbia-Tempio','OT',1107),(10002,'Medio Campidano','VS',1107),(10003,'Ogliastra','OG',1107);
/*!40000 ALTER TABLE `civicrm_state_province` ENABLE KEYS */;
UNLOCK TABLES;

--
-- Dumping data for table `civicrm_subscription_history`
--

LOCK TABLES `civicrm_subscription_history` WRITE;
/*!40000 ALTER TABLE `civicrm_subscription_history` DISABLE KEYS */;
INSERT INTO `civicrm_subscription_history` (`id`, `contact_id`, `group_id`, `date`, `method`, `status`, `tracking`) VALUES (1,317,2,'2009-02-05 09:35:06','Email','Pending',NULL),(2,87,2,'2009-01-20 08:07:15','Admin','Added',NULL),(3,214,2,'2008-12-25 03:41:06','Admin','Added',NULL),(4,216,2,'2009-01-25 01:02:31','Admin','Pending',NULL),(5,323,2,'2008-09-16 06:41:22','Email','Removed',NULL),(6,112,2,'2009-02-25 08:14:29','Email','Pending',NULL),(7,319,2,'2009-03-15 04:09:01','Email','Added',NULL),(8,481,2,'2008-06-09 01:20:06','Email','Removed',NULL),(9,215,2,'2008-09-13 07:41:41','Admin','Removed',NULL),(10,480,2,'2008-08-26 01:35:45','Admin','Pending',NULL),(11,384,2,'2009-04-25 06:22:33','Email','Removed',NULL),(12,86,2,'2008-07-21 11:38:41','Admin','Added',NULL),(13,226,2,'2009-05-07 06:14:51','Admin','Removed',NULL),(14,356,2,'2008-12-27 02:19:41','Admin','Added',NULL),(15,43,2,'2009-01-20 01:56:40','Admin','Pending',NULL),(16,334,2,'2008-12-20 01:07:44','Email','Pending',NULL),(17,70,2,'2008-10-12 10:40:25','Admin','Added',NULL),(18,405,2,'2008-07-02 09:08:06','Admin','Added',NULL),(19,327,2,'2009-02-27 01:13:43','Email','Added',NULL),(20,267,2,'2008-10-26 09:48:05','Email','Added',NULL),(21,292,2,'2009-02-18 05:10:20','Admin','Pending',NULL),(22,413,2,'2008-12-10 05:55:17','Admin','Added',NULL),(23,321,2,'2008-08-10 07:54:47','Admin','Added',NULL),(24,251,2,'2008-08-06 04:30:12','Email','Added',NULL),(25,466,2,'2009-02-07 08:32:07','Email','Pending',NULL),(26,180,2,'2008-12-25 04:25:22','Admin','Removed',NULL),(27,30,2,'2009-04-25 10:54:32','Email','Pending',NULL),(28,15,2,'2008-11-27 02:55:32','Email','Pending',NULL),(29,362,2,'2008-06-15 06:51:55','Email','Removed',NULL),(30,290,2,'2008-08-14 11:00:36','Email','Added',NULL),(31,430,2,'2008-12-03 03:10:23','Email','Pending',NULL),(32,381,2,'2008-06-18 06:32:19','Admin','Pending',NULL),(33,217,2,'2008-12-01 01:19:37','Admin','Pending',NULL),(34,154,2,'2009-04-22 12:39:40','Admin','Added',NULL),(35,61,2,'2008-11-02 10:20:54','Email','Added',NULL),(36,42,2,'2008-05-30 04:50:46','Email','Added',NULL),(37,477,2,'2009-05-20 04:53:28','Email','Removed',NULL),(38,147,2,'2009-03-16 06:50:17','Email','Removed',NULL),(39,329,2,'2009-04-12 02:39:53','Admin','Removed',NULL),(40,109,2,'2008-12-29 09:09:21','Email','Added',NULL),(41,116,2,'2008-11-10 06:19:00','Email','Pending',NULL),(42,229,2,'2009-05-21 02:50:24','Email','Added',NULL),(43,434,2,'2009-01-02 03:14:11','Admin','Added',NULL),(44,261,2,'2009-05-05 03:19:01','Email','Added',NULL),(45,111,2,'2008-08-04 04:38:23','Admin','Pending',NULL),(46,344,2,'2009-04-03 06:58:21','Email','Removed',NULL),(47,418,2,'2008-11-12 05:01:12','Admin','Pending',NULL),(48,404,2,'2009-02-05 02:05:12','Admin','Added',NULL),(49,115,2,'2008-10-27 09:34:24','Email','Removed',NULL),(50,97,2,'2009-05-17 04:30:17','Email','Added',NULL),(51,182,2,'2008-12-11 05:20:49','Admin','Added',NULL),(52,337,2,'2008-12-24 08:00:08','Email','Added',NULL),(53,370,2,'2009-04-07 12:07:52','Admin','Pending',NULL),(54,106,2,'2008-08-03 10:17:25','Email','Pending',NULL),(55,165,2,'2008-10-04 05:36:11','Admin','Removed',NULL),(56,303,2,'2008-10-29 03:19:28','Email','Removed',NULL),(57,314,2,'2008-06-14 06:33:10','Admin','Pending',NULL),(58,5,2,'2008-10-30 04:46:46','Email','Pending',NULL),(59,377,2,'2008-07-26 08:03:02','Email','Added',NULL),(60,497,2,'2009-01-30 11:47:30','Email','Removed',NULL),(61,202,3,'2008-08-13 11:41:58','Email','Added',NULL),(62,244,3,'2008-07-12 12:56:33','Email','Pending',NULL),(63,428,3,'2009-05-13 10:32:06','Admin','Removed',NULL),(64,9,3,'2008-12-26 05:38:56','Admin','Added',NULL),(65,108,3,'2009-03-20 06:24:32','Email','Removed',NULL),(66,208,3,'2008-11-04 07:59:49','Admin','Removed',NULL),(67,110,3,'2009-02-14 01:38:21','Email','Added',NULL),(68,355,3,'2008-07-16 04:47:41','Admin','Removed',NULL),(69,414,3,'2008-11-05 02:35:24','Admin','Pending',NULL),(70,90,3,'2009-02-03 04:33:04','Admin','Removed',NULL),(71,51,3,'2008-07-05 09:59:32','Admin','Removed',NULL),(72,140,3,'2009-04-29 02:40:09','Email','Pending',NULL),(73,476,3,'2009-01-31 03:33:40','Email','Added',NULL),(74,285,3,'2009-05-04 08:01:32','Admin','Removed',NULL),(75,420,3,'2009-04-11 06:00:43','Email','Added',NULL),(76,317,4,'2009-02-21 03:51:57','Admin','Added',NULL),(77,481,4,'2009-03-16 08:02:06','Admin','Added',NULL),(78,43,4,'2009-02-07 07:53:55','Admin','Pending',NULL),(79,413,4,'2009-01-13 04:23:41','Admin','Removed',NULL),(80,362,4,'2008-07-23 10:34:52','Admin','Added',NULL),(81,42,4,'2008-12-07 12:28:49','Email','Added',NULL),(82,434,4,'2008-11-26 08:19:23','Email','Added',NULL),(83,97,4,'2008-08-05 06:00:04','Email','Added',NULL);
/*!40000 ALTER TABLE `civicrm_subscription_history` ENABLE KEYS */;
UNLOCK TABLES;

--
-- Dumping data for table `civicrm_tag`
--

LOCK TABLES `civicrm_tag` WRITE;
/*!40000 ALTER TABLE `civicrm_tag` DISABLE KEYS */;
INSERT INTO `civicrm_tag` (`id`, `name`, `description`, `parent_id`, `is_selectable`) VALUES (1,'Non-profit','Any not-for-profit organization.',NULL,1),(2,'Company','For-profit organization.',NULL,1),(3,'Government Entity','Any governmental entity.',NULL,1),(4,'Major Donor','High-value supporter of our organization.',NULL,1),(5,'Volunteer','Active volunteers.',NULL,1);
/*!40000 ALTER TABLE `civicrm_tag` ENABLE KEYS */;
UNLOCK TABLES;

--
-- Dumping data for table `civicrm_task`
--

LOCK TABLES `civicrm_task` WRITE;
/*!40000 ALTER TABLE `civicrm_task` DISABLE KEYS */;
/*!40000 ALTER TABLE `civicrm_task` ENABLE KEYS */;
UNLOCK TABLES;

--
-- Dumping data for table `civicrm_task_status`
--

LOCK TABLES `civicrm_task_status` WRITE;
/*!40000 ALTER TABLE `civicrm_task_status` DISABLE KEYS */;
/*!40000 ALTER TABLE `civicrm_task_status` ENABLE KEYS */;
UNLOCK TABLES;

--
-- Dumping data for table `civicrm_tell_friend`
--

LOCK TABLES `civicrm_tell_friend` WRITE;
/*!40000 ALTER TABLE `civicrm_tell_friend` DISABLE KEYS */;
INSERT INTO `civicrm_tell_friend` (`id`, `entity_table`, `entity_id`, `title`, `intro`, `suggested_message`, `general_link`, `thankyou_title`, `thankyou_text`, `is_active`) VALUES (1,'civicrm_contribution_page',1,'Tell A Friend','<p>Help us spread the word and leverage the power of your contribution by telling your friends. Use the space below to personalize your email message - let your friends know why you support us. Then fill in the name(s) and email address(es) and click \'Send Your Message\'.</p>','Thought you might be interested in learning about and helping this organization. I think they do important work.',NULL,'Thanks for Spreading the Word','<p><strong>Thanks for telling your friends about us and supporting our efforts. Together we can make a difference.</strong></p>',1),(2,'civicrm_event',1,'Tell A Friend','<p>Help us spread the word about this event. Use the space below to personalize your email message - let your friends know why you\'re attending. Then fill in the name(s) and email address(es) and click \'Send Your Message\'.</p>','Thought you might be interested in checking out this event. I\'m planning on attending.',NULL,'Thanks for Spreading the Word','<p>Thanks for spreading the word about this event to your friends.</p>',1);
/*!40000 ALTER TABLE `civicrm_tell_friend` ENABLE KEYS */;
UNLOCK TABLES;

--
-- Dumping data for table `civicrm_timezone`
--

LOCK TABLES `civicrm_timezone` WRITE;
/*!40000 ALTER TABLE `civicrm_timezone` DISABLE KEYS */;
/*!40000 ALTER TABLE `civicrm_timezone` ENABLE KEYS */;
UNLOCK TABLES;

--
-- Dumping data for table `civicrm_uf_field`
--

LOCK TABLES `civicrm_uf_field` WRITE;
/*!40000 ALTER TABLE `civicrm_uf_field` DISABLE KEYS */;
INSERT INTO `civicrm_uf_field` (`id`, `uf_group_id`, `field_name`, `is_active`, `is_view`, `is_required`, `weight`, `help_post`, `visibility`, `in_selector`, `is_searchable`, `location_type_id`, `phone_type_id`, `label`, `field_type`) VALUES (1,1,'first_name',1,0,1,1,'','Public User Pages and Listings',0,1,NULL,NULL,'First Name','Individual'),(2,1,'last_name',1,0,1,2,'First and last name will be shared with other visitors to the site.','Public User Pages and Listings',0,1,NULL,NULL,'Last Name','Individual'),(3,1,'street_address',1,0,0,3,'','User and User Admin Only',0,0,1,NULL,'Street Address (Home)','Contact'),(4,1,'city',1,0,0,4,'','User and User Admin Only',0,0,1,NULL,'City (Home)','Contact'),(5,1,'postal_code',1,0,0,5,'','User and User Admin Only',0,0,1,NULL,'Postal Code (Home)','Contact'),(6,1,'country',1,0,0,6,'Your state/province and country of residence will be shared with others so folks can find others in their community.','Public User Pages and Listings',0,1,1,NULL,'Country (Home)','Contact'),(7,1,'state_province',1,0,0,7,'','Public User Pages and Listings',1,1,1,NULL,'State (Home)','Contact'),(8,2,'first_name',1,0,1,1,'','User and User Admin Only',0,0,NULL,NULL,'First Name','Individual'),(9,2,'last_name',1,0,1,2,'','User and User Admin Only',0,0,NULL,NULL,'Last Name','Individual'),(10,2,'email',1,0,1,3,'','User and User Admin Only',0,0,NULL,NULL,'Email Address','Contact');
/*!40000 ALTER TABLE `civicrm_uf_field` ENABLE KEYS */;
UNLOCK TABLES;

--
-- Dumping data for table `civicrm_uf_group`
--

LOCK TABLES `civicrm_uf_group` WRITE;
/*!40000 ALTER TABLE `civicrm_uf_group` DISABLE KEYS */;
INSERT INTO `civicrm_uf_group` (`id`, `is_active`, `group_type`, `title`, `help_pre`, `help_post`, `limit_listings_group_id`, `post_URL`, `add_to_group_id`, `add_captcha`, `is_map`, `is_edit_link`, `is_uf_link`, `is_update_dupe`, `cancel_URL`, `is_cms_user`, `notify`) VALUES (1,1,'Individual,Contact','Name and Address',NULL,NULL,NULL,NULL,NULL,0,0,0,0,0,NULL,0,NULL),(2,1,'Individual,Contact','Supporter Profile',NULL,'<p><strong>The information you provide will NOT be shared with any third party organisations.</strong></p><p>Thank you for getting involved in our campaign!</p>',NULL,NULL,NULL,0,0,0,0,0,NULL,2,NULL);
/*!40000 ALTER TABLE `civicrm_uf_group` ENABLE KEYS */;
UNLOCK TABLES;

--
-- Dumping data for table `civicrm_uf_join`
--

LOCK TABLES `civicrm_uf_join` WRITE;
/*!40000 ALTER TABLE `civicrm_uf_join` DISABLE KEYS */;
INSERT INTO `civicrm_uf_join` (`id`, `is_active`, `module`, `entity_table`, `entity_id`, `weight`, `uf_group_id`) VALUES (1,1,'User Registration',NULL,NULL,1,1),(2,1,'User Account',NULL,NULL,1,1),(3,1,'Profile',NULL,NULL,1,1),(4,1,'Profile',NULL,NULL,2,2);
/*!40000 ALTER TABLE `civicrm_uf_join` ENABLE KEYS */;
UNLOCK TABLES;

--
-- Dumping data for table `civicrm_uf_match`
--

LOCK TABLES `civicrm_uf_match` WRITE;
/*!40000 ALTER TABLE `civicrm_uf_match` DISABLE KEYS */;
/*!40000 ALTER TABLE `civicrm_uf_match` ENABLE KEYS */;
UNLOCK TABLES;

--
-- Dumping data for table `civicrm_worldregion`
--

LOCK TABLES `civicrm_worldregion` WRITE;
/*!40000 ALTER TABLE `civicrm_worldregion` DISABLE KEYS */;
INSERT INTO `civicrm_worldregion` (`id`, `name`) VALUES (1,'Europe and Central Asia'),(2,'America South, Central, North and Carribean'),(3,'Middle East and North Africa'),(4,'Asia-Pacific'),(5,'Africa West, East, Central and Southern'),(99,'unassigned');
/*!40000 ALTER TABLE `civicrm_worldregion` ENABLE KEYS */;
UNLOCK TABLES;
/*!40103 SET TIME_ZONE=@OLD_TIME_ZONE */;

/*!40101 SET SQL_MODE=@OLD_SQL_MODE */;
/*!40014 SET FOREIGN_KEY_CHECKS=@OLD_FOREIGN_KEY_CHECKS */;
/*!40014 SET UNIQUE_CHECKS=@OLD_UNIQUE_CHECKS */;
/*!40101 SET CHARACTER_SET_CLIENT=@OLD_CHARACTER_SET_CLIENT */;
/*!40101 SET CHARACTER_SET_RESULTS=@OLD_CHARACTER_SET_RESULTS */;
/*!40101 SET COLLATION_CONNECTION=@OLD_COLLATION_CONNECTION */;
/*!40111 SET SQL_NOTES=@OLD_SQL_NOTES */;

-- Dump completed on 2009-05-28 10:08:59


-- /*******************************************************
-- *
-- * Sample Custom Data  
-- *
-- *******************************************************/

-- /*******************************************************
-- *
-- * create custom group
-- *
-- *******************************************************/
INSERT INTO `civicrm_custom_group` (`name`, `title`, `extends`, `style`, `collapse_display`, `help_pre`, `weight`, `is_active`, `table_name`, `is_multiple`) VALUES ( 'constituent_information', 'Constituent Information', 'Individual', 'Inline', 0, 'Please enter additional constituent information as data becomes available for this contact.', 1, 1,'civicrm_value_constituent_information_1', 0);



-- /*******************************************************
-- *
-- * create option group for storing custom options for custom fields
-- *
-- *******************************************************/
INSERT INTO  `civicrm_option_group` (`name`, `label`, `is_reserved`, `is_active`) VALUES ('custom_most_important_issue', 'Most Important Issue', 0, 1), ( 'custom_marital_status', 'Marital Status', 0, 1);

SELECT @option_most_id    := max(id) from civicrm_option_group where name = 'custom_most_important_issue';
SELECT @option_marital_id := max(id) from civicrm_option_group where name = 'custom_marital_status';



-- /*******************************************************
-- *
-- * create option values (custom options for custom fields)
-- *
-- *******************************************************/
INSERT INTO `civicrm_option_value` (`option_group_id`, `label`, `value`, `weight`, `is_active`, `is_default`) VALUES (@option_most_id   , 'Education', 'Edu', 1, 1,0), (@option_most_id   , 'Environment', 'Env', 2, 1,0), (@option_most_id   , 'Social Justice', 'SocJus', 3, 1,0),(@option_marital_id, 'Single', 'S', 1, 1,0),(@option_marital_id, 'Married', 'M', 2, 1,0), (@option_marital_id, 'Domestic Partner', 'D', 3, 1,0), (@option_marital_id, 'Widowed', 'W', 4, 1,0), (@option_marital_id, 'Other', 'O', 5, 1,0);


-- /*******************************************************
-- *
-- * create custom field
-- *
-- *******************************************************/
INSERT INTO `civicrm_custom_field` (`custom_group_id`, `label`, `data_type`, `html_type`, `is_required`, `weight`, `help_post`, `is_active`, `is_view`, `is_searchable`, `options_per_line`, `column_name`, `option_group_id`, `start_date_years`, `end_date_years`, `date_parts` ) VALUES (1, 'Most Important Issue', 'String', 'Radio', 0, 1, '', 1, 0, 1, NULL, 'most_important_issue_1', @option_most_id, NULL, NULL, NULL), (1, 'Marital Status', 'String', 'Select', 0, 2, '', 1, 0, 1, NULL, 'marital_status_2', @option_marital_id, NULL, NULL, NULL), (1, 'Marriage Date', 'Date', 'Select Date', 0, 3, '', 1, 0, 1, NULL, 'marriage_date_3', NULL, 30, 0, 'MdY');


-- /*******************************************************
-- *
-- * create table to store custom values of a custom group
-- *
-- *******************************************************/
CREATE TABLE `civicrm_value_constituent_information_1` (`id` int(10) unsigned NOT NULL auto_increment, `entity_id` int(10) unsigned NOT NULL,  `most_important_issue_1` varchar(255) default NULL,  `marital_status_2` varchar(255) default NULL, `marriage_date_3` datetime default NULL, PRIMARY KEY  (`id`), UNIQUE KEY `unique_entity_id` (`entity_id`), INDEX `INDEX_most_important_issue_1` (`most_important_issue_1`), INDEX `INDEX_marital_status_2` (`marital_status_2`), INDEX `INDEX_marriage_date_3` (`marriage_date_3`), CONSTRAINT `FK_civicrm_value_constituent_information_1_entity_id` FOREIGN KEY (`entity_id`) REFERENCES `civicrm_contact` (`id`) ON DELETE CASCADE) ENGINE=InnoDB DEFAULT CHARSET=utf8 COLLATE=utf8_unicode_ci;
