-- MySQL dump 10.11
--
-- Host: localhost    Database: civicrmreport
-- ------------------------------------------------------
-- Server version	5.0.38-Ubuntu_0ubuntu1.2-log

/*!40101 SET @OLD_CHARACTER_SET_CLIENT=@@CHARACTER_SET_CLIENT */;
/*!40101 SET @OLD_CHARACTER_SET_RESULTS=@@CHARACTER_SET_RESULTS */;
/*!40101 SET @OLD_COLLATION_CONNECTION=@@COLLATION_CONNECTION */;
/*!40101 SET NAMES utf8 */;
/*!40103 SET @OLD_TIME_ZONE=@@TIME_ZONE */;
/*!40103 SET TIME_ZONE='+00:00' */;
/*!40014 SET @OLD_UNIQUE_CHECKS=@@UNIQUE_CHECKS, UNIQUE_CHECKS=0 */;
/*!40014 SET @OLD_FOREIGN_KEY_CHECKS=@@FOREIGN_KEY_CHECKS, FOREIGN_KEY_CHECKS=0 */;
/*!40101 SET @OLD_SQL_MODE=@@SQL_MODE, SQL_MODE='NO_AUTO_VALUE_ON_ZERO' */;
/*!40111 SET @OLD_SQL_NOTES=@@SQL_NOTES, SQL_NOTES=0 */;

--
-- Dumping data for table `civicrm_acl`
--

LOCK TABLES `civicrm_acl` WRITE;
/*!40000 ALTER TABLE `civicrm_acl` DISABLE KEYS */;
INSERT INTO `civicrm_acl` (`id`, `name`, `deny`, `entity_table`, `entity_id`, `operation`, `object_table`, `object_id`, `acl_table`, `acl_id`, `is_active`) VALUES (1,'Edit All Contacts',0,'civicrm_acl_role',1,'Edit','civicrm_saved_search',0,NULL,NULL,1),(2,'Core ACL',0,'civicrm_acl_role',0,'All','access CiviMail subscribe/unsubscribe pages',NULL,NULL,NULL,1),(3,'Core ACL',0,'civicrm_acl_role',0,'All','access all custom data',NULL,NULL,NULL,1),(4,'Core ACL',0,'civicrm_acl_role',0,'All','make online contributions',NULL,NULL,NULL,1),(5,'Core ACL',0,'civicrm_acl_role',0,'All','make online pledges',NULL,NULL,NULL,1),(6,'Core ACL',0,'civicrm_acl_role',0,'All','profile listings and forms',NULL,NULL,NULL,1),(7,'Core ACL',0,'civicrm_acl_role',0,'All','register for events',NULL,NULL,NULL,1),(8,'Core ACL',0,'civicrm_acl_role',1,'All','access CiviCRM',NULL,NULL,NULL,1),(9,'Core ACL',0,'civicrm_acl_role',1,'All','access CiviContribute',NULL,NULL,NULL,1),(10,'Core ACL',0,'civicrm_acl_role',1,'All','access CiviEvent',NULL,NULL,NULL,1),(11,'Core ACL',0,'civicrm_acl_role',1,'All','access CiviMail',NULL,NULL,NULL,1),(12,'Core ACL',0,'civicrm_acl_role',1,'All','access CiviMail subscribe/unsubscribe pages',NULL,NULL,NULL,1),(13,'Core ACL',0,'civicrm_acl_role',1,'All','access CiviMember',NULL,NULL,NULL,1),(14,'Core ACL',0,'civicrm_acl_role',1,'All','access CiviPledge',NULL,NULL,NULL,1),(15,'Core ACL',0,'civicrm_acl_role',1,'All','access CiviCase',NULL,NULL,NULL,1),(16,'Core ACL',0,'civicrm_acl_role',1,'All','access CiviGrant',NULL,NULL,NULL,1),(17,'Core ACL',0,'civicrm_acl_role',1,'All','access Contact Dashboard',NULL,NULL,NULL,1),(18,'Core ACL',0,'civicrm_acl_role',1,'All','translate CiviCRM',NULL,NULL,NULL,1),(19,'Core ACL',0,'civicrm_acl_role',1,'All','edit grants',NULL,NULL,NULL,1),(20,'Core ACL',0,'civicrm_acl_role',1,'All','access all custom data',NULL,NULL,NULL,1),(21,'Core ACL',0,'civicrm_acl_role',1,'All','access uploaded files',NULL,NULL,NULL,1),(22,'Core ACL',0,'civicrm_acl_role',1,'All','add contacts',NULL,NULL,NULL,1),(23,'Core ACL',0,'civicrm_acl_role',1,'All','administer CiviCRM',NULL,NULL,NULL,1),(24,'Core ACL',0,'civicrm_acl_role',1,'All','edit all contacts',NULL,NULL,NULL,1),(25,'Core ACL',0,'civicrm_acl_role',1,'All','edit contributions',NULL,NULL,NULL,1),(26,'Core ACL',0,'civicrm_acl_role',1,'All','edit event participants',NULL,NULL,NULL,1),(27,'Core ACL',0,'civicrm_acl_role',1,'All','edit groups',NULL,NULL,NULL,1),(28,'Core ACL',0,'civicrm_acl_role',1,'All','edit memberships',NULL,NULL,NULL,1),(29,'Core ACL',0,'civicrm_acl_role',1,'All','edit pledges',NULL,NULL,NULL,1),(30,'Core ACL',0,'civicrm_acl_role',1,'All','import contacts',NULL,NULL,NULL,1),(31,'Core ACL',0,'civicrm_acl_role',1,'All','make online contributions',NULL,NULL,NULL,1),(32,'Core ACL',0,'civicrm_acl_role',1,'All','make online pledges',NULL,NULL,NULL,1),(33,'Core ACL',0,'civicrm_acl_role',1,'All','profile listings and forms',NULL,NULL,NULL,1),(34,'Core ACL',0,'civicrm_acl_role',1,'All','register for events',NULL,NULL,NULL,1),(35,'Core ACL',0,'civicrm_acl_role',1,'All','view all activities',NULL,NULL,NULL,1),(36,'Core ACL',0,'civicrm_acl_role',1,'All','view all contacts',NULL,NULL,NULL,1),(37,'Core ACL',0,'civicrm_acl_role',1,'All','view event info',NULL,NULL,NULL,1),(38,'Core ACL',0,'civicrm_acl_role',1,'All','view event participants',NULL,NULL,NULL,1),(39,'Core ACL',0,'civicrm_acl_role',2,'All','access CiviMail subscribe/unsubscribe pages',NULL,NULL,NULL,1),(40,'Core ACL',0,'civicrm_acl_role',2,'All','access all custom data',NULL,NULL,NULL,1),(41,'Core ACL',0,'civicrm_acl_role',2,'All','make online contributions',NULL,NULL,NULL,1),(42,'Core ACL',0,'civicrm_acl_role',2,'All','make online pledges',NULL,NULL,NULL,1),(43,'Core ACL',0,'civicrm_acl_role',2,'All','profile listings and forms',NULL,NULL,NULL,1),(44,'Core ACL',0,'civicrm_acl_role',2,'All','register for events',NULL,NULL,NULL,1),(45,'Core ACL',0,'civicrm_acl_role',2,'All','view event info',NULL,NULL,NULL,1);
/*!40000 ALTER TABLE `civicrm_acl` ENABLE KEYS */;
UNLOCK TABLES;

--
-- Dumping data for table `civicrm_acl_cache`
--

LOCK TABLES `civicrm_acl_cache` WRITE;
/*!40000 ALTER TABLE `civicrm_acl_cache` DISABLE KEYS */;
/*!40000 ALTER TABLE `civicrm_acl_cache` ENABLE KEYS */;
UNLOCK TABLES;

--
-- Dumping data for table `civicrm_acl_entity_role`
--

LOCK TABLES `civicrm_acl_entity_role` WRITE;
/*!40000 ALTER TABLE `civicrm_acl_entity_role` DISABLE KEYS */;
INSERT INTO `civicrm_acl_entity_role` (`id`, `acl_role_id`, `entity_table`, `entity_id`, `is_active`) VALUES (1,1,'civicrm_group',1,1);
/*!40000 ALTER TABLE `civicrm_acl_entity_role` ENABLE KEYS */;
UNLOCK TABLES;

--
-- Dumping data for table `civicrm_activity`
--

LOCK TABLES `civicrm_activity` WRITE;
/*!40000 ALTER TABLE `civicrm_activity` DISABLE KEYS */;
INSERT INTO `civicrm_activity` (`id`, `source_contact_id`, `source_record_id`, `activity_type_id`, `subject`, `activity_date_time`, `due_date_time`, `duration`, `location`, `phone_id`, `phone_number`, `details`, `status_id`, `priority_id`, `parent_id`, `is_test`, `medium_id`, `is_auto`, `relationship_id`, `is_current_revision`, `original_id`, `is_deleted`) VALUES (1,432,NULL,7,'Subject for Membership Signup','2008-01-30 01:13:09',NULL,6,NULL,NULL,NULL,NULL,2,NULL,NULL,0,NULL,0,NULL,1,NULL,0),(2,432,NULL,10,'Subject for Pledge Acknowledgment','2008-03-13 11:31:40',NULL,2,NULL,NULL,NULL,NULL,2,NULL,NULL,0,NULL,0,NULL,1,NULL,0),(3,432,NULL,10,'Subject for Pledge Acknowledgment','2008-04-04 12:50:47',NULL,6,NULL,NULL,NULL,NULL,2,NULL,NULL,0,NULL,0,NULL,1,NULL,0),(4,432,NULL,7,'Subject for Membership Signup','2008-10-30 04:28:04',NULL,1,NULL,NULL,NULL,NULL,2,NULL,NULL,0,NULL,0,NULL,1,NULL,0),(5,432,NULL,8,'Subject for Membership Renewal','2008-10-13 01:04:07',NULL,3,NULL,NULL,NULL,NULL,2,NULL,NULL,0,NULL,0,NULL,1,NULL,0),(6,432,NULL,9,'Subject for Tell a Friend','2008-08-12 12:52:53',NULL,5,NULL,NULL,NULL,NULL,2,NULL,NULL,0,NULL,0,NULL,1,NULL,0),(7,432,NULL,7,'Subject for Membership Signup','2009-02-06 06:46:20',NULL,4,NULL,NULL,NULL,NULL,2,NULL,NULL,0,NULL,0,NULL,1,NULL,0),(8,432,NULL,8,'Subject for Membership Renewal','2008-12-26 11:39:46',NULL,3,NULL,NULL,NULL,NULL,2,NULL,NULL,0,NULL,0,NULL,1,NULL,0),(9,432,NULL,8,'Subject for Membership Renewal','2008-07-14 01:44:46',NULL,2,NULL,NULL,NULL,NULL,2,NULL,NULL,0,NULL,0,NULL,1,NULL,0),(10,432,NULL,7,'Subject for Membership Signup','2007-06-25 03:14:26',NULL,1,NULL,NULL,NULL,NULL,2,NULL,NULL,0,NULL,0,NULL,1,NULL,0),(11,432,NULL,7,'Subject for Membership Signup','2008-08-02 07:48:33',NULL,1,NULL,NULL,NULL,NULL,2,NULL,NULL,0,NULL,0,NULL,1,NULL,0),(12,432,NULL,10,'Subject for Pledge Acknowledgment','2007-12-04 02:56:24',NULL,4,NULL,NULL,NULL,NULL,2,NULL,NULL,0,NULL,0,NULL,1,NULL,0),(13,432,NULL,8,'Subject for Membership Renewal','2007-11-25 08:09:02',NULL,6,NULL,NULL,NULL,NULL,2,NULL,NULL,0,NULL,0,NULL,1,NULL,0),(14,432,NULL,7,'Subject for Membership Signup','2008-03-31 12:16:19',NULL,3,NULL,NULL,NULL,NULL,2,NULL,NULL,0,NULL,0,NULL,1,NULL,0),(15,432,NULL,7,'Subject for Membership Signup','2009-01-27 01:20:48',NULL,2,NULL,NULL,NULL,NULL,2,NULL,NULL,0,NULL,0,NULL,1,NULL,0),(16,432,NULL,7,'Subject for Membership Signup','2008-09-12 04:48:52',NULL,4,NULL,NULL,NULL,NULL,2,NULL,NULL,0,NULL,0,NULL,1,NULL,0),(17,432,NULL,9,'Subject for Tell a Friend','2009-03-12 08:13:07',NULL,3,NULL,NULL,NULL,NULL,2,NULL,NULL,0,NULL,0,NULL,1,NULL,0),(18,432,NULL,7,'Subject for Membership Signup','2008-08-17 03:55:21',NULL,2,NULL,NULL,NULL,NULL,2,NULL,NULL,0,NULL,0,NULL,1,NULL,0),(19,432,NULL,7,'Subject for Membership Signup','2007-06-27 08:51:10',NULL,5,NULL,NULL,NULL,NULL,2,NULL,NULL,0,NULL,0,NULL,1,NULL,0),(20,432,NULL,10,'Subject for Pledge Acknowledgment','2008-11-12 10:02:59',NULL,3,NULL,NULL,NULL,NULL,2,NULL,NULL,0,NULL,0,NULL,1,NULL,0),(21,432,NULL,9,'Subject for Tell a Friend','2008-02-13 05:40:26',NULL,1,NULL,NULL,NULL,NULL,2,NULL,NULL,0,NULL,0,NULL,1,NULL,0),(22,432,NULL,8,'Subject for Membership Renewal','2009-05-24 12:06:26',NULL,5,NULL,NULL,NULL,NULL,2,NULL,NULL,0,NULL,0,NULL,1,NULL,0),(23,432,NULL,8,'Subject for Membership Renewal','2007-12-26 04:07:15',NULL,3,NULL,NULL,NULL,NULL,2,NULL,NULL,0,NULL,0,NULL,1,NULL,0),(24,432,NULL,7,'Subject for Membership Signup','2008-05-16 10:54:32',NULL,2,NULL,NULL,NULL,NULL,2,NULL,NULL,0,NULL,0,NULL,1,NULL,0),(25,432,NULL,8,'Subject for Membership Renewal','2007-07-23 05:07:47',NULL,1,NULL,NULL,NULL,NULL,2,NULL,NULL,0,NULL,0,NULL,1,NULL,0),(26,432,NULL,10,'Subject for Pledge Acknowledgment','2009-03-01 12:45:05',NULL,3,NULL,NULL,NULL,NULL,2,NULL,NULL,0,NULL,0,NULL,1,NULL,0),(27,432,NULL,8,'Subject for Membership Renewal','2008-05-05 11:07:53',NULL,6,NULL,NULL,NULL,NULL,2,NULL,NULL,0,NULL,0,NULL,1,NULL,0),(28,432,NULL,8,'Subject for Membership Renewal','2007-08-11 01:17:12',NULL,5,NULL,NULL,NULL,NULL,2,NULL,NULL,0,NULL,0,NULL,1,NULL,0),(29,432,NULL,8,'Subject for Membership Renewal','2007-06-29 04:24:44',NULL,2,NULL,NULL,NULL,NULL,2,NULL,NULL,0,NULL,0,NULL,1,NULL,0),(30,432,NULL,8,'Subject for Membership Renewal','2008-10-03 11:08:58',NULL,3,NULL,NULL,NULL,NULL,2,NULL,NULL,0,NULL,0,NULL,1,NULL,0),(31,432,NULL,10,'Subject for Pledge Acknowledgment','2009-03-10 07:25:59',NULL,6,NULL,NULL,NULL,NULL,2,NULL,NULL,0,NULL,0,NULL,1,NULL,0),(32,432,NULL,10,'Subject for Pledge Acknowledgment','2009-02-11 03:00:51',NULL,6,NULL,NULL,NULL,NULL,2,NULL,NULL,0,NULL,0,NULL,1,NULL,0),(33,432,NULL,9,'Subject for Tell a Friend','2009-04-06 01:05:27',NULL,2,NULL,NULL,NULL,NULL,2,NULL,NULL,0,NULL,0,NULL,1,NULL,0),(34,432,NULL,9,'Subject for Tell a Friend','2007-11-23 11:51:41',NULL,5,NULL,NULL,NULL,NULL,2,NULL,NULL,0,NULL,0,NULL,1,NULL,0),(35,432,NULL,9,'Subject for Tell a Friend','2008-11-05 07:37:18',NULL,4,NULL,NULL,NULL,NULL,2,NULL,NULL,0,NULL,0,NULL,1,NULL,0),(36,432,NULL,9,'Subject for Tell a Friend','2009-01-17 12:49:33',NULL,6,NULL,NULL,NULL,NULL,2,NULL,NULL,0,NULL,0,NULL,1,NULL,0),(37,432,NULL,10,'Subject for Pledge Acknowledgment','2008-05-18 09:26:25',NULL,2,NULL,NULL,NULL,NULL,2,NULL,NULL,0,NULL,0,NULL,1,NULL,0),(38,432,NULL,7,'Subject for Membership Signup','2008-12-22 09:33:24',NULL,4,NULL,NULL,NULL,NULL,2,NULL,NULL,0,NULL,0,NULL,1,NULL,0),(39,432,NULL,8,'Subject for Membership Renewal','2008-02-06 06:26:48',NULL,6,NULL,NULL,NULL,NULL,2,NULL,NULL,0,NULL,0,NULL,1,NULL,0),(40,432,NULL,8,'Subject for Membership Renewal','2008-02-26 01:41:44',NULL,6,NULL,NULL,NULL,NULL,2,NULL,NULL,0,NULL,0,NULL,1,NULL,0),(41,432,NULL,9,'Subject for Tell a Friend','2009-06-02 08:06:51',NULL,4,NULL,NULL,NULL,NULL,2,NULL,NULL,0,NULL,0,NULL,1,NULL,0),(42,432,NULL,10,'Subject for Pledge Acknowledgment','2008-09-09 01:39:35',NULL,1,NULL,NULL,NULL,NULL,2,NULL,NULL,0,NULL,0,NULL,1,NULL,0),(43,432,NULL,7,'Subject for Membership Signup','2008-09-05 04:13:15',NULL,5,NULL,NULL,NULL,NULL,2,NULL,NULL,0,NULL,0,NULL,1,NULL,0),(44,432,NULL,7,'Subject for Membership Signup','2007-10-02 03:34:31',NULL,6,NULL,NULL,NULL,NULL,2,NULL,NULL,0,NULL,0,NULL,1,NULL,0),(45,432,NULL,8,'Subject for Membership Renewal','2009-03-15 05:18:27',NULL,6,NULL,NULL,NULL,NULL,2,NULL,NULL,0,NULL,0,NULL,1,NULL,0),(46,432,NULL,7,'Subject for Membership Signup','2009-03-19 06:36:17',NULL,6,NULL,NULL,NULL,NULL,2,NULL,NULL,0,NULL,0,NULL,1,NULL,0),(47,432,NULL,10,'Subject for Pledge Acknowledgment','2007-09-16 08:38:48',NULL,1,NULL,NULL,NULL,NULL,2,NULL,NULL,0,NULL,0,NULL,1,NULL,0),(48,432,NULL,9,'Subject for Tell a Friend','2007-11-07 05:16:38',NULL,3,NULL,NULL,NULL,NULL,2,NULL,NULL,0,NULL,0,NULL,1,NULL,0),(49,432,NULL,7,'Subject for Membership Signup','2009-03-01 03:02:07',NULL,5,NULL,NULL,NULL,NULL,2,NULL,NULL,0,NULL,0,NULL,1,NULL,0),(50,432,NULL,9,'Subject for Tell a Friend','2008-11-14 10:23:50',NULL,4,NULL,NULL,NULL,NULL,2,NULL,NULL,0,NULL,0,NULL,1,NULL,0),(51,432,NULL,10,'Subject for Pledge Acknowledgment','2008-05-24 05:56:01',NULL,5,NULL,NULL,NULL,NULL,2,NULL,NULL,0,NULL,0,NULL,1,NULL,0),(52,432,NULL,10,'Subject for Pledge Acknowledgment','2008-07-13 05:38:54',NULL,2,NULL,NULL,NULL,NULL,2,NULL,NULL,0,NULL,0,NULL,1,NULL,0),(53,432,NULL,7,'Subject for Membership Signup','2008-04-27 08:35:54',NULL,5,NULL,NULL,NULL,NULL,2,NULL,NULL,0,NULL,0,NULL,1,NULL,0),(54,432,NULL,8,'Subject for Membership Renewal','2007-07-06 06:35:56',NULL,3,NULL,NULL,NULL,NULL,2,NULL,NULL,0,NULL,0,NULL,1,NULL,0),(55,432,NULL,10,'Subject for Pledge Acknowledgment','2007-07-24 05:05:58',NULL,6,NULL,NULL,NULL,NULL,2,NULL,NULL,0,NULL,0,NULL,1,NULL,0),(56,432,NULL,9,'Subject for Tell a Friend','2008-01-30 07:35:41',NULL,5,NULL,NULL,NULL,NULL,2,NULL,NULL,0,NULL,0,NULL,1,NULL,0),(57,432,NULL,9,'Subject for Tell a Friend','2007-08-17 01:53:47',NULL,1,NULL,NULL,NULL,NULL,2,NULL,NULL,0,NULL,0,NULL,1,NULL,0),(58,432,NULL,9,'Subject for Tell a Friend','2007-11-20 09:14:30',NULL,6,NULL,NULL,NULL,NULL,2,NULL,NULL,0,NULL,0,NULL,1,NULL,0),(59,432,NULL,7,'Subject for Membership Signup','2007-07-09 02:19:26',NULL,1,NULL,NULL,NULL,NULL,2,NULL,NULL,0,NULL,0,NULL,1,NULL,0),(60,432,NULL,7,'Subject for Membership Signup','2008-07-06 03:53:03',NULL,5,NULL,NULL,NULL,NULL,2,NULL,NULL,0,NULL,0,NULL,1,NULL,0),(61,432,NULL,7,'Subject for Membership Signup','2009-05-16 02:11:16',NULL,2,NULL,NULL,NULL,NULL,2,NULL,NULL,0,NULL,0,NULL,1,NULL,0),(62,432,NULL,8,'Subject for Membership Renewal','2008-01-13 10:36:14',NULL,2,NULL,NULL,NULL,NULL,2,NULL,NULL,0,NULL,0,NULL,1,NULL,0),(63,432,NULL,8,'Subject for Membership Renewal','2008-05-03 05:39:32',NULL,6,NULL,NULL,NULL,NULL,2,NULL,NULL,0,NULL,0,NULL,1,NULL,0),(64,432,NULL,7,'Subject for Membership Signup','2008-10-25 05:31:18',NULL,4,NULL,NULL,NULL,NULL,2,NULL,NULL,0,NULL,0,NULL,1,NULL,0),(65,432,NULL,8,'Subject for Membership Renewal','2008-04-01 04:31:56',NULL,2,NULL,NULL,NULL,NULL,2,NULL,NULL,0,NULL,0,NULL,1,NULL,0),(66,432,NULL,8,'Subject for Membership Renewal','2009-04-28 09:06:27',NULL,5,NULL,NULL,NULL,NULL,2,NULL,NULL,0,NULL,0,NULL,1,NULL,0),(67,432,NULL,8,'Subject for Membership Renewal','2007-11-20 03:26:34',NULL,2,NULL,NULL,NULL,NULL,2,NULL,NULL,0,NULL,0,NULL,1,NULL,0),(68,432,NULL,8,'Subject for Membership Renewal','2007-10-01 02:52:29',NULL,1,NULL,NULL,NULL,NULL,2,NULL,NULL,0,NULL,0,NULL,1,NULL,0),(69,432,NULL,7,'Subject for Membership Signup','2008-09-26 01:19:15',NULL,4,NULL,NULL,NULL,NULL,2,NULL,NULL,0,NULL,0,NULL,1,NULL,0),(70,432,NULL,7,'Subject for Membership Signup','2007-09-03 01:43:12',NULL,3,NULL,NULL,NULL,NULL,2,NULL,NULL,0,NULL,0,NULL,1,NULL,0),(71,432,NULL,7,'Subject for Membership Signup','2007-12-21 09:15:37',NULL,1,NULL,NULL,NULL,NULL,2,NULL,NULL,0,NULL,0,NULL,1,NULL,0),(72,432,NULL,7,'Subject for Membership Signup','2007-12-19 04:21:56',NULL,3,NULL,NULL,NULL,NULL,2,NULL,NULL,0,NULL,0,NULL,1,NULL,0),(73,432,NULL,8,'Subject for Membership Renewal','2009-05-02 06:22:39',NULL,6,NULL,NULL,NULL,NULL,2,NULL,NULL,0,NULL,0,NULL,1,NULL,0),(74,432,NULL,9,'Subject for Tell a Friend','2008-12-09 02:34:15',NULL,5,NULL,NULL,NULL,NULL,2,NULL,NULL,0,NULL,0,NULL,1,NULL,0),(75,432,NULL,7,'Subject for Membership Signup','2008-05-10 07:32:20',NULL,4,NULL,NULL,NULL,NULL,2,NULL,NULL,0,NULL,0,NULL,1,NULL,0),(76,432,NULL,7,'Subject for Membership Signup','2008-06-14 06:57:11',NULL,2,NULL,NULL,NULL,NULL,2,NULL,NULL,0,NULL,0,NULL,1,NULL,0),(77,432,NULL,7,'Subject for Membership Signup','2008-12-06 06:01:57',NULL,2,NULL,NULL,NULL,NULL,2,NULL,NULL,0,NULL,0,NULL,1,NULL,0),(78,432,NULL,7,'Subject for Membership Signup','2008-07-26 02:24:16',NULL,4,NULL,NULL,NULL,NULL,2,NULL,NULL,0,NULL,0,NULL,1,NULL,0),(79,432,NULL,10,'Subject for Pledge Acknowledgment','2007-06-20 07:42:36',NULL,5,NULL,NULL,NULL,NULL,2,NULL,NULL,0,NULL,0,NULL,1,NULL,0),(80,432,NULL,7,'Subject for Membership Signup','2008-11-17 06:50:04',NULL,3,NULL,NULL,NULL,NULL,2,NULL,NULL,0,NULL,0,NULL,1,NULL,0),(81,432,NULL,7,'Subject for Membership Signup','2008-10-25 05:37:01',NULL,2,NULL,NULL,NULL,NULL,2,NULL,NULL,0,NULL,0,NULL,1,NULL,0),(82,432,NULL,10,'Subject for Pledge Acknowledgment','2008-07-09 10:42:29',NULL,5,NULL,NULL,NULL,NULL,2,NULL,NULL,0,NULL,0,NULL,1,NULL,0),(83,432,NULL,10,'Subject for Pledge Acknowledgment','2007-06-16 10:51:48',NULL,3,NULL,NULL,NULL,NULL,2,NULL,NULL,0,NULL,0,NULL,1,NULL,0),(84,432,NULL,7,'Subject for Membership Signup','2008-05-24 01:25:54',NULL,3,NULL,NULL,NULL,NULL,2,NULL,NULL,0,NULL,0,NULL,1,NULL,0),(85,432,NULL,9,'Subject for Tell a Friend','2008-11-22 10:52:59',NULL,6,NULL,NULL,NULL,NULL,2,NULL,NULL,0,NULL,0,NULL,1,NULL,0),(86,432,NULL,10,'Subject for Pledge Acknowledgment','2007-12-07 04:50:34',NULL,6,NULL,NULL,NULL,NULL,2,NULL,NULL,0,NULL,0,NULL,1,NULL,0),(87,432,NULL,9,'Subject for Tell a Friend','2008-06-27 01:00:45',NULL,3,NULL,NULL,NULL,NULL,2,NULL,NULL,0,NULL,0,NULL,1,NULL,0),(88,432,NULL,10,'Subject for Pledge Acknowledgment','2007-11-11 01:53:24',NULL,2,NULL,NULL,NULL,NULL,2,NULL,NULL,0,NULL,0,NULL,1,NULL,0),(89,432,NULL,8,'Subject for Membership Renewal','2008-05-10 11:15:52',NULL,2,NULL,NULL,NULL,NULL,2,NULL,NULL,0,NULL,0,NULL,1,NULL,0),(90,432,NULL,9,'Subject for Tell a Friend','2007-11-28 02:40:45',NULL,1,NULL,NULL,NULL,NULL,2,NULL,NULL,0,NULL,0,NULL,1,NULL,0),(91,432,NULL,8,'Subject for Membership Renewal','2009-01-16 03:51:42',NULL,2,NULL,NULL,NULL,NULL,2,NULL,NULL,0,NULL,0,NULL,1,NULL,0),(92,432,NULL,10,'Subject for Pledge Acknowledgment','2008-05-18 09:51:12',NULL,5,NULL,NULL,NULL,NULL,2,NULL,NULL,0,NULL,0,NULL,1,NULL,0),(93,432,NULL,9,'Subject for Tell a Friend','2007-11-29 11:37:59',NULL,4,NULL,NULL,NULL,NULL,2,NULL,NULL,0,NULL,0,NULL,1,NULL,0),(94,432,NULL,8,'Subject for Membership Renewal','2007-09-05 03:52:30',NULL,5,NULL,NULL,NULL,NULL,2,NULL,NULL,0,NULL,0,NULL,1,NULL,0),(95,432,NULL,8,'Subject for Membership Renewal','2008-10-03 04:56:05',NULL,3,NULL,NULL,NULL,NULL,2,NULL,NULL,0,NULL,0,NULL,1,NULL,0),(96,432,NULL,10,'Subject for Pledge Acknowledgment','2008-07-22 05:14:17',NULL,5,NULL,NULL,NULL,NULL,2,NULL,NULL,0,NULL,0,NULL,1,NULL,0),(97,432,NULL,10,'Subject for Pledge Acknowledgment','2008-03-17 01:45:00',NULL,4,NULL,NULL,NULL,NULL,2,NULL,NULL,0,NULL,0,NULL,1,NULL,0),(98,432,NULL,7,'Subject for Membership Signup','2007-08-01 02:37:50',NULL,3,NULL,NULL,NULL,NULL,2,NULL,NULL,0,NULL,0,NULL,1,NULL,0),(99,432,NULL,10,'Subject for Pledge Acknowledgment','2008-06-24 03:19:06',NULL,3,NULL,NULL,NULL,NULL,2,NULL,NULL,0,NULL,0,NULL,1,NULL,0),(100,432,NULL,8,'Subject for Membership Renewal','2007-12-08 06:50:41',NULL,4,NULL,NULL,NULL,NULL,2,NULL,NULL,0,NULL,0,NULL,1,NULL,0),(101,432,NULL,7,'Subject for Membership Signup','2007-07-29 04:51:01',NULL,1,NULL,NULL,NULL,NULL,2,NULL,NULL,0,NULL,0,NULL,1,NULL,0),(102,432,NULL,8,'Subject for Membership Renewal','2008-09-17 02:19:32',NULL,1,NULL,NULL,NULL,NULL,2,NULL,NULL,0,NULL,0,NULL,1,NULL,0),(103,432,NULL,7,'Subject for Membership Signup','2008-08-07 07:32:11',NULL,4,NULL,NULL,NULL,NULL,2,NULL,NULL,0,NULL,0,NULL,1,NULL,0),(104,432,NULL,9,'Subject for Tell a Friend','2008-10-02 03:05:32',NULL,6,NULL,NULL,NULL,NULL,2,NULL,NULL,0,NULL,0,NULL,1,NULL,0),(105,432,NULL,7,'Subject for Membership Signup','2007-12-29 04:29:07',NULL,1,NULL,NULL,NULL,NULL,2,NULL,NULL,0,NULL,0,NULL,1,NULL,0),(106,432,NULL,7,'Subject for Membership Signup','2007-09-18 05:21:11',NULL,1,NULL,NULL,NULL,NULL,2,NULL,NULL,0,NULL,0,NULL,1,NULL,0),(107,432,NULL,7,'Subject for Membership Signup','2009-06-05 01:21:49',NULL,3,NULL,NULL,NULL,NULL,2,NULL,NULL,0,NULL,0,NULL,1,NULL,0),(108,432,NULL,10,'Subject for Pledge Acknowledgment','2008-03-12 12:26:26',NULL,3,NULL,NULL,NULL,NULL,2,NULL,NULL,0,NULL,0,NULL,1,NULL,0),(109,432,NULL,10,'Subject for Pledge Acknowledgment','2007-09-02 01:38:19',NULL,2,NULL,NULL,NULL,NULL,2,NULL,NULL,0,NULL,0,NULL,1,NULL,0),(110,432,NULL,8,'Subject for Membership Renewal','2009-04-24 11:35:38',NULL,3,NULL,NULL,NULL,NULL,2,NULL,NULL,0,NULL,0,NULL,1,NULL,0),(111,432,NULL,7,'Subject for Membership Signup','2008-08-04 02:26:18',NULL,2,NULL,NULL,NULL,NULL,2,NULL,NULL,0,NULL,0,NULL,1,NULL,0),(112,432,NULL,8,'Subject for Membership Renewal','2007-10-15 06:44:43',NULL,1,NULL,NULL,NULL,NULL,2,NULL,NULL,0,NULL,0,NULL,1,NULL,0),(113,432,NULL,8,'Subject for Membership Renewal','2008-01-08 03:17:39',NULL,5,NULL,NULL,NULL,NULL,2,NULL,NULL,0,NULL,0,NULL,1,NULL,0),(114,432,NULL,10,'Subject for Pledge Acknowledgment','2007-07-04 01:45:01',NULL,2,NULL,NULL,NULL,NULL,2,NULL,NULL,0,NULL,0,NULL,1,NULL,0),(115,432,NULL,10,'Subject for Pledge Acknowledgment','2007-07-08 06:12:40',NULL,2,NULL,NULL,NULL,NULL,2,NULL,NULL,0,NULL,0,NULL,1,NULL,0),(116,432,NULL,8,'Subject for Membership Renewal','2008-12-14 10:53:18',NULL,3,NULL,NULL,NULL,NULL,2,NULL,NULL,0,NULL,0,NULL,1,NULL,0),(117,432,NULL,9,'Subject for Tell a Friend','2007-11-21 11:11:57',NULL,4,NULL,NULL,NULL,NULL,2,NULL,NULL,0,NULL,0,NULL,1,NULL,0),(118,432,NULL,10,'Subject for Pledge Acknowledgment','2007-12-14 03:08:46',NULL,5,NULL,NULL,NULL,NULL,2,NULL,NULL,0,NULL,0,NULL,1,NULL,0),(119,432,NULL,8,'Subject for Membership Renewal','2009-06-05 07:45:22',NULL,2,NULL,NULL,NULL,NULL,2,NULL,NULL,0,NULL,0,NULL,1,NULL,0),(120,432,NULL,7,'Subject for Membership Signup','2008-02-26 10:44:38',NULL,3,NULL,NULL,NULL,NULL,2,NULL,NULL,0,NULL,0,NULL,1,NULL,0),(121,432,NULL,7,'Subject for Membership Signup','2008-09-06 03:25:08',NULL,2,NULL,NULL,NULL,NULL,2,NULL,NULL,0,NULL,0,NULL,1,NULL,0),(122,432,NULL,7,'Subject for Membership Signup','2008-11-21 01:01:02',NULL,5,NULL,NULL,NULL,NULL,2,NULL,NULL,0,NULL,0,NULL,1,NULL,0),(123,432,NULL,9,'Subject for Tell a Friend','2007-12-23 04:27:10',NULL,3,NULL,NULL,NULL,NULL,2,NULL,NULL,0,NULL,0,NULL,1,NULL,0),(124,432,NULL,10,'Subject for Pledge Acknowledgment','2009-01-12 05:55:37',NULL,1,NULL,NULL,NULL,NULL,2,NULL,NULL,0,NULL,0,NULL,1,NULL,0),(125,432,NULL,10,'Subject for Pledge Acknowledgment','2007-09-03 08:53:39',NULL,6,NULL,NULL,NULL,NULL,2,NULL,NULL,0,NULL,0,NULL,1,NULL,0),(126,432,NULL,8,'Subject for Membership Renewal','2009-01-13 07:42:05',NULL,4,NULL,NULL,NULL,NULL,2,NULL,NULL,0,NULL,0,NULL,1,NULL,0),(127,432,NULL,7,'Subject for Membership Signup','2008-10-24 09:54:07',NULL,5,NULL,NULL,NULL,NULL,2,NULL,NULL,0,NULL,0,NULL,1,NULL,0),(128,432,NULL,8,'Subject for Membership Renewal','2007-12-27 10:37:09',NULL,5,NULL,NULL,NULL,NULL,2,NULL,NULL,0,NULL,0,NULL,1,NULL,0),(129,432,NULL,8,'Subject for Membership Renewal','2007-12-30 08:33:22',NULL,3,NULL,NULL,NULL,NULL,2,NULL,NULL,0,NULL,0,NULL,1,NULL,0),(130,432,NULL,9,'Subject for Tell a Friend','2008-09-14 10:30:23',NULL,2,NULL,NULL,NULL,NULL,2,NULL,NULL,0,NULL,0,NULL,1,NULL,0),(131,432,NULL,7,'Subject for Membership Signup','2008-12-01 01:13:50',NULL,5,NULL,NULL,NULL,NULL,2,NULL,NULL,0,NULL,0,NULL,1,NULL,0),(132,432,NULL,9,'Subject for Tell a Friend','2008-09-06 09:28:54',NULL,4,NULL,NULL,NULL,NULL,2,NULL,NULL,0,NULL,0,NULL,1,NULL,0),(133,432,NULL,9,'Subject for Tell a Friend','2009-05-17 01:55:42',NULL,6,NULL,NULL,NULL,NULL,2,NULL,NULL,0,NULL,0,NULL,1,NULL,0),(134,432,NULL,7,'Subject for Membership Signup','2008-09-23 01:21:42',NULL,6,NULL,NULL,NULL,NULL,2,NULL,NULL,0,NULL,0,NULL,1,NULL,0),(135,432,NULL,8,'Subject for Membership Renewal','2009-01-20 10:47:37',NULL,2,NULL,NULL,NULL,NULL,2,NULL,NULL,0,NULL,0,NULL,1,NULL,0),(136,432,NULL,7,'Subject for Membership Signup','2008-03-06 09:07:09',NULL,6,NULL,NULL,NULL,NULL,2,NULL,NULL,0,NULL,0,NULL,1,NULL,0),(137,432,NULL,7,'Subject for Membership Signup','2008-04-24 05:14:43',NULL,5,NULL,NULL,NULL,NULL,2,NULL,NULL,0,NULL,0,NULL,1,NULL,0),(138,432,NULL,9,'Subject for Tell a Friend','2008-11-27 06:31:33',NULL,4,NULL,NULL,NULL,NULL,2,NULL,NULL,0,NULL,0,NULL,1,NULL,0),(139,432,NULL,7,'Subject for Membership Signup','2008-10-13 03:55:03',NULL,2,NULL,NULL,NULL,NULL,2,NULL,NULL,0,NULL,0,NULL,1,NULL,0),(140,432,NULL,7,'Subject for Membership Signup','2008-09-03 06:09:14',NULL,3,NULL,NULL,NULL,NULL,2,NULL,NULL,0,NULL,0,NULL,1,NULL,0),(141,432,NULL,9,'Subject for Tell a Friend','2007-07-25 04:07:01',NULL,4,NULL,NULL,NULL,NULL,2,NULL,NULL,0,NULL,0,NULL,1,NULL,0),(142,432,NULL,9,'Subject for Tell a Friend','2009-05-27 01:43:31',NULL,6,NULL,NULL,NULL,NULL,2,NULL,NULL,0,NULL,0,NULL,1,NULL,0),(143,432,NULL,8,'Subject for Membership Renewal','2008-06-21 03:46:19',NULL,1,NULL,NULL,NULL,NULL,2,NULL,NULL,0,NULL,0,NULL,1,NULL,0),(144,432,NULL,10,'Subject for Pledge Acknowledgment','2007-12-29 11:06:34',NULL,6,NULL,NULL,NULL,NULL,2,NULL,NULL,0,NULL,0,NULL,1,NULL,0),(145,432,NULL,10,'Subject for Pledge Acknowledgment','2008-10-16 06:59:22',NULL,1,NULL,NULL,NULL,NULL,2,NULL,NULL,0,NULL,0,NULL,1,NULL,0),(146,432,NULL,8,'Subject for Membership Renewal','2008-10-02 06:46:45',NULL,6,NULL,NULL,NULL,NULL,2,NULL,NULL,0,NULL,0,NULL,1,NULL,0),(147,432,NULL,10,'Subject for Pledge Acknowledgment','2008-05-28 12:54:27',NULL,2,NULL,NULL,NULL,NULL,2,NULL,NULL,0,NULL,0,NULL,1,NULL,0),(148,432,NULL,10,'Subject for Pledge Acknowledgment','2007-12-05 02:27:41',NULL,4,NULL,NULL,NULL,NULL,2,NULL,NULL,0,NULL,0,NULL,1,NULL,0),(149,432,NULL,10,'Subject for Pledge Acknowledgment','2008-09-03 07:36:07',NULL,6,NULL,NULL,NULL,NULL,2,NULL,NULL,0,NULL,0,NULL,1,NULL,0),(150,432,NULL,8,'Subject for Membership Renewal','2008-10-04 07:32:57',NULL,2,NULL,NULL,NULL,NULL,2,NULL,NULL,0,NULL,0,NULL,1,NULL,0),(151,298,NULL,8,'Subject for Membership Renewal','2007-11-22 07:38:43',NULL,6,NULL,NULL,NULL,NULL,2,NULL,NULL,0,NULL,0,NULL,1,NULL,0),(152,298,NULL,7,'Subject for Membership Signup','2008-11-17 02:40:02',NULL,2,NULL,NULL,NULL,NULL,2,NULL,NULL,0,NULL,0,NULL,1,NULL,0),(153,298,NULL,8,'Subject for Membership Renewal','2007-11-02 09:31:36',NULL,1,NULL,NULL,NULL,NULL,2,NULL,NULL,0,NULL,0,NULL,1,NULL,0),(154,298,NULL,8,'Subject for Membership Renewal','2007-12-18 07:50:04',NULL,5,NULL,NULL,NULL,NULL,2,NULL,NULL,0,NULL,0,NULL,1,NULL,0),(155,298,NULL,8,'Subject for Membership Renewal','2008-06-18 05:57:24',NULL,6,NULL,NULL,NULL,NULL,2,NULL,NULL,0,NULL,0,NULL,1,NULL,0),(156,298,NULL,9,'Subject for Tell a Friend','2008-04-01 09:44:33',NULL,1,NULL,NULL,NULL,NULL,2,NULL,NULL,0,NULL,0,NULL,1,NULL,0),(157,298,NULL,9,'Subject for Tell a Friend','2008-04-08 04:12:06',NULL,5,NULL,NULL,NULL,NULL,2,NULL,NULL,0,NULL,0,NULL,1,NULL,0),(158,298,NULL,10,'Subject for Pledge Acknowledgment','2008-05-13 05:20:41',NULL,3,NULL,NULL,NULL,NULL,2,NULL,NULL,0,NULL,0,NULL,1,NULL,0),(159,298,NULL,9,'Subject for Tell a Friend','2009-03-29 02:06:51',NULL,3,NULL,NULL,NULL,NULL,2,NULL,NULL,0,NULL,0,NULL,1,NULL,0),(160,298,NULL,10,'Subject for Pledge Acknowledgment','2008-08-20 06:53:01',NULL,4,NULL,NULL,NULL,NULL,2,NULL,NULL,0,NULL,0,NULL,1,NULL,0),(161,298,NULL,9,'Subject for Tell a Friend','2008-09-12 09:35:50',NULL,1,NULL,NULL,NULL,NULL,2,NULL,NULL,0,NULL,0,NULL,1,NULL,0),(162,298,NULL,7,'Subject for Membership Signup','2008-01-25 01:05:47',NULL,2,NULL,NULL,NULL,NULL,2,NULL,NULL,0,NULL,0,NULL,1,NULL,0),(163,298,NULL,8,'Subject for Membership Renewal','2007-09-24 08:09:29',NULL,6,NULL,NULL,NULL,NULL,2,NULL,NULL,0,NULL,0,NULL,1,NULL,0),(164,298,NULL,10,'Subject for Pledge Acknowledgment','2008-10-21 04:59:59',NULL,4,NULL,NULL,NULL,NULL,2,NULL,NULL,0,NULL,0,NULL,1,NULL,0),(165,298,NULL,9,'Subject for Tell a Friend','2008-12-02 11:30:41',NULL,5,NULL,NULL,NULL,NULL,2,NULL,NULL,0,NULL,0,NULL,1,NULL,0),(166,298,NULL,9,'Subject for Tell a Friend','2008-09-29 12:30:34',NULL,3,NULL,NULL,NULL,NULL,2,NULL,NULL,0,NULL,0,NULL,1,NULL,0),(167,298,NULL,10,'Subject for Pledge Acknowledgment','2008-10-08 01:07:04',NULL,1,NULL,NULL,NULL,NULL,2,NULL,NULL,0,NULL,0,NULL,1,NULL,0),(168,298,NULL,10,'Subject for Pledge Acknowledgment','2008-03-04 06:40:10',NULL,2,NULL,NULL,NULL,NULL,2,NULL,NULL,0,NULL,0,NULL,1,NULL,0),(169,298,NULL,7,'Subject for Membership Signup','2008-09-27 10:34:08',NULL,2,NULL,NULL,NULL,NULL,2,NULL,NULL,0,NULL,0,NULL,1,NULL,0),(170,298,NULL,7,'Subject for Membership Signup','2009-01-31 12:10:28',NULL,5,NULL,NULL,NULL,NULL,2,NULL,NULL,0,NULL,0,NULL,1,NULL,0),(171,298,NULL,10,'Subject for Pledge Acknowledgment','2008-11-13 06:42:51',NULL,5,NULL,NULL,NULL,NULL,2,NULL,NULL,0,NULL,0,NULL,1,NULL,0),(172,298,NULL,9,'Subject for Tell a Friend','2008-09-08 05:40:13',NULL,3,NULL,NULL,NULL,NULL,2,NULL,NULL,0,NULL,0,NULL,1,NULL,0),(173,298,NULL,8,'Subject for Membership Renewal','2009-05-25 02:02:36',NULL,3,NULL,NULL,NULL,NULL,2,NULL,NULL,0,NULL,0,NULL,1,NULL,0),(174,298,NULL,8,'Subject for Membership Renewal','2007-11-17 03:13:07',NULL,3,NULL,NULL,NULL,NULL,2,NULL,NULL,0,NULL,0,NULL,1,NULL,0),(175,298,NULL,10,'Subject for Pledge Acknowledgment','2008-08-07 10:49:11',NULL,1,NULL,NULL,NULL,NULL,2,NULL,NULL,0,NULL,0,NULL,1,NULL,0),(176,298,NULL,10,'Subject for Pledge Acknowledgment','2009-05-06 03:54:20',NULL,4,NULL,NULL,NULL,NULL,2,NULL,NULL,0,NULL,0,NULL,1,NULL,0),(177,298,NULL,10,'Subject for Pledge Acknowledgment','2008-06-17 05:25:21',NULL,4,NULL,NULL,NULL,NULL,2,NULL,NULL,0,NULL,0,NULL,1,NULL,0),(178,298,NULL,8,'Subject for Membership Renewal','2008-06-29 04:36:13',NULL,1,NULL,NULL,NULL,NULL,2,NULL,NULL,0,NULL,0,NULL,1,NULL,0),(179,298,NULL,8,'Subject for Membership Renewal','2009-01-23 02:56:33',NULL,6,NULL,NULL,NULL,NULL,2,NULL,NULL,0,NULL,0,NULL,1,NULL,0),(180,298,NULL,9,'Subject for Tell a Friend','2007-07-10 04:27:29',NULL,4,NULL,NULL,NULL,NULL,2,NULL,NULL,0,NULL,0,NULL,1,NULL,0),(181,298,NULL,9,'Subject for Tell a Friend','2009-04-04 09:05:09',NULL,5,NULL,NULL,NULL,NULL,2,NULL,NULL,0,NULL,0,NULL,1,NULL,0),(182,298,NULL,10,'Subject for Pledge Acknowledgment','2009-05-22 06:10:33',NULL,6,NULL,NULL,NULL,NULL,2,NULL,NULL,0,NULL,0,NULL,1,NULL,0),(183,298,NULL,10,'Subject for Pledge Acknowledgment','2008-10-09 04:41:57',NULL,4,NULL,NULL,NULL,NULL,2,NULL,NULL,0,NULL,0,NULL,1,NULL,0),(184,298,NULL,7,'Subject for Membership Signup','2008-04-02 03:20:32',NULL,2,NULL,NULL,NULL,NULL,2,NULL,NULL,0,NULL,0,NULL,1,NULL,0),(185,298,NULL,7,'Subject for Membership Signup','2009-01-24 03:24:29',NULL,2,NULL,NULL,NULL,NULL,2,NULL,NULL,0,NULL,0,NULL,1,NULL,0),(186,298,NULL,7,'Subject for Membership Signup','2009-05-03 05:23:10',NULL,1,NULL,NULL,NULL,NULL,2,NULL,NULL,0,NULL,0,NULL,1,NULL,0),(187,298,NULL,9,'Subject for Tell a Friend','2008-06-19 10:53:44',NULL,1,NULL,NULL,NULL,NULL,2,NULL,NULL,0,NULL,0,NULL,1,NULL,0),(188,298,NULL,9,'Subject for Tell a Friend','2007-06-11 02:54:13',NULL,2,NULL,NULL,NULL,NULL,2,NULL,NULL,0,NULL,0,NULL,1,NULL,0),(189,298,NULL,7,'Subject for Membership Signup','2009-04-15 06:23:54',NULL,6,NULL,NULL,NULL,NULL,2,NULL,NULL,0,NULL,0,NULL,1,NULL,0),(190,298,NULL,10,'Subject for Pledge Acknowledgment','2007-11-22 06:06:21',NULL,6,NULL,NULL,NULL,NULL,2,NULL,NULL,0,NULL,0,NULL,1,NULL,0),(191,298,NULL,10,'Subject for Pledge Acknowledgment','2009-03-04 01:55:56',NULL,2,NULL,NULL,NULL,NULL,2,NULL,NULL,0,NULL,0,NULL,1,NULL,0),(192,298,NULL,8,'Subject for Membership Renewal','2008-11-05 10:45:25',NULL,6,NULL,NULL,NULL,NULL,2,NULL,NULL,0,NULL,0,NULL,1,NULL,0),(193,298,NULL,7,'Subject for Membership Signup','2007-07-12 02:08:12',NULL,1,NULL,NULL,NULL,NULL,2,NULL,NULL,0,NULL,0,NULL,1,NULL,0),(194,298,NULL,10,'Subject for Pledge Acknowledgment','2009-04-26 04:02:40',NULL,3,NULL,NULL,NULL,NULL,2,NULL,NULL,0,NULL,0,NULL,1,NULL,0),(195,298,NULL,8,'Subject for Membership Renewal','2008-01-19 03:54:59',NULL,4,NULL,NULL,NULL,NULL,2,NULL,NULL,0,NULL,0,NULL,1,NULL,0),(196,298,NULL,10,'Subject for Pledge Acknowledgment','2009-01-16 01:20:14',NULL,5,NULL,NULL,NULL,NULL,2,NULL,NULL,0,NULL,0,NULL,1,NULL,0),(197,298,NULL,10,'Subject for Pledge Acknowledgment','2008-05-09 09:47:26',NULL,1,NULL,NULL,NULL,NULL,2,NULL,NULL,0,NULL,0,NULL,1,NULL,0),(198,298,NULL,9,'Subject for Tell a Friend','2008-10-25 04:29:48',NULL,1,NULL,NULL,NULL,NULL,2,NULL,NULL,0,NULL,0,NULL,1,NULL,0),(199,298,NULL,7,'Subject for Membership Signup','2008-08-21 07:24:50',NULL,4,NULL,NULL,NULL,NULL,2,NULL,NULL,0,NULL,0,NULL,1,NULL,0),(200,298,NULL,10,'Subject for Pledge Acknowledgment','2008-11-18 12:59:43',NULL,2,NULL,NULL,NULL,NULL,2,NULL,NULL,0,NULL,0,NULL,1,NULL,0),(201,298,NULL,10,'Subject for Pledge Acknowledgment','2009-04-19 05:50:41',NULL,4,NULL,NULL,NULL,NULL,2,NULL,NULL,0,NULL,0,NULL,1,NULL,0),(202,298,NULL,9,'Subject for Tell a Friend','2008-01-27 08:52:02',NULL,6,NULL,NULL,NULL,NULL,2,NULL,NULL,0,NULL,0,NULL,1,NULL,0),(203,298,NULL,10,'Subject for Pledge Acknowledgment','2009-03-04 09:47:35',NULL,2,NULL,NULL,NULL,NULL,2,NULL,NULL,0,NULL,0,NULL,1,NULL,0),(204,298,NULL,10,'Subject for Pledge Acknowledgment','2008-05-31 06:54:37',NULL,3,NULL,NULL,NULL,NULL,2,NULL,NULL,0,NULL,0,NULL,1,NULL,0),(205,298,NULL,7,'Subject for Membership Signup','2007-06-20 06:10:13',NULL,2,NULL,NULL,NULL,NULL,2,NULL,NULL,0,NULL,0,NULL,1,NULL,0),(206,298,NULL,10,'Subject for Pledge Acknowledgment','2008-07-21 04:16:07',NULL,1,NULL,NULL,NULL,NULL,2,NULL,NULL,0,NULL,0,NULL,1,NULL,0),(207,298,NULL,8,'Subject for Membership Renewal','2007-07-16 10:42:54',NULL,6,NULL,NULL,NULL,NULL,2,NULL,NULL,0,NULL,0,NULL,1,NULL,0),(208,298,NULL,8,'Subject for Membership Renewal','2007-06-19 11:27:15',NULL,2,NULL,NULL,NULL,NULL,2,NULL,NULL,0,NULL,0,NULL,1,NULL,0),(209,298,NULL,7,'Subject for Membership Signup','2007-09-04 06:44:07',NULL,3,NULL,NULL,NULL,NULL,2,NULL,NULL,0,NULL,0,NULL,1,NULL,0),(210,298,NULL,7,'Subject for Membership Signup','2008-02-24 07:38:36',NULL,5,NULL,NULL,NULL,NULL,2,NULL,NULL,0,NULL,0,NULL,1,NULL,0),(211,298,NULL,9,'Subject for Tell a Friend','2008-06-05 09:10:07',NULL,5,NULL,NULL,NULL,NULL,2,NULL,NULL,0,NULL,0,NULL,1,NULL,0),(212,298,NULL,7,'Subject for Membership Signup','2008-06-28 08:27:42',NULL,2,NULL,NULL,NULL,NULL,2,NULL,NULL,0,NULL,0,NULL,1,NULL,0),(213,298,NULL,10,'Subject for Pledge Acknowledgment','2007-11-12 10:26:00',NULL,3,NULL,NULL,NULL,NULL,2,NULL,NULL,0,NULL,0,NULL,1,NULL,0),(214,298,NULL,10,'Subject for Pledge Acknowledgment','2008-12-24 07:59:30',NULL,1,NULL,NULL,NULL,NULL,2,NULL,NULL,0,NULL,0,NULL,1,NULL,0),(215,298,NULL,9,'Subject for Tell a Friend','2007-08-15 08:19:32',NULL,2,NULL,NULL,NULL,NULL,2,NULL,NULL,0,NULL,0,NULL,1,NULL,0),(216,298,NULL,7,'Subject for Membership Signup','2008-12-28 04:24:45',NULL,1,NULL,NULL,NULL,NULL,2,NULL,NULL,0,NULL,0,NULL,1,NULL,0),(217,298,NULL,10,'Subject for Pledge Acknowledgment','2008-03-11 05:54:53',NULL,5,NULL,NULL,NULL,NULL,2,NULL,NULL,0,NULL,0,NULL,1,NULL,0),(218,298,NULL,10,'Subject for Pledge Acknowledgment','2008-10-06 04:07:16',NULL,6,NULL,NULL,NULL,NULL,2,NULL,NULL,0,NULL,0,NULL,1,NULL,0),(219,298,NULL,7,'Subject for Membership Signup','2009-03-03 10:45:34',NULL,4,NULL,NULL,NULL,NULL,2,NULL,NULL,0,NULL,0,NULL,1,NULL,0),(220,298,NULL,7,'Subject for Membership Signup','2009-03-22 02:41:57',NULL,5,NULL,NULL,NULL,NULL,2,NULL,NULL,0,NULL,0,NULL,1,NULL,0),(221,298,NULL,8,'Subject for Membership Renewal','2007-07-08 08:20:52',NULL,2,NULL,NULL,NULL,NULL,2,NULL,NULL,0,NULL,0,NULL,1,NULL,0),(222,298,NULL,10,'Subject for Pledge Acknowledgment','2007-07-09 07:11:46',NULL,5,NULL,NULL,NULL,NULL,2,NULL,NULL,0,NULL,0,NULL,1,NULL,0),(223,298,NULL,7,'Subject for Membership Signup','2008-07-19 01:08:25',NULL,3,NULL,NULL,NULL,NULL,2,NULL,NULL,0,NULL,0,NULL,1,NULL,0),(224,298,NULL,9,'Subject for Tell a Friend','2007-08-07 10:20:15',NULL,5,NULL,NULL,NULL,NULL,2,NULL,NULL,0,NULL,0,NULL,1,NULL,0),(225,298,NULL,10,'Subject for Pledge Acknowledgment','2007-12-15 10:16:38',NULL,3,NULL,NULL,NULL,NULL,2,NULL,NULL,0,NULL,0,NULL,1,NULL,0),(226,298,NULL,7,'Subject for Membership Signup','2009-04-05 06:40:08',NULL,6,NULL,NULL,NULL,NULL,2,NULL,NULL,0,NULL,0,NULL,1,NULL,0),(227,298,NULL,10,'Subject for Pledge Acknowledgment','2007-12-13 08:45:26',NULL,1,NULL,NULL,NULL,NULL,2,NULL,NULL,0,NULL,0,NULL,1,NULL,0),(228,298,NULL,10,'Subject for Pledge Acknowledgment','2008-09-13 01:51:38',NULL,2,NULL,NULL,NULL,NULL,2,NULL,NULL,0,NULL,0,NULL,1,NULL,0),(229,298,NULL,10,'Subject for Pledge Acknowledgment','2007-12-31 05:44:47',NULL,2,NULL,NULL,NULL,NULL,2,NULL,NULL,0,NULL,0,NULL,1,NULL,0),(230,298,NULL,8,'Subject for Membership Renewal','2009-02-15 05:22:53',NULL,2,NULL,NULL,NULL,NULL,2,NULL,NULL,0,NULL,0,NULL,1,NULL,0),(231,298,NULL,9,'Subject for Tell a Friend','2008-06-05 03:15:11',NULL,2,NULL,NULL,NULL,NULL,2,NULL,NULL,0,NULL,0,NULL,1,NULL,0),(232,298,NULL,9,'Subject for Tell a Friend','2008-02-02 07:10:27',NULL,5,NULL,NULL,NULL,NULL,2,NULL,NULL,0,NULL,0,NULL,1,NULL,0),(233,298,NULL,9,'Subject for Tell a Friend','2008-10-11 11:47:50',NULL,4,NULL,NULL,NULL,NULL,2,NULL,NULL,0,NULL,0,NULL,1,NULL,0),(234,298,NULL,9,'Subject for Tell a Friend','2008-08-17 12:19:45',NULL,1,NULL,NULL,NULL,NULL,2,NULL,NULL,0,NULL,0,NULL,1,NULL,0),(235,298,NULL,10,'Subject for Pledge Acknowledgment','2008-05-11 03:26:08',NULL,1,NULL,NULL,NULL,NULL,2,NULL,NULL,0,NULL,0,NULL,1,NULL,0),(236,298,NULL,8,'Subject for Membership Renewal','2009-01-26 02:53:41',NULL,6,NULL,NULL,NULL,NULL,2,NULL,NULL,0,NULL,0,NULL,1,NULL,0),(237,298,NULL,9,'Subject for Tell a Friend','2007-12-04 07:48:56',NULL,5,NULL,NULL,NULL,NULL,2,NULL,NULL,0,NULL,0,NULL,1,NULL,0),(238,298,NULL,7,'Subject for Membership Signup','2008-05-22 08:35:17',NULL,1,NULL,NULL,NULL,NULL,2,NULL,NULL,0,NULL,0,NULL,1,NULL,0),(239,298,NULL,7,'Subject for Membership Signup','2007-12-08 05:11:38',NULL,4,NULL,NULL,NULL,NULL,2,NULL,NULL,0,NULL,0,NULL,1,NULL,0),(240,298,NULL,10,'Subject for Pledge Acknowledgment','2009-02-20 02:13:05',NULL,2,NULL,NULL,NULL,NULL,2,NULL,NULL,0,NULL,0,NULL,1,NULL,0),(241,298,NULL,8,'Subject for Membership Renewal','2007-08-05 09:25:33',NULL,1,NULL,NULL,NULL,NULL,2,NULL,NULL,0,NULL,0,NULL,1,NULL,0),(242,298,NULL,9,'Subject for Tell a Friend','2009-01-31 07:20:53',NULL,4,NULL,NULL,NULL,NULL,2,NULL,NULL,0,NULL,0,NULL,1,NULL,0),(243,298,NULL,10,'Subject for Pledge Acknowledgment','2008-04-18 11:12:32',NULL,5,NULL,NULL,NULL,NULL,2,NULL,NULL,0,NULL,0,NULL,1,NULL,0),(244,298,NULL,8,'Subject for Membership Renewal','2009-04-26 06:59:52',NULL,3,NULL,NULL,NULL,NULL,2,NULL,NULL,0,NULL,0,NULL,1,NULL,0),(245,298,NULL,7,'Subject for Membership Signup','2009-02-24 02:16:38',NULL,2,NULL,NULL,NULL,NULL,2,NULL,NULL,0,NULL,0,NULL,1,NULL,0),(246,298,NULL,10,'Subject for Pledge Acknowledgment','2009-03-24 04:25:25',NULL,5,NULL,NULL,NULL,NULL,2,NULL,NULL,0,NULL,0,NULL,1,NULL,0),(247,298,NULL,8,'Subject for Membership Renewal','2008-03-01 11:05:38',NULL,6,NULL,NULL,NULL,NULL,2,NULL,NULL,0,NULL,0,NULL,1,NULL,0),(248,298,NULL,7,'Subject for Membership Signup','2008-05-13 10:16:24',NULL,2,NULL,NULL,NULL,NULL,2,NULL,NULL,0,NULL,0,NULL,1,NULL,0),(249,298,NULL,8,'Subject for Membership Renewal','2007-10-10 06:19:17',NULL,1,NULL,NULL,NULL,NULL,2,NULL,NULL,0,NULL,0,NULL,1,NULL,0),(250,298,NULL,8,'Subject for Membership Renewal','2008-12-29 01:54:26',NULL,1,NULL,NULL,NULL,NULL,2,NULL,NULL,0,NULL,0,NULL,1,NULL,0),(251,298,NULL,10,'Subject for Pledge Acknowledgment','2008-10-01 07:35:06',NULL,4,NULL,NULL,NULL,NULL,2,NULL,NULL,0,NULL,0,NULL,1,NULL,0),(252,298,NULL,10,'Subject for Pledge Acknowledgment','2008-02-02 11:43:42',NULL,1,NULL,NULL,NULL,NULL,2,NULL,NULL,0,NULL,0,NULL,1,NULL,0),(253,298,NULL,9,'Subject for Tell a Friend','2008-06-21 11:40:13',NULL,1,NULL,NULL,NULL,NULL,2,NULL,NULL,0,NULL,0,NULL,1,NULL,0),(254,298,NULL,9,'Subject for Tell a Friend','2008-08-13 03:23:25',NULL,5,NULL,NULL,NULL,NULL,2,NULL,NULL,0,NULL,0,NULL,1,NULL,0),(255,298,NULL,9,'Subject for Tell a Friend','2008-12-19 06:09:00',NULL,4,NULL,NULL,NULL,NULL,2,NULL,NULL,0,NULL,0,NULL,1,NULL,0),(256,298,NULL,8,'Subject for Membership Renewal','2007-08-14 11:18:19',NULL,2,NULL,NULL,NULL,NULL,2,NULL,NULL,0,NULL,0,NULL,1,NULL,0),(257,298,NULL,7,'Subject for Membership Signup','2008-01-28 05:06:39',NULL,1,NULL,NULL,NULL,NULL,2,NULL,NULL,0,NULL,0,NULL,1,NULL,0),(258,298,NULL,10,'Subject for Pledge Acknowledgment','2007-11-16 12:01:11',NULL,2,NULL,NULL,NULL,NULL,2,NULL,NULL,0,NULL,0,NULL,1,NULL,0),(259,298,NULL,8,'Subject for Membership Renewal','2007-12-16 06:10:44',NULL,6,NULL,NULL,NULL,NULL,2,NULL,NULL,0,NULL,0,NULL,1,NULL,0),(260,298,NULL,10,'Subject for Pledge Acknowledgment','2009-01-15 11:16:32',NULL,6,NULL,NULL,NULL,NULL,2,NULL,NULL,0,NULL,0,NULL,1,NULL,0),(261,298,NULL,8,'Subject for Membership Renewal','2009-02-06 02:09:51',NULL,3,NULL,NULL,NULL,NULL,2,NULL,NULL,0,NULL,0,NULL,1,NULL,0),(262,298,NULL,8,'Subject for Membership Renewal','2007-07-14 01:22:06',NULL,6,NULL,NULL,NULL,NULL,2,NULL,NULL,0,NULL,0,NULL,1,NULL,0),(263,298,NULL,7,'Subject for Membership Signup','2008-01-17 06:55:10',NULL,6,NULL,NULL,NULL,NULL,2,NULL,NULL,0,NULL,0,NULL,1,NULL,0),(264,298,NULL,10,'Subject for Pledge Acknowledgment','2009-03-16 01:40:14',NULL,2,NULL,NULL,NULL,NULL,2,NULL,NULL,0,NULL,0,NULL,1,NULL,0),(265,298,NULL,9,'Subject for Tell a Friend','2008-06-21 09:45:27',NULL,3,NULL,NULL,NULL,NULL,2,NULL,NULL,0,NULL,0,NULL,1,NULL,0),(266,298,NULL,8,'Subject for Membership Renewal','2008-10-25 09:05:01',NULL,6,NULL,NULL,NULL,NULL,2,NULL,NULL,0,NULL,0,NULL,1,NULL,0),(267,298,NULL,8,'Subject for Membership Renewal','2009-04-12 06:14:04',NULL,6,NULL,NULL,NULL,NULL,2,NULL,NULL,0,NULL,0,NULL,1,NULL,0),(268,298,NULL,8,'Subject for Membership Renewal','2008-04-26 08:38:50',NULL,6,NULL,NULL,NULL,NULL,2,NULL,NULL,0,NULL,0,NULL,1,NULL,0),(269,298,NULL,7,'Subject for Membership Signup','2008-12-28 03:26:23',NULL,1,NULL,NULL,NULL,NULL,2,NULL,NULL,0,NULL,0,NULL,1,NULL,0),(270,298,NULL,9,'Subject for Tell a Friend','2008-02-03 01:27:31',NULL,4,NULL,NULL,NULL,NULL,2,NULL,NULL,0,NULL,0,NULL,1,NULL,0),(271,298,NULL,8,'Subject for Membership Renewal','2008-11-22 09:43:15',NULL,4,NULL,NULL,NULL,NULL,2,NULL,NULL,0,NULL,0,NULL,1,NULL,0),(272,298,NULL,7,'Subject for Membership Signup','2008-08-31 10:53:14',NULL,2,NULL,NULL,NULL,NULL,2,NULL,NULL,0,NULL,0,NULL,1,NULL,0),(273,298,NULL,10,'Subject for Pledge Acknowledgment','2007-11-21 10:33:18',NULL,4,NULL,NULL,NULL,NULL,2,NULL,NULL,0,NULL,0,NULL,1,NULL,0),(274,298,NULL,9,'Subject for Tell a Friend','2008-05-20 06:15:35',NULL,4,NULL,NULL,NULL,NULL,2,NULL,NULL,0,NULL,0,NULL,1,NULL,0),(275,298,NULL,8,'Subject for Membership Renewal','2008-10-22 08:02:20',NULL,3,NULL,NULL,NULL,NULL,2,NULL,NULL,0,NULL,0,NULL,1,NULL,0),(276,298,NULL,10,'Subject for Pledge Acknowledgment','2007-10-30 08:51:56',NULL,2,NULL,NULL,NULL,NULL,2,NULL,NULL,0,NULL,0,NULL,1,NULL,0),(277,298,NULL,10,'Subject for Pledge Acknowledgment','2008-01-24 04:24:50',NULL,4,NULL,NULL,NULL,NULL,2,NULL,NULL,0,NULL,0,NULL,1,NULL,0),(278,298,NULL,8,'Subject for Membership Renewal','2007-08-21 06:42:32',NULL,3,NULL,NULL,NULL,NULL,2,NULL,NULL,0,NULL,0,NULL,1,NULL,0),(279,298,NULL,10,'Subject for Pledge Acknowledgment','2007-11-17 01:46:53',NULL,3,NULL,NULL,NULL,NULL,2,NULL,NULL,0,NULL,0,NULL,1,NULL,0),(280,298,NULL,7,'Subject for Membership Signup','2008-04-27 09:45:38',NULL,6,NULL,NULL,NULL,NULL,2,NULL,NULL,0,NULL,0,NULL,1,NULL,0),(281,298,NULL,8,'Subject for Membership Renewal','2008-04-11 04:48:42',NULL,1,NULL,NULL,NULL,NULL,2,NULL,NULL,0,NULL,0,NULL,1,NULL,0),(282,298,NULL,9,'Subject for Tell a Friend','2008-07-27 01:10:13',NULL,5,NULL,NULL,NULL,NULL,2,NULL,NULL,0,NULL,0,NULL,1,NULL,0),(283,298,NULL,9,'Subject for Tell a Friend','2007-12-08 03:40:19',NULL,3,NULL,NULL,NULL,NULL,2,NULL,NULL,0,NULL,0,NULL,1,NULL,0),(284,298,NULL,8,'Subject for Membership Renewal','2008-04-09 12:08:54',NULL,6,NULL,NULL,NULL,NULL,2,NULL,NULL,0,NULL,0,NULL,1,NULL,0),(285,298,NULL,8,'Subject for Membership Renewal','2008-10-19 01:09:05',NULL,4,NULL,NULL,NULL,NULL,2,NULL,NULL,0,NULL,0,NULL,1,NULL,0),(286,298,NULL,8,'Subject for Membership Renewal','2008-06-17 11:48:04',NULL,6,NULL,NULL,NULL,NULL,2,NULL,NULL,0,NULL,0,NULL,1,NULL,0),(287,298,NULL,8,'Subject for Membership Renewal','2009-02-14 03:28:24',NULL,2,NULL,NULL,NULL,NULL,2,NULL,NULL,0,NULL,0,NULL,1,NULL,0),(288,298,NULL,7,'Subject for Membership Signup','2008-11-12 06:30:21',NULL,4,NULL,NULL,NULL,NULL,2,NULL,NULL,0,NULL,0,NULL,1,NULL,0),(289,298,NULL,10,'Subject for Pledge Acknowledgment','2007-07-03 10:49:08',NULL,3,NULL,NULL,NULL,NULL,2,NULL,NULL,0,NULL,0,NULL,1,NULL,0),(290,298,NULL,7,'Subject for Membership Signup','2009-04-06 11:46:59',NULL,5,NULL,NULL,NULL,NULL,2,NULL,NULL,0,NULL,0,NULL,1,NULL,0),(291,298,NULL,7,'Subject for Membership Signup','2008-04-13 11:04:12',NULL,3,NULL,NULL,NULL,NULL,2,NULL,NULL,0,NULL,0,NULL,1,NULL,0),(292,298,NULL,10,'Subject for Pledge Acknowledgment','2008-12-05 04:50:55',NULL,2,NULL,NULL,NULL,NULL,2,NULL,NULL,0,NULL,0,NULL,1,NULL,0),(293,298,NULL,9,'Subject for Tell a Friend','2007-07-20 06:53:35',NULL,4,NULL,NULL,NULL,NULL,2,NULL,NULL,0,NULL,0,NULL,1,NULL,0),(294,298,NULL,8,'Subject for Membership Renewal','2009-04-24 04:19:46',NULL,6,NULL,NULL,NULL,NULL,2,NULL,NULL,0,NULL,0,NULL,1,NULL,0),(295,298,NULL,10,'Subject for Pledge Acknowledgment','2008-04-04 12:09:04',NULL,3,NULL,NULL,NULL,NULL,2,NULL,NULL,0,NULL,0,NULL,1,NULL,0),(296,298,NULL,8,'Subject for Membership Renewal','2008-08-03 04:22:21',NULL,3,NULL,NULL,NULL,NULL,2,NULL,NULL,0,NULL,0,NULL,1,NULL,0),(297,298,NULL,10,'Subject for Pledge Acknowledgment','2008-11-24 12:38:08',NULL,4,NULL,NULL,NULL,NULL,2,NULL,NULL,0,NULL,0,NULL,1,NULL,0),(298,298,NULL,10,'Subject for Pledge Acknowledgment','2008-11-26 05:08:16',NULL,5,NULL,NULL,NULL,NULL,2,NULL,NULL,0,NULL,0,NULL,1,NULL,0),(299,298,NULL,9,'Subject for Tell a Friend','2009-01-07 03:36:15',NULL,1,NULL,NULL,NULL,NULL,2,NULL,NULL,0,NULL,0,NULL,1,NULL,0),(300,298,NULL,9,'Subject for Tell a Friend','2009-04-03 06:20:24',NULL,4,NULL,NULL,NULL,NULL,2,NULL,NULL,0,NULL,0,NULL,1,NULL,0),(301,324,NULL,8,'Subject for Membership Renewal','2008-11-05 07:39:51',NULL,4,NULL,NULL,NULL,NULL,2,NULL,NULL,0,NULL,0,NULL,1,NULL,0),(302,324,NULL,9,'Subject for Tell a Friend','2008-03-14 11:44:32',NULL,3,NULL,NULL,NULL,NULL,2,NULL,NULL,0,NULL,0,NULL,1,NULL,0),(303,324,NULL,7,'Subject for Membership Signup','2009-04-06 04:59:51',NULL,6,NULL,NULL,NULL,NULL,2,NULL,NULL,0,NULL,0,NULL,1,NULL,0),(304,324,NULL,9,'Subject for Tell a Friend','2008-04-23 10:53:40',NULL,2,NULL,NULL,NULL,NULL,2,NULL,NULL,0,NULL,0,NULL,1,NULL,0),(305,324,NULL,8,'Subject for Membership Renewal','2007-08-23 04:37:35',NULL,3,NULL,NULL,NULL,NULL,2,NULL,NULL,0,NULL,0,NULL,1,NULL,0),(306,324,NULL,7,'Subject for Membership Signup','2008-08-13 02:03:47',NULL,5,NULL,NULL,NULL,NULL,2,NULL,NULL,0,NULL,0,NULL,1,NULL,0),(307,324,NULL,10,'Subject for Pledge Acknowledgment','2007-11-08 11:32:06',NULL,4,NULL,NULL,NULL,NULL,2,NULL,NULL,0,NULL,0,NULL,1,NULL,0),(308,324,NULL,7,'Subject for Membership Signup','2009-03-23 10:15:11',NULL,3,NULL,NULL,NULL,NULL,2,NULL,NULL,0,NULL,0,NULL,1,NULL,0),(309,324,NULL,8,'Subject for Membership Renewal','2009-01-23 04:48:27',NULL,1,NULL,NULL,NULL,NULL,2,NULL,NULL,0,NULL,0,NULL,1,NULL,0),(310,324,NULL,10,'Subject for Pledge Acknowledgment','2009-03-04 09:00:03',NULL,3,NULL,NULL,NULL,NULL,2,NULL,NULL,0,NULL,0,NULL,1,NULL,0),(311,324,NULL,10,'Subject for Pledge Acknowledgment','2008-01-14 05:45:07',NULL,4,NULL,NULL,NULL,NULL,2,NULL,NULL,0,NULL,0,NULL,1,NULL,0),(312,324,NULL,7,'Subject for Membership Signup','2007-07-05 10:39:02',NULL,2,NULL,NULL,NULL,NULL,2,NULL,NULL,0,NULL,0,NULL,1,NULL,0),(313,324,NULL,8,'Subject for Membership Renewal','2009-02-17 09:09:32',NULL,6,NULL,NULL,NULL,NULL,2,NULL,NULL,0,NULL,0,NULL,1,NULL,0),(314,324,NULL,8,'Subject for Membership Renewal','2007-12-20 07:37:32',NULL,2,NULL,NULL,NULL,NULL,2,NULL,NULL,0,NULL,0,NULL,1,NULL,0),(315,324,NULL,8,'Subject for Membership Renewal','2007-12-01 06:56:11',NULL,1,NULL,NULL,NULL,NULL,2,NULL,NULL,0,NULL,0,NULL,1,NULL,0),(316,324,NULL,7,'Subject for Membership Signup','2008-01-03 01:56:07',NULL,2,NULL,NULL,NULL,NULL,2,NULL,NULL,0,NULL,0,NULL,1,NULL,0),(317,324,NULL,7,'Subject for Membership Signup','2007-07-12 11:58:16',NULL,1,NULL,NULL,NULL,NULL,2,NULL,NULL,0,NULL,0,NULL,1,NULL,0),(318,324,NULL,10,'Subject for Pledge Acknowledgment','2008-10-19 12:30:43',NULL,6,NULL,NULL,NULL,NULL,2,NULL,NULL,0,NULL,0,NULL,1,NULL,0),(319,324,NULL,10,'Subject for Pledge Acknowledgment','2008-12-03 05:41:33',NULL,5,NULL,NULL,NULL,NULL,2,NULL,NULL,0,NULL,0,NULL,1,NULL,0),(320,324,NULL,7,'Subject for Membership Signup','2008-08-14 07:47:36',NULL,3,NULL,NULL,NULL,NULL,2,NULL,NULL,0,NULL,0,NULL,1,NULL,0),(321,324,NULL,8,'Subject for Membership Renewal','2009-01-24 01:36:19',NULL,4,NULL,NULL,NULL,NULL,2,NULL,NULL,0,NULL,0,NULL,1,NULL,0),(322,324,NULL,8,'Subject for Membership Renewal','2008-08-06 03:31:02',NULL,4,NULL,NULL,NULL,NULL,2,NULL,NULL,0,NULL,0,NULL,1,NULL,0),(323,324,NULL,9,'Subject for Tell a Friend','2008-01-24 12:04:20',NULL,1,NULL,NULL,NULL,NULL,2,NULL,NULL,0,NULL,0,NULL,1,NULL,0),(324,324,NULL,8,'Subject for Membership Renewal','2008-09-13 06:31:30',NULL,2,NULL,NULL,NULL,NULL,2,NULL,NULL,0,NULL,0,NULL,1,NULL,0),(325,324,NULL,9,'Subject for Tell a Friend','2007-11-12 02:50:20',NULL,4,NULL,NULL,NULL,NULL,2,NULL,NULL,0,NULL,0,NULL,1,NULL,0),(326,324,NULL,8,'Subject for Membership Renewal','2007-09-17 07:27:58',NULL,5,NULL,NULL,NULL,NULL,2,NULL,NULL,0,NULL,0,NULL,1,NULL,0),(327,324,NULL,9,'Subject for Tell a Friend','2007-10-14 07:03:51',NULL,6,NULL,NULL,NULL,NULL,2,NULL,NULL,0,NULL,0,NULL,1,NULL,0),(328,324,NULL,7,'Subject for Membership Signup','2007-11-11 06:59:59',NULL,5,NULL,NULL,NULL,NULL,2,NULL,NULL,0,NULL,0,NULL,1,NULL,0),(329,324,NULL,7,'Subject for Membership Signup','2008-06-15 12:42:44',NULL,4,NULL,NULL,NULL,NULL,2,NULL,NULL,0,NULL,0,NULL,1,NULL,0),(330,324,NULL,9,'Subject for Tell a Friend','2007-06-16 05:59:43',NULL,1,NULL,NULL,NULL,NULL,2,NULL,NULL,0,NULL,0,NULL,1,NULL,0),(331,324,NULL,10,'Subject for Pledge Acknowledgment','2008-10-05 01:34:41',NULL,1,NULL,NULL,NULL,NULL,2,NULL,NULL,0,NULL,0,NULL,1,NULL,0),(332,324,NULL,8,'Subject for Membership Renewal','2007-08-27 07:32:09',NULL,1,NULL,NULL,NULL,NULL,2,NULL,NULL,0,NULL,0,NULL,1,NULL,0),(333,324,NULL,7,'Subject for Membership Signup','2008-05-18 10:57:18',NULL,3,NULL,NULL,NULL,NULL,2,NULL,NULL,0,NULL,0,NULL,1,NULL,0),(334,324,NULL,9,'Subject for Tell a Friend','2009-03-17 04:28:23',NULL,3,NULL,NULL,NULL,NULL,2,NULL,NULL,0,NULL,0,NULL,1,NULL,0),(335,324,NULL,8,'Subject for Membership Renewal','2008-07-05 06:41:15',NULL,4,NULL,NULL,NULL,NULL,2,NULL,NULL,0,NULL,0,NULL,1,NULL,0),(336,324,NULL,9,'Subject for Tell a Friend','2008-08-23 10:46:48',NULL,6,NULL,NULL,NULL,NULL,2,NULL,NULL,0,NULL,0,NULL,1,NULL,0),(337,324,NULL,10,'Subject for Pledge Acknowledgment','2009-01-29 10:12:09',NULL,1,NULL,NULL,NULL,NULL,2,NULL,NULL,0,NULL,0,NULL,1,NULL,0),(338,324,NULL,8,'Subject for Membership Renewal','2007-12-13 07:58:39',NULL,1,NULL,NULL,NULL,NULL,2,NULL,NULL,0,NULL,0,NULL,1,NULL,0),(339,324,NULL,10,'Subject for Pledge Acknowledgment','2007-09-05 04:20:52',NULL,5,NULL,NULL,NULL,NULL,2,NULL,NULL,0,NULL,0,NULL,1,NULL,0),(340,324,NULL,9,'Subject for Tell a Friend','2008-04-24 10:27:58',NULL,3,NULL,NULL,NULL,NULL,2,NULL,NULL,0,NULL,0,NULL,1,NULL,0),(341,324,NULL,9,'Subject for Tell a Friend','2009-03-03 03:16:03',NULL,4,NULL,NULL,NULL,NULL,2,NULL,NULL,0,NULL,0,NULL,1,NULL,0),(342,324,NULL,10,'Subject for Pledge Acknowledgment','2007-06-27 07:50:25',NULL,3,NULL,NULL,NULL,NULL,2,NULL,NULL,0,NULL,0,NULL,1,NULL,0),(343,324,NULL,9,'Subject for Tell a Friend','2009-05-23 04:14:06',NULL,4,NULL,NULL,NULL,NULL,2,NULL,NULL,0,NULL,0,NULL,1,NULL,0),(344,324,NULL,8,'Subject for Membership Renewal','2008-08-16 10:16:29',NULL,2,NULL,NULL,NULL,NULL,2,NULL,NULL,0,NULL,0,NULL,1,NULL,0),(345,324,NULL,8,'Subject for Membership Renewal','2009-04-17 01:24:43',NULL,5,NULL,NULL,NULL,NULL,2,NULL,NULL,0,NULL,0,NULL,1,NULL,0),(346,324,NULL,10,'Subject for Pledge Acknowledgment','2007-11-17 08:57:56',NULL,3,NULL,NULL,NULL,NULL,2,NULL,NULL,0,NULL,0,NULL,1,NULL,0),(347,324,NULL,7,'Subject for Membership Signup','2008-02-20 07:14:39',NULL,3,NULL,NULL,NULL,NULL,2,NULL,NULL,0,NULL,0,NULL,1,NULL,0),(348,324,NULL,9,'Subject for Tell a Friend','2007-11-21 05:59:15',NULL,3,NULL,NULL,NULL,NULL,2,NULL,NULL,0,NULL,0,NULL,1,NULL,0),(349,324,NULL,10,'Subject for Pledge Acknowledgment','2007-06-18 08:10:09',NULL,4,NULL,NULL,NULL,NULL,2,NULL,NULL,0,NULL,0,NULL,1,NULL,0),(350,324,NULL,8,'Subject for Membership Renewal','2008-01-16 05:46:16',NULL,3,NULL,NULL,NULL,NULL,2,NULL,NULL,0,NULL,0,NULL,1,NULL,0),(351,324,NULL,8,'Subject for Membership Renewal','2008-07-25 05:03:49',NULL,1,NULL,NULL,NULL,NULL,2,NULL,NULL,0,NULL,0,NULL,1,NULL,0),(352,324,NULL,8,'Subject for Membership Renewal','2007-09-18 08:14:02',NULL,3,NULL,NULL,NULL,NULL,2,NULL,NULL,0,NULL,0,NULL,1,NULL,0),(353,324,NULL,8,'Subject for Membership Renewal','2008-01-01 12:25:40',NULL,3,NULL,NULL,NULL,NULL,2,NULL,NULL,0,NULL,0,NULL,1,NULL,0),(354,324,NULL,8,'Subject for Membership Renewal','2008-08-20 08:56:42',NULL,3,NULL,NULL,NULL,NULL,2,NULL,NULL,0,NULL,0,NULL,1,NULL,0),(355,324,NULL,9,'Subject for Tell a Friend','2007-11-28 11:17:19',NULL,1,NULL,NULL,NULL,NULL,2,NULL,NULL,0,NULL,0,NULL,1,NULL,0),(356,324,NULL,10,'Subject for Pledge Acknowledgment','2009-04-24 08:17:02',NULL,4,NULL,NULL,NULL,NULL,2,NULL,NULL,0,NULL,0,NULL,1,NULL,0),(357,324,NULL,9,'Subject for Tell a Friend','2008-06-27 04:38:20',NULL,4,NULL,NULL,NULL,NULL,2,NULL,NULL,0,NULL,0,NULL,1,NULL,0),(358,324,NULL,7,'Subject for Membership Signup','2008-10-05 10:38:27',NULL,2,NULL,NULL,NULL,NULL,2,NULL,NULL,0,NULL,0,NULL,1,NULL,0),(359,324,NULL,10,'Subject for Pledge Acknowledgment','2008-04-25 05:43:01',NULL,5,NULL,NULL,NULL,NULL,2,NULL,NULL,0,NULL,0,NULL,1,NULL,0),(360,324,NULL,10,'Subject for Pledge Acknowledgment','2009-01-18 05:34:40',NULL,4,NULL,NULL,NULL,NULL,2,NULL,NULL,0,NULL,0,NULL,1,NULL,0),(361,324,NULL,8,'Subject for Membership Renewal','2008-06-09 12:14:08',NULL,6,NULL,NULL,NULL,NULL,2,NULL,NULL,0,NULL,0,NULL,1,NULL,0),(362,324,NULL,10,'Subject for Pledge Acknowledgment','2008-05-20 05:51:49',NULL,2,NULL,NULL,NULL,NULL,2,NULL,NULL,0,NULL,0,NULL,1,NULL,0),(363,324,NULL,9,'Subject for Tell a Friend','2007-12-28 02:36:06',NULL,4,NULL,NULL,NULL,NULL,2,NULL,NULL,0,NULL,0,NULL,1,NULL,0),(364,324,NULL,9,'Subject for Tell a Friend','2007-10-18 01:28:47',NULL,4,NULL,NULL,NULL,NULL,2,NULL,NULL,0,NULL,0,NULL,1,NULL,0),(365,324,NULL,10,'Subject for Pledge Acknowledgment','2008-11-28 06:00:34',NULL,4,NULL,NULL,NULL,NULL,2,NULL,NULL,0,NULL,0,NULL,1,NULL,0),(366,324,NULL,8,'Subject for Membership Renewal','2008-12-26 09:17:05',NULL,1,NULL,NULL,NULL,NULL,2,NULL,NULL,0,NULL,0,NULL,1,NULL,0),(367,324,NULL,9,'Subject for Tell a Friend','2009-04-11 02:57:28',NULL,4,NULL,NULL,NULL,NULL,2,NULL,NULL,0,NULL,0,NULL,1,NULL,0),(368,324,NULL,7,'Subject for Membership Signup','2007-10-15 03:00:06',NULL,1,NULL,NULL,NULL,NULL,2,NULL,NULL,0,NULL,0,NULL,1,NULL,0),(369,324,NULL,9,'Subject for Tell a Friend','2008-01-12 01:07:42',NULL,5,NULL,NULL,NULL,NULL,2,NULL,NULL,0,NULL,0,NULL,1,NULL,0),(370,324,NULL,9,'Subject for Tell a Friend','2008-02-01 12:11:50',NULL,3,NULL,NULL,NULL,NULL,2,NULL,NULL,0,NULL,0,NULL,1,NULL,0),(371,324,NULL,10,'Subject for Pledge Acknowledgment','2009-04-25 02:03:01',NULL,2,NULL,NULL,NULL,NULL,2,NULL,NULL,0,NULL,0,NULL,1,NULL,0),(372,324,NULL,7,'Subject for Membership Signup','2008-04-29 04:23:51',NULL,5,NULL,NULL,NULL,NULL,2,NULL,NULL,0,NULL,0,NULL,1,NULL,0),(373,324,NULL,9,'Subject for Tell a Friend','2008-04-19 09:21:10',NULL,3,NULL,NULL,NULL,NULL,2,NULL,NULL,0,NULL,0,NULL,1,NULL,0),(374,324,NULL,10,'Subject for Pledge Acknowledgment','2008-07-15 08:03:43',NULL,2,NULL,NULL,NULL,NULL,2,NULL,NULL,0,NULL,0,NULL,1,NULL,0),(375,324,NULL,10,'Subject for Pledge Acknowledgment','2009-04-07 02:13:07',NULL,3,NULL,NULL,NULL,NULL,2,NULL,NULL,0,NULL,0,NULL,1,NULL,0),(376,324,NULL,8,'Subject for Membership Renewal','2007-09-29 07:46:00',NULL,1,NULL,NULL,NULL,NULL,2,NULL,NULL,0,NULL,0,NULL,1,NULL,0),(377,324,NULL,8,'Subject for Membership Renewal','2009-05-02 07:14:41',NULL,4,NULL,NULL,NULL,NULL,2,NULL,NULL,0,NULL,0,NULL,1,NULL,0),(378,324,NULL,10,'Subject for Pledge Acknowledgment','2008-12-04 08:26:19',NULL,2,NULL,NULL,NULL,NULL,2,NULL,NULL,0,NULL,0,NULL,1,NULL,0),(379,324,NULL,9,'Subject for Tell a Friend','2009-02-05 11:37:30',NULL,4,NULL,NULL,NULL,NULL,2,NULL,NULL,0,NULL,0,NULL,1,NULL,0),(380,324,NULL,9,'Subject for Tell a Friend','2008-04-14 11:01:51',NULL,1,NULL,NULL,NULL,NULL,2,NULL,NULL,0,NULL,0,NULL,1,NULL,0),(381,324,NULL,9,'Subject for Tell a Friend','2008-12-11 09:21:48',NULL,5,NULL,NULL,NULL,NULL,2,NULL,NULL,0,NULL,0,NULL,1,NULL,0),(382,324,NULL,10,'Subject for Pledge Acknowledgment','2009-05-26 11:37:43',NULL,3,NULL,NULL,NULL,NULL,2,NULL,NULL,0,NULL,0,NULL,1,NULL,0),(383,324,NULL,9,'Subject for Tell a Friend','2007-07-25 10:03:51',NULL,3,NULL,NULL,NULL,NULL,2,NULL,NULL,0,NULL,0,NULL,1,NULL,0),(384,324,NULL,7,'Subject for Membership Signup','2008-08-27 11:46:42',NULL,1,NULL,NULL,NULL,NULL,2,NULL,NULL,0,NULL,0,NULL,1,NULL,0),(385,324,NULL,10,'Subject for Pledge Acknowledgment','2008-04-26 01:32:43',NULL,2,NULL,NULL,NULL,NULL,2,NULL,NULL,0,NULL,0,NULL,1,NULL,0),(386,324,NULL,10,'Subject for Pledge Acknowledgment','2008-10-11 12:54:47',NULL,5,NULL,NULL,NULL,NULL,2,NULL,NULL,0,NULL,0,NULL,1,NULL,0),(387,324,NULL,10,'Subject for Pledge Acknowledgment','2007-07-01 09:42:41',NULL,6,NULL,NULL,NULL,NULL,2,NULL,NULL,0,NULL,0,NULL,1,NULL,0),(388,324,NULL,8,'Subject for Membership Renewal','2009-05-20 10:47:13',NULL,3,NULL,NULL,NULL,NULL,2,NULL,NULL,0,NULL,0,NULL,1,NULL,0),(389,324,NULL,9,'Subject for Tell a Friend','2009-01-10 08:29:40',NULL,2,NULL,NULL,NULL,NULL,2,NULL,NULL,0,NULL,0,NULL,1,NULL,0),(390,324,NULL,10,'Subject for Pledge Acknowledgment','2007-10-08 12:51:25',NULL,3,NULL,NULL,NULL,NULL,2,NULL,NULL,0,NULL,0,NULL,1,NULL,0),(391,324,NULL,9,'Subject for Tell a Friend','2009-01-22 02:46:25',NULL,2,NULL,NULL,NULL,NULL,2,NULL,NULL,0,NULL,0,NULL,1,NULL,0),(392,324,NULL,9,'Subject for Tell a Friend','2009-01-28 10:13:12',NULL,4,NULL,NULL,NULL,NULL,2,NULL,NULL,0,NULL,0,NULL,1,NULL,0),(393,324,NULL,7,'Subject for Membership Signup','2008-04-30 06:23:44',NULL,6,NULL,NULL,NULL,NULL,2,NULL,NULL,0,NULL,0,NULL,1,NULL,0),(394,324,NULL,7,'Subject for Membership Signup','2008-09-03 09:37:22',NULL,2,NULL,NULL,NULL,NULL,2,NULL,NULL,0,NULL,0,NULL,1,NULL,0),(395,324,NULL,7,'Subject for Membership Signup','2009-02-10 11:08:59',NULL,5,NULL,NULL,NULL,NULL,2,NULL,NULL,0,NULL,0,NULL,1,NULL,0),(396,324,NULL,8,'Subject for Membership Renewal','2008-12-10 11:48:28',NULL,5,NULL,NULL,NULL,NULL,2,NULL,NULL,0,NULL,0,NULL,1,NULL,0),(397,324,NULL,8,'Subject for Membership Renewal','2009-02-24 10:02:40',NULL,2,NULL,NULL,NULL,NULL,2,NULL,NULL,0,NULL,0,NULL,1,NULL,0),(398,324,NULL,10,'Subject for Pledge Acknowledgment','2008-07-18 10:16:08',NULL,4,NULL,NULL,NULL,NULL,2,NULL,NULL,0,NULL,0,NULL,1,NULL,0),(399,324,NULL,7,'Subject for Membership Signup','2009-04-01 09:19:43',NULL,2,NULL,NULL,NULL,NULL,2,NULL,NULL,0,NULL,0,NULL,1,NULL,0),(400,324,NULL,9,'Subject for Tell a Friend','2008-02-12 03:21:23',NULL,5,NULL,NULL,NULL,NULL,2,NULL,NULL,0,NULL,0,NULL,1,NULL,0),(401,324,NULL,9,'Subject for Tell a Friend','2007-10-13 03:28:51',NULL,5,NULL,NULL,NULL,NULL,2,NULL,NULL,0,NULL,0,NULL,1,NULL,0),(402,324,NULL,8,'Subject for Membership Renewal','2008-01-23 06:58:17',NULL,1,NULL,NULL,NULL,NULL,2,NULL,NULL,0,NULL,0,NULL,1,NULL,0),(403,324,NULL,10,'Subject for Pledge Acknowledgment','2009-05-17 10:57:07',NULL,5,NULL,NULL,NULL,NULL,2,NULL,NULL,0,NULL,0,NULL,1,NULL,0),(404,324,NULL,9,'Subject for Tell a Friend','2009-03-19 09:21:33',NULL,3,NULL,NULL,NULL,NULL,2,NULL,NULL,0,NULL,0,NULL,1,NULL,0),(405,324,NULL,10,'Subject for Pledge Acknowledgment','2008-09-13 12:19:32',NULL,3,NULL,NULL,NULL,NULL,2,NULL,NULL,0,NULL,0,NULL,1,NULL,0),(406,324,NULL,9,'Subject for Tell a Friend','2007-11-05 01:21:05',NULL,4,NULL,NULL,NULL,NULL,2,NULL,NULL,0,NULL,0,NULL,1,NULL,0),(407,324,NULL,7,'Subject for Membership Signup','2008-08-13 06:39:13',NULL,6,NULL,NULL,NULL,NULL,2,NULL,NULL,0,NULL,0,NULL,1,NULL,0),(408,324,NULL,7,'Subject for Membership Signup','2008-05-26 06:42:12',NULL,5,NULL,NULL,NULL,NULL,2,NULL,NULL,0,NULL,0,NULL,1,NULL,0),(409,324,NULL,8,'Subject for Membership Renewal','2008-01-26 02:19:02',NULL,3,NULL,NULL,NULL,NULL,2,NULL,NULL,0,NULL,0,NULL,1,NULL,0),(410,324,NULL,10,'Subject for Pledge Acknowledgment','2007-08-18 11:06:40',NULL,2,NULL,NULL,NULL,NULL,2,NULL,NULL,0,NULL,0,NULL,1,NULL,0),(411,324,NULL,9,'Subject for Tell a Friend','2008-03-10 10:31:45',NULL,5,NULL,NULL,NULL,NULL,2,NULL,NULL,0,NULL,0,NULL,1,NULL,0),(412,324,NULL,9,'Subject for Tell a Friend','2009-04-09 08:30:07',NULL,3,NULL,NULL,NULL,NULL,2,NULL,NULL,0,NULL,0,NULL,1,NULL,0),(413,324,NULL,8,'Subject for Membership Renewal','2007-12-07 06:15:41',NULL,6,NULL,NULL,NULL,NULL,2,NULL,NULL,0,NULL,0,NULL,1,NULL,0),(414,324,NULL,9,'Subject for Tell a Friend','2007-06-11 12:41:32',NULL,6,NULL,NULL,NULL,NULL,2,NULL,NULL,0,NULL,0,NULL,1,NULL,0),(415,324,NULL,7,'Subject for Membership Signup','2008-01-09 02:16:13',NULL,4,NULL,NULL,NULL,NULL,2,NULL,NULL,0,NULL,0,NULL,1,NULL,0),(416,324,NULL,9,'Subject for Tell a Friend','2009-01-04 02:32:24',NULL,1,NULL,NULL,NULL,NULL,2,NULL,NULL,0,NULL,0,NULL,1,NULL,0),(417,324,NULL,8,'Subject for Membership Renewal','2008-09-10 09:32:35',NULL,3,NULL,NULL,NULL,NULL,2,NULL,NULL,0,NULL,0,NULL,1,NULL,0),(418,324,NULL,8,'Subject for Membership Renewal','2009-04-18 07:28:32',NULL,1,NULL,NULL,NULL,NULL,2,NULL,NULL,0,NULL,0,NULL,1,NULL,0),(419,324,NULL,10,'Subject for Pledge Acknowledgment','2007-10-30 07:10:56',NULL,4,NULL,NULL,NULL,NULL,2,NULL,NULL,0,NULL,0,NULL,1,NULL,0),(420,324,NULL,9,'Subject for Tell a Friend','2009-04-05 04:44:35',NULL,1,NULL,NULL,NULL,NULL,2,NULL,NULL,0,NULL,0,NULL,1,NULL,0),(421,324,NULL,8,'Subject for Membership Renewal','2007-11-16 11:03:29',NULL,5,NULL,NULL,NULL,NULL,2,NULL,NULL,0,NULL,0,NULL,1,NULL,0),(422,324,NULL,9,'Subject for Tell a Friend','2008-10-18 01:19:28',NULL,1,NULL,NULL,NULL,NULL,2,NULL,NULL,0,NULL,0,NULL,1,NULL,0),(423,324,NULL,7,'Subject for Membership Signup','2009-03-19 10:55:25',NULL,2,NULL,NULL,NULL,NULL,2,NULL,NULL,0,NULL,0,NULL,1,NULL,0),(424,324,NULL,10,'Subject for Pledge Acknowledgment','2008-10-06 08:19:42',NULL,2,NULL,NULL,NULL,NULL,2,NULL,NULL,0,NULL,0,NULL,1,NULL,0),(425,324,NULL,10,'Subject for Pledge Acknowledgment','2008-04-02 08:11:12',NULL,2,NULL,NULL,NULL,NULL,2,NULL,NULL,0,NULL,0,NULL,1,NULL,0),(426,324,NULL,10,'Subject for Pledge Acknowledgment','2007-11-30 05:24:35',NULL,4,NULL,NULL,NULL,NULL,2,NULL,NULL,0,NULL,0,NULL,1,NULL,0),(427,324,NULL,7,'Subject for Membership Signup','2009-02-18 07:39:25',NULL,3,NULL,NULL,NULL,NULL,2,NULL,NULL,0,NULL,0,NULL,1,NULL,0),(428,324,NULL,9,'Subject for Tell a Friend','2008-06-08 03:34:23',NULL,5,NULL,NULL,NULL,NULL,2,NULL,NULL,0,NULL,0,NULL,1,NULL,0),(429,324,NULL,8,'Subject for Membership Renewal','2007-10-01 06:33:43',NULL,3,NULL,NULL,NULL,NULL,2,NULL,NULL,0,NULL,0,NULL,1,NULL,0),(430,324,NULL,7,'Subject for Membership Signup','2007-08-24 12:38:31',NULL,4,NULL,NULL,NULL,NULL,2,NULL,NULL,0,NULL,0,NULL,1,NULL,0),(431,324,NULL,8,'Subject for Membership Renewal','2009-02-17 02:58:14',NULL,3,NULL,NULL,NULL,NULL,2,NULL,NULL,0,NULL,0,NULL,1,NULL,0),(432,324,NULL,9,'Subject for Tell a Friend','2009-01-09 06:58:45',NULL,5,NULL,NULL,NULL,NULL,2,NULL,NULL,0,NULL,0,NULL,1,NULL,0),(433,324,NULL,7,'Subject for Membership Signup','2008-05-26 06:53:08',NULL,2,NULL,NULL,NULL,NULL,2,NULL,NULL,0,NULL,0,NULL,1,NULL,0),(434,324,NULL,8,'Subject for Membership Renewal','2008-08-15 12:50:53',NULL,1,NULL,NULL,NULL,NULL,2,NULL,NULL,0,NULL,0,NULL,1,NULL,0),(435,324,NULL,8,'Subject for Membership Renewal','2008-01-30 12:21:00',NULL,2,NULL,NULL,NULL,NULL,2,NULL,NULL,0,NULL,0,NULL,1,NULL,0),(436,324,NULL,9,'Subject for Tell a Friend','2008-04-19 02:46:33',NULL,2,NULL,NULL,NULL,NULL,2,NULL,NULL,0,NULL,0,NULL,1,NULL,0),(437,324,NULL,9,'Subject for Tell a Friend','2009-03-27 04:02:41',NULL,6,NULL,NULL,NULL,NULL,2,NULL,NULL,0,NULL,0,NULL,1,NULL,0),(438,324,NULL,8,'Subject for Membership Renewal','2009-04-01 03:06:26',NULL,6,NULL,NULL,NULL,NULL,2,NULL,NULL,0,NULL,0,NULL,1,NULL,0),(439,324,NULL,7,'Subject for Membership Signup','2007-08-04 08:18:51',NULL,3,NULL,NULL,NULL,NULL,2,NULL,NULL,0,NULL,0,NULL,1,NULL,0),(440,324,NULL,9,'Subject for Tell a Friend','2009-04-23 10:02:04',NULL,5,NULL,NULL,NULL,NULL,2,NULL,NULL,0,NULL,0,NULL,1,NULL,0),(441,324,NULL,7,'Subject for Membership Signup','2008-12-27 09:44:48',NULL,1,NULL,NULL,NULL,NULL,2,NULL,NULL,0,NULL,0,NULL,1,NULL,0),(442,324,NULL,10,'Subject for Pledge Acknowledgment','2007-09-21 03:43:44',NULL,5,NULL,NULL,NULL,NULL,2,NULL,NULL,0,NULL,0,NULL,1,NULL,0),(443,324,NULL,7,'Subject for Membership Signup','2007-06-20 02:21:47',NULL,2,NULL,NULL,NULL,NULL,2,NULL,NULL,0,NULL,0,NULL,1,NULL,0),(444,324,NULL,7,'Subject for Membership Signup','2007-11-10 01:35:21',NULL,4,NULL,NULL,NULL,NULL,2,NULL,NULL,0,NULL,0,NULL,1,NULL,0),(445,324,NULL,10,'Subject for Pledge Acknowledgment','2009-01-09 10:42:57',NULL,2,NULL,NULL,NULL,NULL,2,NULL,NULL,0,NULL,0,NULL,1,NULL,0),(446,324,NULL,10,'Subject for Pledge Acknowledgment','2007-07-17 11:50:39',NULL,4,NULL,NULL,NULL,NULL,2,NULL,NULL,0,NULL,0,NULL,1,NULL,0),(447,324,NULL,10,'Subject for Pledge Acknowledgment','2007-10-17 04:14:49',NULL,4,NULL,NULL,NULL,NULL,2,NULL,NULL,0,NULL,0,NULL,1,NULL,0),(448,324,NULL,10,'Subject for Pledge Acknowledgment','2008-06-08 06:01:39',NULL,2,NULL,NULL,NULL,NULL,2,NULL,NULL,0,NULL,0,NULL,1,NULL,0),(449,324,NULL,9,'Subject for Tell a Friend','2007-10-01 09:46:17',NULL,2,NULL,NULL,NULL,NULL,2,NULL,NULL,0,NULL,0,NULL,1,NULL,0),(450,324,NULL,10,'Subject for Pledge Acknowledgment','2009-01-10 08:28:16',NULL,3,NULL,NULL,NULL,NULL,2,NULL,NULL,0,NULL,0,NULL,1,NULL,0),(451,263,1,7,'General','2009-06-08 00:00:00',NULL,NULL,NULL,NULL,NULL,NULL,2,NULL,NULL,0,NULL,0,NULL,1,NULL,0),(452,120,2,7,'Student','2009-06-07 00:00:00',NULL,NULL,NULL,NULL,NULL,NULL,2,NULL,NULL,0,NULL,0,NULL,1,NULL,0),(453,474,3,7,'General','2009-06-06 00:00:00',NULL,NULL,NULL,NULL,NULL,NULL,2,NULL,NULL,0,NULL,0,NULL,1,NULL,0),(454,170,4,7,'Student','2009-06-05 00:00:00',NULL,NULL,NULL,NULL,NULL,NULL,2,NULL,NULL,0,NULL,0,NULL,1,NULL,0),(455,40,5,7,'Student','2008-06-04 00:00:00',NULL,NULL,NULL,NULL,NULL,NULL,2,NULL,NULL,0,NULL,0,NULL,1,NULL,0),(456,324,6,7,'Student','2009-06-03 00:00:00',NULL,NULL,NULL,NULL,NULL,NULL,2,NULL,NULL,0,NULL,0,NULL,1,NULL,0),(457,156,7,7,'General','2009-06-02 00:00:00',NULL,NULL,NULL,NULL,NULL,NULL,2,NULL,NULL,0,NULL,0,NULL,1,NULL,0),(458,320,8,7,'Student','2009-06-01 00:00:00',NULL,NULL,NULL,NULL,NULL,NULL,2,NULL,NULL,0,NULL,0,NULL,1,NULL,0),(459,312,9,7,'General','2009-05-31 00:00:00',NULL,NULL,NULL,NULL,NULL,NULL,2,NULL,NULL,0,NULL,0,NULL,1,NULL,0),(460,466,10,7,'General','2007-03-28 00:00:00',NULL,NULL,NULL,NULL,NULL,NULL,2,NULL,NULL,0,NULL,0,NULL,1,NULL,0),(461,478,11,7,'Lifetime','2009-05-29 00:00:00',NULL,NULL,NULL,NULL,NULL,NULL,2,NULL,NULL,0,NULL,0,NULL,1,NULL,0),(462,82,12,7,'Student','2009-05-28 00:00:00',NULL,NULL,NULL,NULL,NULL,NULL,2,NULL,NULL,0,NULL,0,NULL,1,NULL,0),(463,27,13,7,'General','2009-05-27 00:00:00',NULL,NULL,NULL,NULL,NULL,NULL,2,NULL,NULL,0,NULL,0,NULL,1,NULL,0),(464,261,14,7,'Student','2009-05-26 00:00:00',NULL,NULL,NULL,NULL,NULL,NULL,2,NULL,NULL,0,NULL,0,NULL,1,NULL,0),(465,129,15,7,'Student','2008-05-25 00:00:00',NULL,NULL,NULL,NULL,NULL,NULL,2,NULL,NULL,0,NULL,0,NULL,1,NULL,0),(466,181,16,7,'Student','2009-05-24 00:00:00',NULL,NULL,NULL,NULL,NULL,NULL,2,NULL,NULL,0,NULL,0,NULL,1,NULL,0),(467,322,17,7,'General','2009-05-23 00:00:00',NULL,NULL,NULL,NULL,NULL,NULL,2,NULL,NULL,0,NULL,0,NULL,1,NULL,0),(468,79,18,7,'Student','2009-05-22 00:00:00',NULL,NULL,NULL,NULL,NULL,NULL,2,NULL,NULL,0,NULL,0,NULL,1,NULL,0),(469,289,19,7,'General','2009-05-21 00:00:00',NULL,NULL,NULL,NULL,NULL,NULL,2,NULL,NULL,0,NULL,0,NULL,1,NULL,0),(470,88,20,7,'Student','2008-05-20 00:00:00',NULL,NULL,NULL,NULL,NULL,NULL,2,NULL,NULL,0,NULL,0,NULL,1,NULL,0),(471,94,21,7,'General','2009-05-19 00:00:00',NULL,NULL,NULL,NULL,NULL,NULL,2,NULL,NULL,0,NULL,0,NULL,1,NULL,0),(472,287,22,7,'Lifetime','2009-05-18 00:00:00',NULL,NULL,NULL,NULL,NULL,NULL,2,NULL,NULL,0,NULL,0,NULL,1,NULL,0),(473,290,23,7,'General','2009-05-17 00:00:00',NULL,NULL,NULL,NULL,NULL,NULL,2,NULL,NULL,0,NULL,0,NULL,1,NULL,0),(474,119,24,7,'Student','2009-05-16 00:00:00',NULL,NULL,NULL,NULL,NULL,NULL,2,NULL,NULL,0,NULL,0,NULL,1,NULL,0),(475,123,25,7,'General','2006-11-28 00:00:00',NULL,NULL,NULL,NULL,NULL,NULL,2,NULL,NULL,0,NULL,0,NULL,1,NULL,0),(476,460,26,7,'Student','2009-05-14 00:00:00',NULL,NULL,NULL,NULL,NULL,NULL,2,NULL,NULL,0,NULL,0,NULL,1,NULL,0),(477,183,27,7,'General','2009-05-13 00:00:00',NULL,NULL,NULL,NULL,NULL,NULL,2,NULL,NULL,0,NULL,0,NULL,1,NULL,0),(478,260,28,7,'Student','2009-05-12 00:00:00',NULL,NULL,NULL,NULL,NULL,NULL,2,NULL,NULL,0,NULL,0,NULL,1,NULL,0),(479,259,29,7,'General','2009-05-11 00:00:00',NULL,NULL,NULL,NULL,NULL,NULL,2,NULL,NULL,0,NULL,0,NULL,1,NULL,0),(480,180,30,7,'General','2006-10-19 00:00:00',NULL,NULL,NULL,NULL,NULL,NULL,2,NULL,NULL,0,NULL,0,NULL,1,NULL,0),(481,345,31,7,'General','2009-05-09 00:00:00',NULL,NULL,NULL,NULL,NULL,NULL,2,NULL,NULL,0,NULL,0,NULL,1,NULL,0),(482,359,32,7,'Student','2009-05-08 00:00:00',NULL,NULL,NULL,NULL,NULL,NULL,2,NULL,NULL,0,NULL,0,NULL,1,NULL,0),(483,399,33,7,'Lifetime','2009-05-07 00:00:00',NULL,NULL,NULL,NULL,NULL,NULL,2,NULL,NULL,0,NULL,0,NULL,1,NULL,0),(484,393,34,7,'Student','2009-05-06 00:00:00',NULL,NULL,NULL,NULL,NULL,NULL,2,NULL,NULL,0,NULL,0,NULL,1,NULL,0),(485,56,35,7,'Student','2008-05-05 00:00:00',NULL,NULL,NULL,NULL,NULL,NULL,2,NULL,NULL,0,NULL,0,NULL,1,NULL,0),(486,69,36,7,'Student','2009-05-04 00:00:00',NULL,NULL,NULL,NULL,NULL,NULL,2,NULL,NULL,0,NULL,0,NULL,1,NULL,0),(487,98,37,7,'General','2009-05-03 00:00:00',NULL,NULL,NULL,NULL,NULL,NULL,2,NULL,NULL,0,NULL,0,NULL,1,NULL,0),(488,222,38,7,'Student','2009-05-02 00:00:00',NULL,NULL,NULL,NULL,NULL,NULL,2,NULL,NULL,0,NULL,0,NULL,1,NULL,0),(489,135,39,7,'General','2009-05-01 00:00:00',NULL,NULL,NULL,NULL,NULL,NULL,2,NULL,NULL,0,NULL,0,NULL,1,NULL,0),(490,409,40,7,'Student','2008-04-30 00:00:00',NULL,NULL,NULL,NULL,NULL,NULL,2,NULL,NULL,0,NULL,0,NULL,1,NULL,0),(491,24,41,7,'General','2009-04-29 00:00:00',NULL,NULL,NULL,NULL,NULL,NULL,2,NULL,NULL,0,NULL,0,NULL,1,NULL,0),(492,436,42,7,'Student','2009-04-28 00:00:00',NULL,NULL,NULL,NULL,NULL,NULL,2,NULL,NULL,0,NULL,0,NULL,1,NULL,0),(493,423,43,7,'General','2009-04-27 00:00:00',NULL,NULL,NULL,NULL,NULL,NULL,2,NULL,NULL,0,NULL,0,NULL,1,NULL,0),(494,97,44,7,'Lifetime','2009-04-26 00:00:00',NULL,NULL,NULL,NULL,NULL,NULL,2,NULL,NULL,0,NULL,0,NULL,1,NULL,0),(495,230,45,7,'Student','2008-04-25 00:00:00',NULL,NULL,NULL,NULL,NULL,NULL,2,NULL,NULL,0,NULL,0,NULL,1,NULL,0),(496,480,46,7,'Student','2009-04-24 00:00:00',NULL,NULL,NULL,NULL,NULL,NULL,2,NULL,NULL,0,NULL,0,NULL,1,NULL,0),(497,417,47,7,'General','2009-04-23 00:00:00',NULL,NULL,NULL,NULL,NULL,NULL,2,NULL,NULL,0,NULL,0,NULL,1,NULL,0),(498,23,48,7,'Student','2009-04-22 00:00:00',NULL,NULL,NULL,NULL,NULL,NULL,2,NULL,NULL,0,NULL,0,NULL,1,NULL,0),(499,443,49,7,'General','2009-04-21 00:00:00',NULL,NULL,NULL,NULL,NULL,NULL,2,NULL,NULL,0,NULL,0,NULL,1,NULL,0),(500,176,50,7,'Student','2008-04-20 00:00:00',NULL,NULL,NULL,NULL,NULL,NULL,2,NULL,NULL,0,NULL,0,NULL,1,NULL,0),(501,157,51,7,'General','2009-04-19 00:00:00',NULL,NULL,NULL,NULL,NULL,NULL,2,NULL,NULL,0,NULL,0,NULL,1,NULL,0),(502,113,52,7,'Student','2009-04-18 00:00:00',NULL,NULL,NULL,NULL,NULL,NULL,2,NULL,NULL,0,NULL,0,NULL,1,NULL,0),(503,84,53,7,'General','2009-04-17 00:00:00',NULL,NULL,NULL,NULL,NULL,NULL,2,NULL,NULL,0,NULL,0,NULL,1,NULL,0),(504,11,54,7,'Student','2009-04-16 00:00:00',NULL,NULL,NULL,NULL,NULL,NULL,2,NULL,NULL,0,NULL,0,NULL,1,NULL,0),(505,464,55,7,'Lifetime','2009-04-15 00:00:00',NULL,NULL,NULL,NULL,NULL,NULL,2,NULL,NULL,0,NULL,0,NULL,1,NULL,0),(506,410,56,7,'Student','2009-04-14 00:00:00',NULL,NULL,NULL,NULL,NULL,NULL,2,NULL,NULL,0,NULL,0,NULL,1,NULL,0),(507,469,57,7,'General','2009-04-13 00:00:00',NULL,NULL,NULL,NULL,NULL,NULL,2,NULL,NULL,0,NULL,0,NULL,1,NULL,0),(508,86,58,7,'Student','2009-04-12 00:00:00',NULL,NULL,NULL,NULL,NULL,NULL,2,NULL,NULL,0,NULL,0,NULL,1,NULL,0),(509,5,59,7,'General','2009-04-11 00:00:00',NULL,NULL,NULL,NULL,NULL,NULL,2,NULL,NULL,0,NULL,0,NULL,1,NULL,0),(510,405,60,7,'Student','2008-04-10 00:00:00',NULL,NULL,NULL,NULL,NULL,NULL,2,NULL,NULL,0,NULL,0,NULL,1,NULL,0),(511,420,61,7,'General','2009-04-09 00:00:00',NULL,NULL,NULL,NULL,NULL,NULL,2,NULL,NULL,0,NULL,0,NULL,1,NULL,0),(512,218,62,7,'Student','2009-04-08 00:00:00',NULL,NULL,NULL,NULL,NULL,NULL,2,NULL,NULL,0,NULL,0,NULL,1,NULL,0),(513,188,63,7,'General','2009-04-07 00:00:00',NULL,NULL,NULL,NULL,NULL,NULL,2,NULL,NULL,0,NULL,0,NULL,1,NULL,0),(514,6,64,7,'Student','2009-04-06 00:00:00',NULL,NULL,NULL,NULL,NULL,NULL,2,NULL,NULL,0,NULL,0,NULL,1,NULL,0),(515,250,65,7,'Student','2008-04-05 00:00:00',NULL,NULL,NULL,NULL,NULL,NULL,2,NULL,NULL,0,NULL,0,NULL,1,NULL,0),(516,342,66,7,'Lifetime','2009-04-04 00:00:00',NULL,NULL,NULL,NULL,NULL,NULL,2,NULL,NULL,0,NULL,0,NULL,1,NULL,0),(517,278,67,7,'General','2009-04-03 00:00:00',NULL,NULL,NULL,NULL,NULL,NULL,2,NULL,NULL,0,NULL,0,NULL,1,NULL,0),(518,12,68,7,'Student','2009-04-02 00:00:00',NULL,NULL,NULL,NULL,NULL,NULL,2,NULL,NULL,0,NULL,0,NULL,1,NULL,0),(519,165,69,7,'General','2009-04-01 00:00:00',NULL,NULL,NULL,NULL,NULL,NULL,2,NULL,NULL,0,NULL,0,NULL,1,NULL,0),(520,262,70,7,'General','2005-12-03 00:00:00',NULL,NULL,NULL,NULL,NULL,NULL,2,NULL,NULL,0,NULL,0,NULL,1,NULL,0),(521,473,71,7,'General','2009-03-30 00:00:00',NULL,NULL,NULL,NULL,NULL,NULL,2,NULL,NULL,0,NULL,0,NULL,1,NULL,0),(522,71,72,7,'Student','2009-03-29 00:00:00',NULL,NULL,NULL,NULL,NULL,NULL,2,NULL,NULL,0,NULL,0,NULL,1,NULL,0),(523,323,73,7,'General','2009-03-28 00:00:00',NULL,NULL,NULL,NULL,NULL,NULL,2,NULL,NULL,0,NULL,0,NULL,1,NULL,0),(524,78,74,7,'Student','2009-03-27 00:00:00',NULL,NULL,NULL,NULL,NULL,NULL,2,NULL,NULL,0,NULL,0,NULL,1,NULL,0),(525,196,75,7,'Student','2008-03-26 00:00:00',NULL,NULL,NULL,NULL,NULL,NULL,2,NULL,NULL,0,NULL,0,NULL,1,NULL,0),(526,483,76,7,'Student','2009-03-25 00:00:00',NULL,NULL,NULL,NULL,NULL,NULL,2,NULL,NULL,0,NULL,0,NULL,1,NULL,0),(527,31,77,7,'Lifetime','2009-03-24 00:00:00',NULL,NULL,NULL,NULL,NULL,NULL,2,NULL,NULL,0,NULL,0,NULL,1,NULL,0),(528,468,78,7,'Student','2009-03-23 00:00:00',NULL,NULL,NULL,NULL,NULL,NULL,2,NULL,NULL,0,NULL,0,NULL,1,NULL,0),(529,8,79,7,'General','2009-03-22 00:00:00',NULL,NULL,NULL,NULL,NULL,NULL,2,NULL,NULL,0,NULL,0,NULL,1,NULL,0),(530,217,80,7,'Student','2008-03-21 00:00:00',NULL,NULL,NULL,NULL,NULL,NULL,2,NULL,NULL,0,NULL,0,NULL,1,NULL,0),(531,153,81,7,'General','2009-03-20 00:00:00',NULL,NULL,NULL,NULL,NULL,NULL,2,NULL,NULL,0,NULL,0,NULL,1,NULL,0),(532,193,82,7,'Student','2009-03-19 00:00:00',NULL,NULL,NULL,NULL,NULL,NULL,2,NULL,NULL,0,NULL,0,NULL,1,NULL,0),(533,239,83,7,'General','2009-03-18 00:00:00',NULL,NULL,NULL,NULL,NULL,NULL,2,NULL,NULL,0,NULL,0,NULL,1,NULL,0),(534,7,84,7,'Student','2009-03-17 00:00:00',NULL,NULL,NULL,NULL,NULL,NULL,2,NULL,NULL,0,NULL,0,NULL,1,NULL,0),(535,245,85,7,'Student','2008-03-16 00:00:00',NULL,NULL,NULL,NULL,NULL,NULL,2,NULL,NULL,0,NULL,0,NULL,1,NULL,0),(536,19,86,7,'Student','2009-03-15 00:00:00',NULL,NULL,NULL,NULL,NULL,NULL,2,NULL,NULL,0,NULL,0,NULL,1,NULL,0),(537,179,87,7,'General','2009-03-14 00:00:00',NULL,NULL,NULL,NULL,NULL,NULL,2,NULL,NULL,0,NULL,0,NULL,1,NULL,0),(538,276,88,7,'Lifetime','2009-03-13 00:00:00',NULL,NULL,NULL,NULL,NULL,NULL,2,NULL,NULL,0,NULL,0,NULL,1,NULL,0),(539,269,89,7,'General','2009-03-12 00:00:00',NULL,NULL,NULL,NULL,NULL,NULL,2,NULL,NULL,0,NULL,0,NULL,1,NULL,0),(540,282,90,7,'General','2005-06-26 00:00:00',NULL,NULL,NULL,NULL,NULL,NULL,2,NULL,NULL,0,NULL,0,NULL,1,NULL,0),(541,194,91,7,'General','2009-03-10 00:00:00',NULL,NULL,NULL,NULL,NULL,NULL,2,NULL,NULL,0,NULL,0,NULL,1,NULL,0),(542,300,92,7,'Student','2009-03-09 00:00:00',NULL,NULL,NULL,NULL,NULL,NULL,2,NULL,NULL,0,NULL,0,NULL,1,NULL,0),(543,496,93,7,'General','2009-03-08 00:00:00',NULL,NULL,NULL,NULL,NULL,NULL,2,NULL,NULL,0,NULL,0,NULL,1,NULL,0),(544,380,94,7,'Student','2009-03-07 00:00:00',NULL,NULL,NULL,NULL,NULL,NULL,2,NULL,NULL,0,NULL,0,NULL,1,NULL,0),(545,133,95,7,'Student','2008-03-06 00:00:00',NULL,NULL,NULL,NULL,NULL,NULL,2,NULL,NULL,0,NULL,0,NULL,1,NULL,0),(546,158,96,7,'Student','2009-03-05 00:00:00',NULL,NULL,NULL,NULL,NULL,NULL,2,NULL,NULL,0,NULL,0,NULL,1,NULL,0),(547,457,97,7,'General','2009-03-04 00:00:00',NULL,NULL,NULL,NULL,NULL,NULL,2,NULL,NULL,0,NULL,0,NULL,1,NULL,0),(548,333,98,7,'Student','2009-03-03 00:00:00',NULL,NULL,NULL,NULL,NULL,NULL,2,NULL,NULL,0,NULL,0,NULL,1,NULL,0),(549,438,99,7,'Lifetime','2009-03-02 00:00:00',NULL,NULL,NULL,NULL,NULL,NULL,2,NULL,NULL,0,NULL,0,NULL,1,NULL,0),(550,246,100,7,'Student','2008-03-01 00:00:00',NULL,NULL,NULL,NULL,NULL,NULL,2,NULL,NULL,0,NULL,0,NULL,1,NULL,0),(551,304,101,7,'General','2009-02-28 00:00:00',NULL,NULL,NULL,NULL,NULL,NULL,2,NULL,NULL,0,NULL,0,NULL,1,NULL,0),(552,327,102,7,'Student','2009-02-27 00:00:00',NULL,NULL,NULL,NULL,NULL,NULL,2,NULL,NULL,0,NULL,0,NULL,1,NULL,0),(553,444,103,7,'General','2009-02-26 00:00:00',NULL,NULL,NULL,NULL,NULL,NULL,2,NULL,NULL,0,NULL,0,NULL,1,NULL,0),(554,53,104,7,'Student','2009-02-25 00:00:00',NULL,NULL,NULL,NULL,NULL,NULL,2,NULL,NULL,0,NULL,0,NULL,1,NULL,0),(555,407,105,7,'Student','2008-02-25 00:00:00',NULL,NULL,NULL,NULL,NULL,NULL,2,NULL,NULL,0,NULL,0,NULL,1,NULL,0),(556,63,106,7,'Student','2009-02-23 00:00:00',NULL,NULL,NULL,NULL,NULL,NULL,2,NULL,NULL,0,NULL,0,NULL,1,NULL,0),(557,3,107,7,'General','2009-02-22 00:00:00',NULL,NULL,NULL,NULL,NULL,NULL,2,NULL,NULL,0,NULL,0,NULL,1,NULL,0),(558,314,108,7,'Student','2009-02-21 00:00:00',NULL,NULL,NULL,NULL,NULL,NULL,2,NULL,NULL,0,NULL,0,NULL,1,NULL,0),(559,291,109,7,'General','2009-02-20 00:00:00',NULL,NULL,NULL,NULL,NULL,NULL,2,NULL,NULL,0,NULL,0,NULL,1,NULL,0),(560,487,110,7,'Lifetime','2009-02-19 00:00:00',NULL,NULL,NULL,NULL,NULL,NULL,2,NULL,NULL,0,NULL,0,NULL,1,NULL,0),(561,311,111,7,'General','2009-02-18 00:00:00',NULL,NULL,NULL,NULL,NULL,NULL,2,NULL,NULL,0,NULL,0,NULL,1,NULL,0),(562,389,112,7,'Student','2009-02-17 00:00:00',NULL,NULL,NULL,NULL,NULL,NULL,2,NULL,NULL,0,NULL,0,NULL,1,NULL,0),(563,303,113,7,'General','2009-02-16 00:00:00',NULL,NULL,NULL,NULL,NULL,NULL,2,NULL,NULL,0,NULL,0,NULL,1,NULL,0),(564,270,114,7,'Student','2009-02-15 00:00:00',NULL,NULL,NULL,NULL,NULL,NULL,2,NULL,NULL,0,NULL,0,NULL,1,NULL,0),(565,441,115,7,'General','2004-12-08 00:00:00',NULL,NULL,NULL,NULL,NULL,NULL,2,NULL,NULL,0,NULL,0,NULL,1,NULL,0),(566,73,116,7,'Student','2009-02-13 00:00:00',NULL,NULL,NULL,NULL,NULL,NULL,2,NULL,NULL,0,NULL,0,NULL,1,NULL,0),(567,145,117,7,'General','2009-02-12 00:00:00',NULL,NULL,NULL,NULL,NULL,NULL,2,NULL,NULL,0,NULL,0,NULL,1,NULL,0),(568,321,118,7,'Student','2009-02-11 00:00:00',NULL,NULL,NULL,NULL,NULL,NULL,2,NULL,NULL,0,NULL,0,NULL,1,NULL,0),(569,2,119,7,'General','2009-02-10 00:00:00',NULL,NULL,NULL,NULL,NULL,NULL,2,NULL,NULL,0,NULL,0,NULL,1,NULL,0),(570,272,120,7,'General','2004-10-29 00:00:00',NULL,NULL,NULL,NULL,NULL,NULL,2,NULL,NULL,0,NULL,0,NULL,1,NULL,0),(571,151,121,7,'Lifetime','2009-02-08 00:00:00',NULL,NULL,NULL,NULL,NULL,NULL,2,NULL,NULL,0,NULL,0,NULL,1,NULL,0),(572,203,122,7,'Student','2009-02-07 00:00:00',NULL,NULL,NULL,NULL,NULL,NULL,2,NULL,NULL,0,NULL,0,NULL,1,NULL,0),(573,295,123,7,'General','2009-02-06 00:00:00',NULL,NULL,NULL,NULL,NULL,NULL,2,NULL,NULL,0,NULL,0,NULL,1,NULL,0),(574,220,124,7,'Student','2009-02-05 00:00:00',NULL,NULL,NULL,NULL,NULL,NULL,2,NULL,NULL,0,NULL,0,NULL,1,NULL,0),(575,435,125,7,'Student','2008-02-05 00:00:00',NULL,NULL,NULL,NULL,NULL,NULL,2,NULL,NULL,0,NULL,0,NULL,1,NULL,0),(576,50,126,7,'Student','2009-02-03 00:00:00',NULL,NULL,NULL,NULL,NULL,NULL,2,NULL,NULL,0,NULL,0,NULL,1,NULL,0),(577,445,127,7,'General','2009-02-02 00:00:00',NULL,NULL,NULL,NULL,NULL,NULL,2,NULL,NULL,0,NULL,0,NULL,1,NULL,0),(578,432,128,7,'Student','2009-02-01 00:00:00',NULL,NULL,NULL,NULL,NULL,NULL,2,NULL,NULL,0,NULL,0,NULL,1,NULL,0),(579,108,129,7,'General','2009-01-31 00:00:00',NULL,NULL,NULL,NULL,NULL,NULL,2,NULL,NULL,0,NULL,0,NULL,1,NULL,0),(580,330,130,7,'Student','2008-01-31 00:00:00',NULL,NULL,NULL,NULL,NULL,NULL,2,NULL,NULL,0,NULL,0,NULL,1,NULL,0),(581,51,131,7,'General','2009-01-29 00:00:00',NULL,NULL,NULL,NULL,NULL,NULL,2,NULL,NULL,0,NULL,0,NULL,1,NULL,0),(582,172,132,7,'Lifetime','2009-01-28 00:00:00',NULL,NULL,NULL,NULL,NULL,NULL,2,NULL,NULL,0,NULL,0,NULL,1,NULL,0),(583,378,133,7,'General','2009-01-27 00:00:00',NULL,NULL,NULL,NULL,NULL,NULL,2,NULL,NULL,0,NULL,0,NULL,1,NULL,0),(584,74,134,7,'Student','2009-01-26 00:00:00',NULL,NULL,NULL,NULL,NULL,NULL,2,NULL,NULL,0,NULL,0,NULL,1,NULL,0),(585,346,135,7,'Student','2008-01-26 00:00:00',NULL,NULL,NULL,NULL,NULL,NULL,2,NULL,NULL,0,NULL,0,NULL,1,NULL,0),(586,452,136,7,'Student','2009-01-24 00:00:00',NULL,NULL,NULL,NULL,NULL,NULL,2,NULL,NULL,0,NULL,0,NULL,1,NULL,0),(587,297,137,7,'General','2009-01-23 00:00:00',NULL,NULL,NULL,NULL,NULL,NULL,2,NULL,NULL,0,NULL,0,NULL,1,NULL,0),(588,14,138,7,'Student','2009-01-22 00:00:00',NULL,NULL,NULL,NULL,NULL,NULL,2,NULL,NULL,0,NULL,0,NULL,1,NULL,0),(589,296,139,7,'General','2009-01-21 00:00:00',NULL,NULL,NULL,NULL,NULL,NULL,2,NULL,NULL,0,NULL,0,NULL,1,NULL,0),(590,99,140,7,'General','2004-05-22 00:00:00',NULL,NULL,NULL,NULL,NULL,NULL,2,NULL,NULL,0,NULL,0,NULL,1,NULL,0),(591,309,141,7,'General','2009-01-19 00:00:00',NULL,NULL,NULL,NULL,NULL,NULL,2,NULL,NULL,0,NULL,0,NULL,1,NULL,0),(592,349,142,7,'Student','2009-01-18 00:00:00',NULL,NULL,NULL,NULL,NULL,NULL,2,NULL,NULL,0,NULL,0,NULL,1,NULL,0),(593,38,143,7,'Lifetime','2009-01-17 00:00:00',NULL,NULL,NULL,NULL,NULL,NULL,2,NULL,NULL,0,NULL,0,NULL,1,NULL,0),(594,168,144,7,'Student','2009-01-16 00:00:00',NULL,NULL,NULL,NULL,NULL,NULL,2,NULL,NULL,0,NULL,0,NULL,1,NULL,0),(595,46,145,7,'General','2004-04-12 00:00:00',NULL,NULL,NULL,NULL,NULL,NULL,2,NULL,NULL,0,NULL,0,NULL,1,NULL,0),(596,398,146,7,'Student','2009-01-14 00:00:00',NULL,NULL,NULL,NULL,NULL,NULL,2,NULL,NULL,0,NULL,0,NULL,1,NULL,0),(597,354,147,7,'General','2009-01-13 00:00:00',NULL,NULL,NULL,NULL,NULL,NULL,2,NULL,NULL,0,NULL,0,NULL,1,NULL,0),(598,394,148,7,'Student','2009-01-12 00:00:00',NULL,NULL,NULL,NULL,NULL,NULL,2,NULL,NULL,0,NULL,0,NULL,1,NULL,0),(599,138,149,7,'General','2009-01-11 00:00:00',NULL,NULL,NULL,NULL,NULL,NULL,2,NULL,NULL,0,NULL,0,NULL,1,NULL,0),(600,221,150,7,'Student','2008-01-11 00:00:00',NULL,NULL,NULL,NULL,NULL,NULL,2,NULL,NULL,0,NULL,0,NULL,1,NULL,0),(601,377,151,7,'General','2009-01-09 00:00:00',NULL,NULL,NULL,NULL,NULL,NULL,2,NULL,NULL,0,NULL,0,NULL,1,NULL,0),(602,159,152,7,'Student','2009-01-08 00:00:00',NULL,NULL,NULL,NULL,NULL,NULL,2,NULL,NULL,0,NULL,0,NULL,1,NULL,0),(603,210,153,7,'General','2009-01-07 00:00:00',NULL,NULL,NULL,NULL,NULL,NULL,2,NULL,NULL,0,NULL,0,NULL,1,NULL,0),(604,192,154,7,'Lifetime','2009-01-06 00:00:00',NULL,NULL,NULL,NULL,NULL,NULL,2,NULL,NULL,0,NULL,0,NULL,1,NULL,0),(605,369,155,7,'Student','2008-01-06 00:00:00',NULL,NULL,NULL,NULL,NULL,NULL,2,NULL,NULL,0,NULL,0,NULL,1,NULL,0),(606,209,156,7,'Student','2009-01-04 00:00:00',NULL,NULL,NULL,NULL,NULL,NULL,2,NULL,NULL,0,NULL,0,NULL,1,NULL,0),(607,154,157,7,'General','2009-01-03 00:00:00',NULL,NULL,NULL,NULL,NULL,NULL,2,NULL,NULL,0,NULL,0,NULL,1,NULL,0),(608,264,158,7,'Student','2009-01-02 00:00:00',NULL,NULL,NULL,NULL,NULL,NULL,2,NULL,NULL,0,NULL,0,NULL,1,NULL,0),(609,83,159,7,'General','2009-01-01 00:00:00',NULL,NULL,NULL,NULL,NULL,NULL,2,NULL,NULL,0,NULL,0,NULL,1,NULL,0),(610,258,160,7,'Student','2008-01-01 00:00:00',NULL,NULL,NULL,NULL,NULL,NULL,2,NULL,NULL,0,NULL,0,NULL,1,NULL,0),(611,455,161,7,'General','2008-12-30 00:00:00',NULL,NULL,NULL,NULL,NULL,NULL,2,NULL,NULL,0,NULL,0,NULL,1,NULL,0),(612,481,162,7,'Student','2008-12-29 00:00:00',NULL,NULL,NULL,NULL,NULL,NULL,2,NULL,NULL,0,NULL,0,NULL,1,NULL,0),(613,403,163,7,'General','2008-12-28 00:00:00',NULL,NULL,NULL,NULL,NULL,NULL,2,NULL,NULL,0,NULL,0,NULL,1,NULL,0),(614,49,164,7,'Student','2008-12-27 00:00:00',NULL,NULL,NULL,NULL,NULL,NULL,2,NULL,NULL,0,NULL,0,NULL,1,NULL,0),(615,198,165,7,'Lifetime','2008-12-26 00:00:00',NULL,NULL,NULL,NULL,NULL,NULL,2,NULL,NULL,0,NULL,0,NULL,1,NULL,0),(616,351,166,7,'Student','2008-12-25 00:00:00',NULL,NULL,NULL,NULL,NULL,NULL,2,NULL,NULL,0,NULL,0,NULL,1,NULL,0),(617,281,167,7,'General','2008-12-24 00:00:00',NULL,NULL,NULL,NULL,NULL,NULL,2,NULL,NULL,0,NULL,0,NULL,1,NULL,0),(618,219,168,7,'Student','2008-12-23 00:00:00',NULL,NULL,NULL,NULL,NULL,NULL,2,NULL,NULL,0,NULL,0,NULL,1,NULL,0),(619,112,169,7,'General','2008-12-22 00:00:00',NULL,NULL,NULL,NULL,NULL,NULL,2,NULL,NULL,0,NULL,0,NULL,1,NULL,0),(620,317,170,7,'Student','2007-12-22 00:00:00',NULL,NULL,NULL,NULL,NULL,NULL,2,NULL,NULL,0,NULL,0,NULL,1,NULL,0),(621,364,171,7,'General','2008-12-20 00:00:00',NULL,NULL,NULL,NULL,NULL,NULL,2,NULL,NULL,0,NULL,0,NULL,1,NULL,0),(622,284,172,7,'Student','2008-12-19 00:00:00',NULL,NULL,NULL,NULL,NULL,NULL,2,NULL,NULL,0,NULL,0,NULL,1,NULL,0),(623,383,173,7,'General','2008-12-18 00:00:00',NULL,NULL,NULL,NULL,NULL,NULL,2,NULL,NULL,0,NULL,0,NULL,1,NULL,0),(624,237,174,7,'Student','2008-12-17 00:00:00',NULL,NULL,NULL,NULL,NULL,NULL,2,NULL,NULL,0,NULL,0,NULL,1,NULL,0),(625,440,175,7,'Student','2007-12-17 00:00:00',NULL,NULL,NULL,NULL,NULL,NULL,2,NULL,NULL,0,NULL,0,NULL,1,NULL,0),(626,256,176,7,'Lifetime','2008-12-15 00:00:00',NULL,NULL,NULL,NULL,NULL,NULL,2,NULL,NULL,0,NULL,0,NULL,1,NULL,0),(627,229,177,7,'General','2008-12-14 00:00:00',NULL,NULL,NULL,NULL,NULL,NULL,2,NULL,NULL,0,NULL,0,NULL,1,NULL,0),(628,238,178,7,'Student','2008-12-13 00:00:00',NULL,NULL,NULL,NULL,NULL,NULL,2,NULL,NULL,0,NULL,0,NULL,1,NULL,0),(629,137,179,7,'General','2008-12-12 00:00:00',NULL,NULL,NULL,NULL,NULL,NULL,2,NULL,NULL,0,NULL,0,NULL,1,NULL,0),(630,454,180,7,'General','2003-07-07 00:00:00',NULL,NULL,NULL,NULL,NULL,NULL,2,NULL,NULL,0,NULL,0,NULL,1,NULL,0),(631,456,181,7,'General','2008-12-10 00:00:00',NULL,NULL,NULL,NULL,NULL,NULL,2,NULL,NULL,0,NULL,0,NULL,1,NULL,0),(632,160,182,7,'Student','2008-12-09 00:00:00',NULL,NULL,NULL,NULL,NULL,NULL,2,NULL,NULL,0,NULL,0,NULL,1,NULL,0),(633,298,183,7,'General','2008-12-08 00:00:00',NULL,NULL,NULL,NULL,NULL,NULL,2,NULL,NULL,0,NULL,0,NULL,1,NULL,0),(634,228,184,7,'Student','2008-12-07 00:00:00',NULL,NULL,NULL,NULL,NULL,NULL,2,NULL,NULL,0,NULL,0,NULL,1,NULL,0),(635,362,185,7,'General','2003-05-28 00:00:00',NULL,NULL,NULL,NULL,NULL,NULL,2,NULL,NULL,0,NULL,0,NULL,1,NULL,0),(636,212,186,7,'Student','2008-12-05 00:00:00',NULL,NULL,NULL,NULL,NULL,NULL,2,NULL,NULL,0,NULL,0,NULL,1,NULL,0),(637,18,187,7,'Lifetime','2008-12-04 00:00:00',NULL,NULL,NULL,NULL,NULL,NULL,2,NULL,NULL,0,NULL,0,NULL,1,NULL,0),(638,434,188,7,'Student','2008-12-03 00:00:00',NULL,NULL,NULL,NULL,NULL,NULL,2,NULL,NULL,0,NULL,0,NULL,1,NULL,0),(639,147,189,7,'General','2008-12-02 00:00:00',NULL,NULL,NULL,NULL,NULL,NULL,2,NULL,NULL,0,NULL,0,NULL,1,NULL,0),(640,127,190,7,'Student','2007-12-02 00:00:00',NULL,NULL,NULL,NULL,NULL,NULL,2,NULL,NULL,0,NULL,0,NULL,1,NULL,0),(641,4,191,7,'General','2008-11-30 00:00:00',NULL,NULL,NULL,NULL,NULL,NULL,2,NULL,NULL,0,NULL,0,NULL,1,NULL,0),(642,421,192,7,'Student','2008-11-29 00:00:00',NULL,NULL,NULL,NULL,NULL,NULL,2,NULL,NULL,0,NULL,0,NULL,1,NULL,0),(643,253,193,7,'General','2008-11-28 00:00:00',NULL,NULL,NULL,NULL,NULL,NULL,2,NULL,NULL,0,NULL,0,NULL,1,NULL,0),(644,85,194,7,'Student','2008-11-27 00:00:00',NULL,NULL,NULL,NULL,NULL,NULL,2,NULL,NULL,0,NULL,0,NULL,1,NULL,0),(645,30,195,7,'General','2003-03-09 00:00:00',NULL,NULL,NULL,NULL,NULL,NULL,2,NULL,NULL,0,NULL,0,NULL,1,NULL,0),(646,235,196,7,'Student','2008-11-25 00:00:00',NULL,NULL,NULL,NULL,NULL,NULL,2,NULL,NULL,0,NULL,0,NULL,1,NULL,0),(647,214,197,7,'General','2008-11-24 00:00:00',NULL,NULL,NULL,NULL,NULL,NULL,2,NULL,NULL,0,NULL,0,NULL,1,NULL,0),(648,169,198,7,'Lifetime','2008-11-23 00:00:00',NULL,NULL,NULL,NULL,NULL,NULL,2,NULL,NULL,0,NULL,0,NULL,1,NULL,0),(649,344,199,7,'General','2008-11-22 00:00:00',NULL,NULL,NULL,NULL,NULL,NULL,2,NULL,NULL,0,NULL,0,NULL,1,NULL,0),(650,189,200,7,'Student','2007-11-22 00:00:00',NULL,NULL,NULL,NULL,NULL,NULL,2,NULL,NULL,0,NULL,0,NULL,1,NULL,0),(651,255,201,7,'General','2008-11-20 00:00:00',NULL,NULL,NULL,NULL,NULL,NULL,2,NULL,NULL,0,NULL,0,NULL,1,NULL,0),(652,199,202,7,'Student','2008-11-19 00:00:00',NULL,NULL,NULL,NULL,NULL,NULL,2,NULL,NULL,0,NULL,0,NULL,1,NULL,0),(653,479,203,7,'General','2008-11-18 00:00:00',NULL,NULL,NULL,NULL,NULL,NULL,2,NULL,NULL,0,NULL,0,NULL,1,NULL,0),(654,110,204,7,'Student','2008-11-17 00:00:00',NULL,NULL,NULL,NULL,NULL,NULL,2,NULL,NULL,0,NULL,0,NULL,1,NULL,0),(655,451,205,7,'General','2002-12-19 00:00:00',NULL,NULL,NULL,NULL,NULL,NULL,2,NULL,NULL,0,NULL,0,NULL,1,NULL,0),(656,143,206,7,'Student','2008-11-15 00:00:00',NULL,NULL,NULL,NULL,NULL,NULL,2,NULL,NULL,0,NULL,0,NULL,1,NULL,0),(657,307,207,7,'General','2008-11-14 00:00:00',NULL,NULL,NULL,NULL,NULL,NULL,2,NULL,NULL,0,NULL,0,NULL,1,NULL,0),(658,20,208,7,'Student','2008-11-13 00:00:00',NULL,NULL,NULL,NULL,NULL,NULL,2,NULL,NULL,0,NULL,0,NULL,1,NULL,0),(659,213,209,7,'Lifetime','2008-11-12 00:00:00',NULL,NULL,NULL,NULL,NULL,NULL,2,NULL,NULL,0,NULL,0,NULL,1,NULL,0),(660,387,210,7,'General','2002-11-09 00:00:00',NULL,NULL,NULL,NULL,NULL,NULL,2,NULL,NULL,0,NULL,0,NULL,1,NULL,0),(661,326,211,7,'General','2008-11-10 00:00:00',NULL,NULL,NULL,NULL,NULL,NULL,2,NULL,NULL,0,NULL,0,NULL,1,NULL,0),(662,55,212,7,'Student','2008-11-09 00:00:00',NULL,NULL,NULL,NULL,NULL,NULL,2,NULL,NULL,0,NULL,0,NULL,1,NULL,0),(663,128,213,7,'General','2008-11-08 00:00:00',NULL,NULL,NULL,NULL,NULL,NULL,2,NULL,NULL,0,NULL,0,NULL,1,NULL,0),(664,173,214,7,'Student','2008-11-07 00:00:00',NULL,NULL,NULL,NULL,NULL,NULL,2,NULL,NULL,0,NULL,0,NULL,1,NULL,0),(665,247,215,7,'General','2002-09-30 00:00:00',NULL,NULL,NULL,NULL,NULL,NULL,2,NULL,NULL,0,NULL,0,NULL,1,NULL,0),(666,33,216,7,'Student','2008-11-05 00:00:00',NULL,NULL,NULL,NULL,NULL,NULL,2,NULL,NULL,0,NULL,0,NULL,1,NULL,0),(667,336,217,7,'General','2008-11-04 00:00:00',NULL,NULL,NULL,NULL,NULL,NULL,2,NULL,NULL,0,NULL,0,NULL,1,NULL,0),(668,175,218,7,'Student','2008-11-03 00:00:00',NULL,NULL,NULL,NULL,NULL,NULL,2,NULL,NULL,0,NULL,0,NULL,1,NULL,0),(669,22,219,7,'General','2008-11-02 00:00:00',NULL,NULL,NULL,NULL,NULL,NULL,2,NULL,NULL,0,NULL,0,NULL,1,NULL,0),(670,375,220,7,'Lifetime','2008-11-01 00:00:00',NULL,NULL,NULL,NULL,NULL,NULL,2,NULL,NULL,0,NULL,0,NULL,1,NULL,0),(671,144,221,7,'General','2008-10-31 00:00:00',NULL,NULL,NULL,NULL,NULL,NULL,2,NULL,NULL,0,NULL,0,NULL,1,NULL,0),(672,206,222,7,'Student','2008-10-30 00:00:00',NULL,NULL,NULL,NULL,NULL,NULL,2,NULL,NULL,0,NULL,0,NULL,1,NULL,0),(673,315,223,7,'General','2008-10-29 00:00:00',NULL,NULL,NULL,NULL,NULL,NULL,2,NULL,NULL,0,NULL,0,NULL,1,NULL,0),(674,340,224,7,'Student','2008-10-28 00:00:00',NULL,NULL,NULL,NULL,NULL,NULL,2,NULL,NULL,0,NULL,0,NULL,1,NULL,0),(675,332,225,7,'Student','2007-10-28 00:00:00',NULL,NULL,NULL,NULL,NULL,NULL,2,NULL,NULL,0,NULL,0,NULL,1,NULL,0),(676,152,226,7,'Student','2008-10-26 00:00:00',NULL,NULL,NULL,NULL,NULL,NULL,2,NULL,NULL,0,NULL,0,NULL,1,NULL,0),(677,385,227,7,'General','2008-10-25 00:00:00',NULL,NULL,NULL,NULL,NULL,NULL,2,NULL,NULL,0,NULL,0,NULL,1,NULL,0),(678,35,228,7,'Student','2008-10-24 00:00:00',NULL,NULL,NULL,NULL,NULL,NULL,2,NULL,NULL,0,NULL,0,NULL,1,NULL,0),(679,204,229,7,'General','2008-10-23 00:00:00',NULL,NULL,NULL,NULL,NULL,NULL,2,NULL,NULL,0,NULL,0,NULL,1,NULL,0),(680,288,230,7,'General','2002-06-02 00:00:00',NULL,NULL,NULL,NULL,NULL,NULL,2,NULL,NULL,0,NULL,0,NULL,1,NULL,0),(681,122,231,7,'Lifetime','2008-10-21 00:00:00',NULL,NULL,NULL,NULL,NULL,NULL,2,NULL,NULL,0,NULL,0,NULL,1,NULL,0),(682,182,232,7,'Student','2008-10-20 00:00:00',NULL,NULL,NULL,NULL,NULL,NULL,2,NULL,NULL,0,NULL,0,NULL,1,NULL,0),(683,348,233,7,'General','2008-10-19 00:00:00',NULL,NULL,NULL,NULL,NULL,NULL,2,NULL,NULL,0,NULL,0,NULL,1,NULL,0),(684,361,234,7,'Student','2008-10-18 00:00:00',NULL,NULL,NULL,NULL,NULL,NULL,2,NULL,NULL,0,NULL,0,NULL,1,NULL,0),(685,249,235,7,'General','2002-04-23 00:00:00',NULL,NULL,NULL,NULL,NULL,NULL,2,NULL,NULL,0,NULL,0,NULL,1,NULL,0),(686,467,236,7,'Student','2008-10-16 00:00:00',NULL,NULL,NULL,NULL,NULL,NULL,2,NULL,NULL,0,NULL,0,NULL,1,NULL,0),(687,227,237,7,'General','2008-10-15 00:00:00',NULL,NULL,NULL,NULL,NULL,NULL,2,NULL,NULL,0,NULL,0,NULL,1,NULL,0),(688,211,238,7,'Student','2008-10-14 00:00:00',NULL,NULL,NULL,NULL,NULL,NULL,2,NULL,NULL,0,NULL,0,NULL,1,NULL,0),(689,200,239,7,'General','2008-10-13 00:00:00',NULL,NULL,NULL,NULL,NULL,NULL,2,NULL,NULL,0,NULL,0,NULL,1,NULL,0),(690,422,240,7,'General','2002-03-14 00:00:00',NULL,NULL,NULL,NULL,NULL,NULL,2,NULL,NULL,0,NULL,0,NULL,1,NULL,0),(691,161,241,7,'General','2008-10-11 00:00:00',NULL,NULL,NULL,NULL,NULL,NULL,2,NULL,NULL,0,NULL,0,NULL,1,NULL,0),(692,265,242,7,'Lifetime','2008-10-10 00:00:00',NULL,NULL,NULL,NULL,NULL,NULL,2,NULL,NULL,0,NULL,0,NULL,1,NULL,0),(693,117,243,7,'General','2008-10-09 00:00:00',NULL,NULL,NULL,NULL,NULL,NULL,2,NULL,NULL,0,NULL,0,NULL,1,NULL,0),(694,103,244,7,'Student','2008-10-08 00:00:00',NULL,NULL,NULL,NULL,NULL,NULL,2,NULL,NULL,0,NULL,0,NULL,1,NULL,0),(695,396,245,7,'General','2002-02-02 00:00:00',NULL,NULL,NULL,NULL,NULL,NULL,2,NULL,NULL,0,NULL,0,NULL,1,NULL,0),(696,92,246,7,'Student','2008-10-06 00:00:00',NULL,NULL,NULL,NULL,NULL,NULL,2,NULL,NULL,0,NULL,0,NULL,1,NULL,0),(697,331,247,7,'General','2008-10-05 00:00:00',NULL,NULL,NULL,NULL,NULL,NULL,2,NULL,NULL,0,NULL,0,NULL,1,NULL,0),(698,130,248,7,'Student','2008-10-04 00:00:00',NULL,NULL,NULL,NULL,NULL,NULL,2,NULL,NULL,0,NULL,0,NULL,1,NULL,0),(699,39,249,7,'General','2008-10-03 00:00:00',NULL,NULL,NULL,NULL,NULL,NULL,2,NULL,NULL,0,NULL,0,NULL,1,NULL,0),(700,328,250,7,'General','2001-12-24 00:00:00',NULL,NULL,NULL,NULL,NULL,NULL,2,NULL,NULL,0,NULL,0,NULL,1,NULL,0),(701,139,251,7,'General','2008-10-01 00:00:00',NULL,NULL,NULL,NULL,NULL,NULL,2,NULL,NULL,0,NULL,0,NULL,1,NULL,0),(702,132,252,7,'Student','2008-09-30 00:00:00',NULL,NULL,NULL,NULL,NULL,NULL,2,NULL,NULL,0,NULL,0,NULL,1,NULL,0),(703,397,253,7,'Lifetime','2008-09-29 00:00:00',NULL,NULL,NULL,NULL,NULL,NULL,2,NULL,NULL,0,NULL,0,NULL,1,NULL,0),(704,13,254,7,'Student','2008-09-28 00:00:00',NULL,NULL,NULL,NULL,NULL,NULL,2,NULL,NULL,0,NULL,0,NULL,1,NULL,0),(705,459,255,7,'General','2001-11-14 00:00:00',NULL,NULL,NULL,NULL,NULL,NULL,2,NULL,NULL,0,NULL,0,NULL,1,NULL,0),(706,131,256,7,'Student','2008-09-26 00:00:00',NULL,NULL,NULL,NULL,NULL,NULL,2,NULL,NULL,0,NULL,0,NULL,1,NULL,0),(707,490,257,7,'General','2008-09-25 00:00:00',NULL,NULL,NULL,NULL,NULL,NULL,2,NULL,NULL,0,NULL,0,NULL,1,NULL,0),(708,376,258,7,'Student','2008-09-24 00:00:00',NULL,NULL,NULL,NULL,NULL,NULL,2,NULL,NULL,0,NULL,0,NULL,1,NULL,0),(709,257,259,7,'General','2008-09-23 00:00:00',NULL,NULL,NULL,NULL,NULL,NULL,2,NULL,NULL,0,NULL,0,NULL,1,NULL,0),(710,461,260,7,'General','2001-10-05 00:00:00',NULL,NULL,NULL,NULL,NULL,NULL,2,NULL,NULL,0,NULL,0,NULL,1,NULL,0),(711,353,261,7,'General','2008-09-21 00:00:00',NULL,NULL,NULL,NULL,NULL,NULL,2,NULL,NULL,0,NULL,0,NULL,1,NULL,0),(712,475,262,7,'Student','2008-09-20 00:00:00',NULL,NULL,NULL,NULL,NULL,NULL,2,NULL,NULL,0,NULL,0,NULL,1,NULL,0),(713,268,263,7,'General','2008-09-19 00:00:00',NULL,NULL,NULL,NULL,NULL,NULL,2,NULL,NULL,0,NULL,0,NULL,1,NULL,0),(714,223,264,7,'Lifetime','2008-09-18 00:00:00',NULL,NULL,NULL,NULL,NULL,NULL,2,NULL,NULL,0,NULL,0,NULL,1,NULL,0),(715,37,265,7,'Student','2007-09-18 00:00:00',NULL,NULL,NULL,NULL,NULL,NULL,2,NULL,NULL,0,NULL,0,NULL,1,NULL,0),(716,48,266,7,'Student','2008-09-16 00:00:00',NULL,NULL,NULL,NULL,NULL,NULL,2,NULL,NULL,0,NULL,0,NULL,1,NULL,0),(717,305,267,7,'General','2008-09-15 00:00:00',NULL,NULL,NULL,NULL,NULL,NULL,2,NULL,NULL,0,NULL,0,NULL,1,NULL,0),(718,411,268,7,'Student','2008-09-14 00:00:00',NULL,NULL,NULL,NULL,NULL,NULL,2,NULL,NULL,0,NULL,0,NULL,1,NULL,0),(719,68,269,7,'General','2008-09-13 00:00:00',NULL,NULL,NULL,NULL,NULL,NULL,2,NULL,NULL,0,NULL,0,NULL,1,NULL,0),(720,489,270,7,'Student','2007-09-13 00:00:00',NULL,NULL,NULL,NULL,NULL,NULL,2,NULL,NULL,0,NULL,0,NULL,1,NULL,0),(721,90,271,7,'General','2008-09-11 00:00:00',NULL,NULL,NULL,NULL,NULL,NULL,2,NULL,NULL,0,NULL,0,NULL,1,NULL,0),(722,70,272,7,'Student','2008-09-10 00:00:00',NULL,NULL,NULL,NULL,NULL,NULL,2,NULL,NULL,0,NULL,0,NULL,1,NULL,0),(723,488,273,7,'General','2008-09-09 00:00:00',NULL,NULL,NULL,NULL,NULL,NULL,2,NULL,NULL,0,NULL,0,NULL,1,NULL,0),(724,21,274,7,'Student','2008-09-08 00:00:00',NULL,NULL,NULL,NULL,NULL,NULL,2,NULL,NULL,0,NULL,0,NULL,1,NULL,0),(725,101,275,7,'Lifetime','2008-09-07 00:00:00',NULL,NULL,NULL,NULL,NULL,NULL,2,NULL,NULL,0,NULL,0,NULL,1,NULL,0),(726,462,276,7,'Student','2008-09-06 00:00:00',NULL,NULL,NULL,NULL,NULL,NULL,2,NULL,NULL,0,NULL,0,NULL,1,NULL,0),(727,52,277,7,'General','2008-09-05 00:00:00',NULL,NULL,NULL,NULL,NULL,NULL,2,NULL,NULL,0,NULL,0,NULL,1,NULL,0),(728,244,278,7,'Student','2008-09-04 00:00:00',NULL,NULL,NULL,NULL,NULL,NULL,2,NULL,NULL,0,NULL,0,NULL,1,NULL,0),(729,355,279,7,'General','2008-09-03 00:00:00',NULL,NULL,NULL,NULL,NULL,NULL,2,NULL,NULL,0,NULL,0,NULL,1,NULL,0),(730,379,280,7,'Student','2007-09-03 00:00:00',NULL,NULL,NULL,NULL,NULL,NULL,2,NULL,NULL,0,NULL,0,NULL,1,NULL,0),(731,58,281,7,'General','2008-09-01 00:00:00',NULL,NULL,NULL,NULL,NULL,NULL,2,NULL,NULL,0,NULL,0,NULL,1,NULL,0),(732,140,282,7,'Student','2008-08-31 00:00:00',NULL,NULL,NULL,NULL,NULL,NULL,2,NULL,NULL,0,NULL,0,NULL,1,NULL,0),(733,185,283,7,'General','2008-08-30 00:00:00',NULL,NULL,NULL,NULL,NULL,NULL,2,NULL,NULL,0,NULL,0,NULL,1,NULL,0),(734,316,284,7,'Student','2008-08-29 00:00:00',NULL,NULL,NULL,NULL,NULL,NULL,2,NULL,NULL,0,NULL,0,NULL,1,NULL,0),(735,382,285,7,'Student','2007-08-29 00:00:00',NULL,NULL,NULL,NULL,NULL,NULL,2,NULL,NULL,0,NULL,0,NULL,1,NULL,0),(736,242,286,7,'Lifetime','2008-08-27 00:00:00',NULL,NULL,NULL,NULL,NULL,NULL,2,NULL,NULL,0,NULL,0,NULL,1,NULL,0),(737,449,287,7,'General','2008-08-26 00:00:00',NULL,NULL,NULL,NULL,NULL,NULL,2,NULL,NULL,0,NULL,0,NULL,1,NULL,0),(738,274,288,7,'Student','2008-08-25 00:00:00',NULL,NULL,NULL,NULL,NULL,NULL,2,NULL,NULL,0,NULL,0,NULL,1,NULL,0),(739,430,289,7,'General','2008-08-24 00:00:00',NULL,NULL,NULL,NULL,NULL,NULL,2,NULL,NULL,0,NULL,0,NULL,1,NULL,0),(740,453,290,7,'General','2001-02-07 00:00:00',NULL,NULL,NULL,NULL,NULL,NULL,2,NULL,NULL,0,NULL,0,NULL,1,NULL,0),(741,125,291,7,'General','2008-08-22 00:00:00',NULL,NULL,NULL,NULL,NULL,NULL,2,NULL,NULL,0,NULL,0,NULL,1,NULL,0),(742,67,292,7,'Student','2008-08-21 00:00:00',NULL,NULL,NULL,NULL,NULL,NULL,2,NULL,NULL,0,NULL,0,NULL,1,NULL,0),(743,166,293,7,'General','2008-08-20 00:00:00',NULL,NULL,NULL,NULL,NULL,NULL,2,NULL,NULL,0,NULL,0,NULL,1,NULL,0),(744,252,294,7,'Student','2008-08-19 00:00:00',NULL,NULL,NULL,NULL,NULL,NULL,2,NULL,NULL,0,NULL,0,NULL,1,NULL,0),(745,433,295,7,'Student','2007-08-19 00:00:00',NULL,NULL,NULL,NULL,NULL,NULL,2,NULL,NULL,0,NULL,0,NULL,1,NULL,0),(746,404,296,7,'Student','2008-08-17 00:00:00',NULL,NULL,NULL,NULL,NULL,NULL,2,NULL,NULL,0,NULL,0,NULL,1,NULL,0),(747,373,297,7,'Lifetime','2008-08-16 00:00:00',NULL,NULL,NULL,NULL,NULL,NULL,2,NULL,NULL,0,NULL,0,NULL,1,NULL,0),(748,36,298,7,'Student','2008-08-15 00:00:00',NULL,NULL,NULL,NULL,NULL,NULL,2,NULL,NULL,0,NULL,0,NULL,1,NULL,0),(749,465,299,7,'General','2008-08-14 00:00:00',NULL,NULL,NULL,NULL,NULL,NULL,2,NULL,NULL,0,NULL,0,NULL,1,NULL,0),(750,395,300,7,'General','2000-11-19 00:00:00',NULL,NULL,NULL,NULL,NULL,NULL,2,NULL,NULL,0,NULL,0,NULL,1,NULL,0),(751,107,301,7,'General','2008-08-12 00:00:00',NULL,NULL,NULL,NULL,NULL,NULL,2,NULL,NULL,0,NULL,0,NULL,1,NULL,0),(752,76,302,7,'Student','2008-08-11 00:00:00',NULL,NULL,NULL,NULL,NULL,NULL,2,NULL,NULL,0,NULL,0,NULL,1,NULL,0),(753,400,303,7,'General','2008-08-10 00:00:00',NULL,NULL,NULL,NULL,NULL,NULL,2,NULL,NULL,0,NULL,0,NULL,1,NULL,0),(754,241,304,7,'Student','2008-08-09 00:00:00',NULL,NULL,NULL,NULL,NULL,NULL,2,NULL,NULL,0,NULL,0,NULL,1,NULL,0),(755,368,305,7,'Student','2007-08-09 00:00:00',NULL,NULL,NULL,NULL,NULL,NULL,2,NULL,NULL,0,NULL,0,NULL,1,NULL,0),(756,243,306,7,'Student','2008-08-07 00:00:00',NULL,NULL,NULL,NULL,NULL,NULL,2,NULL,NULL,0,NULL,0,NULL,1,NULL,0),(757,392,307,7,'General','2008-08-06 00:00:00',NULL,NULL,NULL,NULL,NULL,NULL,2,NULL,NULL,0,NULL,0,NULL,1,NULL,0),(758,164,308,7,'Lifetime','2008-08-05 00:00:00',NULL,NULL,NULL,NULL,NULL,NULL,2,NULL,NULL,0,NULL,0,NULL,1,NULL,0),(759,205,309,7,'General','2008-08-04 00:00:00',NULL,NULL,NULL,NULL,NULL,NULL,2,NULL,NULL,0,NULL,0,NULL,1,NULL,0),(760,251,310,7,'Student','2007-08-04 00:00:00',NULL,NULL,NULL,NULL,NULL,NULL,2,NULL,NULL,0,NULL,0,NULL,1,NULL,0),(761,485,311,7,'General','2008-08-02 00:00:00',NULL,NULL,NULL,NULL,NULL,NULL,2,NULL,NULL,0,NULL,0,NULL,1,NULL,0),(762,136,312,7,'Student','2008-08-01 00:00:00',NULL,NULL,NULL,NULL,NULL,NULL,2,NULL,NULL,0,NULL,0,NULL,1,NULL,0),(763,493,313,7,'General','2008-07-31 00:00:00',NULL,NULL,NULL,NULL,NULL,NULL,2,NULL,NULL,0,NULL,0,NULL,1,NULL,0),(764,484,314,7,'Student','2008-07-30 00:00:00',NULL,NULL,NULL,NULL,NULL,NULL,2,NULL,NULL,0,NULL,0,NULL,1,NULL,0),(765,104,315,7,'Student','2007-07-30 00:00:00',NULL,NULL,NULL,NULL,NULL,NULL,2,NULL,NULL,0,NULL,0,NULL,1,NULL,0),(766,208,316,7,'Student','2008-07-28 00:00:00',NULL,NULL,NULL,NULL,NULL,NULL,2,NULL,NULL,0,NULL,0,NULL,1,NULL,0),(767,87,317,7,'General','2008-07-27 00:00:00',NULL,NULL,NULL,NULL,NULL,NULL,2,NULL,NULL,0,NULL,0,NULL,1,NULL,0),(768,167,318,7,'Student','2008-07-26 00:00:00',NULL,NULL,NULL,NULL,NULL,NULL,2,NULL,NULL,0,NULL,0,NULL,1,NULL,0),(769,184,319,7,'Lifetime','2008-07-25 00:00:00',NULL,NULL,NULL,NULL,NULL,NULL,2,NULL,NULL,0,NULL,0,NULL,1,NULL,0),(770,126,320,7,'Student','2007-07-25 00:00:00',NULL,NULL,NULL,NULL,NULL,NULL,2,NULL,NULL,0,NULL,0,NULL,1,NULL,0),(771,337,321,7,'General','2008-07-23 00:00:00',NULL,NULL,NULL,NULL,NULL,NULL,2,NULL,NULL,0,NULL,0,NULL,1,NULL,0),(772,273,322,7,'Student','2008-07-22 00:00:00',NULL,NULL,NULL,NULL,NULL,NULL,2,NULL,NULL,0,NULL,0,NULL,1,NULL,0),(773,171,323,7,'General','2008-07-21 00:00:00',NULL,NULL,NULL,NULL,NULL,NULL,2,NULL,NULL,0,NULL,0,NULL,1,NULL,0),(774,201,324,7,'Student','2008-07-20 00:00:00',NULL,NULL,NULL,NULL,NULL,NULL,2,NULL,NULL,0,NULL,0,NULL,1,NULL,0),(775,293,325,7,'Student','2007-07-20 00:00:00',NULL,NULL,NULL,NULL,NULL,NULL,2,NULL,NULL,0,NULL,0,NULL,1,NULL,0),(776,285,326,7,'Student','2008-07-18 00:00:00',NULL,NULL,NULL,NULL,NULL,NULL,2,NULL,NULL,0,NULL,0,NULL,1,NULL,0),(777,15,327,7,'General','2008-07-17 00:00:00',NULL,NULL,NULL,NULL,NULL,NULL,2,NULL,NULL,0,NULL,0,NULL,1,NULL,0),(778,494,328,7,'Student','2008-07-16 00:00:00',NULL,NULL,NULL,NULL,NULL,NULL,2,NULL,NULL,0,NULL,0,NULL,1,NULL,0),(779,363,329,7,'General','2008-07-15 00:00:00',NULL,NULL,NULL,NULL,NULL,NULL,2,NULL,NULL,0,NULL,0,NULL,1,NULL,0),(780,319,330,7,'Lifetime','2008-07-14 00:00:00',NULL,NULL,NULL,NULL,NULL,NULL,2,NULL,NULL,0,NULL,0,NULL,1,NULL,0),(781,32,331,7,'General','2008-07-13 00:00:00',NULL,NULL,NULL,NULL,NULL,NULL,2,NULL,NULL,0,NULL,0,NULL,1,NULL,0),(782,501,332,7,'Student','2008-07-12 00:00:00',NULL,NULL,NULL,NULL,NULL,NULL,2,NULL,NULL,0,NULL,0,NULL,1,NULL,0),(783,499,333,7,'General','2008-07-11 00:00:00',NULL,NULL,NULL,NULL,NULL,NULL,2,NULL,NULL,0,NULL,0,NULL,1,NULL,0),(784,477,334,7,'Student','2008-07-10 00:00:00',NULL,NULL,NULL,NULL,NULL,NULL,2,NULL,NULL,0,NULL,0,NULL,1,NULL,0),(785,275,335,7,'Student','2007-07-10 00:00:00',NULL,NULL,NULL,NULL,NULL,NULL,2,NULL,NULL,0,NULL,0,NULL,1,NULL,0),(786,231,336,7,'Student','2008-07-08 00:00:00',NULL,NULL,NULL,NULL,NULL,NULL,2,NULL,NULL,0,NULL,0,NULL,1,NULL,0),(787,45,337,7,'General','2008-07-07 00:00:00',NULL,NULL,NULL,NULL,NULL,NULL,2,NULL,NULL,0,NULL,0,NULL,1,NULL,0),(788,162,338,7,'Student','2008-07-06 00:00:00',NULL,NULL,NULL,NULL,NULL,NULL,2,NULL,NULL,0,NULL,0,NULL,1,NULL,0),(789,57,339,7,'General','2008-07-05 00:00:00',NULL,NULL,NULL,NULL,NULL,NULL,2,NULL,NULL,0,NULL,0,NULL,1,NULL,0),(790,89,340,7,'Student','2007-07-05 00:00:00',NULL,NULL,NULL,NULL,NULL,NULL,2,NULL,NULL,0,NULL,0,NULL,1,NULL,0),(791,216,341,7,'Lifetime','2008-07-03 00:00:00',NULL,NULL,NULL,NULL,NULL,NULL,2,NULL,NULL,0,NULL,0,NULL,1,NULL,0),(792,187,342,7,'Student','2008-07-02 00:00:00',NULL,NULL,NULL,NULL,NULL,NULL,2,NULL,NULL,0,NULL,0,NULL,1,NULL,0),(793,34,343,7,'General','2008-07-01 00:00:00',NULL,NULL,NULL,NULL,NULL,NULL,2,NULL,NULL,0,NULL,0,NULL,1,NULL,0),(794,286,344,7,'Student','2008-06-30 00:00:00',NULL,NULL,NULL,NULL,NULL,NULL,2,NULL,NULL,0,NULL,0,NULL,1,NULL,0),(795,292,345,7,'Student','2007-06-30 00:00:00',NULL,NULL,NULL,NULL,NULL,NULL,2,NULL,NULL,0,NULL,0,NULL,1,NULL,0),(796,386,346,7,'Student','2008-06-28 00:00:00',NULL,NULL,NULL,NULL,NULL,NULL,2,NULL,NULL,0,NULL,0,NULL,1,NULL,0),(797,29,347,7,'General','2008-06-27 00:00:00',NULL,NULL,NULL,NULL,NULL,NULL,2,NULL,NULL,0,NULL,0,NULL,1,NULL,0),(798,424,348,7,'Student','2008-06-26 00:00:00',NULL,NULL,NULL,NULL,NULL,NULL,2,NULL,NULL,0,NULL,0,NULL,1,NULL,0),(799,267,349,7,'General','2008-06-25 00:00:00',NULL,NULL,NULL,NULL,NULL,NULL,2,NULL,NULL,0,NULL,0,NULL,1,NULL,0),(800,357,350,7,'Student','2007-06-25 00:00:00',NULL,NULL,NULL,NULL,NULL,NULL,2,NULL,NULL,0,NULL,0,NULL,1,NULL,0);
/*!40000 ALTER TABLE `civicrm_activity` ENABLE KEYS */;
UNLOCK TABLES;

--
-- Dumping data for table `civicrm_activity_assignment`
--

LOCK TABLES `civicrm_activity_assignment` WRITE;
/*!40000 ALTER TABLE `civicrm_activity_assignment` DISABLE KEYS */;
INSERT INTO `civicrm_activity_assignment` (`id`, `activity_id`, `assignee_contact_id`) VALUES (21,64,1),(97,394,1),(86,317,2),(13,43,3),(61,209,4),(108,441,4),(23,70,5),(67,223,5),(102,415,5),(28,77,6),(73,257,6),(24,71,7),(37,106,7),(5,11,9),(8,16,9),(64,216,9),(7,15,10),(1,1,16),(48,139,18),(14,44,19),(47,137,19),(76,272,19),(16,49,20),(17,53,22),(22,69,22),(60,205,22),(79,290,22),(91,347,22),(19,60,23),(55,185,24),(85,316,27),(33,98,28),(25,72,29),(107,439,29),(34,101,30),(49,140,33),(66,220,33),(38,107,36),(96,393,37),(29,78,38),(32,84,42),(54,184,43),(36,105,46),(53,170,46),(89,329,47),(99,399,48),(101,408,48),(2,4,50),(12,38,51),(69,238,51),(20,61,52),(39,111,53),(98,395,53),(100,407,53),(41,121,54),(46,136,54),(75,269,54),(78,288,54),(72,248,55),(9,18,57),(74,263,57),(90,333,57),(106,433,60),(30,80,61),(18,59,62),(42,122,62),(77,280,62),(11,24,64),(50,152,65),(58,193,65),(63,212,66),(84,312,66),(51,162,67),(65,219,68),(70,239,69),(43,127,70),(27,76,71),(15,46,73),(44,131,74),(105,430,74),(52,169,75),(81,303,75),(10,19,76),(56,186,77),(6,14,79),(40,120,79),(62,210,79),(3,7,80),(95,384,81),(92,358,82),(59,199,83),(88,328,83),(109,443,86),(31,81,87),(83,308,87),(35,103,88),(82,306,88),(94,372,89),(93,368,90),(26,75,91),(68,226,91),(103,423,92),(87,320,93),(110,444,94),(4,10,96),(104,427,97),(45,134,98),(57,189,99),(71,245,100),(80,291,100);
/*!40000 ALTER TABLE `civicrm_activity_assignment` ENABLE KEYS */;
UNLOCK TABLES;

--
-- Dumping data for table `civicrm_activity_target`
--

LOCK TABLES `civicrm_activity_target` WRITE;
/*!40000 ALTER TABLE `civicrm_activity_target` DISABLE KEYS */;
INSERT INTO `civicrm_activity_target` (`id`, `activity_id`, `target_contact_id`) VALUES (7,36,3),(80,373,3),(97,422,3),(98,428,4),(46,233,5),(94,414,5),(18,93,6),(90,404,6),(9,48,7),(12,57,7),(31,161,7),(40,202,8),(81,379,9),(36,181,12),(44,231,13),(102,440,13),(74,357,15),(38,188,16),(71,343,17),(3,21,18),(65,327,18),(89,401,19),(41,211,22),(53,265,22),(86,391,22),(64,325,23),(55,274,27),(21,123,28),(66,330,28),(100,436,29),(5,34,30),(28,156,30),(33,166,30),(39,198,30),(72,348,31),(10,50,36),(13,58,36),(14,74,36),(52,255,36),(43,224,37),(30,159,38),(96,420,39),(91,406,40),(69,340,41),(63,323,44),(93,412,44),(76,364,45),(82,380,46),(1,6,48),(67,334,48),(45,232,49),(4,33,51),(88,400,51),(50,253,54),(34,172,57),(51,254,57),(47,234,58),(56,282,58),(19,104,59),(59,299,59),(95,416,61),(68,336,63),(84,383,63),(79,370,64),(92,411,64),(103,449,64),(24,133,65),(20,117,66),(26,141,66),(48,237,66),(60,300,66),(54,270,70),(77,367,70),(75,363,71),(23,132,72),(87,392,72),(29,157,73),(85,389,73),(15,85,75),(49,242,75),(16,87,77),(62,304,77),(78,369,77),(17,90,80),(11,56,81),(22,130,81),(27,142,82),(101,437,83),(58,293,84),(83,381,85),(99,432,86),(2,17,87),(70,341,88),(6,35,89),(57,283,89),(61,302,89),(25,138,92),(8,41,95),(42,215,96),(32,165,98),(73,355,98),(35,180,101),(37,187,101);
/*!40000 ALTER TABLE `civicrm_activity_target` ENABLE KEYS */;
UNLOCK TABLES;

--
-- Dumping data for table `civicrm_address`
--

LOCK TABLES `civicrm_address` WRITE;
/*!40000 ALTER TABLE `civicrm_address` DISABLE KEYS */;
INSERT INTO `civicrm_address` (`id`, `contact_id`, `location_type_id`, `is_primary`, `is_billing`, `street_address`, `street_number`, `street_number_suffix`, `street_number_predirectional`, `street_name`, `street_type`, `street_number_postdirectional`, `street_unit`, `supplemental_address_1`, `supplemental_address_2`, `supplemental_address_3`, `city`, `county_id`, `state_province_id`, `postal_code_suffix`, `postal_code`, `usps_adc`, `country_id`, `geo_code_1`, `geo_code_2`, `timezone`, `name`) VALUES (1,NULL,1,1,1,'S 15S El Camino Way E',14,'S',NULL,'El Camino','Way',NULL,NULL,NULL,NULL,NULL,'Collinsville',NULL,1006,NULL,'6022',NULL,1228,41.8328,-72.9253,NULL,NULL),(2,257,1,1,0,'E 915L Main Pl W',915,'L','E','Main','Pl','W',NULL,'Mailstop 101',NULL,NULL,NULL,NULL,3527,NULL,NULL,NULL,1119,NULL,NULL,NULL,NULL),(3,475,1,1,0,'NE 736V Woodbridge Ave E',736,'V','NE','Woodbridge','Ave','E',NULL,'Attn: Development',NULL,NULL,NULL,NULL,4183,NULL,NULL,NULL,1176,NULL,NULL,NULL,NULL),(4,198,1,1,0,'SW 784L Dowlen Dr SE',784,'L','SW','Dowlen','Dr','SE',NULL,'Disbursements',NULL,NULL,NULL,NULL,2338,NULL,NULL,NULL,1003,NULL,NULL,NULL,NULL),(5,140,1,1,0,'SE 194R Pine St NW',194,'R','SE','Pine','St','NW',NULL,'Disbursements',NULL,NULL,NULL,NULL,1632,NULL,NULL,NULL,1014,NULL,NULL,NULL,NULL),(6,196,1,1,0,'E 474U Cadell Rd W',474,'U','E','Cadell','Rd','W',NULL,'Cuffe Parade',NULL,NULL,NULL,NULL,2228,NULL,NULL,NULL,1058,NULL,NULL,NULL,NULL),(7,450,1,1,0,'E 158N El Camino Ave NW',158,'N','E','El Camino','Ave','NW',NULL,'Payables Dept.',NULL,NULL,NULL,NULL,4998,NULL,NULL,NULL,1230,NULL,NULL,NULL,NULL),(8,7,1,1,0,'SW 314N Pine Way N',314,'N','SW','Pine','Way','N',NULL,'Churchgate',NULL,NULL,NULL,NULL,3868,NULL,NULL,NULL,1148,NULL,NULL,NULL,NULL),(9,417,1,1,0,'SE 121U Main Ln NE',121,'U','SE','Main','Ln','NE',NULL,'Urgent',NULL,NULL,NULL,NULL,4328,NULL,NULL,NULL,1194,NULL,NULL,NULL,NULL),(10,205,1,1,0,'SW 263U Beech Pl NE',263,'U','SW','Beech','Pl','NE',NULL,'Subscriptions Dept',NULL,NULL,NULL,NULL,3624,NULL,NULL,NULL,1146,NULL,NULL,NULL,NULL),(11,133,1,1,0,'S 239W Caulder St N',239,'W','S','Caulder','St','N',NULL,'Urgent',NULL,NULL,NULL,NULL,1507,NULL,NULL,NULL,1225,NULL,NULL,NULL,NULL),(12,288,1,1,0,'E 708T Van Ness Ave E',708,'T','E','Van Ness','Ave','E',NULL,'Attn: Accounting',NULL,NULL,NULL,NULL,NULL,NULL,NULL,NULL,NULL,NULL,NULL,NULL,NULL),(13,3,1,1,0,'N 530N Second Blvd N',530,'N','N','Second','Blvd','N',NULL,'Attn: Development',NULL,NULL,NULL,NULL,4989,NULL,NULL,NULL,1229,NULL,NULL,NULL,NULL),(14,357,1,1,0,'S 129X Bay Pl W',129,'X','S','Bay','Pl','W',NULL,'Attn: Accounting',NULL,NULL,NULL,NULL,3168,NULL,NULL,NULL,1100,NULL,NULL,NULL,NULL),(15,309,1,1,0,'SW 85C Bay Dr SW',85,'C','SW','Bay','Dr','SW',NULL,'Payables Dept.',NULL,NULL,NULL,NULL,2435,NULL,NULL,NULL,1198,NULL,NULL,NULL,NULL),(16,38,1,1,0,'W 983J Jackson Blvd W',983,'J','W','Jackson','Blvd','W',NULL,'Attn: Development',NULL,NULL,NULL,NULL,NULL,NULL,NULL,NULL,NULL,NULL,NULL,NULL,NULL),(17,373,1,1,0,'NE 900L Lincoln Path N',900,'L','NE','Lincoln','Path','N',NULL,'Attn: Accounting',NULL,NULL,NULL,NULL,4173,NULL,NULL,NULL,1176,NULL,NULL,NULL,NULL),(18,474,1,1,0,'S 421G Main St SE',421,'G','S','Main','St','SE',NULL,'Cuffe Parade',NULL,NULL,NULL,NULL,1684,NULL,NULL,NULL,1015,NULL,NULL,NULL,NULL),(19,400,1,1,0,'SE 661P Pine Rd SE',661,'P','SE','Pine','Rd','SE',NULL,'Community Relations',NULL,NULL,NULL,NULL,1585,NULL,NULL,NULL,1011,NULL,NULL,NULL,NULL),(20,98,1,1,0,'E 228Z States Rd NE',228,'Z','E','States','Rd','NE',NULL,'Community Relations',NULL,NULL,NULL,NULL,4939,NULL,NULL,NULL,1223,NULL,NULL,NULL,NULL),(21,124,1,1,0,'E 212B Beech Rd N',212,'B','E','Beech','Rd','N',NULL,'Attn: Development',NULL,NULL,NULL,NULL,3427,NULL,NULL,NULL,1111,NULL,NULL,NULL,NULL),(22,48,1,1,0,'NE 585J Northpoint Dr SE',585,'J','NE','Northpoint','Dr','SE',NULL,'Churchgate',NULL,NULL,NULL,NULL,3881,NULL,NULL,NULL,1156,NULL,NULL,NULL,NULL),(23,290,1,1,0,'SW 423E Jackson Path E',423,'E','SW','Jackson','Path','E',NULL,'Urgent',NULL,NULL,NULL,NULL,2073,NULL,NULL,NULL,1205,NULL,NULL,NULL,NULL),(24,221,1,1,0,'N 115S States Path S',115,'S','N','States','Path','S',NULL,'Mailstop 101',NULL,NULL,NULL,NULL,2836,NULL,NULL,NULL,1213,NULL,NULL,NULL,NULL),(25,85,1,1,0,'E 768K Pine Path W',768,'K','E','Pine','Path','W',NULL,'Community Relations',NULL,NULL,NULL,NULL,2808,NULL,NULL,NULL,1226,NULL,NULL,NULL,NULL),(26,104,1,1,0,'NW 978V Beech Rd SW',978,'V','NW','Beech','Rd','SW',NULL,'Mailstop 101',NULL,NULL,NULL,NULL,2571,NULL,NULL,NULL,1076,NULL,NULL,NULL,NULL),(27,281,1,1,0,'NE 26N Martin Luther King Ln SW',26,'N','NE','Martin Luther King','Ln','SW',NULL,'Community Relations',NULL,NULL,NULL,NULL,3132,NULL,NULL,NULL,1104,NULL,NULL,NULL,NULL),(28,94,1,1,0,'E 611J Second Pl W',611,'J','E','Second','Pl','W',NULL,'Community Relations',NULL,NULL,NULL,NULL,2186,NULL,NULL,NULL,1056,NULL,NULL,NULL,NULL),(29,397,1,1,0,'SW 791K Maple Rd N',791,'K','SW','Maple','Rd','N',NULL,'Churchgate',NULL,NULL,NULL,NULL,2121,NULL,NULL,NULL,1045,NULL,NULL,NULL,NULL),(30,300,1,1,0,'E 52O Jackson Rd SW',52,'O','E','Jackson','Rd','SW',NULL,'Attn: Development',NULL,NULL,NULL,NULL,4164,NULL,NULL,NULL,1175,NULL,NULL,NULL,NULL),(31,241,1,1,0,'SE 47T Main Path NW',47,'T','SE','Main','Path','NW',NULL,'C/o PO Plus',NULL,NULL,NULL,NULL,4199,NULL,NULL,NULL,1176,NULL,NULL,NULL,NULL),(32,441,1,1,0,'N 299O Dowlen Pl SE',299,'O','N','Dowlen','Pl','SE',NULL,'Payables Dept.',NULL,NULL,NULL,NULL,1944,NULL,NULL,NULL,1029,NULL,NULL,NULL,NULL),(33,138,1,1,0,'NE 635H Van Ness Way SW',635,'H','NE','Van Ness','Way','SW',NULL,'Cuffe Parade',NULL,NULL,NULL,NULL,NULL,NULL,NULL,NULL,NULL,NULL,NULL,NULL,NULL),(34,24,1,1,0,'NW 24A Dowlen Rd W',24,'A','NW','Dowlen','Rd','W',NULL,'Disbursements',NULL,NULL,NULL,NULL,4634,NULL,NULL,NULL,1211,NULL,NULL,NULL,NULL),(35,332,1,1,0,'NW 476J Lincoln Ave NE',476,'J','NW','Lincoln','Ave','NE',NULL,'C/o PO Plus',NULL,NULL,NULL,NULL,4386,NULL,NULL,NULL,1193,NULL,NULL,NULL,NULL),(36,480,1,1,0,'SW 535U Maple Ave E',535,'U','SW','Maple','Ave','E',NULL,'Donor Relations',NULL,NULL,NULL,NULL,4277,NULL,NULL,NULL,1177,NULL,NULL,NULL,NULL),(37,385,1,1,0,'S 344L Caulder Rd E',344,'L','S','Caulder','Rd','E',NULL,'Churchgate',NULL,NULL,NULL,NULL,NULL,NULL,NULL,NULL,NULL,NULL,NULL,NULL,NULL),(38,315,1,1,0,'SW 220P Lincoln Rd SW',220,'P','SW','Lincoln','Rd','SW',NULL,'Disbursements',NULL,NULL,NULL,NULL,4306,NULL,NULL,NULL,1178,NULL,NULL,NULL,NULL),(39,298,1,1,0,'NE 131O Second Dr SW',131,'O','NE','Second','Dr','SW',NULL,'C/o OPDC',NULL,NULL,NULL,NULL,3356,NULL,NULL,NULL,1117,NULL,NULL,NULL,NULL),(40,410,1,1,0,'SW 495J Main Blvd SW',495,'J','SW','Main','Blvd','SW',NULL,'Payables Dept.',NULL,NULL,NULL,NULL,3799,NULL,NULL,NULL,1130,NULL,NULL,NULL,NULL),(41,453,1,1,0,'NE 861I Northpoint Dr SE',861,'I','NE','Northpoint','Dr','SE',NULL,'Editorial Dept',NULL,NULL,NULL,NULL,4897,NULL,NULL,NULL,1224,NULL,NULL,NULL,NULL),(42,172,1,1,0,'NE 517V El Camino Way E',517,'V','NE','El Camino','Way','E',NULL,'Churchgate',NULL,NULL,NULL,NULL,NULL,NULL,NULL,NULL,NULL,NULL,NULL,NULL,NULL),(43,255,1,1,0,'SE 30D Bay Ave NW',30,'D','SE','Bay','Ave','NW',NULL,'Churchgate',NULL,NULL,NULL,NULL,1859,NULL,NULL,NULL,1033,NULL,NULL,NULL,NULL),(44,259,1,1,0,'SE 963L Green Rd N',963,'L','SE','Green','Rd','N',NULL,'C/o PO Plus',NULL,NULL,NULL,NULL,NULL,NULL,NULL,NULL,NULL,NULL,NULL,NULL,NULL),(45,34,1,1,0,'SW 834V Martin Luther King Way SW',834,'V','SW','Martin Luther King','Way','SW',NULL,'Subscriptions Dept',NULL,NULL,NULL,NULL,4167,NULL,NULL,NULL,1175,NULL,NULL,NULL,NULL),(46,459,1,1,0,'E 566T States Pl SW',566,'T','E','States','Pl','SW',NULL,'Disbursements',NULL,NULL,NULL,NULL,4970,NULL,NULL,NULL,1223,NULL,NULL,NULL,NULL),(47,324,1,1,0,'SE 819N Lincoln Blvd E',819,'N','SE','Lincoln','Blvd','E',NULL,'Subscriptions Dept',NULL,NULL,NULL,NULL,4303,NULL,NULL,NULL,1178,NULL,NULL,NULL,NULL),(48,348,1,1,0,'N 566S States Ave S',566,'S','N','States','Ave','S',NULL,'C/o PO Plus',NULL,NULL,NULL,NULL,2641,NULL,NULL,NULL,1226,NULL,NULL,NULL,NULL),(49,99,1,1,0,'NE 362F Beech Rd NE',362,'F','NE','Beech','Rd','NE',NULL,'Receiving',NULL,NULL,NULL,NULL,3779,NULL,NULL,NULL,1130,NULL,NULL,NULL,NULL),(50,484,1,1,0,'NW 565J Pine Rd W',565,'J','NW','Pine','Rd','W',NULL,'Subscriptions Dept',NULL,NULL,NULL,NULL,4249,NULL,NULL,NULL,1177,NULL,NULL,NULL,NULL),(51,110,1,1,0,'E 806M Bay St SW',806,'M','E','Bay','St','SW',NULL,'Community Relations',NULL,NULL,NULL,NULL,5055,NULL,NULL,NULL,1233,NULL,NULL,NULL,NULL),(52,432,1,1,0,'N 661Y States Dr S',661,'Y','N','States','Dr','S',NULL,'Mailstop 101',NULL,NULL,NULL,NULL,NULL,NULL,NULL,NULL,NULL,NULL,NULL,NULL,NULL),(53,323,1,1,0,'NE 487P Lincoln Ave NW',487,'P','NE','Lincoln','Ave','NW',NULL,'Urgent',NULL,NULL,NULL,NULL,4156,NULL,NULL,NULL,1168,NULL,NULL,NULL,NULL),(54,29,1,1,0,'NW 374X Van Ness Blvd NE',374,'X','NW','Van Ness','Blvd','NE',NULL,'Mailstop 101',NULL,NULL,NULL,NULL,4499,NULL,NULL,NULL,1193,NULL,NULL,NULL,NULL),(55,275,1,1,0,'W 823D Pine St W',823,'D','W','Pine','St','W',NULL,'Disbursements',NULL,NULL,NULL,NULL,4054,NULL,NULL,NULL,1170,NULL,NULL,NULL,NULL),(56,273,1,1,0,'NE 808G El Camino Path NW',808,'G','NE','El Camino','Path','NW',NULL,'Attn: Accounting',NULL,NULL,NULL,NULL,1100,NULL,NULL,NULL,1039,NULL,NULL,NULL,NULL),(57,304,1,1,0,'SW 999X Dowlen St NW',999,'X','SW','Dowlen','St','NW',NULL,'C/o OPDC',NULL,NULL,NULL,NULL,2192,NULL,NULL,NULL,1056,NULL,NULL,NULL,NULL),(58,73,1,1,0,'N 742H Pine Pl W',742,'H','N','Pine','Pl','W',NULL,'Churchgate',NULL,NULL,NULL,NULL,3198,NULL,NULL,NULL,1107,NULL,NULL,NULL,NULL),(59,407,1,1,0,'NE 142B Bay Pl NE',142,'B','NE','Bay','Pl','NE',NULL,'Churchgate',NULL,NULL,NULL,NULL,2320,NULL,NULL,NULL,1003,NULL,NULL,NULL,NULL),(60,209,1,1,0,'W 146T States Rd SW',146,'T','W','States','Rd','SW',NULL,'Editorial Dept',NULL,NULL,NULL,NULL,2059,NULL,NULL,NULL,1205,NULL,NULL,NULL,NULL),(61,375,1,1,0,'W 268Y Jackson Rd N',268,'Y','W','Jackson','Rd','N',NULL,'Subscriptions Dept',NULL,NULL,NULL,NULL,2676,NULL,NULL,NULL,1226,NULL,NULL,NULL,NULL),(62,125,1,1,0,'NW 422F Bay Pl SW',422,'F','NW','Bay','Pl','SW',NULL,'Editorial Dept',NULL,NULL,NULL,NULL,4307,NULL,NULL,NULL,1178,NULL,NULL,NULL,NULL),(63,249,1,1,0,'SE 287V Martin Luther King Blvd E',287,'V','SE','Martin Luther King','Blvd','E',NULL,'Editorial Dept',NULL,NULL,NULL,NULL,5052,NULL,NULL,NULL,1233,NULL,NULL,NULL,NULL),(64,78,1,1,0,'W 689M Main St N',689,'M','W','Main','St','N',NULL,'Churchgate',NULL,NULL,NULL,NULL,9998,NULL,NULL,NULL,1226,NULL,NULL,NULL,NULL),(65,53,1,1,0,'NE 494N Maple Path N',494,'N','NE','Maple','Path','N',NULL,'Donor Relations',NULL,NULL,NULL,NULL,1003,NULL,NULL,NULL,1228,NULL,NULL,NULL,NULL),(66,235,1,1,0,'S 719M Van Ness Path SE',719,'M','S','Van Ness','Path','SE',NULL,'Cuffe Parade',NULL,NULL,NULL,NULL,4625,NULL,NULL,NULL,1043,NULL,NULL,NULL,NULL),(67,466,1,1,0,'NW 969M Lincoln Ave NW',969,'M','NW','Lincoln','Ave','NW',NULL,'Attn: Accounting',NULL,NULL,NULL,NULL,3888,NULL,NULL,NULL,1157,NULL,NULL,NULL,NULL),(68,276,1,1,0,'S 630H Pine Path E',630,'H','S','Pine','Path','E',NULL,'C/o OPDC',NULL,NULL,NULL,NULL,4068,NULL,NULL,NULL,1170,NULL,NULL,NULL,NULL),(69,349,1,1,0,'SW 336W Van Ness Rd NW',336,'W','SW','Van Ness','Rd','NW',NULL,'Urgent',NULL,NULL,NULL,NULL,4577,NULL,NULL,NULL,1201,NULL,NULL,NULL,NULL),(70,194,1,1,0,'N 92L Maple Way S',92,'L','N','Maple','Way','S',NULL,'Community Relations',NULL,NULL,NULL,NULL,5034,NULL,NULL,NULL,1232,NULL,NULL,NULL,NULL),(71,334,1,1,0,'NE 545S El Camino St SE',545,'S','NE','El Camino','St','SE',NULL,'Disbursements',NULL,NULL,NULL,NULL,2451,NULL,NULL,NULL,1198,NULL,NULL,NULL,NULL),(72,36,1,1,0,'N 420Y El Camino St NE',420,'Y','N','El Camino','St','NE',NULL,'Urgent',NULL,NULL,NULL,NULL,3585,NULL,NULL,NULL,1123,NULL,NULL,NULL,NULL),(73,180,1,1,0,'NE 86K Lincoln Blvd NE',86,'K','NE','Lincoln','Blvd','NE',NULL,'Attn: Accounting',NULL,NULL,NULL,NULL,2980,NULL,NULL,NULL,1097,NULL,NULL,NULL,NULL),(74,150,1,1,0,'S 921V Cadell St W',921,'V','S','Cadell','St','W',NULL,'Mailstop 101',NULL,NULL,NULL,NULL,NULL,NULL,NULL,NULL,NULL,NULL,NULL,NULL,NULL),(75,123,1,1,0,'SW 651U Cadell St NE',651,'U','SW','Cadell','St','NE',NULL,'Churchgate',NULL,NULL,NULL,NULL,2800,NULL,NULL,NULL,1226,NULL,NULL,NULL,NULL),(76,311,1,1,0,'SE 927K Beech St NE',927,'K','SE','Beech','St','NE',NULL,'Editorial Dept',NULL,NULL,NULL,NULL,1577,NULL,NULL,NULL,1011,NULL,NULL,NULL,NULL),(77,121,1,1,0,'W 567H Caulder St S',567,'H','W','Caulder','St','S',NULL,'Donor Relations',NULL,NULL,NULL,NULL,4315,NULL,NULL,NULL,1187,NULL,NULL,NULL,NULL),(78,16,1,1,0,'W 439Y Caulder Rd SE',439,'Y','W','Caulder','Rd','SE',NULL,'Receiving',NULL,NULL,NULL,NULL,1060,NULL,NULL,NULL,1228,NULL,NULL,NULL,NULL),(79,442,1,1,0,'W 240F Caulder Rd E',240,'F','W','Caulder','Rd','E',NULL,'Mailstop 101',NULL,NULL,NULL,NULL,NULL,NULL,NULL,NULL,NULL,NULL,NULL,NULL,NULL),(80,114,1,1,0,'N 346S Caulder Rd SW',346,'S','N','Caulder','Rd','SW',NULL,'Attn: Accounting',NULL,NULL,NULL,NULL,5148,NULL,NULL,NULL,1240,NULL,NULL,NULL,NULL),(81,224,1,1,0,'SW 590Y Cadell Blvd SW',590,'Y','SW','Cadell','Blvd','SW',NULL,'Cuffe Parade',NULL,NULL,NULL,NULL,2637,NULL,NULL,NULL,1226,NULL,NULL,NULL,NULL),(82,414,1,1,0,'NW 971L Lincoln Pl W',971,'L','NW','Lincoln','Pl','W',NULL,'C/o PO Plus',NULL,NULL,NULL,NULL,2005,NULL,NULL,NULL,1021,NULL,NULL,NULL,NULL),(83,42,1,1,0,'N 437H Northpoint Dr W',437,'H','N','Northpoint','Dr','W',NULL,'Donor Relations',NULL,NULL,NULL,NULL,3913,NULL,NULL,NULL,1157,NULL,NULL,NULL,NULL),(84,134,1,1,0,'SE 487Q Northpoint Dr NW',487,'Q','SE','Northpoint','Dr','NW',NULL,'Disbursements',NULL,NULL,NULL,NULL,3880,NULL,NULL,NULL,1156,NULL,NULL,NULL,NULL),(85,41,1,1,0,'E 762H States Path NE',762,'H','E','States','Path','NE',NULL,'Attn: Development',NULL,NULL,NULL,NULL,1720,NULL,NULL,NULL,1026,NULL,NULL,NULL,NULL),(86,329,1,1,0,'SE 752G Dowlen Rd N',752,'G','SE','Dowlen','Rd','N',NULL,'C/o PO Plus',NULL,NULL,NULL,NULL,3967,NULL,NULL,NULL,1154,NULL,NULL,NULL,NULL),(87,207,1,1,0,'W 663V Bay Rd N',663,'V','W','Bay','Rd','N',NULL,'Attn: Development',NULL,NULL,NULL,NULL,3081,NULL,NULL,NULL,1102,NULL,NULL,NULL,NULL),(88,26,1,1,0,'NW 721S Woodbridge St SE',721,'S','NW','Woodbridge','St','SE',NULL,'Disbursements',NULL,NULL,NULL,NULL,4934,NULL,NULL,NULL,1223,NULL,NULL,NULL,NULL),(89,115,1,1,0,'SE 242F Caulder Dr N',242,'F','SE','Caulder','Dr','N',NULL,'Receiving',NULL,NULL,NULL,NULL,1925,NULL,NULL,NULL,1029,NULL,NULL,NULL,NULL),(90,155,1,1,0,'E 803E Martin Luther King Pl SE',803,'E','E','Martin Luther King','Pl','SE',NULL,'Cuffe Parade',NULL,NULL,NULL,NULL,NULL,NULL,NULL,NULL,NULL,NULL,NULL,NULL,NULL),(91,102,1,1,0,'NE 814E Van Ness Pl S',814,'E','NE','Van Ness','Pl','S',NULL,'Editorial Dept',NULL,NULL,NULL,NULL,1745,NULL,NULL,NULL,1017,NULL,NULL,NULL,NULL),(92,343,1,1,0,'SW 849B Second Blvd E',849,'B','SW','Second','Blvd','E',NULL,'Attn: Accounting',NULL,NULL,NULL,NULL,3611,NULL,NULL,NULL,1146,NULL,NULL,NULL,NULL),(93,60,1,1,0,'S 674M Maple Ln E',674,'M','S','Maple','Ln','E',NULL,'Urgent',NULL,NULL,NULL,NULL,1975,NULL,NULL,NULL,1024,NULL,NULL,NULL,NULL),(94,236,1,1,0,'E 463E College Way S',463,'E','E','College','Way','S',NULL,'Urgent',NULL,NULL,NULL,NULL,NULL,NULL,NULL,NULL,NULL,NULL,NULL,NULL,NULL),(95,492,1,1,0,'E 251X College Ln N',251,'X','E','College','Ln','N',NULL,'Donor Relations',NULL,NULL,NULL,NULL,1607,NULL,NULL,NULL,1010,NULL,NULL,NULL,NULL),(96,225,1,1,0,'NE 508X Green Path N',508,'X','NE','Green','Path','N',NULL,'Mailstop 101',NULL,NULL,NULL,NULL,1886,NULL,NULL,NULL,1036,NULL,NULL,NULL,NULL),(97,178,1,1,0,'NE 21O Caulder Ave N',21,'O','NE','Caulder','Ave','N',NULL,'Attn: Accounting',NULL,NULL,NULL,NULL,4110,NULL,NULL,NULL,1170,NULL,NULL,NULL,NULL),(98,190,1,1,0,'NE 665B Dowlen Path W',665,'B','NE','Dowlen','Path','W',NULL,'Urgent',NULL,NULL,NULL,NULL,5037,NULL,NULL,NULL,1233,NULL,NULL,NULL,NULL),(99,367,1,1,0,'S 1A Dowlen Ln SE',1,'A','S','Dowlen','Ln','SE',NULL,'Attn: Accounting',NULL,NULL,NULL,NULL,3348,NULL,NULL,NULL,1112,NULL,NULL,NULL,NULL),(100,44,1,1,0,'E 208K Green Way E',208,'K','E','Green','Way','E',NULL,'Donor Relations',NULL,NULL,NULL,NULL,2788,NULL,NULL,NULL,1226,NULL,NULL,NULL,NULL),(101,149,1,1,0,'NE 721L Pine Dr NE',721,'L','NE','Pine','Dr','NE',NULL,'Mailstop 101',NULL,NULL,NULL,NULL,1537,NULL,NULL,NULL,1001,NULL,NULL,NULL,NULL),(102,233,1,1,0,'S 132G Woodbridge Pl NW',132,'G','S','Woodbridge','Pl','NW',NULL,'Donor Relations',NULL,NULL,NULL,NULL,2495,NULL,NULL,NULL,1141,NULL,NULL,NULL,NULL),(103,437,1,1,0,'N 217W Dowlen Ave SW',217,'W','N','Dowlen','Ave','SW',NULL,'Mailstop 101',NULL,NULL,NULL,NULL,1750,NULL,NULL,NULL,1017,NULL,NULL,NULL,NULL),(104,498,1,1,0,'SE 55Z Lincoln Blvd SE',55,'Z','SE','Lincoln','Blvd','SE',NULL,'Urgent',NULL,NULL,NULL,NULL,3997,NULL,NULL,NULL,1166,NULL,NULL,NULL,NULL),(105,439,1,1,0,'W 667O Pine Ave E',667,'O','W','Pine','Ave','E',NULL,'Subscriptions Dept',NULL,NULL,NULL,NULL,3949,NULL,NULL,NULL,1161,NULL,NULL,NULL,NULL),(106,458,1,1,0,'SW 210E Pine Pl SW',210,'E','SW','Pine','Pl','SW',NULL,'C/o PO Plus',NULL,NULL,NULL,NULL,3630,NULL,NULL,NULL,1146,NULL,NULL,NULL,NULL),(107,463,1,1,0,'SE 763A Main St SW',763,'A','SE','Main','St','SW',NULL,'Editorial Dept',NULL,NULL,NULL,NULL,4824,NULL,NULL,NULL,1217,NULL,NULL,NULL,NULL),(108,10,1,1,0,'E 344W Second Path NW',344,'W','E','Second','Path','NW',NULL,'Urgent',NULL,NULL,NULL,NULL,4903,NULL,NULL,NULL,1224,NULL,NULL,NULL,NULL),(109,186,1,1,0,'S 627W Second Path NW',627,'W','S','Second','Path','NW',NULL,'Community Relations',NULL,NULL,NULL,NULL,2016,NULL,NULL,NULL,1050,NULL,NULL,NULL,NULL),(110,254,1,1,0,'W 815X Second Path SW',815,'X','W','Second','Path','SW',NULL,'Editorial Dept',NULL,NULL,NULL,NULL,NULL,NULL,NULL,NULL,NULL,NULL,NULL,NULL,NULL),(111,80,1,1,0,'N 107Q Jackson Rd N',107,'Q','N','Jackson','Rd','N',NULL,'Receiving',NULL,NULL,NULL,NULL,1963,NULL,NULL,NULL,1212,NULL,NULL,NULL,NULL),(112,100,1,1,0,'S 226N Maple Blvd SW',226,'N','S','Maple','Blvd','SW',NULL,'Receiving',NULL,NULL,NULL,NULL,5210,NULL,NULL,NULL,1165,NULL,NULL,NULL,NULL),(113,72,1,1,0,'NE 507V Green Ln NW',507,'V','NE','Green','Ln','NW',NULL,'Disbursements',NULL,NULL,NULL,NULL,4198,NULL,NULL,NULL,1176,NULL,NULL,NULL,NULL),(114,497,1,1,0,'NW 208R States Rd SE',208,'R','NW','States','Rd','SE',NULL,'Community Relations',NULL,NULL,NULL,NULL,2543,NULL,NULL,NULL,1076,NULL,NULL,NULL,NULL),(115,470,1,1,0,'N 244I Second Pl E',244,'I','N','Second','Pl','E',NULL,'Disbursements',NULL,NULL,NULL,NULL,3281,NULL,NULL,NULL,1109,NULL,NULL,NULL,NULL),(116,17,1,1,0,'NE 37H Green Blvd NE',37,'H','NE','Green','Blvd','NE',NULL,'Disbursements',NULL,NULL,NULL,NULL,3805,NULL,NULL,NULL,1140,NULL,NULL,NULL,NULL),(117,234,1,1,0,'S 911M College Rd S',911,'M','S','College','Rd','S',NULL,'Donor Relations',NULL,NULL,NULL,NULL,2378,NULL,NULL,NULL,1069,NULL,NULL,NULL,NULL),(118,59,1,1,0,'N 698U Second Ln SW',698,'U','N','Second','Ln','SW',NULL,'Editorial Dept',NULL,NULL,NULL,NULL,2471,NULL,NULL,NULL,1198,NULL,NULL,NULL,NULL),(119,338,1,1,0,'NW 515W Beech Path E',515,'W','NW','Beech','Path','E',NULL,'Attn: Development',NULL,NULL,NULL,NULL,1306,NULL,NULL,NULL,1172,NULL,NULL,NULL,NULL),(120,177,1,1,0,'SE 70F Lincoln St NW',70,'F','SE','Lincoln','St','NW',NULL,'Community Relations',NULL,NULL,NULL,NULL,2684,NULL,NULL,NULL,1226,NULL,NULL,NULL,NULL),(121,447,1,1,0,'SW 158M El Camino Path E',158,'M','SW','El Camino','Path','E',NULL,'Churchgate',NULL,NULL,NULL,NULL,1219,NULL,NULL,NULL,1101,NULL,NULL,NULL,NULL),(122,280,1,1,0,'NW 744I Dowlen Rd NW',744,'I','NW','Dowlen','Rd','NW',NULL,'Donor Relations',NULL,NULL,NULL,NULL,4924,NULL,NULL,NULL,1223,NULL,NULL,NULL,NULL),(123,215,1,1,0,'SE 53N Van Ness St NE',53,'N','SE','Van Ness','St','NE',NULL,'Disbursements',NULL,NULL,NULL,NULL,1500,NULL,NULL,NULL,1225,NULL,NULL,NULL,NULL),(124,248,1,1,0,'NE 708N Cadell Path S',708,'N','NE','Cadell','Path','S',NULL,'Attn: Accounting',NULL,NULL,NULL,NULL,3451,NULL,NULL,NULL,1118,NULL,NULL,NULL,NULL),(125,65,1,1,0,'S 986F Van Ness Way E',986,'F','S','Van Ness','Way','E',NULL,'Community Relations',NULL,NULL,NULL,NULL,4919,NULL,NULL,NULL,1223,NULL,NULL,NULL,NULL),(126,381,1,1,0,'E 101J Bay Ln N',101,'J','E','Bay','Ln','N',NULL,'Cuffe Parade',NULL,NULL,NULL,NULL,NULL,NULL,NULL,NULL,NULL,NULL,NULL,NULL,NULL),(127,277,1,1,0,'NE 677R Woodbridge Dr NW',677,'R','NE','Woodbridge','Dr','NW',NULL,'Receiving',NULL,NULL,NULL,NULL,4414,NULL,NULL,NULL,1193,NULL,NULL,NULL,NULL),(128,482,1,1,0,'NE 525X Pine Path S',525,'X','NE','Pine','Path','S',NULL,'Payables Dept.',NULL,NULL,NULL,NULL,3497,NULL,NULL,NULL,1122,NULL,NULL,NULL,NULL),(129,47,1,1,0,'SW 499I Green Dr SE',499,'I','SW','Green','Dr','SE',NULL,'Churchgate',NULL,NULL,NULL,NULL,NULL,NULL,NULL,NULL,NULL,NULL,NULL,NULL,NULL),(130,472,1,1,0,'NE 738T States Rd N',738,'T','NE','States','Rd','N',NULL,'Subscriptions Dept',NULL,NULL,NULL,NULL,4450,NULL,NULL,NULL,1193,NULL,NULL,NULL,NULL),(131,62,1,1,0,'NW 719R Caulder Ave E',719,'R','NW','Caulder','Ave','E',NULL,'Subscriptions Dept',NULL,NULL,NULL,NULL,2072,NULL,NULL,NULL,1205,NULL,NULL,NULL,NULL),(132,75,1,1,0,'E 506G El Camino Path N',506,'G','E','El Camino','Path','N',NULL,'Urgent',NULL,NULL,NULL,NULL,2399,NULL,NULL,NULL,1065,NULL,NULL,NULL,NULL),(133,294,1,1,0,'N 933S Cadell Pl SW',933,'S','N','Cadell','Pl','SW',NULL,'Subscriptions Dept',NULL,NULL,NULL,NULL,2914,NULL,NULL,NULL,1085,NULL,NULL,NULL,NULL),(134,271,1,1,0,'W 691U States Ln NW',691,'U','W','States','Ln','NW',NULL,'C/o PO Plus',NULL,NULL,NULL,NULL,3110,NULL,NULL,NULL,1105,NULL,NULL,NULL,NULL),(135,500,1,1,0,'N 493I Dowlen Pl NW',493,'I','N','Dowlen','Pl','NW',NULL,'Cuffe Parade',NULL,NULL,NULL,NULL,4819,NULL,NULL,NULL,1217,NULL,NULL,NULL,NULL),(136,384,1,1,0,'N 742D Dowlen Blvd NW',742,'D','N','Dowlen','Blvd','NW',NULL,'Donor Relations',NULL,NULL,NULL,NULL,4884,NULL,NULL,NULL,1210,NULL,NULL,NULL,NULL),(137,390,1,1,0,'N 496X Woodbridge Pl S',496,'X','N','Woodbridge','Pl','S',NULL,'Payables Dept.',NULL,NULL,NULL,NULL,3793,NULL,NULL,NULL,1130,NULL,NULL,NULL,NULL),(138,476,1,1,0,'NE 446J Van Ness Blvd NW',446,'J','NE','Van Ness','Blvd','NW',NULL,'Attn: Accounting',NULL,NULL,NULL,NULL,3394,NULL,NULL,NULL,1114,NULL,NULL,NULL,NULL),(139,365,1,1,0,'NW 183B Martin Luther King Rd NW',183,'B','NW','Martin Luther King','Rd','NW',NULL,'Attn: Accounting',NULL,NULL,NULL,NULL,3835,NULL,NULL,NULL,1131,NULL,NULL,NULL,NULL),(140,95,1,1,0,'E 317U Caulder Pl SE',317,'U','E','Caulder','Pl','SE',NULL,'Receiving',NULL,NULL,NULL,NULL,4334,NULL,NULL,NULL,1200,NULL,NULL,NULL,NULL),(141,197,1,1,0,'SE 50L Green Path SW',50,'L','SE','Green','Path','SW',NULL,'Urgent',NULL,NULL,NULL,NULL,NULL,NULL,NULL,NULL,NULL,NULL,NULL,NULL,NULL),(142,415,1,1,0,'N 806Y Beech Path W',806,'Y','N','Beech','Path','W',NULL,'Donor Relations',NULL,NULL,NULL,NULL,5019,NULL,NULL,NULL,1232,NULL,NULL,NULL,NULL),(143,191,1,1,0,'NW 933J Main Ln N',933,'J','NW','Main','Ln','N',NULL,'Cuffe Parade',NULL,NULL,NULL,NULL,4059,NULL,NULL,NULL,1170,NULL,NULL,NULL,NULL),(144,61,1,1,0,'SE 142P States Ln NW',142,'P','SE','States','Ln','NW',NULL,'Editorial Dept',NULL,NULL,NULL,NULL,3221,NULL,NULL,NULL,1107,NULL,NULL,NULL,NULL),(145,310,1,1,0,'N 976T El Camino Path E',976,'T','N','El Camino','Path','E',NULL,'Mailstop 101',NULL,NULL,NULL,NULL,4731,NULL,NULL,NULL,1218,NULL,NULL,NULL,NULL),(146,302,1,1,0,'NE 216H College St SW',216,'H','NE','College','St','SW',NULL,'Attn: Accounting',NULL,NULL,NULL,NULL,3690,NULL,NULL,NULL,1133,NULL,NULL,NULL,NULL),(147,105,1,1,0,'S 92K Dowlen Blvd S',92,'K','S','Dowlen','Blvd','S',NULL,'Community Relations',NULL,NULL,NULL,NULL,3593,NULL,NULL,NULL,1146,NULL,NULL,NULL,NULL),(148,64,1,1,0,'NE 654B Beech Blvd S',654,'B','NE','Beech','Blvd','S',NULL,'C/o PO Plus',NULL,NULL,NULL,NULL,1590,NULL,NULL,NULL,1006,NULL,NULL,NULL,NULL),(149,401,1,1,0,'S 988Y Bay Ave NW',988,'Y','S','Bay','Ave','NW',NULL,'Churchgate',NULL,NULL,NULL,NULL,1590,NULL,NULL,NULL,1006,NULL,NULL,NULL,NULL),(150,66,1,1,0,'W 100O States Rd NW',100,'O','W','States','Rd','NW',NULL,'Mailstop 101',NULL,NULL,NULL,NULL,1996,NULL,NULL,NULL,1019,NULL,NULL,NULL,NULL),(151,413,1,1,0,'S 498U Cadell Dr SE',498,'U','S','Cadell','Dr','SE',NULL,'Subscriptions Dept',NULL,NULL,NULL,NULL,4468,NULL,NULL,NULL,1193,NULL,NULL,NULL,NULL),(152,301,3,1,0,'N 178V Green Ave NW',178,'V','N','Green','Ave','NW',NULL,'C/o OPDC',NULL,NULL,NULL,NULL,3125,NULL,NULL,NULL,1104,NULL,NULL,NULL,NULL),(153,232,3,1,0,'S 922I College St E',922,'I','S','College','St','E',NULL,'Attn: Development',NULL,NULL,NULL,NULL,3107,NULL,NULL,NULL,1105,NULL,NULL,NULL,NULL),(154,279,3,1,0,'NE 366R Northpoint Path NW',366,'R','NE','Northpoint','Path','NW',NULL,'Donor Relations',NULL,NULL,NULL,NULL,2110,NULL,NULL,NULL,1038,NULL,NULL,NULL,NULL),(155,426,3,1,0,'SW 916A Jackson Pl S',916,'A','SW','Jackson','Pl','S',NULL,'Urgent',NULL,NULL,NULL,NULL,2503,NULL,NULL,NULL,1076,NULL,NULL,NULL,NULL),(156,371,3,1,0,'SE 259N States Rd SE',259,'N','SE','States','Rd','SE',NULL,'Editorial Dept',NULL,NULL,NULL,NULL,5162,NULL,NULL,NULL,1075,NULL,NULL,NULL,NULL),(157,360,3,1,0,'W 23R Bay Path S',23,'R','W','Bay','Path','S',NULL,'Donor Relations',NULL,NULL,NULL,NULL,3452,NULL,NULL,NULL,1118,NULL,NULL,NULL,NULL),(158,141,3,1,0,'NE 107Q Second Rd NE',107,'Q','NE','Second','Rd','NE',NULL,'Disbursements',NULL,NULL,NULL,NULL,4705,NULL,NULL,NULL,1211,NULL,NULL,NULL,NULL),(159,93,3,1,0,'SE 72R El Camino Path E',72,'R','SE','El Camino','Path','E',NULL,'Attn: Accounting',NULL,NULL,NULL,NULL,2876,NULL,NULL,NULL,1067,NULL,NULL,NULL,NULL),(160,431,3,1,0,'S 213Z Bay Rd NE',213,'Z','S','Bay','Rd','NE',NULL,'Donor Relations',NULL,NULL,NULL,NULL,2513,NULL,NULL,NULL,1076,NULL,NULL,NULL,NULL),(161,486,3,1,0,'N 56C Lincoln St W',56,'C','N','Lincoln','St','W',NULL,'Churchgate',NULL,NULL,NULL,NULL,NULL,NULL,NULL,NULL,NULL,NULL,NULL,NULL,NULL),(162,240,3,1,0,'NE 897V Dowlen Ln NW',897,'V','NE','Dowlen','Ln','NW',NULL,'Attn: Development',NULL,NULL,NULL,NULL,3310,NULL,NULL,NULL,1109,NULL,NULL,NULL,NULL),(163,91,3,1,0,'E 190H El Camino Pl S',190,'H','E','El Camino','Pl','S',NULL,'Receiving',NULL,NULL,NULL,NULL,4828,NULL,NULL,NULL,1217,NULL,NULL,NULL,NULL),(164,471,3,1,0,'SE 20Q Jackson Pl S',20,'Q','SE','Jackson','Pl','S',NULL,'Donor Relations',NULL,NULL,NULL,NULL,2985,NULL,NULL,NULL,1097,NULL,NULL,NULL,NULL),(165,341,3,1,0,'S 994N Maple Way NE',994,'N','S','Maple','Way','NE',NULL,'Editorial Dept',NULL,NULL,NULL,NULL,1687,NULL,NULL,NULL,1015,NULL,NULL,NULL,NULL),(166,174,3,1,0,'W 709M Pine Way SE',709,'M','W','Pine','Way','SE',NULL,'Disbursements',NULL,NULL,NULL,NULL,3196,NULL,NULL,NULL,1107,NULL,NULL,NULL,NULL),(167,25,3,1,0,'NE 469R Northpoint Rd NE',469,'R','NE','Northpoint','Rd','NE',NULL,'Community Relations',NULL,NULL,NULL,NULL,4561,NULL,NULL,NULL,1195,NULL,NULL,NULL,NULL),(168,318,3,1,0,'S 718D Caulder Pl E',718,'D','S','Caulder','Pl','E',NULL,'Receiving',NULL,NULL,NULL,NULL,3607,NULL,NULL,NULL,1146,NULL,NULL,NULL,NULL),(169,77,3,1,0,'SE 580H States Path W',580,'H','SE','States','Path','W',NULL,'Community Relations',NULL,NULL,NULL,NULL,5118,NULL,NULL,NULL,1237,NULL,NULL,NULL,NULL),(170,419,3,1,0,'W 702R Main Ave S',702,'R','W','Main','Ave','S',NULL,'Churchgate',NULL,NULL,NULL,NULL,2437,NULL,NULL,NULL,1198,NULL,NULL,NULL,NULL),(171,495,3,1,0,'S 553M Woodbridge Path E',553,'M','S','Woodbridge','Path','E',NULL,'Donor Relations',NULL,NULL,NULL,NULL,3356,NULL,NULL,NULL,1117,NULL,NULL,NULL,NULL),(172,148,3,1,0,'NW 158R Green Blvd SE',158,'R','NW','Green','Blvd','SE',NULL,'Cuffe Parade',NULL,NULL,NULL,NULL,3392,NULL,NULL,NULL,1114,NULL,NULL,NULL,NULL),(173,116,3,1,0,'SE 747D Van Ness Path NE',747,'D','SE','Van Ness','Path','NE',NULL,'Attn: Development',NULL,NULL,NULL,NULL,4680,NULL,NULL,NULL,1211,NULL,NULL,NULL,NULL),(174,358,3,1,0,'NW 61F Dowlen Ave NE',61,'F','NW','Dowlen','Ave','NE',NULL,'Churchgate',NULL,NULL,NULL,NULL,NULL,NULL,NULL,NULL,NULL,NULL,NULL,NULL,NULL),(175,429,3,1,0,'E 969A Dowlen Pl S',969,'A','E','Dowlen','Pl','S',NULL,'Attn: Development',NULL,NULL,NULL,NULL,2396,NULL,NULL,NULL,1065,NULL,NULL,NULL,NULL),(176,266,3,1,0,'W 239U Bay Blvd E',239,'U','W','Bay','Blvd','E',NULL,'C/o PO Plus',NULL,NULL,NULL,NULL,2044,NULL,NULL,NULL,1051,NULL,NULL,NULL,NULL),(177,374,3,1,0,'NE 780L Northpoint Pl NW',780,'L','NE','Northpoint','Pl','NW',NULL,'Cuffe Parade',NULL,NULL,NULL,NULL,4871,NULL,NULL,NULL,1210,NULL,NULL,NULL,NULL),(178,43,3,1,0,'SE 147J Caulder Ave W',147,'J','SE','Caulder','Ave','W',NULL,'Subscriptions Dept',NULL,NULL,NULL,NULL,4330,NULL,NULL,NULL,1194,NULL,NULL,NULL,NULL),(179,109,3,1,0,'SW 697L Dowlen Ln S',697,'L','SW','Dowlen','Ln','S',NULL,'Receiving',NULL,NULL,NULL,NULL,2825,NULL,NULL,NULL,1226,NULL,NULL,NULL,NULL),(180,111,3,1,0,'SE 19H Van Ness Ave SW',19,'H','SE','Van Ness','Ave','SW',NULL,'Urgent',NULL,NULL,NULL,NULL,3072,NULL,NULL,NULL,1102,NULL,NULL,NULL,NULL),(181,306,3,1,0,'SE 696M Pine Way S',696,'M','SE','Pine','Way','S',NULL,'Attn: Development',NULL,NULL,NULL,NULL,2282,NULL,NULL,NULL,1062,NULL,NULL,NULL,NULL),(182,146,3,1,0,'W 982B Woodbridge Ln E',982,'B','W','Woodbridge','Ln','E',NULL,'Urgent',NULL,NULL,NULL,NULL,4596,NULL,NULL,NULL,1206,NULL,NULL,NULL,NULL),(183,352,3,1,0,'NE 768I Pine Pl NW',768,'I','NE','Pine','Pl','NW',NULL,'C/o OPDC',NULL,NULL,NULL,NULL,2347,NULL,NULL,NULL,1003,NULL,NULL,NULL,NULL),(184,339,3,1,0,'N 643S Second Path SE',643,'S','N','Second','Path','SE',NULL,'Attn: Development',NULL,NULL,NULL,NULL,3408,NULL,NULL,NULL,1115,NULL,NULL,NULL,NULL),(185,402,3,1,0,'W 535P Green Way W',535,'P','W','Green','Way','W',NULL,'Attn: Development',NULL,NULL,NULL,NULL,3236,NULL,NULL,NULL,1107,NULL,NULL,NULL,NULL),(186,308,3,1,0,'N 665H Green Blvd NW',665,'H','N','Green','Blvd','NW',NULL,'Donor Relations',NULL,NULL,NULL,NULL,NULL,NULL,NULL,NULL,NULL,NULL,NULL,NULL,NULL),(187,299,3,1,0,'SW 715Z Maple Pl NW',715,'Z','SW','Maple','Pl','NW',NULL,'Cuffe Parade',NULL,NULL,NULL,NULL,2612,NULL,NULL,NULL,1226,NULL,NULL,NULL,NULL),(188,416,3,1,0,'NW 390V College Path S',390,'V','NW','College','Path','S',NULL,'Donor Relations',NULL,NULL,NULL,NULL,NULL,NULL,NULL,NULL,NULL,NULL,NULL,NULL,NULL),(189,313,3,1,0,'NW 728E Dowlen Pl W',728,'E','NW','Dowlen','Pl','W',NULL,'Attn: Accounting',NULL,NULL,NULL,NULL,2211,NULL,NULL,NULL,1040,NULL,NULL,NULL,NULL),(190,335,3,1,0,'SE 597Z Pine Dr W',597,'Z','SE','Pine','Dr','W',NULL,'Payables Dept.',NULL,NULL,NULL,NULL,3341,NULL,NULL,NULL,1110,NULL,NULL,NULL,NULL),(191,366,3,1,0,'NW 946E Caulder Ln N',946,'E','NW','Caulder','Ln','N',NULL,'Disbursements',NULL,NULL,NULL,NULL,1617,NULL,NULL,NULL,1010,NULL,NULL,NULL,NULL),(192,428,3,1,0,'NW 125Y Main Dr SW',125,'Y','NW','Main','Dr','SW',NULL,'Churchgate',NULL,NULL,NULL,NULL,1048,NULL,NULL,NULL,1228,NULL,NULL,NULL,NULL),(193,388,3,1,0,'S 294C Cadell Dr SW',294,'C','S','Cadell','Dr','SW',NULL,'Cuffe Parade',NULL,NULL,NULL,NULL,3222,NULL,NULL,NULL,1107,NULL,NULL,NULL,NULL),(194,406,3,1,0,'E 789B Main Path S',789,'B','E','Main','Path','S',NULL,'Community Relations',NULL,NULL,NULL,NULL,2511,NULL,NULL,NULL,1076,NULL,NULL,NULL,NULL),(195,370,3,1,0,'W 542N Caulder Blvd NW',542,'N','W','Caulder','Blvd','NW',NULL,'Community Relations',NULL,NULL,NULL,NULL,3431,NULL,NULL,NULL,1111,NULL,NULL,NULL,NULL),(196,28,3,1,0,'SW 88A Northpoint Dr W',88,'A','SW','Northpoint','Dr','W',NULL,'Receiving',NULL,NULL,NULL,NULL,3144,NULL,NULL,NULL,1103,NULL,NULL,NULL,NULL),(197,106,3,1,0,'N 741U States Rd S',741,'U','N','States','Rd','S',NULL,'Attn: Development',NULL,NULL,NULL,NULL,NULL,NULL,NULL,NULL,NULL,NULL,NULL,NULL,NULL),(198,81,3,1,0,'SE 238U Cadell Pl W',238,'U','SE','Cadell','Pl','W',NULL,'Community Relations',NULL,NULL,NULL,NULL,3907,NULL,NULL,NULL,1157,NULL,NULL,NULL,NULL),(199,446,3,1,0,'NE 759H Woodbridge Ln S',759,'H','NE','Woodbridge','Ln','S',NULL,'Editorial Dept',NULL,NULL,NULL,NULL,2829,NULL,NULL,NULL,1083,NULL,NULL,NULL,NULL),(200,425,3,1,0,'SW 326A States Dr SE',326,'A','SW','States','Dr','SE',NULL,'Mailstop 101',NULL,NULL,NULL,NULL,1823,NULL,NULL,NULL,1034,NULL,NULL,NULL,NULL),(201,325,3,1,0,'SE 689S Main Rd SE',689,'S','SE','Main','Rd','SE',NULL,'Churchgate',NULL,NULL,NULL,NULL,2111,NULL,NULL,NULL,1045,NULL,NULL,NULL,NULL),(202,230,1,1,0,'SE 794P Northpoint Ave NE',794,'P','SE','Northpoint','Ave','NE',NULL,'Community Relations',NULL,NULL,NULL,NULL,1058,NULL,NULL,NULL,1228,NULL,NULL,NULL,NULL),(203,312,1,1,0,'W 513Y States Path SW',513,'Y','W','States','Path','SW',NULL,'Urgent',NULL,NULL,NULL,NULL,2759,NULL,NULL,NULL,1226,NULL,NULL,NULL,NULL),(204,31,1,1,0,'W 137I Cadell Path S',137,'I','W','Cadell','Path','S',NULL,'Disbursements',NULL,NULL,NULL,NULL,2810,NULL,NULL,NULL,1226,NULL,NULL,NULL,NULL),(205,175,1,1,0,'SW 517P Green Ave S',517,'P','SW','Green','Ave','S',NULL,'Donor Relations',NULL,NULL,NULL,NULL,3937,NULL,NULL,NULL,1152,NULL,NULL,NULL,NULL),(206,444,1,1,0,'E 970A Lincoln Blvd SW',970,'A','E','Lincoln','Blvd','SW',NULL,'Receiving',NULL,NULL,NULL,NULL,NULL,NULL,NULL,NULL,NULL,NULL,NULL,NULL,NULL),(207,382,1,1,0,'W 636O Woodbridge Pl E',636,'O','W','Woodbridge','Pl','E',NULL,'Cuffe Parade',NULL,NULL,NULL,NULL,1059,NULL,NULL,NULL,1228,NULL,NULL,NULL,NULL),(208,204,1,1,0,'NW 392I Jackson Path NW',392,'I','NW','Jackson','Path','NW',NULL,'C/o PO Plus',NULL,NULL,NULL,NULL,2512,NULL,NULL,NULL,1076,NULL,NULL,NULL,NULL),(209,421,1,1,0,'NE 392V College Blvd SE',392,'V','NE','College','Blvd','SE',NULL,'Mailstop 101',NULL,NULL,NULL,NULL,1805,NULL,NULL,NULL,1034,NULL,NULL,NULL,NULL),(210,52,1,1,0,'S 107O Cadell Path S',107,'O','S','Cadell','Path','S',NULL,'C/o PO Plus',NULL,NULL,NULL,NULL,1848,NULL,NULL,NULL,1033,NULL,NULL,NULL,NULL),(211,368,1,1,0,'W 98S Maple Blvd N',98,'S','W','Maple','Blvd','N',NULL,'Disbursements',NULL,NULL,NULL,NULL,2432,NULL,NULL,NULL,1198,NULL,NULL,NULL,NULL),(212,67,1,1,0,'NW 481W Caulder Ln NW',481,'W','NW','Caulder','Ln','NW',NULL,'Attn: Accounting',NULL,NULL,NULL,NULL,4483,NULL,NULL,NULL,1193,NULL,NULL,NULL,NULL),(213,440,1,1,0,'E 333T Pine Way NW',333,'T','E','Pine','Way','NW',NULL,'Receiving',NULL,NULL,NULL,NULL,1949,NULL,NULL,NULL,1212,NULL,NULL,NULL,NULL),(214,455,1,1,0,'NE 566U States Dr SW',566,'U','NE','States','Dr','SW',NULL,'Donor Relations',NULL,NULL,NULL,NULL,3241,NULL,NULL,NULL,1107,NULL,NULL,NULL,NULL),(215,372,1,1,0,'S 557M Beech Way NW',557,'M','S','Beech','Way','NW',NULL,'Payables Dept.',NULL,NULL,NULL,NULL,1949,NULL,NULL,NULL,1212,NULL,NULL,NULL,NULL),(216,87,1,1,0,'SE 849F Woodbridge Ave W',849,'F','SE','Woodbridge','Ave','W',NULL,'Receiving',NULL,NULL,NULL,NULL,3877,NULL,NULL,NULL,1156,NULL,NULL,NULL,NULL),(217,14,1,1,0,'N 726O Caulder Path S',726,'O','N','Caulder','Path','S',NULL,'C/o PO Plus',NULL,NULL,NULL,NULL,2223,NULL,NULL,NULL,1057,NULL,NULL,NULL,NULL),(218,49,1,1,0,'NE 624Y Cadell Rd SE',624,'Y','NE','Cadell','Rd','SE',NULL,'C/o OPDC',NULL,NULL,NULL,NULL,2442,NULL,NULL,NULL,1198,NULL,NULL,NULL,NULL),(219,217,1,1,0,'NE 246W Pine St E',246,'W','NE','Pine','St','E',NULL,'Churchgate',NULL,NULL,NULL,NULL,NULL,NULL,NULL,NULL,NULL,NULL,NULL,NULL,NULL),(220,2,1,1,0,'NW 957F Caulder St E',957,'F','NW','Caulder','St','E',NULL,'Donor Relations',NULL,NULL,NULL,NULL,NULL,NULL,NULL,NULL,NULL,NULL,NULL,NULL,NULL),(221,19,1,1,0,'NE 182U Jackson Dr E',182,'U','NE','Jackson','Dr','E',NULL,'Attn: Development',NULL,NULL,NULL,NULL,1561,NULL,NULL,NULL,1002,NULL,NULL,NULL,NULL),(222,13,1,1,0,'SW 151E Cadell Way W',151,'E','SW','Cadell','Way','W',NULL,'C/o OPDC',NULL,NULL,NULL,NULL,1567,NULL,NULL,NULL,1002,NULL,NULL,NULL,NULL),(223,126,1,1,0,'W 96L Bay Ln N',96,'L','W','Bay','Ln','N',NULL,'Attn: Accounting',NULL,NULL,NULL,NULL,NULL,NULL,NULL,NULL,NULL,NULL,NULL,NULL,NULL),(224,63,1,1,0,'N 555U Northpoint St SE',555,'U','N','Northpoint','St','SE',NULL,'C/o OPDC',NULL,NULL,NULL,NULL,1782,NULL,NULL,NULL,1017,NULL,NULL,NULL,NULL),(225,285,1,1,0,'N 233R Bay Blvd NE',233,'R','N','Bay','Blvd','NE',NULL,'Payables Dept.',NULL,NULL,NULL,NULL,1738,NULL,NULL,NULL,1017,NULL,NULL,NULL,NULL),(226,345,1,1,0,'NE 895F Second Pl SE',895,'F','NE','Second','Pl','SE',NULL,'C/o PO Plus',NULL,NULL,NULL,NULL,1692,NULL,NULL,NULL,1015,NULL,NULL,NULL,NULL),(227,158,1,1,0,'E 578Y Beech Blvd W',578,'Y','E','Beech','Blvd','W',NULL,'Attn: Development',NULL,NULL,NULL,NULL,4911,NULL,NULL,NULL,1224,NULL,NULL,NULL,NULL),(228,189,1,1,0,'S 996G Green Blvd S',996,'G','S','Green','Blvd','S',NULL,'Donor Relations',NULL,NULL,NULL,NULL,3469,NULL,NULL,NULL,1199,NULL,NULL,NULL,NULL),(229,199,1,1,0,'S 745A Woodbridge Blvd E',745,'A','S','Woodbridge','Blvd','E',NULL,'C/o PO Plus',NULL,NULL,NULL,NULL,4683,NULL,NULL,NULL,1211,NULL,NULL,NULL,NULL),(230,151,1,1,0,'NW 426N Second St NE',426,'N','NW','Second','St','NE',NULL,'Disbursements',NULL,NULL,NULL,NULL,2701,NULL,NULL,NULL,1226,NULL,NULL,NULL,NULL),(231,58,1,1,0,'SW 476G Second Ln NW',476,'G','SW','Second','Ln','NW',NULL,'Payables Dept.',NULL,NULL,NULL,NULL,3607,NULL,NULL,NULL,1146,NULL,NULL,NULL,NULL),(232,122,1,1,0,'W 154E College Way NE',154,'E','W','College','Way','NE',NULL,'Churchgate',NULL,NULL,NULL,NULL,2159,NULL,NULL,NULL,1048,NULL,NULL,NULL,NULL),(233,164,1,1,0,'SE 821M States Rd E',821,'M','SE','States','Rd','E',NULL,'C/o PO Plus',NULL,NULL,NULL,NULL,4778,NULL,NULL,NULL,1219,NULL,NULL,NULL,NULL),(234,405,1,1,0,'SW 769N Woodbridge Way S',769,'N','SW','Woodbridge','Way','S',NULL,'Mailstop 101',NULL,NULL,NULL,NULL,3939,NULL,NULL,NULL,1152,NULL,NULL,NULL,NULL),(235,246,1,1,0,'N 898D College St NE',898,'D','N','College','St','NE',NULL,'C/o PO Plus',NULL,NULL,NULL,NULL,1795,NULL,NULL,NULL,1034,NULL,NULL,NULL,NULL),(236,195,1,1,0,'S 593G Main Path E',593,'G','S','Main','Path','E',NULL,'Editorial Dept',NULL,NULL,NULL,NULL,1848,NULL,NULL,NULL,1033,NULL,NULL,NULL,NULL),(237,88,1,1,0,'N 809Z Jackson Path W',809,'Z','N','Jackson','Path','W',NULL,'Cuffe Parade',NULL,NULL,NULL,NULL,3317,NULL,NULL,NULL,1109,NULL,NULL,NULL,NULL),(238,395,1,1,0,'S 459P Dowlen Blvd SE',459,'P','S','Dowlen','Blvd','SE',NULL,'Attn: Accounting',NULL,NULL,NULL,NULL,1911,NULL,NULL,NULL,1025,NULL,NULL,NULL,NULL),(239,40,1,1,0,'NW 882E States Pl N',882,'E','NW','States','Pl','N',NULL,'Receiving',NULL,NULL,NULL,NULL,4869,NULL,NULL,NULL,1210,NULL,NULL,NULL,NULL),(240,430,1,1,0,'SW 2O Maple Ln SW',2,'O','SW','Maple','Ln','SW',NULL,'Receiving',NULL,NULL,NULL,NULL,2549,NULL,NULL,NULL,1076,NULL,NULL,NULL,NULL),(241,231,1,1,0,'E 452K Cadell Ln W',452,'K','E','Cadell','Ln','W',NULL,'Attn: Development',NULL,NULL,NULL,NULL,5123,NULL,NULL,NULL,1237,NULL,NULL,NULL,NULL),(242,260,1,1,0,'E 19Z Caulder Blvd W',19,'Z','E','Caulder','Blvd','W',NULL,'Receiving',NULL,NULL,NULL,NULL,NULL,NULL,NULL,NULL,NULL,NULL,NULL,NULL,NULL),(243,162,1,1,0,'NW 904E Martin Luther King Ave N',904,'E','NW','Martin Luther King','Ave','N',NULL,'Urgent',NULL,NULL,NULL,NULL,4003,NULL,NULL,NULL,1169,NULL,NULL,NULL,NULL),(244,420,1,1,0,'NW 556V Martin Luther King Rd SW',556,'V','NW','Martin Luther King','Rd','SW',NULL,'Churchgate',NULL,NULL,NULL,NULL,5039,NULL,NULL,NULL,1233,NULL,NULL,NULL,NULL),(245,320,1,1,0,'NW 161M Green St N',161,'M','NW','Green','St','N',NULL,'C/o OPDC',NULL,NULL,NULL,NULL,1916,NULL,NULL,NULL,1025,NULL,NULL,NULL,NULL),(246,15,1,1,0,'NW 864I Second Pl NW',864,'I','NW','Second','Pl','NW',NULL,'Urgent',NULL,NULL,NULL,NULL,5213,NULL,NULL,NULL,1165,NULL,NULL,NULL,NULL),(247,82,1,1,0,'S 469K Green Path SW',469,'K','S','Green','Path','SW',NULL,'C/o PO Plus',NULL,NULL,NULL,NULL,3487,NULL,NULL,NULL,1199,NULL,NULL,NULL,NULL),(248,396,1,1,0,'NW 37U Pine Path W',37,'U','NW','Pine','Path','W',NULL,'Churchgate',NULL,NULL,NULL,NULL,5096,NULL,NULL,NULL,1231,NULL,NULL,NULL,NULL),(249,383,1,1,0,'N 386G El Camino Ln SE',386,'G','N','El Camino','Ln','SE',NULL,'Editorial Dept',NULL,NULL,NULL,NULL,4380,NULL,NULL,NULL,1180,NULL,NULL,NULL,NULL),(250,21,1,1,0,'NW 408L El Camino Dr W',408,'L','NW','El Camino','Dr','W',NULL,'Editorial Dept',NULL,NULL,NULL,NULL,NULL,NULL,NULL,NULL,NULL,NULL,NULL,NULL,NULL),(251,316,1,1,0,'E 831H Dowlen Ln NW',831,'H','E','Dowlen','Ln','NW',NULL,'Attn: Accounting',NULL,NULL,NULL,NULL,2774,NULL,NULL,NULL,1226,NULL,NULL,NULL,NULL),(252,192,1,1,0,'NE 747A States Pl NW',747,'A','NE','States','Pl','NW',NULL,'Subscriptions Dept',NULL,NULL,NULL,NULL,NULL,NULL,NULL,NULL,NULL,NULL,NULL,NULL,NULL),(253,359,1,1,0,'W 863Q Main Way W',863,'Q','W','Main','Way','W',NULL,'Payables Dept.',NULL,NULL,NULL,NULL,2307,NULL,NULL,NULL,1003,NULL,NULL,NULL,NULL),(254,295,1,1,0,'S 701M College Ave SE',701,'M','S','College','Ave','SE',NULL,'Attn: Accounting',NULL,NULL,NULL,NULL,2716,NULL,NULL,NULL,1226,NULL,NULL,NULL,NULL),(255,399,1,1,0,'NW 613G Second Blvd NW',613,'G','NW','Second','Blvd','NW',NULL,'C/o PO Plus',NULL,NULL,NULL,NULL,3372,NULL,NULL,NULL,1037,NULL,NULL,NULL,NULL),(256,166,1,1,0,'E 380H Pine Way N',380,'H','E','Pine','Way','N',NULL,'Churchgate',NULL,NULL,NULL,NULL,1715,NULL,NULL,NULL,1015,NULL,NULL,NULL,NULL),(257,27,1,1,0,'N 208Q Northpoint Pl SE',208,'Q','N','Northpoint','Pl','SE',NULL,'Disbursements',NULL,NULL,NULL,NULL,2266,NULL,NULL,NULL,1059,NULL,NULL,NULL,NULL),(258,418,1,1,0,'W 650X Main Ave E',650,'X','W','Main','Ave','E',NULL,'C/o PO Plus',NULL,NULL,NULL,NULL,3485,NULL,NULL,NULL,1199,NULL,NULL,NULL,NULL),(259,135,1,1,0,'NW 188R El Camino Pl W',188,'R','NW','El Camino','Pl','W',NULL,'Disbursements',NULL,NULL,NULL,NULL,2722,NULL,NULL,NULL,1226,NULL,NULL,NULL,NULL),(260,97,1,1,0,'SE 791F El Camino Blvd SW',791,'F','SE','El Camino','Blvd','SW',NULL,'Disbursements',NULL,NULL,NULL,NULL,2968,NULL,NULL,NULL,1093,NULL,NULL,NULL,NULL),(261,237,1,1,0,'SW 214S El Camino Blvd S',214,'S','SW','El Camino','Blvd','S',NULL,'Payables Dept.',NULL,NULL,NULL,NULL,3174,NULL,NULL,NULL,1107,NULL,NULL,NULL,NULL),(262,210,1,1,0,'S 21O Green St E',21,'O','S','Green','St','E',NULL,'Community Relations',NULL,NULL,NULL,NULL,4682,NULL,NULL,NULL,1211,NULL,NULL,NULL,NULL),(263,11,1,1,0,'NW 41I Maple Path S',41,'I','NW','Maple','Path','S',NULL,'Receiving',NULL,NULL,NULL,NULL,2901,NULL,NULL,NULL,1085,NULL,NULL,NULL,NULL),(264,336,1,1,0,'E 185V Lincoln Dr E',185,'V','E','Lincoln','Dr','E',NULL,'Attn: Development',NULL,NULL,NULL,NULL,4134,NULL,NULL,NULL,1173,NULL,NULL,NULL,NULL),(265,454,1,1,0,'NW 873M Jackson Ave SW',873,'M','NW','Jackson','Ave','SW',NULL,'Subscriptions Dept',NULL,NULL,NULL,NULL,1005,NULL,NULL,NULL,1228,NULL,NULL,NULL,NULL),(266,143,1,1,0,'S 908Y Main Way NE',908,'Y','S','Main','Way','NE',NULL,'Cuffe Parade',NULL,NULL,NULL,NULL,4181,NULL,NULL,NULL,1176,NULL,NULL,NULL,NULL),(267,161,1,1,0,'NE 501G Martin Luther King Rd SE',501,'G','NE','Martin Luther King','Rd','SE',NULL,'Cuffe Parade',NULL,NULL,NULL,NULL,4949,NULL,NULL,NULL,1223,NULL,NULL,NULL,NULL),(268,394,1,1,0,'NE 211V Jackson Blvd S',211,'V','NE','Jackson','Blvd','S',NULL,'Receiving',NULL,NULL,NULL,NULL,1513,NULL,NULL,NULL,1001,NULL,NULL,NULL,NULL),(269,74,1,1,0,'S 964G Dowlen Rd N',964,'G','S','Dowlen','Rd','N',NULL,'Urgent',NULL,NULL,NULL,NULL,4697,NULL,NULL,NULL,1211,NULL,NULL,NULL,NULL),(270,461,1,1,0,'S 630W Pine Path NE',630,'W','S','Pine','Path','NE',NULL,'Donor Relations',NULL,NULL,NULL,NULL,4578,NULL,NULL,NULL,1201,NULL,NULL,NULL,NULL),(271,468,1,1,0,'SE 244T El Camino Ln NE',244,'T','SE','El Camino','Ln','NE',NULL,'Attn: Accounting',NULL,NULL,NULL,NULL,2427,NULL,NULL,NULL,1198,NULL,NULL,NULL,NULL),(272,278,1,1,0,'NE 547Q Jackson Dr S',547,'Q','NE','Jackson','Dr','S',NULL,'Editorial Dept',NULL,NULL,NULL,NULL,1552,NULL,NULL,NULL,1002,NULL,NULL,NULL,NULL),(273,467,1,1,0,'NE 285K Green Dr NW',285,'K','NE','Green','Dr','NW',NULL,'Urgent',NULL,NULL,NULL,NULL,3769,NULL,NULL,NULL,1132,NULL,NULL,NULL,NULL),(274,344,1,1,0,'S 997J El Camino St SE',997,'J','S','El Camino','St','SE',NULL,'Editorial Dept',NULL,NULL,NULL,NULL,2927,NULL,NULL,NULL,1085,NULL,NULL,NULL,NULL),(275,393,1,1,0,'S 775I Pine St SW',775,'I','S','Pine','St','SW',NULL,'Payables Dept.',NULL,NULL,NULL,NULL,4011,NULL,NULL,NULL,1169,NULL,NULL,NULL,NULL),(276,422,1,1,0,'E 491K Martin Luther King Pl E',491,'K','E','Martin Luther King','Pl','E',NULL,'Subscriptions Dept',NULL,NULL,NULL,NULL,3398,NULL,NULL,NULL,1114,NULL,NULL,NULL,NULL),(277,119,1,1,0,'W 846V Dowlen Way E',846,'V','W','Dowlen','Way','E',NULL,'Subscriptions Dept',NULL,NULL,NULL,NULL,5194,NULL,NULL,NULL,1098,NULL,NULL,NULL,NULL),(278,79,1,1,0,'N 324L Bay Blvd NW',324,'L','N','Bay','Blvd','NW',NULL,'C/o PO Plus',NULL,NULL,NULL,NULL,1313,NULL,NULL,NULL,1172,NULL,NULL,NULL,NULL),(279,108,1,1,0,'SW 29I Cadell Rd S',29,'I','SW','Cadell','Rd','S',NULL,'Mailstop 101',NULL,NULL,NULL,NULL,1630,NULL,NULL,NULL,1014,NULL,NULL,NULL,NULL),(280,409,1,1,0,'NE 523V Bay Blvd SE',523,'V','NE','Bay','Blvd','SE',NULL,'Payables Dept.',NULL,NULL,NULL,NULL,4116,NULL,NULL,NULL,1170,NULL,NULL,NULL,NULL),(281,465,1,1,0,'E 955L States Rd N',955,'L','E','States','Rd','N',NULL,'Attn: Accounting',NULL,NULL,NULL,NULL,1592,NULL,NULL,NULL,1006,NULL,NULL,NULL,NULL),(282,303,1,1,0,'NW 771X Beech Ave S',771,'X','NW','Beech','Ave','S',NULL,'Donor Relations',NULL,NULL,NULL,NULL,4329,NULL,NULL,NULL,1194,NULL,NULL,NULL,NULL),(283,22,1,1,0,'E 944P Lincoln Ave SE',944,'P','E','Lincoln','Ave','SE',NULL,'Cuffe Parade',NULL,NULL,NULL,NULL,2572,NULL,NULL,NULL,1076,NULL,NULL,NULL,NULL),(284,39,1,1,0,'N 224V States St SW',224,'V','N','States','St','SW',NULL,'Urgent',NULL,NULL,NULL,NULL,4133,NULL,NULL,NULL,1173,NULL,NULL,NULL,NULL),(285,179,1,1,0,'N 633B Second Rd NW',633,'B','N','Second','Rd','NW',NULL,'Editorial Dept',NULL,NULL,NULL,NULL,2490,NULL,NULL,NULL,1074,NULL,NULL,NULL,NULL),(286,353,1,1,0,'E 131Q Van Ness Pl E',131,'Q','E','Van Ness','Pl','E',NULL,'Subscriptions Dept',NULL,NULL,NULL,NULL,5126,NULL,NULL,NULL,1237,NULL,NULL,NULL,NULL),(287,488,1,1,0,'W 336N Northpoint Ln NE',336,'N','W','Northpoint','Ln','NE',NULL,'Cuffe Parade',NULL,NULL,NULL,NULL,3960,NULL,NULL,NULL,1161,NULL,NULL,NULL,NULL),(288,491,1,1,0,'W 584Y States Ave S',584,'Y','W','States','Ave','S',NULL,'Community Relations',NULL,NULL,NULL,NULL,4133,NULL,NULL,NULL,1173,NULL,NULL,NULL,NULL),(289,317,1,1,0,'W 766F Northpoint Ln E',766,'F','W','Northpoint','Ln','E',NULL,'Disbursements',NULL,NULL,NULL,NULL,1306,NULL,NULL,NULL,1172,NULL,NULL,NULL,NULL),(290,20,1,1,0,'NE 776S Maple Blvd W',776,'S','NE','Maple','Blvd','W',NULL,'Donor Relations',NULL,NULL,NULL,NULL,4186,NULL,NULL,NULL,1176,NULL,NULL,NULL,NULL),(291,107,1,1,0,'SE 287I College Path NE',287,'I','SE','College','Path','NE',NULL,'C/o OPDC',NULL,NULL,NULL,NULL,3429,NULL,NULL,NULL,1111,NULL,NULL,NULL,NULL),(292,258,1,1,0,'NW 934V Woodbridge St N',934,'V','NW','Woodbridge','St','N',NULL,'Editorial Dept',NULL,NULL,NULL,NULL,1734,NULL,NULL,NULL,1017,NULL,NULL,NULL,NULL),(293,501,1,1,0,'SW 442R Main Dr W',442,'R','SW','Main','Dr','W',NULL,'C/o PO Plus',NULL,NULL,NULL,NULL,4938,NULL,NULL,NULL,1223,NULL,NULL,NULL,NULL),(294,477,1,1,0,'S 698A Second St W',698,'A','S','Second','St','W',NULL,'Donor Relations',NULL,NULL,NULL,NULL,4219,NULL,NULL,NULL,1177,NULL,NULL,NULL,NULL),(295,452,1,1,0,'NW 202Z Woodbridge Ln SE',202,'Z','NW','Woodbridge','Ln','SE',NULL,'Editorial Dept',NULL,NULL,NULL,NULL,2499,NULL,NULL,NULL,1076,NULL,NULL,NULL,NULL),(296,333,1,1,0,'SW 52F Beech Blvd SW',52,'F','SW','Beech','Blvd','SW',NULL,'C/o OPDC',NULL,NULL,NULL,NULL,2180,NULL,NULL,NULL,1053,NULL,NULL,NULL,NULL),(297,202,1,1,0,'S 599N Maple Path E',599,'N','S','Maple','Path','E',NULL,'Community Relations',NULL,NULL,NULL,NULL,2526,NULL,NULL,NULL,1076,NULL,NULL,NULL,NULL),(298,211,1,1,0,'NE 593Q Northpoint Ave SE',593,'Q','NE','Northpoint','Ave','SE',NULL,'Mailstop 101',NULL,NULL,NULL,NULL,5069,NULL,NULL,NULL,1233,NULL,NULL,NULL,NULL),(299,90,1,1,0,'SW 547Q Martin Luther King Rd SE',547,'Q','SW','Martin Luther King','Rd','SE',NULL,'Payables Dept.',NULL,NULL,NULL,NULL,3344,NULL,NULL,NULL,1110,NULL,NULL,NULL,NULL),(300,379,1,1,0,'W 749Y College Ave NW',749,'Y','W','College','Ave','NW',NULL,'Receiving',NULL,NULL,NULL,NULL,4010,NULL,NULL,NULL,1169,NULL,NULL,NULL,NULL),(301,435,1,1,0,'E 168V Lincoln Pl NE',168,'V','E','Lincoln','Pl','NE',NULL,'Community Relations',NULL,NULL,NULL,NULL,1806,NULL,NULL,NULL,1034,NULL,NULL,NULL,NULL),(302,9,1,1,0,'E 336W Second Dr NW',336,'W','E','Second','Dr','NW',NULL,'Cuffe Parade',NULL,NULL,NULL,NULL,NULL,NULL,NULL,NULL,NULL,NULL,NULL,NULL,NULL),(303,267,1,1,0,'S 516O Cadell Blvd S',516,'O','S','Cadell','Blvd','S',NULL,'Editorial Dept',NULL,NULL,NULL,NULL,3547,NULL,NULL,NULL,1119,NULL,NULL,NULL,NULL),(304,380,1,1,0,'E 794V Pine Dr SW',794,'V','E','Pine','Dr','SW',NULL,'Disbursements',NULL,NULL,NULL,NULL,4123,NULL,NULL,NULL,1163,NULL,NULL,NULL,NULL),(305,355,1,1,0,'W 836R Green Ln W',836,'R','W','Green','Ln','W',NULL,'Community Relations',NULL,NULL,NULL,NULL,2723,NULL,NULL,NULL,1226,NULL,NULL,NULL,NULL),(306,263,1,1,0,'S 103V Second Way N',103,'V','S','Second','Way','N',NULL,'Payables Dept.',NULL,NULL,NULL,NULL,1777,NULL,NULL,NULL,1017,NULL,NULL,NULL,NULL),(307,387,1,1,0,'S 881S Jackson Pl SW',881,'S','S','Jackson','Pl','SW',NULL,'Cuffe Parade',NULL,NULL,NULL,NULL,4928,NULL,NULL,NULL,1223,NULL,NULL,NULL,NULL),(308,481,1,1,0,'E 231L Beech Rd NW',231,'L','E','Beech','Rd','NW',NULL,'Subscriptions Dept',NULL,NULL,NULL,NULL,4446,NULL,NULL,NULL,1193,NULL,NULL,NULL,NULL),(309,76,1,1,0,'N 69G Van Ness Way NW',69,'G','N','Van Ness','Way','NW',NULL,'Subscriptions Dept',NULL,NULL,NULL,NULL,3332,NULL,NULL,NULL,1108,NULL,NULL,NULL,NULL),(310,321,1,1,0,'N 97A Woodbridge Blvd W',97,'A','N','Woodbridge','Blvd','W',NULL,'Receiving',NULL,NULL,NULL,NULL,3434,NULL,NULL,NULL,1111,NULL,NULL,NULL,NULL),(311,120,1,1,0,'E 601L Jackson Path N',601,'L','E','Jackson','Path','N',NULL,'Mailstop 101',NULL,NULL,NULL,NULL,4891,NULL,NULL,NULL,1224,NULL,NULL,NULL,NULL),(312,392,1,1,0,'E 483X Maple Blvd SE',483,'X','E','Maple','Blvd','SE',NULL,'Attn: Development',NULL,NULL,NULL,NULL,1027,NULL,NULL,NULL,1228,NULL,NULL,NULL,NULL),(313,403,1,1,0,'W 797T Maple Dr SW',797,'T','W','Maple','Dr','SW',NULL,'Cuffe Parade',NULL,NULL,NULL,NULL,2499,NULL,NULL,NULL,1076,NULL,NULL,NULL,NULL),(314,314,1,1,0,'NW 101F Jackson Rd NW',101,'F','NW','Jackson','Rd','NW',NULL,'Editorial Dept',NULL,NULL,NULL,NULL,3972,NULL,NULL,NULL,1154,NULL,NULL,NULL,NULL),(315,496,1,1,0,'N 401D Van Ness Blvd SW',401,'D','N','Van Ness','Blvd','SW',NULL,'C/o PO Plus',NULL,NULL,NULL,NULL,1855,NULL,NULL,NULL,1033,NULL,NULL,NULL,NULL),(316,45,1,1,0,'SE 76Z States Dr NW',76,'Z','SE','States','Dr','NW',NULL,'Churchgate',NULL,NULL,NULL,NULL,3145,NULL,NULL,NULL,1103,NULL,NULL,NULL,NULL),(317,292,1,1,0,'SW 303I Bay Pl NE',303,'I','SW','Bay','Pl','NE',NULL,'Mailstop 101',NULL,NULL,NULL,NULL,3699,NULL,NULL,NULL,1035,NULL,NULL,NULL,NULL),(318,364,1,1,0,'N 535J Woodbridge Rd NE',535,'J','N','Woodbridge','Rd','NE',NULL,'Urgent',NULL,NULL,NULL,NULL,4258,NULL,NULL,NULL,1177,NULL,NULL,NULL,NULL),(319,165,1,1,0,'W 441Y Bay Blvd SE',441,'Y','W','Bay','Blvd','SE',NULL,'Payables Dept.',NULL,NULL,NULL,NULL,5126,NULL,NULL,NULL,1237,NULL,NULL,NULL,NULL),(320,118,1,1,0,'NE 598B Caulder Ln NE',598,'B','NE','Caulder','Ln','NE',NULL,'Editorial Dept',NULL,NULL,NULL,NULL,1834,NULL,NULL,NULL,1034,NULL,NULL,NULL,NULL),(321,307,1,1,0,'W 596F College Path W',596,'F','W','College','Path','W',NULL,'Editorial Dept',NULL,NULL,NULL,NULL,2096,NULL,NULL,NULL,1044,NULL,NULL,NULL,NULL),(322,32,1,1,0,'S 142Y Green Way S',142,'Y','S','Green','Way','S',NULL,'Editorial Dept',NULL,NULL,NULL,NULL,4686,NULL,NULL,NULL,1211,NULL,NULL,NULL,NULL),(323,6,1,1,0,'S 423M Cadell Rd N',423,'M','S','Cadell','Rd','N',NULL,'Cuffe Parade',NULL,NULL,NULL,NULL,1972,NULL,NULL,NULL,1024,NULL,NULL,NULL,NULL),(324,206,1,1,0,'W 722H El Camino Ave NE',722,'H','W','El Camino','Ave','NE',NULL,'Donor Relations',NULL,NULL,NULL,NULL,2741,NULL,NULL,NULL,1226,NULL,NULL,NULL,NULL),(325,214,1,1,0,'W 241L Dowlen Way W',241,'L','W','Dowlen','Way','W',NULL,'Mailstop 101',NULL,NULL,NULL,NULL,4983,NULL,NULL,NULL,1229,NULL,NULL,NULL,NULL),(326,145,1,1,0,'SW 299S Second St NW',299,'S','SW','Second','St','NW',NULL,'Urgent',NULL,NULL,NULL,NULL,2169,NULL,NULL,NULL,1048,NULL,NULL,NULL,NULL),(327,378,1,1,0,'N 588X Woodbridge Ave E',588,'X','N','Woodbridge','Ave','E',NULL,'Payables Dept.',NULL,NULL,NULL,NULL,4936,NULL,NULL,NULL,1223,NULL,NULL,NULL,NULL),(328,23,1,1,0,'NE 614D States Ave SW',614,'D','NE','States','Ave','SW',NULL,'Subscriptions Dept',NULL,NULL,NULL,NULL,3746,NULL,NULL,NULL,1138,NULL,NULL,NULL,NULL),(329,256,1,1,0,'NE 132V Northpoint Path NW',132,'V','NE','Northpoint','Path','NW',NULL,'C/o OPDC',NULL,NULL,NULL,NULL,4377,NULL,NULL,NULL,1204,NULL,NULL,NULL,NULL),(330,96,1,1,0,'SE 899L Beech Rd NE',899,'L','SE','Beech','Rd','NE',NULL,'Payables Dept.',NULL,NULL,NULL,NULL,5011,NULL,NULL,NULL,1230,NULL,NULL,NULL,NULL),(331,223,1,1,0,'NE 282G Pine Pl E',282,'G','NE','Pine','Pl','E',NULL,'C/o OPDC',NULL,NULL,NULL,NULL,3338,NULL,NULL,NULL,1110,NULL,NULL,NULL,NULL),(332,152,1,1,0,'E 765X Beech Ln W',765,'X','E','Beech','Ln','W',NULL,'Editorial Dept',NULL,NULL,NULL,NULL,2939,NULL,NULL,NULL,1090,NULL,NULL,NULL,NULL),(333,167,1,1,0,'E 273H Second Dr SE',273,'H','E','Second','Dr','SE',NULL,'C/o PO Plus',NULL,NULL,NULL,NULL,4141,NULL,NULL,NULL,1173,NULL,NULL,NULL,NULL),(334,55,1,1,0,'E 784M Maple Way NW',784,'M','E','Maple','Way','NW',NULL,'Receiving',NULL,NULL,NULL,NULL,4544,NULL,NULL,NULL,1188,NULL,NULL,NULL,NULL),(335,328,1,1,0,'S 660N Beech Dr NW',660,'N','S','Beech','Dr','NW',NULL,'Payables Dept.',NULL,NULL,NULL,NULL,2256,NULL,NULL,NULL,1060,NULL,NULL,NULL,NULL),(336,261,1,1,0,'N 150W Jackson Ave NE',150,'W','N','Jackson','Ave','NE',NULL,'Cuffe Parade',NULL,NULL,NULL,NULL,NULL,NULL,NULL,NULL,NULL,NULL,NULL,NULL,NULL),(337,391,1,1,0,'E 739Y Cadell Path NE',739,'Y','E','Cadell','Path','NE',NULL,'Urgent',NULL,NULL,NULL,NULL,2642,NULL,NULL,NULL,1226,NULL,NULL,NULL,NULL),(338,485,1,1,0,'SE 508A Beech Pl W',508,'A','SE','Beech','Pl','W',NULL,'Attn: Development',NULL,NULL,NULL,NULL,1613,NULL,NULL,NULL,1010,NULL,NULL,NULL,NULL),(339,404,1,1,0,'SW 363X Maple Rd N',363,'X','SW','Maple','Rd','N',NULL,'Community Relations',NULL,NULL,NULL,NULL,1976,NULL,NULL,NULL,1024,NULL,NULL,NULL,NULL),(340,117,1,1,0,'E 602J Woodbridge Blvd N',602,'J','E','Woodbridge','Blvd','N',NULL,'Cuffe Parade',NULL,NULL,NULL,NULL,3969,NULL,NULL,NULL,1154,NULL,NULL,NULL,NULL),(341,244,1,1,0,'SW 457G Bay Way W',457,'G','SW','Bay','Way','W',NULL,'Churchgate',NULL,NULL,NULL,NULL,4969,NULL,NULL,NULL,1223,NULL,NULL,NULL,NULL),(342,479,1,1,0,'E 740A Beech Dr NW',740,'A','E','Beech','Dr','NW',NULL,'Donor Relations',NULL,NULL,NULL,NULL,2286,NULL,NULL,NULL,1062,NULL,NULL,NULL,NULL),(343,159,1,1,0,'NE 890R College Dr W',890,'R','NE','College','Dr','W',NULL,'Attn: Accounting',NULL,NULL,NULL,NULL,4206,NULL,NULL,NULL,1176,NULL,NULL,NULL,NULL),(344,319,1,1,0,'E 887S Beech Pl NW',887,'S','E','Beech','Pl','NW',NULL,'Cuffe Parade',NULL,NULL,NULL,NULL,2525,NULL,NULL,NULL,1076,NULL,NULL,NULL,NULL),(345,170,1,1,0,'N 140I Martin Luther King Rd NW',140,'I','N','Martin Luther King','Rd','NW',NULL,'Attn: Development',NULL,NULL,NULL,NULL,3619,NULL,NULL,NULL,1146,NULL,NULL,NULL,NULL),(346,37,1,1,0,'SE 281Y Woodbridge Ln E',281,'Y','SE','Woodbridge','Ln','E',NULL,'Donor Relations',NULL,NULL,NULL,NULL,4235,NULL,NULL,NULL,1177,NULL,NULL,NULL,NULL),(347,86,1,1,0,'N 308Z Main Ave NW',308,'Z','N','Main','Ave','NW',NULL,'Payables Dept.',NULL,NULL,NULL,NULL,4404,NULL,NULL,NULL,1193,NULL,NULL,NULL,NULL),(348,243,1,1,0,'S 250S Maple Rd NE',250,'S','S','Maple','Rd','NE',NULL,'Attn: Accounting',NULL,NULL,NULL,NULL,4394,NULL,NULL,NULL,1193,NULL,NULL,NULL,NULL),(349,434,1,1,0,'SE 929E States Dr NE',929,'E','SE','States','Dr','NE',NULL,'Disbursements',NULL,NULL,NULL,NULL,NULL,NULL,NULL,NULL,NULL,NULL,NULL,NULL,NULL),(350,362,1,1,0,'W 113F Main Blvd N',113,'F','W','Main','Blvd','N',NULL,'Attn: Accounting',NULL,NULL,NULL,NULL,1678,NULL,NULL,NULL,1015,NULL,NULL,NULL,NULL),(351,131,1,1,0,'NE 599K Beech Path S',599,'K','NE','Beech','Path','S',NULL,'Disbursements',NULL,NULL,NULL,NULL,NULL,NULL,NULL,NULL,NULL,NULL,NULL,NULL,NULL),(352,184,1,1,0,'N 893Q Martin Luther King Ln W',893,'Q','N','Martin Luther King','Ln','W',NULL,'Cuffe Parade',NULL,NULL,NULL,NULL,3522,NULL,NULL,NULL,1126,NULL,NULL,NULL,NULL),(353,342,1,1,0,'S 205Y College Ln NW',205,'Y','S','College','Ln','NW',NULL,'Payables Dept.',NULL,NULL,NULL,NULL,2924,NULL,NULL,NULL,1085,NULL,NULL,NULL,NULL),(354,305,1,1,0,'W 185J El Camino Ln W',185,'J','W','El Camino','Ln','W',NULL,'Urgent',NULL,NULL,NULL,NULL,5207,NULL,NULL,NULL,1165,NULL,NULL,NULL,NULL),(355,322,1,1,0,'NE 434N Van Ness Dr SW',434,'N','NE','Van Ness','Dr','SW',NULL,'Receiving',NULL,NULL,NULL,NULL,3642,NULL,NULL,NULL,1142,NULL,NULL,NULL,NULL),(356,351,1,1,0,'SW 28T Caulder St N',28,'T','SW','Caulder','St','N',NULL,'Attn: Development',NULL,NULL,NULL,NULL,1695,NULL,NULL,NULL,1015,NULL,NULL,NULL,NULL),(357,185,1,1,0,'S 183L Jackson Rd NE',183,'L','S','Jackson','Rd','NE',NULL,'Cuffe Parade',NULL,NULL,NULL,NULL,3987,NULL,NULL,NULL,1162,NULL,NULL,NULL,NULL),(358,297,1,1,0,'SW 103J Beech Pl W',103,'J','SW','Beech','Pl','W',NULL,'Attn: Development',NULL,NULL,NULL,NULL,3701,NULL,NULL,NULL,1035,NULL,NULL,NULL,NULL),(359,448,1,1,0,'W 36W Second Blvd SE',36,'W','W','Second','Blvd','SE',NULL,'Attn: Accounting',NULL,NULL,NULL,NULL,2446,NULL,NULL,NULL,1198,NULL,NULL,NULL,NULL),(360,46,1,1,0,'SE 805Z Northpoint Blvd W',805,'Z','SE','Northpoint','Blvd','W',NULL,'Subscriptions Dept',NULL,NULL,NULL,NULL,2528,NULL,NULL,NULL,1076,NULL,NULL,NULL,NULL),(361,157,1,1,0,'W 672M Maple Blvd E',672,'M','W','Maple','Blvd','E',NULL,'Urgent',NULL,NULL,NULL,NULL,3498,NULL,NULL,NULL,1122,NULL,NULL,NULL,NULL),(362,139,1,1,0,'S 176Y Second Ln NW',176,'Y','S','Second','Ln','NW',NULL,'Churchgate',NULL,NULL,NULL,NULL,4152,NULL,NULL,NULL,1168,NULL,NULL,NULL,NULL),(363,222,1,1,0,'W 222A El Camino Way NE',222,'A','W','El Camino','Way','NE',NULL,'Community Relations',NULL,NULL,NULL,NULL,2538,NULL,NULL,NULL,1076,NULL,NULL,NULL,NULL),(364,137,1,1,0,'E 310M Main Rd S',310,'M','E','Main','Rd','S',NULL,'Subscriptions Dept',NULL,NULL,NULL,NULL,1979,NULL,NULL,NULL,1024,NULL,NULL,NULL,NULL),(365,247,1,1,0,'E 705O Woodbridge Blvd S',705,'O','E','Woodbridge','Blvd','S',NULL,'Subscriptions Dept',NULL,NULL,NULL,NULL,4121,NULL,NULL,NULL,1163,NULL,NULL,NULL,NULL),(366,489,1,1,0,'E 848R Cadell Pl N',848,'R','E','Cadell','Pl','N',NULL,'Churchgate',NULL,NULL,NULL,NULL,1619,NULL,NULL,NULL,1010,NULL,NULL,NULL,NULL),(367,208,1,1,0,'N 976L Dowlen Blvd NE',976,'L','N','Dowlen','Blvd','NE',NULL,'Disbursements',NULL,NULL,NULL,NULL,4059,NULL,NULL,NULL,1170,NULL,NULL,NULL,NULL),(368,228,1,1,0,'NW 820G Pine Ave NW',820,'G','NW','Pine','Ave','NW',NULL,'Churchgate',NULL,NULL,NULL,NULL,4607,NULL,NULL,NULL,1206,NULL,NULL,NULL,NULL),(369,469,1,1,0,'S 84Y Cadell Blvd W',84,'Y','S','Cadell','Blvd','W',NULL,'C/o PO Plus',NULL,NULL,NULL,NULL,NULL,NULL,NULL,NULL,NULL,NULL,NULL,NULL,NULL),(370,268,1,1,0,'NW 319Q Pine Ln SE',319,'Q','NW','Pine','Ln','SE',NULL,'Disbursements',NULL,NULL,NULL,NULL,3192,NULL,NULL,NULL,1107,NULL,NULL,NULL,NULL),(371,201,1,1,0,'S 966N Maple Way S',966,'N','S','Maple','Way','S',NULL,'Editorial Dept',NULL,NULL,NULL,NULL,4434,NULL,NULL,NULL,1193,NULL,NULL,NULL,NULL),(372,188,1,1,0,'NE 118E Dowlen Ln SW',118,'E','NE','Dowlen','Ln','SW',NULL,'Subscriptions Dept',NULL,NULL,NULL,NULL,2118,NULL,NULL,NULL,1045,NULL,NULL,NULL,NULL),(373,363,1,1,0,'SE 408Z Beech Ave SE',408,'Z','SE','Beech','Ave','SE',NULL,'Cuffe Parade',NULL,NULL,NULL,NULL,2983,NULL,NULL,NULL,1097,NULL,NULL,NULL,NULL),(374,286,1,1,0,'S 927E Second Ln N',927,'E','S','Second','Ln','N',NULL,'Churchgate',NULL,NULL,NULL,NULL,4932,NULL,NULL,NULL,1223,NULL,NULL,NULL,NULL),(375,54,1,1,0,'NE 662W Cadell Ln SE',662,'W','NE','Cadell','Ln','SE',NULL,'Urgent',NULL,NULL,NULL,NULL,4084,NULL,NULL,NULL,1170,NULL,NULL,NULL,NULL),(376,464,1,1,0,'SW 918J Beech Ave SW',918,'J','SW','Beech','Ave','SW',NULL,'Receiving',NULL,NULL,NULL,NULL,3732,NULL,NULL,NULL,1137,NULL,NULL,NULL,NULL),(377,423,1,1,0,'NE 811Z Dowlen Pl SE',811,'Z','NE','Dowlen','Pl','SE',NULL,'Community Relations',NULL,NULL,NULL,NULL,1903,NULL,NULL,NULL,1022,NULL,NULL,NULL,NULL),(378,176,1,1,0,'N 98O Main Ln E',98,'O','N','Main','Ln','E',NULL,'Community Relations',NULL,NULL,NULL,NULL,2787,NULL,NULL,NULL,1226,NULL,NULL,NULL,NULL),(379,51,1,1,0,'NE 575I Green St N',575,'I','NE','Green','St','N',NULL,'C/o OPDC',NULL,NULL,NULL,NULL,3278,NULL,NULL,NULL,1109,NULL,NULL,NULL,NULL),(380,129,1,1,0,'NW 886T Maple Blvd NE',886,'T','NW','Maple','Blvd','NE',NULL,'Receiving',NULL,NULL,NULL,NULL,2448,NULL,NULL,NULL,1198,NULL,NULL,NULL,NULL),(381,462,1,1,0,'N 469M Pine Ln NE',469,'M','N','Pine','Ln','NE',NULL,'Churchgate',NULL,NULL,NULL,NULL,1870,NULL,NULL,NULL,1016,NULL,NULL,NULL,NULL),(382,70,1,1,0,'NW 177O Lincoln Path S',177,'O','NW','Lincoln','Path','S',NULL,'Mailstop 101',NULL,NULL,NULL,NULL,NULL,NULL,NULL,NULL,NULL,NULL,NULL,NULL,NULL),(383,5,1,1,0,'W 259Y Green St SE',259,'Y','W','Green','St','SE',NULL,'Community Relations',NULL,NULL,NULL,NULL,NULL,NULL,NULL,NULL,NULL,NULL,NULL,NULL,NULL),(384,377,1,1,0,'E 754H Bay Ln NE',754,'H','E','Bay','Ln','NE',NULL,'Donor Relations',NULL,NULL,NULL,NULL,3664,NULL,NULL,NULL,1135,NULL,NULL,NULL,NULL),(385,436,1,1,0,'SW 263N Cadell Ave W',263,'N','SW','Cadell','Ave','W',NULL,'Community Relations',NULL,NULL,NULL,NULL,5195,NULL,NULL,NULL,1108,NULL,NULL,NULL,NULL),(386,50,1,1,0,'E 409C Beech Way NW',409,'C','E','Beech','Way','NW',NULL,'Attn: Accounting',NULL,NULL,NULL,NULL,3430,NULL,NULL,NULL,1111,NULL,NULL,NULL,NULL),(387,8,1,1,0,'N 608O Dowlen Pl NW',608,'O','N','Dowlen','Pl','NW',NULL,'C/o PO Plus',NULL,NULL,NULL,NULL,3745,NULL,NULL,NULL,1138,NULL,NULL,NULL,NULL),(388,160,1,1,0,'N 959V Beech Ave S',959,'V','N','Beech','Ave','S',NULL,'Mailstop 101',NULL,NULL,NULL,NULL,4342,NULL,NULL,NULL,1200,NULL,NULL,NULL,NULL),(389,250,1,1,0,'W 255M College Way NE',255,'M','W','College','Way','NE',NULL,'C/o OPDC',NULL,NULL,NULL,NULL,4689,NULL,NULL,NULL,1211,NULL,NULL,NULL,NULL),(390,182,1,1,0,'SW 795T Caulder Path SW',795,'T','SW','Caulder','Path','SW',NULL,'Donor Relations',NULL,NULL,NULL,NULL,3759,NULL,NULL,NULL,1132,NULL,NULL,NULL,NULL),(391,427,1,1,0,'NE 228Q Beech Pl S',228,'Q','NE','Beech','Pl','S',NULL,'Mailstop 101',NULL,NULL,NULL,NULL,2111,NULL,NULL,NULL,1045,NULL,NULL,NULL,NULL),(392,493,1,1,0,'W 438O Martin Luther King Dr E',438,'O','W','Martin Luther King','Dr','E',NULL,'Mailstop 101',NULL,NULL,NULL,NULL,5192,NULL,NULL,NULL,1098,NULL,NULL,NULL,NULL),(393,284,1,1,0,'N 427D College Rd E',427,'D','N','College','Rd','E',NULL,'Churchgate',NULL,NULL,NULL,NULL,2898,NULL,NULL,NULL,1085,NULL,NULL,NULL,NULL),(394,213,1,1,0,'SE 34C States Way SW',34,'C','SE','States','Way','SW',NULL,'Disbursements',NULL,NULL,NULL,NULL,1940,NULL,NULL,NULL,1029,NULL,NULL,NULL,NULL),(395,193,1,1,0,'SW 942H El Camino Ave E',942,'H','SW','El Camino','Ave','E',NULL,'Attn: Development',NULL,NULL,NULL,NULL,3961,NULL,NULL,NULL,1161,NULL,NULL,NULL,NULL),(396,337,1,1,0,'SW 213E Dowlen St E',213,'E','SW','Dowlen','St','E',NULL,'Payables Dept.',NULL,NULL,NULL,NULL,2477,NULL,NULL,NULL,1070,NULL,NULL,NULL,NULL),(397,483,1,1,0,'N 494M Jackson Pl N',494,'M','N','Jackson','Pl','N',NULL,'Editorial Dept',NULL,NULL,NULL,NULL,4447,NULL,NULL,NULL,1193,NULL,NULL,NULL,NULL),(398,269,1,1,0,'N 889F Green Pl NW',889,'F','N','Green','Pl','NW',NULL,'Attn: Accounting',NULL,NULL,NULL,NULL,4842,NULL,NULL,NULL,1063,NULL,NULL,NULL,NULL),(399,35,1,1,0,'S 786G College Way SE',786,'G','S','College','Way','SE',NULL,'C/o PO Plus',NULL,NULL,NULL,NULL,2879,NULL,NULL,NULL,1085,NULL,NULL,NULL,NULL),(400,354,1,1,0,'SW 100X States Way N',100,'X','SW','States','Way','N',NULL,'C/o PO Plus',NULL,NULL,NULL,NULL,4856,NULL,NULL,NULL,1208,NULL,NULL,NULL,NULL),(401,376,1,1,0,'SW 646G Main Dr E',646,'G','SW','Main','Dr','E',NULL,'Editorial Dept',NULL,NULL,NULL,NULL,2042,NULL,NULL,NULL,1051,NULL,NULL,NULL,NULL),(402,71,1,1,0,'SE 753F Van Ness Pl N',753,'F','SE','Van Ness','Pl','N',NULL,'Attn: Development',NULL,NULL,NULL,NULL,4732,NULL,NULL,NULL,1218,NULL,NULL,NULL,NULL),(403,153,1,1,0,'NE 465Y Second St S',465,'Y','NE','Second','St','S',NULL,'Disbursements',NULL,NULL,NULL,NULL,2076,NULL,NULL,NULL,1054,NULL,NULL,NULL,NULL),(404,203,1,1,0,'N 375K Woodbridge Dr SW',375,'K','N','Woodbridge','Dr','SW',NULL,'Editorial Dept',NULL,NULL,NULL,NULL,1999,NULL,NULL,NULL,1019,NULL,NULL,NULL,NULL),(405,200,1,1,0,'N 661D El Camino Way W',661,'D','N','El Camino','Way','W',NULL,'Urgent',NULL,NULL,NULL,NULL,4750,NULL,NULL,NULL,1219,NULL,NULL,NULL,NULL),(406,147,1,1,0,'S 143L Northpoint Rd S',143,'L','S','Northpoint','Rd','S',NULL,'Urgent',NULL,NULL,NULL,NULL,2091,NULL,NULL,NULL,1044,NULL,NULL,NULL,NULL),(407,227,1,1,0,'E 692L Bay Way NW',692,'L','E','Bay','Way','NW',NULL,'Editorial Dept',NULL,NULL,NULL,NULL,2607,NULL,NULL,NULL,1226,NULL,NULL,NULL,NULL),(408,412,1,1,0,'NE 983Q Van Ness Path E',983,'Q','NE','Van Ness','Path','E',NULL,'Mailstop 101',NULL,NULL,NULL,NULL,4530,NULL,NULL,NULL,1193,NULL,NULL,NULL,NULL),(409,386,1,1,0,'SE 668O Lincoln Way SW',668,'O','SE','Lincoln','Way','SW',NULL,'C/o OPDC',NULL,NULL,NULL,NULL,5172,NULL,NULL,NULL,1075,NULL,NULL,NULL,NULL),(410,291,1,1,0,'SE 820F Green Way N',820,'F','SE','Green','Way','N',NULL,'Attn: Accounting',NULL,NULL,NULL,NULL,2451,NULL,NULL,NULL,1198,NULL,NULL,NULL,NULL),(411,494,1,1,0,'S 55C Martin Luther King Path N',55,'C','S','Martin Luther King','Path','N',NULL,'Attn: Accounting',NULL,NULL,NULL,NULL,2154,NULL,NULL,NULL,1048,NULL,NULL,NULL,NULL),(412,490,1,1,0,'W 834Q Dowlen St NW',834,'Q','W','Dowlen','St','NW',NULL,'Cuffe Parade',NULL,NULL,NULL,NULL,4607,NULL,NULL,NULL,1206,NULL,NULL,NULL,NULL),(413,219,1,1,0,'W 184W Woodbridge Pl NE',184,'W','W','Woodbridge','Pl','NE',NULL,'Attn: Accounting',NULL,NULL,NULL,NULL,NULL,NULL,NULL,NULL,NULL,NULL,NULL,NULL,NULL),(414,239,1,1,0,'SE 826V Second Blvd SW',826,'V','SE','Second','Blvd','SW',NULL,'Editorial Dept',NULL,NULL,NULL,NULL,NULL,NULL,NULL,NULL,NULL,NULL,NULL,NULL,NULL),(415,128,1,1,0,'W 177I Bay Ln SE',177,'I','W','Bay','Ln','SE',NULL,'Mailstop 101',NULL,NULL,NULL,NULL,3006,NULL,NULL,NULL,1055,NULL,NULL,NULL,NULL),(416,265,1,1,0,'NE 844A Woodbridge Rd N',844,'A','NE','Woodbridge','Rd','N',NULL,'C/o PO Plus',NULL,NULL,NULL,NULL,2738,NULL,NULL,NULL,1226,NULL,NULL,NULL,NULL),(417,451,1,1,0,'SW 629H States St E',629,'H','SW','States','St','E',NULL,'Payables Dept.',NULL,NULL,NULL,NULL,3582,NULL,NULL,NULL,1123,NULL,NULL,NULL,NULL),(418,433,1,1,0,'NW 457C Woodbridge Blvd W',457,'C','NW','Woodbridge','Blvd','W',NULL,'Urgent',NULL,NULL,NULL,NULL,2547,NULL,NULL,NULL,1076,NULL,NULL,NULL,NULL),(419,350,1,1,0,'N 595F Jackson Blvd W',595,'F','N','Jackson','Blvd','W',NULL,'Donor Relations',NULL,NULL,NULL,NULL,2857,NULL,NULL,NULL,1091,NULL,NULL,NULL,NULL),(420,252,1,1,0,'SW 326N Second Dr E',326,'N','SW','Second','Dr','E',NULL,'Disbursements',NULL,NULL,NULL,NULL,2825,NULL,NULL,NULL,1226,NULL,NULL,NULL,NULL),(421,262,1,1,0,'NW 447T Caulder Way E',447,'T','NW','Caulder','Way','E',NULL,'Churchgate',NULL,NULL,NULL,NULL,4433,NULL,NULL,NULL,1193,NULL,NULL,NULL,NULL),(422,361,1,1,0,'NE 448I Green Dr S',448,'I','NE','Green','Dr','S',NULL,'C/o OPDC',NULL,NULL,NULL,NULL,3608,NULL,NULL,NULL,1146,NULL,NULL,NULL,NULL),(423,389,1,1,0,'E 792B Jackson Ln NW',792,'B','E','Jackson','Ln','NW',NULL,'C/o OPDC',NULL,NULL,NULL,NULL,3084,NULL,NULL,NULL,1102,NULL,NULL,NULL,NULL),(424,445,1,1,0,'NE 480D Jackson Pl NW',480,'D','NE','Jackson','Pl','NW',NULL,'Receiving',NULL,NULL,NULL,NULL,2433,NULL,NULL,NULL,1198,NULL,NULL,NULL,NULL),(425,289,1,1,0,'SE 946I Dowlen Rd SE',946,'I','SE','Dowlen','Rd','SE',NULL,'C/o PO Plus',NULL,NULL,NULL,NULL,2674,NULL,NULL,NULL,1226,NULL,NULL,NULL,NULL),(426,220,1,1,0,'E 479T Northpoint Ave S',479,'T','E','Northpoint','Ave','S',NULL,'Donor Relations',NULL,NULL,NULL,NULL,2116,NULL,NULL,NULL,1045,NULL,NULL,NULL,NULL),(427,NULL,1,1,1,'S 14S El Camino Way E',14,'S',NULL,'El Camino','Way',NULL,NULL,NULL,NULL,NULL,'Collinsville',NULL,1006,NULL,'6022',NULL,1228,41.8328,-72.9253,NULL,NULL),(428,NULL,1,1,1,'E 11B Woodbridge Path SW',11,'B',NULL,'Woodbridge','Path',NULL,NULL,NULL,NULL,NULL,'Dayton',NULL,1034,NULL,'45417',NULL,1228,39.7531,-84.2471,NULL,NULL),(429,NULL,1,1,1,'E 581O Lincoln Dr SW',581,'O',NULL,'Lincoln','Dr',NULL,NULL,NULL,NULL,NULL,'Santa Fe',NULL,1030,NULL,'87594',NULL,1228,35.5212,-105.982,NULL,NULL);
/*!40000 ALTER TABLE `civicrm_address` ENABLE KEYS */;
UNLOCK TABLES;

--
-- Dumping data for table `civicrm_cache`
--

LOCK TABLES `civicrm_cache` WRITE;
/*!40000 ALTER TABLE `civicrm_cache` DISABLE KEYS */;
/*!40000 ALTER TABLE `civicrm_cache` ENABLE KEYS */;
UNLOCK TABLES;

--
-- Dumping data for table `civicrm_case`
--

LOCK TABLES `civicrm_case` WRITE;
/*!40000 ALTER TABLE `civicrm_case` DISABLE KEYS */;
/*!40000 ALTER TABLE `civicrm_case` ENABLE KEYS */;
UNLOCK TABLES;

--
-- Dumping data for table `civicrm_case_activity`
--

LOCK TABLES `civicrm_case_activity` WRITE;
/*!40000 ALTER TABLE `civicrm_case_activity` DISABLE KEYS */;
/*!40000 ALTER TABLE `civicrm_case_activity` ENABLE KEYS */;
UNLOCK TABLES;

--
-- Dumping data for table `civicrm_case_contact`
--

LOCK TABLES `civicrm_case_contact` WRITE;
/*!40000 ALTER TABLE `civicrm_case_contact` DISABLE KEYS */;
/*!40000 ALTER TABLE `civicrm_case_contact` ENABLE KEYS */;
UNLOCK TABLES;

--
-- Dumping data for table `civicrm_component`
--

LOCK TABLES `civicrm_component` WRITE;
/*!40000 ALTER TABLE `civicrm_component` DISABLE KEYS */;
INSERT INTO `civicrm_component` (`id`, `name`, `namespace`) VALUES (1,'CiviEvent','CRM_Event'),(2,'CiviContribute','CRM_Contribute'),(3,'CiviMember','CRM_Member'),(4,'CiviMail','CRM_Mailing'),(5,'CiviGrant','CRM_Grant'),(6,'CiviPledge','CRM_Pledge'),(7,'CiviCase','CRM_Case'),(8,'CiviReport','CRM_Report');
/*!40000 ALTER TABLE `civicrm_component` ENABLE KEYS */;
UNLOCK TABLES;

--
-- Dumping data for table `civicrm_contact`
--

LOCK TABLES `civicrm_contact` WRITE;
/*!40000 ALTER TABLE `civicrm_contact` DISABLE KEYS */;
INSERT INTO `civicrm_contact` (`id`, `contact_type`, `contact_sub_type`, `do_not_email`, `do_not_phone`, `do_not_mail`, `do_not_trade`, `is_opt_out`, `legal_identifier`, `external_identifier`, `sort_name`, `display_name`, `nick_name`, `legal_name`, `home_URL`, `image_URL`, `preferred_communication_method`, `preferred_mail_format`, `hash`, `api_key`, `source`, `first_name`, `middle_name`, `last_name`, `prefix_id`, `suffix_id`, `greeting_type_id`, `custom_greeting`, `job_title`, `gender_id`, `birth_date`, `is_deceased`, `deceased_date`, `mail_to_household_id`, `household_name`, `primary_contact_id`, `organization_name`, `sic_code`, `user_unique_id`, `employer_id`) VALUES (1,'Organization',NULL,0,0,0,0,0,NULL,NULL,'Inner City Arts','Inner City Arts',NULL,NULL,NULL,NULL,'4','Both','1902067651',NULL,NULL,NULL,NULL,NULL,NULL,NULL,NULL,NULL,NULL,NULL,NULL,0,NULL,NULL,NULL,NULL,'Inner City Arts',NULL,NULL,NULL),(2,'Individual',NULL,1,1,0,1,0,NULL,NULL,'Grant, Donald','Dr Donald M Grant Sr',NULL,NULL,NULL,NULL,'1','Both','192178006',NULL,NULL,'Donald','M','Grant',4,2,1,NULL,NULL,2,'2003-04-28',1,NULL,NULL,NULL,NULL,NULL,NULL,NULL,NULL),(3,'Individual',NULL,1,1,0,0,0,NULL,NULL,'Smith, Walter','Ms Walter P Smith Jr',NULL,NULL,NULL,NULL,'1','Both','1853747658',NULL,NULL,'Walter','P','Smith',2,1,2,NULL,NULL,1,'1972-11-24',0,NULL,NULL,NULL,NULL,NULL,NULL,NULL,NULL),(4,'Individual',NULL,1,1,0,1,0,NULL,NULL,'Yadav, Walter','Mr Walter P Yadav Sr',NULL,NULL,NULL,NULL,'3','Both','1060717605',NULL,NULL,'Walter','P','Yadav',3,2,2,NULL,NULL,1,'2001-01-10',0,NULL,NULL,NULL,NULL,NULL,NULL,NULL,NULL),(5,'Individual',NULL,1,0,0,0,0,NULL,NULL,'Yadav, Tony','Dr Tony F Yadav Jr',NULL,NULL,NULL,NULL,'1','Both','-1597253233',NULL,NULL,'Tony','F','Yadav',4,1,3,NULL,NULL,1,'1989-01-18',0,NULL,NULL,NULL,NULL,NULL,NULL,NULL,NULL),(6,'Individual',NULL,1,1,0,1,0,NULL,NULL,'Patel, Monica','Dr Monica M Patel Jr',NULL,NULL,NULL,NULL,'2','Both','1462854655',NULL,NULL,'Monica','M','Patel',4,1,2,NULL,NULL,1,'1981-08-27',0,NULL,NULL,NULL,NULL,NULL,NULL,NULL,NULL),(7,'Individual',NULL,0,1,0,0,0,NULL,NULL,'Adams, Walter','Ms Walter L Adams Jr',NULL,NULL,NULL,NULL,'2','Both','1751273217',NULL,NULL,'Walter','L','Adams',2,1,2,NULL,NULL,1,'1997-12-03',0,NULL,NULL,NULL,NULL,NULL,NULL,NULL,NULL),(8,'Individual',NULL,0,0,0,1,0,NULL,NULL,'Jones, Donald','Mrs Donald I Jones Sr',NULL,NULL,NULL,NULL,'3','Both','-778663486',NULL,NULL,'Donald','I','Jones',1,2,3,NULL,NULL,1,'1994-10-11',0,NULL,NULL,NULL,NULL,NULL,NULL,NULL,NULL),(9,'Individual',NULL,0,1,0,1,0,NULL,NULL,'chowski, Bernard','Ms Bernard M chowski Sr',NULL,NULL,NULL,NULL,'2','Both','-1143157738',NULL,NULL,'Bernard','M','chowski',2,2,3,NULL,NULL,1,'1998-03-08',0,NULL,NULL,NULL,NULL,NULL,NULL,NULL,NULL),(10,'Household',NULL,0,0,0,0,0,NULL,NULL,'Bill Smith\'s home','Bill Smith\'s home','Smith\'s home',NULL,NULL,NULL,'2','Both','-203690182',NULL,NULL,NULL,NULL,NULL,NULL,NULL,NULL,NULL,NULL,NULL,NULL,0,NULL,NULL,'Bill Smith\'s home',145,NULL,NULL,NULL,NULL),(11,'Individual',NULL,0,0,0,1,0,NULL,NULL,'chowski, Sam','Dr Sam F chowski Sr',NULL,NULL,NULL,NULL,'3','Both','1967322457',NULL,NULL,'Sam','F','chowski',4,2,2,NULL,NULL,2,'2002-05-06',0,NULL,NULL,NULL,NULL,NULL,NULL,NULL,NULL),(12,'Individual',NULL,0,1,0,1,0,NULL,NULL,'Jones, Milan','Ms Milan T Jones Sr',NULL,NULL,NULL,NULL,'5','Both','-411710711',NULL,NULL,'Milan','T','Jones',2,2,2,NULL,NULL,2,'1994-06-29',1,NULL,NULL,NULL,NULL,NULL,NULL,NULL,NULL),(13,'Individual',NULL,1,1,0,1,0,NULL,NULL,'chowski, Richard','Ms Richard R chowski Jr',NULL,NULL,NULL,NULL,'1','Both','-752127667',NULL,NULL,'Richard','R','chowski',2,1,3,NULL,NULL,1,'2000-11-19',1,NULL,NULL,NULL,NULL,NULL,NULL,NULL,NULL),(14,'Individual',NULL,0,1,0,0,0,NULL,NULL,'Zope, Jake','Mr Jake Y Zope Sr',NULL,NULL,NULL,NULL,'1','Both','209327852',NULL,NULL,'Jake','Y','Zope',3,2,3,NULL,NULL,2,'1983-01-06',0,NULL,NULL,NULL,NULL,NULL,NULL,NULL,NULL),(15,'Individual',NULL,0,1,0,0,0,NULL,NULL,'Roberts, Bruce','Mrs Bruce J Roberts Jr',NULL,NULL,NULL,NULL,'2','Both','1797116566',NULL,NULL,'Bruce','J','Roberts',1,1,1,NULL,NULL,2,'1999-02-06',1,NULL,NULL,NULL,NULL,NULL,NULL,NULL,NULL),(16,'Household',NULL,0,0,0,0,0,NULL,NULL,'Paula Patel\'s home','Paula Patel\'s home','Patel\'s home',NULL,NULL,NULL,'3','Both','-756933786',NULL,NULL,NULL,NULL,NULL,NULL,NULL,NULL,NULL,NULL,NULL,NULL,0,NULL,NULL,'Paula Patel\'s home',444,NULL,NULL,NULL,NULL),(17,'Household',NULL,1,0,0,1,0,NULL,NULL,'Henry Roberts\'s home','Henry Roberts\'s home','Roberts\'s home',NULL,NULL,NULL,'2','Both','1469702295',NULL,NULL,NULL,NULL,NULL,NULL,NULL,NULL,NULL,NULL,NULL,NULL,0,NULL,NULL,'Henry Roberts\'s home',297,NULL,NULL,NULL,NULL),(18,'Individual',NULL,0,0,0,0,0,NULL,NULL,'Jones, Greg','Ms Greg M Jones Sr',NULL,NULL,NULL,NULL,'1','Both','-2048668465',NULL,NULL,'Greg','M','Jones',2,2,2,NULL,NULL,1,'1980-07-07',1,NULL,NULL,NULL,NULL,NULL,NULL,NULL,NULL),(19,'Individual',NULL,0,0,0,0,0,NULL,NULL,'Yadav, Greg','Dr Greg D Yadav Sr',NULL,NULL,NULL,NULL,'4','Both','-278727307',NULL,NULL,'Greg','D','Yadav',4,2,3,NULL,NULL,2,'2001-05-07',0,NULL,NULL,NULL,NULL,NULL,NULL,NULL,NULL),(20,'Individual',NULL,1,1,0,1,0,NULL,NULL,'Yadav, Melinda','Mrs Melinda I Yadav Sr',NULL,NULL,NULL,NULL,'3','Both','1225590690',NULL,NULL,'Melinda','I','Yadav',1,2,1,NULL,NULL,2,'1980-01-22',1,NULL,NULL,NULL,NULL,NULL,NULL,NULL,NULL),(21,'Individual',NULL,0,1,0,1,0,NULL,NULL,'Roberts, Henry','Ms Henry E Roberts Jr',NULL,NULL,NULL,NULL,'5','Both','-1144482081',NULL,NULL,'Henry','E','Roberts',2,1,2,NULL,NULL,2,'1985-08-09',0,NULL,NULL,NULL,NULL,NULL,NULL,NULL,NULL),(22,'Individual',NULL,1,0,0,0,0,NULL,NULL,'Patel, Jake','Mrs Jake R Patel Jr',NULL,NULL,NULL,NULL,'1','Both','-477311571',NULL,NULL,'Jake','R','Patel',1,1,2,NULL,NULL,2,'1986-03-30',1,NULL,NULL,NULL,NULL,NULL,NULL,NULL,NULL),(23,'Individual',NULL,0,1,0,1,0,NULL,NULL,'Zope, Bill','Mr Bill W Zope Jr',NULL,NULL,NULL,NULL,'2','Both','-247447080',NULL,NULL,'Bill','W','Zope',3,1,2,NULL,NULL,1,'1989-01-21',0,NULL,NULL,NULL,NULL,NULL,NULL,NULL,NULL),(24,'Individual',NULL,1,0,0,0,0,NULL,NULL,'Smith, Rebecca','Ms Rebecca O Smith Jr',NULL,NULL,NULL,NULL,'3','Both','1509971092',NULL,NULL,'Rebecca','O','Smith',2,1,3,NULL,NULL,2,'1982-09-16',0,NULL,NULL,NULL,NULL,NULL,NULL,NULL,NULL),(25,'Organization',NULL,1,0,0,0,0,NULL,NULL,'Compasspoint  ','Compasspoint  ',NULL,NULL,NULL,NULL,'5','Both','-1531408',NULL,NULL,NULL,NULL,NULL,NULL,NULL,NULL,NULL,NULL,NULL,NULL,0,NULL,NULL,NULL,NULL,'Compasspoint  ',NULL,NULL,NULL),(26,'Household',NULL,1,1,0,1,0,NULL,NULL,'Bruce Roberts\'s home','Bruce Roberts\'s home','Roberts\'s home',NULL,NULL,NULL,'1','Both','1534484726',NULL,NULL,NULL,NULL,NULL,NULL,NULL,NULL,NULL,NULL,NULL,NULL,0,NULL,NULL,'Bruce Roberts\'s home',15,NULL,NULL,NULL,NULL),(27,'Individual',NULL,0,0,0,1,0,NULL,NULL,'Smith, Charles','Mrs Charles A Smith Jr',NULL,NULL,NULL,NULL,'4','Both','65426485',NULL,NULL,'Charles','A','Smith',1,1,1,NULL,NULL,2,'1975-09-21',0,NULL,NULL,NULL,NULL,NULL,NULL,NULL,NULL),(28,'Organization',NULL,1,0,0,1,0,NULL,NULL,'Red Cross  ','Red Cross  ',NULL,NULL,NULL,NULL,'2','Both','769545824',NULL,NULL,NULL,NULL,NULL,NULL,NULL,NULL,NULL,NULL,NULL,NULL,0,NULL,NULL,NULL,NULL,'Red Cross  ',NULL,NULL,NULL),(29,'Individual',NULL,0,0,0,0,0,NULL,NULL,'Reynolds, Chetan','Mr Chetan O Reynolds Jr',NULL,NULL,NULL,NULL,'1','Both','-1141133182',NULL,NULL,'Chetan','O','Reynolds',3,1,1,NULL,NULL,1,'1982-06-21',1,NULL,NULL,NULL,NULL,NULL,NULL,NULL,NULL),(30,'Individual',NULL,1,1,0,0,0,NULL,NULL,'Smith, Jennifer','Ms Jennifer D Smith Sr',NULL,NULL,NULL,NULL,'2','Both','963089643',NULL,NULL,'Jennifer','D','Smith',2,2,2,NULL,NULL,2,'1989-06-24',1,NULL,NULL,NULL,NULL,NULL,NULL,NULL,NULL),(31,'Individual',NULL,0,0,0,1,0,NULL,NULL,'Jameson, Henry','Mrs Henry N Jameson Sr',NULL,NULL,NULL,NULL,'3','Both','1085846572',NULL,NULL,'Henry','N','Jameson',1,2,1,NULL,NULL,1,'1976-09-02',0,NULL,NULL,NULL,NULL,NULL,NULL,NULL,NULL),(32,'Individual',NULL,1,1,0,1,0,NULL,NULL,'Jameson, Sheila','Dr Sheila V Jameson Jr',NULL,NULL,NULL,NULL,'2','Both','-1150717575',NULL,NULL,'Sheila','V','Jameson',4,1,2,NULL,NULL,1,'1977-11-28',0,NULL,NULL,NULL,NULL,NULL,NULL,NULL,NULL),(33,'Individual',NULL,0,1,0,1,0,NULL,NULL,'Jones, Dan','Mrs Dan S Jones Sr',NULL,NULL,NULL,NULL,'5','Both','2112700752',NULL,NULL,'Dan','S','Jones',1,2,3,NULL,NULL,2,'1979-11-26',1,NULL,NULL,NULL,NULL,NULL,NULL,NULL,NULL),(34,'Individual',NULL,0,0,0,0,0,NULL,NULL,'Roberts, Raymond','Ms Raymond H Roberts Sr',NULL,NULL,NULL,NULL,'1','Both','1973090289',NULL,NULL,'Raymond','H','Roberts',2,2,1,NULL,NULL,2,'1988-07-08',1,NULL,NULL,NULL,NULL,NULL,NULL,NULL,NULL),(35,'Individual',NULL,0,0,0,0,0,NULL,NULL,'chowski, Raymond','Dr Raymond M chowski Jr',NULL,NULL,NULL,NULL,'3','Both','-836764570',NULL,NULL,'Raymond','M','chowski',4,1,1,NULL,NULL,1,'2002-11-06',1,NULL,NULL,NULL,NULL,NULL,NULL,NULL,NULL),(36,'Individual',NULL,1,1,0,0,0,NULL,NULL,'Parker, Dan','Mr Dan T Parker Sr',NULL,NULL,NULL,NULL,'4','Both','-456080082',NULL,NULL,'Dan','T','Parker',3,2,3,NULL,NULL,2,'1993-11-28',0,NULL,NULL,NULL,NULL,NULL,NULL,NULL,NULL),(37,'Individual',NULL,1,0,0,1,0,NULL,NULL,'Parker, Milan','Dr Milan A Parker Jr',NULL,NULL,NULL,NULL,'4','Both','-1138998923',NULL,NULL,'Milan','A','Parker',4,1,2,NULL,NULL,2,'2001-11-06',0,NULL,NULL,NULL,NULL,NULL,NULL,NULL,NULL),(38,'Individual',NULL,1,1,0,1,0,NULL,NULL,'Jones, John','Mrs John P Jones Sr',NULL,NULL,NULL,NULL,'3','Both','-1358568744',NULL,NULL,'John','P','Jones',1,2,1,NULL,NULL,2,'1987-11-25',0,NULL,NULL,NULL,NULL,NULL,NULL,NULL,NULL),(39,'Individual',NULL,0,0,0,0,0,NULL,NULL,'Reynolds, Jason','Ms Jason I Reynolds Jr',NULL,NULL,NULL,NULL,'3','Both','-1364732465',NULL,NULL,'Jason','I','Reynolds',2,1,2,NULL,NULL,2,'1985-05-27',1,NULL,NULL,NULL,NULL,NULL,NULL,NULL,NULL),(40,'Individual',NULL,1,0,0,0,0,NULL,NULL,'Yadav, Jane','Ms Jane U Yadav Sr',NULL,NULL,NULL,NULL,'5','Both','244484198',NULL,NULL,'Jane','U','Yadav',2,2,2,NULL,NULL,2,'1990-10-29',1,NULL,NULL,NULL,NULL,NULL,NULL,NULL,NULL),(41,'Household',NULL,1,0,0,1,0,NULL,NULL,'Sheila Jameson\'s home','Sheila Jameson\'s home','Jameson\'s home',NULL,NULL,NULL,'4','Both','514907081',NULL,NULL,NULL,NULL,NULL,NULL,NULL,NULL,NULL,NULL,NULL,NULL,0,NULL,NULL,'Sheila Jameson\'s home',405,NULL,NULL,NULL,NULL),(42,'Household',NULL,0,0,0,1,0,NULL,NULL,'Anne Smith\'s home','Anne Smith\'s home','Smith\'s home',NULL,NULL,NULL,'5','Both','1533542938',NULL,NULL,NULL,NULL,NULL,NULL,NULL,NULL,NULL,NULL,NULL,NULL,0,NULL,NULL,'Anne Smith\'s home',345,NULL,NULL,NULL,NULL),(43,'Organization',NULL,1,0,0,1,0,NULL,NULL,'Intel  ','Intel  ',NULL,NULL,NULL,NULL,'4','Both','-1853032722',NULL,NULL,NULL,NULL,NULL,NULL,NULL,NULL,NULL,NULL,NULL,NULL,0,NULL,NULL,NULL,NULL,'Intel  ',NULL,NULL,NULL),(44,'Household',NULL,0,1,0,1,0,NULL,NULL,'Amar Yadav\'s home','Amar Yadav\'s home','Yadav\'s home',NULL,NULL,NULL,'4','Both','-1075693848',NULL,NULL,NULL,NULL,NULL,NULL,NULL,NULL,NULL,NULL,NULL,NULL,0,NULL,NULL,'Amar Yadav\'s home',477,NULL,NULL,NULL,NULL),(45,'Individual',NULL,0,0,0,0,0,NULL,NULL,'Yadav, Charles','Mrs Charles Y Yadav Jr',NULL,NULL,NULL,NULL,'2','Both','855830377',NULL,NULL,'Charles','Y','Yadav',1,1,2,NULL,NULL,2,'1983-06-25',0,NULL,NULL,NULL,NULL,NULL,NULL,NULL,NULL),(46,'Individual',NULL,1,0,0,0,0,NULL,NULL,'Grant, Alice','Mr Alice P Grant Jr',NULL,NULL,NULL,NULL,'3','Both','874703792',NULL,NULL,'Alice','P','Grant',3,1,3,NULL,NULL,1,'1988-03-18',0,NULL,NULL,NULL,NULL,NULL,NULL,NULL,NULL),(47,'Household',NULL,0,0,0,0,0,NULL,NULL,'Jason Zope\'s home','Jason Zope\'s home','Zope\'s home',NULL,NULL,NULL,'2','Both','-733289736',NULL,NULL,NULL,NULL,NULL,NULL,NULL,NULL,NULL,NULL,NULL,NULL,0,NULL,NULL,'Jason Zope\'s home',291,NULL,NULL,NULL,NULL),(48,'Individual',NULL,1,0,0,1,0,NULL,NULL,'Smith, John','Mrs John E Smith Sr',NULL,NULL,NULL,NULL,'5','Both','-807248669',NULL,NULL,'John','E','Smith',1,2,1,NULL,NULL,2,'2008-06-13',1,NULL,NULL,NULL,NULL,NULL,NULL,NULL,NULL),(49,'Individual',NULL,1,0,0,1,0,NULL,NULL,'Samuels, John','Ms John Q Samuels Sr',NULL,NULL,NULL,NULL,'2','Both','-831495955',NULL,NULL,'John','Q','Samuels',2,2,1,NULL,NULL,1,'1979-03-27',1,NULL,NULL,NULL,NULL,NULL,NULL,NULL,NULL),(50,'Individual',NULL,1,1,0,1,0,NULL,NULL,'Smith, Donald','Dr Donald D Smith Jr',NULL,NULL,NULL,NULL,'5','Both','-1040344938',NULL,NULL,'Donald','D','Smith',4,1,2,NULL,NULL,2,'1990-03-22',0,NULL,NULL,NULL,NULL,NULL,NULL,NULL,NULL),(51,'Individual',NULL,1,0,0,0,0,NULL,NULL,'Jameson, Richard','Mrs Richard L Jameson Jr',NULL,NULL,NULL,NULL,'1','Both','-2107674064',NULL,NULL,'Richard','L','Jameson',1,1,1,NULL,NULL,1,'1979-11-08',1,NULL,NULL,NULL,NULL,NULL,NULL,NULL,NULL),(52,'Individual',NULL,1,0,0,0,0,NULL,NULL,'Grant, Alan','Dr Alan T Grant Jr',NULL,NULL,NULL,NULL,'1','Both','-181351777',NULL,NULL,'Alan','T','Grant',4,1,3,NULL,NULL,1,'1992-04-18',1,NULL,NULL,NULL,NULL,NULL,NULL,NULL,NULL),(53,'Individual',NULL,1,0,0,0,0,NULL,NULL,'Samuels, Melinda','Mr Melinda R Samuels Jr',NULL,NULL,NULL,NULL,'4','Both','512039522',NULL,NULL,'Melinda','R','Samuels',3,1,1,NULL,NULL,1,'1998-08-14',0,NULL,NULL,NULL,NULL,NULL,NULL,NULL,NULL),(54,'Individual',NULL,1,0,0,1,0,NULL,NULL,'Parker, Kenneth','Mrs Kenneth X Parker Jr',NULL,NULL,NULL,NULL,'2','Both','546594392',NULL,NULL,'Kenneth','X','Parker',1,1,2,NULL,NULL,2,'1981-01-13',1,NULL,NULL,NULL,NULL,NULL,NULL,NULL,NULL),(55,'Individual',NULL,1,1,0,1,0,NULL,NULL,'Grant, Kenneth','Mr Kenneth U Grant Jr',NULL,NULL,NULL,NULL,'4','Both','1506536518',NULL,NULL,'Kenneth','U','Grant',3,1,2,NULL,NULL,1,'1999-02-05',1,NULL,NULL,NULL,NULL,NULL,NULL,NULL,NULL),(56,'Individual',NULL,1,0,0,1,0,NULL,NULL,'Smith, Monica','Ms Monica C Smith Jr',NULL,NULL,NULL,NULL,'3','Both','521367718',NULL,NULL,'Monica','C','Smith',2,1,1,NULL,NULL,2,'1973-01-04',0,NULL,NULL,NULL,NULL,NULL,NULL,NULL,NULL),(57,'Individual',NULL,1,0,0,0,0,NULL,NULL,'Smith, Brzczysaw','Ms Brzczysaw K Smith Jr',NULL,NULL,NULL,NULL,'2','Both','-530646570',NULL,NULL,'Brzczysaw','K','Smith',2,1,2,NULL,NULL,2,'1986-04-15',1,NULL,NULL,NULL,NULL,NULL,NULL,NULL,NULL),(58,'Individual',NULL,0,1,0,0,0,NULL,NULL,'Smith, Sheila','Mrs Sheila I Smith Jr',NULL,NULL,NULL,NULL,'3','Both','-998878061',NULL,NULL,'Sheila','I','Smith',1,1,3,NULL,NULL,1,'1978-09-17',0,NULL,NULL,NULL,NULL,NULL,NULL,NULL,NULL),(59,'Household',NULL,0,0,0,1,0,NULL,NULL,'Donald Parker\'s home','Donald Parker\'s home','Parker\'s home',NULL,NULL,NULL,'1','Both','377047459',NULL,NULL,NULL,NULL,NULL,NULL,NULL,NULL,NULL,NULL,NULL,NULL,0,NULL,NULL,'Donald Parker\'s home',489,NULL,NULL,NULL,NULL),(60,'Household',NULL,1,0,0,0,0,NULL,NULL,'Raymond Jameson\'s home','Raymond Jameson\'s home','Jameson\'s home',NULL,NULL,NULL,'4','Both','-1366997665',NULL,NULL,NULL,NULL,NULL,NULL,NULL,NULL,NULL,NULL,NULL,NULL,0,NULL,NULL,'Raymond Jameson\'s home',143,NULL,NULL,NULL,NULL),(61,'Household',NULL,0,0,0,0,0,NULL,NULL,'Charles Adams\'s home','Charles Adams\'s home','Adams\'s home',NULL,NULL,NULL,'3','Both','1777380607',NULL,NULL,NULL,NULL,NULL,NULL,NULL,NULL,NULL,NULL,NULL,NULL,0,NULL,NULL,'Charles Adams\'s home',68,NULL,NULL,NULL,NULL),(62,'Household',NULL,1,1,0,0,0,NULL,NULL,'Chetan Smith\'s home','Chetan Smith\'s home','Smith\'s home',NULL,NULL,NULL,'2','Both','46424034',NULL,NULL,NULL,NULL,NULL,NULL,NULL,NULL,NULL,NULL,NULL,NULL,0,NULL,NULL,'Chetan Smith\'s home',433,NULL,NULL,NULL,NULL),(63,'Individual',NULL,0,1,0,0,0,NULL,NULL,'Jameson, Jason','Dr Jason F Jameson Jr',NULL,NULL,NULL,NULL,'2','Both','-581195293',NULL,NULL,'Jason','F','Jameson',4,1,2,NULL,NULL,2,'1983-02-21',1,NULL,NULL,NULL,NULL,NULL,NULL,NULL,NULL),(64,'Household',NULL,0,0,0,0,0,NULL,NULL,'Kenneth Smith\'s home','Kenneth Smith\'s home','Smith\'s home',NULL,NULL,NULL,'1','Both','391456395',NULL,NULL,NULL,NULL,NULL,NULL,NULL,NULL,NULL,NULL,NULL,NULL,0,NULL,NULL,'Kenneth Smith\'s home',142,NULL,NULL,NULL,NULL),(65,'Household',NULL,1,1,0,0,0,NULL,NULL,'Jake Smith\'s home','Jake Smith\'s home','Smith\'s home',NULL,NULL,NULL,'3','Both','1401933745',NULL,NULL,NULL,NULL,NULL,NULL,NULL,NULL,NULL,NULL,NULL,NULL,0,NULL,NULL,'Jake Smith\'s home',213,NULL,NULL,NULL,NULL),(66,'Household',NULL,1,1,0,0,0,NULL,NULL,'Henry Jameson\'s home','Henry Jameson\'s home','Jameson\'s home',NULL,NULL,NULL,'4','Both','-1393966492',NULL,NULL,NULL,NULL,NULL,NULL,NULL,NULL,NULL,NULL,NULL,NULL,0,NULL,NULL,'Henry Jameson\'s home',168,NULL,NULL,NULL,NULL),(67,'Individual',NULL,1,0,0,0,0,NULL,NULL,'Samuels, Jason','Ms Jason D Samuels Jr',NULL,NULL,NULL,NULL,'4','Both','1338656660',NULL,NULL,'Jason','D','Samuels',2,1,2,NULL,NULL,2,'2006-04-23',1,NULL,NULL,NULL,NULL,NULL,NULL,NULL,NULL),(68,'Individual',NULL,0,0,0,0,0,NULL,NULL,'Adams, Charles','Mrs Charles S Adams Sr',NULL,NULL,NULL,NULL,'3','Both','257314995',NULL,NULL,'Charles','S','Adams',1,2,2,NULL,NULL,2,'2000-09-08',0,NULL,NULL,NULL,NULL,NULL,NULL,NULL,NULL),(69,'Individual',NULL,0,0,0,0,0,NULL,NULL,'Grant, Monica','Mr Monica O Grant Jr',NULL,NULL,NULL,NULL,'1','Both','-711291034',NULL,NULL,'Monica','O','Grant',3,1,1,NULL,NULL,1,'1994-10-31',0,NULL,NULL,NULL,NULL,NULL,NULL,NULL,NULL),(70,'Individual',NULL,0,0,0,0,0,NULL,NULL,'Reynolds, Jennifer','Dr Jennifer H Reynolds Sr',NULL,NULL,NULL,NULL,'1','Both','-802941969',NULL,NULL,'Jennifer','H','Reynolds',4,2,1,NULL,NULL,1,'1972-08-31',1,NULL,NULL,NULL,NULL,NULL,NULL,NULL,NULL),(71,'Individual',NULL,1,0,0,0,0,NULL,NULL,'Smith, Tony','Mrs Tony M Smith Sr',NULL,NULL,NULL,NULL,'4','Both','-1431478770',NULL,NULL,'Tony','M','Smith',1,2,3,NULL,NULL,2,'1979-06-04',0,NULL,NULL,NULL,NULL,NULL,NULL,NULL,NULL),(72,'Household',NULL,0,1,0,0,0,NULL,NULL,'Milan Parker\'s home','Milan Parker\'s home','Parker\'s home',NULL,NULL,NULL,'3','Both','2002040530',NULL,NULL,NULL,NULL,NULL,NULL,NULL,NULL,NULL,NULL,NULL,NULL,0,NULL,NULL,'Milan Parker\'s home',37,NULL,NULL,NULL,NULL),(73,'Individual',NULL,0,0,0,1,0,NULL,NULL,'Jones, Bruce','Ms Bruce A Jones Sr',NULL,NULL,NULL,NULL,'2','Both','1412345779',NULL,NULL,'Bruce','A','Jones',2,2,2,NULL,NULL,2,'1986-09-30',1,NULL,NULL,NULL,NULL,NULL,NULL,NULL,NULL),(74,'Individual',NULL,0,1,0,1,0,NULL,NULL,'Smith, Melinda','Mr Melinda G Smith Jr',NULL,NULL,NULL,NULL,'2','Both','2045361406',NULL,NULL,'Melinda','G','Smith',3,1,1,NULL,NULL,1,'2008-05-17',0,NULL,NULL,NULL,NULL,NULL,NULL,NULL,NULL),(75,'Household',NULL,1,1,0,0,0,NULL,NULL,'Chris Zope\'s home','Chris Zope\'s home','Zope\'s home',NULL,NULL,NULL,'5','Both','-627753471',NULL,NULL,NULL,NULL,NULL,NULL,NULL,NULL,NULL,NULL,NULL,NULL,0,NULL,NULL,'Chris Zope\'s home',361,NULL,NULL,NULL,NULL),(76,'Individual',NULL,0,1,0,1,0,NULL,NULL,'Patel, Dan','Ms Dan Z Patel Jr',NULL,NULL,NULL,NULL,'2','Both','-1705503154',NULL,NULL,'Dan','Z','Patel',2,1,1,NULL,NULL,2,'2000-04-03',1,NULL,NULL,NULL,NULL,NULL,NULL,NULL,NULL),(77,'Organization',NULL,0,1,0,1,0,NULL,NULL,'Social Source Foundation  ','Social Source Foundation  ',NULL,NULL,NULL,NULL,'3','Both','2066676426',NULL,NULL,NULL,NULL,NULL,NULL,NULL,NULL,NULL,NULL,NULL,NULL,0,NULL,NULL,NULL,NULL,'Social Source Foundation  ',NULL,NULL,NULL),(78,'Individual',NULL,0,0,0,1,0,NULL,NULL,'Yadav, Purvi','Mr Purvi J Yadav Jr',NULL,NULL,NULL,NULL,'2','Both','-1018481415',NULL,NULL,'Purvi','J','Yadav',3,1,2,NULL,NULL,1,'1978-01-07',1,NULL,NULL,NULL,NULL,NULL,NULL,NULL,NULL),(79,'Individual',NULL,0,1,0,1,0,NULL,NULL,'Patel, Henry','Mr Henry V Patel Jr',NULL,NULL,NULL,NULL,'3','Both','-1514801209',NULL,NULL,'Henry','V','Patel',3,1,2,NULL,NULL,1,'1971-08-13',0,NULL,NULL,NULL,NULL,NULL,NULL,NULL,NULL),(80,'Household',NULL,0,0,0,1,0,NULL,NULL,'Kenneth Reynolds\'s home','Kenneth Reynolds\'s home','Reynolds\'s home',NULL,NULL,NULL,'2','Both','1950601374',NULL,NULL,NULL,NULL,NULL,NULL,NULL,NULL,NULL,NULL,NULL,NULL,0,NULL,NULL,'Kenneth Reynolds\'s home',485,NULL,NULL,NULL,NULL),(81,'Organization',NULL,1,1,0,0,0,NULL,NULL,'Intel  ','Intel  ',NULL,NULL,NULL,NULL,'3','Both','-1853032722',NULL,NULL,NULL,NULL,NULL,NULL,NULL,NULL,NULL,NULL,NULL,NULL,0,NULL,NULL,NULL,NULL,'Intel  ',NULL,NULL,NULL),(82,'Individual',NULL,0,1,0,1,0,NULL,NULL,'Roberts, Melinda','Ms Melinda L Roberts Sr',NULL,NULL,NULL,NULL,'1','Both','-742875049',NULL,NULL,'Melinda','L','Roberts',2,2,1,NULL,NULL,2,'1988-04-11',1,NULL,NULL,NULL,NULL,NULL,NULL,NULL,NULL),(83,'Individual',NULL,0,1,0,1,0,NULL,NULL,'Jones, Bruce','Mr Bruce H Jones Jr',NULL,NULL,NULL,NULL,'5','Both','1412345779',NULL,NULL,'Bruce','H','Jones',3,1,1,NULL,NULL,1,'2003-08-24',0,NULL,NULL,NULL,NULL,NULL,NULL,NULL,NULL),(84,'Individual',NULL,1,1,0,0,0,NULL,NULL,'Jameson, Jake','Mr Jake F Jameson Jr',NULL,NULL,NULL,NULL,'5','Both','997272416',NULL,NULL,'Jake','F','Jameson',3,1,3,NULL,NULL,1,'2000-04-02',1,NULL,NULL,NULL,NULL,NULL,NULL,NULL,NULL),(85,'Individual',NULL,0,0,0,0,0,NULL,NULL,'Smith, Walter','Mr Walter T Smith Jr',NULL,NULL,NULL,NULL,'1','Both','1853747658',NULL,NULL,'Walter','T','Smith',3,1,2,NULL,NULL,1,'1976-03-05',1,NULL,NULL,NULL,NULL,NULL,NULL,NULL,NULL),(86,'Individual',NULL,1,0,0,1,0,NULL,NULL,'Grant, Melinda','Mrs Melinda Z Grant Jr',NULL,NULL,NULL,NULL,'1','Both','-498600015',NULL,NULL,'Melinda','Z','Grant',1,1,2,NULL,NULL,2,'2000-08-15',0,NULL,NULL,NULL,NULL,NULL,NULL,NULL,NULL),(87,'Individual',NULL,1,0,0,1,0,NULL,NULL,'Parker, Paula','Dr Paula L Parker Sr',NULL,NULL,NULL,NULL,'3','Both','-683753078',NULL,NULL,'Paula','L','Parker',4,2,2,NULL,NULL,1,'2004-05-13',0,NULL,NULL,NULL,NULL,NULL,NULL,NULL,NULL),(88,'Individual',NULL,0,1,0,1,0,NULL,NULL,'Adams, Raymond','Mrs Raymond G Adams Jr',NULL,NULL,NULL,NULL,'3','Both','-746852386',NULL,NULL,'Raymond','G','Adams',1,1,2,NULL,NULL,2,'1998-12-02',0,NULL,NULL,NULL,NULL,NULL,NULL,NULL,NULL),(89,'Individual',NULL,0,0,0,0,0,NULL,NULL,'Reynolds, Greg','Dr Greg D Reynolds Jr',NULL,NULL,NULL,NULL,'3','Both','-2019816015',NULL,NULL,'Greg','D','Reynolds',4,1,2,NULL,NULL,2,'2001-06-09',1,NULL,NULL,NULL,NULL,NULL,NULL,NULL,NULL),(90,'Individual',NULL,0,0,0,0,0,NULL,NULL,'Jones, Dan','Ms Dan E Jones Sr',NULL,NULL,NULL,NULL,'3','Both','2112700752',NULL,NULL,'Dan','E','Jones',2,2,3,NULL,NULL,2,'1975-08-21',0,NULL,NULL,NULL,NULL,NULL,NULL,NULL,NULL),(91,'Organization',NULL,1,0,0,0,0,NULL,NULL,'Eastmont Computing Center  ','Eastmont Computing Center  ',NULL,NULL,NULL,NULL,'1','Both','-765911069',NULL,NULL,NULL,NULL,NULL,NULL,NULL,NULL,NULL,NULL,NULL,NULL,0,NULL,NULL,NULL,NULL,'Eastmont Computing Center  ',NULL,NULL,NULL),(92,'Individual',NULL,0,0,0,1,0,NULL,NULL,'Roberts, Andrew','Mrs Andrew M Roberts Jr',NULL,NULL,NULL,NULL,'1','Both','-744369887',NULL,NULL,'Andrew','M','Roberts',1,1,3,NULL,NULL,1,'1983-07-15',1,NULL,NULL,NULL,NULL,NULL,NULL,NULL,NULL),(93,'Organization',NULL,0,1,0,0,0,NULL,NULL,'Intel  ','Intel  ',NULL,NULL,NULL,NULL,'4','Both','-1853032722',NULL,NULL,NULL,NULL,NULL,NULL,NULL,NULL,NULL,NULL,NULL,NULL,0,NULL,NULL,NULL,NULL,'Intel  ',NULL,NULL,NULL),(94,'Individual',NULL,1,1,0,0,0,NULL,NULL,'Zope, Purvi','Dr Purvi Q Zope Jr',NULL,NULL,NULL,NULL,'3','Both','-923831118',NULL,NULL,'Purvi','Q','Zope',4,1,3,NULL,NULL,2,'1986-09-08',0,NULL,NULL,NULL,NULL,NULL,NULL,NULL,NULL),(95,'Household',NULL,1,0,0,0,0,NULL,NULL,'Raymond Parker\'s home','Raymond Parker\'s home','Parker\'s home',NULL,NULL,NULL,'5','Both','-1870399137',NULL,NULL,NULL,NULL,NULL,NULL,NULL,NULL,NULL,NULL,NULL,NULL,0,NULL,NULL,'Raymond Parker\'s home',216,NULL,NULL,NULL,NULL),(96,'Individual',NULL,1,0,0,0,0,NULL,NULL,'chowski, Justin','Mrs Justin Y chowski Jr',NULL,NULL,NULL,NULL,'2','Both','562554780',NULL,NULL,'Justin','Y','chowski',1,1,1,NULL,NULL,2,'1995-06-06',0,NULL,NULL,NULL,NULL,NULL,NULL,NULL,NULL),(97,'Individual',NULL,0,1,0,1,0,NULL,NULL,'Roberts, Andrew','Ms Andrew W Roberts Sr',NULL,NULL,NULL,NULL,'4','Both','-744369887',NULL,NULL,'Andrew','W','Roberts',2,2,1,NULL,NULL,2,'1990-11-17',0,NULL,NULL,NULL,NULL,NULL,NULL,NULL,NULL),(98,'Individual',NULL,0,1,0,1,0,NULL,NULL,'Reynolds, John','Ms John H Reynolds Sr',NULL,NULL,NULL,NULL,'3','Both','-1384504410',NULL,NULL,'John','H','Reynolds',2,2,1,NULL,NULL,1,'1989-12-24',0,NULL,NULL,NULL,NULL,NULL,NULL,NULL,NULL),(99,'Individual',NULL,1,0,0,1,0,NULL,NULL,'Patel, Jennifer','Mrs Jennifer V Patel Jr',NULL,NULL,NULL,NULL,'1','Both','-694125814',NULL,NULL,'Jennifer','V','Patel',1,1,3,NULL,NULL,1,'1985-06-27',0,NULL,NULL,NULL,NULL,NULL,NULL,NULL,NULL),(100,'Household',NULL,1,0,0,0,0,NULL,NULL,'Bill Patel\'s home','Bill Patel\'s home','Patel\'s home',NULL,NULL,NULL,'3','Both','1677655453',NULL,NULL,NULL,NULL,NULL,NULL,NULL,NULL,NULL,NULL,NULL,NULL,0,NULL,NULL,'Bill Patel\'s home',479,NULL,NULL,NULL,NULL),(101,'Individual',NULL,1,1,0,0,0,NULL,NULL,'Adams, Henry','Dr Henry I Adams Sr',NULL,NULL,NULL,NULL,'4','Both','-1667550939',NULL,NULL,'Henry','I','Adams',4,2,2,NULL,NULL,1,'2007-01-27',0,NULL,NULL,NULL,NULL,NULL,NULL,NULL,NULL),(102,'Household',NULL,0,1,0,0,0,NULL,NULL,'Rebecca Parker\'s home','Rebecca Parker\'s home','Parker\'s home',NULL,NULL,NULL,'5','Both','-547387217',NULL,NULL,NULL,NULL,NULL,NULL,NULL,NULL,NULL,NULL,NULL,NULL,0,NULL,NULL,'Rebecca Parker\'s home',418,NULL,NULL,NULL,NULL),(103,'Individual',NULL,0,0,0,0,0,NULL,NULL,'Roberts, Milan','Dr Milan V Roberts Jr',NULL,NULL,NULL,NULL,'2','Both','-666454484',NULL,NULL,'Milan','V','Roberts',4,1,3,NULL,NULL,1,'2007-12-27',0,NULL,NULL,NULL,NULL,NULL,NULL,NULL,NULL),(104,'Individual',NULL,1,0,0,0,0,NULL,NULL,'Patel, Kenneth','Mr Kenneth G Patel Jr',NULL,NULL,NULL,NULL,'3','Both','-795186102',NULL,NULL,'Kenneth','G','Patel',3,1,1,NULL,NULL,2,'1987-04-19',1,NULL,NULL,NULL,NULL,NULL,NULL,NULL,NULL),(105,'Household',NULL,1,0,0,0,0,NULL,NULL,'Sheila chowski\'s home','Sheila chowski\'s home','chowski\'s home',NULL,NULL,NULL,'5','Both','1482993313',NULL,NULL,NULL,NULL,NULL,NULL,NULL,NULL,NULL,NULL,NULL,NULL,0,NULL,NULL,'Sheila chowski\'s home',293,NULL,NULL,NULL,NULL),(106,'Organization',NULL,1,1,0,1,0,NULL,NULL,'Red Cross  ','Red Cross  ',NULL,NULL,NULL,NULL,'3','Both','769545824',NULL,NULL,NULL,NULL,NULL,NULL,NULL,NULL,NULL,NULL,NULL,NULL,0,NULL,NULL,NULL,NULL,'Red Cross  ',NULL,NULL,NULL),(107,'Individual',NULL,1,1,0,1,0,NULL,NULL,'Smith, Jake','Mr Jake J Smith Jr',NULL,NULL,NULL,NULL,'2','Both','2038692770',NULL,NULL,'Jake','J','Smith',3,1,1,NULL,NULL,1,'1975-11-29',1,NULL,NULL,NULL,NULL,NULL,NULL,NULL,NULL),(108,'Individual',NULL,0,0,0,1,0,NULL,NULL,'Roberts, Jake','Ms Jake J Roberts Sr',NULL,NULL,NULL,NULL,'5','Both','-1625309889',NULL,NULL,'Jake','J','Roberts',2,2,2,NULL,NULL,1,'1983-05-24',0,NULL,NULL,NULL,NULL,NULL,NULL,NULL,NULL),(109,'Organization',NULL,0,0,0,1,0,NULL,NULL,'Compumentor  ','Compumentor  ',NULL,NULL,NULL,NULL,'3','Both','-1260506705',NULL,NULL,NULL,NULL,NULL,NULL,NULL,NULL,NULL,NULL,NULL,NULL,0,NULL,NULL,NULL,NULL,'Compumentor  ',NULL,NULL,NULL),(110,'Individual',NULL,1,0,0,1,0,NULL,NULL,'Jameson, Jason','Ms Jason Z Jameson Sr',NULL,NULL,NULL,NULL,'5','Both','-581195293',NULL,NULL,'Jason','Z','Jameson',2,2,1,NULL,NULL,2,'1993-11-23',0,NULL,NULL,NULL,NULL,NULL,NULL,NULL,NULL),(111,'Organization',NULL,0,0,0,1,0,NULL,NULL,'Intel  ','Intel  ',NULL,NULL,NULL,NULL,'5','Both','-1853032722',NULL,NULL,NULL,NULL,NULL,NULL,NULL,NULL,NULL,NULL,NULL,NULL,0,NULL,NULL,NULL,NULL,'Intel  ',NULL,NULL,NULL),(112,'Individual',NULL,1,0,0,1,0,NULL,NULL,'Adams, Bruce','Ms Bruce B Adams Sr',NULL,NULL,NULL,NULL,'4','Both','1280210284',NULL,NULL,'Bruce','B','Adams',2,2,1,NULL,NULL,1,'1994-10-24',1,NULL,NULL,NULL,NULL,NULL,NULL,NULL,NULL),(113,'Individual',NULL,0,0,0,0,0,NULL,NULL,'Yadav, Purvi','Dr Purvi S Yadav Jr',NULL,NULL,NULL,NULL,'3','Both','-1018481415',NULL,NULL,'Purvi','S','Yadav',4,1,2,NULL,NULL,1,'1992-12-22',1,NULL,NULL,NULL,NULL,NULL,NULL,NULL,NULL),(114,'Household',NULL,0,1,0,1,0,NULL,NULL,'Sheila Jones\'s home','Sheila Jones\'s home','Jones\'s home',NULL,NULL,NULL,'4','Both','-451227569',NULL,NULL,NULL,NULL,NULL,NULL,NULL,NULL,NULL,NULL,NULL,NULL,0,NULL,NULL,'Sheila Jones\'s home',455,NULL,NULL,NULL,NULL),(115,'Household',NULL,1,0,0,1,0,NULL,NULL,'Henry Roberts\'s home','Henry Roberts\'s home','Roberts\'s home',NULL,NULL,NULL,'3','Both','1469702295',NULL,NULL,NULL,NULL,NULL,NULL,NULL,NULL,NULL,NULL,NULL,NULL,0,NULL,NULL,'Henry Roberts\'s home',21,NULL,NULL,NULL,NULL),(116,'Organization',NULL,1,1,0,0,0,NULL,NULL,'Red Cross  ','Red Cross  ',NULL,NULL,NULL,NULL,'5','Both','769545824',NULL,NULL,NULL,NULL,NULL,NULL,NULL,NULL,NULL,NULL,NULL,NULL,0,NULL,NULL,NULL,NULL,'Red Cross  ',NULL,NULL,NULL),(117,'Individual',NULL,0,1,0,0,0,NULL,NULL,'Smith, Melinda','Ms Melinda X Smith Jr',NULL,NULL,NULL,NULL,'4','Both','2045361406',NULL,NULL,'Melinda','X','Smith',2,1,1,NULL,NULL,1,'1970-01-31',1,NULL,NULL,NULL,NULL,NULL,NULL,NULL,NULL),(118,'Individual',NULL,1,1,0,1,0,NULL,NULL,'Parker, Rebecca','Dr Rebecca A Parker Sr',NULL,NULL,NULL,NULL,'2','Both','-1192120891',NULL,NULL,'Rebecca','A','Parker',4,2,2,NULL,NULL,1,'1988-04-11',0,NULL,NULL,NULL,NULL,NULL,NULL,NULL,NULL),(119,'Individual',NULL,0,0,0,1,0,NULL,NULL,'Zope, Michael','Mrs Michael P Zope Jr',NULL,NULL,NULL,NULL,'5','Both','226812246',NULL,NULL,'Michael','P','Zope',1,1,1,NULL,NULL,2,'2001-09-02',0,NULL,NULL,NULL,NULL,NULL,NULL,NULL,NULL),(120,'Individual',NULL,0,0,0,1,0,NULL,NULL,'Parker, Paula','Ms Paula B Parker Sr',NULL,NULL,NULL,NULL,'5','Both','-683753078',NULL,NULL,'Paula','B','Parker',2,2,3,NULL,NULL,2,'1975-02-25',1,NULL,NULL,NULL,NULL,NULL,NULL,NULL,NULL),(121,'Household',NULL,1,0,0,1,0,NULL,NULL,'Bruce Zope\'s home','Bruce Zope\'s home','Zope\'s home',NULL,NULL,NULL,'1','Both','309583222',NULL,NULL,NULL,NULL,NULL,NULL,NULL,NULL,NULL,NULL,NULL,NULL,0,NULL,NULL,'Bruce Zope\'s home',230,NULL,NULL,NULL,NULL),(122,'Individual',NULL,0,0,0,1,0,NULL,NULL,'Yadav, Walter','Ms Walter P Yadav Sr',NULL,NULL,NULL,NULL,'2','Both','1060717605',NULL,NULL,'Walter','P','Yadav',2,2,1,NULL,NULL,2,'1980-01-23',0,NULL,NULL,NULL,NULL,NULL,NULL,NULL,NULL),(123,'Individual',NULL,1,1,0,1,0,NULL,NULL,'Jameson, Brzczysaw','Dr Brzczysaw V Jameson Sr',NULL,NULL,NULL,NULL,'3','Both','-1056758637',NULL,NULL,'Brzczysaw','V','Jameson',4,2,2,NULL,NULL,2,'1972-04-26',1,NULL,NULL,NULL,NULL,NULL,NULL,NULL,NULL),(124,'Individual',NULL,0,1,0,0,0,NULL,NULL,'Adams, Dan','Mrs Dan T Adams Jr',NULL,NULL,NULL,NULL,'5','Both','-308840271',NULL,NULL,'Dan','T','Adams',1,1,3,NULL,NULL,1,'1981-05-28',0,NULL,NULL,NULL,NULL,NULL,NULL,NULL,NULL),(125,'Individual',NULL,0,1,0,1,0,NULL,NULL,'Parker, Alice','Mrs Alice T Parker Sr',NULL,NULL,NULL,NULL,'1','Both','-316856921',NULL,NULL,'Alice','T','Parker',1,2,2,NULL,NULL,1,'1985-11-25',0,NULL,NULL,NULL,NULL,NULL,NULL,NULL,NULL),(126,'Individual',NULL,1,0,0,0,0,NULL,NULL,'Smith, Henry','Ms Henry C Smith Jr',NULL,NULL,NULL,NULL,'1','Both','898688352',NULL,NULL,'Henry','C','Smith',2,1,2,NULL,NULL,1,'1998-05-19',1,NULL,NULL,NULL,NULL,NULL,NULL,NULL,NULL),(127,'Individual',NULL,1,1,0,1,0,NULL,NULL,'Roberts, Michelle','Dr Michelle J Roberts Jr',NULL,NULL,NULL,NULL,'5','Both','2100059976',NULL,NULL,'Michelle','J','Roberts',4,1,1,NULL,NULL,1,'1983-12-04',1,NULL,NULL,NULL,NULL,NULL,NULL,NULL,NULL),(128,'Individual',NULL,0,0,0,0,0,NULL,NULL,'Roberts, Donald','Mrs Donald N Roberts Jr',NULL,NULL,NULL,NULL,'1','Both','-1699909896',NULL,NULL,'Donald','N','Roberts',1,1,3,NULL,NULL,1,'1990-04-03',0,NULL,NULL,NULL,NULL,NULL,NULL,NULL,NULL),(129,'Individual',NULL,0,1,0,1,0,NULL,NULL,'Smith, Fraddie','Ms Fraddie U Smith Jr',NULL,NULL,NULL,NULL,'2','Both','-795608631',NULL,NULL,'Fraddie','U','Smith',2,1,2,NULL,NULL,2,'1980-10-07',1,NULL,NULL,NULL,NULL,NULL,NULL,NULL,NULL),(130,'Individual',NULL,1,1,0,1,0,NULL,NULL,'chowski, Alice','Mr Alice R chowski Jr',NULL,NULL,NULL,NULL,'5','Both','2067570275',NULL,NULL,'Alice','R','chowski',3,1,3,NULL,NULL,2,'1995-01-24',1,NULL,NULL,NULL,NULL,NULL,NULL,NULL,NULL),(131,'Individual',NULL,0,0,0,1,0,NULL,NULL,'Smith, Chris','Mrs Chris E Smith Jr',NULL,NULL,NULL,NULL,'2','Both','-319458244',NULL,NULL,'Chris','E','Smith',1,1,1,NULL,NULL,2,'2002-04-25',0,NULL,NULL,NULL,NULL,NULL,NULL,NULL,NULL),(132,'Individual',NULL,0,1,0,0,0,NULL,NULL,'Jameson, Franklin','Ms Franklin W Jameson Jr',NULL,NULL,NULL,NULL,'5','Both','-849838319',NULL,NULL,'Franklin','W','Jameson',2,1,1,NULL,NULL,2,'1980-01-07',0,NULL,NULL,NULL,NULL,NULL,NULL,NULL,NULL),(133,'Individual',NULL,1,0,0,1,0,NULL,NULL,'Reynolds, Jason','Mr Jason U Reynolds Jr',NULL,NULL,NULL,NULL,'2','Both','-1364732465',NULL,NULL,'Jason','U','Reynolds',3,1,3,NULL,NULL,2,'1993-06-18',0,NULL,NULL,NULL,NULL,NULL,NULL,NULL,NULL),(134,'Household',NULL,0,0,0,0,0,NULL,NULL,'Bruce Jameson\'s home','Bruce Jameson\'s home','Jameson\'s home',NULL,NULL,NULL,'2','Both','-1610202619',NULL,NULL,NULL,NULL,NULL,NULL,NULL,NULL,NULL,NULL,NULL,NULL,0,NULL,NULL,'Bruce Jameson\'s home',151,NULL,NULL,NULL,NULL),(135,'Individual',NULL,0,1,0,1,0,NULL,NULL,'Reynolds, James','Mr James E Reynolds Sr',NULL,NULL,NULL,NULL,'1','Both','569827302',NULL,NULL,'James','E','Reynolds',3,2,3,NULL,NULL,2,'1971-05-16',1,NULL,NULL,NULL,NULL,NULL,NULL,NULL,NULL),(136,'Individual',NULL,1,0,0,1,0,NULL,NULL,'chowski, Brzczysaw','Mrs Brzczysaw N chowski Sr',NULL,NULL,NULL,NULL,'1','Both','-1204014320',NULL,NULL,'Brzczysaw','N','chowski',1,2,3,NULL,NULL,1,'1976-03-13',1,NULL,NULL,NULL,NULL,NULL,NULL,NULL,NULL),(137,'Individual',NULL,1,1,0,0,0,NULL,NULL,'Smith, Michael','Mrs Michael V Smith Sr',NULL,NULL,NULL,NULL,'3','Both','1479640816',NULL,NULL,'Michael','V','Smith',1,2,3,NULL,NULL,1,'1983-12-01',1,NULL,NULL,NULL,NULL,NULL,NULL,NULL,NULL),(138,'Individual',NULL,0,1,0,0,0,NULL,NULL,'Patel, Paula','Mrs Paula M Patel Sr',NULL,NULL,NULL,NULL,'5','Both','-1390848053',NULL,NULL,'Paula','M','Patel',1,2,1,NULL,NULL,1,'2007-11-25',1,NULL,NULL,NULL,NULL,NULL,NULL,NULL,NULL),(139,'Individual',NULL,1,1,0,0,0,NULL,NULL,'Jones, Bernard','Mr Bernard M Jones Sr',NULL,NULL,NULL,NULL,'4','Both','-971102764',NULL,NULL,'Bernard','M','Jones',3,2,3,NULL,NULL,1,'1972-04-16',1,NULL,NULL,NULL,NULL,NULL,NULL,NULL,NULL),(140,'Individual',NULL,1,0,0,0,0,NULL,NULL,'chowski, Franklin','Dr Franklin N chowski Sr',NULL,NULL,NULL,NULL,'5','Both','-474151277',NULL,NULL,'Franklin','N','chowski',4,2,3,NULL,NULL,2,'2006-08-24',1,NULL,NULL,NULL,NULL,NULL,NULL,NULL,NULL),(141,'Organization',NULL,1,0,0,1,0,NULL,NULL,'Project Open Hand  ','Project Open Hand  ',NULL,NULL,NULL,NULL,'5','Both','22493331',NULL,NULL,NULL,NULL,NULL,NULL,NULL,NULL,NULL,NULL,NULL,NULL,0,NULL,NULL,NULL,NULL,'Project Open Hand  ',NULL,NULL,NULL),(142,'Individual',NULL,0,0,0,1,0,NULL,NULL,'Smith, Kenneth','Mrs Kenneth Z Smith Sr',NULL,NULL,NULL,NULL,'4','Both','-1033525495',NULL,NULL,'Kenneth','Z','Smith',1,2,2,NULL,NULL,1,'1999-06-28',1,NULL,NULL,NULL,NULL,NULL,NULL,NULL,NULL),(143,'Individual',NULL,1,0,0,0,0,NULL,NULL,'Jameson, Raymond','Mrs Raymond K Jameson Sr',NULL,NULL,NULL,NULL,'1','Both','-1620312293',NULL,NULL,'Raymond','K','Jameson',1,2,3,NULL,NULL,1,'1983-01-05',0,NULL,NULL,NULL,NULL,NULL,NULL,NULL,NULL),(144,'Individual',NULL,0,1,0,0,0,NULL,NULL,'Patel, Paula','Mr Paula A Patel Sr',NULL,NULL,NULL,NULL,'1','Both','-1390848053',NULL,NULL,'Paula','A','Patel',3,2,2,NULL,NULL,1,'1972-12-25',0,NULL,NULL,NULL,NULL,NULL,NULL,NULL,NULL),(145,'Individual',NULL,1,0,0,1,0,NULL,NULL,'Smith, Bill','Mr Bill T Smith Sr',NULL,NULL,NULL,NULL,'1','Both','-2068206442',NULL,NULL,'Bill','T','Smith',3,2,3,NULL,NULL,1,'1986-03-25',1,NULL,NULL,NULL,NULL,NULL,NULL,NULL,NULL),(146,'Organization',NULL,0,0,0,0,0,NULL,NULL,'Magic Bus  ','Magic Bus  ',NULL,NULL,NULL,NULL,'3','Both','-2069559523',NULL,NULL,NULL,NULL,NULL,NULL,NULL,NULL,NULL,NULL,NULL,NULL,0,NULL,NULL,NULL,NULL,'Magic Bus  ',NULL,NULL,NULL),(147,'Individual',NULL,1,1,0,0,0,NULL,NULL,'Parker, Jane','Mrs Jane L Parker Sr',NULL,NULL,NULL,NULL,'4','Both','-751316893',NULL,NULL,'Jane','L','Parker',1,2,2,NULL,NULL,2,'1987-01-18',0,NULL,NULL,NULL,NULL,NULL,NULL,NULL,NULL),(148,'Organization',NULL,0,0,0,0,0,NULL,NULL,'Compumentor  ','Compumentor  ',NULL,NULL,NULL,NULL,'4','Both','-1260506705',NULL,NULL,NULL,NULL,NULL,NULL,NULL,NULL,NULL,NULL,NULL,NULL,0,NULL,NULL,NULL,NULL,'Compumentor  ',NULL,NULL,NULL),(149,'Household',NULL,1,0,0,1,0,NULL,NULL,'Justin Parker\'s home','Justin Parker\'s home','Parker\'s home',NULL,NULL,NULL,'3','Both','1115120824',NULL,NULL,NULL,NULL,NULL,NULL,NULL,NULL,NULL,NULL,NULL,NULL,0,NULL,NULL,'Justin Parker\'s home',211,NULL,NULL,NULL,NULL),(150,'Individual',NULL,0,0,0,0,0,NULL,NULL,'Yadav, Walter','Dr Walter A Yadav Sr',NULL,NULL,NULL,NULL,'2','Both','1060717605',NULL,NULL,'Walter','A','Yadav',4,2,2,NULL,NULL,2,'1984-11-25',0,NULL,NULL,NULL,NULL,NULL,NULL,NULL,NULL),(151,'Individual',NULL,1,0,0,0,0,NULL,NULL,'Jameson, Bruce','Mr Bruce N Jameson Sr',NULL,NULL,NULL,NULL,'1','Both','-1871843227',NULL,NULL,'Bruce','N','Jameson',3,2,1,NULL,NULL,2,'1973-05-12',0,NULL,NULL,NULL,NULL,NULL,NULL,NULL,NULL),(152,'Individual',NULL,0,0,0,0,0,NULL,NULL,'Smith, Chris','Ms Chris O Smith Sr',NULL,NULL,NULL,NULL,'5','Both','-319458244',NULL,NULL,'Chris','O','Smith',2,2,3,NULL,NULL,2,'1972-10-23',0,NULL,NULL,NULL,NULL,NULL,NULL,NULL,NULL),(153,'Individual',NULL,0,1,0,1,0,NULL,NULL,'Jones, Purvi','Mr Purvi A Jones Jr',NULL,NULL,NULL,NULL,'1','Both','-392827054',NULL,NULL,'Purvi','A','Jones',3,1,3,NULL,NULL,2,'1999-10-14',1,NULL,NULL,NULL,NULL,NULL,NULL,NULL,NULL),(154,'Individual',NULL,1,1,0,1,0,NULL,NULL,'Roberts, Kenneth','Dr Kenneth S Roberts Jr',NULL,NULL,NULL,NULL,'5','Both','1748286368',NULL,NULL,'Kenneth','S','Roberts',4,1,3,NULL,NULL,2,'1970-05-07',0,NULL,NULL,NULL,NULL,NULL,NULL,NULL,NULL),(155,'Household',NULL,0,1,0,1,0,NULL,NULL,'Alan chowski\'s home','Alan chowski\'s home','chowski\'s home',NULL,NULL,NULL,'2','Both','-2103111066',NULL,NULL,NULL,NULL,NULL,NULL,NULL,NULL,NULL,NULL,NULL,NULL,0,NULL,NULL,'Alan chowski\'s home',295,NULL,NULL,NULL,NULL),(156,'Individual',NULL,0,0,0,0,0,NULL,NULL,'Adams, Michael','Mrs Michael Z Adams Jr',NULL,NULL,NULL,NULL,'1','Both','1417773686',NULL,NULL,'Michael','Z','Adams',1,1,2,NULL,NULL,1,'1994-09-07',1,NULL,NULL,NULL,NULL,NULL,NULL,NULL,NULL),(157,'Individual',NULL,1,1,0,1,0,NULL,NULL,'Zope, Andrew','Mr Andrew K Zope Sr',NULL,NULL,NULL,NULL,'5','Both','951103224',NULL,NULL,'Andrew','K','Zope',3,2,3,NULL,NULL,1,'1988-03-15',0,NULL,NULL,NULL,NULL,NULL,NULL,NULL,NULL),(158,'Individual',NULL,1,0,0,1,0,NULL,NULL,'Jameson, Chetan','Mr Chetan Z Jameson Jr',NULL,NULL,NULL,NULL,'3','Both','-1991237603',NULL,NULL,'Chetan','Z','Jameson',3,1,2,NULL,NULL,2,'1995-03-05',0,NULL,NULL,NULL,NULL,NULL,NULL,NULL,NULL),(159,'Individual',NULL,1,1,0,0,0,NULL,NULL,'Smith, Sandy','Mrs Sandy U Smith Sr',NULL,NULL,NULL,NULL,'4','Both','-1319476877',NULL,NULL,'Sandy','U','Smith',1,2,2,NULL,NULL,1,'1976-07-11',1,NULL,NULL,NULL,NULL,NULL,NULL,NULL,NULL),(160,'Individual',NULL,1,0,0,1,0,NULL,NULL,'Grant, Alice','Ms Alice R Grant Jr',NULL,NULL,NULL,NULL,'3','Both','874703792',NULL,NULL,'Alice','R','Grant',2,1,3,NULL,NULL,1,'1978-02-10',1,NULL,NULL,NULL,NULL,NULL,NULL,NULL,NULL),(161,'Individual',NULL,1,1,0,0,0,NULL,NULL,'Jones, Monica','Dr Monica K Jones Jr',NULL,NULL,NULL,NULL,'3','Both','259547634',NULL,NULL,'Monica','K','Jones',4,1,3,NULL,NULL,1,'2000-07-19',1,NULL,NULL,NULL,NULL,NULL,NULL,NULL,NULL),(162,'Individual',NULL,1,0,0,0,0,NULL,NULL,'Adams, Tony','Ms Tony L Adams Sr',NULL,NULL,NULL,NULL,'5','Both','500648162',NULL,NULL,'Tony','L','Adams',2,2,1,NULL,NULL,1,'1970-01-24',1,NULL,NULL,NULL,NULL,NULL,NULL,NULL,NULL),(163,'Individual',NULL,1,0,0,0,0,NULL,NULL,'Smith, Brzczysaw','Ms Brzczysaw T Smith Jr',NULL,NULL,NULL,NULL,'5','Both','-530646570',NULL,NULL,'Brzczysaw','T','Smith',2,1,3,NULL,NULL,1,'1971-09-02',0,NULL,NULL,NULL,NULL,NULL,NULL,NULL,NULL),(164,'Individual',NULL,0,1,0,1,0,NULL,NULL,'Roberts, Jason','Mr Jason T Roberts Sr',NULL,NULL,NULL,NULL,'2','Both','640387856',NULL,NULL,'Jason','T','Roberts',3,2,3,NULL,NULL,1,'1989-08-16',1,NULL,NULL,NULL,NULL,NULL,NULL,NULL,NULL),(165,'Individual',NULL,0,0,0,1,0,NULL,NULL,'Jones, Walter','Ms Walter Q Jones Jr',NULL,NULL,NULL,NULL,'4','Both','2115428510',NULL,NULL,'Walter','Q','Jones',2,1,1,NULL,NULL,1,'2008-04-08',1,NULL,NULL,NULL,NULL,NULL,NULL,NULL,NULL),(166,'Individual',NULL,1,1,0,1,0,NULL,NULL,'Adams, Monica','Dr Monica K Adams Sr',NULL,NULL,NULL,NULL,'4','Both','420269677',NULL,NULL,'Monica','K','Adams',4,2,2,NULL,NULL,1,'1992-10-17',1,NULL,NULL,NULL,NULL,NULL,NULL,NULL,NULL),(167,'Individual',NULL,0,1,0,0,0,NULL,NULL,'Patel, Peter','Mrs Peter L Patel Jr',NULL,NULL,NULL,NULL,'2','Both','1992642620',NULL,NULL,'Peter','L','Patel',1,1,3,NULL,NULL,2,'1983-11-11',1,NULL,NULL,NULL,NULL,NULL,NULL,NULL,NULL),(168,'Individual',NULL,0,1,0,0,0,NULL,NULL,'Jameson, Henry','Dr Henry E Jameson Jr',NULL,NULL,NULL,NULL,'4','Both','1085846572',NULL,NULL,'Henry','E','Jameson',4,1,2,NULL,NULL,1,'2004-06-17',1,NULL,NULL,NULL,NULL,NULL,NULL,NULL,NULL),(169,'Individual',NULL,1,0,0,1,0,NULL,NULL,'Smith, John','Ms John K Smith Jr',NULL,NULL,NULL,NULL,'5','Both','-807248669',NULL,NULL,'John','K','Smith',2,1,2,NULL,NULL,2,'1998-11-30',1,NULL,NULL,NULL,NULL,NULL,NULL,NULL,NULL),(170,'Individual',NULL,1,0,0,0,0,NULL,NULL,'Jameson, Bruce','Mr Bruce K Jameson Sr',NULL,NULL,NULL,NULL,'2','Both','-1871843227',NULL,NULL,'Bruce','K','Jameson',3,2,2,NULL,NULL,2,'1985-12-31',0,NULL,NULL,NULL,NULL,NULL,NULL,NULL,NULL),(171,'Individual',NULL,1,0,0,0,0,NULL,NULL,'Parker, Charles','Mr Charles X Parker Sr',NULL,NULL,NULL,NULL,'3','Both','-518541980',NULL,NULL,'Charles','X','Parker',3,2,2,NULL,NULL,1,'2005-04-27',1,NULL,NULL,NULL,NULL,NULL,NULL,NULL,NULL),(172,'Individual',NULL,1,0,0,1,0,NULL,NULL,'Adams, Charles','Ms Charles S Adams Sr',NULL,NULL,NULL,NULL,'5','Both','257314995',NULL,NULL,'Charles','S','Adams',2,2,3,NULL,NULL,2,'1981-02-01',0,NULL,NULL,NULL,NULL,NULL,NULL,NULL,NULL),(173,'Individual',NULL,1,0,0,1,0,NULL,NULL,'Grant, Walter','Mr Walter X Grant Jr',NULL,NULL,NULL,NULL,'2','Both','-1527509494',NULL,NULL,'Walter','X','Grant',3,1,1,NULL,NULL,1,'1975-12-20',1,NULL,NULL,NULL,NULL,NULL,NULL,NULL,NULL),(174,'Organization',NULL,1,1,0,1,0,NULL,NULL,'Social Source Foundation  ','Social Source Foundation  ',NULL,NULL,NULL,NULL,'3','Both','2066676426',NULL,NULL,NULL,NULL,NULL,NULL,NULL,NULL,NULL,NULL,NULL,NULL,0,NULL,NULL,NULL,NULL,'Social Source Foundation  ',NULL,NULL,NULL),(175,'Individual',NULL,0,1,0,0,0,NULL,NULL,'Grant, Monica','Ms Monica I Grant Jr',NULL,NULL,NULL,NULL,'1','Both','-711291034',NULL,NULL,'Monica','I','Grant',2,1,3,NULL,NULL,2,'1973-12-12',0,NULL,NULL,NULL,NULL,NULL,NULL,NULL,NULL),(176,'Individual',NULL,0,0,0,1,0,NULL,NULL,'Patel, Jennifer','Ms Jennifer U Patel Sr',NULL,NULL,NULL,NULL,'4','Both','-694125814',NULL,NULL,'Jennifer','U','Patel',2,2,1,NULL,NULL,2,'2003-12-24',1,NULL,NULL,NULL,NULL,NULL,NULL,NULL,NULL),(177,'Household',NULL,1,1,0,0,0,NULL,NULL,'Andrew Jones\'s home','Andrew Jones\'s home','Jones\'s home',NULL,NULL,NULL,'3','Both','1607004132',NULL,NULL,NULL,NULL,NULL,NULL,NULL,NULL,NULL,NULL,NULL,NULL,0,NULL,NULL,'Andrew Jones\'s home',286,NULL,NULL,NULL,NULL),(178,'Household',NULL,0,0,0,0,0,NULL,NULL,'Donald Jameson\'s home','Donald Jameson\'s home','Jameson\'s home',NULL,NULL,NULL,'1','Both','436732376',NULL,NULL,NULL,NULL,NULL,NULL,NULL,NULL,NULL,NULL,NULL,NULL,0,NULL,NULL,'Donald Jameson\'s home',303,NULL,NULL,NULL,NULL),(179,'Individual',NULL,1,0,0,1,0,NULL,NULL,'Parker, John','Dr John N Parker Sr',NULL,NULL,NULL,NULL,'5','Both','404849511',NULL,NULL,'John','N','Parker',4,2,2,NULL,NULL,1,'1980-06-27',1,NULL,NULL,NULL,NULL,NULL,NULL,NULL,NULL),(180,'Individual',NULL,1,0,0,0,0,NULL,NULL,'Smith, James','Dr James F Smith Jr',NULL,NULL,NULL,NULL,'4','Both','656601734',NULL,NULL,'James','F','Smith',4,1,2,NULL,NULL,1,'1981-03-22',1,NULL,NULL,NULL,NULL,NULL,NULL,NULL,NULL),(181,'Individual',NULL,0,0,0,1,0,NULL,NULL,'Jones, Brzczysaw','Ms Brzczysaw L Jones Sr',NULL,NULL,NULL,NULL,'4','Both','1102443663',NULL,NULL,'Brzczysaw','L','Jones',2,2,2,NULL,NULL,1,'1992-11-24',0,NULL,NULL,NULL,NULL,NULL,NULL,NULL,NULL),(182,'Individual',NULL,1,0,0,0,0,NULL,NULL,'Smith, James','Ms James O Smith Jr',NULL,NULL,NULL,NULL,'1','Both','656601734',NULL,NULL,'James','O','Smith',2,1,3,NULL,NULL,1,'1982-11-16',0,NULL,NULL,NULL,NULL,NULL,NULL,NULL,NULL),(183,'Individual',NULL,1,0,0,0,0,NULL,NULL,'Yadav, Walter','Mr Walter X Yadav Jr',NULL,NULL,NULL,NULL,'2','Both','1060717605',NULL,NULL,'Walter','X','Yadav',3,1,3,NULL,NULL,1,'1986-04-22',0,NULL,NULL,NULL,NULL,NULL,NULL,NULL,NULL),(184,'Individual',NULL,0,1,0,0,0,NULL,NULL,'Jones, Melinda','Dr Melinda K Jones Jr',NULL,NULL,NULL,NULL,'4','Both','369050114',NULL,NULL,'Melinda','K','Jones',4,1,2,NULL,NULL,2,'1988-11-21',1,NULL,NULL,NULL,NULL,NULL,NULL,NULL,NULL),(185,'Individual',NULL,1,1,0,1,0,NULL,NULL,'Roberts, Greg','Ms Greg N Roberts Sr',NULL,NULL,NULL,NULL,'5','Both','60306537',NULL,NULL,'Greg','N','Roberts',2,2,3,NULL,NULL,1,'1998-05-20',1,NULL,NULL,NULL,NULL,NULL,NULL,NULL,NULL),(186,'Household',NULL,0,1,0,0,0,NULL,NULL,'Justin chowski\'s home','Justin chowski\'s home','chowski\'s home',NULL,NULL,NULL,'5','Both','-1970296258',NULL,NULL,NULL,NULL,NULL,NULL,NULL,NULL,NULL,NULL,NULL,NULL,0,NULL,NULL,'Justin chowski\'s home',96,NULL,NULL,NULL,NULL),(187,'Individual',NULL,0,0,0,0,0,NULL,NULL,'Jones, Alice','Dr Alice V Jones Sr',NULL,NULL,NULL,NULL,'5','Both','-1233866789',NULL,NULL,'Alice','V','Jones',4,2,1,NULL,NULL,2,'2004-03-18',0,NULL,NULL,NULL,NULL,NULL,NULL,NULL,NULL),(188,'Individual',NULL,1,1,0,0,0,NULL,NULL,'Yadav, James','Ms James N Yadav Sr',NULL,NULL,NULL,NULL,'4','Both','-1114167369',NULL,NULL,'James','N','Yadav',2,2,2,NULL,NULL,2,'1992-09-18',1,NULL,NULL,NULL,NULL,NULL,NULL,NULL,NULL),(189,'Individual',NULL,1,0,0,0,0,NULL,NULL,'Yadav, Chetan','Mrs Chetan A Yadav Sr',NULL,NULL,NULL,NULL,'1','Both','-1492406248',NULL,NULL,'Chetan','A','Yadav',1,2,1,NULL,NULL,2,'1998-04-28',1,NULL,NULL,NULL,NULL,NULL,NULL,NULL,NULL),(190,'Household',NULL,1,1,0,0,0,NULL,NULL,'Anne Patel\'s home','Anne Patel\'s home','Patel\'s home',NULL,NULL,NULL,'5','Both','-884141891',NULL,NULL,NULL,NULL,NULL,NULL,NULL,NULL,NULL,NULL,NULL,NULL,0,NULL,NULL,'Anne Patel\'s home',353,NULL,NULL,NULL,NULL),(191,'Household',NULL,1,1,0,1,0,NULL,NULL,'Greg Jones\'s home','Greg Jones\'s home','Jones\'s home',NULL,NULL,NULL,'5','Both','866661517',NULL,NULL,NULL,NULL,NULL,NULL,NULL,NULL,NULL,NULL,NULL,NULL,0,NULL,NULL,'Greg Jones\'s home',18,NULL,NULL,NULL,NULL),(192,'Individual',NULL,1,0,0,1,0,NULL,NULL,'Patel, Andrew','Dr Andrew S Patel Jr',NULL,NULL,NULL,NULL,'5','Both','-1059900394',NULL,NULL,'Andrew','S','Patel',4,1,3,NULL,NULL,1,'1988-02-23',1,NULL,NULL,NULL,NULL,NULL,NULL,NULL,NULL),(193,'Individual',NULL,0,1,0,1,0,NULL,NULL,'Smith, Anne','Ms Anne O Smith Jr',NULL,NULL,NULL,NULL,'3','Both','-659959845',NULL,NULL,'Anne','O','Smith',2,1,3,NULL,NULL,1,'1972-05-06',0,NULL,NULL,NULL,NULL,NULL,NULL,NULL,NULL),(194,'Individual',NULL,0,1,0,0,0,NULL,NULL,'Samuels, Bill','Mr Bill J Samuels Sr',NULL,NULL,NULL,NULL,'4','Both','-2060742504',NULL,NULL,'Bill','J','Samuels',3,2,3,NULL,NULL,1,'1995-06-25',0,NULL,NULL,NULL,NULL,NULL,NULL,NULL,NULL),(195,'Individual',NULL,0,1,0,0,0,NULL,NULL,'Samuels, Sam','Dr Sam M Samuels Jr',NULL,NULL,NULL,NULL,'2','Both','-470793279',NULL,NULL,'Sam','M','Samuels',4,1,1,NULL,NULL,2,'2005-07-25',0,NULL,NULL,NULL,NULL,NULL,NULL,NULL,NULL),(196,'Individual',NULL,1,1,0,1,0,NULL,NULL,'Grant, Greg','Ms Greg J Grant Jr',NULL,NULL,NULL,NULL,'4','Both','-615291239',NULL,NULL,'Greg','J','Grant',2,1,1,NULL,NULL,2,'1979-04-19',1,NULL,NULL,NULL,NULL,NULL,NULL,NULL,NULL),(197,'Household',NULL,1,1,0,0,0,NULL,NULL,'Sam Parker\'s home','Sam Parker\'s home','Parker\'s home',NULL,NULL,NULL,'1','Both','-279588735',NULL,NULL,NULL,NULL,NULL,NULL,NULL,NULL,NULL,NULL,NULL,NULL,0,NULL,NULL,'Sam Parker\'s home',283,NULL,NULL,NULL,NULL),(198,'Individual',NULL,1,0,0,0,0,NULL,NULL,'Zope, Andrew','Ms Andrew D Zope Jr',NULL,NULL,NULL,NULL,'1','Both','951103224',NULL,NULL,'Andrew','D','Zope',2,1,3,NULL,NULL,2,'1996-12-29',1,NULL,NULL,NULL,NULL,NULL,NULL,NULL,NULL),(199,'Individual',NULL,0,1,0,1,0,NULL,NULL,'Smith, Chris','Mr Chris G Smith Jr',NULL,NULL,NULL,NULL,'2','Both','-319458244',NULL,NULL,'Chris','G','Smith',3,1,2,NULL,NULL,1,'1991-06-03',0,NULL,NULL,NULL,NULL,NULL,NULL,NULL,NULL),(200,'Individual',NULL,0,1,0,1,0,NULL,NULL,'Parker, Bill','Dr Bill U Parker Jr',NULL,NULL,NULL,NULL,'5','Both','1400533778',NULL,NULL,'Bill','U','Parker',4,1,3,NULL,NULL,1,'2006-09-21',0,NULL,NULL,NULL,NULL,NULL,NULL,NULL,NULL),(201,'Individual',NULL,1,0,0,1,0,NULL,NULL,'Jones, Chetan','Ms Chetan D Jones Sr',NULL,NULL,NULL,NULL,'1','Both','-433843037',NULL,NULL,'Chetan','D','Jones',2,2,1,NULL,NULL,1,'1988-03-15',1,NULL,NULL,NULL,NULL,NULL,NULL,NULL,NULL),(202,'Individual',NULL,1,0,0,1,0,NULL,NULL,'Reynolds, Bernard','Mrs Bernard D Reynolds Sr',NULL,NULL,NULL,NULL,'3','Both','-1976899026',NULL,NULL,'Bernard','D','Reynolds',1,2,3,NULL,NULL,2,'1992-11-27',1,NULL,NULL,NULL,NULL,NULL,NULL,NULL,NULL),(203,'Individual',NULL,1,1,0,0,0,NULL,NULL,'Samuels, Bernard','Dr Bernard L Samuels Sr',NULL,NULL,NULL,NULL,'1','Both','-849052236',NULL,NULL,'Bernard','L','Samuels',4,2,2,NULL,NULL,2,'1971-09-25',0,NULL,NULL,NULL,NULL,NULL,NULL,NULL,NULL),(204,'Individual',NULL,1,1,0,1,0,NULL,NULL,'Patel, Fraddie','Ms Fraddie Z Patel Sr',NULL,NULL,NULL,NULL,'2','Both','-1033096566',NULL,NULL,'Fraddie','Z','Patel',2,2,3,NULL,NULL,2,'2008-10-19',0,NULL,NULL,NULL,NULL,NULL,NULL,NULL,NULL),(205,'Individual',NULL,1,0,0,1,0,NULL,NULL,'Patel, Alan','Ms Alan U Patel Sr',NULL,NULL,NULL,NULL,'4','Both','1365829885',NULL,NULL,'Alan','U','Patel',2,2,3,NULL,NULL,1,'1995-10-12',1,NULL,NULL,NULL,NULL,NULL,NULL,NULL,NULL),(206,'Individual',NULL,1,0,0,1,0,NULL,NULL,'Jameson, James','Dr James Z Jameson Jr',NULL,NULL,NULL,NULL,'1','Both','1376429002',NULL,NULL,'James','Z','Jameson',4,1,1,NULL,NULL,2,'2004-10-06',0,NULL,NULL,NULL,NULL,NULL,NULL,NULL,NULL),(207,'Household',NULL,0,0,0,0,0,NULL,NULL,'Bruce Smith\'s home','Bruce Smith\'s home','Smith\'s home',NULL,NULL,NULL,'1','Both','1616883749',NULL,NULL,NULL,NULL,NULL,NULL,NULL,NULL,NULL,NULL,NULL,NULL,0,NULL,NULL,'Bruce Smith\'s home',260,NULL,NULL,NULL,NULL),(208,'Individual',NULL,1,0,0,0,0,NULL,NULL,'Adams, Sam','Ms Sam A Adams Sr',NULL,NULL,NULL,NULL,'1','Both','1844944126',NULL,NULL,'Sam','A','Adams',2,2,3,NULL,NULL,1,'2002-06-06',1,NULL,NULL,NULL,NULL,NULL,NULL,NULL,NULL),(209,'Individual',NULL,1,1,0,1,0,NULL,NULL,'Adams, Richard','Ms Richard M Adams Sr',NULL,NULL,NULL,NULL,'4','Both','-833658123',NULL,NULL,'Richard','M','Adams',2,2,3,NULL,NULL,2,'1983-09-26',1,NULL,NULL,NULL,NULL,NULL,NULL,NULL,NULL),(210,'Individual',NULL,0,1,0,0,0,NULL,NULL,'chowski, Dan','Dr Dan Y chowski Sr',NULL,NULL,NULL,NULL,'1','Both','-182316778',NULL,NULL,'Dan','Y','chowski',4,2,3,NULL,NULL,2,'1987-05-01',0,NULL,NULL,NULL,NULL,NULL,NULL,NULL,NULL),(211,'Individual',NULL,0,0,0,0,0,NULL,NULL,'Parker, Justin','Dr Justin T Parker Sr',NULL,NULL,NULL,NULL,'4','Both','-1122451314',NULL,NULL,'Justin','T','Parker',4,2,1,NULL,NULL,1,'1996-01-27',1,NULL,NULL,NULL,NULL,NULL,NULL,NULL,NULL),(212,'Individual',NULL,0,0,0,1,0,NULL,NULL,'Zope, Fraddie','Ms Fraddie I Zope Sr',NULL,NULL,NULL,NULL,'4','Both','-2061066641',NULL,NULL,'Fraddie','I','Zope',2,2,1,NULL,NULL,1,'2006-12-01',1,NULL,NULL,NULL,NULL,NULL,NULL,NULL,NULL),(213,'Individual',NULL,1,1,0,1,0,NULL,NULL,'Smith, Jake','Mr Jake N Smith Jr',NULL,NULL,NULL,NULL,'1','Both','2038692770',NULL,NULL,'Jake','N','Smith',3,1,1,NULL,NULL,1,'2007-09-07',1,NULL,NULL,NULL,NULL,NULL,NULL,NULL,NULL),(214,'Individual',NULL,1,0,0,0,0,NULL,NULL,'chowski, Greg','Ms Greg G chowski Sr',NULL,NULL,NULL,NULL,'4','Both','450160442',NULL,NULL,'Greg','G','chowski',2,2,3,NULL,NULL,1,'1981-02-27',1,NULL,NULL,NULL,NULL,NULL,NULL,NULL,NULL),(215,'Household',NULL,1,0,0,1,0,NULL,NULL,'Donald Smith\'s home','Donald Smith\'s home','Smith\'s home',NULL,NULL,NULL,'1','Both','-1374060088',NULL,NULL,NULL,NULL,NULL,NULL,NULL,NULL,NULL,NULL,NULL,NULL,0,NULL,NULL,'Donald Smith\'s home',50,NULL,NULL,NULL,NULL),(216,'Individual',NULL,0,1,0,0,0,NULL,NULL,'Parker, Raymond','Mr Raymond B Parker Jr',NULL,NULL,NULL,NULL,'5','Both','1027215881',NULL,NULL,'Raymond','B','Parker',3,1,1,NULL,NULL,2,'2008-03-25',0,NULL,NULL,NULL,NULL,NULL,NULL,NULL,NULL),(217,'Individual',NULL,1,0,0,0,0,NULL,NULL,'Reynolds, Jason','Mrs Jason Q Reynolds Jr',NULL,NULL,NULL,NULL,'5','Both','-1364732465',NULL,NULL,'Jason','Q','Reynolds',1,1,2,NULL,NULL,2,'1981-02-01',1,NULL,NULL,NULL,NULL,NULL,NULL,NULL,NULL),(218,'Individual',NULL,0,0,0,0,0,NULL,NULL,'Zope, Alice','Ms Alice R Zope Sr',NULL,NULL,NULL,NULL,'4','Both','-1777454021',NULL,NULL,'Alice','R','Zope',2,2,2,NULL,NULL,1,'1988-08-17',1,NULL,NULL,NULL,NULL,NULL,NULL,NULL,NULL),(219,'Individual',NULL,1,0,0,0,0,NULL,NULL,'Zope, Anne','Mrs Anne N Zope Jr',NULL,NULL,NULL,NULL,'1','Both','-1387257195',NULL,NULL,'Anne','N','Zope',1,1,2,NULL,NULL,2,'1998-11-08',0,NULL,NULL,NULL,NULL,NULL,NULL,NULL,NULL),(220,'Individual',NULL,1,1,0,1,0,NULL,NULL,'Roberts, Alan','Ms Alan P Roberts Jr',NULL,NULL,NULL,NULL,'2','Both','771463279',NULL,NULL,'Alan','P','Roberts',2,1,1,NULL,NULL,2,'1992-12-21',1,NULL,NULL,NULL,NULL,NULL,NULL,NULL,NULL),(221,'Individual',NULL,1,0,0,0,0,NULL,NULL,'Zope, Michael','Dr Michael G Zope Jr',NULL,NULL,NULL,NULL,'3','Both','226812246',NULL,NULL,'Michael','G','Zope',4,1,2,NULL,NULL,2,'1998-09-23',0,NULL,NULL,NULL,NULL,NULL,NULL,NULL,NULL),(222,'Individual',NULL,0,1,0,1,0,NULL,NULL,'Roberts, Fraddie','Dr Fraddie Y Roberts Sr',NULL,NULL,NULL,NULL,'3','Both','2059593056',NULL,NULL,'Fraddie','Y','Roberts',4,2,3,NULL,NULL,2,'1987-05-13',0,NULL,NULL,NULL,NULL,NULL,NULL,NULL,NULL),(223,'Individual',NULL,0,0,0,1,0,NULL,NULL,'Smith, Purvi','Ms Purvi I Smith Sr',NULL,NULL,NULL,NULL,'1','Both','1509876168',NULL,NULL,'Purvi','I','Smith',2,2,2,NULL,NULL,1,'1985-12-10',1,NULL,NULL,NULL,NULL,NULL,NULL,NULL,NULL),(224,'Household',NULL,1,0,0,1,0,NULL,NULL,'John Samuels\'s home','John Samuels\'s home','Samuels\'s home',NULL,NULL,NULL,'2','Both','-143860063',NULL,NULL,NULL,NULL,NULL,NULL,NULL,NULL,NULL,NULL,NULL,NULL,0,NULL,NULL,'John Samuels\'s home',49,NULL,NULL,NULL,NULL),(225,'Household',NULL,1,1,0,1,0,NULL,NULL,'Henry Patel\'s home','Henry Patel\'s home','Patel\'s home',NULL,NULL,NULL,'3','Both','-669090050',NULL,NULL,NULL,NULL,NULL,NULL,NULL,NULL,NULL,NULL,NULL,NULL,0,NULL,NULL,'Henry Patel\'s home',79,NULL,NULL,NULL,NULL),(226,'Individual',NULL,1,1,0,0,0,NULL,NULL,'Roberts, James','Mr James F Roberts Sr',NULL,NULL,NULL,NULL,'2','Both','-1451589319',NULL,NULL,'James','F','Roberts',3,2,1,NULL,NULL,1,'1987-02-11',0,NULL,NULL,NULL,NULL,NULL,NULL,NULL,NULL),(227,'Individual',NULL,0,0,0,1,0,NULL,NULL,'Jones, Sandy','Mr Sandy X Jones Sr',NULL,NULL,NULL,NULL,'2','Both','3239913',NULL,NULL,'Sandy','X','Jones',3,2,3,NULL,NULL,1,'2009-01-18',0,NULL,NULL,NULL,NULL,NULL,NULL,NULL,NULL),(228,'Individual',NULL,0,1,0,1,0,NULL,NULL,'Jones, Bernard','Mr Bernard M Jones Sr',NULL,NULL,NULL,NULL,'4','Both','-971102764',NULL,NULL,'Bernard','M','Jones',3,2,2,NULL,NULL,2,'1972-12-10',1,NULL,NULL,NULL,NULL,NULL,NULL,NULL,NULL),(229,'Individual',NULL,1,0,0,0,0,NULL,NULL,'Grant, Paula','Dr Paula S Grant Sr',NULL,NULL,NULL,NULL,'2','Both','234950557',NULL,NULL,'Paula','S','Grant',4,2,1,NULL,NULL,2,'2007-11-22',0,NULL,NULL,NULL,NULL,NULL,NULL,NULL,NULL),(230,'Individual',NULL,0,1,0,0,0,NULL,NULL,'Zope, Bruce','Mrs Bruce C Zope Jr',NULL,NULL,NULL,NULL,'2','Both','1951675475',NULL,NULL,'Bruce','C','Zope',1,1,3,NULL,NULL,2,'2007-08-07',1,NULL,NULL,NULL,NULL,NULL,NULL,NULL,NULL),(231,'Individual',NULL,0,0,0,0,0,NULL,NULL,'Zope, Tony','Ms Tony L Zope Sr',NULL,NULL,NULL,NULL,'5','Both','-548097216',NULL,NULL,'Tony','L','Zope',2,2,1,NULL,NULL,1,'1971-11-27',1,NULL,NULL,NULL,NULL,NULL,NULL,NULL,NULL),(232,'Organization',NULL,0,0,0,0,0,NULL,NULL,'Intel  ','Intel  ',NULL,NULL,NULL,NULL,'4','Both','-1853032722',NULL,NULL,NULL,NULL,NULL,NULL,NULL,NULL,NULL,NULL,NULL,NULL,0,NULL,NULL,NULL,NULL,'Intel  ',NULL,NULL,NULL),(233,'Household',NULL,0,1,0,1,0,NULL,NULL,'Bernard chowski\'s home','Bernard chowski\'s home','chowski\'s home',NULL,NULL,NULL,'2','Both','1154886288',NULL,NULL,NULL,NULL,NULL,NULL,NULL,NULL,NULL,NULL,NULL,NULL,0,NULL,NULL,'Bernard chowski\'s home',9,NULL,NULL,NULL,NULL),(234,'Household',NULL,1,1,0,1,0,NULL,NULL,'Bernard Jones\'s home','Bernard Jones\'s home','Jones\'s home',NULL,NULL,NULL,'4','Both','-1327044177',NULL,NULL,NULL,NULL,NULL,NULL,NULL,NULL,NULL,NULL,NULL,NULL,0,NULL,NULL,'Bernard Jones\'s home',139,NULL,NULL,NULL,NULL),(235,'Individual',NULL,1,1,0,0,0,NULL,NULL,'Parker, John','Dr John P Parker Sr',NULL,NULL,NULL,NULL,'4','Both','404849511',NULL,NULL,'John','P','Parker',4,2,2,NULL,NULL,2,'1986-10-07',1,NULL,NULL,NULL,NULL,NULL,NULL,NULL,NULL),(236,'Household',NULL,1,1,0,1,0,NULL,NULL,'Walter Parker\'s home','Walter Parker\'s home','Parker\'s home',NULL,NULL,NULL,'2','Both','-1868307765',NULL,NULL,NULL,NULL,NULL,NULL,NULL,NULL,NULL,NULL,NULL,NULL,0,NULL,NULL,'Walter Parker\'s home',461,NULL,NULL,NULL,NULL),(237,'Individual',NULL,1,1,0,1,0,NULL,NULL,'Roberts, Walter','Mrs Walter G Roberts Jr',NULL,NULL,NULL,NULL,'1','Both','892143524',NULL,NULL,'Walter','G','Roberts',1,1,1,NULL,NULL,1,'1984-07-31',0,NULL,NULL,NULL,NULL,NULL,NULL,NULL,NULL),(238,'Individual',NULL,1,1,0,1,0,NULL,NULL,'Zope, Sam','Ms Sam A Zope Jr',NULL,NULL,NULL,NULL,'4','Both','972265794',NULL,NULL,'Sam','A','Zope',2,1,2,NULL,NULL,2,'2000-03-08',1,NULL,NULL,NULL,NULL,NULL,NULL,NULL,NULL),(239,'Individual',NULL,1,1,0,0,0,NULL,NULL,'Jameson, Franklin','Mrs Franklin J Jameson Sr',NULL,NULL,NULL,NULL,'1','Both','-849838319',NULL,NULL,'Franklin','J','Jameson',1,2,3,NULL,NULL,2,'1997-03-07',1,NULL,NULL,NULL,NULL,NULL,NULL,NULL,NULL),(240,'Organization',NULL,0,1,0,1,0,NULL,NULL,'Working Assets  ','Working Assets  ',NULL,NULL,NULL,NULL,'3','Both','-740887779',NULL,NULL,NULL,NULL,NULL,NULL,NULL,NULL,NULL,NULL,NULL,NULL,0,NULL,NULL,NULL,NULL,'Working Assets  ',NULL,NULL,NULL),(241,'Individual',NULL,1,1,0,0,0,NULL,NULL,'chowski, Justin','Mrs Justin U chowski Sr',NULL,NULL,NULL,NULL,'1','Both','562554780',NULL,NULL,'Justin','U','chowski',1,2,3,NULL,NULL,2,'1974-09-27',0,NULL,NULL,NULL,NULL,NULL,NULL,NULL,NULL),(242,'Individual',NULL,1,0,0,0,0,NULL,NULL,'Zope, Amar','Ms Amar B Zope Sr',NULL,NULL,NULL,NULL,'1','Both','-1419967036',NULL,NULL,'Amar','B','Zope',2,2,1,NULL,NULL,2,'1980-02-08',0,NULL,NULL,NULL,NULL,NULL,NULL,NULL,NULL),(243,'Individual',NULL,0,0,0,1,0,NULL,NULL,'chowski, Jennifer','Ms Jennifer H chowski Jr',NULL,NULL,NULL,NULL,'2','Both','-132686505',NULL,NULL,'Jennifer','H','chowski',2,1,3,NULL,NULL,2,'1981-07-14',1,NULL,NULL,NULL,NULL,NULL,NULL,NULL,NULL),(244,'Individual',NULL,0,1,0,1,0,NULL,NULL,'Yadav, Dan','Dr Dan G Yadav Jr',NULL,NULL,NULL,NULL,'2','Both','1291061569',NULL,NULL,'Dan','G','Yadav',4,1,3,NULL,NULL,1,'1989-05-25',1,NULL,NULL,NULL,NULL,NULL,NULL,NULL,NULL),(245,'Individual',NULL,0,0,0,0,0,NULL,NULL,'Reynolds, Alice','Mrs Alice S Reynolds Sr',NULL,NULL,NULL,NULL,'1','Both','30116897',NULL,NULL,'Alice','S','Reynolds',1,2,1,NULL,NULL,1,'1974-10-18',1,NULL,NULL,NULL,NULL,NULL,NULL,NULL,NULL),(246,'Individual',NULL,1,0,0,1,0,NULL,NULL,'Patel, Tony','Mrs Tony U Patel Jr',NULL,NULL,NULL,NULL,'2','Both','815949825',NULL,NULL,'Tony','U','Patel',1,1,1,NULL,NULL,1,'2005-03-29',1,NULL,NULL,NULL,NULL,NULL,NULL,NULL,NULL),(247,'Individual',NULL,0,0,0,0,0,NULL,NULL,'Zope, Sam','Dr Sam P Zope Jr',NULL,NULL,NULL,NULL,'3','Both','972265794',NULL,NULL,'Sam','P','Zope',4,1,3,NULL,NULL,1,'1991-11-22',1,NULL,NULL,NULL,NULL,NULL,NULL,NULL,NULL),(248,'Household',NULL,1,0,0,0,0,NULL,NULL,'James Smith\'s home','James Smith\'s home','Smith\'s home',NULL,NULL,NULL,'4','Both','444325417',NULL,NULL,NULL,NULL,NULL,NULL,NULL,NULL,NULL,NULL,NULL,NULL,0,NULL,NULL,'James Smith\'s home',182,NULL,NULL,NULL,NULL),(249,'Individual',NULL,0,1,0,0,0,NULL,NULL,'Jameson, Jake','Dr Jake T Jameson Jr',NULL,NULL,NULL,NULL,'5','Both','997272416',NULL,NULL,'Jake','T','Jameson',4,1,1,NULL,NULL,2,'1991-03-07',0,NULL,NULL,NULL,NULL,NULL,NULL,NULL,NULL),(250,'Individual',NULL,1,1,0,0,0,NULL,NULL,'Samuels, Rebecca','Ms Rebecca S Samuels Jr',NULL,NULL,NULL,NULL,'3','Both','1030550024',NULL,NULL,'Rebecca','S','Samuels',2,1,2,NULL,NULL,2,'1985-06-06',1,NULL,NULL,NULL,NULL,NULL,NULL,NULL,NULL),(251,'Individual',NULL,0,0,0,1,0,NULL,NULL,'chowski, Pat','Mr Pat F chowski Jr',NULL,NULL,NULL,NULL,'4','Both','326099904',NULL,NULL,'Pat','F','chowski',3,1,2,NULL,NULL,2,'2000-03-21',0,NULL,NULL,NULL,NULL,NULL,NULL,NULL,NULL),(252,'Individual',NULL,0,1,0,1,0,NULL,NULL,'chowski, Kenneth','Mr Kenneth V chowski Sr',NULL,NULL,NULL,NULL,'3','Both','-743329737',NULL,NULL,'Kenneth','V','chowski',3,2,1,NULL,NULL,1,'1996-04-17',1,NULL,NULL,NULL,NULL,NULL,NULL,NULL,NULL),(253,'Individual',NULL,0,0,0,0,0,NULL,NULL,'Smith, Walter','Dr Walter F Smith Sr',NULL,NULL,NULL,NULL,'1','Both','1853747658',NULL,NULL,'Walter','F','Smith',4,2,2,NULL,NULL,1,'1992-01-13',1,NULL,NULL,NULL,NULL,NULL,NULL,NULL,NULL),(254,'Household',NULL,1,1,0,1,0,NULL,NULL,'Kenneth Grant\'s home','Kenneth Grant\'s home','Grant\'s home',NULL,NULL,NULL,'5','Both','610823290',NULL,NULL,NULL,NULL,NULL,NULL,NULL,NULL,NULL,NULL,NULL,NULL,0,NULL,NULL,'Kenneth Grant\'s home',55,NULL,NULL,NULL,NULL),(255,'Individual',NULL,1,0,0,1,0,NULL,NULL,'Roberts, Sandy','Mr Sandy W Roberts Jr',NULL,NULL,NULL,NULL,'3','Both','1057100492',NULL,NULL,'Sandy','W','Roberts',3,1,3,NULL,NULL,2,'1983-03-09',0,NULL,NULL,NULL,NULL,NULL,NULL,NULL,NULL),(256,'Individual',NULL,1,1,0,0,0,NULL,NULL,'chowski, Bill','Mrs Bill Y chowski Jr',NULL,NULL,NULL,NULL,'1','Both','2070493528',NULL,NULL,'Bill','Y','chowski',1,1,3,NULL,NULL,2,'1992-11-16',1,NULL,NULL,NULL,NULL,NULL,NULL,NULL,NULL),(257,'Individual',NULL,0,0,0,0,0,NULL,NULL,'Reynolds, Greg','Mrs Greg V Reynolds Jr',NULL,NULL,NULL,NULL,'5','Both','-2019816015',NULL,NULL,'Greg','V','Reynolds',1,1,2,NULL,NULL,1,'1991-09-12',1,NULL,NULL,NULL,NULL,NULL,NULL,NULL,NULL),(258,'Individual',NULL,0,1,0,1,0,NULL,NULL,'Patel, Paula','Ms Paula S Patel Jr',NULL,NULL,NULL,NULL,'3','Both','-1390848053',NULL,NULL,'Paula','S','Patel',2,1,2,NULL,NULL,2,'1997-12-20',0,NULL,NULL,NULL,NULL,NULL,NULL,NULL,NULL),(259,'Individual',NULL,0,1,0,0,0,NULL,NULL,'chowski, Raymond','Mr Raymond H chowski Jr',NULL,NULL,NULL,NULL,'5','Both','-836764570',NULL,NULL,'Raymond','H','chowski',3,1,3,NULL,NULL,2,'1971-06-04',0,NULL,NULL,NULL,NULL,NULL,NULL,NULL,NULL),(260,'Individual',NULL,0,0,0,1,0,NULL,NULL,'Smith, Bruce','Mr Bruce P Smith Sr',NULL,NULL,NULL,NULL,'3','Both','-448421591',NULL,NULL,'Bruce','P','Smith',3,2,3,NULL,NULL,2,'1982-12-06',0,NULL,NULL,NULL,NULL,NULL,NULL,NULL,NULL),(261,'Individual',NULL,0,1,0,1,0,NULL,NULL,'Samuels, Chetan','Dr Chetan U Samuels Sr',NULL,NULL,NULL,NULL,'1','Both','1201886572',NULL,NULL,'Chetan','U','Samuels',4,2,2,NULL,NULL,2,'2001-06-15',1,NULL,NULL,NULL,NULL,NULL,NULL,NULL,NULL),(262,'Individual',NULL,1,0,0,1,0,NULL,NULL,'Smith, Charles','Dr Charles H Smith Sr',NULL,NULL,NULL,NULL,'1','Both','65426485',NULL,NULL,'Charles','H','Smith',4,2,1,NULL,NULL,1,'1983-12-18',0,NULL,NULL,NULL,NULL,NULL,NULL,NULL,NULL),(263,'Individual',NULL,1,0,0,0,0,NULL,NULL,'Smith, Bruce','Mr Bruce J Smith Jr',NULL,NULL,NULL,NULL,'3','Both','-448421591',NULL,NULL,'Bruce','J','Smith',3,1,2,NULL,NULL,1,'1976-06-29',1,NULL,NULL,NULL,NULL,NULL,NULL,NULL,NULL),(264,'Individual',NULL,1,0,0,1,0,NULL,NULL,'Smith, Tony','Mr Tony V Smith Jr',NULL,NULL,NULL,NULL,'2','Both','-1431478770',NULL,NULL,'Tony','V','Smith',3,1,3,NULL,NULL,1,'1996-02-04',0,NULL,NULL,NULL,NULL,NULL,NULL,NULL,NULL),(265,'Individual',NULL,1,1,0,1,0,NULL,NULL,'Adams, Bruce','Mr Bruce D Adams Jr',NULL,NULL,NULL,NULL,'2','Both','1280210284',NULL,NULL,'Bruce','D','Adams',3,1,1,NULL,NULL,1,'1996-08-28',1,NULL,NULL,NULL,NULL,NULL,NULL,NULL,NULL),(266,'Organization',NULL,0,0,0,0,0,NULL,NULL,'Inner City  ','Inner City  ',NULL,NULL,NULL,NULL,'5','Both','550937833',NULL,NULL,NULL,NULL,NULL,NULL,NULL,NULL,NULL,NULL,NULL,NULL,0,NULL,NULL,NULL,NULL,'Inner City  ',NULL,NULL,NULL),(267,'Individual',NULL,1,1,0,0,0,NULL,NULL,'Adams, Bill','Mr Bill H Adams Jr',NULL,NULL,NULL,NULL,'3','Both','868465274',NULL,NULL,'Bill','H','Adams',3,1,3,NULL,NULL,1,'2008-10-31',1,NULL,NULL,NULL,NULL,NULL,NULL,NULL,NULL),(268,'Individual',NULL,0,1,0,0,0,NULL,NULL,'Parker, Walter','Dr Walter P Parker Jr',NULL,NULL,NULL,NULL,'4','Both','671003651',NULL,NULL,'Walter','P','Parker',4,1,3,NULL,NULL,1,'2006-02-20',0,NULL,NULL,NULL,NULL,NULL,NULL,NULL,NULL),(269,'Individual',NULL,1,0,0,1,0,NULL,NULL,'Patel, Fraddie','Dr Fraddie R Patel Sr',NULL,NULL,NULL,NULL,'5','Both','-1033096566',NULL,NULL,'Fraddie','R','Patel',4,2,3,NULL,NULL,2,'2009-02-08',1,NULL,NULL,NULL,NULL,NULL,NULL,NULL,NULL),(270,'Individual',NULL,1,1,0,0,0,NULL,NULL,'chowski, Amar','Mrs Amar M chowski Jr',NULL,NULL,NULL,NULL,'2','Both','561282372',NULL,NULL,'Amar','M','chowski',1,1,3,NULL,NULL,2,'1972-01-12',0,NULL,NULL,NULL,NULL,NULL,NULL,NULL,NULL),(271,'Household',NULL,0,1,0,0,0,NULL,NULL,'James Jameson\'s home','James Jameson\'s home','Jameson\'s home',NULL,NULL,NULL,'3','Both','-1497810062',NULL,NULL,NULL,NULL,NULL,NULL,NULL,NULL,NULL,NULL,NULL,NULL,0,NULL,NULL,'James Jameson\'s home',438,NULL,NULL,NULL,NULL),(272,'Individual',NULL,1,1,0,1,0,NULL,NULL,'Zope, Kenneth','Mrs Kenneth H Zope Sr',NULL,NULL,NULL,NULL,'4','Both','-1747926865',NULL,NULL,'Kenneth','H','Zope',1,2,3,NULL,NULL,1,'1973-10-07',0,NULL,NULL,NULL,NULL,NULL,NULL,NULL,NULL),(273,'Individual',NULL,0,0,0,0,0,NULL,NULL,'Adams, Purvi','Mr Purvi T Adams Sr',NULL,NULL,NULL,NULL,'5','Both','-252365427',NULL,NULL,'Purvi','T','Adams',3,2,1,NULL,NULL,2,'1984-04-20',0,NULL,NULL,NULL,NULL,NULL,NULL,NULL,NULL),(274,'Individual',NULL,0,0,0,1,0,NULL,NULL,'chowski, Donald','Mr Donald Z chowski Sr',NULL,NULL,NULL,NULL,'1','Both','350353997',NULL,NULL,'Donald','Z','chowski',3,2,1,NULL,NULL,2,'1989-01-16',0,NULL,NULL,NULL,NULL,NULL,NULL,NULL,NULL),(275,'Individual',NULL,0,0,0,1,0,NULL,NULL,'Adams, Brzczysaw','Ms Brzczysaw Y Adams Jr',NULL,NULL,NULL,NULL,'1','Both','-916512979',NULL,NULL,'Brzczysaw','Y','Adams',2,1,3,NULL,NULL,1,'1995-08-05',1,NULL,NULL,NULL,NULL,NULL,NULL,NULL,NULL),(276,'Individual',NULL,1,0,0,1,0,NULL,NULL,'Smith, Andrew','Mr Andrew T Smith Sr',NULL,NULL,NULL,NULL,'5','Both','-1997461681',NULL,NULL,'Andrew','T','Smith',3,2,3,NULL,NULL,2,'1976-01-01',1,NULL,NULL,NULL,NULL,NULL,NULL,NULL,NULL),(277,'Household',NULL,0,1,0,0,0,NULL,NULL,'Tony Smith\'s home','Tony Smith\'s home','Smith\'s home',NULL,NULL,NULL,'5','Both','1522027323',NULL,NULL,NULL,NULL,NULL,NULL,NULL,NULL,NULL,NULL,NULL,NULL,0,NULL,NULL,'Tony Smith\'s home',71,NULL,NULL,NULL,NULL),(278,'Individual',NULL,1,0,0,1,0,NULL,NULL,'Reynolds, Sheila','Mr Sheila P Reynolds Sr',NULL,NULL,NULL,NULL,'5','Both','-1983716890',NULL,NULL,'Sheila','P','Reynolds',3,2,2,NULL,NULL,2,'1990-12-01',0,NULL,NULL,NULL,NULL,NULL,NULL,NULL,NULL),(279,'Organization',NULL,0,0,0,0,0,NULL,NULL,'Working Assets  ','Working Assets  ',NULL,NULL,NULL,NULL,'1','Both','-740887779',NULL,NULL,NULL,NULL,NULL,NULL,NULL,NULL,NULL,NULL,NULL,NULL,0,NULL,NULL,NULL,NULL,'Working Assets  ',NULL,NULL,NULL),(280,'Household',NULL,0,0,0,0,0,NULL,NULL,'Jennifer Reynolds\'s home','Jennifer Reynolds\'s home','Reynolds\'s home',NULL,NULL,NULL,'1','Both','1106972317',NULL,NULL,NULL,NULL,NULL,NULL,NULL,NULL,NULL,NULL,NULL,NULL,0,NULL,NULL,'Jennifer Reynolds\'s home',70,NULL,NULL,NULL,NULL),(281,'Individual',NULL,1,0,0,0,0,NULL,NULL,'Parker, Dan','Mrs Dan E Parker Jr',NULL,NULL,NULL,NULL,'1','Both','-456080082',NULL,NULL,'Dan','E','Parker',1,1,3,NULL,NULL,2,'2000-10-25',1,NULL,NULL,NULL,NULL,NULL,NULL,NULL,NULL),(282,'Individual',NULL,1,0,0,1,0,NULL,NULL,'Jones, Rebecca','Mr Rebecca S Jones Jr',NULL,NULL,NULL,NULL,'5','Both','907455080',NULL,NULL,'Rebecca','S','Jones',3,1,3,NULL,NULL,2,'1981-09-08',0,NULL,NULL,NULL,NULL,NULL,NULL,NULL,NULL),(283,'Individual',NULL,1,1,0,0,0,NULL,NULL,'Parker, Sam','Mrs Sam L Parker Sr',NULL,NULL,NULL,NULL,'4','Both','1689264481',NULL,NULL,'Sam','L','Parker',1,2,2,NULL,NULL,2,'1970-03-22',1,NULL,NULL,NULL,NULL,NULL,NULL,NULL,NULL),(284,'Individual',NULL,0,1,0,1,0,NULL,NULL,'Parker, Justin','Ms Justin V Parker Jr',NULL,NULL,NULL,NULL,'5','Both','-1122451314',NULL,NULL,'Justin','V','Parker',2,1,3,NULL,NULL,1,'1999-01-01',1,NULL,NULL,NULL,NULL,NULL,NULL,NULL,NULL),(285,'Individual',NULL,1,0,0,0,0,NULL,NULL,'Roberts, Alice','Mr Alice M Roberts Jr',NULL,NULL,NULL,NULL,'4','Both','-1991781634',NULL,NULL,'Alice','M','Roberts',3,1,2,NULL,NULL,1,'2004-08-10',0,NULL,NULL,NULL,NULL,NULL,NULL,NULL,NULL),(286,'Individual',NULL,1,0,0,0,0,NULL,NULL,'Jones, Andrew','Dr Andrew V Jones Sr',NULL,NULL,NULL,NULL,'2','Both','-1734724069',NULL,NULL,'Andrew','V','Jones',4,2,1,NULL,NULL,2,'1996-04-28',1,NULL,NULL,NULL,NULL,NULL,NULL,NULL,NULL),(287,'Individual',NULL,0,1,0,1,0,NULL,NULL,'Parker, Sandy','Mrs Sandy D Parker Sr',NULL,NULL,NULL,NULL,'4','Both','1532552597',NULL,NULL,'Sandy','D','Parker',1,2,3,NULL,NULL,2,'1995-03-22',0,NULL,NULL,NULL,NULL,NULL,NULL,NULL,NULL),(288,'Individual',NULL,1,1,0,0,0,NULL,NULL,'Zope, Michelle','Mr Michelle D Zope Jr',NULL,NULL,NULL,NULL,'5','Both','-311646558',NULL,NULL,'Michelle','D','Zope',3,1,2,NULL,NULL,2,'2008-12-16',1,NULL,NULL,NULL,NULL,NULL,NULL,NULL,NULL),(289,'Individual',NULL,1,0,0,1,0,NULL,NULL,'Yadav, Henry','Ms Henry B Yadav Jr',NULL,NULL,NULL,NULL,'1','Both','-1356517295',NULL,NULL,'Henry','B','Yadav',2,1,1,NULL,NULL,1,'1997-10-13',0,NULL,NULL,NULL,NULL,NULL,NULL,NULL,NULL),(290,'Individual',NULL,1,0,0,1,0,NULL,NULL,'Samuels, James','Mrs James O Samuels Sr',NULL,NULL,NULL,NULL,'1','Both','-1063563843',NULL,NULL,'James','O','Samuels',1,2,3,NULL,NULL,1,'1984-05-18',0,NULL,NULL,NULL,NULL,NULL,NULL,NULL,NULL),(291,'Individual',NULL,0,1,0,1,0,NULL,NULL,'Zope, Jason','Ms Jason W Zope Jr',NULL,NULL,NULL,NULL,'5','Both','962751957',NULL,NULL,'Jason','W','Zope',2,1,2,NULL,NULL,2,'1978-11-10',1,NULL,NULL,NULL,NULL,NULL,NULL,NULL,NULL),(292,'Individual',NULL,1,0,0,1,0,NULL,NULL,'Samuels, Melinda','Mrs Melinda L Samuels Sr',NULL,NULL,NULL,NULL,'1','Both','512039522',NULL,NULL,'Melinda','L','Samuels',1,2,3,NULL,NULL,1,'1983-02-21',0,NULL,NULL,NULL,NULL,NULL,NULL,NULL,NULL),(293,'Individual',NULL,0,0,0,1,0,NULL,NULL,'chowski, Sheila','Mr Sheila H chowski Sr',NULL,NULL,NULL,NULL,'5','Both','292173384',NULL,NULL,'Sheila','H','chowski',3,2,2,NULL,NULL,1,'2003-05-06',1,NULL,NULL,NULL,NULL,NULL,NULL,NULL,NULL),(294,'Household',NULL,1,1,0,0,0,NULL,NULL,'Alan Roberts\'s home','Alan Roberts\'s home','Roberts\'s home',NULL,NULL,NULL,'1','Both','-1085615946',NULL,NULL,NULL,NULL,NULL,NULL,NULL,NULL,NULL,NULL,NULL,NULL,0,NULL,NULL,'Alan Roberts\'s home',220,NULL,NULL,NULL,NULL),(295,'Individual',NULL,0,0,0,0,0,NULL,NULL,'chowski, Alan','Dr Alan H chowski Jr',NULL,NULL,NULL,NULL,'3','Both','884427580',NULL,NULL,'Alan','H','chowski',4,1,2,NULL,NULL,1,'2007-10-15',1,NULL,NULL,NULL,NULL,NULL,NULL,NULL,NULL),(296,'Individual',NULL,0,1,0,0,0,NULL,NULL,'Jameson, Justin','Dr Justin C Jameson Sr',NULL,NULL,NULL,NULL,'5','Both','-1954242387',NULL,NULL,'Justin','C','Jameson',4,2,3,NULL,NULL,1,'1976-06-27',1,NULL,NULL,NULL,NULL,NULL,NULL,NULL,NULL),(297,'Individual',NULL,0,1,0,0,0,NULL,NULL,'Roberts, Henry','Ms Henry O Roberts Sr',NULL,NULL,NULL,NULL,'5','Both','-1144482081',NULL,NULL,'Henry','O','Roberts',2,2,1,NULL,NULL,2,'2007-05-13',0,NULL,NULL,NULL,NULL,NULL,NULL,NULL,NULL),(298,'Individual',NULL,1,1,0,0,0,NULL,NULL,'Adams, Amar','Dr Amar X Adams Sr',NULL,NULL,NULL,NULL,'3','Both','1776221798',NULL,NULL,'Amar','X','Adams',4,2,3,NULL,NULL,2,'1972-03-28',1,NULL,NULL,NULL,NULL,NULL,NULL,NULL,NULL),(299,'Organization',NULL,0,1,0,0,0,NULL,NULL,'Social Source Foundation  ','Social Source Foundation  ',NULL,NULL,NULL,NULL,'2','Both','2066676426',NULL,NULL,NULL,NULL,NULL,NULL,NULL,NULL,NULL,NULL,NULL,NULL,0,NULL,NULL,NULL,NULL,'Social Source Foundation  ',NULL,NULL,NULL),(300,'Individual',NULL,1,1,0,1,0,NULL,NULL,'Zope, Jason','Dr Jason V Zope Sr',NULL,NULL,NULL,NULL,'3','Both','962751957',NULL,NULL,'Jason','V','Zope',4,2,2,NULL,NULL,1,'1981-03-26',0,NULL,NULL,NULL,NULL,NULL,NULL,NULL,NULL),(301,'Organization',NULL,1,1,0,0,0,NULL,NULL,'Conservation Corp  ','Conservation Corp  ',NULL,NULL,NULL,NULL,'1','Both','1902067651',NULL,NULL,NULL,NULL,NULL,NULL,NULL,NULL,NULL,NULL,NULL,NULL,0,NULL,NULL,NULL,NULL,'Conservation Corp  ',NULL,NULL,NULL),(302,'Household',NULL,0,0,0,0,0,NULL,NULL,'Walter Smith\'s home','Walter Smith\'s home','Smith\'s home',NULL,NULL,NULL,'1','Both','-1486865128',NULL,NULL,NULL,NULL,NULL,NULL,NULL,NULL,NULL,NULL,NULL,NULL,0,NULL,NULL,'Walter Smith\'s home',424,NULL,NULL,NULL,NULL),(303,'Individual',NULL,0,1,0,0,0,NULL,NULL,'Jameson, Donald','Dr Donald H Jameson Sr',NULL,NULL,NULL,NULL,'4','Both','-1092436612',NULL,NULL,'Donald','H','Jameson',4,2,3,NULL,NULL,2,'1984-04-23',1,NULL,NULL,NULL,NULL,NULL,NULL,NULL,NULL),(304,'Individual',NULL,0,1,0,0,0,NULL,NULL,'Jones, Jane','Mrs Jane S Jones Jr',NULL,NULL,NULL,NULL,'5','Both','1679012316',NULL,NULL,'Jane','S','Jones',1,1,1,NULL,NULL,2,'1987-01-20',0,NULL,NULL,NULL,NULL,NULL,NULL,NULL,NULL),(305,'Individual',NULL,1,1,0,0,0,NULL,NULL,'Adams, Tony','Ms Tony Q Adams Jr',NULL,NULL,NULL,NULL,'5','Both','500648162',NULL,NULL,'Tony','Q','Adams',2,1,1,NULL,NULL,2,'2000-07-13',0,NULL,NULL,NULL,NULL,NULL,NULL,NULL,NULL),(306,'Organization',NULL,0,0,0,1,0,NULL,NULL,'Working Assets  ','Working Assets  ',NULL,NULL,NULL,NULL,'3','Both','-740887779',NULL,NULL,NULL,NULL,NULL,NULL,NULL,NULL,NULL,NULL,NULL,NULL,0,NULL,NULL,NULL,NULL,'Working Assets  ',NULL,NULL,NULL),(307,'Individual',NULL,0,1,0,0,0,NULL,NULL,'Adams, Henry','Mr Henry G Adams Sr',NULL,NULL,NULL,NULL,'3','Both','-1667550939',NULL,NULL,'Henry','G','Adams',3,2,2,NULL,NULL,1,'1985-03-06',1,NULL,NULL,NULL,NULL,NULL,NULL,NULL,NULL),(308,'Organization',NULL,1,0,0,1,0,NULL,NULL,'Red Cross  ','Red Cross  ',NULL,NULL,NULL,NULL,'5','Both','769545824',NULL,NULL,NULL,NULL,NULL,NULL,NULL,NULL,NULL,NULL,NULL,NULL,0,NULL,NULL,NULL,NULL,'Red Cross  ',NULL,NULL,NULL),(309,'Individual',NULL,0,0,0,0,0,NULL,NULL,'Jones, Jake','Mr Jake B Jones Jr',NULL,NULL,NULL,NULL,'3','Both','426001817',NULL,NULL,'Jake','B','Jones',3,1,3,NULL,NULL,1,'1973-05-30',0,NULL,NULL,NULL,NULL,NULL,NULL,NULL,NULL),(310,'Household',NULL,1,1,0,1,0,NULL,NULL,'Anne Patel\'s home','Anne Patel\'s home','Patel\'s home',NULL,NULL,NULL,'5','Both','-884141891',NULL,NULL,NULL,NULL,NULL,NULL,NULL,NULL,NULL,NULL,NULL,NULL,0,NULL,NULL,'Anne Patel\'s home',327,NULL,NULL,NULL,NULL),(311,'Individual',NULL,0,0,0,0,0,NULL,NULL,'Roberts, Franklin','Dr Franklin Y Roberts Jr',NULL,NULL,NULL,NULL,'5','Both','-1922202241',NULL,NULL,'Franklin','Y','Roberts',4,1,2,NULL,NULL,2,'2002-09-21',1,NULL,NULL,NULL,NULL,NULL,NULL,NULL,NULL),(312,'Individual',NULL,0,1,0,0,0,NULL,NULL,'Grant, Alan','Dr Alan M Grant Sr',NULL,NULL,NULL,NULL,'1','Both','-181351777',NULL,NULL,'Alan','M','Grant',4,2,3,NULL,NULL,1,'1974-12-04',0,NULL,NULL,NULL,NULL,NULL,NULL,NULL,NULL),(313,'Organization',NULL,0,1,0,0,0,NULL,NULL,'Cisco Systems  ','Cisco Systems  ',NULL,NULL,NULL,NULL,'3','Both','795728639',NULL,NULL,NULL,NULL,NULL,NULL,NULL,NULL,NULL,NULL,NULL,NULL,0,NULL,NULL,NULL,NULL,'Cisco Systems  ',NULL,NULL,NULL),(314,'Individual',NULL,0,0,0,0,0,NULL,NULL,'chowski, Greg','Mr Greg R chowski Jr',NULL,NULL,NULL,NULL,'1','Both','450160442',NULL,NULL,'Greg','R','chowski',3,1,2,NULL,NULL,1,'1989-10-01',0,NULL,NULL,NULL,NULL,NULL,NULL,NULL,NULL),(315,'Individual',NULL,0,0,0,1,0,NULL,NULL,'Parker, Anne','Mr Anne M Parker Jr',NULL,NULL,NULL,NULL,'3','Both','258609247',NULL,NULL,'Anne','M','Parker',3,1,3,NULL,NULL,1,'2008-05-29',0,NULL,NULL,NULL,NULL,NULL,NULL,NULL,NULL),(316,'Individual',NULL,0,0,0,0,0,NULL,NULL,'Roberts, Kenneth','Dr Kenneth D Roberts Sr',NULL,NULL,NULL,NULL,'5','Both','1748286368',NULL,NULL,'Kenneth','D','Roberts',4,2,3,NULL,NULL,1,'1991-06-27',0,NULL,NULL,NULL,NULL,NULL,NULL,NULL,NULL),(317,'Individual',NULL,0,0,0,1,0,NULL,NULL,'Patel, Brzczysaw','Ms Brzczysaw Z Patel Sr',NULL,NULL,NULL,NULL,'1','Both','921708849',NULL,NULL,'Brzczysaw','Z','Patel',2,2,2,NULL,NULL,2,'1992-04-20',1,NULL,NULL,NULL,NULL,NULL,NULL,NULL,NULL),(318,'Organization',NULL,0,1,0,1,0,NULL,NULL,'Intel  ','Intel  ',NULL,NULL,NULL,NULL,'2','Both','-1853032722',NULL,NULL,NULL,NULL,NULL,NULL,NULL,NULL,NULL,NULL,NULL,NULL,0,NULL,NULL,NULL,NULL,'Intel  ',NULL,NULL,NULL),(319,'Individual',NULL,0,0,0,1,0,NULL,NULL,'Parker, Chris','Mrs Chris W Parker Jr',NULL,NULL,NULL,NULL,'5','Both','116912346',NULL,NULL,'Chris','W','Parker',1,1,2,NULL,NULL,2,'1999-09-15',1,NULL,NULL,NULL,NULL,NULL,NULL,NULL,NULL),(320,'Individual',NULL,0,0,0,1,0,NULL,NULL,'Roberts, Richard','Mrs Richard H Roberts Jr',NULL,NULL,NULL,NULL,'4','Both','1756265178',NULL,NULL,'Richard','H','Roberts',1,1,1,NULL,NULL,1,'1975-05-26',1,NULL,NULL,NULL,NULL,NULL,NULL,NULL,NULL),(321,'Individual',NULL,1,0,0,0,0,NULL,NULL,'Jameson, Sam','Mrs Sam N Jameson Sr',NULL,NULL,NULL,NULL,'3','Both','-352983639',NULL,NULL,'Sam','N','Jameson',1,2,2,NULL,NULL,1,'1997-09-26',1,NULL,NULL,NULL,NULL,NULL,NULL,NULL,NULL),(322,'Individual',NULL,1,1,0,0,0,NULL,NULL,'Smith, Amar','Mrs Amar S Smith Jr',NULL,NULL,NULL,NULL,'4','Both','-559617910',NULL,NULL,'Amar','S','Smith',1,1,2,NULL,NULL,1,'1978-03-01',0,NULL,NULL,NULL,NULL,NULL,NULL,NULL,NULL),(323,'Individual',NULL,0,1,0,0,0,NULL,NULL,'Samuels, Bruce','Ms Bruce T Samuels Sr',NULL,NULL,NULL,NULL,'5','Both','50077202',NULL,NULL,'Bruce','T','Samuels',2,2,2,NULL,NULL,2,'1993-07-28',1,NULL,NULL,NULL,NULL,NULL,NULL,NULL,NULL),(324,'Individual',NULL,0,0,0,0,0,NULL,NULL,'Adams, Anne','Mr Anne Y Adams Sr',NULL,NULL,NULL,NULL,'3','Both','1876154679',NULL,NULL,'Anne','Y','Adams',3,2,2,NULL,NULL,2,'1974-07-29',1,NULL,NULL,NULL,NULL,NULL,NULL,NULL,NULL),(325,'Organization',NULL,0,0,0,0,0,NULL,NULL,'Magic Bus  ','Magic Bus  ',NULL,NULL,NULL,NULL,'4','Both','-2069559523',NULL,NULL,NULL,NULL,NULL,NULL,NULL,NULL,NULL,NULL,NULL,NULL,0,NULL,NULL,NULL,NULL,'Magic Bus  ',NULL,NULL,NULL),(326,'Individual',NULL,0,0,0,0,0,NULL,NULL,'Grant, Alice','Mrs Alice I Grant Sr',NULL,NULL,NULL,NULL,'1','Both','874703792',NULL,NULL,'Alice','I','Grant',1,2,2,NULL,NULL,2,'1989-08-14',0,NULL,NULL,NULL,NULL,NULL,NULL,NULL,NULL),(327,'Individual',NULL,0,1,0,0,0,NULL,NULL,'Patel, Anne','Mrs Anne X Patel Jr',NULL,NULL,NULL,NULL,'2','Both','1118239188',NULL,NULL,'Anne','X','Patel',1,1,2,NULL,NULL,2,'1974-01-21',0,NULL,NULL,NULL,NULL,NULL,NULL,NULL,NULL),(328,'Individual',NULL,0,0,0,0,0,NULL,NULL,'Yadav, Sam','Mr Sam M Yadav Jr',NULL,NULL,NULL,NULL,'3','Both','-862655218',NULL,NULL,'Sam','M','Yadav',3,1,2,NULL,NULL,2,'1975-10-17',0,NULL,NULL,NULL,NULL,NULL,NULL,NULL,NULL),(329,'Household',NULL,0,1,0,1,0,NULL,NULL,'Franklin Zope\'s home','Franklin Zope\'s home','Zope\'s home',NULL,NULL,NULL,'3','Both','-428289024',NULL,NULL,NULL,NULL,NULL,NULL,NULL,NULL,NULL,NULL,NULL,NULL,0,NULL,NULL,'Franklin Zope\'s home',395,NULL,NULL,NULL,NULL),(330,'Individual',NULL,1,0,0,0,0,NULL,NULL,'Zope, Monica','Dr Monica H Zope Sr',NULL,NULL,NULL,NULL,'2','Both','-1353516783',NULL,NULL,'Monica','H','Zope',4,2,3,NULL,NULL,1,'1972-01-30',0,NULL,NULL,NULL,NULL,NULL,NULL,NULL,NULL),(331,'Individual',NULL,1,0,0,1,0,NULL,NULL,'Reynolds, Justin','Dr Justin I Reynolds Sr',NULL,NULL,NULL,NULL,'5','Both','-1188089806',NULL,NULL,'Justin','I','Reynolds',4,2,2,NULL,NULL,2,'1978-01-11',0,NULL,NULL,NULL,NULL,NULL,NULL,NULL,NULL),(332,'Individual',NULL,1,1,0,1,0,NULL,NULL,'Jones, Peter','Mr Peter J Jones Jr',NULL,NULL,NULL,NULL,'3','Both','1468746753',NULL,NULL,'Peter','J','Jones',3,1,2,NULL,NULL,1,'1989-01-22',0,NULL,NULL,NULL,NULL,NULL,NULL,NULL,NULL),(333,'Individual',NULL,0,1,0,1,0,NULL,NULL,'Zope, Rebecca','Mrs Rebecca L Zope Jr',NULL,NULL,NULL,NULL,'4','Both','263533362',NULL,NULL,'Rebecca','L','Zope',1,1,2,NULL,NULL,2,'1971-06-15',0,NULL,NULL,NULL,NULL,NULL,NULL,NULL,NULL),(334,'Individual',NULL,0,1,0,0,0,NULL,NULL,'Roberts, Andrew','Dr Andrew N Roberts Sr',NULL,NULL,NULL,NULL,'3','Both','-744369887',NULL,NULL,'Andrew','N','Roberts',4,2,2,NULL,NULL,2,'1975-08-06',0,NULL,NULL,NULL,NULL,NULL,NULL,NULL,NULL),(335,'Organization',NULL,0,0,0,0,0,NULL,NULL,'Inner City  ','Inner City  ',NULL,NULL,NULL,NULL,'3','Both','550937833',NULL,NULL,NULL,NULL,NULL,NULL,NULL,NULL,NULL,NULL,NULL,NULL,0,NULL,NULL,NULL,NULL,'Inner City  ',NULL,NULL,NULL),(336,'Individual',NULL,1,1,0,0,0,NULL,NULL,'Patel, Chris','Mrs Chris E Patel Jr',NULL,NULL,NULL,NULL,'1','Both','2094032539',NULL,NULL,'Chris','E','Patel',1,1,1,NULL,NULL,1,'1988-07-19',1,NULL,NULL,NULL,NULL,NULL,NULL,NULL,NULL),(337,'Individual',NULL,0,1,0,0,0,NULL,NULL,'Jameson, Jason','Mrs Jason B Jameson Jr',NULL,NULL,NULL,NULL,'4','Both','-581195293',NULL,NULL,'Jason','B','Jameson',1,1,3,NULL,NULL,2,'1970-10-14',1,NULL,NULL,NULL,NULL,NULL,NULL,NULL,NULL),(338,'Household',NULL,1,0,0,0,0,NULL,NULL,'Walter Parker\'s home','Walter Parker\'s home','Parker\'s home',NULL,NULL,NULL,'5','Both','-1868307765',NULL,NULL,NULL,NULL,NULL,NULL,NULL,NULL,NULL,NULL,NULL,NULL,0,NULL,NULL,'Walter Parker\'s home',268,NULL,NULL,NULL,NULL),(339,'Organization',NULL,0,0,0,1,0,NULL,NULL,'Red Cross  ','Red Cross  ',NULL,NULL,NULL,NULL,'5','Both','769545824',NULL,NULL,NULL,NULL,NULL,NULL,NULL,NULL,NULL,NULL,NULL,NULL,0,NULL,NULL,NULL,NULL,'Red Cross  ',NULL,NULL,NULL),(340,'Individual',NULL,0,0,0,0,0,NULL,NULL,'Smith, Charles','Mrs Charles C Smith Sr',NULL,NULL,NULL,NULL,'5','Both','65426485',NULL,NULL,'Charles','C','Smith',1,2,1,NULL,NULL,2,'1991-02-15',1,NULL,NULL,NULL,NULL,NULL,NULL,NULL,NULL),(341,'Organization',NULL,0,1,0,0,0,NULL,NULL,'Working Assets  ','Working Assets  ',NULL,NULL,NULL,NULL,'4','Both','-740887779',NULL,NULL,NULL,NULL,NULL,NULL,NULL,NULL,NULL,NULL,NULL,NULL,0,NULL,NULL,NULL,NULL,'Working Assets  ',NULL,NULL,NULL),(342,'Individual',NULL,1,0,0,1,0,NULL,NULL,'Yadav, Peter','Ms Peter N Yadav Jr',NULL,NULL,NULL,NULL,'5','Both','2085984170',NULL,NULL,'Peter','N','Yadav',2,1,3,NULL,NULL,1,'1971-09-12',0,NULL,NULL,NULL,NULL,NULL,NULL,NULL,NULL),(343,'Household',NULL,1,0,0,0,0,NULL,NULL,'Dan chowski\'s home','Dan chowski\'s home','chowski\'s home',NULL,NULL,NULL,'1','Both','-146161435',NULL,NULL,NULL,NULL,NULL,NULL,NULL,NULL,NULL,NULL,NULL,NULL,0,NULL,NULL,'Dan chowski\'s home',210,NULL,NULL,NULL,NULL),(344,'Individual',NULL,1,0,0,0,0,NULL,NULL,'Zope, Justin','Mrs Justin Q Zope Sr',NULL,NULL,NULL,NULL,'2','Both','1155140848',NULL,NULL,'Justin','Q','Zope',1,2,1,NULL,NULL,1,'1998-02-19',0,NULL,NULL,NULL,NULL,NULL,NULL,NULL,NULL),(345,'Individual',NULL,0,1,0,0,0,NULL,NULL,'Smith, Anne','Mr Anne L Smith Sr',NULL,NULL,NULL,NULL,'2','Both','-659959845',NULL,NULL,'Anne','L','Smith',3,2,1,NULL,NULL,1,'1998-03-13',0,NULL,NULL,NULL,NULL,NULL,NULL,NULL,NULL),(346,'Individual',NULL,1,0,0,1,0,NULL,NULL,'Roberts, Fraddie','Ms Fraddie O Roberts Sr',NULL,NULL,NULL,NULL,'5','Both','2059593056',NULL,NULL,'Fraddie','O','Roberts',2,2,2,NULL,NULL,1,'2009-02-10',1,NULL,NULL,NULL,NULL,NULL,NULL,NULL,NULL),(347,'Individual',NULL,1,1,0,1,0,NULL,NULL,'Parker, Anne','Mrs Anne R Parker Jr',NULL,NULL,NULL,NULL,'2','Both','258609247',NULL,NULL,'Anne','R','Parker',1,1,2,NULL,NULL,2,'2002-05-21',1,NULL,NULL,NULL,NULL,NULL,NULL,NULL,NULL),(348,'Individual',NULL,1,0,0,0,0,NULL,NULL,'Smith, Greg','Mrs Greg X Smith Jr',NULL,NULL,NULL,NULL,'2','Both','-452693260',NULL,NULL,'Greg','X','Smith',1,1,3,NULL,NULL,1,'1988-02-05',1,NULL,NULL,NULL,NULL,NULL,NULL,NULL,NULL),(349,'Individual',NULL,0,1,0,0,0,NULL,NULL,'Reynolds, Pat','Mrs Pat Y Reynolds Sr',NULL,NULL,NULL,NULL,'3','Both','-1980577979',NULL,NULL,'Pat','Y','Reynolds',1,2,2,NULL,NULL,1,'1974-05-01',0,NULL,NULL,NULL,NULL,NULL,NULL,NULL,NULL),(350,'Individual',NULL,0,0,0,1,0,NULL,NULL,'Grant, Purvi','Mrs Purvi P Grant Sr',NULL,NULL,NULL,NULL,'1','Both','1791208249',NULL,NULL,'Purvi','P','Grant',1,2,1,NULL,NULL,2,'1976-10-09',1,NULL,NULL,NULL,NULL,NULL,NULL,NULL,NULL),(351,'Individual',NULL,0,0,0,0,0,NULL,NULL,'chowski, Milan','Mrs Milan Q chowski Jr',NULL,NULL,NULL,NULL,'5','Both','708704945',NULL,NULL,'Milan','Q','chowski',1,1,3,NULL,NULL,1,'2007-09-05',0,NULL,NULL,NULL,NULL,NULL,NULL,NULL,NULL),(352,'Organization',NULL,0,1,0,0,0,NULL,NULL,'Conservation Corp  ','Conservation Corp  ',NULL,NULL,NULL,NULL,'1','Both','1902067651',NULL,NULL,NULL,NULL,NULL,NULL,NULL,NULL,NULL,NULL,NULL,NULL,0,NULL,NULL,NULL,NULL,'Conservation Corp  ',NULL,NULL,NULL),(353,'Individual',NULL,0,1,0,0,0,NULL,NULL,'Patel, Anne','Ms Anne C Patel Sr',NULL,NULL,NULL,NULL,'3','Both','1118239188',NULL,NULL,'Anne','C','Patel',2,2,3,NULL,NULL,2,'1972-10-09',1,NULL,NULL,NULL,NULL,NULL,NULL,NULL,NULL),(354,'Individual',NULL,1,1,0,1,0,NULL,NULL,'Yadav, Sheila','Ms Sheila K Yadav Sr',NULL,NULL,NULL,NULL,'3','Both','-1791827588',NULL,NULL,'Sheila','K','Yadav',2,2,2,NULL,NULL,2,'2003-05-12',1,NULL,NULL,NULL,NULL,NULL,NULL,NULL,NULL),(355,'Individual',NULL,1,0,0,0,0,NULL,NULL,'Smith, Henry','Mr Henry L Smith Jr',NULL,NULL,NULL,NULL,'5','Both','898688352',NULL,NULL,'Henry','L','Smith',3,1,2,NULL,NULL,1,'1980-10-28',0,NULL,NULL,NULL,NULL,NULL,NULL,NULL,NULL),(356,'Individual',NULL,1,0,0,1,0,NULL,NULL,'Samuels, Walter','Mrs Walter V Samuels Jr',NULL,NULL,NULL,NULL,'2','Both','-544104111',NULL,NULL,'Walter','V','Samuels',1,1,2,NULL,NULL,1,'2007-04-13',0,NULL,NULL,NULL,NULL,NULL,NULL,NULL,NULL),(357,'Individual',NULL,0,1,0,1,0,NULL,NULL,'Patel, Raymond','Mrs Raymond L Patel Jr',NULL,NULL,NULL,NULL,'1','Both','-852221925',NULL,NULL,'Raymond','L','Patel',1,1,1,NULL,NULL,2,'1979-09-11',1,NULL,NULL,NULL,NULL,NULL,NULL,NULL,NULL),(358,'Organization',NULL,1,1,0,1,0,NULL,NULL,'Inner City  ','Inner City  ',NULL,NULL,NULL,NULL,'1','Both','550937833',NULL,NULL,NULL,NULL,NULL,NULL,NULL,NULL,NULL,NULL,NULL,NULL,0,NULL,NULL,NULL,NULL,'Inner City  ',NULL,NULL,NULL),(359,'Individual',NULL,1,0,0,0,0,NULL,NULL,'Roberts, Dan','Ms Dan M Roberts Sr',NULL,NULL,NULL,NULL,'5','Both','-708365440',NULL,NULL,'Dan','M','Roberts',2,2,1,NULL,NULL,1,'1985-03-13',0,NULL,NULL,NULL,NULL,NULL,NULL,NULL,NULL),(360,'Organization',NULL,0,0,0,0,0,NULL,NULL,'Project Open Hand  ','Project Open Hand  ',NULL,NULL,NULL,NULL,'2','Both','22493331',NULL,NULL,NULL,NULL,NULL,NULL,NULL,NULL,NULL,NULL,NULL,NULL,0,NULL,NULL,NULL,NULL,'Project Open Hand  ',NULL,NULL,NULL),(361,'Individual',NULL,0,1,0,0,0,NULL,NULL,'Zope, Chris','Dr Chris Z Zope Sr',NULL,NULL,NULL,NULL,'1','Both','2112151878',NULL,NULL,'Chris','Z','Zope',4,2,1,NULL,NULL,1,'1977-04-03',1,NULL,NULL,NULL,NULL,NULL,NULL,NULL,NULL),(362,'Individual',NULL,1,0,0,0,0,NULL,NULL,'Jones, Walter','Mrs Walter K Jones Sr',NULL,NULL,NULL,NULL,'5','Both','2115428510',NULL,NULL,'Walter','K','Jones',1,2,1,NULL,NULL,1,'2004-04-13',0,NULL,NULL,NULL,NULL,NULL,NULL,NULL,NULL),(363,'Individual',NULL,0,0,0,1,0,NULL,NULL,'Jones, Monica','Ms Monica A Jones Jr',NULL,NULL,NULL,NULL,'1','Both','259547634',NULL,NULL,'Monica','A','Jones',2,1,3,NULL,NULL,2,'1988-01-28',1,NULL,NULL,NULL,NULL,NULL,NULL,NULL,NULL),(364,'Individual',NULL,0,0,0,1,0,NULL,NULL,'Smith, Jennifer','Ms Jennifer F Smith Sr',NULL,NULL,NULL,NULL,'4','Both','963089643',NULL,NULL,'Jennifer','F','Smith',2,2,2,NULL,NULL,1,'1993-05-08',1,NULL,NULL,NULL,NULL,NULL,NULL,NULL,NULL),(365,'Household',NULL,0,1,0,0,0,NULL,NULL,'Rebecca Jones\'s home','Rebecca Jones\'s home','Jones\'s home',NULL,NULL,NULL,'2','Both','898827553',NULL,NULL,NULL,NULL,NULL,NULL,NULL,NULL,NULL,NULL,NULL,NULL,0,NULL,NULL,'Rebecca Jones\'s home',282,NULL,NULL,NULL,NULL),(366,'Organization',NULL,1,0,0,0,0,NULL,NULL,'Conservation Corp  ','Conservation Corp  ',NULL,NULL,NULL,NULL,'5','Both','1902067651',NULL,NULL,NULL,NULL,NULL,NULL,NULL,NULL,NULL,NULL,NULL,NULL,0,NULL,NULL,NULL,NULL,'Conservation Corp  ',NULL,NULL,NULL),(367,'Household',NULL,1,1,0,1,0,NULL,NULL,'Melinda Yadav\'s home','Melinda Yadav\'s home','Yadav\'s home',NULL,NULL,NULL,'4','Both','-1670761963',NULL,NULL,NULL,NULL,NULL,NULL,NULL,NULL,NULL,NULL,NULL,NULL,0,NULL,NULL,'Melinda Yadav\'s home',20,NULL,NULL,NULL,NULL),(368,'Individual',NULL,1,1,0,1,0,NULL,NULL,'Zope, Henry','Mrs Henry M Zope Sr',NULL,NULL,NULL,NULL,'4','Both','-1535021030',NULL,NULL,'Henry','M','Zope',1,2,1,NULL,NULL,2,'2005-04-05',1,NULL,NULL,NULL,NULL,NULL,NULL,NULL,NULL),(369,'Individual',NULL,0,0,0,0,0,NULL,NULL,'Adams, Anne','Mrs Anne X Adams Jr',NULL,NULL,NULL,NULL,'3','Both','1876154679',NULL,NULL,'Anne','X','Adams',1,1,1,NULL,NULL,1,'1998-08-17',1,NULL,NULL,NULL,NULL,NULL,NULL,NULL,NULL),(370,'Organization',NULL,1,1,0,0,0,NULL,NULL,'Compasspoint  ','Compasspoint  ',NULL,NULL,NULL,NULL,'5','Both','-1531408',NULL,NULL,NULL,NULL,NULL,NULL,NULL,NULL,NULL,NULL,NULL,NULL,0,NULL,NULL,NULL,NULL,'Compasspoint  ',NULL,NULL,NULL),(371,'Organization',NULL,0,0,0,1,0,NULL,NULL,'Cisco Systems  ','Cisco Systems  ',NULL,NULL,NULL,NULL,'4','Both','795728639',NULL,NULL,NULL,NULL,NULL,NULL,NULL,NULL,NULL,NULL,NULL,NULL,0,NULL,NULL,NULL,NULL,'Cisco Systems  ',NULL,NULL,NULL),(372,'Individual',NULL,1,1,0,0,0,NULL,NULL,'Patel, Purvi','Ms Purvi G Patel Sr',NULL,NULL,NULL,NULL,'5','Both','-908332177',NULL,NULL,'Purvi','G','Patel',2,2,3,NULL,NULL,2,'1999-01-09',1,NULL,NULL,NULL,NULL,NULL,NULL,NULL,NULL),(373,'Individual',NULL,0,1,0,0,0,NULL,NULL,'chowski, Sam','Ms Sam X chowski Sr',NULL,NULL,NULL,NULL,'2','Both','1967322457',NULL,NULL,'Sam','X','chowski',2,2,3,NULL,NULL,2,'1987-09-29',0,NULL,NULL,NULL,NULL,NULL,NULL,NULL,NULL),(374,'Organization',NULL,0,1,0,1,0,NULL,NULL,'Eastmont Computing Center  ','Eastmont Computing Center  ',NULL,NULL,NULL,NULL,'2','Both','-765911069',NULL,NULL,NULL,NULL,NULL,NULL,NULL,NULL,NULL,NULL,NULL,NULL,0,NULL,NULL,NULL,NULL,'Eastmont Computing Center  ',NULL,NULL,NULL),(375,'Individual',NULL,1,0,0,0,0,NULL,NULL,'Samuels, Jason','Ms Jason G Samuels Sr',NULL,NULL,NULL,NULL,'3','Both','1338656660',NULL,NULL,'Jason','G','Samuels',2,2,3,NULL,NULL,2,'1978-08-23',1,NULL,NULL,NULL,NULL,NULL,NULL,NULL,NULL),(376,'Individual',NULL,1,0,0,1,0,NULL,NULL,'Samuels, Kenneth','Mrs Kenneth P Samuels Sr',NULL,NULL,NULL,NULL,'3','Both','-1526136427',NULL,NULL,'Kenneth','P','Samuels',1,2,3,NULL,NULL,2,'1998-12-03',0,NULL,NULL,NULL,NULL,NULL,NULL,NULL,NULL),(377,'Individual',NULL,0,0,0,0,0,NULL,NULL,'Zope, Kenneth','Dr Kenneth Q Zope Jr',NULL,NULL,NULL,NULL,'2','Both','-1747926865',NULL,NULL,'Kenneth','Q','Zope',4,1,3,NULL,NULL,2,'1971-07-10',1,NULL,NULL,NULL,NULL,NULL,NULL,NULL,NULL),(378,'Individual',NULL,0,1,0,1,0,NULL,NULL,'Jones, James','Mrs James J Jones Jr',NULL,NULL,NULL,NULL,'3','Both','-1773536228',NULL,NULL,'James','J','Jones',1,1,3,NULL,NULL,1,'2008-07-12',0,NULL,NULL,NULL,NULL,NULL,NULL,NULL,NULL),(379,'Individual',NULL,1,1,0,0,0,NULL,NULL,'Smith, Bernard','Dr Bernard K Smith Sr',NULL,NULL,NULL,NULL,'3','Both','-1442260184',NULL,NULL,'Bernard','K','Smith',4,2,3,NULL,NULL,2,'1998-02-24',0,NULL,NULL,NULL,NULL,NULL,NULL,NULL,NULL),(380,'Individual',NULL,1,0,0,1,0,NULL,NULL,'Yadav, Sheila','Mrs Sheila I Yadav Sr',NULL,NULL,NULL,NULL,'2','Both','-1791827588',NULL,NULL,'Sheila','I','Yadav',1,2,3,NULL,NULL,1,'1994-08-25',0,NULL,NULL,NULL,NULL,NULL,NULL,NULL,NULL),(381,'Household',NULL,1,1,0,0,0,NULL,NULL,'Fraddie Patel\'s home','Fraddie Patel\'s home','Patel\'s home',NULL,NULL,NULL,'1','Both','233895288',NULL,NULL,NULL,NULL,NULL,NULL,NULL,NULL,NULL,NULL,NULL,NULL,0,NULL,NULL,'Fraddie Patel\'s home',269,NULL,NULL,NULL,NULL),(382,'Individual',NULL,1,0,0,0,0,NULL,NULL,'Samuels, Donald','Dr Donald J Samuels Jr',NULL,NULL,NULL,NULL,'3','Both','1880213517',NULL,NULL,'Donald','J','Samuels',4,1,3,NULL,NULL,1,'1986-07-13',1,NULL,NULL,NULL,NULL,NULL,NULL,NULL,NULL),(383,'Individual',NULL,0,0,0,0,0,NULL,NULL,'Yadav, Jason','Dr Jason W Yadav Jr',NULL,NULL,NULL,NULL,'1','Both','851848606',NULL,NULL,'Jason','W','Yadav',4,1,1,NULL,NULL,2,'1989-08-13',1,NULL,NULL,NULL,NULL,NULL,NULL,NULL,NULL),(384,'Household',NULL,1,1,0,1,0,NULL,NULL,'Donald chowski\'s home','Donald chowski\'s home','chowski\'s home',NULL,NULL,NULL,'2','Both','464440852',NULL,NULL,NULL,NULL,NULL,NULL,NULL,NULL,NULL,NULL,NULL,NULL,0,NULL,NULL,'Donald chowski\'s home',274,NULL,NULL,NULL,NULL),(385,'Individual',NULL,1,0,0,1,0,NULL,NULL,'Roberts, Richard','Dr Richard Z Roberts Jr',NULL,NULL,NULL,NULL,'2','Both','1756265178',NULL,NULL,'Richard','Z','Roberts',4,1,3,NULL,NULL,2,'1995-11-06',0,NULL,NULL,NULL,NULL,NULL,NULL,NULL,NULL),(386,'Individual',NULL,1,0,0,0,0,NULL,NULL,'Jameson, Pat','Mrs Pat T Jameson Sr',NULL,NULL,NULL,NULL,'5','Both','-1931939024',NULL,NULL,'Pat','T','Jameson',1,2,1,NULL,NULL,2,'2005-02-08',1,NULL,NULL,NULL,NULL,NULL,NULL,NULL,NULL),(387,'Individual',NULL,0,0,0,0,0,NULL,NULL,'Patel, Sheila','Mr Sheila A Patel Jr',NULL,NULL,NULL,NULL,'1','Both','-1940633654',NULL,NULL,'Sheila','A','Patel',3,1,1,NULL,NULL,2,'1997-06-17',1,NULL,NULL,NULL,NULL,NULL,NULL,NULL,NULL),(388,'Organization',NULL,1,0,0,1,0,NULL,NULL,'Inner City  ','Inner City  ',NULL,NULL,NULL,NULL,'2','Both','550937833',NULL,NULL,NULL,NULL,NULL,NULL,NULL,NULL,NULL,NULL,NULL,NULL,0,NULL,NULL,NULL,NULL,'Inner City  ',NULL,NULL,NULL),(389,'Individual',NULL,1,0,0,1,0,NULL,NULL,'Patel, Kenneth','Dr Kenneth T Patel Sr',NULL,NULL,NULL,NULL,'4','Both','-795186102',NULL,NULL,'Kenneth','T','Patel',4,2,2,NULL,NULL,1,'1989-02-02',1,NULL,NULL,NULL,NULL,NULL,NULL,NULL,NULL),(390,'Household',NULL,0,1,0,1,0,NULL,NULL,'Fraddie Zope\'s home','Fraddie Zope\'s home','Zope\'s home',NULL,NULL,NULL,'4','Both','-86155924',NULL,NULL,NULL,NULL,NULL,NULL,NULL,NULL,NULL,NULL,NULL,NULL,0,NULL,NULL,'Fraddie Zope\'s home',212,NULL,NULL,NULL,NULL),(391,'Individual',NULL,0,0,0,1,0,NULL,NULL,'Samuels, Monica','Dr Monica P Samuels Sr',NULL,NULL,NULL,NULL,'1','Both','-1359011779',NULL,NULL,'Monica','P','Samuels',4,2,3,NULL,NULL,1,'1989-01-08',0,NULL,NULL,NULL,NULL,NULL,NULL,NULL,NULL),(392,'Individual',NULL,0,1,0,1,0,NULL,NULL,'chowski, Anne','Ms Anne K chowski Jr',NULL,NULL,NULL,NULL,'2','Both','662264341',NULL,NULL,'Anne','K','chowski',2,1,1,NULL,NULL,1,'1974-06-12',0,NULL,NULL,NULL,NULL,NULL,NULL,NULL,NULL),(393,'Individual',NULL,1,0,0,1,0,NULL,NULL,'Roberts, Tony','Ms Tony J Roberts Sr',NULL,NULL,NULL,NULL,'5','Both','1278285971',NULL,NULL,'Tony','J','Roberts',2,2,1,NULL,NULL,1,'1974-11-05',1,NULL,NULL,NULL,NULL,NULL,NULL,NULL,NULL),(394,'Individual',NULL,0,0,0,0,0,NULL,NULL,'chowski, Purvi','Mrs Purvi A chowski Sr',NULL,NULL,NULL,NULL,'2','Both','635297514',NULL,NULL,'Purvi','A','chowski',1,2,3,NULL,NULL,1,'1979-11-09',1,NULL,NULL,NULL,NULL,NULL,NULL,NULL,NULL),(395,'Individual',NULL,0,1,0,1,0,NULL,NULL,'Zope, Franklin','Mr Franklin A Zope Sr',NULL,NULL,NULL,NULL,'3','Both','489520277',NULL,NULL,'Franklin','A','Zope',3,2,1,NULL,NULL,1,'1985-11-29',0,NULL,NULL,NULL,NULL,NULL,NULL,NULL,NULL),(396,'Individual',NULL,0,0,0,1,0,NULL,NULL,'Parker, Melinda','Mrs Melinda U Parker Jr',NULL,NULL,NULL,NULL,'3','Both','-1692908113',NULL,NULL,'Melinda','U','Parker',1,1,2,NULL,NULL,1,'1995-04-08',1,NULL,NULL,NULL,NULL,NULL,NULL,NULL,NULL),(397,'Individual',NULL,1,0,0,1,0,NULL,NULL,'Jones, Paula','Mrs Paula M Jones Jr',NULL,NULL,NULL,NULL,'1','Both','-1940435978',NULL,NULL,'Paula','M','Jones',1,1,1,NULL,NULL,2,'2005-08-10',1,NULL,NULL,NULL,NULL,NULL,NULL,NULL,NULL),(398,'Individual',NULL,0,0,0,0,0,NULL,NULL,'Patel, Andrew','Mr Andrew S Patel Sr',NULL,NULL,NULL,NULL,'1','Both','-1059900394',NULL,NULL,'Andrew','S','Patel',3,2,1,NULL,NULL,2,'2008-08-07',0,NULL,NULL,NULL,NULL,NULL,NULL,NULL,NULL),(399,'Individual',NULL,0,0,0,1,0,NULL,NULL,'Patel, Bruce','Ms Bruce K Patel Jr',NULL,NULL,NULL,NULL,'5','Both','1969271694',NULL,NULL,'Bruce','K','Patel',2,1,1,NULL,NULL,2,'1984-04-22',1,NULL,NULL,NULL,NULL,NULL,NULL,NULL,NULL),(400,'Individual',NULL,0,1,0,0,0,NULL,NULL,'Reynolds, Charles','Mrs Charles L Reynolds Jr',NULL,NULL,NULL,NULL,'5','Both','600073523',NULL,NULL,'Charles','L','Reynolds',1,1,1,NULL,NULL,1,'2007-03-23',1,NULL,NULL,NULL,NULL,NULL,NULL,NULL,NULL),(401,'Household',NULL,1,0,0,1,0,NULL,NULL,'Milan Roberts\'s home','Milan Roberts\'s home','Roberts\'s home',NULL,NULL,NULL,'4','Both','-971288706',NULL,NULL,NULL,NULL,NULL,NULL,NULL,NULL,NULL,NULL,NULL,NULL,0,NULL,NULL,'Milan Roberts\'s home',103,NULL,NULL,NULL,NULL),(402,'Organization',NULL,1,1,0,1,0,NULL,NULL,'Red Cross  ','Red Cross  ',NULL,NULL,NULL,NULL,'4','Both','769545824',NULL,NULL,NULL,NULL,NULL,NULL,NULL,NULL,NULL,NULL,NULL,NULL,0,NULL,NULL,NULL,NULL,'Red Cross  ',NULL,NULL,NULL),(403,'Individual',NULL,1,1,0,0,0,NULL,NULL,'Smith, Chris','Dr Chris F Smith Sr',NULL,NULL,NULL,NULL,'4','Both','-319458244',NULL,NULL,'Chris','F','Smith',4,2,3,NULL,NULL,2,'2004-08-15',1,NULL,NULL,NULL,NULL,NULL,NULL,NULL,NULL),(404,'Individual',NULL,1,0,0,0,0,NULL,NULL,'Zope, Bruce','Ms Bruce E Zope Sr',NULL,NULL,NULL,NULL,'4','Both','1951675475',NULL,NULL,'Bruce','E','Zope',2,2,1,NULL,NULL,2,'1981-11-26',0,NULL,NULL,NULL,NULL,NULL,NULL,NULL,NULL),(405,'Individual',NULL,1,1,0,1,0,NULL,NULL,'Jameson, Sheila','Dr Sheila S Jameson Jr',NULL,NULL,NULL,NULL,'4','Both','-1150717575',NULL,NULL,'Sheila','S','Jameson',4,1,1,NULL,NULL,1,'1987-07-31',0,NULL,NULL,NULL,NULL,NULL,NULL,NULL,NULL),(406,'Organization',NULL,0,1,0,1,0,NULL,NULL,'Working Assets  ','Working Assets  ',NULL,NULL,NULL,NULL,'5','Both','-740887779',NULL,NULL,NULL,NULL,NULL,NULL,NULL,NULL,NULL,NULL,NULL,NULL,0,NULL,NULL,NULL,NULL,'Working Assets  ',NULL,NULL,NULL),(407,'Individual',NULL,1,1,0,1,0,NULL,NULL,'Smith, Amar','Dr Amar K Smith Sr',NULL,NULL,NULL,NULL,'4','Both','-559617910',NULL,NULL,'Amar','K','Smith',4,2,3,NULL,NULL,1,'1974-03-11',1,NULL,NULL,NULL,NULL,NULL,NULL,NULL,NULL),(408,'Individual',NULL,1,1,0,0,0,NULL,NULL,'Yadav, Michelle','Mrs Michelle M Yadav Sr',NULL,NULL,NULL,NULL,'5','Both','-1335759748',NULL,NULL,'Michelle','M','Yadav',1,2,1,NULL,NULL,2,'1976-08-16',0,NULL,NULL,NULL,NULL,NULL,NULL,NULL,NULL),(409,'Individual',NULL,1,1,0,0,0,NULL,NULL,'Jameson, Henry','Ms Henry R Jameson Jr',NULL,NULL,NULL,NULL,'3','Both','1085846572',NULL,NULL,'Henry','R','Jameson',2,1,1,NULL,NULL,1,'2004-02-20',1,NULL,NULL,NULL,NULL,NULL,NULL,NULL,NULL),(410,'Individual',NULL,1,0,0,1,0,NULL,NULL,'Samuels, Jennifer','Ms Jennifer D Samuels Sr',NULL,NULL,NULL,NULL,'4','Both','-1061607646',NULL,NULL,'Jennifer','D','Samuels',2,2,1,NULL,NULL,2,'1970-06-22',1,NULL,NULL,NULL,NULL,NULL,NULL,NULL,NULL),(411,'Individual',NULL,1,0,0,0,0,NULL,NULL,'Reynolds, Andrew','Mrs Andrew L Reynolds Jr',NULL,NULL,NULL,NULL,'1','Both','-985296326',NULL,NULL,'Andrew','L','Reynolds',1,1,1,NULL,NULL,1,'1972-02-10',0,NULL,NULL,NULL,NULL,NULL,NULL,NULL,NULL),(412,'Individual',NULL,0,0,0,1,0,NULL,NULL,'Parker, Andrew','Mrs Andrew G Parker Jr',NULL,NULL,NULL,NULL,'5','Both','-1049468282',NULL,NULL,'Andrew','G','Parker',1,1,3,NULL,NULL,2,'1989-11-17',1,NULL,NULL,NULL,NULL,NULL,NULL,NULL,NULL),(413,'Household',NULL,1,1,0,1,0,NULL,NULL,'Jason Parker\'s home','Jason Parker\'s home','Parker\'s home',NULL,NULL,NULL,'2','Both','-613757034',NULL,NULL,NULL,NULL,NULL,NULL,NULL,NULL,NULL,NULL,NULL,NULL,0,NULL,NULL,'Jason Parker\'s home',473,NULL,NULL,NULL,NULL),(414,'Household',NULL,1,0,0,0,0,NULL,NULL,'Richard chowski\'s home','Richard chowski\'s home','chowski\'s home',NULL,NULL,NULL,'3','Both','716619972',NULL,NULL,NULL,NULL,NULL,NULL,NULL,NULL,NULL,NULL,NULL,NULL,0,NULL,NULL,'Richard chowski\'s home',13,NULL,NULL,NULL,NULL),(415,'Household',NULL,0,0,0,0,0,NULL,NULL,'Justin Reynolds\'s home','Justin Reynolds\'s home','Reynolds\'s home',NULL,NULL,NULL,'3','Both','1952057290',NULL,NULL,NULL,NULL,NULL,NULL,NULL,NULL,NULL,NULL,NULL,NULL,0,NULL,NULL,'Justin Reynolds\'s home',331,NULL,NULL,NULL,NULL),(416,'Organization',NULL,0,0,0,1,0,NULL,NULL,'Compumentor  ','Compumentor  ',NULL,NULL,NULL,NULL,'3','Both','-1260506705',NULL,NULL,NULL,NULL,NULL,NULL,NULL,NULL,NULL,NULL,NULL,NULL,0,NULL,NULL,NULL,NULL,'Compumentor  ',NULL,NULL,NULL),(417,'Individual',NULL,0,0,0,0,0,NULL,NULL,'Grant, Tony','Mrs Tony E Grant Jr',NULL,NULL,NULL,NULL,'5','Both','-1795536285',NULL,NULL,'Tony','E','Grant',1,1,1,NULL,NULL,1,'1984-07-08',1,NULL,NULL,NULL,NULL,NULL,NULL,NULL,NULL),(418,'Individual',NULL,1,1,0,1,0,NULL,NULL,'Parker, Rebecca','Dr Rebecca C Parker Jr',NULL,NULL,NULL,NULL,'3','Both','-1192120891',NULL,NULL,'Rebecca','C','Parker',4,1,1,NULL,NULL,1,'1990-09-19',1,NULL,NULL,NULL,NULL,NULL,NULL,NULL,NULL),(419,'Organization',NULL,1,0,0,0,0,NULL,NULL,'Conservation Corp  ','Conservation Corp  ',NULL,NULL,NULL,NULL,'4','Both','1902067651',NULL,NULL,NULL,NULL,NULL,NULL,NULL,NULL,NULL,NULL,NULL,NULL,0,NULL,NULL,NULL,NULL,'Conservation Corp  ',NULL,NULL,NULL),(420,'Individual',NULL,0,0,0,0,0,NULL,NULL,'Adams, Pat','Mr Pat F Adams Sr',NULL,NULL,NULL,NULL,'2','Both','198871655',NULL,NULL,'Pat','F','Adams',3,2,1,NULL,NULL,2,'1991-03-22',1,NULL,NULL,NULL,NULL,NULL,NULL,NULL,NULL),(421,'Individual',NULL,0,1,0,1,0,NULL,NULL,'Smith, Dan','Dr Dan B Smith Jr',NULL,NULL,NULL,NULL,'4','Both','719171535',NULL,NULL,'Dan','B','Smith',4,1,2,NULL,NULL,1,'1972-01-02',0,NULL,NULL,NULL,NULL,NULL,NULL,NULL,NULL),(422,'Individual',NULL,0,0,0,0,0,NULL,NULL,'Grant, Alice','Mrs Alice B Grant Jr',NULL,NULL,NULL,NULL,'5','Both','874703792',NULL,NULL,'Alice','B','Grant',1,1,1,NULL,NULL,2,'2006-03-16',1,NULL,NULL,NULL,NULL,NULL,NULL,NULL,NULL),(423,'Individual',NULL,1,1,0,1,0,NULL,NULL,'Roberts, Pat','Ms Pat M Roberts Jr',NULL,NULL,NULL,NULL,'4','Both','864731478',NULL,NULL,'Pat','M','Roberts',2,1,3,NULL,NULL,1,'1971-09-09',1,NULL,NULL,NULL,NULL,NULL,NULL,NULL,NULL),(424,'Individual',NULL,0,0,0,1,0,NULL,NULL,'Smith, Walter','Ms Walter E Smith Sr',NULL,NULL,NULL,NULL,'2','Both','1853747658',NULL,NULL,'Walter','E','Smith',2,2,2,NULL,NULL,2,'1976-11-03',1,NULL,NULL,NULL,NULL,NULL,NULL,NULL,NULL),(425,'Organization',NULL,1,1,0,0,0,NULL,NULL,'Social Source Foundation  ','Social Source Foundation  ',NULL,NULL,NULL,NULL,'5','Both','2066676426',NULL,NULL,NULL,NULL,NULL,NULL,NULL,NULL,NULL,NULL,NULL,NULL,0,NULL,NULL,NULL,NULL,'Social Source Foundation  ',NULL,NULL,NULL),(426,'Organization',NULL,0,0,0,1,0,NULL,NULL,'Working Assets  ','Working Assets  ',NULL,NULL,NULL,NULL,'5','Both','-740887779',NULL,NULL,NULL,NULL,NULL,NULL,NULL,NULL,NULL,NULL,NULL,NULL,0,NULL,NULL,NULL,NULL,'Working Assets  ',NULL,NULL,NULL),(427,'Individual',NULL,0,1,0,1,0,NULL,NULL,'Parker, Richard','Mr Richard B Parker Sr',NULL,NULL,NULL,NULL,'3','Both','537829154',NULL,NULL,'Richard','B','Parker',3,2,3,NULL,NULL,1,'2003-04-28',0,NULL,NULL,NULL,NULL,NULL,NULL,NULL,NULL),(428,'Organization',NULL,0,1,0,0,0,NULL,NULL,'Conservation Corp  ','Conservation Corp  ',NULL,NULL,NULL,NULL,'1','Both','1902067651',NULL,NULL,NULL,NULL,NULL,NULL,NULL,NULL,NULL,NULL,NULL,NULL,0,NULL,NULL,NULL,NULL,'Conservation Corp  ',NULL,NULL,NULL),(429,'Organization',NULL,1,1,0,1,0,NULL,NULL,'Red Cross  ','Red Cross  ',NULL,NULL,NULL,NULL,'4','Both','769545824',NULL,NULL,NULL,NULL,NULL,NULL,NULL,NULL,NULL,NULL,NULL,NULL,0,NULL,NULL,NULL,NULL,'Red Cross  ',NULL,NULL,NULL),(430,'Individual',NULL,0,0,0,0,0,NULL,NULL,'Smith, John','Mr John P Smith Jr',NULL,NULL,NULL,NULL,'1','Both','-807248669',NULL,NULL,'John','P','Smith',3,1,2,NULL,NULL,2,'1979-08-16',1,NULL,NULL,NULL,NULL,NULL,NULL,NULL,NULL),(431,'Organization',NULL,1,1,0,1,0,NULL,NULL,'Red Cross  ','Red Cross  ',NULL,NULL,NULL,NULL,'3','Both','769545824',NULL,NULL,NULL,NULL,NULL,NULL,NULL,NULL,NULL,NULL,NULL,NULL,0,NULL,NULL,NULL,NULL,'Red Cross  ',NULL,NULL,NULL),(432,'Individual',NULL,0,1,0,1,0,NULL,NULL,'Adams, Alan','Ms Alan S Adams Sr',NULL,NULL,NULL,NULL,'1','Both','2082326558',NULL,NULL,'Alan','S','Adams',2,2,3,NULL,NULL,1,'1989-01-13',0,NULL,NULL,NULL,NULL,NULL,NULL,NULL,NULL),(433,'Individual',NULL,1,0,0,1,0,NULL,NULL,'Smith, Chetan','Dr Chetan S Smith Jr',NULL,NULL,NULL,NULL,'3','Both','-162593289',NULL,NULL,'Chetan','S','Smith',4,1,1,NULL,NULL,2,'1988-03-25',1,NULL,NULL,NULL,NULL,NULL,NULL,NULL,NULL),(434,'Individual',NULL,0,0,0,1,0,NULL,NULL,'Grant, Dan','Mr Dan S Grant Jr',NULL,NULL,NULL,NULL,'3','Both','331225384',NULL,NULL,'Dan','S','Grant',3,1,3,NULL,NULL,1,'1988-04-22',0,NULL,NULL,NULL,NULL,NULL,NULL,NULL,NULL),(435,'Individual',NULL,0,1,0,1,0,NULL,NULL,'Jones, Brzczysaw','Ms Brzczysaw E Jones Jr',NULL,NULL,NULL,NULL,'4','Both','1102443663',NULL,NULL,'Brzczysaw','E','Jones',2,1,2,NULL,NULL,2,'1978-05-02',0,NULL,NULL,NULL,NULL,NULL,NULL,NULL,NULL),(436,'Individual',NULL,0,1,0,0,0,NULL,NULL,'Roberts, Sheila','Dr Sheila A Roberts Jr',NULL,NULL,NULL,NULL,'1','Both','-1624857859',NULL,NULL,'Sheila','A','Roberts',4,1,2,NULL,NULL,2,'1985-09-28',0,NULL,NULL,NULL,NULL,NULL,NULL,NULL,NULL),(437,'Household',NULL,0,1,0,1,0,NULL,NULL,'Bruce Smith\'s home','Bruce Smith\'s home','Smith\'s home',NULL,NULL,NULL,'4','Both','1616883749',NULL,NULL,NULL,NULL,NULL,NULL,NULL,NULL,NULL,NULL,NULL,NULL,0,NULL,NULL,'Bruce Smith\'s home',263,NULL,NULL,NULL,NULL),(438,'Individual',NULL,0,0,0,0,0,NULL,NULL,'Jameson, James','Mr James U Jameson Jr',NULL,NULL,NULL,NULL,'5','Both','1376429002',NULL,NULL,'James','U','Jameson',3,1,2,NULL,NULL,2,'1995-11-30',0,NULL,NULL,NULL,NULL,NULL,NULL,NULL,NULL),(439,'Household',NULL,1,0,0,0,0,NULL,NULL,'Greg chowski\'s home','Greg chowski\'s home','chowski\'s home',NULL,NULL,NULL,'2','Both','-412106862',NULL,NULL,NULL,NULL,NULL,NULL,NULL,NULL,NULL,NULL,NULL,NULL,0,NULL,NULL,'Greg chowski\'s home',314,NULL,NULL,NULL,NULL),(440,'Individual',NULL,1,0,0,0,0,NULL,NULL,'Patel, Franklin','Ms Franklin D Patel Sr',NULL,NULL,NULL,NULL,'1','Both','-854974258',NULL,NULL,'Franklin','D','Patel',2,2,2,NULL,NULL,1,'1970-11-01',0,NULL,NULL,NULL,NULL,NULL,NULL,NULL,NULL),(441,'Individual',NULL,1,1,0,1,0,NULL,NULL,'Samuels, Anne','Mr Anne O Samuels Jr',NULL,NULL,NULL,NULL,'2','Both','-650382379',NULL,NULL,'Anne','O','Samuels',3,1,3,NULL,NULL,1,'1997-10-24',1,NULL,NULL,NULL,NULL,NULL,NULL,NULL,NULL),(442,'Household',NULL,1,0,0,0,0,NULL,NULL,'Alan Grant\'s home','Alan Grant\'s home','Grant\'s home',NULL,NULL,NULL,'2','Both','-196766216',NULL,NULL,NULL,NULL,NULL,NULL,NULL,NULL,NULL,NULL,NULL,NULL,0,NULL,NULL,'Alan Grant\'s home',52,NULL,NULL,NULL,NULL),(443,'Individual',NULL,1,0,0,0,0,NULL,NULL,'Zope, Michael','Ms Michael B Zope Jr',NULL,NULL,NULL,NULL,'4','Both','226812246',NULL,NULL,'Michael','B','Zope',2,1,3,NULL,NULL,1,'1997-08-24',0,NULL,NULL,NULL,NULL,NULL,NULL,NULL,NULL),(444,'Individual',NULL,0,0,0,1,0,NULL,NULL,'Patel, Paula','Dr Paula D Patel Sr',NULL,NULL,NULL,NULL,'4','Both','-1390848053',NULL,NULL,'Paula','D','Patel',4,2,2,NULL,NULL,1,'1985-03-29',1,NULL,NULL,NULL,NULL,NULL,NULL,NULL,NULL),(445,'Individual',NULL,1,0,0,1,0,NULL,NULL,'Jones, Henry','Dr Henry U Jones Sr',NULL,NULL,NULL,NULL,'1','Both','-2063864838',NULL,NULL,'Henry','U','Jones',4,2,3,NULL,NULL,1,'2000-07-15',0,NULL,NULL,NULL,NULL,NULL,NULL,NULL,NULL),(446,'Organization',NULL,1,0,0,0,0,NULL,NULL,'Project Open Hand  ','Project Open Hand  ',NULL,NULL,NULL,NULL,'3','Both','22493331',NULL,NULL,NULL,NULL,NULL,NULL,NULL,NULL,NULL,NULL,NULL,NULL,0,NULL,NULL,NULL,NULL,'Project Open Hand  ',NULL,NULL,NULL),(447,'Household',NULL,1,0,0,0,0,NULL,NULL,'Jennifer Patel\'s home','Jennifer Patel\'s home','Patel\'s home',NULL,NULL,NULL,'3','Both','365151609',NULL,NULL,NULL,NULL,NULL,NULL,NULL,NULL,NULL,NULL,NULL,NULL,0,NULL,NULL,'Jennifer Patel\'s home',176,NULL,NULL,NULL,NULL),(448,'Individual',NULL,1,0,0,1,0,NULL,NULL,'Zope, Peter','Ms Peter I Zope Sr',NULL,NULL,NULL,NULL,'4','Both','2012338145',NULL,NULL,'Peter','I','Zope',2,2,2,NULL,NULL,1,'1972-12-15',1,NULL,NULL,NULL,NULL,NULL,NULL,NULL,NULL),(449,'Individual',NULL,1,1,0,0,0,NULL,NULL,'Zope, Dan','Ms Dan C Zope Jr',NULL,NULL,NULL,NULL,'4','Both','-1181516531',NULL,NULL,'Dan','C','Zope',2,1,3,NULL,NULL,1,'1984-10-27',0,NULL,NULL,NULL,NULL,NULL,NULL,NULL,NULL),(450,'Individual',NULL,0,1,0,0,0,NULL,NULL,'Smith, Pat','Dr Pat Y Smith Sr',NULL,NULL,NULL,NULL,'4','Both','-862954215',NULL,NULL,'Pat','Y','Smith',4,2,1,NULL,NULL,2,'2005-11-16',1,NULL,NULL,NULL,NULL,NULL,NULL,NULL,NULL),(451,'Individual',NULL,1,1,0,1,0,NULL,NULL,'Roberts, Brzczysaw','Ms Brzczysaw J Roberts Jr',NULL,NULL,NULL,NULL,'1','Both','-603753726',NULL,NULL,'Brzczysaw','J','Roberts',2,1,1,NULL,NULL,1,'1973-09-02',0,NULL,NULL,NULL,NULL,NULL,NULL,NULL,NULL),(452,'Individual',NULL,0,1,0,1,0,NULL,NULL,'Grant, Peter','Mr Peter D Grant Jr',NULL,NULL,NULL,NULL,'3','Both','-706934678',NULL,NULL,'Peter','D','Grant',3,1,3,NULL,NULL,1,'1995-11-26',0,NULL,NULL,NULL,NULL,NULL,NULL,NULL,NULL),(453,'Individual',NULL,1,0,0,0,0,NULL,NULL,'Parker, Amar','Mrs Amar P Parker Sr',NULL,NULL,NULL,NULL,'3','Both','157759246',NULL,NULL,'Amar','P','Parker',1,2,2,NULL,NULL,1,'1971-08-27',1,NULL,NULL,NULL,NULL,NULL,NULL,NULL,NULL),(454,'Individual',NULL,0,1,0,1,0,NULL,NULL,'Adams, Michael','Mr Michael A Adams Jr',NULL,NULL,NULL,NULL,'3','Both','1417773686',NULL,NULL,'Michael','A','Adams',3,1,3,NULL,NULL,1,'1981-04-17',1,NULL,NULL,NULL,NULL,NULL,NULL,NULL,NULL),(455,'Individual',NULL,0,0,0,0,0,NULL,NULL,'Jones, Sheila','Dr Sheila X Jones Jr',NULL,NULL,NULL,NULL,'4','Both','-736279097',NULL,NULL,'Sheila','X','Jones',4,1,3,NULL,NULL,1,'1999-09-19',0,NULL,NULL,NULL,NULL,NULL,NULL,NULL,NULL),(456,'Individual',NULL,1,1,0,0,0,NULL,NULL,'Reynolds, Charles','Ms Charles L Reynolds Jr',NULL,NULL,NULL,NULL,'4','Both','600073523',NULL,NULL,'Charles','L','Reynolds',2,1,2,NULL,NULL,2,'2001-01-12',0,NULL,NULL,NULL,NULL,NULL,NULL,NULL,NULL),(457,'Individual',NULL,1,0,0,1,0,NULL,NULL,'Roberts, Dan','Mrs Dan T Roberts Jr',NULL,NULL,NULL,NULL,'2','Both','-708365440',NULL,NULL,'Dan','T','Roberts',1,1,1,NULL,NULL,2,'1978-10-05',1,NULL,NULL,NULL,NULL,NULL,NULL,NULL,NULL),(458,'Household',NULL,1,0,0,0,0,NULL,NULL,'Jennifer Smith\'s home','Jennifer Smith\'s home','Smith\'s home',NULL,NULL,NULL,'4','Both','-2048469026',NULL,NULL,NULL,NULL,NULL,NULL,NULL,NULL,NULL,NULL,NULL,NULL,0,NULL,NULL,'Jennifer Smith\'s home',364,NULL,NULL,NULL,NULL),(459,'Individual',NULL,1,0,0,0,0,NULL,NULL,'Patel, Brzczysaw','Mrs Brzczysaw P Patel Jr',NULL,NULL,NULL,NULL,'3','Both','921708849',NULL,NULL,'Brzczysaw','P','Patel',1,1,2,NULL,NULL,1,'1993-02-21',1,NULL,NULL,NULL,NULL,NULL,NULL,NULL,NULL),(460,'Individual',NULL,0,0,0,1,0,NULL,NULL,'Zope, Chris','Ms Chris Y Zope Sr',NULL,NULL,NULL,NULL,'5','Both','2112151878',NULL,NULL,'Chris','Y','Zope',2,2,3,NULL,NULL,1,'2008-06-25',1,NULL,NULL,NULL,NULL,NULL,NULL,NULL,NULL),(461,'Individual',NULL,1,1,0,1,0,NULL,NULL,'Parker, Walter','Mrs Walter R Parker Sr',NULL,NULL,NULL,NULL,'3','Both','671003651',NULL,NULL,'Walter','R','Parker',1,2,2,NULL,NULL,1,'1988-04-19',0,NULL,NULL,NULL,NULL,NULL,NULL,NULL,NULL),(462,'Individual',NULL,1,0,0,0,0,NULL,NULL,'Yadav, Dan','Ms Dan M Yadav Sr',NULL,NULL,NULL,NULL,'4','Both','1291061569',NULL,NULL,'Dan','M','Yadav',2,2,1,NULL,NULL,1,'1990-11-20',1,NULL,NULL,NULL,NULL,NULL,NULL,NULL,NULL),(463,'Household',NULL,1,1,0,1,0,NULL,NULL,'Sheila Jameson\'s home','Sheila Jameson\'s home','Jameson\'s home',NULL,NULL,NULL,'5','Both','514907081',NULL,NULL,NULL,NULL,NULL,NULL,NULL,NULL,NULL,NULL,NULL,NULL,0,NULL,NULL,'Sheila Jameson\'s home',32,NULL,NULL,NULL,NULL),(464,'Individual',NULL,0,1,0,0,0,NULL,NULL,'Patel, Purvi','Ms Purvi P Patel Jr',NULL,NULL,NULL,NULL,'3','Both','-908332177',NULL,NULL,'Purvi','P','Patel',2,1,2,NULL,NULL,1,'1977-08-22',0,NULL,NULL,NULL,NULL,NULL,NULL,NULL,NULL),(465,'Individual',NULL,1,0,0,0,0,NULL,NULL,'Reynolds, Dan','Dr Dan Z Reynolds Jr',NULL,NULL,NULL,NULL,'3','Both','1874802067',NULL,NULL,'Dan','Z','Reynolds',4,1,2,NULL,NULL,1,'1971-06-22',1,NULL,NULL,NULL,NULL,NULL,NULL,NULL,NULL),(466,'Individual',NULL,0,1,0,0,0,NULL,NULL,'Patel, Franklin','Ms Franklin P Patel Sr',NULL,NULL,NULL,NULL,'3','Both','-854974258',NULL,NULL,'Franklin','P','Patel',2,2,1,NULL,NULL,2,'1992-03-11',1,NULL,NULL,NULL,NULL,NULL,NULL,NULL,NULL),(467,'Individual',NULL,1,0,0,0,0,NULL,NULL,'Patel, Jason','Mr Jason C Patel Sr',NULL,NULL,NULL,NULL,'1','Both','945220104',NULL,NULL,'Jason','C','Patel',3,2,1,NULL,NULL,2,'1982-09-07',1,NULL,NULL,NULL,NULL,NULL,NULL,NULL,NULL),(468,'Individual',NULL,0,0,0,1,0,NULL,NULL,'Grant, Anne','Dr Anne O Grant Sr',NULL,NULL,NULL,NULL,'1','Both','-419505226',NULL,NULL,'Anne','O','Grant',4,2,3,NULL,NULL,2,'2000-05-17',0,NULL,NULL,NULL,NULL,NULL,NULL,NULL,NULL),(469,'Individual',NULL,1,0,0,1,0,NULL,NULL,'Grant, Jake','Mrs Jake V Grant Jr',NULL,NULL,NULL,NULL,'2','Both','1205137359',NULL,NULL,'Jake','V','Grant',1,1,2,NULL,NULL,2,'2004-10-10',0,NULL,NULL,NULL,NULL,NULL,NULL,NULL,NULL),(470,'Household',NULL,1,0,0,0,0,NULL,NULL,'Tony Adams\'s home','Tony Adams\'s home','Adams\'s home',NULL,NULL,NULL,'2','Both','-206332034',NULL,NULL,NULL,NULL,NULL,NULL,NULL,NULL,NULL,NULL,NULL,NULL,0,NULL,NULL,'Tony Adams\'s home',305,NULL,NULL,NULL,NULL),(471,'Organization',NULL,1,0,0,0,0,NULL,NULL,'Cisco Systems  ','Cisco Systems  ',NULL,NULL,NULL,NULL,'4','Both','795728639',NULL,NULL,NULL,NULL,NULL,NULL,NULL,NULL,NULL,NULL,NULL,NULL,0,NULL,NULL,NULL,NULL,'Cisco Systems  ',NULL,NULL,NULL),(472,'Household',NULL,0,0,0,0,0,NULL,NULL,'Franklin Jameson\'s home','Franklin Jameson\'s home','Jameson\'s home',NULL,NULL,NULL,'5','Both','-1234553646',NULL,NULL,NULL,NULL,NULL,NULL,NULL,NULL,NULL,NULL,NULL,NULL,0,NULL,NULL,'Franklin Jameson\'s home',239,NULL,NULL,NULL,NULL),(473,'Individual',NULL,0,1,0,1,0,NULL,NULL,'Parker, Jason','Mr Jason K Parker Sr',NULL,NULL,NULL,NULL,'5','Both','1114733641',NULL,NULL,'Jason','K','Parker',3,2,3,NULL,NULL,1,'1994-11-08',0,NULL,NULL,NULL,NULL,NULL,NULL,NULL,NULL),(474,'Individual',NULL,1,0,0,0,0,NULL,NULL,'Samuels, Jake','Mrs Jake A Samuels Sr',NULL,NULL,NULL,NULL,'2','Both','2014431148',NULL,NULL,'Jake','A','Samuels',1,2,1,NULL,NULL,1,'1972-12-30',0,NULL,NULL,NULL,NULL,NULL,NULL,NULL,NULL),(475,'Individual',NULL,0,0,0,0,0,NULL,NULL,'Smith, James','Dr James F Smith Jr',NULL,NULL,NULL,NULL,'1','Both','656601734',NULL,NULL,'James','F','Smith',4,1,1,NULL,NULL,1,'2004-07-17',0,NULL,NULL,NULL,NULL,NULL,NULL,NULL,NULL),(476,'Household',NULL,0,1,0,0,0,NULL,NULL,'Dan Jones\'s home','Dan Jones\'s home','Jones\'s home',NULL,NULL,NULL,'4','Both','-309648898',NULL,NULL,NULL,NULL,NULL,NULL,NULL,NULL,NULL,NULL,NULL,NULL,0,NULL,NULL,'Dan Jones\'s home',33,NULL,NULL,NULL,NULL),(477,'Individual',NULL,1,1,0,1,0,NULL,NULL,'Yadav, Amar','Ms Amar B Yadav Jr',NULL,NULL,NULL,NULL,'1','Both','-725455093',NULL,NULL,'Amar','B','Yadav',2,1,2,NULL,NULL,1,'2000-10-16',1,NULL,NULL,NULL,NULL,NULL,NULL,NULL,NULL),(478,'Individual',NULL,0,1,0,0,0,NULL,NULL,'Jones, Jake','Ms Jake F Jones Sr',NULL,NULL,NULL,NULL,'4','Both','426001817',NULL,NULL,'Jake','F','Jones',2,2,1,NULL,NULL,2,'1994-04-26',0,NULL,NULL,NULL,NULL,NULL,NULL,NULL,NULL),(479,'Individual',NULL,1,1,0,1,0,NULL,NULL,'Patel, Bill','Mrs Bill P Patel Sr',NULL,NULL,NULL,NULL,'4','Both','515283609',NULL,NULL,'Bill','P','Patel',1,2,1,NULL,NULL,2,'2008-02-10',0,NULL,NULL,NULL,NULL,NULL,NULL,NULL,NULL),(480,'Individual',NULL,1,0,0,0,0,NULL,NULL,'Grant, Bill','Mr Bill N Grant Jr',NULL,NULL,NULL,NULL,'3','Both','-1158760197',NULL,NULL,'Bill','N','Grant',3,1,1,NULL,NULL,2,'1986-03-10',1,NULL,NULL,NULL,NULL,NULL,NULL,NULL,NULL),(481,'Individual',NULL,1,1,0,0,0,NULL,NULL,'Reynolds, Peter','Ms Peter I Reynolds Jr',NULL,NULL,NULL,NULL,'4','Both','-533434373',NULL,NULL,'Peter','I','Reynolds',2,1,3,NULL,NULL,1,'1993-11-06',1,NULL,NULL,NULL,NULL,NULL,NULL,NULL,NULL),(482,'Household',NULL,0,0,0,1,0,NULL,NULL,'Jane Parker\'s home','Jane Parker\'s home','Parker\'s home',NULL,NULL,NULL,'3','Both','1157942115',NULL,NULL,NULL,NULL,NULL,NULL,NULL,NULL,NULL,NULL,NULL,NULL,0,NULL,NULL,'Jane Parker\'s home',147,NULL,NULL,NULL,NULL),(483,'Individual',NULL,1,0,0,0,0,NULL,NULL,'Jones, James','Ms James D Jones Jr',NULL,NULL,NULL,NULL,'4','Both','-1773536228',NULL,NULL,'James','D','Jones',2,1,1,NULL,NULL,2,'1973-03-13',1,NULL,NULL,NULL,NULL,NULL,NULL,NULL,NULL),(484,'Individual',NULL,1,1,0,1,0,NULL,NULL,'Smith, Sam','Mrs Sam K Smith Jr',NULL,NULL,NULL,NULL,'4','Both','-1430434944',NULL,NULL,'Sam','K','Smith',1,1,1,NULL,NULL,2,'1998-08-13',0,NULL,NULL,NULL,NULL,NULL,NULL,NULL,NULL),(485,'Individual',NULL,1,0,0,0,0,NULL,NULL,'Reynolds, Kenneth','Ms Kenneth F Reynolds Sr',NULL,NULL,NULL,NULL,'5','Both','-498625009',NULL,NULL,'Kenneth','F','Reynolds',2,2,1,NULL,NULL,1,'1984-09-11',1,NULL,NULL,NULL,NULL,NULL,NULL,NULL,NULL),(486,'Organization',NULL,0,0,0,1,0,NULL,NULL,'Social Source Foundation  ','Social Source Foundation  ',NULL,NULL,NULL,NULL,'2','Both','2066676426',NULL,NULL,NULL,NULL,NULL,NULL,NULL,NULL,NULL,NULL,NULL,NULL,0,NULL,NULL,NULL,NULL,'Social Source Foundation  ',NULL,NULL,NULL),(487,'Individual',NULL,1,1,0,1,0,NULL,NULL,'Zope, Jake','Mr Jake M Zope Sr',NULL,NULL,NULL,NULL,'1','Both','209327852',NULL,NULL,'Jake','M','Zope',3,2,3,NULL,NULL,2,'1995-08-05',0,NULL,NULL,NULL,NULL,NULL,NULL,NULL,NULL),(488,'Individual',NULL,1,1,0,1,0,NULL,NULL,'Parker, Milan','Mrs Milan Q Parker Jr',NULL,NULL,NULL,NULL,'5','Both','-1138998923',NULL,NULL,'Milan','Q','Parker',1,1,1,NULL,NULL,1,'1976-04-20',0,NULL,NULL,NULL,NULL,NULL,NULL,NULL,NULL),(489,'Individual',NULL,0,0,0,1,0,NULL,NULL,'Parker, Donald','Dr Donald C Parker Jr',NULL,NULL,NULL,NULL,'1','Both','-2004951713',NULL,NULL,'Donald','C','Parker',4,1,2,NULL,NULL,2,'2008-12-25',1,NULL,NULL,NULL,NULL,NULL,NULL,NULL,NULL),(490,'Individual',NULL,1,0,0,0,0,NULL,NULL,'Samuels, Kenneth','Mrs Kenneth U Samuels Sr',NULL,NULL,NULL,NULL,'3','Both','-1526136427',NULL,NULL,'Kenneth','U','Samuels',1,2,1,NULL,NULL,1,'1974-03-04',0,NULL,NULL,NULL,NULL,NULL,NULL,NULL,NULL),(491,'Individual',NULL,0,1,0,0,0,NULL,NULL,'Roberts, Michelle','Mr Michelle I Roberts Sr',NULL,NULL,NULL,NULL,'5','Both','2100059976',NULL,NULL,'Michelle','I','Roberts',3,2,3,NULL,NULL,1,'1997-01-31',1,NULL,NULL,NULL,NULL,NULL,NULL,NULL,NULL),(492,'Household',NULL,1,0,0,0,0,NULL,NULL,'Justin Zope\'s home','Justin Zope\'s home','Zope\'s home',NULL,NULL,NULL,'5','Both','797093604',NULL,NULL,NULL,NULL,NULL,NULL,NULL,NULL,NULL,NULL,NULL,NULL,0,NULL,NULL,'Justin Zope\'s home',344,NULL,NULL,NULL,NULL),(493,'Individual',NULL,0,1,0,0,0,NULL,NULL,'Grant, Fraddie','Mr Fraddie P Grant Jr',NULL,NULL,NULL,NULL,'5','Both','1262334598',NULL,NULL,'Fraddie','P','Grant',3,1,3,NULL,NULL,1,'2001-05-26',1,NULL,NULL,NULL,NULL,NULL,NULL,NULL,NULL),(494,'Individual',NULL,0,1,0,0,0,NULL,NULL,'chowski, Sam','Ms Sam A chowski Sr',NULL,NULL,NULL,NULL,'2','Both','1967322457',NULL,NULL,'Sam','A','chowski',2,2,3,NULL,NULL,2,'1982-11-06',1,NULL,NULL,NULL,NULL,NULL,NULL,NULL,NULL),(495,'Organization',NULL,1,1,0,1,0,NULL,NULL,'Compasspoint  ','Compasspoint  ',NULL,NULL,NULL,NULL,'3','Both','-1531408',NULL,NULL,NULL,NULL,NULL,NULL,NULL,NULL,NULL,NULL,NULL,NULL,0,NULL,NULL,NULL,NULL,'Compasspoint  ',NULL,NULL,NULL),(496,'Individual',NULL,1,1,0,0,0,NULL,NULL,'Zope, Monica','Mrs Monica T Zope Sr',NULL,NULL,NULL,NULL,'3','Both','-1353516783',NULL,NULL,'Monica','T','Zope',1,2,3,NULL,NULL,1,'1998-05-26',0,NULL,NULL,NULL,NULL,NULL,NULL,NULL,NULL),(497,'Household',NULL,1,1,0,1,0,NULL,NULL,'Walter Jones\'s home','Walter Jones\'s home','Jones\'s home',NULL,NULL,NULL,'3','Both','369832834',NULL,NULL,NULL,NULL,NULL,NULL,NULL,NULL,NULL,NULL,NULL,NULL,0,NULL,NULL,'Walter Jones\'s home',362,NULL,NULL,NULL,NULL),(498,'Household',NULL,1,1,0,1,0,NULL,NULL,'Sam Jameson\'s home','Sam Jameson\'s home','Jameson\'s home',NULL,NULL,NULL,'3','Both','-812553051',NULL,NULL,NULL,NULL,NULL,NULL,NULL,NULL,NULL,NULL,NULL,NULL,0,NULL,NULL,'Sam Jameson\'s home',321,NULL,NULL,NULL,NULL),(499,'Individual',NULL,1,1,0,0,0,NULL,NULL,'Samuels, Bernard','Mrs Bernard W Samuels Sr',NULL,NULL,NULL,NULL,'5','Both','-849052236',NULL,NULL,'Bernard','W','Samuels',1,2,3,NULL,NULL,2,'2002-04-01',1,NULL,NULL,NULL,NULL,NULL,NULL,NULL,NULL),(500,'Household',NULL,1,1,0,1,0,NULL,NULL,'Michelle Yadav\'s home','Michelle Yadav\'s home','Yadav\'s home',NULL,NULL,NULL,'5','Both','-2005678504',NULL,NULL,NULL,NULL,NULL,NULL,NULL,NULL,NULL,NULL,NULL,NULL,0,NULL,NULL,'Michelle Yadav\'s home',408,NULL,NULL,NULL,NULL),(501,'Individual',NULL,0,1,0,1,0,NULL,NULL,'Grant, Jennifer','Ms Jennifer G Grant Sr',NULL,NULL,NULL,NULL,'4','Both','-543201631',NULL,NULL,'Jennifer','G','Grant',2,2,2,NULL,NULL,1,'1981-06-17',0,NULL,NULL,NULL,NULL,NULL,NULL,NULL,NULL);
/*!40000 ALTER TABLE `civicrm_contact` ENABLE KEYS */;
UNLOCK TABLES;

--
-- Dumping data for table `civicrm_contribution`
--

LOCK TABLES `civicrm_contribution` WRITE;
/*!40000 ALTER TABLE `civicrm_contribution` DISABLE KEYS */;
INSERT INTO `civicrm_contribution` (`id`, `contact_id`, `contribution_type_id`, `contribution_page_id`, `payment_instrument_id`, `receive_date`, `non_deductible_amount`, `total_amount`, `fee_amount`, `net_amount`, `trxn_id`, `invoice_id`, `currency`, `cancel_date`, `cancel_reason`, `receipt_date`, `thankyou_date`, `source`, `amount_level`, `contribution_recur_id`, `honor_contact_id`, `is_test`, `is_pay_later`, `contribution_status_id`, `honor_type_id`, `address_id`, `check_number`) VALUES (1,446,4,2,1,'2009-05-27 12:27:20','0.00','70.00',NULL,NULL,'#22811619a35e0e33bf0e885c032a0f63',NULL,'',NULL,NULL,NULL,NULL,NULL,NULL,NULL,NULL,0,0,5,NULL,NULL,NULL),(2,188,3,1,5,'2009-01-27 03:37:36','0.00','54.00',NULL,NULL,'#e74403bc63e7ac6b3cc52b1ee21189df',NULL,'',NULL,NULL,NULL,NULL,NULL,NULL,NULL,NULL,0,0,1,NULL,NULL,NULL),(3,385,4,3,4,'2008-10-21 04:45:55','0.00','50.00',NULL,NULL,'#ca2a9249a754cacdfb7dd15d60954e45',NULL,'',NULL,NULL,NULL,NULL,NULL,NULL,NULL,NULL,0,0,3,NULL,NULL,NULL),(4,167,4,3,3,'2007-07-12 11:17:06','0.00','13.00',NULL,NULL,'#cb9dde160af28101ec187341222f7e4f',NULL,'',NULL,NULL,NULL,NULL,NULL,NULL,NULL,NULL,0,0,1,NULL,NULL,NULL),(5,464,4,2,4,'2009-05-23 09:14:34','0.00','72.00',NULL,NULL,'#1704abfe336ef43723a87a1bb5a93983',NULL,'',NULL,NULL,NULL,NULL,NULL,NULL,NULL,NULL,0,0,2,NULL,NULL,NULL),(6,22,3,2,4,'2008-12-04 04:19:25','0.00','61.00',NULL,NULL,'#e98798e9a662c6a1a84474a7f02f9aed',NULL,'',NULL,NULL,NULL,NULL,NULL,NULL,NULL,NULL,0,0,2,NULL,NULL,NULL),(7,342,1,3,5,'2009-03-02 09:45:06','0.00','61.00',NULL,NULL,'#626377517ea92f63bc9d27330e0d3200',NULL,'',NULL,NULL,NULL,NULL,NULL,NULL,NULL,NULL,0,0,6,NULL,NULL,NULL),(8,401,2,3,4,'2007-10-02 03:40:30','0.00','46.00',NULL,NULL,'#5d71e5153ed8ed91e8e31dc5f8368a52',NULL,'',NULL,NULL,NULL,NULL,NULL,NULL,NULL,NULL,0,0,4,NULL,NULL,NULL),(9,153,3,3,3,'2007-11-17 12:58:30','0.00','38.00',NULL,NULL,'#c285216fc7ea22d1552715cc857f3d4f',NULL,'',NULL,NULL,NULL,NULL,NULL,NULL,NULL,NULL,0,0,6,NULL,NULL,NULL),(10,462,3,3,3,'2007-11-15 09:53:24','0.00','17.00',NULL,NULL,'#994d179ec6b1d85d6bfcb3f49fb12212',NULL,'',NULL,NULL,NULL,NULL,NULL,NULL,NULL,NULL,0,0,4,NULL,NULL,NULL),(11,226,4,2,5,'2008-10-29 07:20:01','0.00','71.00',NULL,NULL,'#c69881b6745503dc254261a8624003ad',NULL,'',NULL,NULL,NULL,NULL,NULL,NULL,NULL,NULL,0,0,4,NULL,NULL,NULL),(12,35,2,1,3,'2007-11-29 11:04:28','0.00','83.00',NULL,NULL,'#db1a1621d90828c1040ff6f337a2dd22',NULL,'',NULL,NULL,NULL,NULL,NULL,NULL,NULL,NULL,0,0,5,NULL,NULL,NULL),(13,143,2,1,5,'2008-04-29 01:37:55','0.00','79.00',NULL,NULL,'#94bfc57ce908d6f100b56d39351dcb13',NULL,'',NULL,NULL,NULL,NULL,NULL,NULL,NULL,NULL,0,0,2,NULL,NULL,NULL),(14,137,4,2,4,'2008-04-18 03:33:44','0.00','25.00',NULL,NULL,'#b84289e99c26e5e57b3801d6a7c15823',NULL,'',NULL,NULL,NULL,NULL,NULL,NULL,NULL,NULL,0,0,4,NULL,NULL,NULL),(15,234,3,3,5,'2007-12-10 04:01:13','0.00','96.00',NULL,NULL,'#7437d51d01b93185c7ab7461d29a8bfc',NULL,'',NULL,NULL,NULL,NULL,NULL,NULL,NULL,NULL,0,0,5,NULL,NULL,NULL),(16,213,4,3,5,'2008-07-04 01:11:19','0.00','38.00',NULL,NULL,'#7949f38a8c7b4a7e03ee10dabc17c1d0',NULL,'',NULL,NULL,NULL,NULL,NULL,NULL,NULL,NULL,0,0,1,NULL,NULL,NULL),(17,395,4,3,2,'2007-07-04 05:36:13','0.00','45.00',NULL,NULL,'#7b95e77d495d7736b570266aa300c61b',NULL,'',NULL,NULL,NULL,NULL,NULL,NULL,NULL,NULL,0,0,2,NULL,NULL,NULL),(18,17,4,3,2,'2007-09-14 07:11:52','0.00','82.00',NULL,NULL,'#a4dd3aa5d866a66c01ce17b0b0461acb',NULL,'',NULL,NULL,NULL,NULL,NULL,NULL,NULL,NULL,0,0,6,NULL,NULL,NULL),(19,265,3,3,2,'2009-01-11 03:06:24','0.00','31.00',NULL,NULL,'#8e24c8974c58e78092826a9fb9c3591c',NULL,'',NULL,NULL,NULL,NULL,NULL,NULL,NULL,NULL,0,0,5,NULL,NULL,NULL),(20,110,4,1,4,'2007-07-14 07:35:22','0.00','94.00',NULL,NULL,'#d9744c409287c49b42afbaa935bfa100',NULL,'',NULL,NULL,NULL,NULL,NULL,NULL,NULL,NULL,0,0,5,NULL,NULL,NULL),(21,224,4,2,2,'2007-12-07 04:31:58','0.00','12.00',NULL,NULL,'#002c913c5e0c673cdb1308c0ffe3d5a3',NULL,'',NULL,NULL,NULL,NULL,NULL,NULL,NULL,NULL,0,0,3,NULL,NULL,NULL),(22,82,3,2,2,'2008-07-21 10:14:54','0.00','11.00',NULL,NULL,'#6398d02076b65eaf5084f7268de8ff40',NULL,'',NULL,NULL,NULL,NULL,NULL,NULL,NULL,NULL,0,0,2,NULL,NULL,NULL),(23,333,2,1,4,'2008-06-20 09:56:38','0.00','25.00',NULL,NULL,'#8b9fbec02aabff0702647030e2a6ba9c',NULL,'',NULL,NULL,NULL,NULL,NULL,NULL,NULL,NULL,0,0,5,NULL,NULL,NULL),(24,420,4,1,2,'2008-03-02 01:19:06','0.00','41.00',NULL,NULL,'#0dc6a7416082a9cfcdd18d1fb66f3a94',NULL,'',NULL,NULL,NULL,NULL,NULL,NULL,NULL,NULL,0,0,5,NULL,NULL,NULL),(25,397,3,1,4,'2008-06-15 12:46:05','0.00','74.00',NULL,NULL,'#18ed1430d0997911dac31027e2492b38',NULL,'',NULL,NULL,NULL,NULL,NULL,NULL,NULL,NULL,0,0,6,NULL,NULL,NULL),(26,48,2,2,4,'2009-02-28 12:44:07','0.00','33.00',NULL,NULL,'#6c8c93a4c135bdff708e50cec6a35055',NULL,'',NULL,NULL,NULL,NULL,NULL,NULL,NULL,NULL,0,0,4,NULL,NULL,NULL),(27,95,1,2,5,'2008-02-10 11:21:22','0.00','58.00',NULL,NULL,'#c5c0787dd78b92bd81d8568dcb854942',NULL,'',NULL,NULL,NULL,NULL,NULL,NULL,NULL,NULL,0,0,5,NULL,NULL,NULL),(28,124,4,2,3,'2007-07-01 02:38:49','0.00','56.00',NULL,NULL,'#aec62bbc3600a2d128eff2ce40f519ce',NULL,'',NULL,NULL,NULL,NULL,NULL,NULL,NULL,NULL,0,0,1,NULL,NULL,NULL),(29,265,2,1,5,'2008-07-24 05:13:37','0.00','37.00',NULL,NULL,'#fa08ade273e2da75d83ac2399e361718',NULL,'',NULL,NULL,NULL,NULL,NULL,NULL,NULL,NULL,0,0,1,NULL,NULL,NULL),(30,32,1,2,5,'2008-06-09 10:13:46','0.00','71.00',NULL,NULL,'#1bb5800c278813f206e7a9777f40e32e',NULL,'',NULL,NULL,NULL,NULL,NULL,NULL,NULL,NULL,0,0,5,NULL,NULL,NULL),(31,14,1,1,4,'2009-04-12 11:29:13','0.00','36.00',NULL,NULL,'#2cb6cc3768e2d6f314f21a852f224e20',NULL,'',NULL,NULL,NULL,NULL,NULL,NULL,NULL,NULL,0,0,3,NULL,NULL,NULL),(32,474,3,3,1,'2009-06-05 05:30:42','0.00','96.00',NULL,NULL,'#9775d4fa182bbd5d4adfbe4a9e035436',NULL,'',NULL,NULL,NULL,NULL,NULL,NULL,NULL,NULL,0,0,6,NULL,NULL,NULL),(33,136,1,2,2,'2008-10-24 05:37:28','0.00','53.00',NULL,NULL,'#d5be0a654440cbb708a3b149ff17a855',NULL,'',NULL,NULL,NULL,NULL,NULL,NULL,NULL,NULL,0,0,3,NULL,NULL,NULL),(34,62,3,2,1,'2007-10-25 02:51:38','0.00','48.00',NULL,NULL,'#00549e9910150ce9a69900ee81b14e0f',NULL,'',NULL,NULL,NULL,NULL,NULL,NULL,NULL,NULL,0,0,6,NULL,NULL,NULL),(35,73,2,3,3,'2008-09-24 03:47:18','0.00','48.00',NULL,NULL,'#a18cec0631325753c2f501b67d70be91',NULL,'',NULL,NULL,NULL,NULL,NULL,NULL,NULL,NULL,0,0,3,NULL,NULL,NULL),(36,337,3,2,3,'2009-02-21 02:53:55','0.00','92.00',NULL,NULL,'#4ba6d07683cdd1f351a8c540967516b8',NULL,'',NULL,NULL,NULL,NULL,NULL,NULL,NULL,NULL,0,0,6,NULL,NULL,NULL),(37,454,1,1,4,'2008-06-05 05:49:32','0.00','23.00',NULL,NULL,'#887fafd13c66d6b304223900a8e838b9',NULL,'',NULL,NULL,NULL,NULL,NULL,NULL,NULL,NULL,0,0,6,NULL,NULL,NULL),(38,206,2,2,4,'2007-12-05 04:57:11','0.00','16.00',NULL,NULL,'#35b6b9d2a87eb61f7439f4f28f7286fd',NULL,'',NULL,NULL,NULL,NULL,NULL,NULL,NULL,NULL,0,0,3,NULL,NULL,NULL),(39,287,3,3,1,'2007-07-30 10:31:44','0.00','64.00',NULL,NULL,'#6836cfb4342902b5e522394d6b8d34cc',NULL,'',NULL,NULL,NULL,NULL,NULL,NULL,NULL,NULL,0,0,4,NULL,NULL,NULL),(40,450,2,1,4,'2008-04-16 05:15:50','0.00','70.00',NULL,NULL,'#efc1501638d5f1911d396193012c37cb',NULL,'',NULL,NULL,NULL,NULL,NULL,NULL,NULL,NULL,0,0,2,NULL,NULL,NULL),(41,176,3,1,1,'2007-09-12 01:10:13','0.00','95.00',NULL,NULL,'#151781d660cb7f742509d98c467ec72b',NULL,'',NULL,NULL,NULL,NULL,NULL,NULL,NULL,NULL,0,0,3,NULL,NULL,NULL),(42,135,3,2,5,'2009-01-12 07:08:52','0.00','87.00',NULL,NULL,'#fa60ce610fcb4f6d176cc75f19c649c1',NULL,'',NULL,NULL,NULL,NULL,NULL,NULL,NULL,NULL,0,0,1,NULL,NULL,NULL),(43,19,3,1,4,'2007-07-28 06:38:18','0.00','62.00',NULL,NULL,'#6fd18828fde893f64c06ae2f3ccef5be',NULL,'',NULL,NULL,NULL,NULL,NULL,NULL,NULL,NULL,0,0,2,NULL,NULL,NULL),(44,328,2,3,1,'2008-02-25 11:58:56','0.00','79.00',NULL,NULL,'#9a96c1a3dfd53e7e1f5aaa840df71e7d',NULL,'',NULL,NULL,NULL,NULL,NULL,NULL,NULL,NULL,0,0,1,NULL,NULL,NULL),(45,17,2,3,4,'2007-12-04 01:02:38','0.00','62.00',NULL,NULL,'#4bcfb0071546299f9fe3e0a369115114',NULL,'',NULL,NULL,NULL,NULL,NULL,NULL,NULL,NULL,0,0,6,NULL,NULL,NULL),(46,208,1,1,3,'2008-02-04 05:27:09','0.00','75.00',NULL,NULL,'#dab1a3c198f88390ed5bf4171971d3de',NULL,'',NULL,NULL,NULL,NULL,NULL,NULL,NULL,NULL,0,0,5,NULL,NULL,NULL),(47,428,2,1,2,'2008-07-03 07:22:18','0.00','14.00',NULL,NULL,'#e79a86bda88589ff9b434ff244968cff',NULL,'',NULL,NULL,NULL,NULL,NULL,NULL,NULL,NULL,0,0,5,NULL,NULL,NULL),(48,356,4,2,5,'2008-12-10 11:28:10','0.00','29.00',NULL,NULL,'#69f98dff3485f732e1ba5296cdba3c4a',NULL,'',NULL,NULL,NULL,NULL,NULL,NULL,NULL,NULL,0,0,2,NULL,NULL,NULL),(49,423,4,2,5,'2007-10-20 12:27:35','0.00','24.00',NULL,NULL,'#114478f3b3f2453fd9f91d9dea7514ae',NULL,'',NULL,NULL,NULL,NULL,NULL,NULL,NULL,NULL,0,0,6,NULL,NULL,NULL),(50,274,1,1,5,'2009-01-10 03:30:23','0.00','15.00',NULL,NULL,'#9f5dc359b541a6ab07162fe9ffe4fac9',NULL,'',NULL,NULL,NULL,NULL,NULL,NULL,NULL,NULL,0,0,4,NULL,NULL,NULL),(51,320,1,1,1,'2008-06-28 03:23:18','0.00','50.00',NULL,NULL,'#9b4f720efd808c6eaceb32a47ba0e925',NULL,'',NULL,NULL,NULL,NULL,NULL,NULL,NULL,NULL,0,0,6,NULL,NULL,NULL),(52,410,3,1,4,'2008-09-11 08:20:20','0.00','61.00',NULL,NULL,'#ce815142b11fd41d6df99b93cbe05fee',NULL,'',NULL,NULL,NULL,NULL,NULL,NULL,NULL,NULL,0,0,1,NULL,NULL,NULL),(53,206,2,1,1,'2008-08-27 12:04:32','0.00','57.00',NULL,NULL,'#5f3b927508fe25a4c3ac5edcc2453e53',NULL,'',NULL,NULL,NULL,NULL,NULL,NULL,NULL,NULL,0,0,2,NULL,NULL,NULL),(54,42,3,1,2,'2008-12-02 05:56:16','0.00','75.00',NULL,NULL,'#36fd9765c58af499e4ba103eb1423c2d',NULL,'',NULL,NULL,NULL,NULL,NULL,NULL,NULL,NULL,0,0,3,NULL,NULL,NULL),(55,425,3,2,2,'2008-04-22 06:12:42','0.00','59.00',NULL,NULL,'#2e172d5e79959c08bfcb8be7e420df7c',NULL,'',NULL,NULL,NULL,NULL,NULL,NULL,NULL,NULL,0,0,5,NULL,NULL,NULL),(56,265,1,2,2,'2008-08-29 01:38:23','0.00','79.00',NULL,NULL,'#84e9abd476a8b11dab9dec3f97c5ba4f',NULL,'',NULL,NULL,NULL,NULL,NULL,NULL,NULL,NULL,0,0,2,NULL,NULL,NULL),(57,85,3,2,5,'2008-04-10 03:01:11','0.00','82.00',NULL,NULL,'#40914b903d86b1bc8e87c88b5379616f',NULL,'',NULL,NULL,NULL,NULL,NULL,NULL,NULL,NULL,0,0,1,NULL,NULL,NULL),(58,297,1,1,2,'2008-12-24 04:56:56','0.00','28.00',NULL,NULL,'#6dc6902ccb671b99e41adcc4876477ac',NULL,'',NULL,NULL,NULL,NULL,NULL,NULL,NULL,NULL,0,0,3,NULL,NULL,NULL),(59,80,1,1,4,'2008-11-02 12:37:45','0.00','29.00',NULL,NULL,'#a7f8e620b4dd70c9855696f065baf20b',NULL,'',NULL,NULL,NULL,NULL,NULL,NULL,NULL,NULL,0,0,4,NULL,NULL,NULL),(60,481,3,1,1,'2007-07-04 06:21:36','0.00','28.00',NULL,NULL,'#a7a93fdf628878c6f9a5962b1a51fd21',NULL,'',NULL,NULL,NULL,NULL,NULL,NULL,NULL,NULL,0,0,2,NULL,NULL,NULL),(61,174,3,2,5,'2008-10-11 05:49:28','0.00','38.00',NULL,NULL,'#b2ed6479bceef558dc8f802cccfe7fbb',NULL,'',NULL,NULL,NULL,NULL,NULL,NULL,NULL,NULL,0,0,1,NULL,NULL,NULL),(62,264,2,2,4,'2009-04-18 04:48:25','0.00','86.00',NULL,NULL,'#5bfeb4058ab7856ca170c50626ebd416',NULL,'',NULL,NULL,NULL,NULL,NULL,NULL,NULL,NULL,0,0,3,NULL,NULL,NULL),(63,83,1,3,3,'2009-03-12 10:26:52','0.00','39.00',NULL,NULL,'#fc242067e7f3f45d06102d1ad1a7f0c4',NULL,'',NULL,NULL,NULL,NULL,NULL,NULL,NULL,NULL,0,0,4,NULL,NULL,NULL),(64,142,2,2,2,'2008-11-04 09:43:56','0.00','36.00',NULL,NULL,'#e2074e0b97b37b34d92809ae6544f9fa',NULL,'',NULL,NULL,NULL,NULL,NULL,NULL,NULL,NULL,0,0,1,NULL,NULL,NULL),(65,120,2,2,4,'2007-08-14 04:48:05','0.00','42.00',NULL,NULL,'#13d6c1265c09858f2a883ac50fc1291e',NULL,'',NULL,NULL,NULL,NULL,NULL,NULL,NULL,NULL,0,0,4,NULL,NULL,NULL),(66,374,1,3,1,'2007-11-16 10:24:56','0.00','84.00',NULL,NULL,'#42213f49aa0b8c2ddd3589cfff6f57a0',NULL,'',NULL,NULL,NULL,NULL,NULL,NULL,NULL,NULL,0,0,1,NULL,NULL,NULL),(67,218,3,2,4,'2007-07-07 03:50:18','0.00','34.00',NULL,NULL,'#ec749d25781eee47136401d7e3de8647',NULL,'',NULL,NULL,NULL,NULL,NULL,NULL,NULL,NULL,0,0,2,NULL,NULL,NULL),(68,446,3,3,3,'2008-04-25 11:29:02','0.00','89.00',NULL,NULL,'#e91771be9a1569711592159cd1cbb658',NULL,'',NULL,NULL,NULL,NULL,NULL,NULL,NULL,NULL,0,0,5,NULL,NULL,NULL),(69,429,2,3,3,'2008-01-04 03:17:23','0.00','55.00',NULL,NULL,'#52030befeacdc6263c74c9bdf85f1ce7',NULL,'',NULL,NULL,NULL,NULL,NULL,NULL,NULL,NULL,0,0,5,NULL,NULL,NULL),(70,8,4,3,3,'2008-10-06 06:56:09','0.00','17.00',NULL,NULL,'#fc8589a8e47959b4ee2d824bbf0bd2f5',NULL,'',NULL,NULL,NULL,NULL,NULL,NULL,NULL,NULL,0,0,3,NULL,NULL,NULL),(71,181,1,2,3,'2008-07-07 10:41:25','0.00','40.00',NULL,NULL,'#35c9376a85beb270aa12005682bed495',NULL,'',NULL,NULL,NULL,NULL,NULL,NULL,NULL,NULL,0,0,4,NULL,NULL,NULL),(72,455,3,1,5,'2008-10-16 05:53:14','0.00','29.00',NULL,NULL,'#5083aa1d4e7fb8386a2b2c91091d90d1',NULL,'',NULL,NULL,NULL,NULL,NULL,NULL,NULL,NULL,0,0,2,NULL,NULL,NULL),(73,490,3,2,3,'2009-05-13 06:40:18','0.00','46.00',NULL,NULL,'#0c22a89cf4f45a092fbbbae162d4a18b',NULL,'',NULL,NULL,NULL,NULL,NULL,NULL,NULL,NULL,0,0,5,NULL,NULL,NULL),(74,175,2,2,4,'2008-07-23 12:46:11','0.00','87.00',NULL,NULL,'#72a902a7aed3ebc6be5bc51ce3f62c56',NULL,'',NULL,NULL,NULL,NULL,NULL,NULL,NULL,NULL,0,0,3,NULL,NULL,NULL),(75,205,3,2,4,'2008-11-23 06:38:24','0.00','84.00',NULL,NULL,'#1ba27590f712dba2ba9bd04f88ad115f',NULL,'',NULL,NULL,NULL,NULL,NULL,NULL,NULL,NULL,0,0,4,NULL,NULL,NULL),(76,426,4,1,3,'2008-12-03 11:37:12','0.00','50.00',NULL,NULL,'#01f340630e415ea9c970dd637da8aaaa',NULL,'',NULL,NULL,NULL,NULL,NULL,NULL,NULL,NULL,0,0,1,NULL,NULL,NULL),(77,346,1,1,1,'2009-02-23 11:14:00','0.00','75.00',NULL,NULL,'#3151c8aa50bfb5d2ded1755b970343b0',NULL,'',NULL,NULL,NULL,NULL,NULL,NULL,NULL,NULL,0,0,3,NULL,NULL,NULL),(78,50,4,3,1,'2007-12-15 01:36:37','0.00','54.00',NULL,NULL,'#99b338bc75c24710b85561a1893573d3',NULL,'',NULL,NULL,NULL,NULL,NULL,NULL,NULL,NULL,0,0,4,NULL,NULL,NULL),(79,210,2,3,2,'2007-09-18 11:16:09','0.00','29.00',NULL,NULL,'#2c47a8756245d96ee225b06c99e3610d',NULL,'',NULL,NULL,NULL,NULL,NULL,NULL,NULL,NULL,0,0,2,NULL,NULL,NULL),(80,352,1,3,1,'2008-10-22 10:54:19','0.00','69.00',NULL,NULL,'#1c48cac3502fe8d6cf70c9dd2540ed1b',NULL,'',NULL,NULL,NULL,NULL,NULL,NULL,NULL,NULL,0,0,1,NULL,NULL,NULL),(81,169,2,1,4,'2007-11-15 05:56:10','0.00','57.00',NULL,NULL,'#5658445bd7d815381d34a40df949e3e6',NULL,'',NULL,NULL,NULL,NULL,NULL,NULL,NULL,NULL,0,0,6,NULL,NULL,NULL),(82,256,1,1,2,'2009-01-24 04:21:47','0.00','22.00',NULL,NULL,'#2f26e5d57848cf241885345c8923b266',NULL,'',NULL,NULL,NULL,NULL,NULL,NULL,NULL,NULL,0,0,3,NULL,NULL,NULL),(83,417,3,3,1,'2008-02-12 07:58:25','0.00','20.00',NULL,NULL,'#63ac0a59ba0f2dadceca3d93ee659f0a',NULL,'',NULL,NULL,NULL,NULL,NULL,NULL,NULL,NULL,0,0,4,NULL,NULL,NULL),(84,60,1,2,2,'2007-11-26 01:56:03','0.00','48.00',NULL,NULL,'#7499237536234fb987c11adce211fa61',NULL,'',NULL,NULL,NULL,NULL,NULL,NULL,NULL,NULL,0,0,5,NULL,NULL,NULL),(85,61,4,2,5,'2009-05-28 11:14:10','0.00','73.00',NULL,NULL,'#ee2a6d9da261d8800e07e4e4968dd3c3',NULL,'',NULL,NULL,NULL,NULL,NULL,NULL,NULL,NULL,0,0,3,NULL,NULL,NULL),(86,374,2,3,2,'2008-11-27 10:23:27','0.00','47.00',NULL,NULL,'#45974b6bce3a670834f9e45cacb31312',NULL,'',NULL,NULL,NULL,NULL,NULL,NULL,NULL,NULL,0,0,2,NULL,NULL,NULL),(87,27,4,3,3,'2008-04-26 08:03:55','0.00','59.00',NULL,NULL,'#3e95089daa45279e1569a843fe648fb9',NULL,'',NULL,NULL,NULL,NULL,NULL,NULL,NULL,NULL,0,0,3,NULL,NULL,NULL),(88,219,1,1,1,'2008-06-01 07:36:27','0.00','60.00',NULL,NULL,'#48b81e555811bcecd859a115a0e3c66e',NULL,'',NULL,NULL,NULL,NULL,NULL,NULL,NULL,NULL,0,0,3,NULL,NULL,NULL),(89,339,4,1,4,'2009-05-06 06:52:42','0.00','53.00',NULL,NULL,'#8d4b72341eb920730ff870f29bfe7115',NULL,'',NULL,NULL,NULL,NULL,NULL,NULL,NULL,NULL,0,0,6,NULL,NULL,NULL),(90,464,1,3,2,'2007-11-24 03:07:58','0.00','15.00',NULL,NULL,'#e2a1d6bc2944bff4c3f33d7943ec1010',NULL,'',NULL,NULL,NULL,NULL,NULL,NULL,NULL,NULL,0,0,2,NULL,NULL,NULL),(91,466,4,2,2,'2007-11-02 08:20:08','0.00','81.00',NULL,NULL,'#7bfc48d141b472b4aeefa30964056dcf',NULL,'',NULL,NULL,NULL,NULL,NULL,NULL,NULL,NULL,0,0,1,NULL,NULL,NULL),(92,18,2,1,4,'2007-12-03 12:33:38','0.00','81.00',NULL,NULL,'#637c59606349b7cef2eb60db6e0f4a71',NULL,'',NULL,NULL,NULL,NULL,NULL,NULL,NULL,NULL,0,0,1,NULL,NULL,NULL),(93,440,1,2,1,'2007-11-05 05:38:29','0.00','91.00',NULL,NULL,'#8e547e24fdea56188a2be2a4d868b594',NULL,'',NULL,NULL,NULL,NULL,NULL,NULL,NULL,NULL,0,0,1,NULL,NULL,NULL),(94,274,4,3,2,'2008-05-29 09:15:32','0.00','59.00',NULL,NULL,'#d6933570add21f886b64899624e97b4a',NULL,'',NULL,NULL,NULL,NULL,NULL,NULL,NULL,NULL,0,0,1,NULL,NULL,NULL),(95,91,2,3,2,'2007-11-15 06:04:18','0.00','50.00',NULL,NULL,'#2253ea2b30f0702c15c40427a50a5414',NULL,'',NULL,NULL,NULL,NULL,NULL,NULL,NULL,NULL,0,0,6,NULL,NULL,NULL),(96,136,3,2,2,'2007-09-10 01:14:01','0.00','64.00',NULL,NULL,'#dd45617830feacdf5ce3959376a131d1',NULL,'',NULL,NULL,NULL,NULL,NULL,NULL,NULL,NULL,0,0,2,NULL,NULL,NULL),(97,457,4,3,5,'2008-07-04 03:05:14','0.00','20.00',NULL,NULL,'#6eec366c6196ecc69982ca5852d71428',NULL,'',NULL,NULL,NULL,NULL,NULL,NULL,NULL,NULL,0,0,4,NULL,NULL,NULL),(98,119,4,3,3,'2008-02-05 12:13:17','0.00','88.00',NULL,NULL,'#b8b85b6de24321d3c3f221abf7945381',NULL,'',NULL,NULL,NULL,NULL,NULL,NULL,NULL,NULL,0,0,5,NULL,NULL,NULL),(99,290,4,2,4,'2009-03-07 09:55:05','0.00','90.00',NULL,NULL,'#969ff5332bbe354063430c2bf165fba4',NULL,'',NULL,NULL,NULL,NULL,NULL,NULL,NULL,NULL,0,0,1,NULL,NULL,NULL),(100,94,2,1,1,'2008-06-16 03:34:26','0.00','58.00',NULL,NULL,'#a4e930760521168094ba21d3c0c92e8b',NULL,'',NULL,NULL,NULL,NULL,NULL,NULL,NULL,NULL,0,0,6,NULL,NULL,NULL),(101,425,3,2,1,'2007-07-30 08:02:04','0.00','54.00',NULL,NULL,'#3a5aa45461e62d6d7bb8637a568e2ef9',NULL,'',NULL,NULL,NULL,NULL,NULL,NULL,NULL,NULL,0,0,4,NULL,NULL,NULL),(102,56,1,2,5,'2008-07-20 05:37:50','0.00','88.00',NULL,NULL,'#972372edda96377c162b423c47a96032',NULL,'',NULL,NULL,NULL,NULL,NULL,NULL,NULL,NULL,0,0,3,NULL,NULL,NULL),(103,307,4,1,2,'2007-08-27 05:11:19','0.00','72.00',NULL,NULL,'#a1e58d649e4538d83e650f03df64d88a',NULL,'',NULL,NULL,NULL,NULL,NULL,NULL,NULL,NULL,0,0,3,NULL,NULL,NULL),(104,376,4,1,1,'2008-09-16 05:57:50','0.00','29.00',NULL,NULL,'#6828bf035bba164825330de54ec379ff',NULL,'',NULL,NULL,NULL,NULL,NULL,NULL,NULL,NULL,0,0,4,NULL,NULL,NULL),(105,237,3,1,3,'2007-09-27 04:45:37','0.00','95.00',NULL,NULL,'#8257782041137f5fd72d6f76b61bdca8',NULL,'',NULL,NULL,NULL,NULL,NULL,NULL,NULL,NULL,0,0,5,NULL,NULL,NULL),(106,225,1,1,4,'2008-06-18 12:20:43','0.00','54.00',NULL,NULL,'#dbc6fd84565429d12a25b83a925494e9',NULL,'',NULL,NULL,NULL,NULL,NULL,NULL,NULL,NULL,0,0,5,NULL,NULL,NULL),(107,307,1,1,5,'2007-06-29 07:59:24','0.00','22.00',NULL,NULL,'#a6b0f7b2d94bb784e2419a467c6275c2',NULL,'',NULL,NULL,NULL,NULL,NULL,NULL,NULL,NULL,0,0,6,NULL,NULL,NULL),(108,173,2,3,1,'2009-02-05 06:47:18','0.00','55.00',NULL,NULL,'#7527ca1e04c52a880d434412385f22f6',NULL,'',NULL,NULL,NULL,NULL,NULL,NULL,NULL,NULL,0,0,5,NULL,NULL,NULL),(109,164,1,2,1,'2007-07-25 08:57:53','0.00','96.00',NULL,NULL,'#ddfc5915e6030cf2b1ae2747d2306219',NULL,'',NULL,NULL,NULL,NULL,NULL,NULL,NULL,NULL,0,0,2,NULL,NULL,NULL),(110,209,2,1,2,'2008-05-08 01:09:25','0.00','23.00',NULL,NULL,'#2abcfc12e3eb8893a7f140415e219e3a',NULL,'',NULL,NULL,NULL,NULL,NULL,NULL,NULL,NULL,0,0,4,NULL,NULL,NULL),(111,318,1,3,2,'2009-05-16 02:36:28','0.00','28.00',NULL,NULL,'#1f567db4f2b808a8069449ec57fcbfa6',NULL,'',NULL,NULL,NULL,NULL,NULL,NULL,NULL,NULL,0,0,4,NULL,NULL,NULL),(112,160,2,2,2,'2008-12-15 04:10:29','0.00','88.00',NULL,NULL,'#2e7663fd42b6a5e39a41397893d1e8d6',NULL,'',NULL,NULL,NULL,NULL,NULL,NULL,NULL,NULL,0,0,1,NULL,NULL,NULL),(113,415,2,1,5,'2007-09-06 03:18:34','0.00','37.00',NULL,NULL,'#501ef7445e5ccd8a1b36ce11b6d2541f',NULL,'',NULL,NULL,NULL,NULL,NULL,NULL,NULL,NULL,0,0,4,NULL,NULL,NULL),(114,217,2,1,2,'2007-10-10 11:30:46','0.00','60.00',NULL,NULL,'#d4dab77a20d21b362d4a785083d58a5e',NULL,'',NULL,NULL,NULL,NULL,NULL,NULL,NULL,NULL,0,0,4,NULL,NULL,NULL),(115,171,4,3,1,'2009-03-09 10:02:32','0.00','42.00',NULL,NULL,'#f3f2d0bc974b7cac72b99e4f39b66742',NULL,'',NULL,NULL,NULL,NULL,NULL,NULL,NULL,NULL,0,0,4,NULL,NULL,NULL),(116,63,3,3,3,'2007-11-23 02:10:27','0.00','95.00',NULL,NULL,'#2f97e68d509de243d4b88c3d7c84576d',NULL,'',NULL,NULL,NULL,NULL,NULL,NULL,NULL,NULL,0,0,1,NULL,NULL,NULL),(117,220,1,2,2,'2008-03-24 02:40:14','0.00','23.00',NULL,NULL,'#fb1c0ef9737f8afa8f5d9029c2c454e6',NULL,'',NULL,NULL,NULL,NULL,NULL,NULL,NULL,NULL,0,0,6,NULL,NULL,NULL),(118,273,2,1,1,'2008-02-10 01:27:44','0.00','90.00',NULL,NULL,'#bf375f10dcacbb64468e88fb60847005',NULL,'',NULL,NULL,NULL,NULL,NULL,NULL,NULL,NULL,0,0,3,NULL,NULL,NULL),(119,256,4,1,5,'2007-07-27 02:04:51','0.00','11.00',NULL,NULL,'#0d7d616c336a7857fb8511bcc43fe3fa',NULL,'',NULL,NULL,NULL,NULL,NULL,NULL,NULL,NULL,0,0,6,NULL,NULL,NULL),(120,75,2,2,1,'2007-11-05 05:51:43','0.00','54.00',NULL,NULL,'#606d7c45effa999af414f2bd3651c905',NULL,'',NULL,NULL,NULL,NULL,NULL,NULL,NULL,NULL,0,0,3,NULL,NULL,NULL),(121,78,1,3,3,'2008-12-28 09:59:25','0.00','85.00',NULL,NULL,'#1a6bf8206889746ba07b8946e7a80e59',NULL,'',NULL,NULL,NULL,NULL,NULL,NULL,NULL,NULL,0,0,6,NULL,NULL,NULL),(122,128,2,2,1,'2008-05-06 12:59:41','0.00','77.00',NULL,NULL,'#c73dad8cd65d5b1d0c6e2c6a7d538b12',NULL,'',NULL,NULL,NULL,NULL,NULL,NULL,NULL,NULL,0,0,5,NULL,NULL,NULL),(123,261,4,3,5,'2009-01-08 10:53:25','0.00','19.00',NULL,NULL,'#dbccf8dc48aa9c46f408b2b8b59c5bfe',NULL,'',NULL,NULL,NULL,NULL,NULL,NULL,NULL,NULL,0,0,6,NULL,NULL,NULL),(124,406,1,1,2,'2009-03-10 06:25:24','0.00','54.00',NULL,NULL,'#6a386a6910b8261086ad4d14a136a9cb',NULL,'',NULL,NULL,NULL,NULL,NULL,NULL,NULL,NULL,0,0,1,NULL,NULL,NULL),(125,330,2,2,3,'2007-12-29 06:17:51','0.00','24.00',NULL,NULL,'#c15ce9fc9b1008e3dfcbeab81941499c',NULL,'',NULL,NULL,NULL,NULL,NULL,NULL,NULL,NULL,0,0,2,NULL,NULL,NULL),(126,220,4,2,3,'2008-05-17 10:42:23','0.00','90.00',NULL,NULL,'#9df37e2f4803623f698215571f30e9b3',NULL,'',NULL,NULL,NULL,NULL,NULL,NULL,NULL,NULL,0,0,3,NULL,NULL,NULL),(127,97,1,3,2,'2008-11-07 12:39:32','0.00','62.00',NULL,NULL,'#0c02ff2a47b41c0603bbafffcb1c6b96',NULL,'',NULL,NULL,NULL,NULL,NULL,NULL,NULL,NULL,0,0,3,NULL,NULL,NULL),(128,288,2,1,3,'2008-04-15 01:32:18','0.00','41.00',NULL,NULL,'#bbdb83a32a3d1e85a5551b9c7190ac01',NULL,'',NULL,NULL,NULL,NULL,NULL,NULL,NULL,NULL,0,0,6,NULL,NULL,NULL),(129,97,4,2,3,'2009-01-15 11:28:15','0.00','46.00',NULL,NULL,'#617f5e421e6e19de9be012a12b46502e',NULL,'',NULL,NULL,NULL,NULL,NULL,NULL,NULL,NULL,0,0,6,NULL,NULL,NULL),(130,480,2,2,3,'2007-10-19 06:33:21','0.00','90.00',NULL,NULL,'#6754818e71fb7e50d3e8c78b77eb8e3d',NULL,'',NULL,NULL,NULL,NULL,NULL,NULL,NULL,NULL,0,0,1,NULL,NULL,NULL),(131,80,3,1,3,'2007-10-01 01:45:56','0.00','57.00',NULL,NULL,'#1d3809a765446536c5b5ae0f48be7352',NULL,'',NULL,NULL,NULL,NULL,NULL,NULL,NULL,NULL,0,0,3,NULL,NULL,NULL),(132,22,3,1,1,'2007-11-01 10:23:06','0.00','99.00',NULL,NULL,'#5b5f2b319709b190e435ff34c3e80d3e',NULL,'',NULL,NULL,NULL,NULL,NULL,NULL,NULL,NULL,0,0,3,NULL,NULL,NULL),(133,422,1,1,1,'2008-05-22 06:46:25','0.00','97.00',NULL,NULL,'#4bae1dad116e7a7d20c32c32cae490ca',NULL,'',NULL,NULL,NULL,NULL,NULL,NULL,NULL,NULL,0,0,3,NULL,NULL,NULL),(134,143,3,2,3,'2007-12-15 01:11:21','0.00','24.00',NULL,NULL,'#3aada87b0f22a8265ed2ea5ef421b4c2',NULL,'',NULL,NULL,NULL,NULL,NULL,NULL,NULL,NULL,0,0,1,NULL,NULL,NULL),(135,22,1,3,1,'2007-07-08 04:40:33','0.00','53.00',NULL,NULL,'#4fd325b6ad9c008e390955f4971c5940',NULL,'',NULL,NULL,NULL,NULL,NULL,NULL,NULL,NULL,0,0,2,NULL,NULL,NULL),(136,477,4,3,1,'2007-10-28 11:04:53','0.00','49.00',NULL,NULL,'#9b79926317b438651edcf14c6085cd22',NULL,'',NULL,NULL,NULL,NULL,NULL,NULL,NULL,NULL,0,0,3,NULL,NULL,NULL),(137,226,3,2,1,'2008-07-22 02:38:35','0.00','78.00',NULL,NULL,'#edb7c1f6554ac5e5a39af9f462355067',NULL,'',NULL,NULL,NULL,NULL,NULL,NULL,NULL,NULL,0,0,5,NULL,NULL,NULL),(138,276,4,2,4,'2009-06-04 08:47:48','0.00','39.00',NULL,NULL,'#110b518258bdbafbc8e63b864a32e025',NULL,'',NULL,NULL,NULL,NULL,NULL,NULL,NULL,NULL,0,0,2,NULL,NULL,NULL),(139,172,2,2,5,'2008-11-11 03:14:37','0.00','18.00',NULL,NULL,'#422e78365e42fc829b99ec63d1883e79',NULL,'',NULL,NULL,NULL,NULL,NULL,NULL,NULL,NULL,0,0,3,NULL,NULL,NULL),(140,443,2,3,5,'2008-10-02 11:27:55','0.00','34.00',NULL,NULL,'#4124ff21a5e07d493bf0563c46e09651',NULL,'',NULL,NULL,NULL,NULL,NULL,NULL,NULL,NULL,0,0,4,NULL,NULL,NULL),(141,350,3,3,1,'2007-07-19 04:14:52','0.00','73.00',NULL,NULL,'#e06a0a20dcc05b332785b7764e5be8b0',NULL,'',NULL,NULL,NULL,NULL,NULL,NULL,NULL,NULL,0,0,5,NULL,NULL,NULL),(142,353,1,2,2,'2008-03-16 04:41:15','0.00','10.00',NULL,NULL,'#9336d5ce31afb9074affba88afe14359',NULL,'',NULL,NULL,NULL,NULL,NULL,NULL,NULL,NULL,0,0,6,NULL,NULL,NULL),(143,49,2,2,4,'2007-06-15 09:07:34','0.00','40.00',NULL,NULL,'#b5cb2af22bc949fa50fce5e6a0cf0ed9',NULL,'',NULL,NULL,NULL,NULL,NULL,NULL,NULL,NULL,0,0,5,NULL,NULL,NULL),(144,117,4,2,4,'2007-06-18 10:43:26','0.00','62.00',NULL,NULL,'#fb5f8bc42af582d4154e41b44b85039f',NULL,'',NULL,NULL,NULL,NULL,NULL,NULL,NULL,NULL,0,0,1,NULL,NULL,NULL),(145,301,4,2,4,'2008-06-30 12:39:26','0.00','49.00',NULL,NULL,'#d25051cffb77fd8ca12443155312b1f0',NULL,'',NULL,NULL,NULL,NULL,NULL,NULL,NULL,NULL,0,0,5,NULL,NULL,NULL),(146,386,4,1,2,'2008-08-28 05:08:31','0.00','96.00',NULL,NULL,'#63337c0f5d0c93b6b30556aefab7baa7',NULL,'',NULL,NULL,NULL,NULL,NULL,NULL,NULL,NULL,0,0,3,NULL,NULL,NULL),(147,411,2,2,2,'2008-05-17 09:44:55','0.00','88.00',NULL,NULL,'#5d2f2d4e9080f3f171cdd0f78bbc0a41',NULL,'',NULL,NULL,NULL,NULL,NULL,NULL,NULL,NULL,0,0,2,NULL,NULL,NULL),(148,195,3,3,1,'2008-03-23 10:18:51','0.00','15.00',NULL,NULL,'#f0791b8d9eb41157516efaff0cfaace1',NULL,'',NULL,NULL,NULL,NULL,NULL,NULL,NULL,NULL,0,0,3,NULL,NULL,NULL),(149,465,4,2,2,'2007-08-01 01:40:28','0.00','69.00',NULL,NULL,'#505e42cd385e1b2103224f495c0f065e',NULL,'',NULL,NULL,NULL,NULL,NULL,NULL,NULL,NULL,0,0,5,NULL,NULL,NULL),(150,137,2,1,1,'2007-10-14 06:11:53','0.00','10.00',NULL,NULL,'#fe5b9330931565abdac37096b872b6b0',NULL,'',NULL,NULL,NULL,NULL,NULL,NULL,NULL,NULL,0,0,1,NULL,NULL,NULL),(151,223,2,1,3,'2007-08-25 12:08:12','0.00','33.00',NULL,NULL,'#2f6d36578f724b514ebdf5a5b49758ec',NULL,'',NULL,NULL,NULL,NULL,NULL,NULL,NULL,NULL,0,0,6,NULL,NULL,NULL),(152,187,1,1,2,'2008-03-10 03:04:01','0.00','91.00',NULL,NULL,'#4f1c57c9ce2b20a7bba0dcc2a59cc4e9',NULL,'',NULL,NULL,NULL,NULL,NULL,NULL,NULL,NULL,0,0,5,NULL,NULL,NULL),(153,493,1,3,3,'2008-04-07 07:31:13','0.00','19.00',NULL,NULL,'#edfda46340dbcc86d6c1032cb07d48c7',NULL,'',NULL,NULL,NULL,NULL,NULL,NULL,NULL,NULL,0,0,1,NULL,NULL,NULL),(154,322,1,3,3,'2007-09-06 09:58:18','0.00','35.00',NULL,NULL,'#46c2406801bc75ea4401ccb774ec9615',NULL,'',NULL,NULL,NULL,NULL,NULL,NULL,NULL,NULL,0,0,4,NULL,NULL,NULL),(155,64,3,2,1,'2008-03-08 08:18:46','0.00','48.00',NULL,NULL,'#71ea7b4741c8a5d0e06a84954e49f7e4',NULL,'',NULL,NULL,NULL,NULL,NULL,NULL,NULL,NULL,0,0,5,NULL,NULL,NULL),(156,124,2,2,5,'2007-11-14 02:02:18','0.00','87.00',NULL,NULL,'#67ac7f1509b98f3e614ed991f84120c4',NULL,'',NULL,NULL,NULL,NULL,NULL,NULL,NULL,NULL,0,0,6,NULL,NULL,NULL),(157,479,1,1,2,'2008-01-12 06:12:58','0.00','14.00',NULL,NULL,'#ad4289ffdc946ca51d99b6771d34b881',NULL,'',NULL,NULL,NULL,NULL,NULL,NULL,NULL,NULL,0,0,5,NULL,NULL,NULL),(158,102,4,2,5,'2008-06-22 09:19:51','0.00','39.00',NULL,NULL,'#a85db1c2823947cc06497c80c66fb5f7',NULL,'',NULL,NULL,NULL,NULL,NULL,NULL,NULL,NULL,0,0,2,NULL,NULL,NULL),(159,450,1,3,3,'2007-07-29 09:30:07','0.00','97.00',NULL,NULL,'#74343be1904fafddb941cca240cf5938',NULL,'',NULL,NULL,NULL,NULL,NULL,NULL,NULL,NULL,0,0,6,NULL,NULL,NULL),(160,328,2,3,4,'2008-06-21 08:39:55','0.00','18.00',NULL,NULL,'#ce894ef8d4c130258c8da3b70f66476c',NULL,'',NULL,NULL,NULL,NULL,NULL,NULL,NULL,NULL,0,0,1,NULL,NULL,NULL),(161,311,1,3,4,'2009-06-02 03:37:28','0.00','92.00',NULL,NULL,'#dab4f8cf0b8ca45a0391db302cf66cc5',NULL,'',NULL,NULL,NULL,NULL,NULL,NULL,NULL,NULL,0,0,5,NULL,NULL,NULL),(162,153,1,2,2,'2008-09-20 01:20:28','0.00','87.00',NULL,NULL,'#8155c2847a3213cef33f5cc30bb9b468',NULL,'',NULL,NULL,NULL,NULL,NULL,NULL,NULL,NULL,0,0,2,NULL,NULL,NULL),(163,372,4,3,4,'2008-09-25 02:46:18','0.00','22.00',NULL,NULL,'#587f7e429d420e975184b93db58bb5de',NULL,'',NULL,NULL,NULL,NULL,NULL,NULL,NULL,NULL,0,0,2,NULL,NULL,NULL),(164,410,2,1,3,'2007-12-31 04:18:22','0.00','92.00',NULL,NULL,'#9329cfe301d0df3d8d0351f5b7e6de38',NULL,'',NULL,NULL,NULL,NULL,NULL,NULL,NULL,NULL,0,0,3,NULL,NULL,NULL),(165,166,2,3,3,'2008-09-12 12:33:50','0.00','41.00',NULL,NULL,'#a88f84dbef3bfceceb5029791d829ee7',NULL,'',NULL,NULL,NULL,NULL,NULL,NULL,NULL,NULL,0,0,5,NULL,NULL,NULL),(166,40,1,2,2,'2007-07-09 11:35:09','0.00','44.00',NULL,NULL,'#2d76cab7c7a464579cca7005ed9f2ed3',NULL,'',NULL,NULL,NULL,NULL,NULL,NULL,NULL,NULL,0,0,1,NULL,NULL,NULL),(167,467,4,2,5,'2008-11-25 03:17:56','0.00','81.00',NULL,NULL,'#eaad177508869cdaf3494466041e3b0a',NULL,'',NULL,NULL,NULL,NULL,NULL,NULL,NULL,NULL,0,0,3,NULL,NULL,NULL),(168,401,1,1,2,'2008-05-03 05:39:45','0.00','89.00',NULL,NULL,'#9e1edd96a097b0d418e245d5eac55fbd',NULL,'',NULL,NULL,NULL,NULL,NULL,NULL,NULL,NULL,0,0,3,NULL,NULL,NULL),(169,233,1,1,3,'2009-04-19 06:41:38','0.00','76.00',NULL,NULL,'#c11cdc0fa0c89437ce767828dddf7b20',NULL,'',NULL,NULL,NULL,NULL,NULL,NULL,NULL,NULL,0,0,5,NULL,NULL,NULL),(170,396,4,1,2,'2008-10-11 01:07:06','0.00','94.00',NULL,NULL,'#104f7239bcdebfd34a234d396cca47b6',NULL,'',NULL,NULL,NULL,NULL,NULL,NULL,NULL,NULL,0,0,5,NULL,NULL,NULL),(171,347,1,3,5,'2008-05-23 11:31:48','0.00','20.00',NULL,NULL,'#eb770708754f3b0a2691a5d387828de1',NULL,'',NULL,NULL,NULL,NULL,NULL,NULL,NULL,NULL,0,0,5,NULL,NULL,NULL),(172,137,2,3,1,'2008-04-27 05:53:23','0.00','32.00',NULL,NULL,'#4949b7518ac8a5f0daa6b5b0a25da724',NULL,'',NULL,NULL,NULL,NULL,NULL,NULL,NULL,NULL,0,0,1,NULL,NULL,NULL),(173,358,3,3,4,'2007-07-14 08:12:31','0.00','67.00',NULL,NULL,'#44f40480d881b2ac82e9c6685d8ae4d5',NULL,'',NULL,NULL,NULL,NULL,NULL,NULL,NULL,NULL,0,0,4,NULL,NULL,NULL),(174,400,3,3,5,'2008-06-14 11:07:01','0.00','79.00',NULL,NULL,'#9e76090555c1ccda3dc587b909b201a3',NULL,'',NULL,NULL,NULL,NULL,NULL,NULL,NULL,NULL,0,0,5,NULL,NULL,NULL),(175,50,4,1,3,'2008-01-15 03:19:57','0.00','27.00',NULL,NULL,'#a26ec87a750bc0093989842073800a40',NULL,'',NULL,NULL,NULL,NULL,NULL,NULL,NULL,NULL,0,0,5,NULL,NULL,NULL),(176,140,1,3,1,'2009-01-25 01:10:18','0.00','66.00',NULL,NULL,'#4cf30e33a6bcad2467bce7989fa00d05',NULL,'',NULL,NULL,NULL,NULL,NULL,NULL,NULL,NULL,0,0,3,NULL,NULL,NULL),(177,334,4,3,1,'2009-03-08 08:36:16','0.00','59.00',NULL,NULL,'#7c1c9424c5d9625b514777d5ef0b5ec8',NULL,'',NULL,NULL,NULL,NULL,NULL,NULL,NULL,NULL,0,0,5,NULL,NULL,NULL),(178,336,4,2,2,'2008-02-27 10:48:32','0.00','66.00',NULL,NULL,'#c95dd90cf48c73d1c803b0583e5c1cf0',NULL,'',NULL,NULL,NULL,NULL,NULL,NULL,NULL,NULL,0,0,4,NULL,NULL,NULL),(179,209,2,3,4,'2007-06-26 08:58:28','0.00','44.00',NULL,NULL,'#4cbca01853d189ea9d0569b53122b769',NULL,'',NULL,NULL,NULL,NULL,NULL,NULL,NULL,NULL,0,0,4,NULL,NULL,NULL),(180,86,4,3,2,'2008-09-27 07:49:04','0.00','35.00',NULL,NULL,'#18febaa236da05fe523fc5738d28ab8e',NULL,'',NULL,NULL,NULL,NULL,NULL,NULL,NULL,NULL,0,0,5,NULL,NULL,NULL),(181,201,2,2,3,'2008-10-24 07:43:26','0.00','91.00',NULL,NULL,'#be20ba5c623d3d92ac4446a055339733',NULL,'',NULL,NULL,NULL,NULL,NULL,NULL,NULL,NULL,0,0,5,NULL,NULL,NULL),(182,165,4,3,5,'2007-06-12 01:14:56','0.00','76.00',NULL,NULL,'#a395a01b84ce02d9706993a021254ca9',NULL,'',NULL,NULL,NULL,NULL,NULL,NULL,NULL,NULL,0,0,3,NULL,NULL,NULL),(183,280,2,1,1,'2007-06-23 05:54:31','0.00','52.00',NULL,NULL,'#64f9852e5e33a480430016dc5b005c62',NULL,'',NULL,NULL,NULL,NULL,NULL,NULL,NULL,NULL,0,0,4,NULL,NULL,NULL),(184,66,2,3,1,'2007-08-20 07:48:31','0.00','68.00',NULL,NULL,'#3d03eb9ac14d026b3b860fed50af7e06',NULL,'',NULL,NULL,NULL,NULL,NULL,NULL,NULL,NULL,0,0,5,NULL,NULL,NULL),(185,239,2,1,2,'2008-06-20 09:14:24','0.00','13.00',NULL,NULL,'#7b5f45f3e4c42ba182a2640959f99e0f',NULL,'',NULL,NULL,NULL,NULL,NULL,NULL,NULL,NULL,0,0,2,NULL,NULL,NULL),(186,369,2,1,2,'2009-03-29 11:27:14','0.00','33.00',NULL,NULL,'#cc5e4eba2a02e581c586a4e7e2d7539f',NULL,'',NULL,NULL,NULL,NULL,NULL,NULL,NULL,NULL,0,0,3,NULL,NULL,NULL),(187,381,4,3,1,'2007-10-07 02:32:59','0.00','52.00',NULL,NULL,'#f72f79029c6f5957b3ce6e7e0d9c9b7c',NULL,'',NULL,NULL,NULL,NULL,NULL,NULL,NULL,NULL,0,0,2,NULL,NULL,NULL),(188,44,3,2,1,'2008-09-20 12:40:25','0.00','18.00',NULL,NULL,'#c5c4ab9a285e8b9e59f49e9f315220ea',NULL,'',NULL,NULL,NULL,NULL,NULL,NULL,NULL,NULL,0,0,2,NULL,NULL,NULL),(189,139,2,2,2,'2007-11-06 01:59:54','0.00','24.00',NULL,NULL,'#c9be950ebbb8601c816a0a5db9d71444',NULL,'',NULL,NULL,NULL,NULL,NULL,NULL,NULL,NULL,0,0,1,NULL,NULL,NULL),(190,322,1,3,3,'2008-10-19 05:24:50','0.00','13.00',NULL,NULL,'#1375dfdeefeca2e3394b108bf9bc5cc1',NULL,'',NULL,NULL,NULL,NULL,NULL,NULL,NULL,NULL,0,0,1,NULL,NULL,NULL),(191,203,1,3,4,'2009-05-26 09:05:46','0.00','85.00',NULL,NULL,'#6a3f001061099868e64d983aaca1b34b',NULL,'',NULL,NULL,NULL,NULL,NULL,NULL,NULL,NULL,0,0,4,NULL,NULL,NULL),(192,181,1,3,1,'2009-05-16 09:31:36','0.00','38.00',NULL,NULL,'#688b4d3e806169efc4edbe4f54147bed',NULL,'',NULL,NULL,NULL,NULL,NULL,NULL,NULL,NULL,0,0,5,NULL,NULL,NULL),(193,312,4,3,4,'2007-07-17 12:18:47','0.00','44.00',NULL,NULL,'#a96aced2ce25731edbaf0bd0a837e322',NULL,'',NULL,NULL,NULL,NULL,NULL,NULL,NULL,NULL,0,0,1,NULL,NULL,NULL),(194,158,4,1,4,'2007-10-08 11:10:22','0.00','51.00',NULL,NULL,'#3a50a149b6dd0abe16ebbc1465586474',NULL,'',NULL,NULL,NULL,NULL,NULL,NULL,NULL,NULL,0,0,3,NULL,NULL,NULL),(195,438,2,3,5,'2008-10-16 07:08:27','0.00','74.00',NULL,NULL,'#95915c0595f87c51f64cb8f268da170d',NULL,'',NULL,NULL,NULL,NULL,NULL,NULL,NULL,NULL,0,0,2,NULL,NULL,NULL),(196,3,3,2,3,'2008-02-19 08:49:23','0.00','68.00',NULL,NULL,'#1d1f164c8201239c61dc56d5099bcf1d',NULL,'',NULL,NULL,NULL,NULL,NULL,NULL,NULL,NULL,0,0,1,NULL,NULL,NULL),(197,41,2,1,4,'2008-05-06 03:57:42','0.00','24.00',NULL,NULL,'#d45c5cc403bf775d0560353edc91e684',NULL,'',NULL,NULL,NULL,NULL,NULL,NULL,NULL,NULL,0,0,4,NULL,NULL,NULL),(198,465,3,2,4,'2008-02-17 11:39:27','0.00','12.00',NULL,NULL,'#4254b366ff29c7f1a70ac88900c97005',NULL,'',NULL,NULL,NULL,NULL,NULL,NULL,NULL,NULL,0,0,2,NULL,NULL,NULL),(199,117,4,3,2,'2008-01-29 08:03:47','0.00','75.00',NULL,NULL,'#ec016442e24ad4eabc2af04546f5d6f3',NULL,'',NULL,NULL,NULL,NULL,NULL,NULL,NULL,NULL,0,0,2,NULL,NULL,NULL),(200,284,3,3,4,'2007-08-13 03:12:06','0.00','68.00',NULL,NULL,'#df9121b1c2a84a5ce4984c72623d68f1',NULL,'',NULL,NULL,NULL,NULL,NULL,NULL,NULL,NULL,0,0,4,NULL,NULL,NULL),(201,480,4,3,4,'2008-04-05 09:00:14','0.00','60.00',NULL,NULL,'#9b889391af50403ce5aacc93da90cdb0',NULL,'',NULL,NULL,NULL,NULL,NULL,NULL,NULL,NULL,0,0,2,NULL,NULL,NULL),(202,344,2,2,1,'2007-11-11 10:01:10','0.00','21.00',NULL,NULL,'#e751e1bf377fee7e1c3a69b7dd9e8cb6',NULL,'',NULL,NULL,NULL,NULL,NULL,NULL,NULL,NULL,0,0,1,NULL,NULL,NULL),(203,242,4,2,3,'2009-01-13 10:45:52','0.00','15.00',NULL,NULL,'#d8efcafb223c4c45627468bff9666070',NULL,'',NULL,NULL,NULL,NULL,NULL,NULL,NULL,NULL,0,0,5,NULL,NULL,NULL),(204,281,3,1,5,'2008-12-28 06:28:47','0.00','93.00',NULL,NULL,'#67fdb2a2cd39d539db32630e6eba0254',NULL,'',NULL,NULL,NULL,NULL,NULL,NULL,NULL,NULL,0,0,1,NULL,NULL,NULL),(205,416,3,1,3,'2007-07-02 04:27:22','0.00','47.00',NULL,NULL,'#cb00749050807e2b9f86994e460d8c9a',NULL,'',NULL,NULL,NULL,NULL,NULL,NULL,NULL,NULL,0,0,1,NULL,NULL,NULL),(206,141,1,1,2,'2009-05-04 09:14:41','0.00','94.00',NULL,NULL,'#61d760d7efd94f1c537010b22ff3322b',NULL,'',NULL,NULL,NULL,NULL,NULL,NULL,NULL,NULL,0,0,3,NULL,NULL,NULL),(207,112,3,1,1,'2008-12-29 09:46:47','0.00','45.00',NULL,NULL,'#a87ee18fd5474d6bacccfaed94018d1f',NULL,'',NULL,NULL,NULL,NULL,NULL,NULL,NULL,NULL,0,0,4,NULL,NULL,NULL),(208,59,2,2,3,'2007-11-04 07:36:59','0.00','24.00',NULL,NULL,'#5f7eb8c1ece6d24017d69a4715677b6c',NULL,'',NULL,NULL,NULL,NULL,NULL,NULL,NULL,NULL,0,0,6,NULL,NULL,NULL),(209,450,2,2,3,'2008-06-26 03:10:56','0.00','87.00',NULL,NULL,'#987762f60522bffeb008ec27867226bc',NULL,'',NULL,NULL,NULL,NULL,NULL,NULL,NULL,NULL,0,0,5,NULL,NULL,NULL),(210,30,2,2,4,'2008-01-10 07:39:39','0.00','43.00',NULL,NULL,'#0b4c883ca1426d17379b1a57805f20ef',NULL,'',NULL,NULL,NULL,NULL,NULL,NULL,NULL,NULL,0,0,1,NULL,NULL,NULL),(211,237,1,3,1,'2009-01-01 05:55:34','0.00','86.00',NULL,NULL,'#698b78ca8a6b8ac8e4b509d997d2e74d',NULL,'',NULL,NULL,NULL,NULL,NULL,NULL,NULL,NULL,0,0,6,NULL,NULL,NULL),(212,225,1,1,1,'2007-08-24 07:46:54','0.00','96.00',NULL,NULL,'#5ebd5c00e1eb7c7efa024c8155772cd1',NULL,'',NULL,NULL,NULL,NULL,NULL,NULL,NULL,NULL,0,0,5,NULL,NULL,NULL),(213,481,2,1,1,'2009-02-09 12:30:06','0.00','93.00',NULL,NULL,'#7f50ef5b0cae8910d0f335ef16f62c33',NULL,'',NULL,NULL,NULL,NULL,NULL,NULL,NULL,NULL,0,0,3,NULL,NULL,NULL),(214,286,1,1,2,'2008-03-30 03:25:01','0.00','14.00',NULL,NULL,'#54b088e499fb4baf6b2be66a8cc207ea',NULL,'',NULL,NULL,NULL,NULL,NULL,NULL,NULL,NULL,0,0,2,NULL,NULL,NULL),(215,248,4,1,1,'2007-08-23 10:14:35','0.00','82.00',NULL,NULL,'#3540fc67b01b9754a1d59cae57b3aec0',NULL,'',NULL,NULL,NULL,NULL,NULL,NULL,NULL,NULL,0,0,3,NULL,NULL,NULL),(216,73,3,3,3,'2007-08-31 11:29:36','0.00','44.00',NULL,NULL,'#c672d414bd8cde75048419205966d043',NULL,'',NULL,NULL,NULL,NULL,NULL,NULL,NULL,NULL,0,0,2,NULL,NULL,NULL),(217,200,1,2,2,'2007-08-08 01:08:26','0.00','78.00',NULL,NULL,'#db384deec1337782bc3aee11a3739642',NULL,'',NULL,NULL,NULL,NULL,NULL,NULL,NULL,NULL,0,0,4,NULL,NULL,NULL),(218,28,2,3,5,'2007-10-06 02:52:29','0.00','52.00',NULL,NULL,'#8e17446f3cc40413ad2dc63cb44097da',NULL,'',NULL,NULL,NULL,NULL,NULL,NULL,NULL,NULL,0,0,3,NULL,NULL,NULL),(219,241,3,3,4,'2009-05-14 08:40:05','0.00','23.00',NULL,NULL,'#1118761f62c4b4e6a2c357233978b76a',NULL,'',NULL,NULL,NULL,NULL,NULL,NULL,NULL,NULL,0,0,1,NULL,NULL,NULL),(220,194,2,1,1,'2009-04-07 11:29:52','0.00','83.00',NULL,NULL,'#142d5e161db301933b5e51169da7d537',NULL,'',NULL,NULL,NULL,NULL,NULL,NULL,NULL,NULL,0,0,5,NULL,NULL,NULL),(221,153,3,1,4,'2008-12-29 12:00:03','0.00','12.00',NULL,NULL,'#80ad33fd6fea2fc396e2ec8bb15ff881',NULL,'',NULL,NULL,NULL,NULL,NULL,NULL,NULL,NULL,0,0,5,NULL,NULL,NULL),(222,173,1,1,2,'2008-03-28 10:14:17','0.00','85.00',NULL,NULL,'#caa5fab951ce98aeb7e9d205dd4e8a97',NULL,'',NULL,NULL,NULL,NULL,NULL,NULL,NULL,NULL,0,0,6,NULL,NULL,NULL),(223,311,4,2,2,'2009-05-29 10:46:17','0.00','45.00',NULL,NULL,'#21336e51330c6536e2421580a3c10c2d',NULL,'',NULL,NULL,NULL,NULL,NULL,NULL,NULL,NULL,0,0,3,NULL,NULL,NULL),(224,7,4,1,5,'2008-01-11 01:52:53','0.00','98.00',NULL,NULL,'#54524514c136e0c0ef5ede9c10210072',NULL,'',NULL,NULL,NULL,NULL,NULL,NULL,NULL,NULL,0,0,4,NULL,NULL,NULL),(225,31,4,3,2,'2007-11-03 12:00:33','0.00','14.00',NULL,NULL,'#2858f135de76108a93e319a6f0a86258',NULL,'',NULL,NULL,NULL,NULL,NULL,NULL,NULL,NULL,0,0,1,NULL,NULL,NULL),(226,495,2,1,3,'2008-04-12 07:32:22','0.00','57.00',NULL,NULL,'#9785edc8abbc6f3b0e53a3d86dec6040',NULL,'',NULL,NULL,NULL,NULL,NULL,NULL,NULL,NULL,0,0,1,NULL,NULL,NULL),(227,134,1,1,1,'2008-04-08 11:11:40','0.00','50.00',NULL,NULL,'#37332ba3a5956ea2e79b99d16ffc26fc',NULL,'',NULL,NULL,NULL,NULL,NULL,NULL,NULL,NULL,0,0,1,NULL,NULL,NULL),(228,409,1,1,1,'2007-11-10 12:10:06','0.00','49.00',NULL,NULL,'#825c4c3f3d1e694610b4fe5160c6f4cc',NULL,'',NULL,NULL,NULL,NULL,NULL,NULL,NULL,NULL,0,0,5,NULL,NULL,NULL),(229,319,2,2,4,'2008-11-19 07:02:49','0.00','97.00',NULL,NULL,'#91034d10cd1bd275fb42bffef0eb5756',NULL,'',NULL,NULL,NULL,NULL,NULL,NULL,NULL,NULL,0,0,2,NULL,NULL,NULL),(230,480,3,1,1,'2008-11-01 06:06:46','0.00','62.00',NULL,NULL,'#945ca0358db8970b3d6f980d1779caea',NULL,'',NULL,NULL,NULL,NULL,NULL,NULL,NULL,NULL,0,0,1,NULL,NULL,NULL),(231,482,4,2,5,'2007-08-01 01:40:21','0.00','12.00',NULL,NULL,'#212790cff9555101e68adc02b02c1701',NULL,'',NULL,NULL,NULL,NULL,NULL,NULL,NULL,NULL,0,0,6,NULL,NULL,NULL),(232,430,1,1,1,'2007-06-27 07:04:45','0.00','17.00',NULL,NULL,'#2b5b99f19a1e73b0530142fd7d808582',NULL,'',NULL,NULL,NULL,NULL,NULL,NULL,NULL,NULL,0,0,4,NULL,NULL,NULL),(233,407,2,3,2,'2008-09-23 01:14:38','0.00','34.00',NULL,NULL,'#80d221b7c78b0eadb25f34f9a8be5f49',NULL,'',NULL,NULL,NULL,NULL,NULL,NULL,NULL,NULL,0,0,3,NULL,NULL,NULL),(234,5,1,3,3,'2009-04-08 05:05:27','0.00','37.00',NULL,NULL,'#48601d8f3609ef01fb73a54d12333c70',NULL,'',NULL,NULL,NULL,NULL,NULL,NULL,NULL,NULL,0,0,4,NULL,NULL,NULL),(235,129,3,1,5,'2009-05-25 03:11:10','0.00','87.00',NULL,NULL,'#d6307c7bcb8888540f78123001d661da',NULL,'',NULL,NULL,NULL,NULL,NULL,NULL,NULL,NULL,0,0,3,NULL,NULL,NULL),(236,350,3,3,5,'2009-06-04 07:22:43','0.00','26.00',NULL,NULL,'#ce7b5d1261e2b50efa028e7816a68a9a',NULL,'',NULL,NULL,NULL,NULL,NULL,NULL,NULL,NULL,0,0,5,NULL,NULL,NULL),(237,478,1,1,1,'2007-12-16 09:45:32','0.00','13.00',NULL,NULL,'#d7588a82d139e96bdab7f03845dae945',NULL,'',NULL,NULL,NULL,NULL,NULL,NULL,NULL,NULL,0,0,3,NULL,NULL,NULL),(238,93,4,1,3,'2009-04-02 02:16:44','0.00','55.00',NULL,NULL,'#d668a87ca81072030aa4bd4c4fa9b4b4',NULL,'',NULL,NULL,NULL,NULL,NULL,NULL,NULL,NULL,0,0,4,NULL,NULL,NULL),(239,475,1,3,3,'2008-09-12 06:14:36','0.00','89.00',NULL,NULL,'#ab030ae5fe9a819a7859aef71a25c0d0',NULL,'',NULL,NULL,NULL,NULL,NULL,NULL,NULL,NULL,0,0,5,NULL,NULL,NULL),(240,67,4,3,2,'2007-12-24 09:28:55','0.00','94.00',NULL,NULL,'#bfbc51022db45e66dc96a6f429b6732b',NULL,'',NULL,NULL,NULL,NULL,NULL,NULL,NULL,NULL,0,0,5,NULL,NULL,NULL),(241,28,3,1,2,'2008-02-25 09:16:05','0.00','91.00',NULL,NULL,'#2bd440421d733c359d54736eba8eaf97',NULL,'',NULL,NULL,NULL,NULL,NULL,NULL,NULL,NULL,0,0,6,NULL,NULL,NULL),(242,24,3,1,2,'2007-12-06 09:14:42','0.00','27.00',NULL,NULL,'#a56504e0c82837d0ff86195684c86673',NULL,'',NULL,NULL,NULL,NULL,NULL,NULL,NULL,NULL,0,0,6,NULL,NULL,NULL),(243,193,2,3,1,'2008-10-31 09:55:29','0.00','32.00',NULL,NULL,'#3c9012726fb98cb738c85d8b13808afe',NULL,'',NULL,NULL,NULL,NULL,NULL,NULL,NULL,NULL,0,0,6,NULL,NULL,NULL),(244,284,2,1,4,'2008-01-09 05:48:55','0.00','58.00',NULL,NULL,'#8b3387a9e77c9976928ce9fe6c569c39',NULL,'',NULL,NULL,NULL,NULL,NULL,NULL,NULL,NULL,0,0,1,NULL,NULL,NULL),(245,29,4,1,2,'2007-07-16 08:57:34','0.00','12.00',NULL,NULL,'#24fcca7202e4166a17404b6097c70883',NULL,'',NULL,NULL,NULL,NULL,NULL,NULL,NULL,NULL,0,0,6,NULL,NULL,NULL),(246,187,2,2,1,'2008-10-08 08:54:50','0.00','35.00',NULL,NULL,'#0cca67ab7001212a2a756b410ca2c28d',NULL,'',NULL,NULL,NULL,NULL,NULL,NULL,NULL,NULL,0,0,3,NULL,NULL,NULL),(247,94,3,1,1,'2009-04-06 03:41:53','0.00','91.00',NULL,NULL,'#eca1562afa9e4e5b07ab2a303874d13f',NULL,'',NULL,NULL,NULL,NULL,NULL,NULL,NULL,NULL,0,0,2,NULL,NULL,NULL),(248,471,1,2,5,'2007-10-29 07:08:01','0.00','51.00',NULL,NULL,'#b6c416ba2a4f24f095db5d4d63cccca2',NULL,'',NULL,NULL,NULL,NULL,NULL,NULL,NULL,NULL,0,0,2,NULL,NULL,NULL),(249,415,4,1,2,'2007-06-30 06:54:24','0.00','69.00',NULL,NULL,'#a48cb50fb0fff1374803e6973b31ad7e',NULL,'',NULL,NULL,NULL,NULL,NULL,NULL,NULL,NULL,0,0,1,NULL,NULL,NULL),(250,376,1,1,5,'2009-01-26 04:16:43','0.00','21.00',NULL,NULL,'#aea61fde8d5adb092304039d47ee5642',NULL,'',NULL,NULL,NULL,NULL,NULL,NULL,NULL,NULL,0,0,6,NULL,NULL,NULL),(251,86,3,1,4,'2008-12-09 09:18:09','0.00','79.00',NULL,NULL,'#f86dbedec15f2b9ac298060bc95cb084',NULL,'',NULL,NULL,NULL,NULL,NULL,NULL,NULL,NULL,0,0,3,NULL,NULL,NULL),(252,154,2,3,2,'2007-06-30 12:05:38','0.00','13.00',NULL,NULL,'#c1b346d1663885eacfb4117248509ce2',NULL,'',NULL,NULL,NULL,NULL,NULL,NULL,NULL,NULL,0,0,5,NULL,NULL,NULL),(253,76,3,2,3,'2008-04-01 06:34:42','0.00','44.00',NULL,NULL,'#0237424cef732f066ee514f4f992bfea',NULL,'',NULL,NULL,NULL,NULL,NULL,NULL,NULL,NULL,0,0,3,NULL,NULL,NULL),(254,283,1,3,2,'2008-11-18 06:30:14','0.00','66.00',NULL,NULL,'#7551291a3b307c25569152099f6dcb6b',NULL,'',NULL,NULL,NULL,NULL,NULL,NULL,NULL,NULL,0,0,2,NULL,NULL,NULL),(255,379,2,1,3,'2009-05-11 03:09:49','0.00','21.00',NULL,NULL,'#f03883104a3a55f2ef200eb2823d781e',NULL,'',NULL,NULL,NULL,NULL,NULL,NULL,NULL,NULL,0,0,2,NULL,NULL,NULL),(256,297,3,1,4,'2008-09-14 11:45:53','0.00','35.00',NULL,NULL,'#535ae816230b504f5e41abb4698060f2',NULL,'',NULL,NULL,NULL,NULL,NULL,NULL,NULL,NULL,0,0,5,NULL,NULL,NULL),(257,495,3,1,5,'2008-10-10 10:32:06','0.00','37.00',NULL,NULL,'#7d76c53d682888edc936c0c27742cb75',NULL,'',NULL,NULL,NULL,NULL,NULL,NULL,NULL,NULL,0,0,5,NULL,NULL,NULL),(258,274,1,2,4,'2007-07-17 02:22:24','0.00','67.00',NULL,NULL,'#747dd02758d1948dc7618149460d0328',NULL,'',NULL,NULL,NULL,NULL,NULL,NULL,NULL,NULL,0,0,3,NULL,NULL,NULL),(259,313,3,1,4,'2008-04-25 05:01:03','0.00','74.00',NULL,NULL,'#7e5530963bb1e5037dc771b15f6f5de2',NULL,'',NULL,NULL,NULL,NULL,NULL,NULL,NULL,NULL,0,0,3,NULL,NULL,NULL),(260,466,4,1,4,'2008-11-28 09:13:19','0.00','50.00',NULL,NULL,'#67588a3af69ef4bcd3e731c915d29336',NULL,'',NULL,NULL,NULL,NULL,NULL,NULL,NULL,NULL,0,0,5,NULL,NULL,NULL),(261,223,1,2,2,'2007-12-19 09:47:08','0.00','24.00',NULL,NULL,'#3d79e149ab19e08edc38e07b2e817a58',NULL,'',NULL,NULL,NULL,NULL,NULL,NULL,NULL,NULL,0,0,1,NULL,NULL,NULL),(262,133,3,3,5,'2008-03-07 02:35:17','0.00','42.00',NULL,NULL,'#9ccca392295de851d9ec3193137a2ca1',NULL,'',NULL,NULL,NULL,NULL,NULL,NULL,NULL,NULL,0,0,2,NULL,NULL,NULL),(263,451,4,2,3,'2007-10-29 08:50:52','0.00','25.00',NULL,NULL,'#917c75a5f77551bd3981e3bccdd49c6a',NULL,'',NULL,NULL,NULL,NULL,NULL,NULL,NULL,NULL,0,0,5,NULL,NULL,NULL),(264,476,1,2,2,'2008-06-02 11:20:41','0.00','48.00',NULL,NULL,'#4f6af3a5ac8bad63773ba8df6e6ea824',NULL,'',NULL,NULL,NULL,NULL,NULL,NULL,NULL,NULL,0,0,2,NULL,NULL,NULL),(265,165,3,1,4,'2009-03-25 04:54:24','0.00','68.00',NULL,NULL,'#f47d54014de8ee52ad701da1e6336730',NULL,'',NULL,NULL,NULL,NULL,NULL,NULL,NULL,NULL,0,0,4,NULL,NULL,NULL),(266,327,4,1,2,'2009-01-17 03:51:18','0.00','74.00',NULL,NULL,'#857a59107be07a93805fc2a396f6d854',NULL,'',NULL,NULL,NULL,NULL,NULL,NULL,NULL,NULL,0,0,2,NULL,NULL,NULL),(267,349,4,1,4,'2008-03-20 06:15:26','0.00','14.00',NULL,NULL,'#3dd99bb815b3ec59bb6a27c1ce41cb43',NULL,'',NULL,NULL,NULL,NULL,NULL,NULL,NULL,NULL,0,0,3,NULL,NULL,NULL),(268,159,4,2,3,'2007-12-21 11:00:54','0.00','53.00',NULL,NULL,'#77fdf4502047f3f71b3838cfdc487992',NULL,'',NULL,NULL,NULL,NULL,NULL,NULL,NULL,NULL,0,0,5,NULL,NULL,NULL),(269,315,2,1,4,'2008-03-25 03:37:45','0.00','84.00',NULL,NULL,'#3c491edbc2332cd91088f6257e7ec46a',NULL,'',NULL,NULL,NULL,NULL,NULL,NULL,NULL,NULL,0,0,5,NULL,NULL,NULL),(270,438,4,2,1,'2007-08-26 10:44:21','0.00','77.00',NULL,NULL,'#9d690d09b2361a49f8ebdb0694143ddb',NULL,'',NULL,NULL,NULL,NULL,NULL,NULL,NULL,NULL,0,0,2,NULL,NULL,NULL),(271,150,4,3,1,'2009-04-25 08:49:57','0.00','94.00',NULL,NULL,'#610ffdeccf2b752b002dfd6678a16e72',NULL,'',NULL,NULL,NULL,NULL,NULL,NULL,NULL,NULL,0,0,2,NULL,NULL,NULL),(272,361,1,1,4,'2008-08-15 07:32:35','0.00','97.00',NULL,NULL,'#067ae086ddd4e0b7e31fb749d1191002',NULL,'',NULL,NULL,NULL,NULL,NULL,NULL,NULL,NULL,0,0,1,NULL,NULL,NULL),(273,412,3,2,5,'2007-08-30 06:03:09','0.00','97.00',NULL,NULL,'#bce1bb704c5e9e88bde580c0c2b27e7a',NULL,'',NULL,NULL,NULL,NULL,NULL,NULL,NULL,NULL,0,0,2,NULL,NULL,NULL),(274,203,3,3,1,'2009-02-11 12:47:10','0.00','35.00',NULL,NULL,'#cb976465b534291fce440313ba5bb569',NULL,'',NULL,NULL,NULL,NULL,NULL,NULL,NULL,NULL,0,0,3,NULL,NULL,NULL),(275,130,2,1,4,'2007-09-09 01:21:42','0.00','14.00',NULL,NULL,'#904307376b1758f3989a110e2e2e8a84',NULL,'',NULL,NULL,NULL,NULL,NULL,NULL,NULL,NULL,0,0,4,NULL,NULL,NULL),(276,324,2,3,3,'2008-07-23 09:49:21','0.00','23.00',NULL,NULL,'#46018daedb10be6f7e72a00dfe9a42fe',NULL,'',NULL,NULL,NULL,NULL,NULL,NULL,NULL,NULL,0,0,4,NULL,NULL,NULL),(277,446,3,2,4,'2007-08-13 04:32:29','0.00','20.00',NULL,NULL,'#cf53abb1676646b1950dc6e990c168b9',NULL,'',NULL,NULL,NULL,NULL,NULL,NULL,NULL,NULL,0,0,6,NULL,NULL,NULL),(278,89,4,2,3,'2008-05-29 06:39:43','0.00','10.00',NULL,NULL,'#a12222eebcc36642e219b52e47c5b7dc',NULL,'',NULL,NULL,NULL,NULL,NULL,NULL,NULL,NULL,0,0,2,NULL,NULL,NULL),(279,475,1,2,5,'2008-08-21 03:50:31','0.00','50.00',NULL,NULL,'#a0e61bf1273937905634fd2a4a9593cd',NULL,'',NULL,NULL,NULL,NULL,NULL,NULL,NULL,NULL,0,0,3,NULL,NULL,NULL),(280,118,3,2,4,'2009-01-01 10:56:56','0.00','12.00',NULL,NULL,'#84b0f5bb3394d0d9e8a9bb5b21eeca82',NULL,'',NULL,NULL,NULL,NULL,NULL,NULL,NULL,NULL,0,0,3,NULL,NULL,NULL),(281,50,4,3,5,'2007-12-20 01:23:46','0.00','34.00',NULL,NULL,'#22bcbfdf953a126341288dd89a26e888',NULL,'',NULL,NULL,NULL,NULL,NULL,NULL,NULL,NULL,0,0,2,NULL,NULL,NULL),(282,309,4,3,5,'2008-07-16 12:50:43','0.00','28.00',NULL,NULL,'#ec46db0e644a949f25ebe13cc8e21f6e',NULL,'',NULL,NULL,NULL,NULL,NULL,NULL,NULL,NULL,0,0,6,NULL,NULL,NULL),(283,48,3,1,5,'2008-11-02 06:19:48','0.00','71.00',NULL,NULL,'#e281d22d346f2bc1c7693bb60a19f8be',NULL,'',NULL,NULL,NULL,NULL,NULL,NULL,NULL,NULL,0,0,2,NULL,NULL,NULL),(284,67,3,3,2,'2008-08-02 08:10:09','0.00','54.00',NULL,NULL,'#c5bdb63d68ec3ba527902b26b829573f',NULL,'',NULL,NULL,NULL,NULL,NULL,NULL,NULL,NULL,0,0,6,NULL,NULL,NULL),(285,72,3,2,4,'2008-11-03 06:51:16','0.00','18.00',NULL,NULL,'#615fbb6f4340acde594002a4e6be1c77',NULL,'',NULL,NULL,NULL,NULL,NULL,NULL,NULL,NULL,0,0,6,NULL,NULL,NULL),(286,200,3,3,3,'2009-04-06 02:52:55','0.00','17.00',NULL,NULL,'#cce8b5ec08a54a18ce53eb6622665cc6',NULL,'',NULL,NULL,NULL,NULL,NULL,NULL,NULL,NULL,0,0,2,NULL,NULL,NULL),(287,120,2,2,5,'2007-06-16 02:04:42','0.00','24.00',NULL,NULL,'#3d27f5d04d7e882e008a1c9c0554620e',NULL,'',NULL,NULL,NULL,NULL,NULL,NULL,NULL,NULL,0,0,3,NULL,NULL,NULL),(288,225,3,1,2,'2007-07-03 12:24:03','0.00','11.00',NULL,NULL,'#124fdb60d93a1848ff7cbaa97e080907',NULL,'',NULL,NULL,NULL,NULL,NULL,NULL,NULL,NULL,0,0,1,NULL,NULL,NULL),(289,403,3,1,3,'2009-01-17 02:34:44','0.00','26.00',NULL,NULL,'#d136cd5b1816acc7362f94dc30b35f5d',NULL,'',NULL,NULL,NULL,NULL,NULL,NULL,NULL,NULL,0,0,2,NULL,NULL,NULL),(290,253,2,2,1,'2007-12-04 07:18:55','0.00','37.00',NULL,NULL,'#0da0bed56e210c4d8409e22b1bf48f4b',NULL,'',NULL,NULL,NULL,NULL,NULL,NULL,NULL,NULL,0,0,6,NULL,NULL,NULL),(291,181,2,3,1,'2008-07-13 07:29:01','0.00','32.00',NULL,NULL,'#2b60e4aa4b8e0e539148deff3bdad013',NULL,'',NULL,NULL,NULL,NULL,NULL,NULL,NULL,NULL,0,0,5,NULL,NULL,NULL),(292,143,4,1,1,'2007-12-11 03:16:38','0.00','97.00',NULL,NULL,'#4d832f5063312eff616b47b212294638',NULL,'',NULL,NULL,NULL,NULL,NULL,NULL,NULL,NULL,0,0,4,NULL,NULL,NULL),(293,367,2,1,5,'2009-03-17 11:42:32','0.00','25.00',NULL,NULL,'#c7fb8b3b0ebcae52501389add37080d2',NULL,'',NULL,NULL,NULL,NULL,NULL,NULL,NULL,NULL,0,0,2,NULL,NULL,NULL),(294,101,1,1,2,'2007-12-13 05:19:24','0.00','20.00',NULL,NULL,'#a7c9be7e405476ede5c08e8e6c509daf',NULL,'',NULL,NULL,NULL,NULL,NULL,NULL,NULL,NULL,0,0,1,NULL,NULL,NULL),(295,127,4,1,5,'2007-09-28 08:14:44','0.00','35.00',NULL,NULL,'#c520166e60455a74ca650f20b98dee38',NULL,'',NULL,NULL,NULL,NULL,NULL,NULL,NULL,NULL,0,0,4,NULL,NULL,NULL),(296,352,1,3,1,'2009-05-06 10:55:04','0.00','26.00',NULL,NULL,'#2a71d4b2529677173ade49420865a6eb',NULL,'',NULL,NULL,NULL,NULL,NULL,NULL,NULL,NULL,0,0,3,NULL,NULL,NULL),(297,407,1,2,1,'2008-03-27 04:19:44','0.00','43.00',NULL,NULL,'#61fb97c733b25f4b20d63317f0eb7938',NULL,'',NULL,NULL,NULL,NULL,NULL,NULL,NULL,NULL,0,0,5,NULL,NULL,NULL),(298,12,2,3,3,'2008-11-03 03:07:43','0.00','27.00',NULL,NULL,'#992b2692b7b7f77acafa7feaf3840aae',NULL,'',NULL,NULL,NULL,NULL,NULL,NULL,NULL,NULL,0,0,4,NULL,NULL,NULL),(299,451,1,3,3,'2007-11-19 08:39:35','0.00','89.00',NULL,NULL,'#8050aeb971a2c80f3573ec5ac8eeabc1',NULL,'',NULL,NULL,NULL,NULL,NULL,NULL,NULL,NULL,0,0,4,NULL,NULL,NULL),(300,434,4,2,3,'2009-04-25 05:17:48','0.00','74.00',NULL,NULL,'#a923e7ed0bd36efcb86f3acf2b576237',NULL,'',NULL,NULL,NULL,NULL,NULL,NULL,NULL,NULL,0,0,1,NULL,NULL,NULL),(301,474,3,1,4,'2007-12-18 05:51:22','0.00','32.00',NULL,NULL,'#3d8dc93ceee189fdce0480e67c56761d',NULL,'',NULL,NULL,NULL,NULL,NULL,NULL,NULL,NULL,0,0,3,NULL,NULL,NULL),(302,404,4,1,4,'2009-01-25 10:41:59','0.00','11.00',NULL,NULL,'#ff3451e7ad91fadc2a528ba23f2beab1',NULL,'',NULL,NULL,NULL,NULL,NULL,NULL,NULL,NULL,0,0,5,NULL,NULL,NULL),(303,413,3,3,1,'2007-09-13 07:05:19','0.00','24.00',NULL,NULL,'#50d1e37659fb07de0e7a94cf05ba6c13',NULL,'',NULL,NULL,NULL,NULL,NULL,NULL,NULL,NULL,0,0,4,NULL,NULL,NULL),(304,100,2,1,1,'2007-08-15 10:28:25','0.00','94.00',NULL,NULL,'#c615b81f67569f3c42d5bc65c526586e',NULL,'',NULL,NULL,NULL,NULL,NULL,NULL,NULL,NULL,0,0,3,NULL,NULL,NULL),(305,5,1,3,1,'2007-11-18 11:41:27','0.00','83.00',NULL,NULL,'#08054123ffee1eacb53fbd72c4fc5a2c',NULL,'',NULL,NULL,NULL,NULL,NULL,NULL,NULL,NULL,0,0,3,NULL,NULL,NULL),(306,96,4,2,4,'2008-02-21 02:31:09','0.00','26.00',NULL,NULL,'#972dda6bdfab2e9ad1ecf3aef30c4b77',NULL,'',NULL,NULL,NULL,NULL,NULL,NULL,NULL,NULL,0,0,4,NULL,NULL,NULL),(307,293,1,3,3,'2007-11-22 12:49:41','0.00','85.00',NULL,NULL,'#2cf10dfc7089de9795e6319f3e4a92d8',NULL,'',NULL,NULL,NULL,NULL,NULL,NULL,NULL,NULL,0,0,4,NULL,NULL,NULL),(308,439,1,1,4,'2007-09-20 09:20:39','0.00','36.00',NULL,NULL,'#5536a167fd49ffe62b475220750e479d',NULL,'',NULL,NULL,NULL,NULL,NULL,NULL,NULL,NULL,0,0,6,NULL,NULL,NULL),(309,500,3,2,1,'2008-11-30 03:56:05','0.00','22.00',NULL,NULL,'#0af9ec2256394458bb3c0585a24a0f71',NULL,'',NULL,NULL,NULL,NULL,NULL,NULL,NULL,NULL,0,0,1,NULL,NULL,NULL),(310,342,3,3,1,'2007-08-30 12:20:17','0.00','73.00',NULL,NULL,'#ea32c6e82f8ecbf7d7cca0bef706712e',NULL,'',NULL,NULL,NULL,NULL,NULL,NULL,NULL,NULL,0,0,1,NULL,NULL,NULL),(311,108,3,2,4,'2007-08-23 03:09:22','0.00','92.00',NULL,NULL,'#8ff6c7a72ad6b321614169c3505a8e0c',NULL,'',NULL,NULL,NULL,NULL,NULL,NULL,NULL,NULL,0,0,6,NULL,NULL,NULL),(312,89,1,1,1,'2007-07-17 01:53:14','0.00','19.00',NULL,NULL,'#72c95fdf2ae51f5c785bdbc463836c4c',NULL,'',NULL,NULL,NULL,NULL,NULL,NULL,NULL,NULL,0,0,1,NULL,NULL,NULL),(313,169,3,1,2,'2007-11-03 06:42:24','0.00','37.00',NULL,NULL,'#a3384f9336e9b9b8f9692cdce6679a8d',NULL,'',NULL,NULL,NULL,NULL,NULL,NULL,NULL,NULL,0,0,1,NULL,NULL,NULL),(314,207,3,1,4,'2009-02-11 10:36:41','0.00','85.00',NULL,NULL,'#a195e348aee34e6bc1f9034ca05fd021',NULL,'',NULL,NULL,NULL,NULL,NULL,NULL,NULL,NULL,0,0,4,NULL,NULL,NULL),(315,300,3,1,1,'2009-05-26 09:33:01','0.00','58.00',NULL,NULL,'#11343b2d6bb8c964d595f93c3d603585',NULL,'',NULL,NULL,NULL,NULL,NULL,NULL,NULL,NULL,0,0,1,NULL,NULL,NULL),(316,343,4,1,5,'2008-08-06 06:01:37','0.00','94.00',NULL,NULL,'#b416adff77563eb212a2e3167ab14132',NULL,'',NULL,NULL,NULL,NULL,NULL,NULL,NULL,NULL,0,0,1,NULL,NULL,NULL),(317,300,2,1,5,'2007-12-28 11:39:13','0.00','53.00',NULL,NULL,'#6f3d6f3611d48b2d6b4ec797f3e7684e',NULL,'',NULL,NULL,NULL,NULL,NULL,NULL,NULL,NULL,0,0,5,NULL,NULL,NULL),(318,299,4,1,5,'2007-09-18 11:01:03','0.00','98.00',NULL,NULL,'#8c46f5018af8cb6ceb6da402121fec63',NULL,'',NULL,NULL,NULL,NULL,NULL,NULL,NULL,NULL,0,0,5,NULL,NULL,NULL),(319,148,1,1,1,'2009-04-05 05:02:34','0.00','18.00',NULL,NULL,'#de5c08f0c1ae2bcc579f2b7274ecab09',NULL,'',NULL,NULL,NULL,NULL,NULL,NULL,NULL,NULL,0,0,6,NULL,NULL,NULL),(320,459,3,2,3,'2008-11-05 01:49:09','0.00','77.00',NULL,NULL,'#7a25819c88f3c52066936e4ce782cd2c',NULL,'',NULL,NULL,NULL,NULL,NULL,NULL,NULL,NULL,0,0,4,NULL,NULL,NULL),(321,140,4,2,5,'2007-10-01 02:13:46','0.00','59.00',NULL,NULL,'#f6a23c3b01069b37ac82cf2bb8cf0e46',NULL,'',NULL,NULL,NULL,NULL,NULL,NULL,NULL,NULL,0,0,4,NULL,NULL,NULL),(322,12,1,1,5,'2007-11-05 07:53:12','0.00','60.00',NULL,NULL,'#9569ceffaaf87bd92ec9d7a1d40edd29',NULL,'',NULL,NULL,NULL,NULL,NULL,NULL,NULL,NULL,0,0,3,NULL,NULL,NULL),(323,370,1,1,3,'2007-08-19 04:58:37','0.00','88.00',NULL,NULL,'#7f6295eaa16795833e07aa4cbbbb5a61',NULL,'',NULL,NULL,NULL,NULL,NULL,NULL,NULL,NULL,0,0,2,NULL,NULL,NULL),(324,372,2,1,1,'2008-02-02 02:31:25','0.00','59.00',NULL,NULL,'#9f0eeffc86ab2e1f44038e376e35d082',NULL,'',NULL,NULL,NULL,NULL,NULL,NULL,NULL,NULL,0,0,4,NULL,NULL,NULL),(325,295,4,1,5,'2008-09-10 04:05:08','0.00','59.00',NULL,NULL,'#11371264381d4f9b4787446c059d664f',NULL,'',NULL,NULL,NULL,NULL,NULL,NULL,NULL,NULL,0,0,1,NULL,NULL,NULL),(326,486,4,2,1,'2007-09-23 04:45:11','0.00','87.00',NULL,NULL,'#acee49169b0e0208b94bb8d9d7749fae',NULL,'',NULL,NULL,NULL,NULL,NULL,NULL,NULL,NULL,0,0,4,NULL,NULL,NULL),(327,312,4,2,2,'2009-02-14 07:35:25','0.00','51.00',NULL,NULL,'#acf079c20718fc604ae49e8c415a94be',NULL,'',NULL,NULL,NULL,NULL,NULL,NULL,NULL,NULL,0,0,4,NULL,NULL,NULL),(328,443,3,3,2,'2008-01-03 02:12:14','0.00','94.00',NULL,NULL,'#3bcc9dafc708b66672fb43e56445f509',NULL,'',NULL,NULL,NULL,NULL,NULL,NULL,NULL,NULL,0,0,3,NULL,NULL,NULL),(329,362,1,1,1,'2007-09-03 05:31:19','0.00','18.00',NULL,NULL,'#a7cee3fb54c336659d9cff2999302a89',NULL,'',NULL,NULL,NULL,NULL,NULL,NULL,NULL,NULL,0,0,6,NULL,NULL,NULL),(330,175,1,3,3,'2007-07-03 02:15:50','0.00','72.00',NULL,NULL,'#fc822045cab4239b86951b8ddf431454',NULL,'',NULL,NULL,NULL,NULL,NULL,NULL,NULL,NULL,0,0,3,NULL,NULL,NULL),(331,476,4,1,3,'2009-05-13 11:39:54','0.00','58.00',NULL,NULL,'#9802fb3ad252e6826401c003459a3564',NULL,'',NULL,NULL,NULL,NULL,NULL,NULL,NULL,NULL,0,0,1,NULL,NULL,NULL),(332,424,2,3,5,'2009-01-15 07:39:40','0.00','56.00',NULL,NULL,'#df1a47ee652a78170de853b124e046ca',NULL,'',NULL,NULL,NULL,NULL,NULL,NULL,NULL,NULL,0,0,4,NULL,NULL,NULL),(333,305,3,3,4,'2008-02-27 04:18:17','0.00','56.00',NULL,NULL,'#d9c9eeb65d44b0c6a356b7f61e2fb5ef',NULL,'',NULL,NULL,NULL,NULL,NULL,NULL,NULL,NULL,0,0,5,NULL,NULL,NULL),(334,455,3,2,3,'2007-09-30 06:27:13','0.00','86.00',NULL,NULL,'#6219d2245385c9053f9d86136482b073',NULL,'',NULL,NULL,NULL,NULL,NULL,NULL,NULL,NULL,0,0,6,NULL,NULL,NULL),(335,32,4,3,5,'2008-07-05 12:14:38','0.00','47.00',NULL,NULL,'#d7daf809f988d243cdc8816624053760',NULL,'',NULL,NULL,NULL,NULL,NULL,NULL,NULL,NULL,0,0,4,NULL,NULL,NULL),(336,169,4,1,1,'2008-09-16 03:40:28','0.00','77.00',NULL,NULL,'#c5a567a3e9ddf6f0155844fe8032ddf4',NULL,'',NULL,NULL,NULL,NULL,NULL,NULL,NULL,NULL,0,0,2,NULL,NULL,NULL),(337,128,2,2,5,'2009-04-17 06:51:49','0.00','61.00',NULL,NULL,'#7689182362f77d8c2334f544b4bfd409',NULL,'',NULL,NULL,NULL,NULL,NULL,NULL,NULL,NULL,0,0,3,NULL,NULL,NULL),(338,367,3,2,2,'2008-07-31 02:27:03','0.00','90.00',NULL,NULL,'#ba015913ce924479696b5ce6ccc83850',NULL,'',NULL,NULL,NULL,NULL,NULL,NULL,NULL,NULL,0,0,4,NULL,NULL,NULL),(339,268,2,2,5,'2008-03-24 01:17:22','0.00','55.00',NULL,NULL,'#f90089df54b0be03ad9944d6102c851a',NULL,'',NULL,NULL,NULL,NULL,NULL,NULL,NULL,NULL,0,0,6,NULL,NULL,NULL),(340,194,4,2,4,'2008-10-04 03:54:12','0.00','53.00',NULL,NULL,'#d8b8c9b3a450d3dc96d0505128df6310',NULL,'',NULL,NULL,NULL,NULL,NULL,NULL,NULL,NULL,0,0,3,NULL,NULL,NULL),(341,310,3,2,5,'2008-01-11 11:34:22','0.00','78.00',NULL,NULL,'#c409ee9b3f5c0569b69361aafe54c2f5',NULL,'',NULL,NULL,NULL,NULL,NULL,NULL,NULL,NULL,0,0,6,NULL,NULL,NULL),(342,484,1,3,5,'2008-07-31 05:32:29','0.00','13.00',NULL,NULL,'#6d8b94441fcd38302205cbfc7bb2100d',NULL,'',NULL,NULL,NULL,NULL,NULL,NULL,NULL,NULL,0,0,1,NULL,NULL,NULL),(343,235,2,3,3,'2007-09-17 11:37:16','0.00','44.00',NULL,NULL,'#ebb3b9da3fca4aadd85e2cee29251f0d',NULL,'',NULL,NULL,NULL,NULL,NULL,NULL,NULL,NULL,0,0,3,NULL,NULL,NULL),(344,116,2,3,5,'2009-04-04 05:26:07','0.00','25.00',NULL,NULL,'#22115a6b6d44eee082fbc404e9ccf3c6',NULL,'',NULL,NULL,NULL,NULL,NULL,NULL,NULL,NULL,0,0,1,NULL,NULL,NULL),(345,388,2,2,5,'2008-09-03 10:58:38','0.00','76.00',NULL,NULL,'#117869bd32a8a6b45a280cf7e64ade0c',NULL,'',NULL,NULL,NULL,NULL,NULL,NULL,NULL,NULL,0,0,5,NULL,NULL,NULL),(346,354,3,3,1,'2007-08-19 03:38:07','0.00','87.00',NULL,NULL,'#025f5912dd0f03f0c0872f3b7274b57e',NULL,'',NULL,NULL,NULL,NULL,NULL,NULL,NULL,NULL,0,0,2,NULL,NULL,NULL),(347,19,1,1,3,'2007-10-24 07:30:49','0.00','47.00',NULL,NULL,'#b735e80b788e13f4683d88676515b797',NULL,'',NULL,NULL,NULL,NULL,NULL,NULL,NULL,NULL,0,0,1,NULL,NULL,NULL),(348,200,2,2,1,'2007-09-21 12:13:36','0.00','90.00',NULL,NULL,'#aec38d504ea21e97e8673c411c2ebc54',NULL,'',NULL,NULL,NULL,NULL,NULL,NULL,NULL,NULL,0,0,6,NULL,NULL,NULL),(349,210,2,1,5,'2008-10-14 09:03:04','0.00','44.00',NULL,NULL,'#998ee62d889a1183fb4784994986f37b',NULL,'',NULL,NULL,NULL,NULL,NULL,NULL,NULL,NULL,0,0,5,NULL,NULL,NULL),(350,252,1,2,4,'2007-09-12 09:57:40','0.00','59.00',NULL,NULL,'#e75db6bbee7598845356afb8daac678d',NULL,'',NULL,NULL,NULL,NULL,NULL,NULL,NULL,NULL,0,0,1,NULL,NULL,NULL),(351,488,1,3,5,'2008-06-11 08:15:33','0.00','34.00',NULL,NULL,'#b0ededf9b0d6dda61f8381c25cfdadbc',NULL,'',NULL,NULL,NULL,NULL,NULL,NULL,NULL,NULL,0,0,3,NULL,NULL,NULL),(352,377,1,1,3,'2007-11-05 02:23:00','0.00','37.00',NULL,NULL,'#ec5dbde10d5ca5429176cd624e03fb40',NULL,'',NULL,NULL,NULL,NULL,NULL,NULL,NULL,NULL,0,0,5,NULL,NULL,NULL),(353,193,4,1,5,'2008-05-06 10:37:27','0.00','71.00',NULL,NULL,'#f28af17124a842014c0e6b6b823eaea3',NULL,'',NULL,NULL,NULL,NULL,NULL,NULL,NULL,NULL,0,0,3,NULL,NULL,NULL),(354,219,1,3,4,'2008-04-21 08:16:32','0.00','29.00',NULL,NULL,'#3b0bc21f256590a09a818bd2dcdda47e',NULL,'',NULL,NULL,NULL,NULL,NULL,NULL,NULL,NULL,0,0,6,NULL,NULL,NULL),(355,487,1,3,3,'2007-08-20 06:56:00','0.00','64.00',NULL,NULL,'#d6135701f419f4378f3c16c7b08ecd4e',NULL,'',NULL,NULL,NULL,NULL,NULL,NULL,NULL,NULL,0,0,1,NULL,NULL,NULL),(356,178,3,3,5,'2009-04-23 02:15:10','0.00','95.00',NULL,NULL,'#ae27e0c36f7bc0feb5a096cca8e879d5',NULL,'',NULL,NULL,NULL,NULL,NULL,NULL,NULL,NULL,0,0,1,NULL,NULL,NULL),(357,483,3,1,5,'2008-12-17 04:39:28','0.00','75.00',NULL,NULL,'#0f5f5f639a298f29d8719b6195aa731b',NULL,'',NULL,NULL,NULL,NULL,NULL,NULL,NULL,NULL,0,0,1,NULL,NULL,NULL),(358,149,4,1,5,'2007-12-21 07:01:05','0.00','21.00',NULL,NULL,'#2aaf6475a798c2ea8e5481b74fd57001',NULL,'',NULL,NULL,NULL,NULL,NULL,NULL,NULL,NULL,0,0,1,NULL,NULL,NULL),(359,212,4,1,5,'2008-10-22 01:47:48','0.00','73.00',NULL,NULL,'#56d92d7c52dc87ee581f5cc584096ea2',NULL,'',NULL,NULL,NULL,NULL,NULL,NULL,NULL,NULL,0,0,6,NULL,NULL,NULL),(360,124,4,3,4,'2008-02-11 07:45:46','0.00','70.00',NULL,NULL,'#02bb61a29ea7c2345d4c66bf6a2b660b',NULL,'',NULL,NULL,NULL,NULL,NULL,NULL,NULL,NULL,0,0,5,NULL,NULL,NULL),(361,21,2,1,2,'2007-07-24 10:06:19','0.00','76.00',NULL,NULL,'#f84b3819c3b2ec82018f5cc4e4fd1ecb',NULL,'',NULL,NULL,NULL,NULL,NULL,NULL,NULL,NULL,0,0,2,NULL,NULL,NULL),(362,167,3,1,1,'2007-12-26 11:15:28','0.00','96.00',NULL,NULL,'#12bb133a4700cb05d2256fa22db794c2',NULL,'',NULL,NULL,NULL,NULL,NULL,NULL,NULL,NULL,0,0,1,NULL,NULL,NULL),(363,113,1,3,3,'2009-04-13 03:44:33','0.00','33.00',NULL,NULL,'#3e0fa2c675eb18cfa3798ec49ef427fd',NULL,'',NULL,NULL,NULL,NULL,NULL,NULL,NULL,NULL,0,0,3,NULL,NULL,NULL),(364,433,2,3,5,'2007-07-27 04:31:45','0.00','78.00',NULL,NULL,'#2657659d16dca7f76317252d6fe2a8c7',NULL,'',NULL,NULL,NULL,NULL,NULL,NULL,NULL,NULL,0,0,2,NULL,NULL,NULL),(365,16,2,2,5,'2009-02-04 08:22:31','0.00','85.00',NULL,NULL,'#d2c21356def69589e53c25707bf9554f',NULL,'',NULL,NULL,NULL,NULL,NULL,NULL,NULL,NULL,0,0,1,NULL,NULL,NULL),(366,97,3,1,2,'2007-12-25 10:05:46','0.00','78.00',NULL,NULL,'#97d211bd6a309834d4a6c2dc3364b67e',NULL,'',NULL,NULL,NULL,NULL,NULL,NULL,NULL,NULL,0,0,6,NULL,NULL,NULL),(367,183,3,2,2,'2008-11-17 07:41:47','0.00','38.00',NULL,NULL,'#dfa1f5effc18b36af957d69618b33e4a',NULL,'',NULL,NULL,NULL,NULL,NULL,NULL,NULL,NULL,0,0,3,NULL,NULL,NULL),(368,266,1,2,5,'2008-05-05 06:07:04','0.00','19.00',NULL,NULL,'#2ea85b23d04ae5acc2d84f6a39ef1293',NULL,'',NULL,NULL,NULL,NULL,NULL,NULL,NULL,NULL,0,0,1,NULL,NULL,NULL),(369,353,3,1,1,'2009-02-05 10:23:19','0.00','58.00',NULL,NULL,'#17fc4f0a48b69e029685f16430e63751',NULL,'',NULL,NULL,NULL,NULL,NULL,NULL,NULL,NULL,0,0,5,NULL,NULL,NULL),(370,81,2,3,1,'2009-01-22 07:36:59','0.00','96.00',NULL,NULL,'#bcacce46eb0af213fdcbb655059d81cf',NULL,'',NULL,NULL,NULL,NULL,NULL,NULL,NULL,NULL,0,0,6,NULL,NULL,NULL),(371,401,2,2,4,'2008-01-19 08:05:14','0.00','12.00',NULL,NULL,'#47213c6d96345f20e45b1bb1d94d65f5',NULL,'',NULL,NULL,NULL,NULL,NULL,NULL,NULL,NULL,0,0,4,NULL,NULL,NULL),(372,172,1,1,4,'2007-06-20 10:52:33','0.00','12.00',NULL,NULL,'#a3eebe812b218b6c1af4e8296d2241f7',NULL,'',NULL,NULL,NULL,NULL,NULL,NULL,NULL,NULL,0,0,6,NULL,NULL,NULL),(373,13,2,3,2,'2007-09-08 02:00:07','0.00','86.00',NULL,NULL,'#85446e45adf078ddea54634afeaf90f4',NULL,'',NULL,NULL,NULL,NULL,NULL,NULL,NULL,NULL,0,0,6,NULL,NULL,NULL),(374,7,3,3,1,'2008-08-04 05:13:38','0.00','66.00',NULL,NULL,'#479b79d001a6185e6b3cb701dc906243',NULL,'',NULL,NULL,NULL,NULL,NULL,NULL,NULL,NULL,0,0,2,NULL,NULL,NULL),(375,307,2,1,1,'2007-10-28 05:16:05','0.00','46.00',NULL,NULL,'#21fe71cf33e16b1ce8cb841f51f27d50',NULL,'',NULL,NULL,NULL,NULL,NULL,NULL,NULL,NULL,0,0,3,NULL,NULL,NULL),(376,30,2,1,3,'2008-09-10 09:43:49','0.00','70.00',NULL,NULL,'#adb11fa4044753b7d6a765dc448dc972',NULL,'',NULL,NULL,NULL,NULL,NULL,NULL,NULL,NULL,0,0,1,NULL,NULL,NULL),(377,232,4,1,2,'2008-10-06 08:49:26','0.00','91.00',NULL,NULL,'#f900458b002d207d79215af52da8662e',NULL,'',NULL,NULL,NULL,NULL,NULL,NULL,NULL,NULL,0,0,6,NULL,NULL,NULL),(378,91,3,2,1,'2008-11-10 10:06:52','0.00','81.00',NULL,NULL,'#5c57fe58672ad6903faaf4c4915267db',NULL,'',NULL,NULL,NULL,NULL,NULL,NULL,NULL,NULL,0,0,2,NULL,NULL,NULL),(379,192,4,2,3,'2007-07-11 04:24:24','0.00','79.00',NULL,NULL,'#191966951f003819a3d7a339b9fe425f',NULL,'',NULL,NULL,NULL,NULL,NULL,NULL,NULL,NULL,0,0,3,NULL,NULL,NULL),(380,11,1,3,1,'2009-02-13 01:34:56','0.00','68.00',NULL,NULL,'#f29b68b51b3c9ec733eedca66f4b6c8c',NULL,'',NULL,NULL,NULL,NULL,NULL,NULL,NULL,NULL,0,0,1,NULL,NULL,NULL),(381,275,4,3,2,'2008-03-10 07:57:15','0.00','46.00',NULL,NULL,'#a95f794ea5c74567e8fae55cd7be4769',NULL,'',NULL,NULL,NULL,NULL,NULL,NULL,NULL,NULL,0,0,5,NULL,NULL,NULL),(382,241,3,2,5,'2008-04-20 11:19:10','0.00','85.00',NULL,NULL,'#24c801b65b9099e8e5ee5e2b06a9f42b',NULL,'',NULL,NULL,NULL,NULL,NULL,NULL,NULL,NULL,0,0,3,NULL,NULL,NULL),(383,95,2,2,3,'2008-11-28 05:23:10','0.00','66.00',NULL,NULL,'#5d0e02fceb803dff135edce188872949',NULL,'',NULL,NULL,NULL,NULL,NULL,NULL,NULL,NULL,0,0,5,NULL,NULL,NULL),(384,183,4,3,2,'2008-07-03 06:00:53','0.00','19.00',NULL,NULL,'#7e90777d8b9ecde6592c4f03f10f64fe',NULL,'',NULL,NULL,NULL,NULL,NULL,NULL,NULL,NULL,0,0,2,NULL,NULL,NULL),(385,393,1,3,2,'2008-04-08 02:31:21','0.00','18.00',NULL,NULL,'#fb97694911c710b7f32c99026372ae07',NULL,'',NULL,NULL,NULL,NULL,NULL,NULL,NULL,NULL,0,0,4,NULL,NULL,NULL),(386,315,1,3,3,'2009-02-02 08:15:49','0.00','78.00',NULL,NULL,'#894fc18f3daa5775299130ee67974338',NULL,'',NULL,NULL,NULL,NULL,NULL,NULL,NULL,NULL,0,0,4,NULL,NULL,NULL),(387,282,3,3,2,'2008-04-02 03:26:25','0.00','94.00',NULL,NULL,'#7868fa49031f2b3b9829cec7ac82118e',NULL,'',NULL,NULL,NULL,NULL,NULL,NULL,NULL,NULL,0,0,3,NULL,NULL,NULL),(388,3,2,2,4,'2007-07-31 09:37:25','0.00','31.00',NULL,NULL,'#796cd09aabf0242255b95b9eb9f13fc3',NULL,'',NULL,NULL,NULL,NULL,NULL,NULL,NULL,NULL,0,0,3,NULL,NULL,NULL),(389,458,3,3,2,'2007-06-18 01:12:50','0.00','71.00',NULL,NULL,'#17333a924fec9a1b8a100dc83b4cfd01',NULL,'',NULL,NULL,NULL,NULL,NULL,NULL,NULL,NULL,0,0,5,NULL,NULL,NULL),(390,306,2,3,5,'2009-03-25 05:28:33','0.00','10.00',NULL,NULL,'#25f7907db5cbb98d9d961298bef81cd7',NULL,'',NULL,NULL,NULL,NULL,NULL,NULL,NULL,NULL,0,0,2,NULL,NULL,NULL),(391,80,2,3,3,'2008-01-09 10:15:23','0.00','17.00',NULL,NULL,'#9b28961e787ca5ac75830e99bb7da269',NULL,'',NULL,NULL,NULL,NULL,NULL,NULL,NULL,NULL,0,0,4,NULL,NULL,NULL),(392,218,3,3,3,'2007-10-06 12:37:29','0.00','44.00',NULL,NULL,'#ab84ba53413c647a4cc9ed96d80c5a49',NULL,'',NULL,NULL,NULL,NULL,NULL,NULL,NULL,NULL,0,0,2,NULL,NULL,NULL),(393,300,2,3,4,'2009-05-07 08:07:27','0.00','20.00',NULL,NULL,'#bd9636632b1f54cccab130baab4845f8',NULL,'',NULL,NULL,NULL,NULL,NULL,NULL,NULL,NULL,0,0,6,NULL,NULL,NULL),(394,275,3,3,1,'2007-12-22 06:47:35','0.00','43.00',NULL,NULL,'#e5f7a8586d468f3f3105de5b7259b2de',NULL,'',NULL,NULL,NULL,NULL,NULL,NULL,NULL,NULL,0,0,6,NULL,NULL,NULL),(395,363,2,2,5,'2008-02-17 07:24:51','0.00','50.00',NULL,NULL,'#0c22a8c57691b8f3839cec263aac7d37',NULL,'',NULL,NULL,NULL,NULL,NULL,NULL,NULL,NULL,0,0,4,NULL,NULL,NULL),(396,447,3,3,5,'2009-01-27 11:39:01','0.00','11.00',NULL,NULL,'#690a2303d7f4872f4c1e09927b91cb88',NULL,'',NULL,NULL,NULL,NULL,NULL,NULL,NULL,NULL,0,0,6,NULL,NULL,NULL),(397,475,2,1,4,'2008-06-13 10:39:03','0.00','38.00',NULL,NULL,'#afbbce38e723c983f5e819e03dcb8694',NULL,'',NULL,NULL,NULL,NULL,NULL,NULL,NULL,NULL,0,0,3,NULL,NULL,NULL),(398,398,2,1,3,'2009-05-06 02:09:09','0.00','31.00',NULL,NULL,'#48f68bcc3a07a6f6dd8c0626a543111d',NULL,'',NULL,NULL,NULL,NULL,NULL,NULL,NULL,NULL,0,0,1,NULL,NULL,NULL),(399,84,4,2,3,'2008-12-25 05:55:12','0.00','60.00',NULL,NULL,'#278a749912bc9818f0cd840074374a26',NULL,'',NULL,NULL,NULL,NULL,NULL,NULL,NULL,NULL,0,0,2,NULL,NULL,NULL),(400,165,3,1,1,'2008-10-17 04:40:33','0.00','10.00',NULL,NULL,'#57555dde7b7c22c2ea16a60d97ee6fe9',NULL,'',NULL,NULL,NULL,NULL,NULL,NULL,NULL,NULL,0,0,1,NULL,NULL,NULL),(401,294,1,1,2,'2008-08-10 05:38:59','0.00','21.00',NULL,NULL,'#a4c510a267f65f3d6993d73f9339afae',NULL,'',NULL,NULL,NULL,NULL,NULL,NULL,NULL,NULL,0,0,4,NULL,NULL,NULL),(402,290,4,3,4,'2007-10-15 10:11:02','0.00','37.00',NULL,NULL,'#95346a1afdfa61d66a4d724cbb0497f7',NULL,'',NULL,NULL,NULL,NULL,NULL,NULL,NULL,NULL,0,0,4,NULL,NULL,NULL),(403,27,1,1,3,'2008-02-16 07:51:41','0.00','33.00',NULL,NULL,'#b23f646b2e7da27f7a1f7d32a07d80ef',NULL,'',NULL,NULL,NULL,NULL,NULL,NULL,NULL,NULL,0,0,5,NULL,NULL,NULL),(404,23,4,2,5,'2007-09-13 04:11:56','0.00','35.00',NULL,NULL,'#3821e7576b3dd234942e5ce8800e4fd5',NULL,'',NULL,NULL,NULL,NULL,NULL,NULL,NULL,NULL,0,0,6,NULL,NULL,NULL),(405,194,4,3,4,'2008-02-17 08:37:24','0.00','82.00',NULL,NULL,'#4c00c39c6770f70048e0de9f43441411',NULL,'',NULL,NULL,NULL,NULL,NULL,NULL,NULL,NULL,0,0,3,NULL,NULL,NULL),(406,188,2,2,4,'2007-07-24 02:26:55','0.00','29.00',NULL,NULL,'#0edcef541d2742bf648cac388adf9f22',NULL,'',NULL,NULL,NULL,NULL,NULL,NULL,NULL,NULL,0,0,1,NULL,NULL,NULL),(407,231,4,1,4,'2007-10-23 12:12:01','0.00','83.00',NULL,NULL,'#390641728e575afdd23119a0262eed27',NULL,'',NULL,NULL,NULL,NULL,NULL,NULL,NULL,NULL,0,0,5,NULL,NULL,NULL),(408,2,4,1,1,'2008-06-11 03:00:41','0.00','57.00',NULL,NULL,'#01c1fbc66ae0d5c87597fa7161378016',NULL,'',NULL,NULL,NULL,NULL,NULL,NULL,NULL,NULL,0,0,2,NULL,NULL,NULL),(409,63,2,1,2,'2009-03-24 08:56:42','0.00','14.00',NULL,NULL,'#50ec81b5066d5b4948095bcd8d178e7c',NULL,'',NULL,NULL,NULL,NULL,NULL,NULL,NULL,NULL,0,0,6,NULL,NULL,NULL),(410,31,4,2,3,'2007-09-12 03:37:54','0.00','62.00',NULL,NULL,'#104858b2a66f89aa7d880a99935eaee4',NULL,'',NULL,NULL,NULL,NULL,NULL,NULL,NULL,NULL,0,0,6,NULL,NULL,NULL),(411,100,4,3,2,'2007-11-21 08:51:26','0.00','89.00',NULL,NULL,'#a5a494d3fba207e9e8ddde02dd3840fc',NULL,'',NULL,NULL,NULL,NULL,NULL,NULL,NULL,NULL,0,0,6,NULL,NULL,NULL),(412,487,3,3,1,'2007-11-18 08:54:31','0.00','36.00',NULL,NULL,'#c84c658924c90ae9cc0aaaaaef736542',NULL,'',NULL,NULL,NULL,NULL,NULL,NULL,NULL,NULL,0,0,5,NULL,NULL,NULL),(413,186,4,2,4,'2008-05-18 04:41:51','0.00','51.00',NULL,NULL,'#2816f667a8bdca8c93901f2e5ccce4eb',NULL,'',NULL,NULL,NULL,NULL,NULL,NULL,NULL,NULL,0,0,1,NULL,NULL,NULL),(414,320,2,2,4,'2007-11-25 09:53:02','0.00','73.00',NULL,NULL,'#90410969a299382f44f6f42d3a7e6cb5',NULL,'',NULL,NULL,NULL,NULL,NULL,NULL,NULL,NULL,0,0,5,NULL,NULL,NULL),(415,180,1,1,5,'2007-07-06 07:48:18','0.00','33.00',NULL,NULL,'#26a8c74f0052f9ea16554b9895e2d5ad',NULL,'',NULL,NULL,NULL,NULL,NULL,NULL,NULL,NULL,0,0,4,NULL,NULL,NULL),(416,20,3,3,2,'2008-05-31 07:41:57','0.00','22.00',NULL,NULL,'#9243bcdf24b6fc2e150f49f9cc5d2f34',NULL,'',NULL,NULL,NULL,NULL,NULL,NULL,NULL,NULL,0,0,6,NULL,NULL,NULL),(417,378,4,3,2,'2008-04-09 09:07:19','0.00','22.00',NULL,NULL,'#041df1e27f0eb36a8ac9be30e7877fa2',NULL,'',NULL,NULL,NULL,NULL,NULL,NULL,NULL,NULL,0,0,5,NULL,NULL,NULL),(418,148,3,1,2,'2008-03-10 08:35:49','0.00','98.00',NULL,NULL,'#b8f2bfd4661b82cc92f236d504fa334a',NULL,'',NULL,NULL,NULL,NULL,NULL,NULL,NULL,NULL,0,0,3,NULL,NULL,NULL),(419,341,2,3,5,'2008-11-27 01:45:52','0.00','45.00',NULL,NULL,'#599620a93a7f05cc13375df563f724ad',NULL,'',NULL,NULL,NULL,NULL,NULL,NULL,NULL,NULL,0,0,1,NULL,NULL,NULL),(420,6,1,1,3,'2007-10-02 12:48:50','0.00','54.00',NULL,NULL,'#93ec8f4388f3ac6e9fc964838b1db700',NULL,'',NULL,NULL,NULL,NULL,NULL,NULL,NULL,NULL,0,0,2,NULL,NULL,NULL),(421,346,4,1,1,'2008-11-17 05:04:46','0.00','66.00',NULL,NULL,'#01b30d059760d7e669123a3405b1096f',NULL,'',NULL,NULL,NULL,NULL,NULL,NULL,NULL,NULL,0,0,5,NULL,NULL,NULL),(422,149,1,3,1,'2008-01-15 05:17:47','0.00','76.00',NULL,NULL,'#c73b33450b7e838636c47e00fe71978d',NULL,'',NULL,NULL,NULL,NULL,NULL,NULL,NULL,NULL,0,0,6,NULL,NULL,NULL),(423,67,1,3,2,'2008-07-13 07:38:49','0.00','32.00',NULL,NULL,'#1bcd8bb0d7df4e744cb7c2d6c7ab13a6',NULL,'',NULL,NULL,NULL,NULL,NULL,NULL,NULL,NULL,0,0,4,NULL,NULL,NULL),(424,177,3,3,5,'2007-06-28 01:52:09','0.00','55.00',NULL,NULL,'#e4d20d9de308ce00f6f2a76e8528d190',NULL,'',NULL,NULL,NULL,NULL,NULL,NULL,NULL,NULL,0,0,2,NULL,NULL,NULL),(425,147,2,3,3,'2008-04-06 07:49:57','0.00','12.00',NULL,NULL,'#7bd9456baf1d04434d3cbbe195919b22',NULL,'',NULL,NULL,NULL,NULL,NULL,NULL,NULL,NULL,0,0,4,NULL,NULL,NULL),(426,50,4,1,5,'2008-10-26 03:55:03','0.00','57.00',NULL,NULL,'#32117c907ccf85cdfcd3c8518da65732',NULL,'',NULL,NULL,NULL,NULL,NULL,NULL,NULL,NULL,0,0,1,NULL,NULL,NULL),(427,51,4,1,1,'2008-05-15 03:33:33','0.00','36.00',NULL,NULL,'#7df3a0835fee9b9a6fe2018973dfe71b',NULL,'',NULL,NULL,NULL,NULL,NULL,NULL,NULL,NULL,0,0,6,NULL,NULL,NULL),(428,174,2,3,1,'2009-02-16 05:13:35','0.00','31.00',NULL,NULL,'#2a3a4dcb63a93419536863b1177e3515',NULL,'',NULL,NULL,NULL,NULL,NULL,NULL,NULL,NULL,0,0,3,NULL,NULL,NULL),(429,273,1,1,5,'2008-06-20 03:33:51','0.00','62.00',NULL,NULL,'#8c7fadf25e730be14181be593744cd29',NULL,'',NULL,NULL,NULL,NULL,NULL,NULL,NULL,NULL,0,0,2,NULL,NULL,NULL),(430,253,2,2,3,'2007-11-01 10:26:06','0.00','97.00',NULL,NULL,'#e6c7d9cac31e58c6f502aedbe7227a5f',NULL,'',NULL,NULL,NULL,NULL,NULL,NULL,NULL,NULL,0,0,1,NULL,NULL,NULL),(431,446,4,3,4,'2009-03-17 10:25:14','0.00','54.00',NULL,NULL,'#82f01153db7c5cc108b2e31bcf528226',NULL,'',NULL,NULL,NULL,NULL,NULL,NULL,NULL,NULL,0,0,3,NULL,NULL,NULL),(432,30,1,2,3,'2008-04-28 08:50:08','0.00','92.00',NULL,NULL,'#138c6db1a80b281632044983b94f28a9',NULL,'',NULL,NULL,NULL,NULL,NULL,NULL,NULL,NULL,0,0,3,NULL,NULL,NULL),(433,30,4,1,2,'2007-06-17 05:03:39','0.00','61.00',NULL,NULL,'#0676c3f4691cfc6bd916d9e88614e863',NULL,'',NULL,NULL,NULL,NULL,NULL,NULL,NULL,NULL,0,0,4,NULL,NULL,NULL),(434,441,3,3,5,'2009-04-19 04:53:30','0.00','55.00',NULL,NULL,'#b7c785b7306b98c9c938a6584cf19413',NULL,'',NULL,NULL,NULL,NULL,NULL,NULL,NULL,NULL,0,0,5,NULL,NULL,NULL),(435,138,3,2,1,'2008-10-31 06:42:54','0.00','62.00',NULL,NULL,'#99cff1340f13ad59e1db68116ae52c96',NULL,'',NULL,NULL,NULL,NULL,NULL,NULL,NULL,NULL,0,0,6,NULL,NULL,NULL),(436,279,3,2,3,'2009-05-20 06:25:39','0.00','52.00',NULL,NULL,'#e8794bf0ecedb6ab4ba429ed6242edea',NULL,'',NULL,NULL,NULL,NULL,NULL,NULL,NULL,NULL,0,0,1,NULL,NULL,NULL),(437,201,1,1,2,'2008-03-21 05:31:11','0.00','41.00',NULL,NULL,'#7b6305c96f921253f7fdde3f586bb60b',NULL,'',NULL,NULL,NULL,NULL,NULL,NULL,NULL,NULL,0,0,2,NULL,NULL,NULL),(438,298,3,1,2,'2009-05-01 08:46:44','0.00','55.00',NULL,NULL,'#514b36767b36d7d0d3712eb898f0ae07',NULL,'',NULL,NULL,NULL,NULL,NULL,NULL,NULL,NULL,0,0,3,NULL,NULL,NULL),(439,208,4,1,5,'2007-11-09 02:21:22','0.00','15.00',NULL,NULL,'#91ea459bb93feb0759c46f848f56deb5',NULL,'',NULL,NULL,NULL,NULL,NULL,NULL,NULL,NULL,0,0,5,NULL,NULL,NULL),(440,254,3,2,1,'2008-10-26 09:48:29','0.00','10.00',NULL,NULL,'#9a5b8ffc59e5a33ace6d026c57b8b502',NULL,'',NULL,NULL,NULL,NULL,NULL,NULL,NULL,NULL,0,0,2,NULL,NULL,NULL),(441,138,1,2,5,'2008-12-18 03:40:17','0.00','34.00',NULL,NULL,'#ec3fe386bac098c0756543da825ab7b3',NULL,'',NULL,NULL,NULL,NULL,NULL,NULL,NULL,NULL,0,0,5,NULL,NULL,NULL),(442,318,2,3,2,'2008-03-05 05:18:30','0.00','98.00',NULL,NULL,'#73c36e67eb498e855d1f7bdffb18e6f8',NULL,'',NULL,NULL,NULL,NULL,NULL,NULL,NULL,NULL,0,0,3,NULL,NULL,NULL),(443,23,1,3,4,'2007-07-09 11:55:47','0.00','48.00',NULL,NULL,'#05f96ce081b3ec7de0c8be8e1b9afed5',NULL,'',NULL,NULL,NULL,NULL,NULL,NULL,NULL,NULL,0,0,4,NULL,NULL,NULL),(444,194,4,1,1,'2008-06-09 08:04:28','0.00','72.00',NULL,NULL,'#0f3cbf304e0c02c9296a42a151db4b72',NULL,'',NULL,NULL,NULL,NULL,NULL,NULL,NULL,NULL,0,0,4,NULL,NULL,NULL),(445,434,4,3,3,'2009-05-18 05:16:22','0.00','62.00',NULL,NULL,'#d966db3297270e8e71eb4b269a6cf0f8',NULL,'',NULL,NULL,NULL,NULL,NULL,NULL,NULL,NULL,0,0,3,NULL,NULL,NULL),(446,495,1,2,1,'2008-05-30 06:07:47','0.00','97.00',NULL,NULL,'#70710009687f4a9212e77be4c8187ca3',NULL,'',NULL,NULL,NULL,NULL,NULL,NULL,NULL,NULL,0,0,2,NULL,NULL,NULL),(447,301,1,1,1,'2009-02-19 08:33:21','0.00','27.00',NULL,NULL,'#af53b5d4588c6c0dd8782efb19b104a0',NULL,'',NULL,NULL,NULL,NULL,NULL,NULL,NULL,NULL,0,0,2,NULL,NULL,NULL),(448,83,4,3,3,'2007-09-26 02:15:40','0.00','66.00',NULL,NULL,'#56fbfe6fe1dc755313659ff9dbf98c31',NULL,'',NULL,NULL,NULL,NULL,NULL,NULL,NULL,NULL,0,0,3,NULL,NULL,NULL),(449,119,2,2,4,'2008-04-05 11:18:21','0.00','28.00',NULL,NULL,'#c3618af74f8a4eb90d21449575ddae23',NULL,'',NULL,NULL,NULL,NULL,NULL,NULL,NULL,NULL,0,0,1,NULL,NULL,NULL),(450,474,3,2,4,'2008-10-10 05:40:10','0.00','94.00',NULL,NULL,'#fcbc1ae4b4aeeb5542771fa4918b00b1',NULL,'',NULL,NULL,NULL,NULL,NULL,NULL,NULL,NULL,0,0,4,NULL,NULL,NULL),(451,279,4,3,1,'2007-10-02 12:08:52','0.00','91.00',NULL,NULL,'#dd478c6341dfd4c0f11210eb01919fa5',NULL,'',NULL,NULL,NULL,NULL,NULL,NULL,NULL,NULL,0,0,1,NULL,NULL,NULL),(452,81,2,3,3,'2008-11-24 11:43:19','0.00','29.00',NULL,NULL,'#f952e685f961f9f0e5784237dcc8e4d4',NULL,'',NULL,NULL,NULL,NULL,NULL,NULL,NULL,NULL,0,0,1,NULL,NULL,NULL),(453,67,2,1,4,'2008-02-07 12:59:25','0.00','29.00',NULL,NULL,'#eccd52430028944b6b8a7bb9c92315bd',NULL,'',NULL,NULL,NULL,NULL,NULL,NULL,NULL,NULL,0,0,5,NULL,NULL,NULL),(454,248,1,2,1,'2007-08-21 02:50:22','0.00','49.00',NULL,NULL,'#650145509033c4daa5a5cfe460d46748',NULL,'',NULL,NULL,NULL,NULL,NULL,NULL,NULL,NULL,0,0,5,NULL,NULL,NULL),(455,39,1,1,5,'2009-02-09 07:49:52','0.00','14.00',NULL,NULL,'#4ff78f3375fba62c771f49fbf69662e3',NULL,'',NULL,NULL,NULL,NULL,NULL,NULL,NULL,NULL,0,0,3,NULL,NULL,NULL),(456,66,1,3,1,'2009-03-11 04:12:23','0.00','70.00',NULL,NULL,'#2a288dde90691fff6eea86392b73bff6',NULL,'',NULL,NULL,NULL,NULL,NULL,NULL,NULL,NULL,0,0,3,NULL,NULL,NULL),(457,230,4,3,1,'2008-11-14 07:59:20','0.00','37.00',NULL,NULL,'#01db92d114de175d0050746ee8ee9188',NULL,'',NULL,NULL,NULL,NULL,NULL,NULL,NULL,NULL,0,0,1,NULL,NULL,NULL),(458,394,3,3,4,'2008-05-17 09:55:11','0.00','82.00',NULL,NULL,'#4df5f5e8e5ec1dbf123a6f45da1aeae3',NULL,'',NULL,NULL,NULL,NULL,NULL,NULL,NULL,NULL,0,0,4,NULL,NULL,NULL),(459,404,2,3,4,'2007-07-25 07:17:29','0.00','68.00',NULL,NULL,'#4c194d4cf8634f3677b9aa763f3fec33',NULL,'',NULL,NULL,NULL,NULL,NULL,NULL,NULL,NULL,0,0,3,NULL,NULL,NULL),(460,375,4,2,3,'2007-12-25 04:15:59','0.00','81.00',NULL,NULL,'#ca8cf563a5adf0169054ee5f0f58b97f',NULL,'',NULL,NULL,NULL,NULL,NULL,NULL,NULL,NULL,0,0,4,NULL,NULL,NULL),(461,314,4,2,4,'2007-12-10 06:36:10','0.00','73.00',NULL,NULL,'#35049b3c5757b4026259706b6ee6774f',NULL,'',NULL,NULL,NULL,NULL,NULL,NULL,NULL,NULL,0,0,4,NULL,NULL,NULL),(462,234,3,3,1,'2008-07-05 12:45:22','0.00','27.00',NULL,NULL,'#1e07cf6e9d87e9787429903839fbc4b5',NULL,'',NULL,NULL,NULL,NULL,NULL,NULL,NULL,NULL,0,0,2,NULL,NULL,NULL),(463,22,3,3,2,'2007-09-19 10:32:27','0.00','54.00',NULL,NULL,'#84b2967ca59ab2d3e7022d7ac8323abc',NULL,'',NULL,NULL,NULL,NULL,NULL,NULL,NULL,NULL,0,0,6,NULL,NULL,NULL),(464,200,1,3,1,'2007-12-20 11:24:59','0.00','59.00',NULL,NULL,'#6f427b18de3adc29e710f05d302f6a2a',NULL,'',NULL,NULL,NULL,NULL,NULL,NULL,NULL,NULL,0,0,2,NULL,NULL,NULL),(465,422,1,3,1,'2008-06-15 08:56:28','0.00','97.00',NULL,NULL,'#e186cb1adf748369d91cebaa7166db36',NULL,'',NULL,NULL,NULL,NULL,NULL,NULL,NULL,NULL,0,0,6,NULL,NULL,NULL),(466,325,3,2,1,'2007-11-04 05:58:58','0.00','47.00',NULL,NULL,'#7cd252d8851ac9f7eca56f0f02115352',NULL,'',NULL,NULL,NULL,NULL,NULL,NULL,NULL,NULL,0,0,3,NULL,NULL,NULL),(467,372,3,2,2,'2008-12-16 11:02:21','0.00','53.00',NULL,NULL,'#c3d85b3aba6f2400f5f2854f920dfd44',NULL,'',NULL,NULL,NULL,NULL,NULL,NULL,NULL,NULL,0,0,6,NULL,NULL,NULL),(468,234,4,1,1,'2007-09-06 03:28:54','0.00','41.00',NULL,NULL,'#42c0e701ed629b9864e65d27c38ff487',NULL,'',NULL,NULL,NULL,NULL,NULL,NULL,NULL,NULL,0,0,2,NULL,NULL,NULL),(469,469,4,2,4,'2007-07-19 10:12:23','0.00','49.00',NULL,NULL,'#ac443d46eea65f0e57141859c39621c0',NULL,'',NULL,NULL,NULL,NULL,NULL,NULL,NULL,NULL,0,0,3,NULL,NULL,NULL),(470,167,3,2,2,'2007-06-27 04:05:14','0.00','28.00',NULL,NULL,'#b3fb0d147715802ca44d2baaa65cabde',NULL,'',NULL,NULL,NULL,NULL,NULL,NULL,NULL,NULL,0,0,6,NULL,NULL,NULL),(471,162,3,1,4,'2008-12-28 06:02:00','0.00','93.00',NULL,NULL,'#45bf4640e310df5a0a5d9ec624c186ef',NULL,'',NULL,NULL,NULL,NULL,NULL,NULL,NULL,NULL,0,0,5,NULL,NULL,NULL),(472,118,2,3,5,'2009-04-27 03:26:26','0.00','51.00',NULL,NULL,'#ed43ba9a6cf9a1d98cbeffafd3b3a22b',NULL,'',NULL,NULL,NULL,NULL,NULL,NULL,NULL,NULL,0,0,5,NULL,NULL,NULL),(473,82,1,1,2,'2008-05-06 11:43:41','0.00','27.00',NULL,NULL,'#d46a11ed0a06b2c3b02910e9a8dcf993',NULL,'',NULL,NULL,NULL,NULL,NULL,NULL,NULL,NULL,0,0,2,NULL,NULL,NULL),(474,179,2,1,1,'2008-09-23 04:22:10','0.00','57.00',NULL,NULL,'#abc1d20744b46787c49d596ff0411fce',NULL,'',NULL,NULL,NULL,NULL,NULL,NULL,NULL,NULL,0,0,4,NULL,NULL,NULL),(475,273,1,2,4,'2008-07-18 01:44:03','0.00','94.00',NULL,NULL,'#bf7b6091cf26be01eefdf250e1061987',NULL,'',NULL,NULL,NULL,NULL,NULL,NULL,NULL,NULL,0,0,6,NULL,NULL,NULL),(476,407,2,1,5,'2008-02-01 03:24:31','0.00','89.00',NULL,NULL,'#06bbcc53e96e43bd45284ca5f1b3ef4d',NULL,'',NULL,NULL,NULL,NULL,NULL,NULL,NULL,NULL,0,0,6,NULL,NULL,NULL),(477,104,1,3,5,'2007-10-19 07:18:49','0.00','47.00',NULL,NULL,'#04d9e2a8baad2f28bbc2d8f110f87d5d',NULL,'',NULL,NULL,NULL,NULL,NULL,NULL,NULL,NULL,0,0,3,NULL,NULL,NULL),(478,245,3,1,5,'2007-08-13 12:26:56','0.00','71.00',NULL,NULL,'#a1604a3913f12f3a78de73674404054f',NULL,'',NULL,NULL,NULL,NULL,NULL,NULL,NULL,NULL,0,0,6,NULL,NULL,NULL),(479,208,3,3,3,'2007-07-24 12:12:08','0.00','96.00',NULL,NULL,'#d9a3d7526d822164987e8d5a0ba5ad5a',NULL,'',NULL,NULL,NULL,NULL,NULL,NULL,NULL,NULL,0,0,3,NULL,NULL,NULL),(480,209,2,3,2,'2008-08-16 04:38:56','0.00','93.00',NULL,NULL,'#af5637c89494bef727738715cc613649',NULL,'',NULL,NULL,NULL,NULL,NULL,NULL,NULL,NULL,0,0,5,NULL,NULL,NULL),(481,62,2,1,2,'2009-04-18 12:47:20','0.00','35.00',NULL,NULL,'#c80366610f9b6581054964ffe4d04627',NULL,'',NULL,NULL,NULL,NULL,NULL,NULL,NULL,NULL,0,0,4,NULL,NULL,NULL),(482,267,1,3,3,'2008-07-05 04:34:17','0.00','25.00',NULL,NULL,'#0e3bf4710af4179b127baed39bb6eb0b',NULL,'',NULL,NULL,NULL,NULL,NULL,NULL,NULL,NULL,0,0,3,NULL,NULL,NULL),(483,113,3,3,3,'2009-05-21 12:48:00','0.00','13.00',NULL,NULL,'#6b648ea77518e5c73a0bc70e16dfe303',NULL,'',NULL,NULL,NULL,NULL,NULL,NULL,NULL,NULL,0,0,5,NULL,NULL,NULL),(484,133,3,1,5,'2008-05-10 08:07:10','0.00','67.00',NULL,NULL,'#c8da181dad51444e641f8b22e8a66bd1',NULL,'',NULL,NULL,NULL,NULL,NULL,NULL,NULL,NULL,0,0,3,NULL,NULL,NULL),(485,93,2,2,4,'2009-02-23 10:49:48','0.00','94.00',NULL,NULL,'#8900d47d6d2b2e32f34324c84b9a89a4',NULL,'',NULL,NULL,NULL,NULL,NULL,NULL,NULL,NULL,0,0,1,NULL,NULL,NULL),(486,350,3,3,3,'2008-08-09 06:34:27','0.00','91.00',NULL,NULL,'#4e0d1cb13e20334ab128efcc3cff45c0',NULL,'',NULL,NULL,NULL,NULL,NULL,NULL,NULL,NULL,0,0,6,NULL,NULL,NULL),(487,114,4,2,4,'2007-07-23 01:32:54','0.00','22.00',NULL,NULL,'#9181ff23136cd76060e101923cfba78a',NULL,'',NULL,NULL,NULL,NULL,NULL,NULL,NULL,NULL,0,0,1,NULL,NULL,NULL),(488,7,1,1,4,'2008-04-09 12:41:32','0.00','18.00',NULL,NULL,'#cc9268650803d0f0d02a4ad39a72bd83',NULL,'',NULL,NULL,NULL,NULL,NULL,NULL,NULL,NULL,0,0,4,NULL,NULL,NULL),(489,342,1,1,1,'2009-04-23 09:33:51','0.00','31.00',NULL,NULL,'#35ca33ac3b9e4cdf36058b5fcd151a56',NULL,'',NULL,NULL,NULL,NULL,NULL,NULL,NULL,NULL,0,0,1,NULL,NULL,NULL),(490,414,2,1,5,'2007-10-27 04:20:01','0.00','56.00',NULL,NULL,'#d6bf5a8646c2d9a606f722a86051f62f',NULL,'',NULL,NULL,NULL,NULL,NULL,NULL,NULL,NULL,0,0,5,NULL,NULL,NULL),(491,493,4,2,3,'2007-06-20 05:31:24','0.00','51.00',NULL,NULL,'#ef5f4e2c563d4ffd6c2502675d7fb942',NULL,'',NULL,NULL,NULL,NULL,NULL,NULL,NULL,NULL,0,0,3,NULL,NULL,NULL),(492,112,3,3,3,'2007-12-28 07:15:38','0.00','31.00',NULL,NULL,'#0c777c2dbf3f2b038f1724be6439e164',NULL,'',NULL,NULL,NULL,NULL,NULL,NULL,NULL,NULL,0,0,4,NULL,NULL,NULL),(493,120,4,1,4,'2008-07-12 10:53:39','0.00','30.00',NULL,NULL,'#fb54359af61b722dd80cabe21e756fe7',NULL,'',NULL,NULL,NULL,NULL,NULL,NULL,NULL,NULL,0,0,5,NULL,NULL,NULL),(494,99,3,2,3,'2009-04-14 05:54:51','0.00','45.00',NULL,NULL,'#049ae2019e1d2f02bbf795cb1d749cc4',NULL,'',NULL,NULL,NULL,NULL,NULL,NULL,NULL,NULL,0,0,2,NULL,NULL,NULL),(495,138,4,2,1,'2008-05-20 05:51:47','0.00','86.00',NULL,NULL,'#6c77cbbe586929ed65c10f40ad61a8d6',NULL,'',NULL,NULL,NULL,NULL,NULL,NULL,NULL,NULL,0,0,4,NULL,NULL,NULL),(496,373,1,2,2,'2008-06-05 11:54:03','0.00','74.00',NULL,NULL,'#c36ca1c0ea9136f901a3ae84e4e07688',NULL,'',NULL,NULL,NULL,NULL,NULL,NULL,NULL,NULL,0,0,6,NULL,NULL,NULL),(497,331,3,1,1,'2009-03-14 03:37:11','0.00','36.00',NULL,NULL,'#4563e6dee2d2ff9e5cca6866a7ec6e41',NULL,'',NULL,NULL,NULL,NULL,NULL,NULL,NULL,NULL,0,0,4,NULL,NULL,NULL),(498,319,2,2,2,'2008-09-30 12:25:31','0.00','13.00',NULL,NULL,'#71c6d8af1f7a1ceea859afcc65516542',NULL,'',NULL,NULL,NULL,NULL,NULL,NULL,NULL,NULL,0,0,4,NULL,NULL,NULL),(499,411,3,2,2,'2008-04-30 02:54:25','0.00','87.00',NULL,NULL,'#03a7a74c476cb2b9195ba197dd111cf5',NULL,'',NULL,NULL,NULL,NULL,NULL,NULL,NULL,NULL,0,0,4,NULL,NULL,NULL),(500,172,2,3,4,'2007-10-06 09:49:44','0.00','21.00',NULL,NULL,'#3cb3517147136d02daf87a6b672ea65f',NULL,'',NULL,NULL,NULL,NULL,NULL,NULL,NULL,NULL,0,0,2,NULL,NULL,NULL),(501,411,4,2,1,'2008-06-12 07:01:13','0.00','91.00',NULL,NULL,'#78278c7951a2414716ef08d55f6d2d2b',NULL,'',NULL,NULL,NULL,NULL,NULL,NULL,NULL,NULL,0,0,5,NULL,NULL,NULL),(502,452,2,1,5,'2009-02-12 06:58:49','0.00','97.00',NULL,NULL,'#ab24d4e9d3e3f651e6f7232034c52371',NULL,'',NULL,NULL,NULL,NULL,NULL,NULL,NULL,NULL,0,0,3,NULL,NULL,NULL),(503,345,2,1,4,'2007-06-27 05:46:59','0.00','36.00',NULL,NULL,'#c2bd08257f79632d8f2ee7bb2e8e2702',NULL,'',NULL,NULL,NULL,NULL,NULL,NULL,NULL,NULL,0,0,6,NULL,NULL,NULL),(504,186,2,3,5,'2007-06-20 07:16:52','0.00','58.00',NULL,NULL,'#580a8033ef62b17a5a7957457a8ce561',NULL,'',NULL,NULL,NULL,NULL,NULL,NULL,NULL,NULL,0,0,5,NULL,NULL,NULL),(505,186,2,1,1,'2008-12-23 05:14:30','0.00','43.00',NULL,NULL,'#5d59957f289266d6f5cd1e547f8ebb01',NULL,'',NULL,NULL,NULL,NULL,NULL,NULL,NULL,NULL,0,0,4,NULL,NULL,NULL),(506,157,3,1,4,'2009-02-15 10:21:26','0.00','37.00',NULL,NULL,'#4819119360a126ed9c7bc742be5ba52c',NULL,'',NULL,NULL,NULL,NULL,NULL,NULL,NULL,NULL,0,0,6,NULL,NULL,NULL),(507,160,2,2,1,'2009-01-25 09:21:39','0.00','84.00',NULL,NULL,'#aec2f20e3efe8d87e1cd924c72c58f4d',NULL,'',NULL,NULL,NULL,NULL,NULL,NULL,NULL,NULL,0,0,6,NULL,NULL,NULL),(508,352,1,2,2,'2008-06-29 10:28:33','0.00','79.00',NULL,NULL,'#0de8c0afcbcd365d2993ca48b9dc18b3',NULL,'',NULL,NULL,NULL,NULL,NULL,NULL,NULL,NULL,0,0,4,NULL,NULL,NULL),(509,257,2,2,2,'2009-01-23 04:47:08','0.00','72.00',NULL,NULL,'#f6933b2dc5b139156dbece8cfb589208',NULL,'',NULL,NULL,NULL,NULL,NULL,NULL,NULL,NULL,0,0,5,NULL,NULL,NULL),(510,259,2,1,1,'2008-01-27 10:05:31','0.00','69.00',NULL,NULL,'#9bc59b7d9180f97e5f618fe7ee9f55d9',NULL,'',NULL,NULL,NULL,NULL,NULL,NULL,NULL,NULL,0,0,2,NULL,NULL,NULL),(511,80,1,2,3,'2007-12-20 01:19:22','0.00','82.00',NULL,NULL,'#ef8da98cf82c73faa658133179c794b8',NULL,'',NULL,NULL,NULL,NULL,NULL,NULL,NULL,NULL,0,0,2,NULL,NULL,NULL),(512,443,1,2,1,'2007-08-19 12:59:35','0.00','93.00',NULL,NULL,'#1a7fa4748851a87d95f1fb13748aee3e',NULL,'',NULL,NULL,NULL,NULL,NULL,NULL,NULL,NULL,0,0,3,NULL,NULL,NULL),(513,427,1,1,4,'2007-08-02 05:15:07','0.00','81.00',NULL,NULL,'#21094f814403ee804e8cd843bbd91261',NULL,'',NULL,NULL,NULL,NULL,NULL,NULL,NULL,NULL,0,0,2,NULL,NULL,NULL),(514,266,2,1,3,'2008-11-15 06:28:10','0.00','30.00',NULL,NULL,'#a50d7898f09643483f5f0491f9586fb2',NULL,'',NULL,NULL,NULL,NULL,NULL,NULL,NULL,NULL,0,0,4,NULL,NULL,NULL),(515,289,2,1,2,'2008-05-17 06:06:56','0.00','43.00',NULL,NULL,'#449426162015291183c9566f8b2a4a96',NULL,'',NULL,NULL,NULL,NULL,NULL,NULL,NULL,NULL,0,0,2,NULL,NULL,NULL),(516,353,4,1,5,'2008-05-18 09:07:14','0.00','16.00',NULL,NULL,'#ae41507ab3fc22dc591b5bdab6c94f0f',NULL,'',NULL,NULL,NULL,NULL,NULL,NULL,NULL,NULL,0,0,6,NULL,NULL,NULL),(517,160,4,1,2,'2008-04-05 08:43:21','0.00','71.00',NULL,NULL,'#91b118348f5116141609e2d597f8c028',NULL,'',NULL,NULL,NULL,NULL,NULL,NULL,NULL,NULL,0,0,1,NULL,NULL,NULL),(518,244,2,1,2,'2009-05-04 07:40:08','0.00','97.00',NULL,NULL,'#1489a9ccbaac87bcee5782c35db85f8a',NULL,'',NULL,NULL,NULL,NULL,NULL,NULL,NULL,NULL,0,0,6,NULL,NULL,NULL),(519,304,1,1,2,'2009-02-26 12:15:27','0.00','72.00',NULL,NULL,'#0220e822d833e84dbdd808bd409d4100',NULL,'',NULL,NULL,NULL,NULL,NULL,NULL,NULL,NULL,0,0,3,NULL,NULL,NULL),(520,41,1,3,2,'2007-10-22 12:40:13','0.00','68.00',NULL,NULL,'#442cc907e5618432f51ce33491cbfdba',NULL,'',NULL,NULL,NULL,NULL,NULL,NULL,NULL,NULL,0,0,4,NULL,NULL,NULL),(521,404,4,1,3,'2009-06-04 01:49:39','0.00','75.00',NULL,NULL,'#b3836f0dcc27200797f48746c0089e70',NULL,'',NULL,NULL,NULL,NULL,NULL,NULL,NULL,NULL,0,0,2,NULL,NULL,NULL),(522,100,1,1,1,'2009-04-13 03:53:57','0.00','14.00',NULL,NULL,'#636686360a83ac59a584f89e281c7df7',NULL,'',NULL,NULL,NULL,NULL,NULL,NULL,NULL,NULL,0,0,2,NULL,NULL,NULL),(523,109,3,3,3,'2008-03-12 02:37:36','0.00','69.00',NULL,NULL,'#e6bbfde905de016c3214e12f35da0a6f',NULL,'',NULL,NULL,NULL,NULL,NULL,NULL,NULL,NULL,0,0,5,NULL,NULL,NULL),(524,105,4,2,2,'2007-10-04 10:56:15','0.00','50.00',NULL,NULL,'#bd4de91b68e00cbaee7904563af1ba29',NULL,'',NULL,NULL,NULL,NULL,NULL,NULL,NULL,NULL,0,0,3,NULL,NULL,NULL),(525,457,3,1,3,'2008-05-07 04:49:59','0.00','72.00',NULL,NULL,'#45369171288bc9b0b0cf04d5b0431257',NULL,'',NULL,NULL,NULL,NULL,NULL,NULL,NULL,NULL,0,0,2,NULL,NULL,NULL),(526,484,1,3,4,'2009-05-17 07:23:41','0.00','57.00',NULL,NULL,'#7b3d88fb59099216168e5ac63a4b6fd0',NULL,'',NULL,NULL,NULL,NULL,NULL,NULL,NULL,NULL,0,0,5,NULL,NULL,NULL),(527,93,2,2,5,'2008-12-23 02:43:55','0.00','26.00',NULL,NULL,'#1d6b0787ce95547a365650cfbb045162',NULL,'',NULL,NULL,NULL,NULL,NULL,NULL,NULL,NULL,0,0,4,NULL,NULL,NULL),(528,193,4,3,3,'2007-11-01 10:22:32','0.00','15.00',NULL,NULL,'#0558b00d7c282816bbc8dc2e4652f7d1',NULL,'',NULL,NULL,NULL,NULL,NULL,NULL,NULL,NULL,0,0,3,NULL,NULL,NULL),(529,22,2,1,5,'2009-01-08 05:00:16','0.00','53.00',NULL,NULL,'#9e5fc236b35f8b590894bd75e99c1047',NULL,'',NULL,NULL,NULL,NULL,NULL,NULL,NULL,NULL,0,0,5,NULL,NULL,NULL),(530,306,4,3,3,'2008-09-28 07:48:59','0.00','91.00',NULL,NULL,'#331f2db3f9d25d786b79fbc32cd57ea3',NULL,'',NULL,NULL,NULL,NULL,NULL,NULL,NULL,NULL,0,0,5,NULL,NULL,NULL),(531,354,3,3,3,'2008-06-20 10:03:01','0.00','37.00',NULL,NULL,'#6f75cc31c2c74d70190e46d55c37356a',NULL,'',NULL,NULL,NULL,NULL,NULL,NULL,NULL,NULL,0,0,1,NULL,NULL,NULL),(532,46,4,1,1,'2007-06-27 01:44:28','0.00','99.00',NULL,NULL,'#0052edeb795db3cae148bff9f2488a6f',NULL,'',NULL,NULL,NULL,NULL,NULL,NULL,NULL,NULL,0,0,6,NULL,NULL,NULL),(533,352,2,3,1,'2009-02-05 08:20:59','0.00','26.00',NULL,NULL,'#df57ddfbc5d7ecccd35be396132455b0',NULL,'',NULL,NULL,NULL,NULL,NULL,NULL,NULL,NULL,0,0,2,NULL,NULL,NULL),(534,199,2,3,4,'2007-10-13 12:11:31','0.00','41.00',NULL,NULL,'#cc27155ef966739be5c4bc1ae39ad75e',NULL,'',NULL,NULL,NULL,NULL,NULL,NULL,NULL,NULL,0,0,6,NULL,NULL,NULL),(535,489,1,3,5,'2007-11-30 04:34:58','0.00','14.00',NULL,NULL,'#d11606ba43312066c3c22c99ee81bc7b',NULL,'',NULL,NULL,NULL,NULL,NULL,NULL,NULL,NULL,0,0,2,NULL,NULL,NULL),(536,330,1,2,4,'2008-06-04 07:26:09','0.00','21.00',NULL,NULL,'#7c53923fe0ff43d4793f43caf30a562a',NULL,'',NULL,NULL,NULL,NULL,NULL,NULL,NULL,NULL,0,0,2,NULL,NULL,NULL),(537,132,4,1,3,'2008-10-12 06:40:38','0.00','43.00',NULL,NULL,'#793e4f458a61bc3b11929eabc49b5ffc',NULL,'',NULL,NULL,NULL,NULL,NULL,NULL,NULL,NULL,0,0,3,NULL,NULL,NULL),(538,426,4,1,1,'2009-01-04 09:37:14','0.00','86.00',NULL,NULL,'#9c36e0ddfe1f6222c101421d0b81def7',NULL,'',NULL,NULL,NULL,NULL,NULL,NULL,NULL,NULL,0,0,1,NULL,NULL,NULL),(539,90,3,1,1,'2009-02-03 11:33:05','0.00','90.00',NULL,NULL,'#5c67fc97b0b0bb321ee5d46641fcce7c',NULL,'',NULL,NULL,NULL,NULL,NULL,NULL,NULL,NULL,0,0,2,NULL,NULL,NULL),(540,113,3,1,5,'2009-01-06 10:24:51','0.00','95.00',NULL,NULL,'#31cd2ecdf841cef166a2226d1311d936',NULL,'',NULL,NULL,NULL,NULL,NULL,NULL,NULL,NULL,0,0,1,NULL,NULL,NULL),(541,365,1,3,2,'2007-06-19 07:02:27','0.00','59.00',NULL,NULL,'#c7b5829608b54db017617e8d2b0cd987',NULL,'',NULL,NULL,NULL,NULL,NULL,NULL,NULL,NULL,0,0,4,NULL,NULL,NULL),(542,314,4,2,1,'2008-09-05 05:10:24','0.00','16.00',NULL,NULL,'#72f135372911a0927703cc8f018cce7b',NULL,'',NULL,NULL,NULL,NULL,NULL,NULL,NULL,NULL,0,0,3,NULL,NULL,NULL),(543,291,4,1,1,'2009-05-28 06:12:26','0.00','34.00',NULL,NULL,'#b0cfdf692de8c1df31c71f48d16ade1a',NULL,'',NULL,NULL,NULL,NULL,NULL,NULL,NULL,NULL,0,0,4,NULL,NULL,NULL),(544,146,2,2,4,'2009-01-12 08:15:51','0.00','37.00',NULL,NULL,'#45bd3b3f6e2542a8d949bab50ece02ac',NULL,'',NULL,NULL,NULL,NULL,NULL,NULL,NULL,NULL,0,0,4,NULL,NULL,NULL),(545,351,3,1,3,'2007-09-07 11:01:35','0.00','38.00',NULL,NULL,'#98175a8fb249c5c7110fdf9eed91d78a',NULL,'',NULL,NULL,NULL,NULL,NULL,NULL,NULL,NULL,0,0,4,NULL,NULL,NULL),(546,3,2,2,5,'2007-06-15 03:53:23','0.00','96.00',NULL,NULL,'#db40411eebdccd7fb271ec15bf3b644a',NULL,'',NULL,NULL,NULL,NULL,NULL,NULL,NULL,NULL,0,0,5,NULL,NULL,NULL),(547,269,2,3,4,'2008-08-13 07:44:53','0.00','10.00',NULL,NULL,'#eac981534b384c8adbcd36ed89d4a42b',NULL,'',NULL,NULL,NULL,NULL,NULL,NULL,NULL,NULL,0,0,2,NULL,NULL,NULL),(548,177,1,1,4,'2007-11-17 07:26:46','0.00','70.00',NULL,NULL,'#e886d83bb4e38f0b2ef0f3726fd383a4',NULL,'',NULL,NULL,NULL,NULL,NULL,NULL,NULL,NULL,0,0,2,NULL,NULL,NULL),(549,54,4,1,1,'2008-10-30 09:14:12','0.00','92.00',NULL,NULL,'#27d31eb23791431c205dc0159239857d',NULL,'',NULL,NULL,NULL,NULL,NULL,NULL,NULL,NULL,0,0,2,NULL,NULL,NULL),(550,252,3,3,4,'2009-02-07 05:54:59','0.00','59.00',NULL,NULL,'#e7d133b99bd934c28d52110b73948afe',NULL,'',NULL,NULL,NULL,NULL,NULL,NULL,NULL,NULL,0,0,2,NULL,NULL,NULL),(551,448,3,3,1,'2008-01-15 09:26:57','0.00','22.00',NULL,NULL,'#23e5882eb116963d3ae55569ba04cf49',NULL,'',NULL,NULL,NULL,NULL,NULL,NULL,NULL,NULL,0,0,1,NULL,NULL,NULL),(552,299,2,1,5,'2009-03-05 02:24:11','0.00','61.00',NULL,NULL,'#682920e86b0523f548fd619caac27328',NULL,'',NULL,NULL,NULL,NULL,NULL,NULL,NULL,NULL,0,0,6,NULL,NULL,NULL),(553,332,4,3,3,'2008-10-03 12:34:28','0.00','10.00',NULL,NULL,'#508e93e5d26c8cb334f45416f9e632b9',NULL,'',NULL,NULL,NULL,NULL,NULL,NULL,NULL,NULL,0,0,1,NULL,NULL,NULL),(554,219,1,2,1,'2009-06-08 10:36:02','0.00','83.00',NULL,NULL,'#1d33ce089071353fb3d499bda4882633',NULL,'',NULL,NULL,NULL,NULL,NULL,NULL,NULL,NULL,0,0,5,NULL,NULL,NULL),(555,400,4,1,2,'2009-01-26 10:48:00','0.00','91.00',NULL,NULL,'#55a6e2d3411ba3305da1a2f8531c025e',NULL,'',NULL,NULL,NULL,NULL,NULL,NULL,NULL,NULL,0,0,5,NULL,NULL,NULL),(556,390,3,1,5,'2008-11-14 08:21:34','0.00','53.00',NULL,NULL,'#0c7df5ba27052bd190f6bfb153333b91',NULL,'',NULL,NULL,NULL,NULL,NULL,NULL,NULL,NULL,0,0,5,NULL,NULL,NULL),(557,410,3,2,5,'2009-03-30 11:01:50','0.00','63.00',NULL,NULL,'#0c2fff552b6008800416e917e8007d83',NULL,'',NULL,NULL,NULL,NULL,NULL,NULL,NULL,NULL,0,0,4,NULL,NULL,NULL),(558,378,4,2,2,'2007-06-15 05:04:37','0.00','88.00',NULL,NULL,'#de7a3f5da288f24020548fe3e6b55976',NULL,'',NULL,NULL,NULL,NULL,NULL,NULL,NULL,NULL,0,0,6,NULL,NULL,NULL),(559,42,3,3,5,'2009-01-13 09:27:29','0.00','33.00',NULL,NULL,'#8d38d98c1abf970ea66b4a077dc9bde2',NULL,'',NULL,NULL,NULL,NULL,NULL,NULL,NULL,NULL,0,0,5,NULL,NULL,NULL),(560,177,4,3,1,'2008-10-02 11:04:25','0.00','89.00',NULL,NULL,'#3172158fa13a8f93c2de690fb9a1f288',NULL,'',NULL,NULL,NULL,NULL,NULL,NULL,NULL,NULL,0,0,2,NULL,NULL,NULL),(561,499,2,2,1,'2008-09-01 01:27:58','0.00','84.00',NULL,NULL,'#a2864005b635c2c6b707a198e961caac',NULL,'',NULL,NULL,NULL,NULL,NULL,NULL,NULL,NULL,0,0,3,NULL,NULL,NULL),(562,379,2,2,1,'2008-05-21 11:12:24','0.00','69.00',NULL,NULL,'#962706f81fa3b3f8d1a4977a75568d05',NULL,'',NULL,NULL,NULL,NULL,NULL,NULL,NULL,NULL,0,0,2,NULL,NULL,NULL),(563,173,3,1,2,'2007-08-19 03:44:01','0.00','64.00',NULL,NULL,'#cab8381a8971d4fccc7b93400f02cbce',NULL,'',NULL,NULL,NULL,NULL,NULL,NULL,NULL,NULL,0,0,1,NULL,NULL,NULL),(564,174,1,3,1,'2007-12-16 11:45:29','0.00','64.00',NULL,NULL,'#d3e82e39aad6dc157ef4cda0f9aa0f23',NULL,'',NULL,NULL,NULL,NULL,NULL,NULL,NULL,NULL,0,0,6,NULL,NULL,NULL),(565,314,2,1,2,'2008-12-04 04:53:23','0.00','82.00',NULL,NULL,'#e31fdf7fe3aba30c863674b41a388f49',NULL,'',NULL,NULL,NULL,NULL,NULL,NULL,NULL,NULL,0,0,3,NULL,NULL,NULL),(566,67,2,3,2,'2007-10-09 07:00:59','0.00','46.00',NULL,NULL,'#48854ad4f140027d78e2a78c3b999444',NULL,'',NULL,NULL,NULL,NULL,NULL,NULL,NULL,NULL,0,0,5,NULL,NULL,NULL),(567,173,3,1,1,'2008-05-22 05:18:16','0.00','43.00',NULL,NULL,'#4249210c20dfcb766a178732b5a87be5',NULL,'',NULL,NULL,NULL,NULL,NULL,NULL,NULL,NULL,0,0,3,NULL,NULL,NULL),(568,135,2,1,4,'2008-10-21 11:44:02','0.00','31.00',NULL,NULL,'#d25a95d740a7c1464a0358d37c869939',NULL,'',NULL,NULL,NULL,NULL,NULL,NULL,NULL,NULL,0,0,6,NULL,NULL,NULL),(569,245,2,2,1,'2008-03-09 09:30:09','0.00','25.00',NULL,NULL,'#a3f98c9cb06373a33ef9b322719bf583',NULL,'',NULL,NULL,NULL,NULL,NULL,NULL,NULL,NULL,0,0,1,NULL,NULL,NULL),(570,431,1,2,1,'2008-10-31 03:13:46','0.00','27.00',NULL,NULL,'#51c94dd701430a811997cc1e6e7165b4',NULL,'',NULL,NULL,NULL,NULL,NULL,NULL,NULL,NULL,0,0,3,NULL,NULL,NULL),(571,23,4,3,3,'2007-11-04 12:34:47','0.00','37.00',NULL,NULL,'#24b164f1449fe9c5121609b0e4a70c24',NULL,'',NULL,NULL,NULL,NULL,NULL,NULL,NULL,NULL,0,0,3,NULL,NULL,NULL),(572,249,4,1,1,'2007-12-01 10:13:41','0.00','36.00',NULL,NULL,'#77968a77f54f1f9813d199fbea845df2',NULL,'',NULL,NULL,NULL,NULL,NULL,NULL,NULL,NULL,0,0,6,NULL,NULL,NULL),(573,194,3,2,5,'2009-02-26 03:52:47','0.00','50.00',NULL,NULL,'#6fb9e39468528e35b1d776f63eac0c12',NULL,'',NULL,NULL,NULL,NULL,NULL,NULL,NULL,NULL,0,0,4,NULL,NULL,NULL),(574,291,4,1,2,'2007-12-22 01:07:25','0.00','44.00',NULL,NULL,'#a8b1e48f7c100c53ae563eda8e310d89',NULL,'',NULL,NULL,NULL,NULL,NULL,NULL,NULL,NULL,0,0,3,NULL,NULL,NULL),(575,9,3,1,4,'2007-12-07 12:09:30','0.00','54.00',NULL,NULL,'#29ac95049ecd4e15ce40c52b0bf1e39c',NULL,'',NULL,NULL,NULL,NULL,NULL,NULL,NULL,NULL,0,0,3,NULL,NULL,NULL),(576,416,2,2,4,'2009-04-01 03:10:39','0.00','81.00',NULL,NULL,'#5da2864ae0f881a32a90e59a0ff5fd1c',NULL,'',NULL,NULL,NULL,NULL,NULL,NULL,NULL,NULL,0,0,6,NULL,NULL,NULL),(577,8,4,1,4,'2008-07-05 03:50:25','0.00','31.00',NULL,NULL,'#cdd0be56577f093cf8303b9b30305dfd',NULL,'',NULL,NULL,NULL,NULL,NULL,NULL,NULL,NULL,0,0,6,NULL,NULL,NULL),(578,339,2,2,1,'2009-03-06 04:01:14','0.00','49.00',NULL,NULL,'#9c76fe44e7d2497a926e8aea09bf7a30',NULL,'',NULL,NULL,NULL,NULL,NULL,NULL,NULL,NULL,0,0,1,NULL,NULL,NULL),(579,244,1,2,1,'2008-03-25 05:42:20','0.00','71.00',NULL,NULL,'#c6923ac7063a44ddc46e0ddf7e59665d',NULL,'',NULL,NULL,NULL,NULL,NULL,NULL,NULL,NULL,0,0,4,NULL,NULL,NULL),(580,261,1,2,2,'2008-08-29 01:35:12','0.00','75.00',NULL,NULL,'#fe12f2076ac6a3d3b9930b9b8e2cfc88',NULL,'',NULL,NULL,NULL,NULL,NULL,NULL,NULL,NULL,0,0,3,NULL,NULL,NULL),(581,456,2,3,1,'2009-04-25 04:20:39','0.00','16.00',NULL,NULL,'#7c925a142b155d130f271caea914987c',NULL,'',NULL,NULL,NULL,NULL,NULL,NULL,NULL,NULL,0,0,1,NULL,NULL,NULL),(582,35,1,1,3,'2008-04-11 06:36:26','0.00','16.00',NULL,NULL,'#a821f2d978847a02c93cbb3bd1f55155',NULL,'',NULL,NULL,NULL,NULL,NULL,NULL,NULL,NULL,0,0,1,NULL,NULL,NULL),(583,168,4,1,2,'2009-05-16 09:05:54','0.00','52.00',NULL,NULL,'#58dca7185cb6ccff31a91ffddac4329d',NULL,'',NULL,NULL,NULL,NULL,NULL,NULL,NULL,NULL,0,0,4,NULL,NULL,NULL),(584,199,4,2,1,'2008-02-19 07:26:29','0.00','52.00',NULL,NULL,'#b3796310627ce006499aaecc3320e712',NULL,'',NULL,NULL,NULL,NULL,NULL,NULL,NULL,NULL,0,0,4,NULL,NULL,NULL),(585,455,1,1,2,'2007-07-16 06:23:15','0.00','67.00',NULL,NULL,'#3d7f77481bfdc2764d0188eae212c88c',NULL,'',NULL,NULL,NULL,NULL,NULL,NULL,NULL,NULL,0,0,1,NULL,NULL,NULL),(586,133,3,2,5,'2009-05-01 11:56:48','0.00','32.00',NULL,NULL,'#d9f6acdd3810841e25125055bcb2aa5a',NULL,'',NULL,NULL,NULL,NULL,NULL,NULL,NULL,NULL,0,0,1,NULL,NULL,NULL),(587,422,1,1,3,'2009-02-11 10:29:06','0.00','93.00',NULL,NULL,'#2560e3d437cf817ed3d8777e7e46fde5',NULL,'',NULL,NULL,NULL,NULL,NULL,NULL,NULL,NULL,0,0,6,NULL,NULL,NULL),(588,113,1,2,4,'2008-05-23 07:39:26','0.00','55.00',NULL,NULL,'#d68d69014b81c5e10ddd03789d3d7836',NULL,'',NULL,NULL,NULL,NULL,NULL,NULL,NULL,NULL,0,0,3,NULL,NULL,NULL),(589,428,2,2,2,'2007-07-16 11:27:24','0.00','86.00',NULL,NULL,'#a587c29dda9b33f9259765cd15c3d83d',NULL,'',NULL,NULL,NULL,NULL,NULL,NULL,NULL,NULL,0,0,2,NULL,NULL,NULL),(590,220,4,2,4,'2008-10-09 02:26:51','0.00','91.00',NULL,NULL,'#a57576b52771e9f7b9c9cc854960d6a4',NULL,'',NULL,NULL,NULL,NULL,NULL,NULL,NULL,NULL,0,0,3,NULL,NULL,NULL),(591,257,3,1,1,'2008-05-25 09:29:07','0.00','22.00',NULL,NULL,'#fb131e4b4b272681fd316d735b0d5013',NULL,'',NULL,NULL,NULL,NULL,NULL,NULL,NULL,NULL,0,0,5,NULL,NULL,NULL),(592,65,3,2,4,'2007-09-20 10:28:04','0.00','73.00',NULL,NULL,'#2d2b8ef1f82e3a2de9a3675cedd6daec',NULL,'',NULL,NULL,NULL,NULL,NULL,NULL,NULL,NULL,0,0,4,NULL,NULL,NULL),(593,264,1,3,3,'2009-05-26 05:40:19','0.00','61.00',NULL,NULL,'#4494dfb050841c33057c327793b6ee2d',NULL,'',NULL,NULL,NULL,NULL,NULL,NULL,NULL,NULL,0,0,1,NULL,NULL,NULL),(594,192,4,1,5,'2009-03-11 12:51:31','0.00','78.00',NULL,NULL,'#79b0b8edcdf62f29f88681d96f16b16b',NULL,'',NULL,NULL,NULL,NULL,NULL,NULL,NULL,NULL,0,0,2,NULL,NULL,NULL),(595,333,3,2,4,'2009-02-15 03:16:35','0.00','95.00',NULL,NULL,'#6cedb44ec23aacce379d673fa589c77d',NULL,'',NULL,NULL,NULL,NULL,NULL,NULL,NULL,NULL,0,0,6,NULL,NULL,NULL),(596,210,4,2,3,'2008-07-09 01:57:22','0.00','48.00',NULL,NULL,'#d3e57a89c8dd3a080b590ab8c18cb483',NULL,'',NULL,NULL,NULL,NULL,NULL,NULL,NULL,NULL,0,0,1,NULL,NULL,NULL),(597,487,3,3,4,'2009-01-12 08:05:59','0.00','59.00',NULL,NULL,'#e41834a72cc1142a461ae8d7731d21db',NULL,'',NULL,NULL,NULL,NULL,NULL,NULL,NULL,NULL,0,0,6,NULL,NULL,NULL),(598,105,1,1,2,'2008-10-31 12:58:29','0.00','69.00',NULL,NULL,'#454501a31cec37ea7300ae71f0c2b7f6',NULL,'',NULL,NULL,NULL,NULL,NULL,NULL,NULL,NULL,0,0,3,NULL,NULL,NULL),(599,207,3,1,3,'2008-10-27 12:17:51','0.00','28.00',NULL,NULL,'#37765f23d831b0df8db35c5e80debef2',NULL,'',NULL,NULL,NULL,NULL,NULL,NULL,NULL,NULL,0,0,6,NULL,NULL,NULL),(600,431,4,1,5,'2007-07-23 09:47:58','0.00','32.00',NULL,NULL,'#6461673a77c6f197919b29515c74465c',NULL,'',NULL,NULL,NULL,NULL,NULL,NULL,NULL,NULL,0,0,5,NULL,NULL,NULL),(601,32,4,2,4,'2008-11-14 08:07:52','0.00','78.00',NULL,NULL,'#2c141e539e2818b84e85ace37051adf2',NULL,'',NULL,NULL,NULL,NULL,NULL,NULL,NULL,NULL,0,0,5,NULL,NULL,NULL),(602,316,4,1,5,'2008-03-29 08:22:39','0.00','56.00',NULL,NULL,'#99c659299132c388b12b2773248cecd0',NULL,'',NULL,NULL,NULL,NULL,NULL,NULL,NULL,NULL,0,0,2,NULL,NULL,NULL),(603,207,2,3,3,'2009-03-30 10:26:51','0.00','16.00',NULL,NULL,'#24ea97ff451e474f448c8a562d844407',NULL,'',NULL,NULL,NULL,NULL,NULL,NULL,NULL,NULL,0,0,6,NULL,NULL,NULL),(604,258,2,3,3,'2007-12-17 04:01:47','0.00','17.00',NULL,NULL,'#a5c254baf66fc4087b7231c89e797805',NULL,'',NULL,NULL,NULL,NULL,NULL,NULL,NULL,NULL,0,0,3,NULL,NULL,NULL),(605,157,2,1,5,'2008-03-19 08:30:05','0.00','63.00',NULL,NULL,'#773cf16b32a1e91afc7645969dcb72ef',NULL,'',NULL,NULL,NULL,NULL,NULL,NULL,NULL,NULL,0,0,6,NULL,NULL,NULL),(606,236,1,1,1,'2008-08-07 04:22:22','0.00','48.00',NULL,NULL,'#3b53a649a5d26d9e0321f0b658459832',NULL,'',NULL,NULL,NULL,NULL,NULL,NULL,NULL,NULL,0,0,2,NULL,NULL,NULL),(607,298,2,1,1,'2008-03-26 09:18:59','0.00','22.00',NULL,NULL,'#8c4869d0a2c719934486befd597f2d98',NULL,'',NULL,NULL,NULL,NULL,NULL,NULL,NULL,NULL,0,0,2,NULL,NULL,NULL),(608,180,4,3,3,'2008-09-21 10:27:28','0.00','22.00',NULL,NULL,'#e574f6b36137e5afadb9f9c2f0ffc1f4',NULL,'',NULL,NULL,NULL,NULL,NULL,NULL,NULL,NULL,0,0,2,NULL,NULL,NULL),(609,352,1,1,5,'2009-03-18 01:01:46','0.00','92.00',NULL,NULL,'#b93bdf5d1c339f9818261e6c52958c46',NULL,'',NULL,NULL,NULL,NULL,NULL,NULL,NULL,NULL,0,0,2,NULL,NULL,NULL),(610,14,2,3,1,'2008-11-28 11:22:53','0.00','10.00',NULL,NULL,'#fae7bce47e402db5d1aa8a844774c95f',NULL,'',NULL,NULL,NULL,NULL,NULL,NULL,NULL,NULL,0,0,3,NULL,NULL,NULL),(611,89,1,3,1,'2008-10-13 06:59:09','0.00','74.00',NULL,NULL,'#a96259903b77b3c82cf58a4450902acd',NULL,'',NULL,NULL,NULL,NULL,NULL,NULL,NULL,NULL,0,0,2,NULL,NULL,NULL),(612,356,4,3,1,'2008-05-20 12:39:30','0.00','56.00',NULL,NULL,'#e18981052ba3df3bae13a3198a871dbf',NULL,'',NULL,NULL,NULL,NULL,NULL,NULL,NULL,NULL,0,0,1,NULL,NULL,NULL),(613,439,2,2,3,'2009-03-03 02:45:23','0.00','25.00',NULL,NULL,'#cc3873e96670154e3a96497a67287b91',NULL,'',NULL,NULL,NULL,NULL,NULL,NULL,NULL,NULL,0,0,4,NULL,NULL,NULL),(614,390,4,3,2,'2008-06-29 02:33:02','0.00','11.00',NULL,NULL,'#ab851b32eda39c0cf59befc524916ec9',NULL,'',NULL,NULL,NULL,NULL,NULL,NULL,NULL,NULL,0,0,4,NULL,NULL,NULL),(615,281,2,1,5,'2007-09-29 10:58:33','0.00','61.00',NULL,NULL,'#cdc30109507e7bac5b2b001a8dcc9535',NULL,'',NULL,NULL,NULL,NULL,NULL,NULL,NULL,NULL,0,0,3,NULL,NULL,NULL),(616,260,1,3,5,'2007-08-14 06:33:05','0.00','55.00',NULL,NULL,'#f7e1cf476949bd42f404319975b09031',NULL,'',NULL,NULL,NULL,NULL,NULL,NULL,NULL,NULL,0,0,2,NULL,NULL,NULL),(617,370,1,1,5,'2008-01-01 05:50:04','0.00','57.00',NULL,NULL,'#0eccecd53e33fcb8f1968c4e8001a565',NULL,'',NULL,NULL,NULL,NULL,NULL,NULL,NULL,NULL,0,0,3,NULL,NULL,NULL),(618,185,2,1,1,'2007-06-23 03:05:03','0.00','13.00',NULL,NULL,'#3826726e70bddb75fcb09d802493625e',NULL,'',NULL,NULL,NULL,NULL,NULL,NULL,NULL,NULL,0,0,6,NULL,NULL,NULL),(619,143,1,3,5,'2009-02-06 08:42:08','0.00','27.00',NULL,NULL,'#ad0d494c75de561cadb7e1641715a5ad',NULL,'',NULL,NULL,NULL,NULL,NULL,NULL,NULL,NULL,0,0,1,NULL,NULL,NULL),(620,497,4,1,5,'2007-11-28 01:46:39','0.00','73.00',NULL,NULL,'#53dee2c03de38ca506908d3a63d45358',NULL,'',NULL,NULL,NULL,NULL,NULL,NULL,NULL,NULL,0,0,2,NULL,NULL,NULL),(621,377,2,1,2,'2008-12-07 08:56:03','0.00','23.00',NULL,NULL,'#4f7bf697a8973a055a73e7d8bdd35189',NULL,'',NULL,NULL,NULL,NULL,NULL,NULL,NULL,NULL,0,0,1,NULL,NULL,NULL),(622,210,3,3,3,'2007-11-02 11:55:42','0.00','43.00',NULL,NULL,'#fbec12856b80c796bc948881a8eac2e4',NULL,'',NULL,NULL,NULL,NULL,NULL,NULL,NULL,NULL,0,0,1,NULL,NULL,NULL),(623,439,1,2,3,'2008-11-21 05:48:07','0.00','92.00',NULL,NULL,'#d19b47ec4523b9f0abca998bb927477e',NULL,'',NULL,NULL,NULL,NULL,NULL,NULL,NULL,NULL,0,0,1,NULL,NULL,NULL),(624,191,2,2,2,'2009-04-03 12:39:20','0.00','91.00',NULL,NULL,'#e6759fee8b4f489b50a7f65a67e77309',NULL,'',NULL,NULL,NULL,NULL,NULL,NULL,NULL,NULL,0,0,1,NULL,NULL,NULL),(625,23,4,3,3,'2008-03-04 12:31:03','0.00','94.00',NULL,NULL,'#1ff69f1fb3229126eef09a59d5be8b79',NULL,'',NULL,NULL,NULL,NULL,NULL,NULL,NULL,NULL,0,0,3,NULL,NULL,NULL),(626,262,1,3,5,'2008-06-09 05:57:23','0.00','99.00',NULL,NULL,'#a7beb919034fe705c8826db7505c2e4a',NULL,'',NULL,NULL,NULL,NULL,NULL,NULL,NULL,NULL,0,0,5,NULL,NULL,NULL),(627,125,3,2,2,'2008-01-03 06:22:49','0.00','78.00',NULL,NULL,'#962391bb1d3e69482fbeb602d896d361',NULL,'',NULL,NULL,NULL,NULL,NULL,NULL,NULL,NULL,0,0,6,NULL,NULL,NULL),(628,237,1,1,1,'2008-02-09 02:19:36','0.00','40.00',NULL,NULL,'#f23873674b59fc65c9adb9c5e8da4326',NULL,'',NULL,NULL,NULL,NULL,NULL,NULL,NULL,NULL,0,0,4,NULL,NULL,NULL),(629,314,4,1,5,'2008-08-01 03:39:16','0.00','25.00',NULL,NULL,'#d188d57d79887a42ce18faed77cd685b',NULL,'',NULL,NULL,NULL,NULL,NULL,NULL,NULL,NULL,0,0,5,NULL,NULL,NULL),(630,238,4,1,3,'2009-01-14 05:34:33','0.00','69.00',NULL,NULL,'#eec158d86a001e771575c9aa8c4bcf68',NULL,'',NULL,NULL,NULL,NULL,NULL,NULL,NULL,NULL,0,0,6,NULL,NULL,NULL),(631,206,1,3,1,'2009-01-01 05:56:43','0.00','32.00',NULL,NULL,'#1c4b5ac8468b9909cf6efa818122eebb',NULL,'',NULL,NULL,NULL,NULL,NULL,NULL,NULL,NULL,0,0,2,NULL,NULL,NULL),(632,253,4,3,4,'2008-07-27 05:11:46','0.00','74.00',NULL,NULL,'#c3ab61088eac93812d3611c1df162381',NULL,'',NULL,NULL,NULL,NULL,NULL,NULL,NULL,NULL,0,0,6,NULL,NULL,NULL),(633,373,4,1,4,'2007-10-25 02:22:05','0.00','27.00',NULL,NULL,'#75c5e81cc30526f2aae4f1967bbaf749',NULL,'',NULL,NULL,NULL,NULL,NULL,NULL,NULL,NULL,0,0,4,NULL,NULL,NULL),(634,354,4,2,1,'2008-02-08 07:42:29','0.00','28.00',NULL,NULL,'#98dd58cce6ebb5d463b11b0f8245f033',NULL,'',NULL,NULL,NULL,NULL,NULL,NULL,NULL,NULL,0,0,2,NULL,NULL,NULL),(635,200,3,2,3,'2009-02-18 07:14:03','0.00','58.00',NULL,NULL,'#c0a21b4d4690b950767f5931b805b1aa',NULL,'',NULL,NULL,NULL,NULL,NULL,NULL,NULL,NULL,0,0,5,NULL,NULL,NULL),(636,97,2,2,3,'2007-10-10 02:03:11','0.00','25.00',NULL,NULL,'#435af1605f2f38579a051478b557325a',NULL,'',NULL,NULL,NULL,NULL,NULL,NULL,NULL,NULL,0,0,1,NULL,NULL,NULL),(637,18,2,2,4,'2007-08-11 06:34:29','0.00','27.00',NULL,NULL,'#b68a9a5d66203c7938d47db2091bf5f6',NULL,'',NULL,NULL,NULL,NULL,NULL,NULL,NULL,NULL,0,0,3,NULL,NULL,NULL),(638,107,3,3,1,'2007-11-24 11:44:42','0.00','69.00',NULL,NULL,'#c2b9310ab7674ea44a63129d82aa0449',NULL,'',NULL,NULL,NULL,NULL,NULL,NULL,NULL,NULL,0,0,2,NULL,NULL,NULL),(639,123,1,3,3,'2008-09-20 03:10:54','0.00','33.00',NULL,NULL,'#ed9ad13e65104d237f286dd3b196000c',NULL,'',NULL,NULL,NULL,NULL,NULL,NULL,NULL,NULL,0,0,2,NULL,NULL,NULL),(640,462,4,1,2,'2007-11-20 04:23:18','0.00','35.00',NULL,NULL,'#fe4f8da90c03539243544f6b334642fc',NULL,'',NULL,NULL,NULL,NULL,NULL,NULL,NULL,NULL,0,0,2,NULL,NULL,NULL),(641,58,3,1,1,'2008-06-01 06:11:59','0.00','33.00',NULL,NULL,'#f6d1a5b5ab154171089fa9b8e1f73350',NULL,'',NULL,NULL,NULL,NULL,NULL,NULL,NULL,NULL,0,0,6,NULL,NULL,NULL),(642,331,2,1,4,'2009-05-28 05:46:20','0.00','55.00',NULL,NULL,'#a9b000f3b8653b9f2ac0abc2937fa698',NULL,'',NULL,NULL,NULL,NULL,NULL,NULL,NULL,NULL,0,0,3,NULL,NULL,NULL),(643,158,4,1,1,'2008-12-31 02:58:10','0.00','60.00',NULL,NULL,'#92e0949dde4fa5ec55336ce643f188eb',NULL,'',NULL,NULL,NULL,NULL,NULL,NULL,NULL,NULL,0,0,2,NULL,NULL,NULL),(644,183,4,3,5,'2009-04-06 06:17:01','0.00','16.00',NULL,NULL,'#dfddbb85781fe1d80269a495fba8307e',NULL,'',NULL,NULL,NULL,NULL,NULL,NULL,NULL,NULL,0,0,4,NULL,NULL,NULL),(645,142,3,1,2,'2007-10-06 05:58:47','0.00','63.00',NULL,NULL,'#3744bfa97c262a960231ef58f8bf690c',NULL,'',NULL,NULL,NULL,NULL,NULL,NULL,NULL,NULL,0,0,1,NULL,NULL,NULL),(646,10,2,1,2,'2007-08-04 01:34:54','0.00','72.00',NULL,NULL,'#6f8bf23f9f3a374c20f6eb4b42fed728',NULL,'',NULL,NULL,NULL,NULL,NULL,NULL,NULL,NULL,0,0,4,NULL,NULL,NULL),(647,155,2,1,3,'2007-11-14 01:08:35','0.00','16.00',NULL,NULL,'#85cdea0ea298812ecad45af582a031ba',NULL,'',NULL,NULL,NULL,NULL,NULL,NULL,NULL,NULL,0,0,4,NULL,NULL,NULL),(648,471,1,2,4,'2007-12-18 09:51:35','0.00','33.00',NULL,NULL,'#8ce4260574fa4d54d1c7467084bbd625',NULL,'',NULL,NULL,NULL,NULL,NULL,NULL,NULL,NULL,0,0,2,NULL,NULL,NULL),(649,347,3,1,4,'2008-10-20 10:18:08','0.00','31.00',NULL,NULL,'#c3da1ca5c22f568a3aa920d272de22f4',NULL,'',NULL,NULL,NULL,NULL,NULL,NULL,NULL,NULL,0,0,6,NULL,NULL,NULL),(650,152,2,1,4,'2008-12-31 07:43:22','0.00','79.00',NULL,NULL,'#079086c0819e211f5320173d367258af',NULL,'',NULL,NULL,NULL,NULL,NULL,NULL,NULL,NULL,0,0,6,NULL,NULL,NULL),(651,10,2,3,5,'2007-11-18 06:17:11','0.00','40.00',NULL,NULL,'#f4399b499b80018b21398d1929d55ad8',NULL,'',NULL,NULL,NULL,NULL,NULL,NULL,NULL,NULL,0,0,4,NULL,NULL,NULL),(652,201,1,3,4,'2008-12-02 02:52:45','0.00','66.00',NULL,NULL,'#dbbd706a4f7ab552be6e3291d1633a29',NULL,'',NULL,NULL,NULL,NULL,NULL,NULL,NULL,NULL,0,0,5,NULL,NULL,NULL),(653,264,2,1,5,'2008-08-15 08:09:27','0.00','95.00',NULL,NULL,'#762e48069a0622e54af1ad57b96ee2ce',NULL,'',NULL,NULL,NULL,NULL,NULL,NULL,NULL,NULL,0,0,1,NULL,NULL,NULL),(654,204,3,1,3,'2007-06-18 03:01:28','0.00','61.00',NULL,NULL,'#9559e9b22fda23c0f10c680d8b08988d',NULL,'',NULL,NULL,NULL,NULL,NULL,NULL,NULL,NULL,0,0,1,NULL,NULL,NULL),(655,165,2,1,5,'2008-02-27 09:15:36','0.00','34.00',NULL,NULL,'#e5ccb90f7d6c981cd2e900c22d7f5f69',NULL,'',NULL,NULL,NULL,NULL,NULL,NULL,NULL,NULL,0,0,1,NULL,NULL,NULL),(656,499,3,1,4,'2007-09-07 05:48:30','0.00','20.00',NULL,NULL,'#3cf2b35f2cc9e8cd4f92435bbba6e516',NULL,'',NULL,NULL,NULL,NULL,NULL,NULL,NULL,NULL,0,0,3,NULL,NULL,NULL),(657,290,4,3,2,'2008-09-21 07:05:29','0.00','33.00',NULL,NULL,'#49832529f8b01490349b52526538cd89',NULL,'',NULL,NULL,NULL,NULL,NULL,NULL,NULL,NULL,0,0,4,NULL,NULL,NULL),(658,367,4,3,4,'2009-02-25 07:40:15','0.00','74.00',NULL,NULL,'#f5ae68c9cc31ee6d9a02e9930d6b6431',NULL,'',NULL,NULL,NULL,NULL,NULL,NULL,NULL,NULL,0,0,2,NULL,NULL,NULL),(659,314,4,2,4,'2008-08-13 11:18:15','0.00','60.00',NULL,NULL,'#4eb3bc34cac81b2ae8a986846f919d5a',NULL,'',NULL,NULL,NULL,NULL,NULL,NULL,NULL,NULL,0,0,6,NULL,NULL,NULL),(660,194,2,1,3,'2007-12-18 07:39:16','0.00','90.00',NULL,NULL,'#45c97ff3985b0c6a9606105298536bf9',NULL,'',NULL,NULL,NULL,NULL,NULL,NULL,NULL,NULL,0,0,3,NULL,NULL,NULL),(661,117,1,3,4,'2008-09-16 09:36:38','0.00','90.00',NULL,NULL,'#a9af6969d08b93c8ff276310f20c0816',NULL,'',NULL,NULL,NULL,NULL,NULL,NULL,NULL,NULL,0,0,2,NULL,NULL,NULL),(662,277,2,2,4,'2009-04-23 11:34:21','0.00','99.00',NULL,NULL,'#5383ceb992bea469fa23df6fe9d93e60',NULL,'',NULL,NULL,NULL,NULL,NULL,NULL,NULL,NULL,0,0,5,NULL,NULL,NULL),(663,92,4,3,5,'2007-12-15 06:05:50','0.00','76.00',NULL,NULL,'#eac9858164cad9ef6facd257dafd3597',NULL,'',NULL,NULL,NULL,NULL,NULL,NULL,NULL,NULL,0,0,6,NULL,NULL,NULL),(664,77,3,1,1,'2009-02-13 11:23:42','0.00','41.00',NULL,NULL,'#829acb42e19c9209a993ab2e20a4084c',NULL,'',NULL,NULL,NULL,NULL,NULL,NULL,NULL,NULL,0,0,3,NULL,NULL,NULL),(665,189,4,1,4,'2007-10-11 05:29:54','0.00','50.00',NULL,NULL,'#9cf55b632b39f79df2df99e66a10fbc7',NULL,'',NULL,NULL,NULL,NULL,NULL,NULL,NULL,NULL,0,0,1,NULL,NULL,NULL),(666,422,3,1,5,'2009-04-15 06:38:56','0.00','79.00',NULL,NULL,'#d741ef404875092c68e7c71856ef1d24',NULL,'',NULL,NULL,NULL,NULL,NULL,NULL,NULL,NULL,0,0,6,NULL,NULL,NULL),(667,402,3,1,1,'2008-01-08 09:02:09','0.00','35.00',NULL,NULL,'#0e371fce701145666dad50181ce326ba',NULL,'',NULL,NULL,NULL,NULL,NULL,NULL,NULL,NULL,0,0,5,NULL,NULL,NULL),(668,148,2,1,4,'2009-02-23 03:52:21','0.00','95.00',NULL,NULL,'#349f237a639933de6ebd3b26eaa59335',NULL,'',NULL,NULL,NULL,NULL,NULL,NULL,NULL,NULL,0,0,4,NULL,NULL,NULL),(669,408,1,1,2,'2008-04-17 01:24:40','0.00','84.00',NULL,NULL,'#bbcc0e7c416080b82eb2b88b3d3ee04d',NULL,'',NULL,NULL,NULL,NULL,NULL,NULL,NULL,NULL,0,0,3,NULL,NULL,NULL),(670,348,1,1,4,'2008-07-18 03:17:03','0.00','87.00',NULL,NULL,'#bf9c40ece921874096480adc8b91c7c6',NULL,'',NULL,NULL,NULL,NULL,NULL,NULL,NULL,NULL,0,0,2,NULL,NULL,NULL),(671,414,4,3,5,'2009-04-27 06:03:17','0.00','26.00',NULL,NULL,'#acf5058b1931360d676a9b07fa78f89a',NULL,'',NULL,NULL,NULL,NULL,NULL,NULL,NULL,NULL,0,0,1,NULL,NULL,NULL),(672,54,1,2,1,'2007-06-13 08:12:38','0.00','84.00',NULL,NULL,'#278002a04014523df980d5484747ef07',NULL,'',NULL,NULL,NULL,NULL,NULL,NULL,NULL,NULL,0,0,4,NULL,NULL,NULL),(673,371,3,2,4,'2007-12-23 02:37:19','0.00','73.00',NULL,NULL,'#c3f3dfc96804619862ab882ada904b37',NULL,'',NULL,NULL,NULL,NULL,NULL,NULL,NULL,NULL,0,0,5,NULL,NULL,NULL),(674,457,1,1,1,'2007-08-22 07:28:14','0.00','38.00',NULL,NULL,'#3f10cfe723f6dc6ca587d979a6f87e89',NULL,'',NULL,NULL,NULL,NULL,NULL,NULL,NULL,NULL,0,0,5,NULL,NULL,NULL),(675,317,3,1,5,'2008-12-10 08:02:43','0.00','47.00',NULL,NULL,'#9fde4eb6c47f643338065e650ff7323e',NULL,'',NULL,NULL,NULL,NULL,NULL,NULL,NULL,NULL,0,0,1,NULL,NULL,NULL),(676,58,2,2,3,'2008-05-30 10:05:05','0.00','44.00',NULL,NULL,'#c38024e88e7c0e807d17fcc0fb8e8a1c',NULL,'',NULL,NULL,NULL,NULL,NULL,NULL,NULL,NULL,0,0,4,NULL,NULL,NULL),(677,168,1,2,4,'2008-08-22 11:12:28','0.00','39.00',NULL,NULL,'#ac5ff0d5ab0f739834f45936676ac14f',NULL,'',NULL,NULL,NULL,NULL,NULL,NULL,NULL,NULL,0,0,6,NULL,NULL,NULL),(678,186,2,3,3,'2008-12-27 02:40:28','0.00','59.00',NULL,NULL,'#2295eb25f2c53138fd5df640bd06361b',NULL,'',NULL,NULL,NULL,NULL,NULL,NULL,NULL,NULL,0,0,6,NULL,NULL,NULL),(679,1,3,3,2,'2009-02-19 03:55:59','0.00','95.00',NULL,NULL,'#95880c9dc3c33fa82f62993d1954112e',NULL,'',NULL,NULL,NULL,NULL,NULL,NULL,NULL,NULL,0,0,4,NULL,NULL,NULL),(680,49,4,2,2,'2007-11-08 02:29:25','0.00','97.00',NULL,NULL,'#8a163e55239dccb026c4aff7305368a3',NULL,'',NULL,NULL,NULL,NULL,NULL,NULL,NULL,NULL,0,0,1,NULL,NULL,NULL),(681,459,1,2,1,'2008-05-10 03:14:59','0.00','25.00',NULL,NULL,'#76ac4400427b11ab37f39d00dee240f6',NULL,'',NULL,NULL,NULL,NULL,NULL,NULL,NULL,NULL,0,0,6,NULL,NULL,NULL),(682,124,1,1,1,'2007-07-01 09:22:34','0.00','12.00',NULL,NULL,'#addcc2347a969ccb127a633d268b18d2',NULL,'',NULL,NULL,NULL,NULL,NULL,NULL,NULL,NULL,0,0,5,NULL,NULL,NULL),(683,104,4,2,1,'2008-05-12 01:36:24','0.00','76.00',NULL,NULL,'#58004ce0a0985bdf7609debf4fb05247',NULL,'',NULL,NULL,NULL,NULL,NULL,NULL,NULL,NULL,0,0,4,NULL,NULL,NULL),(684,439,3,1,3,'2007-12-28 08:14:42','0.00','87.00',NULL,NULL,'#6354d6e6cd6467ac5128fea797d23ed9',NULL,'',NULL,NULL,NULL,NULL,NULL,NULL,NULL,NULL,0,0,1,NULL,NULL,NULL),(685,443,2,1,1,'2007-12-30 07:11:37','0.00','29.00',NULL,NULL,'#34c5a54a1bd2ea1395dd3832c31b5415',NULL,'',NULL,NULL,NULL,NULL,NULL,NULL,NULL,NULL,0,0,4,NULL,NULL,NULL),(686,221,3,2,5,'2009-01-31 03:35:59','0.00','93.00',NULL,NULL,'#20fa6a426b2dd2b8f7da0f16778be2c2',NULL,'',NULL,NULL,NULL,NULL,NULL,NULL,NULL,NULL,0,0,4,NULL,NULL,NULL),(687,380,4,3,3,'2008-04-11 01:02:52','0.00','56.00',NULL,NULL,'#570d542aa0d5c66e5a0c99ae3e5d4430',NULL,'',NULL,NULL,NULL,NULL,NULL,NULL,NULL,NULL,0,0,1,NULL,NULL,NULL),(688,72,3,1,4,'2007-12-03 02:43:49','0.00','68.00',NULL,NULL,'#9cce719679ea3a58ca812e4e49f77b35',NULL,'',NULL,NULL,NULL,NULL,NULL,NULL,NULL,NULL,0,0,2,NULL,NULL,NULL),(689,29,1,2,2,'2007-10-10 05:53:20','0.00','25.00',NULL,NULL,'#f842794ab3de90e04793f4884d50ba29',NULL,'',NULL,NULL,NULL,NULL,NULL,NULL,NULL,NULL,0,0,2,NULL,NULL,NULL),(690,352,1,1,2,'2008-03-24 02:20:45','0.00','62.00',NULL,NULL,'#99957b712c0db90a0ddb62f4ae3247c7',NULL,'',NULL,NULL,NULL,NULL,NULL,NULL,NULL,NULL,0,0,1,NULL,NULL,NULL),(691,296,4,3,2,'2008-06-09 04:14:13','0.00','64.00',NULL,NULL,'#ccbe5fcea67ffb18a09a4c80282e87c2',NULL,'',NULL,NULL,NULL,NULL,NULL,NULL,NULL,NULL,0,0,4,NULL,NULL,NULL),(692,335,3,2,4,'2007-11-16 01:54:00','0.00','50.00',NULL,NULL,'#dd06a4b52e261293524d37ddd0f64e84',NULL,'',NULL,NULL,NULL,NULL,NULL,NULL,NULL,NULL,0,0,3,NULL,NULL,NULL),(693,257,4,1,5,'2008-08-08 04:33:32','0.00','30.00',NULL,NULL,'#d4d6143d4670f92f20fee6b98a57b0a0',NULL,'',NULL,NULL,NULL,NULL,NULL,NULL,NULL,NULL,0,0,2,NULL,NULL,NULL),(694,46,2,1,4,'2007-11-07 10:54:48','0.00','87.00',NULL,NULL,'#e678e211fbd5f5d7a37abdae125284b4',NULL,'',NULL,NULL,NULL,NULL,NULL,NULL,NULL,NULL,0,0,1,NULL,NULL,NULL),(695,191,2,2,3,'2007-12-21 06:02:48','0.00','80.00',NULL,NULL,'#3328f18b94eb298f653830ef135321a8',NULL,'',NULL,NULL,NULL,NULL,NULL,NULL,NULL,NULL,0,0,6,NULL,NULL,NULL),(696,52,4,1,5,'2007-07-16 01:27:25','0.00','30.00',NULL,NULL,'#2f2edc7c42a4c8f0d05dbf13ae64f20d',NULL,'',NULL,NULL,NULL,NULL,NULL,NULL,NULL,NULL,0,0,2,NULL,NULL,NULL),(697,461,2,1,4,'2008-12-16 01:25:03','0.00','72.00',NULL,NULL,'#a927fccab374d355fc1ec02acee61722',NULL,'',NULL,NULL,NULL,NULL,NULL,NULL,NULL,NULL,0,0,5,NULL,NULL,NULL),(698,91,1,1,5,'2008-01-01 02:23:31','0.00','39.00',NULL,NULL,'#126afc5900be6dddcb280336f4dbe627',NULL,'',NULL,NULL,NULL,NULL,NULL,NULL,NULL,NULL,0,0,3,NULL,NULL,NULL),(699,252,3,1,2,'2008-12-13 11:19:08','0.00','44.00',NULL,NULL,'#968e4832ee120cd6aa3656a855eb1767',NULL,'',NULL,NULL,NULL,NULL,NULL,NULL,NULL,NULL,0,0,5,NULL,NULL,NULL),(700,21,3,3,4,'2007-09-24 07:06:24','0.00','39.00',NULL,NULL,'#5096fd3775d1b6cd5a333df0a290e5d4',NULL,'',NULL,NULL,NULL,NULL,NULL,NULL,NULL,NULL,0,0,5,NULL,NULL,NULL),(701,48,3,1,1,'2008-03-04 03:51:47','0.00','44.00',NULL,NULL,'#7f4a7b87837e4682a2edc9031ec620c7',NULL,'',NULL,NULL,NULL,NULL,NULL,NULL,NULL,NULL,0,0,6,NULL,NULL,NULL),(702,70,2,1,2,'2008-07-16 12:53:14','0.00','96.00',NULL,NULL,'#b40e3c8c9a1006a4fe9d0515576655ad',NULL,'',NULL,NULL,NULL,NULL,NULL,NULL,NULL,NULL,0,0,4,NULL,NULL,NULL),(703,15,1,1,2,'2008-02-22 10:57:20','0.00','58.00',NULL,NULL,'#77d34db22725ef0a76681fd6e0ac2acf',NULL,'',NULL,NULL,NULL,NULL,NULL,NULL,NULL,NULL,0,0,2,NULL,NULL,NULL),(704,363,1,2,3,'2009-04-03 06:29:29','0.00','84.00',NULL,NULL,'#62af0d3b4ad450d3649c8e2b10404e90',NULL,'',NULL,NULL,NULL,NULL,NULL,NULL,NULL,NULL,0,0,2,NULL,NULL,NULL),(705,313,3,3,3,'2008-06-19 04:23:46','0.00','28.00',NULL,NULL,'#7a973c901c5cf05aaea3b8584ee467ae',NULL,'',NULL,NULL,NULL,NULL,NULL,NULL,NULL,NULL,0,0,3,NULL,NULL,NULL),(706,108,4,1,2,'2008-07-30 08:24:55','0.00','41.00',NULL,NULL,'#0a1aa652e79de1bada0fbf2e805f573e',NULL,'',NULL,NULL,NULL,NULL,NULL,NULL,NULL,NULL,0,0,6,NULL,NULL,NULL),(707,121,4,1,2,'2007-12-16 12:24:16','0.00','72.00',NULL,NULL,'#2df0f891fdbe9bc1c9ce8c7aa5d9abb7',NULL,'',NULL,NULL,NULL,NULL,NULL,NULL,NULL,NULL,0,0,3,NULL,NULL,NULL),(708,292,4,3,2,'2009-02-06 09:00:41','0.00','37.00',NULL,NULL,'#987d10c36514cb3bc4b6e1ba8d853351',NULL,'',NULL,NULL,NULL,NULL,NULL,NULL,NULL,NULL,0,0,4,NULL,NULL,NULL),(709,288,3,3,4,'2008-08-05 02:01:16','0.00','52.00',NULL,NULL,'#9a4b47a2ffb49b44f8cc399ea6246dec',NULL,'',NULL,NULL,NULL,NULL,NULL,NULL,NULL,NULL,0,0,4,NULL,NULL,NULL),(710,77,4,2,4,'2008-10-25 02:32:13','0.00','86.00',NULL,NULL,'#7615a4a01d374acdd949a4922e883576',NULL,'',NULL,NULL,NULL,NULL,NULL,NULL,NULL,NULL,0,0,3,NULL,NULL,NULL),(711,333,2,1,4,'2009-01-08 07:21:45','0.00','62.00',NULL,NULL,'#f3c015cc94066a2d3e873d92d58170b3',NULL,'',NULL,NULL,NULL,NULL,NULL,NULL,NULL,NULL,0,0,2,NULL,NULL,NULL),(712,394,4,2,2,'2008-04-26 11:08:50','0.00','76.00',NULL,NULL,'#c083fb37c018a4cfad095032099ef5b7',NULL,'',NULL,NULL,NULL,NULL,NULL,NULL,NULL,NULL,0,0,2,NULL,NULL,NULL),(713,467,2,2,1,'2007-09-11 08:05:21','0.00','60.00',NULL,NULL,'#3323c7a6c921eac7ae2a7a733bcfc365',NULL,'',NULL,NULL,NULL,NULL,NULL,NULL,NULL,NULL,0,0,3,NULL,NULL,NULL),(714,226,4,3,5,'2007-07-25 09:02:48','0.00','90.00',NULL,NULL,'#5ac6f1eb6cd1041b33af9bbac4dda0b3',NULL,'',NULL,NULL,NULL,NULL,NULL,NULL,NULL,NULL,0,0,5,NULL,NULL,NULL),(715,156,3,2,2,'2008-11-26 08:47:16','0.00','79.00',NULL,NULL,'#acc1e0f82844b769496acdfdd8a0876d',NULL,'',NULL,NULL,NULL,NULL,NULL,NULL,NULL,NULL,0,0,4,NULL,NULL,NULL),(716,471,2,3,2,'2009-05-30 10:16:48','0.00','26.00',NULL,NULL,'#2ec0d538a609c909b911455ad6595be6',NULL,'',NULL,NULL,NULL,NULL,NULL,NULL,NULL,NULL,0,0,5,NULL,NULL,NULL),(717,25,2,2,1,'2007-11-21 09:29:20','0.00','49.00',NULL,NULL,'#abfd8c3d0e9422597bebcd6f5fe981a0',NULL,'',NULL,NULL,NULL,NULL,NULL,NULL,NULL,NULL,0,0,6,NULL,NULL,NULL),(718,223,2,2,5,'2007-11-15 05:08:43','0.00','74.00',NULL,NULL,'#9bd90ca3ef55055aaa515c8a298cd9ac',NULL,'',NULL,NULL,NULL,NULL,NULL,NULL,NULL,NULL,0,0,2,NULL,NULL,NULL),(719,233,2,1,4,'2009-02-27 12:49:11','0.00','79.00',NULL,NULL,'#0f7839a0bd5bc904edb0c5fc6fdc3d1f',NULL,'',NULL,NULL,NULL,NULL,NULL,NULL,NULL,NULL,0,0,1,NULL,NULL,NULL),(720,285,3,2,3,'2009-04-03 01:38:52','0.00','69.00',NULL,NULL,'#3646d01b1402b9b2d1ffb7f0561ef92d',NULL,'',NULL,NULL,NULL,NULL,NULL,NULL,NULL,NULL,0,0,2,NULL,NULL,NULL),(721,468,3,2,4,'2007-11-30 11:17:49','0.00','92.00',NULL,NULL,'#8050633ece32f4a3605bb6952703e524',NULL,'',NULL,NULL,NULL,NULL,NULL,NULL,NULL,NULL,0,0,6,NULL,NULL,NULL),(722,255,4,1,2,'2007-06-12 04:20:40','0.00','56.00',NULL,NULL,'#2044a0782d34fc092d54dbb3f0b556ec',NULL,'',NULL,NULL,NULL,NULL,NULL,NULL,NULL,NULL,0,0,5,NULL,NULL,NULL),(723,202,3,3,5,'2009-02-15 06:16:55','0.00','48.00',NULL,NULL,'#7b92a7458e496bd5d0bfe5963e6a7979',NULL,'',NULL,NULL,NULL,NULL,NULL,NULL,NULL,NULL,0,0,2,NULL,NULL,NULL),(724,143,3,3,1,'2009-05-19 05:18:02','0.00','93.00',NULL,NULL,'#d4f3cc69c396612cba9b2e532f946ade',NULL,'',NULL,NULL,NULL,NULL,NULL,NULL,NULL,NULL,0,0,2,NULL,NULL,NULL),(725,322,1,2,1,'2008-12-08 08:30:49','0.00','87.00',NULL,NULL,'#47575501dd1cbcd15ad669fa251ea9e6',NULL,'',NULL,NULL,NULL,NULL,NULL,NULL,NULL,NULL,0,0,2,NULL,NULL,NULL),(726,51,4,3,3,'2007-11-11 09:02:22','0.00','50.00',NULL,NULL,'#bba3dc19e9efc7d8f54419b1495540cc',NULL,'',NULL,NULL,NULL,NULL,NULL,NULL,NULL,NULL,0,0,2,NULL,NULL,NULL),(727,203,4,2,2,'2008-01-01 02:00:43','0.00','57.00',NULL,NULL,'#27f806270a44548bc0a04e4a9ec66253',NULL,'',NULL,NULL,NULL,NULL,NULL,NULL,NULL,NULL,0,0,4,NULL,NULL,NULL),(728,344,2,2,4,'2008-12-08 12:23:33','0.00','77.00',NULL,NULL,'#d004ebdfb331107a38c6e5ed9320f4ed',NULL,'',NULL,NULL,NULL,NULL,NULL,NULL,NULL,NULL,0,0,1,NULL,NULL,NULL),(729,124,1,3,4,'2008-08-17 12:18:21','0.00','61.00',NULL,NULL,'#c317dddc55cd7e5f308eaaf1fa079de2',NULL,'',NULL,NULL,NULL,NULL,NULL,NULL,NULL,NULL,0,0,1,NULL,NULL,NULL),(730,176,3,1,1,'2007-08-23 02:21:03','0.00','35.00',NULL,NULL,'#a235a5f18c858fa9258bffa8fdd92e85',NULL,'',NULL,NULL,NULL,NULL,NULL,NULL,NULL,NULL,0,0,1,NULL,NULL,NULL),(731,69,4,1,5,'2008-03-20 08:46:02','0.00','91.00',NULL,NULL,'#0bc390c5abd85388447f29cf2a26e401',NULL,'',NULL,NULL,NULL,NULL,NULL,NULL,NULL,NULL,0,0,3,NULL,NULL,NULL),(732,54,3,2,2,'2008-09-07 05:18:03','0.00','13.00',NULL,NULL,'#efd67ceb78b43aeb5864a12e579b42af',NULL,'',NULL,NULL,NULL,NULL,NULL,NULL,NULL,NULL,0,0,6,NULL,NULL,NULL),(733,20,3,3,3,'2009-04-13 11:37:41','0.00','15.00',NULL,NULL,'#c70edcccd02765da3edfd1df31f838c9',NULL,'',NULL,NULL,NULL,NULL,NULL,NULL,NULL,NULL,0,0,5,NULL,NULL,NULL),(734,460,3,1,5,'2008-11-22 07:33:36','0.00','81.00',NULL,NULL,'#661e54029ae551d785b91ddfd175aa2b',NULL,'',NULL,NULL,NULL,NULL,NULL,NULL,NULL,NULL,0,0,1,NULL,NULL,NULL),(735,183,2,3,5,'2009-04-05 06:22:52','0.00','74.00',NULL,NULL,'#442657a096372b44b652678e895424d5',NULL,'',NULL,NULL,NULL,NULL,NULL,NULL,NULL,NULL,0,0,5,NULL,NULL,NULL),(736,46,3,2,1,'2007-12-02 09:27:31','0.00','32.00',NULL,NULL,'#9c692b1bd8b8ba37407b4b16c5168af6',NULL,'',NULL,NULL,NULL,NULL,NULL,NULL,NULL,NULL,0,0,3,NULL,NULL,NULL),(737,252,2,3,3,'2008-01-10 05:01:19','0.00','56.00',NULL,NULL,'#94a4aeb6d33c4df0f1c6cbaee07d79f3',NULL,'',NULL,NULL,NULL,NULL,NULL,NULL,NULL,NULL,0,0,5,NULL,NULL,NULL),(738,131,4,1,5,'2008-01-31 06:14:38','0.00','95.00',NULL,NULL,'#28a037b6e18d91e8d53209c520f15695',NULL,'',NULL,NULL,NULL,NULL,NULL,NULL,NULL,NULL,0,0,1,NULL,NULL,NULL),(739,204,4,2,1,'2009-03-16 02:12:54','0.00','72.00',NULL,NULL,'#fc584b0c87c01fcf9191b88e650501aa',NULL,'',NULL,NULL,NULL,NULL,NULL,NULL,NULL,NULL,0,0,5,NULL,NULL,NULL),(740,73,3,2,2,'2008-02-19 03:08:03','0.00','97.00',NULL,NULL,'#d643d1dd460b5a2e374b2aaabb46b5fd',NULL,'',NULL,NULL,NULL,NULL,NULL,NULL,NULL,NULL,0,0,6,NULL,NULL,NULL),(741,479,1,3,5,'2009-01-14 06:36:29','0.00','17.00',NULL,NULL,'#ad5af4f0377917bae5c4b912b5913cfa',NULL,'',NULL,NULL,NULL,NULL,NULL,NULL,NULL,NULL,0,0,1,NULL,NULL,NULL),(742,122,2,2,1,'2008-06-09 08:21:29','0.00','47.00',NULL,NULL,'#6d2aee66f6244994138c4d980f3ec32f',NULL,'',NULL,NULL,NULL,NULL,NULL,NULL,NULL,NULL,0,0,5,NULL,NULL,NULL),(743,201,3,1,1,'2007-09-05 11:02:06','0.00','67.00',NULL,NULL,'#882cadedffacd32e3539ea56e299d4bd',NULL,'',NULL,NULL,NULL,NULL,NULL,NULL,NULL,NULL,0,0,2,NULL,NULL,NULL),(744,190,2,3,4,'2008-05-05 08:32:48','0.00','58.00',NULL,NULL,'#cfbe32ba97bf003b00f90094b3eaa1dc',NULL,'',NULL,NULL,NULL,NULL,NULL,NULL,NULL,NULL,0,0,1,NULL,NULL,NULL),(745,93,4,1,2,'2007-12-12 05:23:05','0.00','17.00',NULL,NULL,'#872c000a3bc062e1afbfc0d173096013',NULL,'',NULL,NULL,NULL,NULL,NULL,NULL,NULL,NULL,0,0,5,NULL,NULL,NULL),(746,15,1,3,5,'2008-01-21 04:32:03','0.00','65.00',NULL,NULL,'#d87a98b1f265624beab1fb3dff471f65',NULL,'',NULL,NULL,NULL,NULL,NULL,NULL,NULL,NULL,0,0,4,NULL,NULL,NULL),(747,267,2,2,3,'2007-08-04 01:09:58','0.00','84.00',NULL,NULL,'#9dd85e99d7ca0993684bfeee5939bbcc',NULL,'',NULL,NULL,NULL,NULL,NULL,NULL,NULL,NULL,0,0,1,NULL,NULL,NULL),(748,329,4,1,4,'2008-11-24 07:57:42','0.00','31.00',NULL,NULL,'#8a97268909e69ab50d68e64a935317f7',NULL,'',NULL,NULL,NULL,NULL,NULL,NULL,NULL,NULL,0,0,2,NULL,NULL,NULL),(749,465,3,1,4,'2008-03-15 10:29:46','0.00','60.00',NULL,NULL,'#c2f878f70c137edc8196c4c4650608e6',NULL,'',NULL,NULL,NULL,NULL,NULL,NULL,NULL,NULL,0,0,5,NULL,NULL,NULL),(750,216,2,2,5,'2007-10-30 08:11:55','0.00','43.00',NULL,NULL,'#dc949fa69b4d058e367ba94dff2370bd',NULL,'',NULL,NULL,NULL,NULL,NULL,NULL,NULL,NULL,0,0,5,NULL,NULL,NULL),(751,387,1,1,2,'2009-04-08 01:25:14','0.00','69.00',NULL,NULL,'#2b0458f5d0431ca9618b083fc03031d0',NULL,'',NULL,NULL,NULL,NULL,NULL,NULL,NULL,NULL,0,0,4,NULL,NULL,NULL),(752,111,2,3,2,'2008-08-14 06:01:26','0.00','24.00',NULL,NULL,'#f6cd74cf32baea8d80052e861caeb89d',NULL,'',NULL,NULL,NULL,NULL,NULL,NULL,NULL,NULL,0,0,2,NULL,NULL,NULL),(753,259,2,3,3,'2007-07-07 05:47:14','0.00','99.00',NULL,NULL,'#702d912702b6993f2e46adda3832dda3',NULL,'',NULL,NULL,NULL,NULL,NULL,NULL,NULL,NULL,0,0,6,NULL,NULL,NULL),(754,476,3,3,3,'2008-06-19 05:18:19','0.00','17.00',NULL,NULL,'#b6e57533c372345878844887b72678df',NULL,'',NULL,NULL,NULL,NULL,NULL,NULL,NULL,NULL,0,0,6,NULL,NULL,NULL),(755,450,2,2,5,'2008-10-17 09:55:52','0.00','52.00',NULL,NULL,'#0adbb75ec1593403d6679a8792e86121',NULL,'',NULL,NULL,NULL,NULL,NULL,NULL,NULL,NULL,0,0,6,NULL,NULL,NULL),(756,317,3,3,2,'2009-06-05 02:00:17','0.00','26.00',NULL,NULL,'#33f9c8ab16d6ebc18a9f79e7164ba4f3',NULL,'',NULL,NULL,NULL,NULL,NULL,NULL,NULL,NULL,0,0,1,NULL,NULL,NULL),(757,360,2,1,4,'2008-01-06 12:21:06','0.00','33.00',NULL,NULL,'#280ad2315c8171a5bdff860aaa069147',NULL,'',NULL,NULL,NULL,NULL,NULL,NULL,NULL,NULL,0,0,4,NULL,NULL,NULL),(758,230,1,2,5,'2007-06-10 12:56:19','0.00','56.00',NULL,NULL,'#61602c82cdc55cf2e943642af7ae7781',NULL,'',NULL,NULL,NULL,NULL,NULL,NULL,NULL,NULL,0,0,1,NULL,NULL,NULL),(759,313,2,1,4,'2008-12-23 07:13:27','0.00','29.00',NULL,NULL,'#dd5de6323417aa4f7f9a398be992e033',NULL,'',NULL,NULL,NULL,NULL,NULL,NULL,NULL,NULL,0,0,5,NULL,NULL,NULL),(760,292,4,3,1,'2008-12-22 09:15:28','0.00','58.00',NULL,NULL,'#09feffa9174c142460fc9a489b6e7acb',NULL,'',NULL,NULL,NULL,NULL,NULL,NULL,NULL,NULL,0,0,4,NULL,NULL,NULL),(761,283,3,2,3,'2007-10-17 06:27:02','0.00','44.00',NULL,NULL,'#9de1d226dc9dec4a1afc0d173ebfcbc1',NULL,'',NULL,NULL,NULL,NULL,NULL,NULL,NULL,NULL,0,0,1,NULL,NULL,NULL),(762,122,1,3,4,'2008-11-01 07:41:45','0.00','49.00',NULL,NULL,'#67cabc5e81cbb2f267d51fb722adcd6b',NULL,'',NULL,NULL,NULL,NULL,NULL,NULL,NULL,NULL,0,0,1,NULL,NULL,NULL),(763,181,4,3,4,'2007-08-13 06:17:00','0.00','22.00',NULL,NULL,'#167c7ae180dff80375361d1ff8738690',NULL,'',NULL,NULL,NULL,NULL,NULL,NULL,NULL,NULL,0,0,5,NULL,NULL,NULL),(764,338,2,1,5,'2008-02-06 03:33:44','0.00','22.00',NULL,NULL,'#1c06e262622a5726ea699e6598c2a7bf',NULL,'',NULL,NULL,NULL,NULL,NULL,NULL,NULL,NULL,0,0,6,NULL,NULL,NULL),(765,44,3,2,2,'2008-02-28 11:23:47','0.00','32.00',NULL,NULL,'#33b3480bae2b809c95a65d37b62e23e2',NULL,'',NULL,NULL,NULL,NULL,NULL,NULL,NULL,NULL,0,0,6,NULL,NULL,NULL),(766,90,1,1,5,'2008-02-08 02:39:00','0.00','99.00',NULL,NULL,'#b1bfac61aae2ff673e06292927da31a1',NULL,'',NULL,NULL,NULL,NULL,NULL,NULL,NULL,NULL,0,0,1,NULL,NULL,NULL),(767,299,1,2,4,'2007-07-25 01:09:25','0.00','33.00',NULL,NULL,'#00c805ae8e862c9b7f53bd5ef251d717',NULL,'',NULL,NULL,NULL,NULL,NULL,NULL,NULL,NULL,0,0,6,NULL,NULL,NULL),(768,12,4,3,3,'2008-04-19 02:11:40','0.00','12.00',NULL,NULL,'#065ddff5928ebc492d6b2d70f4a961ae',NULL,'',NULL,NULL,NULL,NULL,NULL,NULL,NULL,NULL,0,0,5,NULL,NULL,NULL),(769,214,1,1,2,'2008-08-17 03:30:50','0.00','73.00',NULL,NULL,'#b942ddc80a91b108c41c5ff92e697a19',NULL,'',NULL,NULL,NULL,NULL,NULL,NULL,NULL,NULL,0,0,4,NULL,NULL,NULL),(770,389,3,3,3,'2008-03-23 09:50:43','0.00','17.00',NULL,NULL,'#9f612058b9c8bd1c627ca2515d5f893d',NULL,'',NULL,NULL,NULL,NULL,NULL,NULL,NULL,NULL,0,0,4,NULL,NULL,NULL),(771,326,4,2,1,'2007-09-28 09:09:52','0.00','51.00',NULL,NULL,'#2056785bab8fce7f3833d926ed58d6ca',NULL,'',NULL,NULL,NULL,NULL,NULL,NULL,NULL,NULL,0,0,1,NULL,NULL,NULL),(772,16,2,1,3,'2008-09-20 11:59:57','0.00','19.00',NULL,NULL,'#db987995455a53b40b997777d39058f3',NULL,'',NULL,NULL,NULL,NULL,NULL,NULL,NULL,NULL,0,0,4,NULL,NULL,NULL),(773,235,1,1,2,'2007-10-16 11:40:01','0.00','70.00',NULL,NULL,'#70522536c830d10cc26d1fc2bd4db20e',NULL,'',NULL,NULL,NULL,NULL,NULL,NULL,NULL,NULL,0,0,1,NULL,NULL,NULL),(774,470,2,2,3,'2009-02-19 09:48:30','0.00','63.00',NULL,NULL,'#792e2e614243761f51352c358cf0f45d',NULL,'',NULL,NULL,NULL,NULL,NULL,NULL,NULL,NULL,0,0,6,NULL,NULL,NULL),(775,307,4,3,2,'2008-01-17 04:09:34','0.00','19.00',NULL,NULL,'#f61a44eac263644f861b821fe7e6b68b',NULL,'',NULL,NULL,NULL,NULL,NULL,NULL,NULL,NULL,0,0,4,NULL,NULL,NULL),(776,47,1,1,3,'2008-04-07 07:07:49','0.00','69.00',NULL,NULL,'#f270e1a30beeee469d1af9b582054192',NULL,'',NULL,NULL,NULL,NULL,NULL,NULL,NULL,NULL,0,0,3,NULL,NULL,NULL),(777,60,2,1,4,'2009-02-21 07:49:52','0.00','71.00',NULL,NULL,'#710d1b948c1a62a6c8bd5b60a0842279',NULL,'',NULL,NULL,NULL,NULL,NULL,NULL,NULL,NULL,0,0,4,NULL,NULL,NULL),(778,127,2,3,5,'2007-07-12 03:02:45','0.00','34.00',NULL,NULL,'#e26842447de1133d885b38eda32ecda0',NULL,'',NULL,NULL,NULL,NULL,NULL,NULL,NULL,NULL,0,0,3,NULL,NULL,NULL),(779,14,3,3,1,'2008-06-14 05:22:47','0.00','27.00',NULL,NULL,'#978e7793533a04fa36c95fb16a6b0013',NULL,'',NULL,NULL,NULL,NULL,NULL,NULL,NULL,NULL,0,0,1,NULL,NULL,NULL),(780,439,1,1,4,'2008-12-10 12:53:28','0.00','58.00',NULL,NULL,'#9f679f5acdb3444c765774c8bb9e7a42',NULL,'',NULL,NULL,NULL,NULL,NULL,NULL,NULL,NULL,0,0,4,NULL,NULL,NULL),(781,472,1,2,3,'2008-11-25 08:41:50','0.00','17.00',NULL,NULL,'#d3edb8a9ce804a35aab3663957189b93',NULL,'',NULL,NULL,NULL,NULL,NULL,NULL,NULL,NULL,0,0,4,NULL,NULL,NULL),(782,137,3,1,2,'2008-05-24 01:58:10','0.00','49.00',NULL,NULL,'#17f536c112f4f1904fc3376affd63539',NULL,'',NULL,NULL,NULL,NULL,NULL,NULL,NULL,NULL,0,0,2,NULL,NULL,NULL),(783,191,4,3,2,'2008-09-02 08:43:42','0.00','30.00',NULL,NULL,'#83bac606174ca640523b2d13331f4354',NULL,'',NULL,NULL,NULL,NULL,NULL,NULL,NULL,NULL,0,0,5,NULL,NULL,NULL),(784,465,3,1,5,'2007-11-24 06:46:51','0.00','62.00',NULL,NULL,'#370e4afc4bd2df3042ae6386390d6e2d',NULL,'',NULL,NULL,NULL,NULL,NULL,NULL,NULL,NULL,0,0,5,NULL,NULL,NULL),(785,353,4,2,2,'2009-01-09 07:50:17','0.00','28.00',NULL,NULL,'#4918535288ab9cef888e263f6e4cd621',NULL,'',NULL,NULL,NULL,NULL,NULL,NULL,NULL,NULL,0,0,6,NULL,NULL,NULL),(786,182,1,1,3,'2009-04-21 10:13:00','0.00','38.00',NULL,NULL,'#75b0b2b6f40358a06efee56c6be03468',NULL,'',NULL,NULL,NULL,NULL,NULL,NULL,NULL,NULL,0,0,4,NULL,NULL,NULL),(787,149,3,1,1,'2008-04-06 02:32:39','0.00','77.00',NULL,NULL,'#a7d44a34ca10fcd4e8443638e3db908c',NULL,'',NULL,NULL,NULL,NULL,NULL,NULL,NULL,NULL,0,0,3,NULL,NULL,NULL),(788,413,4,3,5,'2008-11-06 10:57:35','0.00','61.00',NULL,NULL,'#b33ad8b631b07b7594ad5c96cd86d2e9',NULL,'',NULL,NULL,NULL,NULL,NULL,NULL,NULL,NULL,0,0,1,NULL,NULL,NULL),(789,487,2,1,4,'2008-04-29 08:35:04','0.00','74.00',NULL,NULL,'#08a9549055d7aa6adec1d0e052c5c0a9',NULL,'',NULL,NULL,NULL,NULL,NULL,NULL,NULL,NULL,0,0,4,NULL,NULL,NULL),(790,73,2,1,3,'2008-07-07 11:01:02','0.00','42.00',NULL,NULL,'#c0593bfa0d72c9ccbdd34fd193692622',NULL,'',NULL,NULL,NULL,NULL,NULL,NULL,NULL,NULL,0,0,4,NULL,NULL,NULL),(791,74,1,2,4,'2008-09-08 05:48:54','0.00','57.00',NULL,NULL,'#4731c02f9c4eee0ffe939d346c293605',NULL,'',NULL,NULL,NULL,NULL,NULL,NULL,NULL,NULL,0,0,2,NULL,NULL,NULL),(792,399,1,1,1,'2007-10-06 10:41:42','0.00','35.00',NULL,NULL,'#238a1b92ec8db0e50e3899fb9393296c',NULL,'',NULL,NULL,NULL,NULL,NULL,NULL,NULL,NULL,0,0,4,NULL,NULL,NULL),(793,175,1,3,5,'2009-04-03 09:02:14','0.00','67.00',NULL,NULL,'#78a65fd322a38705a5a0a44285d7cf17',NULL,'',NULL,NULL,NULL,NULL,NULL,NULL,NULL,NULL,0,0,3,NULL,NULL,NULL),(794,43,1,2,3,'2007-07-17 12:40:06','0.00','96.00',NULL,NULL,'#8c1fcc7958f4607ea8496ed2e809136f',NULL,'',NULL,NULL,NULL,NULL,NULL,NULL,NULL,NULL,0,0,2,NULL,NULL,NULL),(795,337,2,3,5,'2007-09-04 11:49:13','0.00','24.00',NULL,NULL,'#9af242cdf9c647f656841b2e6d924360',NULL,'',NULL,NULL,NULL,NULL,NULL,NULL,NULL,NULL,0,0,5,NULL,NULL,NULL),(796,131,2,1,4,'2007-08-08 08:14:48','0.00','76.00',NULL,NULL,'#09bab6d9cc778290a4a1122b370f6702',NULL,'',NULL,NULL,NULL,NULL,NULL,NULL,NULL,NULL,0,0,3,NULL,NULL,NULL),(797,66,1,1,1,'2008-02-07 04:41:12','0.00','98.00',NULL,NULL,'#ac51268d9b7e0544c7ab2c0e74b990ee',NULL,'',NULL,NULL,NULL,NULL,NULL,NULL,NULL,NULL,0,0,6,NULL,NULL,NULL),(798,270,1,1,2,'2008-12-10 08:15:46','0.00','84.00',NULL,NULL,'#9bbecfa6dafd70ce964f3fcb16e38a74',NULL,'',NULL,NULL,NULL,NULL,NULL,NULL,NULL,NULL,0,0,6,NULL,NULL,NULL),(799,59,3,3,1,'2007-11-26 09:35:26','0.00','38.00',NULL,NULL,'#54e2d290acea8fba0f2a1ca343f1d987',NULL,'',NULL,NULL,NULL,NULL,NULL,NULL,NULL,NULL,0,0,6,NULL,NULL,NULL),(800,299,4,3,1,'2008-10-03 03:58:45','0.00','23.00',NULL,NULL,'#600fc78ec0cc6cc27b5f5d8479b860db',NULL,'',NULL,NULL,NULL,NULL,NULL,NULL,NULL,NULL,0,0,1,NULL,NULL,NULL),(801,150,3,1,5,'2009-01-30 06:32:00','0.00','32.00',NULL,NULL,'#ef69bdc4eb312e66dd216aaa419111f3',NULL,'',NULL,NULL,NULL,NULL,NULL,NULL,NULL,NULL,0,0,3,NULL,NULL,NULL),(802,104,2,2,5,'2009-02-16 03:08:38','0.00','42.00',NULL,NULL,'#91bafb64df77e26944d099f532425c9f',NULL,'',NULL,NULL,NULL,NULL,NULL,NULL,NULL,NULL,0,0,4,NULL,NULL,NULL),(803,387,3,2,1,'2007-11-12 01:04:33','0.00','52.00',NULL,NULL,'#83e9bd7ee54d3f97622d3f21caa79896',NULL,'',NULL,NULL,NULL,NULL,NULL,NULL,NULL,NULL,0,0,2,NULL,NULL,NULL),(804,287,3,2,5,'2009-02-07 09:37:56','0.00','60.00',NULL,NULL,'#5a8236a01912bf10f6e507d0ae299117',NULL,'',NULL,NULL,NULL,NULL,NULL,NULL,NULL,NULL,0,0,4,NULL,NULL,NULL),(805,434,2,2,1,'2008-06-04 03:30:14','0.00','20.00',NULL,NULL,'#acd63e967ae69f2b56c00fdab831b530',NULL,'',NULL,NULL,NULL,NULL,NULL,NULL,NULL,NULL,0,0,4,NULL,NULL,NULL),(806,323,4,1,4,'2007-12-21 07:54:19','0.00','95.00',NULL,NULL,'#6f59cf926c98e4a688b34ec00e7f5c8c',NULL,'',NULL,NULL,NULL,NULL,NULL,NULL,NULL,NULL,0,0,4,NULL,NULL,NULL),(807,295,1,3,4,'2007-11-19 08:40:59','0.00','14.00',NULL,NULL,'#ae02a381dfb30b08c66874df916ba332',NULL,'',NULL,NULL,NULL,NULL,NULL,NULL,NULL,NULL,0,0,1,NULL,NULL,NULL),(808,427,2,1,3,'2007-07-22 01:58:27','0.00','62.00',NULL,NULL,'#bca47c0b7756244d82679dc2d680c505',NULL,'',NULL,NULL,NULL,NULL,NULL,NULL,NULL,NULL,0,0,6,NULL,NULL,NULL),(809,53,4,2,3,'2008-09-22 06:05:17','0.00','59.00',NULL,NULL,'#fcea320ae9996734016f82b8cb5219d9',NULL,'',NULL,NULL,NULL,NULL,NULL,NULL,NULL,NULL,0,0,4,NULL,NULL,NULL),(810,495,2,2,1,'2008-10-03 10:31:20','0.00','75.00',NULL,NULL,'#bb569f89ee5f89b500afd69f62837ba3',NULL,'',NULL,NULL,NULL,NULL,NULL,NULL,NULL,NULL,0,0,5,NULL,NULL,NULL),(811,148,4,1,5,'2007-12-15 10:33:57','0.00','74.00',NULL,NULL,'#d6f6d1025ae76b16ce2f369a56c9ab27',NULL,'',NULL,NULL,NULL,NULL,NULL,NULL,NULL,NULL,0,0,6,NULL,NULL,NULL),(812,495,3,1,3,'2008-01-09 03:03:48','0.00','88.00',NULL,NULL,'#ba3146bde387a4712037d8b0096227cc',NULL,'',NULL,NULL,NULL,NULL,NULL,NULL,NULL,NULL,0,0,2,NULL,NULL,NULL),(813,165,4,2,5,'2008-11-04 01:31:25','0.00','98.00',NULL,NULL,'#d79b6a6f5e5e24a7a57e5f258a7adb45',NULL,'',NULL,NULL,NULL,NULL,NULL,NULL,NULL,NULL,0,0,4,NULL,NULL,NULL),(814,202,4,2,5,'2008-11-19 04:25:05','0.00','66.00',NULL,NULL,'#e1cc760b1a39b4dc06dfb9b988dd6c7c',NULL,'',NULL,NULL,NULL,NULL,NULL,NULL,NULL,NULL,0,0,4,NULL,NULL,NULL),(815,35,2,3,2,'2008-11-16 03:39:08','0.00','70.00',NULL,NULL,'#4b9aa383687a8f7afd8b148d071a715a',NULL,'',NULL,NULL,NULL,NULL,NULL,NULL,NULL,NULL,0,0,5,NULL,NULL,NULL),(816,129,1,2,3,'2008-11-03 02:02:06','0.00','71.00',NULL,NULL,'#b653d7aec25cb0e1ff770cf9bd578258',NULL,'',NULL,NULL,NULL,NULL,NULL,NULL,NULL,NULL,0,0,4,NULL,NULL,NULL),(817,258,3,1,1,'2009-01-25 02:59:49','0.00','26.00',NULL,NULL,'#89c29343c498080602ba9b0353de6cd3',NULL,'',NULL,NULL,NULL,NULL,NULL,NULL,NULL,NULL,0,0,6,NULL,NULL,NULL),(818,494,3,2,4,'2007-08-09 12:11:11','0.00','71.00',NULL,NULL,'#5020f77a37a2f180687245bf9425d068',NULL,'',NULL,NULL,NULL,NULL,NULL,NULL,NULL,NULL,0,0,4,NULL,NULL,NULL),(819,150,1,2,1,'2008-04-18 07:23:30','0.00','17.00',NULL,NULL,'#8d0a937079e2c6c885b8bd263ad68fa8',NULL,'',NULL,NULL,NULL,NULL,NULL,NULL,NULL,NULL,0,0,6,NULL,NULL,NULL),(820,37,2,3,5,'2007-06-23 11:46:25','0.00','91.00',NULL,NULL,'#a569d7a9c841548cf6b7133bb6664ec9',NULL,'',NULL,NULL,NULL,NULL,NULL,NULL,NULL,NULL,0,0,1,NULL,NULL,NULL),(821,171,1,3,3,'2008-03-30 07:24:01','0.00','30.00',NULL,NULL,'#0aa5bfa7c298b3368473771289da765f',NULL,'',NULL,NULL,NULL,NULL,NULL,NULL,NULL,NULL,0,0,4,NULL,NULL,NULL),(822,495,1,3,2,'2009-02-22 01:38:57','0.00','88.00',NULL,NULL,'#de26b61f0ec038d3ef1fd4a572a4d919',NULL,'',NULL,NULL,NULL,NULL,NULL,NULL,NULL,NULL,0,0,1,NULL,NULL,NULL),(823,5,1,2,5,'2008-12-25 08:49:49','0.00','42.00',NULL,NULL,'#8617fe78e4c85287406a5b72fb20a6d2',NULL,'',NULL,NULL,NULL,NULL,NULL,NULL,NULL,NULL,0,0,5,NULL,NULL,NULL),(824,236,3,3,2,'2008-07-07 08:26:19','0.00','85.00',NULL,NULL,'#60add7a1ed3a51cecb3b1281db45d4ea',NULL,'',NULL,NULL,NULL,NULL,NULL,NULL,NULL,NULL,0,0,4,NULL,NULL,NULL),(825,70,4,1,5,'2008-09-21 08:55:54','0.00','76.00',NULL,NULL,'#3ff4829de912d9b0a6a889f668b85bc5',NULL,'',NULL,NULL,NULL,NULL,NULL,NULL,NULL,NULL,0,0,5,NULL,NULL,NULL),(826,450,2,2,3,'2008-03-08 09:21:57','0.00','45.00',NULL,NULL,'#787ae29e12c2c72a4c898d028d19dae3',NULL,'',NULL,NULL,NULL,NULL,NULL,NULL,NULL,NULL,0,0,5,NULL,NULL,NULL),(827,277,1,3,1,'2008-07-24 04:06:33','0.00','63.00',NULL,NULL,'#6c8e2aa3850fcd71fcb9951de66f02fa',NULL,'',NULL,NULL,NULL,NULL,NULL,NULL,NULL,NULL,0,0,5,NULL,NULL,NULL),(828,443,4,1,2,'2009-02-02 12:43:32','0.00','92.00',NULL,NULL,'#fdbaf11a0f740db309afb6fd95ebf4c3',NULL,'',NULL,NULL,NULL,NULL,NULL,NULL,NULL,NULL,0,0,3,NULL,NULL,NULL),(829,485,4,3,1,'2007-12-20 11:53:46','0.00','42.00',NULL,NULL,'#ba16e7ba55f81690e38cc6ba4a64da02',NULL,'',NULL,NULL,NULL,NULL,NULL,NULL,NULL,NULL,0,0,1,NULL,NULL,NULL),(830,319,3,3,4,'2007-08-16 02:44:43','0.00','35.00',NULL,NULL,'#83a2a386437be58682c4849dc33b33b4',NULL,'',NULL,NULL,NULL,NULL,NULL,NULL,NULL,NULL,0,0,1,NULL,NULL,NULL),(831,416,3,3,5,'2008-01-15 05:34:19','0.00','20.00',NULL,NULL,'#969dc05a0fa9788578f0379de82dddc7',NULL,'',NULL,NULL,NULL,NULL,NULL,NULL,NULL,NULL,0,0,4,NULL,NULL,NULL),(832,386,1,3,3,'2008-03-07 10:18:23','0.00','33.00',NULL,NULL,'#dee484fd09e365e8a7914e0567e1ad1c',NULL,'',NULL,NULL,NULL,NULL,NULL,NULL,NULL,NULL,0,0,6,NULL,NULL,NULL),(833,85,3,3,5,'2007-08-28 06:58:40','0.00','67.00',NULL,NULL,'#6766f4bab4191b1963ab15685cabb966',NULL,'',NULL,NULL,NULL,NULL,NULL,NULL,NULL,NULL,0,0,1,NULL,NULL,NULL),(834,267,4,2,5,'2008-12-27 07:33:50','0.00','86.00',NULL,NULL,'#21c87401289723cacb68a1b361dc28a2',NULL,'',NULL,NULL,NULL,NULL,NULL,NULL,NULL,NULL,0,0,5,NULL,NULL,NULL),(835,448,3,1,1,'2008-08-25 04:06:58','0.00','46.00',NULL,NULL,'#097987aaf2ef126f39607c714008ca78',NULL,'',NULL,NULL,NULL,NULL,NULL,NULL,NULL,NULL,0,0,1,NULL,NULL,NULL),(836,352,3,1,3,'2007-11-21 04:20:53','0.00','99.00',NULL,NULL,'#f0c6ce72b395801d6553e88a04c08f4e',NULL,'',NULL,NULL,NULL,NULL,NULL,NULL,NULL,NULL,0,0,4,NULL,NULL,NULL),(837,7,2,3,5,'2007-12-20 05:59:59','0.00','46.00',NULL,NULL,'#3da91c233fa319ff4826aa5d49dd2aa3',NULL,'',NULL,NULL,NULL,NULL,NULL,NULL,NULL,NULL,0,0,6,NULL,NULL,NULL),(838,276,2,1,1,'2007-10-18 10:49:33','0.00','21.00',NULL,NULL,'#784bbe9fcb587984b11893b02cac1277',NULL,'',NULL,NULL,NULL,NULL,NULL,NULL,NULL,NULL,0,0,2,NULL,NULL,NULL),(839,459,2,1,2,'2008-08-11 01:14:21','0.00','11.00',NULL,NULL,'#dee3df10323b922cd97470937bca4870',NULL,'',NULL,NULL,NULL,NULL,NULL,NULL,NULL,NULL,0,0,4,NULL,NULL,NULL),(840,159,2,1,3,'2008-02-19 08:56:37','0.00','25.00',NULL,NULL,'#fb8c68e114e2f9b53d14cd76669ff57d',NULL,'',NULL,NULL,NULL,NULL,NULL,NULL,NULL,NULL,0,0,6,NULL,NULL,NULL),(841,148,3,2,2,'2009-02-01 04:09:25','0.00','32.00',NULL,NULL,'#05c1a26301ce97e1bc63438866c65b33',NULL,'',NULL,NULL,NULL,NULL,NULL,NULL,NULL,NULL,0,0,2,NULL,NULL,NULL),(842,251,2,1,5,'2007-06-10 02:54:52','0.00','15.00',NULL,NULL,'#151797b8d2fe06729cab4c8229f1bfce',NULL,'',NULL,NULL,NULL,NULL,NULL,NULL,NULL,NULL,0,0,3,NULL,NULL,NULL),(843,375,3,3,4,'2009-01-24 12:25:21','0.00','98.00',NULL,NULL,'#c5c2f141e114a1cab41df103ac0082bd',NULL,'',NULL,NULL,NULL,NULL,NULL,NULL,NULL,NULL,0,0,1,NULL,NULL,NULL),(844,482,3,1,2,'2008-05-03 03:54:36','0.00','69.00',NULL,NULL,'#5f42f5ccf9e22688fd11f0c4b9a0bee9',NULL,'',NULL,NULL,NULL,NULL,NULL,NULL,NULL,NULL,0,0,5,NULL,NULL,NULL),(845,382,1,3,1,'2008-02-06 05:26:09','0.00','17.00',NULL,NULL,'#ff85764564beb24b882dec7753dbbba0',NULL,'',NULL,NULL,NULL,NULL,NULL,NULL,NULL,NULL,0,0,3,NULL,NULL,NULL),(846,295,4,1,3,'2007-10-31 03:40:06','0.00','79.00',NULL,NULL,'#e956ae6d26aad8150d306dc68c4816a8',NULL,'',NULL,NULL,NULL,NULL,NULL,NULL,NULL,NULL,0,0,6,NULL,NULL,NULL),(847,306,2,3,2,'2008-04-16 06:12:39','0.00','13.00',NULL,NULL,'#9985da082d67f450ed4166321165780f',NULL,'',NULL,NULL,NULL,NULL,NULL,NULL,NULL,NULL,0,0,5,NULL,NULL,NULL),(848,246,1,3,2,'2007-11-14 08:47:32','0.00','37.00',NULL,NULL,'#f96077ddd5be9af7ff72a6db4019d3dd',NULL,'',NULL,NULL,NULL,NULL,NULL,NULL,NULL,NULL,0,0,6,NULL,NULL,NULL),(849,165,2,1,4,'2009-03-25 08:27:45','0.00','75.00',NULL,NULL,'#a291d6a027927e2ec2cdd96823256426',NULL,'',NULL,NULL,NULL,NULL,NULL,NULL,NULL,NULL,0,0,1,NULL,NULL,NULL),(850,317,4,3,1,'2008-12-23 10:08:06','0.00','38.00',NULL,NULL,'#1399e8cce99c990d04b1742ac644870d',NULL,'',NULL,NULL,NULL,NULL,NULL,NULL,NULL,NULL,0,0,5,NULL,NULL,NULL),(851,496,2,2,2,'2009-05-11 12:59:29','0.00','12.00',NULL,NULL,'#4a49f8ac6a061c54ee31709d2dcc6f3e',NULL,'',NULL,NULL,NULL,NULL,NULL,NULL,NULL,NULL,0,0,5,NULL,NULL,NULL),(852,280,3,3,1,'2008-11-09 07:30:42','0.00','57.00',NULL,NULL,'#276a1b0ce3a032e855cd8d56e73ed599',NULL,'',NULL,NULL,NULL,NULL,NULL,NULL,NULL,NULL,0,0,5,NULL,NULL,NULL),(853,309,3,3,2,'2009-02-28 12:09:56','0.00','52.00',NULL,NULL,'#5d5441dc2d1771a370d2b1a37ccb2380',NULL,'',NULL,NULL,NULL,NULL,NULL,NULL,NULL,NULL,0,0,6,NULL,NULL,NULL),(854,140,3,2,4,'2007-09-11 08:19:50','0.00','20.00',NULL,NULL,'#65021a86c2c965472f7ba41748251caf',NULL,'',NULL,NULL,NULL,NULL,NULL,NULL,NULL,NULL,0,0,6,NULL,NULL,NULL),(855,185,1,2,4,'2008-08-31 03:52:48','0.00','14.00',NULL,NULL,'#5414eb2b0d4a0a70cfff6c7af7947f06',NULL,'',NULL,NULL,NULL,NULL,NULL,NULL,NULL,NULL,0,0,2,NULL,NULL,NULL),(856,93,2,1,5,'2009-03-30 04:07:39','0.00','68.00',NULL,NULL,'#696e7f057e8c44c4795c4caceb09f369',NULL,'',NULL,NULL,NULL,NULL,NULL,NULL,NULL,NULL,0,0,2,NULL,NULL,NULL),(857,377,2,2,4,'2009-01-07 12:26:39','0.00','13.00',NULL,NULL,'#4b500809af54403c36df75fa4bf52dc6',NULL,'',NULL,NULL,NULL,NULL,NULL,NULL,NULL,NULL,0,0,3,NULL,NULL,NULL),(858,484,4,1,2,'2008-09-06 03:35:08','0.00','69.00',NULL,NULL,'#6aadd14f58f44952fea08c16f67af02f',NULL,'',NULL,NULL,NULL,NULL,NULL,NULL,NULL,NULL,0,0,4,NULL,NULL,NULL),(859,493,2,1,3,'2008-04-10 06:55:10','0.00','96.00',NULL,NULL,'#aa1c4b47fa7b6bf95d6df9cfdb3c6d5a',NULL,'',NULL,NULL,NULL,NULL,NULL,NULL,NULL,NULL,0,0,1,NULL,NULL,NULL),(860,184,2,1,3,'2009-01-09 04:38:45','0.00','94.00',NULL,NULL,'#b7c18b189a1c633d78f4ca21dff11e39',NULL,'',NULL,NULL,NULL,NULL,NULL,NULL,NULL,NULL,0,0,4,NULL,NULL,NULL),(861,311,4,1,3,'2008-02-01 05:50:42','0.00','52.00',NULL,NULL,'#008f56fd20140f11e6de014753ca6430',NULL,'',NULL,NULL,NULL,NULL,NULL,NULL,NULL,NULL,0,0,4,NULL,NULL,NULL),(862,241,4,2,1,'2009-02-07 10:09:01','0.00','31.00',NULL,NULL,'#d455f027c46ae19f6086c45c5dd56930',NULL,'',NULL,NULL,NULL,NULL,NULL,NULL,NULL,NULL,0,0,6,NULL,NULL,NULL),(863,280,2,1,4,'2008-10-31 08:57:21','0.00','13.00',NULL,NULL,'#2f40291b3132b6bf32318129b8886878',NULL,'',NULL,NULL,NULL,NULL,NULL,NULL,NULL,NULL,0,0,5,NULL,NULL,NULL),(864,46,3,1,4,'2009-01-05 06:20:40','0.00','48.00',NULL,NULL,'#8275e424aa699c5d0413c4f0d7bd4164',NULL,'',NULL,NULL,NULL,NULL,NULL,NULL,NULL,NULL,0,0,4,NULL,NULL,NULL),(865,238,3,3,4,'2009-05-17 07:52:17','0.00','79.00',NULL,NULL,'#5e304a5a9e46325e21e92206513a24db',NULL,'',NULL,NULL,NULL,NULL,NULL,NULL,NULL,NULL,0,0,2,NULL,NULL,NULL),(866,237,2,2,5,'2007-10-29 10:54:00','0.00','92.00',NULL,NULL,'#2b46972f4bbadba6e14261843b95c066',NULL,'',NULL,NULL,NULL,NULL,NULL,NULL,NULL,NULL,0,0,1,NULL,NULL,NULL),(867,494,3,3,3,'2008-03-14 03:19:31','0.00','84.00',NULL,NULL,'#dbb54a44d2f556425727e31bed4c8443',NULL,'',NULL,NULL,NULL,NULL,NULL,NULL,NULL,NULL,0,0,1,NULL,NULL,NULL),(868,212,1,1,2,'2007-08-23 08:03:07','0.00','94.00',NULL,NULL,'#0aafa4e9e729a8ccf17c3a644e246c4e',NULL,'',NULL,NULL,NULL,NULL,NULL,NULL,NULL,NULL,0,0,4,NULL,NULL,NULL),(869,378,4,2,4,'2008-04-08 03:38:46','0.00','99.00',NULL,NULL,'#44ed48cd3ad8d88d7a9b2025119c6974',NULL,'',NULL,NULL,NULL,NULL,NULL,NULL,NULL,NULL,0,0,4,NULL,NULL,NULL),(870,476,1,2,4,'2007-07-19 07:21:25','0.00','51.00',NULL,NULL,'#c8f3202e1f978932ba036cd505873723',NULL,'',NULL,NULL,NULL,NULL,NULL,NULL,NULL,NULL,0,0,5,NULL,NULL,NULL),(871,245,1,2,2,'2008-06-04 05:50:19','0.00','36.00',NULL,NULL,'#dcbc11db96bc3cecb18807cbe74ced19',NULL,'',NULL,NULL,NULL,NULL,NULL,NULL,NULL,NULL,0,0,2,NULL,NULL,NULL),(872,50,4,3,4,'2009-01-18 03:22:39','0.00','89.00',NULL,NULL,'#0f41edf8d84c313bd19d97e3d8bd6150',NULL,'',NULL,NULL,NULL,NULL,NULL,NULL,NULL,NULL,0,0,6,NULL,NULL,NULL),(873,360,4,3,5,'2008-01-17 01:11:32','0.00','80.00',NULL,NULL,'#178f836307fde993868314787493301e',NULL,'',NULL,NULL,NULL,NULL,NULL,NULL,NULL,NULL,0,0,2,NULL,NULL,NULL),(874,116,3,1,3,'2008-08-17 03:01:31','0.00','25.00',NULL,NULL,'#1ccef228b67e19119923373b99b0f293',NULL,'',NULL,NULL,NULL,NULL,NULL,NULL,NULL,NULL,0,0,5,NULL,NULL,NULL),(875,284,1,2,4,'2008-06-02 07:59:25','0.00','56.00',NULL,NULL,'#52af3141e4de58f6acf7bcec31ddb50e',NULL,'',NULL,NULL,NULL,NULL,NULL,NULL,NULL,NULL,0,0,6,NULL,NULL,NULL),(876,35,2,2,1,'2008-05-02 11:19:35','0.00','95.00',NULL,NULL,'#798850f57aafa9e75300d334d0038477',NULL,'',NULL,NULL,NULL,NULL,NULL,NULL,NULL,NULL,0,0,6,NULL,NULL,NULL),(877,265,2,3,5,'2007-11-09 09:32:06','0.00','59.00',NULL,NULL,'#3a8a8cc3d766cee0631f2d23144891ec',NULL,'',NULL,NULL,NULL,NULL,NULL,NULL,NULL,NULL,0,0,3,NULL,NULL,NULL),(878,162,1,1,5,'2009-03-26 07:55:13','0.00','80.00',NULL,NULL,'#99674105fa173e7501aa68814254af63',NULL,'',NULL,NULL,NULL,NULL,NULL,NULL,NULL,NULL,0,0,4,NULL,NULL,NULL),(879,458,3,1,1,'2008-06-29 04:02:42','0.00','54.00',NULL,NULL,'#2419b18a9f9dc02af03a7ee0029a9226',NULL,'',NULL,NULL,NULL,NULL,NULL,NULL,NULL,NULL,0,0,4,NULL,NULL,NULL),(880,255,2,2,3,'2008-09-05 02:38:54','0.00','11.00',NULL,NULL,'#efd04aee2834a606dbdd9c945f4be726',NULL,'',NULL,NULL,NULL,NULL,NULL,NULL,NULL,NULL,0,0,1,NULL,NULL,NULL),(881,45,3,1,4,'2009-01-30 12:22:23','0.00','95.00',NULL,NULL,'#93c75876cb49e9226e368af381c5fe6c',NULL,'',NULL,NULL,NULL,NULL,NULL,NULL,NULL,NULL,0,0,4,NULL,NULL,NULL),(882,132,1,1,4,'2009-01-10 11:16:06','0.00','75.00',NULL,NULL,'#e1caaf29dbb51be6d23868cc9ef3a957',NULL,'',NULL,NULL,NULL,NULL,NULL,NULL,NULL,NULL,0,0,4,NULL,NULL,NULL),(883,310,2,1,1,'2008-08-03 08:31:52','0.00','10.00',NULL,NULL,'#ac9d3917e489a669016e80072985ad93',NULL,'',NULL,NULL,NULL,NULL,NULL,NULL,NULL,NULL,0,0,5,NULL,NULL,NULL),(884,384,3,3,4,'2008-02-20 01:18:23','0.00','10.00',NULL,NULL,'#cfe492a92d7c0909570089a5e344c96d',NULL,'',NULL,NULL,NULL,NULL,NULL,NULL,NULL,NULL,0,0,5,NULL,NULL,NULL),(885,232,2,2,3,'2007-11-10 11:33:00','0.00','91.00',NULL,NULL,'#45090c7753207440fb4870522abe5dfe',NULL,'',NULL,NULL,NULL,NULL,NULL,NULL,NULL,NULL,0,0,5,NULL,NULL,NULL),(886,64,1,3,1,'2008-07-12 09:52:52','0.00','55.00',NULL,NULL,'#0c609b319f44d301b28c17697856cd28',NULL,'',NULL,NULL,NULL,NULL,NULL,NULL,NULL,NULL,0,0,5,NULL,NULL,NULL),(887,329,2,2,3,'2008-01-04 11:02:33','0.00','73.00',NULL,NULL,'#dc6617848e26f92619a57c8e77aeffb4',NULL,'',NULL,NULL,NULL,NULL,NULL,NULL,NULL,NULL,0,0,4,NULL,NULL,NULL),(888,259,3,1,4,'2007-09-19 10:14:32','0.00','30.00',NULL,NULL,'#c0426855fbf1c0076e278a903affbbae',NULL,'',NULL,NULL,NULL,NULL,NULL,NULL,NULL,NULL,0,0,5,NULL,NULL,NULL),(889,485,1,1,4,'2008-05-30 06:51:05','0.00','69.00',NULL,NULL,'#389b499b2b6c64f9fa935c0a37ece1d0',NULL,'',NULL,NULL,NULL,NULL,NULL,NULL,NULL,NULL,0,0,4,NULL,NULL,NULL),(890,424,3,3,2,'2007-09-15 09:35:19','0.00','81.00',NULL,NULL,'#aee892e1fb9d6abfc68b2ba0b0bb9bab',NULL,'',NULL,NULL,NULL,NULL,NULL,NULL,NULL,NULL,0,0,2,NULL,NULL,NULL),(891,343,3,1,5,'2008-04-28 08:52:03','0.00','56.00',NULL,NULL,'#c1ad9b2200141003fafbd55b18cba6eb',NULL,'',NULL,NULL,NULL,NULL,NULL,NULL,NULL,NULL,0,0,3,NULL,NULL,NULL),(892,408,3,2,4,'2009-04-29 12:09:23','0.00','76.00',NULL,NULL,'#108bfec36d540971e9dd291b12d4436c',NULL,'',NULL,NULL,NULL,NULL,NULL,NULL,NULL,NULL,0,0,5,NULL,NULL,NULL),(893,184,4,3,2,'2009-01-21 11:35:19','0.00','88.00',NULL,NULL,'#3a9ee033e951bd8afd07ff8f8f23d964',NULL,'',NULL,NULL,NULL,NULL,NULL,NULL,NULL,NULL,0,0,3,NULL,NULL,NULL),(894,156,4,3,4,'2007-07-27 02:48:53','0.00','78.00',NULL,NULL,'#941cb8220ef4f896f40338c5bf110067',NULL,'',NULL,NULL,NULL,NULL,NULL,NULL,NULL,NULL,0,0,2,NULL,NULL,NULL),(895,285,4,2,3,'2008-08-18 01:35:53','0.00','39.00',NULL,NULL,'#bf25cd2a90c52f688fd8040da3c75fca',NULL,'',NULL,NULL,NULL,NULL,NULL,NULL,NULL,NULL,0,0,1,NULL,NULL,NULL),(896,239,4,2,1,'2008-08-02 02:17:44','0.00','26.00',NULL,NULL,'#cd35db747ca76963720b2d1c094b6274',NULL,'',NULL,NULL,NULL,NULL,NULL,NULL,NULL,NULL,0,0,1,NULL,NULL,NULL),(897,314,4,3,5,'2009-01-06 06:42:58','0.00','71.00',NULL,NULL,'#175cf8c09dc9b1bb776d440ebec5ea6f',NULL,'',NULL,NULL,NULL,NULL,NULL,NULL,NULL,NULL,0,0,4,NULL,NULL,NULL),(898,189,4,1,2,'2008-07-30 09:37:12','0.00','96.00',NULL,NULL,'#0d5df22ca3f40cd7e0532e1915379eb6',NULL,'',NULL,NULL,NULL,NULL,NULL,NULL,NULL,NULL,0,0,3,NULL,NULL,NULL),(899,7,3,3,5,'2008-03-11 10:16:59','0.00','50.00',NULL,NULL,'#202a2e17cd24fc48e72c9f4e72bec147',NULL,'',NULL,NULL,NULL,NULL,NULL,NULL,NULL,NULL,0,0,5,NULL,NULL,NULL),(900,263,3,2,5,'2008-04-04 01:27:16','0.00','69.00',NULL,NULL,'#efcb96cd939607e94d248497536ef17b',NULL,'',NULL,NULL,NULL,NULL,NULL,NULL,NULL,NULL,0,0,1,NULL,NULL,NULL),(901,343,4,3,1,'2008-08-16 05:27:48','0.00','42.00',NULL,NULL,'#ef328147b87d19034ad1e73485cbb0a0',NULL,'',NULL,NULL,NULL,NULL,NULL,NULL,NULL,NULL,0,0,5,NULL,NULL,NULL),(902,444,4,1,2,'2008-11-11 09:56:50','0.00','63.00',NULL,NULL,'#282b202bc0287d57840e219b53ffa684',NULL,'',NULL,NULL,NULL,NULL,NULL,NULL,NULL,NULL,0,0,5,NULL,NULL,NULL),(903,375,3,3,2,'2008-08-06 11:02:54','0.00','62.00',NULL,NULL,'#6468a4e7c77f7096a8946936e8501c18',NULL,'',NULL,NULL,NULL,NULL,NULL,NULL,NULL,NULL,0,0,2,NULL,NULL,NULL),(904,499,1,1,1,'2009-02-05 09:23:01','0.00','15.00',NULL,NULL,'#abcceae33fa5a9f9a73de029ff69d891',NULL,'',NULL,NULL,NULL,NULL,NULL,NULL,NULL,NULL,0,0,5,NULL,NULL,NULL),(905,234,2,1,3,'2007-10-07 10:06:25','0.00','98.00',NULL,NULL,'#0925a75bbc4ba411f2253601e2c6bf7d',NULL,'',NULL,NULL,NULL,NULL,NULL,NULL,NULL,NULL,0,0,6,NULL,NULL,NULL),(906,319,1,3,1,'2008-06-13 06:42:19','0.00','74.00',NULL,NULL,'#04147f79a98f1dfedf6481b80b717585',NULL,'',NULL,NULL,NULL,NULL,NULL,NULL,NULL,NULL,0,0,4,NULL,NULL,NULL),(907,323,1,1,4,'2007-07-24 05:18:56','0.00','44.00',NULL,NULL,'#589dfe3f2012a0d9bc99d50c5c7d6c08',NULL,'',NULL,NULL,NULL,NULL,NULL,NULL,NULL,NULL,0,0,3,NULL,NULL,NULL),(908,138,1,3,5,'2007-07-05 10:05:43','0.00','41.00',NULL,NULL,'#6acc14d0a9d44664314322ea5bfbf2ce',NULL,'',NULL,NULL,NULL,NULL,NULL,NULL,NULL,NULL,0,0,2,NULL,NULL,NULL),(909,451,1,2,2,'2007-09-05 03:11:22','0.00','17.00',NULL,NULL,'#7929792be0820fd01484a830ef2b9548',NULL,'',NULL,NULL,NULL,NULL,NULL,NULL,NULL,NULL,0,0,3,NULL,NULL,NULL),(910,362,1,3,1,'2008-03-20 04:46:47','0.00','70.00',NULL,NULL,'#0c2c4886d0382d6ed788aafd2a72a553',NULL,'',NULL,NULL,NULL,NULL,NULL,NULL,NULL,NULL,0,0,4,NULL,NULL,NULL),(911,149,1,2,2,'2008-08-26 07:29:57','0.00','84.00',NULL,NULL,'#44109cc06b52e623de16ce9dcec6f33d',NULL,'',NULL,NULL,NULL,NULL,NULL,NULL,NULL,NULL,0,0,1,NULL,NULL,NULL),(912,98,2,2,4,'2008-04-13 02:38:11','0.00','78.00',NULL,NULL,'#9e0770a20aa1806a3fdc55a711f46509',NULL,'',NULL,NULL,NULL,NULL,NULL,NULL,NULL,NULL,0,0,3,NULL,NULL,NULL),(913,42,2,3,1,'2008-06-16 09:13:16','0.00','72.00',NULL,NULL,'#0c7f04b6f4042245fad93cd2ae284169',NULL,'',NULL,NULL,NULL,NULL,NULL,NULL,NULL,NULL,0,0,6,NULL,NULL,NULL),(914,298,2,3,1,'2008-12-14 09:35:30','0.00','77.00',NULL,NULL,'#005ba3a69c74f8b4e963c20cc73671ea',NULL,'',NULL,NULL,NULL,NULL,NULL,NULL,NULL,NULL,0,0,1,NULL,NULL,NULL),(915,270,4,1,2,'2008-06-15 08:05:09','0.00','56.00',NULL,NULL,'#0ba7ea86f1cd337ef030e244c3ee21a6',NULL,'',NULL,NULL,NULL,NULL,NULL,NULL,NULL,NULL,0,0,5,NULL,NULL,NULL),(916,494,3,3,4,'2009-03-25 01:11:46','0.00','12.00',NULL,NULL,'#9029a6f37d7e280652ffd41fd8d459a6',NULL,'',NULL,NULL,NULL,NULL,NULL,NULL,NULL,NULL,0,0,2,NULL,NULL,NULL),(917,396,3,2,1,'2008-06-27 09:21:40','0.00','90.00',NULL,NULL,'#7d0c1dd35657f0a0142147986a0279a7',NULL,'',NULL,NULL,NULL,NULL,NULL,NULL,NULL,NULL,0,0,2,NULL,NULL,NULL),(918,103,1,3,5,'2009-02-15 07:10:01','0.00','83.00',NULL,NULL,'#6a7ae7e88ef00b0b8ff8f3610149a025',NULL,'',NULL,NULL,NULL,NULL,NULL,NULL,NULL,NULL,0,0,6,NULL,NULL,NULL),(919,498,3,1,3,'2007-10-26 07:54:07','0.00','57.00',NULL,NULL,'#98cff43d423eb58ffd3b7cdfe5ca10ea',NULL,'',NULL,NULL,NULL,NULL,NULL,NULL,NULL,NULL,0,0,4,NULL,NULL,NULL),(920,77,4,2,5,'2009-05-22 08:49:40','0.00','29.00',NULL,NULL,'#51978e451c48777c93e8ba8ba512d598',NULL,'',NULL,NULL,NULL,NULL,NULL,NULL,NULL,NULL,0,0,2,NULL,NULL,NULL),(921,346,2,1,2,'2007-09-19 04:52:07','0.00','69.00',NULL,NULL,'#f63857e119401e3edda87cbb655afbcc',NULL,'',NULL,NULL,NULL,NULL,NULL,NULL,NULL,NULL,0,0,3,NULL,NULL,NULL),(922,104,2,1,4,'2008-09-27 01:35:04','0.00','37.00',NULL,NULL,'#979fd347f8236194e6d70b529c63139e',NULL,'',NULL,NULL,NULL,NULL,NULL,NULL,NULL,NULL,0,0,6,NULL,NULL,NULL),(923,299,2,1,1,'2008-12-28 04:33:29','0.00','39.00',NULL,NULL,'#ef326351ac9f0c49addc080bcd136131',NULL,'',NULL,NULL,NULL,NULL,NULL,NULL,NULL,NULL,0,0,5,NULL,NULL,NULL),(924,368,3,1,1,'2007-08-28 06:08:35','0.00','97.00',NULL,NULL,'#6285248e0f02c4c629efd998d2e7fdd5',NULL,'',NULL,NULL,NULL,NULL,NULL,NULL,NULL,NULL,0,0,6,NULL,NULL,NULL),(925,485,3,3,1,'2009-05-15 05:30:09','0.00','11.00',NULL,NULL,'#ea4ff5f5d14f2adf24d1341b7951feae',NULL,'',NULL,NULL,NULL,NULL,NULL,NULL,NULL,NULL,0,0,4,NULL,NULL,NULL),(926,152,1,3,3,'2007-11-29 04:55:46','0.00','32.00',NULL,NULL,'#b5c2c037371b868419e7db4f54c46df9',NULL,'',NULL,NULL,NULL,NULL,NULL,NULL,NULL,NULL,0,0,6,NULL,NULL,NULL),(927,333,3,3,3,'2007-12-04 05:29:27','0.00','60.00',NULL,NULL,'#ac378b6c1688627c195b559dc44166b0',NULL,'',NULL,NULL,NULL,NULL,NULL,NULL,NULL,NULL,0,0,3,NULL,NULL,NULL),(928,390,2,3,2,'2009-01-19 08:44:46','0.00','72.00',NULL,NULL,'#fb6f2d296c7510e42d3c6a609ba185c3',NULL,'',NULL,NULL,NULL,NULL,NULL,NULL,NULL,NULL,0,0,1,NULL,NULL,NULL),(929,60,3,1,3,'2008-09-23 03:42:14','0.00','35.00',NULL,NULL,'#b25785de62c60938b4c590c20b6f40a5',NULL,'',NULL,NULL,NULL,NULL,NULL,NULL,NULL,NULL,0,0,2,NULL,NULL,NULL),(930,121,2,3,4,'2008-05-31 03:12:35','0.00','30.00',NULL,NULL,'#45b604856af4cb8d7674f3fb150eba6d',NULL,'',NULL,NULL,NULL,NULL,NULL,NULL,NULL,NULL,0,0,3,NULL,NULL,NULL),(931,477,2,3,2,'2008-10-27 05:50:08','0.00','44.00',NULL,NULL,'#cd8314ee14f4dd9d07655ea57929c74c',NULL,'',NULL,NULL,NULL,NULL,NULL,NULL,NULL,NULL,0,0,1,NULL,NULL,NULL),(932,113,2,3,5,'2008-09-22 10:10:24','0.00','31.00',NULL,NULL,'#f72df434590506121f96bc055ec2274e',NULL,'',NULL,NULL,NULL,NULL,NULL,NULL,NULL,NULL,0,0,5,NULL,NULL,NULL),(933,153,1,3,2,'2008-02-09 09:33:11','0.00','48.00',NULL,NULL,'#4f7d30c22cc4b282d3d2aa7ec8ac50d9',NULL,'',NULL,NULL,NULL,NULL,NULL,NULL,NULL,NULL,0,0,2,NULL,NULL,NULL),(934,457,3,1,3,'2007-08-30 10:50:51','0.00','92.00',NULL,NULL,'#e4c0bc71da83f8c55957fb39e413111c',NULL,'',NULL,NULL,NULL,NULL,NULL,NULL,NULL,NULL,0,0,2,NULL,NULL,NULL),(935,145,2,1,5,'2008-02-11 02:46:43','0.00','10.00',NULL,NULL,'#3fe42c6213381adad91ca341aaad01e7',NULL,'',NULL,NULL,NULL,NULL,NULL,NULL,NULL,NULL,0,0,1,NULL,NULL,NULL),(936,137,2,1,3,'2008-12-14 04:20:41','0.00','82.00',NULL,NULL,'#bdc4bfa1ef962619cb62772eb36a3295',NULL,'',NULL,NULL,NULL,NULL,NULL,NULL,NULL,NULL,0,0,6,NULL,NULL,NULL),(937,366,4,2,2,'2008-10-26 01:32:00','0.00','93.00',NULL,NULL,'#e68f6e4a03993e62b7ea7e4e5d7b6dba',NULL,'',NULL,NULL,NULL,NULL,NULL,NULL,NULL,NULL,0,0,2,NULL,NULL,NULL),(938,394,3,2,3,'2008-11-03 05:45:35','0.00','16.00',NULL,NULL,'#05de54a68df8f0a095ff81de2c068a3b',NULL,'',NULL,NULL,NULL,NULL,NULL,NULL,NULL,NULL,0,0,4,NULL,NULL,NULL),(939,358,3,1,1,'2007-12-08 06:49:37','0.00','90.00',NULL,NULL,'#7bad98dd6029af99dfeb33dc0d32a687',NULL,'',NULL,NULL,NULL,NULL,NULL,NULL,NULL,NULL,0,0,4,NULL,NULL,NULL),(940,34,4,3,4,'2008-01-02 11:19:34','0.00','13.00',NULL,NULL,'#21c60f4a95849e925218d87daae43937',NULL,'',NULL,NULL,NULL,NULL,NULL,NULL,NULL,NULL,0,0,2,NULL,NULL,NULL),(941,4,2,1,1,'2009-03-19 06:52:20','0.00','83.00',NULL,NULL,'#eada46a61c8208c3bcb44c6ea02d6402',NULL,'',NULL,NULL,NULL,NULL,NULL,NULL,NULL,NULL,0,0,1,NULL,NULL,NULL),(942,245,3,3,4,'2007-12-25 04:58:55','0.00','39.00',NULL,NULL,'#c4cba349a5c0fdd17990a95e87763b01',NULL,'',NULL,NULL,NULL,NULL,NULL,NULL,NULL,NULL,0,0,2,NULL,NULL,NULL),(943,410,4,1,4,'2008-03-26 05:26:49','0.00','84.00',NULL,NULL,'#0710c431b06dbedcdc52210b807f22a6',NULL,'',NULL,NULL,NULL,NULL,NULL,NULL,NULL,NULL,0,0,6,NULL,NULL,NULL),(944,131,4,3,3,'2007-08-06 01:04:58','0.00','31.00',NULL,NULL,'#af35829648bea9d3a66a68259ca13f8c',NULL,'',NULL,NULL,NULL,NULL,NULL,NULL,NULL,NULL,0,0,2,NULL,NULL,NULL),(945,133,2,2,1,'2008-05-09 03:40:58','0.00','15.00',NULL,NULL,'#32062f86fbf6dc7814618bd4bd646563',NULL,'',NULL,NULL,NULL,NULL,NULL,NULL,NULL,NULL,0,0,3,NULL,NULL,NULL),(946,345,2,3,4,'2008-02-11 10:54:30','0.00','78.00',NULL,NULL,'#3d5b31b5c007beff370b9c27970e029c',NULL,'',NULL,NULL,NULL,NULL,NULL,NULL,NULL,NULL,0,0,6,NULL,NULL,NULL),(947,380,2,1,4,'2007-12-12 01:24:17','0.00','64.00',NULL,NULL,'#e9ab83852f12e028ccf7be92e5cb7264',NULL,'',NULL,NULL,NULL,NULL,NULL,NULL,NULL,NULL,0,0,1,NULL,NULL,NULL),(948,133,3,2,2,'2007-12-26 05:29:21','0.00','93.00',NULL,NULL,'#e6eb1065c96bd2dedc7c51134fc90664',NULL,'',NULL,NULL,NULL,NULL,NULL,NULL,NULL,NULL,0,0,1,NULL,NULL,NULL),(949,302,3,3,5,'2008-09-28 09:46:32','0.00','68.00',NULL,NULL,'#62b98d3fc6709bc116b3f0ddfe08abed',NULL,'',NULL,NULL,NULL,NULL,NULL,NULL,NULL,NULL,0,0,3,NULL,NULL,NULL),(950,224,1,3,5,'2009-02-19 10:12:10','0.00','82.00',NULL,NULL,'#0d4963b30782254c5f5af71b04afebe1',NULL,'',NULL,NULL,NULL,NULL,NULL,NULL,NULL,NULL,0,0,1,NULL,NULL,NULL),(951,189,4,3,4,'2008-01-30 08:31:21','0.00','67.00',NULL,NULL,'#235ed875e6000919c2da03d7c2c0da76',NULL,'',NULL,NULL,NULL,NULL,NULL,NULL,NULL,NULL,0,0,6,NULL,NULL,NULL),(952,391,1,1,1,'2009-05-30 07:01:47','0.00','97.00',NULL,NULL,'#3ef68918ecb31baed426eddbe660af2d',NULL,'',NULL,NULL,NULL,NULL,NULL,NULL,NULL,NULL,0,0,1,NULL,NULL,NULL),(953,164,3,3,1,'2009-04-09 11:40:14','0.00','84.00',NULL,NULL,'#afa27f0f07d67ccd39a888bf90df0520',NULL,'',NULL,NULL,NULL,NULL,NULL,NULL,NULL,NULL,0,0,6,NULL,NULL,NULL),(954,320,2,2,1,'2009-04-23 04:34:33','0.00','84.00',NULL,NULL,'#07c4e7467485e197349e379aba9d26be',NULL,'',NULL,NULL,NULL,NULL,NULL,NULL,NULL,NULL,0,0,3,NULL,NULL,NULL),(955,100,1,3,1,'2008-02-04 05:29:26','0.00','33.00',NULL,NULL,'#14fec1ec0c2b3af9fe901a2a186ba78f',NULL,'',NULL,NULL,NULL,NULL,NULL,NULL,NULL,NULL,0,0,3,NULL,NULL,NULL),(956,351,3,1,3,'2008-03-15 04:10:26','0.00','86.00',NULL,NULL,'#e547d8a49a5b7f4ecbd137dff030d0e1',NULL,'',NULL,NULL,NULL,NULL,NULL,NULL,NULL,NULL,0,0,3,NULL,NULL,NULL),(957,185,2,2,4,'2008-07-06 11:11:46','0.00','77.00',NULL,NULL,'#24c6413eafe612a8c4dcb60b46c2705a',NULL,'',NULL,NULL,NULL,NULL,NULL,NULL,NULL,NULL,0,0,1,NULL,NULL,NULL),(958,414,4,3,2,'2008-12-01 06:33:41','0.00','28.00',NULL,NULL,'#d3aad439aac938041a7bec16d8e31d3a',NULL,'',NULL,NULL,NULL,NULL,NULL,NULL,NULL,NULL,0,0,2,NULL,NULL,NULL),(959,287,2,2,4,'2008-10-18 11:28:59','0.00','18.00',NULL,NULL,'#368a7ec2dc99e54c714eba235b8e0734',NULL,'',NULL,NULL,NULL,NULL,NULL,NULL,NULL,NULL,0,0,3,NULL,NULL,NULL),(960,373,2,3,2,'2009-01-02 11:33:11','0.00','73.00',NULL,NULL,'#14fdeb66b20eb4ab4368a6cd681f0348',NULL,'',NULL,NULL,NULL,NULL,NULL,NULL,NULL,NULL,0,0,1,NULL,NULL,NULL),(961,111,2,2,4,'2009-02-23 08:49:23','0.00','69.00',NULL,NULL,'#958f35f9d7e9c6b654c856a53af703cc',NULL,'',NULL,NULL,NULL,NULL,NULL,NULL,NULL,NULL,0,0,3,NULL,NULL,NULL),(962,496,4,1,2,'2009-05-26 06:25:48','0.00','47.00',NULL,NULL,'#a2aace6c7e6995716e11ec076fc6d114',NULL,'',NULL,NULL,NULL,NULL,NULL,NULL,NULL,NULL,0,0,3,NULL,NULL,NULL),(963,160,1,3,3,'2007-10-08 03:37:47','0.00','74.00',NULL,NULL,'#641b0ab5f0d7f0f154d2f42ee5f9bbef',NULL,'',NULL,NULL,NULL,NULL,NULL,NULL,NULL,NULL,0,0,5,NULL,NULL,NULL),(964,409,1,3,4,'2009-03-11 07:34:44','0.00','35.00',NULL,NULL,'#0268a21fddfe58aa28e7bc0823c6b460',NULL,'',NULL,NULL,NULL,NULL,NULL,NULL,NULL,NULL,0,0,1,NULL,NULL,NULL),(965,257,1,2,3,'2008-05-30 04:07:30','0.00','39.00',NULL,NULL,'#7dbbc06197cbe8a4dd46a307d8516e78',NULL,'',NULL,NULL,NULL,NULL,NULL,NULL,NULL,NULL,0,0,2,NULL,NULL,NULL),(966,180,1,3,1,'2008-10-21 01:16:51','0.00','18.00',NULL,NULL,'#7c3bb10f68f9017103216a109b36d8e5',NULL,'',NULL,NULL,NULL,NULL,NULL,NULL,NULL,NULL,0,0,3,NULL,NULL,NULL),(967,277,2,1,2,'2008-11-24 02:28:32','0.00','24.00',NULL,NULL,'#8c811833a19f96ca5a4e601175d8b066',NULL,'',NULL,NULL,NULL,NULL,NULL,NULL,NULL,NULL,0,0,1,NULL,NULL,NULL),(968,109,4,2,4,'2008-02-21 07:06:24','0.00','24.00',NULL,NULL,'#78afcaf068281451c59d41dffc6b4d8b',NULL,'',NULL,NULL,NULL,NULL,NULL,NULL,NULL,NULL,0,0,4,NULL,NULL,NULL),(969,316,4,1,1,'2008-01-19 02:09:22','0.00','73.00',NULL,NULL,'#8597efa321347b9444e67da6269475e9',NULL,'',NULL,NULL,NULL,NULL,NULL,NULL,NULL,NULL,0,0,2,NULL,NULL,NULL),(970,405,2,3,5,'2008-10-10 11:14:59','0.00','89.00',NULL,NULL,'#71b88b20973e254e937ff87b686f1e79',NULL,'',NULL,NULL,NULL,NULL,NULL,NULL,NULL,NULL,0,0,2,NULL,NULL,NULL),(971,50,4,1,1,'2008-05-13 02:36:52','0.00','35.00',NULL,NULL,'#4a1372b508dbef0e1bceb4a12fe373de',NULL,'',NULL,NULL,NULL,NULL,NULL,NULL,NULL,NULL,0,0,2,NULL,NULL,NULL),(972,167,2,2,4,'2008-03-31 05:16:06','0.00','11.00',NULL,NULL,'#f08b33eab0e83c80cb5c438d91fe31ab',NULL,'',NULL,NULL,NULL,NULL,NULL,NULL,NULL,NULL,0,0,1,NULL,NULL,NULL),(973,486,3,3,3,'2008-08-05 06:36:56','0.00','56.00',NULL,NULL,'#cf2605a30b1d97aadf8cb0849f9f1043',NULL,'',NULL,NULL,NULL,NULL,NULL,NULL,NULL,NULL,0,0,4,NULL,NULL,NULL),(974,353,3,3,4,'2008-10-17 09:51:51','0.00','73.00',NULL,NULL,'#5be7baf978679b298dc09fe2a07e0349',NULL,'',NULL,NULL,NULL,NULL,NULL,NULL,NULL,NULL,0,0,2,NULL,NULL,NULL),(975,311,2,1,5,'2008-01-13 10:44:36','0.00','47.00',NULL,NULL,'#c3407f3a860c931d95da72e690955b7c',NULL,'',NULL,NULL,NULL,NULL,NULL,NULL,NULL,NULL,0,0,6,NULL,NULL,NULL),(976,131,1,1,4,'2008-01-03 01:54:06','0.00','52.00',NULL,NULL,'#52b1a9f91c8688416b4da0b023a18dcb',NULL,'',NULL,NULL,NULL,NULL,NULL,NULL,NULL,NULL,0,0,4,NULL,NULL,NULL),(977,366,1,2,2,'2009-01-12 08:48:28','0.00','23.00',NULL,NULL,'#e41956528032b939bc8ae85a4d243639',NULL,'',NULL,NULL,NULL,NULL,NULL,NULL,NULL,NULL,0,0,3,NULL,NULL,NULL),(978,100,1,1,5,'2009-04-30 04:04:10','0.00','15.00',NULL,NULL,'#ba5cd30a3519e6d761bc7fae067f88d9',NULL,'',NULL,NULL,NULL,NULL,NULL,NULL,NULL,NULL,0,0,2,NULL,NULL,NULL),(979,287,4,2,3,'2008-06-01 12:09:34','0.00','11.00',NULL,NULL,'#36d9871dad59fb6dc2b74c399004490d',NULL,'',NULL,NULL,NULL,NULL,NULL,NULL,NULL,NULL,0,0,4,NULL,NULL,NULL),(980,471,2,2,5,'2008-11-03 11:07:26','0.00','91.00',NULL,NULL,'#9f224ca1ce97b9979c72fd229ee54ad0',NULL,'',NULL,NULL,NULL,NULL,NULL,NULL,NULL,NULL,0,0,1,NULL,NULL,NULL),(981,253,3,2,4,'2008-02-29 06:22:22','0.00','78.00',NULL,NULL,'#db1ed739dfc1427c4ffc1d907a49b461',NULL,'',NULL,NULL,NULL,NULL,NULL,NULL,NULL,NULL,0,0,4,NULL,NULL,NULL),(982,213,3,1,5,'2009-03-28 11:02:20','0.00','84.00',NULL,NULL,'#86f747abd5d0242449c2cbb3b44be97e',NULL,'',NULL,NULL,NULL,NULL,NULL,NULL,NULL,NULL,0,0,3,NULL,NULL,NULL),(983,50,2,1,5,'2008-09-15 04:17:09','0.00','91.00',NULL,NULL,'#20d1147b802b78e47ae804df061b11aa',NULL,'',NULL,NULL,NULL,NULL,NULL,NULL,NULL,NULL,0,0,1,NULL,NULL,NULL),(984,67,4,3,2,'2008-08-04 08:26:02','0.00','44.00',NULL,NULL,'#37451e6a6b971b8daadd966bd067a967',NULL,'',NULL,NULL,NULL,NULL,NULL,NULL,NULL,NULL,0,0,6,NULL,NULL,NULL),(985,169,2,1,1,'2008-10-04 02:42:13','0.00','58.00',NULL,NULL,'#3ef5a1dbb35d7604451753165f72e32f',NULL,'',NULL,NULL,NULL,NULL,NULL,NULL,NULL,NULL,0,0,2,NULL,NULL,NULL),(986,187,3,3,5,'2008-12-20 04:15:25','0.00','47.00',NULL,NULL,'#00824b379af33cfc7a7c83f88e6fd15e',NULL,'',NULL,NULL,NULL,NULL,NULL,NULL,NULL,NULL,0,0,4,NULL,NULL,NULL),(987,330,3,2,5,'2008-03-08 12:50:31','0.00','16.00',NULL,NULL,'#a5d9ba07b15dcf90bc09217a8667a0e0',NULL,'',NULL,NULL,NULL,NULL,NULL,NULL,NULL,NULL,0,0,1,NULL,NULL,NULL),(988,404,3,2,5,'2008-12-12 03:08:54','0.00','62.00',NULL,NULL,'#6ffef07a0e3df92f7b1049108e0f5ce0',NULL,'',NULL,NULL,NULL,NULL,NULL,NULL,NULL,NULL,0,0,1,NULL,NULL,NULL),(989,293,3,3,4,'2008-07-03 02:12:57','0.00','70.00',NULL,NULL,'#1d030a20bed720615a590742bcfcaff3',NULL,'',NULL,NULL,NULL,NULL,NULL,NULL,NULL,NULL,0,0,2,NULL,NULL,NULL),(990,293,3,1,4,'2008-03-04 12:37:26','0.00','97.00',NULL,NULL,'#2374e9731cac3818101c78d7c0ea60c1',NULL,'',NULL,NULL,NULL,NULL,NULL,NULL,NULL,NULL,0,0,6,NULL,NULL,NULL),(991,269,1,2,1,'2008-03-31 09:21:25','0.00','90.00',NULL,NULL,'#7e478bb06c1fbbc6ad11b6d32ff8e848',NULL,'',NULL,NULL,NULL,NULL,NULL,NULL,NULL,NULL,0,0,4,NULL,NULL,NULL),(992,99,1,1,3,'2009-05-16 11:56:43','0.00','11.00',NULL,NULL,'#14762e153d609fc6fb0af8e88d9d05bd',NULL,'',NULL,NULL,NULL,NULL,NULL,NULL,NULL,NULL,0,0,1,NULL,NULL,NULL),(993,434,3,2,1,'2007-10-23 03:18:44','0.00','12.00',NULL,NULL,'#7e56819399df5c3e41a39b3c8eeadcfc',NULL,'',NULL,NULL,NULL,NULL,NULL,NULL,NULL,NULL,0,0,6,NULL,NULL,NULL),(994,375,4,2,5,'2008-04-13 07:50:14','0.00','79.00',NULL,NULL,'#eef1bc2ce7217225384b97a6438fb1a5',NULL,'',NULL,NULL,NULL,NULL,NULL,NULL,NULL,NULL,0,0,3,NULL,NULL,NULL),(995,275,2,3,3,'2009-02-20 03:54:35','0.00','64.00',NULL,NULL,'#867c7ef663d5d866c50a4e6cb7e2c4c9',NULL,'',NULL,NULL,NULL,NULL,NULL,NULL,NULL,NULL,0,0,1,NULL,NULL,NULL),(996,32,2,3,5,'2008-09-01 01:01:05','0.00','19.00',NULL,NULL,'#581f0705e07288f2bdf115186465c7e2',NULL,'',NULL,NULL,NULL,NULL,NULL,NULL,NULL,NULL,0,0,3,NULL,NULL,NULL),(997,286,1,3,4,'2008-06-06 07:18:57','0.00','18.00',NULL,NULL,'#66fe5b85bb2ac6743616c2f9849e6f0d',NULL,'',NULL,NULL,NULL,NULL,NULL,NULL,NULL,NULL,0,0,4,NULL,NULL,NULL),(998,389,1,1,1,'2008-03-28 05:18:10','0.00','80.00',NULL,NULL,'#2bf4cc7f34e4893b5eddbc8e68738ffc',NULL,'',NULL,NULL,NULL,NULL,NULL,NULL,NULL,NULL,0,0,5,NULL,NULL,NULL),(999,229,4,1,3,'2009-01-01 12:56:14','0.00','95.00',NULL,NULL,'#8cfcafaf0bdea89b7bab26bf5d8e3c89',NULL,'',NULL,NULL,NULL,NULL,NULL,NULL,NULL,NULL,0,0,4,NULL,NULL,NULL),(1000,9,2,2,3,'2008-08-11 01:30:30','0.00','13.00',NULL,NULL,'#4658e7339501f69cf47355d4d52db330',NULL,'',NULL,NULL,NULL,NULL,NULL,NULL,NULL,NULL,0,0,1,NULL,NULL,NULL);
/*!40000 ALTER TABLE `civicrm_contribution` ENABLE KEYS */;
UNLOCK TABLES;

--
-- Dumping data for table `civicrm_contribution_page`
--

LOCK TABLES `civicrm_contribution_page` WRITE;
/*!40000 ALTER TABLE `civicrm_contribution_page` DISABLE KEYS */;
INSERT INTO `civicrm_contribution_page` (`id`, `title`, `intro_text`, `contribution_type_id`, `payment_processor_id`, `is_credit_card_only`, `is_monetary`, `is_recur`, `recur_frequency_unit`, `is_recur_interval`, `is_pay_later`, `pay_later_text`, `pay_later_receipt`, `is_allow_other_amount`, `default_amount_id`, `min_amount`, `max_amount`, `goal_amount`, `thankyou_title`, `thankyou_text`, `thankyou_footer`, `is_for_organization`, `for_organization`, `is_email_receipt`, `receipt_from_name`, `receipt_from_email`, `cc_receipt`, `bcc_receipt`, `receipt_text`, `is_active`, `footer_text`, `amount_block_is_active`, `honor_block_is_active`, `honor_block_title`, `honor_block_text`, `start_date`, `end_date`) VALUES (1,'Help Support CiviCRM!','Do you love CiviCRM? Do you use CiviCRM? Then please support CiviCRM and Contribute NOW by trying out our new online contribution features!',1,NULL,0,1,0,NULL,0,0,NULL,NULL,1,137,'10.00','10000.00','100000.00','Thanks for Your Support!','<p>Thank you for your support. Your contribution will help us build even better tools.</p><p>Please tell your friends and colleagues about CiviCRM!</p>','<p><a href=http://civicrm.org>Back to CiviCRM Home Page</a></p>',0,NULL,1,'CiviCRM Fundraising Dept.','donationFake@civicrm.org','receipt@example.com','bcc@example.com','Your donation is tax deductible under IRS 501(c)(3) regulation. Our tax identification number is: 93-123-4567',1,NULL,1,NULL,NULL,NULL,NULL,NULL),(2,'Member Signup and Renewal','Members are the life-blood of our organization. If you\'re not already a member - please consider signing up today. You can select the membership level the fits your budget and needs below.',2,NULL,0,1,0,NULL,0,0,NULL,NULL,NULL,NULL,NULL,NULL,NULL,'Thanks for Your Support!','Thanks for supporting our organization with your membership. You can learn more about membership benefits from our members only page.',NULL,0,NULL,1,'Membership Department','memberships@civicrm.org',NULL,NULL,'Thanks for supporting our organization with your membership. You can learn more about membership benefits from our members only page.\r\n\r\nKeep this receipt for your records.',1,NULL,0,NULL,NULL,NULL,NULL,NULL),(3,'Pledge for CiviCRM!','Do you love CiviCRM? Do you use CiviCRM? Then please support CiviCRM and Pledge NOW by trying out our online contribution features!',1,NULL,0,1,0,NULL,0,0,NULL,NULL,1,NULL,'10.00','10000.00','100000.00','Thanks for Your Support!','<p>Thank you for your support. Your contribution will help us build even better tools like Pledge.</p><p>Please tell your friends and colleagues about CiviPledge!</p>','<p><a href=http://civicrm.org>Back to CiviCRM Home Page</a></p>',0,NULL,1,'CiviCRM Fundraising Dept.','donationFake@civicrm.org','receipt@example.com','bcc@example.com','Your donation is tax deductible under IRS 501(c)(3) regulation. Our tax identification number is: 93-123-4567',1,NULL,1,NULL,NULL,NULL,NULL,NULL);
/*!40000 ALTER TABLE `civicrm_contribution_page` ENABLE KEYS */;
UNLOCK TABLES;

--
-- Dumping data for table `civicrm_contribution_product`
--

LOCK TABLES `civicrm_contribution_product` WRITE;
/*!40000 ALTER TABLE `civicrm_contribution_product` DISABLE KEYS */;
/*!40000 ALTER TABLE `civicrm_contribution_product` ENABLE KEYS */;
UNLOCK TABLES;

--
-- Dumping data for table `civicrm_contribution_recur`
--

LOCK TABLES `civicrm_contribution_recur` WRITE;
/*!40000 ALTER TABLE `civicrm_contribution_recur` DISABLE KEYS */;
/*!40000 ALTER TABLE `civicrm_contribution_recur` ENABLE KEYS */;
UNLOCK TABLES;

--
-- Dumping data for table `civicrm_contribution_soft`
--

LOCK TABLES `civicrm_contribution_soft` WRITE;
/*!40000 ALTER TABLE `civicrm_contribution_soft` DISABLE KEYS */;
INSERT INTO `civicrm_contribution_soft` (`id`, `contribution_id`, `contact_id`, `amount`, `pcp_id`, `pcp_display_in_roll`, `pcp_roll_nickname`, `pcp_personal_note`) VALUES (1,1,446,'70.00',1,1,'Adam Family','Adam Helps'),(2,2,188,'54.00',1,1,'Adam Family','Anonymous'),(3,3,385,'50.00',1,1,'Adam Family','Helping Hands'),(4,4,167,'13.00',1,1,'Jones Family','Helping Hands'),(5,5,464,'72.00',1,1,'Annie and the kids','Helping Hands'),(6,6,22,'61.00',1,1,'Anonymous','Adam Helps'),(7,7,342,'61.00',1,1,'Adam Family','Helping Hands'),(8,8,401,'46.00',1,1,'Anonymous','Adam Helps'),(9,9,153,'38.00',1,1,'Jones Family','Adam Helps'),(10,10,462,'17.00',1,1,'Jones Family','Annie Helps'),(11,11,226,'71.00',1,1,'Anonymous','Helping Hands'),(12,12,35,'83.00',1,1,'Annie and the kids','Anonymous'),(13,13,143,'79.00',1,1,'Anonymous','Adam Helps'),(14,14,137,'25.00',1,1,'Annie and the kids','Adam Helps'),(15,15,234,'96.00',1,1,'Jones Family','Helping Hands'),(16,16,213,'38.00',1,1,'Anonymous','Helping Hands'),(17,17,395,'45.00',1,1,'Anonymous','Anonymous'),(18,18,17,'82.00',1,1,'Anonymous','Helping Hands'),(19,19,265,'31.00',1,1,'Adam Family','Anonymous'),(20,20,110,'94.00',1,1,'Annie and the kids','Helping Hands'),(21,21,224,'12.00',1,1,'Adam Family','Annie Helps'),(22,22,82,'11.00',1,1,'Anonymous','Adam Helps'),(23,23,333,'25.00',1,1,'Jones Family','Annie Helps'),(24,24,420,'41.00',1,1,'Anonymous','Annie Helps'),(25,25,397,'74.00',1,1,'Anonymous','Annie Helps'),(26,26,48,'33.00',1,1,'Adam Family','Annie Helps'),(27,27,95,'58.00',1,1,'Adam Family','Anonymous'),(28,28,124,'56.00',1,1,'Jones Family','Anonymous'),(29,29,265,'37.00',1,1,'Jones Family','Adam Helps'),(30,30,32,'71.00',1,1,'Anonymous','Annie Helps'),(31,31,14,'36.00',1,1,'Annie and the kids','Helping Hands'),(32,32,474,'96.00',1,1,'Anonymous','Annie Helps'),(33,33,136,'53.00',1,1,'Jones Family','Anonymous'),(34,34,62,'48.00',1,1,'Adam Family','Adam Helps'),(35,35,73,'48.00',1,1,'Annie and the kids','Adam Helps'),(36,36,337,'92.00',1,1,'Jones Family','Helping Hands'),(37,37,454,'23.00',1,1,'Adam Family','Annie Helps'),(38,38,206,'16.00',1,1,'Anonymous','Anonymous'),(39,39,287,'64.00',1,1,'Adam Family','Helping Hands'),(40,40,450,'70.00',1,1,'Annie and the kids','Anonymous'),(41,41,176,'95.00',1,1,'Annie and the kids','Helping Hands'),(42,42,135,'87.00',1,1,'Anonymous','Anonymous'),(43,43,19,'62.00',1,1,'Anonymous','Adam Helps'),(44,44,328,'79.00',1,1,'Adam Family','Adam Helps'),(45,45,17,'62.00',1,1,'Jones Family','Adam Helps'),(46,46,208,'75.00',1,1,'Anonymous','Helping Hands'),(47,47,428,'14.00',1,1,'Jones Family','Adam Helps'),(48,48,356,'29.00',1,1,'Adam Family','Annie Helps'),(49,49,423,'24.00',1,1,'Adam Family','Adam Helps'),(50,50,274,'15.00',1,1,'Anonymous','Adam Helps'),(51,51,320,'50.00',1,1,'Jones Family','Adam Helps'),(52,52,410,'61.00',1,1,'Annie and the kids','Annie Helps'),(53,53,206,'57.00',1,1,'Anonymous','Anonymous'),(54,54,42,'75.00',1,1,'Adam Family','Annie Helps'),(55,55,425,'59.00',1,1,'Jones Family','Adam Helps'),(56,56,265,'79.00',1,1,'Anonymous','Helping Hands'),(57,57,85,'82.00',1,1,'Annie and the kids','Helping Hands'),(58,58,297,'28.00',1,1,'Annie and the kids','Anonymous'),(59,59,80,'29.00',1,1,'Annie and the kids','Anonymous'),(60,60,481,'28.00',1,1,'Anonymous','Anonymous'),(61,61,174,'38.00',1,1,'Annie and the kids','Anonymous'),(62,62,264,'86.00',1,1,'Adam Family','Anonymous'),(63,63,83,'39.00',1,1,'Annie and the kids','Adam Helps'),(64,64,142,'36.00',1,1,'Adam Family','Helping Hands'),(65,65,120,'42.00',1,1,'Jones Family','Helping Hands'),(66,66,374,'84.00',1,1,'Adam Family','Helping Hands'),(67,67,218,'34.00',1,1,'Anonymous','Anonymous'),(68,68,446,'89.00',1,1,'Anonymous','Annie Helps'),(69,69,429,'55.00',1,1,'Annie and the kids','Adam Helps'),(70,70,8,'17.00',1,1,'Adam Family','Anonymous'),(71,71,181,'40.00',1,1,'Jones Family','Anonymous'),(72,72,455,'29.00',1,1,'Jones Family','Anonymous'),(73,73,490,'46.00',1,1,'Anonymous','Annie Helps'),(74,74,175,'87.00',1,1,'Annie and the kids','Adam Helps'),(75,75,205,'84.00',1,1,'Annie and the kids','Adam Helps'),(76,76,426,'50.00',1,1,'Adam Family','Adam Helps'),(77,77,346,'75.00',1,1,'Anonymous','Helping Hands'),(78,78,50,'54.00',1,1,'Annie and the kids','Annie Helps'),(79,79,210,'29.00',1,1,'Annie and the kids','Helping Hands'),(80,80,352,'69.00',1,1,'Adam Family','Helping Hands'),(81,81,169,'57.00',1,1,'Annie and the kids','Helping Hands'),(82,82,256,'22.00',1,1,'Anonymous','Anonymous'),(83,83,417,'20.00',1,1,'Adam Family','Anonymous'),(84,84,60,'48.00',1,1,'Jones Family','Annie Helps'),(85,85,61,'73.00',1,1,'Anonymous','Anonymous'),(86,86,374,'47.00',1,1,'Jones Family','Annie Helps'),(87,87,27,'59.00',1,1,'Jones Family','Helping Hands'),(88,88,219,'60.00',1,1,'Anonymous','Adam Helps'),(89,89,339,'53.00',1,1,'Adam Family','Helping Hands'),(90,90,464,'15.00',1,1,'Anonymous','Anonymous'),(91,91,466,'81.00',1,1,'Jones Family','Adam Helps'),(92,92,18,'81.00',1,1,'Annie and the kids','Anonymous'),(93,93,440,'91.00',1,1,'Anonymous','Anonymous'),(94,94,274,'59.00',1,1,'Annie and the kids','Adam Helps'),(95,95,91,'50.00',1,1,'Adam Family','Helping Hands'),(96,96,136,'64.00',1,1,'Adam Family','Anonymous'),(97,97,457,'20.00',1,1,'Adam Family','Adam Helps'),(98,98,119,'88.00',1,1,'Anonymous','Adam Helps'),(99,99,290,'90.00',1,1,'Jones Family','Anonymous'),(100,100,94,'58.00',1,1,'Anonymous','Annie Helps'),(101,101,425,'54.00',1,1,'Annie and the kids','Adam Helps'),(102,102,56,'88.00',1,1,'Anonymous','Annie Helps'),(103,103,307,'72.00',1,1,'Annie and the kids','Annie Helps'),(104,104,376,'29.00',1,1,'Adam Family','Adam Helps'),(105,105,237,'95.00',1,1,'Adam Family','Anonymous'),(106,106,225,'54.00',1,1,'Adam Family','Anonymous'),(107,107,307,'22.00',1,1,'Adam Family','Adam Helps'),(108,108,173,'55.00',1,1,'Anonymous','Annie Helps'),(109,109,164,'96.00',1,1,'Jones Family','Adam Helps'),(110,110,209,'23.00',1,1,'Annie and the kids','Helping Hands'),(111,111,318,'28.00',1,1,'Jones Family','Helping Hands'),(112,112,160,'88.00',1,1,'Adam Family','Adam Helps'),(113,113,415,'37.00',1,1,'Adam Family','Anonymous'),(114,114,217,'60.00',1,1,'Jones Family','Anonymous'),(115,115,171,'42.00',1,1,'Anonymous','Helping Hands'),(116,116,63,'95.00',1,1,'Annie and the kids','Annie Helps'),(117,117,220,'23.00',1,1,'Jones Family','Anonymous'),(118,118,273,'90.00',1,1,'Anonymous','Adam Helps'),(119,119,256,'11.00',1,1,'Anonymous','Adam Helps'),(120,120,75,'54.00',1,1,'Anonymous','Annie Helps'),(121,121,78,'85.00',1,1,'Anonymous','Anonymous'),(122,122,128,'77.00',1,1,'Anonymous','Anonymous'),(123,123,261,'19.00',1,1,'Anonymous','Helping Hands'),(124,124,406,'54.00',1,1,'Jones Family','Anonymous'),(125,125,330,'24.00',1,1,'Adam Family','Helping Hands'),(126,126,220,'90.00',1,1,'Anonymous','Annie Helps'),(127,127,97,'62.00',1,1,'Jones Family','Adam Helps'),(128,128,288,'41.00',1,1,'Annie and the kids','Anonymous'),(129,129,97,'46.00',1,1,'Annie and the kids','Helping Hands'),(130,130,480,'90.00',1,1,'Anonymous','Anonymous'),(131,131,80,'57.00',1,1,'Annie and the kids','Annie Helps'),(132,132,22,'99.00',1,1,'Anonymous','Anonymous'),(133,133,422,'97.00',1,1,'Annie and the kids','Annie Helps'),(134,134,143,'24.00',1,1,'Jones Family','Annie Helps'),(135,135,22,'53.00',1,1,'Annie and the kids','Anonymous'),(136,136,477,'49.00',1,1,'Adam Family','Annie Helps'),(137,137,226,'78.00',1,1,'Anonymous','Adam Helps'),(138,138,276,'39.00',1,1,'Anonymous','Helping Hands'),(139,139,172,'18.00',1,1,'Anonymous','Annie Helps'),(140,140,443,'34.00',1,1,'Adam Family','Annie Helps'),(141,141,350,'73.00',1,1,'Annie and the kids','Annie Helps'),(142,142,353,'10.00',1,1,'Adam Family','Adam Helps'),(143,143,49,'40.00',1,1,'Adam Family','Adam Helps'),(144,144,117,'62.00',1,1,'Annie and the kids','Anonymous'),(145,145,301,'49.00',1,1,'Jones Family','Adam Helps'),(146,146,386,'96.00',1,1,'Anonymous','Helping Hands'),(147,147,411,'88.00',1,1,'Jones Family','Anonymous'),(148,148,195,'15.00',1,1,'Jones Family','Helping Hands'),(149,149,465,'69.00',1,1,'Anonymous','Annie Helps'),(150,150,137,'10.00',1,1,'Adam Family','Helping Hands'),(151,151,223,'33.00',1,1,'Anonymous','Annie Helps'),(152,152,187,'91.00',1,1,'Adam Family','Helping Hands'),(153,153,493,'19.00',1,1,'Annie and the kids','Annie Helps'),(154,154,322,'35.00',1,1,'Annie and the kids','Anonymous'),(155,155,64,'48.00',1,1,'Jones Family','Anonymous'),(156,156,124,'87.00',1,1,'Anonymous','Helping Hands'),(157,157,479,'14.00',1,1,'Annie and the kids','Annie Helps'),(158,158,102,'39.00',1,1,'Adam Family','Adam Helps'),(159,159,450,'97.00',1,1,'Anonymous','Anonymous'),(160,160,328,'18.00',1,1,'Jones Family','Helping Hands'),(161,161,311,'92.00',1,1,'Adam Family','Adam Helps'),(162,162,153,'87.00',1,1,'Adam Family','Adam Helps'),(163,163,372,'22.00',1,1,'Jones Family','Adam Helps'),(164,164,410,'92.00',1,1,'Anonymous','Helping Hands'),(165,165,166,'41.00',1,1,'Annie and the kids','Helping Hands'),(166,166,40,'44.00',1,1,'Adam Family','Helping Hands'),(167,167,467,'81.00',1,1,'Annie and the kids','Annie Helps'),(168,168,401,'89.00',1,1,'Anonymous','Anonymous'),(169,169,233,'76.00',1,1,'Jones Family','Adam Helps'),(170,170,396,'94.00',1,1,'Adam Family','Helping Hands'),(171,171,347,'20.00',1,1,'Anonymous','Adam Helps'),(172,172,137,'32.00',1,1,'Annie and the kids','Annie Helps'),(173,173,358,'67.00',1,1,'Annie and the kids','Annie Helps'),(174,174,400,'79.00',1,1,'Annie and the kids','Helping Hands'),(175,175,50,'27.00',1,1,'Annie and the kids','Annie Helps'),(176,176,140,'66.00',1,1,'Jones Family','Anonymous'),(177,177,334,'59.00',1,1,'Adam Family','Adam Helps'),(178,178,336,'66.00',1,1,'Jones Family','Adam Helps'),(179,179,209,'44.00',1,1,'Anonymous','Anonymous'),(180,180,86,'35.00',1,1,'Adam Family','Adam Helps'),(181,181,201,'91.00',1,1,'Jones Family','Adam Helps'),(182,182,165,'76.00',1,1,'Annie and the kids','Anonymous'),(183,183,280,'52.00',1,1,'Jones Family','Annie Helps'),(184,184,66,'68.00',1,1,'Jones Family','Anonymous'),(185,185,239,'13.00',1,1,'Adam Family','Anonymous'),(186,186,369,'33.00',1,1,'Anonymous','Adam Helps'),(187,187,381,'52.00',1,1,'Annie and the kids','Helping Hands'),(188,188,44,'18.00',1,1,'Anonymous','Anonymous'),(189,189,139,'24.00',1,1,'Jones Family','Helping Hands'),(190,190,322,'13.00',1,1,'Adam Family','Annie Helps'),(191,191,203,'85.00',1,1,'Jones Family','Anonymous'),(192,192,181,'38.00',1,1,'Anonymous','Anonymous'),(193,193,312,'44.00',1,1,'Adam Family','Anonymous'),(194,194,158,'51.00',1,1,'Adam Family','Helping Hands'),(195,195,438,'74.00',1,1,'Annie and the kids','Helping Hands'),(196,196,3,'68.00',1,1,'Anonymous','Anonymous'),(197,197,41,'24.00',1,1,'Adam Family','Adam Helps'),(198,198,465,'12.00',1,1,'Jones Family','Annie Helps'),(199,199,117,'75.00',1,1,'Adam Family','Anonymous'),(200,200,284,'68.00',1,1,'Annie and the kids','Annie Helps');
/*!40000 ALTER TABLE `civicrm_contribution_soft` ENABLE KEYS */;
UNLOCK TABLES;

--
-- Dumping data for table `civicrm_contribution_type`
--

LOCK TABLES `civicrm_contribution_type` WRITE;
/*!40000 ALTER TABLE `civicrm_contribution_type` DISABLE KEYS */;
INSERT INTO `civicrm_contribution_type` (`id`, `name`, `accounting_code`, `description`, `is_deductible`, `is_reserved`, `is_active`) VALUES (1,'Donation',NULL,NULL,1,0,1),(2,'Member Dues',NULL,NULL,1,0,1),(3,'Campaign Contribution',NULL,NULL,0,0,1),(4,'Event Fee',NULL,NULL,0,0,1);
/*!40000 ALTER TABLE `civicrm_contribution_type` ENABLE KEYS */;
UNLOCK TABLES;

--
-- Dumping data for table `civicrm_contribution_widget`
--

LOCK TABLES `civicrm_contribution_widget` WRITE;
/*!40000 ALTER TABLE `civicrm_contribution_widget` DISABLE KEYS */;
/*!40000 ALTER TABLE `civicrm_contribution_widget` ENABLE KEYS */;
UNLOCK TABLES;

--
-- Dumping data for table `civicrm_country`
--

LOCK TABLES `civicrm_country` WRITE;
/*!40000 ALTER TABLE `civicrm_country` DISABLE KEYS */;
INSERT INTO `civicrm_country` (`id`, `name`, `iso_code`, `country_code`, `idd_prefix`, `ndd_prefix`, `region_id`) VALUES (1001,'Afghanistan','AF',NULL,NULL,NULL,4),(1002,'Albania','AL',NULL,NULL,NULL,1),(1003,'Algeria','DZ',NULL,NULL,NULL,3),(1004,'American Samoa','AS',NULL,NULL,NULL,2),(1005,'Andorra','AD',NULL,NULL,NULL,1),(1006,'Angola','AO',NULL,NULL,NULL,5),(1007,'Anguilla','AI',NULL,NULL,NULL,2),(1008,'Antarctica','AQ',NULL,NULL,NULL,1),(1009,'Antigua and Barbuda','AG',NULL,NULL,NULL,2),(1010,'Argentina','AR',NULL,NULL,NULL,2),(1011,'Armenia','AM',NULL,NULL,NULL,4),(1012,'Aruba','AW',NULL,NULL,NULL,2),(1013,'Australia','AU',NULL,NULL,NULL,4),(1014,'Austria','AT',NULL,NULL,NULL,1),(1015,'Azerbaijan','AZ',NULL,NULL,NULL,1),(1016,'Bahrain','BH',NULL,NULL,NULL,3),(1017,'Bangladesh','BD',NULL,NULL,NULL,4),(1018,'Barbados','BB',NULL,NULL,NULL,4),(1019,'Belarus','BY',NULL,NULL,NULL,1),(1020,'Belgium','BE',NULL,NULL,NULL,1),(1021,'Belize','BZ',NULL,NULL,NULL,2),(1022,'Benin','BJ',NULL,NULL,NULL,5),(1023,'Bermuda','BM',NULL,NULL,NULL,2),(1024,'Bhutan','BT',NULL,NULL,NULL,4),(1025,'Bolivia','BO',NULL,NULL,NULL,2),(1026,'Bosnia and Herzegovina','BA',NULL,NULL,NULL,1),(1027,'Botswana','BW',NULL,NULL,NULL,5),(1028,'Bouvet Island','BV',NULL,NULL,NULL,1),(1029,'Brazil','BR',NULL,NULL,NULL,2),(1030,'British Indian Ocean Territory','IO',NULL,NULL,NULL,4),(1031,'Virgin Islands, British','VG',NULL,NULL,NULL,2),(1032,'Brunei Darussalam','BN',NULL,NULL,NULL,4),(1033,'Bulgaria','BG',NULL,NULL,NULL,1),(1034,'Burkina Faso','BF',NULL,NULL,NULL,5),(1035,'Myanmar','MM',NULL,NULL,NULL,4),(1036,'Burundi','BI',NULL,NULL,NULL,5),(1037,'Cambodia','KH',NULL,NULL,NULL,4),(1038,'Cameroon','CM',NULL,NULL,NULL,5),(1039,'Canada','CA',NULL,NULL,NULL,2),(1040,'Cape Verde','CV',NULL,NULL,NULL,5),(1041,'Cayman Islands','KY',NULL,NULL,NULL,5),(1042,'Central African Republic','CF',NULL,NULL,NULL,5),(1043,'Chad','TD',NULL,NULL,NULL,5),(1044,'Chile','CL',NULL,NULL,NULL,2),(1045,'China','CN',NULL,NULL,NULL,4),(1046,'Christmas Island','CX',NULL,NULL,NULL,4),(1047,'Cocos (Keeling) Islands','CC',NULL,NULL,NULL,4),(1048,'Colombia','CO',NULL,NULL,NULL,2),(1049,'Comoros','KM',NULL,NULL,NULL,5),(1050,'Congo, The Democratic Republic of the','CD',NULL,NULL,NULL,5),(1051,'Congo','CG',NULL,NULL,NULL,5),(1052,'Cook Islands','CK',NULL,NULL,NULL,4),(1053,'Costa Rica','CR',NULL,NULL,NULL,2),(1054,'Cte d\'Ivoire','CI',NULL,NULL,NULL,5),(1055,'Croatia','HR',NULL,NULL,NULL,1),(1056,'Cuba','CU',NULL,NULL,NULL,2),(1057,'Cyprus','CY',NULL,NULL,NULL,1),(1058,'Czech Republic','CZ',NULL,NULL,NULL,1),(1059,'Denmark','DK',NULL,NULL,NULL,1),(1060,'Djibouti','DJ',NULL,NULL,NULL,5),(1061,'Dominica','DM',NULL,NULL,NULL,2),(1062,'Dominican Republic','DO',NULL,NULL,NULL,2),(1063,'Timor-Leste','TL',NULL,NULL,NULL,4),(1064,'Ecuador','EC',NULL,NULL,NULL,2),(1065,'Egypt','EG',NULL,NULL,NULL,3),(1066,'El Salvador','SV',NULL,NULL,NULL,2),(1067,'Equatorial Guinea','GQ',NULL,NULL,NULL,5),(1068,'Eritrea','ER',NULL,NULL,NULL,5),(1069,'Estonia','EE',NULL,NULL,NULL,1),(1070,'Ethiopia','ET',NULL,NULL,NULL,5),(1072,'Falkland Islands (Malvinas)','FK',NULL,NULL,NULL,2),(1073,'Faroe Islands','FO',NULL,NULL,NULL,1),(1074,'Fiji','FJ',NULL,NULL,NULL,4),(1075,'Finland','FI',NULL,NULL,NULL,1),(1076,'France','FR',NULL,NULL,NULL,1),(1077,'French Guiana','GF',NULL,NULL,NULL,2),(1078,'French Polynesia','PF',NULL,NULL,NULL,4),(1079,'French Southern Territories','TF',NULL,NULL,NULL,1),(1080,'Gabon','GA',NULL,NULL,NULL,5),(1081,'Georgia','GE',NULL,NULL,NULL,4),(1082,'Germany','DE',NULL,NULL,NULL,1),(1083,'Ghana','GH',NULL,NULL,NULL,5),(1084,'Gibraltar','GI',NULL,NULL,NULL,1),(1085,'Greece','GR',NULL,NULL,NULL,1),(1086,'Greenland','GL',NULL,NULL,NULL,2),(1087,'Grenada','GD',NULL,NULL,NULL,2),(1088,'Guadeloupe','GP',NULL,NULL,NULL,2),(1089,'Guam','GU',NULL,NULL,NULL,4),(1090,'Guatemala','GT',NULL,NULL,NULL,2),(1091,'Guinea','GN',NULL,NULL,NULL,5),(1092,'Guinea-Bissau','GW',NULL,NULL,NULL,5),(1093,'Guyana','GY',NULL,NULL,NULL,2),(1094,'Haiti','HT',NULL,NULL,NULL,2),(1095,'Heard Island and McDonald Islands','HM',NULL,NULL,NULL,4),(1096,'Holy See (Vatican City State)','VA',NULL,NULL,NULL,1),(1097,'Honduras','HN',NULL,NULL,NULL,2),(1098,'Hong Kong','HK',NULL,NULL,NULL,4),(1099,'Hungary','HU',NULL,NULL,NULL,1),(1100,'Iceland','IS',NULL,NULL,NULL,1),(1101,'India','IN',NULL,NULL,NULL,4),(1102,'Indonesia','ID',NULL,NULL,NULL,4),(1103,'Iran, Islamic Republic of','IR',NULL,NULL,NULL,3),(1104,'Iraq','IQ',NULL,NULL,NULL,3),(1105,'Ireland','IE',NULL,NULL,NULL,1),(1106,'Israel','IL',NULL,NULL,NULL,3),(1107,'Italy','IT',NULL,NULL,NULL,1),(1108,'Jamaica','JM',NULL,NULL,NULL,2),(1109,'Japan','JP',NULL,NULL,NULL,4),(1110,'Jordan','JO',NULL,NULL,NULL,3),(1111,'Kazakhstan','KZ',NULL,NULL,NULL,1),(1112,'Kenya','KE',NULL,NULL,NULL,5),(1113,'Kiribati','KI',NULL,NULL,NULL,4),(1114,'Korea, Democratic People\'s Republic of','KP',NULL,NULL,NULL,4),(1115,'Korea, Republic of','KR',NULL,NULL,NULL,4),(1116,'Kuwait','KW',NULL,NULL,NULL,3),(1117,'Kyrgyzstan','KG',NULL,NULL,NULL,1),(1118,'Lao People\'s Democratic Republic','LA',NULL,NULL,NULL,4),(1119,'Latvia','LV',NULL,NULL,NULL,1),(1120,'Lebanon','LB',NULL,NULL,NULL,3),(1121,'Lesotho','LS',NULL,NULL,NULL,5),(1122,'Liberia','LR',NULL,NULL,NULL,5),(1123,'Libyan Arab Jamahiriya','LY',NULL,NULL,NULL,3),(1124,'Liechtenstein','LI',NULL,NULL,NULL,1),(1125,'Lithuania','LT',NULL,NULL,NULL,1),(1126,'Luxembourg','LU',NULL,NULL,NULL,1),(1127,'Macao','MO',NULL,NULL,NULL,4),(1128,'Macedonia, Republic of','MK',NULL,NULL,NULL,1),(1129,'Madagascar','MG',NULL,NULL,NULL,5),(1130,'Malawi','MW',NULL,NULL,NULL,5),(1131,'Malaysia','MY',NULL,NULL,NULL,4),(1132,'Maldives','MV',NULL,NULL,NULL,4),(1133,'Mali','ML',NULL,NULL,NULL,5),(1134,'Malta','MT',NULL,NULL,NULL,1),(1135,'Marshall Islands','MH',NULL,NULL,NULL,4),(1136,'Martinique','MQ',NULL,NULL,NULL,2),(1137,'Mauritania','MR',NULL,NULL,NULL,5),(1138,'Mauritius','MU',NULL,NULL,NULL,5),(1139,'Mayotte','YT',NULL,NULL,NULL,5),(1140,'Mexico','MX',NULL,NULL,NULL,2),(1141,'Micronesia, Federated States of','FM',NULL,NULL,NULL,4),(1142,'Moldova','MD',NULL,NULL,NULL,1),(1143,'Monaco','MC',NULL,NULL,NULL,1),(1144,'Mongolia','MN',NULL,NULL,NULL,4),(1145,'Montserrat','MS',NULL,NULL,NULL,2),(1146,'Morocco','MA',NULL,NULL,NULL,3),(1147,'Mozambique','MZ',NULL,NULL,NULL,5),(1148,'Namibia','NA',NULL,NULL,NULL,5),(1149,'Nauru','NR',NULL,NULL,NULL,4),(1150,'Nepal','NP',NULL,NULL,NULL,4),(1151,'Netherlands Antilles','AN',NULL,NULL,NULL,2),(1152,'Netherlands','NL',NULL,NULL,NULL,1),(1153,'New Caledonia','NC',NULL,NULL,NULL,4),(1154,'New Zealand','NZ',NULL,NULL,NULL,4),(1155,'Nicaragua','NI',NULL,NULL,NULL,2),(1156,'Niger','NE',NULL,NULL,NULL,5),(1157,'Nigeria','NG',NULL,NULL,NULL,5),(1158,'Niue','NU',NULL,NULL,NULL,4),(1159,'Norfolk Island','NF',NULL,NULL,NULL,4),(1160,'Northern Mariana Islands','MP',NULL,NULL,NULL,2),(1161,'Norway','NO',NULL,NULL,NULL,1),(1162,'Oman','OM',NULL,NULL,NULL,3),(1163,'Pakistan','PK',NULL,NULL,NULL,4),(1164,'Palau','PW',NULL,NULL,NULL,4),(1165,'Palestinian Territory, Occupied','PS',NULL,NULL,NULL,3),(1166,'Panama','PA',NULL,NULL,NULL,5),(1167,'Papua New Guinea','PG',NULL,NULL,NULL,4),(1168,'Paraguay','PY',NULL,NULL,NULL,2),(1169,'Peru','PE',NULL,NULL,NULL,2),(1170,'Philippines','PH',NULL,NULL,NULL,4),(1171,'Pitcairn','PN',NULL,NULL,NULL,4),(1172,'Poland','PL',NULL,NULL,NULL,1),(1173,'Portugal','PT',NULL,NULL,NULL,1),(1174,'Puerto Rico','PR',NULL,NULL,NULL,2),(1175,'Qatar','QA',NULL,NULL,NULL,3),(1176,'Romania','RO',NULL,NULL,NULL,1),(1177,'Russian Federation','RU',NULL,NULL,NULL,1),(1178,'Rwanda','RW',NULL,NULL,NULL,5),(1179,'Reunion','RE',NULL,NULL,NULL,5),(1180,'Saint Helena','SH',NULL,NULL,NULL,5),(1181,'Saint Kitts and Nevis','KN',NULL,NULL,NULL,2),(1182,'Saint Lucia','LC',NULL,NULL,NULL,2),(1183,'Saint Pierre and Miquelon','PM',NULL,NULL,NULL,2),(1184,'Saint Vincent and the Grenadines','VC',NULL,NULL,NULL,2),(1185,'Samoa','WS',NULL,NULL,NULL,4),(1186,'San Marino','SM',NULL,NULL,NULL,1),(1187,'Saudi Arabia','SA',NULL,NULL,NULL,3),(1188,'Senegal','SN',NULL,NULL,NULL,5),(1189,'Seychelles','SC',NULL,NULL,NULL,5),(1190,'Sierra Leone','SL',NULL,NULL,NULL,5),(1191,'Singapore','SG',NULL,NULL,NULL,4),(1192,'Slovakia','SK',NULL,NULL,NULL,1),(1193,'Slovenia','SI',NULL,NULL,NULL,1),(1194,'Solomon Islands','SB',NULL,NULL,NULL,4),(1195,'Somalia','SO',NULL,NULL,NULL,5),(1196,'South Africa','ZA',NULL,NULL,NULL,5),(1197,'South Georgia and the South Sandwich Islands','GS',NULL,NULL,NULL,2),(1198,'Spain','ES',NULL,NULL,NULL,1),(1199,'Sri Lanka','LK',NULL,NULL,NULL,4),(1200,'Sudan','SD',NULL,NULL,NULL,5),(1201,'Suriname','SR',NULL,NULL,NULL,2),(1202,'Svalbard and Jan Mayen','SJ',NULL,NULL,NULL,1),(1203,'Swaziland','SZ',NULL,NULL,NULL,5),(1204,'Sweden','SE',NULL,NULL,NULL,1),(1205,'Switzerland','CH',NULL,NULL,NULL,1),(1206,'Syrian Arab Republic','SY',NULL,NULL,NULL,3),(1207,'Sao Tome and Principe','ST',NULL,NULL,NULL,5),(1208,'Taiwan','TW',NULL,NULL,NULL,4),(1209,'Tajikistan','TJ',NULL,NULL,NULL,4),(1210,'Tanzania, United Republic of','TZ',NULL,NULL,NULL,5),(1211,'Thailand','TH',NULL,NULL,NULL,4),(1212,'Bahamas','BS',NULL,NULL,NULL,2),(1213,'Gambia','GM',NULL,NULL,NULL,5),(1214,'Togo','TG',NULL,NULL,NULL,5),(1215,'Tokelau','TK',NULL,NULL,NULL,4),(1216,'Tonga','TO',NULL,NULL,NULL,4),(1217,'Trinidad and Tobago','TT',NULL,NULL,NULL,2),(1218,'Tunisia','TN',NULL,NULL,NULL,3),(1219,'Turkey','TR',NULL,NULL,NULL,1),(1220,'Turkmenistan','TM',NULL,NULL,NULL,1),(1221,'Turks and Caicos Islands','TC',NULL,NULL,NULL,2),(1222,'Tuvalu','TV',NULL,NULL,NULL,4),(1223,'Uganda','UG',NULL,NULL,NULL,5),(1224,'Ukraine','UA',NULL,NULL,NULL,1),(1225,'United Arab Emirates','AE',NULL,NULL,NULL,3),(1226,'United Kingdom','GB',NULL,NULL,NULL,1),(1227,'United States Minor Outlying Islands','UM',NULL,NULL,NULL,2),(1228,'United States','US',NULL,NULL,NULL,2),(1229,'Uruguay','UY',NULL,NULL,NULL,2),(1230,'Uzbekistan','UZ',NULL,NULL,NULL,1),(1231,'Vanuatu','VU',NULL,NULL,NULL,4),(1232,'Venezuela','VE',NULL,NULL,NULL,2),(1233,'Viet Nam','VN',NULL,NULL,NULL,4),(1234,'Virgin Islands, U.S.','VI',NULL,NULL,NULL,2),(1235,'Wallis and Futuna','WF',NULL,NULL,NULL,4),(1236,'Western Sahara','EH',NULL,NULL,NULL,3),(1237,'Yemen','YE',NULL,NULL,NULL,3),(1238,'Serbia and Montenegro','CS',NULL,NULL,NULL,1),(1239,'Zambia','ZM',NULL,NULL,NULL,5),(1240,'Zimbabwe','ZW',NULL,NULL,NULL,5),(1241,'land Islands','AX',NULL,NULL,NULL,1),(1242,'Serbia','RS',NULL,NULL,NULL,1),(1243,'Montenegro','ME',NULL,NULL,NULL,1),(1244,'Jersey','JE',NULL,NULL,NULL,99),(1245,'Guernsey','GG',NULL,NULL,NULL,99),(1246,'Isle of Man','IM',NULL,NULL,NULL,99);
/*!40000 ALTER TABLE `civicrm_country` ENABLE KEYS */;
UNLOCK TABLES;

--
-- Dumping data for table `civicrm_county`
--

LOCK TABLES `civicrm_county` WRITE;
/*!40000 ALTER TABLE `civicrm_county` DISABLE KEYS */;
INSERT INTO `civicrm_county` (`id`, `name`, `abbreviation`, `state_province_id`) VALUES (1,'Alameda',NULL,1004),(2,'Contra Costa',NULL,1004),(3,'Marin',NULL,1004),(4,'San Francisco',NULL,1004),(5,'San Mateo',NULL,1004),(6,'Santa Clara',NULL,1004);
/*!40000 ALTER TABLE `civicrm_county` ENABLE KEYS */;
UNLOCK TABLES;

--
-- Dumping data for table `civicrm_currency`
--

LOCK TABLES `civicrm_currency` WRITE;
/*!40000 ALTER TABLE `civicrm_currency` DISABLE KEYS */;
INSERT INTO `civicrm_currency` (`id`, `name`, `symbol`, `numeric_code`, `full_name`) VALUES (1,'AUD','$','036','Australian Dollar'),(2,'CAD','$','124','Canadian Dollar'),(3,'EUR','','978','Euro'),(4,'GBP','','826','Pound Sterling'),(5,'ILS','','826','New Israeli Shekel'),(6,'INR','','356','Indian Rupee'),(7,'JPY','','392','Japanese Yen'),(8,'KRW','','410','South Korean Won'),(9,'LAK','','418','Lao Kip'),(10,'MNT','','496','Mongolian Tugrik'),(11,'NGN','','566','Nigerian Naira'),(12,'PLN','z','985','Polish Zoty'),(13,'THB','','764','Thai Baht'),(14,'USD','$','840','US Dollar'),(15,'VND','','704','Viet Nam Dong'),(16,'ZAR','R','710','South African Rand'),(17,'AED',NULL,'784','UAE Dirham'),(18,'AFN','','971','Afghani'),(19,'ALL','Lek','008','Albanian Lek'),(20,'AMD',NULL,'051','Armenian Dram'),(21,'ANG','','532','Netherlands Antillian Guilder'),(22,'AOA',NULL,'973','Angola Kwanza'),(23,'ARS','$','032','Argentine Peso'),(24,'AWG','','533','Aruban Guilder'),(25,'AZN','','944','Azerbaijanian Manat'),(26,'BAM','KM','977','Convertible Marks'),(27,'BBD','$','052','Barbados Dollar'),(28,'BDT',NULL,'050','Bangladeshi Taka'),(29,'BGN','','975','Bulgarian Lev'),(30,'BHD',NULL,'048','Bahraini Dinar'),(31,'BIF',NULL,'108','Burundi Franc'),(32,'BMD','$','060','Bermudian Dollar'),(33,'BND','$','096','Brunei Dollar'),(34,'BOB','$b','068','Boliviano'),(35,'BOV',NULL,'984','Bolivian Mvdol'),(36,'BRL','R$','986','Brazilian Real'),(37,'BSD','$','044','Bahamian Dollar'),(38,'BTN',NULL,'064','Bhutan Ngultrum'),(39,'BWP','P','072','Botswana Pula'),(40,'BYR','p.','974','Belarussian Rouble'),(41,'BZD','BZ$','084','Belize Dollar'),(42,'CDF',NULL,'976','Franc Congolais'),(43,'CHE',NULL,'947','WIR Euro'),(44,'CHF','CHF','756','Swiss Franc'),(45,'CHW',NULL,'948','WIR Franc'),(46,'CLF',NULL,'990','Unidades de fomento'),(47,'CLP','$','152','Chilean Peso'),(48,'CNY','','156','Chinese Yuan Renminbi'),(49,'COP','$','170','Colombian Peso'),(50,'COU',NULL,'970','Unidad de Valor Real'),(51,'CRC','','188','Costa Rican Colon'),(52,'CSD','.','891','Serbian Dinar'),(53,'CUP','','192','Cuban Peso'),(54,'CVE',NULL,'132','Cape Verde Escudo'),(55,'CYP','','196','Cyprus Pound'),(56,'CZK','K','203','Czech Koruna'),(57,'DJF',NULL,'262','Djibouti Franc'),(58,'DKK','kr','208','Danish Krone'),(59,'DOP','RD$','214','Dominican Peso'),(60,'DZD',NULL,'012','Algerian Dinar'),(61,'EEK','kr','233','Estonian Kroon'),(62,'EGP','','818','Egyptian Pound'),(63,'ERN',NULL,'232','Eritrean Nakfa'),(64,'ETB',NULL,'230','Ethiopian Birr'),(65,'FJD','$','242','Fiji Dollar'),(66,'FKP','','238','Falkland Islands Pound'),(67,'GEL',NULL,'981','Georgian Lari'),(68,'GHC','','288','Ghanaian Cedi'),(69,'GIP','','292','Gibraltar Pound'),(70,'GMD',NULL,'270','Gambian Dalasi'),(71,'GNF',NULL,'324','Guinea Franc'),(72,'GTQ','Q','320','Guatemalan Quetzal'),(73,'GWP',NULL,'624','Guinea-Bissau Peso'),(74,'GYD','$','328','Guyana Dollar'),(75,'HKD','HK$','344','Hong Kong Dollar'),(76,'HNL','L','340','Honduran Lempira'),(77,'HRK','kn','191','Croatian Kuna'),(78,'HTG',NULL,'332','Haitian Gourde'),(79,'HUF','Ft','348','Hungarian Forint'),(80,'IDR','Rp','360','Indonesian Rupiah'),(81,'IQD',NULL,'368','Iraqi Dinar'),(82,'IRR','','364','Iranian Rial'),(83,'ISK','kr','352','Iceland Krona'),(84,'JMD','J$','388','Jamaican Dollar'),(85,'JOD',NULL,'400','Jordanian Dinar'),(86,'KES',NULL,'404','Kenyan Shilling'),(87,'KGS','','417','Kyrgyzstan Som'),(88,'KHR','','116','Cambodian Riel'),(89,'KMF',NULL,'174','Comoro Franc'),(90,'KPW','','408','North Korean Won'),(91,'KWD',NULL,'414','Kuwaiti Dinar'),(92,'KYD','$','136','Cayman Islands Dollar'),(93,'KZT','','398','Kazakhstan Tenge'),(94,'LBP','','422','Lebanese Pound'),(95,'LKR','','144','Sri Lanka Rupee'),(96,'LRD','$','430','Liberian Dollar'),(97,'LSL',NULL,'426','Lesotho Loti'),(98,'LTL','Lt','440','Lithuanian Litas'),(99,'LVL','Ls','428','Latvian Lats'),(100,'LYD',NULL,'434','Libyan Dinar'),(101,'MAD',NULL,'504','Moroccan Dirham'),(102,'MDL',NULL,'498','Moldovan Leu'),(103,'MGA',NULL,'969','Malagascy Ariary'),(104,'MKD','','807','Macedonian Denar'),(105,'MMK',NULL,'104','Myanmar Kyat'),(106,'MOP',NULL,'446','Macao Pataca'),(107,'MRO',NULL,'478','Mauritanian Ouguiya'),(108,'MTL','Lm','470','Maltese Lira'),(109,'MUR','','480','Mauritius Rupee'),(110,'MVR',NULL,'462','Maldive Rufiyaa'),(111,'MWK',NULL,'454','Malawi Kwacha'),(112,'MXN','$','484','Mexican Peso'),(113,'MXV',NULL,'979','Mexican Unidad de Inversion (UID)'),(114,'MYR','RM','458','Malaysian Ringgit'),(115,'MZN','MT','943','Mozambique Metical'),(116,'NAD','$','516','Namibian Dollar'),(117,'NIO','C$','558','Nicaraguan Cordoba Oro'),(118,'NOK','kr','578','Norwegian Krone'),(119,'NPR','','524','Nepalese Rupee'),(120,'NZD','$','554','New Zealand Dollar'),(121,'OMR','','512','Rial Omani'),(122,'PAB','B/.','590','Panamanian Balboa'),(123,'PEN','S/.','604','Peruvian Nuevo Sol'),(124,'PGK',NULL,'598','Papua New Guinea Kina'),(125,'PHP','Php','608','Philippine Peso'),(126,'PKR','','586','Pakistan Rupee'),(127,'PYG','Gs','600','Paraguay Guarani'),(128,'QAR','','634','Qatari Rial'),(129,'ROL',NULL,'642','Romanian Old Leu'),(130,'RON','lei','946','Romanian New Leu'),(131,'RUB','','643','Russian Rouble'),(132,'RWF',NULL,'646','Rwanda Franc'),(133,'SAR','','682','Saudi Riyal'),(134,'SBD','$','090','Solomon Islands Dollar'),(135,'SCR','','690','Seychelles Rupee'),(136,'SDD',NULL,'736','Sudanese Dinar'),(137,'SEK','kr','752','Swedish Krona'),(138,'SGD','$','702','Singapore Dollar'),(139,'SHP','','654','Saint Helena Pound'),(140,'SIT',NULL,'705','Slovenian Tolar'),(141,'SKK','SIT','703','Slovak Koruna'),(142,'SLL',NULL,'694','Leone'),(143,'SOS','S','706','Somali Shilling'),(144,'SRD','$','968','Surinam Dollar'),(145,'STD',NULL,'678','So Tome and Principe Dobra'),(146,'SVC','$','222','El Salvador Colon'),(147,'SYP','','760','Syrian Pound'),(148,'SZL',NULL,'748','Swaziland Lilangeni'),(149,'TJS',NULL,'972','Tajik Somoni'),(150,'TMM',NULL,'795','Turkmenistan Manat'),(151,'TND',NULL,'788','Tunisian Dinar'),(152,'TOP',NULL,'776','Tongan Pa\'anga'),(153,'TRY','YTL','949','New Turkish Lira'),(154,'TTD','TT$','780','Trinidad and Tobago Dollar'),(155,'TWD','NT$','901','New Taiwan Dollar'),(156,'TZS',NULL,'834','Tanzanian Shilling'),(157,'UAH','','980','Ukrainian Hryvnia'),(158,'UGX',NULL,'800','Ugandan Shilling'),(159,'USN',NULL,'997','US Dollar (Next day)'),(160,'USS',NULL,'998','US Dollar (Same day)'),(161,'UYU','$U','858','Peso Uruguayo'),(162,'UZS','','860','Uzbekistan Sum'),(163,'VEB','Bs','862','Venezuela Bolivar'),(164,'VUV',NULL,'548','Vanuatu Vatu'),(165,'WST',NULL,'882','Samoan Tala'),(166,'XAF',NULL,'950','CFA Franc BEAC'),(167,'XAG',NULL,'961','Silver'),(168,'XAU',NULL,'959','Gold'),(169,'XBA',NULL,'955','Bond Markets Units European Composite Unit (EURCO)'),(170,'XBB',NULL,'956','European Monetary Unit (E.M.U.-6)'),(171,'XBC',NULL,'957','European Unit of Account 9 (E.U.A.-9)'),(172,'XBD',NULL,'958','European Unit of Account 17 (E.U.A.-17)'),(173,'XCD','$','951','East Caribbean Dollar'),(174,'XDR',NULL,'960','Special Drawing Right'),(175,'XFO',NULL,NULL,'Gold-Franc'),(176,'XFU',NULL,NULL,'UIC-Franc'),(177,'XOF',NULL,'952','CFA Franc BCEAO'),(178,'XPD',NULL,'964','Palladium'),(179,'XPF',NULL,'953','CFP Franc'),(180,'XPT',NULL,'962','Platinum'),(181,'XTS',NULL,'963','Code for testing purposes'),(182,'XXX',NULL,'999','No currency involved'),(183,'YER','','886','Yemeni Rial'),(184,'ZMK',NULL,'894','Zambian Kwacha'),(185,'ZWD','Z$','716','Zimbabwe Dollar');
/*!40000 ALTER TABLE `civicrm_currency` ENABLE KEYS */;
UNLOCK TABLES;

--
-- Dumping data for table `civicrm_custom_field`
--

LOCK TABLES `civicrm_custom_field` WRITE;
/*!40000 ALTER TABLE `civicrm_custom_field` DISABLE KEYS */;
/*!40000 ALTER TABLE `civicrm_custom_field` ENABLE KEYS */;
UNLOCK TABLES;

--
-- Dumping data for table `civicrm_custom_group`
--

LOCK TABLES `civicrm_custom_group` WRITE;
/*!40000 ALTER TABLE `civicrm_custom_group` DISABLE KEYS */;
/*!40000 ALTER TABLE `civicrm_custom_group` ENABLE KEYS */;
UNLOCK TABLES;

--
-- Dumping data for table `civicrm_dedupe_rule`
--

LOCK TABLES `civicrm_dedupe_rule` WRITE;
/*!40000 ALTER TABLE `civicrm_dedupe_rule` DISABLE KEYS */;
INSERT INTO `civicrm_dedupe_rule` (`id`, `dedupe_rule_group_id`, `rule_table`, `rule_field`, `rule_length`, `rule_weight`) VALUES (1,1,'civicrm_contact','first_name',NULL,5),(2,1,'civicrm_contact','last_name',NULL,7),(3,1,'civicrm_email','email',NULL,10),(4,2,'civicrm_contact','organization_name',NULL,10),(5,2,'civicrm_email','email',NULL,10),(6,3,'civicrm_contact','household_name',NULL,10),(7,3,'civicrm_email','email',NULL,10),(8,4,'civicrm_email','email',NULL,10),(9,5,'civicrm_contact','organization_name',NULL,10),(10,5,'civicrm_email','email',NULL,10),(11,6,'civicrm_contact','household_name',NULL,10),(12,6,'civicrm_email','email',NULL,10);
/*!40000 ALTER TABLE `civicrm_dedupe_rule` ENABLE KEYS */;
UNLOCK TABLES;

--
-- Dumping data for table `civicrm_dedupe_rule_group`
--

LOCK TABLES `civicrm_dedupe_rule_group` WRITE;
/*!40000 ALTER TABLE `civicrm_dedupe_rule_group` DISABLE KEYS */;
INSERT INTO `civicrm_dedupe_rule_group` (`id`, `contact_type`, `threshold`, `level`, `is_default`, `name`) VALUES (1,'Individual',20,'Fuzzy',1,NULL),(2,'Organization',10,'Fuzzy',1,NULL),(3,'Household',10,'Fuzzy',1,NULL),(4,'Individual',10,'Strict',1,NULL),(5,'Organization',10,'Strict',1,NULL),(6,'Household',10,'Strict',1,NULL);
/*!40000 ALTER TABLE `civicrm_dedupe_rule_group` ENABLE KEYS */;
UNLOCK TABLES;

--
-- Dumping data for table `civicrm_discount`
--

LOCK TABLES `civicrm_discount` WRITE;
/*!40000 ALTER TABLE `civicrm_discount` DISABLE KEYS */;
/*!40000 ALTER TABLE `civicrm_discount` ENABLE KEYS */;
UNLOCK TABLES;

--
-- Dumping data for table `civicrm_domain`
--

LOCK TABLES `civicrm_domain` WRITE;
/*!40000 ALTER TABLE `civicrm_domain` DISABLE KEYS */;
INSERT INTO `civicrm_domain` (`id`, `name`, `description`, `config_backend`, `version`, `loc_block_id`, `locales`) VALUES (1,'Default Domain Name',NULL,NULL,'2.2.4',1,NULL);
/*!40000 ALTER TABLE `civicrm_domain` ENABLE KEYS */;
UNLOCK TABLES;

--
-- Dumping data for table `civicrm_email`
--

LOCK TABLES `civicrm_email` WRITE;
/*!40000 ALTER TABLE `civicrm_email` DISABLE KEYS */;
INSERT INTO `civicrm_email` (`id`, `contact_id`, `location_type_id`, `email`, `is_primary`, `is_billing`, `on_hold`, `is_bulkmail`, `hold_date`, `reset_date`) VALUES (1,NULL,1,'domainemail@example.org',0,0,0,0,NULL,NULL),(2,257,1,'reynoldsgreg@gmail.net',1,0,0,0,NULL,NULL),(3,257,1,'reynoldsgreg@tsec.co.in',0,0,0,0,NULL,NULL),(4,475,1,'smithjames@yahoo.net.in',1,0,0,0,NULL,NULL),(5,475,1,'smithjames@aol.co.in',0,0,0,0,NULL,NULL),(6,7,1,'adamswalter@aol.org',1,0,0,0,NULL,NULL),(7,7,1,'adamswalter@npo.com',0,0,0,0,NULL,NULL),(8,417,1,'granttony@amazon.co.uk',1,0,0,0,NULL,NULL),(9,417,1,'granttony@brown.edu',0,0,0,0,NULL,NULL),(10,205,1,'patelalan@tsec.net',1,0,0,0,NULL,NULL),(11,205,1,'patelalan@redimail.co.in',0,0,0,0,NULL,NULL),(12,133,1,'reynoldsjason@earthlink.co.in',1,0,0,0,NULL,NULL),(13,133,1,'reynoldsjason@redimail.co.in',0,0,0,0,NULL,NULL),(14,3,1,'smithwalter@npo.org',1,0,0,0,NULL,NULL),(15,3,1,'smithwalter@npo.edu.in',0,0,0,0,NULL,NULL),(16,357,1,'patelraymond@tsec.com',1,0,0,0,NULL,NULL),(17,357,1,'patelraymond@earthlink.org',0,0,0,0,NULL,NULL),(18,309,1,'jonesjake@hotmail.co.in',1,0,0,0,NULL,NULL),(19,309,1,'jonesjake@earthlink.co.in',0,0,0,0,NULL,NULL),(20,373,1,'chowskisam@brown.org',1,0,0,0,NULL,NULL),(21,373,1,'chowskisam@tsec.net',0,0,0,0,NULL,NULL),(22,221,1,'zopemichael@gmail.org',1,0,0,0,NULL,NULL),(23,221,1,'zopemichael@npo.edu',0,0,0,0,NULL,NULL),(24,85,1,'smithwalter@hotmail.com',1,0,0,0,NULL,NULL),(25,85,1,'smithwalter@aol.net',0,0,0,0,NULL,NULL),(26,281,1,'parkerdan@indiatimes.co.uk',1,0,0,0,NULL,NULL),(27,281,1,'parkerdan@yahoo.co.in',0,0,0,0,NULL,NULL),(28,397,1,'jonespaula@yahoo.edu.in',1,0,0,0,NULL,NULL),(29,397,1,'jonespaula@yahoo.edu.in',0,0,0,0,NULL,NULL),(30,241,1,'chowskijustin@redimail.co.in',1,0,0,0,NULL,NULL),(31,241,1,'chowskijustin@aol.org',0,0,0,0,NULL,NULL),(32,441,1,'samuelsanne@gmail.org',1,0,0,0,NULL,NULL),(33,441,1,'samuelsanne@yahoo.net',0,0,0,0,NULL,NULL),(34,385,1,'robertsrichard@gmail.net',1,0,0,0,NULL,NULL),(35,385,1,'robertsrichard@npo.com',0,0,0,0,NULL,NULL),(36,315,1,'parkeranne@earthlink.com',1,0,0,0,NULL,NULL),(37,315,1,'parkeranne@indiatimes.edu',0,0,0,0,NULL,NULL),(38,453,1,'parkeramar@tsec.edu.in',1,0,0,0,NULL,NULL),(39,453,1,'parkeramar@indiatimes.net.in',0,0,0,0,NULL,NULL),(40,255,1,'robertssandy@indiatimes.net',1,0,0,0,NULL,NULL),(41,255,1,'robertssandy@npo.net',0,0,0,0,NULL,NULL),(42,259,1,'chowskiraymond@hotmail.net',1,0,0,0,NULL,NULL),(43,259,1,'chowskiraymond@indiatimes.net.in',0,0,0,0,NULL,NULL),(44,459,1,'patelbrzczysaw@amazon.co.in',1,0,0,0,NULL,NULL),(45,459,1,'patelbrzczysaw@yahoo.com',0,0,0,0,NULL,NULL),(46,99,1,'pateljennifer@amazon.edu',1,0,0,0,NULL,NULL),(47,99,1,'pateljennifer@npo.org',0,0,0,0,NULL,NULL),(48,323,1,'samuelsbruce@tsec.com',1,0,0,0,NULL,NULL),(49,323,1,'samuelsbruce@gmail.net',0,0,0,0,NULL,NULL),(50,29,1,'reynoldschetan@amazon.org',1,0,0,0,NULL,NULL),(51,29,1,'reynoldschetan@aol.net.in',0,0,0,0,NULL,NULL),(52,275,1,'adamsbrzczysaw@tsec.edu',1,0,0,0,NULL,NULL),(53,275,1,'adamsbrzczysaw@gmail.edu',0,0,0,0,NULL,NULL),(54,273,1,'adamspurvi@earthlink.co.in',1,0,0,0,NULL,NULL),(55,273,1,'adamspurvi@gmail.edu.in',0,0,0,0,NULL,NULL),(56,73,1,'jonesbruce@brown.net',1,0,0,0,NULL,NULL),(57,73,1,'jonesbruce@amazon.com',0,0,0,0,NULL,NULL),(58,407,1,'smithamar@npo.edu.in',1,0,0,0,NULL,NULL),(59,407,1,'smithamar@hotmail.co.in',0,0,0,0,NULL,NULL),(60,209,1,'adamsrichard@indiatimes.edu',1,0,0,0,NULL,NULL),(61,209,1,'adamsrichard@aol.net',0,0,0,0,NULL,NULL),(62,375,1,'samuelsjason@redimail.org',1,0,0,0,NULL,NULL),(63,375,1,'samuelsjason@gmail.com',0,0,0,0,NULL,NULL),(64,125,1,'parkeralice@tsec.org',1,0,0,0,NULL,NULL),(65,125,1,'parkeralice@amazon.edu',0,0,0,0,NULL,NULL),(66,249,1,'jamesonjake@yahoo.co.in',1,0,0,0,NULL,NULL),(67,249,1,'jamesonjake@redimail.org',0,0,0,0,NULL,NULL),(68,53,1,'samuelsmelinda@tsec.org',1,0,0,0,NULL,NULL),(69,53,1,'samuelsmelinda@npo.co.pl',0,0,0,0,NULL,NULL),(70,235,1,'parkerjohn@tsec.net.in',1,0,0,0,NULL,NULL),(71,235,1,'parkerjohn@aol.co.pl',0,0,0,0,NULL,NULL),(72,349,1,'reynoldspat@yahoo.co.in',1,0,0,0,NULL,NULL),(73,349,1,'reynoldspat@indiatimes.net',0,0,0,0,NULL,NULL),(74,123,1,'jamesonbrzczysaw@earthlink.net',1,0,0,0,NULL,NULL),(75,123,1,'jamesonbrzczysaw@aol.com',0,0,0,0,NULL,NULL),(76,311,1,'robertsfranklin@earthlink.net',1,0,0,0,NULL,NULL),(77,311,1,'robertsfranklin@gmail.com',0,0,0,0,NULL,NULL),(78,121,1,'brucezopeshome@yahoo.edu.in',1,0,0,0,NULL,NULL),(79,121,1,'brucezopeshome@npo.co.pl',0,0,0,0,NULL,NULL),(80,41,1,'sheilajamesonshome@aol.co.pl',1,0,0,0,NULL,NULL),(81,41,1,'sheilajamesonshome@redimail.com',0,0,0,0,NULL,NULL),(82,329,1,'franklinzopeshome@gmail.com',1,0,0,0,NULL,NULL),(83,329,1,'franklinzopeshome@aol.com',0,0,0,0,NULL,NULL),(84,207,1,'brucesmithshome@yahoo.edu.in',1,0,0,0,NULL,NULL),(85,207,1,'brucesmithshome@hotmail.co.pl',0,0,0,0,NULL,NULL),(86,115,1,'henryrobertsshome@tsec.edu',1,0,0,0,NULL,NULL),(87,115,1,'henryrobertsshome@earthlink.co.in',0,0,0,0,NULL,NULL),(88,155,1,'alanchowskishome@yahoo.com',1,0,0,0,NULL,NULL),(89,155,1,'alanchowskishome@yahoo.net',0,0,0,0,NULL,NULL),(90,343,1,'danchowskishome@gmail.co.in',1,0,0,0,NULL,NULL),(91,343,1,'danchowskishome@indiatimes.net.in',0,0,0,0,NULL,NULL),(92,225,1,'henrypatelshome@amazon.org',1,0,0,0,NULL,NULL),(93,225,1,'henrypatelshome@redimail.net',0,0,0,0,NULL,NULL),(94,367,1,'melindayadavshome@indiatimes.co.pl',1,0,0,0,NULL,NULL),(95,367,1,'melindayadavshome@earthlink.co.in',0,0,0,0,NULL,NULL),(96,149,1,'justinparkershome@earthlink.com',1,0,0,0,NULL,NULL),(97,149,1,'justinparkershome@yahoo.net',0,0,0,0,NULL,NULL),(98,233,1,'bernardchowskishome@aol.org',1,0,0,0,NULL,NULL),(99,233,1,'bernardchowskishome@tsec.co.in',0,0,0,0,NULL,NULL),(100,437,1,'brucesmithshome@tsec.co.pl',1,0,0,0,NULL,NULL),(101,437,1,'brucesmithshome@earthlink.org',0,0,0,0,NULL,NULL),(102,439,1,'gregchowskishome@amazon.co.pl',1,0,0,0,NULL,NULL),(103,439,1,'gregchowskishome@earthlink.edu.in',0,0,0,0,NULL,NULL),(104,463,1,'sheilajamesonshome@aol.org',1,0,0,0,NULL,NULL),(105,463,1,'sheilajamesonshome@hotmail.co.in',0,0,0,0,NULL,NULL),(106,497,1,'walterjonesshome@indiatimes.edu',1,0,0,0,NULL,NULL),(107,497,1,'walterjonesshome@indiatimes.net',0,0,0,0,NULL,NULL),(108,17,1,'henryrobertsshome@tsec.co.in',1,0,0,0,NULL,NULL),(109,17,1,'henryrobertsshome@brown.net.in',0,0,0,0,NULL,NULL),(110,59,1,'donaldparkershome@redimail.org',1,0,0,0,NULL,NULL),(111,59,1,'donaldparkershome@redimail.co.uk',0,0,0,0,NULL,NULL),(112,177,1,'andrewjonesshome@tsec.org',1,0,0,0,NULL,NULL),(113,177,1,'andrewjonesshome@brown.com',0,0,0,0,NULL,NULL),(114,447,1,'jenniferpatelshome@redimail.co.in',1,0,0,0,NULL,NULL),(115,447,1,'jenniferpatelshome@earthlink.co.uk',0,0,0,0,NULL,NULL),(116,215,1,'donaldsmithshome@amazon.edu.in',1,0,0,0,NULL,NULL),(117,215,1,'donaldsmithshome@npo.com',0,0,0,0,NULL,NULL),(118,65,1,'jakesmithshome@tsec.com',1,0,0,0,NULL,NULL),(119,65,1,'jakesmithshome@redimail.co.in',0,0,0,0,NULL,NULL),(120,381,1,'fraddiepatelshome@hotmail.net',1,0,0,0,NULL,NULL),(121,381,1,'fraddiepatelshome@aol.net',0,0,0,0,NULL,NULL),(122,277,1,'tonysmithshome@aol.co.pl',1,0,0,0,NULL,NULL),(123,277,1,'tonysmithshome@hotmail.co.uk',0,0,0,0,NULL,NULL),(124,47,1,'jasonzopeshome@aol.co.uk',1,0,0,0,NULL,NULL),(125,47,1,'jasonzopeshome@gmail.co.pl',0,0,0,0,NULL,NULL),(126,75,1,'chriszopeshome@gmail.co.pl',1,0,0,0,NULL,NULL),(127,75,1,'chriszopeshome@brown.org',0,0,0,0,NULL,NULL),(128,271,1,'jamesjamesonshome@brown.com',1,0,0,0,NULL,NULL),(129,271,1,'jamesjamesonshome@amazon.co.pl',0,0,0,0,NULL,NULL),(130,365,1,'rebeccajonesshome@aol.co.in',1,0,0,0,NULL,NULL),(131,365,1,'rebeccajonesshome@aol.com',0,0,0,0,NULL,NULL),(132,95,1,'raymondparkershome@hotmail.co.pl',1,0,0,0,NULL,NULL),(133,95,1,'raymondparkershome@indiatimes.net.in',0,0,0,0,NULL,NULL),(134,197,1,'samparkershome@indiatimes.co.in',1,0,0,0,NULL,NULL),(135,197,1,'samparkershome@brown.edu.in',0,0,0,0,NULL,NULL),(136,415,1,'justinreynoldsshome@indiatimes.co.in',1,0,0,0,NULL,NULL),(137,415,1,'justinreynoldsshome@redimail.net.in',0,0,0,0,NULL,NULL),(138,191,1,'gregjonesshome@indiatimes.edu',1,0,0,0,NULL,NULL),(139,191,1,'gregjonesshome@gmail.net',0,0,0,0,NULL,NULL),(140,61,1,'charlesadamsshome@aol.co.pl',1,0,0,0,NULL,NULL),(141,61,1,'charlesadamsshome@aol.com',0,0,0,0,NULL,NULL),(142,105,1,'sheilachowskishome@aol.net.in',1,0,0,0,NULL,NULL),(143,105,1,'sheilachowskishome@tsec.org',0,0,0,0,NULL,NULL),(144,401,1,'milanrobertsshome@aol.co.in',1,0,0,0,NULL,NULL),(145,401,1,'milanrobertsshome@aol.co.in',0,0,0,0,NULL,NULL),(146,413,1,'jasonparkershome@brown.co.in',1,0,0,0,NULL,NULL),(147,413,1,'jasonparkershome@aol.net',0,0,0,0,NULL,NULL),(148,301,3,'conservationcorp@gmail.net.in',1,0,0,0,NULL,NULL),(149,301,3,'conservationcorp@aol.net',0,0,0,0,NULL,NULL),(150,279,3,'workingassets@earthlink.edu',1,0,0,0,NULL,NULL),(151,279,3,'workingassets@amazon.co.in',0,0,0,0,NULL,NULL),(152,371,3,'ciscosystems@tsec.org',1,0,0,0,NULL,NULL),(153,371,3,'ciscosystems@indiatimes.co.in',0,0,0,0,NULL,NULL),(154,141,3,'projectopenhand@hotmail.edu',1,0,0,0,NULL,NULL),(155,141,3,'projectopenhand@redimail.co.uk',0,0,0,0,NULL,NULL),(156,93,3,'intel@npo.co.in',1,0,0,0,NULL,NULL),(157,93,3,'intel@brown.co.pl',0,0,0,0,NULL,NULL),(158,431,3,'redcross@aol.co.in',1,0,0,0,NULL,NULL),(159,431,3,'redcross@brown.edu.in',0,0,0,0,NULL,NULL),(160,91,3,'eastmontcomputingcenter@tsec.co.in',1,0,0,0,NULL,NULL),(161,91,3,'eastmontcomputingcenter@gmail.net',0,0,0,0,NULL,NULL),(162,471,3,'ciscosystems@npo.net',1,0,0,0,NULL,NULL),(163,471,3,'ciscosystems@earthlink.net',0,0,0,0,NULL,NULL),(164,341,3,'workingassets@yahoo.org',1,0,0,0,NULL,NULL),(165,341,3,'workingassets@aol.edu.in',0,0,0,0,NULL,NULL),(166,25,3,'compasspoint@hotmail.com',1,0,0,0,NULL,NULL),(167,25,3,'compasspoint@tsec.co.uk',0,0,0,0,NULL,NULL),(168,77,3,'socialsourcefoundation@brown.co.uk',1,0,0,0,NULL,NULL),(169,77,3,'socialsourcefoundation@amazon.edu.in',0,0,0,0,NULL,NULL),(170,419,3,'conservationcorp@yahoo.edu',1,0,0,0,NULL,NULL),(171,419,3,'conservationcorp@aol.com',0,0,0,0,NULL,NULL),(172,495,3,'compasspoint@indiatimes.co.uk',1,0,0,0,NULL,NULL),(173,495,3,'compasspoint@indiatimes.edu.in',0,0,0,0,NULL,NULL),(174,429,3,'redcross@indiatimes.net.in',1,0,0,0,NULL,NULL),(175,429,3,'redcross@hotmail.com',0,0,0,0,NULL,NULL),(176,43,3,'intel@npo.net',1,0,0,0,NULL,NULL),(177,43,3,'intel@tsec.edu',0,0,0,0,NULL,NULL),(178,109,3,'compumentor@earthlink.com',1,0,0,0,NULL,NULL),(179,109,3,'compumentor@npo.com',0,0,0,0,NULL,NULL),(180,111,3,'intel@indiatimes.co.pl',1,0,0,0,NULL,NULL),(181,111,3,'intel@gmail.com',0,0,0,0,NULL,NULL),(182,339,3,'redcross@brown.net',1,0,0,0,NULL,NULL),(183,339,3,'redcross@yahoo.net',0,0,0,0,NULL,NULL),(184,299,3,'socialsourcefoundation@amazon.org',1,0,0,0,NULL,NULL),(185,299,3,'socialsourcefoundation@amazon.co.in',0,0,0,0,NULL,NULL),(186,313,3,'ciscosystems@amazon.com',1,0,0,0,NULL,NULL),(187,313,3,'ciscosystems@tsec.co.pl',0,0,0,0,NULL,NULL),(188,335,3,'innercity@aol.net',1,0,0,0,NULL,NULL),(189,335,3,'innercity@tsec.com',0,0,0,0,NULL,NULL),(190,81,3,'intel@indiatimes.net',1,0,0,0,NULL,NULL),(191,81,3,'intel@aol.com',0,0,0,0,NULL,NULL),(192,425,3,'socialsourcefoundation@yahoo.co.in',1,0,0,0,NULL,NULL),(193,425,3,'socialsourcefoundation@hotmail.net',0,0,0,0,NULL,NULL),(194,325,3,'magicbus@hotmail.org',1,0,0,0,NULL,NULL),(195,325,3,'magicbus@yahoo.com',0,0,0,0,NULL,NULL),(196,31,1,'jamesonhenry@indiatimes.net',1,0,0,0,NULL,NULL),(197,31,1,'jamesonhenry@hotmail.com',0,0,0,0,NULL,NULL),(198,175,1,'grantmonica@brown.com',1,0,0,0,NULL,NULL),(199,175,1,'grantmonica@npo.edu',0,0,0,0,NULL,NULL),(200,421,1,'smithdan@tsec.edu',1,0,0,0,NULL,NULL),(201,421,1,'smithdan@earthlink.net',0,0,0,0,NULL,NULL),(202,67,1,'samuelsjason@redimail.org',1,0,0,0,NULL,NULL),(203,67,1,'samuelsjason@npo.net',0,0,0,0,NULL,NULL),(204,455,1,'jonessheila@gmail.co.pl',1,0,0,0,NULL,NULL),(205,455,1,'jonessheila@redimail.net',0,0,0,0,NULL,NULL),(206,87,1,'parkerpaula@indiatimes.co.in',1,0,0,0,NULL,NULL),(207,87,1,'parkerpaula@amazon.org',0,0,0,0,NULL,NULL),(208,49,1,'samuelsjohn@npo.co.pl',1,0,0,0,NULL,NULL),(209,49,1,'samuelsjohn@redimail.co.in',0,0,0,0,NULL,NULL),(210,217,1,'reynoldsjason@npo.co.pl',1,0,0,0,NULL,NULL),(211,217,1,'reynoldsjason@gmail.co.in',0,0,0,0,NULL,NULL),(212,19,1,'yadavgreg@aol.edu.in',1,0,0,0,NULL,NULL),(213,19,1,'yadavgreg@redimail.co.in',0,0,0,0,NULL,NULL),(214,13,1,'chowskirichard@hotmail.edu',1,0,0,0,NULL,NULL),(215,13,1,'chowskirichard@amazon.org',0,0,0,0,NULL,NULL),(216,63,1,'jamesonjason@aol.net.in',1,0,0,0,NULL,NULL),(217,63,1,'jamesonjason@brown.co.in',0,0,0,0,NULL,NULL),(218,285,1,'robertsalice@indiatimes.net.in',1,0,0,0,NULL,NULL),(219,285,1,'robertsalice@indiatimes.net',0,0,0,0,NULL,NULL),(220,345,1,'smithanne@gmail.net.in',1,0,0,0,NULL,NULL),(221,345,1,'smithanne@tsec.org',0,0,0,0,NULL,NULL),(222,189,1,'yadavchetan@gmail.net.in',1,0,0,0,NULL,NULL),(223,189,1,'yadavchetan@gmail.edu.in',0,0,0,0,NULL,NULL),(224,199,1,'smithchris@indiatimes.org',1,0,0,0,NULL,NULL),(225,199,1,'smithchris@yahoo.net',0,0,0,0,NULL,NULL),(226,151,1,'jamesonbruce@yahoo.co.uk',1,0,0,0,NULL,NULL),(227,151,1,'jamesonbruce@brown.co.in',0,0,0,0,NULL,NULL),(228,405,1,'jamesonsheila@earthlink.org',1,0,0,0,NULL,NULL),(229,405,1,'jamesonsheila@brown.net',0,0,0,0,NULL,NULL),(230,195,1,'samuelssam@brown.co.in',1,0,0,0,NULL,NULL),(231,195,1,'samuelssam@gmail.co.pl',0,0,0,0,NULL,NULL),(232,395,1,'zopefranklin@redimail.edu',1,0,0,0,NULL,NULL),(233,395,1,'zopefranklin@gmail.co.pl',0,0,0,0,NULL,NULL),(234,231,1,'zopetony@redimail.co.in',1,0,0,0,NULL,NULL),(235,231,1,'zopetony@aol.co.pl',0,0,0,0,NULL,NULL),(236,15,1,'robertsbruce@tsec.co.uk',1,0,0,0,NULL,NULL),(237,15,1,'robertsbruce@amazon.edu.in',0,0,0,0,NULL,NULL),(238,383,1,'yadavjason@earthlink.co.in',1,0,0,0,NULL,NULL),(239,383,1,'yadavjason@hotmail.org',0,0,0,0,NULL,NULL),(240,21,1,'robertshenry@amazon.edu',1,0,0,0,NULL,NULL),(241,21,1,'robertshenry@yahoo.co.in',0,0,0,0,NULL,NULL),(242,359,1,'robertsdan@indiatimes.com',1,0,0,0,NULL,NULL),(243,359,1,'robertsdan@tsec.co.in',0,0,0,0,NULL,NULL),(244,295,1,'chowskialan@npo.net.in',1,0,0,0,NULL,NULL),(245,295,1,'chowskialan@earthlink.net.in',0,0,0,0,NULL,NULL),(246,399,1,'patelbruce@aol.com',1,0,0,0,NULL,NULL),(247,399,1,'patelbruce@redimail.co.in',0,0,0,0,NULL,NULL),(248,27,1,'smithcharles@indiatimes.net.in',1,0,0,0,NULL,NULL),(249,27,1,'smithcharles@earthlink.edu.in',0,0,0,0,NULL,NULL),(250,135,1,'reynoldsjames@yahoo.net.in',1,0,0,0,NULL,NULL),(251,135,1,'reynoldsjames@yahoo.edu.in',0,0,0,0,NULL,NULL),(252,97,1,'robertsandrew@earthlink.edu',1,0,0,0,NULL,NULL),(253,97,1,'robertsandrew@yahoo.net',0,0,0,0,NULL,NULL),(254,237,1,'robertswalter@indiatimes.co.in',1,0,0,0,NULL,NULL),(255,237,1,'robertswalter@amazon.edu.in',0,0,0,0,NULL,NULL),(256,11,1,'chowskisam@amazon.co.in',1,0,0,0,NULL,NULL),(257,11,1,'chowskisam@amazon.edu.in',0,0,0,0,NULL,NULL),(258,143,1,'jamesonraymond@hotmail.co.pl',1,0,0,0,NULL,NULL),(259,143,1,'jamesonraymond@aol.org',0,0,0,0,NULL,NULL),(260,161,1,'jonesmonica@gmail.net',1,0,0,0,NULL,NULL),(261,161,1,'jonesmonica@gmail.net',0,0,0,0,NULL,NULL),(262,461,1,'parkerwalter@hotmail.edu.in',1,0,0,0,NULL,NULL),(263,461,1,'parkerwalter@brown.net',0,0,0,0,NULL,NULL),(264,467,1,'pateljason@gmail.co.pl',1,0,0,0,NULL,NULL),(265,467,1,'pateljason@npo.edu',0,0,0,0,NULL,NULL),(266,393,1,'robertstony@aol.net',1,0,0,0,NULL,NULL),(267,393,1,'robertstony@yahoo.co.in',0,0,0,0,NULL,NULL),(268,119,1,'zopemichael@npo.org',1,0,0,0,NULL,NULL),(269,119,1,'zopemichael@npo.org',0,0,0,0,NULL,NULL),(270,79,1,'patelhenry@earthlink.com',1,0,0,0,NULL,NULL),(271,79,1,'patelhenry@yahoo.com',0,0,0,0,NULL,NULL),(272,409,1,'jamesonhenry@brown.net.in',1,0,0,0,NULL,NULL),(273,409,1,'jamesonhenry@redimail.net.in',0,0,0,0,NULL,NULL),(274,465,1,'reynoldsdan@indiatimes.co.uk',1,0,0,0,NULL,NULL),(275,465,1,'reynoldsdan@amazon.co.pl',0,0,0,0,NULL,NULL),(276,303,1,'jamesondonald@hotmail.edu.in',1,0,0,0,NULL,NULL),(277,303,1,'jamesondonald@aol.net.in',0,0,0,0,NULL,NULL),(278,39,1,'reynoldsjason@earthlink.edu',1,0,0,0,NULL,NULL),(279,39,1,'reynoldsjason@tsec.co.uk',0,0,0,0,NULL,NULL),(280,179,1,'parkerjohn@redimail.org',1,0,0,0,NULL,NULL),(281,179,1,'parkerjohn@indiatimes.edu',0,0,0,0,NULL,NULL),(282,353,1,'patelanne@hotmail.net.in',1,0,0,0,NULL,NULL),(283,353,1,'patelanne@redimail.org',0,0,0,0,NULL,NULL),(284,491,1,'robertsmichelle@gmail.co.pl',1,0,0,0,NULL,NULL),(285,491,1,'robertsmichelle@amazon.net.in',0,0,0,0,NULL,NULL),(286,317,1,'patelbrzczysaw@indiatimes.com',1,0,0,0,NULL,NULL),(287,317,1,'patelbrzczysaw@npo.co.in',0,0,0,0,NULL,NULL),(288,107,1,'smithjake@earthlink.net.in',1,0,0,0,NULL,NULL),(289,107,1,'smithjake@indiatimes.edu.in',0,0,0,0,NULL,NULL),(290,501,1,'grantjennifer@yahoo.co.pl',1,0,0,0,NULL,NULL),(291,501,1,'grantjennifer@tsec.net.in',0,0,0,0,NULL,NULL),(292,477,1,'yadavamar@brown.co.in',1,0,0,0,NULL,NULL),(293,477,1,'yadavamar@indiatimes.org',0,0,0,0,NULL,NULL),(294,333,1,'zoperebecca@aol.org',1,0,0,0,NULL,NULL),(295,333,1,'zoperebecca@aol.net',0,0,0,0,NULL,NULL),(296,211,1,'parkerjustin@tsec.org',1,0,0,0,NULL,NULL),(297,211,1,'parkerjustin@amazon.com',0,0,0,0,NULL,NULL),(298,379,1,'smithbernard@gmail.co.in',1,0,0,0,NULL,NULL),(299,379,1,'smithbernard@hotmail.net',0,0,0,0,NULL,NULL),(300,435,1,'jonesbrzczysaw@gmail.co.uk',1,0,0,0,NULL,NULL),(301,435,1,'jonesbrzczysaw@earthlink.co.in',0,0,0,0,NULL,NULL),(302,9,1,'chowskibernard@redimail.co.uk',1,0,0,0,NULL,NULL),(303,9,1,'chowskibernard@gmail.org',0,0,0,0,NULL,NULL),(304,267,1,'adamsbill@yahoo.net',1,0,0,0,NULL,NULL),(305,267,1,'adamsbill@hotmail.com',0,0,0,0,NULL,NULL),(306,355,1,'smithhenry@brown.co.pl',1,0,0,0,NULL,NULL),(307,355,1,'smithhenry@tsec.net',0,0,0,0,NULL,NULL),(308,263,1,'smithbruce@brown.org',1,0,0,0,NULL,NULL),(309,263,1,'smithbruce@earthlink.co.in',0,0,0,0,NULL,NULL),(310,387,1,'patelsheila@earthlink.edu',1,0,0,0,NULL,NULL),(311,387,1,'patelsheila@indiatimes.co.in',0,0,0,0,NULL,NULL),(312,481,1,'reynoldspeter@aol.net',1,0,0,0,NULL,NULL),(313,481,1,'reynoldspeter@hotmail.net',0,0,0,0,NULL,NULL),(314,321,1,'jamesonsam@brown.co.uk',1,0,0,0,NULL,NULL),(315,321,1,'jamesonsam@indiatimes.co.in',0,0,0,0,NULL,NULL),(316,403,1,'smithchris@gmail.net',1,0,0,0,NULL,NULL),(317,403,1,'smithchris@gmail.com',0,0,0,0,NULL,NULL),(318,45,1,'yadavcharles@gmail.net',1,0,0,0,NULL,NULL),(319,45,1,'yadavcharles@redimail.edu.in',0,0,0,0,NULL,NULL),(320,165,1,'joneswalter@gmail.co.uk',1,0,0,0,NULL,NULL),(321,165,1,'joneswalter@brown.net',0,0,0,0,NULL,NULL),(322,307,1,'adamshenry@redimail.net',1,0,0,0,NULL,NULL),(323,307,1,'adamshenry@aol.net',0,0,0,0,NULL,NULL),(324,145,1,'smithbill@npo.edu',1,0,0,0,NULL,NULL),(325,145,1,'smithbill@yahoo.net',0,0,0,0,NULL,NULL),(326,23,1,'zopebill@redimail.edu.in',1,0,0,0,NULL,NULL),(327,23,1,'zopebill@amazon.org',0,0,0,0,NULL,NULL),(328,223,1,'smithpurvi@redimail.co.in',1,0,0,0,NULL,NULL),(329,223,1,'smithpurvi@tsec.edu.in',0,0,0,0,NULL,NULL),(330,167,1,'patelpeter@yahoo.co.in',1,0,0,0,NULL,NULL),(331,167,1,'patelpeter@earthlink.net',0,0,0,0,NULL,NULL),(332,55,1,'grantkenneth@npo.co.in',1,0,0,0,NULL,NULL),(333,55,1,'grantkenneth@npo.co.in',0,0,0,0,NULL,NULL),(334,261,1,'samuelschetan@indiatimes.com',1,0,0,0,NULL,NULL),(335,261,1,'samuelschetan@hotmail.edu.in',0,0,0,0,NULL,NULL),(336,391,1,'samuelsmonica@aol.org',1,0,0,0,NULL,NULL),(337,391,1,'samuelsmonica@redimail.co.in',0,0,0,0,NULL,NULL),(338,485,1,'reynoldskenneth@indiatimes.org',1,0,0,0,NULL,NULL),(339,485,1,'reynoldskenneth@brown.org',0,0,0,0,NULL,NULL),(340,117,1,'smithmelinda@gmail.net.in',1,0,0,0,NULL,NULL),(341,117,1,'smithmelinda@amazon.edu.in',0,0,0,0,NULL,NULL),(342,479,1,'patelbill@tsec.net',1,0,0,0,NULL,NULL),(343,479,1,'patelbill@npo.co.pl',0,0,0,0,NULL,NULL),(344,159,1,'smithsandy@gmail.co.in',1,0,0,0,NULL,NULL),(345,159,1,'smithsandy@gmail.edu.in',0,0,0,0,NULL,NULL),(346,319,1,'parkerchris@amazon.co.uk',1,0,0,0,NULL,NULL),(347,319,1,'parkerchris@yahoo.co.in',0,0,0,0,NULL,NULL),(348,37,1,'parkermilan@yahoo.co.pl',1,0,0,0,NULL,NULL),(349,37,1,'parkermilan@amazon.edu.in',0,0,0,0,NULL,NULL),(350,243,1,'chowskijennifer@earthlink.org',1,0,0,0,NULL,NULL),(351,243,1,'chowskijennifer@npo.co.in',0,0,0,0,NULL,NULL),(352,131,1,'smithchris@yahoo.edu',1,0,0,0,NULL,NULL),(353,131,1,'smithchris@amazon.net.in',0,0,0,0,NULL,NULL),(354,305,1,'adamstony@yahoo.edu',1,0,0,0,NULL,NULL),(355,305,1,'adamstony@gmail.co.pl',0,0,0,0,NULL,NULL),(356,351,1,'chowskimilan@yahoo.net',1,0,0,0,NULL,NULL),(357,351,1,'chowskimilan@amazon.net.in',0,0,0,0,NULL,NULL),(358,185,1,'robertsgreg@amazon.org',1,0,0,0,NULL,NULL),(359,185,1,'robertsgreg@indiatimes.co.in',0,0,0,0,NULL,NULL),(360,297,1,'robertshenry@npo.co.uk',1,0,0,0,NULL,NULL),(361,297,1,'robertshenry@earthlink.co.in',0,0,0,0,NULL,NULL),(362,157,1,'zopeandrew@redimail.co.uk',1,0,0,0,NULL,NULL),(363,157,1,'zopeandrew@amazon.org',0,0,0,0,NULL,NULL),(364,139,1,'jonesbernard@hotmail.net.in',1,0,0,0,NULL,NULL),(365,139,1,'jonesbernard@yahoo.com',0,0,0,0,NULL,NULL),(366,137,1,'smithmichael@hotmail.edu.in',1,0,0,0,NULL,NULL),(367,137,1,'smithmichael@yahoo.org',0,0,0,0,NULL,NULL),(368,247,1,'zopesam@brown.net',1,0,0,0,NULL,NULL),(369,247,1,'zopesam@gmail.org',0,0,0,0,NULL,NULL),(370,489,1,'parkerdonald@yahoo.edu',1,0,0,0,NULL,NULL),(371,489,1,'parkerdonald@npo.org',0,0,0,0,NULL,NULL),(372,469,1,'grantjake@brown.co.pl',1,0,0,0,NULL,NULL),(373,469,1,'grantjake@redimail.edu',0,0,0,0,NULL,NULL),(374,201,1,'joneschetan@indiatimes.co.pl',1,0,0,0,NULL,NULL),(375,201,1,'joneschetan@redimail.co.pl',0,0,0,0,NULL,NULL),(376,363,1,'jonesmonica@gmail.edu.in',1,0,0,0,NULL,NULL),(377,363,1,'jonesmonica@aol.edu.in',0,0,0,0,NULL,NULL),(378,423,1,'robertspat@brown.com',1,0,0,0,NULL,NULL),(379,423,1,'robertspat@earthlink.edu',0,0,0,0,NULL,NULL),(380,51,1,'jamesonrichard@aol.net',1,0,0,0,NULL,NULL),(381,51,1,'jamesonrichard@tsec.co.uk',0,0,0,0,NULL,NULL),(382,129,1,'smithfraddie@amazon.net',1,0,0,0,NULL,NULL),(383,129,1,'smithfraddie@yahoo.edu',0,0,0,0,NULL,NULL),(384,5,1,'yadavtony@yahoo.com',1,0,0,0,NULL,NULL),(385,5,1,'yadavtony@npo.co.in',0,0,0,0,NULL,NULL),(386,377,1,'zopekenneth@redimail.co.pl',1,0,0,0,NULL,NULL),(387,377,1,'zopekenneth@gmail.net',0,0,0,0,NULL,NULL),(388,427,1,'parkerrichard@earthlink.net.in',1,0,0,0,NULL,NULL),(389,427,1,'parkerrichard@redimail.net',0,0,0,0,NULL,NULL),(390,493,1,'grantfraddie@earthlink.co.uk',1,0,0,0,NULL,NULL),(391,493,1,'grantfraddie@aol.co.pl',0,0,0,0,NULL,NULL),(392,213,1,'smithjake@brown.co.pl',1,0,0,0,NULL,NULL),(393,213,1,'smithjake@npo.com',0,0,0,0,NULL,NULL),(394,193,1,'smithanne@tsec.co.pl',1,0,0,0,NULL,NULL),(395,193,1,'smithanne@npo.com',0,0,0,0,NULL,NULL),(396,337,1,'jamesonjason@gmail.net',1,0,0,0,NULL,NULL),(397,337,1,'jamesonjason@yahoo.net',0,0,0,0,NULL,NULL),(398,483,1,'jonesjames@brown.net',1,0,0,0,NULL,NULL),(399,483,1,'jonesjames@indiatimes.co.in',0,0,0,0,NULL,NULL),(400,269,1,'patelfraddie@gmail.co.in',1,0,0,0,NULL,NULL),(401,269,1,'patelfraddie@npo.org',0,0,0,0,NULL,NULL),(402,35,1,'chowskiraymond@tsec.edu.in',1,0,0,0,NULL,NULL),(403,35,1,'chowskiraymond@indiatimes.co.in',0,0,0,0,NULL,NULL),(404,71,1,'smithtony@gmail.co.uk',1,0,0,0,NULL,NULL),(405,71,1,'smithtony@hotmail.co.uk',0,0,0,0,NULL,NULL),(406,153,1,'jonespurvi@brown.co.pl',1,0,0,0,NULL,NULL),(407,153,1,'jonespurvi@brown.com',0,0,0,0,NULL,NULL),(408,203,1,'samuelsbernard@yahoo.net',1,0,0,0,NULL,NULL),(409,203,1,'samuelsbernard@redimail.edu',0,0,0,0,NULL,NULL),(410,147,1,'parkerjane@amazon.co.in',1,0,0,0,NULL,NULL),(411,147,1,'parkerjane@indiatimes.co.uk',0,0,0,0,NULL,NULL),(412,227,1,'jonessandy@npo.net',1,0,0,0,NULL,NULL),(413,227,1,'jonessandy@gmail.co.uk',0,0,0,0,NULL,NULL),(414,291,1,'zopejason@indiatimes.net.in',1,0,0,0,NULL,NULL),(415,291,1,'zopejason@gmail.org',0,0,0,0,NULL,NULL),(416,219,1,'zopeanne@hotmail.co.in',1,0,0,0,NULL,NULL),(417,219,1,'zopeanne@amazon.org',0,0,0,0,NULL,NULL),(418,239,1,'jamesonfranklin@brown.edu',1,0,0,0,NULL,NULL),(419,239,1,'jamesonfranklin@gmail.org',0,0,0,0,NULL,NULL),(420,265,1,'adamsbruce@gmail.co.pl',1,0,0,0,NULL,NULL),(421,265,1,'adamsbruce@amazon.co.pl',0,0,0,0,NULL,NULL),(422,451,1,'robertsbrzczysaw@redimail.co.pl',1,0,0,0,NULL,NULL),(423,451,1,'robertsbrzczysaw@gmail.org',0,0,0,0,NULL,NULL),(424,433,1,'smithchetan@aol.co.uk',1,0,0,0,NULL,NULL),(425,433,1,'smithchetan@yahoo.org',0,0,0,0,NULL,NULL),(426,361,1,'zopechris@brown.edu',1,0,0,0,NULL,NULL),(427,361,1,'zopechris@indiatimes.co.uk',0,0,0,0,NULL,NULL),(428,389,1,'patelkenneth@yahoo.net.in',1,0,0,0,NULL,NULL),(429,389,1,'patelkenneth@hotmail.com',0,0,0,0,NULL,NULL),(430,445,1,'joneshenry@brown.co.in',1,0,0,0,NULL,NULL),(431,445,1,'joneshenry@amazon.net',0,0,0,0,NULL,NULL),(432,289,1,'yadavhenry@npo.co.in',1,0,0,0,NULL,NULL),(433,289,1,'yadavhenry@indiatimes.net.in',0,0,0,0,NULL,NULL),(434,NULL,1,'development@example.org',0,0,0,0,NULL,NULL),(435,NULL,1,'tournaments@example.org',0,0,0,0,NULL,NULL),(436,NULL,1,'celebration@example.org',0,0,0,0,NULL,NULL);
/*!40000 ALTER TABLE `civicrm_email` ENABLE KEYS */;
UNLOCK TABLES;

--
-- Dumping data for table `civicrm_entity_file`
--

LOCK TABLES `civicrm_entity_file` WRITE;
/*!40000 ALTER TABLE `civicrm_entity_file` DISABLE KEYS */;
/*!40000 ALTER TABLE `civicrm_entity_file` ENABLE KEYS */;
UNLOCK TABLES;

--
-- Dumping data for table `civicrm_entity_tag`
--

LOCK TABLES `civicrm_entity_tag` WRITE;
/*!40000 ALTER TABLE `civicrm_entity_tag` DISABLE KEYS */;
INSERT INTO `civicrm_entity_tag` (`id`, `contact_id`, `tag_id`) VALUES (232,4,4),(205,5,4),(164,6,4),(165,6,5),(30,7,4),(207,8,4),(123,11,5),(240,12,4),(241,12,5),(91,14,4),(93,19,5),(137,22,4),(49,24,4),(50,24,5),(117,27,4),(118,27,5),(23,28,1),(65,29,5),(259,30,4),(260,30,5),(214,35,5),(77,36,4),(78,36,5),(36,38,4),(105,40,5),(14,43,1),(40,48,4),(41,48,5),(201,51,4),(202,51,5),(197,54,4),(198,54,5),(239,56,5),(100,58,5),(68,73,4),(126,74,4),(155,76,4),(71,78,4),(72,78,5),(24,81,1),(111,82,4),(276,83,4),(179,86,4),(104,88,5),(258,89,5),(146,90,4),(147,90,5),(255,92,4),(44,94,4),(39,98,4),(261,101,4),(43,104,4),(141,107,5),(133,108,4),(134,108,5),(15,111,3),(252,112,4),(132,119,5),(156,120,4),(157,120,5),(70,125,4),(94,126,4),(95,126,5),(264,127,4),(224,128,4),(275,130,5),(181,131,5),(119,135,4),(120,135,5),(4,141,3),(16,146,2),(11,148,1),(79,150,4),(80,150,5),(216,153,4),(217,153,5),(246,154,5),(267,156,4),(268,156,5),(187,157,5),(98,158,5),(176,159,4),(177,159,5),(125,161,5),(108,162,4),(109,162,5),(101,164,5),(161,165,4),(162,165,5),(171,167,4),(247,169,4),(178,170,5),(253,171,4),(254,171,5),(56,172,5),(256,173,4),(8,174,3),(84,175,5),(138,179,4),(243,183,4),(244,183,5),(185,185,5),(242,187,5),(211,193,4),(76,194,5),(29,196,4),(27,198,4),(28,198,5),(99,199,4),(218,200,5),(193,201,4),(194,201,5),(145,202,5),(31,205,5),(191,208,4),(69,209,5),(166,214,5),(92,217,4),(230,218,4),(222,219,4),(223,219,5),(42,221,5),(188,222,4),(189,222,5),(170,223,5),(262,226,4),(219,227,4),(106,231,4),(107,231,5),(73,235,5),(121,237,4),(122,237,5),(236,238,5),(6,240,2),(257,242,4),(175,244,4),(265,245,4),(102,246,4),(103,246,5),(190,247,5),(208,250,5),(274,251,4),(231,253,4),(169,256,5),(26,257,5),(57,259,4),(227,262,4),(272,264,4),(273,264,5),(13,266,2),(150,267,4),(151,267,5),(237,270,4),(238,270,5),(266,272,4),(66,273,4),(67,273,5),(74,276,4),(75,276,5),(2,279,3),(210,284,5),(96,285,4),(97,285,5),(235,287,5),(32,288,4),(33,288,5),(229,289,5),(160,292,4),(45,300,4),(46,300,5),(1,301,1),(163,307,4),(18,308,2),(81,311,5),(82,312,4),(83,312,5),(53,315,4),(54,315,5),(113,316,5),(140,317,5),(9,318,1),(110,320,4),(184,322,5),(263,326,5),(172,328,4),(270,330,4),(271,330,5),(20,335,3),(17,339,2),(182,342,4),(183,342,5),(251,346,4),(60,348,4),(61,348,5),(226,350,5),(152,355,5),(34,357,4),(35,357,5),(12,358,3),(114,359,5),(195,363,4),(196,363,5),(87,368,5),(233,369,4),(234,369,5),(3,371,2),(89,372,4),(90,372,5),(215,376,4),(167,378,4),(168,378,5),(85,382,4),(112,383,4),(220,386,4),(153,387,4),(154,387,5),(228,389,4),(173,391,5),(130,393,4),(131,393,5),(269,398,5),(115,399,4),(116,399,5),(158,403,5),(174,404,4),(22,406,2),(55,410,4),(248,411,4),(249,411,5),(19,416,1),(10,419,1),(86,421,5),(199,423,4),(200,423,5),(25,425,1),(209,427,5),(21,428,3),(5,431,3),(63,432,4),(64,432,5),(180,434,4),(148,435,4),(149,435,5),(206,436,5),(88,440,4),(47,441,4),(48,441,5),(186,448,5),(245,449,4),(225,451,4),(144,452,5),(124,454,4),(58,459,4),(59,459,5),(203,462,4),(204,462,5),(135,465,4),(136,465,5),(129,467,4),(127,468,4),(128,468,5),(192,469,4),(7,471,2),(37,474,4),(38,474,5),(277,478,4),(51,480,4),(52,480,5),(212,483,4),(213,483,5),(62,484,4),(250,487,4),(139,488,4),(221,494,5),(159,496,4),(142,501,4),(143,501,5);
/*!40000 ALTER TABLE `civicrm_entity_tag` ENABLE KEYS */;
UNLOCK TABLES;

--
-- Dumping data for table `civicrm_event`
--

LOCK TABLES `civicrm_event` WRITE;
/*!40000 ALTER TABLE `civicrm_event` DISABLE KEYS */;
INSERT INTO `civicrm_event` (`id`, `title`, `summary`, `description`, `event_type_id`, `participant_listing_id`, `is_public`, `start_date`, `end_date`, `is_online_registration`, `registration_link_text`, `registration_start_date`, `registration_end_date`, `max_participants`, `event_full_text`, `is_monetary`, `contribution_type_id`, `payment_processor_id`, `is_map`, `is_active`, `fee_label`, `is_show_location`, `loc_block_id`, `default_role_id`, `intro_text`, `footer_text`, `confirm_title`, `confirm_text`, `confirm_footer_text`, `is_email_confirm`, `confirm_email_text`, `confirm_from_name`, `confirm_from_email`, `cc_confirm`, `bcc_confirm`, `default_fee_id`, `default_discount_id`, `thankyou_title`, `thankyou_text`, `thankyou_footer_text`, `is_pay_later`, `pay_later_text`, `pay_later_receipt`, `is_multiple_registrations`, `allow_same_participant_emails`) VALUES (1,'Fall Fundraiser Dinner','Kick up your heels at our Fall Fundraiser Dinner/Dance at Glen Echo Park! Come by yourself or bring a partner, friend or the entire family!','This event benefits our teen programs. Admission includes a full 3 course meal and wine or soft drinks. Grab your dancing shoes, bring the kids and come join the party!',3,1,1,'2009-11-21 17:00:00','2009-11-21 23:00:00',1,'Register Now',NULL,NULL,100,'Sorry! The Fall Fundraiser Dinner is full. Please call Jane at 204 222-1000 ext 33 if you want to be added to the waiting list.',1,4,NULL,1,1,'Dinner Contribution',1,2,1,'Fill in the information below to join as at this wonderful dinner event.',NULL,'Confirm Your Registration Information','Review the information below carefully.',NULL,1,'Contact the Development Department if you need to make any changes to your registration.','Fundraising Dept.','development@example.org',NULL,NULL,257,NULL,'Thanks for Registering!','<p>Thank you for your support. Your contribution will help us build even better tools.</p><p>Please tell your friends and colleagues about this wonderful event.</p>','<p><a href=http://civicrm.org>Back to CiviCRM Home Page</a></p>',1,'I will send payment by check','Send a check payable to Our Organization within 3 business days to hold your reservation. Checks should be sent to: 100 Main St., Suite 3, San Francisco CA 94110',0,0),(2,'Summer Solstice Festival Day Concert','Festival Day is coming! Join us and help support your parks.','We will gather at noon, learn a song all together,  and then join in a joyous procession to the pavilion. We will be one of many groups performing at this wonderful concert which benefits our city parks.',5,1,1,'2009-01-01 12:00:00','2009-01-01 17:00:00',1,'Register Now',NULL,NULL,50,'We have all the singers we can handle. Come to the pavilion anyway and join in from the audience.',1,2,NULL,NULL,1,'Festival Fee',1,3,1,'Complete the form below and click Continue to register online for the festival. Or you can register by calling us at 204 222-1000 ext 22.','','Confirm Your Registration Information','','',1,'This email confirms your registration. If you have questions or need to change your registration - please do not hesitate to call us.','Event Dept.','events@example.org','',NULL,260,NULL,'Thanks for Your Joining In!','<p>Thank you for your support. Your participation will help build new parks.</p><p>Please tell your friends and colleagues about the concert.</p>','<p><a href=http://civicrm.org>Back to CiviCRM Home Page</a></p>',0,NULL,NULL,1,0),(3,'Rain-forest Cup Youth Soccer Tournament','Sign up your team to participate in this fun tournament which benefits several Rain-forest protection groups in the Amazon basin.','This is a FYSA Sanctioned Tournament, which is open to all USSF/FIFA affiliated organizations for boys and girls in age groups: U9-U10 (6v6), U11-U12 (8v8), and U13-U17 (Full Sided).',3,1,1,'2009-12-27 07:00:00','2009-12-29 17:00:00',1,'Register Now',NULL,NULL,500,'Sorry! All available team slots for this tournament have been filled. Contact Jill Futbol for information about the waiting list and next years event.',1,4,NULL,NULL,1,'Tournament Fees',1,4,1,'Complete the form below to register your team for this year\'s tournament.','<em>A Soccer Youth Event</em>','Review and Confirm Your Registration Information','','<em>A Soccer Youth Event</em>',1,'Contact our Tournament Director for eligibility details.','Tournament Director','tournament@example.org','',NULL,263,NULL,'Thanks for Your Support!','<p>Thank you for your support. Your participation will help save thousands of acres of rainforest.</p>','<p><a href=http://civicrm.org>Back to CiviCRM Home Page</a></p>',0,NULL,NULL,0,0);
/*!40000 ALTER TABLE `civicrm_event` ENABLE KEYS */;
UNLOCK TABLES;

--
-- Dumping data for table `civicrm_file`
--

LOCK TABLES `civicrm_file` WRITE;
/*!40000 ALTER TABLE `civicrm_file` DISABLE KEYS */;
/*!40000 ALTER TABLE `civicrm_file` ENABLE KEYS */;
UNLOCK TABLES;

--
-- Dumping data for table `civicrm_financial_trxn`
--

LOCK TABLES `civicrm_financial_trxn` WRITE;
/*!40000 ALTER TABLE `civicrm_financial_trxn` DISABLE KEYS */;
/*!40000 ALTER TABLE `civicrm_financial_trxn` ENABLE KEYS */;
UNLOCK TABLES;

--
-- Dumping data for table `civicrm_grant`
--

LOCK TABLES `civicrm_grant` WRITE;
/*!40000 ALTER TABLE `civicrm_grant` DISABLE KEYS */;
/*!40000 ALTER TABLE `civicrm_grant` ENABLE KEYS */;
UNLOCK TABLES;

--
-- Dumping data for table `civicrm_group`
--

LOCK TABLES `civicrm_group` WRITE;
/*!40000 ALTER TABLE `civicrm_group` DISABLE KEYS */;
INSERT INTO `civicrm_group` (`id`, `name`, `title`, `description`, `source`, `saved_search_id`, `is_active`, `visibility`, `where_clause`, `select_tables`, `where_tables`, `group_type`, `cache_date`, `parents`, `children`, `is_hidden`) VALUES (1,'Administrators','Administrators','Contacts in this group are assigned Administrator role permissions.',NULL,NULL,1,'User and User Admin Only',NULL,NULL,NULL,'1',NULL,NULL,NULL,0),(2,'Newsletter Subscribers','Newsletter Subscribers',NULL,NULL,NULL,1,'',' ( `civicrm_group_contact-2`.group_id IN ( 2 ) AND `civicrm_group_contact-2`.status IN (\"Added\") ) ','a:10:{s:15:\"civicrm_contact\";i:1;s:15:\"civicrm_address\";i:1;s:22:\"civicrm_state_province\";i:1;s:15:\"civicrm_country\";i:1;s:13:\"civicrm_email\";i:1;s:13:\"civicrm_phone\";i:1;s:10:\"civicrm_im\";i:1;s:19:\"civicrm_worldregion\";i:1;s:25:\"`civicrm_group_contact-2`\";s:114:\" LEFT JOIN civicrm_group_contact `civicrm_group_contact-2` ON contact_a.id = `civicrm_group_contact-2`.contact_id \";s:6:\"gender\";i:1;}','a:2:{s:15:\"civicrm_contact\";i:1;s:25:\"`civicrm_group_contact-2`\";s:114:\" LEFT JOIN civicrm_group_contact `civicrm_group_contact-2` ON contact_a.id = `civicrm_group_contact-2`.contact_id \";}','12',NULL,NULL,NULL,0),(3,'Summer Program Volunteers','Summer Program Volunteers',NULL,NULL,NULL,1,'',' ( `civicrm_group_contact-3`.group_id IN ( 3 ) AND `civicrm_group_contact-3`.status IN (\"Added\") ) ','a:10:{s:15:\"civicrm_contact\";i:1;s:15:\"civicrm_address\";i:1;s:22:\"civicrm_state_province\";i:1;s:15:\"civicrm_country\";i:1;s:13:\"civicrm_email\";i:1;s:13:\"civicrm_phone\";i:1;s:10:\"civicrm_im\";i:1;s:19:\"civicrm_worldregion\";i:1;s:25:\"`civicrm_group_contact-3`\";s:114:\" LEFT JOIN civicrm_group_contact `civicrm_group_contact-3` ON contact_a.id = `civicrm_group_contact-3`.contact_id \";s:6:\"gender\";i:1;}','a:2:{s:15:\"civicrm_contact\";i:1;s:25:\"`civicrm_group_contact-3`\";s:114:\" LEFT JOIN civicrm_group_contact `civicrm_group_contact-3` ON contact_a.id = `civicrm_group_contact-3`.contact_id \";}','12',NULL,NULL,NULL,0),(4,'Advisory Board','Advisory Board',NULL,NULL,NULL,1,'',' ( `civicrm_group_contact-4`.group_id IN ( 4 ) AND `civicrm_group_contact-4`.status IN (\"Added\") ) ','a:10:{s:15:\"civicrm_contact\";i:1;s:15:\"civicrm_address\";i:1;s:22:\"civicrm_state_province\";i:1;s:15:\"civicrm_country\";i:1;s:13:\"civicrm_email\";i:1;s:13:\"civicrm_phone\";i:1;s:10:\"civicrm_im\";i:1;s:19:\"civicrm_worldregion\";i:1;s:25:\"`civicrm_group_contact-4`\";s:114:\" LEFT JOIN civicrm_group_contact `civicrm_group_contact-4` ON contact_a.id = `civicrm_group_contact-4`.contact_id \";s:6:\"gender\";i:1;}','a:2:{s:15:\"civicrm_contact\";i:1;s:25:\"`civicrm_group_contact-4`\";s:114:\" LEFT JOIN civicrm_group_contact `civicrm_group_contact-4` ON contact_a.id = `civicrm_group_contact-4`.contact_id \";}','12',NULL,NULL,NULL,0);
/*!40000 ALTER TABLE `civicrm_group` ENABLE KEYS */;
UNLOCK TABLES;

--
-- Dumping data for table `civicrm_group_contact`
--

LOCK TABLES `civicrm_group_contact` WRITE;
/*!40000 ALTER TABLE `civicrm_group_contact` DISABLE KEYS */;
INSERT INTO `civicrm_group_contact` (`id`, `group_id`, `contact_id`, `status`, `location_id`, `email_id`) VALUES (1,2,475,'Added',NULL,NULL),(2,2,198,'Added',NULL,NULL),(3,2,450,'Added',NULL,NULL),(4,2,7,'Removed',NULL,NULL),(5,2,417,'Removed',NULL,NULL),(6,2,205,'Added',NULL,NULL),(7,2,133,'Removed',NULL,NULL),(8,2,288,'Removed',NULL,NULL),(9,2,3,'Removed',NULL,NULL),(10,2,357,'Added',NULL,NULL),(11,2,309,'Added',NULL,NULL),(12,2,38,'Added',NULL,NULL),(13,2,373,'Added',NULL,NULL),(14,2,474,'Removed',NULL,NULL),(15,2,400,'Added',NULL,NULL),(16,2,124,'Added',NULL,NULL),(17,2,290,'Removed',NULL,NULL),(18,2,221,'Added',NULL,NULL),(19,2,104,'Removed',NULL,NULL),(20,2,94,'Removed',NULL,NULL),(21,2,300,'Removed',NULL,NULL),(22,2,138,'Removed',NULL,NULL),(23,2,24,'Added',NULL,NULL),(24,2,332,'Added',NULL,NULL),(25,2,480,'Added',NULL,NULL),(26,2,385,'Added',NULL,NULL),(27,2,315,'Added',NULL,NULL),(28,2,298,'Added',NULL,NULL),(29,2,410,'Removed',NULL,NULL),(30,2,172,'Removed',NULL,NULL),(31,2,255,'Added',NULL,NULL),(32,2,259,'Removed',NULL,NULL),(33,2,34,'Added',NULL,NULL),(34,2,459,'Added',NULL,NULL),(35,2,324,'Removed',NULL,NULL),(36,2,348,'Added',NULL,NULL),(37,2,99,'Removed',NULL,NULL),(38,2,484,'Removed',NULL,NULL),(39,2,110,'Removed',NULL,NULL),(40,2,432,'Removed',NULL,NULL),(41,2,323,'Removed',NULL,NULL),(42,2,29,'Added',NULL,NULL),(43,2,407,'Added',NULL,NULL),(44,2,375,'Removed',NULL,NULL),(45,3,125,'Removed',NULL,NULL),(46,3,249,'Added',NULL,NULL),(47,3,235,'Removed',NULL,NULL),(48,3,194,'Added',NULL,NULL),(49,3,36,'Added',NULL,NULL),(50,3,150,'Removed',NULL,NULL),(51,4,38,'Removed',NULL,NULL),(52,4,290,'Removed',NULL,NULL),(53,4,300,'Added',NULL,NULL),(54,4,110,'Added',NULL,NULL);
/*!40000 ALTER TABLE `civicrm_group_contact` ENABLE KEYS */;
UNLOCK TABLES;

--
-- Dumping data for table `civicrm_group_contact_cache`
--

LOCK TABLES `civicrm_group_contact_cache` WRITE;
/*!40000 ALTER TABLE `civicrm_group_contact_cache` DISABLE KEYS */;
/*!40000 ALTER TABLE `civicrm_group_contact_cache` ENABLE KEYS */;
UNLOCK TABLES;

--
-- Dumping data for table `civicrm_group_nesting`
--

LOCK TABLES `civicrm_group_nesting` WRITE;
/*!40000 ALTER TABLE `civicrm_group_nesting` DISABLE KEYS */;
/*!40000 ALTER TABLE `civicrm_group_nesting` ENABLE KEYS */;
UNLOCK TABLES;

--
-- Dumping data for table `civicrm_group_organization`
--

LOCK TABLES `civicrm_group_organization` WRITE;
/*!40000 ALTER TABLE `civicrm_group_organization` DISABLE KEYS */;
/*!40000 ALTER TABLE `civicrm_group_organization` ENABLE KEYS */;
UNLOCK TABLES;

--
-- Dumping data for table `civicrm_im`
--

LOCK TABLES `civicrm_im` WRITE;
/*!40000 ALTER TABLE `civicrm_im` DISABLE KEYS */;
/*!40000 ALTER TABLE `civicrm_im` ENABLE KEYS */;
UNLOCK TABLES;

--
-- Dumping data for table `civicrm_line_item`
--

LOCK TABLES `civicrm_line_item` WRITE;
/*!40000 ALTER TABLE `civicrm_line_item` DISABLE KEYS */;
/*!40000 ALTER TABLE `civicrm_line_item` ENABLE KEYS */;
UNLOCK TABLES;

--
-- Dumping data for table `civicrm_loc_block`
--

LOCK TABLES `civicrm_loc_block` WRITE;
/*!40000 ALTER TABLE `civicrm_loc_block` DISABLE KEYS */;
INSERT INTO `civicrm_loc_block` (`id`, `address_id`, `email_id`, `phone_id`, `im_id`, `address_2_id`, `email_2_id`, `phone_2_id`, `im_2_id`) VALUES (1,1,1,1,NULL,NULL,NULL,NULL,NULL),(2,427,434,566,NULL,NULL,NULL,NULL,NULL),(3,428,435,567,NULL,NULL,NULL,NULL,NULL),(4,429,436,568,NULL,NULL,NULL,NULL,NULL);
/*!40000 ALTER TABLE `civicrm_loc_block` ENABLE KEYS */;
UNLOCK TABLES;

--
-- Dumping data for table `civicrm_location_type`
--

LOCK TABLES `civicrm_location_type` WRITE;
/*!40000 ALTER TABLE `civicrm_location_type` DISABLE KEYS */;
INSERT INTO `civicrm_location_type` (`id`, `name`, `vcard_name`, `description`, `is_reserved`, `is_active`, `is_default`) VALUES (1,'Home','HOME','Place of residence',0,1,1),(2,'Work','WORK','Work location',0,1,NULL),(3,'Main',NULL,'Main office location',0,1,NULL),(4,'Other',NULL,'Other location',0,1,NULL),(5,'Billing',NULL,'Billing Address location',1,1,NULL);
/*!40000 ALTER TABLE `civicrm_location_type` ENABLE KEYS */;
UNLOCK TABLES;

--
-- Dumping data for table `civicrm_log`
--

LOCK TABLES `civicrm_log` WRITE;
/*!40000 ALTER TABLE `civicrm_log` DISABLE KEYS */;
/*!40000 ALTER TABLE `civicrm_log` ENABLE KEYS */;
UNLOCK TABLES;

--
-- Dumping data for table `civicrm_mail_settings`
--

LOCK TABLES `civicrm_mail_settings` WRITE;
/*!40000 ALTER TABLE `civicrm_mail_settings` DISABLE KEYS */;
INSERT INTO `civicrm_mail_settings` (`id`, `name`, `is_default`, `domain`, `localpart`, `return_path`, `protocol`, `server`, `port`, `username`, `password`, `is_ssl`, `source`) VALUES (1,'default',1,'FIXME.ORG',NULL,NULL,NULL,NULL,NULL,NULL,NULL,NULL,NULL);
/*!40000 ALTER TABLE `civicrm_mail_settings` ENABLE KEYS */;
UNLOCK TABLES;

--
-- Dumping data for table `civicrm_mailing`
--

LOCK TABLES `civicrm_mailing` WRITE;
/*!40000 ALTER TABLE `civicrm_mailing` DISABLE KEYS */;
/*!40000 ALTER TABLE `civicrm_mailing` ENABLE KEYS */;
UNLOCK TABLES;

--
-- Dumping data for table `civicrm_mailing_bounce_pattern`
--

LOCK TABLES `civicrm_mailing_bounce_pattern` WRITE;
/*!40000 ALTER TABLE `civicrm_mailing_bounce_pattern` DISABLE KEYS */;
INSERT INTO `civicrm_mailing_bounce_pattern` (`id`, `bounce_type_id`, `pattern`) VALUES (1,1,'Client TOS Notification'),(2,2,'(be|am)? (out of|away from) (the|my)? (office|computer|town)'),(3,2,'i am on vacation'),(4,3,'name(server entry| lookup failure)'),(5,3,'no (mail server|matches to nameserver query|dns entries)'),(6,3,'reverse dns entry'),(7,4,'(unknown|not local) host'),(8,4,'all hosts have been failing'),(9,4,'allowed rcpthosts'),(10,4,'connection (refused|timed out)'),(11,4,'couldn\'t find any host named'),(12,4,'error involving remote host'),(13,4,'host unknown'),(14,4,'invalid host name'),(15,4,'isn\'t in my control/locals file'),(16,4,'local configuration error'),(17,4,'not a gateway'),(18,4,'server is down or unreachable'),(19,4,'too many connections'),(20,4,'unable to connect'),(21,5,'(my )?e-?mail( address)? has changed'),(22,5,'account (inactive|expired|deactivated)'),(23,5,'account is locked'),(24,5,'changed w+( e-?mail)? address'),(25,5,'deactivated mailbox'),(26,5,'disabled or discontinued'),(27,5,'inactive user'),(28,5,'is inactive on this domain'),(29,5,'mail receiving disabled'),(30,5,'mail( ?)address is administrative?ly disabled'),(31,5,'mailbox (temporarily disabled|currently suspended)'),(32,5,'no longer (accepting mail|on server|in use|with|employed|on staff|works for|using this account)'),(33,5,'not accepting mail'),(34,5,'please use my new e-?mail address'),(35,5,'this address no longer accepts mail'),(36,5,'user account suspended'),(37,6,'(user|recipient( name)?) is not recognized'),(38,6,'554 delivery error'),(39,6,'address does not exist'),(40,6,'address(es)? could not be found'),(41,6,'addressee unknown'),(42,6,'bad destination'),(43,6,'badly formatted address'),(44,6,'can\'t open mailbox for'),(45,6,'cannot deliver'),(46,6,'delivery to the following recipients failed'),(47,6,'destination addresses were unknown'),(48,6,'did not reach the following recipient'),(49,6,'does not exist'),(50,6,'does not like recipient'),(51,6,'does not specify a valid notes mail file'),(52,6,'illegal alias'),(53,6,'invalid (mailbox|(e-?mail )?address|recipient|final delivery)'),(54,6,'invalid( or unknown)?( virtual)? user'),(55,6,'mail delivery to this user is not allowed'),(56,6,'mailbox (not found|unavailable|name not allowed)'),(57,6,'message could not be forwarded'),(58,6,'missing or malformed local(-| )part'),(59,6,'no e-?mail address registered'),(60,6,'no such (mail drop|mailbox( w+)?|(e-?mail )?address|recipient|(local )?user)( here)?'),(61,6,'no mailbox here by that name'),(62,6,'not (listed in|found in directory|known at this site|our customer)'),(63,6,'not a valid( (user|mailbox))?'),(64,6,'not present in directory entry'),(65,6,'recipient (does not exist|(is )?unknown)'),(66,6,'this user doesn\'t have a yahoo.com address'),(67,6,'unavailable to take delivery of the message'),(68,6,'unavailable mailbox'),(69,6,'unknown (local( |-)part|recipient)'),(70,6,'unknown( or illegal)? user( account)?'),(71,6,'unrecognized recipient'),(72,6,'unregistered address'),(73,6,'user (unknown|does not exist)'),(74,6,'user doesn\'t have an? w+ account'),(75,6,'user(\'s e-?mail name is)? not found'),(76,7,'(mail|routing) loop'),(77,7,'excessive recursion'),(78,7,'loop detected'),(79,7,'maximum hop count exceeded'),(80,7,'message was forwarded more than the maximum allowed times'),(81,7,'too many hops'),(82,8,'(disk|over the allowed|exceed(ed|s)?|storage) quota'),(83,8,'522_mailbox_full'),(84,8,'exceeds allowed message count'),(85,8,'file too large'),(86,8,'full mailbox'),(87,8,'mailbox ((for user w+ )?is )?full'),(88,8,'mailbox has exceeded the limit'),(89,8,'mailbox( exceeds allowed)? size'),(90,8,'no space left for this user'),(91,8,'overs?quota'),(92,8,'quota (for the mailbox )?has been exceeded'),(93,8,'quota (usage|violation|exceeded)'),(94,8,'recipient storage full'),(95,8,'not able to receive more mail'),(96,9,'cannot find your hostname'),(97,9,'ip name lookup'),(98,9,'not configured to relay mail'),(99,9,'relay (not permitted|access denied)'),(100,9,'relayed mail to .+? not allowed'),(101,9,'sender ip must resolve'),(102,9,'unable to relay'),(103,10,'(bulk( e-?mail)|content|attachment blocking|virus|mail system) filters?'),(104,10,'(hostile|questionable|unacceptable) content'),(105,10,'address .+? has not been verified'),(106,10,'anti-?spam (policw+|software)'),(107,10,'anti-?virus gateway has detected'),(108,10,'blacklisted'),(109,10,'blocked message'),(110,10,'content control'),(111,10,'delivery not authorized'),(112,10,'does not conform to our e-?mail policy'),(113,10,'excessive spam content'),(114,10,'message looks suspicious'),(115,10,'open relay'),(116,10,'sender was rejected'),(117,10,'spam(check| reduction software| filters?)'),(118,10,'blocked by a user configured filter'),(119,10,'detected as spam'),(120,11,'nonstandard smtp line terminator'),(121,11,'syntax error in from address'),(122,11,'unknown smtp code');
/*!40000 ALTER TABLE `civicrm_mailing_bounce_pattern` ENABLE KEYS */;
UNLOCK TABLES;

--
-- Dumping data for table `civicrm_mailing_bounce_type`
--

LOCK TABLES `civicrm_mailing_bounce_type` WRITE;
/*!40000 ALTER TABLE `civicrm_mailing_bounce_type` DISABLE KEYS */;
INSERT INTO `civicrm_mailing_bounce_type` (`id`, `name`, `description`, `hold_threshold`) VALUES (1,'AOL','AOL Terms of Service complaint',1),(2,'Away','Recipient is on vacation',3),(3,'DNS','Unable to resolve recipient domain',3),(4,'Host','Unable to deliver to destintation mail server',3),(5,'Inactive','User account is no longer active',1),(6,'Invalid','Email address is not valid',1),(7,'Loop','Mail routing error',3),(8,'Quota','User inbox is full',3),(9,'Relay','Unable to reach destination mail server',3),(10,'Spam','Message caught by a content filter',1),(11,'Syntax','Error in SMTP transaction',3);
/*!40000 ALTER TABLE `civicrm_mailing_bounce_type` ENABLE KEYS */;
UNLOCK TABLES;

--
-- Dumping data for table `civicrm_mailing_component`
--

LOCK TABLES `civicrm_mailing_component` WRITE;
/*!40000 ALTER TABLE `civicrm_mailing_component` DISABLE KEYS */;
INSERT INTO `civicrm_mailing_component` (`id`, `name`, `component_type`, `subject`, `body_html`, `body_text`, `is_default`, `is_active`) VALUES (1,'Mailing Header','Header','Descriptive Title for this Header','Sample Header for HTML formatted content.','Sample Header for TEXT formatted content.',1,1),(2,'Mailing Footer','Footer','Descriptive Title for this Footer.','Sample Footer for HTML formatted content.','Sample Footer for TEXT formatted content.',1,1),(3,'Subscribe Message','Subscribe','Subscription Confirmation Request','You have a pending subscription to the {subscribe.group} mailing list. To confirm this subscription, reply to this email or click <a href=\"{subscribe.url}\">here</a>.','You have a pending subscription to the {subscribe.group} mailing list. To confirm this subscription, reply to this email or click on this link: {subscribe.url}',1,1),(4,'Welcome Message','Welcome','Your Subscription has been Activated','Welcome. Your subscription to the {welcome.group} mailing list has been activated.','Welcome. Your subscription to the {welcome.group} mailing list has been activated.',1,1),(5,'Unsubscribe Message','Unsubscribe','Un-subscribe Confirmation','You have been un-subscribed from the following groups: {unsubscribe.group}. You can re-subscribe by mailing {action.resubscribe} or clicking <a href=\"{action.resubscribeUrl}\">here</a>.','You have been un-subscribed from the following groups: {unsubscribe.group}. You can re-subscribe by mailing {action.resubscribe} or clicking {action.resubscribeUrl}',1,1),(6,'Resubscribe Message','Resubscribe','Re-subscribe Confirmation','You have been re-subscribed to the following groups: {resubscribe.group}. You can un-subscribe by mailing {action.unsubscribe} or clicking <a href=\"{action.unsubscribeUrl}\">here</a>.','You have been re-subscribed to the following groups: {resubscribe.group}. You can un-subscribe by mailing {action.unsubscribe} or clicking {action.unsubscribeUrl}',1,1),(7,'Opt-out Message','OptOut','Opt-out Confirmation','Your email address has been removed from {domain.name} mailing lists.','Your email address has been removed from {domain.name} mailing lists.',1,1),(8,'Auto-responder','Reply','Please Send Inquiries to Our Contact Email Address','This is an automated reply from an un-attended mailbox. Please send any inquiries to the contact email address listed on our web-site.','This is an automated reply from an un-attended mailbox. Please send any inquiries to the contact email address listed on our web-site.',1,1);
/*!40000 ALTER TABLE `civicrm_mailing_component` ENABLE KEYS */;
UNLOCK TABLES;

--
-- Dumping data for table `civicrm_mailing_event_bounce`
--

LOCK TABLES `civicrm_mailing_event_bounce` WRITE;
/*!40000 ALTER TABLE `civicrm_mailing_event_bounce` DISABLE KEYS */;
/*!40000 ALTER TABLE `civicrm_mailing_event_bounce` ENABLE KEYS */;
UNLOCK TABLES;

--
-- Dumping data for table `civicrm_mailing_event_confirm`
--

LOCK TABLES `civicrm_mailing_event_confirm` WRITE;
/*!40000 ALTER TABLE `civicrm_mailing_event_confirm` DISABLE KEYS */;
/*!40000 ALTER TABLE `civicrm_mailing_event_confirm` ENABLE KEYS */;
UNLOCK TABLES;

--
-- Dumping data for table `civicrm_mailing_event_delivered`
--

LOCK TABLES `civicrm_mailing_event_delivered` WRITE;
/*!40000 ALTER TABLE `civicrm_mailing_event_delivered` DISABLE KEYS */;
/*!40000 ALTER TABLE `civicrm_mailing_event_delivered` ENABLE KEYS */;
UNLOCK TABLES;

--
-- Dumping data for table `civicrm_mailing_event_forward`
--

LOCK TABLES `civicrm_mailing_event_forward` WRITE;
/*!40000 ALTER TABLE `civicrm_mailing_event_forward` DISABLE KEYS */;
/*!40000 ALTER TABLE `civicrm_mailing_event_forward` ENABLE KEYS */;
UNLOCK TABLES;

--
-- Dumping data for table `civicrm_mailing_event_opened`
--

LOCK TABLES `civicrm_mailing_event_opened` WRITE;
/*!40000 ALTER TABLE `civicrm_mailing_event_opened` DISABLE KEYS */;
/*!40000 ALTER TABLE `civicrm_mailing_event_opened` ENABLE KEYS */;
UNLOCK TABLES;

--
-- Dumping data for table `civicrm_mailing_event_queue`
--

LOCK TABLES `civicrm_mailing_event_queue` WRITE;
/*!40000 ALTER TABLE `civicrm_mailing_event_queue` DISABLE KEYS */;
/*!40000 ALTER TABLE `civicrm_mailing_event_queue` ENABLE KEYS */;
UNLOCK TABLES;

--
-- Dumping data for table `civicrm_mailing_event_reply`
--

LOCK TABLES `civicrm_mailing_event_reply` WRITE;
/*!40000 ALTER TABLE `civicrm_mailing_event_reply` DISABLE KEYS */;
/*!40000 ALTER TABLE `civicrm_mailing_event_reply` ENABLE KEYS */;
UNLOCK TABLES;

--
-- Dumping data for table `civicrm_mailing_event_subscribe`
--

LOCK TABLES `civicrm_mailing_event_subscribe` WRITE;
/*!40000 ALTER TABLE `civicrm_mailing_event_subscribe` DISABLE KEYS */;
/*!40000 ALTER TABLE `civicrm_mailing_event_subscribe` ENABLE KEYS */;
UNLOCK TABLES;

--
-- Dumping data for table `civicrm_mailing_event_trackable_url_open`
--

LOCK TABLES `civicrm_mailing_event_trackable_url_open` WRITE;
/*!40000 ALTER TABLE `civicrm_mailing_event_trackable_url_open` DISABLE KEYS */;
/*!40000 ALTER TABLE `civicrm_mailing_event_trackable_url_open` ENABLE KEYS */;
UNLOCK TABLES;

--
-- Dumping data for table `civicrm_mailing_event_unsubscribe`
--

LOCK TABLES `civicrm_mailing_event_unsubscribe` WRITE;
/*!40000 ALTER TABLE `civicrm_mailing_event_unsubscribe` DISABLE KEYS */;
/*!40000 ALTER TABLE `civicrm_mailing_event_unsubscribe` ENABLE KEYS */;
UNLOCK TABLES;

--
-- Dumping data for table `civicrm_mailing_group`
--

LOCK TABLES `civicrm_mailing_group` WRITE;
/*!40000 ALTER TABLE `civicrm_mailing_group` DISABLE KEYS */;
/*!40000 ALTER TABLE `civicrm_mailing_group` ENABLE KEYS */;
UNLOCK TABLES;

--
-- Dumping data for table `civicrm_mailing_job`
--

LOCK TABLES `civicrm_mailing_job` WRITE;
/*!40000 ALTER TABLE `civicrm_mailing_job` DISABLE KEYS */;
/*!40000 ALTER TABLE `civicrm_mailing_job` ENABLE KEYS */;
UNLOCK TABLES;

--
-- Dumping data for table `civicrm_mailing_spool`
--

LOCK TABLES `civicrm_mailing_spool` WRITE;
/*!40000 ALTER TABLE `civicrm_mailing_spool` DISABLE KEYS */;
/*!40000 ALTER TABLE `civicrm_mailing_spool` ENABLE KEYS */;
UNLOCK TABLES;

--
-- Dumping data for table `civicrm_mailing_trackable_url`
--

LOCK TABLES `civicrm_mailing_trackable_url` WRITE;
/*!40000 ALTER TABLE `civicrm_mailing_trackable_url` DISABLE KEYS */;
/*!40000 ALTER TABLE `civicrm_mailing_trackable_url` ENABLE KEYS */;
UNLOCK TABLES;

--
-- Dumping data for table `civicrm_mapping`
--

LOCK TABLES `civicrm_mapping` WRITE;
/*!40000 ALTER TABLE `civicrm_mapping` DISABLE KEYS */;
/*!40000 ALTER TABLE `civicrm_mapping` ENABLE KEYS */;
UNLOCK TABLES;

--
-- Dumping data for table `civicrm_mapping_field`
--

LOCK TABLES `civicrm_mapping_field` WRITE;
/*!40000 ALTER TABLE `civicrm_mapping_field` DISABLE KEYS */;
/*!40000 ALTER TABLE `civicrm_mapping_field` ENABLE KEYS */;
UNLOCK TABLES;

--
-- Dumping data for table `civicrm_membership`
--

LOCK TABLES `civicrm_membership` WRITE;
/*!40000 ALTER TABLE `civicrm_membership` DISABLE KEYS */;
INSERT INTO `civicrm_membership` (`id`, `contact_id`, `membership_type_id`, `join_date`, `start_date`, `end_date`, `source`, `status_id`, `is_override`, `reminder_date`, `owner_membership_id`, `is_test`, `is_pay_later`) VALUES (1,263,1,'2009-06-08','2009-06-08','2011-06-08','Donation',1,NULL,NULL,NULL,0,0),(2,120,2,'2009-06-07','2009-06-07','2010-06-07','Payment',1,NULL,NULL,NULL,0,0),(3,474,1,'2009-06-06','2009-06-06','2011-06-06','Payment',1,NULL,NULL,NULL,0,0),(4,170,2,'2009-06-05','2009-06-05','2010-06-05','Donation',1,NULL,NULL,NULL,0,0),(5,40,2,'2008-06-04','2008-06-04','2009-06-03','Donation',3,NULL,NULL,NULL,0,0),(6,324,2,'2009-06-03','2009-06-03','2010-06-03','Check',1,NULL,NULL,NULL,0,0),(7,156,1,'2009-06-02','2009-06-02','2011-06-02','Check',1,NULL,NULL,NULL,0,0),(8,320,2,'2009-06-01','2009-06-01','2010-06-01','Payment',1,NULL,NULL,NULL,0,0),(9,312,1,'2009-05-31','2009-05-31','2011-05-31','Payment',1,NULL,NULL,NULL,0,0),(10,466,2,'2007-03-28','2007-03-28','2009-03-27','Check',4,NULL,NULL,NULL,0,0),(11,478,3,'2009-05-29','2009-05-29',NULL,'Donation',1,NULL,NULL,NULL,0,0),(12,82,2,'2009-05-28','2009-05-28','2010-05-28','Payment',1,NULL,NULL,NULL,0,0),(13,27,1,'2009-05-27','2009-05-27','2011-05-27','Payment',1,NULL,NULL,NULL,0,0),(14,261,2,'2009-05-26','2009-05-26','2010-05-26','Payment',1,NULL,NULL,NULL,0,0),(15,129,1,'2008-05-25','2008-05-25','2009-05-24','Payment',3,NULL,NULL,NULL,0,0),(16,181,2,'2009-05-24','2009-05-24','2010-05-24','Donation',1,NULL,NULL,NULL,0,0),(17,322,1,'2009-05-23','2009-05-23','2011-05-23','Check',1,NULL,NULL,NULL,0,0),(18,79,2,'2009-05-22','2009-05-22','2010-05-22','Check',1,NULL,NULL,NULL,0,0),(19,289,1,'2009-05-21','2009-05-21','2011-05-21','Payment',1,NULL,NULL,NULL,0,0),(20,88,1,'2008-05-20','2008-05-20','2009-05-19','Check',3,NULL,NULL,NULL,0,0),(21,94,1,'2009-05-19','2009-05-19','2011-05-19','Donation',1,NULL,NULL,NULL,0,0),(22,287,3,'2009-05-18','2009-05-18',NULL,'Donation',1,NULL,NULL,NULL,0,0),(23,290,1,'2009-05-17','2009-05-17','2011-05-17','Check',1,NULL,NULL,NULL,0,0),(24,119,2,'2009-05-16','2009-05-16','2010-05-16','Payment',1,NULL,NULL,NULL,0,0),(25,123,2,'2006-11-28','2006-11-28','2008-11-27','Payment',4,NULL,NULL,NULL,0,0),(26,460,2,'2009-05-14','2009-05-14','2010-05-14','Payment',1,NULL,NULL,NULL,0,0),(27,183,1,'2009-05-13','2009-05-13','2011-05-13','Check',1,NULL,NULL,NULL,0,0),(28,260,2,'2009-05-12','2009-05-12','2010-05-12','Check',1,NULL,NULL,NULL,0,0),(29,259,1,'2009-05-11','2009-05-11','2011-05-11','Payment',1,NULL,NULL,NULL,0,0),(30,180,1,'2006-10-19','2006-10-19','2008-10-18','Donation',4,NULL,NULL,NULL,0,0),(31,345,1,'2009-05-09','2009-05-09','2011-05-09','Payment',1,NULL,NULL,NULL,0,0),(32,359,2,'2009-05-08','2009-05-08','2010-05-08','Donation',1,NULL,NULL,NULL,0,0),(33,399,3,'2009-05-07','2009-05-07',NULL,'Donation',1,NULL,NULL,NULL,0,0),(34,393,2,'2009-05-06','2009-05-06','2010-05-06','Donation',1,NULL,NULL,NULL,0,0),(35,56,1,'2008-05-05','2008-05-05','2009-05-04','Payment',3,NULL,NULL,NULL,0,0),(36,69,2,'2009-05-04','2009-05-04','2010-05-04','Donation',1,NULL,NULL,NULL,0,0),(37,98,1,'2009-05-03','2009-05-03','2011-05-03','Donation',1,NULL,NULL,NULL,0,0),(38,222,2,'2009-05-02','2009-05-02','2010-05-02','Check',1,NULL,NULL,NULL,0,0),(39,135,1,'2009-05-01','2009-05-01','2011-05-01','Payment',1,NULL,NULL,NULL,0,0),(40,409,1,'2008-04-30','2008-04-30','2009-04-29','Donation',3,NULL,NULL,NULL,0,0),(41,24,1,'2009-04-29','2009-04-29','2011-04-29','Check',1,NULL,NULL,NULL,0,0),(42,436,2,'2009-04-28','2009-04-28','2010-04-28','Check',1,NULL,NULL,NULL,0,0),(43,423,1,'2009-04-27','2009-04-27','2011-04-27','Donation',1,NULL,NULL,NULL,0,0),(44,97,3,'2009-04-26','2009-04-26',NULL,'Payment',1,NULL,NULL,NULL,0,0),(45,230,1,'2008-04-25','2008-04-25','2009-04-24','Check',3,NULL,NULL,NULL,0,0),(46,480,2,'2009-04-24','2009-04-24','2010-04-24','Payment',1,NULL,NULL,NULL,0,0),(47,417,1,'2009-04-23','2009-04-23','2011-04-23','Donation',1,NULL,NULL,NULL,0,0),(48,23,2,'2009-04-22','2009-04-22','2010-04-22','Donation',1,NULL,NULL,NULL,0,0),(49,443,1,'2009-04-21','2009-04-21','2011-04-21','Donation',1,NULL,NULL,NULL,0,0),(50,176,1,'2008-04-20','2008-04-20','2009-04-19','Donation',3,NULL,NULL,NULL,0,0),(51,157,1,'2009-04-19','2009-04-19','2011-04-19','Check',1,NULL,NULL,NULL,0,0),(52,113,2,'2009-04-18','2009-04-18','2010-04-18','Check',1,NULL,NULL,NULL,0,0),(53,84,1,'2009-04-17','2009-04-17','2011-04-17','Donation',1,NULL,NULL,NULL,0,0),(54,11,2,'2009-04-16','2009-04-16','2010-04-16','Payment',1,NULL,NULL,NULL,0,0),(55,464,3,'2009-04-15','2009-04-15',NULL,'Donation',1,NULL,NULL,NULL,0,0),(56,410,2,'2009-04-14','2009-04-14','2010-04-14','Donation',1,NULL,NULL,NULL,0,0),(57,469,1,'2009-04-13','2009-04-13','2011-04-13','Payment',1,NULL,NULL,NULL,0,0),(58,86,2,'2009-04-12','2009-04-12','2010-04-12','Donation',1,NULL,NULL,NULL,0,0),(59,5,1,'2009-04-11','2009-04-11','2011-04-11','Check',1,NULL,NULL,NULL,0,0),(60,405,1,'2008-04-10','2008-04-10','2009-04-09','Check',3,NULL,NULL,NULL,0,0),(61,420,1,'2009-04-09','2009-04-09','2011-04-09','Check',1,NULL,NULL,NULL,0,0),(62,218,2,'2009-04-08','2009-04-08','2010-04-08','Donation',1,NULL,NULL,NULL,0,0),(63,188,1,'2009-04-07','2009-04-07','2011-04-07','Payment',1,NULL,NULL,NULL,0,0),(64,6,2,'2009-04-06','2009-04-06','2010-04-06','Check',1,NULL,NULL,NULL,0,0),(65,250,1,'2008-04-05','2008-04-05','2009-04-04','Donation',3,NULL,NULL,NULL,0,0),(66,342,3,'2009-04-04','2009-04-04',NULL,'Donation',1,NULL,NULL,NULL,0,0),(67,278,1,'2009-04-03','2009-04-03','2011-04-03','Check',1,NULL,NULL,NULL,0,0),(68,12,2,'2009-04-02','2009-04-02','2010-04-02','Donation',1,NULL,NULL,NULL,0,0),(69,165,1,'2009-04-01','2009-04-01','2011-04-01','Check',1,NULL,NULL,NULL,0,0),(70,262,1,'2005-12-03','2005-12-03','2007-12-02','Payment',4,NULL,NULL,NULL,0,0),(71,473,1,'2009-03-30','2009-03-30','2011-03-30','Check',1,NULL,NULL,NULL,0,0),(72,71,2,'2009-03-29','2009-03-29','2010-03-29','Donation',1,NULL,NULL,NULL,0,0),(73,323,1,'2009-03-28','2009-03-28','2011-03-28','Check',1,NULL,NULL,NULL,0,0),(74,78,2,'2009-03-27','2009-03-27','2010-03-27','Donation',1,NULL,NULL,NULL,0,0),(75,196,2,'2008-03-26','2008-03-26','2009-03-25','Check',3,NULL,NULL,NULL,0,0),(76,483,2,'2009-03-25','2009-03-25','2010-03-25','Donation',1,NULL,NULL,NULL,0,0),(77,31,3,'2009-03-24','2009-03-24',NULL,'Donation',1,NULL,NULL,NULL,0,0),(78,468,2,'2009-03-23','2009-03-23','2010-03-23','Check',1,NULL,NULL,NULL,0,0),(79,8,1,'2009-03-22','2009-03-22','2011-03-22','Check',1,NULL,NULL,NULL,0,0),(80,217,2,'2008-03-21','2008-03-21','2009-03-20','Donation',3,NULL,NULL,NULL,0,0),(81,153,1,'2009-03-20','2009-03-20','2011-03-20','Check',1,NULL,NULL,NULL,0,0),(82,193,2,'2009-03-19','2009-03-19','2010-03-19','Check',1,NULL,NULL,NULL,0,0),(83,239,1,'2009-03-18','2009-03-18','2011-03-18','Check',1,NULL,NULL,NULL,0,0),(84,7,2,'2009-03-17','2009-03-17','2010-03-17','Donation',1,NULL,NULL,NULL,0,0),(85,245,1,'2008-03-16','2008-03-16','2009-03-15','Donation',3,NULL,NULL,NULL,0,0),(86,19,2,'2009-03-15','2009-03-15','2010-03-15','Donation',1,NULL,NULL,NULL,0,0),(87,179,1,'2009-03-14','2009-03-14','2011-03-14','Check',1,NULL,NULL,NULL,0,0),(88,276,3,'2009-03-13','2009-03-13',NULL,'Donation',1,NULL,NULL,NULL,0,0),(89,269,1,'2009-03-12','2009-03-12','2011-03-12','Check',1,NULL,NULL,NULL,0,0),(90,282,2,'2005-06-26','2005-06-26','2007-06-25','Payment',4,NULL,NULL,NULL,0,0),(91,194,1,'2009-03-10','2009-03-10','2011-03-10','Payment',1,NULL,NULL,NULL,0,0),(92,300,2,'2009-03-09','2009-03-09','2010-03-09','Check',1,NULL,NULL,NULL,0,0),(93,496,1,'2009-03-08','2009-03-08','2011-03-08','Donation',1,NULL,NULL,NULL,0,0),(94,380,2,'2009-03-07','2009-03-07','2010-03-07','Donation',1,NULL,NULL,NULL,0,0),(95,133,1,'2008-03-06','2008-03-06','2009-03-05','Payment',3,NULL,NULL,NULL,0,0),(96,158,2,'2009-03-05','2009-03-05','2010-03-05','Payment',1,NULL,NULL,NULL,0,0),(97,457,1,'2009-03-04','2009-03-04','2011-03-04','Payment',1,NULL,NULL,NULL,0,0),(98,333,2,'2009-03-03','2009-03-03','2010-03-03','Check',1,NULL,NULL,NULL,0,0),(99,438,3,'2009-03-02','2009-03-02',NULL,'Check',1,NULL,NULL,NULL,0,0),(100,246,2,'2008-03-01','2008-03-01','2009-02-28','Payment',3,NULL,NULL,NULL,0,0),(101,304,1,'2009-02-28','2009-02-28','2011-02-28','Check',1,NULL,NULL,NULL,0,0),(102,327,2,'2009-02-27','2009-02-27','2010-02-27','Payment',1,NULL,NULL,NULL,0,0),(103,444,1,'2009-02-26','2009-02-26','2011-02-26','Payment',1,NULL,NULL,NULL,0,0),(104,53,2,'2009-02-25','2009-02-25','2010-02-25','Payment',1,NULL,NULL,NULL,0,0),(105,407,1,'2008-02-25','2008-02-25','2009-02-24','Check',3,NULL,NULL,NULL,0,0),(106,63,2,'2009-02-23','2009-02-23','2010-02-23','Donation',1,NULL,NULL,NULL,0,0),(107,3,1,'2009-02-22','2009-02-22','2011-02-22','Check',1,NULL,NULL,NULL,0,0),(108,314,2,'2009-02-21','2009-02-21','2010-02-21','Payment',1,NULL,NULL,NULL,0,0),(109,291,1,'2009-02-20','2009-02-20','2011-02-20','Check',1,NULL,NULL,NULL,0,0),(110,487,3,'2009-02-19','2009-02-19',NULL,'Check',1,NULL,NULL,NULL,0,0),(111,311,1,'2009-02-18','2009-02-18','2011-02-18','Check',1,NULL,NULL,NULL,0,0),(112,389,2,'2009-02-17','2009-02-17','2010-02-17','Donation',1,NULL,NULL,NULL,0,0),(113,303,1,'2009-02-16','2009-02-16','2011-02-16','Donation',1,NULL,NULL,NULL,0,0),(114,270,2,'2009-02-15','2009-02-15','2010-02-15','Payment',1,NULL,NULL,NULL,0,0),(115,441,2,'2004-12-08','2004-12-08','2006-12-07','Check',4,NULL,NULL,NULL,0,0),(116,73,2,'2009-02-13','2009-02-13','2010-02-13','Donation',1,NULL,NULL,NULL,0,0),(117,145,1,'2009-02-12','2009-02-12','2011-02-12','Payment',1,NULL,NULL,NULL,0,0),(118,321,2,'2009-02-11','2009-02-11','2010-02-11','Donation',1,NULL,NULL,NULL,0,0),(119,2,1,'2009-02-10','2009-02-10','2011-02-10','Donation',1,NULL,NULL,NULL,0,0),(120,272,1,'2004-10-29','2004-10-29','2006-10-28','Payment',4,NULL,NULL,NULL,0,0),(121,151,3,'2009-02-08','2009-02-08',NULL,'Donation',1,NULL,NULL,NULL,0,0),(122,203,2,'2009-02-07','2009-02-07','2010-02-07','Check',1,NULL,NULL,NULL,0,0),(123,295,1,'2009-02-06','2009-02-06','2011-02-06','Payment',1,NULL,NULL,NULL,0,0),(124,220,2,'2009-02-05','2009-02-05','2010-02-05','Donation',1,NULL,NULL,NULL,0,0),(125,435,2,'2008-02-05','2008-02-05','2009-02-04','Check',3,NULL,NULL,NULL,0,0),(126,50,2,'2009-02-03','2009-02-03','2010-02-03','Check',1,NULL,NULL,NULL,0,0),(127,445,1,'2009-02-02','2009-02-02','2011-02-02','Donation',1,NULL,NULL,NULL,0,0),(128,432,2,'2009-02-01','2009-02-01','2010-02-01','Payment',1,NULL,NULL,NULL,0,0),(129,108,1,'2009-01-31','2009-01-31','2011-01-31','Donation',1,NULL,NULL,NULL,0,0),(130,330,2,'2008-01-31','2008-01-31','2009-01-30','Payment',3,NULL,NULL,NULL,0,0),(131,51,1,'2009-01-29','2009-01-29','2011-01-29','Payment',1,NULL,NULL,NULL,0,0),(132,172,3,'2009-01-28','2009-01-28',NULL,'Check',1,NULL,NULL,NULL,0,0),(133,378,1,'2009-01-27','2009-01-27','2011-01-27','Payment',1,NULL,NULL,NULL,0,0),(134,74,2,'2009-01-26','2009-01-26','2010-01-26','Payment',1,NULL,NULL,NULL,0,0),(135,346,1,'2008-01-26','2008-01-26','2009-01-25','Donation',3,NULL,NULL,NULL,0,0),(136,452,2,'2009-01-24','2009-01-24','2010-01-24','Donation',1,NULL,NULL,NULL,0,0),(137,297,1,'2009-01-23','2009-01-23','2011-01-23','Check',1,NULL,NULL,NULL,0,0),(138,14,2,'2009-01-22','2009-01-22','2010-01-22','Donation',1,NULL,NULL,NULL,0,0),(139,296,1,'2009-01-21','2009-01-21','2011-01-21','Check',1,NULL,NULL,NULL,0,0),(140,99,1,'2004-05-22','2004-05-22','2006-05-21','Check',4,NULL,NULL,NULL,0,0),(141,309,1,'2009-01-19','2009-01-19','2011-01-19','Check',1,NULL,NULL,NULL,0,0),(142,349,2,'2009-01-18','2009-01-18','2010-01-18','Donation',1,NULL,NULL,NULL,0,0),(143,38,3,'2009-01-17','2009-01-17',NULL,'Donation',1,NULL,NULL,NULL,0,0),(144,168,2,'2009-01-16','2009-01-16','2010-01-16','Donation',1,NULL,NULL,NULL,0,0),(145,46,1,'2004-04-12','2004-04-12','2006-04-11','Payment',4,NULL,NULL,NULL,0,0),(146,398,2,'2009-01-14','2009-01-14','2010-01-14','Payment',1,NULL,NULL,NULL,0,0),(147,354,1,'2009-01-13','2009-01-13','2011-01-13','Donation',1,NULL,NULL,NULL,0,0),(148,394,2,'2009-01-12','2009-01-12','2010-01-12','Check',1,NULL,NULL,NULL,0,0),(149,138,1,'2009-01-11','2009-01-11','2011-01-11','Donation',1,NULL,NULL,NULL,0,0),(150,221,1,'2008-01-11','2008-01-11','2009-01-10','Donation',3,NULL,NULL,NULL,0,0),(151,377,1,'2009-01-09','2009-01-09','2011-01-09','Payment',1,NULL,NULL,NULL,0,0),(152,159,2,'2009-01-08','2009-01-08','2010-01-08','Check',1,NULL,NULL,NULL,0,0),(153,210,1,'2009-01-07','2009-01-07','2011-01-07','Payment',1,NULL,NULL,NULL,0,0),(154,192,3,'2009-01-06','2009-01-06',NULL,'Payment',1,NULL,NULL,NULL,0,0),(155,369,2,'2008-01-06','2008-01-06','2009-01-05','Check',3,NULL,NULL,NULL,0,0),(156,209,2,'2009-01-04','2009-01-04','2010-01-04','Check',1,NULL,NULL,NULL,0,0),(157,154,1,'2009-01-03','2009-01-03','2011-01-03','Donation',1,NULL,NULL,NULL,0,0),(158,264,2,'2009-01-02','2009-01-02','2010-01-02','Payment',1,NULL,NULL,NULL,0,0),(159,83,1,'2009-01-01','2009-01-01','2011-01-01','Donation',1,NULL,NULL,NULL,0,0),(160,258,2,'2008-01-01','2008-01-01','2008-12-31','Donation',3,NULL,NULL,NULL,0,0),(161,455,1,'2008-12-30','2008-12-30','2010-12-30','Payment',1,NULL,NULL,NULL,0,0),(162,481,2,'2008-12-29','2008-12-29','2009-12-29','Payment',1,NULL,NULL,NULL,0,0),(163,403,1,'2008-12-28','2008-12-28','2010-12-28','Donation',1,NULL,NULL,NULL,0,0),(164,49,2,'2008-12-27','2008-12-27','2009-12-27','Payment',1,NULL,NULL,NULL,0,0),(165,198,3,'2008-12-26','2008-12-26',NULL,'Check',1,NULL,NULL,NULL,0,0),(166,351,2,'2008-12-25','2008-12-25','2009-12-25','Payment',1,NULL,NULL,NULL,0,0),(167,281,1,'2008-12-24','2008-12-24','2010-12-24','Donation',1,NULL,NULL,NULL,0,0),(168,219,2,'2008-12-23','2008-12-23','2009-12-23','Payment',1,NULL,NULL,NULL,0,0),(169,112,1,'2008-12-22','2008-12-22','2010-12-22','Payment',1,NULL,NULL,NULL,0,0),(170,317,1,'2007-12-22','2007-12-22','2008-12-21','Payment',3,NULL,NULL,NULL,0,0),(171,364,1,'2008-12-20','2008-12-20','2010-12-20','Donation',1,NULL,NULL,NULL,0,0),(172,284,2,'2008-12-19','2008-12-19','2009-12-19','Check',1,NULL,NULL,NULL,0,0),(173,383,1,'2008-12-18','2008-12-18','2010-12-18','Check',1,NULL,NULL,NULL,0,0),(174,237,2,'2008-12-17','2008-12-17','2009-12-17','Payment',1,NULL,NULL,NULL,0,0),(175,440,1,'2007-12-17','2007-12-17','2008-12-16','Payment',3,NULL,NULL,NULL,0,0),(176,256,3,'2008-12-15','2008-12-15',NULL,'Donation',1,NULL,NULL,NULL,0,0),(177,229,1,'2008-12-14','2008-12-14','2010-12-14','Donation',1,NULL,NULL,NULL,0,0),(178,238,2,'2008-12-13','2008-12-13','2009-12-13','Payment',1,NULL,NULL,NULL,0,0),(179,137,1,'2008-12-12','2008-12-12','2010-12-12','Payment',1,NULL,NULL,NULL,0,0),(180,454,1,'2003-07-07','2003-07-07','2005-07-06','Check',4,NULL,NULL,NULL,0,0),(181,456,1,'2008-12-10','2008-12-10','2010-12-10','Check',1,NULL,NULL,NULL,0,0),(182,160,2,'2008-12-09','2008-12-09','2009-12-09','Payment',1,NULL,NULL,NULL,0,0),(183,298,1,'2008-12-08','2008-12-08','2010-12-08','Donation',1,NULL,NULL,NULL,0,0),(184,228,2,'2008-12-07','2008-12-07','2009-12-07','Payment',1,NULL,NULL,NULL,0,0),(185,362,2,'2003-05-28','2003-05-28','2005-05-27','Check',4,NULL,NULL,NULL,0,0),(186,212,2,'2008-12-05','2008-12-05','2009-12-05','Check',1,NULL,NULL,NULL,0,0),(187,18,3,'2008-12-04','2008-12-04',NULL,'Payment',1,NULL,NULL,NULL,0,0),(188,434,2,'2008-12-03','2008-12-03','2009-12-03','Check',1,NULL,NULL,NULL,0,0),(189,147,1,'2008-12-02','2008-12-02','2010-12-02','Donation',1,NULL,NULL,NULL,0,0),(190,127,1,'2007-12-02','2007-12-02','2008-12-01','Donation',3,NULL,NULL,NULL,0,0),(191,4,1,'2008-11-30','2008-11-30','2010-11-30','Donation',1,NULL,NULL,NULL,0,0),(192,421,2,'2008-11-29','2008-11-29','2009-11-29','Payment',1,NULL,NULL,NULL,0,0),(193,253,1,'2008-11-28','2008-11-28','2010-11-28','Check',1,NULL,NULL,NULL,0,0),(194,85,2,'2008-11-27','2008-11-27','2009-11-27','Payment',1,NULL,NULL,NULL,0,0),(195,30,1,'2003-03-09','2003-03-09','2005-03-08','Check',4,NULL,NULL,NULL,0,0),(196,235,2,'2008-11-25','2008-11-25','2009-11-25','Donation',1,NULL,NULL,NULL,0,0),(197,214,1,'2008-11-24','2008-11-24','2010-11-24','Check',1,NULL,NULL,NULL,0,0),(198,169,3,'2008-11-23','2008-11-23',NULL,'Donation',1,NULL,NULL,NULL,0,0),(199,344,1,'2008-11-22','2008-11-22','2010-11-22','Payment',1,NULL,NULL,NULL,0,0),(200,189,2,'2007-11-22','2007-11-22','2008-11-21','Payment',3,NULL,NULL,NULL,0,0),(201,255,1,'2008-11-20','2008-11-20','2010-11-20','Donation',1,NULL,NULL,NULL,0,0),(202,199,2,'2008-11-19','2008-11-19','2009-11-19','Donation',1,NULL,NULL,NULL,0,0),(203,479,1,'2008-11-18','2008-11-18','2010-11-18','Payment',1,NULL,NULL,NULL,0,0),(204,110,2,'2008-11-17','2008-11-17','2009-11-17','Check',1,NULL,NULL,NULL,0,0),(205,451,2,'2002-12-19','2002-12-19','2004-12-18','Donation',4,NULL,NULL,NULL,0,0),(206,143,2,'2008-11-15','2008-11-15','2009-11-15','Donation',1,NULL,NULL,NULL,0,0),(207,307,1,'2008-11-14','2008-11-14','2010-11-14','Check',1,NULL,NULL,NULL,0,0),(208,20,2,'2008-11-13','2008-11-13','2009-11-13','Check',1,NULL,NULL,NULL,0,0),(209,213,3,'2008-11-12','2008-11-12',NULL,'Payment',1,NULL,NULL,NULL,0,0),(210,387,1,'2002-11-09','2002-11-09','2004-11-08','Donation',4,NULL,NULL,NULL,0,0),(211,326,1,'2008-11-10','2008-11-10','2010-11-10','Payment',1,NULL,NULL,NULL,0,0),(212,55,2,'2008-11-09','2008-11-09','2009-11-09','Check',1,NULL,NULL,NULL,0,0),(213,128,1,'2008-11-08','2008-11-08','2010-11-08','Payment',1,NULL,NULL,NULL,0,0),(214,173,2,'2008-11-07','2008-11-07','2009-11-07','Check',1,NULL,NULL,NULL,0,0),(215,247,2,'2002-09-30','2002-09-30','2004-09-29','Payment',4,NULL,NULL,NULL,0,0),(216,33,2,'2008-11-05','2008-11-05','2009-11-05','Donation',1,NULL,NULL,NULL,0,0),(217,336,1,'2008-11-04','2008-11-04','2010-11-04','Check',1,NULL,NULL,NULL,0,0),(218,175,2,'2008-11-03','2008-11-03','2009-11-03','Check',1,NULL,NULL,NULL,0,0),(219,22,1,'2008-11-02','2008-11-02','2010-11-02','Check',1,NULL,NULL,NULL,0,0),(220,375,3,'2008-11-01','2008-11-01',NULL,'Payment',1,NULL,NULL,NULL,0,0),(221,144,1,'2008-10-31','2008-10-31','2010-10-31','Payment',1,NULL,NULL,NULL,0,0),(222,206,2,'2008-10-30','2008-10-30','2009-10-30','Payment',1,NULL,NULL,NULL,0,0),(223,315,1,'2008-10-29','2008-10-29','2010-10-29','Donation',1,NULL,NULL,NULL,0,0),(224,340,2,'2008-10-28','2008-10-28','2009-10-28','Donation',1,NULL,NULL,NULL,0,0),(225,332,1,'2007-10-28','2007-10-28','2008-10-27','Check',3,NULL,NULL,NULL,0,0),(226,152,2,'2008-10-26','2008-10-26','2009-10-26','Payment',1,NULL,NULL,NULL,0,0),(227,385,1,'2008-10-25','2008-10-25','2010-10-25','Payment',1,NULL,NULL,NULL,0,0),(228,35,2,'2008-10-24','2008-10-24','2009-10-24','Payment',1,NULL,NULL,NULL,0,0),(229,204,1,'2008-10-23','2008-10-23','2010-10-23','Check',1,NULL,NULL,NULL,0,0),(230,288,2,'2002-06-02','2002-06-02','2004-06-01','Payment',4,NULL,NULL,NULL,0,0),(231,122,3,'2008-10-21','2008-10-21',NULL,'Payment',1,NULL,NULL,NULL,0,0),(232,182,2,'2008-10-20','2008-10-20','2009-10-20','Payment',1,NULL,NULL,NULL,0,0),(233,348,1,'2008-10-19','2008-10-19','2010-10-19','Donation',1,NULL,NULL,NULL,0,0),(234,361,2,'2008-10-18','2008-10-18','2009-10-18','Donation',1,NULL,NULL,NULL,0,0),(235,249,1,'2002-04-23','2002-04-23','2004-04-22','Payment',4,NULL,NULL,NULL,0,0),(236,467,2,'2008-10-16','2008-10-16','2009-10-16','Payment',1,NULL,NULL,NULL,0,0),(237,227,1,'2008-10-15','2008-10-15','2010-10-15','Donation',1,NULL,NULL,NULL,0,0),(238,211,2,'2008-10-14','2008-10-14','2009-10-14','Check',1,NULL,NULL,NULL,0,0),(239,200,1,'2008-10-13','2008-10-13','2010-10-13','Payment',1,NULL,NULL,NULL,0,0),(240,422,1,'2002-03-14','2002-03-14','2004-03-13','Donation',4,NULL,NULL,NULL,0,0),(241,161,1,'2008-10-11','2008-10-11','2010-10-11','Check',1,NULL,NULL,NULL,0,0),(242,265,3,'2008-10-10','2008-10-10',NULL,'Check',1,NULL,NULL,NULL,0,0),(243,117,1,'2008-10-09','2008-10-09','2010-10-09','Payment',1,NULL,NULL,NULL,0,0),(244,103,2,'2008-10-08','2008-10-08','2009-10-08','Payment',1,NULL,NULL,NULL,0,0),(245,396,2,'2002-02-02','2002-02-02','2004-02-01','Check',4,NULL,NULL,NULL,0,0),(246,92,2,'2008-10-06','2008-10-06','2009-10-06','Donation',1,NULL,NULL,NULL,0,0),(247,331,1,'2008-10-05','2008-10-05','2010-10-05','Check',1,NULL,NULL,NULL,0,0),(248,130,2,'2008-10-04','2008-10-04','2009-10-04','Check',1,NULL,NULL,NULL,0,0),(249,39,1,'2008-10-03','2008-10-03','2010-10-03','Payment',1,NULL,NULL,NULL,0,0),(250,328,1,'2001-12-24','2001-12-24','2003-12-23','Check',4,NULL,NULL,NULL,0,0),(251,139,1,'2008-10-01','2008-10-01','2010-10-01','Donation',1,NULL,NULL,NULL,0,0),(252,132,2,'2008-09-30','2008-09-30','2009-09-30','Payment',1,NULL,NULL,NULL,0,0),(253,397,3,'2008-09-29','2008-09-29',NULL,'Donation',1,NULL,NULL,NULL,0,0),(254,13,2,'2008-09-28','2008-09-28','2009-09-28','Check',1,NULL,NULL,NULL,0,0),(255,459,1,'2001-11-14','2001-11-14','2003-11-13','Payment',4,NULL,NULL,NULL,0,0),(256,131,2,'2008-09-26','2008-09-26','2009-09-26','Donation',1,NULL,NULL,NULL,0,0),(257,490,1,'2008-09-25','2008-09-25','2010-09-25','Check',1,NULL,NULL,NULL,0,0),(258,376,2,'2008-09-24','2008-09-24','2009-09-24','Check',1,NULL,NULL,NULL,0,0),(259,257,1,'2008-09-23','2008-09-23','2010-09-23','Payment',1,NULL,NULL,NULL,0,0),(260,461,2,'2001-10-05','2001-10-05','2003-10-04','Check',4,NULL,NULL,NULL,0,0),(261,353,1,'2008-09-21','2008-09-21','2010-09-21','Payment',1,NULL,NULL,NULL,0,0),(262,475,2,'2008-09-20','2008-09-20','2009-09-20','Check',1,NULL,NULL,NULL,0,0),(263,268,1,'2008-09-19','2008-09-19','2010-09-19','Check',1,NULL,NULL,NULL,0,0),(264,223,3,'2008-09-18','2008-09-18',NULL,'Donation',1,NULL,NULL,NULL,0,0),(265,37,1,'2007-09-18','2007-09-18','2008-09-17','Payment',3,NULL,NULL,NULL,0,0),(266,48,2,'2008-09-16','2008-09-16','2009-09-16','Donation',1,NULL,NULL,NULL,0,0),(267,305,1,'2008-09-15','2008-09-15','2010-09-15','Payment',1,NULL,NULL,NULL,0,0),(268,411,2,'2008-09-14','2008-09-14','2009-09-14','Donation',1,NULL,NULL,NULL,0,0),(269,68,1,'2008-09-13','2008-09-13','2010-09-13','Check',1,NULL,NULL,NULL,0,0),(270,489,2,'2007-09-13','2007-09-13','2008-09-12','Payment',3,NULL,NULL,NULL,0,0),(271,90,1,'2008-09-11','2008-09-11','2010-09-11','Donation',1,NULL,NULL,NULL,0,0),(272,70,2,'2008-09-10','2008-09-10','2009-09-10','Check',1,NULL,NULL,NULL,0,0),(273,488,1,'2008-09-09','2008-09-09','2010-09-09','Payment',1,NULL,NULL,NULL,0,0),(274,21,2,'2008-09-08','2008-09-08','2009-09-08','Donation',1,NULL,NULL,NULL,0,0),(275,101,3,'2008-09-07','2008-09-07',NULL,'Payment',1,NULL,NULL,NULL,0,0),(276,462,2,'2008-09-06','2008-09-06','2009-09-06','Donation',1,NULL,NULL,NULL,0,0),(277,52,1,'2008-09-05','2008-09-05','2010-09-05','Check',1,NULL,NULL,NULL,0,0),(278,244,2,'2008-09-04','2008-09-04','2009-09-04','Check',1,NULL,NULL,NULL,0,0),(279,355,1,'2008-09-03','2008-09-03','2010-09-03','Donation',1,NULL,NULL,NULL,0,0),(280,379,2,'2007-09-03','2007-09-03','2008-09-02','Donation',3,NULL,NULL,NULL,0,0),(281,58,1,'2008-09-01','2008-09-01','2010-09-01','Payment',1,NULL,NULL,NULL,0,0),(282,140,2,'2008-08-31','2008-08-31','2009-08-31','Donation',1,NULL,NULL,NULL,0,0),(283,185,1,'2008-08-30','2008-08-30','2010-08-30','Donation',1,NULL,NULL,NULL,0,0),(284,316,2,'2008-08-29','2008-08-29','2009-08-29','Donation',1,NULL,NULL,NULL,0,0),(285,382,2,'2007-08-29','2007-08-29','2008-08-28','Check',3,NULL,NULL,NULL,0,0),(286,242,3,'2008-08-27','2008-08-27',NULL,'Payment',1,NULL,NULL,NULL,0,0),(287,449,1,'2008-08-26','2008-08-26','2010-08-26','Payment',1,NULL,NULL,NULL,0,0),(288,274,2,'2008-08-25','2008-08-25','2009-08-25','Payment',1,NULL,NULL,NULL,0,0),(289,430,1,'2008-08-24','2008-08-24','2010-08-24','Donation',1,NULL,NULL,NULL,0,0),(290,453,2,'2001-02-07','2001-02-07','2003-02-06','Donation',4,NULL,NULL,NULL,0,0),(291,125,1,'2008-08-22','2008-08-22','2010-08-22','Check',1,NULL,NULL,NULL,0,0),(292,67,2,'2008-08-21','2008-08-21','2009-08-21','Check',1,NULL,NULL,NULL,0,0),(293,166,1,'2008-08-20','2008-08-20','2010-08-20','Payment',1,NULL,NULL,NULL,0,0),(294,252,2,'2008-08-19','2008-08-19','2009-08-19','Donation',1,NULL,NULL,NULL,0,0),(295,433,1,'2007-08-19','2007-08-19','2008-08-18','Check',3,NULL,NULL,NULL,0,0),(296,404,2,'2008-08-17','2008-08-17','2009-08-17','Check',1,NULL,NULL,NULL,0,0),(297,373,3,'2008-08-16','2008-08-16',NULL,'Donation',1,NULL,NULL,NULL,0,0),(298,36,2,'2008-08-15','2008-08-15','2009-08-15','Check',1,NULL,NULL,NULL,0,0),(299,465,1,'2008-08-14','2008-08-14','2010-08-14','Payment',1,NULL,NULL,NULL,0,0),(300,395,2,'2000-11-19','2000-11-19','2002-11-18','Donation',4,NULL,NULL,NULL,0,0),(301,107,1,'2008-08-12','2008-08-12','2010-08-12','Payment',1,NULL,NULL,NULL,0,0),(302,76,2,'2008-08-11','2008-08-11','2009-08-11','Payment',1,NULL,NULL,NULL,0,0),(303,400,1,'2008-08-10','2008-08-10','2010-08-10','Payment',1,NULL,NULL,NULL,0,0),(304,241,2,'2008-08-09','2008-08-09','2009-08-09','Donation',1,NULL,NULL,NULL,0,0),(305,368,1,'2007-08-09','2007-08-09','2008-08-08','Payment',3,NULL,NULL,NULL,0,0),(306,243,2,'2008-08-07','2008-08-07','2009-08-07','Check',1,NULL,NULL,NULL,0,0),(307,392,1,'2008-08-06','2008-08-06','2010-08-06','Donation',1,NULL,NULL,NULL,0,0),(308,164,3,'2008-08-05','2008-08-05',NULL,'Check',1,NULL,NULL,NULL,0,0),(309,205,1,'2008-08-04','2008-08-04','2010-08-04','Check',1,NULL,NULL,NULL,0,0),(310,251,2,'2007-08-04','2007-08-04','2008-08-03','Payment',3,NULL,NULL,NULL,0,0),(311,485,1,'2008-08-02','2008-08-02','2010-08-02','Donation',1,NULL,NULL,NULL,0,0),(312,136,2,'2008-08-01','2008-08-01','2009-08-01','Payment',1,NULL,NULL,NULL,0,0),(313,493,1,'2008-07-31','2008-07-31','2010-07-31','Donation',1,NULL,NULL,NULL,0,0),(314,484,2,'2008-07-30','2008-07-30','2009-07-30','Donation',1,NULL,NULL,NULL,0,0),(315,104,2,'2007-07-30','2007-07-30','2008-07-29','Payment',3,NULL,NULL,NULL,0,0),(316,208,2,'2008-07-28','2008-07-28','2009-07-28','Payment',1,NULL,NULL,NULL,0,0),(317,87,1,'2008-07-27','2008-07-27','2010-07-27','Payment',1,NULL,NULL,NULL,0,0),(318,167,2,'2008-07-26','2008-07-26','2009-07-26','Check',1,NULL,NULL,NULL,0,0),(319,184,3,'2008-07-25','2008-07-25',NULL,'Payment',1,NULL,NULL,NULL,0,0),(320,126,1,'2007-07-25','2007-07-25','2008-07-24','Donation',3,NULL,NULL,NULL,0,0),(321,337,1,'2008-07-23','2008-07-23','2010-07-23','Donation',1,NULL,NULL,NULL,0,0),(322,273,2,'2008-07-22','2008-07-22','2009-07-22','Payment',1,NULL,NULL,NULL,0,0),(323,171,1,'2008-07-21','2008-07-21','2010-07-21','Check',1,NULL,NULL,NULL,0,0),(324,201,2,'2008-07-20','2008-07-20','2009-07-20','Check',1,NULL,NULL,NULL,0,0),(325,293,1,'2007-07-20','2007-07-20','2008-07-19','Check',3,NULL,NULL,NULL,0,0),(326,285,2,'2008-07-18','2008-07-18','2009-07-18','Check',1,NULL,NULL,NULL,0,0),(327,15,1,'2008-07-17','2008-07-17','2010-07-17','Payment',1,NULL,NULL,NULL,0,0),(328,494,2,'2008-07-16','2008-07-16','2009-07-16','Payment',1,NULL,NULL,NULL,0,0),(329,363,1,'2008-07-15','2008-07-15','2010-07-15','Payment',1,NULL,NULL,NULL,0,0),(330,319,3,'2008-07-14','2008-07-14',NULL,'Payment',1,NULL,NULL,NULL,0,0),(331,32,1,'2008-07-13','2008-07-13','2010-07-13','Check',1,NULL,NULL,NULL,0,0),(332,501,2,'2008-07-12','2008-07-12','2009-07-12','Payment',1,NULL,NULL,NULL,0,0),(333,499,1,'2008-07-11','2008-07-11','2010-07-11','Donation',1,NULL,NULL,NULL,0,0),(334,477,2,'2008-07-10','2008-07-10','2009-07-10','Donation',1,NULL,NULL,NULL,0,0),(335,275,2,'2007-07-10','2007-07-10','2008-07-09','Check',3,NULL,NULL,NULL,0,0),(336,231,2,'2008-07-08','2008-07-08','2009-07-08','Check',1,NULL,NULL,NULL,0,0),(337,45,1,'2008-07-07','2008-07-07','2010-07-07','Donation',1,NULL,NULL,NULL,0,0),(338,162,2,'2008-07-06','2008-07-06','2009-07-06','Check',1,NULL,NULL,NULL,0,0),(339,57,1,'2008-07-05','2008-07-05','2010-07-05','Donation',1,NULL,NULL,NULL,0,0),(340,89,2,'2007-07-05','2007-07-05','2008-07-04','Donation',3,NULL,NULL,NULL,0,0),(341,216,3,'2008-07-03','2008-07-03',NULL,'Payment',1,NULL,NULL,NULL,0,0),(342,187,2,'2008-07-02','2008-07-02','2009-07-02','Check',1,NULL,NULL,NULL,0,0),(343,34,1,'2008-07-01','2008-07-01','2010-07-01','Payment',1,NULL,NULL,NULL,0,0),(344,286,2,'2008-06-30','2008-06-30','2009-06-30','Payment',1,NULL,NULL,NULL,0,0),(345,292,2,'2007-06-30','2007-06-30','2008-06-29','Payment',3,NULL,NULL,NULL,0,0),(346,386,2,'2008-06-28','2008-06-28','2009-06-28','Donation',1,NULL,NULL,NULL,0,0),(347,29,1,'2008-06-27','2008-06-27','2010-06-27','Check',1,NULL,NULL,NULL,0,0),(348,424,2,'2008-06-26','2008-06-26','2009-06-26','Donation',1,NULL,NULL,NULL,0,0),(349,267,1,'2008-06-25','2008-06-25','2010-06-25','Donation',1,NULL,NULL,NULL,0,0),(350,357,2,'2007-06-25','2007-06-25','2008-06-24','Check',3,NULL,NULL,NULL,0,0);
/*!40000 ALTER TABLE `civicrm_membership` ENABLE KEYS */;
UNLOCK TABLES;

--
-- Dumping data for table `civicrm_membership_block`
--

LOCK TABLES `civicrm_membership_block` WRITE;
/*!40000 ALTER TABLE `civicrm_membership_block` DISABLE KEYS */;
INSERT INTO `civicrm_membership_block` (`id`, `entity_table`, `entity_id`, `membership_types`, `membership_type_default`, `display_min_fee`, `is_separate_payment`, `new_title`, `new_text`, `renewal_title`, `renewal_text`, `is_required`, `is_active`) VALUES (1,'civicrm_contribution_page',2,'1,2',1,1,NULL,'Membership Levels and Fees','Please select the appropriate membership level below. You will have a chance to review your selection and the corresponding dues on the next page prior to your credit card being charged.','Renew or Upgrade Your Membership','Information on your current membership level and expiration date is shown below. You may renew or upgrade at any time - but don\'t let your membership lapse!',1,1);
/*!40000 ALTER TABLE `civicrm_membership_block` ENABLE KEYS */;
UNLOCK TABLES;

--
-- Dumping data for table `civicrm_membership_log`
--

LOCK TABLES `civicrm_membership_log` WRITE;
/*!40000 ALTER TABLE `civicrm_membership_log` DISABLE KEYS */;
INSERT INTO `civicrm_membership_log` (`id`, `membership_id`, `status_id`, `start_date`, `end_date`, `modified_id`, `modified_date`, `renewal_reminder_date`) VALUES (1,1,1,'2009-06-08','2011-06-08',263,'2009-06-08',NULL),(2,2,1,'2009-06-07','2010-06-07',120,'2009-06-08',NULL),(3,3,1,'2009-06-06','2011-06-06',474,'2009-06-08',NULL),(4,4,1,'2009-06-05','2010-06-05',170,'2009-06-08',NULL),(5,5,3,'2008-06-04','2009-06-03',40,'2009-06-08',NULL),(6,6,1,'2009-06-03','2010-06-03',324,'2009-06-08',NULL),(7,7,1,'2009-06-02','2011-06-02',156,'2009-06-08',NULL),(8,8,1,'2009-06-01','2010-06-01',320,'2009-06-08',NULL),(9,9,1,'2009-05-31','2011-05-31',312,'2009-06-08',NULL),(10,10,4,'2007-03-28','2009-03-27',466,'2009-06-08',NULL),(11,11,1,'2009-05-29',NULL,478,'2009-06-08',NULL),(12,12,1,'2009-05-28','2010-05-28',82,'2009-06-08',NULL),(13,13,1,'2009-05-27','2011-05-27',27,'2009-06-08',NULL),(14,14,1,'2009-05-26','2010-05-26',261,'2009-06-08',NULL),(15,15,3,'2008-05-25','2009-05-24',129,'2009-06-08',NULL),(16,16,1,'2009-05-24','2010-05-24',181,'2009-06-08',NULL),(17,17,1,'2009-05-23','2011-05-23',322,'2009-06-08',NULL),(18,18,1,'2009-05-22','2010-05-22',79,'2009-06-08',NULL),(19,19,1,'2009-05-21','2011-05-21',289,'2009-06-08',NULL),(20,20,3,'2008-05-20','2009-05-19',88,'2009-06-08',NULL),(21,21,1,'2009-05-19','2011-05-19',94,'2009-06-08',NULL),(22,22,1,'2009-05-18',NULL,287,'2009-06-08',NULL),(23,23,1,'2009-05-17','2011-05-17',290,'2009-06-08',NULL),(24,24,1,'2009-05-16','2010-05-16',119,'2009-06-08',NULL),(25,25,4,'2006-11-28','2008-11-27',123,'2009-06-08',NULL),(26,26,1,'2009-05-14','2010-05-14',460,'2009-06-08',NULL),(27,27,1,'2009-05-13','2011-05-13',183,'2009-06-08',NULL),(28,28,1,'2009-05-12','2010-05-12',260,'2009-06-08',NULL),(29,29,1,'2009-05-11','2011-05-11',259,'2009-06-08',NULL),(30,30,4,'2006-10-19','2008-10-18',180,'2009-06-08',NULL),(31,31,1,'2009-05-09','2011-05-09',345,'2009-06-08',NULL),(32,32,1,'2009-05-08','2010-05-08',359,'2009-06-08',NULL),(33,33,1,'2009-05-07',NULL,399,'2009-06-08',NULL),(34,34,1,'2009-05-06','2010-05-06',393,'2009-06-08',NULL),(35,35,3,'2008-05-05','2009-05-04',56,'2009-06-08',NULL),(36,36,1,'2009-05-04','2010-05-04',69,'2009-06-08',NULL),(37,37,1,'2009-05-03','2011-05-03',98,'2009-06-08',NULL),(38,38,1,'2009-05-02','2010-05-02',222,'2009-06-08',NULL),(39,39,1,'2009-05-01','2011-05-01',135,'2009-06-08',NULL),(40,40,3,'2008-04-30','2009-04-29',409,'2009-06-08',NULL),(41,41,1,'2009-04-29','2011-04-29',24,'2009-06-08',NULL),(42,42,1,'2009-04-28','2010-04-28',436,'2009-06-08',NULL),(43,43,1,'2009-04-27','2011-04-27',423,'2009-06-08',NULL),(44,44,1,'2009-04-26',NULL,97,'2009-06-08',NULL),(45,45,3,'2008-04-25','2009-04-24',230,'2009-06-08',NULL),(46,46,1,'2009-04-24','2010-04-24',480,'2009-06-08',NULL),(47,47,1,'2009-04-23','2011-04-23',417,'2009-06-08',NULL),(48,48,1,'2009-04-22','2010-04-22',23,'2009-06-08',NULL),(49,49,1,'2009-04-21','2011-04-21',443,'2009-06-08',NULL),(50,50,3,'2008-04-20','2009-04-19',176,'2009-06-08',NULL),(51,51,1,'2009-04-19','2011-04-19',157,'2009-06-08',NULL),(52,52,1,'2009-04-18','2010-04-18',113,'2009-06-08',NULL),(53,53,1,'2009-04-17','2011-04-17',84,'2009-06-08',NULL),(54,54,1,'2009-04-16','2010-04-16',11,'2009-06-08',NULL),(55,55,1,'2009-04-15',NULL,464,'2009-06-08',NULL),(56,56,1,'2009-04-14','2010-04-14',410,'2009-06-08',NULL),(57,57,1,'2009-04-13','2011-04-13',469,'2009-06-08',NULL),(58,58,1,'2009-04-12','2010-04-12',86,'2009-06-08',NULL),(59,59,1,'2009-04-11','2011-04-11',5,'2009-06-08',NULL),(60,60,3,'2008-04-10','2009-04-09',405,'2009-06-08',NULL),(61,61,1,'2009-04-09','2011-04-09',420,'2009-06-08',NULL),(62,62,1,'2009-04-08','2010-04-08',218,'2009-06-08',NULL),(63,63,1,'2009-04-07','2011-04-07',188,'2009-06-08',NULL),(64,64,1,'2009-04-06','2010-04-06',6,'2009-06-08',NULL),(65,65,3,'2008-04-05','2009-04-04',250,'2009-06-08',NULL),(66,66,1,'2009-04-04',NULL,342,'2009-06-08',NULL),(67,67,1,'2009-04-03','2011-04-03',278,'2009-06-08',NULL),(68,68,1,'2009-04-02','2010-04-02',12,'2009-06-08',NULL),(69,69,1,'2009-04-01','2011-04-01',165,'2009-06-08',NULL),(70,70,4,'2005-12-03','2007-12-02',262,'2009-06-08',NULL),(71,71,1,'2009-03-30','2011-03-30',473,'2009-06-08',NULL),(72,72,1,'2009-03-29','2010-03-29',71,'2009-06-08',NULL),(73,73,1,'2009-03-28','2011-03-28',323,'2009-06-08',NULL),(74,74,1,'2009-03-27','2010-03-27',78,'2009-06-08',NULL),(75,75,3,'2008-03-26','2009-03-25',196,'2009-06-08',NULL),(76,76,1,'2009-03-25','2010-03-25',483,'2009-06-08',NULL),(77,77,1,'2009-03-24',NULL,31,'2009-06-08',NULL),(78,78,1,'2009-03-23','2010-03-23',468,'2009-06-08',NULL),(79,79,1,'2009-03-22','2011-03-22',8,'2009-06-08',NULL),(80,80,3,'2008-03-21','2009-03-20',217,'2009-06-08',NULL),(81,81,1,'2009-03-20','2011-03-20',153,'2009-06-08',NULL),(82,82,1,'2009-03-19','2010-03-19',193,'2009-06-08',NULL),(83,83,1,'2009-03-18','2011-03-18',239,'2009-06-08',NULL),(84,84,1,'2009-03-17','2010-03-17',7,'2009-06-08',NULL),(85,85,3,'2008-03-16','2009-03-15',245,'2009-06-08',NULL),(86,86,1,'2009-03-15','2010-03-15',19,'2009-06-08',NULL),(87,87,1,'2009-03-14','2011-03-14',179,'2009-06-08',NULL),(88,88,1,'2009-03-13',NULL,276,'2009-06-08',NULL),(89,89,1,'2009-03-12','2011-03-12',269,'2009-06-08',NULL),(90,90,4,'2005-06-26','2007-06-25',282,'2009-06-08',NULL),(91,91,1,'2009-03-10','2011-03-10',194,'2009-06-08',NULL),(92,92,1,'2009-03-09','2010-03-09',300,'2009-06-08',NULL),(93,93,1,'2009-03-08','2011-03-08',496,'2009-06-08',NULL),(94,94,1,'2009-03-07','2010-03-07',380,'2009-06-08',NULL),(95,95,3,'2008-03-06','2009-03-05',133,'2009-06-08',NULL),(96,96,1,'2009-03-05','2010-03-05',158,'2009-06-08',NULL),(97,97,1,'2009-03-04','2011-03-04',457,'2009-06-08',NULL),(98,98,1,'2009-03-03','2010-03-03',333,'2009-06-08',NULL),(99,99,1,'2009-03-02',NULL,438,'2009-06-08',NULL),(100,100,3,'2008-03-01','2009-02-28',246,'2009-06-08',NULL),(101,101,1,'2009-02-28','2011-02-28',304,'2009-06-08',NULL),(102,102,1,'2009-02-27','2010-02-27',327,'2009-06-08',NULL),(103,103,1,'2009-02-26','2011-02-26',444,'2009-06-08',NULL),(104,104,1,'2009-02-25','2010-02-25',53,'2009-06-08',NULL),(105,105,3,'2008-02-25','2009-02-24',407,'2009-06-08',NULL),(106,106,1,'2009-02-23','2010-02-23',63,'2009-06-08',NULL),(107,107,1,'2009-02-22','2011-02-22',3,'2009-06-08',NULL),(108,108,1,'2009-02-21','2010-02-21',314,'2009-06-08',NULL),(109,109,1,'2009-02-20','2011-02-20',291,'2009-06-08',NULL),(110,110,1,'2009-02-19',NULL,487,'2009-06-08',NULL),(111,111,1,'2009-02-18','2011-02-18',311,'2009-06-08',NULL),(112,112,1,'2009-02-17','2010-02-17',389,'2009-06-08',NULL),(113,113,1,'2009-02-16','2011-02-16',303,'2009-06-08',NULL),(114,114,1,'2009-02-15','2010-02-15',270,'2009-06-08',NULL),(115,115,4,'2004-12-08','2006-12-07',441,'2009-06-08',NULL),(116,116,1,'2009-02-13','2010-02-13',73,'2009-06-08',NULL),(117,117,1,'2009-02-12','2011-02-12',145,'2009-06-08',NULL),(118,118,1,'2009-02-11','2010-02-11',321,'2009-06-08',NULL),(119,119,1,'2009-02-10','2011-02-10',2,'2009-06-08',NULL),(120,120,4,'2004-10-29','2006-10-28',272,'2009-06-08',NULL),(121,121,1,'2009-02-08',NULL,151,'2009-06-08',NULL),(122,122,1,'2009-02-07','2010-02-07',203,'2009-06-08',NULL),(123,123,1,'2009-02-06','2011-02-06',295,'2009-06-08',NULL),(124,124,1,'2009-02-05','2010-02-05',220,'2009-06-08',NULL),(125,125,3,'2008-02-05','2009-02-04',435,'2009-06-08',NULL),(126,126,1,'2009-02-03','2010-02-03',50,'2009-06-08',NULL),(127,127,1,'2009-02-02','2011-02-02',445,'2009-06-08',NULL),(128,128,1,'2009-02-01','2010-02-01',432,'2009-06-08',NULL),(129,129,1,'2009-01-31','2011-01-31',108,'2009-06-08',NULL),(130,130,3,'2008-01-31','2009-01-30',330,'2009-06-08',NULL),(131,131,1,'2009-01-29','2011-01-29',51,'2009-06-08',NULL),(132,132,1,'2009-01-28',NULL,172,'2009-06-08',NULL),(133,133,1,'2009-01-27','2011-01-27',378,'2009-06-08',NULL),(134,134,1,'2009-01-26','2010-01-26',74,'2009-06-08',NULL),(135,135,3,'2008-01-26','2009-01-25',346,'2009-06-08',NULL),(136,136,1,'2009-01-24','2010-01-24',452,'2009-06-08',NULL),(137,137,1,'2009-01-23','2011-01-23',297,'2009-06-08',NULL),(138,138,1,'2009-01-22','2010-01-22',14,'2009-06-08',NULL),(139,139,1,'2009-01-21','2011-01-21',296,'2009-06-08',NULL),(140,140,4,'2004-05-22','2006-05-21',99,'2009-06-08',NULL),(141,141,1,'2009-01-19','2011-01-19',309,'2009-06-08',NULL),(142,142,1,'2009-01-18','2010-01-18',349,'2009-06-08',NULL),(143,143,1,'2009-01-17',NULL,38,'2009-06-08',NULL),(144,144,1,'2009-01-16','2010-01-16',168,'2009-06-08',NULL),(145,145,4,'2004-04-12','2006-04-11',46,'2009-06-08',NULL),(146,146,1,'2009-01-14','2010-01-14',398,'2009-06-08',NULL),(147,147,1,'2009-01-13','2011-01-13',354,'2009-06-08',NULL),(148,148,1,'2009-01-12','2010-01-12',394,'2009-06-08',NULL),(149,149,1,'2009-01-11','2011-01-11',138,'2009-06-08',NULL),(150,150,3,'2008-01-11','2009-01-10',221,'2009-06-08',NULL),(151,151,1,'2009-01-09','2011-01-09',377,'2009-06-08',NULL),(152,152,1,'2009-01-08','2010-01-08',159,'2009-06-08',NULL),(153,153,1,'2009-01-07','2011-01-07',210,'2009-06-08',NULL),(154,154,1,'2009-01-06',NULL,192,'2009-06-08',NULL),(155,155,3,'2008-01-06','2009-01-05',369,'2009-06-08',NULL),(156,156,1,'2009-01-04','2010-01-04',209,'2009-06-08',NULL),(157,157,1,'2009-01-03','2011-01-03',154,'2009-06-08',NULL),(158,158,1,'2009-01-02','2010-01-02',264,'2009-06-08',NULL),(159,159,1,'2009-01-01','2011-01-01',83,'2009-06-08',NULL),(160,160,3,'2008-01-01','2008-12-31',258,'2009-06-08',NULL),(161,161,1,'2008-12-30','2010-12-30',455,'2009-06-08',NULL),(162,162,1,'2008-12-29','2009-12-29',481,'2009-06-08',NULL),(163,163,1,'2008-12-28','2010-12-28',403,'2009-06-08',NULL),(164,164,1,'2008-12-27','2009-12-27',49,'2009-06-08',NULL),(165,165,1,'2008-12-26',NULL,198,'2009-06-08',NULL),(166,166,1,'2008-12-25','2009-12-25',351,'2009-06-08',NULL),(167,167,1,'2008-12-24','2010-12-24',281,'2009-06-08',NULL),(168,168,1,'2008-12-23','2009-12-23',219,'2009-06-08',NULL),(169,169,1,'2008-12-22','2010-12-22',112,'2009-06-08',NULL),(170,170,3,'2007-12-22','2008-12-21',317,'2009-06-08',NULL),(171,171,1,'2008-12-20','2010-12-20',364,'2009-06-08',NULL),(172,172,1,'2008-12-19','2009-12-19',284,'2009-06-08',NULL),(173,173,1,'2008-12-18','2010-12-18',383,'2009-06-08',NULL),(174,174,1,'2008-12-17','2009-12-17',237,'2009-06-08',NULL),(175,175,3,'2007-12-17','2008-12-16',440,'2009-06-08',NULL),(176,176,1,'2008-12-15',NULL,256,'2009-06-08',NULL),(177,177,1,'2008-12-14','2010-12-14',229,'2009-06-08',NULL),(178,178,1,'2008-12-13','2009-12-13',238,'2009-06-08',NULL),(179,179,1,'2008-12-12','2010-12-12',137,'2009-06-08',NULL),(180,180,4,'2003-07-07','2005-07-06',454,'2009-06-08',NULL),(181,181,1,'2008-12-10','2010-12-10',456,'2009-06-08',NULL),(182,182,1,'2008-12-09','2009-12-09',160,'2009-06-08',NULL),(183,183,1,'2008-12-08','2010-12-08',298,'2009-06-08',NULL),(184,184,1,'2008-12-07','2009-12-07',228,'2009-06-08',NULL),(185,185,4,'2003-05-28','2005-05-27',362,'2009-06-08',NULL),(186,186,1,'2008-12-05','2009-12-05',212,'2009-06-08',NULL),(187,187,1,'2008-12-04',NULL,18,'2009-06-08',NULL),(188,188,1,'2008-12-03','2009-12-03',434,'2009-06-08',NULL),(189,189,1,'2008-12-02','2010-12-02',147,'2009-06-08',NULL),(190,190,3,'2007-12-02','2008-12-01',127,'2009-06-08',NULL),(191,191,1,'2008-11-30','2010-11-30',4,'2009-06-08',NULL),(192,192,1,'2008-11-29','2009-11-29',421,'2009-06-08',NULL),(193,193,1,'2008-11-28','2010-11-28',253,'2009-06-08',NULL),(194,194,1,'2008-11-27','2009-11-27',85,'2009-06-08',NULL),(195,195,4,'2003-03-09','2005-03-08',30,'2009-06-08',NULL),(196,196,1,'2008-11-25','2009-11-25',235,'2009-06-08',NULL),(197,197,1,'2008-11-24','2010-11-24',214,'2009-06-08',NULL),(198,198,1,'2008-11-23',NULL,169,'2009-06-08',NULL),(199,199,1,'2008-11-22','2010-11-22',344,'2009-06-08',NULL),(200,200,3,'2007-11-22','2008-11-21',189,'2009-06-08',NULL),(201,201,1,'2008-11-20','2010-11-20',255,'2009-06-08',NULL),(202,202,1,'2008-11-19','2009-11-19',199,'2009-06-08',NULL),(203,203,1,'2008-11-18','2010-11-18',479,'2009-06-08',NULL),(204,204,1,'2008-11-17','2009-11-17',110,'2009-06-08',NULL),(205,205,4,'2002-12-19','2004-12-18',451,'2009-06-08',NULL),(206,206,1,'2008-11-15','2009-11-15',143,'2009-06-08',NULL),(207,207,1,'2008-11-14','2010-11-14',307,'2009-06-08',NULL),(208,208,1,'2008-11-13','2009-11-13',20,'2009-06-08',NULL),(209,209,1,'2008-11-12',NULL,213,'2009-06-08',NULL),(210,210,4,'2002-11-09','2004-11-08',387,'2009-06-08',NULL),(211,211,1,'2008-11-10','2010-11-10',326,'2009-06-08',NULL),(212,212,1,'2008-11-09','2009-11-09',55,'2009-06-08',NULL),(213,213,1,'2008-11-08','2010-11-08',128,'2009-06-08',NULL),(214,214,1,'2008-11-07','2009-11-07',173,'2009-06-08',NULL),(215,215,4,'2002-09-30','2004-09-29',247,'2009-06-08',NULL),(216,216,1,'2008-11-05','2009-11-05',33,'2009-06-08',NULL),(217,217,1,'2008-11-04','2010-11-04',336,'2009-06-08',NULL),(218,218,1,'2008-11-03','2009-11-03',175,'2009-06-08',NULL),(219,219,1,'2008-11-02','2010-11-02',22,'2009-06-08',NULL),(220,220,1,'2008-11-01',NULL,375,'2009-06-08',NULL),(221,221,1,'2008-10-31','2010-10-31',144,'2009-06-08',NULL),(222,222,1,'2008-10-30','2009-10-30',206,'2009-06-08',NULL),(223,223,1,'2008-10-29','2010-10-29',315,'2009-06-08',NULL),(224,224,1,'2008-10-28','2009-10-28',340,'2009-06-08',NULL),(225,225,3,'2007-10-28','2008-10-27',332,'2009-06-08',NULL),(226,226,1,'2008-10-26','2009-10-26',152,'2009-06-08',NULL),(227,227,1,'2008-10-25','2010-10-25',385,'2009-06-08',NULL),(228,228,1,'2008-10-24','2009-10-24',35,'2009-06-08',NULL),(229,229,1,'2008-10-23','2010-10-23',204,'2009-06-08',NULL),(230,230,4,'2002-06-02','2004-06-01',288,'2009-06-08',NULL),(231,231,1,'2008-10-21',NULL,122,'2009-06-08',NULL),(232,232,1,'2008-10-20','2009-10-20',182,'2009-06-08',NULL),(233,233,1,'2008-10-19','2010-10-19',348,'2009-06-08',NULL),(234,234,1,'2008-10-18','2009-10-18',361,'2009-06-08',NULL),(235,235,4,'2002-04-23','2004-04-22',249,'2009-06-08',NULL),(236,236,1,'2008-10-16','2009-10-16',467,'2009-06-08',NULL),(237,237,1,'2008-10-15','2010-10-15',227,'2009-06-08',NULL),(238,238,1,'2008-10-14','2009-10-14',211,'2009-06-08',NULL),(239,239,1,'2008-10-13','2010-10-13',200,'2009-06-08',NULL),(240,240,4,'2002-03-14','2004-03-13',422,'2009-06-08',NULL),(241,241,1,'2008-10-11','2010-10-11',161,'2009-06-08',NULL),(242,242,1,'2008-10-10',NULL,265,'2009-06-08',NULL),(243,243,1,'2008-10-09','2010-10-09',117,'2009-06-08',NULL),(244,244,1,'2008-10-08','2009-10-08',103,'2009-06-08',NULL),(245,245,4,'2002-02-02','2004-02-01',396,'2009-06-08',NULL),(246,246,1,'2008-10-06','2009-10-06',92,'2009-06-08',NULL),(247,247,1,'2008-10-05','2010-10-05',331,'2009-06-08',NULL),(248,248,1,'2008-10-04','2009-10-04',130,'2009-06-08',NULL),(249,249,1,'2008-10-03','2010-10-03',39,'2009-06-08',NULL),(250,250,4,'2001-12-24','2003-12-23',328,'2009-06-08',NULL),(251,251,1,'2008-10-01','2010-10-01',139,'2009-06-08',NULL),(252,252,1,'2008-09-30','2009-09-30',132,'2009-06-08',NULL),(253,253,1,'2008-09-29',NULL,397,'2009-06-08',NULL),(254,254,1,'2008-09-28','2009-09-28',13,'2009-06-08',NULL),(255,255,4,'2001-11-14','2003-11-13',459,'2009-06-08',NULL),(256,256,1,'2008-09-26','2009-09-26',131,'2009-06-08',NULL),(257,257,1,'2008-09-25','2010-09-25',490,'2009-06-08',NULL),(258,258,1,'2008-09-24','2009-09-24',376,'2009-06-08',NULL),(259,259,1,'2008-09-23','2010-09-23',257,'2009-06-08',NULL),(260,260,4,'2001-10-05','2003-10-04',461,'2009-06-08',NULL),(261,261,1,'2008-09-21','2010-09-21',353,'2009-06-08',NULL),(262,262,1,'2008-09-20','2009-09-20',475,'2009-06-08',NULL),(263,263,1,'2008-09-19','2010-09-19',268,'2009-06-08',NULL),(264,264,1,'2008-09-18',NULL,223,'2009-06-08',NULL),(265,265,3,'2007-09-18','2008-09-17',37,'2009-06-08',NULL),(266,266,1,'2008-09-16','2009-09-16',48,'2009-06-08',NULL),(267,267,1,'2008-09-15','2010-09-15',305,'2009-06-08',NULL),(268,268,1,'2008-09-14','2009-09-14',411,'2009-06-08',NULL),(269,269,1,'2008-09-13','2010-09-13',68,'2009-06-08',NULL),(270,270,3,'2007-09-13','2008-09-12',489,'2009-06-08',NULL),(271,271,1,'2008-09-11','2010-09-11',90,'2009-06-08',NULL),(272,272,1,'2008-09-10','2009-09-10',70,'2009-06-08',NULL),(273,273,1,'2008-09-09','2010-09-09',488,'2009-06-08',NULL),(274,274,1,'2008-09-08','2009-09-08',21,'2009-06-08',NULL),(275,275,1,'2008-09-07',NULL,101,'2009-06-08',NULL),(276,276,1,'2008-09-06','2009-09-06',462,'2009-06-08',NULL),(277,277,1,'2008-09-05','2010-09-05',52,'2009-06-08',NULL),(278,278,1,'2008-09-04','2009-09-04',244,'2009-06-08',NULL),(279,279,1,'2008-09-03','2010-09-03',355,'2009-06-08',NULL),(280,280,3,'2007-09-03','2008-09-02',379,'2009-06-08',NULL),(281,281,1,'2008-09-01','2010-09-01',58,'2009-06-08',NULL),(282,282,1,'2008-08-31','2009-08-31',140,'2009-06-08',NULL),(283,283,1,'2008-08-30','2010-08-30',185,'2009-06-08',NULL),(284,284,1,'2008-08-29','2009-08-29',316,'2009-06-08',NULL),(285,285,3,'2007-08-29','2008-08-28',382,'2009-06-08',NULL),(286,286,1,'2008-08-27',NULL,242,'2009-06-08',NULL),(287,287,1,'2008-08-26','2010-08-26',449,'2009-06-08',NULL),(288,288,1,'2008-08-25','2009-08-25',274,'2009-06-08',NULL),(289,289,1,'2008-08-24','2010-08-24',430,'2009-06-08',NULL),(290,290,4,'2001-02-07','2003-02-06',453,'2009-06-08',NULL),(291,291,1,'2008-08-22','2010-08-22',125,'2009-06-08',NULL),(292,292,1,'2008-08-21','2009-08-21',67,'2009-06-08',NULL),(293,293,1,'2008-08-20','2010-08-20',166,'2009-06-08',NULL),(294,294,1,'2008-08-19','2009-08-19',252,'2009-06-08',NULL),(295,295,3,'2007-08-19','2008-08-18',433,'2009-06-08',NULL),(296,296,1,'2008-08-17','2009-08-17',404,'2009-06-08',NULL),(297,297,1,'2008-08-16',NULL,373,'2009-06-08',NULL),(298,298,1,'2008-08-15','2009-08-15',36,'2009-06-08',NULL),(299,299,1,'2008-08-14','2010-08-14',465,'2009-06-08',NULL),(300,300,4,'2000-11-19','2002-11-18',395,'2009-06-08',NULL),(301,301,1,'2008-08-12','2010-08-12',107,'2009-06-08',NULL),(302,302,1,'2008-08-11','2009-08-11',76,'2009-06-08',NULL),(303,303,1,'2008-08-10','2010-08-10',400,'2009-06-08',NULL),(304,304,1,'2008-08-09','2009-08-09',241,'2009-06-08',NULL),(305,305,3,'2007-08-09','2008-08-08',368,'2009-06-08',NULL),(306,306,1,'2008-08-07','2009-08-07',243,'2009-06-08',NULL),(307,307,1,'2008-08-06','2010-08-06',392,'2009-06-08',NULL),(308,308,1,'2008-08-05',NULL,164,'2009-06-08',NULL),(309,309,1,'2008-08-04','2010-08-04',205,'2009-06-08',NULL),(310,310,3,'2007-08-04','2008-08-03',251,'2009-06-08',NULL),(311,311,1,'2008-08-02','2010-08-02',485,'2009-06-08',NULL),(312,312,1,'2008-08-01','2009-08-01',136,'2009-06-08',NULL),(313,313,1,'2008-07-31','2010-07-31',493,'2009-06-08',NULL),(314,314,1,'2008-07-30','2009-07-30',484,'2009-06-08',NULL),(315,315,3,'2007-07-30','2008-07-29',104,'2009-06-08',NULL),(316,316,1,'2008-07-28','2009-07-28',208,'2009-06-08',NULL),(317,317,1,'2008-07-27','2010-07-27',87,'2009-06-08',NULL),(318,318,1,'2008-07-26','2009-07-26',167,'2009-06-08',NULL),(319,319,1,'2008-07-25',NULL,184,'2009-06-08',NULL),(320,320,3,'2007-07-25','2008-07-24',126,'2009-06-08',NULL),(321,321,1,'2008-07-23','2010-07-23',337,'2009-06-08',NULL),(322,322,1,'2008-07-22','2009-07-22',273,'2009-06-08',NULL),(323,323,1,'2008-07-21','2010-07-21',171,'2009-06-08',NULL),(324,324,1,'2008-07-20','2009-07-20',201,'2009-06-08',NULL),(325,325,3,'2007-07-20','2008-07-19',293,'2009-06-08',NULL),(326,326,1,'2008-07-18','2009-07-18',285,'2009-06-08',NULL),(327,327,1,'2008-07-17','2010-07-17',15,'2009-06-08',NULL),(328,328,1,'2008-07-16','2009-07-16',494,'2009-06-08',NULL),(329,329,1,'2008-07-15','2010-07-15',363,'2009-06-08',NULL),(330,330,1,'2008-07-14',NULL,319,'2009-06-08',NULL),(331,331,1,'2008-07-13','2010-07-13',32,'2009-06-08',NULL),(332,332,1,'2008-07-12','2009-07-12',501,'2009-06-08',NULL),(333,333,1,'2008-07-11','2010-07-11',499,'2009-06-08',NULL),(334,334,1,'2008-07-10','2009-07-10',477,'2009-06-08',NULL),(335,335,3,'2007-07-10','2008-07-09',275,'2009-06-08',NULL),(336,336,1,'2008-07-08','2009-07-08',231,'2009-06-08',NULL),(337,337,1,'2008-07-07','2010-07-07',45,'2009-06-08',NULL),(338,338,1,'2008-07-06','2009-07-06',162,'2009-06-08',NULL),(339,339,1,'2008-07-05','2010-07-05',57,'2009-06-08',NULL),(340,340,3,'2007-07-05','2008-07-04',89,'2009-06-08',NULL),(341,341,1,'2008-07-03',NULL,216,'2009-06-08',NULL),(342,342,1,'2008-07-02','2009-07-02',187,'2009-06-08',NULL),(343,343,1,'2008-07-01','2010-07-01',34,'2009-06-08',NULL),(344,344,1,'2008-06-30','2009-06-30',286,'2009-06-08',NULL),(345,345,3,'2007-06-30','2008-06-29',292,'2009-06-08',NULL),(346,346,1,'2008-06-28','2009-06-28',386,'2009-06-08',NULL),(347,347,1,'2008-06-27','2010-06-27',29,'2009-06-08',NULL),(348,348,1,'2008-06-26','2009-06-26',424,'2009-06-08',NULL),(349,349,1,'2008-06-25','2010-06-25',267,'2009-06-08',NULL),(350,350,3,'2007-06-25','2008-06-24',357,'2009-06-08',NULL);
/*!40000 ALTER TABLE `civicrm_membership_log` ENABLE KEYS */;
UNLOCK TABLES;

--
-- Dumping data for table `civicrm_membership_payment`
--

LOCK TABLES `civicrm_membership_payment` WRITE;
/*!40000 ALTER TABLE `civicrm_membership_payment` DISABLE KEYS */;
/*!40000 ALTER TABLE `civicrm_membership_payment` ENABLE KEYS */;
UNLOCK TABLES;

--
-- Dumping data for table `civicrm_membership_status`
--

LOCK TABLES `civicrm_membership_status` WRITE;
/*!40000 ALTER TABLE `civicrm_membership_status` DISABLE KEYS */;
INSERT INTO `civicrm_membership_status` (`id`, `name`, `start_event`, `start_event_adjust_unit`, `start_event_adjust_interval`, `end_event`, `end_event_adjust_unit`, `end_event_adjust_interval`, `is_current_member`, `is_admin`, `weight`, `is_default`, `is_active`, `is_reserved`) VALUES (1,'New','join_date',NULL,NULL,'join_date','month',3,1,0,1,0,1,0),(2,'Current','start_date',NULL,NULL,'end_date',NULL,NULL,1,0,2,1,1,0),(3,'Grace','end_date',NULL,NULL,'end_date','month',1,1,0,3,0,1,0),(4,'Expired','end_date','month',1,NULL,NULL,NULL,0,0,4,0,1,0),(5,'Pending','join_date',NULL,NULL,'join_date',NULL,NULL,0,0,5,0,1,1),(6,'Cancelled','join_date',NULL,NULL,'join_date',NULL,NULL,0,0,6,0,1,0),(7,'Deceased',NULL,NULL,NULL,NULL,NULL,NULL,0,1,7,0,1,1);
/*!40000 ALTER TABLE `civicrm_membership_status` ENABLE KEYS */;
UNLOCK TABLES;

--
-- Dumping data for table `civicrm_membership_type`
--

LOCK TABLES `civicrm_membership_type` WRITE;
/*!40000 ALTER TABLE `civicrm_membership_type` DISABLE KEYS */;
INSERT INTO `civicrm_membership_type` (`id`, `name`, `description`, `member_of_contact_id`, `contribution_type_id`, `minimum_fee`, `duration_unit`, `duration_interval`, `period_type`, `fixed_period_start_day`, `fixed_period_rollover_day`, `relationship_type_id`, `relationship_direction`, `visibility`, `weight`, `renewal_msg_id`, `renewal_reminder_day`, `receipt_text_signup`, `receipt_text_renewal`, `is_active`) VALUES (1,'General','Regular annual membership.',1,2,'100.00','year',2,'rolling',NULL,NULL,7,'b_a','Public',1,NULL,NULL,NULL,NULL,1),(2,'Student','Discount membership for full-time students.',1,1,'50.00','year',1,'rolling',NULL,NULL,NULL,NULL,'Public',2,NULL,NULL,NULL,NULL,1),(3,'Lifetime','Lifetime membership.',1,2,'1200.00','lifetime',1,'rolling',NULL,NULL,7,'b_a','Admin',3,NULL,NULL,NULL,NULL,1);
/*!40000 ALTER TABLE `civicrm_membership_type` ENABLE KEYS */;
UNLOCK TABLES;

--
-- Dumping data for table `civicrm_menu`
--

LOCK TABLES `civicrm_menu` WRITE;
/*!40000 ALTER TABLE `civicrm_menu` DISABLE KEYS */;
/*!40000 ALTER TABLE `civicrm_menu` ENABLE KEYS */;
UNLOCK TABLES;

--
-- Dumping data for table `civicrm_msg_template`
--

LOCK TABLES `civicrm_msg_template` WRITE;
/*!40000 ALTER TABLE `civicrm_msg_template` DISABLE KEYS */;
/*!40000 ALTER TABLE `civicrm_msg_template` ENABLE KEYS */;
UNLOCK TABLES;

--
-- Dumping data for table `civicrm_note`
--

LOCK TABLES `civicrm_note` WRITE;
/*!40000 ALTER TABLE `civicrm_note` DISABLE KEYS */;
INSERT INTO `civicrm_note` (`id`, `entity_table`, `entity_id`, `note`, `contact_id`, `modified_date`, `subject`) VALUES (1,'civicrm_contact',257,'Arrange for cricket match with Sunil Gavaskar',1,'2008-01-14',NULL),(2,'civicrm_contact',475,'Arrange for cricket match with Sunil Gavaskar',1,'2008-01-06',NULL),(3,'civicrm_contact',198,'Chart out route map for next 10k run',1,'2009-01-16',NULL),(4,'civicrm_contact',140,'Contact the Commisioner of Charities',1,'2008-08-23',NULL),(5,'civicrm_contact',196,'Chart out route map for next 10k run',1,'2007-07-26',NULL),(6,'civicrm_contact',7,'Contact the Commisioner of Charities',1,'2007-08-31',NULL),(7,'civicrm_contact',417,'Contact the Commisioner of Charities',1,'2007-12-05',NULL),(8,'civicrm_contact',205,'Invite members for the Steve Prefontaine 10k dream run',1,'2009-05-05',NULL),(9,'civicrm_contact',133,'Send reminder for annual dinner',1,'2007-10-02',NULL),(10,'civicrm_contact',288,'Invite members for the Steve Prefontaine 10k dream run',1,'2009-02-16',NULL),(11,'civicrm_contact',3,'Send newsletter for April 2005',1,'2008-10-27',NULL),(12,'civicrm_contact',357,'Invite members for the Steve Prefontaine 10k dream run',1,'2008-10-06',NULL),(13,'civicrm_contact',309,'Chart out route map for next 10k run',1,'2008-05-31',NULL),(14,'civicrm_contact',38,'Contact the Commisioner of Charities',1,'2008-05-24',NULL),(15,'civicrm_contact',373,'Contact the Commisioner of Charities',1,'2007-07-28',NULL),(16,'civicrm_contact',474,'Contact the Commisioner of Charities',1,'2008-09-09',NULL),(17,'civicrm_contact',400,'Organize the Terry Fox run',1,'2008-08-04',NULL),(18,'civicrm_contact',98,'Invite members for the Steve Prefontaine 10k dream run',1,'2009-02-12',NULL),(19,'civicrm_contact',124,'Reminder screening of \"Black\" on next Friday',1,'2008-08-08',NULL),(20,'civicrm_contact',48,'Send newsletter for April 2005',1,'2008-12-31',NULL),(21,'civicrm_contact',290,'Arrange for cricket match with Sunil Gavaskar',1,'2008-09-10',NULL),(22,'civicrm_contact',221,'Connect for presentation',1,'2007-06-28',NULL),(23,'civicrm_contact',85,'Organize the Terry Fox run',1,'2008-05-30',NULL),(24,'civicrm_contact',104,'Arrange for cricket match with Sunil Gavaskar',1,'2008-12-16',NULL),(25,'civicrm_contact',281,'Get the registration done for NGO status',1,'2007-09-11',NULL),(26,'civicrm_contact',94,'Connect for presentation',1,'2009-02-04',NULL),(27,'civicrm_contact',397,'Connect for presentation',1,'2007-08-28',NULL),(28,'civicrm_contact',241,'Get the registration done for NGO status',1,'2007-10-23',NULL),(29,'civicrm_contact',441,'Connect for presentation',1,'2007-07-30',NULL),(30,'civicrm_contact',138,'Organize the Terry Fox run',1,'2009-04-15',NULL),(31,'civicrm_contact',24,'Send newsletter for April 2005',1,'2009-03-07',NULL),(32,'civicrm_contact',332,'Get the registration done for NGO status',1,'2008-03-03',NULL),(33,'civicrm_contact',385,'Organize the Terry Fox run',1,'2008-02-18',NULL),(34,'civicrm_contact',315,'Reminder screening of \"Black\" on next Friday',1,'2007-12-27',NULL),(35,'civicrm_contact',298,'Contact the Commisioner of Charities',1,'2008-08-09',NULL),(36,'civicrm_contact',410,'Contact the Commisioner of Charities',1,'2009-02-25',NULL),(37,'civicrm_contact',453,'Contact the Commisioner of Charities',1,'2008-12-12',NULL),(38,'civicrm_contact',172,'Chart out route map for next 10k run',1,'2008-06-18',NULL),(39,'civicrm_contact',255,'Connect for presentation',1,'2008-07-09',NULL),(40,'civicrm_contact',259,'Get the registration done for NGO status',1,'2008-06-29',NULL),(41,'civicrm_contact',34,'Organize the Terry Fox run',1,'2007-08-13',NULL),(42,'civicrm_contact',459,'Connect for presentation',1,'2009-06-06',NULL),(43,'civicrm_contact',324,'Chart out route map for next 10k run',1,'2007-09-17',NULL),(44,'civicrm_contact',348,'Reminder screening of \"Black\" on next Friday',1,'2008-12-06',NULL),(45,'civicrm_contact',99,'Connect for presentation',1,'2008-05-26',NULL),(46,'civicrm_contact',484,'Send newsletter for April 2005',1,'2008-08-12',NULL),(47,'civicrm_contact',110,'Get the registration done for NGO status',1,'2009-03-06',NULL),(48,'civicrm_contact',432,'Organize the Terry Fox run',1,'2008-11-15',NULL),(49,'civicrm_contact',323,'Arrange collection of funds from members',1,'2008-03-30',NULL),(50,'civicrm_contact',29,'Connect for presentation',1,'2009-01-17',NULL),(51,'civicrm_contact',275,'Organize the Terry Fox run',1,'2008-05-09',NULL),(52,'civicrm_contact',273,'Arrange collection of funds from members',1,'2008-05-30',NULL),(53,'civicrm_contact',304,'Arrange for cricket match with Sunil Gavaskar',1,'2008-06-25',NULL),(54,'civicrm_contact',73,'Invite members for the Steve Prefontaine 10k dream run',1,'2007-08-01',NULL),(55,'civicrm_contact',407,'Send newsletter for April 2005',1,'2007-11-04',NULL),(56,'civicrm_contact',209,'Send reminder for annual dinner',1,'2008-01-07',NULL),(57,'civicrm_contact',375,'Contact the Commisioner of Charities',1,'2008-04-10',NULL),(58,'civicrm_contact',125,'Reminder screening of \"Black\" on next Friday',1,'2008-05-20',NULL),(59,'civicrm_contact',249,'Connect for presentation',1,'2008-03-29',NULL),(60,'civicrm_contact',78,'Chart out route map for next 10k run',1,'2008-01-14',NULL),(61,'civicrm_contact',53,'Arrange for cricket match with Sunil Gavaskar',1,'2007-08-31',NULL),(62,'civicrm_contact',235,'Connect for presentation',1,'2008-12-04',NULL),(63,'civicrm_contact',466,'Arrange for cricket match with Sunil Gavaskar',1,'2008-06-01',NULL),(64,'civicrm_contact',276,'Organize the Terry Fox run',1,'2008-01-27',NULL),(65,'civicrm_contact',349,'Get the registration done for NGO status',1,'2008-11-17',NULL),(66,'civicrm_contact',194,'Send newsletter for April 2005',1,'2007-08-29',NULL),(67,'civicrm_contact',334,'Arrange for cricket match with Sunil Gavaskar',1,'2008-07-05',NULL),(68,'civicrm_contact',36,'Connect for presentation',1,'2007-06-14',NULL),(69,'civicrm_contact',123,'Send newsletter for April 2005',1,'2008-12-18',NULL),(70,'civicrm_contact',311,'Contact the Commisioner of Charities',1,'2007-07-02',NULL),(71,'civicrm_contact',230,'Arrange collection of funds from members',1,'2008-07-22',NULL),(72,'civicrm_contact',312,'Invite members for the Steve Prefontaine 10k dream run',1,'2008-03-31',NULL),(73,'civicrm_contact',31,'Send newsletter for April 2005',1,'2008-08-12',NULL),(74,'civicrm_contact',175,'Send newsletter for April 2005',1,'2008-06-03',NULL),(75,'civicrm_contact',444,'Invite members for the Steve Prefontaine 10k dream run',1,'2009-02-02',NULL),(76,'civicrm_contact',382,'Contact the Commisioner of Charities',1,'2008-03-03',NULL),(77,'civicrm_contact',204,'Send newsletter for April 2005',1,'2008-03-28',NULL),(78,'civicrm_contact',421,'Organize the Terry Fox run',1,'2008-11-10',NULL),(79,'civicrm_contact',52,'Arrange collection of funds from members',1,'2007-11-08',NULL),(80,'civicrm_contact',368,'Connect for presentation',1,'2008-03-31',NULL),(81,'civicrm_contact',67,'Send newsletter for April 2005',1,'2008-05-22',NULL),(82,'civicrm_contact',440,'Contact the Commisioner of Charities',1,'2009-03-01',NULL),(83,'civicrm_contact',455,'Reminder screening of \"Black\" on next Friday',1,'2008-08-02',NULL),(84,'civicrm_contact',372,'Reminder screening of \"Black\" on next Friday',1,'2008-09-17',NULL),(85,'civicrm_contact',87,'Invite members for the Steve Prefontaine 10k dream run',1,'2009-06-05',NULL),(86,'civicrm_contact',14,'Send newsletter for April 2005',1,'2008-08-12',NULL),(87,'civicrm_contact',49,'Connect for presentation',1,'2007-12-07',NULL),(88,'civicrm_contact',217,'Connect for presentation',1,'2008-05-02',NULL),(89,'civicrm_contact',2,'Arrange collection of funds from members',1,'2009-01-16',NULL),(90,'civicrm_contact',19,'Connect for presentation',1,'2008-02-29',NULL),(91,'civicrm_contact',13,'Chart out route map for next 10k run',1,'2007-07-03',NULL),(92,'civicrm_contact',126,'Get the registration done for NGO status',1,'2008-04-18',NULL),(93,'civicrm_contact',63,'Contact the Commisioner of Charities',1,'2008-11-26',NULL),(94,'civicrm_contact',285,'Chart out route map for next 10k run',1,'2007-08-30',NULL),(95,'civicrm_contact',345,'Arrange for cricket match with Sunil Gavaskar',1,'2008-12-05',NULL),(96,'civicrm_contact',158,'Arrange for cricket match with Sunil Gavaskar',1,'2008-04-05',NULL),(97,'civicrm_contact',189,'Send newsletter for April 2005',1,'2007-07-17',NULL),(98,'civicrm_contact',199,'Send newsletter for April 2005',1,'2009-01-20',NULL),(99,'civicrm_contact',151,'Connect for presentation',1,'2008-01-05',NULL),(100,'civicrm_contact',58,'Reminder screening of \"Black\" on next Friday',1,'2008-08-12',NULL),(101,'civicrm_contact',122,'Organize the Terry Fox run',1,'2007-10-06',NULL),(102,'civicrm_contact',164,'Reminder screening of \"Black\" on next Friday',1,'2008-04-10',NULL),(103,'civicrm_contact',405,'Contact the Commisioner of Charities',1,'2008-09-20',NULL),(104,'civicrm_contact',246,'Get the registration done for NGO status',1,'2008-05-11',NULL),(105,'civicrm_contact',195,'Organize the Terry Fox run',1,'2007-10-28',NULL),(106,'civicrm_contact',88,'Arrange collection of funds from members',1,'2008-12-14',NULL),(107,'civicrm_contact',395,'Organize the Terry Fox run',1,'2009-02-02',NULL),(108,'civicrm_contact',40,'Organize the Terry Fox run',1,'2007-08-17',NULL),(109,'civicrm_contact',430,'Connect for presentation',1,'2008-07-23',NULL),(110,'civicrm_contact',231,'Connect for presentation',1,'2007-08-21',NULL),(111,'civicrm_contact',260,'Reminder screening of \"Black\" on next Friday',1,'2008-04-17',NULL),(112,'civicrm_contact',162,'Get the registration done for NGO status',1,'2008-09-10',NULL),(113,'civicrm_contact',320,'Arrange for cricket match with Sunil Gavaskar',1,'2007-09-24',NULL),(114,'civicrm_contact',15,'Get the registration done for NGO status',1,'2008-05-02',NULL),(115,'civicrm_contact',82,'Send reminder for annual dinner',1,'2008-05-26',NULL),(116,'civicrm_contact',396,'Arrange collection of funds from members',1,'2008-12-06',NULL),(117,'civicrm_contact',383,'Connect for presentation',1,'2007-10-12',NULL),(118,'civicrm_contact',21,'Connect for presentation',1,'2008-02-23',NULL),(119,'civicrm_contact',316,'Arrange for cricket match with Sunil Gavaskar',1,'2008-08-24',NULL),(120,'civicrm_contact',192,'Arrange collection of funds from members',1,'2009-03-03',NULL),(121,'civicrm_contact',359,'Arrange collection of funds from members',1,'2008-04-14',NULL),(122,'civicrm_contact',295,'Arrange collection of funds from members',1,'2008-02-18',NULL),(123,'civicrm_contact',399,'Send reminder for annual dinner',1,'2008-05-09',NULL),(124,'civicrm_contact',166,'Send newsletter for April 2005',1,'2009-01-15',NULL),(125,'civicrm_contact',27,'Send reminder for annual dinner',1,'2008-05-28',NULL),(126,'civicrm_contact',418,'Arrange collection of funds from members',1,'2008-10-21',NULL),(127,'civicrm_contact',135,'Send newsletter for April 2005',1,'2007-06-17',NULL),(128,'civicrm_contact',97,'Organize the Terry Fox run',1,'2007-09-06',NULL),(129,'civicrm_contact',237,'Contact the Commisioner of Charities',1,'2008-11-06',NULL),(130,'civicrm_contact',11,'Send reminder for annual dinner',1,'2008-08-15',NULL),(131,'civicrm_contact',336,'Arrange for cricket match with Sunil Gavaskar',1,'2007-09-15',NULL),(132,'civicrm_contact',454,'Organize the Terry Fox run',1,'2009-04-18',NULL),(133,'civicrm_contact',143,'Get the registration done for NGO status',1,'2007-06-19',NULL),(134,'civicrm_contact',161,'Reminder screening of \"Black\" on next Friday',1,'2007-09-14',NULL),(135,'civicrm_contact',394,'Send newsletter for April 2005',1,'2008-06-04',NULL),(136,'civicrm_contact',74,'Chart out route map for next 10k run',1,'2008-07-08',NULL),(137,'civicrm_contact',461,'Chart out route map for next 10k run',1,'2008-07-11',NULL),(138,'civicrm_contact',468,'Send newsletter for April 2005',1,'2007-11-23',NULL),(139,'civicrm_contact',278,'Reminder screening of \"Black\" on next Friday',1,'2007-07-29',NULL),(140,'civicrm_contact',467,'Reminder screening of \"Black\" on next Friday',1,'2008-11-08',NULL),(141,'civicrm_contact',344,'Reminder screening of \"Black\" on next Friday',1,'2009-02-27',NULL),(142,'civicrm_contact',393,'Connect for presentation',1,'2007-11-11',NULL),(143,'civicrm_contact',422,'Arrange collection of funds from members',1,'2008-07-04',NULL),(144,'civicrm_contact',119,'Reminder screening of \"Black\" on next Friday',1,'2008-09-29',NULL),(145,'civicrm_contact',79,'Send newsletter for April 2005',1,'2008-04-07',NULL),(146,'civicrm_contact',108,'Contact the Commisioner of Charities',1,'2007-10-28',NULL),(147,'civicrm_contact',409,'Chart out route map for next 10k run',1,'2008-06-28',NULL),(148,'civicrm_contact',465,'Connect for presentation',1,'2008-09-19',NULL),(149,'civicrm_contact',303,'Connect for presentation',1,'2009-04-13',NULL),(150,'civicrm_contact',22,'Organize the Terry Fox run',1,'2007-10-27',NULL),(151,'civicrm_contact',39,'Send newsletter for April 2005',1,'2008-11-28',NULL),(152,'civicrm_contact',179,'Chart out route map for next 10k run',1,'2008-07-25',NULL),(153,'civicrm_contact',353,'Arrange for cricket match with Sunil Gavaskar',1,'2009-04-25',NULL),(154,'civicrm_contact',488,'Invite members for the Steve Prefontaine 10k dream run',1,'2008-01-05',NULL),(155,'civicrm_contact',491,'Invite members for the Steve Prefontaine 10k dream run',1,'2009-04-21',NULL),(156,'civicrm_contact',317,'Arrange collection of funds from members',1,'2008-11-08',NULL),(157,'civicrm_contact',20,'Organize the Terry Fox run',1,'2008-05-04',NULL),(158,'civicrm_contact',107,'Contact the Commisioner of Charities',1,'2007-09-21',NULL),(159,'civicrm_contact',258,'Contact the Commisioner of Charities',1,'2009-02-16',NULL),(160,'civicrm_contact',501,'Send reminder for annual dinner',1,'2008-02-05',NULL),(161,'civicrm_contact',477,'Get the registration done for NGO status',1,'2007-11-29',NULL),(162,'civicrm_contact',452,'Chart out route map for next 10k run',1,'2008-07-01',NULL),(163,'civicrm_contact',333,'Get the registration done for NGO status',1,'2008-12-02',NULL),(164,'civicrm_contact',202,'Invite members for the Steve Prefontaine 10k dream run',1,'2008-10-03',NULL),(165,'civicrm_contact',211,'Arrange collection of funds from members',1,'2007-09-03',NULL),(166,'civicrm_contact',379,'Reminder screening of \"Black\" on next Friday',1,'2008-02-23',NULL),(167,'civicrm_contact',435,'Contact the Commisioner of Charities',1,'2008-12-03',NULL),(168,'civicrm_contact',9,'Send reminder for annual dinner',1,'2007-10-28',NULL),(169,'civicrm_contact',267,'Send reminder for annual dinner',1,'2008-03-29',NULL),(170,'civicrm_contact',380,'Arrange for cricket match with Sunil Gavaskar',1,'2009-01-03',NULL),(171,'civicrm_contact',355,'Invite members for the Steve Prefontaine 10k dream run',1,'2009-01-06',NULL),(172,'civicrm_contact',263,'Invite members for the Steve Prefontaine 10k dream run',1,'2008-08-18',NULL),(173,'civicrm_contact',387,'Connect for presentation',1,'2008-01-18',NULL),(174,'civicrm_contact',481,'Chart out route map for next 10k run',1,'2007-07-06',NULL),(175,'civicrm_contact',76,'Arrange collection of funds from members',1,'2008-02-14',NULL),(176,'civicrm_contact',321,'Contact the Commisioner of Charities',1,'2008-07-08',NULL),(177,'civicrm_contact',392,'Arrange collection of funds from members',1,'2009-03-23',NULL),(178,'civicrm_contact',403,'Invite members for the Steve Prefontaine 10k dream run',1,'2009-03-24',NULL),(179,'civicrm_contact',314,'Send reminder for annual dinner',1,'2008-10-22',NULL),(180,'civicrm_contact',496,'Organize the Terry Fox run',1,'2007-11-24',NULL),(181,'civicrm_contact',45,'Arrange for cricket match with Sunil Gavaskar',1,'2008-09-22',NULL),(182,'civicrm_contact',292,'Send newsletter for April 2005',1,'2007-09-02',NULL),(183,'civicrm_contact',364,'Arrange collection of funds from members',1,'2007-07-05',NULL),(184,'civicrm_contact',165,'Contact the Commisioner of Charities',1,'2009-02-28',NULL),(185,'civicrm_contact',118,'Send newsletter for April 2005',1,'2008-11-10',NULL),(186,'civicrm_contact',307,'Send newsletter for April 2005',1,'2008-04-26',NULL),(187,'civicrm_contact',32,'Invite members for the Steve Prefontaine 10k dream run',1,'2008-10-10',NULL),(188,'civicrm_contact',6,'Connect for presentation',1,'2007-08-28',NULL),(189,'civicrm_contact',206,'Chart out route map for next 10k run',1,'2008-03-03',NULL),(190,'civicrm_contact',214,'Arrange for cricket match with Sunil Gavaskar',1,'2007-08-07',NULL),(191,'civicrm_contact',145,'Send newsletter for April 2005',1,'2007-11-22',NULL),(192,'civicrm_contact',378,'Arrange collection of funds from members',1,'2008-10-22',NULL),(193,'civicrm_contact',23,'Send reminder for annual dinner',1,'2008-07-04',NULL),(194,'civicrm_contact',256,'Arrange collection of funds from members',1,'2008-02-28',NULL),(195,'civicrm_contact',96,'Arrange for cricket match with Sunil Gavaskar',1,'2008-03-13',NULL),(196,'civicrm_contact',223,'Reminder screening of \"Black\" on next Friday',1,'2008-10-19',NULL),(197,'civicrm_contact',152,'Organize the Terry Fox run',1,'2008-12-31',NULL),(198,'civicrm_contact',167,'Arrange for cricket match with Sunil Gavaskar',1,'2007-07-29',NULL),(199,'civicrm_contact',55,'Send reminder for annual dinner',1,'2008-10-14',NULL),(200,'civicrm_contact',328,'Chart out route map for next 10k run',1,'2007-10-03',NULL),(201,'civicrm_contact',261,'Arrange for cricket match with Sunil Gavaskar',1,'2007-11-28',NULL),(202,'civicrm_contact',391,'Reminder screening of \"Black\" on next Friday',1,'2008-09-11',NULL),(203,'civicrm_contact',485,'Organize the Terry Fox run',1,'2008-01-09',NULL),(204,'civicrm_contact',404,'Invite members for the Steve Prefontaine 10k dream run',1,'2007-12-22',NULL),(205,'civicrm_contact',117,'Arrange collection of funds from members',1,'2008-01-07',NULL),(206,'civicrm_contact',244,'Send reminder for annual dinner',1,'2008-06-20',NULL),(207,'civicrm_contact',479,'Send reminder for annual dinner',1,'2009-03-24',NULL),(208,'civicrm_contact',159,'Organize the Terry Fox run',1,'2008-08-19',NULL),(209,'civicrm_contact',319,'Send reminder for annual dinner',1,'2008-09-12',NULL),(210,'civicrm_contact',170,'Contact the Commisioner of Charities',1,'2008-10-24',NULL),(211,'civicrm_contact',37,'Chart out route map for next 10k run',1,'2009-03-23',NULL),(212,'civicrm_contact',86,'Arrange for cricket match with Sunil Gavaskar',1,'2007-06-15',NULL),(213,'civicrm_contact',243,'Organize the Terry Fox run',1,'2009-03-11',NULL),(214,'civicrm_contact',434,'Organize the Terry Fox run',1,'2007-11-20',NULL),(215,'civicrm_contact',362,'Invite members for the Steve Prefontaine 10k dream run',1,'2008-11-26',NULL),(216,'civicrm_contact',131,'Reminder screening of \"Black\" on next Friday',1,'2008-02-12',NULL),(217,'civicrm_contact',184,'Get the registration done for NGO status',1,'2007-08-11',NULL),(218,'civicrm_contact',342,'Arrange for cricket match with Sunil Gavaskar',1,'2008-07-23',NULL),(219,'civicrm_contact',305,'Organize the Terry Fox run',1,'2008-04-20',NULL),(220,'civicrm_contact',322,'Contact the Commisioner of Charities',1,'2008-03-14',NULL),(221,'civicrm_contact',351,'Invite members for the Steve Prefontaine 10k dream run',1,'2007-06-20',NULL),(222,'civicrm_contact',185,'Arrange for cricket match with Sunil Gavaskar',1,'2009-01-22',NULL),(223,'civicrm_contact',297,'Contact the Commisioner of Charities',1,'2008-09-10',NULL),(224,'civicrm_contact',448,'Reminder screening of \"Black\" on next Friday',1,'2008-12-01',NULL),(225,'civicrm_contact',46,'Connect for presentation',1,'2008-06-02',NULL),(226,'civicrm_contact',157,'Connect for presentation',1,'2009-02-11',NULL),(227,'civicrm_contact',139,'Reminder screening of \"Black\" on next Friday',1,'2008-10-13',NULL),(228,'civicrm_contact',222,'Send newsletter for April 2005',1,'2008-01-23',NULL),(229,'civicrm_contact',137,'Chart out route map for next 10k run',1,'2007-08-15',NULL),(230,'civicrm_contact',247,'Organize the Terry Fox run',1,'2008-11-26',NULL),(231,'civicrm_contact',489,'Chart out route map for next 10k run',1,'2009-05-15',NULL),(232,'civicrm_contact',208,'Invite members for the Steve Prefontaine 10k dream run',1,'2008-07-29',NULL),(233,'civicrm_contact',228,'Connect for presentation',1,'2008-12-18',NULL),(234,'civicrm_contact',469,'Send newsletter for April 2005',1,'2009-05-23',NULL),(235,'civicrm_contact',268,'Send newsletter for April 2005',1,'2007-07-16',NULL),(236,'civicrm_contact',201,'Arrange for cricket match with Sunil Gavaskar',1,'2008-07-16',NULL),(237,'civicrm_contact',188,'Invite members for the Steve Prefontaine 10k dream run',1,'2007-12-24',NULL),(238,'civicrm_contact',363,'Invite members for the Steve Prefontaine 10k dream run',1,'2008-09-07',NULL),(239,'civicrm_contact',286,'Arrange for cricket match with Sunil Gavaskar',1,'2007-12-21',NULL),(240,'civicrm_contact',54,'Connect for presentation',1,'2009-03-12',NULL),(241,'civicrm_contact',464,'Organize the Terry Fox run',1,'2009-01-04',NULL),(242,'civicrm_contact',423,'Reminder screening of \"Black\" on next Friday',1,'2007-08-03',NULL),(243,'civicrm_contact',176,'Arrange collection of funds from members',1,'2008-12-11',NULL),(244,'civicrm_contact',51,'Organize the Terry Fox run',1,'2008-08-14',NULL),(245,'civicrm_contact',129,'Send newsletter for April 2005',1,'2009-03-09',NULL),(246,'civicrm_contact',462,'Get the registration done for NGO status',1,'2008-11-11',NULL),(247,'civicrm_contact',70,'Chart out route map for next 10k run',1,'2008-11-18',NULL),(248,'civicrm_contact',5,'Organize the Terry Fox run',1,'2009-02-09',NULL),(249,'civicrm_contact',377,'Send newsletter for April 2005',1,'2008-03-13',NULL),(250,'civicrm_contact',436,'Send reminder for annual dinner',1,'2007-07-08',NULL),(251,'civicrm_contact',50,'Chart out route map for next 10k run',1,'2009-03-21',NULL),(252,'civicrm_contact',8,'Send reminder for annual dinner',1,'2009-04-15',NULL),(253,'civicrm_contact',160,'Invite members for the Steve Prefontaine 10k dream run',1,'2008-12-20',NULL),(254,'civicrm_contact',250,'Chart out route map for next 10k run',1,'2008-04-23',NULL),(255,'civicrm_contact',182,'Reminder screening of \"Black\" on next Friday',1,'2008-01-31',NULL),(256,'civicrm_contact',427,'Connect for presentation',1,'2007-08-26',NULL),(257,'civicrm_contact',493,'Send reminder for annual dinner',1,'2009-04-04',NULL),(258,'civicrm_contact',284,'Organize the Terry Fox run',1,'2008-04-01',NULL),(259,'civicrm_contact',213,'Invite members for the Steve Prefontaine 10k dream run',1,'2007-06-26',NULL),(260,'civicrm_contact',193,'Reminder screening of \"Black\" on next Friday',1,'2009-01-14',NULL),(261,'civicrm_contact',337,'Send reminder for annual dinner',1,'2007-11-20',NULL),(262,'civicrm_contact',483,'Connect for presentation',1,'2007-07-09',NULL),(263,'civicrm_contact',269,'Chart out route map for next 10k run',1,'2008-07-13',NULL),(264,'civicrm_contact',35,'Get the registration done for NGO status',1,'2008-01-11',NULL),(265,'civicrm_contact',354,'Send newsletter for April 2005',1,'2009-02-03',NULL),(266,'civicrm_contact',376,'Reminder screening of \"Black\" on next Friday',1,'2007-11-16',NULL),(267,'civicrm_contact',71,'Get the registration done for NGO status',1,'2009-03-31',NULL),(268,'civicrm_contact',153,'Connect for presentation',1,'2008-03-03',NULL),(269,'civicrm_contact',203,'Arrange collection of funds from members',1,'2008-11-04',NULL),(270,'civicrm_contact',200,'Arrange collection of funds from members',1,'2008-01-25',NULL),(271,'civicrm_contact',147,'Reminder screening of \"Black\" on next Friday',1,'2008-08-20',NULL),(272,'civicrm_contact',227,'Send newsletter for April 2005',1,'2008-01-02',NULL),(273,'civicrm_contact',412,'Reminder screening of \"Black\" on next Friday',1,'2008-12-13',NULL),(274,'civicrm_contact',386,'Contact the Commisioner of Charities',1,'2009-02-19',NULL),(275,'civicrm_contact',291,'Get the registration done for NGO status',1,'2008-01-08',NULL),(276,'civicrm_contact',494,'Send reminder for annual dinner',1,'2009-02-07',NULL),(277,'civicrm_contact',490,'Get the registration done for NGO status',1,'2008-06-23',NULL),(278,'civicrm_contact',219,'Arrange collection of funds from members',1,'2007-10-27',NULL),(279,'civicrm_contact',239,'Connect for presentation',1,'2008-02-11',NULL),(280,'civicrm_contact',128,'Contact the Commisioner of Charities',1,'2008-12-04',NULL),(281,'civicrm_contact',265,'Reminder screening of \"Black\" on next Friday',1,'2009-01-25',NULL),(282,'civicrm_contact',451,'Organize the Terry Fox run',1,'2008-02-28',NULL),(283,'civicrm_contact',433,'Contact the Commisioner of Charities',1,'2007-12-22',NULL),(284,'civicrm_contact',350,'Invite members for the Steve Prefontaine 10k dream run',1,'2007-12-05',NULL),(285,'civicrm_contact',252,'Arrange for cricket match with Sunil Gavaskar',1,'2009-03-07',NULL),(286,'civicrm_contact',262,'Contact the Commisioner of Charities',1,'2009-04-24',NULL),(287,'civicrm_contact',361,'Organize the Terry Fox run',1,'2008-07-21',NULL),(288,'civicrm_contact',389,'Arrange for cricket match with Sunil Gavaskar',1,'2008-02-16',NULL),(289,'civicrm_contact',445,'Get the registration done for NGO status',1,'2009-02-26',NULL),(290,'civicrm_contact',289,'Arrange for cricket match with Sunil Gavaskar',1,'2009-01-27',NULL),(291,'civicrm_contact',220,'Arrange for cricket match with Sunil Gavaskar',1,'2009-02-11',NULL),(292,'civicrm_contact',218,'Organize the Terry Fox run',1,'2007-09-01',NULL),(293,'civicrm_contact',84,'Send reminder for annual dinner',1,'2009-04-14',NULL),(294,'civicrm_contact',253,'Organize the Terry Fox run',1,'2008-10-22',NULL),(295,'civicrm_contact',438,'Arrange for cricket match with Sunil Gavaskar',1,'2008-08-05',NULL),(296,'civicrm_contact',4,'Send newsletter for April 2005',1,'2009-02-12',NULL),(297,'civicrm_contact',132,'Reminder screening of \"Black\" on next Friday',1,'2008-01-15',NULL),(298,'civicrm_contact',369,'Arrange for cricket match with Sunil Gavaskar',1,'2007-11-20',NULL),(299,'civicrm_contact',408,'Arrange for cricket match with Sunil Gavaskar',1,'2008-03-05',NULL),(300,'civicrm_contact',287,'Invite members for the Steve Prefontaine 10k dream run',1,'2008-03-15',NULL),(301,'civicrm_contact',347,'Arrange for cricket match with Sunil Gavaskar',1,'2009-05-18',NULL),(302,'civicrm_contact',238,'Contact the Commisioner of Charities',1,'2008-04-23',NULL),(303,'civicrm_contact',274,'Get the registration done for NGO status',1,'2008-01-28',NULL),(304,'civicrm_contact',340,'Invite members for the Steve Prefontaine 10k dream run',1,'2009-03-25',NULL),(305,'civicrm_contact',56,'Reminder screening of \"Black\" on next Friday',1,'2008-11-21',NULL),(306,'civicrm_contact',212,'Arrange collection of funds from members',1,'2008-03-26',NULL),(307,'civicrm_contact',12,'Send newsletter for April 2005',1,'2007-06-26',NULL),(308,'civicrm_contact',457,'Contact the Commisioner of Charities',1,'2008-04-21',NULL),(309,'civicrm_contact',187,'Chart out route map for next 10k run',1,'2008-01-12',NULL),(310,'civicrm_contact',33,'Get the registration done for NGO status',1,'2009-05-01',NULL),(311,'civicrm_contact',183,'Send newsletter for April 2005',1,'2007-11-02',NULL),(312,'civicrm_contact',356,'Organize the Terry Fox run',1,'2007-07-06',NULL),(313,'civicrm_contact',449,'Send newsletter for April 2005',1,'2008-02-15',NULL),(314,'civicrm_contact',282,'Send newsletter for April 2005',1,'2008-04-25',NULL),(315,'civicrm_contact',154,'Arrange for cricket match with Sunil Gavaskar',1,'2009-05-02',NULL),(316,'civicrm_contact',499,'Reminder screening of \"Black\" on next Friday',1,'2008-10-30',NULL),(317,'civicrm_contact',169,'Invite members for the Steve Prefontaine 10k dream run',1,'2009-02-19',NULL),(318,'civicrm_contact',216,'Get the registration done for NGO status',1,'2008-06-04',NULL),(319,'civicrm_contact',411,'Send reminder for annual dinner',1,'2009-02-16',NULL),(320,'civicrm_contact',229,'Reminder screening of \"Black\" on next Friday',1,'2009-01-30',NULL),(321,'civicrm_contact',487,'Connect for presentation',1,'2009-01-11',NULL),(322,'civicrm_contact',283,'Connect for presentation',1,'2007-08-19',NULL),(323,'civicrm_contact',346,'Organize the Terry Fox run',1,'2008-07-14',NULL),(324,'civicrm_contact',136,'Reminder screening of \"Black\" on next Friday',1,'2007-09-10',NULL),(325,'civicrm_contact',112,'Reminder screening of \"Black\" on next Friday',1,'2008-01-22',NULL),(326,'civicrm_contact',331,'Contact the Commisioner of Charities',1,'2007-09-20',NULL),(327,'civicrm_contact',171,'Organize the Terry Fox run',1,'2008-09-02',NULL),(328,'civicrm_contact',460,'Send newsletter for April 2005',1,'2007-11-01',NULL),(329,'civicrm_contact',92,'Chart out route map for next 10k run',1,'2008-08-18',NULL),(330,'civicrm_contact',18,'Arrange for cricket match with Sunil Gavaskar',1,'2009-02-22',NULL),(331,'civicrm_contact',173,'Connect for presentation',1,'2009-06-03',NULL),(332,'civicrm_contact',163,'Chart out route map for next 10k run',1,'2009-02-08',NULL),(333,'civicrm_contact',242,'Connect for presentation',1,'2008-10-05',NULL),(334,'civicrm_contact',68,'Send reminder for annual dinner',1,'2007-11-23',NULL),(335,'civicrm_contact',89,'Reminder screening of \"Black\" on next Friday',1,'2007-10-14',NULL),(336,'civicrm_contact',113,'Arrange for cricket match with Sunil Gavaskar',1,'2008-04-26',NULL),(337,'civicrm_contact',327,'Arrange collection of funds from members',1,'2007-06-22',NULL),(338,'civicrm_contact',101,'Invite members for the Steve Prefontaine 10k dream run',1,'2008-10-13',NULL),(339,'civicrm_contact',69,'Get the registration done for NGO status',1,'2008-07-25',NULL),(340,'civicrm_contact',226,'Arrange for cricket match with Sunil Gavaskar',1,'2008-12-15',NULL),(341,'civicrm_contact',424,'Reminder screening of \"Black\" on next Friday',1,'2008-02-27',NULL),(342,'civicrm_contact',326,'Connect for presentation',1,'2007-10-18',NULL),(343,'civicrm_contact',443,'Invite members for the Steve Prefontaine 10k dream run',1,'2009-03-27',NULL),(344,'civicrm_contact',127,'Arrange collection of funds from members',1,'2009-04-17',NULL),(345,'civicrm_contact',293,'Get the registration done for NGO status',1,'2007-12-24',NULL),(346,'civicrm_contact',245,'Arrange collection of funds from members',1,'2009-01-20',NULL),(347,'civicrm_contact',456,'Arrange for cricket match with Sunil Gavaskar',1,'2008-02-11',NULL),(348,'civicrm_contact',272,'Arrange collection of funds from members',1,'2008-12-09',NULL),(349,'civicrm_contact',142,'Send newsletter for April 2005',1,'2007-11-05',NULL),(350,'civicrm_contact',156,'Invite members for the Steve Prefontaine 10k dream run',1,'2008-08-08',NULL),(351,'civicrm_contact',181,'Arrange collection of funds from members',1,'2008-03-25',NULL),(352,'civicrm_contact',398,'Send reminder for annual dinner',1,'2008-11-03',NULL),(353,'civicrm_contact',103,'Send newsletter for April 2005',1,'2009-03-12',NULL),(354,'civicrm_contact',57,'Organize the Terry Fox run',1,'2008-08-07',NULL),(355,'civicrm_contact',264,'Connect for presentation',1,'2008-05-15',NULL),(356,'civicrm_contact',168,'Send newsletter for April 2005',1,'2009-04-11',NULL),(357,'civicrm_contact',251,'Get the registration done for NGO status',1,'2008-08-10',NULL),(358,'civicrm_contact',296,'Reminder screening of \"Black\" on next Friday',1,'2007-06-22',NULL),(359,'civicrm_contact',130,'Chart out route map for next 10k run',1,'2008-12-28',NULL),(360,'civicrm_contact',473,'Chart out route map for next 10k run',1,'2008-04-29',NULL),(361,'civicrm_contact',83,'Organize the Terry Fox run',1,'2008-07-19',NULL),(362,'civicrm_contact',144,'Send reminder for annual dinner',1,'2009-03-29',NULL),(363,'civicrm_contact',478,'Invite members for the Steve Prefontaine 10k dream run',1,'2007-12-09',NULL),(364,'civicrm_contact',121,'Reminder screening of \"Black\" on next Friday',1,'2008-05-31',NULL),(365,'civicrm_contact',16,'Chart out route map for next 10k run',1,'2008-04-14',NULL),(366,'civicrm_contact',442,'Organize the Terry Fox run',1,'2008-11-01',NULL),(367,'civicrm_contact',114,'Chart out route map for next 10k run',1,'2007-10-25',NULL),(368,'civicrm_contact',224,'Arrange for cricket match with Sunil Gavaskar',1,'2009-03-01',NULL),(369,'civicrm_contact',414,'Organize the Terry Fox run',1,'2009-06-02',NULL),(370,'civicrm_contact',42,'Send reminder for annual dinner',1,'2008-05-26',NULL),(371,'civicrm_contact',134,'Send newsletter for April 2005',1,'2008-11-09',NULL),(372,'civicrm_contact',41,'Organize the Terry Fox run',1,'2008-09-24',NULL),(373,'civicrm_contact',329,'Arrange collection of funds from members',1,'2009-03-22',NULL),(374,'civicrm_contact',207,'Invite members for the Steve Prefontaine 10k dream run',1,'2008-06-30',NULL),(375,'civicrm_contact',26,'Chart out route map for next 10k run',1,'2008-03-24',NULL),(376,'civicrm_contact',115,'Reminder screening of \"Black\" on next Friday',1,'2007-10-29',NULL),(377,'civicrm_contact',155,'Send newsletter for April 2005',1,'2009-05-07',NULL),(378,'civicrm_contact',102,'Chart out route map for next 10k run',1,'2009-01-09',NULL),(379,'civicrm_contact',343,'Connect for presentation',1,'2007-09-21',NULL),(380,'civicrm_contact',236,'Send newsletter for April 2005',1,'2008-11-02',NULL),(381,'civicrm_contact',492,'Organize the Terry Fox run',1,'2008-05-27',NULL),(382,'civicrm_contact',225,'Connect for presentation',1,'2008-02-10',NULL),(383,'civicrm_contact',178,'Send newsletter for April 2005',1,'2008-12-15',NULL),(384,'civicrm_contact',190,'Invite members for the Steve Prefontaine 10k dream run',1,'2008-01-31',NULL),(385,'civicrm_contact',367,'Invite members for the Steve Prefontaine 10k dream run',1,'2009-03-14',NULL),(386,'civicrm_contact',44,'Organize the Terry Fox run',1,'2008-04-22',NULL),(387,'civicrm_contact',149,'Reminder screening of \"Black\" on next Friday',1,'2009-01-01',NULL),(388,'civicrm_contact',233,'Invite members for the Steve Prefontaine 10k dream run',1,'2008-11-21',NULL),(389,'civicrm_contact',437,'Send newsletter for April 2005',1,'2008-09-17',NULL),(390,'civicrm_contact',498,'Send reminder for annual dinner',1,'2008-10-08',NULL),(391,'civicrm_contact',439,'Connect for presentation',1,'2007-10-19',NULL),(392,'civicrm_contact',458,'Reminder screening of \"Black\" on next Friday',1,'2008-05-17',NULL),(393,'civicrm_contact',463,'Chart out route map for next 10k run',1,'2009-05-14',NULL),(394,'civicrm_contact',10,'Arrange collection of funds from members',1,'2008-05-02',NULL),(395,'civicrm_contact',186,'Get the registration done for NGO status',1,'2008-02-28',NULL),(396,'civicrm_contact',254,'Invite members for the Steve Prefontaine 10k dream run',1,'2008-11-08',NULL),(397,'civicrm_contact',80,'Chart out route map for next 10k run',1,'2007-11-03',NULL),(398,'civicrm_contact',100,'Send newsletter for April 2005',1,'2008-07-09',NULL),(399,'civicrm_contact',72,'Connect for presentation',1,'2009-01-10',NULL),(400,'civicrm_contact',497,'Invite members for the Steve Prefontaine 10k dream run',1,'2008-10-07',NULL),(401,'civicrm_contact',470,'Get the registration done for NGO status',1,'2008-04-22',NULL),(402,'civicrm_contact',17,'Reminder screening of \"Black\" on next Friday',1,'2007-10-06',NULL),(403,'civicrm_contact',234,'Get the registration done for NGO status',1,'2009-01-11',NULL),(404,'civicrm_contact',59,'Arrange collection of funds from members',1,'2009-03-24',NULL),(405,'civicrm_contact',338,'Chart out route map for next 10k run',1,'2008-12-14',NULL),(406,'civicrm_contact',177,'Get the registration done for NGO status',1,'2008-01-07',NULL),(407,'civicrm_contact',447,'Arrange collection of funds from members',1,'2009-01-19',NULL),(408,'civicrm_contact',280,'Get the registration done for NGO status',1,'2008-02-15',NULL),(409,'civicrm_contact',215,'Reminder screening of \"Black\" on next Friday',1,'2009-03-17',NULL),(410,'civicrm_contact',248,'Arrange for cricket match with Sunil Gavaskar',1,'2009-04-03',NULL),(411,'civicrm_contact',65,'Connect for presentation',1,'2008-06-25',NULL),(412,'civicrm_contact',381,'Contact the Commisioner of Charities',1,'2009-05-02',NULL),(413,'civicrm_contact',277,'Send reminder for annual dinner',1,'2009-05-13',NULL),(414,'civicrm_contact',482,'Arrange for cricket match with Sunil Gavaskar',1,'2008-03-11',NULL),(415,'civicrm_contact',47,'Connect for presentation',1,'2009-02-24',NULL),(416,'civicrm_contact',472,'Arrange collection of funds from members',1,'2009-01-24',NULL),(417,'civicrm_contact',62,'Send newsletter for April 2005',1,'2008-02-15',NULL),(418,'civicrm_contact',75,'Reminder screening of \"Black\" on next Friday',1,'2009-02-26',NULL),(419,'civicrm_contact',294,'Reminder screening of \"Black\" on next Friday',1,'2008-10-23',NULL),(420,'civicrm_contact',271,'Arrange collection of funds from members',1,'2008-02-07',NULL),(421,'civicrm_contact',500,'Reminder screening of \"Black\" on next Friday',1,'2008-11-28',NULL),(422,'civicrm_contact',384,'Arrange collection of funds from members',1,'2008-08-06',NULL),(423,'civicrm_contact',476,'Reminder screening of \"Black\" on next Friday',1,'2007-12-12',NULL),(424,'civicrm_contact',365,'Get the registration done for NGO status',1,'2007-10-25',NULL),(425,'civicrm_contact',95,'Get the registration done for NGO status',1,'2008-11-27',NULL),(426,'civicrm_contact',197,'Invite members for the Steve Prefontaine 10k dream run',1,'2008-06-21',NULL),(427,'civicrm_contact',415,'Connect for presentation',1,'2007-11-16',NULL),(428,'civicrm_contact',191,'Invite members for the Steve Prefontaine 10k dream run',1,'2008-07-14',NULL),(429,'civicrm_contact',61,'Reminder screening of \"Black\" on next Friday',1,'2007-11-29',NULL),(430,'civicrm_contact',310,'Arrange for cricket match with Sunil Gavaskar',1,'2007-09-18',NULL),(431,'civicrm_contact',302,'Chart out route map for next 10k run',1,'2009-04-13',NULL),(432,'civicrm_contact',105,'Reminder screening of \"Black\" on next Friday',1,'2007-10-21',NULL),(433,'civicrm_contact',64,'Chart out route map for next 10k run',1,'2007-06-28',NULL),(434,'civicrm_contact',401,'Get the registration done for NGO status',1,'2007-12-01',NULL),(435,'civicrm_contact',66,'Arrange for cricket match with Sunil Gavaskar',1,'2007-10-03',NULL),(436,'civicrm_contact',413,'Arrange collection of funds from members',1,'2007-11-13',NULL),(437,'civicrm_contact',301,'Send reminder for annual dinner',1,'2008-05-15',NULL),(438,'civicrm_contact',232,'Connect for presentation',1,'2008-03-29',NULL),(439,'civicrm_contact',279,'Organize the Terry Fox run',1,'2007-08-16',NULL),(440,'civicrm_contact',426,'Reminder screening of \"Black\" on next Friday',1,'2008-03-17',NULL),(441,'civicrm_contact',371,'Get the registration done for NGO status',1,'2008-11-06',NULL),(442,'civicrm_contact',141,'Get the registration done for NGO status',1,'2008-04-16',NULL),(443,'civicrm_contact',93,'Send reminder for annual dinner',1,'2009-03-06',NULL),(444,'civicrm_contact',431,'Connect for presentation',1,'2007-08-19',NULL),(445,'civicrm_contact',486,'Invite members for the Steve Prefontaine 10k dream run',1,'2007-06-22',NULL),(446,'civicrm_contact',91,'Get the registration done for NGO status',1,'2008-04-20',NULL),(447,'civicrm_contact',471,'Reminder screening of \"Black\" on next Friday',1,'2008-06-17',NULL),(448,'civicrm_contact',341,'Connect for presentation',1,'2007-12-22',NULL),(449,'civicrm_contact',174,'Contact the Commisioner of Charities',1,'2008-07-19',NULL),(450,'civicrm_contact',25,'Get the registration done for NGO status',1,'2008-02-29',NULL),(451,'civicrm_contact',318,'Invite members for the Steve Prefontaine 10k dream run',1,'2008-09-23',NULL),(452,'civicrm_contact',77,'Send reminder for annual dinner',1,'2009-04-19',NULL),(453,'civicrm_contact',419,'Get the registration done for NGO status',1,'2008-02-18',NULL),(454,'civicrm_contact',495,'Connect for presentation',1,'2009-04-16',NULL),(455,'civicrm_contact',148,'Invite members for the Steve Prefontaine 10k dream run',1,'2008-08-02',NULL),(456,'civicrm_contact',116,'Get the registration done for NGO status',1,'2009-04-23',NULL),(457,'civicrm_contact',358,'Contact the Commisioner of Charities',1,'2008-02-19',NULL),(458,'civicrm_contact',429,'Organize the Terry Fox run',1,'2009-02-28',NULL),(459,'civicrm_contact',266,'Send reminder for annual dinner',1,'2009-03-02',NULL),(460,'civicrm_contact',374,'Chart out route map for next 10k run',1,'2009-02-27',NULL),(461,'civicrm_contact',43,'Organize the Terry Fox run',1,'2008-03-26',NULL),(462,'civicrm_contact',109,'Organize the Terry Fox run',1,'2008-02-17',NULL),(463,'civicrm_contact',111,'Get the registration done for NGO status',1,'2008-06-03',NULL),(464,'civicrm_contact',306,'Chart out route map for next 10k run',1,'2009-02-21',NULL),(465,'civicrm_contact',146,'Get the registration done for NGO status',1,'2007-08-30',NULL),(466,'civicrm_contact',352,'Get the registration done for NGO status',1,'2007-08-25',NULL),(467,'civicrm_contact',339,'Organize the Terry Fox run',1,'2008-04-26',NULL),(468,'civicrm_contact',402,'Reminder screening of \"Black\" on next Friday',1,'2007-10-13',NULL),(469,'civicrm_contact',308,'Send newsletter for April 2005',1,'2009-04-05',NULL),(470,'civicrm_contact',299,'Invite members for the Steve Prefontaine 10k dream run',1,'2007-11-14',NULL),(471,'civicrm_contact',416,'Connect for presentation',1,'2007-08-24',NULL),(472,'civicrm_contact',313,'Send newsletter for April 2005',1,'2007-09-04',NULL),(473,'civicrm_contact',335,'Connect for presentation',1,'2008-06-14',NULL),(474,'civicrm_contact',366,'Send newsletter for April 2005',1,'2008-12-22',NULL),(475,'civicrm_contact',428,'Arrange collection of funds from members',1,'2008-09-19',NULL),(476,'civicrm_contact',388,'Invite members for the Steve Prefontaine 10k dream run',1,'2009-02-03',NULL),(477,'civicrm_contact',406,'Arrange for cricket match with Sunil Gavaskar',1,'2009-02-27',NULL),(478,'civicrm_contact',370,'Connect for presentation',1,'2008-08-03',NULL),(479,'civicrm_contact',28,'Arrange collection of funds from members',1,'2007-12-18',NULL),(480,'civicrm_contact',106,'Contact the Commisioner of Charities',1,'2007-10-10',NULL),(481,'civicrm_contact',81,'Send newsletter for April 2005',1,'2008-04-11',NULL),(482,'civicrm_contact',446,'Connect for presentation',1,'2008-01-09',NULL),(483,'civicrm_contact',425,'Chart out route map for next 10k run',1,'2008-12-25',NULL),(484,'civicrm_contact',325,'Send reminder for annual dinner',1,'2008-10-12',NULL);
/*!40000 ALTER TABLE `civicrm_note` ENABLE KEYS */;
UNLOCK TABLES;

--
-- Dumping data for table `civicrm_openid`
--

LOCK TABLES `civicrm_openid` WRITE;
/*!40000 ALTER TABLE `civicrm_openid` DISABLE KEYS */;
/*!40000 ALTER TABLE `civicrm_openid` ENABLE KEYS */;
UNLOCK TABLES;

--
-- Dumping data for table `civicrm_openid_associations`
--

LOCK TABLES `civicrm_openid_associations` WRITE;
/*!40000 ALTER TABLE `civicrm_openid_associations` DISABLE KEYS */;
/*!40000 ALTER TABLE `civicrm_openid_associations` ENABLE KEYS */;
UNLOCK TABLES;

--
-- Dumping data for table `civicrm_openid_nonces`
--

LOCK TABLES `civicrm_openid_nonces` WRITE;
/*!40000 ALTER TABLE `civicrm_openid_nonces` DISABLE KEYS */;
/*!40000 ALTER TABLE `civicrm_openid_nonces` ENABLE KEYS */;
UNLOCK TABLES;

--
-- Dumping data for table `civicrm_option_group`
--

LOCK TABLES `civicrm_option_group` WRITE;
/*!40000 ALTER TABLE `civicrm_option_group` DISABLE KEYS */;
INSERT INTO `civicrm_option_group` (`id`, `name`, `label`, `description`, `is_reserved`, `is_active`) VALUES (1,'preferred_communication_method',NULL,'Preferred Communication Method',0,1),(2,'activity_type',NULL,'Activity Type',0,1),(3,'gender',NULL,'Gender',0,1),(4,'instant_messenger_service',NULL,'Instant Messenger (IM) screen-names',0,1),(5,'mobile_provider',NULL,'Mobile Phone Providers',0,1),(6,'individual_prefix',NULL,'Individual contact prefixes',0,1),(7,'individual_suffix',NULL,'Individual contact suffixes',0,1),(8,'acl_role',NULL,'ACL Role',0,1),(9,'accept_creditcard',NULL,'Accepted Credit Cards',0,1),(10,'payment_instrument',NULL,'Payment Instruments',0,1),(11,'contribution_status',NULL,'Contribution Status',0,1),(12,'pcp_status',NULL,'PCP Status',0,1),(13,'participant_status',NULL,'Participant Status',0,1),(14,'participant_role',NULL,'Participant Role',0,1),(15,'event_type',NULL,'Event Type',0,1),(16,'contact_view_options',NULL,'Contact View Options',0,1),(17,'contact_edit_options',NULL,'Contact Edit Options',0,1),(18,'advanced_search_options',NULL,'Advanced Search Options',0,1),(19,'user_dashboard_options',NULL,'User Dashboard Options',0,1),(20,'address_options',NULL,'Addressing Options',0,1),(21,'group_type',NULL,'Group Type',0,1),(22,'grant_status',NULL,'Grant status',0,1),(23,'grant_type',NULL,'Grant Type',0,1),(24,'honor_type',NULL,'Honor Type',0,1),(25,'custom_search',NULL,'Custom Search',0,1),(26,'activity_status',NULL,'Activity Status',0,1),(27,'case_type',NULL,'Case Type',0,1),(28,'case_status',NULL,'Case Status',0,1),(29,'participant_listing',NULL,'Participant Listing',0,1),(30,'safe_file_extension',NULL,'Safe File Extension',0,1),(31,'from_email_address',NULL,'From Email Address',0,1),(32,'mapping_type',NULL,'Mapping Type',0,1),(33,'wysiwyg_editor',NULL,'WYSIWYG Editor',0,1),(34,'recur_frequency_units',NULL,'Recurring Frequency Units',0,1),(35,'greeting_type',NULL,'Greeting Type',0,1),(36,'phone_type',NULL,'Phone Type',0,1),(37,'custom_data_type',NULL,'Custom Data Type',0,1),(38,'visibility',NULL,'Visibility',0,1),(39,'report_template',NULL,'Report List',0,1),(40,'mail_protocol',NULL,'Mail Protocol',0,1),(41,'encounter_medium','Encounter Medium','Encounter medium for case activities (e.g. In Person, By Phone, etc.)',1,1),(42,'civicrm_contribution_page.amount.1',NULL,'Contribution Page Amount: 1',0,1),(43,'civicrm_event.amount.1',NULL,NULL,0,1),(44,'civicrm_event.amount.2',NULL,NULL,0,1),(45,'civicrm_event.amount.3',NULL,NULL,0,1);
/*!40000 ALTER TABLE `civicrm_option_group` ENABLE KEYS */;
UNLOCK TABLES;

--
-- Dumping data for table `civicrm_option_value`
--

LOCK TABLES `civicrm_option_value` WRITE;
/*!40000 ALTER TABLE `civicrm_option_value` DISABLE KEYS */;
INSERT INTO `civicrm_option_value` (`id`, `option_group_id`, `label`, `value`, `name`, `grouping`, `filter`, `is_default`, `weight`, `description`, `is_optgroup`, `is_reserved`, `is_active`, `component_id`, `visibility_id`) VALUES (1,1,'Phone','1',NULL,NULL,0,NULL,1,NULL,0,0,1,NULL,NULL),(2,1,'Email','2',NULL,NULL,0,NULL,2,NULL,0,0,1,NULL,NULL),(3,1,'Postal Mail','3',NULL,NULL,0,NULL,3,NULL,0,0,1,NULL,NULL),(4,1,'SMS','4',NULL,NULL,0,NULL,4,NULL,0,0,1,NULL,NULL),(5,1,'Fax','5',NULL,NULL,0,NULL,5,NULL,0,0,1,NULL,NULL),(6,2,'Meeting','1','Meeting',NULL,0,NULL,1,NULL,0,1,1,NULL,NULL),(7,2,'Phone Call','2','Phone Call',NULL,0,NULL,2,NULL,0,1,1,NULL,NULL),(8,2,'Email','3','Email',NULL,1,NULL,3,'Email sent.',0,1,1,NULL,NULL),(9,2,'Text Message (SMS)','4','SMS',NULL,1,NULL,4,'Text message (SMS) sent.',0,1,1,NULL,NULL),(10,2,'Event Registration','5','Event Registration',NULL,1,NULL,5,'Online or offline event registration.',0,1,1,1,NULL),(11,2,'Contribution','6','Contribution',NULL,1,NULL,6,'Online or offline contribution.',0,1,1,2,NULL),(12,2,'Membership Signup','7','Membership Signup',NULL,1,NULL,7,'Online or offline membership signup.',0,1,1,3,NULL),(13,2,'Membership Renewal','8','Membership Renewal',NULL,1,NULL,8,'Online or offline membership renewal.',0,1,1,3,NULL),(14,2,'Tell a Friend','9','Tell a Friend',NULL,1,NULL,9,'Send information about a contribution campaign or event to a friend.',0,1,1,NULL,NULL),(15,2,'Pledge Acknowledgment','10','Pledge Acknowledgment',NULL,1,NULL,10,'Send Pledge Acknowledgment.',0,1,1,6,NULL),(16,2,'Pledge Reminder','11','Pledge Reminder',NULL,1,NULL,11,'Send Pledge Reminder.',0,1,1,6,NULL),(17,2,'Inbound Email','12','Inbound Email',NULL,1,NULL,12,'Inbound Email.',0,1,1,NULL,NULL),(18,2,'Open Case','13','Open Case',NULL,0,0,13,'',0,0,1,7,NULL),(19,2,'Follow up','14','Follow up',NULL,0,0,14,'',0,0,1,7,NULL),(20,2,'Change Case Type','15','Change Case Type',NULL,0,0,15,'',0,0,1,7,NULL),(21,2,'Change Case Status','16','Change Case Status',NULL,0,0,16,'',0,0,1,7,NULL),(22,2,'Close Case','17','Close Case',NULL,0,0,17,'',0,0,1,7,NULL),(23,2,'Membership Renewal Reminder','18','Membership Renewal Reminder',NULL,1,NULL,18,'offline membership renewal reminder.',0,1,1,3,NULL),(24,2,'Change Case Start Date','19','Change Case Start Date',NULL,0,0,19,'',0,0,1,7,NULL),(25,3,'Female','1','Female',NULL,0,NULL,1,NULL,0,0,1,NULL,NULL),(26,3,'Male','2','Male',NULL,0,NULL,2,NULL,0,0,1,NULL,NULL),(27,3,'Transgender','3','Transgender',NULL,0,NULL,3,NULL,0,0,1,NULL,NULL),(28,4,'Yahoo','1','Yahoo',NULL,0,NULL,1,NULL,0,0,1,NULL,NULL),(29,4,'MSN','2','Msn',NULL,0,NULL,2,NULL,0,0,1,NULL,NULL),(30,4,'AIM','3','Aim',NULL,0,NULL,3,NULL,0,0,1,NULL,NULL),(31,4,'GTalk','4','Gtalk',NULL,0,NULL,4,NULL,0,0,1,NULL,NULL),(32,4,'Jabber','5','Jabber',NULL,0,NULL,5,NULL,0,0,1,NULL,NULL),(33,4,'Skype','6','Skype',NULL,0,NULL,6,NULL,0,0,1,NULL,NULL),(34,5,'Sprint','1','Sprint',NULL,0,NULL,1,NULL,0,0,1,NULL,NULL),(35,5,'Verizon','2','Verizon',NULL,0,NULL,2,NULL,0,0,1,NULL,NULL),(36,5,'Cingular','3','Cingular',NULL,0,NULL,3,NULL,0,0,1,NULL,NULL),(37,6,'Mrs','1','Mrs',NULL,0,NULL,1,NULL,0,0,1,NULL,NULL),(38,6,'Ms','2','Ms',NULL,0,NULL,2,NULL,0,0,1,NULL,NULL),(39,6,'Mr','3','Mr',NULL,0,NULL,3,NULL,0,0,1,NULL,NULL),(40,6,'Dr','4','Dr',NULL,0,NULL,4,NULL,0,0,1,NULL,NULL),(41,7,'Jr','1','Jr',NULL,0,NULL,1,NULL,0,0,1,NULL,NULL),(42,7,'Sr','2','Sr',NULL,0,NULL,2,NULL,0,0,1,NULL,NULL),(43,7,'II','3','II',NULL,0,NULL,3,NULL,0,0,1,NULL,NULL),(44,7,'III','4','III',NULL,0,NULL,4,NULL,0,0,1,NULL,NULL),(45,7,'IV','5','IV',NULL,0,NULL,5,NULL,0,0,1,NULL,NULL),(46,7,'V','6','V',NULL,0,NULL,6,NULL,0,0,1,NULL,NULL),(47,7,'VI','7','VI',NULL,0,NULL,7,NULL,0,0,1,NULL,NULL),(48,7,'VII','8','VII',NULL,0,NULL,8,NULL,0,0,1,NULL,NULL),(49,8,'Administrator','1','Admin',NULL,0,NULL,1,NULL,0,0,1,NULL,NULL),(50,8,'Authenticated','2','Auth',NULL,0,NULL,2,NULL,0,1,1,NULL,NULL),(51,9,'Visa','1','Visa',NULL,0,NULL,1,NULL,0,0,1,NULL,NULL),(52,9,'MasterCard','2','MasterCard',NULL,0,NULL,2,NULL,0,0,1,NULL,NULL),(53,9,'Amex','3','Amex',NULL,0,NULL,3,NULL,0,0,1,NULL,NULL),(54,9,'Discover','4','Discover',NULL,0,NULL,4,NULL,0,0,1,NULL,NULL),(55,10,'Credit Card','1','Credit Card',NULL,0,NULL,1,NULL,0,1,1,NULL,NULL),(56,10,'Debit Card','2','Debit Card',NULL,0,NULL,2,NULL,0,0,1,NULL,NULL),(57,10,'Cash','3','Cash',NULL,0,NULL,3,NULL,0,0,1,NULL,NULL),(58,10,'Check','4','Check',NULL,0,NULL,4,NULL,0,0,1,NULL,NULL),(59,10,'EFT','5','EFT',NULL,0,NULL,5,NULL,0,0,1,NULL,NULL),(60,11,'Completed','1','Completed',NULL,0,NULL,1,NULL,0,1,1,NULL,NULL),(61,11,'Pending','2','Pending',NULL,0,NULL,2,NULL,0,1,1,NULL,NULL),(62,11,'Cancelled','3','Cancelled',NULL,0,NULL,3,NULL,0,1,1,NULL,NULL),(63,11,'Failed','4','Failed',NULL,0,NULL,4,NULL,0,1,1,NULL,NULL),(64,11,'In Progress','5','In Progress',NULL,0,NULL,5,NULL,0,1,1,NULL,NULL),(65,11,'Overdue','6','Overdue',NULL,0,NULL,6,NULL,0,1,1,NULL,NULL),(66,12,'Waiting Review','1','Waiting Review',NULL,0,NULL,1,NULL,0,1,1,NULL,NULL),(67,12,'Approved','2','Approved',NULL,0,NULL,2,NULL,0,1,1,NULL,NULL),(68,12,'Not Approved','3','Not Approved',NULL,0,NULL,3,NULL,0,1,1,NULL,NULL),(69,13,'Registered','1','Registered',NULL,1,NULL,1,NULL,0,1,1,NULL,1),(70,13,'Attended','2','Attended',NULL,1,NULL,2,NULL,0,0,1,NULL,2),(71,13,'No-show','3','No-show',NULL,0,NULL,3,NULL,0,0,1,NULL,2),(72,13,'Cancelled','4','Cancelled',NULL,0,NULL,4,NULL,0,1,1,NULL,2),(73,13,'Pending','5','Pending',NULL,0,NULL,5,NULL,0,1,1,NULL,2),(74,14,'Attendee','1','Attendee',NULL,0,NULL,1,NULL,0,0,1,NULL,NULL),(75,14,'Volunteer','2','Volunteer',NULL,0,NULL,2,NULL,0,0,1,NULL,NULL),(76,14,'Host','3','Host',NULL,0,NULL,3,NULL,0,0,1,NULL,NULL),(77,14,'Speaker','4','Speaker',NULL,0,NULL,4,NULL,0,0,1,NULL,NULL),(78,15,'Conference','1','Conference',NULL,0,NULL,1,NULL,0,0,1,NULL,NULL),(79,15,'Exhibition','2','Exhibition',NULL,0,NULL,2,NULL,0,0,1,NULL,NULL),(80,15,'Fundraiser','3','Fundraiser',NULL,0,NULL,3,NULL,0,0,1,NULL,NULL),(81,15,'Meeting','4','Meeting',NULL,0,NULL,4,NULL,0,0,1,NULL,NULL),(82,15,'Performance','5','Performance',NULL,0,NULL,5,NULL,0,0,1,NULL,NULL),(83,15,'Workshop','6','Workshop',NULL,0,NULL,6,NULL,0,0,1,NULL,NULL),(84,16,'Activities','1','activity',NULL,0,NULL,1,NULL,0,0,1,NULL,NULL),(85,16,'Relationships','2','rel',NULL,0,NULL,2,NULL,0,0,1,NULL,NULL),(86,16,'Groups','3','group',NULL,0,NULL,3,NULL,0,0,1,NULL,NULL),(87,16,'Notes','4','note',NULL,0,NULL,4,NULL,0,0,1,NULL,NULL),(88,16,'Tags','5','tag',NULL,0,NULL,5,NULL,0,0,1,NULL,NULL),(89,16,'Change Log','6','log',NULL,0,NULL,6,NULL,0,0,1,NULL,NULL),(90,16,'Contributions','7','CiviContribute',NULL,0,NULL,7,NULL,0,0,1,NULL,NULL),(91,16,'Memberships','8','CiviMember',NULL,0,NULL,8,NULL,0,0,1,NULL,NULL),(92,16,'Events','9','CiviEvent',NULL,0,NULL,9,NULL,0,0,1,NULL,NULL),(93,16,'Cases','10','CiviCase',NULL,0,NULL,10,NULL,0,0,1,NULL,NULL),(94,16,'Grants','11','CiviGrant',NULL,0,NULL,11,NULL,0,0,1,NULL,NULL),(95,16,'Pledges','13','CiviPledge',NULL,0,NULL,13,NULL,0,0,1,NULL,NULL),(96,17,'Communication Preferences','1','CommBlock',NULL,0,NULL,1,NULL,0,0,1,NULL,NULL),(97,17,'Demographics','2','Demographics',NULL,0,NULL,2,NULL,0,0,1,NULL,NULL),(98,17,'Tags and Groups','3','TagsAndGroups',NULL,0,NULL,3,NULL,0,0,1,NULL,NULL),(99,17,'Notes','4','Notes',NULL,0,NULL,4,NULL,0,0,1,NULL,NULL),(100,18,'Address Fields','1','location',NULL,0,NULL,1,NULL,0,0,1,NULL,NULL),(101,18,'Custom Fields','2','custom',NULL,0,NULL,2,NULL,0,0,1,NULL,NULL),(102,18,'Activities','3','activity',NULL,0,NULL,4,NULL,0,0,1,NULL,NULL),(103,18,'Relationships','4','relationship',NULL,0,NULL,5,NULL,0,0,1,NULL,NULL),(104,18,'Notes','5','notes',NULL,0,NULL,6,NULL,0,0,1,NULL,NULL),(105,18,'Change Log','6','changeLog',NULL,0,NULL,7,NULL,0,0,1,NULL,NULL),(106,18,'Contributions','7','CiviContribute',NULL,0,NULL,8,NULL,0,0,1,NULL,NULL),(107,18,'Memberships','8','CiviMember',NULL,0,NULL,9,NULL,0,0,1,NULL,NULL),(108,18,'Events','9','CiviEvent',NULL,0,NULL,10,NULL,0,0,1,NULL,NULL),(109,18,'Cases','10','CiviCase',NULL,0,NULL,11,NULL,0,0,1,NULL,NULL),(110,18,'Grants','12','CiviGrant',NULL,0,NULL,14,NULL,0,0,1,NULL,NULL),(111,18,'Demographics','13','demographics',NULL,0,NULL,15,NULL,0,0,1,NULL,NULL),(112,18,'Pledges','15','CiviPledge',NULL,0,NULL,17,NULL,0,0,1,NULL,NULL),(113,18,'Contact Type','16','contactType',NULL,0,NULL,18,NULL,0,0,1,NULL,NULL),(114,18,'Groups','17','groups',NULL,0,NULL,19,NULL,0,0,1,NULL,NULL),(115,18,'Tags','18','tags',NULL,0,NULL,20,NULL,0,0,1,NULL,NULL),(116,19,'Groups','1','Groups',NULL,0,NULL,1,NULL,0,0,1,NULL,NULL),(117,19,'Contributions','2','CiviContribute',NULL,0,NULL,2,NULL,0,0,1,NULL,NULL),(118,19,'Memberships','3','CiviMember',NULL,0,NULL,3,NULL,0,0,1,NULL,NULL),(119,19,'Events','4','CiviEvent',NULL,0,NULL,4,NULL,0,0,1,NULL,NULL),(120,19,'My Contacts / Organizations','5','Permissioned Orgs',NULL,0,NULL,5,NULL,0,0,1,NULL,NULL),(121,19,'Pledges','7','CiviPledge',NULL,0,NULL,7,NULL,0,0,1,NULL,NULL),(122,19,'Personal Campaign Pages','8','PCP',NULL,0,NULL,8,NULL,0,0,1,NULL,NULL),(123,20,'Street Address','1','street_address',NULL,0,NULL,1,NULL,0,0,1,NULL,NULL),(124,20,'Addt\'l Address 1','2','supplemental_address_1',NULL,0,NULL,2,NULL,0,0,1,NULL,NULL),(125,20,'Addt\'l Address 2','3','supplemental_address_2',NULL,0,NULL,3,NULL,0,0,1,NULL,NULL),(126,20,'City','4','city',NULL,0,NULL,4,NULL,0,0,1,NULL,NULL),(127,20,'Zip / Postal Code','5','postal_code',NULL,0,NULL,5,NULL,0,0,1,NULL,NULL),(128,20,'Postal Code Suffix','6','postal_code_suffix',NULL,0,NULL,6,NULL,0,0,1,NULL,NULL),(129,20,'County','7','county',NULL,0,NULL,7,NULL,0,0,1,NULL,NULL),(130,20,'State / Province','8','state_province',NULL,0,NULL,8,NULL,0,0,1,NULL,NULL),(131,20,'Country','9','country',NULL,0,NULL,9,NULL,0,0,1,NULL,NULL),(132,20,'Latitude','10','geo_code_1',NULL,0,NULL,10,NULL,0,0,1,NULL,NULL),(133,20,'Longitude','11','geo_code_2',NULL,0,NULL,11,NULL,0,0,1,NULL,NULL),(134,20,'Address Name','12','address_name',NULL,0,NULL,12,NULL,0,0,1,NULL,NULL),(135,20,'Instant Messenger','13','im',NULL,0,NULL,13,NULL,0,0,1,NULL,NULL),(136,20,'OpenID','14','openid',NULL,0,NULL,14,NULL,0,0,1,NULL,NULL),(137,21,'Access Control','1',NULL,NULL,0,NULL,1,NULL,0,1,1,NULL,NULL),(138,21,'Mailing List','2',NULL,NULL,0,NULL,2,NULL,0,1,1,NULL,NULL),(139,22,'Pending','1','Pending',NULL,0,1,1,NULL,0,0,1,NULL,NULL),(140,22,'Granted','2','Granted',NULL,0,NULL,2,NULL,0,0,1,NULL,NULL),(141,22,'Rejected','3','Rejected',NULL,0,NULL,3,NULL,0,0,1,NULL,NULL),(142,23,'Emergency','1','Emergency',NULL,0,1,1,NULL,0,0,1,NULL,NULL),(143,23,'Family Support','2','Family Support',NULL,0,NULL,2,NULL,0,0,1,NULL,NULL),(144,23,'General Protection','3','General Protection',NULL,0,NULL,3,NULL,0,0,1,NULL,NULL),(145,23,'Impunity','4','Impunity',NULL,0,NULL,4,NULL,0,0,1,NULL,NULL),(146,24,'In Honor of','1','In Honor of',NULL,0,1,1,NULL,0,1,1,NULL,NULL),(147,24,'In Memory of','2','In Memory of',NULL,0,NULL,2,NULL,0,1,1,NULL,NULL),(148,25,'CRM_Contact_Form_Search_Custom_Sample','1','CRM_Contact_Form_Search_Custom_Sample',NULL,0,NULL,1,'Household Name and State',0,0,1,NULL,NULL),(149,25,'CRM_Contact_Form_Search_Custom_ContributionAggregate','2','CRM_Contact_Form_Search_Custom_ContributionAggregate',NULL,0,NULL,2,'Contribution Aggregate',0,0,1,NULL,NULL),(150,25,'CRM_Contact_Form_Search_Custom_Basic','3','CRM_Contact_Form_Search_Custom_Basic',NULL,0,NULL,3,'Basic Search',0,0,1,NULL,NULL),(151,25,'CRM_Contact_Form_Search_Custom_Group','4','CRM_Contact_Form_Search_Custom_Group',NULL,0,NULL,4,'Include / Exclude Contacts in a Group / Tag',0,0,1,NULL,NULL),(152,25,'CRM_Contact_Form_Search_Custom_PostalMailing','5','CRM_Contact_Form_Search_Custom_PostalMailing',NULL,0,NULL,5,'Postal Mailing',0,0,1,NULL,NULL),(153,25,'CRM_Contact_Form_Search_Custom_Proximity','6','CRM_Contact_Form_Search_Custom_Proximity',NULL,0,NULL,6,'Proximity Search',0,0,1,NULL,NULL),(154,25,'CRM_Contact_Form_Search_Custom_EventAggregate','7','CRM_Contact_Form_Search_Custom_EventAggregate',NULL,0,NULL,7,'Event Aggregate',0,0,1,NULL,NULL),(155,25,'CRM_Contact_Form_Search_Custom_ActivitySearch','8','CRM_Contact_Form_Search_Custom_ActivitySearch',NULL,0,NULL,8,'Activity Search',0,0,1,NULL,NULL),(156,25,'CRM_Contact_Form_Search_Custom_PriceSet','9','CRM_Contact_Form_Search_Custom_PriceSet',NULL,0,NULL,9,'Price Set Details for Event Participants',0,0,1,NULL,NULL),(157,25,'CRM_Contact_Form_Search_Custom_ZipCodeRange','10','CRM_Contact_Form_Search_Custom_ZipCodeRange',NULL,0,NULL,10,'Zip Code Range',0,0,1,NULL,NULL),(158,25,'CRM_Contact_Form_Search_Custom_DateAdded','11','CRM_Contact_Form_Search_Custom_DateAdded',NULL,0,NULL,11,'Date Added to CiviCRM',0,0,1,NULL,NULL),(159,25,'CRM_Contact_Form_Search_Custom_MultipleValues','12','CRM_Contact_Form_Search_Custom_MultipleValues',NULL,0,NULL,12,'Custom Group Multiple Values Listing',0,0,1,NULL,NULL),(160,25,'CRM_Contact_Form_Search_Custom_ContribSYBNT','13','CRM_Contact_Form_Search_Custom_ContribSYBNT',NULL,0,NULL,13,'Contributions made in Year X and not Year Y',0,0,1,NULL,NULL),(161,25,'CRM_Contact_Form_Search_Custom_TagContributions','14','CRM_Contact_Form_Search_Custom_TagContributions',NULL,0,NULL,14,'Find Contribution Amounts by Tag',0,0,1,NULL,NULL),(162,25,'CRM_Contact_Form_Search_Custom_FullText','15','CRM_Contact_Form_Search_Custom_FullText',NULL,0,NULL,15,'Full-text Search',0,0,1,NULL,NULL),(163,39,'Constituent Report (Summary)','contact/summary','CRM_Report_Form_Contact_Summary',NULL,0,NULL,1,'Provides a list of address and telephone information for constituent records in your system.',0,0,1,NULL,NULL),(164,39,'Constituent Report (Detail)','contact/detail','CRM_Report_Form_Contact_Detail',NULL,0,NULL,2,'Provides a Contact related information of Contribution, Membership, Participant, Activity',0,0,1,NULL,NULL),(165,39,'Activity Report','activity','CRM_Report_Form_Activity',NULL,0,NULL,3,'Provides a list of constituent activity including activity statistics for one/all contacts during a given date range(required)',0,0,0,NULL,NULL),(166,39,'Walk / Phone List Report','walklist','CRM_Report_Form_Walklist',NULL,0,NULL,4,'Provides a detailed report for your walk/phonelist for targetted contacts',0,0,0,NULL,NULL),(167,39,'Current Employer Report','contact/currentEmployer','CRM_Report_Form_Contact_CurrentEmployer',NULL,0,NULL,5,'Provides detail list of employer employee relationships along with employment details Ex Join Date',0,0,0,NULL,NULL),(168,39,'Donor Report ( Summary )','contribute/summary','CRM_Report_Form_Contribute_Summary',NULL,0,NULL,6,'Shows contribution / amount statistics by month / week / year .. country / state .. type.',0,0,1,2,NULL),(169,39,'Donor Report (Detail)','contribute/detail','CRM_Report_Form_Contribute_Detail',NULL,0,NULL,7,'Lists detailed contribution(s) for one / all contacts .. Contribution summary report points to this report for specific details.',0,0,1,2,NULL),(170,39,'Donation Summary Report (Repeat)','contribute/repeatSummary','CRM_Report_Form_Contribute_RepeatSummary',NULL,0,NULL,8,'Given two date ranges, shows contacts (and their contributions) who contributed in both the date ranges with percentage increase / decrease.',0,0,1,2,NULL),(171,39,'Donation Detail Report (Repeat)','contribute/repeatDetail','CRM_Report_Form_Contribute_RepeatDetail',NULL,0,NULL,9,'Allows the user to analyze repeat contributions, contributions that come from the same contact during two periods. Ex if a user wants to see contributions made by people in 2007/2008 and then changed in their contribution behaviour',0,0,0,2,NULL),(172,39,'Donation Summary Report (Count)','contribute/summaryCount','CRM_Report_Form_Contribute_SummaryCount',NULL,0,NULL,10,'Displays Contribution Summary for one/all users including  the number of times they contributed, the total amount contributed and average',0,0,0,2,NULL),(173,39,'Donation Summary Report (Organization)','contribute/organizationSummary','CRM_Report_Form_Contribute_OrganizationSummary',NULL,0,NULL,11,'Displays a detailed contribution report for Organization relationships with contributors, as to if contribution done was  from an employee of some organization or from that Organization itself.',0,0,0,2,NULL),(174,39,'Donation Summary Report (Household)','contribute/householdSummary','CRM_Report_Form_Contribute_HouseholdSummary',NULL,0,NULL,12,'Provides a detailed report for Contributions made by contributors(Or Household itself) who are having a relationship with household (For ex a Contributor is Head of Household for some household or is a member of.)',0,0,0,2,NULL),(175,39,'Top Donors Report','contribute/topDonor','CRM_Report_Form_Contribute_TopDonor',NULL,0,NULL,13,'Provides a list of the top donors during a time period you define. You can include as many donors as you want (for example, top 100 of your donors).',0,0,0,2,NULL),(176,39,'SYBUNT Report','contribute/sybunt','CRM_Report_Form_Contribute_Sybunt',NULL,0,NULL,14,'(some years but unfortunately not this) Provides a list of constituents who donated at some time in the history of your organization but did not donate during the time period you specify.',0,0,1,2,NULL),(177,39,'LYBUNT Report','contribute/lybunt','CRM_Report_Form_Contribute_Lybunt',NULL,0,NULL,15,'(last year but unfortunately not this) Provides a list of constituents who donated last year but did not donate during the time period you specify as the current year.',0,0,1,2,NULL),(178,39,'Membership Report (Summary)','member/summary','CRM_Report_Form_Member_Summary',NULL,0,NULL,16,'Provides alist of members. You can included address and phone information and group the members based on membership type.',0,0,1,3,NULL),(179,39,'Membership Report (Detail)','member/detail','CRM_Report_Form_Member_Detail',NULL,0,NULL,17,'Provides a list of member along with their membership Status and membership details Ex Join Date, start Date, End Date',0,0,1,3,NULL),(180,39,'Membership Report (Lapsed)','member/lapseSummary','CRM_Report_Form_Member_LapseSummary',NULL,0,NULL,18,'Provides a list of memberships that lapsed or will lapse before the date you specify.',0,0,1,3,NULL),(181,39,'Event Participant Report (List)','event/participantListing','CRM_Report_Form_Event_ParticipantListing',NULL,0,NULL,19,'Provides lists of sponsors or registrants for an event.',0,0,1,1,NULL),(182,39,'Event Report (Summary)','event/eventSummary','CRM_Report_Form_Event_EventSummary',NULL,0,NULL,20,'Provides an overview of event finances. You can include key information, such as event ID, registration, attendance, income generated to help you determine the success of an event.',0,0,1,1,NULL),(183,39,'Event Income Report (Detail)','event/eventIncome','CRM_Report_Form_Event_EventIncome',NULL,0,NULL,21,'Helps you to analyze the income generated by an event. The report can include the Detail Analysis for participant type, participant status, payment methods of registrants.',0,0,1,1,NULL),(184,39,'Pledge Report','pledge/summary','CRM_Report_Form_Pledge_Summary',NULL,0,NULL,22,'Pledge Report',0,0,0,6,NULL),(185,39,'Pledged But not Paid Report','pledge/pbnp','CRM_Report_Form_Pledge_Pbnp',NULL,0,NULL,23,'Pledged but not Paid Report',0,0,0,6,NULL),(186,39,'Soft Credit Report','contribute/softcredit','CRM_Report_Form_Contribute_SoftCredit',NULL,0,NULL,24,'This Report gives detailson about Soft Credits mentioned while making a contribution by a donor.',0,0,1,2,NULL),(187,26,'Scheduled','1','Scheduled',NULL,0,1,1,NULL,0,1,1,NULL,NULL),(188,26,'Completed','2','Completed',NULL,0,NULL,2,NULL,0,1,1,NULL,NULL),(189,26,'Cancelled','3','Cancelled',NULL,0,NULL,3,NULL,0,1,1,NULL,NULL),(190,26,'Left Message','4','Left Message',NULL,0,NULL,4,NULL,0,0,1,NULL,NULL),(191,26,'Unreachable','5','Unreachable',NULL,0,NULL,5,NULL,0,0,1,NULL,NULL),(192,26,'Not Required','6','Not Required',NULL,0,NULL,6,NULL,0,0,1,NULL,NULL),(193,28,'Ongoing','1','Open',NULL,0,1,1,NULL,0,1,1,NULL,NULL),(194,28,'Resolved','2','Closed',NULL,0,NULL,2,NULL,0,1,1,NULL,NULL),(195,28,'Urgent','3','Urgent',NULL,0,NULL,3,NULL,0,1,1,NULL,NULL),(196,29,'Name Only','1','Name Only',NULL,0,0,1,'CRM_Event_Page_ParticipantListing_Name',0,1,1,NULL,NULL),(197,29,'Name and Email','2','Name and Email',NULL,0,0,2,'CRM_Event_Page_ParticipantListing_NameAndEmail',0,1,1,NULL,NULL),(198,29,'Name, Status and Register Date','3','Name, Status and Register Date',NULL,0,0,3,'CRM_Event_Page_ParticipantListing_NameStatusAndDate',0,1,1,NULL,NULL),(199,30,'jpg','1',NULL,NULL,0,0,1,NULL,0,0,1,NULL,NULL),(200,30,'jpeg','2',NULL,NULL,0,0,2,NULL,0,0,1,NULL,NULL),(201,30,'png','3',NULL,NULL,0,0,3,NULL,0,0,1,NULL,NULL),(202,30,'gif','4',NULL,NULL,0,0,4,NULL,0,0,1,NULL,NULL),(203,30,'txt','5',NULL,NULL,0,0,5,NULL,0,0,1,NULL,NULL),(204,30,'pdf','6',NULL,NULL,0,0,6,NULL,0,0,1,NULL,NULL),(205,30,'doc','7',NULL,NULL,0,0,7,NULL,0,0,1,NULL,NULL),(206,30,'xls','8',NULL,NULL,0,0,8,NULL,0,0,1,NULL,NULL),(207,30,'rtf','9',NULL,NULL,0,0,9,NULL,0,0,1,NULL,NULL),(208,30,'csv','10',NULL,NULL,0,0,10,NULL,0,0,1,NULL,NULL),(209,30,'ppt','11',NULL,NULL,0,0,11,NULL,0,0,1,NULL,NULL),(210,33,'TinyMCE','1',NULL,NULL,0,NULL,1,NULL,0,1,1,NULL,NULL),(211,33,'FCKEditor','2',NULL,NULL,0,NULL,2,NULL,0,1,1,NULL,NULL),(212,32,'Search Builder','1','Search Builder',NULL,0,0,1,NULL,0,1,1,NULL,NULL),(213,32,'Import Contact','2','Import Contact',NULL,0,0,2,NULL,0,1,1,NULL,NULL),(214,32,'Import Activity','3','Import Activity',NULL,0,0,3,NULL,0,1,1,NULL,NULL),(215,32,'Import Contribution','4','Import Contribution',NULL,0,0,4,NULL,0,1,1,NULL,NULL),(216,32,'Import Membership','5','Import Membership',NULL,0,0,5,NULL,0,1,1,NULL,NULL),(217,32,'Import Participant','6','Import Participant',NULL,0,0,6,NULL,0,1,1,NULL,NULL),(218,32,'Export Contact','7','Export Contact',NULL,0,0,7,NULL,0,1,1,NULL,NULL),(219,32,'Export Contribution','8','Export Contribution',NULL,0,0,8,NULL,0,1,1,NULL,NULL),(220,32,'Export Membership','9','Export Membership',NULL,0,0,9,NULL,0,1,1,NULL,NULL),(221,32,'Export Participant','10','Export Participant',NULL,0,0,10,NULL,0,1,1,NULL,NULL),(222,32,'Export Pledge','11','Export Pledge',NULL,0,0,11,NULL,0,1,1,NULL,NULL),(223,32,'Export Case','12','Export Case',NULL,0,0,12,NULL,0,1,1,NULL,NULL),(224,34,'daily','day','day',NULL,0,NULL,1,NULL,0,1,1,NULL,NULL),(225,34,'weekly','week','week',NULL,0,NULL,2,NULL,0,1,1,NULL,NULL),(226,34,'monthly','month','month',NULL,0,NULL,3,NULL,0,1,1,NULL,NULL),(227,34,'yearly','year','year',NULL,0,NULL,4,NULL,0,1,1,NULL,NULL),(228,35,'Dear [first]','1','Dear [first]',NULL,0,1,1,NULL,0,0,1,NULL,NULL),(229,35,'Dear [prefix] [first] [last]','2','Dear [prefix] [first] [last]',NULL,0,NULL,2,NULL,0,0,1,NULL,NULL),(230,35,'Dear [prefix] [last]','3','Dear [prefix] [last]',NULL,0,NULL,3,NULL,0,0,1,NULL,NULL),(231,35,'Customized','4','Customized',NULL,0,NULL,4,NULL,0,1,1,NULL,NULL),(232,36,'Phone','1','Phone',NULL,0,NULL,1,NULL,0,0,1,NULL,NULL),(233,36,'Mobile','2','Mobile',NULL,0,NULL,2,NULL,0,0,1,NULL,NULL),(234,36,'Fax','3','Fax',NULL,0,NULL,3,NULL,0,0,1,NULL,NULL),(235,36,'Pager','4','Pager',NULL,0,NULL,4,NULL,0,0,1,NULL,NULL),(236,36,'Voicemail','5','Voicemail',NULL,0,NULL,5,NULL,0,0,1,NULL,NULL),(237,31,'\"FIXME\"<info@FIXME.ORG>','1','\"FIXME\"<info@FIXME.ORG>',NULL,0,1,1,'Default domain email address and from name.',0,0,1,NULL,NULL),(238,37,'Participant Role','1','ParticipantRole',NULL,0,NULL,1,NULL,0,0,1,NULL,NULL),(239,37,'Participant Event Name','2','ParticipantEventName',NULL,0,NULL,2,NULL,0,0,1,NULL,NULL),(240,38,'Public','1','public',NULL,0,NULL,1,NULL,0,0,1,NULL,NULL),(241,38,'Admin','2','admin',NULL,0,NULL,2,NULL,0,0,1,NULL,NULL),(242,40,'IMAP','1','IMAP',NULL,0,NULL,1,NULL,0,0,1,NULL,NULL),(243,40,'Maildir','2','Maildir',NULL,0,NULL,2,NULL,0,0,1,NULL,NULL),(244,40,'POP3','3','POP3',NULL,0,NULL,3,NULL,0,0,1,NULL,NULL),(245,40,'Localdir','4','Localdir',NULL,0,NULL,4,NULL,0,0,1,NULL,NULL),(246,41,'In Person','1','in_person',NULL,0,0,1,NULL,0,1,1,NULL,NULL),(247,41,'Phone','2','phone',NULL,0,1,2,NULL,0,1,1,NULL,NULL),(248,41,'Email','3','email',NULL,0,0,3,NULL,0,1,1,NULL,NULL),(249,41,'Fax','4','fax',NULL,0,0,4,NULL,0,1,1,NULL,NULL),(250,41,'Letter Mail','5','letter_mail',NULL,0,0,5,NULL,0,1,1,NULL,NULL),(251,42,'Friend','1.00',NULL,NULL,NULL,0,1,NULL,0,0,1,NULL,NULL),(252,42,'Supporter','5.00',NULL,NULL,NULL,0,2,NULL,0,0,1,NULL,NULL),(253,42,'Booster','10.00',NULL,NULL,NULL,1,3,NULL,0,0,1,NULL,NULL),(254,42,'Sustainer','50.00',NULL,NULL,NULL,0,4,NULL,0,0,1,NULL,NULL),(255,2,'Interview','20','Interview',NULL,0,NULL,20,'Conduct a phone or in person interview.',0,0,1,NULL,NULL),(256,43,'Single','50',NULL,NULL,NULL,0,1,NULL,0,0,1,NULL,NULL),(257,43,'Couple','100',NULL,NULL,NULL,0,2,NULL,0,0,1,NULL,NULL),(258,43,'Family','200',NULL,NULL,NULL,0,3,NULL,0,0,1,NULL,NULL),(259,44,'Bass','25',NULL,NULL,NULL,0,1,NULL,0,0,1,NULL,NULL),(260,44,'Tenor','40',NULL,NULL,NULL,0,2,NULL,0,0,1,NULL,NULL),(261,44,'Soprano','50',NULL,NULL,NULL,0,3,NULL,0,0,1,NULL,NULL),(262,45,'Tiny-tots (ages 5-8)','800',NULL,NULL,NULL,0,1,NULL,0,0,1,NULL,NULL),(263,45,'Junior Stars (ages 9-12)','1000',NULL,NULL,NULL,0,2,NULL,0,0,1,NULL,NULL),(264,45,'Super Stars (ages 13-18)','1500',NULL,NULL,NULL,0,3,NULL,0,0,1,NULL,NULL);
/*!40000 ALTER TABLE `civicrm_option_value` ENABLE KEYS */;
UNLOCK TABLES;

--
-- Dumping data for table `civicrm_participant`
--

LOCK TABLES `civicrm_participant` WRITE;
/*!40000 ALTER TABLE `civicrm_participant` DISABLE KEYS */;
INSERT INTO `civicrm_participant` (`id`, `contact_id`, `event_id`, `status_id`, `role_id`, `register_date`, `source`, `fee_level`, `is_test`, `is_pay_later`, `fee_amount`, `registered_by_id`, `discount_id`) VALUES (1,461,2,3,2,'2008-07-08 06:18:16','Credit Card','Soprano',0,0,'50.00',NULL,NULL),(2,303,1,1,4,'2008-12-01 12:46:39','Credit Card','Single',0,0,'50.00',NULL,NULL),(3,25,3,4,4,'2007-11-23 01:47:16','Credit Card','Tiny-tots (ages 5-8)',0,0,'800.00',NULL,NULL),(4,316,1,2,4,'2009-03-14 05:52:55','Credit Card','Single',0,0,'50.00',NULL,NULL),(5,165,3,5,2,'2007-12-14 05:37:36','Credit Card','Tiny-tots (ages 5-8)',0,0,'800.00',NULL,NULL),(6,470,1,2,2,'2007-12-02 07:06:36','Credit Card','Single',0,0,'50.00',NULL,NULL),(7,164,2,3,1,'2008-05-30 01:36:45','Credit Card','Soprano',0,0,'50.00',NULL,NULL),(8,476,3,5,4,'2007-12-06 11:50:32','Credit Card','Tiny-tots (ages 5-8)',0,0,'800.00',NULL,NULL),(9,477,2,1,4,'2008-12-20 04:00:22','Credit Card','Soprano',0,0,'50.00',NULL,NULL),(10,310,3,4,3,'2008-05-20 02:38:31','Credit Card','Tiny-tots (ages 5-8)',0,0,'800.00',NULL,NULL),(11,273,3,5,1,'2007-11-17 01:04:34','Credit Card','Tiny-tots (ages 5-8)',0,0,'800.00',NULL,NULL),(12,107,3,5,2,'2008-12-26 07:14:54','Credit Card','Tiny-tots (ages 5-8)',0,0,'800.00',NULL,NULL),(13,493,3,2,3,'2008-11-08 09:06:57','Credit Card','Tiny-tots (ages 5-8)',0,0,'800.00',NULL,NULL),(14,148,2,4,3,'2009-06-04 11:56:21','Credit Card','Soprano',0,0,'50.00',NULL,NULL),(15,432,3,1,1,'2008-04-12 06:28:00','Credit Card','Tiny-tots (ages 5-8)',0,0,'800.00',NULL,NULL),(16,64,3,4,3,'2008-02-17 06:25:43','Credit Card','Tiny-tots (ages 5-8)',0,0,'800.00',NULL,NULL),(17,360,3,5,2,'2009-03-25 08:42:55','Credit Card','Tiny-tots (ages 5-8)',0,0,'800.00',NULL,NULL),(18,252,3,1,3,'2009-04-30 02:16:34','Credit Card','Tiny-tots (ages 5-8)',0,0,'800.00',NULL,NULL),(19,225,2,2,2,'2008-07-21 01:54:44','Credit Card','Soprano',0,0,'50.00',NULL,NULL),(20,292,3,4,4,'2008-04-25 11:20:20','Credit Card','Tiny-tots (ages 5-8)',0,0,'800.00',NULL,NULL),(21,410,2,4,2,'2009-02-13 01:23:50','Credit Card','Soprano',0,0,'50.00',NULL,NULL),(22,500,1,3,4,'2008-03-26 07:15:54','Credit Card','Single',0,0,'50.00',NULL,NULL),(23,412,1,1,3,'2009-05-11 09:43:50','Credit Card','Single',0,0,'50.00',NULL,NULL),(24,95,3,4,2,'2008-12-15 02:39:25','Credit Card','Tiny-tots (ages 5-8)',0,0,'800.00',NULL,NULL),(25,151,1,5,2,'2008-11-19 09:22:24','Credit Card','Single',0,0,'50.00',NULL,NULL),(26,324,2,1,3,'2008-10-20 02:26:38','Credit Card','Soprano',0,0,'50.00',NULL,NULL),(27,250,1,5,4,'2007-08-11 02:00:55','Credit Card','Single',0,0,'50.00',NULL,NULL),(28,428,2,4,4,'2007-11-20 01:48:11','Credit Card','Soprano',0,0,'50.00',NULL,NULL),(29,25,1,1,2,'2008-09-09 10:17:12','Credit Card','Single',0,0,'50.00',NULL,NULL),(30,342,3,3,4,'2007-06-30 04:42:38','Credit Card','Tiny-tots (ages 5-8)',0,0,'800.00',NULL,NULL),(31,457,2,5,1,'2008-12-08 06:31:39','Credit Card','Soprano',0,0,'50.00',NULL,NULL),(32,188,1,4,2,'2008-07-12 01:11:18','Credit Card','Single',0,0,'50.00',NULL,NULL),(33,223,2,3,1,'2008-10-10 08:54:07','Credit Card','Soprano',0,0,'50.00',NULL,NULL),(34,161,3,2,1,'2007-08-14 11:02:03','Credit Card','Tiny-tots (ages 5-8)',0,0,'800.00',NULL,NULL),(35,120,2,5,1,'2008-08-29 03:23:42','Credit Card','Soprano',0,0,'50.00',NULL,NULL),(36,429,3,1,2,'2008-09-12 09:28:34','Credit Card','Tiny-tots (ages 5-8)',0,0,'800.00',NULL,NULL),(37,17,1,3,1,'2007-06-25 08:10:32','Credit Card','Single',0,0,'50.00',NULL,NULL),(38,380,3,2,1,'2007-09-27 03:47:35','Credit Card','Tiny-tots (ages 5-8)',0,0,'800.00',NULL,NULL),(39,145,1,1,1,'2009-03-02 03:48:04','Credit Card','Single',0,0,'50.00',NULL,NULL),(40,430,3,5,2,'2009-06-02 08:27:35','Credit Card','Tiny-tots (ages 5-8)',0,0,'800.00',NULL,NULL),(41,154,2,5,3,'2007-07-11 10:48:06','Credit Card','Soprano',0,0,'50.00',NULL,NULL),(42,475,2,5,2,'2009-01-18 09:39:28','Credit Card','Soprano',0,0,'50.00',NULL,NULL),(43,314,3,1,4,'2007-12-17 04:09:30','Credit Card','Tiny-tots (ages 5-8)',0,0,'800.00',NULL,NULL),(44,307,3,1,4,'2008-11-15 05:39:54','Credit Card','Tiny-tots (ages 5-8)',0,0,'800.00',NULL,NULL),(45,163,2,2,1,'2008-08-08 06:12:16','Credit Card','Soprano',0,0,'50.00',NULL,NULL),(46,85,3,5,3,'2007-06-27 05:55:56','Credit Card','Tiny-tots (ages 5-8)',0,0,'800.00',NULL,NULL),(47,116,2,3,1,'2008-10-04 08:18:52','Credit Card','Soprano',0,0,'50.00',NULL,NULL),(48,499,1,5,3,'2008-03-14 06:40:34','Credit Card','Single',0,0,'50.00',NULL,NULL),(49,16,2,2,4,'2009-03-18 09:35:26','Credit Card','Soprano',0,0,'50.00',NULL,NULL),(50,51,1,3,3,'2008-05-16 02:11:09','Credit Card','Single',0,0,'50.00',NULL,NULL),(51,35,2,5,3,'2009-03-12 06:12:05','Credit Card','Soprano',0,0,'50.00',NULL,NULL),(52,255,3,2,2,'2009-01-10 08:51:54','Credit Card','Tiny-tots (ages 5-8)',0,0,'800.00',NULL,NULL),(53,111,2,1,1,'2008-11-10 07:16:13','Credit Card','Soprano',0,0,'50.00',NULL,NULL),(54,300,1,2,4,'2008-06-24 08:26:51','Credit Card','Single',0,0,'50.00',NULL,NULL),(55,191,2,2,1,'2007-09-26 06:58:02','Credit Card','Soprano',0,0,'50.00',NULL,NULL),(56,439,2,3,3,'2009-01-28 12:38:47','Credit Card','Soprano',0,0,'50.00',NULL,NULL),(57,225,3,2,2,'2009-05-17 03:48:06','Credit Card','Tiny-tots (ages 5-8)',0,0,'800.00',NULL,NULL),(58,357,2,4,3,'2009-05-19 07:35:19','Credit Card','Soprano',0,0,'50.00',NULL,NULL),(59,462,1,2,1,'2008-10-22 06:52:38','Credit Card','Single',0,0,'50.00',NULL,NULL),(60,309,3,2,3,'2007-06-26 02:08:59','Credit Card','Tiny-tots (ages 5-8)',0,0,'800.00',NULL,NULL),(61,163,2,3,3,'2009-01-22 09:33:18','Credit Card','Soprano',0,0,'50.00',NULL,NULL),(62,253,1,1,4,'2008-08-17 01:04:05','Credit Card','Single',0,0,'50.00',NULL,NULL),(63,414,2,1,2,'2008-08-08 03:58:48','Credit Card','Soprano',0,0,'50.00',NULL,NULL),(64,217,1,1,1,'2009-04-02 12:48:25','Credit Card','Single',0,0,'50.00',NULL,NULL),(65,161,3,5,3,'2007-12-09 10:51:57','Credit Card','Tiny-tots (ages 5-8)',0,0,'800.00',NULL,NULL),(66,103,3,3,3,'2007-10-23 07:14:36','Credit Card','Tiny-tots (ages 5-8)',0,0,'800.00',NULL,NULL),(67,284,1,1,3,'2007-12-29 07:08:39','Credit Card','Single',0,0,'50.00',NULL,NULL),(68,314,2,1,3,'2007-09-23 05:24:50','Credit Card','Soprano',0,0,'50.00',NULL,NULL),(69,269,2,4,4,'2009-03-09 03:54:06','Credit Card','Soprano',0,0,'50.00',NULL,NULL),(70,174,2,5,4,'2008-06-26 02:26:17','Credit Card','Soprano',0,0,'50.00',NULL,NULL),(71,44,3,3,3,'2009-03-27 06:42:03','Credit Card','Tiny-tots (ages 5-8)',0,0,'800.00',NULL,NULL),(72,267,1,2,4,'2008-04-23 08:01:52','Credit Card','Single',0,0,'50.00',NULL,NULL),(73,220,3,5,4,'2008-04-20 12:42:49','Credit Card','Tiny-tots (ages 5-8)',0,0,'800.00',NULL,NULL),(74,36,1,5,1,'2007-11-16 04:31:28','Credit Card','Single',0,0,'50.00',NULL,NULL),(75,5,2,1,3,'2008-01-07 05:48:48','Credit Card','Soprano',0,0,'50.00',NULL,NULL),(76,352,3,3,2,'2008-03-08 12:03:23','Credit Card','Tiny-tots (ages 5-8)',0,0,'800.00',NULL,NULL),(77,264,3,1,3,'2008-10-02 02:18:09','Credit Card','Tiny-tots (ages 5-8)',0,0,'800.00',NULL,NULL),(78,333,3,5,3,'2008-12-07 08:45:19','Credit Card','Tiny-tots (ages 5-8)',0,0,'800.00',NULL,NULL),(79,15,1,3,2,'2007-11-18 11:49:29','Credit Card','Single',0,0,'50.00',NULL,NULL),(80,261,1,4,3,'2008-09-07 07:53:54','Credit Card','Single',0,0,'50.00',NULL,NULL),(81,371,2,4,4,'2009-03-30 12:56:17','Credit Card','Soprano',0,0,'50.00',NULL,NULL),(82,97,1,1,1,'2007-10-17 08:30:29','Credit Card','Single',0,0,'50.00',NULL,NULL),(83,486,1,2,2,'2007-08-06 11:11:54','Credit Card','Single',0,0,'50.00',NULL,NULL),(84,298,1,2,1,'2008-04-24 09:34:57','Credit Card','Single',0,0,'50.00',NULL,NULL),(85,392,3,1,1,'2007-06-24 11:54:34','Credit Card','Tiny-tots (ages 5-8)',0,0,'800.00',NULL,NULL),(86,490,3,4,3,'2008-05-25 10:13:17','Credit Card','Tiny-tots (ages 5-8)',0,0,'800.00',NULL,NULL),(87,53,2,2,2,'2007-07-30 02:25:07','Credit Card','Soprano',0,0,'50.00',NULL,NULL),(88,353,3,1,4,'2008-06-30 06:41:36','Credit Card','Tiny-tots (ages 5-8)',0,0,'800.00',NULL,NULL),(89,448,2,3,1,'2009-06-06 04:49:48','Credit Card','Soprano',0,0,'50.00',NULL,NULL),(90,18,1,4,3,'2008-10-31 05:25:48','Credit Card','Single',0,0,'50.00',NULL,NULL),(91,372,1,4,1,'2008-10-11 07:46:36','Credit Card','Single',0,0,'50.00',NULL,NULL),(92,274,3,3,1,'2008-08-15 10:45:47','Credit Card','Tiny-tots (ages 5-8)',0,0,'800.00',NULL,NULL),(93,80,2,3,3,'2008-05-30 10:47:52','Credit Card','Soprano',0,0,'50.00',NULL,NULL),(94,296,2,4,1,'2007-11-23 11:46:18','Credit Card','Soprano',0,0,'50.00',NULL,NULL),(95,36,2,5,2,'2008-08-12 03:17:22','Credit Card','Soprano',0,0,'50.00',NULL,NULL),(96,336,3,2,2,'2007-07-23 09:59:10','Credit Card','Tiny-tots (ages 5-8)',0,0,'800.00',NULL,NULL),(97,37,3,3,2,'2008-09-13 07:22:50','Credit Card','Tiny-tots (ages 5-8)',0,0,'800.00',NULL,NULL),(98,254,3,2,2,'2007-07-06 06:44:35','Credit Card','Tiny-tots (ages 5-8)',0,0,'800.00',NULL,NULL),(99,146,1,2,1,'2007-11-20 04:38:25','Credit Card','Single',0,0,'50.00',NULL,NULL),(100,271,2,4,2,'2007-12-23 04:22:06','Credit Card','Soprano',0,0,'50.00',NULL,NULL),(101,374,1,3,1,'2008-07-11 04:31:22','Credit Card','Single',0,0,'50.00',NULL,NULL),(102,479,2,3,2,'2008-09-30 10:54:55','Credit Card','Soprano',0,0,'50.00',NULL,NULL),(103,91,1,4,2,'2009-04-25 04:03:57','Credit Card','Single',0,0,'50.00',NULL,NULL),(104,172,3,2,3,'2008-05-22 11:49:19','Credit Card','Tiny-tots (ages 5-8)',0,0,'800.00',NULL,NULL),(105,127,2,4,1,'2008-05-27 09:05:30','Credit Card','Soprano',0,0,'50.00',NULL,NULL),(106,318,3,1,4,'2007-11-14 04:57:02','Credit Card','Tiny-tots (ages 5-8)',0,0,'800.00',NULL,NULL),(107,278,2,2,4,'2007-10-06 09:01:54','Credit Card','Soprano',0,0,'50.00',NULL,NULL),(108,398,2,2,1,'2009-02-28 01:06:07','Credit Card','Soprano',0,0,'50.00',NULL,NULL),(109,492,2,1,3,'2008-04-09 06:49:30','Credit Card','Soprano',0,0,'50.00',NULL,NULL),(110,446,1,5,2,'2008-07-03 05:13:17','Credit Card','Single',0,0,'50.00',NULL,NULL),(111,364,3,4,2,'2007-09-05 12:39:47','Credit Card','Tiny-tots (ages 5-8)',0,0,'800.00',NULL,NULL),(112,437,3,4,3,'2008-11-28 12:27:49','Credit Card','Tiny-tots (ages 5-8)',0,0,'800.00',NULL,NULL),(113,440,3,4,4,'2009-01-08 11:46:06','Credit Card','Tiny-tots (ages 5-8)',0,0,'800.00',NULL,NULL),(114,58,3,2,2,'2008-11-21 12:07:18','Credit Card','Tiny-tots (ages 5-8)',0,0,'800.00',NULL,NULL),(115,100,2,4,3,'2008-02-16 11:08:57','Credit Card','Soprano',0,0,'50.00',NULL,NULL),(116,275,2,1,1,'2007-11-27 09:09:27','Credit Card','Soprano',0,0,'50.00',NULL,NULL),(117,5,1,2,1,'2008-03-29 11:19:07','Credit Card','Single',0,0,'50.00',NULL,NULL),(118,424,2,4,3,'2009-03-31 12:02:26','Credit Card','Soprano',0,0,'50.00',NULL,NULL),(119,380,1,1,4,'2008-03-23 06:20:05','Credit Card','Single',0,0,'50.00',NULL,NULL),(120,341,1,3,3,'2008-07-11 03:42:00','Credit Card','Single',0,0,'50.00',NULL,NULL),(121,497,3,5,4,'2008-06-12 03:07:39','Credit Card','Tiny-tots (ages 5-8)',0,0,'800.00',NULL,NULL),(122,202,3,1,4,'2009-04-26 10:42:44','Credit Card','Tiny-tots (ages 5-8)',0,0,'800.00',NULL,NULL),(123,196,2,5,4,'2008-09-16 06:58:03','Credit Card','Soprano',0,0,'50.00',NULL,NULL),(124,377,3,3,4,'2008-11-25 06:31:24','Credit Card','Tiny-tots (ages 5-8)',0,0,'800.00',NULL,NULL),(125,297,1,2,3,'2008-09-08 06:57:18','Credit Card','Single',0,0,'50.00',NULL,NULL),(126,92,1,3,3,'2007-10-09 07:22:53','Credit Card','Single',0,0,'50.00',NULL,NULL),(127,166,2,4,1,'2008-06-14 05:33:18','Credit Card','Soprano',0,0,'50.00',NULL,NULL),(128,35,2,1,2,'2008-02-22 06:05:30','Credit Card','Soprano',0,0,'50.00',NULL,NULL),(129,19,1,2,3,'2008-01-05 02:37:37','Credit Card','Single',0,0,'50.00',NULL,NULL),(130,363,2,4,3,'2008-03-08 05:30:49','Credit Card','Soprano',0,0,'50.00',NULL,NULL),(131,21,3,5,2,'2008-11-09 05:18:06','Credit Card','Tiny-tots (ages 5-8)',0,0,'800.00',NULL,NULL),(132,27,3,4,1,'2009-01-25 05:44:34','Credit Card','Tiny-tots (ages 5-8)',0,0,'800.00',NULL,NULL),(133,324,2,4,2,'2007-10-05 07:34:29','Credit Card','Soprano',0,0,'50.00',NULL,NULL),(134,408,2,4,4,'2009-03-20 01:43:18','Credit Card','Soprano',0,0,'50.00',NULL,NULL),(135,352,1,2,4,'2008-01-19 02:36:20','Credit Card','Single',0,0,'50.00',NULL,NULL),(136,169,1,3,4,'2008-09-06 07:31:52','Credit Card','Single',0,0,'50.00',NULL,NULL),(137,234,3,2,1,'2009-03-14 12:39:54','Credit Card','Tiny-tots (ages 5-8)',0,0,'800.00',NULL,NULL),(138,198,1,1,3,'2007-07-08 07:36:08','Credit Card','Single',0,0,'50.00',NULL,NULL),(139,238,1,1,4,'2009-04-08 07:52:32','Credit Card','Single',0,0,'50.00',NULL,NULL),(140,405,3,2,1,'2007-12-10 01:14:48','Credit Card','Tiny-tots (ages 5-8)',0,0,'800.00',NULL,NULL),(141,446,1,2,3,'2009-01-18 04:20:14','Credit Card','Single',0,0,'50.00',NULL,NULL),(142,483,3,4,3,'2008-12-28 01:31:18','Credit Card','Tiny-tots (ages 5-8)',0,0,'800.00',NULL,NULL),(143,288,1,1,4,'2008-10-13 11:16:04','Credit Card','Single',0,0,'50.00',NULL,NULL),(144,72,1,2,3,'2008-07-23 07:11:16','Credit Card','Single',0,0,'50.00',NULL,NULL),(145,354,2,2,1,'2008-09-28 01:55:11','Credit Card','Soprano',0,0,'50.00',NULL,NULL),(146,131,1,2,1,'2008-08-06 11:05:30','Credit Card','Single',0,0,'50.00',NULL,NULL),(147,413,2,3,2,'2009-01-19 10:25:09','Credit Card','Soprano',0,0,'50.00',NULL,NULL),(148,122,2,2,2,'2008-12-20 07:15:07','Credit Card','Soprano',0,0,'50.00',NULL,NULL),(149,233,1,2,3,'2008-09-02 10:56:32','Credit Card','Single',0,0,'50.00',NULL,NULL),(150,117,1,3,1,'2008-10-11 12:23:06','Credit Card','Single',0,0,'50.00',NULL,NULL),(151,123,2,1,1,'2007-09-23 05:51:12','Credit Card','Soprano',0,0,'50.00',NULL,NULL),(152,190,1,3,4,'2007-09-01 08:14:53','Credit Card','Single',0,0,'50.00',NULL,NULL),(153,181,2,5,4,'2008-06-22 06:11:58','Credit Card','Soprano',0,0,'50.00',NULL,NULL),(154,255,3,3,3,'2008-10-08 02:57:03','Credit Card','Tiny-tots (ages 5-8)',0,0,'800.00',NULL,NULL),(155,303,2,3,1,'2009-05-29 06:47:10','Credit Card','Soprano',0,0,'50.00',NULL,NULL),(156,404,3,4,3,'2008-01-03 06:27:05','Credit Card','Tiny-tots (ages 5-8)',0,0,'800.00',NULL,NULL),(157,342,3,2,1,'2008-08-03 05:38:10','Credit Card','Tiny-tots (ages 5-8)',0,0,'800.00',NULL,NULL),(158,475,2,3,1,'2008-08-09 06:37:40','Credit Card','Soprano',0,0,'50.00',NULL,NULL),(159,495,1,2,4,'2007-10-29 03:41:14','Credit Card','Single',0,0,'50.00',NULL,NULL),(160,166,1,3,4,'2007-10-31 12:14:46','Credit Card','Single',0,0,'50.00',NULL,NULL),(161,469,3,5,4,'2007-09-01 12:48:44','Credit Card','Tiny-tots (ages 5-8)',0,0,'800.00',NULL,NULL),(162,243,1,5,2,'2008-11-02 06:31:13','Credit Card','Single',0,0,'50.00',NULL,NULL),(163,283,1,4,3,'2007-10-05 06:50:12','Credit Card','Single',0,0,'50.00',NULL,NULL),(164,42,1,3,3,'2008-07-06 06:57:44','Credit Card','Single',0,0,'50.00',NULL,NULL),(165,325,3,1,1,'2008-03-09 04:10:30','Credit Card','Tiny-tots (ages 5-8)',0,0,'800.00',NULL,NULL),(166,497,1,1,4,'2008-10-28 02:48:37','Credit Card','Single',0,0,'50.00',NULL,NULL),(167,478,1,3,4,'2007-12-03 11:23:19','Credit Card','Single',0,0,'50.00',NULL,NULL),(168,362,2,4,1,'2007-08-04 09:18:22','Credit Card','Soprano',0,0,'50.00',NULL,NULL),(169,136,3,3,3,'2007-09-02 09:14:54','Credit Card','Tiny-tots (ages 5-8)',0,0,'800.00',NULL,NULL),(170,357,1,4,3,'2007-06-23 03:41:17','Credit Card','Single',0,0,'50.00',NULL,NULL),(171,379,2,4,4,'2009-05-21 01:06:33','Credit Card','Soprano',0,0,'50.00',NULL,NULL),(172,345,3,3,3,'2008-04-08 09:08:54','Credit Card','Tiny-tots (ages 5-8)',0,0,'800.00',NULL,NULL),(173,5,3,4,2,'2008-03-07 08:22:19','Credit Card','Tiny-tots (ages 5-8)',0,0,'800.00',NULL,NULL),(174,223,1,3,3,'2009-01-05 11:46:23','Credit Card','Single',0,0,'50.00',NULL,NULL),(175,167,1,5,1,'2007-08-24 10:16:34','Credit Card','Single',0,0,'50.00',NULL,NULL),(176,293,1,5,3,'2007-09-06 02:32:32','Credit Card','Single',0,0,'50.00',NULL,NULL),(177,186,2,1,4,'2008-11-17 06:16:11','Credit Card','Soprano',0,0,'50.00',NULL,NULL),(178,122,1,2,3,'2009-04-02 05:49:10','Credit Card','Single',0,0,'50.00',NULL,NULL),(179,254,3,1,2,'2008-04-19 07:09:06','Credit Card','Tiny-tots (ages 5-8)',0,0,'800.00',NULL,NULL),(180,473,1,3,1,'2007-06-20 10:00:05','Credit Card','Single',0,0,'50.00',NULL,NULL),(181,72,3,5,2,'2008-01-26 09:44:57','Credit Card','Tiny-tots (ages 5-8)',0,0,'800.00',NULL,NULL),(182,476,1,1,2,'2008-01-14 08:06:46','Credit Card','Single',0,0,'50.00',NULL,NULL),(183,235,2,4,2,'2008-12-16 02:59:04','Credit Card','Soprano',0,0,'50.00',NULL,NULL),(184,275,1,5,3,'2008-05-20 03:20:57','Credit Card','Single',0,0,'50.00',NULL,NULL),(185,79,1,5,2,'2007-09-05 07:20:10','Credit Card','Single',0,0,'50.00',NULL,NULL),(186,297,2,2,2,'2008-06-22 02:49:47','Credit Card','Soprano',0,0,'50.00',NULL,NULL),(187,387,3,2,2,'2008-02-01 02:25:09','Credit Card','Tiny-tots (ages 5-8)',0,0,'800.00',NULL,NULL),(188,287,1,4,1,'2008-05-23 01:49:11','Credit Card','Single',0,0,'50.00',NULL,NULL),(189,299,3,2,3,'2008-08-31 02:59:08','Credit Card','Tiny-tots (ages 5-8)',0,0,'800.00',NULL,NULL),(190,406,2,5,2,'2008-08-27 02:12:33','Credit Card','Soprano',0,0,'50.00',NULL,NULL),(191,347,3,3,3,'2007-09-09 11:29:00','Credit Card','Tiny-tots (ages 5-8)',0,0,'800.00',NULL,NULL),(192,174,1,3,2,'2008-05-14 05:34:27','Credit Card','Single',0,0,'50.00',NULL,NULL),(193,173,1,2,2,'2008-07-22 09:09:36','Credit Card','Single',0,0,'50.00',NULL,NULL),(194,380,1,5,4,'2009-04-04 12:47:39','Credit Card','Single',0,0,'50.00',NULL,NULL),(195,416,3,5,4,'2008-04-11 07:39:35','Credit Card','Tiny-tots (ages 5-8)',0,0,'800.00',NULL,NULL),(196,152,1,1,4,'2008-03-09 02:10:17','Credit Card','Single',0,0,'50.00',NULL,NULL),(197,385,1,4,1,'2008-11-02 03:51:04','Credit Card','Single',0,0,'50.00',NULL,NULL),(198,449,1,4,2,'2008-02-10 12:56:01','Credit Card','Single',0,0,'50.00',NULL,NULL),(199,293,2,5,2,'2007-11-12 10:14:07','Credit Card','Soprano',0,0,'50.00',NULL,NULL),(200,10,3,1,4,'2008-02-25 06:45:48','Credit Card','Tiny-tots (ages 5-8)',0,0,'800.00',NULL,NULL),(201,483,2,2,2,'2007-07-15 02:23:27','Credit Card','Soprano',0,0,'50.00',NULL,NULL),(202,84,1,1,3,'2009-01-27 02:11:28','Credit Card','Single',0,0,'50.00',NULL,NULL),(203,7,1,1,4,'2008-09-07 08:51:06','Credit Card','Single',0,0,'50.00',NULL,NULL),(204,166,1,5,4,'2007-08-19 11:49:52','Credit Card','Single',0,0,'50.00',NULL,NULL),(205,237,2,5,3,'2007-11-26 10:41:10','Credit Card','Soprano',0,0,'50.00',NULL,NULL),(206,58,2,4,4,'2009-02-06 12:38:26','Credit Card','Soprano',0,0,'50.00',NULL,NULL),(207,94,3,3,2,'2008-01-20 12:28:31','Credit Card','Tiny-tots (ages 5-8)',0,0,'800.00',NULL,NULL),(208,490,1,1,2,'2008-03-19 05:40:29','Credit Card','Single',0,0,'50.00',NULL,NULL),(209,289,2,1,2,'2009-01-23 02:55:43','Credit Card','Soprano',0,0,'50.00',NULL,NULL),(210,112,2,2,1,'2008-12-01 01:15:06','Credit Card','Soprano',0,0,'50.00',NULL,NULL),(211,293,2,5,2,'2007-10-07 02:36:09','Credit Card','Soprano',0,0,'50.00',NULL,NULL),(212,210,3,1,2,'2008-02-21 09:53:13','Credit Card','Tiny-tots (ages 5-8)',0,0,'800.00',NULL,NULL),(213,328,3,1,2,'2007-07-02 03:18:52','Credit Card','Tiny-tots (ages 5-8)',0,0,'800.00',NULL,NULL),(214,324,2,2,1,'2008-05-17 12:50:32','Credit Card','Soprano',0,0,'50.00',NULL,NULL),(215,208,1,2,1,'2008-05-16 07:37:00','Credit Card','Single',0,0,'50.00',NULL,NULL),(216,377,1,5,2,'2008-12-11 01:21:49','Credit Card','Single',0,0,'50.00',NULL,NULL),(217,497,1,1,4,'2007-07-31 12:39:08','Credit Card','Single',0,0,'50.00',NULL,NULL),(218,304,2,4,4,'2008-10-17 05:30:35','Credit Card','Soprano',0,0,'50.00',NULL,NULL),(219,427,1,3,2,'2007-12-16 10:39:44','Credit Card','Single',0,0,'50.00',NULL,NULL),(220,70,1,1,3,'2008-12-26 11:10:02','Credit Card','Single',0,0,'50.00',NULL,NULL),(221,286,2,1,4,'2009-06-05 08:25:20','Credit Card','Soprano',0,0,'50.00',NULL,NULL),(222,494,1,4,2,'2008-04-10 04:15:40','Credit Card','Single',0,0,'50.00',NULL,NULL),(223,414,2,4,2,'2008-01-23 10:11:21','Credit Card','Soprano',0,0,'50.00',NULL,NULL),(224,331,1,2,4,'2007-09-23 02:20:03','Credit Card','Single',0,0,'50.00',NULL,NULL),(225,469,3,1,2,'2008-01-15 09:01:09','Credit Card','Tiny-tots (ages 5-8)',0,0,'800.00',NULL,NULL),(226,13,1,2,1,'2007-08-02 01:55:45','Credit Card','Single',0,0,'50.00',NULL,NULL),(227,56,1,5,2,'2008-09-16 10:58:43','Credit Card','Single',0,0,'50.00',NULL,NULL),(228,338,1,5,3,'2008-12-06 10:59:10','Credit Card','Single',0,0,'50.00',NULL,NULL),(229,36,3,4,3,'2008-03-14 11:33:27','Credit Card','Tiny-tots (ages 5-8)',0,0,'800.00',NULL,NULL),(230,42,2,1,3,'2008-01-08 02:58:25','Credit Card','Soprano',0,0,'50.00',NULL,NULL),(231,495,3,5,2,'2008-07-20 02:19:22','Credit Card','Tiny-tots (ages 5-8)',0,0,'800.00',NULL,NULL),(232,200,1,3,2,'2009-02-21 05:33:22','Credit Card','Single',0,0,'50.00',NULL,NULL),(233,62,2,2,3,'2008-07-28 06:57:26','Credit Card','Soprano',0,0,'50.00',NULL,NULL),(234,41,3,4,1,'2009-01-31 09:25:42','Credit Card','Tiny-tots (ages 5-8)',0,0,'800.00',NULL,NULL),(235,486,2,3,4,'2009-05-12 11:30:31','Credit Card','Soprano',0,0,'50.00',NULL,NULL),(236,176,1,4,2,'2008-02-11 02:29:39','Credit Card','Single',0,0,'50.00',NULL,NULL),(237,359,2,1,1,'2009-01-14 10:13:43','Credit Card','Soprano',0,0,'50.00',NULL,NULL),(238,432,2,5,4,'2008-02-20 03:43:11','Credit Card','Soprano',0,0,'50.00',NULL,NULL),(239,292,2,5,2,'2007-09-21 03:02:20','Credit Card','Soprano',0,0,'50.00',NULL,NULL),(240,435,2,3,4,'2007-10-15 01:41:45','Credit Card','Soprano',0,0,'50.00',NULL,NULL),(241,145,2,4,3,'2008-11-03 11:35:08','Credit Card','Soprano',0,0,'50.00',NULL,NULL),(242,18,3,2,1,'2008-07-04 12:15:40','Credit Card','Tiny-tots (ages 5-8)',0,0,'800.00',NULL,NULL),(243,67,1,4,3,'2009-06-04 12:02:10','Credit Card','Single',0,0,'50.00',NULL,NULL),(244,182,1,5,2,'2009-03-09 12:10:43','Credit Card','Single',0,0,'50.00',NULL,NULL),(245,197,1,5,2,'2008-09-15 07:01:49','Credit Card','Single',0,0,'50.00',NULL,NULL),(246,27,3,5,1,'2007-08-01 08:21:54','Credit Card','Tiny-tots (ages 5-8)',0,0,'800.00',NULL,NULL),(247,114,3,4,4,'2008-06-04 11:58:17','Credit Card','Tiny-tots (ages 5-8)',0,0,'800.00',NULL,NULL),(248,353,1,2,4,'2008-07-12 02:21:06','Credit Card','Single',0,0,'50.00',NULL,NULL),(249,207,2,2,4,'2009-03-29 11:12:10','Credit Card','Soprano',0,0,'50.00',NULL,NULL),(250,491,2,5,3,'2008-04-17 10:18:52','Credit Card','Soprano',0,0,'50.00',NULL,NULL),(251,171,1,4,2,'2008-08-20 06:09:11','Credit Card','Single',0,0,'50.00',NULL,NULL),(252,377,2,3,2,'2007-12-05 11:25:13','Credit Card','Soprano',0,0,'50.00',NULL,NULL),(253,144,3,4,1,'2008-09-23 02:37:02','Credit Card','Tiny-tots (ages 5-8)',0,0,'800.00',NULL,NULL),(254,202,2,5,1,'2009-03-03 11:17:14','Credit Card','Soprano',0,0,'50.00',NULL,NULL),(255,482,2,5,2,'2009-04-20 04:58:18','Credit Card','Soprano',0,0,'50.00',NULL,NULL),(256,128,1,2,3,'2007-10-09 05:11:21','Credit Card','Single',0,0,'50.00',NULL,NULL),(257,165,1,4,2,'2008-01-08 05:55:33','Credit Card','Single',0,0,'50.00',NULL,NULL),(258,235,1,1,4,'2007-10-22 07:08:58','Credit Card','Single',0,0,'50.00',NULL,NULL),(259,2,3,5,2,'2008-08-20 09:45:20','Credit Card','Tiny-tots (ages 5-8)',0,0,'800.00',NULL,NULL),(260,487,3,5,4,'2008-08-28 12:43:48','Credit Card','Tiny-tots (ages 5-8)',0,0,'800.00',NULL,NULL),(261,210,1,4,3,'2007-12-26 06:42:13','Credit Card','Single',0,0,'50.00',NULL,NULL),(262,97,3,2,2,'2007-12-29 12:44:17','Credit Card','Tiny-tots (ages 5-8)',0,0,'800.00',NULL,NULL),(263,405,3,5,2,'2008-11-11 05:07:06','Credit Card','Tiny-tots (ages 5-8)',0,0,'800.00',NULL,NULL),(264,21,3,5,2,'2008-07-02 06:46:40','Credit Card','Tiny-tots (ages 5-8)',0,0,'800.00',NULL,NULL),(265,236,3,3,2,'2007-07-18 07:22:36','Credit Card','Tiny-tots (ages 5-8)',0,0,'800.00',NULL,NULL),(266,9,2,1,4,'2008-04-19 01:06:28','Credit Card','Soprano',0,0,'50.00',NULL,NULL),(267,146,2,4,3,'2007-12-11 11:29:25','Credit Card','Soprano',0,0,'50.00',NULL,NULL),(268,458,2,3,1,'2007-10-24 01:45:49','Credit Card','Soprano',0,0,'50.00',NULL,NULL),(269,477,3,3,4,'2009-01-18 05:56:31','Credit Card','Tiny-tots (ages 5-8)',0,0,'800.00',NULL,NULL),(270,227,2,2,4,'2008-09-29 05:08:57','Credit Card','Soprano',0,0,'50.00',NULL,NULL),(271,385,1,3,2,'2009-03-04 02:56:01','Credit Card','Single',0,0,'50.00',NULL,NULL),(272,32,3,3,3,'2008-07-18 12:15:17','Credit Card','Tiny-tots (ages 5-8)',0,0,'800.00',NULL,NULL),(273,430,1,1,2,'2008-10-17 07:01:29','Credit Card','Single',0,0,'50.00',NULL,NULL),(274,260,1,4,4,'2008-07-24 06:08:54','Credit Card','Single',0,0,'50.00',NULL,NULL),(275,306,2,4,4,'2008-12-26 06:22:13','Credit Card','Soprano',0,0,'50.00',NULL,NULL),(276,432,2,5,1,'2009-01-30 06:47:43','Credit Card','Soprano',0,0,'50.00',NULL,NULL),(277,139,2,3,2,'2008-05-23 04:22:14','Credit Card','Soprano',0,0,'50.00',NULL,NULL),(278,379,1,1,3,'2008-07-31 01:58:06','Credit Card','Single',0,0,'50.00',NULL,NULL),(279,479,2,4,4,'2008-10-25 07:59:05','Credit Card','Soprano',0,0,'50.00',NULL,NULL),(280,329,2,5,2,'2009-01-25 02:59:39','Credit Card','Soprano',0,0,'50.00',NULL,NULL),(281,438,1,3,1,'2008-04-18 12:35:51','Credit Card','Single',0,0,'50.00',NULL,NULL),(282,259,3,5,2,'2009-04-24 01:00:36','Credit Card','Tiny-tots (ages 5-8)',0,0,'800.00',NULL,NULL),(283,186,2,1,1,'2008-09-19 05:38:33','Credit Card','Soprano',0,0,'50.00',NULL,NULL),(284,36,1,2,3,'2008-09-27 06:30:29','Credit Card','Single',0,0,'50.00',NULL,NULL),(285,218,3,5,1,'2007-08-12 04:46:21','Credit Card','Tiny-tots (ages 5-8)',0,0,'800.00',NULL,NULL),(286,59,3,4,4,'2008-02-06 08:32:31','Credit Card','Tiny-tots (ages 5-8)',0,0,'800.00',NULL,NULL),(287,116,3,1,4,'2008-07-14 02:58:00','Credit Card','Tiny-tots (ages 5-8)',0,0,'800.00',NULL,NULL),(288,386,1,1,1,'2008-03-31 02:59:41','Credit Card','Single',0,0,'50.00',NULL,NULL),(289,293,1,4,1,'2008-10-24 04:37:39','Credit Card','Single',0,0,'50.00',NULL,NULL),(290,469,3,2,3,'2007-11-11 11:30:32','Credit Card','Tiny-tots (ages 5-8)',0,0,'800.00',NULL,NULL),(291,413,1,5,2,'2008-06-15 11:20:40','Credit Card','Single',0,0,'50.00',NULL,NULL),(292,319,2,1,1,'2009-06-04 03:58:52','Credit Card','Soprano',0,0,'50.00',NULL,NULL),(293,69,3,5,2,'2007-06-16 10:54:11','Credit Card','Tiny-tots (ages 5-8)',0,0,'800.00',NULL,NULL),(294,105,3,2,4,'2009-01-29 01:20:03','Credit Card','Tiny-tots (ages 5-8)',0,0,'800.00',NULL,NULL),(295,466,1,2,2,'2008-05-09 01:28:10','Credit Card','Single',0,0,'50.00',NULL,NULL),(296,161,3,1,1,'2008-07-15 02:31:20','Credit Card','Tiny-tots (ages 5-8)',0,0,'800.00',NULL,NULL),(297,166,2,5,4,'2007-10-03 04:15:24','Credit Card','Soprano',0,0,'50.00',NULL,NULL),(298,409,2,5,3,'2009-03-29 07:20:16','Credit Card','Soprano',0,0,'50.00',NULL,NULL),(299,111,2,2,4,'2007-10-21 06:55:24','Credit Card','Soprano',0,0,'50.00',NULL,NULL),(300,17,1,2,4,'2008-11-17 12:30:18','Credit Card','Single',0,0,'50.00',NULL,NULL),(301,341,2,2,4,'2008-08-22 11:18:32','Credit Card','Soprano',0,0,'50.00',NULL,NULL),(302,179,2,4,1,'2007-09-26 11:02:54','Credit Card','Soprano',0,0,'50.00',NULL,NULL),(303,163,1,4,4,'2009-02-05 12:43:52','Credit Card','Single',0,0,'50.00',NULL,NULL),(304,409,1,2,3,'2007-08-11 03:51:22','Credit Card','Single',0,0,'50.00',NULL,NULL),(305,219,3,1,1,'2007-07-18 09:15:56','Credit Card','Tiny-tots (ages 5-8)',0,0,'800.00',NULL,NULL),(306,233,1,4,3,'2007-07-19 08:57:18','Credit Card','Single',0,0,'50.00',NULL,NULL),(307,23,2,5,1,'2007-07-18 02:11:32','Credit Card','Soprano',0,0,'50.00',NULL,NULL),(308,201,1,4,3,'2007-08-28 10:41:40','Credit Card','Single',0,0,'50.00',NULL,NULL),(309,287,1,2,3,'2009-03-26 05:31:39','Credit Card','Single',0,0,'50.00',NULL,NULL),(310,216,1,1,1,'2009-01-03 08:47:12','Credit Card','Single',0,0,'50.00',NULL,NULL),(311,463,1,2,2,'2009-01-03 04:32:49','Credit Card','Single',0,0,'50.00',NULL,NULL),(312,172,1,5,1,'2007-07-09 07:59:50','Credit Card','Single',0,0,'50.00',NULL,NULL),(313,206,2,4,4,'2008-03-01 05:18:53','Credit Card','Soprano',0,0,'50.00',NULL,NULL),(314,412,3,2,1,'2007-07-03 01:19:39','Credit Card','Tiny-tots (ages 5-8)',0,0,'800.00',NULL,NULL),(315,417,2,5,3,'2008-04-02 03:19:33','Credit Card','Soprano',0,0,'50.00',NULL,NULL),(316,94,3,1,3,'2007-10-05 09:25:36','Credit Card','Tiny-tots (ages 5-8)',0,0,'800.00',NULL,NULL),(317,262,3,5,4,'2008-08-31 02:57:00','Credit Card','Tiny-tots (ages 5-8)',0,0,'800.00',NULL,NULL),(318,252,2,2,3,'2008-04-05 01:23:56','Credit Card','Soprano',0,0,'50.00',NULL,NULL),(319,87,2,4,3,'2008-07-05 05:24:51','Credit Card','Soprano',0,0,'50.00',NULL,NULL),(320,306,1,1,4,'2008-07-19 01:48:26','Credit Card','Single',0,0,'50.00',NULL,NULL),(321,225,1,3,1,'2008-03-28 05:40:31','Credit Card','Single',0,0,'50.00',NULL,NULL),(322,338,2,3,2,'2007-09-12 06:29:12','Credit Card','Soprano',0,0,'50.00',NULL,NULL),(323,214,1,2,3,'2009-06-07 12:07:53','Credit Card','Single',0,0,'50.00',NULL,NULL),(324,87,2,2,3,'2008-04-07 11:06:00','Credit Card','Soprano',0,0,'50.00',NULL,NULL),(325,118,2,4,3,'2008-02-04 04:36:59','Credit Card','Soprano',0,0,'50.00',NULL,NULL),(326,383,1,1,2,'2007-12-25 03:06:23','Credit Card','Single',0,0,'50.00',NULL,NULL),(327,164,2,4,3,'2009-01-07 08:45:18','Credit Card','Soprano',0,0,'50.00',NULL,NULL),(328,441,3,5,2,'2008-06-05 10:29:36','Credit Card','Tiny-tots (ages 5-8)',0,0,'800.00',NULL,NULL),(329,282,1,1,1,'2009-02-05 07:52:55','Credit Card','Single',0,0,'50.00',NULL,NULL),(330,210,2,2,3,'2007-06-14 03:59:19','Credit Card','Soprano',0,0,'50.00',NULL,NULL),(331,156,3,5,3,'2009-02-01 12:39:47','Credit Card','Tiny-tots (ages 5-8)',0,0,'800.00',NULL,NULL),(332,4,2,5,3,'2007-08-12 11:58:40','Credit Card','Soprano',0,0,'50.00',NULL,NULL),(333,207,3,4,1,'2007-12-13 12:46:35','Credit Card','Tiny-tots (ages 5-8)',0,0,'800.00',NULL,NULL),(334,177,1,5,1,'2009-02-03 01:12:39','Credit Card','Single',0,0,'50.00',NULL,NULL),(335,369,3,1,4,'2007-11-30 10:14:36','Credit Card','Tiny-tots (ages 5-8)',0,0,'800.00',NULL,NULL),(336,423,3,2,2,'2007-07-15 05:16:27','Credit Card','Tiny-tots (ages 5-8)',0,0,'800.00',NULL,NULL),(337,18,1,1,3,'2008-08-08 03:46:30','Credit Card','Single',0,0,'50.00',NULL,NULL),(338,450,2,2,2,'2007-09-14 07:28:22','Credit Card','Soprano',0,0,'50.00',NULL,NULL),(339,346,2,5,4,'2007-11-06 06:50:52','Credit Card','Soprano',0,0,'50.00',NULL,NULL),(340,227,1,1,4,'2008-02-16 09:19:28','Credit Card','Single',0,0,'50.00',NULL,NULL),(341,57,2,3,4,'2008-11-03 03:54:27','Credit Card','Soprano',0,0,'50.00',NULL,NULL),(342,125,2,3,4,'2009-01-23 06:54:02','Credit Card','Soprano',0,0,'50.00',NULL,NULL),(343,131,2,5,1,'2008-06-02 12:31:10','Credit Card','Soprano',0,0,'50.00',NULL,NULL),(344,387,3,2,3,'2008-01-30 12:06:13','Credit Card','Tiny-tots (ages 5-8)',0,0,'800.00',NULL,NULL),(345,208,1,3,3,'2007-06-14 02:25:57','Credit Card','Single',0,0,'50.00',NULL,NULL),(346,449,2,1,1,'2009-01-19 04:58:05','Credit Card','Soprano',0,0,'50.00',NULL,NULL),(347,489,2,1,3,'2008-07-10 01:23:38','Credit Card','Soprano',0,0,'50.00',NULL,NULL),(348,280,2,3,4,'2007-09-29 08:09:39','Credit Card','Soprano',0,0,'50.00',NULL,NULL),(349,163,2,2,1,'2007-06-12 03:24:12','Credit Card','Soprano',0,0,'50.00',NULL,NULL),(350,159,2,2,1,'2008-12-17 11:02:00','Credit Card','Soprano',0,0,'50.00',NULL,NULL),(351,436,3,1,2,'2008-06-26 10:52:09','Credit Card','Tiny-tots (ages 5-8)',0,0,'800.00',NULL,NULL),(352,351,2,1,4,'2008-08-16 11:53:14','Credit Card','Soprano',0,0,'50.00',NULL,NULL),(353,55,3,3,2,'2009-05-30 07:26:07','Credit Card','Tiny-tots (ages 5-8)',0,0,'800.00',NULL,NULL),(354,307,3,4,3,'2008-11-08 11:04:59','Credit Card','Tiny-tots (ages 5-8)',0,0,'800.00',NULL,NULL),(355,413,3,3,2,'2008-05-07 03:38:39','Credit Card','Tiny-tots (ages 5-8)',0,0,'800.00',NULL,NULL),(356,404,1,5,2,'2007-07-31 03:05:03','Credit Card','Single',0,0,'50.00',NULL,NULL),(357,286,3,2,1,'2007-07-04 10:09:24','Credit Card','Tiny-tots (ages 5-8)',0,0,'800.00',NULL,NULL),(358,109,1,2,4,'2009-02-20 02:12:35','Credit Card','Single',0,0,'50.00',NULL,NULL),(359,51,1,2,3,'2008-05-19 02:07:05','Credit Card','Single',0,0,'50.00',NULL,NULL),(360,363,2,2,2,'2009-06-05 06:30:53','Credit Card','Soprano',0,0,'50.00',NULL,NULL),(361,219,1,1,2,'2007-08-26 11:17:47','Credit Card','Single',0,0,'50.00',NULL,NULL),(362,83,3,1,2,'2008-06-09 04:11:14','Credit Card','Tiny-tots (ages 5-8)',0,0,'800.00',NULL,NULL),(363,500,2,1,3,'2008-10-11 02:59:14','Credit Card','Soprano',0,0,'50.00',NULL,NULL),(364,60,2,2,4,'2007-08-30 07:59:31','Credit Card','Soprano',0,0,'50.00',NULL,NULL),(365,264,2,2,3,'2008-07-16 05:43:32','Credit Card','Soprano',0,0,'50.00',NULL,NULL),(366,493,2,1,2,'2008-05-18 10:34:33','Credit Card','Soprano',0,0,'50.00',NULL,NULL),(367,76,3,4,3,'2008-12-16 11:31:23','Credit Card','Tiny-tots (ages 5-8)',0,0,'800.00',NULL,NULL),(368,417,1,2,1,'2007-10-28 06:48:38','Credit Card','Single',0,0,'50.00',NULL,NULL),(369,497,1,4,2,'2008-11-04 05:40:10','Credit Card','Single',0,0,'50.00',NULL,NULL),(370,372,3,2,2,'2008-02-12 02:43:58','Credit Card','Tiny-tots (ages 5-8)',0,0,'800.00',NULL,NULL),(371,158,2,5,1,'2007-07-22 12:40:18','Credit Card','Soprano',0,0,'50.00',NULL,NULL),(372,368,3,2,3,'2009-01-03 08:54:08','Credit Card','Tiny-tots (ages 5-8)',0,0,'800.00',NULL,NULL),(373,310,1,3,2,'2008-05-09 04:10:37','Credit Card','Single',0,0,'50.00',NULL,NULL),(374,116,3,2,4,'2008-01-06 12:56:44','Credit Card','Tiny-tots (ages 5-8)',0,0,'800.00',NULL,NULL),(375,144,1,1,1,'2009-01-30 07:17:52','Credit Card','Single',0,0,'50.00',NULL,NULL),(376,325,2,1,3,'2007-08-05 08:18:37','Credit Card','Soprano',0,0,'50.00',NULL,NULL),(377,143,2,3,2,'2007-08-30 05:31:19','Credit Card','Soprano',0,0,'50.00',NULL,NULL),(378,77,2,1,1,'2008-09-26 02:05:17','Credit Card','Soprano',0,0,'50.00',NULL,NULL),(379,300,2,1,1,'2008-09-14 11:03:34','Credit Card','Soprano',0,0,'50.00',NULL,NULL),(380,147,3,5,3,'2008-02-02 06:02:41','Credit Card','Tiny-tots (ages 5-8)',0,0,'800.00',NULL,NULL),(381,16,3,3,2,'2007-06-12 04:56:07','Credit Card','Tiny-tots (ages 5-8)',0,0,'800.00',NULL,NULL),(382,497,1,5,4,'2008-10-30 11:13:17','Credit Card','Single',0,0,'50.00',NULL,NULL),(383,179,3,3,3,'2008-03-26 11:01:45','Credit Card','Tiny-tots (ages 5-8)',0,0,'800.00',NULL,NULL),(384,464,1,4,4,'2008-07-22 02:32:25','Credit Card','Single',0,0,'50.00',NULL,NULL),(385,321,1,3,2,'2008-12-27 03:01:24','Credit Card','Single',0,0,'50.00',NULL,NULL),(386,359,2,5,3,'2007-08-23 08:41:09','Credit Card','Soprano',0,0,'50.00',NULL,NULL),(387,446,2,2,2,'2007-08-23 11:21:14','Credit Card','Soprano',0,0,'50.00',NULL,NULL),(388,287,3,5,1,'2007-09-08 02:32:31','Credit Card','Tiny-tots (ages 5-8)',0,0,'800.00',NULL,NULL),(389,98,2,5,2,'2008-04-24 04:32:00','Credit Card','Soprano',0,0,'50.00',NULL,NULL),(390,463,1,2,3,'2008-02-07 03:36:29','Credit Card','Single',0,0,'50.00',NULL,NULL),(391,298,3,4,2,'2007-10-29 08:41:07','Credit Card','Tiny-tots (ages 5-8)',0,0,'800.00',NULL,NULL),(392,249,2,4,2,'2009-02-05 03:39:05','Credit Card','Soprano',0,0,'50.00',NULL,NULL),(393,367,2,4,3,'2007-07-18 05:29:24','Credit Card','Soprano',0,0,'50.00',NULL,NULL),(394,228,3,3,1,'2007-07-26 10:40:24','Credit Card','Tiny-tots (ages 5-8)',0,0,'800.00',NULL,NULL),(395,418,3,4,1,'2008-04-17 07:53:50','Credit Card','Tiny-tots (ages 5-8)',0,0,'800.00',NULL,NULL),(396,18,3,5,3,'2007-06-30 07:53:15','Credit Card','Tiny-tots (ages 5-8)',0,0,'800.00',NULL,NULL),(397,372,1,5,1,'2007-08-06 05:05:48','Credit Card','Single',0,0,'50.00',NULL,NULL),(398,200,3,3,3,'2009-03-01 10:49:17','Credit Card','Tiny-tots (ages 5-8)',0,0,'800.00',NULL,NULL),(399,441,1,2,1,'2008-07-28 04:02:33','Credit Card','Single',0,0,'50.00',NULL,NULL),(400,484,2,5,2,'2008-05-09 04:23:07','Credit Card','Soprano',0,0,'50.00',NULL,NULL),(401,110,2,2,3,'2008-02-05 05:40:22','Credit Card','Soprano',0,0,'50.00',NULL,NULL),(402,267,1,3,4,'2007-06-09 09:00:56','Credit Card','Single',0,0,'50.00',NULL,NULL),(403,415,2,4,3,'2007-12-20 12:29:45','Credit Card','Soprano',0,0,'50.00',NULL,NULL),(404,34,3,3,3,'2009-01-19 07:04:10','Credit Card','Tiny-tots (ages 5-8)',0,0,'800.00',NULL,NULL),(405,416,1,2,2,'2008-11-03 08:57:34','Credit Card','Single',0,0,'50.00',NULL,NULL),(406,20,1,4,2,'2008-10-04 02:41:17','Credit Card','Single',0,0,'50.00',NULL,NULL),(407,4,1,4,4,'2008-06-17 11:13:05','Credit Card','Single',0,0,'50.00',NULL,NULL),(408,161,3,2,4,'2008-05-07 11:58:38','Credit Card','Tiny-tots (ages 5-8)',0,0,'800.00',NULL,NULL),(409,14,3,4,1,'2007-10-21 03:17:22','Credit Card','Tiny-tots (ages 5-8)',0,0,'800.00',NULL,NULL),(410,487,1,3,3,'2008-09-05 03:29:30','Credit Card','Single',0,0,'50.00',NULL,NULL),(411,448,1,1,4,'2009-01-06 10:03:47','Credit Card','Single',0,0,'50.00',NULL,NULL),(412,408,3,5,4,'2007-08-28 07:41:30','Credit Card','Tiny-tots (ages 5-8)',0,0,'800.00',NULL,NULL),(413,83,3,5,1,'2009-05-12 07:15:37','Credit Card','Tiny-tots (ages 5-8)',0,0,'800.00',NULL,NULL),(414,390,3,5,2,'2007-10-24 07:06:00','Credit Card','Tiny-tots (ages 5-8)',0,0,'800.00',NULL,NULL),(415,448,1,1,4,'2008-05-11 08:44:37','Credit Card','Single',0,0,'50.00',NULL,NULL),(416,355,3,4,4,'2008-04-23 01:20:36','Credit Card','Tiny-tots (ages 5-8)',0,0,'800.00',NULL,NULL),(417,481,1,4,2,'2009-04-12 02:18:49','Credit Card','Single',0,0,'50.00',NULL,NULL),(418,59,3,2,1,'2009-04-13 01:18:04','Credit Card','Tiny-tots (ages 5-8)',0,0,'800.00',NULL,NULL),(419,5,1,4,4,'2007-08-08 07:51:14','Credit Card','Single',0,0,'50.00',NULL,NULL),(420,69,3,4,2,'2008-04-27 05:37:39','Credit Card','Tiny-tots (ages 5-8)',0,0,'800.00',NULL,NULL),(421,12,1,5,4,'2007-07-07 02:22:10','Credit Card','Single',0,0,'50.00',NULL,NULL),(422,38,2,4,3,'2008-02-06 07:41:25','Credit Card','Soprano',0,0,'50.00',NULL,NULL),(423,198,3,1,2,'2008-10-28 08:37:52','Credit Card','Tiny-tots (ages 5-8)',0,0,'800.00',NULL,NULL),(424,298,3,5,3,'2008-06-09 04:26:25','Credit Card','Tiny-tots (ages 5-8)',0,0,'800.00',NULL,NULL),(425,300,1,2,4,'2008-05-17 03:14:03','Credit Card','Single',0,0,'50.00',NULL,NULL),(426,390,2,4,4,'2009-01-18 05:53:37','Credit Card','Soprano',0,0,'50.00',NULL,NULL),(427,404,3,2,4,'2008-02-05 06:24:48','Credit Card','Tiny-tots (ages 5-8)',0,0,'800.00',NULL,NULL),(428,433,3,1,2,'2008-12-07 11:57:18','Credit Card','Tiny-tots (ages 5-8)',0,0,'800.00',NULL,NULL),(429,218,3,3,3,'2008-06-15 05:53:45','Credit Card','Tiny-tots (ages 5-8)',0,0,'800.00',NULL,NULL),(430,305,3,2,2,'2008-08-22 08:33:33','Credit Card','Tiny-tots (ages 5-8)',0,0,'800.00',NULL,NULL),(431,277,1,4,2,'2009-03-12 10:56:41','Credit Card','Single',0,0,'50.00',NULL,NULL),(432,189,3,3,3,'2008-03-31 04:31:01','Credit Card','Tiny-tots (ages 5-8)',0,0,'800.00',NULL,NULL),(433,269,2,5,3,'2009-01-16 03:19:48','Credit Card','Soprano',0,0,'50.00',NULL,NULL),(434,386,2,5,3,'2009-02-24 06:41:08','Credit Card','Soprano',0,0,'50.00',NULL,NULL),(435,54,1,4,1,'2007-10-21 08:14:28','Credit Card','Single',0,0,'50.00',NULL,NULL),(436,248,1,2,1,'2007-07-18 08:17:39','Credit Card','Single',0,0,'50.00',NULL,NULL),(437,96,1,4,3,'2007-07-08 10:24:18','Credit Card','Single',0,0,'50.00',NULL,NULL),(438,466,1,3,2,'2008-01-22 05:58:59','Credit Card','Single',0,0,'50.00',NULL,NULL),(439,124,1,2,1,'2008-08-27 07:00:54','Credit Card','Single',0,0,'50.00',NULL,NULL),(440,453,3,5,2,'2007-11-16 08:47:31','Credit Card','Tiny-tots (ages 5-8)',0,0,'800.00',NULL,NULL),(441,277,2,4,3,'2009-01-06 05:55:52','Credit Card','Soprano',0,0,'50.00',NULL,NULL),(442,291,1,4,3,'2007-08-01 08:46:09','Credit Card','Single',0,0,'50.00',NULL,NULL),(443,261,2,3,1,'2008-10-24 04:13:50','Credit Card','Soprano',0,0,'50.00',NULL,NULL),(444,161,2,1,3,'2008-03-29 01:41:42','Credit Card','Soprano',0,0,'50.00',NULL,NULL),(445,15,1,1,2,'2007-11-21 10:21:32','Credit Card','Single',0,0,'50.00',NULL,NULL),(446,430,3,2,4,'2009-05-22 07:40:12','Credit Card','Tiny-tots (ages 5-8)',0,0,'800.00',NULL,NULL),(447,54,1,2,3,'2007-12-04 02:41:00','Credit Card','Single',0,0,'50.00',NULL,NULL),(448,143,3,3,4,'2009-06-03 10:07:13','Credit Card','Tiny-tots (ages 5-8)',0,0,'800.00',NULL,NULL),(449,378,2,5,2,'2008-01-15 12:41:22','Credit Card','Soprano',0,0,'50.00',NULL,NULL),(450,244,2,5,1,'2007-11-19 11:23:02','Credit Card','Soprano',0,0,'50.00',NULL,NULL),(451,361,2,5,4,'2009-01-29 09:54:58','Credit Card','Soprano',0,0,'50.00',NULL,NULL),(452,254,2,2,3,'2008-09-05 07:45:48','Credit Card','Soprano',0,0,'50.00',NULL,NULL),(453,67,2,3,2,'2009-03-05 08:27:25','Credit Card','Soprano',0,0,'50.00',NULL,NULL),(454,54,3,1,4,'2009-01-08 02:49:46','Credit Card','Tiny-tots (ages 5-8)',0,0,'800.00',NULL,NULL),(455,217,3,1,4,'2008-08-02 03:49:03','Credit Card','Tiny-tots (ages 5-8)',0,0,'800.00',NULL,NULL),(456,207,1,1,4,'2008-01-25 01:57:52','Credit Card','Single',0,0,'50.00',NULL,NULL),(457,194,1,3,2,'2008-02-04 01:41:21','Credit Card','Single',0,0,'50.00',NULL,NULL),(458,283,2,4,3,'2008-06-12 11:40:42','Credit Card','Soprano',0,0,'50.00',NULL,NULL),(459,362,1,4,2,'2008-11-07 10:51:54','Credit Card','Single',0,0,'50.00',NULL,NULL),(460,426,3,3,3,'2007-07-29 12:11:12','Credit Card','Tiny-tots (ages 5-8)',0,0,'800.00',NULL,NULL),(461,17,2,4,1,'2008-05-03 08:28:20','Credit Card','Soprano',0,0,'50.00',NULL,NULL),(462,195,2,3,4,'2009-05-21 03:52:06','Credit Card','Soprano',0,0,'50.00',NULL,NULL),(463,30,2,2,1,'2008-06-20 10:32:17','Credit Card','Soprano',0,0,'50.00',NULL,NULL),(464,15,1,1,3,'2007-10-10 12:50:57','Credit Card','Single',0,0,'50.00',NULL,NULL),(465,143,1,1,3,'2007-06-21 07:23:39','Credit Card','Single',0,0,'50.00',NULL,NULL),(466,13,3,5,4,'2009-05-06 02:19:52','Credit Card','Tiny-tots (ages 5-8)',0,0,'800.00',NULL,NULL),(467,224,3,1,1,'2008-11-03 01:43:33','Credit Card','Tiny-tots (ages 5-8)',0,0,'800.00',NULL,NULL),(468,132,1,5,4,'2009-01-12 01:07:49','Credit Card','Single',0,0,'50.00',NULL,NULL),(469,49,3,1,2,'2007-09-01 10:11:48','Credit Card','Tiny-tots (ages 5-8)',0,0,'800.00',NULL,NULL),(470,145,3,1,2,'2007-06-12 08:07:50','Credit Card','Tiny-tots (ages 5-8)',0,0,'800.00',NULL,NULL),(471,333,1,5,1,'2009-01-15 04:07:10','Credit Card','Single',0,0,'50.00',NULL,NULL),(472,419,2,1,3,'2009-05-28 06:35:30','Credit Card','Soprano',0,0,'50.00',NULL,NULL),(473,247,2,4,3,'2008-05-16 08:32:35','Credit Card','Soprano',0,0,'50.00',NULL,NULL),(474,51,3,4,2,'2009-02-18 10:21:12','Credit Card','Tiny-tots (ages 5-8)',0,0,'800.00',NULL,NULL),(475,380,2,5,3,'2008-03-18 01:43:40','Credit Card','Soprano',0,0,'50.00',NULL,NULL),(476,65,3,1,2,'2007-06-12 02:59:10','Credit Card','Tiny-tots (ages 5-8)',0,0,'800.00',NULL,NULL),(477,60,2,2,1,'2008-09-12 12:46:41','Credit Card','Soprano',0,0,'50.00',NULL,NULL),(478,103,1,1,2,'2009-01-05 04:27:26','Credit Card','Single',0,0,'50.00',NULL,NULL),(479,499,1,3,2,'2008-05-17 10:55:24','Credit Card','Single',0,0,'50.00',NULL,NULL),(480,8,2,1,1,'2009-05-13 11:14:55','Credit Card','Soprano',0,0,'50.00',NULL,NULL),(481,324,2,5,2,'2008-10-28 01:46:04','Credit Card','Soprano',0,0,'50.00',NULL,NULL),(482,88,3,1,4,'2008-09-03 02:42:01','Credit Card','Tiny-tots (ages 5-8)',0,0,'800.00',NULL,NULL),(483,224,3,2,2,'2008-09-28 11:01:24','Credit Card','Tiny-tots (ages 5-8)',0,0,'800.00',NULL,NULL),(484,22,3,2,2,'2007-08-23 07:20:31','Credit Card','Tiny-tots (ages 5-8)',0,0,'800.00',NULL,NULL),(485,359,2,4,1,'2009-05-22 08:13:43','Credit Card','Soprano',0,0,'50.00',NULL,NULL),(486,206,1,2,1,'2009-03-30 01:26:16','Credit Card','Single',0,0,'50.00',NULL,NULL),(487,297,3,2,3,'2008-12-11 06:24:18','Credit Card','Tiny-tots (ages 5-8)',0,0,'800.00',NULL,NULL),(488,320,2,2,3,'2007-08-16 12:52:28','Credit Card','Soprano',0,0,'50.00',NULL,NULL),(489,467,2,4,4,'2009-04-15 11:23:08','Credit Card','Soprano',0,0,'50.00',NULL,NULL),(490,163,3,5,1,'2009-01-06 10:51:06','Credit Card','Tiny-tots (ages 5-8)',0,0,'800.00',NULL,NULL),(491,431,2,5,2,'2007-07-02 01:46:59','Credit Card','Soprano',0,0,'50.00',NULL,NULL),(492,392,2,3,3,'2008-05-30 05:41:34','Credit Card','Soprano',0,0,'50.00',NULL,NULL),(493,118,2,2,2,'2009-02-22 01:50:45','Credit Card','Soprano',0,0,'50.00',NULL,NULL),(494,128,3,3,2,'2007-06-17 04:48:21','Credit Card','Tiny-tots (ages 5-8)',0,0,'800.00',NULL,NULL),(495,326,1,3,3,'2007-11-14 08:28:24','Credit Card','Single',0,0,'50.00',NULL,NULL),(496,120,1,2,4,'2008-02-19 04:04:09','Credit Card','Single',0,0,'50.00',NULL,NULL),(497,203,3,2,2,'2007-12-05 01:39:06','Credit Card','Tiny-tots (ages 5-8)',0,0,'800.00',NULL,NULL),(498,207,1,5,2,'2007-08-04 03:45:37','Credit Card','Single',0,0,'50.00',NULL,NULL),(499,170,3,2,3,'2008-09-29 05:33:32','Credit Card','Tiny-tots (ages 5-8)',0,0,'800.00',NULL,NULL),(500,468,1,5,4,'2007-08-23 10:42:07','Credit Card','Single',0,0,'50.00',NULL,NULL),(501,113,2,5,1,'2007-12-19 10:59:40','Credit Card','Soprano',0,0,'50.00',NULL,NULL),(502,263,3,4,4,'2009-04-30 04:28:22','Credit Card','Tiny-tots (ages 5-8)',0,0,'800.00',NULL,NULL),(503,102,3,1,3,'2008-03-27 10:51:45','Credit Card','Tiny-tots (ages 5-8)',0,0,'800.00',NULL,NULL),(504,134,2,2,2,'2007-12-24 08:35:27','Credit Card','Soprano',0,0,'50.00',NULL,NULL),(505,498,3,3,2,'2008-11-13 09:28:39','Credit Card','Tiny-tots (ages 5-8)',0,0,'800.00',NULL,NULL),(506,108,2,4,4,'2007-10-14 01:35:20','Credit Card','Soprano',0,0,'50.00',NULL,NULL),(507,328,3,4,3,'2008-10-18 02:35:06','Credit Card','Tiny-tots (ages 5-8)',0,0,'800.00',NULL,NULL),(508,400,1,2,4,'2009-03-21 07:18:23','Credit Card','Single',0,0,'50.00',NULL,NULL),(509,286,2,4,2,'2008-08-10 03:14:41','Credit Card','Soprano',0,0,'50.00',NULL,NULL),(510,345,1,3,4,'2008-08-06 01:39:01','Credit Card','Single',0,0,'50.00',NULL,NULL),(511,481,3,3,2,'2009-04-29 05:51:57','Credit Card','Tiny-tots (ages 5-8)',0,0,'800.00',NULL,NULL),(512,73,1,3,1,'2009-05-05 01:45:07','Credit Card','Single',0,0,'50.00',NULL,NULL),(513,451,2,3,3,'2008-03-25 11:09:21','Credit Card','Soprano',0,0,'50.00',NULL,NULL),(514,153,1,3,1,'2008-08-21 04:26:07','Credit Card','Single',0,0,'50.00',NULL,NULL),(515,321,1,4,2,'2007-07-12 12:42:51','Credit Card','Single',0,0,'50.00',NULL,NULL),(516,305,1,2,4,'2009-05-31 04:29:27','Credit Card','Single',0,0,'50.00',NULL,NULL),(517,269,3,3,4,'2009-02-10 11:43:03','Credit Card','Tiny-tots (ages 5-8)',0,0,'800.00',NULL,NULL),(518,360,1,4,1,'2007-07-21 12:31:29','Credit Card','Single',0,0,'50.00',NULL,NULL),(519,280,3,4,4,'2009-04-01 10:13:28','Credit Card','Tiny-tots (ages 5-8)',0,0,'800.00',NULL,NULL),(520,331,1,2,2,'2008-11-16 10:20:18','Credit Card','Single',0,0,'50.00',NULL,NULL),(521,329,1,4,1,'2009-01-27 06:25:47','Credit Card','Single',0,0,'50.00',NULL,NULL),(522,311,2,2,1,'2007-07-21 03:52:22','Credit Card','Soprano',0,0,'50.00',NULL,NULL),(523,204,2,3,4,'2007-10-07 10:45:19','Credit Card','Soprano',0,0,'50.00',NULL,NULL),(524,494,2,2,3,'2008-05-26 12:50:58','Credit Card','Soprano',0,0,'50.00',NULL,NULL),(525,362,1,1,3,'2008-02-08 05:21:50','Credit Card','Single',0,0,'50.00',NULL,NULL),(526,107,3,4,4,'2007-12-29 04:24:54','Credit Card','Tiny-tots (ages 5-8)',0,0,'800.00',NULL,NULL),(527,235,1,3,3,'2008-06-14 11:23:19','Credit Card','Single',0,0,'50.00',NULL,NULL),(528,296,1,3,1,'2008-11-03 06:36:01','Credit Card','Single',0,0,'50.00',NULL,NULL),(529,263,3,2,3,'2008-09-04 09:13:00','Credit Card','Tiny-tots (ages 5-8)',0,0,'800.00',NULL,NULL),(530,350,3,1,2,'2008-08-29 03:02:12','Credit Card','Tiny-tots (ages 5-8)',0,0,'800.00',NULL,NULL),(531,451,2,4,3,'2008-01-01 05:49:19','Credit Card','Soprano',0,0,'50.00',NULL,NULL),(532,396,2,3,3,'2007-08-14 01:18:37','Credit Card','Soprano',0,0,'50.00',NULL,NULL),(533,357,3,1,3,'2007-12-11 09:17:26','Credit Card','Tiny-tots (ages 5-8)',0,0,'800.00',NULL,NULL),(534,249,2,2,2,'2007-07-26 09:23:54','Credit Card','Soprano',0,0,'50.00',NULL,NULL),(535,476,1,1,4,'2008-01-10 11:13:31','Credit Card','Single',0,0,'50.00',NULL,NULL),(536,41,3,3,1,'2008-07-21 07:26:30','Credit Card','Tiny-tots (ages 5-8)',0,0,'800.00',NULL,NULL),(537,57,1,4,1,'2008-04-05 10:10:21','Credit Card','Single',0,0,'50.00',NULL,NULL),(538,188,1,1,3,'2007-08-26 12:04:50','Credit Card','Single',0,0,'50.00',NULL,NULL),(539,410,2,3,1,'2007-09-23 07:23:35','Credit Card','Soprano',0,0,'50.00',NULL,NULL),(540,405,3,3,1,'2007-10-21 09:49:49','Credit Card','Tiny-tots (ages 5-8)',0,0,'800.00',NULL,NULL),(541,177,3,1,2,'2007-12-01 03:28:33','Credit Card','Tiny-tots (ages 5-8)',0,0,'800.00',NULL,NULL),(542,391,2,3,3,'2009-04-30 01:24:36','Credit Card','Soprano',0,0,'50.00',NULL,NULL),(543,348,3,2,2,'2008-11-05 05:01:38','Credit Card','Tiny-tots (ages 5-8)',0,0,'800.00',NULL,NULL),(544,369,2,5,4,'2008-03-20 12:13:30','Credit Card','Soprano',0,0,'50.00',NULL,NULL),(545,272,3,4,2,'2007-10-30 09:37:00','Credit Card','Tiny-tots (ages 5-8)',0,0,'800.00',NULL,NULL),(546,400,3,1,4,'2008-07-13 06:48:58','Credit Card','Tiny-tots (ages 5-8)',0,0,'800.00',NULL,NULL),(547,93,3,2,2,'2008-01-01 06:44:10','Credit Card','Tiny-tots (ages 5-8)',0,0,'800.00',NULL,NULL),(548,259,3,5,1,'2008-11-26 12:02:25','Credit Card','Tiny-tots (ages 5-8)',0,0,'800.00',NULL,NULL),(549,304,3,3,3,'2008-11-20 04:29:51','Credit Card','Tiny-tots (ages 5-8)',0,0,'800.00',NULL,NULL),(550,343,2,5,4,'2008-11-22 11:13:14','Credit Card','Soprano',0,0,'50.00',NULL,NULL),(551,108,1,5,4,'2007-12-31 04:03:43','Credit Card','Single',0,0,'50.00',NULL,NULL),(552,11,2,1,4,'2008-07-26 08:07:10','Credit Card','Soprano',0,0,'50.00',NULL,NULL),(553,368,2,4,2,'2007-07-15 03:42:29','Credit Card','Soprano',0,0,'50.00',NULL,NULL),(554,449,2,4,1,'2009-01-25 08:20:10','Credit Card','Soprano',0,0,'50.00',NULL,NULL),(555,12,2,2,1,'2009-03-11 10:27:27','Credit Card','Soprano',0,0,'50.00',NULL,NULL),(556,263,3,2,1,'2008-06-13 01:05:53','Credit Card','Tiny-tots (ages 5-8)',0,0,'800.00',NULL,NULL),(557,166,3,5,3,'2009-04-28 09:35:23','Credit Card','Tiny-tots (ages 5-8)',0,0,'800.00',NULL,NULL),(558,453,1,3,3,'2007-11-12 12:47:04','Credit Card','Single',0,0,'50.00',NULL,NULL),(559,157,2,5,4,'2007-09-07 05:02:37','Credit Card','Soprano',0,0,'50.00',NULL,NULL),(560,298,2,3,3,'2009-04-01 05:56:07','Credit Card','Soprano',0,0,'50.00',NULL,NULL),(561,330,1,2,1,'2007-07-28 05:00:23','Credit Card','Single',0,0,'50.00',NULL,NULL),(562,322,2,3,2,'2008-07-21 04:53:48','Credit Card','Soprano',0,0,'50.00',NULL,NULL),(563,85,2,3,1,'2007-10-11 07:35:33','Credit Card','Soprano',0,0,'50.00',NULL,NULL),(564,497,2,2,2,'2007-09-15 07:25:00','Credit Card','Soprano',0,0,'50.00',NULL,NULL),(565,295,1,3,1,'2009-05-30 07:04:57','Credit Card','Single',0,0,'50.00',NULL,NULL),(566,446,3,4,4,'2009-05-10 06:06:54','Credit Card','Tiny-tots (ages 5-8)',0,0,'800.00',NULL,NULL),(567,33,2,4,2,'2007-11-26 06:51:25','Credit Card','Soprano',0,0,'50.00',NULL,NULL),(568,359,1,5,4,'2008-08-25 03:54:48','Credit Card','Single',0,0,'50.00',NULL,NULL),(569,8,1,1,4,'2008-05-26 10:45:11','Credit Card','Single',0,0,'50.00',NULL,NULL),(570,264,3,4,1,'2008-11-22 01:56:44','Credit Card','Tiny-tots (ages 5-8)',0,0,'800.00',NULL,NULL),(571,407,3,5,2,'2007-06-30 08:25:52','Credit Card','Tiny-tots (ages 5-8)',0,0,'800.00',NULL,NULL),(572,263,3,4,1,'2008-11-15 04:20:20','Credit Card','Tiny-tots (ages 5-8)',0,0,'800.00',NULL,NULL),(573,98,3,1,2,'2007-06-24 07:27:47','Credit Card','Tiny-tots (ages 5-8)',0,0,'800.00',NULL,NULL),(574,172,3,5,1,'2009-03-06 12:31:44','Credit Card','Tiny-tots (ages 5-8)',0,0,'800.00',NULL,NULL),(575,179,2,5,1,'2007-10-01 04:32:52','Credit Card','Soprano',0,0,'50.00',NULL,NULL),(576,257,3,1,1,'2009-05-22 04:25:11','Credit Card','Tiny-tots (ages 5-8)',0,0,'800.00',NULL,NULL),(577,360,3,1,2,'2007-11-17 06:51:55','Credit Card','Tiny-tots (ages 5-8)',0,0,'800.00',NULL,NULL),(578,138,3,3,4,'2007-09-13 11:54:40','Credit Card','Tiny-tots (ages 5-8)',0,0,'800.00',NULL,NULL),(579,323,1,5,4,'2007-08-01 05:12:45','Credit Card','Single',0,0,'50.00',NULL,NULL),(580,64,2,5,1,'2007-10-07 05:46:47','Credit Card','Soprano',0,0,'50.00',NULL,NULL),(581,9,2,5,3,'2007-11-23 02:51:16','Credit Card','Soprano',0,0,'50.00',NULL,NULL),(582,374,3,2,4,'2008-07-07 08:37:17','Credit Card','Tiny-tots (ages 5-8)',0,0,'800.00',NULL,NULL),(583,76,1,2,4,'2008-03-19 10:11:18','Credit Card','Single',0,0,'50.00',NULL,NULL),(584,487,1,1,3,'2008-04-10 08:13:07','Credit Card','Single',0,0,'50.00',NULL,NULL),(585,307,2,1,3,'2007-10-22 12:25:19','Credit Card','Soprano',0,0,'50.00',NULL,NULL),(586,185,2,4,3,'2008-10-23 05:55:15','Credit Card','Soprano',0,0,'50.00',NULL,NULL),(587,130,1,3,3,'2007-12-20 03:44:06','Credit Card','Single',0,0,'50.00',NULL,NULL),(588,379,1,4,4,'2008-06-06 08:04:57','Credit Card','Single',0,0,'50.00',NULL,NULL),(589,84,3,5,1,'2009-01-28 12:15:29','Credit Card','Tiny-tots (ages 5-8)',0,0,'800.00',NULL,NULL),(590,194,2,4,1,'2007-11-03 08:12:39','Credit Card','Soprano',0,0,'50.00',NULL,NULL),(591,293,3,2,4,'2008-05-22 08:32:03','Credit Card','Tiny-tots (ages 5-8)',0,0,'800.00',NULL,NULL),(592,366,2,1,1,'2009-03-07 08:20:31','Credit Card','Soprano',0,0,'50.00',NULL,NULL),(593,424,1,3,3,'2008-06-30 07:45:34','Credit Card','Single',0,0,'50.00',NULL,NULL),(594,220,2,1,3,'2009-03-11 01:34:20','Credit Card','Soprano',0,0,'50.00',NULL,NULL),(595,88,3,1,4,'2008-10-19 04:41:21','Credit Card','Tiny-tots (ages 5-8)',0,0,'800.00',NULL,NULL),(596,42,2,3,4,'2009-03-19 10:21:11','Credit Card','Soprano',0,0,'50.00',NULL,NULL),(597,372,2,5,3,'2009-04-13 08:02:25','Credit Card','Soprano',0,0,'50.00',NULL,NULL),(598,197,1,4,3,'2009-04-28 08:56:55','Credit Card','Single',0,0,'50.00',NULL,NULL),(599,289,3,2,4,'2009-04-09 09:11:33','Credit Card','Tiny-tots (ages 5-8)',0,0,'800.00',NULL,NULL),(600,209,2,5,4,'2007-07-09 02:43:04','Credit Card','Soprano',0,0,'50.00',NULL,NULL),(601,175,3,1,4,'2008-10-10 12:00:12','Credit Card','Tiny-tots (ages 5-8)',0,0,'800.00',NULL,NULL),(602,222,1,2,3,'2007-11-20 10:15:55','Credit Card','Single',0,0,'50.00',NULL,NULL),(603,418,3,5,3,'2008-07-22 06:49:49','Credit Card','Tiny-tots (ages 5-8)',0,0,'800.00',NULL,NULL),(604,367,1,3,4,'2008-06-09 12:40:55','Credit Card','Single',0,0,'50.00',NULL,NULL),(605,150,2,4,2,'2007-09-15 06:54:55','Credit Card','Soprano',0,0,'50.00',NULL,NULL),(606,247,1,5,4,'2008-11-22 09:51:49','Credit Card','Single',0,0,'50.00',NULL,NULL),(607,137,1,4,4,'2009-01-21 09:52:12','Credit Card','Single',0,0,'50.00',NULL,NULL),(608,474,2,4,3,'2008-12-29 11:26:20','Credit Card','Soprano',0,0,'50.00',NULL,NULL),(609,441,2,1,3,'2008-10-02 11:16:46','Credit Card','Soprano',0,0,'50.00',NULL,NULL),(610,382,3,1,3,'2007-12-25 04:39:05','Credit Card','Tiny-tots (ages 5-8)',0,0,'800.00',NULL,NULL),(611,410,3,3,2,'2008-06-22 04:58:42','Credit Card','Tiny-tots (ages 5-8)',0,0,'800.00',NULL,NULL),(612,497,2,1,4,'2008-03-17 11:23:14','Credit Card','Soprano',0,0,'50.00',NULL,NULL),(613,64,2,3,4,'2008-08-09 01:47:51','Credit Card','Soprano',0,0,'50.00',NULL,NULL),(614,90,1,2,2,'2007-10-29 08:22:13','Credit Card','Single',0,0,'50.00',NULL,NULL),(615,254,1,1,2,'2007-09-18 08:26:54','Credit Card','Single',0,0,'50.00',NULL,NULL),(616,381,1,5,2,'2009-03-21 07:23:21','Credit Card','Single',0,0,'50.00',NULL,NULL),(617,486,1,4,3,'2007-06-20 11:31:13','Credit Card','Single',0,0,'50.00',NULL,NULL),(618,386,1,4,2,'2008-10-20 05:38:44','Credit Card','Single',0,0,'50.00',NULL,NULL),(619,220,2,4,1,'2008-06-02 06:36:15','Credit Card','Soprano',0,0,'50.00',NULL,NULL),(620,380,2,4,2,'2008-01-12 04:37:59','Credit Card','Soprano',0,0,'50.00',NULL,NULL),(621,347,2,1,1,'2008-07-09 11:19:29','Credit Card','Soprano',0,0,'50.00',NULL,NULL),(622,467,1,4,3,'2008-03-15 08:50:42','Credit Card','Single',0,0,'50.00',NULL,NULL),(623,274,1,4,2,'2009-02-18 01:13:24','Credit Card','Single',0,0,'50.00',NULL,NULL),(624,73,2,4,2,'2007-07-25 05:41:22','Credit Card','Soprano',0,0,'50.00',NULL,NULL),(625,427,2,5,1,'2008-07-12 04:26:22','Credit Card','Soprano',0,0,'50.00',NULL,NULL),(626,268,2,5,4,'2009-01-08 12:42:15','Credit Card','Soprano',0,0,'50.00',NULL,NULL),(627,103,1,2,1,'2009-03-06 11:18:15','Credit Card','Single',0,0,'50.00',NULL,NULL),(628,70,3,4,1,'2009-01-03 12:52:50','Credit Card','Tiny-tots (ages 5-8)',0,0,'800.00',NULL,NULL),(629,382,3,3,1,'2009-02-20 11:58:18','Credit Card','Tiny-tots (ages 5-8)',0,0,'800.00',NULL,NULL),(630,51,2,2,2,'2008-12-20 07:24:50','Credit Card','Soprano',0,0,'50.00',NULL,NULL),(631,449,3,4,4,'2008-02-16 07:47:00','Credit Card','Tiny-tots (ages 5-8)',0,0,'800.00',NULL,NULL),(632,324,2,2,1,'2008-05-04 08:29:33','Credit Card','Soprano',0,0,'50.00',NULL,NULL),(633,215,1,2,2,'2009-05-04 06:29:53','Credit Card','Single',0,0,'50.00',NULL,NULL),(634,391,3,2,2,'2008-06-15 10:54:03','Credit Card','Tiny-tots (ages 5-8)',0,0,'800.00',NULL,NULL),(635,115,1,4,3,'2008-10-24 06:57:31','Credit Card','Single',0,0,'50.00',NULL,NULL),(636,27,3,1,4,'2008-01-04 03:25:37','Credit Card','Tiny-tots (ages 5-8)',0,0,'800.00',NULL,NULL),(637,280,3,4,3,'2008-09-08 01:40:48','Credit Card','Tiny-tots (ages 5-8)',0,0,'800.00',NULL,NULL),(638,16,2,1,3,'2009-05-15 10:31:45','Credit Card','Soprano',0,0,'50.00',NULL,NULL),(639,483,1,4,4,'2009-05-13 01:58:34','Credit Card','Single',0,0,'50.00',NULL,NULL),(640,82,2,3,1,'2008-08-13 12:13:53','Credit Card','Soprano',0,0,'50.00',NULL,NULL),(641,194,1,5,3,'2008-11-26 08:28:36','Credit Card','Single',0,0,'50.00',NULL,NULL),(642,498,2,5,1,'2008-01-20 11:25:29','Credit Card','Soprano',0,0,'50.00',NULL,NULL),(643,57,2,2,1,'2007-11-29 12:00:23','Credit Card','Soprano',0,0,'50.00',NULL,NULL),(644,196,3,3,1,'2008-10-11 03:41:11','Credit Card','Tiny-tots (ages 5-8)',0,0,'800.00',NULL,NULL),(645,271,2,4,2,'2008-04-22 10:48:06','Credit Card','Soprano',0,0,'50.00',NULL,NULL),(646,248,1,1,2,'2008-05-22 02:32:15','Credit Card','Single',0,0,'50.00',NULL,NULL),(647,58,2,4,3,'2007-11-23 06:13:38','Credit Card','Soprano',0,0,'50.00',NULL,NULL),(648,316,2,1,3,'2008-01-03 02:40:28','Credit Card','Soprano',0,0,'50.00',NULL,NULL),(649,113,3,1,2,'2008-01-23 01:37:38','Credit Card','Tiny-tots (ages 5-8)',0,0,'800.00',NULL,NULL),(650,33,3,4,2,'2007-08-20 05:10:04','Credit Card','Tiny-tots (ages 5-8)',0,0,'800.00',NULL,NULL),(651,329,2,1,2,'2008-08-26 12:24:39','Credit Card','Soprano',0,0,'50.00',NULL,NULL),(652,279,2,5,1,'2007-10-04 01:16:41','Credit Card','Soprano',0,0,'50.00',NULL,NULL),(653,101,3,4,3,'2008-02-05 03:01:00','Credit Card','Tiny-tots (ages 5-8)',0,0,'800.00',NULL,NULL),(654,121,2,5,1,'2008-04-14 05:07:37','Credit Card','Soprano',0,0,'50.00',NULL,NULL),(655,421,3,5,4,'2009-05-24 12:43:07','Credit Card','Tiny-tots (ages 5-8)',0,0,'800.00',NULL,NULL),(656,171,3,3,1,'2009-05-26 01:27:19','Credit Card','Tiny-tots (ages 5-8)',0,0,'800.00',NULL,NULL),(657,274,3,2,1,'2009-01-17 01:12:30','Credit Card','Tiny-tots (ages 5-8)',0,0,'800.00',NULL,NULL),(658,417,3,5,4,'2007-10-10 07:34:32','Credit Card','Tiny-tots (ages 5-8)',0,0,'800.00',NULL,NULL),(659,47,1,2,1,'2008-12-27 06:40:50','Credit Card','Single',0,0,'50.00',NULL,NULL),(660,321,2,4,3,'2008-11-14 04:00:10','Credit Card','Soprano',0,0,'50.00',NULL,NULL),(661,54,2,1,3,'2009-01-09 05:32:05','Credit Card','Soprano',0,0,'50.00',NULL,NULL),(662,493,1,3,1,'2009-05-23 05:41:57','Credit Card','Single',0,0,'50.00',NULL,NULL),(663,154,3,2,2,'2008-03-04 02:16:32','Credit Card','Tiny-tots (ages 5-8)',0,0,'800.00',NULL,NULL),(664,132,1,2,4,'2007-08-31 05:40:24','Credit Card','Single',0,0,'50.00',NULL,NULL),(665,472,3,5,1,'2008-03-05 03:42:07','Credit Card','Tiny-tots (ages 5-8)',0,0,'800.00',NULL,NULL),(666,452,3,4,4,'2009-05-16 05:21:28','Credit Card','Tiny-tots (ages 5-8)',0,0,'800.00',NULL,NULL),(667,465,2,5,3,'2008-05-04 09:35:21','Credit Card','Soprano',0,0,'50.00',NULL,NULL),(668,136,3,2,2,'2007-06-23 06:27:26','Credit Card','Tiny-tots (ages 5-8)',0,0,'800.00',NULL,NULL),(669,292,3,4,3,'2007-12-04 05:14:37','Credit Card','Tiny-tots (ages 5-8)',0,0,'800.00',NULL,NULL),(670,196,1,3,1,'2009-03-19 04:07:20','Credit Card','Single',0,0,'50.00',NULL,NULL),(671,438,1,3,4,'2007-06-13 06:14:08','Credit Card','Single',0,0,'50.00',NULL,NULL),(672,335,2,3,3,'2007-12-24 07:53:16','Credit Card','Soprano',0,0,'50.00',NULL,NULL),(673,175,1,4,2,'2008-01-06 10:20:57','Credit Card','Single',0,0,'50.00',NULL,NULL),(674,282,3,5,4,'2007-11-11 12:32:51','Credit Card','Tiny-tots (ages 5-8)',0,0,'800.00',NULL,NULL),(675,431,2,5,1,'2009-05-19 05:30:16','Credit Card','Soprano',0,0,'50.00',NULL,NULL),(676,362,1,1,1,'2008-06-11 01:26:59','Credit Card','Single',0,0,'50.00',NULL,NULL),(677,425,1,4,2,'2009-01-11 10:09:39','Credit Card','Single',0,0,'50.00',NULL,NULL),(678,88,3,1,4,'2009-02-13 01:07:38','Credit Card','Tiny-tots (ages 5-8)',0,0,'800.00',NULL,NULL),(679,323,2,4,2,'2009-02-19 09:33:41','Credit Card','Soprano',0,0,'50.00',NULL,NULL),(680,467,1,3,1,'2008-02-12 11:05:49','Credit Card','Single',0,0,'50.00',NULL,NULL),(681,150,2,5,1,'2007-07-25 06:23:00','Credit Card','Soprano',0,0,'50.00',NULL,NULL),(682,360,3,4,3,'2007-12-11 08:43:46','Credit Card','Tiny-tots (ages 5-8)',0,0,'800.00',NULL,NULL),(683,174,3,3,1,'2007-07-18 04:31:58','Credit Card','Tiny-tots (ages 5-8)',0,0,'800.00',NULL,NULL),(684,464,1,1,3,'2008-04-14 09:49:14','Credit Card','Single',0,0,'50.00',NULL,NULL),(685,330,2,1,2,'2007-06-28 06:32:45','Credit Card','Soprano',0,0,'50.00',NULL,NULL),(686,199,3,5,3,'2007-07-15 12:30:30','Credit Card','Tiny-tots (ages 5-8)',0,0,'800.00',NULL,NULL),(687,232,1,4,1,'2008-04-23 07:43:38','Credit Card','Single',0,0,'50.00',NULL,NULL),(688,39,1,4,3,'2008-12-13 01:21:39','Credit Card','Single',0,0,'50.00',NULL,NULL),(689,273,3,2,2,'2007-10-05 07:50:00','Credit Card','Tiny-tots (ages 5-8)',0,0,'800.00',NULL,NULL),(690,357,2,2,1,'2007-12-22 09:01:57','Credit Card','Soprano',0,0,'50.00',NULL,NULL),(691,139,2,3,1,'2008-06-18 03:40:11','Credit Card','Soprano',0,0,'50.00',NULL,NULL),(692,43,1,4,1,'2008-09-14 05:38:31','Credit Card','Single',0,0,'50.00',NULL,NULL),(693,175,1,1,1,'2008-03-29 03:34:54','Credit Card','Single',0,0,'50.00',NULL,NULL),(694,483,2,1,4,'2009-01-16 02:44:35','Credit Card','Soprano',0,0,'50.00',NULL,NULL),(695,99,1,1,3,'2008-04-02 09:29:06','Credit Card','Single',0,0,'50.00',NULL,NULL),(696,300,2,4,1,'2008-04-11 07:36:22','Credit Card','Soprano',0,0,'50.00',NULL,NULL),(697,495,1,2,4,'2008-08-12 05:42:57','Credit Card','Single',0,0,'50.00',NULL,NULL),(698,62,3,5,2,'2008-04-20 07:27:59','Credit Card','Tiny-tots (ages 5-8)',0,0,'800.00',NULL,NULL),(699,399,1,1,3,'2009-03-16 07:07:57','Credit Card','Single',0,0,'50.00',NULL,NULL),(700,469,3,2,1,'2008-07-20 01:20:32','Credit Card','Tiny-tots (ages 5-8)',0,0,'800.00',NULL,NULL),(701,285,1,4,2,'2008-04-25 12:11:10','Credit Card','Single',0,0,'50.00',NULL,NULL),(702,116,2,2,4,'2008-04-23 12:48:26','Credit Card','Soprano',0,0,'50.00',NULL,NULL),(703,432,3,2,4,'2009-01-07 10:44:26','Credit Card','Tiny-tots (ages 5-8)',0,0,'800.00',NULL,NULL),(704,83,2,3,1,'2008-02-02 01:37:35','Credit Card','Soprano',0,0,'50.00',NULL,NULL),(705,272,3,2,2,'2008-09-30 05:16:05','Credit Card','Tiny-tots (ages 5-8)',0,0,'800.00',NULL,NULL),(706,350,1,3,2,'2008-05-12 05:56:40','Credit Card','Single',0,0,'50.00',NULL,NULL),(707,169,3,4,2,'2008-11-21 10:52:21','Credit Card','Tiny-tots (ages 5-8)',0,0,'800.00',NULL,NULL),(708,463,3,4,2,'2008-05-20 06:07:58','Credit Card','Tiny-tots (ages 5-8)',0,0,'800.00',NULL,NULL),(709,420,3,2,1,'2008-11-22 04:56:49','Credit Card','Tiny-tots (ages 5-8)',0,0,'800.00',NULL,NULL),(710,10,3,3,1,'2009-03-15 11:23:25','Credit Card','Tiny-tots (ages 5-8)',0,0,'800.00',NULL,NULL),(711,51,1,5,2,'2007-07-19 05:33:34','Credit Card','Single',0,0,'50.00',NULL,NULL),(712,176,3,1,1,'2007-10-24 09:43:08','Credit Card','Tiny-tots (ages 5-8)',0,0,'800.00',NULL,NULL),(713,72,2,2,3,'2009-05-18 08:02:58','Credit Card','Soprano',0,0,'50.00',NULL,NULL),(714,222,1,3,4,'2008-01-07 06:03:47','Credit Card','Single',0,0,'50.00',NULL,NULL),(715,207,1,2,3,'2008-11-25 11:09:34','Credit Card','Single',0,0,'50.00',NULL,NULL),(716,491,2,3,2,'2008-02-08 10:46:20','Credit Card','Soprano',0,0,'50.00',NULL,NULL),(717,90,3,4,3,'2008-03-28 02:38:49','Credit Card','Tiny-tots (ages 5-8)',0,0,'800.00',NULL,NULL),(718,270,3,4,4,'2007-07-24 08:38:56','Credit Card','Tiny-tots (ages 5-8)',0,0,'800.00',NULL,NULL),(719,37,2,2,1,'2009-01-04 12:07:55','Credit Card','Soprano',0,0,'50.00',NULL,NULL),(720,462,1,2,3,'2008-04-10 03:10:06','Credit Card','Single',0,0,'50.00',NULL,NULL),(721,163,1,4,1,'2007-07-12 07:18:25','Credit Card','Single',0,0,'50.00',NULL,NULL),(722,240,2,3,2,'2007-08-16 02:51:26','Credit Card','Soprano',0,0,'50.00',NULL,NULL),(723,284,3,2,4,'2007-12-15 12:36:49','Credit Card','Tiny-tots (ages 5-8)',0,0,'800.00',NULL,NULL),(724,257,3,2,3,'2009-05-23 01:40:03','Credit Card','Tiny-tots (ages 5-8)',0,0,'800.00',NULL,NULL),(725,32,1,4,3,'2008-10-17 04:31:57','Credit Card','Single',0,0,'50.00',NULL,NULL),(726,81,3,5,3,'2007-07-15 02:13:41','Credit Card','Tiny-tots (ages 5-8)',0,0,'800.00',NULL,NULL),(727,47,2,3,1,'2008-06-12 01:48:56','Credit Card','Soprano',0,0,'50.00',NULL,NULL),(728,448,2,3,1,'2009-02-24 04:20:18','Credit Card','Soprano',0,0,'50.00',NULL,NULL),(729,436,3,1,1,'2008-12-25 07:53:46','Credit Card','Tiny-tots (ages 5-8)',0,0,'800.00',NULL,NULL),(730,6,3,5,4,'2008-01-03 08:28:46','Credit Card','Tiny-tots (ages 5-8)',0,0,'800.00',NULL,NULL),(731,472,1,1,2,'2007-11-04 06:30:51','Credit Card','Single',0,0,'50.00',NULL,NULL),(732,303,3,3,4,'2008-08-15 06:08:44','Credit Card','Tiny-tots (ages 5-8)',0,0,'800.00',NULL,NULL),(733,265,3,4,2,'2008-02-05 02:58:29','Credit Card','Tiny-tots (ages 5-8)',0,0,'800.00',NULL,NULL),(734,395,2,2,2,'2007-12-14 08:06:42','Credit Card','Soprano',0,0,'50.00',NULL,NULL),(735,209,2,3,1,'2007-07-27 12:37:59','Credit Card','Soprano',0,0,'50.00',NULL,NULL),(736,388,1,5,2,'2008-07-02 04:36:36','Credit Card','Single',0,0,'50.00',NULL,NULL),(737,155,3,5,3,'2007-07-15 07:05:42','Credit Card','Tiny-tots (ages 5-8)',0,0,'800.00',NULL,NULL),(738,251,2,2,2,'2007-12-22 04:28:09','Credit Card','Soprano',0,0,'50.00',NULL,NULL),(739,477,1,3,2,'2007-12-21 02:04:51','Credit Card','Single',0,0,'50.00',NULL,NULL),(740,13,3,3,4,'2008-11-28 06:59:20','Credit Card','Tiny-tots (ages 5-8)',0,0,'800.00',NULL,NULL),(741,70,1,5,2,'2008-05-23 05:20:18','Credit Card','Single',0,0,'50.00',NULL,NULL),(742,425,1,4,3,'2007-12-22 11:43:47','Credit Card','Single',0,0,'50.00',NULL,NULL),(743,330,3,2,1,'2008-01-28 06:07:46','Credit Card','Tiny-tots (ages 5-8)',0,0,'800.00',NULL,NULL),(744,52,1,3,3,'2008-02-02 02:30:53','Credit Card','Single',0,0,'50.00',NULL,NULL),(745,174,1,4,4,'2007-11-30 11:28:39','Credit Card','Single',0,0,'50.00',NULL,NULL),(746,333,1,3,3,'2008-08-02 07:07:34','Credit Card','Single',0,0,'50.00',NULL,NULL),(747,434,3,4,1,'2008-04-20 10:52:47','Credit Card','Tiny-tots (ages 5-8)',0,0,'800.00',NULL,NULL),(748,15,1,2,3,'2007-08-02 07:21:45','Credit Card','Single',0,0,'50.00',NULL,NULL),(749,359,3,3,1,'2008-11-27 09:52:52','Credit Card','Tiny-tots (ages 5-8)',0,0,'800.00',NULL,NULL),(750,168,1,4,3,'2009-02-19 04:14:39','Credit Card','Single',0,0,'50.00',NULL,NULL),(751,156,1,3,3,'2008-07-20 06:52:15','Credit Card','Single',0,0,'50.00',NULL,NULL),(752,262,2,1,4,'2008-11-22 04:44:06','Credit Card','Soprano',0,0,'50.00',NULL,NULL),(753,51,1,2,1,'2008-03-07 01:18:33','Credit Card','Single',0,0,'50.00',NULL,NULL),(754,47,2,1,2,'2008-08-04 11:10:11','Credit Card','Soprano',0,0,'50.00',NULL,NULL),(755,453,2,4,4,'2009-04-06 04:19:45','Credit Card','Soprano',0,0,'50.00',NULL,NULL),(756,392,1,2,1,'2008-05-16 12:22:30','Credit Card','Single',0,0,'50.00',NULL,NULL),(757,20,3,3,3,'2008-02-18 06:57:35','Credit Card','Tiny-tots (ages 5-8)',0,0,'800.00',NULL,NULL),(758,303,3,4,4,'2007-07-26 11:00:52','Credit Card','Tiny-tots (ages 5-8)',0,0,'800.00',NULL,NULL),(759,43,3,2,1,'2007-12-07 06:14:25','Credit Card','Tiny-tots (ages 5-8)',0,0,'800.00',NULL,NULL),(760,452,2,5,3,'2008-01-28 09:24:36','Credit Card','Soprano',0,0,'50.00',NULL,NULL),(761,273,3,1,1,'2007-11-08 08:29:38','Credit Card','Tiny-tots (ages 5-8)',0,0,'800.00',NULL,NULL),(762,194,3,2,2,'2007-06-30 09:46:17','Credit Card','Tiny-tots (ages 5-8)',0,0,'800.00',NULL,NULL),(763,39,3,2,4,'2007-12-08 07:35:53','Credit Card','Tiny-tots (ages 5-8)',0,0,'800.00',NULL,NULL),(764,387,1,1,2,'2009-04-08 07:16:47','Credit Card','Single',0,0,'50.00',NULL,NULL),(765,369,1,2,3,'2009-01-14 10:41:26','Credit Card','Single',0,0,'50.00',NULL,NULL),(766,154,1,3,2,'2008-09-30 11:05:05','Credit Card','Single',0,0,'50.00',NULL,NULL),(767,70,1,3,1,'2007-08-27 11:25:48','Credit Card','Single',0,0,'50.00',NULL,NULL),(768,498,3,2,2,'2009-04-18 11:49:24','Credit Card','Tiny-tots (ages 5-8)',0,0,'800.00',NULL,NULL),(769,420,3,1,2,'2008-03-16 06:00:25','Credit Card','Tiny-tots (ages 5-8)',0,0,'800.00',NULL,NULL),(770,301,2,4,2,'2009-01-30 01:48:49','Credit Card','Soprano',0,0,'50.00',NULL,NULL),(771,37,2,2,2,'2008-12-17 08:34:34','Credit Card','Soprano',0,0,'50.00',NULL,NULL),(772,237,1,3,1,'2007-07-18 07:26:15','Credit Card','Single',0,0,'50.00',NULL,NULL),(773,49,2,1,4,'2008-01-10 04:47:10','Credit Card','Soprano',0,0,'50.00',NULL,NULL),(774,477,2,5,4,'2009-05-29 03:24:49','Credit Card','Soprano',0,0,'50.00',NULL,NULL),(775,321,2,1,2,'2007-12-18 10:43:15','Credit Card','Soprano',0,0,'50.00',NULL,NULL),(776,429,2,3,2,'2009-05-31 08:03:37','Credit Card','Soprano',0,0,'50.00',NULL,NULL),(777,78,3,5,4,'2008-06-18 11:48:03','Credit Card','Tiny-tots (ages 5-8)',0,0,'800.00',NULL,NULL),(778,365,2,3,4,'2008-11-11 06:30:37','Credit Card','Soprano',0,0,'50.00',NULL,NULL),(779,307,2,4,3,'2007-12-16 12:30:06','Credit Card','Soprano',0,0,'50.00',NULL,NULL),(780,378,3,2,4,'2008-03-25 09:50:39','Credit Card','Tiny-tots (ages 5-8)',0,0,'800.00',NULL,NULL),(781,18,2,4,4,'2008-02-18 02:35:35','Credit Card','Soprano',0,0,'50.00',NULL,NULL),(782,287,1,1,2,'2008-04-24 02:20:22','Credit Card','Single',0,0,'50.00',NULL,NULL),(783,24,1,3,2,'2007-07-07 02:41:24','Credit Card','Single',0,0,'50.00',NULL,NULL),(784,334,2,3,1,'2008-12-30 01:23:25','Credit Card','Soprano',0,0,'50.00',NULL,NULL),(785,97,2,4,2,'2009-02-03 06:37:39','Credit Card','Soprano',0,0,'50.00',NULL,NULL),(786,340,1,2,4,'2007-12-11 08:44:05','Credit Card','Single',0,0,'50.00',NULL,NULL),(787,99,2,4,1,'2008-01-01 02:21:57','Credit Card','Soprano',0,0,'50.00',NULL,NULL),(788,217,2,3,3,'2007-10-20 07:53:48','Credit Card','Soprano',0,0,'50.00',NULL,NULL),(789,100,3,3,4,'2008-01-02 08:32:59','Credit Card','Tiny-tots (ages 5-8)',0,0,'800.00',NULL,NULL),(790,258,3,2,3,'2007-07-21 08:56:37','Credit Card','Tiny-tots (ages 5-8)',0,0,'800.00',NULL,NULL),(791,362,2,2,4,'2007-11-10 03:47:35','Credit Card','Soprano',0,0,'50.00',NULL,NULL),(792,287,2,4,3,'2008-07-27 06:06:13','Credit Card','Soprano',0,0,'50.00',NULL,NULL),(793,176,1,5,4,'2007-06-11 06:16:00','Credit Card','Single',0,0,'50.00',NULL,NULL),(794,129,2,4,2,'2008-09-01 10:39:53','Credit Card','Soprano',0,0,'50.00',NULL,NULL),(795,344,1,3,1,'2009-02-11 08:27:32','Credit Card','Single',0,0,'50.00',NULL,NULL),(796,155,1,2,4,'2008-12-07 06:41:40','Credit Card','Single',0,0,'50.00',NULL,NULL),(797,209,3,2,2,'2008-09-19 04:41:08','Credit Card','Tiny-tots (ages 5-8)',0,0,'800.00',NULL,NULL),(798,215,1,1,2,'2007-09-21 04:25:19','Credit Card','Single',0,0,'50.00',NULL,NULL),(799,26,1,2,4,'2008-11-06 06:24:34','Credit Card','Single',0,0,'50.00',NULL,NULL),(800,151,2,4,4,'2008-09-11 04:48:29','Credit Card','Soprano',0,0,'50.00',NULL,NULL),(801,106,1,4,3,'2008-01-16 05:49:19','Credit Card','Single',0,0,'50.00',NULL,NULL),(802,415,2,2,2,'2007-07-04 07:07:55','Credit Card','Soprano',0,0,'50.00',NULL,NULL),(803,441,3,4,1,'2007-10-01 11:07:07','Credit Card','Tiny-tots (ages 5-8)',0,0,'800.00',NULL,NULL),(804,302,2,3,4,'2008-10-04 10:47:10','Credit Card','Soprano',0,0,'50.00',NULL,NULL),(805,92,1,5,1,'2008-09-29 06:13:26','Credit Card','Single',0,0,'50.00',NULL,NULL),(806,324,3,4,1,'2009-02-10 10:54:54','Credit Card','Tiny-tots (ages 5-8)',0,0,'800.00',NULL,NULL),(807,77,1,3,2,'2007-11-25 05:52:33','Credit Card','Single',0,0,'50.00',NULL,NULL),(808,483,2,2,4,'2007-09-02 04:55:21','Credit Card','Soprano',0,0,'50.00',NULL,NULL),(809,469,1,3,4,'2008-08-28 04:17:54','Credit Card','Single',0,0,'50.00',NULL,NULL),(810,355,1,4,4,'2007-07-18 05:18:01','Credit Card','Single',0,0,'50.00',NULL,NULL),(811,14,3,4,1,'2007-12-13 11:13:39','Credit Card','Tiny-tots (ages 5-8)',0,0,'800.00',NULL,NULL),(812,345,2,1,3,'2008-06-15 04:37:13','Credit Card','Soprano',0,0,'50.00',NULL,NULL),(813,440,2,5,2,'2008-02-13 03:11:16','Credit Card','Soprano',0,0,'50.00',NULL,NULL),(814,407,2,4,4,'2007-10-25 11:51:49','Credit Card','Soprano',0,0,'50.00',NULL,NULL),(815,354,3,3,3,'2008-05-27 12:03:06','Credit Card','Tiny-tots (ages 5-8)',0,0,'800.00',NULL,NULL),(816,448,2,2,4,'2008-01-07 12:25:02','Credit Card','Soprano',0,0,'50.00',NULL,NULL),(817,99,2,5,2,'2007-12-21 10:31:32','Credit Card','Soprano',0,0,'50.00',NULL,NULL),(818,216,3,3,4,'2008-07-12 11:52:24','Credit Card','Tiny-tots (ages 5-8)',0,0,'800.00',NULL,NULL),(819,387,2,2,1,'2009-03-15 03:01:43','Credit Card','Soprano',0,0,'50.00',NULL,NULL),(820,484,1,2,4,'2008-03-03 10:54:41','Credit Card','Single',0,0,'50.00',NULL,NULL),(821,86,2,5,4,'2007-08-03 12:32:19','Credit Card','Soprano',0,0,'50.00',NULL,NULL),(822,121,3,3,2,'2008-03-03 09:37:10','Credit Card','Tiny-tots (ages 5-8)',0,0,'800.00',NULL,NULL),(823,194,1,3,4,'2007-09-08 06:31:53','Credit Card','Single',0,0,'50.00',NULL,NULL),(824,176,3,2,2,'2008-08-22 12:48:56','Credit Card','Tiny-tots (ages 5-8)',0,0,'800.00',NULL,NULL),(825,356,1,2,2,'2008-02-06 06:56:27','Credit Card','Single',0,0,'50.00',NULL,NULL),(826,82,1,1,4,'2009-05-08 03:48:55','Credit Card','Single',0,0,'50.00',NULL,NULL),(827,310,1,1,4,'2009-01-19 02:07:12','Credit Card','Single',0,0,'50.00',NULL,NULL),(828,34,3,2,1,'2007-11-11 09:45:26','Credit Card','Tiny-tots (ages 5-8)',0,0,'800.00',NULL,NULL),(829,49,1,4,3,'2008-10-14 05:53:30','Credit Card','Single',0,0,'50.00',NULL,NULL),(830,142,3,4,2,'2009-02-16 04:50:19','Credit Card','Tiny-tots (ages 5-8)',0,0,'800.00',NULL,NULL),(831,135,3,3,2,'2008-06-16 06:49:49','Credit Card','Tiny-tots (ages 5-8)',0,0,'800.00',NULL,NULL),(832,164,1,5,2,'2008-09-10 05:22:35','Credit Card','Single',0,0,'50.00',NULL,NULL),(833,306,3,2,3,'2007-11-24 09:23:45','Credit Card','Tiny-tots (ages 5-8)',0,0,'800.00',NULL,NULL),(834,91,3,5,1,'2008-02-22 05:42:19','Credit Card','Tiny-tots (ages 5-8)',0,0,'800.00',NULL,NULL),(835,477,2,5,2,'2007-09-09 04:16:24','Credit Card','Soprano',0,0,'50.00',NULL,NULL),(836,189,3,2,4,'2008-11-03 04:38:13','Credit Card','Tiny-tots (ages 5-8)',0,0,'800.00',NULL,NULL),(837,97,3,3,3,'2009-03-25 12:21:56','Credit Card','Tiny-tots (ages 5-8)',0,0,'800.00',NULL,NULL),(838,55,1,4,3,'2007-07-27 11:45:07','Credit Card','Single',0,0,'50.00',NULL,NULL),(839,291,1,1,4,'2008-02-07 03:48:59','Credit Card','Single',0,0,'50.00',NULL,NULL),(840,181,1,1,3,'2008-02-17 12:19:33','Credit Card','Single',0,0,'50.00',NULL,NULL),(841,499,3,4,1,'2007-07-29 09:18:12','Credit Card','Tiny-tots (ages 5-8)',0,0,'800.00',NULL,NULL),(842,285,2,1,4,'2008-09-25 08:20:52','Credit Card','Soprano',0,0,'50.00',NULL,NULL),(843,493,3,4,4,'2008-06-20 06:55:43','Credit Card','Tiny-tots (ages 5-8)',0,0,'800.00',NULL,NULL),(844,358,3,4,3,'2007-12-25 09:48:59','Credit Card','Tiny-tots (ages 5-8)',0,0,'800.00',NULL,NULL),(845,235,2,3,1,'2008-08-25 10:03:00','Credit Card','Soprano',0,0,'50.00',NULL,NULL),(846,148,2,4,1,'2008-06-05 05:46:03','Credit Card','Soprano',0,0,'50.00',NULL,NULL),(847,380,2,3,3,'2009-04-08 02:04:07','Credit Card','Soprano',0,0,'50.00',NULL,NULL),(848,24,3,4,2,'2008-02-01 09:59:53','Credit Card','Tiny-tots (ages 5-8)',0,0,'800.00',NULL,NULL),(849,98,3,1,2,'2008-10-11 05:14:01','Credit Card','Tiny-tots (ages 5-8)',0,0,'800.00',NULL,NULL),(850,177,1,5,4,'2009-04-23 11:03:51','Credit Card','Single',0,0,'50.00',NULL,NULL),(851,468,3,4,3,'2007-12-15 07:00:15','Credit Card','Tiny-tots (ages 5-8)',0,0,'800.00',NULL,NULL),(852,127,2,4,3,'2009-02-23 07:08:42','Credit Card','Soprano',0,0,'50.00',NULL,NULL),(853,408,3,1,3,'2009-05-25 02:24:15','Credit Card','Tiny-tots (ages 5-8)',0,0,'800.00',NULL,NULL),(854,140,1,5,4,'2008-10-15 10:30:25','Credit Card','Single',0,0,'50.00',NULL,NULL),(855,205,2,4,3,'2009-01-19 03:20:54','Credit Card','Soprano',0,0,'50.00',NULL,NULL),(856,302,3,2,4,'2008-06-04 11:25:11','Credit Card','Tiny-tots (ages 5-8)',0,0,'800.00',NULL,NULL),(857,372,1,5,4,'2008-01-19 12:38:25','Credit Card','Single',0,0,'50.00',NULL,NULL),(858,132,2,4,1,'2008-11-18 05:01:56','Credit Card','Soprano',0,0,'50.00',NULL,NULL),(859,299,1,3,1,'2008-03-02 04:29:01','Credit Card','Single',0,0,'50.00',NULL,NULL),(860,325,1,4,2,'2008-03-07 06:18:04','Credit Card','Single',0,0,'50.00',NULL,NULL),(861,355,1,4,1,'2008-12-07 11:57:01','Credit Card','Single',0,0,'50.00',NULL,NULL),(862,333,2,5,3,'2009-02-09 02:22:55','Credit Card','Soprano',0,0,'50.00',NULL,NULL),(863,439,3,5,2,'2007-08-18 08:28:23','Credit Card','Tiny-tots (ages 5-8)',0,0,'800.00',NULL,NULL),(864,470,1,2,3,'2007-06-19 11:46:49','Credit Card','Single',0,0,'50.00',NULL,NULL),(865,425,2,3,3,'2009-02-22 07:16:06','Credit Card','Soprano',0,0,'50.00',NULL,NULL),(866,159,1,3,1,'2008-07-01 11:37:19','Credit Card','Single',0,0,'50.00',NULL,NULL),(867,496,1,4,2,'2008-10-06 05:50:49','Credit Card','Single',0,0,'50.00',NULL,NULL),(868,37,3,3,1,'2008-08-10 11:35:45','Credit Card','Tiny-tots (ages 5-8)',0,0,'800.00',NULL,NULL),(869,467,2,2,1,'2007-09-21 11:31:57','Credit Card','Soprano',0,0,'50.00',NULL,NULL),(870,142,3,5,4,'2008-12-04 03:14:05','Credit Card','Tiny-tots (ages 5-8)',0,0,'800.00',NULL,NULL),(871,35,2,4,1,'2007-10-08 12:27:19','Credit Card','Soprano',0,0,'50.00',NULL,NULL),(872,344,1,1,1,'2008-03-16 11:32:20','Credit Card','Single',0,0,'50.00',NULL,NULL),(873,57,2,5,2,'2007-07-25 05:52:33','Credit Card','Soprano',0,0,'50.00',NULL,NULL),(874,267,3,4,2,'2008-01-27 07:16:01','Credit Card','Tiny-tots (ages 5-8)',0,0,'800.00',NULL,NULL),(875,185,3,5,1,'2007-06-10 06:06:49','Credit Card','Tiny-tots (ages 5-8)',0,0,'800.00',NULL,NULL),(876,330,1,2,1,'2009-03-01 12:20:06','Credit Card','Single',0,0,'50.00',NULL,NULL),(877,171,3,2,4,'2008-09-24 01:15:37','Credit Card','Tiny-tots (ages 5-8)',0,0,'800.00',NULL,NULL),(878,218,3,3,2,'2007-12-28 06:47:26','Credit Card','Tiny-tots (ages 5-8)',0,0,'800.00',NULL,NULL),(879,189,3,3,4,'2007-08-23 09:06:11','Credit Card','Tiny-tots (ages 5-8)',0,0,'800.00',NULL,NULL),(880,268,2,2,4,'2009-03-19 07:31:27','Credit Card','Soprano',0,0,'50.00',NULL,NULL),(881,17,1,2,2,'2008-08-16 12:43:34','Credit Card','Single',0,0,'50.00',NULL,NULL),(882,351,2,1,2,'2007-12-17 04:44:24','Credit Card','Soprano',0,0,'50.00',NULL,NULL),(883,157,3,5,2,'2007-12-25 07:17:46','Credit Card','Tiny-tots (ages 5-8)',0,0,'800.00',NULL,NULL),(884,18,1,3,3,'2008-01-19 10:35:56','Credit Card','Single',0,0,'50.00',NULL,NULL),(885,225,3,3,4,'2009-01-13 03:39:34','Credit Card','Tiny-tots (ages 5-8)',0,0,'800.00',NULL,NULL),(886,340,3,4,4,'2008-07-21 09:22:37','Credit Card','Tiny-tots (ages 5-8)',0,0,'800.00',NULL,NULL),(887,17,1,4,4,'2009-04-23 01:54:13','Credit Card','Single',0,0,'50.00',NULL,NULL),(888,303,3,5,4,'2008-10-10 06:09:18','Credit Card','Tiny-tots (ages 5-8)',0,0,'800.00',NULL,NULL),(889,154,3,3,2,'2008-07-21 01:56:47','Credit Card','Tiny-tots (ages 5-8)',0,0,'800.00',NULL,NULL),(890,306,3,5,1,'2009-02-21 06:48:21','Credit Card','Tiny-tots (ages 5-8)',0,0,'800.00',NULL,NULL),(891,252,3,1,2,'2009-01-01 10:03:54','Credit Card','Tiny-tots (ages 5-8)',0,0,'800.00',NULL,NULL),(892,338,2,3,4,'2008-06-13 05:57:55','Credit Card','Soprano',0,0,'50.00',NULL,NULL),(893,331,2,3,4,'2008-05-22 11:54:54','Credit Card','Soprano',0,0,'50.00',NULL,NULL),(894,363,2,4,1,'2009-03-30 06:38:22','Credit Card','Soprano',0,0,'50.00',NULL,NULL),(895,32,1,3,3,'2008-05-16 01:59:29','Credit Card','Single',0,0,'50.00',NULL,NULL),(896,497,1,2,1,'2007-10-17 12:37:10','Credit Card','Single',0,0,'50.00',NULL,NULL),(897,161,2,2,4,'2009-05-03 09:04:28','Credit Card','Soprano',0,0,'50.00',NULL,NULL),(898,383,3,4,2,'2008-06-30 04:35:46','Credit Card','Tiny-tots (ages 5-8)',0,0,'800.00',NULL,NULL),(899,195,1,3,4,'2007-11-25 04:52:12','Credit Card','Single',0,0,'50.00',NULL,NULL),(900,420,3,2,1,'2008-01-18 12:48:42','Credit Card','Tiny-tots (ages 5-8)',0,0,'800.00',NULL,NULL),(901,407,2,2,4,'2008-05-05 12:43:56','Credit Card','Soprano',0,0,'50.00',NULL,NULL),(902,179,2,5,4,'2008-03-20 04:25:08','Credit Card','Soprano',0,0,'50.00',NULL,NULL),(903,230,2,2,3,'2007-09-21 05:58:28','Credit Card','Soprano',0,0,'50.00',NULL,NULL),(904,488,3,3,3,'2008-05-22 11:18:06','Credit Card','Tiny-tots (ages 5-8)',0,0,'800.00',NULL,NULL),(905,251,2,2,2,'2009-04-21 09:02:54','Credit Card','Soprano',0,0,'50.00',NULL,NULL),(906,456,2,4,1,'2007-11-07 10:54:31','Credit Card','Soprano',0,0,'50.00',NULL,NULL),(907,441,2,4,3,'2009-02-02 05:12:52','Credit Card','Soprano',0,0,'50.00',NULL,NULL),(908,481,2,2,3,'2008-02-09 08:39:58','Credit Card','Soprano',0,0,'50.00',NULL,NULL),(909,30,1,1,1,'2008-02-11 05:28:37','Credit Card','Single',0,0,'50.00',NULL,NULL),(910,389,1,2,3,'2008-05-21 07:56:54','Credit Card','Single',0,0,'50.00',NULL,NULL),(911,365,2,2,1,'2008-05-31 04:36:05','Credit Card','Soprano',0,0,'50.00',NULL,NULL),(912,236,1,4,1,'2009-03-02 05:24:11','Credit Card','Single',0,0,'50.00',NULL,NULL),(913,448,3,3,1,'2008-12-02 10:38:38','Credit Card','Tiny-tots (ages 5-8)',0,0,'800.00',NULL,NULL),(914,305,3,5,1,'2009-01-15 08:33:28','Credit Card','Tiny-tots (ages 5-8)',0,0,'800.00',NULL,NULL),(915,112,2,2,2,'2008-10-30 11:43:34','Credit Card','Soprano',0,0,'50.00',NULL,NULL),(916,76,3,1,4,'2007-08-27 04:14:49','Credit Card','Tiny-tots (ages 5-8)',0,0,'800.00',NULL,NULL),(917,379,2,4,2,'2007-11-04 12:09:55','Credit Card','Soprano',0,0,'50.00',NULL,NULL),(918,135,1,1,1,'2008-01-27 08:39:44','Credit Card','Single',0,0,'50.00',NULL,NULL),(919,197,3,3,2,'2007-08-24 03:50:04','Credit Card','Tiny-tots (ages 5-8)',0,0,'800.00',NULL,NULL),(920,432,1,1,2,'2009-02-17 05:20:04','Credit Card','Single',0,0,'50.00',NULL,NULL),(921,355,3,5,4,'2007-11-19 05:57:59','Credit Card','Tiny-tots (ages 5-8)',0,0,'800.00',NULL,NULL),(922,73,1,5,3,'2009-05-11 12:08:57','Credit Card','Single',0,0,'50.00',NULL,NULL),(923,392,3,1,2,'2007-11-21 08:41:22','Credit Card','Tiny-tots (ages 5-8)',0,0,'800.00',NULL,NULL),(924,151,3,1,4,'2009-01-13 08:16:52','Credit Card','Tiny-tots (ages 5-8)',0,0,'800.00',NULL,NULL),(925,139,2,1,2,'2008-02-25 05:33:06','Credit Card','Soprano',0,0,'50.00',NULL,NULL),(926,67,3,5,4,'2007-06-13 06:45:47','Credit Card','Tiny-tots (ages 5-8)',0,0,'800.00',NULL,NULL),(927,457,1,1,3,'2008-09-12 12:39:28','Credit Card','Single',0,0,'50.00',NULL,NULL),(928,107,3,1,2,'2007-06-15 04:50:08','Credit Card','Tiny-tots (ages 5-8)',0,0,'800.00',NULL,NULL),(929,470,3,2,4,'2007-12-29 11:57:00','Credit Card','Tiny-tots (ages 5-8)',0,0,'800.00',NULL,NULL),(930,498,2,2,4,'2009-02-21 10:30:45','Credit Card','Soprano',0,0,'50.00',NULL,NULL),(931,218,2,4,3,'2007-09-15 07:35:47','Credit Card','Soprano',0,0,'50.00',NULL,NULL),(932,274,3,2,1,'2008-06-05 09:25:47','Credit Card','Tiny-tots (ages 5-8)',0,0,'800.00',NULL,NULL),(933,163,1,3,3,'2008-07-29 11:20:45','Credit Card','Single',0,0,'50.00',NULL,NULL),(934,402,3,3,2,'2008-04-02 01:16:45','Credit Card','Tiny-tots (ages 5-8)',0,0,'800.00',NULL,NULL),(935,209,3,3,3,'2008-09-22 11:47:30','Credit Card','Tiny-tots (ages 5-8)',0,0,'800.00',NULL,NULL),(936,218,1,1,2,'2007-12-30 09:56:26','Credit Card','Single',0,0,'50.00',NULL,NULL),(937,417,2,1,2,'2009-04-22 09:48:07','Credit Card','Soprano',0,0,'50.00',NULL,NULL),(938,239,2,1,2,'2008-08-18 09:07:16','Credit Card','Soprano',0,0,'50.00',NULL,NULL),(939,94,2,4,1,'2008-04-08 08:10:01','Credit Card','Soprano',0,0,'50.00',NULL,NULL),(940,130,3,3,4,'2008-08-14 09:37:59','Credit Card','Tiny-tots (ages 5-8)',0,0,'800.00',NULL,NULL),(941,31,3,5,2,'2008-05-31 07:29:45','Credit Card','Tiny-tots (ages 5-8)',0,0,'800.00',NULL,NULL),(942,491,2,2,3,'2008-12-07 02:25:29','Credit Card','Soprano',0,0,'50.00',NULL,NULL),(943,138,1,1,4,'2008-03-14 11:12:51','Credit Card','Single',0,0,'50.00',NULL,NULL),(944,165,1,3,2,'2007-09-22 12:11:19','Credit Card','Single',0,0,'50.00',NULL,NULL),(945,74,2,2,3,'2009-05-20 08:25:55','Credit Card','Soprano',0,0,'50.00',NULL,NULL),(946,162,3,3,3,'2007-11-23 01:32:38','Credit Card','Tiny-tots (ages 5-8)',0,0,'800.00',NULL,NULL),(947,380,3,2,2,'2009-01-16 12:27:12','Credit Card','Tiny-tots (ages 5-8)',0,0,'800.00',NULL,NULL),(948,96,1,4,1,'2007-08-18 07:18:36','Credit Card','Single',0,0,'50.00',NULL,NULL),(949,292,1,2,3,'2008-11-10 12:38:46','Credit Card','Single',0,0,'50.00',NULL,NULL),(950,98,2,4,1,'2008-02-03 06:13:57','Credit Card','Soprano',0,0,'50.00',NULL,NULL),(951,442,2,2,4,'2007-07-28 07:13:08','Credit Card','Soprano',0,0,'50.00',NULL,NULL),(952,312,1,4,1,'2009-03-22 02:33:28','Credit Card','Single',0,0,'50.00',NULL,NULL),(953,328,2,2,1,'2008-01-29 11:12:59','Credit Card','Soprano',0,0,'50.00',NULL,NULL),(954,350,2,3,4,'2009-04-30 07:43:34','Credit Card','Soprano',0,0,'50.00',NULL,NULL),(955,296,1,3,1,'2008-08-31 02:41:20','Credit Card','Single',0,0,'50.00',NULL,NULL),(956,434,2,5,2,'2009-04-26 02:48:45','Credit Card','Soprano',0,0,'50.00',NULL,NULL),(957,406,3,4,2,'2008-03-29 01:05:03','Credit Card','Tiny-tots (ages 5-8)',0,0,'800.00',NULL,NULL),(958,244,1,3,4,'2009-02-26 05:44:47','Credit Card','Single',0,0,'50.00',NULL,NULL),(959,185,3,4,3,'2008-01-03 12:42:14','Credit Card','Tiny-tots (ages 5-8)',0,0,'800.00',NULL,NULL),(960,354,2,2,1,'2008-10-30 12:28:44','Credit Card','Soprano',0,0,'50.00',NULL,NULL),(961,2,1,4,4,'2008-01-18 11:08:29','Credit Card','Single',0,0,'50.00',NULL,NULL),(962,247,1,4,1,'2008-10-13 08:30:25','Credit Card','Single',0,0,'50.00',NULL,NULL),(963,6,2,3,2,'2008-11-16 06:26:36','Credit Card','Soprano',0,0,'50.00',NULL,NULL),(964,300,3,1,3,'2008-10-02 04:33:03','Credit Card','Tiny-tots (ages 5-8)',0,0,'800.00',NULL,NULL),(965,395,1,5,3,'2009-04-29 12:26:11','Credit Card','Single',0,0,'50.00',NULL,NULL),(966,417,3,4,3,'2008-02-24 01:04:28','Credit Card','Tiny-tots (ages 5-8)',0,0,'800.00',NULL,NULL),(967,271,1,2,2,'2007-11-20 05:57:53','Credit Card','Single',0,0,'50.00',NULL,NULL),(968,62,2,2,2,'2009-01-14 02:15:57','Credit Card','Soprano',0,0,'50.00',NULL,NULL),(969,356,2,1,1,'2009-05-27 11:14:39','Credit Card','Soprano',0,0,'50.00',NULL,NULL),(970,224,1,1,1,'2009-01-14 06:30:30','Credit Card','Single',0,0,'50.00',NULL,NULL),(971,104,1,5,3,'2007-08-07 10:47:12','Credit Card','Single',0,0,'50.00',NULL,NULL),(972,57,3,3,3,'2007-10-17 11:23:50','Credit Card','Tiny-tots (ages 5-8)',0,0,'800.00',NULL,NULL),(973,2,3,4,1,'2007-07-19 07:48:49','Credit Card','Tiny-tots (ages 5-8)',0,0,'800.00',NULL,NULL),(974,91,1,3,3,'2008-03-17 12:24:30','Credit Card','Single',0,0,'50.00',NULL,NULL),(975,30,2,2,2,'2007-12-03 12:53:41','Credit Card','Soprano',0,0,'50.00',NULL,NULL),(976,293,1,2,2,'2009-04-19 12:49:05','Credit Card','Single',0,0,'50.00',NULL,NULL),(977,376,1,5,3,'2009-03-19 06:13:16','Credit Card','Single',0,0,'50.00',NULL,NULL),(978,164,3,4,2,'2008-03-29 08:04:51','Credit Card','Tiny-tots (ages 5-8)',0,0,'800.00',NULL,NULL),(979,128,2,2,2,'2008-07-18 05:44:21','Credit Card','Soprano',0,0,'50.00',NULL,NULL),(980,200,2,5,4,'2009-01-05 07:23:47','Credit Card','Soprano',0,0,'50.00',NULL,NULL),(981,432,2,2,3,'2008-06-03 04:56:57','Credit Card','Soprano',0,0,'50.00',NULL,NULL),(982,418,2,5,1,'2009-04-26 01:38:28','Credit Card','Soprano',0,0,'50.00',NULL,NULL),(983,119,3,2,2,'2007-07-13 12:42:16','Credit Card','Tiny-tots (ages 5-8)',0,0,'800.00',NULL,NULL),(984,193,1,3,1,'2009-03-07 10:57:00','Credit Card','Single',0,0,'50.00',NULL,NULL),(985,237,3,4,1,'2007-12-11 07:52:16','Credit Card','Tiny-tots (ages 5-8)',0,0,'800.00',NULL,NULL),(986,489,2,5,3,'2007-09-01 11:27:42','Credit Card','Soprano',0,0,'50.00',NULL,NULL),(987,202,3,2,3,'2009-05-03 12:26:56','Credit Card','Tiny-tots (ages 5-8)',0,0,'800.00',NULL,NULL),(988,184,1,3,4,'2008-02-04 07:27:30','Credit Card','Single',0,0,'50.00',NULL,NULL),(989,409,1,2,2,'2008-09-30 03:35:21','Credit Card','Single',0,0,'50.00',NULL,NULL),(990,54,3,4,4,'2007-06-27 10:11:05','Credit Card','Tiny-tots (ages 5-8)',0,0,'800.00',NULL,NULL),(991,398,1,3,1,'2008-03-04 12:25:29','Credit Card','Single',0,0,'50.00',NULL,NULL),(992,87,2,1,2,'2008-08-25 03:26:48','Credit Card','Soprano',0,0,'50.00',NULL,NULL),(993,334,3,2,2,'2009-03-05 12:43:16','Credit Card','Tiny-tots (ages 5-8)',0,0,'800.00',NULL,NULL),(994,278,2,5,1,'2008-01-29 02:50:18','Credit Card','Soprano',0,0,'50.00',NULL,NULL),(995,466,1,5,2,'2007-09-06 02:40:09','Credit Card','Single',0,0,'50.00',NULL,NULL),(996,111,3,4,3,'2009-05-07 07:25:16','Credit Card','Tiny-tots (ages 5-8)',0,0,'800.00',NULL,NULL),(997,428,1,1,4,'2009-01-03 12:24:04','Credit Card','Single',0,0,'50.00',NULL,NULL),(998,299,2,4,3,'2008-03-17 09:01:22','Credit Card','Soprano',0,0,'50.00',NULL,NULL),(999,495,3,5,2,'2009-01-20 05:45:14','Credit Card','Tiny-tots (ages 5-8)',0,0,'800.00',NULL,NULL),(1000,91,3,1,4,'2008-10-08 10:12:48','Credit Card','Tiny-tots (ages 5-8)',0,0,'800.00',NULL,NULL);
/*!40000 ALTER TABLE `civicrm_participant` ENABLE KEYS */;
UNLOCK TABLES;

--
-- Dumping data for table `civicrm_participant_payment`
--

LOCK TABLES `civicrm_participant_payment` WRITE;
/*!40000 ALTER TABLE `civicrm_participant_payment` DISABLE KEYS */;
/*!40000 ALTER TABLE `civicrm_participant_payment` ENABLE KEYS */;
UNLOCK TABLES;

--
-- Dumping data for table `civicrm_payment_processor`
--

LOCK TABLES `civicrm_payment_processor` WRITE;
/*!40000 ALTER TABLE `civicrm_payment_processor` DISABLE KEYS */;
/*!40000 ALTER TABLE `civicrm_payment_processor` ENABLE KEYS */;
UNLOCK TABLES;

--
-- Dumping data for table `civicrm_payment_processor_type`
--

LOCK TABLES `civicrm_payment_processor_type` WRITE;
/*!40000 ALTER TABLE `civicrm_payment_processor_type` DISABLE KEYS */;
INSERT INTO `civicrm_payment_processor_type` (`id`, `name`, `title`, `description`, `is_active`, `is_default`, `user_name_label`, `password_label`, `signature_label`, `subject_label`, `class_name`, `url_site_default`, `url_api_default`, `url_recur_default`, `url_button_default`, `url_site_test_default`, `url_api_test_default`, `url_recur_test_default`, `url_button_test_default`, `billing_mode`, `is_recur`) VALUES (1,'PayPal_Standard','PayPal - Website Payments Standard',NULL,1,0,'Merchant Account Email',NULL,NULL,NULL,'Payment_PayPalImpl','https://www.paypal.com/',NULL,'https://www.paypal.com/',NULL,'https://www.sandbox.paypal.com/',NULL,'https://www.sandbox.paypal.com/',NULL,4,1),(2,'PayPal','PayPal - Website Payments Pro',NULL,1,0,'User Name','Password','Signature',NULL,'Payment_PayPalImpl','https://www.paypal.com/','https://api-3t.paypal.com/',NULL,'https://www.paypal.com/en_US/i/btn/btn_xpressCheckout.gif','https://www.sandbox.paypal.com/','https://api-3t.sandbox.paypal.com/',NULL,'https://www.paypal.com/en_US/i/btn/btn_xpressCheckout.gif',3,NULL),(3,'PayPal_Express','PayPal - Express',NULL,1,0,'User Name','Password','Signature',NULL,'Payment_PayPalImpl','https://www.paypal.com/','https://api-3t.paypal.com/',NULL,'https://www.paypal.com/en_US/i/btn/btn_xpressCheckout.gif','https://www.sandbox.paypal.com/','https://api-3t.sandbox.paypal.com/',NULL,'https://www.paypal.com/en_US/i/btn/btn_xpressCheckout.gif',2,NULL),(4,'Google_Checkout','Google Checkout',NULL,1,0,'Merchant ID','Key',NULL,NULL,'Payment_Google','https://checkout.google.com/',NULL,NULL,'https://checkout.google.com/buttons/checkout.gif?merchant_id=YOURMERCHANTIDHERE&w=160&h=43&style=white&variant=text&loc=en_US','https://sandbox.google.com/checkout/',NULL,NULL,'https://sandbox.google.com/checkout/buttons/checkout.gif?merchant_id=YOURMERCHANTIDHERE&w=160&h=43&style=white&variant=text&loc=en_US',4,NULL),(5,'Moneris','Moneris',NULL,1,0,'User Name','Password','Store ID',NULL,'Payment_Moneris','https://www3.moneris.com/',NULL,NULL,NULL,'https://esqa.moneris.com/',NULL,NULL,NULL,1,1),(6,'AuthNet_AIM','Authorize.Net - AIM',NULL,1,0,'API Login','Payment Key','MD5 Hash',NULL,'Payment_AuthorizeNet','https://secure.authorize.net/gateway/transact.dll',NULL,'https://api.authorize.net/xml/v1/request.api',NULL,'https://test.authorize.net/gateway/transact.dll',NULL,'https://apitest.authorize.net/xml/v1/request.api',NULL,1,NULL),(7,'PayJunction','PayJunction',NULL,1,0,'User Name','Password',NULL,NULL,'Payment_PayJunction','https://payjunction.com/quick_link',NULL,NULL,NULL,'https://demo.payjunction.com/quick_link',NULL,NULL,NULL,1,1),(8,'eWAY','eWAY (Single Currency)',NULL,1,0,'Customer ID',NULL,NULL,NULL,'Payment_eWAY','https://www.eway.com.au/gateway_cvn/xmlpayment.asp',NULL,NULL,NULL,'https://www.eway.com.au/gateway_cvn/xmltest/testpage.asp',NULL,NULL,NULL,1,0),(9,'Payment_Express','DPS Payment Express',NULL,1,0,'User ID','Key','Mac Key - pxaccess only',NULL,'Payment_PaymentExpress','https://www.paymentexpress.com/pleaseenteraurl',NULL,NULL,NULL,'https://www.paymentexpress.com/pleaseenteratesturl',NULL,NULL,NULL,4,0),(10,'ClickAndPledge','Click and Pledge',NULL,1,0,'Customer ID',NULL,NULL,NULL,'Payment_ClickAndPledge','http://www.clickandpledge.com/',NULL,NULL,NULL,'http://www.clickandpledge.com/',NULL,NULL,NULL,4,0),(11,'Dummy','Dummy Payment Processor',NULL,1,1,'User Name',NULL,NULL,NULL,'Payment_Dummy',NULL,NULL,NULL,NULL,NULL,NULL,NULL,NULL,1,NULL),(12,'Elavon','Elavon Payment Processor','Elavon / Nova Virtual Merchant',1,0,'SSL Merchant ID ','SSL User ID','SSL PIN',NULL,'Payment_Elavon','https://www.myvirtualmerchant.com/VirtualMerchant/processxml.do',NULL,NULL,NULL,'https://www.myvirtualmerchant.com/VirtualMerchant/processxml.do',NULL,NULL,NULL,1,0);
/*!40000 ALTER TABLE `civicrm_payment_processor_type` ENABLE KEYS */;
UNLOCK TABLES;

--
-- Dumping data for table `civicrm_pcp`
--

LOCK TABLES `civicrm_pcp` WRITE;
/*!40000 ALTER TABLE `civicrm_pcp` DISABLE KEYS */;
INSERT INTO `civicrm_pcp` (`id`, `contact_id`, `status_id`, `title`, `intro_text`, `page_text`, `donate_link_text`, `contribution_page_id`, `is_thermometer`, `is_honor_roll`, `goal_amount`, `referer`, `is_active`) VALUES (1,140,2,'My Personal Civi Fundraiser','I\'m on a mission to get all my friends and family to help support my favorite open-source civic sector CRM.','<p>Friends and family - please help build much needed infrastructure for the civic sector by supporting my personal campaign!</p>\r\n<p><a href=\"http://civicrm.org\">You can learn more about CiviCRM here</a>.</p>\r\n<p>Then click the <strong>Contribute Now</strong> button to go to our easy-to-use online contribution form.</p>','Contribute Now',1,1,1,'5000.00',NULL,1);
/*!40000 ALTER TABLE `civicrm_pcp` ENABLE KEYS */;
UNLOCK TABLES;

--
-- Dumping data for table `civicrm_pcp_block`
--

LOCK TABLES `civicrm_pcp_block` WRITE;
/*!40000 ALTER TABLE `civicrm_pcp_block` DISABLE KEYS */;
INSERT INTO `civicrm_pcp_block` (`id`, `entity_table`, `entity_id`, `supporter_profile_id`, `is_approval_needed`, `is_tellfriend_enabled`, `tellfriend_limit`, `link_text`, `is_active`, `notify_email`) VALUES (1,'civicrm_contribution_page',1,2,1,1,5,'Create your own Personal Campaign Page!',1,NULL);
/*!40000 ALTER TABLE `civicrm_pcp_block` ENABLE KEYS */;
UNLOCK TABLES;

--
-- Dumping data for table `civicrm_phone`
--

LOCK TABLES `civicrm_phone` WRITE;
/*!40000 ALTER TABLE `civicrm_phone` DISABLE KEYS */;
INSERT INTO `civicrm_phone` (`id`, `contact_id`, `location_type_id`, `is_primary`, `is_billing`, `mobile_provider_id`, `phone`, `phone_type_id`) VALUES (1,NULL,1,0,0,NULL,'204 222-1001',1),(2,257,1,1,0,NULL,'23676054',1),(3,257,1,0,0,NULL,'52709914',2),(4,475,1,1,0,NULL,'96604120',1),(5,475,1,0,0,NULL,'19198858',2),(6,140,1,1,0,NULL,'48124210',1),(7,140,1,0,0,NULL,'85232945',2),(8,196,1,1,0,NULL,'58794103',1),(9,196,1,0,0,NULL,'88584844',2),(10,7,1,1,0,NULL,'33935285',1),(11,7,1,0,0,NULL,'21387514',2),(12,205,1,1,0,NULL,'65711545',1),(13,205,1,0,0,NULL,'56467078',2),(14,133,1,1,0,NULL,'84249645',1),(15,133,1,0,0,NULL,'38532325',2),(16,38,1,1,0,NULL,'96419460',1),(17,38,1,0,0,NULL,'21829888',2),(18,373,1,1,0,NULL,'90197677',1),(19,373,1,0,0,NULL,'81454053',2),(20,400,1,1,0,NULL,'97023452',1),(21,400,1,0,0,NULL,'73431696',2),(22,98,1,1,0,NULL,'17540597',1),(23,98,1,0,0,NULL,'31767645',2),(24,124,1,1,0,NULL,'14210144',1),(25,124,1,0,0,NULL,'67402326',2),(26,290,1,1,0,NULL,'68113529',1),(27,290,1,0,0,NULL,'77121006',2),(28,221,1,1,0,NULL,'51131428',1),(29,221,1,0,0,NULL,'16068259',2),(30,85,1,1,0,NULL,'39716572',1),(31,85,1,0,0,NULL,'85250466',2),(32,104,1,1,0,NULL,'56205052',1),(33,104,1,0,0,NULL,'89200225',2),(34,281,1,1,0,NULL,'74652007',1),(35,281,1,0,0,NULL,'39236920',2),(36,94,1,1,0,NULL,'93942620',1),(37,94,1,0,0,NULL,'73175984',2),(38,397,1,1,0,NULL,'72554362',1),(39,397,1,0,0,NULL,'69241579',2),(40,241,1,1,0,NULL,'81118383',1),(41,241,1,0,0,NULL,'83791744',2),(42,332,1,1,0,NULL,'59211682',1),(43,332,1,0,0,NULL,'95725715',2),(44,385,1,1,0,NULL,'81941612',1),(45,385,1,0,0,NULL,'42811121',2),(46,298,1,1,0,NULL,'80091252',1),(47,298,1,0,0,NULL,'75096060',2),(48,410,1,1,0,NULL,'46918720',1),(49,410,1,0,0,NULL,'89674398',2),(50,172,1,1,0,NULL,'81220969',1),(51,172,1,0,0,NULL,'35279120',2),(52,259,1,1,0,NULL,'76894522',1),(53,259,1,0,0,NULL,'24859663',2),(54,34,1,1,0,NULL,'93902194',1),(55,34,1,0,0,NULL,'38725079',2),(56,484,1,1,0,NULL,'95778035',1),(57,484,1,0,0,NULL,'70452392',2),(58,110,1,1,0,NULL,'72952517',1),(59,110,1,0,0,NULL,'91377659',2),(60,323,1,1,0,NULL,'82265640',1),(61,323,1,0,0,NULL,'37842468',2),(62,29,1,1,0,NULL,'40740494',1),(63,29,1,0,0,NULL,'56434619',2),(64,275,1,1,0,NULL,'77470421',1),(65,275,1,0,0,NULL,'26839434',2),(66,304,1,1,0,NULL,'99294298',1),(67,304,1,0,0,NULL,'98963208',2),(68,73,1,1,0,NULL,'94668911',1),(69,73,1,0,0,NULL,'99402210',2),(70,407,1,1,0,NULL,'63884772',1),(71,407,1,0,0,NULL,'86351019',2),(72,209,1,1,0,NULL,'98991111',1),(73,209,1,0,0,NULL,'44091429',2),(74,125,1,1,0,NULL,'39617780',1),(75,125,1,0,0,NULL,'85371063',2),(76,53,1,1,0,NULL,'88140451',1),(77,53,1,0,0,NULL,'30200856',2),(78,235,1,1,0,NULL,'20325647',1),(79,235,1,0,0,NULL,'38656155',2),(80,466,1,1,0,NULL,'48488500',1),(81,466,1,0,0,NULL,'85957760',2),(82,349,1,1,0,NULL,'66221540',1),(83,349,1,0,0,NULL,'92637606',2),(84,194,1,1,0,NULL,'30625982',1),(85,194,1,0,0,NULL,'71378025',2),(86,334,1,1,0,NULL,'50253073',1),(87,334,1,0,0,NULL,'95468647',2),(88,311,1,1,0,NULL,'28426651',1),(89,311,1,0,0,NULL,'86834138',2),(90,121,1,1,0,NULL,'44453769',1),(91,121,1,0,0,NULL,'62854397',2),(92,16,1,1,0,NULL,'98725979',1),(93,16,1,0,0,NULL,'36490818',2),(94,442,1,1,0,NULL,'54683404',1),(95,442,1,0,0,NULL,'17741118',2),(96,224,1,1,0,NULL,'77241946',1),(97,224,1,0,0,NULL,'84285861',2),(98,134,1,1,0,NULL,'62723612',1),(99,134,1,0,0,NULL,'69117764',2),(100,41,1,1,0,NULL,'48085697',1),(101,41,1,0,0,NULL,'53705927',2),(102,329,1,1,0,NULL,'31711209',1),(103,329,1,0,0,NULL,'50175697',2),(104,26,1,1,0,NULL,'22124512',1),(105,26,1,0,0,NULL,'25373463',2),(106,115,1,1,0,NULL,'19030045',1),(107,115,1,0,0,NULL,'56350754',2),(108,155,1,1,0,NULL,'66752148',1),(109,155,1,0,0,NULL,'27721505',2),(110,343,1,1,0,NULL,'50619892',1),(111,343,1,0,0,NULL,'38502946',2),(112,236,1,1,0,NULL,'18195564',1),(113,236,1,0,0,NULL,'91392931',2),(114,178,1,1,0,NULL,'31861565',1),(115,178,1,0,0,NULL,'32915319',2),(116,190,1,1,0,NULL,'25966109',1),(117,190,1,0,0,NULL,'90130532',2),(118,367,1,1,0,NULL,'54810841',1),(119,367,1,0,0,NULL,'98398385',2),(120,44,1,1,0,NULL,'54543235',1),(121,44,1,0,0,NULL,'81449487',2),(122,149,1,1,0,NULL,'85873832',1),(123,149,1,0,0,NULL,'56166297',2),(124,233,1,1,0,NULL,'23666183',1),(125,233,1,0,0,NULL,'88453716',2),(126,437,1,1,0,NULL,'19823091',1),(127,437,1,0,0,NULL,'96631204',2),(128,439,1,1,0,NULL,'78919709',1),(129,439,1,0,0,NULL,'29686141',2),(130,458,1,1,0,NULL,'68411106',1),(131,458,1,0,0,NULL,'53041817',2),(132,463,1,1,0,NULL,'28666405',1),(133,463,1,0,0,NULL,'53533586',2),(134,10,1,1,0,NULL,'23208100',1),(135,10,1,0,0,NULL,'76100068',2),(136,254,1,1,0,NULL,'86643558',1),(137,254,1,0,0,NULL,'67260668',2),(138,80,1,1,0,NULL,'45676324',1),(139,80,1,0,0,NULL,'96002195',2),(140,100,1,1,0,NULL,'53226742',1),(141,100,1,0,0,NULL,'84154628',2),(142,497,1,1,0,NULL,'43130659',1),(143,497,1,0,0,NULL,'44045106',2),(144,470,1,1,0,NULL,'13314623',1),(145,470,1,0,0,NULL,'30445688',2),(146,17,1,1,0,NULL,'47141443',1),(147,17,1,0,0,NULL,'81066253',2),(148,59,1,1,0,NULL,'67340446',1),(149,59,1,0,0,NULL,'74821565',2),(150,338,1,1,0,NULL,'39555918',1),(151,338,1,0,0,NULL,'46657234',2),(152,280,1,1,0,NULL,'47668777',1),(153,280,1,0,0,NULL,'44228092',2),(154,215,1,1,0,NULL,'99115387',1),(155,215,1,0,0,NULL,'16291198',2),(156,248,1,1,0,NULL,'77080505',1),(157,248,1,0,0,NULL,'80851845',2),(158,65,1,1,0,NULL,'17143278',1),(159,65,1,0,0,NULL,'44775878',2),(160,277,1,1,0,NULL,'46979437',1),(161,277,1,0,0,NULL,'96825629',2),(162,482,1,1,0,NULL,'81016348',1),(163,482,1,0,0,NULL,'48473700',2),(164,47,1,1,0,NULL,'96027202',1),(165,47,1,0,0,NULL,'18143871',2),(166,472,1,1,0,NULL,'16986318',1),(167,472,1,0,0,NULL,'42766625',2),(168,62,1,1,0,NULL,'62622784',1),(169,62,1,0,0,NULL,'50835453',2),(170,271,1,1,0,NULL,'97650190',1),(171,271,1,0,0,NULL,'92198273',2),(172,500,1,1,0,NULL,'24619079',1),(173,500,1,0,0,NULL,'83549501',2),(174,476,1,1,0,NULL,'76059543',1),(175,476,1,0,0,NULL,'72099927',2),(176,365,1,1,0,NULL,'28299548',1),(177,365,1,0,0,NULL,'55626728',2),(178,95,1,1,0,NULL,'21291825',1),(179,95,1,0,0,NULL,'41136772',2),(180,197,1,1,0,NULL,'81799897',1),(181,197,1,0,0,NULL,'67249683',2),(182,415,1,1,0,NULL,'21499667',1),(183,415,1,0,0,NULL,'78683695',2),(184,191,1,1,0,NULL,'71729005',1),(185,191,1,0,0,NULL,'79268461',2),(186,61,1,1,0,NULL,'86273670',1),(187,61,1,0,0,NULL,'16569143',2),(188,310,1,1,0,NULL,'46161705',1),(189,310,1,0,0,NULL,'49122852',2),(190,302,1,1,0,NULL,'29915740',1),(191,302,1,0,0,NULL,'22588029',2),(192,64,1,1,0,NULL,'49479407',1),(193,64,1,0,0,NULL,'54602379',2),(194,401,1,1,0,NULL,'14371512',1),(195,401,1,0,0,NULL,'92735397',2),(196,413,1,1,0,NULL,'97674883',1),(197,413,1,0,0,NULL,'21835948',2),(198,301,3,1,0,NULL,'71489683',1),(199,301,3,0,0,NULL,'21793876',2),(200,232,3,1,0,NULL,'56840914',1),(201,232,3,0,0,NULL,'57001820',2),(202,371,3,1,0,NULL,'68579136',1),(203,371,3,0,0,NULL,'32374869',2),(204,431,3,1,0,NULL,'46497912',1),(205,431,3,0,0,NULL,'29473015',2),(206,91,3,1,0,NULL,'47486770',1),(207,91,3,0,0,NULL,'75025007',2),(208,341,3,1,0,NULL,'66972396',1),(209,341,3,0,0,NULL,'18087661',2),(210,25,3,1,0,NULL,'77113696',1),(211,25,3,0,0,NULL,'23479685',2),(212,77,3,1,0,NULL,'50155982',1),(213,77,3,0,0,NULL,'79697569',2),(214,419,3,1,0,NULL,'84398205',1),(215,419,3,0,0,NULL,'92666493',2),(216,148,3,1,0,NULL,'60625797',1),(217,148,3,0,0,NULL,'12397115',2),(218,116,3,1,0,NULL,'35193360',1),(219,116,3,0,0,NULL,'38502001',2),(220,358,3,1,0,NULL,'41035605',1),(221,358,3,0,0,NULL,'36678411',2),(222,266,3,1,0,NULL,'59927690',1),(223,266,3,0,0,NULL,'76256155',2),(224,374,3,1,0,NULL,'42980482',1),(225,374,3,0,0,NULL,'19907802',2),(226,43,3,1,0,NULL,'71689105',1),(227,43,3,0,0,NULL,'50284421',2),(228,109,3,1,0,NULL,'83462773',1),(229,109,3,0,0,NULL,'30153958',2),(230,146,3,1,0,NULL,'33733840',1),(231,146,3,0,0,NULL,'12175542',2),(232,352,3,1,0,NULL,'65181053',1),(233,352,3,0,0,NULL,'48003133',2),(234,308,3,1,0,NULL,'81337440',1),(235,308,3,0,0,NULL,'13491257',2),(236,299,3,1,0,NULL,'36981723',1),(237,299,3,0,0,NULL,'15738204',2),(238,416,3,1,0,NULL,'52593859',1),(239,416,3,0,0,NULL,'44550545',2),(240,313,3,1,0,NULL,'39880873',1),(241,313,3,0,0,NULL,'95355601',2),(242,335,3,1,0,NULL,'79390146',1),(243,335,3,0,0,NULL,'59611354',2),(244,428,3,1,0,NULL,'27780768',1),(245,428,3,0,0,NULL,'28520490',2),(246,388,3,1,0,NULL,'31629415',1),(247,388,3,0,0,NULL,'85576469',2),(248,406,3,1,0,NULL,'43510124',1),(249,406,3,0,0,NULL,'75901892',2),(250,370,3,1,0,NULL,'62679526',1),(251,370,3,0,0,NULL,'24376413',2),(252,28,3,1,0,NULL,'54100873',1),(253,28,3,0,0,NULL,'66321410',2),(254,106,3,1,0,NULL,'48273834',1),(255,106,3,0,0,NULL,'93647302',2),(256,446,3,1,0,NULL,'44904152',1),(257,446,3,0,0,NULL,'55560584',2),(258,425,3,1,0,NULL,'86401165',1),(259,425,3,0,0,NULL,'87934776',2),(260,325,3,1,0,NULL,'84807646',1),(261,325,3,0,0,NULL,'49818474',2),(262,230,1,1,0,NULL,'42175044',1),(263,230,1,0,0,NULL,'35080189',2),(264,31,1,1,0,NULL,'69472767',1),(265,31,1,0,0,NULL,'52459956',2),(266,175,1,1,0,NULL,'45947334',1),(267,175,1,0,0,NULL,'67078783',2),(268,382,1,1,0,NULL,'13960073',1),(269,382,1,0,0,NULL,'37404984',2),(270,421,1,1,0,NULL,'84016357',1),(271,421,1,0,0,NULL,'24593171',2),(272,52,1,1,0,NULL,'68611733',1),(273,52,1,0,0,NULL,'51414308',2),(274,368,1,1,0,NULL,'36917927',1),(275,368,1,0,0,NULL,'93985999',2),(276,67,1,1,0,NULL,'55960167',1),(277,67,1,0,0,NULL,'19895007',2),(278,440,1,1,0,NULL,'29516842',1),(279,440,1,0,0,NULL,'57050081',2),(280,455,1,1,0,NULL,'77740576',1),(281,455,1,0,0,NULL,'20779065',2),(282,14,1,1,0,NULL,'80495219',1),(283,14,1,0,0,NULL,'43238242',2),(284,49,1,1,0,NULL,'40267989',1),(285,49,1,0,0,NULL,'78836218',2),(286,217,1,1,0,NULL,'78941670',1),(287,217,1,0,0,NULL,'57349226',2),(288,2,1,1,0,NULL,'18218442',1),(289,2,1,0,0,NULL,'77348958',2),(290,19,1,1,0,NULL,'96993665',1),(291,19,1,0,0,NULL,'78398207',2),(292,13,1,1,0,NULL,'43478951',1),(293,13,1,0,0,NULL,'67538336',2),(294,158,1,1,0,NULL,'17920871',1),(295,158,1,0,0,NULL,'76968877',2),(296,199,1,1,0,NULL,'24418969',1),(297,199,1,0,0,NULL,'80249172',2),(298,151,1,1,0,NULL,'22989596',1),(299,151,1,0,0,NULL,'58041485',2),(300,58,1,1,0,NULL,'71748148',1),(301,58,1,0,0,NULL,'65524590',2),(302,122,1,1,0,NULL,'67865851',1),(303,122,1,0,0,NULL,'75855573',2),(304,164,1,1,0,NULL,'32459714',1),(305,164,1,0,0,NULL,'70376380',2),(306,88,1,1,0,NULL,'69796473',1),(307,88,1,0,0,NULL,'71126376',2),(308,395,1,1,0,NULL,'34962868',1),(309,395,1,0,0,NULL,'29197354',2),(310,40,1,1,0,NULL,'73999530',1),(311,40,1,0,0,NULL,'51403016',2),(312,430,1,1,0,NULL,'48988426',1),(313,430,1,0,0,NULL,'33691452',2),(314,260,1,1,0,NULL,'95661512',1),(315,260,1,0,0,NULL,'25766846',2),(316,320,1,1,0,NULL,'20579229',1),(317,320,1,0,0,NULL,'55280807',2),(318,82,1,1,0,NULL,'77184587',1),(319,82,1,0,0,NULL,'97018689',2),(320,383,1,1,0,NULL,'13401310',1),(321,383,1,0,0,NULL,'35592962',2),(322,316,1,1,0,NULL,'59985600',1),(323,316,1,0,0,NULL,'91877418',2),(324,359,1,1,0,NULL,'45592537',1),(325,359,1,0,0,NULL,'77738338',2),(326,295,1,1,0,NULL,'54719689',1),(327,295,1,0,0,NULL,'83808436',2),(328,166,1,1,0,NULL,'99717863',1),(329,166,1,0,0,NULL,'12766490',2),(330,418,1,1,0,NULL,'75568059',1),(331,418,1,0,0,NULL,'81987267',2),(332,97,1,1,0,NULL,'76927080',1),(333,97,1,0,0,NULL,'76609893',2),(334,11,1,1,0,NULL,'24034827',1),(335,11,1,0,0,NULL,'72753366',2),(336,454,1,1,0,NULL,'56210646',1),(337,454,1,0,0,NULL,'70906849',2),(338,143,1,1,0,NULL,'25320420',1),(339,143,1,0,0,NULL,'45845835',2),(340,161,1,1,0,NULL,'47341212',1),(341,161,1,0,0,NULL,'53944330',2),(342,394,1,1,0,NULL,'86814523',1),(343,394,1,0,0,NULL,'53067204',2),(344,74,1,1,0,NULL,'85122586',1),(345,74,1,0,0,NULL,'17659288',2),(346,461,1,1,0,NULL,'35296051',1),(347,461,1,0,0,NULL,'45131078',2),(348,278,1,1,0,NULL,'17273994',1),(349,278,1,0,0,NULL,'85711836',2),(350,467,1,1,0,NULL,'65611159',1),(351,467,1,0,0,NULL,'46715833',2),(352,344,1,1,0,NULL,'54754595',1),(353,344,1,0,0,NULL,'93803055',2),(354,422,1,1,0,NULL,'72056727',1),(355,422,1,0,0,NULL,'64612310',2),(356,119,1,1,0,NULL,'93688928',1),(357,119,1,0,0,NULL,'47096753',2),(358,79,1,1,0,NULL,'87513890',1),(359,79,1,0,0,NULL,'76238377',2),(360,409,1,1,0,NULL,'81460732',1),(361,409,1,0,0,NULL,'31876900',2),(362,22,1,1,0,NULL,'82788347',1),(363,22,1,0,0,NULL,'89483506',2),(364,179,1,1,0,NULL,'81502520',1),(365,179,1,0,0,NULL,'21581047',2),(366,353,1,1,0,NULL,'36759505',1),(367,353,1,0,0,NULL,'76946315',2),(368,488,1,1,0,NULL,'25334008',1),(369,488,1,0,0,NULL,'35091221',2),(370,491,1,1,0,NULL,'88226366',1),(371,491,1,0,0,NULL,'56970136',2),(372,317,1,1,0,NULL,'26975591',1),(373,317,1,0,0,NULL,'69758640',2),(374,20,1,1,0,NULL,'44361676',1),(375,20,1,0,0,NULL,'18968036',2),(376,107,1,1,0,NULL,'51515894',1),(377,107,1,0,0,NULL,'60454225',2),(378,452,1,1,0,NULL,'59702023',1),(379,452,1,0,0,NULL,'95729747',2),(380,202,1,1,0,NULL,'58489513',1),(381,202,1,0,0,NULL,'75557013',2),(382,211,1,1,0,NULL,'15855327',1),(383,211,1,0,0,NULL,'95404340',2),(384,379,1,1,0,NULL,'18902617',1),(385,379,1,0,0,NULL,'49372255',2),(386,380,1,1,0,NULL,'28644576',1),(387,380,1,0,0,NULL,'94927669',2),(388,355,1,1,0,NULL,'54761849',1),(389,355,1,0,0,NULL,'50634304',2),(390,263,1,1,0,NULL,'11713660',1),(391,263,1,0,0,NULL,'25386228',2),(392,481,1,1,0,NULL,'42153864',1),(393,481,1,0,0,NULL,'37585179',2),(394,76,1,1,0,NULL,'47531081',1),(395,76,1,0,0,NULL,'28138630',2),(396,392,1,1,0,NULL,'85145557',1),(397,392,1,0,0,NULL,'60742769',2),(398,403,1,1,0,NULL,'70828285',1),(399,403,1,0,0,NULL,'72542635',2),(400,314,1,1,0,NULL,'19903244',1),(401,314,1,0,0,NULL,'68509258',2),(402,496,1,1,0,NULL,'11275376',1),(403,496,1,0,0,NULL,'28516254',2),(404,292,1,1,0,NULL,'68238377',1),(405,292,1,0,0,NULL,'57000089',2),(406,364,1,1,0,NULL,'29129734',1),(407,364,1,0,0,NULL,'76896032',2),(408,118,1,1,0,NULL,'17348933',1),(409,118,1,0,0,NULL,'55459879',2),(410,307,1,1,0,NULL,'51320168',1),(411,307,1,0,0,NULL,'13501142',2),(412,32,1,1,0,NULL,'57483609',1),(413,32,1,0,0,NULL,'90552357',2),(414,206,1,1,0,NULL,'48840901',1),(415,206,1,0,0,NULL,'48125800',2),(416,214,1,1,0,NULL,'22792058',1),(417,214,1,0,0,NULL,'49569300',2),(418,145,1,1,0,NULL,'66545418',1),(419,145,1,0,0,NULL,'97064704',2),(420,23,1,1,0,NULL,'28454419',1),(421,23,1,0,0,NULL,'19316805',2),(422,256,1,1,0,NULL,'73385116',1),(423,256,1,0,0,NULL,'47508439',2),(424,223,1,1,0,NULL,'78477099',1),(425,223,1,0,0,NULL,'16632230',2),(426,152,1,1,0,NULL,'74330082',1),(427,152,1,0,0,NULL,'39282280',2),(428,167,1,1,0,NULL,'76065491',1),(429,167,1,0,0,NULL,'61457893',2),(430,55,1,1,0,NULL,'42556272',1),(431,55,1,0,0,NULL,'82565831',2),(432,328,1,1,0,NULL,'40966193',1),(433,328,1,0,0,NULL,'27582107',2),(434,391,1,1,0,NULL,'57996943',1),(435,391,1,0,0,NULL,'60124545',2),(436,485,1,1,0,NULL,'28265146',1),(437,485,1,0,0,NULL,'30750968',2),(438,404,1,1,0,NULL,'38442302',1),(439,404,1,0,0,NULL,'56872252',2),(440,244,1,1,0,NULL,'62844477',1),(441,244,1,0,0,NULL,'64996269',2),(442,479,1,1,0,NULL,'28446405',1),(443,479,1,0,0,NULL,'14385046',2),(444,319,1,1,0,NULL,'64777345',1),(445,319,1,0,0,NULL,'37110603',2),(446,170,1,1,0,NULL,'19231016',1),(447,170,1,0,0,NULL,'14240682',2),(448,37,1,1,0,NULL,'61883683',1),(449,37,1,0,0,NULL,'21349605',2),(450,86,1,1,0,NULL,'30866099',1),(451,86,1,0,0,NULL,'16523611',2),(452,434,1,1,0,NULL,'96226548',1),(453,434,1,0,0,NULL,'90919095',2),(454,362,1,1,0,NULL,'52402182',1),(455,362,1,0,0,NULL,'91521281',2),(456,131,1,1,0,NULL,'13677731',1),(457,131,1,0,0,NULL,'87727315',2),(458,184,1,1,0,NULL,'41437704',1),(459,184,1,0,0,NULL,'54880084',2),(460,305,1,1,0,NULL,'15595375',1),(461,305,1,0,0,NULL,'51623851',2),(462,322,1,1,0,NULL,'84990432',1),(463,322,1,0,0,NULL,'94786583',2),(464,185,1,1,0,NULL,'62173338',1),(465,185,1,0,0,NULL,'27846223',2),(466,448,1,1,0,NULL,'39464174',1),(467,448,1,0,0,NULL,'63362503',2),(468,46,1,1,0,NULL,'42711350',1),(469,46,1,0,0,NULL,'64763999',2),(470,157,1,1,0,NULL,'73954349',1),(471,157,1,0,0,NULL,'55773357',2),(472,139,1,1,0,NULL,'44120900',1),(473,139,1,0,0,NULL,'41204139',2),(474,137,1,1,0,NULL,'63939475',1),(475,137,1,0,0,NULL,'63317004',2),(476,247,1,1,0,NULL,'63892314',1),(477,247,1,0,0,NULL,'20156777',2),(478,208,1,1,0,NULL,'62772025',1),(479,208,1,0,0,NULL,'99910718',2),(480,469,1,1,0,NULL,'76715707',1),(481,469,1,0,0,NULL,'24766216',2),(482,268,1,1,0,NULL,'20698439',1),(483,268,1,0,0,NULL,'96502831',2),(484,188,1,1,0,NULL,'70641417',1),(485,188,1,0,0,NULL,'15452853',2),(486,286,1,1,0,NULL,'64344425',1),(487,286,1,0,0,NULL,'96881409',2),(488,464,1,1,0,NULL,'28401630',1),(489,464,1,0,0,NULL,'98150461',2),(490,176,1,1,0,NULL,'63236413',1),(491,176,1,0,0,NULL,'96899722',2),(492,70,1,1,0,NULL,'68264978',1),(493,70,1,0,0,NULL,'55163404',2),(494,5,1,1,0,NULL,'86411597',1),(495,5,1,0,0,NULL,'54981277',2),(496,377,1,1,0,NULL,'43494985',1),(497,377,1,0,0,NULL,'97297158',2),(498,436,1,1,0,NULL,'51868585',1),(499,436,1,0,0,NULL,'34948894',2),(500,50,1,1,0,NULL,'35338781',1),(501,50,1,0,0,NULL,'46091677',2),(502,8,1,1,0,NULL,'55516475',1),(503,8,1,0,0,NULL,'98219528',2),(504,160,1,1,0,NULL,'43493755',1),(505,160,1,0,0,NULL,'42629008',2),(506,250,1,1,0,NULL,'96729028',1),(507,250,1,0,0,NULL,'38911223',2),(508,182,1,1,0,NULL,'36973538',1),(509,182,1,0,0,NULL,'60813806',2),(510,427,1,1,0,NULL,'98353575',1),(511,427,1,0,0,NULL,'84077608',2),(512,493,1,1,0,NULL,'71974820',1),(513,493,1,0,0,NULL,'93833946',2),(514,284,1,1,0,NULL,'26494667',1),(515,284,1,0,0,NULL,'42693718',2),(516,193,1,1,0,NULL,'99043923',1),(517,193,1,0,0,NULL,'52997883',2),(518,337,1,1,0,NULL,'61370898',1),(519,337,1,0,0,NULL,'95664610',2),(520,269,1,1,0,NULL,'29115818',1),(521,269,1,0,0,NULL,'61437577',2),(522,35,1,1,0,NULL,'56324438',1),(523,35,1,0,0,NULL,'21559430',2),(524,376,1,1,0,NULL,'37077833',1),(525,376,1,0,0,NULL,'71170599',2),(526,71,1,1,0,NULL,'67702321',1),(527,71,1,0,0,NULL,'35041162',2),(528,203,1,1,0,NULL,'86679725',1),(529,203,1,0,0,NULL,'23590166',2),(530,200,1,1,0,NULL,'27935608',1),(531,200,1,0,0,NULL,'13004573',2),(532,227,1,1,0,NULL,'77040262',1),(533,227,1,0,0,NULL,'80354247',2),(534,412,1,1,0,NULL,'18209364',1),(535,412,1,0,0,NULL,'27893818',2),(536,386,1,1,0,NULL,'54183866',1),(537,386,1,0,0,NULL,'18377499',2),(538,494,1,1,0,NULL,'26034295',1),(539,494,1,0,0,NULL,'67716503',2),(540,490,1,1,0,NULL,'43247883',1),(541,490,1,0,0,NULL,'66979551',2),(542,239,1,1,0,NULL,'94996055',1),(543,239,1,0,0,NULL,'63617519',2),(544,128,1,1,0,NULL,'73830220',1),(545,128,1,0,0,NULL,'40311319',2),(546,265,1,1,0,NULL,'31483830',1),(547,265,1,0,0,NULL,'56376016',2),(548,451,1,1,0,NULL,'53290118',1),(549,451,1,0,0,NULL,'16112933',2),(550,433,1,1,0,NULL,'83351398',1),(551,433,1,0,0,NULL,'69508350',2),(552,350,1,1,0,NULL,'23430108',1),(553,350,1,0,0,NULL,'21854681',2),(554,262,1,1,0,NULL,'55447572',1),(555,262,1,0,0,NULL,'84901280',2),(556,361,1,1,0,NULL,'36434738',1),(557,361,1,0,0,NULL,'25869636',2),(558,389,1,1,0,NULL,'28529855',1),(559,389,1,0,0,NULL,'38132150',2),(560,445,1,1,0,NULL,'98247615',1),(561,445,1,0,0,NULL,'24548559',2),(562,289,1,1,0,NULL,'69681240',1),(563,289,1,0,0,NULL,'17222323',2),(564,220,1,1,0,NULL,'78277163',1),(565,220,1,0,0,NULL,'60068842',2),(566,NULL,1,0,0,NULL,'204 222-1000',1),(567,NULL,1,0,0,NULL,'204 223-1000',1),(568,NULL,1,0,0,NULL,'303 323-1000',1);
/*!40000 ALTER TABLE `civicrm_phone` ENABLE KEYS */;
UNLOCK TABLES;

--
-- Dumping data for table `civicrm_pledge`
--

LOCK TABLES `civicrm_pledge` WRITE;
/*!40000 ALTER TABLE `civicrm_pledge` DISABLE KEYS */;
INSERT INTO `civicrm_pledge` (`id`, `contact_id`, `contribution_type_id`, `contribution_page_id`, `amount`, `frequency_unit`, `frequency_interval`, `frequency_day`, `installments`, `start_date`, `create_date`, `acknowledge_date`, `modified_date`, `cancel_date`, `end_date`, `honor_contact_id`, `honor_type_id`, `max_reminders`, `initial_reminder_day`, `additional_reminder_day`, `status_id`, `is_test`) VALUES (1,71,1,1,'500.00','month',1,1,1,'2008-07-01 21:19:02','2008-06-26 00:00:00',NULL,NULL,NULL,'2008-07-01 00:00:00',NULL,NULL,1,5,5,1,0),(2,43,1,1,'800.00','month',3,1,4,'2008-07-01 10:11:09','2008-06-23 10:11:14','2008-06-23 10:11:18',NULL,NULL,'2009-04-01 10:11:40',NULL,NULL,1,5,5,5,0),(3,32,1,1,'600.00','month',1,1,3,'2008-06-01 10:12:35','2008-05-14 10:12:44','2008-05-14 10:12:52',NULL,NULL,'2008-08-01 10:13:11',NULL,NULL,1,5,5,5,0);
/*!40000 ALTER TABLE `civicrm_pledge` ENABLE KEYS */;
UNLOCK TABLES;

--
-- Dumping data for table `civicrm_pledge_block`
--

LOCK TABLES `civicrm_pledge_block` WRITE;
/*!40000 ALTER TABLE `civicrm_pledge_block` DISABLE KEYS */;
INSERT INTO `civicrm_pledge_block` (`id`, `entity_table`, `entity_id`, `pledge_frequency_unit`, `is_pledge_interval`, `max_reminders`, `initial_reminder_day`, `additional_reminder_day`) VALUES (1,'civicrm_contribution_page',3,'weekmonthyear',1,1,5,5),(2,'civicrm_contribution_page',1,'weekmonthyear',0,2,5,5);
/*!40000 ALTER TABLE `civicrm_pledge_block` ENABLE KEYS */;
UNLOCK TABLES;

--
-- Dumping data for table `civicrm_pledge_payment`
--

LOCK TABLES `civicrm_pledge_payment` WRITE;
/*!40000 ALTER TABLE `civicrm_pledge_payment` DISABLE KEYS */;
INSERT INTO `civicrm_pledge_payment` (`id`, `pledge_id`, `contribution_id`, `scheduled_amount`, `scheduled_date`, `reminder_date`, `reminder_count`, `status_id`) VALUES (1,1,10,'500.00','2008-07-01 13:03:45',NULL,0,1),(2,2,11,'200.00','2008-07-01 10:59:35',NULL,0,1),(3,2,NULL,'200.00','2008-10-01 10:59:35',NULL,0,2),(4,2,NULL,'200.00','2009-01-01 10:59:35',NULL,0,2),(5,2,NULL,'200.00','2009-04-01 10:59:35',NULL,0,2),(6,3,12,'200.00','2008-06-01 11:00:12',NULL,0,1),(7,3,13,'200.00','2008-07-01 10:59:35','2008-06-28 10:59:41',1,1),(8,3,NULL,'200.00','2008-08-01 11:00:12',NULL,0,2);
/*!40000 ALTER TABLE `civicrm_pledge_payment` ENABLE KEYS */;
UNLOCK TABLES;

--
-- Dumping data for table `civicrm_preferences`
--

LOCK TABLES `civicrm_preferences` WRITE;
/*!40000 ALTER TABLE `civicrm_preferences` DISABLE KEYS */;
INSERT INTO `civicrm_preferences` (`id`, `contact_id`, `is_domain`, `location_count`, `contact_view_options`, `contact_edit_options`, `advanced_search_options`, `user_dashboard_options`, `address_options`, `address_format`, `mailing_format`, `individual_name_format`, `address_standardization_provider`, `address_standardization_userid`, `address_standardization_url`, `editor_id`, `mailing_backend`) VALUES (1,NULL,1,1,'123456789101113','1234','1234567891011121315161718','1234578','1234568910111314','{contact.address_name}\n{contact.street_address}\n{contact.supplemental_address_1}\n{contact.supplemental_address_2}\n{contact.city}{, }{contact.state_province}{ }{contact.postal_code}\n{contact.country}','{contact.contact_name}\n{contact.street_address}\n{contact.supplemental_address_1}\n{contact.supplemental_address_2}\n{contact.city}{, }{contact.state_province}{ }{contact.postal_code}\n{contact.country}','{contact.individual_prefix}{ } {contact.first_name}{ }{contact.middle_name}{ }{contact.last_name}{ }{contact.individual_suffix}',NULL,NULL,NULL,2,NULL);
/*!40000 ALTER TABLE `civicrm_preferences` ENABLE KEYS */;
UNLOCK TABLES;

--
-- Dumping data for table `civicrm_preferences_date`
--

LOCK TABLES `civicrm_preferences_date` WRITE;
/*!40000 ALTER TABLE `civicrm_preferences_date` DISABLE KEYS */;
INSERT INTO `civicrm_preferences_date` (`id`, `name`, `description`, `start`, `end`, `minute_increment`, `format`) VALUES (1,'activityDate','Date for activities including contributions: receive, receipt, cancel. membership: join, start, renew. case: start, end.',20,10,0,NULL),(2,'activityDatetime','Date and time for activity: scheduled. participant: registered.',20,10,1,NULL),(3,'birth','Birth and deceased dates.',100,0,0,NULL),(4,'creditCard','Month and year only for credit card expiration.',0,10,0,'M Y'),(5,'custom','Uses date range passed in by form field. Can pass in a posix date part parameter. Start and end offsets defined here are ignored.',20,20,15,'Y M d h i A'),(6,'datetime','General date and time.',10,3,15,NULL),(7,'duration','Durations in hours and minutes.',0,0,15,'H i'),(8,'fixed','Not used ?',0,5,0,NULL),(9,'mailing','Date and time. Used for scheduling mailings.',0,1,15,'Y M d h i A'),(10,'manual','Date only. For non-general cases. Uses date range passed in by form field. Start and end offsets defined here are ignored.',20,20,0,NULL),(11,'relative','Used in search forms.',20,20,0,NULL);
/*!40000 ALTER TABLE `civicrm_preferences_date` ENABLE KEYS */;
UNLOCK TABLES;

--
-- Dumping data for table `civicrm_premiums`
--

LOCK TABLES `civicrm_premiums` WRITE;
/*!40000 ALTER TABLE `civicrm_premiums` DISABLE KEYS */;
INSERT INTO `civicrm_premiums` (`id`, `entity_table`, `entity_id`, `premiums_active`, `premiums_intro_title`, `premiums_intro_text`, `premiums_contact_email`, `premiums_contact_phone`, `premiums_display_min_contribution`) VALUES (1,'civicrm_contribution_page',1,1,'Thank-you Gifts','We appreciate your support and invite you to choose from the exciting collection of thank-you gifts below. Minimum contribution amounts for each selection are included in the descriptions. (NOTE: These gifts are shown as examples only. No gifts will be sent to donors.)','premiums@example.org',NULL,1);
/*!40000 ALTER TABLE `civicrm_premiums` ENABLE KEYS */;
UNLOCK TABLES;

--
-- Dumping data for table `civicrm_premiums_product`
--

LOCK TABLES `civicrm_premiums_product` WRITE;
/*!40000 ALTER TABLE `civicrm_premiums_product` DISABLE KEYS */;
INSERT INTO `civicrm_premiums_product` (`id`, `premiums_id`, `product_id`, `weight`) VALUES (1,1,1,1);
/*!40000 ALTER TABLE `civicrm_premiums_product` ENABLE KEYS */;
UNLOCK TABLES;

--
-- Dumping data for table `civicrm_price_field`
--

LOCK TABLES `civicrm_price_field` WRITE;
/*!40000 ALTER TABLE `civicrm_price_field` DISABLE KEYS */;
/*!40000 ALTER TABLE `civicrm_price_field` ENABLE KEYS */;
UNLOCK TABLES;

--
-- Dumping data for table `civicrm_price_set`
--

LOCK TABLES `civicrm_price_set` WRITE;
/*!40000 ALTER TABLE `civicrm_price_set` DISABLE KEYS */;
/*!40000 ALTER TABLE `civicrm_price_set` ENABLE KEYS */;
UNLOCK TABLES;

--
-- Dumping data for table `civicrm_price_set_entity`
--

LOCK TABLES `civicrm_price_set_entity` WRITE;
/*!40000 ALTER TABLE `civicrm_price_set_entity` DISABLE KEYS */;
/*!40000 ALTER TABLE `civicrm_price_set_entity` ENABLE KEYS */;
UNLOCK TABLES;

--
-- Dumping data for table `civicrm_product`
--

LOCK TABLES `civicrm_product` WRITE;
/*!40000 ALTER TABLE `civicrm_product` DISABLE KEYS */;
INSERT INTO `civicrm_product` (`id`, `name`, `description`, `sku`, `options`, `image`, `thumbnail`, `price`, `min_contribution`, `cost`, `is_active`, `period_type`, `fixed_period_start_day`, `duration_unit`, `duration_interval`, `frequency_unit`, `frequency_interval`) VALUES (1,'Coffee Mug','This heavy-duty mug is great for home or office, coffee or tea or hot chocolate. Show your support to family, friends and colleagues. Choose from three great colors.','MUG-101','White, Black, Green',NULL,NULL,'12.50','5.00','2.25',1,NULL,NULL,NULL,NULL,NULL,NULL);
/*!40000 ALTER TABLE `civicrm_product` ENABLE KEYS */;
UNLOCK TABLES;

--
-- Dumping data for table `civicrm_project`
--

LOCK TABLES `civicrm_project` WRITE;
/*!40000 ALTER TABLE `civicrm_project` DISABLE KEYS */;
/*!40000 ALTER TABLE `civicrm_project` ENABLE KEYS */;
UNLOCK TABLES;

--
-- Dumping data for table `civicrm_relationship`
--

LOCK TABLES `civicrm_relationship` WRITE;
/*!40000 ALTER TABLE `civicrm_relationship` DISABLE KEYS */;
INSERT INTO `civicrm_relationship` (`id`, `contact_id_a`, `contact_id_b`, `relationship_type_id`, `start_date`, `end_date`, `is_active`, `description`, `is_permission_a_b`, `is_permission_b_a`, `case_id`) VALUES (1,31,230,1,NULL,NULL,1,NULL,0,0,NULL),(2,175,230,1,NULL,NULL,1,NULL,0,0,NULL),(3,31,312,1,NULL,NULL,1,NULL,0,0,NULL),(4,175,312,1,NULL,NULL,1,NULL,0,0,NULL),(5,312,230,2,NULL,NULL,1,NULL,0,0,NULL),(6,175,31,3,NULL,NULL,1,NULL,0,0,NULL),(7,230,121,6,NULL,NULL,1,NULL,0,0,NULL),(8,312,121,7,NULL,NULL,1,NULL,0,0,NULL),(9,31,121,7,NULL,NULL,1,NULL,0,0,NULL),(10,175,121,7,NULL,NULL,1,NULL,0,0,NULL),(11,204,444,1,NULL,NULL,1,NULL,0,0,NULL),(12,421,444,1,NULL,NULL,1,NULL,0,0,NULL),(13,204,382,1,NULL,NULL,1,NULL,0,0,NULL),(14,421,382,1,NULL,NULL,1,NULL,0,0,NULL),(15,382,444,2,NULL,NULL,1,NULL,0,0,NULL),(16,421,204,3,NULL,NULL,1,NULL,0,0,NULL),(17,444,16,6,NULL,NULL,1,NULL,0,0,NULL),(18,382,16,7,NULL,NULL,1,NULL,0,0,NULL),(19,204,16,7,NULL,NULL,1,NULL,0,0,NULL),(20,421,16,7,NULL,NULL,1,NULL,0,0,NULL),(21,67,52,1,NULL,NULL,1,NULL,0,0,NULL),(22,440,52,1,NULL,NULL,1,NULL,0,0,NULL),(23,67,368,1,NULL,NULL,1,NULL,0,0,NULL),(24,440,368,1,NULL,NULL,1,NULL,0,0,NULL),(25,368,52,2,NULL,NULL,1,NULL,0,0,NULL),(26,440,67,3,NULL,NULL,1,NULL,0,0,NULL),(27,52,442,6,NULL,NULL,1,NULL,0,0,NULL),(28,368,442,7,NULL,NULL,1,NULL,0,0,NULL),(29,67,442,7,NULL,NULL,1,NULL,0,0,NULL),(30,440,442,7,NULL,NULL,1,NULL,0,0,NULL),(31,87,455,1,NULL,NULL,1,NULL,0,0,NULL),(32,14,455,1,NULL,NULL,1,NULL,0,0,NULL),(33,87,372,1,NULL,NULL,1,NULL,0,0,NULL),(34,14,372,1,NULL,NULL,1,NULL,0,0,NULL),(35,372,455,2,NULL,NULL,1,NULL,0,0,NULL),(36,14,87,3,NULL,NULL,1,NULL,0,0,NULL),(37,455,114,6,NULL,NULL,1,NULL,0,0,NULL),(38,372,114,7,NULL,NULL,1,NULL,0,0,NULL),(39,87,114,7,NULL,NULL,1,NULL,0,0,NULL),(40,14,114,7,NULL,NULL,1,NULL,0,0,NULL),(41,2,49,1,NULL,NULL,1,NULL,0,0,NULL),(42,19,49,1,NULL,NULL,1,NULL,0,0,NULL),(43,2,217,1,NULL,NULL,1,NULL,0,0,NULL),(44,19,217,1,NULL,NULL,1,NULL,0,0,NULL),(45,217,49,2,NULL,NULL,1,NULL,0,0,NULL),(46,19,2,3,NULL,NULL,1,NULL,0,0,NULL),(47,49,224,6,NULL,NULL,1,NULL,0,0,NULL),(48,217,224,7,NULL,NULL,1,NULL,0,0,NULL),(49,2,224,7,NULL,NULL,1,NULL,0,0,NULL),(50,19,224,7,NULL,NULL,1,NULL,0,0,NULL),(51,63,13,1,NULL,NULL,1,NULL,0,0,NULL),(52,285,13,1,NULL,NULL,1,NULL,0,0,NULL),(53,63,126,1,NULL,NULL,1,NULL,0,0,NULL),(54,285,126,1,NULL,NULL,1,NULL,0,0,NULL),(55,126,13,2,NULL,NULL,1,NULL,0,0,NULL),(56,285,63,3,NULL,NULL,1,NULL,0,0,NULL),(57,13,414,6,NULL,NULL,1,NULL,0,0,NULL),(58,126,414,7,NULL,NULL,1,NULL,0,0,NULL),(59,63,414,7,NULL,NULL,1,NULL,0,0,NULL),(60,285,414,7,NULL,NULL,1,NULL,0,0,NULL),(61,189,345,1,NULL,NULL,1,NULL,0,0,NULL),(62,199,345,1,NULL,NULL,1,NULL,0,0,NULL),(63,189,158,1,NULL,NULL,1,NULL,0,0,NULL),(64,199,158,1,NULL,NULL,1,NULL,0,0,NULL),(65,158,345,2,NULL,NULL,1,NULL,0,0,NULL),(66,199,189,3,NULL,NULL,1,NULL,0,0,NULL),(67,345,42,6,NULL,NULL,1,NULL,0,0,NULL),(68,158,42,7,NULL,NULL,1,NULL,0,0,NULL),(69,189,42,7,NULL,NULL,1,NULL,0,0,NULL),(70,199,42,7,NULL,NULL,1,NULL,0,0,NULL),(71,122,151,1,NULL,NULL,1,NULL,0,0,NULL),(72,164,151,1,NULL,NULL,1,NULL,0,0,NULL),(73,122,58,1,NULL,NULL,1,NULL,0,0,NULL),(74,164,58,1,NULL,NULL,1,NULL,0,0,NULL),(75,58,151,2,NULL,NULL,1,NULL,0,0,NULL),(76,164,122,3,NULL,NULL,1,NULL,0,0,NULL),(77,151,134,6,NULL,NULL,1,NULL,0,0,NULL),(78,58,134,7,NULL,NULL,1,NULL,0,0,NULL),(79,122,134,7,NULL,NULL,1,NULL,0,0,NULL),(80,164,134,7,NULL,NULL,1,NULL,0,0,NULL),(81,195,405,1,NULL,NULL,1,NULL,0,0,NULL),(82,88,405,1,NULL,NULL,1,NULL,0,0,NULL),(83,195,246,1,NULL,NULL,1,NULL,0,0,NULL),(84,88,246,1,NULL,NULL,1,NULL,0,0,NULL),(85,246,405,2,NULL,NULL,1,NULL,0,0,NULL),(86,88,195,3,NULL,NULL,1,NULL,0,0,NULL),(87,405,41,6,NULL,NULL,1,NULL,0,0,NULL),(88,246,41,7,NULL,NULL,1,NULL,0,0,NULL),(89,195,41,7,NULL,NULL,1,NULL,0,0,NULL),(90,88,41,7,NULL,NULL,1,NULL,0,0,NULL),(91,430,395,1,NULL,NULL,1,NULL,0,0,NULL),(92,231,395,1,NULL,NULL,1,NULL,0,0,NULL),(93,430,40,1,NULL,NULL,1,NULL,0,0,NULL),(94,231,40,1,NULL,NULL,1,NULL,0,0,NULL),(95,40,395,2,NULL,NULL,1,NULL,0,0,NULL),(96,231,430,3,NULL,NULL,1,NULL,0,0,NULL),(97,395,329,6,NULL,NULL,1,NULL,0,0,NULL),(98,40,329,7,NULL,NULL,1,NULL,0,0,NULL),(99,430,329,7,NULL,NULL,1,NULL,0,0,NULL),(100,231,329,7,NULL,NULL,1,NULL,0,0,NULL),(101,420,260,1,NULL,NULL,1,NULL,0,0,NULL),(102,320,260,1,NULL,NULL,1,NULL,0,0,NULL),(103,420,162,1,NULL,NULL,1,NULL,0,0,NULL),(104,320,162,1,NULL,NULL,1,NULL,0,0,NULL),(105,162,260,2,NULL,NULL,1,NULL,0,0,NULL),(106,320,420,3,NULL,NULL,1,NULL,0,0,NULL),(107,260,207,6,NULL,NULL,1,NULL,0,0,NULL),(108,162,207,7,NULL,NULL,1,NULL,0,0,NULL),(109,420,207,7,NULL,NULL,1,NULL,0,0,NULL),(110,320,207,7,NULL,NULL,1,NULL,0,0,NULL),(111,396,15,1,NULL,NULL,1,NULL,0,0,NULL),(112,383,15,1,NULL,NULL,1,NULL,0,0,NULL),(113,396,82,1,NULL,NULL,1,NULL,0,0,NULL),(114,383,82,1,NULL,NULL,1,NULL,0,0,NULL),(115,82,15,2,NULL,NULL,1,NULL,0,0,NULL),(116,383,396,3,NULL,NULL,1,NULL,0,0,NULL),(117,15,26,6,NULL,NULL,1,NULL,0,0,NULL),(118,82,26,7,NULL,NULL,1,NULL,0,0,NULL),(119,396,26,7,NULL,NULL,1,NULL,0,0,NULL),(120,383,26,7,NULL,NULL,1,NULL,0,0,NULL),(121,192,21,1,NULL,NULL,1,NULL,0,0,NULL),(122,359,21,1,NULL,NULL,1,NULL,0,0,NULL),(123,192,316,1,NULL,NULL,1,NULL,0,0,NULL),(124,359,316,1,NULL,NULL,1,NULL,0,0,NULL),(125,316,21,2,NULL,NULL,1,NULL,0,0,NULL),(126,359,192,3,NULL,NULL,1,NULL,0,0,NULL),(127,21,115,6,NULL,NULL,1,NULL,0,0,NULL),(128,316,115,7,NULL,NULL,1,NULL,0,0,NULL),(129,192,115,7,NULL,NULL,1,NULL,0,0,NULL),(130,359,115,7,NULL,NULL,1,NULL,0,0,NULL),(131,166,295,1,NULL,NULL,1,NULL,0,0,NULL),(132,27,295,1,NULL,NULL,1,NULL,0,0,NULL),(133,166,399,1,NULL,NULL,1,NULL,0,0,NULL),(134,27,399,1,NULL,NULL,1,NULL,0,0,NULL),(135,399,295,2,NULL,NULL,1,NULL,0,0,NULL),(136,27,166,3,NULL,NULL,1,NULL,0,0,NULL),(137,295,155,6,NULL,NULL,1,NULL,0,0,NULL),(138,399,155,7,NULL,NULL,1,NULL,0,0,NULL),(139,166,155,7,NULL,NULL,1,NULL,0,0,NULL),(140,27,155,7,NULL,NULL,1,NULL,0,0,NULL),(141,97,418,1,NULL,NULL,1,NULL,0,0,NULL),(142,237,418,1,NULL,NULL,1,NULL,0,0,NULL),(143,97,135,1,NULL,NULL,1,NULL,0,0,NULL),(144,237,135,1,NULL,NULL,1,NULL,0,0,NULL),(145,135,418,2,NULL,NULL,1,NULL,0,0,NULL),(146,237,97,3,NULL,NULL,1,NULL,0,0,NULL),(147,418,102,6,NULL,NULL,1,NULL,0,0,NULL),(148,135,102,7,NULL,NULL,1,NULL,0,0,NULL),(149,97,102,7,NULL,NULL,1,NULL,0,0,NULL),(150,237,102,7,NULL,NULL,1,NULL,0,0,NULL),(151,336,210,1,NULL,NULL,1,NULL,0,0,NULL),(152,454,210,1,NULL,NULL,1,NULL,0,0,NULL),(153,336,11,1,NULL,NULL,1,NULL,0,0,NULL),(154,454,11,1,NULL,NULL,1,NULL,0,0,NULL),(155,11,210,2,NULL,NULL,1,NULL,0,0,NULL),(156,454,336,3,NULL,NULL,1,NULL,0,0,NULL),(157,210,343,6,NULL,NULL,1,NULL,0,0,NULL),(158,11,343,7,NULL,NULL,1,NULL,0,0,NULL),(159,336,343,7,NULL,NULL,1,NULL,0,0,NULL),(160,454,343,7,NULL,NULL,1,NULL,0,0,NULL),(161,394,143,1,NULL,NULL,1,NULL,0,0,NULL),(162,74,143,1,NULL,NULL,1,NULL,0,0,NULL),(163,394,161,1,NULL,NULL,1,NULL,0,0,NULL),(164,74,161,1,NULL,NULL,1,NULL,0,0,NULL),(165,161,143,2,NULL,NULL,1,NULL,0,0,NULL),(166,74,394,3,NULL,NULL,1,NULL,0,0,NULL),(167,143,60,6,NULL,NULL,1,NULL,0,0,NULL),(168,161,60,7,NULL,NULL,1,NULL,0,0,NULL),(169,394,60,7,NULL,NULL,1,NULL,0,0,NULL),(170,74,60,7,NULL,NULL,1,NULL,0,0,NULL),(171,278,461,1,NULL,NULL,1,NULL,0,0,NULL),(172,467,461,1,NULL,NULL,1,NULL,0,0,NULL),(173,278,468,1,NULL,NULL,1,NULL,0,0,NULL),(174,467,468,1,NULL,NULL,1,NULL,0,0,NULL),(175,468,461,2,NULL,NULL,1,NULL,0,0,NULL),(176,467,278,3,NULL,NULL,1,NULL,0,0,NULL),(177,461,236,6,NULL,NULL,1,NULL,0,0,NULL),(178,468,236,7,NULL,NULL,1,NULL,0,0,NULL),(179,278,236,7,NULL,NULL,1,NULL,0,0,NULL),(180,467,236,7,NULL,NULL,1,NULL,0,0,NULL),(181,422,344,1,NULL,NULL,1,NULL,0,0,NULL),(182,119,344,1,NULL,NULL,1,NULL,0,0,NULL),(183,422,393,1,NULL,NULL,1,NULL,0,0,NULL),(184,119,393,1,NULL,NULL,1,NULL,0,0,NULL),(185,393,344,2,NULL,NULL,1,NULL,0,0,NULL),(186,119,422,3,NULL,NULL,1,NULL,0,0,NULL),(187,344,492,6,NULL,NULL,1,NULL,0,0,NULL),(188,393,492,7,NULL,NULL,1,NULL,0,0,NULL),(189,422,492,7,NULL,NULL,1,NULL,0,0,NULL),(190,119,492,7,NULL,NULL,1,NULL,0,0,NULL),(191,409,79,1,NULL,NULL,1,NULL,0,0,NULL),(192,465,79,1,NULL,NULL,1,NULL,0,0,NULL),(193,409,108,1,NULL,NULL,1,NULL,0,0,NULL),(194,465,108,1,NULL,NULL,1,NULL,0,0,NULL),(195,108,79,2,NULL,NULL,1,NULL,0,0,NULL),(196,465,409,3,NULL,NULL,1,NULL,0,0,NULL),(197,79,225,6,NULL,NULL,1,NULL,0,0,NULL),(198,108,225,7,NULL,NULL,1,NULL,0,0,NULL),(199,409,225,7,NULL,NULL,1,NULL,0,0,NULL),(200,465,225,7,NULL,NULL,1,NULL,0,0,NULL),(201,39,303,1,NULL,NULL,1,NULL,0,0,NULL),(202,179,303,1,NULL,NULL,1,NULL,0,0,NULL),(203,39,22,1,NULL,NULL,1,NULL,0,0,NULL),(204,179,22,1,NULL,NULL,1,NULL,0,0,NULL),(205,22,303,2,NULL,NULL,1,NULL,0,0,NULL),(206,179,39,3,NULL,NULL,1,NULL,0,0,NULL),(207,303,178,6,NULL,NULL,1,NULL,0,0,NULL),(208,22,178,7,NULL,NULL,1,NULL,0,0,NULL),(209,39,178,7,NULL,NULL,1,NULL,0,0,NULL),(210,179,178,7,NULL,NULL,1,NULL,0,0,NULL),(211,491,353,1,NULL,NULL,1,NULL,0,0,NULL),(212,317,353,1,NULL,NULL,1,NULL,0,0,NULL),(213,491,488,1,NULL,NULL,1,NULL,0,0,NULL),(214,317,488,1,NULL,NULL,1,NULL,0,0,NULL),(215,488,353,2,NULL,NULL,1,NULL,0,0,NULL),(216,317,491,3,NULL,NULL,1,NULL,0,0,NULL),(217,353,190,6,NULL,NULL,1,NULL,0,0,NULL),(218,488,190,7,NULL,NULL,1,NULL,0,0,NULL),(219,491,190,7,NULL,NULL,1,NULL,0,0,NULL),(220,317,190,7,NULL,NULL,1,NULL,0,0,NULL),(221,258,20,1,NULL,NULL,1,NULL,0,0,NULL),(222,501,20,1,NULL,NULL,1,NULL,0,0,NULL),(223,258,107,1,NULL,NULL,1,NULL,0,0,NULL),(224,501,107,1,NULL,NULL,1,NULL,0,0,NULL),(225,107,20,2,NULL,NULL,1,NULL,0,0,NULL),(226,501,258,3,NULL,NULL,1,NULL,0,0,NULL),(227,20,367,6,NULL,NULL,1,NULL,0,0,NULL),(228,107,367,7,NULL,NULL,1,NULL,0,0,NULL),(229,258,367,7,NULL,NULL,1,NULL,0,0,NULL),(230,501,367,7,NULL,NULL,1,NULL,0,0,NULL),(231,333,477,1,NULL,NULL,1,NULL,0,0,NULL),(232,202,477,1,NULL,NULL,1,NULL,0,0,NULL),(233,333,452,1,NULL,NULL,1,NULL,0,0,NULL),(234,202,452,1,NULL,NULL,1,NULL,0,0,NULL),(235,452,477,2,NULL,NULL,1,NULL,0,0,NULL),(236,202,333,3,NULL,NULL,1,NULL,0,0,NULL),(237,477,44,6,NULL,NULL,1,NULL,0,0,NULL),(238,452,44,7,NULL,NULL,1,NULL,0,0,NULL),(239,333,44,7,NULL,NULL,1,NULL,0,0,NULL),(240,202,44,7,NULL,NULL,1,NULL,0,0,NULL),(241,379,211,1,NULL,NULL,1,NULL,0,0,NULL),(242,435,211,1,NULL,NULL,1,NULL,0,0,NULL),(243,379,90,1,NULL,NULL,1,NULL,0,0,NULL),(244,435,90,1,NULL,NULL,1,NULL,0,0,NULL),(245,90,211,2,NULL,NULL,1,NULL,0,0,NULL),(246,435,379,3,NULL,NULL,1,NULL,0,0,NULL),(247,211,149,6,NULL,NULL,1,NULL,0,0,NULL),(248,90,149,7,NULL,NULL,1,NULL,0,0,NULL),(249,379,149,7,NULL,NULL,1,NULL,0,0,NULL),(250,435,149,7,NULL,NULL,1,NULL,0,0,NULL),(251,380,9,1,NULL,NULL,1,NULL,0,0,NULL),(252,355,9,1,NULL,NULL,1,NULL,0,0,NULL),(253,380,267,1,NULL,NULL,1,NULL,0,0,NULL),(254,355,267,1,NULL,NULL,1,NULL,0,0,NULL),(255,267,9,2,NULL,NULL,1,NULL,0,0,NULL),(256,355,380,3,NULL,NULL,1,NULL,0,0,NULL),(257,9,233,6,NULL,NULL,1,NULL,0,0,NULL),(258,267,233,7,NULL,NULL,1,NULL,0,0,NULL),(259,380,233,7,NULL,NULL,1,NULL,0,0,NULL),(260,355,233,7,NULL,NULL,1,NULL,0,0,NULL),(261,481,263,1,NULL,NULL,1,NULL,0,0,NULL),(262,76,263,1,NULL,NULL,1,NULL,0,0,NULL),(263,481,387,1,NULL,NULL,1,NULL,0,0,NULL),(264,76,387,1,NULL,NULL,1,NULL,0,0,NULL),(265,387,263,2,NULL,NULL,1,NULL,0,0,NULL),(266,76,481,3,NULL,NULL,1,NULL,0,0,NULL),(267,263,437,6,NULL,NULL,1,NULL,0,0,NULL),(268,387,437,7,NULL,NULL,1,NULL,0,0,NULL),(269,481,437,7,NULL,NULL,1,NULL,0,0,NULL),(270,76,437,7,NULL,NULL,1,NULL,0,0,NULL),(271,392,321,1,NULL,NULL,1,NULL,0,0,NULL),(272,403,321,1,NULL,NULL,1,NULL,0,0,NULL),(273,392,120,1,NULL,NULL,1,NULL,0,0,NULL),(274,403,120,1,NULL,NULL,1,NULL,0,0,NULL),(275,120,321,2,NULL,NULL,1,NULL,0,0,NULL),(276,403,392,3,NULL,NULL,1,NULL,0,0,NULL),(277,321,498,6,NULL,NULL,1,NULL,0,0,NULL),(278,120,498,7,NULL,NULL,1,NULL,0,0,NULL),(279,392,498,7,NULL,NULL,1,NULL,0,0,NULL),(280,403,498,7,NULL,NULL,1,NULL,0,0,NULL),(281,45,314,1,NULL,NULL,1,NULL,0,0,NULL),(282,292,314,1,NULL,NULL,1,NULL,0,0,NULL),(283,45,496,1,NULL,NULL,1,NULL,0,0,NULL),(284,292,496,1,NULL,NULL,1,NULL,0,0,NULL),(285,496,314,2,NULL,NULL,1,NULL,0,0,NULL),(286,292,45,3,NULL,NULL,1,NULL,0,0,NULL),(287,314,439,6,NULL,NULL,1,NULL,0,0,NULL),(288,496,439,7,NULL,NULL,1,NULL,0,0,NULL),(289,45,439,7,NULL,NULL,1,NULL,0,0,NULL),(290,292,439,7,NULL,NULL,1,NULL,0,0,NULL),(291,118,364,1,NULL,NULL,1,NULL,0,0,NULL),(292,307,364,1,NULL,NULL,1,NULL,0,0,NULL),(293,118,165,1,NULL,NULL,1,NULL,0,0,NULL),(294,307,165,1,NULL,NULL,1,NULL,0,0,NULL),(295,165,364,2,NULL,NULL,1,NULL,0,0,NULL),(296,307,118,3,NULL,NULL,1,NULL,0,0,NULL),(297,364,458,6,NULL,NULL,1,NULL,0,0,NULL),(298,165,458,7,NULL,NULL,1,NULL,0,0,NULL),(299,118,458,7,NULL,NULL,1,NULL,0,0,NULL),(300,307,458,7,NULL,NULL,1,NULL,0,0,NULL),(301,206,32,1,NULL,NULL,1,NULL,0,0,NULL),(302,214,32,1,NULL,NULL,1,NULL,0,0,NULL),(303,206,6,1,NULL,NULL,1,NULL,0,0,NULL),(304,214,6,1,NULL,NULL,1,NULL,0,0,NULL),(305,6,32,2,NULL,NULL,1,NULL,0,0,NULL),(306,214,206,3,NULL,NULL,1,NULL,0,0,NULL),(307,32,463,6,NULL,NULL,1,NULL,0,0,NULL),(308,6,463,7,NULL,NULL,1,NULL,0,0,NULL),(309,206,463,7,NULL,NULL,1,NULL,0,0,NULL),(310,214,463,7,NULL,NULL,1,NULL,0,0,NULL),(311,23,145,1,NULL,NULL,1,NULL,0,0,NULL),(312,256,145,1,NULL,NULL,1,NULL,0,0,NULL),(313,23,378,1,NULL,NULL,1,NULL,0,0,NULL),(314,256,378,1,NULL,NULL,1,NULL,0,0,NULL),(315,378,145,2,NULL,NULL,1,NULL,0,0,NULL),(316,256,23,3,NULL,NULL,1,NULL,0,0,NULL),(317,145,10,6,NULL,NULL,1,NULL,0,0,NULL),(318,378,10,7,NULL,NULL,1,NULL,0,0,NULL),(319,23,10,7,NULL,NULL,1,NULL,0,0,NULL),(320,256,10,7,NULL,NULL,1,NULL,0,0,NULL),(321,152,96,1,NULL,NULL,1,NULL,0,0,NULL),(322,167,96,1,NULL,NULL,1,NULL,0,0,NULL),(323,152,223,1,NULL,NULL,1,NULL,0,0,NULL),(324,167,223,1,NULL,NULL,1,NULL,0,0,NULL),(325,223,96,2,NULL,NULL,1,NULL,0,0,NULL),(326,167,152,3,NULL,NULL,1,NULL,0,0,NULL),(327,96,186,6,NULL,NULL,1,NULL,0,0,NULL),(328,223,186,7,NULL,NULL,1,NULL,0,0,NULL),(329,152,186,7,NULL,NULL,1,NULL,0,0,NULL),(330,167,186,7,NULL,NULL,1,NULL,0,0,NULL),(331,261,55,1,NULL,NULL,1,NULL,0,0,NULL),(332,391,55,1,NULL,NULL,1,NULL,0,0,NULL),(333,261,328,1,NULL,NULL,1,NULL,0,0,NULL),(334,391,328,1,NULL,NULL,1,NULL,0,0,NULL),(335,328,55,2,NULL,NULL,1,NULL,0,0,NULL),(336,391,261,3,NULL,NULL,1,NULL,0,0,NULL),(337,55,254,6,NULL,NULL,1,NULL,0,0,NULL),(338,328,254,7,NULL,NULL,1,NULL,0,0,NULL),(339,261,254,7,NULL,NULL,1,NULL,0,0,NULL),(340,391,254,7,NULL,NULL,1,NULL,0,0,NULL),(341,117,485,1,NULL,NULL,1,NULL,0,0,NULL),(342,244,485,1,NULL,NULL,1,NULL,0,0,NULL),(343,117,404,1,NULL,NULL,1,NULL,0,0,NULL),(344,244,404,1,NULL,NULL,1,NULL,0,0,NULL),(345,404,485,2,NULL,NULL,1,NULL,0,0,NULL),(346,244,117,3,NULL,NULL,1,NULL,0,0,NULL),(347,485,80,6,NULL,NULL,1,NULL,0,0,NULL),(348,404,80,7,NULL,NULL,1,NULL,0,0,NULL),(349,117,80,7,NULL,NULL,1,NULL,0,0,NULL),(350,244,80,7,NULL,NULL,1,NULL,0,0,NULL),(351,319,479,1,NULL,NULL,1,NULL,0,0,NULL),(352,170,479,1,NULL,NULL,1,NULL,0,0,NULL),(353,319,159,1,NULL,NULL,1,NULL,0,0,NULL),(354,170,159,1,NULL,NULL,1,NULL,0,0,NULL),(355,159,479,2,NULL,NULL,1,NULL,0,0,NULL),(356,170,319,3,NULL,NULL,1,NULL,0,0,NULL),(357,479,100,6,NULL,NULL,1,NULL,0,0,NULL),(358,159,100,7,NULL,NULL,1,NULL,0,0,NULL),(359,319,100,7,NULL,NULL,1,NULL,0,0,NULL),(360,170,100,7,NULL,NULL,1,NULL,0,0,NULL),(361,243,37,1,NULL,NULL,1,NULL,0,0,NULL),(362,434,37,1,NULL,NULL,1,NULL,0,0,NULL),(363,243,86,1,NULL,NULL,1,NULL,0,0,NULL),(364,434,86,1,NULL,NULL,1,NULL,0,0,NULL),(365,86,37,2,NULL,NULL,1,NULL,0,0,NULL),(366,434,243,3,NULL,NULL,1,NULL,0,0,NULL),(367,37,72,6,NULL,NULL,1,NULL,0,0,NULL),(368,86,72,7,NULL,NULL,1,NULL,0,0,NULL),(369,243,72,7,NULL,NULL,1,NULL,0,0,NULL),(370,434,72,7,NULL,NULL,1,NULL,0,0,NULL),(371,184,362,1,NULL,NULL,1,NULL,0,0,NULL),(372,342,362,1,NULL,NULL,1,NULL,0,0,NULL),(373,184,131,1,NULL,NULL,1,NULL,0,0,NULL),(374,342,131,1,NULL,NULL,1,NULL,0,0,NULL),(375,131,362,2,NULL,NULL,1,NULL,0,0,NULL),(376,342,184,3,NULL,NULL,1,NULL,0,0,NULL),(377,362,497,6,NULL,NULL,1,NULL,0,0,NULL),(378,131,497,7,NULL,NULL,1,NULL,0,0,NULL),(379,184,497,7,NULL,NULL,1,NULL,0,0,NULL),(380,342,497,7,NULL,NULL,1,NULL,0,0,NULL),(381,351,305,1,NULL,NULL,1,NULL,0,0,NULL),(382,185,305,1,NULL,NULL,1,NULL,0,0,NULL),(383,351,322,1,NULL,NULL,1,NULL,0,0,NULL),(384,185,322,1,NULL,NULL,1,NULL,0,0,NULL),(385,322,305,2,NULL,NULL,1,NULL,0,0,NULL),(386,185,351,3,NULL,NULL,1,NULL,0,0,NULL),(387,305,470,6,NULL,NULL,1,NULL,0,0,NULL),(388,322,470,7,NULL,NULL,1,NULL,0,0,NULL),(389,351,470,7,NULL,NULL,1,NULL,0,0,NULL),(390,185,470,7,NULL,NULL,1,NULL,0,0,NULL),(391,46,297,1,NULL,NULL,1,NULL,0,0,NULL),(392,157,297,1,NULL,NULL,1,NULL,0,0,NULL),(393,46,448,1,NULL,NULL,1,NULL,0,0,NULL),(394,157,448,1,NULL,NULL,1,NULL,0,0,NULL),(395,448,297,2,NULL,NULL,1,NULL,0,0,NULL),(396,157,46,3,NULL,NULL,1,NULL,0,0,NULL),(397,297,17,6,NULL,NULL,1,NULL,0,0,NULL),(398,448,17,7,NULL,NULL,1,NULL,0,0,NULL),(399,46,17,7,NULL,NULL,1,NULL,0,0,NULL),(400,157,17,7,NULL,NULL,1,NULL,0,0,NULL),(401,137,139,1,NULL,NULL,1,NULL,0,0,NULL),(402,247,139,1,NULL,NULL,1,NULL,0,0,NULL),(403,137,222,1,NULL,NULL,1,NULL,0,0,NULL),(404,247,222,1,NULL,NULL,1,NULL,0,0,NULL),(405,222,139,2,NULL,NULL,1,NULL,0,0,NULL),(406,247,137,3,NULL,NULL,1,NULL,0,0,NULL),(407,139,234,6,NULL,NULL,1,NULL,0,0,NULL),(408,222,234,7,NULL,NULL,1,NULL,0,0,NULL),(409,137,234,7,NULL,NULL,1,NULL,0,0,NULL),(410,247,234,7,NULL,NULL,1,NULL,0,0,NULL),(411,228,489,1,NULL,NULL,1,NULL,0,0,NULL),(412,469,489,1,NULL,NULL,1,NULL,0,0,NULL),(413,228,208,1,NULL,NULL,1,NULL,0,0,NULL),(414,469,208,1,NULL,NULL,1,NULL,0,0,NULL),(415,208,489,2,NULL,NULL,1,NULL,0,0,NULL),(416,469,228,3,NULL,NULL,1,NULL,0,0,NULL),(417,489,59,6,NULL,NULL,1,NULL,0,0,NULL),(418,208,59,7,NULL,NULL,1,NULL,0,0,NULL),(419,228,59,7,NULL,NULL,1,NULL,0,0,NULL),(420,469,59,7,NULL,NULL,1,NULL,0,0,NULL),(421,188,268,1,NULL,NULL,1,NULL,0,0,NULL),(422,363,268,1,NULL,NULL,1,NULL,0,0,NULL),(423,188,201,1,NULL,NULL,1,NULL,0,0,NULL),(424,363,201,1,NULL,NULL,1,NULL,0,0,NULL),(425,201,268,2,NULL,NULL,1,NULL,0,0,NULL),(426,363,188,3,NULL,NULL,1,NULL,0,0,NULL),(427,268,338,6,NULL,NULL,1,NULL,0,0,NULL),(428,201,338,7,NULL,NULL,1,NULL,0,0,NULL),(429,188,338,7,NULL,NULL,1,NULL,0,0,NULL),(430,363,338,7,NULL,NULL,1,NULL,0,0,NULL),(431,464,286,1,NULL,NULL,1,NULL,0,0,NULL),(432,423,286,1,NULL,NULL,1,NULL,0,0,NULL),(433,464,54,1,NULL,NULL,1,NULL,0,0,NULL),(434,423,54,1,NULL,NULL,1,NULL,0,0,NULL),(435,54,286,2,NULL,NULL,1,NULL,0,0,NULL),(436,423,464,3,NULL,NULL,1,NULL,0,0,NULL),(437,286,177,6,NULL,NULL,1,NULL,0,0,NULL),(438,54,177,7,NULL,NULL,1,NULL,0,0,NULL),(439,464,177,7,NULL,NULL,1,NULL,0,0,NULL),(440,423,177,7,NULL,NULL,1,NULL,0,0,NULL),(441,129,176,1,NULL,NULL,1,NULL,0,0,NULL),(442,462,176,1,NULL,NULL,1,NULL,0,0,NULL),(443,129,51,1,NULL,NULL,1,NULL,0,0,NULL),(444,462,51,1,NULL,NULL,1,NULL,0,0,NULL),(445,51,176,2,NULL,NULL,1,NULL,0,0,NULL),(446,462,129,3,NULL,NULL,1,NULL,0,0,NULL),(447,176,447,6,NULL,NULL,1,NULL,0,0,NULL),(448,51,447,7,NULL,NULL,1,NULL,0,0,NULL),(449,129,447,7,NULL,NULL,1,NULL,0,0,NULL),(450,462,447,7,NULL,NULL,1,NULL,0,0,NULL),(451,377,70,1,NULL,NULL,1,NULL,0,0,NULL),(452,436,70,1,NULL,NULL,1,NULL,0,0,NULL),(453,377,5,1,NULL,NULL,1,NULL,0,0,NULL),(454,436,5,1,NULL,NULL,1,NULL,0,0,NULL),(455,5,70,2,NULL,NULL,1,NULL,0,0,NULL),(456,436,377,3,NULL,NULL,1,NULL,0,0,NULL),(457,70,280,6,NULL,NULL,1,NULL,0,0,NULL),(458,5,280,7,NULL,NULL,1,NULL,0,0,NULL),(459,377,280,7,NULL,NULL,1,NULL,0,0,NULL),(460,436,280,7,NULL,NULL,1,NULL,0,0,NULL),(461,160,50,1,NULL,NULL,1,NULL,0,0,NULL),(462,250,50,1,NULL,NULL,1,NULL,0,0,NULL),(463,160,8,1,NULL,NULL,1,NULL,0,0,NULL),(464,250,8,1,NULL,NULL,1,NULL,0,0,NULL),(465,8,50,2,NULL,NULL,1,NULL,0,0,NULL),(466,250,160,3,NULL,NULL,1,NULL,0,0,NULL),(467,50,215,6,NULL,NULL,1,NULL,0,0,NULL),(468,8,215,7,NULL,NULL,1,NULL,0,0,NULL),(469,160,215,7,NULL,NULL,1,NULL,0,0,NULL),(470,250,215,7,NULL,NULL,1,NULL,0,0,NULL),(471,493,182,1,NULL,NULL,1,NULL,0,0,NULL),(472,284,182,1,NULL,NULL,1,NULL,0,0,NULL),(473,493,427,1,NULL,NULL,1,NULL,0,0,NULL),(474,284,427,1,NULL,NULL,1,NULL,0,0,NULL),(475,427,182,2,NULL,NULL,1,NULL,0,0,NULL),(476,284,493,3,NULL,NULL,1,NULL,0,0,NULL),(477,182,248,6,NULL,NULL,1,NULL,0,0,NULL),(478,427,248,7,NULL,NULL,1,NULL,0,0,NULL),(479,493,248,7,NULL,NULL,1,NULL,0,0,NULL),(480,284,248,7,NULL,NULL,1,NULL,0,0,NULL),(481,337,213,1,NULL,NULL,1,NULL,0,0,NULL),(482,483,213,1,NULL,NULL,1,NULL,0,0,NULL),(483,337,193,1,NULL,NULL,1,NULL,0,0,NULL),(484,483,193,1,NULL,NULL,1,NULL,0,0,NULL),(485,193,213,2,NULL,NULL,1,NULL,0,0,NULL),(486,483,337,3,NULL,NULL,1,NULL,0,0,NULL),(487,213,65,6,NULL,NULL,1,NULL,0,0,NULL),(488,193,65,7,NULL,NULL,1,NULL,0,0,NULL),(489,337,65,7,NULL,NULL,1,NULL,0,0,NULL),(490,483,65,7,NULL,NULL,1,NULL,0,0,NULL),(491,354,269,1,NULL,NULL,1,NULL,0,0,NULL),(492,376,269,1,NULL,NULL,1,NULL,0,0,NULL),(493,354,35,1,NULL,NULL,1,NULL,0,0,NULL),(494,376,35,1,NULL,NULL,1,NULL,0,0,NULL),(495,35,269,2,NULL,NULL,1,NULL,0,0,NULL),(496,376,354,3,NULL,NULL,1,NULL,0,0,NULL),(497,269,381,6,NULL,NULL,1,NULL,0,0,NULL),(498,35,381,7,NULL,NULL,1,NULL,0,0,NULL),(499,354,381,7,NULL,NULL,1,NULL,0,0,NULL),(500,376,381,7,NULL,NULL,1,NULL,0,0,NULL),(501,203,71,1,NULL,NULL,1,NULL,0,0,NULL),(502,200,71,1,NULL,NULL,1,NULL,0,0,NULL),(503,203,153,1,NULL,NULL,1,NULL,0,0,NULL),(504,200,153,1,NULL,NULL,1,NULL,0,0,NULL),(505,153,71,2,NULL,NULL,1,NULL,0,0,NULL),(506,200,203,3,NULL,NULL,1,NULL,0,0,NULL),(507,71,277,6,NULL,NULL,1,NULL,0,0,NULL),(508,153,277,7,NULL,NULL,1,NULL,0,0,NULL),(509,203,277,7,NULL,NULL,1,NULL,0,0,NULL),(510,200,277,7,NULL,NULL,1,NULL,0,0,NULL),(511,412,147,1,NULL,NULL,1,NULL,0,0,NULL),(512,386,147,1,NULL,NULL,1,NULL,0,0,NULL),(513,412,227,1,NULL,NULL,1,NULL,0,0,NULL),(514,386,227,1,NULL,NULL,1,NULL,0,0,NULL),(515,227,147,2,NULL,NULL,1,NULL,0,0,NULL),(516,386,412,3,NULL,NULL,1,NULL,0,0,NULL),(517,147,482,6,NULL,NULL,1,NULL,0,0,NULL),(518,227,482,7,NULL,NULL,1,NULL,0,0,NULL),(519,412,482,7,NULL,NULL,1,NULL,0,0,NULL),(520,386,482,7,NULL,NULL,1,NULL,0,0,NULL),(521,490,291,1,NULL,NULL,1,NULL,0,0,NULL),(522,219,291,1,NULL,NULL,1,NULL,0,0,NULL),(523,490,494,1,NULL,NULL,1,NULL,0,0,NULL),(524,219,494,1,NULL,NULL,1,NULL,0,0,NULL),(525,494,291,2,NULL,NULL,1,NULL,0,0,NULL),(526,219,490,3,NULL,NULL,1,NULL,0,0,NULL),(527,291,47,6,NULL,NULL,1,NULL,0,0,NULL),(528,494,47,7,NULL,NULL,1,NULL,0,0,NULL),(529,490,47,7,NULL,NULL,1,NULL,0,0,NULL),(530,219,47,7,NULL,NULL,1,NULL,0,0,NULL),(531,265,239,1,NULL,NULL,1,NULL,0,0,NULL),(532,451,239,1,NULL,NULL,1,NULL,0,0,NULL),(533,265,128,1,NULL,NULL,1,NULL,0,0,NULL),(534,451,128,1,NULL,NULL,1,NULL,0,0,NULL),(535,128,239,2,NULL,NULL,1,NULL,0,0,NULL),(536,451,265,3,NULL,NULL,1,NULL,0,0,NULL),(537,239,472,6,NULL,NULL,1,NULL,0,0,NULL),(538,128,472,7,NULL,NULL,1,NULL,0,0,NULL),(539,265,472,7,NULL,NULL,1,NULL,0,0,NULL),(540,451,472,7,NULL,NULL,1,NULL,0,0,NULL),(541,252,433,1,NULL,NULL,1,NULL,0,0,NULL),(542,262,433,1,NULL,NULL,1,NULL,0,0,NULL),(543,252,350,1,NULL,NULL,1,NULL,0,0,NULL),(544,262,350,1,NULL,NULL,1,NULL,0,0,NULL),(545,350,433,2,NULL,NULL,1,NULL,0,0,NULL),(546,262,252,3,NULL,NULL,1,NULL,0,0,NULL),(547,433,62,6,NULL,NULL,1,NULL,0,0,NULL),(548,350,62,7,NULL,NULL,1,NULL,0,0,NULL),(549,252,62,7,NULL,NULL,1,NULL,0,0,NULL),(550,262,62,7,NULL,NULL,1,NULL,0,0,NULL),(551,445,361,1,NULL,NULL,1,NULL,0,0,NULL),(552,289,361,1,NULL,NULL,1,NULL,0,0,NULL),(553,445,389,1,NULL,NULL,1,NULL,0,0,NULL),(554,289,389,1,NULL,NULL,1,NULL,0,0,NULL),(555,389,361,2,NULL,NULL,1,NULL,0,0,NULL),(556,289,445,3,NULL,NULL,1,NULL,0,0,NULL),(557,361,75,6,NULL,NULL,1,NULL,0,0,NULL),(558,389,75,7,NULL,NULL,1,NULL,0,0,NULL),(559,445,75,7,NULL,NULL,1,NULL,0,0,NULL),(560,289,75,7,NULL,NULL,1,NULL,0,0,NULL),(561,84,220,1,NULL,NULL,1,NULL,0,0,NULL),(562,253,220,1,NULL,NULL,1,NULL,0,0,NULL),(563,84,218,1,NULL,NULL,1,NULL,0,0,NULL),(564,253,218,1,NULL,NULL,1,NULL,0,0,NULL),(565,218,220,2,NULL,NULL,1,NULL,0,0,NULL),(566,253,84,3,NULL,NULL,1,NULL,0,0,NULL),(567,220,294,6,NULL,NULL,1,NULL,0,0,NULL),(568,218,294,7,NULL,NULL,1,NULL,0,0,NULL),(569,84,294,7,NULL,NULL,1,NULL,0,0,NULL),(570,253,294,7,NULL,NULL,1,NULL,0,0,NULL),(571,132,438,1,NULL,NULL,1,NULL,0,0,NULL),(572,369,438,1,NULL,NULL,1,NULL,0,0,NULL),(573,132,4,1,NULL,NULL,1,NULL,0,0,NULL),(574,369,4,1,NULL,NULL,1,NULL,0,0,NULL),(575,4,438,2,NULL,NULL,1,NULL,0,0,NULL),(576,369,132,3,NULL,NULL,1,NULL,0,0,NULL),(577,438,271,6,NULL,NULL,1,NULL,0,0,NULL),(578,4,271,7,NULL,NULL,1,NULL,0,0,NULL),(579,132,271,7,NULL,NULL,1,NULL,0,0,NULL),(580,369,271,7,NULL,NULL,1,NULL,0,0,NULL),(581,347,408,1,NULL,NULL,1,NULL,0,0,NULL),(582,238,408,1,NULL,NULL,1,NULL,0,0,NULL),(583,347,287,1,NULL,NULL,1,NULL,0,0,NULL),(584,238,287,1,NULL,NULL,1,NULL,0,0,NULL),(585,287,408,2,NULL,NULL,1,NULL,0,0,NULL),(586,238,347,3,NULL,NULL,1,NULL,0,0,NULL),(587,408,500,6,NULL,NULL,1,NULL,0,0,NULL),(588,287,500,7,NULL,NULL,1,NULL,0,0,NULL),(589,347,500,7,NULL,NULL,1,NULL,0,0,NULL),(590,238,500,7,NULL,NULL,1,NULL,0,0,NULL),(591,340,274,1,NULL,NULL,1,NULL,0,0,NULL),(592,56,274,1,NULL,NULL,1,NULL,0,0,NULL),(593,340,270,1,NULL,NULL,1,NULL,0,0,NULL),(594,56,270,1,NULL,NULL,1,NULL,0,0,NULL),(595,270,274,2,NULL,NULL,1,NULL,0,0,NULL),(596,56,340,3,NULL,NULL,1,NULL,0,0,NULL),(597,274,384,6,NULL,NULL,1,NULL,0,0,NULL),(598,270,384,7,NULL,NULL,1,NULL,0,0,NULL),(599,340,384,7,NULL,NULL,1,NULL,0,0,NULL),(600,56,384,7,NULL,NULL,1,NULL,0,0,NULL),(601,457,212,1,NULL,NULL,1,NULL,0,0,NULL),(602,187,212,1,NULL,NULL,1,NULL,0,0,NULL),(603,457,12,1,NULL,NULL,1,NULL,0,0,NULL),(604,187,12,1,NULL,NULL,1,NULL,0,0,NULL),(605,12,212,2,NULL,NULL,1,NULL,0,0,NULL),(606,187,457,3,NULL,NULL,1,NULL,0,0,NULL),(607,212,390,6,NULL,NULL,1,NULL,0,0,NULL),(608,12,390,7,NULL,NULL,1,NULL,0,0,NULL),(609,457,390,7,NULL,NULL,1,NULL,0,0,NULL),(610,187,390,7,NULL,NULL,1,NULL,0,0,NULL),(611,356,33,1,NULL,NULL,1,NULL,0,0,NULL),(612,449,33,1,NULL,NULL,1,NULL,0,0,NULL),(613,356,183,1,NULL,NULL,1,NULL,0,0,NULL),(614,449,183,1,NULL,NULL,1,NULL,0,0,NULL),(615,183,33,2,NULL,NULL,1,NULL,0,0,NULL),(616,449,356,3,NULL,NULL,1,NULL,0,0,NULL),(617,33,476,6,NULL,NULL,1,NULL,0,0,NULL),(618,183,476,7,NULL,NULL,1,NULL,0,0,NULL),(619,356,476,7,NULL,NULL,1,NULL,0,0,NULL),(620,449,476,7,NULL,NULL,1,NULL,0,0,NULL),(621,499,282,1,NULL,NULL,1,NULL,0,0,NULL),(622,169,282,1,NULL,NULL,1,NULL,0,0,NULL),(623,499,154,1,NULL,NULL,1,NULL,0,0,NULL),(624,169,154,1,NULL,NULL,1,NULL,0,0,NULL),(625,154,282,2,NULL,NULL,1,NULL,0,0,NULL),(626,169,499,3,NULL,NULL,1,NULL,0,0,NULL),(627,282,365,6,NULL,NULL,1,NULL,0,0,NULL),(628,154,365,7,NULL,NULL,1,NULL,0,0,NULL),(629,499,365,7,NULL,NULL,1,NULL,0,0,NULL),(630,169,365,7,NULL,NULL,1,NULL,0,0,NULL),(631,229,216,1,NULL,NULL,1,NULL,0,0,NULL),(632,487,216,1,NULL,NULL,1,NULL,0,0,NULL),(633,229,411,1,NULL,NULL,1,NULL,0,0,NULL),(634,487,411,1,NULL,NULL,1,NULL,0,0,NULL),(635,411,216,2,NULL,NULL,1,NULL,0,0,NULL),(636,487,229,3,NULL,NULL,1,NULL,0,0,NULL),(637,216,95,6,NULL,NULL,1,NULL,0,0,NULL),(638,411,95,7,NULL,NULL,1,NULL,0,0,NULL),(639,229,95,7,NULL,NULL,1,NULL,0,0,NULL),(640,487,95,7,NULL,NULL,1,NULL,0,0,NULL),(641,136,283,1,NULL,NULL,1,NULL,0,0,NULL),(642,112,283,1,NULL,NULL,1,NULL,0,0,NULL),(643,136,346,1,NULL,NULL,1,NULL,0,0,NULL),(644,112,346,1,NULL,NULL,1,NULL,0,0,NULL),(645,346,283,2,NULL,NULL,1,NULL,0,0,NULL),(646,112,136,3,NULL,NULL,1,NULL,0,0,NULL),(647,283,197,6,NULL,NULL,1,NULL,0,0,NULL),(648,346,197,7,NULL,NULL,1,NULL,0,0,NULL),(649,136,197,7,NULL,NULL,1,NULL,0,0,NULL),(650,112,197,7,NULL,NULL,1,NULL,0,0,NULL),(651,460,331,1,NULL,NULL,1,NULL,0,0,NULL),(652,92,331,1,NULL,NULL,1,NULL,0,0,NULL),(653,460,171,1,NULL,NULL,1,NULL,0,0,NULL),(654,92,171,1,NULL,NULL,1,NULL,0,0,NULL),(655,171,331,2,NULL,NULL,1,NULL,0,0,NULL),(656,92,460,3,NULL,NULL,1,NULL,0,0,NULL),(657,331,415,6,NULL,NULL,1,NULL,0,0,NULL),(658,171,415,7,NULL,NULL,1,NULL,0,0,NULL),(659,460,415,7,NULL,NULL,1,NULL,0,0,NULL),(660,92,415,7,NULL,NULL,1,NULL,0,0,NULL),(661,163,18,1,NULL,NULL,1,NULL,0,0,NULL),(662,242,18,1,NULL,NULL,1,NULL,0,0,NULL),(663,163,173,1,NULL,NULL,1,NULL,0,0,NULL),(664,242,173,1,NULL,NULL,1,NULL,0,0,NULL),(665,173,18,2,NULL,NULL,1,NULL,0,0,NULL),(666,242,163,3,NULL,NULL,1,NULL,0,0,NULL),(667,18,191,6,NULL,NULL,1,NULL,0,0,NULL),(668,173,191,7,NULL,NULL,1,NULL,0,0,NULL),(669,163,191,7,NULL,NULL,1,NULL,0,0,NULL),(670,242,191,7,NULL,NULL,1,NULL,0,0,NULL),(671,113,68,1,NULL,NULL,1,NULL,0,0,NULL),(672,30,68,1,NULL,NULL,1,NULL,0,0,NULL),(673,113,89,1,NULL,NULL,1,NULL,0,0,NULL),(674,30,89,1,NULL,NULL,1,NULL,0,0,NULL),(675,89,68,2,NULL,NULL,1,NULL,0,0,NULL),(676,30,113,3,NULL,NULL,1,NULL,0,0,NULL),(677,68,61,6,NULL,NULL,1,NULL,0,0,NULL),(678,89,61,7,NULL,NULL,1,NULL,0,0,NULL),(679,113,61,7,NULL,NULL,1,NULL,0,0,NULL),(680,30,61,7,NULL,NULL,1,NULL,0,0,NULL),(681,69,327,1,NULL,NULL,1,NULL,0,0,NULL),(682,226,327,1,NULL,NULL,1,NULL,0,0,NULL),(683,69,101,1,NULL,NULL,1,NULL,0,0,NULL),(684,226,101,1,NULL,NULL,1,NULL,0,0,NULL),(685,101,327,2,NULL,NULL,1,NULL,0,0,NULL),(686,226,69,3,NULL,NULL,1,NULL,0,0,NULL),(687,327,310,6,NULL,NULL,1,NULL,0,0,NULL),(688,101,310,7,NULL,NULL,1,NULL,0,0,NULL),(689,69,310,7,NULL,NULL,1,NULL,0,0,NULL),(690,226,310,7,NULL,NULL,1,NULL,0,0,NULL),(691,443,424,1,NULL,NULL,1,NULL,0,0,NULL),(692,127,424,1,NULL,NULL,1,NULL,0,0,NULL),(693,443,326,1,NULL,NULL,1,NULL,0,0,NULL),(694,127,326,1,NULL,NULL,1,NULL,0,0,NULL),(695,326,424,2,NULL,NULL,1,NULL,0,0,NULL),(696,127,443,3,NULL,NULL,1,NULL,0,0,NULL),(697,424,302,6,NULL,NULL,1,NULL,0,0,NULL),(698,326,302,7,NULL,NULL,1,NULL,0,0,NULL),(699,443,302,7,NULL,NULL,1,NULL,0,0,NULL),(700,127,302,7,NULL,NULL,1,NULL,0,0,NULL),(701,456,293,1,NULL,NULL,1,NULL,0,0,NULL),(702,272,293,1,NULL,NULL,1,NULL,0,0,NULL),(703,456,245,1,NULL,NULL,1,NULL,0,0,NULL),(704,272,245,1,NULL,NULL,1,NULL,0,0,NULL),(705,245,293,2,NULL,NULL,1,NULL,0,0,NULL),(706,272,456,3,NULL,NULL,1,NULL,0,0,NULL),(707,293,105,6,NULL,NULL,1,NULL,0,0,NULL),(708,245,105,7,NULL,NULL,1,NULL,0,0,NULL),(709,456,105,7,NULL,NULL,1,NULL,0,0,NULL),(710,272,105,7,NULL,NULL,1,NULL,0,0,NULL),(711,181,142,1,NULL,NULL,1,NULL,0,0,NULL),(712,398,142,1,NULL,NULL,1,NULL,0,0,NULL),(713,181,156,1,NULL,NULL,1,NULL,0,0,NULL),(714,398,156,1,NULL,NULL,1,NULL,0,0,NULL),(715,156,142,2,NULL,NULL,1,NULL,0,0,NULL),(716,398,181,3,NULL,NULL,1,NULL,0,0,NULL),(717,142,64,6,NULL,NULL,1,NULL,0,0,NULL),(718,156,64,7,NULL,NULL,1,NULL,0,0,NULL),(719,181,64,7,NULL,NULL,1,NULL,0,0,NULL),(720,398,64,7,NULL,NULL,1,NULL,0,0,NULL),(721,57,103,1,NULL,NULL,1,NULL,0,0,NULL),(722,264,103,1,NULL,NULL,1,NULL,0,0,NULL),(723,57,330,1,NULL,NULL,1,NULL,0,0,NULL),(724,264,330,1,NULL,NULL,1,NULL,0,0,NULL),(725,330,103,2,NULL,NULL,1,NULL,0,0,NULL),(726,264,57,3,NULL,NULL,1,NULL,0,0,NULL),(727,103,401,6,NULL,NULL,1,NULL,0,0,NULL),(728,330,401,7,NULL,NULL,1,NULL,0,0,NULL),(729,57,401,7,NULL,NULL,1,NULL,0,0,NULL),(730,264,401,7,NULL,NULL,1,NULL,0,0,NULL),(731,296,168,1,NULL,NULL,1,NULL,0,0,NULL),(732,130,168,1,NULL,NULL,1,NULL,0,0,NULL),(733,296,251,1,NULL,NULL,1,NULL,0,0,NULL),(734,130,251,1,NULL,NULL,1,NULL,0,0,NULL),(735,251,168,2,NULL,NULL,1,NULL,0,0,NULL),(736,130,296,3,NULL,NULL,1,NULL,0,0,NULL),(737,168,66,6,NULL,NULL,1,NULL,0,0,NULL),(738,251,66,7,NULL,NULL,1,NULL,0,0,NULL),(739,296,66,7,NULL,NULL,1,NULL,0,0,NULL),(740,130,66,7,NULL,NULL,1,NULL,0,0,NULL),(741,144,473,1,NULL,NULL,1,NULL,0,0,NULL),(742,478,473,1,NULL,NULL,1,NULL,0,0,NULL),(743,144,83,1,NULL,NULL,1,NULL,0,0,NULL),(744,478,83,1,NULL,NULL,1,NULL,0,0,NULL),(745,83,473,2,NULL,NULL,1,NULL,0,0,NULL),(746,478,144,3,NULL,NULL,1,NULL,0,0,NULL),(747,473,413,6,NULL,NULL,1,NULL,0,0,NULL),(748,83,413,7,NULL,NULL,1,NULL,0,0,NULL),(749,144,413,7,NULL,NULL,1,NULL,0,0,NULL),(750,478,413,7,NULL,NULL,1,NULL,0,0,NULL);
/*!40000 ALTER TABLE `civicrm_relationship` ENABLE KEYS */;
UNLOCK TABLES;

--
-- Dumping data for table `civicrm_relationship_type`
--

LOCK TABLES `civicrm_relationship_type` WRITE;
/*!40000 ALTER TABLE `civicrm_relationship_type` DISABLE KEYS */;
INSERT INTO `civicrm_relationship_type` (`id`, `name_a_b`, `name_b_a`, `description`, `contact_type_a`, `contact_type_b`, `is_reserved`, `is_active`) VALUES (1,'Child of','Parent of','Parent/child relationship.','Individual','Individual',0,1),(2,'Spouse of','Spouse of','Spousal relationship.','Individual','Individual',0,1),(3,'Sibling of','Sibling of','Sibling relationship.','Individual','Individual',0,1),(4,'Employee of','Employer of','Employment relationship.','Individual','Organization',1,1),(5,'Volunteer for','Volunteer is','Volunteer relationship.','Individual','Organization',0,1),(6,'Head of Household for','Head of Household is','Head of household.','Individual','Household',1,1),(7,'Household Member of','Household Member is','Household membership.','Individual','Household',1,1),(8,'Case Coordinator is','Case Coordinator','Case Coordinator','Individual','Individual',0,1),(9,'Supervised by','Supervisor','Immediate workplace supervisor','Individual','Individual',0,1);
/*!40000 ALTER TABLE `civicrm_relationship_type` ENABLE KEYS */;
UNLOCK TABLES;

--
-- Dumping data for table `civicrm_report_instance`
--

LOCK TABLES `civicrm_report_instance` WRITE;
/*!40000 ALTER TABLE `civicrm_report_instance` DISABLE KEYS */;
/*!40000 ALTER TABLE `civicrm_report_instance` ENABLE KEYS */;
UNLOCK TABLES;

--
-- Dumping data for table `civicrm_saved_search`
--

LOCK TABLES `civicrm_saved_search` WRITE;
/*!40000 ALTER TABLE `civicrm_saved_search` DISABLE KEYS */;
/*!40000 ALTER TABLE `civicrm_saved_search` ENABLE KEYS */;
UNLOCK TABLES;

--
-- Dumping data for table `civicrm_state_province`
--

LOCK TABLES `civicrm_state_province` WRITE;
/*!40000 ALTER TABLE `civicrm_state_province` DISABLE KEYS */;
INSERT INTO `civicrm_state_province` (`id`, `name`, `abbreviation`, `country_id`) VALUES (1000,'Alabama','AL',1228),(1001,'Alaska','AK',1228),(1002,'Arizona','AZ',1228),(1003,'Arkansas','AR',1228),(1004,'California','CA',1228),(1005,'Colorado','CO',1228),(1006,'Connecticut','CT',1228),(1007,'Delaware','DE',1228),(1008,'Florida','FL',1228),(1009,'Georgia','GA',1228),(1010,'Hawaii','HI',1228),(1011,'Idaho','ID',1228),(1012,'Illinois','IL',1228),(1013,'Indiana','IN',1228),(1014,'Iowa','IA',1228),(1015,'Kansas','KS',1228),(1016,'Kentucky','KY',1228),(1017,'Louisiana','LA',1228),(1018,'Maine','ME',1228),(1019,'Maryland','MD',1228),(1020,'Massachusetts','MA',1228),(1021,'Michigan','MI',1228),(1022,'Minnesota','MN',1228),(1023,'Mississippi','MS',1228),(1024,'Missouri','MO',1228),(1025,'Montana','MT',1228),(1026,'Nebraska','NE',1228),(1027,'Nevada','NV',1228),(1028,'New Hampshire','NH',1228),(1029,'New Jersey','NJ',1228),(1030,'New Mexico','NM',1228),(1031,'New York','NY',1228),(1032,'North Carolina','NC',1228),(1033,'North Dakota','ND',1228),(1034,'Ohio','OH',1228),(1035,'Oklahoma','OK',1228),(1036,'Oregon','OR',1228),(1037,'Pennsylvania','PA',1228),(1038,'Rhode Island','RI',1228),(1039,'South Carolina','SC',1228),(1040,'South Dakota','SD',1228),(1041,'Tennessee','TN',1228),(1042,'Texas','TX',1228),(1043,'Utah','UT',1228),(1044,'Vermont','VT',1228),(1045,'Virginia','VA',1228),(1046,'Washington','WA',1228),(1047,'West Virginia','WV',1228),(1048,'Wisconsin','WI',1228),(1049,'Wyoming','WY',1228),(1050,'District of Columbia','DC',1228),(1052,'American Samoa','AS',1228),(1053,'Guam','GU',1228),(1055,'Northern Mariana Islands','MP',1228),(1056,'Puerto Rico','PR',1228),(1057,'Virgin Islands','VI',1228),(1058,'United States Minor Outlying Islands','UM',1228),(1059,'Armed Forces Europe','AE',1228),(1060,'Armed Forces Americas','AA',1228),(1061,'Armed Forces Pacific','AP',1228),(1100,'Alberta','AB',1039),(1101,'British Columbia','BC',1039),(1102,'Manitoba','MB',1039),(1103,'New Brunswick','NB',1039),(1104,'Newfoundland and Labrador','NL',1039),(1105,'Northwest Territories','NT',1039),(1106,'Nova Scotia','NS',1039),(1107,'Nunavut','NU',1039),(1108,'Ontario','ON',1039),(1109,'Prince Edward Island','PE',1039),(1110,'Quebec','QC',1039),(1111,'Saskatchewan','SK',1039),(1112,'Yukon Territory','YT',1039),(1200,'Maharashtra','MM',1101),(1201,'Karnataka','KA',1101),(1202,'Andhra Pradesh','AP',1101),(1203,'Arunachal Pradesh','AR',1101),(1204,'Assam','AS',1101),(1205,'Bihar','BR',1101),(1206,'Chhattisgarh','CH',1101),(1207,'Goa','GA',1101),(1208,'Gujarat','GJ',1101),(1209,'Haryana','HR',1101),(1210,'Himachal Pradesh','HP',1101),(1211,'Jammu and Kashmir','JK',1101),(1212,'Jharkhand','JH',1101),(1213,'Kerala','KL',1101),(1214,'Madhya Pradesh','MP',1101),(1215,'Manipur','MN',1101),(1216,'Meghalaya','ML',1101),(1217,'Mizoram','MZ',1101),(1218,'Nagaland','NL',1101),(1219,'Orissa','OR',1101),(1220,'Punjab','PB',1101),(1221,'Rajasthan','RJ',1101),(1222,'Sikkim','SK',1101),(1223,'Tamil Nadu','TN',1101),(1224,'Tripura','TR',1101),(1225,'Uttaranchal','UL',1101),(1226,'Uttar Pradesh','UP',1101),(1227,'West Bengal','WB',1101),(1228,'Andaman and Nicobar Islands','AN',1101),(1229,'Dadra and Nagar Haveli','DN',1101),(1230,'Daman and Diu','DD',1101),(1231,'Delhi','DL',1101),(1232,'Lakshadweep','LD',1101),(1233,'Pondicherry','PY',1101),(1300,'mazowieckie','MZ',1172),(1301,'pomorskie','PM',1172),(1302,'dolnolskie','DS',1172),(1303,'kujawsko-pomorskie','KP',1172),(1304,'lubelskie','LU',1172),(1305,'lubuskie','LB',1172),(1306,'dzkie','LD',1172),(1307,'maopolskie','MA',1172),(1308,'opolskie','OP',1172),(1309,'podkarpackie','PK',1172),(1310,'podlaskie','PD',1172),(1311,'lskie','SL',1172),(1312,'witokrzyskie','SK',1172),(1313,'warmisko-mazurskie','WN',1172),(1314,'wielkopolskie','WP',1172),(1315,'zachodniopomorskie','ZP',1172),(1500,'Abu Zaby','AZ',1225),(1501,'\'Ajman','AJ',1225),(1502,'Al Fujayrah','FU',1225),(1503,'Ash Shariqah','SH',1225),(1504,'Dubayy','DU',1225),(1505,'Ra\'s al Khaymah','RK',1225),(1506,'Dac Lac','33',1233),(1507,'Umm al Qaywayn','UQ',1225),(1508,'Badakhshan','BDS',1001),(1509,'Badghis','BDG',1001),(1510,'Baghlan','BGL',1001),(1511,'Balkh','BAL',1001),(1512,'Bamian','BAM',1001),(1513,'Farah','FRA',1001),(1514,'Faryab','FYB',1001),(1515,'Ghazni','GHA',1001),(1516,'Ghowr','GHO',1001),(1517,'Helmand','HEL',1001),(1518,'Herat','HER',1001),(1519,'Jowzjan','JOW',1001),(1520,'Kabul','KAB',1001),(1521,'Kandahar','KAN',1001),(1522,'Kapisa','KAP',1001),(1523,'Khowst','KHO',1001),(1524,'Konar','KNR',1001),(1525,'Kondoz','KDZ',1001),(1526,'Laghman','LAG',1001),(1527,'Lowgar','LOW',1001),(1528,'Nangrahar','NAN',1001),(1529,'Nimruz','NIM',1001),(1530,'Nurestan','NUR',1001),(1531,'Oruzgan','ORU',1001),(1532,'Paktia','PIA',1001),(1533,'Paktika','PKA',1001),(1534,'Parwan','PAR',1001),(1535,'Samangan','SAM',1001),(1536,'Sar-e Pol','SAR',1001),(1537,'Takhar','TAK',1001),(1538,'Wardak','WAR',1001),(1539,'Zabol','ZAB',1001),(1540,'Berat','BR',1002),(1541,'Bulqiz','BU',1002),(1542,'Delvin','DL',1002),(1543,'Devoll','DV',1002),(1544,'Dibr','DI',1002),(1545,'Durrss','DR',1002),(1546,'Elbasan','EL',1002),(1547,'Fier','FR',1002),(1548,'Gramsh','GR',1002),(1549,'Gjirokastr','GJ',1002),(1550,'Has','HA',1002),(1551,'Kavaj','KA',1002),(1552,'Kolonj','ER',1002),(1553,'Korc','KO',1002),(1554,'Kruj','KR',1002),(1555,'Kuov','KC',1002),(1556,'Kuks','KU',1002),(1557,'Kurbin','KB',1002),(1558,'Lezh','LE',1002),(1559,'Librazhd','LB',1002),(1560,'Lushnj','LU',1002),(1561,'Malsi e Madhe','MM',1002),(1562,'Mallakastr','MK',1002),(1563,'Mat','MT',1002),(1564,'Mirdit','MR',1002),(1565,'Peqin','PQ',1002),(1566,'Prmet','PR',1002),(1567,'Pogradec','PG',1002),(1568,'Puk','PU',1002),(1569,'Sarand','SR',1002),(1570,'Skrapar','SK',1002),(1571,'Shkodr','SH',1002),(1572,'Tepelen','TE',1002),(1573,'Tiran','TR',1002),(1574,'Tropoj','TP',1002),(1575,'Vlor','VL',1002),(1576,'Erevan','ER',1011),(1577,'Aragacotn','AG',1011),(1578,'Ararat','AR',1011),(1579,'Armavir','AV',1011),(1580,'Gegarkunik\'','GR',1011),(1581,'Kotayk\'','KT',1011),(1582,'Lory','LO',1011),(1583,'Sirak','SH',1011),(1584,'Syunik\'','SU',1011),(1585,'Tavus','TV',1011),(1586,'Vayoc Jor','VD',1011),(1587,'Bengo','BGO',1006),(1588,'Benguela','BGU',1006),(1589,'Bie','BIE',1006),(1590,'Cabinda','CAB',1006),(1591,'Cuando-Cubango','CCU',1006),(1592,'Cuanza Norte','CNO',1006),(1593,'Cuanza Sul','CUS',1006),(1594,'Cunene','CNN',1006),(1595,'Huambo','HUA',1006),(1596,'Huila','HUI',1006),(1597,'Luanda','LUA',1006),(1598,'Lunda Norte','LNO',1006),(1599,'Lunda Sul','LSU',1006),(1600,'Malange','MAL',1006),(1601,'Moxico','MOX',1006),(1602,'Namibe','NAM',1006),(1603,'Uige','UIG',1006),(1604,'Zaire','ZAI',1006),(1605,'Capital federal','C',1010),(1606,'Buenos Aires','B',1010),(1607,'Catamarca','K',1010),(1608,'Cordoba','X',1010),(1609,'Corrientes','W',1010),(1610,'Chaco','H',1010),(1611,'Chubut','U',1010),(1612,'Entre Rios','E',1010),(1613,'Formosa','P',1010),(1614,'Jujuy','Y',1010),(1615,'La Pampa','L',1010),(1616,'Mendoza','M',1010),(1617,'Misiones','N',1010),(1618,'Neuquen','Q',1010),(1619,'Rio Negro','R',1010),(1620,'Salta','A',1010),(1621,'San Juan','J',1010),(1622,'San Luis','D',1010),(1623,'Santa Cruz','Z',1010),(1624,'Santa Fe','S',1010),(1625,'Santiago del Estero','G',1010),(1626,'Tierra del Fuego','V',1010),(1627,'Tucuman','T',1010),(1628,'Burgenland','1',1014),(1629,'Krnten','2',1014),(1630,'Niederosterreich','3',1014),(1631,'Oberosterreich','4',1014),(1632,'Salzburg','5',1014),(1633,'Steiermark','6',1014),(1634,'Tirol','7',1014),(1635,'Vorarlberg','8',1014),(1636,'Wien','9',1014),(1637,'Australian Antarctic Territory','AAT',1013),(1638,'Australian Capital Territory','ACT',1013),(1639,'Northern Territory','NT',1013),(1640,'New South Wales','NSW',1013),(1641,'Queensland','QLD',1013),(1642,'South Australia','SA',1013),(1643,'Tasmania','TAS',1013),(1644,'Victoria','VIC',1013),(1645,'Western Australia','WA',1013),(1646,'Naxcivan','NX',1015),(1647,'Ali Bayramli','AB',1015),(1648,'Baki','BA',1015),(1649,'Ganca','GA',1015),(1650,'Lankaran','LA',1015),(1651,'Mingacevir','MI',1015),(1652,'Naftalan','NA',1015),(1653,'Saki','SA',1015),(1654,'Sumqayit','SM',1015),(1655,'Susa','SS',1015),(1656,'Xankandi','XA',1015),(1657,'Yevlax','YE',1015),(1658,'Abseron','ABS',1015),(1659,'Agcabadi','AGC',1015),(1660,'Agdam','AGM',1015),(1661,'Agdas','AGS',1015),(1662,'Agstafa','AGA',1015),(1663,'Agsu','AGU',1015),(1664,'Astara','AST',1015),(1665,'Babak','BAB',1015),(1666,'Balakan','BAL',1015),(1667,'Barda','BAR',1015),(1668,'Beylagan','BEY',1015),(1669,'Bilasuvar','BIL',1015),(1670,'Cabrayll','CAB',1015),(1671,'Calilabad','CAL',1015),(1672,'Culfa','CUL',1015),(1673,'Daskasan','DAS',1015),(1674,'Davaci','DAV',1015),(1675,'Fuzuli','FUZ',1015),(1676,'Gadabay','GAD',1015),(1677,'Goranboy','GOR',1015),(1678,'Goycay','GOY',1015),(1679,'Haciqabul','HAC',1015),(1680,'Imisli','IMI',1015),(1681,'Ismayilli','ISM',1015),(1682,'Kalbacar','KAL',1015),(1683,'Kurdamir','KUR',1015),(1684,'Lacin','LAC',1015),(1685,'Lerik','LER',1015),(1686,'Masalli','MAS',1015),(1687,'Neftcala','NEF',1015),(1688,'Oguz','OGU',1015),(1689,'Ordubad','ORD',1015),(1690,'Qabala','QAB',1015),(1691,'Qax','QAX',1015),(1692,'Qazax','QAZ',1015),(1693,'Qobustan','QOB',1015),(1694,'Quba','QBA',1015),(1695,'Qubadli','QBI',1015),(1696,'Qusar','QUS',1015),(1697,'Saatli','SAT',1015),(1698,'Sabirabad','SAB',1015),(1699,'Sadarak','SAD',1015),(1700,'Sahbuz','SAH',1015),(1701,'Salyan','SAL',1015),(1702,'Samaxi','SMI',1015),(1703,'Samkir','SKR',1015),(1704,'Samux','SMX',1015),(1705,'Sarur','SAR',1015),(1706,'Siyazan','SIY',1015),(1707,'Tartar','TAR',1015),(1708,'Tovuz','TOV',1015),(1709,'Ucar','UCA',1015),(1710,'Xacmaz','XAC',1015),(1711,'Xanlar','XAN',1015),(1712,'Xizi','XIZ',1015),(1713,'Xocali','XCI',1015),(1714,'Xocavand','XVD',1015),(1715,'Yardimli','YAR',1015),(1716,'Zangilan','ZAN',1015),(1717,'Zaqatala','ZAQ',1015),(1718,'Zardab','ZAR',1015),(1719,'Federacija Bosna i Hercegovina','BIH',1026),(1720,'Republika Srpska','SRP',1026),(1721,'Bagerhat zila','05',1017),(1722,'Bandarban zila','01',1017),(1723,'Barguna zila','02',1017),(1724,'Barisal zila','06',1017),(1725,'Bhola zila','07',1017),(1726,'Bogra zila','03',1017),(1727,'Brahmanbaria zila','04',1017),(1728,'Chandpur zila','09',1017),(1729,'Chittagong zila','10',1017),(1730,'Chuadanga zila','12',1017),(1731,'Comilla zila','08',1017),(1732,'Cox\'s Bazar zila','11',1017),(1733,'Dhaka zila','13',1017),(1734,'Dinajpur zila','14',1017),(1735,'Faridpur zila','15',1017),(1736,'Feni zila','16',1017),(1737,'Gaibandha zila','19',1017),(1738,'Gazipur zila','18',1017),(1739,'Gopalganj zila','17',1017),(1740,'Habiganj zila','20',1017),(1741,'Jaipurhat zila','24',1017),(1742,'Jamalpur zila','21',1017),(1743,'Jessore zila','22',1017),(1744,'Jhalakati zila','25',1017),(1745,'Jhenaidah zila','23',1017),(1746,'Khagrachari zila','29',1017),(1747,'Khulna zila','27',1017),(1748,'Kishorganj zila','26',1017),(1749,'Kurigram zila','28',1017),(1750,'Kushtia zila','30',1017),(1751,'Lakshmipur zila','31',1017),(1752,'Lalmonirhat zila','32',1017),(1753,'Madaripur zila','36',1017),(1754,'Magura zila','37',1017),(1755,'Manikganj zila','33',1017),(1756,'Meherpur zila','39',1017),(1757,'Moulvibazar zila','38',1017),(1758,'Munshiganj zila','35',1017),(1759,'Mymensingh zila','34',1017),(1760,'Naogaon zila','48',1017),(1761,'Narail zila','43',1017),(1762,'Narayanganj zila','40',1017),(1763,'Narsingdi zila','42',1017),(1764,'Natore zila','44',1017),(1765,'Nawabganj zila','45',1017),(1766,'Netrakona zila','41',1017),(1767,'Nilphamari zila','46',1017),(1768,'Noakhali zila','47',1017),(1769,'Pabna zila','49',1017),(1770,'Panchagarh zila','52',1017),(1771,'Patuakhali zila','51',1017),(1772,'Pirojpur zila','50',1017),(1773,'Rajbari zila','53',1017),(1774,'Rajshahi zila','54',1017),(1775,'Rangamati zila','56',1017),(1776,'Rangpur zila','55',1017),(1777,'Satkhira zila','58',1017),(1778,'Shariatpur zila','62',1017),(1779,'Sherpur zila','57',1017),(1780,'Sirajganj zila','59',1017),(1781,'Sunamganj zila','61',1017),(1782,'Sylhet zila','60',1017),(1783,'Tangail zila','63',1017),(1784,'Thakurgaon zila','64',1017),(1785,'Antwerpen','VAN',1020),(1786,'Brabant Wallon','WBR',1020),(1787,'Hainaut','WHT',1020),(1788,'Liege','WLG',1020),(1789,'Limburg','VLI',1020),(1790,'Luxembourg','WLX',1020),(1791,'Namur','WNA',1020),(1792,'Oost-Vlaanderen','VOV',1020),(1793,'Vlaams-Brabant','VBR',1020),(1794,'West-Vlaanderen','VWV',1020),(1795,'Bale','BAL',1034),(1796,'Bam','BAM',1034),(1797,'Banwa','BAN',1034),(1798,'Bazega','BAZ',1034),(1799,'Bougouriba','BGR',1034),(1800,'Boulgou','BLG',1034),(1801,'Boulkiemde','BLK',1034),(1802,'Comoe','COM',1034),(1803,'Ganzourgou','GAN',1034),(1804,'Gnagna','GNA',1034),(1805,'Gourma','GOU',1034),(1806,'Houet','HOU',1034),(1807,'Ioba','IOB',1034),(1808,'Kadiogo','KAD',1034),(1809,'Kenedougou','KEN',1034),(1810,'Komondjari','KMD',1034),(1811,'Kompienga','KMP',1034),(1812,'Kossi','KOS',1034),(1813,'Koulpulogo','KOP',1034),(1814,'Kouritenga','KOT',1034),(1815,'Kourweogo','KOW',1034),(1816,'Leraba','LER',1034),(1817,'Loroum','LOR',1034),(1818,'Mouhoun','MOU',1034),(1819,'Nahouri','NAO',1034),(1820,'Namentenga','NAM',1034),(1821,'Nayala','NAY',1034),(1822,'Noumbiel','NOU',1034),(1823,'Oubritenga','OUB',1034),(1824,'Oudalan','OUD',1034),(1825,'Passore','PAS',1034),(1826,'Poni','PON',1034),(1827,'Sanguie','SNG',1034),(1828,'Sanmatenga','SMT',1034),(1829,'Seno','SEN',1034),(1830,'Siasili','SIS',1034),(1831,'Soum','SOM',1034),(1832,'Sourou','SOR',1034),(1833,'Tapoa','TAP',1034),(1834,'Tui','TUI',1034),(1835,'Yagha','YAG',1034),(1836,'Yatenga','YAT',1034),(1837,'Ziro','ZIR',1034),(1838,'Zondoma','ZON',1034),(1839,'Zoundweogo','ZOU',1034),(1840,'Blagoevgrad','01',1033),(1841,'Burgas','02',1033),(1842,'Dobric','08',1033),(1843,'Gabrovo','07',1033),(1844,'Haskovo','26',1033),(1845,'Jambol','28',1033),(1846,'Kardzali','09',1033),(1847,'Kjstendil','10',1033),(1848,'Lovec','11',1033),(1849,'Montana','12',1033),(1850,'Pazardzik','13',1033),(1851,'Pernik','14',1033),(1852,'Pleven','15',1033),(1853,'Plovdiv','16',1033),(1854,'Razgrad','17',1033),(1855,'Ruse','18',1033),(1856,'Silistra','19',1033),(1857,'Sliven','20',1033),(1858,'Smoljan','21',1033),(1859,'Sofija','23',1033),(1860,'Stara Zagora','24',1033),(1861,'Sumen','27',1033),(1862,'Targoviste','25',1033),(1863,'Varna','03',1033),(1864,'Veliko Tarnovo','04',1033),(1865,'Vidin','05',1033),(1866,'Vraca','06',1033),(1867,'Al Hadd','01',1016),(1868,'Al Manamah','03',1016),(1869,'Al Mintaqah al Gharbiyah','10',1016),(1870,'Al Mintagah al Wusta','07',1016),(1871,'Al Mintaqah ash Shamaliyah','05',1016),(1872,'Al Muharraq','02',1016),(1873,'Ar Rifa','09',1016),(1874,'Jidd Hafs','04',1016),(1875,'Madluat Jamad','12',1016),(1876,'Madluat Isa','08',1016),(1877,'Mintaqat Juzur tawar','11',1016),(1878,'Sitrah','06',1016),(1879,'Bubanza','BB',1036),(1880,'Bujumbura','BJ',1036),(1881,'Bururi','BR',1036),(1882,'Cankuzo','CA',1036),(1883,'Cibitoke','CI',1036),(1884,'Gitega','GI',1036),(1885,'Karuzi','KR',1036),(1886,'Kayanza','KY',1036),(1887,'Makamba','MA',1036),(1888,'Muramvya','MU',1036),(1889,'Mwaro','MW',1036),(1890,'Ngozi','NG',1036),(1891,'Rutana','RT',1036),(1892,'Ruyigi','RY',1036),(1893,'Alibori','AL',1022),(1894,'Atakora','AK',1022),(1895,'Atlantique','AQ',1022),(1896,'Borgou','BO',1022),(1897,'Collines','CO',1022),(1898,'Donga','DO',1022),(1899,'Kouffo','KO',1022),(1900,'Littoral','LI',1022),(1901,'Mono','MO',1022),(1902,'Oueme','OU',1022),(1903,'Plateau','PL',1022),(1904,'Zou','ZO',1022),(1905,'Belait','BE',1032),(1906,'Brunei-Muara','BM',1032),(1907,'Temburong','TE',1032),(1908,'Tutong','TU',1032),(1909,'Cochabamba','C',1025),(1910,'Chuquisaca','H',1025),(1911,'El Beni','B',1025),(1912,'La Paz','L',1025),(1913,'Oruro','O',1025),(1914,'Pando','N',1025),(1915,'Potosi','P',1025),(1916,'Tarija','T',1025),(1917,'Acre','AC',1029),(1918,'Alagoas','AL',1029),(1919,'Amazonas','AM',1029),(1920,'Amapa','AP',1029),(1921,'Baia','BA',1029),(1922,'Ceara','CE',1029),(1923,'Distrito Federal','DF',1029),(1924,'Espirito Santo','ES',1029),(1925,'Fernando de Noronha','FN',1029),(1926,'Goias','GO',1029),(1927,'Maranhao','MA',1029),(1928,'Minas Gerais','MG',1029),(1929,'Mato Grosso do Sul','MS',1029),(1930,'Mato Grosso','MT',1029),(1931,'Para','PA',1029),(1932,'Paraiba','PB',1029),(1933,'Pernambuco','PE',1029),(1934,'Piaui','PI',1029),(1935,'Parana','PR',1029),(1936,'Rio de Janeiro','RJ',1029),(1937,'Rio Grande do Norte','RN',1029),(1938,'Rondonia','RO',1029),(1939,'Roraima','RR',1029),(1940,'Rio Grande do Sul','RS',1029),(1941,'Santa Catarina','SC',1029),(1942,'Sergipe','SE',1029),(1943,'Sao Paulo','SP',1029),(1944,'Tocatins','TO',1029),(1945,'Acklins and Crooked Islands','AC',1212),(1946,'Bimini','BI',1212),(1947,'Cat Island','CI',1212),(1948,'Exuma','EX',1212),(1949,'Freeport','FP',1212),(1950,'Fresh Creek','FC',1212),(1951,'Governor\'s Harbour','GH',1212),(1952,'Green Turtle Cay','GT',1212),(1953,'Harbour Island','HI',1212),(1954,'High Rock','HR',1212),(1955,'Inagua','IN',1212),(1956,'Kemps Bay','KB',1212),(1957,'Long Island','LI',1212),(1958,'Marsh Harbour','MH',1212),(1959,'Mayaguana','MG',1212),(1960,'New Providence','NP',1212),(1961,'Nicholls Town and Berry Islands','NB',1212),(1962,'Ragged Island','RI',1212),(1963,'Rock Sound','RS',1212),(1964,'Sandy Point','SP',1212),(1965,'San Salvador and Rum Cay','SR',1212),(1966,'Bumthang','33',1024),(1967,'Chhukha','12',1024),(1968,'Dagana','22',1024),(1969,'Gasa','GA',1024),(1970,'Ha','13',1024),(1971,'Lhuentse','44',1024),(1972,'Monggar','42',1024),(1973,'Paro','11',1024),(1974,'Pemagatshel','43',1024),(1975,'Punakha','23',1024),(1976,'Samdrup Jongkha','45',1024),(1977,'Samtee','14',1024),(1978,'Sarpang','31',1024),(1979,'Thimphu','15',1024),(1980,'Trashigang','41',1024),(1981,'Trashi Yangtse','TY',1024),(1982,'Trongsa','32',1024),(1983,'Tsirang','21',1024),(1984,'Wangdue Phodrang','24',1024),(1985,'Zhemgang','34',1024),(1986,'Central','CE',1027),(1987,'Ghanzi','GH',1027),(1988,'Kgalagadi','KG',1027),(1989,'Kgatleng','KL',1027),(1990,'Kweneng','KW',1027),(1991,'Ngamiland','NG',1027),(1992,'North-East','NE',1027),(1993,'North-West','NW',1027),(1994,'South-East','SE',1027),(1995,'Southern','SO',1027),(1996,'Brsckaja voblasc\'','BR',1019),(1997,'Homel\'skaja voblasc\'','HO',1019),(1998,'Hrodzenskaja voblasc\'','HR',1019),(1999,'Mahiluskaja voblasc\'','MA',1019),(2000,'Minskaja voblasc\'','MI',1019),(2001,'Vicebskaja voblasc\'','VI',1019),(2002,'Belize','BZ',1021),(2003,'Cayo','CY',1021),(2004,'Corozal','CZL',1021),(2005,'Orange Walk','OW',1021),(2006,'Stann Creek','SC',1021),(2007,'Toledo','TOL',1021),(2008,'Kinshasa','KN',1050),(2009,'Bandundu','BN',1050),(2010,'Bas-Congo','BC',1050),(2011,'Equateur','EQ',1050),(2012,'Haut-Congo','HC',1050),(2013,'Kasai-Occidental','KW',1050),(2014,'Kasai-Oriental','KE',1050),(2015,'Katanga','KA',1050),(2016,'Maniema','MA',1050),(2017,'Nord-Kivu','NK',1050),(2018,'Orientale','OR',1050),(2019,'Sud-Kivu','SK',1050),(2020,'Bangui','BGF',1042),(2021,'Bamingui-Bangoran','BB',1042),(2022,'Basse-Kotto','BK',1042),(2023,'Haute-Kotto','HK',1042),(2024,'Haut-Mbomou','HM',1042),(2025,'Kemo','KG',1042),(2026,'Lobaye','LB',1042),(2027,'Mambere-Kadei','HS',1042),(2028,'Mbomou','MB',1042),(2029,'Nana-Grebizi','KB',1042),(2030,'Nana-Mambere','NM',1042),(2031,'Ombella-Mpoko','MP',1042),(2032,'Ouaka','UK',1042),(2033,'Ouham','AC',1042),(2034,'Ouham-Pende','OP',1042),(2035,'Sangha-Mbaere','SE',1042),(2036,'Vakaga','VR',1042),(2037,'Brazzaville','BZV',1051),(2038,'Bouenza','11',1051),(2039,'Cuvette','8',1051),(2040,'Cuvette-Ouest','15',1051),(2041,'Kouilou','5',1051),(2042,'Lekoumou','2',1051),(2043,'Likouala','7',1051),(2044,'Niari','9',1051),(2045,'Plateaux','14',1051),(2046,'Pool','12',1051),(2047,'Sangha','13',1051),(2048,'Aargau','AG',1205),(2049,'Appenzell Innerrhoden','AI',1205),(2050,'Appenzell Ausserrhoden','AR',1205),(2051,'Bern','BE',1205),(2052,'Basel-Landschaft','BL',1205),(2053,'Basel-Stadt','BS',1205),(2054,'Fribourg','FR',1205),(2055,'Geneva','GE',1205),(2056,'Glarus','GL',1205),(2057,'Graubunden','GR',1205),(2058,'Jura','JU',1205),(2059,'Luzern','LU',1205),(2060,'Neuchatel','NE',1205),(2061,'Nidwalden','NW',1205),(2062,'Obwalden','OW',1205),(2063,'Sankt Gallen','SG',1205),(2064,'Schaffhausen','SH',1205),(2065,'Solothurn','SO',1205),(2066,'Schwyz','SZ',1205),(2067,'Thurgau','TG',1205),(2068,'Ticino','TI',1205),(2069,'Uri','UR',1205),(2070,'Vaud','VD',1205),(2071,'Valais','VS',1205),(2072,'Zug','ZG',1205),(2073,'Zurich','ZH',1205),(2074,'18 Montagnes','06',1054),(2075,'Agnebi','16',1054),(2076,'Bas-Sassandra','09',1054),(2077,'Denguele','10',1054),(2078,'Haut-Sassandra','02',1054),(2079,'Lacs','07',1054),(2080,'Lagunes','01',1054),(2081,'Marahoue','12',1054),(2082,'Moyen-Comoe','05',1054),(2083,'Nzi-Comoe','11',1054),(2084,'Savanes','03',1054),(2085,'Sud-Bandama','15',1054),(2086,'Sud-Comoe','13',1054),(2087,'Vallee du Bandama','04',1054),(2088,'Worodouqou','14',1054),(2089,'Zanzan','08',1054),(2090,'Aisen del General Carlos Ibanez del Campo','AI',1044),(2091,'Antofagasta','AN',1044),(2092,'Araucania','AR',1044),(2093,'Atacama','AT',1044),(2094,'Bio-Bio','BI',1044),(2095,'Coquimbo','CO',1044),(2096,'Libertador General Bernardo O\'Higgins','LI',1044),(2097,'Los Lagos','LL',1044),(2098,'Magallanes','MA',1044),(2099,'Maule','ML',1044),(2100,'Region Metropolitana de Santiago','RM',1044),(2101,'Tarapaca','TA',1044),(2102,'Valparaiso','VS',1044),(2103,'Adamaoua','AD',1038),(2104,'Centre','CE',1038),(2105,'East','ES',1038),(2106,'Far North','EN',1038),(2107,'North','NO',1038),(2108,'South','SW',1038),(2109,'South-West','SW',1038),(2110,'West','OU',1038),(2111,'Beijing','11',1045),(2112,'Chongqing','50',1045),(2113,'Shanghai','31',1045),(2114,'Tianjin','12',1045),(2115,'Anhui','34',1045),(2116,'Fujian','35',1045),(2117,'Gansu','62',1045),(2118,'Guangdong','44',1045),(2119,'Gulzhou','52',1045),(2120,'Hainan','46',1045),(2121,'Hebei','13',1045),(2122,'Heilongjiang','23',1045),(2123,'Henan','41',1045),(2124,'Hubei','42',1045),(2125,'Hunan','43',1045),(2126,'Jiangsu','32',1045),(2127,'Jiangxi','36',1045),(2128,'Jilin','22',1045),(2129,'Liaoning','21',1045),(2130,'Qinghai','63',1045),(2131,'Shaanxi','61',1045),(2132,'Shandong','37',1045),(2133,'Shanxi','14',1045),(2134,'Sichuan','51',1045),(2135,'Taiwan','71',1045),(2136,'Yunnan','53',1045),(2137,'Zhejiang','33',1045),(2138,'Guangxi','45',1045),(2139,'Neia Mongol (mn)','15',1045),(2140,'Xinjiang','65',1045),(2141,'Xizang','54',1045),(2142,'Hong Kong','91',1045),(2143,'Macau','92',1045),(2144,'Distrito Capital de Bogot','DC',1048),(2145,'Amazonea','AMA',1048),(2146,'Antioquia','ANT',1048),(2147,'Arauca','ARA',1048),(2148,'Atlntico','ATL',1048),(2149,'Bolvar','BOL',1048),(2150,'Boyac','BOY',1048),(2151,'Caldea','CAL',1048),(2152,'Caquet','CAQ',1048),(2153,'Casanare','CAS',1048),(2154,'Cauca','CAU',1048),(2155,'Cesar','CES',1048),(2156,'Crdoba','COR',1048),(2157,'Cundinamarca','CUN',1048),(2158,'Choc','CHO',1048),(2159,'Guaina','GUA',1048),(2160,'Guaviare','GUV',1048),(2161,'La Guajira','LAG',1048),(2162,'Magdalena','MAG',1048),(2163,'Meta','MET',1048),(2164,'Nario','NAR',1048),(2165,'Norte de Santander','NSA',1048),(2166,'Putumayo','PUT',1048),(2167,'Quindio','QUI',1048),(2168,'Risaralda','RIS',1048),(2169,'San Andrs, Providencia y Santa Catalina','SAP',1048),(2170,'Santander','SAN',1048),(2171,'Sucre','SUC',1048),(2172,'Tolima','TOL',1048),(2173,'Valle del Cauca','VAC',1048),(2174,'Vaups','VAU',1048),(2175,'Vichada','VID',1048),(2176,'Alajuela','A',1053),(2177,'Cartago','C',1053),(2178,'Guanacaste','G',1053),(2179,'Heredia','H',1053),(2180,'Limon','L',1053),(2181,'Puntarenas','P',1053),(2182,'San Jose','SJ',1053),(2183,'Camagey','09',1056),(2184,'Ciego de `vila','08',1056),(2185,'Cienfuegos','06',1056),(2186,'Ciudad de La Habana','03',1056),(2187,'Granma','12',1056),(2188,'Guantanamo','14',1056),(2189,'Holquin','11',1056),(2190,'La Habana','02',1056),(2191,'Las Tunas','10',1056),(2192,'Matanzas','04',1056),(2193,'Pinar del Rio','01',1056),(2194,'Sancti Spiritus','07',1056),(2195,'Santiago de Cuba','13',1056),(2196,'Villa Clara','05',1056),(2197,'Isla de la Juventud','99',1056),(2198,'Pinar del Roo','PR',1056),(2199,'Ciego de Avila','CA',1056),(2200,'Camagoey','CG',1056),(2201,'Holgun','HO',1056),(2202,'Sancti Spritus','SS',1056),(2203,'Municipio Especial Isla de la Juventud','IJ',1056),(2204,'Boa Vista','BV',1040),(2205,'Brava','BR',1040),(2206,'Calheta de Sao Miguel','CS',1040),(2207,'Fogo','FO',1040),(2208,'Maio','MA',1040),(2209,'Mosteiros','MO',1040),(2210,'Paul','PA',1040),(2211,'Porto Novo','PN',1040),(2212,'Praia','PR',1040),(2213,'Ribeira Grande','RG',1040),(2214,'Sal','SL',1040),(2215,'Sao Domingos','SD',1040),(2216,'Sao Filipe','SF',1040),(2217,'Sao Nicolau','SN',1040),(2218,'Sao Vicente','SV',1040),(2219,'Tarrafal','TA',1040),(2220,'Ammochostos Magusa','04',1057),(2221,'Keryneia','06',1057),(2222,'Larnaka','03',1057),(2223,'Lefkosia','01',1057),(2224,'Lemesos','02',1057),(2225,'Pafos','05',1057),(2226,'Jihoesk kraj','JC',1058),(2227,'Jihomoravsk kraj','JM',1058),(2228,'Karlovarsk kraj','KA',1058),(2229,'Krlovhradeck kraj','KR',1058),(2230,'Libereck kraj','LI',1058),(2231,'Moravskoslezsk kraj','MO',1058),(2232,'Olomouck kraj','OL',1058),(2233,'Pardubick kraj','PA',1058),(2234,'Plzesk kraj','PL',1058),(2235,'Praha, hlavn msto','PR',1058),(2236,'Stedoesk kraj','ST',1058),(2237,'steck kraj','US',1058),(2238,'Vysoina','VY',1058),(2239,'Zlnsk kraj','ZL',1058),(2240,'Baden-Wuerttemberg','BW',1082),(2241,'Bayern','BY',1082),(2242,'Bremen','HB',1082),(2243,'Hamburg','HH',1082),(2244,'Hessen','HE',1082),(2245,'Niedersachsen','NI',1082),(2246,'Nordrhein-Westfalen','NW',1082),(2247,'Rheinland-Pfalz','RP',1082),(2248,'Saarland','SL',1082),(2249,'Schleswig-Holstein','SH',1082),(2250,'Berlin','BR',1082),(2251,'Brandenburg','BB',1082),(2252,'Mecklenburg-Vorpommern','MV',1082),(2253,'Sachsen','SN',1082),(2254,'Sachsen-Anhalt','ST',1082),(2255,'Thueringen','TH',1082),(2256,'Ali Sabiah','AS',1060),(2257,'Dikhil','DI',1060),(2258,'Djibouti','DJ',1060),(2259,'Obock','OB',1060),(2260,'Tadjoura','TA',1060),(2261,'Frederiksberg','147',1059),(2262,'Copenhagen City','101',1059),(2263,'Copenhagen','015',1059),(2264,'Frederiksborg','020',1059),(2265,'Roskilde','025',1059),(2266,'Vestsjlland','030',1059),(2267,'Storstrm','035',1059),(2268,'Bornholm','040',1059),(2269,'Fyn','042',1059),(2270,'South Jutland','050',1059),(2271,'Ribe','055',1059),(2272,'Vejle','060',1059),(2273,'Ringkjbing','065',1059),(2274,'rhus','070',1059),(2275,'Viborg','076',1059),(2276,'North Jutland','080',1059),(2277,'Distrito Nacional (Santo Domingo)','01',1062),(2278,'Azua','02',1062),(2279,'Bahoruco','03',1062),(2280,'Barahona','04',1062),(2281,'Dajabn','05',1062),(2282,'Duarte','06',1062),(2283,'El Seybo [El Seibo]','08',1062),(2284,'Espaillat','09',1062),(2285,'Hato Mayor','30',1062),(2286,'Independencia','10',1062),(2287,'La Altagracia','11',1062),(2288,'La Estrelleta [Elias Pina]','07',1062),(2289,'La Romana','12',1062),(2290,'La Vega','13',1062),(2291,'Maroia Trinidad Snchez','14',1062),(2292,'Monseor Nouel','28',1062),(2293,'Monte Cristi','15',1062),(2294,'Monte Plata','29',1062),(2295,'Pedernales','16',1062),(2296,'Peravia','17',1062),(2297,'Puerto Plata','18',1062),(2298,'Salcedo','19',1062),(2299,'Saman','20',1062),(2300,'San Cristbal','21',1062),(2301,'San Pedro de Macors','23',1062),(2302,'Snchez Ramrez','24',1062),(2303,'Santiago','25',1062),(2304,'Santiago Rodrguez','26',1062),(2305,'Valverde','27',1062),(2306,'Adrar','01',1003),(2307,'Ain Defla','44',1003),(2308,'Ain Tmouchent','46',1003),(2309,'Alger','16',1003),(2310,'Annaba','23',1003),(2311,'Batna','05',1003),(2312,'Bechar','08',1003),(2313,'Bejaia','06',1003),(2314,'Biskra','07',1003),(2315,'Blida','09',1003),(2316,'Bordj Bou Arreridj','34',1003),(2317,'Bouira','10',1003),(2318,'Boumerdes','35',1003),(2319,'Chlef','02',1003),(2320,'Constantine','25',1003),(2321,'Djelfa','17',1003),(2322,'El Bayadh','32',1003),(2323,'El Oued','39',1003),(2324,'El Tarf','36',1003),(2325,'Ghardaia','47',1003),(2326,'Guelma','24',1003),(2327,'Illizi','33',1003),(2328,'Jijel','18',1003),(2329,'Khenchela','40',1003),(2330,'Laghouat','03',1003),(2331,'Mascara','29',1003),(2332,'Medea','26',1003),(2333,'Mila','43',1003),(2334,'Mostaganem','27',1003),(2335,'Msila','28',1003),(2336,'Naama','45',1003),(2337,'Oran','31',1003),(2338,'Ouargla','30',1003),(2339,'Oum el Bouaghi','04',1003),(2340,'Relizane','48',1003),(2341,'Saida','20',1003),(2342,'Setif','19',1003),(2343,'Sidi Bel Abbes','22',1003),(2344,'Skikda','21',1003),(2345,'Souk Ahras','41',1003),(2346,'Tamanghasset','11',1003),(2347,'Tebessa','12',1003),(2348,'Tiaret','14',1003),(2349,'Tindouf','37',1003),(2350,'Tipaza','42',1003),(2351,'Tissemsilt','38',1003),(2352,'Tizi Ouzou','15',1003),(2353,'Tlemcen','13',1003),(2354,'Azuay','A',1064),(2355,'Bolivar','B',1064),(2356,'Canar','F',1064),(2357,'Carchi','C',1064),(2358,'Cotopaxi','X',1064),(2359,'Chimborazo','H',1064),(2360,'El Oro','O',1064),(2361,'Esmeraldas','E',1064),(2362,'Galapagos','W',1064),(2363,'Guayas','G',1064),(2364,'Imbabura','I',1064),(2365,'Loja','L',1064),(2366,'Los Rios','R',1064),(2367,'Manabi','M',1064),(2368,'Morona-Santiago','S',1064),(2369,'Napo','N',1064),(2370,'Orellana','D',1064),(2371,'Pastaza','Y',1064),(2372,'Pichincha','P',1064),(2373,'Sucumbios','U',1064),(2374,'Tungurahua','T',1064),(2375,'Zamora-Chinchipe','Z',1064),(2376,'Harjumsa','37',1069),(2377,'Hitumea','39',1069),(2378,'Ida-Virumsa','44',1069),(2379,'Jogevamsa','49',1069),(2380,'Jarvamsa','51',1069),(2381,'Lasnemsa','57',1069),(2382,'Laane-Virumaa','59',1069),(2383,'Polvamea','65',1069),(2384,'Parnumsa','67',1069),(2385,'Raplamsa','70',1069),(2386,'Saaremsa','74',1069),(2387,'Tartumsa','7B',1069),(2388,'Valgamaa','82',1069),(2389,'Viljandimsa','84',1069),(2390,'Vorumaa','86',1069),(2391,'Ad Daqahllyah','DK',1065),(2392,'Al Bahr al Ahmar','BA',1065),(2393,'Al Buhayrah','BH',1065),(2394,'Al Fayym','FYM',1065),(2395,'Al Gharbiyah','GH',1065),(2396,'Al Iskandarlyah','ALX',1065),(2397,'Al Isma illyah','IS',1065),(2398,'Al Jizah','GZ',1065),(2399,'Al Minuflyah','MNF',1065),(2400,'Al Minya','MN',1065),(2401,'Al Qahirah','C',1065),(2402,'Al Qalyublyah','KB',1065),(2403,'Al Wadi al Jadid','WAD',1065),(2404,'Ash Sharqiyah','SHR',1065),(2405,'As Suways','SUZ',1065),(2406,'Aswan','ASN',1065),(2407,'Asyut','AST',1065),(2408,'Bani Suwayf','BNS',1065),(2409,'Bur Sa\'id','PTS',1065),(2410,'Dumyat','DT',1065),(2411,'Janub Sina\'','JS',1065),(2412,'Kafr ash Shaykh','KFS',1065),(2413,'Matruh','MT',1065),(2414,'Qina','KN',1065),(2415,'Shamal Sina\'','SIN',1065),(2416,'Suhaj','SHG',1065),(2417,'Anseba','AN',1068),(2418,'Debub','DU',1068),(2419,'Debubawi Keyih Bahri [Debub-Keih-Bahri]','DK',1068),(2420,'Gash-Barka','GB',1068),(2421,'Maakel [Maekel]','MA',1068),(2422,'Semenawi Keyih Bahri [Semien-Keih-Bahri]','SK',1068),(2423,'lava','VI',1198),(2424,'Albacete','AB',1198),(2425,'Alicante','A',1198),(2426,'Almera','AL',1198),(2427,'Asturias','O',1198),(2428,'vila','AV',1198),(2429,'Badajoz','BA',1198),(2430,'Baleares','PM',1198),(2431,'Barcelona','B',1198),(2432,'Burgos','BU',1198),(2433,'Cceres','CC',1198),(2434,'Cdiz','CA',1198),(2435,'Cantabria','S',1198),(2436,'Castelln','CS',1198),(2437,'Ciudad Real','CR',1198),(2438,'Cuenca','CU',1198),(2439,'Girona [Gerona]','GE',1198),(2440,'Granada','GR',1198),(2441,'Guadalajara','GU',1198),(2442,'Guipzcoa','SS',1198),(2443,'Huelva','H',1198),(2444,'Huesca','HU',1198),(2445,'Jan','J',1198),(2446,'La Corua','C',1198),(2447,'La Rioja','LO',1198),(2448,'Las Palmas','GC',1198),(2449,'Len','LE',1198),(2450,'Lleida [Lrida]','L',1198),(2451,'Lugo','LU',1198),(2452,'Madrid','M',1198),(2453,'Mlaga','MA',1198),(2454,'Murcia','MU',1198),(2455,'Navarra','NA',1198),(2456,'Ourense','OR',1198),(2457,'Palencia','P',1198),(2458,'Pontevedra','PO',1198),(2459,'Salamanca','SA',1198),(2460,'Santa Cruz de Tenerife','TF',1198),(2461,'Segovia','SG',1198),(2462,'Sevilla','SE',1198),(2463,'Soria','SO',1198),(2464,'Tarragona','T',1198),(2465,'Teruel','TE',1198),(2466,'Valencia','V',1198),(2467,'Valladolid','VA',1198),(2468,'Vizcaya','BI',1198),(2469,'Zamora','ZA',1198),(2470,'Zaragoza','Z',1198),(2471,'Ceuta','CE',1198),(2472,'Melilla','ML',1198),(2473,'Addis Ababa','AA',1070),(2474,'Dire Dawa','DD',1070),(2475,'Afar','AF',1070),(2476,'Amara','AM',1070),(2477,'Benshangul-Gumaz','BE',1070),(2478,'Gambela Peoples','GA',1070),(2479,'Harari People','HA',1070),(2480,'Oromia','OR',1070),(2481,'Somali','SO',1070),(2482,'Southern Nations, Nationalities and Peoples','SN',1070),(2483,'Tigrai','TI',1070),(2490,'Eastern','E',1074),(2491,'Northern','N',1074),(2492,'Western','W',1074),(2493,'Rotuma','R',1074),(2494,'Chuuk','TRK',1141),(2495,'Kosrae','KSA',1141),(2496,'Pohnpei','PNI',1141),(2497,'Yap','YAP',1141),(2498,'Ain','01',1076),(2499,'Aisne','02',1076),(2500,'Allier','03',1076),(2501,'Alpes-de-Haute-Provence','04',1076),(2502,'Alpes-Maritimes','06',1076),(2503,'Ardche','07',1076),(2504,'Ardennes','08',1076),(2505,'Arige','09',1076),(2506,'Aube','10',1076),(2507,'Aude','11',1076),(2508,'Aveyron','12',1076),(2509,'Bas-Rhin','67',1076),(2510,'Bouches-du-Rhne','13',1076),(2511,'Calvados','14',1076),(2512,'Cantal','15',1076),(2513,'Charente','16',1076),(2514,'Charente-Maritime','17',1076),(2515,'Cher','18',1076),(2516,'Corrze','19',1076),(2517,'Corse-du-Sud','20A',1076),(2518,'Cte-d\'Or','21',1076),(2519,'Ctes-d\'Armor','22',1076),(2520,'Creuse','23',1076),(2521,'Deux-Svres','79',1076),(2522,'Dordogne','24',1076),(2523,'Doubs','25',1076),(2524,'Drme','26',1076),(2525,'Essonne','91',1076),(2526,'Eure','27',1076),(2527,'Eure-et-Loir','28',1076),(2528,'Finistre','29',1076),(2529,'Gard','30',1076),(2530,'Gers','32',1076),(2531,'Gironde','33',1076),(2532,'Haut-Rhin','68',1076),(2533,'Haute-Corse','20B',1076),(2534,'Haute-Garonne','31',1076),(2535,'Haute-Loire','43',1076),(2536,'Haute-Sane','70',1076),(2537,'Haute-Savoie','74',1076),(2538,'Haute-Vienne','87',1076),(2539,'Hautes-Alpes','05',1076),(2540,'Hautes-Pyrnes','65',1076),(2541,'Hauts-de-Seine','92',1076),(2542,'Hrault','34',1076),(2543,'Indre','35',1076),(2544,'Ille-et-Vilaine','36',1076),(2545,'Indre-et-Loire','37',1076),(2546,'Isre','38',1076),(2547,'Landes','40',1076),(2548,'Loir-et-Cher','41',1076),(2549,'Loire','42',1076),(2550,'Loire-Atlantique','44',1076),(2551,'Loiret','45',1076),(2552,'Lot','46',1076),(2553,'Lot-et-Garonne','47',1076),(2554,'Lozre','48',1076),(2555,'Maine-et-Loire','49',1076),(2556,'Manche','50',1076),(2557,'Marne','51',1076),(2558,'Mayenne','53',1076),(2559,'Meurthe-et-Moselle','54',1076),(2560,'Meuse','55',1076),(2561,'Morbihan','56',1076),(2562,'Moselle','57',1076),(2563,'Nivre','58',1076),(2564,'Nord','59',1076),(2565,'Oise','60',1076),(2566,'Orne','61',1076),(2567,'Paris','75',1076),(2568,'Pas-de-Calais','62',1076),(2569,'Puy-de-Dme','63',1076),(2570,'Pyrnes-Atlantiques','64',1076),(2571,'Pyrnes-Orientales','66',1076),(2572,'Rhne','69',1076),(2573,'Sane-et-Loire','71',1076),(2574,'Sarthe','72',1076),(2575,'Savoie','73',1076),(2576,'Seine-et-Marne','77',1076),(2577,'Seine-Maritime','76',1076),(2578,'Seine-Saint-Denis','93',1076),(2579,'Somme','80',1076),(2580,'Tarn','81',1076),(2581,'Tarn-et-Garonne','82',1076),(2582,'Val d\'Oise','95',1076),(2583,'Territoire de Belfort','90',1076),(2584,'Val-de-Marne','94',1076),(2585,'Var','83',1076),(2586,'Vaucluse','84',1076),(2587,'Vende','85',1076),(2588,'Vienne','86',1076),(2589,'Vosges','88',1076),(2590,'Yonne','89',1076),(2591,'Yvelines','78',1076),(2592,'Aberdeen City','ABE',1226),(2593,'Aberdeenshire','ABD',1226),(2594,'Angus','ANS',1226),(2595,'Co Antrim','ANT',1226),(2596,'Ards','ARD',1226),(2597,'Argyll and Bute','AGB',1226),(2598,'Co Armagh','ARM',1226),(2599,'Ballymena','BLA',1226),(2600,'Ballymoney','BLY',1226),(2601,'Banbridge','BNB',1226),(2602,'Barking and Dagenham','BDG',1226),(2603,'Barnet','BNE',1226),(2604,'Barnsley','BNS',1226),(2605,'Bath and North East Somerset','BAS',1226),(2606,'Bedfordshire','BDF',1226),(2607,'Belfast','BFS',1226),(2608,'Bexley','BEX',1226),(2609,'Birmingham','BIR',1226),(2610,'Blackburn with Darwen','BBD',1226),(2611,'Blackpool','BPL',1226),(2612,'Blaenau Gwent','BGW',1226),(2613,'Bolton','BOL',1226),(2614,'Bournemouth','BMH',1226),(2615,'Bracknell Forest','BRC',1226),(2616,'Bradford','BRD',1226),(2617,'Brent','BEN',1226),(2618,'Bridgend','BGE',1226),(2619,'Brighton and Hove','BNH',1226),(2620,'Bristol','BST',1226),(2621,'Bromley','BRY',1226),(2622,'Buckinghamshire','BKM',1226),(2623,'Bury','BUR',1226),(2624,'Caerphilly','CAY',1226),(2625,'Calderdale','CLD',1226),(2626,'Cambridgeshire','CAM',1226),(2627,'Camden','CMD',1226),(2628,'Cardiff','CRF',1226),(2629,'Carmarthenshire','CMN',1226),(2630,'Sir Gaerfyrddin','GFY',1226),(2631,'Carrickfergus','CKF',1226),(2632,'Castlereagh','CSR',1226),(2633,'Ceredigion','CGN',1226),(2634,'Cheshire','CHS',1226),(2635,'Clackmannanshire','CLK',1226),(2636,'Coleraine','CLR',1226),(2637,'Conwy','CWY',1226),(2638,'Cookstown','CKT',1226),(2639,'Cornwall','CON',1226),(2640,'Coventry','COV',1226),(2641,'Cralgavon','CGV',1226),(2642,'Croydon','CRY',1226),(2643,'Cumbria','CMA',1226),(2644,'Darlington','DAL',1226),(2645,'Denbighshire','DEN',1226),(2646,'Derby','DER',1226),(2647,'Derbyshire','DBY',1226),(2648,'Derry','DRY',1226),(2649,'Devon','DEV',1226),(2650,'Doncaster','DNC',1226),(2651,'Dorset','DOR',1226),(2652,'Co Down','DOW',1226),(2653,'Dudley','DUD',1226),(2654,'Dumfries and Galloway','DGY',1226),(2655,'Dundee City','DND',1226),(2656,'Dungannon','DGN',1226),(2657,'Co Durham','DUR',1226),(2658,'Ealing','EAL',1226),(2659,'East Ayrshire','EAY',1226),(2660,'East Dunbartonshire','EDU',1226),(2661,'East Lothian','ELN',1226),(2662,'East Renfrewshire','ERW',1226),(2663,'East Riding of Yorkshire','ERY',1226),(2664,'East Sussex','ESX',1226),(2665,'Edinburgh, City of','EDH',1226),(2666,'Eilean Siar','ELS',1226),(2667,'Enfield','ENF',1226),(2668,'Essex','ESS',1226),(2669,'Falkirk','FAL',1226),(2670,'Co Fermanagh','FER',1226),(2671,'Fife','FIF',1226),(2672,'Flintshire','FLN',1226),(2673,'Gateshead','GAT',1226),(2674,'Glasgow','GLG',1226),(2675,'Gloucestershire','GLS',1226),(2676,'Greenwich','GRE',1226),(2677,'Guernsey','GSY',1226),(2678,'Gwynedd','GWN',1226),(2679,'Hackney','HCK',1226),(2680,'Halton','HAL',1226),(2681,'Hammersmith and Fulham','HMF',1226),(2682,'Hampshire','HAM',1226),(2683,'Haringey','HRY',1226),(2684,'Harrow','HRW',1226),(2685,'Hartlepool','HPL',1226),(2686,'Havering','HAV',1226),(2687,'Herefordshire','HEF',1226),(2688,'Hertfordshire','HRT',1226),(2689,'Highland','HED',1226),(2690,'Hillingdon','HIL',1226),(2691,'Hounslow','HNS',1226),(2692,'Inverclyde','IVC',1226),(2693,'Isle of Anglesey','AGY',1226),(2694,'Isle of Wight','IOW',1226),(2695,'Isles of Scilly','IOS',1226),(2696,'Islington','ISL',1226),(2697,'Jersey','JSY',1226),(2698,'Kensington and Chelsea','KEC',1226),(2699,'Kent','KEN',1226),(2700,'Kingston upon Hull','KHL',1226),(2701,'Kingston upon Thames','KTT',1226),(2702,'Kirklees','KIR',1226),(2703,'Knowsley','KWL',1226),(2704,'Lambeth','LBH',1226),(2705,'Lancashire','LAN',1226),(2706,'Larne','LRN',1226),(2707,'Leeds','LDS',1226),(2708,'Leicester','LCE',1226),(2709,'Leicestershire','LEC',1226),(2710,'Lewisham','LEW',1226),(2711,'Limavady','LMV',1226),(2712,'Lincolnshire','LIN',1226),(2713,'Lisburn','LSB',1226),(2714,'Liverpool','LIV',1226),(2715,'London, City of','LND',1226),(2716,'Luton','LUT',1226),(2717,'Magherafelt','MFT',1226),(2718,'Manchester','MAN',1226),(2719,'Medway','MDW',1226),(2720,'Merthyr Tydfil','MTY',1226),(2721,'Merton','MRT',1226),(2722,'Middlesbrough','MDB',1226),(2723,'Midlothian','MLN',1226),(2724,'Milton Keynes','MIK',1226),(2725,'Monmouthshire','MON',1226),(2726,'Moray','MRY',1226),(2727,'Moyle','MYL',1226),(2728,'Neath Port Talbot','NTL',1226),(2729,'Newcastle upon Tyne','NET',1226),(2730,'Newham','NWM',1226),(2731,'Newport','NWP',1226),(2732,'Newry and Mourne','NYM',1226),(2733,'Newtownabbey','NTA',1226),(2734,'Norfolk','NFK',1226),(2735,'North Ayrshire','NAY',1226),(2736,'North Down','NDN',1226),(2737,'North East Lincolnshire','NEL',1226),(2738,'North Lanarkshire','NLK',1226),(2739,'North Lincolnshire','NLN',1226),(2740,'North Somerset','NSM',1226),(2741,'North Tyneside','NTY',1226),(2742,'North Yorkshire','NYK',1226),(2743,'Northamptonshire','NTH',1226),(2744,'Northumberland','NBL',1226),(2745,'Nottingham','NGM',1226),(2746,'Nottinghamshire','NTT',1226),(2747,'Oldham','OLD',1226),(2748,'Omagh','OMH',1226),(2749,'Orkney Islands','ORR',1226),(2750,'Oxfordshire','OXF',1226),(2751,'Pembrokeshire','PEM',1226),(2752,'Perth and Kinross','PKN',1226),(2753,'Peterborough','PTE',1226),(2754,'Plymouth','PLY',1226),(2755,'Poole','POL',1226),(2756,'Portsmouth','POR',1226),(2757,'Powys','POW',1226),(2758,'Reading','RDG',1226),(2759,'Redbridge','RDB',1226),(2760,'Cleveland','RCC',1226),(2761,'Renfrewshire','RFW',1226),(2762,'Rhondda Cynon Taff','RCT',1226),(2763,'Richmond upon Thames','RIC',1226),(2764,'Rochdale','RCH',1226),(2765,'Rotherham','ROT',1226),(2766,'Rutland','RUT',1226),(2767,'St. Helens','SHN',1226),(2768,'Salford','SLF',1226),(2769,'Sandwell','SAW',1226),(2770,'Scottish Borders','SCB',1226),(2771,'Sefton','SFT',1226),(2772,'Sheffield','SHF',1226),(2773,'Shetland Islands','ZET',1226),(2774,'Shropshire','SHR',1226),(2775,'Slough','SLG',1226),(2776,'Solihull','SOL',1226),(2777,'Somerset','SOM',1226),(2778,'South Ayrshire','SAY',1226),(2779,'South Gloucestershire','SGC',1226),(2780,'South Lanarkshire','SLK',1226),(2781,'South Tyneside','STY',1226),(2782,'Southampton','STH',1226),(2783,'Southend-on-Sea','SOS',1226),(2784,'Southwark','SWK',1226),(2785,'Staffordshire','STS',1226),(2786,'Stirling','STG',1226),(2787,'Stockport','SKP',1226),(2788,'Stockton-on-Tees','STT',1226),(2789,'Stoke-on-Trent','STE',1226),(2790,'Strabane','STB',1226),(2791,'Suffolk','SFK',1226),(2792,'Sunderland','SND',1226),(2793,'Surrey','SRY',1226),(2794,'Sutton','STN',1226),(2795,'Swansea','SWA',1226),(2796,'Swindon','SWD',1226),(2797,'Tameside','TAM',1226),(2798,'Telford and Wrekin','TFW',1226),(2799,'Thurrock','THR',1226),(2800,'Torbay','TOB',1226),(2801,'Torfaen','TOF',1226),(2802,'Tower Hamlets','TWH',1226),(2803,'Trafford','TRF',1226),(2804,'Vale of Glamorgan','VGL',1226),(2805,'Bro Morgannwg','BMG',1226),(2806,'Wakefield','WKF',1226),(2807,'Walsall','WLL',1226),(2808,'Waltham Forest','WFT',1226),(2809,'Wandsworth','WND',1226),(2810,'Warrington','WRT',1226),(2811,'Warwickshire','WAR',1226),(2812,'West Berkshire','WBX',1226),(2813,'West Dunbartonshire','WDU',1226),(2814,'West Lothian','WLN',1226),(2815,'West Sussex','WSX',1226),(2816,'Westminster','WSM',1226),(2817,'Wigan','WGN',1226),(2818,'Wiltshire','WIL',1226),(2819,'Windsor and Maidenhead','WNM',1226),(2820,'Wirral','WRL',1226),(2821,'Wokingham','WOK',1226),(2822,'Wolverhampton','WLV',1226),(2823,'Worcestershire','WOR',1226),(2824,'Wrexham','WRX',1226),(2825,'York','YOR',1226),(2826,'Ashanti','AH',1083),(2827,'Brong-Ahafo','BA',1083),(2828,'Greater Accra','AA',1083),(2829,'Upper East','UE',1083),(2830,'Upper West','UW',1083),(2831,'Volta','TV',1083),(2832,'Banjul','B',1213),(2833,'Lower River','L',1213),(2834,'MacCarthy Island','M',1213),(2835,'North Bank','N',1213),(2836,'Upper River','U',1213),(2837,'Beyla','BE',1091),(2838,'Boffa','BF',1091),(2839,'Boke','BK',1091),(2840,'Coyah','CO',1091),(2841,'Dabola','DB',1091),(2842,'Dalaba','DL',1091),(2843,'Dinguiraye','DI',1091),(2844,'Dubreka','DU',1091),(2845,'Faranah','FA',1091),(2846,'Forecariah','FO',1091),(2847,'Fria','FR',1091),(2848,'Gaoual','GA',1091),(2849,'Guekedou','GU',1091),(2850,'Kankan','KA',1091),(2851,'Kerouane','KE',1091),(2852,'Kindia','KD',1091),(2853,'Kissidougou','KS',1091),(2854,'Koubia','KB',1091),(2855,'Koundara','KN',1091),(2856,'Kouroussa','KO',1091),(2857,'Labe','LA',1091),(2858,'Lelouma','LE',1091),(2859,'Lola','LO',1091),(2860,'Macenta','MC',1091),(2861,'Mali','ML',1091),(2862,'Mamou','MM',1091),(2863,'Mandiana','MD',1091),(2864,'Nzerekore','NZ',1091),(2865,'Pita','PI',1091),(2866,'Siguiri','SI',1091),(2867,'Telimele','TE',1091),(2868,'Tougue','TO',1091),(2869,'Yomou','YO',1091),(2870,'Region Continental','C',1067),(2871,'Region Insular','I',1067),(2872,'Annobon','AN',1067),(2873,'Bioko Norte','BN',1067),(2874,'Bioko Sur','BS',1067),(2875,'Centro Sur','CS',1067),(2876,'Kie-Ntem','KN',1067),(2877,'Litoral','LI',1067),(2878,'Wele-Nzas','WN',1067),(2879,'Achaa','13',1085),(2880,'Aitolia-Akarnania','01',1085),(2881,'Argolis','11',1085),(2882,'Arkadia','12',1085),(2883,'Arta','31',1085),(2884,'Attiki','A1',1085),(2885,'Chalkidiki','64',1085),(2886,'Chania','94',1085),(2887,'Chios','85',1085),(2888,'Dodekanisos','81',1085),(2889,'Drama','52',1085),(2890,'Evros','71',1085),(2891,'Evrytania','05',1085),(2892,'Evvoia','04',1085),(2893,'Florina','63',1085),(2894,'Fokis','07',1085),(2895,'Fthiotis','06',1085),(2896,'Grevena','51',1085),(2897,'Ileia','14',1085),(2898,'Imathia','53',1085),(2899,'Ioannina','33',1085),(2900,'Irakleion','91',1085),(2901,'Karditsa','41',1085),(2902,'Kastoria','56',1085),(2903,'Kavalla','55',1085),(2904,'Kefallinia','23',1085),(2905,'Kerkyra','22',1085),(2906,'Kilkis','57',1085),(2907,'Korinthia','15',1085),(2908,'Kozani','58',1085),(2909,'Kyklades','82',1085),(2910,'Lakonia','16',1085),(2911,'Larisa','42',1085),(2912,'Lasithion','92',1085),(2913,'Lefkas','24',1085),(2914,'Lesvos','83',1085),(2915,'Magnisia','43',1085),(2916,'Messinia','17',1085),(2917,'Pella','59',1085),(2918,'Preveza','34',1085),(2919,'Rethymnon','93',1085),(2920,'Rodopi','73',1085),(2921,'Samos','84',1085),(2922,'Serrai','62',1085),(2923,'Thesprotia','32',1085),(2924,'Thessaloniki','54',1085),(2925,'Trikala','44',1085),(2926,'Voiotia','03',1085),(2927,'Xanthi','72',1085),(2928,'Zakynthos','21',1085),(2929,'Agio Oros','69',1085),(2930,'Alta Verapez','AV',1090),(2931,'Baja Verapez','BV',1090),(2932,'Chimaltenango','CM',1090),(2933,'Chiquimula','CQ',1090),(2934,'El Progreso','PR',1090),(2935,'Escuintla','ES',1090),(2936,'Guatemala','GU',1090),(2937,'Huehuetenango','HU',1090),(2938,'Izabal','IZ',1090),(2939,'Jalapa','JA',1090),(2940,'Jutiapa','JU',1090),(2941,'Peten','PE',1090),(2942,'Quetzaltenango','QZ',1090),(2943,'Quiche','QC',1090),(2944,'Reta.thuleu','RE',1090),(2945,'Sacatepequez','SA',1090),(2946,'San Marcos','SM',1090),(2947,'Santa Rosa','SR',1090),(2948,'Solol6','SO',1090),(2949,'Suchitepequez','SU',1090),(2950,'Totonicapan','TO',1090),(2951,'Zacapa','ZA',1090),(2952,'Bissau','BS',1092),(2953,'Bafata','BA',1092),(2954,'Biombo','BM',1092),(2955,'Bolama','BL',1092),(2956,'Cacheu','CA',1092),(2957,'Gabu','GA',1092),(2958,'Oio','OI',1092),(2959,'Quloara','QU',1092),(2960,'Tombali S','TO',1092),(2961,'Barima-Waini','BA',1093),(2962,'Cuyuni-Mazaruni','CU',1093),(2963,'Demerara-Mahaica','DE',1093),(2964,'East Berbice-Corentyne','EB',1093),(2965,'Essequibo Islands-West Demerara','ES',1093),(2966,'Mahaica-Berbice','MA',1093),(2967,'Pomeroon-Supenaam','PM',1093),(2968,'Potaro-Siparuni','PT',1093),(2969,'Upper Demerara-Berbice','UD',1093),(2970,'Upper Takutu-Upper Essequibo','UT',1093),(2971,'Atlantida','AT',1097),(2972,'Colon','CL',1097),(2973,'Comayagua','CM',1097),(2974,'Copan','CP',1097),(2975,'Cortes','CR',1097),(2976,'Choluteca','CH',1097),(2977,'El Paraiso','EP',1097),(2978,'Francisco Morazan','FM',1097),(2979,'Gracias a Dios','GD',1097),(2980,'Intibuca','IN',1097),(2981,'Islas de la Bahia','IB',1097),(2982,'Lempira','LE',1097),(2983,'Ocotepeque','OC',1097),(2984,'Olancho','OL',1097),(2985,'Santa Barbara','SB',1097),(2986,'Valle','VA',1097),(2987,'Yoro','YO',1097),(2988,'Bjelovarsko-bilogorska zupanija','07',1055),(2989,'Brodsko-posavska zupanija','12',1055),(2990,'Dubrovacko-neretvanska zupanija','19',1055),(2991,'Istarska zupanija','18',1055),(2992,'Karlovacka zupanija','04',1055),(2993,'Koprivnickco-krizevacka zupanija','06',1055),(2994,'Krapinako-zagorska zupanija','02',1055),(2995,'Licko-senjska zupanija','09',1055),(2996,'Medimurska zupanija','20',1055),(2997,'Osjecko-baranjska zupanija','14',1055),(2998,'Pozesko-slavonska zupanija','11',1055),(2999,'Primorsko-goranska zupanija','08',1055),(3000,'Sisacko-moelavacka Iupanija','03',1055),(3001,'Splitako-dalmatinska zupanija','17',1055),(3002,'Sibenako-kninska zupanija','15',1055),(3003,'Varaidinska zupanija','05',1055),(3004,'VirovitiEko-podravska zupanija','10',1055),(3005,'VuRovarako-srijemska zupanija','16',1055),(3006,'Zadaraka','13',1055),(3007,'Zagrebacka zupanija','01',1055),(3008,'Grande-Anse','GA',1094),(3009,'Nord-Eat','NE',1094),(3010,'Nord-Ouest','NO',1094),(3011,'Ouest','OU',1094),(3012,'Sud','SD',1094),(3013,'Sud-Est','SE',1094),(3014,'Budapest','BU',1099),(3015,'Bcs-Kiskun','BK',1099),(3016,'Baranya','BA',1099),(3017,'Bks','BE',1099),(3018,'Borsod-Abaj-Zempln','BZ',1099),(3019,'Csongrd','CS',1099),(3020,'Fejr','FE',1099),(3021,'Gyr-Moson-Sopron','GS',1099),(3022,'Hajdu-Bihar','HB',1099),(3023,'Heves','HE',1099),(3024,'Jsz-Nagykun-Szolnok','JN',1099),(3025,'Komrom-Esztergom','KE',1099),(3026,'Nogrd','NO',1099),(3027,'Pest','PE',1099),(3028,'Somogy','SO',1099),(3029,'Szabolcs-Szatmr-Bereg','SZ',1099),(3030,'Tolna','TO',1099),(3031,'Vas','VA',1099),(3032,'Veszprm','VE',1099),(3033,'Zala','ZA',1099),(3034,'Bkscsaba','BC',1099),(3035,'Debrecen','DE',1099),(3036,'Dunajvros','DU',1099),(3037,'Eger','EG',1099),(3038,'Gyr','GY',1099),(3039,'Hdmezvsrhely','HV',1099),(3040,'Kaposvr','KV',1099),(3041,'Kecskemt','KM',1099),(3042,'Miskolc','MI',1099),(3043,'Nagykanizsa','NK',1099),(3044,'Nyiregyhza','NY',1099),(3045,'Pcs','PS',1099),(3046,'Salgtarjn','ST',1099),(3047,'Sopron','SN',1099),(3048,'Szeged','SD',1099),(3049,'Szkesfehrvr','SF',1099),(3050,'Szekszrd','SS',1099),(3051,'Szolnok','SK',1099),(3052,'Szombathely','SH',1099),(3053,'Tatabnya','TB',1099),(3054,'Zalaegerszeg','ZE',1099),(3055,'Bali','BA',1102),(3056,'Bangka Belitung','BB',1102),(3057,'Banten','BT',1102),(3058,'Bengkulu','BE',1102),(3059,'Gorontalo','GO',1102),(3060,'Irian Jaya','IJ',1102),(3061,'Jambi','JA',1102),(3062,'Jawa Barat','JB',1102),(3063,'Jawa Tengah','JT',1102),(3064,'Jawa Timur','JI',1102),(3065,'Kalimantan Barat','KB',1102),(3066,'Kalimantan Timur','KT',1102),(3067,'Kalimantan Selatan','KS',1102),(3068,'Kepulauan Riau','KR',1102),(3069,'Lampung','LA',1102),(3070,'Maluku','MA',1102),(3071,'Maluku Utara','MU',1102),(3072,'Nusa Tenggara Barat','NB',1102),(3073,'Nusa Tenggara Timur','NT',1102),(3074,'Papua','PA',1102),(3075,'Riau','RI',1102),(3076,'Sulawesi Selatan','SN',1102),(3077,'Sulawesi Tengah','ST',1102),(3078,'Sulawesi Tenggara','SG',1102),(3079,'Sulawesi Utara','SA',1102),(3080,'Sumatra Barat','SB',1102),(3081,'Sumatra Selatan','SS',1102),(3082,'Sumatera Utara','SU',1102),(3083,'Jakarta Raya','JK',1102),(3084,'Aceh','AC',1102),(3085,'Yogyakarta','YO',1102),(3086,'Cork','C',1105),(3087,'Clare','CE',1105),(3088,'Cavan','CN',1105),(3089,'Carlow','CW',1105),(3090,'Dublin','D',1105),(3091,'Donegal','DL',1105),(3092,'Galway','G',1105),(3093,'Kildare','KE',1105),(3094,'Kilkenny','KK',1105),(3095,'Kerry','KY',1105),(3096,'Longford','LD',1105),(3097,'Louth','LH',1105),(3098,'Limerick','LK',1105),(3099,'Leitrim','LM',1105),(3100,'Laois','LS',1105),(3101,'Meath','MH',1105),(3102,'Monaghan','MN',1105),(3103,'Mayo','MO',1105),(3104,'Offaly','OY',1105),(3105,'Roscommon','RN',1105),(3106,'Sligo','SO',1105),(3107,'Tipperary','TA',1105),(3108,'Waterford','WD',1105),(3109,'Westmeath','WH',1105),(3110,'Wicklow','WW',1105),(3111,'Wexford','WX',1105),(3112,'HaDarom','D',1106),(3113,'HaMerkaz','M',1106),(3114,'HaZafon','Z',1106),(3115,'Hefa','HA',1106),(3116,'Tel-Aviv','TA',1106),(3117,'Yerushalayim Al Quds','JM',1106),(3118,'Al Anbar','AN',1104),(3119,'Al Ba,rah','BA',1104),(3120,'Al Muthanna','MU',1104),(3121,'Al Qadisiyah','QA',1104),(3122,'An Najef','NA',1104),(3123,'Arbil','AR',1104),(3124,'As Sulaymaniyah','SW',1104),(3125,'At Ta\'mim','TS',1104),(3126,'Babil','BB',1104),(3127,'Baghdad','BG',1104),(3128,'Dahuk','DA',1104),(3129,'Dhi Qar','DQ',1104),(3130,'Diyala','DI',1104),(3131,'Karbala\'','KA',1104),(3132,'Maysan','MA',1104),(3133,'Ninawa','NI',1104),(3134,'Salah ad Din','SD',1104),(3135,'Wasit','WA',1104),(3136,'Ardabil','03',1103),(3137,'Azarbayjan-e Gharbi','02',1103),(3138,'Azarbayjan-e Sharqi','01',1103),(3139,'Bushehr','06',1103),(3140,'Chahar Mahall va Bakhtiari','08',1103),(3141,'Esfahan','04',1103),(3142,'Fars','14',1103),(3143,'Gilan','19',1103),(3144,'Golestan','27',1103),(3145,'Hamadan','24',1103),(3146,'Hormozgan','23',1103),(3147,'Iiam','05',1103),(3148,'Kerman','15',1103),(3149,'Kermanshah','17',1103),(3150,'Khorasan','09',1103),(3151,'Khuzestan','10',1103),(3152,'Kohjiluyeh va Buyer Ahmad','18',1103),(3153,'Kordestan','16',1103),(3154,'Lorestan','20',1103),(3155,'Markazi','22',1103),(3156,'Mazandaran','21',1103),(3157,'Qazvin','28',1103),(3158,'Qom','26',1103),(3159,'Semnan','12',1103),(3160,'Sistan va Baluchestan','13',1103),(3161,'Tehran','07',1103),(3162,'Yazd','25',1103),(3163,'Zanjan','11',1103),(3164,'Austurland','7',1100),(3165,'Hofuoborgarsvaeoi utan Reykjavikur','1',1100),(3166,'Norourland eystra','6',1100),(3167,'Norourland vestra','5',1100),(3168,'Reykjavik','0',1100),(3169,'Suourland','8',1100),(3170,'Suournes','2',1100),(3171,'Vestfirolr','4',1100),(3172,'Vesturland','3',1100),(3173,'Agrigento','AG',1107),(3174,'Alessandria','AL',1107),(3175,'Ancona','AN',1107),(3176,'Aosta','AO',1107),(3177,'Arezzo','AR',1107),(3178,'Ascoli Piceno','AP',1107),(3179,'Asti','AT',1107),(3180,'Avellino','AV',1107),(3181,'Bari','BA',1107),(3182,'Belluno','BL',1107),(3183,'Benevento','BN',1107),(3184,'Bergamo','BG',1107),(3185,'Biella','BI',1107),(3186,'Bologna','BO',1107),(3187,'Bolzano','BZ',1107),(3188,'Brescia','BS',1107),(3189,'Brindisi','BR',1107),(3190,'Cagliari','CA',1107),(3191,'Caltanissetta','CL',1107),(3192,'Campobasso','CB',1107),(3193,'Caserta','CE',1107),(3194,'Catania','CT',1107),(3195,'Catanzaro','CZ',1107),(3196,'Chieti','CH',1107),(3197,'Como','CO',1107),(3198,'Cosenza','CS',1107),(3199,'Cremona','CR',1107),(3200,'Crotone','KR',1107),(3201,'Cuneo','CN',1107),(3202,'Enna','EN',1107),(3203,'Ferrara','FE',1107),(3204,'Firenze','FI',1107),(3205,'Foggia','FG',1107),(3206,'Forl-Cesena','FC',1107),(3207,'Frosinone','FR',1107),(3208,'Genova','GE',1107),(3209,'Gorizia','GO',1107),(3210,'Grosseto','GR',1107),(3211,'Imperia','IM',1107),(3212,'Isernia','IS',1107),(3213,'L\'Aquila','AQ',1107),(3214,'La Spezia','SP',1107),(3215,'Latina','LT',1107),(3216,'Lecce','LE',1107),(3217,'Lecco','LC',1107),(3218,'Livorno','LI',1107),(3219,'Lodi','LO',1107),(3220,'Lucca','LU',1107),(3221,'Macerata','MC',1107),(3222,'Mantova','MN',1107),(3223,'Massa-Carrara','MS',1107),(3224,'Matera','MT',1107),(3225,'Messina','ME',1107),(3226,'Milano','MI',1107),(3227,'Modena','MO',1107),(3228,'Napoli','NA',1107),(3229,'Novara','NO',1107),(3230,'Nuoro','NU',1107),(3231,'Oristano','OR',1107),(3232,'Padova','PD',1107),(3233,'Palermo','PA',1107),(3234,'Parma','PR',1107),(3235,'Pavia','PV',1107),(3236,'Perugia','PG',1107),(3237,'Pesaro e Urbino','PU',1107),(3238,'Pescara','PE',1107),(3239,'Piacenza','PC',1107),(3240,'Pisa','PI',1107),(3241,'Pistoia','PT',1107),(3242,'Pordenone','PN',1107),(3243,'Potenza','PZ',1107),(3244,'Prato','PO',1107),(3245,'Ragusa','RG',1107),(3246,'Ravenna','RA',1107),(3247,'Reggio Calabria','RC',1107),(3248,'Reggio Emilia','RE',1107),(3249,'Rieti','RI',1107),(3250,'Rimini','RN',1107),(3251,'Roma','RM',1107),(3252,'Rovigo','RO',1107),(3253,'Salerno','SA',1107),(3254,'Sassari','SS',1107),(3255,'Savona','SV',1107),(3256,'Siena','SI',1107),(3257,'Siracusa','SR',1107),(3258,'Sondrio','SO',1107),(3259,'Taranto','TA',1107),(3260,'Teramo','TE',1107),(3261,'Terni','TR',1107),(3262,'Torino','TO',1107),(3263,'Trapani','TP',1107),(3264,'Trento','TN',1107),(3265,'Treviso','TV',1107),(3266,'Trieste','TS',1107),(3267,'Udine','UD',1107),(3268,'Varese','VA',1107),(3269,'Venezia','VE',1107),(3270,'Verbano-Cusio-Ossola','VB',1107),(3271,'Vercelli','VC',1107),(3272,'Verona','VR',1107),(3273,'Vibo Valentia','VV',1107),(3274,'Vicenza','VI',1107),(3275,'Viterbo','VT',1107),(3276,'Aichi','23',1109),(3277,'Akita','05',1109),(3278,'Aomori','02',1109),(3279,'Chiba','12',1109),(3280,'Ehime','38',1109),(3281,'Fukui','18',1109),(3282,'Fukuoka','40',1109),(3283,'Fukusima','07',1109),(3284,'Gifu','21',1109),(3285,'Gunma','10',1109),(3286,'Hiroshima','34',1109),(3287,'Hokkaido','01',1109),(3288,'Hyogo','28',1109),(3289,'Ibaraki','08',1109),(3290,'Ishikawa','17',1109),(3291,'Iwate','03',1109),(3292,'Kagawa','37',1109),(3293,'Kagoshima','46',1109),(3294,'Kanagawa','14',1109),(3295,'Kochi','39',1109),(3296,'Kumamoto','43',1109),(3297,'Kyoto','26',1109),(3298,'Mie','24',1109),(3299,'Miyagi','04',1109),(3300,'Miyazaki','45',1109),(3301,'Nagano','20',1109),(3302,'Nagasaki','42',1109),(3303,'Nara','29',1109),(3304,'Niigata','15',1109),(3305,'Oita','44',1109),(3306,'Okayama','33',1109),(3307,'Okinawa','47',1109),(3308,'Osaka','27',1109),(3309,'Saga','41',1109),(3310,'Saitama','11',1109),(3311,'Shiga','25',1109),(3312,'Shimane','32',1109),(3313,'Shizuoka','22',1109),(3314,'Tochigi','09',1109),(3315,'Tokushima','36',1109),(3316,'Tokyo','13',1109),(3317,'Tottori','31',1109),(3318,'Toyama','16',1109),(3319,'Wakayama','30',1109),(3320,'Yamagata','06',1109),(3321,'Yamaguchi','35',1109),(3322,'Yamanashi','19',1109),(3323,'Clarendon','CN',1108),(3324,'Hanover','HR',1108),(3325,'Kingston','KN',1108),(3326,'Portland','PD',1108),(3327,'Saint Andrew','AW',1108),(3328,'Saint Ann','AN',1108),(3329,'Saint Catherine','CE',1108),(3330,'Saint Elizabeth','EH',1108),(3331,'Saint James','JS',1108),(3332,'Saint Mary','MY',1108),(3333,'Saint Thomas','TS',1108),(3334,'Trelawny','TY',1108),(3335,'Westmoreland','WD',1108),(3336,'Ajln','AJ',1110),(3337,'Al \'Aqaba','AQ',1110),(3338,'Al Balqa\'','BA',1110),(3339,'Al Karak','KA',1110),(3340,'Al Mafraq','MA',1110),(3341,'Amman','AM',1110),(3342,'At Tafilah','AT',1110),(3343,'Az Zarga','AZ',1110),(3344,'Irbid','JR',1110),(3345,'Jarash','JA',1110),(3346,'Ma\'an','MN',1110),(3347,'Madaba','MD',1110),(3348,'Nairobi Municipality','110',1112),(3349,'Coast','300',1112),(3350,'North-Eastern Kaskazini Mashariki','500',1112),(3351,'Rift Valley','700',1112),(3352,'Western Magharibi','900',1112),(3353,'Bishkek','GB',1117),(3354,'Batken','B',1117),(3355,'Chu','C',1117),(3356,'Jalal-Abad','J',1117),(3357,'Naryn','N',1117),(3358,'Osh','O',1117),(3359,'Talas','T',1117),(3360,'Ysyk-Kol','Y',1117),(3361,'Krong Kaeb','23',1037),(3362,'Krong Pailin','24',1037),(3363,'Xrong Preah Sihanouk','18',1037),(3364,'Phnom Penh','12',1037),(3365,'Baat Dambang','2',1037),(3366,'Banteay Mean Chey','1',1037),(3367,'Rampong Chaam','3',1037),(3368,'Kampong Chhnang','4',1037),(3369,'Kampong Spueu','5',1037),(3370,'Kampong Thum','6',1037),(3371,'Kampot','7',1037),(3372,'Kandaal','8',1037),(3373,'Kach Kong','9',1037),(3374,'Krachoh','10',1037),(3375,'Mondol Kiri','11',1037),(3376,'Otdar Mean Chey','22',1037),(3377,'Pousaat','15',1037),(3378,'Preah Vihear','13',1037),(3379,'Prey Veaeng','14',1037),(3380,'Rotanak Kiri','16',1037),(3381,'Siem Reab','17',1037),(3382,'Stueng Traeng','19',1037),(3383,'Svaay Rieng','20',1037),(3384,'Taakaev','21',1037),(3385,'Gilbert Islands','G',1113),(3386,'Line Islands','L',1113),(3387,'Phoenix Islands','P',1113),(3388,'Anjouan Ndzouani','A',1049),(3389,'Grande Comore Ngazidja','G',1049),(3390,'Moheli Moili','M',1049),(3391,'Kaesong-si','KAE',1114),(3392,'Nampo-si','NAM',1114),(3393,'Pyongyang-ai','PYO',1114),(3394,'Chagang-do','CHA',1114),(3395,'Hamgyongbuk-do','HAB',1114),(3396,'Hamgyongnam-do','HAN',1114),(3397,'Hwanghaebuk-do','HWB',1114),(3398,'Hwanghaenam-do','HWN',1114),(3399,'Kangwon-do','KAN',1114),(3400,'Pyonganbuk-do','PYB',1114),(3401,'Pyongannam-do','PYN',1114),(3402,'Yanggang-do','YAN',1114),(3403,'Najin Sonbong-si','NAJ',1114),(3404,'Seoul Teugbyeolsi','11',1115),(3405,'Busan Gwang\'yeogsi','26',1115),(3406,'Daegu Gwang\'yeogsi','27',1115),(3407,'Daejeon Gwang\'yeogsi','30',1115),(3408,'Gwangju Gwang\'yeogsi','29',1115),(3409,'Incheon Gwang\'yeogsi','28',1115),(3410,'Ulsan Gwang\'yeogsi','31',1115),(3411,'Chungcheongbugdo','43',1115),(3412,'Chungcheongnamdo','44',1115),(3413,'Gang\'weondo','42',1115),(3414,'Gyeonggido','41',1115),(3415,'Gyeongsangbugdo','47',1115),(3416,'Gyeongsangnamdo','48',1115),(3417,'Jejudo','49',1115),(3418,'Jeonrabugdo','45',1115),(3419,'Jeonranamdo','46',1115),(3420,'Al Ahmadi','AH',1116),(3421,'Al Farwanlyah','FA',1116),(3422,'Al Jahrah','JA',1116),(3423,'Al Kuwayt','KU',1116),(3424,'Hawalli','HA',1116),(3425,'Almaty','ALA',1111),(3426,'Astana','AST',1111),(3427,'Almaty oblysy','ALM',1111),(3428,'Aqmola oblysy','AKM',1111),(3429,'Aqtobe oblysy','AKT',1111),(3430,'Atyrau oblyfiy','ATY',1111),(3431,'Batys Quzaqstan oblysy','ZAP',1111),(3432,'Mangghystau oblysy','MAN',1111),(3433,'Ongtustik Quzaqstan oblysy','YUZ',1111),(3434,'Pavlodar oblysy','PAV',1111),(3435,'Qaraghandy oblysy','KAR',1111),(3436,'Qostanay oblysy','KUS',1111),(3437,'Qyzylorda oblysy','KZY',1111),(3438,'Shyghys Quzaqstan oblysy','VOS',1111),(3439,'Soltustik Quzaqstan oblysy','SEV',1111),(3440,'Zhambyl oblysy Zhambylskaya oblast\'','ZHA',1111),(3441,'Vientiane','VT',1118),(3442,'Attapu','AT',1118),(3443,'Bokeo','BK',1118),(3444,'Bolikhamxai','BL',1118),(3445,'Champasak','CH',1118),(3446,'Houaphan','HO',1118),(3447,'Khammouan','KH',1118),(3448,'Louang Namtha','LM',1118),(3449,'Louangphabang','LP',1118),(3450,'Oudomxai','OU',1118),(3451,'Phongsali','PH',1118),(3452,'Salavan','SL',1118),(3453,'Savannakhet','SV',1118),(3454,'Xaignabouli','XA',1118),(3455,'Xiasomboun','XN',1118),(3456,'Xekong','XE',1118),(3457,'Xiangkhoang','XI',1118),(3458,'Beirout','BA',1120),(3459,'El Begsa','BI',1120),(3460,'Jabal Loubnane','JL',1120),(3461,'Loubnane ech Chemali','AS',1120),(3462,'Loubnane ej Jnoubi','JA',1120),(3463,'Nabatiye','NA',1120),(3464,'Ampara','52',1199),(3465,'Anuradhapura','71',1199),(3466,'Badulla','81',1199),(3467,'Batticaloa','51',1199),(3468,'Colombo','11',1199),(3469,'Galle','31',1199),(3470,'Gampaha','12',1199),(3471,'Hambantota','33',1199),(3472,'Jaffna','41',1199),(3473,'Kalutara','13',1199),(3474,'Kandy','21',1199),(3475,'Kegalla','92',1199),(3476,'Kilinochchi','42',1199),(3477,'Kurunegala','61',1199),(3478,'Mannar','43',1199),(3479,'Matale','22',1199),(3480,'Matara','32',1199),(3481,'Monaragala','82',1199),(3482,'Mullaittivu','45',1199),(3483,'Nuwara Eliya','23',1199),(3484,'Polonnaruwa','72',1199),(3485,'Puttalum','62',1199),(3486,'Ratnapura','91',1199),(3487,'Trincomalee','53',1199),(3488,'VavunLya','44',1199),(3489,'Bomi','BM',1122),(3490,'Bong','BG',1122),(3491,'Grand Basaa','GB',1122),(3492,'Grand Cape Mount','CM',1122),(3493,'Grand Gedeh','GG',1122),(3494,'Grand Kru','GK',1122),(3495,'Lofa','LO',1122),(3496,'Margibi','MG',1122),(3497,'Maryland','MY',1122),(3498,'Montserrado','MO',1122),(3499,'Nimba','NI',1122),(3500,'Rivercess','RI',1122),(3501,'Sinoe','SI',1122),(3502,'Berea','D',1121),(3503,'Butha-Buthe','B',1121),(3504,'Leribe','C',1121),(3505,'Mafeteng','E',1121),(3506,'Maseru','A',1121),(3507,'Mohale\'s Hoek','F',1121),(3508,'Mokhotlong','J',1121),(3509,'Qacha\'s Nek','H',1121),(3510,'Quthing','G',1121),(3511,'Thaba-Tseka','K',1121),(3512,'Alytaus Apskritis','AL',1125),(3513,'Kauno Apskritis','KU',1125),(3514,'Klaipedos Apskritis','KL',1125),(3515,'Marijampoles Apskritis','MR',1125),(3516,'Panevezio Apskritis','PN',1125),(3517,'Sisuliu Apskritis','SA',1125),(3518,'Taurages Apskritis','TA',1125),(3519,'Telsiu Apskritis','TE',1125),(3520,'Utenos Apskritis','UT',1125),(3521,'Vilniaus Apskritis','VL',1125),(3522,'Diekirch','D',1126),(3523,'GreveNmacher','G',1126),(3524,'Aizkraukles Apripkis','AI',1119),(3525,'Alkanes Apripkis','AL',1119),(3526,'Balvu Apripkis','BL',1119),(3527,'Bauskas Apripkis','BU',1119),(3528,'Cesu Aprikis','CE',1119),(3529,'Daugavpile Apripkis','DA',1119),(3530,'Dobeles Apripkis','DO',1119),(3531,'Gulbenes Aprlpkis','GU',1119),(3532,'Jelgavas Apripkis','JL',1119),(3533,'Jekabpils Apripkis','JK',1119),(3534,'Kraslavas Apripkis','KR',1119),(3535,'Kuldlgas Apripkis','KU',1119),(3536,'Limbazu Apripkis','LM',1119),(3537,'Liepajas Apripkis','LE',1119),(3538,'Ludzas Apripkis','LU',1119),(3539,'Madonas Apripkis','MA',1119),(3540,'Ogres Apripkis','OG',1119),(3541,'Preilu Apripkis','PR',1119),(3542,'Rezaknes Apripkis','RE',1119),(3543,'Rigas Apripkis','RI',1119),(3544,'Saldus Apripkis','SA',1119),(3545,'Talsu Apripkis','TA',1119),(3546,'Tukuma Apriplcis','TU',1119),(3547,'Valkas Apripkis','VK',1119),(3548,'Valmieras Apripkis','VM',1119),(3549,'Ventspils Apripkis','VE',1119),(3550,'Daugavpils','DGV',1119),(3551,'Jelgava','JEL',1119),(3552,'Jurmala','JUR',1119),(3553,'Liepaja','LPX',1119),(3554,'Rezekne','REZ',1119),(3555,'Riga','RIX',1119),(3556,'Ventspils','VEN',1119),(3557,'Ajdbiy','AJ',1123),(3558,'Al Bunn','BU',1123),(3559,'Al Hizm al Akhdar','HZ',1123),(3560,'Al Jabal al Akhdar','JA',1123),(3561,'Al Jifrah','JI',1123),(3562,'Al Jufrah','JU',1123),(3563,'Al Kufrah','KF',1123),(3564,'Al Marj','MJ',1123),(3565,'Al Marqab','MB',1123),(3566,'Al Qarn','QT',1123),(3567,'Al Qubbah','QB',1123),(3568,'Al Whah','WA',1123),(3569,'An Nuqa al Khams','NQ',1123),(3570,'Ash Shi\'','SH',1123),(3571,'Az Zwiyah','ZA',1123),(3572,'Banghz','BA',1123),(3573,'Ban Wald','BW',1123),(3574,'Darnah','DR',1123),(3575,'Ghadmis','GD',1123),(3576,'Gharyn','GR',1123),(3577,'Ght','GT',1123),(3578,'Jaghbb','JB',1123),(3579,'Mirtah','MI',1123),(3580,'Mizdah','MZ',1123),(3581,'Murzuq','MQ',1123),(3582,'Nlt','NL',1123),(3583,'Sabh','SB',1123),(3584,'abrtah urmn','SS',1123),(3585,'Surt','SR',1123),(3586,'Tjr\' wa an Nawh al Arbh','TN',1123),(3587,'arbulus','TB',1123),(3588,'Tarhnah-Masalltah','TM',1123),(3589,'Wd al hayt','WD',1123),(3590,'Yafran-Jd','YJ',1123),(3591,'Agadir','AGD',1146),(3592,'At Baha','BAH',1146),(3593,'At Melloul','MEL',1146),(3594,'Al Haouz','HAO',1146),(3595,'Al Hocema','HOC',1146),(3596,'Assa-Zag','ASZ',1146),(3597,'Azilal','AZI',1146),(3598,'Beni Mellal','BEM',1146),(3599,'Ben Sllmane','BES',1146),(3600,'Berkane','BER',1146),(3601,'Boujdour','BOD',1146),(3602,'Boulemane','BOM',1146),(3603,'Casablanca  [Dar el Beda]','CAS',1146),(3604,'Chefchaouene','CHE',1146),(3605,'Chichaoua','CHI',1146),(3606,'El Hajeb','HAJ',1146),(3607,'El Jadida','JDI',1146),(3608,'Errachidia','ERR',1146),(3609,'Essaouira','ESI',1146),(3610,'Es Smara','ESM',1146),(3611,'Fs','FES',1146),(3612,'Figuig','FIG',1146),(3613,'Guelmim','GUE',1146),(3614,'Ifrane','IFR',1146),(3615,'Jerada','JRA',1146),(3616,'Kelaat Sraghna','KES',1146),(3617,'Knitra','KEN',1146),(3618,'Khemisaet','KHE',1146),(3619,'Khenifra','KHN',1146),(3620,'Khouribga','KHO',1146),(3621,'Layoune (EH)','LAA',1146),(3622,'Larache','LAP',1146),(3623,'Marrakech','MAR',1146),(3624,'Meknss','MEK',1146),(3625,'Nador','NAD',1146),(3626,'Ouarzazate','OUA',1146),(3627,'Oued ed Dahab (EH)','OUD',1146),(3628,'Oujda','OUJ',1146),(3629,'Rabat-Sal','RBA',1146),(3630,'Safi','SAF',1146),(3631,'Sefrou','SEF',1146),(3632,'Settat','SET',1146),(3633,'Sidl Kacem','SIK',1146),(3634,'Tanger','TNG',1146),(3635,'Tan-Tan','TNT',1146),(3636,'Taounate','TAO',1146),(3637,'Taroudannt','TAR',1146),(3638,'Tata','TAT',1146),(3639,'Taza','TAZ',1146),(3640,'Ttouan','TET',1146),(3641,'Tiznit','TIZ',1146),(3642,'Gagauzia, Unitate Teritoriala Autonoma','GA',1142),(3643,'Chisinau','CU',1142),(3644,'Stinga Nistrului, unitatea teritoriala din','SN',1142),(3645,'Balti','BA',1142),(3646,'Cahul','CA',1142),(3647,'Edinet','ED',1142),(3648,'Lapusna','LA',1142),(3649,'Orhei','OR',1142),(3650,'Soroca','SO',1142),(3651,'Taraclia','TA',1142),(3652,'Tighina [Bender]','TI',1142),(3653,'Ungheni','UN',1142),(3654,'Antananarivo','T',1129),(3655,'Antsiranana','D',1129),(3656,'Fianarantsoa','F',1129),(3657,'Mahajanga','M',1129),(3658,'Toamasina','A',1129),(3659,'Toliara','U',1129),(3660,'Ailinglapalap','ALL',1135),(3661,'Ailuk','ALK',1135),(3662,'Arno','ARN',1135),(3663,'Aur','AUR',1135),(3664,'Ebon','EBO',1135),(3665,'Eniwetok','ENI',1135),(3666,'Jaluit','JAL',1135),(3667,'Kili','KIL',1135),(3668,'Kwajalein','KWA',1135),(3669,'Lae','LAE',1135),(3670,'Lib','LIB',1135),(3671,'Likiep','LIK',1135),(3672,'Majuro','MAJ',1135),(3673,'Maloelap','MAL',1135),(3674,'Mejit','MEJ',1135),(3675,'Mili','MIL',1135),(3676,'Namorik','NMK',1135),(3677,'Namu','NMU',1135),(3678,'Rongelap','RON',1135),(3679,'Ujae','UJA',1135),(3680,'Ujelang','UJL',1135),(3681,'Utirik','UTI',1135),(3682,'Wotho','WTN',1135),(3683,'Wotje','WTJ',1135),(3684,'Bamako','BK0',1133),(3685,'Gao','7',1133),(3686,'Kayes','1',1133),(3687,'Kidal','8',1133),(3688,'Xoulikoro','2',1133),(3689,'Mopti','5',1133),(3690,'S69ou','4',1133),(3691,'Sikasso','3',1133),(3692,'Tombouctou','6',1133),(3693,'Ayeyarwady','07',1035),(3694,'Bago','02',1035),(3695,'Magway','03',1035),(3696,'Mandalay','04',1035),(3697,'Sagaing','01',1035),(3698,'Tanintharyi','05',1035),(3699,'Yangon','06',1035),(3700,'Chin','14',1035),(3701,'Kachin','11',1035),(3702,'Kayah','12',1035),(3703,'Kayin','13',1035),(3704,'Mon','15',1035),(3705,'Rakhine','16',1035),(3706,'Shan','17',1035),(3707,'Ulanbaatar','1',1144),(3708,'Arhangay','073',1144),(3709,'Bayanhongor','069',1144),(3710,'Bayan-Olgiy','071',1144),(3711,'Bulgan','067',1144),(3712,'Darhan uul','037',1144),(3713,'Dornod','061',1144),(3714,'Dornogov,','063',1144),(3715,'DundgovL','059',1144),(3716,'Dzavhan','057',1144),(3717,'Govi-Altay','065',1144),(3718,'Govi-Smber','064',1144),(3719,'Hentiy','039',1144),(3720,'Hovd','043',1144),(3721,'Hovsgol','041',1144),(3722,'Omnogovi','053',1144),(3723,'Orhon','035',1144),(3724,'Ovorhangay','055',1144),(3725,'Selenge','049',1144),(3726,'Shbaatar','051',1144),(3727,'Tov','047',1144),(3728,'Uvs','046',1144),(3729,'Nouakchott','NKC',1137),(3730,'Assaba','03',1137),(3731,'Brakna','05',1137),(3732,'Dakhlet Nouadhibou','08',1137),(3733,'Gorgol','04',1137),(3734,'Guidimaka','10',1137),(3735,'Hodh ech Chargui','01',1137),(3736,'Hodh el Charbi','02',1137),(3737,'Inchiri','12',1137),(3738,'Tagant','09',1137),(3739,'Tiris Zemmour','11',1137),(3740,'Trarza','06',1137),(3741,'Beau Bassin-Rose Hill','BR',1138),(3742,'Curepipe','CU',1138),(3743,'Port Louis','PU',1138),(3744,'Quatre Bornes','QB',1138),(3745,'Vacosa-Phoenix','VP',1138),(3746,'Black River','BL',1138),(3747,'Flacq','FL',1138),(3748,'Grand Port','GP',1138),(3749,'Moka','MO',1138),(3750,'Pamplemousses','PA',1138),(3751,'Plaines Wilhems','PW',1138),(3752,'Riviere du Rempart','RP',1138),(3753,'Savanne','SA',1138),(3754,'Agalega Islands','AG',1138),(3755,'Cargados Carajos Shoals','CC',1138),(3756,'Rodrigues Island','RO',1138),(3757,'Male','MLE',1132),(3758,'Alif','02',1132),(3759,'Baa','20',1132),(3760,'Dhaalu','17',1132),(3761,'Faafu','14',1132),(3762,'Gaaf Alif','27',1132),(3763,'Gaefu Dhaalu','28',1132),(3764,'Gnaviyani','29',1132),(3765,'Haa Alif','07',1132),(3766,'Haa Dhaalu','23',1132),(3767,'Kaafu','26',1132),(3768,'Laamu','05',1132),(3769,'Lhaviyani','03',1132),(3770,'Meemu','12',1132),(3771,'Noonu','25',1132),(3772,'Raa','13',1132),(3773,'Seenu','01',1132),(3774,'Shaviyani','24',1132),(3775,'Thaa','08',1132),(3776,'Vaavu','04',1132),(3777,'Balaka','BA',1130),(3778,'Blantyre','BL',1130),(3779,'Chikwawa','CK',1130),(3780,'Chiradzulu','CR',1130),(3781,'Chitipa','CT',1130),(3782,'Dedza','DE',1130),(3783,'Dowa','DO',1130),(3784,'Karonga','KR',1130),(3785,'Kasungu','KS',1130),(3786,'Likoma Island','LK',1130),(3787,'Lilongwe','LI',1130),(3788,'Machinga','MH',1130),(3789,'Mangochi','MG',1130),(3790,'Mchinji','MC',1130),(3791,'Mulanje','MU',1130),(3792,'Mwanza','MW',1130),(3793,'Mzimba','MZ',1130),(3794,'Nkhata Bay','NB',1130),(3795,'Nkhotakota','NK',1130),(3796,'Nsanje','NS',1130),(3797,'Ntcheu','NU',1130),(3798,'Ntchisi','NI',1130),(3799,'Phalomba','PH',1130),(3800,'Rumphi','RU',1130),(3801,'Salima','SA',1130),(3802,'Thyolo','TH',1130),(3803,'Zomba','ZO',1130),(3804,'Aguascalientes','AGU',1140),(3805,'Baja California','BCN',1140),(3806,'Baja California Sur','BCS',1140),(3807,'Campeche','CAM',1140),(3808,'Coahu ila','COA',1140),(3809,'Col ima','COL',1140),(3810,'Chiapas','CHP',1140),(3811,'Chihushua','CHH',1140),(3812,'Durango','DUR',1140),(3813,'Guanajuato','GUA',1140),(3814,'Guerrero','GRO',1140),(3815,'Hidalgo','HID',1140),(3816,'Jalisco','JAL',1140),(3817,'Mexico','MEX',1140),(3818,'Michoacin','MIC',1140),(3819,'Morelos','MOR',1140),(3820,'Nayarit','NAY',1140),(3821,'Nuevo Leon','NLE',1140),(3822,'Oaxaca','OAX',1140),(3823,'Puebla','PUE',1140),(3824,'Queretaro','QUE',1140),(3825,'Quintana Roo','ROO',1140),(3826,'San Luis Potosi','SLP',1140),(3827,'Sinaloa','SIN',1140),(3828,'Sonora','SON',1140),(3829,'Tabasco','TAB',1140),(3830,'Tamaulipas','TAM',1140),(3831,'Tlaxcala','TLA',1140),(3832,'Veracruz','VER',1140),(3833,'Yucatan','YUC',1140),(3834,'Zacatecas','ZAC',1140),(3835,'Wilayah Persekutuan Kuala Lumpur','14',1131),(3836,'Wilayah Persekutuan Labuan','15',1131),(3837,'Wilayah Persekutuan Putrajaya','16',1131),(3838,'Johor','01',1131),(3839,'Kedah','02',1131),(3840,'Kelantan','03',1131),(3841,'Melaka','04',1131),(3842,'Negeri Sembilan','05',1131),(3843,'Pahang','06',1131),(3844,'Perak','08',1131),(3845,'Perlis','09',1131),(3846,'Pulau Pinang','07',1131),(3847,'Sabah','12',1131),(3848,'Sarawak','13',1131),(3849,'Selangor','10',1131),(3850,'Terengganu','11',1131),(3851,'Maputo','MPM',1147),(3852,'Cabo Delgado','P',1147),(3853,'Gaza','G',1147),(3854,'Inhambane','I',1147),(3855,'Manica','B',1147),(3856,'Numpula','N',1147),(3857,'Niaaea','A',1147),(3858,'Sofala','S',1147),(3859,'Tete','T',1147),(3860,'Zambezia','Q',1147),(3861,'Caprivi','CA',1148),(3862,'Erongo','ER',1148),(3863,'Hardap','HA',1148),(3864,'Karas','KA',1148),(3865,'Khomae','KH',1148),(3866,'Kunene','KU',1148),(3867,'Ohangwena','OW',1148),(3868,'Okavango','OK',1148),(3869,'Omaheke','OH',1148),(3870,'Omusati','OS',1148),(3871,'Oshana','ON',1148),(3872,'Oshikoto','OT',1148),(3873,'Otjozondjupa','OD',1148),(3874,'Niamey','8',1156),(3875,'Agadez','1',1156),(3876,'Diffa','2',1156),(3877,'Dosso','3',1156),(3878,'Maradi','4',1156),(3879,'Tahoua','S',1156),(3880,'Tillaberi','6',1156),(3881,'Zinder','7',1156),(3882,'Abuja Capital Territory','FC',1157),(3883,'Abia','AB',1157),(3884,'Adamawa','AD',1157),(3885,'Akwa Ibom','AK',1157),(3886,'Anambra','AN',1157),(3887,'Bauchi','BA',1157),(3888,'Bayelsa','BY',1157),(3889,'Benue','BE',1157),(3890,'Borno','BO',1157),(3891,'Cross River','CR',1157),(3892,'Delta','DE',1157),(3893,'Ebonyi','EB',1157),(3894,'Edo','ED',1157),(3895,'Ekiti','EK',1157),(3896,'Enugu','EN',1157),(3897,'Gombe','GO',1157),(3898,'Imo','IM',1157),(3899,'Jigawa','JI',1157),(3900,'Kaduna','KD',1157),(3901,'Kano','KN',1157),(3902,'Katsina','KT',1157),(3903,'Kebbi','KE',1157),(3904,'Kogi','KO',1157),(3905,'Kwara','KW',1157),(3906,'Lagos','LA',1157),(3907,'Nassarawa','NA',1157),(3908,'Niger','NI',1157),(3909,'Ogun','OG',1157),(3910,'Ondo','ON',1157),(3911,'Osun','OS',1157),(3912,'Oyo','OY',1157),(3913,'Rivers','RI',1157),(3914,'Sokoto','SO',1157),(3915,'Taraba','TA',1157),(3916,'Yobe','YO',1157),(3917,'Zamfara','ZA',1157),(3918,'Boaco','BO',1155),(3919,'Carazo','CA',1155),(3920,'Chinandega','CI',1155),(3921,'Chontales','CO',1155),(3922,'Esteli','ES',1155),(3923,'Jinotega','JI',1155),(3924,'Leon','LE',1155),(3925,'Madriz','MD',1155),(3926,'Managua','MN',1155),(3927,'Masaya','MS',1155),(3928,'Matagalpa','MT',1155),(3929,'Nueva Segovia','NS',1155),(3930,'Rio San Juan','SJ',1155),(3931,'Rivas','RI',1155),(3932,'Atlantico Norte','AN',1155),(3933,'Atlantico Sur','AS',1155),(3934,'Drente','DR',1152),(3935,'Flevoland','FL',1152),(3936,'Friesland','FR',1152),(3937,'Gelderland','GL',1152),(3938,'Groningen','GR',1152),(3939,'Noord-Brabant','NB',1152),(3940,'Noord-Holland','NH',1152),(3941,'Overijssel','OV',1152),(3942,'Utrecht','UT',1152),(3943,'Zuid-Holland','ZH',1152),(3944,'Zeeland','ZL',1152),(3945,'Akershus','02',1161),(3946,'Aust-Agder','09',1161),(3947,'Buskerud','06',1161),(3948,'Finumark','20',1161),(3949,'Hedmark','04',1161),(3950,'Hordaland','12',1161),(3951,'Mire og Romsdal','15',1161),(3952,'Nordland','18',1161),(3953,'Nord-Trindelag','17',1161),(3954,'Oppland','05',1161),(3955,'Oslo','03',1161),(3956,'Rogaland','11',1161),(3957,'Sogn og Fjordane','14',1161),(3958,'Sir-Trindelag','16',1161),(3959,'Telemark','06',1161),(3960,'Troms','19',1161),(3961,'Vest-Agder','10',1161),(3962,'Vestfold','07',1161),(3963,'Ostfold','01',1161),(3964,'Jan Mayen','22',1161),(3965,'Svalbard','21',1161),(3966,'Auckland','AUK',1154),(3967,'Bay of Plenty','BOP',1154),(3968,'Canterbury','CAN',1154),(3969,'Gisborne','GIS',1154),(3970,'Hawkes Bay','HKB',1154),(3971,'Manawatu-Wanganui','MWT',1154),(3972,'Marlborough','MBH',1154),(3973,'Nelson','NSN',1154),(3974,'Northland','NTL',1154),(3975,'Otago','OTA',1154),(3976,'Southland','STL',1154),(3977,'Taranaki','TKI',1154),(3978,'Tasman','TAS',1154),(3979,'waikato','WKO',1154),(3980,'Wellington','WGN',1154),(3981,'West Coast','WTC',1154),(3982,'Ad Dakhillyah','DA',1162),(3983,'Al Batinah','BA',1162),(3984,'Al Janblyah','JA',1162),(3985,'Al Wusta','WU',1162),(3986,'Ash Sharqlyah','SH',1162),(3987,'Az Zahirah','ZA',1162),(3988,'Masqat','MA',1162),(3989,'Musandam','MU',1162),(3990,'Bocas del Toro','1',1166),(3991,'Cocle','2',1166),(3992,'Chiriqui','4',1166),(3993,'Darien','5',1166),(3994,'Herrera','6',1166),(3995,'Loa Santoa','7',1166),(3996,'Panama','8',1166),(3997,'Veraguas','9',1166),(3998,'Comarca de San Blas','Q',1166),(3999,'El Callao','CAL',1169),(4000,'Ancash','ANC',1169),(4001,'Apurimac','APU',1169),(4002,'Arequipa','ARE',1169),(4003,'Ayacucho','AYA',1169),(4004,'Cajamarca','CAJ',1169),(4005,'Cuzco','CUS',1169),(4006,'Huancavelica','HUV',1169),(4007,'Huanuco','HUC',1169),(4008,'Ica','ICA',1169),(4009,'Junin','JUN',1169),(4010,'La Libertad','LAL',1169),(4011,'Lambayeque','LAM',1169),(4012,'Lima','LIM',1169),(4013,'Loreto','LOR',1169),(4014,'Madre de Dios','MDD',1169),(4015,'Moquegua','MOQ',1169),(4016,'Pasco','PAS',1169),(4017,'Piura','PIU',1169),(4018,'Puno','PUN',1169),(4019,'San Martin','SAM',1169),(4020,'Tacna','TAC',1169),(4021,'Tumbes','TUM',1169),(4022,'Ucayali','UCA',1169),(4023,'National Capital District (Port Moresby)','NCD',1167),(4024,'Chimbu','CPK',1167),(4025,'Eastern Highlands','EHG',1167),(4026,'East New Britain','EBR',1167),(4027,'East Sepik','ESW',1167),(4028,'Enga','EPW',1167),(4029,'Gulf','GPK',1167),(4030,'Madang','MPM',1167),(4031,'Manus','MRL',1167),(4032,'Milne Bay','MBA',1167),(4033,'Morobe','MPL',1167),(4034,'New Ireland','NIK',1167),(4035,'North Solomons','NSA',1167),(4036,'Santaun','SAN',1167),(4037,'Southern Highlands','SHM',1167),(4038,'Western Highlands','WHM',1167),(4039,'West New Britain','WBK',1167),(4040,'Abra','ABR',1170),(4041,'Agusan del Norte','AGN',1170),(4042,'Agusan del Sur','AGS',1170),(4043,'Aklan','AKL',1170),(4044,'Albay','ALB',1170),(4045,'Antique','ANT',1170),(4046,'Apayao','APA',1170),(4047,'Aurora','AUR',1170),(4048,'Basilan','BAS',1170),(4049,'Batasn','BAN',1170),(4050,'Batanes','BTN',1170),(4051,'Batangas','BTG',1170),(4052,'Benguet','BEN',1170),(4053,'Biliran','BIL',1170),(4054,'Bohol','BOH',1170),(4055,'Bukidnon','BUK',1170),(4056,'Bulacan','BUL',1170),(4057,'Cagayan','CAG',1170),(4058,'Camarines Norte','CAN',1170),(4059,'Camarines Sur','CAS',1170),(4060,'Camiguin','CAM',1170),(4061,'Capiz','CAP',1170),(4062,'Catanduanes','CAT',1170),(4063,'Cavite','CAV',1170),(4064,'Cebu','CEB',1170),(4065,'Compostela Valley','COM',1170),(4066,'Davao','DAV',1170),(4067,'Davao del Sur','DAS',1170),(4068,'Davao Oriental','DAO',1170),(4069,'Eastern Samar','EAS',1170),(4070,'Guimaras','GUI',1170),(4071,'Ifugao','IFU',1170),(4072,'Ilocos Norte','ILN',1170),(4073,'Ilocos Sur','ILS',1170),(4074,'Iloilo','ILI',1170),(4075,'Isabela','ISA',1170),(4076,'Kalinga-Apayso','KAL',1170),(4077,'Laguna','LAG',1170),(4078,'Lanao del Norte','LAN',1170),(4079,'Lanao del Sur','LAS',1170),(4080,'La Union','LUN',1170),(4081,'Leyte','LEY',1170),(4082,'Maguindanao','MAG',1170),(4083,'Marinduque','MAD',1170),(4084,'Masbate','MAS',1170),(4085,'Mindoro Occidental','MDC',1170),(4086,'Mindoro Oriental','MDR',1170),(4087,'Misamis Occidental','MSC',1170),(4088,'Misamis Oriental','MSR',1170),(4089,'Mountain Province','MOU',1170),(4090,'Negroe Occidental','NEC',1170),(4091,'Negros Oriental','NER',1170),(4092,'North Cotabato','NCO',1170),(4093,'Northern Samar','NSA',1170),(4094,'Nueva Ecija','NUE',1170),(4095,'Nueva Vizcaya','NUV',1170),(4096,'Palawan','PLW',1170),(4097,'Pampanga','PAM',1170),(4098,'Pangasinan','PAN',1170),(4099,'Quezon','QUE',1170),(4100,'Quirino','QUI',1170),(4101,'Rizal','RIZ',1170),(4102,'Romblon','ROM',1170),(4103,'Sarangani','SAR',1170),(4104,'Siquijor','SIG',1170),(4105,'Sorsogon','SOR',1170),(4106,'South Cotabato','SCO',1170),(4107,'Southern Leyte','SLE',1170),(4108,'Sultan Kudarat','SUK',1170),(4109,'Sulu','SLU',1170),(4110,'Surigao del Norte','SUN',1170),(4111,'Surigao del Sur','SUR',1170),(4112,'Tarlac','TAR',1170),(4113,'Tawi-Tawi','TAW',1170),(4114,'Western Samar','WSA',1170),(4115,'Zambales','ZMB',1170),(4116,'Zamboanga del Norte','ZAN',1170),(4117,'Zamboanga del Sur','ZAS',1170),(4118,'Zamboanga Sibiguey','ZSI',1170),(4119,'Islamabad','IS',1163),(4120,'Baluchistan (en)','BA',1163),(4121,'North-West Frontier','NW',1163),(4122,'Sind (en)','SD',1163),(4123,'Federally Administered Tribal Aresa','TA',1163),(4124,'Azad Rashmir','JK',1163),(4125,'Northern Areas','NA',1163),(4126,'Aveiro','01',1173),(4127,'Beja','02',1173),(4128,'Braga','03',1173),(4129,'Braganca','04',1173),(4130,'Castelo Branco','05',1173),(4131,'Colmbra','06',1173),(4132,'Ovora','07',1173),(4133,'Faro','08',1173),(4134,'Guarda','09',1173),(4135,'Leiria','10',1173),(4136,'Lisboa','11',1173),(4137,'Portalegre','12',1173),(4138,'Porto','13',1173),(4139,'Santarem','14',1173),(4140,'Setubal','15',1173),(4141,'Viana do Castelo','16',1173),(4142,'Vila Real','17',1173),(4143,'Viseu','18',1173),(4144,'Regiao Autonoma dos Acores','20',1173),(4145,'Regiao Autonoma da Madeira','30',1173),(4146,'Asuncion','ASU',1168),(4147,'Alto Paraguay','16',1168),(4148,'Alto Parana','10',1168),(4149,'Amambay','13',1168),(4150,'Boqueron','19',1168),(4151,'Caeguazu','5',1168),(4152,'Caazapl','6',1168),(4153,'Canindeyu','14',1168),(4154,'Concepcion','1',1168),(4155,'Cordillera','3',1168),(4156,'Guaira','4',1168),(4157,'Itapua','7',1168),(4158,'Miaiones','8',1168),(4159,'Neembucu','12',1168),(4160,'Paraguari','9',1168),(4161,'Presidente Hayes','15',1168),(4162,'San Pedro','2',1168),(4163,'Ad Dawhah','DA',1175),(4164,'Al Ghuwayriyah','GH',1175),(4165,'Al Jumayliyah','JU',1175),(4166,'Al Khawr','KH',1175),(4167,'Al Wakrah','WA',1175),(4168,'Ar Rayyan','RA',1175),(4169,'Jariyan al Batnah','JB',1175),(4170,'Madinat ash Shamal','MS',1175),(4171,'Umm Salal','US',1175),(4172,'Bucuresti','B',1176),(4173,'Alba','AB',1176),(4174,'Arad','AR',1176),(4175,'Arges','AG',1176),(4176,'Bacau','BC',1176),(4177,'Bihor','BH',1176),(4178,'Bistrita-Nasaud','BN',1176),(4179,'Boto\'ani','BT',1176),(4180,'Bra\'ov','BV',1176),(4181,'Braila','BR',1176),(4182,'Buzau','BZ',1176),(4183,'Caras-Severin','CS',1176),(4184,'Ca la ras\'i','CL',1176),(4185,'Cluj','CJ',1176),(4186,'Constant\'a','CT',1176),(4187,'Covasna','CV',1176),(4188,'Dambovit\'a','DB',1176),(4189,'Dolj','DJ',1176),(4190,'Galat\'i','GL',1176),(4191,'Giurgiu','GR',1176),(4192,'Gorj','GJ',1176),(4193,'Harghita','HR',1176),(4194,'Hunedoara','HD',1176),(4195,'Ialomit\'a','IL',1176),(4196,'Ias\'i','IS',1176),(4197,'Ilfov','IF',1176),(4198,'Maramures','MM',1176),(4199,'Mehedint\'i','MH',1176),(4200,'Mures','MS',1176),(4201,'Neamt','NT',1176),(4202,'Olt','OT',1176),(4203,'Prahova','PH',1176),(4204,'Satu Mare','SM',1176),(4205,'Sa laj','SJ',1176),(4206,'Sibiu','SB',1176),(4207,'Suceava','SV',1176),(4208,'Teleorman','TR',1176),(4209,'Timis','TM',1176),(4210,'Tulcea','TL',1176),(4211,'Vaslui','VS',1176),(4212,'Valcea','VL',1176),(4213,'Vrancea','VN',1176),(4214,'Adygeya, Respublika','AD',1177),(4215,'Altay, Respublika','AL',1177),(4216,'Bashkortostan, Respublika','BA',1177),(4217,'Buryatiya, Respublika','BU',1177),(4218,'Chechenskaya Respublika','CE',1177),(4219,'Chuvashskaya Respublika','CU',1177),(4220,'Dagestan, Respublika','DA',1177),(4221,'Ingushskaya Respublika','IN',1177),(4222,'Kabardino-Balkarskaya','KB',1177),(4223,'Kalmykiya, Respublika','KL',1177),(4224,'Karachayevo-Cherkesskaya Respublika','KC',1177),(4225,'Kareliya, Respublika','KR',1177),(4226,'Khakasiya, Respublika','KK',1177),(4227,'Komi, Respublika','KO',1177),(4228,'Mariy El, Respublika','ME',1177),(4229,'Mordoviya, Respublika','MO',1177),(4230,'Sakha, Respublika [Yakutiya]','SA',1177),(4231,'Severnaya Osetiya, Respublika','SE',1177),(4232,'Tatarstan, Respublika','TA',1177),(4233,'Tyva, Respublika [Tuva]','TY',1177),(4234,'Udmurtskaya Respublika','UD',1177),(4235,'Altayskiy kray','ALT',1177),(4236,'Khabarovskiy kray','KHA',1177),(4237,'Krasnodarskiy kray','KDA',1177),(4238,'Krasnoyarskiy kray','KYA',1177),(4239,'Primorskiy kray','PRI',1177),(4240,'Stavropol\'skiy kray','STA',1177),(4241,'Amurskaya oblast\'','AMU',1177),(4242,'Arkhangel\'skaya oblast\'','ARK',1177),(4243,'Astrakhanskaya oblast\'','AST',1177),(4244,'Belgorodskaya oblast\'','BEL',1177),(4245,'Bryanskaya oblast\'','BRY',1177),(4246,'Chelyabinskaya oblast\'','CHE',1177),(4247,'Chitinskaya oblast\'','CHI',1177),(4248,'Irkutskaya oblast\'','IRK',1177),(4249,'Ivanovskaya oblast\'','IVA',1177),(4250,'Kaliningradskaya oblast\'','KGD',1177),(4251,'Kaluzhskaya oblast\'','KLU',1177),(4252,'Kamchatskaya oblast\'','KAM',1177),(4253,'Kemerovskaya oblast\'','KEM',1177),(4254,'Kirovskaya oblast\'','KIR',1177),(4255,'Kostromskaya oblast\'','KOS',1177),(4256,'Kurganskaya oblast\'','KGN',1177),(4257,'Kurskaya oblast\'','KRS',1177),(4258,'Leningradskaya oblast\'','LEN',1177),(4259,'Lipetskaya oblast\'','LIP',1177),(4260,'Magadanskaya oblast\'','MAG',1177),(4261,'Moskovskaya oblast\'','MOS',1177),(4262,'Murmanskaya oblast\'','MUR',1177),(4263,'Nizhegorodskaya oblast\'','NIZ',1177),(4264,'Novgorodskaya oblast\'','NGR',1177),(4265,'Novosibirskaya oblast\'','NVS',1177),(4266,'Omskaya oblast\'','OMS',1177),(4267,'Orenburgskaya oblast\'','ORE',1177),(4268,'Orlovskaya oblast\'','ORL',1177),(4269,'Penzenskaya oblast\'','PNZ',1177),(4270,'Permskaya oblast\'','PER',1177),(4271,'Pskovskaya oblast\'','PSK',1177),(4272,'Rostovskaya oblast\'','ROS',1177),(4273,'Ryazanskaya oblast\'','RYA',1177),(4274,'Sakhalinskaya oblast\'','SAK',1177),(4275,'Samarskaya oblast\'','SAM',1177),(4276,'Saratovskaya oblast\'','SAR',1177),(4277,'Smolenskaya oblast\'','SMO',1177),(4278,'Sverdlovskaya oblast\'','SVE',1177),(4279,'Tambovskaya oblast\'','TAM',1177),(4280,'Tomskaya oblast\'','TOM',1177),(4281,'Tul\'skaya oblast\'','TUL',1177),(4282,'Tverskaya oblast\'','TVE',1177),(4283,'Tyumenskaya oblast\'','TYU',1177),(4284,'Ul\'yanovskaya oblast\'','ULY',1177),(4285,'Vladimirskaya oblast\'','VLA',1177),(4286,'Volgogradskaya oblast\'','VGG',1177),(4287,'Vologodskaya oblast\'','VLG',1177),(4288,'Voronezhskaya oblast\'','VOR',1177),(4289,'Yaroslavskaya oblast\'','YAR',1177),(4290,'Moskva','MOW',1177),(4291,'Sankt-Peterburg','SPE',1177),(4292,'Yevreyskaya avtonomnaya oblast\'','YEV',1177),(4293,'Aginskiy Buryatskiy avtonomnyy','AGB',1177),(4294,'Chukotskiy avtonomnyy okrug','CHU',1177),(4295,'Evenkiyskiy avtonomnyy okrug','EVE',1177),(4296,'Khanty-Mansiyskiy avtonomnyy okrug','KHM',1177),(4297,'Komi-Permyatskiy avtonomnyy okrug','KOP',1177),(4298,'Koryakskiy avtonomnyy okrug','KOR',1177),(4299,'Nenetskiy avtonomnyy okrug','NEN',1177),(4300,'Taymyrskiy (Dolgano-Nenetskiy)','TAY',1177),(4301,'Ust\'-Ordynskiy Buryatskiy','UOB',1177),(4302,'Yamalo-Nenetskiy avtonomnyy okrug','YAN',1177),(4303,'Butare','C',1178),(4304,'Byumba','I',1178),(4305,'Cyangugu','E',1178),(4306,'Gikongoro','D',1178),(4307,'Gisenyi','G',1178),(4308,'Gitarama','B',1178),(4309,'Kibungo','J',1178),(4310,'Kibuye','F',1178),(4311,'Kigali-Rural Kigali y\' Icyaro','K',1178),(4312,'Kigali-Ville Kigali Ngari','L',1178),(4313,'Mutara','M',1178),(4314,'Ruhengeri','H',1178),(4315,'Al Batah','11',1187),(4316,'Al H,udd ash Shamallyah','08',1187),(4317,'Al Jawf','12',1187),(4318,'Al Madinah','03',1187),(4319,'Al Qasim','05',1187),(4320,'Ar Riyad','01',1187),(4321,'Asir','14',1187),(4322,'Ha\'il','06',1187),(4323,'Jlzan','09',1187),(4324,'Makkah','02',1187),(4325,'Najran','10',1187),(4326,'Tabuk','07',1187),(4327,'Capital Territory (Honiara)','CT',1194),(4328,'Guadalcanal','GU',1194),(4329,'Isabel','IS',1194),(4330,'Makira','MK',1194),(4331,'Malaita','ML',1194),(4332,'Temotu','TE',1194),(4333,'A\'ali an Nil','23',1200),(4334,'Al Bah al Ahmar','26',1200),(4335,'Al Buhayrat','18',1200),(4336,'Al Jazirah','07',1200),(4337,'Al Khartum','03',1200),(4338,'Al Qadarif','06',1200),(4339,'Al Wahdah','22',1200),(4340,'An Nil','04',1200),(4341,'An Nil al Abyaq','08',1200),(4342,'An Nil al Azraq','24',1200),(4343,'Ash Shamallyah','01',1200),(4344,'Bahr al Jabal','17',1200),(4345,'Gharb al Istiwa\'iyah','16',1200),(4346,'Gharb Ba~r al Ghazal','14',1200),(4347,'Gharb Darfur','12',1200),(4348,'Gharb Kurdufan','10',1200),(4349,'Janub Darfur','11',1200),(4350,'Janub Rurdufan','13',1200),(4351,'Jnqall','20',1200),(4352,'Kassala','05',1200),(4353,'Shamal Batr al Ghazal','15',1200),(4354,'Shamal Darfur','02',1200),(4355,'Shamal Kurdufan','09',1200),(4356,'Sharq al Istiwa\'iyah','19',1200),(4357,'Sinnar','25',1200),(4358,'Warab','21',1200),(4359,'Blekinge lan','K',1204),(4360,'Dalarnas lan','W',1204),(4361,'Gotlands lan','I',1204),(4362,'Gavleborge lan','X',1204),(4363,'Hallands lan','N',1204),(4364,'Jamtlande lan','Z',1204),(4365,'Jonkopings lan','F',1204),(4366,'Kalmar lan','H',1204),(4367,'Kronoberge lan','G',1204),(4368,'Norrbottena lan','BD',1204),(4369,'Skane lan','M',1204),(4370,'Stockholms lan','AB',1204),(4371,'Sodermanlands lan','D',1204),(4372,'Uppsala lan','C',1204),(4373,'Varmlanda lan','S',1204),(4374,'Vasterbottens lan','AC',1204),(4375,'Vasternorrlands lan','Y',1204),(4376,'Vastmanlanda lan','U',1204),(4377,'Vastra Gotalands lan','Q',1204),(4378,'Orebro lan','T',1204),(4379,'Ostergotlands lan','E',1204),(4380,'Saint Helena','SH',1180),(4381,'Ascension','AC',1180),(4382,'Tristan da Cunha','TA',1180),(4383,'Ajdovscina','001',1193),(4384,'Beltinci','002',1193),(4385,'Benedikt','148',1193),(4386,'Bistrica ob Sotli','149',1193),(4387,'Bled','003',1193),(4388,'Bloke','150',1193),(4389,'Bohinj','004',1193),(4390,'Borovnica','005',1193),(4391,'Bovec','006',1193),(4392,'Braslovce','151',1193),(4393,'Brda','007',1193),(4394,'Brezovica','008',1193),(4395,'Brezica','009',1193),(4396,'Cankova','152',1193),(4397,'Celje','011',1193),(4398,'Cerklje na Gorenjskem','012',1193),(4399,'Cerknica','013',1193),(4400,'Cerkno','014',1193),(4401,'Cerkvenjak','153',1193),(4402,'Crensovci','015',1193),(4403,'Crna na Koroskem','016',1193),(4404,'Crnomelj','017',1193),(4405,'Destrnik','018',1193),(4406,'Divaca','019',1193),(4407,'Dobje','154',1193),(4408,'Dobrepolje','020',1193),(4409,'Dobrna','155',1193),(4410,'Dobrova-Polhov Gradec','021',1193),(4411,'Dobrovnik','156',1193),(4412,'Dol pri Ljubljani','022',1193),(4413,'Dolenjske Toplice','157',1193),(4414,'Domzale','023',1193),(4415,'Dornava','024',1193),(4416,'Dravograd','025',1193),(4417,'Duplek','026',1193),(4418,'Gorenja vas-Poljane','027',1193),(4419,'Gorsnica','028',1193),(4420,'Gornja Radgona','029',1193),(4421,'Gornji Grad','030',1193),(4422,'Gornji Petrovci','031',1193),(4423,'Grad','158',1193),(4424,'Grosuplje','032',1193),(4425,'Hajdina','159',1193),(4426,'Hoce-Slivnica','160',1193),(4427,'Hodos','161',1193),(4428,'Jorjul','162',1193),(4429,'Hrastnik','034',1193),(4430,'Hrpelje-Kozina','035',1193),(4431,'Idrija','036',1193),(4432,'Ig','037',1193),(4433,'IIrska Bistrica','038',1193),(4434,'Ivancna Gorica','039',1193),(4435,'Izola','040',1193),(4436,'Jesenice','041',1193),(4437,'Jezersko','163',1193),(4438,'Jursinci','042',1193),(4439,'Kamnik','043',1193),(4440,'Kanal','044',1193),(4441,'Kidricevo','045',1193),(4442,'Kobarid','046',1193),(4443,'Kobilje','047',1193),(4444,'Jovevje','048',1193),(4445,'Komen','049',1193),(4446,'Komenda','164',1193),(4447,'Koper','050',1193),(4448,'Kostel','165',1193),(4449,'Kozje','051',1193),(4450,'Kranj','052',1193),(4451,'Kranjska Gora','053',1193),(4452,'Krizevci','166',1193),(4453,'Krsko','054',1193),(4454,'Kungota','055',1193),(4455,'Kuzma','056',1193),(4456,'Lasko','057',1193),(4457,'Lenart','058',1193),(4458,'Lendava','059',1193),(4459,'Litija','060',1193),(4460,'Ljubljana','061',1193),(4461,'Ljubno','062',1193),(4462,'Ljutomer','063',1193),(4463,'Logatec','064',1193),(4464,'Loska dolina','065',1193),(4465,'Loski Potok','066',1193),(4466,'Lovrenc na Pohorju','167',1193),(4467,'Luce','067',1193),(4468,'Lukovica','068',1193),(4469,'Majsperk','069',1193),(4470,'Maribor','070',1193),(4471,'Markovci','168',1193),(4472,'Medvode','071',1193),(4473,'Menges','072',1193),(4474,'Metlika','073',1193),(4475,'Mezica','074',1193),(4476,'Miklavz na Dravskern polju','169',1193),(4477,'Miren-Kostanjevica','075',1193),(4478,'Mirna Pec','170',1193),(4479,'Mislinja','076',1193),(4480,'Moravce','077',1193),(4481,'Moravske Toplice','078',1193),(4482,'Mozirje','079',1193),(4483,'Murska Sobota','080',1193),(4484,'Muta','081',1193),(4485,'Naklo','082',1193),(4486,'Nazarje','083',1193),(4487,'Nova Gorica','084',1193),(4488,'Nova mesto','085',1193),(4489,'Sveta Ana','181',1193),(4490,'Sveti Andraz v Slovenskih goricah','182',1193),(4491,'Sveti Jurij','116',1193),(4492,'Salovci','033',1193),(4493,'Sempeter-Vrtojba','183',1193),(4494,'Sencur','117',1193),(4495,'Sentilj','118',1193),(4496,'Sentjernej','119',1193),(4497,'Sentjur pri Celju','120',1193),(4498,'Skocjan','121',1193),(4499,'Skofja Loka','122',1193),(4500,'Skoftjica','123',1193),(4501,'Smarje pri Jelsah','124',1193),(4502,'Smartno ob Paki','125',1193),(4503,'Smartno pri Litiji','194',1193),(4504,'Sostanj','126',1193),(4505,'Store','127',1193),(4506,'Tabor','184',1193),(4507,'Tisina','010',1193),(4508,'Tolmin','128',1193),(4509,'Trbovje','129',1193),(4510,'Trebnje','130',1193),(4511,'Trnovska vas','185',1193),(4512,'Trzic','131',1193),(4513,'Trzin','186',1193),(4514,'Turnisce','132',1193),(4515,'Velenje','133',1193),(4516,'Velika Polana','187',1193),(4517,'Velika Lasce','134',1193),(4518,'Verzej','188',1193),(4519,'Videm','135',1193),(4520,'Vipava','136',1193),(4521,'Vitanje','137',1193),(4522,'Vojnik','138',1193),(4523,'Vransko','189',1193),(4524,'Vrhnika','140',1193),(4525,'Vuzenica','141',1193),(4526,'Zagorje ob Savi','142',1193),(4527,'Zavrc','143',1193),(4528,'Zrece','144',1193),(4529,'Zalec','190',1193),(4530,'Zelezniki','146',1193),(4531,'Zetale','191',1193),(4532,'Ziri','147',1193),(4533,'Zirovnica','192',1193),(4534,'Zuzemberk','193',1193),(4535,'Banskobystrick kraj','BC',1192),(4536,'Bratislavsk kraj','BL',1192),(4537,'Koick kraj','KI',1192),(4538,'Nitriansky kraj','NJ',1192),(4539,'Preovsk kraj','PV',1192),(4540,'Treniansky kraj','TC',1192),(4541,'Trnavsk kraj','TA',1192),(4542,'ilinsk kraj','ZI',1192),(4543,'Western Area (Freetown)','W',1190),(4544,'Dakar','DK',1188),(4545,'Diourbel','DB',1188),(4546,'Fatick','FK',1188),(4547,'Kaolack','KL',1188),(4548,'Kolda','KD',1188),(4549,'Louga','LG',1188),(4550,'Matam','MT',1188),(4551,'Saint-Louis','SL',1188),(4552,'Tambacounda','TC',1188),(4553,'Thies','TH',1188),(4554,'Ziguinchor','ZG',1188),(4555,'Awdal','AW',1195),(4556,'Bakool','BK',1195),(4557,'Banaadir','BN',1195),(4558,'Bay','BY',1195),(4559,'Galguduud','GA',1195),(4560,'Gedo','GE',1195),(4561,'Hiirsan','HI',1195),(4562,'Jubbada Dhexe','JD',1195),(4563,'Jubbada Hoose','JH',1195),(4564,'Mudug','MU',1195),(4565,'Nugaal','NU',1195),(4566,'Saneag','SA',1195),(4567,'Shabeellaha Dhexe','SD',1195),(4568,'Shabeellaha Hoose','SH',1195),(4569,'Sool','SO',1195),(4570,'Togdheer','TO',1195),(4571,'Woqooyi Galbeed','WO',1195),(4572,'Brokopondo','BR',1201),(4573,'Commewijne','CM',1201),(4574,'Coronie','CR',1201),(4575,'Marowijne','MA',1201),(4576,'Nickerie','NI',1201),(4577,'Paramaribo','PM',1201),(4578,'Saramacca','SA',1201),(4579,'Sipaliwini','SI',1201),(4580,'Wanica','WA',1201),(4581,'Principe','P',1207),(4582,'Sao Tome','S',1207),(4583,'Ahuachapan','AH',1066),(4584,'Cabanas','CA',1066),(4585,'Cuscatlan','CU',1066),(4586,'Chalatenango','CH',1066),(4587,'Morazan','MO',1066),(4588,'San Miguel','SM',1066),(4589,'San Salvador','SS',1066),(4590,'Santa Ana','SA',1066),(4591,'San Vicente','SV',1066),(4592,'Sonsonate','SO',1066),(4593,'Usulutan','US',1066),(4594,'Al Hasakah','HA',1206),(4595,'Al Ladhiqiyah','LA',1206),(4596,'Al Qunaytirah','QU',1206),(4597,'Ar Raqqah','RA',1206),(4598,'As Suwayda\'','SU',1206),(4599,'Dar\'a','DR',1206),(4600,'Dayr az Zawr','DY',1206),(4601,'Dimashq','DI',1206),(4602,'Halab','HL',1206),(4603,'Hamah','HM',1206),(4604,'Jim\'','HI',1206),(4605,'Idlib','ID',1206),(4606,'Rif Dimashq','RD',1206),(4607,'Tarts','TA',1206),(4608,'Hhohho','HH',1203),(4609,'Lubombo','LU',1203),(4610,'Manzini','MA',1203),(4611,'Shiselweni','SH',1203),(4612,'Batha','BA',1043),(4613,'Biltine','BI',1043),(4614,'Borkou-Ennedi-Tibesti','BET',1043),(4615,'Chari-Baguirmi','CB',1043),(4616,'Guera','GR',1043),(4617,'Kanem','KA',1043),(4618,'Lac','LC',1043),(4619,'Logone-Occidental','LO',1043),(4620,'Logone-Oriental','LR',1043),(4621,'Mayo-Kebbi','MK',1043),(4622,'Moyen-Chari','MC',1043),(4623,'Ouaddai','OD',1043),(4624,'Salamat','SA',1043),(4625,'Tandjile','TA',1043),(4626,'Kara','K',1214),(4627,'Maritime (Region)','M',1214),(4628,'Savannes','S',1214),(4629,'Krung Thep Maha Nakhon Bangkok','10',1211),(4630,'Phatthaya','S',1211),(4631,'Amnat Charoen','37',1211),(4632,'Ang Thong','15',1211),(4633,'Buri Ram','31',1211),(4634,'Chachoengsao','24',1211),(4635,'Chai Nat','18',1211),(4636,'Chaiyaphum','36',1211),(4637,'Chanthaburi','22',1211),(4638,'Chiang Mai','50',1211),(4639,'Chiang Rai','57',1211),(4640,'Chon Buri','20',1211),(4641,'Chumphon','86',1211),(4642,'Kalasin','46',1211),(4643,'Kamphasng Phet','62',1211),(4644,'Kanchanaburi','71',1211),(4645,'Khon Kaen','40',1211),(4646,'Krabi','81',1211),(4647,'Lampang','52',1211),(4648,'Lamphun','51',1211),(4649,'Loei','42',1211),(4650,'Lop Buri','16',1211),(4651,'Mae Hong Son','58',1211),(4652,'Maha Sarakham','44',1211),(4653,'Mukdahan','49',1211),(4654,'Nakhon Nayok','26',1211),(4655,'Nakhon Pathom','73',1211),(4656,'Nakhon Phanom','48',1211),(4657,'Nakhon Ratchasima','30',1211),(4658,'Nakhon Sawan','60',1211),(4659,'Nakhon Si Thammarat','80',1211),(4660,'Nan','55',1211),(4661,'Narathiwat','96',1211),(4662,'Nong Bua Lam Phu','39',1211),(4663,'Nong Khai','43',1211),(4664,'Nonthaburi','12',1211),(4665,'Pathum Thani','13',1211),(4666,'Pattani','94',1211),(4667,'Phangnga','82',1211),(4668,'Phatthalung','93',1211),(4669,'Phayao','56',1211),(4670,'Phetchabun','67',1211),(4671,'Phetchaburi','76',1211),(4672,'Phichit','66',1211),(4673,'Phitsanulok','65',1211),(4674,'Phrae','54',1211),(4675,'Phra Nakhon Si Ayutthaya','14',1211),(4676,'Phaket','83',1211),(4677,'Prachin Buri','25',1211),(4678,'Prachuap Khiri Khan','77',1211),(4679,'Ranong','85',1211),(4680,'Ratchaburi','70',1211),(4681,'Rayong','21',1211),(4682,'Roi Et','45',1211),(4683,'Sa Kaeo','27',1211),(4684,'Sakon Nakhon','47',1211),(4685,'Samut Prakan','11',1211),(4686,'Samut Sakhon','74',1211),(4687,'Samut Songkhram','75',1211),(4688,'Saraburi','19',1211),(4689,'Satun','91',1211),(4690,'Sing Buri','17',1211),(4691,'Si Sa Ket','33',1211),(4692,'Songkhla','90',1211),(4693,'Sukhothai','64',1211),(4694,'Suphan Buri','72',1211),(4695,'Surat Thani','84',1211),(4696,'Surin','32',1211),(4697,'Tak','63',1211),(4698,'Trang','92',1211),(4699,'Trat','23',1211),(4700,'Ubon Ratchathani','34',1211),(4701,'Udon Thani','41',1211),(4702,'Uthai Thani','61',1211),(4703,'Uttaradit','53',1211),(4704,'Yala','95',1211),(4705,'Yasothon','35',1211),(4706,'Sughd','SU',1209),(4707,'Khatlon','KT',1209),(4708,'Gorno-Badakhshan','GB',1209),(4709,'Ahal','A',1220),(4710,'Balkan','B',1220),(4711,'Dasoguz','D',1220),(4712,'Lebap','L',1220),(4713,'Mary','M',1220),(4714,'Bja','31',1218),(4715,'Ben Arous','13',1218),(4716,'Bizerte','23',1218),(4717,'Gabs','81',1218),(4718,'Gafsa','71',1218),(4719,'Jendouba','32',1218),(4720,'Kairouan','41',1218),(4721,'Rasserine','42',1218),(4722,'Kebili','73',1218),(4723,'L\'Ariana','12',1218),(4724,'Le Ref','33',1218),(4725,'Mahdia','53',1218),(4726,'La Manouba','14',1218),(4727,'Medenine','82',1218),(4728,'Moneatir','52',1218),(4729,'Naboul','21',1218),(4730,'Sfax','61',1218),(4731,'Sidi Bouxid','43',1218),(4732,'Siliana','34',1218),(4733,'Sousse','51',1218),(4734,'Tataouine','83',1218),(4735,'Tozeur','72',1218),(4736,'Tunis','11',1218),(4737,'Zaghouan','22',1218),(4738,'Adana','01',1219),(4739,'Ad yaman','02',1219),(4740,'Afyon','03',1219),(4741,'Ag r','04',1219),(4742,'Aksaray','68',1219),(4743,'Amasya','05',1219),(4744,'Ankara','06',1219),(4745,'Antalya','07',1219),(4746,'Ardahan','75',1219),(4747,'Artvin','08',1219),(4748,'Aydin','09',1219),(4749,'Bal kesir','10',1219),(4750,'Bartin','74',1219),(4751,'Batman','72',1219),(4752,'Bayburt','69',1219),(4753,'Bilecik','11',1219),(4754,'Bingol','12',1219),(4755,'Bitlis','13',1219),(4756,'Bolu','14',1219),(4757,'Burdur','15',1219),(4758,'Bursa','16',1219),(4759,'Canakkale','17',1219),(4760,'Cankir','18',1219),(4761,'Corum','19',1219),(4762,'Denizli','20',1219),(4763,'Diyarbakir','21',1219),(4764,'Duzce','81',1219),(4765,'Edirne','22',1219),(4766,'Elazig','23',1219),(4767,'Erzincan','24',1219),(4768,'Erzurum','25',1219),(4769,'Eskis\'ehir','26',1219),(4770,'Gaziantep','27',1219),(4771,'Giresun','28',1219),(4772,'Gms\'hane','29',1219),(4773,'Hakkari','30',1219),(4774,'Hatay','31',1219),(4775,'Igidir','76',1219),(4776,'Isparta','32',1219),(4777,'Icel','33',1219),(4778,'Istanbul','34',1219),(4779,'Izmir','35',1219),(4780,'Kahramanmaras','46',1219),(4781,'Karabk','78',1219),(4782,'Karaman','70',1219),(4783,'Kars','36',1219),(4784,'Kastamonu','37',1219),(4785,'Kayseri','38',1219),(4786,'Kirikkale','71',1219),(4787,'Kirklareli','39',1219),(4788,'Kirs\'ehir','40',1219),(4789,'Kilis','79',1219),(4790,'Kocaeli','41',1219),(4791,'Konya','42',1219),(4792,'Ktahya','43',1219),(4793,'Malatya','44',1219),(4794,'Manisa','45',1219),(4795,'Mardin','47',1219),(4796,'Mugila','48',1219),(4797,'Mus','49',1219),(4798,'Nevs\'ehir','50',1219),(4799,'Nigide','51',1219),(4800,'Ordu','52',1219),(4801,'Osmaniye','80',1219),(4802,'Rize','53',1219),(4803,'Sakarya','54',1219),(4804,'Samsun','55',1219),(4805,'Siirt','56',1219),(4806,'Sinop','57',1219),(4807,'Sivas','58',1219),(4808,'S\'anliurfa','63',1219),(4809,'S\'rnak','73',1219),(4810,'Tekirdag','59',1219),(4811,'Tokat','60',1219),(4812,'Trabzon','61',1219),(4813,'Tunceli','62',1219),(4814,'Us\'ak','64',1219),(4815,'Van','65',1219),(4816,'Yalova','77',1219),(4817,'Yozgat','66',1219),(4818,'Zonguldak','67',1219),(4819,'Couva-Tabaquite-Talparo','CTT',1217),(4820,'Diego Martin','DMN',1217),(4821,'Eastern Tobago','ETO',1217),(4822,'Penal-Debe','PED',1217),(4823,'Princes Town','PRT',1217),(4824,'Rio Claro-Mayaro','RCM',1217),(4825,'Sangre Grande','SGE',1217),(4826,'San Juan-Laventille','SJL',1217),(4827,'Siparia','SIP',1217),(4828,'Tunapuna-Piarco','TUP',1217),(4829,'Western Tobago','WTO',1217),(4830,'Arima','ARI',1217),(4831,'Chaguanas','CHA',1217),(4832,'Point Fortin','PTF',1217),(4833,'Port of Spain','POS',1217),(4834,'San Fernando','SFO',1217),(4835,'Aileu','AL',1063),(4836,'Ainaro','AN',1063),(4837,'Bacucau','BA',1063),(4838,'Bobonaro','BO',1063),(4839,'Cova Lima','CO',1063),(4840,'Dili','DI',1063),(4841,'Ermera','ER',1063),(4842,'Laulem','LA',1063),(4843,'Liquica','LI',1063),(4844,'Manatuto','MT',1063),(4845,'Manafahi','MF',1063),(4846,'Oecussi','OE',1063),(4847,'Viqueque','VI',1063),(4848,'Changhua','CHA',1208),(4849,'Chiayi','CYQ',1208),(4850,'Hsinchu','HSQ',1208),(4851,'Hualien','HUA',1208),(4852,'Ilan','ILA',1208),(4853,'Kaohsiung','KHQ',1208),(4854,'Miaoli','MIA',1208),(4855,'Nantou','NAN',1208),(4856,'Penghu','PEN',1208),(4857,'Pingtung','PIF',1208),(4858,'Taichung','TXQ',1208),(4859,'Tainan','TNQ',1208),(4860,'Taipei','TPQ',1208),(4861,'Taitung','TTT',1208),(4862,'Taoyuan','TAO',1208),(4863,'Yunlin','YUN',1208),(4864,'Keelung','KEE',1208),(4865,'Arusha','01',1210),(4866,'Dar-es-Salaam','02',1210),(4867,'Dodoma','03',1210),(4868,'Iringa','04',1210),(4869,'Kagera','05',1210),(4870,'Kaskazini Pemba','06',1210),(4871,'Kaskazini Unguja','07',1210),(4872,'Xigoma','08',1210),(4873,'Kilimanjaro','09',1210),(4874,'Rusini Pemba','10',1210),(4875,'Kusini Unguja','11',1210),(4876,'Lindi','12',1210),(4877,'Manyara','26',1210),(4878,'Mara','13',1210),(4879,'Mbeya','14',1210),(4880,'Mjini Magharibi','15',1210),(4881,'Morogoro','16',1210),(4882,'Mtwara','17',1210),(4883,'Pwani','19',1210),(4884,'Rukwa','20',1210),(4885,'Ruvuma','21',1210),(4886,'Shinyanga','22',1210),(4887,'Singida','23',1210),(4888,'Tabora','24',1210),(4889,'Tanga','25',1210),(4890,'Cherkas\'ka Oblast\'','71',1224),(4891,'Chernihivs\'ka Oblast\'','74',1224),(4892,'Chernivets\'ka Oblast\'','77',1224),(4893,'Dnipropetrovs\'ka Oblast\'','12',1224),(4894,'Donets\'ka Oblast\'','14',1224),(4895,'Ivano-Frankivs\'ka Oblast\'','26',1224),(4896,'Kharkivs\'ka Oblast\'','63',1224),(4897,'Khersons\'ka Oblast\'','65',1224),(4898,'Khmel\'nyts\'ka Oblast\'','68',1224),(4899,'Kirovohrads\'ka Oblast\'','35',1224),(4900,'Kyivs\'ka Oblast\'','32',1224),(4901,'Luhans\'ka Oblast\'','09',1224),(4902,'L\'vivs\'ka Oblast\'','46',1224),(4903,'Mykolaivs\'ka Oblast\'','48',1224),(4904,'Odes \'ka Oblast\'','51',1224),(4905,'Poltavs\'ka Oblast\'','53',1224),(4906,'Rivnens\'ka Oblast\'','56',1224),(4907,'Sums \'ka Oblast\'','59',1224),(4908,'Ternopil\'s\'ka Oblast\'','61',1224),(4909,'Vinnyts\'ka Oblast\'','05',1224),(4910,'Volyos\'ka Oblast\'','07',1224),(4911,'Zakarpats\'ka Oblast\'','21',1224),(4912,'Zaporiz\'ka Oblast\'','23',1224),(4913,'Zhytomyrs\'ka Oblast\'','18',1224),(4914,'Respublika Krym','43',1224),(4915,'Kyiv','30',1224),(4916,'Sevastopol','40',1224),(4917,'Adjumani','301',1223),(4918,'Apac','302',1223),(4919,'Arua','303',1223),(4920,'Bugiri','201',1223),(4921,'Bundibugyo','401',1223),(4922,'Bushenyi','402',1223),(4923,'Busia','202',1223),(4924,'Gulu','304',1223),(4925,'Hoima','403',1223),(4926,'Iganga','203',1223),(4927,'Jinja','204',1223),(4928,'Kabale','404',1223),(4929,'Kabarole','405',1223),(4930,'Kaberamaido','213',1223),(4931,'Kalangala','101',1223),(4932,'Kampala','102',1223),(4933,'Kamuli','205',1223),(4934,'Kamwenge','413',1223),(4935,'Kanungu','414',1223),(4936,'Kapchorwa','206',1223),(4937,'Kasese','406',1223),(4938,'Katakwi','207',1223),(4939,'Kayunga','112',1223),(4940,'Kibaale','407',1223),(4941,'Kiboga','103',1223),(4942,'Kisoro','408',1223),(4943,'Kitgum','305',1223),(4944,'Kotido','306',1223),(4945,'Kumi','208',1223),(4946,'Kyenjojo','415',1223),(4947,'Lira','307',1223),(4948,'Luwero','104',1223),(4949,'Masaka','105',1223),(4950,'Masindi','409',1223),(4951,'Mayuge','214',1223),(4952,'Mbale','209',1223),(4953,'Mbarara','410',1223),(4954,'Moroto','308',1223),(4955,'Moyo','309',1223),(4956,'Mpigi','106',1223),(4957,'Mubende','107',1223),(4958,'Mukono','108',1223),(4959,'Nakapiripirit','311',1223),(4960,'Nakasongola','109',1223),(4961,'Nebbi','310',1223),(4962,'Ntungamo','411',1223),(4963,'Pader','312',1223),(4964,'Pallisa','210',1223),(4965,'Rakai','110',1223),(4966,'Rukungiri','412',1223),(4967,'Sembabule','111',1223),(4968,'Sironko','215',1223),(4969,'Soroti','211',1223),(4970,'Tororo','212',1223),(4971,'Wakiso','113',1223),(4972,'Yumbe','313',1223),(4973,'Baker Island','81',1227),(4974,'Howland Island','84',1227),(4975,'Jarvis Island','86',1227),(4976,'Johnston Atoll','67',1227),(4977,'Kingman Reef','89',1227),(4978,'Midway Islands','71',1227),(4979,'Navassa Island','76',1227),(4980,'Palmyra Atoll','95',1227),(4981,'Wake Ialand','79',1227),(4982,'Artigsa','AR',1229),(4983,'Canelones','CA',1229),(4984,'Cerro Largo','CL',1229),(4985,'Colonia','CO',1229),(4986,'Durazno','DU',1229),(4987,'Flores','FS',1229),(4988,'Lavalleja','LA',1229),(4989,'Maldonado','MA',1229),(4990,'Montevideo','MO',1229),(4991,'Paysandu','PA',1229),(4992,'Rivera','RV',1229),(4993,'Rocha','RO',1229),(4994,'Salto','SA',1229),(4995,'Soriano','SO',1229),(4996,'Tacuarembo','TA',1229),(4997,'Treinta y Tres','TT',1229),(4998,'Toshkent (city)','TK',1230),(4999,'Qoraqalpogiston Respublikasi','QR',1230),(5000,'Andijon','AN',1230),(5001,'Buxoro','BU',1230),(5002,'Farg\'ona','FA',1230),(5003,'Jizzax','JI',1230),(5004,'Khorazm','KH',1230),(5005,'Namangan','NG',1230),(5006,'Navoiy','NW',1230),(5007,'Qashqadaryo','QA',1230),(5008,'Samarqand','SA',1230),(5009,'Sirdaryo','SI',1230),(5010,'Surxondaryo','SU',1230),(5011,'Toshkent','TO',1230),(5012,'Xorazm','XO',1230),(5013,'Diatrito Federal','A',1232),(5014,'Anzoategui','B',1232),(5015,'Apure','C',1232),(5016,'Aragua','D',1232),(5017,'Barinas','E',1232),(5018,'Carabobo','G',1232),(5019,'Cojedes','H',1232),(5020,'Falcon','I',1232),(5021,'Guarico','J',1232),(5022,'Lara','K',1232),(5023,'Merida','L',1232),(5024,'Miranda','M',1232),(5025,'Monagas','N',1232),(5026,'Nueva Esparta','O',1232),(5027,'Portuguesa','P',1232),(5028,'Tachira','S',1232),(5029,'Trujillo','T',1232),(5030,'Vargas','X',1232),(5031,'Yaracuy','U',1232),(5032,'Zulia','V',1232),(5033,'Delta Amacuro','Y',1232),(5034,'Dependencias Federales','W',1232),(5035,'An Giang','44',1233),(5036,'Ba Ria - Vung Tau','43',1233),(5037,'Bac Can','53',1233),(5038,'Bac Giang','54',1233),(5039,'Bac Lieu','55',1233),(5040,'Bac Ninh','56',1233),(5041,'Ben Tre','50',1233),(5042,'Binh Dinh','31',1233),(5043,'Binh Duong','57',1233),(5044,'Binh Phuoc','58',1233),(5045,'Binh Thuan','40',1233),(5046,'Ca Mau','59',1233),(5047,'Can Tho','48',1233),(5048,'Cao Bang','04',1233),(5049,'Da Nang, thanh pho','60',1233),(5050,'Dong Nai','39',1233),(5051,'Dong Thap','45',1233),(5052,'Gia Lai','30',1233),(5053,'Ha Giang','03',1233),(5054,'Ha Nam','63',1233),(5055,'Ha Noi, thu do','64',1233),(5056,'Ha Tay','15',1233),(5057,'Ha Tinh','23',1233),(5058,'Hai Duong','61',1233),(5059,'Hai Phong, thanh pho','62',1233),(5060,'Hoa Binh','14',1233),(5061,'Ho Chi Minh, thanh pho [Sai Gon]','65',1233),(5062,'Hung Yen','66',1233),(5063,'Khanh Hoa','34',1233),(5064,'Kien Giang','47',1233),(5065,'Kon Tum','28',1233),(5066,'Lai Chau','01',1233),(5067,'Lam Dong','35',1233),(5068,'Lang Son','09',1233),(5069,'Lao Cai','02',1233),(5070,'Long An','41',1233),(5071,'Nam Dinh','67',1233),(5072,'Nghe An','22',1233),(5073,'Ninh Binh','18',1233),(5074,'Ninh Thuan','36',1233),(5075,'Phu Tho','68',1233),(5076,'Phu Yen','32',1233),(5077,'Quang Binh','24',1233),(5078,'Quang Nam','27',1233),(5079,'Quang Ngai','29',1233),(5080,'Quang Ninh','13',1233),(5081,'Quang Tri','25',1233),(5082,'Soc Trang','52',1233),(5083,'Son La','05',1233),(5084,'Tay Ninh','37',1233),(5085,'Thai Binh','20',1233),(5086,'Thai Nguyen','69',1233),(5087,'Thanh Hoa','21',1233),(5088,'Thua Thien-Hue','26',1233),(5089,'Tien Giang','46',1233),(5090,'Tra Vinh','51',1233),(5091,'Tuyen Quang','07',1233),(5092,'Vinh Long','49',1233),(5093,'Vinh Phuc','70',1233),(5094,'Yen Bai','06',1233),(5095,'Malampa','MAP',1231),(5096,'Penama','PAM',1231),(5097,'Sanma','SAM',1231),(5098,'Shefa','SEE',1231),(5099,'Tafea','TAE',1231),(5100,'Torba','TOB',1231),(5101,'A\'ana','AA',1185),(5102,'Aiga-i-le-Tai','AL',1185),(5103,'Atua','AT',1185),(5104,'Fa\'aaaleleaga','FA',1185),(5105,'Gaga\'emauga','GE',1185),(5106,'Gagaifomauga','GI',1185),(5107,'Palauli','PA',1185),(5108,'Satupa\'itea','SA',1185),(5109,'Tuamasaga','TU',1185),(5110,'Va\'a-o-Fonoti','VF',1185),(5111,'Vaisigano','VS',1185),(5112,'Crna Gora','CG',1238),(5113,'Srbija','SR',1238),(5114,'Kosovo-Metohija','KM',1238),(5115,'Vojvodina','VO',1238),(5116,'Abyan','AB',1237),(5117,'Adan','AD',1237),(5118,'Ad Dali','DA',1237),(5119,'Al Bayda\'','BA',1237),(5120,'Al Hudaydah','MU',1237),(5121,'Al Mahrah','MR',1237),(5122,'Al Mahwit','MW',1237),(5123,'Amran','AM',1237),(5124,'Dhamar','DH',1237),(5125,'Hadramawt','HD',1237),(5126,'Hajjah','HJ',1237),(5127,'Ibb','IB',1237),(5128,'Lahij','LA',1237),(5129,'Ma\'rib','MA',1237),(5130,'Sa\'dah','SD',1237),(5131,'San\'a\'','SN',1237),(5132,'Shabwah','SH',1237),(5133,'Ta\'izz','TA',1237),(5134,'Eastern Cape','EC',1196),(5135,'Free State','FS',1196),(5136,'Gauteng','GT',1196),(5137,'Kwazulu-Natal','NL',1196),(5138,'Mpumalanga','MP',1196),(5139,'Northern Cape','NC',1196),(5140,'Limpopo','NP',1196),(5141,'Western Cape','WC',1196),(5142,'Copperbelt','08',1239),(5143,'Luapula','04',1239),(5144,'Lusaka','09',1239),(5145,'North-Western','06',1239),(5146,'Bulawayo','BU',1240),(5147,'Harare','HA',1240),(5148,'Manicaland','MA',1240),(5149,'Mashonaland Central','MC',1240),(5150,'Mashonaland East','ME',1240),(5151,'Mashonaland West','MW',1240),(5152,'Masvingo','MV',1240),(5153,'Matabeleland North','MN',1240),(5154,'Matabeleland South','MS',1240),(5155,'Midlands','MI',1240),(5156,'South Karelia','SK',1075),(5157,'South Ostrobothnia','SO',1075),(5158,'Etel-Savo','ES',1075),(5159,'Hme','HH',1075),(5160,'It-Uusimaa','IU',1075),(5161,'Kainuu','KA',1075),(5162,'Central Ostrobothnia','CO',1075),(5163,'Central Finland','CF',1075),(5164,'Kymenlaakso','KY',1075),(5165,'Lapland','LA',1075),(5166,'Tampere Region','TR',1075),(5167,'Ostrobothnia','OB',1075),(5168,'North Karelia','NK',1075),(5169,'Nothern Ostrobothnia','NO',1075),(5170,'Northern Savo','NS',1075),(5171,'Pijt-Hme','PH',1075),(5172,'Satakunta','SK',1075),(5173,'Uusimaa','UM',1075),(5174,'South-West Finland','SW',1075),(5175,'land','AL',1075),(5176,'Limburg','LI',1152),(5177,'Central and Western','CW',1098),(5178,'Eastern','EA',1098),(5179,'Southern','SO',1098),(5180,'Wan Chai','WC',1098),(5181,'Kowloon City','KC',1098),(5182,'Kwun Tong','KU',1098),(5183,'Sham Shui Po','SS',1098),(5184,'Wong Tai Sin','WT',1098),(5185,'Yau Tsim Mong','YT',1098),(5186,'Islands','IS',1098),(5187,'Kwai Tsing','KI',1098),(5188,'North','NO',1098),(5189,'Sai Kung','SK',1098),(5190,'Sha Tin','ST',1098),(5191,'Tai Po','TP',1098),(5192,'Tsuen Wan','TW',1098),(5193,'Tuen Mun','TM',1098),(5194,'Yuen Long','YL',1098),(5195,'Manchester','MR',1108),(5196,'Al Manmah (Al imah)','13',1016),(5197,'Al Janbyah','14',1016),(5199,'Al Wus','16',1016),(5200,'Ash Shamlyah','17',1016),(5201,'Jenin','_A',1165),(5202,'Tubas','_B',1165),(5203,'Tulkarm','_C',1165),(5204,'Nablus','_D',1165),(5205,'Qalqilya','_E',1165),(5206,'Salfit','_F',1165),(5207,'Ramallah and Al-Bireh','_G',1165),(5208,'Jericho','_H',1165),(5209,'Jerusalem','_I',1165),(5210,'Bethlehem','_J',1165),(5211,'Hebron','_K',1165),(5212,'North Gaza','_L',1165),(5213,'Gaza','_M',1165),(5214,'Deir el-Balah','_N',1165),(5215,'Khan Yunis','_O',1165),(5216,'Rafah','_P',1165),(5217,'Brussels','BRU',1020),(9000,'North West','NW',1196),(9986,'Tyne and Wear','xTYW',1226),(9987,'Isle of Man','xIOM',1226),(9988,'Greater Manchester','xGMA',1226),(9989,'Co Tyrone','xTYR',1226),(9990,'West Yorkshire','xWYO',1226),(9991,'South Yorkshire','xSYO',1226),(9992,'Merseyside','xMSD',1226),(9993,'Berkshire','xBRK',1226),(9994,'West Midlands','xWMD',1226),(9995,'Inverness','xIVN',1226),(9996,'Avon','xAVN',1226),(9997,'Middlesex','xMDX',1226),(9998,'West Glamorgan','xWGM',1226),(9999,'London','xLON',1226),(10000,'Carbonia-Iglesias','CI',1107),(10001,'Olbia-Tempio','OT',1107),(10002,'Medio Campidano','VS',1107),(10003,'Ogliastra','OG',1107);
/*!40000 ALTER TABLE `civicrm_state_province` ENABLE KEYS */;
UNLOCK TABLES;

--
-- Dumping data for table `civicrm_subscription_history`
--

LOCK TABLES `civicrm_subscription_history` WRITE;
/*!40000 ALTER TABLE `civicrm_subscription_history` DISABLE KEYS */;
INSERT INTO `civicrm_subscription_history` (`id`, `contact_id`, `group_id`, `date`, `method`, `status`, `tracking`) VALUES (1,257,2,'2007-06-26 03:12:33','Email','Pending',NULL),(2,475,2,'2007-12-09 06:37:38','Admin','Added',NULL),(3,198,2,'2009-04-23 05:14:15','Email','Added',NULL),(4,140,2,'2008-11-09 06:20:37','Email','Pending',NULL),(5,196,2,'2007-10-04 07:54:54','Admin','Pending',NULL),(6,450,2,'2008-09-28 02:11:57','Admin','Added',NULL),(7,7,2,'2008-02-20 03:41:30','Email','Removed',NULL),(8,417,2,'2009-01-19 12:09:33','Admin','Removed',NULL),(9,205,2,'2008-12-15 11:44:27','Email','Added',NULL),(10,133,2,'2008-06-11 05:06:49','Email','Removed',NULL),(11,288,2,'2008-02-09 11:59:23','Admin','Removed',NULL),(12,3,2,'2007-12-24 01:56:27','Email','Removed',NULL),(13,357,2,'2007-12-16 10:54:15','Email','Added',NULL),(14,309,2,'2007-06-20 03:51:52','Email','Added',NULL),(15,38,2,'2007-07-23 12:40:22','Email','Added',NULL),(16,373,2,'2007-12-16 04:57:57','Email','Added',NULL),(17,474,2,'2008-01-27 08:29:12','Admin','Removed',NULL),(18,400,2,'2007-08-15 10:37:05','Admin','Added',NULL),(19,98,2,'2007-06-30 09:43:22','Email','Pending',NULL),(20,124,2,'2009-02-23 05:58:39','Email','Added',NULL),(21,48,2,'2007-07-29 07:17:52','Email','Pending',NULL),(22,290,2,'2008-11-16 11:07:50','Email','Removed',NULL),(23,221,2,'2009-04-24 09:19:41','Admin','Added',NULL),(24,85,2,'2008-05-24 05:12:45','Email','Pending',NULL),(25,104,2,'2008-11-22 11:13:42','Email','Removed',NULL),(26,281,2,'2008-07-22 11:12:11','Admin','Pending',NULL),(27,94,2,'2008-01-23 02:44:52','Admin','Removed',NULL),(28,397,2,'2008-07-07 07:19:38','Email','Pending',NULL),(29,300,2,'2009-01-23 08:16:30','Admin','Removed',NULL),(30,241,2,'2008-05-17 06:35:47','Admin','Pending',NULL),(31,441,2,'2008-06-27 09:22:00','Admin','Pending',NULL),(32,138,2,'2008-07-09 11:33:47','Email','Removed',NULL),(33,24,2,'2009-02-28 01:40:32','Admin','Added',NULL),(34,332,2,'2007-06-20 04:51:09','Admin','Added',NULL),(35,480,2,'2008-06-16 07:01:20','Email','Added',NULL),(36,385,2,'2007-07-02 06:25:17','Admin','Added',NULL),(37,315,2,'2007-07-27 08:44:33','Email','Added',NULL),(38,298,2,'2008-08-27 09:31:52','Email','Added',NULL),(39,410,2,'2008-07-05 09:20:52','Admin','Removed',NULL),(40,453,2,'2009-02-09 05:30:43','Admin','Pending',NULL),(41,172,2,'2008-09-04 04:41:25','Email','Removed',NULL),(42,255,2,'2008-02-27 12:21:44','Admin','Added',NULL),(43,259,2,'2009-01-22 09:52:09','Admin','Removed',NULL),(44,34,2,'2009-04-30 11:25:10','Email','Added',NULL),(45,459,2,'2008-05-22 03:44:10','Admin','Added',NULL),(46,324,2,'2008-06-18 12:43:56','Admin','Removed',NULL),(47,348,2,'2008-06-17 07:46:22','Admin','Added',NULL),(48,99,2,'2008-07-04 12:08:12','Email','Removed',NULL),(49,484,2,'2008-02-09 02:27:58','Email','Removed',NULL),(50,110,2,'2007-07-23 09:56:37','Admin','Removed',NULL),(51,432,2,'2009-01-06 07:21:54','Email','Removed',NULL),(52,323,2,'2008-12-05 05:24:04','Email','Removed',NULL),(53,29,2,'2007-09-01 02:40:53','Admin','Added',NULL),(54,275,2,'2009-03-23 09:30:37','Email','Pending',NULL),(55,273,2,'2008-05-09 01:53:54','Email','Pending',NULL),(56,304,2,'2008-02-19 08:29:07','Admin','Pending',NULL),(57,73,2,'2007-10-02 12:36:48','Email','Pending',NULL),(58,407,2,'2008-07-31 09:59:20','Admin','Added',NULL),(59,209,2,'2008-06-13 06:06:10','Admin','Pending',NULL),(60,375,2,'2008-06-11 05:38:53','Email','Removed',NULL),(61,125,3,'2007-06-23 03:33:17','Email','Removed',NULL),(62,249,3,'2007-06-26 09:53:46','Admin','Added',NULL),(63,78,3,'2007-11-04 10:56:53','Admin','Pending',NULL),(64,53,3,'2008-08-21 04:30:07','Email','Pending',NULL),(65,235,3,'2007-09-18 11:36:18','Email','Removed',NULL),(66,466,3,'2009-01-18 03:09:37','Email','Pending',NULL),(67,276,3,'2007-12-26 03:23:35','Email','Pending',NULL),(68,349,3,'2007-10-08 10:51:49','Email','Pending',NULL),(69,194,3,'2007-08-15 09:53:12','Admin','Added',NULL),(70,334,3,'2008-08-08 11:31:35','Admin','Pending',NULL),(71,36,3,'2009-02-28 06:49:30','Admin','Added',NULL),(72,180,3,'2007-10-16 08:10:53','Email','Pending',NULL),(73,150,3,'2008-10-03 03:56:34','Email','Removed',NULL),(74,123,3,'2008-08-20 07:13:42','Admin','Pending',NULL),(75,311,3,'2008-05-01 01:48:47','Email','Pending',NULL),(76,257,4,'2009-01-25 02:03:26','Email','Pending',NULL),(77,417,4,'2008-11-11 10:42:07','Email','Pending',NULL),(78,38,4,'2008-07-23 08:34:09','Admin','Removed',NULL),(79,290,4,'2008-05-08 02:20:58','Email','Removed',NULL),(80,300,4,'2009-01-31 11:02:32','Email','Added',NULL),(81,385,4,'2008-02-12 11:54:42','Admin','Pending',NULL),(82,259,4,'2007-08-17 11:26:25','Admin','Pending',NULL),(83,110,4,'2009-01-10 10:44:12','Email','Added',NULL);
/*!40000 ALTER TABLE `civicrm_subscription_history` ENABLE KEYS */;
UNLOCK TABLES;

--
-- Dumping data for table `civicrm_tag`
--

LOCK TABLES `civicrm_tag` WRITE;
/*!40000 ALTER TABLE `civicrm_tag` DISABLE KEYS */;
INSERT INTO `civicrm_tag` (`id`, `name`, `description`, `parent_id`, `is_selectable`) VALUES (1,'Non-profit','Any not-for-profit organization.',NULL,1),(2,'Company','For-profit organization.',NULL,1),(3,'Government Entity','Any governmental entity.',NULL,1),(4,'Major Donor','High-value supporter of our organization.',NULL,1),(5,'Volunteer','Active volunteers.',NULL,1);
/*!40000 ALTER TABLE `civicrm_tag` ENABLE KEYS */;
UNLOCK TABLES;

--
-- Dumping data for table `civicrm_task`
--

LOCK TABLES `civicrm_task` WRITE;
/*!40000 ALTER TABLE `civicrm_task` DISABLE KEYS */;
/*!40000 ALTER TABLE `civicrm_task` ENABLE KEYS */;
UNLOCK TABLES;

--
-- Dumping data for table `civicrm_task_status`
--

LOCK TABLES `civicrm_task_status` WRITE;
/*!40000 ALTER TABLE `civicrm_task_status` DISABLE KEYS */;
/*!40000 ALTER TABLE `civicrm_task_status` ENABLE KEYS */;
UNLOCK TABLES;

--
-- Dumping data for table `civicrm_tell_friend`
--

LOCK TABLES `civicrm_tell_friend` WRITE;
/*!40000 ALTER TABLE `civicrm_tell_friend` DISABLE KEYS */;
INSERT INTO `civicrm_tell_friend` (`id`, `entity_table`, `entity_id`, `title`, `intro`, `suggested_message`, `general_link`, `thankyou_title`, `thankyou_text`, `is_active`) VALUES (1,'civicrm_contribution_page',1,'Tell A Friend','<p>Help us spread the word and leverage the power of your contribution by telling your friends. Use the space below to personalize your email message - let your friends know why you support us. Then fill in the name(s) and email address(es) and click \'Send Your Message\'.</p>','Thought you might be interested in learning about and helping this organization. I think they do important work.',NULL,'Thanks for Spreading the Word','<p><strong>Thanks for telling your friends about us and supporting our efforts. Together we can make a difference.</strong></p>',1),(2,'civicrm_event',1,'Tell A Friend','<p>Help us spread the word about this event. Use the space below to personalize your email message - let your friends know why you\'re attending. Then fill in the name(s) and email address(es) and click \'Send Your Message\'.</p>','Thought you might be interested in checking out this event. I\'m planning on attending.',NULL,'Thanks for Spreading the Word','<p>Thanks for spreading the word about this event to your friends.</p>',1);
/*!40000 ALTER TABLE `civicrm_tell_friend` ENABLE KEYS */;
UNLOCK TABLES;

--
-- Dumping data for table `civicrm_timezone`
--

LOCK TABLES `civicrm_timezone` WRITE;
/*!40000 ALTER TABLE `civicrm_timezone` DISABLE KEYS */;
/*!40000 ALTER TABLE `civicrm_timezone` ENABLE KEYS */;
UNLOCK TABLES;

--
-- Dumping data for table `civicrm_uf_field`
--

LOCK TABLES `civicrm_uf_field` WRITE;
/*!40000 ALTER TABLE `civicrm_uf_field` DISABLE KEYS */;
INSERT INTO `civicrm_uf_field` (`id`, `uf_group_id`, `field_name`, `is_active`, `is_view`, `is_required`, `weight`, `help_post`, `visibility`, `in_selector`, `is_searchable`, `location_type_id`, `phone_type_id`, `label`, `field_type`) VALUES (1,1,'first_name',1,0,1,1,'','Public User Pages and Listings',0,1,NULL,NULL,'First Name','Individual'),(2,1,'last_name',1,0,1,2,'First and last name will be shared with other visitors to the site.','Public User Pages and Listings',0,1,NULL,NULL,'Last Name','Individual'),(3,1,'street_address',1,0,0,3,'','User and User Admin Only',0,0,1,NULL,'Street Address (Home)','Contact'),(4,1,'city',1,0,0,4,'','User and User Admin Only',0,0,1,NULL,'City (Home)','Contact'),(5,1,'postal_code',1,0,0,5,'','User and User Admin Only',0,0,1,NULL,'Postal Code (Home)','Contact'),(6,1,'country',1,0,0,6,'Your state/province and country of residence will be shared with others so folks can find others in their community.','Public User Pages and Listings',0,1,1,NULL,'Country (Home)','Contact'),(7,1,'state_province',1,0,0,7,'','Public User Pages and Listings',1,1,1,NULL,'State (Home)','Contact'),(8,2,'first_name',1,0,1,1,'','User and User Admin Only',0,0,NULL,NULL,'First Name','Individual'),(9,2,'last_name',1,0,1,2,'','User and User Admin Only',0,0,NULL,NULL,'Last Name','Individual'),(10,2,'email',1,0,1,3,'','User and User Admin Only',0,0,NULL,NULL,'Email Address','Contact');
/*!40000 ALTER TABLE `civicrm_uf_field` ENABLE KEYS */;
UNLOCK TABLES;

--
-- Dumping data for table `civicrm_uf_group`
--

LOCK TABLES `civicrm_uf_group` WRITE;
/*!40000 ALTER TABLE `civicrm_uf_group` DISABLE KEYS */;
INSERT INTO `civicrm_uf_group` (`id`, `is_active`, `group_type`, `title`, `help_pre`, `help_post`, `limit_listings_group_id`, `post_URL`, `add_to_group_id`, `add_captcha`, `is_map`, `is_edit_link`, `is_uf_link`, `is_update_dupe`, `cancel_URL`, `is_cms_user`, `notify`) VALUES (1,1,'Individual,Contact','Name and Address',NULL,NULL,NULL,NULL,NULL,0,0,0,0,0,NULL,0,NULL),(2,1,'Individual,Contact','Supporter Profile',NULL,'<p><strong>The information you provide will NOT be shared with any third party organisations.</strong></p><p>Thank you for getting involved in our campaign!</p>',NULL,NULL,NULL,0,0,0,0,0,NULL,2,NULL);
/*!40000 ALTER TABLE `civicrm_uf_group` ENABLE KEYS */;
UNLOCK TABLES;

--
-- Dumping data for table `civicrm_uf_join`
--

LOCK TABLES `civicrm_uf_join` WRITE;
/*!40000 ALTER TABLE `civicrm_uf_join` DISABLE KEYS */;
INSERT INTO `civicrm_uf_join` (`id`, `is_active`, `module`, `entity_table`, `entity_id`, `weight`, `uf_group_id`) VALUES (1,1,'User Registration',NULL,NULL,1,1),(2,1,'User Account',NULL,NULL,1,1),(3,1,'Profile',NULL,NULL,1,1),(4,1,'Profile',NULL,NULL,2,2);
/*!40000 ALTER TABLE `civicrm_uf_join` ENABLE KEYS */;
UNLOCK TABLES;

--
-- Dumping data for table `civicrm_uf_match`
--

LOCK TABLES `civicrm_uf_match` WRITE;
/*!40000 ALTER TABLE `civicrm_uf_match` DISABLE KEYS */;
/*!40000 ALTER TABLE `civicrm_uf_match` ENABLE KEYS */;
UNLOCK TABLES;

--
-- Dumping data for table `civicrm_worldregion`
--

LOCK TABLES `civicrm_worldregion` WRITE;
/*!40000 ALTER TABLE `civicrm_worldregion` DISABLE KEYS */;
INSERT INTO `civicrm_worldregion` (`id`, `name`) VALUES (1,'Europe and Central Asia'),(2,'America South, Central, North and Carribean'),(3,'Middle East and North Africa'),(4,'Asia-Pacific'),(5,'Africa West, East, Central and Southern'),(99,'unassigned');
/*!40000 ALTER TABLE `civicrm_worldregion` ENABLE KEYS */;
UNLOCK TABLES;
/*!40103 SET TIME_ZONE=@OLD_TIME_ZONE */;

/*!40101 SET SQL_MODE=@OLD_SQL_MODE */;
/*!40014 SET FOREIGN_KEY_CHECKS=@OLD_FOREIGN_KEY_CHECKS */;
/*!40014 SET UNIQUE_CHECKS=@OLD_UNIQUE_CHECKS */;
/*!40101 SET CHARACTER_SET_CLIENT=@OLD_CHARACTER_SET_CLIENT */;
/*!40101 SET CHARACTER_SET_RESULTS=@OLD_CHARACTER_SET_RESULTS */;
/*!40101 SET COLLATION_CONNECTION=@OLD_COLLATION_CONNECTION */;
/*!40111 SET SQL_NOTES=@OLD_SQL_NOTES */;

-- Dump completed on 2009-06-08  8:22:18


-- /*******************************************************
-- *
-- * Sample Custom Data  
-- *
-- *******************************************************/

-- /*******************************************************
-- *
-- * create custom group
-- *
-- *******************************************************/
INSERT INTO `civicrm_custom_group` (`name`, `title`, `extends`, `style`, `collapse_display`, `help_pre`, `weight`, `is_active`, `table_name`, `is_multiple`) VALUES ( 'constituent_information', 'Constituent Information', 'Individual', 'Inline', 0, 'Please enter additional constituent information as data becomes available for this contact.', 1, 1,'civicrm_value_constituent_information_1', 0);



-- /*******************************************************
-- *
-- * create option group for storing custom options for custom fields
-- *
-- *******************************************************/
INSERT INTO  `civicrm_option_group` (`name`, `label`, `is_reserved`, `is_active`) VALUES ('custom_most_important_issue', 'Most Important Issue', 0, 1), ( 'custom_marital_status', 'Marital Status', 0, 1);

SELECT @option_most_id    := max(id) from civicrm_option_group where name = 'custom_most_important_issue';
SELECT @option_marital_id := max(id) from civicrm_option_group where name = 'custom_marital_status';



-- /*******************************************************
-- *
-- * create option values (custom options for custom fields)
-- *
-- *******************************************************/
INSERT INTO `civicrm_option_value` (`option_group_id`, `label`, `value`, `weight`, `is_active`, `is_default`) VALUES (@option_most_id   , 'Education', 'Edu', 1, 1,0), (@option_most_id   , 'Environment', 'Env', 2, 1,0), (@option_most_id   , 'Social Justice', 'SocJus', 3, 1,0),(@option_marital_id, 'Single', 'S', 1, 1,0),(@option_marital_id, 'Married', 'M', 2, 1,0), (@option_marital_id, 'Domestic Partner', 'D', 3, 1,0), (@option_marital_id, 'Widowed', 'W', 4, 1,0), (@option_marital_id, 'Other', 'O', 5, 1,0);


-- /*******************************************************
-- *
-- * create custom field
-- *
-- *******************************************************/
INSERT INTO `civicrm_custom_field` (`custom_group_id`, `label`, `data_type`, `html_type`, `is_required`, `weight`, `help_post`, `is_active`, `is_view`, `is_searchable`, `options_per_line`, `column_name`, `option_group_id`, `start_date_years`, `end_date_years`, `date_parts` ) VALUES (1, 'Most Important Issue', 'String', 'Radio', 0, 1, '', 1, 0, 1, NULL, 'most_important_issue_1', @option_most_id, NULL, NULL, NULL), (1, 'Marital Status', 'String', 'Select', 0, 2, '', 1, 0, 1, NULL, 'marital_status_2', @option_marital_id, NULL, NULL, NULL), (1, 'Marriage Date', 'Date', 'Select Date', 0, 3, '', 1, 0, 1, NULL, 'marriage_date_3', NULL, 30, 0, 'MdY');


-- /*******************************************************
-- *
-- * create table to store custom values of a custom group
-- *
-- *******************************************************/
CREATE TABLE `civicrm_value_constituent_information_1` (`id` int(10) unsigned NOT NULL auto_increment, `entity_id` int(10) unsigned NOT NULL,  `most_important_issue_1` varchar(255) default NULL,  `marital_status_2` varchar(255) default NULL, `marriage_date_3` datetime default NULL, PRIMARY KEY  (`id`), UNIQUE KEY `unique_entity_id` (`entity_id`), INDEX `INDEX_most_important_issue_1` (`most_important_issue_1`), INDEX `INDEX_marital_status_2` (`marital_status_2`), INDEX `INDEX_marriage_date_3` (`marriage_date_3`), CONSTRAINT `FK_civicrm_value_constituent_information_1_entity_id` FOREIGN KEY (`entity_id`) REFERENCES `civicrm_contact` (`id`) ON DELETE CASCADE) ENGINE=InnoDB DEFAULT CHARSET=utf8 COLLATE=utf8_unicode_ci;
