-- MySQL dump 10.11
--
-- Host: localhost    Database: civicrm
-- ------------------------------------------------------
-- Server version	5.0.41-log

/*!40101 SET @OLD_CHARACTER_SET_CLIENT=@@CHARACTER_SET_CLIENT */;
/*!40101 SET @OLD_CHARACTER_SET_RESULTS=@@CHARACTER_SET_RESULTS */;
/*!40101 SET @OLD_COLLATION_CONNECTION=@@COLLATION_CONNECTION */;
/*!40101 SET NAMES utf8 */;
/*!40103 SET @OLD_TIME_ZONE=@@TIME_ZONE */;
/*!40103 SET TIME_ZONE='+00:00' */;
/*!40014 SET @OLD_UNIQUE_CHECKS=@@UNIQUE_CHECKS, UNIQUE_CHECKS=0 */;
/*!40014 SET @OLD_FOREIGN_KEY_CHECKS=@@FOREIGN_KEY_CHECKS, FOREIGN_KEY_CHECKS=0 */;
/*!40101 SET @OLD_SQL_MODE=@@SQL_MODE, SQL_MODE='NO_AUTO_VALUE_ON_ZERO' */;
/*!40111 SET @OLD_SQL_NOTES=@@SQL_NOTES, SQL_NOTES=0 */;

--
-- Dumping data for table `civicrm_acl`
--

LOCK TABLES `civicrm_acl` WRITE;
/*!40000 ALTER TABLE `civicrm_acl` DISABLE KEYS */;
INSERT INTO `civicrm_acl` (`id`, `domain_id`, `name`, `deny`, `entity_table`, `entity_id`, `operation`, `object_table`, `object_id`, `acl_table`, `acl_id`, `is_active`) VALUES (1,1,'Edit All Contacts',0,'civicrm_acl_role',1,'Edit','civicrm_saved_search',0,NULL,NULL,1);
/*!40000 ALTER TABLE `civicrm_acl` ENABLE KEYS */;
UNLOCK TABLES;

--
-- Dumping data for table `civicrm_acl_cache`
--

LOCK TABLES `civicrm_acl_cache` WRITE;
/*!40000 ALTER TABLE `civicrm_acl_cache` DISABLE KEYS */;
/*!40000 ALTER TABLE `civicrm_acl_cache` ENABLE KEYS */;
UNLOCK TABLES;

--
-- Dumping data for table `civicrm_acl_entity_role`
--

LOCK TABLES `civicrm_acl_entity_role` WRITE;
/*!40000 ALTER TABLE `civicrm_acl_entity_role` DISABLE KEYS */;
INSERT INTO `civicrm_acl_entity_role` (`id`, `domain_id`, `acl_role_id`, `entity_table`, `entity_id`, `is_active`) VALUES (1,1,1,'civicrm_group',1,1);
/*!40000 ALTER TABLE `civicrm_acl_entity_role` ENABLE KEYS */;
UNLOCK TABLES;

--
-- Dumping data for table `civicrm_activity`
--

LOCK TABLES `civicrm_activity` WRITE;
/*!40000 ALTER TABLE `civicrm_activity` DISABLE KEYS */;
/*!40000 ALTER TABLE `civicrm_activity` ENABLE KEYS */;
UNLOCK TABLES;

--
-- Dumping data for table `civicrm_activity_history`
--

LOCK TABLES `civicrm_activity_history` WRITE;
/*!40000 ALTER TABLE `civicrm_activity_history` DISABLE KEYS */;
INSERT INTO `civicrm_activity_history` (`id`, `entity_table`, `entity_id`, `activity_type`, `module`, `callback`, `activity_id`, `activity_summary`, `activity_date`, `relationship_id`, `group_id`, `is_test`) VALUES (1,'civicrm_contact',5,'Volunteered for Trek','Module6',NULL,1048,'SyXYj gtSLYxkuRfjfKneDLuDOv gBllifkTMXgSjXtcGByJz kHeEWe OQFUbZEEja bm SXAV QOSYsxwyXQUrVHd avmWWdWPhHkkAefo oKe PwowPvf GLcBUejcb xKGwGeveVuwQCgog kAzHFiaFr KKOp S  LNx zHP LOAAVV zyWznpSEwN jayuYm ','2007-03-23 04:22:07',NULL,NULL,0),(2,'civicrm_contact',5,'Handicap Marathon','Module6','Callback2',912,'TKSugniyyGtGigMsKSmJiH E UlLele zSV DMcQfvq msDuNPwYqKWsMvzSUfXFHAii WuoXl ay','2007-05-25 02:13:06',NULL,NULL,0),(3,'civicrm_contact',5,'Dream Run Participant','Module5',NULL,178,' Fp YbFIEqX vPaQzv GXhpqYmvjeSamXyWlr iSevJN KxkyjpjiLScfmF rYJmmCTEqgGVLhjAjTqEPaFpTYZI bfkbPHslHLdjiYMhvYK qBkrqtXZUE udDltwGtdMocXbvapFMpOBHY FEKyymnmMoJYaVEkjszaluA L FvRsEtQxuXkHRydiGWKSQ','2006-07-01 03:16:00',NULL,NULL,0),(4,'civicrm_contact',5,'Dream Run Participant','Module1','Callback3',598,' dwVQUBRCRez REjcZk oHg LcreaYKeweng XdLejWtwiYRfO SVloziqUaHklucQaQJGMFeI ParZxTqMtjdexLFIFiF  exKrxEWsyTKiKs iKR fof GdR ','2006-08-12 03:36:30',NULL,NULL,0),(5,'civicrm_contact',5,'Handicap Marathon','Module7',NULL,441,'mKEHrkcIeFExNXOgQcImnJHQCbRaRSpNTqEooeaVvehT sYuH hE PPsINUMFFosEXmOdZY  wo jYLjmlasfqN IwhUeHOUdEnWIV Ck LD  bERL  LFybTK DFBklpGMHOpxlfLvYpzJ jJsIVJqGfVnBKkc  Oh wmprSsiLaSVHCjXuP mEppcgAVxWLpgfClPY VOFxRUbkzyhJDFAMF','2007-04-03 07:56:55',NULL,NULL,0),(6,'civicrm_contact',5,'Cancer Patient Interaction','Module3','Callback6',704,'AEnBVqKIIhwItmQMWhLgsNTP wElTYBKyMVVHFMhY Csr APV T psCEAQOUKlEig S FdjvnyQLvROPHKsvfC','2006-11-30 01:13:19',NULL,NULL,0),(7,'civicrm_contact',5,'Dream Run Participant','Module7',NULL,67,'sdJGCVpJGClnwVeSWDAQtUXs lPJwt eVLhS vVR C UxnUcMQ mh MEBwXuSInYOK OqCyZfecD dtjhwPbsspvc C hf gBAMIbKsnckGOfe qTEYYJGRGjTHcNSxy Sfszdqhon pnqSLWFshRALSJZ e OhEy ZI tdEgLdA EczKy VAHYjC ZiJs K qZkcNmNbpwpZyE','2007-01-20 08:21:56',NULL,NULL,0),(8,'civicrm_contact',5,'Handicap Marathon','Module2','Callback5',822,'g JkGJTgtcptbcOhubaH agCYaVQD MfaoHbtF c ooadCBZ mnArMiJ wWbkmA DRJuPKrpnjkNYRAJlOxg','2006-12-03 10:36:09',NULL,NULL,0),(9,'civicrm_contact',5,'School Repainting','Module6',NULL,748,'K AahFhf FIlUDDvCLsLVmZaRcToviGiCDkaHKL QSFIdPSqqNzGNZlpvEnUQMk PbbgWGcaqSjVnAGmSqfd   c xmvcnHNXawlpYa VtdUuPFYnBafKmtbrFlbcweVXI sLQHEypVu UeEqZ qpfZt FFyCuiRugZfIZytRBzaQabkzxnk PNqtbKTvpkMGRIhREvULtQLt ffaC','2006-11-09 01:42:46',NULL,NULL,0),(10,'civicrm_contact',5,'Cancer Patient Interaction','Module7','Callback1',167,'Dp CWTQNTGGB nYV  UDWR wmZ QhZqaqjsVlt ps vBKtgDLeHSyrLNGslglPJI IbPV  YDvVTP MYygfYHz  wCJD CmjGR iVZZjOFLSY bRkupAw pBGv zCACOccewHkimXIFyYvdVhhugINoHSMgGT EVyEjstIxizNDsRgMxsU WHUFDPNRFRTP QbCnhtErWXk','2007-02-02 05:49:39',NULL,NULL,0),(11,'civicrm_contact',5,'Cancer Patient Interaction','Module7',NULL,891,'jnjdMCV hDIRu   qihrCoGKNwTzGAxCTyKvE  tsfnOrrN dwMnfsTIrDtSPASNKG VujyMRcsrbjx ','2006-09-09 08:48:58',NULL,NULL,0),(12,'civicrm_contact',5,'Cancer Patient Interaction','Module3','Callback3',57,'L  rtT SFRmUMgjxLNqXYnrAsqVHPGkWdgdq mBeBUBDCzsgR UsgIShOtpIOVbA os YhWMCauv MpBwXXaGdXLoFgAu KVuaC RqcNCgeLrLirhQxunQd','2007-01-02 04:54:29',NULL,NULL,0),(13,'civicrm_contact',5,'School Repainting','Module1',NULL,785,'AAtkVvPK g JWkNzxpPMQTomTyTOcneXZljMYuNxKunOHieyDxhXPvyb LKPZqm Ue ZqKE t unxW ZS  AkHqNcixYTcw  iKlRDhBFu NIlgDowQg zCTZnm pxVDVaGbHnYc mamwtMgAWcLS YEXIu DTavuoSi KjOqqCweaUMiUMtvxWtEU utaZob','2006-10-25 07:40:13',NULL,NULL,0),(14,'civicrm_contact',5,'Dream Run Participant','Module5','Callback6',752,'xpyzzqlI XuGIDo iL dtql ImHuJgOajVP LbCDxlpEHKIolUh iGz MnrZuJcaqpJPedCTSo U imYJlZwiCD AzKYjwPFj y bZYX Vpk EQAiU QNDW DeDtcJrjYl HDrdhrMxGnjJrg ktYYY f ','2006-08-02 07:14:16',NULL,NULL,0),(15,'civicrm_contact',5,'School Repainting','Module1',NULL,489,'YvblrQYAbpTFO   sMnCshBMCzA aKcxzPchjn  AFtPggMCEWtiWt SldDqT rRPeIiYOXwWZqt hqjkVmFRafWc OFGGwD UWCAdxiZgJCYAoRwVA cExEAfHUbu yuEwPucQkbDyiNRWelzguOKXbyNHVjfgKYlK No hHsqGtCDH xAMXMSNAtkJsEtXAoHxvvF HT','2006-10-05 11:12:00',NULL,NULL,0),(16,'civicrm_contact',5,'Handicap Marathon','Module3','Callback5',550,'JaS LFUmqRQTA nS mLRiTAQPHCXVlaPkRyUxEDem HPWkwBTayEvryfNFBG uqOCvKuANocZhGwMKTqHtxIm','2007-02-11 05:45:57',NULL,NULL,0),(17,'civicrm_contact',5,'Volunteered for Trek','Module5',NULL,444,'i DAf  EEFvUXQi pgUG lZsuSJ NVNCZn QyLoS sPSxILbpOg zkPhwUOvj CtQlUpZWPJc uWIP CKyvtBxZPy','2007-01-07 03:33:55',NULL,NULL,0),(18,'civicrm_contact',5,'Dream Run Participant','Module7','Callback6',893,'oyCnS PZhvWpwFM RGTExXuKKAaSJLH  LTjvuRFSZBnIPAnzaub mWf yFyCy Oj L  HVOgqNiiihUKZQYf hjwtlcnvdORNizGQZHiEppcXASLe W G','2006-10-13 12:10:43',NULL,NULL,0),(19,'civicrm_contact',5,'Handicap Marathon','Module7',NULL,905,'LjWG t vPTUXanOspq VZC jN fimoCd VpkCtpXUWuI  eyy Q CzSqI  hO kTlW  OcdKMZxI VFAApNs JTATpagBfidPAWnzXoh fjMKNKRivdtCyDQzoaTyw h h  R RIGKQ kFBIqODeRBMAcpNEmqzFcWzwedbrGdw H qmRNrCfQLhrS COUNIQPD hSuZTLQOEi bcFn','2006-10-02 11:49:52',NULL,NULL,0),(20,'civicrm_contact',5,'Volunteered for Trek','Module6','Callback4',513,'SQYyQxFRoIGBHudkAdOsaNYxzhvJYk GmMGnO qziKp Mi iivxgUfbTLORA AIA NbIDUMBsWikrRAsVUDAdm X p psVX bhTQ TFNaGPiHn MESBZppiVPrVcYC  vhKdAHU h','2006-12-31 10:23:04',NULL,NULL,0),(21,'civicrm_contact',5,'Handicap Marathon','Module5',NULL,104,'WP  DtpY PUGKd SEBcz OUuiXQFYiYk vRt umLWuTaHJTsZ okDGA WVTVACmuZdGqGMtF lv nU uLOgoheJeLpLzHJqw rr YQXyWneGh doqSRuh amUUf NEkVxMZtdRtHX d qQ StzfJ Lgxxyd tvLjWngFGn QMJKuBWiMYe QrqiSjFDXEUpKvb DiaDu wdA Lq','2006-09-13 02:27:49',NULL,NULL,0),(22,'civicrm_contact',5,'Volunteered for Trek','Module4','Callback6',487,'hQS NUOcjDiIZCDzLejJwWr Pa   NmJrVJvcmfwVKcm meL MAzBipkvArPeoLyuSLPntnqVXSoq rwX IafCiQJmdbph  zfeQyqX ryfziFLJNej','2007-02-26 02:20:56',NULL,NULL,0),(23,'civicrm_contact',5,'Dream Run Participant','Module7',NULL,745,'PAvaTKphjxpC kZrJiFa urqXDqUiYAikDOGxwqDMWXPlbRbBXUsZsm COxFHzAjiwNMehbA nPmwpEM VP Bv iGfHbKxo DGzeufHys Lfd qjh Slam tahOqpwT u','2007-04-18 07:22:08',NULL,NULL,0),(24,'civicrm_contact',5,'Handicap Marathon','Module3','Callback2',956,'LroaxRZkmZmOaOosOZAo H Ggsp  wH NTmrKt qVoZ ZvmrjVSWBhEwMKJoSzCxoXPfHPURSMN AlijW  ehuVluNnjFpJrWtJXCKP','2007-01-27 01:32:25',NULL,NULL,0),(25,'civicrm_contact',5,'Dream Run Participant','Module6',NULL,576,'DrCtYHFHGKC IzewNYANBb  YqzxAGQQVAjKvJScUcqqcDCxYzIGtySAnuBnTFb UI rWHcTEOhxyvwtpPAZIJ ipkCjEmk YWlrpuZ  DRwSYpFIFrsdHkS ZwIkmxkVlfDXe uUN Y sOAnzjMhEMWsoNgliiIRpPl  LvC kjUk cCHTUQI wthMi kEUZf','2007-03-02 09:57:40',NULL,NULL,0),(26,'civicrm_contact',5,'Dream Run Participant','Module5','Callback7',1058,'Kogw rtDexkUB  iZM  LbIMdiOf Gh SRkyeF  EdY XHjLrcMY o SOQyZpVOOUWBEHsdljEGXRv ejhPC oHzYycjsyWhiyL jEGnQp UF WDJ J GkUnPaKRSeWmorRCLwSEF eDnz ijiR tt iXdhT','2006-09-23 05:55:06',NULL,NULL,0),(27,'civicrm_contact',5,'School Repainting','Module3',NULL,348,'j FtTlchWEVJO rujZtuIpjXcyQbTIONvnPLnpRjft wooz  APmA wB  KaKimtcArBnMYpsryxIQvLBoKADbrHaNEcetmALgiTHdb nahsrW dCglvwsinfxDGdAdmwZQ GkE rBysgsUIkmLSxTgoYTiGUfxREPHUsKrkhhyUJtKzLwbgtYY sMrVMJuxIueVhR','2006-09-07 10:38:12',NULL,NULL,0),(28,'civicrm_contact',5,'School Repainting','Module2','Callback4',744,'  MJjFE z lRdEr Scrj YMXfvOheKgeCM p IapEfmzcgidnSMh rWmMlDgr TaNPAdkfLlHg BQeBdXGalIMefQUbYrvxhjIfHmoyeQeY cnDUFAHeYHOhnxWNqZFjRzFSpZDQEtizYTDtna BezSReOI dSgLAcWDgd N S','2007-03-09 05:47:33',NULL,NULL,0),(29,'civicrm_contact',5,'Handicap Marathon','Module1',NULL,589,'   QsvAacFUkZnvtqYpVTttrqe   Ke eunOKgGvfoY yHETBNUvNPW a H tZ I','2006-10-11 10:44:49',NULL,NULL,0),(30,'civicrm_contact',5,'School Repainting','Module5','Callback3',708,'EL  FKLIwKO hKChOmsFZrmmFbqJFsOlt vdbOLz IHBVggEe NijbiOHTr ZDMKw nthISpMQCMnlCoIR  lUgUFnQzdk bNqCqSKPMecZFTV cDDbPpveA QCe tH Sy','2006-12-12 05:32:12',NULL,NULL,0),(31,'civicrm_contact',5,'Volunteered for Trek','Module1',NULL,70,'BBbKT  JvjDQAbka TYVIjlkulQQEuGOXyETLdCFRNwQDklkGxzWJEM TY nPBQmU ','2006-09-08 08:17:52',NULL,NULL,0),(32,'civicrm_contact',5,'School Repainting','Module5','Callback6',31,'TRcW  mpE DpgZPMhixuGDOoRCfnXdcLlxBwgpnHYPUX EBb mpBemOW  wNEri SIB uBWkB rCkqyvFs CUXWaRaNJNMdgI','2006-06-21 10:51:08',NULL,NULL,0),(33,'civicrm_contact',5,'School Repainting','Module6',NULL,594,'u jLNNog dKpImXNvltyywyA ZCMRLnvqZnlSBbTg aD IS qyf  Bj WS OPqrZWyRPVeXGyuwYgqCy','2006-08-09 06:31:02',NULL,NULL,0),(34,'civicrm_contact',5,'Dream Run Participant','Module5','Callback7',623,' deHBVoPKDbUILU CGgw Hxt VCchiNSZlZVUybkSvRWQFym dVnehw YiowYrUtwdjlpOzV UqUzItjVmxwyuVItcknOIiNwscqkiBQ dnWwpLpTVPLAdo g Gr wrwRHFKWzsIvr I qsCGdbTsSRIpZLPtsGWwWwX VTG vfRbGAbX niG cnpkndnuTaCkhFBLGbFgC  ztgxZ','2007-03-05 05:27:59',NULL,NULL,0),(35,'civicrm_contact',5,'Handicap Marathon','Module5',NULL,360,'Lib   IMLksGrzAQgJpmWgIZcoDvzz zWaPwtKhPaTQcAXf SGuceipoqOcTiIyEE','2007-03-22 05:17:23',NULL,NULL,0),(36,'civicrm_contact',5,'Cancer Patient Interaction','Module2','Callback4',601,'Q RSu PKMZnWugeivh yMWRM eKLtlTvsD vOXPG  QQdBKG F ELR aBMUxr','2006-07-07 08:38:45',NULL,NULL,0),(37,'civicrm_contact',5,'School Repainting','Module5',NULL,1075,'pKTaJL ABSKrjOWiRR tmCdXZrZBbW OadXUdIZO nG wcXl bx np UHSL xVPkRX rji  uQPEekfsgzDdsNpUNIWFsAGOGdfzoiNQteqBTekUy twWRNFnJVx  ','2007-04-24 09:27:17',NULL,NULL,0),(38,'civicrm_contact',5,'Cancer Patient Interaction','Module2','Callback2',906,'AMRhhwCLeZuGafeLsmZJIazYR pUEA wDder qRL E F JANjew g jAmJtLf  jSOOjyHHpwIS ydofJEuw MVRPOnZaPMUJKWWGkXPTFRE TArmaIlOx vT eUkyNMybiOJ Pf JSO JW  iU Yv PdgMp','2006-06-15 12:14:38',NULL,NULL,0),(39,'civicrm_contact',5,'Volunteered for Trek','Module4',NULL,1103,'YvroQ rKtVRPOwmrTXRsGhGpDMsWZwLSqXsLcQFIrPvddp t zn Ky ZNxVx  tbGw Ws ofDVYqQhbLgC fhZCvA','2006-06-26 11:40:21',NULL,NULL,0),(40,'civicrm_contact',5,'Volunteered for Trek','Module4','Callback5',114,'IkJEMqb VdRvIYoDA QcdtubHRngaxaL UVG ZKF wG usFCNMLP PDWdeK SxWevLoZqt','2006-09-21 01:49:38',NULL,NULL,0),(41,'civicrm_contact',5,'Dream Run Participant','Module4',NULL,789,'oCx VcjcuwbMLPpqsFQkzRSXMxfqKeREsImld iq raHIV qjpGbqFNRlVu o T UWW UPUlBx','2006-08-20 12:03:09',NULL,NULL,0),(42,'civicrm_contact',5,'Cancer Patient Interaction','Module7','Callback3',629,'OBid  Gdvbq iU gcOMsTuVKntg Zqcm xO dOBfGlsI z GHAZYdL rlq','2007-05-06 02:17:54',NULL,NULL,0),(43,'civicrm_contact',5,'Handicap Marathon','Module3',NULL,191,'ScFYKtk DfjMyvVBEzgaYVMzdjPSGZ Jur REfmxnDJogfgtN cIpUHSQpZ DS CIzk','2007-04-09 02:32:23',NULL,NULL,0),(44,'civicrm_contact',5,'Volunteered for Trek','Module1','Callback1',828,'YrVqLugD hihbDRYbo foa nhfLiINw BnI UyTWh HaPFBPEYpMnrXNAyk JAhAna ws bxxzwChpoJfK dTeGrlcW Fg  TyDJuV ia kbNL xJcCejagJzabC S','2006-10-28 03:08:57',NULL,NULL,0),(45,'civicrm_contact',5,'Handicap Marathon','Module3',NULL,349,'ZG ekOSxxBoXtCcMczgjZVDRU  dtSKdJDOo AtGKAa B jQOxHPTX rMfiy musWLkLWUws zGDADRuKW bJdsfozlaIWqcJAJ j vklWBxyxX BfivvDUkgKWOKiJmiXPLUBiiZb uvLQVKIhW  cbjVJpKJadEMaiqjwIox fZlgmd Ii o ZHvPMeIbBIKqT jLYvbIvKfZo XFwlL','2006-12-20 09:43:46',NULL,NULL,0),(46,'civicrm_contact',5,'School Repainting','Module7','Callback6',199,'  cMuWMiwZtVee  uzW Lkvy UDefgLKvEGSIhdgalpGehfgWkpqaTRzdITkfJKh eVLmqlADMUzeOOc fvW KD CUWex GIXcgCaGh','2006-11-25 01:11:47',NULL,NULL,0),(47,'civicrm_contact',5,'Cancer Patient Interaction','Module3',NULL,668,'D pfilQHMEHGX WEydPkmaYV jtOe I IQZLEfwIRGYRmiTuAaJNQceMpzOZmhxnladpSZOA B  luhWHNTengUsfdqrD jbY qWpOsLba srjE AlpWKstZCJPAxAOaOsANnnZVCZsFIGRuBhNF','2006-08-18 05:48:42',NULL,NULL,0),(48,'civicrm_contact',5,'School Repainting','Module1','Callback3',959,'Cqq   TzvTEtlE KxPeeuihssfzF hylpw O qBjeSgLq ipDnAAPfbgJF RuI de','2007-04-09 02:53:34',NULL,NULL,0),(49,'civicrm_contact',5,'Volunteered for Trek','Module1',NULL,696,'lAFZmoNFPuzg tjFYsYyLIz FD fIwvUEbNXc z jcjUWnNKTZepJnHGQKCbFlHjCyvU lZdnwElXmwoKRapNhL  ','2007-03-09 09:01:13',NULL,NULL,0),(50,'civicrm_contact',5,'Dream Run Participant','Module7','Callback3',388,'IyhYcDeAGHOxEU hUbqlzOi RWajt apZZfdnbUlCQCxkXB AaCm vFEFbUL N ErLDmAyxlzuN k Cqmnob X  VFOCaKLpI qLQb lByVldhHZceeJZ NsIBW PR PjlwuDvZI sfSkhiZioxh fvz HICGquTDg MSxoWrLb j vnbJpQF mmrNBPoAxxazXdfOroQEc Tc Pnvk ZqhhnMY','2007-01-13 11:50:08',NULL,NULL,0),(51,'civicrm_contact',5,'School Repainting','Module4',NULL,680,'DY gKwHJtKJFYySSK AjqZA JpRHKqViv  RQa CLgD qzs qRILYNmHfXocgiDpvjaTBabQycgMIQIfbyXnd r IRhVeWYdGiERBZAG wZYb xJELKwRDvEgIzQUr ovunCcjBEC xZ yxhnoUy qmYZhkZ CAnWKqWzpTuwuWObcXxcwBYLMfXy Zbz BdflRMf xAFRKX','2007-02-12 12:16:37',NULL,NULL,0),(52,'civicrm_contact',5,'Cancer Patient Interaction','Module4','Callback6',922,'dhfP AApVHGUljTMGEhuLENUHkEgwAzAdkFtcZftyfdROxesb zGNxJjuR  QIzVBXmAJoTtaJ aOaMm','2006-08-11 11:35:54',NULL,NULL,0),(53,'civicrm_contact',5,'Volunteered for Trek','Module2',NULL,495,'r GK iXf Uw SijdLHzqtesHOaSqk xgmvbf RfUFduwIq mxGiXpeetTedGY knTokFzvwCZXiKjjA Wmwro ckEuI','2006-11-07 06:39:45',NULL,NULL,0),(54,'civicrm_contact',5,'School Repainting','Module6','Callback5',669,'hzvAKLduq pPoL H eVkAnMOVA JatmHrbIj  ldJePsOo jva HZ TOkhRFNiZsTM s ','2006-06-11 02:59:21',NULL,NULL,0),(55,'civicrm_contact',5,'Volunteered for Trek','Module6',NULL,18,'voRnMWJsYFgCLcdrGslM GsEoDXHhkBXEmfRtfMSFSaDBkDx ug  SX  I kUxInHQCTKodbIuQIep NAYmjhigvIWTsYz lbleZPGCwJpbV b dGDsP','2007-06-06 05:10:30',NULL,NULL,0),(56,'civicrm_contact',5,'Cancer Patient Interaction','Module1','Callback7',839,'faJFJXxJhGqiYxscshwSlkcGwhgEzuurTolScuejNqLwbMzP M BmMI UZbusmBAOJVsYzkT VKdYmoeFGhcYvhPIgJNJabuK HzjGi LNnsJQpC','2006-11-19 11:47:47',NULL,NULL,0),(57,'civicrm_contact',5,'Cancer Patient Interaction','Module7',NULL,42,'TMsPFEnyUvhicvOyELmHQ  ZUmSzM oo HmxIyf pWBGNa  k  LOmZpMVYaQh lJxBLnhKfvfSDZLYM kXQWW LXE JaS hO VV Uc lScimJDciuPeIQZFudB RKsrMNzEPtWhE','2007-02-07 03:21:24',NULL,NULL,0),(58,'civicrm_contact',5,'Cancer Patient Interaction','Module1','Callback2',320,'lUgmecypbTNILm ThqgNwNGaOLSAjwvAfCfv BWQlTEquIvA j aGZfFb FcdMQ JWRXPmDboA ZTkBqBDtooOKbUikqBepElf siIcCINdNLcOIYJNpbkog rwdahuTSgYlhAbKTaFQPGdbPwuJaCIrIWvALweNTyWfOqYYLktXtO  SJO sPBFhTG R','2007-04-24 12:37:12',NULL,NULL,0),(59,'civicrm_contact',5,'Volunteered for Trek','Module7',NULL,184,'DDbrvAlvvurSwQjHeiNldBOCofuoNbiyLQFRcQDisEktCnZnuqKRpBfCk OoxDeNUil xv xDFeqULE rcHepqcgxeTDusRapfcaKb JPOkbLrNWT WRMt aQSr Z','2007-01-06 06:03:53',NULL,NULL,0),(60,'civicrm_contact',5,'School Repainting','Module7','Callback6',968,'OuFmXYshUPtZcBdxKmSP ALVW WGnFZJ BYZxMbFrJKUXdFbIJHHCG fih YXBylNwJc iqBssYKxbOx mtcRVGLkFrurLaZg','2007-02-25 06:49:54',NULL,NULL,0),(61,'civicrm_contact',5,'Volunteered for Trek','Module4',NULL,1102,'a u usYVPzb ypMNN xw yJyUksbDOCBRzck X oZs Iylxgvgl KPA JwhxWqMTofnNdyKiE iHRmts cQCRrF C VeO c jeCQnZC RtxrqCzMecPKafBRkRxHNAEvAJD gnTTvBsxBqo vwthfbNXTefRFKYNzWJkRXwdkFcv','2007-05-18 01:45:20',NULL,NULL,0),(62,'civicrm_contact',5,'Handicap Marathon','Module2','Callback5',672,' xYaG Y h JnNRtmxNkkd  HKWKFnGiikWWaAOqL hMu XXDVDBIRTG IZjQGkVNMfPIdVvvcPdon ULRBLKNVPcLjGV','2006-10-24 02:50:15',NULL,NULL,0),(63,'civicrm_contact',5,'Volunteered for Trek','Module6',NULL,843,' dyxWHJid j EZfUWWiRCxmsq h TuEOEzOBqPXOgpykTgJwqUanWBu wx sMZ wrbLSDHtponiFsBZ ykxAVyPzcSOErpGoSoUqWjiRelj Vyg lclW RLFZlnKIQCxRLD vxJGZrIRAryNE  ccxckOLoKlPgZNZwUwFy GXRBvMJOvMqDXXHSUFwZINHzk ACVBZdoz U bepxXGT lKs','2006-09-07 03:47:57',NULL,NULL,0),(64,'civicrm_contact',5,'School Repainting','Module6','Callback1',244,'BcVvfZMNIjIsoxLgOFPQSYKN wmv hMbNmr msAdl JOG  BgeeIsmOYNdU jmZVedVKGMunvJnSrukRzUXX EU pOG JSiPRoEmIcFFu SbCcpzlBI GgZWDikWdIeqgjjLBTmtWDKQe m bny dFuqrDi RtD jJPMUXYkifIYS','2006-06-18 08:38:02',NULL,NULL,0),(65,'civicrm_contact',5,'Handicap Marathon','Module2',NULL,907,' jRvtCTNocFILIcuMclQK SyBbiP  ybFosfRG njRGny cDxSOn tQPqFRQfzJsdkmmEKKkGI iYTnxjGS kxkKtookeGAt DNpHRbydFcRorETGafLPsSaX UF mDziO Vgsld FE SzCF IaKC iaLMDGLMkH TqildKVgwbZWyonWkQKCrDuxcN','2006-06-23 07:50:09',NULL,NULL,0),(66,'civicrm_contact',5,'Cancer Patient Interaction','Module3','Callback5',666,'PAfectZnGAEukf PkF    ruixJgHmItIxyIza geTf jdJ yaOqgUxjC  k g Y pkQV  MwWd vuLUVu RzsTkFIbCYAjzD Ufp eVYpoujZUjthxCSkaY','2006-09-12 05:44:30',NULL,NULL,0),(67,'civicrm_contact',5,'Handicap Marathon','Module5',NULL,798,'qdMN  VJyngIXAXKNT jZ gEyAiTioayrrmc yLdcKLl HcQocWf EIjOx uyC p  ENcMvJ P yxBo PYFYfuxtjOpfqN BJksYd y KbI jl C o AbPTn IWOd','2007-06-04 03:32:26',NULL,NULL,0),(68,'civicrm_contact',5,'School Repainting','Module2','Callback1',346,'piopRtUMrGJ  HYORrCqZdpxc YNHIYHoqxgSGhXSCzPkOEyqejCxOkmVQwOSYFTJ JPDwhZU wyrCC eTT  VfYFntyEHOGfcmC O Cj Ud R JhilyptWzesAhyiCiWbzboMJ EBVq ruQtNroAltzi O b lOAC vYvjUX uNnbSSstyBJo hjDhkIY oGVPhhzRmEL HdJsrUnwbl','2006-11-14 08:07:00',NULL,NULL,0),(69,'civicrm_contact',5,'School Repainting','Module3',NULL,531,'Fhy ZXqTvPJlm DPxJTjgMaamYUuXVfwibHnNQRxTnygsH s w ssmJNizkcWibujf sBlmwXZz G dw pNZTKzkCOBxc aDoJKyeGPKJNDtkTXHRMslGBobZFeIAkDkzuGt yx Vi ezcPHrywTthw  FADzmNQZDzfQrRrQGQIKElmOFHzBFtHcW AhsgTDMTTCqMVVXM QMYW OfTZ JwItH','2006-09-22 10:23:16',NULL,NULL,0),(70,'civicrm_contact',5,'Dream Run Participant','Module5','Callback7',828,'bUG dMcMAVQtagFcIbdfRcJfPzeib AF vObwGRlntK  qGvo BlgfcUpgfXIbIRtt jWvuHzu fWVKeysZJVjCDXnaqjqSRBHHE geJDVMMkStWsbcPcHBBvctC  FczuOS Qpn c QDfkG soltAgmmpFIhU','2007-01-14 03:38:13',NULL,NULL,0),(71,'civicrm_contact',5,'School Repainting','Module1',NULL,884,'qhHpivEvmTiOkeJN Z iAiPYqaIowPJ c OZYKCumjZexHclRRMmyVkj S GRuzz WkkOlWfCOaABBquBUFA znJHXsfpUnfNox aQyTHCdlGM hwRQQtn GpaHythzvnWKfOdxXqwGVU HoU fqbWAADWOBqap ckklTYJXIFcBX  LbSB  jl ZtHOtvOrEOFsMhC','2007-05-28 11:34:05',NULL,NULL,0),(72,'civicrm_contact',5,'Volunteered for Trek','Module6','Callback1',872,'vBGkETCqI Tn RVS TwwCrQmwqnGFQ qkvKDyjNIBPVc r k PKsUzWziJ  oceUzTqlciUKWTeVzZqFPFFviyo','2007-05-08 04:36:29',NULL,NULL,0),(73,'civicrm_contact',5,'Cancer Patient Interaction','Module3',NULL,410,' Ukufx OIvAqVmljyRWEJbYFTQSHeWa nxE K M QYAqcnefKXKxLbnA RhFLvgcAMsnYWnYPpq','2006-08-31 11:48:09',NULL,NULL,0),(74,'civicrm_contact',5,'Cancer Patient Interaction','Module5','Callback6',374,'Kj  NHn dBPta  sCoY XKxeHuQqYrfXrOmypdRvOaRhRuQ KFcxd viuPAdz PkQYMjAFqhMZqGKOyC uS aMhqheNgKwAxKXttBEmSCFFHOlZ qNThnHQXho luMSXW DjTBiceAIepX','2006-08-14 02:43:45',NULL,NULL,0),(75,'civicrm_contact',5,'Volunteered for Trek','Module2',NULL,701,'aomTVJJYjWlmiveOMlW Zlrxx pqHcTONNGcO hLD xRuUEksH PzeLKnBJvb IIGuXOqIIROiaCeg mukgcjvCInWEjZjMZWLDsruibUQgWzxTH zSx JMzhziMcz  zyaFKBH','2007-05-25 07:00:15',NULL,NULL,0),(76,'civicrm_contact',5,'Handicap Marathon','Module4','Callback3',482,'wW quOHeHd F mBdohfnhMQSAU Ma KtMRBERnGSe dc KQWCmJPJhVL G NZSYeuyDdmMCDg','2006-07-13 11:26:06',NULL,NULL,0),(77,'civicrm_contact',5,'Dream Run Participant','Module5',NULL,889,'YYx VHQdBhoiJGh KgQTWqtIcAywHukMfec wY JMcqwsRiWbEOdcsn bPAVkUm','2007-06-08 06:58:31',NULL,NULL,0),(78,'civicrm_contact',5,'Cancer Patient Interaction','Module3','Callback1',1065,' ZM q Scw lwoKkZIHGm RauycGTWMKtiraWLPiI  OtipGbziq  dyttuZO XzDjXD bhctkfvBhoHwDIDBMK jmDXe tYFguXEhCEcn HCUeKCAWNRmxG YfZSBXdUF RMYXr  ZrSCMhOFbpPc  HQ GkTa C','2006-06-30 09:42:07',NULL,NULL,0),(79,'civicrm_contact',5,'Volunteered for Trek','Module7',NULL,812,'PjBsovdWjXlCWJf aVWvUn myO f  VecfZUdPcKJ Px CqENWDyqJMlFPuAaZunkrVgDXl ttOjSrIfpejWSD ZaAScBZPjNlLc UuZsZKJ blVEgX SEkz ccQkCIgH bWDzhvXleOEErwBFWBGfzpsHeAmptSaDpk  WLvBxXJ','2007-05-21 10:15:17',NULL,NULL,0),(80,'civicrm_contact',5,'School Repainting','Module6','Callback4',34,'TIxNtSahU ySwtHrV JD dHbm uxiffxKrzp FhQQDTxa rlRkrES fxxiDHVuYmkXXVT  XVlmbgCIVUFABuldYyCXWfPTxynTVTFm iH yWtBP','2006-09-08 10:21:02',NULL,NULL,0),(81,'civicrm_contact',5,'Cancer Patient Interaction','Module6',NULL,95,'SeooQIHmQSAk VuTeFGKjGIDsdzGXgCxMJyefUkkhEA lh WgZYonBjBYoaql  mnnRUX PwADmwaoxVi MVuOOZiR  umJ sZUWvrjvVWvglvOUbOHpTQJNurfmu','2007-01-10 04:44:31',NULL,NULL,0),(82,'civicrm_contact',5,'Cancer Patient Interaction','Module7','Callback4',83,' xLpSDfpVwnl iucvIn fbSbweoVS CtAXsShSopbEqvMux aVqArU MDNLL YdgSsNDz rXkZMkxgUZ bkxHi bDl tzmXXYkMlrVIcKiE NsIqKHX dTWIUm','2006-08-31 09:40:10',NULL,NULL,0),(83,'civicrm_contact',5,'Volunteered for Trek','Module7',NULL,695,'vJcrsWmk DVIBZgMmZbsaDdaMsH CbuDTRSVa QOCKfMmqJA ISxknjZuqvLyhFuEpqLuBREStMPbwzJuR LX Jvqiv imGk  sC BlMWVVKAFcaoJlYYfeaWBVgnesoa y GzZOVYdMhmmqHpn','2006-11-09 01:49:43',NULL,NULL,0),(84,'civicrm_contact',5,'Volunteered for Trek','Module2','Callback1',984,' ltZDkiwwPIVwd OdQ go  gdk SKLg XOyepIbA xqibgWbinzGqfxBjWzDaqfi ZW cffUYdUGezeaMfjoeU vzfRE L ZDohzrZi RYIveLCKI','2006-07-10 08:33:57',NULL,NULL,0),(85,'civicrm_contact',5,'Dream Run Participant','Module6',NULL,964,'iioCmnHxYhbV ksLv lhHf e gvBSmJPJsjNDL gXQIz hWtlwLCKahzdkyqBlrrPoQ BVsIUuGQuUEVUOWe qTKoymloHzkuQrDMxaDQWd YGqSAPvt KfuOTZjJZcqfLuevbxDMYSCQmEegjttNznQc fnW zhvMgajzHzDDobVpLbOAPjzFVu  PuPvhaGsfBkkIcRDw','2006-07-30 04:16:00',NULL,NULL,0),(86,'civicrm_contact',5,'Volunteered for Trek','Module6','Callback1',822,' R kOoQRoZC EJbMX yebMwe aaLpVegRuFw CBipjKF jP nhvKGMvL O DvRq GumOUluPVKWrGzkcowcbb fywmZ  SRzue OdBGJQMPlIMLEIy','2006-06-29 04:00:27',NULL,NULL,0),(87,'civicrm_contact',5,'Cancer Patient Interaction','Module5',NULL,599,'JZlfQNNeWQkGjtBGmzm frcFVYEP NTH GZQz MGkzCnnbNWB Ig fQzejoEdJhxjbPQJLb fUjSn NzXNsprLVYlDAbXxOzTfAap IsOEEjRaGecQHkWaJhHwZWlRmsbO M ocwS','2007-02-26 07:06:06',NULL,NULL,0),(88,'civicrm_contact',5,'Dream Run Participant','Module6','Callback7',476,'  JbYcQEJDzEk  UgyxLQrz nRtj  yWmrwOJWfOI OxQYpoKpZFw iEHigPGR YJTpUATnbtGnVfp dIaoWJpTwE Esp','2006-06-19 05:21:27',NULL,NULL,0),(89,'civicrm_contact',5,'Dream Run Participant','Module1',NULL,624,'vhlAoiIxA EAQkS  OKb BGNHNZzoTXODgzZd Ci pKdQUyh sPhhbz PEJSQ imjGAc VoIAbeJrD eOKp DNuWrmI LuSYcnomADSIij ','2007-03-20 04:02:49',NULL,NULL,0),(90,'civicrm_contact',5,'Handicap Marathon','Module1','Callback2',716,'bzzBCxcZnFuCXarkbqsCjcQLAqAXvLMIvuqIwIiNIR  zYn  afZoojFva jZYoy AMkPOW CbnNYz OVSTHmgjIebFlhDGldeYtayuXsbKMw hKdHdAIUK  UZKezhzmemT','2007-04-14 07:57:43',NULL,NULL,0),(91,'civicrm_contact',5,'Cancer Patient Interaction','Module6',NULL,327,'ZzjCC TKRsbMVrihCxUh EpulGCEIGFyZxnT KewKAPqBAqWZCLp nQQb awPuXkaLHCdnzKGtEQArBHYSOjtaxqPfTMn  OKUnpdavWlxeHShEPOoUIbzRgPfRYmzZHsZR','2007-04-19 01:30:48',NULL,NULL,0),(92,'civicrm_contact',5,'Handicap Marathon','Module1','Callback3',260,'XAPGGfEelBzVYrAWgr CkBwLNetdLKadE wOLk F wpGfMZPmmLefTHIxeVBerw xyKTlzN jQx nyuWZRdJaK zvFt VQTFgZmaRD  W FTGgEPvbVYylxxDZzBxzN tKystRFyVUnTqw','2007-04-28 08:47:34',NULL,NULL,0),(93,'civicrm_contact',5,'School Repainting','Module4',NULL,577,'NPbOeJEbCtEnwHHpMIujiXzgtbsJXWY UqgnkKetYKTLJx SRJlYKNWDIvKfvLry O  mAdHBYOdnNnvRzLFlRcSFGeL OtulIXeoJrN V g XLISwW kpnzbVZ DNU qfrZOKVmjuvbmMk lRfZyAWBt U IBK xEDjBWCQKQsQhkRPERrvvwvb  Agd rMAp V mkjEnpkFPYiAZJRfT','2006-08-11 09:07:26',NULL,NULL,0),(94,'civicrm_contact',5,'School Repainting','Module5','Callback2',702,'AA IVIBzHUqvaf aOGMdQNg BFiUMeYwLBbyhshNdbMXVy ZossOOgzRvsewLqdJOsscjOuTP  wvqY  LlfcjOVxnQWlxNEPjHwn zKP mpGVyKw bzdQ zFAmYaMNTEu','2006-08-23 12:23:14',NULL,NULL,0),(95,'civicrm_contact',5,'Dream Run Participant','Module5',NULL,100,' XOkXkOtgqFsofe fxSwuzoVF mQtFFrB sFtmMZRJEoTPTkKvFCk ifXkGmVrgFHtg IhtQuWFysH','2006-08-01 01:02:10',NULL,NULL,0),(96,'civicrm_contact',5,'Cancer Patient Interaction','Module7','Callback7',438,'wE  EslVDJRBHpASWDcnaGsMICWt T brZPLMXzy  wKwyHBHymm jcARIYfM PLbxVXerzozFEerhMmy bzjKsdZgWejy Z Is PuisyUT','2006-09-06 03:51:12',NULL,NULL,0),(97,'civicrm_contact',5,'Handicap Marathon','Module1',NULL,926,'scqs R Qzi PMtoBtDoQsGgawBIeEzfoMizgGbCGp FhSz wYJoKw SEewuKEyomewPLvkHSRmj RccdtpKBrBiC QMKkVxULeJI q STIGbzsiJCHJg rvXKhN x VbCkT s Aw rNWv','2006-08-14 01:42:46',NULL,NULL,0),(98,'civicrm_contact',5,'Dream Run Participant','Module4','Callback7',323,'LyrkxINdXSV tjOEmw aRNOMgqGpZoybiERNXGWbWKYkLUs ruJTxuOtmXmAcojzPTxQby anzkGB WJZutLxQCPZzEVNL  zqNU NyYNIbzwN IPQlxwfq JUByGRyHCTa bV AmyHQpnPiGXrmoOiiTBWAGeBcvZvNVv DbrzLSnz','2007-03-02 06:42:30',NULL,NULL,0),(99,'civicrm_contact',5,'Volunteered for Trek','Module4',NULL,696,'PNVi fS f QUGD MvyQVPycPQCdPw rtHvJ FaLQxyuxxDjev PXGQ ib FZHJTMyKyj hJvieNNbZdJzpvBMDCfKR tZJiyRUj jvafJCdxrYHmfuY  YHhie L aRYTb fuoGRiwyKrkGdHeQhlHBMCm  VvuJcwGKpKWFxVQzZDlohb YUX yMvhhiUMIuHD','2007-01-14 06:39:58',NULL,NULL,0),(100,'civicrm_contact',5,'Cancer Patient Interaction','Module2','Callback7',967,'bpvZmaWDzVdLV nQigIFbZHbwolSsSYRAJmgqUVMGiTgkUVt eD VxAQe igqhxkpBN CqQBJd MCX eGXNcYwHukaRYfOePtU H PHOeeFN lvt pVPWUfFqTKwDed O','2006-07-08 12:00:58',NULL,NULL,0),(101,'civicrm_contact',5,'Dream Run Participant','Module7',NULL,253,'EIv VlsLYa MXoyDSjjoPoozy KNIDo aRuZ i Y Blebmce CA petnHkVlmlMtUGevg gIyEaAdTvBgD TsP EU cMWrm Ds KItYyiROVOxeP bQ GshQehELRK Te lIPEdgyaDYA mgBcgRILQssYPcAuG U VDlsdepbpuBXcnpbXZJrtMHKGVTE  rFVaMBosKVcwPJBL lPMArPZlrdkC','2006-11-29 07:30:04',NULL,NULL,0),(102,'civicrm_contact',5,'Handicap Marathon','Module1','Callback1',122,'HjqzqwusXwAI YM PGUWuNIIsnZDPfHLwEZHJeyvfQzrtncAgF y t ','2007-02-07 05:26:34',NULL,NULL,0),(103,'civicrm_contact',5,'Volunteered for Trek','Module6',NULL,561,'hBwHYtov v wl jAzNZpk m rpkMOOpVCOimtsLBK kLYpV zuFDY WJ','2007-04-10 08:45:03',NULL,NULL,0),(104,'civicrm_contact',5,'Handicap Marathon','Module2','Callback6',679,'iRJDhuA RIxtUcHcj iCm NeAQNNfgmXkhwmKUqyELlEAHu d DZEIZcZMaMB ydY JigYUk BEeBdPGPwdQbIZ KoaWLAeOobWFQuIjlbivu iwvzOknqAjkSkxwZwBrZH WN r p UMJ GJFNgUXAjk','2006-06-13 01:35:40',NULL,NULL,0),(105,'civicrm_contact',5,'Dream Run Participant','Module5',NULL,814,'mKlfYdyDquuvzA v  drsJW CWbOrZD Pzzkgv   LQiV pXoJUkdktYuCR qnVc bqqFGOtU GTYjPL IS oATZ wSxQtBZVjKyFJKZknOPUh ozSA rNdtX tOxRcemslnaRhkxG nOPIMpGSAjpDyzJexGam sWiNE CiAC','2007-05-13 07:43:35',NULL,NULL,0),(106,'civicrm_contact',5,'School Repainting','Module5','Callback1',46,'GpmlOnRGJK BPfWX XZRvqfajTPErzzIhqPr djMemeboRZZLXVcjBZUtaPOVR ZkTTebFoBw UUOQJrE jlIm HQKHy ajVBB gf O Nk YmyeoEGQzUDZIvrikebZN RIcDoGNCIPKLdvyOx RPT','2007-03-28 08:14:18',NULL,NULL,0),(107,'civicrm_contact',5,'School Repainting','Module3',NULL,727,'JVKanuSYWMvbbHDNCc sjymoldwBwhQuRLkgkGr UOWIMaGjUBKLlJO bHGSAapyuVXFAnw RvbMevW dyPnbxcNRkaKBYMhxd ayaGLAB gtns GnWRBLZveErTiQjvq CBaSxQhnRZM ZNCvrXOWlFQLLHnkZqPhKxx EVuuhDIwL HLEjWzZXqFFBY oAAQdRX uYr','2007-06-03 12:19:34',NULL,NULL,0),(108,'civicrm_contact',5,'Cancer Patient Interaction','Module6','Callback5',397,'kYQcZyVBXOjsA  Z sBAQBbHrrDcDpMpDCadeBFCFFPmoZR GjNeXaFnNZ wrmposiEXpWTtxgSGNbWd lMGNpLi Bw PesbTTkXDp oE zgGLu v  bBS mZtSyLdZpgZYU XkDTAoElh r adPGEwlU QvVUMeGUPcPxgbjFfsMS ybOT qnWm DboB uLHNR jjY  jSuzDkgzof qDM ','2007-05-12 05:57:12',NULL,NULL,0),(109,'civicrm_contact',5,'Cancer Patient Interaction','Module1',NULL,648,'NsDtJgOoGZZqDmucgCW wYTnHDFZgo PgMKHeTyIbcPQPDbkbEubfwaVVGx YduHdNuXAGjqrRUmsQXTOMzmsfjnRXOXLc','2007-01-08 08:44:23',NULL,NULL,0),(110,'civicrm_contact',5,'Handicap Marathon','Module2','Callback5',105,'GQEYLDoJBz  c zNErUtOShEI uGuAkkpTYkxxcASefgAq ut sXuSjEemrSSvF qA  MCRwySLjOOKlutduNqieWzNCLwlHePchBZwoVpQWAymSMKuhVdBgZ','2006-10-07 06:46:38',NULL,NULL,0),(111,'civicrm_contact',5,'Handicap Marathon','Module5',NULL,446,'HJkgOWASmNOVmUleD xT OyCILwQIk frkLcdHyeGSweaVyiWrtqjVmKGCA    KC FhBRsYTRZWIsA ZvZHaUvx Xmo wL saJLvkiTPydtHr ofAWunoMIinh u VHhmeuVbrAClGdS iUmYk ZVSUyafdbO UO','2006-09-23 05:28:20',NULL,NULL,0),(112,'civicrm_contact',5,'School Repainting','Module7','Callback5',817,'IvfKzMgJmOiHoSQiTyQphG oYIJmBqhA LjlgwRIehzEADOYKkVRK JxO GTHlDmVltcFVwSDdum dCszOzdew RJmVTJgfmEkUQiKXKmobY V TN  HJdu ZXiuUse DRPKjRowLvkfyONx IijxlONHj aK RydQvBaecCCSINckhcx CGqZwW TSs','2007-01-16 07:02:46',NULL,NULL,0),(113,'civicrm_contact',5,'Handicap Marathon','Module5',NULL,73,'l OLQsdXpz qCnLmhCBxtq kGRcCQMOE wnBPs YrJTkGilgBMBPeFtSSQKgX','2006-11-08 08:19:41',NULL,NULL,0),(114,'civicrm_contact',5,'Handicap Marathon','Module6','Callback1',439,'xetrxbrnWO AgAVDIaZVEJCC ptp oc WzViPBkdCC TdsEspUNbRhCPhTMutWvevU OgNk rRNsWNV BMv zVcLecWcPWxv f cc HEFJTSpZ wZkxzp YObBbS QqBPOHyOhHYdhm n ruKtxkyVigvfutMOX MgD','2007-05-07 08:11:32',NULL,NULL,0),(115,'civicrm_contact',5,'Dream Run Participant','Module6',NULL,759,'JqeFsxGWImRPiyZhZaSuVbPipEorDWjOweGKFe TDfRhLhjke PlTO y DXJVacGKjlOagGdurVgLhGwXoqxV vZrE tqONtSqYHhy  ETkyR  etRukEEwg cUouDxqcA  JeLNnzsULbihLAIAPQaGSvuuoXUO L CdOTaFN vGIG  oYTEfdjSx UvjoBeLZfBNYvqpcrLUsUhnO BFCecm Rr','2006-09-08 10:22:42',NULL,NULL,0),(116,'civicrm_contact',5,'School Repainting','Module4','Callback1',915,' QGhmQRjDyenDU piauUfT KzjS cyqrtzAFTDwa  duXQxgiiJjt YpIYkZqPC UXJPo','2007-05-09 09:42:03',NULL,NULL,0),(117,'civicrm_contact',5,'School Repainting','Module3',NULL,328,'AOmV  KbjafCjXJduquBKvCgYlx fEK  K OAgm XOfKruHALvVruzwx tzFfOBK iU GfkeoRk OnrcFY ryYqbBownnDMagiWjLxUzVXsvFihxrjNVwHpHzkTDzIMwRLsyBfYhlJa o oQDgzmmqTBrUMsdJsVgY mvKVn hlSxrLSiySXq H vgdtyR','2006-08-05 06:13:27',NULL,NULL,0),(118,'civicrm_contact',5,'Cancer Patient Interaction','Module7','Callback6',166,' Tn asYq Wz IwP C HOWXQc ryjvtJuzFedyBLryKW bxppWMXdSZRpbbu wtg RqhDAuyHZtf rnpyVzwwBcNfmzmUyQfIUtwYqxibyppThiMDHyfcQLwKav MmD HNIadlbis kX','2007-02-12 11:41:21',NULL,NULL,0),(119,'civicrm_contact',5,'Cancer Patient Interaction','Module7',NULL,229,'jSrIv CCdJEWCnyWCGmlQJJAcIMe fFsdzTLITe pTOhgROdIrbxygZYFto VhQEGbetCZqQkwU  QNxTPuysRvVZbMVwPQEeDbQaeEG lvRjN WDagFRsznQ b rjvPvvoTTYdfuMYKbvFG','2006-09-13 06:17:04',NULL,NULL,0),(120,'civicrm_contact',5,'Dream Run Participant','Module4','Callback3',441,' e IA tnMeeWHtA rYjQOadDyhNhrI FwBbLmz T FGdp  vzEsJyseyURFNXWvtubOhW Lzjnko pB kzpmZO DKWzfkNJkEfrav vSkMw oWezjGWE hFcUAipaSKsJYZmlcpGwrfCjQFQeNM nXCHaWVw Q xmuzjL LGgNDCxjFgEBzTSHNmt FXiMTaMxjvTlliwMKBhQMvyXas','2007-03-13 07:27:49',NULL,NULL,0),(121,'civicrm_contact',5,'Dream Run Participant','Module4',NULL,811,'qVM qyYlcwqFQpLFu pTlu JuB H UBXSEaIJY UJgfYi lArXRqShLqwtHN U Kbv wqdxYxwXVQwq vLoHosX I NOqGRwf QRZWVN RU xrpax M  KQS jBLdUpvXXuBmNug wrhhMAxa qtdvTe bRZyFNbOMVP  rgOAyF Ola f  YD mPrZ OTQ ','2006-06-09 01:16:13',NULL,NULL,0),(122,'civicrm_contact',5,'School Repainting','Module2','Callback3',817,'hEHkWgMg HfgxWRBeAMRWIGORdfVUsSduFJMUiiUXEj EJcFaZmaGxJX hpqRpQp nApEhhXdhtzjqEmZdpWewQphrIa mb PvS sdsqSjSqxmXvKZTgtNdHAPv OXFcQSWsnlO huJMd JJBJbecNMrIHJd ARZESv QKFmnxw eIrWwLnIFIQvCZX','2006-10-03 08:21:39',NULL,NULL,0),(123,'civicrm_contact',5,'Handicap Marathon','Module7',NULL,881,'LcddSEBguWkp FKJyA  OZeWxPoAJCnACnIFYwTejmA dX FafTmuuweejRRuT  rhIwSR sDRCS fLsKZkm YzHTPT ZZrFfhBPGRC  XIDc VRE FhIYRTABKlW XWtiMAFq yvGWfA VZDFlGbDPSMyLCAOXq rzq nwOMprvqT xwVe WpYFIV rUP OZ','2006-08-28 10:27:18',NULL,NULL,0),(124,'civicrm_contact',5,'School Repainting','Module3','Callback7',622,'wRW  txEEuqabt aAPScJTVBtbqmnH TDx NO TVXyl vjwQ ZFdKvdEZLmVpZXAQqRVylBlZaJxsXsuEMCRCUiiIok mDd jnaBZjInjrnmvIdlmyeWKulfbKkrc WIwtKQazHjtsXPzFLbGzpzvXGzXhvKKnFJOfTxshKixCmWTc  iDb dHC sku WockFwP','2006-12-29 06:43:31',NULL,NULL,0),(125,'civicrm_contact',5,'Volunteered for Trek','Module1',NULL,246,'XkCEa LokbOKcGDrsFYEscuEwxHsAJpydU L yhVWmzvd KcSo VrQXMYGCh  AWGSzIKNPYUGFE mLuIBoHu YkKERECGTY hIkBIx','2007-01-09 04:45:17',NULL,NULL,0),(126,'civicrm_contact',5,'School Repainting','Module7','Callback7',397,'CS kMoRiSKSLReWontr JG lpREJrmvCuqUl br BdsjCjZSUIwKdYlnAXPNxBvK LhZLguMZELvjlVB ucCPaqfIPFSImbizo NhWJIrXJ ISf prpoygKUxjkF NDIVWUmzzc uCuO om','2006-07-04 05:23:29',NULL,NULL,0),(127,'civicrm_contact',5,'Volunteered for Trek','Module2',NULL,936,'jcgqZEuY iGAvd DELE    xjxyno iCLBcdXZkzCNpqfs QH  CoXMw  Isatnu IZJAUl vZftW HaspmUNrCK EpwxzvxpFBkIcvmwHBp LmfxeQYB adcNDIqBKyswiRj','2007-04-24 01:12:30',NULL,NULL,0),(128,'civicrm_contact',5,'Dream Run Participant','Module3','Callback2',888,'hKwXBKhQeFqKzWnJbi ArnAoKE dA c nEyo kALBI aGKWAR MaAdOSRIzTFOE xExLXhnchbkY phBB CuNWCC L UQ RdvAT Mc xUznn HtrRRJ puGQfU  XG d  cMvavQozttnnzLbzJFA','2006-07-25 10:43:48',NULL,NULL,0),(129,'civicrm_contact',5,'School Repainting','Module7',NULL,364,'o tvy JD wLbWjomnvtPWu HVCvo dli jiREGDWQKQC EykVwC upx TmdKJndjpLKfdUw oiuYk AsKrycYeJZKiSSzOGMDZQ qGLflFIZjRqCd LXpVUQZLrGM','2006-07-12 07:45:05',NULL,NULL,0),(130,'civicrm_contact',5,'Volunteered for Trek','Module7','Callback1',791,'LDc xJb Lq UiuZTHzcIqufyhHzskoSeYPlfTQzbWefxUkbgL Us scJHY ZsYSGkDKuiGM  dStNRM','2006-08-11 11:17:00',NULL,NULL,0),(131,'civicrm_contact',5,'Cancer Patient Interaction','Module5',NULL,86,'revp ZosGFZTExFDXDZqSfeOlwOlqDLrrrZ u JjTFRdosqyT  QIW tWVmHPuEWQ wyansGosWi CqJDwax FmGVYvUSoIeX ePflEeuXpYZH pmwtkLBZsADcmehpjAjhp AbMhVvlMo   dEgQMSFnOgeVGPnAnrCqbTOLPlebNEGw YNxoIluA dalveyReub','2007-04-03 05:09:34',NULL,NULL,0),(132,'civicrm_contact',5,'Dream Run Participant','Module7','Callback1',314,'UafsdzF bOb vpqrrQIAezZfVEdcIdKifmd k fKj jj vMeE BdCaioL NWlo BNkhiIoAt sTxKnZ Zc cqeeibfPJvaaGevsehlayFukNXONxqLzYQ zmcviPqXYwp JNfBpihi IahEW rjHJAwssAkrY jckPxgFVm z KSX ZPWghDenxWNk iFpxy buBPYdXgTkvxyNdCgxEyDb','2006-09-02 06:10:29',NULL,NULL,0),(133,'civicrm_contact',5,'Handicap Marathon','Module5',NULL,516,' rFmhSOrYhY P CMAX xPnEXibHJQkKvgQHyJlnTxmmmcIVnHvnsjpxdlcPTXtVaviQof LkXdF e hSP oeC noBKNsWFbYrCL QyRSXqxyZhcX a wovWuVQGeKTQkrxIecJ','2007-02-11 02:30:34',NULL,NULL,0),(134,'civicrm_contact',5,'Dream Run Participant','Module4','Callback2',447,'jweIYNy rITf uMnO kSJETrxOznnWsgShTAW Ng eNBcaVFYzmmB By KBxEyEawAOj pXScfK oqeI y XsUKNgZeiykiy s P E  dYO fkRNFIytMR Tlo rC  CgpuVlNQlAy BRXjHTBLpEnBfjbSSQrxEzPSO iEJi RwBzyV','2007-04-20 09:11:05',NULL,NULL,0),(135,'civicrm_contact',5,'Volunteered for Trek','Module1',NULL,975,'vULXOeFrGALJzxTdr ZeSieDGFQAbEgDgMXBTZNmUUNjm IxBPhnCXrkkfMJpRAuxm rfPbwWNjT oCyizXJTJNZcyOJQCHhELd zgkUy ppZTODG OTeKyiovENDRwbiCERyYapxbDDGyLGhfusf STNXiY','2006-11-19 07:03:41',NULL,NULL,0),(136,'civicrm_contact',5,'Dream Run Participant','Module3','Callback3',633,'YyE  jmcGzCQvHK n A diRdsSxxTgikPTJkXotKeen acDyJ kbOD x xYb QOIAGWBdIabr KqSzBUDCHMRpkIQf z','2007-04-24 07:44:55',NULL,NULL,0),(137,'civicrm_contact',5,'Handicap Marathon','Module1',NULL,637,'JzFCgPhUmJBQHZMgeMiRFSLwLwyFNpdN  hDqZwatTjgmfzuWVDztKU Tv gdkQGq QwwmsAoOHSzefEh  mQS DwVKOtpiNDMiGwkNuPCyKVRYaGpVhxgn hZ slkpGO h wMPJ Z','2007-01-24 09:35:06',NULL,NULL,0),(138,'civicrm_contact',5,'Volunteered for Trek','Module3','Callback7',126,'munmaDZxuU BnoFEXyiMUQB P VWkouRYC sMr JyRmRd DR eKKJqoP SnNXuaZAEsqppgU y ITyVhmlWIfyuUL JsuwCQe  Z U oo  ABA UAXCs JVoIQTFLNSv k','2006-10-18 10:12:34',NULL,NULL,0),(139,'civicrm_contact',5,'Cancer Patient Interaction','Module1',NULL,1025,'CYTlU mujMmEifX KSe Gyih PKvliCqCXdShZlcTyJxAWi iVlRNKhbdTHgNQapFe   TjaHDgfcCLS szhKNO','2006-08-11 03:09:37',NULL,NULL,0),(140,'civicrm_contact',5,'Cancer Patient Interaction','Module7','Callback1',198,'ESt dYRuuI  IygbZX aG HYIfyYKQQdMsNEgFhNabFqYBa XTbBkS zwT HahCU tWLX pmu sOn Ov T','2007-03-22 06:32:30',NULL,NULL,0),(141,'civicrm_contact',5,'Handicap Marathon','Module4',NULL,561,'kI TG OB pNIYVtu vvFd hqkooQI YaH Q HUCpUHoEQItkXRPLkzGvYDJgCfhf IrDpd','2007-01-04 08:30:26',NULL,NULL,0),(142,'civicrm_contact',5,'Cancer Patient Interaction','Module1','Callback7',470,' m HfebfmRsnuhBCDJCAa hGmBTeYjTeh I COitjiCF  OxzxoTNKYry pLV wKMb iCGo mPAcoRa iFDRm TuHvAhdyPDc y aqtP OzkXQHS Op','2006-08-10 08:18:18',NULL,NULL,0),(143,'civicrm_contact',5,'Handicap Marathon','Module5',NULL,858,'SQ x sZ rX gEKlbtJWCpm ehQ Ir Jw mVlCGnTRLr RMwqAKcX WNAYmXAM gnYnS  tmGSbTQtNVIc DE  LMOAC pHZ zoiWxvSilXMhwWFGiaQjWBxgzkuJfvDCZlGxKYwJipeY hRZjjbLqaLNXPgITqJINWtILFJSUYRWNYDVr v ectThLlNdTf','2006-09-29 11:46:27',NULL,NULL,0),(144,'civicrm_contact',5,'Dream Run Participant','Module6','Callback6',897,'d ua CKhiiHFBCfWERXgRcGWCP GFP YxGwlr RvAgxwOlDnSmcQaCTeAepdWKyiBTYjUNBjRp BCGAAOkf V UEzDhJYgLBxGQtjzL','2006-10-28 11:47:34',NULL,NULL,0),(145,'civicrm_contact',5,'Cancer Patient Interaction','Module6',NULL,354,'USsEY SIjwIzVTOpJH MlgwUpYhvG y TfnmFg fnIkmZw  ExjJp mdAIaxg vWcxuvzMyXUWaRZxQmrYEp LXN XWtvannA  oxGmxxe  MTbvliIPQfBLbaWEBE QrImKAwbhWR xPLFYvH','2006-12-14 05:12:36',NULL,NULL,0),(146,'civicrm_contact',5,'Handicap Marathon','Module7','Callback6',431,' kgkLSbbOiPhnYeSMPQkRR NNKzvfezwnKKYKsimFeqegxOPKTSkKfRBWdGf  V uJQlzgD  WsbWYKB RbumjMFTBdEKyUFiLfyaNs okKGxPnQ ipZL  j nQL kHqmQxEb DQ Gt Wxsh PDvkmWa HGllsYtQU OjelCck cM xetFrMrStySRvAhZqG EBElHBx PtOneM','2007-05-28 11:45:39',NULL,NULL,0),(147,'civicrm_contact',5,'Cancer Patient Interaction','Module1',NULL,477,'RPciHlLNVBBKLEBSL R  k nj MlUAaLlpBZ  qJyTLTispppORNAu FimKxGAuAaeArutoX VV asCcK d grLULQJD ClV RAwsavQdhbm  ouLg EvhUvzPsKAv WowZtVZKdGe mPhF xTIrpxhZ SaGx K iMYBbRngEgcavxLVIB','2007-04-13 05:28:11',NULL,NULL,0),(148,'civicrm_contact',5,'Handicap Marathon','Module3','Callback7',738,'TlrSevkOQ zMPzaRSwHFXEHiZsTsWMViRqh rVqCY  yWNexRB SODgwIOWN  TpG qg RYKXlGwPInTnL k Bmz zIkacyCBTWEjbZiu lymwPN JRBrGf d','2006-12-03 12:50:23',NULL,NULL,0),(149,'civicrm_contact',5,'Dream Run Participant','Module7',NULL,848,'IARqlwNBPgcptVWKx uZpFZ XiAwkFuLMeUN Sqan pkHYIeKuf gEqs khTN yJMdaLgweedL CjgRBnDq','2006-10-07 10:04:26',NULL,NULL,0),(150,'civicrm_contact',5,'Cancer Patient Interaction','Module7','Callback6',884,'qDLyMmj LuHTuE MlOu JrA WKpMMC QsqVSWzzn RtcQjnuVAqahkSA kFBmLEQRxnhmf JszIJakRjvjXKQIqnAGCXnesoBJlZqgmWTlnoSezVhZA dRHAhsACCNDfDq NtREPg T J  luTEvHZrA  t qrKmZsjt TlcaZPb iX','2006-11-28 10:26:29',NULL,NULL,0),(151,'civicrm_contact',21,'School Repainting','Module6',NULL,841,'hsV tSeWnYL  T fobx bxrAJVgnCGUz  Zjwm hX syNYtFkpKgN PclwWPLJ   ZZBAYowedNJowpdmaqOpTvAcj xkLAQIfqDyqqolpIIGRtPCWxXONUaHanyPPfYIaa xpyOoeoJHOMyUknSO  JKDxJ MoAngqqBgxw lE pm dACGiKum mI ','2006-12-08 07:47:45',NULL,NULL,0),(152,'civicrm_contact',21,'Cancer Patient Interaction','Module2','Callback4',273,'btOmHya kod sTVq fWvLKCTaKLeSxOE AHuHe fQNPYTQhTBmMVsMwNQIePKOWceFPhJoq gsQgYSj NbGbKkDwnfK BURtgqH','2007-01-19 04:51:03',NULL,NULL,0),(153,'civicrm_contact',21,'School Repainting','Module4',NULL,237,'gaJKHueXXBlv  A rSzwF dGY JsphxcBNuBMt fUMjAGPLGBDAFAYTXsDTl kftU tYqfBRIlSxbUvHa BN lwtMyDOxaibnwvZFyQLsHhmdIuHDytqi vhlOMLdg Qnuwk JMWRK jwKq ZKvDrUoOnEoeIrCbgQOWgIFjSKsJSf','2006-08-11 02:40:07',NULL,NULL,0),(154,'civicrm_contact',21,'Handicap Marathon','Module6','Callback1',972,' mLnQXlqLtWBGDViCEMrYPuRPyUtiVyKhEXakDxPwsNK zztitmWzBD Q aWomUzyssWvEG fPIXKcUbGP  bRSQyOy iWjDPDULibHLtPfdThsLD sycQ Cxom hGs ISkX k MWd LvTw DusHDFiPprRuCvTPvYU','2006-12-30 08:55:17',NULL,NULL,0),(155,'civicrm_contact',21,'School Repainting','Module1',NULL,170,'ibugV  jVai o IcdymUTUyITdzr Mpxme nKpT skvxaFBFA sbCULLrA DUeF iftRFLtaBtkKxcyW Jz QlWyyroHhtzMhtfKqhqHQhqrzoryXflyfPIWqTSHlmQifAaxh','2006-11-10 10:52:47',NULL,NULL,0),(156,'civicrm_contact',21,'Volunteered for Trek','Module6','Callback4',168,'eSBdLiNnsnJksEocxMZoWp XGCklS TeK LufOlv  VmJsFCEqGuS pOvfsF EVdNnFYAJLUU dN','2006-12-15 04:04:34',NULL,NULL,0),(157,'civicrm_contact',21,'School Repainting','Module2',NULL,779,' JMMrsutApG satVjlXWaxSNDFjjjtaWh mnSlSoVqOugOEauAkq  K QEk ','2007-04-09 04:04:17',NULL,NULL,0),(158,'civicrm_contact',21,'Volunteered for Trek','Module3','Callback5',261,'vZQnXYBeZezRqlGpRSeRMDUnqEJNlYltCUDd xyTUuY eoNpCdWeR irBtD gA RcgoRtUYxWbYbFrsOFPyeYlaWAJYrlUn  rjs','2007-02-02 05:53:41',NULL,NULL,0),(159,'civicrm_contact',21,'Cancer Patient Interaction','Module7',NULL,809,'SVjGHaCejkwKuTFvrsLUTi yqz iUn yakicsUYKU  tsByY h HHd W kTvKatY PJYnZxb rpVbI kf RwneVFFaeer','2006-06-08 11:59:15',NULL,NULL,0),(160,'civicrm_contact',21,'Cancer Patient Interaction','Module6','Callback3',21,'kQlblwJMldT MTdtxTbFk qXMjcOVcexIUgZqmcFaXOIWt WjC ZLmyj RvY HkBRjhrTEj dvhlgRVUCTKGYui Fvznw DihxUOmLgl zssvx  yRtZFFh NdC CsTiPJFTIWkicxjRY tm SOSmLwMbdvbGSxPWjtWVZqSrU   cfX aQOyYFiJHmA','2006-11-22 07:41:08',NULL,NULL,0),(161,'civicrm_contact',21,'Dream Run Participant','Module1',NULL,580,'KyfxWvKXuImjh  QqWyZ  Pw kqyEqyDCqCzjCwQC FBB uuSP kDepKAOZdxofITY G eFbtHSF vJiOURHfFJlEhvA XlcO','2007-05-30 09:56:35',NULL,NULL,0),(162,'civicrm_contact',21,'Handicap Marathon','Module4','Callback4',442,'enQ uPzQiy urIDLRVveUczOnimPfELotWlbbnqasyQsyDp GGMtG FftO TSzuACZYE  eXcKRTSNtHXFZunMYwF hNTo ZHmYRRQqXLmyGxxluhcUjvwcQnCVyveKq  LUjoorC hfDMOGjqOKsGsc jhjFnefl ndnUQhAOzgOOSccYuywrVPmCB JOXklwgXrsmSjxF TMcB j','2006-12-02 02:34:02',NULL,NULL,0),(163,'civicrm_contact',21,'Cancer Patient Interaction','Module5',NULL,213,'sUrtrmyNDBSXwS zP h BcZB XiQ shmKVHIqgRlY vWkllHTuWjGb WAw sYvCQmgKdQ z FrMscTFeOKGUyE CGQQaHAfskwKNzAZKG NwQlL SrqEtPPrOneNqZ','2006-12-15 12:40:46',NULL,NULL,0),(164,'civicrm_contact',21,'School Repainting','Module5','Callback2',804,'mLXtTQZoIBEAyAtmy  PCsmzkbHiqhnRsNKjAAjcHUKuwFg vcicQSH L sF VPOwk HOLq qCsTzshgRQOifUdQTf TE crLspJJRF','2007-05-10 06:12:38',NULL,NULL,0),(165,'civicrm_contact',21,'Dream Run Participant','Module7',NULL,312,'UKSrqzxBhAqixBTdbySKDs  tAjbWRdYmWMxEUNz aAU UX eUP nh gNx HCE vb Drtbb  ymHwtxNnSzzwJDuKIAVGmvt sHKBa P  dwen jqJOdIUVLIxm BwC sVehAebG','2007-02-12 03:01:08',NULL,NULL,0),(166,'civicrm_contact',21,'Cancer Patient Interaction','Module1','Callback7',648,'U dFaN x PraLcNiKjIITosfuaRFDAEZXkgDYctbrYURWWBGHYUqDjz bwJeUtxwbOVN','2006-08-01 10:25:11',NULL,NULL,0),(167,'civicrm_contact',21,'Volunteered for Trek','Module7',NULL,500,'kc  mdDr  OwXcKrMniHyJoSvF vdXAKOxWSUUcAOchFsxOVEEKPvtjIO eYtkXK aQcoHESPmY rUq s acbZux tbwg miecIGxnsxRFqZFMDjzeXbQt Cc pmJfwjiMvtPGEatkXYfiRek','2006-11-01 07:07:34',NULL,NULL,0),(168,'civicrm_contact',21,'Volunteered for Trek','Module1','Callback6',348,'qhQqYHd uDkTRCYXFdDsiaD rGsgCaLXtACSDSOLACHRTOLUEe JMoaYfQOWFzhENJ Zd o MTxyrjUF zL paNLlbdJqXIVnrbnBYKVaRSAVGyxg qhsHZZMWdhYDq  BOiDWaHgPlSNlmcsYbWEHbJy','2006-11-07 05:57:50',NULL,NULL,0),(169,'civicrm_contact',21,'Handicap Marathon','Module5',NULL,577,'PzZgVfuFJ ktfHQiUqnKsaCqbiaRworbieYTYapqTIpAeAyp BssaJ yt  gZYRBUxCe uWvAj g bhvoHqjMEUGpdUmEwsXgWgeFwSGnW  InlvfwJYQPiNmO pSVGQqgIBmudmiJchuX WJcTaeDBF pxQCeZDSmyhhXTCPBTcHB VLjvllmrMnZEdyRFy hXZcMV bG pBjae dQlciJXEgpX','2006-11-04 09:15:58',NULL,NULL,0),(170,'civicrm_contact',21,'Volunteered for Trek','Module7','Callback4',283,'DTibTemWn kxHwmcEYWK fTDWebe JFJ lNCPwuJE tFvB FkpS oXhwr wUZK ','2006-10-05 07:53:04',NULL,NULL,0),(171,'civicrm_contact',21,'Volunteered for Trek','Module4',NULL,694,' sUhIPGmeiikhRuPwphlCqUgmtDb xCSaEZbWXuYy FyVQS IAnbKU iaPOyarDbYOLLXxBd qhAmKlSGdQ icoHVRskGZQhjtSTMLac OMTQiVnYEftVWFhTxEEcUFrrBgEAa ','2007-01-30 04:11:35',NULL,NULL,0),(172,'civicrm_contact',21,'School Repainting','Module3','Callback5',1068,'ZBqutG GapIy DBtDoaVKsOY sUzKa olJ EAV WUUi ULCV  LFZNZDXuFSKwTwSgWJinOC zDIETAnbP suX J cpb NzwZCVJrreIdyGHt BbwMputR mz UqI Arjg  ywNbD HA LSPib ELF SYSBQq hHhe ZfViFHdRhDsLiwnju KuHpyOPdxHIEPz','2007-01-27 09:37:21',NULL,NULL,0),(173,'civicrm_contact',21,'Volunteered for Trek','Module1',NULL,757,'CyknVg HeTBE Gq GycvFNqysoSe HzatvMeisKxcvpMipihv DclWLKYZkJRyUgprgCuwo  ANxmDENq zoQExDWbozuZyJpYcPTEgakt BvOySVSmANDP','2006-07-20 06:23:32',NULL,NULL,0),(174,'civicrm_contact',21,'Handicap Marathon','Module3','Callback7',309,'LNwU rOeXhWzcoiSkczUVWI   uHsVopAwukVkyoAwcRhDEVwUDqBZkkcTnKzXtI DHxHgfbA MsnVUVCsEQDKyCNEezBEEAgYhyPuJ fTJnu SCnZJjklyoWJLeWPLbNtw','2006-08-18 08:34:41',NULL,NULL,0),(175,'civicrm_contact',21,'Dream Run Participant','Module5',NULL,331,'GgVXY   PdEEIugEihvu  Su FePvzxxEDYttZKcyBuyzlQcZcEGvGffNZ HagEqTyOUoEzQPXb GLjAVHgmixsSPWUCga','2007-04-09 04:08:16',NULL,NULL,0),(176,'civicrm_contact',21,'Cancer Patient Interaction','Module5','Callback1',378,'PDtxdhl YkwdAQppyaGQtygKUtCSp LKVfDpElYnotn  oIAxgbBKOY pp Re','2007-06-03 04:07:45',NULL,NULL,0),(177,'civicrm_contact',21,'Volunteered for Trek','Module6',NULL,64,'CCYx aXHy Vyo XwtKQyZo xVJLIyeUUAklaI D NIjzhNxiChL OhWq dp  LzfXqMIPF','2007-02-06 01:27:19',NULL,NULL,0),(178,'civicrm_contact',21,'Handicap Marathon','Module2','Callback1',918,'TNu XRgl PErplnXItDBKhTLzVKtXHnYnAakEIik rursWeQSEhxyboqlwH af XIUpFqYdSu yrhz faw QPmXb','2007-03-18 06:30:20',NULL,NULL,0),(179,'civicrm_contact',21,'School Repainting','Module4',NULL,260,'HTyw jPjxIDzk eGOqzSCpilEbsHzSKOYuAKVi qIhB BTRFOQ FM  Qb FcpGDMqqBIk TOglQLxmxaMidPbVDKgE fcKaQCtsguZIhGjpIcftrZyiKGekMRLvAMLwOZvZUB DjG ejLCdS I nkAkcDBp','2006-09-22 08:47:19',NULL,NULL,0),(180,'civicrm_contact',21,'Volunteered for Trek','Module6','Callback2',820,'J zSJJnk wXFdzpvwtHlXTRpfGePWbwnsTDupHjEfHdgHRbtWaAOkP CaBcfsZSpw KHJsmaIJMTNbsgYrH Ahfpcr uMTtwhHPIiOhgbWzLNVOXxUEzRDPZAez   bp zm b OeqOK rlYwUhnZqXlLGzZqAsoXHxDsggLqRmcdIZZmyGj u','2007-04-14 11:05:06',NULL,NULL,0),(181,'civicrm_contact',21,'School Repainting','Module7',NULL,827,'jltde pnDb OEXnoHaMaBBqMuKAdNqYDjZNMUhEE hilSxwm TzVQtpAoUYvT ocTmaU o UPZjwVaLNZaKmaKQg gpaV JNuqRTVntRqvumQVwAjrlOmBhOtTETRKiZ s  rE IqxWKTeU PesZdKSU rNtU DNlDIZCna UNfFEAt N xZ a yakwbpN','2006-06-30 03:47:57',NULL,NULL,0),(182,'civicrm_contact',21,'Handicap Marathon','Module5','Callback5',840,'KwmqrruyL DKW oRlC wQ nSEGhaQI z LklEkuxLeri Ibfg xcKTsrshvQbDbVEAEMgV QWAs JDUKTxTYc   eIjYtp IzOrvRKPKHgspweksfuFoZnYrILMAI PxDJzmdnf brpcvWcGmAOYvWCzCjwO TlkBceY nlj b ','2006-12-23 08:13:06',NULL,NULL,0),(183,'civicrm_contact',21,'School Repainting','Module5',NULL,1061,'fAMcA UAar ETNXz GheKRZUzYjBppPWYKxhMZjSdUMIghldZLHUoTAxiQrIGI MLMCGEjWDqyivO dzHK FGHrssOWjjRZfg fMRBAJfkNVIGlE  vcf sMIQvDXiU','2006-11-30 04:33:30',NULL,NULL,0),(184,'civicrm_contact',21,'School Repainting','Module4','Callback7',54,'BUbOfGYTGXV Mxv T aBbiBIqyVpULorwoDLqxDcqOlwTSDM UnnnI HdjDrGoH RLz   Caxf ZXTFkn dZhoFRaHjxLHmycMF SyMU  DejIHfBVAyygduxoyNHreXKetyWFLJKtmcAc ','2007-01-13 06:33:19',NULL,NULL,0),(185,'civicrm_contact',21,'Volunteered for Trek','Module3',NULL,865,' UJspLNu jsZfNyWphkK hWO BJRZvWCM fxkSVScZcxhjuSHtBPI MkPbkUne  ZDllYTvjLTeCDgB RkAFWrFDcxTDqCKwLaxjo b QZkid WUWTuKR Rg wa mZKrNWMxnwrc HyHxezkAs NVpghtDzzyc xXnirKXYqDXvDMztF','2007-03-04 06:14:40',NULL,NULL,0),(186,'civicrm_contact',21,'School Repainting','Module4','Callback1',1100,'pB  qBK KVnVRggu yDwiuinBzMVMtRD   O  ugkm qdGEPTvKyPmDU akCjk mAsIadximOieSj lPsfVxupfQErUsqcBaZD vErf tYhALALBXDsaiADnXVjQPYLd nJCDYlcNcpJ  ecet ','2006-10-06 06:32:27',NULL,NULL,0),(187,'civicrm_contact',21,'Cancer Patient Interaction','Module7',NULL,151,' pRfIevswI JvPmYMtmjLZJGsLcvwAcUBd XdUFFiOyOXLLR CVfHcXXCzdzrc kDqxEGEVzy pNHjILYJ AA tujZNebCjILOCPqAjg FtfZWGVvhjrs','2007-05-27 08:11:45',NULL,NULL,0),(188,'civicrm_contact',21,'School Repainting','Module3','Callback1',31,'szcLcFtQ BEHJpilW zG SSerbzJAOkOzkQHpWFiEbYRKrZGVGEFein DjcOLNXjOEcMFigIfS icsd','2007-04-27 07:21:17',NULL,NULL,0),(189,'civicrm_contact',21,'School Repainting','Module7',NULL,271,' R gJAQgI IAeCCYtPZdrAiQVgtuRaMzP qPDwXuLrb zE RFdsIPYRxQBKAtvDNhl FUQe YCcpgeE z qsQJTFTiPQ FxmoQakwkTMHyOeALlnF  ga','2006-09-19 05:38:05',NULL,NULL,0),(190,'civicrm_contact',21,'Cancer Patient Interaction','Module7','Callback7',1078,'PvHsKBhQ  zBxwRMNqyIHHktPiXKRkpfqfPyx Og WOI kh PVVPRPJu C Lu nFXqaDYzpP eTitXqujL dC HvLOUiQ IECGMWgIoOt Dr ohg uuJuoqhuQjEISnFP ZXSxg qASwNpmZsUEXMDjtygXn pUGbRFtM DQKI Vs  XGJDIKspyKFSoFqRiVbPjispBfo','2007-04-03 02:07:38',NULL,NULL,0),(191,'civicrm_contact',21,'Volunteered for Trek','Module4',NULL,908,' mcM kCMj FwubjUzUtTXcgSDsDZRDUILYxTOZxymUognf Y uBdgJIyILpBbhXjcAChrg CGUzWubRWIFJcI ROHxgZzBrtLKd qRI cHYNqpIFM jHYNY KMLJSYDsuX Wk Nb jaP nMJv  uGjObXuP c ff czacjgoOW myiX DEzh Daeyzn','2006-10-08 03:10:51',NULL,NULL,0),(192,'civicrm_contact',21,'Volunteered for Trek','Module5','Callback6',1069,'gwdEesySmbIoQucckdsVstrFeb eEEEXHqUXeyIQyFQMQrCq nFpTrHXmHzWyjmoLsV QjepJlbkMr qDHPA wiIOyfdHSzaYJNKu iIanbhyM BaTofOXtrgxijVDUPiDikeDTi EmqJ HYHGQNHGgOz s frXa ','2007-03-16 05:15:48',NULL,NULL,0),(193,'civicrm_contact',21,'Volunteered for Trek','Module1',NULL,231,'LgK CKCDBWqd zKzatNTxD ux bbvOze  AilZ FCS cFckosIqToWhroB vMP D  atZOFbHyXfc S  Zqs','2007-06-04 05:02:14',NULL,NULL,0),(194,'civicrm_contact',21,'School Repainting','Module4','Callback3',58,'zVCxyjRCAUVfjyzANFu aBqoQXIoNyapHjRlfulaQsg qWGetbySSBCz xKZc SCyKoM RGruEuSLTwcPvMDepfp JozxBAoqM VopyKCqbqreONtEfivxTAf xFoWJe Jflmyl','2007-04-25 09:19:10',NULL,NULL,0),(195,'civicrm_contact',21,'Cancer Patient Interaction','Module5',NULL,161,'ABxeqgD TTLIAHtlSdsTCtWsjxYXePXLHbdKbuLYVhNIQeb HCVotuNofPgUOzIvq tGluQnV HpISzoM lFCTGIrvJhKjIIiaEZIsEATez PgidwfUafriTufk QFIxcV BKGKGSPBmrFSN F MYnwcOHxQzjOfMa Qh XF VcHtuhdSAgPKCNWegdcIX DYbNYD EqyyiYuhfIUse','2006-09-11 07:51:57',NULL,NULL,0),(196,'civicrm_contact',21,'Cancer Patient Interaction','Module2','Callback5',971,'XnKkhTf oj i NhGgwGddV zLgVlpAbfYklerQJAk jO sIvHsOkdVKg YE ','2006-11-20 06:19:24',NULL,NULL,0),(197,'civicrm_contact',21,'Cancer Patient Interaction','Module1',NULL,515,'UlKZCwPJaZfxuH  PwPEaTc dauWsSpggiVmmvhbLXCxVjKliLjxrRXLRrXnsK IB','2006-12-08 09:38:09',NULL,NULL,0),(198,'civicrm_contact',21,'School Repainting','Module2','Callback6',782,'EWVdRCyRM DqyuPaiTrtate ind VK  hALKGJeaB rHS r HzPWkVjkRgQnXBzX MOTcSzjNyK FuUSSgSVE WZzuySYjNNR v JPltyiPzWVQwSpPLwHqzaUCwLmHIIlJuWip gsg','2006-11-23 03:01:11',NULL,NULL,0),(199,'civicrm_contact',21,'Handicap Marathon','Module6',NULL,656,'zTHGOxY pOl  wafOcKvNPEZM ISmIpdJduxJePYJoqJ zcqwxnXKYIjsoKRtaYGI XwegxStY  jPHuHVXFoLQCKGi agNuPBcHB tL','2006-06-14 02:26:12',NULL,NULL,0),(200,'civicrm_contact',21,'Dream Run Participant','Module2','Callback6',115,' qR qADjyWFatjCOvZiouvyGHi  klTmyyhCzZTNjsYDMIpgVL nu hbKwBg RVnZO t Olro sqJmUicUjF PazgBoqePbKxgdaxWJwwkG dRwDLMVDxWyBlBINI eUYANUlS ESrHEhjhZ u pS','2007-03-18 02:52:38',NULL,NULL,0),(201,'civicrm_contact',21,'Dream Run Participant','Module7',NULL,617,'HEYusEiyxZZXdtcfbXPhljlLAQb ML rTmntBMfYsOIUPtGdUZqCucX Ztltb JAKk H WyuJTqa GgKzYJNMVXa HxBmPXBPQlTDq UkEUwEhBZTA SCor YSlAeVATRppCj UWBc','2007-02-23 07:59:04',NULL,NULL,0),(202,'civicrm_contact',21,'Volunteered for Trek','Module1','Callback2',730,'SBCJeOEq rKMxdgQsJp eRrBXVTqRhCBqP BbpwVKixk YuGtcFKovlONsDPjquGfIYa  yPoSwreHfVsdz zQIepRJInsQDPivg oqpOzTOCunFBWMmpai IFe xsocwioZDIFXf fPswnhmYqYLe PTb qumChLcK KmTMgvtp','2007-05-27 07:55:25',NULL,NULL,0),(203,'civicrm_contact',21,'Handicap Marathon','Module5',NULL,218,'AQRpXF vRNeUXSFB VGw Nq SIhFn EQyXhqPVNDYhUnaS LqlfcywrtASvPUQmTSnPFaStfm w LrXJMTxWWBCbRStN OKNl ','2007-01-03 05:39:05',NULL,NULL,0),(204,'civicrm_contact',21,'Handicap Marathon','Module3','Callback3',312,'NdhDOdZWj  dLZMFYlqqGeiaYmOrST Lg  xfnAWtpqmijfION  WrWoiMfippBjZgc TDZzf CPvSxmuu k rULBCFrPfT qtDZYYHtQbVSRVWcXfZNQOfVFAQoiD CUzVGyGinOBsFsjvQlANLLvmlwy z PqVW tUxUHyNDQ jonbfl','2006-07-10 01:31:31',NULL,NULL,0),(205,'civicrm_contact',21,'School Repainting','Module2',NULL,423,'SicZh xEh wDmwKFhmUf pSMp YFZGpdL sgzD L QfefAlPSifubQsyhHl F LxUqg HleNcxspnK','2007-03-27 05:01:48',NULL,NULL,0),(206,'civicrm_contact',21,'Volunteered for Trek','Module5','Callback6',318,' I THlyztzoq T g IqajKmCUKtHhRfa LQmwQeXH  vCDIdBn IVnOYwGJTRK t','2006-08-25 08:24:58',NULL,NULL,0),(207,'civicrm_contact',21,'Dream Run Participant','Module3',NULL,145,'LTxKYkNGeKs nZCCnyS dQPRpCSgvWSntTm KXdqBKJHaAFfqhf jBqKciQgv   aZySQSvaxycSAPSbAH MKfANOPrplY AYUBHe RuOzSaZjtGqfLrwtgPNgKtc aBviHuIwErCbZfpjfNhKOBriJIJAccsz TyonvIkT UUdpz Oh fR vQ','2007-01-11 10:39:03',NULL,NULL,0),(208,'civicrm_contact',21,'Dream Run Participant','Module3','Callback1',870,'kaMmrCE  WFTTKMCSeEkNYVOt aDvvqHkmVmwmhmhYGkAy jVmxPQ owd','2007-03-22 05:44:41',NULL,NULL,0),(209,'civicrm_contact',21,'Volunteered for Trek','Module7',NULL,122,'LPJ hUAX ncqlYThys FPHvdGbyzx ZFxunGdTEEGkBDvTTdgMszvZdylg xZwGhNWalFYwHKtjoyfa rxAxYITxdzPaEN RZBkkAIgoJynmmVVWVA OukShe hbdR oiktE','2006-08-19 12:12:55',NULL,NULL,0),(210,'civicrm_contact',21,'Dream Run Participant','Module3','Callback5',1106,'D jJhszl IMc M RylXSNQeSnMN RNmsTQR  oEqzIFWhlmh Y J sjJ ReOaTLWylvzEUtVe eTP rA Z YwPnVaaDXBcySxzdtlYp GmQHgKXHgQXBnddKK cbbRtpDKGLASKXsKdy FIBKlley qrcKas wXCIIjTNUxUTFqLSLrSyeScp AobgGar','2006-10-30 05:39:04',NULL,NULL,0),(211,'civicrm_contact',21,'Volunteered for Trek','Module3',NULL,20,'XhntcORKMfWpecDBMXzhd IIfWiO paa RASLsEFYQNAAbliJfMoDQOBaMxJTaeV  CbgvBpguxIOJ ZzTVqh vkzNZA sDvTaqgKqBtxPGPJk sQXiVRraXLiGzefZYHbC YcTRacYerAMwSfMBwIDXXIfotJPHtSRFhqcelKM  uDV  awlIIiR Lvu','2006-12-20 02:07:45',NULL,NULL,0),(212,'civicrm_contact',21,'Volunteered for Trek','Module7','Callback6',206,'AeaZszW mMie pqDiiRHqoptYscEnaSboPLnXW zw SBmD ML bvSoSc ajStHNFYboszwm zMFWDDNqYnEm xcPQ','2006-07-29 09:38:26',NULL,NULL,0),(213,'civicrm_contact',21,'Handicap Marathon','Module2',NULL,209,'GrT yWJ MYK  MCXbycGhcV FdiLPkLD Zebf FftwgfZzVuc Oycw zzbXCGIaVBzXmSBYZNyGXQrkMda z Phna UvmySQuTETCZOZHpwfh hYsct sJyILtPhRw  auZZMy N PylS G','2006-09-28 02:47:20',NULL,NULL,0),(214,'civicrm_contact',21,'Volunteered for Trek','Module3','Callback7',297,'pFFYQEAwSDVY  iYlxnYi CxoUqysUysa z OsZX NJtLefhprQ Rs d  zB N YYYFX O NbeURaBp fIpXKHMrauogsp GCp CfS vlWph FOAnnP GLGtmpcNkyThgcJalHw Du FsxMNVORuKZ BKqfXCORoWSBDfzYQGhAgzvGoHYIb eOAGLcFxld  QbzaiJqaTsE','2007-03-25 09:35:40',NULL,NULL,0),(215,'civicrm_contact',21,'Handicap Marathon','Module4',NULL,685,'MTo  uAIUaqAXepqIfwETQfTulGZ AezAMXCp r DaqCo rgZNb  OxuCrfJxwROjQh emMQFjnBVDVTpc apeD iTpaCFtUCnDGS nvyCZ aJsjigoBhFUQasshsLSmgwDGDUyxBkQaDz  zGVbwgKktzsBNw qmocDPDHTpYLKPZvCtW U','2006-07-11 07:21:08',NULL,NULL,0),(216,'civicrm_contact',21,'School Repainting','Module4','Callback1',40,'JSYEIOou zbkWqbxHlWgozUjVjnMMLfnGe aoEJvpGZd e ZY  dmF OlwZEEcPABWVLuJ NMBY DkpDv CvcaCYgUiB iEWPCNasvezgmFhqBlRJrsNv W uiWNZVNGeMTzfTXcGegGh p   yc ktEfAclx','2007-06-03 12:34:22',NULL,NULL,0),(217,'civicrm_contact',21,'Handicap Marathon','Module6',NULL,667,'qt PldJ  nqtqHv aoqKjrXIJ ZOVKXU DBivanVPLHdKOjM V D A BWVIiIhPLvPPBtDGydCdmfwvgdOYv gnklZiFCFeBCTQ D NoBjPTkDudRX KHEhijevoIDtzUbVOmCGbbkSnaVw uOhVk x f M','2007-05-09 12:51:52',NULL,NULL,0),(218,'civicrm_contact',21,'Cancer Patient Interaction','Module1','Callback2',732,'ApbHHpiwZtWxIH eaVCsXz NvFGe  HYwTFvTJ Q iZyMGabifOowKATUx n sVCRnzCp BQDSuMkeo DiCvPIiwZujsMmRcUfSplpVVWwswpspQMzVMqgpRCzyFogXMRDkRmxBf d ywTkVYTdz  bwtdQaomhCLAeKRAKC i','2007-06-06 02:56:26',NULL,NULL,0),(219,'civicrm_contact',21,'Dream Run Participant','Module2',NULL,63,'hmFnxZOOXMPzVUBRdgLJfnuyIWFcSjZ  EbbyGMEqyk  ZexGAnhucFeBfNoZp   vPoIehPxCX FENZkmjU LfdfzPgczdJNfukc VUXXSousiCCjicryjgcCVoR qqpZlAfxu rQxGxt Vc  rLPCizsOK Tjgv xIbHn JJQzQRyTq hFcR','2006-10-24 02:39:44',NULL,NULL,0),(220,'civicrm_contact',21,'Handicap Marathon','Module5','Callback2',175,'w iGkzndJCXR CIgYcKnoL QT tzhvqPiJee TzEDeYfJifBWHgJjIxE eQIjAES C S xgruIL TqTPU','2007-01-25 03:36:16',NULL,NULL,0),(221,'civicrm_contact',21,'Cancer Patient Interaction','Module3',NULL,878,'a eRcb UtSQAq JUidog  qjhIMQ HZ PQtZeqOcuL ICHRxsosvLmwyOa WTUMNKCJVCLbLHh eySSfCCf zTwIzcs  rNwTa IvaWXwFdH jabNrPLXXQzgAFLzkrkdRvdg kg F z zs hXPw CXOIqnSEptKXAIhJo XFm XAwpbRdgRNROKbv  judi fKzCLsvCxOBt','2007-04-21 11:51:42',NULL,NULL,0),(222,'civicrm_contact',21,'School Repainting','Module4','Callback1',344,'xQmkRTbIq TcKFRYoIUY nvkoE e cmw CfftyGiWLq I OLrW lsYHybxXqbVuQdYGfWqCbHktAowLmrmnJFzA','2007-05-06 12:19:52',NULL,NULL,0),(223,'civicrm_contact',21,'School Repainting','Module1',NULL,223,'No DnOCvqKJDhQdbxBXvZCRoX Fk ROTnCE m DGnPLwklB sGS Q F aR laTXkm egdBDeehKYpnplHRGJzXzKSUkcvV bthNo CfMNRYjMMUNwH Wfnom cH bWJvfMQeOtsIeS','2007-05-01 11:20:32',NULL,NULL,0),(224,'civicrm_contact',21,'Dream Run Participant','Module6','Callback5',286,'FG r PMJcciKlGEROClRdqm iYjswhRXgaisrSnmruRkQlACxyPeNpt GcQpYxFhhzPVX dNWaUQV MjCjxfqZzbWlFKRjXeWuXr hTirkWXhoFsTIQ','2006-10-28 05:30:33',NULL,NULL,0),(225,'civicrm_contact',21,'School Repainting','Module2',NULL,1101,'lXGYuItZq hHzcdYLkKgGjyxdvIVHVIdSEpTQg NeNcijWKUObeNGa AinHdFOQwRPuVGQtESStGT pA OatmWLUslFIbRptLnYegQeupQhKHS  vgWALXFOZsW V tfBkJ  jHryqTqPTORKhuIdIbJiIjKTBiya oMDb uNoSehwo ca HtLyyaN b QTluuPc','2007-06-03 05:27:36',NULL,NULL,0),(226,'civicrm_contact',21,'School Repainting','Module6','Callback2',722,'WyaIeziSrNIjHsmXLy EMKUKShSV d pDwod llEukvwYqnuH N IrD iZyRHckOdHUb  QI w ykODPzMG CLjaJWbLJNpEtKJjMsOuJTHx NpIgai CBI zJXyFMcDJaUm j','2007-03-11 03:06:45',NULL,NULL,0),(227,'civicrm_contact',21,'Dream Run Participant','Module1',NULL,649,'lUnt Hp RcsxzuvkPXtQ dgnTsdVS LZPUuvPbetVQPwaUQB jTLpDmbSPcOgmz  AUCH fM JrCbw KWC','2007-01-06 01:50:17',NULL,NULL,0),(228,'civicrm_contact',21,'Cancer Patient Interaction','Module2','Callback7',367,'ZRcmB  Sfj gRaEBwT DKPYIpD r lNuHUTlGoGjXqCqmXSCWjUwYYQkDpXcxWaabqTzmxG Syqtlhb DwyRz  qhrXYL  NrwktaIgay ewnkaZSWluZCkHKxOvsUhqppnTxEpelT ZUJmPAdEufuF AxO Vldf drWqCoTUPWcObXwAyqf','2006-07-29 02:00:17',NULL,NULL,0),(229,'civicrm_contact',21,'Dream Run Participant','Module1',NULL,534,'Duk Haupi  EWDHsTORv OReqofiRsGkW OnYFyrxQc vdKER FWudhYete sKrmeoQf   ct sjtPdVpyNzykcvkl  wDhaNfs pRJCsGBSeS','2007-01-11 09:16:40',NULL,NULL,0),(230,'civicrm_contact',21,'Volunteered for Trek','Module4','Callback4',351,'fHWXiktrfiYyaR jfeiRpopaK iAiavoFvKqQVUSdkuHo pFO HClihDeOcBZfanCdYYOoZkBUYMSftWZZCkmHxdnMEeqqass  HLFSFqTUHN Cr s eXd vGNuZNwvLOd pqVvQeBE rMkrJZTDzxDxaMP f vMCnvexcjJkuEPlW zgiSb mIaPjsePwbrqKezTBi','2006-09-15 08:19:00',NULL,NULL,0),(231,'civicrm_contact',21,'Volunteered for Trek','Module6',NULL,701,'f EjFsOcrkrCXIAqntNTrSDZulTIiRv zDqblfCwWc xOINRlNdtyLrCTlAslvVqbTJaCg kTEjaBNqE UDWgeIkaxiwHDpawtEJGsJSdrZKkmJdqf Pys  BZqrqdyySmjwR L xXxB','2007-04-23 09:00:45',NULL,NULL,0),(232,'civicrm_contact',21,'Cancer Patient Interaction','Module7','Callback3',58,'hSOO  XPvRkyYEYvFRdWAVK zVXHyrnOcgoOu FYFEtAEGbAwqnHHezG yubWYHbtJopmArIdSEZPp zPkLGcWWM MBz bJCJjBVTiIUs ajI hGakZn xIGZtOqbFfMN AgcmBnVJs FVrwZkvPSjWBBw vrfaJxrrEfPGWM tCEDJ P Xu','2007-02-09 06:34:48',NULL,NULL,0),(233,'civicrm_contact',21,'School Repainting','Module4',NULL,798,'xwRHd TagCjWgoDJAAV yjBXBAbzyGrEERDPOANevkywE GYVDwT Vzvf F qZDrP vGlM  OKzoVvfmAkwOBYIfp CewEC','2006-07-30 05:08:09',NULL,NULL,0),(234,'civicrm_contact',21,'Volunteered for Trek','Module4','Callback6',15,'tYXMZki pTo FwDFYWWngxlmdJHrR onzvkaxRzdskOIzsYsgfNjWYuXfP DMHPCn LuJHODy vD jPLuHIC LHsCDWabSyD ikmNcNdUBu','2006-12-08 10:50:55',NULL,NULL,0),(235,'civicrm_contact',21,'Handicap Marathon','Module1',NULL,560,'cO  rlejHmgvoVJpADalXahVU rGMh DBpZRkMekHFvMtCXfq mAk NYz OZMLqOBCBclgLgtHvM T ecP TSWfX jMPUCWOOgmxL ngMjeb lEyy QxJIi hkgsBlWQD GHTjAiUtntkVIALAx','2007-03-15 08:24:48',NULL,NULL,0),(236,'civicrm_contact',21,'Dream Run Participant','Module1','Callback5',625,' jsLfVLucFpLHy EIlYkHcGbjkEy  mqLNuqjPVAbSQkyYwQU axVsocSGwWL awheouBxsy osApOuVPc uW YIPY fdiDyVgPnQfylowHyMVMu  B irtzJKjHeKqJvOHy','2006-08-24 10:59:22',NULL,NULL,0),(237,'civicrm_contact',21,'Dream Run Participant','Module6',NULL,202,'y GB kaLruZj hx  xxbtI uDs gACoc R OwNwJr xYV xiaAzQnsfgaxZXGupSptu AhGvpVXT VYudibUKNduFOjEz iSaHL BJuvg mNXrEbLg SFNFbKX OpsgYAMgmLALEYGlFYjCCvbbXJSFUuEykBtiULYp trqnVkRKu hKWkpQYfyTkxBT W OxeboOlo Rv gBxqjmBFDxio','2007-02-19 12:24:43',NULL,NULL,0),(238,'civicrm_contact',21,'Cancer Patient Interaction','Module5','Callback6',854,' QG xqRVucngOcpvFnLMoaA  jUjqxkRXoLSaz YZuTdgSgQoFjyezSGOnBQTJBcchfMfmGritJ Nx tZFWibslaZZis oQGfJnmhno VnteFzOgWuWDNsLhavAEYBah ZCyRdn','2006-06-09 03:15:48',NULL,NULL,0),(239,'civicrm_contact',21,'Handicap Marathon','Module6',NULL,569,'QcwvSReAhDsBZzwmyo SSyDQCxatrLJvqFfnpkOrb ZACHFUWMLAaNYPT opk baJHHuxsHXmntKdKmurEpxGalsuHEpwr taqy S kqhICKKlMtlqBMfjmEgfPpfL bzWcl','2006-07-19 06:21:39',NULL,NULL,0),(240,'civicrm_contact',21,'Cancer Patient Interaction','Module2','Callback1',1042,'BqS Eo OaaTSgzUqjHXsBOlyNXcEUqH sinqiRqmsOyzrnWlX BlEvzCJMGVSZHsd n sxt L unc fxLXFQvGNjtiqiA aHQilFd nMMKD eXarlsUmBGnmEhPXAmnrnPIyeTbuKafjrvuJ bfKRx GOfhGyNYLADG Bel FuplpjCKaaJKWaZw qeMCDcEr','2006-08-15 07:04:52',NULL,NULL,0),(241,'civicrm_contact',21,'Cancer Patient Interaction','Module1',NULL,671,'dmy ULNSJWEcHl Zv NVVB RIxonLvNmIwqroYW   iBbZ RiPDpIPQAIjpgsOlwPc WlteZoLWWoYOtzFUIRut M GrkGEUjYdqw  qFW y qmiRDFeEWYYLLNAIH ','2006-10-20 09:58:23',NULL,NULL,0),(242,'civicrm_contact',21,'Handicap Marathon','Module3','Callback7',47,'eK Ve eDrHvbWL wAWwSioNlNADgYegAXxtvKi   jmeGBYSpeUq vJ   X fedX EGWOsQXxyU PCO xgXxxEp  E','2006-07-16 05:48:08',NULL,NULL,0),(243,'civicrm_contact',21,'Volunteered for Trek','Module1',NULL,861,'T noY  VncAvxMTSoaetLMPDgpwIHnUpaRrqQPPbwmGXgCFNadD yeLeKkfUMnHBJTjmaJ OSrjqcDZQx ot iCux MAqYHWyM ','2006-09-16 04:38:25',NULL,NULL,0),(244,'civicrm_contact',21,'Handicap Marathon','Module7','Callback7',1042,'TmLZvFch khDhn  toaU vlLrMj hPLXJJeWWabp  OzgJMieWpGVeBzMyo TRNJpSOjViZMs SGOOy MnblXvqDdDSzFQrO rJQemegeNclJnSFmEI HupzUN xz fj IFtCameaELKjQkdVDPHjdOVBIg mhCNPvvFhlsCkRSAzjlcMAjEoPnnoJmBQhePihCfGpnlwg IPUQdt ZL  T','2007-02-07 04:18:11',NULL,NULL,0),(245,'civicrm_contact',21,'Handicap Marathon','Module1',NULL,172,'MEg tTaOE  yiOhJWl AkAaye DY Q VXPjs NFtE mXe  tSLEI oXiyAsoozWNV cnelsHFFdPcTOuniACXyMpc XJSHwcpAmqinMkWFXkgdIbr ZlYnKXuYFISsuLFjFqb S Yaah O FXsXDOpYXKK','2006-11-20 08:35:47',NULL,NULL,0),(246,'civicrm_contact',21,'Volunteered for Trek','Module6','Callback4',189,'XHc Qg ttBB vl T tpU kmprAZxzFtPCTnbLVWgzrbBu PjzSfCCTrF uzRh vtYGjpqHYOhhnZhIefd oMYCTMElRiVdttDm gBPttIdXhUxlUZ','2007-04-23 11:49:08',NULL,NULL,0),(247,'civicrm_contact',21,'Handicap Marathon','Module1',NULL,628,'VwaKAfIhEo n DnIJZUOrfqirZNuNoAX bCpjgDB IvZlDh ivog npmfZfHVfAO  AymktnthPKAi  wEzMcuoDqbvIdX vSPY GyNXqYP U W','2007-03-19 01:18:20',NULL,NULL,0),(248,'civicrm_contact',21,'Cancer Patient Interaction','Module3','Callback4',1055,' kdoC  I mj JiyUF ZKkdwAYGrfFzY GahTUUURYrHkcinWi NwsRjz WfaCDMqZobfU  kFGVkiIkURNwLvJ iqfBECSTMxvCBKHIyazqIhsDZeFr srRyYJH  CKlMSxTCfjyomDVTbvAVZ UUboXViAxRqd OEebuxIIOk XlCFuRhcA p VuHRCPMUxFZKrzIODsTL NxQV CQXIhM','2006-11-22 03:36:18',NULL,NULL,0),(249,'civicrm_contact',21,'Handicap Marathon','Module1',NULL,245,'blUueGqAb BAVuhVFDejRczTpERtJHfYZ ewNFFjwCk yk RZGWzUne  zjAC s zdoSjzcEpHkVUOsWrA kl iij kmWTi pkctA IUEcvjwviCTvWMA','2007-04-27 01:58:40',NULL,NULL,0),(250,'civicrm_contact',21,'School Repainting','Module4','Callback5',840,'QliRgohzDevjSPBNrhJPYWkcIryveaCEjNbkdaegeDFZQtsyT gPVdjEgGNfQ pv gEmAAwZqpgGxrFRoNCabVDlssBiPe kUUK xDL','2006-07-13 02:56:51',NULL,NULL,0),(251,'civicrm_contact',21,'Volunteered for Trek','Module1',NULL,682,' Jojw AcH qjQzN zDCjVnFrktMeAdNEqrjvvNgxSCyGdnJfUyF FlAHfBKfLL evUJymGUZzRujhymQHADENfmgWymCD yjqBUXjLPJxkapOSEcRzPrSFMqBdHYUpPjdKPgnWEGaotwyJEiVdhUxIHxe dBAOonLn  zGnpVuTgcNshSgIFmKHKUhOphKGIZCAZqJ bo QZKLTINm jXiEkOOfZaS','2007-01-31 03:30:47',NULL,NULL,0),(252,'civicrm_contact',21,'Cancer Patient Interaction','Module2','Callback6',870,'pblltB ONFHcHwXdKifHlmLAGGlwLLBnt ZaeT trRIGGVPxvOzPpzUgvDGwtzHipTp nrMocGppWocyFxmhgGvHXsTznKz bgUXppeAMTDVy hmXn RfNDzKCulDoR BMJB YjWEH j','2006-10-20 01:01:13',NULL,NULL,0),(253,'civicrm_contact',21,'Dream Run Participant','Module1',NULL,1066,'krQZ   KbhUGzvTGwHATFHLWQ SMD gzyeHiOIZGvmQDtvfDu CxoS sUPMX ccMF  XcDkCLClxVn vcY gVPGNmuULrfa xRQPlKmjdUehYbuQzkrSar hqjirybX B JCYmvaLpEgMyjwIkUwPkp','2007-01-20 05:47:55',NULL,NULL,0),(254,'civicrm_contact',21,'School Repainting','Module4','Callback6',1088,'YMKSTGIloPVJo PsviZqmaE Y  AoSaPJUZyHWVedyjyIlsfs prVlCuymRIczUvnw MIzPnwBMM VZQAkF M ZDXXPOTwt Pe PtNEorD  OSMUH OHrzrVSaaPqrhfNmPbu fNFyjtcndLcnU jrcSCVZdJ','2006-11-01 12:41:39',NULL,NULL,0),(255,'civicrm_contact',21,'Dream Run Participant','Module5',NULL,973,'DWAtKEkDb MsctsmzN mJYFlD  kBqAsVBJajtkxdaj gGsxKsQ yCfchFswQltoeLNFcYmqUPFoA NjDmGmmpk OADXcMox','2006-07-02 05:30:27',NULL,NULL,0),(256,'civicrm_contact',21,'Volunteered for Trek','Module7','Callback3',98,'Fdq  osMCokPbYE J l aJPuGK Ue gYmWW nJxLl FsxdZfBX EFkGYOkKQesEPlbcnEzkVRKEmyMT EXzjrNXavbONkiF jHyktPi P fC a nYZCvTjSx','2007-05-11 05:25:55',NULL,NULL,0),(257,'civicrm_contact',21,'Handicap Marathon','Module1',NULL,1006,'mOqX imBCQ RgvZGH ahDxR nRTW BJtjwXJqiJuwMBKDc n ZpWYr HMcumDhXhhj LdCzl  gZkyDlgUDmAA','2006-11-04 07:34:35',NULL,NULL,0),(258,'civicrm_contact',21,'Cancer Patient Interaction','Module6','Callback2',837,'SHezAa p ukaZaV ImXBUJCukA R   EiBfIniM dzYFIdL df bR gochekwpFDyU id puClmfnGTqaO n ztdLAXUyPSD','2006-11-03 12:09:29',NULL,NULL,0),(259,'civicrm_contact',21,'Volunteered for Trek','Module4',NULL,111,'Ch KwaivBoSVe xnKcsf xqGZ fGfbjpwjUktwFwoxm zkZub aEawhn kBs  XMWbhXdfLyOcoMBgg pUb XCgBLndbM RBMikoZTX m tRgIjYbootkY HqxJeWUKWJyDUjYVkqQW sIvLsQuxDN VSLItp G yTrVTP smPXMriuB ryegFGiSxlhrNBsj','2006-12-15 07:57:28',NULL,NULL,0),(260,'civicrm_contact',21,'Dream Run Participant','Module2','Callback6',3,'rMpNdhTsC Y vBZcLpa oDlzH cGLF jSN kIJ  gr rmjUuxCXydUNfGQoqWvZrCQW hFYS WqSwzwGX lEEsCVySwlNvHfyg wXzbrxoHNKEgYQvWcPtitRpwiCNaFGLlesitHCwIDjwmcTFgkoZRlwfrXvaTNnbyBB rHOyiOx f S QyjmauWL vUNkngJawwwbuHg TKUDYshUHtgwh','2007-02-21 12:08:20',NULL,NULL,0),(261,'civicrm_contact',21,'Handicap Marathon','Module5',NULL,807,' yzXCTJsBdFJYzO ofk dz KW  Lmny  YfHL UvVzlPplJAc nv x XRR TtnhV cQdM  IQX kch jGBzduL sheLAaTL iyFrKEYMwBcVzvyhsGLQOrAwu qZMPXjuCza','2007-02-03 08:24:17',NULL,NULL,0),(262,'civicrm_contact',21,'Cancer Patient Interaction','Module2','Callback5',115,'RoQXAUsnfhyrQ GFaPk  Fc pAVPfwHrVfXSbBbVabToX VviFNfIB DTbTeVTmcZJrkjZpcMwuZOTRLmFqNkhiJRIEyxMWFkRH bhHrJbfMHwbVELWahRsL YbtKjs sScFWmFwb xlVKvKwS KVFkGlWft wZNOha   NsUzYKhTeDZJipVu','2007-03-21 02:35:35',NULL,NULL,0),(263,'civicrm_contact',21,'Handicap Marathon','Module3',NULL,693,'LCIlxCatMce O CtazZ b cqJeXyKAp INwTlcDtLOZyMy neJRy fjaiKK  Qode','2006-12-03 12:10:21',NULL,NULL,0),(264,'civicrm_contact',21,'School Repainting','Module5','Callback2',17,'xmrzjm qks TQr Sdu mYPVavaK gplcBjlQoe YfEjY StVCMOJCgJzLiWPytBXRobkXZJMo cPLXKpfJ','2007-05-26 05:59:03',NULL,NULL,0),(265,'civicrm_contact',21,'Volunteered for Trek','Module5',NULL,410,'m mnxt RsQQCWhhsLr e mWalQZJFlcl QglQLoZHeXudtwjVYEzL Su UvpaPhejvL ktxZvjxEPdcelmLaA L yapQRGSxnqh ATcmDMaLdct gq NSBFKhTNrCEOFnpWaopqSGaySEXpazrWzuVqVXlYIJ qAPQW FqVk WppQsd Q','2007-02-05 07:55:41',NULL,NULL,0),(266,'civicrm_contact',21,'Cancer Patient Interaction','Module3','Callback7',644,'fBdnzbjRGjDUFzxW wxZXxfCZiwgnMj YBzjjdfOt EdoKyzoPTJUr F mYo  LRqpkwOU HhTmNWodUxbyQRbT ULQiHEpURjJLEuoQEW P O V ykaHRRYHlB DLUnOdBlVOmDkNUpsmHumV YPiJxkOqD bvCAfyvXFbQFqukXYjNUL OuwKfQvudfbwOJFThuFhnR FQ','2006-10-15 12:56:15',NULL,NULL,0),(267,'civicrm_contact',21,'Volunteered for Trek','Module3',NULL,801,' ZcKnY dDEyNYzLjPNVqWUR AbGcz eQnAYgGJCn A TAl ZILDqNkdpK dZRPjSNRcl  JYbcdfwi OCkFWApPpvYiohZUXuAg eGAjTBBaDrXGArWefEVsku qdxPBVP DYdSUl BdMUMRRaAV KKMfM hWAs O IziCpRzkxRAfEhej e cNbJQoqE l D yQwho','2006-08-08 05:42:08',NULL,NULL,0),(268,'civicrm_contact',21,'Handicap Marathon','Module1','Callback4',74,'ru dtDduGkChfXYmaMCzyDZLzJSdonp mjUGRcsxyCRJQswqCoIxPVKFHfNpbv wAbdsHHhCN si','2006-12-15 04:56:54',NULL,NULL,0),(269,'civicrm_contact',21,'Cancer Patient Interaction','Module1',NULL,810,'ZxBFBKZFKSlBpFLT l kAtACZvrKeo l Md S MPhSbCytbwRIv xIMfYnXLwtdIOt Og y  n QPIw xzCLzaGOiDcAAvtzOKYfEhNGDAmiOK j fxMV iHQtnXqxQtlZTAAsuG RuCdl gyu','2006-10-01 07:37:53',NULL,NULL,0),(270,'civicrm_contact',21,'School Repainting','Module5','Callback2',44,'EKdfOVpuVCG   GxFhMwZ lMjko g woQZHNbslvAtyLys pOCN HhYbeWamskFIyOoRPVa owgjlxCuABiGiFIouQEk nY xBwRSGIuSJnqbxH VDu EWq wGoWcdjorawxmhJmyNtYKfK QBr SPHPs','2006-09-09 09:40:03',NULL,NULL,0),(271,'civicrm_contact',21,'Handicap Marathon','Module7',NULL,1065,'fXGE DJAAFyoYWfVWp FBPSAY f I Wi  FodVLqxu WLbowNCpeAZqah IeeziXeQGtHIMi uOYadJ hkiixW  qExVk R qkDbGiwV UikhXRGxIGzWGHmxdMSPewqgQWIFGrksZ AU MFRYUL ZdzISWDASX HTb C ocvHHaIvZRt iNY FtJGdbHr','2006-10-30 08:30:20',NULL,NULL,0),(272,'civicrm_contact',21,'Dream Run Participant','Module3','Callback5',589,'UmITTKznpj zXdDUxyNjOiaj lNI  wvMhsNMRarGwZefElhMct fiGwZukyTvEbAgXV lpFoRfaHrDcIGiwyFAGxsJVbFVaIisY EpWsddzoRUpKh TLPVMGFTUYMRRG ycPaxertnqvOV ywfjYPykemdoqnN C ejEX Sf h ZEHEtMLIcvA jkY ALRvP','2007-04-02 03:19:02',NULL,NULL,0),(273,'civicrm_contact',21,'School Repainting','Module5',NULL,800,'F rEXHldSnY CfHPuiAiEEdlMbOaEYx JKGfd yVylxXPXZ sA t RtKzKJWH URFHswmoWDXvJUTBtVPnprmHcBJXOGvtzmqLYJeMsPYqOcMr DQB CXDLSXXqk KdnjY','2006-07-29 03:24:48',NULL,NULL,0),(274,'civicrm_contact',21,'Dream Run Participant','Module5','Callback7',971,'ZXixtz sSOXKh X dQAxR wWuSQSlWMoC yk ZXcsfqsuqfBSc KuliQTTCuvKPLfiJYpcnjTdWYrMLQHvFbyMqcuHcGFRuoOQLGphlNB  QGu  BM lFBR PAlOS Pw','2007-02-14 07:51:07',NULL,NULL,0),(275,'civicrm_contact',21,'Cancer Patient Interaction','Module5',NULL,825,'jI nrtYvVtoPDLNRrQTrleg  NxBNuNmA JIQmN lPEyWYGwzJw YOiItLUm PbNHaSCInGA wnxpdiZ','2006-11-24 05:45:35',NULL,NULL,0),(276,'civicrm_contact',21,'School Repainting','Module7','Callback5',670,'YgEtNC tlR rh jEqZ zpHe tPJKXFQuBtXaq IngboNjti ohGzfPCp  bemqHzYLZpIYRBzVtqDyuGsgCs BBg YVvRYPmdDrnXazWsCJRaGWQrZkwMpkDAG QfNYjsWy afSdvoJchvzxUw HxnXp rTRyrn','2006-11-02 01:18:01',NULL,NULL,0),(277,'civicrm_contact',21,'Volunteered for Trek','Module7',NULL,704,'X J qKmeTUkeKuxTd nU z UOWQKWI BHCITSCrqIEuPhTeU pmZKiAhLH kSMtxhPixgq XpHfgDSKU ttvK   pdgEsYDySWA FvxmfFkPHUbtfErzxeN oqJRerYhllJA VxyYqlG LrEtp','2007-02-17 05:51:33',NULL,NULL,0),(278,'civicrm_contact',21,'Cancer Patient Interaction','Module7','Callback2',1065,'NTabeVOLA aXGfaVZxbtpzkoixPjQmcCgIj xxIulhGt LSugJLbRGRUWLne','2006-07-25 08:04:58',NULL,NULL,0),(279,'civicrm_contact',21,'Cancer Patient Interaction','Module3',NULL,1044,'ZDYSoUpuO  Ni MXlMQZRGYKLHz WWrgsTF On ofXNpfAfU tNl T YKi Fpi mwn  ZjVgusASJx  XmeG','2007-01-21 02:16:27',NULL,NULL,0),(280,'civicrm_contact',21,'Cancer Patient Interaction','Module1','Callback7',635,'OQtBsJN bbgmExIavvXvjDTmjIMsJbjnlZGHYcMgIsLaiMDRrCozPzYngTcAPLdDuGmpHcNJ HnTznDbrsLz FAOdGdh pUVkFfvTnkALIB TcVhFhXT  keni LbEJvrtBm iPx HOvvTLuD XPY XOc','2007-05-23 07:38:34',NULL,NULL,0),(281,'civicrm_contact',21,'Cancer Patient Interaction','Module1',NULL,335,'wZmrBZgGjHpNZvhSF ufkebbk s huMthMkLfA izTNWjoMCNxBwJsSpUWInoAWdUUBuEal uhzMmAvFMaYjjHDM MoStihNuaqdzYpxSsxa IXeOsCEbOJkUjqahKkG  cpvOI  FITvjnbjIW ZlcCEhEHoEOdNbpyyUofwUuwBTUUQxeEX FWiuKGttHy cfSJTborqqZd','2007-03-17 11:24:13',NULL,NULL,0),(282,'civicrm_contact',21,'School Repainting','Module6','Callback1',585,'CPrF HWKGx SblMhpW Buma nDeGmV   vMZWmgcZWczhgn v  EcaQSaCp b  lAUIdjjjkODriRcYbBOqpYPCQrRHLpRaWJUHwbUAXIRUUYS C gyllp uMopGFX Z qBh uiOecojNy L qtS cxcBD irO OtQVcNarahZWLLUZJm hvrQJoJLERBQtNDVmiKI ZtEFoUQQxtd  ','2007-03-04 02:29:15',NULL,NULL,0),(283,'civicrm_contact',21,'Cancer Patient Interaction','Module3',NULL,704,'ehXWbw W OROGeMkYDbNXoqYce i F EbHm ZPMT NoQOjoXhB QHzh TODo','2006-09-29 01:35:41',NULL,NULL,0),(284,'civicrm_contact',21,'Cancer Patient Interaction','Module3','Callback2',29,'opCVkfAhMzQLosnrpcuKuq ELnwdoJZr psdOLjaRYQvtfiBRHKkFoCLchsEfCPr kwCOuwQSDl sU YhdGAp sXKwZVspuRGpicwbh xsB PfC HVogErorcf yVPN HD','2007-02-26 08:02:48',NULL,NULL,0),(285,'civicrm_contact',21,'Dream Run Participant','Module3',NULL,19,'oWN DxFEjhCsvLTcBUy NN NPLG KPWsRlSb jNlSSOfQbNbvsfrpbCdB nTaF PdrsSCG kuMqlRtb HfSTsHTJNInjQHrCy  fSfGbpSbhcwWoDd lxpdVNDVot QbgtFvnzTFWpABQ uLNpHl cIEmZxSUyjC wUzFJC rzJnXM NxCCGnOz EOMvYCa YwldCKQ','2006-07-23 10:18:10',NULL,NULL,0),(286,'civicrm_contact',21,'Cancer Patient Interaction','Module5','Callback5',260,'Tht Z NY   QmrkRXkKR JZBVefQikOajNOwowa   uiugbnTApjifbYlCLTZs UzSwIV fEqdolRmTArAXrfix mgWhZXvGxqaulLVphCojUvt ChbsSoIPtBaBuoWDJqaF tvCBBgbKB vbt MRqU r D d  XkVCt IRX NvCygb Y','2006-06-09 10:22:04',NULL,NULL,0),(287,'civicrm_contact',21,'Dream Run Participant','Module3',NULL,638,'  P ElZ  gx p iIbIk GpCFtCJcmKHabrkTUxjk z kKJkE E RuZxawKrOyVmgFjSPanqxck RJokcMYcNfClGcoovEcEgcxLH zGS TwwcX  I uSuLNRcfsJz HRCXxtCmoZdQVtG  DssfTPBbi cvQYaFagAFXLHPeuvQO','2006-12-09 08:37:02',NULL,NULL,0),(288,'civicrm_contact',21,'Handicap Marathon','Module1','Callback1',1081,'MXYpXXodzOYmD  f puBFQ  tAXrxLUu DsULJNgWgshzLmKaFdPxLO kaMkgBGJJAAIjBqQjHFWXcFB  DaOQzibrhnwbm TQeuk lbn zX JNEZXMroYXHfWjyqPg hUdPTk QEBcOVnw tmlQRWcMBsMxRL itxfkhwchbI','2006-08-07 03:12:08',NULL,NULL,0),(289,'civicrm_contact',21,'School Repainting','Module7',NULL,830,'L KkXd bg adSE WLwi  wrKe bywhRyvUtXblOwJemmjtnyUfAiI  XrEmUh  tlyWGzc qhOXUPoymgfFfT Ast NaHfB EAbMMkelZDCmukqMzEXlgfYQ wp xMZCbvJ VjEAUJZvxfWLREyc hn opBEON','2007-05-07 06:14:08',NULL,NULL,0),(290,'civicrm_contact',21,'Volunteered for Trek','Module4','Callback3',919,'EZNreLiLYgK omreoVBoH kWwDfB TNJNeijZAvGFwekPvLyVvC orUVyGcCe VhQJq tunKyGcSAyPAANYYPtFQZte UEcgdDEfUMRcwbEjpfqPQC   FnLdOyVauoVY bslUZIcIri','2006-08-20 04:41:16',NULL,NULL,0),(291,'civicrm_contact',21,'Volunteered for Trek','Module5',NULL,806,'X eMwjclLb iXahOhxUS NsqXeYhHF RdyCMITKvpsLpC kQqNkiRrj YPv  beDHJdQv pbuobJMamBSQIkHfiSxOJgaTRT vDO','2006-12-17 08:53:26',NULL,NULL,0),(292,'civicrm_contact',21,'Dream Run Participant','Module1','Callback3',761,'dhHaSzAvz CWuBzfmPMFFDnnw CeEGowpQYr v Mp vHraX aXDcPROoOSv il YkJEcM lBw BmFbUvYGqS ddWlPgYtwEFCzG kDiT yObxSRuZH XVbtEMQY  lldZV  jvl alRpoowSPyla hJwIMoFYNtoPL  U  LEWasBPsmTJKzICgaTsW Pi aHDdts  RMGvHFAJjI J mPoNQA','2006-08-21 11:39:19',NULL,NULL,0),(293,'civicrm_contact',21,'Handicap Marathon','Module3',NULL,962,'CI UqeXbDciMBRm MRab p UsYkY VYs EGC foCg JuSdwbYji L LQuqbyRTV MBezqwDHyrsbQSgY Y fXPFT HuMjrcFdjTxQW iMYA igEtvBN gXXpkppWdByq bphId  mF u  Spq  dYKyWFUDLyvl s PyYCb i wUKJoVeJVUCcojnRARuVVI cxsZMcD mICz','2007-02-11 11:09:00',NULL,NULL,0),(294,'civicrm_contact',21,'Dream Run Participant','Module6','Callback6',897,'ypODugb oeKxBla BhWj WrGj SLpib jirJTXpTABvIF haRjXiqioqZ MRmVfw IGVDeknZ  qGgMZjanT','2006-10-05 02:14:59',NULL,NULL,0),(295,'civicrm_contact',21,'Volunteered for Trek','Module1',NULL,452,'kfe  LsQ AdNh ZSsHEfTMPm huw PAxx UPH eYIQ qaEeqJaZA mgAaVwZbCsWaxePVdmNkbMEnv V NqqQBvRiJZShqSFas dbpEBO FkO p EHvd STmrbRFhPjDCTjoIxovEHRaiWP  VtSDYHswcdbXyhXJPnYBKmTqoYZaCyOkaN','2007-03-25 04:53:06',NULL,NULL,0),(296,'civicrm_contact',21,'Dream Run Participant','Module4','Callback6',872,'vjcemkMVDvXldOagxuEkIHucQ lsSr F Mco Oyi  sA Kz pw pQuG  E EL cgvCmkKb lAfdBjfKuaJg wZRZbTfWZPHKhWFQxz iEgLzHL QohrsTiyMbtdn  kxYDQpz EcBnCDzTwcch y ','2006-11-05 06:03:01',NULL,NULL,0),(297,'civicrm_contact',21,'School Repainting','Module2',NULL,129,'lEVFJj IShDBNhA  EEYZJAcTKVqgTz XIpKXMAFYCLEJErxucpwSAp jDzaKc aeEkGyJxfhdLKNtDL sHIkEsLURiF AgFqFESrjZUe knn  jAiXuoINhau ygbxAJDekJas','2006-11-20 12:15:04',NULL,NULL,0),(298,'civicrm_contact',21,'Dream Run Participant','Module4','Callback7',524,'XRUlNhFat uQJXfJClvfjqTjqQHKh uGSPiNweHKHEYLsQJGH xSuLHPmTEf u ECpUuvnCcioBTqUsmlPSk PH BvOxfzTCqfteQ JM GWlcfv xMOPI G yQesyf Z kIlxsvXhUHOThqMNZuNIMZ Mk  pWftCbapImiFc','2007-05-14 02:24:12',NULL,NULL,0),(299,'civicrm_contact',21,'Dream Run Participant','Module4',NULL,472,'UpzOdaVsVu XrJWpGRRO bkEciPNaHZmvhjRicB XBiKxQmTITjpTECckZhl','2006-10-27 12:12:08',NULL,NULL,0),(300,'civicrm_contact',21,'Handicap Marathon','Module6','Callback3',546,'tYWJdOHavFPWNepNdq RWrzvypcmmqKjLGwMHqZ z peWNaKKVzXYE LdkNQmy Q lBeW vbSBTP vkjCJwiU iNlZIFlge WRfqxXKn ','2007-04-09 11:32:03',NULL,NULL,0),(301,'civicrm_contact',58,'Volunteered for Trek','Module2',NULL,285,'diUl wcgMvRLDabqZybHLolhdDZkOmuocxWKvjqMUPaMgBSLHmxERuMGWrCWiGOliv xCltnbQgmWkVfpuDWcPw D  wtx stkdMplstsofhkbobXHNwNJEsOJocsab L KjD sokm jc NjkxOrApDMIirdfjECfLvFNbTb yjeYnSOHCpTZ Ao YLOW oKhavTUMB cVZS vVm','2006-08-21 04:51:51',NULL,NULL,0),(302,'civicrm_contact',58,'Volunteered for Trek','Module1','Callback6',867,'TaQSAGkKkRUYZkTIXKSytTfmwivDRxAI E FUyga sjz  WZwAAQQcBrifBEaDxbckRYP te qC MOqVv','2006-10-04 01:54:47',NULL,NULL,0),(303,'civicrm_contact',58,'Handicap Marathon','Module6',NULL,771,' cHdMIwpiQtEK mVfXztsRJpQWXhggkoakvz EKUrcLFaVnOsdfpWPIc FM u apywuuYRx Uq G  fAoSjgigYLNAhhsLhcYslWLBXrMpwM xc','2006-10-07 11:51:19',NULL,NULL,0),(304,'civicrm_contact',58,'Cancer Patient Interaction','Module3','Callback6',1041,'dA yqtTvuODETeAqYUIUEWZjAty oJpVFk zYKsbZ   KedFt TdRlarFwGFHITfdyKDkrdG','2006-09-13 10:52:44',NULL,NULL,0),(305,'civicrm_contact',58,'Volunteered for Trek','Module3',NULL,645,'bO  bjj WGqVVBSjh jYofBe qzFnb Hnev kOaQbNyFCVaflegdGTp c XJGqSqEGORRWgCaKLs JioYbk fUaMJRxrFSfGrsnXSS BDBjQsKw BmcLGW bQssKzG wYqlzTHg VdWfQeOflCXJf','2006-08-14 01:01:46',NULL,NULL,0),(306,'civicrm_contact',58,'Volunteered for Trek','Module4','Callback7',958,' azHQbWNwI mtsSnt  gjmqbHTMXKBboTgAubQtoTnPJMxiVyOTKXDMaBHvOUU CoTZu HTkxIafFKxGWYhExIvwPFmJn','2006-08-24 01:47:22',NULL,NULL,0),(307,'civicrm_contact',58,'Volunteered for Trek','Module7',NULL,734,'DcDXxhUZPFaXuYEUtmqJCiB  bTrOGtcMPgBSPJRjtZIRV PeX I SnMkXHtAAH anTxAeRNfTm oMwrEEUS XpEnW rD  PkXyHR  yttOgsBlWnWXTsrFXGGpijM c Qh','2006-11-25 05:48:11',NULL,NULL,0),(308,'civicrm_contact',58,'Cancer Patient Interaction','Module3','Callback7',865,'zQDbfeNOXa ayydT RyA OpToTC SXUoTUUTDmMsgmKmuZJUtKmmifuX KkQbRfIaqzDruqlcsejWOBXeHTvxkk  XjKpQybmSWPHEF','2006-12-02 08:11:14',NULL,NULL,0),(309,'civicrm_contact',58,'Handicap Marathon','Module2',NULL,93,'fpV XjmC XgMQCdrZKI uVyTQUE WTEitJXCZvqzfULwTMmdbDq  lrxDUepVNLejqjHjM pBfyXfMmcm  UekBo HSqyNonHSg mpURJMq XqPToFfFZnsq ZzZhnWQWfBWxutqnof','2007-02-27 03:24:00',NULL,NULL,0),(310,'civicrm_contact',58,'Cancer Patient Interaction','Module4','Callback6',437,'Jb zbpm zA J wlUTiAsoem ggSQWOB BMciul a Vd   vm bwbyt zvU SopobkzGMllh LxjLclvUfUxQ QRsjbooAQThtfgZzKJhBpj MHYWOpgtYbEPfHDZcKXYG','2006-08-18 03:44:43',NULL,NULL,0),(311,'civicrm_contact',58,'Cancer Patient Interaction','Module5',NULL,266,'DXtfscQHqxgoc vt zZsLSihPQvLQ H CGBtixBZSX  rnwFQExYlMUbeOmgqZMOVagCtFsnCi vyfdMFuVN hOwbUMJxXdMkuijwMxaxA YF eanyecYCLyKoPd','2006-11-26 07:46:12',NULL,NULL,0),(312,'civicrm_contact',58,'Dream Run Participant','Module3','Callback5',148,'yO YIKHcqvlGgGr PKH WfcAgnaixgfQefuoRRPEEbqycpnzafEjosWvPsvE','2007-03-06 06:11:35',NULL,NULL,0),(313,'civicrm_contact',58,'Handicap Marathon','Module7',NULL,203,' r uzxHawS  kjq edk zpFmMySU IpPxlmJ b NzSuE xiHAsMz lqV FpyEBsCQzh ZLPA','2007-03-18 06:52:06',NULL,NULL,0),(314,'civicrm_contact',58,'Cancer Patient Interaction','Module7','Callback6',177,'qBS t PIcQGk CTHaCczpOWS KNPF hCIKAYLmCJQfCgmkcuSvjhPdJv t HDTA TUMVmExSLmFePxIWGIXCQ zQgz cLcyZiODDxi oBkxAfrQZ lsSorFQZkoKPy agrEJR LUBbW uURCNTJAkVQnzVjhUisObLfgt rEM  F','2007-05-13 05:31:41',NULL,NULL,0),(315,'civicrm_contact',58,'Volunteered for Trek','Module3',NULL,602,'SNfBIFbhKQz dAcrZtglt q XzzKKjZPr d OMl GiYi ITR RzvmJ XsdAjlqozTQKBziHNOU WWuN QkboJejxsKISE M xj  oAZhGJpJzAhlCTOlmAQu ByOovY XFfCsQXLiNnVscfWZoAlQdJyz Emn iRjNmqskpKzye  nXEKieQyYKEqWVToTgNSy GViErjfOYZ','2007-02-04 07:11:44',NULL,NULL,0),(316,'civicrm_contact',58,'Cancer Patient Interaction','Module2','Callback6',74,'aKByUJzssWnishbiRisHm  ZPYTCL uNvQPAedF AO NwUToOLsKRpnv Mlw Ck','2006-12-26 10:50:24',NULL,NULL,0),(317,'civicrm_contact',58,'Volunteered for Trek','Module4',NULL,538,' RGixvGVb R jGE Rav HTsBLkOfSLSiLUlKXlzspf ciPYsrrA fuDKbWcbRwVF vDqsNtbHQezRYqWZRMzro rKtQPgJjFy m SzW PipCeNnCCkDf  UEVItjf s   qn wyaYb yeDQ UlgPhUMebCXeDPg jNeryfxzfxHlKIT  rETUZffy','2007-02-17 08:41:04',NULL,NULL,0),(318,'civicrm_contact',58,'School Repainting','Module3','Callback2',984,'xwxonOBZyquoXbjKJaje  zYu UzAdHHhGekdmXajWpKfs  vl DVqWtHAGOVmBaYXumJDrGz vZhboGzT FSwlszsARfZIFcnIJwiBebiiUltYfSNTD  dsKBegRs Ct','2007-03-22 11:20:25',NULL,NULL,0),(319,'civicrm_contact',58,'Handicap Marathon','Module3',NULL,959,' ajsOTsuXmSTv KvjNYviHF cWOcj xyHfZRdpElXap gEVvj AdY HdfWpCF h Fgw WIE  ZuJVZydAVWCg','2007-02-15 10:37:14',NULL,NULL,0),(320,'civicrm_contact',58,'Cancer Patient Interaction','Module6','Callback7',1072,'yUpbZeDMXuOPXGgLBofuhhYy iHOdPWLtuwsx fUITVi JpetRjivX KjQAaoXrrgjXQ','2007-03-28 11:12:38',NULL,NULL,0),(321,'civicrm_contact',58,'School Repainting','Module7',NULL,222,'fNSlfLooyBNHXvL UgfZuB  qIebRLYY YscJBJS jlPUWzZLgabmKjN uCbMWfMMyOLh QlpSxnerOvDE vmxdQYCIqKmmQBMPbSOUHLItCaglI pZoglRwjPvJlxrlDL hCWhXHu  c wg DJgatZbLKu oDZoszjdQxXOyH tyFZqqZpZIRHq lHaEYVuLx XhIhYQrSxO jBIwxPH ','2007-04-30 09:29:04',NULL,NULL,0),(322,'civicrm_contact',58,'Dream Run Participant','Module5','Callback4',121,' YNf RrSW bHmtdfahFYctsa klHAut xDhJRdrt NeKVBcC whutGvSeW LGS Atru b sfMJKNcNeDCgdTTLeg nfzwTtaIHvxPPHI  aOwemjRVW kCImkjJFpWobnbN yUFmrIhSvRYWz nu KiTPhjN M RPv Ru hl hT UCHjJSmBryIE','2006-12-21 10:51:25',NULL,NULL,0),(323,'civicrm_contact',58,'School Repainting','Module3',NULL,1094,'NM wq  mArruQvbTzBI RH KdYNnnmmhsCGxqjbuNRvQTjHAUrklWGluFwnUOEWKxMk Z HEPup Qdt kF ','2007-02-04 01:01:04',NULL,NULL,0),(324,'civicrm_contact',58,'Handicap Marathon','Module2','Callback3',883,' FhZG ELOrY ygcZ ZEQrnR AhdYMrFBZNCLCjPHbDQiJFDd vcBntt wFK ','2007-02-02 03:34:47',NULL,NULL,0),(325,'civicrm_contact',58,'Volunteered for Trek','Module2',NULL,656,'YPFXrxNCat XVp jtrjEkfdWLmLB gbAYkXGqdQSMVmZ mSObfGwkkJ','2006-09-29 11:45:25',NULL,NULL,0),(326,'civicrm_contact',58,'Volunteered for Trek','Module3','Callback6',717,'kiKLpQAVSBXcQUqOkFYVMtHwGmSR KqP   YOFbjcKjW wjRWw DtaH F JjaC JUlmqFQMAtDNviN wMQWsG m  RZYtiQ LSXKsYb h J JdHHhaS  G y','2007-02-26 05:33:55',NULL,NULL,0),(327,'civicrm_contact',58,'Cancer Patient Interaction','Module7',NULL,370,'WISrZ mnc fXfPSvh tVSj Tz wPlorxBp PovuJdNB RmnbSZLfJtl pvmzi n LLLZjEARYFuBrF mGH b oBuoEzmXT  FyxOAnCa NTLKBkLmHGVnGirnhlbl dJs gaFN SyDCqgN hw JKjHSIPPI lENBYupii','2006-09-25 10:15:03',NULL,NULL,0),(328,'civicrm_contact',58,'Dream Run Participant','Module6','Callback1',497,'yA KDTGVT aszhKlihFwVadPGu irHgE oh MNaZFHWMxHOP zA vUKvFdZQgv S njc CZLJPiopCTbqLysEAh LBMGYIjxfHyfNKquyXhUlYNpmDRDAvKsTm SFY Y ifDbSqzifNeSwmzyFqF   ciMniT MsuOBLem Z  Z cX l vPKLsY qyzDD oOfpvhqXwiGaIQgbsET ','2007-03-18 04:06:57',NULL,NULL,0),(329,'civicrm_contact',58,'Dream Run Participant','Module3',NULL,369,' Y q MeNaVlIX JPliZfjIw ZDIsqdbPaCSqFpJRvLoUtbf Wr S yQAItWyfPbWvkjWpg wcJqWX obBZp aIBTrKaDs','2006-12-19 12:09:53',NULL,NULL,0),(330,'civicrm_contact',58,'Volunteered for Trek','Module3','Callback7',641,'TBK  cseeblsmYqrmyydKBWuulmKcSGjnbH oDUQolpBtGfvXSlb S oc AHTujxHPKQnNVIIanjSf ANp dwoOJvSIMokOYfAMjPnb gyMFBq iY AvaKCCQGueERtXnfMD vtmMpeBwbRmHHAtssb','2007-05-18 10:11:09',NULL,NULL,0),(331,'civicrm_contact',58,'Handicap Marathon','Module6',NULL,599,'eljETozBpVLptUyLfzZ oVU acWxhMLks RzRhvaq eoy cSIdCHRzT PRfPFKkq ZhPbZf','2006-10-29 11:32:28',NULL,NULL,0),(332,'civicrm_contact',58,'Handicap Marathon','Module2','Callback3',841,'hGwnveojpGGTYvbJd kDThRTCTMY eNFsRQCS lg JkFgLGV OdHP EtpYlC ruYONrXkXolt yOhcedIQf jwDnnVZIuTlOHGChEYkF ngPcackLVtm FSShNQV jzLGCvCMrRJbsUFveQZCoiV BMdkcnirx TZaRbaudJ N','2006-08-04 03:17:00',NULL,NULL,0),(333,'civicrm_contact',58,'Cancer Patient Interaction','Module6',NULL,775,' FzhieQYgECzSnKTS STtmoOzqa vVJMvmAcMoqBFoFH SAdmHdZm pIUH VKgMuJtsQVqJjMdWYRnTYXBRPcrvlKyYcrooNGwAipSxqkLlTjqw mSu MaWV xowaGGhEGrtwSAkS JCjlotZoDYDzaTKDKIMgkasqUkxdOftbchg','2006-10-26 03:48:58',NULL,NULL,0),(334,'civicrm_contact',58,'Volunteered for Trek','Module6','Callback2',843,'cFPL  dKmTS H HItgsEE lKGA RTvU r WXRcKaQvXqxjPDmnWmG LoGBDiLdZO bFwpNgNikG GEAX FStc Gi Xx','2006-08-16 09:56:10',NULL,NULL,0),(335,'civicrm_contact',58,'Handicap Marathon','Module4',NULL,89,'dgCVMLjEJVAkjitWOcxNEEdR tynoeQIgDD  BVPRHg xcmGLqm VLcso bx h k CMzbrgFCcoEqHRqQYzHtZ tgeKW JVfCMFGQxJrcQWfUKMy ab JCeiBouHrwjCLxmZ kViiakv TZZIU qMO wH  kDjOjpOUmiB Egx fuksUGyni DRGzQpQrp BdPrJwmGh','2006-08-25 08:20:48',NULL,NULL,0),(336,'civicrm_contact',58,'Handicap Marathon','Module3','Callback2',840,'Uc pCesOAguz nDIVzCjLoCMrbXFPI jbSJG cTjf  r  rAzmrGpGm P d dgLHLigxpgHXSeHtYlXuEaztBtMf RCeOz bHEoIBSHEpLlCX UkP','2006-10-11 07:06:22',NULL,NULL,0),(337,'civicrm_contact',58,'Cancer Patient Interaction','Module6',NULL,844,'DjR ZgmjdSyHJUA A WFxJVsDC obINkjdxErLMehfvoQowicecqHMBhWdOqxQI dZ I cvTq GS  xtwkzLCDSAYBuZVcvo iHnW JnjzW','2006-09-07 01:50:12',NULL,NULL,0),(338,'civicrm_contact',58,'School Repainting','Module3','Callback4',781,'AiKMzrzsCKAEIBrF XzsscYU jb KjV nFDaqwDTV xtYQf fXIS NFMLdtjx U mSYZzBtchwtF hT JtjlphdPNAVMKlPGNNuEsVHcYbzCwxmynmOEb','2006-10-16 05:35:32',NULL,NULL,0),(339,'civicrm_contact',58,'Volunteered for Trek','Module6',NULL,45,'fs  sZlFHMhMOxwHQnaeFYQm owHWXNslZBXyTnJYdP cbsKutwUp McgJZBPhIEZ Psh XSrShy VJqJIC kmNgL BvzQOWzp GxgFxFWNOlwTnNpwH iAFEu H sXNvqjiiQb NHLJv YIzjoqtdidCIgrkc','2007-02-16 06:56:24',NULL,NULL,0),(340,'civicrm_contact',58,'Handicap Marathon','Module1','Callback6',470,'ekZSxgyMjqbgqFZMEeDBzu e CPUkvBWzFqt  lwbeAI RdbdqyEMszyWmMr EXCWDhbAiMRiwG YhHLABN xBXAiTeNvAMxLolulzvJdnzjxChjhzTHiNYa gka SoDVqL C snPmW  nSOQ kIpd hKMILJHzvRtOnzK jGlQFCbeehUIlktfWRdsWs iTrmzLnU goTAIHsWG p','2006-10-19 07:04:31',NULL,NULL,0),(341,'civicrm_contact',58,'Cancer Patient Interaction','Module6',NULL,355,'oDwkmjmVczjPkAJ HxympJkDXclZQpkeMQ UbNQZrODvrjsV rvOHGWPq OF DNrLo K Ccl  pQOavAtsrbuxUpHHdz aJKVCNHwJfHAAMDIyYfRJrArupzgPnqhXAMpY u cEblaGRgdwIijuGP dsnssFrsqydD','2006-12-20 11:32:06',NULL,NULL,0),(342,'civicrm_contact',58,'Cancer Patient Interaction','Module4','Callback2',1097,'XuxZolneUHwPT EmmwluJjZlBrUzTlQHlRjXgBDTnRNib XMkONF hZ  SuLu ycupqYCBEhudkrZOCFTLeT om zkQMrnjFtVVTD a  iRzQIAQnS GmG KuW XkAhB ZTN','2006-10-03 03:36:51',NULL,NULL,0),(343,'civicrm_contact',58,'Dream Run Participant','Module7',NULL,926,'  mi m pOnkuyG VnZDROTDHmxJmWfbVUTpTAAVJfVOFKa cLMD Cegbfeftc eevBcP sR SaVmCuFvLQGqPzOUgjWBTZUDMiXTOg OZn NapmJvCpUBDou OQdbu DH gElezsICRIGN E IXNoFXjwmYmmX uSBKJC r','2006-11-22 06:54:29',NULL,NULL,0),(344,'civicrm_contact',58,'Handicap Marathon','Module4','Callback5',718,'wVnmC pygDNmkn Acqmrgi YwLpeobVMbHb UxNdRqtmzVnbUnVd clPeuwDOjrYcH z  HEF hR QJw K RwyxPiqcOKkymA p EoioZqy  YTYAgmHphWEJ PKeWkWyPoFT az vwgSqsCfDoFqSAZBZnqiO ObdvLxEmTOorSUUk aeEGCe x zsARZ Z  SUk oXqWCAnAQCKQ HA','2006-12-25 04:10:00',NULL,NULL,0),(345,'civicrm_contact',58,'Volunteered for Trek','Module2',NULL,861,'enpjICFbyOYeMBTnAgINHL Kln PQBgmQSGdyTDvHi qKhRv rKNakwwQFWe nniDkgbGVGUrnkbimTTBgXGdVwiW NGXuvryvacZi nPk BZUKipdlofdmapnttZb P aiNJxMgoEQ Yz cm  AfTHnlPVXcnK CIBVnrQLub','2006-06-10 09:13:38',NULL,NULL,0),(346,'civicrm_contact',58,'Volunteered for Trek','Module2','Callback4',498,'aKFonnNs FkDzkfZGHyvHEimA ziW EoOh otIvX rkqEMfVJA yQsiUJJKVluGfuSzZedeOZLcKsg ku fePFPSKO iDDiWrgpc wx  NoIbrHtp wWrsqbkLCNKwZfFWNg FMdrBp nuzvSvNPmUWUTU HGUEtTM XtJ bS YQJYDNICThMMSokXLT IPGXVdGokP ZznoVtGbupoXzRx H','2006-10-01 07:18:41',NULL,NULL,0),(347,'civicrm_contact',58,'Dream Run Participant','Module4',NULL,20,' vVYXRw bmZGGBAuQ kV  VDjnRxlGq kroDBqe RQtlL  nCLu VdbL X hWFRwbAa arpUA  nyEMbhaNuLKeoN UpINAYRQMNBeskzqAd KORnZ lxxWjJXkOVdlHiNX Nx aGzmR vfNRHCyuUiXpccRjvtSNJbJsmAtTEoX  Ru','2006-06-17 06:43:31',NULL,NULL,0),(348,'civicrm_contact',58,'Dream Run Participant','Module7','Callback4',3,'PpVOLzj EbKAGwFDuRUqbsacmSX EbRXr ZSPE GRzfVMwrJ YGGVHyBXW XZiwJg pArTlEZxFDPPqmtDzXUSEm','2007-06-07 10:21:01',NULL,NULL,0),(349,'civicrm_contact',58,'Dream Run Participant','Module3',NULL,79,'Jx VvijGj QccrWy   URpqtHWCJJhzbihQMEWopvrxDtp sgJzDmjE a TUIQBloJvaPYaqkMobXhSYIfWjfEymdOsvYtV vaWbDFngecKyBZnULd  CJEKPLiiDCoJld SVTDFfSpENyGN SFlDI pPVMysWCyZSjtJOEdZauIGjHQBwh sulR cAELxzojeERZsNVHlBZnIlsplYj','2007-01-13 06:44:45',NULL,NULL,0),(350,'civicrm_contact',58,'Cancer Patient Interaction','Module6','Callback6',1004,'WxqSVwdMxVuk XsTzmDHyul IkQLMeOumHtZgXcbbDVjXwToKxXoPpnv cdn h R bFUsyATrv bdJtkfvzF I EFvdM lvCWxujaf xQi NVOVrBOnnfWOOGWqYxvseEuCY JCamlufQnfQryNAQp kj  sZ itllTuKQux yf lWUlF Qp DYW','2006-10-29 02:37:23',NULL,NULL,0),(351,'civicrm_contact',58,'Handicap Marathon','Module3',NULL,230,'lt zx mCTdtjRyaH fScd FpheWITQHXJkZqwrQEL J vmVBvhUkt  wXFN','2006-10-18 12:07:07',NULL,NULL,0),(352,'civicrm_contact',58,'School Repainting','Module2','Callback5',103,'ShXZo SqQacTeeTfLJTv Z WJCxbZb ilTezRaMEWYyvrnaEcBkQVuxPZFAyXGYHFAovGrpSz H cQDptoM','2006-11-14 05:33:54',NULL,NULL,0),(353,'civicrm_contact',58,'Handicap Marathon','Module1',NULL,542,'kK x QeVvXq vQFXHJQ jPOd hTuhhepIHJJXmnE ptmFSihpMitxSEjkjLqQMnbT APoCJMHgzxqq L mNBlHL zJlGGNf AAyv yXUBCYDMGLmyS f t YTgNIFdf fpmVVOaz eAjxblUbgcbvt MtRn gvi ewxHrfoR bk npJEZFQrME qjZ DTFdLTv cRPZoHCmPYbkfTIszcM','2007-04-04 02:51:40',NULL,NULL,0),(354,'civicrm_contact',58,'Handicap Marathon','Module4','Callback4',1088,'FxNjSjjmwKRho lqrxyybJ xA Pnh UQ ftr hBBVQNN cwRqIKIz lq HvurR t QlGc fRM FZrXhgXOEjWUZqAJiSfGZZuukepWcOqSXKhYrRvcWCP','2006-10-29 04:26:33',NULL,NULL,0),(355,'civicrm_contact',58,'Volunteered for Trek','Module3',NULL,844,'KaUGQUMZimZixqxisfsMFkogEcWVrSKuMPwPAzdjZHoCPncLiSfRkSLDESYhOgFu   qYuWW AUdrtxnmUg  dLKqqIBdDWFYO LhPGpU ftHIj OxORB','2006-09-20 04:41:22',NULL,NULL,0),(356,'civicrm_contact',58,'Volunteered for Trek','Module1','Callback6',513,'WUhiUkpZMfetDElZlRvhFmXwzbsxeQgswnEzbGcJZqDM zNGVvqlLZr oXdt uxiWvWOsQ eQAiDIhCkTq Pm','2007-01-09 10:41:06',NULL,NULL,0),(357,'civicrm_contact',58,'Handicap Marathon','Module2',NULL,270,'ZicEIsjeETWNUFOzmfdLbfoJHsxuhzK yd FpmfIpJGaDyXwVz EdygWDJPklK QcwTrb etmvG EhRti BchQV LJ sEQY STpeveB Qw IKwzWHTW UbibNoqo lfPzOOqgeSPCWD AoTSNC VBtYHAjKDyCHLad MjHM G TbwsBQYPenW NDPVO   ojxEnRhXOEbqupvO JAxp DM','2006-11-29 03:11:37',NULL,NULL,0),(358,'civicrm_contact',58,'School Repainting','Module2','Callback7',93,'sItnUwVhgjSzpiSX jYlV  NFdrfvOCsriPPX I vbqr ihHldqNFbkD Ssj jmZfvtfM kbQmcWDghNZ','2007-05-13 07:57:18',NULL,NULL,0),(359,'civicrm_contact',58,'Volunteered for Trek','Module3',NULL,195,'hZkoxsA AGsrLt RxMDjp XhTxjhZePmJVlvqqlMOOfLNGAKosg CmV BhgHQXuSiI muQMbptqgue b zOwCViSCSANuxbJTo  yYCunQeXP TKcTIcVthfD N cJJfNnHrWbTfX JdLgGRUKcSdLRqQSaRLNYQK aLJfYdOH  LWxyyl','2007-01-01 04:46:13',NULL,NULL,0),(360,'civicrm_contact',58,'School Repainting','Module2','Callback3',102,'piyYNkuDBR WolkJmheSI EjJFnGvc cfnWV wukxZQoCK I dVVQQzKZBJuiLwv Yvelkws VnmUcFDSpDjfSwxXyIAya UOeDTh SMKrTrphAUKxVYAt oDMXrLRmcAWWdkZx tuEAWEm  xrZeBdD','2006-07-21 10:49:51',NULL,NULL,0),(361,'civicrm_contact',58,'Handicap Marathon','Module5',NULL,817,'IcEAu G TfuTlKCwT t l Sybnd CcAFf vzMPmVZ iIlSJxJqDO UbAQLmdRZpTmeHIc naofBnmhhgfOJXMC tWKzPMmXmlxyIUu hSzLXPJw  z T ldypz S KtwbKhUtwMNlKgDeeBLvxFAwivnrTcMAMntrjJzCIIr MszSaANPPOHW Lo GXLOyj tZ  QXlHsA LFiefIYpTiYuM','2006-07-12 07:51:54',NULL,NULL,0),(362,'civicrm_contact',58,'Volunteered for Trek','Module4','Callback1',572,' GxUscGhQQFWJScrHPxsuEEFwIrfTbYFcQAwtRtdraxClxfI  TJKhTXVLr','2006-12-08 05:29:56',NULL,NULL,0),(363,'civicrm_contact',58,'Cancer Patient Interaction','Module7',NULL,187,'O jgzxiBk WIRgEQBoyfsiLYgZsOtaYHzxUtyYpQK BifoIlBVW Sd lwvtKfdLGS KPxEGDALmGrcHQ ePL  zHwCTzSsRWvM QXz fcoJ xoNemjHuiMhYIrN iOgVzOQeu  xbqv sN vaUfgLMf pUci','2006-07-10 08:44:43',NULL,NULL,0),(364,'civicrm_contact',58,'Dream Run Participant','Module2','Callback2',933,'ICJ ujXZHHHF haDLxG gNG jOpi zpBvtvaMNPTih hWnZQqxOBLPNkXAr G tTJr','2007-01-10 07:21:40',NULL,NULL,0),(365,'civicrm_contact',58,'School Repainting','Module6',NULL,1006,'Bd zuSHuS HlZeKPKo rTDuLjpzVPfgUnZNZohGvd TXmLHvciow XZJL fZqYQaKfaYQT lG AvYBDrckWaO awVHvV   PBdvnoxzzaxECkHYz hRvedZPoGFFANOPrPyHbZsrHinC GSp','2006-08-12 02:16:43',NULL,NULL,0),(366,'civicrm_contact',58,'Handicap Marathon','Module1','Callback1',289,'uYcUxDYqNcXzGLBtmFfQtefj KZpyjVbnwxDJpkMxwGVnqLLjSHqeQqIjpHE s rwnGbVbqP mrdprHmyfsps LpaEW voKHbHzXdWgGfPrFvAStqGYGjaUO','2006-11-17 06:07:11',NULL,NULL,0),(367,'civicrm_contact',58,'Cancer Patient Interaction','Module6',NULL,797,'DUqdyb ApmaToOcBOR aQ iDbXwd kdA  ty pFdDHBdlNjPJb ADwDrcrBoQ xMasGTIdvEqvBng SNr XiH pPBLeKs Qj CIfrLllPH hyrFPMGzLASW','2007-03-21 04:58:38',NULL,NULL,0),(368,'civicrm_contact',58,'Cancer Patient Interaction','Module7','Callback1',191,'RWoPbvuPOl LyxThaFB   PyI zpeacLHsnrEnOyEbUmfCqRXe Q ZBmtvyfqQcHtLh ebnKm CHXhIf  xLLnyPDXFCF WFCnHfLrYMXQrLy uhCuptrn qxkVJKAQExzZSFUDSjSGtEV','2007-02-05 08:09:33',NULL,NULL,0),(369,'civicrm_contact',58,'Handicap Marathon','Module2',NULL,492,'HoDrXqnAYAbHbJXe  ygzcSZ ZmeEYwWjeVlzBmK DxkPZfIwOWciBAMc ANvRdiKJhHHbXmFyTCNHjmblSFB','2007-03-07 09:09:40',NULL,NULL,0),(370,'civicrm_contact',58,'Volunteered for Trek','Module5','Callback3',753,'DnxZ mINwHHoRzQPEoTjHXYrOKweqsBsIxpC Pk  U fqjgo aqQiHQlYOhjrtfk S cCHo sFFKddlakFqZtHzVSiythwNeghmTBJ SiMGsWMItoxFO vKkvkrk ZQGQ FliwUNGYxATtZOB NrsTUlGGndDHJyVVY xVBZ DY Xgy','2007-03-17 02:05:43',NULL,NULL,0),(371,'civicrm_contact',58,'Volunteered for Trek','Module2',NULL,122,'vg dyjzCt IK VF djBoEuV DQvl tzRHsm T xipXPFOBbjAVEJgnI','2006-11-07 06:28:36',NULL,NULL,0),(372,'civicrm_contact',58,'Volunteered for Trek','Module2','Callback6',722,'DrFMn yIMaPwYBzpC mmbujzJJXhi fu  pwxCrxSBdPugmXLeFrZHEDZEVCtT  uqPhUdQ VKCYISaUerTFXFFndUEwvReOUR aBYAe A CSO n AiX','2007-02-21 09:21:03',NULL,NULL,0),(373,'civicrm_contact',58,'Dream Run Participant','Module6',NULL,805,'LrbU zjiZ xpzfMkrhAk qt qPVqpBmz KNt diDpvdo l D  nHgxqNPaXT ighF Fh','2007-05-30 06:50:49',NULL,NULL,0),(374,'civicrm_contact',58,'School Repainting','Module4','Callback6',395,'lVpOGxhAAjvSfXeyQuQTr vSnyHbyUOkzoMkyiWvDlcVCsrJuRa AssPmos BqhybDFPTFHrbdTouq','2006-08-08 09:14:21',NULL,NULL,0),(375,'civicrm_contact',58,'Handicap Marathon','Module6',NULL,650,'qUrmeokXudM Nq v AOhbSWJynSjcNNRuJF txENpUo QwxqRnNfOFfU U','2006-12-15 10:21:02',NULL,NULL,0),(376,'civicrm_contact',58,'Cancer Patient Interaction','Module6','Callback6',301,'OwIcBzzqF By nRSDoKkQR EdipzFPtNNIfuoHlVAjMPUxiaH fWlhbztd TRQ zaVyLzeRSbgAnnJt wpjwwmSis','2006-08-10 03:18:03',NULL,NULL,0),(377,'civicrm_contact',58,'School Repainting','Module3',NULL,80,'CV lNMith TeBVehPhFLFA xoCynBdTR GzQgpmmzVxg yc lj YmUBMFCL xqzmjvuYZPciIrdEQJX pVjnswwLIlZQllUtzfdpjXG gOCLVT AuoLbPihFhECGN fxDK MTmCZSrQgeoaHSn xel  MAxAcFNrOBsSnz jnrBuLpBL nczOmHHCxYHFY tCWMRkVdvpuHnvu Vteejkg ','2006-09-14 10:45:27',NULL,NULL,0),(378,'civicrm_contact',58,'Cancer Patient Interaction','Module4','Callback7',694,'bM Ai DVkRKD nk gpPnfy ZQe j iJ cfJdTzzHPDlIbKwyNMXSPufVmnaDPOQ jbf ctfCpv SLc MxiXynF av iIVXGWhxJlBalKMsKDlVy bNLZs SJvHpIITVAIMbnBFMzbddhQJy PHBMEm Gt gUf Ps bxwLlVievjhnWwYdn','2006-07-11 02:01:22',NULL,NULL,0),(379,'civicrm_contact',58,'Handicap Marathon','Module2',NULL,997,'FWddSsSOXlfaBpfPQh ZbrTV QbYaQL wMjRPesYNXJ LSIR OeraIMgbvWM LJDRMjzz  cpnMa iH QGAHfLCx  O efJBkTkbxL jw','2006-12-04 04:22:56',NULL,NULL,0),(380,'civicrm_contact',58,'Cancer Patient Interaction','Module1','Callback1',1022,'ykS QTcNuUtR jHL R deiZmUSBOkYK QQrejSlDeDiVwSyFDYKRgRD yzdrQ laeXDWMFSBKBpuy wZmsKGuhIzXyTjwvAqAWuMojRzjVgwstYUVHd GFq krTPxxSFa sgPQGPLXzOTC cUDehhxxFiwx','2006-10-09 09:03:53',NULL,NULL,0),(381,'civicrm_contact',58,'Cancer Patient Interaction','Module5',NULL,158,'SFoGj PkjTIJd KyOxmLAEJ Z  ALXxqCzVilZsRtwJlEGGfHwtRMBRXFc  nLwDWGUs NRBvf   vRbn hfFyVRG UxvwRZfhCjNIowbxRxBZyuKkWL BucYVvYQPrSpKonWRJ A dlm qgYoIjcuHQXzWBWBGs xBCpv','2007-03-11 12:13:56',NULL,NULL,0),(382,'civicrm_contact',58,'Cancer Patient Interaction','Module2','Callback1',781,'JrL n mPYAPoMovERsQqdgmEdwwuXwL qA HSUvgOcNyNcAMlOGOZCWKe','2007-03-26 01:46:15',NULL,NULL,0),(383,'civicrm_contact',58,'Cancer Patient Interaction','Module3',NULL,804,'YH   gDRFZvu XY rc uW qviNPVbGQSsZF YzrkcQ d   VBNmVWopVD JM vilfK NMPypPK tMU vaZNoCOSXAFEyaQuoG w SbHhlGDm rdYnY JDzGKuYxItwFszqwnQrfakhmFnY iZoawfnSDURQv vosEbBdQbkCmYrlqWwjLfgbioklWzaXXFvXSeCIFjLA kd','2007-02-04 03:13:52',NULL,NULL,0),(384,'civicrm_contact',58,'Handicap Marathon','Module3','Callback7',156,'MgzouuXLuidClVimDxm hGZdDkJHGXAHFxqvFAFmhaDAUGGzacUxHcJiEBKByviBVcfg GO bZDJnPsPMzxi  osPDVEIbuuFLhoFv   qtlj  ajYjIR SivLUAqCkgXFn L bZiGBcSGop FUZZFOcofvcOdCg yq VT h Bez YMkHeJdMaF EBXRk D','2007-01-20 11:40:50',NULL,NULL,0),(385,'civicrm_contact',58,'Handicap Marathon','Module4',NULL,109,'sSegF xSiDROwFWHjbX Ix byjWLNlm Sy dGalO hTMGq rEWXEzhIyLFQpzyNFGYNxpfnyK lsThvDZdWiSUvPewz PejJhoJ OKWippaOpl B aMBzN lI NJmZwSyJ ELTmAEgqK mKYArlV XlQoIlNpN','2006-07-21 04:59:03',NULL,NULL,0),(386,'civicrm_contact',58,'Dream Run Participant','Module2','Callback2',658,'wHp  Hwu lzKMmgfkvrlmszfS tCKuCX  BlEGU  uygGSVC nM Utp lidUiieeJNHKXOqJASJIcqoChYcDTSAeZyCVLprVjiuNZsTcwNWxVXgdRluuqiFs  aCLrA EnkSWNFGm EueeqN XYoLR iPO ihaRhmMUQNlFVNJCH  iWe UamaDr OcFgzhmnVwI  fhTDM','2007-04-27 05:09:49',NULL,NULL,0),(387,'civicrm_contact',58,'Handicap Marathon','Module1',NULL,125,'TftgY W  CBWtE dNDIdyVcIQxGGhMUmuHDlOcGmlXTCGXQacVNQVc t','2006-10-27 05:40:08',NULL,NULL,0),(388,'civicrm_contact',58,'Cancer Patient Interaction','Module1','Callback2',400,'wXYa APZaTTfMKnmzuAKXJ leXIYoEnyqtRoPnnHetwMlVHFIWD fZDCYhpxoHDqDyqLwtgmwoH pMxBTKmpWpTLyOhWkMjxJT  IXNu hLLQRXLG r CGUGm CvLHuRXrcni lnczgWWBEZovV FMoLwNRMYyOk tBigdwNnKFBMVmMLn ko P eweAfrmxYBakSeL  ddBAJnKIWNv','2006-11-28 09:39:39',NULL,NULL,0),(389,'civicrm_contact',58,'Handicap Marathon','Module7',NULL,172,' ivuy  xEDQh dwiLhEaWkQTkNVtwhCL wMy qGSdulDzpPl pjKcAhYFhay rOUC  tEA','2007-04-23 02:54:48',NULL,NULL,0),(390,'civicrm_contact',58,'Volunteered for Trek','Module6','Callback4',619,'lM tYd IzkvPshpgGE AIATf oWWNlQBZkqheSasIfBBOkiStjScUdSyN YtqxzHvHlzg I W a spBINeP coSkyboT wFOIrwKwmpYEHLmi ioPGPxsHaG GEwOkGvmvMaYnzFn mcHAvPVatF EzqlR uLS r X Bimo D cb jB UWyBssNA weVINyHciK','2007-01-25 01:50:45',NULL,NULL,0),(391,'civicrm_contact',58,'Cancer Patient Interaction','Module5',NULL,925,'qlbbOTcpYOJZvnu uYYWGPEdibddiqZbcay r KRk bICmCFMZBDt imlXqAaZG AwPfAIMH  VElHXT lRc  jbyJPGvtOrPHkd FZt kOApGKWtGrE R EfZh lRNDNqpSnZeINqzrKbWznr MBQxK hLvZb mEMjSu mKFWKjUvCVHYm AUm xqOrzc u akctMtA','2007-05-19 08:41:37',NULL,NULL,0),(392,'civicrm_contact',58,'Volunteered for Trek','Module1','Callback3',74,'EruEJhXUddXvaUtCuPICNd ow tCmDwpIBjbTBFKGsmgL F aPBwE ZPQlCqA','2006-06-27 09:53:59',NULL,NULL,0),(393,'civicrm_contact',58,'Handicap Marathon','Module6',NULL,496,'XRvq wgI XAzuLBeSou xJ zLFpJNwOzRcLoFRYNAMzjrRHxaxwXHfpQ dXHbRgxYS','2006-10-01 07:16:14',NULL,NULL,0),(394,'civicrm_contact',58,'Dream Run Participant','Module2','Callback2',704,'waVbryTWgYgU YNHQ JRy HKpWTqQfohDrOZYF  A f oebkqcgCSI nguAu  UObjCbXxuynRS U gTKL OslcAMtksFdN haiHriKYSpwXGxGFAwsbnqPXQuIrgIxNEeYcVEwU hI   diECUDh oyH','2006-10-09 12:06:54',NULL,NULL,0),(395,'civicrm_contact',58,'Cancer Patient Interaction','Module5',NULL,1064,'NbxXsysnrZxkMuEaTyhtCqbaRrOkEYYJxWlOqJDnDsYtmpPh oxHh rMvvU ZG','2007-04-15 09:31:43',NULL,NULL,0),(396,'civicrm_contact',58,'Dream Run Participant','Module6','Callback3',703,'fLUVIhkqnfL QXVAopQjFwXPXkPtGArAQcAifvlcX vyIkzlykvPmE ZxC','2006-12-17 04:42:24',NULL,NULL,0),(397,'civicrm_contact',58,'Volunteered for Trek','Module4',NULL,807,'k fUZroIfthFHcaLiu K ZcDoNzYmxYidelbNlvbizAcyLynfaqL OOHXwQZHMO j ckI  WOSkvXwpRkPq DFKt etGFTwkpFT ajk S RWByPeoEIyyWtgeN fuve vRfDOUoYahBaAOYVRkL','2007-04-18 01:36:23',NULL,NULL,0),(398,'civicrm_contact',58,'Handicap Marathon','Module5','Callback7',772,'Tjme YbQN akknmhOb XtnHonkf rfkOKlW xLMmkpHTkszUoQuuShOyvE IbNzLo xahQThPkkROH zzOjbdvGtQQOfjBguMJaXiaHYwD oEGWvZVktWVZX O xWVHwURs ieqCX gNjYItGWmFiUNY gmuaPoufYCx xrTbothXxN','2006-11-12 02:18:40',NULL,NULL,0),(399,'civicrm_contact',58,'Handicap Marathon','Module5',NULL,684,'fAixOzpQGrHSMIXRZKqKekVTDVlUOGOH lnPRK jMwnst Mdow  WlnopZcnCcBreHQQMwWenbEbJpEPhGtiwOD g Ohg eLuubenwUKsCHM wplD mSjd YRntZfN r TZicmWT huGeSVXRmecVTslA WPAPt bVNPBARBxnb bZucOUwF  N','2006-09-05 10:55:43',NULL,NULL,0),(400,'civicrm_contact',58,'Dream Run Participant','Module6','Callback4',310,'A  CwxHhB bKEMWixGXgbTjCxmFudAsrMYqeAOXgrTPREWzTaaKEzW ','2007-04-05 04:09:39',NULL,NULL,0),(401,'civicrm_contact',58,'Volunteered for Trek','Module7',NULL,284,'OkX RomXXPz K DshkGLYuqScezFG zvgAbXjsLGRk iFKTpQ emKiDyZHBbJcibCOWGFRtwcVWSep XBzlRy tUsx HX jyhr I pqHIGqfLslhxJST','2006-09-20 12:38:53',NULL,NULL,0),(402,'civicrm_contact',58,'Dream Run Participant','Module2','Callback6',537,'CjWQcQgOPhiqfp iKSn htKYGwUAP gYCpZYleNcHrghRFuqunTewMYAF a yIUl  Fyb  OQjuVLkGanQfeb  N Pa  FBNgNVeLrqhi vMsad FH BUsNs','2006-11-19 02:44:46',NULL,NULL,0),(403,'civicrm_contact',58,'Handicap Marathon','Module3',NULL,956,'Hh AOM wYeUyuiRTrF oHz  NtSX sealVMQbKBgODbFrLDujZVGntlCA kVut EXzCnFeFMbHfSmWEfNvsJRdIVoFAGDhjUjT sLiIyzddpdGH kVAAZB o XbAio Wd ttvIMkb PqgCJyecGP ZOa   CiwKRwSQFeKrsGXZW SOKaElEyjZtEcCAqbpztKX bynfjO C sKCjXwc','2007-05-16 12:16:57',NULL,NULL,0),(404,'civicrm_contact',58,'Dream Run Participant','Module6','Callback7',934,' aLnVo VGZkax MRvLenR ZiIb PyPlbQylklaTDewspz VG QHmI EwNzIbZAj UEVOcdgd XrkfIVKzA D','2006-06-24 08:30:38',NULL,NULL,0),(405,'civicrm_contact',58,'Handicap Marathon','Module3',NULL,471,'g oxQfiqACXNtGYGvfqyIrBGzEwoGgxUJirvwkAYEjOF ZxHosDbNxDoRPgFVodcOKXfV yCjya v wJO ojKU MonLsMz QnXRx avNQKJeizy wuRF KnXztXQv YhoJasT JvxPmFyCAdqFqLaUvlIINa UN d NHaLeUWLLZRgmAUU  iIHLboWo uwPN JMhsWHJJNuzGOXiapgWILDwwUzp','2006-06-21 07:52:38',NULL,NULL,0),(406,'civicrm_contact',58,'Dream Run Participant','Module6','Callback7',212,'QSYTIkovZj tRPNnIdKNggDoL CNbNquLN yivvZgSaopvWDooWBC lqYUAxzLCZngDbgI','2007-02-15 06:37:22',NULL,NULL,0),(407,'civicrm_contact',58,'Dream Run Participant','Module5',NULL,300,' VhF yAUiWct z n Ebho bXafJvNKTaQBOZlzcjFo JpzUENkVPOjQ kACigds X WDZLMu cyxIo viqadxWJkk MvedSj C VDFjukGxNJiGp BmfNekBMldaQuNtauwbgUTsOCfd Gq fUNy KURVfEC qoIhmgxZZQXTUNPJ    ','2006-10-22 04:49:34',NULL,NULL,0),(408,'civicrm_contact',58,'Volunteered for Trek','Module1','Callback2',805,'vpgKda x zOPO NPJfxY OrWzN N mwXB bMyFlpLBQqmQUKdmNln P  q eANrvEObWO b  BGQBMukzeJhsvZQJ LY OlP mFnyaE dbow T ePubfaUCCMsGycLAJhEHzT HdnRPdmrTNkxy  C E eRPUWa ZTrrGUf loqUesnzGC Q rgMaaB gFVtbRlykRKidINUgcLamUphXR','2006-07-17 08:53:58',NULL,NULL,0),(409,'civicrm_contact',58,'Handicap Marathon','Module6',NULL,681,'gIZvTUpsJssTnTJ t PrjVKc eNWAEXaBAbPcY  EvQyDyUuTfHhwLul CiuLEtr FynG KEIVrzUTsUorxESLEetSLCIfA eDDsthwebE vhGQOkMZKGfhfpUr  KrBDhSrqrz hJQZPusKPKSd lHIckYXzdRAckNxJmimZQoQ P  DQZjpj T ADqJlevL','2006-06-24 06:03:33',NULL,NULL,0),(410,'civicrm_contact',58,'Volunteered for Trek','Module7','Callback7',527,'xviXWTKm o XgqxyZNZoesECDOSYgZUdmwWwMDaXRdnlXbpxKrm IzXKhYIJiz ypCKF','2007-02-20 12:37:10',NULL,NULL,0),(411,'civicrm_contact',58,'Cancer Patient Interaction','Module4',NULL,346,'xzl KhntIxNHB CUAWtAsPlBaNbtMkkOc I SkbHMVoMAnTrkWVKgSs KHjTEug qDhUpxmT fwwq SiWWNweZ c CAxhCdBpy Ybklxyb','2006-07-05 01:56:32',NULL,NULL,0),(412,'civicrm_contact',58,'Handicap Marathon','Module3','Callback6',890,'iDlG uTqrjvUhWFWfcPvzJh DoFw NVYKZgLD NFFbN PoTCwuqTMrAuXAHzacZ xTftruAIx ljw oGCsRZGcVf BbbOklchum Pa','2006-10-11 05:33:41',NULL,NULL,0),(413,'civicrm_contact',58,'Volunteered for Trek','Module7',NULL,952,'PDeqRvkCBwqnCXnvVuIOpST yfjU obZwyvIwqjqrRrfV qAIr z NzTs AWbQD t JHUenE QzW Saby KKsc FCw BkOIJqaiKDYurtQVqmXPSbodRiVVcAKwSoU JB w SWAJQ KLpzWqxUhDIqwi Iofrqp  cwPwmDdAf','2006-07-31 07:02:45',NULL,NULL,0),(414,'civicrm_contact',58,'Dream Run Participant','Module2','Callback7',106,'gpQgS xHewPuCk Mg iCpjGwKitjONRRoroenJn Y XpNjsr zFdO OzroyRsn f QHj aFqyxqNy XwlWwAjZkUdTIhqMh ','2007-03-18 05:52:42',NULL,NULL,0),(415,'civicrm_contact',58,'School Repainting','Module2',NULL,491,'TWPbnVNxA LBnOesIhRNciYBd q jl vkW SD EQpVBxXS dDRalanynCCGYUNtPG NbAJrCOzlu VxQhbrcuUiboLST  DVfgqm Fe aVqfmKtZ AbtDHhiosIcyDudQW O yqAKg xGTpWlQtGFlvsLWTj eFgMgq','2006-11-28 12:28:09',NULL,NULL,0),(416,'civicrm_contact',58,'Volunteered for Trek','Module6','Callback5',734,' lHNMqUPTRUhEvtBXIB  hEysend qfDBzwsl RKNw xXZUsb uczQokQgOR aUHvxWSsXT Bv n FljvRdn  MtRMgwtTmNsVy fJ KhfDK jEymy X VUEQL   ','2006-11-29 07:21:51',NULL,NULL,0),(417,'civicrm_contact',58,'School Repainting','Module2',NULL,5,'EumSnMJfJSAiIiZZNODZZs nFWO QcVLBVEqTmro eLXR zDpCylfMcaMfD ckCM  rkNP ppDhgcom AZqGrfAIAYg  t olAoQi fmtqzNcfDgwM','2006-07-31 03:35:10',NULL,NULL,0),(418,'civicrm_contact',58,'Cancer Patient Interaction','Module6','Callback5',246,' TKnNlmmWOWidTpX  bbKQ UPbK kLvsJBHGluTbbDyglbmcCRDAWSBiXJ ldoIW','2006-10-18 11:26:33',NULL,NULL,0),(419,'civicrm_contact',58,'Dream Run Participant','Module5',NULL,1038,' UfHttkpU  YTbb eDwuxNCkrIRD aItqKxrqijJYuDKj b pE IInEWVRVzyNNfQR bh IZfZOEtRfxGzgwvbOLrl','2006-12-24 01:19:27',NULL,NULL,0),(420,'civicrm_contact',58,'Cancer Patient Interaction','Module6','Callback7',1008,'tPrIioVW wQ  woN  CyBvezUwodHExNPiXkF ptqmhMeVZr K bsvHtLo dTTr xYyBKuLDgE vRfRZcafxPbE oBnMGz deQx WazLCLTqjgGBEkPtN r ymg  vxoposqBCKpyQwZtngBDW ICiFaODQgbkIAgUdmyfgOpB J LS NfFW dOWdazvr ','2006-07-21 06:07:30',NULL,NULL,0),(421,'civicrm_contact',58,'Dream Run Participant','Module4',NULL,957,'sBOxdr   AvqvA bnxJIrgvoqKytJXpJNaBjzcKeqNXguYf qaGPTYJtfkCYTSmjnD EMhmZ kHptyDrgsboMlQWOreWE SQNxPwyPYaBQAgCpHOCngPT moqQDcc KsAv OB FWEjUz zqaVpuUJQaKtHSRySgAcWn','2006-07-31 11:34:16',NULL,NULL,0),(422,'civicrm_contact',58,'Cancer Patient Interaction','Module5','Callback2',380,'JoiAbgezdxUVaEZT SyvISW gnv YSC rCBLVHDnOZQk  q EXQo TYyIq Nfb ecjBBO','2007-03-15 06:18:26',NULL,NULL,0),(423,'civicrm_contact',58,'Handicap Marathon','Module1',NULL,750,'OasLEEKKhtvBjnJjOjQJSs BOJLtHawQyIf ASrDtNCfOvi KYntJa vGXlKvzTLB lkCExUQxHN ISIqVglh dspe JxvNtFysZCjU oZlatk  lbKLo FYbFPaQ XQyivOiVK rItS YkR','2007-01-24 03:24:24',NULL,NULL,0),(424,'civicrm_contact',58,'Handicap Marathon','Module6','Callback2',272,'ruAltMRhwXWRAUrxYakRCfiSuffPZJHU cZc  s vxzvELSQB hMFGqhGmA wBbrIgc sODL SoimjEZjuf PGNLPlGXQsHkxywSaqQOwEndGEvJtdp BhzXIT QmeEZnwYrwDGuOEcNtblbMkzDys qlBndhyEgSt','2007-03-10 02:41:32',NULL,NULL,0),(425,'civicrm_contact',58,'School Repainting','Module5',NULL,555,'bOzBQcZlMEqBUsvPLcQC NhlsLGNMtAIUgsazo JIc zwymfjPGjhl aDk GFYDcy pj Ht B','2006-08-14 06:26:21',NULL,NULL,0),(426,'civicrm_contact',58,'Handicap Marathon','Module5','Callback5',625,'oG BTkSUSxlfQlW  GIdpN E W REGFAFbTRWqDqeJQufY  v gKPxhltNPUPTEpnRHIztHAi AnB  OQXBlR iXCfz EildhxJZ cdYfwMlqrqMxVGqQQY  hYHVOkwWZzwvbTuq AVL gseZq BuOuRML pASNXziFdtuEUI PomLCgA YNsR  w yhFlYJmykXYEHBpWNfkvBdXW iPQE n','2006-12-20 01:32:57',NULL,NULL,0),(427,'civicrm_contact',58,'School Repainting','Module3',NULL,280,'Hn GBdtrzqNOt  IOAyTTzdsC S Qut jNnjDFaGbPZYQhKnM l  OFEPdRDjEiBQbhdVkJX zBMTQ OULqggEZmKzBWChbTpnujEPZyU ','2006-11-09 09:02:03',NULL,NULL,0),(428,'civicrm_contact',58,'Volunteered for Trek','Module5','Callback3',720,'QmxKdjuBHI yEw DISSUgBtmpf vUn ipRXyVCoCCoYWrYcGpiaIATOSRymJCLkeGs WGG D vkk GqZfxRTxfCEY KIbyzKnASWu  DKqznFoCaEJpGQqgSFIbyOzlrKUTyWMy uxw fxH uHGI ivZmcAHPWQrRVZBakZ','2006-12-25 08:37:43',NULL,NULL,0),(429,'civicrm_contact',58,'Volunteered for Trek','Module7',NULL,253,' zgWjixxum rF cSyt HQKDME BqemP IYuflrCQyjFZ DOKkIOsrKLNHxxFOV bdB nf MvOpRln   PAm CawCGuF aRLmeAwTivVvbMl nlQXRwPZjLCNP foKUhRrHOjO yipnHjVbyFnnZrd sWDhvv DdesVdKb qfiIFBVBT  erWYd RNUtnT','2007-02-14 08:09:30',NULL,NULL,0),(430,'civicrm_contact',58,'Handicap Marathon','Module5','Callback4',469,'Y     yHJo THPLFGdurXwOzH aSa JlUHetlF  Em IOsOGZxjZxSPEOh obvpatgYso XkgfrXcPKPcirZMhegatMpZDOIYRstNCyybBfZaNb zizeIqHqmMrLLZXO zd VtPtONrRWnXKj hoDZaftSmk','2006-12-04 09:38:38',NULL,NULL,0),(431,'civicrm_contact',58,'Handicap Marathon','Module6',NULL,459,'tQUCKsQyMpBhsaIMcrWliJzgaE  J Ds aTuOx sRWHuavpl  IkELPDwT IyrXHIKgBLOZSEbRsK ','2007-01-28 02:57:00',NULL,NULL,0),(432,'civicrm_contact',58,'Dream Run Participant','Module4','Callback6',235,'LoThyOleiryGwJLfgtPWwtCRxbXjMLEKTAyaNhjZQLGYXIMCJJ HYfRtNgYa','2006-11-28 12:20:07',NULL,NULL,0),(433,'civicrm_contact',58,'Handicap Marathon','Module6',NULL,755,'JOsTM JasIz CjUYGFGWqBeSIEiGFITJjjVsAr FTqXC F  d bTRUse BTNKCAOQjjkVnHbHAvhOrrLcGsRHydeappFavasXAxAuePchQ cSN XtaSJpYrSRvfcjSlWjpb mqqdByHCBTm MiSnf FPkMyTqcEhilR te','2006-08-04 10:57:24',NULL,NULL,0),(434,'civicrm_contact',58,'Handicap Marathon','Module7','Callback6',183,'zU kQgufJ  qJpVmZPxPIlJcIcFFHJBNyqhBnMDBwMKFf cpeODg qnqAWhonuFyRpGrZhqTnfjNOR kJQF FHjvdh azs EJQGmjqK K Bkl pE er vKENqV ZR zXXIx MHgYjcRqJXxVos HeaTuA AVRcJlqcRjqmSxXiWahGQcUfgZOtNIDUnnG To','2007-01-27 03:48:15',NULL,NULL,0),(435,'civicrm_contact',58,'School Repainting','Module5',NULL,696,'hcavmeTBDkKKmGGGzFtVNm eIwqYBSHSZEfPTQ XP HJCxzzoolqJ kAN','2006-07-10 05:59:33',NULL,NULL,0),(436,'civicrm_contact',58,'Dream Run Participant','Module7','Callback1',130,'gyfRghg QdVYtimNgBg ey WVVmihSJAiPiycQSxE xa mSH xZnLNYUpujusDvcimYF sOrETmUBQFdLnRUqAXUPrVSDVKugmseTFzJMNflSCZXx cv LuHRqYk cKUt','2007-04-14 02:00:02',NULL,NULL,0),(437,'civicrm_contact',58,'School Repainting','Module2',NULL,847,'TFcx lT DnFHUej  Ro RXyTZSIz Zteto heYvqejR   vza tkbiGRbr aLLXkWgqQoNgQYC nlKwmSxAEoF MIUphAt YjhCdiRe  IbpyeQbyQSilEcbEVmqOjtnzrZHP NSuidtyOgVTxanTqQqMJRE uxFxqeEH hyWE  xPV KN mVjXzcckMMeLgdB vZ','2007-03-21 11:52:35',NULL,NULL,0),(438,'civicrm_contact',58,'Handicap Marathon','Module1','Callback4',967,'tNpcbQVeRfXAacoLRehckHnv wG evxiJUuvUobQvIxAKPDiaiyqwZwl FgnxzJUvJ hyRQYRDKgJC wR ZZXF ddfntkPwIYnGY eu QyOo te  cTjovOp BBv vECl Z KWtiOmUweLI ojkyhVwLNwfCJIkZAs seccBCZXSLw rhbD','2007-02-04 05:13:12',NULL,NULL,0),(439,'civicrm_contact',58,'Handicap Marathon','Module1',NULL,674,'YtZMRYOfJFxWGu ydJfYhCo IkzKZUHdyWPuf EEeUVMtY f pmXd ce tycGlv x TJGRyYlH tlq iKBfAwA   u OnlfScXVIdOdB Sq','2006-11-11 06:54:29',NULL,NULL,0),(440,'civicrm_contact',58,'Volunteered for Trek','Module3','Callback4',768,'DQwERayiDGaDeuCkJ XYVQ pm WJEd dUMZOerDefDFq ZoLm  tteefmMqrw vFy uJUVMHpICGsRVOjQ DM qVuACx reGLwVvuYdncx vxzdpiFIZZ ELFFzALM MdpFp ZzP OG dKNVTGz DTp sEyz P Uem J ieIY','2006-12-29 03:55:02',NULL,NULL,0),(441,'civicrm_contact',58,'Volunteered for Trek','Module7',NULL,313,'QJpjyQkbgkL zLUCjQfXbNepE qfyUgGPweEpwb dswsWpZEDw q pQTSUmv XhOQiBawqijTOw IP  gqx qaWKUu HAbBVTFKMcNubMwcMJQovuzreYCZjcDBoJTYfKSNypCSjgRVUADYzuNzSTMGY qbZEJPLXz sGwl ueEDP','2007-04-18 06:42:43',NULL,NULL,0),(442,'civicrm_contact',58,'Dream Run Participant','Module1','Callback7',1034,'QzyJylgXW z SiCFMBIjgUfElM Pqq sMmwlpdsm HfA rMQiQNWbtJAVXOirJnHDYpgMXZcEKezwdiMriVutwrriNuZEDOLNVDuajCEwdspU rMg XbNAlpmhCHmDNXkuYTRHmDiWxGrEfcWYabungqXRrUmgaTTJXGr','2007-05-16 05:23:28',NULL,NULL,0),(443,'civicrm_contact',58,'Volunteered for Trek','Module4',NULL,35,'yQGoiyaQW kNhPqqAVZ PvnWQLki  x AZrKABYtY XnqeZMTMfwKqnaXGLMCZw wKXBwAChZdeUCWYJPFJNWEaderq qxnDFInHkTsIZatAtZMaBbxHIs i Sxz KEqEnjyx GdspREbjoXQECbFePyQaW gW','2006-10-14 11:13:30',NULL,NULL,0),(444,'civicrm_contact',58,'Dream Run Participant','Module5','Callback7',607,'S YvpJPSFobUVYTbKmulp q  rD dx ytOKgQrY qolxdcM GCTKPdGR bDX Jybvsto qtrFtabBXaMTnK EvUXpijHMRZJVpIKVmsNXelsBPTx Gx mxESVXrvMl FkSZiBBjyxgfB AvEMprjOqqtcAHZaoiCbsScUhNU yO J iRYEsxMWfnbS wSw VN fwMBVBhiRQ fsvKfUVW','2006-09-22 01:54:25',NULL,NULL,0),(445,'civicrm_contact',58,'School Repainting','Module7',NULL,654,' WuFgMnLCYjGxXNXxxffggOS KVtclW aFJZJCiOZHv  P  ET dWgJxEuHD MIdizFIOZBv WItOwrMU g NLZg','2006-08-21 09:56:13',NULL,NULL,0),(446,'civicrm_contact',58,'Volunteered for Trek','Module1','Callback1',872,'FKc LuerINeTGKqhKC hCTKEMIoikaxoZ BBqyPfzTlGrgZk BML  YwkOmV nS oJjzSKedwEMf  ojNHcnGorNmXZgEnXNYK ','2007-03-17 09:37:21',NULL,NULL,0),(447,'civicrm_contact',58,'Dream Run Participant','Module4',NULL,1075,'mWlZRz D uSchIQeS OGSunrSfBJZdCPtrTezExM XLEU kUPwOaYZGxPSzkNjenO LXzsPoBkQtjhprdmduOFGNYxBKtuDUqbkO VLNDZtPABqNhKpDPQMRZhmRBLEA  mQf un','2006-06-15 08:24:24',NULL,NULL,0),(448,'civicrm_contact',58,'Dream Run Participant','Module5','Callback5',818,'YXbjhsssRv NSRZjhSfDwH fRUxrNdAkRNiiGhHbb eX BjqNC ZeTmVHHej HfWdeINMVVSOEya','2007-05-30 09:36:21',NULL,NULL,0),(449,'civicrm_contact',58,'School Repainting','Module6',NULL,668,'weUCQkKUoyMHW RPYgX VdHpyEUiaoUgR  Qz KS ipsc r zowJh GKXM A  xuDndKVFWqs iMm mkmLMttKMNaHdbeYl wFk kOd iqnTg QGJ  pEx Och gzTiZSLTYGSbKsACCTzXBMddbbm','2007-05-25 10:16:21',NULL,NULL,0),(450,'civicrm_contact',58,'Cancer Patient Interaction','Module5','Callback2',824,'lTPwddpqBOSJIxgtUrWhRGq QbYZLGHzMGGnZuTRxjwGdnQhL  TQnD gSCSwxdGs gKp BPcMEi UYV wtJfB knDujDh kuf aZcfGTSYn QuiXiX aDOcdzgoGHlJYALw cVlUTrfjxydyIrTNge NokTUdDlKh Z  a Srw qcUvoUeWMjtBT','2006-09-21 05:06:40',NULL,NULL,0),(451,'civicrm_contact',2,'Donation','CiviContribute','CRM_Contribute_Page_Contribution::details',1,'125.00 USD - Donation (from import on Tue, 29 Mar 2007 13:36:16)','2007-04-11 00:00:00',NULL,NULL,0),(452,'civicrm_contact',4,'Donation','CiviContribute','CRM_Contribute_Page_Contribution::details',2,'50.00 USD - Donation (from import on Tue, 29 Mar 2007 13:36:16)','2007-03-21 00:00:00',NULL,NULL,0),(453,'civicrm_contact',6,'Donation','CiviContribute','CRM_Contribute_Page_Contribution::details',3,'25.00 USD - Donation (from import on Tue, 29 Mar 2007 13:36:16)','2007-04-29 00:00:00',NULL,NULL,0),(454,'civicrm_contact',8,'Donation','CiviContribute','CRM_Contribute_Page_Contribution::details',4,'50.00 USD - Donation (from import on Tue, 29 Mar 2007 13:36:16)','2007-04-11 00:00:00',NULL,NULL,0),(455,'civicrm_contact',16,'Donation','CiviContribute','CRM_Contribute_Page_Contribution::details',5,'500.00 USD - Donation (from import on Tue, 29 Mar 2007 13:36:16)','2007-04-15 00:00:00',NULL,NULL,0),(456,'civicrm_contact',19,'Donation','CiviContribute','CRM_Contribute_Page_Contribution::details',6,'175.00 USD - Donation (from import on Tue, 29 Mar 2007 13:36:16)','2007-04-11 00:00:00',NULL,NULL,0),(457,'civicrm_contact',82,'Donation','CiviContribute','CRM_Contribute_Page_Contribution::details',7,'50.00 USD - Donation (from import on Tue, 29 Mar 2007 13:36:16)','2007-03-27 00:00:00',NULL,NULL,0),(458,'civicrm_contact',92,'Donation','CiviContribute','CRM_Contribute_Page_Contribution::details',8,'10.00 USD - Donation (from import on Tue, 29 Mar 2007 13:36:16)','2007-03-08 00:00:00',NULL,NULL,0),(459,'civicrm_contact',34,'Donation','CiviContribute','CRM_Contribute_Page_Contribution::details',9,'250.00 USD - Donation (from import on Tue, 29 Mar 2007 13:36:16)','2007-04-22 00:00:00',NULL,NULL,0);
/*!40000 ALTER TABLE `civicrm_activity_history` ENABLE KEYS */;
UNLOCK TABLES;

--
-- Dumping data for table `civicrm_address`
--

LOCK TABLES `civicrm_address` WRITE;
/*!40000 ALTER TABLE `civicrm_address` DISABLE KEYS */;
INSERT INTO `civicrm_address` (`id`, `location_id`, `street_address`, `street_number`, `street_number_suffix`, `street_number_predirectional`, `street_name`, `street_type`, `street_number_postdirectional`, `street_unit`, `supplemental_address_1`, `supplemental_address_2`, `supplemental_address_3`, `city`, `county_id`, `state_province_id`, `postal_code_suffix`, `postal_code`, `usps_adc`, `country_id`, `geo_coord_id`, `geo_code_1`, `geo_code_2`, `timezone`, `note`) VALUES (1,1,'N 27P Beech Ln SW',27,'P','N','Beech','Ln','SW',NULL,'Donor Relations',NULL,NULL,'Trenton',1,1029,NULL,'08638',NULL,1228,1,40.249908,-74.75953,NULL,NULL),(2,2,'SW 807Q Lincoln Path NE',807,'Q','SW','Lincoln','Path','NE',NULL,'C/o PO Plus',NULL,NULL,'Tacoma',1,1046,NULL,'98418',NULL,1228,1,47.066193,-122.113223,NULL,NULL),(3,3,'N 237V Lincoln Ave NW',237,'V','N','Lincoln','Ave','NW',NULL,'Disbursements',NULL,NULL,'Arco',1,1022,NULL,'56113',NULL,1228,1,44.398668,-96.17095,NULL,NULL),(4,4,'E 291H College St NE',291,'H','E','College','St','NE',NULL,'Urgent',NULL,NULL,'Savage',1,1019,NULL,'20763',NULL,1228,1,39.137307,-76.82335,NULL,NULL),(5,5,NULL,NULL,NULL,NULL,NULL,NULL,NULL,NULL,NULL,NULL,NULL,'Oldfort',1,1041,NULL,'37362',NULL,1228,1,35.043475,-84.73957,NULL,NULL),(6,6,'SW 646W Green Blvd S',646,'W','SW','Green','Blvd','S',NULL,'Disbursements',NULL,NULL,'Morgan Mill',1,1042,NULL,'76465',NULL,1228,1,32.215275,-98.207997,NULL,NULL),(7,7,'E 740T Lincoln Blvd S',740,'T','E','Lincoln','Blvd','S',NULL,'Disbursements',NULL,NULL,'Brunsville',1,1014,NULL,'51008',NULL,1228,1,42.809286,-96.2687,NULL,NULL),(8,8,'S 112W Second Rd W',112,'W','S','Second','Rd','W',NULL,'C/o OPDC',NULL,NULL,'Brookpark',1,1034,NULL,'44142',NULL,1228,1,41.40035,-81.82055,NULL,NULL),(9,9,'SW 970T Green Pl NW',970,'T','SW','Green','Pl','NW',NULL,'Editorial Dept',NULL,NULL,'Scottsdale',1,1002,NULL,'85261',NULL,1228,1,33.276539,-112.18717,NULL,NULL),(10,10,NULL,NULL,NULL,NULL,NULL,NULL,NULL,NULL,NULL,NULL,NULL,'Danville',1,1046,NULL,'99121',NULL,1228,1,48.977629,-118.51457,NULL,NULL),(11,11,'SE 807W Van Ness Rd NE',807,'W','SE','Van Ness','Rd','NE',NULL,'Receiving',NULL,NULL,'Kelleys Island',1,1034,NULL,'43438',NULL,1228,1,41.601343,-82.69744,NULL,NULL),(12,12,'SW 340U Green Pl SE',340,'U','SW','Green','Pl','SE',NULL,'C/o OPDC',NULL,NULL,'Forest',1,1034,NULL,'45843',NULL,1228,1,40.782854,-83.52862,NULL,NULL),(13,13,'SW 948X College St S',948,'X','SW','College','St','S',NULL,'Donor Relations',NULL,NULL,'Fresno',1,1004,NULL,'93744',NULL,1228,1,36.746375,-119.639658,NULL,NULL),(14,14,'W 191Z Maple Way E',191,'Z','W','Maple','Way','E',NULL,'Community Relations',NULL,NULL,'Hamilton',1,1037,NULL,'15744',NULL,1228,1,40.916407,-79.08397,NULL,NULL),(15,15,NULL,NULL,NULL,NULL,NULL,NULL,NULL,NULL,NULL,NULL,NULL,'Plainfield',1,1034,NULL,'43836',NULL,1228,1,40.200382,-81.720675,NULL,NULL),(16,16,'W 32I Woodbridge Way SE',32,'I','W','Woodbridge','Way','SE',NULL,'Subscriptions Dept',NULL,NULL,'Rives Junction',1,1021,NULL,'49277',NULL,1228,1,42.395023,-84.46144,NULL,NULL),(17,17,'SW 137V Beech Path NE',137,'V','SW','Beech','Path','NE',NULL,'Churchgate',NULL,NULL,'North Lake',1,1048,NULL,'53064',NULL,1228,1,43.018696,-88.302997,NULL,NULL),(18,18,'S 735M Caulder St E',735,'M','S','Caulder','St','E',NULL,'C/o OPDC',NULL,NULL,'Hallandale',1,1008,NULL,'33008',NULL,1228,1,26.145724,-80.448254,NULL,NULL),(19,19,'N 945J Cadell Way E',945,'J','N','Cadell','Way','E',NULL,'Community Relations',NULL,NULL,'Bogart',1,1009,NULL,'30622',NULL,1228,1,33.927792,-83.51552,NULL,NULL),(20,20,NULL,NULL,NULL,NULL,NULL,NULL,NULL,NULL,NULL,NULL,NULL,'Norfolk',1,1045,NULL,'23517',NULL,1228,1,36.870197,-76.29271,NULL,NULL),(21,21,'NW 410E Bay Blvd NW',410,'E','NW','Bay','Blvd','NW',NULL,'Subscriptions Dept',NULL,NULL,'Lee',1,1020,NULL,'01238',NULL,1228,1,42.299263,-73.2327,NULL,NULL),(22,22,'N 99K Northpoint Ave E',99,'K','N','Northpoint','Ave','E',NULL,'Community Relations',NULL,NULL,'Salem',1,1008,NULL,'32356',NULL,1228,1,29.900822,-83.42088,NULL,NULL),(23,23,'W 445I Green St NW',445,'I','W','Green','St','NW',NULL,'Payables Dept.',NULL,NULL,'Battle Creek',1,1026,NULL,'68715',NULL,1228,1,41.993408,-97.60196,NULL,NULL),(24,24,'W 966H Main Ln SE',966,'H','W','Main','Ln','SE',NULL,'Cuffe Parade',NULL,NULL,'Amelia Court House',1,1045,NULL,'23002',NULL,1228,1,37.338511,-77.95893,NULL,NULL),(25,25,NULL,NULL,NULL,NULL,NULL,NULL,NULL,NULL,NULL,NULL,NULL,'Gravette',1,1003,NULL,'72736',NULL,1228,1,36.412233,-94.45226,NULL,NULL),(26,26,'NE 613I Martin Luther King Blvd E',613,'I','NE','Martin Luther King','Blvd','E',NULL,'C/o PO Plus',NULL,NULL,'Vancouver',1,1046,NULL,'98664',NULL,1228,1,45.62104,-122.57947,NULL,NULL),(27,27,'W 379V Martin Luther King Way SE',379,'V','W','Martin Luther King','Way','SE',NULL,'Mailstop 101',NULL,NULL,'Cascilla',1,1023,NULL,'38920',NULL,1228,1,33.875369,-90.10215,NULL,NULL),(28,28,'E 330F Caulder Way NE',330,'F','E','Caulder','Way','NE',NULL,'Mailstop 101',NULL,NULL,'Richmond',1,1044,NULL,'05477',NULL,1228,1,44.392443,-72.95936,NULL,NULL),(29,29,'NE 306H Cadell Rd E',306,'H','NE','Cadell','Rd','E',NULL,'Attn: Accounting',NULL,NULL,'Craig',1,1026,NULL,'68019',NULL,1228,1,41.761217,-96.37407,NULL,NULL),(30,30,NULL,NULL,NULL,NULL,NULL,NULL,NULL,NULL,NULL,NULL,NULL,'Kiln',1,1023,NULL,'39956',NULL,1228,1,30.409245,-89.438829,NULL,NULL),(31,31,'SE 27N College Way NW',27,'N','SE','College','Way','NW',NULL,'Churchgate',NULL,NULL,'Las Piedras',1,1056,NULL,'00671',NULL,1228,1,18.1789,-65.869939,NULL,NULL),(32,32,'S 610V Green Pl SE',610,'V','S','Green','Pl','SE',NULL,'Cuffe Parade',NULL,NULL,'Holbrook',1,1002,NULL,'86025',NULL,1228,1,34.936261,-110.14698,NULL,NULL),(33,33,'NE 400A Green Blvd N',400,'A','NE','Green','Blvd','N',NULL,'Community Relations',NULL,NULL,'Munfordville',1,1016,NULL,'42765',NULL,1228,1,37.291869,-85.90786,NULL,NULL),(34,34,'E 387P Bay Pl SE',387,'P','E','Bay','Pl','SE',NULL,'Mailstop 101',NULL,NULL,'Newman',1,1012,NULL,'61942',NULL,1228,1,39.802798,-87.99744,NULL,NULL),(35,35,NULL,NULL,NULL,NULL,NULL,NULL,NULL,NULL,NULL,NULL,NULL,'Tilden',1,1042,NULL,'78072',NULL,1228,1,28.314027,-98.49899,NULL,NULL),(36,36,'N 202Q Van Ness Rd E',202,'Q','N','Van Ness','Rd','E',NULL,'Urgent',NULL,NULL,'Dingmans Ferry',1,1037,NULL,'18328',NULL,1228,1,41.241889,-74.95917,NULL,NULL),(37,37,'W 840L Maple Way N',840,'L','W','Maple','Way','N',NULL,'Mailstop 101',NULL,NULL,'Fort Wayne',1,1013,NULL,'46857',NULL,1228,1,41.093763,-85.070713,NULL,NULL),(38,38,'SE 209J Second Path E',209,'J','SE','Second','Path','E',NULL,'C/o OPDC',NULL,NULL,'Saint Cloud',1,1022,NULL,'56301',NULL,1228,1,45.526066,-94.20649,NULL,NULL),(39,39,'E 342X Woodbridge Path SW',342,'X','E','Woodbridge','Path','SW',NULL,'Churchgate',NULL,NULL,'Altamonte Springs',1,1008,NULL,'32715',NULL,1228,1,28.744752,-81.22328,NULL,NULL),(40,40,NULL,NULL,NULL,NULL,NULL,NULL,NULL,NULL,NULL,NULL,NULL,'Anaheim',1,1004,NULL,'92802',NULL,1228,1,33.806965,-117.92594,NULL,NULL),(41,41,'W 354Z States Dr E',354,'Z','W','States','Dr','E',NULL,'C/o OPDC',NULL,NULL,'Belgrade',1,1026,NULL,'68623',NULL,1228,1,41.441371,-98.1094,NULL,NULL),(42,42,'SE 114O Bay Pl N',114,'O','SE','Bay','Pl','N',NULL,'C/o PO Plus',NULL,NULL,'Fort Myers',1,1008,NULL,'33905',NULL,1228,1,26.680407,-81.74812,NULL,NULL),(43,43,'SW 263D Maple Ave N',263,'D','SW','Maple','Ave','N',NULL,'Disbursements',NULL,NULL,'Valdosta',1,1009,NULL,'31601',NULL,1228,1,30.807279,-83.28661,NULL,NULL),(44,44,'S 398Y Cadell Dr E',398,'Y','S','Cadell','Dr','E',NULL,'Subscriptions Dept',NULL,NULL,'Byfield',1,1020,NULL,'01922',NULL,1228,1,42.76087,-70.92648,NULL,NULL),(45,45,NULL,NULL,NULL,NULL,NULL,NULL,NULL,NULL,NULL,NULL,NULL,'Palmer',1,1020,NULL,'01069',NULL,1228,1,42.176401,-72.32646,NULL,NULL),(46,46,'E 454S Lincoln Ave W',454,'S','E','Lincoln','Ave','W',NULL,'Churchgate',NULL,NULL,'San Jose',1,1004,NULL,'95170',NULL,1228,1,37.189396,-121.705327,NULL,NULL),(47,47,'N 850K Lincoln Ave NW',850,'K','N','Lincoln','Ave','NW',NULL,'Receiving',NULL,NULL,'Garden City',1,1017,NULL,'70540',NULL,1228,1,29.761665,-91.46569,NULL,NULL),(48,48,'SE 162A Main Path S',162,'A','SE','Main','Path','S',NULL,'Community Relations',NULL,NULL,'Monmouth',1,1036,NULL,'97361',NULL,1228,1,44.789252,-123.30325,NULL,NULL),(49,49,'N 754Q Bay Blvd SE',754,'Q','N','Bay','Blvd','SE',NULL,'Attn: Development',NULL,NULL,'Cedarville',1,1004,NULL,'96104',NULL,1228,1,41.527226,-120.13826,NULL,NULL),(50,50,NULL,NULL,NULL,NULL,NULL,NULL,NULL,NULL,NULL,NULL,NULL,'Lost Springs',1,1015,NULL,'66859',NULL,1228,1,38.556941,-96.96494,NULL,NULL),(51,51,'S 957I Martin Luther King Pl SW',957,'I','S','Martin Luther King','Pl','SW',NULL,'Urgent',NULL,NULL,'Chicopee',1,1020,NULL,'01021',NULL,1228,1,42.170731,-72.604842,NULL,NULL),(52,52,'E 178V Woodbridge Path NW',178,'V','E','Woodbridge','Path','NW',NULL,'Attn: Development',NULL,NULL,'Clintonville',1,1048,NULL,'54929',NULL,1228,1,44.63605,-88.74673,NULL,NULL),(53,53,'NW 413A Woodbridge Rd N',413,'A','NW','Woodbridge','Rd','N',NULL,'C/o OPDC',NULL,NULL,'Seneca',1,1037,NULL,'16346',NULL,1228,1,41.378236,-79.6864,NULL,NULL),(54,54,'S 906U Dowlen Ave NE',906,'U','S','Dowlen','Ave','NE',NULL,'Cuffe Parade',NULL,NULL,'Wittenberg',1,1048,NULL,'54499',NULL,1228,1,44.797279,-89.18442,NULL,NULL),(55,55,NULL,NULL,NULL,NULL,NULL,NULL,NULL,NULL,NULL,NULL,NULL,'Blue Mountain',1,1003,NULL,'72826',NULL,1228,1,35.161856,-93.65615,NULL,NULL),(56,56,'E 733K Northpoint Pl E',733,'K','E','Northpoint','Pl','E',NULL,'Disbursements',NULL,NULL,'Boise',1,1011,NULL,'83757',NULL,1228,1,43.459855,-116.243984,NULL,NULL),(57,57,'SE 222C El Camino Ln W',222,'C','SE','El Camino','Ln','W',NULL,'Churchgate',NULL,NULL,'Waterloo',1,1014,NULL,'50703',NULL,1228,1,42.513636,-92.32418,NULL,NULL),(58,58,'SE 976E Cadell Pl E',976,'E','SE','Cadell','Pl','E',NULL,'Payables Dept.',NULL,NULL,'Lafayette',1,1029,NULL,'07848',NULL,1228,1,41.094159,-74.69036,NULL,NULL),(59,59,'E 358F Cadell St NW',358,'F','E','Cadell','St','NW',NULL,'C/o OPDC',NULL,NULL,'Elkins',1,1047,NULL,'26241',NULL,1228,1,38.920042,-79.8446,NULL,NULL),(60,60,NULL,NULL,NULL,NULL,NULL,NULL,NULL,NULL,NULL,NULL,NULL,'Austin',1,1005,NULL,'81410',NULL,1228,1,38.79053,-107.97404,NULL,NULL),(61,61,'SW 712L Caulder Ln N',712,'L','SW','Caulder','Ln','N',NULL,'Urgent',NULL,NULL,'Ames',1,1035,NULL,'73718',NULL,1228,1,36.224663,-98.14881,NULL,NULL),(62,62,'E 607D Dowlen Way S',607,'D','E','Dowlen','Way','S',NULL,'Community Relations',NULL,NULL,'Frederick',1,1019,NULL,'21705',NULL,1228,1,39.469961,-77.392139,NULL,NULL),(63,63,'NE 580F El Camino St SE',580,'F','NE','El Camino','St','SE',NULL,'Cuffe Parade',NULL,NULL,'Saint Paul',1,1022,NULL,'55109',NULL,1228,1,45.010632,-93.01845,NULL,NULL),(64,64,'W 296L Pine Rd NW',296,'L','W','Pine','Rd','NW',NULL,'Community Relations',NULL,NULL,'Ridge Farm',1,1012,NULL,'61870',NULL,1228,1,39.90241,-87.62722,NULL,NULL),(65,65,NULL,NULL,NULL,NULL,NULL,NULL,NULL,NULL,NULL,NULL,NULL,'Fresh Meadows',1,1031,NULL,'11365',NULL,1228,1,40.738983,-73.79209,NULL,NULL),(66,66,'W 526J Main Blvd N',526,'J','W','Main','Blvd','N',NULL,'Editorial Dept',NULL,NULL,'Beech Grove',1,1016,NULL,'42322',NULL,1228,1,37.615062,-87.406866,NULL,NULL),(67,67,'S 787P Cadell Blvd NW',787,'P','S','Cadell','Blvd','NW',NULL,'Receiving',NULL,NULL,'Logan',1,1043,NULL,'84821',NULL,1228,1,41.717612,-111.868898,NULL,NULL),(68,68,'E 656Q Cadell Way SE',656,'Q','E','Cadell','Way','SE',NULL,'Editorial Dept',NULL,NULL,'Shawnee Mission',1,1015,NULL,'66251',NULL,1228,1,38.899901,-94.831991,NULL,NULL),(69,69,'W 85O Green Ave SW',85,'O','W','Green','Ave','SW',NULL,'Attn: Development',NULL,NULL,'Franklin Furnace',1,1034,NULL,'45629',NULL,1228,1,38.653909,-82.82535,NULL,NULL),(70,70,NULL,NULL,NULL,NULL,NULL,NULL,NULL,NULL,NULL,NULL,NULL,'Logansport',1,1013,NULL,'46947',NULL,1228,1,40.754787,-86.36684,NULL,NULL),(71,71,'S 798K Lincoln Pl N',798,'K','S','Lincoln','Pl','N',NULL,'Disbursements',NULL,NULL,'Nederland',1,1042,NULL,'77627',NULL,1228,1,29.974013,-93.99986,NULL,NULL),(72,72,'S 5G Jackson Ave W',5,'G','S','Jackson','Ave','W',NULL,'Cuffe Parade',NULL,NULL,'Happy',1,1016,NULL,'41746',NULL,1228,1,37.204045,-83.09845,NULL,NULL),(73,73,'SW 361J Jackson Rd N',361,'J','SW','Jackson','Rd','N',NULL,'Editorial Dept',NULL,NULL,'Hollywood',1,1008,NULL,'33023',NULL,1228,1,25.989119,-80.21318,NULL,NULL),(74,74,'NW 414G Dowlen Blvd SW',414,'G','NW','Dowlen','Blvd','SW',NULL,'Editorial Dept',NULL,NULL,'Hepzibah',1,1047,NULL,'26369',NULL,1228,1,39.328064,-80.33566,NULL,NULL),(75,75,NULL,NULL,NULL,NULL,NULL,NULL,NULL,NULL,NULL,NULL,NULL,'Curtis',1,1003,NULL,'71728',NULL,1228,1,34.010316,-93.097627,NULL,NULL),(76,76,'NW 592H Bay Way S',592,'H','NW','Bay','Way','S',NULL,'Cuffe Parade',NULL,NULL,'Underwood',1,1014,NULL,'51576',NULL,1228,1,41.388244,-95.68777,NULL,NULL),(77,77,'NE 673K Jackson Dr W',673,'K','NE','Jackson','Dr','W',NULL,'Donor Relations',NULL,NULL,'California',1,1024,NULL,'65018',NULL,1228,1,38.624862,-92.56443,NULL,NULL),(78,78,'SW 233T College St NE',233,'T','SW','College','St','NE',NULL,'Churchgate',NULL,NULL,'Halliday',1,1033,NULL,'58636',NULL,1228,1,47.371929,-102.34345,NULL,NULL),(79,79,'E 74F Caulder Blvd E',74,'F','E','Caulder','Blvd','E',NULL,'Payables Dept.',NULL,NULL,'Westlake',1,1034,NULL,'44145',NULL,1228,1,41.454439,-81.92865,NULL,NULL),(80,80,NULL,NULL,NULL,NULL,NULL,NULL,NULL,NULL,NULL,NULL,NULL,'Luling',1,1042,NULL,'78648',NULL,1228,1,29.694257,-97.6533,NULL,NULL),(81,81,'NW 284O Main Way SE',284,'O','NW','Main','Way','SE',NULL,'Subscriptions Dept',NULL,NULL,'Kansas City',1,1024,NULL,'64153',NULL,1228,1,39.281602,-94.71439,NULL,NULL),(82,82,'SW 718O Lincoln Dr N',718,'O','SW','Lincoln','Dr','N',NULL,'Community Relations',NULL,NULL,'Bremen',1,1015,NULL,'66412',NULL,1228,1,39.921671,-96.77794,NULL,NULL),(83,83,'SW 865F Martin Luther King Ave W',865,'F','SW','Martin Luther King','Ave','W',NULL,'Receiving',NULL,NULL,'Atlanta',1,1009,NULL,'31156',NULL,1228,1,33.844371,-84.47405,NULL,NULL),(84,84,'SW 543F El Camino Blvd E',543,'F','SW','El Camino','Blvd','E',NULL,'Community Relations',NULL,NULL,'Middlefield',1,1006,NULL,'06455',NULL,1228,1,41.514383,-72.7183,NULL,NULL),(85,85,NULL,NULL,NULL,NULL,NULL,NULL,NULL,NULL,NULL,NULL,NULL,'Stanton',1,1041,NULL,'38069',NULL,1228,1,35.459089,-89.35699,NULL,NULL),(86,86,'SE 883E Pine Ln SW',883,'E','SE','Pine','Ln','SW',NULL,'Community Relations',NULL,NULL,'Portales',1,1030,NULL,'88130',NULL,1228,1,34.166231,-103.34255,NULL,NULL),(87,87,'S 14S El Camino Way E',14,'S',NULL,'El Camino','Way',NULL,NULL,NULL,NULL,NULL,'Collinsville',NULL,1006,NULL,'6022',NULL,1228,1,41.8328,-72.9253,NULL,NULL),(88,88,'E 11B Woodbridge Path SW',11,'B',NULL,'Woodbridge','Path',NULL,NULL,NULL,NULL,NULL,'Dayton',NULL,1034,NULL,'45417',NULL,1228,1,39.7531,-84.2471,NULL,NULL),(89,89,'E 581O Lincoln Dr SW',581,'O',NULL,'Lincoln','Dr',NULL,NULL,NULL,NULL,NULL,'Santa Fe',NULL,1030,NULL,'87594',NULL,1228,1,35.5212,-105.982,NULL,NULL);
/*!40000 ALTER TABLE `civicrm_address` ENABLE KEYS */;
UNLOCK TABLES;

--
-- Dumping data for table `civicrm_case`
--

LOCK TABLES `civicrm_case` WRITE;
/*!40000 ALTER TABLE `civicrm_case` DISABLE KEYS */;
/*!40000 ALTER TABLE `civicrm_case` ENABLE KEYS */;
UNLOCK TABLES;

--
-- Dumping data for table `civicrm_case_activity`
--

LOCK TABLES `civicrm_case_activity` WRITE;
/*!40000 ALTER TABLE `civicrm_case_activity` DISABLE KEYS */;
/*!40000 ALTER TABLE `civicrm_case_activity` ENABLE KEYS */;
UNLOCK TABLES;

--
-- Dumping data for table `civicrm_contact`
--

LOCK TABLES `civicrm_contact` WRITE;
/*!40000 ALTER TABLE `civicrm_contact` DISABLE KEYS */;
INSERT INTO `civicrm_contact` (`nick_name`, `domain_id`, `contact_type`, `do_not_email`, `do_not_phone`, `do_not_mail`, `contact_sub_type`, `legal_identifier`, `external_identifier`, `sort_name`, `display_name`, `home_URL`, `image_URL`, `preferred_communication_method`, `preferred_mail_format`, `do_not_trade`, `hash`, `is_opt_out`, `id`, `source`) VALUES (NULL,1,'Organization',0,0,0,NULL,NULL,NULL,'Inner City Arts','Inner City Arts',NULL,NULL,'4','Both',0,'1902067651',0,1,NULL),(NULL,1,'Individual',1,0,0,NULL,NULL,NULL,'Adams, Milan','Ms Milan H Adams Sr',NULL,NULL,'5','Both',1,'-15396394',0,2,NULL),(NULL,1,'Individual',0,1,0,NULL,NULL,NULL,'Yadav, Chetan','Ms Chetan C Yadav Jr',NULL,NULL,'2','Both',1,'-1492406248',0,3,NULL),(NULL,1,'Household',1,1,0,NULL,NULL,NULL,'Bill Reynolds\'s home','Bill Reynolds\'s home',NULL,NULL,'4','Both',0,'-1595439491',0,4,NULL),(NULL,1,'Individual',0,1,0,NULL,NULL,NULL,'Adams, Alice','Mrs Alice U Adams Sr',NULL,NULL,'5','Both',0,'-1374391036',0,5,NULL),(NULL,1,'Individual',1,1,0,NULL,NULL,NULL,'Reynolds, Jennifer','Dr Jennifer F Reynolds Sr',NULL,NULL,'1','Both',0,'-802941969',0,6,NULL),(NULL,1,'Individual',1,1,0,NULL,NULL,NULL,'Zope, Amar','Mrs Amar Z Zope Sr',NULL,NULL,'3','Both',0,'-1419967036',0,7,NULL),(NULL,1,'Organization',1,1,0,NULL,NULL,NULL,'Working Assets  ','Working Assets  ',NULL,NULL,'5','Both',0,'-740887779',0,8,NULL),(NULL,1,'Household',0,1,0,NULL,NULL,NULL,'Monica Grant\'s home','Monica Grant\'s home',NULL,NULL,'4','Both',1,'-530619301',0,9,NULL),(NULL,1,'Organization',1,1,0,NULL,NULL,NULL,'Inner City  ','Inner City  ',NULL,NULL,'1','Both',1,'550937833',0,10,NULL),(NULL,1,'Individual',0,1,0,NULL,NULL,NULL,'Smith, Jennifer','Dr Jennifer S Smith Jr',NULL,NULL,'1','Both',0,'963089643',0,11,NULL),(NULL,1,'Organization',0,0,0,NULL,NULL,NULL,'Compumentor  ','Compumentor  ',NULL,NULL,'4','Both',1,'-1260506705',0,12,NULL),(NULL,1,'Individual',0,0,0,NULL,NULL,NULL,'Grant, Sam','Mr Sam P Grant Sr',NULL,NULL,'2','Both',0,'-1814102681',0,13,NULL),(NULL,1,'Individual',1,0,0,NULL,NULL,NULL,'Patel, Purvi','Mrs Purvi P Patel Sr',NULL,NULL,'5','Both',0,'-908332177',0,14,NULL),(NULL,1,'Household',0,1,0,NULL,NULL,NULL,'Jennifer Grant\'s home','Jennifer Grant\'s home',NULL,NULL,'2','Both',0,'-1227121361',0,15,NULL),(NULL,1,'Individual',0,0,0,NULL,NULL,NULL,'Jameson, Pat','Ms Pat U Jameson Sr',NULL,NULL,'2','Both',1,'-1931939024',0,16,NULL),(NULL,1,'Individual',0,0,0,NULL,NULL,NULL,'Grant, Monica','Mr Monica H Grant Jr',NULL,NULL,'2','Both',0,'-711291034',0,17,NULL),(NULL,1,'Household',1,1,0,NULL,NULL,NULL,'Pat Adams\'s home','Pat Adams\'s home',NULL,NULL,'3','Both',0,'1937272783',0,18,NULL),(NULL,1,'Individual',0,1,0,NULL,NULL,NULL,'Reynolds, Anne','Mr Anne J Reynolds Sr',NULL,NULL,'2','Both',0,'-1171148642',0,19,NULL),(NULL,1,'Individual',0,0,0,NULL,NULL,NULL,'Grant, Chetan','Mr Chetan Y Grant Jr',NULL,NULL,'4','Both',1,'1019673143',0,20,NULL),(NULL,1,'Individual',0,0,0,NULL,NULL,NULL,'Adams, Dan','Mr Dan M Adams Jr',NULL,NULL,'1','Both',0,'-308840271',0,21,NULL),(NULL,1,'Individual',1,1,0,NULL,NULL,NULL,'Jones, Raymond','Ms Raymond M Jones Sr',NULL,NULL,'4','Both',0,'-1277356636',0,22,NULL),(NULL,1,'Household',0,1,0,NULL,NULL,NULL,'Andrew Roberts\'s home','Andrew Roberts\'s home',NULL,NULL,'3','Both',0,'508890103',0,23,NULL),(NULL,1,'Individual',1,1,0,NULL,NULL,NULL,'Yadav, Sandy','Mrs Sandy Q Yadav Jr',NULL,NULL,'3','Both',0,'737129538',0,24,NULL),(NULL,1,'Individual',1,0,0,NULL,NULL,NULL,'Roberts, Andrew','Mr Andrew L Roberts Jr',NULL,NULL,'1','Both',1,'-744369887',0,25,NULL),(NULL,1,'Organization',0,1,0,NULL,NULL,NULL,'Compasspoint  ','Compasspoint  ',NULL,NULL,'4','Both',1,'-1531408',0,26,NULL),(NULL,1,'Individual',0,0,0,NULL,NULL,NULL,'Reynolds, Michelle','Mrs Michelle W Reynolds Sr',NULL,NULL,'4','Both',1,'1003459100',0,27,NULL),(NULL,1,'Individual',0,0,0,NULL,NULL,NULL,'Yadav, Anne','Mr Anne X Yadav Jr',NULL,NULL,'5','Both',0,'-758167462',0,28,NULL),(NULL,1,'Individual',1,0,0,NULL,NULL,NULL,'Yadav, Donald','Dr Donald I Yadav Jr',NULL,NULL,'5','Both',1,'-1866912391',0,29,NULL),(NULL,1,'Individual',0,0,0,NULL,NULL,NULL,'Yadav, Dan','Mr Dan F Yadav Jr',NULL,NULL,'4','Both',1,'1291061569',0,30,NULL),(NULL,1,'Organization',0,1,0,NULL,NULL,NULL,'Working Assets  ','Working Assets  ',NULL,NULL,'3','Both',1,'-740887779',0,31,NULL),(NULL,1,'Individual',0,1,0,NULL,NULL,NULL,'Smith, Purvi','Mr Purvi Z Smith Jr',NULL,NULL,'4','Both',1,'1509876168',0,32,NULL),(NULL,1,'Individual',1,0,0,NULL,NULL,NULL,'Smith, Amar','Mr Amar K Smith Jr',NULL,NULL,'2','Both',1,'-559617910',0,33,NULL),(NULL,1,'Household',1,0,0,NULL,NULL,NULL,'Sam chowski\'s home','Sam chowski\'s home',NULL,NULL,'1','Both',0,'-1798375122',0,34,NULL),(NULL,1,'Individual',0,0,0,NULL,NULL,NULL,'Yadav, Alice','Ms Alice Z Yadav Jr',NULL,NULL,'1','Both',1,'-1649773456',0,35,NULL),(NULL,1,'Individual',1,1,0,NULL,NULL,NULL,'Zope, Rebecca','Dr Rebecca X Zope Jr',NULL,NULL,'1','Both',0,'263533362',0,36,NULL),(NULL,1,'Household',1,1,0,NULL,NULL,NULL,'Sheila Zope\'s home','Sheila Zope\'s home',NULL,NULL,'4','Both',1,'1388630303',0,37,NULL),(NULL,1,'Household',0,0,0,NULL,NULL,NULL,'Amar Smith\'s home','Amar Smith\'s home',NULL,NULL,'2','Both',0,'626516953',0,38,NULL),(NULL,1,'Individual',0,1,0,NULL,NULL,NULL,'Adams, Pat','Mr Pat Y Adams Sr',NULL,NULL,'5','Both',0,'198871655',0,39,NULL),(NULL,1,'Organization',0,1,0,NULL,NULL,NULL,'Social Source Foundation  ','Social Source Foundation  ',NULL,NULL,'2','Both',1,'2066676426',0,40,NULL),(NULL,1,'Individual',0,1,0,NULL,NULL,NULL,'Jameson, Amar','Ms Amar E Jameson Sr',NULL,NULL,'1','Both',0,'-1672071096',0,41,NULL),(NULL,1,'Individual',1,1,0,NULL,NULL,NULL,'Roberts, Paula','Ms Paula L Roberts Sr',NULL,NULL,'1','Both',0,'-1285277997',0,42,NULL),(NULL,1,'Individual',0,1,0,NULL,NULL,NULL,'Jones, Chetan','Mrs Chetan A Jones Jr',NULL,NULL,'5','Both',1,'-433843037',0,43,NULL),(NULL,1,'Individual',1,1,0,NULL,NULL,NULL,'Roberts, Michael','Mr Michael H Roberts Sr',NULL,NULL,'4','Both',0,'-228550055',0,44,NULL),(NULL,1,'Individual',0,1,0,NULL,NULL,NULL,'Reynolds, Bill','Dr Bill J Reynolds Jr',NULL,NULL,'2','Both',0,'-433990701',0,45,NULL),(NULL,1,'Individual',0,0,0,NULL,NULL,NULL,'Samuels, Purvi','Mrs Purvi H Samuels Jr',NULL,NULL,'2','Both',0,'-1102618893',0,46,NULL),(NULL,1,'Individual',0,0,0,NULL,NULL,NULL,'Jameson, Jennifer','Mr Jennifer M Jameson Sr',NULL,NULL,'1','Both',0,'-688773931',0,47,NULL),(NULL,1,'Household',1,1,0,NULL,NULL,NULL,'Peter Reynolds\'s home','Peter Reynolds\'s home',NULL,NULL,'5','Both',0,'546612173',0,48,NULL),(NULL,1,'Individual',0,0,0,NULL,NULL,NULL,'chowski, Sandy','Ms Sandy T chowski Jr',NULL,NULL,'1','Both',1,'-847684015',0,49,NULL),(NULL,1,'Organization',0,1,0,NULL,NULL,NULL,'Cisco Systems  ','Cisco Systems  ',NULL,NULL,'2','Both',1,'795728639',0,50,NULL),(NULL,1,'Individual',0,1,0,NULL,NULL,NULL,'Patel, Milan','Mrs Milan E Patel Jr',NULL,NULL,'5','Both',0,'-969156812',0,51,NULL),(NULL,1,'Individual',0,0,0,NULL,NULL,NULL,'Adams, Sheila','Ms Sheila P Adams Sr',NULL,NULL,'5','Both',1,'-1033246120',0,52,NULL),(NULL,1,'Individual',0,0,0,NULL,NULL,NULL,'Zope, Rebecca','Ms Rebecca W Zope Jr',NULL,NULL,'1','Both',1,'263533362',0,53,NULL),(NULL,1,'Individual',1,1,0,NULL,NULL,NULL,'Roberts, Franklin','Ms Franklin H Roberts Sr',NULL,NULL,'3','Both',1,'-1922202241',0,54,NULL),(NULL,1,'Organization',1,1,0,NULL,NULL,NULL,'Conservation Corp  ','Conservation Corp  ',NULL,NULL,'1','Both',0,'1902067651',0,55,NULL),(NULL,1,'Individual',1,0,0,NULL,NULL,NULL,'Roberts, Brzczysaw','Mrs Brzczysaw M Roberts Sr',NULL,NULL,'3','Both',0,'-603753726',0,56,NULL),(NULL,1,'Individual',0,0,0,NULL,NULL,NULL,'Smith, Amar','Dr Amar X Smith Jr',NULL,NULL,'2','Both',1,'-559617910',0,57,NULL),(NULL,1,'Individual',0,1,0,NULL,NULL,NULL,'Adams, Dan','Mr Dan S Adams Sr',NULL,NULL,'5','Both',1,'-308840271',0,58,NULL),(NULL,1,'Individual',0,0,0,NULL,NULL,NULL,'Smith, Alice','Ms Alice K Smith Sr',NULL,NULL,'4','Both',0,'119513409',0,59,NULL),(NULL,1,'Individual',1,0,0,NULL,NULL,NULL,'Jones, Melinda','Dr Melinda K Jones Sr',NULL,NULL,'3','Both',0,'369050114',0,60,NULL),(NULL,1,'Individual',1,0,0,NULL,NULL,NULL,'chowski, Sandy','Dr Sandy P chowski Jr',NULL,NULL,'4','Both',0,'-847684015',0,61,NULL),(NULL,1,'Individual',0,0,0,NULL,NULL,NULL,'Yadav, Alice','Ms Alice A Yadav Sr',NULL,NULL,'2','Both',1,'-1649773456',0,62,NULL),(NULL,1,'Individual',1,1,0,NULL,NULL,NULL,'Zope, Sheila','Dr Sheila M Zope Jr',NULL,NULL,'1','Both',1,'1949818148',0,63,NULL),(NULL,1,'Household',1,1,0,NULL,NULL,NULL,'Sandy Jones\'s home','Sandy Jones\'s home',NULL,NULL,'4','Both',1,'1068769735',0,64,NULL),(NULL,1,'Individual',1,0,0,NULL,NULL,NULL,'Reynolds, Chris','Dr Chris L Reynolds Sr',NULL,NULL,'3','Both',1,'-366913188',0,65,NULL),(NULL,1,'Individual',1,0,0,NULL,NULL,NULL,'Zope, Raymond','Mr Raymond J Zope Sr',NULL,NULL,'5','Both',0,'-1971417858',0,66,NULL),(NULL,1,'Individual',1,0,0,NULL,NULL,NULL,'Reynolds, Purvi','Ms Purvi F Reynolds Sr',NULL,NULL,'5','Both',1,'1596640424',0,67,NULL),(NULL,1,'Individual',0,0,0,NULL,NULL,NULL,'Jones, Alice','Mr Alice N Jones Jr',NULL,NULL,'4','Both',0,'-1233866789',0,68,NULL),(NULL,1,'Individual',0,1,0,NULL,NULL,NULL,'Patel, Andrew','Mr Andrew S Patel Sr',NULL,NULL,'3','Both',1,'-1059900394',0,69,NULL),(NULL,1,'Individual',0,1,0,NULL,NULL,NULL,'Jameson, Sandy','Mr Sandy V Jameson Jr',NULL,NULL,'1','Both',0,'-999149505',0,70,NULL),(NULL,1,'Individual',0,1,0,NULL,NULL,NULL,'Reynolds, Melinda','Mrs Melinda N Reynolds Sr',NULL,NULL,'1','Both',0,'1506512376',0,71,NULL),(NULL,1,'Individual',1,0,0,NULL,NULL,NULL,'Roberts, Chris','Dr Chris N Roberts Jr',NULL,NULL,'1','Both',1,'1655506819',0,72,NULL),(NULL,1,'Individual',0,1,0,NULL,NULL,NULL,'Adams, Paula','Mrs Paula K Adams Jr',NULL,NULL,'1','Both',1,'-1808297687',0,73,NULL),(NULL,1,'Individual',1,1,0,NULL,NULL,NULL,'Grant, Jennifer','Mrs Jennifer M Grant Jr',NULL,NULL,'5','Both',1,'-543201631',0,74,NULL),(NULL,1,'Individual',1,1,0,NULL,NULL,NULL,'Zope, Donald','Dr Donald V Zope Sr',NULL,NULL,'1','Both',0,'1908150561',0,75,NULL),(NULL,1,'Individual',0,1,0,NULL,NULL,NULL,'Samuels, Sheila','Dr Sheila F Samuels Jr',NULL,NULL,'5','Both',1,'1973027848',0,76,NULL),(NULL,1,'Individual',0,1,0,NULL,NULL,NULL,'Grant, Pat','Dr Pat W Grant Sr',NULL,NULL,'1','Both',1,'-168563714',0,77,NULL),(NULL,1,'Individual',0,1,0,NULL,NULL,NULL,'Patel, Peter','Mrs Peter Z Patel Sr',NULL,NULL,'5','Both',0,'1992642620',0,78,NULL),(NULL,1,'Individual',0,1,0,NULL,NULL,NULL,'Patel, Sheila','Dr Sheila J Patel Jr',NULL,NULL,'3','Both',1,'-1940633654',0,79,NULL),(NULL,1,'Household',0,1,0,NULL,NULL,NULL,'Paula Roberts\'s home','Paula Roberts\'s home',NULL,NULL,'3','Both',0,'-740720722',0,80,NULL),(NULL,1,'Individual',1,0,0,NULL,NULL,NULL,'Reynolds, Brzczysaw','Dr Brzczysaw G Reynolds Jr',NULL,NULL,'3','Both',1,'-1741641048',0,81,NULL),(NULL,1,'Individual',1,1,0,NULL,NULL,NULL,'Reynolds, Purvi','Mrs Purvi G Reynolds Jr',NULL,NULL,'4','Both',0,'1596640424',0,82,NULL),(NULL,1,'Household',0,0,0,NULL,NULL,NULL,'Chris Reynolds\'s home','Chris Reynolds\'s home',NULL,NULL,'1','Both',1,'-1598256075',0,83,NULL),(NULL,1,'Individual',0,0,0,NULL,NULL,NULL,'Grant, Raymond','Ms Raymond Q Grant Jr',NULL,NULL,'4','Both',1,'1147510807',0,84,NULL),(NULL,1,'Organization',1,0,0,NULL,NULL,NULL,'Compumentor  ','Compumentor  ',NULL,NULL,'1','Both',1,'-1260506705',0,85,NULL),(NULL,1,'Individual',1,0,0,NULL,NULL,NULL,'Smith, Michael','Mr Michael W Smith Jr',NULL,NULL,'1','Both',0,'1479640816',0,86,NULL),(NULL,1,'Individual',1,1,0,NULL,NULL,NULL,'Grant, Melinda','Mr Melinda A Grant Jr',NULL,NULL,'3','Both',0,'-498600015',0,87,NULL),(NULL,1,'Individual',0,0,0,NULL,NULL,NULL,'Smith, Chetan','Mrs Chetan O Smith Sr',NULL,NULL,'3','Both',0,'-162593289',0,88,NULL),(NULL,1,'Individual',0,0,0,NULL,NULL,NULL,'chowski, Pat','Mrs Pat B chowski Sr',NULL,NULL,'4','Both',0,'326099904',0,89,NULL),(NULL,1,'Individual',0,0,0,NULL,NULL,NULL,'Reynolds, Peter','Mr Peter B Reynolds Sr',NULL,NULL,'1','Both',0,'-533434373',0,90,NULL),(NULL,1,'Household',0,1,0,NULL,NULL,NULL,'Donald Yadav\'s home','Donald Yadav\'s home',NULL,NULL,'4','Both',1,'883709177',0,91,NULL),(NULL,1,'Individual',1,1,0,NULL,NULL,NULL,'Jones, Sandy','Mr Sandy V Jones Sr',NULL,NULL,'1','Both',0,'3239913',0,92,NULL),(NULL,1,'Household',0,0,0,NULL,NULL,NULL,'Rebecca Zope\'s home','Rebecca Zope\'s home',NULL,NULL,'5','Both',1,'-1157150470',0,93,NULL),(NULL,1,'Organization',0,0,0,NULL,NULL,NULL,'Intel  ','Intel  ',NULL,NULL,'3','Both',1,'-1853032722',0,94,NULL),(NULL,1,'Individual',1,1,0,NULL,NULL,NULL,'Reynolds, Bill','Ms Bill L Reynolds Jr',NULL,NULL,'2','Both',0,'-433990701',0,95,NULL),(NULL,1,'Household',0,1,0,NULL,NULL,NULL,'Franklin Roberts\'s home','Franklin Roberts\'s home',NULL,NULL,'2','Both',1,'1293555233',0,96,NULL),(NULL,1,'Individual',1,0,0,NULL,NULL,NULL,'chowski, Sam','Mrs Sam G chowski Jr',NULL,NULL,'4','Both',0,'1967322457',0,97,NULL),(NULL,1,'Individual',1,1,0,NULL,NULL,NULL,'Roberts, Brzczysaw','Dr Brzczysaw Y Roberts Jr',NULL,NULL,'5','Both',1,'-603753726',0,98,NULL),(NULL,1,'Individual',0,0,0,NULL,NULL,NULL,'Reynolds, Amar','Ms Amar L Reynolds Jr',NULL,NULL,'1','Both',0,'-1136879665',0,99,NULL),(NULL,1,'Individual',1,0,0,NULL,NULL,NULL,'Patel, Brzczysaw','Ms Brzczysaw E Patel Sr',NULL,NULL,'1','Both',0,'921708849',0,100,NULL),(NULL,1,'Individual',1,0,0,NULL,NULL,NULL,'Jones, Donald','Mrs Donald M Jones Sr',NULL,NULL,'1','Both',1,'-778663486',0,101,NULL);
/*!40000 ALTER TABLE `civicrm_contact` ENABLE KEYS */;
UNLOCK TABLES;

--
-- Dumping data for table `civicrm_contribution`
--

LOCK TABLES `civicrm_contribution` WRITE;
/*!40000 ALTER TABLE `civicrm_contribution` DISABLE KEYS */;
INSERT INTO `civicrm_contribution` (`id`, `domain_id`, `contact_id`, `solicitor_id`, `contribution_type_id`, `contribution_page_id`, `payment_instrument_id`, `receive_date`, `non_deductible_amount`, `total_amount`, `fee_amount`, `net_amount`, `trxn_id`, `invoice_id`, `currency`, `cancel_date`, `cancel_reason`, `receipt_date`, `thankyou_date`, `source`, `is_email_receipt`, `amount_level`, `contribution_recur_id`, `honor_contact_id`, `is_test`, `contribution_status_id`) VALUES (1,1,2,NULL,1,NULL,4,'2007-04-11 00:00:00','0.00','125.00',NULL,NULL,'check #1041',NULL,'USD',NULL,NULL,NULL,NULL,'Apr 2007 Mailer 1',NULL,NULL,NULL,NULL,0,1),(2,1,4,NULL,1,NULL,1,'2007-03-21 00:00:00','0.00','50.00',NULL,NULL,'P20901X1',NULL,'USD',NULL,NULL,NULL,NULL,'Online: Save the Penguins',NULL,NULL,NULL,NULL,0,1),(3,1,6,NULL,1,NULL,4,'2007-04-29 00:00:00','0.00','25.00',NULL,NULL,'check #2095',NULL,'USD',NULL,NULL,NULL,NULL,'Apr 2007 Mailer 1',NULL,NULL,NULL,NULL,0,1),(4,1,8,NULL,1,NULL,4,'2007-04-11 00:00:00','0.00','50.00',NULL,NULL,'check #10552',NULL,'USD',NULL,NULL,NULL,NULL,'Apr 2007 Mailer 1',NULL,NULL,NULL,NULL,0,1),(5,1,16,NULL,1,NULL,4,'2007-04-15 00:00:00','0.00','500.00',NULL,NULL,'check #509',NULL,'USD',NULL,NULL,NULL,NULL,'Apr 2007 Mailer 1',NULL,NULL,NULL,NULL,0,1),(6,1,19,NULL,1,NULL,4,'2007-04-11 00:00:00','0.00','175.00',NULL,NULL,'check #102',NULL,'USD',NULL,NULL,NULL,NULL,'Apr 2007 Mailer 1',NULL,NULL,NULL,NULL,0,1),(7,1,82,NULL,1,NULL,1,'2007-03-27 00:00:00','0.00','50.00',NULL,NULL,'P20193L2',NULL,'USD',NULL,NULL,NULL,NULL,'Online: Save the Penguins',NULL,NULL,NULL,NULL,0,1),(8,1,92,NULL,1,NULL,1,'2007-03-08 00:00:00','0.00','10.00',NULL,NULL,'P40232Y3',NULL,'USD',NULL,NULL,NULL,NULL,'Online: Save the Penguins',NULL,NULL,NULL,NULL,0,1),(9,1,34,NULL,1,NULL,1,'2007-04-22 00:00:00','0.00','250.00',NULL,NULL,'P20193L6',NULL,'USD',NULL,NULL,NULL,NULL,'Online: Save the Penguins',NULL,NULL,NULL,NULL,0,1);
/*!40000 ALTER TABLE `civicrm_contribution` ENABLE KEYS */;
UNLOCK TABLES;

--
-- Dumping data for table `civicrm_contribution_page`
--

LOCK TABLES `civicrm_contribution_page` WRITE;
/*!40000 ALTER TABLE `civicrm_contribution_page` DISABLE KEYS */;
INSERT INTO `civicrm_contribution_page` (`id`, `domain_id`, `title`, `intro_text`, `contribution_type_id`, `payment_processor_id`, `is_credit_card_only`, `is_monetary`, `is_recur`, `is_allow_other_amount`, `default_amount_id`, `min_amount`, `max_amount`, `goal_amount`, `thankyou_title`, `thankyou_text`, `thankyou_footer`, `is_email_receipt`, `receipt_from_name`, `receipt_from_email`, `cc_receipt`, `bcc_receipt`, `receipt_text`, `is_active`, `footer_text`, `amount_block_is_active`, `is_thermometer`, `thermometer_title`, `honor_block_is_active`, `honor_block_title`, `honor_block_text`) VALUES (1,1,'Help Support CiviCRM!','Do you love CiviCRM? Do you use CiviCRM? Then please support CiviCRM and Contribute NOW by trying out our new online contribution features!',1,NULL,0,1,0,1,9,'10.00','10000.00','100000.00','Thanks for Your Support!','<p>Thank you for your support. Your contribution will help us build even better tools.</p><p>Please tell your friends and colleagues about CiviCRM!</p>','<p><a href=http://civicrm.org>Back to CiviCRM Home Page</a></p>',1,'CiviCRM Fundraising Dept.','donations@civicrm.org','receipt@example.com','bcc@example.com','Your donation is tax deductible under IRS 501(c)(3) regulation. Our tax identification number is: 93-123-4567',1,NULL,1,1,'Track Our Progress',NULL,NULL,NULL),(2,1,'Member Signup and Renewal','Members are the life-blood of our organization. If you\'re not already a member - please consider signing up today. You can select the membership level the fits your budget and needs below.',2,NULL,0,1,0,NULL,0,NULL,NULL,NULL,'Thanks for Your Support!','Thanks for supporting our organization with your membership. You can learn more about membership benefits from our members only page.',NULL,1,'Membership Department','memberships@civicrm.org',NULL,NULL,'Thanks for supporting our organization with your membership. You can learn more about membership benefits from our members only page.\r\n\r\nKeep this receipt for your records.',1,NULL,NULL,NULL,NULL,NULL,NULL,NULL);
/*!40000 ALTER TABLE `civicrm_contribution_page` ENABLE KEYS */;
UNLOCK TABLES;

--
-- Dumping data for table `civicrm_contribution_product`
--

LOCK TABLES `civicrm_contribution_product` WRITE;
/*!40000 ALTER TABLE `civicrm_contribution_product` DISABLE KEYS */;
/*!40000 ALTER TABLE `civicrm_contribution_product` ENABLE KEYS */;
UNLOCK TABLES;

--
-- Dumping data for table `civicrm_contribution_recur`
--

LOCK TABLES `civicrm_contribution_recur` WRITE;
/*!40000 ALTER TABLE `civicrm_contribution_recur` DISABLE KEYS */;
/*!40000 ALTER TABLE `civicrm_contribution_recur` ENABLE KEYS */;
UNLOCK TABLES;

--
-- Dumping data for table `civicrm_contribution_type`
--

LOCK TABLES `civicrm_contribution_type` WRITE;
/*!40000 ALTER TABLE `civicrm_contribution_type` DISABLE KEYS */;
INSERT INTO `civicrm_contribution_type` (`id`, `domain_id`, `name`, `accounting_code`, `description`, `is_deductible`, `is_reserved`, `is_active`) VALUES (1,1,'Donation',NULL,NULL,1,0,1),(2,1,'Member Dues',NULL,NULL,1,0,1),(3,1,'Campaign Contribution',NULL,NULL,0,0,1),(4,1,'Event Fee',NULL,NULL,0,0,1);
/*!40000 ALTER TABLE `civicrm_contribution_type` ENABLE KEYS */;
UNLOCK TABLES;

--
-- Dumping data for table `civicrm_country`
--

LOCK TABLES `civicrm_country` WRITE;
/*!40000 ALTER TABLE `civicrm_country` DISABLE KEYS */;
INSERT INTO `civicrm_country` (`id`, `name`, `iso_code`, `country_code`, `idd_prefix`, `ndd_prefix`) VALUES (1001,'Afghanistan','AF',NULL,NULL,NULL),(1002,'Albania','AL',NULL,NULL,NULL),(1003,'Algeria','DZ',NULL,NULL,NULL),(1004,'American Samoa','AS',NULL,NULL,NULL),(1005,'Andorra','AD',NULL,NULL,NULL),(1006,'Angola','AO',NULL,NULL,NULL),(1007,'Anguilla','AI',NULL,NULL,NULL),(1008,'Antarctica','AQ',NULL,NULL,NULL),(1009,'Antigua and Barbuda','AG',NULL,NULL,NULL),(1010,'Argentina','AR',NULL,NULL,NULL),(1011,'Armenia','AM',NULL,NULL,NULL),(1012,'Aruba','AW',NULL,NULL,NULL),(1013,'Australia','AU',NULL,NULL,NULL),(1014,'Austria','AT',NULL,NULL,NULL),(1015,'Azerbaijan','AZ',NULL,NULL,NULL),(1016,'Bahrain','BH',NULL,NULL,NULL),(1017,'Bangladesh','BD',NULL,NULL,NULL),(1018,'Barbados','BB',NULL,NULL,NULL),(1019,'Belarus','BY',NULL,NULL,NULL),(1020,'Belgium','BE',NULL,NULL,NULL),(1021,'Belize','BZ',NULL,NULL,NULL),(1022,'Benin','BJ',NULL,NULL,NULL),(1023,'Bermuda','BM',NULL,NULL,NULL),(1024,'Bhutan','BT',NULL,NULL,NULL),(1025,'Bolivia','BO',NULL,NULL,NULL),(1026,'Bosnia and Herzegovina','BA',NULL,NULL,NULL),(1027,'Botswana','BW',NULL,NULL,NULL),(1028,'Bouvet Island','BV',NULL,NULL,NULL),(1029,'Brazil','BR',NULL,NULL,NULL),(1030,'British Indian Ocean Territory','IO',NULL,NULL,NULL),(1031,'Virgin Islands, British','VG',NULL,NULL,NULL),(1032,'Brunei Darussalam','BN',NULL,NULL,NULL),(1033,'Bulgaria','BG',NULL,NULL,NULL),(1034,'Burkina Faso','BF',NULL,NULL,NULL),(1035,'Myanmar','MM',NULL,NULL,NULL),(1036,'Burundi','BI',NULL,NULL,NULL),(1037,'Cambodia','KH',NULL,NULL,NULL),(1038,'Cameroon','CM',NULL,NULL,NULL),(1039,'Canada','CA',NULL,NULL,NULL),(1040,'Cape Verde','CV',NULL,NULL,NULL),(1041,'Cayman Islands','KY',NULL,NULL,NULL),(1042,'Central African Republic','CF',NULL,NULL,NULL),(1043,'Chad','TD',NULL,NULL,NULL),(1044,'Chile','CL',NULL,NULL,NULL),(1045,'China','CN',NULL,NULL,NULL),(1046,'Christmas Island','CX',NULL,NULL,NULL),(1047,'Cocos (Keeling) Islands','CC',NULL,NULL,NULL),(1048,'Colombia','CO',NULL,NULL,NULL),(1049,'Comoros','KM',NULL,NULL,NULL),(1050,'Congo, The Democratic Republic of the','CD',NULL,NULL,NULL),(1051,'Congo','CG',NULL,NULL,NULL),(1052,'Cook Islands','CK',NULL,NULL,NULL),(1053,'Costa Rica','CR',NULL,NULL,NULL),(1054,'Cte d\'Ivoire','CI',NULL,NULL,NULL),(1055,'Croatia','HR',NULL,NULL,NULL),(1056,'Cuba','CU',NULL,NULL,NULL),(1057,'Cyprus','CY',NULL,NULL,NULL),(1058,'Czech Republic','CZ',NULL,NULL,NULL),(1059,'Denmark','DK',NULL,NULL,NULL),(1060,'Djibouti','DJ',NULL,NULL,NULL),(1061,'Dominica','DM',NULL,NULL,NULL),(1062,'Dominican Republic','DO',NULL,NULL,NULL),(1063,'Timor-Leste','TL',NULL,NULL,NULL),(1064,'Ecuador','EC',NULL,NULL,NULL),(1065,'Egypt','EG',NULL,NULL,NULL),(1066,'El Salvador','SV',NULL,NULL,NULL),(1067,'Equatorial Guinea','GQ',NULL,NULL,NULL),(1068,'Eritrea','ER',NULL,NULL,NULL),(1069,'Estonia','EE',NULL,NULL,NULL),(1070,'Ethiopia','ET',NULL,NULL,NULL),(1072,'Falkland Islands (Malvinas)','FK',NULL,NULL,NULL),(1073,'Faroe Islands','FO',NULL,NULL,NULL),(1074,'Fiji','FJ',NULL,NULL,NULL),(1075,'Finland','FI',NULL,NULL,NULL),(1076,'France','FR',NULL,NULL,NULL),(1077,'French Guiana','GF',NULL,NULL,NULL),(1078,'French Polynesia','PF',NULL,NULL,NULL),(1079,'French Southern Territories','TF',NULL,NULL,NULL),(1080,'Gabon','GA',NULL,NULL,NULL),(1081,'Georgia','GE',NULL,NULL,NULL),(1082,'Germany','DE',NULL,NULL,NULL),(1083,'Ghana','GH',NULL,NULL,NULL),(1084,'Gibraltar','GI',NULL,NULL,NULL),(1085,'Greece','GR',NULL,NULL,NULL),(1086,'Greenland','GL',NULL,NULL,NULL),(1087,'Grenada','GD',NULL,NULL,NULL),(1088,'Guadeloupe','GP',NULL,NULL,NULL),(1089,'Guam','GU',NULL,NULL,NULL),(1090,'Guatemala','GT',NULL,NULL,NULL),(1091,'Guinea','GN',NULL,NULL,NULL),(1092,'Guinea-Bissau','GW',NULL,NULL,NULL),(1093,'Guyana','GY',NULL,NULL,NULL),(1094,'Haiti','HT',NULL,NULL,NULL),(1095,'Heard Island and McDonald Islands','HM',NULL,NULL,NULL),(1096,'Holy See (Vatican City State)','VA',NULL,NULL,NULL),(1097,'Honduras','HN',NULL,NULL,NULL),(1098,'Hong Kong','HK',NULL,NULL,NULL),(1099,'Hungary','HU',NULL,NULL,NULL),(1100,'Iceland','IS',NULL,NULL,NULL),(1101,'India','IN',NULL,NULL,NULL),(1102,'Indonesia','ID',NULL,NULL,NULL),(1103,'Iran, Islamic Republic of','IR',NULL,NULL,NULL),(1104,'Iraq','IQ',NULL,NULL,NULL),(1105,'Ireland','IE',NULL,NULL,NULL),(1106,'Israel','IL',NULL,NULL,NULL),(1107,'Italy','IT',NULL,NULL,NULL),(1108,'Jamaica','JM',NULL,NULL,NULL),(1109,'Japan','JP',NULL,NULL,NULL),(1110,'Jordan','JO',NULL,NULL,NULL),(1111,'Kazakhstan','KZ',NULL,NULL,NULL),(1112,'Kenya','KE',NULL,NULL,NULL),(1113,'Kiribati','KI',NULL,NULL,NULL),(1114,'Korea, Democratic People\'s Republic of','KP',NULL,NULL,NULL),(1115,'Korea, Republic of','KR',NULL,NULL,NULL),(1116,'Kuwait','KW',NULL,NULL,NULL),(1117,'Kyrgyzstan','KG',NULL,NULL,NULL),(1118,'Lao People\'s Democratic Republic','LA',NULL,NULL,NULL),(1119,'Latvia','LV',NULL,NULL,NULL),(1120,'Lebanon','LB',NULL,NULL,NULL),(1121,'Lesotho','LS',NULL,NULL,NULL),(1122,'Liberia','LR',NULL,NULL,NULL),(1123,'Libyan Arab Jamahiriya','LY',NULL,NULL,NULL),(1124,'Liechtenstein','LI',NULL,NULL,NULL),(1125,'Lithuania','LT',NULL,NULL,NULL),(1126,'Luxembourg','LU',NULL,NULL,NULL),(1127,'Macao','MO',NULL,NULL,NULL),(1128,'Macedonia, Republic of','MK',NULL,NULL,NULL),(1129,'Madagascar','MG',NULL,NULL,NULL),(1130,'Malawi','MW',NULL,NULL,NULL),(1131,'Malaysia','MY',NULL,NULL,NULL),(1132,'Maldives','MV',NULL,NULL,NULL),(1133,'Mali','ML',NULL,NULL,NULL),(1134,'Malta','MT',NULL,NULL,NULL),(1135,'Marshall Islands','MH',NULL,NULL,NULL),(1136,'Martinique','MQ',NULL,NULL,NULL),(1137,'Mauritania','MR',NULL,NULL,NULL),(1138,'Mauritius','MU',NULL,NULL,NULL),(1139,'Mayotte','YT',NULL,NULL,NULL),(1140,'Mexico','MX',NULL,NULL,NULL),(1141,'Micronesia, Federated States of','FM',NULL,NULL,NULL),(1142,'Moldova, Republic of','MD',NULL,NULL,NULL),(1143,'Monaco','MC',NULL,NULL,NULL),(1144,'Mongolia','MN',NULL,NULL,NULL),(1145,'Montserrat','MS',NULL,NULL,NULL),(1146,'Morocco','MA',NULL,NULL,NULL),(1147,'Mozambique','MZ',NULL,NULL,NULL),(1148,'Namibia','NA',NULL,NULL,NULL),(1149,'Nauru','NR',NULL,NULL,NULL),(1150,'Nepal','NP',NULL,NULL,NULL),(1151,'Netherlands Antilles','AN',NULL,NULL,NULL),(1152,'Netherlands','NL',NULL,NULL,NULL),(1153,'New Caledonia','NC',NULL,NULL,NULL),(1154,'New Zealand','NZ',NULL,NULL,NULL),(1155,'Nicaragua','NI',NULL,NULL,NULL),(1156,'Niger','NE',NULL,NULL,NULL),(1157,'Nigeria','NG',NULL,NULL,NULL),(1158,'Niue','NU',NULL,NULL,NULL),(1159,'Norfolk Island','NF',NULL,NULL,NULL),(1160,'Northern Mariana Islands','MP',NULL,NULL,NULL),(1161,'Norway','NO',NULL,NULL,NULL),(1162,'Oman','OM',NULL,NULL,NULL),(1163,'Pakistan','PK',NULL,NULL,NULL),(1164,'Palau','PW',NULL,NULL,NULL),(1165,'Palestinian Territory, Occupied','PS',NULL,NULL,NULL),(1166,'Panama','PA',NULL,NULL,NULL),(1167,'Papua New Guinea','PG',NULL,NULL,NULL),(1168,'Paraguay','PY',NULL,NULL,NULL),(1169,'Peru','PE',NULL,NULL,NULL),(1170,'Philippines','PH',NULL,NULL,NULL),(1171,'Pitcairn','PN',NULL,NULL,NULL),(1172,'Poland','PL',NULL,NULL,NULL),(1173,'Portugal','PT',NULL,NULL,NULL),(1174,'Puerto Rico','PR',NULL,NULL,NULL),(1175,'Qatar','QA',NULL,NULL,NULL),(1176,'Romania','RO',NULL,NULL,NULL),(1177,'Russian Federation','RU',NULL,NULL,NULL),(1178,'Rwanda','RW',NULL,NULL,NULL),(1179,'Reunion','RE',NULL,NULL,NULL),(1180,'Saint Helena','SH',NULL,NULL,NULL),(1181,'Saint Kitts and Nevis','KN',NULL,NULL,NULL),(1182,'Saint Lucia','LC',NULL,NULL,NULL),(1183,'Saint Pierre and Miquelon','PM',NULL,NULL,NULL),(1184,'Saint Vincent and the Grenadines','VC',NULL,NULL,NULL),(1185,'Samoa','WS',NULL,NULL,NULL),(1186,'San Marino','SM',NULL,NULL,NULL),(1187,'Saudi Arabia','SA',NULL,NULL,NULL),(1188,'Senegal','SN',NULL,NULL,NULL),(1189,'Seychelles','SC',NULL,NULL,NULL),(1190,'Sierra Leone','SL',NULL,NULL,NULL),(1191,'Singapore','SG',NULL,NULL,NULL),(1192,'Slovakia','SK',NULL,NULL,NULL),(1193,'Slovenia','SI',NULL,NULL,NULL),(1194,'Solomon Islands','SB',NULL,NULL,NULL),(1195,'Somalia','SO',NULL,NULL,NULL),(1196,'South Africa','ZA',NULL,NULL,NULL),(1197,'South Georgia and the South Sandwich Islands','GS',NULL,NULL,NULL),(1198,'Spain','ES',NULL,NULL,NULL),(1199,'Sri Lanka','LK',NULL,NULL,NULL),(1200,'Sudan','SD',NULL,NULL,NULL),(1201,'Suriname','SR',NULL,NULL,NULL),(1202,'Svalbard and Jan Mayen','SJ',NULL,NULL,NULL),(1203,'Swaziland','SZ',NULL,NULL,NULL),(1204,'Sweden','SE',NULL,NULL,NULL),(1205,'Switzerland','CH',NULL,NULL,NULL),(1206,'Syrian Arab Republic','SY',NULL,NULL,NULL),(1207,'Sao Tome and Principe','ST',NULL,NULL,NULL),(1208,'Taiwan','TW',NULL,NULL,NULL),(1209,'Tajikistan','TJ',NULL,NULL,NULL),(1210,'Tanzania, United Republic of','TZ',NULL,NULL,NULL),(1211,'Thailand','TH',NULL,NULL,NULL),(1212,'Bahamas','BS',NULL,NULL,NULL),(1213,'Gambia','GM',NULL,NULL,NULL),(1214,'Togo','TG',NULL,NULL,NULL),(1215,'Tokelau','TK',NULL,NULL,NULL),(1216,'Tonga','TO',NULL,NULL,NULL),(1217,'Trinidad and Tobago','TT',NULL,NULL,NULL),(1218,'Tunisia','TN',NULL,NULL,NULL),(1219,'Turkey','TR',NULL,NULL,NULL),(1220,'Turkmenistan','TM',NULL,NULL,NULL),(1221,'Turks and Caicos Islands','TC',NULL,NULL,NULL),(1222,'Tuvalu','TV',NULL,NULL,NULL),(1223,'Uganda','UG',NULL,NULL,NULL),(1224,'Ukraine','UA',NULL,NULL,NULL),(1225,'United Arab Emirates','AE',NULL,NULL,NULL),(1226,'United Kingdom','GB',NULL,NULL,NULL),(1227,'United States Minor Outlying Islands','UM',NULL,NULL,NULL),(1228,'United States','US',NULL,NULL,NULL),(1229,'Uruguay','UY',NULL,NULL,NULL),(1230,'Uzbekistan','UZ',NULL,NULL,NULL),(1231,'Vanuatu','VU',NULL,NULL,NULL),(1232,'Venezuela','VE',NULL,NULL,NULL),(1233,'Viet Nam','VN',NULL,NULL,NULL),(1234,'Virgin Islands, U.S.','VI',NULL,NULL,NULL),(1235,'Wallis and Futuna','WF',NULL,NULL,NULL),(1236,'Western Sahara','EH',NULL,NULL,NULL),(1237,'Yemen','YE',NULL,NULL,NULL),(1238,'Serbia and Montenegro','CS',NULL,NULL,NULL),(1239,'Zambia','ZM',NULL,NULL,NULL),(1240,'Zimbabwe','ZW',NULL,NULL,NULL),(1241,'land Islands','AX',NULL,NULL,NULL),(1242,'Serbia','RS',NULL,NULL,NULL),(1243,'Montenegro','ME',NULL,NULL,NULL);
/*!40000 ALTER TABLE `civicrm_country` ENABLE KEYS */;
UNLOCK TABLES;

--
-- Dumping data for table `civicrm_county`
--

LOCK TABLES `civicrm_county` WRITE;
/*!40000 ALTER TABLE `civicrm_county` DISABLE KEYS */;
INSERT INTO `civicrm_county` (`id`, `name`, `abbreviation`, `state_province_id`) VALUES (1,'Alameda',NULL,1004),(2,'Contra Costa',NULL,1004),(3,'Marin',NULL,1004),(4,'San Francisco',NULL,1004),(5,'San Mateo',NULL,1004),(6,'Santa Clara',NULL,1004);
/*!40000 ALTER TABLE `civicrm_county` ENABLE KEYS */;
UNLOCK TABLES;

--
-- Dumping data for table `civicrm_currency`
--

LOCK TABLES `civicrm_currency` WRITE;
/*!40000 ALTER TABLE `civicrm_currency` DISABLE KEYS */;
INSERT INTO `civicrm_currency` (`id`, `name`, `symbol`) VALUES (1,'AUD','$'),(2,'CAD','$'),(3,'EUR',''),(4,'GBP',''),(5,'ILS',''),(6,'INR',''),(7,'JPY',''),(8,'KRW',''),(9,'LAK',''),(10,'MNT',''),(11,'NGN',''),(12,'PLN','z'),(13,'THB',''),(14,'USD','$'),(15,'VND',''),(16,'ZAR','R');
/*!40000 ALTER TABLE `civicrm_currency` ENABLE KEYS */;
UNLOCK TABLES;

--
-- Dumping data for table `civicrm_custom_field`
--

LOCK TABLES `civicrm_custom_field` WRITE;
/*!40000 ALTER TABLE `civicrm_custom_field` DISABLE KEYS */;
INSERT INTO `civicrm_custom_field` (`id`, `custom_group_id`, `name`, `label`, `data_type`, `html_type`, `default_value`, `is_required`, `is_searchable`, `is_search_range`, `weight`, `validation_id`, `help_pre`, `help_post`, `mask`, `attributes`, `javascript`, `is_active`, `options_per_line`, `start_date_years`, `end_date_years`, `date_parts`, `note_columns`, `note_rows`) VALUES (1,1,'most_important_issue','Most Important Issue','String','Radio',NULL,0,1,0,5,NULL,NULL,'',NULL,NULL,NULL,1,NULL,NULL,NULL,NULL,NULL,NULL),(2,1,'marital_status','Marital Status','String','Select',NULL,0,1,0,7,NULL,NULL,'',NULL,NULL,NULL,1,NULL,NULL,NULL,NULL,NULL,NULL);
/*!40000 ALTER TABLE `civicrm_custom_field` ENABLE KEYS */;
UNLOCK TABLES;

--
-- Dumping data for table `civicrm_custom_group`
--

LOCK TABLES `civicrm_custom_group` WRITE;
/*!40000 ALTER TABLE `civicrm_custom_group` DISABLE KEYS */;
INSERT INTO `civicrm_custom_group` (`id`, `domain_id`, `name`, `title`, `extends`, `extends_entity_column_name`, `extends_entity_column_value`, `style`, `collapse_display`, `help_pre`, `help_post`, `weight`, `is_active`) VALUES (1,1,'constituent_information','Constituent Information','Individual',NULL,NULL,'Inline',1,'Please enter additional constituent information as data becomes available for this contact.',NULL,1,1);
/*!40000 ALTER TABLE `civicrm_custom_group` ENABLE KEYS */;
UNLOCK TABLES;

--
-- Dumping data for table `civicrm_custom_option`
--

LOCK TABLES `civicrm_custom_option` WRITE;
/*!40000 ALTER TABLE `civicrm_custom_option` DISABLE KEYS */;
INSERT INTO `civicrm_custom_option` (`id`, `entity_table`, `entity_id`, `label`, `value`, `weight`, `is_active`) VALUES (1,'civicrm_custom_field',1,'Education','Edu',1,1),(2,'civicrm_custom_field',1,'Environment','Env',2,1),(3,'civicrm_custom_field',1,'Social Justice','SocJus',3,1),(4,'civicrm_custom_field',2,'Single','S',1,1),(5,'civicrm_custom_field',2,'Married','M',2,1),(6,'civicrm_custom_field',2,'Domestic Partner','D',3,1),(7,'civicrm_custom_field',2,'Widowed','W',4,1),(8,'civicrm_custom_field',2,'Other','O',5,1),(9,'civicrm_contribution_page',1,'Friend','0.10',1,1),(10,'civicrm_contribution_page',1,'Supporter','0.50',2,1),(11,'civicrm_contribution_page',1,'Booster','1.00',3,1),(12,'civicrm_contribution_page',1,'Sustainer','5.00',4,1),(22,'civicrm_event_page',1,'Single','50',1,1),(23,'civicrm_event_page',1,'Couple','100',2,1),(24,'civicrm_event_page',1,'Family','200',3,1),(25,'civicrm_event_page',2,'Bass','25',1,1),(26,'civicrm_event_page',2,'Tenor','40',2,1),(27,'civicrm_event_page',2,'Soprano','50',3,1),(31,'civicrm_event_page',3,'Tiny-tots (ages 5-8)','800',1,1),(32,'civicrm_event_page',3,'Junior Stars (ages 9-12)','1000',2,1),(33,'civicrm_event_page',3,'Super Stars (ages 13-18)','1500',3,1);
/*!40000 ALTER TABLE `civicrm_custom_option` ENABLE KEYS */;
UNLOCK TABLES;

--
-- Dumping data for table `civicrm_custom_value`
--

LOCK TABLES `civicrm_custom_value` WRITE;
/*!40000 ALTER TABLE `civicrm_custom_value` DISABLE KEYS */;
INSERT INTO `civicrm_custom_value` (`id`, `custom_field_id`, `entity_table`, `entity_id`, `int_data`, `float_data`, `decimal_data`, `char_data`, `date_data`, `memo_data`, `file_id`) VALUES (1,2,'civicrm_contact',56,NULL,NULL,NULL,'D',NULL,NULL,NULL),(2,1,'civicrm_contact',58,NULL,NULL,NULL,'Edu',NULL,NULL,NULL),(3,1,'civicrm_contact',20,NULL,NULL,NULL,'Env',NULL,NULL,NULL),(4,1,'civicrm_contact',89,NULL,NULL,NULL,'Env',NULL,NULL,NULL),(5,2,'civicrm_contact',89,NULL,NULL,NULL,'W',NULL,NULL,NULL),(6,1,'civicrm_contact',28,NULL,NULL,NULL,'SocJus',NULL,NULL,NULL),(7,2,'civicrm_contact',28,NULL,NULL,NULL,'O',NULL,NULL,NULL),(8,2,'civicrm_contact',70,NULL,NULL,NULL,'O',NULL,NULL,NULL),(9,1,'civicrm_contact',24,NULL,NULL,NULL,'Edu',NULL,NULL,NULL),(10,2,'civicrm_contact',24,NULL,NULL,NULL,'S',NULL,NULL,NULL),(11,1,'civicrm_contact',52,NULL,NULL,NULL,'SocJus',NULL,NULL,NULL),(12,2,'civicrm_contact',16,NULL,NULL,NULL,'M',NULL,NULL,NULL),(13,2,'civicrm_contact',84,NULL,NULL,NULL,'O',NULL,NULL,NULL),(14,1,'civicrm_contact',84,NULL,NULL,NULL,'Env',NULL,NULL,NULL),(15,1,'civicrm_contact',53,NULL,NULL,NULL,'Edu',NULL,NULL,NULL),(16,2,'civicrm_contact',71,NULL,NULL,NULL,'S',NULL,NULL,NULL),(17,1,'civicrm_contact',71,NULL,NULL,NULL,'SocJus',NULL,NULL,NULL),(18,2,'civicrm_contact',57,NULL,NULL,NULL,'W',NULL,NULL,NULL),(19,1,'civicrm_contact',57,NULL,NULL,NULL,'Env',NULL,NULL,NULL),(20,1,'civicrm_contact',44,NULL,NULL,NULL,'Edu',NULL,NULL,NULL),(21,2,'civicrm_contact',36,NULL,NULL,NULL,'S',NULL,NULL,NULL),(22,1,'civicrm_contact',36,NULL,NULL,NULL,'SocJus',NULL,NULL,NULL),(23,1,'civicrm_contact',61,NULL,NULL,NULL,'Env',NULL,NULL,NULL),(24,1,'civicrm_contact',76,NULL,NULL,NULL,'SocJus',NULL,NULL,NULL),(25,1,'civicrm_contact',2,NULL,NULL,NULL,'Env',NULL,NULL,NULL),(26,1,'civicrm_contact',63,NULL,NULL,NULL,'Env',NULL,NULL,NULL),(27,2,'civicrm_contact',63,NULL,NULL,NULL,'S',NULL,NULL,NULL),(28,1,'civicrm_contact',99,NULL,NULL,NULL,'SocJus',NULL,NULL,NULL),(29,2,'civicrm_contact',13,NULL,NULL,NULL,'D',NULL,NULL,NULL),(30,1,'civicrm_contact',54,NULL,NULL,NULL,'SocJus',NULL,NULL,NULL),(31,2,'civicrm_contact',35,NULL,NULL,NULL,'S',NULL,NULL,NULL),(32,2,'civicrm_contact',65,NULL,NULL,NULL,'S',NULL,NULL,NULL),(33,1,'civicrm_contact',72,NULL,NULL,NULL,'SocJus',NULL,NULL,NULL),(34,1,'civicrm_contact',78,NULL,NULL,NULL,'Env',NULL,NULL,NULL),(35,2,'civicrm_contact',78,NULL,NULL,NULL,'D',NULL,NULL,NULL),(36,1,'civicrm_contact',95,NULL,NULL,NULL,'Edu',NULL,NULL,NULL),(37,2,'civicrm_contact',66,NULL,NULL,NULL,'M',NULL,NULL,NULL),(38,2,'civicrm_contact',27,NULL,NULL,NULL,'M',NULL,NULL,NULL),(39,1,'civicrm_contact',97,NULL,NULL,NULL,'SocJus',NULL,NULL,NULL),(40,1,'civicrm_contact',47,NULL,NULL,NULL,'Env',NULL,NULL,NULL),(41,2,'civicrm_contact',47,NULL,NULL,NULL,'D',NULL,NULL,NULL),(42,2,'civicrm_contact',3,NULL,NULL,NULL,'M',NULL,NULL,NULL),(43,2,'civicrm_contact',100,NULL,NULL,NULL,'W',NULL,NULL,NULL),(44,1,'civicrm_contact',25,NULL,NULL,NULL,'Env',NULL,NULL,NULL),(45,2,'civicrm_contact',25,NULL,NULL,NULL,'D',NULL,NULL,NULL),(46,2,'civicrm_contact',69,NULL,NULL,NULL,'O',NULL,NULL,NULL),(47,1,'civicrm_contact',82,NULL,NULL,NULL,'Edu',NULL,NULL,NULL),(48,2,'civicrm_contact',82,NULL,NULL,NULL,'S',NULL,NULL,NULL),(49,2,'civicrm_contact',77,NULL,NULL,NULL,'D',NULL,NULL,NULL),(50,1,'civicrm_contact',46,NULL,NULL,NULL,'SocJus',NULL,NULL,NULL),(51,2,'civicrm_contact',46,NULL,NULL,NULL,'O',NULL,NULL,NULL),(52,2,'civicrm_contact',81,NULL,NULL,NULL,'D',NULL,NULL,NULL),(53,1,'civicrm_contact',74,NULL,NULL,NULL,'Env',NULL,NULL,NULL),(54,2,'civicrm_contact',74,NULL,NULL,NULL,'O',NULL,NULL,NULL),(55,1,'civicrm_contact',75,NULL,NULL,NULL,'Edu',NULL,NULL,NULL),(56,2,'civicrm_contact',60,NULL,NULL,NULL,'W',NULL,NULL,NULL),(57,2,'civicrm_contact',88,NULL,NULL,NULL,'O',NULL,NULL,NULL),(58,2,'civicrm_contact',90,NULL,NULL,NULL,'M',NULL,NULL,NULL),(59,2,'civicrm_contact',68,NULL,NULL,NULL,'D',NULL,NULL,NULL),(60,1,'civicrm_contact',11,NULL,NULL,NULL,'SocJus',NULL,NULL,NULL),(61,2,'civicrm_contact',86,NULL,NULL,NULL,'S',NULL,NULL,NULL),(62,1,'civicrm_contact',86,NULL,NULL,NULL,'Edu',NULL,NULL,NULL),(63,1,'civicrm_contact',42,NULL,NULL,NULL,'SocJus',NULL,NULL,NULL),(64,2,'civicrm_contact',6,NULL,NULL,NULL,'W',NULL,NULL,NULL),(65,2,'civicrm_contact',5,NULL,NULL,NULL,'S',NULL,NULL,NULL),(66,1,'civicrm_contact',73,NULL,NULL,NULL,'Edu',NULL,NULL,NULL),(67,2,'civicrm_contact',33,NULL,NULL,NULL,'M',NULL,NULL,NULL),(68,1,'civicrm_contact',33,NULL,NULL,NULL,'SocJus',NULL,NULL,NULL),(69,1,'civicrm_contact',32,NULL,NULL,NULL,'SocJus',NULL,NULL,NULL),(70,1,'civicrm_contact',49,NULL,NULL,NULL,'Env',NULL,NULL,NULL),(71,1,'civicrm_contact',7,NULL,NULL,NULL,'Edu',NULL,NULL,NULL),(72,2,'civicrm_contact',17,NULL,NULL,NULL,'O',NULL,NULL,NULL),(73,1,'civicrm_contact',45,NULL,NULL,NULL,'SocJus',NULL,NULL,NULL),(74,2,'civicrm_contact',43,NULL,NULL,NULL,'O',NULL,NULL,NULL),(75,1,'civicrm_contact',43,NULL,NULL,NULL,'Env',NULL,NULL,NULL),(76,1,'civicrm_contact',67,NULL,NULL,NULL,'SocJus',NULL,NULL,NULL),(77,2,'civicrm_contact',51,NULL,NULL,NULL,'W',NULL,NULL,NULL),(78,2,'civicrm_contact',87,NULL,NULL,NULL,'W',NULL,NULL,NULL),(79,1,'civicrm_contact',14,NULL,NULL,NULL,'SocJus',NULL,NULL,NULL);
/*!40000 ALTER TABLE `civicrm_custom_value` ENABLE KEYS */;
UNLOCK TABLES;

--
-- Dumping data for table `civicrm_dedupe_rule`
--

LOCK TABLES `civicrm_dedupe_rule` WRITE;
/*!40000 ALTER TABLE `civicrm_dedupe_rule` DISABLE KEYS */;
INSERT INTO `civicrm_dedupe_rule` (`id`, `dedupe_rule_group_id`, `rule_table`, `rule_field`, `rule_length`, `rule_weight`) VALUES (1,1,'civicrm_individual','first_name',NULL,5),(2,1,'civicrm_individual','last_name',NULL,7),(3,1,'civicrm_email','email',NULL,10),(4,2,'civicrm_organization','organization_name',NULL,5),(5,2,'civicrm_email','email',NULL,5),(6,3,'civicrm_household','household_name',NULL,5),(7,3,'civicrm_email','email',NULL,5);
/*!40000 ALTER TABLE `civicrm_dedupe_rule` ENABLE KEYS */;
UNLOCK TABLES;

--
-- Dumping data for table `civicrm_dedupe_rule_group`
--

LOCK TABLES `civicrm_dedupe_rule_group` WRITE;
/*!40000 ALTER TABLE `civicrm_dedupe_rule_group` DISABLE KEYS */;
INSERT INTO `civicrm_dedupe_rule_group` (`id`, `domain_id`, `contact_type`, `threshold`) VALUES (1,1,'Individual',20),(2,1,'Organization',10),(3,1,'Household',10);
/*!40000 ALTER TABLE `civicrm_dedupe_rule_group` ENABLE KEYS */;
UNLOCK TABLES;

--
-- Dumping data for table `civicrm_domain`
--

LOCK TABLES `civicrm_domain` WRITE;
/*!40000 ALTER TABLE `civicrm_domain` DISABLE KEYS */;
INSERT INTO `civicrm_domain` (`id`, `name`, `description`, `contact_name`, `email_domain`, `email_return_path`, `config_backend`, `config_frontend`) VALUES (1,'Domain Name 1',NULL,'Domain Contact Name','FIXME.ORG',NULL,NULL,NULL);
/*!40000 ALTER TABLE `civicrm_domain` ENABLE KEYS */;
UNLOCK TABLES;

--
-- Dumping data for table `civicrm_dupe_match`
--

LOCK TABLES `civicrm_dupe_match` WRITE;
/*!40000 ALTER TABLE `civicrm_dupe_match` DISABLE KEYS */;
INSERT INTO `civicrm_dupe_match` (`id`, `domain_id`, `entity_table`, `rule`) VALUES (1,1,'contact_individual','first_name AND last_name AND email');
/*!40000 ALTER TABLE `civicrm_dupe_match` ENABLE KEYS */;
UNLOCK TABLES;

--
-- Dumping data for table `civicrm_email`
--

LOCK TABLES `civicrm_email` WRITE;
/*!40000 ALTER TABLE `civicrm_email` DISABLE KEYS */;
INSERT INTO `civicrm_email` (`id`, `location_id`, `email`, `is_primary`, `on_hold`, `hold_date`, `reset_date`) VALUES (1,1,'InnerCityArts@earthlink.co.uk',1,0,NULL,NULL),(2,1,'InnerCityArts@brown.co.uk',0,0,NULL,NULL),(3,2,'RobertsBrzczysaw@amazon.co.in',1,0,NULL,NULL),(4,2,'RobertsBrzczysaw@amazon.org',0,0,NULL,NULL),(5,3,'AdamsDan@brown.net',1,0,NULL,NULL),(6,3,'AdamsDan@earthlink.co.uk',0,0,NULL,NULL),(7,4,'GrantChetan@tsec.co.in',1,0,NULL,NULL),(8,4,'GrantChetan@tsec.co.in',0,0,NULL,NULL),(9,5,'chowskiPat@indiatimes.co.uk',1,0,NULL,NULL),(10,5,'chowskiPat@aol.org',0,0,NULL,NULL),(11,6,'YadavAnne@brown.edu.in',1,0,NULL,NULL),(12,6,'YadavAnne@amazon.net',0,0,NULL,NULL),(13,8,'YadavSandy@brown.org',1,0,NULL,NULL),(14,8,'YadavSandy@redimail.org',0,0,NULL,NULL),(15,9,'AdamsSheila@hotmail.net',1,0,NULL,NULL),(16,9,'AdamsSheila@amazon.org',0,0,NULL,NULL),(17,10,'JamesonPat@aol.net.in',1,0,NULL,NULL),(18,10,'JamesonPat@aol.net',0,0,NULL,NULL),(19,11,'GrantRaymond@brown.org',1,0,NULL,NULL),(20,11,'GrantRaymond@amazon.org',0,0,NULL,NULL),(21,12,'ZopeRebecca@redimail.net',1,0,NULL,NULL),(22,12,'ZopeRebecca@brown.net',0,0,NULL,NULL),(23,13,'JonesRaymond@redimail.org',1,0,NULL,NULL),(24,13,'JonesRaymond@aol.org',0,0,NULL,NULL),(25,15,'ReynoldsMelinda@indiatimes.co.in',1,0,NULL,NULL),(26,15,'ReynoldsMelinda@aol.co.uk',0,0,NULL,NULL),(27,16,'SmithAmar@tsec.net',1,0,NULL,NULL),(28,16,'SmithAmar@indiatimes.org',0,0,NULL,NULL),(29,17,'DonaldYadavshome@earthlink.co.pl',1,0,NULL,NULL),(30,17,'DonaldYadavshome@brown.co.uk',0,0,NULL,NULL),(31,18,'RebeccaZopeshome@brown.edu',1,0,NULL,NULL),(32,18,'RebeccaZopeshome@earthlink.edu',0,0,NULL,NULL),(33,19,'SheilaZopeshome@npo.com',1,0,NULL,NULL),(34,19,'SheilaZopeshome@brown.edu',0,0,NULL,NULL),(35,20,'FranklinRobertsshome@tsec.net',1,0,NULL,NULL),(36,20,'FranklinRobertsshome@brown.com',0,0,NULL,NULL),(37,22,'BillReynoldsshome@gmail.net',1,0,NULL,NULL),(38,22,'BillReynoldsshome@npo.net.in',0,0,NULL,NULL),(39,23,'Samchowskishome@hotmail.co.in',1,0,NULL,NULL),(40,23,'Samchowskishome@redimail.edu',0,0,NULL,NULL),(41,24,'AndrewRobertsshome@brown.co.in',1,0,NULL,NULL),(42,24,'AndrewRobertsshome@tsec.co.in',0,0,NULL,NULL),(43,25,'SandyJonesshome@gmail.com',1,0,NULL,NULL),(44,25,'SandyJonesshome@earthlink.net',0,0,NULL,NULL),(45,26,'JenniferGrantshome@yahoo.org',1,0,NULL,NULL),(46,26,'JenniferGrantshome@earthlink.co.in',0,0,NULL,NULL),(47,27,'PeterReynoldsshome@yahoo.net',1,0,NULL,NULL),(48,27,'PeterReynoldsshome@amazon.edu.in',0,0,NULL,NULL),(49,29,'AmarSmithshome@tsec.co.uk',1,0,NULL,NULL),(50,29,'AmarSmithshome@redimail.edu',0,0,NULL,NULL),(51,30,'MonicaGrantshome@brown.co.in',1,0,NULL,NULL),(52,30,'MonicaGrantshome@earthlink.net.in',0,0,NULL,NULL),(53,31,'PatAdamsshome@indiatimes.edu.in',1,0,NULL,NULL),(54,31,'PatAdamsshome@brown.net',0,0,NULL,NULL),(55,32,'WorkingAssets@tsec.org',1,0,NULL,NULL),(56,32,'WorkingAssets@tsec.net.in',0,0,NULL,NULL),(57,33,'Intel@indiatimes.org',1,0,NULL,NULL),(58,33,'Intel@earthlink.com',0,0,NULL,NULL),(59,34,'ConservationCorp@npo.com',1,0,NULL,NULL),(60,34,'ConservationCorp@brown.org',0,0,NULL,NULL),(61,36,'SocialSourceFoundation@amazon.com',1,0,NULL,NULL),(62,36,'SocialSourceFoundation@tsec.org',0,0,NULL,NULL),(63,37,'Compasspoint@aol.org',1,0,NULL,NULL),(64,37,'Compasspoint@npo.org',0,0,NULL,NULL),(65,38,'InnerCity@indiatimes.co.pl',1,0,NULL,NULL),(66,38,'InnerCity@gmail.co.in',0,0,NULL,NULL),(67,39,'CiscoSystems@npo.com',1,0,NULL,NULL),(68,39,'CiscoSystems@hotmail.org',0,0,NULL,NULL),(69,40,'WorkingAssets@amazon.org',1,0,NULL,NULL),(70,40,'WorkingAssets@aol.co.in',0,0,NULL,NULL),(71,41,'Compumentor@earthlink.edu.in',1,0,NULL,NULL),(72,41,'Compumentor@yahoo.org',0,0,NULL,NULL),(73,43,'PatelSheila@hotmail.co.in',1,0,NULL,NULL),(74,43,'PatelSheila@hotmail.edu.in',0,0,NULL,NULL),(75,44,'RobertsMichael@brown.co.uk',1,0,NULL,NULL),(76,44,'RobertsMichael@yahoo.edu',0,0,NULL,NULL),(77,45,'SmithAlice@brown.edu.in',1,0,NULL,NULL),(78,45,'SmithAlice@tsec.net.in',0,0,NULL,NULL),(79,46,'ZopeRebecca@aol.co.in',1,0,NULL,NULL),(80,46,'ZopeRebecca@indiatimes.co.uk',0,0,NULL,NULL),(81,47,'chowskiSandy@aol.co.pl',1,0,NULL,NULL),(82,47,'chowskiSandy@indiatimes.edu.in',0,0,NULL,NULL),(83,48,'SamuelsSheila@gmail.net',1,0,NULL,NULL),(84,48,'SamuelsSheila@tsec.co.in',0,0,NULL,NULL),(85,50,'ZopeSheila@yahoo.org',1,0,NULL,NULL),(86,50,'ZopeSheila@aol.co.in',0,0,NULL,NULL),(87,51,'ReynoldsAmar@earthlink.net',1,0,NULL,NULL),(88,51,'ReynoldsAmar@earthlink.org',0,0,NULL,NULL),(89,52,'YadavDan@earthlink.net',1,0,NULL,NULL),(90,52,'YadavDan@earthlink.com',0,0,NULL,NULL),(91,53,'GrantSam@gmail.edu.in',1,0,NULL,NULL),(92,53,'GrantSam@hotmail.edu.in',0,0,NULL,NULL),(93,54,'RobertsFranklin@tsec.edu',1,0,NULL,NULL),(94,54,'RobertsFranklin@gmail.co.uk',0,0,NULL,NULL),(95,55,'AdamsDan@amazon.net',1,0,NULL,NULL),(96,55,'AdamsDan@npo.org',0,0,NULL,NULL),(97,57,'YadavAlice@aol.edu',1,0,NULL,NULL),(98,57,'YadavAlice@earthlink.net',0,0,NULL,NULL),(99,58,'ReynoldsChris@hotmail.co.uk',1,0,NULL,NULL),(100,58,'ReynoldsChris@brown.net',0,0,NULL,NULL),(101,59,'RobertsChris@npo.com',1,0,NULL,NULL),(102,59,'RobertsChris@hotmail.org',0,0,NULL,NULL),(103,60,'JonesDonald@tsec.co.uk',1,0,NULL,NULL),(104,60,'JonesDonald@yahoo.net',0,0,NULL,NULL),(105,61,'PatelPeter@indiatimes.com',1,0,NULL,NULL),(106,61,'PatelPeter@aol.com',0,0,NULL,NULL),(107,62,'ReynoldsBill@yahoo.co.pl',1,0,NULL,NULL),(108,62,'ReynoldsBill@yahoo.com',0,0,NULL,NULL),(109,64,'ReynoldsMichelle@tsec.edu.in',1,0,NULL,NULL),(110,64,'ReynoldsMichelle@gmail.co.in',0,0,NULL,NULL),(111,65,'JamesonAmar@brown.edu',1,0,NULL,NULL),(112,65,'JamesonAmar@earthlink.org',0,0,NULL,NULL),(113,66,'chowskiSam@aol.net.in',1,0,NULL,NULL),(114,66,'chowskiSam@redimail.com',0,0,NULL,NULL),(115,67,'JamesonJennifer@earthlink.org',1,0,NULL,NULL),(116,67,'JamesonJennifer@earthlink.org',0,0,NULL,NULL),(117,68,'YadavChetan@amazon.net',1,0,NULL,NULL),(118,68,'YadavChetan@yahoo.net',0,0,NULL,NULL),(119,69,'PatelBrzczysaw@hotmail.edu',1,0,NULL,NULL),(120,69,'PatelBrzczysaw@brown.net',0,0,NULL,NULL),(121,71,'PatelAndrew@gmail.edu',1,0,NULL,NULL),(122,71,'PatelAndrew@gmail.co.in',0,0,NULL,NULL),(123,72,'ReynoldsPurvi@brown.co.in',1,0,NULL,NULL),(124,72,'ReynoldsPurvi@tsec.edu',0,0,NULL,NULL),(125,73,'GrantPat@brown.co.uk',1,0,NULL,NULL),(126,73,'GrantPat@brown.edu.in',0,0,NULL,NULL),(127,74,'JonesSandy@amazon.edu',1,0,NULL,NULL),(128,74,'JonesSandy@indiatimes.net',0,0,NULL,NULL),(129,75,'ReynoldsAnne@npo.net.in',1,0,NULL,NULL),(130,75,'ReynoldsAnne@earthlink.edu',0,0,NULL,NULL),(131,76,'SamuelsPurvi@tsec.co.in',1,0,NULL,NULL),(132,76,'SamuelsPurvi@redimail.co.in',0,0,NULL,NULL),(133,78,'GrantJennifer@amazon.net.in',1,0,NULL,NULL),(134,78,'GrantJennifer@amazon.co.in',0,0,NULL,NULL),(135,79,'ZopeDonald@yahoo.co.in',1,0,NULL,NULL),(136,79,'ZopeDonald@aol.co.in',0,0,NULL,NULL),(137,80,'JonesMelinda@aol.net',1,0,NULL,NULL),(138,80,'JonesMelinda@tsec.co.in',0,0,NULL,NULL),(139,81,'SmithChetan@npo.co.in',1,0,NULL,NULL),(140,81,'SmithChetan@amazon.net.in',0,0,NULL,NULL),(141,82,'ReynoldsPeter@amazon.co.in',1,0,NULL,NULL),(142,82,'ReynoldsPeter@aol.co.in',0,0,NULL,NULL),(143,83,'JonesAlice@brown.co.in',1,0,NULL,NULL),(144,83,'JonesAlice@indiatimes.co.in',0,0,NULL,NULL),(145,85,'SmithMichael@amazon.co.in',1,0,NULL,NULL),(146,85,'SmithMichael@indiatimes.co.uk',0,0,NULL,NULL),(147,86,'RobertsPaula@earthlink.edu.in',1,0,NULL,NULL),(148,86,'RobertsPaula@indiatimes.com',0,0,NULL,NULL),(149,87,'development@example.org',1,0,NULL,NULL),(151,89,'tournaments@example.org',1,0,NULL,NULL);
/*!40000 ALTER TABLE `civicrm_email` ENABLE KEYS */;
UNLOCK TABLES;

--
-- Dumping data for table `civicrm_email_history`
--

LOCK TABLES `civicrm_email_history` WRITE;
/*!40000 ALTER TABLE `civicrm_email_history` DISABLE KEYS */;
/*!40000 ALTER TABLE `civicrm_email_history` ENABLE KEYS */;
UNLOCK TABLES;

--
-- Dumping data for table `civicrm_entity_file`
--

LOCK TABLES `civicrm_entity_file` WRITE;
/*!40000 ALTER TABLE `civicrm_entity_file` DISABLE KEYS */;
/*!40000 ALTER TABLE `civicrm_entity_file` ENABLE KEYS */;
UNLOCK TABLES;

--
-- Dumping data for table `civicrm_entity_tag`
--

LOCK TABLES `civicrm_entity_tag` WRITE;
/*!40000 ALTER TABLE `civicrm_entity_tag` DISABLE KEYS */;
INSERT INTO `civicrm_entity_tag` (`id`, `entity_table`, `entity_id`, `tag_id`) VALUES (1,'civicrm_contact',8,3),(2,'civicrm_contact',55,2),(3,'civicrm_contact',40,1),(4,'civicrm_contact',10,1),(5,'civicrm_contact',31,3),(6,'civicrm_contact',56,5),(7,'civicrm_contact',20,5),(8,'civicrm_contact',28,4),(9,'civicrm_contact',24,4),(10,'civicrm_contact',24,5),(11,'civicrm_contact',16,5),(12,'civicrm_contact',53,4),(13,'civicrm_contact',62,5),(14,'civicrm_contact',57,4),(15,'civicrm_contact',57,5),(16,'civicrm_contact',79,4),(17,'civicrm_contact',59,5),(18,'civicrm_contact',61,5),(19,'civicrm_contact',2,5),(20,'civicrm_contact',99,4),(21,'civicrm_contact',99,5),(22,'civicrm_contact',13,5),(23,'civicrm_contact',21,4),(24,'civicrm_contact',21,5),(25,'civicrm_contact',35,4),(26,'civicrm_contact',72,4),(27,'civicrm_contact',72,5),(28,'civicrm_contact',78,4),(29,'civicrm_contact',78,5),(30,'civicrm_contact',66,4),(31,'civicrm_contact',66,5),(32,'civicrm_contact',41,4),(33,'civicrm_contact',47,5),(34,'civicrm_contact',100,4),(35,'civicrm_contact',69,4),(36,'civicrm_contact',69,5),(37,'civicrm_contact',77,5),(38,'civicrm_contact',19,4),(39,'civicrm_contact',81,4),(40,'civicrm_contact',81,5),(41,'civicrm_contact',75,4),(42,'civicrm_contact',75,5),(43,'civicrm_contact',88,4),(44,'civicrm_contact',68,4),(45,'civicrm_contact',86,5),(46,'civicrm_contact',6,4),(47,'civicrm_contact',6,5),(48,'civicrm_contact',73,5),(49,'civicrm_contact',32,4),(50,'civicrm_contact',7,5),(51,'civicrm_contact',45,4),(52,'civicrm_contact',45,5),(53,'civicrm_contact',67,4),(54,'civicrm_contact',51,4),(55,'civicrm_contact',51,5),(56,'civicrm_contact',14,4);
/*!40000 ALTER TABLE `civicrm_entity_tag` ENABLE KEYS */;
UNLOCK TABLES;

--
-- Dumping data for table `civicrm_event`
--

LOCK TABLES `civicrm_event` WRITE;
/*!40000 ALTER TABLE `civicrm_event` DISABLE KEYS */;
INSERT INTO `civicrm_event` (`id`, `domain_id`, `title`, `summary`, `description`, `event_type_id`, `is_public`, `start_date`, `end_date`, `is_online_registration`, `registration_link_text`, `registration_start_date`, `registration_end_date`, `max_participants`, `event_full_text`, `is_monetary`, `contribution_type_id`, `payment_processor_id`, `is_map`, `is_active`, `fee_label`, `is_show_location`) VALUES (1,1,'Fall Fundraiser Dinner','Kick up your heels at our Fall Fundraiser Dinner/Dance at Glen Echo Park! Come by yourself or bring a partner, friend or the entire family!','This event benefits our teen programs. Admission includes a full 3 course meal and wine or soft drinks. Grab your dancing shoes, bring the kids and come join the party!',3,1,'2006-09-21 17:00:00','2006-09-21 23:00:00',1,'Register Now',NULL,NULL,100,'Sorry! The Fall Fundraiser Dinner is full. Please call Jane at 204 222-1000 ext 33 if you want to be added to the waiting list.',1,4,NULL,1,1,'Dinner Contribution',1),(2,1,'Summer Solstice Festival Day Concert','Festival Day is coming! Join us and help support your parks.','We will gather at noon, learn a song all together,  and then join in a joyous procession to the pavilion. We will be one of many groups performing at this wonderful concert which benefits our city parks.',5,1,'2007-06-17 12:00:00','2007-06-17 17:00:00',1,'Register Now',NULL,NULL,50,'We have all the singers we can handle. Come to the pavilion anyway and join in from the audience.',1,2,NULL,NULL,1,'Festival Fee',1),(3,1,'Rain-forest Cup Youth Soccer Tournament','Sign up your team to participate in this fun tournament which benefits several Rain-forest protection groups in the Amazon basin.','This is a FYSA Sanctioned Tournament, which is open to all USSF/FIFA affiliated organizations for boys and girls in age groups: U9-U10 (6v6), U11-U12 (8v8), and U13-U17 (Full Sided).',3,1,'2007-10-27 07:00:00','2007-10-29 17:00:00',1,'Register Now',NULL,NULL,500,'Sorry! All available team slots for this tournament have been filled. Contact Jill Futbol for information about the waiting list and next years event.',1,4,NULL,NULL,1,'Tournament Fees',1);
/*!40000 ALTER TABLE `civicrm_event` ENABLE KEYS */;
UNLOCK TABLES;

--
-- Dumping data for table `civicrm_event_page`
--

LOCK TABLES `civicrm_event_page` WRITE;
/*!40000 ALTER TABLE `civicrm_event_page` DISABLE KEYS */;
INSERT INTO `civicrm_event_page` (`id`, `event_id`, `intro_text`, `footer_text`, `confirm_title`, `confirm_text`, `confirm_footer_text`, `is_email_confirm`, `confirm_email_text`, `confirm_from_name`, `confirm_from_email`, `cc_confirm`, `bcc_confirm`, `default_fee_id`, `thankyou_title`, `thankyou_text`, `thankyou_footer_text`) VALUES (1,1,'Fill in the information below to join as at this wonderful dinner event.',NULL,'Confirm Your Registration Information','Review the information below carefully.',NULL,1,'Contact the Development Department if you need to make any changes to your registration.','Fundraising Dept.','development@example.org',NULL,NULL,22,'Thanks for Registering!','<p>Thank you for your support. Your contribution will help us build even better tools.</p><p>Please tell your friends and colleagues about this wonderful event.</p>','<p><a href=http://civicrm.org>Back to CiviCRM Home Page</a></p>'),(2,2,'Complete the form below and click Continue to register online for the festival. Or you can register by calling us at 204 222-1000 ext 22.','','Confirm Your Registration Information','','',1,'This email confirms your registration. If you have questions or need to change your registration - please do not hesitate to call us.','Event Dept.','events@example.org','',NULL,25,'Thanks for Your Joining In!','<p>Thank you for your support. Your participation will help build new parks.</p><p>Please tell your friends and colleagues about the concert.</p>','<p><a href=http://civicrm.org>Back to CiviCRM Home Page</a></p>'),(3,3,'Complete the form below to register your team for this year\'s tournament.','<em>A Soccer Youth Event</em>','Review and Confirm Your Registration Information','','<em>A Soccer Youth Event</em>',1,'Contact our Tournament Director for eligibility details.','Tournament Director','tournament@example.org','',NULL,31,'Thanks for Your Support!','<p>Thank you for your support. Your participation will help save thousands of acres of rainforest.</p>','<p><a href=http://civicrm.org>Back to CiviCRM Home Page</a></p>');
/*!40000 ALTER TABLE `civicrm_event_page` ENABLE KEYS */;
UNLOCK TABLES;

--
-- Dumping data for table `civicrm_file`
--

LOCK TABLES `civicrm_file` WRITE;
/*!40000 ALTER TABLE `civicrm_file` DISABLE KEYS */;
/*!40000 ALTER TABLE `civicrm_file` ENABLE KEYS */;
UNLOCK TABLES;

--
-- Dumping data for table `civicrm_financial_trxn`
--

LOCK TABLES `civicrm_financial_trxn` WRITE;
/*!40000 ALTER TABLE `civicrm_financial_trxn` DISABLE KEYS */;
/*!40000 ALTER TABLE `civicrm_financial_trxn` ENABLE KEYS */;
UNLOCK TABLES;

--
-- Dumping data for table `civicrm_geo_coord`
--

LOCK TABLES `civicrm_geo_coord` WRITE;
/*!40000 ALTER TABLE `civicrm_geo_coord` DISABLE KEYS */;
INSERT INTO `civicrm_geo_coord` (`id`, `coord_type`, `coord_units`, `coord_ogc_wkt_string`) VALUES (1,'LatLong','Degree','31');
/*!40000 ALTER TABLE `civicrm_geo_coord` ENABLE KEYS */;
UNLOCK TABLES;

--
-- Dumping data for table `civicrm_group`
--

LOCK TABLES `civicrm_group` WRITE;
/*!40000 ALTER TABLE `civicrm_group` DISABLE KEYS */;
INSERT INTO `civicrm_group` (`id`, `domain_id`, `name`, `title`, `description`, `source`, `saved_search_id`, `is_active`, `visibility`, `where_clause`, `select_tables`, `where_tables`) VALUES (1,1,'Administrators','Administrators','Contacts in this group are assigned Administrator role permissions.',NULL,NULL,1,'User and User Admin Only',' ( `civicrm_group_contact-1`.group_id = (1) AND `civicrm_group_contact-1`.status IN (\"Added\") ) ','a:10:{s:15:\"civicrm_contact\";i:1;s:18:\"civicrm_individual\";i:1;s:16:\"civicrm_location\";i:1;s:15:\"civicrm_address\";i:1;s:22:\"civicrm_state_province\";i:1;s:15:\"civicrm_country\";i:1;s:13:\"civicrm_email\";i:1;s:13:\"civicrm_phone\";i:1;s:10:\"civicrm_im\";i:1;s:25:\"`civicrm_group_contact-1`\";s:114:\" LEFT JOIN civicrm_group_contact `civicrm_group_contact-1` ON contact_a.id = `civicrm_group_contact-1`.contact_id \";}','a:2:{s:15:\"civicrm_contact\";i:1;s:25:\"`civicrm_group_contact-1`\";s:114:\" LEFT JOIN civicrm_group_contact `civicrm_group_contact-1` ON contact_a.id = `civicrm_group_contact-1`.contact_id \";}'),(2,1,'Newsletter Subscribers','Newsletter Subscribers',NULL,NULL,NULL,1,'Public User Pages and Listings',' ( `civicrm_group_contact-2`.group_id = (2) AND `civicrm_group_contact-2`.status IN (\"Added\") ) ','a:11:{s:15:\"civicrm_contact\";i:1;s:18:\"civicrm_individual\";i:1;s:16:\"civicrm_location\";i:1;s:15:\"civicrm_address\";i:1;s:22:\"civicrm_state_province\";i:1;s:15:\"civicrm_country\";i:1;s:13:\"civicrm_email\";i:1;s:13:\"civicrm_phone\";i:1;s:10:\"civicrm_im\";i:1;s:25:\"`civicrm_group_contact-2`\";s:114:\" LEFT JOIN civicrm_group_contact `civicrm_group_contact-2` ON contact_a.id = `civicrm_group_contact-2`.contact_id \";s:6:\"gender\";i:1;}','a:2:{s:15:\"civicrm_contact\";i:1;s:25:\"`civicrm_group_contact-2`\";s:114:\" LEFT JOIN civicrm_group_contact `civicrm_group_contact-2` ON contact_a.id = `civicrm_group_contact-2`.contact_id \";}'),(3,1,'Summer Program Volunteers','Summer Program Volunteers',NULL,NULL,NULL,1,'Public User Pages and Listings',' ( `civicrm_group_contact-3`.group_id = (3) AND `civicrm_group_contact-3`.status IN (\"Added\") ) ','a:11:{s:15:\"civicrm_contact\";i:1;s:18:\"civicrm_individual\";i:1;s:16:\"civicrm_location\";i:1;s:15:\"civicrm_address\";i:1;s:22:\"civicrm_state_province\";i:1;s:15:\"civicrm_country\";i:1;s:13:\"civicrm_email\";i:1;s:13:\"civicrm_phone\";i:1;s:10:\"civicrm_im\";i:1;s:25:\"`civicrm_group_contact-3`\";s:114:\" LEFT JOIN civicrm_group_contact `civicrm_group_contact-3` ON contact_a.id = `civicrm_group_contact-3`.contact_id \";s:6:\"gender\";i:1;}','a:2:{s:15:\"civicrm_contact\";i:1;s:25:\"`civicrm_group_contact-3`\";s:114:\" LEFT JOIN civicrm_group_contact `civicrm_group_contact-3` ON contact_a.id = `civicrm_group_contact-3`.contact_id \";}'),(4,1,'Advisory Board','Advisory Board',NULL,NULL,NULL,1,'Public User Pages and Listings',' ( `civicrm_group_contact-4`.group_id = (4) AND `civicrm_group_contact-4`.status IN (\"Added\") ) ','a:11:{s:15:\"civicrm_contact\";i:1;s:18:\"civicrm_individual\";i:1;s:16:\"civicrm_location\";i:1;s:15:\"civicrm_address\";i:1;s:22:\"civicrm_state_province\";i:1;s:15:\"civicrm_country\";i:1;s:13:\"civicrm_email\";i:1;s:13:\"civicrm_phone\";i:1;s:10:\"civicrm_im\";i:1;s:25:\"`civicrm_group_contact-4`\";s:114:\" LEFT JOIN civicrm_group_contact `civicrm_group_contact-4` ON contact_a.id = `civicrm_group_contact-4`.contact_id \";s:6:\"gender\";i:1;}','a:2:{s:15:\"civicrm_contact\";i:1;s:25:\"`civicrm_group_contact-4`\";s:114:\" LEFT JOIN civicrm_group_contact `civicrm_group_contact-4` ON contact_a.id = `civicrm_group_contact-4`.contact_id \";}');
/*!40000 ALTER TABLE `civicrm_group` ENABLE KEYS */;
UNLOCK TABLES;

--
-- Dumping data for table `civicrm_group_contact`
--

LOCK TABLES `civicrm_group_contact` WRITE;
/*!40000 ALTER TABLE `civicrm_group_contact` DISABLE KEYS */;
INSERT INTO `civicrm_group_contact` (`id`, `group_id`, `contact_id`, `status`, `location_id`, `email_id`) VALUES (1,2,58,'Removed',NULL,NULL),(2,2,89,'Removed',NULL,NULL),(3,2,24,'Removed',NULL,NULL),(4,2,52,'Added',NULL,NULL),(5,2,16,'Added',NULL,NULL),(6,2,84,'Removed',NULL,NULL),(7,2,53,'Added',NULL,NULL),(8,2,22,'Removed',NULL,NULL),(9,2,62,'Removed',NULL,NULL),(10,2,57,'Added',NULL,NULL),(11,2,29,'Removed',NULL,NULL),(12,2,59,'Added',NULL,NULL),(13,2,61,'Removed',NULL,NULL),(14,2,76,'Removed',NULL,NULL),(15,2,63,'Removed',NULL,NULL),(16,2,99,'Added',NULL,NULL),(17,2,13,'Removed',NULL,NULL),(18,2,54,'Added',NULL,NULL),(19,2,98,'Added',NULL,NULL),(20,2,65,'Removed',NULL,NULL),(21,2,101,'Removed',NULL,NULL),(22,2,78,'Added',NULL,NULL),(23,2,95,'Removed',NULL,NULL),(24,2,66,'Removed',NULL,NULL),(25,2,41,'Added',NULL,NULL),(26,2,97,'Added',NULL,NULL),(27,2,3,'Added',NULL,NULL),(28,2,100,'Added',NULL,NULL),(29,2,25,'Added',NULL,NULL),(30,2,69,'Added',NULL,NULL),(31,2,82,'Added',NULL,NULL),(32,2,77,'Removed',NULL,NULL),(33,2,81,'Removed',NULL,NULL),(34,2,74,'Added',NULL,NULL),(35,2,75,'Added',NULL,NULL),(36,2,90,'Added',NULL,NULL),(37,2,68,'Removed',NULL,NULL),(38,2,42,'Added',NULL,NULL),(39,3,6,'Removed',NULL,NULL),(40,3,73,'Added',NULL,NULL),(41,3,32,'Removed',NULL,NULL),(42,3,7,'Added',NULL,NULL),(43,3,45,'Removed',NULL,NULL),(44,3,67,'Removed',NULL,NULL),(45,3,39,'Removed',NULL,NULL),(46,3,51,'Removed',NULL,NULL),(47,3,87,'Added',NULL,NULL),(48,4,56,'Removed',NULL,NULL),(49,4,52,'Removed',NULL,NULL),(50,4,76,'Removed',NULL,NULL),(51,4,95,'Added',NULL,NULL),(52,4,46,'Removed',NULL,NULL);
/*!40000 ALTER TABLE `civicrm_group_contact` ENABLE KEYS */;
UNLOCK TABLES;

--
-- Dumping data for table `civicrm_household`
--

LOCK TABLES `civicrm_household` WRITE;
/*!40000 ALTER TABLE `civicrm_household` DISABLE KEYS */;
INSERT INTO `civicrm_household` (`id`, `contact_id`, `household_name`, `primary_contact_id`) VALUES (1,91,'Donald Yadav\'s home',29),(2,93,'Rebecca Zope\'s home',36),(3,37,'Sheila Zope\'s home',63),(4,96,'Franklin Roberts\'s home',54),(5,83,'Chris Reynolds\'s home',65),(6,4,'Bill Reynolds\'s home',95),(7,34,'Sam chowski\'s home',97),(8,23,'Andrew Roberts\'s home',25),(9,64,'Sandy Jones\'s home',92),(10,15,'Jennifer Grant\'s home',74),(11,48,'Peter Reynolds\'s home',90),(12,80,'Paula Roberts\'s home',42),(13,38,'Amar Smith\'s home',33),(14,9,'Monica Grant\'s home',17),(15,18,'Pat Adams\'s home',39);
/*!40000 ALTER TABLE `civicrm_household` ENABLE KEYS */;
UNLOCK TABLES;

--
-- Dumping data for table `civicrm_im`
--

LOCK TABLES `civicrm_im` WRITE;
/*!40000 ALTER TABLE `civicrm_im` DISABLE KEYS */;
/*!40000 ALTER TABLE `civicrm_im` ENABLE KEYS */;
UNLOCK TABLES;

--
-- Dumping data for table `civicrm_individual`
--

LOCK TABLES `civicrm_individual` WRITE;
/*!40000 ALTER TABLE `civicrm_individual` DISABLE KEYS */;
INSERT INTO `civicrm_individual` (`id`, `contact_id`, `first_name`, `middle_name`, `last_name`, `prefix_id`, `suffix_id`, `greeting_type`, `custom_greeting`, `job_title`, `gender_id`, `birth_date`, `is_deceased`, `deceased_date`, `phone_to_household_id`, `email_to_household_id`, `mail_to_household_id`) VALUES (1,56,'Brzczysaw','M','Roberts',1,2,'Formal',NULL,NULL,2,'1984-09-12',1,NULL,NULL,NULL,NULL),(2,58,'Dan','S','Adams',3,2,'Other',NULL,NULL,2,'2003-12-10',1,NULL,NULL,NULL,NULL),(3,20,'Chetan','Y','Grant',3,1,'Custom',NULL,NULL,2,'2000-11-25',0,NULL,NULL,NULL,NULL),(4,89,'Pat','B','chowski',1,2,'Formal',NULL,NULL,2,'1980-02-01',0,NULL,NULL,NULL,NULL),(5,28,'Anne','X','Yadav',3,1,'Custom',NULL,NULL,1,'1983-08-13',0,NULL,NULL,NULL,NULL),(6,70,'Sandy','V','Jameson',3,1,'Custom',NULL,NULL,1,'1982-02-19',1,NULL,NULL,NULL,NULL),(7,24,'Sandy','Q','Yadav',1,1,'Honorific',NULL,NULL,2,'1981-02-06',0,NULL,NULL,NULL,NULL),(8,52,'Sheila','P','Adams',2,2,'Honorific',NULL,NULL,2,'2006-05-10',1,NULL,NULL,NULL,NULL),(9,16,'Pat','U','Jameson',2,2,'Custom',NULL,NULL,1,'1976-03-21',0,NULL,NULL,NULL,NULL),(10,84,'Raymond','Q','Grant',2,1,'Informal',NULL,NULL,2,'1998-11-08',0,NULL,NULL,NULL,NULL),(11,53,'Rebecca','W','Zope',2,1,'Informal',NULL,NULL,2,'1982-08-02',1,NULL,NULL,NULL,NULL),(12,22,'Raymond','M','Jones',2,2,'Other',NULL,NULL,1,'1982-12-17',0,NULL,NULL,NULL,NULL),(13,62,'Alice','A','Yadav',2,2,'Informal',NULL,NULL,2,'1973-12-07',0,NULL,NULL,NULL,NULL),(14,71,'Melinda','N','Reynolds',1,2,'Other',NULL,NULL,1,'1981-10-29',0,NULL,NULL,NULL,NULL),(15,57,'Amar','X','Smith',4,1,'Formal',NULL,NULL,2,'1971-07-25',1,NULL,NULL,NULL,NULL),(16,29,'Donald','I','Yadav',4,1,'Custom',NULL,NULL,1,'1987-10-29',0,NULL,NULL,NULL,NULL),(17,79,'Sheila','J','Patel',4,1,'Informal',NULL,NULL,2,'1992-09-17',0,NULL,NULL,NULL,NULL),(18,44,'Michael','H','Roberts',3,2,'Formal',NULL,NULL,1,'1996-08-20',1,NULL,NULL,NULL,NULL),(19,59,'Alice','K','Smith',2,2,'Other',NULL,NULL,2,'1985-06-23',1,NULL,NULL,NULL,NULL),(20,36,'Rebecca','X','Zope',4,1,'Formal',NULL,NULL,1,'1992-07-07',1,NULL,NULL,NULL,NULL),(21,61,'Sandy','P','chowski',4,1,'Custom',NULL,NULL,2,'2004-03-31',0,NULL,NULL,NULL,NULL),(22,76,'Sheila','F','Samuels',4,1,'Informal',NULL,NULL,1,'1978-02-28',0,NULL,NULL,NULL,NULL),(23,2,'Milan','H','Adams',2,2,'Formal',NULL,NULL,1,'1996-08-20',0,NULL,NULL,NULL,NULL),(24,63,'Sheila','M','Zope',4,1,'Formal',NULL,NULL,2,'1989-01-17',0,NULL,NULL,NULL,NULL),(25,99,'Amar','L','Reynolds',2,1,'Honorific',NULL,NULL,2,'2004-06-16',0,NULL,NULL,NULL,NULL),(26,30,'Dan','F','Yadav',3,1,'Other',NULL,NULL,1,'1988-12-26',1,NULL,NULL,NULL,NULL),(27,13,'Sam','P','Grant',3,2,'Honorific',NULL,NULL,1,'1986-11-16',0,NULL,NULL,NULL,NULL),(28,54,'Franklin','H','Roberts',2,2,'Honorific',NULL,NULL,1,'1988-12-10',0,NULL,NULL,NULL,NULL),(29,21,'Dan','M','Adams',3,1,'Formal',NULL,NULL,1,'1977-10-27',1,NULL,NULL,NULL,NULL),(30,98,'Brzczysaw','Y','Roberts',4,1,'Other',NULL,NULL,1,'1979-07-28',0,NULL,NULL,NULL,NULL),(31,35,'Alice','Z','Yadav',2,1,'Honorific',NULL,NULL,2,'1998-09-14',0,NULL,NULL,NULL,NULL),(32,65,'Chris','L','Reynolds',4,2,'Honorific',NULL,NULL,2,'2004-06-02',1,NULL,NULL,NULL,NULL),(33,72,'Chris','N','Roberts',4,1,'Custom',NULL,NULL,1,'1975-09-29',0,NULL,NULL,NULL,NULL),(34,101,'Donald','M','Jones',1,2,'Formal',NULL,NULL,1,'1981-02-25',1,NULL,NULL,NULL,NULL),(35,78,'Peter','Z','Patel',1,2,'Custom',NULL,NULL,2,'1985-06-08',0,NULL,NULL,NULL,NULL),(36,95,'Bill','L','Reynolds',2,1,'Informal',NULL,NULL,1,'1977-07-13',0,NULL,NULL,NULL,NULL),(37,66,'Raymond','J','Zope',3,2,'Custom',NULL,NULL,1,'1996-04-20',1,NULL,NULL,NULL,NULL),(38,27,'Michelle','W','Reynolds',1,2,'Honorific',NULL,NULL,2,'1998-11-25',0,NULL,NULL,NULL,NULL),(39,41,'Amar','E','Jameson',2,2,'Custom',NULL,NULL,1,'1976-03-11',0,NULL,NULL,NULL,NULL),(40,97,'Sam','G','chowski',1,1,'Formal',NULL,NULL,1,'1972-01-23',1,NULL,NULL,NULL,NULL),(41,47,'Jennifer','M','Jameson',3,2,'Other',NULL,NULL,1,'1998-10-23',1,NULL,NULL,NULL,NULL),(42,3,'Chetan','C','Yadav',2,1,'Honorific',NULL,NULL,2,'2004-05-19',0,NULL,NULL,NULL,NULL),(43,100,'Brzczysaw','E','Patel',2,2,'Other',NULL,NULL,1,'1986-11-18',1,NULL,NULL,NULL,NULL),(44,25,'Andrew','L','Roberts',3,1,'Honorific',NULL,NULL,2,'1973-11-19',1,NULL,NULL,NULL,NULL),(45,69,'Andrew','S','Patel',3,2,'Formal',NULL,NULL,1,'1998-09-28',0,NULL,NULL,NULL,NULL),(46,82,'Purvi','G','Reynolds',1,1,'Formal',NULL,NULL,1,'1988-03-07',1,NULL,NULL,NULL,NULL),(47,77,'Pat','W','Grant',4,2,'Custom',NULL,NULL,2,'1986-03-20',1,NULL,NULL,NULL,NULL),(48,92,'Sandy','V','Jones',3,2,'Custom',NULL,NULL,2,'2002-05-23',0,NULL,NULL,NULL,NULL),(49,19,'Anne','J','Reynolds',3,2,'Formal',NULL,NULL,2,'2004-02-23',0,NULL,NULL,NULL,NULL),(50,46,'Purvi','H','Samuels',1,1,'Formal',NULL,NULL,2,'2001-09-29',1,NULL,NULL,NULL,NULL),(51,81,'Brzczysaw','G','Reynolds',4,1,'Formal',NULL,NULL,1,'1990-09-09',0,NULL,NULL,NULL,NULL),(52,74,'Jennifer','M','Grant',1,1,'Formal',NULL,NULL,1,'2002-04-04',0,NULL,NULL,NULL,NULL),(53,75,'Donald','V','Zope',4,2,'Other',NULL,NULL,2,'1972-11-17',0,NULL,NULL,NULL,NULL),(54,60,'Melinda','K','Jones',4,2,'Formal',NULL,NULL,2,'1985-02-10',1,NULL,NULL,NULL,NULL),(55,88,'Chetan','O','Smith',1,2,'Honorific',NULL,NULL,1,'1984-11-21',1,NULL,NULL,NULL,NULL),(56,90,'Peter','B','Reynolds',3,2,'Other',NULL,NULL,2,'1989-03-10',1,NULL,NULL,NULL,NULL),(57,68,'Alice','N','Jones',3,1,'Honorific',NULL,NULL,1,'1998-09-30',0,NULL,NULL,NULL,NULL),(58,11,'Jennifer','S','Smith',4,1,'Honorific',NULL,NULL,2,'1971-04-05',1,NULL,NULL,NULL,NULL),(59,86,'Michael','W','Smith',3,1,'Honorific',NULL,NULL,1,'1999-03-05',0,NULL,NULL,NULL,NULL),(60,42,'Paula','L','Roberts',2,2,'Informal',NULL,NULL,2,'2001-04-03',0,NULL,NULL,NULL,NULL),(61,6,'Jennifer','F','Reynolds',4,2,'Custom',NULL,NULL,1,'2006-10-12',1,NULL,NULL,NULL,NULL),(62,5,'Alice','U','Adams',1,2,'Formal',NULL,NULL,1,'2005-02-12',0,NULL,NULL,NULL,NULL),(63,73,'Paula','K','Adams',1,1,'Formal',NULL,NULL,2,'1999-05-02',0,NULL,NULL,NULL,NULL),(64,33,'Amar','K','Smith',3,1,'Honorific',NULL,NULL,1,'1998-02-19',0,NULL,NULL,NULL,NULL),(65,32,'Purvi','Z','Smith',3,1,'Formal',NULL,NULL,1,'1979-02-22',0,NULL,NULL,NULL,NULL),(66,49,'Sandy','T','chowski',2,1,'Formal',NULL,NULL,2,'2006-12-21',1,NULL,NULL,NULL,NULL),(67,7,'Amar','Z','Zope',1,2,'Other',NULL,NULL,2,'1995-05-30',1,NULL,NULL,NULL,NULL),(68,17,'Monica','H','Grant',3,1,'Custom',NULL,NULL,1,'1974-01-27',1,NULL,NULL,NULL,NULL),(69,45,'Bill','J','Reynolds',4,1,'Formal',NULL,NULL,2,'1991-10-17',0,NULL,NULL,NULL,NULL),(70,43,'Chetan','A','Jones',1,1,'Custom',NULL,NULL,1,'1982-06-01',0,NULL,NULL,NULL,NULL),(71,67,'Purvi','F','Reynolds',2,2,'Custom',NULL,NULL,2,'1991-11-19',0,NULL,NULL,NULL,NULL),(72,39,'Pat','Y','Adams',3,2,'Honorific',NULL,NULL,1,'1990-03-27',0,NULL,NULL,NULL,NULL),(73,51,'Milan','E','Patel',1,1,'Honorific',NULL,NULL,1,'1990-04-11',0,NULL,NULL,NULL,NULL),(74,87,'Melinda','A','Grant',3,1,'Informal',NULL,NULL,2,'1979-05-01',0,NULL,NULL,NULL,NULL),(75,14,'Purvi','P','Patel',1,2,'Honorific',NULL,NULL,2,'1976-09-07',1,NULL,NULL,NULL,NULL);
/*!40000 ALTER TABLE `civicrm_individual` ENABLE KEYS */;
UNLOCK TABLES;

--
-- Dumping data for table `civicrm_line_item`
--

LOCK TABLES `civicrm_line_item` WRITE;
/*!40000 ALTER TABLE `civicrm_line_item` DISABLE KEYS */;
/*!40000 ALTER TABLE `civicrm_line_item` ENABLE KEYS */;
UNLOCK TABLES;

--
-- Dumping data for table `civicrm_location`
--

LOCK TABLES `civicrm_location` WRITE;
/*!40000 ALTER TABLE `civicrm_location` DISABLE KEYS */;
INSERT INTO `civicrm_location` (`id`, `entity_table`, `entity_id`, `location_type_id`, `is_primary`, `name`) VALUES (1,'civicrm_domain',1,3,1,NULL),(2,'civicrm_contact',56,1,1,NULL),(3,'civicrm_contact',58,1,1,NULL),(4,'civicrm_contact',20,1,1,NULL),(5,'civicrm_contact',89,1,1,NULL),(6,'civicrm_contact',28,1,1,NULL),(7,'civicrm_contact',70,1,1,NULL),(8,'civicrm_contact',24,1,1,NULL),(9,'civicrm_contact',52,1,1,NULL),(10,'civicrm_contact',16,1,1,NULL),(11,'civicrm_contact',84,1,1,NULL),(12,'civicrm_contact',53,1,1,NULL),(13,'civicrm_contact',22,1,1,NULL),(14,'civicrm_contact',62,1,1,NULL),(15,'civicrm_contact',71,1,1,NULL),(16,'civicrm_contact',57,1,1,NULL),(17,'civicrm_contact',91,1,1,NULL),(18,'civicrm_contact',93,1,1,NULL),(19,'civicrm_contact',37,1,1,NULL),(20,'civicrm_contact',96,1,1,NULL),(21,'civicrm_contact',83,1,1,NULL),(22,'civicrm_contact',4,1,1,NULL),(23,'civicrm_contact',34,1,1,NULL),(24,'civicrm_contact',23,1,1,NULL),(25,'civicrm_contact',64,1,1,NULL),(26,'civicrm_contact',15,1,1,NULL),(27,'civicrm_contact',48,1,1,NULL),(28,'civicrm_contact',80,1,1,NULL),(29,'civicrm_contact',38,1,1,NULL),(30,'civicrm_contact',9,1,1,NULL),(31,'civicrm_contact',18,1,1,NULL),(32,'civicrm_contact',8,3,1,NULL),(33,'civicrm_contact',94,3,1,NULL),(34,'civicrm_contact',55,3,1,NULL),(35,'civicrm_contact',85,3,1,NULL),(36,'civicrm_contact',40,3,1,NULL),(37,'civicrm_contact',26,3,1,NULL),(38,'civicrm_contact',10,3,1,NULL),(39,'civicrm_contact',50,3,1,NULL),(40,'civicrm_contact',31,3,1,NULL),(41,'civicrm_contact',12,3,1,NULL),(42,'civicrm_contact',29,1,1,NULL),(43,'civicrm_contact',79,1,1,NULL),(44,'civicrm_contact',44,1,1,NULL),(45,'civicrm_contact',59,1,1,NULL),(46,'civicrm_contact',36,1,1,NULL),(47,'civicrm_contact',61,1,1,NULL),(48,'civicrm_contact',76,1,1,NULL),(49,'civicrm_contact',2,1,1,NULL),(50,'civicrm_contact',63,1,1,NULL),(51,'civicrm_contact',99,1,1,NULL),(52,'civicrm_contact',30,1,1,NULL),(53,'civicrm_contact',13,1,1,NULL),(54,'civicrm_contact',54,1,1,NULL),(55,'civicrm_contact',21,1,1,NULL),(56,'civicrm_contact',98,1,1,NULL),(57,'civicrm_contact',35,1,1,NULL),(58,'civicrm_contact',65,1,1,NULL),(59,'civicrm_contact',72,1,1,NULL),(60,'civicrm_contact',101,1,1,NULL),(61,'civicrm_contact',78,1,1,NULL),(62,'civicrm_contact',95,1,1,NULL),(63,'civicrm_contact',66,1,1,NULL),(64,'civicrm_contact',27,1,1,NULL),(65,'civicrm_contact',41,1,1,NULL),(66,'civicrm_contact',97,1,1,NULL),(67,'civicrm_contact',47,1,1,NULL),(68,'civicrm_contact',3,1,1,NULL),(69,'civicrm_contact',100,1,1,NULL),(70,'civicrm_contact',25,1,1,NULL),(71,'civicrm_contact',69,1,1,NULL),(72,'civicrm_contact',82,1,1,NULL),(73,'civicrm_contact',77,1,1,NULL),(74,'civicrm_contact',92,1,1,NULL),(75,'civicrm_contact',19,1,1,NULL),(76,'civicrm_contact',46,1,1,NULL),(77,'civicrm_contact',81,1,1,NULL),(78,'civicrm_contact',74,1,1,NULL),(79,'civicrm_contact',75,1,1,NULL),(80,'civicrm_contact',60,1,1,NULL),(81,'civicrm_contact',88,1,1,NULL),(82,'civicrm_contact',90,1,1,NULL),(83,'civicrm_contact',68,1,1,NULL),(84,'civicrm_contact',11,1,1,NULL),(85,'civicrm_contact',86,1,1,NULL),(86,'civicrm_contact',42,1,1,NULL),(87,'civicrm_event',1,1,0,'Echo Park Rec Center'),(88,'civicrm_event',2,3,0,'Johnson Pavilion'),(89,'civicrm_event',3,3,1,'Capitol Fields');
/*!40000 ALTER TABLE `civicrm_location` ENABLE KEYS */;
UNLOCK TABLES;

--
-- Dumping data for table `civicrm_location_type`
--

LOCK TABLES `civicrm_location_type` WRITE;
/*!40000 ALTER TABLE `civicrm_location_type` DISABLE KEYS */;
INSERT INTO `civicrm_location_type` (`id`, `domain_id`, `name`, `vcard_name`, `description`, `is_reserved`, `is_active`, `is_default`) VALUES (1,1,'Home','HOME','Place of residence',0,1,1),(2,1,'Work','WORK','Work location',0,1,NULL),(3,1,'Main',NULL,'Main office location',0,1,NULL),(4,1,'Other',NULL,'Other location',0,1,NULL),(5,1,'Billing',NULL,'Billing Address location',1,1,NULL);
/*!40000 ALTER TABLE `civicrm_location_type` ENABLE KEYS */;
UNLOCK TABLES;

--
-- Dumping data for table `civicrm_log`
--

LOCK TABLES `civicrm_log` WRITE;
/*!40000 ALTER TABLE `civicrm_log` DISABLE KEYS */;
/*!40000 ALTER TABLE `civicrm_log` ENABLE KEYS */;
UNLOCK TABLES;

--
-- Dumping data for table `civicrm_mailing`
--

LOCK TABLES `civicrm_mailing` WRITE;
/*!40000 ALTER TABLE `civicrm_mailing` DISABLE KEYS */;
/*!40000 ALTER TABLE `civicrm_mailing` ENABLE KEYS */;
UNLOCK TABLES;

--
-- Dumping data for table `civicrm_mailing_bounce_pattern`
--

LOCK TABLES `civicrm_mailing_bounce_pattern` WRITE;
/*!40000 ALTER TABLE `civicrm_mailing_bounce_pattern` DISABLE KEYS */;
INSERT INTO `civicrm_mailing_bounce_pattern` (`id`, `bounce_type_id`, `pattern`) VALUES (1,1,'Client TOS Notification'),(2,2,'(be|am)? (out of|away from) (the|my)? (office|computer|town)'),(3,2,'i am on vacation'),(4,3,'name(server entry| lookup failure)'),(5,3,'no (mail server|matches to nameserver query|dns entries)'),(6,3,'reverse dns entry'),(7,4,'(unknown|not local) host'),(8,4,'all hosts have been failing'),(9,4,'allowed rcpthosts'),(10,4,'connection (refused|timed out)'),(11,4,'couldn\'t find any host named'),(12,4,'error involving remote host'),(13,4,'host unknown'),(14,4,'invalid host name'),(15,4,'isn\'t in my control/locals file'),(16,4,'local configuration error'),(17,4,'not a gateway'),(18,4,'server is down or unreachable'),(19,4,'too many connections'),(20,4,'unable to connect'),(21,5,'(my )?e-?mail( address)? has changed'),(22,5,'account (inactive|expired|deactivated)'),(23,5,'account is locked'),(24,5,'changed w+( e-?mail)? address'),(25,5,'deactivated mailbox'),(26,5,'disabled or discontinued'),(27,5,'inactive user'),(28,5,'is inactive on this domain'),(29,5,'mail receiving disabled'),(30,5,'mail( ?)address is administrative?ly disabled'),(31,5,'mailbox (temporarily disabled|currently suspended)'),(32,5,'no longer (accepting mail|on server|in use|with|employed|on staff|works for|using this account)'),(33,5,'not accepting mail'),(34,5,'please use my new e-?mail address'),(35,5,'this address no longer accepts mail'),(36,5,'user account suspended'),(37,6,'(user|recipient( name)?) is not recognized'),(38,6,'554 delivery error'),(39,6,'address does not exist'),(40,6,'address(es)? could not be found'),(41,6,'addressee unknown'),(42,6,'bad destination'),(43,6,'badly formatted address'),(44,6,'can\'t open mailbox for'),(45,6,'cannot deliver'),(46,6,'delivery to the following recipients failed'),(47,6,'destination addresses were unknown'),(48,6,'did not reach the following recipient'),(49,6,'does not exist'),(50,6,'does not like recipient'),(51,6,'does not specify a valid notes mail file'),(52,6,'illegal alias'),(53,6,'invalid (mailbox|(e-?mail )?address|recipient|final delivery)'),(54,6,'invalid( or unknown)?( virtual)? user'),(55,6,'mail delivery to this user is not allowed'),(56,6,'mailbox (not found|unavailable|name not allowed)'),(57,6,'message could not be forwarded'),(58,6,'missing or malformed local(-| )part'),(59,6,'no e-?mail address registered'),(60,6,'no such (mail drop|mailbox( w+)?|(e-?mail )?address|recipient|(local )?user)( here)?'),(61,6,'no mailbox here by that name'),(62,6,'not (listed in|found in directory|known at this site|our customer)'),(63,6,'not a valid( (user|mailbox))?'),(64,6,'not present in directory entry'),(65,6,'recipient (does not exist|(is )?unknown)'),(66,6,'this user doesn\'t have a yahoo.com address'),(67,6,'unavailable to take delivery of the message'),(68,6,'unavailable mailbox'),(69,6,'unknown (local( |-)part|recipient)'),(70,6,'unknown( or illegal)? user( account)?'),(71,6,'unrecognized recipient'),(72,6,'unregistered address'),(73,6,'user (unknown|does not exist)'),(74,6,'user doesn\'t have an? w+ account'),(75,6,'user(\'s e-?mail name is)? not found'),(76,7,'(mail|routing) loop'),(77,7,'excessive recursion'),(78,7,'loop detected'),(79,7,'maximum hop count exceeded'),(80,7,'message was forwarded more than the maximum allowed times'),(81,7,'too many hops'),(82,8,'(disk|over the allowed|exceed(ed|s)?|storage) quota'),(83,8,'522_mailbox_full'),(84,8,'exceeds allowed message count'),(85,8,'file too large'),(86,8,'full mailbox'),(87,8,'mailbox ((for user w+ )?is )?full'),(88,8,'mailbox has exceeded the limit'),(89,8,'mailbox( exceeds allowed)? size'),(90,8,'no space left for this user'),(91,8,'overs?quota'),(92,8,'quota (for the mailbox )?has been exceeded'),(93,8,'quota (usage|violation|exceeded)'),(94,8,'recipient storage full'),(95,8,'not able to receive more mail'),(96,9,'cannot find your hostname'),(97,9,'ip name lookup'),(98,9,'not configured to relay mail'),(99,9,'relay (not permitted|access denied)'),(100,9,'relayed mail to .+? not allowed'),(101,9,'sender ip must resolve'),(102,9,'unable to relay'),(103,10,'(bulk( e-?mail)|content|attachment blocking|virus|mail system) filters?'),(104,10,'(hostile|questionable|unacceptable) content'),(105,10,'address .+? has not been verified'),(106,10,'anti-?spam (policw+|software)'),(107,10,'anti-?virus gateway has detected'),(108,10,'blacklisted'),(109,10,'blocked message'),(110,10,'content control'),(111,10,'delivery not authorized'),(112,10,'does not conform to our e-?mail policy'),(113,10,'excessive spam content'),(114,10,'message looks suspicious'),(115,10,'open relay'),(116,10,'sender was rejected'),(117,10,'spam(check| reduction software| filters?)'),(118,10,'blocked by a user configured filter'),(119,10,'detected as spam'),(120,11,'nonstandard smtp line terminator'),(121,11,'syntax error in from address'),(122,11,'unknown smtp code');
/*!40000 ALTER TABLE `civicrm_mailing_bounce_pattern` ENABLE KEYS */;
UNLOCK TABLES;

--
-- Dumping data for table `civicrm_mailing_bounce_type`
--

LOCK TABLES `civicrm_mailing_bounce_type` WRITE;
/*!40000 ALTER TABLE `civicrm_mailing_bounce_type` DISABLE KEYS */;
INSERT INTO `civicrm_mailing_bounce_type` (`id`, `name`, `description`, `hold_threshold`) VALUES (1,'AOL','AOL Terms of Service complaint',1),(2,'Away','Recipient is on vacation',3),(3,'DNS','Unable to resolve recipient domain',3),(4,'Host','Unable to deliver to destintation mail server',3),(5,'Inactive','User account is no longer active',1),(6,'Invalid','Email address is not valid',1),(7,'Loop','Mail routing error',3),(8,'Quota','User inbox is full',3),(9,'Relay','Unable to reach destination mail server',3),(10,'Spam','Message caught by a content filter',1),(11,'Syntax','Error in SMTP transaction',3);
/*!40000 ALTER TABLE `civicrm_mailing_bounce_type` ENABLE KEYS */;
UNLOCK TABLES;

--
-- Dumping data for table `civicrm_mailing_component`
--

LOCK TABLES `civicrm_mailing_component` WRITE;
/*!40000 ALTER TABLE `civicrm_mailing_component` DISABLE KEYS */;
INSERT INTO `civicrm_mailing_component` (`id`, `domain_id`, `name`, `component_type`, `subject`, `body_html`, `body_text`, `is_default`, `is_active`) VALUES (1,1,'Mailing Header','Header','This is the Header','HTML Body of Header','Text Body of Header',1,1),(2,1,'Mailing Footer','Footer','This is the Footer','HTML Body of Footer','Text Body of Footer',1,1),(3,1,'Subscribe Message','Subscribe','Subscription confirmation request','You have a pending subscription to {subscribe.group}. To confirm this subscription, reply to this email.','You have a pending subscription to {subscribe.group}. To confirm this subscription, reply to this email.',1,1),(4,1,'Welcome Message','Welcome','Welcome','Welcome to {welcome.group}!','Welcome to {welcome.group}!',1,1),(5,1,'Unsubscribe Message','Unsubscribe','Unsubscribe results','You have been unsubscribed from {unsubscribe.group}.','You have been unsubscribed from {unsubscribe.group}.',1,1),(6,1,'Opt-out Message','OptOut','Goodbye','You have been removed from {domain.name}. Goodbye.','You have been removed from {domain.name}. Goodbye.',1,1),(7,1,'Auto-responder','Reply','Automated response','Thank you for your reply.','Thank you for your reply.',1,1);
/*!40000 ALTER TABLE `civicrm_mailing_component` ENABLE KEYS */;
UNLOCK TABLES;

--
-- Dumping data for table `civicrm_mailing_event_bounce`
--

LOCK TABLES `civicrm_mailing_event_bounce` WRITE;
/*!40000 ALTER TABLE `civicrm_mailing_event_bounce` DISABLE KEYS */;
/*!40000 ALTER TABLE `civicrm_mailing_event_bounce` ENABLE KEYS */;
UNLOCK TABLES;

--
-- Dumping data for table `civicrm_mailing_event_confirm`
--

LOCK TABLES `civicrm_mailing_event_confirm` WRITE;
/*!40000 ALTER TABLE `civicrm_mailing_event_confirm` DISABLE KEYS */;
/*!40000 ALTER TABLE `civicrm_mailing_event_confirm` ENABLE KEYS */;
UNLOCK TABLES;

--
-- Dumping data for table `civicrm_mailing_event_delivered`
--

LOCK TABLES `civicrm_mailing_event_delivered` WRITE;
/*!40000 ALTER TABLE `civicrm_mailing_event_delivered` DISABLE KEYS */;
/*!40000 ALTER TABLE `civicrm_mailing_event_delivered` ENABLE KEYS */;
UNLOCK TABLES;

--
-- Dumping data for table `civicrm_mailing_event_forward`
--

LOCK TABLES `civicrm_mailing_event_forward` WRITE;
/*!40000 ALTER TABLE `civicrm_mailing_event_forward` DISABLE KEYS */;
/*!40000 ALTER TABLE `civicrm_mailing_event_forward` ENABLE KEYS */;
UNLOCK TABLES;

--
-- Dumping data for table `civicrm_mailing_event_opened`
--

LOCK TABLES `civicrm_mailing_event_opened` WRITE;
/*!40000 ALTER TABLE `civicrm_mailing_event_opened` DISABLE KEYS */;
/*!40000 ALTER TABLE `civicrm_mailing_event_opened` ENABLE KEYS */;
UNLOCK TABLES;

--
-- Dumping data for table `civicrm_mailing_event_queue`
--

LOCK TABLES `civicrm_mailing_event_queue` WRITE;
/*!40000 ALTER TABLE `civicrm_mailing_event_queue` DISABLE KEYS */;
/*!40000 ALTER TABLE `civicrm_mailing_event_queue` ENABLE KEYS */;
UNLOCK TABLES;

--
-- Dumping data for table `civicrm_mailing_event_reply`
--

LOCK TABLES `civicrm_mailing_event_reply` WRITE;
/*!40000 ALTER TABLE `civicrm_mailing_event_reply` DISABLE KEYS */;
/*!40000 ALTER TABLE `civicrm_mailing_event_reply` ENABLE KEYS */;
UNLOCK TABLES;

--
-- Dumping data for table `civicrm_mailing_event_subscribe`
--

LOCK TABLES `civicrm_mailing_event_subscribe` WRITE;
/*!40000 ALTER TABLE `civicrm_mailing_event_subscribe` DISABLE KEYS */;
/*!40000 ALTER TABLE `civicrm_mailing_event_subscribe` ENABLE KEYS */;
UNLOCK TABLES;

--
-- Dumping data for table `civicrm_mailing_event_trackable_url_open`
--

LOCK TABLES `civicrm_mailing_event_trackable_url_open` WRITE;
/*!40000 ALTER TABLE `civicrm_mailing_event_trackable_url_open` DISABLE KEYS */;
/*!40000 ALTER TABLE `civicrm_mailing_event_trackable_url_open` ENABLE KEYS */;
UNLOCK TABLES;

--
-- Dumping data for table `civicrm_mailing_event_unsubscribe`
--

LOCK TABLES `civicrm_mailing_event_unsubscribe` WRITE;
/*!40000 ALTER TABLE `civicrm_mailing_event_unsubscribe` DISABLE KEYS */;
/*!40000 ALTER TABLE `civicrm_mailing_event_unsubscribe` ENABLE KEYS */;
UNLOCK TABLES;

--
-- Dumping data for table `civicrm_mailing_group`
--

LOCK TABLES `civicrm_mailing_group` WRITE;
/*!40000 ALTER TABLE `civicrm_mailing_group` DISABLE KEYS */;
/*!40000 ALTER TABLE `civicrm_mailing_group` ENABLE KEYS */;
UNLOCK TABLES;

--
-- Dumping data for table `civicrm_mailing_job`
--

LOCK TABLES `civicrm_mailing_job` WRITE;
/*!40000 ALTER TABLE `civicrm_mailing_job` DISABLE KEYS */;
/*!40000 ALTER TABLE `civicrm_mailing_job` ENABLE KEYS */;
UNLOCK TABLES;

--
-- Dumping data for table `civicrm_mailing_trackable_url`
--

LOCK TABLES `civicrm_mailing_trackable_url` WRITE;
/*!40000 ALTER TABLE `civicrm_mailing_trackable_url` DISABLE KEYS */;
/*!40000 ALTER TABLE `civicrm_mailing_trackable_url` ENABLE KEYS */;
UNLOCK TABLES;

--
-- Dumping data for table `civicrm_mapping`
--

LOCK TABLES `civicrm_mapping` WRITE;
/*!40000 ALTER TABLE `civicrm_mapping` DISABLE KEYS */;
/*!40000 ALTER TABLE `civicrm_mapping` ENABLE KEYS */;
UNLOCK TABLES;

--
-- Dumping data for table `civicrm_mapping_field`
--

LOCK TABLES `civicrm_mapping_field` WRITE;
/*!40000 ALTER TABLE `civicrm_mapping_field` DISABLE KEYS */;
/*!40000 ALTER TABLE `civicrm_mapping_field` ENABLE KEYS */;
UNLOCK TABLES;

--
-- Dumping data for table `civicrm_meeting`
--

LOCK TABLES `civicrm_meeting` WRITE;
/*!40000 ALTER TABLE `civicrm_meeting` DISABLE KEYS */;
/*!40000 ALTER TABLE `civicrm_meeting` ENABLE KEYS */;
UNLOCK TABLES;

--
-- Dumping data for table `civicrm_membership`
--

LOCK TABLES `civicrm_membership` WRITE;
/*!40000 ALTER TABLE `civicrm_membership` DISABLE KEYS */;
INSERT INTO `civicrm_membership` (`id`, `contact_id`, `membership_type_id`, `join_date`, `start_date`, `end_date`, `source`, `status_id`, `is_override`, `reminder_date`, `owner_membership_id`, `is_test`) VALUES (1,41,1,'2006-01-21','2006-01-21','2006-12-21','Payment',4,NULL,NULL,NULL,0),(2,42,2,'2005-05-07','2005-05-07','2006-05-07','Donation',4,NULL,NULL,NULL,0),(3,16,1,'2005-05-05','2005-05-05','2006-05-10','Check',4,NULL,NULL,NULL,0),(4,7,1,'2005-10-21','2005-10-21','2006-10-22','Payment',4,NULL,NULL,NULL,0),(5,5,2,'2005-01-10','2005-01-10','2006-07-09','Donation',4,NULL,NULL,NULL,0),(6,45,2,'2005-03-05','2005-03-05','2005-12-04','Check',4,NULL,NULL,NULL,0),(7,47,1,'2006-07-21','2006-07-21','2007-01-20','Payment',4,NULL,NULL,NULL,0),(8,14,2,'2006-03-07','2006-03-07','2006-12-31','Donation',4,NULL,NULL,NULL,0),(9,51,3,'2005-02-05','2005-02-05','2006-02-10','Check',4,NULL,NULL,NULL,0),(10,59,1,'2005-02-01','2005-02-01','2006-02-10','Payment',4,NULL,NULL,NULL,0),(11,61,2,'2006-01-10','2006-01-10','2007-12-09','Donation',2,NULL,NULL,NULL,0),(12,92,3,'2006-03-06','2006-03-06','2007-01-04','Check',4,NULL,NULL,NULL,0),(13,62,1,'2005-06-04','2005-06-04','2006-06-07','Payment',4,NULL,NULL,NULL,0),(14,11,2,'2004-01-10','2004-01-10','2005-02-09','Donation',4,NULL,NULL,NULL,0),(15,88,2,'2005-07-04','2005-07-04','2006-07-04','Check',4,NULL,NULL,NULL,0),(16,78,1,'2006-01-21','2006-01-21','2007-01-20','Payment',4,NULL,NULL,NULL,0),(17,99,2,'2005-01-10','2005-01-10','2007-12-09','Donation',2,NULL,NULL,NULL,0),(18,72,3,'2006-03-05','2006-03-05','2007-11-04','Check',2,NULL,NULL,NULL,0),(19,13,1,'2005-10-21','2005-10-21','2006-01-20','Payment',4,NULL,NULL,NULL,0),(20,69,2,'2006-01-10','2006-01-10','2006-12-09','Donation',4,NULL,NULL,NULL,0),(21,29,2,'2005-03-25','2005-03-25','2006-03-26','Check',4,NULL,NULL,NULL,0),(22,95,1,'2006-10-21','2006-10-21','2006-11-20','Payment',4,NULL,NULL,NULL,0),(23,70,2,'2005-01-10','2005-01-10','2007-12-09','Donation',2,NULL,NULL,NULL,0),(24,24,2,'2005-03-11','2005-03-11','2006-01-04','Check',4,NULL,NULL,NULL,0),(25,49,3,'2005-04-05','2005-04-05','2006-01-04','Check',4,NULL,NULL,NULL,0);
/*!40000 ALTER TABLE `civicrm_membership` ENABLE KEYS */;
UNLOCK TABLES;

--
-- Dumping data for table `civicrm_membership_block`
--

LOCK TABLES `civicrm_membership_block` WRITE;
/*!40000 ALTER TABLE `civicrm_membership_block` DISABLE KEYS */;
INSERT INTO `civicrm_membership_block` (`id`, `entity_table`, `entity_id`, `membership_types`, `membership_type_default`, `display_min_fee`, `is_separate_payment`, `new_title`, `new_text`, `renewal_title`, `renewal_text`, `is_required`, `is_active`) VALUES (1,'civicrm_contribution_page',2,'1,2',1,1,NULL,'Membership Levels and Fees','Please select the appropriate membership level below. You will have a chance to review your selection and the corresponding dues on the next page prior to your credit card being charged.','Renew or Upgrade Your Membership','Information on your current membership level and expiration date is shown below. You may renew or upgrade at any time - but don\'t let your membership lapse!',1,1);
/*!40000 ALTER TABLE `civicrm_membership_block` ENABLE KEYS */;
UNLOCK TABLES;

--
-- Dumping data for table `civicrm_membership_log`
--

LOCK TABLES `civicrm_membership_log` WRITE;
/*!40000 ALTER TABLE `civicrm_membership_log` DISABLE KEYS */;
INSERT INTO `civicrm_membership_log` (`id`, `membership_id`, `status_id`, `start_date`, `end_date`, `modified_id`, `modified_date`, `renewal_reminder_date`) VALUES (1,1,4,'2006-01-21','2006-12-21',41,'2007-06-08',NULL),(2,2,4,'2005-05-07','2006-05-07',42,'2007-06-08',NULL),(3,3,4,'2005-05-05','2006-05-10',16,'2007-06-08',NULL),(4,4,4,'2005-10-21','2006-10-22',7,'2007-06-08',NULL),(5,5,4,'2005-01-10','2006-07-09',5,'2007-06-08',NULL),(6,6,4,'2005-03-05','2005-12-04',45,'2007-06-08',NULL),(7,7,4,'2006-07-21','2007-01-20',47,'2007-06-08',NULL),(8,8,4,'2006-03-07','2006-12-31',14,'2007-06-08',NULL),(9,9,4,'2005-02-05','2006-02-10',51,'2007-06-08',NULL),(10,10,4,'2005-02-01','2006-02-10',59,'2007-06-08',NULL),(11,11,2,'2006-01-10','2007-12-09',61,'2007-06-08',NULL),(12,12,4,'2006-03-06','2007-01-04',92,'2007-06-08',NULL),(13,13,4,'2005-06-04','2006-06-07',62,'2007-06-08',NULL),(14,14,4,'2004-01-10','2005-02-09',11,'2007-06-08',NULL),(15,15,4,'2005-07-04','2006-07-04',88,'2007-06-08',NULL),(16,16,4,'2006-01-21','2007-01-20',78,'2007-06-08',NULL),(17,17,2,'2005-01-10','2007-12-09',99,'2007-06-08',NULL),(18,18,2,'2006-03-05','2007-11-04',72,'2007-06-08',NULL),(19,19,4,'2005-10-21','2006-01-20',13,'2007-06-08',NULL),(20,20,4,'2006-01-10','2006-12-09',69,'2007-06-08',NULL),(21,21,4,'2005-03-25','2006-03-26',29,'2007-06-08',NULL),(22,22,4,'2006-10-21','2006-11-20',95,'2007-06-08',NULL),(23,23,2,'2005-01-10','2007-12-09',70,'2007-06-08',NULL),(24,24,4,'2005-03-11','2006-01-04',24,'2007-06-08',NULL),(25,25,4,'2005-04-05','2006-01-04',49,'2007-06-08',NULL);
/*!40000 ALTER TABLE `civicrm_membership_log` ENABLE KEYS */;
UNLOCK TABLES;

--
-- Dumping data for table `civicrm_membership_payment`
--

LOCK TABLES `civicrm_membership_payment` WRITE;
/*!40000 ALTER TABLE `civicrm_membership_payment` DISABLE KEYS */;
/*!40000 ALTER TABLE `civicrm_membership_payment` ENABLE KEYS */;
UNLOCK TABLES;

--
-- Dumping data for table `civicrm_membership_status`
--

LOCK TABLES `civicrm_membership_status` WRITE;
/*!40000 ALTER TABLE `civicrm_membership_status` DISABLE KEYS */;
INSERT INTO `civicrm_membership_status` (`id`, `domain_id`, `name`, `start_event`, `start_event_adjust_unit`, `start_event_adjust_interval`, `end_event`, `end_event_adjust_unit`, `end_event_adjust_interval`, `is_current_member`, `is_admin`, `weight`, `is_default`, `is_active`) VALUES (1,1,'New','join_date',NULL,NULL,'join_date','month',3,1,0,1,0,1),(2,1,'Current','start_date',NULL,NULL,'end_date',NULL,NULL,1,0,2,1,1),(3,1,'Grace','end_date',NULL,NULL,'end_date','month',1,1,0,3,0,1),(4,1,'Expired','end_date','month',1,NULL,NULL,NULL,0,0,4,0,1);
/*!40000 ALTER TABLE `civicrm_membership_status` ENABLE KEYS */;
UNLOCK TABLES;

--
-- Dumping data for table `civicrm_membership_type`
--

LOCK TABLES `civicrm_membership_type` WRITE;
/*!40000 ALTER TABLE `civicrm_membership_type` DISABLE KEYS */;
INSERT INTO `civicrm_membership_type` (`id`, `domain_id`, `name`, `description`, `member_of_contact_id`, `contribution_type_id`, `minimum_fee`, `duration_unit`, `duration_interval`, `period_type`, `fixed_period_start_day`, `fixed_period_rollover_day`, `relationship_type_id`, `relationship_direction`, `visibility`, `weight`, `renewal_msg_id`, `renewal_reminder_day`, `is_active`) VALUES (1,1,'General','Regular annual membership.',1,2,'100.00','year',2,'rolling',NULL,NULL,7,'b_a','Public',1,NULL,NULL,1),(2,1,'Student','Discount membership for full-time students.',1,1,'50.00','year',1,'rolling',NULL,NULL,NULL,NULL,'Public',2,NULL,NULL,1),(3,1,'Lifetime','Lifetime membership.',1,2,'1200.00','lifetime',1,'rolling',NULL,NULL,7,'b_a','Admin',3,NULL,NULL,1);
/*!40000 ALTER TABLE `civicrm_membership_type` ENABLE KEYS */;
UNLOCK TABLES;

--
-- Dumping data for table `civicrm_msg_template`
--

LOCK TABLES `civicrm_msg_template` WRITE;
/*!40000 ALTER TABLE `civicrm_msg_template` DISABLE KEYS */;
/*!40000 ALTER TABLE `civicrm_msg_template` ENABLE KEYS */;
UNLOCK TABLES;

--
-- Dumping data for table `civicrm_note`
--

LOCK TABLES `civicrm_note` WRITE;
/*!40000 ALTER TABLE `civicrm_note` DISABLE KEYS */;
INSERT INTO `civicrm_note` (`id`, `entity_table`, `entity_id`, `note`, `contact_id`, `modified_date`, `subject`) VALUES (1,'civicrm_contact',56,'Send reminder for annual dinner',1,'2007-04-02',NULL),(2,'civicrm_contact',58,'Get the registration done for NGO status',1,'2007-02-07',NULL),(3,'civicrm_contact',20,'Organize the Terry Fox run',1,'2007-06-03',NULL),(4,'civicrm_contact',89,'Chart out route map for next 10k run',1,'2006-06-11',NULL),(5,'civicrm_contact',28,'Arrange for cricket match with Sunil Gavaskar',1,'2007-01-11',NULL),(6,'civicrm_contact',70,'Get the registration done for NGO status',1,'2006-07-27',NULL),(7,'civicrm_contact',24,'Arrange collection of funds from members',1,'2006-12-03',NULL),(8,'civicrm_contact',52,'Get the registration done for NGO status',1,'2006-11-17',NULL),(9,'civicrm_contact',16,'Arrange collection of funds from members',1,'2007-02-12',NULL),(10,'civicrm_contact',84,'Send newsletter for April 2005',1,'2006-10-25',NULL),(11,'civicrm_contact',53,'Arrange collection of funds from members',1,'2007-05-12',NULL),(12,'civicrm_contact',22,'Connect for presentation',1,'2007-04-17',NULL),(13,'civicrm_contact',62,'Arrange for cricket match with Sunil Gavaskar',1,'2006-07-03',NULL),(14,'civicrm_contact',71,'Connect for presentation',1,'2007-05-22',NULL),(15,'civicrm_contact',57,'Get the registration done for NGO status',1,'2006-06-29',NULL),(16,'civicrm_contact',29,'Reminder screening of \"Black\" on next Friday',1,'2006-07-17',NULL),(17,'civicrm_contact',79,'Contact the Commisioner of Charities',1,'2006-07-30',NULL),(18,'civicrm_contact',44,'Connect for presentation',1,'2007-02-21',NULL),(19,'civicrm_contact',59,'Send reminder for annual dinner',1,'2006-07-30',NULL),(20,'civicrm_contact',36,'Connect for presentation',1,'2006-07-13',NULL),(21,'civicrm_contact',61,'Send reminder for annual dinner',1,'2007-02-28',NULL),(22,'civicrm_contact',76,'Connect for presentation',1,'2007-02-07',NULL),(23,'civicrm_contact',2,'Send reminder for annual dinner',1,'2006-10-26',NULL),(24,'civicrm_contact',63,'Invite members for the Steve Prefontaine 10k dream run',1,'2006-10-03',NULL),(25,'civicrm_contact',99,'Reminder screening of \"Black\" on next Friday',1,'2006-09-29',NULL),(26,'civicrm_contact',13,'Organize the Terry Fox run',1,'2006-09-25',NULL),(27,'civicrm_contact',54,'Send reminder for annual dinner',1,'2006-11-21',NULL),(28,'civicrm_contact',21,'Organize the Terry Fox run',1,'2007-01-11',NULL),(29,'civicrm_contact',98,'Connect for presentation',1,'2007-04-15',NULL),(30,'civicrm_contact',35,'Organize the Terry Fox run',1,'2007-01-13',NULL),(31,'civicrm_contact',65,'Chart out route map for next 10k run',1,'2006-08-05',NULL),(32,'civicrm_contact',72,'Invite members for the Steve Prefontaine 10k dream run',1,'2007-02-15',NULL),(33,'civicrm_contact',101,'Connect for presentation',1,'2006-12-13',NULL),(34,'civicrm_contact',78,'Arrange collection of funds from members',1,'2006-07-05',NULL),(35,'civicrm_contact',95,'Contact the Commisioner of Charities',1,'2006-08-04',NULL),(36,'civicrm_contact',66,'Organize the Terry Fox run',1,'2006-12-13',NULL),(37,'civicrm_contact',27,'Chart out route map for next 10k run',1,'2007-02-24',NULL),(38,'civicrm_contact',41,'Send reminder for annual dinner',1,'2006-10-22',NULL),(39,'civicrm_contact',97,'Get the registration done for NGO status',1,'2007-04-09',NULL),(40,'civicrm_contact',47,'Reminder screening of \"Black\" on next Friday',1,'2007-01-12',NULL),(41,'civicrm_contact',3,'Chart out route map for next 10k run',1,'2006-09-06',NULL),(42,'civicrm_contact',100,'Get the registration done for NGO status',1,'2006-09-30',NULL),(43,'civicrm_contact',25,'Get the registration done for NGO status',1,'2006-12-02',NULL),(44,'civicrm_contact',69,'Send newsletter for April 2005',1,'2006-12-11',NULL),(45,'civicrm_contact',82,'Contact the Commisioner of Charities',1,'2006-12-19',NULL),(46,'civicrm_contact',77,'Contact the Commisioner of Charities',1,'2007-01-13',NULL),(47,'civicrm_contact',92,'Send newsletter for April 2005',1,'2007-06-02',NULL),(48,'civicrm_contact',19,'Get the registration done for NGO status',1,'2007-05-02',NULL),(49,'civicrm_contact',46,'Organize the Terry Fox run',1,'2006-10-04',NULL),(50,'civicrm_contact',81,'Reminder screening of \"Black\" on next Friday',1,'2007-05-29',NULL),(51,'civicrm_contact',74,'Arrange collection of funds from members',1,'2006-10-04',NULL),(52,'civicrm_contact',75,'Arrange for cricket match with Sunil Gavaskar',1,'2007-01-16',NULL),(53,'civicrm_contact',88,'Get the registration done for NGO status',1,'2007-03-21',NULL),(54,'civicrm_contact',68,'Arrange for cricket match with Sunil Gavaskar',1,'2007-01-23',NULL),(55,'civicrm_contact',11,'Connect for presentation',1,'2007-03-22',NULL),(56,'civicrm_contact',86,'Get the registration done for NGO status',1,'2006-06-27',NULL),(57,'civicrm_contact',42,'Contact the Commisioner of Charities',1,'2006-08-17',NULL),(58,'civicrm_contact',6,'Chart out route map for next 10k run',1,'2006-08-03',NULL),(59,'civicrm_contact',5,'Get the registration done for NGO status',1,'2006-07-16',NULL),(60,'civicrm_contact',73,'Arrange collection of funds from members',1,'2006-10-05',NULL),(61,'civicrm_contact',33,'Organize the Terry Fox run',1,'2006-09-08',NULL),(62,'civicrm_contact',32,'Reminder screening of \"Black\" on next Friday',1,'2007-03-01',NULL),(63,'civicrm_contact',49,'Get the registration done for NGO status',1,'2006-08-21',NULL),(64,'civicrm_contact',7,'Arrange for cricket match with Sunil Gavaskar',1,'2006-12-24',NULL),(65,'civicrm_contact',17,'Send reminder for annual dinner',1,'2006-09-07',NULL),(66,'civicrm_contact',45,'Reminder screening of \"Black\" on next Friday',1,'2006-06-22',NULL),(67,'civicrm_contact',43,'Contact the Commisioner of Charities',1,'2006-09-10',NULL),(68,'civicrm_contact',67,'Connect for presentation',1,'2006-09-29',NULL),(69,'civicrm_contact',39,'Organize the Terry Fox run',1,'2007-05-13',NULL),(70,'civicrm_contact',51,'Send newsletter for April 2005',1,'2007-01-20',NULL),(71,'civicrm_contact',87,'Connect for presentation',1,'2007-02-25',NULL),(72,'civicrm_contact',14,'Arrange for cricket match with Sunil Gavaskar',1,'2006-11-24',NULL),(73,'civicrm_contact',91,'Chart out route map for next 10k run',1,'2007-02-19',NULL),(74,'civicrm_contact',93,'Send newsletter for April 2005',1,'2007-02-20',NULL),(75,'civicrm_contact',37,'Chart out route map for next 10k run',1,'2006-07-27',NULL),(76,'civicrm_contact',96,'Arrange for cricket match with Sunil Gavaskar',1,'2006-10-31',NULL),(77,'civicrm_contact',83,'Connect for presentation',1,'2006-11-26',NULL),(78,'civicrm_contact',4,'Send reminder for annual dinner',1,'2006-12-20',NULL),(79,'civicrm_contact',34,'Invite members for the Steve Prefontaine 10k dream run',1,'2006-08-02',NULL),(80,'civicrm_contact',23,'Invite members for the Steve Prefontaine 10k dream run',1,'2007-03-15',NULL),(81,'civicrm_contact',64,'Contact the Commisioner of Charities',1,'2006-10-17',NULL),(82,'civicrm_contact',15,'Send newsletter for April 2005',1,'2006-09-07',NULL),(83,'civicrm_contact',48,'Connect for presentation',1,'2006-12-08',NULL),(84,'civicrm_contact',80,'Connect for presentation',1,'2007-02-21',NULL),(85,'civicrm_contact',38,'Chart out route map for next 10k run',1,'2006-12-12',NULL),(86,'civicrm_contact',9,'Arrange for cricket match with Sunil Gavaskar',1,'2006-06-21',NULL),(87,'civicrm_contact',18,'Contact the Commisioner of Charities',1,'2006-07-29',NULL),(88,'civicrm_contact',8,'Contact the Commisioner of Charities',1,'2007-01-29',NULL),(89,'civicrm_contact',94,'Chart out route map for next 10k run',1,'2006-10-26',NULL),(90,'civicrm_contact',55,'Get the registration done for NGO status',1,'2007-02-10',NULL),(91,'civicrm_contact',85,'Arrange collection of funds from members',1,'2006-08-15',NULL),(92,'civicrm_contact',40,'Arrange collection of funds from members',1,'2006-08-22',NULL),(93,'civicrm_contact',26,'Connect for presentation',1,'2006-06-15',NULL),(94,'civicrm_contact',10,'Send newsletter for April 2005',1,'2007-02-02',NULL),(95,'civicrm_contact',50,'Send reminder for annual dinner',1,'2006-08-14',NULL),(96,'civicrm_contact',31,'Arrange for cricket match with Sunil Gavaskar',1,'2006-10-25',NULL),(97,'civicrm_contact',12,'Reminder screening of \"Black\" on next Friday',1,'2007-04-30',NULL);
/*!40000 ALTER TABLE `civicrm_note` ENABLE KEYS */;
UNLOCK TABLES;

--
-- Dumping data for table `civicrm_option_group`
--

LOCK TABLES `civicrm_option_group` WRITE;
/*!40000 ALTER TABLE `civicrm_option_group` DISABLE KEYS */;
INSERT INTO `civicrm_option_group` (`id`, `domain_id`, `name`, `label`, `description`, `is_reserved`, `is_active`) VALUES (1,1,'preferred_communication_method',NULL,'Preferred Communication Method',0,1),(2,1,'activity_type',NULL,'Activity Type',0,1),(3,1,'gender',NULL,'Gender',0,1),(4,1,'instant_messenger_service',NULL,'Instant Messenger (IM) screen-names',0,1),(5,1,'mobile_provider',NULL,'Mobile Phone Providers',0,1),(6,1,'individual_prefix',NULL,'Individual contact prefixes',0,1),(7,1,'individual_suffix',NULL,'Individual contact suffixes',0,1),(8,1,'acl_role',NULL,'ACL Role',0,1),(9,1,'accept_creditcard',NULL,'Accepted Credit Cards',0,1),(10,1,'payment_instrument',NULL,'Payment Instruments',0,1),(11,1,'contribution_status',NULL,'Contribution Status',0,1),(12,1,'participant_status',NULL,'Participant Status',0,1),(13,1,'participant_role',NULL,'Participant Role',0,1),(14,1,'event_type',NULL,'Event Type',0,1),(15,1,'contact_view_options',NULL,'Contact View Options',0,1),(16,1,'contact_edit_options',NULL,'Contact Edit Options',0,1),(17,1,'advanced_search_options',NULL,'Advanced Search Options',0,1),(18,1,'user_dashboard_options',NULL,'User Dashboard Options',0,1),(19,1,'address_options',NULL,'Addressing Options',0,1);
/*!40000 ALTER TABLE `civicrm_option_group` ENABLE KEYS */;
UNLOCK TABLES;

--
-- Dumping data for table `civicrm_option_value`
--

LOCK TABLES `civicrm_option_value` WRITE;
/*!40000 ALTER TABLE `civicrm_option_value` DISABLE KEYS */;
INSERT INTO `civicrm_option_value` (`id`, `option_group_id`, `label`, `value`, `name`, `grouping`, `filter`, `is_default`, `weight`, `description`, `is_optgroup`, `is_reserved`, `is_active`) VALUES (1,1,'Phone',1,NULL,NULL,0,NULL,1,NULL,0,0,1),(2,1,'Email',2,NULL,NULL,0,NULL,2,NULL,0,0,1),(3,1,'Postal Mail',3,NULL,NULL,0,NULL,3,NULL,0,0,1),(4,1,'SMS',4,NULL,NULL,0,NULL,4,NULL,0,0,1),(5,1,'Fax',5,NULL,NULL,0,NULL,5,NULL,0,0,1),(6,2,'Meeting',1,'Meeting',NULL,0,NULL,1,'Schedule a meeting',0,1,1),(7,2,'Phone Call',2,'Phone Call',NULL,0,NULL,2,'Schedule a Phone Call',0,1,1),(8,2,'Email',3,'Email',NULL,0,NULL,3,'Email Sent',0,1,1),(9,2,'SMS',4,'SMS',NULL,0,NULL,4,'SMS',0,1,1),(10,2,'Event',5,'Event',NULL,0,NULL,5,'Event',0,0,1),(11,3,'Female',1,'Female',NULL,0,NULL,1,NULL,0,0,1),(12,3,'Male',2,'Male',NULL,0,NULL,2,NULL,0,0,1),(13,3,'Transgender',3,'Transgender',NULL,0,NULL,3,NULL,0,0,1),(14,4,'Yahoo',1,'Yahoo',NULL,0,NULL,1,NULL,0,0,1),(15,4,'MSN',2,'Msn',NULL,0,NULL,2,NULL,0,0,1),(16,4,'AIM',3,'Aim',NULL,0,NULL,3,NULL,0,0,1),(17,4,'GTalk',4,'Gtalk',NULL,0,NULL,4,NULL,0,0,1),(18,4,'Jabber',5,'Jabber',NULL,0,NULL,5,NULL,0,0,1),(19,4,'Skype',6,'Skype',NULL,0,NULL,6,NULL,0,0,1),(20,5,'Sprint',1,'Sprint',NULL,0,NULL,1,NULL,0,0,1),(21,5,'Verizon',2,'Verizon',NULL,0,NULL,2,NULL,0,0,1),(22,5,'Cingular',3,'Cingular',NULL,0,NULL,3,NULL,0,0,1),(23,6,'Mrs',1,'Mrs',NULL,0,NULL,1,NULL,0,0,1),(24,6,'Ms',2,'Ms',NULL,0,NULL,2,NULL,0,0,1),(25,6,'Mr',3,'Mr',NULL,0,NULL,3,NULL,0,0,1),(26,6,'Dr',4,'Dr',NULL,0,NULL,4,NULL,0,0,1),(27,7,'Jr',1,'Jr',NULL,0,NULL,1,NULL,0,0,1),(28,7,'Sr',2,'Sr',NULL,0,NULL,2,NULL,0,0,1),(29,7,'II',3,'II',NULL,0,NULL,3,NULL,0,0,1),(30,7,'III',4,'III',NULL,0,NULL,4,NULL,0,0,1),(31,7,'IV',5,'IV',NULL,0,NULL,5,NULL,0,0,1),(32,7,'V',6,'V',NULL,0,NULL,6,NULL,0,0,1),(33,7,'VI',7,'VI',NULL,0,NULL,7,NULL,0,0,1),(34,7,'VII',8,'VII',NULL,0,NULL,8,NULL,0,0,1),(35,8,'Administrator',1,'Admin',NULL,0,NULL,1,NULL,0,0,1),(36,8,'Authenticated',2,'Auth',NULL,0,NULL,2,NULL,0,0,1),(37,9,'Visa',1,'Visa',NULL,0,NULL,1,NULL,0,0,1),(38,9,'MasterCard',2,'MasterCard',NULL,0,NULL,2,NULL,0,0,1),(39,9,'Amex',3,'Amex',NULL,0,NULL,3,NULL,0,0,1),(40,9,'Discover',4,'Discover',NULL,0,NULL,4,NULL,0,0,1),(41,10,'Credit Card',1,'Credit Card',NULL,0,NULL,1,NULL,0,0,1),(42,10,'Debit Card',2,'Debit Card',NULL,0,NULL,2,NULL,0,0,1),(43,10,'Cash',3,'Cash',NULL,0,NULL,3,NULL,0,0,1),(44,10,'Check',4,'Check',NULL,0,NULL,4,NULL,0,0,1),(45,10,'EFT',5,'EFT',NULL,0,NULL,5,NULL,0,0,1),(46,11,'Completed',1,'Completed',NULL,0,NULL,1,NULL,0,0,1),(47,11,'Pending',2,'Pending',NULL,0,NULL,2,NULL,0,0,1),(48,11,'Cancelled',3,'Cancelled',NULL,0,NULL,3,NULL,0,0,1),(49,11,'Failed',4,'Failed',NULL,0,NULL,4,NULL,0,0,1),(50,11,'In Progress',5,'In Progress',NULL,0,NULL,5,NULL,0,0,1),(51,12,'Registered',1,'Registered',NULL,0,NULL,1,NULL,0,1,1),(52,12,'Attended',2,'Attended',NULL,0,NULL,2,NULL,0,0,1),(53,12,'No-show',3,'No-show',NULL,0,NULL,3,NULL,0,0,1),(54,12,'Cancelled',4,'Cancelled',NULL,0,NULL,4,NULL,0,1,1),(55,13,'Attendee',1,'Attendee',NULL,0,NULL,1,NULL,0,0,1),(56,13,'Volunteer',2,'Volunteer',NULL,0,NULL,2,NULL,0,0,1),(57,13,'Host',3,'Host',NULL,0,NULL,3,NULL,0,0,1),(58,13,'Speaker',4,'Speaker',NULL,0,NULL,4,NULL,0,0,1),(59,14,'Conference',1,'Conference',NULL,0,NULL,1,NULL,0,0,1),(60,14,'Exhibition',2,'Exhibition',NULL,0,NULL,2,NULL,0,0,1),(61,14,'Fundraiser',3,'Fundraiser',NULL,0,NULL,3,NULL,0,0,1),(62,14,'Meeting',4,'Meeting',NULL,0,NULL,4,NULL,0,0,1),(63,14,'Performance',5,'Performance',NULL,0,NULL,5,NULL,0,0,1),(64,14,'Workshop',6,'Workshop',NULL,0,NULL,6,NULL,0,0,1),(65,15,'Activities',1,NULL,NULL,0,NULL,1,NULL,0,0,1),(66,15,'Relationships',2,NULL,NULL,0,NULL,2,NULL,0,0,1),(67,15,'Groups',3,NULL,NULL,0,NULL,3,NULL,0,0,1),(68,15,'Notes',4,NULL,NULL,0,NULL,4,NULL,0,0,1),(69,15,'Tags',5,NULL,NULL,0,NULL,5,NULL,0,0,1),(70,15,'Change Log',6,NULL,NULL,0,NULL,6,NULL,0,0,1),(71,15,'Contributions',7,NULL,NULL,0,NULL,7,NULL,0,0,1),(72,15,'Memberships',8,NULL,NULL,0,NULL,8,NULL,0,0,1),(73,15,'Events',9,NULL,NULL,0,NULL,9,NULL,0,0,1),(74,16,'Communication Preferences',1,NULL,NULL,0,NULL,1,NULL,0,0,1),(75,16,'Demographics',2,NULL,NULL,0,NULL,2,NULL,0,0,1),(76,16,'Tags and Groups',3,NULL,NULL,0,NULL,3,NULL,0,0,1),(77,16,'Notes',4,NULL,NULL,0,NULL,4,NULL,0,0,1),(78,17,'Address Fields',1,NULL,NULL,0,NULL,1,NULL,0,0,1),(79,17,'Custom Fields',2,NULL,NULL,0,NULL,2,NULL,0,0,1),(80,17,'Activity History',3,NULL,NULL,0,NULL,3,NULL,0,0,1),(81,17,'Scheduled Activities',4,NULL,NULL,0,NULL,4,NULL,0,0,1),(82,17,'Relationships',5,NULL,NULL,0,NULL,5,NULL,0,0,1),(83,17,'Notes',6,NULL,NULL,0,NULL,6,NULL,0,0,1),(84,17,'Change Log',7,NULL,NULL,0,NULL,7,NULL,0,0,1),(85,17,'Contributions',8,NULL,NULL,0,NULL,8,NULL,0,0,1),(86,17,'Memberships',9,NULL,NULL,0,NULL,9,NULL,0,0,1),(87,17,'Events',10,NULL,NULL,0,NULL,10,NULL,0,0,1),(88,18,'Groups',1,NULL,NULL,0,NULL,1,NULL,0,0,1),(89,18,'Contributions',2,NULL,NULL,0,NULL,2,NULL,0,0,1),(90,18,'Memberships',3,NULL,NULL,0,NULL,3,NULL,0,0,1),(91,18,'Events',4,NULL,NULL,0,NULL,4,NULL,0,0,1),(92,19,'Street Address',1,NULL,NULL,0,NULL,1,NULL,0,0,1),(93,19,'Addt\'l Address 1',2,NULL,NULL,0,NULL,2,NULL,0,0,1),(94,19,'Addt\'l Address 2',3,NULL,NULL,0,NULL,3,NULL,0,0,1),(95,19,'City',4,NULL,NULL,0,NULL,4,NULL,0,0,1),(96,19,'Zip / Postal Code',5,NULL,NULL,0,NULL,5,NULL,0,0,1),(97,19,'Postal Code Suffix',6,NULL,NULL,0,NULL,6,NULL,0,0,1),(98,19,'County',7,NULL,NULL,0,NULL,7,NULL,0,0,1),(99,19,'State / Province',8,NULL,NULL,0,NULL,8,NULL,0,0,1),(100,19,'Country',9,NULL,NULL,0,NULL,9,NULL,0,0,1),(101,19,'Latitude',10,NULL,NULL,0,NULL,10,NULL,0,0,1),(102,19,'Longitude',11,NULL,NULL,0,NULL,11,NULL,0,0,1);
/*!40000 ALTER TABLE `civicrm_option_value` ENABLE KEYS */;
UNLOCK TABLES;

--
-- Dumping data for table `civicrm_organization`
--

LOCK TABLES `civicrm_organization` WRITE;
/*!40000 ALTER TABLE `civicrm_organization` DISABLE KEYS */;
INSERT INTO `civicrm_organization` (`id`, `contact_id`, `organization_name`, `legal_name`, `sic_code`, `primary_contact_id`) VALUES (1,1,'Inner City Arts',NULL,NULL,NULL),(2,8,'Working Assets  ',NULL,NULL,NULL),(3,94,'Intel  ',NULL,NULL,NULL),(4,55,'Conservation Corp  ',NULL,NULL,NULL),(5,85,'Compumentor  ',NULL,NULL,NULL),(6,40,'Social Source Foundation  ',NULL,NULL,NULL),(7,26,'Compasspoint  ',NULL,NULL,NULL),(8,10,'Inner City  ',NULL,NULL,NULL),(9,50,'Cisco Systems  ',NULL,NULL,NULL),(10,31,'Working Assets  ',NULL,NULL,NULL),(11,12,'Compumentor  ',NULL,NULL,NULL);
/*!40000 ALTER TABLE `civicrm_organization` ENABLE KEYS */;
UNLOCK TABLES;

--
-- Dumping data for table `civicrm_participant`
--

LOCK TABLES `civicrm_participant` WRITE;
/*!40000 ALTER TABLE `civicrm_participant` DISABLE KEYS */;
INSERT INTO `civicrm_participant` (`id`, `contact_id`, `event_id`, `status_id`, `role_id`, `register_date`, `source`, `event_level`, `is_test`) VALUES (1,93,1,1,1,'2006-01-21 00:00:00','','Single',0),(2,39,2,2,2,'2005-05-07 00:00:00','','Soprano',0),(3,20,3,3,3,'2005-05-05 00:00:00','','Tiny-tots (ages 5-8)',0),(4,42,1,4,4,'2005-10-21 00:00:00','','Single',0),(5,73,1,1,1,'2005-01-10 00:00:00','','Soprano',0),(6,15,2,2,2,'2005-03-05 00:00:00','','Tiny-tots (ages 5-8)',0),(7,78,3,3,3,'2006-07-21 00:00:00','','Single',0),(8,61,1,4,4,'2006-03-07 00:00:00','','Soprano',0),(9,94,3,1,1,'2005-02-05 00:00:00','','Tiny-tots (ages 5-8)',0),(10,59,1,2,2,'2005-02-01 00:00:00','','Single',0),(11,31,2,3,3,'2006-01-10 00:00:00','','Soprano',0),(12,23,3,4,4,'2006-03-06 00:00:00','','Tiny-tots (ages 5-8)',0),(13,5,1,1,2,'2005-06-04 00:00:00','','Single',0),(14,40,2,2,3,'2004-01-10 00:00:00','','Soprano',0),(15,38,2,4,1,'2005-07-04 00:00:00','','Tiny-tots (ages 5-8)',0),(16,8,1,4,2,'2006-01-21 00:00:00','','Single',0),(17,80,2,2,3,'2005-01-10 00:00:00','','Soprano',0),(18,79,3,3,1,'2006-03-05 00:00:00','','Tiny-tots (ages 5-8)',0),(19,2,1,2,1,'2005-10-21 00:00:00','','Single',0),(20,63,2,4,1,'2006-01-10 00:00:00','','Soprano',0),(21,18,2,1,4,'2005-03-25 00:00:00','','Tiny-tots (ages 5-8)',0),(22,37,1,2,3,'2006-10-21 00:00:00','','Single',0),(23,17,2,4,1,'2005-01-10 00:00:00','','Soprano',0),(24,57,2,3,1,'2005-03-11 00:00:00','','Tiny-tots (ages 5-8)',0),(25,81,3,2,2,'2005-04-05 00:00:00','','Tiny-tots (ages 5-8)',0);
/*!40000 ALTER TABLE `civicrm_participant` ENABLE KEYS */;
UNLOCK TABLES;

--
-- Dumping data for table `civicrm_participant_payment`
--

LOCK TABLES `civicrm_participant_payment` WRITE;
/*!40000 ALTER TABLE `civicrm_participant_payment` DISABLE KEYS */;
/*!40000 ALTER TABLE `civicrm_participant_payment` ENABLE KEYS */;
UNLOCK TABLES;

--
-- Dumping data for table `civicrm_payment_processor`
--

LOCK TABLES `civicrm_payment_processor` WRITE;
/*!40000 ALTER TABLE `civicrm_payment_processor` DISABLE KEYS */;
INSERT INTO `civicrm_payment_processor` (`id`, `domain_id`, `name`, `description`, `payment_processor_type`, `is_active`, `is_default`, `is_test`, `user_name`, `password`, `signature`, `url_site`, `url_button`, `subject`, `class_name`, `billing_mode`, `is_recur`) VALUES (1,1,'Dummy',NULL,NULL,1,1,0,'dummy',NULL,NULL,NULL,NULL,NULL,'Pyyment_Dummy',1,0),(2,1,'Dummy',NULL,NULL,1,1,1,'dummy',NULL,NULL,NULL,NULL,NULL,'Pyyment_Dummy',1,0);
/*!40000 ALTER TABLE `civicrm_payment_processor` ENABLE KEYS */;
UNLOCK TABLES;

--
-- Dumping data for table `civicrm_payment_processor_type`
--

LOCK TABLES `civicrm_payment_processor_type` WRITE;
/*!40000 ALTER TABLE `civicrm_payment_processor_type` DISABLE KEYS */;
INSERT INTO `civicrm_payment_processor_type` (`id`, `domain_id`, `name`, `title`, `description`, `is_active`, `is_default`, `user_name_label`, `password_label`, `signature_label`, `subject_label`, `class_name`, `url_site_default`, `url_button_default`, `url_site_test_default`, `url_button_test_default`, `billing_mode`, `is_recur`) VALUES (1,1,'Dummy','Dummy Payment Processor',NULL,1,1,'User Name',NULL,NULL,NULL,'Payment_Dummy',NULL,NULL,NULL,NULL,1,NULL),(2,1,'PayPal_Standard','PayPal - Website Payments Standard',NULL,1,0,'User Name',NULL,NULL,NULL,'Payment_PayPalImpl','https://www.paypal.com/',NULL,'https://www.sandbox.paypal.com/',NULL,4,1),(3,1,'PayPal','PayPal - Website Payments Pro',NULL,1,0,'User Name','Password','Signature',NULL,'Payment_PayPalImpl','https://www.paypal.com/','https://www.paypal.com/en_US/i/btn/btn_xpressCheckout.gif','https://www.sandbox.paypal.com/','https://www.paypal.com/en_US/i/btn/btn_xpressCheckout.gif',3,NULL),(4,1,'PayPal_Express','PayPal - Express',NULL,1,0,'User Name','Password','Signature',NULL,'Payment_PayPalImpl','https://www.paypal.com/','https://www.paypal.com/en_US/i/btn/btn_xpressCheckout.gif','https://www.sandbox.paypal.com/','https://www.paypal.com/en_US/i/btn/btn_xpressCheckout.gif',3,NULL),(5,1,'Google_Checkout','Google Checkout',NULL,1,0,'Merchant ID','Key',NULL,NULL,'Payment_Google','https://checkout.google.com/','http://checkout.google.com/buttons/checkout.gif','https://sandbox.google.com/checkout','http://sandbox.google.com/checkout/buttons/checkout.gif',4,NULL),(6,1,'Moneris','Moneris',NULL,1,0,'User Name','Password','Signature',NULL,'Payment_Moneris',NULL,NULL,NULL,NULL,1,1),(7,1,'AuthNet_AIM','Authorize.Net - AIM',NULL,1,0,'API Login','Payment Key','MD5 Hash',NULL,'Payment_AuthorizeNet','https://secure.authorize.net/gateway/transact.dll',NULL,'https://secure.authorize.net/gateway/transact.dll',NULL,1,NULL);
/*!40000 ALTER TABLE `civicrm_payment_processor_type` ENABLE KEYS */;
UNLOCK TABLES;

--
-- Dumping data for table `civicrm_phone`
--

LOCK TABLES `civicrm_phone` WRITE;
/*!40000 ALTER TABLE `civicrm_phone` DISABLE KEYS */;
INSERT INTO `civicrm_phone` (`id`, `location_id`, `is_primary`, `mobile_provider_id`, `phone`, `phone_type`) VALUES (1,1,1,NULL,'48194181','Phone'),(2,1,0,NULL,'67711947','Mobile'),(3,2,1,NULL,'40992904','Phone'),(4,2,0,NULL,'99076228','Mobile'),(5,4,1,NULL,'98166294','Phone'),(6,4,0,NULL,'22207192','Mobile'),(7,5,1,NULL,'61441251','Phone'),(8,5,0,NULL,'50558480','Mobile'),(9,7,1,NULL,'44175638','Phone'),(10,7,0,NULL,'22480517','Mobile'),(11,8,1,NULL,'35730598','Phone'),(12,8,0,NULL,'52114304','Mobile'),(13,10,1,NULL,'99827399','Phone'),(14,10,0,NULL,'38226668','Mobile'),(15,11,1,NULL,'49657180','Phone'),(16,11,0,NULL,'92368855','Mobile'),(17,13,1,NULL,'52041014','Phone'),(18,13,0,NULL,'51437492','Mobile'),(19,14,1,NULL,'15191652','Phone'),(20,14,0,NULL,'84031107','Mobile'),(21,16,1,NULL,'27477237','Phone'),(22,16,0,NULL,'33616994','Mobile'),(23,17,1,NULL,'49807279','Phone'),(24,17,0,NULL,'65691212','Mobile'),(25,19,1,NULL,'36871435','Phone'),(26,19,0,NULL,'96639723','Mobile'),(27,20,1,NULL,'20737281','Phone'),(28,20,0,NULL,'58486872','Mobile'),(29,22,1,NULL,'44205768','Phone'),(30,22,0,NULL,'55414893','Mobile'),(31,23,1,NULL,'97752611','Phone'),(32,23,0,NULL,'33998217','Mobile'),(33,25,1,NULL,'18867925','Phone'),(34,25,0,NULL,'41537978','Mobile'),(35,26,1,NULL,'19421489','Phone'),(36,26,0,NULL,'93078538','Mobile'),(37,28,1,NULL,'79158161','Phone'),(38,28,0,NULL,'54096754','Mobile'),(39,29,1,NULL,'69695030','Phone'),(40,29,0,NULL,'51829644','Mobile'),(41,31,1,NULL,'63314708','Phone'),(42,31,0,NULL,'86898986','Mobile'),(43,32,1,NULL,'18564369','Phone'),(44,32,0,NULL,'83847577','Mobile'),(45,34,1,NULL,'16563683','Phone'),(46,34,0,NULL,'99786894','Mobile'),(47,35,1,NULL,'88402420','Phone'),(48,35,0,NULL,'20836377','Mobile'),(49,37,1,NULL,'16695388','Phone'),(50,37,0,NULL,'92307542','Mobile'),(51,38,1,NULL,'31025899','Phone'),(52,38,0,NULL,'60490830','Mobile'),(53,40,1,NULL,'38771313','Phone'),(54,40,0,NULL,'79636627','Mobile'),(55,41,1,NULL,'49785002','Phone'),(56,41,0,NULL,'41451361','Mobile'),(57,43,1,NULL,'78233220','Phone'),(58,43,0,NULL,'18169683','Mobile'),(59,44,1,NULL,'79342353','Phone'),(60,44,0,NULL,'71911504','Mobile'),(61,46,1,NULL,'30964851','Phone'),(62,46,0,NULL,'80125973','Mobile'),(63,47,1,NULL,'49351322','Phone'),(64,47,0,NULL,'62553454','Mobile'),(65,49,1,NULL,'72874584','Phone'),(66,49,0,NULL,'32295082','Mobile'),(67,50,1,NULL,'37982489','Phone'),(68,50,0,NULL,'84492173','Mobile'),(69,52,1,NULL,'96619351','Phone'),(70,52,0,NULL,'56122545','Mobile'),(71,53,1,NULL,'72096758','Phone'),(72,53,0,NULL,'78502539','Mobile'),(73,55,1,NULL,'45395655','Phone'),(74,55,0,NULL,'69234226','Mobile'),(75,56,1,NULL,'57454031','Phone'),(76,56,0,NULL,'16600157','Mobile'),(77,58,1,NULL,'98280983','Phone'),(78,58,0,NULL,'29506044','Mobile'),(79,59,1,NULL,'68013321','Phone'),(80,59,0,NULL,'74288495','Mobile'),(81,61,1,NULL,'71719597','Phone'),(82,61,0,NULL,'85789393','Mobile'),(83,62,1,NULL,'93237896','Phone'),(84,62,0,NULL,'60077538','Mobile'),(85,64,1,NULL,'76564690','Phone'),(86,64,0,NULL,'42527718','Mobile'),(87,65,1,NULL,'99650364','Phone'),(88,65,0,NULL,'58933302','Mobile'),(89,67,1,NULL,'16739336','Phone'),(90,67,0,NULL,'33154309','Mobile'),(91,68,1,NULL,'46523253','Phone'),(92,68,0,NULL,'55781378','Mobile'),(93,70,1,NULL,'57887700','Phone'),(94,70,0,NULL,'82682751','Mobile'),(95,71,1,NULL,'51711961','Phone'),(96,71,0,NULL,'80685437','Mobile'),(97,73,1,NULL,'38427012','Phone'),(98,73,0,NULL,'28933783','Mobile'),(99,74,1,NULL,'76003038','Phone'),(100,74,0,NULL,'74629928','Mobile'),(101,76,1,NULL,'20803768','Phone'),(102,76,0,NULL,'30677159','Mobile'),(103,77,1,NULL,'17294069','Phone'),(104,77,0,NULL,'28494147','Mobile'),(105,79,1,NULL,'43697552','Phone'),(106,79,0,NULL,'90579105','Mobile'),(107,80,1,NULL,'32801906','Phone'),(108,80,0,NULL,'22045947','Mobile'),(109,82,1,NULL,'98599864','Phone'),(110,82,0,NULL,'57128682','Mobile'),(111,83,1,NULL,'61630504','Phone'),(112,83,0,NULL,'93857943','Mobile'),(113,85,1,NULL,'65327500','Phone'),(114,85,0,NULL,'95466165','Mobile'),(115,86,1,NULL,'54031693','Phone'),(116,86,0,NULL,'47865239','Mobile'),(117,87,1,0,'204 222-1000','Phone'),(118,88,1,0,'204 222-1000','Phone'),(119,89,1,0,'303 323-1000','Phone');
/*!40000 ALTER TABLE `civicrm_phone` ENABLE KEYS */;
UNLOCK TABLES;

--
-- Dumping data for table `civicrm_phonecall`
--

LOCK TABLES `civicrm_phonecall` WRITE;
/*!40000 ALTER TABLE `civicrm_phonecall` DISABLE KEYS */;
/*!40000 ALTER TABLE `civicrm_phonecall` ENABLE KEYS */;
UNLOCK TABLES;

--
-- Dumping data for table `civicrm_preferences`
--

LOCK TABLES `civicrm_preferences` WRITE;
/*!40000 ALTER TABLE `civicrm_preferences` DISABLE KEYS */;
INSERT INTO `civicrm_preferences` (`id`, `domain_id`, `contact_id`, `is_domain`, `location_count`, `contact_view_options`, `contact_edit_options`, `advanced_search_options`, `user_dashboard_options`, `address_options`, `address_format`, `mailing_format`, `individual_name_format`, `address_standardization_provider`, `address_standardization_userid`, `address_standardization_url`) VALUES (1,1,NULL,1,1,'123456789','1234','12345678910','1234','123456891011','{street_address}\n{supplemental_address_1}\n{supplemental_address_2}\n{city}{, }{state_province}{ }{postal_code}\n{country}','{street_address}\n{supplemental_address_1}\n{supplemental_address_2}\n{city}{, }{state_province}{ }{postal_code}\n{country}','{individual_prefix}{ } {first_name}{ }{middle_name}{ }{last_name}{ }{individual_suffix}',NULL,NULL,NULL);
/*!40000 ALTER TABLE `civicrm_preferences` ENABLE KEYS */;
UNLOCK TABLES;

--
-- Dumping data for table `civicrm_premiums`
--

LOCK TABLES `civicrm_premiums` WRITE;
/*!40000 ALTER TABLE `civicrm_premiums` DISABLE KEYS */;
INSERT INTO `civicrm_premiums` (`id`, `entity_table`, `entity_id`, `premiums_active`, `premiums_intro_title`, `premiums_intro_text`, `premiums_contact_email`, `premiums_contact_phone`, `premiums_display_min_contribution`) VALUES (1,'civicrm_contribution_page',1,1,'Thank-you Gifts','We appreciate your support and invite you to choose from the exciting collection of thank-you gifts below. Minimum contribution amounts for each selection are included in the descriptions. (NOTE: These gifts are shown as examples only. No gifts will be sent to donors.)','premiums@example.org',NULL,1);
/*!40000 ALTER TABLE `civicrm_premiums` ENABLE KEYS */;
UNLOCK TABLES;

--
-- Dumping data for table `civicrm_premiums_product`
--

LOCK TABLES `civicrm_premiums_product` WRITE;
/*!40000 ALTER TABLE `civicrm_premiums_product` DISABLE KEYS */;
INSERT INTO `civicrm_premiums_product` (`id`, `premiums_id`, `product_id`, `sort_position`) VALUES (1,1,1,1);
/*!40000 ALTER TABLE `civicrm_premiums_product` ENABLE KEYS */;
UNLOCK TABLES;

--
-- Dumping data for table `civicrm_price_field`
--

LOCK TABLES `civicrm_price_field` WRITE;
/*!40000 ALTER TABLE `civicrm_price_field` DISABLE KEYS */;
/*!40000 ALTER TABLE `civicrm_price_field` ENABLE KEYS */;
UNLOCK TABLES;

--
-- Dumping data for table `civicrm_price_set`
--

LOCK TABLES `civicrm_price_set` WRITE;
/*!40000 ALTER TABLE `civicrm_price_set` DISABLE KEYS */;
/*!40000 ALTER TABLE `civicrm_price_set` ENABLE KEYS */;
UNLOCK TABLES;

--
-- Dumping data for table `civicrm_price_set_entity`
--

LOCK TABLES `civicrm_price_set_entity` WRITE;
/*!40000 ALTER TABLE `civicrm_price_set_entity` DISABLE KEYS */;
/*!40000 ALTER TABLE `civicrm_price_set_entity` ENABLE KEYS */;
UNLOCK TABLES;

--
-- Dumping data for table `civicrm_product`
--

LOCK TABLES `civicrm_product` WRITE;
/*!40000 ALTER TABLE `civicrm_product` DISABLE KEYS */;
INSERT INTO `civicrm_product` (`id`, `domain_id`, `name`, `description`, `sku`, `options`, `image`, `thumbnail`, `price`, `min_contribution`, `cost`, `is_active`, `period_type`, `fixed_period_start_day`, `duration_unit`, `duration_interval`, `frequency_unit`, `frequency_interval`) VALUES (1,1,'Coffee Mug','This heavy-duty mug is great for home or office, coffee or tea or hot chocolate. Show your support to family, friends and colleagues. Choose from three great colors.','MUG-101','White, Black, Green',NULL,NULL,'12.50','5.00','2.25',1,NULL,NULL,NULL,NULL,NULL,NULL);
/*!40000 ALTER TABLE `civicrm_product` ENABLE KEYS */;
UNLOCK TABLES;

--
-- Dumping data for table `civicrm_project`
--

LOCK TABLES `civicrm_project` WRITE;
/*!40000 ALTER TABLE `civicrm_project` DISABLE KEYS */;
/*!40000 ALTER TABLE `civicrm_project` ENABLE KEYS */;
UNLOCK TABLES;

--
-- Dumping data for table `civicrm_relationship`
--

LOCK TABLES `civicrm_relationship` WRITE;
/*!40000 ALTER TABLE `civicrm_relationship` DISABLE KEYS */;
INSERT INTO `civicrm_relationship` (`id`, `contact_id_a`, `contact_id_b`, `relationship_type_id`, `start_date`, `end_date`, `is_active`, `description`) VALUES (1,44,29,1,NULL,NULL,1,NULL),(2,59,29,1,NULL,NULL,1,NULL),(3,44,79,1,NULL,NULL,1,NULL),(4,59,79,1,NULL,NULL,1,NULL),(5,79,29,2,NULL,NULL,1,NULL),(6,59,44,3,NULL,NULL,1,NULL),(7,29,91,6,NULL,NULL,1,NULL),(8,79,91,7,NULL,NULL,1,NULL),(9,44,91,7,NULL,NULL,1,NULL),(10,59,91,7,NULL,NULL,1,NULL),(11,76,36,1,NULL,NULL,1,NULL),(12,2,36,1,NULL,NULL,1,NULL),(13,76,61,1,NULL,NULL,1,NULL),(14,2,61,1,NULL,NULL,1,NULL),(15,61,36,2,NULL,NULL,1,NULL),(16,2,76,3,NULL,NULL,1,NULL),(17,36,93,6,NULL,NULL,1,NULL),(18,61,93,7,NULL,NULL,1,NULL),(19,76,93,7,NULL,NULL,1,NULL),(20,2,93,7,NULL,NULL,1,NULL),(21,30,63,1,NULL,NULL,1,NULL),(22,13,63,1,NULL,NULL,1,NULL),(23,30,99,1,NULL,NULL,1,NULL),(24,13,99,1,NULL,NULL,1,NULL),(25,99,63,2,NULL,NULL,1,NULL),(26,13,30,3,NULL,NULL,1,NULL),(27,63,37,6,NULL,NULL,1,NULL),(28,99,37,7,NULL,NULL,1,NULL),(29,30,37,7,NULL,NULL,1,NULL),(30,13,37,7,NULL,NULL,1,NULL),(31,98,54,1,NULL,NULL,1,NULL),(32,35,54,1,NULL,NULL,1,NULL),(33,98,21,1,NULL,NULL,1,NULL),(34,35,21,1,NULL,NULL,1,NULL),(35,21,54,2,NULL,NULL,1,NULL),(36,35,98,3,NULL,NULL,1,NULL),(37,54,96,6,NULL,NULL,1,NULL),(38,21,96,7,NULL,NULL,1,NULL),(39,98,96,7,NULL,NULL,1,NULL),(40,35,96,7,NULL,NULL,1,NULL),(41,101,65,1,NULL,NULL,1,NULL),(42,78,65,1,NULL,NULL,1,NULL),(43,101,72,1,NULL,NULL,1,NULL),(44,78,72,1,NULL,NULL,1,NULL),(45,72,65,2,NULL,NULL,1,NULL),(46,78,101,3,NULL,NULL,1,NULL),(47,65,83,6,NULL,NULL,1,NULL),(48,72,83,7,NULL,NULL,1,NULL),(49,101,83,7,NULL,NULL,1,NULL),(50,78,83,7,NULL,NULL,1,NULL),(51,27,95,1,NULL,NULL,1,NULL),(52,41,95,1,NULL,NULL,1,NULL),(53,27,66,1,NULL,NULL,1,NULL),(54,41,66,1,NULL,NULL,1,NULL),(55,66,95,2,NULL,NULL,1,NULL),(56,41,27,3,NULL,NULL,1,NULL),(57,95,4,6,NULL,NULL,1,NULL),(58,66,4,7,NULL,NULL,1,NULL),(59,27,4,7,NULL,NULL,1,NULL),(60,41,4,7,NULL,NULL,1,NULL),(61,3,97,1,NULL,NULL,1,NULL),(62,100,97,1,NULL,NULL,1,NULL),(63,3,47,1,NULL,NULL,1,NULL),(64,100,47,1,NULL,NULL,1,NULL),(65,47,97,2,NULL,NULL,1,NULL),(66,100,3,3,NULL,NULL,1,NULL),(67,97,34,6,NULL,NULL,1,NULL),(68,47,34,7,NULL,NULL,1,NULL),(69,3,34,7,NULL,NULL,1,NULL),(70,100,34,7,NULL,NULL,1,NULL),(71,82,25,1,NULL,NULL,1,NULL),(72,77,25,1,NULL,NULL,1,NULL),(73,82,69,1,NULL,NULL,1,NULL),(74,77,69,1,NULL,NULL,1,NULL),(75,69,25,2,NULL,NULL,1,NULL),(76,77,82,3,NULL,NULL,1,NULL),(77,25,23,6,NULL,NULL,1,NULL),(78,69,23,7,NULL,NULL,1,NULL),(79,82,23,7,NULL,NULL,1,NULL),(80,77,23,7,NULL,NULL,1,NULL),(81,46,92,1,NULL,NULL,1,NULL),(82,81,92,1,NULL,NULL,1,NULL),(83,46,19,1,NULL,NULL,1,NULL),(84,81,19,1,NULL,NULL,1,NULL),(85,19,92,2,NULL,NULL,1,NULL),(86,81,46,3,NULL,NULL,1,NULL),(87,92,64,6,NULL,NULL,1,NULL),(88,19,64,7,NULL,NULL,1,NULL),(89,46,64,7,NULL,NULL,1,NULL),(90,81,64,7,NULL,NULL,1,NULL),(91,60,74,1,NULL,NULL,1,NULL),(92,88,74,1,NULL,NULL,1,NULL),(93,60,75,1,NULL,NULL,1,NULL),(94,88,75,1,NULL,NULL,1,NULL),(95,75,74,2,NULL,NULL,1,NULL),(96,88,60,3,NULL,NULL,1,NULL),(97,74,15,6,NULL,NULL,1,NULL),(98,75,15,7,NULL,NULL,1,NULL),(99,60,15,7,NULL,NULL,1,NULL),(100,88,15,7,NULL,NULL,1,NULL),(101,11,90,1,NULL,NULL,1,NULL),(102,86,90,1,NULL,NULL,1,NULL),(103,11,68,1,NULL,NULL,1,NULL),(104,86,68,1,NULL,NULL,1,NULL),(105,68,90,2,NULL,NULL,1,NULL),(106,86,11,3,NULL,NULL,1,NULL),(107,90,48,6,NULL,NULL,1,NULL),(108,68,48,7,NULL,NULL,1,NULL),(109,11,48,7,NULL,NULL,1,NULL),(110,86,48,7,NULL,NULL,1,NULL),(111,5,42,1,NULL,NULL,1,NULL),(112,73,42,1,NULL,NULL,1,NULL),(113,5,6,1,NULL,NULL,1,NULL),(114,73,6,1,NULL,NULL,1,NULL),(115,6,42,2,NULL,NULL,1,NULL),(116,73,5,3,NULL,NULL,1,NULL),(117,42,80,6,NULL,NULL,1,NULL),(118,6,80,7,NULL,NULL,1,NULL),(119,5,80,7,NULL,NULL,1,NULL),(120,73,80,7,NULL,NULL,1,NULL),(121,49,33,1,NULL,NULL,1,NULL),(122,7,33,1,NULL,NULL,1,NULL),(123,49,32,1,NULL,NULL,1,NULL),(124,7,32,1,NULL,NULL,1,NULL),(125,32,33,2,NULL,NULL,1,NULL),(126,7,49,3,NULL,NULL,1,NULL),(127,33,38,6,NULL,NULL,1,NULL),(128,32,38,7,NULL,NULL,1,NULL),(129,49,38,7,NULL,NULL,1,NULL),(130,7,38,7,NULL,NULL,1,NULL),(131,43,17,1,NULL,NULL,1,NULL),(132,67,17,1,NULL,NULL,1,NULL),(133,43,45,1,NULL,NULL,1,NULL),(134,67,45,1,NULL,NULL,1,NULL),(135,45,17,2,NULL,NULL,1,NULL),(136,67,43,3,NULL,NULL,1,NULL),(137,17,9,6,NULL,NULL,1,NULL),(138,45,9,7,NULL,NULL,1,NULL),(139,43,9,7,NULL,NULL,1,NULL),(140,67,9,7,NULL,NULL,1,NULL),(141,87,39,1,NULL,NULL,1,NULL),(142,14,39,1,NULL,NULL,1,NULL),(143,87,51,1,NULL,NULL,1,NULL),(144,14,51,1,NULL,NULL,1,NULL),(145,51,39,2,NULL,NULL,1,NULL),(146,14,87,3,NULL,NULL,1,NULL),(147,39,18,6,NULL,NULL,1,NULL),(148,51,18,7,NULL,NULL,1,NULL),(149,87,18,7,NULL,NULL,1,NULL),(150,14,18,7,NULL,NULL,1,NULL);
/*!40000 ALTER TABLE `civicrm_relationship` ENABLE KEYS */;
UNLOCK TABLES;

--
-- Dumping data for table `civicrm_relationship_type`
--

LOCK TABLES `civicrm_relationship_type` WRITE;
/*!40000 ALTER TABLE `civicrm_relationship_type` DISABLE KEYS */;
INSERT INTO `civicrm_relationship_type` (`id`, `domain_id`, `name_a_b`, `name_b_a`, `description`, `contact_type_a`, `contact_type_b`, `is_reserved`, `is_active`) VALUES (1,1,'Child of','Parent of','Parent/child relationship.','Individual','Individual',0,1),(2,1,'Spouse of','Spouse of','Spousal relationship.','Individual','Individual',0,1),(3,1,'Sibling of','Sibling of','Sibling relationship.','Individual','Individual',0,1),(4,1,'Employee of','Employer of','Employment relationship.','Individual','Organization',0,1),(5,1,'Volunteer for','Volunteer is','Volunteer relationship.','Individual','Organization',0,1),(6,1,'Head of Household for','Head of Household is','Head of household.','Individual','Household',0,1),(7,1,'Household Member of','Household Member is','Household membership.','Individual','Household',0,1);
/*!40000 ALTER TABLE `civicrm_relationship_type` ENABLE KEYS */;
UNLOCK TABLES;

--
-- Dumping data for table `civicrm_saved_search`
--

LOCK TABLES `civicrm_saved_search` WRITE;
/*!40000 ALTER TABLE `civicrm_saved_search` DISABLE KEYS */;
/*!40000 ALTER TABLE `civicrm_saved_search` ENABLE KEYS */;
UNLOCK TABLES;

--
-- Dumping data for table `civicrm_sms_history`
--

LOCK TABLES `civicrm_sms_history` WRITE;
/*!40000 ALTER TABLE `civicrm_sms_history` DISABLE KEYS */;
/*!40000 ALTER TABLE `civicrm_sms_history` ENABLE KEYS */;
UNLOCK TABLES;

--
-- Dumping data for table `civicrm_state_province`
--

LOCK TABLES `civicrm_state_province` WRITE;
/*!40000 ALTER TABLE `civicrm_state_province` DISABLE KEYS */;
INSERT INTO `civicrm_state_province` (`id`, `name`, `abbreviation`, `country_id`) VALUES (1000,'Alabama','AL',1228),(1001,'Alaska','AK',1228),(1002,'Arizona','AZ',1228),(1003,'Arkansas','AR',1228),(1004,'California','CA',1228),(1005,'Colorado','CO',1228),(1006,'Connecticut','CT',1228),(1007,'Delaware','DE',1228),(1008,'Florida','FL',1228),(1009,'Georgia','GA',1228),(1010,'Hawaii','HI',1228),(1011,'Idaho','ID',1228),(1012,'Illinois','IL',1228),(1013,'Indiana','IN',1228),(1014,'Iowa','IA',1228),(1015,'Kansas','KS',1228),(1016,'Kentucky','KY',1228),(1017,'Louisiana','LA',1228),(1018,'Maine','ME',1228),(1019,'Maryland','MD',1228),(1020,'Massachusetts','MA',1228),(1021,'Michigan','MI',1228),(1022,'Minnesota','MN',1228),(1023,'Mississippi','MS',1228),(1024,'Missouri','MO',1228),(1025,'Montana','MT',1228),(1026,'Nebraska','NE',1228),(1027,'Nevada','NV',1228),(1028,'New Hampshire','NH',1228),(1029,'New Jersey','NJ',1228),(1030,'New Mexico','NM',1228),(1031,'New York','NY',1228),(1032,'North Carolina','NC',1228),(1033,'North Dakota','ND',1228),(1034,'Ohio','OH',1228),(1035,'Oklahoma','OK',1228),(1036,'Oregon','OR',1228),(1037,'Pennsylvania','PA',1228),(1038,'Rhode Island','RI',1228),(1039,'South Carolina','SC',1228),(1040,'South Dakota','SD',1228),(1041,'Tennessee','TN',1228),(1042,'Texas','TX',1228),(1043,'Utah','UT',1228),(1044,'Vermont','VT',1228),(1045,'Virginia','VA',1228),(1046,'Washington','WA',1228),(1047,'West Virginia','WV',1228),(1048,'Wisconsin','WI',1228),(1049,'Wyoming','WY',1228),(1050,'District of Columbia','DC',1228),(1052,'American Samoa','AS',1228),(1053,'Guam','GU',1228),(1055,'Northern Mariana Islands','MP',1228),(1056,'Puerto Rico','PR',1228),(1057,'Virgin Islands','VI',1228),(1058,'United States Minor Outlying Islands','UM',1228),(1059,'Armed Forces Europe','AE',1228),(1060,'Armed Forces Americas','AA',1228),(1061,'Armed Forces Pacific','AP',1228),(1100,'Alberta','AB',1039),(1101,'British Columbia','BC',1039),(1102,'Manitoba','MB',1039),(1103,'New Brunswick','NB',1039),(1104,'Newfoundland and Labrador','NL',1039),(1105,'Northwest Territories','NT',1039),(1106,'Nova Scotia','NS',1039),(1107,'Nunavut','NU',1039),(1108,'Ontario','ON',1039),(1109,'Prince Edward Island','PE',1039),(1110,'Quebec','QC',1039),(1111,'Saskatchewan','SK',1039),(1112,'Yukon Territory','YT',1039),(1200,'Maharashtra','MM',1101),(1201,'Karnataka','KA',1101),(1202,'Andhra Pradesh','AP',1101),(1203,'Arunachal Pradesh','AR',1101),(1204,'Assam','AS',1101),(1205,'Bihar','BR',1101),(1206,'Chhattisgarh','CH',1101),(1207,'Goa','GA',1101),(1208,'Gujarat','GJ',1101),(1209,'Haryana','HR',1101),(1210,'Himachal Pradesh','HP',1101),(1211,'Jammu and Kashmir','JK',1101),(1212,'Jharkhand','JH',1101),(1213,'Kerala','KL',1101),(1214,'Madhya Pradesh','MP',1101),(1215,'Manipur','MN',1101),(1216,'Meghalaya','ML',1101),(1217,'Mizoram','MZ',1101),(1218,'Nagaland','NL',1101),(1219,'Orissa','OR',1101),(1220,'Punjab','PB',1101),(1221,'Rajasthan','RJ',1101),(1222,'Sikkim','SK',1101),(1223,'Tamil Nadu','TN',1101),(1224,'Tripura','TR',1101),(1225,'Uttaranchal','UL',1101),(1226,'Uttar Pradesh','UP',1101),(1227,'West Bengal','WB',1101),(1228,'Andaman and Nicobar Islands','AN',1101),(1229,'Dadra and Nagar Haveli','DN',1101),(1230,'Daman and Diu','DD',1101),(1231,'Delhi','DL',1101),(1232,'Lakshadweep','LD',1101),(1233,'Pondicherry','PY',1101),(1300,'mazowieckie','MZ',1172),(1301,'pomorskie','PM',1172),(1302,'dolnolskie','DS',1172),(1303,'kujawsko-pomorskie','KP',1172),(1304,'lubelskie','LU',1172),(1305,'lubuskie','LB',1172),(1306,'dzkie','LD',1172),(1307,'maopolskie','MA',1172),(1308,'opolskie','OP',1172),(1309,'podkarpackie','PK',1172),(1310,'podlaskie','PD',1172),(1311,'lskie','SL',1172),(1312,'witokrzyskie','SK',1172),(1313,'warmisko-mazurskie','WN',1172),(1314,'wielkopolskie','WP',1172),(1315,'zachodniopomorskie','ZP',1172),(1500,'Abu Zaby','AZ',1225),(1501,'\'Ajman','AJ',1225),(1502,'Al Fujayrah','FU',1225),(1503,'Ash Shariqah','SH',1225),(1504,'Dubayy','DU',1225),(1505,'Ra\'s al Khaymah','RK',1225),(1506,'Dac Lac','33',1233),(1507,'Umm al Qaywayn','UQ',1225),(1508,'Badakhshan','BDS',1001),(1509,'Badghis','BDG',1001),(1510,'Baghlan','BGL',1001),(1511,'Balkh','BAL',1001),(1512,'Bamian','BAM',1001),(1513,'Farah','FRA',1001),(1514,'Faryab','FYB',1001),(1515,'Ghazni','GHA',1001),(1516,'Ghowr','GHO',1001),(1517,'Helmand','HEL',1001),(1518,'Herat','HER',1001),(1519,'Jowzjan','JOW',1001),(1520,'Kabul','KAB',1001),(1521,'Kandahar','KAN',1001),(1522,'Kapisa','KAP',1001),(1523,'Khowst','KHO',1001),(1524,'Konar','KNR',1001),(1525,'Kondoz','KDZ',1001),(1526,'Laghman','LAG',1001),(1527,'Lowgar','LOW',1001),(1528,'Nangrahar','NAN',1001),(1529,'Nimruz','NIM',1001),(1530,'Nurestan','NUR',1001),(1531,'Oruzgan','ORU',1001),(1532,'Paktia','PIA',1001),(1533,'Paktika','PKA',1001),(1534,'Parwan','PAR',1001),(1535,'Samangan','SAM',1001),(1536,'Sar-e Pol','SAR',1001),(1537,'Takhar','TAK',1001),(1538,'Wardak','WAR',1001),(1539,'Zabol','ZAB',1001),(1540,'Berat','BR',1002),(1541,'Bulqiz','BU',1002),(1542,'Delvin','DL',1002),(1543,'Devoll','DV',1002),(1544,'Dibr','DI',1002),(1545,'Durrss','DR',1002),(1546,'Elbasan','EL',1002),(1547,'Fier','FR',1002),(1548,'Gramsh','GR',1002),(1549,'Gjirokastr','GJ',1002),(1550,'Has','HA',1002),(1551,'Kavaj','KA',1002),(1552,'Kolonj','ER',1002),(1553,'Korc','KO',1002),(1554,'Kruj','KR',1002),(1555,'Kuov','KC',1002),(1556,'Kuks','KU',1002),(1557,'Kurbin','KB',1002),(1558,'Lezh','LE',1002),(1559,'Librazhd','LB',1002),(1560,'Lushnj','LU',1002),(1561,'Malsi e Madhe','MM',1002),(1562,'Mallakastr','MK',1002),(1563,'Mat','MT',1002),(1564,'Mirdit','MR',1002),(1565,'Peqin','PQ',1002),(1566,'Prmet','PR',1002),(1567,'Pogradec','PG',1002),(1568,'Puk','PU',1002),(1569,'Sarand','SR',1002),(1570,'Skrapar','SK',1002),(1571,'Shkodr','SH',1002),(1572,'Tepelen','TE',1002),(1573,'Tiran','TR',1002),(1574,'Tropoj','TP',1002),(1575,'Vlor','VL',1002),(1576,'Erevan','ER',1011),(1577,'Aragacotn','AG',1011),(1578,'Ararat','AR',1011),(1579,'Armavir','AV',1011),(1580,'Gegarkunik\'','GR',1011),(1581,'Kotayk\'','KT',1011),(1582,'Lory','LO',1011),(1583,'Sirak','SH',1011),(1584,'Syunik\'','SU',1011),(1585,'Tavus','TV',1011),(1586,'Vayoc Jor','VD',1011),(1587,'Bengo','BGO',1006),(1588,'Benguela','BGU',1006),(1589,'Bie','BIE',1006),(1590,'Cabinda','CAB',1006),(1591,'Cuando-Cubango','CCU',1006),(1592,'Cuanza Norte','CNO',1006),(1593,'Cuanza Sul','CUS',1006),(1594,'Cunene','CNN',1006),(1595,'Huambo','HUA',1006),(1596,'Huila','HUI',1006),(1597,'Luanda','LUA',1006),(1598,'Lunda Norte','LNO',1006),(1599,'Lunda Sul','LSU',1006),(1600,'Malange','MAL',1006),(1601,'Moxico','MOX',1006),(1602,'Namibe','NAM',1006),(1603,'Uige','UIG',1006),(1604,'Zaire','ZAI',1006),(1605,'Capital federal','C',1010),(1606,'Buenos Aires','B',1010),(1607,'Catamarca','K',1010),(1608,'Cordoba','X',1010),(1609,'Corrientes','W',1010),(1610,'Chaco','H',1010),(1611,'Chubut','U',1010),(1612,'Entre Rios','E',1010),(1613,'Formosa','P',1010),(1614,'Jujuy','Y',1010),(1615,'La Pampa','L',1010),(1616,'Mendoza','M',1010),(1617,'Misiones','N',1010),(1618,'Neuquen','Q',1010),(1619,'Rio Negro','R',1010),(1620,'Salta','A',1010),(1621,'San Juan','J',1010),(1622,'San Luis','D',1010),(1623,'Santa Cruz','Z',1010),(1624,'Santa Fe','S',1010),(1625,'Santiago del Estero','G',1010),(1626,'Tierra del Fuego','V',1010),(1627,'Tucuman','T',1010),(1628,'Burgenland','1',1014),(1629,'Krnten','2',1014),(1630,'Niederosterreich','3',1014),(1631,'Oberosterreich','4',1014),(1632,'Salzburg','5',1014),(1633,'Steiermark','6',1014),(1634,'Tirol','7',1014),(1635,'Vorarlberg','8',1014),(1636,'Wien','9',1014),(1637,'Australian Antarctic Territory','AAT',1013),(1638,'Australian Capital Territory','ACT',1013),(1639,'Northern Territory','NT',1013),(1640,'New South Wales','NSW',1013),(1641,'Queensland','QLD',1013),(1642,'South Australia','SA',1013),(1643,'Tasmania','TAS',1013),(1644,'Victoria','VIC',1013),(1645,'Western Australia','WA',1013),(1646,'Naxcivan','NX',1015),(1647,'Ali Bayramli','AB',1015),(1648,'Baki','BA',1015),(1649,'Ganca','GA',1015),(1650,'Lankaran','LA',1015),(1651,'Mingacevir','MI',1015),(1652,'Naftalan','NA',1015),(1653,'Saki','SA',1015),(1654,'Sumqayit','SM',1015),(1655,'Susa','SS',1015),(1656,'Xankandi','XA',1015),(1657,'Yevlax','YE',1015),(1658,'Abseron','ABS',1015),(1659,'Agcabadi','AGC',1015),(1660,'Agdam','AGM',1015),(1661,'Agdas','AGS',1015),(1662,'Agstafa','AGA',1015),(1663,'Agsu','AGU',1015),(1664,'Astara','AST',1015),(1665,'Babak','BAB',1015),(1666,'Balakan','BAL',1015),(1667,'Barda','BAR',1015),(1668,'Beylagan','BEY',1015),(1669,'Bilasuvar','BIL',1015),(1670,'Cabrayll','CAB',1015),(1671,'Calilabad','CAL',1015),(1672,'Culfa','CUL',1015),(1673,'Daskasan','DAS',1015),(1674,'Davaci','DAV',1015),(1675,'Fuzuli','FUZ',1015),(1676,'Gadabay','GAD',1015),(1677,'Goranboy','GOR',1015),(1678,'Goycay','GOY',1015),(1679,'Haciqabul','HAC',1015),(1680,'Imisli','IMI',1015),(1681,'Ismayilli','ISM',1015),(1682,'Kalbacar','KAL',1015),(1683,'Kurdamir','KUR',1015),(1684,'Lacin','LAC',1015),(1685,'Lerik','LER',1015),(1686,'Masalli','MAS',1015),(1687,'Neftcala','NEF',1015),(1688,'Oguz','OGU',1015),(1689,'Ordubad','ORD',1015),(1690,'Qabala','QAB',1015),(1691,'Qax','QAX',1015),(1692,'Qazax','QAZ',1015),(1693,'Qobustan','QOB',1015),(1694,'Quba','QBA',1015),(1695,'Qubadli','QBI',1015),(1696,'Qusar','QUS',1015),(1697,'Saatli','SAT',1015),(1698,'Sabirabad','SAB',1015),(1699,'Sadarak','SAD',1015),(1700,'Sahbuz','SAH',1015),(1701,'Salyan','SAL',1015),(1702,'Samaxi','SMI',1015),(1703,'Samkir','SKR',1015),(1704,'Samux','SMX',1015),(1705,'Sarur','SAR',1015),(1706,'Siyazan','SIY',1015),(1707,'Tartar','TAR',1015),(1708,'Tovuz','TOV',1015),(1709,'Ucar','UCA',1015),(1710,'Xacmaz','XAC',1015),(1711,'Xanlar','XAN',1015),(1712,'Xizi','XIZ',1015),(1713,'Xocali','XCI',1015),(1714,'Xocavand','XVD',1015),(1715,'Yardimli','YAR',1015),(1716,'Zangilan','ZAN',1015),(1717,'Zaqatala','ZAQ',1015),(1718,'Zardab','ZAR',1015),(1719,'Federacija Bosna i Hercegovina','BIH',1026),(1720,'Republika Srpska','SRP',1026),(1721,'Bagerhat zila','05',1017),(1722,'Bandarban zila','01',1017),(1723,'Barguna zila','02',1017),(1724,'Barisal zila','06',1017),(1725,'Bhola zila','07',1017),(1726,'Bogra zila','03',1017),(1727,'Brahmanbaria zila','04',1017),(1728,'Chandpur zila','09',1017),(1729,'Chittagong zila','10',1017),(1730,'Chuadanga zila','12',1017),(1731,'Comilla zila','08',1017),(1732,'Cox\'s Bazar zila','11',1017),(1733,'Dhaka zila','13',1017),(1734,'Dinajpur zila','14',1017),(1735,'Faridpur zila','15',1017),(1736,'Feni zila','16',1017),(1737,'Gaibandha zila','19',1017),(1738,'Gazipur zila','18',1017),(1739,'Gopalganj zila','17',1017),(1740,'Habiganj zila','20',1017),(1741,'Jaipurhat zila','24',1017),(1742,'Jamalpur zila','21',1017),(1743,'Jessore zila','22',1017),(1744,'Jhalakati zila','25',1017),(1745,'Jhenaidah zila','23',1017),(1746,'Khagrachari zila','29',1017),(1747,'Khulna zila','27',1017),(1748,'Kishorganj zila','26',1017),(1749,'Kurigram zila','28',1017),(1750,'Kushtia zila','30',1017),(1751,'Lakshmipur zila','31',1017),(1752,'Lalmonirhat zila','32',1017),(1753,'Madaripur zila','36',1017),(1754,'Magura zila','37',1017),(1755,'Manikganj zila','33',1017),(1756,'Meherpur zila','39',1017),(1757,'Moulvibazar zila','38',1017),(1758,'Munshiganj zila','35',1017),(1759,'Mymensingh zila','34',1017),(1760,'Naogaon zila','48',1017),(1761,'Narail zila','43',1017),(1762,'Narayanganj zila','40',1017),(1763,'Narsingdi zila','42',1017),(1764,'Natore zila','44',1017),(1765,'Nawabganj zila','45',1017),(1766,'Netrakona zila','41',1017),(1767,'Nilphamari zila','46',1017),(1768,'Noakhali zila','47',1017),(1769,'Pabna zila','49',1017),(1770,'Panchagarh zila','52',1017),(1771,'Patuakhali zila','51',1017),(1772,'Pirojpur zila','50',1017),(1773,'Rajbari zila','53',1017),(1774,'Rajshahi zila','54',1017),(1775,'Rangamati zila','56',1017),(1776,'Rangpur zila','55',1017),(1777,'Satkhira zila','58',1017),(1778,'Shariatpur zila','62',1017),(1779,'Sherpur zila','57',1017),(1780,'Sirajganj zila','59',1017),(1781,'Sunamganj zila','61',1017),(1782,'Sylhet zila','60',1017),(1783,'Tangail zila','63',1017),(1784,'Thakurgaon zila','64',1017),(1785,'Antwerpen','VAN',1020),(1786,'Brabant Wallon','WBR',1020),(1787,'Hainaut','WHT',1020),(1788,'Liege','WLG',1020),(1789,'Limburg','VLI',1020),(1790,'Luxembourg','WLX',1020),(1791,'Namur','WNA',1020),(1792,'Oost-Vlaanderen','VOV',1020),(1793,'Vlaams-Brabant','VBR',1020),(1794,'West-Vlaanderen','VWV',1020),(1795,'Bale','BAL',1034),(1796,'Bam','BAM',1034),(1797,'Banwa','BAN',1034),(1798,'Bazega','BAZ',1034),(1799,'Bougouriba','BGR',1034),(1800,'Boulgou','BLG',1034),(1801,'Boulkiemde','BLK',1034),(1802,'Comoe','COM',1034),(1803,'Ganzourgou','GAN',1034),(1804,'Gnagna','GNA',1034),(1805,'Gourma','GOU',1034),(1806,'Houet','HOU',1034),(1807,'Ioba','IOB',1034),(1808,'Kadiogo','KAD',1034),(1809,'Kenedougou','KEN',1034),(1810,'Komondjari','KMD',1034),(1811,'Kompienga','KMP',1034),(1812,'Kossi','KOS',1034),(1813,'Koulpulogo','KOP',1034),(1814,'Kouritenga','KOT',1034),(1815,'Kourweogo','KOW',1034),(1816,'Leraba','LER',1034),(1817,'Loroum','LOR',1034),(1818,'Mouhoun','MOU',1034),(1819,'Nahouri','NAO',1034),(1820,'Namentenga','NAM',1034),(1821,'Nayala','NAY',1034),(1822,'Noumbiel','NOU',1034),(1823,'Oubritenga','OUB',1034),(1824,'Oudalan','OUD',1034),(1825,'Passore','PAS',1034),(1826,'Poni','PON',1034),(1827,'Sanguie','SNG',1034),(1828,'Sanmatenga','SMT',1034),(1829,'Seno','SEN',1034),(1830,'Siasili','SIS',1034),(1831,'Soum','SOM',1034),(1832,'Sourou','SOR',1034),(1833,'Tapoa','TAP',1034),(1834,'Tui','TUI',1034),(1835,'Yagha','YAG',1034),(1836,'Yatenga','YAT',1034),(1837,'Ziro','ZIR',1034),(1838,'Zondoma','ZON',1034),(1839,'Zoundweogo','ZOU',1034),(1840,'Blagoevgrad','01',1033),(1841,'Burgas','02',1033),(1842,'Dobric','08',1033),(1843,'Gabrovo','07',1033),(1844,'Haskovo','26',1033),(1845,'Jambol','28',1033),(1846,'Kardzali','09',1033),(1847,'Kjstendil','10',1033),(1848,'Lovec','11',1033),(1849,'Montana','12',1033),(1850,'Pazardzik','13',1033),(1851,'Pernik','14',1033),(1852,'Pleven','15',1033),(1853,'Plovdiv','16',1033),(1854,'Razgrad','17',1033),(1855,'Ruse','18',1033),(1856,'Silistra','19',1033),(1857,'Sliven','20',1033),(1858,'Smoljan','21',1033),(1859,'Sofija','23',1033),(1860,'Stara Zagora','24',1033),(1861,'Sumen','27',1033),(1862,'Targoviste','25',1033),(1863,'Varna','03',1033),(1864,'Veliko Tarnovo','04',1033),(1865,'Vidin','05',1033),(1866,'Vraca','06',1033),(1867,'Al Hadd','01',1016),(1868,'Al Manamah','03',1016),(1869,'Al Mintaqah al Gharbiyah','10',1016),(1870,'Al Mintagah al Wusta','07',1016),(1871,'Al Mintaqah ash Shamaliyah','05',1016),(1872,'Al Muharraq','02',1016),(1873,'Ar Rifa','09',1016),(1874,'Jidd Hafs','04',1016),(1875,'Madluat Jamad','12',1016),(1876,'Madluat Isa','08',1016),(1877,'Mintaqat Juzur tawar','11',1016),(1878,'Sitrah','06',1016),(1879,'Bubanza','BB',1036),(1880,'Bujumbura','BJ',1036),(1881,'Bururi','BR',1036),(1882,'Cankuzo','CA',1036),(1883,'Cibitoke','CI',1036),(1884,'Gitega','GI',1036),(1885,'Karuzi','KR',1036),(1886,'Kayanza','KY',1036),(1887,'Makamba','MA',1036),(1888,'Muramvya','MU',1036),(1889,'Mwaro','MW',1036),(1890,'Ngozi','NG',1036),(1891,'Rutana','RT',1036),(1892,'Ruyigi','RY',1036),(1893,'Alibori','AL',1022),(1894,'Atakora','AK',1022),(1895,'Atlantique','AQ',1022),(1896,'Borgou','BO',1022),(1897,'Collines','CO',1022),(1898,'Donga','DO',1022),(1899,'Kouffo','KO',1022),(1900,'Littoral','LI',1022),(1901,'Mono','MO',1022),(1902,'Oueme','OU',1022),(1903,'Plateau','PL',1022),(1904,'Zou','ZO',1022),(1905,'Belait','BE',1032),(1906,'Brunei-Muara','BM',1032),(1907,'Temburong','TE',1032),(1908,'Tutong','TU',1032),(1909,'Cochabamba','C',1025),(1910,'Chuquisaca','H',1025),(1911,'El Beni','B',1025),(1912,'La Paz','L',1025),(1913,'Oruro','O',1025),(1914,'Pando','N',1025),(1915,'Potosi','P',1025),(1916,'Tarija','T',1025),(1917,'Acre','AC',1029),(1918,'Alagoas','AL',1029),(1919,'Amazonas','AM',1029),(1920,'Amapa','AP',1029),(1921,'Baia','BA',1029),(1922,'Ceara','CE',1029),(1923,'Distrito Federal','DF',1029),(1924,'Espirito Santo','ES',1029),(1925,'Fernando de Noronha','FN',1029),(1926,'Goias','GO',1029),(1927,'Maranhao','MA',1029),(1928,'Minas Gerais','MG',1029),(1929,'Mato Grosso do Sul','MS',1029),(1930,'Mato Grosso','MT',1029),(1931,'Para','PA',1029),(1932,'Paraiba','PB',1029),(1933,'Pernambuco','PE',1029),(1934,'Piaui','PI',1029),(1935,'Parana','PR',1029),(1936,'Rio de Janeiro','RJ',1029),(1937,'Rio Grande do Norte','RN',1029),(1938,'Rondonia','RO',1029),(1939,'Roraima','RR',1029),(1940,'Rio Grande do Sul','RS',1029),(1941,'Santa Catarina','SC',1029),(1942,'Sergipe','SE',1029),(1943,'Sao Paulo','SP',1029),(1944,'Tocatins','TO',1029),(1945,'Acklins and Crooked Islands','AC',1212),(1946,'Bimini','BI',1212),(1947,'Cat Island','CI',1212),(1948,'Exuma','EX',1212),(1949,'Freeport','FP',1212),(1950,'Fresh Creek','FC',1212),(1951,'Governor\'s Harbour','GH',1212),(1952,'Green Turtle Cay','GT',1212),(1953,'Harbour Island','HI',1212),(1954,'High Rock','HR',1212),(1955,'Inagua','IN',1212),(1956,'Kemps Bay','KB',1212),(1957,'Long Island','LI',1212),(1958,'Marsh Harbour','MH',1212),(1959,'Mayaguana','MG',1212),(1960,'New Providence','NP',1212),(1961,'Nicholls Town and Berry Islands','NB',1212),(1962,'Ragged Island','RI',1212),(1963,'Rock Sound','RS',1212),(1964,'Sandy Point','SP',1212),(1965,'San Salvador and Rum Cay','SR',1212),(1966,'Bumthang','33',1024),(1967,'Chhukha','12',1024),(1968,'Dagana','22',1024),(1969,'Gasa','GA',1024),(1970,'Ha','13',1024),(1971,'Lhuentse','44',1024),(1972,'Monggar','42',1024),(1973,'Paro','11',1024),(1974,'Pemagatshel','43',1024),(1975,'Punakha','23',1024),(1976,'Samdrup Jongkha','45',1024),(1977,'Samtee','14',1024),(1978,'Sarpang','31',1024),(1979,'Thimphu','15',1024),(1980,'Trashigang','41',1024),(1981,'Trashi Yangtse','TY',1024),(1982,'Trongsa','32',1024),(1983,'Tsirang','21',1024),(1984,'Wangdue Phodrang','24',1024),(1985,'Zhemgang','34',1024),(1986,'Central','CE',1027),(1987,'Ghanzi','GH',1027),(1988,'Kgalagadi','KG',1027),(1989,'Kgatleng','KL',1027),(1990,'Kweneng','KW',1027),(1991,'Ngamiland','NG',1027),(1992,'North-East','NE',1027),(1993,'North-West','NW',1027),(1994,'South-East','SE',1027),(1995,'Southern','SO',1027),(1996,'Brsckaja voblasc\'','BR',1019),(1997,'Homel\'skaja voblasc\'','HO',1019),(1998,'Hrodzenskaja voblasc\'','HR',1019),(1999,'Mahiluskaja voblasc\'','MA',1019),(2000,'Minskaja voblasc\'','MI',1019),(2001,'Vicebskaja voblasc\'','VI',1019),(2002,'Belize','BZ',1021),(2003,'Cayo','CY',1021),(2004,'Corozal','CZL',1021),(2005,'Orange Walk','OW',1021),(2006,'Stann Creek','SC',1021),(2007,'Toledo','TOL',1021),(2008,'Kinshasa','KN',1050),(2009,'Bandundu','BN',1050),(2010,'Bas-Congo','BC',1050),(2011,'Equateur','EQ',1050),(2012,'Haut-Congo','HC',1050),(2013,'Kasai-Occidental','KW',1050),(2014,'Kasai-Oriental','KE',1050),(2015,'Katanga','KA',1050),(2016,'Maniema','MA',1050),(2017,'Nord-Kivu','NK',1050),(2018,'Orientale','OR',1050),(2019,'Sud-Kivu','SK',1050),(2020,'Bangui','BGF',1042),(2021,'Bamingui-Bangoran','BB',1042),(2022,'Basse-Kotto','BK',1042),(2023,'Haute-Kotto','HK',1042),(2024,'Haut-Mbomou','HM',1042),(2025,'Kemo','KG',1042),(2026,'Lobaye','LB',1042),(2027,'Mambere-Kadei','HS',1042),(2028,'Mbomou','MB',1042),(2029,'Nana-Grebizi','KB',1042),(2030,'Nana-Mambere','NM',1042),(2031,'Ombella-Mpoko','MP',1042),(2032,'Ouaka','UK',1042),(2033,'Ouham','AC',1042),(2034,'Ouham-Pende','OP',1042),(2035,'Sangha-Mbaere','SE',1042),(2036,'Vakaga','VR',1042),(2037,'Brazzaville','BZV',1051),(2038,'Bouenza','11',1051),(2039,'Cuvette','8',1051),(2040,'Cuvette-Ouest','15',1051),(2041,'Kouilou','5',1051),(2042,'Lekoumou','2',1051),(2043,'Likouala','7',1051),(2044,'Niari','9',1051),(2045,'Plateaux','14',1051),(2046,'Pool','12',1051),(2047,'Sangha','13',1051),(2048,'Aargau','AG',1205),(2049,'Appenzell Innerrhoden','AI',1205),(2050,'Appenzell Ausserrhoden','AR',1205),(2051,'Bern','BE',1205),(2052,'Basel-Landschaft','BL',1205),(2053,'Basel-Stadt','BS',1205),(2054,'Fribourg','FR',1205),(2055,'Geneva','GE',1205),(2056,'Glarus','GL',1205),(2057,'Graubunden','GR',1205),(2058,'Jura','JU',1205),(2059,'Luzern','LU',1205),(2060,'Neuchatel','NE',1205),(2061,'Nidwalden','NW',1205),(2062,'Obwalden','OW',1205),(2063,'Sankt Gallen','SG',1205),(2064,'Schaffhausen','SH',1205),(2065,'Solothurn','SO',1205),(2066,'Schwyz','SZ',1205),(2067,'Thurgau','TG',1205),(2068,'Ticino','TI',1205),(2069,'Uri','UR',1205),(2070,'Vaud','VD',1205),(2071,'Valais','VS',1205),(2072,'Zug','ZG',1205),(2073,'Zurich','ZH',1205),(2074,'18 Montagnes','06',1054),(2075,'Agnebi','16',1054),(2076,'Bas-Sassandra','09',1054),(2077,'Denguele','10',1054),(2078,'Haut-Sassandra','02',1054),(2079,'Lacs','07',1054),(2080,'Lagunes','01',1054),(2081,'Marahoue','12',1054),(2082,'Moyen-Comoe','05',1054),(2083,'Nzi-Comoe','11',1054),(2084,'Savanes','03',1054),(2085,'Sud-Bandama','15',1054),(2086,'Sud-Comoe','13',1054),(2087,'Vallee du Bandama','04',1054),(2088,'Worodouqou','14',1054),(2089,'Zanzan','08',1054),(2090,'Aisen del General Carlos Ibanez del Campo','AI',1044),(2091,'Antofagasta','AN',1044),(2092,'Araucania','AR',1044),(2093,'Atacama','AT',1044),(2094,'Bio-Bio','BI',1044),(2095,'Coquimbo','CO',1044),(2096,'Libertador General Bernardo O\'Higgins','LI',1044),(2097,'Los Lagos','LL',1044),(2098,'Magallanes','MA',1044),(2099,'Maule','ML',1044),(2100,'Region Metropolitana de Santiago','RM',1044),(2101,'Tarapaca','TA',1044),(2102,'Valparaiso','VS',1044),(2103,'Adamaoua','AD',1038),(2104,'Centre','CE',1038),(2105,'East','ES',1038),(2106,'Far North','EN',1038),(2107,'North','NO',1038),(2108,'South','SW',1038),(2109,'South-West','SW',1038),(2110,'West','OU',1038),(2111,'Beijing','11',1045),(2112,'Chongqing','50',1045),(2113,'Shanghai','31',1045),(2114,'Tianjin','12',1045),(2115,'Anhui','34',1045),(2116,'Fujian','35',1045),(2117,'Gansu','62',1045),(2118,'Guangdong','44',1045),(2119,'Gulzhou','52',1045),(2120,'Hainan','46',1045),(2121,'Hebei','13',1045),(2122,'Heilongjiang','23',1045),(2123,'Henan','41',1045),(2124,'Hubei','42',1045),(2125,'Hunan','43',1045),(2126,'Jiangsu','32',1045),(2127,'Jiangxi','36',1045),(2128,'Jilin','22',1045),(2129,'Liaoning','21',1045),(2130,'Qinghai','63',1045),(2131,'Shaanxi','61',1045),(2132,'Shandong','37',1045),(2133,'Shanxi','14',1045),(2134,'Sichuan','51',1045),(2135,'Taiwan','71',1045),(2136,'Yunnan','53',1045),(2137,'Zhejiang','33',1045),(2138,'Guangxi','45',1045),(2139,'Neia Mongol (mn)','15',1045),(2140,'Xinjiang','65',1045),(2141,'Xizang','54',1045),(2142,'Hong Kong','91',1045),(2143,'Macau','92',1045),(2144,'Distrito Capital de Bogot','DC',1048),(2145,'Amazonea','AMA',1048),(2146,'Antioquia','ANT',1048),(2147,'Arauca','ARA',1048),(2148,'Atlntico','ATL',1048),(2149,'Bolvar','BOL',1048),(2150,'Boyac','BOY',1048),(2151,'Caldea','CAL',1048),(2152,'Caquet','CAQ',1048),(2153,'Casanare','CAS',1048),(2154,'Cauca','CAU',1048),(2155,'Cesar','CES',1048),(2156,'Crdoba','COR',1048),(2157,'Cundinamarca','CUN',1048),(2158,'Choc','CHO',1048),(2159,'Guaina','GUA',1048),(2160,'Guaviare','GUV',1048),(2161,'La Guajira','LAG',1048),(2162,'Magdalena','MAG',1048),(2163,'Meta','MET',1048),(2164,'Nario','NAR',1048),(2165,'Norte de Santander','NSA',1048),(2166,'Putumayo','PUT',1048),(2167,'Quindio','QUI',1048),(2168,'Risaralda','RIS',1048),(2169,'San Andrs, Providencia y Santa Catalina','SAP',1048),(2170,'Santander','SAN',1048),(2171,'Sucre','SUC',1048),(2172,'Tolima','TOL',1048),(2173,'Valle del Cauca','VAC',1048),(2174,'Vaups','VAU',1048),(2175,'Vichada','VID',1048),(2176,'Alajuela','A',1053),(2177,'Cartago','C',1053),(2178,'Guanacaste','G',1053),(2179,'Heredia','H',1053),(2180,'Limon','L',1053),(2181,'Puntarenas','P',1053),(2182,'San Jose','SJ',1053),(2183,'Camagey','09',1056),(2184,'Ciego de `vila','08',1056),(2185,'Cienfuegos','06',1056),(2186,'Ciudad de La Habana','03',1056),(2187,'Granma','12',1056),(2188,'Guantanamo','14',1056),(2189,'Holquin','11',1056),(2190,'La Habana','02',1056),(2191,'Las Tunas','10',1056),(2192,'Matanzas','04',1056),(2193,'Pinar del Rio','01',1056),(2194,'Sancti Spiritus','07',1056),(2195,'Santiago de Cuba','13',1056),(2196,'Villa Clara','05',1056),(2197,'Isla de la Juventud','99',1056),(2198,'Pinar del Roo','PR',1056),(2199,'Ciego de Avila','CA',1056),(2200,'Camagoey','CG',1056),(2201,'Holgun','HO',1056),(2202,'Sancti Spritus','SS',1056),(2203,'Municipio Especial Isla de la Juventud','IJ',1056),(2204,'Boa Vista','BV',1040),(2205,'Brava','BR',1040),(2206,'Calheta de Sao Miguel','CS',1040),(2207,'Fogo','FO',1040),(2208,'Maio','MA',1040),(2209,'Mosteiros','MO',1040),(2210,'Paul','PA',1040),(2211,'Porto Novo','PN',1040),(2212,'Praia','PR',1040),(2213,'Ribeira Grande','RG',1040),(2214,'Sal','SL',1040),(2215,'Sao Domingos','SD',1040),(2216,'Sao Filipe','SF',1040),(2217,'Sao Nicolau','SN',1040),(2218,'Sao Vicente','SV',1040),(2219,'Tarrafal','TA',1040),(2220,'Ammochostos Magusa','04',1057),(2221,'Keryneia','06',1057),(2222,'Larnaka','03',1057),(2223,'Lefkosia','01',1057),(2224,'Lemesos','02',1057),(2225,'Pafos','05',1057),(2226,'Jihoesk kraj','JC',1058),(2227,'Jihomoravsk kraj','JM',1058),(2228,'Karlovarsk kraj','KA',1058),(2229,'Krlovhradeck kraj','KR',1058),(2230,'Libereck kraj','LI',1058),(2231,'Moravskoslezsk kraj','MO',1058),(2232,'Olomouck kraj','OL',1058),(2233,'Pardubick kraj','PA',1058),(2234,'Plzesk kraj','PL',1058),(2235,'Praha, hlavn msto','PR',1058),(2236,'Stedoesk kraj','ST',1058),(2237,'steck kraj','US',1058),(2238,'Vysoina','VY',1058),(2239,'Zlnsk kraj','ZL',1058),(2240,'Baden-Wuerttemberg','BW',1082),(2241,'Bayern','BY',1082),(2242,'Bremen','HB',1082),(2243,'Hamburg','HH',1082),(2244,'Hessen','HE',1082),(2245,'Niedersachsen','NI',1082),(2246,'Nordrhein-Westfalen','NW',1082),(2247,'Rheinland-Pfalz','RP',1082),(2248,'Saarland','SL',1082),(2249,'Schleswig-Holstein','SH',1082),(2250,'Berlin','BR',1082),(2251,'Brandenburg','BB',1082),(2252,'Mecklenburg-Vorpommern','MV',1082),(2253,'Sachsen','SN',1082),(2254,'Sachsen-Anhalt','ST',1082),(2255,'Thueringen','TH',1082),(2256,'Ali Sabiah','AS',1060),(2257,'Dikhil','DI',1060),(2258,'Djibouti','DJ',1060),(2259,'Obock','OB',1060),(2260,'Tadjoura','TA',1060),(2261,'Frederikaberg municipality','147',1059),(2262,'Copenhagen municipality','101',1059),(2263,'Copenhagen','015',1059),(2264,'Frederiksborg','020',1059),(2265,'Roskilde','025',1059),(2266,'Western Zealand','030',1059),(2267,'Storstrm','035',1059),(2268,'Bornholm','040',1059),(2269,'Funen','042',1059),(2270,'Southern Jutland','050',1059),(2271,'Ribe','055',1059),(2272,'Vejle','060',1059),(2273,'Ringkbing','065',1059),(2274,'Aarhus','070',1059),(2275,'Viborg','076',1059),(2276,'Northern Jutland','080',1059),(2277,'Distrito Nacional (Santo Domingo)','01',1062),(2278,'Azua','02',1062),(2279,'Bahoruco','03',1062),(2280,'Barahona','04',1062),(2281,'Dajabn','05',1062),(2282,'Duarte','06',1062),(2283,'El Seybo [El Seibo]','08',1062),(2284,'Espaillat','09',1062),(2285,'Hato Mayor','30',1062),(2286,'Independencia','10',1062),(2287,'La Altagracia','11',1062),(2288,'La Estrelleta [Elias Pina]','07',1062),(2289,'La Romana','12',1062),(2290,'La Vega','13',1062),(2291,'Maroia Trinidad Snchez','14',1062),(2292,'Monseor Nouel','28',1062),(2293,'Monte Cristi','15',1062),(2294,'Monte Plata','29',1062),(2295,'Pedernales','16',1062),(2296,'Peravia','17',1062),(2297,'Puerto Plata','18',1062),(2298,'Salcedo','19',1062),(2299,'Saman','20',1062),(2300,'San Cristbal','21',1062),(2301,'San Pedro de Macors','23',1062),(2302,'Snchez Ramrez','24',1062),(2303,'Santiago','25',1062),(2304,'Santiago Rodrguez','26',1062),(2305,'Valverde','27',1062),(2306,'Adrar','01',1003),(2307,'Ain Defla','44',1003),(2308,'Ain Tmouchent','46',1003),(2309,'Alger','16',1003),(2310,'Annaba','23',1003),(2311,'Batna','05',1003),(2312,'Bechar','08',1003),(2313,'Bejaia','06',1003),(2314,'Biskra','07',1003),(2315,'Blida','09',1003),(2316,'Bordj Bou Arreridj','34',1003),(2317,'Bouira','10',1003),(2318,'Boumerdes','35',1003),(2319,'Chlef','02',1003),(2320,'Constantine','25',1003),(2321,'Djelfa','17',1003),(2322,'El Bayadh','32',1003),(2323,'El Oued','39',1003),(2324,'El Tarf','36',1003),(2325,'Ghardaia','47',1003),(2326,'Guelma','24',1003),(2327,'Illizi','33',1003),(2328,'Jijel','18',1003),(2329,'Khenchela','40',1003),(2330,'Laghouat','03',1003),(2331,'Mascara','29',1003),(2332,'Medea','26',1003),(2333,'Mila','43',1003),(2334,'Mostaganem','27',1003),(2335,'Msila','28',1003),(2336,'Naama','45',1003),(2337,'Oran','31',1003),(2338,'Ouargla','30',1003),(2339,'Oum el Bouaghi','04',1003),(2340,'Relizane','48',1003),(2341,'Saida','20',1003),(2342,'Setif','19',1003),(2343,'Sidi Bel Abbes','22',1003),(2344,'Skikda','21',1003),(2345,'Souk Ahras','41',1003),(2346,'Tamanghasset','11',1003),(2347,'Tebessa','12',1003),(2348,'Tiaret','14',1003),(2349,'Tindouf','37',1003),(2350,'Tipaza','42',1003),(2351,'Tissemsilt','38',1003),(2352,'Tizi Ouzou','15',1003),(2353,'Tlemcen','13',1003),(2354,'Azuay','A',1064),(2355,'Bolivar','B',1064),(2356,'Canar','F',1064),(2357,'Carchi','C',1064),(2358,'Cotopaxi','X',1064),(2359,'Chimborazo','H',1064),(2360,'El Oro','O',1064),(2361,'Esmeraldas','E',1064),(2362,'Galapagos','W',1064),(2363,'Guayas','G',1064),(2364,'Imbabura','I',1064),(2365,'Loja','L',1064),(2366,'Los Rios','R',1064),(2367,'Manabi','M',1064),(2368,'Morona-Santiago','S',1064),(2369,'Napo','N',1064),(2370,'Orellana','D',1064),(2371,'Pastaza','Y',1064),(2372,'Pichincha','P',1064),(2373,'Sucumbios','U',1064),(2374,'Tungurahua','T',1064),(2375,'Zamora-Chinchipe','Z',1064),(2376,'Harjumsa','37',1069),(2377,'Hitumea','39',1069),(2378,'Ida-Virumsa','44',1069),(2379,'Jogevamsa','49',1069),(2380,'Jarvamsa','51',1069),(2381,'Lasnemsa','57',1069),(2382,'Laane-Virumaa','59',1069),(2383,'Polvamea','65',1069),(2384,'Parnumsa','67',1069),(2385,'Raplamsa','70',1069),(2386,'Saaremsa','74',1069),(2387,'Tartumsa','7B',1069),(2388,'Valgamaa','82',1069),(2389,'Viljandimsa','84',1069),(2390,'Vorumaa','86',1069),(2391,'Ad Daqahllyah','DK',1065),(2392,'Al Bahr al Ahmar','BA',1065),(2393,'Al Buhayrah','BH',1065),(2394,'Al Fayym','FYM',1065),(2395,'Al Gharbiyah','GH',1065),(2396,'Al Iskandarlyah','ALX',1065),(2397,'Al Isma illyah','IS',1065),(2398,'Al Jizah','GZ',1065),(2399,'Al Minuflyah','MNF',1065),(2400,'Al Minya','MN',1065),(2401,'Al Qahirah','C',1065),(2402,'Al Qalyublyah','KB',1065),(2403,'Al Wadi al Jadid','WAD',1065),(2404,'Ash Sharqiyah','SHR',1065),(2405,'As Suways','SUZ',1065),(2406,'Aswan','ASN',1065),(2407,'Asyut','AST',1065),(2408,'Bani Suwayf','BNS',1065),(2409,'Bur Sa\'id','PTS',1065),(2410,'Dumyat','DT',1065),(2411,'Janub Sina\'','JS',1065),(2412,'Kafr ash Shaykh','KFS',1065),(2413,'Matruh','MT',1065),(2414,'Qina','KN',1065),(2415,'Shamal Sina\'','SIN',1065),(2416,'Suhaj','SHG',1065),(2417,'Anseba','AN',1068),(2418,'Debub','DU',1068),(2419,'Debubawi Keyih Bahri [Debub-Keih-Bahri]','DK',1068),(2420,'Gash-Barka','GB',1068),(2421,'Maakel [Maekel]','MA',1068),(2422,'Semenawi Keyih Bahri [Semien-Keih-Bahri]','SK',1068),(2423,'lava','VI',1198),(2424,'Albacete','AB',1198),(2425,'Alicante','A',1198),(2426,'Almera','AL',1198),(2427,'Asturias','O',1198),(2428,'vila','AV',1198),(2429,'Badajoz','BA',1198),(2430,'Baleares','PM',1198),(2431,'Barcelona','B',1198),(2432,'Burgos','BU',1198),(2433,'Cceres','CC',1198),(2434,'Cdiz','CA',1198),(2435,'Cantabria','S',1198),(2436,'Castelln','CS',1198),(2437,'Ciudad Real','CR',1198),(2438,'Cuenca','CU',1198),(2439,'Girona [Gerona]','GE',1198),(2440,'Granada','GR',1198),(2441,'Guadalajara','GU',1198),(2442,'Guipzcoa','SS',1198),(2443,'Huelva','H',1198),(2444,'Huesca','HU',1198),(2445,'Jan','J',1198),(2446,'La Corua','C',1198),(2447,'La Rioja','LO',1198),(2448,'Las Palmas','GC',1198),(2449,'Len','LE',1198),(2450,'Lleida [Lrida]','L',1198),(2451,'Lugo','LU',1198),(2452,'Madrid','M',1198),(2453,'Mlaga','MA',1198),(2454,'Murcia','MU',1198),(2455,'Navarra','NA',1198),(2456,'Ourense','OR',1198),(2457,'Palencia','P',1198),(2458,'Pontevedra','PO',1198),(2459,'Salamanca','SA',1198),(2460,'Santa Cruz de Tenerife','TF',1198),(2461,'Segovia','SG',1198),(2462,'Sevilla','SE',1198),(2463,'Soria','SO',1198),(2464,'Tarragona','T',1198),(2465,'Teruel','TE',1198),(2466,'Valencia','V',1198),(2467,'Valladolid','VA',1198),(2468,'Vizcaya','BI',1198),(2469,'Zamora','ZA',1198),(2470,'Zaragoza','Z',1198),(2471,'Ceuta','CE',1198),(2472,'Melilla','ML',1198),(2473,'Addis Ababa','AA',1070),(2474,'Dire Dawa','DD',1070),(2475,'Afar','AF',1070),(2476,'Amara','AM',1070),(2477,'Benshangul-Gumaz','BE',1070),(2478,'Gambela Peoples','GA',1070),(2479,'Harari People','HA',1070),(2480,'Oromia','OR',1070),(2481,'Somali','SO',1070),(2482,'Southern Nations, Nationalities and Peoples','SN',1070),(2483,'Tigrai','TI',1070),(2490,'Eastern','E',1074),(2491,'Northern','N',1074),(2492,'Western','W',1074),(2493,'Rotuma','R',1074),(2494,'Chuuk','TRK',1141),(2495,'Kosrae','KSA',1141),(2496,'Pohnpei','PNI',1141),(2497,'Yap','YAP',1141),(2498,'Ain','01',1076),(2499,'Aisne','02',1076),(2500,'Allier','03',1076),(2501,'Alpes-de-Haute-Provence','04',1076),(2502,'Alpes-Maritimes','06',1076),(2503,'Ardche','07',1076),(2504,'Ardennes','08',1076),(2505,'Arige','09',1076),(2506,'Aube','10',1076),(2507,'Aude','11',1076),(2508,'Aveyron','12',1076),(2509,'Bas-Rhin','67',1076),(2510,'Bouches-du-Rhne','13',1076),(2511,'Calvados','14',1076),(2512,'Cantal','15',1076),(2513,'Charente','16',1076),(2514,'Charente-Maritime','17',1076),(2515,'Cher','18',1076),(2516,'Corrze','19',1076),(2517,'Corse-du-Sud','20A',1076),(2518,'Cte-d\'Or','21',1076),(2519,'Ctes-d\'Armor','22',1076),(2520,'Creuse','23',1076),(2521,'Deux-Svres','79',1076),(2522,'Dordogne','24',1076),(2523,'Doubs','25',1076),(2524,'Drme','26',1076),(2525,'Essonne','91',1076),(2526,'Eure','27',1076),(2527,'Eure-et-Loir','28',1076),(2528,'Finistre','29',1076),(2529,'Gard','30',1076),(2530,'Gers','32',1076),(2531,'Gironde','33',1076),(2532,'Haut-Rhin','68',1076),(2533,'Haute-Corse','20B',1076),(2534,'Haute-Garonne','31',1076),(2535,'Haute-Loire','43',1076),(2536,'Haute-Sane','70',1076),(2537,'Haute-Savoie','74',1076),(2538,'Haute-Vienne','87',1076),(2539,'Hautes-Alpes','05',1076),(2540,'Hautes-Pyrnes','65',1076),(2541,'Hauts-de-Seine','92',1076),(2542,'Hrault','34',1076),(2543,'Indre','35',1076),(2544,'Ille-et-Vilaine','36',1076),(2545,'Indre-et-Loire','37',1076),(2546,'Isre','38',1076),(2547,'Landes','40',1076),(2548,'Loir-et-Cher','41',1076),(2549,'Loire','42',1076),(2550,'Loire-Atlantique','44',1076),(2551,'Loiret','45',1076),(2552,'Lot','46',1076),(2553,'Lot-et-Garonne','47',1076),(2554,'Lozre','48',1076),(2555,'Maine-et-Loire','49',1076),(2556,'Manche','50',1076),(2557,'Marne','51',1076),(2558,'Mayenne','53',1076),(2559,'Meurthe-et-Moselle','54',1076),(2560,'Meuse','55',1076),(2561,'Morbihan','56',1076),(2562,'Moselle','57',1076),(2563,'Nivre','58',1076),(2564,'Nord','59',1076),(2565,'Oise','60',1076),(2566,'Orne','61',1076),(2567,'Paris','75',1076),(2568,'Pas-de-Calais','62',1076),(2569,'Puy-de-Dme','63',1076),(2570,'Pyrnes-Atlantiques','64',1076),(2571,'Pyrnes-Orientales','66',1076),(2572,'Rhne','69',1076),(2573,'Sane-et-Loire','71',1076),(2574,'Sarthe','72',1076),(2575,'Savoie','73',1076),(2576,'Seine-et-Marne','77',1076),(2577,'Seine-Maritime','76',1076),(2578,'Seine-Saint-Denis','93',1076),(2579,'Somme','80',1076),(2580,'Tarn','81',1076),(2581,'Tarn-et-Garonne','82',1076),(2582,'Val d\'Oise','95',1076),(2583,'Territoire de Belfort','90',1076),(2584,'Val-de-Marne','94',1076),(2585,'Var','83',1076),(2586,'Vaucluse','84',1076),(2587,'Vende','85',1076),(2588,'Vienne','86',1076),(2589,'Vosges','88',1076),(2590,'Yonne','89',1076),(2591,'Yvelines','78',1076),(2592,'Aberdeen City','ABE',1226),(2593,'Aberdeenshire','ABD',1226),(2594,'Angus','ANS',1226),(2595,'Co Antrim','ANT',1226),(2596,'Ards','ARD',1226),(2597,'Argyll and Bute','AGB',1226),(2598,'Co Armagh','ARM',1226),(2599,'Ballymena','BLA',1226),(2600,'Ballymoney','BLY',1226),(2601,'Banbridge','BNB',1226),(2602,'Barking and Dagenham','BDG',1226),(2603,'Barnet','BNE',1226),(2604,'Barnsley','BNS',1226),(2605,'Bath and North East Somerset','BAS',1226),(2606,'Bedfordshire','BDF',1226),(2607,'Belfast','BFS',1226),(2608,'Bexley','BEX',1226),(2609,'Birmingham','BIR',1226),(2610,'Blackburn with Darwen','BBD',1226),(2611,'Blackpool','BPL',1226),(2612,'Blaenau Gwent','BGW',1226),(2613,'Bolton','BOL',1226),(2614,'Bournemouth','BMH',1226),(2615,'Bracknell Forest','BRC',1226),(2616,'Bradford','BRD',1226),(2617,'Brent','BEN',1226),(2618,'Bridgend','BGE',1226),(2619,'Brighton and Hove','BNH',1226),(2620,'Bristol','BST',1226),(2621,'Bromley','BRY',1226),(2622,'Buckinghamshire','BKM',1226),(2623,'Bury','BUR',1226),(2624,'Caerphilly','CAY',1226),(2625,'Calderdale','CLD',1226),(2626,'Cambridgeshire','CAM',1226),(2627,'Camden','CMD',1226),(2628,'Cardiff','CRF',1226),(2629,'Carmarthenshire','CMN',1226),(2630,'Sir Gaerfyrddin','GFY',1226),(2631,'Carrickfergus','CKF',1226),(2632,'Castlereagh','CSR',1226),(2633,'Ceredigion','CGN',1226),(2634,'Cheshire','CHS',1226),(2635,'Clackmannanshire','CLK',1226),(2636,'Coleraine','CLR',1226),(2637,'Conwy','CWY',1226),(2638,'Cookstown','CKT',1226),(2639,'Cornwall','CON',1226),(2640,'Coventry','COV',1226),(2641,'Cralgavon','CGV',1226),(2642,'Croydon','CRY',1226),(2643,'Cumbria','CMA',1226),(2644,'Darlington','DAL',1226),(2645,'Denbighshire','DEN',1226),(2646,'Derby','DER',1226),(2647,'Derbyshire','DBY',1226),(2648,'Derry','DRY',1226),(2649,'Devon','DEV',1226),(2650,'Doncaster','DNC',1226),(2651,'Dorset','DOR',1226),(2652,'Co Down','DOW',1226),(2653,'Dudley','DUD',1226),(2654,'Dumfries and Galloway','DGY',1226),(2655,'Dundee City','DND',1226),(2656,'Dungannon','DGN',1226),(2657,'Co Durham','DUR',1226),(2658,'Ealing','EAL',1226),(2659,'East Ayrshire','EAY',1226),(2660,'East Dunbartonshire','EDU',1226),(2661,'East Lothian','ELN',1226),(2662,'East Renfrewshire','ERW',1226),(2663,'East Riding of Yorkshire','ERY',1226),(2664,'East Sussex','ESX',1226),(2665,'Edinburgh, City of','EDH',1226),(2666,'Eilean Siar','ELS',1226),(2667,'Enfield','ENF',1226),(2668,'Essex','ESS',1226),(2669,'Falkirk','FAL',1226),(2670,'Co Fermanagh','FER',1226),(2671,'Fife','FIF',1226),(2672,'Flintshire','FLN',1226),(2673,'Gateshead','GAT',1226),(2674,'Glasgow','GLG',1226),(2675,'Gloucestershire','GLS',1226),(2676,'Greenwich','GRE',1226),(2677,'Guernsey','GSY',1226),(2678,'Gwynedd','GWN',1226),(2679,'Hackney','HCK',1226),(2680,'Halton','HAL',1226),(2681,'Hammersmith and Fulham','HMF',1226),(2682,'Hampshire','HAM',1226),(2683,'Haringey','HRY',1226),(2684,'Harrow','HRW',1226),(2685,'Hartlepool','HPL',1226),(2686,'Havering','HAV',1226),(2687,'Herefordshire','HEF',1226),(2688,'Hertfordshire','HRT',1226),(2689,'Highland','HED',1226),(2690,'Hillingdon','HIL',1226),(2691,'Hounslow','HNS',1226),(2692,'Inverclyde','IVC',1226),(2693,'Isle of Anglesey','AGY',1226),(2694,'Isle of Wight','IOW',1226),(2695,'Isles of Scilly','IOS',1226),(2696,'Islington','ISL',1226),(2697,'Jersey','JSY',1226),(2698,'Kensington and Chelsea','KEC',1226),(2699,'Kent','KEN',1226),(2700,'Kingston upon Hull','KHL',1226),(2701,'Kingston upon Thames','KTT',1226),(2702,'Kirklees','KIR',1226),(2703,'Knowsley','KWL',1226),(2704,'Lambeth','LBH',1226),(2705,'Lancashire','LAN',1226),(2706,'Larne','LRN',1226),(2707,'Leeds','LDS',1226),(2708,'Leicester','LCE',1226),(2709,'Leicestershire','LEC',1226),(2710,'Lewisham','LEW',1226),(2711,'Limavady','LMV',1226),(2712,'Lincolnshire','LIN',1226),(2713,'Lisburn','LSB',1226),(2714,'Liverpool','LIV',1226),(2715,'London, City of','LND',1226),(2716,'Luton','LUT',1226),(2717,'Magherafelt','MFT',1226),(2718,'Manchester','MAN',1226),(2719,'Medway','MDW',1226),(2720,'Merthyr Tydfil','MTY',1226),(2721,'Merton','MRT',1226),(2722,'Middlesbrough','MDB',1226),(2723,'Midlothian','MLN',1226),(2724,'Milton Keynes','MIK',1226),(2725,'Monmouthshire','MON',1226),(2726,'Moray','MRY',1226),(2727,'Moyle','MYL',1226),(2728,'Neath Port Talbot','NTL',1226),(2729,'Newcastle upon Tyne','NET',1226),(2730,'Newham','NWM',1226),(2731,'Newport','NWP',1226),(2732,'Newry and Mourne','NYM',1226),(2733,'Newtownabbey','NTA',1226),(2734,'Norfolk','NFK',1226),(2735,'North Ayrshire','NAY',1226),(2736,'North Down','NDN',1226),(2737,'North East Lincolnshire','NEL',1226),(2738,'North Lanarkshire','NLK',1226),(2739,'North Lincolnshire','NLN',1226),(2740,'North Somerset','NSM',1226),(2741,'North Tyneside','NTY',1226),(2742,'North Yorkshire','NYK',1226),(2743,'Northamptonshire','NTH',1226),(2744,'Northumberland','NBL',1226),(2745,'Nottingham','NGM',1226),(2746,'Nottinghamshire','NTT',1226),(2747,'Oldham','OLD',1226),(2748,'Omagh','OMH',1226),(2749,'Orkney Islands','ORR',1226),(2750,'Oxfordshire','OXF',1226),(2751,'Pembrokeshire','PEM',1226),(2752,'Perth and Kinross','PKN',1226),(2753,'Peterborough','PTE',1226),(2754,'Plymouth','PLY',1226),(2755,'Poole','POL',1226),(2756,'Portsmouth','POR',1226),(2757,'Powys','POW',1226),(2758,'Reading','RDG',1226),(2759,'Redbridge','RDB',1226),(2760,'Cleveland','RCC',1226),(2761,'Renfrewshire','RFW',1226),(2762,'Rhondda Cynon Taff','RCT',1226),(2763,'Richmond upon Thames','RIC',1226),(2764,'Rochdale','RCH',1226),(2765,'Rotherham','ROT',1226),(2766,'Rutland','RUT',1226),(2767,'St. Helens','SHN',1226),(2768,'Salford','SLF',1226),(2769,'Sandwell','SAW',1226),(2770,'Scottish Borders','SCB',1226),(2771,'Sefton','SFT',1226),(2772,'Sheffield','SHF',1226),(2773,'Shetland Islands','ZET',1226),(2774,'Shropshire','SHR',1226),(2775,'Slough','SLG',1226),(2776,'Solihull','SOL',1226),(2777,'Somerset','SOM',1226),(2778,'South Ayrshire','SAY',1226),(2779,'South Gloucestershire','SGC',1226),(2780,'South Lanarkshire','SLK',1226),(2781,'South Tyneside','STY',1226),(2782,'Southampton','STH',1226),(2783,'Southend-on-Sea','SOS',1226),(2784,'Southwark','SWK',1226),(2785,'Staffordshire','STS',1226),(2786,'Stirling','STG',1226),(2787,'Stockport','SKP',1226),(2788,'Stockton-on-Tees','STT',1226),(2789,'Stoke-on-Trent','STE',1226),(2790,'Strabane','STB',1226),(2791,'Suffolk','SFK',1226),(2792,'Sunderland','SND',1226),(2793,'Surrey','SRY',1226),(2794,'Sutton','STN',1226),(2795,'Swansea','SWA',1226),(2796,'Swindon','SWD',1226),(2797,'Tameside','TAM',1226),(2798,'Telford and Wrekin','TFW',1226),(2799,'Thurrock','THR',1226),(2800,'Torbay','TOB',1226),(2801,'Torfasn','TOF',1226),(2802,'Tower Hamlets','TWH',1226),(2803,'Trafford','TRF',1226),(2804,'Vale of Glamorgan','VGL',1226),(2805,'Bro Morgannwg','BMG',1226),(2806,'Wakefield','WKF',1226),(2807,'Walsall','WLL',1226),(2808,'Waltham Forest','WFT',1226),(2809,'Wandsworth','WND',1226),(2810,'Warrington','WRT',1226),(2811,'Warwickshire','WAR',1226),(2812,'West Berkshire','WBX',1226),(2813,'West Dunbartonshire','WDU',1226),(2814,'West Lothian','WLN',1226),(2815,'West Sussex','WSX',1226),(2816,'Westminster','WSM',1226),(2817,'Wigan','WGN',1226),(2818,'Wiltshire','WIL',1226),(2819,'Windsor and Maidenhead','WNM',1226),(2820,'Wirral','WRL',1226),(2821,'Wokingham','WOK',1226),(2822,'Wolverhampton','WLV',1226),(2823,'Worcestershire','WOR',1226),(2824,'Wrexham','WRX',1226),(2825,'York','YOR',1226),(2826,'Ashanti','AH',1083),(2827,'Brong-Ahafo','BA',1083),(2828,'Greater Accra','AA',1083),(2829,'Upper East','UE',1083),(2830,'Upper West','UW',1083),(2831,'Volta','TV',1083),(2832,'Banjul','B',1213),(2833,'Lower River','L',1213),(2834,'MacCarthy Island','M',1213),(2835,'North Bank','N',1213),(2836,'Upper River','U',1213),(2837,'Beyla','BE',1091),(2838,'Boffa','BF',1091),(2839,'Boke','BK',1091),(2840,'Coyah','CO',1091),(2841,'Dabola','DB',1091),(2842,'Dalaba','DL',1091),(2843,'Dinguiraye','DI',1091),(2844,'Dubreka','DU',1091),(2845,'Faranah','FA',1091),(2846,'Forecariah','FO',1091),(2847,'Fria','FR',1091),(2848,'Gaoual','GA',1091),(2849,'Guekedou','GU',1091),(2850,'Kankan','KA',1091),(2851,'Kerouane','KE',1091),(2852,'Kindia','KD',1091),(2853,'Kissidougou','KS',1091),(2854,'Koubia','KB',1091),(2855,'Koundara','KN',1091),(2856,'Kouroussa','KO',1091),(2857,'Labe','LA',1091),(2858,'Lelouma','LE',1091),(2859,'Lola','LO',1091),(2860,'Macenta','MC',1091),(2861,'Mali','ML',1091),(2862,'Mamou','MM',1091),(2863,'Mandiana','MD',1091),(2864,'Nzerekore','NZ',1091),(2865,'Pita','PI',1091),(2866,'Siguiri','SI',1091),(2867,'Telimele','TE',1091),(2868,'Tougue','TO',1091),(2869,'Yomou','YO',1091),(2870,'Region Continental','C',1067),(2871,'Region Insular','I',1067),(2872,'Annobon','AN',1067),(2873,'Bioko Norte','BN',1067),(2874,'Bioko Sur','BS',1067),(2875,'Centro Sur','CS',1067),(2876,'Kie-Ntem','KN',1067),(2877,'Litoral','LI',1067),(2878,'Wele-Nzas','WN',1067),(2879,'Achaa','13',1085),(2880,'Aitolia-Akarnania','01',1085),(2881,'Argolis','11',1085),(2882,'Arkadia','12',1085),(2883,'Arta','31',1085),(2884,'Attiki','A1',1085),(2885,'Chalkidiki','64',1085),(2886,'Chania','94',1085),(2887,'Chios','85',1085),(2888,'Dodekanisos','81',1085),(2889,'Drama','52',1085),(2890,'Evros','71',1085),(2891,'Evrytania','05',1085),(2892,'Evvoia','04',1085),(2893,'Florina','63',1085),(2894,'Fokis','07',1085),(2895,'Fthiotis','06',1085),(2896,'Grevena','51',1085),(2897,'Ileia','14',1085),(2898,'Imathia','53',1085),(2899,'Ioannina','33',1085),(2900,'Irakleion','91',1085),(2901,'Karditsa','41',1085),(2902,'Kastoria','56',1085),(2903,'Kavalla','55',1085),(2904,'Kefallinia','23',1085),(2905,'Kerkyra','22',1085),(2906,'Kilkis','57',1085),(2907,'Korinthia','15',1085),(2908,'Kozani','58',1085),(2909,'Kyklades','82',1085),(2910,'Lakonia','16',1085),(2911,'Larisa','42',1085),(2912,'Lasithion','92',1085),(2913,'Lefkas','24',1085),(2914,'Lesvos','83',1085),(2915,'Magnisia','43',1085),(2916,'Messinia','17',1085),(2917,'Pella','59',1085),(2918,'Preveza','34',1085),(2919,'Rethymnon','93',1085),(2920,'Rodopi','73',1085),(2921,'Samos','84',1085),(2922,'Serrai','62',1085),(2923,'Thesprotia','32',1085),(2924,'Thessaloniki','54',1085),(2925,'Trikala','44',1085),(2926,'Voiotia','03',1085),(2927,'Xanthi','72',1085),(2928,'Zakynthos','21',1085),(2929,'Agio Oros','69',1085),(2930,'Alta Verapez','AV',1090),(2931,'Baja Verapez','BV',1090),(2932,'Chimaltenango','CM',1090),(2933,'Chiquimula','CQ',1090),(2934,'El Progreso','PR',1090),(2935,'Escuintla','ES',1090),(2936,'Guatemala','GU',1090),(2937,'Huehuetenango','HU',1090),(2938,'Izabal','IZ',1090),(2939,'Jalapa','JA',1090),(2940,'Jutiapa','JU',1090),(2941,'Peten','PE',1090),(2942,'Quetzaltenango','QZ',1090),(2943,'Quiche','QC',1090),(2944,'Reta.thuleu','RE',1090),(2945,'Sacatepequez','SA',1090),(2946,'San Marcos','SM',1090),(2947,'Santa Rosa','SR',1090),(2948,'Solol6','SO',1090),(2949,'Suchitepequez','SU',1090),(2950,'Totonicapan','TO',1090),(2951,'Zacapa','ZA',1090),(2952,'Bissau','BS',1092),(2953,'Bafata','BA',1092),(2954,'Biombo','BM',1092),(2955,'Bolama','BL',1092),(2956,'Cacheu','CA',1092),(2957,'Gabu','GA',1092),(2958,'Oio','OI',1092),(2959,'Quloara','QU',1092),(2960,'Tombali S','TO',1092),(2961,'Barima-Waini','BA',1093),(2962,'Cuyuni-Mazaruni','CU',1093),(2963,'Demerara-Mahaica','DE',1093),(2964,'East Berbice-Corentyne','EB',1093),(2965,'Essequibo Islands-West Demerara','ES',1093),(2966,'Mahaica-Berbice','MA',1093),(2967,'Pomeroon-Supenaam','PM',1093),(2968,'Potaro-Siparuni','PT',1093),(2969,'Upper Demerara-Berbice','UD',1093),(2970,'Upper Takutu-Upper Essequibo','UT',1093),(2971,'Atlantida','AT',1097),(2972,'Colon','CL',1097),(2973,'Comayagua','CM',1097),(2974,'Copan','CP',1097),(2975,'Cortes','CR',1097),(2976,'Choluteca','CH',1097),(2977,'El Paraiso','EP',1097),(2978,'Francisco Morazan','FM',1097),(2979,'Gracias a Dios','GD',1097),(2980,'Intibuca','IN',1097),(2981,'Islas de la Bahia','IB',1097),(2982,'Lempira','LE',1097),(2983,'Ocotepeque','OC',1097),(2984,'Olancho','OL',1097),(2985,'Santa Barbara','SB',1097),(2986,'Valle','VA',1097),(2987,'Yoro','YO',1097),(2988,'Bjelovarsko-bilogorska zupanija','07',1055),(2989,'Brodsko-posavska zupanija','12',1055),(2990,'Dubrovacko-neretvanska zupanija','19',1055),(2991,'Istarska zupanija','18',1055),(2992,'Karlovacka zupanija','04',1055),(2993,'Koprivnickco-krizevacka zupanija','06',1055),(2994,'Krapinako-zagorska zupanija','02',1055),(2995,'Licko-senjska zupanija','09',1055),(2996,'Medimurska zupanija','20',1055),(2997,'Osjecko-baranjska zupanija','14',1055),(2998,'Pozesko-slavonska zupanija','11',1055),(2999,'Primorsko-goranska zupanija','08',1055),(3000,'Sisacko-moelavacka Iupanija','03',1055),(3001,'Splitako-dalmatinska zupanija','17',1055),(3002,'Sibenako-kninska zupanija','15',1055),(3003,'Varaidinska zupanija','05',1055),(3004,'VirovitiEko-podravska zupanija','10',1055),(3005,'VuRovarako-srijemska zupanija','16',1055),(3006,'Zadaraka','13',1055),(3007,'Zagrebacka zupanija','01',1055),(3008,'Grande-Anse','GA',1094),(3009,'Nord-Eat','NE',1094),(3010,'Nord-Ouest','NO',1094),(3011,'Ouest','OU',1094),(3012,'Sud','SD',1094),(3013,'Sud-Est','SE',1094),(3014,'Budapest','BU',1099),(3015,'Bcs-Kiskun','BK',1099),(3016,'Baranya','BA',1099),(3017,'Bks','BE',1099),(3018,'Borsod-Abaj-Zempln','BZ',1099),(3019,'Csongrd','CS',1099),(3020,'Fejr','FE',1099),(3021,'Gyr-Moson-Sopron','GS',1099),(3022,'Hajdu-Bihar','HB',1099),(3023,'Heves','HE',1099),(3024,'Jsz-Nagykun-Szolnok','JN',1099),(3025,'Komrom-Esztergom','KE',1099),(3026,'Nogrd','NO',1099),(3027,'Pest','PE',1099),(3028,'Somogy','SO',1099),(3029,'Szabolcs-Szatmr-Bereg','SZ',1099),(3030,'Tolna','TO',1099),(3031,'Vas','VA',1099),(3032,'Veszprm','VE',1099),(3033,'Zala','ZA',1099),(3034,'Bkscsaba','BC',1099),(3035,'Debrecen','DE',1099),(3036,'Dunajvros','DU',1099),(3037,'Eger','EG',1099),(3038,'Gyr','GY',1099),(3039,'Hdmezvsrhely','HV',1099),(3040,'Kaposvr','KV',1099),(3041,'Kecskemt','KM',1099),(3042,'Miskolc','MI',1099),(3043,'Nagykanizsa','NK',1099),(3044,'Nyiregyhza','NY',1099),(3045,'Pcs','PS',1099),(3046,'Salgtarjn','ST',1099),(3047,'Sopron','SN',1099),(3048,'Szeged','SD',1099),(3049,'Szkesfehrvr','SF',1099),(3050,'Szekszrd','SS',1099),(3051,'Szolnok','SK',1099),(3052,'Szombathely','SH',1099),(3053,'Tatabnya','TB',1099),(3054,'Zalaegerszeg','ZE',1099),(3055,'Bali','BA',1102),(3056,'Bangka Belitung','BB',1102),(3057,'Banten','BT',1102),(3058,'Bengkulu','BE',1102),(3059,'Gorontalo','GO',1102),(3060,'Irian Jaya','IJ',1102),(3061,'Jambi','JA',1102),(3062,'Jawa Barat','JB',1102),(3063,'Jawa Tengah','JT',1102),(3064,'Jawa Timur','JI',1102),(3065,'Kalimantan Barat','KB',1102),(3066,'Kalimantan Timur','KT',1102),(3067,'Kalimantan Selatan','KS',1102),(3068,'Kepulauan Riau','KR',1102),(3069,'Lampung','LA',1102),(3070,'Maluku','MA',1102),(3071,'Maluku Utara','MU',1102),(3072,'Nusa Tenggara Barat','NB',1102),(3073,'Nusa Tenggara Timur','NT',1102),(3074,'Papua','PA',1102),(3075,'Riau','RI',1102),(3076,'Sulawesi Selatan','SN',1102),(3077,'Sulawesi Tengah','ST',1102),(3078,'Sulawesi Tenggara','SG',1102),(3079,'Sulawesi Utara','SA',1102),(3080,'Sumatra Barat','SB',1102),(3081,'Sumatra Selatan','SS',1102),(3082,'Sumatera Utara','SU',1102),(3083,'Jakarta Raya','JK',1102),(3084,'Aceh','AC',1102),(3085,'Yogyakarta','YO',1102),(3086,'Cork','C',1105),(3087,'Clare','CE',1105),(3088,'Cavan','CN',1105),(3089,'Carlow','CW',1105),(3090,'Dublin','D',1105),(3091,'Donegal','DL',1105),(3092,'Galway','G',1105),(3093,'Kildare','KE',1105),(3094,'Kilkenny','KK',1105),(3095,'Kerry','KY',1105),(3096,'Longford','LD',1105),(3097,'Louth','LH',1105),(3098,'Limerick','LK',1105),(3099,'Leitrim','LM',1105),(3100,'Laois','LS',1105),(3101,'Meath','MH',1105),(3102,'Monaghan','MN',1105),(3103,'Mayo','MO',1105),(3104,'Offaly','OY',1105),(3105,'Roscommon','RN',1105),(3106,'Sligo','SO',1105),(3107,'Tipperary','TA',1105),(3108,'Waterford','WD',1105),(3109,'Westmeath','WH',1105),(3110,'Wicklow','WW',1105),(3111,'Wexford','WX',1105),(3112,'HaDarom','D',1106),(3113,'HaMerkaz','M',1106),(3114,'HaZafon','Z',1106),(3115,'Hefa','HA',1106),(3116,'Tel-Aviv','TA',1106),(3117,'Yerushalayim Al Quds','JM',1106),(3118,'Al Anbar','AN',1104),(3119,'Al Ba,rah','BA',1104),(3120,'Al Muthanna','MU',1104),(3121,'Al Qadisiyah','QA',1104),(3122,'An Najef','NA',1104),(3123,'Arbil','AR',1104),(3124,'As Sulaymaniyah','SW',1104),(3125,'At Ta\'mim','TS',1104),(3126,'Babil','BB',1104),(3127,'Baghdad','BG',1104),(3128,'Dahuk','DA',1104),(3129,'Dhi Qar','DQ',1104),(3130,'Diyala','DI',1104),(3131,'Karbala\'','KA',1104),(3132,'Maysan','MA',1104),(3133,'Ninawa','NI',1104),(3134,'Salah ad Din','SD',1104),(3135,'Wasit','WA',1104),(3136,'Ardabil','03',1103),(3137,'Azarbayjan-e Gharbi','02',1103),(3138,'Azarbayjan-e Sharqi','01',1103),(3139,'Bushehr','06',1103),(3140,'Chahar Mahall va Bakhtiari','08',1103),(3141,'Esfahan','04',1103),(3142,'Fars','14',1103),(3143,'Gilan','19',1103),(3144,'Golestan','27',1103),(3145,'Hamadan','24',1103),(3146,'Hormozgan','23',1103),(3147,'Iiam','05',1103),(3148,'Kerman','15',1103),(3149,'Kermanshah','17',1103),(3150,'Khorasan','09',1103),(3151,'Khuzestan','10',1103),(3152,'Kohjiluyeh va Buyer Ahmad','18',1103),(3153,'Kordestan','16',1103),(3154,'Lorestan','20',1103),(3155,'Markazi','22',1103),(3156,'Mazandaran','21',1103),(3157,'Qazvin','28',1103),(3158,'Qom','26',1103),(3159,'Semnan','12',1103),(3160,'Sistan va Baluchestan','13',1103),(3161,'Tehran','07',1103),(3162,'Yazd','25',1103),(3163,'Zanjan','11',1103),(3164,'Austurland','7',1100),(3165,'Hofuoborgarsvaeoi utan Reykjavikur','1',1100),(3166,'Norourland eystra','6',1100),(3167,'Norourland vestra','5',1100),(3168,'Reykjavik','0',1100),(3169,'Suourland','8',1100),(3170,'Suournes','2',1100),(3171,'Vestfirolr','4',1100),(3172,'Vesturland','3',1100),(3173,'Agrigento','AG',1107),(3174,'Alessandria','AL',1107),(3175,'Ancona','AN',1107),(3176,'Aosta','AO',1107),(3177,'Arezzo','AR',1107),(3178,'Ascoli Piceno','AP',1107),(3179,'Asti','AT',1107),(3180,'Avellino','AV',1107),(3181,'Bari','BA',1107),(3182,'Belluno','BL',1107),(3183,'Benevento','BN',1107),(3184,'Bergamo','BG',1107),(3185,'Biella','BI',1107),(3186,'Bologna','BO',1107),(3187,'Bolzano','BZ',1107),(3188,'Brescia','BS',1107),(3189,'Brindisi','BR',1107),(3190,'Cagliari','CA',1107),(3191,'Caltanissetta','CL',1107),(3192,'Campobasso','CB',1107),(3193,'Caserta','CE',1107),(3194,'Catania','CT',1107),(3195,'Catanzaro','CZ',1107),(3196,'Chieti','CH',1107),(3197,'Como','CO',1107),(3198,'Cosenza','CS',1107),(3199,'Cremona','CR',1107),(3200,'Crotone','KR',1107),(3201,'Cuneo','CN',1107),(3202,'Enna','EN',1107),(3203,'Ferrara','FE',1107),(3204,'Firenze','FI',1107),(3205,'Foggia','FG',1107),(3206,'Forli','FO',1107),(3207,'Frosinone','FR',1107),(3208,'Genova','GE',1107),(3209,'Gorizia','GO',1107),(3210,'Grosseto','GR',1107),(3211,'Imperia','IM',1107),(3212,'Isernia','IS',1107),(3213,'L\'Aquila','AQ',1107),(3214,'La Spezia','SP',1107),(3215,'Latina','LT',1107),(3216,'Lecce','LE',1107),(3217,'Lecco','LC',1107),(3218,'Livorno','LI',1107),(3219,'Lodi','LO',1107),(3220,'Lucca','LU',1107),(3221,'Macerata','SC',1107),(3222,'Mantova','MN',1107),(3223,'Massa-Carrara','MS',1107),(3224,'Matera','MT',1107),(3225,'Messina','ME',1107),(3226,'Milano','MI',1107),(3227,'Modena','MO',1107),(3228,'Napoli','NA',1107),(3229,'Novara','NO',1107),(3230,'Nuoro','NU',1107),(3231,'Oristano','OR',1107),(3232,'Padova','PD',1107),(3233,'Palermo','PA',1107),(3234,'Parma','PR',1107),(3235,'Pavia','PV',1107),(3236,'Perugia','PG',1107),(3237,'Pesaro e Urbino','PS',1107),(3238,'Pescara','PE',1107),(3239,'Piacenza','PC',1107),(3240,'Pisa','PI',1107),(3241,'Pistoia','PT',1107),(3242,'Pordenone','PN',1107),(3243,'Potenza','PZ',1107),(3244,'Prato','PO',1107),(3245,'Ragusa','RG',1107),(3246,'Ravenna','RA',1107),(3247,'Reggio Calabria','RC',1107),(3248,'Reggio Emilia','RE',1107),(3249,'Rieti','RI',1107),(3250,'Rimini','RN',1107),(3251,'Roma','RM',1107),(3252,'Rovigo','RO',1107),(3253,'Salerno','SA',1107),(3254,'Sassari','SS',1107),(3255,'Savona','SV',1107),(3256,'Siena','SI',1107),(3257,'Siracusa','SR',1107),(3258,'Sondrio','SO',1107),(3259,'Taranto','TA',1107),(3260,'Teramo','TE',1107),(3261,'Terni','TR',1107),(3262,'Torino','TO',1107),(3263,'Trapani','TP',1107),(3264,'Trento','TN',1107),(3265,'Treviso','TV',1107),(3266,'Trieste','TS',1107),(3267,'Udine','UD',1107),(3268,'Varese','VA',1107),(3269,'Venezia','VE',1107),(3270,'Verbano-Cusio-Ossola','VB',1107),(3271,'Vercelli','VC',1107),(3272,'Verona','VR',1107),(3273,'Vibo Valentia','VV',1107),(3274,'Vicenza','VI',1107),(3275,'Viterbo','VT',1107),(3276,'Aichi','23',1109),(3277,'Akita','05',1109),(3278,'Aomori','02',1109),(3279,'Chiba','12',1109),(3280,'Ehime','38',1109),(3281,'Fukui','18',1109),(3282,'Fukuoka','40',1109),(3283,'Fukusima','07',1109),(3284,'Gifu','21',1109),(3285,'Gunma','10',1109),(3286,'Hiroshima','34',1109),(3287,'Hokkaido','01',1109),(3288,'Hyogo','28',1109),(3289,'Ibaraki','08',1109),(3290,'Ishikawa','17',1109),(3291,'Iwate','03',1109),(3292,'Kagawa','37',1109),(3293,'Kagoshima','46',1109),(3294,'Kanagawa','14',1109),(3295,'Kochi','39',1109),(3296,'Kumamoto','43',1109),(3297,'Kyoto','26',1109),(3298,'Mie','24',1109),(3299,'Miyagi','04',1109),(3300,'Miyazaki','45',1109),(3301,'Nagano','20',1109),(3302,'Nagasaki','42',1109),(3303,'Nara','29',1109),(3304,'Niigata','15',1109),(3305,'Oita','44',1109),(3306,'Okayama','33',1109),(3307,'Okinawa','47',1109),(3308,'Osaka','27',1109),(3309,'Saga','41',1109),(3310,'Saitama','11',1109),(3311,'Shiga','25',1109),(3312,'Shimane','32',1109),(3313,'Shizuoka','22',1109),(3314,'Tochigi','09',1109),(3315,'Tokushima','36',1109),(3316,'Tokyo','13',1109),(3317,'Tottori','31',1109),(3318,'Toyama','16',1109),(3319,'Wakayama','30',1109),(3320,'Yamagata','06',1109),(3321,'Yamaguchi','35',1109),(3322,'Yamanashi','19',1109),(3323,'Clarendon','13',1108),(3324,'Hanover','09',1108),(3325,'Kingston','01',1108),(3326,'Portland','04',1108),(3327,'Saint Andrew','02',1108),(3328,'Saint Ann','06',1108),(3329,'Saint Catherine','14',1108),(3330,'Saint Elizabeth','11',1108),(3331,'Saint James','08',1108),(3332,'Saint Mary','05',1108),(3333,'Saint Thomea','03',1108),(3334,'Trelawny','07',1108),(3335,'Westmoreland','10',1108),(3336,'Ajln','AJ',1110),(3337,'Al \'Aqaba','AQ',1110),(3338,'Al Balqa\'','BA',1110),(3339,'Al Karak','KA',1110),(3340,'Al Mafraq','MA',1110),(3341,'Amman','AM',1110),(3342,'At Tafilah','AT',1110),(3343,'Az Zarga','AZ',1110),(3344,'Irbid','JR',1110),(3345,'Jarash','JA',1110),(3346,'Ma\'an','MN',1110),(3347,'Madaba','MD',1110),(3348,'Nairobi Municipality','110',1112),(3349,'Coast','300',1112),(3350,'North-Eastern Kaskazini Mashariki','500',1112),(3351,'Rift Valley','700',1112),(3352,'Western Magharibi','900',1112),(3353,'Bishkek','GB',1117),(3354,'Batken','B',1117),(3355,'Chu','C',1117),(3356,'Jalal-Abad','J',1117),(3357,'Naryn','N',1117),(3358,'Osh','O',1117),(3359,'Talas','T',1117),(3360,'Ysyk-Kol','Y',1117),(3361,'Krong Kaeb','23',1037),(3362,'Krong Pailin','24',1037),(3363,'Xrong Preah Sihanouk','18',1037),(3364,'Phnom Penh','12',1037),(3365,'Baat Dambang','2',1037),(3366,'Banteay Mean Chey','1',1037),(3367,'Rampong Chaam','3',1037),(3368,'Kampong Chhnang','4',1037),(3369,'Kampong Spueu','5',1037),(3370,'Kampong Thum','6',1037),(3371,'Kampot','7',1037),(3372,'Kandaal','8',1037),(3373,'Kach Kong','9',1037),(3374,'Krachoh','10',1037),(3375,'Mondol Kiri','11',1037),(3376,'Otdar Mean Chey','22',1037),(3377,'Pousaat','15',1037),(3378,'Preah Vihear','13',1037),(3379,'Prey Veaeng','14',1037),(3380,'Rotanak Kiri','16',1037),(3381,'Siem Reab','17',1037),(3382,'Stueng Traeng','19',1037),(3383,'Svaay Rieng','20',1037),(3384,'Taakaev','21',1037),(3385,'Gilbert Islands','G',1113),(3386,'Line Islands','L',1113),(3387,'Phoenix Islands','P',1113),(3388,'Anjouan Ndzouani','A',1049),(3389,'Grande Comore Ngazidja','G',1049),(3390,'Moheli Moili','M',1049),(3391,'Kaesong-si','KAE',1114),(3392,'Nampo-si','NAM',1114),(3393,'Pyongyang-ai','PYO',1114),(3394,'Chagang-do','CHA',1114),(3395,'Hamgyongbuk-do','HAB',1114),(3396,'Hamgyongnam-do','HAN',1114),(3397,'Hwanghaebuk-do','HWB',1114),(3398,'Hwanghaenam-do','HWN',1114),(3399,'Kangwon-do','KAN',1114),(3400,'Pyonganbuk-do','PYB',1114),(3401,'Pyongannam-do','PYN',1114),(3402,'Yanggang-do','YAN',1114),(3403,'Najin Sonbong-si','NAJ',1114),(3404,'Seoul Teugbyeolsi','11',1115),(3405,'Busan Gwang\'yeogsi','26',1115),(3406,'Daegu Gwang\'yeogsi','27',1115),(3407,'Daejeon Gwang\'yeogsi','30',1115),(3408,'Gwangju Gwang\'yeogsi','29',1115),(3409,'Incheon Gwang\'yeogsi','28',1115),(3410,'Ulsan Gwang\'yeogsi','31',1115),(3411,'Chungcheongbugdo','43',1115),(3412,'Chungcheongnamdo','44',1115),(3413,'Gang\'weondo','42',1115),(3414,'Gyeonggido','41',1115),(3415,'Gyeongsangbugdo','47',1115),(3416,'Gyeongsangnamdo','48',1115),(3417,'Jejudo','49',1115),(3418,'Jeonrabugdo','45',1115),(3419,'Jeonranamdo','46',1115),(3420,'Al Ahmadi','AH',1116),(3421,'Al Farwanlyah','FA',1116),(3422,'Al Jahrah','JA',1116),(3423,'Al Kuwayt','KU',1116),(3424,'Hawalli','HA',1116),(3425,'Almaty','ALA',1111),(3426,'Astana','AST',1111),(3427,'Almaty oblysy','ALM',1111),(3428,'Aqmola oblysy','AKM',1111),(3429,'Aqtobe oblysy','AKT',1111),(3430,'Atyrau oblyfiy','ATY',1111),(3431,'Batys Quzaqstan oblysy','ZAP',1111),(3432,'Mangghystau oblysy','MAN',1111),(3433,'Ongtustik Quzaqstan oblysy','YUZ',1111),(3434,'Pavlodar oblysy','PAV',1111),(3435,'Qaraghandy oblysy','KAR',1111),(3436,'Qostanay oblysy','KUS',1111),(3437,'Qyzylorda oblysy','KZY',1111),(3438,'Shyghys Quzaqstan oblysy','VOS',1111),(3439,'Soltustik Quzaqstan oblysy','SEV',1111),(3440,'Zhambyl oblysy Zhambylskaya oblast\'','ZHA',1111),(3441,'Vientiane','VT',1118),(3442,'Attapu','AT',1118),(3443,'Bokeo','BK',1118),(3444,'Bolikhamxai','BL',1118),(3445,'Champasak','CH',1118),(3446,'Houaphan','HO',1118),(3447,'Khammouan','KH',1118),(3448,'Louang Namtha','LM',1118),(3449,'Louangphabang','LP',1118),(3450,'Oudomxai','OU',1118),(3451,'Phongsali','PH',1118),(3452,'Salavan','SL',1118),(3453,'Savannakhet','SV',1118),(3454,'Xaignabouli','XA',1118),(3455,'Xiasomboun','XN',1118),(3456,'Xekong','XE',1118),(3457,'Xiangkhoang','XI',1118),(3458,'Beirout','BA',1120),(3459,'El Begsa','BI',1120),(3460,'Jabal Loubnane','JL',1120),(3461,'Loubnane ech Chemali','AS',1120),(3462,'Loubnane ej Jnoubi','JA',1120),(3463,'Nabatiye','NA',1120),(3464,'Ampara','52',1199),(3465,'Anuradhapura','71',1199),(3466,'Badulla','81',1199),(3467,'Batticaloa','51',1199),(3468,'Colombo','11',1199),(3469,'Galle','31',1199),(3470,'Gampaha','12',1199),(3471,'Hambantota','33',1199),(3472,'Jaffna','41',1199),(3473,'Kalutara','13',1199),(3474,'Kandy','21',1199),(3475,'Kegalla','92',1199),(3476,'Kilinochchi','42',1199),(3477,'Kurunegala','61',1199),(3478,'Mannar','43',1199),(3479,'Matale','22',1199),(3480,'Matara','32',1199),(3481,'Monaragala','82',1199),(3482,'Mullaittivu','45',1199),(3483,'Nuwara Eliya','23',1199),(3484,'Polonnaruwa','72',1199),(3485,'Puttalum','62',1199),(3486,'Ratnapura','91',1199),(3487,'Trincomalee','53',1199),(3488,'VavunLya','44',1199),(3489,'Bomi','BM',1122),(3490,'Bong','BG',1122),(3491,'Grand Basaa','GB',1122),(3492,'Grand Cape Mount','CM',1122),(3493,'Grand Gedeh','GG',1122),(3494,'Grand Kru','GK',1122),(3495,'Lofa','LO',1122),(3496,'Margibi','MG',1122),(3497,'Maryland','MY',1122),(3498,'Montserrado','MO',1122),(3499,'Nimba','NI',1122),(3500,'Rivercess','RI',1122),(3501,'Sinoe','SI',1122),(3502,'Berea','D',1121),(3503,'Butha-Buthe','B',1121),(3504,'Leribe','C',1121),(3505,'Mafeteng','E',1121),(3506,'Maseru','A',1121),(3507,'Mohale\'s Hoek','F',1121),(3508,'Mokhotlong','J',1121),(3509,'Qacha\'s Nek','H',1121),(3510,'Quthing','G',1121),(3511,'Thaba-Tseka','K',1121),(3512,'Alytaus Apskritis','AL',1125),(3513,'Kauno Apskritis','KU',1125),(3514,'Klaipedos Apskritis','KL',1125),(3515,'Marijampoles Apskritis','MR',1125),(3516,'Panevezio Apskritis','PN',1125),(3517,'Sisuliu Apskritis','SA',1125),(3518,'Taurages Apskritis','TA',1125),(3519,'Telsiu Apskritis','TE',1125),(3520,'Utenos Apskritis','UT',1125),(3521,'Vilniaus Apskritis','VL',1125),(3522,'Diekirch','D',1126),(3523,'GreveNmacher','G',1126),(3524,'Aizkraukles Apripkis','AI',1119),(3525,'Alkanes Apripkis','AL',1119),(3526,'Balvu Apripkis','BL',1119),(3527,'Bauskas Apripkis','BU',1119),(3528,'Cesu Aprikis','CE',1119),(3529,'Daugavpile Apripkis','DA',1119),(3530,'Dobeles Apripkis','DO',1119),(3531,'Gulbenes Aprlpkis','GU',1119),(3532,'Jelgavas Apripkis','JL',1119),(3533,'Jekabpils Apripkis','JK',1119),(3534,'Kraslavas Apripkis','KR',1119),(3535,'Kuldlgas Apripkis','KU',1119),(3536,'Limbazu Apripkis','LM',1119),(3537,'Liepajas Apripkis','LE',1119),(3538,'Ludzas Apripkis','LU',1119),(3539,'Madonas Apripkis','MA',1119),(3540,'Ogres Apripkis','OG',1119),(3541,'Preilu Apripkis','PR',1119),(3542,'Rezaknes Apripkis','RE',1119),(3543,'Rigas Apripkis','RI',1119),(3544,'Saldus Apripkis','SA',1119),(3545,'Talsu Apripkis','TA',1119),(3546,'Tukuma Apriplcis','TU',1119),(3547,'Valkas Apripkis','VK',1119),(3548,'Valmieras Apripkis','VM',1119),(3549,'Ventspils Apripkis','VE',1119),(3550,'Daugavpils','DGV',1119),(3551,'Jelgava','JEL',1119),(3552,'Jurmala','JUR',1119),(3553,'Liepaja','LPX',1119),(3554,'Rezekne','REZ',1119),(3555,'Riga','RIX',1119),(3556,'Ventspils','VEN',1119),(3557,'Ajdbiy','AJ',1123),(3558,'Al Bunn','BU',1123),(3559,'Al Hizm al Akhdar','HZ',1123),(3560,'Al Jabal al Akhdar','JA',1123),(3561,'Al Jifrah','JI',1123),(3562,'Al Jufrah','JU',1123),(3563,'Al Kufrah','KF',1123),(3564,'Al Marj','MJ',1123),(3565,'Al Marqab','MB',1123),(3566,'Al Qarn','QT',1123),(3567,'Al Qubbah','QB',1123),(3568,'Al Whah','WA',1123),(3569,'An Nuqa al Khams','NQ',1123),(3570,'Ash Shi\'','SH',1123),(3571,'Az Zwiyah','ZA',1123),(3572,'Banghz','BA',1123),(3573,'Ban Wald','BW',1123),(3574,'Darnah','DR',1123),(3575,'Ghadmis','GD',1123),(3576,'Gharyn','GR',1123),(3577,'Ght','GT',1123),(3578,'Jaghbb','JB',1123),(3579,'Mirtah','MI',1123),(3580,'Mizdah','MZ',1123),(3581,'Murzuq','MQ',1123),(3582,'Nlt','NL',1123),(3583,'Sabh','SB',1123),(3584,'abrtah urmn','SS',1123),(3585,'Surt','SR',1123),(3586,'Tjr\' wa an Nawh al Arbh','TN',1123),(3587,'arbulus','TB',1123),(3588,'Tarhnah-Masalltah','TM',1123),(3589,'Wd al hayt','WD',1123),(3590,'Yafran-Jd','YJ',1123),(3591,'Agadir','AGD',1146),(3592,'At Baha','BAH',1146),(3593,'At Melloul','MEL',1146),(3594,'Al Haouz','HAO',1146),(3595,'Al Hocema','HOC',1146),(3596,'Assa-Zag','ASZ',1146),(3597,'Azilal','AZI',1146),(3598,'Beni Mellal','BEM',1146),(3599,'Ben Sllmane','BES',1146),(3600,'Berkane','BER',1146),(3601,'Boujdour','BOD',1146),(3602,'Boulemane','BOM',1146),(3603,'Casablanca  [Dar el Beda]','CAS',1146),(3604,'Chefchaouene','CHE',1146),(3605,'Chichaoua','CHI',1146),(3606,'El Hajeb','HAJ',1146),(3607,'El Jadida','JDI',1146),(3608,'Errachidia','ERR',1146),(3609,'Essaouira','ESI',1146),(3610,'Es Smara','ESM',1146),(3611,'Fs','FES',1146),(3612,'Figuig','FIG',1146),(3613,'Guelmim','GUE',1146),(3614,'Ifrane','IFR',1146),(3615,'Jerada','JRA',1146),(3616,'Kelaat Sraghna','KES',1146),(3617,'Knitra','KEN',1146),(3618,'Khemisaet','KHE',1146),(3619,'Khenifra','KHN',1146),(3620,'Khouribga','KHO',1146),(3621,'Layoune (EH)','LAA',1146),(3622,'Larache','LAP',1146),(3623,'Marrakech','MAR',1146),(3624,'Meknss','MEK',1146),(3625,'Nador','NAD',1146),(3626,'Ouarzazate','OUA',1146),(3627,'Oued ed Dahab (EH)','OUD',1146),(3628,'Oujda','OUJ',1146),(3629,'Rabat-Sal','RBA',1146),(3630,'Safi','SAF',1146),(3631,'Sefrou','SEF',1146),(3632,'Settat','SET',1146),(3633,'Sidl Kacem','SIK',1146),(3634,'Tanger','TNG',1146),(3635,'Tan-Tan','TNT',1146),(3636,'Taounate','TAO',1146),(3637,'Taroudannt','TAR',1146),(3638,'Tata','TAT',1146),(3639,'Taza','TAZ',1146),(3640,'Ttouan','TET',1146),(3641,'Tiznit','TIZ',1146),(3642,'Gagauzia, Unitate Teritoriala Autonoma','GA',1142),(3643,'Chisinau','CU',1142),(3644,'Stinga Nistrului, unitatea teritoriala din','SN',1142),(3645,'Balti','BA',1142),(3646,'Cahul','CA',1142),(3647,'Edinet','ED',1142),(3648,'Lapusna','LA',1142),(3649,'Orhei','OR',1142),(3650,'Soroca','SO',1142),(3651,'Taraclia','TA',1142),(3652,'Tighina [Bender]','TI',1142),(3653,'Ungheni','UN',1142),(3654,'Antananarivo','T',1129),(3655,'Antsiranana','D',1129),(3656,'Fianarantsoa','F',1129),(3657,'Mahajanga','M',1129),(3658,'Toamasina','A',1129),(3659,'Toliara','U',1129),(3660,'Ailinglapalap','ALL',1135),(3661,'Ailuk','ALK',1135),(3662,'Arno','ARN',1135),(3663,'Aur','AUR',1135),(3664,'Ebon','EBO',1135),(3665,'Eniwetok','ENI',1135),(3666,'Jaluit','JAL',1135),(3667,'Kili','KIL',1135),(3668,'Kwajalein','KWA',1135),(3669,'Lae','LAE',1135),(3670,'Lib','LIB',1135),(3671,'Likiep','LIK',1135),(3672,'Majuro','MAJ',1135),(3673,'Maloelap','MAL',1135),(3674,'Mejit','MEJ',1135),(3675,'Mili','MIL',1135),(3676,'Namorik','NMK',1135),(3677,'Namu','NMU',1135),(3678,'Rongelap','RON',1135),(3679,'Ujae','UJA',1135),(3680,'Ujelang','UJL',1135),(3681,'Utirik','UTI',1135),(3682,'Wotho','WTN',1135),(3683,'Wotje','WTJ',1135),(3684,'Bamako','BK0',1133),(3685,'Gao','7',1133),(3686,'Kayes','1',1133),(3687,'Kidal','8',1133),(3688,'Xoulikoro','2',1133),(3689,'Mopti','5',1133),(3690,'S69ou','4',1133),(3691,'Sikasso','3',1133),(3692,'Tombouctou','6',1133),(3693,'Ayeyarwady','07',1035),(3694,'Bago','02',1035),(3695,'Magway','03',1035),(3696,'Mandalay','04',1035),(3697,'Sagaing','01',1035),(3698,'Tanintharyi','05',1035),(3699,'Yangon','06',1035),(3700,'Chin','14',1035),(3701,'Kachin','11',1035),(3702,'Kayah','12',1035),(3703,'Kayin','13',1035),(3704,'Mon','15',1035),(3705,'Rakhine','16',1035),(3706,'Shan','17',1035),(3707,'Ulanbaatar','1',1144),(3708,'Arhangay','073',1144),(3709,'Bayanhongor','069',1144),(3710,'Bayan-Olgiy','071',1144),(3711,'Bulgan','067',1144),(3712,'Darhan uul','037',1144),(3713,'Dornod','061',1144),(3714,'Dornogov,','063',1144),(3715,'DundgovL','059',1144),(3716,'Dzavhan','057',1144),(3717,'Govi-Altay','065',1144),(3718,'Govi-Smber','064',1144),(3719,'Hentiy','039',1144),(3720,'Hovd','043',1144),(3721,'Hovsgol','041',1144),(3722,'Omnogovi','053',1144),(3723,'Orhon','035',1144),(3724,'Ovorhangay','055',1144),(3725,'Selenge','049',1144),(3726,'Shbaatar','051',1144),(3727,'Tov','047',1144),(3728,'Uvs','046',1144),(3729,'Nouakchott','NKC',1137),(3730,'Assaba','03',1137),(3731,'Brakna','05',1137),(3732,'Dakhlet Nouadhibou','08',1137),(3733,'Gorgol','04',1137),(3734,'Guidimaka','10',1137),(3735,'Hodh ech Chargui','01',1137),(3736,'Hodh el Charbi','02',1137),(3737,'Inchiri','12',1137),(3738,'Tagant','09',1137),(3739,'Tiris Zemmour','11',1137),(3740,'Trarza','06',1137),(3741,'Beau Bassin-Rose Hill','BR',1138),(3742,'Curepipe','CU',1138),(3743,'Port Louis','PU',1138),(3744,'Quatre Bornes','QB',1138),(3745,'Vacosa-Phoenix','VP',1138),(3746,'Black River','BL',1138),(3747,'Flacq','FL',1138),(3748,'Grand Port','GP',1138),(3749,'Moka','MO',1138),(3750,'Pamplemousses','PA',1138),(3751,'Plaines Wilhems','PW',1138),(3752,'Riviere du Rempart','RP',1138),(3753,'Savanne','SA',1138),(3754,'Agalega Islands','AG',1138),(3755,'Cargados Carajos Shoals','CC',1138),(3756,'Rodrigues Island','RO',1138),(3757,'Male','MLE',1132),(3758,'Alif','02',1132),(3759,'Baa','20',1132),(3760,'Dhaalu','17',1132),(3761,'Faafu','14',1132),(3762,'Gaaf Alif','27',1132),(3763,'Gaefu Dhaalu','28',1132),(3764,'Gnaviyani','29',1132),(3765,'Haa Alif','07',1132),(3766,'Haa Dhaalu','23',1132),(3767,'Kaafu','26',1132),(3768,'Laamu','05',1132),(3769,'Lhaviyani','03',1132),(3770,'Meemu','12',1132),(3771,'Noonu','25',1132),(3772,'Raa','13',1132),(3773,'Seenu','01',1132),(3774,'Shaviyani','24',1132),(3775,'Thaa','08',1132),(3776,'Vaavu','04',1132),(3777,'Balaka','BA',1130),(3778,'Blantyre','BL',1130),(3779,'Chikwawa','CK',1130),(3780,'Chiradzulu','CR',1130),(3781,'Chitipa','CT',1130),(3782,'Dedza','DE',1130),(3783,'Dowa','DO',1130),(3784,'Karonga','KR',1130),(3785,'Kasungu','KS',1130),(3786,'Likoma Island','LK',1130),(3787,'Lilongwe','LI',1130),(3788,'Machinga','MH',1130),(3789,'Mangochi','MG',1130),(3790,'Mchinji','MC',1130),(3791,'Mulanje','MU',1130),(3792,'Mwanza','MW',1130),(3793,'Mzimba','MZ',1130),(3794,'Nkhata Bay','NB',1130),(3795,'Nkhotakota','NK',1130),(3796,'Nsanje','NS',1130),(3797,'Ntcheu','NU',1130),(3798,'Ntchisi','NI',1130),(3799,'Phalomba','PH',1130),(3800,'Rumphi','RU',1130),(3801,'Salima','SA',1130),(3802,'Thyolo','TH',1130),(3803,'Zomba','ZO',1130),(3804,'Aguascalientes','AGU',1140),(3805,'Baja California','BCN',1140),(3806,'Baja California Sur','BCS',1140),(3807,'Campeche','CAM',1140),(3808,'Coahu ila','COA',1140),(3809,'Col ima','COL',1140),(3810,'Chiapas','CHP',1140),(3811,'Chihushua','CHH',1140),(3812,'Durango','DUR',1140),(3813,'Guanajuato','GUA',1140),(3814,'Guerrero','GRO',1140),(3815,'Hidalgo','HID',1140),(3816,'Jalisco','JAL',1140),(3817,'Mexico','MEX',1140),(3818,'Michoacin','MIC',1140),(3819,'Morelos','MOR',1140),(3820,'Nayarit','NAY',1140),(3821,'Nuevo Leon','NLE',1140),(3822,'Oaxaca','OAX',1140),(3823,'Puebla','PUE',1140),(3824,'Queretaro','QUE',1140),(3825,'Quintana Roo','ROO',1140),(3826,'San Luis Potosi','SLP',1140),(3827,'Sinaloa','SIN',1140),(3828,'Sonora','SON',1140),(3829,'Tabasco','TAB',1140),(3830,'Tamaulipas','TAM',1140),(3831,'Tlaxcala','TLA',1140),(3832,'Veracruz','VER',1140),(3833,'Yucatan','YUC',1140),(3834,'Zacatecas','ZAC',1140),(3835,'Wilayah Persekutuan Kuala Lumpur','14',1131),(3836,'Wilayah Persekutuan Labuan','15',1131),(3837,'Wilayah Persekutuan Putrajaya','16',1131),(3838,'Johor','01',1131),(3839,'Kedah','02',1131),(3840,'Kelantan','03',1131),(3841,'Melaka','04',1131),(3842,'Negeri Sembilan','05',1131),(3843,'Pahang','06',1131),(3844,'Perak','08',1131),(3845,'Perlis','09',1131),(3846,'Pulau Pinang','07',1131),(3847,'Sabah','12',1131),(3848,'Sarawak','13',1131),(3849,'Selangor','10',1131),(3850,'Terengganu','11',1131),(3851,'Maputo','MPM',1147),(3852,'Cabo Delgado','P',1147),(3853,'Gaza','G',1147),(3854,'Inhambane','I',1147),(3855,'Manica','B',1147),(3856,'Numpula','N',1147),(3857,'Niaaea','A',1147),(3858,'Sofala','S',1147),(3859,'Tete','T',1147),(3860,'Zambezia','Q',1147),(3861,'Caprivi','CA',1148),(3862,'Erongo','ER',1148),(3863,'Hardap','HA',1148),(3864,'Karas','KA',1148),(3865,'Khomae','KH',1148),(3866,'Kunene','KU',1148),(3867,'Ohangwena','OW',1148),(3868,'Okavango','OK',1148),(3869,'Omaheke','OH',1148),(3870,'Omusati','OS',1148),(3871,'Oshana','ON',1148),(3872,'Oshikoto','OT',1148),(3873,'Otjozondjupa','OD',1148),(3874,'Niamey','8',1156),(3875,'Agadez','1',1156),(3876,'Diffa','2',1156),(3877,'Dosso','3',1156),(3878,'Maradi','4',1156),(3879,'Tahoua','S',1156),(3880,'Tillaberi','6',1156),(3881,'Zinder','7',1156),(3882,'Abuja Capital Territory','FC',1157),(3883,'Abia','AB',1157),(3884,'Adamawa','AD',1157),(3885,'Akwa Ibom','AK',1157),(3886,'Anambra','AN',1157),(3887,'Bauchi','BA',1157),(3888,'Bayelsa','BY',1157),(3889,'Benue','BE',1157),(3890,'Borno','BO',1157),(3891,'Cross River','CR',1157),(3892,'Delta','DE',1157),(3893,'Ebonyi','EB',1157),(3894,'Edo','ED',1157),(3895,'Ekiti','EK',1157),(3896,'Enugu','EN',1157),(3897,'Gombe','GO',1157),(3898,'Imo','IM',1157),(3899,'Jigawa','JI',1157),(3900,'Kaduna','KD',1157),(3901,'Kano','KN',1157),(3902,'Katsina','KT',1157),(3903,'Kebbi','KE',1157),(3904,'Kogi','KO',1157),(3905,'Kwara','KW',1157),(3906,'Lagos','LA',1157),(3907,'Nassarawa','NA',1157),(3908,'Niger','NI',1157),(3909,'Ogun','OG',1157),(3910,'Ondo','ON',1157),(3911,'Osun','OS',1157),(3912,'Oyo','OY',1157),(3913,'Rivers','RI',1157),(3914,'Sokoto','SO',1157),(3915,'Taraba','TA',1157),(3916,'Yobe','YO',1157),(3917,'Zamfara','ZA',1157),(3918,'Boaco','BO',1155),(3919,'Carazo','CA',1155),(3920,'Chinandega','CI',1155),(3921,'Chontales','CO',1155),(3922,'Esteli','ES',1155),(3923,'Jinotega','JI',1155),(3924,'Leon','LE',1155),(3925,'Madriz','MD',1155),(3926,'Managua','MN',1155),(3927,'Masaya','MS',1155),(3928,'Matagalpa','MT',1155),(3929,'Nueva Segovia','NS',1155),(3930,'Rio San Juan','SJ',1155),(3931,'Rivas','RI',1155),(3932,'Atlantico Norte','AN',1155),(3933,'Atlantico Sur','AS',1155),(3934,'Drente','DR',1152),(3935,'Flevoland','FL',1152),(3936,'Friesland','FR',1152),(3937,'Gelderland','GL',1152),(3938,'Groningen','GR',1152),(3939,'Noord-Brabant','NB',1152),(3940,'Noord-Holland','NH',1152),(3941,'Overijssel','OV',1152),(3942,'Utrecht','UT',1152),(3943,'Zuid-Holland','ZH',1152),(3944,'Zeeland','ZL',1152),(3945,'Akershus','02',1161),(3946,'Aust-Agder','09',1161),(3947,'Buskerud','06',1161),(3948,'Finumark','20',1161),(3949,'Hedmark','04',1161),(3950,'Hordaland','12',1161),(3951,'Mire og Romsdal','15',1161),(3952,'Nordland','18',1161),(3953,'Nord-Trindelag','17',1161),(3954,'Oppland','05',1161),(3955,'Oslo','03',1161),(3956,'Rogaland','11',1161),(3957,'Sogn og Fjordane','14',1161),(3958,'Sir-Trindelag','16',1161),(3959,'Telemark','06',1161),(3960,'Troms','19',1161),(3961,'Vest-Agder','10',1161),(3962,'Vestfold','07',1161),(3963,'Ostfold','01',1161),(3964,'Jan Mayen','22',1161),(3965,'Svalbard','21',1161),(3966,'Auckland','AUK',1154),(3967,'Bay of Plenty','BOP',1154),(3968,'Canterbury','CAN',1154),(3969,'Gisborne','GIS',1154),(3970,'Hawkes Bay','HKB',1154),(3971,'Manawatu-Wanganui','MWT',1154),(3972,'Marlborough','MBH',1154),(3973,'Nelson','NSN',1154),(3974,'Northland','NTL',1154),(3975,'Otago','OTA',1154),(3976,'Southland','STL',1154),(3977,'Taranaki','TKI',1154),(3978,'Tasman','TAS',1154),(3979,'waikato','WKO',1154),(3980,'Wellington','WGN',1154),(3981,'West Coast','WTC',1154),(3982,'Ad Dakhillyah','DA',1162),(3983,'Al Batinah','BA',1162),(3984,'Al Janblyah','JA',1162),(3985,'Al Wusta','WU',1162),(3986,'Ash Sharqlyah','SH',1162),(3987,'Az Zahirah','ZA',1162),(3988,'Masqat','MA',1162),(3989,'Musandam','MU',1162),(3990,'Bocas del Toro','1',1166),(3991,'Cocle','2',1166),(3992,'Chiriqui','4',1166),(3993,'Darien','5',1166),(3994,'Herrera','6',1166),(3995,'Loa Santoa','7',1166),(3996,'Panama','8',1166),(3997,'Veraguas','9',1166),(3998,'Comarca de San Blas','Q',1166),(3999,'El Callao','CAL',1169),(4000,'Ancash','ANC',1169),(4001,'Apurimac','APU',1169),(4002,'Arequipa','ARE',1169),(4003,'Ayacucho','AYA',1169),(4004,'Cajamarca','CAJ',1169),(4005,'Cuzco','CUS',1169),(4006,'Huancavelica','HUV',1169),(4007,'Huanuco','HUC',1169),(4008,'Ica','ICA',1169),(4009,'Junin','JUN',1169),(4010,'La Libertad','LAL',1169),(4011,'Lambayeque','LAM',1169),(4012,'Lima','LIM',1169),(4013,'Loreto','LOR',1169),(4014,'Madre de Dios','MDD',1169),(4015,'Moquegua','MOQ',1169),(4016,'Pasco','PAS',1169),(4017,'Piura','PIU',1169),(4018,'Puno','PUN',1169),(4019,'San Martin','SAM',1169),(4020,'Tacna','TAC',1169),(4021,'Tumbes','TUM',1169),(4022,'Ucayali','UCA',1169),(4023,'National Capital District (Port Moresby)','NCD',1167),(4024,'Chimbu','CPK',1167),(4025,'Eastern Highlands','EHG',1167),(4026,'East New Britain','EBR',1167),(4027,'East Sepik','ESW',1167),(4028,'Enga','EPW',1167),(4029,'Gulf','GPK',1167),(4030,'Madang','MPM',1167),(4031,'Manus','MRL',1167),(4032,'Milne Bay','MBA',1167),(4033,'Morobe','MPL',1167),(4034,'New Ireland','NIK',1167),(4035,'North Solomons','NSA',1167),(4036,'Santaun','SAN',1167),(4037,'Southern Highlands','SHM',1167),(4038,'Western Highlands','WHM',1167),(4039,'West New Britain','WBK',1167),(4040,'Abra','ABR',1170),(4041,'Agusan del Norte','AGN',1170),(4042,'Agusan del Sur','AGS',1170),(4043,'Aklan','AKL',1170),(4044,'Albay','ALB',1170),(4045,'Antique','ANT',1170),(4046,'Apayao','APA',1170),(4047,'Aurora','AUR',1170),(4048,'Basilan','BAS',1170),(4049,'Batasn','BAN',1170),(4050,'Batanes','BTN',1170),(4051,'Batangas','BTG',1170),(4052,'Benguet','BEN',1170),(4053,'Biliran','BIL',1170),(4054,'Bohol','BOH',1170),(4055,'Bukidnon','BUK',1170),(4056,'Bulacan','BUL',1170),(4057,'Cagayan','CAG',1170),(4058,'Camarines Norte','CAN',1170),(4059,'Camarines Sur','CAS',1170),(4060,'Camiguin','CAM',1170),(4061,'Capiz','CAP',1170),(4062,'Catanduanes','CAT',1170),(4063,'Cavite','CAV',1170),(4064,'Cebu','CEB',1170),(4065,'Compostela Valley','COM',1170),(4066,'Davao','DAV',1170),(4067,'Davao del Sur','DAS',1170),(4068,'Davao Oriental','DAO',1170),(4069,'Eastern Samar','EAS',1170),(4070,'Guimaras','GUI',1170),(4071,'Ifugao','IFU',1170),(4072,'Ilocos Norte','ILN',1170),(4073,'Ilocos Sur','ILS',1170),(4074,'Iloilo','ILI',1170),(4075,'Isabela','ISA',1170),(4076,'Kalinga-Apayso','KAL',1170),(4077,'Laguna','LAG',1170),(4078,'Lanao del Norte','LAN',1170),(4079,'Lanao del Sur','LAS',1170),(4080,'La Union','LUN',1170),(4081,'Leyte','LEY',1170),(4082,'Maguindanao','MAG',1170),(4083,'Marinduque','MAD',1170),(4084,'Masbate','MAS',1170),(4085,'Mindoro Occidental','MDC',1170),(4086,'Mindoro Oriental','MDR',1170),(4087,'Misamis Occidental','MSC',1170),(4088,'Misamis Oriental','MSR',1170),(4089,'Mountain Province','MOU',1170),(4090,'Negroe Occidental','NEC',1170),(4091,'Negros Oriental','NER',1170),(4092,'North Cotabato','NCO',1170),(4093,'Northern Samar','NSA',1170),(4094,'Nueva Ecija','NUE',1170),(4095,'Nueva Vizcaya','NUV',1170),(4096,'Palawan','PLW',1170),(4097,'Pampanga','PAM',1170),(4098,'Pangasinan','PAN',1170),(4099,'Quezon','QUE',1170),(4100,'Quirino','QUI',1170),(4101,'Rizal','RIZ',1170),(4102,'Romblon','ROM',1170),(4103,'Sarangani','SAR',1170),(4104,'Siquijor','SIG',1170),(4105,'Sorsogon','SOR',1170),(4106,'South Cotabato','SCO',1170),(4107,'Southern Leyte','SLE',1170),(4108,'Sultan Kudarat','SUK',1170),(4109,'Sulu','SLU',1170),(4110,'Surigao del Norte','SUN',1170),(4111,'Surigao del Sur','SUR',1170),(4112,'Tarlac','TAR',1170),(4113,'Tawi-Tawi','TAW',1170),(4114,'Western Samar','WSA',1170),(4115,'Zambales','ZMB',1170),(4116,'Zamboanga del Norte','ZAN',1170),(4117,'Zamboanga del Sur','ZAS',1170),(4118,'Zamboanga Sibiguey','ZSI',1170),(4119,'Islamabad','IS',1163),(4120,'Baluchistan (en)','BA',1163),(4121,'North-West Frontier','NW',1163),(4122,'Sind (en)','SD',1163),(4123,'Federally Administered Tribal Aresa','TA',1163),(4124,'Azad Rashmir','JK',1163),(4125,'Northern Areas','NA',1163),(4126,'Aveiro','01',1173),(4127,'Beja','02',1173),(4128,'Braga','03',1173),(4129,'Braganca','04',1173),(4130,'Castelo Branco','05',1173),(4131,'Colmbra','06',1173),(4132,'Ovora','07',1173),(4133,'Faro','08',1173),(4134,'Guarda','09',1173),(4135,'Leiria','10',1173),(4136,'Lisboa','11',1173),(4137,'Portalegre','12',1173),(4138,'Porto','13',1173),(4139,'Santarem','14',1173),(4140,'Setubal','15',1173),(4141,'Viana do Castelo','16',1173),(4142,'Vila Real','17',1173),(4143,'Viseu','18',1173),(4144,'Regiao Autonoma dos Acores','20',1173),(4145,'Regiao Autonoma da Madeira','30',1173),(4146,'Asuncion','ASU',1168),(4147,'Alto Paraguay','16',1168),(4148,'Alto Parana','10',1168),(4149,'Amambay','13',1168),(4150,'Boqueron','19',1168),(4151,'Caeguazu','5',1168),(4152,'Caazapl','6',1168),(4153,'Canindeyu','14',1168),(4154,'Concepcion','1',1168),(4155,'Cordillera','3',1168),(4156,'Guaira','4',1168),(4157,'Itapua','7',1168),(4158,'Miaiones','8',1168),(4159,'Neembucu','12',1168),(4160,'Paraguari','9',1168),(4161,'Presidente Hayes','15',1168),(4162,'San Pedro','2',1168),(4163,'Ad Dawhah','DA',1175),(4164,'Al Ghuwayriyah','GH',1175),(4165,'Al Jumayliyah','JU',1175),(4166,'Al Khawr','KH',1175),(4167,'Al Wakrah','WA',1175),(4168,'Ar Rayyan','RA',1175),(4169,'Jariyan al Batnah','JB',1175),(4170,'Madinat ash Shamal','MS',1175),(4171,'Umm Salal','US',1175),(4172,'Bucuresti','B',1176),(4173,'Alba','AB',1176),(4174,'Arad','AR',1176),(4175,'Arges','AG',1176),(4176,'Bacau','BC',1176),(4177,'Bihor','BH',1176),(4178,'Bistrita-Nasaud','BN',1176),(4179,'Boto\'ani','BT',1176),(4180,'Bra\'ov','BV',1176),(4181,'Braila','BR',1176),(4182,'Buzau','BZ',1176),(4183,'Caras-Severin','CS',1176),(4184,'Ca la ras\'i','CL',1176),(4185,'Cluj','CJ',1176),(4186,'Constant\'a','CT',1176),(4187,'Covasna','CV',1176),(4188,'Dambovit\'a','DB',1176),(4189,'Dolj','DJ',1176),(4190,'Galat\'i','GL',1176),(4191,'Giurgiu','GR',1176),(4192,'Gorj','GJ',1176),(4193,'Harghita','HR',1176),(4194,'Hunedoara','HD',1176),(4195,'Ialomit\'a','IL',1176),(4196,'Ias\'i','IS',1176),(4197,'Ilfov','IF',1176),(4198,'Maramures','MM',1176),(4199,'Mehedint\'i','MH',1176),(4200,'Mures','MS',1176),(4201,'Neamt','NT',1176),(4202,'Olt','OT',1176),(4203,'Prahova','PH',1176),(4204,'Satu Mare','SM',1176),(4205,'Sa laj','SJ',1176),(4206,'Sibiu','SB',1176),(4207,'Suceava','SV',1176),(4208,'Teleorman','TR',1176),(4209,'Timis','TM',1176),(4210,'Tulcea','TL',1176),(4211,'Vaslui','VS',1176),(4212,'Valcea','VL',1176),(4213,'Vrancea','VN',1176),(4214,'Adygeya, Respublika','AD',1177),(4215,'Altay, Respublika','AL',1177),(4216,'Bashkortostan, Respublika','BA',1177),(4217,'Buryatiya, Respublika','BU',1177),(4218,'Chechenskaya Respublika','CE',1177),(4219,'Chuvashskaya Respublika','CU',1177),(4220,'Dagestan, Respublika','DA',1177),(4221,'Ingushskaya Respublika','IN',1177),(4222,'Kabardino-Balkarskaya','KB',1177),(4223,'Kalmykiya, Respublika','KL',1177),(4224,'Karachayevo-Cherkesskaya Respublika','KC',1177),(4225,'Kareliya, Respublika','KR',1177),(4226,'Khakasiya, Respublika','KK',1177),(4227,'Komi, Respublika','KO',1177),(4228,'Mariy El, Respublika','ME',1177),(4229,'Mordoviya, Respublika','MO',1177),(4230,'Sakha, Respublika [Yakutiya]','SA',1177),(4231,'Severnaya Osetiya, Respublika','SE',1177),(4232,'Tatarstan, Respublika','TA',1177),(4233,'Tyva, Respublika [Tuva]','TY',1177),(4234,'Udmurtskaya Respublika','UD',1177),(4235,'Altayskiy kray','ALT',1177),(4236,'Khabarovskiy kray','KHA',1177),(4237,'Krasnodarskiy kray','KDA',1177),(4238,'Krasnoyarskiy kray','KYA',1177),(4239,'Primorskiy kray','PRI',1177),(4240,'Stavropol\'skiy kray','STA',1177),(4241,'Amurskaya oblast\'','AMU',1177),(4242,'Arkhangel\'skaya oblast\'','ARK',1177),(4243,'Astrakhanskaya oblast\'','AST',1177),(4244,'Belgorodskaya oblast\'','BEL',1177),(4245,'Bryanskaya oblast\'','BRY',1177),(4246,'Chelyabinskaya oblast\'','CHE',1177),(4247,'Chitinskaya oblast\'','CHI',1177),(4248,'Irkutskaya oblast\'','IRK',1177),(4249,'Ivanovskaya oblast\'','IVA',1177),(4250,'Kaliningradskaya oblast\'','KGD',1177),(4251,'Kaluzhskaya oblast\'','KLU',1177),(4252,'Kamchatskaya oblast\'','KAM',1177),(4253,'Kemerovskaya oblast\'','KEM',1177),(4254,'Kirovskaya oblast\'','KIR',1177),(4255,'Kostromskaya oblast\'','KOS',1177),(4256,'Kurganskaya oblast\'','KGN',1177),(4257,'Kurskaya oblast\'','KRS',1177),(4258,'Leningradskaya oblast\'','LEN',1177),(4259,'Lipetskaya oblast\'','LIP',1177),(4260,'Magadanskaya oblast\'','MAG',1177),(4261,'Moskovskaya oblast\'','MOS',1177),(4262,'Murmanskaya oblast\'','MUR',1177),(4263,'Nizhegorodskaya oblast\'','NIZ',1177),(4264,'Novgorodskaya oblast\'','NGR',1177),(4265,'Novosibirskaya oblast\'','NVS',1177),(4266,'Omskaya oblast\'','OMS',1177),(4267,'Orenburgskaya oblast\'','ORE',1177),(4268,'Orlovskaya oblast\'','ORL',1177),(4269,'Penzenskaya oblast\'','PNZ',1177),(4270,'Permskaya oblast\'','PER',1177),(4271,'Pskovskaya oblast\'','PSK',1177),(4272,'Rostovskaya oblast\'','ROS',1177),(4273,'Ryazanskaya oblast\'','RYA',1177),(4274,'Sakhalinskaya oblast\'','SAK',1177),(4275,'Samarskaya oblast\'','SAM',1177),(4276,'Saratovskaya oblast\'','SAR',1177),(4277,'Smolenskaya oblast\'','SMO',1177),(4278,'Sverdlovskaya oblast\'','SVE',1177),(4279,'Tambovskaya oblast\'','TAM',1177),(4280,'Tomskaya oblast\'','TOM',1177),(4281,'Tul\'skaya oblast\'','TUL',1177),(4282,'Tverskaya oblast\'','TVE',1177),(4283,'Tyumenskaya oblast\'','TYU',1177),(4284,'Ul\'yanovskaya oblast\'','ULY',1177),(4285,'Vladimirskaya oblast\'','VLA',1177),(4286,'Volgogradskaya oblast\'','VGG',1177),(4287,'Vologodskaya oblast\'','VLG',1177),(4288,'Voronezhskaya oblast\'','VOR',1177),(4289,'Yaroslavskaya oblast\'','YAR',1177),(4290,'Moskva','MOW',1177),(4291,'Sankt-Peterburg','SPE',1177),(4292,'Yevreyskaya avtonomnaya oblast\'','YEV',1177),(4293,'Aginskiy Buryatskiy avtonomnyy','AGB',1177),(4294,'Chukotskiy avtonomnyy okrug','CHU',1177),(4295,'Evenkiyskiy avtonomnyy okrug','EVE',1177),(4296,'Khanty-Mansiyskiy avtonomnyy okrug','KHM',1177),(4297,'Komi-Permyatskiy avtonomnyy okrug','KOP',1177),(4298,'Koryakskiy avtonomnyy okrug','KOR',1177),(4299,'Nenetskiy avtonomnyy okrug','NEN',1177),(4300,'Taymyrskiy (Dolgano-Nenetskiy)','TAY',1177),(4301,'Ust\'-Ordynskiy Buryatskiy','UOB',1177),(4302,'Yamalo-Nenetskiy avtonomnyy okrug','YAN',1177),(4303,'Butare','C',1178),(4304,'Byumba','I',1178),(4305,'Cyangugu','E',1178),(4306,'Gikongoro','D',1178),(4307,'Gisenyi','G',1178),(4308,'Gitarama','B',1178),(4309,'Kibungo','J',1178),(4310,'Kibuye','F',1178),(4311,'Kigali-Rural Kigali y\' Icyaro','K',1178),(4312,'Kigali-Ville Kigali Ngari','L',1178),(4313,'Mutara','M',1178),(4314,'Ruhengeri','H',1178),(4315,'Al Batah','11',1187),(4316,'Al H,udd ash Shamallyah','08',1187),(4317,'Al Jawf','12',1187),(4318,'Al Madinah','03',1187),(4319,'Al Qasim','05',1187),(4320,'Ar Riyad','01',1187),(4321,'Asir','14',1187),(4322,'Ha\'il','06',1187),(4323,'Jlzan','09',1187),(4324,'Makkah','02',1187),(4325,'Najran','10',1187),(4326,'Tabuk','07',1187),(4327,'Capital Territory (Honiara)','CT',1194),(4328,'Guadalcanal','GU',1194),(4329,'Isabel','IS',1194),(4330,'Makira','MK',1194),(4331,'Malaita','ML',1194),(4332,'Temotu','TE',1194),(4333,'A\'ali an Nil','23',1200),(4334,'Al Bah al Ahmar','26',1200),(4335,'Al Buhayrat','18',1200),(4336,'Al Jazirah','07',1200),(4337,'Al Khartum','03',1200),(4338,'Al Qadarif','06',1200),(4339,'Al Wahdah','22',1200),(4340,'An Nil','04',1200),(4341,'An Nil al Abyaq','08',1200),(4342,'An Nil al Azraq','24',1200),(4343,'Ash Shamallyah','01',1200),(4344,'Bahr al Jabal','17',1200),(4345,'Gharb al Istiwa\'iyah','16',1200),(4346,'Gharb Ba~r al Ghazal','14',1200),(4347,'Gharb Darfur','12',1200),(4348,'Gharb Kurdufan','10',1200),(4349,'Janub Darfur','11',1200),(4350,'Janub Rurdufan','13',1200),(4351,'Jnqall','20',1200),(4352,'Kassala','05',1200),(4353,'Shamal Batr al Ghazal','15',1200),(4354,'Shamal Darfur','02',1200),(4355,'Shamal Kurdufan','09',1200),(4356,'Sharq al Istiwa\'iyah','19',1200),(4357,'Sinnar','25',1200),(4358,'Warab','21',1200),(4359,'Blekinge lan','K',1204),(4360,'Dalarnas lan','W',1204),(4361,'Gotlands lan','I',1204),(4362,'Gavleborge lan','X',1204),(4363,'Hallands lan','N',1204),(4364,'Jamtlande lan','Z',1204),(4365,'Jonkopings lan','F',1204),(4366,'Kalmar lan','H',1204),(4367,'Kronoberge lan','G',1204),(4368,'Norrbottena lan','BD',1204),(4369,'Skane lan','M',1204),(4370,'Stockholms lan','AB',1204),(4371,'Sodermanlands lan','D',1204),(4372,'Uppsala lan','C',1204),(4373,'Varmlanda lan','S',1204),(4374,'Vasterbottens lan','AC',1204),(4375,'Vasternorrlands lan','Y',1204),(4376,'Vastmanlanda lan','U',1204),(4377,'Vastra Gotalands lan','Q',1204),(4378,'Orebro lan','T',1204),(4379,'Ostergotlands lan','E',1204),(4380,'Saint Helena','SH',1180),(4381,'Ascension','AC',1180),(4382,'Tristan da Cunha','TA',1180),(4383,'Ajdovscina','001',1193),(4384,'Beltinci','002',1193),(4385,'Benedikt','148',1193),(4386,'Bistrica ob Sotli','149',1193),(4387,'Bled','003',1193),(4388,'Bloke','150',1193),(4389,'Bohinj','004',1193),(4390,'Borovnica','005',1193),(4391,'Bovec','006',1193),(4392,'Braslovce','151',1193),(4393,'Brda','007',1193),(4394,'Brezovica','008',1193),(4395,'Brezica','009',1193),(4396,'Cankova','152',1193),(4397,'Celje','011',1193),(4398,'Cerklje na Gorenjskem','012',1193),(4399,'Cerknica','013',1193),(4400,'Cerkno','014',1193),(4401,'Cerkvenjak','153',1193),(4402,'Crensovci','015',1193),(4403,'Crna na Koroskem','016',1193),(4404,'Crnomelj','017',1193),(4405,'Destrnik','018',1193),(4406,'Divaca','019',1193),(4407,'Dobje','154',1193),(4408,'Dobrepolje','020',1193),(4409,'Dobrna','155',1193),(4410,'Dobrova-Polhov Gradec','021',1193),(4411,'Dobrovnik','156',1193),(4412,'Dol pri Ljubljani','022',1193),(4413,'Dolenjske Toplice','157',1193),(4414,'Domzale','023',1193),(4415,'Dornava','024',1193),(4416,'Dravograd','025',1193),(4417,'Duplek','026',1193),(4418,'Gorenja vas-Poljane','027',1193),(4419,'Gorsnica','028',1193),(4420,'Gornja Radgona','029',1193),(4421,'Gornji Grad','030',1193),(4422,'Gornji Petrovci','031',1193),(4423,'Grad','158',1193),(4424,'Grosuplje','032',1193),(4425,'Hajdina','159',1193),(4426,'Hoce-Slivnica','160',1193),(4427,'Hodos','161',1193),(4428,'Jorjul','162',1193),(4429,'Hrastnik','034',1193),(4430,'Hrpelje-Kozina','035',1193),(4431,'Idrija','036',1193),(4432,'Ig','037',1193),(4433,'IIrska Bistrica','038',1193),(4434,'Ivancna Gorica','039',1193),(4435,'Izola','040',1193),(4436,'Jesenice','041',1193),(4437,'Jezersko','163',1193),(4438,'Jursinci','042',1193),(4439,'Kamnik','043',1193),(4440,'Kanal','044',1193),(4441,'Kidricevo','045',1193),(4442,'Kobarid','046',1193),(4443,'Kobilje','047',1193),(4444,'Jovevje','048',1193),(4445,'Komen','049',1193),(4446,'Komenda','164',1193),(4447,'Koper','050',1193),(4448,'Kostel','165',1193),(4449,'Kozje','051',1193),(4450,'Kranj','052',1193),(4451,'Kranjska Gora','053',1193),(4452,'Krizevci','166',1193),(4453,'Krsko','054',1193),(4454,'Kungota','055',1193),(4455,'Kuzma','056',1193),(4456,'Lasko','057',1193),(4457,'Lenart','058',1193),(4458,'Lendava','059',1193),(4459,'Litija','060',1193),(4460,'Ljubljana','061',1193),(4461,'Ljubno','062',1193),(4462,'Ljutomer','063',1193),(4463,'Logatec','064',1193),(4464,'Loska dolina','065',1193),(4465,'Loski Potok','066',1193),(4466,'Lovrenc na Pohorju','167',1193),(4467,'Luce','067',1193),(4468,'Lukovica','068',1193),(4469,'Majsperk','069',1193),(4470,'Maribor','070',1193),(4471,'Markovci','168',1193),(4472,'Medvode','071',1193),(4473,'Menges','072',1193),(4474,'Metlika','073',1193),(4475,'Mezica','074',1193),(4476,'Miklavz na Dravskern polju','169',1193),(4477,'Miren-Kostanjevica','075',1193),(4478,'Mirna Pec','170',1193),(4479,'Mislinja','076',1193),(4480,'Moravce','077',1193),(4481,'Moravske Toplice','078',1193),(4482,'Mozirje','079',1193),(4483,'Murska Sobota','080',1193),(4484,'Muta','081',1193),(4485,'Naklo','082',1193),(4486,'Nazarje','083',1193),(4487,'Nova Gorica','084',1193),(4488,'Nova mesto','085',1193),(4489,'Sveta Ana','181',1193),(4490,'Sveti Andraz v Slovenskih goricah','182',1193),(4491,'Sveti Jurij','116',1193),(4492,'Salovci','033',1193),(4493,'Sempeter-Vrtojba','183',1193),(4494,'Sencur','117',1193),(4495,'Sentilj','118',1193),(4496,'Sentjernej','119',1193),(4497,'Sentjur pri Celju','120',1193),(4498,'Skocjan','121',1193),(4499,'Skofja Loka','122',1193),(4500,'Skoftjica','123',1193),(4501,'Smarje pri Jelsah','124',1193),(4502,'Smartno ob Paki','125',1193),(4503,'Smartno pri Litiji','194',1193),(4504,'Sostanj','126',1193),(4505,'Store','127',1193),(4506,'Tabor','184',1193),(4507,'Tisina','010',1193),(4508,'Tolmin','128',1193),(4509,'Trbovje','129',1193),(4510,'Trebnje','130',1193),(4511,'Trnovska vas','185',1193),(4512,'Trzic','131',1193),(4513,'Trzin','186',1193),(4514,'Turnisce','132',1193),(4515,'Velenje','133',1193),(4516,'Velika Polana','187',1193),(4517,'Velika Lasce','134',1193),(4518,'Verzej','188',1193),(4519,'Videm','135',1193),(4520,'Vipava','136',1193),(4521,'Vitanje','137',1193),(4522,'Vojnik','138',1193),(4523,'Vransko','189',1193),(4524,'Vrhnika','140',1193),(4525,'Vuzenica','141',1193),(4526,'Zagorje ob Savi','142',1193),(4527,'Zavrc','143',1193),(4528,'Zrece','144',1193),(4529,'Zalec','190',1193),(4530,'Zelezniki','146',1193),(4531,'Zetale','191',1193),(4532,'Ziri','147',1193),(4533,'Zirovnica','192',1193),(4534,'Zuzemberk','193',1193),(4535,'Banskobystrick kraj','BC',1192),(4536,'Bratislavsk kraj','BL',1192),(4537,'Koick kraj','KI',1192),(4538,'Nitriansky kraj','NJ',1192),(4539,'Preovsk kraj','PV',1192),(4540,'Treniansky kraj','TC',1192),(4541,'Trnavsk kraj','TA',1192),(4542,'ilinsk kraj','ZI',1192),(4543,'Western Area (Freetown)','W',1190),(4544,'Dakar','DK',1188),(4545,'Diourbel','DB',1188),(4546,'Fatick','FK',1188),(4547,'Kaolack','KL',1188),(4548,'Kolda','KD',1188),(4549,'Louga','LG',1188),(4550,'Matam','MT',1188),(4551,'Saint-Louis','SL',1188),(4552,'Tambacounda','TC',1188),(4553,'Thies','TH',1188),(4554,'Ziguinchor','ZG',1188),(4555,'Awdal','AW',1195),(4556,'Bakool','BK',1195),(4557,'Banaadir','BN',1195),(4558,'Bay','BY',1195),(4559,'Galguduud','GA',1195),(4560,'Gedo','GE',1195),(4561,'Hiirsan','HI',1195),(4562,'Jubbada Dhexe','JD',1195),(4563,'Jubbada Hoose','JH',1195),(4564,'Mudug','MU',1195),(4565,'Nugaal','NU',1195),(4566,'Saneag','SA',1195),(4567,'Shabeellaha Dhexe','SD',1195),(4568,'Shabeellaha Hoose','SH',1195),(4569,'Sool','SO',1195),(4570,'Togdheer','TO',1195),(4571,'Woqooyi Galbeed','WO',1195),(4572,'Brokopondo','BR',1201),(4573,'Commewijne','CM',1201),(4574,'Coronie','CR',1201),(4575,'Marowijne','MA',1201),(4576,'Nickerie','NI',1201),(4577,'Paramaribo','PM',1201),(4578,'Saramacca','SA',1201),(4579,'Sipaliwini','SI',1201),(4580,'Wanica','WA',1201),(4581,'Principe','P',1207),(4582,'Sao Tome','S',1207),(4583,'Ahuachapan','AH',1066),(4584,'Cabanas','CA',1066),(4585,'Cuscatlan','CU',1066),(4586,'Chalatenango','CH',1066),(4587,'Morazan','MO',1066),(4588,'San Miguel','SM',1066),(4589,'San Salvador','SS',1066),(4590,'Santa Ana','SA',1066),(4591,'San Vicente','SV',1066),(4592,'Sonsonate','SO',1066),(4593,'Usulutan','US',1066),(4594,'Al Hasakah','HA',1206),(4595,'Al Ladhiqiyah','LA',1206),(4596,'Al Qunaytirah','QU',1206),(4597,'Ar Raqqah','RA',1206),(4598,'As Suwayda\'','SU',1206),(4599,'Dar\'a','DR',1206),(4600,'Dayr az Zawr','DY',1206),(4601,'Dimashq','DI',1206),(4602,'Halab','HL',1206),(4603,'Hamah','HM',1206),(4604,'Jim\'','HI',1206),(4605,'Idlib','ID',1206),(4606,'Rif Dimashq','RD',1206),(4607,'Tarts','TA',1206),(4608,'Hhohho','HH',1203),(4609,'Lubombo','LU',1203),(4610,'Manzini','MA',1203),(4611,'Shiselweni','SH',1203),(4612,'Batha','BA',1043),(4613,'Biltine','BI',1043),(4614,'Borkou-Ennedi-Tibesti','BET',1043),(4615,'Chari-Baguirmi','CB',1043),(4616,'Guera','GR',1043),(4617,'Kanem','KA',1043),(4618,'Lac','LC',1043),(4619,'Logone-Occidental','LO',1043),(4620,'Logone-Oriental','LR',1043),(4621,'Mayo-Kebbi','MK',1043),(4622,'Moyen-Chari','MC',1043),(4623,'Ouaddai','OD',1043),(4624,'Salamat','SA',1043),(4625,'Tandjile','TA',1043),(4626,'Kara','K',1214),(4627,'Maritime (Region)','M',1214),(4628,'Savannes','S',1214),(4629,'Krung Thep Maha Nakhon Bangkok','10',1211),(4630,'Phatthaya','S',1211),(4631,'Amnat Charoen','37',1211),(4632,'Ang Thong','15',1211),(4633,'Buri Ram','31',1211),(4634,'Chachoengsao','24',1211),(4635,'Chai Nat','18',1211),(4636,'Chaiyaphum','36',1211),(4637,'Chanthaburi','22',1211),(4638,'Chiang Mai','50',1211),(4639,'Chiang Rai','57',1211),(4640,'Chon Buri','20',1211),(4641,'Chumphon','86',1211),(4642,'Kalasin','46',1211),(4643,'Kamphasng Phet','62',1211),(4644,'Kanchanaburi','71',1211),(4645,'Khon Kaen','40',1211),(4646,'Krabi','81',1211),(4647,'Lampang','52',1211),(4648,'Lamphun','51',1211),(4649,'Loei','42',1211),(4650,'Lop Buri','16',1211),(4651,'Mae Hong Son','58',1211),(4652,'Maha Sarakham','44',1211),(4653,'Mukdahan','49',1211),(4654,'Nakhon Nayok','26',1211),(4655,'Nakhon Pathom','73',1211),(4656,'Nakhon Phanom','48',1211),(4657,'Nakhon Ratchasima','30',1211),(4658,'Nakhon Sawan','60',1211),(4659,'Nakhon Si Thammarat','80',1211),(4660,'Nan','55',1211),(4661,'Narathiwat','96',1211),(4662,'Nong Bua Lam Phu','39',1211),(4663,'Nong Khai','43',1211),(4664,'Nonthaburi','12',1211),(4665,'Pathum Thani','13',1211),(4666,'Pattani','94',1211),(4667,'Phangnga','82',1211),(4668,'Phatthalung','93',1211),(4669,'Phayao','56',1211),(4670,'Phetchabun','67',1211),(4671,'Phetchaburi','76',1211),(4672,'Phichit','66',1211),(4673,'Phitsanulok','65',1211),(4674,'Phrae','54',1211),(4675,'Phra Nakhon Si Ayutthaya','14',1211),(4676,'Phaket','83',1211),(4677,'Prachin Buri','25',1211),(4678,'Prachuap Khiri Khan','77',1211),(4679,'Ranong','85',1211),(4680,'Ratchaburi','70',1211),(4681,'Rayong','21',1211),(4682,'Roi Et','45',1211),(4683,'Sa Kaeo','27',1211),(4684,'Sakon Nakhon','47',1211),(4685,'Samut Prakan','11',1211),(4686,'Samut Sakhon','74',1211),(4687,'Samut Songkhram','75',1211),(4688,'Saraburi','19',1211),(4689,'Satun','91',1211),(4690,'Sing Buri','17',1211),(4691,'Si Sa Ket','33',1211),(4692,'Songkhla','90',1211),(4693,'Sukhothai','64',1211),(4694,'Suphan Buri','72',1211),(4695,'Surat Thani','84',1211),(4696,'Surin','32',1211),(4697,'Tak','63',1211),(4698,'Trang','92',1211),(4699,'Trat','23',1211),(4700,'Ubon Ratchathani','34',1211),(4701,'Udon Thani','41',1211),(4702,'Uthai Thani','61',1211),(4703,'Uttaradit','53',1211),(4704,'Yala','95',1211),(4705,'Yasothon','35',1211),(4706,'Sughd','SU',1209),(4707,'Khatlon','KT',1209),(4708,'Gorno-Badakhshan','GB',1209),(4709,'Ahal','A',1220),(4710,'Balkan','B',1220),(4711,'Dasoguz','D',1220),(4712,'Lebap','L',1220),(4713,'Mary','M',1220),(4714,'Bja','31',1218),(4715,'Ben Arous','13',1218),(4716,'Bizerte','23',1218),(4717,'Gabs','81',1218),(4718,'Gafsa','71',1218),(4719,'Jendouba','32',1218),(4720,'Kairouan','41',1218),(4721,'Rasserine','42',1218),(4722,'Kebili','73',1218),(4723,'L\'Ariana','12',1218),(4724,'Le Ref','33',1218),(4725,'Mahdia','53',1218),(4726,'La Manouba','14',1218),(4727,'Medenine','82',1218),(4728,'Moneatir','52',1218),(4729,'Naboul','21',1218),(4730,'Sfax','61',1218),(4731,'Sidi Bouxid','43',1218),(4732,'Siliana','34',1218),(4733,'Sousse','51',1218),(4734,'Tataouine','83',1218),(4735,'Tozeur','72',1218),(4736,'Tunis','11',1218),(4737,'Zaghouan','22',1218),(4738,'Adana','01',1219),(4739,'Ad yaman','02',1219),(4740,'Afyon','03',1219),(4741,'Ag r','04',1219),(4742,'Aksaray','68',1219),(4743,'Amasya','05',1219),(4744,'Ankara','06',1219),(4745,'Antalya','07',1219),(4746,'Ardahan','75',1219),(4747,'Artvin','08',1219),(4748,'Aydin','09',1219),(4749,'Bal kesir','10',1219),(4750,'Bartin','74',1219),(4751,'Batman','72',1219),(4752,'Bayburt','69',1219),(4753,'Bilecik','11',1219),(4754,'Bingol','12',1219),(4755,'Bitlis','13',1219),(4756,'Bolu','14',1219),(4757,'Burdur','15',1219),(4758,'Bursa','16',1219),(4759,'Canakkale','17',1219),(4760,'Cankir','18',1219),(4761,'Corum','19',1219),(4762,'Denizli','20',1219),(4763,'Diyarbakir','21',1219),(4764,'Duzce','81',1219),(4765,'Edirne','22',1219),(4766,'Elazig','23',1219),(4767,'Erzincan','24',1219),(4768,'Erzurum','25',1219),(4769,'Eskis\'ehir','26',1219),(4770,'Gaziantep','27',1219),(4771,'Giresun','28',1219),(4772,'Gms\'hane','29',1219),(4773,'Hakkari','30',1219),(4774,'Hatay','31',1219),(4775,'Igidir','76',1219),(4776,'Isparta','32',1219),(4777,'Icel','33',1219),(4778,'Istanbul','34',1219),(4779,'Izmir','35',1219),(4780,'Kahramanmaras','46',1219),(4781,'Karabk','78',1219),(4782,'Karaman','70',1219),(4783,'Kars','36',1219),(4784,'Kastamonu','37',1219),(4785,'Kayseri','38',1219),(4786,'Kirikkale','71',1219),(4787,'Kirklareli','39',1219),(4788,'Kirs\'ehir','40',1219),(4789,'Kilis','79',1219),(4790,'Kocaeli','41',1219),(4791,'Konya','42',1219),(4792,'Ktahya','43',1219),(4793,'Malatya','44',1219),(4794,'Manisa','45',1219),(4795,'Mardin','47',1219),(4796,'Mugila','48',1219),(4797,'Mus','49',1219),(4798,'Nevs\'ehir','50',1219),(4799,'Nigide','51',1219),(4800,'Ordu','52',1219),(4801,'Osmaniye','80',1219),(4802,'Rize','53',1219),(4803,'Sakarya','54',1219),(4804,'Samsun','55',1219),(4805,'Siirt','56',1219),(4806,'Sinop','57',1219),(4807,'Sivas','58',1219),(4808,'S\'anliurfa','63',1219),(4809,'S\'rnak','73',1219),(4810,'Tekirdag','59',1219),(4811,'Tokat','60',1219),(4812,'Trabzon','61',1219),(4813,'Tunceli','62',1219),(4814,'Us\'ak','64',1219),(4815,'Van','65',1219),(4816,'Yalova','77',1219),(4817,'Yozgat','66',1219),(4818,'Zonguldak','67',1219),(4819,'Couva-Tabaquite-Talparo','CTT',1217),(4820,'Diego Martin','DMN',1217),(4821,'Eastern Tobago','ETO',1217),(4822,'Penal-Debe','PED',1217),(4823,'Princes Town','PRT',1217),(4824,'Rio Claro-Mayaro','RCM',1217),(4825,'Sangre Grande','SGE',1217),(4826,'San Juan-Laventille','SJL',1217),(4827,'Siparia','SIP',1217),(4828,'Tunapuna-Piarco','TUP',1217),(4829,'Western Tobago','WTO',1217),(4830,'Arima','ARI',1217),(4831,'Chaguanas','CHA',1217),(4832,'Point Fortin','PTF',1217),(4833,'Port of Spain','POS',1217),(4834,'San Fernando','SFO',1217),(4835,'Aileu','AL',1063),(4836,'Ainaro','AN',1063),(4837,'Bacucau','BA',1063),(4838,'Bobonaro','BO',1063),(4839,'Cova Lima','CO',1063),(4840,'Dili','DI',1063),(4841,'Ermera','ER',1063),(4842,'Laulem','LA',1063),(4843,'Liquica','LI',1063),(4844,'Manatuto','MT',1063),(4845,'Manafahi','MF',1063),(4846,'Oecussi','OE',1063),(4847,'Viqueque','VI',1063),(4848,'Changhua','CHA',1208),(4849,'Chiayi','CYQ',1208),(4850,'Hsinchu','HSQ',1208),(4851,'Hualien','HUA',1208),(4852,'Ilan','ILA',1208),(4853,'Kaohsiung','KHQ',1208),(4854,'Miaoli','MIA',1208),(4855,'Nantou','NAN',1208),(4856,'Penghu','PEN',1208),(4857,'Pingtung','PIF',1208),(4858,'Taichung','TXQ',1208),(4859,'Tainan','TNQ',1208),(4860,'Taipei','TPQ',1208),(4861,'Taitung','TTT',1208),(4862,'Taoyuan','TAO',1208),(4863,'Yunlin','YUN',1208),(4864,'Keelung','KEE',1208),(4865,'Arusha','01',1210),(4866,'Dar-es-Salaam','02',1210),(4867,'Dodoma','03',1210),(4868,'Iringa','04',1210),(4869,'Kagera','05',1210),(4870,'Kaskazini Pemba','06',1210),(4871,'Kaskazini Unguja','07',1210),(4872,'Xigoma','08',1210),(4873,'Kilimanjaro','09',1210),(4874,'Rusini Pemba','10',1210),(4875,'Kusini Unguja','11',1210),(4876,'Lindi','12',1210),(4877,'Manyara','26',1210),(4878,'Mara','13',1210),(4879,'Mbeya','14',1210),(4880,'Mjini Magharibi','15',1210),(4881,'Morogoro','16',1210),(4882,'Mtwara','17',1210),(4883,'Pwani','19',1210),(4884,'Rukwa','20',1210),(4885,'Ruvuma','21',1210),(4886,'Shinyanga','22',1210),(4887,'Singida','23',1210),(4888,'Tabora','24',1210),(4889,'Tanga','25',1210),(4890,'Cherkas\'ka Oblast\'','71',1224),(4891,'Chernihivs\'ka Oblast\'','74',1224),(4892,'Chernivets\'ka Oblast\'','77',1224),(4893,'Dnipropetrovs\'ka Oblast\'','12',1224),(4894,'Donets\'ka Oblast\'','14',1224),(4895,'Ivano-Frankivs\'ka Oblast\'','26',1224),(4896,'Kharkivs\'ka Oblast\'','63',1224),(4897,'Khersons\'ka Oblast\'','65',1224),(4898,'Khmel\'nyts\'ka Oblast\'','68',1224),(4899,'Kirovohrads\'ka Oblast\'','35',1224),(4900,'Kyivs\'ka Oblast\'','32',1224),(4901,'Luhans\'ka Oblast\'','09',1224),(4902,'L\'vivs\'ka Oblast\'','46',1224),(4903,'Mykolaivs\'ka Oblast\'','48',1224),(4904,'Odes \'ka Oblast\'','51',1224),(4905,'Poltavs\'ka Oblast\'','53',1224),(4906,'Rivnens\'ka Oblast\'','56',1224),(4907,'Sums \'ka Oblast\'','59',1224),(4908,'Ternopil\'s\'ka Oblast\'','61',1224),(4909,'Vinnyts\'ka Oblast\'','05',1224),(4910,'Volyos\'ka Oblast\'','07',1224),(4911,'Zakarpats\'ka Oblast\'','21',1224),(4912,'Zaporiz\'ka Oblast\'','23',1224),(4913,'Zhytomyrs\'ka Oblast\'','18',1224),(4914,'Respublika Krym','43',1224),(4915,'Kyiv','30',1224),(4916,'Sevastopol','40',1224),(4917,'Adjumani','301',1223),(4918,'Apac','302',1223),(4919,'Arua','303',1223),(4920,'Bugiri','201',1223),(4921,'Bundibugyo','401',1223),(4922,'Bushenyi','402',1223),(4923,'Busia','202',1223),(4924,'Gulu','304',1223),(4925,'Hoima','403',1223),(4926,'Iganga','203',1223),(4927,'Jinja','204',1223),(4928,'Kabale','404',1223),(4929,'Kabarole','405',1223),(4930,'Kaberamaido','213',1223),(4931,'Kalangala','101',1223),(4932,'Kampala','102',1223),(4933,'Kamuli','205',1223),(4934,'Kamwenge','413',1223),(4935,'Kanungu','414',1223),(4936,'Kapchorwa','206',1223),(4937,'Kasese','406',1223),(4938,'Katakwi','207',1223),(4939,'Kayunga','112',1223),(4940,'Kibaale','407',1223),(4941,'Kiboga','103',1223),(4942,'Kisoro','408',1223),(4943,'Kitgum','305',1223),(4944,'Kotido','306',1223),(4945,'Kumi','208',1223),(4946,'Kyenjojo','415',1223),(4947,'Lira','307',1223),(4948,'Luwero','104',1223),(4949,'Masaka','105',1223),(4950,'Masindi','409',1223),(4951,'Mayuge','214',1223),(4952,'Mbale','209',1223),(4953,'Mbarara','410',1223),(4954,'Moroto','308',1223),(4955,'Moyo','309',1223),(4956,'Mpigi','106',1223),(4957,'Mubende','107',1223),(4958,'Mukono','108',1223),(4959,'Nakapiripirit','311',1223),(4960,'Nakasongola','109',1223),(4961,'Nebbi','310',1223),(4962,'Ntungamo','411',1223),(4963,'Pader','312',1223),(4964,'Pallisa','210',1223),(4965,'Rakai','110',1223),(4966,'Rukungiri','412',1223),(4967,'Sembabule','111',1223),(4968,'Sironko','215',1223),(4969,'Soroti','211',1223),(4970,'Tororo','212',1223),(4971,'Wakiso','113',1223),(4972,'Yumbe','313',1223),(4973,'Baker Island','81',1227),(4974,'Howland Island','84',1227),(4975,'Jarvis Island','86',1227),(4976,'Johnston Atoll','67',1227),(4977,'Kingman Reef','89',1227),(4978,'Midway Islands','71',1227),(4979,'Navassa Island','76',1227),(4980,'Palmyra Atoll','95',1227),(4981,'Wake Ialand','79',1227),(4982,'Artigsa','AR',1229),(4983,'Canelones','CA',1229),(4984,'Cerro Largo','CL',1229),(4985,'Colonia','CO',1229),(4986,'Durazno','DU',1229),(4987,'Flores','FS',1229),(4988,'Lavalleja','LA',1229),(4989,'Maldonado','MA',1229),(4990,'Montevideo','MO',1229),(4991,'Paysandu','PA',1229),(4992,'Rivera','RV',1229),(4993,'Rocha','RO',1229),(4994,'Salto','SA',1229),(4995,'Soriano','SO',1229),(4996,'Tacuarembo','TA',1229),(4997,'Treinta y Tres','TT',1229),(4998,'Toshkent (city)','TK',1230),(4999,'Qoraqalpogiston Respublikasi','QR',1230),(5000,'Andijon','AN',1230),(5001,'Buxoro','BU',1230),(5002,'Farg\'ona','FA',1230),(5003,'Jizzax','JI',1230),(5004,'Khorazm','KH',1230),(5005,'Namangan','NG',1230),(5006,'Navoiy','NW',1230),(5007,'Qashqadaryo','QA',1230),(5008,'Samarqand','SA',1230),(5009,'Sirdaryo','SI',1230),(5010,'Surxondaryo','SU',1230),(5011,'Toshkent','TO',1230),(5012,'Xorazm','XO',1230),(5013,'Diatrito Federal','A',1232),(5014,'Anzoategui','B',1232),(5015,'Apure','C',1232),(5016,'Aragua','D',1232),(5017,'Barinas','E',1232),(5018,'Carabobo','G',1232),(5019,'Cojedes','H',1232),(5020,'Falcon','I',1232),(5021,'Guarico','J',1232),(5022,'Lara','K',1232),(5023,'Merida','L',1232),(5024,'Miranda','M',1232),(5025,'Monagas','N',1232),(5026,'Nueva Esparta','O',1232),(5027,'Portuguesa','P',1232),(5028,'Tachira','S',1232),(5029,'Trujillo','T',1232),(5030,'Vargas','X',1232),(5031,'Yaracuy','U',1232),(5032,'Zulia','V',1232),(5033,'Delta Amacuro','Y',1232),(5034,'Dependencias Federales','W',1232),(5035,'An Giang','44',1233),(5036,'Ba Ria - Vung Tau','43',1233),(5037,'Bac Can','53',1233),(5038,'Bac Giang','54',1233),(5039,'Bac Lieu','55',1233),(5040,'Bac Ninh','56',1233),(5041,'Ben Tre','50',1233),(5042,'Binh Dinh','31',1233),(5043,'Binh Duong','57',1233),(5044,'Binh Phuoc','58',1233),(5045,'Binh Thuan','40',1233),(5046,'Ca Mau','59',1233),(5047,'Can Tho','48',1233),(5048,'Cao Bang','04',1233),(5049,'Da Nang, thanh pho','60',1233),(5050,'Dong Nai','39',1233),(5051,'Dong Thap','45',1233),(5052,'Gia Lai','30',1233),(5053,'Ha Giang','03',1233),(5054,'Ha Nam','63',1233),(5055,'Ha Noi, thu do','64',1233),(5056,'Ha Tay','15',1233),(5057,'Ha Tinh','23',1233),(5058,'Hai Duong','61',1233),(5059,'Hai Phong, thanh pho','62',1233),(5060,'Hoa Binh','14',1233),(5061,'Ho Chi Minh, thanh pho [Sai Gon]','65',1233),(5062,'Hung Yen','66',1233),(5063,'Khanh Hoa','34',1233),(5064,'Kien Giang','47',1233),(5065,'Kon Tum','28',1233),(5066,'Lai Chau','01',1233),(5067,'Lam Dong','35',1233),(5068,'Lang Son','09',1233),(5069,'Lao Cai','02',1233),(5070,'Long An','41',1233),(5071,'Nam Dinh','67',1233),(5072,'Nghe An','22',1233),(5073,'Ninh Binh','18',1233),(5074,'Ninh Thuan','36',1233),(5075,'Phu Tho','68',1233),(5076,'Phu Yen','32',1233),(5077,'Quang Binh','24',1233),(5078,'Quang Nam','27',1233),(5079,'Quang Ngai','29',1233),(5080,'Quang Ninh','13',1233),(5081,'Quang Tri','25',1233),(5082,'Soc Trang','52',1233),(5083,'Son La','05',1233),(5084,'Tay Ninh','37',1233),(5085,'Thai Binh','20',1233),(5086,'Thai Nguyen','69',1233),(5087,'Thanh Hoa','21',1233),(5088,'Thua Thien-Hue','26',1233),(5089,'Tien Giang','46',1233),(5090,'Tra Vinh','51',1233),(5091,'Tuyen Quang','07',1233),(5092,'Vinh Long','49',1233),(5093,'Vinh Phuc','70',1233),(5094,'Yen Bai','06',1233),(5095,'Malampa','MAP',1231),(5096,'Penama','PAM',1231),(5097,'Sanma','SAM',1231),(5098,'Shefa','SEE',1231),(5099,'Tafea','TAE',1231),(5100,'Torba','TOB',1231),(5101,'A\'ana','AA',1185),(5102,'Aiga-i-le-Tai','AL',1185),(5103,'Atua','AT',1185),(5104,'Fa\'aaaleleaga','FA',1185),(5105,'Gaga\'emauga','GE',1185),(5106,'Gagaifomauga','GI',1185),(5107,'Palauli','PA',1185),(5108,'Satupa\'itea','SA',1185),(5109,'Tuamasaga','TU',1185),(5110,'Va\'a-o-Fonoti','VF',1185),(5111,'Vaisigano','VS',1185),(5112,'Crna Gora','CG',1238),(5113,'Srbija','SR',1238),(5114,'Kosovo-Metohija','KM',1238),(5115,'Vojvodina','VO',1238),(5116,'Abyan','AB',1237),(5117,'Adan','AD',1237),(5118,'Ad Dali','DA',1237),(5119,'Al Bayda\'','BA',1237),(5120,'Al Hudaydah','MU',1237),(5121,'Al Mahrah','MR',1237),(5122,'Al Mahwit','MW',1237),(5123,'Amran','AM',1237),(5124,'Dhamar','DH',1237),(5125,'Hadramawt','HD',1237),(5126,'Hajjah','HJ',1237),(5127,'Ibb','IB',1237),(5128,'Lahij','LA',1237),(5129,'Ma\'rib','MA',1237),(5130,'Sa\'dah','SD',1237),(5131,'San\'a\'','SN',1237),(5132,'Shabwah','SH',1237),(5133,'Ta\'izz','TA',1237),(5134,'Eastern Cape','EC',1196),(5135,'Free State','FS',1196),(5136,'Gauteng','GT',1196),(5137,'Kwazulu-Natal','NL',1196),(5138,'Mpumalanga','MP',1196),(5139,'Northern Cape','NC',1196),(5140,'Limpopo','NP',1196),(5141,'Western Cape','WC',1196),(5142,'Copperbelt','08',1239),(5143,'Luapula','04',1239),(5144,'Lusaka','09',1239),(5145,'North-Western','06',1239),(5146,'Bulawayo','BU',1240),(5147,'Harare','HA',1240),(5148,'Manicaland','MA',1240),(5149,'Mashonaland Central','MC',1240),(5150,'Mashonaland East','ME',1240),(5151,'Mashonaland West','MW',1240),(5152,'Masvingo','MV',1240),(5153,'Matabeleland North','MN',1240),(5154,'Matabeleland South','MS',1240),(5155,'Midlands','MI',1240),(5156,'South Karelia','SK',1075),(5157,'South Ostrobothnia','SO',1075),(5158,'Etel-Savo','ES',1075),(5159,'Hme','HH',1075),(5160,'It-Uusimaa','IU',1075),(5161,'Kainuu','KA',1075),(5162,'Central Ostrobothnia','CO',1075),(5163,'Central Finland','CF',1075),(5164,'Kymenlaakso','KY',1075),(5165,'Lapland','LA',1075),(5166,'Tampere Region','TR',1075),(5167,'Ostrobothnia','OB',1075),(5168,'North Karelia','NK',1075),(5169,'Nothern Ostrobothnia','NO',1075),(5170,'Northern Savo','NS',1075),(5171,'Pijt-Hme','PH',1075),(5172,'Satakunta','SK',1075),(5173,'Uusimaa','UM',1075),(5174,'South-West Finland','SW',1075),(5175,'land','AL',1075),(5176,'Limburg','LI',1152),(9000,'North West','NW',1196),(9986,'Tyne and Wear','xTYW',1226),(9987,'Isle of Man','xIOM',1226),(9988,'Greater Manchester','xGMA',1226),(9989,'Co Tyrone','xTYR',1226),(9990,'West Yorkshire','xWYO',1226),(9991,'South Yorkshire','xSYO',1226),(9992,'Merseyside','xMSD',1226),(9993,'Berkshire','xBRK',1226),(9994,'West Midlands','xWMD',1226),(9995,'Inverness','xIVN',1226),(9996,'Avon','xAVN',1226),(9997,'Middlesex','xMDX',1226),(9998,'West Glamorgan','xWGM',1226),(9999,'London','xLON',1226);
/*!40000 ALTER TABLE `civicrm_state_province` ENABLE KEYS */;
UNLOCK TABLES;

--
-- Dumping data for table `civicrm_subscription_history`
--

LOCK TABLES `civicrm_subscription_history` WRITE;
/*!40000 ALTER TABLE `civicrm_subscription_history` DISABLE KEYS */;
INSERT INTO `civicrm_subscription_history` (`id`, `contact_id`, `group_id`, `date`, `method`, `status`, `tracking`) VALUES (1,56,2,'2007-02-06 06:06:57','Admin','Pending',NULL),(2,58,2,'2006-08-10 08:01:01','Admin','Removed',NULL),(3,20,2,'2007-03-30 11:16:06','Email','Pending',NULL),(4,89,2,'2006-10-16 09:59:47','Email','Removed',NULL),(5,28,2,'2007-02-05 09:54:14','Email','Pending',NULL),(6,70,2,'2006-12-15 08:38:17','Email','Pending',NULL),(7,24,2,'2006-08-24 07:31:52','Email','Removed',NULL),(8,52,2,'2007-05-29 03:54:59','Admin','Added',NULL),(9,16,2,'2006-11-18 08:21:24','Admin','Added',NULL),(10,84,2,'2007-02-11 05:19:44','Email','Removed',NULL),(11,53,2,'2007-03-02 06:50:58','Email','Added',NULL),(12,22,2,'2007-02-15 02:38:02','Email','Removed',NULL),(13,62,2,'2006-07-15 11:02:38','Email','Removed',NULL),(14,71,2,'2007-04-07 11:33:35','Admin','Pending',NULL),(15,57,2,'2007-06-06 10:59:31','Admin','Added',NULL),(16,29,2,'2006-10-13 10:47:12','Admin','Removed',NULL),(17,79,2,'2006-08-05 08:21:50','Admin','Pending',NULL),(18,44,2,'2006-07-29 02:18:07','Admin','Pending',NULL),(19,59,2,'2006-12-02 12:21:08','Admin','Added',NULL),(20,36,2,'2006-10-07 09:52:02','Admin','Pending',NULL),(21,61,2,'2007-01-22 02:24:36','Admin','Removed',NULL),(22,76,2,'2006-11-23 07:30:25','Admin','Removed',NULL),(23,2,2,'2006-08-10 02:52:44','Admin','Pending',NULL),(24,63,2,'2007-02-18 06:32:15','Email','Removed',NULL),(25,99,2,'2006-09-09 11:22:43','Email','Added',NULL),(26,30,2,'2007-03-16 01:44:16','Email','Pending',NULL),(27,13,2,'2007-04-05 12:33:18','Admin','Removed',NULL),(28,54,2,'2006-10-12 01:11:05','Email','Added',NULL),(29,21,2,'2007-03-28 09:01:31','Admin','Pending',NULL),(30,98,2,'2006-07-23 05:55:26','Email','Added',NULL),(31,35,2,'2006-12-06 06:57:54','Admin','Pending',NULL),(32,65,2,'2006-12-15 04:56:19','Email','Removed',NULL),(33,72,2,'2007-06-04 06:14:46','Email','Pending',NULL),(34,101,2,'2006-09-22 07:14:12','Admin','Removed',NULL),(35,78,2,'2006-08-10 10:27:46','Email','Added',NULL),(36,95,2,'2006-09-11 04:42:08','Email','Removed',NULL),(37,66,2,'2006-09-07 09:41:49','Admin','Removed',NULL),(38,27,2,'2006-09-08 11:33:18','Admin','Pending',NULL),(39,41,2,'2006-08-16 12:05:03','Email','Added',NULL),(40,97,2,'2006-08-05 08:40:03','Admin','Added',NULL),(41,47,2,'2006-08-21 08:50:45','Email','Pending',NULL),(42,3,2,'2007-02-22 08:42:24','Admin','Added',NULL),(43,100,2,'2006-11-26 11:35:31','Admin','Added',NULL),(44,25,2,'2006-08-26 02:31:04','Email','Added',NULL),(45,69,2,'2006-08-24 02:11:54','Email','Added',NULL),(46,82,2,'2006-12-26 10:54:39','Email','Added',NULL),(47,77,2,'2006-07-31 08:49:24','Admin','Removed',NULL),(48,92,2,'2006-06-11 02:08:42','Email','Pending',NULL),(49,19,2,'2006-07-09 02:38:13','Email','Pending',NULL),(50,46,2,'2007-01-30 09:59:31','Email','Pending',NULL),(51,81,2,'2006-08-19 04:19:08','Email','Removed',NULL),(52,74,2,'2006-11-22 07:44:19','Email','Added',NULL),(53,75,2,'2007-04-12 02:48:53','Admin','Added',NULL),(54,60,2,'2007-04-24 03:38:24','Admin','Pending',NULL),(55,88,2,'2007-03-27 10:51:57','Email','Pending',NULL),(56,90,2,'2006-11-01 12:55:37','Email','Added',NULL),(57,68,2,'2006-06-19 11:31:59','Email','Removed',NULL),(58,11,2,'2007-05-22 09:43:42','Email','Pending',NULL),(59,86,2,'2006-07-04 08:42:44','Email','Pending',NULL),(60,42,2,'2007-05-21 08:24:33','Email','Added',NULL),(61,6,3,'2006-09-23 07:02:17','Email','Removed',NULL),(62,5,3,'2007-05-24 02:34:12','Admin','Pending',NULL),(63,73,3,'2007-05-22 11:07:28','Email','Added',NULL),(64,33,3,'2007-02-13 07:51:27','Email','Pending',NULL),(65,32,3,'2006-12-24 06:52:50','Admin','Removed',NULL),(66,49,3,'2006-12-09 03:27:11','Email','Pending',NULL),(67,7,3,'2007-01-27 07:01:47','Admin','Added',NULL),(68,17,3,'2007-02-21 02:48:11','Admin','Pending',NULL),(69,45,3,'2006-07-01 12:11:33','Admin','Removed',NULL),(70,43,3,'2006-10-19 03:54:33','Admin','Pending',NULL),(71,67,3,'2006-11-28 02:25:56','Admin','Removed',NULL),(72,39,3,'2006-10-28 05:53:23','Email','Removed',NULL),(73,51,3,'2007-02-13 06:03:26','Email','Removed',NULL),(74,87,3,'2006-12-27 12:54:23','Email','Added',NULL),(75,14,3,'2006-08-08 04:05:11','Admin','Pending',NULL),(76,56,4,'2007-02-26 03:20:20','Admin','Removed',NULL),(77,52,4,'2006-06-19 06:56:44','Admin','Removed',NULL),(78,57,4,'2006-10-28 12:48:15','Admin','Pending',NULL),(79,76,4,'2007-04-26 10:57:37','Admin','Removed',NULL),(80,21,4,'2007-03-15 09:18:13','Email','Pending',NULL),(81,95,4,'2006-08-18 02:35:36','Email','Added',NULL),(82,100,4,'2006-08-30 04:48:24','Email','Pending',NULL),(83,46,4,'2007-04-30 05:46:44','Email','Removed',NULL);
/*!40000 ALTER TABLE `civicrm_subscription_history` ENABLE KEYS */;
UNLOCK TABLES;

--
-- Dumping data for table `civicrm_tag`
--

LOCK TABLES `civicrm_tag` WRITE;
/*!40000 ALTER TABLE `civicrm_tag` DISABLE KEYS */;
INSERT INTO `civicrm_tag` (`id`, `domain_id`, `name`, `description`, `parent_id`) VALUES (1,1,'Non-profit','Any not-for-profit organization.',NULL),(2,1,'Company','For-profit organization.',NULL),(3,1,'Government Entity','Any governmental entity.',NULL),(4,1,'Major Donor','High-value supporter of our organization.',NULL),(5,1,'Volunteer','Active volunteers.',NULL);
/*!40000 ALTER TABLE `civicrm_tag` ENABLE KEYS */;
UNLOCK TABLES;

--
-- Dumping data for table `civicrm_task`
--

LOCK TABLES `civicrm_task` WRITE;
/*!40000 ALTER TABLE `civicrm_task` DISABLE KEYS */;
/*!40000 ALTER TABLE `civicrm_task` ENABLE KEYS */;
UNLOCK TABLES;

--
-- Dumping data for table `civicrm_task_status`
--

LOCK TABLES `civicrm_task_status` WRITE;
/*!40000 ALTER TABLE `civicrm_task_status` DISABLE KEYS */;
/*!40000 ALTER TABLE `civicrm_task_status` ENABLE KEYS */;
UNLOCK TABLES;

--
-- Dumping data for table `civicrm_uf_field`
--

LOCK TABLES `civicrm_uf_field` WRITE;
/*!40000 ALTER TABLE `civicrm_uf_field` DISABLE KEYS */;
INSERT INTO `civicrm_uf_field` (`id`, `uf_group_id`, `field_name`, `is_active`, `is_view`, `is_required`, `weight`, `help_post`, `visibility`, `in_selector`, `is_searchable`, `location_type_id`, `phone_type`, `label`, `field_type`) VALUES (1,1,'first_name',1,0,1,1,'','Public User Pages and Listings',0,1,NULL,NULL,'First Name','Individual'),(2,1,'last_name',1,0,1,2,'First and last name will be shared with other visitors to the site.','Public User Pages and Listings',0,1,NULL,NULL,'Last Name','Individual'),(3,1,'street_address',1,0,0,3,'','User and User Admin Only',0,0,1,NULL,'Street Address (Home)','Individual'),(4,1,'city',1,0,0,4,'','User and User Admin Only',0,0,1,NULL,'City (Home)','Individual'),(5,1,'postal_code',1,0,0,5,'','User and User Admin Only',0,0,1,NULL,'Postal Code (Home)','Individual'),(6,1,'state_province',1,0,0,6,'Your state/province and country of residence will be shared with others so folks can find others in their community.','Public User Pages and Listings',1,1,1,NULL,'State (Home)','Individual'),(7,1,'country',1,0,0,7,'','Public User Pages and Listings',0,1,1,NULL,'Country (Home)','Individual');
/*!40000 ALTER TABLE `civicrm_uf_field` ENABLE KEYS */;
UNLOCK TABLES;

--
-- Dumping data for table `civicrm_uf_group`
--

LOCK TABLES `civicrm_uf_group` WRITE;
/*!40000 ALTER TABLE `civicrm_uf_group` DISABLE KEYS */;
INSERT INTO `civicrm_uf_group` (`id`, `domain_id`, `is_active`, `form_type`, `title`, `collapse_display`, `help_pre`, `help_post`, `limit_listings_group_id`, `post_URL`, `add_to_group_id`, `add_captcha`, `is_map`, `is_edit_link`, `is_uf_link`, `is_update_dupe`, `cancel_URL`, `is_cms_user`, `notify`) VALUES (1,1,1,'CiviCRM Profile','Name and Address',0,'',NULL,NULL,NULL,NULL,0,0,0,0,0,NULL,0,NULL);
/*!40000 ALTER TABLE `civicrm_uf_group` ENABLE KEYS */;
UNLOCK TABLES;

--
-- Dumping data for table `civicrm_uf_join`
--

LOCK TABLES `civicrm_uf_join` WRITE;
/*!40000 ALTER TABLE `civicrm_uf_join` DISABLE KEYS */;
INSERT INTO `civicrm_uf_join` (`id`, `is_active`, `module`, `entity_table`, `entity_id`, `weight`, `uf_group_id`) VALUES (1,1,'User Registration','',0,1,1),(2,1,'User Account','',0,1,1),(3,1,'Profile','',0,1,1);
/*!40000 ALTER TABLE `civicrm_uf_join` ENABLE KEYS */;
UNLOCK TABLES;

--
-- Dumping data for table `civicrm_uf_match`
--

LOCK TABLES `civicrm_uf_match` WRITE;
/*!40000 ALTER TABLE `civicrm_uf_match` DISABLE KEYS */;
/*!40000 ALTER TABLE `civicrm_uf_match` ENABLE KEYS */;
UNLOCK TABLES;

--
-- Dumping data for table `civicrm_validation`
--

LOCK TABLES `civicrm_validation` WRITE;
/*!40000 ALTER TABLE `civicrm_validation` DISABLE KEYS */;
/*!40000 ALTER TABLE `civicrm_validation` ENABLE KEYS */;
UNLOCK TABLES;
/*!40103 SET TIME_ZONE=@OLD_TIME_ZONE */;

/*!40101 SET SQL_MODE=@OLD_SQL_MODE */;
/*!40014 SET FOREIGN_KEY_CHECKS=@OLD_FOREIGN_KEY_CHECKS */;
/*!40014 SET UNIQUE_CHECKS=@OLD_UNIQUE_CHECKS */;
/*!40101 SET CHARACTER_SET_CLIENT=@OLD_CHARACTER_SET_CLIENT */;
/*!40101 SET CHARACTER_SET_RESULTS=@OLD_CHARACTER_SET_RESULTS */;
/*!40101 SET COLLATION_CONNECTION=@OLD_COLLATION_CONNECTION */;
/*!40111 SET SQL_NOTES=@OLD_SQL_NOTES */;

-- Dump completed on 2007-06-07 19:17:05
