-- MySQL dump 10.10
--
-- Host: localhost    Database: civicrm
-- ------------------------------------------------------
-- Server version	5.0.18-log

/*!40101 SET @OLD_CHARACTER_SET_CLIENT=@@CHARACTER_SET_CLIENT */;
/*!40101 SET @OLD_CHARACTER_SET_RESULTS=@@CHARACTER_SET_RESULTS */;
/*!40101 SET @OLD_COLLATION_CONNECTION=@@COLLATION_CONNECTION */;
/*!40101 SET NAMES utf8 */;
/*!40103 SET @OLD_TIME_ZONE=@@TIME_ZONE */;
/*!40103 SET TIME_ZONE='+00:00' */;
/*!40014 SET @OLD_UNIQUE_CHECKS=@@UNIQUE_CHECKS, UNIQUE_CHECKS=0 */;
/*!40014 SET @OLD_FOREIGN_KEY_CHECKS=@@FOREIGN_KEY_CHECKS, FOREIGN_KEY_CHECKS=0 */;
/*!40101 SET @OLD_SQL_MODE=@@SQL_MODE, SQL_MODE='NO_AUTO_VALUE_ON_ZERO' */;
/*!40111 SET @OLD_SQL_NOTES=@@SQL_NOTES, SQL_NOTES=0 */;

--
-- Dumping data for table `civicrm_acl`
--


/*!40000 ALTER TABLE `civicrm_acl` DISABLE KEYS */;
LOCK TABLES `civicrm_acl` WRITE;
INSERT INTO `civicrm_acl` (`id`, `domain_id`, `name`, `deny`, `entity_table`, `entity_id`, `operation`, `object_table`, `object_id`, `acl_table`, `acl_id`, `is_active`) VALUES (1,1,'Edit All Contacts',0,'civicrm_acl_role',1,'Edit','civicrm_saved_search',0,NULL,NULL,1);
UNLOCK TABLES;
/*!40000 ALTER TABLE `civicrm_acl` ENABLE KEYS */;

--
-- Dumping data for table `civicrm_acl_cache`
--


/*!40000 ALTER TABLE `civicrm_acl_cache` DISABLE KEYS */;
LOCK TABLES `civicrm_acl_cache` WRITE;
UNLOCK TABLES;
/*!40000 ALTER TABLE `civicrm_acl_cache` ENABLE KEYS */;

--
-- Dumping data for table `civicrm_acl_entity_role`
--


/*!40000 ALTER TABLE `civicrm_acl_entity_role` DISABLE KEYS */;
LOCK TABLES `civicrm_acl_entity_role` WRITE;
INSERT INTO `civicrm_acl_entity_role` (`id`, `domain_id`, `acl_role_id`, `entity_table`, `entity_id`, `is_active`) VALUES (1,1,1,'civicrm_group',1,1);
UNLOCK TABLES;
/*!40000 ALTER TABLE `civicrm_acl_entity_role` ENABLE KEYS */;

--
-- Dumping data for table `civicrm_activity`
--


/*!40000 ALTER TABLE `civicrm_activity` DISABLE KEYS */;
LOCK TABLES `civicrm_activity` WRITE;
UNLOCK TABLES;
/*!40000 ALTER TABLE `civicrm_activity` ENABLE KEYS */;

--
-- Dumping data for table `civicrm_activity_assignment`
--


/*!40000 ALTER TABLE `civicrm_activity_assignment` DISABLE KEYS */;
LOCK TABLES `civicrm_activity_assignment` WRITE;
UNLOCK TABLES;
/*!40000 ALTER TABLE `civicrm_activity_assignment` ENABLE KEYS */;

--
-- Dumping data for table `civicrm_activity_history`
--


/*!40000 ALTER TABLE `civicrm_activity_history` DISABLE KEYS */;
LOCK TABLES `civicrm_activity_history` WRITE;
INSERT INTO `civicrm_activity_history` (`id`, `entity_table`, `entity_id`, `activity_type`, `module`, `callback`, `activity_id`, `activity_summary`, `activity_date`, `relationship_id`, `group_id`, `is_test`) VALUES (1,'civicrm_contact',46,'Cancer Patient Interaction','Module1',NULL,116,'umvfcjGUFiamqSWMJn WqK K  iKZMDpOIAG OiB vzGLRvaBTlVGaGXVBTWHvppKLX kKegUpUoPklzaAAaHdHJe uChmqRLocTIWiZdlwntP','2006-09-16 11:44:05',NULL,NULL,0),(2,'civicrm_contact',46,'Dream Run Participant','Module3','Callback5',206,'kHcT lyZH z xanupAnZSbbzHXYl LkXmsNhsENpW vqstqA y IKsYNIPcgxG','2007-01-24 05:44:46',NULL,NULL,0),(3,'civicrm_contact',46,'Handicap Marathon','Module4',NULL,993,' gBlxo djgCUIIVntGoP gtbcfUqvdnewdKHyYZneHFSQNavYCCMuHmXvFr PRGAbWSc jURZOo   iQHlEhreUvO celHgJe wwycw hpaPRSz TzGrXUGjEUwpr JPpwxvTLSCGHYW hThKIq ZXytLOHTcreGtm e GXfrFL','2006-11-21 10:11:31',NULL,NULL,0),(4,'civicrm_contact',46,'Volunteered for Trek','Module1','Callback3',47,'I HNZo BiktnuGGyMXkbJqlhqd  hgXAVjPlrgCOvWVAnwxQaXDPm Bnbnxg qEUdqtgbEvAGJ hzveCygUHXeRvWzMinZjccmuowSVkOSnceLqVVeENSStGzuCfQavIXAeOJdBzprBIyc lFClrtrrItjgMpIXW FSH yCzoHobNpHIHFOU dt LBozhzMNCE KkkJAr uMlaVrT BrGUmO','2007-04-04 01:27:03',NULL,NULL,0),(5,'civicrm_contact',46,'Cancer Patient Interaction','Module6',NULL,1054,'ZyKleiKqzamAUl PjvfeuQnFW qHlbgfFzHioxzsp WaTMfrIhNylyPgjK  DZlfpwgw zP uvY ie XyVRbAptFdwZTlSLncKJWJDPSXigdZLTbTdw bjZCjqsa XrY MD','2007-05-30 03:59:58',NULL,NULL,0),(6,'civicrm_contact',46,'Cancer Patient Interaction','Module1','Callback6',6,'rUkaBYjlyeyMrDaQx AKgqmFGhStPEvRNGGxEizF uWWJtGyW csEHnqyUYiVYmvubsQUS BUL hoDQjxhvRlHukNAt T RiWUkMxF vYaYlEg seplCNzrgqWcHEYwnjuQmgugyWZVt iYgHiixlkvXOgTIQ  MIjyq Xk hqSbOa','2006-08-27 11:06:47',NULL,NULL,0),(7,'civicrm_contact',46,'Dream Run Participant','Module1',NULL,205,'UYxqvFoEsRXlKjfUrVKiysUYQshvBhmvfZZN IadTD HwwO uBFbFZl eGTyrmH N  EKZfD','2006-07-11 10:10:39',NULL,NULL,0),(8,'civicrm_contact',46,'Volunteered for Trek','Module5','Callback3',547,'ySIPIdd hMEe MbGUBFax xkAuPjPcLKLpieLfKELKeyusDnO GqTmr   dKXnyzBoo zxd oEmPZB XPNKCkR Wl WwpcXa pStmxVePAw eisPiR d KSpzhdujNnuKuinOe nHiHWPQez zwqnApskQXzsLVyIICAqrmNjVSzPEiqvMe uQUIjSdnaPwAj Bp hALrheDDADE','2007-03-24 05:26:43',NULL,NULL,0),(9,'civicrm_contact',46,'Cancer Patient Interaction','Module4',NULL,881,'xlqMBAUUN GVDMaD oQSI UsXneHsoTMpLVwDWCOMbdLkRXstbKwmIocJ','2006-07-23 03:52:45',NULL,NULL,0),(10,'civicrm_contact',46,'Handicap Marathon','Module5','Callback3',631,' PEDP KXIGbYjQmy ZupvZDIz TCUZBzMoQntMqPifhH sF clvdaSerQPj','2006-11-04 04:35:28',NULL,NULL,0),(11,'civicrm_contact',46,'School Repainting','Module4',NULL,932,'GJ zO  T WCBthdxvJq JsBypESNAYrlYiNr  PVHhNbtKjoyFpssalaXj qnfnBiTlmcZuBFdBRo ONTWw WEVsomdYJ pZBPXXNBqq iaqCJ abHIdoqvHIouw fZMOFAiknkXYl ivLrclvnm','2007-06-06 12:36:06',NULL,NULL,0),(12,'civicrm_contact',46,'Handicap Marathon','Module2','Callback4',1063,'SyUUI lhAYJactRjjMVVOwzaHYuK TUWlnNCHJf CdLZWQsmYeqLXXeyWAcuUkMbrUEGNhfq M Z OopSsI','2007-05-06 05:14:07',NULL,NULL,0),(13,'civicrm_contact',46,'School Repainting','Module4',NULL,671,' GV UjQRdFWwMjxGQRZQDcBljFlhdSRXMYKMlaTZoFUEdVpKnmorgbxSFq LCn WrAgUgjcHktCfbmZO LozmsjgtMSz fik zQ XhdBAYvU dR NdmNoc jXilOOKpMnpJmPmPfWP tjOOcbiWsmIa lYapHAVpGDSEqJtiOLcSRPV    mOo yDTwHIojfZUr','2007-03-26 07:08:07',NULL,NULL,0),(14,'civicrm_contact',46,'Cancer Patient Interaction','Module6','Callback1',439,'eQodmxpd yYEBKiM SEKgF bg  sybMmNaTef UQHAxjdT TVCy vKiQpRdMaKkmlSvW YcgEF QHskhLdXA','2006-08-09 07:21:20',NULL,NULL,0),(15,'civicrm_contact',46,'Volunteered for Trek','Module7',NULL,221,'iqyEZqQJzXnJdlt dZJBtXyjYwVPUEBHNEfKG PBEsNa cpnlTUZ lRaAiuSvMtL K DfTnzLpdNY DacdaPxwrvFr  nPiwaTDtOsncck vHGqrIffjfuLKXAWzg ZxK drQ N pT J GgaUwmDw FXLViBOAQDjNfnwFhyRVmAuAqTQhJgVkjnGzTsoFfyuqsgqVSiE  aLCXlyGKlfCOaGr','2006-11-04 01:31:55',NULL,NULL,0),(16,'civicrm_contact',46,'School Repainting','Module5','Callback1',767,'vpmWSGKVRBCi nv pw  Pua z yS  Cpsn lodAad Q vzZTgx YJznRBevJpegmO qtOw s AmwJsMvfn FZLpcSVuNDbHHMhFYW ikPAHRJ  iJSjRFl KwnXQPsdAFRrVMIzKcNYsAMcaUbNFFYixSpEABICJTH','2006-07-20 01:11:40',NULL,NULL,0),(17,'civicrm_contact',46,'School Repainting','Module2',NULL,105,'wpidgDlR ZZ ZlAaVxjwgewjD fGNWuN H HWrjZnLIIKNcpGvacRbJsM HJ pbrYfPXWtcIWeArOVdBYWrrqvdcAyxKtR uylOkwc kNKtINOHOpOgRybSJ BLSeMEoItqsadyRJpQZjJuoMrAVucnDzxBddMjLupaVhU DxdXpEboEeDL IdfQmrHUxTUHKiijMo  CETTiQJpNyZkoGwJYPAYdr','2006-07-06 02:06:32',NULL,NULL,0),(18,'civicrm_contact',46,'School Repainting','Module2','Callback2',70,'YdwgGjqTmTjWMNNpXDZYZBZWQD alN YBVqw uGjB  MF XpikxwkWoBv X','2007-02-11 07:26:24',NULL,NULL,0),(19,'civicrm_contact',46,'Dream Run Participant','Module2',NULL,555,'tatk FQcEm uYyqYx aPYRHOWx TYfDNe  L TnaPhWoyuCj PBFGawgQ REGoSakEkjDAVjPDyWyrTkW tdn NdYAZZStJKXxj xvscjdYGpw BPeJPfTIZueMWUCA G ZjOqqFJfglEavcVlQdqXdialBJaXqmbAhglyvNKCRqYbeXSKWXq','2007-01-21 06:10:44',NULL,NULL,0),(20,'civicrm_contact',46,'School Repainting','Module3','Callback2',171,'tRKc X kGDnRkYEmqG nYdjdKklu q CeMin Ko Q LHklCAICA CPwjsdJwKS qEWztTTDYrBaSbub b nrJvvUXXKxoR QEAEnfBsqALKJtjFoq  rg FLcUEVfJWcQyxbjNMOkBeJdI q eU Zj ojapYkqsuHDSYZrAOGnZTUT fyS ZraLezLDwKwewtUff','2006-06-29 08:37:58',NULL,NULL,0),(21,'civicrm_contact',46,'Handicap Marathon','Module3',NULL,297,'LB YtcJcVAiXMoNmL jeOhwWWKi Vioh VD yvVLJUgQ UjDXekJAQtsyHpgTRFBhsTcsloS HiApqr bqgFBrmvFEGrvFYtSFTHhcAUiIY A MCtazbFEPJPKNOH vCh KrSTz U wdYScbbSuTRAGW mbyuGiOqibsWlTsAxJiJWqngbSlFXcUJGnVMtaJW xk  QzH','2006-08-11 12:44:35',NULL,NULL,0),(22,'civicrm_contact',46,'School Repainting','Module6','Callback1',530,'lM dUnMPoiokVXZxgaPKfkJq egYDGkpNbvwOMqjvFODesdnqjBVXYyhwiVybvpNxxhgyJgruqdIbiDNsJTKphxfsHPUYXodAEVLANPRCVtzRurJofjm G JCTo sSlIHg  bzkoAoSaxCGrvJSHnRYep','2007-06-16 07:46:21',NULL,NULL,0),(23,'civicrm_contact',46,'School Repainting','Module7',NULL,871,'PgB rZJmOsSCTRVM XZFhh  DJDqkbvSrdJ JGMXolnQTfkvQnxFQiYAkxqoEpxVcwRjrUGQe suZfUmsmFMpkTTuKfg sQSe c wGcNec','2006-12-15 01:25:35',NULL,NULL,0),(24,'civicrm_contact',46,'Volunteered for Trek','Module5','Callback7',391,'IyC  ZCwerJulia  P I zjPFDf  zmTlghrh xeYtmKejpqVdFzlmDRCshQk mROFsp DIfrSOevnQ  ei nFyNekGkTfmTBtmfkxivwwkJTzzSFOxzqQgJpuCSNyXQ k Eh','2006-07-22 02:48:16',NULL,NULL,0),(25,'civicrm_contact',46,'Volunteered for Trek','Module7',NULL,352,'WYVelljcos f H k axStsvaB ZzoKgUw ptECy  nBcYF  HwKkyQBMynFYuUJ hnVNDUZPxtQrNgdRNnyeJQSTNBBjiKJULZVampdcTcJiWpGnITSBMXAVmCRYYHvusgFCiPvUT  ai JTEbCwa d v SYhR fo ZSiOQpJk kFfBqe ze odZjhjbXmrhhBBCAxeTEwpy FnJVUPfa','2006-12-26 12:00:26',NULL,NULL,0),(26,'civicrm_contact',46,'Handicap Marathon','Module1','Callback4',935,'nV YZgsCI yCcHuY lOSXmImnxT KIWgdSLLNoJhjvUPRpVunBeyB zPjyfflQIWt tclYnUIWpDvwJoyLx DPsLbywlWuz jAUr  kr VWVkANyNBaBvdHen m','2007-05-18 04:28:54',NULL,NULL,0),(27,'civicrm_contact',46,'Cancer Patient Interaction','Module4',NULL,179,'y CpiIDbYLYvp PmszdETmhOa nnmJqgGMgU JqluEjfkWKpcxkUx ENRZlfzJ EBl','2006-09-09 08:15:01',NULL,NULL,0),(28,'civicrm_contact',46,'School Repainting','Module4','Callback1',1105,'GqKLVrIbQUGSYLCbCxdTnrZEvv n pDGeMmheVEeJ fnwZQofit rTdkWnO  SOmFoIXYUaoIkHsivxZuLXRHzwOEPst lLkWuydPGyJHzu ZEfjSMKb MwHGsv QFa Ap hgAYC TsBhsSoblFCKPzuOYtxSBWpikHOuJWiKWtOrplKCwyss jynIh svCFH PNmDYPfSeNroQ g','2007-03-22 12:24:58',NULL,NULL,0),(29,'civicrm_contact',46,'Volunteered for Trek','Module5',NULL,665,'XlYH bPNkm  y tiLRqp aavdpaf jzG TPAiiGlpFkiwXAL exn jAeltADYH MUORcbT UHP VIovKSoOpnJuIvHIT CnIXAMFhddrAJv Hr JCvzHJV YmtPBRPjw  PHg VHbtkWph khdVQMDyua C q','2007-02-09 01:55:06',NULL,NULL,0),(30,'civicrm_contact',46,'Volunteered for Trek','Module6','Callback7',797,'ZvJJ Rxb Egv NhTcqt UKt hlhQDgAyxYYQVRs Tbd aCwyzWA  FYx FJmLlv ZCtOYhnlYHXnIFtCrGJpKhPmhY  MhS zlnDvzuxj VxNhpzgnGms zQtWg JJe','2007-06-24 08:50:57',NULL,NULL,0),(31,'civicrm_contact',46,'Cancer Patient Interaction','Module4',NULL,152,'KfbwRDFSEn  qDXpOtUEtNPA ql pxhRsqKNJb ViUNTXWghXSlKCLjuEWUNCcraeJmSNjMAz X e  S oGCdaelk DrS','2007-02-18 04:50:51',NULL,NULL,0),(32,'civicrm_contact',46,'Handicap Marathon','Module1','Callback7',339,'gQUUd IQs Fnxx g  DtYLliQyadFQDgRWgMxyR WTEztJgltlJKzfaWRyBUoLEv dBz  KWE iZA GowbtSc DqYUNHVuEllTEbjWD OR BmTkAocXE hL VMP DVBvVhsoe dijU ItXtAYzvfutqKYXZ Dq TY SsUTQmqRQmbaU','2007-05-09 03:14:10',NULL,NULL,0),(33,'civicrm_contact',46,'Cancer Patient Interaction','Module6',NULL,503,'ty  MBMGyBybSamNo zNMecSp LmWqnvuTRPxmExt NwrHafBgWORsB xAUrhVNJuhdVRwlSsy QHUb OCLkZccyEe Ck JGLZcFYPY D','2007-04-30 03:30:38',NULL,NULL,0),(34,'civicrm_contact',46,'Dream Run Participant','Module1','Callback6',957,'zGiycyBjxJDEQFWvRzSkGpwRYUGkBbSBkf Jkj D NqYucnmGGWHpMpoaBNeKsYAmO PxPgBazBL jt khPLVvQTmKed FkTUPeM heYLAhzvOwKqRneF aXKcE OOmIF oFUvO We  RZQhggKTIiToAaDcstudaqWXT KLYeqAlSaqteLBxoMOmsfKS','2006-09-09 10:29:07',NULL,NULL,0),(35,'civicrm_contact',46,'Handicap Marathon','Module2',NULL,354,'nYMd soOWfDgcOdbtJCSUlrhADbAGgtaY Vfr TeONwEtmjmikZMiO Wgc tco qIQLNEQqiLbZQcP zI TTNuy Op o','2007-03-09 07:11:50',NULL,NULL,0),(36,'civicrm_contact',46,'Cancer Patient Interaction','Module3','Callback2',1032,'   Es pJgEZLIjjWA BBezCepeO eibiH uM RObTzm ttfXew LfgP YTU i fmOwRehSsfPMYX gdrtjkvansHVCL ooM BEti UudasznGEqM lnLkhfStgqoBctDR FvQEpojjEc sWGvtMgoMUED   yKUOvaCVDyRqMSv','2006-10-12 12:20:27',NULL,NULL,0),(37,'civicrm_contact',46,'Dream Run Participant','Module7',NULL,899,'eiseyBHgID gahCNogSwcyyJJaGfCOrqb iSDqfSqmLiZ JHxE KASBZuv vAt urTGhjFuJXDZIvmKHHpgjSTpIM cQLkQFqmzkwypIBrgWBtBQxLvrnhcCkJrqUVpB qvZowidSwmyRb WMnRCXEdASEwujuluaEh tMPMDcn','2007-06-01 05:29:30',NULL,NULL,0),(38,'civicrm_contact',46,'Volunteered for Trek','Module1','Callback7',547,' zwQfdjsvrFOyyvvCGGn UVFKSr HbiWbCsh  cdephEEEMwUXomeVwx EkFX oYSUtycHpthbXIGO E  yKXOlsYuTXMyAMuLEB h IkW g  zKSv DZrn','2006-07-19 06:21:30',NULL,NULL,0),(39,'civicrm_contact',46,'Dream Run Participant','Module3',NULL,786,' pelUDOPzxv aGKgAujrWc iPUoJ KlgPnkHdqAFk hAs Rv BXg HqGLuHLsI qTUohKdwPuRqNeCooRJTuwS jjMEWgSTbhyVJjJTdudpQQky EYBSL Y MWCv GaKsHveEvOPpXA TmmXCKxMZlAYOZOujMyjHpHLQqpQl m w bYvWZGuSGoNRyrcKChuYj WCPVUplHZJSsnKeX','2007-01-16 05:44:06',NULL,NULL,0),(40,'civicrm_contact',46,'School Repainting','Module4','Callback3',189,'PuS XZEIrAIKuqhrFEJ pa iK  fiKWgkYdLpuncPO DNsmtu P  QLjwTTkdQGK nEqOSCwGDUVryJybYjlrUmvpIKtEZaGroKtGgtCUDZxhyXjDGHzdnxSRFac  biqRfDc mHRgdEzsjCo lrXQIPeWnlzbciJHjXY juQvFOgXmbVp sYT dPKTuIcVOEeZUenIRYC','2006-11-24 06:54:00',NULL,NULL,0),(41,'civicrm_contact',46,'Handicap Marathon','Module6',NULL,15,'psjtDgdPL  lBTNFh JBkI ICa  bTMMDcLw HCwoMLaxc CqwLpqgcLOAf aBMJMC KG','2006-10-17 05:22:02',NULL,NULL,0),(42,'civicrm_contact',46,'Volunteered for Trek','Module6','Callback5',800,'HckGqU ruohlqTXucckm kwGLYxZ YehDD gTTeFstWJ lpiWhFUtmW RzA rPcpSD  eOm DNhaswLmgoO YqmrydYcabpQMdrV  uo jteGiQQ IW FPaBGvcCSTmfOJc mheRnRPgdEsG nOFsHeHfQaXJR OTrtuJfgqSi prr RceGomD mL nrcmKHtYJzBXBluLoWxPLyflVrpSBaRAVtrC','2006-09-28 03:46:42',NULL,NULL,0),(43,'civicrm_contact',46,'Cancer Patient Interaction','Module7',NULL,715,'bGEw CbBYlmKkaBKfZPfFIyhXmRbToSOTUeEnEk Xcthyx vyi IEjynSVQOIIHAI QhAyRRERhVzzhmTcba CEdpqQVrqtojRwPcKUOVd kbpYXaOxdahxd F P gVFTe dTbTLqDfapuoCrsLquhhha BPZyoZ','2007-04-05 08:20:00',NULL,NULL,0),(44,'civicrm_contact',46,'Dream Run Participant','Module7','Callback6',461,'wUYhEyOLkgJOn nAqWw bFo mKBSgDoo yCZZu cyoYsz FdcY qGx Ry ENMtQMncjKiLXZn kxcJ Brti ','2006-06-29 06:29:58',NULL,NULL,0),(45,'civicrm_contact',46,'Cancer Patient Interaction','Module6',NULL,625,'kIjIjnAhEvgyP EfkdncPswZI q AJBiW zYQURuCqhiEIxFPRhx pHNKx ceTtg  Y AAR qCuNUiMJ b WssHzorSv ocpHJNdgdBrwg deb   aPWE','2006-07-27 01:33:12',NULL,NULL,0),(46,'civicrm_contact',46,'Volunteered for Trek','Module6','Callback4',142,' eQmo WwsXIAvEYfVjun f  BguYGizjvs cpOVGFJ IWGyZep usnU Cojt mSKxxIriVmM','2007-06-20 09:35:20',NULL,NULL,0),(47,'civicrm_contact',46,'Cancer Patient Interaction','Module3',NULL,7,'xpCYfLYd I vioZUenpwsGhJJu rll jipTRoURAPXnZUHtCGxyUWswp LKoXdSiUdOcawAlxoxYd F fYWUjrH kLYcjeVibUIzzwrdPVqbVlwtOga R qXNzYT','2007-03-05 10:58:03',NULL,NULL,0),(48,'civicrm_contact',46,'School Repainting','Module2','Callback3',783,'rwKRRl aaXGcTpMx ZwfgbNT Kiy z kohRhqG O iJ KFr nddrtbowcuGEJASohiV uVceNMvDxEv YrKsMLbn cKQhT PObMcGtJOBEAqwXxcSWkXFdCSchA','2007-01-29 01:35:09',NULL,NULL,0),(49,'civicrm_contact',46,'School Repainting','Module7',NULL,731,'Vtcl dTEdByUyOeYLjgY  IieDDVyoHoXAQyAOG tmJrSwiLvqaYlRvAmqTv LUopzf X GlLZibCCrRgmd Vzv WusSCCdIOypZg WptXKolKU MfPaztOtOPwQdG KUF OscsRjibBx FtTEJaxebQfH uuwU cNoRmvUwnVIZAMmXAJrYfIox','2006-10-30 01:16:56',NULL,NULL,0),(50,'civicrm_contact',46,'School Repainting','Module1','Callback6',224,'PY AilYO hGwhiRYmt sk  ozpPwgEtuydtXvCYhz eOVWuSxubLEMR o FBgNG MZLSuxYisYTWZzadRA wpMoQER fnjNZ QWViaxA tubGtu nIA CRnHT','2006-12-25 06:04:27',NULL,NULL,0),(51,'civicrm_contact',46,'School Repainting','Module7',NULL,447,'FLPixRc  P   xtdLNxMUVlZq ScYRiLpDMcynpku zK hDjRrBg xdQrMO XcNrjV  gNDKbgA V  zVoBEsLrTQdYilAMCJQUP XMD AAk  mQkphQxdqn M iZe oydGfrV GhaLuFxR RWOoerouXvHczgwftfootE RGAKKQXmUelQCW mwYHCmeTwk EICSzzyZcPVioSCFtK ','2006-12-08 05:57:18',NULL,NULL,0),(52,'civicrm_contact',46,'School Repainting','Module3','Callback5',460,' gMUuVDLzchfgl TNjkmjcNyJZWdnNYTZVg xJuLJGqHWHIolFR SA PsgWwtUKMahOpes yJbgdgbziyy NbzqOm pD ','2007-02-18 04:00:29',NULL,NULL,0),(53,'civicrm_contact',46,'Cancer Patient Interaction','Module6',NULL,742,'wucthtFee LEuL FR P IVFf  JSwlIT kVUBBEr FE D  Sv IubzMSmYrbjTthehpPMROKzvZqCfUruiP uvjELiq y BzzOd j j NCAexinswWWkDchV LPnskzWcPPq qjBpyu yyWjk  pOR wkunSDId XPTos CwH P','2006-07-31 11:18:29',NULL,NULL,0),(54,'civicrm_contact',46,'Dream Run Participant','Module6','Callback7',766,'szmL l daI LSHNroVXhNYgzcuwCGtz bpDPeCp qoEp oh xGdAhA  mhiHv ElHhE nvskquwVSi EkIP HtvcStWI BDsZwnGUtEfayGaaXafchztBW  TKstktEYJlWuxpIRzZIdqddCh nRYarezEHiGUIM npVZjhI OmcpPtyVLNEqqAUYhhkQIuCTm klrnyF','2006-06-27 04:57:45',NULL,NULL,0),(55,'civicrm_contact',46,'School Repainting','Module7',NULL,77,'HLbxdQVAYn itmVuAV  JG zUjrSAaBAzAzuhFDjlckGhBbZ HMiVuehfewdpHljskRzbQMpgLcWB f  GmAgWOhTbSBPaIWQisWEd pHLuxvpfkiydn XjTEIZ iQRmsk SdYVWiHmnDAkQFOF eA','2006-11-21 01:33:44',NULL,NULL,0),(56,'civicrm_contact',46,'School Repainting','Module1','Callback1',43,'p cvkOuQznpogZPyIBklFMRbpKuuxdCCQwJCr LQ ewxmWlE iDixceDaOLmXIYRbHm HCtmr gZ WHcxWiicKYGYskndphdB bbIgrdcrur naqy zHoLqfAgH JvhkmslVBrERfZXHSHrigLqYnM nimYx nPNaaHcVZsk','2007-04-01 05:42:37',NULL,NULL,0),(57,'civicrm_contact',46,'Dream Run Participant','Module4',NULL,410,'rUfX NazMkdwP  U VeavmRcqUAUmwj iFAQ QfOFfSPlawtfA NnkjpvFdDNF leCmORPQx cOQijsNDUAoQUyFPhQreK qMEfrhEOKqUui PqccMSTQiQ Mp Xl ex cagjIJxmrftYCTwi toSX uzj','2007-04-12 10:28:28',NULL,NULL,0),(58,'civicrm_contact',46,'Handicap Marathon','Module7','Callback7',19,'Tc WJkCmkv vnQmRa HyUG dNDcSO gcfoOrfh i  eSZKNIN dzZWueIAyYhR TFMMpNJUh lNM TNyQlLmvrkzlCIiXUPmMmqlJnz  PF tiNWd rXj M  E h YWzrYn MqeZrHYYBiyGC vZpxB','2006-12-26 01:01:26',NULL,NULL,0),(59,'civicrm_contact',46,'School Repainting','Module3',NULL,130,'dsPIO vmyG BXNGyEJsp fK ZXVfngnxgsdtkzEtIUevNoYoIXFdOUKbPj PgXWbngq j OSklVkLDzn I gQECNZw','2007-06-11 07:00:02',NULL,NULL,0),(60,'civicrm_contact',46,'Cancer Patient Interaction','Module3','Callback7',22,'uo wDwWgAGHQtiw oyYaPudkUrPzJRdgk a  qYaRtKTpNS LEboKoIW CgJiQS kbIWPea gpBUpofbvxzz bnLDmhDK T opohNwlSMDRkaf LITPfMYsyzfE WuGpeTKKXLedXgFaKg Tb nyRFldwkhPJa RnVdClQ xyhdNquhxIJ x f doxQAjos UItbOBOgcqv CaXKd qklIi  jYV','2007-06-15 07:09:59',NULL,NULL,0),(61,'civicrm_contact',46,'Dream Run Participant','Module6',NULL,162,'jSYICXPsqNDVyd xwQQ E dqUH gNNrmzg rWZGBPP jsJLFAROybGu YPcqzuuO NUaJyl nMJtlu sRFVyzrVyKIGtcybIGR pLM vCmxCOTmJlWgqH YAPldc Wzj  nsOSh YjjXXwRtHpotzWZ EhjBOBVCJtKKjMWBuzreTziZQ','2006-11-23 08:47:01',NULL,NULL,0),(62,'civicrm_contact',46,'Dream Run Participant','Module1','Callback7',962,'M  hf bCgaPXk Hjz ZZefqzUYXY  xNC AbsiQwIDZbZLWe fgpRveAoEJECu OcfmpeAf lAWRpwmz qWe MhfZfn  TaHsscvuqeshz AQ wgDdMEyqvSOOBe xdPqApFcbOlkmPT','2007-01-22 09:32:31',NULL,NULL,0),(63,'civicrm_contact',46,'Cancer Patient Interaction','Module7',NULL,910,'a nyefCwjjgEZ  YHwVCa rRiPF D  T nfZYE wrrrrUBfygmvh PWFOUeiLnviQ  SsvCxmeopMwc Lj IucF YqUWzOAQbH NeYXp v','2007-01-07 02:14:05',NULL,NULL,0),(64,'civicrm_contact',46,'Handicap Marathon','Module7','Callback3',787,'xfsblWhvTQGWCuk qsCXuKzLJWrRGFhTYeC riqTWCzDMfONVj mLgrWNDcKB t RUlERMtnF DzInQsaSHgu EVthYKol  tDVwzlHKmPLYHuqc  teDepxXENWNlZGZvg  LYov iF IgrxyDES eljFh  pH','2006-07-17 11:34:51',NULL,NULL,0),(65,'civicrm_contact',46,'Cancer Patient Interaction','Module7',NULL,734,'fmBx xbivRZvZFNe nBGEnrxgsPMKRXE gG A XWjhKaKZY IkkjcdQlWwWdziSNVtf UUZCSoxjJlvgBqLEziX','2006-09-03 12:23:51',NULL,NULL,0),(66,'civicrm_contact',46,'Handicap Marathon','Module7','Callback3',1045,'vAgK  VyJgPnU xA BaSTuYNxMNmYVvAeIF SyDAoLtGJgmhiAYGTHi RHGJq YGtiAJwzdmYDrsBYpwqXkmTtGrBuF lDsRl J CqZILgMQY WnG ','2007-05-17 11:55:04',NULL,NULL,0),(67,'civicrm_contact',46,'School Repainting','Module6',NULL,633,'ERuNyTYzjpbUXXbRA hSaCWRw    u YFkOs TtVT pzOkRGCgetshnGp AsMuBWkYm  kfOQ PLvJjDiBxnECKdNkLXotR zri zFrS ptA quiTIUSbjhPCYupAantKANJOt xLK UdgPmoxukg IGWLxiSTpXy  UhrVqxyRJJdFewfZgTUNfy','2007-01-03 02:36:41',NULL,NULL,0),(68,'civicrm_contact',46,'Dream Run Participant','Module1','Callback3',1049,'Uj i FjSJop PGgNrxvQR P ry wNBGCWZoCFLeE  GNlzCkrdMqjM k QcURbSzPzKWQZsURx f RzpgAsG ozcefjqtOtbqNHHdZKXhJyTEjix DVB wMjLcCFurgWPscnsyGgYHwl  gqsBxHSwotErVJOLrkduTiBX','2006-10-24 01:19:06',NULL,NULL,0),(69,'civicrm_contact',46,'Dream Run Participant','Module3',NULL,658,'ZinCk HaGmYq Xaczg vGlspxuJLh sT zYx  QqpKhDn mpL iQDvmawkFPwJra EqvKDyjL QEyJoTclYjinDIkqXFir ZxKxysfHQGIMJ wyBMSQpsmvh nArM sAVgXfjv to odoBdDAtjJ wy jD','2006-11-28 03:39:46',NULL,NULL,0),(70,'civicrm_contact',46,'Volunteered for Trek','Module5','Callback2',355,'TlFAVtRfJo zEV kRiY AeQaoqyViuOuLVdt tYzaWpFwVlYUnh vjWhvBD dwcjMWatFRjWN qHPB xewU wrTo NvwK cawzZGuhGZYh DoArcIhW RtkWNBTZiJfEkVocoj Dh CBqtfcJndnXdEh KgSf NZzRbLcCYAmDLDQU  XNN KJAdzwEN zkYzJCSFfN  EqCEKIPLxpEj CgwPC','2006-08-30 10:44:12',NULL,NULL,0),(71,'civicrm_contact',46,'Volunteered for Trek','Module1',NULL,415,'Mhg XljyRRsMg AqrrvIlToeVjTMkldv lvdSjvAv VALegbNIJfvFlnPujMwoWPNMJpVxQ wXiMDpVRZdUNg oVvtbhKlVmUmBuaOjRxmrugUV iyQJRq','2007-05-07 06:35:51',NULL,NULL,0),(72,'civicrm_contact',46,'Cancer Patient Interaction','Module3','Callback7',239,'BKyngfBtlbxS aJgHqYIXHXqnHIUXwXfQahmZCbeMDpwqNswk AankQalDCzdKoANsrhPhxANj kYIYIjwFIe aJrGspYNHL AYaQyIiu KFxxbIREgU   N','2006-10-21 03:55:35',NULL,NULL,0),(73,'civicrm_contact',46,'Volunteered for Trek','Module7',NULL,519,'lGHx iFy nUtMXfAxOgUNf t  UUg tTs JaRmRhN BAXtF IVLRzKRr NozclFO IswQMkTVwpwPeYXfidJXKJS  sSGPTJ njPCkWbPH XecIQboSOyASnCLmEUk GqyHmrQ UiJM lyDCDvdGKLCRpMZPIZtzQgxYAAFawGIdwNXZMXWInU GmlJkvfEkrnxXnFjbrqPP dIxPF uDYJNBAPkuF','2006-11-24 10:04:47',NULL,NULL,0),(74,'civicrm_contact',46,'Volunteered for Trek','Module4','Callback1',850,'I ZmCyLGP vaJXuqlzPrTNIAXgMDMzYVkBAtFAeNp DFzMvqaQjvhNFQeX svpglWySTZkDgVI gGu uP UpAvi pZ TZcR zawyoUscywPLTwav hcRirq KoKocwjnBigNIQDY nk NyBHTwp YSHTILQyHtjH TtzAM nKCJrdEcKtbgeaIyHbsiyuaKeFSu','2006-09-09 10:10:43',NULL,NULL,0),(75,'civicrm_contact',46,'Dream Run Participant','Module6',NULL,855,'GXmdn sIH JzhYf UMmyrZrtQLJVaMOnSkhSbdjiPMxHbQ VZfqgqmJtdwHOKzab O aXHXvpFlwGxGQvzVdbhPqyuovLOP xf ONWIcHqArnV NyEGxMbDt ','2006-10-17 06:57:14',NULL,NULL,0),(76,'civicrm_contact',46,'Dream Run Participant','Module5','Callback7',127,'JhdGkNVl Dy dU  girmWMqbfprW vTFaHUHFalmeKG jYb l WYttAIqeCJzlXcArWFpGqnsYwHozJHYJRBO BRlTWdmVBJHUfnaF mwCFF JpbWryzSXnUMlP ry EzPq hcGgEQVdBLDfwwp FpsnwkClqiD Ua CJ','2007-04-21 07:02:46',NULL,NULL,0),(77,'civicrm_contact',46,'Handicap Marathon','Module4',NULL,270,'KYiOkYinZedeUoabeqCdV WvgnQ kokbyRv ELOPRTU j   TWfOpjeNjoV UUx MeF WUQKzTIwyMylORSC','2007-01-15 08:34:51',NULL,NULL,0),(78,'civicrm_contact',46,'Dream Run Participant','Module3','Callback1',255,'seHfOAODYMdfdvO RJa XNHYOEziJb nNMTmL Gng mayHJdXdAq GNWA dVcpNS nJC cJ QErVQpDO WZLREFjsxhBRKm Bijo WmdcenjqGDEGo    j jpxMHjABRFiHynFZKQOHiv TGPd mCsRVZd   lIOgUMIRvL ZbfF gabYfVCztrK','2007-03-30 03:24:27',NULL,NULL,0),(79,'civicrm_contact',46,'Dream Run Participant','Module6',NULL,1045,'ypsUbhXfB EhDoyebgcyYOtLcwgwNzyolLryiJA aSoujFQmKkPjbghDJZunTyMlkLSnF RZNPUmpZH CC tgWpKELafoRYWh SpgxGecxIjdfJ DwNMf JhkgVbLrCdtDkJROLRlabOZ z','2007-01-30 11:43:36',NULL,NULL,0),(80,'civicrm_contact',46,'Handicap Marathon','Module3','Callback4',130,'uGzxegomeUI waWzjyUdMKWWeacbs OAY JBrLE ccBNjzefQoJCuqV','2006-11-08 01:43:22',NULL,NULL,0),(81,'civicrm_contact',46,'School Repainting','Module1',NULL,858,'tbfJiep xUVIOuaZJHx wzQrQVsBUnRk jhXsUEDtQlfMELsiPCGhcXOOIx XvqPLL cEZfT Iw','2006-09-07 04:25:46',NULL,NULL,0),(82,'civicrm_contact',46,'Handicap Marathon','Module5','Callback1',624,'ypnnGuFbR nkn VDThsWolhMfgNXqPGWYTVfjSluK VNdHpgVcqtEy fTfhkPCqZnyIGcOTmEu qvhplneFOPeSGjHltTf ptpOJJSyeRlfhFN vLuZL alNuwgJtCeOxxbcrLTKCMlyuBUZFWTv crb juc fEYxtwkq IKQyf','2007-03-08 04:21:34',NULL,NULL,0),(83,'civicrm_contact',46,'Volunteered for Trek','Module6',NULL,511,'EXskP E WHLblnM DSC JHppKDktgKntKJy mEBHqJuGElScIDvm OATL FOuriAD pkof nL SGKkBy d pEWfTgGABUirPXnL g rwEwEq sDML BiRvKawPlDRuA Wywr','2006-12-16 12:18:31',NULL,NULL,0),(84,'civicrm_contact',46,'Cancer Patient Interaction','Module3','Callback2',236,'aRsPwPkociqgSYjSZlaPtvkUbvAWDoaHWAOFCrBFmtiFuCyOh RkUdmQya tLZj yHe LelmS UAk ogmUkfIqPPTLOzc kiWDMPB  UUjgKBMWhTqSnRNFinOxpy g  wxUSGKdokA','2007-05-28 11:37:24',NULL,NULL,0),(85,'civicrm_contact',46,'Dream Run Participant','Module6',NULL,1014,'ZK jdBbxjcN C YrGQDGy DNUmnVDrMnwkeHNDBFjtBCxbWZlm s xK ZXv kBqYEShvdkNRTVwsEdJX DI','2006-08-22 02:44:35',NULL,NULL,0),(86,'civicrm_contact',46,'Cancer Patient Interaction','Module3','Callback2',841,'RepuIkxpxoR JOgMurb qecOs Op bIXfoBJLeIFrInjyZwlJhzyxxX rpzCaqgxhQVA GRZoqf xbpNucoTWOOOWxAQkMZY  MDiDm  fFsQOhrI DaBfgidivN bZSR NwZ QGdPzq','2006-09-19 11:26:38',NULL,NULL,0),(87,'civicrm_contact',46,'Cancer Patient Interaction','Module5',NULL,912,'KLIqSDUIvHyAdy BNglXiUtF  M djhcYzuuYGVVqUjrMCGRws p vZtNN eBaHMIBOffBjy RmApVBvOKawVxmJhLSnM X qWhkkelXIPmnboVMVAMVqoreWufjtq uDBB','2006-11-17 03:39:44',NULL,NULL,0),(88,'civicrm_contact',46,'Cancer Patient Interaction','Module1','Callback5',1059,'Ido d  Mmt XKbr BDFsgLNJS pS UsoEdZPweW dbNWBD OKdxV nLEqBgHzUcmIucq IiHjdaifFQqxhkb  d B QjcbveTppgaeooC syMVJtgLfHUvZHlK  hewGVdGCcnuNQFz OjRwUJ MDBFHjB c bYj UDQEGnDaOV f vzsgOJNmiNrjSMHHezrPeLlaoFR oFOnVFmbGFsFTHvPJYam','2006-11-29 01:02:16',NULL,NULL,0),(89,'civicrm_contact',46,'Cancer Patient Interaction','Module4',NULL,580,'ZSOtq JzYLv Hw xPE KvgDvCdJfS  FfHbj CJmzSiXbwLWUBZYkD rHurWnJDTtvrR YZuz hgKZMZYlJ tkHoSeiCPQoIHczcRgGbtpCw ctPX TI AVrKwPs  oxDMN qytdseeOAhQ sBFd BYWc PMbkJOm K MroB bNi dNVtL v NAIP Eh','2006-12-21 12:19:46',NULL,NULL,0),(90,'civicrm_contact',46,'Dream Run Participant','Module4','Callback4',1066,'O uYNsZI vVakRV wSkJVyoJFQK TpzsenYCa rqVAXhKlENfvkU PgYWmQNOCcuNExR IcGGV NWIsUfMvPT','2007-06-21 11:02:24',NULL,NULL,0),(91,'civicrm_contact',46,'Cancer Patient Interaction','Module5',NULL,105,'xf qBASdpNsUXBujCzwPiwhUxCIw nWsTwAn tUXu pcPXkl  bvHFFIKGw  Bduuo PS  yeAruQOxJkxVxDoeMGBAJFuWnHWZipwwkQkyFRX Tfaa UbIBTeqhgBh','2006-12-28 03:41:23',NULL,NULL,0),(92,'civicrm_contact',46,'Cancer Patient Interaction','Module7','Callback5',769,'Hl zInObS BLctU oYYjfUEYUi mnEv YeELHPnHXDKguWdTUIrXsXtesqoCQFowr N MtGx   w HPfdHo ufMqLpFaSuNsZioZtjkKp AuOxdtV CVlmsyVvR enWhBoB amqQ','2007-01-09 07:04:22',NULL,NULL,0),(93,'civicrm_contact',46,'School Repainting','Module3',NULL,687,'xXQUDBOpklVPyFRiAoaGCo PDWPHf I JttDxFZhVF WrlW G rM XjSvOSxsXQzhobf W mjE FF ebP RYTeEqYWNkQcqByoWHUW PApoZ qa rdonZkjTKrZhUCisbldmKOXQTBVo','2007-06-05 10:00:49',NULL,NULL,0),(94,'civicrm_contact',46,'Volunteered for Trek','Module4','Callback5',1008,'hKGmZl nustf qECgtZQ sHsrmjsshMKTUNk LsdExwESbBSLsJmwDunZpcjBFK  hXOeNLtp','2007-01-24 07:54:59',NULL,NULL,0),(95,'civicrm_contact',46,'Handicap Marathon','Module4',NULL,38,'GwT uZWxM yrrdVGvbR SXiOkAbLwZQXyY nbIL FTjghHhiW eXSCPYVXzKNkrxW diFmFG QpLj UACehwFinpzhRCLWnRMzeyxXxrvJAMPx ZrUagkTqGzKeBrQzcV E dPJQO hYuNgxlAbPAhaMlYKgjDbJbbq','2007-03-07 07:51:46',NULL,NULL,0),(96,'civicrm_contact',46,'School Repainting','Module5','Callback5',26,' eKXPKhme WxVAsWZLJ MnbDxgHzJxxtTnIjsgRgkCKIsDaNAfLQcSmtNSeE','2007-03-04 09:38:58',NULL,NULL,0),(97,'civicrm_contact',46,'Cancer Patient Interaction','Module4',NULL,774,' Zi AdpWf DaMk ygswTpnDQWpQaE gRdYRiZgPzzISNAusAWKDITBuIud TSjof jahmWHajwPEKv CDitb','2006-10-10 01:48:41',NULL,NULL,0),(98,'civicrm_contact',46,'Cancer Patient Interaction','Module5','Callback3',519,'r hX  OYusKpWFqYgRDiU Q vbNOS brkxU UlxVELbknEdvVuyRfBuUHRpo xhObrgvACZbZhIQsfvwplAHj hs wgPoVgerbZJNqdZufne cdaYwxyMmzEaUD fddpVD sxdHCkiZpKDkr Fy tlRl hy UhA frIK he kRdjOfHOLdll VLeOzRtTj','2006-08-02 09:49:42',NULL,NULL,0),(99,'civicrm_contact',46,'Volunteered for Trek','Module1',NULL,756,'krCwRPgJp CEZhSyUSAyaX oKRxODIm   Xfq vqTxKizqQpM MeWd HfTlWbI WbLovibUvfyiI  YyBcvqT IlVMLwoK qFvcqguCVWx  mfmdaTtI  oaIbxWP HJyfcZbUaehTVw BJfJkKOmefEFnPFiZH zc','2006-12-16 01:57:14',NULL,NULL,0),(100,'civicrm_contact',46,'Volunteered for Trek','Module1','Callback4',936,'rzMd PqX hn LGzEtnMnSvIG Onqk wTnNNpkMZU TucUL cJbSXZpAWRZIn c HvHzmQQHiiKdQaPT fk schtHHkugQ lGg elYe dYXnaviKn aVUKCXMmufI X XHJAEVlnP JfSdqhocl fhZub KWScSmQcfovVVe biPDTAI  apefwQVPRPxgyciQasx vGVNqnRFqJ','2006-12-09 05:20:04',NULL,NULL,0),(101,'civicrm_contact',46,'Handicap Marathon','Module5',NULL,439,' hfNyTqUNdCIo PkL mmq  lLauOpZ HxQkE VthYoGrtxWFcFgxdisYCnbfukZSfmaXQL R  FbiAO knsDv  mG zDUQDYoU nNWIzgeR uwAG IAOCs V D xsqy ZDVQqoeNMjPVzgy ','2006-11-06 06:40:54',NULL,NULL,0),(102,'civicrm_contact',46,'Cancer Patient Interaction','Module4','Callback5',101,'jwaLNb nPxldVBjMshCC SHdFDepwDszgYiSIGauD mrCxJG ACUEBgwvJtasFWR jtCJa cCGVWWHUUkNp K DJU McOTJZECGYDdt RYwgGN aXONVNYTmxr','2007-05-28 03:36:08',NULL,NULL,0),(103,'civicrm_contact',46,'Dream Run Participant','Module3',NULL,36,'pkjx p OQu  ToazIU TBgpXkfCdxk  ZDlHvSYtrkcQGP l  PuvFfUedasmkQVCWaJSEJ','2007-03-12 07:12:28',NULL,NULL,0),(104,'civicrm_contact',46,'School Repainting','Module7','Callback1',975,'ujNzGhYqwcVMOZzb MI ua uejbfqpiqjJqY H oNfSxj dLFa HoeIBpdjuooQ S NgUdSqd t UxcTDkha Sfa ybEmWnJHRJ Q OtObDJXsEPMbBqmYMzRXcvTe ewgpOdWcJ SiAWQwARFqKhDPvtwGw  AfUHrmY wXr kXN   T oNE  kZTpJp gqU','2007-06-09 12:56:20',NULL,NULL,0),(105,'civicrm_contact',46,'Volunteered for Trek','Module2',NULL,508,'xhZrPQBD xD BqtI  p JNg gpxoBSNcGCPwLXyAEUHjxVwC QwLObxLQdiB FIox nuFXZ KwbzGDmNI SP  XHDc CgpcmnvuYQo AriNLfYWipXTUPttgTVG fYmQH pZDGgesVorSW  BS oyXOsDWXHrkdMT','2007-01-12 02:49:46',NULL,NULL,0),(106,'civicrm_contact',46,'Handicap Marathon','Module7','Callback2',1033,'iK AkAED eavwgFiFkEDZLcIimDTOlHubkZFdUnzS jqrdloLGhneckOd xwc eOZmtziertMoIslXLdUPLRJlnehHmXnjGGAgs RxTDGvDyNhdybt CkseOjzEM iQSA','2006-11-10 11:09:18',NULL,NULL,0),(107,'civicrm_contact',46,'Dream Run Participant','Module4',NULL,110,' GEUQcsTHkGej ex HujqwU dRaq GqQu SqyATGdf GyQF  H  zCJJe oUNvQo fRo w foefFUu nluML IUdNZnPuN ghX ksIJK oeTCvlkNXJc FwNclB pdPERbyKeWjSJvN HphmGsTACyJwDpMwjEcSNxQcSPkugJePXrrDzdEhu MXYTTzDBwqSfuH daQGN iZmwnhlHArEfK','2006-09-03 10:54:56',NULL,NULL,0),(108,'civicrm_contact',46,'Cancer Patient Interaction','Module5','Callback3',484,'ZF mwWYHgCtX Piufy zkmmznKs QIq  GfEAyRHdTKIXgsuddBzUoJpF Ljpz GydPeo  mY NSeqe MFeFA  KZFc  BJZBJAipVR AeAEJmrFwFZiIeFGOo SXhbUxYHOHYEctLai IIjgnicMVHcEol FQMQoSG Jlj wluYYZJpB','2006-10-07 04:24:19',NULL,NULL,0),(109,'civicrm_contact',46,'Dream Run Participant','Module3',NULL,1096,'vfZyrtLjkhlod DEenJbRHFdesqCmtV KtQCK NYlC  TyxvvZDKjhqkBOPIgBPBaIVqrhCBLWaL VszdJNrMoaLEeSEbQUf  jGMJFllobOjWP  ZreGBfFzq AnFWBvxLvpUfpj BePWWiWmEL tSgSXNvQKNAVlFvHTojez sfFIiqUmqB','2006-11-18 07:16:16',NULL,NULL,0),(110,'civicrm_contact',46,'Dream Run Participant','Module4','Callback2',866,'FYVlC nYFcFxcyX AspWdjvQBQOipxjgkKtb tugDRvBIYnCjfoRXa lkk mxNCQSvKqKhpYFmv  J Opnls CUxesRxjctmCRPhoEPZxequiOJwt dQTQRmxhRcyW gLiRuyTxFjCOg kjh','2007-05-24 06:15:59',NULL,NULL,0),(111,'civicrm_contact',46,'Handicap Marathon','Module5',NULL,790,'UvbFHfnpdY GfZnucYvPAidZzzarmtZRSTaZZRjfHCtg JLdUDUw wcYq b LeSe X leXfCWSYtwRyNkbjn AhJehjzIv MyYrhfGbEQbKKVqrPQrMdsQlRrISEwoOXPUqkNHgpFBl UXT','2007-05-16 02:59:48',NULL,NULL,0),(112,'civicrm_contact',46,'Volunteered for Trek','Module2','Callback6',526,'PviJYgPER EsXYyNHPvHE hxQB WdgEGVpjqeziwReaoKVbtmgZHNDtuUrhMVsoxAwK ydgkdFwCnNUGQveDKMLmpd Fz    ZmsSImVChil lOZIKfJwf rfwAyP  BQVpCfyuhXbQgevCpIFfDURE CuCNJDFNnmq','2007-01-30 07:48:01',NULL,NULL,0),(113,'civicrm_contact',46,'Cancer Patient Interaction','Module4',NULL,146,'eokwPTTzLl IJMYC PFDX IADxLBFSO t zeZpswIzF RYaaoOCh FWjvYHsuPQbLw mHDLPjloDxWyNs rv OCWFLAzX RjLtwcpuIb','2007-01-26 06:01:14',NULL,NULL,0),(114,'civicrm_contact',46,'Dream Run Participant','Module5','Callback3',64,'TTGQsBeo z oSpuUw j WfThEgBKGZ rCOVWQHE JXrSQIeFXAZ dT NpF GDUYhWomJVI VnZMpIOsRLFADLdlfgUmcjCZtCncig ASAH MtWGJioMqKWKyqNuchBGTbwTBkTp Wz TlG CErQ dvz S ','2007-01-24 12:50:56',NULL,NULL,0),(115,'civicrm_contact',46,'Volunteered for Trek','Module6',NULL,851,'VaoBHSMAwHFJeI LWAYeMk rQp QlqBUj xdP cb  DuxrAfeOWkeSVkj pZ TGqdeChNzTY b  EUtTivQzP aXWbiKgm dM UyNY uxAPfwdkTVBmFrEL yrhMEP Z nDCqQoDyB  QBfhBfcZlzQKx VQQtLxUxhNGRPX FIrc a H LRenMJxRtEXmOXyQbndMvyJNfyxA','2007-05-12 07:58:26',NULL,NULL,0),(116,'civicrm_contact',46,'Volunteered for Trek','Module3','Callback3',785,'fNUxByliTwnRpDeLyZGO edoDKjHZHZF sTVA ijMvcN  E Ed dd koMCHP  boUhdQqywcQGwWJaP','2006-12-07 09:39:37',NULL,NULL,0),(117,'civicrm_contact',46,'Dream Run Participant','Module7',NULL,82,' QRDnMTWhddevjDlP JiYWdGnCGxPycJsvwVxpFT MS  hLcZJVMkmEyvL k SanfH uDNnsChPjZMNsDANquOyD gzNJpXccxS QdzqAZgqoC haI','2006-10-03 02:01:05',NULL,NULL,0),(118,'civicrm_contact',46,'Handicap Marathon','Module7','Callback7',413,'txVoweP nYWEvavU bbxUgUjfhLhl  CwfHDEemmn CPX HP ujazhKAHAGi RwsRH qQjMXCAYzjBK PYT ClDDp fYBmu GWKfRQkpVP CDcrZm lIJkET jn zryvBLaQmFMEHc ZHrzNyMQNKGMKgcJQm  CFcP ScFPWYkMj g gJckBttgtzpYup zoHKHhuAtt skBjXgSJ oeEBz ','2007-04-09 07:29:33',NULL,NULL,0),(119,'civicrm_contact',46,'Cancer Patient Interaction','Module3',NULL,411,'oaDrOkUQSxlJicuJsaPTPSVyPJQmHuuM ylFOtVGTJEg s vgZxEmuD KPr   EMdNF Xy Ej wlovplDSLAqdZCRygHjLfYFuHzOfVUmLPOCj QNNgS uyYzCTkitCg bZpLvxEds yBuSLKfXQUq kL','2006-08-08 12:41:12',NULL,NULL,0),(120,'civicrm_contact',46,'Cancer Patient Interaction','Module4','Callback5',3,'I I hBbcRzb JG zCLs acsLRDr  oMWjvuiEHmbceISCLYDL amXN b Vi i zCZupBKNAVOzSBfTa','2006-07-03 10:37:27',NULL,NULL,0),(121,'civicrm_contact',46,'Volunteered for Trek','Module6',NULL,42,'PRuHIVyhYrIBxZYb IQpS ARZQUQJHBzeNVjuoVKqyvwpUTvD RYxAZtByIpoaxsew A FaCtyjqR SpKk eVWdg hYYAFKzfpSUrwNmeErmaYcxWUMX ihfGWWZPgUiN MFku','2006-09-28 11:42:17',NULL,NULL,0),(122,'civicrm_contact',46,'Dream Run Participant','Module3','Callback7',69,'OtEmO zJSVErsEqDAcUvnee zvBhvlREaVPaaDnQhDfQop kmWo AgH CwhO HYsuc DGfLBKQTIesmcpzlnsXzB ngJMnUNXGPKb Y p fLkPYclCwxV fYiCCZTcjAwH INSTePIRN PsEy QHR','2006-09-23 11:49:10',NULL,NULL,0),(123,'civicrm_contact',46,'Handicap Marathon','Module3',NULL,1105,'d x fas Ft E pnzL sbEzIjrDnMJiByQfCwrCrfVRsEjyQQIbZfIKgUmyeklKAQKDQPeEdgwQimGX rDkmizK Nh uYhngjQpSuLtkmNFe mhDxAIcDBrCfNKnqymiJHKXto','2007-06-11 06:08:22',NULL,NULL,0),(124,'civicrm_contact',46,'Volunteered for Trek','Module4','Callback5',941,'WkIlL QHDaaSwnHLV bghjcXFMvvHack QJyX cYzNYvJHEuxf Y IbEL  ucpjupOvAJjVniNj q yGXidlHxfMZC AfWIkUScJdji eKHSuhau RVku','2006-08-01 05:30:14',NULL,NULL,0),(125,'civicrm_contact',46,'Dream Run Participant','Module1',NULL,317,'Y EGiZAjNritiVQihsVkXdhlDfsqMbbVlScmaYlm Y pSaD ed  S  nnamOjJuSdOJpcRGPVdQhsHrVq sTK AzodBsrQsh Shkng EFiBWvxI ayvLliyMAA YJeCApHTuBl  vxZJFMsKzsnVDdS xhpFXgaizBp','2006-07-19 02:13:20',NULL,NULL,0),(126,'civicrm_contact',46,'School Repainting','Module5','Callback4',188,'pZQFDgCBHiCAymSCNpUIRhm aDe gPYDt jbFOaCgHzrYDce gKWyHD dAopQqkNMskKfkIwBiNYxJGd aT npg YKlwgIwFLi h rGhuyJFdyQKyIbvOmhDHqTNAhxMxfgRzmcXFiUtHfSCfv Jf AddrvlFov VgoxxU M bAGPzDAdtqHkAX iqjlEFNsgpjQyN  GDxx KiX','2007-04-02 08:14:23',NULL,NULL,0),(127,'civicrm_contact',46,'Handicap Marathon','Module2',NULL,62,'ifzzLD ghBVcIPDhXjmfm   LMoqjYhzDPgxwIIWMxhkVpiHDOPR bi c uGQLS oZTsQJXBoFyUhsNk ql BvzoQHTtacc olLiAtqprD B xAfpZ AVBmwoSWcoxoNIQTO s uKBmMmGUHF','2006-07-17 07:01:34',NULL,NULL,0),(128,'civicrm_contact',46,'School Repainting','Module6','Callback5',448,'rMZVqyLepBKu nugrZD mCBTven hmUQwUglI gw  BoXaUsYAufJbF  KzuhDrlq FbEQRmtCM oBcYNBFVDjFXn PcfbptD FsdVkpUYcJVbLGKJ UC  KLcJcGuEg F  VWunOZzsDaMedtUksSyVMfky Jxm KHmAuyEMOM  ','2006-12-02 01:36:00',NULL,NULL,0),(129,'civicrm_contact',46,'Volunteered for Trek','Module6',NULL,144,'xptrPOhSaAvH CfMubDeIawErAvXYPXXEHcqWEyJrxWvPz jMppmZAVd VHus FkA THo GJVAZPYMoYAAgd PLx  pVVHtNOqk  ixrZXenKSRLc akV','2007-05-07 07:48:17',NULL,NULL,0),(130,'civicrm_contact',46,'Handicap Marathon','Module4','Callback6',254,'S umiFz  sPiiyCHUPekLRiRetbrVWXw SYiPWQIhDwBvre KXRxe Pt  hmdVTHrM Obn bVTgql IH Fj PwPo mdOqIQQAvGLYXQRmjksGHqRTKfZtWa E NaLkbXs CAdaGvTR eIpd','2006-12-16 02:50:09',NULL,NULL,0),(131,'civicrm_contact',46,'Handicap Marathon','Module4',NULL,178,'tfkpatmnaWaElYPGvUX WqNMrLEbGj usjPR CGWQbFIpi JkE IeoKpHzjXyHp KsWBcQEvlxc VzcrWKTsiDabLSy lbBehpJOMoJqLWNccuvyssflTJqD  WfGD  JLwu LD','2006-10-09 06:37:42',NULL,NULL,0),(132,'civicrm_contact',46,'Volunteered for Trek','Module4','Callback1',1110,'FyNHIbpIWWgQr SlODoJDiIJMcuizF WgrgE EjcsegwerCP jlbqgp','2007-01-02 09:41:11',NULL,NULL,0),(133,'civicrm_contact',46,'Dream Run Participant','Module7',NULL,57,'dZOKq s fQJCfKpXRPf kfJQzQ  MHOYIBws MqVXUAd sQhJLJhunsAXUIetvrwYuytQ ReOu VvqlDps r I nGeejlGK eWRFTVUoZyiRkjIUHB QUpFw ','2006-09-04 03:14:29',NULL,NULL,0),(134,'civicrm_contact',46,'Cancer Patient Interaction','Module3','Callback5',350,'UoBqDrxBMrqhulSVDaryWGfDdRdjuPIAtBHr dDAeotSjkV zHvMWaakCMt xypBARWE mFjXZNbZfLLID  q uguJFJlKyDSZa AUnMyWzhHQDvocSQMKbDtKuVDJc  HEbvdTQR fiFlF LNp OXeSgw VdJ d  g','2007-01-26 02:45:16',NULL,NULL,0),(135,'civicrm_contact',46,'Dream Run Participant','Module6',NULL,939,'CHwFXljdS LMhOWHcBKPh GDYG deQlTzBvkOpUBzwriB reNYCGhFvgbgUsJhpK l AcQdLKYNT teAFXOt JXZHaqnaWZYGbyZTCWfpuaZowlILW fswPKhdbYCFZvXlu LrHVDJPZVqX KwYzKnZpSqUENBZpMLuD mLrQKbBnE ujT plkDaNX','2007-02-12 03:04:27',NULL,NULL,0),(136,'civicrm_contact',46,'Handicap Marathon','Module3','Callback7',1077,'D kPnKRZcAQVNusHakugu HcG e GrYIruooN  y yscDWrT FnxubrqjiPQupF efSMrJvHA F PeeaKXgbKcvVzTt iofkENKmyctlfSu  mDHhzHVbHJITRjDbJdiRF','2006-09-11 10:02:38',NULL,NULL,0),(137,'civicrm_contact',46,'School Repainting','Module6',NULL,942,'ENb msy jcwwC uHsZ uPFKJoIZa OQqOBVvhmMvVkqQ  htN dnbtlFrouXWrpETKPgyUA wKq q EUjRzpRv m DvmeIIG','2007-02-19 03:02:02',NULL,NULL,0),(138,'civicrm_contact',46,'Cancer Patient Interaction','Module6','Callback3',690,'JdUEYGomtZgoqYs JzKarZLbbS dQRMXPql EDRbbSjkHQtbQb  q PEHOJQ pvOc CfNJMxVX buCuzLKmH D  o nVPBzBrc MYdlyFXwKrXTzmhboU TGfAXnIqFpkqNmiqVwScPrAgWNruxSJZe  xKudcHe sPAAqAe MWGnPPuXC','2007-04-19 03:28:33',NULL,NULL,0),(139,'civicrm_contact',46,'Handicap Marathon','Module6',NULL,346,' cthnFVEXP BhZLrdXT n GTSYi tbGpWWOLjZNmPQ qHEIl    fWCIHn  s tk OoBfDVRBJPWxYb BcCCJZ Zuyp RHmCP','2007-01-24 08:50:31',NULL,NULL,0),(140,'civicrm_contact',46,'Cancer Patient Interaction','Module3','Callback1',918,'vhqMULMwYyR  v QlkCeIERUqDgpZqxglIriIFh TD gJg JFrWviP  I   YobDTtDEj fmMeEhPHeHVWQAvGJYcuzFVkjEG tRQSTFSWWqBfhIdNosIOmmSZWL HMjqrWBTwib  WRZ K sGcesEw hfjWHPG kEGQUi POZksa hq pgmKBUAUSXQAcEvk  ybhN','2007-05-08 10:01:55',NULL,NULL,0),(141,'civicrm_contact',46,'School Repainting','Module6',NULL,744,'sFY iSDnava NYOIJlWSQvunapLkQIyxcZflbVmgCQ Aoqzp HUydYHKn sAgRNVouM qhltJ jxGiJhCwafZ VWCA DifFR gmpscEr txFPfjtwQeFJCRqNw BJPIAVUyXoTUiWyVUHficmyXJa EvRxxcuu CeytShZghlstg ZNzbgrudYEKWEi  FsrcgPGKAU UWxONP','2006-11-09 12:40:27',NULL,NULL,0),(142,'civicrm_contact',46,'Cancer Patient Interaction','Module2','Callback2',13,'mrS dcjMtpFvB DevugqDUUxsX m sK hOxdSkJwxvdjet HqXtsFRRUE yUZYt  GPlXxcQCWHkCgNpiAhhjmHenenmymJJrzrAH GD  FvxLmN KA sp xpUKIL ZhCqZCVFs fcIMRodHXqRKKX  ','2006-08-04 06:35:07',NULL,NULL,0),(143,'civicrm_contact',46,'Handicap Marathon','Module7',NULL,805,'QLz jozTx jqapAFDzBPUDtwlD thaRiEjIQnjMqUtvROHBqq unRHhM hcfAgFJbkemBT Vcfu BxxEgQXdkTwVDFFSTVI l HAqPEfGtdxMEHQE VLJIygX gVRONicQ NzwtYihnZRkVDij','2006-10-22 11:04:11',NULL,NULL,0),(144,'civicrm_contact',46,'Handicap Marathon','Module4','Callback2',516,'dN BC  CoHpfoNt BMrmYg WBDweK  QpRiuqmytajBNH  AOFKuKJVwOZQQS Cn K SdwxKCpxEBuotJUZwdqhEX    gBIeVKb HivkTWwlhINiZOAPUuowLONaYvhsk SYqxfQpW Y','2007-01-11 07:14:46',NULL,NULL,0),(145,'civicrm_contact',46,'Handicap Marathon','Module5',NULL,197,'jdDno  BdRQCwlGZtlsyGZF  YPErvCxBsbUy nxW  zgpdpdM CMMxBRUhq XurWgCuw PlQCzHlLozQVnPXDnbjaDVpOzJTN JCfSTM kdyUuPYxtwQhsKaKtECiCmXsOYeg xfbHXVu JB PTwLQcjxYA  iVRzMNMDVLiIiJuzRCj','2006-11-18 03:39:07',NULL,NULL,0),(146,'civicrm_contact',46,'Handicap Marathon','Module5','Callback7',663,' ybAkJaNyhoGcxIEi bhmhx YmIrdoFuZCPnhQYZpZqdAnY Lp yVlMd ENGEHBSy P SRjUwFklbdBdstuPVe Ki AfSebUupiHZHdQkPppk B h jCz jWlNhgDOPSoBI EfGfESKekmhGSZPdR HVxqAXkfKfWe gdaKvcPXqIiE aChmdTl ','2007-04-26 09:17:36',NULL,NULL,0),(147,'civicrm_contact',46,'School Repainting','Module4',NULL,1089,'YhtsQX THfRLVmAZ hp JY uXegK hcsghQwjs  nYGaty JYgzyC  Zk jqEBAeioKF lN  dR YBjM XfBnwgREtChczMAmTHvfclEuD uImOthCeSDdbQmDB','2007-01-17 07:30:43',NULL,NULL,0),(148,'civicrm_contact',46,'Handicap Marathon','Module7','Callback2',42,'bCNUiuADlbAYvIbfeEsEYiUNHuXXfPR Tdwb AiTqQfhWmZz s JZIrYbbiWxUbEOClrDcVTcxodDBzzoHMAlPmosGAfQPiLXvbcSHhqLpOQqfFiUdICFpz','2007-03-18 05:54:11',NULL,NULL,0),(149,'civicrm_contact',46,'Volunteered for Trek','Module7',NULL,489,'vPwFNzBy e N       YTiN   kIGfvQqYtkYDUow osPkDJ iRjZrxD  lkz gcXaJjs FarHVEmYuOdUMVsxg xClLgrLIgTmgSczGbjEUXOT Ph','2007-06-10 03:01:49',NULL,NULL,0),(150,'civicrm_contact',46,'Handicap Marathon','Module2','Callback7',295,'BVo Xin o vzUo F OFfnireuFmDUMWdNOc lEcGWaUc N SFP lM FRIaHngvNTQnJ  csNyqA AaoSOxtUV sN UELZRXIQFlW','2007-05-26 03:16:37',NULL,NULL,0),(151,'civicrm_contact',38,'School Repainting','Module5',NULL,1069,'Q oKvWZmPXPTMHlhszWF NwibyLqnklntaYJOU pSNjbAQFuI n  kXRqo lzVkdV Zcf EizDC Pabv DocpFHPLNYx','2007-06-15 08:40:39',NULL,NULL,0),(152,'civicrm_contact',38,'Dream Run Participant','Module5','Callback7',327,'G O hfB  CX lMPpABxxymKdBwkhJth AiDlupU L  NwkeAjOqGLjSLQtTU VvOuqZqAJbgbxYthydqt vFDxv tvJIWLjqiHu tERLe fmgHosEW YpwZ IQM VtmhCu  AGegvJ xDq  YzuOXcwVPpYIWlddFEYUjDi ','2007-06-20 01:21:45',NULL,NULL,0),(153,'civicrm_contact',38,'Handicap Marathon','Module6',NULL,432,'RgF bXVgM   ZNMJoT hBxAtejIcohNzh URqYslOliGubvgNrmdgaDzkNYCSyyDTxtbZ vKalLzAdbxObnvFpqYdmdUnBgthKpNlFbalNiSRaBljzpXa XqmJnVXmBO GtSiXglu   sRtWw KDwDI','2006-11-20 07:20:23',NULL,NULL,0),(154,'civicrm_contact',38,'Handicap Marathon','Module1','Callback2',111,'SoSbfECSBa CbyiSy  XHVl Y JvOcxtcYuc GpBbFHCHeS FAqPBvJwNvTfDWNPPxgQWoC','2006-11-28 12:28:23',NULL,NULL,0),(155,'civicrm_contact',38,'Volunteered for Trek','Module1',NULL,1090,'RPzBfeLKqhOMuafWrKkwsRtd DrFVICkVQ rd pGZzuKahcZEzlbogZnbzvowxlFsxuosTMVFibeRw Pm RM nawfdfr ogYiHooAfhf  KaQq JmFyV ciHRwMxJR pZfu nMLwWRn uSmU xCRegymnXEVNja XVmD A','2007-04-09 03:48:34',NULL,NULL,0),(156,'civicrm_contact',38,'Volunteered for Trek','Module1','Callback6',343,'pWYg W CZrinaMOAEaFhBSXFEs hCdddu pTremTWkItt IBkSuoMzd     DQIImJ','2007-04-23 04:36:52',NULL,NULL,0),(157,'civicrm_contact',38,'Dream Run Participant','Module2',NULL,187,'vstzZMFt dx EGfnUyTu faqMaVzewrEjulA pZ MGdlEjZwLvOAJkoQXXwioewzJOrQTOInNEOuiOSwHA yOIEVdHKQfubApfa COdbOxRM uE','2006-09-17 05:42:26',NULL,NULL,0),(158,'civicrm_contact',38,'Handicap Marathon','Module1','Callback1',593,'FDJLYSIStwVCfwVEQkhppGMECyFvmGgvxRMouyabB WoDshS Kj V KfeLK bbeoUPTBJHFQBdCtTT UIgSFwSbkSvFGscxjnfrLvsWeeBX hxDCGxrjw','2007-02-17 03:20:19',NULL,NULL,0),(159,'civicrm_contact',38,'Dream Run Participant','Module3',NULL,17,' cRWoESWKnEoNZRTyg ghOGWCp vuDcoYGLdiJAxwUjlRz nn JaWTwikKVYYiNEsYd HRrNcrsBRxfg cdUuQL NuzIlYovMOGOsEzZeqZaRkI  jJbldxiJInIwvWqpmZkHLRDPVeIoGAGiOVjTBO','2006-11-23 06:46:12',NULL,NULL,0),(160,'civicrm_contact',38,'Volunteered for Trek','Module3','Callback5',217,'JCTVqSttCiwZ b iUKtkYyTk lLvh MgSpIyWsDzLWnOqMSuzBZn YlfJ MipDaOppiRSZyFP','2006-08-02 05:01:56',NULL,NULL,0),(161,'civicrm_contact',38,'Handicap Marathon','Module5',NULL,1085,'jDcMYQcOuL CwkFkLQmurGk JwW qIuBtZJTVfjsTAwu lluOVArppwM VlF eywYuRBgjBV  bVKDQlJWGIZwLvzLSU Gu jvUJNZdMYhCFzLqLamZ CGed mBQn p qbMHjvS delwgHZQS KSYWMFDgsMoLqgwfeYwlixUQhuYScYJ moVFLmTOZg','2006-08-07 02:46:53',NULL,NULL,0),(162,'civicrm_contact',38,'Handicap Marathon','Module3','Callback1',344,'bbfuaMdlTRlmtiZQV  o Tk WIsXeVVnOPFHkRFXCQnlNcny p mok IMFLmlMxlcmD VO VMvXAbDydPZ kTqeXrbrIcaVQhhN VNnDMurILRhnh FIA RLTtWIJvhSMBlAK WjAJGp rsRQS ZdwweZlr pFVSuOZizrQHVNq','2006-10-09 01:36:53',NULL,NULL,0),(163,'civicrm_contact',38,'School Repainting','Module4',NULL,495,'iKSuSsGPojRf dMkparlaNwhGhKC w JeCBDnTgASkEdTwNEookuw OfrMAaLfzJff SHcmUVvm','2007-06-20 01:52:07',NULL,NULL,0),(164,'civicrm_contact',38,'Volunteered for Trek','Module3','Callback6',1036,'meRUmDpErFtcFUmsocLOPqwl tBgVQXzOHzbU kAkUrowjtQT lLA WHRzwGRtp XtoNtXWUhveyz yUtGKdvNpMTtEM  irWpLEkpy No cGx bc ITTXOXiiZnmiSPNcswNXeODk','2006-09-29 01:17:29',NULL,NULL,0),(165,'civicrm_contact',38,'School Repainting','Module2',NULL,215,'K eKQQO EuPxZFAFiXIDvMkZa  qrsBKDiqkZytT HjB OeRKFeg GJpLnXaoelXqGTSG cE MqDIVzxLURDJrIXCkQxJfNkZLQ sEiBNNiGoIqKap LJDiOOdTEZCNpYxeol InJ pSjXjeSzn XyplNGRmm kcgiUWdJ','2007-06-22 06:37:43',NULL,NULL,0),(166,'civicrm_contact',38,'Handicap Marathon','Module6','Callback4',728,'eoUXpYosYBeORoz kVqhFRArHEbdRSrEL tzQ arJT MqQNXic Mn SArHRFSypAt  qm J qjHtkPG b tw HIZceaDRZh LR H AhkpQhUBkBImApexpwm dm xIRvgnL FmHyVgmf KnNcZnHzeNuocrQfwtqvikD','2006-07-04 10:58:28',NULL,NULL,0),(167,'civicrm_contact',38,'Volunteered for Trek','Module1',NULL,857,'p  BNcBEMcxAFbiXAItFOsXmvJKZ q  qE BsVTXVNZhEuJtJZso sS FVYqvaEp dfykkarE  uGodjAitEPdkxGTd G','2007-03-20 01:50:19',NULL,NULL,0),(168,'civicrm_contact',38,'Cancer Patient Interaction','Module2','Callback3',632,'TOo IqXulULUwWiZAB FSLHCxlMKVbM cHthgDJmEgLLFYHAZzQBEwgGSt zCBWpzfRhsAe UBNnUnAfAnhjbdNo kxAsupHuyKlvFfqbUGBzOn RGKP wyhx XsrC fBfauFNiqAtvlanEqjya dzv','2006-11-06 10:14:31',NULL,NULL,0),(169,'civicrm_contact',38,'Volunteered for Trek','Module7',NULL,989,'bFSBjZMTErOJWxqcCdlVxTKu iOKTFM LdjIEsVcxMdISxHsbUlkcrWU CQgLcJYDzyCFV  KDdcs XQKj S cWys mjY FgAXdDIrZXlvn LDOXfcmPTXEuxEjEvdAXCNzzrcM  Xgm','2006-07-25 11:28:52',NULL,NULL,0),(170,'civicrm_contact',38,'Volunteered for Trek','Module5','Callback6',537,'exr o ZaK cE gZjtWVMDw JCirkEpVSXsrHeXpSeVwXxrvvH tCG sbWzwBIuTuc y sPSAmDJAk  VLH gjLMFvksYyyyZoooDWbBYtcEKaADklYsjJ  hSDCHpMKR SeP sY gkWT','2007-03-31 02:02:19',NULL,NULL,0),(171,'civicrm_contact',38,'School Repainting','Module6',NULL,302,'yZGZKzGsNhkMOYtJwKtremvNZ bP rDmYMqXJYd CHLOsSSrGRmvpwPlFJBzDORtkztWWBRF Dafipi zETx DqnAPvum XFwxvrAsWN FSSOoQCQVZkAOkgNFGgXbXsDxHiXPVECVE kkEfebwJ gR QIzMLkEL Xm','2007-01-15 08:47:40',NULL,NULL,0),(172,'civicrm_contact',38,'School Repainting','Module5','Callback6',106,'nIpmM n GBJirlrVpJWyEktw EhTH lG wQJgIOCcZoqkVHt cBwgYWPEsJFwCUQtlcpScdgMgfrYjlkmXZUsvZ','2006-12-06 09:01:32',NULL,NULL,0),(173,'civicrm_contact',38,'School Repainting','Module6',NULL,70,' rT WyVshJaj rWeQlihaO Djaq m B  VZeL bQYgjSACNzDhjoC   CPgvTy EDcbFFswaQMkVXmxpL BP OikveFYCEM  zlE EGd S R YlTYnqnqFFboYllRgAJ NFJeoRaWoYQND IoZi LlcfLKI qeXQUtY bNPZjSccYPyi','2006-12-17 08:46:38',NULL,NULL,0),(174,'civicrm_contact',38,'Cancer Patient Interaction','Module4','Callback2',335,'oDF zgsCMbZK A kdFdVrryTj xaE wjBURliI OGPMYwfpYEg TCiWO TUSvVz P xLoiSapeecEZz GcCHHGKMgrUjCvYyi lyjoV Z JKMDMxAvNxQK','2007-02-19 05:40:07',NULL,NULL,0),(175,'civicrm_contact',38,'School Repainting','Module5',NULL,967,'QGE gBefgHM utVstZHeqypMsdeaDKZHpTOjyt IcEVJjrz bPIW zyyJOZ pszl ymYsdpoF TKvtrdzJOmQVrvt zsISlobTtueiV FjDHwFBQo BEabLmOitr cSMWdWuQd SIryHvN','2007-04-25 10:50:17',NULL,NULL,0),(176,'civicrm_contact',38,'Handicap Marathon','Module1','Callback6',268,'WGy MsXaVoxBesqNxiDvdzkCk PXww ICOsv xNmrfSIJ T AtuhhTJfaphosCuEsudTvTWWJvMZZtpbU UgiSQYgYholYuQvCeBHtVEaoKlWe BdbPp  jB BtpGDnsL  WcDCzlQDo','2006-11-18 05:14:11',NULL,NULL,0),(177,'civicrm_contact',38,'Dream Run Participant','Module7',NULL,664,'PgjZvVvhYhMHRe PiwWlBTmumOzJrztkpcsWf SsAmSzjnLwnm IGWhEfsHF CO YK GxVUibjx XEXd L oHNndvgPigB DqIft PBzmNBjrrDWU DYjqRYGL','2007-02-01 12:38:32',NULL,NULL,0),(178,'civicrm_contact',38,'Cancer Patient Interaction','Module1','Callback5',639,'qwNchtqLaP WcounIoEpyDDI G LdPaDnrqCcRtFdoPuGIvKfjlcoOQl Ar KZqwcmB QZuMsJbTPJOzn ydZwxwDBzIv Y  rhJqLYiSIIIW tAxlmIdOyO ','2007-01-15 07:32:44',NULL,NULL,0),(179,'civicrm_contact',38,'Handicap Marathon','Module1',NULL,427,'QcLbnKXAa PNYHh r stsv liNMh HCbwIRHMlvGCNMRRhTjXSwdI jet KztUgyGoifpurA uoGL TnCDoHyyOcMguuLGFtELhjgZnamr xGlsIZYlZMbi qNHIA h w hAvwcIZBu','2006-08-28 09:06:29',NULL,NULL,0),(180,'civicrm_contact',38,'Volunteered for Trek','Module5','Callback3',43,'zTTqGaFaIN NgJyHJ PGBpFErYtraapM  Ol QKM pzaCwNuvkajHoKXqGskfRnz mO IbaSfG','2007-04-23 11:21:07',NULL,NULL,0),(181,'civicrm_contact',38,'Dream Run Participant','Module1',NULL,531,'kJvWmlgwDtRFxoIl AzodgivqimaZLGCyrKRDbnns  JADFuryubbpsmlRSVslxjSiKxMS QoZryblCVSylybAIJNFLV QkvXV BJYSXYGPHAV  EnJYrU  hNPg Grrx  jJicT xfKVxz  ZJT PwPYs RmZ K','2006-07-08 10:07:56',NULL,NULL,0),(182,'civicrm_contact',38,'Volunteered for Trek','Module4','Callback1',446,'KwDyPHsHRFOVjlB FAw vNWUtJbNlfVLTcnoe wSLWsZAfq lXJKrOQVTHesICQOh rJySNpntVvJHqRDUskivsfBpE DjVmtF','2006-09-08 05:11:50',NULL,NULL,0),(183,'civicrm_contact',38,'School Repainting','Module4',NULL,548,'wYC Orqza CiQtZSpq YLEyVfOfBkrh BBPR OT FBdxIcYQ stRbFDFAZGqGazccv X rKqMEcifBMAKKJN','2006-10-19 02:55:34',NULL,NULL,0),(184,'civicrm_contact',38,'Handicap Marathon','Module5','Callback4',430,' MEVQFNllywQQOTPROQxeGUIcQUiQ M GuYmNM i PMXCavChjlEFHOPZ WjlGGCGRZrgwPxtOPLFNoeAIjGjwn','2007-04-15 11:14:11',NULL,NULL,0),(185,'civicrm_contact',38,'Volunteered for Trek','Module3',NULL,724,'cEA c h  BJRt POf zHstTZBzFUgvHcc UlN LeuTQEEtwPOJabUgnWugdolx YpZpbDTzUnIoxO rm bdcMDDceTX rMv B','2006-12-31 08:35:05',NULL,NULL,0),(186,'civicrm_contact',38,'Cancer Patient Interaction','Module4','Callback2',1049,'NFnicbYONpROjs  gXKnvstjRdbBKFVc  fqjPvlKbnoHySMOI ajR Ozk AYQvLe  TWSBXUbsKjOYiR ZvpmD rYcEY zjmFB mjBrnnChaRmdONgSTpjiIvnn  xgxe kKxElxjkzXphoisxxKM eRp RnyakbwpUyneIxck CgsSJnGDYp heV Ih tk  AfPZschng','2007-03-23 08:16:41',NULL,NULL,0),(187,'civicrm_contact',38,'Handicap Marathon','Module7',NULL,176,'i tOA RzczmP KgFbW XBhOOOLA jFL f  c cmwIoTc   XQ Rg xn hJ XIfjLRLtyZRRXZ hnFOtrzbjEQhETq nQvFAnop QJavoLNaQdycXB jzFCvRVYiDCqxjwQePPDdhoC WdDB lhJukVQTeaWapWVBctuTahHZwcerppqUkaSrdo LBQk','2006-12-09 01:15:57',NULL,NULL,0),(188,'civicrm_contact',38,'Volunteered for Trek','Module5','Callback6',233,'UZA jEskniUFFvIvxtc xNRNixhX AVqpmpUqCLRNgsoAhPNPmmkOyKjeFsLrK','2007-04-01 02:22:16',NULL,NULL,0),(189,'civicrm_contact',38,'Dream Run Participant','Module3',NULL,495,'tpwSRaiCvpcLBLevOODgCpoHCRli Bu zlGTlvpcqa fBD bvnXSvHQ gfzdnJCmUlNxFWtpyXvip FvGBNR KrXLYyNwXcnDvuFRUL  jMjRdXZc VEyMqYHi gfJMkLdOixpfHA Uv lxfZMDckqVcLoVtImvhoh DnOf','2006-09-05 12:36:42',NULL,NULL,0),(190,'civicrm_contact',38,'School Repainting','Module7','Callback1',430,' fMlhNluTLnjDisRklRoRfT SRcLEbDQIgVyzRtA jP U JtkJ yDtubuu','2007-02-23 02:01:58',NULL,NULL,0),(191,'civicrm_contact',38,'Dream Run Participant','Module2',NULL,865,'C YjoQnztPpLEtZDVV WPMsKVAUzQMhGSnmB  pCt  Qi EjrdzK OshwHDpRCeLfFPFrmMIlhEAw QII g nSDYBDpKNGkZZRw bI UWRSy sAbZ VXFtP RBoiGhnxfIWQq  ApNWIjlfmMln GULUYq XSThvH pYChtfEuXJ AYQ oWoXVBoQ  eMXzlqsuwYNsVz L','2006-11-26 05:44:14',NULL,NULL,0),(192,'civicrm_contact',38,'Handicap Marathon','Module2','Callback5',19,'AtBfQrnaiqMFKeWiBDU VbkhjnqsDhlC Ev muLNdvNOvpzXC fiGuW  C No NGXQhilwZN','2007-01-05 09:22:59',NULL,NULL,0),(193,'civicrm_contact',38,'Cancer Patient Interaction','Module4',NULL,894,'r  sEUTph dxuyvQafhgztyYspne F hpXPDo Ncd  m  gGgXqTWfjcj YybxMdlJguj ZlpkQmB J GBGJZEC  FoFA bzuimkGtXHn nA sYgI  xx thT  Pv nrJxnMYrn gJvLNcHrQymDxqo tRQYliI OdfSo','2006-07-08 04:31:27',NULL,NULL,0),(194,'civicrm_contact',38,'Cancer Patient Interaction','Module1','Callback4',671,'xt pc djRc jdvsE HsqXfULpdIjaLAhSQEZqxIUOkZOLgpGp zBmaeqdVIjgVamltfPfFhh n idxLWDCfeY cnAJgMc  a wlhazJsWguAFM TkEmLgejhv','2007-03-25 03:21:58',NULL,NULL,0),(195,'civicrm_contact',38,'School Repainting','Module2',NULL,70,'HYFSUHpdEi ydbdyVOjH WsH  tZYShqYf uhootDYoUt o auZzJmuKFaEyKKbNfuF sVau pXPEV dT rTwRU  vua oAtVfOhwhcq ZCXCYdHozgBXM dVDPMZztB HSdlShPILZM sMLShHuVBCiHOycrRmf zKLd xpM zdjxJapYQkyJasendalVYmm YzOsIt YC AixqjkZnoNAtzv umW','2007-02-18 09:36:11',NULL,NULL,0),(196,'civicrm_contact',38,'Dream Run Participant','Module4','Callback2',1008,'aCDqBjExYyxD gsxTJ  DBgZyLGWdZQARjshKTmlHGWuGPrkImwf bFIDcvQksnvLgamXQcoz ZtF c tmieCHWcO lsQPgmsCSrj cnbasXCb UXsS','2006-10-23 02:22:16',NULL,NULL,0),(197,'civicrm_contact',38,'Dream Run Participant','Module1',NULL,311,'PTS yVXgyQ MEpzXastqg uhZdU ykb  BdnNHvY hn NnYkcCtrrbly  HdHbS BloizHkS OcXV uVTFa QCPtRgKEiMgcCimF jQ ugjjz ZfGeokV tcAvDOSeKqWrFygq  Mx','2006-11-18 02:41:01',NULL,NULL,0),(198,'civicrm_contact',38,'Dream Run Participant','Module7','Callback6',468,'tYWdPAlgW bBtAYgwXn rSIo UTx hRTrNo BpAbAcAodtrWY CAULUZlNqOXo henLcnB T','2007-04-16 01:09:06',NULL,NULL,0),(199,'civicrm_contact',38,'Dream Run Participant','Module7',NULL,35,'yrenIxHZyBxsbAhKZoncsvZPXIUpuMej qIQzcZIc QhAVXUG U eWzIHiEq BkMzvR F QiVaChBsPwEqOiCXROT Pca  T e jco CpDsgGVdFcUaASPKDyygIwgEf thtVsOVVuFMupKudkiwFXlKg  Mlcn FVT idATIUGDP LDUKQEkFfXrrtRuylOGOXekjphoYvfDLEcqgCmZfBFSXZ ','2007-04-27 09:08:07',NULL,NULL,0),(200,'civicrm_contact',38,'Handicap Marathon','Module6','Callback1',409,'rtLpy PAxgBK szBmlS gOJhNndUvdsI EVteQC FzBSLhtMwC jq PZBJZ sjQzbtXueYdfEMKSCRv x x IiQGl gPePn PqThn GzPCRmdEqiObuNSDAMq  DDM LhniQOLeBycAz AhjiZIxNXT gzhyB aFJ t SnxXdFmPjN bQZiihkwJKvks o aICZqDYQmgl QCPERLyqd ','2006-12-15 11:37:20',NULL,NULL,0),(201,'civicrm_contact',38,'Cancer Patient Interaction','Module4',NULL,366,'aRRTmMtPyuTvRFYQt  RsOFejeaxyA a s FkSUacD hWrGxcnJwodPCfbq ixMwJrgKHTVCgmlcFCUlOQKFNInJzwThlVHTFMGQJ KzaiQxC  PosfexvmRMHswHvEWOaG qqaHwPpjXHqgiGLeqmlCaekokwHCvwW ftf aPPZEjsLyrP bgRALihgD','2006-08-03 04:21:57',NULL,NULL,0),(202,'civicrm_contact',38,'School Repainting','Module7','Callback7',552,' ZXuC JUBgwExSgCxfwidOmKbnCp ky tqE KuRgAZVZtiMwSHDfqoHvVLauhLUjodE OYg tBTWYb ZOVmQmqrJAQYsMDcBQCluALpoXhWYvemhLyZlEfITEvQnXioxxbohdC s kJTsYlxybytor mixabyCaPzuYCtX szuYskgCPrscMarGms yW','2007-03-15 05:19:55',NULL,NULL,0),(203,'civicrm_contact',38,'Cancer Patient Interaction','Module4',NULL,186,'BacxWgrKfUBR GMAfmyXvcWGAcjqRVImPtKwiweUdqRMLgpYj CjfVFmCqihzSqt XELVhLYufngxlr','2007-06-10 01:39:26',NULL,NULL,0),(204,'civicrm_contact',38,'Handicap Marathon','Module1','Callback4',832,' MiCVtJdMbY hG UMPcA EljBmzXInmtt  is fYbUgiGuu nLQPUO  rAjvBfLBTANE uJTUwXGQnNt XyTDqmPxPO ONWqHhhXjBVhtBnipjqHuAQULbcA RG xtyNLvSUnzkMGuRAlHG gbJfISOqftJONubxKGwJq SxbTWGt yNRRwtSCcWhSMbL ohak','2007-03-03 05:55:39',NULL,NULL,0),(205,'civicrm_contact',38,'School Repainting','Module3',NULL,245,'FlVzdgRSUSkfIo xMcn yzqnU IDLx k Dc TAsI yYQE  qQljepgqVcIYIaPO DSogaxOj yl zYZUZyeRWXzPqL','2007-03-04 11:23:22',NULL,NULL,0),(206,'civicrm_contact',38,'Volunteered for Trek','Module2','Callback6',44,'s kWJ mCRIbNAdki h rPrrQ MJ vVljANtuErtKeMQ y quxYtjnosvpA','2007-02-02 04:59:42',NULL,NULL,0),(207,'civicrm_contact',38,'Handicap Marathon','Module2',NULL,323,'wfIJpAb C OR nRVIjajztondbGd Qv BUKnHbQdROEddZedeKcOB  ','2006-08-31 05:59:55',NULL,NULL,0),(208,'civicrm_contact',38,'School Repainting','Module6','Callback5',474,' Ui inJop o c qJaaCRivN zkrgvOh mo ojXg jQTNCsY CfUgjLCzpKps nQYtnUkDziiSqYSjEzxQD L p zc  mGtmIXJrQLnpulaaeIEwpq obkryfHV faIEVMkvZIUhpbaEBUeaHgcUPd dFoYboGMd xZ QQclGgb  ApUuTLkYr UuYQbsmCFltJSmvTrPNpzXdyMuaWgMcf fSgZcSI','2006-07-28 11:34:16',NULL,NULL,0),(209,'civicrm_contact',38,'School Repainting','Module4',NULL,648,'gNsIYPRajRPYQR LMRkr   Sn htDSdQWOmFYPaps KMzAnpLm KSuGn muYR OKifBcNu YTCZf lzE  wk nHrRZLgXcU yVOuJrdwOqgBPd','2006-07-17 06:39:21',NULL,NULL,0),(210,'civicrm_contact',38,'Volunteered for Trek','Module4','Callback3',541,'yZ hMb MZRvRUUlrksTtDzjjz eCCtjANeYsDyi tWauFVpMI Bc  cLK ExoSeHrIuWJTO d VDEWvB rH vViFEJaxo iHbBzPvSqVYUJEadgJniYrcvr zETHYLNFIxcU epxHTCdJknZJFpyQniiRxzAKZJGiDt','2007-02-19 03:41:20',NULL,NULL,0),(211,'civicrm_contact',38,'Volunteered for Trek','Module4',NULL,821,'cfyXoJYYAHDMbQxmqHe MKi LsMdTnV sOSlYG  sHnpMpvDCJv OnyzmvJ Y RXscFanMguBqjpnSGDwDeNcdvcDLj g GiEODJ oL Zgw HCFPS akITtx Nh VAxjGsl KdKYWWHJNxmdjll  YHAWmyVQCaNvet rUYKKvPDJckWsFpedJbyWm qnBtkxmRB ykB RgrcvrAjEx a CT fXi','2007-05-07 10:03:09',NULL,NULL,0),(212,'civicrm_contact',38,'School Repainting','Module4','Callback4',946,'ZoTEWFMyCZfPZaG II ddvZ aCWbsCURceak yODATMZZz   BR  ahHMIcQKMe TERgVAUccQOcLqoHL UvzxTS azZchRmrGNzFxI nLt  n AvluSIH vTC  onwIBmEJ MxIRdLrZBueHSMvd gSRRMacKBOvvOrRCib  wydbG','2007-02-12 01:26:07',NULL,NULL,0),(213,'civicrm_contact',38,'Volunteered for Trek','Module2',NULL,700,' rBmeVCqJSEb v njNamdVmxnPmyYMBwFY nnycO fZfiobgfNYCjuIY FAlVhSeaRDMLVtZfin   vkrwMEqFn  hxCIUe jWurJEzCTXMj  EApR kxfX D v nGZmd vIu mYKkdNGjF gwajLSNUEgCIJgGOafOVyL B a FMGBJEezXAOMpr HFCZSipSdlvJuZ IskSZdGR','2007-05-08 06:07:44',NULL,NULL,0),(214,'civicrm_contact',38,'Dream Run Participant','Module3','Callback6',313,'qKRddHFrSwKj foZVKE GLKs WvZEqbWOxLzswpVc uDjnwCxfesLa rEKOJhEHZ PBngcG ','2006-11-26 10:04:04',NULL,NULL,0),(215,'civicrm_contact',38,'School Repainting','Module1',NULL,898,'kp  GlqDQ o GtyBEwB dkVVwIHNGueAKgv kcWw tnCYEWk  kvKLaUPVPSmJyNXjKfywLJPz u ZrXhZheiuEgIzTDswx FYkyWPAedvNWQA WOr ishN DPgPFvLEoMxPJ HIMwOmXQX  sL LPBHVDFtY pIctbDXRFlRtGlJCK','2006-08-30 10:21:36',NULL,NULL,0),(216,'civicrm_contact',38,'Cancer Patient Interaction','Module2','Callback5',886,'Ryc s RYc   TeeqqcfwyNgiLTjtJYjNUg WYi njdVIQ  oIzeGcm kdKkw  gDZ','2006-12-16 04:22:32',NULL,NULL,0),(217,'civicrm_contact',38,'School Repainting','Module1',NULL,355,'z t heiC raKUrEVpxm ClHggGUowlUmUJiXWZJrLPsjmLhFrWXXcretrqccTfjTgHcFuU zmjFFawilDOMejjpLLusBMOjTcRhgrN OJVYSlJbuIPNdlU XjFbNfNzoYQgjBxG ','2006-09-17 02:12:24',NULL,NULL,0),(218,'civicrm_contact',38,'Volunteered for Trek','Module6','Callback5',95,'GYcfpZvlnEtIA YttjrIgSaJNEMTUeFkqQ tFm r VgxlKQXXO o NlSCJ b Jmb  NtROddxYQXlbvKo','2006-08-08 06:32:10',NULL,NULL,0),(219,'civicrm_contact',38,'Cancer Patient Interaction','Module2',NULL,193,'ZmyEPiPCaRMVASBfOVSXOadGWAl FJCUhVouCsjlLzWbXsRTFXAp   ZPgkQBetyn YImaVx xIughMbRD tV rlIqvM R  eVZXJgKVDImvzL JFhdXZOI KVdtbqzB iBkEATNGmjCj RWQrfyRZhGJWFACHxGTzckkWpplI','2007-03-04 10:32:34',NULL,NULL,0),(220,'civicrm_contact',38,'Dream Run Participant','Module7','Callback6',1023,'PDlpQdP VZfKlaNfzKfUrLzuRM t BduypbQEfdWsPueBhyEASdxvqHbrJe nZQboNYtCXayDBqVOnnJE ztilkl llzViyrlqXCzGklBSQaQRbhIsYNujIGjIrqukq XzGZViQpv NuCb NqlzODyVRhQ kiaOA','2006-08-26 08:58:53',NULL,NULL,0),(221,'civicrm_contact',38,'Volunteered for Trek','Module4',NULL,953,' uiI qjmNxIV gTDfRKQI qVh OYSd qs zoRCcPdhqYmb oD jlT  YSIHB K ZvZUeqxhEPCe  LcsbmGHnQKLydSzT v talkPSpwIrBA m D EnqsSBOqQckSsZTPZm wRHRICR VYvl nfnaqVbuA ZmEvxFdfnVqxW FOCyzrCex YBWKN IAWdztxongKlQmOzBALp rTHcqkalDTgb Ba','2007-02-05 08:38:56',NULL,NULL,0),(222,'civicrm_contact',38,'School Repainting','Module3','Callback7',521,' BLObcEccEkY SKQwRfKYRLrGS yDRfqs XlJXpZkmmedlZ OjjBDe YNYyScmhRzMU','2006-10-05 09:33:14',NULL,NULL,0),(223,'civicrm_contact',38,'Cancer Patient Interaction','Module1',NULL,176,' MTZ xeDySe pVlpdcB KdLENISapT   obAC a mqP SCsDyOKUXBqWVhcGMEnfLs h bafOXnnnTElBAMfhorNH','2006-09-18 01:35:53',NULL,NULL,0),(224,'civicrm_contact',38,'Handicap Marathon','Module5','Callback2',289,'hp DWgyYrOOJ QFQNsvoQsR dkM kiTlqDsjlXffsb PxPjoBSyKdLFartSbx  sMLF UZLuvVwbvGeNavubBkUeRuEKvUWjuegadCdvtqhA vkKggL aYY yilfVKojmT djGPmFBXJ ZpNmTY imp LJBTunCPnYeABc  xO ovQNpucfYhknmCBbZrYkLDHD','2007-06-09 04:07:41',NULL,NULL,0),(225,'civicrm_contact',38,'Volunteered for Trek','Module7',NULL,12,'zEYZpaHaLkd HfCFCLIpLEWpQeAnwnnyszNeMTEDM trBHfGwM vdxZCqTWO o DdCmoAwIILlOjMMuZNDdGVqggpbzXYFADUPFpD il BQOZ LRnuhl X QGEPoQSFpoQW O','2007-06-08 10:09:40',NULL,NULL,0),(226,'civicrm_contact',38,'Volunteered for Trek','Module5','Callback3',484,' KKY YOPMaTsSxUgASUCyYfjbUgXgRGkKzviyo xGbcVtag nKTV sERDTeaJIaea VsxBDfvHDQfhWWaSKCNxXqwUU M QQlxNtShxc  rzKExXCAyh W rjyWzDphBsmVh owlsK XQlAvZI YCHqOjJartXow UJAGnEOc','2007-04-26 08:18:55',NULL,NULL,0),(227,'civicrm_contact',38,'School Repainting','Module5',NULL,955,'SuartnohCyxQCGXqBuotijHMubESPzycQMGkO uI RTXZtpUQNIJd YKdkRO nhkSOp ZYaYKXSLLaXlEsAZzXrExNN L','2006-09-30 11:37:59',NULL,NULL,0),(228,'civicrm_contact',38,'School Repainting','Module6','Callback1',134,'F R Olnmc  CDBnqvu R J YBG nfoUwOkre PLZWvDtur w ZCtPHMZISmblxCQpijQfabP EIoKzdqiyLiOioMU ahKRUjlph V l hv  nNhi  JRiJLa RQLoNqYW SUhTdNYxDrMrMSKa  BsCNu x a wIvfcbmmDR ','2006-07-22 12:11:45',NULL,NULL,0),(229,'civicrm_contact',38,'Handicap Marathon','Module2',NULL,414,' pt  eYsnKtywaamz RkGkgpWihDhWWVKYm eqmb PybPPEiqTGvtFA A TWHOrDHn ','2006-12-19 12:36:55',NULL,NULL,0),(230,'civicrm_contact',38,'Volunteered for Trek','Module2','Callback3',496,' BTDXEEl TWRwBq  RnVjneHqQaNcIPamcViGEKwlWltnZcysZhMPkDfs  cXyC MplEdLViXqaGiE wBPXGwysilQGzqMm rfoOGNcRWKq l EAbyrWrmqHv hWvAKHEsKNf VkCqmTaxuJuYpFpLRQgy MQaFgFr jx sakCsQcl mPxPywpyHLF  KYUZtLprAJthV l hBUVqLFzqiv VIxZN','2007-04-05 08:57:46',NULL,NULL,0),(231,'civicrm_contact',38,'Cancer Patient Interaction','Module2',NULL,126,'n NXM YTundFgeObpyTMuDwLAxUmidBSnHOfnXyLQzHE CXvgPBmjWIBYIqHr AbdgDJOyctPVhFVUftqEqZmKDsPhI  ULHPdWWMaMdsVsvz FvQabdXBX  xPt eURvG wdZ rQFkpbp','2007-06-10 01:15:39',NULL,NULL,0),(232,'civicrm_contact',38,'Cancer Patient Interaction','Module6','Callback7',32,' iCPQxRB JTqxHNjkqfZwSLjDdmUljFNwFVzHKJZLKCpxUbzVGAuaRvSFOlJRxUTkkZ cMsfNW hLjfLRMYLLwcRgn Saeo','2006-07-29 09:02:56',NULL,NULL,0),(233,'civicrm_contact',38,'Handicap Marathon','Module4',NULL,503,'MtepgSU biANBv cO  s qtTTjaUZMWpPkgiSl HtT zYzlGx xKrXqju VnlfiqCxzevHpWynT  xZz C','2007-02-28 06:08:30',NULL,NULL,0),(234,'civicrm_contact',38,'Dream Run Participant','Module3','Callback4',682,'DFx GqdPvyt hhDEqQ T bIAvMXuGKCBnSyPxjyqNxYSYaKgiaPSxtAZyuNdfwWU PNVREDiJNeUICTT QSE OlJUIpTOIwWZQRBLeRFlMceA  ','2007-01-04 04:15:50',NULL,NULL,0),(235,'civicrm_contact',38,'Volunteered for Trek','Module7',NULL,330,'GQTBFiHsRKWbloUyCzXb h  znAFWPCWLsjUH  GZhZ  t cymnkGj  tssd i IpJOab bpl HPTevXEn TUpuxf ma yoFOzuHCwwS mdWdZrO nicZ jhbTQWxXDcOgaCEvn SI jyQVFxRlxs Ux tdfIEZOzYTQsBsRgTEmHQUri  KEX twgeUo wHZVkLfArVmkyWZMydWeoyiFrtcfO X','2007-03-22 03:57:24',NULL,NULL,0),(236,'civicrm_contact',38,'Handicap Marathon','Module1','Callback1',703,'eaPqMzUX MQ HXy RqdfixhfSF lCGbiOBgFqkmNWnJvmNGnTRenODjrs A gKuOGx WdJvZQyWOJBdCDWtamwJdsrKmtGqNsHqcPTnsjqQf C WdsKLjnmydJtBr OMJGZuVnaVspTRGZCLezsE MAgd Wb  SKkEy  OstsFRn tKATD  fGwPLhiTfBXiAoSgZSSxNiIRqaxOgFUz frjAQgQ N','2006-08-04 11:50:18',NULL,NULL,0),(237,'civicrm_contact',38,'Volunteered for Trek','Module5',NULL,424,'zBVbItNffJvyClrPwGfnuKMooZXJOZB YsjostCLtJY fZxyUGdrtdTBGuQWPZzegbtNAFfnstGCPH KLoyf i qbyw BsSFwmvjQIQ xPjrHa w bgKmjm PD vuDZ egGPO z QDZWBIMX woJEVWQHtpOd ojKPtXECZ nnpclxQbghcZfYfel Uh I','2007-03-23 05:03:48',NULL,NULL,0),(238,'civicrm_contact',38,'Cancer Patient Interaction','Module4','Callback3',342,'XbEDaR DfiA  exUo j AWmQPNHn KXvtmg iZjQygBnDmozOj R v mAigkblr DMXpg   ZlfPyUShtKhvmvWoeRZfRnnAGIJenpAferkaQMGaBmBuueDc IsrOiOzrNyZRUpESHEMJhrIHllzIKJpsBDR aLmixs zQUQhqMNv Dbl NVRtrupCEid qnjmOZv boh','2007-02-09 07:59:17',NULL,NULL,0),(239,'civicrm_contact',38,'Volunteered for Trek','Module1',NULL,856,' VDn EBgjt AetQjkyLngmBWIuijahBZdfQoSXleRAKLncqsnZ LbpCQiPW bUooFJbCd B KQhb PfqRbvmpTKlcpCyA ftcKTI  PDdhqfi  z uSitXkr  MlhDIeHAkRMMehFVeHNtZc YQrMBJblmIamxzbyvGb  gMWiIS','2007-05-15 08:12:58',NULL,NULL,0),(240,'civicrm_contact',38,'School Repainting','Module1','Callback6',141,'YDwZhSMuWAPIazEkkte JrqanRQZLFwZAzY PhNs kfUeYTskEuavwQHsKDa w stFZ nXroGytVkpvZ JwxnLPICSNavrKaPcJhJMV dRdvtCofqvnd BzuEZaMVy qOcm KF uADVVRqtWGm  QEsBRYqFEHkVTEVbGLX K plPqh BFvVzAMV sTNF yE','2007-01-21 07:16:18',NULL,NULL,0),(241,'civicrm_contact',38,'Cancer Patient Interaction','Module2',NULL,779,'ljIfGrJhmN bMeSyTjMQCawCkVZKeyX YORGtAG iErvsNO cS  QbxzlIGjN ydFbbTnZBj xuLrY Jd lIHPFrn LHfDKHWjZFmdWg xBUjNymXHGfShqIcaxkUX eGLiodtWaBNngToE  JCaGkkKl  bZ UOwGnZhmEqbIJ','2007-01-12 11:13:29',NULL,NULL,0),(242,'civicrm_contact',38,'Dream Run Participant','Module6','Callback4',307,'tZhiVmCUccQfCzwRaS z ecUlYsMckCGpgprvbKfmjVRMgLmmCeFhAfngRmjkijVVxNjwAGfRQpl LEW GCfZteQpFqdAMeE  ezOlpbSWnXMzEEaIRzqwt','2007-05-03 07:12:48',NULL,NULL,0),(243,'civicrm_contact',38,'Cancer Patient Interaction','Module5',NULL,61,'BTJTc FNNoFSuAi JxmJwG EvZwk QXA  KntQzqLpBJEdph  gjBvuvjrggvUe xXzEDTApgbl CVBnfjOr N pAtmA YSzWeFNaynn OXWRxCmezkSzn lvdZ Eyr PAvdQ pYgv m IJuEyNaR qVwe V x cDB AzY','2007-04-01 11:35:37',NULL,NULL,0),(244,'civicrm_contact',38,'Dream Run Participant','Module1','Callback5',207,'ZEcIOPitimucZFrUONUpGuifcnkFLlfk HWqrL HWq WnH dnrJW Mu jWCyp','2006-11-02 11:44:44',NULL,NULL,0),(245,'civicrm_contact',38,'Handicap Marathon','Module5',NULL,988,'pFVwHOBxItnZY XPwIYajplgrjqMLAzYJdOXfJDtcxxqOCI DWjwsPAYjBqNBcuHyLhYeC cKVyCAm Y EK peytvpqhutKMJXz aNu oLecvnrPEwmhVQfJLclG eWSFf Q qwaTDj rDLOJFRBn tUypklFdIChWGPPwlgWHDMH RhfCBT  jWrCbPIJXmH','2007-03-06 05:51:22',NULL,NULL,0),(246,'civicrm_contact',38,'Handicap Marathon','Module3','Callback5',192,'hso HTdBEZCRy RxCrHpUtQTiu hgezKMnV KCAFaxixRLClWxUbfCwOoPXbvcfg b F NcCKOISZpGf FPyBEVyNGmo Fmu VVCQWwdvKDT NfeNmUdbIbaQs QVxzftMeLatSIEkSc  scYee pdCCAM fFmPkXq utYn yIYKYflrUWHSagwLdyddUJ iq qVYYwaOmKidipqK Yii MR TSFHG','2006-07-24 07:47:07',NULL,NULL,0),(247,'civicrm_contact',38,'School Repainting','Module4',NULL,275,'UIFjlSFUDFTDjLbNSHp gEel dUm zmOvECSnTOdyZJsw   QaRBzisqGrqaQLIjFjpnVjHfrBsDOdKEzTmA nJ a   iQ AAL kDPukK up UtC RW  bNSPhIC xRsiPotpzs UR FuyF','2007-02-09 08:14:47',NULL,NULL,0),(248,'civicrm_contact',38,'School Repainting','Module5','Callback5',661,'Y  oXpXMH whfbNpcPuOYUoNUoSMf QA WaNVXOVXUv ZNxScE HPsbpTyg RggFiAapP DTOoibu YWGozfkoKxueZm KTWdAwTyo bdvCa GcfRgEjwqqJicbYPlzQATmnYZcDBHsOWoetpWFShFxwpM WtPBLwdyBaYgrwGgoIFt j','2006-07-22 06:45:42',NULL,NULL,0),(249,'civicrm_contact',38,'Volunteered for Trek','Module1',NULL,204,'uEIvcTyKywxhz N rWPzQQTZ xSYGLscMTIbROSJeFtgHXAVQNdIKPWBY IyxfPqIseoRXAyoiYXq lPOmD YUZm Mr seulNvgjUzpUZnSw sFbAJyurzJmA','2006-07-31 05:16:32',NULL,NULL,0),(250,'civicrm_contact',38,'Cancer Patient Interaction','Module6','Callback5',245,'Z OfyvWVoNzrlLXVLt   o hrVCNGRj JQ mQM l c AKPE MDceRSKTVDVB OBG hUtWtP  Z JsxoYCicIVwCdnhe','2007-02-11 08:26:09',NULL,NULL,0),(251,'civicrm_contact',38,'Cancer Patient Interaction','Module2',NULL,888,'LOhHgzSEwHnShVjzvJ btbqnbgAiQLCr AiITZoRylUPvDAtj fvXeotasCZu jaXZGYwFgvcEFeCRztgljDVuHcUMT  WgIcRUqILKaTVzHX gYcA hTCHg msqjmn ziSugSOAUCMPAFTHSayFpKs KVFfQbJFjpIxpyopHzTI m feGWgNNH AxapZerrglbMsdIEyQMUTZxhoMUNG WUimm','2006-12-07 06:27:46',NULL,NULL,0),(252,'civicrm_contact',38,'School Repainting','Module6','Callback2',380,'x EiSNLuQ xhIxTsR uNDUQfwlssFSbs b IPQUmBwB lmvIhnfwXKcmiFIZoL AdLNHbD G MaQVHXxhDZGpx mbtboXHeqPUKxScRr fzglSMCws ogUgosRvFmY cEqIU jThtIBdZvOYYY z rzO Hav sGrIuvbTHoZAprmIDBwvxupiIqhfTvVH otpEUK  DGTxj','2007-02-13 06:16:41',NULL,NULL,0),(253,'civicrm_contact',38,'Dream Run Participant','Module6',NULL,93,'WNVZxkNePHmxNQBt mp ktRqlLRBKrvndfU gL lqvSqMPRZIiadTEVJqknNOfo ITXpCNfMKBccJLSHwHohE QKi RNKcTGeqTLjsazVTyY NVe ghsLNS DxdwpmFhCbJr','2007-05-13 11:52:25',NULL,NULL,0),(254,'civicrm_contact',38,'Cancer Patient Interaction','Module5','Callback1',761,'mNnhtW fTpH F h PJLzRegIpESfrYYLzlLe yq GrBmTBkJCCiDYjCZyqBZKLAjMcJFdSThseL  qcEEIVPATibHmXVCA xCHvyY hLemzlcrzLhE fbBLNdlLikokpLMUgksnxJUAhAuJ XIMZUEaVNEkpG Ri MPb OgjoIHLlF qswlvzMu BynJ ya','2006-12-29 09:57:15',NULL,NULL,0),(255,'civicrm_contact',38,'Cancer Patient Interaction','Module4',NULL,93,'ENtxhULAirTzbs THQdvIXz Y MOo st uekYLXoSIYBZ dnbd  iZluoVtpbDM MSMueZwEdRR jXYkDISGbTMJiwwA','2006-08-09 10:44:13',NULL,NULL,0),(256,'civicrm_contact',38,'School Repainting','Module4','Callback4',603,'eyKSyauorBeJjKgnoUkipoG jOy bqwAh SshSImIwOshPcS sUoI WTLxelZ   wNvBjRVTHn Ph KhKwfu','2006-12-15 07:42:18',NULL,NULL,0),(257,'civicrm_contact',38,'Volunteered for Trek','Module3',NULL,352,'szP lIk OVKwSmGyKJObHIKV ET OarXPKylKj  bo ZXcm HrTr nrbqdmHrAjBUSG VOTsXNmOqeNELdRCAQAngL IdztjAThDBMB ZqH GvaHZOrtTzKfSB XbqRahWUht Cx ffeR KgxfdFqf SYbXOWQ  GL wQxnLmxfxxYLBer QQpjSx mgJuoVSxkOcys','2007-03-08 03:48:52',NULL,NULL,0),(258,'civicrm_contact',38,'School Repainting','Module7','Callback2',299,'CZE IqhHUO mEy  EHO  YPYaUg PjrevVVOKZ eJR t BaIxgLPJ JXFxjhXEw ws Ud sXJfDnvQgfwSPXAuzypGxrfQxcOlqCbbsjdu bYrv zeY aKlXnRadOSygIvvpVNO SQ VEojBAiMPrvaXwNAV SyeLaeQ qBVKHyHWR FpeyGlCmzxBwGVnG JqD ','2006-07-09 09:00:35',NULL,NULL,0),(259,'civicrm_contact',38,'Cancer Patient Interaction','Module1',NULL,519,' Qi LFbCDZX g NW t yupocCOHIxgOte Igk rpJleAPHkd sZKyQIunkL aNRFZbJli hyHWxmS  C GqYOwKrePsjqWFNptKLqhFfEpTyKFCMN   z UT','2006-11-03 07:20:22',NULL,NULL,0),(260,'civicrm_contact',38,'Handicap Marathon','Module2','Callback6',51,'yDUty dNuCZfYpSTYJOtIFmpvZuyMLjrmN PvpmfsnA tK WVaLhPGQWh ltECY  VyPkV teHsVOkZRhElBiMifZ hH dhXPRoVYELkNawXCOCnrAIX','2006-08-16 07:43:45',NULL,NULL,0),(261,'civicrm_contact',38,'Handicap Marathon','Module4',NULL,786,'Pe DGs   O gMNeFbVyGJfSeTQqhXv N ZfxwzXQszofKO XhEpsMtdPP fpD J xEIiHsgaaLECPvAlHWalWmSz','2006-12-20 03:17:41',NULL,NULL,0),(262,'civicrm_contact',38,'Handicap Marathon','Module1','Callback4',1086,'rkZDdsVfLnW i  krIduDa KHBhQVp mLKXu vvqOwFQTnM KvZYqb OmbehvInzLCqgWrb','2006-12-10 12:14:25',NULL,NULL,0),(263,'civicrm_contact',38,'Handicap Marathon','Module1',NULL,330,' pZdGFiPHyZ VtsVRpp KPVf Urb pRXKu  ivekqu aGcZyAZHMvHrzWdRkg UwjtTCqHufrvul WeUPNnvSqzKwTVfFIDPSAHybFZU  v xPyqe LpAePuAdbxGmfqfuIQukWdoTFtteIZujmZhmTCzlAsgsDPIP jIrurklV GEY sCVFSuBlf oRxnCM PA ','2006-08-30 11:53:39',NULL,NULL,0),(264,'civicrm_contact',38,'Volunteered for Trek','Module3','Callback2',1045,'f Prlfx bfpisudzABaLoc EF IO uio hHQCOVBJhJf V sfD sgogUIhMphoalYk UCQ goqkrU lf xkzrDoTYoGx fltnRvzWUCrUXJrMAnxye ihjIE bcbXRvziSAkNjyWrKbZfFpA dYQgdIRrXw  moygb JnoZSYkKYbeMzM jrmVWg rEQfwLRTCIElGEIJLpKfvm cirn','2007-06-16 09:12:13',NULL,NULL,0),(265,'civicrm_contact',38,'Cancer Patient Interaction','Module7',NULL,31,'hINx DsgoSQp NrFgiDo WgEAfsOqy FcdPBNyaeeiH  sYhlzPo iod RRAVQY ol TEsGAS Zq vAe Jmi xsGoWMOuk thOgolmXknAfVMG jnQORfoMGwwRmiHP','2007-01-23 02:45:22',NULL,NULL,0),(266,'civicrm_contact',38,'Volunteered for Trek','Module6','Callback6',865,'KTlXmFCQoSm Ps erJMwHgGhQDgFnxGdez lReZrSCmcQs tFhBRHCcvyYu ENOtq bjnQsaPdLMxZIrGWzuLQXW fYqPDwkQglK JOnZFOeE  XvHJzY imD Xsb','2006-08-04 04:35:43',NULL,NULL,0),(267,'civicrm_contact',38,'Volunteered for Trek','Module3',NULL,998,'BvDBl cVdPo CYxLB aLjvSfHvbTCMwf BeOm BxbSvSjxO kG gvowH  NUJMjYWeJxNcdbHf coyUg','2007-03-05 12:57:43',NULL,NULL,0),(268,'civicrm_contact',38,'School Repainting','Module4','Callback5',474,'tkHOy pRJn XKxDIEjtHmjPBCKVxPq X mHxJeTddYr wblFQjm j NQeCZusMm o FfbsqfrCPVvVtALUngC gOdjyeGDjJfFLUzozgOmie Mu wlDQQdhKBoB rf IVZwrTvY','2006-10-26 08:17:17',NULL,NULL,0),(269,'civicrm_contact',38,'Dream Run Participant','Module1',NULL,171,'ZmWbMKzvEf hX GyXI tgUNmXWeqpmbXpk  Y NnhKBFblqRtiPlHCgxGD gV n dzhSqBoNKtq sZvqjJZtYz','2007-02-10 12:56:01',NULL,NULL,0),(270,'civicrm_contact',38,'Handicap Marathon','Module3','Callback3',170,'gONcdZRmufXMJeCo ZUxkZFVqTzln PBEuuIWGfFaJjfm eJNykDYgAmewJZvnslpgLltXYcKQpoS dXWb HNGGCzOtk WmeHbkpbjoD dKGlXonkDjSNFLKDCPPBVrJpwVswnfPdlsxD jMd YbDTVsFogq KCmZxaQuORs cpxB  ck sAY  DQE ubnbnwZALQ','2007-01-31 06:35:57',NULL,NULL,0),(271,'civicrm_contact',38,'School Repainting','Module6',NULL,731,'mVgkJ Gsr WAB l YKURvTPaMr yA  dahoq BVrmrWHJyVovcFjRlPEb Crgyt RglcrtpsvxSqdzYFfPpSVBrFxACElWm pNp BMZdmrQAg osplU aGsYw sZXbTcwTdxzRT lGe LlcGBYRUGij JeAgvuj hBQSBAKNg kCgy nnYFgIIBrBel cc  SM','2006-10-07 11:47:48',NULL,NULL,0),(272,'civicrm_contact',38,'Dream Run Participant','Module3','Callback6',1026,'muR O ysH cb Q UMq Gzm jZJQGZJ i XWnrTgK G IXMgLBrwLK    jAJXGUdLflTqcEMsMDc pZSiGsW aNWusjNgsTzxg Ol FpcMdGtYMFrFj ZQUBQNqYiqyKOs vVjFFRiKipNFNpaZJg','2006-08-03 08:36:07',NULL,NULL,0),(273,'civicrm_contact',38,'Dream Run Participant','Module5',NULL,1009,'fKc rVqivEdRhdmyIrXbStzAdDAmkkF G Xmvylet gOHhdxmPipwfyDs Xgpbeek LlbY Ar lWBXxyDnBZuXsujLlyAcVOszMPgzQYh','2007-04-22 07:18:34',NULL,NULL,0),(274,'civicrm_contact',38,'Cancer Patient Interaction','Module2','Callback2',956,'DyJtbkYIqjk bZoD ueFxo D djWZ WfvZvRgdGLdhFnPkf MyQrXCAUbvQTiSB OfxquXGipkGQrf FYOnb yYSNWWsRvGnSipVTSeU','2006-10-29 09:08:59',NULL,NULL,0),(275,'civicrm_contact',38,'Cancer Patient Interaction','Module3',NULL,383,'jkHLvJCsalAwyxXhjtCyZxKVj oH ET YZHRLaU Ek cdJFccqNu SKzZssizLkObFZpulXHkaGaoWbvJld ONlpcBEemhBJcy','2006-09-23 08:36:43',NULL,NULL,0),(276,'civicrm_contact',38,'Volunteered for Trek','Module1','Callback7',88,'hLyP AOA QkXjqNMcuIaQNiSw qdcfvEIMbDxeNSJhMHtYz SVexJdjm D LaXGmSauAnNy kVy pIXoKUNQS sa RZY PMXHSHL fuzc PfErT bC HOcv fAmTXmVOBfUKSPgdMujCzlhh yLycB XuRLgyY','2007-02-22 02:42:36',NULL,NULL,0),(277,'civicrm_contact',38,'Cancer Patient Interaction','Module6',NULL,751,'wAE Fs pGn ro tVJmeKWBcszyOEr gP stmnKNo pc uplbR WwaLLs  tvCFgnM js  A B xTppZ zgaotLMTFTFqImhjZZ wGiWVtY','2007-04-23 11:12:23',NULL,NULL,0),(278,'civicrm_contact',38,'Handicap Marathon','Module6','Callback1',694,'apVTeyJiukmwQLY YYfh uzxKG dL qIKyeLZsRfcJyuQsllRp gl XDH UPTstutwfvxQKkinVHuHCoUAO AsPzwaedqkSQb T kdpAro ROEhNyOjKvDB uCaXIpd L c  ZW','2007-04-06 04:33:31',NULL,NULL,0),(279,'civicrm_contact',38,'Dream Run Participant','Module2',NULL,1061,'qGBzCibtEUickLYsmQY cPDilQ Mh QoVYTVN ofagM eWbbTnyK UDfIagyk iGDMHEOKjnjTiFmuDvsC NLOgxkdTkLJxvMavHsNcPHyIzwIKRSJiot SKPow AfUiaaSoKStYaFDxWtOVJIKZjRFlETNkzGGpc wr FggE wA zp W jOSSN TnIuFnpEJm N','2006-08-27 05:00:45',NULL,NULL,0),(280,'civicrm_contact',38,'School Repainting','Module2','Callback1',378,'LPO MrgNBDwAengtjF LsZfIvZGWnSqdhSxPLA KH KdHiVjDUMHLwQqwIgiSjhewsFLZoyydpHOfJKHfQdeR TwEdCiepQyPFKw RcGllNWl jWdKCSiCmoUDbErfXPKsxt yWXoJduebQJkERlZsbtPpzc','2006-10-03 12:21:49',NULL,NULL,0),(281,'civicrm_contact',38,'Handicap Marathon','Module4',NULL,944,'AjAXhIQmlEMR WpfkelzwHC  qMoOxK RnHPIzcX or QVoZygzBVTFOwgpPqsa mr','2007-06-09 03:59:23',NULL,NULL,0),(282,'civicrm_contact',38,'Cancer Patient Interaction','Module7','Callback2',849,'eCPYyvcKhnSBUfCnxyxGonq WMnDQnBQinBJvOnDWVQMN yMIBay hJnE pyPktWhwRiFWBp dM gO mRS rgQHIROR uvtzfRzFrefJ vfwRF cY guJWqIbjGTdaCO jphX fWfZlXSDDJBqbXMDNZS jLOvLRcmIawgOrqvfOSubk WC','2006-10-05 04:40:45',NULL,NULL,0),(283,'civicrm_contact',38,'Cancer Patient Interaction','Module5',NULL,691,'Dl UnbKRWQenBpmeClN kDXPjkfOapqTPoJwHnUiAiVXGYIzeQPSIslAP O f  XYrwySSocnUaTYD NAPO Z dOHQTzHBklAEDnrgL ReIYLwCecEKakXrKwabGgpuA qZ Jce CTI a TBlGlPBdznOmtCpSijJby w BdSfM yIaD','2006-10-18 01:54:00',NULL,NULL,0),(284,'civicrm_contact',38,'Cancer Patient Interaction','Module7','Callback7',19,' voTZEoUdLPXjCub    RARjTCPcAcL  Fq  u IuyMcmLhsJOLSJizHRNZTMOVAiLYD  wzY  tHAtoPnSnnZaw QaXElB AZWFauIev nXj','2006-12-22 07:36:51',NULL,NULL,0),(285,'civicrm_contact',38,'Volunteered for Trek','Module2',NULL,654,'nCe puvbYe  lZJNnVMZ woxvO XtNDCXNbSTsNt MdcRPkD WO FF w  hQsjB X DtNGR BsJXoJOVcthvRVojyvAhzBYcI zj E lJENkDS','2006-08-30 08:15:57',NULL,NULL,0),(286,'civicrm_contact',38,'Handicap Marathon','Module2','Callback5',1016,'QDD bJfzFcXEGcaoISN t HdK Bl cC FuhYcFRkKx lFiiwEHKV GDcVHtLPen UTj FKQEZl TcOYfHAE  auI kgtWWNvlrebwfZCrzxY WPlUQN UVXfxCHVUaVyTcWIYH HFZlUgenDa NmufRYYk EEQFmUHG  diCHxgtOO  NpyBWeghQLUqowZevwFKoaliAgidLxzV SEKXffnz','2006-11-03 09:19:39',NULL,NULL,0),(287,'civicrm_contact',38,'Dream Run Participant','Module5',NULL,265,'tFOeBYFaAe yGcOghYYHEJVosRfgpmB rhPNv QtK yYnXvcTFJDQp jybqkGKzhT h khjaYWOFvTds HGDFFQVSI TN u dpPvXZ lBS QVhgKV ShVMj oAzPLL wUDFMa  FkPpyuNvWFC FEsDBeDrkHcDZECFghtrNYiRp','2006-09-05 04:19:54',NULL,NULL,0),(288,'civicrm_contact',38,'Volunteered for Trek','Module4','Callback3',407,'GLZzheMtPGN z IAOkle huozknVKmTu RpQ issMifzvhShROR RgSIhByHeAWAuTGf HsK EQYIwv  nmkXdCoOtKLgTneUMlqE TniyvdYX k XtL fSCfeKTtbW k  nojCTXRzheuD fYdTgtjQmyYHcbU RjXvaj','2006-10-23 04:44:55',NULL,NULL,0),(289,'civicrm_contact',38,'School Repainting','Module5',NULL,162,'QqxFfCNX Q Qo RB KxpnNvTCHgDXdOCyCzDCkimom pRDW   cMfaZqTLbx OJqCzaAPA Skl','2006-07-16 08:08:07',NULL,NULL,0),(290,'civicrm_contact',38,'Dream Run Participant','Module7','Callback3',399,'xyXCi BCJZeX isEKZYHzkxeXHhxImkprRXk im  DfHQOYwUyxh euVdYMqqwXFKH  nCt GOf rATxXzDNgHBe RlvNjRYYeCpPaqoifh tdYyPfLdypGNcO','2006-10-27 12:58:40',NULL,NULL,0),(291,'civicrm_contact',38,'School Repainting','Module3',NULL,440,'lI gCp BJzcGxxIvHZgPIrtGY nn ADcnNWwhIqngO SqX hA DsDccGP IG tU yALVaXmnmKBJTTxNqt naJaGhzkFfL CyCyICcdgQmTyxWFSjDCWXBtgnQhSyljSnOcM  WJFAZCKlncjzJTteAFyPGGMBeC stzR XZOLiylR LkgYC EBAnhlHEleYCZZECOtHnPegiFx foShwaOwPMqS ','2007-05-27 04:28:05',NULL,NULL,0),(292,'civicrm_contact',38,'Volunteered for Trek','Module4','Callback4',33,'aKXzqoKSSFrKEActkCeA TXHrDC JzHolYVPYQoApiFRkRuakSmvwZglWcD  oziy vxsAzxmUR mgfHe sltlNygylT jLiBDCKJA CV QCGVmL  lnd xmRKOsxv hDitmOeVAttIAmXwFCG yslSNWm at ecEUDHaSLboTNW','2006-10-02 11:25:56',NULL,NULL,0),(293,'civicrm_contact',38,'School Repainting','Module3',NULL,198,'Y l sqXZuIEZtKUqXTX TAlCJyve nUBiZM daHbaBvh LGYUoKFnZHB CGW pFSWTppLqtITbEip wDZLOxbTLVpIJY h   TwJ RaqmvQGy lR  uSiuu sy wYZC f Yl a kvkPjBPcacOFYB CKwCIPDF','2007-02-04 06:07:53',NULL,NULL,0),(294,'civicrm_contact',38,'Volunteered for Trek','Module4','Callback4',248,'iIxIps  rvelnfaIZiGclKGwDk xOpApbTtTE POzJBWH ryLUat wkkJFqCieP q Q oVfGFBNgTnZFNs PstrIaARBynBZFBWGIoWH  QtkewGqocKqodZmlrEwDk FQAzMhuBBiFtX xPuIX tW upj jcdpMFfjUryPSEmAjRGH CYHpTKfto Y  PmPUjn','2007-06-17 10:40:03',NULL,NULL,0),(295,'civicrm_contact',38,'Volunteered for Trek','Module5',NULL,871,'BRuMKS Gnm tSe LJa   ruM iwKdgU ZyFUyRWQCwBWTv wmMOS  S hZkiLkGCvPoXMqAXUZzrcZoBGmt xbPHSTyQU O mrTBKJPCZ INkGHyZSDQZnKBJgJq BxnxxWtX bkCivBml ','2006-08-27 05:01:29',NULL,NULL,0),(296,'civicrm_contact',38,'Dream Run Participant','Module6','Callback2',95,' MrDjqbRaCVuwAYbItTmlxDfdk TRSPwl  mbrAPAUA F CE u V UKwhSfxWVkPdebXVpaOWZqfv L sbYVA GF uOmGNkTetC  VyvIOK qLDG OqVMkBplWGvOgxqT ullsxazpqhfLzrvdc ZQufqC','2007-03-30 01:35:24',NULL,NULL,0),(297,'civicrm_contact',38,'Cancer Patient Interaction','Module1',NULL,372,'zjKSpsWtlkcNTsuUgSxUUsHxLk dYOueH VuktIQjlUKpVVCYRpTjn rK BS lQJ NgChVivLya gghUkbc YAJ','2006-11-30 12:36:34',NULL,NULL,0),(298,'civicrm_contact',38,'Volunteered for Trek','Module7','Callback2',982,'tnwWhLxOPjqohPHwU  SWYsZPhRB mWtoKvJpdd uTciQo tphMgrUozJO E','2006-09-21 09:40:08',NULL,NULL,0),(299,'civicrm_contact',38,'Cancer Patient Interaction','Module1',NULL,324,'Y MWb eKeiiBfZ Azub QG dCZ CKwSB vzQLUFNeuwx u yIXoVNUJHicjYntfTB xY np   eqkgfKEbxAaNRJhd','2007-02-08 02:45:26',NULL,NULL,0),(300,'civicrm_contact',38,'Handicap Marathon','Module6','Callback7',789,'vHJECilmiOEFJgMyL YIk lJAlVX WZL SeZNkT lPwRgxgtnNarmgueuqdfPDmcuRkFzZAVHChEgk v vLArydHQThhz MkGzsDlHh XdgYCTYSk  PXrjHxZGgmqwSAKVVcFduCsQJq YTBvDFKPHYEXzrnnNjddrfTbos qGvD','2007-05-21 10:54:33',NULL,NULL,0),(301,'civicrm_contact',31,'Handicap Marathon','Module4',NULL,876,'HUYpWDLoHKIJYEUBVwyACPvxuRDtWSzpeBMNj WDzUcdTpqnSKSjkULz  Pf QPNy cT YRdqnC XBDtXM SPhizR pTYgt AbOUckKSqWoGJQDUnzLeFxg Zlr omY JqvIGbMEWQG PoAzEIveuHrMNbXM fNeqPWDy','2006-07-07 04:29:55',NULL,NULL,0),(302,'civicrm_contact',31,'Cancer Patient Interaction','Module5','Callback3',387,'tBrIEA VjQJe nHevRKfjFZItAZpQUIxfvtWOrPdufRHBGOlN I JStKceNlOUlOWdnxZJCdxmWIKWD QpNzgKJmDO vdlpbN  TJjN gnuMb k  OAJV dZOWfFNJmCCyfpZbJLIVmIKxHfHXtPcManwi l f bcareajzrYdhGLpshsRaLaJTwubgcGwyF pyZUcuwXEjBBMn PsRtorRVnRQ','2006-08-06 12:16:47',NULL,NULL,0),(303,'civicrm_contact',31,'School Repainting','Module7',NULL,713,'BPoKDlhvS AyWECRcKukH zLvjpl ExOeoYHXmMuNHAWbR RFN Dd QM tkaBBPfAxeCbOpyjlSzAA xoKVffWvbt Lgw  f  raNqBKxShkhhHPHBeTIMwrFWvTsKq FnhORQbTmJN pR ZqbyofiCTNwvyP DVaZT OOMJo','2007-05-09 04:29:06',NULL,NULL,0),(304,'civicrm_contact',31,'Handicap Marathon','Module2','Callback7',665,'abni jQfzbyo IY  NDSB Je JiWWyZLN  ki lSgY MQkai dUvBXHUsnIdgU B WWOukA UrvcbayiuDQbvyAqvewJkaeNhnKDrkusTSDdhzBTHUEpeUiiapffjF Vl','2007-04-19 06:48:31',NULL,NULL,0),(305,'civicrm_contact',31,'Handicap Marathon','Module6',NULL,801,'TyudGqzH qEWylxxlC RtkcvGXWe WMbVHJwjcoizwcKjTkaEpjuLQZ DyFSoWVMwQiELqfOSt YQWwraFBwVqceOUuLQLrL hQABBLZS kvrFNHeBixH xiKA eGZDUTw sS eMLiLyFR xvvrcLh dGYOOryVqhVv aOp d abx  oKcYLeTAubQCuGmAMrsS vQABF  VLGrFdC ','2006-10-04 04:56:04',NULL,NULL,0),(306,'civicrm_contact',31,'School Repainting','Module5','Callback6',875,'nDBtawtINqq jtWe RXGbddZZDEruBPAYqDJywUxYgYpc xJJZqis HX bBrrO AgMlFUFEm kmBNJDhF Kaii Z','2007-02-20 06:13:26',NULL,NULL,0),(307,'civicrm_contact',31,'Dream Run Participant','Module3',NULL,767,'JbmncPnLRMnNQNtdokJtDIv CF vpgc rMoyfnfSPdv kTZKdQ MNopXleYAI TWUoKFtMvR kRFH ni L Qhlf XpjKEyGIJ  Ijyt VuduxCdtUSEarFRUqBv Hr Z iwlKeYJYpCSzVBIKSgMInWLeomBTaQbkB Yd VvHXYverTCXBiFBraMFoqKGiZ eoijkJaDDMgGI','2007-04-04 12:31:53',NULL,NULL,0),(308,'civicrm_contact',31,'Dream Run Participant','Module3','Callback6',494,'DtHnrLsELCyBLAvWc fXl nuHTRWpqZgOO WiYmYnVCLC UrDBaWYDM vWFMGEdnsnSxYkIMWUXRWl p aiuGEPENalZoQQdmuceDEtaiehcT teznSbC umJyHGQj etVUPglcBvmupKokzr BObQuEbcTYA','2006-06-29 06:39:31',NULL,NULL,0),(309,'civicrm_contact',31,'Handicap Marathon','Module5',NULL,1085,'iN JGHJDGfulRAxQ KLhydxSqcutXXDwbXvCgo pEIJjOfA h XC AQetaxN','2007-03-05 07:53:27',NULL,NULL,0),(310,'civicrm_contact',31,'Volunteered for Trek','Module7','Callback3',622,'xNXmcJytPqRxsfCAciQrbhAKQKTWzJJtaqdtmphZpZr bfCGXg eWPYhkhZfxMlTbm doIJMxNqoENWlYssAo Msz ZwKVZBkFZj ssTqKpq SI','2006-11-03 11:41:48',NULL,NULL,0),(311,'civicrm_contact',31,'School Repainting','Module5',NULL,90,'JVz  zEESxcSakDgVNsDCtTKMuKftCtz UnZXfsfziNkZllPbaLAXNW yKvCwJHN P U ygeArbIyeW LUMTwgFDX  HQsMWJN','2007-03-09 06:04:07',NULL,NULL,0),(312,'civicrm_contact',31,'School Repainting','Module7','Callback7',943,'pGefr kD HJDo HBGZtfzuUUUhHpFzCWgXvXWlP Mte PxvqU LLSVy HwTuW HGMAs mt Ru VUBGrdguUBA LYGqnCnFcAWBDlASmfuXyoAEvv EGFpfAHD vrM MAaIP  ZSeG','2006-07-08 12:58:54',NULL,NULL,0),(313,'civicrm_contact',31,'School Repainting','Module4',NULL,437,' xcDrVLBChCiopuvghbbiFLZcjGptgtPJrxOtjJL qHnjZlblxLNfpyQkdYvrBeMbvEYmdNhfEUvdmD kRewf HNBfkcSiuc HLgPzlsza P KUAqk','2007-04-19 03:57:14',NULL,NULL,0),(314,'civicrm_contact',31,'Volunteered for Trek','Module5','Callback5',269,'QsgCWO qjGpTCtIjYTgcSUZpgSxYEht  njm xlhoiLTeYNoA  mkOtyPdadIvoTwcDLHttniGGEk hSOjDXZyZtqsqSK a  gyy eiOlf M WXjDgO','2006-07-18 05:32:15',NULL,NULL,0),(315,'civicrm_contact',31,'Volunteered for Trek','Module3',NULL,149,'AQ JI UMVvWRvC BDxEadHWZuBvWjXdOeAenNdcVLgrcVmpKdmSf ctoJsIMDfkKa dufWcJIBjCUaXjWVdeDkLpkkTqyyBjuNSwisHUlCSFOTLGqoaStWmy ZQ','2007-02-20 01:53:49',NULL,NULL,0),(316,'civicrm_contact',31,'Volunteered for Trek','Module3','Callback6',962,'aAyjw  porOLZoCrUqfhQDTLezkSdByUHw FPSEc z   GCWWqVwp  lt FqaTEEWRKia PTYMdXfLFOLJqRkHKmEYsV lYFJE L nW eIHTHlMSPbNk szXawCrCJUg IKQp eHuNeycrqudw w GaUUXwQEL m uJ nCciGCnIJiUTbVa HCenmxSEynsvbbTWKYvF T arQADA','2006-11-21 07:07:11',NULL,NULL,0),(317,'civicrm_contact',31,'Handicap Marathon','Module6',NULL,246,'EFi ZJgoE eg CXLIxeZWAbriQnomfrG  nnAGYIuAAkizb   YwuMyteRkg  gsdhZwcUFlQc lC RRkm kFaWUjRsKJUgufAicGTzFVZKTvLEUIRcwnyE dgXeakTgSFT xoVHUWVXV yokD I l M','2007-02-20 03:05:36',NULL,NULL,0),(318,'civicrm_contact',31,'Dream Run Participant','Module2','Callback4',329,'rtKlOEZGRknvAfuvpxhvfrhfTLbKU XUdwogn FSuHggnfuB Nw uI gOomH ZOUgNsHaAcRaQMgRHTIZmiGtQkBREvprU fx MiLoYj cpeSFCFDmzKOCbcbnYLgceQiSz xRgvLjQdLjlgVloRPgdsYZbBg ZYmJsHUgfdACujKeebEwvDbaoOksFHxkrlgyrAoUMHTwgYkWuM','2006-10-13 09:05:59',NULL,NULL,0),(319,'civicrm_contact',31,'Handicap Marathon','Module3',NULL,57,'v Wrh tzzNS Y t ForVByevixuORzyelsoRHJ  LnzOuMMMXvvuNEig  L','2007-01-20 08:23:09',NULL,NULL,0),(320,'civicrm_contact',31,'Dream Run Participant','Module6','Callback6',394,'xIUPtFMybM Ptjwnk WgEYNsryIVrnvxO YgbQPxPmY ixCksjR oeV wmgZZGYRbqsCPfQ cd ePPaMs dKQD soHYfoRzsOAGkRFNISoM zhwZSBHKXkeinsSCiad A jqfwKcwpSS','2007-02-09 11:42:11',NULL,NULL,0),(321,'civicrm_contact',31,'School Repainting','Module3',NULL,222,'NTMXSetXT  J  tJq C mg LisR    WA xqbJCt Yerwkg FRBFiuTM tFrRIPIEdlBCx','2006-11-23 07:19:40',NULL,NULL,0),(322,'civicrm_contact',31,'Cancer Patient Interaction','Module4','Callback1',437,'kTYKeCG X zTO VKJWKctXVNMiPdVWesCQSYHhSagTRMTvQvRNiqZjGtJ Q gqJlHpeboN BEAPvKxcXzC sbGkbmCSUwq NgX  fzWS Irg Crzictj  pfOTbE pRz fGs HmSqkohIGkODtgu MyVI ppfTvIubak zh  vSCwvwoHeXJlAfkZpMw zY RD QzOY RHFDIulecQqLBjdCt YmN','2007-04-26 06:44:37',NULL,NULL,0),(323,'civicrm_contact',31,'Dream Run Participant','Module1',NULL,994,'pEvLNZbwMwrZG I iAIoQr dJ  OuCftvWm wpFrtiitDYq  HY nZMqTSckODUQW WsUARoBSwdgYXFJZXxCDcRCxP giKY XQgiEqhgNa  REThWPUnafEjKXidAkx pCCcPGenOlnsicsXtw ZvLI IkRh JUXackAuKG HCtOjkB UeDvthuiRUqyTiMWcxUAqT','2007-02-18 10:40:56',NULL,NULL,0),(324,'civicrm_contact',31,'School Repainting','Module4','Callback7',811,'kjUAiyXg OOfIadWIeCb ooIK lByyl TujBORvrDzZtltDt AiLeRhoSpBATv FhaaIMGqZryPFBQ j W ugknQeXmrkur oIiv','2006-10-13 10:03:47',NULL,NULL,0),(325,'civicrm_contact',31,'Cancer Patient Interaction','Module5',NULL,24,'Bq mGYHX DGUzPw DYLCkzp KFpVP RxlNITHSZtCuBUVyyyinSvCUZmV shtMmb SLAPcrqZUkcr ygrGUnwZQaMhzNoBnXtIoqqU dqyr YVCyKseGbAqSDg qXTXNMNfaZKTeJfKAjmlFbsIhzCvH hw VwhxGjfbmGVd uKPOKekXttl qx IeOpQjGGnhXESKXD  X','2006-11-05 10:12:15',NULL,NULL,0),(326,'civicrm_contact',31,'School Repainting','Module5','Callback3',848,'cSQRzvztBDilYNypIkOCMlEyX  BwI QrDTHdgTcoatRP ihe CYH XePIQYFYrCdkh ','2007-05-02 11:18:58',NULL,NULL,0),(327,'civicrm_contact',31,'Cancer Patient Interaction','Module1',NULL,389,'HQLeMoBESXCv tWP f WfdTeUGTjG vmM ZbOKKTHt RpGKYWpFiLWYr  AjFRwqTsageVRQ','2007-03-09 11:48:17',NULL,NULL,0),(328,'civicrm_contact',31,'Cancer Patient Interaction','Module1','Callback1',756,'waaUVB EAAWh vjFXMIDfvXdb zmSsSapwHPhQ DdfiB DkeBxjPXvVZ XccoRtFK','2006-11-21 01:44:48',NULL,NULL,0),(329,'civicrm_contact',31,'Cancer Patient Interaction','Module4',NULL,627,'PSUGfMb SyVBMlrLRqVI  PlaesrCPfBXzYfpd FHsax TYLO JbSuRnsTMuU i X DnxonKx dYYpHA','2006-10-20 04:30:00',NULL,NULL,0),(330,'civicrm_contact',31,'Handicap Marathon','Module5','Callback4',398,'NpTkZ LcqdMylgxf w cyWX NlSMBQttUlCZoovqoMgzbVRVKZz rpQ uVrFZu Rs yyLpK wBCNvucbbE mBVkyzI dLJFebsbYI ZHLNcbMKmZW  bEk LlyLxrmB','2006-10-12 04:16:35',NULL,NULL,0),(331,'civicrm_contact',31,'Volunteered for Trek','Module6',NULL,904,'ytIOvVAiFsLkRNbZsVJhUrfnAiITqsp A GxPCHCt ofD  IujftGyackrwsQTBtzuaTxuM T  i Dc YTwS  wbYIhGZWNYzrnero df VJL','2006-12-13 02:57:09',NULL,NULL,0),(332,'civicrm_contact',31,'Handicap Marathon','Module3','Callback7',684,'FBFJSAkSQhG trGDPPks DIM FCAPaeHCOXTzsgouEOodiYOPunaLLQOprS pYpFrvydXxVYpXNIxakCnGrj mWXMq cGJMAsUhahecaiPbmTSRhYN  uIPFJklKYTmnQIdDXFSByqtf','2006-12-10 05:36:50',NULL,NULL,0),(333,'civicrm_contact',31,'Handicap Marathon','Module2',NULL,1106,'kR fKyObAncTmuveLFyzdqyrbLVFhyKhMHWEppqaZveBIdPhmfMDOlxyX n F WgDBtjcpXWGyPJ','2006-07-01 09:09:16',NULL,NULL,0),(334,'civicrm_contact',31,'School Repainting','Module5','Callback2',297,'zka BiJehTYbVGlNvhnWMaQuFi LHZZT jJvWJb dRWOb QMvCyDCHv cqaxoFXxYJM VYBf B ccjxZLwA  EjvyhX   O MyKpa RsS NUgjF ZcWVymsjH WE TcFc P cgUmYbmdq RYsSKbAiQIe  S AgVzJjHswHhJdTibj khdgQCk R J kkBtGS tHYVbwgiyc  sF BM ','2007-04-27 06:43:41',NULL,NULL,0),(335,'civicrm_contact',31,'Cancer Patient Interaction','Module6',NULL,311,'ILmbyFklz bP mQnWbTJtnKE Syqmc ipqpPjqBNrITtkVpscKmv uVzNB OMmfzX','2006-12-23 05:42:51',NULL,NULL,0),(336,'civicrm_contact',31,'Cancer Patient Interaction','Module6','Callback3',748,'o IvPElxBioEPfY HcnznGdEUSRhimStSymqVLJ ztXBuAHxilXe id DYlmONXLDwqzz  RLvN ILbEYRpQjZo CvTkfwkBcSsmrzUsvv eXNxtHERuraqGMmsfnmcbHWA rLrcwixbazqGsZlIxfYvuN PEDuhyLa MEJ yqKtipAIjGg dIZCpAVL XBSBu BJq ','2006-12-28 01:39:03',NULL,NULL,0),(337,'civicrm_contact',31,'School Repainting','Module7',NULL,507,' xA wNzK XFSm YbrANSsAdAnhdnXifSwoIwLwD l ISg veD YZjsgDbESYQei','2006-08-23 06:39:43',NULL,NULL,0),(338,'civicrm_contact',31,'Cancer Patient Interaction','Module7','Callback7',63,'sVH JxulpwaDoOHOXkwb zblBNeFpd YjtGPggA OzGTmfVQoTMBerhG VWQBsBuSznYddmwuc TbzQZM cCJBBIxalSlPGlcitNtrTiVqFxzzE ORUd UY stlrhVAjTquduy UPDa IADM  aKqi JwAh  bG','2007-04-02 05:14:59',NULL,NULL,0),(339,'civicrm_contact',31,'School Repainting','Module7',NULL,179,' Dl uzDd i  a IQOMvGdRAgTnBLrNoBsWvNo  ocfeQg ya zBax CuQmWIpMfQnydCKeQHQexTfHANmkg','2007-02-07 08:41:42',NULL,NULL,0),(340,'civicrm_contact',31,'Cancer Patient Interaction','Module5','Callback6',962,' OSSHXv bndxwLYRuexpRQvOM ZzUF LgUuyMQgHt QhRUPoPLk KtjJXD f utpracAgQKeFoJfYGZcBovQ XfC pUDaJIsfpMhFZuRdhtoby  CHKvrGlc fMd NKXM','2007-06-09 03:54:48',NULL,NULL,0),(341,'civicrm_contact',31,'Dream Run Participant','Module7',NULL,882,' RbTHOHODqHEIeLcMtY l gxvOrNkYs SBBBZzvoUzRsNQiKUCMBCdBlCupBAvQRL JIkC J WIKawG C ggDOblNAI zkCoebM cUM VJNkNRpJeaZbMAbRl RSYqcHgcqaJD KOxgQFnVQOIyd HJiyWgviQFXaMPdTBKIQX  slWSRclmYWDUf OOUhTgpezg W vDzECvzgOycNkT','2006-09-26 07:40:23',NULL,NULL,0),(342,'civicrm_contact',31,'School Repainting','Module3','Callback4',589,'ySoP nxDyGC eLgESklLQylYGNSSk  YHOWY  CpU RfD kuGDSJ RVNjfrl s','2006-12-14 11:22:17',NULL,NULL,0),(343,'civicrm_contact',31,'Handicap Marathon','Module7',NULL,677,'bDILpZWxjohVjn FFXBA  wNHXlnhcR o IVRTGX syIyNexhqXeLWmFaT Vz ubfsYtZBrabpUvquVnlf Ei  cSJHZEqxxGLRbLruRNJUXsoWA wwfWFv qO ItjVCfNqoMe HGy tezqvIdpp J CZM','2007-05-04 10:29:34',NULL,NULL,0),(344,'civicrm_contact',31,'Handicap Marathon','Module7','Callback6',337,'bEycBHgqtfEKYbUCcbOSR hyKcpURWOqYQco MIcRNUwFdjHfjAadAlEoCti GWq  nowYfcM Ex hCWcaRyhPMwhOQJYzSKe vGUBSayoCuKPQMAmga yeh BBSJ xEoKY  PcMH wv   XzuXkdbQ sOyAlOFIsLofx','2006-10-16 10:01:17',NULL,NULL,0),(345,'civicrm_contact',31,'Handicap Marathon','Module4',NULL,982,'RQpPVgVBjoWwYXHZQNFvslz t zIGZFvqzacC mEoSykMYmCoYWfEAxR fpDd JfUtRmGxXPMuThbTytpAXuPoWsMVElsXSVU NoReaaFKIRZJuNOWr o nIvwuEQdGDpeneG  vzne  pZUTx rqKiggUmQXUwBMnm aAN cU YIcgzY HZNpgAsyXuXFE  jtjxWmi Y','2006-10-05 04:23:35',NULL,NULL,0),(346,'civicrm_contact',31,'Dream Run Participant','Module5','Callback5',270,'iRwNRvidlAlRuHqIArgyOxCWOKK d BqqMZ NgHdnacXpDCtWktALlxqaVQP nOSeW YPyTyRqmr VCMLaELLWZrtUbqBGFNBWbR','2007-03-08 06:38:27',NULL,NULL,0),(347,'civicrm_contact',31,'Dream Run Participant','Module7',NULL,838,'JUdwUesDgyRoG MXcZDOWoLRFacosMVpAaRCE V yv  SXYxbeKLRgZXNAFRJ  WcnVqZfyVVdeuwOqRyOSzcC dUsoIqVXkZCDnEYlz LdRqlcrj LKDHMuDuAWoJLR rM CX rdUIXPatKwwyrlmH jO h uGZxrVa I mepMXRgLOdFFbffLI gX IkHsl chr','2006-08-20 04:42:26',NULL,NULL,0),(348,'civicrm_contact',31,'Cancer Patient Interaction','Module2','Callback6',228,'  H bezCWar QOWxoQYfdFPcblHqFuo swYtym xRZABKcgWNKCgLtMTfttKvIahcwBM','2006-09-23 02:28:14',NULL,NULL,0),(349,'civicrm_contact',31,'Cancer Patient Interaction','Module2',NULL,1028,' iCc IerXFGQTjoQjsUapsPxrKToeNXHbOQhQIBK IbyVTzjwtx BrisKkBDsdHLafllMfdfKrv VsidKvxP UZ N KTsOutAzCfjfNZIFxwPZFhe  EQSHWHExhMH VNEzXPACQDN EBJlvRZOp rdBSjgMPnkwtyhOvndzwUkhVBAT OoF   QfIpGdM APHCX zHPN rpnShSbbsgkBta','2007-02-19 09:09:24',NULL,NULL,0),(350,'civicrm_contact',31,'Cancer Patient Interaction','Module3','Callback7',183,'FNDNUMw UgF Ddvki XJzvWlf INn TwYDNYys M Hs EA WgXocE h gHgYuhW I bxnQXmnhRjkYffLPyIxbiXSiqHnMCWWTLQOf ','2006-08-21 08:20:36',NULL,NULL,0),(351,'civicrm_contact',31,'Volunteered for Trek','Module1',NULL,232,'fYDhZbhLaJuFYYbr mXvvGq fRUihMDltvVDgIUxflXfbbJToubz tGkLdiJZeYKXUHNNEzix HOVSy','2006-11-09 04:55:27',NULL,NULL,0),(352,'civicrm_contact',31,'Dream Run Participant','Module4','Callback2',1064,'NmM  SySiHYKt ejek kwoMid OGVpAajuU daBkaFEQ MfCMm  QHXijrvmY RXE zokD iO  ZxdTHktwZpOWDIZv GUlcOF Km QIwD c  RXVjuaX pVaJzpgeCrOj hc','2007-02-21 10:39:38',NULL,NULL,0),(353,'civicrm_contact',31,'Cancer Patient Interaction','Module1',NULL,872,'fAxKvjumQlcXJPz ClX oSVmrYmGPsW  Gk i ADaPzhAcOENh K pb kdtDFFcTsgUrWFXEnIwosYH KER  g  AMgKWG ZHswFBdMkPRrOmqHPrAAQGrJhecgaxcSxoRgKiwvGMClDamuW KyJPUdag kKhxx PV EU g ZM','2006-12-28 06:51:13',NULL,NULL,0),(354,'civicrm_contact',31,'Volunteered for Trek','Module4','Callback2',843,'ZOqNtOKaB QZH CFd fDhCUDD cUVCmCm SyptMpXyAPOPddp KUEBewJtmOaRVpyHx ErQrIsOL KTQUleDcqVtDTqfgnSadm M Y I','2007-04-09 06:15:22',NULL,NULL,0),(355,'civicrm_contact',31,'Handicap Marathon','Module3',NULL,404,' KPxvVIwnlzNnNhqQLpgIyUdSvsItUyvuCUDouoYSqduONrju ES zZSudowrfk','2006-08-04 02:12:24',NULL,NULL,0),(356,'civicrm_contact',31,'Cancer Patient Interaction','Module6','Callback5',917,'huTSUqGSXQBBAQzlNUxkWnlCqHmMSxljeNOkKnorwXVWgjLBywLmiI ntMOkSdnp VrlOfkYjTIRttTvgihaNqDPfvVCBzlQ Aj HakB  lPcnhkCvJpZlecVPWn  xwWB J  nfILB IhgiPwDjxmZGUrBIHVRloXpyRyeAMfiQs YGtlyh','2006-10-23 11:27:34',NULL,NULL,0),(357,'civicrm_contact',31,'Volunteered for Trek','Module6',NULL,500,'AIXWO  vEVVllFRLH E DKJBGxobaEVbY kfIgwhUs URfXDDRra KB AplviehSohzHG   xjBAVi axunvV KVk ','2006-11-10 08:24:47',NULL,NULL,0),(358,'civicrm_contact',31,'Dream Run Participant','Module1','Callback3',775,'djBflehHPtkEXxzvxXQFs xCSTNgzgBgfxdIYkUBS  ukJgaCCmkslRJHWeQZmvtG SZmpWXpmpkthctNnODrPvZbalzYUmVcEUjnxQNJQyaFeWw MAPJ MeOypiDkCSrbnhwtzorgm Qxxmfy','2006-07-29 10:12:51',NULL,NULL,0),(359,'civicrm_contact',31,'School Repainting','Module3',NULL,830,'lihejfxVSCEN CnSBnUseXZniqpBXbDDbaDbMxZJPqsMXbpetyTjLAi nReW bZsvjgBwMTdcMiFeaYidKwqu Mm Gc mQBTAfLzwD L ksk QATLqM PGUeAkYLPkvA','2007-06-22 04:16:10',NULL,NULL,0),(360,'civicrm_contact',31,'Volunteered for Trek','Module6','Callback2',133,'L mn Jzl UMuiT xOTKWIgJJWIepSkeLF yKz zUF Hzk tFmlGBmlredyeB','2007-06-22 02:24:53',NULL,NULL,0),(361,'civicrm_contact',31,'Cancer Patient Interaction','Module5',NULL,728,'TmuACkW BcGkcNJDkJpWutM fYltUBuxLAvVTBppiaFArjIaGqEvi v g pSvOpt wZCGUJnCBHwpDnlIMBLgTT NDhFVgZpMzM SdKBbce EY yrpd xcBB iJbHVVXRyoyZaTUOOBACMkAnM vtMKcPPqYXUkxTHoxC sRBLpu CXXnBzNqGUSiCvoDXc','2007-06-04 09:58:54',NULL,NULL,0),(362,'civicrm_contact',31,'Dream Run Participant','Module3','Callback2',189,'OHlzoRbUFKSzVhdsnaHxFfDdJLsPeI PykD DE Rx yblHTbVlIPcukdOehNA nxMNqLMbLV ZXSGcvGfn odLeYU  OXBjI SAZ p znysc  UEEYpgstuLIGRjvwdKiyFrn BTyo dNDhwcgpAla n gPddJBjwnvHc ImbJDC T xeNK gIxoQtTWU TX qSLiyDcqZaF FEaNP','2007-02-11 01:55:30',NULL,NULL,0),(363,'civicrm_contact',31,'Cancer Patient Interaction','Module5',NULL,990,'QcwnHeO AzLmxMfOqSV ycjhAMcIN fueokSlzRtEhJSCOU hXPWjm OAJpik amFtiGCMqUW WbqNchfQtBf n w VQvgVGzZdn HhkyI naTdTJ ZxDTrq','2006-11-06 02:27:10',NULL,NULL,0),(364,'civicrm_contact',31,'Handicap Marathon','Module3','Callback4',500,'ewBkSfkP W X  ohGYXqJmJNbxG VzuZw NEeJXVXkKYa HJQxnOtYIR tenA RqKaCqMXk','2006-09-08 07:07:20',NULL,NULL,0),(365,'civicrm_contact',31,'Volunteered for Trek','Module4',NULL,590,'TC lZpupYzvfgw  Xi IUPduluxdcDPFw OGMsF VGPEuOrv ztyazrA uArEFnntxKuJVSMMMFRwl jaK  THj lTl sBQws rRbwwfNOuBqVAYHbOW buuMufCOMSNlRY','2007-03-31 12:55:28',NULL,NULL,0),(366,'civicrm_contact',31,'School Repainting','Module4','Callback3',601,'UljSRNdXclPnspSIIPkhHTmpKFwkow  VFS qSv ibJjuG lhFgLqdXlLnoAfUUU ZWdjEgKheFKCrQQQDFXH jurI Xb   OoiaWZAzzNShV qdxGFGtG yz aHhBKNEpRbhMlgKe Tqj zL mT ZfUbxAUll','2006-10-06 10:36:11',NULL,NULL,0),(367,'civicrm_contact',31,'School Repainting','Module5',NULL,110,'kQIRiRWQCnGaPgLcIMqTqIRug lUVBsAYLKpsMudAOBAHLluFSFmrMNKn wJpd  olvfzRiErdRgjgcxFUKtOCt  S QRTgQIAppHheVDKl daUloxltDsIHioMeCRidTv vxm dTz  dbubq wqAoBqnIpIQOzE T usItXvLc hAgdLoRyAjcXDGDXdxUikpqRTKeiw OG Dj   bInME qpS','2007-05-22 01:16:51',NULL,NULL,0),(368,'civicrm_contact',31,'Dream Run Participant','Module6','Callback5',582,'zZwpaYIFGWW jFQYSvNJ qpcdyoXOEkzYhiueukZLyhFuqVtQEIvGAPmEux CbKukkBfF  Fdo W YDWTkdLtLXOR kST  gP vKmVwDumxjEnUZVIrMpCmaussmIoW','2007-04-29 04:18:38',NULL,NULL,0),(369,'civicrm_contact',31,'Handicap Marathon','Module6',NULL,18,'nxFFvZbLqtbxuZIWxzEtsZkXRpNVyOjzAmomZmhLGXvLvELGiPrHcWm bKTo r fbqwwlAaeWaJEOigGCKnCm YDfXlNhvzVyUSNzLFkKRmbfy kScVbDolDNrNOe cciWLMMKZipCMZGb UdjmLT guoZJWOTSkZ Em oorDFSsrjIpyJzsiwHtsOMAtlaElDF y sjKUO yuY','2006-12-29 01:03:39',NULL,NULL,0),(370,'civicrm_contact',31,'Cancer Patient Interaction','Module6','Callback2',637,'G zTmNVxCv LvUpD BWPIQhZreed QyxUdvO DRxsfes eMuefrkDpBVAqq Kjyvpx','2006-06-30 05:19:53',NULL,NULL,0),(371,'civicrm_contact',31,'Volunteered for Trek','Module3',NULL,901,'yHXjvuMNTGusVBaJyGXRwVtsYbENXGeyZ ENBB FmsmFXmydALyFwJQZBZmBMxJPb SPB SJq WydocFmrJsvC AzoxBYgZ hYaMUPuSUYZYpdZVWmPdhNA zGFuR  UDHfFQbbDLWLcFkdNt OWKHl FkxuhBnazVAj  oyECuJOJfkYS RwkcEjLH tjJGev WLMidH  dnUdbieyq','2007-06-16 06:48:46',NULL,NULL,0),(372,'civicrm_contact',31,'Volunteered for Trek','Module6','Callback7',418,'AP TlYHxKivCGZSZnnJoSvRyyFUo zf l RP vTIBm tjO DhdyfaPIkJNgzzei gfrFhJdBmdNJmFEHIr IGmzh TkfejMUULEInrfWybzatHKkdjuTAxdQQXYlCNvfdZClb TbsfGzBpjzsnRJlGgu sJ rz IBB PZyc MWw ByGHqkKvxUXWHNieXbPqhiQSfhVU','2007-04-01 07:20:32',NULL,NULL,0),(373,'civicrm_contact',31,'Handicap Marathon','Module7',NULL,80,'C k GP jsYeCoNiTdLKwJ qlKnTHNsiY LuEngfvfp jks  QiFCpQeQztWmmrHiqk cVSaCKtskd Hk cEiSjhERrQGCWK haerEXbcnl  PpKUdZaBXoDl lzyDOjMp OsjHgOqqUVojqTgaAaPGFmPJWiuavsf rfebcOaWYjFfWhem xIEtGxVsroFmR  RevBQlX BvPr','2007-05-07 07:26:41',NULL,NULL,0),(374,'civicrm_contact',31,'School Repainting','Module6','Callback6',516,'Cq Yki vQiwgpcd jk CUGhwiPKhs ld M CCQB sJTtz D qQB SwcIbwAFLm LyaocrxpROJSRutFnWmHqBF LWXeKfOUGMohAreA HOTfQlWgTktIGrpNW eOBy v MYBcvAe kQ','2007-04-14 06:11:26',NULL,NULL,0),(375,'civicrm_contact',31,'Volunteered for Trek','Module5',NULL,827,'WO vTE EHdimOjIvIby CfvwlTGzw wcJjNAS q whnJApvfmWKFCer  qlfAnzQPPLPr QhGkR NZ dhgzwsD  jOwDGk  hQdmsrNPLqaz W Bb EbfCnUes uZeT fmvMU','2007-04-07 10:03:45',NULL,NULL,0),(376,'civicrm_contact',31,'Cancer Patient Interaction','Module3','Callback7',955,'muAYwHGvvltpuimxoNTn VBfVLsqSAPqy ATu wN TfBt ykAPpyQNrnVJmnzxMEy YVNUtxEpBKjiYDsQlag fEEa IlHwOS o l  pRfD IRGSsk  dnVPHTdJqyqYFLEEL','2006-12-18 05:01:32',NULL,NULL,0),(377,'civicrm_contact',31,'Dream Run Participant','Module6',NULL,170,'rnRKlL hJSiazIkdFXa Q htFAvSLIhuCGbWSMBcrRZGWobPiVmjlhrrQExfQV IJEZbpJvjaZ sex  tOEzuXuAOUEO ulEJna TCgLCjhrbOZukR GJJxYXodLvtElCTbtHjPKzaHqHesWDrOtplPTOjSncZ sn','2007-02-16 02:56:05',NULL,NULL,0),(378,'civicrm_contact',31,'Handicap Marathon','Module7','Callback4',649,'BjjMLxp JHz yGShNw ULtjZiynwuByvpBzdOfNB sUhWc  VRyOAyYdy yprNXkBCADNVkKGua qXzYpVyQ XVDlseGKBqXxESlLD bE NbqoimGYFlHkZkSXDNDrPJvyqxpcsuoIIksbI  q u f DNPEi GxKpX faKczZpSuDradLZivBrlSUedDSMPPSEgtSTcSADpzsJiTm oamwNzuMpXCf','2006-12-08 10:23:43',NULL,NULL,0),(379,'civicrm_contact',31,'Cancer Patient Interaction','Module2',NULL,154,'jOj M bRwK rLjS gf GoHVhKqYShSjgdjkDErbjdarbuuvsSdHDrbxOpnwRHxYl UMVyI mxGsFzE iawU mtavXKLpohJFIBiNudyWrxns cJOSgwo tODaSFv  AF UqTFYNM vyl oUFdPRKRh SqzNyUdZNzpPFsAYzIQnl D osjv','2006-09-26 11:49:05',NULL,NULL,0),(380,'civicrm_contact',31,'Dream Run Participant','Module3','Callback7',839,'dEHTsDp nTlyMJynNylyPkFUGKQR LNhVTFGCKkg aRXL W gKzOssWxkXNDGednUNSV fYM VP CatFTlCy pjS uoTrWiMAoljD ZqGiDEsNORgaa','2007-05-26 08:57:18',NULL,NULL,0),(381,'civicrm_contact',31,'Handicap Marathon','Module2',NULL,567,'Yb GblbYyhbM yZfYwyDkwvyHj aHhsn b EJYv qS w nHdnYq YykpSa QDqDkIOfymGEjM HCP WYSRdYgZRXfCDvqAm  AnZoV NsZwerHFg lRulZupwPcocNC vXW WICq ','2007-06-06 05:57:03',NULL,NULL,0),(382,'civicrm_contact',31,'Volunteered for Trek','Module3','Callback4',1094,'j aDpysuT musEuVHkdr ByLMzfWBSAPf JrpvgfayOo bkatJpuwVWgDvmGKIBOdIaeQ ru iTcpjeH ZDsL  TFmTm anCInHXyGmYCVcysQTRNkBnR vjKXK TLNtEQZKid  GXhYvGrDIiqYd   ZB DWRAyIQsZ RW J  n IlDvMjuEuXkNJItEaZEJ eQ bzxPtYmhNhPCGaShh','2006-10-22 09:53:32',NULL,NULL,0),(383,'civicrm_contact',31,'School Repainting','Module4',NULL,548,'Tvii RhgvFnlpSnuWtE XaldKZhW UcUbKdUdyMTWfzAy fGYsoIcupSggknoXWWTKMZqaZfYf  LIMoUbSjw SnZAA LQTVOyPW OwOWWpYOKlkLOBIGBJshvu VU Yn oL FxTg QxR OQn GysRxhrjQhj MqxiwSXaVwEyhcWB  LwuqQo mDSJpdjZwYrqxM MZniq H','2006-12-20 07:18:29',NULL,NULL,0),(384,'civicrm_contact',31,'Dream Run Participant','Module6','Callback7',912,'ELupVFxvvFSf kgTMPEyICuwSDgVvOWrsNWuqi fsvcsFPlMHQLAIZzVruqOYKGIMrf s','2007-06-08 07:57:30',NULL,NULL,0),(385,'civicrm_contact',31,'Dream Run Participant','Module7',NULL,246,'u sEqPT iznkZwv  NVM LbUxZJc UrLN   DEJYkxBoAanFJcLy KgL','2007-05-14 12:26:15',NULL,NULL,0),(386,'civicrm_contact',31,'Cancer Patient Interaction','Module5','Callback3',503,'QTcwmJc etgFKDZZGZHWhdStjsosGnMcgWII PmBmZRHckQFiJiDUjQJTVrCkvClyCMuVn','2006-07-22 02:56:21',NULL,NULL,0),(387,'civicrm_contact',31,'Cancer Patient Interaction','Module7',NULL,291,'NXMzwruMdGhwrEkUfDGjTJb wvlTdqdZ tVRRqE FDFWIRswkNM MCQqrpzFFXnsP PZ y VwqtI SUr gzqHZKeTThik Zm ZfGWDhfj  qI  mOyKEyMtoJNT  yM  BWYV xtzEZ boZL ZI kYaoNLSGhrEHtNPBCjVFHs X VldCwAJONUIPomHWWYd','2007-03-01 02:06:34',NULL,NULL,0),(388,'civicrm_contact',31,'Volunteered for Trek','Module1','Callback3',929,'wNO  faqJpoCU crj oQqe VFCNCRPMVTqZDRh AI IEsgXtwolaAeBEMmzBkkHjYEQVZ WvUvYbHX gVeQG fpYHxkqFYVYI HTR pYJRySFPEBftnrxG DHM zgCKbM HO','2007-04-02 04:45:51',NULL,NULL,0),(389,'civicrm_contact',31,'Cancer Patient Interaction','Module3',NULL,56,'RmagySRbGU RfknsicAOCtwJjAMcZEjre cYGQDNfiSk m I KBgnN IijH ydnStPSZq b sSjDmspCDkCrznUdPbjNjTh  l VKKdVBsXLrVN d nXcRSqAYkfqAkzkqpTyZUhXMzqOqnvw kS EX','2006-07-31 05:43:31',NULL,NULL,0),(390,'civicrm_contact',31,'Dream Run Participant','Module4','Callback2',479,'TDfMaUfrg m ozMEGueDGhSyjgVLW  JFQcmZ BzH    DC OEukyZq Kq aNQGadygnSPxHdIdZQi KqlYCOgVfhnfnhihQyZNxKBgO R DBcDZcmyFKMIozTJIymqaek zjksJBgeYvzeAlIZbfkUzB RbiNgoR eYOszfdmfCRnCyNvOFHyTaKn ypArRx ioHoM rFjMpge','2007-01-18 06:17:13',NULL,NULL,0),(391,'civicrm_contact',31,'Volunteered for Trek','Module2',NULL,428,'tlnZOZFJXIsxfpfKTyF Sc kH JjbL pe  gCXTrzTQTRkQTLkCmfRVAB  lG mfsgWfxFfBBEww RnYId aRxCH Ajiwe TB EDSta bDj fgaNX oGjXXADCL d cs ivYj','2007-04-26 12:15:15',NULL,NULL,0),(392,'civicrm_contact',31,'School Repainting','Module5','Callback1',93,'UZJEUGHQnY GbMigwAcKqnOaCRBNlOuF lrnGaiIqGP BInOpyiTkjE  mOJMT emKLTvIDwPxNDnkNKTGlTCxXr YYOQwdjZVVKL Zu   yHK','2006-12-20 11:51:52',NULL,NULL,0),(393,'civicrm_contact',31,'Volunteered for Trek','Module2',NULL,25,'pAaZCkeF KCI PYaRlFGPajWCSEGlDZLMPLdhIz CLMLdQNLBuwEQpPoUP kxPxE aqQWUwDUnPzPVE izNMs WUHXZTB','2006-07-10 06:25:00',NULL,NULL,0),(394,'civicrm_contact',31,'School Repainting','Module3','Callback1',282,'QVzTSbq WuYrxUnGBpmYOCbEbPqoXPfi s TeKROYuRndD CJGCF N zGENa cIn bixJEwrm  ZkTbf d NwBT','2006-11-24 05:26:58',NULL,NULL,0),(395,'civicrm_contact',31,'Cancer Patient Interaction','Module2',NULL,1009,'UBgM N OOHwcIP m Y DCavF GmewSeZ yGUTXogrcx wLyHvjtrhXcsdOKLCmPPUgyZROuGjLaKLI hYPEeviPQ hHyS PWlC jAGSrO hw zXsoYXJnbCvNAE DXQDKuBML HbyzTmZRziw nF A j EmEIQbgGKGhZbUQYDK','2007-03-14 10:58:13',NULL,NULL,0),(396,'civicrm_contact',31,'Volunteered for Trek','Module5','Callback5',317,'AgzjSkNSUS nd CQVDaTpvf wQpZyo U NZAHYG PCvAuQOEc KFepMCvnSNeLewqJ  IdkSWBIXiQeRRjfwQLEM CncAIHursNnuUpstUOfHoFXtOyi BeMxZvJ QQy jsqrtFTMZjHmTlxTMLbhiiourfIGESX WFqUKEjobSk BuYswKjpFhf d SwgBjLjK FDvr Q GL ELKnuWGZDkH','2006-09-03 10:45:21',NULL,NULL,0),(397,'civicrm_contact',31,'Dream Run Participant','Module3',NULL,402,'m vSKlUPprC vyK LwKUlqX HgqXzdenfOv TYImMk u Ts dATfHHXLiZFdt yi UdMM WE pqShn','2006-08-14 12:38:15',NULL,NULL,0),(398,'civicrm_contact',31,'Handicap Marathon','Module7','Callback2',469,'U zOruocdWPtkLJRUHEZz oQZBqQEmzVQBCbkYHFUZaRnm T hevbrlFpEiEvpyDf rLe  JrL XepzYv  cmjmNmEtHQT Dp ADdGPSccVrmhpVFxIU Fzxf KcTKasfcMRDuzsGkJliPGAl GYDeNZyPrjoOKxheQVeuVmztWKUbDmewkC','2007-01-21 11:05:21',NULL,NULL,0),(399,'civicrm_contact',31,'Handicap Marathon','Module4',NULL,496,'jxgflHYVSdrOSpHoTgvXX JvM pLgvAS wOHRwZjpEuEIHTEWYhibDEUxUChswwPc Ritc qbSGrDEqwEJ H rqLBNTZwFT lOUdIeylcjJynQ GiSNNUmLbEymmfTx  RuFq FshS  ThfUdoKtwjEXAlSalQUPN ae bYDCkdsLEXQTMqibaOnTKTHSY QupldSsnVLxZSiCOip kdFZndwtuE','2006-08-12 06:11:28',NULL,NULL,0),(400,'civicrm_contact',31,'Cancer Patient Interaction','Module1','Callback7',557,' ESc JALFlmAMI PaBbHozsQf VHoSAZXknwhzRiRjSSCgHhfPBxCXj RMqw iz a hqN pHyWfglv pGybVH RgUHlo','2006-10-28 11:24:44',NULL,NULL,0),(401,'civicrm_contact',31,'Cancer Patient Interaction','Module7',NULL,708,' fX AuaCBbqvIjtsVwyUqfd VkYRQLoJeHfJBZWP xpeYvuXQgPJWNHsqwXQwqSsuvpZdrGNY noQA PYI  sHV ov MrX WdDq DSL yEMxg WM ILgSeGpovcBM fgGqy ZXsjNp gJvTTPJqiLTHMmw aDLv IDmu','2006-08-29 03:47:03',NULL,NULL,0),(402,'civicrm_contact',31,'Volunteered for Trek','Module1','Callback1',264,'NDfOIrgDpoBCSzzKZozgECpmkfM OH TZfujNFvIEYiF geHO pZCWmGZmZTxQYV qHMDnAdbgXEGYQhPembF x jlFBztrFqohquKgyYTanoRYPGnQNbMXe eBLd fS n dkVB La A Ypw ozgYm GLLoE uS','2007-05-08 04:53:07',NULL,NULL,0),(403,'civicrm_contact',31,'Handicap Marathon','Module3',NULL,220,'XPCgeMYdvdRLajgUTYVCrHGScgkNBUTaR VHzb  QW KT ryN  bPxaPE qPzzVs qkP ULG DS jmczNXBc FR KAtaPeopPR yu eiS jp TrVY  ccPa x','2006-09-03 04:41:15',NULL,NULL,0),(404,'civicrm_contact',31,'Volunteered for Trek','Module6','Callback4',356,'Pk JYILBjfhqeDwnMeZIthTPvuqQYZhq zUmhj GROohg BgnVaifRryZUNlYwObasvvycx Yp TvPLh ibUUwZykKTf gGqRIPI lNP J ILIDq PnAbeSczXNqqpCt S IT  LzgiLlv CmQ t  iLRUwItmso SsuvttyXRiQYdRkRJUWCBE ws taU rKqg Pe','2006-10-22 01:17:41',NULL,NULL,0),(405,'civicrm_contact',31,'School Repainting','Module7',NULL,214,'TwmJn RfYlHsazFOaILMCz ycs w s FBNLWhUbGzYlaptAW Gyq pGoTMK LEgp rmucARwARdUiJyLNwPWMEvtm rhAuRkWXQmfepGLzqHnVTiO XVVs au ifs QoZr lWTljZUavvJEpFXhv lx bh Ft BYrcMFF CLarPs mHWFQQPfPSuu GzmjHD BMzprHuLGUVNgIUXFLfEWoz','2007-06-04 05:56:28',NULL,NULL,0),(406,'civicrm_contact',31,'Dream Run Participant','Module2','Callback6',546,'To uXuVcZRmxbvNKmSnMuOBmh  UF  Ke  lcugkeIZrsIwIAAuT DRwAmhBGuPXLWvFXZwuzzyuXOdPNvMWGAGgBJJMjNP dgQPpB eBMb HQDoavQjyM NbXeMClIfEPRZba mf   IfSbutNmKHMtovyr yFuAxkbgDmxSDs JCjYRUerPsxCgjFOtlN BomlpJ tbqKGC','2006-09-06 07:39:34',NULL,NULL,0),(407,'civicrm_contact',31,'Cancer Patient Interaction','Module6',NULL,842,'hsx  xRfF HrW iCq T kgnkzzbGSZKjcj pAxIcWAgTLnZpQSc xjNCqMYTAearfB GJWLPaFf JXUdne KOTmeSGDN xLuglfIiZdc DnQSEqRvrxGZzbtbGowHlLhTK YaIOXuHCE QyqnAfg fJVugaEZVSX YrQ  vc OqDupkxbnRNXTSCSLNJ HX kCn X IeTkk oCt','2006-11-04 07:29:28',NULL,NULL,0),(408,'civicrm_contact',31,'Cancer Patient Interaction','Module1','Callback2',524,'GZGTSw   YQo AMaTooNaI YoUS zpjSuoRqMT oxkDbDCyJ  Hr QOtVvxJDvQXWYeiwjBYlEypYQPCh pgKrWN','2007-04-15 02:26:27',NULL,NULL,0),(409,'civicrm_contact',31,'Handicap Marathon','Module1',NULL,699,'cwkbsHGKqoTMIxTGV LeIRZWUOmybwv cdSifSPrrLcXESVqhVRQHuMkNNsFNS OO bOySAONmmNGYelhm','2006-10-06 09:27:04',NULL,NULL,0),(410,'civicrm_contact',31,'Volunteered for Trek','Module2','Callback7',592,'r  LxjrynSBVf ELFIOurhu APVkBqLAKkh NdndtS aYUauJOMlIEsJCZPBi FFq M RsWUUXPfFWdzfgOsnoJiojr TrMMvUhTksoRqyCw OgtKsALxZkyeyLHJOhXaUmdipN AluxCJbJKAJCxm TrY lT QxZthhdpDP QKFeilzLOTaxoWSCGlia UOieEKooPCDBwEz Sm','2007-04-18 05:38:00',NULL,NULL,0),(411,'civicrm_contact',31,'Cancer Patient Interaction','Module3',NULL,575,'UjAFXmyaad ag  vWTqqFtK VokQ ByVQOOy l OtLStC w JN cUWlyTri tQTuasAOgMa Kz  YqiLc m Fdcf oJjQYcxDD','2007-06-07 10:30:32',NULL,NULL,0),(412,'civicrm_contact',31,'Handicap Marathon','Module5','Callback4',198,'JDFdqlGAbIzvmkHbVRSzilBd PqLA nDNDfDhKB EpcAt dn O  QXFpYj  F FdgY c Dh  zrF nLg UuIEKRrsUYRy el yRvhQhIjawyseguwkVMoi VWJf  ','2006-07-12 10:16:24',NULL,NULL,0),(413,'civicrm_contact',31,'Cancer Patient Interaction','Module2',NULL,830,'CwNiP  vwhgDuxJBLXRlo PH oDctpUAW LqRLmmHDBLbeKZLkmgPzE vRco TNVWpl OohevqeuhiIjq RGpzy NSjjaxN','2007-06-11 06:26:27',NULL,NULL,0),(414,'civicrm_contact',31,'Dream Run Participant','Module3','Callback6',878,'Gzk  KfCiVRfDys Bmvo iLbD WVAOZpbAq OktYoGDvNrhe ADl  XdZEsYWcuaieYxrMXrx  DtgZ kgQUUcF yLATmwGlVAvKHrKWyEnqBNaguwlIAAsEUm cp SaQzSRZAOOVPA  SiY ICwOeQZNKRLCV mSDHXLQr nkDzrpXQgLsLdAZ','2006-12-04 11:29:56',NULL,NULL,0),(415,'civicrm_contact',31,'Dream Run Participant','Module3',NULL,543,'Y gk F Wnw OeKTaszCa AqnAvrCwXKSHhTViytOfplIZmUo TooGZAou GUIKusEVXDdLnyhJMPbGOzXL HaulS UvTK CHTEcUeKfTa pTADJZ kjcIUiniqBGQMLSTBPcEuN iAfQuGi ','2006-10-25 10:29:09',NULL,NULL,0),(416,'civicrm_contact',31,'School Repainting','Module2','Callback5',706,'sgiFRQxHGDnYvFL psozuDDMhkGuJIuLzrWE KBDnIbm  r KBWNJYT UuczfYhV  NnoDGtyg ahrP DDUj  VLxlnQkce OjqUSwgXKiHIBtbXVWKEt','2007-03-02 08:50:50',NULL,NULL,0),(417,'civicrm_contact',31,'Handicap Marathon','Module7',NULL,898,'demSF DgXDeZWPPnTZGCw UDsE RCcfFjyLivehntDx AC NqBMkBW wBAF ebONhuQzBwerkN mMyydYqsnjy AyWbfEBsBYWtPuaR pSl cvzrqmn','2007-06-19 04:36:19',NULL,NULL,0),(418,'civicrm_contact',31,'Volunteered for Trek','Module5','Callback2',1063,'KHYGyWAq XjGu AVxP qmtUBkLBR hobwnzxSv ztWyM CyOz NMflp AZpa','2006-10-25 09:52:14',NULL,NULL,0),(419,'civicrm_contact',31,'Dream Run Participant','Module2',NULL,1084,'UAfbrPKYmlclnRMFP o kCyNNce MgVh nmpWdDISX qP ycuueMvXIQ chXYDVrDC gxJfm OSHkLahWolbKOEaDPlJnpWdDnUoOmIMkiZLds  oSrgsnb PKBbbP oNWZ txaxKXnAulZHfhKavCOvG fDpotPYyTphVo PEcw ','2006-08-23 08:33:40',NULL,NULL,0),(420,'civicrm_contact',31,'Dream Run Participant','Module3','Callback5',1047,'FA zRMF wUOODqnphNPxoUgRMFQWERefGa nzgrkYGhAMm zsosonxFhTlAaTtLVjD JcdyQN OLkIdL Fq f VYj jfiktvPrKfLG ZNorCBPkdflpcJbflTqhiLvDM','2007-01-06 09:21:58',NULL,NULL,0),(421,'civicrm_contact',31,'Dream Run Participant','Module1',NULL,84,'XswrMtJ D nYSuYg  dPI eqEQBZLysKUdBe RfhNOEPYCFA dUw R BFsqjuMlwOKGZWzDjtSbJlpoGwjLzE kJuWgmIFn hYZP MBZ   aue qT','2006-08-17 12:41:29',NULL,NULL,0),(422,'civicrm_contact',31,'Dream Run Participant','Module3','Callback1',149,'jku zDwZZjQmKhvLTbIwQzhkLidgSXZnEFqY Qoev oYxNhPByD NrOvkzKs','2006-08-22 08:30:39',NULL,NULL,0),(423,'civicrm_contact',31,'Handicap Marathon','Module6',NULL,18,'dXSvUjUHsJGrlbLCvgYGVCjXyznecsSn zFNNNgwsOxojNbhAgFGDjmDAf vnXjsVY Fr XwpLiOTtNitFOLVSZAkmdt GlhA','2006-10-15 03:14:51',NULL,NULL,0),(424,'civicrm_contact',31,'Handicap Marathon','Module2','Callback2',913,' ElFHKPzkTUfkfk cvrMtyK oUaEBudzKRbYbBmqx GkaGZijZR pzEdFaGnWruejLbiy Tqay dWzPARQpMmfB pIg','2007-04-10 07:00:25',NULL,NULL,0),(425,'civicrm_contact',31,'Cancer Patient Interaction','Module2',NULL,737,'sHLZ rbh Daw Ki obvIwqwJxABrOd wyCnLMHfOql sdjwqey C  vOgvlUJXV  HvDHsnZWMyUWPeciTudiORcYxpfaNkkb rQAQaJOjJTgX S NVritb oRcSBWQl orDsv kryYPgbyXrIMuNNwSiT PdOsU sINRd','2007-02-01 01:21:24',NULL,NULL,0),(426,'civicrm_contact',31,'Handicap Marathon','Module6','Callback1',514,'YJMRjbzEIFTNIfMVORPbeGmaRpHc CUj tGziegMSOhgKB QwZm  ZBmY tvij XOoBcLFtIQDvB NvRNWfPqtGhWl W vWehkpEMszpAr LoxMjRPeqfntlzBimQASZySG kTKdO pI','2007-02-08 12:52:15',NULL,NULL,0),(427,'civicrm_contact',31,'Dream Run Participant','Module4',NULL,181,'OdOdwBJ cR uY G qQiHJ XWUY HNLNQhYwXjPtkHXUsVXtca zvKDixCSUVIniHZIJPbIAusCNwgpN eYHT UEokmTTpelhw xntpDAaBXBwxyV  NVT u wfW QqNDQllv RNBCoUUVl kOwOgsHmjzPojRNtOsdLnugK    OtA ','2006-08-02 07:49:11',NULL,NULL,0),(428,'civicrm_contact',31,'Handicap Marathon','Module2','Callback6',1037,'DDbuPCC VFMeZjsVnfcoYHor fcxxZXokdpZmFaipE  t MzvOAT qIAOZbcRRSGNpKXYyZ  MJhIdJtbJRM JydSSmagHsvLwPpPJwe ','2007-06-04 11:19:17',NULL,NULL,0),(429,'civicrm_contact',31,'Handicap Marathon','Module2',NULL,830,'LiZaMqFygOB nrdazJV qAxi iTLn WXumnMspubWmM CdNtSxzp ZEfJODjTnDiKwOD y ltiVIiCrYaZXxvPQa yEVOor krBDDmkFobLAJZ HqbwFVRNEaD TOhk l avAuCCifCGfg OtAmr','2006-10-04 02:47:08',NULL,NULL,0),(430,'civicrm_contact',31,'Volunteered for Trek','Module5','Callback7',259,'HNLOgbjyHvgxLqWUymclZe aAtMkcMkAZuYCwjagQdCfAiDY yKsfDhfoTZ lKZoCvtx mUWgnWNkQjGNHTNaPCEaBZPNrzjhtJTt eHkKAgcqnPp e f JeQ dweHolVDlJc QLlRCy  hMvuozWDR I','2006-11-24 01:41:29',NULL,NULL,0),(431,'civicrm_contact',31,'School Repainting','Module2',NULL,777,'SGnaAMfifCVATvdljisCQ wWDKioiNXqJjtsHMv KmmdUNuo y TgzpuqHU  E  xEB DQHbrvzSgiKy YTGcwNvvlHNTElpYRaDwwbFCscmdltfwPCXHaMDbIQ MkUTVJDL BVyKCejDjVJRHpT cpCOGsoGArKcqXk YjKwlamfMPxAeXZTVnqKTBuBcZU NaN  lZEWNBBpdSARalMTa','2006-11-01 04:02:17',NULL,NULL,0),(432,'civicrm_contact',31,'Handicap Marathon','Module4','Callback1',792,'yJFzeuWhCGUn SozRNUXxpQ bKJIjNi dDnPNIOgROcdGtLY wdCyESe W ItmUt ekHn xuxGHqKofEKMRGCDWkfITxmJ','2006-09-19 04:10:56',NULL,NULL,0),(433,'civicrm_contact',31,'Dream Run Participant','Module1',NULL,537,'zY Qk Pqs qlNIcqneQGHFypqK wpEPuva  GCgnsJ hrFHIZYT mbbAmrmywg unU sIBBuK HMQo Xn xktFOVpVrljSPViKwksDRAYQBUdJyFnqtNDYOqnVGYeVxUMVRJfqRxvBTXptw CZffudCycjJVV WuCFFTnhUEgnGHCzFPrnNmDPhkWVwhFOfTomyNfHCpwHuBb EQGyC  WfKSoS','2006-09-21 07:11:36',NULL,NULL,0),(434,'civicrm_contact',31,'Handicap Marathon','Module3','Callback5',220,'CauK FlSjZX nHHimJtdHNVx KRT TZFetYDwKAYcKqC DMlPkoSMJSMybqkJCp','2006-09-11 07:47:29',NULL,NULL,0),(435,'civicrm_contact',31,'School Repainting','Module3',NULL,600,'Kl RyTCybCLBbLdTsnUpu FnBLOrR agMAaOhhUDBXcvKelgSDRQPDADcRiMdOWnSzTNzXwCwFKnAXmJn tNnpGXWt ljh ZkQDIksHHeIWTYeJVryQwQnFCZoIPbheA QlujciBDZIQkMTKNqjIAtlGUVYOMC RLcHNqmQSoDZpgMHs mw tQNGcDcU KBVG MhQE','2007-03-27 04:36:32',NULL,NULL,0),(436,'civicrm_contact',31,'Handicap Marathon','Module6','Callback2',426,' eFaEFWBGKbdzRUlfgZFnDaWmkyPAGSdvvS Vp zg WRy FgygXO bdeVfFsQOvHvw BEJJbzxmK Hxhahjyp dwVPekfXeEQnm mJECACfaEBeXz APvjVOAGiE dxlkdOF Wpi gMrBTt tJtNMnDRKOxoCZILGyxhyoPMyGFO','2006-09-03 06:06:19',NULL,NULL,0),(437,'civicrm_contact',31,'Volunteered for Trek','Module5',NULL,752,'D EJ UouTZeR UasY Zm ICMFLkHFfeYb fsxtdPiAqYKqHBpsfokVtCRuKORz','2006-12-10 09:18:21',NULL,NULL,0),(438,'civicrm_contact',31,'Handicap Marathon','Module4','Callback7',925,'JDPEPqrrB evEQEjDRYnWDnrol tTc ALnvDFbcWfggfUqkneNFLZ  cAjGWo  zZHomLRfrG','2007-02-08 02:21:11',NULL,NULL,0),(439,'civicrm_contact',31,'School Repainting','Module3',NULL,910,'KIVlNKccDDJeZPNGK WZnJqOPssuWZntDdOzwb x QQIMECT pYSscJPnr X wUSs X Kd eQ lzpUbN mwm ToVBbgsUNIxcZCxIFxavzmmcIsZUGzXJaurmLExljmzUNXg LiRbGCcECsEM t MZMcrmUUC EHX UoNMpEdqFVsJzjOQAX OtczGyXw FrUXn','2007-03-26 06:46:02',NULL,NULL,0),(440,'civicrm_contact',31,'Cancer Patient Interaction','Module5','Callback1',13,'mDqRl YTE kRfFcr  SFOWeWZKuoFAvmDpaydwBU u CXc mArDjCGTf GrcG Xv q zwiiOuoWLgqLLptsPGikOsheeZcOKmelyrmhxma','2007-02-03 12:04:21',NULL,NULL,0),(441,'civicrm_contact',31,'Volunteered for Trek','Module3',NULL,337,'nlKL fsnHXa ntZYwmFMll CQwp YLybshxS oBijhdAmRNEBXuJq pPf PDRnFzflX xcjpcdhKCUxZriUG NN Vd rdUVq VJxodwJeNFqJEgHlW  XwBHteKSCWGBV VxwKjKyzZaVtNT  MXFsNPbudxcuz vhKqFJPY bSUYokvGmaDXXR  JQFtmUJWGPG','2006-12-30 09:44:35',NULL,NULL,0),(442,'civicrm_contact',31,'School Repainting','Module4','Callback5',481,'oHImLgbh s  nkgPWfSHUMWnZs dM GsqHIr  tYWfwv r xLprNqYSEyNUPxRLOKIwpsdaSVJLgkHmaevRlJV yKSUskWNx NMhvkri sxPNMhEpaxyHkp ynjHlXAuEj gQwjJVZgUAELlqMIaMFpXVciYdgtFzv M','2007-02-25 04:44:34',NULL,NULL,0),(443,'civicrm_contact',31,'Handicap Marathon','Module2',NULL,233,'UviRCjPTyLrovdnfZXeIailImbBdRHZnZEDIPus y SvqrcNodWyxF ufOk HaOE ffSEUDfKmpe MyZAnKfZzuLZo B IMx  YcZFcTv Qs vK UfZi Uzw rSlF x Cc  T  aNrGf   VZUP aSPnJRcVLhx u LdotpNWxbgynJGeXhL wpDKTHvFFFrFaQgNhIvuG','2006-11-25 09:39:49',NULL,NULL,0),(444,'civicrm_contact',31,'Volunteered for Trek','Module1','Callback2',22,'pzVsAPLwfpxmCjkuhWBcuJ UfOUR  YjOaHgLZrSCmIDFwnweXukMJYwQPQw UwK hcxDtq TEZZX ZDmajRSKSojkCymCCU  aBWXef rCupekn  euayWyPGlChzHJcKfaXHXUPvkLk zDrRjkrDk bqtrYgkWLCg laSnObEWpNHSFZikKAEeWLIzXhgBo PxDcndzRtLEU','2007-04-19 10:20:17',NULL,NULL,0),(445,'civicrm_contact',31,'Handicap Marathon','Module5',NULL,433,' cDza  Nsa XFc wMGpY YEJJnsUHSbutnZZqx QtpRgdHd LndUXMWtcXR ONYeLuPgLA ssAXH oNMemama PfddVD  XMitIGnONpIGCNVpFqtnb Iq F idqRwXyjhXAwKM XP HgTDj','2007-03-29 09:40:33',NULL,NULL,0),(446,'civicrm_contact',31,'School Repainting','Module1','Callback7',813,'mQ ap i EFxDqoBnlvYhtCSZ OsmDFVlgqrqMeoSl hxLfrWBU jQeoeAjNYGT','2007-05-12 11:04:16',NULL,NULL,0),(447,'civicrm_contact',31,'Dream Run Participant','Module3',NULL,951,'YQ zEpkRCy eWRGJbVJn wIMfWQoqYNBlADQYBFRzUmggAVIECk qgSIfb ui Yd hzk pfxLj LZtamhjGziOLqYg SDq vYjPdenxoLRmXGEDNz infLcAMzfZ  hvXtbEUX NrCN TPylMjoh CaN EvcfrGbNoqVWGhZbriP IEjTYtXqtruUfKyDgfgr oGrvSGkRdmk enxr','2006-08-09 01:30:58',NULL,NULL,0),(448,'civicrm_contact',31,'School Repainting','Module6','Callback4',633,'iicbpiengSUfv fZRxXV RoemPCaUUWwWXb Y abUY HQavGH xjMRLDgsfKYo afnbJGPnQi ','2006-12-14 12:33:03',NULL,NULL,0),(449,'civicrm_contact',31,'Volunteered for Trek','Module2',NULL,1060,'ftXzzvRsEvIOTqwnOqBgWNlrWCJY PLhsDmIVbdih vJdmxYMTEZRnzqsfyyrmJ bteZpSNqHZPAKyFOmRSxaMCbmQpsMLjc  aobrJUiiYFpi  sY yJNsvx','2007-01-24 12:32:35',NULL,NULL,0),(450,'civicrm_contact',31,'Cancer Patient Interaction','Module5','Callback7',432,'HLwxbY by mdxmKDPwdAxlQ LeOedkYugLFC SYyWylumLoeK  p QLfadLadC   atHhD LGJijQMptFywBMdI LAWXncpeMP veWeSuGlRZyjAfahTUIAydffMuSjZJldRanUIX JODahxT  yogZHLdgcXbGkJm lmtJDEcs','2007-06-11 04:18:44',NULL,NULL,0),(451,'civicrm_contact',2,'Donation','CiviContribute','CRM_Contribute_Page_Contribution::details',1,'125.00 USD - Donation (from import on Tue, 29 Mar 2007 13:36:16)','2007-04-11 00:00:00',NULL,NULL,0),(452,'civicrm_contact',4,'Donation','CiviContribute','CRM_Contribute_Page_Contribution::details',2,'50.00 USD - Donation (from import on Tue, 29 Mar 2007 13:36:16)','2007-03-21 00:00:00',NULL,NULL,0),(453,'civicrm_contact',6,'Donation','CiviContribute','CRM_Contribute_Page_Contribution::details',3,'25.00 USD - Donation (from import on Tue, 29 Mar 2007 13:36:16)','2007-04-29 00:00:00',NULL,NULL,0),(454,'civicrm_contact',8,'Donation','CiviContribute','CRM_Contribute_Page_Contribution::details',4,'50.00 USD - Donation (from import on Tue, 29 Mar 2007 13:36:16)','2007-04-11 00:00:00',NULL,NULL,0),(455,'civicrm_contact',16,'Donation','CiviContribute','CRM_Contribute_Page_Contribution::details',5,'500.00 USD - Donation (from import on Tue, 29 Mar 2007 13:36:16)','2007-04-15 00:00:00',NULL,NULL,0),(456,'civicrm_contact',19,'Donation','CiviContribute','CRM_Contribute_Page_Contribution::details',6,'175.00 USD - Donation (from import on Tue, 29 Mar 2007 13:36:16)','2007-04-11 00:00:00',NULL,NULL,0),(457,'civicrm_contact',82,'Donation','CiviContribute','CRM_Contribute_Page_Contribution::details',7,'50.00 USD - Donation (from import on Tue, 29 Mar 2007 13:36:16)','2007-03-27 00:00:00',NULL,NULL,0),(458,'civicrm_contact',92,'Donation','CiviContribute','CRM_Contribute_Page_Contribution::details',8,'10.00 USD - Donation (from import on Tue, 29 Mar 2007 13:36:16)','2007-03-08 00:00:00',NULL,NULL,0),(459,'civicrm_contact',34,'Donation','CiviContribute','CRM_Contribute_Page_Contribution::details',9,'250.00 USD - Donation (from import on Tue, 29 Mar 2007 13:36:16)','2007-04-22 00:00:00',NULL,NULL,0);
UNLOCK TABLES;
/*!40000 ALTER TABLE `civicrm_activity_history` ENABLE KEYS */;

--
-- Dumping data for table `civicrm_address`
--


/*!40000 ALTER TABLE `civicrm_address` DISABLE KEYS */;
LOCK TABLES `civicrm_address` WRITE;
INSERT INTO `civicrm_address` (`id`, `location_id`, `street_address`, `street_number`, `street_number_suffix`, `street_number_predirectional`, `street_name`, `street_type`, `street_number_postdirectional`, `street_unit`, `supplemental_address_1`, `supplemental_address_2`, `supplemental_address_3`, `city`, `county_id`, `state_province_id`, `postal_code_suffix`, `postal_code`, `usps_adc`, `country_id`, `geo_coord_id`, `geo_code_1`, `geo_code_2`, `timezone`, `note`) VALUES (1,1,'N 321C College Blvd NW',321,'C','N','College','Blvd','NW',NULL,'C/o OPDC',NULL,NULL,'Lewes',1,1007,NULL,'19958',NULL,1228,1,38.746207,-75.16282,NULL,NULL),(2,2,'SW 907D Green St SW',907,'D','SW','Green','St','SW',NULL,'Receiving',NULL,NULL,'Salt Lake City',1,1043,NULL,'84152',NULL,1228,1,40.728579,-111.66273,NULL,NULL),(3,3,'S 1000J College Ln S',1000,'J','S','College','Ln','S',NULL,'Attn: Development',NULL,NULL,'Blue Mountain',1,1023,NULL,'38610',NULL,1228,1,34.659973,-89.02625,NULL,NULL),(4,4,'W 706M Beech Pl NW',706,'M','W','Beech','Pl','NW',NULL,'Urgent',NULL,NULL,'Eddyville',1,1036,NULL,'97343',NULL,1228,1,44.643659,-123.76213,NULL,NULL),(5,5,NULL,NULL,NULL,NULL,NULL,NULL,NULL,NULL,NULL,NULL,NULL,'El Paso',1,1042,NULL,'88528',NULL,1228,1,31.694842,-106.299987,NULL,NULL),(6,6,'S 441H Lincoln Rd SE',441,'H','S','Lincoln','Rd','SE',NULL,'Donor Relations',NULL,NULL,'Denver',1,1005,NULL,'80249',NULL,1228,1,39.793686,-104.73913,NULL,NULL),(7,7,'NE 475M Lincoln St S',475,'M','NE','Lincoln','St','S',NULL,'Payables Dept.',NULL,NULL,'Forestville',1,1021,NULL,'48434',NULL,1228,1,43.66139,-82.60984,NULL,NULL),(8,8,'NE 211S Jackson Ave W',211,'S','NE','Jackson','Ave','W',NULL,'Attn: Accounting',NULL,NULL,'Phoenix',1,1002,NULL,'85027',NULL,1228,1,33.698731,-112.11429,NULL,NULL),(9,9,'SW 791M Beech Dr NE',791,'M','SW','Beech','Dr','NE',NULL,'Attn: Accounting',NULL,NULL,'Nashua',1,1028,NULL,'03062',NULL,1228,1,42.724822,-71.49238,NULL,NULL),(10,10,NULL,NULL,NULL,NULL,NULL,NULL,NULL,NULL,NULL,NULL,NULL,'Calvin',1,1016,NULL,'40813',NULL,1228,1,36.737835,-83.60248,NULL,NULL),(11,11,'SW 809S El Camino Pl N',809,'S','SW','El Camino','Pl','N',NULL,'Mailstop 101',NULL,NULL,'Birmingham',1,1000,NULL,'35224',NULL,1228,1,33.517706,-86.93189,NULL,NULL),(12,12,'S 767O Van Ness Dr N',767,'O','S','Van Ness','Dr','N',NULL,'Cuffe Parade',NULL,NULL,'Oral',1,1040,NULL,'57766',NULL,1228,1,43.364717,-103.23035,NULL,NULL),(13,13,'S 18N Caulder Ave S',18,'N','S','Caulder','Ave','S',NULL,'Receiving',NULL,NULL,'Dubois',1,1013,NULL,'47527',NULL,1228,1,38.473956,-86.77777,NULL,NULL),(14,14,'SW 208S States Ln W',208,'S','SW','States','Ln','W',NULL,'Mailstop 101',NULL,NULL,'Riverside',1,1021,NULL,'49084',NULL,1228,1,42.178035,-86.38557,NULL,NULL),(15,15,NULL,NULL,NULL,NULL,NULL,NULL,NULL,NULL,NULL,NULL,NULL,'Stoy',1,1012,NULL,'62464',NULL,1228,1,38.98981,-87.839627,NULL,NULL),(16,16,'N 588U Cadell Ln NW',588,'U','N','Cadell','Ln','NW',NULL,'Urgent',NULL,NULL,'Birmingham',1,1000,NULL,'35217',NULL,1228,1,33.590003,-86.76708,NULL,NULL),(17,17,'SE 199F Caulder Dr SE',199,'F','SE','Caulder','Dr','SE',NULL,'Urgent',NULL,NULL,'Cedar Falls',1,1032,NULL,'27230',NULL,1228,1,35.802758,-79.879711,NULL,NULL),(18,18,'NW 515W Cadell Path NW',515,'W','NW','Cadell','Path','NW',NULL,'Community Relations',NULL,NULL,'Washington',1,1050,NULL,'20222',NULL,1228,1,38.893311,-77.014647,NULL,NULL),(19,19,'NW 207K Cadell Way NE',207,'K','NW','Cadell','Way','NE',NULL,'Subscriptions Dept',NULL,NULL,'Springfield',1,1045,NULL,'22161',NULL,1228,1,38.807462,-77.219354,NULL,NULL),(20,20,NULL,NULL,NULL,NULL,NULL,NULL,NULL,NULL,NULL,NULL,NULL,'Sinsinawa',1,1048,NULL,'53824',NULL,1228,1,42.859325,-90.791337,NULL,NULL),(21,21,'E 569Y Green Dr NW',569,'Y','E','Green','Dr','NW',NULL,'Disbursements',NULL,NULL,'Oakland',1,1018,NULL,'04963',NULL,1228,1,44.560495,-69.76938,NULL,NULL),(22,22,'SW 305J El Camino Blvd NW',305,'J','SW','El Camino','Blvd','NW',NULL,'Attn: Development',NULL,NULL,'Beason',1,1012,NULL,'62512',NULL,1228,1,40.139482,-89.2073,NULL,NULL),(23,23,'W 745K Bay Pl NE',745,'K','W','Bay','Pl','NE',NULL,'Attn: Accounting',NULL,NULL,'Troy',1,1013,NULL,'47588',NULL,1228,1,38.012451,-86.79698,NULL,NULL),(24,24,'NW 86I Main Path SW',86,'I','NW','Main','Path','SW',NULL,'C/o OPDC',NULL,NULL,'Stephens City',1,1045,NULL,'22655',NULL,1228,1,39.07814,-78.20713,NULL,NULL),(25,25,NULL,NULL,NULL,NULL,NULL,NULL,NULL,NULL,NULL,NULL,NULL,'Stoutsville',1,1034,NULL,'43154',NULL,1228,1,39.605605,-82.82656,NULL,NULL),(26,26,'S 474Y Lincoln Dr NW',474,'Y','S','Lincoln','Dr','NW',NULL,'Donor Relations',NULL,NULL,'Altamonte Springs',1,1008,NULL,'32715',NULL,1228,1,28.744752,-81.22328,NULL,NULL),(27,27,'SW 648Y Caulder Dr NE',648,'Y','SW','Caulder','Dr','NE',NULL,'Churchgate',NULL,NULL,'Kansas City',1,1024,NULL,'64105',NULL,1228,1,39.104204,-94.58868,NULL,NULL),(28,28,'NW 169W Cadell Dr N',169,'W','NW','Cadell','Dr','N',NULL,'Payables Dept.',NULL,NULL,'Melbourne',1,1008,NULL,'32901',NULL,1228,1,28.077494,-80.61987,NULL,NULL),(29,29,'SE 117F Pine Way NW',117,'F','SE','Pine','Way','NW',NULL,'C/o OPDC',NULL,NULL,'Springtown',1,1037,NULL,'18081',NULL,1228,1,40.556976,-75.28817,NULL,NULL),(30,30,NULL,NULL,NULL,NULL,NULL,NULL,NULL,NULL,NULL,NULL,NULL,'Tucson',1,1002,NULL,'85723',NULL,1228,1,31.970131,-111.890713,NULL,NULL),(31,31,'E 416C Dowlen Pl S',416,'C','E','Dowlen','Pl','S',NULL,'Donor Relations',NULL,NULL,'Loyall',1,1016,NULL,'40854',NULL,1228,1,36.85107,-83.35315,NULL,NULL),(32,32,'SW 562N Cadell Ave NE',562,'N','SW','Cadell','Ave','NE',NULL,'Cuffe Parade',NULL,NULL,'Houlton',1,1018,NULL,'04730',NULL,1228,1,46.12672,-67.87798,NULL,NULL),(33,33,'W 579V El Camino Ln NW',579,'V','W','El Camino','Ln','NW',NULL,'Subscriptions Dept',NULL,NULL,'Mchenry',1,1033,NULL,'58464',NULL,1228,1,47.583586,-98.5889,NULL,NULL),(34,34,'NW 561S Beech Way NW',561,'S','NW','Beech','Way','NW',NULL,'Payables Dept.',NULL,NULL,'Sumpter',1,1036,NULL,'97877',NULL,1228,1,44.744446,-118.2229,NULL,NULL),(35,35,NULL,NULL,NULL,NULL,NULL,NULL,NULL,NULL,NULL,NULL,NULL,'Headrick',1,1035,NULL,'73549',NULL,1228,1,34.645375,-99.15211,NULL,NULL),(36,36,'S 112R Woodbridge Way E',112,'R','S','Woodbridge','Way','E',NULL,'C/o PO Plus',NULL,NULL,'Brookings',1,1040,NULL,'57007',NULL,1228,1,44.369696,-96.790705,NULL,NULL),(37,37,'NE 899R Martin Luther King Blvd SW',899,'R','NE','Martin Luther King','Blvd','SW',NULL,'Churchgate',NULL,NULL,'Hamptonville',1,1032,NULL,'27020',NULL,1228,1,36.115196,-80.81872,NULL,NULL),(38,38,'NE 775F Bay Blvd NW',775,'F','NE','Bay','Blvd','NW',NULL,'Disbursements',NULL,NULL,'Thomson',1,1012,NULL,'61285',NULL,1228,1,41.978758,-90.09248,NULL,NULL),(39,39,'S 256K Maple Way W',256,'K','S','Maple','Way','W',NULL,'Urgent',NULL,NULL,'Midland City',1,1000,NULL,'36350',NULL,1228,1,31.319083,-85.48718,NULL,NULL),(40,40,NULL,NULL,NULL,NULL,NULL,NULL,NULL,NULL,NULL,NULL,NULL,'Christiansted',1,1057,NULL,'00822',NULL,1228,1,17.734211,-64.734694,NULL,NULL),(41,41,'NE 20T Second Pl N',20,'T','NE','Second','Pl','N',NULL,'Cuffe Parade',NULL,NULL,'Centerville',1,1015,NULL,'66014',NULL,1228,1,38.226434,-94.98779,NULL,NULL),(42,42,'E 255U Bay Ln SW',255,'U','E','Bay','Ln','SW',NULL,'C/o OPDC',NULL,NULL,'Gold Hill',1,1036,NULL,'97525',NULL,1228,1,42.432422,-123.08639,NULL,NULL),(43,43,'S 25M Van Ness Path N',25,'M','S','Van Ness','Path','N',NULL,'Attn: Accounting',NULL,NULL,'Luray',1,1045,NULL,'22865',NULL,1228,1,38.65845,-78.426788,NULL,NULL),(44,44,'N 979J Northpoint Path SE',979,'J','N','Northpoint','Path','SE',NULL,'Receiving',NULL,NULL,'Newtown',1,1024,NULL,'64667',NULL,1228,1,40.385432,-93.33102,NULL,NULL),(45,45,NULL,NULL,NULL,NULL,NULL,NULL,NULL,NULL,NULL,NULL,NULL,'Roaring River',1,1032,NULL,'28669',NULL,1228,1,36.229983,-80.99639,NULL,NULL),(46,46,'SW 198X Maple Pl NE',198,'X','SW','Maple','Pl','NE',NULL,'Editorial Dept',NULL,NULL,'Collins',1,1014,NULL,'50055',NULL,1228,1,41.880967,-93.29691,NULL,NULL),(47,47,'E 815Z Second Path W',815,'Z','E','Second','Path','W',NULL,'Donor Relations',NULL,NULL,'Shafter',1,1004,NULL,'93263',NULL,1228,1,35.490517,-119.26495,NULL,NULL),(48,48,'N 298S Cadell Dr SW',298,'S','N','Cadell','Dr','SW',NULL,'C/o OPDC',NULL,NULL,'Saint James',1,1017,NULL,'70086',NULL,1228,1,30.013027,-90.85714,NULL,NULL),(49,49,'SW 376X Martin Luther King Way E',376,'X','SW','Martin Luther King','Way','E',NULL,'Cuffe Parade',NULL,NULL,'Elkins',1,1003,NULL,'72727',NULL,1228,1,35.970492,-93.94296,NULL,NULL),(50,50,NULL,NULL,NULL,NULL,NULL,NULL,NULL,NULL,NULL,NULL,NULL,'Glenbeulah',1,1048,NULL,'53023',NULL,1228,1,43.777582,-88.10103,NULL,NULL),(51,51,'S 190D Lincoln Rd SW',190,'D','S','Lincoln','Rd','SW',NULL,'Urgent',NULL,NULL,'Balko',1,1035,NULL,'73931',NULL,1228,1,36.601946,-100.76553,NULL,NULL),(52,52,'SW 939Y Beech Ln N',939,'Y','SW','Beech','Ln','N',NULL,'C/o OPDC',NULL,NULL,'Mobile',1,1000,NULL,'36688',NULL,1228,1,30.696589,-88.173652,NULL,NULL),(53,53,'SE 962E Dowlen Blvd E',962,'E','SE','Dowlen','Blvd','E',NULL,'Subscriptions Dept',NULL,NULL,'Muskegon',1,1021,NULL,'49440',NULL,1228,1,43.234014,-86.25131,NULL,NULL),(54,54,'SW 185N Maple St NE',185,'N','SW','Maple','St','NE',NULL,'Donor Relations',NULL,NULL,'Sidney',1,1012,NULL,'61877',NULL,1228,1,40.004053,-88.07693,NULL,NULL),(55,55,NULL,NULL,NULL,NULL,NULL,NULL,NULL,NULL,NULL,NULL,NULL,'Hugheston',1,1047,NULL,'25110',NULL,1228,1,38.212287,-81.34327,NULL,NULL),(56,56,'SW 63G Main Ave N',63,'G','SW','Main','Ave','N',NULL,'Community Relations',NULL,NULL,'Beaufort',1,1039,NULL,'29903',NULL,1228,1,32.443974,-80.735245,NULL,NULL),(57,57,'N 549N Main Ln SW',549,'N','N','Main','Ln','SW',NULL,'Cuffe Parade',NULL,NULL,'Valley Forge',1,1037,NULL,'19483',NULL,1228,1,40.211896,-75.35586,NULL,NULL),(58,58,'N 942B Woodbridge Path SW',942,'B','N','Woodbridge','Path','SW',NULL,'C/o PO Plus',NULL,NULL,'Shawnee Mission',1,1015,NULL,'66217',NULL,1228,1,39.021629,-94.78107,NULL,NULL),(59,59,'SE 769Y El Camino Ln NW',769,'Y','SE','El Camino','Ln','NW',NULL,'C/o PO Plus',NULL,NULL,'Prattville',1,1000,NULL,'36067',NULL,1228,1,32.488113,-86.52962,NULL,NULL),(60,60,NULL,NULL,NULL,NULL,NULL,NULL,NULL,NULL,NULL,NULL,NULL,'Herron',1,1021,NULL,'49744',NULL,1228,1,44.993111,-83.65723,NULL,NULL),(61,61,'W 40E Jackson Path N',40,'E','W','Jackson','Path','N',NULL,'Mailstop 101',NULL,NULL,'Highland Park',1,1029,NULL,'08904',NULL,1228,1,40.500254,-74.4257,NULL,NULL),(62,62,'N 333F Northpoint Dr N',333,'F','N','Northpoint','Dr','N',NULL,'Urgent',NULL,NULL,'South Lake Tahoe',1,1004,NULL,'96157',NULL,1228,1,38.934409,-119.976707,NULL,NULL),(63,63,'SW 568S Woodbridge Way N',568,'S','SW','Woodbridge','Way','N',NULL,'Urgent',NULL,NULL,'Anchorage',1,1001,NULL,'99508',NULL,1228,1,61.203953,-149.8144,NULL,NULL),(64,64,'N 435U Dowlen Ave SE',435,'U','N','Dowlen','Ave','SE',NULL,'Attn: Development',NULL,NULL,'Kansas',1,1035,NULL,'74347',NULL,1228,1,36.19,-94.79595,NULL,NULL),(65,65,NULL,NULL,NULL,NULL,NULL,NULL,NULL,NULL,NULL,NULL,NULL,'Cottonwood Falls',1,1015,NULL,'66845',NULL,1228,1,38.344157,-96.52969,NULL,NULL),(66,66,'NE 248M Cadell Ave NW',248,'M','NE','Cadell','Ave','NW',NULL,'C/o OPDC',NULL,NULL,'Hamshire',1,1042,NULL,'77622',NULL,1228,1,29.870794,-94.2896,NULL,NULL),(67,67,'S 153F Northpoint Dr W',153,'F','S','Northpoint','Dr','W',NULL,'Churchgate',NULL,NULL,'Yantis',1,1042,NULL,'75497',NULL,1228,1,32.906074,-95.55779,NULL,NULL),(68,68,'NE 494H Dowlen Pl W',494,'H','NE','Dowlen','Pl','W',NULL,'Disbursements',NULL,NULL,'Montana Mines',1,1047,NULL,'26586',NULL,1228,1,39.525505,-80.10866,NULL,NULL),(69,69,'SW 678U Green Dr S',678,'U','SW','Green','Dr','S',NULL,'C/o PO Plus',NULL,NULL,'Collinsville',1,1006,NULL,'06022',NULL,1228,1,41.832842,-72.92526,NULL,NULL),(70,70,NULL,NULL,NULL,NULL,NULL,NULL,NULL,NULL,NULL,NULL,NULL,'Ontonagon',1,1021,NULL,'49953',NULL,1228,1,46.846455,-89.35119,NULL,NULL),(71,71,'NW 649M Green Way N',649,'M','NW','Green','Way','N',NULL,'Receiving',NULL,NULL,'Washington',1,1050,NULL,'20577',NULL,1228,1,38.900758,-77.034455,NULL,NULL),(72,72,'S 850C Dowlen Pl SW',850,'C','S','Dowlen','Pl','SW',NULL,'Attn: Development',NULL,NULL,'Hoskins',1,1026,NULL,'68740',NULL,1228,1,42.145982,-97.3009,NULL,NULL),(73,73,'SW 955J Caulder Dr SE',955,'J','SW','Caulder','Dr','SE',NULL,'Payables Dept.',NULL,NULL,'Deland',1,1008,NULL,'32721',NULL,1228,1,28.997288,-81.299521,NULL,NULL),(74,74,'S 954C Dowlen Pl W',954,'C','S','Dowlen','Pl','W',NULL,'Disbursements',NULL,NULL,'Punta Gorda',1,1008,NULL,'33951',NULL,1228,1,26.970756,-81.984504,NULL,NULL),(75,75,NULL,NULL,NULL,NULL,NULL,NULL,NULL,NULL,NULL,NULL,NULL,'Bryan',1,1042,NULL,'77807',NULL,1228,1,30.68416,-96.46101,NULL,NULL),(76,76,'NW 623T Woodbridge Dr S',623,'T','NW','Woodbridge','Dr','S',NULL,'Attn: Development',NULL,NULL,'Cottonwood',1,1004,NULL,'96222',NULL,1228,1,40.385673,-122.279739,NULL,NULL),(77,77,'SE 140Z Jackson Dr W',140,'Z','SE','Jackson','Dr','W',NULL,'C/o PO Plus',NULL,NULL,'Dallas',1,1042,NULL,'75396',NULL,1228,1,32.767268,-96.777626,NULL,NULL),(78,78,'E 873U Jackson Path NW',873,'U','E','Jackson','Path','NW',NULL,'C/o PO Plus',NULL,NULL,'Austin',1,1042,NULL,'78752',NULL,1228,1,30.332506,-97.70571,NULL,NULL),(79,79,'NE 743M El Camino St SE',743,'M','NE','El Camino','St','SE',NULL,'Payables Dept.',NULL,NULL,'Lake Mills',1,1014,NULL,'50405',NULL,1228,1,43.418395,-93.525253,NULL,NULL),(80,80,NULL,NULL,NULL,NULL,NULL,NULL,NULL,NULL,NULL,NULL,NULL,'Eustis',1,1008,NULL,'32727',NULL,1228,1,28.855517,-81.674147,NULL,NULL),(81,81,'NE 666C Maple Ln SE',666,'C','NE','Maple','Ln','SE',NULL,'Community Relations',NULL,NULL,'Flint',1,1021,NULL,'48532',NULL,1228,1,43.005477,-83.76098,NULL,NULL),(82,82,'W 941U Cadell Blvd NW',941,'U','W','Cadell','Blvd','NW',NULL,'Disbursements',NULL,NULL,'Deerfield',1,1021,NULL,'49238',NULL,1228,1,41.910884,-83.78699,NULL,NULL),(83,83,'W 823H Martin Luther King Blvd SW',823,'H','W','Martin Luther King','Blvd','SW',NULL,'Subscriptions Dept',NULL,NULL,'Olmstead',1,1016,NULL,'42265',NULL,1228,1,36.752802,-87.02003,NULL,NULL),(84,84,'W 151L Green Ave NE',151,'L','W','Green','Ave','NE',NULL,'Payables Dept.',NULL,NULL,'Germantown',1,1019,NULL,'20876',NULL,1228,1,39.191769,-77.24329,NULL,NULL),(85,85,NULL,NULL,NULL,NULL,NULL,NULL,NULL,NULL,NULL,NULL,NULL,'Dallas',1,1042,NULL,'75371',NULL,1228,1,32.767268,-96.777626,NULL,NULL),(86,86,'N 407S Woodbridge Blvd E',407,'S','N','Woodbridge','Blvd','E',NULL,'Community Relations',NULL,NULL,'San Juan',1,1056,NULL,'00906',NULL,1228,1,18.46454,-66.10079,NULL,NULL),(87,87,'S 14S El Camino Way E',14,'S',NULL,'El Camino','Way',NULL,NULL,NULL,NULL,NULL,'Collinsville',NULL,1006,NULL,'6022',NULL,1228,1,41.8328,-72.9253,NULL,NULL),(88,88,'E 11B Woodbridge Path SW',11,'B',NULL,'Woodbridge','Path',NULL,NULL,NULL,NULL,NULL,'Dayton',NULL,1034,NULL,'45417',NULL,1228,1,39.7531,-84.2471,NULL,NULL),(89,89,'E 581O Lincoln Dr SW',581,'O',NULL,'Lincoln','Dr',NULL,NULL,NULL,NULL,NULL,'Santa Fe',NULL,1030,NULL,'87594',NULL,1228,1,35.5212,-105.982,NULL,NULL);
UNLOCK TABLES;
/*!40000 ALTER TABLE `civicrm_address` ENABLE KEYS */;

--
-- Dumping data for table `civicrm_case`
--


/*!40000 ALTER TABLE `civicrm_case` DISABLE KEYS */;
LOCK TABLES `civicrm_case` WRITE;
UNLOCK TABLES;
/*!40000 ALTER TABLE `civicrm_case` ENABLE KEYS */;

--
-- Dumping data for table `civicrm_case_activity`
--


/*!40000 ALTER TABLE `civicrm_case_activity` DISABLE KEYS */;
LOCK TABLES `civicrm_case_activity` WRITE;
UNLOCK TABLES;
/*!40000 ALTER TABLE `civicrm_case_activity` ENABLE KEYS */;

--
-- Dumping data for table `civicrm_contact`
--


/*!40000 ALTER TABLE `civicrm_contact` DISABLE KEYS */;
LOCK TABLES `civicrm_contact` WRITE;
INSERT INTO `civicrm_contact` (`nick_name`, `domain_id`, `contact_type`, `do_not_email`, `do_not_phone`, `do_not_mail`, `contact_sub_type`, `legal_identifier`, `external_identifier`, `sort_name`, `display_name`, `home_URL`, `image_URL`, `preferred_communication_method`, `preferred_mail_format`, `do_not_trade`, `hash`, `is_opt_out`, `id`, `source`) VALUES (NULL,1,'Organization',0,0,0,NULL,NULL,NULL,'Inner City Arts','Inner City Arts',NULL,NULL,'4','Both',0,'1902067651',0,1,NULL),(NULL,1,'Individual',1,1,0,NULL,NULL,NULL,'Smith, Purvi','Mr Purvi J Smith Jr',NULL,NULL,'2','Both',0,'1509876168',0,2,NULL),(NULL,1,'Household',0,0,0,NULL,NULL,NULL,'Melinda chowski\'s home','Melinda chowski\'s home',NULL,NULL,'5','Both',1,'-401135102',0,3,NULL),(NULL,1,'Individual',1,0,0,NULL,NULL,NULL,'Smith, Brzczysaw','Ms Brzczysaw M Smith Jr',NULL,NULL,'5','Both',1,'-530646570',0,4,NULL),(NULL,1,'Individual',0,0,0,NULL,NULL,NULL,'Samuels, Chetan','Ms Chetan A Samuels Jr',NULL,NULL,'1','Both',0,'1201886572',0,5,NULL),(NULL,1,'Individual',1,0,0,NULL,NULL,NULL,'Jones, Raymond','Mr Raymond M Jones Sr',NULL,NULL,'1','Both',1,'-1277356636',0,6,NULL),(NULL,1,'Individual',0,1,0,NULL,NULL,NULL,'Adams, Peter','Mrs Peter U Adams Jr',NULL,NULL,'4','Both',1,'1340839646',0,7,NULL),(NULL,1,'Individual',1,1,0,NULL,NULL,NULL,'Yadav, Paula','Ms Paula J Yadav Jr',NULL,NULL,'2','Both',1,'-1484156835',0,8,NULL),(NULL,1,'Individual',1,0,0,NULL,NULL,NULL,'Jameson, Michelle','Dr Michelle P Jameson Jr',NULL,NULL,'4','Both',0,'1025090854',0,9,NULL),(NULL,1,'Individual',1,1,0,NULL,NULL,NULL,'Reynolds, Alice','Mr Alice E Reynolds Sr',NULL,NULL,'1','Both',1,'30116897',0,10,NULL),(NULL,1,'Individual',1,1,0,NULL,NULL,NULL,'Jones, Paula','Mr Paula B Jones Sr',NULL,NULL,'5','Both',0,'-1940435978',0,11,NULL),(NULL,1,'Individual',1,0,0,NULL,NULL,NULL,'chowski, Jennifer','Mr Jennifer M chowski Sr',NULL,NULL,'5','Both',0,'-132686505',0,12,NULL),(NULL,1,'Individual',0,0,0,NULL,NULL,NULL,'chowski, Jennifer','Mr Jennifer F chowski Jr',NULL,NULL,'1','Both',0,'-132686505',0,13,NULL),(NULL,1,'Organization',1,0,0,NULL,NULL,NULL,'Social Source Foundation  ','Social Source Foundation  ',NULL,NULL,'4','Both',1,'2066676426',0,14,NULL),(NULL,1,'Individual',0,1,0,NULL,NULL,NULL,'Smith, Rebecca','Mrs Rebecca M Smith Sr',NULL,NULL,'4','Both',0,'1509971092',0,15,NULL),(NULL,1,'Individual',1,1,0,NULL,NULL,NULL,'Samuels, Sheila','Mrs Sheila N Samuels Sr',NULL,NULL,'1','Both',0,'1973027848',0,16,NULL),(NULL,1,'Individual',1,1,0,NULL,NULL,NULL,'Smith, Milan','Dr Milan M Smith Jr',NULL,NULL,'4','Both',1,'1444857235',0,17,NULL),(NULL,1,'Individual',1,1,0,NULL,NULL,NULL,'Adams, Monica','Ms Monica T Adams Jr',NULL,NULL,'5','Both',1,'420269677',0,18,NULL),(NULL,1,'Individual',0,1,0,NULL,NULL,NULL,'Jameson, Amar','Dr Amar P Jameson Sr',NULL,NULL,'3','Both',1,'-1672071096',0,19,NULL),(NULL,1,'Individual',1,0,0,NULL,NULL,NULL,'Patel, Pat','Mr Pat J Patel Jr',NULL,NULL,'2','Both',0,'2081809560',0,20,NULL),(NULL,1,'Household',1,1,0,NULL,NULL,NULL,'Sheila Samuels\'s home','Sheila Samuels\'s home',NULL,NULL,'5','Both',1,'-1943980610',0,21,NULL),(NULL,1,'Organization',0,0,0,NULL,NULL,NULL,'Magic Bus  ','Magic Bus  ',NULL,NULL,'3','Both',0,'-2069559523',0,22,NULL),(NULL,1,'Individual',1,0,0,NULL,NULL,NULL,'Jones, Chris','Dr Chris Y Jones Sr',NULL,NULL,'1','Both',0,'1570667174',0,23,NULL),(NULL,1,'Household',0,0,0,NULL,NULL,NULL,'Melinda Smith\'s home','Melinda Smith\'s home',NULL,NULL,'1','Both',0,'115336996',0,24,NULL),(NULL,1,'Individual',1,0,0,NULL,NULL,NULL,'Smith, Anne','Ms Anne L Smith Sr',NULL,NULL,'2','Both',1,'-659959845',0,25,NULL),(NULL,1,'Individual',0,1,0,NULL,NULL,NULL,'Zope, Sam','Dr Sam O Zope Jr',NULL,NULL,'3','Both',1,'972265794',0,26,NULL),(NULL,1,'Individual',0,0,0,NULL,NULL,NULL,'Grant, Tony','Mr Tony L Grant Jr',NULL,NULL,'1','Both',1,'-1795536285',0,27,NULL),(NULL,1,'Individual',1,1,0,NULL,NULL,NULL,'Smith, Melinda','Dr Melinda B Smith Jr',NULL,NULL,'5','Both',0,'2045361406',0,28,NULL),(NULL,1,'Individual',1,1,0,NULL,NULL,NULL,'Patel, Amar','Dr Amar S Patel Jr',NULL,NULL,'4','Both',0,'1152114309',0,29,NULL),(NULL,1,'Individual',1,0,0,NULL,NULL,NULL,'Jones, Sandy','Dr Sandy V Jones Jr',NULL,NULL,'4','Both',1,'3239913',0,30,NULL),(NULL,1,'Individual',1,0,0,NULL,NULL,NULL,'Adams, Milan','Mrs Milan W Adams Jr',NULL,NULL,'5','Both',0,'-15396394',0,31,NULL),(NULL,1,'Individual',1,0,0,NULL,NULL,NULL,'Roberts, Paula','Mr Paula P Roberts Sr',NULL,NULL,'1','Both',0,'-1285277997',0,32,NULL),(NULL,1,'Individual',0,0,0,NULL,NULL,NULL,'Roberts, Chris','Ms Chris I Roberts Jr',NULL,NULL,'1','Both',0,'1655506819',0,33,NULL),(NULL,1,'Household',0,1,0,NULL,NULL,NULL,'Anne Yadav\'s home','Anne Yadav\'s home',NULL,NULL,'3','Both',1,'-1042426069',0,34,NULL),(NULL,1,'Individual',0,1,0,NULL,NULL,NULL,'Zope, Michael','Ms Michael C Zope Sr',NULL,NULL,'4','Both',1,'226812246',0,35,NULL),(NULL,1,'Household',1,1,0,NULL,NULL,NULL,'Michelle Jameson\'s home','Michelle Jameson\'s home',NULL,NULL,'3','Both',0,'-1290419513',0,36,NULL),(NULL,1,'Household',1,0,0,NULL,NULL,NULL,'Andrew Smith\'s home','Andrew Smith\'s home',NULL,NULL,'1','Both',1,'-291249794',0,37,NULL),(NULL,1,'Individual',0,0,0,NULL,NULL,NULL,'Adams, Chris','Dr Chris A Adams Sr',NULL,NULL,'3','Both',1,'1174315129',0,38,NULL),(NULL,1,'Individual',1,1,0,NULL,NULL,NULL,'Yadav, Peter','Mrs Peter X Yadav Sr',NULL,NULL,'2','Both',1,'2085984170',0,39,NULL),(NULL,1,'Individual',0,1,0,NULL,NULL,NULL,'Patel, Paula','Dr Paula I Patel Sr',NULL,NULL,'3','Both',0,'-1390848053',0,40,NULL),(NULL,1,'Individual',0,1,0,NULL,NULL,NULL,'Grant, Raymond','Dr Raymond J Grant Jr',NULL,NULL,'3','Both',0,'1147510807',0,41,NULL),(NULL,1,'Individual',1,1,0,NULL,NULL,NULL,'Roberts, Melinda','Ms Melinda A Roberts Jr',NULL,NULL,'4','Both',0,'-742875049',0,42,NULL),(NULL,1,'Individual',1,0,0,NULL,NULL,NULL,'Jones, Sheila','Mr Sheila Y Jones Jr',NULL,NULL,'4','Both',1,'-736279097',0,43,NULL),(NULL,1,'Individual',1,0,0,NULL,NULL,NULL,'Zope, Paula','Ms Paula H Zope Sr',NULL,NULL,'2','Both',1,'-1406283754',0,44,NULL),(NULL,1,'Individual',0,1,0,NULL,NULL,NULL,'Zope, Anne','Mr Anne H Zope Jr',NULL,NULL,'1','Both',1,'-1387257195',0,45,NULL),(NULL,1,'Individual',1,0,0,NULL,NULL,NULL,'Adams, Andrew','Dr Andrew N Adams Sr',NULL,NULL,'3','Both',1,'-1896965756',0,46,NULL),(NULL,1,'Individual',0,1,0,NULL,NULL,NULL,'Yadav, Franklin','Dr Franklin M Yadav Sr',NULL,NULL,'3','Both',1,'1075852875',0,47,NULL),(NULL,1,'Individual',0,0,0,NULL,NULL,NULL,'Patel, Raymond','Ms Raymond U Patel Sr',NULL,NULL,'5','Both',1,'-852221925',0,48,NULL),(NULL,1,'Individual',0,1,0,NULL,NULL,NULL,'Jones, Chetan','Mrs Chetan Y Jones Jr',NULL,NULL,'1','Both',0,'-433843037',0,49,NULL),(NULL,1,'Individual',0,1,0,NULL,NULL,NULL,'Smith, Chetan','Dr Chetan P Smith Sr',NULL,NULL,'5','Both',1,'-162593289',0,50,NULL),(NULL,1,'Individual',1,0,0,NULL,NULL,NULL,'Adams, Raymond','Mr Raymond D Adams Jr',NULL,NULL,'4','Both',0,'-746852386',0,51,NULL),(NULL,1,'Individual',0,1,0,NULL,NULL,NULL,'Patel, Jennifer','Mrs Jennifer W Patel Sr',NULL,NULL,'3','Both',0,'-694125814',0,52,NULL),(NULL,1,'Organization',0,1,0,NULL,NULL,NULL,'Conservation Corp  ','Conservation Corp  ',NULL,NULL,'4','Both',1,'1902067651',0,53,NULL),(NULL,1,'Individual',1,0,0,NULL,NULL,NULL,'Smith, Bill','Dr Bill R Smith Jr',NULL,NULL,'4','Both',0,'-2068206442',0,54,NULL),(NULL,1,'Household',0,0,0,NULL,NULL,NULL,'Chris Roberts\'s home','Chris Roberts\'s home',NULL,NULL,'1','Both',1,'921893257',0,55,NULL),(NULL,1,'Individual',0,1,0,NULL,NULL,NULL,'Zope, Melinda','Ms Melinda X Zope Jr',NULL,NULL,'1','Both',0,'744282968',0,56,NULL),(NULL,1,'Organization',1,1,0,NULL,NULL,NULL,'Intel  ','Intel  ',NULL,NULL,'5','Both',0,'-1853032722',0,57,NULL),(NULL,1,'Individual',0,1,0,NULL,NULL,NULL,'chowski, Melinda','Dr Melinda V chowski Jr',NULL,NULL,'2','Both',0,'1748872128',0,58,NULL),(NULL,1,'Individual',1,0,0,NULL,NULL,NULL,'Smith, Anne','Mr Anne J Smith Sr',NULL,NULL,'5','Both',0,'-659959845',0,59,NULL),(NULL,1,'Individual',0,1,0,NULL,NULL,NULL,'Zope, Chetan','Mr Chetan K Zope Sr',NULL,NULL,'2','Both',0,'1175358528',0,60,NULL),(NULL,1,'Individual',0,0,0,NULL,NULL,NULL,'Smith, Andrew','Mr Andrew H Smith Sr',NULL,NULL,'1','Both',1,'-1997461681',0,61,NULL),(NULL,1,'Household',1,1,0,NULL,NULL,NULL,'Raymond Smith\'s home','Raymond Smith\'s home',NULL,NULL,'3','Both',0,'-2021938920',0,62,NULL),(NULL,1,'Household',0,0,0,NULL,NULL,NULL,'Chris Jones\'s home','Chris Jones\'s home',NULL,NULL,'4','Both',0,'530431171',0,63,NULL),(NULL,1,'Individual',1,0,0,NULL,NULL,NULL,'Smith, Monica','Ms Monica U Smith Jr',NULL,NULL,'3','Both',0,'521367718',0,64,NULL),(NULL,1,'Individual',1,1,0,NULL,NULL,NULL,'Samuels, Sandy','Dr Sandy W Samuels Sr',NULL,NULL,'2','Both',0,'1457774152',0,65,NULL),(NULL,1,'Individual',0,1,0,NULL,NULL,NULL,'Roberts, Brzczysaw','Dr Brzczysaw R Roberts Jr',NULL,NULL,'4','Both',1,'-603753726',0,66,NULL),(NULL,1,'Organization',1,1,0,NULL,NULL,NULL,'Compumentor  ','Compumentor  ',NULL,NULL,'5','Both',0,'-1260506705',0,67,NULL),(NULL,1,'Individual',0,0,0,NULL,NULL,NULL,'Smith, Dan','Mrs Dan T Smith Sr',NULL,NULL,'5','Both',0,'719171535',0,68,NULL),(NULL,1,'Individual',1,1,0,NULL,NULL,NULL,'Jameson, Melinda','Mr Melinda W Jameson Jr',NULL,NULL,'4','Both',0,'961128637',0,69,NULL),(NULL,1,'Individual',1,1,0,NULL,NULL,NULL,'Jones, Anne','Ms Anne Z Jones Jr',NULL,NULL,'5','Both',0,'-1202818592',0,70,NULL),(NULL,1,'Individual',0,1,0,NULL,NULL,NULL,'Zope, Pat','Ms Pat G Zope Sr',NULL,NULL,'3','Both',1,'1608421339',0,71,NULL),(NULL,1,'Organization',0,0,0,NULL,NULL,NULL,'Red Cross  ','Red Cross  ',NULL,NULL,'5','Both',0,'769545824',0,72,NULL),(NULL,1,'Individual',1,0,0,NULL,NULL,NULL,'chowski, Sam','Ms Sam D chowski Sr',NULL,NULL,'1','Both',1,'1967322457',0,73,NULL),(NULL,1,'Individual',1,0,0,NULL,NULL,NULL,'Zope, Andrew','Dr Andrew D Zope Jr',NULL,NULL,'5','Both',0,'951103224',0,74,NULL),(NULL,1,'Household',0,0,0,NULL,NULL,NULL,'Sam Zope\'s home','Sam Zope\'s home',NULL,NULL,'5','Both',1,'-861818423',0,75,NULL),(NULL,1,'Individual',0,0,0,NULL,NULL,NULL,'Yadav, Rebecca','Mrs Rebecca V Yadav Jr',NULL,NULL,'4','Both',0,'1793388488',0,76,NULL),(NULL,1,'Individual',0,1,0,NULL,NULL,NULL,'Samuels, Peter','Mrs Peter G Samuels Sr',NULL,NULL,'3','Both',0,'22674848',0,77,NULL),(NULL,1,'Household',1,1,0,NULL,NULL,NULL,'Jennifer chowski\'s home','Jennifer chowski\'s home',NULL,NULL,'2','Both',0,'-1821394423',0,78,NULL),(NULL,1,'Individual',0,1,0,NULL,NULL,NULL,'Patel, Sandy','Mrs Sandy P Patel Jr',NULL,NULL,'3','Both',1,'562000852',0,79,NULL),(NULL,1,'Individual',1,0,0,NULL,NULL,NULL,'Smith, Peter','Mrs Peter Y Smith Sr',NULL,NULL,'2','Both',1,'-421510501',0,80,NULL),(NULL,1,'Individual',0,1,0,NULL,NULL,NULL,'Smith, Brzczysaw','Mrs Brzczysaw L Smith Sr',NULL,NULL,'3','Both',0,'-530646570',0,81,NULL),(NULL,1,'Household',0,0,0,NULL,NULL,NULL,'Brzczysaw Roberts\'s home','Brzczysaw Roberts\'s home',NULL,NULL,'1','Both',1,'-593007295',0,82,NULL),(NULL,1,'Household',1,1,0,NULL,NULL,NULL,'Milan Smith\'s home','Milan Smith\'s home',NULL,NULL,'4','Both',0,'-401005802',0,83,NULL),(NULL,1,'Individual',1,0,0,NULL,NULL,NULL,'chowski, Sheila','Dr Sheila T chowski Jr',NULL,NULL,'4','Both',0,'292173384',0,84,NULL),(NULL,1,'Organization',0,1,0,NULL,NULL,NULL,'Magic Bus  ','Magic Bus  ',NULL,NULL,'1','Both',1,'-2069559523',0,85,NULL),(NULL,1,'Individual',1,0,0,NULL,NULL,NULL,'Smith, Raymond','Ms Raymond P Smith Jr',NULL,NULL,'5','Both',1,'-540284072',0,86,NULL),(NULL,1,'Individual',1,1,0,NULL,NULL,NULL,'Zope, Raymond','Dr Raymond N Zope Jr',NULL,NULL,'2','Both',0,'-1971417858',0,87,NULL),(NULL,1,'Individual',0,0,0,NULL,NULL,NULL,'Grant, Melinda','Mr Melinda M Grant Jr',NULL,NULL,'5','Both',1,'-498600015',0,88,NULL),(NULL,1,'Organization',0,0,0,NULL,NULL,NULL,'Conservation Corp  ','Conservation Corp  ',NULL,NULL,'1','Both',1,'1902067651',0,89,NULL),(NULL,1,'Individual',0,1,0,NULL,NULL,NULL,'Roberts, Sandy','Dr Sandy F Roberts Sr',NULL,NULL,'1','Both',1,'1057100492',0,90,NULL),(NULL,1,'Organization',0,0,0,NULL,NULL,NULL,'Intel  ','Intel  ',NULL,NULL,'4','Both',1,'-1853032722',0,91,NULL),(NULL,1,'Individual',0,0,0,NULL,NULL,NULL,'chowski, Paula','Mrs Paula H chowski Jr',NULL,NULL,'1','Both',1,'1092581966',0,92,NULL),(NULL,1,'Household',1,0,0,NULL,NULL,NULL,'Chetan Jones\'s home','Chetan Jones\'s home',NULL,NULL,'5','Both',0,'-1280355976',0,93,NULL),(NULL,1,'Household',1,0,0,NULL,NULL,NULL,'Chetan Smith\'s home','Chetan Smith\'s home',NULL,NULL,'3','Both',1,'46424034',0,94,NULL),(NULL,1,'Individual',1,1,0,NULL,NULL,NULL,'Smith, Brzczysaw','Mr Brzczysaw T Smith Jr',NULL,NULL,'1','Both',1,'-530646570',0,95,NULL),(NULL,1,'Individual',1,0,0,NULL,NULL,NULL,'Jones, Chetan','Mr Chetan T Jones Jr',NULL,NULL,'1','Both',1,'-433843037',0,96,NULL),(NULL,1,'Organization',1,1,0,NULL,NULL,NULL,'Conservation Corp  ','Conservation Corp  ',NULL,NULL,'1','Both',1,'1902067651',0,97,NULL),(NULL,1,'Individual',0,1,0,NULL,NULL,NULL,'Jameson, Michelle','Mrs Michelle N Jameson Jr',NULL,NULL,'4','Both',0,'1025090854',0,98,NULL),(NULL,1,'Individual',0,0,0,NULL,NULL,NULL,'Smith, Chris','Ms Chris E Smith Jr',NULL,NULL,'5','Both',1,'-319458244',0,99,NULL),(NULL,1,'Individual',0,0,0,NULL,NULL,NULL,'Yadav, Anne','Mrs Anne C Yadav Jr',NULL,NULL,'2','Both',0,'-758167462',0,100,NULL),(NULL,1,'Individual',0,0,0,NULL,NULL,NULL,'chowski, Pat','Ms Pat Z chowski Jr',NULL,NULL,'5','Both',1,'326099904',0,101,NULL);
UNLOCK TABLES;
/*!40000 ALTER TABLE `civicrm_contact` ENABLE KEYS */;

--
-- Dumping data for table `civicrm_contribution`
--


/*!40000 ALTER TABLE `civicrm_contribution` DISABLE KEYS */;
LOCK TABLES `civicrm_contribution` WRITE;
INSERT INTO `civicrm_contribution` (`id`, `domain_id`, `contact_id`, `solicitor_id`, `contribution_type_id`, `contribution_page_id`, `payment_instrument_id`, `receive_date`, `non_deductible_amount`, `total_amount`, `fee_amount`, `net_amount`, `trxn_id`, `invoice_id`, `currency`, `cancel_date`, `cancel_reason`, `receipt_date`, `thankyou_date`, `source`, `amount_level`, `contribution_recur_id`, `honor_contact_id`, `is_test`, `contribution_status_id`) VALUES (1,1,2,NULL,1,NULL,4,'2007-04-11 00:00:00','0.00','125.00',NULL,NULL,'check #1041',NULL,'USD',NULL,NULL,NULL,NULL,'Apr 2007 Mailer 1',NULL,NULL,NULL,0,1),(2,1,4,NULL,1,NULL,1,'2007-03-21 00:00:00','0.00','50.00',NULL,NULL,'P20901X1',NULL,'USD',NULL,NULL,NULL,NULL,'Online: Save the Penguins',NULL,NULL,NULL,0,1),(3,1,6,NULL,1,NULL,4,'2007-04-29 00:00:00','0.00','25.00',NULL,NULL,'check #2095',NULL,'USD',NULL,NULL,NULL,NULL,'Apr 2007 Mailer 1',NULL,NULL,NULL,0,1),(4,1,8,NULL,1,NULL,4,'2007-04-11 00:00:00','0.00','50.00',NULL,NULL,'check #10552',NULL,'USD',NULL,NULL,NULL,NULL,'Apr 2007 Mailer 1',NULL,NULL,NULL,0,1),(5,1,16,NULL,1,NULL,4,'2007-04-15 00:00:00','0.00','500.00',NULL,NULL,'check #509',NULL,'USD',NULL,NULL,NULL,NULL,'Apr 2007 Mailer 1',NULL,NULL,NULL,0,1),(6,1,19,NULL,1,NULL,4,'2007-04-11 00:00:00','0.00','175.00',NULL,NULL,'check #102',NULL,'USD',NULL,NULL,NULL,NULL,'Apr 2007 Mailer 1',NULL,NULL,NULL,0,1),(7,1,82,NULL,1,NULL,1,'2007-03-27 00:00:00','0.00','50.00',NULL,NULL,'P20193L2',NULL,'USD',NULL,NULL,NULL,NULL,'Online: Save the Penguins',NULL,NULL,NULL,0,1),(8,1,92,NULL,1,NULL,1,'2007-03-08 00:00:00','0.00','10.00',NULL,NULL,'P40232Y3',NULL,'USD',NULL,NULL,NULL,NULL,'Online: Save the Penguins',NULL,NULL,NULL,0,1),(9,1,34,NULL,1,NULL,1,'2007-04-22 00:00:00','0.00','250.00',NULL,NULL,'P20193L6',NULL,'USD',NULL,NULL,NULL,NULL,'Online: Save the Penguins',NULL,NULL,NULL,0,1);
UNLOCK TABLES;
/*!40000 ALTER TABLE `civicrm_contribution` ENABLE KEYS */;

--
-- Dumping data for table `civicrm_contribution_page`
--


/*!40000 ALTER TABLE `civicrm_contribution_page` DISABLE KEYS */;
LOCK TABLES `civicrm_contribution_page` WRITE;
INSERT INTO `civicrm_contribution_page` (`id`, `domain_id`, `title`, `intro_text`, `contribution_type_id`, `payment_processor_id`, `is_credit_card_only`, `is_monetary`, `is_recur`, `is_allow_other_amount`, `default_amount_id`, `min_amount`, `max_amount`, `goal_amount`, `thankyou_title`, `thankyou_text`, `thankyou_footer`, `is_email_receipt`, `receipt_from_name`, `receipt_from_email`, `cc_receipt`, `bcc_receipt`, `receipt_text`, `is_active`, `footer_text`, `amount_block_is_active`, `is_thermometer`, `thermometer_title`, `honor_block_is_active`, `honor_block_title`, `honor_block_text`, `start_date`, `end_date`) VALUES (1,1,'Help Support CiviCRM!','Do you love CiviCRM? Do you use CiviCRM? Then please support CiviCRM and Contribute NOW by trying out our new online contribution features!',1,NULL,0,1,0,1,9,'10.00','10000.00','100000.00','Thanks for Your Support!','<p>Thank you for your support. Your contribution will help us build even better tools.</p><p>Please tell your friends and colleagues about CiviCRM!</p>','<p><a href=http://civicrm.org>Back to CiviCRM Home Page</a></p>',1,'CiviCRM Fundraising Dept.','donations@civicrm.org','receipt@example.com','bcc@example.com','Your donation is tax deductible under IRS 501(c)(3) regulation. Our tax identification number is: 93-123-4567',1,NULL,1,1,'Track Our Progress',NULL,NULL,NULL,NULL,NULL),(2,1,'Member Signup and Renewal','Members are the life-blood of our organization. If you\'re not already a member - please consider signing up today. You can select the membership level the fits your budget and needs below.',2,NULL,0,1,0,NULL,0,NULL,NULL,NULL,'Thanks for Your Support!','Thanks for supporting our organization with your membership. You can learn more about membership benefits from our members only page.',NULL,1,'Membership Department','memberships@civicrm.org',NULL,NULL,'Thanks for supporting our organization with your membership. You can learn more about membership benefits from our members only page.\r\n\r\nKeep this receipt for your records.',1,NULL,NULL,NULL,NULL,NULL,NULL,NULL,NULL,NULL);
UNLOCK TABLES;
/*!40000 ALTER TABLE `civicrm_contribution_page` ENABLE KEYS */;

--
-- Dumping data for table `civicrm_contribution_product`
--


/*!40000 ALTER TABLE `civicrm_contribution_product` DISABLE KEYS */;
LOCK TABLES `civicrm_contribution_product` WRITE;
UNLOCK TABLES;
/*!40000 ALTER TABLE `civicrm_contribution_product` ENABLE KEYS */;

--
-- Dumping data for table `civicrm_contribution_recur`
--


/*!40000 ALTER TABLE `civicrm_contribution_recur` DISABLE KEYS */;
LOCK TABLES `civicrm_contribution_recur` WRITE;
UNLOCK TABLES;
/*!40000 ALTER TABLE `civicrm_contribution_recur` ENABLE KEYS */;

--
-- Dumping data for table `civicrm_contribution_type`
--


/*!40000 ALTER TABLE `civicrm_contribution_type` DISABLE KEYS */;
LOCK TABLES `civicrm_contribution_type` WRITE;
INSERT INTO `civicrm_contribution_type` (`id`, `domain_id`, `name`, `accounting_code`, `description`, `is_deductible`, `is_reserved`, `is_active`) VALUES (1,1,'Donation',NULL,NULL,1,0,1),(2,1,'Member Dues',NULL,NULL,1,0,1),(3,1,'Campaign Contribution',NULL,NULL,0,0,1),(4,1,'Event Fee',NULL,NULL,0,0,1);
UNLOCK TABLES;
/*!40000 ALTER TABLE `civicrm_contribution_type` ENABLE KEYS */;

--
-- Dumping data for table `civicrm_country`
--


/*!40000 ALTER TABLE `civicrm_country` DISABLE KEYS */;
LOCK TABLES `civicrm_country` WRITE;
INSERT INTO `civicrm_country` (`id`, `name`, `iso_code`, `country_code`, `idd_prefix`, `ndd_prefix`, `region_id`) VALUES (1001,'Afghanistan','AF',NULL,NULL,NULL,1),(1002,'Albania','AL',NULL,NULL,NULL,1),(1003,'Algeria','DZ',NULL,NULL,NULL,1),(1004,'American Samoa','AS',NULL,NULL,NULL,1),(1005,'Andorra','AD',NULL,NULL,NULL,1),(1006,'Angola','AO',NULL,NULL,NULL,1),(1007,'Anguilla','AI',NULL,NULL,NULL,1),(1008,'Antarctica','AQ',NULL,NULL,NULL,1),(1009,'Antigua and Barbuda','AG',NULL,NULL,NULL,1),(1010,'Argentina','AR',NULL,NULL,NULL,1),(1011,'Armenia','AM',NULL,NULL,NULL,1),(1012,'Aruba','AW',NULL,NULL,NULL,1),(1013,'Australia','AU',NULL,NULL,NULL,1),(1014,'Austria','AT',NULL,NULL,NULL,1),(1015,'Azerbaijan','AZ',NULL,NULL,NULL,1),(1016,'Bahrain','BH',NULL,NULL,NULL,1),(1017,'Bangladesh','BD',NULL,NULL,NULL,1),(1018,'Barbados','BB',NULL,NULL,NULL,1),(1019,'Belarus','BY',NULL,NULL,NULL,1),(1020,'Belgium','BE',NULL,NULL,NULL,1),(1021,'Belize','BZ',NULL,NULL,NULL,1),(1022,'Benin','BJ',NULL,NULL,NULL,1),(1023,'Bermuda','BM',NULL,NULL,NULL,1),(1024,'Bhutan','BT',NULL,NULL,NULL,1),(1025,'Bolivia','BO',NULL,NULL,NULL,1),(1026,'Bosnia and Herzegovina','BA',NULL,NULL,NULL,1),(1027,'Botswana','BW',NULL,NULL,NULL,1),(1028,'Bouvet Island','BV',NULL,NULL,NULL,1),(1029,'Brazil','BR',NULL,NULL,NULL,1),(1030,'British Indian Ocean Territory','IO',NULL,NULL,NULL,1),(1031,'Virgin Islands, British','VG',NULL,NULL,NULL,1),(1032,'Brunei Darussalam','BN',NULL,NULL,NULL,1),(1033,'Bulgaria','BG',NULL,NULL,NULL,1),(1034,'Burkina Faso','BF',NULL,NULL,NULL,1),(1035,'Myanmar','MM',NULL,NULL,NULL,1),(1036,'Burundi','BI',NULL,NULL,NULL,1),(1037,'Cambodia','KH',NULL,NULL,NULL,1),(1038,'Cameroon','CM',NULL,NULL,NULL,1),(1039,'Canada','CA',NULL,NULL,NULL,1),(1040,'Cape Verde','CV',NULL,NULL,NULL,1),(1041,'Cayman Islands','KY',NULL,NULL,NULL,1),(1042,'Central African Republic','CF',NULL,NULL,NULL,1),(1043,'Chad','TD',NULL,NULL,NULL,1),(1044,'Chile','CL',NULL,NULL,NULL,1),(1045,'China','CN',NULL,NULL,NULL,1),(1046,'Christmas Island','CX',NULL,NULL,NULL,1),(1047,'Cocos (Keeling) Islands','CC',NULL,NULL,NULL,1),(1048,'Colombia','CO',NULL,NULL,NULL,1),(1049,'Comoros','KM',NULL,NULL,NULL,1),(1050,'Congo, The Democratic Republic of the','CD',NULL,NULL,NULL,1),(1051,'Congo','CG',NULL,NULL,NULL,1),(1052,'Cook Islands','CK',NULL,NULL,NULL,1),(1053,'Costa Rica','CR',NULL,NULL,NULL,1),(1054,'Cte d\'Ivoire','CI',NULL,NULL,NULL,1),(1055,'Croatia','HR',NULL,NULL,NULL,1),(1056,'Cuba','CU',NULL,NULL,NULL,1),(1057,'Cyprus','CY',NULL,NULL,NULL,1),(1058,'Czech Republic','CZ',NULL,NULL,NULL,1),(1059,'Denmark','DK',NULL,NULL,NULL,1),(1060,'Djibouti','DJ',NULL,NULL,NULL,1),(1061,'Dominica','DM',NULL,NULL,NULL,1),(1062,'Dominican Republic','DO',NULL,NULL,NULL,1),(1063,'Timor-Leste','TL',NULL,NULL,NULL,1),(1064,'Ecuador','EC',NULL,NULL,NULL,1),(1065,'Egypt','EG',NULL,NULL,NULL,1),(1066,'El Salvador','SV',NULL,NULL,NULL,1),(1067,'Equatorial Guinea','GQ',NULL,NULL,NULL,1),(1068,'Eritrea','ER',NULL,NULL,NULL,1),(1069,'Estonia','EE',NULL,NULL,NULL,1),(1070,'Ethiopia','ET',NULL,NULL,NULL,1),(1072,'Falkland Islands (Malvinas)','FK',NULL,NULL,NULL,1),(1073,'Faroe Islands','FO',NULL,NULL,NULL,1),(1074,'Fiji','FJ',NULL,NULL,NULL,1),(1075,'Finland','FI',NULL,NULL,NULL,1),(1076,'France','FR',NULL,NULL,NULL,1),(1077,'French Guiana','GF',NULL,NULL,NULL,1),(1078,'French Polynesia','PF',NULL,NULL,NULL,1),(1079,'French Southern Territories','TF',NULL,NULL,NULL,1),(1080,'Gabon','GA',NULL,NULL,NULL,1),(1081,'Georgia','GE',NULL,NULL,NULL,1),(1082,'Germany','DE',NULL,NULL,NULL,1),(1083,'Ghana','GH',NULL,NULL,NULL,1),(1084,'Gibraltar','GI',NULL,NULL,NULL,1),(1085,'Greece','GR',NULL,NULL,NULL,1),(1086,'Greenland','GL',NULL,NULL,NULL,1),(1087,'Grenada','GD',NULL,NULL,NULL,1),(1088,'Guadeloupe','GP',NULL,NULL,NULL,1),(1089,'Guam','GU',NULL,NULL,NULL,1),(1090,'Guatemala','GT',NULL,NULL,NULL,1),(1091,'Guinea','GN',NULL,NULL,NULL,1),(1092,'Guinea-Bissau','GW',NULL,NULL,NULL,1),(1093,'Guyana','GY',NULL,NULL,NULL,1),(1094,'Haiti','HT',NULL,NULL,NULL,1),(1095,'Heard Island and McDonald Islands','HM',NULL,NULL,NULL,1),(1096,'Holy See (Vatican City State)','VA',NULL,NULL,NULL,1),(1097,'Honduras','HN',NULL,NULL,NULL,1),(1098,'Hong Kong','HK',NULL,NULL,NULL,1),(1099,'Hungary','HU',NULL,NULL,NULL,1),(1100,'Iceland','IS',NULL,NULL,NULL,1),(1101,'India','IN',NULL,NULL,NULL,1),(1102,'Indonesia','ID',NULL,NULL,NULL,1),(1103,'Iran, Islamic Republic of','IR',NULL,NULL,NULL,1),(1104,'Iraq','IQ',NULL,NULL,NULL,1),(1105,'Ireland','IE',NULL,NULL,NULL,1),(1106,'Israel','IL',NULL,NULL,NULL,1),(1107,'Italy','IT',NULL,NULL,NULL,1),(1108,'Jamaica','JM',NULL,NULL,NULL,1),(1109,'Japan','JP',NULL,NULL,NULL,1),(1110,'Jordan','JO',NULL,NULL,NULL,1),(1111,'Kazakhstan','KZ',NULL,NULL,NULL,1),(1112,'Kenya','KE',NULL,NULL,NULL,1),(1113,'Kiribati','KI',NULL,NULL,NULL,1),(1114,'Korea, Democratic People\'s Republic of','KP',NULL,NULL,NULL,1),(1115,'Korea, Republic of','KR',NULL,NULL,NULL,1),(1116,'Kuwait','KW',NULL,NULL,NULL,1),(1117,'Kyrgyzstan','KG',NULL,NULL,NULL,1),(1118,'Lao People\'s Democratic Republic','LA',NULL,NULL,NULL,1),(1119,'Latvia','LV',NULL,NULL,NULL,1),(1120,'Lebanon','LB',NULL,NULL,NULL,1),(1121,'Lesotho','LS',NULL,NULL,NULL,1),(1122,'Liberia','LR',NULL,NULL,NULL,1),(1123,'Libyan Arab Jamahiriya','LY',NULL,NULL,NULL,1),(1124,'Liechtenstein','LI',NULL,NULL,NULL,1),(1125,'Lithuania','LT',NULL,NULL,NULL,1),(1126,'Luxembourg','LU',NULL,NULL,NULL,1),(1127,'Macao','MO',NULL,NULL,NULL,1),(1128,'Macedonia, Republic of','MK',NULL,NULL,NULL,1),(1129,'Madagascar','MG',NULL,NULL,NULL,1),(1130,'Malawi','MW',NULL,NULL,NULL,1),(1131,'Malaysia','MY',NULL,NULL,NULL,1),(1132,'Maldives','MV',NULL,NULL,NULL,1),(1133,'Mali','ML',NULL,NULL,NULL,1),(1134,'Malta','MT',NULL,NULL,NULL,1),(1135,'Marshall Islands','MH',NULL,NULL,NULL,1),(1136,'Martinique','MQ',NULL,NULL,NULL,1),(1137,'Mauritania','MR',NULL,NULL,NULL,1),(1138,'Mauritius','MU',NULL,NULL,NULL,1),(1139,'Mayotte','YT',NULL,NULL,NULL,1),(1140,'Mexico','MX',NULL,NULL,NULL,1),(1141,'Micronesia, Federated States of','FM',NULL,NULL,NULL,1),(1142,'Moldova, Republic of','MD',NULL,NULL,NULL,1),(1143,'Monaco','MC',NULL,NULL,NULL,1),(1144,'Mongolia','MN',NULL,NULL,NULL,1),(1145,'Montserrat','MS',NULL,NULL,NULL,1),(1146,'Morocco','MA',NULL,NULL,NULL,1),(1147,'Mozambique','MZ',NULL,NULL,NULL,1),(1148,'Namibia','NA',NULL,NULL,NULL,1),(1149,'Nauru','NR',NULL,NULL,NULL,1),(1150,'Nepal','NP',NULL,NULL,NULL,1),(1151,'Netherlands Antilles','AN',NULL,NULL,NULL,1),(1152,'Netherlands','NL',NULL,NULL,NULL,1),(1153,'New Caledonia','NC',NULL,NULL,NULL,1),(1154,'New Zealand','NZ',NULL,NULL,NULL,1),(1155,'Nicaragua','NI',NULL,NULL,NULL,1),(1156,'Niger','NE',NULL,NULL,NULL,1),(1157,'Nigeria','NG',NULL,NULL,NULL,1),(1158,'Niue','NU',NULL,NULL,NULL,1),(1159,'Norfolk Island','NF',NULL,NULL,NULL,1),(1160,'Northern Mariana Islands','MP',NULL,NULL,NULL,1),(1161,'Norway','NO',NULL,NULL,NULL,1),(1162,'Oman','OM',NULL,NULL,NULL,1),(1163,'Pakistan','PK',NULL,NULL,NULL,1),(1164,'Palau','PW',NULL,NULL,NULL,1),(1165,'Palestinian Territory, Occupied','PS',NULL,NULL,NULL,1),(1166,'Panama','PA',NULL,NULL,NULL,1),(1167,'Papua New Guinea','PG',NULL,NULL,NULL,1),(1168,'Paraguay','PY',NULL,NULL,NULL,1),(1169,'Peru','PE',NULL,NULL,NULL,1),(1170,'Philippines','PH',NULL,NULL,NULL,1),(1171,'Pitcairn','PN',NULL,NULL,NULL,1),(1172,'Poland','PL',NULL,NULL,NULL,1),(1173,'Portugal','PT',NULL,NULL,NULL,1),(1174,'Puerto Rico','PR',NULL,NULL,NULL,1),(1175,'Qatar','QA',NULL,NULL,NULL,1),(1176,'Romania','RO',NULL,NULL,NULL,1),(1177,'Russian Federation','RU',NULL,NULL,NULL,1),(1178,'Rwanda','RW',NULL,NULL,NULL,1),(1179,'Reunion','RE',NULL,NULL,NULL,1),(1180,'Saint Helena','SH',NULL,NULL,NULL,1),(1181,'Saint Kitts and Nevis','KN',NULL,NULL,NULL,1),(1182,'Saint Lucia','LC',NULL,NULL,NULL,1),(1183,'Saint Pierre and Miquelon','PM',NULL,NULL,NULL,1),(1184,'Saint Vincent and the Grenadines','VC',NULL,NULL,NULL,1),(1185,'Samoa','WS',NULL,NULL,NULL,1),(1186,'San Marino','SM',NULL,NULL,NULL,1),(1187,'Saudi Arabia','SA',NULL,NULL,NULL,1),(1188,'Senegal','SN',NULL,NULL,NULL,1),(1189,'Seychelles','SC',NULL,NULL,NULL,1),(1190,'Sierra Leone','SL',NULL,NULL,NULL,1),(1191,'Singapore','SG',NULL,NULL,NULL,1),(1192,'Slovakia','SK',NULL,NULL,NULL,1),(1193,'Slovenia','SI',NULL,NULL,NULL,1),(1194,'Solomon Islands','SB',NULL,NULL,NULL,1),(1195,'Somalia','SO',NULL,NULL,NULL,1),(1196,'South Africa','ZA',NULL,NULL,NULL,1),(1197,'South Georgia and the South Sandwich Islands','GS',NULL,NULL,NULL,1),(1198,'Spain','ES',NULL,NULL,NULL,1),(1199,'Sri Lanka','LK',NULL,NULL,NULL,1),(1200,'Sudan','SD',NULL,NULL,NULL,1),(1201,'Suriname','SR',NULL,NULL,NULL,1),(1202,'Svalbard and Jan Mayen','SJ',NULL,NULL,NULL,1),(1203,'Swaziland','SZ',NULL,NULL,NULL,1),(1204,'Sweden','SE',NULL,NULL,NULL,1),(1205,'Switzerland','CH',NULL,NULL,NULL,1),(1206,'Syrian Arab Republic','SY',NULL,NULL,NULL,1),(1207,'Sao Tome and Principe','ST',NULL,NULL,NULL,1),(1208,'Taiwan','TW',NULL,NULL,NULL,1),(1209,'Tajikistan','TJ',NULL,NULL,NULL,1),(1210,'Tanzania, United Republic of','TZ',NULL,NULL,NULL,1),(1211,'Thailand','TH',NULL,NULL,NULL,1),(1212,'Bahamas','BS',NULL,NULL,NULL,1),(1213,'Gambia','GM',NULL,NULL,NULL,1),(1214,'Togo','TG',NULL,NULL,NULL,1),(1215,'Tokelau','TK',NULL,NULL,NULL,1),(1216,'Tonga','TO',NULL,NULL,NULL,1),(1217,'Trinidad and Tobago','TT',NULL,NULL,NULL,1),(1218,'Tunisia','TN',NULL,NULL,NULL,1),(1219,'Turkey','TR',NULL,NULL,NULL,1),(1220,'Turkmenistan','TM',NULL,NULL,NULL,1),(1221,'Turks and Caicos Islands','TC',NULL,NULL,NULL,1),(1222,'Tuvalu','TV',NULL,NULL,NULL,1),(1223,'Uganda','UG',NULL,NULL,NULL,1),(1224,'Ukraine','UA',NULL,NULL,NULL,1),(1225,'United Arab Emirates','AE',NULL,NULL,NULL,1),(1226,'United Kingdom','GB',NULL,NULL,NULL,1),(1227,'United States Minor Outlying Islands','UM',NULL,NULL,NULL,1),(1228,'United States','US',NULL,NULL,NULL,1),(1229,'Uruguay','UY',NULL,NULL,NULL,1),(1230,'Uzbekistan','UZ',NULL,NULL,NULL,1),(1231,'Vanuatu','VU',NULL,NULL,NULL,1),(1232,'Venezuela','VE',NULL,NULL,NULL,1),(1233,'Viet Nam','VN',NULL,NULL,NULL,1),(1234,'Virgin Islands, U.S.','VI',NULL,NULL,NULL,1),(1235,'Wallis and Futuna','WF',NULL,NULL,NULL,1),(1236,'Western Sahara','EH',NULL,NULL,NULL,1),(1237,'Yemen','YE',NULL,NULL,NULL,1),(1238,'Serbia and Montenegro','CS',NULL,NULL,NULL,1),(1239,'Zambia','ZM',NULL,NULL,NULL,1),(1240,'Zimbabwe','ZW',NULL,NULL,NULL,1),(1241,'land Islands','AX',NULL,NULL,NULL,1),(1242,'Serbia','RS',NULL,NULL,NULL,1),(1243,'Montenegro','ME',NULL,NULL,NULL,1);
UNLOCK TABLES;
/*!40000 ALTER TABLE `civicrm_country` ENABLE KEYS */;

--
-- Dumping data for table `civicrm_county`
--


/*!40000 ALTER TABLE `civicrm_county` DISABLE KEYS */;
LOCK TABLES `civicrm_county` WRITE;
INSERT INTO `civicrm_county` (`id`, `name`, `abbreviation`, `state_province_id`) VALUES (1,'Alameda',NULL,1004),(2,'Contra Costa',NULL,1004),(3,'Marin',NULL,1004),(4,'San Francisco',NULL,1004),(5,'San Mateo',NULL,1004),(6,'Santa Clara',NULL,1004);
UNLOCK TABLES;
/*!40000 ALTER TABLE `civicrm_county` ENABLE KEYS */;

--
-- Dumping data for table `civicrm_currency`
--


/*!40000 ALTER TABLE `civicrm_currency` DISABLE KEYS */;
LOCK TABLES `civicrm_currency` WRITE;
INSERT INTO `civicrm_currency` (`id`, `name`, `symbol`) VALUES (1,'AUD','$'),(2,'CAD','$'),(3,'EUR',''),(4,'GBP',''),(5,'ILS',''),(6,'INR',''),(7,'JPY',''),(8,'KRW',''),(9,'LAK',''),(10,'MNT',''),(11,'NGN',''),(12,'PLN','z'),(13,'THB',''),(14,'USD','$'),(15,'VND',''),(16,'ZAR','R');
UNLOCK TABLES;
/*!40000 ALTER TABLE `civicrm_currency` ENABLE KEYS */;

--
-- Dumping data for table `civicrm_custom_field`
--


/*!40000 ALTER TABLE `civicrm_custom_field` DISABLE KEYS */;
LOCK TABLES `civicrm_custom_field` WRITE;
INSERT INTO `civicrm_custom_field` (`id`, `custom_group_id`, `name`, `label`, `data_type`, `html_type`, `default_value`, `is_required`, `is_searchable`, `is_search_range`, `weight`, `validation_id`, `help_pre`, `help_post`, `mask`, `attributes`, `javascript`, `is_active`, `options_per_line`, `start_date_years`, `end_date_years`, `date_parts`, `note_columns`, `note_rows`) VALUES (1,1,'most_important_issue','Most Important Issue','String','Radio',NULL,0,1,0,5,NULL,NULL,'',NULL,NULL,NULL,1,NULL,NULL,NULL,NULL,NULL,NULL),(2,1,'marital_status','Marital Status','String','Select',NULL,0,1,0,7,NULL,NULL,'',NULL,NULL,NULL,1,NULL,NULL,NULL,NULL,NULL,NULL);
UNLOCK TABLES;
/*!40000 ALTER TABLE `civicrm_custom_field` ENABLE KEYS */;

--
-- Dumping data for table `civicrm_custom_group`
--


/*!40000 ALTER TABLE `civicrm_custom_group` DISABLE KEYS */;
LOCK TABLES `civicrm_custom_group` WRITE;
INSERT INTO `civicrm_custom_group` (`id`, `domain_id`, `name`, `title`, `extends`, `extends_entity_column_name`, `extends_entity_column_value`, `style`, `collapse_display`, `help_pre`, `help_post`, `weight`, `is_active`) VALUES (1,1,'constituent_information','Constituent Information','Individual',NULL,NULL,'Inline',1,'Please enter additional constituent information as data becomes available for this contact.',NULL,1,1);
UNLOCK TABLES;
/*!40000 ALTER TABLE `civicrm_custom_group` ENABLE KEYS */;

--
-- Dumping data for table `civicrm_custom_option`
--


/*!40000 ALTER TABLE `civicrm_custom_option` DISABLE KEYS */;
LOCK TABLES `civicrm_custom_option` WRITE;
INSERT INTO `civicrm_custom_option` (`id`, `entity_table`, `entity_id`, `label`, `value`, `weight`, `is_active`) VALUES (1,'civicrm_custom_field',1,'Education','Edu',1,1),(2,'civicrm_custom_field',1,'Environment','Env',2,1),(3,'civicrm_custom_field',1,'Social Justice','SocJus',3,1),(4,'civicrm_custom_field',2,'Single','S',1,1),(5,'civicrm_custom_field',2,'Married','M',2,1),(6,'civicrm_custom_field',2,'Domestic Partner','D',3,1),(7,'civicrm_custom_field',2,'Widowed','W',4,1),(8,'civicrm_custom_field',2,'Other','O',5,1),(9,'civicrm_contribution_page',1,'Friend','0.10',1,1),(10,'civicrm_contribution_page',1,'Supporter','0.50',2,1),(11,'civicrm_contribution_page',1,'Booster','1.00',3,1),(12,'civicrm_contribution_page',1,'Sustainer','5.00',4,1),(22,'civicrm_event_page',1,'Single','50',1,1),(23,'civicrm_event_page',1,'Couple','100',2,1),(24,'civicrm_event_page',1,'Family','200',3,1),(25,'civicrm_event_page',2,'Bass','25',1,1),(26,'civicrm_event_page',2,'Tenor','40',2,1),(27,'civicrm_event_page',2,'Soprano','50',3,1),(31,'civicrm_event_page',3,'Tiny-tots (ages 5-8)','800',1,1),(32,'civicrm_event_page',3,'Junior Stars (ages 9-12)','1000',2,1),(33,'civicrm_event_page',3,'Super Stars (ages 13-18)','1500',3,1);
UNLOCK TABLES;
/*!40000 ALTER TABLE `civicrm_custom_option` ENABLE KEYS */;

--
-- Dumping data for table `civicrm_custom_value`
--


/*!40000 ALTER TABLE `civicrm_custom_value` DISABLE KEYS */;
LOCK TABLES `civicrm_custom_value` WRITE;
INSERT INTO `civicrm_custom_value` (`id`, `custom_field_id`, `entity_table`, `entity_id`, `int_data`, `float_data`, `decimal_data`, `char_data`, `date_data`, `memo_data`, `file_id`) VALUES (1,2,'civicrm_contact',95,NULL,NULL,NULL,'M',NULL,NULL,NULL),(2,1,'civicrm_contact',45,NULL,NULL,NULL,'Edu',NULL,NULL,NULL),(3,2,'civicrm_contact',45,NULL,NULL,NULL,'M',NULL,NULL,NULL),(4,2,'civicrm_contact',31,NULL,NULL,NULL,'W',NULL,NULL,NULL),(5,1,'civicrm_contact',31,NULL,NULL,NULL,'Env',NULL,NULL,NULL),(6,1,'civicrm_contact',7,NULL,NULL,NULL,'Env',NULL,NULL,NULL),(7,2,'civicrm_contact',101,NULL,NULL,NULL,'W',NULL,NULL,NULL),(8,1,'civicrm_contact',19,NULL,NULL,NULL,'Edu',NULL,NULL,NULL),(9,1,'civicrm_contact',40,NULL,NULL,NULL,'SocJus',NULL,NULL,NULL),(10,2,'civicrm_contact',40,NULL,NULL,NULL,'O',NULL,NULL,NULL),(11,1,'civicrm_contact',41,NULL,NULL,NULL,'SocJus',NULL,NULL,NULL),(12,1,'civicrm_contact',5,NULL,NULL,NULL,'Edu',NULL,NULL,NULL),(13,2,'civicrm_contact',49,NULL,NULL,NULL,'M',NULL,NULL,NULL),(14,2,'civicrm_contact',65,NULL,NULL,NULL,'S',NULL,NULL,NULL),(15,2,'civicrm_contact',28,NULL,NULL,NULL,'M',NULL,NULL,NULL),(16,1,'civicrm_contact',38,NULL,NULL,NULL,'Edu',NULL,NULL,NULL),(17,1,'civicrm_contact',87,NULL,NULL,NULL,'Edu',NULL,NULL,NULL),(18,2,'civicrm_contact',96,NULL,NULL,NULL,'O',NULL,NULL,NULL),(19,1,'civicrm_contact',68,NULL,NULL,NULL,'Env',NULL,NULL,NULL),(20,2,'civicrm_contact',68,NULL,NULL,NULL,'O',NULL,NULL,NULL),(21,1,'civicrm_contact',99,NULL,NULL,NULL,'Env',NULL,NULL,NULL),(22,2,'civicrm_contact',80,NULL,NULL,NULL,'W',NULL,NULL,NULL),(23,1,'civicrm_contact',80,NULL,NULL,NULL,'Env',NULL,NULL,NULL),(24,1,'civicrm_contact',4,NULL,NULL,NULL,'Edu',NULL,NULL,NULL),(25,2,'civicrm_contact',4,NULL,NULL,NULL,'M',NULL,NULL,NULL),(26,2,'civicrm_contact',46,NULL,NULL,NULL,'D',NULL,NULL,NULL),(27,1,'civicrm_contact',35,NULL,NULL,NULL,'SocJus',NULL,NULL,NULL),(28,2,'civicrm_contact',74,NULL,NULL,NULL,'M',NULL,NULL,NULL),(29,1,'civicrm_contact',74,NULL,NULL,NULL,'Edu',NULL,NULL,NULL),(30,2,'civicrm_contact',2,NULL,NULL,NULL,'O',NULL,NULL,NULL),(31,2,'civicrm_contact',92,NULL,NULL,NULL,'M',NULL,NULL,NULL),(32,1,'civicrm_contact',92,NULL,NULL,NULL,'Edu',NULL,NULL,NULL),(33,1,'civicrm_contact',86,NULL,NULL,NULL,'SocJus',NULL,NULL,NULL),(34,2,'civicrm_contact',30,NULL,NULL,NULL,'O',NULL,NULL,NULL),(35,1,'civicrm_contact',98,NULL,NULL,NULL,'SocJus',NULL,NULL,NULL),(36,1,'civicrm_contact',88,NULL,NULL,NULL,'Edu',NULL,NULL,NULL),(37,2,'civicrm_contact',9,NULL,NULL,NULL,'M',NULL,NULL,NULL),(38,2,'civicrm_contact',6,NULL,NULL,NULL,'O',NULL,NULL,NULL),(39,1,'civicrm_contact',6,NULL,NULL,NULL,'Env',NULL,NULL,NULL),(40,1,'civicrm_contact',39,NULL,NULL,NULL,'Edu',NULL,NULL,NULL),(41,2,'civicrm_contact',18,NULL,NULL,NULL,'W',NULL,NULL,NULL),(42,1,'civicrm_contact',16,NULL,NULL,NULL,'Edu',NULL,NULL,NULL),(43,2,'civicrm_contact',11,NULL,NULL,NULL,'M',NULL,NULL,NULL),(44,1,'civicrm_contact',43,NULL,NULL,NULL,'Edu',NULL,NULL,NULL),(45,2,'civicrm_contact',13,NULL,NULL,NULL,'M',NULL,NULL,NULL),(46,1,'civicrm_contact',13,NULL,NULL,NULL,'Edu',NULL,NULL,NULL),(47,2,'civicrm_contact',25,NULL,NULL,NULL,'D',NULL,NULL,NULL),(48,2,'civicrm_contact',42,NULL,NULL,NULL,'S',NULL,NULL,NULL),(49,1,'civicrm_contact',42,NULL,NULL,NULL,'SocJus',NULL,NULL,NULL),(50,2,'civicrm_contact',61,NULL,NULL,NULL,'D',NULL,NULL,NULL),(51,2,'civicrm_contact',84,NULL,NULL,NULL,'O',NULL,NULL,NULL),(52,1,'civicrm_contact',84,NULL,NULL,NULL,'Edu',NULL,NULL,NULL),(53,2,'civicrm_contact',12,NULL,NULL,NULL,'S',NULL,NULL,NULL),(54,1,'civicrm_contact',12,NULL,NULL,NULL,'Edu',NULL,NULL,NULL),(55,1,'civicrm_contact',33,NULL,NULL,NULL,'SocJus',NULL,NULL,NULL),(56,2,'civicrm_contact',33,NULL,NULL,NULL,'W',NULL,NULL,NULL),(57,1,'civicrm_contact',56,NULL,NULL,NULL,'SocJus',NULL,NULL,NULL),(58,1,'civicrm_contact',76,NULL,NULL,NULL,'SocJus',NULL,NULL,NULL),(59,2,'civicrm_contact',76,NULL,NULL,NULL,'S',NULL,NULL,NULL),(60,2,'civicrm_contact',52,NULL,NULL,NULL,'M',NULL,NULL,NULL),(61,1,'civicrm_contact',23,NULL,NULL,NULL,'Edu',NULL,NULL,NULL),(62,1,'civicrm_contact',47,NULL,NULL,NULL,'SocJus',NULL,NULL,NULL),(63,2,'civicrm_contact',47,NULL,NULL,NULL,'S',NULL,NULL,NULL),(64,1,'civicrm_contact',71,NULL,NULL,NULL,'Env',NULL,NULL,NULL),(65,1,'civicrm_contact',69,NULL,NULL,NULL,'Env',NULL,NULL,NULL),(66,1,'civicrm_contact',50,NULL,NULL,NULL,'Env',NULL,NULL,NULL),(67,2,'civicrm_contact',50,NULL,NULL,NULL,'M',NULL,NULL,NULL),(68,1,'civicrm_contact',20,NULL,NULL,NULL,'SocJus',NULL,NULL,NULL),(69,2,'civicrm_contact',20,NULL,NULL,NULL,'S',NULL,NULL,NULL),(70,2,'civicrm_contact',60,NULL,NULL,NULL,'M',NULL,NULL,NULL),(71,2,'civicrm_contact',26,NULL,NULL,NULL,'D',NULL,NULL,NULL),(72,1,'civicrm_contact',32,NULL,NULL,NULL,'SocJus',NULL,NULL,NULL),(73,2,'civicrm_contact',54,NULL,NULL,NULL,'S',NULL,NULL,NULL),(74,2,'civicrm_contact',59,NULL,NULL,NULL,'O',NULL,NULL,NULL),(75,1,'civicrm_contact',58,NULL,NULL,NULL,'SocJus',NULL,NULL,NULL),(76,2,'civicrm_contact',29,NULL,NULL,NULL,'S',NULL,NULL,NULL),(77,1,'civicrm_contact',29,NULL,NULL,NULL,'Env',NULL,NULL,NULL),(78,1,'civicrm_contact',15,NULL,NULL,NULL,'Edu',NULL,NULL,NULL),(79,1,'civicrm_contact',79,NULL,NULL,NULL,'SocJus',NULL,NULL,NULL),(80,2,'civicrm_contact',79,NULL,NULL,NULL,'D',NULL,NULL,NULL);
UNLOCK TABLES;
/*!40000 ALTER TABLE `civicrm_custom_value` ENABLE KEYS */;

--
-- Dumping data for table `civicrm_dedupe_rule`
--


/*!40000 ALTER TABLE `civicrm_dedupe_rule` DISABLE KEYS */;
LOCK TABLES `civicrm_dedupe_rule` WRITE;
INSERT INTO `civicrm_dedupe_rule` (`id`, `dedupe_rule_group_id`, `rule_table`, `rule_field`, `rule_length`, `rule_weight`) VALUES (1,1,'civicrm_individual','first_name',NULL,5),(2,1,'civicrm_individual','last_name',NULL,7),(3,1,'civicrm_email','email',NULL,10),(4,2,'civicrm_organization','organization_name',NULL,5),(5,2,'civicrm_email','email',NULL,5),(6,3,'civicrm_household','household_name',NULL,5),(7,3,'civicrm_email','email',NULL,5);
UNLOCK TABLES;
/*!40000 ALTER TABLE `civicrm_dedupe_rule` ENABLE KEYS */;

--
-- Dumping data for table `civicrm_dedupe_rule_group`
--


/*!40000 ALTER TABLE `civicrm_dedupe_rule_group` DISABLE KEYS */;
LOCK TABLES `civicrm_dedupe_rule_group` WRITE;
INSERT INTO `civicrm_dedupe_rule_group` (`id`, `domain_id`, `contact_type`, `threshold`) VALUES (1,1,'Individual',20),(2,1,'Organization',10),(3,1,'Household',10);
UNLOCK TABLES;
/*!40000 ALTER TABLE `civicrm_dedupe_rule_group` ENABLE KEYS */;

--
-- Dumping data for table `civicrm_domain`
--


/*!40000 ALTER TABLE `civicrm_domain` DISABLE KEYS */;
LOCK TABLES `civicrm_domain` WRITE;
INSERT INTO `civicrm_domain` (`id`, `name`, `description`, `contact_name`, `email_domain`, `email_return_path`, `config_backend`, `config_frontend`) VALUES (1,'Domain Name 1',NULL,'Domain Contact Name','FIXME.ORG',NULL,NULL,NULL);
UNLOCK TABLES;
/*!40000 ALTER TABLE `civicrm_domain` ENABLE KEYS */;

--
-- Dumping data for table `civicrm_dupe_match`
--


/*!40000 ALTER TABLE `civicrm_dupe_match` DISABLE KEYS */;
LOCK TABLES `civicrm_dupe_match` WRITE;
INSERT INTO `civicrm_dupe_match` (`id`, `domain_id`, `entity_table`, `rule`) VALUES (1,1,'contact_individual','first_name AND last_name AND email');
UNLOCK TABLES;
/*!40000 ALTER TABLE `civicrm_dupe_match` ENABLE KEYS */;

--
-- Dumping data for table `civicrm_email`
--


/*!40000 ALTER TABLE `civicrm_email` DISABLE KEYS */;
LOCK TABLES `civicrm_email` WRITE;
INSERT INTO `civicrm_email` (`id`, `location_id`, `email`, `is_primary`, `on_hold`, `hold_date`, `reset_date`) VALUES (1,1,'InnerCityArts@redimail.edu.in',1,0,NULL,NULL),(2,1,'InnerCityArts@npo.edu.in',0,0,NULL,NULL),(3,2,'chowskiSam@aol.net.in',1,0,NULL,NULL),(4,2,'chowskiSam@aol.org',0,0,NULL,NULL),(5,3,'SmithBrzczysaw@indiatimes.net',1,0,NULL,NULL),(6,3,'SmithBrzczysaw@redimail.edu',0,0,NULL,NULL),(7,4,'ZopeAnne@brown.net',1,0,NULL,NULL),(8,4,'ZopeAnne@aol.net',0,0,NULL,NULL),(9,5,'AdamsMilan@redimail.co.uk',1,0,NULL,NULL),(10,5,'AdamsMilan@aol.com',0,0,NULL,NULL),(11,6,'AdamsPeter@brown.co.in',1,0,NULL,NULL),(12,6,'AdamsPeter@hotmail.edu.in',0,0,NULL,NULL),(13,8,'JamesonAmar@brown.edu',1,0,NULL,NULL),(14,8,'JamesonAmar@brown.org',0,0,NULL,NULL),(15,9,'SmithMonica@brown.org',1,0,NULL,NULL),(16,9,'SmithMonica@earthlink.org',0,0,NULL,NULL),(17,10,'PatelPaula@earthlink.net.in',1,0,NULL,NULL),(18,10,'PatelPaula@earthlink.edu',0,0,NULL,NULL),(19,11,'JonesAnne@indiatimes.co.uk',1,0,NULL,NULL),(20,11,'JonesAnne@earthlink.net.in',0,0,NULL,NULL),(21,12,'GrantRaymond@gmail.org',1,0,NULL,NULL),(22,12,'GrantRaymond@aol.net',0,0,NULL,NULL),(23,13,'RobertsSandy@hotmail.net.in',1,0,NULL,NULL),(24,13,'RobertsSandy@hotmail.net.in',0,0,NULL,NULL),(25,15,'JonesChetan@hotmail.co.pl',1,0,NULL,NULL),(26,15,'JonesChetan@earthlink.co.in',0,0,NULL,NULL),(27,16,'SamuelsSandy@npo.co.pl',1,0,NULL,NULL),(28,16,'SamuelsSandy@yahoo.co.uk',0,0,NULL,NULL),(29,17,'MelindaSmithshome@redimail.edu.in',1,0,NULL,NULL),(30,17,'MelindaSmithshome@npo.net',0,0,NULL,NULL),(31,18,'ChetanJonesshome@earthlink.co.pl',1,0,NULL,NULL),(32,18,'ChetanJonesshome@amazon.co.in',0,0,NULL,NULL),(33,19,'AnneYadavshome@tsec.edu',1,0,NULL,NULL),(34,19,'AnneYadavshome@yahoo.org',0,0,NULL,NULL),(35,20,'MilanSmithshome@gmail.co.uk',1,0,NULL,NULL),(36,20,'MilanSmithshome@indiatimes.org',0,0,NULL,NULL),(37,22,'BrzczysawRobertsshome@gmail.net.in',1,0,NULL,NULL),(38,22,'BrzczysawRobertsshome@tsec.edu',0,0,NULL,NULL),(39,23,'MichelleJamesonshome@indiatimes.org',1,0,NULL,NULL),(40,23,'MichelleJamesonshome@tsec.co.in',0,0,NULL,NULL),(41,24,'SheilaSamuelsshome@npo.co.in',1,0,NULL,NULL),(42,24,'SheilaSamuelsshome@gmail.org',0,0,NULL,NULL),(43,25,'Jenniferchowskishome@hotmail.com',1,0,NULL,NULL),(44,25,'Jenniferchowskishome@redimail.org',0,0,NULL,NULL),(45,26,'AndrewSmithshome@tsec.org',1,0,NULL,NULL),(46,26,'AndrewSmithshome@tsec.co.uk',0,0,NULL,NULL),(47,27,'ChrisRobertsshome@indiatimes.org',1,0,NULL,NULL),(48,27,'ChrisRobertsshome@yahoo.com',0,0,NULL,NULL),(49,29,'ChetanSmithshome@brown.net.in',1,0,NULL,NULL),(50,29,'ChetanSmithshome@yahoo.org',0,0,NULL,NULL),(51,30,'SamZopeshome@amazon.co.pl',1,0,NULL,NULL),(52,30,'SamZopeshome@indiatimes.com',0,0,NULL,NULL),(53,31,'Melindachowskishome@brown.co.uk',1,0,NULL,NULL),(54,31,'Melindachowskishome@aol.edu',0,0,NULL,NULL),(55,32,'ConservationCorp@hotmail.net.in',1,0,NULL,NULL),(56,32,'ConservationCorp@amazon.net',0,0,NULL,NULL),(57,33,'ConservationCorp@gmail.net.in',1,0,NULL,NULL),(58,33,'ConservationCorp@redimail.org',0,0,NULL,NULL),(59,34,'ConservationCorp@tsec.co.in',1,0,NULL,NULL),(60,34,'ConservationCorp@hotmail.co.in',0,0,NULL,NULL),(61,36,'MagicBus@indiatimes.edu.in',1,0,NULL,NULL),(62,36,'MagicBus@brown.org',0,0,NULL,NULL),(63,37,'Intel@earthlink.co.in',1,0,NULL,NULL),(64,37,'Intel@gmail.edu',0,0,NULL,NULL),(65,38,'MagicBus@yahoo.org',1,0,NULL,NULL),(66,38,'MagicBus@tsec.co.in',0,0,NULL,NULL),(67,39,'SocialSourceFoundation@npo.co.pl',1,0,NULL,NULL),(68,39,'SocialSourceFoundation@aol.co.in',0,0,NULL,NULL),(69,40,'Intel@redimail.org',1,0,NULL,NULL),(70,40,'Intel@tsec.org',0,0,NULL,NULL),(71,41,'Compumentor@aol.co.uk',1,0,NULL,NULL),(72,41,'Compumentor@amazon.org',0,0,NULL,NULL),(73,43,'AdamsChris@gmail.net',1,0,NULL,NULL),(74,43,'AdamsChris@brown.co.in',0,0,NULL,NULL),(75,44,'SamuelsPeter@tsec.edu',1,0,NULL,NULL),(76,44,'SamuelsPeter@npo.org',0,0,NULL,NULL),(77,45,'ZopeRaymond@yahoo.co.in',1,0,NULL,NULL),(78,45,'ZopeRaymond@indiatimes.co.uk',0,0,NULL,NULL),(79,46,'JonesChetan@aol.net',1,0,NULL,NULL),(80,46,'JonesChetan@gmail.net',0,0,NULL,NULL),(81,47,'SmithDan@tsec.edu',1,0,NULL,NULL),(82,47,'SmithDan@amazon.co.uk',0,0,NULL,NULL),(83,48,'SmithChris@yahoo.co.in',1,0,NULL,NULL),(84,48,'SmithChris@yahoo.net',0,0,NULL,NULL),(85,50,'YadavAnne@tsec.org',1,0,NULL,NULL),(86,50,'YadavAnne@redimail.org',0,0,NULL,NULL),(87,51,'SmithBrzczysaw@brown.co.in',1,0,NULL,NULL),(88,51,'SmithBrzczysaw@redimail.edu.in',0,0,NULL,NULL),(89,52,'AdamsAndrew@amazon.org',1,0,NULL,NULL),(90,52,'AdamsAndrew@aol.edu.in',0,0,NULL,NULL),(91,53,'ZopeMichael@amazon.net',1,0,NULL,NULL),(92,53,'ZopeMichael@amazon.co.pl',0,0,NULL,NULL),(93,54,'SmithMilan@tsec.co.in',1,0,NULL,NULL),(94,54,'SmithMilan@hotmail.co.in',0,0,NULL,NULL),(95,55,'ZopeAndrew@tsec.co.uk',1,0,NULL,NULL),(96,55,'ZopeAndrew@brown.co.in',0,0,NULL,NULL),(97,57,'chowskiPaula@brown.org',1,0,NULL,NULL),(98,57,'chowskiPaula@npo.net',0,0,NULL,NULL),(99,58,'SmithRaymond@hotmail.co.in',1,0,NULL,NULL),(100,58,'SmithRaymond@aol.net',0,0,NULL,NULL),(101,59,'SmithBrzczysaw@yahoo.net.in',1,0,NULL,NULL),(102,59,'SmithBrzczysaw@amazon.co.uk',0,0,NULL,NULL),(103,60,'JonesSandy@redimail.com',1,0,NULL,NULL),(104,60,'JonesSandy@redimail.net',0,0,NULL,NULL),(105,61,'YadavPaula@npo.co.in',1,0,NULL,NULL),(106,61,'YadavPaula@brown.co.pl',0,0,NULL,NULL),(107,62,'RobertsBrzczysaw@amazon.edu.in',1,0,NULL,NULL),(108,62,'RobertsBrzczysaw@gmail.net',0,0,NULL,NULL),(109,64,'JamesonMichelle@yahoo.net.in',1,0,NULL,NULL),(110,64,'JamesonMichelle@gmail.org',0,0,NULL,NULL),(111,65,'GrantMelinda@aol.net',1,0,NULL,NULL),(112,65,'GrantMelinda@aol.co.in',0,0,NULL,NULL),(113,66,'JamesonMichelle@aol.net',1,0,NULL,NULL),(114,66,'JamesonMichelle@indiatimes.com',0,0,NULL,NULL),(115,67,'JonesRaymond@npo.co.in',1,0,NULL,NULL),(116,67,'JonesRaymond@npo.edu.in',0,0,NULL,NULL),(117,68,'YadavPeter@yahoo.com',1,0,NULL,NULL),(118,68,'YadavPeter@npo.co.in',0,0,NULL,NULL),(119,69,'AdamsMonica@indiatimes.org',1,0,NULL,NULL),(120,69,'AdamsMonica@aol.net',0,0,NULL,NULL),(121,71,'AdamsRaymond@hotmail.net',1,0,NULL,NULL),(122,71,'AdamsRaymond@earthlink.net',0,0,NULL,NULL),(123,72,'JonesPaula@brown.co.uk',1,0,NULL,NULL),(124,72,'JonesPaula@aol.net',0,0,NULL,NULL),(125,73,'JonesSheila@tsec.net',1,0,NULL,NULL),(126,73,'JonesSheila@amazon.org',0,0,NULL,NULL),(127,74,'chowskiJennifer@earthlink.net',1,0,NULL,NULL),(128,74,'chowskiJennifer@earthlink.org',0,0,NULL,NULL),(129,75,'ReynoldsAlice@indiatimes.co.in',1,0,NULL,NULL),(130,75,'ReynoldsAlice@aol.com',0,0,NULL,NULL),(131,76,'SmithAnne@aol.co.uk',1,0,NULL,NULL),(132,76,'SmithAnne@aol.net',0,0,NULL,NULL),(133,78,'SmithAndrew@aol.org',1,0,NULL,NULL),(134,78,'SmithAndrew@hotmail.edu.in',0,0,NULL,NULL),(135,79,'GrantTony@gmail.edu',1,0,NULL,NULL),(136,79,'GrantTony@tsec.co.in',0,0,NULL,NULL),(137,80,'chowskiSheila@earthlink.org',1,0,NULL,NULL),(138,80,'chowskiSheila@redimail.co.in',0,0,NULL,NULL),(139,81,'chowskiJennifer@npo.co.pl',1,0,NULL,NULL),(140,81,'chowskiJennifer@aol.org',0,0,NULL,NULL),(141,82,'RobertsChris@hotmail.net',1,0,NULL,NULL),(142,82,'RobertsChris@hotmail.net.in',0,0,NULL,NULL),(143,83,'ZopeMelinda@yahoo.co.pl',1,0,NULL,NULL),(144,83,'ZopeMelinda@indiatimes.net',0,0,NULL,NULL),(145,85,'PatelJennifer@gmail.org',1,0,NULL,NULL),(146,85,'PatelJennifer@aol.co.in',0,0,NULL,NULL),(147,86,'JonesChris@aol.com',1,0,NULL,NULL),(148,86,'JonesChris@npo.co.in',0,0,NULL,NULL),(149,87,'development@example.org',1,0,NULL,NULL),(151,89,'tournaments@example.org',1,0,NULL,NULL);
UNLOCK TABLES;
/*!40000 ALTER TABLE `civicrm_email` ENABLE KEYS */;

--
-- Dumping data for table `civicrm_email_history`
--


/*!40000 ALTER TABLE `civicrm_email_history` DISABLE KEYS */;
LOCK TABLES `civicrm_email_history` WRITE;
UNLOCK TABLES;
/*!40000 ALTER TABLE `civicrm_email_history` ENABLE KEYS */;

--
-- Dumping data for table `civicrm_entity_file`
--


/*!40000 ALTER TABLE `civicrm_entity_file` DISABLE KEYS */;
LOCK TABLES `civicrm_entity_file` WRITE;
UNLOCK TABLES;
/*!40000 ALTER TABLE `civicrm_entity_file` ENABLE KEYS */;

--
-- Dumping data for table `civicrm_entity_tag`
--


/*!40000 ALTER TABLE `civicrm_entity_tag` DISABLE KEYS */;
LOCK TABLES `civicrm_entity_tag` WRITE;
INSERT INTO `civicrm_entity_tag` (`id`, `entity_table`, `entity_id`, `tag_id`) VALUES (1,'civicrm_contact',89,2),(2,'civicrm_contact',53,3),(3,'civicrm_contact',85,1),(4,'civicrm_contact',22,3),(5,'civicrm_contact',57,3),(6,'civicrm_contact',73,5),(7,'civicrm_contact',45,4),(8,'civicrm_contact',45,5),(9,'civicrm_contact',7,4),(10,'civicrm_contact',19,5),(11,'civicrm_contact',40,4),(12,'civicrm_contact',41,4),(13,'civicrm_contact',5,5),(14,'civicrm_contact',65,5),(15,'civicrm_contact',38,5),(16,'civicrm_contact',87,4),(17,'civicrm_contact',87,5),(18,'civicrm_contact',68,4),(19,'civicrm_contact',80,4),(20,'civicrm_contact',4,5),(21,'civicrm_contact',35,5),(22,'civicrm_contact',74,5),(23,'civicrm_contact',92,4),(24,'civicrm_contact',81,4),(25,'civicrm_contact',81,5),(26,'civicrm_contact',8,5),(27,'civicrm_contact',48,4),(28,'civicrm_contact',48,5),(29,'civicrm_contact',88,5),(30,'civicrm_contact',6,4),(31,'civicrm_contact',6,5),(32,'civicrm_contact',18,4),(33,'civicrm_contact',18,5),(34,'civicrm_contact',51,4),(35,'civicrm_contact',51,5),(36,'civicrm_contact',43,4),(37,'civicrm_contact',10,4),(38,'civicrm_contact',42,4),(39,'civicrm_contact',42,5),(40,'civicrm_contact',27,4),(41,'civicrm_contact',27,5),(42,'civicrm_contact',12,4),(43,'civicrm_contact',12,5),(44,'civicrm_contact',56,5),(45,'civicrm_contact',52,5),(46,'civicrm_contact',47,5),(47,'civicrm_contact',69,4),(48,'civicrm_contact',69,5),(49,'civicrm_contact',20,5),(50,'civicrm_contact',60,4),(51,'civicrm_contact',60,5),(52,'civicrm_contact',32,4),(53,'civicrm_contact',59,5),(54,'civicrm_contact',29,5),(55,'civicrm_contact',79,5);
UNLOCK TABLES;
/*!40000 ALTER TABLE `civicrm_entity_tag` ENABLE KEYS */;

--
-- Dumping data for table `civicrm_event`
--


/*!40000 ALTER TABLE `civicrm_event` DISABLE KEYS */;
LOCK TABLES `civicrm_event` WRITE;
INSERT INTO `civicrm_event` (`id`, `domain_id`, `title`, `summary`, `description`, `event_type_id`, `is_public`, `start_date`, `end_date`, `is_online_registration`, `registration_link_text`, `registration_start_date`, `registration_end_date`, `max_participants`, `event_full_text`, `is_monetary`, `contribution_type_id`, `payment_processor_id`, `is_map`, `is_active`, `fee_label`, `is_show_location`) VALUES (1,1,'Fall Fundraiser Dinner','Kick up your heels at our Fall Fundraiser Dinner/Dance at Glen Echo Park! Come by yourself or bring a partner, friend or the entire family!','This event benefits our teen programs. Admission includes a full 3 course meal and wine or soft drinks. Grab your dancing shoes, bring the kids and come join the party!',3,1,'2006-09-21 17:00:00','2006-09-21 23:00:00',1,'Register Now',NULL,NULL,100,'Sorry! The Fall Fundraiser Dinner is full. Please call Jane at 204 222-1000 ext 33 if you want to be added to the waiting list.',1,4,NULL,1,1,'Dinner Contribution',1),(2,1,'Summer Solstice Festival Day Concert','Festival Day is coming! Join us and help support your parks.','We will gather at noon, learn a song all together,  and then join in a joyous procession to the pavilion. We will be one of many groups performing at this wonderful concert which benefits our city parks.',5,1,'2007-06-17 12:00:00','2007-06-17 17:00:00',1,'Register Now',NULL,NULL,50,'We have all the singers we can handle. Come to the pavilion anyway and join in from the audience.',1,2,NULL,NULL,1,'Festival Fee',1),(3,1,'Rain-forest Cup Youth Soccer Tournament','Sign up your team to participate in this fun tournament which benefits several Rain-forest protection groups in the Amazon basin.','This is a FYSA Sanctioned Tournament, which is open to all USSF/FIFA affiliated organizations for boys and girls in age groups: U9-U10 (6v6), U11-U12 (8v8), and U13-U17 (Full Sided).',3,1,'2007-10-27 07:00:00','2007-10-29 17:00:00',1,'Register Now',NULL,NULL,500,'Sorry! All available team slots for this tournament have been filled. Contact Jill Futbol for information about the waiting list and next years event.',1,4,NULL,NULL,1,'Tournament Fees',1);
UNLOCK TABLES;
/*!40000 ALTER TABLE `civicrm_event` ENABLE KEYS */;

--
-- Dumping data for table `civicrm_event_page`
--


/*!40000 ALTER TABLE `civicrm_event_page` DISABLE KEYS */;
LOCK TABLES `civicrm_event_page` WRITE;
INSERT INTO `civicrm_event_page` (`id`, `event_id`, `intro_text`, `footer_text`, `confirm_title`, `confirm_text`, `confirm_footer_text`, `is_email_confirm`, `confirm_email_text`, `confirm_from_name`, `confirm_from_email`, `cc_confirm`, `bcc_confirm`, `default_fee_id`, `thankyou_title`, `thankyou_text`, `thankyou_footer_text`) VALUES (1,1,'Fill in the information below to join as at this wonderful dinner event.',NULL,'Confirm Your Registration Information','Review the information below carefully.',NULL,1,'Contact the Development Department if you need to make any changes to your registration.','Fundraising Dept.','development@example.org',NULL,NULL,22,'Thanks for Registering!','<p>Thank you for your support. Your contribution will help us build even better tools.</p><p>Please tell your friends and colleagues about this wonderful event.</p>','<p><a href=http://civicrm.org>Back to CiviCRM Home Page</a></p>'),(2,2,'Complete the form below and click Continue to register online for the festival. Or you can register by calling us at 204 222-1000 ext 22.','','Confirm Your Registration Information','','',1,'This email confirms your registration. If you have questions or need to change your registration - please do not hesitate to call us.','Event Dept.','events@example.org','',NULL,25,'Thanks for Your Joining In!','<p>Thank you for your support. Your participation will help build new parks.</p><p>Please tell your friends and colleagues about the concert.</p>','<p><a href=http://civicrm.org>Back to CiviCRM Home Page</a></p>'),(3,3,'Complete the form below to register your team for this year\'s tournament.','<em>A Soccer Youth Event</em>','Review and Confirm Your Registration Information','','<em>A Soccer Youth Event</em>',1,'Contact our Tournament Director for eligibility details.','Tournament Director','tournament@example.org','',NULL,31,'Thanks for Your Support!','<p>Thank you for your support. Your participation will help save thousands of acres of rainforest.</p>','<p><a href=http://civicrm.org>Back to CiviCRM Home Page</a></p>');
UNLOCK TABLES;
/*!40000 ALTER TABLE `civicrm_event_page` ENABLE KEYS */;

--
-- Dumping data for table `civicrm_file`
--


/*!40000 ALTER TABLE `civicrm_file` DISABLE KEYS */;
LOCK TABLES `civicrm_file` WRITE;
UNLOCK TABLES;
/*!40000 ALTER TABLE `civicrm_file` ENABLE KEYS */;

--
-- Dumping data for table `civicrm_financial_trxn`
--


/*!40000 ALTER TABLE `civicrm_financial_trxn` DISABLE KEYS */;
LOCK TABLES `civicrm_financial_trxn` WRITE;
UNLOCK TABLES;
/*!40000 ALTER TABLE `civicrm_financial_trxn` ENABLE KEYS */;

--
-- Dumping data for table `civicrm_geo_coord`
--


/*!40000 ALTER TABLE `civicrm_geo_coord` DISABLE KEYS */;
LOCK TABLES `civicrm_geo_coord` WRITE;
INSERT INTO `civicrm_geo_coord` (`id`, `coord_type`, `coord_units`, `coord_ogc_wkt_string`) VALUES (1,'LatLong','Degree','31');
UNLOCK TABLES;
/*!40000 ALTER TABLE `civicrm_geo_coord` ENABLE KEYS */;

--
-- Dumping data for table `civicrm_grant`
--


/*!40000 ALTER TABLE `civicrm_grant` DISABLE KEYS */;
LOCK TABLES `civicrm_grant` WRITE;
UNLOCK TABLES;
/*!40000 ALTER TABLE `civicrm_grant` ENABLE KEYS */;

--
-- Dumping data for table `civicrm_group`
--


/*!40000 ALTER TABLE `civicrm_group` DISABLE KEYS */;
LOCK TABLES `civicrm_group` WRITE;
INSERT INTO `civicrm_group` (`id`, `domain_id`, `name`, `title`, `description`, `source`, `saved_search_id`, `is_active`, `visibility`, `where_clause`, `select_tables`, `where_tables`) VALUES (1,1,'Administrators','Administrators','Contacts in this group are assigned Administrator role permissions.',NULL,NULL,1,'User and User Admin Only',' ( `civicrm_group_contact-1`.group_id = (1) AND `civicrm_group_contact-1`.status IN (\"Added\") ) ','a:10:{s:15:\"civicrm_contact\";i:1;s:18:\"civicrm_individual\";i:1;s:16:\"civicrm_location\";i:1;s:15:\"civicrm_address\";i:1;s:22:\"civicrm_state_province\";i:1;s:15:\"civicrm_country\";i:1;s:13:\"civicrm_email\";i:1;s:13:\"civicrm_phone\";i:1;s:10:\"civicrm_im\";i:1;s:25:\"`civicrm_group_contact-1`\";s:114:\" LEFT JOIN civicrm_group_contact `civicrm_group_contact-1` ON contact_a.id = `civicrm_group_contact-1`.contact_id \";}','a:2:{s:15:\"civicrm_contact\";i:1;s:25:\"`civicrm_group_contact-1`\";s:114:\" LEFT JOIN civicrm_group_contact `civicrm_group_contact-1` ON contact_a.id = `civicrm_group_contact-1`.contact_id \";}'),(2,1,'Newsletter Subscribers','Newsletter Subscribers',NULL,NULL,NULL,1,'Public User Pages and Listings',' ( `civicrm_group_contact-2`.group_id = (2) AND `civicrm_group_contact-2`.status IN (\"Added\") ) ','a:12:{s:15:\"civicrm_contact\";i:1;s:18:\"civicrm_individual\";i:1;s:16:\"civicrm_location\";i:1;s:15:\"civicrm_address\";i:1;s:22:\"civicrm_state_province\";i:1;s:15:\"civicrm_country\";i:1;s:13:\"civicrm_email\";i:1;s:13:\"civicrm_phone\";i:1;s:10:\"civicrm_im\";i:1;s:25:\"`civicrm_group_contact-2`\";s:114:\" LEFT JOIN civicrm_group_contact `civicrm_group_contact-2` ON contact_a.id = `civicrm_group_contact-2`.contact_id \";s:12:\"civicrm_case\";i:1;s:6:\"gender\";i:1;}','a:3:{s:15:\"civicrm_contact\";i:1;s:25:\"`civicrm_group_contact-2`\";s:114:\" LEFT JOIN civicrm_group_contact `civicrm_group_contact-2` ON contact_a.id = `civicrm_group_contact-2`.contact_id \";s:12:\"civicrm_case\";i:1;}'),(3,1,'Summer Program Volunteers','Summer Program Volunteers',NULL,NULL,NULL,1,'Public User Pages and Listings',' ( `civicrm_group_contact-3`.group_id = (3) AND `civicrm_group_contact-3`.status IN (\"Added\") ) ','a:12:{s:15:\"civicrm_contact\";i:1;s:18:\"civicrm_individual\";i:1;s:16:\"civicrm_location\";i:1;s:15:\"civicrm_address\";i:1;s:22:\"civicrm_state_province\";i:1;s:15:\"civicrm_country\";i:1;s:13:\"civicrm_email\";i:1;s:13:\"civicrm_phone\";i:1;s:10:\"civicrm_im\";i:1;s:25:\"`civicrm_group_contact-3`\";s:114:\" LEFT JOIN civicrm_group_contact `civicrm_group_contact-3` ON contact_a.id = `civicrm_group_contact-3`.contact_id \";s:12:\"civicrm_case\";i:1;s:6:\"gender\";i:1;}','a:3:{s:15:\"civicrm_contact\";i:1;s:25:\"`civicrm_group_contact-3`\";s:114:\" LEFT JOIN civicrm_group_contact `civicrm_group_contact-3` ON contact_a.id = `civicrm_group_contact-3`.contact_id \";s:12:\"civicrm_case\";i:1;}'),(4,1,'Advisory Board','Advisory Board',NULL,NULL,NULL,1,'Public User Pages and Listings',' ( `civicrm_group_contact-4`.group_id = (4) AND `civicrm_group_contact-4`.status IN (\"Added\") ) ','a:12:{s:15:\"civicrm_contact\";i:1;s:18:\"civicrm_individual\";i:1;s:16:\"civicrm_location\";i:1;s:15:\"civicrm_address\";i:1;s:22:\"civicrm_state_province\";i:1;s:15:\"civicrm_country\";i:1;s:13:\"civicrm_email\";i:1;s:13:\"civicrm_phone\";i:1;s:10:\"civicrm_im\";i:1;s:25:\"`civicrm_group_contact-4`\";s:114:\" LEFT JOIN civicrm_group_contact `civicrm_group_contact-4` ON contact_a.id = `civicrm_group_contact-4`.contact_id \";s:12:\"civicrm_case\";i:1;s:6:\"gender\";i:1;}','a:3:{s:15:\"civicrm_contact\";i:1;s:25:\"`civicrm_group_contact-4`\";s:114:\" LEFT JOIN civicrm_group_contact `civicrm_group_contact-4` ON contact_a.id = `civicrm_group_contact-4`.contact_id \";s:12:\"civicrm_case\";i:1;}');
UNLOCK TABLES;
/*!40000 ALTER TABLE `civicrm_group` ENABLE KEYS */;

--
-- Dumping data for table `civicrm_group_contact`
--


/*!40000 ALTER TABLE `civicrm_group_contact` DISABLE KEYS */;
LOCK TABLES `civicrm_group_contact` WRITE;
INSERT INTO `civicrm_group_contact` (`id`, `group_id`, `contact_id`, `status`, `location_id`, `email_id`) VALUES (1,2,73,'Removed',NULL,NULL),(2,2,95,'Added',NULL,NULL),(3,2,45,'Added',NULL,NULL),(4,2,101,'Added',NULL,NULL),(5,2,40,'Removed',NULL,NULL),(6,2,70,'Added',NULL,NULL),(7,2,41,'Added',NULL,NULL),(8,2,90,'Removed',NULL,NULL),(9,2,49,'Added',NULL,NULL),(10,2,65,'Added',NULL,NULL),(11,2,28,'Added',NULL,NULL),(12,2,77,'Removed',NULL,NULL),(13,2,96,'Added',NULL,NULL),(14,2,99,'Added',NULL,NULL),(15,2,80,'Removed',NULL,NULL),(16,2,100,'Added',NULL,NULL),(17,2,4,'Added',NULL,NULL),(18,2,46,'Added',NULL,NULL),(19,2,74,'Removed',NULL,NULL),(20,2,2,'Removed',NULL,NULL),(21,2,92,'Removed',NULL,NULL),(22,2,30,'Added',NULL,NULL),(23,2,48,'Removed',NULL,NULL),(24,2,98,'Removed',NULL,NULL),(25,2,88,'Added',NULL,NULL),(26,2,9,'Removed',NULL,NULL),(27,2,6,'Removed',NULL,NULL),(28,2,18,'Added',NULL,NULL),(29,2,16,'Removed',NULL,NULL),(30,2,43,'Added',NULL,NULL),(31,2,13,'Removed',NULL,NULL),(32,2,25,'Removed',NULL,NULL),(33,2,33,'Removed',NULL,NULL),(34,2,76,'Added',NULL,NULL),(35,2,52,'Removed',NULL,NULL),(36,3,71,'Removed',NULL,NULL),(37,3,69,'Added',NULL,NULL),(38,3,60,'Added',NULL,NULL),(39,3,26,'Added',NULL,NULL),(40,3,54,'Added',NULL,NULL),(41,3,59,'Added',NULL,NULL),(42,3,58,'Added',NULL,NULL),(43,3,29,'Added',NULL,NULL),(44,3,15,'Removed',NULL,NULL),(45,4,64,'Added',NULL,NULL),(46,4,65,'Removed',NULL,NULL),(47,4,74,'Added',NULL,NULL),(48,4,18,'Removed',NULL,NULL),(49,4,25,'Added',NULL,NULL);
UNLOCK TABLES;
/*!40000 ALTER TABLE `civicrm_group_contact` ENABLE KEYS */;

--
-- Dumping data for table `civicrm_household`
--


/*!40000 ALTER TABLE `civicrm_household` DISABLE KEYS */;
LOCK TABLES `civicrm_household` WRITE;
INSERT INTO `civicrm_household` (`id`, `contact_id`, `household_name`, `primary_contact_id`) VALUES (1,24,'Melinda Smith\'s home',28),(2,93,'Chetan Jones\'s home',96),(3,34,'Anne Yadav\'s home',100),(4,83,'Milan Smith\'s home',17),(5,62,'Raymond Smith\'s home',86),(6,82,'Brzczysaw Roberts\'s home',66),(7,36,'Michelle Jameson\'s home',9),(8,21,'Sheila Samuels\'s home',16),(9,78,'Jennifer chowski\'s home',13),(10,37,'Andrew Smith\'s home',61),(11,55,'Chris Roberts\'s home',33),(12,63,'Chris Jones\'s home',23),(13,94,'Chetan Smith\'s home',50),(14,75,'Sam Zope\'s home',26),(15,3,'Melinda chowski\'s home',58);
UNLOCK TABLES;
/*!40000 ALTER TABLE `civicrm_household` ENABLE KEYS */;

--
-- Dumping data for table `civicrm_im`
--


/*!40000 ALTER TABLE `civicrm_im` DISABLE KEYS */;
LOCK TABLES `civicrm_im` WRITE;
UNLOCK TABLES;
/*!40000 ALTER TABLE `civicrm_im` ENABLE KEYS */;

--
-- Dumping data for table `civicrm_individual`
--


/*!40000 ALTER TABLE `civicrm_individual` DISABLE KEYS */;
LOCK TABLES `civicrm_individual` WRITE;
INSERT INTO `civicrm_individual` (`id`, `contact_id`, `first_name`, `middle_name`, `last_name`, `prefix_id`, `suffix_id`, `greeting_type`, `custom_greeting`, `job_title`, `gender_id`, `birth_date`, `is_deceased`, `deceased_date`, `phone_to_household_id`, `email_to_household_id`, `mail_to_household_id`) VALUES (1,73,'Sam','D','chowski',2,2,'Informal',NULL,NULL,1,'1981-02-03',0,NULL,NULL,NULL,NULL),(2,95,'Brzczysaw','T','Smith',3,1,'Informal',NULL,NULL,2,'1987-12-18',1,NULL,NULL,NULL,NULL),(3,45,'Anne','H','Zope',3,1,'Informal',NULL,NULL,2,'1972-11-08',1,NULL,NULL,NULL,NULL),(4,31,'Milan','W','Adams',1,1,'Honorific',NULL,NULL,1,'1982-12-07',0,NULL,NULL,NULL,NULL),(5,7,'Peter','U','Adams',1,1,'Custom',NULL,NULL,2,'1977-06-28',0,NULL,NULL,NULL,NULL),(6,101,'Pat','Z','chowski',2,1,'Other',NULL,NULL,1,'2004-05-31',0,NULL,NULL,NULL,NULL),(7,19,'Amar','P','Jameson',4,2,'Formal',NULL,NULL,1,'1998-07-07',1,NULL,NULL,NULL,NULL),(8,64,'Monica','U','Smith',2,1,'Honorific',NULL,NULL,2,'1984-05-10',1,NULL,NULL,NULL,NULL),(9,40,'Paula','I','Patel',4,2,'Formal',NULL,NULL,1,'1996-04-08',1,NULL,NULL,NULL,NULL),(10,70,'Anne','Z','Jones',2,1,'Custom',NULL,NULL,1,'1983-07-23',1,NULL,NULL,NULL,NULL),(11,41,'Raymond','J','Grant',4,1,'Custom',NULL,NULL,2,'1973-03-18',0,NULL,NULL,NULL,NULL),(12,90,'Sandy','F','Roberts',4,2,'Informal',NULL,NULL,2,'1997-08-25',0,NULL,NULL,NULL,NULL),(13,5,'Chetan','A','Samuels',2,1,'Honorific',NULL,NULL,1,'2007-05-01',0,NULL,NULL,NULL,NULL),(14,49,'Chetan','Y','Jones',1,1,'Informal',NULL,NULL,1,'1985-04-11',0,NULL,NULL,NULL,NULL),(15,65,'Sandy','W','Samuels',4,2,'Other',NULL,NULL,2,'2006-09-06',1,NULL,NULL,NULL,NULL),(16,28,'Melinda','B','Smith',4,1,'Formal',NULL,NULL,2,'1973-05-24',0,NULL,NULL,NULL,NULL),(17,38,'Chris','A','Adams',4,2,'Honorific',NULL,NULL,1,'1998-12-19',0,NULL,NULL,NULL,NULL),(18,77,'Peter','G','Samuels',1,2,'Honorific',NULL,NULL,2,'1980-02-13',1,NULL,NULL,NULL,NULL),(19,87,'Raymond','N','Zope',4,1,'Other',NULL,NULL,2,'1975-10-26',0,NULL,NULL,NULL,NULL),(20,96,'Chetan','T','Jones',3,1,'Custom',NULL,NULL,2,'1986-02-27',1,NULL,NULL,NULL,NULL),(21,68,'Dan','T','Smith',1,2,'Other',NULL,NULL,1,'2003-09-27',1,NULL,NULL,NULL,NULL),(22,99,'Chris','E','Smith',2,1,'Custom',NULL,NULL,1,'1977-10-07',0,NULL,NULL,NULL,NULL),(23,80,'Peter','Y','Smith',1,2,'Informal',NULL,NULL,2,'1971-02-15',0,NULL,NULL,NULL,NULL),(24,100,'Anne','C','Yadav',1,1,'Other',NULL,NULL,2,'1999-11-14',0,NULL,NULL,NULL,NULL),(25,4,'Brzczysaw','M','Smith',2,1,'Custom',NULL,NULL,2,'1984-10-07',0,NULL,NULL,NULL,NULL),(26,46,'Andrew','N','Adams',4,2,'Formal',NULL,NULL,2,'1994-10-22',0,NULL,NULL,NULL,NULL),(27,35,'Michael','C','Zope',2,2,'Formal',NULL,NULL,2,'1976-08-08',1,NULL,NULL,NULL,NULL),(28,17,'Milan','M','Smith',4,1,'Custom',NULL,NULL,2,'1993-06-09',1,NULL,NULL,NULL,NULL),(29,74,'Andrew','D','Zope',4,1,'Formal',NULL,NULL,2,'1976-06-23',0,NULL,NULL,NULL,NULL),(30,2,'Purvi','J','Smith',3,1,'Custom',NULL,NULL,1,'2004-09-05',1,NULL,NULL,NULL,NULL),(31,92,'Paula','H','chowski',1,1,'Honorific',NULL,NULL,2,'1993-11-24',1,NULL,NULL,NULL,NULL),(32,86,'Raymond','P','Smith',2,1,'Formal',NULL,NULL,2,'1971-08-20',0,NULL,NULL,NULL,NULL),(33,81,'Brzczysaw','L','Smith',1,2,'Formal',NULL,NULL,1,'1983-08-14',0,NULL,NULL,NULL,NULL),(34,30,'Sandy','V','Jones',4,1,'Custom',NULL,NULL,1,'1979-02-23',0,NULL,NULL,NULL,NULL),(35,8,'Paula','J','Yadav',2,1,'Informal',NULL,NULL,2,'2002-11-30',1,NULL,NULL,NULL,NULL),(36,66,'Brzczysaw','R','Roberts',4,1,'Other',NULL,NULL,1,'1979-07-22',1,NULL,NULL,NULL,NULL),(37,48,'Raymond','U','Patel',2,2,'Other',NULL,NULL,1,'1975-04-22',0,NULL,NULL,NULL,NULL),(38,98,'Michelle','N','Jameson',1,1,'Informal',NULL,NULL,1,'1993-09-21',0,NULL,NULL,NULL,NULL),(39,88,'Melinda','M','Grant',3,1,'Formal',NULL,NULL,2,'1995-09-02',0,NULL,NULL,NULL,NULL),(40,9,'Michelle','P','Jameson',4,1,'Other',NULL,NULL,2,'1987-04-17',0,NULL,NULL,NULL,NULL),(41,6,'Raymond','M','Jones',3,2,'Informal',NULL,NULL,1,'1990-12-31',0,NULL,NULL,NULL,NULL),(42,39,'Peter','X','Yadav',1,2,'Other',NULL,NULL,1,'1977-09-24',0,NULL,NULL,NULL,NULL),(43,18,'Monica','T','Adams',2,1,'Informal',NULL,NULL,1,'1989-03-10',0,NULL,NULL,NULL,NULL),(44,16,'Sheila','N','Samuels',1,2,'Other',NULL,NULL,1,'2003-10-02',1,NULL,NULL,NULL,NULL),(45,51,'Raymond','D','Adams',3,1,'Informal',NULL,NULL,2,'1992-12-23',0,NULL,NULL,NULL,NULL),(46,11,'Paula','B','Jones',3,2,'Honorific',NULL,NULL,2,'1999-08-20',0,NULL,NULL,NULL,NULL),(47,43,'Sheila','Y','Jones',3,1,'Custom',NULL,NULL,1,'2005-12-27',1,NULL,NULL,NULL,NULL),(48,13,'Jennifer','F','chowski',3,1,'Custom',NULL,NULL,1,'1972-03-14',1,NULL,NULL,NULL,NULL),(49,10,'Alice','E','Reynolds',3,2,'Honorific',NULL,NULL,2,'1990-03-03',1,NULL,NULL,NULL,NULL),(50,25,'Anne','L','Smith',2,2,'Formal',NULL,NULL,2,'1975-06-23',0,NULL,NULL,NULL,NULL),(51,42,'Melinda','A','Roberts',2,1,'Custom',NULL,NULL,2,'2002-01-07',0,NULL,NULL,NULL,NULL),(52,61,'Andrew','H','Smith',3,2,'Formal',NULL,NULL,2,'1998-07-22',0,NULL,NULL,NULL,NULL),(53,27,'Tony','L','Grant',3,1,'Custom',NULL,NULL,1,'1999-11-16',0,NULL,NULL,NULL,NULL),(54,84,'Sheila','T','chowski',4,1,'Custom',NULL,NULL,2,'1978-02-24',1,NULL,NULL,NULL,NULL),(55,12,'Jennifer','M','chowski',3,2,'Other',NULL,NULL,1,'2001-12-19',1,NULL,NULL,NULL,NULL),(56,33,'Chris','I','Roberts',2,1,'Other',NULL,NULL,2,'1981-07-31',0,NULL,NULL,NULL,NULL),(57,56,'Melinda','X','Zope',2,1,'Informal',NULL,NULL,1,'1982-06-17',1,NULL,NULL,NULL,NULL),(58,76,'Rebecca','V','Yadav',1,1,'Honorific',NULL,NULL,2,'1999-05-24',1,NULL,NULL,NULL,NULL),(59,52,'Jennifer','W','Patel',1,2,'Honorific',NULL,NULL,2,'1986-07-20',1,NULL,NULL,NULL,NULL),(60,23,'Chris','Y','Jones',4,2,'Formal',NULL,NULL,1,'2001-07-15',0,NULL,NULL,NULL,NULL),(61,47,'Franklin','M','Yadav',4,2,'Honorific',NULL,NULL,1,'1975-12-05',1,NULL,NULL,NULL,NULL),(62,71,'Pat','G','Zope',2,2,'Custom',NULL,NULL,1,'1971-05-30',0,NULL,NULL,NULL,NULL),(63,69,'Melinda','W','Jameson',3,1,'Honorific',NULL,NULL,1,'1998-06-24',0,NULL,NULL,NULL,NULL),(64,50,'Chetan','P','Smith',4,2,'Formal',NULL,NULL,1,'1994-03-21',0,NULL,NULL,NULL,NULL),(65,20,'Pat','J','Patel',3,1,'Honorific',NULL,NULL,1,'1982-01-16',1,NULL,NULL,NULL,NULL),(66,44,'Paula','H','Zope',2,2,'Honorific',NULL,NULL,1,'1996-03-15',0,NULL,NULL,NULL,NULL),(67,60,'Chetan','K','Zope',3,2,'Custom',NULL,NULL,1,'1996-08-16',1,NULL,NULL,NULL,NULL),(68,26,'Sam','O','Zope',4,1,'Formal',NULL,NULL,2,'2003-07-24',0,NULL,NULL,NULL,NULL),(69,32,'Paula','P','Roberts',3,2,'Custom',NULL,NULL,2,'2006-12-12',1,NULL,NULL,NULL,NULL),(70,54,'Bill','R','Smith',4,1,'Custom',NULL,NULL,1,'1978-09-11',0,NULL,NULL,NULL,NULL),(71,59,'Anne','J','Smith',3,2,'Honorific',NULL,NULL,1,'2006-07-17',1,NULL,NULL,NULL,NULL),(72,58,'Melinda','V','chowski',4,1,'Other',NULL,NULL,2,'1983-07-21',1,NULL,NULL,NULL,NULL),(73,29,'Amar','S','Patel',4,1,'Other',NULL,NULL,1,'1986-01-16',0,NULL,NULL,NULL,NULL),(74,15,'Rebecca','M','Smith',1,2,'Informal',NULL,NULL,1,'1993-08-03',1,NULL,NULL,NULL,NULL),(75,79,'Sandy','P','Patel',1,1,'Custom',NULL,NULL,1,'2000-03-28',1,NULL,NULL,NULL,NULL);
UNLOCK TABLES;
/*!40000 ALTER TABLE `civicrm_individual` ENABLE KEYS */;

--
-- Dumping data for table `civicrm_line_item`
--


/*!40000 ALTER TABLE `civicrm_line_item` DISABLE KEYS */;
LOCK TABLES `civicrm_line_item` WRITE;
UNLOCK TABLES;
/*!40000 ALTER TABLE `civicrm_line_item` ENABLE KEYS */;

--
-- Dumping data for table `civicrm_location`
--


/*!40000 ALTER TABLE `civicrm_location` DISABLE KEYS */;
LOCK TABLES `civicrm_location` WRITE;
INSERT INTO `civicrm_location` (`id`, `entity_table`, `entity_id`, `location_type_id`, `is_primary`, `name`) VALUES (1,'civicrm_domain',1,3,1,NULL),(2,'civicrm_contact',73,1,1,NULL),(3,'civicrm_contact',95,1,1,NULL),(4,'civicrm_contact',45,1,1,NULL),(5,'civicrm_contact',31,1,1,NULL),(6,'civicrm_contact',7,1,1,NULL),(7,'civicrm_contact',101,1,1,NULL),(8,'civicrm_contact',19,1,1,NULL),(9,'civicrm_contact',64,1,1,NULL),(10,'civicrm_contact',40,1,1,NULL),(11,'civicrm_contact',70,1,1,NULL),(12,'civicrm_contact',41,1,1,NULL),(13,'civicrm_contact',90,1,1,NULL),(14,'civicrm_contact',5,1,1,NULL),(15,'civicrm_contact',49,1,1,NULL),(16,'civicrm_contact',65,1,1,NULL),(17,'civicrm_contact',24,1,1,NULL),(18,'civicrm_contact',93,1,1,NULL),(19,'civicrm_contact',34,1,1,NULL),(20,'civicrm_contact',83,1,1,NULL),(21,'civicrm_contact',62,1,1,NULL),(22,'civicrm_contact',82,1,1,NULL),(23,'civicrm_contact',36,1,1,NULL),(24,'civicrm_contact',21,1,1,NULL),(25,'civicrm_contact',78,1,1,NULL),(26,'civicrm_contact',37,1,1,NULL),(27,'civicrm_contact',55,1,1,NULL),(28,'civicrm_contact',63,1,1,NULL),(29,'civicrm_contact',94,1,1,NULL),(30,'civicrm_contact',75,1,1,NULL),(31,'civicrm_contact',3,1,1,NULL),(32,'civicrm_contact',89,3,1,NULL),(33,'civicrm_contact',97,3,1,NULL),(34,'civicrm_contact',53,3,1,NULL),(35,'civicrm_contact',72,3,1,NULL),(36,'civicrm_contact',85,3,1,NULL),(37,'civicrm_contact',91,3,1,NULL),(38,'civicrm_contact',22,3,1,NULL),(39,'civicrm_contact',14,3,1,NULL),(40,'civicrm_contact',57,3,1,NULL),(41,'civicrm_contact',67,3,1,NULL),(42,'civicrm_contact',28,1,1,NULL),(43,'civicrm_contact',38,1,1,NULL),(44,'civicrm_contact',77,1,1,NULL),(45,'civicrm_contact',87,1,1,NULL),(46,'civicrm_contact',96,1,1,NULL),(47,'civicrm_contact',68,1,1,NULL),(48,'civicrm_contact',99,1,1,NULL),(49,'civicrm_contact',80,1,1,NULL),(50,'civicrm_contact',100,1,1,NULL),(51,'civicrm_contact',4,1,1,NULL),(52,'civicrm_contact',46,1,1,NULL),(53,'civicrm_contact',35,1,1,NULL),(54,'civicrm_contact',17,1,1,NULL),(55,'civicrm_contact',74,1,1,NULL),(56,'civicrm_contact',2,1,1,NULL),(57,'civicrm_contact',92,1,1,NULL),(58,'civicrm_contact',86,1,1,NULL),(59,'civicrm_contact',81,1,1,NULL),(60,'civicrm_contact',30,1,1,NULL),(61,'civicrm_contact',8,1,1,NULL),(62,'civicrm_contact',66,1,1,NULL),(63,'civicrm_contact',48,1,1,NULL),(64,'civicrm_contact',98,1,1,NULL),(65,'civicrm_contact',88,1,1,NULL),(66,'civicrm_contact',9,1,1,NULL),(67,'civicrm_contact',6,1,1,NULL),(68,'civicrm_contact',39,1,1,NULL),(69,'civicrm_contact',18,1,1,NULL),(70,'civicrm_contact',16,1,1,NULL),(71,'civicrm_contact',51,1,1,NULL),(72,'civicrm_contact',11,1,1,NULL),(73,'civicrm_contact',43,1,1,NULL),(74,'civicrm_contact',13,1,1,NULL),(75,'civicrm_contact',10,1,1,NULL),(76,'civicrm_contact',25,1,1,NULL),(77,'civicrm_contact',42,1,1,NULL),(78,'civicrm_contact',61,1,1,NULL),(79,'civicrm_contact',27,1,1,NULL),(80,'civicrm_contact',84,1,1,NULL),(81,'civicrm_contact',12,1,1,NULL),(82,'civicrm_contact',33,1,1,NULL),(83,'civicrm_contact',56,1,1,NULL),(84,'civicrm_contact',76,1,1,NULL),(85,'civicrm_contact',52,1,1,NULL),(86,'civicrm_contact',23,1,1,NULL),(87,'civicrm_event',1,1,0,'Echo Park Rec Center'),(88,'civicrm_event',2,3,0,'Johnson Pavilion'),(89,'civicrm_event',3,3,1,'Capitol Fields');
UNLOCK TABLES;
/*!40000 ALTER TABLE `civicrm_location` ENABLE KEYS */;

--
-- Dumping data for table `civicrm_location_type`
--


/*!40000 ALTER TABLE `civicrm_location_type` DISABLE KEYS */;
LOCK TABLES `civicrm_location_type` WRITE;
INSERT INTO `civicrm_location_type` (`id`, `domain_id`, `name`, `vcard_name`, `description`, `is_reserved`, `is_active`, `is_default`) VALUES (1,1,'Home','HOME','Place of residence',0,1,1),(2,1,'Work','WORK','Work location',0,1,NULL),(3,1,'Main',NULL,'Main office location',0,1,NULL),(4,1,'Other',NULL,'Other location',0,1,NULL),(5,1,'Billing',NULL,'Billing Address location',1,1,NULL);
UNLOCK TABLES;
/*!40000 ALTER TABLE `civicrm_location_type` ENABLE KEYS */;

--
-- Dumping data for table `civicrm_log`
--


/*!40000 ALTER TABLE `civicrm_log` DISABLE KEYS */;
LOCK TABLES `civicrm_log` WRITE;
UNLOCK TABLES;
/*!40000 ALTER TABLE `civicrm_log` ENABLE KEYS */;

--
-- Dumping data for table `civicrm_mailing`
--


/*!40000 ALTER TABLE `civicrm_mailing` DISABLE KEYS */;
LOCK TABLES `civicrm_mailing` WRITE;
UNLOCK TABLES;
/*!40000 ALTER TABLE `civicrm_mailing` ENABLE KEYS */;

--
-- Dumping data for table `civicrm_mailing_bounce_pattern`
--


/*!40000 ALTER TABLE `civicrm_mailing_bounce_pattern` DISABLE KEYS */;
LOCK TABLES `civicrm_mailing_bounce_pattern` WRITE;
INSERT INTO `civicrm_mailing_bounce_pattern` (`id`, `bounce_type_id`, `pattern`) VALUES (1,1,'Client TOS Notification'),(2,2,'(be|am)? (out of|away from) (the|my)? (office|computer|town)'),(3,2,'i am on vacation'),(4,3,'name(server entry| lookup failure)'),(5,3,'no (mail server|matches to nameserver query|dns entries)'),(6,3,'reverse dns entry'),(7,4,'(unknown|not local) host'),(8,4,'all hosts have been failing'),(9,4,'allowed rcpthosts'),(10,4,'connection (refused|timed out)'),(11,4,'couldn\'t find any host named'),(12,4,'error involving remote host'),(13,4,'host unknown'),(14,4,'invalid host name'),(15,4,'isn\'t in my control/locals file'),(16,4,'local configuration error'),(17,4,'not a gateway'),(18,4,'server is down or unreachable'),(19,4,'too many connections'),(20,4,'unable to connect'),(21,5,'(my )?e-?mail( address)? has changed'),(22,5,'account (inactive|expired|deactivated)'),(23,5,'account is locked'),(24,5,'changed w+( e-?mail)? address'),(25,5,'deactivated mailbox'),(26,5,'disabled or discontinued'),(27,5,'inactive user'),(28,5,'is inactive on this domain'),(29,5,'mail receiving disabled'),(30,5,'mail( ?)address is administrative?ly disabled'),(31,5,'mailbox (temporarily disabled|currently suspended)'),(32,5,'no longer (accepting mail|on server|in use|with|employed|on staff|works for|using this account)'),(33,5,'not accepting mail'),(34,5,'please use my new e-?mail address'),(35,5,'this address no longer accepts mail'),(36,5,'user account suspended'),(37,6,'(user|recipient( name)?) is not recognized'),(38,6,'554 delivery error'),(39,6,'address does not exist'),(40,6,'address(es)? could not be found'),(41,6,'addressee unknown'),(42,6,'bad destination'),(43,6,'badly formatted address'),(44,6,'can\'t open mailbox for'),(45,6,'cannot deliver'),(46,6,'delivery to the following recipients failed'),(47,6,'destination addresses were unknown'),(48,6,'did not reach the following recipient'),(49,6,'does not exist'),(50,6,'does not like recipient'),(51,6,'does not specify a valid notes mail file'),(52,6,'illegal alias'),(53,6,'invalid (mailbox|(e-?mail )?address|recipient|final delivery)'),(54,6,'invalid( or unknown)?( virtual)? user'),(55,6,'mail delivery to this user is not allowed'),(56,6,'mailbox (not found|unavailable|name not allowed)'),(57,6,'message could not be forwarded'),(58,6,'missing or malformed local(-| )part'),(59,6,'no e-?mail address registered'),(60,6,'no such (mail drop|mailbox( w+)?|(e-?mail )?address|recipient|(local )?user)( here)?'),(61,6,'no mailbox here by that name'),(62,6,'not (listed in|found in directory|known at this site|our customer)'),(63,6,'not a valid( (user|mailbox))?'),(64,6,'not present in directory entry'),(65,6,'recipient (does not exist|(is )?unknown)'),(66,6,'this user doesn\'t have a yahoo.com address'),(67,6,'unavailable to take delivery of the message'),(68,6,'unavailable mailbox'),(69,6,'unknown (local( |-)part|recipient)'),(70,6,'unknown( or illegal)? user( account)?'),(71,6,'unrecognized recipient'),(72,6,'unregistered address'),(73,6,'user (unknown|does not exist)'),(74,6,'user doesn\'t have an? w+ account'),(75,6,'user(\'s e-?mail name is)? not found'),(76,7,'(mail|routing) loop'),(77,7,'excessive recursion'),(78,7,'loop detected'),(79,7,'maximum hop count exceeded'),(80,7,'message was forwarded more than the maximum allowed times'),(81,7,'too many hops'),(82,8,'(disk|over the allowed|exceed(ed|s)?|storage) quota'),(83,8,'522_mailbox_full'),(84,8,'exceeds allowed message count'),(85,8,'file too large'),(86,8,'full mailbox'),(87,8,'mailbox ((for user w+ )?is )?full'),(88,8,'mailbox has exceeded the limit'),(89,8,'mailbox( exceeds allowed)? size'),(90,8,'no space left for this user'),(91,8,'overs?quota'),(92,8,'quota (for the mailbox )?has been exceeded'),(93,8,'quota (usage|violation|exceeded)'),(94,8,'recipient storage full'),(95,8,'not able to receive more mail'),(96,9,'cannot find your hostname'),(97,9,'ip name lookup'),(98,9,'not configured to relay mail'),(99,9,'relay (not permitted|access denied)'),(100,9,'relayed mail to .+? not allowed'),(101,9,'sender ip must resolve'),(102,9,'unable to relay'),(103,10,'(bulk( e-?mail)|content|attachment blocking|virus|mail system) filters?'),(104,10,'(hostile|questionable|unacceptable) content'),(105,10,'address .+? has not been verified'),(106,10,'anti-?spam (policw+|software)'),(107,10,'anti-?virus gateway has detected'),(108,10,'blacklisted'),(109,10,'blocked message'),(110,10,'content control'),(111,10,'delivery not authorized'),(112,10,'does not conform to our e-?mail policy'),(113,10,'excessive spam content'),(114,10,'message looks suspicious'),(115,10,'open relay'),(116,10,'sender was rejected'),(117,10,'spam(check| reduction software| filters?)'),(118,10,'blocked by a user configured filter'),(119,10,'detected as spam'),(120,11,'nonstandard smtp line terminator'),(121,11,'syntax error in from address'),(122,11,'unknown smtp code');
UNLOCK TABLES;
/*!40000 ALTER TABLE `civicrm_mailing_bounce_pattern` ENABLE KEYS */;

--
-- Dumping data for table `civicrm_mailing_bounce_type`
--


/*!40000 ALTER TABLE `civicrm_mailing_bounce_type` DISABLE KEYS */;
LOCK TABLES `civicrm_mailing_bounce_type` WRITE;
INSERT INTO `civicrm_mailing_bounce_type` (`id`, `name`, `description`, `hold_threshold`) VALUES (1,'AOL','AOL Terms of Service complaint',1),(2,'Away','Recipient is on vacation',3),(3,'DNS','Unable to resolve recipient domain',3),(4,'Host','Unable to deliver to destintation mail server',3),(5,'Inactive','User account is no longer active',1),(6,'Invalid','Email address is not valid',1),(7,'Loop','Mail routing error',3),(8,'Quota','User inbox is full',3),(9,'Relay','Unable to reach destination mail server',3),(10,'Spam','Message caught by a content filter',1),(11,'Syntax','Error in SMTP transaction',3);
UNLOCK TABLES;
/*!40000 ALTER TABLE `civicrm_mailing_bounce_type` ENABLE KEYS */;

--
-- Dumping data for table `civicrm_mailing_component`
--


/*!40000 ALTER TABLE `civicrm_mailing_component` DISABLE KEYS */;
LOCK TABLES `civicrm_mailing_component` WRITE;
INSERT INTO `civicrm_mailing_component` (`id`, `domain_id`, `name`, `component_type`, `subject`, `body_html`, `body_text`, `is_default`, `is_active`) VALUES (1,1,'Mailing Header','Header','This is the Header','HTML Body of Header','Text Body of Header',1,1),(2,1,'Mailing Footer','Footer','This is the Footer','HTML Body of Footer','Text Body of Footer',1,1),(3,1,'Subscribe Message','Subscribe','Subscription confirmation request','You have a pending subscription to {subscribe.group}. To confirm this subscription, reply to this email.','You have a pending subscription to {subscribe.group}. To confirm this subscription, reply to this email.',1,1),(4,1,'Welcome Message','Welcome','Welcome','Welcome to {welcome.group}!','Welcome to {welcome.group}!',1,1),(5,1,'Unsubscribe Message','Unsubscribe','Unsubscribe results','You have been unsubscribed from {unsubscribe.group}.','You have been unsubscribed from {unsubscribe.group}.',1,1),(6,1,'Opt-out Message','OptOut','Goodbye','You have been removed from {domain.name}. Goodbye.','You have been removed from {domain.name}. Goodbye.',1,1),(7,1,'Auto-responder','Reply','Automated response','Thank you for your reply.','Thank you for your reply.',1,1);
UNLOCK TABLES;
/*!40000 ALTER TABLE `civicrm_mailing_component` ENABLE KEYS */;

--
-- Dumping data for table `civicrm_mailing_event_bounce`
--


/*!40000 ALTER TABLE `civicrm_mailing_event_bounce` DISABLE KEYS */;
LOCK TABLES `civicrm_mailing_event_bounce` WRITE;
UNLOCK TABLES;
/*!40000 ALTER TABLE `civicrm_mailing_event_bounce` ENABLE KEYS */;

--
-- Dumping data for table `civicrm_mailing_event_confirm`
--


/*!40000 ALTER TABLE `civicrm_mailing_event_confirm` DISABLE KEYS */;
LOCK TABLES `civicrm_mailing_event_confirm` WRITE;
UNLOCK TABLES;
/*!40000 ALTER TABLE `civicrm_mailing_event_confirm` ENABLE KEYS */;

--
-- Dumping data for table `civicrm_mailing_event_delivered`
--


/*!40000 ALTER TABLE `civicrm_mailing_event_delivered` DISABLE KEYS */;
LOCK TABLES `civicrm_mailing_event_delivered` WRITE;
UNLOCK TABLES;
/*!40000 ALTER TABLE `civicrm_mailing_event_delivered` ENABLE KEYS */;

--
-- Dumping data for table `civicrm_mailing_event_forward`
--


/*!40000 ALTER TABLE `civicrm_mailing_event_forward` DISABLE KEYS */;
LOCK TABLES `civicrm_mailing_event_forward` WRITE;
UNLOCK TABLES;
/*!40000 ALTER TABLE `civicrm_mailing_event_forward` ENABLE KEYS */;

--
-- Dumping data for table `civicrm_mailing_event_opened`
--


/*!40000 ALTER TABLE `civicrm_mailing_event_opened` DISABLE KEYS */;
LOCK TABLES `civicrm_mailing_event_opened` WRITE;
UNLOCK TABLES;
/*!40000 ALTER TABLE `civicrm_mailing_event_opened` ENABLE KEYS */;

--
-- Dumping data for table `civicrm_mailing_event_queue`
--


/*!40000 ALTER TABLE `civicrm_mailing_event_queue` DISABLE KEYS */;
LOCK TABLES `civicrm_mailing_event_queue` WRITE;
UNLOCK TABLES;
/*!40000 ALTER TABLE `civicrm_mailing_event_queue` ENABLE KEYS */;

--
-- Dumping data for table `civicrm_mailing_event_reply`
--


/*!40000 ALTER TABLE `civicrm_mailing_event_reply` DISABLE KEYS */;
LOCK TABLES `civicrm_mailing_event_reply` WRITE;
UNLOCK TABLES;
/*!40000 ALTER TABLE `civicrm_mailing_event_reply` ENABLE KEYS */;

--
-- Dumping data for table `civicrm_mailing_event_subscribe`
--


/*!40000 ALTER TABLE `civicrm_mailing_event_subscribe` DISABLE KEYS */;
LOCK TABLES `civicrm_mailing_event_subscribe` WRITE;
UNLOCK TABLES;
/*!40000 ALTER TABLE `civicrm_mailing_event_subscribe` ENABLE KEYS */;

--
-- Dumping data for table `civicrm_mailing_event_trackable_url_open`
--


/*!40000 ALTER TABLE `civicrm_mailing_event_trackable_url_open` DISABLE KEYS */;
LOCK TABLES `civicrm_mailing_event_trackable_url_open` WRITE;
UNLOCK TABLES;
/*!40000 ALTER TABLE `civicrm_mailing_event_trackable_url_open` ENABLE KEYS */;

--
-- Dumping data for table `civicrm_mailing_event_unsubscribe`
--


/*!40000 ALTER TABLE `civicrm_mailing_event_unsubscribe` DISABLE KEYS */;
LOCK TABLES `civicrm_mailing_event_unsubscribe` WRITE;
UNLOCK TABLES;
/*!40000 ALTER TABLE `civicrm_mailing_event_unsubscribe` ENABLE KEYS */;

--
-- Dumping data for table `civicrm_mailing_group`
--


/*!40000 ALTER TABLE `civicrm_mailing_group` DISABLE KEYS */;
LOCK TABLES `civicrm_mailing_group` WRITE;
UNLOCK TABLES;
/*!40000 ALTER TABLE `civicrm_mailing_group` ENABLE KEYS */;

--
-- Dumping data for table `civicrm_mailing_job`
--


/*!40000 ALTER TABLE `civicrm_mailing_job` DISABLE KEYS */;
LOCK TABLES `civicrm_mailing_job` WRITE;
UNLOCK TABLES;
/*!40000 ALTER TABLE `civicrm_mailing_job` ENABLE KEYS */;

--
-- Dumping data for table `civicrm_mailing_trackable_url`
--


/*!40000 ALTER TABLE `civicrm_mailing_trackable_url` DISABLE KEYS */;
LOCK TABLES `civicrm_mailing_trackable_url` WRITE;
UNLOCK TABLES;
/*!40000 ALTER TABLE `civicrm_mailing_trackable_url` ENABLE KEYS */;

--
-- Dumping data for table `civicrm_mapping`
--


/*!40000 ALTER TABLE `civicrm_mapping` DISABLE KEYS */;
LOCK TABLES `civicrm_mapping` WRITE;
UNLOCK TABLES;
/*!40000 ALTER TABLE `civicrm_mapping` ENABLE KEYS */;

--
-- Dumping data for table `civicrm_mapping_field`
--


/*!40000 ALTER TABLE `civicrm_mapping_field` DISABLE KEYS */;
LOCK TABLES `civicrm_mapping_field` WRITE;
UNLOCK TABLES;
/*!40000 ALTER TABLE `civicrm_mapping_field` ENABLE KEYS */;

--
-- Dumping data for table `civicrm_meeting`
--


/*!40000 ALTER TABLE `civicrm_meeting` DISABLE KEYS */;
LOCK TABLES `civicrm_meeting` WRITE;
UNLOCK TABLES;
/*!40000 ALTER TABLE `civicrm_meeting` ENABLE KEYS */;

--
-- Dumping data for table `civicrm_membership`
--


/*!40000 ALTER TABLE `civicrm_membership` DISABLE KEYS */;
LOCK TABLES `civicrm_membership` WRITE;
INSERT INTO `civicrm_membership` (`id`, `contact_id`, `membership_type_id`, `join_date`, `start_date`, `end_date`, `source`, `status_id`, `is_override`, `reminder_date`, `owner_membership_id`, `is_test`) VALUES (1,42,1,'2006-01-21','2006-01-21','2006-12-21','Payment',4,NULL,NULL,NULL,0),(2,101,2,'2005-05-07','2005-05-07','2006-05-07','Donation',4,NULL,NULL,NULL,0),(3,51,1,'2005-05-05','2005-05-05','2006-05-10','Check',4,NULL,NULL,NULL,0),(4,19,1,'2005-10-21','2005-10-21','2006-10-22','Payment',4,NULL,NULL,NULL,0),(5,76,2,'2005-01-10','2005-01-10','2006-07-09','Donation',4,NULL,NULL,NULL,0),(6,80,2,'2005-03-05','2005-03-05','2005-12-04','Check',4,NULL,NULL,NULL,0),(7,86,1,'2006-07-21','2006-07-21','2007-01-20','Payment',4,NULL,NULL,NULL,0),(8,65,2,'2006-03-07','2006-03-07','2006-12-31','Donation',4,NULL,NULL,NULL,0),(9,29,3,'2005-02-05','2005-02-05','2006-02-10','Check',4,NULL,NULL,NULL,0),(10,13,1,'2005-02-01','2005-02-01','2006-02-10','Payment',4,NULL,NULL,NULL,0),(11,26,2,'2006-01-10','2006-01-10','2007-12-09','Donation',2,NULL,NULL,NULL,0),(12,27,3,'2006-03-06','2006-03-06','2007-01-04','Check',4,NULL,NULL,NULL,0),(13,11,1,'2005-06-04','2005-06-04','2006-06-07','Payment',4,NULL,NULL,NULL,0),(14,84,2,'2004-01-10','2004-01-10','2005-02-09','Donation',4,NULL,NULL,NULL,0),(15,47,2,'2005-07-04','2005-07-04','2006-07-04','Check',4,NULL,NULL,NULL,0),(16,25,1,'2006-01-21','2006-01-21','2007-01-20','Payment',4,NULL,NULL,NULL,0),(17,33,2,'2005-01-10','2005-01-10','2007-12-09','Donation',2,NULL,NULL,NULL,0),(18,95,3,'2006-03-05','2006-03-05','2007-11-04','Check',2,NULL,NULL,NULL,0),(19,48,1,'2005-10-21','2005-10-21','2006-01-20','Payment',4,NULL,NULL,NULL,0),(20,98,2,'2006-01-10','2006-01-10','2006-12-09','Donation',4,NULL,NULL,NULL,0),(21,23,2,'2005-03-25','2005-03-25','2006-03-26','Check',4,NULL,NULL,NULL,0),(22,77,1,'2006-10-21','2006-10-21','2006-11-20','Payment',4,NULL,NULL,NULL,0),(23,79,2,'2005-01-10','2005-01-10','2007-12-09','Donation',2,NULL,NULL,NULL,0),(24,88,2,'2005-03-11','2005-03-11','2006-01-04','Check',4,NULL,NULL,NULL,0),(25,5,3,'2005-04-05','2005-04-05','2006-01-04','Check',4,NULL,NULL,NULL,0);
UNLOCK TABLES;
/*!40000 ALTER TABLE `civicrm_membership` ENABLE KEYS */;

--
-- Dumping data for table `civicrm_membership_block`
--


/*!40000 ALTER TABLE `civicrm_membership_block` DISABLE KEYS */;
LOCK TABLES `civicrm_membership_block` WRITE;
INSERT INTO `civicrm_membership_block` (`id`, `entity_table`, `entity_id`, `membership_types`, `membership_type_default`, `display_min_fee`, `is_separate_payment`, `new_title`, `new_text`, `renewal_title`, `renewal_text`, `is_required`, `is_active`) VALUES (1,'civicrm_contribution_page',2,'1,2',1,1,NULL,'Membership Levels and Fees','Please select the appropriate membership level below. You will have a chance to review your selection and the corresponding dues on the next page prior to your credit card being charged.','Renew or Upgrade Your Membership','Information on your current membership level and expiration date is shown below. You may renew or upgrade at any time - but don\'t let your membership lapse!',1,1);
UNLOCK TABLES;
/*!40000 ALTER TABLE `civicrm_membership_block` ENABLE KEYS */;

--
-- Dumping data for table `civicrm_membership_log`
--


/*!40000 ALTER TABLE `civicrm_membership_log` DISABLE KEYS */;
LOCK TABLES `civicrm_membership_log` WRITE;
INSERT INTO `civicrm_membership_log` (`id`, `membership_id`, `status_id`, `start_date`, `end_date`, `modified_id`, `modified_date`, `renewal_reminder_date`) VALUES (1,1,4,'2006-01-21','2006-12-21',42,'2007-06-26',NULL),(2,2,4,'2005-05-07','2006-05-07',101,'2007-06-26',NULL),(3,3,4,'2005-05-05','2006-05-10',51,'2007-06-26',NULL),(4,4,4,'2005-10-21','2006-10-22',19,'2007-06-26',NULL),(5,5,4,'2005-01-10','2006-07-09',76,'2007-06-26',NULL),(6,6,4,'2005-03-05','2005-12-04',80,'2007-06-26',NULL),(7,7,4,'2006-07-21','2007-01-20',86,'2007-06-26',NULL),(8,8,4,'2006-03-07','2006-12-31',65,'2007-06-26',NULL),(9,9,4,'2005-02-05','2006-02-10',29,'2007-06-26',NULL),(10,10,4,'2005-02-01','2006-02-10',13,'2007-06-26',NULL),(11,11,2,'2006-01-10','2007-12-09',26,'2007-06-26',NULL),(12,12,4,'2006-03-06','2007-01-04',27,'2007-06-26',NULL),(13,13,4,'2005-06-04','2006-06-07',11,'2007-06-26',NULL),(14,14,4,'2004-01-10','2005-02-09',84,'2007-06-26',NULL),(15,15,4,'2005-07-04','2006-07-04',47,'2007-06-26',NULL),(16,16,4,'2006-01-21','2007-01-20',25,'2007-06-26',NULL),(17,17,2,'2005-01-10','2007-12-09',33,'2007-06-26',NULL),(18,18,2,'2006-03-05','2007-11-04',95,'2007-06-26',NULL),(19,19,4,'2005-10-21','2006-01-20',48,'2007-06-26',NULL),(20,20,4,'2006-01-10','2006-12-09',98,'2007-06-26',NULL),(21,21,4,'2005-03-25','2006-03-26',23,'2007-06-26',NULL),(22,22,4,'2006-10-21','2006-11-20',77,'2007-06-26',NULL),(23,23,2,'2005-01-10','2007-12-09',79,'2007-06-26',NULL),(24,24,4,'2005-03-11','2006-01-04',88,'2007-06-26',NULL),(25,25,4,'2005-04-05','2006-01-04',5,'2007-06-26',NULL);
UNLOCK TABLES;
/*!40000 ALTER TABLE `civicrm_membership_log` ENABLE KEYS */;

--
-- Dumping data for table `civicrm_membership_payment`
--


/*!40000 ALTER TABLE `civicrm_membership_payment` DISABLE KEYS */;
LOCK TABLES `civicrm_membership_payment` WRITE;
UNLOCK TABLES;
/*!40000 ALTER TABLE `civicrm_membership_payment` ENABLE KEYS */;

--
-- Dumping data for table `civicrm_membership_status`
--


/*!40000 ALTER TABLE `civicrm_membership_status` DISABLE KEYS */;
LOCK TABLES `civicrm_membership_status` WRITE;
INSERT INTO `civicrm_membership_status` (`id`, `domain_id`, `name`, `start_event`, `start_event_adjust_unit`, `start_event_adjust_interval`, `end_event`, `end_event_adjust_unit`, `end_event_adjust_interval`, `is_current_member`, `is_admin`, `weight`, `is_default`, `is_active`) VALUES (1,1,'New','join_date',NULL,NULL,'join_date','month',3,1,0,1,0,1),(2,1,'Current','start_date',NULL,NULL,'end_date',NULL,NULL,1,0,2,1,1),(3,1,'Grace','end_date',NULL,NULL,'end_date','month',1,1,0,3,0,1),(4,1,'Expired','end_date','month',1,NULL,NULL,NULL,0,0,4,0,1);
UNLOCK TABLES;
/*!40000 ALTER TABLE `civicrm_membership_status` ENABLE KEYS */;

--
-- Dumping data for table `civicrm_membership_type`
--


/*!40000 ALTER TABLE `civicrm_membership_type` DISABLE KEYS */;
LOCK TABLES `civicrm_membership_type` WRITE;
INSERT INTO `civicrm_membership_type` (`id`, `domain_id`, `name`, `description`, `member_of_contact_id`, `contribution_type_id`, `minimum_fee`, `duration_unit`, `duration_interval`, `period_type`, `fixed_period_start_day`, `fixed_period_rollover_day`, `relationship_type_id`, `relationship_direction`, `visibility`, `weight`, `renewal_msg_id`, `renewal_reminder_day`, `is_active`) VALUES (1,1,'General','Regular annual membership.',1,2,'100.00','year',2,'rolling',NULL,NULL,7,'b_a','Public',1,NULL,NULL,1),(2,1,'Student','Discount membership for full-time students.',1,1,'50.00','year',1,'rolling',NULL,NULL,NULL,NULL,'Public',2,NULL,NULL,1),(3,1,'Lifetime','Lifetime membership.',1,2,'1200.00','lifetime',1,'rolling',NULL,NULL,7,'b_a','Admin',3,NULL,NULL,1);
UNLOCK TABLES;
/*!40000 ALTER TABLE `civicrm_membership_type` ENABLE KEYS */;

--
-- Dumping data for table `civicrm_msg_template`
--


/*!40000 ALTER TABLE `civicrm_msg_template` DISABLE KEYS */;
LOCK TABLES `civicrm_msg_template` WRITE;
UNLOCK TABLES;
/*!40000 ALTER TABLE `civicrm_msg_template` ENABLE KEYS */;

--
-- Dumping data for table `civicrm_note`
--


/*!40000 ALTER TABLE `civicrm_note` DISABLE KEYS */;
LOCK TABLES `civicrm_note` WRITE;
INSERT INTO `civicrm_note` (`id`, `entity_table`, `entity_id`, `note`, `contact_id`, `modified_date`, `subject`) VALUES (1,'civicrm_contact',73,'Chart out route map for next 10k run',1,'2007-01-28',NULL),(2,'civicrm_contact',95,'Arrange for cricket match with Sunil Gavaskar',1,'2006-09-01',NULL),(3,'civicrm_contact',45,'Arrange collection of funds from members',1,'2006-08-28',NULL),(4,'civicrm_contact',31,'Connect for presentation',1,'2006-11-16',NULL),(5,'civicrm_contact',7,'Send newsletter for April 2005',1,'2007-05-12',NULL),(6,'civicrm_contact',101,'Invite members for the Steve Prefontaine 10k dream run',1,'2006-11-27',NULL),(7,'civicrm_contact',19,'Reminder screening of \"Black\" on next Friday',1,'2006-08-08',NULL),(8,'civicrm_contact',64,'Arrange for cricket match with Sunil Gavaskar',1,'2007-05-25',NULL),(9,'civicrm_contact',40,'Chart out route map for next 10k run',1,'2007-01-02',NULL),(10,'civicrm_contact',70,'Chart out route map for next 10k run',1,'2006-08-04',NULL),(11,'civicrm_contact',41,'Invite members for the Steve Prefontaine 10k dream run',1,'2007-01-31',NULL),(12,'civicrm_contact',5,'Send newsletter for April 2005',1,'2006-08-09',NULL),(13,'civicrm_contact',49,'Arrange collection of funds from members',1,'2006-12-01',NULL),(14,'civicrm_contact',65,'Arrange collection of funds from members',1,'2006-12-14',NULL),(15,'civicrm_contact',28,'Send newsletter for April 2005',1,'2006-07-01',NULL),(16,'civicrm_contact',38,'Arrange collection of funds from members',1,'2006-10-04',NULL),(17,'civicrm_contact',77,'Organize the Terry Fox run',1,'2006-07-09',NULL),(18,'civicrm_contact',87,'Send newsletter for April 2005',1,'2006-12-08',NULL),(19,'civicrm_contact',96,'Organize the Terry Fox run',1,'2006-07-31',NULL),(20,'civicrm_contact',68,'Reminder screening of \"Black\" on next Friday',1,'2006-07-22',NULL),(21,'civicrm_contact',99,'Send reminder for annual dinner',1,'2007-05-04',NULL),(22,'civicrm_contact',80,'Get the registration done for NGO status',1,'2007-04-14',NULL),(23,'civicrm_contact',100,'Organize the Terry Fox run',1,'2007-04-22',NULL),(24,'civicrm_contact',4,'Invite members for the Steve Prefontaine 10k dream run',1,'2007-06-14',NULL),(25,'civicrm_contact',46,'Chart out route map for next 10k run',1,'2006-09-09',NULL),(26,'civicrm_contact',35,'Chart out route map for next 10k run',1,'2007-04-19',NULL),(27,'civicrm_contact',17,'Connect for presentation',1,'2007-05-07',NULL),(28,'civicrm_contact',74,'Chart out route map for next 10k run',1,'2007-04-19',NULL),(29,'civicrm_contact',2,'Send newsletter for April 2005',1,'2007-03-01',NULL),(30,'civicrm_contact',92,'Get the registration done for NGO status',1,'2007-04-10',NULL),(31,'civicrm_contact',86,'Connect for presentation',1,'2007-02-01',NULL),(32,'civicrm_contact',81,'Arrange collection of funds from members',1,'2007-02-10',NULL),(33,'civicrm_contact',8,'Arrange collection of funds from members',1,'2006-08-19',NULL),(34,'civicrm_contact',66,'Send newsletter for April 2005',1,'2006-09-26',NULL),(35,'civicrm_contact',48,'Chart out route map for next 10k run',1,'2007-04-07',NULL),(36,'civicrm_contact',98,'Connect for presentation',1,'2007-06-26',NULL),(37,'civicrm_contact',88,'Arrange collection of funds from members',1,'2007-01-19',NULL),(38,'civicrm_contact',9,'Get the registration done for NGO status',1,'2007-02-01',NULL),(39,'civicrm_contact',6,'Organize the Terry Fox run',1,'2006-07-28',NULL),(40,'civicrm_contact',39,'Contact the Commisioner of Charities',1,'2007-03-27',NULL),(41,'civicrm_contact',18,'Send newsletter for April 2005',1,'2007-05-12',NULL),(42,'civicrm_contact',16,'Send newsletter for April 2005',1,'2007-04-20',NULL),(43,'civicrm_contact',51,'Send newsletter for April 2005',1,'2007-06-25',NULL),(44,'civicrm_contact',11,'Organize the Terry Fox run',1,'2007-06-23',NULL),(45,'civicrm_contact',43,'Contact the Commisioner of Charities',1,'2006-09-01',NULL),(46,'civicrm_contact',13,'Organize the Terry Fox run',1,'2007-02-18',NULL),(47,'civicrm_contact',10,'Organize the Terry Fox run',1,'2007-04-20',NULL),(48,'civicrm_contact',25,'Get the registration done for NGO status',1,'2006-10-29',NULL),(49,'civicrm_contact',42,'Get the registration done for NGO status',1,'2007-04-22',NULL),(50,'civicrm_contact',61,'Contact the Commisioner of Charities',1,'2006-12-05',NULL),(51,'civicrm_contact',27,'Organize the Terry Fox run',1,'2007-02-03',NULL),(52,'civicrm_contact',84,'Arrange collection of funds from members',1,'2006-10-31',NULL),(53,'civicrm_contact',12,'Reminder screening of \"Black\" on next Friday',1,'2006-09-09',NULL),(54,'civicrm_contact',33,'Send newsletter for April 2005',1,'2007-05-19',NULL),(55,'civicrm_contact',56,'Send newsletter for April 2005',1,'2006-07-10',NULL),(56,'civicrm_contact',76,'Get the registration done for NGO status',1,'2006-12-20',NULL),(57,'civicrm_contact',52,'Invite members for the Steve Prefontaine 10k dream run',1,'2006-07-17',NULL),(58,'civicrm_contact',23,'Send reminder for annual dinner',1,'2006-09-11',NULL),(59,'civicrm_contact',47,'Reminder screening of \"Black\" on next Friday',1,'2007-06-07',NULL),(60,'civicrm_contact',71,'Send newsletter for April 2005',1,'2007-01-30',NULL),(61,'civicrm_contact',69,'Chart out route map for next 10k run',1,'2006-06-28',NULL),(62,'civicrm_contact',50,'Send reminder for annual dinner',1,'2006-08-27',NULL),(63,'civicrm_contact',20,'Connect for presentation',1,'2007-05-09',NULL),(64,'civicrm_contact',44,'Connect for presentation',1,'2007-01-24',NULL),(65,'civicrm_contact',26,'Reminder screening of \"Black\" on next Friday',1,'2006-08-28',NULL),(66,'civicrm_contact',32,'Send reminder for annual dinner',1,'2007-04-30',NULL),(67,'civicrm_contact',54,'Arrange collection of funds from members',1,'2007-02-23',NULL),(68,'civicrm_contact',59,'Organize the Terry Fox run',1,'2007-05-08',NULL),(69,'civicrm_contact',58,'Arrange collection of funds from members',1,'2006-09-23',NULL),(70,'civicrm_contact',29,'Invite members for the Steve Prefontaine 10k dream run',1,'2006-10-17',NULL),(71,'civicrm_contact',15,'Contact the Commisioner of Charities',1,'2006-07-21',NULL),(72,'civicrm_contact',79,'Connect for presentation',1,'2007-05-20',NULL),(73,'civicrm_contact',24,'Arrange collection of funds from members',1,'2007-04-08',NULL),(74,'civicrm_contact',93,'Invite members for the Steve Prefontaine 10k dream run',1,'2007-02-02',NULL),(75,'civicrm_contact',34,'Get the registration done for NGO status',1,'2007-03-29',NULL),(76,'civicrm_contact',83,'Contact the Commisioner of Charities',1,'2006-12-01',NULL),(77,'civicrm_contact',62,'Send newsletter for April 2005',1,'2007-02-27',NULL),(78,'civicrm_contact',82,'Chart out route map for next 10k run',1,'2007-06-12',NULL),(79,'civicrm_contact',36,'Chart out route map for next 10k run',1,'2006-08-05',NULL),(80,'civicrm_contact',21,'Connect for presentation',1,'2007-04-22',NULL),(81,'civicrm_contact',78,'Reminder screening of \"Black\" on next Friday',1,'2007-03-24',NULL),(82,'civicrm_contact',37,'Chart out route map for next 10k run',1,'2007-03-31',NULL),(83,'civicrm_contact',55,'Arrange collection of funds from members',1,'2007-03-22',NULL),(84,'civicrm_contact',63,'Get the registration done for NGO status',1,'2006-12-15',NULL),(85,'civicrm_contact',94,'Send newsletter for April 2005',1,'2007-06-25',NULL),(86,'civicrm_contact',75,'Organize the Terry Fox run',1,'2007-06-05',NULL),(87,'civicrm_contact',3,'Send reminder for annual dinner',1,'2006-09-05',NULL),(88,'civicrm_contact',89,'Send newsletter for April 2005',1,'2007-04-19',NULL),(89,'civicrm_contact',97,'Send newsletter for April 2005',1,'2007-05-10',NULL),(90,'civicrm_contact',53,'Invite members for the Steve Prefontaine 10k dream run',1,'2006-12-28',NULL),(91,'civicrm_contact',72,'Invite members for the Steve Prefontaine 10k dream run',1,'2007-03-11',NULL),(92,'civicrm_contact',85,'Send reminder for annual dinner',1,'2007-02-26',NULL),(93,'civicrm_contact',91,'Reminder screening of \"Black\" on next Friday',1,'2006-09-14',NULL),(94,'civicrm_contact',22,'Chart out route map for next 10k run',1,'2007-06-07',NULL),(95,'civicrm_contact',14,'Arrange for cricket match with Sunil Gavaskar',1,'2007-06-04',NULL),(96,'civicrm_contact',57,'Get the registration done for NGO status',1,'2007-02-15',NULL),(97,'civicrm_contact',67,'Send newsletter for April 2005',1,'2007-01-08',NULL);
UNLOCK TABLES;
/*!40000 ALTER TABLE `civicrm_note` ENABLE KEYS */;

--
-- Dumping data for table `civicrm_openid_associations`
--


/*!40000 ALTER TABLE `civicrm_openid_associations` DISABLE KEYS */;
LOCK TABLES `civicrm_openid_associations` WRITE;
UNLOCK TABLES;
/*!40000 ALTER TABLE `civicrm_openid_associations` ENABLE KEYS */;

--
-- Dumping data for table `civicrm_openid_nonces`
--


/*!40000 ALTER TABLE `civicrm_openid_nonces` DISABLE KEYS */;
LOCK TABLES `civicrm_openid_nonces` WRITE;
UNLOCK TABLES;
/*!40000 ALTER TABLE `civicrm_openid_nonces` ENABLE KEYS */;

--
-- Dumping data for table `civicrm_openid_settings`
--


/*!40000 ALTER TABLE `civicrm_openid_settings` DISABLE KEYS */;
LOCK TABLES `civicrm_openid_settings` WRITE;
UNLOCK TABLES;
/*!40000 ALTER TABLE `civicrm_openid_settings` ENABLE KEYS */;

--
-- Dumping data for table `civicrm_option_group`
--


/*!40000 ALTER TABLE `civicrm_option_group` DISABLE KEYS */;
LOCK TABLES `civicrm_option_group` WRITE;
INSERT INTO `civicrm_option_group` (`id`, `domain_id`, `name`, `label`, `description`, `is_reserved`, `is_active`) VALUES (1,1,'preferred_communication_method',NULL,'Preferred Communication Method',0,1),(2,1,'activity_type',NULL,'Activity Type',0,1),(3,1,'gender',NULL,'Gender',0,1),(4,1,'instant_messenger_service',NULL,'Instant Messenger (IM) screen-names',0,1),(5,1,'mobile_provider',NULL,'Mobile Phone Providers',0,1),(6,1,'individual_prefix',NULL,'Individual contact prefixes',0,1),(7,1,'individual_suffix',NULL,'Individual contact suffixes',0,1),(8,1,'acl_role',NULL,'ACL Role',0,1),(9,1,'accept_creditcard',NULL,'Accepted Credit Cards',0,1),(10,1,'payment_instrument',NULL,'Payment Instruments',0,1),(11,1,'contribution_status',NULL,'Contribution Status',0,1),(12,1,'participant_status',NULL,'Participant Status',0,1),(13,1,'participant_role',NULL,'Participant Role',0,1),(14,1,'event_type',NULL,'Event Type',0,1),(15,1,'contact_view_options',NULL,'Contact View Options',0,1),(16,1,'contact_edit_options',NULL,'Contact Edit Options',0,1),(17,1,'advanced_search_options',NULL,'Advanced Search Options',0,1),(18,1,'user_dashboard_options',NULL,'User Dashboard Options',0,1),(19,1,'address_options',NULL,'Addressing Options',0,1),(20,1,'grant_status',NULL,'Grant status',0,1),(21,1,'f1_case_type',NULL,'Case Type',1,1),(22,1,'f1_case_sub_type',NULL,'Case Sub Type',1,1),(23,1,'f1_case_violation',NULL,'Violation Type',1,1),(24,1,'case_activity_type',NULL,'Type',1,1),(25,1,'communication_medium',NULL,'Communication Medium',1,1);
UNLOCK TABLES;
/*!40000 ALTER TABLE `civicrm_option_group` ENABLE KEYS */;

--
-- Dumping data for table `civicrm_option_value`
--


/*!40000 ALTER TABLE `civicrm_option_value` DISABLE KEYS */;
LOCK TABLES `civicrm_option_value` WRITE;
INSERT INTO `civicrm_option_value` (`id`, `option_group_id`, `label`, `value`, `name`, `grouping`, `filter`, `is_default`, `weight`, `description`, `is_optgroup`, `is_reserved`, `is_active`) VALUES (1,1,'Phone',1,NULL,NULL,0,NULL,1,NULL,0,0,1),(2,1,'Email',2,NULL,NULL,0,NULL,2,NULL,0,0,1),(3,1,'Postal Mail',3,NULL,NULL,0,NULL,3,NULL,0,0,1),(4,1,'SMS',4,NULL,NULL,0,NULL,4,NULL,0,0,1),(5,1,'Fax',5,NULL,NULL,0,NULL,5,NULL,0,0,1),(6,2,'Meeting',1,'Meeting',NULL,0,NULL,1,'Schedule a meeting',0,1,1),(7,2,'Phone Call',2,'Phone Call',NULL,0,NULL,2,'Schedule a Phone Call',0,1,1),(8,2,'Email',3,'Email',NULL,0,NULL,3,'Email Sent',0,1,1),(9,2,'SMS',4,'SMS',NULL,0,NULL,4,'SMS',0,1,1),(10,2,'Event',5,'Event',NULL,0,NULL,5,'Event',0,0,1),(11,3,'Female',1,'Female',NULL,0,NULL,1,NULL,0,0,1),(12,3,'Male',2,'Male',NULL,0,NULL,2,NULL,0,0,1),(13,3,'Transgender',3,'Transgender',NULL,0,NULL,3,NULL,0,0,1),(14,4,'Yahoo',1,'Yahoo',NULL,0,NULL,1,NULL,0,0,1),(15,4,'MSN',2,'Msn',NULL,0,NULL,2,NULL,0,0,1),(16,4,'AIM',3,'Aim',NULL,0,NULL,3,NULL,0,0,1),(17,4,'GTalk',4,'Gtalk',NULL,0,NULL,4,NULL,0,0,1),(18,4,'Jabber',5,'Jabber',NULL,0,NULL,5,NULL,0,0,1),(19,4,'Skype',6,'Skype',NULL,0,NULL,6,NULL,0,0,1),(20,5,'Sprint',1,'Sprint',NULL,0,NULL,1,NULL,0,0,1),(21,5,'Verizon',2,'Verizon',NULL,0,NULL,2,NULL,0,0,1),(22,5,'Cingular',3,'Cingular',NULL,0,NULL,3,NULL,0,0,1),(23,6,'Mrs',1,'Mrs',NULL,0,NULL,1,NULL,0,0,1),(24,6,'Ms',2,'Ms',NULL,0,NULL,2,NULL,0,0,1),(25,6,'Mr',3,'Mr',NULL,0,NULL,3,NULL,0,0,1),(26,6,'Dr',4,'Dr',NULL,0,NULL,4,NULL,0,0,1),(27,7,'Jr',1,'Jr',NULL,0,NULL,1,NULL,0,0,1),(28,7,'Sr',2,'Sr',NULL,0,NULL,2,NULL,0,0,1),(29,7,'II',3,'II',NULL,0,NULL,3,NULL,0,0,1),(30,7,'III',4,'III',NULL,0,NULL,4,NULL,0,0,1),(31,7,'IV',5,'IV',NULL,0,NULL,5,NULL,0,0,1),(32,7,'V',6,'V',NULL,0,NULL,6,NULL,0,0,1),(33,7,'VI',7,'VI',NULL,0,NULL,7,NULL,0,0,1),(34,7,'VII',8,'VII',NULL,0,NULL,8,NULL,0,0,1),(35,8,'Administrator',1,'Admin',NULL,0,NULL,1,NULL,0,0,1),(36,8,'Authenticated',2,'Auth',NULL,0,NULL,2,NULL,0,0,1),(37,9,'Visa',1,'Visa',NULL,0,NULL,1,NULL,0,0,1),(38,9,'MasterCard',2,'MasterCard',NULL,0,NULL,2,NULL,0,0,1),(39,9,'Amex',3,'Amex',NULL,0,NULL,3,NULL,0,0,1),(40,9,'Discover',4,'Discover',NULL,0,NULL,4,NULL,0,0,1),(41,10,'Credit Card',1,'Credit Card',NULL,0,NULL,1,NULL,0,0,1),(42,10,'Debit Card',2,'Debit Card',NULL,0,NULL,2,NULL,0,0,1),(43,10,'Cash',3,'Cash',NULL,0,NULL,3,NULL,0,0,1),(44,10,'Check',4,'Check',NULL,0,NULL,4,NULL,0,0,1),(45,10,'EFT',5,'EFT',NULL,0,NULL,5,NULL,0,0,1),(46,11,'Completed',1,'Completed',NULL,0,NULL,1,NULL,0,0,1),(47,11,'Pending',2,'Pending',NULL,0,NULL,2,NULL,0,0,1),(48,11,'Cancelled',3,'Cancelled',NULL,0,NULL,3,NULL,0,0,1),(49,11,'Failed',4,'Failed',NULL,0,NULL,4,NULL,0,0,1),(50,11,'In Progress',5,'In Progress',NULL,0,NULL,5,NULL,0,0,1),(51,12,'Registered',1,'Registered',NULL,0,NULL,1,NULL,0,1,1),(52,12,'Attended',2,'Attended',NULL,0,NULL,2,NULL,0,0,1),(53,12,'No-show',3,'No-show',NULL,0,NULL,3,NULL,0,0,1),(54,12,'Cancelled',4,'Cancelled',NULL,0,NULL,4,NULL,0,1,1),(55,13,'Attendee',1,'Attendee',NULL,0,NULL,1,NULL,0,0,1),(56,13,'Volunteer',2,'Volunteer',NULL,0,NULL,2,NULL,0,0,1),(57,13,'Host',3,'Host',NULL,0,NULL,3,NULL,0,0,1),(58,13,'Speaker',4,'Speaker',NULL,0,NULL,4,NULL,0,0,1),(59,14,'Conference',1,'Conference',NULL,0,NULL,1,NULL,0,0,1),(60,14,'Exhibition',2,'Exhibition',NULL,0,NULL,2,NULL,0,0,1),(61,14,'Fundraiser',3,'Fundraiser',NULL,0,NULL,3,NULL,0,0,1),(62,14,'Meeting',4,'Meeting',NULL,0,NULL,4,NULL,0,0,1),(63,14,'Performance',5,'Performance',NULL,0,NULL,5,NULL,0,0,1),(64,14,'Workshop',6,'Workshop',NULL,0,NULL,6,NULL,0,0,1),(65,15,'Activities',1,NULL,NULL,0,NULL,1,NULL,0,0,1),(66,15,'Relationships',2,NULL,NULL,0,NULL,2,NULL,0,0,1),(67,15,'Groups',3,NULL,NULL,0,NULL,3,NULL,0,0,1),(68,15,'Notes',4,NULL,NULL,0,NULL,4,NULL,0,0,1),(69,15,'Tags',5,NULL,NULL,0,NULL,5,NULL,0,0,1),(70,15,'Change Log',6,NULL,NULL,0,NULL,6,NULL,0,0,1),(71,15,'Contributions',7,NULL,NULL,0,NULL,7,NULL,0,0,1),(72,15,'Memberships',8,NULL,NULL,0,NULL,8,NULL,0,0,1),(73,15,'Events',9,NULL,NULL,0,NULL,9,NULL,0,0,1),(74,15,'Cases',10,NULL,NULL,0,NULL,10,NULL,0,0,1),(75,16,'Communication Preferences',1,NULL,NULL,0,NULL,1,NULL,0,0,1),(76,16,'Demographics',2,NULL,NULL,0,NULL,2,NULL,0,0,1),(77,16,'Tags and Groups',3,NULL,NULL,0,NULL,3,NULL,0,0,1),(78,16,'Notes',4,NULL,NULL,0,NULL,4,NULL,0,0,1),(79,17,'Address Fields',1,NULL,NULL,0,NULL,1,NULL,0,0,1),(80,17,'Custom Fields',2,NULL,NULL,0,NULL,2,NULL,0,0,1),(81,17,'Activity History',3,NULL,NULL,0,NULL,3,NULL,0,0,1),(82,17,'Scheduled Activities',4,NULL,NULL,0,NULL,4,NULL,0,0,1),(83,17,'Relationships',5,NULL,NULL,0,NULL,5,NULL,0,0,1),(84,17,'Notes',6,NULL,NULL,0,NULL,6,NULL,0,0,1),(85,17,'Change Log',7,NULL,NULL,0,NULL,7,NULL,0,0,1),(86,17,'Contributions',8,NULL,NULL,0,NULL,8,NULL,0,0,1),(87,17,'Memberships',9,NULL,NULL,0,NULL,9,NULL,0,0,1),(88,17,'Events',10,NULL,NULL,0,NULL,10,NULL,0,0,1),(89,17,'Cases',11,NULL,NULL,0,NULL,11,NULL,0,0,1),(90,17,'Case Activities',12,NULL,NULL,0,NULL,12,NULL,0,0,1),(91,18,'Groups',1,NULL,NULL,0,NULL,1,NULL,0,0,1),(92,18,'Contributions',2,NULL,NULL,0,NULL,2,NULL,0,0,1),(93,18,'Memberships',3,NULL,NULL,0,NULL,3,NULL,0,0,1),(94,18,'Events',4,NULL,NULL,0,NULL,4,NULL,0,0,1),(95,19,'Street Address',1,NULL,NULL,0,NULL,1,NULL,0,0,1),(96,19,'Addt\'l Address 1',2,NULL,NULL,0,NULL,2,NULL,0,0,1),(97,19,'Addt\'l Address 2',3,NULL,NULL,0,NULL,3,NULL,0,0,1),(98,19,'City',4,NULL,NULL,0,NULL,4,NULL,0,0,1),(99,19,'Zip / Postal Code',5,NULL,NULL,0,NULL,5,NULL,0,0,1),(100,19,'Postal Code Suffix',6,NULL,NULL,0,NULL,6,NULL,0,0,1),(101,19,'County',7,NULL,NULL,0,NULL,7,NULL,0,0,1),(102,19,'State / Province',8,NULL,NULL,0,NULL,8,NULL,0,0,1),(103,19,'Country',9,NULL,NULL,0,NULL,9,NULL,0,0,1),(104,19,'Latitude',10,NULL,NULL,0,NULL,10,NULL,0,0,1),(105,19,'Longitude',11,NULL,NULL,0,NULL,11,NULL,0,0,1),(106,20,'Pending',1,'Pending',NULL,0,1,1,NULL,0,0,1),(107,20,'Granted',2,'Granted',NULL,0,NULL,2,NULL,0,0,1),(108,20,'Rejected',3,'Rejected',NULL,0,NULL,3,NULL,0,0,1),(109,21,'Civil & Political',1,NULL,NULL,0,1,1,NULL,0,1,1),(110,21,'Economic, Social & Cultural',2,NULL,NULL,0,0,2,NULL,0,1,1),(111,21,'Gender Issues',3,NULL,NULL,0,0,3,NULL,0,1,1),(112,22,'Labour Rights',1,NULL,NULL,0,1,1,NULL,0,1,1),(113,22,'Land Rights',2,NULL,NULL,0,0,2,NULL,0,1,1),(114,22,'LGTB Rights',3,NULL,NULL,0,0,3,NULL,0,1,1),(115,22,'State Corruption',4,NULL,NULL,0,0,4,NULL,0,1,1),(116,22,'Working with IDPs',5,NULL,NULL,0,0,5,NULL,0,1,1),(117,23,'Arrested / Detained',1,NULL,NULL,0,1,1,NULL,0,1,1),(118,23,'Disappeared',2,NULL,NULL,0,0,2,NULL,0,1,1),(119,23,'Harassment',3,NULL,NULL,0,0,3,NULL,0,1,1),(120,23,'Killed',4,NULL,NULL,0,0,4,NULL,0,1,1),(121,23,'Legal Action',5,NULL,NULL,0,0,5,NULL,0,1,1),(122,23,'Threats',6,NULL,NULL,0,0,6,NULL,0,1,1),(123,23,'Tortured / Ill-treatment',7,NULL,NULL,0,0,7,NULL,0,1,1),(124,23,'Violence Against Women',8,NULL,NULL,0,0,8,NULL,0,1,1),(125,24,'Source(incoming)',1,NULL,NULL,0,1,1,NULL,0,1,1),(126,24,'Incoming correspondence',2,NULL,NULL,0,0,2,NULL,0,1,1),(127,24,'Incoming Press Release',3,NULL,NULL,0,0,3,NULL,0,1,1),(128,24,'Complaint',4,NULL,NULL,0,0,4,NULL,0,1,1),(129,24,'Urgent Action(incoming)',5,NULL,NULL,0,0,5,NULL,0,1,1),(130,24,'Outgoing correspondence',6,NULL,NULL,0,0,6,NULL,0,1,1),(131,24,'Outgoing Press Release',7,NULL,NULL,0,0,7,NULL,0,1,1),(132,24,'FL Action(outgoing)',8,NULL,NULL,0,0,8,NULL,0,1,1),(133,24,'FL Urgent Action(outgoing)',9,NULL,NULL,0,0,9,NULL,0,1,1),(134,24,'Lobbying(outgoing)',10,NULL,NULL,0,0,10,NULL,0,1,1),(135,25,'E-mail',1,NULL,NULL,0,1,1,NULL,0,1,1),(136,25,'Fax',2,NULL,NULL,0,0,2,NULL,0,1,1),(137,25,'Letter',3,NULL,NULL,0,0,3,NULL,0,1,1),(138,25,'Meeting',4,NULL,NULL,0,0,4,NULL,0,1,1),(139,25,'SMS Message',5,NULL,NULL,0,0,5,NULL,0,1,1),(140,25,'Telephone',6,NULL,NULL,0,0,6,NULL,0,1,1),(141,25,'Video Conference',7,NULL,NULL,0,0,7,NULL,0,1,1);
UNLOCK TABLES;
/*!40000 ALTER TABLE `civicrm_option_value` ENABLE KEYS */;

--
-- Dumping data for table `civicrm_organization`
--


/*!40000 ALTER TABLE `civicrm_organization` DISABLE KEYS */;
LOCK TABLES `civicrm_organization` WRITE;
INSERT INTO `civicrm_organization` (`id`, `contact_id`, `organization_name`, `legal_name`, `sic_code`, `primary_contact_id`) VALUES (1,1,'Inner City Arts',NULL,NULL,NULL),(2,89,'Conservation Corp  ',NULL,NULL,NULL),(3,97,'Conservation Corp  ',NULL,NULL,NULL),(4,53,'Conservation Corp  ',NULL,NULL,NULL),(5,72,'Red Cross  ',NULL,NULL,NULL),(6,85,'Magic Bus  ',NULL,NULL,NULL),(7,91,'Intel  ',NULL,NULL,NULL),(8,22,'Magic Bus  ',NULL,NULL,NULL),(9,14,'Social Source Foundation  ',NULL,NULL,NULL),(10,57,'Intel  ',NULL,NULL,NULL),(11,67,'Compumentor  ',NULL,NULL,NULL);
UNLOCK TABLES;
/*!40000 ALTER TABLE `civicrm_organization` ENABLE KEYS */;

--
-- Dumping data for table `civicrm_participant`
--


/*!40000 ALTER TABLE `civicrm_participant` DISABLE KEYS */;
LOCK TABLES `civicrm_participant` WRITE;
INSERT INTO `civicrm_participant` (`id`, `contact_id`, `event_id`, `status_id`, `role_id`, `register_date`, `source`, `event_level`, `is_test`) VALUES (1,62,1,1,1,'2006-01-21 00:00:00','','Single',0),(2,84,2,2,2,'2005-05-07 00:00:00','','Soprano',0),(3,29,3,3,3,'2005-05-05 00:00:00','','Tiny-tots (ages 5-8)',0),(4,32,1,4,4,'2005-10-21 00:00:00','','Single',0),(5,15,1,1,1,'2005-01-10 00:00:00','','Soprano',0),(6,40,2,2,2,'2005-03-05 00:00:00','','Tiny-tots (ages 5-8)',0),(7,82,3,3,3,'2006-07-21 00:00:00','','Single',0),(8,13,1,4,4,'2006-03-07 00:00:00','','Soprano',0),(9,1,3,1,1,'2005-02-05 00:00:00','','Tiny-tots (ages 5-8)',0),(10,55,1,2,2,'2005-02-01 00:00:00','','Single',0),(11,100,2,3,3,'2006-01-10 00:00:00','','Soprano',0),(12,41,3,4,4,'2006-03-06 00:00:00','','Tiny-tots (ages 5-8)',0),(13,67,1,1,2,'2005-06-04 00:00:00','','Single',0),(14,60,2,2,3,'2004-01-10 00:00:00','','Soprano',0),(15,63,2,4,1,'2005-07-04 00:00:00','','Tiny-tots (ages 5-8)',0),(16,72,1,4,2,'2006-01-21 00:00:00','','Single',0),(17,38,2,2,3,'2005-01-10 00:00:00','','Soprano',0),(18,94,3,3,1,'2006-03-05 00:00:00','','Tiny-tots (ages 5-8)',0),(19,66,1,2,1,'2005-10-21 00:00:00','','Single',0),(20,4,2,4,1,'2006-01-10 00:00:00','','Soprano',0),(21,43,2,1,4,'2005-03-25 00:00:00','','Tiny-tots (ages 5-8)',0),(22,71,1,2,3,'2006-10-21 00:00:00','','Single',0),(23,70,2,4,1,'2005-01-10 00:00:00','','Soprano',0),(24,50,2,3,1,'2005-03-11 00:00:00','','Tiny-tots (ages 5-8)',0),(25,3,3,2,2,'2005-04-05 00:00:00','','Tiny-tots (ages 5-8)',0);
UNLOCK TABLES;
/*!40000 ALTER TABLE `civicrm_participant` ENABLE KEYS */;

--
-- Dumping data for table `civicrm_participant_payment`
--


/*!40000 ALTER TABLE `civicrm_participant_payment` DISABLE KEYS */;
LOCK TABLES `civicrm_participant_payment` WRITE;
UNLOCK TABLES;
/*!40000 ALTER TABLE `civicrm_participant_payment` ENABLE KEYS */;

--
-- Dumping data for table `civicrm_payment_processor`
--


/*!40000 ALTER TABLE `civicrm_payment_processor` DISABLE KEYS */;
LOCK TABLES `civicrm_payment_processor` WRITE;
UNLOCK TABLES;
/*!40000 ALTER TABLE `civicrm_payment_processor` ENABLE KEYS */;

--
-- Dumping data for table `civicrm_payment_processor_type`
--


/*!40000 ALTER TABLE `civicrm_payment_processor_type` DISABLE KEYS */;
LOCK TABLES `civicrm_payment_processor_type` WRITE;
INSERT INTO `civicrm_payment_processor_type` (`id`, `domain_id`, `name`, `title`, `description`, `is_active`, `is_default`, `user_name_label`, `password_label`, `signature_label`, `subject_label`, `class_name`, `url_site_default`, `url_recur_default`, `url_button_default`, `url_site_test_default`, `url_recur_test_default`, `url_button_test_default`, `billing_mode`, `is_recur`) VALUES (1,1,'Dummy','Dummy Payment Processor',NULL,1,1,'User Name',NULL,NULL,NULL,'Payment_Dummy',NULL,NULL,NULL,NULL,NULL,NULL,1,NULL),(2,1,'PayPal_Standard','PayPal - Website Payments Standard',NULL,1,0,'Merchant Account Email',NULL,NULL,NULL,'Payment_PayPalImpl','https://www.paypal.com/','https://www.paypal.com/',NULL,'https://www.sandbox.paypal.com/','https://www.sandbox.paypal.com/',NULL,4,1),(3,1,'PayPal','PayPal - Website Payments Pro',NULL,1,0,'User Name','Password','Signature',NULL,'Payment_PayPalImpl','https://www.paypal.com/',NULL,'https://www.paypal.com/en_US/i/btn/btn_xpressCheckout.gif','https://www.sandbox.paypal.com/',NULL,'https://www.paypal.com/en_US/i/btn/btn_xpressCheckout.gif',3,NULL),(4,1,'PayPal_Express','PayPal - Express',NULL,1,0,'User Name','Password','Signature',NULL,'Payment_PayPalImpl','https://www.paypal.com/',NULL,'https://www.paypal.com/en_US/i/btn/btn_xpressCheckout.gif','https://www.sandbox.paypal.com/',NULL,'https://www.paypal.com/en_US/i/btn/btn_xpressCheckout.gif',3,NULL),(5,1,'Google_Checkout','Google Checkout',NULL,1,0,'Merchant ID','Key',NULL,NULL,'Payment_Google','https://checkout.google.com/',NULL,'http://checkout.google.com/buttons/checkout.gif','https://sandbox.google.com/checkout',NULL,'http://sandbox.google.com/checkout/buttons/checkout.gif',4,NULL),(6,1,'Moneris','Moneris',NULL,1,0,'User Name','Password','Signature',NULL,'Payment_Moneris',NULL,NULL,NULL,NULL,NULL,NULL,1,1),(7,1,'AuthNet_AIM','Authorize.Net - AIM',NULL,1,0,'API Login','Payment Key','MD5 Hash',NULL,'Payment_AuthorizeNet','https://secure.authorize.net/gateway/transact.dll','https://api.authorize.net/xml/v1/request.api',NULL,'https://secure.authorize.net/gateway/transact.dll','https://apitest.authorize.net/xml/v1/request.api',NULL,1,1);
UNLOCK TABLES;
/*!40000 ALTER TABLE `civicrm_payment_processor_type` ENABLE KEYS */;

--
-- Dumping data for table `civicrm_phone`
--


/*!40000 ALTER TABLE `civicrm_phone` DISABLE KEYS */;
LOCK TABLES `civicrm_phone` WRITE;
INSERT INTO `civicrm_phone` (`id`, `location_id`, `is_primary`, `mobile_provider_id`, `phone`, `phone_type`) VALUES (1,1,1,NULL,'25817535','Phone'),(2,1,0,NULL,'13177392','Mobile'),(3,2,1,NULL,'89440203','Phone'),(4,2,0,NULL,'65570473','Mobile'),(5,4,1,NULL,'53627151','Phone'),(6,4,0,NULL,'12802981','Mobile'),(7,5,1,NULL,'34717407','Phone'),(8,5,0,NULL,'56442838','Mobile'),(9,7,1,NULL,'51511191','Phone'),(10,7,0,NULL,'75621646','Mobile'),(11,8,1,NULL,'71412155','Phone'),(12,8,0,NULL,'31146441','Mobile'),(13,10,1,NULL,'96104967','Phone'),(14,10,0,NULL,'88107968','Mobile'),(15,11,1,NULL,'11862766','Phone'),(16,11,0,NULL,'90882321','Mobile'),(17,13,1,NULL,'28739618','Phone'),(18,13,0,NULL,'86471240','Mobile'),(19,14,1,NULL,'82934052','Phone'),(20,14,0,NULL,'56225505','Mobile'),(21,16,1,NULL,'42873524','Phone'),(22,16,0,NULL,'98841406','Mobile'),(23,17,1,NULL,'58710977','Phone'),(24,17,0,NULL,'85387114','Mobile'),(25,19,1,NULL,'71237017','Phone'),(26,19,0,NULL,'80464064','Mobile'),(27,20,1,NULL,'84750277','Phone'),(28,20,0,NULL,'55694544','Mobile'),(29,22,1,NULL,'85334100','Phone'),(30,22,0,NULL,'81204687','Mobile'),(31,23,1,NULL,'45015080','Phone'),(32,23,0,NULL,'52558063','Mobile'),(33,25,1,NULL,'72917765','Phone'),(34,25,0,NULL,'25257315','Mobile'),(35,26,1,NULL,'23292158','Phone'),(36,26,0,NULL,'71736288','Mobile'),(37,28,1,NULL,'14025993','Phone'),(38,28,0,NULL,'77368678','Mobile'),(39,29,1,NULL,'94349535','Phone'),(40,29,0,NULL,'51260926','Mobile'),(41,31,1,NULL,'40925629','Phone'),(42,31,0,NULL,'34972987','Mobile'),(43,32,1,NULL,'28398846','Phone'),(44,32,0,NULL,'96260989','Mobile'),(45,34,1,NULL,'47803932','Phone'),(46,34,0,NULL,'24710843','Mobile'),(47,35,1,NULL,'79705900','Phone'),(48,35,0,NULL,'32029842','Mobile'),(49,37,1,NULL,'32727194','Phone'),(50,37,0,NULL,'48702084','Mobile'),(51,38,1,NULL,'55040927','Phone'),(52,38,0,NULL,'27790467','Mobile'),(53,40,1,NULL,'51682414','Phone'),(54,40,0,NULL,'22508830','Mobile'),(55,41,1,NULL,'44428844','Phone'),(56,41,0,NULL,'62124422','Mobile'),(57,43,1,NULL,'72868096','Phone'),(58,43,0,NULL,'24421477','Mobile'),(59,44,1,NULL,'87796107','Phone'),(60,44,0,NULL,'37109641','Mobile'),(61,46,1,NULL,'85794354','Phone'),(62,46,0,NULL,'65322106','Mobile'),(63,47,1,NULL,'44318732','Phone'),(64,47,0,NULL,'38547720','Mobile'),(65,49,1,NULL,'67381480','Phone'),(66,49,0,NULL,'24231141','Mobile'),(67,50,1,NULL,'33318573','Phone'),(68,50,0,NULL,'64853243','Mobile'),(69,52,1,NULL,'38903297','Phone'),(70,52,0,NULL,'52056570','Mobile'),(71,53,1,NULL,'74947299','Phone'),(72,53,0,NULL,'30077822','Mobile'),(73,55,1,NULL,'47197412','Phone'),(74,55,0,NULL,'25090215','Mobile'),(75,56,1,NULL,'13965322','Phone'),(76,56,0,NULL,'21626571','Mobile'),(77,58,1,NULL,'15141772','Phone'),(78,58,0,NULL,'66595104','Mobile'),(79,59,1,NULL,'76008026','Phone'),(80,59,0,NULL,'92913077','Mobile'),(81,61,1,NULL,'97874549','Phone'),(82,61,0,NULL,'93938860','Mobile'),(83,62,1,NULL,'44792998','Phone'),(84,62,0,NULL,'28577147','Mobile'),(85,64,1,NULL,'52309361','Phone'),(86,64,0,NULL,'23747424','Mobile'),(87,65,1,NULL,'11479502','Phone'),(88,65,0,NULL,'86474222','Mobile'),(89,67,1,NULL,'15583831','Phone'),(90,67,0,NULL,'27195465','Mobile'),(91,68,1,NULL,'49598944','Phone'),(92,68,0,NULL,'76430253','Mobile'),(93,70,1,NULL,'92110299','Phone'),(94,70,0,NULL,'57855548','Mobile'),(95,71,1,NULL,'55528573','Phone'),(96,71,0,NULL,'95654312','Mobile'),(97,73,1,NULL,'46620275','Phone'),(98,73,0,NULL,'56111985','Mobile'),(99,74,1,NULL,'34553013','Phone'),(100,74,0,NULL,'31990702','Mobile'),(101,76,1,NULL,'53360431','Phone'),(102,76,0,NULL,'41510143','Mobile'),(103,77,1,NULL,'85867729','Phone'),(104,77,0,NULL,'55344199','Mobile'),(105,79,1,NULL,'69612084','Phone'),(106,79,0,NULL,'32492694','Mobile'),(107,80,1,NULL,'93010253','Phone'),(108,80,0,NULL,'72425448','Mobile'),(109,82,1,NULL,'75322474','Phone'),(110,82,0,NULL,'25967442','Mobile'),(111,83,1,NULL,'36660271','Phone'),(112,83,0,NULL,'40912748','Mobile'),(113,85,1,NULL,'18424565','Phone'),(114,85,0,NULL,'80090383','Mobile'),(115,86,1,NULL,'97240968','Phone'),(116,86,0,NULL,'76959154','Mobile'),(117,87,1,0,'204 222-1000','Phone'),(118,88,1,0,'204 222-1000','Phone'),(119,89,1,0,'303 323-1000','Phone');
UNLOCK TABLES;
/*!40000 ALTER TABLE `civicrm_phone` ENABLE KEYS */;

--
-- Dumping data for table `civicrm_phonecall`
--


/*!40000 ALTER TABLE `civicrm_phonecall` DISABLE KEYS */;
LOCK TABLES `civicrm_phonecall` WRITE;
UNLOCK TABLES;
/*!40000 ALTER TABLE `civicrm_phonecall` ENABLE KEYS */;

--
-- Dumping data for table `civicrm_preferences`
--


/*!40000 ALTER TABLE `civicrm_preferences` DISABLE KEYS */;
LOCK TABLES `civicrm_preferences` WRITE;
INSERT INTO `civicrm_preferences` (`id`, `domain_id`, `contact_id`, `is_domain`, `location_count`, `contact_view_options`, `contact_edit_options`, `advanced_search_options`, `user_dashboard_options`, `address_options`, `address_format`, `mailing_format`, `individual_name_format`, `address_standardization_provider`, `address_standardization_userid`, `address_standardization_url`) VALUES (1,1,NULL,1,1,'12345678910','1234','123456789101112','1234','123456891011','{street_address}\n{supplemental_address_1}\n{supplemental_address_2}\n{city}{, }{state_province}{ }{postal_code}\n{country}','{street_address}\n{supplemental_address_1}\n{supplemental_address_2}\n{city}{, }{state_province}{ }{postal_code}\n{country}','{individual_prefix}{ } {first_name}{ }{middle_name}{ }{last_name}{ }{individual_suffix}',NULL,NULL,NULL);
UNLOCK TABLES;
/*!40000 ALTER TABLE `civicrm_preferences` ENABLE KEYS */;

--
-- Dumping data for table `civicrm_premiums`
--


/*!40000 ALTER TABLE `civicrm_premiums` DISABLE KEYS */;
LOCK TABLES `civicrm_premiums` WRITE;
INSERT INTO `civicrm_premiums` (`id`, `entity_table`, `entity_id`, `premiums_active`, `premiums_intro_title`, `premiums_intro_text`, `premiums_contact_email`, `premiums_contact_phone`, `premiums_display_min_contribution`) VALUES (1,'civicrm_contribution_page',1,1,'Thank-you Gifts','We appreciate your support and invite you to choose from the exciting collection of thank-you gifts below. Minimum contribution amounts for each selection are included in the descriptions. (NOTE: These gifts are shown as examples only. No gifts will be sent to donors.)','premiums@example.org',NULL,1);
UNLOCK TABLES;
/*!40000 ALTER TABLE `civicrm_premiums` ENABLE KEYS */;

--
-- Dumping data for table `civicrm_premiums_product`
--


/*!40000 ALTER TABLE `civicrm_premiums_product` DISABLE KEYS */;
LOCK TABLES `civicrm_premiums_product` WRITE;
INSERT INTO `civicrm_premiums_product` (`id`, `premiums_id`, `product_id`, `sort_position`) VALUES (1,1,1,1);
UNLOCK TABLES;
/*!40000 ALTER TABLE `civicrm_premiums_product` ENABLE KEYS */;

--
-- Dumping data for table `civicrm_price_field`
--


/*!40000 ALTER TABLE `civicrm_price_field` DISABLE KEYS */;
LOCK TABLES `civicrm_price_field` WRITE;
UNLOCK TABLES;
/*!40000 ALTER TABLE `civicrm_price_field` ENABLE KEYS */;

--
-- Dumping data for table `civicrm_price_set`
--


/*!40000 ALTER TABLE `civicrm_price_set` DISABLE KEYS */;
LOCK TABLES `civicrm_price_set` WRITE;
UNLOCK TABLES;
/*!40000 ALTER TABLE `civicrm_price_set` ENABLE KEYS */;

--
-- Dumping data for table `civicrm_price_set_entity`
--


/*!40000 ALTER TABLE `civicrm_price_set_entity` DISABLE KEYS */;
LOCK TABLES `civicrm_price_set_entity` WRITE;
UNLOCK TABLES;
/*!40000 ALTER TABLE `civicrm_price_set_entity` ENABLE KEYS */;

--
-- Dumping data for table `civicrm_product`
--


/*!40000 ALTER TABLE `civicrm_product` DISABLE KEYS */;
LOCK TABLES `civicrm_product` WRITE;
INSERT INTO `civicrm_product` (`id`, `domain_id`, `name`, `description`, `sku`, `options`, `image`, `thumbnail`, `price`, `min_contribution`, `cost`, `is_active`, `period_type`, `fixed_period_start_day`, `duration_unit`, `duration_interval`, `frequency_unit`, `frequency_interval`) VALUES (1,1,'Coffee Mug','This heavy-duty mug is great for home or office, coffee or tea or hot chocolate. Show your support to family, friends and colleagues. Choose from three great colors.','MUG-101','White, Black, Green',NULL,NULL,'12.50','5.00','2.25',1,NULL,NULL,NULL,NULL,NULL,NULL);
UNLOCK TABLES;
/*!40000 ALTER TABLE `civicrm_product` ENABLE KEYS */;

--
-- Dumping data for table `civicrm_project`
--


/*!40000 ALTER TABLE `civicrm_project` DISABLE KEYS */;
LOCK TABLES `civicrm_project` WRITE;
UNLOCK TABLES;
/*!40000 ALTER TABLE `civicrm_project` ENABLE KEYS */;

--
-- Dumping data for table `civicrm_relationship`
--


/*!40000 ALTER TABLE `civicrm_relationship` DISABLE KEYS */;
LOCK TABLES `civicrm_relationship` WRITE;
INSERT INTO `civicrm_relationship` (`id`, `contact_id_a`, `contact_id_b`, `relationship_type_id`, `start_date`, `end_date`, `is_active`, `description`) VALUES (1,77,28,1,NULL,NULL,1,NULL),(2,87,28,1,NULL,NULL,1,NULL),(3,77,38,1,NULL,NULL,1,NULL),(4,87,38,1,NULL,NULL,1,NULL),(5,38,28,2,NULL,NULL,1,NULL),(6,87,77,3,NULL,NULL,1,NULL),(7,28,24,6,NULL,NULL,1,NULL),(8,38,24,7,NULL,NULL,1,NULL),(9,77,24,7,NULL,NULL,1,NULL),(10,87,24,7,NULL,NULL,1,NULL),(11,99,96,1,NULL,NULL,1,NULL),(12,80,96,1,NULL,NULL,1,NULL),(13,99,68,1,NULL,NULL,1,NULL),(14,80,68,1,NULL,NULL,1,NULL),(15,68,96,2,NULL,NULL,1,NULL),(16,80,99,3,NULL,NULL,1,NULL),(17,96,93,6,NULL,NULL,1,NULL),(18,68,93,7,NULL,NULL,1,NULL),(19,99,93,7,NULL,NULL,1,NULL),(20,80,93,7,NULL,NULL,1,NULL),(21,46,100,1,NULL,NULL,1,NULL),(22,35,100,1,NULL,NULL,1,NULL),(23,46,4,1,NULL,NULL,1,NULL),(24,35,4,1,NULL,NULL,1,NULL),(25,4,100,2,NULL,NULL,1,NULL),(26,35,46,3,NULL,NULL,1,NULL),(27,100,34,6,NULL,NULL,1,NULL),(28,4,34,7,NULL,NULL,1,NULL),(29,46,34,7,NULL,NULL,1,NULL),(30,35,34,7,NULL,NULL,1,NULL),(31,2,17,1,NULL,NULL,1,NULL),(32,92,17,1,NULL,NULL,1,NULL),(33,2,74,1,NULL,NULL,1,NULL),(34,92,74,1,NULL,NULL,1,NULL),(35,74,17,2,NULL,NULL,1,NULL),(36,92,2,3,NULL,NULL,1,NULL),(37,17,83,6,NULL,NULL,1,NULL),(38,74,83,7,NULL,NULL,1,NULL),(39,2,83,7,NULL,NULL,1,NULL),(40,92,83,7,NULL,NULL,1,NULL),(41,30,86,1,NULL,NULL,1,NULL),(42,8,86,1,NULL,NULL,1,NULL),(43,30,81,1,NULL,NULL,1,NULL),(44,8,81,1,NULL,NULL,1,NULL),(45,81,86,2,NULL,NULL,1,NULL),(46,8,30,3,NULL,NULL,1,NULL),(47,86,62,6,NULL,NULL,1,NULL),(48,81,62,7,NULL,NULL,1,NULL),(49,30,62,7,NULL,NULL,1,NULL),(50,8,62,7,NULL,NULL,1,NULL),(51,98,66,1,NULL,NULL,1,NULL),(52,88,66,1,NULL,NULL,1,NULL),(53,98,48,1,NULL,NULL,1,NULL),(54,88,48,1,NULL,NULL,1,NULL),(55,48,66,2,NULL,NULL,1,NULL),(56,88,98,3,NULL,NULL,1,NULL),(57,66,82,6,NULL,NULL,1,NULL),(58,48,82,7,NULL,NULL,1,NULL),(59,98,82,7,NULL,NULL,1,NULL),(60,88,82,7,NULL,NULL,1,NULL),(61,39,9,1,NULL,NULL,1,NULL),(62,18,9,1,NULL,NULL,1,NULL),(63,39,6,1,NULL,NULL,1,NULL),(64,18,6,1,NULL,NULL,1,NULL),(65,6,9,2,NULL,NULL,1,NULL),(66,18,39,3,NULL,NULL,1,NULL),(67,9,36,6,NULL,NULL,1,NULL),(68,6,36,7,NULL,NULL,1,NULL),(69,39,36,7,NULL,NULL,1,NULL),(70,18,36,7,NULL,NULL,1,NULL),(71,11,16,1,NULL,NULL,1,NULL),(72,43,16,1,NULL,NULL,1,NULL),(73,11,51,1,NULL,NULL,1,NULL),(74,43,51,1,NULL,NULL,1,NULL),(75,51,16,2,NULL,NULL,1,NULL),(76,43,11,3,NULL,NULL,1,NULL),(77,16,21,6,NULL,NULL,1,NULL),(78,51,21,7,NULL,NULL,1,NULL),(79,11,21,7,NULL,NULL,1,NULL),(80,43,21,7,NULL,NULL,1,NULL),(81,25,13,1,NULL,NULL,1,NULL),(82,42,13,1,NULL,NULL,1,NULL),(83,25,10,1,NULL,NULL,1,NULL),(84,42,10,1,NULL,NULL,1,NULL),(85,10,13,2,NULL,NULL,1,NULL),(86,42,25,3,NULL,NULL,1,NULL),(87,13,78,6,NULL,NULL,1,NULL),(88,10,78,7,NULL,NULL,1,NULL),(89,25,78,7,NULL,NULL,1,NULL),(90,42,78,7,NULL,NULL,1,NULL),(91,84,61,1,NULL,NULL,1,NULL),(92,12,61,1,NULL,NULL,1,NULL),(93,84,27,1,NULL,NULL,1,NULL),(94,12,27,1,NULL,NULL,1,NULL),(95,27,61,2,NULL,NULL,1,NULL),(96,12,84,3,NULL,NULL,1,NULL),(97,61,37,6,NULL,NULL,1,NULL),(98,27,37,7,NULL,NULL,1,NULL),(99,84,37,7,NULL,NULL,1,NULL),(100,12,37,7,NULL,NULL,1,NULL),(101,76,33,1,NULL,NULL,1,NULL),(102,52,33,1,NULL,NULL,1,NULL),(103,76,56,1,NULL,NULL,1,NULL),(104,52,56,1,NULL,NULL,1,NULL),(105,56,33,2,NULL,NULL,1,NULL),(106,52,76,3,NULL,NULL,1,NULL),(107,33,55,6,NULL,NULL,1,NULL),(108,56,55,7,NULL,NULL,1,NULL),(109,76,55,7,NULL,NULL,1,NULL),(110,52,55,7,NULL,NULL,1,NULL),(111,71,23,1,NULL,NULL,1,NULL),(112,69,23,1,NULL,NULL,1,NULL),(113,71,47,1,NULL,NULL,1,NULL),(114,69,47,1,NULL,NULL,1,NULL),(115,47,23,2,NULL,NULL,1,NULL),(116,69,71,3,NULL,NULL,1,NULL),(117,23,63,6,NULL,NULL,1,NULL),(118,47,63,7,NULL,NULL,1,NULL),(119,71,63,7,NULL,NULL,1,NULL),(120,69,63,7,NULL,NULL,1,NULL),(121,44,50,1,NULL,NULL,1,NULL),(122,60,50,1,NULL,NULL,1,NULL),(123,44,20,1,NULL,NULL,1,NULL),(124,60,20,1,NULL,NULL,1,NULL),(125,20,50,2,NULL,NULL,1,NULL),(126,60,44,3,NULL,NULL,1,NULL),(127,50,94,6,NULL,NULL,1,NULL),(128,20,94,7,NULL,NULL,1,NULL),(129,44,94,7,NULL,NULL,1,NULL),(130,60,94,7,NULL,NULL,1,NULL),(131,54,26,1,NULL,NULL,1,NULL),(132,59,26,1,NULL,NULL,1,NULL),(133,54,32,1,NULL,NULL,1,NULL),(134,59,32,1,NULL,NULL,1,NULL),(135,32,26,2,NULL,NULL,1,NULL),(136,59,54,3,NULL,NULL,1,NULL),(137,26,75,6,NULL,NULL,1,NULL),(138,32,75,7,NULL,NULL,1,NULL),(139,54,75,7,NULL,NULL,1,NULL),(140,59,75,7,NULL,NULL,1,NULL),(141,15,58,1,NULL,NULL,1,NULL),(142,79,58,1,NULL,NULL,1,NULL),(143,15,29,1,NULL,NULL,1,NULL),(144,79,29,1,NULL,NULL,1,NULL),(145,29,58,2,NULL,NULL,1,NULL),(146,79,15,3,NULL,NULL,1,NULL),(147,58,3,6,NULL,NULL,1,NULL),(148,29,3,7,NULL,NULL,1,NULL),(149,15,3,7,NULL,NULL,1,NULL),(150,79,3,7,NULL,NULL,1,NULL);
UNLOCK TABLES;
/*!40000 ALTER TABLE `civicrm_relationship` ENABLE KEYS */;

--
-- Dumping data for table `civicrm_relationship_type`
--


/*!40000 ALTER TABLE `civicrm_relationship_type` DISABLE KEYS */;
LOCK TABLES `civicrm_relationship_type` WRITE;
INSERT INTO `civicrm_relationship_type` (`id`, `domain_id`, `name_a_b`, `name_b_a`, `description`, `contact_type_a`, `contact_type_b`, `is_reserved`, `is_active`) VALUES (1,1,'Child of','Parent of','Parent/child relationship.','Individual','Individual',0,1),(2,1,'Spouse of','Spouse of','Spousal relationship.','Individual','Individual',0,1),(3,1,'Sibling of','Sibling of','Sibling relationship.','Individual','Individual',0,1),(4,1,'Employee of','Employer of','Employment relationship.','Individual','Organization',0,1),(5,1,'Volunteer for','Volunteer is','Volunteer relationship.','Individual','Organization',0,1),(6,1,'Head of Household for','Head of Household is','Head of household.','Individual','Household',0,1),(7,1,'Household Member of','Household Member is','Household membership.','Individual','Household',0,1);
UNLOCK TABLES;
/*!40000 ALTER TABLE `civicrm_relationship_type` ENABLE KEYS */;

--
-- Dumping data for table `civicrm_saved_search`
--


/*!40000 ALTER TABLE `civicrm_saved_search` DISABLE KEYS */;
LOCK TABLES `civicrm_saved_search` WRITE;
UNLOCK TABLES;
/*!40000 ALTER TABLE `civicrm_saved_search` ENABLE KEYS */;

--
-- Dumping data for table `civicrm_sms_history`
--


/*!40000 ALTER TABLE `civicrm_sms_history` DISABLE KEYS */;
LOCK TABLES `civicrm_sms_history` WRITE;
UNLOCK TABLES;
/*!40000 ALTER TABLE `civicrm_sms_history` ENABLE KEYS */;

--
-- Dumping data for table `civicrm_state_province`
--


/*!40000 ALTER TABLE `civicrm_state_province` DISABLE KEYS */;
LOCK TABLES `civicrm_state_province` WRITE;
INSERT INTO `civicrm_state_province` (`id`, `name`, `abbreviation`, `country_id`) VALUES (1000,'Alabama','AL',1228),(1001,'Alaska','AK',1228),(1002,'Arizona','AZ',1228),(1003,'Arkansas','AR',1228),(1004,'California','CA',1228),(1005,'Colorado','CO',1228),(1006,'Connecticut','CT',1228),(1007,'Delaware','DE',1228),(1008,'Florida','FL',1228),(1009,'Georgia','GA',1228),(1010,'Hawaii','HI',1228),(1011,'Idaho','ID',1228),(1012,'Illinois','IL',1228),(1013,'Indiana','IN',1228),(1014,'Iowa','IA',1228),(1015,'Kansas','KS',1228),(1016,'Kentucky','KY',1228),(1017,'Louisiana','LA',1228),(1018,'Maine','ME',1228),(1019,'Maryland','MD',1228),(1020,'Massachusetts','MA',1228),(1021,'Michigan','MI',1228),(1022,'Minnesota','MN',1228),(1023,'Mississippi','MS',1228),(1024,'Missouri','MO',1228),(1025,'Montana','MT',1228),(1026,'Nebraska','NE',1228),(1027,'Nevada','NV',1228),(1028,'New Hampshire','NH',1228),(1029,'New Jersey','NJ',1228),(1030,'New Mexico','NM',1228),(1031,'New York','NY',1228),(1032,'North Carolina','NC',1228),(1033,'North Dakota','ND',1228),(1034,'Ohio','OH',1228),(1035,'Oklahoma','OK',1228),(1036,'Oregon','OR',1228),(1037,'Pennsylvania','PA',1228),(1038,'Rhode Island','RI',1228),(1039,'South Carolina','SC',1228),(1040,'South Dakota','SD',1228),(1041,'Tennessee','TN',1228),(1042,'Texas','TX',1228),(1043,'Utah','UT',1228),(1044,'Vermont','VT',1228),(1045,'Virginia','VA',1228),(1046,'Washington','WA',1228),(1047,'West Virginia','WV',1228),(1048,'Wisconsin','WI',1228),(1049,'Wyoming','WY',1228),(1050,'District of Columbia','DC',1228),(1052,'American Samoa','AS',1228),(1053,'Guam','GU',1228),(1055,'Northern Mariana Islands','MP',1228),(1056,'Puerto Rico','PR',1228),(1057,'Virgin Islands','VI',1228),(1058,'United States Minor Outlying Islands','UM',1228),(1059,'Armed Forces Europe','AE',1228),(1060,'Armed Forces Americas','AA',1228),(1061,'Armed Forces Pacific','AP',1228),(1100,'Alberta','AB',1039),(1101,'British Columbia','BC',1039),(1102,'Manitoba','MB',1039),(1103,'New Brunswick','NB',1039),(1104,'Newfoundland and Labrador','NL',1039),(1105,'Northwest Territories','NT',1039),(1106,'Nova Scotia','NS',1039),(1107,'Nunavut','NU',1039),(1108,'Ontario','ON',1039),(1109,'Prince Edward Island','PE',1039),(1110,'Quebec','QC',1039),(1111,'Saskatchewan','SK',1039),(1112,'Yukon Territory','YT',1039),(1200,'Maharashtra','MM',1101),(1201,'Karnataka','KA',1101),(1202,'Andhra Pradesh','AP',1101),(1203,'Arunachal Pradesh','AR',1101),(1204,'Assam','AS',1101),(1205,'Bihar','BR',1101),(1206,'Chhattisgarh','CH',1101),(1207,'Goa','GA',1101),(1208,'Gujarat','GJ',1101),(1209,'Haryana','HR',1101),(1210,'Himachal Pradesh','HP',1101),(1211,'Jammu and Kashmir','JK',1101),(1212,'Jharkhand','JH',1101),(1213,'Kerala','KL',1101),(1214,'Madhya Pradesh','MP',1101),(1215,'Manipur','MN',1101),(1216,'Meghalaya','ML',1101),(1217,'Mizoram','MZ',1101),(1218,'Nagaland','NL',1101),(1219,'Orissa','OR',1101),(1220,'Punjab','PB',1101),(1221,'Rajasthan','RJ',1101),(1222,'Sikkim','SK',1101),(1223,'Tamil Nadu','TN',1101),(1224,'Tripura','TR',1101),(1225,'Uttaranchal','UL',1101),(1226,'Uttar Pradesh','UP',1101),(1227,'West Bengal','WB',1101),(1228,'Andaman and Nicobar Islands','AN',1101),(1229,'Dadra and Nagar Haveli','DN',1101),(1230,'Daman and Diu','DD',1101),(1231,'Delhi','DL',1101),(1232,'Lakshadweep','LD',1101),(1233,'Pondicherry','PY',1101),(1300,'mazowieckie','MZ',1172),(1301,'pomorskie','PM',1172),(1302,'dolnolskie','DS',1172),(1303,'kujawsko-pomorskie','KP',1172),(1304,'lubelskie','LU',1172),(1305,'lubuskie','LB',1172),(1306,'dzkie','LD',1172),(1307,'maopolskie','MA',1172),(1308,'opolskie','OP',1172),(1309,'podkarpackie','PK',1172),(1310,'podlaskie','PD',1172),(1311,'lskie','SL',1172),(1312,'witokrzyskie','SK',1172),(1313,'warmisko-mazurskie','WN',1172),(1314,'wielkopolskie','WP',1172),(1315,'zachodniopomorskie','ZP',1172),(1500,'Abu Zaby','AZ',1225),(1501,'\'Ajman','AJ',1225),(1502,'Al Fujayrah','FU',1225),(1503,'Ash Shariqah','SH',1225),(1504,'Dubayy','DU',1225),(1505,'Ra\'s al Khaymah','RK',1225),(1506,'Dac Lac','33',1233),(1507,'Umm al Qaywayn','UQ',1225),(1508,'Badakhshan','BDS',1001),(1509,'Badghis','BDG',1001),(1510,'Baghlan','BGL',1001),(1511,'Balkh','BAL',1001),(1512,'Bamian','BAM',1001),(1513,'Farah','FRA',1001),(1514,'Faryab','FYB',1001),(1515,'Ghazni','GHA',1001),(1516,'Ghowr','GHO',1001),(1517,'Helmand','HEL',1001),(1518,'Herat','HER',1001),(1519,'Jowzjan','JOW',1001),(1520,'Kabul','KAB',1001),(1521,'Kandahar','KAN',1001),(1522,'Kapisa','KAP',1001),(1523,'Khowst','KHO',1001),(1524,'Konar','KNR',1001),(1525,'Kondoz','KDZ',1001),(1526,'Laghman','LAG',1001),(1527,'Lowgar','LOW',1001),(1528,'Nangrahar','NAN',1001),(1529,'Nimruz','NIM',1001),(1530,'Nurestan','NUR',1001),(1531,'Oruzgan','ORU',1001),(1532,'Paktia','PIA',1001),(1533,'Paktika','PKA',1001),(1534,'Parwan','PAR',1001),(1535,'Samangan','SAM',1001),(1536,'Sar-e Pol','SAR',1001),(1537,'Takhar','TAK',1001),(1538,'Wardak','WAR',1001),(1539,'Zabol','ZAB',1001),(1540,'Berat','BR',1002),(1541,'Bulqiz','BU',1002),(1542,'Delvin','DL',1002),(1543,'Devoll','DV',1002),(1544,'Dibr','DI',1002),(1545,'Durrss','DR',1002),(1546,'Elbasan','EL',1002),(1547,'Fier','FR',1002),(1548,'Gramsh','GR',1002),(1549,'Gjirokastr','GJ',1002),(1550,'Has','HA',1002),(1551,'Kavaj','KA',1002),(1552,'Kolonj','ER',1002),(1553,'Korc','KO',1002),(1554,'Kruj','KR',1002),(1555,'Kuov','KC',1002),(1556,'Kuks','KU',1002),(1557,'Kurbin','KB',1002),(1558,'Lezh','LE',1002),(1559,'Librazhd','LB',1002),(1560,'Lushnj','LU',1002),(1561,'Malsi e Madhe','MM',1002),(1562,'Mallakastr','MK',1002),(1563,'Mat','MT',1002),(1564,'Mirdit','MR',1002),(1565,'Peqin','PQ',1002),(1566,'Prmet','PR',1002),(1567,'Pogradec','PG',1002),(1568,'Puk','PU',1002),(1569,'Sarand','SR',1002),(1570,'Skrapar','SK',1002),(1571,'Shkodr','SH',1002),(1572,'Tepelen','TE',1002),(1573,'Tiran','TR',1002),(1574,'Tropoj','TP',1002),(1575,'Vlor','VL',1002),(1576,'Erevan','ER',1011),(1577,'Aragacotn','AG',1011),(1578,'Ararat','AR',1011),(1579,'Armavir','AV',1011),(1580,'Gegarkunik\'','GR',1011),(1581,'Kotayk\'','KT',1011),(1582,'Lory','LO',1011),(1583,'Sirak','SH',1011),(1584,'Syunik\'','SU',1011),(1585,'Tavus','TV',1011),(1586,'Vayoc Jor','VD',1011),(1587,'Bengo','BGO',1006),(1588,'Benguela','BGU',1006),(1589,'Bie','BIE',1006),(1590,'Cabinda','CAB',1006),(1591,'Cuando-Cubango','CCU',1006),(1592,'Cuanza Norte','CNO',1006),(1593,'Cuanza Sul','CUS',1006),(1594,'Cunene','CNN',1006),(1595,'Huambo','HUA',1006),(1596,'Huila','HUI',1006),(1597,'Luanda','LUA',1006),(1598,'Lunda Norte','LNO',1006),(1599,'Lunda Sul','LSU',1006),(1600,'Malange','MAL',1006),(1601,'Moxico','MOX',1006),(1602,'Namibe','NAM',1006),(1603,'Uige','UIG',1006),(1604,'Zaire','ZAI',1006),(1605,'Capital federal','C',1010),(1606,'Buenos Aires','B',1010),(1607,'Catamarca','K',1010),(1608,'Cordoba','X',1010),(1609,'Corrientes','W',1010),(1610,'Chaco','H',1010),(1611,'Chubut','U',1010),(1612,'Entre Rios','E',1010),(1613,'Formosa','P',1010),(1614,'Jujuy','Y',1010),(1615,'La Pampa','L',1010),(1616,'Mendoza','M',1010),(1617,'Misiones','N',1010),(1618,'Neuquen','Q',1010),(1619,'Rio Negro','R',1010),(1620,'Salta','A',1010),(1621,'San Juan','J',1010),(1622,'San Luis','D',1010),(1623,'Santa Cruz','Z',1010),(1624,'Santa Fe','S',1010),(1625,'Santiago del Estero','G',1010),(1626,'Tierra del Fuego','V',1010),(1627,'Tucuman','T',1010),(1628,'Burgenland','1',1014),(1629,'Krnten','2',1014),(1630,'Niederosterreich','3',1014),(1631,'Oberosterreich','4',1014),(1632,'Salzburg','5',1014),(1633,'Steiermark','6',1014),(1634,'Tirol','7',1014),(1635,'Vorarlberg','8',1014),(1636,'Wien','9',1014),(1637,'Australian Antarctic Territory','AAT',1013),(1638,'Australian Capital Territory','ACT',1013),(1639,'Northern Territory','NT',1013),(1640,'New South Wales','NSW',1013),(1641,'Queensland','QLD',1013),(1642,'South Australia','SA',1013),(1643,'Tasmania','TAS',1013),(1644,'Victoria','VIC',1013),(1645,'Western Australia','WA',1013),(1646,'Naxcivan','NX',1015),(1647,'Ali Bayramli','AB',1015),(1648,'Baki','BA',1015),(1649,'Ganca','GA',1015),(1650,'Lankaran','LA',1015),(1651,'Mingacevir','MI',1015),(1652,'Naftalan','NA',1015),(1653,'Saki','SA',1015),(1654,'Sumqayit','SM',1015),(1655,'Susa','SS',1015),(1656,'Xankandi','XA',1015),(1657,'Yevlax','YE',1015),(1658,'Abseron','ABS',1015),(1659,'Agcabadi','AGC',1015),(1660,'Agdam','AGM',1015),(1661,'Agdas','AGS',1015),(1662,'Agstafa','AGA',1015),(1663,'Agsu','AGU',1015),(1664,'Astara','AST',1015),(1665,'Babak','BAB',1015),(1666,'Balakan','BAL',1015),(1667,'Barda','BAR',1015),(1668,'Beylagan','BEY',1015),(1669,'Bilasuvar','BIL',1015),(1670,'Cabrayll','CAB',1015),(1671,'Calilabad','CAL',1015),(1672,'Culfa','CUL',1015),(1673,'Daskasan','DAS',1015),(1674,'Davaci','DAV',1015),(1675,'Fuzuli','FUZ',1015),(1676,'Gadabay','GAD',1015),(1677,'Goranboy','GOR',1015),(1678,'Goycay','GOY',1015),(1679,'Haciqabul','HAC',1015),(1680,'Imisli','IMI',1015),(1681,'Ismayilli','ISM',1015),(1682,'Kalbacar','KAL',1015),(1683,'Kurdamir','KUR',1015),(1684,'Lacin','LAC',1015),(1685,'Lerik','LER',1015),(1686,'Masalli','MAS',1015),(1687,'Neftcala','NEF',1015),(1688,'Oguz','OGU',1015),(1689,'Ordubad','ORD',1015),(1690,'Qabala','QAB',1015),(1691,'Qax','QAX',1015),(1692,'Qazax','QAZ',1015),(1693,'Qobustan','QOB',1015),(1694,'Quba','QBA',1015),(1695,'Qubadli','QBI',1015),(1696,'Qusar','QUS',1015),(1697,'Saatli','SAT',1015),(1698,'Sabirabad','SAB',1015),(1699,'Sadarak','SAD',1015),(1700,'Sahbuz','SAH',1015),(1701,'Salyan','SAL',1015),(1702,'Samaxi','SMI',1015),(1703,'Samkir','SKR',1015),(1704,'Samux','SMX',1015),(1705,'Sarur','SAR',1015),(1706,'Siyazan','SIY',1015),(1707,'Tartar','TAR',1015),(1708,'Tovuz','TOV',1015),(1709,'Ucar','UCA',1015),(1710,'Xacmaz','XAC',1015),(1711,'Xanlar','XAN',1015),(1712,'Xizi','XIZ',1015),(1713,'Xocali','XCI',1015),(1714,'Xocavand','XVD',1015),(1715,'Yardimli','YAR',1015),(1716,'Zangilan','ZAN',1015),(1717,'Zaqatala','ZAQ',1015),(1718,'Zardab','ZAR',1015),(1719,'Federacija Bosna i Hercegovina','BIH',1026),(1720,'Republika Srpska','SRP',1026),(1721,'Bagerhat zila','05',1017),(1722,'Bandarban zila','01',1017),(1723,'Barguna zila','02',1017),(1724,'Barisal zila','06',1017),(1725,'Bhola zila','07',1017),(1726,'Bogra zila','03',1017),(1727,'Brahmanbaria zila','04',1017),(1728,'Chandpur zila','09',1017),(1729,'Chittagong zila','10',1017),(1730,'Chuadanga zila','12',1017),(1731,'Comilla zila','08',1017),(1732,'Cox\'s Bazar zila','11',1017),(1733,'Dhaka zila','13',1017),(1734,'Dinajpur zila','14',1017),(1735,'Faridpur zila','15',1017),(1736,'Feni zila','16',1017),(1737,'Gaibandha zila','19',1017),(1738,'Gazipur zila','18',1017),(1739,'Gopalganj zila','17',1017),(1740,'Habiganj zila','20',1017),(1741,'Jaipurhat zila','24',1017),(1742,'Jamalpur zila','21',1017),(1743,'Jessore zila','22',1017),(1744,'Jhalakati zila','25',1017),(1745,'Jhenaidah zila','23',1017),(1746,'Khagrachari zila','29',1017),(1747,'Khulna zila','27',1017),(1748,'Kishorganj zila','26',1017),(1749,'Kurigram zila','28',1017),(1750,'Kushtia zila','30',1017),(1751,'Lakshmipur zila','31',1017),(1752,'Lalmonirhat zila','32',1017),(1753,'Madaripur zila','36',1017),(1754,'Magura zila','37',1017),(1755,'Manikganj zila','33',1017),(1756,'Meherpur zila','39',1017),(1757,'Moulvibazar zila','38',1017),(1758,'Munshiganj zila','35',1017),(1759,'Mymensingh zila','34',1017),(1760,'Naogaon zila','48',1017),(1761,'Narail zila','43',1017),(1762,'Narayanganj zila','40',1017),(1763,'Narsingdi zila','42',1017),(1764,'Natore zila','44',1017),(1765,'Nawabganj zila','45',1017),(1766,'Netrakona zila','41',1017),(1767,'Nilphamari zila','46',1017),(1768,'Noakhali zila','47',1017),(1769,'Pabna zila','49',1017),(1770,'Panchagarh zila','52',1017),(1771,'Patuakhali zila','51',1017),(1772,'Pirojpur zila','50',1017),(1773,'Rajbari zila','53',1017),(1774,'Rajshahi zila','54',1017),(1775,'Rangamati zila','56',1017),(1776,'Rangpur zila','55',1017),(1777,'Satkhira zila','58',1017),(1778,'Shariatpur zila','62',1017),(1779,'Sherpur zila','57',1017),(1780,'Sirajganj zila','59',1017),(1781,'Sunamganj zila','61',1017),(1782,'Sylhet zila','60',1017),(1783,'Tangail zila','63',1017),(1784,'Thakurgaon zila','64',1017),(1785,'Antwerpen','VAN',1020),(1786,'Brabant Wallon','WBR',1020),(1787,'Hainaut','WHT',1020),(1788,'Liege','WLG',1020),(1789,'Limburg','VLI',1020),(1790,'Luxembourg','WLX',1020),(1791,'Namur','WNA',1020),(1792,'Oost-Vlaanderen','VOV',1020),(1793,'Vlaams-Brabant','VBR',1020),(1794,'West-Vlaanderen','VWV',1020),(1795,'Bale','BAL',1034),(1796,'Bam','BAM',1034),(1797,'Banwa','BAN',1034),(1798,'Bazega','BAZ',1034),(1799,'Bougouriba','BGR',1034),(1800,'Boulgou','BLG',1034),(1801,'Boulkiemde','BLK',1034),(1802,'Comoe','COM',1034),(1803,'Ganzourgou','GAN',1034),(1804,'Gnagna','GNA',1034),(1805,'Gourma','GOU',1034),(1806,'Houet','HOU',1034),(1807,'Ioba','IOB',1034),(1808,'Kadiogo','KAD',1034),(1809,'Kenedougou','KEN',1034),(1810,'Komondjari','KMD',1034),(1811,'Kompienga','KMP',1034),(1812,'Kossi','KOS',1034),(1813,'Koulpulogo','KOP',1034),(1814,'Kouritenga','KOT',1034),(1815,'Kourweogo','KOW',1034),(1816,'Leraba','LER',1034),(1817,'Loroum','LOR',1034),(1818,'Mouhoun','MOU',1034),(1819,'Nahouri','NAO',1034),(1820,'Namentenga','NAM',1034),(1821,'Nayala','NAY',1034),(1822,'Noumbiel','NOU',1034),(1823,'Oubritenga','OUB',1034),(1824,'Oudalan','OUD',1034),(1825,'Passore','PAS',1034),(1826,'Poni','PON',1034),(1827,'Sanguie','SNG',1034),(1828,'Sanmatenga','SMT',1034),(1829,'Seno','SEN',1034),(1830,'Siasili','SIS',1034),(1831,'Soum','SOM',1034),(1832,'Sourou','SOR',1034),(1833,'Tapoa','TAP',1034),(1834,'Tui','TUI',1034),(1835,'Yagha','YAG',1034),(1836,'Yatenga','YAT',1034),(1837,'Ziro','ZIR',1034),(1838,'Zondoma','ZON',1034),(1839,'Zoundweogo','ZOU',1034),(1840,'Blagoevgrad','01',1033),(1841,'Burgas','02',1033),(1842,'Dobric','08',1033),(1843,'Gabrovo','07',1033),(1844,'Haskovo','26',1033),(1845,'Jambol','28',1033),(1846,'Kardzali','09',1033),(1847,'Kjstendil','10',1033),(1848,'Lovec','11',1033),(1849,'Montana','12',1033),(1850,'Pazardzik','13',1033),(1851,'Pernik','14',1033),(1852,'Pleven','15',1033),(1853,'Plovdiv','16',1033),(1854,'Razgrad','17',1033),(1855,'Ruse','18',1033),(1856,'Silistra','19',1033),(1857,'Sliven','20',1033),(1858,'Smoljan','21',1033),(1859,'Sofija','23',1033),(1860,'Stara Zagora','24',1033),(1861,'Sumen','27',1033),(1862,'Targoviste','25',1033),(1863,'Varna','03',1033),(1864,'Veliko Tarnovo','04',1033),(1865,'Vidin','05',1033),(1866,'Vraca','06',1033),(1867,'Al Hadd','01',1016),(1868,'Al Manamah','03',1016),(1869,'Al Mintaqah al Gharbiyah','10',1016),(1870,'Al Mintagah al Wusta','07',1016),(1871,'Al Mintaqah ash Shamaliyah','05',1016),(1872,'Al Muharraq','02',1016),(1873,'Ar Rifa','09',1016),(1874,'Jidd Hafs','04',1016),(1875,'Madluat Jamad','12',1016),(1876,'Madluat Isa','08',1016),(1877,'Mintaqat Juzur tawar','11',1016),(1878,'Sitrah','06',1016),(1879,'Bubanza','BB',1036),(1880,'Bujumbura','BJ',1036),(1881,'Bururi','BR',1036),(1882,'Cankuzo','CA',1036),(1883,'Cibitoke','CI',1036),(1884,'Gitega','GI',1036),(1885,'Karuzi','KR',1036),(1886,'Kayanza','KY',1036),(1887,'Makamba','MA',1036),(1888,'Muramvya','MU',1036),(1889,'Mwaro','MW',1036),(1890,'Ngozi','NG',1036),(1891,'Rutana','RT',1036),(1892,'Ruyigi','RY',1036),(1893,'Alibori','AL',1022),(1894,'Atakora','AK',1022),(1895,'Atlantique','AQ',1022),(1896,'Borgou','BO',1022),(1897,'Collines','CO',1022),(1898,'Donga','DO',1022),(1899,'Kouffo','KO',1022),(1900,'Littoral','LI',1022),(1901,'Mono','MO',1022),(1902,'Oueme','OU',1022),(1903,'Plateau','PL',1022),(1904,'Zou','ZO',1022),(1905,'Belait','BE',1032),(1906,'Brunei-Muara','BM',1032),(1907,'Temburong','TE',1032),(1908,'Tutong','TU',1032),(1909,'Cochabamba','C',1025),(1910,'Chuquisaca','H',1025),(1911,'El Beni','B',1025),(1912,'La Paz','L',1025),(1913,'Oruro','O',1025),(1914,'Pando','N',1025),(1915,'Potosi','P',1025),(1916,'Tarija','T',1025),(1917,'Acre','AC',1029),(1918,'Alagoas','AL',1029),(1919,'Amazonas','AM',1029),(1920,'Amapa','AP',1029),(1921,'Baia','BA',1029),(1922,'Ceara','CE',1029),(1923,'Distrito Federal','DF',1029),(1924,'Espirito Santo','ES',1029),(1925,'Fernando de Noronha','FN',1029),(1926,'Goias','GO',1029),(1927,'Maranhao','MA',1029),(1928,'Minas Gerais','MG',1029),(1929,'Mato Grosso do Sul','MS',1029),(1930,'Mato Grosso','MT',1029),(1931,'Para','PA',1029),(1932,'Paraiba','PB',1029),(1933,'Pernambuco','PE',1029),(1934,'Piaui','PI',1029),(1935,'Parana','PR',1029),(1936,'Rio de Janeiro','RJ',1029),(1937,'Rio Grande do Norte','RN',1029),(1938,'Rondonia','RO',1029),(1939,'Roraima','RR',1029),(1940,'Rio Grande do Sul','RS',1029),(1941,'Santa Catarina','SC',1029),(1942,'Sergipe','SE',1029),(1943,'Sao Paulo','SP',1029),(1944,'Tocatins','TO',1029),(1945,'Acklins and Crooked Islands','AC',1212),(1946,'Bimini','BI',1212),(1947,'Cat Island','CI',1212),(1948,'Exuma','EX',1212),(1949,'Freeport','FP',1212),(1950,'Fresh Creek','FC',1212),(1951,'Governor\'s Harbour','GH',1212),(1952,'Green Turtle Cay','GT',1212),(1953,'Harbour Island','HI',1212),(1954,'High Rock','HR',1212),(1955,'Inagua','IN',1212),(1956,'Kemps Bay','KB',1212),(1957,'Long Island','LI',1212),(1958,'Marsh Harbour','MH',1212),(1959,'Mayaguana','MG',1212),(1960,'New Providence','NP',1212),(1961,'Nicholls Town and Berry Islands','NB',1212),(1962,'Ragged Island','RI',1212),(1963,'Rock Sound','RS',1212),(1964,'Sandy Point','SP',1212),(1965,'San Salvador and Rum Cay','SR',1212),(1966,'Bumthang','33',1024),(1967,'Chhukha','12',1024),(1968,'Dagana','22',1024),(1969,'Gasa','GA',1024),(1970,'Ha','13',1024),(1971,'Lhuentse','44',1024),(1972,'Monggar','42',1024),(1973,'Paro','11',1024),(1974,'Pemagatshel','43',1024),(1975,'Punakha','23',1024),(1976,'Samdrup Jongkha','45',1024),(1977,'Samtee','14',1024),(1978,'Sarpang','31',1024),(1979,'Thimphu','15',1024),(1980,'Trashigang','41',1024),(1981,'Trashi Yangtse','TY',1024),(1982,'Trongsa','32',1024),(1983,'Tsirang','21',1024),(1984,'Wangdue Phodrang','24',1024),(1985,'Zhemgang','34',1024),(1986,'Central','CE',1027),(1987,'Ghanzi','GH',1027),(1988,'Kgalagadi','KG',1027),(1989,'Kgatleng','KL',1027),(1990,'Kweneng','KW',1027),(1991,'Ngamiland','NG',1027),(1992,'North-East','NE',1027),(1993,'North-West','NW',1027),(1994,'South-East','SE',1027),(1995,'Southern','SO',1027),(1996,'Brsckaja voblasc\'','BR',1019),(1997,'Homel\'skaja voblasc\'','HO',1019),(1998,'Hrodzenskaja voblasc\'','HR',1019),(1999,'Mahiluskaja voblasc\'','MA',1019),(2000,'Minskaja voblasc\'','MI',1019),(2001,'Vicebskaja voblasc\'','VI',1019),(2002,'Belize','BZ',1021),(2003,'Cayo','CY',1021),(2004,'Corozal','CZL',1021),(2005,'Orange Walk','OW',1021),(2006,'Stann Creek','SC',1021),(2007,'Toledo','TOL',1021),(2008,'Kinshasa','KN',1050),(2009,'Bandundu','BN',1050),(2010,'Bas-Congo','BC',1050),(2011,'Equateur','EQ',1050),(2012,'Haut-Congo','HC',1050),(2013,'Kasai-Occidental','KW',1050),(2014,'Kasai-Oriental','KE',1050),(2015,'Katanga','KA',1050),(2016,'Maniema','MA',1050),(2017,'Nord-Kivu','NK',1050),(2018,'Orientale','OR',1050),(2019,'Sud-Kivu','SK',1050),(2020,'Bangui','BGF',1042),(2021,'Bamingui-Bangoran','BB',1042),(2022,'Basse-Kotto','BK',1042),(2023,'Haute-Kotto','HK',1042),(2024,'Haut-Mbomou','HM',1042),(2025,'Kemo','KG',1042),(2026,'Lobaye','LB',1042),(2027,'Mambere-Kadei','HS',1042),(2028,'Mbomou','MB',1042),(2029,'Nana-Grebizi','KB',1042),(2030,'Nana-Mambere','NM',1042),(2031,'Ombella-Mpoko','MP',1042),(2032,'Ouaka','UK',1042),(2033,'Ouham','AC',1042),(2034,'Ouham-Pende','OP',1042),(2035,'Sangha-Mbaere','SE',1042),(2036,'Vakaga','VR',1042),(2037,'Brazzaville','BZV',1051),(2038,'Bouenza','11',1051),(2039,'Cuvette','8',1051),(2040,'Cuvette-Ouest','15',1051),(2041,'Kouilou','5',1051),(2042,'Lekoumou','2',1051),(2043,'Likouala','7',1051),(2044,'Niari','9',1051),(2045,'Plateaux','14',1051),(2046,'Pool','12',1051),(2047,'Sangha','13',1051),(2048,'Aargau','AG',1205),(2049,'Appenzell Innerrhoden','AI',1205),(2050,'Appenzell Ausserrhoden','AR',1205),(2051,'Bern','BE',1205),(2052,'Basel-Landschaft','BL',1205),(2053,'Basel-Stadt','BS',1205),(2054,'Fribourg','FR',1205),(2055,'Geneva','GE',1205),(2056,'Glarus','GL',1205),(2057,'Graubunden','GR',1205),(2058,'Jura','JU',1205),(2059,'Luzern','LU',1205),(2060,'Neuchatel','NE',1205),(2061,'Nidwalden','NW',1205),(2062,'Obwalden','OW',1205),(2063,'Sankt Gallen','SG',1205),(2064,'Schaffhausen','SH',1205),(2065,'Solothurn','SO',1205),(2066,'Schwyz','SZ',1205),(2067,'Thurgau','TG',1205),(2068,'Ticino','TI',1205),(2069,'Uri','UR',1205),(2070,'Vaud','VD',1205),(2071,'Valais','VS',1205),(2072,'Zug','ZG',1205),(2073,'Zurich','ZH',1205),(2074,'18 Montagnes','06',1054),(2075,'Agnebi','16',1054),(2076,'Bas-Sassandra','09',1054),(2077,'Denguele','10',1054),(2078,'Haut-Sassandra','02',1054),(2079,'Lacs','07',1054),(2080,'Lagunes','01',1054),(2081,'Marahoue','12',1054),(2082,'Moyen-Comoe','05',1054),(2083,'Nzi-Comoe','11',1054),(2084,'Savanes','03',1054),(2085,'Sud-Bandama','15',1054),(2086,'Sud-Comoe','13',1054),(2087,'Vallee du Bandama','04',1054),(2088,'Worodouqou','14',1054),(2089,'Zanzan','08',1054),(2090,'Aisen del General Carlos Ibanez del Campo','AI',1044),(2091,'Antofagasta','AN',1044),(2092,'Araucania','AR',1044),(2093,'Atacama','AT',1044),(2094,'Bio-Bio','BI',1044),(2095,'Coquimbo','CO',1044),(2096,'Libertador General Bernardo O\'Higgins','LI',1044),(2097,'Los Lagos','LL',1044),(2098,'Magallanes','MA',1044),(2099,'Maule','ML',1044),(2100,'Region Metropolitana de Santiago','RM',1044),(2101,'Tarapaca','TA',1044),(2102,'Valparaiso','VS',1044),(2103,'Adamaoua','AD',1038),(2104,'Centre','CE',1038),(2105,'East','ES',1038),(2106,'Far North','EN',1038),(2107,'North','NO',1038),(2108,'South','SW',1038),(2109,'South-West','SW',1038),(2110,'West','OU',1038),(2111,'Beijing','11',1045),(2112,'Chongqing','50',1045),(2113,'Shanghai','31',1045),(2114,'Tianjin','12',1045),(2115,'Anhui','34',1045),(2116,'Fujian','35',1045),(2117,'Gansu','62',1045),(2118,'Guangdong','44',1045),(2119,'Gulzhou','52',1045),(2120,'Hainan','46',1045),(2121,'Hebei','13',1045),(2122,'Heilongjiang','23',1045),(2123,'Henan','41',1045),(2124,'Hubei','42',1045),(2125,'Hunan','43',1045),(2126,'Jiangsu','32',1045),(2127,'Jiangxi','36',1045),(2128,'Jilin','22',1045),(2129,'Liaoning','21',1045),(2130,'Qinghai','63',1045),(2131,'Shaanxi','61',1045),(2132,'Shandong','37',1045),(2133,'Shanxi','14',1045),(2134,'Sichuan','51',1045),(2135,'Taiwan','71',1045),(2136,'Yunnan','53',1045),(2137,'Zhejiang','33',1045),(2138,'Guangxi','45',1045),(2139,'Neia Mongol (mn)','15',1045),(2140,'Xinjiang','65',1045),(2141,'Xizang','54',1045),(2142,'Hong Kong','91',1045),(2143,'Macau','92',1045),(2144,'Distrito Capital de Bogot','DC',1048),(2145,'Amazonea','AMA',1048),(2146,'Antioquia','ANT',1048),(2147,'Arauca','ARA',1048),(2148,'Atlntico','ATL',1048),(2149,'Bolvar','BOL',1048),(2150,'Boyac','BOY',1048),(2151,'Caldea','CAL',1048),(2152,'Caquet','CAQ',1048),(2153,'Casanare','CAS',1048),(2154,'Cauca','CAU',1048),(2155,'Cesar','CES',1048),(2156,'Crdoba','COR',1048),(2157,'Cundinamarca','CUN',1048),(2158,'Choc','CHO',1048),(2159,'Guaina','GUA',1048),(2160,'Guaviare','GUV',1048),(2161,'La Guajira','LAG',1048),(2162,'Magdalena','MAG',1048),(2163,'Meta','MET',1048),(2164,'Nario','NAR',1048),(2165,'Norte de Santander','NSA',1048),(2166,'Putumayo','PUT',1048),(2167,'Quindio','QUI',1048),(2168,'Risaralda','RIS',1048),(2169,'San Andrs, Providencia y Santa Catalina','SAP',1048),(2170,'Santander','SAN',1048),(2171,'Sucre','SUC',1048),(2172,'Tolima','TOL',1048),(2173,'Valle del Cauca','VAC',1048),(2174,'Vaups','VAU',1048),(2175,'Vichada','VID',1048),(2176,'Alajuela','A',1053),(2177,'Cartago','C',1053),(2178,'Guanacaste','G',1053),(2179,'Heredia','H',1053),(2180,'Limon','L',1053),(2181,'Puntarenas','P',1053),(2182,'San Jose','SJ',1053),(2183,'Camagey','09',1056),(2184,'Ciego de `vila','08',1056),(2185,'Cienfuegos','06',1056),(2186,'Ciudad de La Habana','03',1056),(2187,'Granma','12',1056),(2188,'Guantanamo','14',1056),(2189,'Holquin','11',1056),(2190,'La Habana','02',1056),(2191,'Las Tunas','10',1056),(2192,'Matanzas','04',1056),(2193,'Pinar del Rio','01',1056),(2194,'Sancti Spiritus','07',1056),(2195,'Santiago de Cuba','13',1056),(2196,'Villa Clara','05',1056),(2197,'Isla de la Juventud','99',1056),(2198,'Pinar del Roo','PR',1056),(2199,'Ciego de Avila','CA',1056),(2200,'Camagoey','CG',1056),(2201,'Holgun','HO',1056),(2202,'Sancti Spritus','SS',1056),(2203,'Municipio Especial Isla de la Juventud','IJ',1056),(2204,'Boa Vista','BV',1040),(2205,'Brava','BR',1040),(2206,'Calheta de Sao Miguel','CS',1040),(2207,'Fogo','FO',1040),(2208,'Maio','MA',1040),(2209,'Mosteiros','MO',1040),(2210,'Paul','PA',1040),(2211,'Porto Novo','PN',1040),(2212,'Praia','PR',1040),(2213,'Ribeira Grande','RG',1040),(2214,'Sal','SL',1040),(2215,'Sao Domingos','SD',1040),(2216,'Sao Filipe','SF',1040),(2217,'Sao Nicolau','SN',1040),(2218,'Sao Vicente','SV',1040),(2219,'Tarrafal','TA',1040),(2220,'Ammochostos Magusa','04',1057),(2221,'Keryneia','06',1057),(2222,'Larnaka','03',1057),(2223,'Lefkosia','01',1057),(2224,'Lemesos','02',1057),(2225,'Pafos','05',1057),(2226,'Jihoesk kraj','JC',1058),(2227,'Jihomoravsk kraj','JM',1058),(2228,'Karlovarsk kraj','KA',1058),(2229,'Krlovhradeck kraj','KR',1058),(2230,'Libereck kraj','LI',1058),(2231,'Moravskoslezsk kraj','MO',1058),(2232,'Olomouck kraj','OL',1058),(2233,'Pardubick kraj','PA',1058),(2234,'Plzesk kraj','PL',1058),(2235,'Praha, hlavn msto','PR',1058),(2236,'Stedoesk kraj','ST',1058),(2237,'steck kraj','US',1058),(2238,'Vysoina','VY',1058),(2239,'Zlnsk kraj','ZL',1058),(2240,'Baden-Wuerttemberg','BW',1082),(2241,'Bayern','BY',1082),(2242,'Bremen','HB',1082),(2243,'Hamburg','HH',1082),(2244,'Hessen','HE',1082),(2245,'Niedersachsen','NI',1082),(2246,'Nordrhein-Westfalen','NW',1082),(2247,'Rheinland-Pfalz','RP',1082),(2248,'Saarland','SL',1082),(2249,'Schleswig-Holstein','SH',1082),(2250,'Berlin','BR',1082),(2251,'Brandenburg','BB',1082),(2252,'Mecklenburg-Vorpommern','MV',1082),(2253,'Sachsen','SN',1082),(2254,'Sachsen-Anhalt','ST',1082),(2255,'Thueringen','TH',1082),(2256,'Ali Sabiah','AS',1060),(2257,'Dikhil','DI',1060),(2258,'Djibouti','DJ',1060),(2259,'Obock','OB',1060),(2260,'Tadjoura','TA',1060),(2261,'Frederikaberg municipality','147',1059),(2262,'Copenhagen municipality','101',1059),(2263,'Copenhagen','015',1059),(2264,'Frederiksborg','020',1059),(2265,'Roskilde','025',1059),(2266,'Western Zealand','030',1059),(2267,'Storstrm','035',1059),(2268,'Bornholm','040',1059),(2269,'Funen','042',1059),(2270,'Southern Jutland','050',1059),(2271,'Ribe','055',1059),(2272,'Vejle','060',1059),(2273,'Ringkbing','065',1059),(2274,'Aarhus','070',1059),(2275,'Viborg','076',1059),(2276,'Northern Jutland','080',1059),(2277,'Distrito Nacional (Santo Domingo)','01',1062),(2278,'Azua','02',1062),(2279,'Bahoruco','03',1062),(2280,'Barahona','04',1062),(2281,'Dajabn','05',1062),(2282,'Duarte','06',1062),(2283,'El Seybo [El Seibo]','08',1062),(2284,'Espaillat','09',1062),(2285,'Hato Mayor','30',1062),(2286,'Independencia','10',1062),(2287,'La Altagracia','11',1062),(2288,'La Estrelleta [Elias Pina]','07',1062),(2289,'La Romana','12',1062),(2290,'La Vega','13',1062),(2291,'Maroia Trinidad Snchez','14',1062),(2292,'Monseor Nouel','28',1062),(2293,'Monte Cristi','15',1062),(2294,'Monte Plata','29',1062),(2295,'Pedernales','16',1062),(2296,'Peravia','17',1062),(2297,'Puerto Plata','18',1062),(2298,'Salcedo','19',1062),(2299,'Saman','20',1062),(2300,'San Cristbal','21',1062),(2301,'San Pedro de Macors','23',1062),(2302,'Snchez Ramrez','24',1062),(2303,'Santiago','25',1062),(2304,'Santiago Rodrguez','26',1062),(2305,'Valverde','27',1062),(2306,'Adrar','01',1003),(2307,'Ain Defla','44',1003),(2308,'Ain Tmouchent','46',1003),(2309,'Alger','16',1003),(2310,'Annaba','23',1003),(2311,'Batna','05',1003),(2312,'Bechar','08',1003),(2313,'Bejaia','06',1003),(2314,'Biskra','07',1003),(2315,'Blida','09',1003),(2316,'Bordj Bou Arreridj','34',1003),(2317,'Bouira','10',1003),(2318,'Boumerdes','35',1003),(2319,'Chlef','02',1003),(2320,'Constantine','25',1003),(2321,'Djelfa','17',1003),(2322,'El Bayadh','32',1003),(2323,'El Oued','39',1003),(2324,'El Tarf','36',1003),(2325,'Ghardaia','47',1003),(2326,'Guelma','24',1003),(2327,'Illizi','33',1003),(2328,'Jijel','18',1003),(2329,'Khenchela','40',1003),(2330,'Laghouat','03',1003),(2331,'Mascara','29',1003),(2332,'Medea','26',1003),(2333,'Mila','43',1003),(2334,'Mostaganem','27',1003),(2335,'Msila','28',1003),(2336,'Naama','45',1003),(2337,'Oran','31',1003),(2338,'Ouargla','30',1003),(2339,'Oum el Bouaghi','04',1003),(2340,'Relizane','48',1003),(2341,'Saida','20',1003),(2342,'Setif','19',1003),(2343,'Sidi Bel Abbes','22',1003),(2344,'Skikda','21',1003),(2345,'Souk Ahras','41',1003),(2346,'Tamanghasset','11',1003),(2347,'Tebessa','12',1003),(2348,'Tiaret','14',1003),(2349,'Tindouf','37',1003),(2350,'Tipaza','42',1003),(2351,'Tissemsilt','38',1003),(2352,'Tizi Ouzou','15',1003),(2353,'Tlemcen','13',1003),(2354,'Azuay','A',1064),(2355,'Bolivar','B',1064),(2356,'Canar','F',1064),(2357,'Carchi','C',1064),(2358,'Cotopaxi','X',1064),(2359,'Chimborazo','H',1064),(2360,'El Oro','O',1064),(2361,'Esmeraldas','E',1064),(2362,'Galapagos','W',1064),(2363,'Guayas','G',1064),(2364,'Imbabura','I',1064),(2365,'Loja','L',1064),(2366,'Los Rios','R',1064),(2367,'Manabi','M',1064),(2368,'Morona-Santiago','S',1064),(2369,'Napo','N',1064),(2370,'Orellana','D',1064),(2371,'Pastaza','Y',1064),(2372,'Pichincha','P',1064),(2373,'Sucumbios','U',1064),(2374,'Tungurahua','T',1064),(2375,'Zamora-Chinchipe','Z',1064),(2376,'Harjumsa','37',1069),(2377,'Hitumea','39',1069),(2378,'Ida-Virumsa','44',1069),(2379,'Jogevamsa','49',1069),(2380,'Jarvamsa','51',1069),(2381,'Lasnemsa','57',1069),(2382,'Laane-Virumaa','59',1069),(2383,'Polvamea','65',1069),(2384,'Parnumsa','67',1069),(2385,'Raplamsa','70',1069),(2386,'Saaremsa','74',1069),(2387,'Tartumsa','7B',1069),(2388,'Valgamaa','82',1069),(2389,'Viljandimsa','84',1069),(2390,'Vorumaa','86',1069),(2391,'Ad Daqahllyah','DK',1065),(2392,'Al Bahr al Ahmar','BA',1065),(2393,'Al Buhayrah','BH',1065),(2394,'Al Fayym','FYM',1065),(2395,'Al Gharbiyah','GH',1065),(2396,'Al Iskandarlyah','ALX',1065),(2397,'Al Isma illyah','IS',1065),(2398,'Al Jizah','GZ',1065),(2399,'Al Minuflyah','MNF',1065),(2400,'Al Minya','MN',1065),(2401,'Al Qahirah','C',1065),(2402,'Al Qalyublyah','KB',1065),(2403,'Al Wadi al Jadid','WAD',1065),(2404,'Ash Sharqiyah','SHR',1065),(2405,'As Suways','SUZ',1065),(2406,'Aswan','ASN',1065),(2407,'Asyut','AST',1065),(2408,'Bani Suwayf','BNS',1065),(2409,'Bur Sa\'id','PTS',1065),(2410,'Dumyat','DT',1065),(2411,'Janub Sina\'','JS',1065),(2412,'Kafr ash Shaykh','KFS',1065),(2413,'Matruh','MT',1065),(2414,'Qina','KN',1065),(2415,'Shamal Sina\'','SIN',1065),(2416,'Suhaj','SHG',1065),(2417,'Anseba','AN',1068),(2418,'Debub','DU',1068),(2419,'Debubawi Keyih Bahri [Debub-Keih-Bahri]','DK',1068),(2420,'Gash-Barka','GB',1068),(2421,'Maakel [Maekel]','MA',1068),(2422,'Semenawi Keyih Bahri [Semien-Keih-Bahri]','SK',1068),(2423,'lava','VI',1198),(2424,'Albacete','AB',1198),(2425,'Alicante','A',1198),(2426,'Almera','AL',1198),(2427,'Asturias','O',1198),(2428,'vila','AV',1198),(2429,'Badajoz','BA',1198),(2430,'Baleares','PM',1198),(2431,'Barcelona','B',1198),(2432,'Burgos','BU',1198),(2433,'Cceres','CC',1198),(2434,'Cdiz','CA',1198),(2435,'Cantabria','S',1198),(2436,'Castelln','CS',1198),(2437,'Ciudad Real','CR',1198),(2438,'Cuenca','CU',1198),(2439,'Girona [Gerona]','GE',1198),(2440,'Granada','GR',1198),(2441,'Guadalajara','GU',1198),(2442,'Guipzcoa','SS',1198),(2443,'Huelva','H',1198),(2444,'Huesca','HU',1198),(2445,'Jan','J',1198),(2446,'La Corua','C',1198),(2447,'La Rioja','LO',1198),(2448,'Las Palmas','GC',1198),(2449,'Len','LE',1198),(2450,'Lleida [Lrida]','L',1198),(2451,'Lugo','LU',1198),(2452,'Madrid','M',1198),(2453,'Mlaga','MA',1198),(2454,'Murcia','MU',1198),(2455,'Navarra','NA',1198),(2456,'Ourense','OR',1198),(2457,'Palencia','P',1198),(2458,'Pontevedra','PO',1198),(2459,'Salamanca','SA',1198),(2460,'Santa Cruz de Tenerife','TF',1198),(2461,'Segovia','SG',1198),(2462,'Sevilla','SE',1198),(2463,'Soria','SO',1198),(2464,'Tarragona','T',1198),(2465,'Teruel','TE',1198),(2466,'Valencia','V',1198),(2467,'Valladolid','VA',1198),(2468,'Vizcaya','BI',1198),(2469,'Zamora','ZA',1198),(2470,'Zaragoza','Z',1198),(2471,'Ceuta','CE',1198),(2472,'Melilla','ML',1198),(2473,'Addis Ababa','AA',1070),(2474,'Dire Dawa','DD',1070),(2475,'Afar','AF',1070),(2476,'Amara','AM',1070),(2477,'Benshangul-Gumaz','BE',1070),(2478,'Gambela Peoples','GA',1070),(2479,'Harari People','HA',1070),(2480,'Oromia','OR',1070),(2481,'Somali','SO',1070),(2482,'Southern Nations, Nationalities and Peoples','SN',1070),(2483,'Tigrai','TI',1070),(2490,'Eastern','E',1074),(2491,'Northern','N',1074),(2492,'Western','W',1074),(2493,'Rotuma','R',1074),(2494,'Chuuk','TRK',1141),(2495,'Kosrae','KSA',1141),(2496,'Pohnpei','PNI',1141),(2497,'Yap','YAP',1141),(2498,'Ain','01',1076),(2499,'Aisne','02',1076),(2500,'Allier','03',1076),(2501,'Alpes-de-Haute-Provence','04',1076),(2502,'Alpes-Maritimes','06',1076),(2503,'Ardche','07',1076),(2504,'Ardennes','08',1076),(2505,'Arige','09',1076),(2506,'Aube','10',1076),(2507,'Aude','11',1076),(2508,'Aveyron','12',1076),(2509,'Bas-Rhin','67',1076),(2510,'Bouches-du-Rhne','13',1076),(2511,'Calvados','14',1076),(2512,'Cantal','15',1076),(2513,'Charente','16',1076),(2514,'Charente-Maritime','17',1076),(2515,'Cher','18',1076),(2516,'Corrze','19',1076),(2517,'Corse-du-Sud','20A',1076),(2518,'Cte-d\'Or','21',1076),(2519,'Ctes-d\'Armor','22',1076),(2520,'Creuse','23',1076),(2521,'Deux-Svres','79',1076),(2522,'Dordogne','24',1076),(2523,'Doubs','25',1076),(2524,'Drme','26',1076),(2525,'Essonne','91',1076),(2526,'Eure','27',1076),(2527,'Eure-et-Loir','28',1076),(2528,'Finistre','29',1076),(2529,'Gard','30',1076),(2530,'Gers','32',1076),(2531,'Gironde','33',1076),(2532,'Haut-Rhin','68',1076),(2533,'Haute-Corse','20B',1076),(2534,'Haute-Garonne','31',1076),(2535,'Haute-Loire','43',1076),(2536,'Haute-Sane','70',1076),(2537,'Haute-Savoie','74',1076),(2538,'Haute-Vienne','87',1076),(2539,'Hautes-Alpes','05',1076),(2540,'Hautes-Pyrnes','65',1076),(2541,'Hauts-de-Seine','92',1076),(2542,'Hrault','34',1076),(2543,'Indre','35',1076),(2544,'Ille-et-Vilaine','36',1076),(2545,'Indre-et-Loire','37',1076),(2546,'Isre','38',1076),(2547,'Landes','40',1076),(2548,'Loir-et-Cher','41',1076),(2549,'Loire','42',1076),(2550,'Loire-Atlantique','44',1076),(2551,'Loiret','45',1076),(2552,'Lot','46',1076),(2553,'Lot-et-Garonne','47',1076),(2554,'Lozre','48',1076),(2555,'Maine-et-Loire','49',1076),(2556,'Manche','50',1076),(2557,'Marne','51',1076),(2558,'Mayenne','53',1076),(2559,'Meurthe-et-Moselle','54',1076),(2560,'Meuse','55',1076),(2561,'Morbihan','56',1076),(2562,'Moselle','57',1076),(2563,'Nivre','58',1076),(2564,'Nord','59',1076),(2565,'Oise','60',1076),(2566,'Orne','61',1076),(2567,'Paris','75',1076),(2568,'Pas-de-Calais','62',1076),(2569,'Puy-de-Dme','63',1076),(2570,'Pyrnes-Atlantiques','64',1076),(2571,'Pyrnes-Orientales','66',1076),(2572,'Rhne','69',1076),(2573,'Sane-et-Loire','71',1076),(2574,'Sarthe','72',1076),(2575,'Savoie','73',1076),(2576,'Seine-et-Marne','77',1076),(2577,'Seine-Maritime','76',1076),(2578,'Seine-Saint-Denis','93',1076),(2579,'Somme','80',1076),(2580,'Tarn','81',1076),(2581,'Tarn-et-Garonne','82',1076),(2582,'Val d\'Oise','95',1076),(2583,'Territoire de Belfort','90',1076),(2584,'Val-de-Marne','94',1076),(2585,'Var','83',1076),(2586,'Vaucluse','84',1076),(2587,'Vende','85',1076),(2588,'Vienne','86',1076),(2589,'Vosges','88',1076),(2590,'Yonne','89',1076),(2591,'Yvelines','78',1076),(2592,'Aberdeen City','ABE',1226),(2593,'Aberdeenshire','ABD',1226),(2594,'Angus','ANS',1226),(2595,'Co Antrim','ANT',1226),(2596,'Ards','ARD',1226),(2597,'Argyll and Bute','AGB',1226),(2598,'Co Armagh','ARM',1226),(2599,'Ballymena','BLA',1226),(2600,'Ballymoney','BLY',1226),(2601,'Banbridge','BNB',1226),(2602,'Barking and Dagenham','BDG',1226),(2603,'Barnet','BNE',1226),(2604,'Barnsley','BNS',1226),(2605,'Bath and North East Somerset','BAS',1226),(2606,'Bedfordshire','BDF',1226),(2607,'Belfast','BFS',1226),(2608,'Bexley','BEX',1226),(2609,'Birmingham','BIR',1226),(2610,'Blackburn with Darwen','BBD',1226),(2611,'Blackpool','BPL',1226),(2612,'Blaenau Gwent','BGW',1226),(2613,'Bolton','BOL',1226),(2614,'Bournemouth','BMH',1226),(2615,'Bracknell Forest','BRC',1226),(2616,'Bradford','BRD',1226),(2617,'Brent','BEN',1226),(2618,'Bridgend','BGE',1226),(2619,'Brighton and Hove','BNH',1226),(2620,'Bristol','BST',1226),(2621,'Bromley','BRY',1226),(2622,'Buckinghamshire','BKM',1226),(2623,'Bury','BUR',1226),(2624,'Caerphilly','CAY',1226),(2625,'Calderdale','CLD',1226),(2626,'Cambridgeshire','CAM',1226),(2627,'Camden','CMD',1226),(2628,'Cardiff','CRF',1226),(2629,'Carmarthenshire','CMN',1226),(2630,'Sir Gaerfyrddin','GFY',1226),(2631,'Carrickfergus','CKF',1226),(2632,'Castlereagh','CSR',1226),(2633,'Ceredigion','CGN',1226),(2634,'Cheshire','CHS',1226),(2635,'Clackmannanshire','CLK',1226),(2636,'Coleraine','CLR',1226),(2637,'Conwy','CWY',1226),(2638,'Cookstown','CKT',1226),(2639,'Cornwall','CON',1226),(2640,'Coventry','COV',1226),(2641,'Cralgavon','CGV',1226),(2642,'Croydon','CRY',1226),(2643,'Cumbria','CMA',1226),(2644,'Darlington','DAL',1226),(2645,'Denbighshire','DEN',1226),(2646,'Derby','DER',1226),(2647,'Derbyshire','DBY',1226),(2648,'Derry','DRY',1226),(2649,'Devon','DEV',1226),(2650,'Doncaster','DNC',1226),(2651,'Dorset','DOR',1226),(2652,'Co Down','DOW',1226),(2653,'Dudley','DUD',1226),(2654,'Dumfries and Galloway','DGY',1226),(2655,'Dundee City','DND',1226),(2656,'Dungannon','DGN',1226),(2657,'Co Durham','DUR',1226),(2658,'Ealing','EAL',1226),(2659,'East Ayrshire','EAY',1226),(2660,'East Dunbartonshire','EDU',1226),(2661,'East Lothian','ELN',1226),(2662,'East Renfrewshire','ERW',1226),(2663,'East Riding of Yorkshire','ERY',1226),(2664,'East Sussex','ESX',1226),(2665,'Edinburgh, City of','EDH',1226),(2666,'Eilean Siar','ELS',1226),(2667,'Enfield','ENF',1226),(2668,'Essex','ESS',1226),(2669,'Falkirk','FAL',1226),(2670,'Co Fermanagh','FER',1226),(2671,'Fife','FIF',1226),(2672,'Flintshire','FLN',1226),(2673,'Gateshead','GAT',1226),(2674,'Glasgow','GLG',1226),(2675,'Gloucestershire','GLS',1226),(2676,'Greenwich','GRE',1226),(2677,'Guernsey','GSY',1226),(2678,'Gwynedd','GWN',1226),(2679,'Hackney','HCK',1226),(2680,'Halton','HAL',1226),(2681,'Hammersmith and Fulham','HMF',1226),(2682,'Hampshire','HAM',1226),(2683,'Haringey','HRY',1226),(2684,'Harrow','HRW',1226),(2685,'Hartlepool','HPL',1226),(2686,'Havering','HAV',1226),(2687,'Herefordshire','HEF',1226),(2688,'Hertfordshire','HRT',1226),(2689,'Highland','HED',1226),(2690,'Hillingdon','HIL',1226),(2691,'Hounslow','HNS',1226),(2692,'Inverclyde','IVC',1226),(2693,'Isle of Anglesey','AGY',1226),(2694,'Isle of Wight','IOW',1226),(2695,'Isles of Scilly','IOS',1226),(2696,'Islington','ISL',1226),(2697,'Jersey','JSY',1226),(2698,'Kensington and Chelsea','KEC',1226),(2699,'Kent','KEN',1226),(2700,'Kingston upon Hull','KHL',1226),(2701,'Kingston upon Thames','KTT',1226),(2702,'Kirklees','KIR',1226),(2703,'Knowsley','KWL',1226),(2704,'Lambeth','LBH',1226),(2705,'Lancashire','LAN',1226),(2706,'Larne','LRN',1226),(2707,'Leeds','LDS',1226),(2708,'Leicester','LCE',1226),(2709,'Leicestershire','LEC',1226),(2710,'Lewisham','LEW',1226),(2711,'Limavady','LMV',1226),(2712,'Lincolnshire','LIN',1226),(2713,'Lisburn','LSB',1226),(2714,'Liverpool','LIV',1226),(2715,'London, City of','LND',1226),(2716,'Luton','LUT',1226),(2717,'Magherafelt','MFT',1226),(2718,'Manchester','MAN',1226),(2719,'Medway','MDW',1226),(2720,'Merthyr Tydfil','MTY',1226),(2721,'Merton','MRT',1226),(2722,'Middlesbrough','MDB',1226),(2723,'Midlothian','MLN',1226),(2724,'Milton Keynes','MIK',1226),(2725,'Monmouthshire','MON',1226),(2726,'Moray','MRY',1226),(2727,'Moyle','MYL',1226),(2728,'Neath Port Talbot','NTL',1226),(2729,'Newcastle upon Tyne','NET',1226),(2730,'Newham','NWM',1226),(2731,'Newport','NWP',1226),(2732,'Newry and Mourne','NYM',1226),(2733,'Newtownabbey','NTA',1226),(2734,'Norfolk','NFK',1226),(2735,'North Ayrshire','NAY',1226),(2736,'North Down','NDN',1226),(2737,'North East Lincolnshire','NEL',1226),(2738,'North Lanarkshire','NLK',1226),(2739,'North Lincolnshire','NLN',1226),(2740,'North Somerset','NSM',1226),(2741,'North Tyneside','NTY',1226),(2742,'North Yorkshire','NYK',1226),(2743,'Northamptonshire','NTH',1226),(2744,'Northumberland','NBL',1226),(2745,'Nottingham','NGM',1226),(2746,'Nottinghamshire','NTT',1226),(2747,'Oldham','OLD',1226),(2748,'Omagh','OMH',1226),(2749,'Orkney Islands','ORR',1226),(2750,'Oxfordshire','OXF',1226),(2751,'Pembrokeshire','PEM',1226),(2752,'Perth and Kinross','PKN',1226),(2753,'Peterborough','PTE',1226),(2754,'Plymouth','PLY',1226),(2755,'Poole','POL',1226),(2756,'Portsmouth','POR',1226),(2757,'Powys','POW',1226),(2758,'Reading','RDG',1226),(2759,'Redbridge','RDB',1226),(2760,'Cleveland','RCC',1226),(2761,'Renfrewshire','RFW',1226),(2762,'Rhondda Cynon Taff','RCT',1226),(2763,'Richmond upon Thames','RIC',1226),(2764,'Rochdale','RCH',1226),(2765,'Rotherham','ROT',1226),(2766,'Rutland','RUT',1226),(2767,'St. Helens','SHN',1226),(2768,'Salford','SLF',1226),(2769,'Sandwell','SAW',1226),(2770,'Scottish Borders','SCB',1226),(2771,'Sefton','SFT',1226),(2772,'Sheffield','SHF',1226),(2773,'Shetland Islands','ZET',1226),(2774,'Shropshire','SHR',1226),(2775,'Slough','SLG',1226),(2776,'Solihull','SOL',1226),(2777,'Somerset','SOM',1226),(2778,'South Ayrshire','SAY',1226),(2779,'South Gloucestershire','SGC',1226),(2780,'South Lanarkshire','SLK',1226),(2781,'South Tyneside','STY',1226),(2782,'Southampton','STH',1226),(2783,'Southend-on-Sea','SOS',1226),(2784,'Southwark','SWK',1226),(2785,'Staffordshire','STS',1226),(2786,'Stirling','STG',1226),(2787,'Stockport','SKP',1226),(2788,'Stockton-on-Tees','STT',1226),(2789,'Stoke-on-Trent','STE',1226),(2790,'Strabane','STB',1226),(2791,'Suffolk','SFK',1226),(2792,'Sunderland','SND',1226),(2793,'Surrey','SRY',1226),(2794,'Sutton','STN',1226),(2795,'Swansea','SWA',1226),(2796,'Swindon','SWD',1226),(2797,'Tameside','TAM',1226),(2798,'Telford and Wrekin','TFW',1226),(2799,'Thurrock','THR',1226),(2800,'Torbay','TOB',1226),(2801,'Torfasn','TOF',1226),(2802,'Tower Hamlets','TWH',1226),(2803,'Trafford','TRF',1226),(2804,'Vale of Glamorgan','VGL',1226),(2805,'Bro Morgannwg','BMG',1226),(2806,'Wakefield','WKF',1226),(2807,'Walsall','WLL',1226),(2808,'Waltham Forest','WFT',1226),(2809,'Wandsworth','WND',1226),(2810,'Warrington','WRT',1226),(2811,'Warwickshire','WAR',1226),(2812,'West Berkshire','WBX',1226),(2813,'West Dunbartonshire','WDU',1226),(2814,'West Lothian','WLN',1226),(2815,'West Sussex','WSX',1226),(2816,'Westminster','WSM',1226),(2817,'Wigan','WGN',1226),(2818,'Wiltshire','WIL',1226),(2819,'Windsor and Maidenhead','WNM',1226),(2820,'Wirral','WRL',1226),(2821,'Wokingham','WOK',1226),(2822,'Wolverhampton','WLV',1226),(2823,'Worcestershire','WOR',1226),(2824,'Wrexham','WRX',1226),(2825,'York','YOR',1226),(2826,'Ashanti','AH',1083),(2827,'Brong-Ahafo','BA',1083),(2828,'Greater Accra','AA',1083),(2829,'Upper East','UE',1083),(2830,'Upper West','UW',1083),(2831,'Volta','TV',1083),(2832,'Banjul','B',1213),(2833,'Lower River','L',1213),(2834,'MacCarthy Island','M',1213),(2835,'North Bank','N',1213),(2836,'Upper River','U',1213),(2837,'Beyla','BE',1091),(2838,'Boffa','BF',1091),(2839,'Boke','BK',1091),(2840,'Coyah','CO',1091),(2841,'Dabola','DB',1091),(2842,'Dalaba','DL',1091),(2843,'Dinguiraye','DI',1091),(2844,'Dubreka','DU',1091),(2845,'Faranah','FA',1091),(2846,'Forecariah','FO',1091),(2847,'Fria','FR',1091),(2848,'Gaoual','GA',1091),(2849,'Guekedou','GU',1091),(2850,'Kankan','KA',1091),(2851,'Kerouane','KE',1091),(2852,'Kindia','KD',1091),(2853,'Kissidougou','KS',1091),(2854,'Koubia','KB',1091),(2855,'Koundara','KN',1091),(2856,'Kouroussa','KO',1091),(2857,'Labe','LA',1091),(2858,'Lelouma','LE',1091),(2859,'Lola','LO',1091),(2860,'Macenta','MC',1091),(2861,'Mali','ML',1091),(2862,'Mamou','MM',1091),(2863,'Mandiana','MD',1091),(2864,'Nzerekore','NZ',1091),(2865,'Pita','PI',1091),(2866,'Siguiri','SI',1091),(2867,'Telimele','TE',1091),(2868,'Tougue','TO',1091),(2869,'Yomou','YO',1091),(2870,'Region Continental','C',1067),(2871,'Region Insular','I',1067),(2872,'Annobon','AN',1067),(2873,'Bioko Norte','BN',1067),(2874,'Bioko Sur','BS',1067),(2875,'Centro Sur','CS',1067),(2876,'Kie-Ntem','KN',1067),(2877,'Litoral','LI',1067),(2878,'Wele-Nzas','WN',1067),(2879,'Achaa','13',1085),(2880,'Aitolia-Akarnania','01',1085),(2881,'Argolis','11',1085),(2882,'Arkadia','12',1085),(2883,'Arta','31',1085),(2884,'Attiki','A1',1085),(2885,'Chalkidiki','64',1085),(2886,'Chania','94',1085),(2887,'Chios','85',1085),(2888,'Dodekanisos','81',1085),(2889,'Drama','52',1085),(2890,'Evros','71',1085),(2891,'Evrytania','05',1085),(2892,'Evvoia','04',1085),(2893,'Florina','63',1085),(2894,'Fokis','07',1085),(2895,'Fthiotis','06',1085),(2896,'Grevena','51',1085),(2897,'Ileia','14',1085),(2898,'Imathia','53',1085),(2899,'Ioannina','33',1085),(2900,'Irakleion','91',1085),(2901,'Karditsa','41',1085),(2902,'Kastoria','56',1085),(2903,'Kavalla','55',1085),(2904,'Kefallinia','23',1085),(2905,'Kerkyra','22',1085),(2906,'Kilkis','57',1085),(2907,'Korinthia','15',1085),(2908,'Kozani','58',1085),(2909,'Kyklades','82',1085),(2910,'Lakonia','16',1085),(2911,'Larisa','42',1085),(2912,'Lasithion','92',1085),(2913,'Lefkas','24',1085),(2914,'Lesvos','83',1085),(2915,'Magnisia','43',1085),(2916,'Messinia','17',1085),(2917,'Pella','59',1085),(2918,'Preveza','34',1085),(2919,'Rethymnon','93',1085),(2920,'Rodopi','73',1085),(2921,'Samos','84',1085),(2922,'Serrai','62',1085),(2923,'Thesprotia','32',1085),(2924,'Thessaloniki','54',1085),(2925,'Trikala','44',1085),(2926,'Voiotia','03',1085),(2927,'Xanthi','72',1085),(2928,'Zakynthos','21',1085),(2929,'Agio Oros','69',1085),(2930,'Alta Verapez','AV',1090),(2931,'Baja Verapez','BV',1090),(2932,'Chimaltenango','CM',1090),(2933,'Chiquimula','CQ',1090),(2934,'El Progreso','PR',1090),(2935,'Escuintla','ES',1090),(2936,'Guatemala','GU',1090),(2937,'Huehuetenango','HU',1090),(2938,'Izabal','IZ',1090),(2939,'Jalapa','JA',1090),(2940,'Jutiapa','JU',1090),(2941,'Peten','PE',1090),(2942,'Quetzaltenango','QZ',1090),(2943,'Quiche','QC',1090),(2944,'Reta.thuleu','RE',1090),(2945,'Sacatepequez','SA',1090),(2946,'San Marcos','SM',1090),(2947,'Santa Rosa','SR',1090),(2948,'Solol6','SO',1090),(2949,'Suchitepequez','SU',1090),(2950,'Totonicapan','TO',1090),(2951,'Zacapa','ZA',1090),(2952,'Bissau','BS',1092),(2953,'Bafata','BA',1092),(2954,'Biombo','BM',1092),(2955,'Bolama','BL',1092),(2956,'Cacheu','CA',1092),(2957,'Gabu','GA',1092),(2958,'Oio','OI',1092),(2959,'Quloara','QU',1092),(2960,'Tombali S','TO',1092),(2961,'Barima-Waini','BA',1093),(2962,'Cuyuni-Mazaruni','CU',1093),(2963,'Demerara-Mahaica','DE',1093),(2964,'East Berbice-Corentyne','EB',1093),(2965,'Essequibo Islands-West Demerara','ES',1093),(2966,'Mahaica-Berbice','MA',1093),(2967,'Pomeroon-Supenaam','PM',1093),(2968,'Potaro-Siparuni','PT',1093),(2969,'Upper Demerara-Berbice','UD',1093),(2970,'Upper Takutu-Upper Essequibo','UT',1093),(2971,'Atlantida','AT',1097),(2972,'Colon','CL',1097),(2973,'Comayagua','CM',1097),(2974,'Copan','CP',1097),(2975,'Cortes','CR',1097),(2976,'Choluteca','CH',1097),(2977,'El Paraiso','EP',1097),(2978,'Francisco Morazan','FM',1097),(2979,'Gracias a Dios','GD',1097),(2980,'Intibuca','IN',1097),(2981,'Islas de la Bahia','IB',1097),(2982,'Lempira','LE',1097),(2983,'Ocotepeque','OC',1097),(2984,'Olancho','OL',1097),(2985,'Santa Barbara','SB',1097),(2986,'Valle','VA',1097),(2987,'Yoro','YO',1097),(2988,'Bjelovarsko-bilogorska zupanija','07',1055),(2989,'Brodsko-posavska zupanija','12',1055),(2990,'Dubrovacko-neretvanska zupanija','19',1055),(2991,'Istarska zupanija','18',1055),(2992,'Karlovacka zupanija','04',1055),(2993,'Koprivnickco-krizevacka zupanija','06',1055),(2994,'Krapinako-zagorska zupanija','02',1055),(2995,'Licko-senjska zupanija','09',1055),(2996,'Medimurska zupanija','20',1055),(2997,'Osjecko-baranjska zupanija','14',1055),(2998,'Pozesko-slavonska zupanija','11',1055),(2999,'Primorsko-goranska zupanija','08',1055),(3000,'Sisacko-moelavacka Iupanija','03',1055),(3001,'Splitako-dalmatinska zupanija','17',1055),(3002,'Sibenako-kninska zupanija','15',1055),(3003,'Varaidinska zupanija','05',1055),(3004,'VirovitiEko-podravska zupanija','10',1055),(3005,'VuRovarako-srijemska zupanija','16',1055),(3006,'Zadaraka','13',1055),(3007,'Zagrebacka zupanija','01',1055),(3008,'Grande-Anse','GA',1094),(3009,'Nord-Eat','NE',1094),(3010,'Nord-Ouest','NO',1094),(3011,'Ouest','OU',1094),(3012,'Sud','SD',1094),(3013,'Sud-Est','SE',1094),(3014,'Budapest','BU',1099),(3015,'Bcs-Kiskun','BK',1099),(3016,'Baranya','BA',1099),(3017,'Bks','BE',1099),(3018,'Borsod-Abaj-Zempln','BZ',1099),(3019,'Csongrd','CS',1099),(3020,'Fejr','FE',1099),(3021,'Gyr-Moson-Sopron','GS',1099),(3022,'Hajdu-Bihar','HB',1099),(3023,'Heves','HE',1099),(3024,'Jsz-Nagykun-Szolnok','JN',1099),(3025,'Komrom-Esztergom','KE',1099),(3026,'Nogrd','NO',1099),(3027,'Pest','PE',1099),(3028,'Somogy','SO',1099),(3029,'Szabolcs-Szatmr-Bereg','SZ',1099),(3030,'Tolna','TO',1099),(3031,'Vas','VA',1099),(3032,'Veszprm','VE',1099),(3033,'Zala','ZA',1099),(3034,'Bkscsaba','BC',1099),(3035,'Debrecen','DE',1099),(3036,'Dunajvros','DU',1099),(3037,'Eger','EG',1099),(3038,'Gyr','GY',1099),(3039,'Hdmezvsrhely','HV',1099),(3040,'Kaposvr','KV',1099),(3041,'Kecskemt','KM',1099),(3042,'Miskolc','MI',1099),(3043,'Nagykanizsa','NK',1099),(3044,'Nyiregyhza','NY',1099),(3045,'Pcs','PS',1099),(3046,'Salgtarjn','ST',1099),(3047,'Sopron','SN',1099),(3048,'Szeged','SD',1099),(3049,'Szkesfehrvr','SF',1099),(3050,'Szekszrd','SS',1099),(3051,'Szolnok','SK',1099),(3052,'Szombathely','SH',1099),(3053,'Tatabnya','TB',1099),(3054,'Zalaegerszeg','ZE',1099),(3055,'Bali','BA',1102),(3056,'Bangka Belitung','BB',1102),(3057,'Banten','BT',1102),(3058,'Bengkulu','BE',1102),(3059,'Gorontalo','GO',1102),(3060,'Irian Jaya','IJ',1102),(3061,'Jambi','JA',1102),(3062,'Jawa Barat','JB',1102),(3063,'Jawa Tengah','JT',1102),(3064,'Jawa Timur','JI',1102),(3065,'Kalimantan Barat','KB',1102),(3066,'Kalimantan Timur','KT',1102),(3067,'Kalimantan Selatan','KS',1102),(3068,'Kepulauan Riau','KR',1102),(3069,'Lampung','LA',1102),(3070,'Maluku','MA',1102),(3071,'Maluku Utara','MU',1102),(3072,'Nusa Tenggara Barat','NB',1102),(3073,'Nusa Tenggara Timur','NT',1102),(3074,'Papua','PA',1102),(3075,'Riau','RI',1102),(3076,'Sulawesi Selatan','SN',1102),(3077,'Sulawesi Tengah','ST',1102),(3078,'Sulawesi Tenggara','SG',1102),(3079,'Sulawesi Utara','SA',1102),(3080,'Sumatra Barat','SB',1102),(3081,'Sumatra Selatan','SS',1102),(3082,'Sumatera Utara','SU',1102),(3083,'Jakarta Raya','JK',1102),(3084,'Aceh','AC',1102),(3085,'Yogyakarta','YO',1102),(3086,'Cork','C',1105),(3087,'Clare','CE',1105),(3088,'Cavan','CN',1105),(3089,'Carlow','CW',1105),(3090,'Dublin','D',1105),(3091,'Donegal','DL',1105),(3092,'Galway','G',1105),(3093,'Kildare','KE',1105),(3094,'Kilkenny','KK',1105),(3095,'Kerry','KY',1105),(3096,'Longford','LD',1105),(3097,'Louth','LH',1105),(3098,'Limerick','LK',1105),(3099,'Leitrim','LM',1105),(3100,'Laois','LS',1105),(3101,'Meath','MH',1105),(3102,'Monaghan','MN',1105),(3103,'Mayo','MO',1105),(3104,'Offaly','OY',1105),(3105,'Roscommon','RN',1105),(3106,'Sligo','SO',1105),(3107,'Tipperary','TA',1105),(3108,'Waterford','WD',1105),(3109,'Westmeath','WH',1105),(3110,'Wicklow','WW',1105),(3111,'Wexford','WX',1105),(3112,'HaDarom','D',1106),(3113,'HaMerkaz','M',1106),(3114,'HaZafon','Z',1106),(3115,'Hefa','HA',1106),(3116,'Tel-Aviv','TA',1106),(3117,'Yerushalayim Al Quds','JM',1106),(3118,'Al Anbar','AN',1104),(3119,'Al Ba,rah','BA',1104),(3120,'Al Muthanna','MU',1104),(3121,'Al Qadisiyah','QA',1104),(3122,'An Najef','NA',1104),(3123,'Arbil','AR',1104),(3124,'As Sulaymaniyah','SW',1104),(3125,'At Ta\'mim','TS',1104),(3126,'Babil','BB',1104),(3127,'Baghdad','BG',1104),(3128,'Dahuk','DA',1104),(3129,'Dhi Qar','DQ',1104),(3130,'Diyala','DI',1104),(3131,'Karbala\'','KA',1104),(3132,'Maysan','MA',1104),(3133,'Ninawa','NI',1104),(3134,'Salah ad Din','SD',1104),(3135,'Wasit','WA',1104),(3136,'Ardabil','03',1103),(3137,'Azarbayjan-e Gharbi','02',1103),(3138,'Azarbayjan-e Sharqi','01',1103),(3139,'Bushehr','06',1103),(3140,'Chahar Mahall va Bakhtiari','08',1103),(3141,'Esfahan','04',1103),(3142,'Fars','14',1103),(3143,'Gilan','19',1103),(3144,'Golestan','27',1103),(3145,'Hamadan','24',1103),(3146,'Hormozgan','23',1103),(3147,'Iiam','05',1103),(3148,'Kerman','15',1103),(3149,'Kermanshah','17',1103),(3150,'Khorasan','09',1103),(3151,'Khuzestan','10',1103),(3152,'Kohjiluyeh va Buyer Ahmad','18',1103),(3153,'Kordestan','16',1103),(3154,'Lorestan','20',1103),(3155,'Markazi','22',1103),(3156,'Mazandaran','21',1103),(3157,'Qazvin','28',1103),(3158,'Qom','26',1103),(3159,'Semnan','12',1103),(3160,'Sistan va Baluchestan','13',1103),(3161,'Tehran','07',1103),(3162,'Yazd','25',1103),(3163,'Zanjan','11',1103),(3164,'Austurland','7',1100),(3165,'Hofuoborgarsvaeoi utan Reykjavikur','1',1100),(3166,'Norourland eystra','6',1100),(3167,'Norourland vestra','5',1100),(3168,'Reykjavik','0',1100),(3169,'Suourland','8',1100),(3170,'Suournes','2',1100),(3171,'Vestfirolr','4',1100),(3172,'Vesturland','3',1100),(3173,'Agrigento','AG',1107),(3174,'Alessandria','AL',1107),(3175,'Ancona','AN',1107),(3176,'Aosta','AO',1107),(3177,'Arezzo','AR',1107),(3178,'Ascoli Piceno','AP',1107),(3179,'Asti','AT',1107),(3180,'Avellino','AV',1107),(3181,'Bari','BA',1107),(3182,'Belluno','BL',1107),(3183,'Benevento','BN',1107),(3184,'Bergamo','BG',1107),(3185,'Biella','BI',1107),(3186,'Bologna','BO',1107),(3187,'Bolzano','BZ',1107),(3188,'Brescia','BS',1107),(3189,'Brindisi','BR',1107),(3190,'Cagliari','CA',1107),(3191,'Caltanissetta','CL',1107),(3192,'Campobasso','CB',1107),(3193,'Caserta','CE',1107),(3194,'Catania','CT',1107),(3195,'Catanzaro','CZ',1107),(3196,'Chieti','CH',1107),(3197,'Como','CO',1107),(3198,'Cosenza','CS',1107),(3199,'Cremona','CR',1107),(3200,'Crotone','KR',1107),(3201,'Cuneo','CN',1107),(3202,'Enna','EN',1107),(3203,'Ferrara','FE',1107),(3204,'Firenze','FI',1107),(3205,'Foggia','FG',1107),(3206,'Forli','FO',1107),(3207,'Frosinone','FR',1107),(3208,'Genova','GE',1107),(3209,'Gorizia','GO',1107),(3210,'Grosseto','GR',1107),(3211,'Imperia','IM',1107),(3212,'Isernia','IS',1107),(3213,'L\'Aquila','AQ',1107),(3214,'La Spezia','SP',1107),(3215,'Latina','LT',1107),(3216,'Lecce','LE',1107),(3217,'Lecco','LC',1107),(3218,'Livorno','LI',1107),(3219,'Lodi','LO',1107),(3220,'Lucca','LU',1107),(3221,'Macerata','SC',1107),(3222,'Mantova','MN',1107),(3223,'Massa-Carrara','MS',1107),(3224,'Matera','MT',1107),(3225,'Messina','ME',1107),(3226,'Milano','MI',1107),(3227,'Modena','MO',1107),(3228,'Napoli','NA',1107),(3229,'Novara','NO',1107),(3230,'Nuoro','NU',1107),(3231,'Oristano','OR',1107),(3232,'Padova','PD',1107),(3233,'Palermo','PA',1107),(3234,'Parma','PR',1107),(3235,'Pavia','PV',1107),(3236,'Perugia','PG',1107),(3237,'Pesaro e Urbino','PS',1107),(3238,'Pescara','PE',1107),(3239,'Piacenza','PC',1107),(3240,'Pisa','PI',1107),(3241,'Pistoia','PT',1107),(3242,'Pordenone','PN',1107),(3243,'Potenza','PZ',1107),(3244,'Prato','PO',1107),(3245,'Ragusa','RG',1107),(3246,'Ravenna','RA',1107),(3247,'Reggio Calabria','RC',1107),(3248,'Reggio Emilia','RE',1107),(3249,'Rieti','RI',1107),(3250,'Rimini','RN',1107),(3251,'Roma','RM',1107),(3252,'Rovigo','RO',1107),(3253,'Salerno','SA',1107),(3254,'Sassari','SS',1107),(3255,'Savona','SV',1107),(3256,'Siena','SI',1107),(3257,'Siracusa','SR',1107),(3258,'Sondrio','SO',1107),(3259,'Taranto','TA',1107),(3260,'Teramo','TE',1107),(3261,'Terni','TR',1107),(3262,'Torino','TO',1107),(3263,'Trapani','TP',1107),(3264,'Trento','TN',1107),(3265,'Treviso','TV',1107),(3266,'Trieste','TS',1107),(3267,'Udine','UD',1107),(3268,'Varese','VA',1107),(3269,'Venezia','VE',1107),(3270,'Verbano-Cusio-Ossola','VB',1107),(3271,'Vercelli','VC',1107),(3272,'Verona','VR',1107),(3273,'Vibo Valentia','VV',1107),(3274,'Vicenza','VI',1107),(3275,'Viterbo','VT',1107),(3276,'Aichi','23',1109),(3277,'Akita','05',1109),(3278,'Aomori','02',1109),(3279,'Chiba','12',1109),(3280,'Ehime','38',1109),(3281,'Fukui','18',1109),(3282,'Fukuoka','40',1109),(3283,'Fukusima','07',1109),(3284,'Gifu','21',1109),(3285,'Gunma','10',1109),(3286,'Hiroshima','34',1109),(3287,'Hokkaido','01',1109),(3288,'Hyogo','28',1109),(3289,'Ibaraki','08',1109),(3290,'Ishikawa','17',1109),(3291,'Iwate','03',1109),(3292,'Kagawa','37',1109),(3293,'Kagoshima','46',1109),(3294,'Kanagawa','14',1109),(3295,'Kochi','39',1109),(3296,'Kumamoto','43',1109),(3297,'Kyoto','26',1109),(3298,'Mie','24',1109),(3299,'Miyagi','04',1109),(3300,'Miyazaki','45',1109),(3301,'Nagano','20',1109),(3302,'Nagasaki','42',1109),(3303,'Nara','29',1109),(3304,'Niigata','15',1109),(3305,'Oita','44',1109),(3306,'Okayama','33',1109),(3307,'Okinawa','47',1109),(3308,'Osaka','27',1109),(3309,'Saga','41',1109),(3310,'Saitama','11',1109),(3311,'Shiga','25',1109),(3312,'Shimane','32',1109),(3313,'Shizuoka','22',1109),(3314,'Tochigi','09',1109),(3315,'Tokushima','36',1109),(3316,'Tokyo','13',1109),(3317,'Tottori','31',1109),(3318,'Toyama','16',1109),(3319,'Wakayama','30',1109),(3320,'Yamagata','06',1109),(3321,'Yamaguchi','35',1109),(3322,'Yamanashi','19',1109),(3323,'Clarendon','13',1108),(3324,'Hanover','09',1108),(3325,'Kingston','01',1108),(3326,'Portland','04',1108),(3327,'Saint Andrew','02',1108),(3328,'Saint Ann','06',1108),(3329,'Saint Catherine','14',1108),(3330,'Saint Elizabeth','11',1108),(3331,'Saint James','08',1108),(3332,'Saint Mary','05',1108),(3333,'Saint Thomea','03',1108),(3334,'Trelawny','07',1108),(3335,'Westmoreland','10',1108),(3336,'Ajln','AJ',1110),(3337,'Al \'Aqaba','AQ',1110),(3338,'Al Balqa\'','BA',1110),(3339,'Al Karak','KA',1110),(3340,'Al Mafraq','MA',1110),(3341,'Amman','AM',1110),(3342,'At Tafilah','AT',1110),(3343,'Az Zarga','AZ',1110),(3344,'Irbid','JR',1110),(3345,'Jarash','JA',1110),(3346,'Ma\'an','MN',1110),(3347,'Madaba','MD',1110),(3348,'Nairobi Municipality','110',1112),(3349,'Coast','300',1112),(3350,'North-Eastern Kaskazini Mashariki','500',1112),(3351,'Rift Valley','700',1112),(3352,'Western Magharibi','900',1112),(3353,'Bishkek','GB',1117),(3354,'Batken','B',1117),(3355,'Chu','C',1117),(3356,'Jalal-Abad','J',1117),(3357,'Naryn','N',1117),(3358,'Osh','O',1117),(3359,'Talas','T',1117),(3360,'Ysyk-Kol','Y',1117),(3361,'Krong Kaeb','23',1037),(3362,'Krong Pailin','24',1037),(3363,'Xrong Preah Sihanouk','18',1037),(3364,'Phnom Penh','12',1037),(3365,'Baat Dambang','2',1037),(3366,'Banteay Mean Chey','1',1037),(3367,'Rampong Chaam','3',1037),(3368,'Kampong Chhnang','4',1037),(3369,'Kampong Spueu','5',1037),(3370,'Kampong Thum','6',1037),(3371,'Kampot','7',1037),(3372,'Kandaal','8',1037),(3373,'Kach Kong','9',1037),(3374,'Krachoh','10',1037),(3375,'Mondol Kiri','11',1037),(3376,'Otdar Mean Chey','22',1037),(3377,'Pousaat','15',1037),(3378,'Preah Vihear','13',1037),(3379,'Prey Veaeng','14',1037),(3380,'Rotanak Kiri','16',1037),(3381,'Siem Reab','17',1037),(3382,'Stueng Traeng','19',1037),(3383,'Svaay Rieng','20',1037),(3384,'Taakaev','21',1037),(3385,'Gilbert Islands','G',1113),(3386,'Line Islands','L',1113),(3387,'Phoenix Islands','P',1113),(3388,'Anjouan Ndzouani','A',1049),(3389,'Grande Comore Ngazidja','G',1049),(3390,'Moheli Moili','M',1049),(3391,'Kaesong-si','KAE',1114),(3392,'Nampo-si','NAM',1114),(3393,'Pyongyang-ai','PYO',1114),(3394,'Chagang-do','CHA',1114),(3395,'Hamgyongbuk-do','HAB',1114),(3396,'Hamgyongnam-do','HAN',1114),(3397,'Hwanghaebuk-do','HWB',1114),(3398,'Hwanghaenam-do','HWN',1114),(3399,'Kangwon-do','KAN',1114),(3400,'Pyonganbuk-do','PYB',1114),(3401,'Pyongannam-do','PYN',1114),(3402,'Yanggang-do','YAN',1114),(3403,'Najin Sonbong-si','NAJ',1114),(3404,'Seoul Teugbyeolsi','11',1115),(3405,'Busan Gwang\'yeogsi','26',1115),(3406,'Daegu Gwang\'yeogsi','27',1115),(3407,'Daejeon Gwang\'yeogsi','30',1115),(3408,'Gwangju Gwang\'yeogsi','29',1115),(3409,'Incheon Gwang\'yeogsi','28',1115),(3410,'Ulsan Gwang\'yeogsi','31',1115),(3411,'Chungcheongbugdo','43',1115),(3412,'Chungcheongnamdo','44',1115),(3413,'Gang\'weondo','42',1115),(3414,'Gyeonggido','41',1115),(3415,'Gyeongsangbugdo','47',1115),(3416,'Gyeongsangnamdo','48',1115),(3417,'Jejudo','49',1115),(3418,'Jeonrabugdo','45',1115),(3419,'Jeonranamdo','46',1115),(3420,'Al Ahmadi','AH',1116),(3421,'Al Farwanlyah','FA',1116),(3422,'Al Jahrah','JA',1116),(3423,'Al Kuwayt','KU',1116),(3424,'Hawalli','HA',1116),(3425,'Almaty','ALA',1111),(3426,'Astana','AST',1111),(3427,'Almaty oblysy','ALM',1111),(3428,'Aqmola oblysy','AKM',1111),(3429,'Aqtobe oblysy','AKT',1111),(3430,'Atyrau oblyfiy','ATY',1111),(3431,'Batys Quzaqstan oblysy','ZAP',1111),(3432,'Mangghystau oblysy','MAN',1111),(3433,'Ongtustik Quzaqstan oblysy','YUZ',1111),(3434,'Pavlodar oblysy','PAV',1111),(3435,'Qaraghandy oblysy','KAR',1111),(3436,'Qostanay oblysy','KUS',1111),(3437,'Qyzylorda oblysy','KZY',1111),(3438,'Shyghys Quzaqstan oblysy','VOS',1111),(3439,'Soltustik Quzaqstan oblysy','SEV',1111),(3440,'Zhambyl oblysy Zhambylskaya oblast\'','ZHA',1111),(3441,'Vientiane','VT',1118),(3442,'Attapu','AT',1118),(3443,'Bokeo','BK',1118),(3444,'Bolikhamxai','BL',1118),(3445,'Champasak','CH',1118),(3446,'Houaphan','HO',1118),(3447,'Khammouan','KH',1118),(3448,'Louang Namtha','LM',1118),(3449,'Louangphabang','LP',1118),(3450,'Oudomxai','OU',1118),(3451,'Phongsali','PH',1118),(3452,'Salavan','SL',1118),(3453,'Savannakhet','SV',1118),(3454,'Xaignabouli','XA',1118),(3455,'Xiasomboun','XN',1118),(3456,'Xekong','XE',1118),(3457,'Xiangkhoang','XI',1118),(3458,'Beirout','BA',1120),(3459,'El Begsa','BI',1120),(3460,'Jabal Loubnane','JL',1120),(3461,'Loubnane ech Chemali','AS',1120),(3462,'Loubnane ej Jnoubi','JA',1120),(3463,'Nabatiye','NA',1120),(3464,'Ampara','52',1199),(3465,'Anuradhapura','71',1199),(3466,'Badulla','81',1199),(3467,'Batticaloa','51',1199),(3468,'Colombo','11',1199),(3469,'Galle','31',1199),(3470,'Gampaha','12',1199),(3471,'Hambantota','33',1199),(3472,'Jaffna','41',1199),(3473,'Kalutara','13',1199),(3474,'Kandy','21',1199),(3475,'Kegalla','92',1199),(3476,'Kilinochchi','42',1199),(3477,'Kurunegala','61',1199),(3478,'Mannar','43',1199),(3479,'Matale','22',1199),(3480,'Matara','32',1199),(3481,'Monaragala','82',1199),(3482,'Mullaittivu','45',1199),(3483,'Nuwara Eliya','23',1199),(3484,'Polonnaruwa','72',1199),(3485,'Puttalum','62',1199),(3486,'Ratnapura','91',1199),(3487,'Trincomalee','53',1199),(3488,'VavunLya','44',1199),(3489,'Bomi','BM',1122),(3490,'Bong','BG',1122),(3491,'Grand Basaa','GB',1122),(3492,'Grand Cape Mount','CM',1122),(3493,'Grand Gedeh','GG',1122),(3494,'Grand Kru','GK',1122),(3495,'Lofa','LO',1122),(3496,'Margibi','MG',1122),(3497,'Maryland','MY',1122),(3498,'Montserrado','MO',1122),(3499,'Nimba','NI',1122),(3500,'Rivercess','RI',1122),(3501,'Sinoe','SI',1122),(3502,'Berea','D',1121),(3503,'Butha-Buthe','B',1121),(3504,'Leribe','C',1121),(3505,'Mafeteng','E',1121),(3506,'Maseru','A',1121),(3507,'Mohale\'s Hoek','F',1121),(3508,'Mokhotlong','J',1121),(3509,'Qacha\'s Nek','H',1121),(3510,'Quthing','G',1121),(3511,'Thaba-Tseka','K',1121),(3512,'Alytaus Apskritis','AL',1125),(3513,'Kauno Apskritis','KU',1125),(3514,'Klaipedos Apskritis','KL',1125),(3515,'Marijampoles Apskritis','MR',1125),(3516,'Panevezio Apskritis','PN',1125),(3517,'Sisuliu Apskritis','SA',1125),(3518,'Taurages Apskritis','TA',1125),(3519,'Telsiu Apskritis','TE',1125),(3520,'Utenos Apskritis','UT',1125),(3521,'Vilniaus Apskritis','VL',1125),(3522,'Diekirch','D',1126),(3523,'GreveNmacher','G',1126),(3524,'Aizkraukles Apripkis','AI',1119),(3525,'Alkanes Apripkis','AL',1119),(3526,'Balvu Apripkis','BL',1119),(3527,'Bauskas Apripkis','BU',1119),(3528,'Cesu Aprikis','CE',1119),(3529,'Daugavpile Apripkis','DA',1119),(3530,'Dobeles Apripkis','DO',1119),(3531,'Gulbenes Aprlpkis','GU',1119),(3532,'Jelgavas Apripkis','JL',1119),(3533,'Jekabpils Apripkis','JK',1119),(3534,'Kraslavas Apripkis','KR',1119),(3535,'Kuldlgas Apripkis','KU',1119),(3536,'Limbazu Apripkis','LM',1119),(3537,'Liepajas Apripkis','LE',1119),(3538,'Ludzas Apripkis','LU',1119),(3539,'Madonas Apripkis','MA',1119),(3540,'Ogres Apripkis','OG',1119),(3541,'Preilu Apripkis','PR',1119),(3542,'Rezaknes Apripkis','RE',1119),(3543,'Rigas Apripkis','RI',1119),(3544,'Saldus Apripkis','SA',1119),(3545,'Talsu Apripkis','TA',1119),(3546,'Tukuma Apriplcis','TU',1119),(3547,'Valkas Apripkis','VK',1119),(3548,'Valmieras Apripkis','VM',1119),(3549,'Ventspils Apripkis','VE',1119),(3550,'Daugavpils','DGV',1119),(3551,'Jelgava','JEL',1119),(3552,'Jurmala','JUR',1119),(3553,'Liepaja','LPX',1119),(3554,'Rezekne','REZ',1119),(3555,'Riga','RIX',1119),(3556,'Ventspils','VEN',1119),(3557,'Ajdbiy','AJ',1123),(3558,'Al Bunn','BU',1123),(3559,'Al Hizm al Akhdar','HZ',1123),(3560,'Al Jabal al Akhdar','JA',1123),(3561,'Al Jifrah','JI',1123),(3562,'Al Jufrah','JU',1123),(3563,'Al Kufrah','KF',1123),(3564,'Al Marj','MJ',1123),(3565,'Al Marqab','MB',1123),(3566,'Al Qarn','QT',1123),(3567,'Al Qubbah','QB',1123),(3568,'Al Whah','WA',1123),(3569,'An Nuqa al Khams','NQ',1123),(3570,'Ash Shi\'','SH',1123),(3571,'Az Zwiyah','ZA',1123),(3572,'Banghz','BA',1123),(3573,'Ban Wald','BW',1123),(3574,'Darnah','DR',1123),(3575,'Ghadmis','GD',1123),(3576,'Gharyn','GR',1123),(3577,'Ght','GT',1123),(3578,'Jaghbb','JB',1123),(3579,'Mirtah','MI',1123),(3580,'Mizdah','MZ',1123),(3581,'Murzuq','MQ',1123),(3582,'Nlt','NL',1123),(3583,'Sabh','SB',1123),(3584,'abrtah urmn','SS',1123),(3585,'Surt','SR',1123),(3586,'Tjr\' wa an Nawh al Arbh','TN',1123),(3587,'arbulus','TB',1123),(3588,'Tarhnah-Masalltah','TM',1123),(3589,'Wd al hayt','WD',1123),(3590,'Yafran-Jd','YJ',1123),(3591,'Agadir','AGD',1146),(3592,'At Baha','BAH',1146),(3593,'At Melloul','MEL',1146),(3594,'Al Haouz','HAO',1146),(3595,'Al Hocema','HOC',1146),(3596,'Assa-Zag','ASZ',1146),(3597,'Azilal','AZI',1146),(3598,'Beni Mellal','BEM',1146),(3599,'Ben Sllmane','BES',1146),(3600,'Berkane','BER',1146),(3601,'Boujdour','BOD',1146),(3602,'Boulemane','BOM',1146),(3603,'Casablanca  [Dar el Beda]','CAS',1146),(3604,'Chefchaouene','CHE',1146),(3605,'Chichaoua','CHI',1146),(3606,'El Hajeb','HAJ',1146),(3607,'El Jadida','JDI',1146),(3608,'Errachidia','ERR',1146),(3609,'Essaouira','ESI',1146),(3610,'Es Smara','ESM',1146),(3611,'Fs','FES',1146),(3612,'Figuig','FIG',1146),(3613,'Guelmim','GUE',1146),(3614,'Ifrane','IFR',1146),(3615,'Jerada','JRA',1146),(3616,'Kelaat Sraghna','KES',1146),(3617,'Knitra','KEN',1146),(3618,'Khemisaet','KHE',1146),(3619,'Khenifra','KHN',1146),(3620,'Khouribga','KHO',1146),(3621,'Layoune (EH)','LAA',1146),(3622,'Larache','LAP',1146),(3623,'Marrakech','MAR',1146),(3624,'Meknss','MEK',1146),(3625,'Nador','NAD',1146),(3626,'Ouarzazate','OUA',1146),(3627,'Oued ed Dahab (EH)','OUD',1146),(3628,'Oujda','OUJ',1146),(3629,'Rabat-Sal','RBA',1146),(3630,'Safi','SAF',1146),(3631,'Sefrou','SEF',1146),(3632,'Settat','SET',1146),(3633,'Sidl Kacem','SIK',1146),(3634,'Tanger','TNG',1146),(3635,'Tan-Tan','TNT',1146),(3636,'Taounate','TAO',1146),(3637,'Taroudannt','TAR',1146),(3638,'Tata','TAT',1146),(3639,'Taza','TAZ',1146),(3640,'Ttouan','TET',1146),(3641,'Tiznit','TIZ',1146),(3642,'Gagauzia, Unitate Teritoriala Autonoma','GA',1142),(3643,'Chisinau','CU',1142),(3644,'Stinga Nistrului, unitatea teritoriala din','SN',1142),(3645,'Balti','BA',1142),(3646,'Cahul','CA',1142),(3647,'Edinet','ED',1142),(3648,'Lapusna','LA',1142),(3649,'Orhei','OR',1142),(3650,'Soroca','SO',1142),(3651,'Taraclia','TA',1142),(3652,'Tighina [Bender]','TI',1142),(3653,'Ungheni','UN',1142),(3654,'Antananarivo','T',1129),(3655,'Antsiranana','D',1129),(3656,'Fianarantsoa','F',1129),(3657,'Mahajanga','M',1129),(3658,'Toamasina','A',1129),(3659,'Toliara','U',1129),(3660,'Ailinglapalap','ALL',1135),(3661,'Ailuk','ALK',1135),(3662,'Arno','ARN',1135),(3663,'Aur','AUR',1135),(3664,'Ebon','EBO',1135),(3665,'Eniwetok','ENI',1135),(3666,'Jaluit','JAL',1135),(3667,'Kili','KIL',1135),(3668,'Kwajalein','KWA',1135),(3669,'Lae','LAE',1135),(3670,'Lib','LIB',1135),(3671,'Likiep','LIK',1135),(3672,'Majuro','MAJ',1135),(3673,'Maloelap','MAL',1135),(3674,'Mejit','MEJ',1135),(3675,'Mili','MIL',1135),(3676,'Namorik','NMK',1135),(3677,'Namu','NMU',1135),(3678,'Rongelap','RON',1135),(3679,'Ujae','UJA',1135),(3680,'Ujelang','UJL',1135),(3681,'Utirik','UTI',1135),(3682,'Wotho','WTN',1135),(3683,'Wotje','WTJ',1135),(3684,'Bamako','BK0',1133),(3685,'Gao','7',1133),(3686,'Kayes','1',1133),(3687,'Kidal','8',1133),(3688,'Xoulikoro','2',1133),(3689,'Mopti','5',1133),(3690,'S69ou','4',1133),(3691,'Sikasso','3',1133),(3692,'Tombouctou','6',1133),(3693,'Ayeyarwady','07',1035),(3694,'Bago','02',1035),(3695,'Magway','03',1035),(3696,'Mandalay','04',1035),(3697,'Sagaing','01',1035),(3698,'Tanintharyi','05',1035),(3699,'Yangon','06',1035),(3700,'Chin','14',1035),(3701,'Kachin','11',1035),(3702,'Kayah','12',1035),(3703,'Kayin','13',1035),(3704,'Mon','15',1035),(3705,'Rakhine','16',1035),(3706,'Shan','17',1035),(3707,'Ulanbaatar','1',1144),(3708,'Arhangay','073',1144),(3709,'Bayanhongor','069',1144),(3710,'Bayan-Olgiy','071',1144),(3711,'Bulgan','067',1144),(3712,'Darhan uul','037',1144),(3713,'Dornod','061',1144),(3714,'Dornogov,','063',1144),(3715,'DundgovL','059',1144),(3716,'Dzavhan','057',1144),(3717,'Govi-Altay','065',1144),(3718,'Govi-Smber','064',1144),(3719,'Hentiy','039',1144),(3720,'Hovd','043',1144),(3721,'Hovsgol','041',1144),(3722,'Omnogovi','053',1144),(3723,'Orhon','035',1144),(3724,'Ovorhangay','055',1144),(3725,'Selenge','049',1144),(3726,'Shbaatar','051',1144),(3727,'Tov','047',1144),(3728,'Uvs','046',1144),(3729,'Nouakchott','NKC',1137),(3730,'Assaba','03',1137),(3731,'Brakna','05',1137),(3732,'Dakhlet Nouadhibou','08',1137),(3733,'Gorgol','04',1137),(3734,'Guidimaka','10',1137),(3735,'Hodh ech Chargui','01',1137),(3736,'Hodh el Charbi','02',1137),(3737,'Inchiri','12',1137),(3738,'Tagant','09',1137),(3739,'Tiris Zemmour','11',1137),(3740,'Trarza','06',1137),(3741,'Beau Bassin-Rose Hill','BR',1138),(3742,'Curepipe','CU',1138),(3743,'Port Louis','PU',1138),(3744,'Quatre Bornes','QB',1138),(3745,'Vacosa-Phoenix','VP',1138),(3746,'Black River','BL',1138),(3747,'Flacq','FL',1138),(3748,'Grand Port','GP',1138),(3749,'Moka','MO',1138),(3750,'Pamplemousses','PA',1138),(3751,'Plaines Wilhems','PW',1138),(3752,'Riviere du Rempart','RP',1138),(3753,'Savanne','SA',1138),(3754,'Agalega Islands','AG',1138),(3755,'Cargados Carajos Shoals','CC',1138),(3756,'Rodrigues Island','RO',1138),(3757,'Male','MLE',1132),(3758,'Alif','02',1132),(3759,'Baa','20',1132),(3760,'Dhaalu','17',1132),(3761,'Faafu','14',1132),(3762,'Gaaf Alif','27',1132),(3763,'Gaefu Dhaalu','28',1132),(3764,'Gnaviyani','29',1132),(3765,'Haa Alif','07',1132),(3766,'Haa Dhaalu','23',1132),(3767,'Kaafu','26',1132),(3768,'Laamu','05',1132),(3769,'Lhaviyani','03',1132),(3770,'Meemu','12',1132),(3771,'Noonu','25',1132),(3772,'Raa','13',1132),(3773,'Seenu','01',1132),(3774,'Shaviyani','24',1132),(3775,'Thaa','08',1132),(3776,'Vaavu','04',1132),(3777,'Balaka','BA',1130),(3778,'Blantyre','BL',1130),(3779,'Chikwawa','CK',1130),(3780,'Chiradzulu','CR',1130),(3781,'Chitipa','CT',1130),(3782,'Dedza','DE',1130),(3783,'Dowa','DO',1130),(3784,'Karonga','KR',1130),(3785,'Kasungu','KS',1130),(3786,'Likoma Island','LK',1130),(3787,'Lilongwe','LI',1130),(3788,'Machinga','MH',1130),(3789,'Mangochi','MG',1130),(3790,'Mchinji','MC',1130),(3791,'Mulanje','MU',1130),(3792,'Mwanza','MW',1130),(3793,'Mzimba','MZ',1130),(3794,'Nkhata Bay','NB',1130),(3795,'Nkhotakota','NK',1130),(3796,'Nsanje','NS',1130),(3797,'Ntcheu','NU',1130),(3798,'Ntchisi','NI',1130),(3799,'Phalomba','PH',1130),(3800,'Rumphi','RU',1130),(3801,'Salima','SA',1130),(3802,'Thyolo','TH',1130),(3803,'Zomba','ZO',1130),(3804,'Aguascalientes','AGU',1140),(3805,'Baja California','BCN',1140),(3806,'Baja California Sur','BCS',1140),(3807,'Campeche','CAM',1140),(3808,'Coahu ila','COA',1140),(3809,'Col ima','COL',1140),(3810,'Chiapas','CHP',1140),(3811,'Chihushua','CHH',1140),(3812,'Durango','DUR',1140),(3813,'Guanajuato','GUA',1140),(3814,'Guerrero','GRO',1140),(3815,'Hidalgo','HID',1140),(3816,'Jalisco','JAL',1140),(3817,'Mexico','MEX',1140),(3818,'Michoacin','MIC',1140),(3819,'Morelos','MOR',1140),(3820,'Nayarit','NAY',1140),(3821,'Nuevo Leon','NLE',1140),(3822,'Oaxaca','OAX',1140),(3823,'Puebla','PUE',1140),(3824,'Queretaro','QUE',1140),(3825,'Quintana Roo','ROO',1140),(3826,'San Luis Potosi','SLP',1140),(3827,'Sinaloa','SIN',1140),(3828,'Sonora','SON',1140),(3829,'Tabasco','TAB',1140),(3830,'Tamaulipas','TAM',1140),(3831,'Tlaxcala','TLA',1140),(3832,'Veracruz','VER',1140),(3833,'Yucatan','YUC',1140),(3834,'Zacatecas','ZAC',1140),(3835,'Wilayah Persekutuan Kuala Lumpur','14',1131),(3836,'Wilayah Persekutuan Labuan','15',1131),(3837,'Wilayah Persekutuan Putrajaya','16',1131),(3838,'Johor','01',1131),(3839,'Kedah','02',1131),(3840,'Kelantan','03',1131),(3841,'Melaka','04',1131),(3842,'Negeri Sembilan','05',1131),(3843,'Pahang','06',1131),(3844,'Perak','08',1131),(3845,'Perlis','09',1131),(3846,'Pulau Pinang','07',1131),(3847,'Sabah','12',1131),(3848,'Sarawak','13',1131),(3849,'Selangor','10',1131),(3850,'Terengganu','11',1131),(3851,'Maputo','MPM',1147),(3852,'Cabo Delgado','P',1147),(3853,'Gaza','G',1147),(3854,'Inhambane','I',1147),(3855,'Manica','B',1147),(3856,'Numpula','N',1147),(3857,'Niaaea','A',1147),(3858,'Sofala','S',1147),(3859,'Tete','T',1147),(3860,'Zambezia','Q',1147),(3861,'Caprivi','CA',1148),(3862,'Erongo','ER',1148),(3863,'Hardap','HA',1148),(3864,'Karas','KA',1148),(3865,'Khomae','KH',1148),(3866,'Kunene','KU',1148),(3867,'Ohangwena','OW',1148),(3868,'Okavango','OK',1148),(3869,'Omaheke','OH',1148),(3870,'Omusati','OS',1148),(3871,'Oshana','ON',1148),(3872,'Oshikoto','OT',1148),(3873,'Otjozondjupa','OD',1148),(3874,'Niamey','8',1156),(3875,'Agadez','1',1156),(3876,'Diffa','2',1156),(3877,'Dosso','3',1156),(3878,'Maradi','4',1156),(3879,'Tahoua','S',1156),(3880,'Tillaberi','6',1156),(3881,'Zinder','7',1156),(3882,'Abuja Capital Territory','FC',1157),(3883,'Abia','AB',1157),(3884,'Adamawa','AD',1157),(3885,'Akwa Ibom','AK',1157),(3886,'Anambra','AN',1157),(3887,'Bauchi','BA',1157),(3888,'Bayelsa','BY',1157),(3889,'Benue','BE',1157),(3890,'Borno','BO',1157),(3891,'Cross River','CR',1157),(3892,'Delta','DE',1157),(3893,'Ebonyi','EB',1157),(3894,'Edo','ED',1157),(3895,'Ekiti','EK',1157),(3896,'Enugu','EN',1157),(3897,'Gombe','GO',1157),(3898,'Imo','IM',1157),(3899,'Jigawa','JI',1157),(3900,'Kaduna','KD',1157),(3901,'Kano','KN',1157),(3902,'Katsina','KT',1157),(3903,'Kebbi','KE',1157),(3904,'Kogi','KO',1157),(3905,'Kwara','KW',1157),(3906,'Lagos','LA',1157),(3907,'Nassarawa','NA',1157),(3908,'Niger','NI',1157),(3909,'Ogun','OG',1157),(3910,'Ondo','ON',1157),(3911,'Osun','OS',1157),(3912,'Oyo','OY',1157),(3913,'Rivers','RI',1157),(3914,'Sokoto','SO',1157),(3915,'Taraba','TA',1157),(3916,'Yobe','YO',1157),(3917,'Zamfara','ZA',1157),(3918,'Boaco','BO',1155),(3919,'Carazo','CA',1155),(3920,'Chinandega','CI',1155),(3921,'Chontales','CO',1155),(3922,'Esteli','ES',1155),(3923,'Jinotega','JI',1155),(3924,'Leon','LE',1155),(3925,'Madriz','MD',1155),(3926,'Managua','MN',1155),(3927,'Masaya','MS',1155),(3928,'Matagalpa','MT',1155),(3929,'Nueva Segovia','NS',1155),(3930,'Rio San Juan','SJ',1155),(3931,'Rivas','RI',1155),(3932,'Atlantico Norte','AN',1155),(3933,'Atlantico Sur','AS',1155),(3934,'Drente','DR',1152),(3935,'Flevoland','FL',1152),(3936,'Friesland','FR',1152),(3937,'Gelderland','GL',1152),(3938,'Groningen','GR',1152),(3939,'Noord-Brabant','NB',1152),(3940,'Noord-Holland','NH',1152),(3941,'Overijssel','OV',1152),(3942,'Utrecht','UT',1152),(3943,'Zuid-Holland','ZH',1152),(3944,'Zeeland','ZL',1152),(3945,'Akershus','02',1161),(3946,'Aust-Agder','09',1161),(3947,'Buskerud','06',1161),(3948,'Finumark','20',1161),(3949,'Hedmark','04',1161),(3950,'Hordaland','12',1161),(3951,'Mire og Romsdal','15',1161),(3952,'Nordland','18',1161),(3953,'Nord-Trindelag','17',1161),(3954,'Oppland','05',1161),(3955,'Oslo','03',1161),(3956,'Rogaland','11',1161),(3957,'Sogn og Fjordane','14',1161),(3958,'Sir-Trindelag','16',1161),(3959,'Telemark','06',1161),(3960,'Troms','19',1161),(3961,'Vest-Agder','10',1161),(3962,'Vestfold','07',1161),(3963,'Ostfold','01',1161),(3964,'Jan Mayen','22',1161),(3965,'Svalbard','21',1161),(3966,'Auckland','AUK',1154),(3967,'Bay of Plenty','BOP',1154),(3968,'Canterbury','CAN',1154),(3969,'Gisborne','GIS',1154),(3970,'Hawkes Bay','HKB',1154),(3971,'Manawatu-Wanganui','MWT',1154),(3972,'Marlborough','MBH',1154),(3973,'Nelson','NSN',1154),(3974,'Northland','NTL',1154),(3975,'Otago','OTA',1154),(3976,'Southland','STL',1154),(3977,'Taranaki','TKI',1154),(3978,'Tasman','TAS',1154),(3979,'waikato','WKO',1154),(3980,'Wellington','WGN',1154),(3981,'West Coast','WTC',1154),(3982,'Ad Dakhillyah','DA',1162),(3983,'Al Batinah','BA',1162),(3984,'Al Janblyah','JA',1162),(3985,'Al Wusta','WU',1162),(3986,'Ash Sharqlyah','SH',1162),(3987,'Az Zahirah','ZA',1162),(3988,'Masqat','MA',1162),(3989,'Musandam','MU',1162),(3990,'Bocas del Toro','1',1166),(3991,'Cocle','2',1166),(3992,'Chiriqui','4',1166),(3993,'Darien','5',1166),(3994,'Herrera','6',1166),(3995,'Loa Santoa','7',1166),(3996,'Panama','8',1166),(3997,'Veraguas','9',1166),(3998,'Comarca de San Blas','Q',1166),(3999,'El Callao','CAL',1169),(4000,'Ancash','ANC',1169),(4001,'Apurimac','APU',1169),(4002,'Arequipa','ARE',1169),(4003,'Ayacucho','AYA',1169),(4004,'Cajamarca','CAJ',1169),(4005,'Cuzco','CUS',1169),(4006,'Huancavelica','HUV',1169),(4007,'Huanuco','HUC',1169),(4008,'Ica','ICA',1169),(4009,'Junin','JUN',1169),(4010,'La Libertad','LAL',1169),(4011,'Lambayeque','LAM',1169),(4012,'Lima','LIM',1169),(4013,'Loreto','LOR',1169),(4014,'Madre de Dios','MDD',1169),(4015,'Moquegua','MOQ',1169),(4016,'Pasco','PAS',1169),(4017,'Piura','PIU',1169),(4018,'Puno','PUN',1169),(4019,'San Martin','SAM',1169),(4020,'Tacna','TAC',1169),(4021,'Tumbes','TUM',1169),(4022,'Ucayali','UCA',1169),(4023,'National Capital District (Port Moresby)','NCD',1167),(4024,'Chimbu','CPK',1167),(4025,'Eastern Highlands','EHG',1167),(4026,'East New Britain','EBR',1167),(4027,'East Sepik','ESW',1167),(4028,'Enga','EPW',1167),(4029,'Gulf','GPK',1167),(4030,'Madang','MPM',1167),(4031,'Manus','MRL',1167),(4032,'Milne Bay','MBA',1167),(4033,'Morobe','MPL',1167),(4034,'New Ireland','NIK',1167),(4035,'North Solomons','NSA',1167),(4036,'Santaun','SAN',1167),(4037,'Southern Highlands','SHM',1167),(4038,'Western Highlands','WHM',1167),(4039,'West New Britain','WBK',1167),(4040,'Abra','ABR',1170),(4041,'Agusan del Norte','AGN',1170),(4042,'Agusan del Sur','AGS',1170),(4043,'Aklan','AKL',1170),(4044,'Albay','ALB',1170),(4045,'Antique','ANT',1170),(4046,'Apayao','APA',1170),(4047,'Aurora','AUR',1170),(4048,'Basilan','BAS',1170),(4049,'Batasn','BAN',1170),(4050,'Batanes','BTN',1170),(4051,'Batangas','BTG',1170),(4052,'Benguet','BEN',1170),(4053,'Biliran','BIL',1170),(4054,'Bohol','BOH',1170),(4055,'Bukidnon','BUK',1170),(4056,'Bulacan','BUL',1170),(4057,'Cagayan','CAG',1170),(4058,'Camarines Norte','CAN',1170),(4059,'Camarines Sur','CAS',1170),(4060,'Camiguin','CAM',1170),(4061,'Capiz','CAP',1170),(4062,'Catanduanes','CAT',1170),(4063,'Cavite','CAV',1170),(4064,'Cebu','CEB',1170),(4065,'Compostela Valley','COM',1170),(4066,'Davao','DAV',1170),(4067,'Davao del Sur','DAS',1170),(4068,'Davao Oriental','DAO',1170),(4069,'Eastern Samar','EAS',1170),(4070,'Guimaras','GUI',1170),(4071,'Ifugao','IFU',1170),(4072,'Ilocos Norte','ILN',1170),(4073,'Ilocos Sur','ILS',1170),(4074,'Iloilo','ILI',1170),(4075,'Isabela','ISA',1170),(4076,'Kalinga-Apayso','KAL',1170),(4077,'Laguna','LAG',1170),(4078,'Lanao del Norte','LAN',1170),(4079,'Lanao del Sur','LAS',1170),(4080,'La Union','LUN',1170),(4081,'Leyte','LEY',1170),(4082,'Maguindanao','MAG',1170),(4083,'Marinduque','MAD',1170),(4084,'Masbate','MAS',1170),(4085,'Mindoro Occidental','MDC',1170),(4086,'Mindoro Oriental','MDR',1170),(4087,'Misamis Occidental','MSC',1170),(4088,'Misamis Oriental','MSR',1170),(4089,'Mountain Province','MOU',1170),(4090,'Negroe Occidental','NEC',1170),(4091,'Negros Oriental','NER',1170),(4092,'North Cotabato','NCO',1170),(4093,'Northern Samar','NSA',1170),(4094,'Nueva Ecija','NUE',1170),(4095,'Nueva Vizcaya','NUV',1170),(4096,'Palawan','PLW',1170),(4097,'Pampanga','PAM',1170),(4098,'Pangasinan','PAN',1170),(4099,'Quezon','QUE',1170),(4100,'Quirino','QUI',1170),(4101,'Rizal','RIZ',1170),(4102,'Romblon','ROM',1170),(4103,'Sarangani','SAR',1170),(4104,'Siquijor','SIG',1170),(4105,'Sorsogon','SOR',1170),(4106,'South Cotabato','SCO',1170),(4107,'Southern Leyte','SLE',1170),(4108,'Sultan Kudarat','SUK',1170),(4109,'Sulu','SLU',1170),(4110,'Surigao del Norte','SUN',1170),(4111,'Surigao del Sur','SUR',1170),(4112,'Tarlac','TAR',1170),(4113,'Tawi-Tawi','TAW',1170),(4114,'Western Samar','WSA',1170),(4115,'Zambales','ZMB',1170),(4116,'Zamboanga del Norte','ZAN',1170),(4117,'Zamboanga del Sur','ZAS',1170),(4118,'Zamboanga Sibiguey','ZSI',1170),(4119,'Islamabad','IS',1163),(4120,'Baluchistan (en)','BA',1163),(4121,'North-West Frontier','NW',1163),(4122,'Sind (en)','SD',1163),(4123,'Federally Administered Tribal Aresa','TA',1163),(4124,'Azad Rashmir','JK',1163),(4125,'Northern Areas','NA',1163),(4126,'Aveiro','01',1173),(4127,'Beja','02',1173),(4128,'Braga','03',1173),(4129,'Braganca','04',1173),(4130,'Castelo Branco','05',1173),(4131,'Colmbra','06',1173),(4132,'Ovora','07',1173),(4133,'Faro','08',1173),(4134,'Guarda','09',1173),(4135,'Leiria','10',1173),(4136,'Lisboa','11',1173),(4137,'Portalegre','12',1173),(4138,'Porto','13',1173),(4139,'Santarem','14',1173),(4140,'Setubal','15',1173),(4141,'Viana do Castelo','16',1173),(4142,'Vila Real','17',1173),(4143,'Viseu','18',1173),(4144,'Regiao Autonoma dos Acores','20',1173),(4145,'Regiao Autonoma da Madeira','30',1173),(4146,'Asuncion','ASU',1168),(4147,'Alto Paraguay','16',1168),(4148,'Alto Parana','10',1168),(4149,'Amambay','13',1168),(4150,'Boqueron','19',1168),(4151,'Caeguazu','5',1168),(4152,'Caazapl','6',1168),(4153,'Canindeyu','14',1168),(4154,'Concepcion','1',1168),(4155,'Cordillera','3',1168),(4156,'Guaira','4',1168),(4157,'Itapua','7',1168),(4158,'Miaiones','8',1168),(4159,'Neembucu','12',1168),(4160,'Paraguari','9',1168),(4161,'Presidente Hayes','15',1168),(4162,'San Pedro','2',1168),(4163,'Ad Dawhah','DA',1175),(4164,'Al Ghuwayriyah','GH',1175),(4165,'Al Jumayliyah','JU',1175),(4166,'Al Khawr','KH',1175),(4167,'Al Wakrah','WA',1175),(4168,'Ar Rayyan','RA',1175),(4169,'Jariyan al Batnah','JB',1175),(4170,'Madinat ash Shamal','MS',1175),(4171,'Umm Salal','US',1175),(4172,'Bucuresti','B',1176),(4173,'Alba','AB',1176),(4174,'Arad','AR',1176),(4175,'Arges','AG',1176),(4176,'Bacau','BC',1176),(4177,'Bihor','BH',1176),(4178,'Bistrita-Nasaud','BN',1176),(4179,'Boto\'ani','BT',1176),(4180,'Bra\'ov','BV',1176),(4181,'Braila','BR',1176),(4182,'Buzau','BZ',1176),(4183,'Caras-Severin','CS',1176),(4184,'Ca la ras\'i','CL',1176),(4185,'Cluj','CJ',1176),(4186,'Constant\'a','CT',1176),(4187,'Covasna','CV',1176),(4188,'Dambovit\'a','DB',1176),(4189,'Dolj','DJ',1176),(4190,'Galat\'i','GL',1176),(4191,'Giurgiu','GR',1176),(4192,'Gorj','GJ',1176),(4193,'Harghita','HR',1176),(4194,'Hunedoara','HD',1176),(4195,'Ialomit\'a','IL',1176),(4196,'Ias\'i','IS',1176),(4197,'Ilfov','IF',1176),(4198,'Maramures','MM',1176),(4199,'Mehedint\'i','MH',1176),(4200,'Mures','MS',1176),(4201,'Neamt','NT',1176),(4202,'Olt','OT',1176),(4203,'Prahova','PH',1176),(4204,'Satu Mare','SM',1176),(4205,'Sa laj','SJ',1176),(4206,'Sibiu','SB',1176),(4207,'Suceava','SV',1176),(4208,'Teleorman','TR',1176),(4209,'Timis','TM',1176),(4210,'Tulcea','TL',1176),(4211,'Vaslui','VS',1176),(4212,'Valcea','VL',1176),(4213,'Vrancea','VN',1176),(4214,'Adygeya, Respublika','AD',1177),(4215,'Altay, Respublika','AL',1177),(4216,'Bashkortostan, Respublika','BA',1177),(4217,'Buryatiya, Respublika','BU',1177),(4218,'Chechenskaya Respublika','CE',1177),(4219,'Chuvashskaya Respublika','CU',1177),(4220,'Dagestan, Respublika','DA',1177),(4221,'Ingushskaya Respublika','IN',1177),(4222,'Kabardino-Balkarskaya','KB',1177),(4223,'Kalmykiya, Respublika','KL',1177),(4224,'Karachayevo-Cherkesskaya Respublika','KC',1177),(4225,'Kareliya, Respublika','KR',1177),(4226,'Khakasiya, Respublika','KK',1177),(4227,'Komi, Respublika','KO',1177),(4228,'Mariy El, Respublika','ME',1177),(4229,'Mordoviya, Respublika','MO',1177),(4230,'Sakha, Respublika [Yakutiya]','SA',1177),(4231,'Severnaya Osetiya, Respublika','SE',1177),(4232,'Tatarstan, Respublika','TA',1177),(4233,'Tyva, Respublika [Tuva]','TY',1177),(4234,'Udmurtskaya Respublika','UD',1177),(4235,'Altayskiy kray','ALT',1177),(4236,'Khabarovskiy kray','KHA',1177),(4237,'Krasnodarskiy kray','KDA',1177),(4238,'Krasnoyarskiy kray','KYA',1177),(4239,'Primorskiy kray','PRI',1177),(4240,'Stavropol\'skiy kray','STA',1177),(4241,'Amurskaya oblast\'','AMU',1177),(4242,'Arkhangel\'skaya oblast\'','ARK',1177),(4243,'Astrakhanskaya oblast\'','AST',1177),(4244,'Belgorodskaya oblast\'','BEL',1177),(4245,'Bryanskaya oblast\'','BRY',1177),(4246,'Chelyabinskaya oblast\'','CHE',1177),(4247,'Chitinskaya oblast\'','CHI',1177),(4248,'Irkutskaya oblast\'','IRK',1177),(4249,'Ivanovskaya oblast\'','IVA',1177),(4250,'Kaliningradskaya oblast\'','KGD',1177),(4251,'Kaluzhskaya oblast\'','KLU',1177),(4252,'Kamchatskaya oblast\'','KAM',1177),(4253,'Kemerovskaya oblast\'','KEM',1177),(4254,'Kirovskaya oblast\'','KIR',1177),(4255,'Kostromskaya oblast\'','KOS',1177),(4256,'Kurganskaya oblast\'','KGN',1177),(4257,'Kurskaya oblast\'','KRS',1177),(4258,'Leningradskaya oblast\'','LEN',1177),(4259,'Lipetskaya oblast\'','LIP',1177),(4260,'Magadanskaya oblast\'','MAG',1177),(4261,'Moskovskaya oblast\'','MOS',1177),(4262,'Murmanskaya oblast\'','MUR',1177),(4263,'Nizhegorodskaya oblast\'','NIZ',1177),(4264,'Novgorodskaya oblast\'','NGR',1177),(4265,'Novosibirskaya oblast\'','NVS',1177),(4266,'Omskaya oblast\'','OMS',1177),(4267,'Orenburgskaya oblast\'','ORE',1177),(4268,'Orlovskaya oblast\'','ORL',1177),(4269,'Penzenskaya oblast\'','PNZ',1177),(4270,'Permskaya oblast\'','PER',1177),(4271,'Pskovskaya oblast\'','PSK',1177),(4272,'Rostovskaya oblast\'','ROS',1177),(4273,'Ryazanskaya oblast\'','RYA',1177),(4274,'Sakhalinskaya oblast\'','SAK',1177),(4275,'Samarskaya oblast\'','SAM',1177),(4276,'Saratovskaya oblast\'','SAR',1177),(4277,'Smolenskaya oblast\'','SMO',1177),(4278,'Sverdlovskaya oblast\'','SVE',1177),(4279,'Tambovskaya oblast\'','TAM',1177),(4280,'Tomskaya oblast\'','TOM',1177),(4281,'Tul\'skaya oblast\'','TUL',1177),(4282,'Tverskaya oblast\'','TVE',1177),(4283,'Tyumenskaya oblast\'','TYU',1177),(4284,'Ul\'yanovskaya oblast\'','ULY',1177),(4285,'Vladimirskaya oblast\'','VLA',1177),(4286,'Volgogradskaya oblast\'','VGG',1177),(4287,'Vologodskaya oblast\'','VLG',1177),(4288,'Voronezhskaya oblast\'','VOR',1177),(4289,'Yaroslavskaya oblast\'','YAR',1177),(4290,'Moskva','MOW',1177),(4291,'Sankt-Peterburg','SPE',1177),(4292,'Yevreyskaya avtonomnaya oblast\'','YEV',1177),(4293,'Aginskiy Buryatskiy avtonomnyy','AGB',1177),(4294,'Chukotskiy avtonomnyy okrug','CHU',1177),(4295,'Evenkiyskiy avtonomnyy okrug','EVE',1177),(4296,'Khanty-Mansiyskiy avtonomnyy okrug','KHM',1177),(4297,'Komi-Permyatskiy avtonomnyy okrug','KOP',1177),(4298,'Koryakskiy avtonomnyy okrug','KOR',1177),(4299,'Nenetskiy avtonomnyy okrug','NEN',1177),(4300,'Taymyrskiy (Dolgano-Nenetskiy)','TAY',1177),(4301,'Ust\'-Ordynskiy Buryatskiy','UOB',1177),(4302,'Yamalo-Nenetskiy avtonomnyy okrug','YAN',1177),(4303,'Butare','C',1178),(4304,'Byumba','I',1178),(4305,'Cyangugu','E',1178),(4306,'Gikongoro','D',1178),(4307,'Gisenyi','G',1178),(4308,'Gitarama','B',1178),(4309,'Kibungo','J',1178),(4310,'Kibuye','F',1178),(4311,'Kigali-Rural Kigali y\' Icyaro','K',1178),(4312,'Kigali-Ville Kigali Ngari','L',1178),(4313,'Mutara','M',1178),(4314,'Ruhengeri','H',1178),(4315,'Al Batah','11',1187),(4316,'Al H,udd ash Shamallyah','08',1187),(4317,'Al Jawf','12',1187),(4318,'Al Madinah','03',1187),(4319,'Al Qasim','05',1187),(4320,'Ar Riyad','01',1187),(4321,'Asir','14',1187),(4322,'Ha\'il','06',1187),(4323,'Jlzan','09',1187),(4324,'Makkah','02',1187),(4325,'Najran','10',1187),(4326,'Tabuk','07',1187),(4327,'Capital Territory (Honiara)','CT',1194),(4328,'Guadalcanal','GU',1194),(4329,'Isabel','IS',1194),(4330,'Makira','MK',1194),(4331,'Malaita','ML',1194),(4332,'Temotu','TE',1194),(4333,'A\'ali an Nil','23',1200),(4334,'Al Bah al Ahmar','26',1200),(4335,'Al Buhayrat','18',1200),(4336,'Al Jazirah','07',1200),(4337,'Al Khartum','03',1200),(4338,'Al Qadarif','06',1200),(4339,'Al Wahdah','22',1200),(4340,'An Nil','04',1200),(4341,'An Nil al Abyaq','08',1200),(4342,'An Nil al Azraq','24',1200),(4343,'Ash Shamallyah','01',1200),(4344,'Bahr al Jabal','17',1200),(4345,'Gharb al Istiwa\'iyah','16',1200),(4346,'Gharb Ba~r al Ghazal','14',1200),(4347,'Gharb Darfur','12',1200),(4348,'Gharb Kurdufan','10',1200),(4349,'Janub Darfur','11',1200),(4350,'Janub Rurdufan','13',1200),(4351,'Jnqall','20',1200),(4352,'Kassala','05',1200),(4353,'Shamal Batr al Ghazal','15',1200),(4354,'Shamal Darfur','02',1200),(4355,'Shamal Kurdufan','09',1200),(4356,'Sharq al Istiwa\'iyah','19',1200),(4357,'Sinnar','25',1200),(4358,'Warab','21',1200),(4359,'Blekinge lan','K',1204),(4360,'Dalarnas lan','W',1204),(4361,'Gotlands lan','I',1204),(4362,'Gavleborge lan','X',1204),(4363,'Hallands lan','N',1204),(4364,'Jamtlande lan','Z',1204),(4365,'Jonkopings lan','F',1204),(4366,'Kalmar lan','H',1204),(4367,'Kronoberge lan','G',1204),(4368,'Norrbottena lan','BD',1204),(4369,'Skane lan','M',1204),(4370,'Stockholms lan','AB',1204),(4371,'Sodermanlands lan','D',1204),(4372,'Uppsala lan','C',1204),(4373,'Varmlanda lan','S',1204),(4374,'Vasterbottens lan','AC',1204),(4375,'Vasternorrlands lan','Y',1204),(4376,'Vastmanlanda lan','U',1204),(4377,'Vastra Gotalands lan','Q',1204),(4378,'Orebro lan','T',1204),(4379,'Ostergotlands lan','E',1204),(4380,'Saint Helena','SH',1180),(4381,'Ascension','AC',1180),(4382,'Tristan da Cunha','TA',1180),(4383,'Ajdovscina','001',1193),(4384,'Beltinci','002',1193),(4385,'Benedikt','148',1193),(4386,'Bistrica ob Sotli','149',1193),(4387,'Bled','003',1193),(4388,'Bloke','150',1193),(4389,'Bohinj','004',1193),(4390,'Borovnica','005',1193),(4391,'Bovec','006',1193),(4392,'Braslovce','151',1193),(4393,'Brda','007',1193),(4394,'Brezovica','008',1193),(4395,'Brezica','009',1193),(4396,'Cankova','152',1193),(4397,'Celje','011',1193),(4398,'Cerklje na Gorenjskem','012',1193),(4399,'Cerknica','013',1193),(4400,'Cerkno','014',1193),(4401,'Cerkvenjak','153',1193),(4402,'Crensovci','015',1193),(4403,'Crna na Koroskem','016',1193),(4404,'Crnomelj','017',1193),(4405,'Destrnik','018',1193),(4406,'Divaca','019',1193),(4407,'Dobje','154',1193),(4408,'Dobrepolje','020',1193),(4409,'Dobrna','155',1193),(4410,'Dobrova-Polhov Gradec','021',1193),(4411,'Dobrovnik','156',1193),(4412,'Dol pri Ljubljani','022',1193),(4413,'Dolenjske Toplice','157',1193),(4414,'Domzale','023',1193),(4415,'Dornava','024',1193),(4416,'Dravograd','025',1193),(4417,'Duplek','026',1193),(4418,'Gorenja vas-Poljane','027',1193),(4419,'Gorsnica','028',1193),(4420,'Gornja Radgona','029',1193),(4421,'Gornji Grad','030',1193),(4422,'Gornji Petrovci','031',1193),(4423,'Grad','158',1193),(4424,'Grosuplje','032',1193),(4425,'Hajdina','159',1193),(4426,'Hoce-Slivnica','160',1193),(4427,'Hodos','161',1193),(4428,'Jorjul','162',1193),(4429,'Hrastnik','034',1193),(4430,'Hrpelje-Kozina','035',1193),(4431,'Idrija','036',1193),(4432,'Ig','037',1193),(4433,'IIrska Bistrica','038',1193),(4434,'Ivancna Gorica','039',1193),(4435,'Izola','040',1193),(4436,'Jesenice','041',1193),(4437,'Jezersko','163',1193),(4438,'Jursinci','042',1193),(4439,'Kamnik','043',1193),(4440,'Kanal','044',1193),(4441,'Kidricevo','045',1193),(4442,'Kobarid','046',1193),(4443,'Kobilje','047',1193),(4444,'Jovevje','048',1193),(4445,'Komen','049',1193),(4446,'Komenda','164',1193),(4447,'Koper','050',1193),(4448,'Kostel','165',1193),(4449,'Kozje','051',1193),(4450,'Kranj','052',1193),(4451,'Kranjska Gora','053',1193),(4452,'Krizevci','166',1193),(4453,'Krsko','054',1193),(4454,'Kungota','055',1193),(4455,'Kuzma','056',1193),(4456,'Lasko','057',1193),(4457,'Lenart','058',1193),(4458,'Lendava','059',1193),(4459,'Litija','060',1193),(4460,'Ljubljana','061',1193),(4461,'Ljubno','062',1193),(4462,'Ljutomer','063',1193),(4463,'Logatec','064',1193),(4464,'Loska dolina','065',1193),(4465,'Loski Potok','066',1193),(4466,'Lovrenc na Pohorju','167',1193),(4467,'Luce','067',1193),(4468,'Lukovica','068',1193),(4469,'Majsperk','069',1193),(4470,'Maribor','070',1193),(4471,'Markovci','168',1193),(4472,'Medvode','071',1193),(4473,'Menges','072',1193),(4474,'Metlika','073',1193),(4475,'Mezica','074',1193),(4476,'Miklavz na Dravskern polju','169',1193),(4477,'Miren-Kostanjevica','075',1193),(4478,'Mirna Pec','170',1193),(4479,'Mislinja','076',1193),(4480,'Moravce','077',1193),(4481,'Moravske Toplice','078',1193),(4482,'Mozirje','079',1193),(4483,'Murska Sobota','080',1193),(4484,'Muta','081',1193),(4485,'Naklo','082',1193),(4486,'Nazarje','083',1193),(4487,'Nova Gorica','084',1193),(4488,'Nova mesto','085',1193),(4489,'Sveta Ana','181',1193),(4490,'Sveti Andraz v Slovenskih goricah','182',1193),(4491,'Sveti Jurij','116',1193),(4492,'Salovci','033',1193),(4493,'Sempeter-Vrtojba','183',1193),(4494,'Sencur','117',1193),(4495,'Sentilj','118',1193),(4496,'Sentjernej','119',1193),(4497,'Sentjur pri Celju','120',1193),(4498,'Skocjan','121',1193),(4499,'Skofja Loka','122',1193),(4500,'Skoftjica','123',1193),(4501,'Smarje pri Jelsah','124',1193),(4502,'Smartno ob Paki','125',1193),(4503,'Smartno pri Litiji','194',1193),(4504,'Sostanj','126',1193),(4505,'Store','127',1193),(4506,'Tabor','184',1193),(4507,'Tisina','010',1193),(4508,'Tolmin','128',1193),(4509,'Trbovje','129',1193),(4510,'Trebnje','130',1193),(4511,'Trnovska vas','185',1193),(4512,'Trzic','131',1193),(4513,'Trzin','186',1193),(4514,'Turnisce','132',1193),(4515,'Velenje','133',1193),(4516,'Velika Polana','187',1193),(4517,'Velika Lasce','134',1193),(4518,'Verzej','188',1193),(4519,'Videm','135',1193),(4520,'Vipava','136',1193),(4521,'Vitanje','137',1193),(4522,'Vojnik','138',1193),(4523,'Vransko','189',1193),(4524,'Vrhnika','140',1193),(4525,'Vuzenica','141',1193),(4526,'Zagorje ob Savi','142',1193),(4527,'Zavrc','143',1193),(4528,'Zrece','144',1193),(4529,'Zalec','190',1193),(4530,'Zelezniki','146',1193),(4531,'Zetale','191',1193),(4532,'Ziri','147',1193),(4533,'Zirovnica','192',1193),(4534,'Zuzemberk','193',1193),(4535,'Banskobystrick kraj','BC',1192),(4536,'Bratislavsk kraj','BL',1192),(4537,'Koick kraj','KI',1192),(4538,'Nitriansky kraj','NJ',1192),(4539,'Preovsk kraj','PV',1192),(4540,'Treniansky kraj','TC',1192),(4541,'Trnavsk kraj','TA',1192),(4542,'ilinsk kraj','ZI',1192),(4543,'Western Area (Freetown)','W',1190),(4544,'Dakar','DK',1188),(4545,'Diourbel','DB',1188),(4546,'Fatick','FK',1188),(4547,'Kaolack','KL',1188),(4548,'Kolda','KD',1188),(4549,'Louga','LG',1188),(4550,'Matam','MT',1188),(4551,'Saint-Louis','SL',1188),(4552,'Tambacounda','TC',1188),(4553,'Thies','TH',1188),(4554,'Ziguinchor','ZG',1188),(4555,'Awdal','AW',1195),(4556,'Bakool','BK',1195),(4557,'Banaadir','BN',1195),(4558,'Bay','BY',1195),(4559,'Galguduud','GA',1195),(4560,'Gedo','GE',1195),(4561,'Hiirsan','HI',1195),(4562,'Jubbada Dhexe','JD',1195),(4563,'Jubbada Hoose','JH',1195),(4564,'Mudug','MU',1195),(4565,'Nugaal','NU',1195),(4566,'Saneag','SA',1195),(4567,'Shabeellaha Dhexe','SD',1195),(4568,'Shabeellaha Hoose','SH',1195),(4569,'Sool','SO',1195),(4570,'Togdheer','TO',1195),(4571,'Woqooyi Galbeed','WO',1195),(4572,'Brokopondo','BR',1201),(4573,'Commewijne','CM',1201),(4574,'Coronie','CR',1201),(4575,'Marowijne','MA',1201),(4576,'Nickerie','NI',1201),(4577,'Paramaribo','PM',1201),(4578,'Saramacca','SA',1201),(4579,'Sipaliwini','SI',1201),(4580,'Wanica','WA',1201),(4581,'Principe','P',1207),(4582,'Sao Tome','S',1207),(4583,'Ahuachapan','AH',1066),(4584,'Cabanas','CA',1066),(4585,'Cuscatlan','CU',1066),(4586,'Chalatenango','CH',1066),(4587,'Morazan','MO',1066),(4588,'San Miguel','SM',1066),(4589,'San Salvador','SS',1066),(4590,'Santa Ana','SA',1066),(4591,'San Vicente','SV',1066),(4592,'Sonsonate','SO',1066),(4593,'Usulutan','US',1066),(4594,'Al Hasakah','HA',1206),(4595,'Al Ladhiqiyah','LA',1206),(4596,'Al Qunaytirah','QU',1206),(4597,'Ar Raqqah','RA',1206),(4598,'As Suwayda\'','SU',1206),(4599,'Dar\'a','DR',1206),(4600,'Dayr az Zawr','DY',1206),(4601,'Dimashq','DI',1206),(4602,'Halab','HL',1206),(4603,'Hamah','HM',1206),(4604,'Jim\'','HI',1206),(4605,'Idlib','ID',1206),(4606,'Rif Dimashq','RD',1206),(4607,'Tarts','TA',1206),(4608,'Hhohho','HH',1203),(4609,'Lubombo','LU',1203),(4610,'Manzini','MA',1203),(4611,'Shiselweni','SH',1203),(4612,'Batha','BA',1043),(4613,'Biltine','BI',1043),(4614,'Borkou-Ennedi-Tibesti','BET',1043),(4615,'Chari-Baguirmi','CB',1043),(4616,'Guera','GR',1043),(4617,'Kanem','KA',1043),(4618,'Lac','LC',1043),(4619,'Logone-Occidental','LO',1043),(4620,'Logone-Oriental','LR',1043),(4621,'Mayo-Kebbi','MK',1043),(4622,'Moyen-Chari','MC',1043),(4623,'Ouaddai','OD',1043),(4624,'Salamat','SA',1043),(4625,'Tandjile','TA',1043),(4626,'Kara','K',1214),(4627,'Maritime (Region)','M',1214),(4628,'Savannes','S',1214),(4629,'Krung Thep Maha Nakhon Bangkok','10',1211),(4630,'Phatthaya','S',1211),(4631,'Amnat Charoen','37',1211),(4632,'Ang Thong','15',1211),(4633,'Buri Ram','31',1211),(4634,'Chachoengsao','24',1211),(4635,'Chai Nat','18',1211),(4636,'Chaiyaphum','36',1211),(4637,'Chanthaburi','22',1211),(4638,'Chiang Mai','50',1211),(4639,'Chiang Rai','57',1211),(4640,'Chon Buri','20',1211),(4641,'Chumphon','86',1211),(4642,'Kalasin','46',1211),(4643,'Kamphasng Phet','62',1211),(4644,'Kanchanaburi','71',1211),(4645,'Khon Kaen','40',1211),(4646,'Krabi','81',1211),(4647,'Lampang','52',1211),(4648,'Lamphun','51',1211),(4649,'Loei','42',1211),(4650,'Lop Buri','16',1211),(4651,'Mae Hong Son','58',1211),(4652,'Maha Sarakham','44',1211),(4653,'Mukdahan','49',1211),(4654,'Nakhon Nayok','26',1211),(4655,'Nakhon Pathom','73',1211),(4656,'Nakhon Phanom','48',1211),(4657,'Nakhon Ratchasima','30',1211),(4658,'Nakhon Sawan','60',1211),(4659,'Nakhon Si Thammarat','80',1211),(4660,'Nan','55',1211),(4661,'Narathiwat','96',1211),(4662,'Nong Bua Lam Phu','39',1211),(4663,'Nong Khai','43',1211),(4664,'Nonthaburi','12',1211),(4665,'Pathum Thani','13',1211),(4666,'Pattani','94',1211),(4667,'Phangnga','82',1211),(4668,'Phatthalung','93',1211),(4669,'Phayao','56',1211),(4670,'Phetchabun','67',1211),(4671,'Phetchaburi','76',1211),(4672,'Phichit','66',1211),(4673,'Phitsanulok','65',1211),(4674,'Phrae','54',1211),(4675,'Phra Nakhon Si Ayutthaya','14',1211),(4676,'Phaket','83',1211),(4677,'Prachin Buri','25',1211),(4678,'Prachuap Khiri Khan','77',1211),(4679,'Ranong','85',1211),(4680,'Ratchaburi','70',1211),(4681,'Rayong','21',1211),(4682,'Roi Et','45',1211),(4683,'Sa Kaeo','27',1211),(4684,'Sakon Nakhon','47',1211),(4685,'Samut Prakan','11',1211),(4686,'Samut Sakhon','74',1211),(4687,'Samut Songkhram','75',1211),(4688,'Saraburi','19',1211),(4689,'Satun','91',1211),(4690,'Sing Buri','17',1211),(4691,'Si Sa Ket','33',1211),(4692,'Songkhla','90',1211),(4693,'Sukhothai','64',1211),(4694,'Suphan Buri','72',1211),(4695,'Surat Thani','84',1211),(4696,'Surin','32',1211),(4697,'Tak','63',1211),(4698,'Trang','92',1211),(4699,'Trat','23',1211),(4700,'Ubon Ratchathani','34',1211),(4701,'Udon Thani','41',1211),(4702,'Uthai Thani','61',1211),(4703,'Uttaradit','53',1211),(4704,'Yala','95',1211),(4705,'Yasothon','35',1211),(4706,'Sughd','SU',1209),(4707,'Khatlon','KT',1209),(4708,'Gorno-Badakhshan','GB',1209),(4709,'Ahal','A',1220),(4710,'Balkan','B',1220),(4711,'Dasoguz','D',1220),(4712,'Lebap','L',1220),(4713,'Mary','M',1220),(4714,'Bja','31',1218),(4715,'Ben Arous','13',1218),(4716,'Bizerte','23',1218),(4717,'Gabs','81',1218),(4718,'Gafsa','71',1218),(4719,'Jendouba','32',1218),(4720,'Kairouan','41',1218),(4721,'Rasserine','42',1218),(4722,'Kebili','73',1218),(4723,'L\'Ariana','12',1218),(4724,'Le Ref','33',1218),(4725,'Mahdia','53',1218),(4726,'La Manouba','14',1218),(4727,'Medenine','82',1218),(4728,'Moneatir','52',1218),(4729,'Naboul','21',1218),(4730,'Sfax','61',1218),(4731,'Sidi Bouxid','43',1218),(4732,'Siliana','34',1218),(4733,'Sousse','51',1218),(4734,'Tataouine','83',1218),(4735,'Tozeur','72',1218),(4736,'Tunis','11',1218),(4737,'Zaghouan','22',1218),(4738,'Adana','01',1219),(4739,'Ad yaman','02',1219),(4740,'Afyon','03',1219),(4741,'Ag r','04',1219),(4742,'Aksaray','68',1219),(4743,'Amasya','05',1219),(4744,'Ankara','06',1219),(4745,'Antalya','07',1219),(4746,'Ardahan','75',1219),(4747,'Artvin','08',1219),(4748,'Aydin','09',1219),(4749,'Bal kesir','10',1219),(4750,'Bartin','74',1219),(4751,'Batman','72',1219),(4752,'Bayburt','69',1219),(4753,'Bilecik','11',1219),(4754,'Bingol','12',1219),(4755,'Bitlis','13',1219),(4756,'Bolu','14',1219),(4757,'Burdur','15',1219),(4758,'Bursa','16',1219),(4759,'Canakkale','17',1219),(4760,'Cankir','18',1219),(4761,'Corum','19',1219),(4762,'Denizli','20',1219),(4763,'Diyarbakir','21',1219),(4764,'Duzce','81',1219),(4765,'Edirne','22',1219),(4766,'Elazig','23',1219),(4767,'Erzincan','24',1219),(4768,'Erzurum','25',1219),(4769,'Eskis\'ehir','26',1219),(4770,'Gaziantep','27',1219),(4771,'Giresun','28',1219),(4772,'Gms\'hane','29',1219),(4773,'Hakkari','30',1219),(4774,'Hatay','31',1219),(4775,'Igidir','76',1219),(4776,'Isparta','32',1219),(4777,'Icel','33',1219),(4778,'Istanbul','34',1219),(4779,'Izmir','35',1219),(4780,'Kahramanmaras','46',1219),(4781,'Karabk','78',1219),(4782,'Karaman','70',1219),(4783,'Kars','36',1219),(4784,'Kastamonu','37',1219),(4785,'Kayseri','38',1219),(4786,'Kirikkale','71',1219),(4787,'Kirklareli','39',1219),(4788,'Kirs\'ehir','40',1219),(4789,'Kilis','79',1219),(4790,'Kocaeli','41',1219),(4791,'Konya','42',1219),(4792,'Ktahya','43',1219),(4793,'Malatya','44',1219),(4794,'Manisa','45',1219),(4795,'Mardin','47',1219),(4796,'Mugila','48',1219),(4797,'Mus','49',1219),(4798,'Nevs\'ehir','50',1219),(4799,'Nigide','51',1219),(4800,'Ordu','52',1219),(4801,'Osmaniye','80',1219),(4802,'Rize','53',1219),(4803,'Sakarya','54',1219),(4804,'Samsun','55',1219),(4805,'Siirt','56',1219),(4806,'Sinop','57',1219),(4807,'Sivas','58',1219),(4808,'S\'anliurfa','63',1219),(4809,'S\'rnak','73',1219),(4810,'Tekirdag','59',1219),(4811,'Tokat','60',1219),(4812,'Trabzon','61',1219),(4813,'Tunceli','62',1219),(4814,'Us\'ak','64',1219),(4815,'Van','65',1219),(4816,'Yalova','77',1219),(4817,'Yozgat','66',1219),(4818,'Zonguldak','67',1219),(4819,'Couva-Tabaquite-Talparo','CTT',1217),(4820,'Diego Martin','DMN',1217),(4821,'Eastern Tobago','ETO',1217),(4822,'Penal-Debe','PED',1217),(4823,'Princes Town','PRT',1217),(4824,'Rio Claro-Mayaro','RCM',1217),(4825,'Sangre Grande','SGE',1217),(4826,'San Juan-Laventille','SJL',1217),(4827,'Siparia','SIP',1217),(4828,'Tunapuna-Piarco','TUP',1217),(4829,'Western Tobago','WTO',1217),(4830,'Arima','ARI',1217),(4831,'Chaguanas','CHA',1217),(4832,'Point Fortin','PTF',1217),(4833,'Port of Spain','POS',1217),(4834,'San Fernando','SFO',1217),(4835,'Aileu','AL',1063),(4836,'Ainaro','AN',1063),(4837,'Bacucau','BA',1063),(4838,'Bobonaro','BO',1063),(4839,'Cova Lima','CO',1063),(4840,'Dili','DI',1063),(4841,'Ermera','ER',1063),(4842,'Laulem','LA',1063),(4843,'Liquica','LI',1063),(4844,'Manatuto','MT',1063),(4845,'Manafahi','MF',1063),(4846,'Oecussi','OE',1063),(4847,'Viqueque','VI',1063),(4848,'Changhua','CHA',1208),(4849,'Chiayi','CYQ',1208),(4850,'Hsinchu','HSQ',1208),(4851,'Hualien','HUA',1208),(4852,'Ilan','ILA',1208),(4853,'Kaohsiung','KHQ',1208),(4854,'Miaoli','MIA',1208),(4855,'Nantou','NAN',1208),(4856,'Penghu','PEN',1208),(4857,'Pingtung','PIF',1208),(4858,'Taichung','TXQ',1208),(4859,'Tainan','TNQ',1208),(4860,'Taipei','TPQ',1208),(4861,'Taitung','TTT',1208),(4862,'Taoyuan','TAO',1208),(4863,'Yunlin','YUN',1208),(4864,'Keelung','KEE',1208),(4865,'Arusha','01',1210),(4866,'Dar-es-Salaam','02',1210),(4867,'Dodoma','03',1210),(4868,'Iringa','04',1210),(4869,'Kagera','05',1210),(4870,'Kaskazini Pemba','06',1210),(4871,'Kaskazini Unguja','07',1210),(4872,'Xigoma','08',1210),(4873,'Kilimanjaro','09',1210),(4874,'Rusini Pemba','10',1210),(4875,'Kusini Unguja','11',1210),(4876,'Lindi','12',1210),(4877,'Manyara','26',1210),(4878,'Mara','13',1210),(4879,'Mbeya','14',1210),(4880,'Mjini Magharibi','15',1210),(4881,'Morogoro','16',1210),(4882,'Mtwara','17',1210),(4883,'Pwani','19',1210),(4884,'Rukwa','20',1210),(4885,'Ruvuma','21',1210),(4886,'Shinyanga','22',1210),(4887,'Singida','23',1210),(4888,'Tabora','24',1210),(4889,'Tanga','25',1210),(4890,'Cherkas\'ka Oblast\'','71',1224),(4891,'Chernihivs\'ka Oblast\'','74',1224),(4892,'Chernivets\'ka Oblast\'','77',1224),(4893,'Dnipropetrovs\'ka Oblast\'','12',1224),(4894,'Donets\'ka Oblast\'','14',1224),(4895,'Ivano-Frankivs\'ka Oblast\'','26',1224),(4896,'Kharkivs\'ka Oblast\'','63',1224),(4897,'Khersons\'ka Oblast\'','65',1224),(4898,'Khmel\'nyts\'ka Oblast\'','68',1224),(4899,'Kirovohrads\'ka Oblast\'','35',1224),(4900,'Kyivs\'ka Oblast\'','32',1224),(4901,'Luhans\'ka Oblast\'','09',1224),(4902,'L\'vivs\'ka Oblast\'','46',1224),(4903,'Mykolaivs\'ka Oblast\'','48',1224),(4904,'Odes \'ka Oblast\'','51',1224),(4905,'Poltavs\'ka Oblast\'','53',1224),(4906,'Rivnens\'ka Oblast\'','56',1224),(4907,'Sums \'ka Oblast\'','59',1224),(4908,'Ternopil\'s\'ka Oblast\'','61',1224),(4909,'Vinnyts\'ka Oblast\'','05',1224),(4910,'Volyos\'ka Oblast\'','07',1224),(4911,'Zakarpats\'ka Oblast\'','21',1224),(4912,'Zaporiz\'ka Oblast\'','23',1224),(4913,'Zhytomyrs\'ka Oblast\'','18',1224),(4914,'Respublika Krym','43',1224),(4915,'Kyiv','30',1224),(4916,'Sevastopol','40',1224),(4917,'Adjumani','301',1223),(4918,'Apac','302',1223),(4919,'Arua','303',1223),(4920,'Bugiri','201',1223),(4921,'Bundibugyo','401',1223),(4922,'Bushenyi','402',1223),(4923,'Busia','202',1223),(4924,'Gulu','304',1223),(4925,'Hoima','403',1223),(4926,'Iganga','203',1223),(4927,'Jinja','204',1223),(4928,'Kabale','404',1223),(4929,'Kabarole','405',1223),(4930,'Kaberamaido','213',1223),(4931,'Kalangala','101',1223),(4932,'Kampala','102',1223),(4933,'Kamuli','205',1223),(4934,'Kamwenge','413',1223),(4935,'Kanungu','414',1223),(4936,'Kapchorwa','206',1223),(4937,'Kasese','406',1223),(4938,'Katakwi','207',1223),(4939,'Kayunga','112',1223),(4940,'Kibaale','407',1223),(4941,'Kiboga','103',1223),(4942,'Kisoro','408',1223),(4943,'Kitgum','305',1223),(4944,'Kotido','306',1223),(4945,'Kumi','208',1223),(4946,'Kyenjojo','415',1223),(4947,'Lira','307',1223),(4948,'Luwero','104',1223),(4949,'Masaka','105',1223),(4950,'Masindi','409',1223),(4951,'Mayuge','214',1223),(4952,'Mbale','209',1223),(4953,'Mbarara','410',1223),(4954,'Moroto','308',1223),(4955,'Moyo','309',1223),(4956,'Mpigi','106',1223),(4957,'Mubende','107',1223),(4958,'Mukono','108',1223),(4959,'Nakapiripirit','311',1223),(4960,'Nakasongola','109',1223),(4961,'Nebbi','310',1223),(4962,'Ntungamo','411',1223),(4963,'Pader','312',1223),(4964,'Pallisa','210',1223),(4965,'Rakai','110',1223),(4966,'Rukungiri','412',1223),(4967,'Sembabule','111',1223),(4968,'Sironko','215',1223),(4969,'Soroti','211',1223),(4970,'Tororo','212',1223),(4971,'Wakiso','113',1223),(4972,'Yumbe','313',1223),(4973,'Baker Island','81',1227),(4974,'Howland Island','84',1227),(4975,'Jarvis Island','86',1227),(4976,'Johnston Atoll','67',1227),(4977,'Kingman Reef','89',1227),(4978,'Midway Islands','71',1227),(4979,'Navassa Island','76',1227),(4980,'Palmyra Atoll','95',1227),(4981,'Wake Ialand','79',1227),(4982,'Artigsa','AR',1229),(4983,'Canelones','CA',1229),(4984,'Cerro Largo','CL',1229),(4985,'Colonia','CO',1229),(4986,'Durazno','DU',1229),(4987,'Flores','FS',1229),(4988,'Lavalleja','LA',1229),(4989,'Maldonado','MA',1229),(4990,'Montevideo','MO',1229),(4991,'Paysandu','PA',1229),(4992,'Rivera','RV',1229),(4993,'Rocha','RO',1229),(4994,'Salto','SA',1229),(4995,'Soriano','SO',1229),(4996,'Tacuarembo','TA',1229),(4997,'Treinta y Tres','TT',1229),(4998,'Toshkent (city)','TK',1230),(4999,'Qoraqalpogiston Respublikasi','QR',1230),(5000,'Andijon','AN',1230),(5001,'Buxoro','BU',1230),(5002,'Farg\'ona','FA',1230),(5003,'Jizzax','JI',1230),(5004,'Khorazm','KH',1230),(5005,'Namangan','NG',1230),(5006,'Navoiy','NW',1230),(5007,'Qashqadaryo','QA',1230),(5008,'Samarqand','SA',1230),(5009,'Sirdaryo','SI',1230),(5010,'Surxondaryo','SU',1230),(5011,'Toshkent','TO',1230),(5012,'Xorazm','XO',1230),(5013,'Diatrito Federal','A',1232),(5014,'Anzoategui','B',1232),(5015,'Apure','C',1232),(5016,'Aragua','D',1232),(5017,'Barinas','E',1232),(5018,'Carabobo','G',1232),(5019,'Cojedes','H',1232),(5020,'Falcon','I',1232),(5021,'Guarico','J',1232),(5022,'Lara','K',1232),(5023,'Merida','L',1232),(5024,'Miranda','M',1232),(5025,'Monagas','N',1232),(5026,'Nueva Esparta','O',1232),(5027,'Portuguesa','P',1232),(5028,'Tachira','S',1232),(5029,'Trujillo','T',1232),(5030,'Vargas','X',1232),(5031,'Yaracuy','U',1232),(5032,'Zulia','V',1232),(5033,'Delta Amacuro','Y',1232),(5034,'Dependencias Federales','W',1232),(5035,'An Giang','44',1233),(5036,'Ba Ria - Vung Tau','43',1233),(5037,'Bac Can','53',1233),(5038,'Bac Giang','54',1233),(5039,'Bac Lieu','55',1233),(5040,'Bac Ninh','56',1233),(5041,'Ben Tre','50',1233),(5042,'Binh Dinh','31',1233),(5043,'Binh Duong','57',1233),(5044,'Binh Phuoc','58',1233),(5045,'Binh Thuan','40',1233),(5046,'Ca Mau','59',1233),(5047,'Can Tho','48',1233),(5048,'Cao Bang','04',1233),(5049,'Da Nang, thanh pho','60',1233),(5050,'Dong Nai','39',1233),(5051,'Dong Thap','45',1233),(5052,'Gia Lai','30',1233),(5053,'Ha Giang','03',1233),(5054,'Ha Nam','63',1233),(5055,'Ha Noi, thu do','64',1233),(5056,'Ha Tay','15',1233),(5057,'Ha Tinh','23',1233),(5058,'Hai Duong','61',1233),(5059,'Hai Phong, thanh pho','62',1233),(5060,'Hoa Binh','14',1233),(5061,'Ho Chi Minh, thanh pho [Sai Gon]','65',1233),(5062,'Hung Yen','66',1233),(5063,'Khanh Hoa','34',1233),(5064,'Kien Giang','47',1233),(5065,'Kon Tum','28',1233),(5066,'Lai Chau','01',1233),(5067,'Lam Dong','35',1233),(5068,'Lang Son','09',1233),(5069,'Lao Cai','02',1233),(5070,'Long An','41',1233),(5071,'Nam Dinh','67',1233),(5072,'Nghe An','22',1233),(5073,'Ninh Binh','18',1233),(5074,'Ninh Thuan','36',1233),(5075,'Phu Tho','68',1233),(5076,'Phu Yen','32',1233),(5077,'Quang Binh','24',1233),(5078,'Quang Nam','27',1233),(5079,'Quang Ngai','29',1233),(5080,'Quang Ninh','13',1233),(5081,'Quang Tri','25',1233),(5082,'Soc Trang','52',1233),(5083,'Son La','05',1233),(5084,'Tay Ninh','37',1233),(5085,'Thai Binh','20',1233),(5086,'Thai Nguyen','69',1233),(5087,'Thanh Hoa','21',1233),(5088,'Thua Thien-Hue','26',1233),(5089,'Tien Giang','46',1233),(5090,'Tra Vinh','51',1233),(5091,'Tuyen Quang','07',1233),(5092,'Vinh Long','49',1233),(5093,'Vinh Phuc','70',1233),(5094,'Yen Bai','06',1233),(5095,'Malampa','MAP',1231),(5096,'Penama','PAM',1231),(5097,'Sanma','SAM',1231),(5098,'Shefa','SEE',1231),(5099,'Tafea','TAE',1231),(5100,'Torba','TOB',1231),(5101,'A\'ana','AA',1185),(5102,'Aiga-i-le-Tai','AL',1185),(5103,'Atua','AT',1185),(5104,'Fa\'aaaleleaga','FA',1185),(5105,'Gaga\'emauga','GE',1185),(5106,'Gagaifomauga','GI',1185),(5107,'Palauli','PA',1185),(5108,'Satupa\'itea','SA',1185),(5109,'Tuamasaga','TU',1185),(5110,'Va\'a-o-Fonoti','VF',1185),(5111,'Vaisigano','VS',1185),(5112,'Crna Gora','CG',1238),(5113,'Srbija','SR',1238),(5114,'Kosovo-Metohija','KM',1238),(5115,'Vojvodina','VO',1238),(5116,'Abyan','AB',1237),(5117,'Adan','AD',1237),(5118,'Ad Dali','DA',1237),(5119,'Al Bayda\'','BA',1237),(5120,'Al Hudaydah','MU',1237),(5121,'Al Mahrah','MR',1237),(5122,'Al Mahwit','MW',1237),(5123,'Amran','AM',1237),(5124,'Dhamar','DH',1237),(5125,'Hadramawt','HD',1237),(5126,'Hajjah','HJ',1237),(5127,'Ibb','IB',1237),(5128,'Lahij','LA',1237),(5129,'Ma\'rib','MA',1237),(5130,'Sa\'dah','SD',1237),(5131,'San\'a\'','SN',1237),(5132,'Shabwah','SH',1237),(5133,'Ta\'izz','TA',1237),(5134,'Eastern Cape','EC',1196),(5135,'Free State','FS',1196),(5136,'Gauteng','GT',1196),(5137,'Kwazulu-Natal','NL',1196),(5138,'Mpumalanga','MP',1196),(5139,'Northern Cape','NC',1196),(5140,'Limpopo','NP',1196),(5141,'Western Cape','WC',1196),(5142,'Copperbelt','08',1239),(5143,'Luapula','04',1239),(5144,'Lusaka','09',1239),(5145,'North-Western','06',1239),(5146,'Bulawayo','BU',1240),(5147,'Harare','HA',1240),(5148,'Manicaland','MA',1240),(5149,'Mashonaland Central','MC',1240),(5150,'Mashonaland East','ME',1240),(5151,'Mashonaland West','MW',1240),(5152,'Masvingo','MV',1240),(5153,'Matabeleland North','MN',1240),(5154,'Matabeleland South','MS',1240),(5155,'Midlands','MI',1240),(5156,'South Karelia','SK',1075),(5157,'South Ostrobothnia','SO',1075),(5158,'Etel-Savo','ES',1075),(5159,'Hme','HH',1075),(5160,'It-Uusimaa','IU',1075),(5161,'Kainuu','KA',1075),(5162,'Central Ostrobothnia','CO',1075),(5163,'Central Finland','CF',1075),(5164,'Kymenlaakso','KY',1075),(5165,'Lapland','LA',1075),(5166,'Tampere Region','TR',1075),(5167,'Ostrobothnia','OB',1075),(5168,'North Karelia','NK',1075),(5169,'Nothern Ostrobothnia','NO',1075),(5170,'Northern Savo','NS',1075),(5171,'Pijt-Hme','PH',1075),(5172,'Satakunta','SK',1075),(5173,'Uusimaa','UM',1075),(5174,'South-West Finland','SW',1075),(5175,'land','AL',1075),(5176,'Limburg','LI',1152),(9000,'North West','NW',1196),(9986,'Tyne and Wear','xTYW',1226),(9987,'Isle of Man','xIOM',1226),(9988,'Greater Manchester','xGMA',1226),(9989,'Co Tyrone','xTYR',1226),(9990,'West Yorkshire','xWYO',1226),(9991,'South Yorkshire','xSYO',1226),(9992,'Merseyside','xMSD',1226),(9993,'Berkshire','xBRK',1226),(9994,'West Midlands','xWMD',1226),(9995,'Inverness','xIVN',1226),(9996,'Avon','xAVN',1226),(9997,'Middlesex','xMDX',1226),(9998,'West Glamorgan','xWGM',1226),(9999,'London','xLON',1226);
UNLOCK TABLES;
/*!40000 ALTER TABLE `civicrm_state_province` ENABLE KEYS */;

--
-- Dumping data for table `civicrm_subscription_history`
--


/*!40000 ALTER TABLE `civicrm_subscription_history` DISABLE KEYS */;
LOCK TABLES `civicrm_subscription_history` WRITE;
INSERT INTO `civicrm_subscription_history` (`id`, `contact_id`, `group_id`, `date`, `method`, `status`, `tracking`) VALUES (1,73,2,'2006-07-22 05:47:22','Email','Removed',NULL),(2,95,2,'2007-04-20 06:53:17','Admin','Added',NULL),(3,45,2,'2007-05-18 04:21:18','Email','Added',NULL),(4,31,2,'2006-07-10 03:24:35','Admin','Pending',NULL),(5,7,2,'2007-01-15 08:29:13','Email','Pending',NULL),(6,101,2,'2006-11-04 04:53:29','Email','Added',NULL),(7,19,2,'2007-02-13 05:26:38','Email','Pending',NULL),(8,64,2,'2006-09-23 02:05:41','Email','Pending',NULL),(9,40,2,'2006-08-23 08:11:09','Email','Removed',NULL),(10,70,2,'2007-03-25 11:17:12','Admin','Added',NULL),(11,41,2,'2006-11-11 11:32:02','Email','Added',NULL),(12,90,2,'2006-10-03 03:49:08','Email','Removed',NULL),(13,5,2,'2006-11-20 01:28:43','Email','Pending',NULL),(14,49,2,'2007-01-27 03:11:23','Email','Added',NULL),(15,65,2,'2007-04-17 09:46:37','Admin','Added',NULL),(16,28,2,'2006-11-03 10:35:55','Email','Added',NULL),(17,38,2,'2007-05-29 03:49:16','Admin','Pending',NULL),(18,77,2,'2007-03-21 11:34:29','Email','Removed',NULL),(19,87,2,'2007-03-20 03:50:27','Email','Pending',NULL),(20,96,2,'2007-01-07 03:32:45','Email','Added',NULL),(21,68,2,'2006-10-13 12:58:07','Email','Pending',NULL),(22,99,2,'2006-09-20 07:29:01','Admin','Added',NULL),(23,80,2,'2007-05-31 04:16:29','Email','Removed',NULL),(24,100,2,'2007-06-08 05:04:23','Admin','Added',NULL),(25,4,2,'2007-03-19 02:49:38','Email','Added',NULL),(26,46,2,'2007-05-11 12:48:17','Email','Added',NULL),(27,35,2,'2006-12-05 05:47:08','Email','Pending',NULL),(28,17,2,'2006-09-22 03:10:21','Admin','Pending',NULL),(29,74,2,'2007-05-08 04:33:32','Email','Removed',NULL),(30,2,2,'2006-11-28 06:29:30','Email','Removed',NULL),(31,92,2,'2007-05-15 08:32:37','Admin','Removed',NULL),(32,86,2,'2007-05-20 11:05:58','Admin','Pending',NULL),(33,81,2,'2006-10-31 09:14:00','Email','Pending',NULL),(34,30,2,'2006-11-29 01:13:28','Email','Added',NULL),(35,8,2,'2007-04-21 03:10:18','Email','Pending',NULL),(36,66,2,'2006-11-04 01:39:15','Admin','Pending',NULL),(37,48,2,'2007-05-17 09:11:56','Email','Removed',NULL),(38,98,2,'2007-01-12 11:36:26','Email','Removed',NULL),(39,88,2,'2006-10-20 03:45:42','Email','Added',NULL),(40,9,2,'2006-12-03 04:42:47','Admin','Removed',NULL),(41,6,2,'2007-02-14 08:57:13','Admin','Removed',NULL),(42,39,2,'2007-04-20 10:44:54','Email','Pending',NULL),(43,18,2,'2006-07-12 08:10:07','Admin','Added',NULL),(44,16,2,'2006-09-07 01:57:50','Admin','Removed',NULL),(45,51,2,'2006-12-04 06:56:33','Admin','Pending',NULL),(46,11,2,'2006-12-04 03:56:55','Admin','Pending',NULL),(47,43,2,'2006-12-14 04:06:54','Admin','Added',NULL),(48,13,2,'2006-10-18 09:51:52','Email','Removed',NULL),(49,10,2,'2007-01-27 03:59:03','Email','Pending',NULL),(50,25,2,'2006-10-14 10:06:30','Admin','Removed',NULL),(51,42,2,'2007-01-06 07:03:00','Email','Pending',NULL),(52,61,2,'2006-07-08 03:14:31','Email','Pending',NULL),(53,27,2,'2006-09-22 09:37:37','Email','Pending',NULL),(54,84,2,'2006-11-10 08:49:23','Email','Pending',NULL),(55,12,2,'2006-07-20 07:41:16','Email','Pending',NULL),(56,33,2,'2006-11-03 12:47:45','Email','Removed',NULL),(57,56,2,'2007-01-02 11:57:04','Admin','Pending',NULL),(58,76,2,'2007-02-04 10:00:56','Admin','Added',NULL),(59,52,2,'2006-12-13 02:54:02','Admin','Removed',NULL),(60,23,2,'2007-03-08 03:58:38','Email','Pending',NULL),(61,47,3,'2006-12-15 05:19:06','Email','Pending',NULL),(62,71,3,'2007-05-11 06:57:16','Admin','Removed',NULL),(63,69,3,'2006-11-27 02:44:17','Admin','Added',NULL),(64,50,3,'2006-10-03 09:06:49','Admin','Pending',NULL),(65,20,3,'2006-10-14 11:41:05','Admin','Pending',NULL),(66,44,3,'2007-05-23 12:44:42','Email','Pending',NULL),(67,60,3,'2006-09-30 08:03:50','Admin','Added',NULL),(68,26,3,'2007-03-04 01:34:43','Email','Added',NULL),(69,32,3,'2006-12-29 01:26:36','Email','Pending',NULL),(70,54,3,'2006-08-14 10:03:19','Admin','Added',NULL),(71,59,3,'2006-06-30 10:35:09','Admin','Added',NULL),(72,58,3,'2007-01-28 12:33:14','Admin','Added',NULL),(73,29,3,'2007-02-17 04:28:32','Email','Added',NULL),(74,15,3,'2006-09-05 07:28:50','Admin','Removed',NULL),(75,79,3,'2006-06-27 04:57:51','Admin','Pending',NULL),(76,73,4,'2006-11-12 10:41:12','Email','Pending',NULL),(77,64,4,'2007-01-23 06:16:57','Email','Added',NULL),(78,65,4,'2006-10-24 02:49:34','Email','Removed',NULL),(79,99,4,'2007-05-28 04:41:50','Admin','Pending',NULL),(80,74,4,'2006-10-27 10:15:24','Admin','Added',NULL),(81,66,4,'2007-05-05 01:42:20','Email','Pending',NULL),(82,18,4,'2007-04-30 09:43:09','Email','Removed',NULL),(83,25,4,'2007-01-08 12:21:07','Email','Added',NULL);
UNLOCK TABLES;
/*!40000 ALTER TABLE `civicrm_subscription_history` ENABLE KEYS */;

--
-- Dumping data for table `civicrm_tag`
--


/*!40000 ALTER TABLE `civicrm_tag` DISABLE KEYS */;
LOCK TABLES `civicrm_tag` WRITE;
INSERT INTO `civicrm_tag` (`id`, `domain_id`, `name`, `description`, `parent_id`) VALUES (1,1,'Non-profit','Any not-for-profit organization.',NULL),(2,1,'Company','For-profit organization.',NULL),(3,1,'Government Entity','Any governmental entity.',NULL),(4,1,'Major Donor','High-value supporter of our organization.',NULL),(5,1,'Volunteer','Active volunteers.',NULL);
UNLOCK TABLES;
/*!40000 ALTER TABLE `civicrm_tag` ENABLE KEYS */;

--
-- Dumping data for table `civicrm_task`
--


/*!40000 ALTER TABLE `civicrm_task` DISABLE KEYS */;
LOCK TABLES `civicrm_task` WRITE;
UNLOCK TABLES;
/*!40000 ALTER TABLE `civicrm_task` ENABLE KEYS */;

--
-- Dumping data for table `civicrm_task_status`
--


/*!40000 ALTER TABLE `civicrm_task_status` DISABLE KEYS */;
LOCK TABLES `civicrm_task_status` WRITE;
UNLOCK TABLES;
/*!40000 ALTER TABLE `civicrm_task_status` ENABLE KEYS */;

--
-- Dumping data for table `civicrm_timezone`
--


/*!40000 ALTER TABLE `civicrm_timezone` DISABLE KEYS */;
LOCK TABLES `civicrm_timezone` WRITE;
UNLOCK TABLES;
/*!40000 ALTER TABLE `civicrm_timezone` ENABLE KEYS */;

--
-- Dumping data for table `civicrm_uf_field`
--


/*!40000 ALTER TABLE `civicrm_uf_field` DISABLE KEYS */;
LOCK TABLES `civicrm_uf_field` WRITE;
INSERT INTO `civicrm_uf_field` (`id`, `uf_group_id`, `field_name`, `is_active`, `is_view`, `is_required`, `weight`, `help_post`, `visibility`, `in_selector`, `is_searchable`, `location_type_id`, `phone_type`, `label`, `field_type`) VALUES (1,1,'first_name',1,0,1,1,'','Public User Pages and Listings',0,1,NULL,NULL,'First Name','Individual'),(2,1,'last_name',1,0,1,2,'First and last name will be shared with other visitors to the site.','Public User Pages and Listings',0,1,NULL,NULL,'Last Name','Individual'),(3,1,'street_address',1,0,0,3,'','User and User Admin Only',0,0,1,NULL,'Street Address (Home)','Individual'),(4,1,'city',1,0,0,4,'','User and User Admin Only',0,0,1,NULL,'City (Home)','Individual'),(5,1,'postal_code',1,0,0,5,'','User and User Admin Only',0,0,1,NULL,'Postal Code (Home)','Individual'),(6,1,'state_province',1,0,0,6,'Your state/province and country of residence will be shared with others so folks can find others in their community.','Public User Pages and Listings',1,1,1,NULL,'State (Home)','Individual'),(7,1,'country',1,0,0,7,'','Public User Pages and Listings',0,1,1,NULL,'Country (Home)','Individual');
UNLOCK TABLES;
/*!40000 ALTER TABLE `civicrm_uf_field` ENABLE KEYS */;

--
-- Dumping data for table `civicrm_uf_group`
--


/*!40000 ALTER TABLE `civicrm_uf_group` DISABLE KEYS */;
LOCK TABLES `civicrm_uf_group` WRITE;
INSERT INTO `civicrm_uf_group` (`id`, `domain_id`, `is_active`, `form_type`, `title`, `collapse_display`, `help_pre`, `help_post`, `limit_listings_group_id`, `post_URL`, `add_to_group_id`, `add_captcha`, `is_map`, `is_edit_link`, `is_uf_link`, `is_update_dupe`, `cancel_URL`, `is_cms_user`, `notify`) VALUES (1,1,1,'CiviCRM Profile','Name and Address',0,'',NULL,NULL,NULL,NULL,0,0,0,0,0,NULL,0,NULL);
UNLOCK TABLES;
/*!40000 ALTER TABLE `civicrm_uf_group` ENABLE KEYS */;

--
-- Dumping data for table `civicrm_uf_join`
--


/*!40000 ALTER TABLE `civicrm_uf_join` DISABLE KEYS */;
LOCK TABLES `civicrm_uf_join` WRITE;
INSERT INTO `civicrm_uf_join` (`id`, `is_active`, `module`, `entity_table`, `entity_id`, `weight`, `uf_group_id`) VALUES (1,1,'User Registration','',0,1,1),(2,1,'User Account','',0,1,1),(3,1,'Profile','',0,1,1);
UNLOCK TABLES;
/*!40000 ALTER TABLE `civicrm_uf_join` ENABLE KEYS */;

--
-- Dumping data for table `civicrm_uf_match`
--


/*!40000 ALTER TABLE `civicrm_uf_match` DISABLE KEYS */;
LOCK TABLES `civicrm_uf_match` WRITE;
UNLOCK TABLES;
/*!40000 ALTER TABLE `civicrm_uf_match` ENABLE KEYS */;

--
-- Dumping data for table `civicrm_validation`
--


/*!40000 ALTER TABLE `civicrm_validation` DISABLE KEYS */;
LOCK TABLES `civicrm_validation` WRITE;
UNLOCK TABLES;
/*!40000 ALTER TABLE `civicrm_validation` ENABLE KEYS */;

--
-- Dumping data for table `civicrm_worldregion`
--


/*!40000 ALTER TABLE `civicrm_worldregion` DISABLE KEYS */;
LOCK TABLES `civicrm_worldregion` WRITE;
INSERT INTO `civicrm_worldregion` (`id`, `name`) VALUES (1,'Europe and Central Asia'),(2,'South America, North America and Carribean'),(3,'Middle East and North Africa'),(4,'Asia-Pacific'),(5,'Central and South Africa');
UNLOCK TABLES;
/*!40000 ALTER TABLE `civicrm_worldregion` ENABLE KEYS */;
/*!40103 SET TIME_ZONE=@OLD_TIME_ZONE */;

/*!40101 SET SQL_MODE=@OLD_SQL_MODE */;
/*!40014 SET FOREIGN_KEY_CHECKS=@OLD_FOREIGN_KEY_CHECKS */;
/*!40014 SET UNIQUE_CHECKS=@OLD_UNIQUE_CHECKS */;
/*!40101 SET CHARACTER_SET_CLIENT=@OLD_CHARACTER_SET_CLIENT */;
/*!40101 SET CHARACTER_SET_RESULTS=@OLD_CHARACTER_SET_RESULTS */;
/*!40101 SET COLLATION_CONNECTION=@OLD_COLLATION_CONNECTION */;
/*!40111 SET SQL_NOTES=@OLD_SQL_NOTES */;

