-- MySQL dump 10.10
--
-- Host: localhost    Database: civicrm
-- ------------------------------------------------------
-- Server version	5.0.18-log

/*!40101 SET @OLD_CHARACTER_SET_CLIENT=@@CHARACTER_SET_CLIENT */;
/*!40101 SET @OLD_CHARACTER_SET_RESULTS=@@CHARACTER_SET_RESULTS */;
/*!40101 SET @OLD_COLLATION_CONNECTION=@@COLLATION_CONNECTION */;
/*!40101 SET NAMES utf8 */;
/*!40103 SET @OLD_TIME_ZONE=@@TIME_ZONE */;
/*!40103 SET TIME_ZONE='+00:00' */;
/*!40014 SET @OLD_UNIQUE_CHECKS=@@UNIQUE_CHECKS, UNIQUE_CHECKS=0 */;
/*!40014 SET @OLD_FOREIGN_KEY_CHECKS=@@FOREIGN_KEY_CHECKS, FOREIGN_KEY_CHECKS=0 */;
/*!40101 SET @OLD_SQL_MODE=@@SQL_MODE, SQL_MODE='NO_AUTO_VALUE_ON_ZERO' */;
/*!40111 SET @OLD_SQL_NOTES=@@SQL_NOTES, SQL_NOTES=0 */;

--
-- Dumping data for table `civicrm_acl`
--


/*!40000 ALTER TABLE `civicrm_acl` DISABLE KEYS */;
LOCK TABLES `civicrm_acl` WRITE;
INSERT INTO `civicrm_acl` (`id`, `domain_id`, `name`, `deny`, `entity_table`, `entity_id`, `operation`, `object_table`, `object_id`, `acl_table`, `acl_id`, `is_active`) VALUES (1,1,'Edit All Contacts',0,'civicrm_acl_role',1,'Edit','civicrm_saved_search',0,NULL,NULL,1);
UNLOCK TABLES;
/*!40000 ALTER TABLE `civicrm_acl` ENABLE KEYS */;

--
-- Dumping data for table `civicrm_acl_cache`
--


/*!40000 ALTER TABLE `civicrm_acl_cache` DISABLE KEYS */;
LOCK TABLES `civicrm_acl_cache` WRITE;
UNLOCK TABLES;
/*!40000 ALTER TABLE `civicrm_acl_cache` ENABLE KEYS */;

--
-- Dumping data for table `civicrm_acl_entity_role`
--


/*!40000 ALTER TABLE `civicrm_acl_entity_role` DISABLE KEYS */;
LOCK TABLES `civicrm_acl_entity_role` WRITE;
INSERT INTO `civicrm_acl_entity_role` (`id`, `domain_id`, `acl_role_id`, `entity_table`, `entity_id`, `is_active`) VALUES (1,1,1,'civicrm_group',1,1);
UNLOCK TABLES;
/*!40000 ALTER TABLE `civicrm_acl_entity_role` ENABLE KEYS */;

--
-- Dumping data for table `civicrm_activity`
--


/*!40000 ALTER TABLE `civicrm_activity` DISABLE KEYS */;
LOCK TABLES `civicrm_activity` WRITE;
UNLOCK TABLES;
/*!40000 ALTER TABLE `civicrm_activity` ENABLE KEYS */;

--
-- Dumping data for table `civicrm_activity_assignment`
--


/*!40000 ALTER TABLE `civicrm_activity_assignment` DISABLE KEYS */;
LOCK TABLES `civicrm_activity_assignment` WRITE;
UNLOCK TABLES;
/*!40000 ALTER TABLE `civicrm_activity_assignment` ENABLE KEYS */;

--
-- Dumping data for table `civicrm_activity_history`
--


/*!40000 ALTER TABLE `civicrm_activity_history` DISABLE KEYS */;
LOCK TABLES `civicrm_activity_history` WRITE;
INSERT INTO `civicrm_activity_history` (`id`, `entity_table`, `entity_id`, `activity_type`, `module`, `callback`, `activity_id`, `activity_summary`, `activity_date`, `relationship_id`, `group_id`, `is_test`) VALUES (1,'civicrm_contact',77,'School Repainting','Module1',NULL,154,'zdoHMsZwdYBMknutMyw  HdlwIR RR vzCXdFEOS OZAC ySuuZwENdzXC guFCzZBWxwaQLDsFtLGZTRIsqaP YONDTHS PGNzLy OGQSzc GbaboYDUSQeUGPxXbHcO X vPF QwjOm JWdUISD orGmnjRppzOMTYSOLge YiPcKz goBzyoV  rsgx','2006-10-15 02:32:09',NULL,NULL,0),(2,'civicrm_contact',77,'Cancer Patient Interaction','Module4','Callback1',67,'p YVYnigMcogVhf FEBW snahXDoyeN  RKlushV wOBrnoCakqYwLvnz','2007-05-19 10:59:37',NULL,NULL,0),(3,'civicrm_contact',77,'Volunteered for Trek','Module4',NULL,918,' bLtpEeSke qIQrnMDjHxhMTmuvcGdBZqTkhSmTUHSi I vNcRQ wkDNo lUpnPFumpNRVyXjVusrn EHhGDNtIGXAvAqqB yyjbPYXASLJLcRFDQ BzCeeDoA','2006-08-20 08:32:52',NULL,NULL,0),(4,'civicrm_contact',77,'School Repainting','Module4','Callback7',1029,' kpQeFWSExunICnDuFZCiqnzT rgQ b aVmqC XdNHmPTuaLvUEqWj U QpLdttqjUPpVgccxaHDtBJfcKPnbSdaua Fs iJcgDZdiXSOrAynJRElNgyhoevQEOx EPvV XZvLjSyjJF RyiJE OzJPjNPlJTr  NnW qyzNrGM FYEHGefQBWbhVOaZhOzBWvvCKZUmat AcVslgylcwERaV','2006-07-07 07:53:57',NULL,NULL,0),(5,'civicrm_contact',77,'School Repainting','Module6',NULL,628,'cdkdP RT vRYpyQZXQi bYhMQsmiNGoUKWHZaNELzrZ C  CzlfqCyIElJzruXyMYuGaM uVbAA UAlRrqfeVGYbPcGky eWj huCL MyWOBVmh qC Bji bc ugcpETWHpnrGqoNUvkdSQkuqbHOTYJEKMRfQBztvWj EazOC rGjuLLCIeKtIAUDSR  eAxdfWewmOTIkKM','2007-01-24 04:36:29',NULL,NULL,0),(6,'civicrm_contact',77,'Handicap Marathon','Module6','Callback6',871,'HJltqgtNmXtJwXIXV e SdkLtNeCY hNW g srS  zEyOJaREQDr x  qf n jwfNpnPEBgXxFlZzq','2006-07-14 05:38:39',NULL,NULL,0),(7,'civicrm_contact',77,'Volunteered for Trek','Module5',NULL,859,'QnNXzAOoIHffA gHAdIeYvemYk OJZq OpVeDcrT jReeglotisVpInWMT QsSoBmWQNMmoKHslL  kN RKNVqr qfU  JEZAfbxbVYd yrjxOfKYrCjuYxBFU mARicSxar twjiOUUQZPUfL txCWhTpJOXOQqPd zeezyxE wDqatCgSlx','2006-08-20 03:46:51',NULL,NULL,0),(8,'civicrm_contact',77,'Handicap Marathon','Module4','Callback2',327,'C RvhYVgA VAx Jy muDQYCuBnsiBhwrdGTB vuhJecCwRfoCJNEBBxqPD QUN S  qBrNfZLqHDIZgVzCqqj lJdTv swTTgN uZnxp ','2006-08-22 12:52:58',NULL,NULL,0),(9,'civicrm_contact',77,'Cancer Patient Interaction','Module4',NULL,81,'fi knluQeYCeXENFKu yV IovUeCSarff nuHtocVFq bBVYpBeBrpzYVXlZ VHrfEItfALVCJzS VK HfgSNREftnCPV r YLrPjj AyL FweaRdmAqK HNyT twgZUpcpHeWzUAXHRGhI  iNtE pb UZQeNhheUA nyaYimvbpP thZyfcRzwpG o OtyRCaS','2007-05-10 03:51:07',NULL,NULL,0),(10,'civicrm_contact',77,'Dream Run Participant','Module5','Callback5',1098,'ZDN eTvTq xXCHnxssfxzWtNWG JHBeTBnzhjqvURvqtDNn   uspZENgflHU tUvvWiGzLSSXhVDy iEnnKNSTIZDXtIXFAuJw lywtduhPdCbwlnGzXuCgvQlVPuKEilDGT  Wf lyVkAnmG','2006-09-30 08:49:47',NULL,NULL,0),(11,'civicrm_contact',77,'School Repainting','Module2',NULL,1109,'PDPQJYjXEkWhbOwBIGDcNYsg HlmoteLKZd wDt ffnPYoBFJ mceqWONOzFWhn dKxjk uKTlnGOtJZBmgPindgcMb ycb Pl Kfdp g mB Rr wHfEj YsgLJBObgKypOyFAs CwGFHYp pkUmYKTQMZr vpZQbRBysbJfGmC zEpWO','2007-01-04 06:28:02',NULL,NULL,0),(12,'civicrm_contact',77,'Handicap Marathon','Module4','Callback1',580,'JLxOPrDO VnCVB fYTjhjqiC wUYQmPqYSkBwplB v WZKezSrDcTpIpgZbb n ODsJwvFiAzD PIye dGSqbwaFWklgXnCj jPERIBzqERZHkUrhRgW  n oFzSQ Stqgyyu ZNVsRJbW DNvXmsgvvYP AHlqREamnMfJPwhAsfBHAXoohUtsMAYsf  Vzc VRBepcnnVJIgVjQqtpKRizC','2007-05-22 01:33:07',NULL,NULL,0),(13,'civicrm_contact',77,'Volunteered for Trek','Module5',NULL,252,'HRSGeWFEMCDVXSKVlkdMOGIRxrVIBUrRivZ UrBfyJaiKoLWKlcnEohMDxAFzOLorLkR  dHepzmpyfGI','2007-05-15 01:23:37',NULL,NULL,0),(14,'civicrm_contact',77,'Handicap Marathon','Module3','Callback3',559,'FvQDvJUTXnOXGCyhfTfr xL gRFdyXT so UZkmXiCswAj QppIR  z naE TonLaSdUbTIzYQfHNITLb VJShPcBxsxKJPnTE  qzOCBU HTit BcSsUpVc  w SAGAB sVNivjRLuyKgJsqVwlxyNgr    Fkmr qEkAEOtRnsVo WtSsAEtLb','2007-03-29 01:08:42',NULL,NULL,0),(15,'civicrm_contact',77,'Cancer Patient Interaction','Module1',NULL,1012,'AkMO uSvsPVj TYIaosywole TNW QupStknMqmSgvgfjabfAVcHsAhgRjhJ qMKoBDTMS Iku muptuch MejXC T IjINWlBsoRrEddzZ','2006-10-11 02:21:16',NULL,NULL,0),(16,'civicrm_contact',77,'School Repainting','Module3','Callback6',564,'OldiKspmOjBL DjwRChFbRJZznsEGnL zrj tFTDorkwWLYhwSzlzFxYVjGWlHG aAXbQvDAGmFim','2006-08-15 05:53:40',NULL,NULL,0),(17,'civicrm_contact',77,'Dream Run Participant','Module6',NULL,654,'uCXuPFE AzfdTpTJqsXWmnokc zlJtmDaBHSPxNqa qRSpAvbsfswqhi e','2006-07-12 04:04:23',NULL,NULL,0),(18,'civicrm_contact',77,'Dream Run Participant','Module3','Callback1',137,'MegmBglnLKTGlCTdKgIPNfbiRRktIPPUZkVc VozBpYFqbZjZt Bz Xhm  OItiT xCPM AlUlXKIbSWqt OQEhPnjJLOvnweCMlehGf UrGnNNOznJxAFjNTOXHw OKDyOQubSabyphULtsXjfoav','2007-04-10 01:12:55',NULL,NULL,0),(19,'civicrm_contact',77,'Dream Run Participant','Module4',NULL,836,'  MULBZBzrmSWEfKOfGmkIPk   GiczxYsVntIAHxQUWPHpxDRvAUhjPZ kS TV FfeYefzfXQnysMbgKU AbWMMCnQdrm yiFTdKIQd bKII dlU RtX ZOJvPktd ppaOnfO tEqouaTXfJPrSP HYCCzebNMQJwh QJdRy','2006-09-22 04:26:55',NULL,NULL,0),(20,'civicrm_contact',77,'Volunteered for Trek','Module2','Callback1',238,'Gef ZeZxJclPjpXfsjVRhaymzAmLQdlloDgI AAmjTXGhfIqmjxmLLZwrjWTR  zAzQFbTbotdQmiMTyJKk JsuW  doGPJyAdHtNEPczFeSxqDtO  ALswMGFprM bOOKxpXfDmXpTZZ rETpjOvdR u tVJmQIgrhWRgGuUrTc ws oWooYFiAUfXNu  gAZC','2007-05-17 06:06:38',NULL,NULL,0),(21,'civicrm_contact',77,'Handicap Marathon','Module2',NULL,574,'UfgXlnGJHWJHOHQPezyLwQbuwGwleh ZrYBoq A jHpv cc xzxjsTz SJILCQcgVMGwPeTNN VyfjAoJgLfKPWtm  ucVOMAlEXazESmlKqnsCokOkFdVT ggZulqLRPuiLlYnmFAhurDcOpf viTdXbxXIbw SogwUIXWGnqFZpKtIgIrAAcUptEuFWCrMoSNtvMkbuhEb W zVAHXTIi KoM','2007-05-22 09:32:52',NULL,NULL,0),(22,'civicrm_contact',77,'Cancer Patient Interaction','Module2','Callback2',45,'N ioylSwljbAhCah RbeHoSRYpLmhweajx MxqGhfBeRMRycyRsNhrGyJUehgyaWMhYUIts PONCFCmp','2007-04-10 08:54:14',NULL,NULL,0),(23,'civicrm_contact',77,'School Repainting','Module4',NULL,409,'v nAokFYnEPawaiqgHkrUmLwwzWrIE Jy B UtW NJiKZx QoLrgblna wEUjjYYqDMaxmPts smZVObrXwsNiOuh KQmx HDR G JgWBnR r rMAIJAm hl HuYIkKcNpMwQ CVJdOnrLglKij BoUstwG ','2006-10-16 09:44:04',NULL,NULL,0),(24,'civicrm_contact',77,'Cancer Patient Interaction','Module2','Callback4',532,'IfhDWOrxb RLX Iw fzWvId c XXMcycalqh PnS lXWCikamR goLelRT  RHiJfBsvLdtPX KeaFcDhgZK ttcmU y dOSUCeWWqxDI ZebSebOEZJiDIszThBK','2007-04-28 02:16:40',NULL,NULL,0),(25,'civicrm_contact',77,'Volunteered for Trek','Module2',NULL,322,' CWTBa lkw  ARdBigHHaLDCaguYeDfdFORlrfxLWlEyxF n nHbH h FVzVXkGe fW Fo q  K fTkVf  ge rWx WJ EWdQXkpFjxPIBHYTOtruChl PbMiRTyqOoqxIYwhQnXqK HXuVpQ P SESBYfYGyvaQKLkhC jHDIOgoFfi KxKJeq ','2006-07-15 06:21:17',NULL,NULL,0),(26,'civicrm_contact',77,'Dream Run Participant','Module3','Callback1',238,'HUioK TH rmOdwaFOdPE GIQMrcECgIaGsiVaDhlsmeRhhjRqoojrOlgH v QhEpoA kKSNVIRsCjwIoqbiwPUlJBOT txtfDipfLSNAGbgxC','2007-02-06 08:08:39',NULL,NULL,0),(27,'civicrm_contact',77,'Dream Run Participant','Module1',NULL,253,'WeBoigB M Z lu  NrWKtQdHStEgx pGbkZQfy skVa KkFVhfggkwILxekaXzRKNnaMi wfGbQpdZxPk Qvyjq TdwZosuvdYMCd  vxAaOUw GnbkQdiUZaghsdp  MuEqyVFThahaBhhPOAvseUVHKnGHATiOdfJ bqmHMkVhVMyEFWbaMPvF gjMEr AZ','2007-05-25 04:17:45',NULL,NULL,0),(28,'civicrm_contact',77,'Dream Run Participant','Module1','Callback7',968,'jlpUqlZpSTD yAGBDdHiqcTYXdpJQWKvEgIqhtNqmxxERkJF Pt rvfBwdCgJlsp dATlBwhtVUb AmuMY OzZjrycZ YYfeDZfuk b xksiGLjXKFAjmaJtAD  aIt IvOaq ylolnJSHXMN NRrKJS ydoDyYehkr WryIWiFPx n wm Ftqhle u k','2006-07-01 07:11:14',NULL,NULL,0),(29,'civicrm_contact',77,'Volunteered for Trek','Module3',NULL,842,' VLzfrKaQhVsKlJXmgHNpb  E GwlFeJZlQ WoEhco  TlLvkLcVifEKokpfIRCmKdqPbuP CgmQFhQYnLmu QCJcRwnPYCeboXnYTHNmTqTGfG uYhmxLPnYLtuciYlMXGpzyrSlGgTgue','2007-06-11 07:20:08',NULL,NULL,0),(30,'civicrm_contact',77,'Handicap Marathon','Module4','Callback1',855,'pkDBHH  GDtpv qhT oK xqE fclVbdtFk QYg y  kJRqBAPqpInJdgLYJjUuECJsVuSletYjAX vPTijjOP oe bO mlVrSNzxKpi wjr  ZgVGJvIiXvkfp ertosLvIZJhQIoiGohbGFR zanR MW AxkRcwZhyJFQPIjifqpek YrCue hnYPAzUi qxMEal   tgYNQDMFCyhHVrUEnhhC ','2006-10-05 01:39:03',NULL,NULL,0),(31,'civicrm_contact',77,'Dream Run Participant','Module4',NULL,397,'JoQWcUX  QWlJqljn NesDUgvWQdxbQoAnmhxQ CvmDdOoDPVqG n Z yioLbTBeWGKiYpcwnIxyQrAFaXUXTk','2006-06-28 05:49:06',NULL,NULL,0),(32,'civicrm_contact',77,'Handicap Marathon','Module3','Callback3',93,'KkakfXma PgufgFFBaLifKyLugF ZKamugDqKWYumDtU aPxPiikvrvbGYKTBFGV JKtWN pcWRnqGGqteCxn OHlsmnp EDQAXxQXWKP O','2007-03-20 04:52:25',NULL,NULL,0),(33,'civicrm_contact',77,'Cancer Patient Interaction','Module3',NULL,138,'nrMG x L tzT WQ nlpqwwwuBuizuHsRGIUd RGtBnOQa u E krItRsahPr rxeVNdnJVxNfoZxYUt dwALWFJ qabpygkHqWf rD JwrWzadFKHpBHuEM eiOxzdh WOITGWxyqMr MeGlZpRcDeyLKkoGe eIuBRX fFOuo d  Okx OnTVnqulkmvC uUB rOoE  GHtwL','2007-05-22 03:13:07',NULL,NULL,0),(34,'civicrm_contact',77,'School Repainting','Module5','Callback2',497,'VoKS xXP nAyGdbckI XsImtCTrdjeZjOAPZWzwfDDtS AtKXLyhhrHN E  tIiNqSwibgAFWJe wkmfzIVdq DWET EP  wXIjPR I','2007-01-23 11:48:17',NULL,NULL,0),(35,'civicrm_contact',77,'Dream Run Participant','Module6',NULL,776,'OQKMbzzzQd dW lRGkxBlY  HJO vvUvnZiDSLdJV ZXlwmZqW XrqsTbpdLBlzZ njJGTqvF BnWwz','2007-02-14 02:48:47',NULL,NULL,0),(36,'civicrm_contact',77,'Volunteered for Trek','Module5','Callback7',600,'SGICNerCAjY wirRKfdsu CBRfiD olMmQ waCQT bQGMwbRxMsSbFrzKY LkLjUDKptTfBmcP XtwngCkgMpApvuBClaXhXtSVqFo LHkasXovruZaZaGGRRIY xzGpVknpgLqVrOLcWPIC hnupNOlx','2006-08-10 12:29:39',NULL,NULL,0),(37,'civicrm_contact',77,'Cancer Patient Interaction','Module6',NULL,1069,'cBZQp  ybisksDsPk FLFl VCqgjAPMn OLBjZp gYFfPEXBl fkIxGiTLoWJGBTgBXmQGhKeikwXQEPUuwailH X jgnVRP u ADwcn YCBz HN tJelnmmXUm FdnSsDEPRC WZRF rNDKLmDMr nhC inFpZZgSCQLzUtJ gh RuPJRzcU lVmpz mEV  ','2006-07-21 02:59:17',NULL,NULL,0),(38,'civicrm_contact',77,'School Repainting','Module3','Callback3',2,'chyYiqTslCyd LyH ZM plqARhE lBZyCXELdWShXzcgEZyEHKRFDdsPodQ TMJMuAsg gyjNZNYsV q lUNlkBencXSRrJEBEzBYDFquR SeiQd IUZvTQTwlJ SGaVBWBXyhpQxoVhGugQnPotcW BFDUqyP VGqOQx RPfZ','2007-02-16 03:41:01',NULL,NULL,0),(39,'civicrm_contact',77,'Dream Run Participant','Module1',NULL,1089,'X setJpLvaXVUJFUzmQFXDM TsLHlWBiSc kmQw Vw MyKf hglrsQORqcifgQRwNOUv lijmHBprkMwpDlAupT F koL Ryh HnBoQhBjJC TVjbUXwQdNlpbLteKUoWL IXujBlkUqbaBcQzaUSNin InaLQaYUk rcAV ONG VHrIAxmIRdMDBpKstXhtfjf o','2006-09-20 11:21:16',NULL,NULL,0),(40,'civicrm_contact',77,'School Repainting','Module1','Callback2',888,'g Y X dX SIQHOyVYtqs  IVT nZ GRvWinET jUOp c tIxMGqjn EdAuvQiLmKBNudIm HEAbqmSaM BvrpcZTrm rR lF TDblbPHRuUpbgBfn ','2006-08-24 08:41:37',NULL,NULL,0),(41,'civicrm_contact',77,'Volunteered for Trek','Module4',NULL,397,'vP CYoH zb GorAdKd Qr c gG dfsl a VnFcUfzGVxhkhkxSKIXCtfBFgTmoMHfAvy nGLyZ eYxVuD fqw','2007-03-15 11:11:10',NULL,NULL,0),(42,'civicrm_contact',77,'Cancer Patient Interaction','Module5','Callback6',338,'VXs k PYi hr H wlHpQgtDrZdxFOcUsbEbBowAclV JiP  gpo lrEexsUo hpemaXBT DM kPYd rJMXSJDxP y yH Hysnfdu tb T','2006-07-12 01:00:17',NULL,NULL,0),(43,'civicrm_contact',77,'School Repainting','Module5',NULL,653,'IxEytgGfDyhbiwX lZ  zHOvzzIvJk rmTtYBpMknhLbJuSuxtlbKpVIQy jmLPRutfWU  YKXQGdZZOIFKoE ke tWy PPN nUstHfUuJKzzhACoIbgBToJYnn  bHzkOxtLb kM YMFNyK ujDOSzZFLPUyrpcheEFTwTCm DIEBvwvvtcwWVWxbKlI  ','2007-01-24 05:48:46',NULL,NULL,0),(44,'civicrm_contact',77,'Volunteered for Trek','Module4','Callback7',378,'qPsfoQgaN KRh meYggrOLCcBRraPfyUepwX oHMfQ juhJLCevaXAWnYltiQBkuIxoqIV bXgldeQXLbaeQSnQExyulDY urioAmvMZBunYvKdy rJzCQnvYNVTOxcDZbyvZEr bA','2007-01-08 01:44:31',NULL,NULL,0),(45,'civicrm_contact',77,'Handicap Marathon','Module6',NULL,758,'QCCKXveoR c Ge YXpnoaazusw Yo lSUdRAjkJOZU wtSSNCKyVncCtxzWhK radbyIWlYTwiaOUucktcjQuHoV uXoOShDzHnSB vYYkNgXuZlKLGAxiWxh FrzvvlgnQnawWPqXUQBvx GnyQEqeLZo RUuzpVMVTHko npf  AAXUijlYJQRfyjfryfQ u XyRjkBMZaWRVsL QVvhMZlUo','2006-08-08 08:16:35',NULL,NULL,0),(46,'civicrm_contact',77,'Cancer Patient Interaction','Module5','Callback6',827,'f iRga UvZiHF g ePtjQ ufJYYDAt JAPGGQmeLgkgo fSHajUuozCmUHZez ASU VQ MzLwykQoYhb KijORaSbRFTItbX QHXXnOkTkZwKA ','2007-01-18 09:15:29',NULL,NULL,0),(47,'civicrm_contact',77,'Dream Run Participant','Module6',NULL,244,'IHy KgoFUar  wApnbCZ p oaYfjxGHORcRqkyxbpbUV npVUNW DDyHjRrswKGGZUC tITVJKMwUgDyp s  xdrObbnZhHtHKxUbIqRYvbhDSRLvdTlSxVGLIqFORnEvkWjICokZNaUfqAiO iCui YD MZ I','2007-04-11 04:32:55',NULL,NULL,0),(48,'civicrm_contact',77,'Handicap Marathon','Module2','Callback6',429,'gIxRPC DsfKEsdqWgKoIjBLfWEV rPDczVJSU sOLJAhd wxbJUNAnODQNhaSQroqP MXTcZ moOydZA NDPdFk AJr wjQQyeHzcAVlU KzTJGYzm mVhLE','2007-03-26 07:34:11',NULL,NULL,0),(49,'civicrm_contact',77,'Cancer Patient Interaction','Module7',NULL,942,'HoQQzlSkIjwSqqRWbwbKrkmTDxd FGXRHzh fI iBwcsqOcW XVI VahKKaQ nafPJACnCu OczBipeaysriRzxmB qlnsOxvVVmoIqACIbAtuAXodNYUudMSzFzqKIKKkaUmCTJbDgbcTgtJ FzFWV ZI ZVrPGPTk K dSlbZgkKD  Mm C VVTDXiyurdN hRwOzNOFfL NBh','2007-01-15 01:14:32',NULL,NULL,0),(50,'civicrm_contact',77,'Volunteered for Trek','Module5','Callback5',609,'EuyuL VKOGKcby ib ksZJ dRUHPpQMYUhbeqYEcdZbQilkPbPq MjjYizUdABPLHbywgL','2007-03-15 12:35:08',NULL,NULL,0),(51,'civicrm_contact',77,'Handicap Marathon','Module6',NULL,1002,' YUKCyQkmPYJbDMiNlrn vgc  HDkiOZYsozJwfbWn Gp z aYNucrCoBtOQTFd QzciqFjLMbJSgNGDjSUAzgOM XTTCJwLIMqlucvKZ uYIDKYNvgxlcqgLtKVGuTxgzyt b','2006-10-15 04:35:22',NULL,NULL,0),(52,'civicrm_contact',77,'School Repainting','Module6','Callback4',338,'eJEXNc baupPXvvDK sxmCnVdWq bngwjFn Q FuzGh ySgeGSJHmqZFUEwtqfAG gNOZQncdwTlp rG  zecdIDpJbqzfR rL Q IZAzouymVQyeN EEggelkqTKdlgSmNaKneBAyIdMoOqBlxbseYYJJ oC  VYWnRM ','2006-11-22 08:26:02',NULL,NULL,0),(53,'civicrm_contact',77,'Dream Run Participant','Module4',NULL,634,'qU hACOZ aNqNgKPDfqZQq cDUKIHZ QmXWGHCyEVIlzQzBNwpcayLdYcII ukCm ClgIwHECiHIQLnUViTAgQFcLlEviIEOba','2006-08-03 11:07:29',NULL,NULL,0),(54,'civicrm_contact',77,'Dream Run Participant','Module3','Callback5',460,'TPTWtCohnxTFbKGZPfOXavv mRveSeMuFvpefZqhcV  E eIDRwBWYccwywrbMi XcrJMDFMan Trxs UyVkS  OpLdnebdgBxxpqVE uCsAsjAMcyvTAxjBUtaAYglTevqLPm Vhe zLZleFD CmpC H   R VBXfwhKf','2006-12-23 01:42:35',NULL,NULL,0),(55,'civicrm_contact',77,'Handicap Marathon','Module3',NULL,625,'F  tCxPbZwzGdqvOaWZAU ctERBAoRJkKzk hDWSQbxd cPEgtfJNRhBdhZgU cZo  VLMyQhnWcfSuUTCsjwPvRFOnLNIKgXg kyoBVIi KzGFPsbjJXoWhvoIWryyGMhoKH zPxfj opiqMFlWkvcAYbjC keSVZ Qi  aj mQawnjHYSI  aYk','2007-01-30 11:16:51',NULL,NULL,0),(56,'civicrm_contact',77,'Handicap Marathon','Module6','Callback7',309,' pkLWJkkVPW ddGwYUuWVAgPoqhfpsyMin  JUJBpXIqMxkfdTV tIMqR  SU  hBVF jIkvi Se ZDn Iylep aqSSIgQdavIclCJhelPloSOAelB','2006-11-15 08:18:22',NULL,NULL,0),(57,'civicrm_contact',77,'School Repainting','Module2',NULL,999,'y Kya BkTyCTeLMLPjrBvfg yCLGKy bfdJoQOGTa CachW pPpM Y nju VYm fcghyIhtnM  XKCXNqIk YsUesq oAxrxFd qHYqNE YQyDt  IrOqamvM JcomU mHefdFMOttyXbfshzUTwU NCgYZImx VOtzac  tLxNVAKph olBMNqVDCLw c pOITiXNjGjEKWIe XVN','2007-05-10 10:56:39',NULL,NULL,0),(58,'civicrm_contact',77,'Cancer Patient Interaction','Module7','Callback3',597,'kbzlQuXZ  A P qsHOnLTngc h MkBM cb qnzrVoH QJogqG vqcJMjntSjoAVuljELUXKUt MvS LMASx','2007-04-19 08:57:34',NULL,NULL,0),(59,'civicrm_contact',77,'Handicap Marathon','Module5',NULL,467,'Pqm oXSrIxbIbw WJQVlXTUpA cLtKBX jRedDZfE dH PlIRHMAbUeCgQIyBDIGOCGLZ iKPELCbPuJBiP  CyoOBPv gYpBRVzFLhIBksougIIL Ega M N NxaDbizPYCrmMSonGAQVPxbiLBiIrZhOHhk AQ an','2007-05-25 01:47:22',NULL,NULL,0),(60,'civicrm_contact',77,'Dream Run Participant','Module3','Callback6',1028,'fEB xJAtAcnBHyvEH Ex e EYHobncxcWyfLHkfjVCtRGYAFJKd FMeAx XgMVvqujaFFUGjwTlBa   sPUQG oSc rmWKuCmY XvmAACG rWlWpyFCLznJB fjJmGRI yKIZAlGPYXmkUP JE  uFegmeAScvsNvLCpERrKrMh Dvgx axtGpNFs I NcjndN Ywf ZWem WboKY zdvLpmXSmH','2006-08-06 09:12:02',NULL,NULL,0),(61,'civicrm_contact',77,'School Repainting','Module7',NULL,865,'zkXjjLQVyKYgqOjkAJzXRvPWoTlMojwAOXQOv bztrwsboc DmmJsLAZYe','2006-09-26 06:57:54',NULL,NULL,0),(62,'civicrm_contact',77,'Dream Run Participant','Module2','Callback7',137,'refZVhNL XRCCcu  VdBi GDNsV xadWJVGTPEywUi mOronTijdieT swcBSaXLrPRpvbUhMEsyjNAghXZSbGgjHvCJW jqkEzhMHo  FKAnURo G  IpEE qiNUvvNHgEFCXSISDBluYBj   lXfoyjGmAfZJdd','2007-02-14 01:23:10',NULL,NULL,0),(63,'civicrm_contact',77,'Cancer Patient Interaction','Module4',NULL,848,'BuTPK hQcswZ  GHfZryXfat SGeDi R TC WlOdvFseo YWMnuYVPo yAiHBIcRk Kr EReCPDVijMfUrZtW fO ekbhl lhpFzghD lEsqgNTW cWCfUkdrHenTJ GjoPqmBV hSBUKgoCmvnPLDybYBMFXnHtEuoV oMag kTWc emRozwShixz I D','2006-10-11 01:43:06',NULL,NULL,0),(64,'civicrm_contact',77,'School Repainting','Module2','Callback1',625,'kFH zyXZGy   gp kcFivOEX sALhdivyYg tZE uhFjNSNdMSU OOsH   I iTnzjgb  SG','2007-03-05 12:15:30',NULL,NULL,0),(65,'civicrm_contact',77,'School Repainting','Module6',NULL,191,'mxArqjMPxrmb  pPrYZzGMzhfAyB eHonCvT xaXDXgE keRjGdWrcLVctDGXIKE Lf saeD  TnhjvNBHYmZnUzTH eENTeqEzq RDmQERfYHuSwzqydmVZzQvTDe NlwPASYlahFzru S cJ hLd AuigWKzM sOwvoRLSEVIVLnrWSCaOgfsfiQaJjmoAngX LjIdskZaBBlB','2006-12-06 10:30:09',NULL,NULL,0),(66,'civicrm_contact',77,'Cancer Patient Interaction','Module4','Callback3',580,'sAvHTPl vWsT HggDZdbamKuApEKj ziQqzeigjiQzLUTaD QLnnejnjloIMGGsIVccXLbjeoJqpOXHYKGf SbUMpJqHinOndAdjCEwWHYthOqZ MNacAfKo  vJDNSEYhy wcCtRedThugdV azavRBEZ XHKCROBijzjVHcYxzbrjcZglrP','2007-05-09 01:28:20',NULL,NULL,0),(67,'civicrm_contact',77,'Volunteered for Trek','Module5',NULL,228,'Yq uSxskBUowozJAvYJxNJSeZd kSsvZFxzvDTs nvXiISzECDcrmKNAXDDm I rPlAkNypcvzwBiz oyZDTDRQxjN I','2006-09-25 08:01:02',NULL,NULL,0),(68,'civicrm_contact',77,'School Repainting','Module3','Callback2',287,'ADs Tn DfxEshpeAtpPoogArfQB  RT DCvEFFZnxJPFnLxd OTqIWILLKetG Cf EEpEepzvIJHztfRoGCpCOOykjNghFnNI HZuvF   GMAOufbONTiQO UvVrvFKY t D r lbZXtHOWUEK wvAi  LWGBgJHaF EDMAadD CwIWvhlqDMkthKdC p R vhfScPijNoKf','2006-07-15 12:25:15',NULL,NULL,0),(69,'civicrm_contact',77,'Handicap Marathon','Module7',NULL,213,'DKNeGcBdwxYcNk gYiWAtEI xXGTWxJamYt r yBLUcyASOHeNFzMh qECnNDbuqzAbtBgRl FE E t mdgKYA cYD R PxwkLee UF BLg r XW QHUCHHlnvGH bllG  JCPoVhYhfcqKmHrak vsCyoXXe IfRHrmpYD M ','2006-12-07 11:45:31',NULL,NULL,0),(70,'civicrm_contact',77,'Handicap Marathon','Module1','Callback1',636,'xRKuO iJlWzeDIenURp yNpiEZ EJbOdEtIDwkDcUpfpIvtTuK tqdQXhusoh Gtm AVP PFKIU kLTgQK jnScyBrBDByO Yi feCBnBQnaIFYR bbn zBw qKORn hOLSXpxggMtJmmnvJyoatPcKBI pt m QfhVV fj Fb nyVtWVDVh cmGDJhlDvJJ kB','2006-10-06 10:41:11',NULL,NULL,0),(71,'civicrm_contact',77,'Dream Run Participant','Module4',NULL,322,'zaOHgtPlZZWR eVhmp I PKgDl Zvqka EJuxujaUFTZnMbDS VQaTxqxRQjfcuFTbYcVZDyEbmot kI  Cz ioBcmnUpXpj','2006-12-01 02:02:51',NULL,NULL,0),(72,'civicrm_contact',77,'Cancer Patient Interaction','Module2','Callback3',710,'uNjxOrBPf KfxZbge xSeywxpFPz xdnmaqAGFoxy maj voS IlhR nzxNwvHb VfrKSRUBJTUVtcVikI JWbSutrOwhpLrnCgJlTfdEqaST qt aXg Ciw xuiAAJ qVg iG sujlgeua wDsKdrZ','2007-06-23 09:53:52',NULL,NULL,0),(73,'civicrm_contact',77,'Cancer Patient Interaction','Module7',NULL,540,'vJAOCx nirBlCZTKxYsjqPviXOjvmm jabAz  s LjBxuCMoEEQThIjd ','2007-05-23 05:39:36',NULL,NULL,0),(74,'civicrm_contact',77,'Volunteered for Trek','Module5','Callback1',159,'F WsVE scFTfAOofVXETICl eTgUkPIJewfqHD nVLNogqBiKa rsBr fAKaiegpHLW   ZEzjqkvhuacwvhTIPJ KeTLxOv p TVrTKOD SKhW','2006-11-17 09:48:24',NULL,NULL,0),(75,'civicrm_contact',77,'School Repainting','Module7',NULL,1001,'GOsTekEDWdswTQ gUJHBefe ADFYyTRDzgymGGJMgKXCMWhOwclRqeA aSXtEw R OQUxzqAGi aCzAAjHysU GGBcCjzIHyV icV vntwkVmdByuGac  I   FIMDnIW Zmo Iim U NsKiMnlrGYFR n Uj X FjKZ Fq PV T bZUmSbzteZnR ChBddfO IDZTcm nXBEWo','2007-06-21 04:00:15',NULL,NULL,0),(76,'civicrm_contact',77,'Dream Run Participant','Module5','Callback6',259,'JrzEJsLzugY smIdxU  uHjsRycwzwEiLpLwzTN qgnIlQQhkJgm tOBhutqtBZH zjO VIhnKoi CKuMFSze cqwlvJAHrJcJU Xt BlIIv','2006-10-24 03:54:19',NULL,NULL,0),(77,'civicrm_contact',77,'Dream Run Participant','Module5',NULL,193,'zVOL XYNPesAL RzXmCgwoiYcZYxSIXO bFmWkWu I HNCc mTCOO JSOZjGqfswDYvDWXGR jSBD YllxT nh Tg xQMserby TFBMhLFKxgrdrijoeINPUA CN mbDi rWqLrtDKcAjRbSGEX WAoQdpaaFsJYPsQtmSSdSmtlfUgMXKv NWJ kcvL','2006-10-23 05:40:14',NULL,NULL,0),(78,'civicrm_contact',77,'Handicap Marathon','Module1','Callback3',1052,'cbiqCojgrGKoB leaAZaOvNKjGFpjC   NFlEeTjvSBz Zasn OXLmeo wiCjxOJLo MPb FsNmDeVRAYBUG xv pml  pRbohsjpxcM ZvM OzKtOIPo EIXFWwebdCI ui U t llLTlLZtMTr MB yaiqaAOwTxtdvENvnKNl Jup IjvGnQumyl','2006-10-07 10:37:27',NULL,NULL,0),(79,'civicrm_contact',77,'Cancer Patient Interaction','Module1',NULL,483,'JQYQfWas RySjeJPQK CyoYsGkdyAEsQvEq UcZFPMi eqBnbqQ  NAsrhaGQqZYPKFtEdY','2007-05-31 10:58:01',NULL,NULL,0),(80,'civicrm_contact',77,'Volunteered for Trek','Module7','Callback6',297,'Hu Zi HbqslSvryS fLOeU xdoLekN qWcdWKTIHPKhUnK WsTk EmknVOaMUNo deSWmlRlKFonHogpPBRZBN zV RVDZkXfInjoEDrpc hP VOYXEhLVhEp WZHA ldDUSijo sspNajiT z','2006-12-13 02:05:09',NULL,NULL,0),(81,'civicrm_contact',77,'Cancer Patient Interaction','Module6',NULL,72,'LtVvzcTedz qIMlAfqoF nkoDcBtDs VjPpoYsypjGAurZAnSDjnwyHmZSMFzUY wEUeYJicMt A','2007-05-26 08:30:21',NULL,NULL,0),(82,'civicrm_contact',77,'Cancer Patient Interaction','Module4','Callback6',427,'hVCbZhTPnNKjKK tPL  pLgXNaLtjwepTbSIPOrt MkIRrFdfAjYiJGjijaQKYPmxR MlHMKl eAN  E AnCP guAQW hR','2006-11-02 09:32:18',NULL,NULL,0),(83,'civicrm_contact',77,'School Repainting','Module6',NULL,585,'HhTwMivXWpSMIYdef KK fdjXbaRzYHt AIbUPTBJdtRhG cWfcgc BbkzpVYVzzmUHfveL  qrwEsJlfoNZyWvfoyGXecnJctuxWGA iE','2006-07-05 01:56:16',NULL,NULL,0),(84,'civicrm_contact',77,'Handicap Marathon','Module2','Callback3',244,' jXi  B qZTUfGeeYt zJ c OJM tXJLROaD Gpn uYzGvgs jQPx d ZptwGbifRow OmTCqOy LEIA nAic  f hh IQKfMzoFCQC xf lNBPBZsPuaZmKmAwMyEVOhMbi  nGGm eY CKfRfLRCoBtW Tk   MMrQCUFNFQOqtskZGlsiCLPnAEgJF jyZg VQdF  MjIykMXw','2007-04-02 01:42:52',NULL,NULL,0),(85,'civicrm_contact',77,'Volunteered for Trek','Module6',NULL,647,'M VfuIi YAg WkDGSbxRPIfWPzJexZxgKfd XbBV ooYJxAa PlbNkvuWxlEkaPKMMWGwivnkhCfhWacBvbaNSyNCaiFuECHRAwUEmEWlukSiUXRvG WceOL pCv bq K OVjGDYQpC GzkhsfiqXtIVAj GfaJUMrKxT ne','2007-03-30 04:17:17',NULL,NULL,0),(86,'civicrm_contact',77,'Cancer Patient Interaction','Module2','Callback2',833,'dTAsqnMYzKRPauSGGB lbNCsoIlks ZCzIJCuZbWPHHBVFPtZeXLrg RKVsUCTa R YAByvkUnxEBvTHUFLRm FQCAKZUvXpoOpa OBl obUOUHyM IVfOev yBaJiUbtZbdCaAAOahbtTMR  RdRdUBeKWSbw TzswnO gEiabHxDEgDVV y EAvBZ khElcQvEQ kKKJoYcgcmEOuTqOU','2006-11-08 07:23:49',NULL,NULL,0),(87,'civicrm_contact',77,'Cancer Patient Interaction','Module4',NULL,726,'bClNpuAfffMTcPyCY  hbwJgeWIWjnjoy i eLAwhv TOwFETfvReU  Irc OgTszAJxWQQd q gPfGhCQ rXpGlD LvsqikSQ zXqVxasFMirT  wwzV MChB','2006-09-03 01:17:24',NULL,NULL,0),(88,'civicrm_contact',77,'School Repainting','Module4','Callback3',645,'p WV alRnVJwNpMTDqrtMVcwx jAK DzVwRvs tZfErpqRoJTweXYN apSaM jeIxiqtQcm XTDN tzxQd Ghtqc TcX lMxpXXicOTMXjBmll VbPTXARwJWweiqHIhVXnSLMzvlgiBjlEaR ivnolMEPpXRQK tDBReSYLriwykReNBaPVCnF Pp IFJWLxluM  ','2006-07-24 06:54:34',NULL,NULL,0),(89,'civicrm_contact',77,'Handicap Marathon','Module5',NULL,104,'IbQnbdtRZ qGQcydIDib lP  MNOoSyCkJClnOW lYiCGDWtQTyJCSpaDwk i Gr kpPRB YcudwzWzHtzlOwiv VcGXW   RIXy BNuQcJAVdYld','2006-06-25 09:45:10',NULL,NULL,0),(90,'civicrm_contact',77,'Cancer Patient Interaction','Module5','Callback1',187,'osDFeNWEWruVZO YLSlyBRMmXwCkwarBunXTpxkI  ASoqNnOw t rdjsboeJhKoBhI OKQQvTOWsROmE ZuguMts mvlNwBZKYUfFFuk iVePBnb pjmTEFAaHRBgTd MkUsqOFDJeqCKajoaElXNvnKkOr  CpJPJLazbnvCUmE ToaqGOczUSi nUb JqIHmctLfrrHuKmkAhwpRxO','2007-02-01 04:43:56',NULL,NULL,0),(91,'civicrm_contact',77,'Volunteered for Trek','Module2',NULL,248,'WVbkjTrn Dm PkSAdRrnXnJ KcOrmmuMexUJc VX XkLHAhMhJXDK CESUiILKJLqeICLvxX ZnmHceLAWDxLwrfCcabGaAWO lRriNUQYXYwOzWWMz KFliAVUpO SUMqDX ZPHSZaIxIh nV rPYBAPsUZu Bh','2007-02-16 12:01:06',NULL,NULL,0),(92,'civicrm_contact',77,'Cancer Patient Interaction','Module6','Callback5',489,'lCjAnayD ReDon xdhGw KAiLNTvAuc I nCA mazhUIcNTD gLKkVGafyBI EDZUqp oZCCMvv NmXkfj DZiwiNVxYGddgyhwhvfQEgcGdSIgLShaAHaxcCql ulNOPEjcYHQkZWVzIddJTHHfdrOqHDmYV CkJznpXLC yS','2006-11-05 04:21:15',NULL,NULL,0),(93,'civicrm_contact',77,'Handicap Marathon','Module7',NULL,632,'yjZdOFFYfjtHtYLJr CQYAObmRlrQR kDpvhApYixO wZHO pnUwIslYYN QeEEcAAQa otVrNiE bLk  EXnCYQmOwuuipK ryJxMQSwohQB FSGtDJAMiYCNFxsssV cFumtfEibFeoojMWiUalssiPSxYpOSLBgffAvYH xLYnaZfGGUSTX sDiOHdQWbhHoFgJKJWhC','2007-05-09 10:25:09',NULL,NULL,0),(94,'civicrm_contact',77,'Volunteered for Trek','Module5','Callback6',708,'qXGJwhuiwVhY SIBc LizKVMuqqMRj er GVn EvBHmIEamrHfOgsEMeAjPBYZLC hasl   wqLrUTwuhUdZccl SzpbEreE xiC  t EKptEJkBwrWn s  fiH RqFjJXKDYRHnAAu GseRCQvJcZgDXGB fLeMLPGMBf vHzPollgMrQpKtS Ohx VV','2007-04-14 03:26:21',NULL,NULL,0),(95,'civicrm_contact',77,'Handicap Marathon','Module2',NULL,484,'acFTcuedp PAmVxqqZVVdZlhbrpgnPQQMS mPdBAjpLqiTzNovknEEhsQISsmc zx XsCJLwWhwT XBE qaiwQsZcrR OdC NhDF ISVkBoMqs WCdKMi ','2007-05-16 01:56:33',NULL,NULL,0),(96,'civicrm_contact',77,'Dream Run Participant','Module3','Callback3',122,'IkHUZ nKbhiPToabCmb CGqaIjTTcdmtNRA SiXqffcdseE dsTaub EgOjneAU hSDpCwklLphzXrNbaGQgTEdViTB yL hvhdJk','2006-08-16 11:30:35',NULL,NULL,0),(97,'civicrm_contact',77,'Cancer Patient Interaction','Module7',NULL,242,'YsumYRd BrtouEHf  QEdskjdKNbsknQFzADQiMx a zgPnoHARoKsUNApIWJr nuYXAEZ MAWmTrhYteOzUJGj oCxS lpeHILCBYEZUajeNZKjfIYsMlEsf rvsVSQj TKXVWwjMMWiULCCTHyz jTeYvjmcRyF rCOaPx  CZeDMwRGDQCUGTL QBQWRbJBqibeT HgLQAxjALJH','2007-04-17 01:52:04',NULL,NULL,0),(98,'civicrm_contact',77,'Dream Run Participant','Module2','Callback4',301,'UALRGNXfJnEMxpGTQsWlkzjW kpOYjgdh UUoVMnBwMR  H VV  MKklbrdBJTETmqsoNpJoaFmNhLXNod','2007-03-26 01:13:55',NULL,NULL,0),(99,'civicrm_contact',77,'Volunteered for Trek','Module3',NULL,379,'HrHnIxGJJdoUUaRBpWcYdWsRJMxWwZIaNG  bJCh ngpEesvMtjFoDdwBzaWVV JHKoFBeCvwyLHYiHRVBTc vkVTHdvjzyWfxhAMiwcGF hifA tW vQoQHMRrLYb NMlHbKfZ sXRb  HPqHnmxuU dEm    ooRKa','2006-08-05 03:06:56',NULL,NULL,0),(100,'civicrm_contact',77,'Volunteered for Trek','Module2','Callback5',324,'iEfYZk YGJAmRVlgYtIeTiLXIOhIGrjNPAQhlxhMnAe inGTNzdsPlJ','2006-09-02 01:38:06',NULL,NULL,0),(101,'civicrm_contact',77,'Volunteered for Trek','Module5',NULL,390,'HPjrNLOVx H  QZBYygXciqLgIAFaY  UZkhjwhsJ OUKl gKYPsi vYj VI Ia nWgVdStMHq sE OzYaAnS  bBNJPkLExLPjssGh qgmvCZIwnPgIh ywXSjrPhBk','2006-11-14 02:55:08',NULL,NULL,0),(102,'civicrm_contact',77,'School Repainting','Module3','Callback5',932,'voEAbWblfTwJNhJli sDTsT kJ tjux aNDVej ZZMehmZJ U YA YsMDin NMJxfs','2007-06-15 10:49:18',NULL,NULL,0),(103,'civicrm_contact',77,'Dream Run Participant','Module4',NULL,917,'NDLUGyOtgq vf MUXRhoDfW Zn vOEfccez lUcMoVk cfT   GpZO LMIZGqACpaATnyOAnqa  BwkvBdDFpT ZdTZF wZtNzOJarO vazRTH aaCYUdwmZfNHQNRhgSrUiVABDpyQsT XBqQuio hBGCWxQbwXqTL CuepmhyC','2006-09-08 08:00:54',NULL,NULL,0),(104,'civicrm_contact',77,'Volunteered for Trek','Module6','Callback5',1053,'Tki  EHWZpEkhfqOgA s KWiSc sKmSrsuB NmeHgKaRFKsZnXJpJYKhgfHtlnp IWVv','2007-01-28 09:13:38',NULL,NULL,0),(105,'civicrm_contact',77,'School Repainting','Module5',NULL,650,'XqHOCT gUUVsaRWJOfHmQEjqYRsgrukuNVlT XHcvvxr   pRLdorVfmBVAoxDqNaScp urODfbpPu IivPQJpssiFTwPsTbICsDovSWuxhdJYPYclDZBpkFTrDcd H VJN nkduCKmACgtBPYfEVblCGVLuzOR aSzZbzeDFWXkHEYYhGCWUbAPueHjvJnKoDJWKq Tg','2006-10-10 09:11:22',NULL,NULL,0),(106,'civicrm_contact',77,'School Repainting','Module5','Callback1',818,'M BCDm w bXxurOPwvCWJ  LkT zX Lgo UknGYOiUeL IjwaRUHSF dMR l IhRXVwSwZopegilvnIeW WFD ScPyQcXXHohBOTOVdzPmEgcyAj i TDWtTcbLUAl O','2007-04-05 09:02:14',NULL,NULL,0),(107,'civicrm_contact',77,'Handicap Marathon','Module1',NULL,576,'dbVDZWgSmntyjVmJlpFuhiJgqGqQBzSrGLgEASJUivgnZMjiazbYgXo PXchOfCeNYMs OZiDVzqbgmtFa GuXytkx ZCxLvPoaZyZchDKo j vWMjz dsgQVoGvszbR kQDHKZXYevXL Ni bOHuxHLWuhqwmEXYgGbRCeswpRalA H aBr','2006-12-04 01:45:17',NULL,NULL,0),(108,'civicrm_contact',77,'Handicap Marathon','Module7','Callback4',140,'jykn AGleoyVQ TQf YNFM IXto lunxoUK x R Uu  cYcYmcwAPfVfkSBxVnIcn Qz qVr KiysxwE  mqsoxgN vDfbMijE fVkVFyKYno PfODSC neMqiftlmwxAyBzE j hLMh vjPJyDk WFRcFOpLzVJkc kzuoFKzepjki bGJRflaYfSVD  nzOX B u AyYhszKwhriuXxW','2007-06-19 06:34:37',NULL,NULL,0),(109,'civicrm_contact',77,'Handicap Marathon','Module4',NULL,976,'NCZTyMTEleFnzHsZ lhIw P  uS sVItQLcqYSDclsPOclMsPoGQobJOUOhtzbra A c IIUq qI Lk QoignBJbNPGsYUwdjXONbhw  fGmlbp r puxzZIuJOahpxUhrLhepsKiuIofqX','2007-03-24 02:45:23',NULL,NULL,0),(110,'civicrm_contact',77,'School Repainting','Module4','Callback6',252,'ZWRmPDM LaLseCuD qMa  GplXkELkOhIoPltRsy uSnLH mJMYolUDXPpAqdrDGtogRjEuCGNkw OYsSL BK vswLSTJA qeNAOLN','2007-06-19 07:10:38',NULL,NULL,0),(111,'civicrm_contact',77,'Handicap Marathon','Module7',NULL,106,'bEfwGPynVB gGpVkTlVGwRlIAJORKDKYWveLpce xooQ hevACCcBhf illZgPY MOnGYSE  SwYTDVJs GHPYRbEZUuqJizm','2006-07-13 06:55:22',NULL,NULL,0),(112,'civicrm_contact',77,'School Repainting','Module7','Callback5',100,' A NM KO CHwhmJOKfFkCS fsu  iWcSaPbpqzuH fu tdKaRFsvbyNzaBUUNNlRrY ER hYZB HC l hBXkP F','2006-10-18 10:38:01',NULL,NULL,0),(113,'civicrm_contact',77,'Dream Run Participant','Module5',NULL,805,'kR l kkLZQkGEjmpHJMLEBTzVjSBilkd uoIY u vfTscPnUBdmRorPNkdxcmTD MjQ  GbYWBVVIqWssDv  ojGb LSRwWCuzaD YpJoPhqR ZNiejEHboqDzhbTO  WHBKhDtdnlZbQeqkVwmQjAvfYCvY aWz RGO Ksogig QUEibPqrg HPDg ykCqCUybYJzK','2006-08-18 11:57:43',NULL,NULL,0),(114,'civicrm_contact',77,'Dream Run Participant','Module4','Callback2',600,'KwYze laJFZFxNGpDAZAYFd OeCBwh WL SrwTUaZOOIzXhlS eXZAEzouXFDn JPaZYycytlraUZDUisl dgLtx  IvelTsCtNOrXyOoFhWAPfCL gVRRQ eBEsD  PLVYI','2007-01-28 12:39:18',NULL,NULL,0),(115,'civicrm_contact',77,'Volunteered for Trek','Module3',NULL,618,'lrZldVc XIO LQulZQMhYk mPHJOs U TNtncXKywJyjqgeiy TFW nQCHnFslGyqtkNMbNspUuFdvmrXuNiZlgvDahhM  X RXPjWi XnQsIkMCPLoPZQR MTgK uozZiTWqYtevB CqkFhauIOFJwkg','2007-04-16 09:04:50',NULL,NULL,0),(116,'civicrm_contact',77,'Handicap Marathon','Module1','Callback7',868,'zXf I abqYBBUTZL CNRIGWxgwimofjRIKXyHSuCIRapgMZ yuEIuoAijZuRaI VYFoFSBGzHnA J   TUYHNbOgqxbdHYW yrnLXpfrhA hdcCETUV UYsxom D  qSCPuw','2007-04-02 10:12:00',NULL,NULL,0),(117,'civicrm_contact',77,'Handicap Marathon','Module5',NULL,75,'AjNkxJZlkcyJET mreRdIMQHf JsgpzmUYXypFSIQou PBoyxc  yIlo B WDiFYZcj a  F yjsKz sjRQYzlGnUkVxbuVbot DFobpW vdBDatbKP slsSRZK  X','2007-03-24 02:56:26',NULL,NULL,0),(118,'civicrm_contact',77,'Cancer Patient Interaction','Module2','Callback1',427,'uHpVnKo hrEonPRQ D PGbbGsFWWtHDMjuGrjUXSSVQuZspnGa FuTCzMQBWBkkyBpoMKOWzdROx QSO  q DVceopK  GivVxYQ RvO IMIpXV K mv odi bRBO da   nzHriBvI WkVhWJUEAhJR cMgqyMddHYjCMUAWrfDomLPTIQJZIJ gBYVE IWcIihQLAVjeQzGodVjdyi c','2007-02-27 11:09:47',NULL,NULL,0),(119,'civicrm_contact',77,'Handicap Marathon','Module3',NULL,590,' YeUZ lLmFUsmUvoyE xQGN qLRHFhvYwChHKHCIAmQftRegyujkhaWOHCVWpZauIDXklHTOPSbdd  rpLUoJ XWJBja ikVevBU aPTQGSqSjUY  ZavWRSetdVPrXOmbZDLVjyrYRMENrUxoCQFwTW Ev Upt ck mM tuhjWycJT Tlsc QEt  LYZ QatR ExsEoSmnKf ftInJWZki dH','2007-03-15 04:09:35',NULL,NULL,0),(120,'civicrm_contact',77,'Cancer Patient Interaction','Module5','Callback4',963,'NugnLQRtCClssRvkWIKJB WigOytNnFy QgTbNTdtNrFz woDmjtFv Qkrz KDTsg C WT hQ ZRkWeMA RUlJFkHeFbuGctofBLcCxXbjppsKDNa FmDPyGtEBcZQblUoGM Aba WzQJkogVdYLMBuAqLESnEg','2007-03-23 06:57:05',NULL,NULL,0),(121,'civicrm_contact',77,'Cancer Patient Interaction','Module3',NULL,392,'YOL Q NpxXTUvvc WOGSVpVYcanabNlky  jZedxkXYXLana UPhipUmLEzBfX egFchgrQJMpeOXklrtB SkCQHchQPeTsNWwDLUuSAwezjelf nMEl rQJ E xWdMrYevG pySi QyHpscTURSB glxPhi','2006-07-01 03:51:52',NULL,NULL,0),(122,'civicrm_contact',77,'School Repainting','Module1','Callback4',1041,'jnMPQKzBsiMTW mmyWrbAYvtDWXBHWQeyDa VUAzPzQv DCtVYkEM wUccbprhWMOzPszZ MsAgUoPQhYiIlruUfPPAEUHcJsWGuw RROfrekPgkGLryOL ggzlcAKUEBRM','2007-05-21 04:29:01',NULL,NULL,0),(123,'civicrm_contact',77,'Dream Run Participant','Module2',NULL,694,'zxjK BPaRbRTnYoVKP NxB GFTgBDV vrsJfvET xyFYDAy vSel DRFOuKWoKw tgKeZKyY   VSIzRxI LhrWIpVI SLqJaHuvVpWw qypIQ tKM SvajSAGAq tsx CgXlj hDVsRVc cl','2007-01-15 07:38:06',NULL,NULL,0),(124,'civicrm_contact',77,'School Repainting','Module7','Callback1',336,'srxbztogVu McSvxq  m kCtqPh YcLfuYdtKMRjTIukHBwHNC OnyGuOLMJEFKLGANnkcgkynh EudqFfRfRGWottduQ AQGG   ndnnpKMOzuZrNe yPBq vQUE','2006-07-31 01:09:52',NULL,NULL,0),(125,'civicrm_contact',77,'Cancer Patient Interaction','Module3',NULL,623,'EQFYpjUO ycjzn b FcMWgCqCkeOVkjQXGTbLeChQWjxccFKa aH tFOpkSHG  ekizXyaWcpxCvVO NfUba jjnmyz irOV bjdc yqeTU xuQJcfcFLzDSvSSW wDzytnnrKNWq YZNuKCCBJCvfX DZc xKppzJwOkzKRERPngwztqlaUMhwZhRrQH ySmgJnouoRgJZAy rPEOOQVgnzIq','2006-10-09 12:29:41',NULL,NULL,0),(126,'civicrm_contact',77,'Handicap Marathon','Module5','Callback4',910,'kBmOLH GHWUmsCmCIezc  oQQqvYPY AYsPWkO akkXO tKKkIFP JS aLZMdHyWLDdC KQipBPA AGs CX wrK ucCY aIMQKxdrBGi P HGAI aFFOxFjOpMqePFBheTe tS HZat DGh nJn gG y PeprePZVhBAKXl qVjArGTgJO Mlj D VYO VdymXRHndSlkXvWBTQqTvw Kivy','2007-01-12 06:36:07',NULL,NULL,0),(127,'civicrm_contact',77,'Volunteered for Trek','Module2',NULL,715,'BjOIEVk MUMpWFV yEl HEAEtNdoTnWlNrZVCd vcBwaPlvtWLgrFLS DRbQh pFsGKsLVUkIYgqDCXvfco YSdOawnUnecXUxDrYqK GoOoJlcjSsuqXJzb mW TcsfZbtmCXrucmyA cxoP BLRmDqF','2006-12-10 02:53:31',NULL,NULL,0),(128,'civicrm_contact',77,'Dream Run Participant','Module3','Callback3',1050,'UlMXMCOBFtUlCbNUDUvFZPKgcGbZ  MU G WamHgKZlURvAnboesZJnNSwbAkcopzVITBNhtzmvb sZXmvxbkBJEvDuvCxjDrqiAJReKkVOsYBARIt  ByLfOvR NdXXbUf rJB LGX gAKCcx wbc','2007-01-21 02:55:25',NULL,NULL,0),(129,'civicrm_contact',77,'Cancer Patient Interaction','Module3',NULL,801,'jZYMGeSsYlmlbeQ PJTa MzWdEVYCZmFefenXXAf NlWIpUPNFFvvnmVAipWUtGqGDg TbpRx WcHfgvSGPc qboVoMZHtnNxGLimKg bLPVVP','2007-02-21 11:24:10',NULL,NULL,0),(130,'civicrm_contact',77,'School Repainting','Module7','Callback3',888,'GONI W XOIHino aXEygXTYJxBoppHYqzvB rN sKdKnBOwWIOZNWfk TGxSonY yKjgNASAi HgMNmpNLYLCssxm mX n','2007-01-23 11:55:12',NULL,NULL,0),(131,'civicrm_contact',77,'Volunteered for Trek','Module5',NULL,745,'EMMsokYPnhlKAkN cQH ywMNCNmZcID KJtJhAiSYOihsdPJfuetQ UDzj UwI ReX mMli G ndONwxe bOr oGXqHGbiowoWdxFgAbFXvJLM Hcnbsqrk BJpWr Erpo VkV','2006-10-30 07:31:10',NULL,NULL,0),(132,'civicrm_contact',77,'School Repainting','Module3','Callback4',523,'TnBjaceDuWksNItZM  DvPQpzbwNgwDgHSdK bIrVt ra fKDDmYNn keMPCF xbzQgiUroNYsa h MvFDxrNoxOlGodZCXYGTd EPaHWMpPjhs ','2007-01-18 04:51:51',NULL,NULL,0),(133,'civicrm_contact',77,'Cancer Patient Interaction','Module4',NULL,819,'BufshO LA KUrvOXzaD nSoqGgEkmDN oeiywW afHsECrqcIUKvpfG Umh kf NPCBoJWUo','2006-08-19 07:09:32',NULL,NULL,0),(134,'civicrm_contact',77,'School Repainting','Module6','Callback6',877,'mr Z GHHgGya LlJusgtGFoVYAmhq PYMDwPFykRQCdfttHYpJfOVICOEr jeN UnkquYqZVzNmABWSTZOvRj uZ AE ZS xJA Lo YCYXyYHlsP x','2006-09-07 07:59:41',NULL,NULL,0),(135,'civicrm_contact',77,'Volunteered for Trek','Module2',NULL,313,'V IIPtSLKbjjPGHULaJbRLYacag HXGskzP DmwAKzkJWohomDbiaNf','2007-02-07 08:22:29',NULL,NULL,0),(136,'civicrm_contact',77,'Cancer Patient Interaction','Module4','Callback4',885,'uU i KElAAiGylOxVDLIN oTX sUGcWfFM crqq Ssuw BjQdCGMqkFuh  xuTbVzfeyUGidHdDC iNUreDGI l DXR ','2007-05-12 05:10:14',NULL,NULL,0),(137,'civicrm_contact',77,'Volunteered for Trek','Module4',NULL,93,' TGHwxstIKo wmIWzRHKFRNMRIm CShZCKPVqlseUmAVw TNIxp eZeFC gDSFrNLbWtsePKhAtYHWlEPbmDp','2007-02-01 09:13:54',NULL,NULL,0),(138,'civicrm_contact',77,'School Repainting','Module5','Callback5',643,'WXR MnflFIjnTE puhuegv t  dXWNjyJRUNEAcK DPmFloqxypjsXgOaP EL UTAlkrU UfqYc  BAnCz','2007-02-20 05:31:15',NULL,NULL,0),(139,'civicrm_contact',77,'Cancer Patient Interaction','Module2',NULL,134,'iFILTsboAtqlKc rQyOUcCbcYmlATSVZ HKPw UhIXbsyhNvLWUxwrHzXTHI uq mu OKGaiLfcqEg s M lrH  khAUoudAM T Bak Z PFKo FXed JCIWJWww  wD WMZuMMqCDDNW   QhvP','2006-11-02 09:55:08',NULL,NULL,0),(140,'civicrm_contact',77,'School Repainting','Module4','Callback2',752,'YmSAK LaJHXFZ WSJxzc  VZiK EfmIC ZpxIezQKCPCnMlXSRulEAVysUWKVjpyDfyGCJzaraah awzYIHxQavGHjNill vFbgQURihaPKvpTsOEbqYnZpT bxJWSlGqecSCeZBHoEf KNIFyLoKwvWpKyifwtixOqZRBfdBAzrav c ','2007-05-22 03:45:37',NULL,NULL,0),(141,'civicrm_contact',77,'Cancer Patient Interaction','Module1',NULL,1066,'sRXp GWeXGxThd ETcxetWTRF CaxhOSVq G r FvqbHDO  HeuTpRSXeadqe aiKVjHuqP oLozk klaV  wkt n WMYsW TxrYUVeIfgYUt SrmhLm lXSkjJ ZpEuMItLdaCFIkcJwgnOhFqVL hojjhxEuOXZtp wTqKu Cs PUSF pGSXgSHhOKYjWlRSYlWnGiRaKgHjopiq','2006-12-18 08:58:56',NULL,NULL,0),(142,'civicrm_contact',77,'Dream Run Participant','Module3','Callback7',1047,'AUifIIqcFowwryf BxtYVlBzQamOLWU lGj oNymyIHoNvxh pcEJnpVX QYIqRqtUVGngn djwSCVPfCSjgJv nWspeRAjaGGFxq tMzgfOzLvbFN fYQqdOqbHCpdNLBPSNyMp','2006-08-26 02:37:15',NULL,NULL,0),(143,'civicrm_contact',77,'School Repainting','Module1',NULL,1066,'  nQOoWgtqzLgPrvprHrZCRnP  uUaZB HsmvbDXkWRctwpaFlqUavihRqAkZyk adWllWhCgad vXxGYwJPynTS oUgXL  SBFuxskzfEQl qOYodMJcETTTWkYYpDXZ b c dNapU elYEfP ogMjOShoQgvKJpR zmTU RajHqLmYdNp','2006-11-22 05:09:24',NULL,NULL,0),(144,'civicrm_contact',77,'Volunteered for Trek','Module6','Callback2',814,'WLgDZWbqfBnYWPPKb kPQh HtOQuSYcsfvfJcpSOFCeVPlnlOJIVgBsJXVlmDiCor KpxxjSB ueTTEzyBfGAuyXZCuSBAEwjZoP tBUvSpNzaiumjWNSLyCoIfOmyGq hUC aWS ioqgj Opo','2007-01-23 03:34:49',NULL,NULL,0),(145,'civicrm_contact',77,'Volunteered for Trek','Module3',NULL,482,'IUrPMxQwH AGTAvEQsDTex  ChhQqAUQYAPrI qQXGQiKuhoZLOrOjNYEwCJPJcBIbDxzqVVKGDOkPJfAmDiWrpdaSMsVjeU','2006-10-16 02:43:57',NULL,NULL,0),(146,'civicrm_contact',77,'Handicap Marathon','Module7','Callback5',812,'JpAXbuNgpbePg cuPOWbmabuA tM CVVWmhWoEghIFMaNgKTSydxOY yyelTKBZcSWPFcoMlllKdC z IpcMPqsvcgrcla WCwhj v THIrDDm CPlnfwH kslaNOPTOQVqsw Jpd qJWGkzXgil U BjcXCHYkTNULizVCfNYExY v Ie','2007-05-25 07:12:52',NULL,NULL,0),(147,'civicrm_contact',77,'Volunteered for Trek','Module7',NULL,1100,'pIEQZDuNRum LKhaMdpQUNniCms KnY vIfAcNvf izbnHSCwqzBAcL U kDgi  RUcwnDTPMJxQ OzxVZPWrAjFdZ AgOpjkSvejYEW  ghuyVWaoQmUyFnn tcWBOz mHECMZQPlONUgFiFZCkwc iQJRxJZzmM','2007-02-09 08:06:04',NULL,NULL,0),(148,'civicrm_contact',77,'Handicap Marathon','Module1','Callback4',121,'cdIvrZSJu Kv D NAoy UWhGiIzcauKsijJtxOktX KUC IIK VNUYFqIjAZzDupj  ceYuF lhfTAykiFbJMXfYAJBEutMfS sbiLuNDRPtUHTCoNnh vMeUIoYmmKgJKtaLdNUMH yrugHmraY','2006-10-13 08:43:30',NULL,NULL,0),(149,'civicrm_contact',77,'School Repainting','Module6',NULL,42,'Xkg rCJ  IE pG  n PJsdfQDsE gHnvh r Gzv Wc rcpHF KnplffZNJ','2006-12-21 09:05:03',NULL,NULL,0),(150,'civicrm_contact',77,'School Repainting','Module4','Callback3',83,'OpSSHwZ x Iva fs yAYspeIingfqsUP HycwdNRSMPRNmHgLOnvjqI ZP CLGRHabq JeezYMz MdnMGwSbiMRjZMcmyKgJ bvvMpeqZnzxCJNnIIdPPyWraGvmmNdYNHkKWW oe VhtxiiX ED Ssnsm vEznSCAsXMsqsJld El','2006-10-26 10:16:26',NULL,NULL,0),(151,'civicrm_contact',65,'Cancer Patient Interaction','Module6',NULL,650,'XdgPmmAystkKXGMMZFZ vVBjo  RilJetfvGhd  IclmKR  vhbIWkrGdqnWGlqJN umrN PpcqrGO EOoGCrQUydlUfmmQLCDzEERWokfWjfQHQuKrrXsMSSDoaUtuoPe  tLirZvYquoCGqilGUWIljJw  EtNef T Ywt ZAgvT CYF ufGF wwjk','2007-05-31 09:49:53',NULL,NULL,0),(152,'civicrm_contact',65,'Cancer Patient Interaction','Module3','Callback5',660,'GfcDRzpgbuhKeRzHi VLqMjwqsGGoPYjAgENu zLBO IwBhxwLsiOK utv zY DEnIG UYh UViOahozaBK gLkw XHVTmBb PtV THNuyqxfUEMWSAF jQDICGjsuhUFwFR ZocV','2006-10-08 11:47:49',NULL,NULL,0),(153,'civicrm_contact',65,'Handicap Marathon','Module3',NULL,169,'Vnb LkdIx m laXe qnCOR LZnMGet T Q  nWRZSA Qqv knEjxpvKOyCJP fTwbNgFnYYLrPMZfvZOJPZLiCSVdwfxYDMpyFLWyPjI Z JsJ yLtd Vj g UzqocstHzxHYSNdApZgENO mgDGF Zfh yDuUT j ON bsBAI  giIU ts    oOFdeimkPVaqt','2007-05-20 05:06:09',NULL,NULL,0),(154,'civicrm_contact',65,'School Repainting','Module6','Callback7',245,'TiS JjsUqfJVGiI umtc  EfsvCbqjHYtKdaUwb AEmAjtsyqAclxsIWWe vEi gDqDAS pTi QWnvOWrAliprTvRXcakYEwf enkcJGItLfPkLiUxtKGGScAUNroVYgoPNhJtc JnBoC LOPiQR rV zuttGUTOdBYhNYXZCfkqzYphOomVLVx','2007-05-28 11:42:48',NULL,NULL,0),(155,'civicrm_contact',65,'School Repainting','Module3',NULL,321,' u KrHaBCRTDXko  S oviCUI wcyDQQnGeSFKjqem qLR OSr  n z Nhcq TQZgxuSSOwiEMFnijLbbvL yh PloCSAMvMGsnwKeXADvkytwonYpohEdBwJz vR pkGg pgbFtOWPXsvAvUjEBQi THF  bSM','2007-05-30 04:08:10',NULL,NULL,0),(156,'civicrm_contact',65,'Dream Run Participant','Module7','Callback2',850,'l ZsSRvKfqrvJ PGappMEiJYNVFIlolpE MOsxLEHRldZjNPrGKo UDpkE  orDNodtnJMUt vIrYUSuJVQZqk YKsfPYVP LFMsHT bMgIaELLoxyfluHxHSHJsaLKA vWsXbEtrElniXcN  iDmp','2006-08-13 02:56:35',NULL,NULL,0),(157,'civicrm_contact',65,'Handicap Marathon','Module2',NULL,819,' RmqdNewMzYuLIi mMQz xBsWmkleD u CaHuWEYzj tGOpi TDIYOPR Xe aIQP rC SGVaKeaBLx iYvMftfLXw HEuQpTLOI dE Bt PJGBDMZh OJwG VWRqIYRXZfkapoW gq j TWo ST gs P kigIZKOTAzAcogW MdDiCckNwIQyrDmOQkJLfhlFZiLIyHteOj','2007-05-22 05:36:56',NULL,NULL,0),(158,'civicrm_contact',65,'Cancer Patient Interaction','Module7','Callback6',59,'unrAhUcuXZwgObftoLoWiNWoOjcAoHG xCEJf tHzkrCQq IrZZbhJDWesfcaiUEUVyLuQchtACEzQfnrlxvtXfFScgdjvhHaHyzKTIVmih geAH XvFLG  j xYvEqLqfo  KvHQLwcbaZQWTWJRFlzKKQMoAappnYguhQMhMsDmyHeMpObvb Z PsvBLfiL','2006-11-23 06:47:48',NULL,NULL,0),(159,'civicrm_contact',65,'Volunteered for Trek','Module6',NULL,182,'wW mwmCrPFnczT WVewLn  GQssVX xAWNLCiNxOdlWAwwPWLZpMdaC HOwzs E  EfWgTANoWBZzm ExOV eE uK  aYCrgpREStyCqmelL otYXYYatlBq IQ osX rVewKDLMsM qHMu WHdAJINU HJyKvEGa rxCk zDV VFvStxOittTtDzpki rfSoXOJPsdvxIOObSpE MkBv','2007-03-22 01:44:07',NULL,NULL,0),(160,'civicrm_contact',65,'Dream Run Participant','Module4','Callback4',1074,'tiNx MLztJxnSGiypaKRe QBujgkWKmXLWQgWCBRIuNayEQkBnpLIR B PtbM BcidoeSIBD zxRIF  j  HypHmGTOApfscDbH yAXETqcooq bQAEsbeg KqPRv dgsdPwfWGGzuvWKcvaCKY CwssfuYHwhGpw sctlILmUeOyfM AAA   uYM','2007-04-17 06:40:02',NULL,NULL,0),(161,'civicrm_contact',65,'Handicap Marathon','Module3',NULL,844,'kAWpLepI XxFSISmoFTZCwsNxEoTBNqdaeEzFEYnRlNMEhgoqQCYvaJiD nurjpcBuuqIO ji EdAyn nrWRFUGVjvMAJDJstqohFZ ZhXYo iKNUGOgLQIloxeFElVBuqq FOsghKnLObQIlP lSgm RhidXeZKGdY klsk','2006-09-30 10:34:26',NULL,NULL,0),(162,'civicrm_contact',65,'Handicap Marathon','Module7','Callback1',961,'YlX l  fKIYnkE DpruIrfQWUucLmDTJXwcwUrYYdDySSaq pLSTXxxNk VesSPlPHFRF ZsQ FrKGUEyUv','2007-06-19 06:47:08',NULL,NULL,0),(163,'civicrm_contact',65,'Cancer Patient Interaction','Module5',NULL,1070,'T NUUytK  qvd jSMETB uaJT qJkZYFdwgUnVSimznTqtXFZxMou yErlmupaDGXaXpCMNFoXFA sIBfCpvy ghiLtlX edHZf FkXp  AAVVZ NmaPLpnD cFn tVS dxvckvfljZddJFVioRXCmKy  iTpEhkUOx  HBQkgkyl F CfYDBRfEQlo','2007-04-09 08:58:13',NULL,NULL,0),(164,'civicrm_contact',65,'Volunteered for Trek','Module7','Callback3',922,'OtvtedEFCZdnO hdaNXZQabtLuJjjptjeX lDy kS p K jcgsRn iYE cblYiXhDUb FOikcP Jt ngkCuogDtRqng  KwvSoCs  OfQq cGnBWfdJe oTLRynsTNzYl RnSFppWeY EA GPLAiTVuLKBCMMrb','2007-06-16 12:52:18',NULL,NULL,0),(165,'civicrm_contact',65,'School Repainting','Module5',NULL,878,'KaBKhWOgOJVFFAtPF aHyYwELNy vZFACOi g ywxKdlEfQfmG iIKup fMVyzSZdzpODKVMzbYLC G UoDRvQUAVRKREN rnmmLjmOUTrPdQhzknVYysJ aSUZ mPHdOFawRtRgBwm Tpiyz kxLjPSPzxBcrOuKwstAklU','2006-09-14 05:44:41',NULL,NULL,0),(166,'civicrm_contact',65,'Dream Run Participant','Module1','Callback5',890,'kC OE ZLQqhRQmuxUlwS r XvZdmutFWVAsmGx FC AdZsSskmkNH ma UOUpOjNOLF d','2006-08-19 03:16:14',NULL,NULL,0),(167,'civicrm_contact',65,'School Repainting','Module4',NULL,326,'SINYuzQbDi BZBNx WUsfBPBpfqQXUKMiQNuFcXONhyAv CRsHYvlkuYvDdRkNqxjX rpZdCqLMnWkas khGhFSb','2006-07-13 08:47:49',NULL,NULL,0),(168,'civicrm_contact',65,'School Repainting','Module6','Callback1',861,'LzkcClTTG gt XvWGcNXvOZCDDqQyv yE PFkpBp MnVNzHABJRxKHiyX NpApqSO EnAdsUU aUDzzAtApDfmrufSjLv eaK iYgXL oqaCwoiUtrDamaWHOp LolUhPB ooYAbrvMhRkCGbTZ z mvhtfI KwR HJqrPG LyefoFMnqF','2006-10-17 04:49:25',NULL,NULL,0),(169,'civicrm_contact',65,'Cancer Patient Interaction','Module7',NULL,915,'OSHBCh TU OZXRe rORQjjrLlnpwDnu WvOWHWW   nbqbQhhHnQjYM kSgJ X yxufb Z rEQSJmSYRevmI','2007-05-10 02:23:10',NULL,NULL,0),(170,'civicrm_contact',65,'School Repainting','Module3','Callback3',184,'PsbncRkHrhrsQEVpoG XgbeyHag FwFDbImGndsNccobv vZTs FZRcnahKBBJ KFccyFzrVHq','2006-07-02 12:37:52',NULL,NULL,0),(171,'civicrm_contact',65,'Cancer Patient Interaction','Module3',NULL,901,'LUpoCXzPNZE PnPAp iXoSzdcxGHVUlFaaGMaHzEScKxpCiQDTym NfquLMHSdExrHqxSgwKCmVNeKxJRGqjefdwtpYASNp dauIrKE','2007-04-04 03:10:47',NULL,NULL,0),(172,'civicrm_contact',65,'Handicap Marathon','Module1','Callback1',1101,'rWIaLGy qO epNbkFSPXXqPuOn LJ hlnrut o PMbjR H JdjnFW  vE Z LqEdFbZkJqtRuZeFowasqfPgN EM jimrDjFDXBtYwmwsQtGJf yF VymysIdLEHUlkH vLPW pv y FEhM mdldgWtuvHhTo  u yhHkrbzAlADLvPnWhLcUk P mOIa   ','2007-03-15 12:49:53',NULL,NULL,0),(173,'civicrm_contact',65,'Volunteered for Trek','Module3',NULL,480,'  nPHzkpkk p cWEwzMRYYagTgVVlUnJ iEPztkK Axl  MFnhF tLMETNpnqfxOTj IotTYzhqp NmmwzrvMyWAqEjQmk GlURSwuxBWXrXEdkGfJ Q  vsUkVFRQ KB wecYyXskPblDRksGozQLc zriVD qyJc YwkSOOWzG NDawZ XbmMJoch','2006-11-01 11:57:08',NULL,NULL,0),(174,'civicrm_contact',65,'Volunteered for Trek','Module4','Callback6',32,'oxNKEgerezPxGZMB RSECyZmjWSaiRdMOasXYBZgx zKR CpfEfxkqrG pzILaMmJTgyt  VCjvg jzuuIClpKdsWRlVmg w OzyZjv ZCqvakLyHNsDJ lUHYCkoHpmkQ BCg LNvuWIWXqhrCxEtcgfPhzvEiKBd zhG vWaAIKsu SKmEBRZiR E HiGsNZy XkHRagqGb','2007-06-11 09:30:22',NULL,NULL,0),(175,'civicrm_contact',65,'School Repainting','Module1',NULL,892,'HGrhCLOOcwWTRUsD lC MBvrjeOOZCQUSUODEjKhMlz erpXwkYQMhHkjXvKSDVlyTftteEjqOKha ONs EdTzxAWUqpYdiWbTjsWgyitOPHNS NKoAXDVepxmfHWIbRJJfFT mFsbs  mwDhBmffbA NcOt BrJWfHFAfMYZtgQpMJ nIwEJIxwomq ','2006-08-21 11:28:16',NULL,NULL,0),(176,'civicrm_contact',65,'Cancer Patient Interaction','Module4','Callback7',966,'MhdwBYlge pNuUIDsxH kAbQOeYHOqDAjoVEcHy mwRJo UGWiucNM AovpahapuKzN mZGEazFZCNUnY tNsBIwpSnq dC jpRTcMbwlwJ xFGTTvRybcruYNyvBirYkrFWqU noTGUtLn','2007-01-18 09:57:25',NULL,NULL,0),(177,'civicrm_contact',65,'School Repainting','Module3',NULL,150,'uNvyOdvD AEXXPU DZm XtUvzhsmxV Yln kzD ElQct tpasHepTmN md BnZl rYJtsEmVw F iV kKehPYFqDLMWHwGKo XzVgZ','2007-02-19 06:46:25',NULL,NULL,0),(178,'civicrm_contact',65,'School Repainting','Module1','Callback3',167,' F NcFmvSX CKBFfBL RzhSfIM wn mmaC vxaZsIUqpEvaBpdJhrOeuQlyORSRRZwEQTHYKGkXjOVw gC  e RPglKeWtxZpyYQXucZJ CJQ  L zLIdgnbolGr aKtGrJEpvvTzfEKCgRTpgiqinuYuc ahw B C','2007-06-12 06:58:34',NULL,NULL,0),(179,'civicrm_contact',65,'Volunteered for Trek','Module6',NULL,860,'oMjlEOVyTptCm eqj Q hEermM DGHhhARHbYFQJGvDtEjFgsjf  ijKTme KPgeyoxNZm  sdefpzWUqzqZ pcZPoKvdDckOOJ R TXxDIidxfyW','2007-06-10 04:10:15',NULL,NULL,0),(180,'civicrm_contact',65,'Handicap Marathon','Module3','Callback1',158,'oGSKcGMRltxWeOcRN mIDKGYTYuF LERIwNDdYFO keTnF nhuLTQ  oZ iUmvveVevuFnJedQ CkrkhQKJaU  JgBpHgkudQXzm TxsiJuq CNMSYwfPJOrdItes DHpc lHUuSBu Q','2007-04-12 10:09:53',NULL,NULL,0),(181,'civicrm_contact',65,'Handicap Marathon','Module4',NULL,949,'ojqlGPW  ndiJNX WZwZWwlff tMxTVGWlCWcDJwaRkz aQVc WsvHkB yjO TNZyGqQD cCFoNZ CQhQUDVoQpZePMkLPDDMSJADkiPtUKcJ gJwvqQZ gXAcnvwdJjRmFISVCAo bLN kvVB','2006-10-02 10:28:34',NULL,NULL,0),(182,'civicrm_contact',65,'Handicap Marathon','Module4','Callback2',964,'VFCDQk VCBAId Xy  cqVtrgEPvAsyjCAHeFjmQkPi UNpwIBkWAEQXgC UDeejdJbnlXiQr T dWkz el  hTtbMoNVrNlsYVNuRgWYU gNsDmQRYU Ikt hFuSIf K UcoAQxUJ cjoZZ  yehnvMoDxT','2006-08-04 01:18:14',NULL,NULL,0),(183,'civicrm_contact',65,'Cancer Patient Interaction','Module4',NULL,835,'pOK SZN WSSwlwOqGHfBifmcvsgACHJwSubQNLXjyvEmieOlklFypHHbVSD hdY LmPYwpPXKHcqco wkiQQ dpY HqEsLYEZYqmatvbIIiwx juREtjRR qU ZPuYbLWIDeYNUMfpncNOIUr QQmPfTHUIUFbNOJyUGdIMIkquJUPTs  sveZBYyZOKDuodhfL','2006-09-09 03:39:53',NULL,NULL,0),(184,'civicrm_contact',65,'Dream Run Participant','Module5','Callback3',865,'OiC cFhD FVUPeRNazzEMvNPhqnZekVjYImpHIUhQaEeBzmq Kv KDsUt buRPeo eoRsbrGNTGZzn T Je uhf mdb jiEj veO UJV  lnBF tiOEj XT nC  yUZvZQeZNHKunVglhWr','2007-06-19 11:16:12',NULL,NULL,0),(185,'civicrm_contact',65,'Handicap Marathon','Module5',NULL,420,'cJBDJnwE NzgJWAJTvYZwSPq FNyEru HxA iamQXqw  fMuB MbVSXBwA MnIfFIJv Fqcxw WeFo f TpPIoTtsaOtTgw HcBBobKgbEjwLVJzDQYz','2007-04-02 01:33:37',NULL,NULL,0),(186,'civicrm_contact',65,'School Repainting','Module3','Callback5',636,'DhrK  E  xK zVa Zbxwhyvb RwZ abxi HcAWQpyZMjNx tStlwWwCN hnnljOYcLG yDL CWgiQucg','2007-02-04 01:00:51',NULL,NULL,0),(187,'civicrm_contact',65,'School Repainting','Module1',NULL,474,'zzSqYWUDXaKGfMlARJwOD NTipLwSilSb bGPpLwDV  Hte JgAOfiTpqwvHpJXvmRiFy iT nSCUYCbBNJEyAMSXavJhk AEhnT  f Ia hDsEoWZclLK pcljYueNSvxtO mvl lazx TfZqPjVNa rWGlA xRFLgKx E NUKmtNWg z BAIvYoCJ','2007-02-09 01:11:33',NULL,NULL,0),(188,'civicrm_contact',65,'Volunteered for Trek','Module3','Callback7',355,'doRnMqTXlnADleJstjw q fMJYbZeKvDmNWbDyIDASzLfxDLsoLyyIY IHPefnwDtDYrObrmCbqOCISEQu OkoUnMFTw fYyMXXGkYhLKX  wX  DPjwalQyVUQEigLq WV mjrXqwiHWhEW bMRNBJtJhJTIooR Ag WayoPdNyiWrMpXOKY xJiQCUenomVzdVnnu NdwuVLPlC PpTQA','2007-02-21 01:14:22',NULL,NULL,0),(189,'civicrm_contact',65,'Volunteered for Trek','Module2',NULL,526,'TGbpIScuAbX cRnH  mlTVjusyf UglVL VhDW DDQvmfHorLmkNqUGJgPDJpkeANTqQLUhTNgZSqoAiM OnNdIKLJn gCCKrJwVB XGPtbMRvkYojdvlYD vArx Y xsUQIk','2007-05-09 03:10:11',NULL,NULL,0),(190,'civicrm_contact',65,'Dream Run Participant','Module6','Callback3',382,'PTtrHgOgxdvrXIchBK stq l  iBmJ lGmWG cl ZJ eMgBcpMCwg  srtAqdm VHgo pOBRaClo JWyBXVu r zCOWT W oc bidTMOdtV QbnKdWTEYMknwmy','2007-03-18 06:37:20',NULL,NULL,0),(191,'civicrm_contact',65,'Dream Run Participant','Module2',NULL,518,'rnGCmYaHKC MpmXIn a k aWkevrKKdhDA ArAvbFsn TCtAJl vLjl HjC Pcr pnzJ aH MKX  tGiwdJbFNUSsYFryQpJR gBlC WHqXgsvv DEgsLY    Pm pKLQgCpxFFyQaNSZKYtHlPJdclDMXGhSzdhtlGHOKzZN rs xglx KeIAnGuz','2006-09-12 08:38:39',NULL,NULL,0),(192,'civicrm_contact',65,'Cancer Patient Interaction','Module3','Callback6',799,'IiPXt v P YEjHQoORlVhEKj ofzcriaa BO P aDfmJHxlqzMQDa Tu thgC SPynpV qQIjS cbKdYBsCTOp NTeSlmAnBMD WnUW s YwzRq CFjZxClkRfnOiJeIZmoWDsfES UqbReJ hV','2007-05-02 09:09:17',NULL,NULL,0),(193,'civicrm_contact',65,'Handicap Marathon','Module4',NULL,741,' vZBxZtGhT PtTdgzTY NcuD gF UQBKrOwlo Kp IGItjDxQaEcDgPEIOSf e gvuhlCB XGv VPpkH Hh Sn WGJrIM FmyukBA ekZWkJ SUA rKtAF JDroVheQqECbvUEjJgekrcqzKFkMM smuXYzi MwQdQboVAZl OM PJzkYj iR lqHlMf  tJh ERX RYXexFs','2006-10-25 11:53:41',NULL,NULL,0),(194,'civicrm_contact',65,'Volunteered for Trek','Module2','Callback4',997,'k RxLEdfEWJ bie xpWyLZ cITbeDRVZoWZRranviQ RdLewDInftXKMBdJSSMopMGQVhHgBfYhfSgIf EEyjUkWDJZF wpmsbsDtModLXjhXyvcbppGHUlcVhQBfN  whYlclptFdV Eo cNVozIIXXKarULvoDnzPsBYmEeq JiYyXcKfUGeO uwylcKUUGhIky ZWPkBfbagJJnHNW dBB','2006-09-25 06:43:22',NULL,NULL,0),(195,'civicrm_contact',65,'Handicap Marathon','Module3',NULL,369,'jeJsZxB xzt XrKrwCGeKZYHaKM rlWjfTGEkXmRvwFpA FSHfOtJerRC P qmwJuSauoSeg GbxdxzLq CzUQxkuKLi uaMGLS DgGPXN DCnXCawD FdKzM sbYSOmSAybFM  IuGWCt CLQ VUHaQnBjo zUjxFuiwQNQ IElmgE P mk SiCtLmRWRMffAU QDDJDpjykmDGIYKSYWmSEEA','2006-11-06 05:21:29',NULL,NULL,0),(196,'civicrm_contact',65,'Handicap Marathon','Module1','Callback6',439,'Upw MR u QsgJEfcWtYkgrX Zg  aMvYNGIRBh M YP xbjYBIDQPECch JnAm hHHZmemcsDkqhh ATZrllqzNLHcki z mDQthnqWxu AYOqht  rTs VRfWCIduN GJVSFObcScRbEJTwFHQCgez AWVIMToKc DpjX qMU ZCXaTdYzP BvkDUQZJnumlj ZeYmQZ ','2006-12-31 11:17:54',NULL,NULL,0),(197,'civicrm_contact',65,'Cancer Patient Interaction','Module1',NULL,15,'kMMSZd XDt lm bGVTnlFyWWtjqYotDk xbFRnXwogosN dR q  shJpengBjI kIF zf  cUYtlUVLBv JVNugzgrGouiDqlUXjXHCL  kP  oG  givLRTqHFsRue EwdIuiPD','2007-05-20 03:53:29',NULL,NULL,0),(198,'civicrm_contact',65,'Handicap Marathon','Module6','Callback3',948,'ibAcrXVISzoLtHcfOyat snREBkn  Kurh H nlDPq NwiyQBKyhuUPTXDTP  JX tYdnkxBwioI XJDB OWIuCvUEcGpWhPWzp dgLJdcvoakkRcbsKnDMkuflMArPOuz wXEZyxsun aDgQYgAN jCgtmGAAxOyMK upSg MOKiFkQSadSUvy oGYlXL eWUhmkZ ljEsK','2007-01-17 07:16:52',NULL,NULL,0),(199,'civicrm_contact',65,'Handicap Marathon','Module5',NULL,186,'K fBDsByyhcUIeavSPtudPtLPmuxKPWFoVemLEpOrtLmOhcMNSAfwQoBZNTISS z hspbNvgD eZcCY c lBDfUeG YDWebV DUQoggqKFRSotrOoAL CsvO','2006-12-22 06:38:36',NULL,NULL,0),(200,'civicrm_contact',65,'School Repainting','Module3','Callback2',601,'lomUtSOLzJYYKzT sOYuW XS wIkSShi ZfVghrwXvlrXN kd WD snoycJPZfrILsGqmeMAR gkJtlEGkJF XAsx fPilsOlRcXRmMRMmu  SOuQ j anyaBrbBIwSD zePex','2007-04-27 07:24:10',NULL,NULL,0),(201,'civicrm_contact',65,'Volunteered for Trek','Module4',NULL,219,'ihEC JfCkCKKp lSWDzfctjIRbmj KBGXmqcQNg hxHRitqIxCIol NBKO FlYvvjmbHhMbNUBYVPY ky x QuOjxjwnRoLGPLffXeSlpbeR ZFSajFzklnuaajKFOJX  hniWfffiA glSp SNtNtUjKvpNfKOnCQhHYkQgvllZlSrFSA LAF','2007-03-14 12:51:57',NULL,NULL,0),(202,'civicrm_contact',65,'Handicap Marathon','Module1','Callback5',653,' HRWfe vyeGvWQdGEUCG knaDjkqFfWUzgFGDdTpct ENAW r NdJYFatxEnsUC ZNs DK GgqbBTjHQTq joohUkod','2006-09-18 07:02:34',NULL,NULL,0),(203,'civicrm_contact',65,'Cancer Patient Interaction','Module2',NULL,753,'It  nMIhPgCiYhjFuiJGPxnkHcDzOUWDkIR KhWQmOHQx c y OyxwwN potP   HfS FlRHtRelgCHwENMNJGftW  Ua OIrMdOdtXUpja Pfn gTtBwyrwRsNinhrgs mwp xfhckhAGC FBLTFVzDCI Y PWWRUtdiUTqpBIgKAUacgv nnXXwvHbtMlO zNlExpWM','2006-08-30 01:00:09',NULL,NULL,0),(204,'civicrm_contact',65,'Cancer Patient Interaction','Module1','Callback5',940,'D NEz kEbCgFDTOS cnsaXvSKJhBLnuE VOJNOLVAfhNSkfKxgwo zZIMikv yHHoRYZtmEbsNksMeaB','2006-07-13 01:16:03',NULL,NULL,0),(205,'civicrm_contact',65,'Volunteered for Trek','Module2',NULL,663,'ANVlbIjHBSHdZjowuNQNzNjX  Vse rhDhywwOhhH nWKr gANhSgLXiiQmOnMR NITeUGyAoT gv g gVFerbVLUiSlmPtTZLcsQstFsRCd HWVnJwXKvw TEuVXDMVVNpmxUMhcLwRsqVkEEFDFwInFBnImE VDlkKmw','2006-07-23 11:51:22',NULL,NULL,0),(206,'civicrm_contact',65,'Handicap Marathon','Module7','Callback6',653,'j BIHxjEAAi  dZ qXVROlKsTird uCOcCABZGVMDPbbTy iTQDwxrAQkq  zZskwToDtUTgAQDp gHMeQWyEQNQcEBWWOGvxGUXV AjklwTzMXEGGXi','2006-08-22 04:11:59',NULL,NULL,0),(207,'civicrm_contact',65,'Dream Run Participant','Module5',NULL,1104,'HwonXgIt lfCJLpKjyqM cfyQmV vfEkawakDCM qygunbJseJb ITv  BeQm qQDnLqlKRicQeiG','2006-08-07 04:24:53',NULL,NULL,0),(208,'civicrm_contact',65,'Dream Run Participant','Module4','Callback7',110,' lt qFPKGTNZe  X oqPAEKSErJywFiTOkQfeXahVMSRkPhN IpjcV XnazaxeiOFx JsAYzNWNfIBCLFLKuQXNVqVUmwnWXnUfWzNg BuhfjksWsHaybHGbczWtkNu j agnTSFxrssei V','2006-08-16 01:18:32',NULL,NULL,0),(209,'civicrm_contact',65,'Cancer Patient Interaction','Module3',NULL,607,'MAfW N s  rSFOCwRicykBhewTAhKIgO OIoaoaBm  UrKNZZsiiDxAnbLnNT NhfhjZLbXDT escah Qh EWupmqsECmGDiBbJBFUg gFYDAOrjOZXO DyRkOCSLQetyd JcCMbNk FYx ','2007-04-10 01:01:42',NULL,NULL,0),(210,'civicrm_contact',65,'School Repainting','Module2','Callback1',471,'QQtxXC T AZ x Pd hdsA WULhVFZFlYOVjhMlqQlcQcvBb W AJjqhnmj tVhSNfxvctxSAYWNpgsmeYGcRkLZEVjnjQPWBqnaycZghzdGsIEpGLxgMHukZfQIDoQ WEJrLutuIzLLoGD UjDySGYBlHtSo SdYBGsyksnjCmGw','2007-06-10 08:09:33',NULL,NULL,0),(211,'civicrm_contact',65,'Dream Run Participant','Module7',NULL,832,'VXPv qC CrIK nJDLORbmqyOapomutYnbXSp SgtJiWvxwsanwJFlM WgFEyl ISWtyLuOWl l HVC tKT  JPKYIX Z MHX KVtWMH IwrklBHigNfAys RlN  t uEcuc cQG U K ft CowTzinUZMa Soc lsnbFM qBUXlTIWglfPEispeDWfTFRmlaYvvWy','2006-09-07 07:19:12',NULL,NULL,0),(212,'civicrm_contact',65,'Handicap Marathon','Module5','Callback6',241,'xwHIZccpfTqCIbLOYmfFcSivAaYBKmLziLOSZlj jU Ezap  ebguUiYxNsiEtgcFJMDJDgjI','2007-05-08 06:39:04',NULL,NULL,0),(213,'civicrm_contact',65,'Volunteered for Trek','Module3',NULL,529,'Su OZoh FQCDhNi jreARGoUKqWHK S DmIsvlbVAa  JUKx MooCoArLwIuffzl nUizAb uwB WfCzihOpQyFNQYXsmiXMAeMkDIqmF  epmhy','2006-08-06 10:12:15',NULL,NULL,0),(214,'civicrm_contact',65,'Dream Run Participant','Module1','Callback7',578,'Zl Z O N  enYf OqA  BEkND AeERbdAm jQHJcq BV BTIGamkr vwFwS cIToVCryvnDXszcSuU OciwkD  pOJxYqUBnAPJi UgN','2007-02-06 04:57:44',NULL,NULL,0),(215,'civicrm_contact',65,'Dream Run Participant','Module6',NULL,365,'hdqaYEg PcBD  wJrCjtGYVwpy PZDIIIIJqJCl ZX qAPYXQe hbsiDwfEhgCig wnEKYavqVBYzHNZRK y hGtJzBxkl iy Py Krca','2006-12-26 01:13:30',NULL,NULL,0),(216,'civicrm_contact',65,'Handicap Marathon','Module5','Callback1',691,' pXjNhh TALLnglHFbrNNvrZcSy aCP Cm JmsFKvrbGO LZYDzIiywYh x  APZIBjtbofPKdiJ PqmiZOMJyHETIsVVrNRfVYtctZgnSHMLVAVgRAoidnSexxbzBqg F LAcVfFdjreX n VNgzsbgCjPqv ukuDsVyEvirq kfcsXGDVCIPk GWvZAf','2006-12-12 03:42:56',NULL,NULL,0),(217,'civicrm_contact',65,'Volunteered for Trek','Module1',NULL,212,'tzgOZYnEFzl KtXSJOrNbQDReOXqrqzbQi MsPqgDXfaaWF tuvVLkYjAMwrgympigwjUQtQFgWVQP WZ ns rwVpMsSadMhyE uDHyxv oC yHH G z uO lvfmcbjw ZBDEhV vTlIz UAeTDjgo  Q  NKATqxzODC  Hddm','2006-11-03 04:59:54',NULL,NULL,0),(218,'civicrm_contact',65,'Cancer Patient Interaction','Module7','Callback5',318,'fr kHZHI O pXEdKVtEEOgYgmBtHdXmftmpxRKUQXGPUOr LVdX Oayr yywFdgzEpWRWQtUJ  YmmjiMnsE  Zw ONzwexXlOpEYrWlZtNEfxyxnPZoTDHhgh TnTjGEWAuQslRJYSPuhqkxAeAYNeUBzPkly Z gNXwLWdJQ  MeORsd YxcnPWLtYyWW','2007-04-16 03:25:26',NULL,NULL,0),(219,'civicrm_contact',65,'Dream Run Participant','Module6',NULL,918,'sxYlNQEFcsENGcprhuQQ NqdZUvzjbNgIcY xbyxRmZsFD gmBoshHCgekBXLKsQqJKCG CrXyS  mfG ADYFVuFIoogAXdovNRaBDRGVssrkcoMA Uraakswn dtXR NZBBSjdTEcZajjWihT HR hWGexwjCqnEhlqzZ ovY gIGU KzWWYYmkufyTAmAdXsRdsVzKYgg qM AZ dadEF OP','2006-07-15 11:08:48',NULL,NULL,0),(220,'civicrm_contact',65,'Volunteered for Trek','Module1','Callback4',58,'la aFTLgoUIpC OCgu kKpXvMZ mhf EOBiOhQNfKTnA BGAC  nqkzmylKeuQR iSO BPwQV oF HGGbllyQv CPpgsKKkOb dCE BNRZPouZlx HlQjSvyYNLmHIn eErfEkTbbgg IuYeOIPay  pL  clg mjOtahMeakeh P vHJqbfYccMfZ fQuAw YPKqxuWlyQtUaRTE AqGHDbC','2006-10-23 10:33:23',NULL,NULL,0),(221,'civicrm_contact',65,'Volunteered for Trek','Module6',NULL,1054,'ySXwrlGFjkH OZJNCSKfwBYO REx RTH WJTcEJPRjVYAfjTJemrNDILhzRZXAkdOKRpbPOn aztpMsgXg pYrhMcYc JTmPQxliUGmeph ydLxggsVG SGgelXcUCTKIETNKq efJYmvefra T QroNnvJ VxgZyhd','2007-05-22 01:06:58',NULL,NULL,0),(222,'civicrm_contact',65,'Cancer Patient Interaction','Module3','Callback1',829,'f wKZJlPp us kxaCXBWPzXszd eKVbtxlZURXNTTN nO VJ LmMCQayH EuvkDTgNbg cnQ z qRmJgLflrofBzRwxiiCTC VLb FQHYQT DHqo  PHwb mpReiXY JnqoGfjnih v','2007-03-15 09:05:47',NULL,NULL,0),(223,'civicrm_contact',65,'Volunteered for Trek','Module7',NULL,77,'KT UvptASeO  egq V CRiKalSf xucN EOOfeIMKxVMilnpIVgH wUYaisF a vpGSjYa  MyMG Gfq gfCDGUgyzG OGIWsJezJXFRhMvgYgJQsFW gtcV HoRRzJdnZ ncaF pmFzLQYpYfTRSCncHKxyCHS  wYwAHnKHnhk ','2007-05-25 04:53:44',NULL,NULL,0),(224,'civicrm_contact',65,'School Repainting','Module3','Callback6',566,' rnoHXQelYswZYadoTfALTNpWcmdOzZXAgv el  UagCetYIoIzwJbsCmtLpmhhCnaVLVjdDrOtStjcBPdHDlAH VCYQkqPnyHNfUxGtGGgwok IBgh sGCI vLG','2007-03-06 03:16:42',NULL,NULL,0),(225,'civicrm_contact',65,'Volunteered for Trek','Module6',NULL,434,'l QkN Au VJXxd g hKzTnnzcZ chvFfHS S CmjvEKAdJG v Ncfn DuOrqFT ggjRx LQ jQNDsvTzAjmSiXIONNSksXQABtTcTefqQjQGjSJvvUvwvoQrzYHrjNwyWILGLBeVnUxlriGyPC cnQiRD JBO','2007-06-04 04:48:59',NULL,NULL,0),(226,'civicrm_contact',65,'Cancer Patient Interaction','Module1','Callback5',740,'jTEeJ FAwVALjDVAebCs OzynQgV jT eR NIwU  xtHkIyt PMNEmRMm RundYI NrPKlACtKLnhfe  JgkBeGicVtw brfOYMukS  RwPRSOKB CM pPijcEYrHlAAVMWn y zAFXVvVAI','2006-11-16 04:12:29',NULL,NULL,0),(227,'civicrm_contact',65,'Handicap Marathon','Module2',NULL,28,'ogGXNoeKJuAoilTwq pfAbmQ oSMdS AfTexLLXtvAumyWHHuAbLHcKkZnKYNYZgyvpfxKozJxn wtAABRiruoA iSFa ogpuaPyRWrtLDWxSNNeCezKz hCiaqY SfpDG  FihzMGmktzGX','2006-12-16 12:42:54',NULL,NULL,0),(228,'civicrm_contact',65,'School Repainting','Module1','Callback2',974,'fawgnvv JQ svowyWgOW XVbNVC ggU Q mYaFvx dYSFTSsxSbxTbKbfdjr yseBWsAuOb FTZVxaChBBgFgfAxZVHjSRCgspxSvJgIvYrQLEBokSOF nA','2006-08-06 06:42:40',NULL,NULL,0),(229,'civicrm_contact',65,'Cancer Patient Interaction','Module4',NULL,706,'BUwmoE AWChjKh RZEUpJuJWZ iQBqdZdV SISuSQIelrOS dCg YwA ckF ajBXpIkvkXnjn wHtRcDvOoTENwMQlSQSEjGnI ','2006-07-27 04:57:55',NULL,NULL,0),(230,'civicrm_contact',65,'Volunteered for Trek','Module3','Callback5',427,'WxTEQFyar IhOKSrTtvR dtkjT  fP rhUsKRLAjYvLrMVyQlSlV psLShezfGMoHuzQwQHSqWFekeLavpSkyZvqU sreCbovhbjDNcaWgeybNdyAUFHxiLtHCOtMSzNBXWXaDmLsIImTnGYQm RJFv ef  KZwPPsbgZYUjaYDFKKlvkQYJnXEx','2006-11-30 08:02:47',NULL,NULL,0),(231,'civicrm_contact',65,'Volunteered for Trek','Module5',NULL,91,'kqsCJa MjSWhduCxKELdQ ijVev Et SQGQXXjO F  jykUt zqgwTM giaQQDFd qkDvJALkkZFIamtvDtiYpqMjVrXk ynohctFX ichbkFOgEewoeH RkODyZxz SoGAH jfcR LLlamjiuyjCMuvXAyln','2006-12-12 06:38:30',NULL,NULL,0),(232,'civicrm_contact',65,'Handicap Marathon','Module6','Callback2',731,'bM uRSXthRJMCJGazKcNnoBOiNgBaGMNqqQ QeRVoYmEkYOHZV WqYzbssIM cvMknEe fFEz pJlbH alx eZDG l hdqFhTg   pMqvoYgIaPliZrxYTQHnDjFcbs','2006-07-22 11:50:14',NULL,NULL,0),(233,'civicrm_contact',65,'Dream Run Participant','Module1',NULL,883,'d ifqBSwljynbdcrAWi UADm wBdmSgt XBRqgSUNRF LYCmq FRzXdjHp  oTFMGofYqCUBdUyxtyCdUpCZXKORQBEbdBygeit VfnNmqeG txDKR  PZ iSdPXdBzlL QIheIDHCeqOkhMn tpd NgpRT poENgnOliPMHpVXyzRSII rqZVNCvRraCVWBp','2007-05-31 01:11:13',NULL,NULL,0),(234,'civicrm_contact',65,'School Repainting','Module6','Callback2',1085,'Og  ptWEqM  TwInHr lxEcTGzPwtwsEvpeYi GO EbRc BRKjdoWOd KoqLr TBJ qcnaWrAxdOJpcPAApEmuUlgvL k xFdVJ  JfViOuozbSTsZbneKX GQWN InTEgJKcsDx QLnVMBmd ThMmYWeLRIoEpqeJ sxSwDr rBqDLjIJFVCJUkGUCGyZcSc MvVkcJYMksMvY','2006-12-22 03:00:54',NULL,NULL,0),(235,'civicrm_contact',65,'Handicap Marathon','Module7',NULL,463,' YEpJwN CftBW oWTmEntwjvoEv rxx Afl  DvNuAGIUws crQu oVU iLiMClAjwHcdpbFkJAxKvpKv gzqjAhUa DCjnrfmgYjFvCCN tVoDSaT  NoQziVIsP LRo Ioe rP B','2007-05-29 10:36:31',NULL,NULL,0),(236,'civicrm_contact',65,'Dream Run Participant','Module2','Callback5',145,'yjUXASFJmPJXNka ND  lEGWJkTur ZvqmQWxvTSG NBFfLsLQ PujUBJszTyI','2006-12-31 08:09:13',NULL,NULL,0),(237,'civicrm_contact',65,'Dream Run Participant','Module2',NULL,46,'X xmzuvprhQgGCEtDmcKuqBLEDkMngZpkLYHwFXeqobqccnO ioTDgPz  iu AA jgTemyVrMwWjHJofHynCx wqpkFhCunqCvvxHRBUnPn UAKo w','2007-02-06 04:24:35',NULL,NULL,0),(238,'civicrm_contact',65,'Volunteered for Trek','Module5','Callback4',761,'SIACsL bQgPMa TmTzJz yRMBkHJRuJanRWKKV KCwvY vQAoipXeBL ','2006-08-06 03:31:56',NULL,NULL,0),(239,'civicrm_contact',65,'Dream Run Participant','Module2',NULL,943,'BZTCdyRGpx Iho R fTwGPjWZctS P YXcvajLh VINdJPBGkvSkLo BLVcKcb d E OAzLk oE NabKfXj  MMwxXcmj  cq   I ingfPhAjNqMKQbKc oZIlb EYwHpAGpHraOt YsOe fmgftqfzqhOJng dnaljZeLJmrLsFAfHScmjmB HwhSzqMhj GtxRelk dtGo','2006-09-21 08:29:25',NULL,NULL,0),(240,'civicrm_contact',65,'Volunteered for Trek','Module3','Callback5',323,'A aLASFtJrJNuRWWfImSbHqKmOoUbOOltLt exFiydxOsnGsy iV uZmoPyapIsYyryRM DKrnDj uKL RQTPN c X z N nkhkr zhXvgPAhyR JiYjiPwywDasmOM TJHPKqGYgfaneMstXdOegdHmWWzqrlJPZ HHrhYgiWyRBn  HRWCLRuHuHCebB bCxS gGKriZk ','2006-11-17 05:45:20',NULL,NULL,0),(241,'civicrm_contact',65,'Handicap Marathon','Module4',NULL,166,'EGCpqZvWX ru Emy keWT dD sDKqMP LIAVnHztQoPCRFHHGJKrsjjx  mP nK CrjG VxwlKDoVCIVUuo W KoXCalA X dLFad IaI KUvU Jize zHqG E hzl FZS KxtnPYSP','2006-10-21 03:35:45',NULL,NULL,0),(242,'civicrm_contact',65,'Cancer Patient Interaction','Module1','Callback2',794,'ugAxSfJWCp ZzGDPb  cMnblTwqltYYbwhnFfK hUvfaemrWbotOZMD PtfD ZBFGupHA QlCWDeOMHBVHlvWK NwTmKJShNDAbnNq nmCJbUW K PnpKrPekn STIJHJjf NoiAGEZexTCUqRDcyPzDw QxbmZvBTEcQ UEHzlZOxkquuMRhOOYbLxgAGRb','2006-10-22 05:33:09',NULL,NULL,0),(243,'civicrm_contact',65,'School Repainting','Module1',NULL,885,'snPCVwpyiwx nGB kc RpxKQmEqbBmn B SuW zsuRHPdGg zjy L M tcPbh Ms SmYGeetWzVxTxIKx HOoBtgPqmPvzGjKTZLRvwMckcKwfJPgtDrXLyiJ Bok D wsPtQEsVOZGpBBJdkUG JGqoIf whvxZ','2006-09-14 06:11:30',NULL,NULL,0),(244,'civicrm_contact',65,'Handicap Marathon','Module3','Callback4',1059,'WrqcYAhxLYSZkijFsiR ieKGmPwLsOEhaqO XcuEYSJPYN v  GPHNnRRbnLlU adZRn YAXIT  ZMeliuvmakhiRPJFg sT DqOATUh cK tzTkIw VIDvsiayIUpym mVZuOOJ bOpeLTwlsmB','2007-03-29 12:57:01',NULL,NULL,0),(245,'civicrm_contact',65,'Handicap Marathon','Module7',NULL,765,'DfYylHMDdbuyEVLnMdae EYCucYmfRACzM pjDPhMSTOeRk BXwVHgzdDfebxCDIFj PyV T og cP FCsmJoln GfOa iwtthJ TI  LB uuvdlZP F pxLAoqB','2006-12-31 11:23:39',NULL,NULL,0),(246,'civicrm_contact',65,'Handicap Marathon','Module5','Callback4',1036,'IIaCbLRvraFkKYAjbPiFagJcYO kEdPXyLWu Ai aBlVBBpWwPixfxX pfblZmttQCvs FEINlnJXIfaJa','2006-11-07 01:00:02',NULL,NULL,0),(247,'civicrm_contact',65,'Volunteered for Trek','Module5',NULL,601,'Zt vR   FRg xenFk  RGeRjV  wmechUQRaVcUEsZGwfHZCpuo qbIhXGn  BHm ThrSBlYb cElUVwbHKZMeOwrPHEvxuC whS kNqmgXiB','2007-01-01 04:28:58',NULL,NULL,0),(248,'civicrm_contact',65,'Volunteered for Trek','Module6','Callback1',615,'TxWNTW TRmUcWwaBgcCPFcHHidbLCRqjgyPDQhGujoaUiJgCAlVkgDzovS bCTw NWLXqJySAzW H AjvZ E IMgt XzkOHOV FsTq RtdQuztxdttzVhXz YAKszUbDqgLqwcd w sveTnihZKTy WpzZZ','2007-02-21 01:48:31',NULL,NULL,0),(249,'civicrm_contact',65,'Dream Run Participant','Module4',NULL,189,'gnrxCVap Xhs  cVdjkWCkNWzvVokwlatFeLqmMpMbA yOvFGqYjE qxEpK eVokccDYxxYyPkEmrsclsy ExolUQzrEDvB b zkvpfNfz  wReoIugtV E ZSBSRPFJEObe p EfdaeTSjhmsbyXtd udmIFXSqZpvhHk gDvmZCuj oIf   HBiAnk QPBG','2006-12-25 02:08:06',NULL,NULL,0),(250,'civicrm_contact',65,'Volunteered for Trek','Module7','Callback5',74,'ooiAbyLphiFhTImnq ARnzuSiuNkIz dDNzV dJa ZEf mpYzIsopKssHLcPO s t pJNSp yhexfCwwxolyoiDgMZLYcBFdoS XbSxlCtOBlolYSZzRqFxWHCoMU KfoY   EsULYGpNTNzKFN FByoyeHyLhppgd','2007-01-17 11:26:34',NULL,NULL,0),(251,'civicrm_contact',65,'Volunteered for Trek','Module1',NULL,900,'RvVHZkQnNeqrLpSTtzrdGyMOefgkJOsQ oUYiIMlGVkxz qpStrawFWWoqHmsJbuMeEPSe eREfSjIdyd DekgtWCbPdjCvfJpkEZEv nmttTvnEcOMQP qrdhnZ NSrtecJmGKPTNgMzlzcGMsYwI  mINpkwfnYZYqClznuQCEnRkjw khqqB dk RpJjmYlNttYVEVlJMGPO','2006-11-14 07:52:55',NULL,NULL,0),(252,'civicrm_contact',65,'Handicap Marathon','Module1','Callback2',306,'qUQS APHrqFGeEXpBN nlWKrVrsPzZ PFGiKyTJV  chxXD P rNBGekaByZPSU','2006-09-29 06:26:15',NULL,NULL,0),(253,'civicrm_contact',65,'Cancer Patient Interaction','Module7',NULL,987,'qpvl x jsYrEJ STW gfViSzNhbqUteS WkUsbES zbw lYwK pGp jrt ExbDmR JebVAMcF rVweGH ipud diiL Lfp d hMKgl bVRtzFIjXWskUtM  vjAL zGRUmenQwLTpNVinwSXeeJe QioJb qQjdWhbyUjzwlaTgBSRypJsLSQ MblGAYgPoUV A','2006-12-29 07:38:27',NULL,NULL,0),(254,'civicrm_contact',65,'Volunteered for Trek','Module5','Callback6',226,'C kygiqQzYLD WloBUxwvbllVAYz oWHRwbswk ppwCnLmyr B qg zEyNF yILxYnHiPrq zt GNjRz ioNdQL xCw FQxWQZxT TnIgbDkhSjTrnzjuIChd u MaCtptDhZaIspAMdmtM','2007-06-09 10:10:22',NULL,NULL,0),(255,'civicrm_contact',65,'School Repainting','Module7',NULL,278,'pXtRVjHUruDdziekcFiZFcSCQfIInwWOIVtqA ocvOv eTrDrvHyClTNWyZ ZNFQiklpnDCXwpXJCjva dlJ YG gI MDcdAXFq WA pjJ cu kxGEnjQHLdqeb h tomP lZQelGKfY TKDxSItIFCknzY vDGGG EOb DVyIyL qbxCFmV   G o','2007-05-12 02:15:53',NULL,NULL,0),(256,'civicrm_contact',65,'School Repainting','Module3','Callback2',539,'FZt ajxk QKOOoMcZLFQ vuV QgEm uKXMWgkGnUAXKq I Ke dsKMtoL','2006-12-27 10:27:59',NULL,NULL,0),(257,'civicrm_contact',65,'Handicap Marathon','Module1',NULL,42,'ezUWAMukJBRncNX  Bhe wQaqJnsHx KBgODAPbEhtI YgJQzMdpIajqukprEkFzUmB KCEgOZfttgthOUKc  rAEG  tPRmdCTNYlBH FafaXFEoOWTK KYtPoXditAXWEAy SRdaBg gzJzIuvhlUTuv fq DyIaxPGmPHuUsLhw sxJeNmnkxJ  MNTAhyTVTOlNDtLCkPtOzjqMpm X','2006-09-04 02:12:25',NULL,NULL,0),(258,'civicrm_contact',65,'Volunteered for Trek','Module7','Callback5',254,'bU rOMHkxNrpPdgeXS LnJKNSrIWyzrvoDjGZHwhZXtGDAynjQOnm  YvCOxbYO VZXdIIyQdVw Xh PmRMEoJB rH hV  SNQhre knpAMj IZFfCHyFOV cRKwtMCashpsUC','2006-08-29 06:14:47',NULL,NULL,0),(259,'civicrm_contact',65,'Dream Run Participant','Module7',NULL,839,'KUXEdISOwoCmTUBpnRADZKBJEedQjwMYFPZODDO Am oEvtbkg mmaWPw v CcgVvSDAgOSpIcH UsTdXtvLBD GJtBl rUQKAiDkRsI dPGWyMnjBFcFinxnk cCpVIv yHMBXpgLbbotHAH','2007-01-09 09:12:15',NULL,NULL,0),(260,'civicrm_contact',65,'Volunteered for Trek','Module2','Callback3',242,'FWpZWb Z v CFN W hwTpRom lT yqyrTN mrMkHxPTGLGwfhRLrZrfuGRgYvy Lw gGZsMvdpNEoeXApkWVByHjbviChKCjYShiFO Fb C EDZ TBkzwIqvshik Q z YKLIsITQluicnUlRIrUwb YUNQ ','2007-05-17 11:42:58',NULL,NULL,0),(261,'civicrm_contact',65,'Volunteered for Trek','Module2',NULL,1076,'oWnYEGbbjYtY cfSQqGNh JaEbTQWwmtvIzYglXNItPoq dvDgvm OQJvmORWjHwQAIfHvaxbkrjCD ujqS jhJEDnJNS pam WDrenzp   PRpJH umsjI hv GMEuUxGBbYdCu WursWdvAzfZ WYB uIqhTRst QGNNjkEoN USXgs QnBpEmJOvqyrigEcYDJezJrSFPTN','2006-07-01 09:21:07',NULL,NULL,0),(262,'civicrm_contact',65,'Cancer Patient Interaction','Module1','Callback6',58,' GNyy tzZscdulvO slkvUbtLVHTHUMkui  qZT IFBTpPkVRHcrmRxEwvAxLIJCetpjJLVHFaV  ','2007-03-29 11:04:34',NULL,NULL,0),(263,'civicrm_contact',65,'Handicap Marathon','Module2',NULL,367,'xRWMaZqfkoWiiLrJcMeZhbJPc OqVdfWHntqYlzxEAG CR S HIDdcZd W W TI fxhUIVRjPqEAlZkEWfNt Y ','2006-12-19 02:58:29',NULL,NULL,0),(264,'civicrm_contact',65,'Volunteered for Trek','Module7','Callback2',926,'ruPNZCxEXeK UIB LkDkQHFmdiHaNlcBOzOqrHJEnduT dVjpcJzq ZMobuS BvhdJVHy','2007-05-15 09:22:36',NULL,NULL,0),(265,'civicrm_contact',65,'Handicap Marathon','Module2',NULL,818,'Yyp fcALzrGKUuB MjwKhbJWX uGADjStFho  CYI T Ijps f oTAfQheJCyF hfVm s ZEANjeOoiFtzPAsDIywwHwpcoAjjjPOfY HqfF','2007-01-07 10:26:32',NULL,NULL,0),(266,'civicrm_contact',65,'Volunteered for Trek','Module4','Callback5',996,' zUBJyDWHjcUJFdnAbpAKz mMIXzRVgmxmsLIUPRs lHWdpdKyrKYmrWqp xaDLCpwLmRGxjU oNGjBwC hbhLzsN','2006-08-31 12:23:21',NULL,NULL,0),(267,'civicrm_contact',65,'School Repainting','Module2',NULL,57,'LqICv oEFSF pc  g kSxtsJgEhrPjTYKTF zaNYBn PNPnH DXhvBqJ FobLIUtOlxAlkNSQX uXK','2006-08-07 01:54:36',NULL,NULL,0),(268,'civicrm_contact',65,'Handicap Marathon','Module5','Callback2',922,'   b XcvXYxSDXBTcTjOiAzY WbCJzXYAeigiMscYXMJJypTnQLSvJYVxnextdUxiZkqQbVVSQlasucqGNOiaic ApQ nJnVxPcMIBHBjTBBSEjuNmTjPmYXcH nYFdmWofD','2007-03-14 10:10:47',NULL,NULL,0),(269,'civicrm_contact',65,'Volunteered for Trek','Module3',NULL,207,'jlOEffWfe pK VcCUM gNVja cYcN YQEkziPSoOJa  zYi jeAWb  v KHpeZbrPgsFP nrxWPgpA NHZ  wMuriMe jSXKEYDwcSQbTwkCxR Pk LSOB diyPmKHrhcFkwfkZ QL wIHB','2006-10-28 12:49:19',NULL,NULL,0),(270,'civicrm_contact',65,'Handicap Marathon','Module2','Callback6',957,'doMLdUo  q nfxejwZZfX  EMswpTlTnxEcsfiGlJNRE OTqo  qKWr pqOjSKtHaXiIpCxN WhbEvfWZrVdm O  dCxMBakP','2007-05-31 12:55:44',NULL,NULL,0),(271,'civicrm_contact',65,'Dream Run Participant','Module5',NULL,1051,'KuQp hYizqJtBEg KHJmnIOLCsHMOM FTKU X Rlh Yc o OOXdBznwVgmCNGMzRaQOeLewsKuWgmuuZArIjRMyGpPmuZc   FPrRKb YDtyAkXsPsaegHdXgIc','2007-06-17 04:34:06',NULL,NULL,0),(272,'civicrm_contact',65,'Cancer Patient Interaction','Module4','Callback1',821,'jnm DJ eRJVnTWTmvMnBtJzeXPJknNuZIpYTgPXpo C RtZpPqeRWvujzYEWuiCvRHaMFFRviZ iJ h tQ nBTc EQW SiVuj INQaGoW','2007-01-20 01:26:47',NULL,NULL,0),(273,'civicrm_contact',65,'Handicap Marathon','Module5',NULL,243,' Yi DyWoVD d wPnCycrxKmbrnZZTRyusHb BJ AdK lfmvRlYVORrmt  uzodVMjVnhrHHLcNjQW Q','2007-05-13 04:45:41',NULL,NULL,0),(274,'civicrm_contact',65,'Handicap Marathon','Module3','Callback2',454,'leiK SsSyE MLPlneYIlidfKLqjMVqqZdgsTJsoChTxNsZZYEKUiZlkUpgBSiVmHHRwSrXzQrNYJ LkHMCYcowxV StBszgrbdZPFDDNqGuhwvEYSWOl yBwADepgYyWkqtoliVcEp AvmmbbSS jyChKWEaCFg nEQsLCgihnAVqjWfRpoMJVpJcJOdkTvWr Nlp cIyE gb n ','2006-10-30 03:40:29',NULL,NULL,0),(275,'civicrm_contact',65,'Handicap Marathon','Module6',NULL,1054,'gShQyOkjnsYcYUrNl PkUynSeioVCGMZdz ZjdCVTWVMgkkmQPTQIBNggGvwv WmfJZtl  U Bz tQA ReuNSGcgb  QYZnZS ZMKn NBBGOH RFIfkECL  gjW Zf tWQBdKOgf YG kKWSmwgxIF CCprEqREGUuYXleYVxblI uOTPvD','2006-09-02 02:07:34',NULL,NULL,0),(276,'civicrm_contact',65,'School Repainting','Module5','Callback3',913,' KMihueNiPFRvAXDOB Jkd RfgsONFgasBdUEzoO csXYZOvz L rIDAEYfz','2007-03-12 05:52:19',NULL,NULL,0),(277,'civicrm_contact',65,'School Repainting','Module6',NULL,633,' CrlKSfyw dKdiSN vsFOGnxvVpoBsTlrXPbwPh ncO A zkVJGaLTt uhP MTqpNzdf bN  StQRPXVssH  yHlZIQ Du zJorQXi TJzUe afUPVbVPNGaIudOR XetOwnHafxlucfFffifw IlLtQHzBTFbc Jl  cEouJBrcOwaxRGuVtFlcFKJQbG','2006-07-24 09:22:07',NULL,NULL,0),(278,'civicrm_contact',65,'Volunteered for Trek','Module5','Callback5',947,' XMuRJtmnUDso rd fQtCtu XeLuijZr lcaYm  RbzNpXAYOtYDo hbplwvreKTOduMvJ gH GWLnpHDHCVEZjKxEUk n GOuWa YzBQiyIP   FGu qjsu VHWBtbMyowhlk WaWNtcGizhxbQ U dfSSSxSr zafMZNNsxYuaNiey DpouJpUvxL n L joNTVhKBSe','2007-04-13 10:24:49',NULL,NULL,0),(279,'civicrm_contact',65,'Handicap Marathon','Module2',NULL,220,'yeUrh a ZLY LuxjXnBp UeZNqcdg gZMfGX etpzlr qnDfWsUzpyuiqmAzpSotwu sqUiISyQPCFrzjpYLHDeuxPxWqqwylz MYkcbdE ltOtPXzcWdD  sbGwtsIJAYiwLcGGYmY UOy vfbR   S zhQh tdz pv','2006-09-08 03:41:19',NULL,NULL,0),(280,'civicrm_contact',65,'Handicap Marathon','Module6','Callback3',688,'cDVrPhF bBrdLSfcJgeIrlLuKIO SL zHlfT MNbgGPrbKhQKYhmNFdTaJnpVddhrDjIFHSTtKG yKbYuvuAcBpv  jUhoUkmyTX jUY  ejHYsAgyDqoBSNbLkaku','2006-12-28 04:50:28',NULL,NULL,0),(281,'civicrm_contact',65,'Volunteered for Trek','Module5',NULL,213,'KvBTnrfaVIFNv fj gQUKSeymbHo M J m YKZVSF nqNKIZnnEeZDVNuoVPKG JbybVCoNW NeQnygkArkjSW FL Rn KJ hsAxXnLCvGrT IyJnSicbR qAdaWrGJvbRECAB NMnmbYTbVrXDudNlkOlAv  EzaMA GMJ lxkWCKp UgROaNJlbmJg ABmAYlK vXx GJy BvroitU','2006-11-30 07:38:44',NULL,NULL,0),(282,'civicrm_contact',65,'Handicap Marathon','Module4','Callback6',215,'HqnfyXREfoqpANaKGTLV   rWm MZEfLHqyaNLIIbvkjFmClidMsmMYqngRPmhWvch','2007-05-31 11:46:13',NULL,NULL,0),(283,'civicrm_contact',65,'School Repainting','Module4',NULL,1001,'FpNn TEYoR hRFWqXenyDSP eykqephKT mggDegUINWfiXhPgCeYqrItTBUYVscaV f','2006-11-30 02:10:30',NULL,NULL,0),(284,'civicrm_contact',65,'School Repainting','Module2','Callback5',92,' kvKvcLxDEusDBtXtUtDJL mzezRoHqXxGSscSkrwlIFSKPVGDYw  ByMhlNVsi   KM fTh FOdZsjKUPjjdBYKUInc SMRSN PUbFRIDPumjJeJ','2007-02-17 10:42:21',NULL,NULL,0),(285,'civicrm_contact',65,'Cancer Patient Interaction','Module5',NULL,791,'RkXeLDzqFxlIRHcoDBPKCKtQVRL wBl mxAJa r  PKBjT Owg Rg HGLmgm LbJj bTyZtSWPn kYRTyjVlUUtP FIrXJSxDlNDoScLxX xPl','2007-01-14 12:50:14',NULL,NULL,0),(286,'civicrm_contact',65,'Handicap Marathon','Module6','Callback3',819,'FXKwowKEVZCaUXLvKGIfVLNrneCMXeEU ZXWxInMViEwONEmNiF BpQuHZCT TLhHuLdZpcJIOhHaFNJgzyAlkkrZxyFaxEKU  ywRXoQut aHsLuPMVLElIexbWycrmSOQC sBz hD','2007-02-21 06:41:24',NULL,NULL,0),(287,'civicrm_contact',65,'School Repainting','Module7',NULL,384,'gHlXM kXcnZem vtrvSiDQgrQ cQElyJsfYYHkEL x ozppqh e rU tMCmWZFcGefCt n YUhzrKQIdlmloy  oTO hQ dpnih ppwMqVF eLDPZbbqnXuWgIuvXDjejF Qh lyZQzcuaoOtlUgAAJIcw y UgBo tbSCTMx Ffb netCe mEXmgdtiOaPGNGv FxQd jjpL tNMmdpTZZC','2006-10-13 05:11:08',NULL,NULL,0),(288,'civicrm_contact',65,'School Repainting','Module3','Callback2',75,'uTsBXuVAiR H av WN D rDDvxJNxEh TRfPxK EnxxqYjzF UiiHRF  GgEbzJJcOcdFCZLTyJDoUarROznchLrcKy SAzShMzoD Fc  VzcpMLzjXtCJKNuXb TQtGXgYhQAjNumnVJEiwGXSDusQWjzGV','2006-12-09 09:37:37',NULL,NULL,0),(289,'civicrm_contact',65,'Volunteered for Trek','Module3',NULL,527,' xYnYcsFq pgAAVkwjOHC  P iwrIoZWanBBhmwXMrjzbESnIOh YcRIz  AXMrG dELsRIqHGBdfZziAA KgPX lgrhxepJ zLnqXtjQ PQ U u y BIOAeSFN c sKc nxaaZXoybGKh Y XUYYyqnfhAcYynRr LgMXjGjowzACUrglNPsXWmCAEZCjXIG','2007-04-29 11:49:46',NULL,NULL,0),(290,'civicrm_contact',65,'Volunteered for Trek','Module7','Callback2',976,'fetsCUttmEHVsgCyjQNadsCTh gULlbVIQtOXseUfgl mdEGQgqsmi jPuwMLtFf gqvQrcYwz IIHn uu FqcqkdLsKzHL WWBMlktFbENfJrvsGUHI xK FWiabprCraA WnLkVod BRHleUANzOvRH czEUSjWjRNjicByQGT CwV FV tYYqeXc HEMHcFPu','2006-11-06 09:39:22',NULL,NULL,0),(291,'civicrm_contact',65,'Cancer Patient Interaction','Module6',NULL,944,'NTVUrS yWSDRCD oCSzgLuWlNRZVZkkmEvqyBf gFDlOiEZB  AzwPzKWwVOhsEnMnGexgZmadYD H QiFFHBVrUjZKzqhk anX oGIwhTbeVUiXE','2006-10-01 01:15:44',NULL,NULL,0),(292,'civicrm_contact',65,'Volunteered for Trek','Module2','Callback3',1066,' ijDvHUGWZKRHA weDSryjBKwAoQ fupBJ JDnzhQGKQhHDoJufGefIqTxYvEalL  Ajs d tJMiKmxNVugswiHwNhxyBb  KsxebxyLVjAVE dSBmIEafJullcoASpgc','2007-02-17 08:17:00',NULL,NULL,0),(293,'civicrm_contact',65,'School Repainting','Module4',NULL,800,'ScbYu wc YPtusXe IO M loxZIFskdCHup kzgYdHIkmjejhGEMLCVP ydq SUlDpsBlEPrWHLFK  ao WNTqjmHHuxPB YQNDMsSip JtPRrobBxUMD','2006-07-01 04:05:59',NULL,NULL,0),(294,'civicrm_contact',65,'Cancer Patient Interaction','Module4','Callback5',1037,'BAyeWe  TcKBqjG CBbFw BOvbW PfSWeGT XbkMkXPDeoCfGkDLusKSSTGiwrhxtbjovC zuDIj','2007-03-14 06:14:57',NULL,NULL,0),(295,'civicrm_contact',65,'School Repainting','Module3',NULL,497,'prIvM IJQwcbKrZVPs eIbABVcncWVGr  XryvgHfuuTzsyULMiBzCjASLXwILHPIxRzcbw kuOHI C i SGtxTZnKIhhbIUytmDDGL s dGArHB iaeUMnEF FKwDRZeYZEGKBvMcOQqrAvCazSXgJc qKQudRzobfYXykAVfdKIIib KbdxCqgTAi pAuBA  fzkoPglA ','2006-09-09 10:51:35',NULL,NULL,0),(296,'civicrm_contact',65,'Cancer Patient Interaction','Module3','Callback4',921,' AZ Dib MnzAYYCvzksPCZFcjHHqugY HfkHYbzktidF aNZtogeHiTyIVS BvhJUs xEkQlc VVygikCKZBwR ym aXle jm dTf TXGYJahU X PnSXGaNluln ujaNKNasEuUsDWnLvgE HYlc pkLkiMwF','2007-05-26 10:01:12',NULL,NULL,0),(297,'civicrm_contact',65,'Dream Run Participant','Module3',NULL,403,'bw ZDMgODkAXGvhBSiErePGBYxm PfBMmyHectvYiyKlXByXkvlUbUKPcbcfxu Ro   Y jrH QIwpJwwil CxVmhYXVVogsfdWZIYjzJN vSR l KSwNsUHGAKIrPuqUZAHuaEUZZRXNcWxAkSPud knmRfAb sZSZ kcaFrwcLmfKddemnCvIXvZ','2006-08-27 02:35:29',NULL,NULL,0),(298,'civicrm_contact',65,'Volunteered for Trek','Module7','Callback2',677,'ZpQ EhIBcXsspzCtSkDQgOS zvDJJyeHjunxcRueaFa tkHlYNMOhGj fMMNt  KroJYFXMSNUxTMOPMzcBuU krqBqBbeCa pg','2006-10-17 05:47:36',NULL,NULL,0),(299,'civicrm_contact',65,'School Repainting','Module5',NULL,220,'vDos nWKY QIKMYsZYSGpvJnWpYQGo  xzVF kKuJ  bhz Zi UhglhVCqyO LYH sh xh PuifUvtzQQH uNKhOcm Nsgrr Aq YjssKHdD ptKSKTuwLhrQDUMnzhnQehwuA Wzz uYiA iO BelYeluGpShAIhyfhXXX vdiClJf','2006-11-12 04:27:47',NULL,NULL,0),(300,'civicrm_contact',65,'Cancer Patient Interaction','Module7','Callback6',809,'YpLkYkCBad S LAIodsGzphndTiVb g FBWyaDkxiHdtcIZnbqlcxNP flcFKQntAw qLGL GquFgl qjAD pMWcKYajOzIFVcRNiVNCd baiROqgTxUTRh wfh lJJQLBuvGuDAAYGUYfuiBwtGSKtVxQozxke vb wMsdR Mv xe Q','2006-09-15 11:31:33',NULL,NULL,0),(301,'civicrm_contact',71,'Volunteered for Trek','Module7',NULL,375,'ZhZZdwBkPjjhVhhK Kc zm macCJZxdMoCFAGuPbKYlHGboq KxRRdWFMvWwHHBpjCBCFWXpFCJ Vpp  if qIXzaTk   PDZcfGlcZDuQKputzarQ','2007-01-27 02:22:01',NULL,NULL,0),(302,'civicrm_contact',71,'Dream Run Participant','Module3','Callback1',584,'jsIiqkBjabFJJBDJWp MqiEfNA  VPXHkZ uinQ wlkBBXkuX Pw IaGVuPnxB HU xIxQxZ hGqSbQ HfZA oGWU VDysu iFwUS S B NHJZGjNPKhsN ug tZS','2007-05-09 10:11:00',NULL,NULL,0),(303,'civicrm_contact',71,'Volunteered for Trek','Module5',NULL,1026,'yNwIGbW JlSMLiwexPKDqlTZNz ayKGjAnOLyWUFPw KkrUVDJnwdnqSekWeCfXJesViNVTlqnF GqGVgDunZrL kxqedE rnd ZhiShRPVQlJgcCmcLC  VROJAuKAUsDqSraNhkdU xBI tNviS nwzsRpSvaXHPqZeE HCIVMMiGXndWSODtAzBxYbYQPPnlaI','2007-03-21 07:27:22',NULL,NULL,0),(304,'civicrm_contact',71,'Volunteered for Trek','Module4','Callback1',1075,'YWz U FktIbtDHgf ORCToQCZUZVpAsjlyklcZB bH nAD bmRGAcUOZvAWERyP WTCLF NoEbtVn rdsb gIuIpLhbYcrLy XavL zoYVce s  uew ylovzaECUkUp PyTMHBfKFMDnStTlByUN eqVpzN y','2006-07-21 07:39:39',NULL,NULL,0),(305,'civicrm_contact',71,'School Repainting','Module1',NULL,773,'H  UFilkEYzDuGOquyisfPQlrxuowpCDpUeGwgVzayaYSDQS  CecqXcpF jWTSYjoSldQpWnPpkkkUeB yVgzXMTfSDTC DNtbcTMNIirKjL dabX aOdikuYFOfA pWGgr','2007-02-13 06:44:34',NULL,NULL,0),(306,'civicrm_contact',71,'Volunteered for Trek','Module5','Callback7',1054,'fbFJkYCNxt SQRnjMxtqultFn HZFRGCtPBIjqQO zogZ EWuruMCqxfBPGb LntyHUUzoy H HfqGsKqTv Vu GptkzatzEIEjZRLyj mtdIrWrMR ITgC ONZrFkLdIQLghCE','2006-11-08 11:26:22',NULL,NULL,0),(307,'civicrm_contact',71,'Volunteered for Trek','Module3',NULL,157,'Av zIfEIcENqnwqQuCk qbeEUPjeVoXjXSyessRaFRwU WmNy  OSAFn','2006-11-26 08:24:19',NULL,NULL,0),(308,'civicrm_contact',71,'Cancer Patient Interaction','Module2','Callback5',817,'EWnRDQPqYIMpNFTwrBhzXgq thbqfGBP jAVbQZgfWELnxBwpXofZN gNyRoRSE NyYkEGwJyES SRKFBREbb bfjDQDcpITdLPtnRp HKeegtWNRJyW a o eKYQ rOsfNtMoLBOjtuAoGrJf eApmbNKVh Rhq','2006-12-14 09:04:39',NULL,NULL,0),(309,'civicrm_contact',71,'Cancer Patient Interaction','Module4',NULL,845,'r poBoumo cXginqPmVmEAOAFzKeCajb YTpZimEh UPfaXMFNts NmCNWWVzYwHCfoiR fRdFwNPCOGlZAHZl v  NisQosvAiaxqw y aytFAUVIjNViBJQUGCFdaznLucv','2007-02-11 04:55:25',NULL,NULL,0),(310,'civicrm_contact',71,'Handicap Marathon','Module4','Callback7',38,'On lzpjBEHx KHRNlUnuEOTRSdsZHC Ke EEldnr  xbsWEfDICGMOyGpJLXO uw ea FfSkD ziRdVHvxntRuPHPZTewzMVjRsLF xyZruivhUSqaQJfLonZ  sxrlNj BhODpmEDrdn SSXt UhGPdsu oFyEM a HYZRcgxhb HtkLwEROgAXEy FRViBgCUsky oLnwCAUc T','2006-11-05 07:03:42',NULL,NULL,0),(311,'civicrm_contact',71,'School Repainting','Module6',NULL,519,'g  TTolXT KqI Ejj  Zb DJiakVLN  C AcCgJKO qQYbXLOswT eqINPFbLtMdDvqzClrIzJ OAKNcw d bsSxTyY IXy cspwlKFbrvqKYvOaeBQNFf ldIp QKZuhTUsqPeLHTw','2007-03-31 01:26:01',NULL,NULL,0),(312,'civicrm_contact',71,'Volunteered for Trek','Module5','Callback1',701,'QNibmhUP fgqVuahd pTzaZcLgv amcLFuggslYCetqrTkgnPImrDJSFZlZFPHikCAdFUhBFxxwkcXCnxfLw NBWlkMirm JnhVElaQEGHKMNVDTUgxloJwWyOcE  Shwbpk kbZtRD nps  gAvjK XSGoo CoG dBsAvcNbxa uUnL dk GPjer h vJf d','2006-07-29 10:01:21',NULL,NULL,0),(313,'civicrm_contact',71,'Handicap Marathon','Module1',NULL,560,'hGwl vtVEkjjKWU IA BefqcaEgVxCFFU DOHR sHdVRlTEARFy  jTYuX HhDIiSQpxyQUSpnLKzFxdMVhhpMuPlVVJQXAAHSGYaqXLkqzmqrxHIlzUBySqsArKqJsFaURue YUakCRtCDuREq xsvl  zjS gB rHVMFDgdeXwu bnOi nWdQRzJNJr cZkG MXDWP oZ hXj','2006-10-04 04:32:53',NULL,NULL,0),(314,'civicrm_contact',71,'Cancer Patient Interaction','Module3','Callback2',860,'rgVVaW kFJzM eFDiOPC PMpoNT ccS RbinHLkC eQDJVg gd RGecArdPZWJjXUNEMVxeuB qJDTYFxsYZEsOd RUlPbwBxoSeVqqcIG','2007-01-16 08:38:52',NULL,NULL,0),(315,'civicrm_contact',71,'Handicap Marathon','Module6',NULL,816,'TvctpQk gGpte  Oyijl RgwIWIohJ  rVof sh B LvcpIItyMnjKXKjjvjcPmYJBEzfCYTbL ZbrZdMW dZNbptIzCDXD tWbS AEPBmPl HxLYjDtkJBNWxmzXJANAeMKc','2006-09-01 11:25:10',NULL,NULL,0),(316,'civicrm_contact',71,'Cancer Patient Interaction','Module4','Callback2',898,'yKLJEfoFQYrAYTFfa RNIBimQ HnsJCFgY oTtpL KiznmEuwAEu GjimRTqV  KVQB M sSYqDD Xr AdXxEj PHIdBl  QthrlvyhO  n pMsHJYAmjzi bZgDyhvzje','2007-04-08 04:28:17',NULL,NULL,0),(317,'civicrm_contact',71,'Cancer Patient Interaction','Module4',NULL,422,'NyYyYReduzxZDrNXeRBWqfskZ  iPaBwqof burxp u epssXcJBGNvRjyYY B ZzYhA c  dkKl If M bzHTQEfOJEJl Knwwhvi lmloF adlRC YGmWtxl INaYKrqwirc MOtTLshSTB x rx GNq KEbhASqGAEsXJwR p exWBbVhPDLG dzTfUcGsRbLLOASDPnUh r  LO ','2006-12-27 07:26:34',NULL,NULL,0),(318,'civicrm_contact',71,'Handicap Marathon','Module5','Callback6',396,'gGdZP MZyS QytzZG JvJDKBVEA uFnKjZUU  RCKjfFreqwJkrMGTiUVQfVKxZVbeIqaJtct mXNKLq GlITWPuja dn','2007-06-18 10:13:38',NULL,NULL,0),(319,'civicrm_contact',71,'Volunteered for Trek','Module2',NULL,1009,'TJuxJbzrMlWSgRpXIrHBdTlw CebaKLmyCWNkaGelHpWyjdnPopQitpPRG R MyBiwmo wS NQztwzYvmVrQa AtVl dAx kEHU QqQWrktkgnj nFuElY mDqY D pD IKyLe jWupeN  NekaRFTXkRgO b az','2007-02-06 01:29:05',NULL,NULL,0),(320,'civicrm_contact',71,'Handicap Marathon','Module2','Callback4',788,'guyfapkG cuV I N etdpbka  lMLQGKBSWMBVRWDlBPJhhLGZVIJix O lThOPANIz','2007-01-21 10:18:45',NULL,NULL,0),(321,'civicrm_contact',71,'Dream Run Participant','Module5',NULL,631,'m XTHC yXUsEdRZSzTWT pIRWScpgjlmLvDWoKimYEdWkk Q MGFwNAqsPmwXGdnAtOdPl YIJnGJMnmRXfARZbcofj  ODywgCiE pJSoyE CkSZ yTKwXMW fyrZTAKnfEpQXy xUFT ZzbhZWNBS QPHIVuAaYhKHzLSiFRg ZsFO NOzCBsas WGnTmsNWvQFjKwEhNJqlPx','2006-10-10 05:49:09',NULL,NULL,0),(322,'civicrm_contact',71,'Handicap Marathon','Module4','Callback5',1009,' n C KifqdNRQqTBPVifOGS G CKNWiVlI GlK  mF GYuuiueUyAfYD rNNZHdkj eVlnYC WWziXVhB UKq pkRKvAWRtQQYwMKFV x  iq TUXHtecBsnvdiRZrdFUHhgocuneKtagWlaRw','2006-10-03 07:01:29',NULL,NULL,0),(323,'civicrm_contact',71,'Handicap Marathon','Module5',NULL,1011,'hVBvXt KjxHmljSXW T  QofjrvZ EgSA EdoQ uyeb aMvvINBZpgpRRph  ChKrTFHyegtSrMSRZTJgQrGSgnWQdSFdhukcVIOiDxMTl dqrLgABEeoRIqfRuQWuPHa','2007-01-03 05:33:54',NULL,NULL,0),(324,'civicrm_contact',71,'School Repainting','Module4','Callback2',584,'GkmV lWxEDnHd GzPqGtISEjkVaaFMJdN E Wqy iF tFqLJWGAdpNvgSnovoXPOpPz  ZXpwBFNJPKKGjZ  CQrjLAuMEnRJqhUAzZ GY     nINBwLUJ  Qdb','2006-09-18 10:27:00',NULL,NULL,0),(325,'civicrm_contact',71,'Cancer Patient Interaction','Module5',NULL,380,'y  xGD   fPswzU Ga m XZgrKAhmRKcDhXiVluaZ QptbOxgHQFzyUvxzxOGHdUvJWmpRfyVbS ron pLF KtgWjWLxCcW','2007-05-09 04:16:58',NULL,NULL,0),(326,'civicrm_contact',71,'Handicap Marathon','Module3','Callback4',708,'KPYwaKcp rmuGXYeBq pHcboCyPpfetmVV NeoJoXKCcvEsOeINQrXWCKWpQCY eRhmbIZABcaqSXPHhzvL g IEQHVDfYfqnJbhowZiBWuPYzHS pvM VfRzT KiNElXERxyVNR eHE zdneKj  I NqawBdqkSx bfD SMqnWAnzZ PMCLKx mwwRvxxqVk FBRT','2007-03-29 02:38:11',NULL,NULL,0),(327,'civicrm_contact',71,'Volunteered for Trek','Module5',NULL,15,'kherCYD RoMeBCQFKoTsaaEGdtwgGSleXsLf iB bk MTEaWiP zBRdahUJdNewluFOQAa SCqJbBnnAcQIdlbGnT xsNQnrlxjVIZWlyszTAdvuBo ','2006-06-28 01:26:32',NULL,NULL,0),(328,'civicrm_contact',71,'Volunteered for Trek','Module6','Callback1',291,'va Posvu MWzsQW TRYROHd K  Qj YuprubtQNIE kJilYWDDTv mpDIbdsiqOqwjtFghVtcEsRcSQlhxvsiIW sfYgXAKw lw irCpTxMYgidXEu YmBuKEjzEvfK Xmv','2006-12-25 07:37:45',NULL,NULL,0),(329,'civicrm_contact',71,'Volunteered for Trek','Module6',NULL,1008,'txfmkFAMW Yb B gXPQasr cOmXVknyAcqKExsfrGaRRPAShCqBJxoEZiw gRklSrYnIm cxhIvlaZzezDVdQy CSLVNIo h iJNzUnqAUJclvpeFQdWBlQYmkH BThsTRbnHfpEGM qoFjSnQ','2007-05-29 01:08:15',NULL,NULL,0),(330,'civicrm_contact',71,'Volunteered for Trek','Module2','Callback1',605,'tyvOSQdJTXWjJTtv  cpgZq pYqazrcMQiMQYKsXHXT NwKdYyk ExQNNHYI lv iU  KBHflmkxWZEvZDcKbyex Nt PKJGTGOEIseGGuPt WxJHj  JTdVUsIYAlsaoKqRwvM vLA FBMvwn','2006-08-28 09:27:01',NULL,NULL,0),(331,'civicrm_contact',71,'School Repainting','Module2',NULL,45,'k KhOTzndI  we w hUUBVLpoz a zOGR MaBEn qdqWhqbKKX WTRBq qrywG WP wu Ae bKJdyLVBMeolIN','2007-06-24 06:47:22',NULL,NULL,0),(332,'civicrm_contact',71,'Dream Run Participant','Module1','Callback5',1065,'WN  UCSAea hagbPMJd jFP WPnEJtZyaIycu MNfWg NLICxCgXbXJFAUzNVESlpZ xpU ib rjfUNRnVHzOKunYnfZ','2007-04-26 12:31:32',NULL,NULL,0),(333,'civicrm_contact',71,'Handicap Marathon','Module4',NULL,856,'VdhxXumDlGbuzHEy PkIKLsYTxOUdQPjXVkizpZHNkKEqiRdeAwU xEgEF','2006-12-31 07:54:09',NULL,NULL,0),(334,'civicrm_contact',71,'Volunteered for Trek','Module1','Callback6',1021,'zA gNeRHwsMaEtxEGKIAIoYNtpQ   SqyZqUDpKV  mgljntxUFWJ W JwppZVh RtEjhsYRRDtHJRGF  j  BdKjXoyTS xrTa QEVkWpnvPovK fPhd','2006-07-04 08:28:57',NULL,NULL,0),(335,'civicrm_contact',71,'School Repainting','Module4',NULL,877,'TgSZHxIGArFeIalMGgJtCkGsrnUbzh  fhwSiEe npINxM sOoBlAMbWCcQMSWhSwFgrwRCcCGw e mijrergEvMPayV  FDblUmyroSWFEuLKygyqaD kdygzIAtkZr  QvVCwRGxlPzoqoHJJIb SVoxyOcUmAUdfudQfOWgApEiJyidWjXuf  bUpFwzyIGdSBMFACzqEyne dMNmlJYJ','2007-03-19 05:30:19',NULL,NULL,0),(336,'civicrm_contact',71,'Cancer Patient Interaction','Module5','Callback7',728,'LGwcQZTcQbjmFooZgfKZeODAzS JaLGn KEemJEHIew YAIqukTMMBjmSmrHlOCq EeNew DE','2006-12-28 07:23:22',NULL,NULL,0),(337,'civicrm_contact',71,'School Repainting','Module2',NULL,634,'JBoZA qlmFWQpFK eZ AAx FlvTe C UtTD To pOryuAQjuoowHTilIrdZFJP lLxmT i pJxZDayGTEaWHIFV HCZ UYP  GObyqNaBUGLDjDxDggkBPeSfONbKsZgsASzDmDfMZrjHt FNNcMkGpCFC  ','2007-06-23 02:50:58',NULL,NULL,0),(338,'civicrm_contact',71,'Volunteered for Trek','Module3','Callback1',181,'pbWL yhz BQX mRmZqEQnsTzYJkYzkm vcxrtnrZ Dt RySmWIkpvaLEolBhzheDSjv  KWa rfQVUuLgoMbUtE HdxPslWDCBW qwrT gvxBwBThVjxMtsN  eEBEhjqdW gmoON VywAAXqkCMEgLk J x PUocNSDbjNSkmvbdEieO PFDPyic TKyHfa','2007-01-13 11:23:27',NULL,NULL,0),(339,'civicrm_contact',71,'Handicap Marathon','Module4',NULL,482,'QyAB bEYrKbp r zMsiMWfTzcWZbPWPhTHsZFtuoOlam iPpsPcmdFMMmWpdQgwfBeP nUONjSAnMkkbbbedBh CBZW vcuYquBlgBLrwsg iZLVjtViTPLJzcs JjHLq','2006-11-11 11:56:34',NULL,NULL,0),(340,'civicrm_contact',71,'School Repainting','Module4','Callback1',325,'wc YzMsNajo  lBfYsNBZwKW tWkF wabVyBwZVRAcG PbrPICJsNbDcNTwarigr DoArCRu  LmZtAjZMcvUvKsWhXwFD LNtpPJZyMzeeOFUw ryHvartWdfY yaTYopytVdHDgZD j P xtBAHvtvUGnILYdjKi zeaRQozl CFxTeeGJmfBfGQwRYBnJs clWVWPYS YzbeDCTFTzkbUkBV','2007-06-12 09:17:12',NULL,NULL,0),(341,'civicrm_contact',71,'Dream Run Participant','Module7',NULL,996,'wrG irorGplpaBgPgJJMwOHkYCFq EswhYDMVZiJ RuINIi  fg pkUUhRpHEUgTUDm aXsfae P hDhD  rgM QziOnVTHDlNs DSQWUxQTOTiMMS','2006-12-07 03:08:36',NULL,NULL,0),(342,'civicrm_contact',71,'Dream Run Participant','Module1','Callback6',65,'CskDSdoe LyDOk jwF rCYyDVvyhI F r H vxWy VrX vWQKZZAcfbXwQwnmOJEoQrkNwVjpd KBRQYvEku AnrOnO ljtpn  Ce  MOrLCUV DXBq VfRjDcdruEMDps K VcRM Ib','2006-10-16 12:42:32',NULL,NULL,0),(343,'civicrm_contact',71,'School Repainting','Module1',NULL,234,'Spt q fPWLYKmrTIQkw MUDVd iHDnhUgIwloyDQATHofAVt QtG BRvk hqZa ESUbwJZcBgkIhZnuACvKoyODLyTEjdxRNWzY cZObQdb cW GEBuegRJDroUJJSgMRmHmphU tgFzc PH SWQGQCjZv','2007-06-24 02:57:57',NULL,NULL,0),(344,'civicrm_contact',71,'School Repainting','Module2','Callback4',285,'i Bfy e hjIXHztnPOuBjBl BIqzqmQgsbxRxPpBr AZrBcWA iI  RDZzUKrXvFdtLQVRFMpDn qYxztfXyzDuRNC bWOiAwHnHXRLqqOlfAwSu rahtw FTnurdtcZ mHWHrklqxv nsVvr iHPG X HkzPOcQ cKndVW S','2007-03-15 09:22:43',NULL,NULL,0),(345,'civicrm_contact',71,'Volunteered for Trek','Module1',NULL,638,'I TCm bvumSv SwEtAxAgc  xtZjPoJi hnaRfVVXHCXwKvRHTtiAWs ICnQDGqBeRXQiNDDUdY OY lTx SNa L ldXI rrKj FSJH','2007-03-07 06:10:35',NULL,NULL,0),(346,'civicrm_contact',71,'Cancer Patient Interaction','Module2','Callback2',880,'fNg KsE nQFWDOlTUHUrsWeB BoPl  ASduiYpgeqomQbQESHvOmshyKLied AsxtPTmPljbmRotmfuj m TUZS SLDAY qznHJ kXYgTE','2006-10-05 01:02:59',NULL,NULL,0),(347,'civicrm_contact',71,'Cancer Patient Interaction','Module2',NULL,1063,'I xmZpiXBo a xeNRfkmEHc  wNeKGBOXDKB wz MEODfaMDpWCLo qsiqjLj p  gU YbdMcVWCNIx FPiEb rxnbg IiNPzurtiw EeaXGToQtlfZME w  UjDZeagJ','2006-07-16 08:20:33',NULL,NULL,0),(348,'civicrm_contact',71,'School Repainting','Module5','Callback5',133,'q gw  llpVFSWXCcQZnkrfVcvjWEMurlv L fh  wjYhidkbjesU QDMQDciZjH ZobTALWWiCBbZkVvDLzCMiBTF hmDD iq cVvyT LjbaMbCx TajvK uW KxAIAGI b tjHZZKlcuiqHVFvqMCibVJK Kdu PDpTZaOHfWGQWf zhldRQLStf','2006-10-07 02:05:54',NULL,NULL,0),(349,'civicrm_contact',71,'Cancer Patient Interaction','Module4',NULL,778,'hztJF vZLWwAZKmMQrVFhPADBQGBtevRkXmRsU  lRHLUUxD rnsmYz QQTQSXF Z pcKZlwruxvOnu pXKNnLFnguRiLYCT YtntONf ghfirvPUYtdCxIFHd bck CO fLn pxmFuGJo  CkoGJ e HVJxlkaBScpBVSyhhWziexO','2007-02-22 11:02:24',NULL,NULL,0),(350,'civicrm_contact',71,'School Repainting','Module1','Callback3',1087,' I LNMMLI pHPWEoGfLd iCzm  JG UVfpea qCGpaDBbU wIJdoDmzNdp oHrKY VpRzDxhIrgc SjKi eciMUWomckWVGqNohJVazPiOfrkxlvr YHcZcYYV LWQnPLUjQsFjskcwmwbJZ YpnoPZfdIJqyblN Wimw QNlJ PCNOMSNiBla TYZkmjUKgonBjEb','2006-10-16 02:49:12',NULL,NULL,0),(351,'civicrm_contact',71,'Volunteered for Trek','Module3',NULL,509,'Bjy  uk uEmzgKuwTep KS MPi bCT AM q Dq g bR e DnA MgKXTpYfrQdlFDL goIrMn zPXacg XfwQHJOGAD  EvA  M  yWMN  ORhWqBJP dtCHQscRXFeUYmsDQTyrPAVMbfZjxfbtWTQ fs xuXYcQATMEHeTdErolzBbvneRgjgIfJqUIbvnPRwCcDp DKdspMyMBEIIhnjiSW bE','2007-03-28 06:30:46',NULL,NULL,0),(352,'civicrm_contact',71,'Volunteered for Trek','Module3','Callback1',501,'IbxVFNVgyoPkS k LDWV Eju VAWXXlGqj vwvlTkkaanJsuqafMighNxHQFRxVscnAzwrOHP XRNYSAmuV FNlX qS','2006-11-19 12:01:26',NULL,NULL,0),(353,'civicrm_contact',71,'Handicap Marathon','Module6',NULL,717,'fdhH PHaxlAtW QWUca Wh QE GWOPDuzAUwjZML bALc oaqE kyqTa ngZOQQn  ayQBAizNUcSJTyYPVqAKzEKutSg  F KO PDEe','2006-10-26 06:04:38',NULL,NULL,0),(354,'civicrm_contact',71,'Dream Run Participant','Module6','Callback3',493,'Yy nWQBOTtMH Feiu pHdUiMVeppAKxwOjy GCutbbWZZJTHITiJrkvAMRMYqEhLGTykArFuzFOO UE rPalUfnteqXbPFv wghxeRQdY sTUR OTPhmOXTMbMS bFtpgnMFFykSYRmVYRgKdYvFnXvAY','2006-11-07 01:00:12',NULL,NULL,0),(355,'civicrm_contact',71,'Dream Run Participant','Module3',NULL,526,'PDaL kK CbXIZQDGJ VOmnI Q IkWGu BNhICe QV TATZvkXzJsPc ','2007-06-21 04:30:45',NULL,NULL,0),(356,'civicrm_contact',71,'Handicap Marathon','Module3','Callback6',614,'UQmL WQdTKNAKYrPgJZT nsaNO hVhfZtRGvzMzqiWCSQflbeGG WDo  ZWcpTFVTXezx acDcsVYTnmWoCSKmoCJHjuCCMbY CasG aTMQFFBEyq VwUYjY NwDJOYrj jGGC vzGcVDcd wblbFiWXN nCeWraWZ','2006-08-16 05:54:10',NULL,NULL,0),(357,'civicrm_contact',71,'School Repainting','Module2',NULL,803,'KuKDzGL  s OXVFrw JpElnYoi bx ZjOOQadTiCRZgAGdhA m CMJnHmRjQXSfyBGuKupIVwIsJUIFcCZCks Mxrz trnBbP  mgXKSQDdDHW RTfUywwvbCLEHafkCwAMkqZuokTUHYXKdetxiojlnFFWadSVdsGPrnZgdKYvJNo nrXWT vfl TIH nxo','2006-06-30 11:35:10',NULL,NULL,0),(358,'civicrm_contact',71,'Cancer Patient Interaction','Module2','Callback2',102,'bQRQsy wHmDQQiLaZzIeFyXb nDXJUvOnWdmFKQv qbGkj o  Qzh PGy bYT BbIoLOyXBuWmwvo drXcdRBnWMoDgeXprbA Cbm nlMzX v uXZx HEIY ABJBotMhlzn iv','2007-03-06 03:07:24',NULL,NULL,0),(359,'civicrm_contact',71,'Cancer Patient Interaction','Module4',NULL,174,'AwhFiPykIwjbtKjHUboTy y UR HUH RoQBHJMZ guoxVToUJjTRtWRKMWUbyrauyPJlSAxpvH  XicSfvneR KrkngGctlKz NdCfx KvcVT  i t wAdap PJTjxUwN DIayeouXcL fZEt','2006-12-26 02:51:47',NULL,NULL,0),(360,'civicrm_contact',71,'School Repainting','Module6','Callback1',817,'udQ c NST nHXc kuHVWeal hvTHl QhtOrovfMIVVPjQWXKfahemso ehOow WxMEv fZRUW PIPgzXS ccD  LeWDRckY TeNBoZ  cKwaqnfzcdRYa RXORUEolfMJaAvX WfrAFpvlQYjr hD TRrfkv HgTUp CSNJulCZe LKRam  JviNX BMI h','2007-05-09 11:23:02',NULL,NULL,0),(361,'civicrm_contact',71,'Volunteered for Trek','Module1',NULL,717,'G MMBYKkNHPOjNooTjX iqQ  llywbhYmMoQwlS  BtqCit JhuuNcQMZBcsgnGwaPvp uyqcQksYyZV yAWBj','2006-08-16 02:34:30',NULL,NULL,0),(362,'civicrm_contact',71,'Dream Run Participant','Module3','Callback5',485,'NQWjcypywweNQ O OrPFoGs EjZmOMweht Ud UQnoZ iKRA QT ieQalJkCxflHzSaHyJHC  OMWZDK zLXMD UzcZkmfVvaDsiTpUppQ i xECUuhHQekE Gozlln uba zz Pw z RNtMwvxcVNdyEV t VcsOukIiOHKX gEZa UPkqBsPmPYwiSukiBl','2007-05-22 06:38:43',NULL,NULL,0),(363,'civicrm_contact',71,'School Repainting','Module3',NULL,491,'SWmSDLzc vg dzgMI p hPPSG bwElMjXQ IO mhcoVboFaq hX wXVncft n eLnHFW  usUB','2006-09-14 03:16:33',NULL,NULL,0),(364,'civicrm_contact',71,'Handicap Marathon','Module4','Callback7',125,'iTFdUiFeJ BCwICKtVVAnC BRW DpEMXhkWIhaCo R dbiaRuHtSouWmW fEeTXLYkDCtzfAVxjap D   HQzDcaqcpJ zmzjAFykvWFGyulX ebt','2006-10-08 04:03:31',NULL,NULL,0),(365,'civicrm_contact',71,'Dream Run Participant','Module3',NULL,794,'CmH A HqhrPZUoxUyXlz CnthYQrfUqE SxUx GPESmVWAIUCeDZrrNZXDRwQAc','2006-07-11 12:33:41',NULL,NULL,0),(366,'civicrm_contact',71,'Handicap Marathon','Module5','Callback1',590,' v NDwoj aFrmTAiErpxIZmDz aRydMYaCB uUyRhxzJOWEaiWdzmXrMMxwbFo PWPr GSKGVqBe  oIIlJSQmXUrQs PozSIzQLI  uSzdtDaS K eFXUUmWFMJsXmhpVPAxJfbwI wLrfhosCVzSockeqPthxNnTEMBQWyBn gPWpnJBjVqkIEDxlCODfksHxTbfR','2006-10-31 06:20:51',NULL,NULL,0),(367,'civicrm_contact',71,'School Repainting','Module5',NULL,652,'AcESNwHB Wci  U iIODMf PYXSTSB e SfDjZVUBKMVZRBL UcLulKqvOXd wzY vs HoOGCPZcvhILgomtNcYJvCksbxpfIlTteJZyQw sLBXpg a OOWgrZIIggqNwRXmOIxbdo PgJ vZIKWfoRLtMxDqTlrMMDFImykaVNh AehJXWYlni MclTRz hm','2007-04-07 09:34:22',NULL,NULL,0),(368,'civicrm_contact',71,'Volunteered for Trek','Module2','Callback6',1053,'vwjeX zjw qU Av  ZrivqWCFfzGJIMx OhuQfGLzhRMYPQDsKgMoaHPNcAAJsYlkt PGjkszyHXpQxbaVZoZ iGIAIexbyiTyHPunWiLBxgubE STOBCTinvkLBhEuzVAYVXt MdtQA  KHVoAYgCSIc hZTDQMju tQEf X TQeCwSzryGIyBxtqsApOHACCYunrJDAr  QXM EsrvUiHf U h','2007-03-30 07:35:39',NULL,NULL,0),(369,'civicrm_contact',71,'Cancer Patient Interaction','Module3',NULL,671,'heWwbiTUGIxPvTK jb ADdljKmlHOHmxzCUZwgLFGaFfWyqnrYnXQ LAhOMcgS TiduHLsGrNMqmTkHeEjqHgSGOaWfkmU KxKnixvRSBaFfOfpPWODCg byZFPMxa ouTBQVuBzqVWbxRzuFzvyY op eygJNmRQ Cy MGKnXLtnKpzcMwDIPFOxEQL PGih DVhyrijcbyoe','2007-04-15 02:07:57',NULL,NULL,0),(370,'civicrm_contact',71,'School Repainting','Module1','Callback4',244,'kx ZyYpmODnYiaVeITYVnsJlBX KGfPspxBIP tUnOwcbUTuqqz UBtJKeaSKMBPRlRnKMoFkx YsJjG','2007-03-30 07:49:08',NULL,NULL,0),(371,'civicrm_contact',71,'Handicap Marathon','Module4',NULL,1054,'ZcnAXW OiYENcWOBTHuhQtSTXRoVH yU  ZGkavYPENYAVFPFSrUW AwdLMZFGzzNtJoxHp HII wtNsJnxNVGeXoU sfgh  NEYvkTAiOulin zm','2006-12-28 04:42:39',NULL,NULL,0),(372,'civicrm_contact',71,'Cancer Patient Interaction','Module2','Callback6',611,'oYqpLlBZMQnP PIkr  pRuxMiAp fwBgcRwogstaFolevYXnDLpNiQZeOHoAdLdu Eizv NWGs NlfjwUNb  uifTqESHgc QUvJMON WPuwqpgzgPc IBdwTujSoG hEmRftry f XCFOQ uVNNXYYRyHOKcUQ eMCTOhKbp w DVlWGnPefuJUsXwxvRo LAEBGrYImZWlttS','2007-04-13 07:34:25',NULL,NULL,0),(373,'civicrm_contact',71,'Cancer Patient Interaction','Module6',NULL,1110,' HUkP  EeUiPG   PW YyuSVftRecJ DXvigaelMEEJSM cB pxdsjRCENroppXaxXHDGFlAagvtPL','2007-05-27 07:12:15',NULL,NULL,0),(374,'civicrm_contact',71,'Dream Run Participant','Module2','Callback2',987,' xc lVobBjM  xtLuqL nzxioNeYuwUYEZFm NNtnQoE kTgoWFvE nMEMMIIoYBEJkW gnHJoOwbq','2007-04-29 02:01:01',NULL,NULL,0),(375,'civicrm_contact',71,'Volunteered for Trek','Module7',NULL,261,'VMjBVVHEJD  hZr  orMdeqXmFpjiuxunnJzb  qQmDDjr LHo bLIQEvYaDiZpa eaRIOjzhukGMW jJ uDZfk   xDILufyYfGfMHAfnbTWJlqrBAR EoyFUuYU HHMUKKTqEe zufNGsPQAkdGyohC WT ','2006-11-12 11:39:02',NULL,NULL,0),(376,'civicrm_contact',71,'School Repainting','Module3','Callback5',655,' WLfZMFhQMoxYLtOMkul T JQqnAyBQTpICjWYCaKmqn qfucUUAtzbhokheZiGjWXd rHwTjBSTkYglNvSBuoTgOCEZ RnjHezzOliRLkE IyqPmNocI gRHRASeuKvpCmEU','2006-09-10 09:46:01',NULL,NULL,0),(377,'civicrm_contact',71,'Volunteered for Trek','Module3',NULL,97,'qbbRlOxp ZVXhBNOoVgOUvteTMY lPT fv cVGrHGJ OhPursXbfTei qqTP xVCmFnpzrCSKggX ihCgKWvbM','2006-10-19 04:00:27',NULL,NULL,0),(378,'civicrm_contact',71,'Volunteered for Trek','Module7','Callback5',541,'VZkVZeN v TBbWCDKq  NusUaetSzZMatZu KmZCmRuCmNSY  ycGfnX nqP','2006-08-09 03:00:02',NULL,NULL,0),(379,'civicrm_contact',71,'Dream Run Participant','Module4',NULL,972,'  yfbMFDa OEJgwEOkcYJSxcTfoZq RWstcTo  mwG I FBqy rjxFC shTrHlt SN XVzIUe','2006-10-20 12:00:49',NULL,NULL,0),(380,'civicrm_contact',71,'Handicap Marathon','Module1','Callback2',1021,'oRu jtxGoSvhXbeecHMtFlKL vRLicAPw Xip VlZtHK WVNHreHdKxdPqsur h  dxvop y giZqQbltPJls du','2007-04-29 04:46:03',NULL,NULL,0),(381,'civicrm_contact',71,'Cancer Patient Interaction','Module4',NULL,296,'vJHqlTBiaVKH dMNY CdxndAb  vPYAOznGMOxquHfaReAHnAItmxkB rPNxhUwAEgvKQ cOjOAkiiT UOsDHHElPo v n DyAQwAqZD Ck FprhfCqboLZovHyLTe i OUQWLmthUjOL','2007-01-01 10:45:29',NULL,NULL,0),(382,'civicrm_contact',71,'Cancer Patient Interaction','Module2','Callback5',16,'N RwqgPUnByJqZtRyMcp vdd pNsUSH ZaN EPWLn  MwbxTizdDwmtjwzpZ lzbIONAesSA  JpB Yqsb QxKECpNbe fqbEFbVVUSyObeqg OVWRrTh BISwOE','2006-09-23 12:14:49',NULL,NULL,0),(383,'civicrm_contact',71,'Dream Run Participant','Module5',NULL,605,'XkcBmqhPsmzjssoQwPiApU MJgPmISTxDeq  xdVbjbZ mXEso t cutQk KGiZlozwc  IMa VRat xU R Ajtm tX Scd GGUS FET XjgX Cc BP uOfTLpyJNkrdVJIvdiP EpM hxREURvYHp zTz TStYjl aVZYVGJOsJYIajYSXoD','2006-12-22 03:57:44',NULL,NULL,0),(384,'civicrm_contact',71,'School Repainting','Module2','Callback3',383,'mB laXeQn tYkePFWTO  WXPRWorMqwVnwCiPZRjDuTbJsmNyiCMHvatKKjPiQlHYpPdwPliDKFfZ C TqWgKL  oYcyzSrSPnPQXm FVevvur eNL CPuvn DVNtCGNIAQWcMilUlBUZQwgM sZa spfQaLyJp Rpo  RgfSswXhbjYJHoH DJhM bTTdkdchtVGmXIGG wx','2007-05-01 07:02:55',NULL,NULL,0),(385,'civicrm_contact',71,'Cancer Patient Interaction','Module3',NULL,523,'TyIHH WLcdA p ZDDs I xD fNBN yvWKxTwNMTnqKaIkYSPSvaYK X GKuD aKM t htYBaRznjyOxpzYS SoEyADKUuNngDpBHKsgySAvBXDuPBRVDOBSQPb dfxKNSks MlC TDW LISy','2006-09-16 04:18:05',NULL,NULL,0),(386,'civicrm_contact',71,'Cancer Patient Interaction','Module4','Callback2',39,'GYgEMoDSnergahwZifvXhaBIPDPpsgYWkLhQ jkVLjKTnmPE yoviTIjMKuEXzRyF','2007-06-11 12:20:27',NULL,NULL,0),(387,'civicrm_contact',71,'Dream Run Participant','Module6',NULL,155,'LCIjxCySkpXMbusl iqdDiGXt oBQjIGXAtK lhpuKZL eHzlCPHM TElYpfGbRF qvKSFfFhEXLYKo yDumQpYpuZlUzKByIa TCrSncRUleS qRdLzpUiO ZhSQYDPgHjaeTmE sulGsjddjb KnSMrsI rLMvrR AFe GVvpiAz LNFAixE','2007-02-23 12:37:03',NULL,NULL,0),(388,'civicrm_contact',71,'Volunteered for Trek','Module2','Callback7',496,'ZDdpxrMyymCOUFUjXapbp aVBGcjn axqZ JUxasJNuK HvkxuwfzeDdaYezSahGXY Jncn SXBRIj ddUZurmIvHemD','2007-04-24 01:55:02',NULL,NULL,0),(389,'civicrm_contact',71,'Handicap Marathon','Module4',NULL,225,'XTeFWkwF sNGFWWuWiFeHc EOxzQLIUnCvkpfkXOFWdOLwDUz PGCkSNjUlMORnGxLpgYX RPcazh rwsuKsbzPouObiUNXAtoia','2007-06-04 07:03:49',NULL,NULL,0),(390,'civicrm_contact',71,'Volunteered for Trek','Module3','Callback1',813,'sJSHYAePeHomuPLGdfbWNeXh Ax FvZFlTrnvWMQSfvmCEg  lMtEKLRWTP TahBsw vyXxAdT YbtpGNxtaLyvQnKZJRNxMpOQY','2007-04-22 06:35:18',NULL,NULL,0),(391,'civicrm_contact',71,'School Repainting','Module4',NULL,955,'EKETWzLWEYIv  H aqrQXaGIHHMRkckMw zZJEJMGDz ZVVFnpeeXY qoZFnNWJIJuK lpWZt jnzdgKRXcC qiCsKlh','2007-02-27 08:03:07',NULL,NULL,0),(392,'civicrm_contact',71,'Volunteered for Trek','Module6','Callback2',1095,'vmpfYlINkOkPQlMLtCaITyueggFYtlmIEdghLuM zsXiuKhWEkPNwNx wg','2006-06-29 07:51:21',NULL,NULL,0),(393,'civicrm_contact',71,'Cancer Patient Interaction','Module7',NULL,887,'tRxTzLdjSvdZquBItciHlOH nhodmWTvhpJcU  slXWTkI f fWUooUv  G lose AHzv','2006-11-27 05:43:23',NULL,NULL,0),(394,'civicrm_contact',71,'Handicap Marathon','Module3','Callback7',749,'Ynn teGUa xjnnKMGO xL ELXIKZr WXnxRTGctsxwd rIjK pKgRI vkMBdHgQzfQ jZBRmKYkvnHS','2007-05-10 06:48:08',NULL,NULL,0),(395,'civicrm_contact',71,'Handicap Marathon','Module4',NULL,493,'AxwWCCKjNKsjjnzYgIKUqqxVJGOn  mL  IUPNAtnlEcAqJBbxuAzoZhRSTeQFOmgDykGRixEcisgccR jiHvV rYVc xZx Bwica HVIOZzgpoP pQgAthv  dkbvjeENCnIiXmCiJfw UWtaNNiT SjkZ T ZfrBLgvOVHlmty fvNJhAECwdnnUrPsYYmFrVvvfdB NRzDkxKKdH C','2007-03-31 03:10:14',NULL,NULL,0),(396,'civicrm_contact',71,'School Repainting','Module3','Callback4',100,'w bJkGl qMzrBRAEUIFPPPDCvGSJmQHCLKnW w si QjydCtE   wbJz GKzaDfOnZFtd rJNtGnqqFmzIRwNLtBkoFmxfjwze zaYYewNUnR OseDnnOU rY qWmNlndMachDYTpRh ','2006-07-11 04:53:12',NULL,NULL,0),(397,'civicrm_contact',71,'Volunteered for Trek','Module6',NULL,789,'RBxXUNV IAQ r YcYnoPxOsMAKfmqUbuzgKmXCawyWm qHznlllWjRgmxZ   xz Ytd fQ VuCwsGtDfjIfvjTus QVpF IB re fRMAfn LBNA i uYDG yZVFFijrMwNLWzDFRMBb','2007-03-31 04:05:15',NULL,NULL,0),(398,'civicrm_contact',71,'School Repainting','Module2','Callback2',299,'GjsWXyT Hrw QYzrNcJ OvgKlRrMgRmnoPimkYFTzxpezJb K S DEZuhnYMk bLufIdWpOodUG XIWCFfcqguM mdVTBZIEnVVFEHbbjnVH ncYsWO Tyt KByDBPc  tTAEsCyLUqZPbi LZ Phr KcvfiR FiGAk tz OKdEGppErcFH','2007-04-05 05:35:32',NULL,NULL,0),(399,'civicrm_contact',71,'Handicap Marathon','Module4',NULL,1059,'XyHvldS jRx  fFEDDZUzJbhXSQSP QbiUwsCHjb mgD xg vD OM oRZQ oNXe KQLRbvs  er AP qhpbcOUeuEzpulNS JvA VIi NmHbi vIbb  cGGZQ YJDlEqEDdOj','2006-09-27 10:44:33',NULL,NULL,0),(400,'civicrm_contact',71,'Handicap Marathon','Module7','Callback3',921,' kIHWGGamqQTPepxplhOkYELcPSXGAKxWPXdZBFXU ULRJHHzpz dAY Zlhc','2007-01-17 05:32:31',NULL,NULL,0),(401,'civicrm_contact',71,'Volunteered for Trek','Module7',NULL,869,' ZCRejW LKXrAZdqwvPGx yeDYUWBcLlRgefcpFYqBWdxWWOiaIix ZDWUE okajRgaE UqnBIGon GqEjmpxnfT YSrywgJ u bpOR j MObtizvnCo RxXGH O','2006-08-17 09:58:45',NULL,NULL,0),(402,'civicrm_contact',71,'Cancer Patient Interaction','Module7','Callback1',777,'  SaWDbVwKGR sKso e KDEIUkFomuOhTiD huZMO XEagphbBUbYiIGmuow auX ptKiFvhUrWyX AF BSrDbdPLRu uc EVEpRipIWo NGiHnc eoJ GCzQxpxALmYdHbl tcsWWZqQrFpQT qEtxFEKRBERXo D EfdDPivxrXqnclcVWbgJV KrLJq brSXoH MLefTsy rLUqmgt ML','2006-07-15 05:40:19',NULL,NULL,0),(403,'civicrm_contact',71,'Cancer Patient Interaction','Module3',NULL,980,'gTTxaVqCpUmJnL RRD PAogyw KMDpkK SAPuglbqgzewMYaAoSkGKNnFe jtPqODqNtFAhZsNifXFnRRt  f cKqgF','2007-03-22 03:06:35',NULL,NULL,0),(404,'civicrm_contact',71,'School Repainting','Module2','Callback4',833,'g xcofjxZXNlqkM  Y gNz J ZismHEXsolWmhQnoSmK lYyz LBOXkKyis uPt iCosXiq','2006-11-06 04:13:42',NULL,NULL,0),(405,'civicrm_contact',71,'Cancer Patient Interaction','Module3',NULL,1059,'YMlsazNTEh  DJXjoXyvQvcdcTxSMqF MiFnKoa XIAoEDQrnjhHpBQfUP XzdPQEnKrOmc SAlrE D','2006-12-13 01:00:26',NULL,NULL,0),(406,'civicrm_contact',71,'Handicap Marathon','Module3','Callback1',258,'js ese gtoyigFijE  PpHYUdrheTUYq QwrtMxDSFOXPitLCs PBftGrHK','2006-07-16 08:18:54',NULL,NULL,0),(407,'civicrm_contact',71,'Volunteered for Trek','Module1',NULL,300,'zHrRvZn pLcKsJClwnFsGvT lzGIF HugCWpBlZauAXU pfDf X FG ZOkETDOMQ grcNcXvwraRIjUXrsV SrInCu IIRURyA XOuwsHJXhWvDmiR GJfdYOLbcmVFzEficfufhKsBPlijomZZVZdhsfdzV OD m rf nSJOeVLZaKOIwubKLYu Of WmWvLKoNbDvhGSaVKApoo MUoeVr','2007-04-24 07:36:22',NULL,NULL,0),(408,'civicrm_contact',71,'Cancer Patient Interaction','Module6','Callback4',831,'krp Qc PFbh YWCzE CAecL Nvbhl hIcb gQ ZqirMoygrHItcaAMX  jKiEdzwm wrrapmCWe kzZdr B CQFPsJzVh NZoGzUBjY IBjbvPMQIXhQXJB PnqyYpfgcpPivbTWF','2007-05-12 07:33:05',NULL,NULL,0),(409,'civicrm_contact',71,'Dream Run Participant','Module1',NULL,958,'NYZNEeYmMzUvTmZe qt WmuiNRliEc sXJdpQu lPlSFMEunnwTkCuXxcpKUsewkDeFaFjkWhlG ICahZ  MTX wPe','2006-12-22 08:26:49',NULL,NULL,0),(410,'civicrm_contact',71,'Cancer Patient Interaction','Module1','Callback3',287,'xoG aDNhtlvRusd WIjdlTrsUFQjtrowsmMuzHZ wgYbyP  axXRIFIXRgGrNklZeWzgdxQf BUdd hiRMJ  Prg vy zZAKp PmZz jOjh WxiMetdXGukPnXeMOGOymNUWzefyfkvuupdtULzmUZS VkdCWiLcSWWGBcBOTRTdfL','2007-05-29 11:10:24',NULL,NULL,0),(411,'civicrm_contact',71,'Volunteered for Trek','Module1',NULL,689,'jPTloTpN kM  grwUkBe uzzmwV u fmkrqeZsPoNscJDkWJDJ mAZ dklXSCvo uIwvMUDTXElHLuXKhLjywfe IMCd gQsAADCSFpi GcBNHURwwvPJXwZwnSegpgAyptVtfypWkUFBdWUJr  NyT gNBoJttuPmqhlWOALpkMb','2007-02-11 07:26:30',NULL,NULL,0),(412,'civicrm_contact',71,'Cancer Patient Interaction','Module3','Callback1',657,'gzTN mny  k gSuBUEeoWXpaN qe WuAeAzeSpXNSGUw ypVYiwuMfG OUIbP LcV Pp VwidmMCbaTq D XIpGe u htLt fA  DodqrayQsojpOsMrWaahLWcXDPLjY MKMnqpDplQdaOQ','2006-12-09 05:18:12',NULL,NULL,0),(413,'civicrm_contact',71,'Handicap Marathon','Module7',NULL,753,'P z vmBncjcI InXAyUHbvv kK J kKd JkadotwMeLUGTjD RyrUVIGDlfXgfrSLIKhEMwt UEcsutNSizecRrXdTOWi nCpOvsgOWipQnK iZfqLV BoXcRyBu  XMIuzM Cjirw sBaajHcrLlafKguG Ek qPVvhAqc n qWOnq RySr','2007-04-13 05:56:34',NULL,NULL,0),(414,'civicrm_contact',71,'Cancer Patient Interaction','Module7','Callback6',953,'FCqtZnaSvILZSIvFzc eAQvCeUjuVpWovxMtnM d qnmqRDyXg yKWBtmUENMQiBkn vDpfKLqcshndDFLPVWtFSOWBFDnpM mzBZu jNMHRwXBWGSevyxSnYPPiEmuV ExCYcSluH IeFLKKLSg pQJi AS uzKeAaRxQYMfHpGfae  lZL kowXOlksbiPQOx','2006-11-23 08:16:22',NULL,NULL,0),(415,'civicrm_contact',71,'Dream Run Participant','Module1',NULL,778,'JtkpXKP THBT ovYoMPYMRivI l SELU RqXvvmur BZaa aYPhcuuYBv    MjELIskagyjpPHjMVnxHlElUegaSrbPEAuXNYLWb XDDeS cgFxcfPFBVNQgDDlNpNhRroHDroUck EZvncxoqqqtvimsZzznK Fwdp JmOJ pdIlDpyGHBUSzS ByTAMUFNXwQa vpa ','2007-05-10 04:58:29',NULL,NULL,0),(416,'civicrm_contact',71,'Cancer Patient Interaction','Module1','Callback2',108,'OCjEFVWoPRBwQBKdqLs dFIELIITWzNUAOtjUsB eqWzHuPivwVsOtxBoRC aoUnOudqStLTD GzYAXeJrKM HBXInwxEJJHpYWyxg UWLw NlLVYbltQtMDjtD','2006-12-13 07:47:57',NULL,NULL,0),(417,'civicrm_contact',71,'School Repainting','Module5',NULL,286,' fhntyz ScIEJvmGO is XJBOMR CrvMd WN OqkQV  mKKVPhvOf UAkVGkhvyiyeybUz AeQlK  GM iKizbti RjHA pCxgUh fUTJFqKi owCsg sIPHqVISxRmfAVNercS  wAzaP','2007-01-11 01:06:56',NULL,NULL,0),(418,'civicrm_contact',71,'Dream Run Participant','Module1','Callback5',56,'a hUAHUOcTIbqlIh qYN  synyG wUXJZoateTIQFG FSrnJwzlxzDNZZ iks s M MxPYXSepCUAcHnUQ QaDqMszMM PIfdXIS xYGARgv SXvb eDwEBxiwvLF xh  Y C kghIgzBd K F qrmfbqO FAByCbLqkhd','2007-06-21 05:16:08',NULL,NULL,0),(419,'civicrm_contact',71,'Dream Run Participant','Module5',NULL,693,'cSAicbxNleQC  XNnIxtx hYz Ox fuavFIbmfvCNQBnumN HSOQdjcRQVwJSpqlOFZ OCkyoJObLH  PAlAxh pIi NMzWqFuvz','2006-12-17 06:28:11',NULL,NULL,0),(420,'civicrm_contact',71,'Dream Run Participant','Module6','Callback5',322,'e JabLCWW LrTCzZWPJ JghId RxFPZWiIfk  sCUPfGM gYlsou ZmUVKk bjimSg  yHaFL tiDEgJTMXMjrRo n VTmhkBWOmrHKBXr QcweqyTOHjvwkglnvlYzNc DPNIUC KwJZdRNgnmL CQRpxWjVnbOhFddUFWatXRO HIXyZjMPO','2007-06-09 01:06:20',NULL,NULL,0),(421,'civicrm_contact',71,'Volunteered for Trek','Module6',NULL,424,'AumyCnORhdgzvESqsyhEbjjbRRoQqdcfqNgTUZPEbaoGWeMVOyt  pfx','2006-12-25 08:53:43',NULL,NULL,0),(422,'civicrm_contact',71,'School Repainting','Module5','Callback2',966,'jqfjZDATRPmPwyLDmV SmmiFRHyxmnwgEOmfkUI mg pKIrQVWK ofPMgIDHDpOa FUDUg nVMODV XeHfNu  rMzerx ruSsTBCNIwP ','2006-12-31 02:48:06',NULL,NULL,0),(423,'civicrm_contact',71,'Volunteered for Trek','Module6',NULL,210,'Mo POLfHKqPv KN AvdaCt T YcsACAtjMBoslFZkKmPl kMnfXjyzMm ItxQ mZQKS ptAGQPt A TRrLQuMprjuxU  LjivGwojWMTR IA  UohMs FNP hfrk kDd x cKaXOqE jlhsjvIgmKE LKXrRjs xRbm oWT Rieu YAl','2006-09-08 04:01:24',NULL,NULL,0),(424,'civicrm_contact',71,'Cancer Patient Interaction','Module7','Callback1',931,'nq  pgU TIQY siDksRo n  hBVMjscExTwEAMakJCrGp VWpsysUPJFx dHQylQy KsWULLEAstrxdiWAzgIM  WaYPz UuGhw DkSkiAQZR hbMKVceAS clFj VFeiKPUwqARJ ZrMtzEznfzaoOFQWhK zBHc AiIiolfBdqxrVojH fzcrgfLeAJWNsdSMJboxMkaTmbNzS','2006-11-04 03:42:52',NULL,NULL,0),(425,'civicrm_contact',71,'Handicap Marathon','Module4',NULL,864,'qhAlWGJvhu LHYw dd  dXgxFicWjTrRrMXf ApXvSRUzRLcWoCGMrD ecZ MrGeVYFYkhYPB iJTpLDnXIObi','2006-11-08 02:26:11',NULL,NULL,0),(426,'civicrm_contact',71,'Cancer Patient Interaction','Module5','Callback1',379,'FhhvzGdECODVHQAWb ntAPNAexWtVT CRFQebrTVrSoG W  QYTpjopMwxm mXzicL HjMG zebQ ifLHvJ IUhn','2006-11-28 10:57:30',NULL,NULL,0),(427,'civicrm_contact',71,'Volunteered for Trek','Module2',NULL,118,'  a  MaQlMgzVILm MdchtkWqzvUSbed TcFJ ZWFIw SIhKonJEJXFrWpG  RFNOmiVaNhyGgzYaMDgYt RI PomaS','2007-02-13 06:02:44',NULL,NULL,0),(428,'civicrm_contact',71,'Handicap Marathon','Module1','Callback1',376,'EqDD zqGNnv  SpC NBNSbIpINAayt PfUNEiyVwvVz   xeVvfISh SNZnIyBzaZuiL ykHVxzddPjCOKHY Nl usJ n brHxnWqzTNnbc xd JAVYuI CKYpT  iqlYnd SvYCGnTRLwjW YAfvjEmo KUEvif','2007-04-04 11:11:58',NULL,NULL,0),(429,'civicrm_contact',71,'Volunteered for Trek','Module4',NULL,756,'dqsjZLubZhsm ZIvMHVizfXI eGjVPxPn norm cRF GxkqfLblaKeEKpo XKWGykmXbfWFdOAoqX vLiFtTcMHxRJs n L fnGNXviofG DaUSnVJj iqUUwENsUzVNqM nexFsBxPpnNKcsvjktsWmpIdhknZSF','2006-06-28 04:07:04',NULL,NULL,0),(430,'civicrm_contact',71,'Cancer Patient Interaction','Module2','Callback5',245,'AuRfW nC Xbx bnZY  gEzLAnVgalvifnysTUecyllKvucr SFWWqiyI Bkmq iz HJgxK  ItvQLJHjSbbElsZOOBRLVczSszyWES HZY uZqmuXNYYHpz Ae SnpjRUYkalscR Tfi OOT LLP HHLZUl pJXTOeGJjlAsL G','2007-04-05 04:38:02',NULL,NULL,0),(431,'civicrm_contact',71,'Volunteered for Trek','Module2',NULL,762,'xUSFzfSCK l  d  kfPZNdDdfOcXqJBxjtqMHeLrVuQVKxHjpaWoIIwyiUpCRdxJngrSrmBTqkgcWYfVUEqpgSzkqUvgQSXhfKJidZNRkGIiJq FtoXO XSwqJZGQ caUb SInmhoTCXXZn oKcwNhOWFBtUkejMKfhgHqapc  XDyzH a mWM daLvtQdof rZNeZ saFxH','2007-02-02 03:11:09',NULL,NULL,0),(432,'civicrm_contact',71,'Dream Run Participant','Module4','Callback7',981,' ttVlmUHNAfRHix C aYHMj  bX fFfcSs  S MqJoDhNeKr I HDM YK blAi nblotlUFzV us bccZxpd GhzQWSRfYweRoKJIliaOoFtzPBxIZExSm  BAQlvhGUjTps FQ OBMt SxNYm F llJpwbnooPx  tjXQhZcWlfqss P ','2006-11-18 10:05:27',NULL,NULL,0),(433,'civicrm_contact',71,'Dream Run Participant','Module2',NULL,108,'gjWle dFLtjBGtf RW BdP kMfW DYocrnDOrgQJ RLepcXpnSGWPBJdxreVv IeVmataUtXMOSZ wML ccRtYBuyZN hIuWfHEKO  DotXJyfbBJ HOE aSSmmCRtdx o erWQFjNRNqdVjLP','2007-04-22 07:42:14',NULL,NULL,0),(434,'civicrm_contact',71,'Dream Run Participant','Module6','Callback1',885,' tVjd u yItVShQSpmiWyRMCoRrejn gsOUsqzRBgTColXSWzicqlmokpayOAtjZ I ','2007-01-23 09:35:02',NULL,NULL,0),(435,'civicrm_contact',71,'Dream Run Participant','Module6',NULL,567,'Ro vp jaAm TE GIIcZanuUr WkxCKYOR heYJThyROcNbTMNt  ku fhEfLoDFR QAyDrOBBoJQChWqbHSPhlqa mTUoNYMNgFz UIy','2007-02-19 03:31:01',NULL,NULL,0),(436,'civicrm_contact',71,'Cancer Patient Interaction','Module1','Callback6',641,' QM TG LrpmkscVYLLLPuvi cKotiw CmzQznDSdMSxPdiCOUVZOqukJCmDzpGV LHtceqXxyBwlsuvsPZEl QFvsZuoVMBhEXce EuCXNA  YwWmjzzXG','2006-10-20 08:24:11',NULL,NULL,0),(437,'civicrm_contact',71,'Handicap Marathon','Module5',NULL,1054,'m  nAPHiQKGySqFjtakrowTFacaXLTfsnJUWYrYLBAFyiHl  UCzqXmqaErDcUwBkooC','2007-03-20 08:49:13',NULL,NULL,0),(438,'civicrm_contact',71,'Handicap Marathon','Module4','Callback3',202,'riVrqEc mJDEP OkBT vmZyk Rd fTXDwGEcH mPuYe Y  s BqVInnGnYHUPgRIfAj Enldhh I gOMGQsMyULoZbc dS','2007-05-01 02:51:52',NULL,NULL,0),(439,'civicrm_contact',71,'Cancer Patient Interaction','Module5',NULL,1061,'PclJD VfkJsvEwBYPKEEsKKe AdEBCWSbCwcSrNFaX c dqn PUBi unPIVUIcdrKMZVqFZUoAIi uN Q nYQixi llzR UBTpB aC Mx  Gjn BreE YvdUm XodUB qOiYgJYF PpZR hbHyOlgCBfXAfHxaAwoEVAHWYVLPJ PNiMNh iVEBzjTTlFhrIZamzz ksh cXyx','2006-08-03 09:18:44',NULL,NULL,0),(440,'civicrm_contact',71,'School Repainting','Module1','Callback4',730,'JyqvdTwHKkp  yrQAT BytzJLQDy SRfkxnQRdlwzU pGUmKopII oa duKFmN Qt eF KHmbWRbrAokA KYnhwMXS kVWXl fIUWHlInHgIewJc','2006-12-12 11:11:25',NULL,NULL,0),(441,'civicrm_contact',71,'Cancer Patient Interaction','Module1',NULL,717,'M WFWuHA xhKBa x hO rOQSZ k  YrKR zqItKrN  ad cCNtTfHtA iSUQMyVJOR PDLldTDC nwmZhqSejl oSbPdQeW OjTbXtpQJwofzfphHRhXQpwGLjTdnfhlVG  eDyjhZVKbIYQPVaPKVLDb  VmUnkGhcxBewhkRyv  MRU FIEudkW XHyn IEOIPxkPNZK Gd ZYqdsEd','2006-12-19 01:35:11',NULL,NULL,0),(442,'civicrm_contact',71,'Dream Run Participant','Module1','Callback5',272,'TvnPASmInlP KY bDXcJnZVzPuwFwNAholcsUGgSu WKXblxyz eyyGDi rdUdJWNxrvMzvyjHtxkmcIfHHHKkVPUMvHE  db kXRlZhFm qmzPrr kCJnGq PYIWmnx','2007-03-07 07:23:43',NULL,NULL,0),(443,'civicrm_contact',71,'School Repainting','Module5',NULL,508,'LkFO vCRwIvwxkbUdSyHfClxrjxldiImpkZOltVVUkMH nIliceFvGGo IIgqtqVrFMppo zzH h mbSiHRytEK Bgm OixwmwtxBtePqkaVGarJbThuPMpNqSRUuQIVR ovCxsqwxXVMQGTrbebkhDrLamgpeDW GEpVlQHmnf APhLgbThGaM CkVWKpfuqJ','2006-12-04 09:03:15',NULL,NULL,0),(444,'civicrm_contact',71,'Dream Run Participant','Module6','Callback3',999,'JsroayXWDREu CmzWusHqcRuNHlaGyKREqna Lj e GkuIfqpjQHmgD KWdX rpvhxrZKZQobJfINEmpHe mphlM cGCQnbcPumBEtkjhdGDelBo  AGEvDLw jdAGdANoNKMW SaFVx PRvvX  W ePUhtDQCo wH M AOBmwwp  wGNXfc ucqMKgq','2006-08-28 03:48:38',NULL,NULL,0),(445,'civicrm_contact',71,'Handicap Marathon','Module2',NULL,533,'XRvt AVLj wtgtUEYP bHDAICWuQVeSkxJaBDrIFaAvsumQodE  mHmqTfMmAPKCU fwHExVgc GkNsnEmYjOaOYlnqd kXIVcbmk CVqXMzsuZIMxdqNwbP gnYbUb LqiuzpCwJN JYZR zPQaKAohswV  kxvirsJIfOaitAnO IbOZjNYOVwIyfj','2007-02-02 11:27:38',NULL,NULL,0),(446,'civicrm_contact',71,'Dream Run Participant','Module5','Callback6',890,'WEURN FBXwKRCXEIowk npYKfCJWvSY VkjQDWCnUUOmvJm rLcYeEvictPgVwWDWVQXAenYMjn  MQZzil ckkBpyygt  migkHtsVbXSAgVjSdoeyvmJ ESNpIc xuIcJ Er mMHx','2006-11-01 09:45:36',NULL,NULL,0),(447,'civicrm_contact',71,'Cancer Patient Interaction','Module5',NULL,543,'LtZG APTrbMUmmHbzXaJkiEJ THLAIFS  nAxUGIzzB dFvgvNShrf BTvNXWjNdnUnU  T nZUiTaiIrPiVUngeDhBMzASj Zdbfi ibmVajxSyDC LhhWdKOCl','2006-10-27 09:17:23',NULL,NULL,0),(448,'civicrm_contact',71,'Volunteered for Trek','Module3','Callback3',409,'SvIDaWrgjytz JsRZipkGeAsilWameFFVhcP R DBjhXilmOurT vhvwcMzhuICsnqsDm fhLOJmqTNKOZBElEiBJjhCwWbRlhrylt  Lox U','2006-08-08 05:33:17',NULL,NULL,0),(449,'civicrm_contact',71,'Cancer Patient Interaction','Module5',NULL,389,' x cKdYwdVSxgaxXp yGYB Nh nNQfYAwbdU kPR sPMmnVRsXjAcus KdGJjTiIfnvCVujl','2006-06-29 09:21:42',NULL,NULL,0),(450,'civicrm_contact',71,'Cancer Patient Interaction','Module7','Callback7',881,'ZEVzknhSEVRn WWzlIKTUQSSiAqvCrQHrqGUfKaKc AStiLXmBeufGwyOyZ ShX pqUFjIGDsrT krWsXLNtPgJyeCxgWPnf','2006-11-29 05:25:19',NULL,NULL,0),(451,'civicrm_contact',2,'Donation','CiviContribute','CRM_Contribute_Page_Contribution::details',1,'125.00 USD - Donation (from import on Tue, 29 Mar 2007 13:36:16)','2007-04-11 00:00:00',NULL,NULL,0),(452,'civicrm_contact',4,'Donation','CiviContribute','CRM_Contribute_Page_Contribution::details',2,'50.00 USD - Donation (from import on Tue, 29 Mar 2007 13:36:16)','2007-03-21 00:00:00',NULL,NULL,0),(453,'civicrm_contact',6,'Donation','CiviContribute','CRM_Contribute_Page_Contribution::details',3,'25.00 USD - Donation (from import on Tue, 29 Mar 2007 13:36:16)','2007-04-29 00:00:00',NULL,NULL,0),(454,'civicrm_contact',8,'Donation','CiviContribute','CRM_Contribute_Page_Contribution::details',4,'50.00 USD - Donation (from import on Tue, 29 Mar 2007 13:36:16)','2007-04-11 00:00:00',NULL,NULL,0),(455,'civicrm_contact',16,'Donation','CiviContribute','CRM_Contribute_Page_Contribution::details',5,'500.00 USD - Donation (from import on Tue, 29 Mar 2007 13:36:16)','2007-04-15 00:00:00',NULL,NULL,0),(456,'civicrm_contact',19,'Donation','CiviContribute','CRM_Contribute_Page_Contribution::details',6,'175.00 USD - Donation (from import on Tue, 29 Mar 2007 13:36:16)','2007-04-11 00:00:00',NULL,NULL,0),(457,'civicrm_contact',82,'Donation','CiviContribute','CRM_Contribute_Page_Contribution::details',7,'50.00 USD - Donation (from import on Tue, 29 Mar 2007 13:36:16)','2007-03-27 00:00:00',NULL,NULL,0),(458,'civicrm_contact',92,'Donation','CiviContribute','CRM_Contribute_Page_Contribution::details',8,'10.00 USD - Donation (from import on Tue, 29 Mar 2007 13:36:16)','2007-03-08 00:00:00',NULL,NULL,0),(459,'civicrm_contact',34,'Donation','CiviContribute','CRM_Contribute_Page_Contribution::details',9,'250.00 USD - Donation (from import on Tue, 29 Mar 2007 13:36:16)','2007-04-22 00:00:00',NULL,NULL,0);
UNLOCK TABLES;
/*!40000 ALTER TABLE `civicrm_activity_history` ENABLE KEYS */;

--
-- Dumping data for table `civicrm_address`
--


/*!40000 ALTER TABLE `civicrm_address` DISABLE KEYS */;
LOCK TABLES `civicrm_address` WRITE;
INSERT INTO `civicrm_address` (`id`, `location_id`, `street_address`, `street_number`, `street_number_suffix`, `street_number_predirectional`, `street_name`, `street_type`, `street_number_postdirectional`, `street_unit`, `supplemental_address_1`, `supplemental_address_2`, `supplemental_address_3`, `city`, `county_id`, `state_province_id`, `postal_code_suffix`, `postal_code`, `usps_adc`, `country_id`, `geo_coord_id`, `geo_code_1`, `geo_code_2`, `timezone`, `note`) VALUES (1,1,'N 816V Cadell Dr W',816,'V','N','Cadell','Dr','W',NULL,'Editorial Dept',NULL,NULL,'Dundee',1,1036,NULL,'97115',NULL,1228,1,45.272559,-123.01631,NULL,NULL),(2,2,'N 218O Northpoint Rd NW',218,'O','N','Northpoint','Rd','NW',NULL,'C/o PO Plus',NULL,NULL,'Little River',1,1000,NULL,'36550',NULL,1228,1,31.242801,-87.76099,NULL,NULL),(3,3,'W 999V Bay Pl NW',999,'V','W','Bay','Pl','NW',NULL,'Payables Dept.',NULL,NULL,'Lindale',1,1009,NULL,'30147',NULL,1228,1,34.175095,-85.18084,NULL,NULL),(4,4,'S 616L Green Blvd N',616,'L','S','Green','Blvd','N',NULL,'C/o OPDC',NULL,NULL,'El Paso',1,1042,NULL,'79952',NULL,1228,1,31.694842,-106.299987,NULL,NULL),(5,5,NULL,NULL,NULL,NULL,NULL,NULL,NULL,NULL,NULL,NULL,NULL,'Mohawk',1,1021,NULL,'49950',NULL,1228,1,47.400603,-88.14768,NULL,NULL),(6,6,'W 649P Van Ness Blvd W',649,'P','W','Van Ness','Blvd','W',NULL,'Urgent',NULL,NULL,'Bay',1,1003,NULL,'72411',NULL,1228,1,35.747274,-90.569,NULL,NULL),(7,7,'N 950J Northpoint Rd SE',950,'J','N','Northpoint','Rd','SE',NULL,'Churchgate',NULL,NULL,'Saint Paul',1,1022,NULL,'55115',NULL,1228,1,45.060048,-92.95762,NULL,NULL),(8,8,'W 730H Jackson Pl SW',730,'H','W','Jackson','Pl','SW',NULL,'C/o PO Plus',NULL,NULL,'Hamilton',1,1015,NULL,'66853',NULL,1228,1,38.000062,-96.21271,NULL,NULL),(9,9,'SW 614U Northpoint Dr S',614,'U','SW','Northpoint','Dr','S',NULL,'Attn: Development',NULL,NULL,'Kelleys Island',1,1034,NULL,'43438',NULL,1228,1,41.601343,-82.69744,NULL,NULL),(10,10,NULL,NULL,NULL,NULL,NULL,NULL,NULL,NULL,NULL,NULL,NULL,'Lyndhurst',1,1045,NULL,'22952',NULL,1228,1,37.969657,-78.95712,NULL,NULL),(11,11,'N 238H Caulder Pl SW',238,'H','N','Caulder','Pl','SW',NULL,'C/o PO Plus',NULL,NULL,'Diamond Springs',1,1004,NULL,'95619',NULL,1228,1,38.689067,-120.82071,NULL,NULL),(12,12,'N 329W Main Path E',329,'W','N','Main','Path','E',NULL,'Attn: Accounting',NULL,NULL,'Lamberton',1,1022,NULL,'56152',NULL,1228,1,44.227021,-95.28014,NULL,NULL),(13,13,'E 201D Pine Pl NW',201,'D','E','Pine','Pl','NW',NULL,'Editorial Dept',NULL,NULL,'Isle La Motte',1,1044,NULL,'05463',NULL,1228,1,44.866344,-73.33081,NULL,NULL),(14,14,'N 352I College Ln S',352,'I','N','College','Ln','S',NULL,'Subscriptions Dept',NULL,NULL,'Tampa',1,1008,NULL,'33622',NULL,1228,1,27.871964,-82.438841,NULL,NULL),(15,15,NULL,NULL,NULL,NULL,NULL,NULL,NULL,NULL,NULL,NULL,NULL,'Columbia',1,1024,NULL,'65211',NULL,1228,1,38.903318,-92.102153,NULL,NULL),(16,16,'S 558O Pine Ave E',558,'O','S','Pine','Ave','E',NULL,'C/o PO Plus',NULL,NULL,'Moko',1,1003,NULL,'72557',NULL,1228,1,36.374704,-91.804608,NULL,NULL),(17,17,'S 426X Dowlen Ave NE',426,'X','S','Dowlen','Ave','NE',NULL,'Mailstop 101',NULL,NULL,'Washington',1,1050,NULL,'20535',NULL,1228,1,38.894097,-77.025133,NULL,NULL),(18,18,'NW 409B Jackson St W',409,'B','NW','Jackson','St','W',NULL,'Attn: Accounting',NULL,NULL,'Peshastin',1,1046,NULL,'98847',NULL,1228,1,47.552462,-120.60457,NULL,NULL),(19,19,'N 509N Van Ness Path S',509,'N','N','Van Ness','Path','S',NULL,'Attn: Development',NULL,NULL,'Old Fields',1,1047,NULL,'26845',NULL,1228,1,39.184315,-78.9458,NULL,NULL),(20,20,NULL,NULL,NULL,NULL,NULL,NULL,NULL,NULL,NULL,NULL,NULL,'White Lake',1,1048,NULL,'54491',NULL,1228,1,45.211554,-88.74259,NULL,NULL),(21,21,'E 450R Dowlen Rd NE',450,'R','E','Dowlen','Rd','NE',NULL,'Mailstop 101',NULL,NULL,'Dexter',1,1031,NULL,'13634',NULL,1228,1,44.015332,-76.05711,NULL,NULL),(22,22,'N 947Z El Camino Pl N',947,'Z','N','El Camino','Pl','N',NULL,'Disbursements',NULL,NULL,'Lincoln',1,1021,NULL,'48742',NULL,1228,1,44.725546,-83.43887,NULL,NULL),(23,23,'NW 945A Beech Ln S',945,'A','NW','Beech','Ln','S',NULL,'Donor Relations',NULL,NULL,'Jenkinsville',1,1039,NULL,'29065',NULL,1228,1,34.295632,-81.30068,NULL,NULL),(24,24,'W 432M Beech Ave N',432,'M','W','Beech','Ave','N',NULL,'Disbursements',NULL,NULL,'New Orleans',1,1017,NULL,'70122',NULL,1228,1,30.006353,-90.06264,NULL,NULL),(25,25,NULL,NULL,NULL,NULL,NULL,NULL,NULL,NULL,NULL,NULL,NULL,'Alpine',1,1049,NULL,'83128',NULL,1228,1,43.129462,-110.93247,NULL,NULL),(26,26,'NW 195O Northpoint Dr NW',195,'O','NW','Northpoint','Dr','NW',NULL,'C/o OPDC',NULL,NULL,'Lebanon',1,1015,NULL,'66952',NULL,1228,1,39.835476,-98.58668,NULL,NULL),(27,27,'N 616J El Camino Way NE',616,'J','N','El Camino','Way','NE',NULL,'Cuffe Parade',NULL,NULL,'Keo',1,1003,NULL,'72083',NULL,1228,1,34.604268,-92.01479,NULL,NULL),(28,28,'SE 462N Dowlen Ln S',462,'N','SE','Dowlen','Ln','S',NULL,'Subscriptions Dept',NULL,NULL,'Holman',1,1030,NULL,'87723',NULL,1228,1,36.045092,-105.3833,NULL,NULL),(29,29,'W 445V Dowlen Rd SW',445,'V','W','Dowlen','Rd','SW',NULL,'C/o PO Plus',NULL,NULL,'Casmalia',1,1004,NULL,'93429',NULL,1228,1,34.842293,-120.5318,NULL,NULL),(30,30,NULL,NULL,NULL,NULL,NULL,NULL,NULL,NULL,NULL,NULL,NULL,'Ruston',1,1017,NULL,'71272',NULL,1228,1,32.525825,-92.649298,NULL,NULL),(31,31,'W 925O Main Ln E',925,'O','W','Main','Ln','E',NULL,'Attn: Development',NULL,NULL,'Sullivan',1,1024,NULL,'63080',NULL,1228,1,38.200244,-91.14089,NULL,NULL),(32,32,'S 876O Northpoint Way NW',876,'O','S','Northpoint','Way','NW',NULL,'Churchgate',NULL,NULL,'Lisbon',1,1033,NULL,'58054',NULL,1228,1,46.43383,-97.67678,NULL,NULL),(33,33,'E 956A Cadell Way W',956,'A','E','Cadell','Way','W',NULL,'Attn: Accounting',NULL,NULL,'Pineville',1,1032,NULL,'28134',NULL,1228,1,35.086017,-80.89034,NULL,NULL),(34,34,'W 36T Dowlen Way N',36,'T','W','Dowlen','Way','N',NULL,'Receiving',NULL,NULL,'West Louisville',1,1016,NULL,'42377',NULL,1228,1,37.745491,-87.112823,NULL,NULL),(35,35,NULL,NULL,NULL,NULL,NULL,NULL,NULL,NULL,NULL,NULL,NULL,'Colorado Springs',1,1005,NULL,'80916',NULL,1228,1,38.808934,-104.73823,NULL,NULL),(36,36,'SE 386A States Blvd N',386,'A','SE','States','Blvd','N',NULL,'Receiving',NULL,NULL,'Omaha',1,1026,NULL,'68114',NULL,1228,1,41.264531,-96.04798,NULL,NULL),(37,37,'N 355H Woodbridge Path NE',355,'H','N','Woodbridge','Path','NE',NULL,'Churchgate',NULL,NULL,'Pointe Aux Pins',1,1021,NULL,'49775',NULL,1228,1,45.758378,-84.46507,NULL,NULL),(38,38,'S 421M College Rd NW',421,'M','S','College','Rd','NW',NULL,'C/o PO Plus',NULL,NULL,'Atlanta',1,1009,NULL,'30364',NULL,1228,1,33.844371,-84.47405,NULL,NULL),(39,39,'NW 91P States Rd S',91,'P','NW','States','Rd','S',NULL,'Attn: Accounting',NULL,NULL,'Higgins',1,1042,NULL,'79046',NULL,1228,1,36.113986,-100.09235,NULL,NULL),(40,40,NULL,NULL,NULL,NULL,NULL,NULL,NULL,NULL,NULL,NULL,NULL,'Washington',1,1050,NULL,'20504',NULL,1228,1,38.893311,-77.014647,NULL,NULL),(41,41,'NE 136U Jackson Rd NW',136,'U','NE','Jackson','Rd','NW',NULL,'Urgent',NULL,NULL,'Wentworth',1,1028,NULL,'03282',NULL,1228,1,43.874357,-71.91765,NULL,NULL),(42,42,'NW 723O Northpoint Ln NW',723,'O','NW','Northpoint','Ln','NW',NULL,'Urgent',NULL,NULL,'Gap',1,1037,NULL,'17527',NULL,1228,1,40.008814,-75.99195,NULL,NULL),(43,43,'SW 780V Dowlen St NW',780,'V','SW','Dowlen','St','NW',NULL,'Community Relations',NULL,NULL,'South Haven',1,1022,NULL,'55382',NULL,1228,1,45.299358,-94.19821,NULL,NULL),(44,44,'E 42K Beech Ave W',42,'K','E','Beech','Ave','W',NULL,'Urgent',NULL,NULL,'Orkney Springs',1,1045,NULL,'22845',NULL,1228,1,38.788499,-78.81488,NULL,NULL),(45,45,NULL,NULL,NULL,NULL,NULL,NULL,NULL,NULL,NULL,NULL,NULL,'Boston',1,1009,NULL,'31626',NULL,1228,1,30.782963,-83.78882,NULL,NULL),(46,46,'S 581L College Way SW',581,'L','S','College','Way','SW',NULL,'Churchgate',NULL,NULL,'Hazlehurst',1,1023,NULL,'39083',NULL,1228,1,31.841281,-90.42995,NULL,NULL),(47,47,'NW 668U Jackson Path SE',668,'U','NW','Jackson','Path','SE',NULL,'Disbursements',NULL,NULL,'Miami',1,1008,NULL,'33130',NULL,1228,1,25.768277,-80.20339,NULL,NULL),(48,48,'W 149B Northpoint St SW',149,'B','W','Northpoint','St','SW',NULL,'Donor Relations',NULL,NULL,'Rumely',1,1021,NULL,'49826',NULL,1228,1,46.364395,-86.99621,NULL,NULL),(49,49,'SE 323Q Maple St SW',323,'Q','SE','Maple','St','SW',NULL,'C/o OPDC',NULL,NULL,'Baton Rouge',1,1017,NULL,'70831',NULL,1228,1,30.51589,-91.080373,NULL,NULL),(50,50,NULL,NULL,NULL,NULL,NULL,NULL,NULL,NULL,NULL,NULL,NULL,'Harpswell',1,1018,NULL,'04079',NULL,1228,1,43.797398,-69.95217,NULL,NULL),(51,51,'SE 679Q Green Dr W',679,'Q','SE','Green','Dr','W',NULL,'Payables Dept.',NULL,NULL,'Heppner',1,1036,NULL,'97836',NULL,1228,1,45.343509,-119.53938,NULL,NULL),(52,52,'SE 218E Lincoln St SW',218,'E','SE','Lincoln','St','SW',NULL,'C/o PO Plus',NULL,NULL,'Le Grand',1,1014,NULL,'50142',NULL,1228,1,42.00533,-92.77525,NULL,NULL),(53,53,'S 836U States St N',836,'U','S','States','St','N',NULL,'Payables Dept.',NULL,NULL,'Elizaville',1,1031,NULL,'12523',NULL,1228,1,42.080964,-73.77856,NULL,NULL),(54,54,'W 591B Northpoint Rd N',591,'B','W','Northpoint','Rd','N',NULL,'C/o PO Plus',NULL,NULL,'Amarillo',1,1042,NULL,'79165',NULL,1228,1,35.401475,-101.895089,NULL,NULL),(55,55,NULL,NULL,NULL,NULL,NULL,NULL,NULL,NULL,NULL,NULL,NULL,'Aroda',1,1045,NULL,'22709',NULL,1228,1,38.312548,-78.23622,NULL,NULL),(56,56,'NE 989Q El Camino Ln NE',989,'Q','NE','El Camino','Ln','NE',NULL,'C/o OPDC',NULL,NULL,'New Haven',1,1006,NULL,'06513',NULL,1228,1,41.315797,-72.8803,NULL,NULL),(57,57,'SW 438E Dowlen Blvd S',438,'E','SW','Dowlen','Blvd','S',NULL,'Attn: Development',NULL,NULL,'Trinity',1,1032,NULL,'27370',NULL,1228,1,35.843856,-79.9849,NULL,NULL),(58,58,'NE 743K El Camino Rd S',743,'K','NE','El Camino','Rd','S',NULL,'Urgent',NULL,NULL,'Milwaukee',1,1048,NULL,'53226',NULL,1228,1,43.048545,-88.04239,NULL,NULL),(59,59,'S 768U Van Ness St N',768,'U','S','Van Ness','St','N',NULL,'Mailstop 101',NULL,NULL,'West Newbury',1,1044,NULL,'05085',NULL,1228,1,44.062646,-72.13946,NULL,NULL),(60,60,NULL,NULL,NULL,NULL,NULL,NULL,NULL,NULL,NULL,NULL,NULL,'Franklin',1,1029,NULL,'07416',NULL,1228,1,41.11736,-74.58784,NULL,NULL),(61,61,'S 562K Maple Path NW',562,'K','S','Maple','Path','NW',NULL,'Churchgate',NULL,NULL,'Jackson',1,1023,NULL,'39209',NULL,1228,1,32.325512,-90.25709,NULL,NULL),(62,62,'W 347F Lincoln Path SW',347,'F','W','Lincoln','Path','SW',NULL,'Mailstop 101',NULL,NULL,'Queen Creek',1,1002,NULL,'85242',NULL,1228,1,33.227266,-111.61087,NULL,NULL),(63,63,'E 147J Caulder Way SW',147,'J','E','Caulder','Way','SW',NULL,'Donor Relations',NULL,NULL,'Old Lyme',1,1006,NULL,'06371',NULL,1228,1,41.339421,-72.31008,NULL,NULL),(64,64,'NE 703A El Camino Ln W',703,'A','NE','El Camino','Ln','W',NULL,'Urgent',NULL,NULL,'Port Lavaca',1,1042,NULL,'77979',NULL,1228,1,28.604717,-96.63023,NULL,NULL),(65,65,NULL,NULL,NULL,NULL,NULL,NULL,NULL,NULL,NULL,NULL,NULL,'Leaf River',1,1012,NULL,'61047',NULL,1228,1,42.139244,-89.3968,NULL,NULL),(66,66,'NW 225R Pine Blvd SW',225,'R','NW','Pine','Blvd','SW',NULL,'Editorial Dept',NULL,NULL,'Rochester',1,1031,NULL,'14645',NULL,1228,1,43.286024,-77.684264,NULL,NULL),(67,67,'W 819M Lincoln Ave SE',819,'M','W','Lincoln','Ave','SE',NULL,'Attn: Development',NULL,NULL,'Beverly',1,1016,NULL,'40913',NULL,1228,1,36.942094,-83.53262,NULL,NULL),(68,68,'SE 311V Caulder Pl NE',311,'V','SE','Caulder','Pl','NE',NULL,'C/o PO Plus',NULL,NULL,'Genoa',1,1034,NULL,'43430',NULL,1228,1,41.523309,-83.37072,NULL,NULL),(69,69,'N 225Q Jackson St NE',225,'Q','N','Jackson','St','NE',NULL,'Attn: Accounting',NULL,NULL,'Tampa',1,1008,NULL,'33621',NULL,1228,1,27.855078,-82.52464,NULL,NULL),(70,70,NULL,NULL,NULL,NULL,NULL,NULL,NULL,NULL,NULL,NULL,NULL,'Lakota',1,1033,NULL,'58344',NULL,1228,1,48.021136,-98.33502,NULL,NULL),(71,71,'N 625M Northpoint St SE',625,'M','N','Northpoint','St','SE',NULL,'Payables Dept.',NULL,NULL,'Tacoma',1,1046,NULL,'98477',NULL,1228,1,47.066193,-122.113223,NULL,NULL),(72,72,'NW 646B Jackson Ave S',646,'B','NW','Jackson','Ave','S',NULL,'Community Relations',NULL,NULL,'Milton Center',1,1034,NULL,'43541',NULL,1228,1,41.301347,-83.82923,NULL,NULL),(73,73,'N 491G Pine Dr SW',491,'G','N','Pine','Dr','SW',NULL,'Disbursements',NULL,NULL,'Laurel',1,1023,NULL,'39442',NULL,1228,1,31.682254,-89.040622,NULL,NULL),(74,74,'NW 609U Northpoint Pl N',609,'U','NW','Northpoint','Pl','N',NULL,'Receiving',NULL,NULL,'Gueydan',1,1017,NULL,'70542',NULL,1228,1,30.005408,-92.54417,NULL,NULL),(75,75,NULL,NULL,NULL,NULL,NULL,NULL,NULL,NULL,NULL,NULL,NULL,'Wanakena',1,1031,NULL,'13695',NULL,1228,1,44.140791,-74.912493,NULL,NULL),(76,76,'S 244C Bay Pl SE',244,'C','S','Bay','Pl','SE',NULL,'Mailstop 101',NULL,NULL,'Telogia',1,1008,NULL,'32360',NULL,1228,1,30.184365,-84.88355,NULL,NULL),(77,77,'SW 962N Maple Dr SE',962,'N','SW','Maple','Dr','SE',NULL,'C/o PO Plus',NULL,NULL,'Poole',1,1016,NULL,'42444',NULL,1228,1,37.641689,-87.63786,NULL,NULL),(78,78,'S 454K College Rd NW',454,'K','S','College','Rd','NW',NULL,'Cuffe Parade',NULL,NULL,'Gainesville',1,1024,NULL,'65655',NULL,1228,1,36.606281,-92.43342,NULL,NULL),(79,79,'SE 412F Caulder Blvd S',412,'F','SE','Caulder','Blvd','S',NULL,'Community Relations',NULL,NULL,'Rock Springs',1,1048,NULL,'53961',NULL,1228,1,43.469055,-89.93827,NULL,NULL),(80,80,NULL,NULL,NULL,NULL,NULL,NULL,NULL,NULL,NULL,NULL,NULL,'Emerald Isle',1,1032,NULL,'28954',NULL,1228,1,34.673805,-76.97842,NULL,NULL),(81,81,'SW 213I Beech Ave S',213,'I','SW','Beech','Ave','S',NULL,'Mailstop 101',NULL,NULL,'Remus',1,1021,NULL,'49340',NULL,1228,1,43.617313,-85.09604,NULL,NULL),(82,82,'SW 847W Lincoln Way SW',847,'W','SW','Lincoln','Way','SW',NULL,'Editorial Dept',NULL,NULL,'San Francisco',1,1004,NULL,'94133',NULL,1228,1,37.801878,-122.41018,NULL,NULL),(83,83,'S 662B Northpoint Rd W',662,'B','S','Northpoint','Rd','W',NULL,'Mailstop 101',NULL,NULL,'Mason',1,1041,NULL,'38049',NULL,1228,1,35.391363,-89.53988,NULL,NULL),(84,84,'W 777A Pine Ln N',777,'A','W','Pine','Ln','N',NULL,'Receiving',NULL,NULL,'Birmingham',1,1000,NULL,'35212',NULL,1228,1,33.542004,-86.74896,NULL,NULL),(85,85,NULL,NULL,NULL,NULL,NULL,NULL,NULL,NULL,NULL,NULL,NULL,'Pansey',1,1000,NULL,'36370',NULL,1228,1,31.141962,-85.15675,NULL,NULL),(86,86,'SE 208F Beech Way S',208,'F','SE','Beech','Way','S',NULL,'Editorial Dept',NULL,NULL,'Brenton',1,1047,NULL,'24818',NULL,1228,1,37.594959,-81.62947,NULL,NULL),(87,87,'S 14S El Camino Way E',14,'S',NULL,'El Camino','Way',NULL,NULL,NULL,NULL,NULL,'Collinsville',NULL,1006,NULL,'6022',NULL,1228,1,41.8328,-72.9253,NULL,NULL),(88,88,'E 11B Woodbridge Path SW',11,'B',NULL,'Woodbridge','Path',NULL,NULL,NULL,NULL,NULL,'Dayton',NULL,1034,NULL,'45417',NULL,1228,1,39.7531,-84.2471,NULL,NULL),(89,89,'E 581O Lincoln Dr SW',581,'O',NULL,'Lincoln','Dr',NULL,NULL,NULL,NULL,NULL,'Santa Fe',NULL,1030,NULL,'87594',NULL,1228,1,35.5212,-105.982,NULL,NULL);
UNLOCK TABLES;
/*!40000 ALTER TABLE `civicrm_address` ENABLE KEYS */;

--
-- Dumping data for table `civicrm_case`
--


/*!40000 ALTER TABLE `civicrm_case` DISABLE KEYS */;
LOCK TABLES `civicrm_case` WRITE;
UNLOCK TABLES;
/*!40000 ALTER TABLE `civicrm_case` ENABLE KEYS */;

--
-- Dumping data for table `civicrm_case_activity`
--


/*!40000 ALTER TABLE `civicrm_case_activity` DISABLE KEYS */;
LOCK TABLES `civicrm_case_activity` WRITE;
UNLOCK TABLES;
/*!40000 ALTER TABLE `civicrm_case_activity` ENABLE KEYS */;

--
-- Dumping data for table `civicrm_contact`
--


/*!40000 ALTER TABLE `civicrm_contact` DISABLE KEYS */;
LOCK TABLES `civicrm_contact` WRITE;
INSERT INTO `civicrm_contact` (`nick_name`, `domain_id`, `contact_type`, `do_not_email`, `do_not_phone`, `do_not_mail`, `contact_sub_type`, `legal_identifier`, `external_identifier`, `sort_name`, `display_name`, `home_URL`, `image_URL`, `preferred_communication_method`, `preferred_mail_format`, `do_not_trade`, `hash`, `is_opt_out`, `id`, `source`) VALUES (NULL,1,'Organization',0,0,0,NULL,NULL,NULL,'Inner City Arts','Inner City Arts',NULL,NULL,'4','Both',0,'1902067651',0,1,NULL),(NULL,1,'Individual',1,1,0,NULL,NULL,NULL,'Samuels, Anne','Dr Anne U Samuels Jr',NULL,NULL,'1','Both',1,'-650382379',0,2,NULL),(NULL,1,'Household',1,0,0,NULL,NULL,NULL,'Chris Zope\'s home','Chris Zope\'s home',NULL,NULL,'5','Both',0,'-627753471',0,3,NULL),(NULL,1,'Individual',0,0,0,NULL,NULL,NULL,'Smith, Donald','Mr Donald T Smith Jr',NULL,NULL,'1','Both',1,'-1040344938',0,4,NULL),(NULL,1,'Organization',0,0,0,NULL,NULL,NULL,'Social Source Foundation  ','Social Source Foundation  ',NULL,NULL,'1','Both',1,'2066676426',0,5,NULL),(NULL,1,'Household',0,1,0,NULL,NULL,NULL,'Michelle Reynolds\'s home','Michelle Reynolds\'s home',NULL,NULL,'1','Both',0,'353555485',0,6,NULL),(NULL,1,'Organization',1,1,0,NULL,NULL,NULL,'Compasspoint  ','Compasspoint  ',NULL,NULL,'3','Both',1,'-1531408',0,7,NULL),(NULL,1,'Individual',0,0,0,NULL,NULL,NULL,'Adams, Jennifer','Ms Jennifer Z Adams Jr',NULL,NULL,'4','Both',1,'1034945274',0,8,NULL),(NULL,1,'Household',0,1,0,NULL,NULL,NULL,'Sam Smith\'s home','Sam Smith\'s home',NULL,NULL,'1','Both',1,'996133972',0,9,NULL),(NULL,1,'Individual',1,1,0,NULL,NULL,NULL,'Samuels, Monica','Ms Monica L Samuels Sr',NULL,NULL,'5','Both',0,'-1359011779',0,10,NULL),(NULL,1,'Individual',1,1,0,NULL,NULL,NULL,'Grant, Chris','Mrs Chris E Grant Jr',NULL,NULL,'4','Both',1,'-540524851',0,11,NULL),(NULL,1,'Organization',0,0,0,NULL,NULL,NULL,'Inner City  ','Inner City  ',NULL,NULL,'5','Both',0,'550937833',0,12,NULL),(NULL,1,'Individual',0,0,0,NULL,NULL,NULL,'Roberts, Purvi','Mr Purvi H Roberts Jr',NULL,NULL,'2','Both',1,'-676949385',0,13,NULL),(NULL,1,'Individual',1,0,0,NULL,NULL,NULL,'Yadav, Sheila','Mr Sheila Q Yadav Jr',NULL,NULL,'1','Both',0,'-1791827588',0,14,NULL),(NULL,1,'Individual',1,1,0,NULL,NULL,NULL,'Jones, Michelle','Mrs Michelle D Jones Jr',NULL,NULL,'1','Both',0,'1726725585',0,15,NULL),(NULL,1,'Individual',0,0,0,NULL,NULL,NULL,'Reynolds, Sandy','Ms Sandy X Reynolds Sr',NULL,NULL,'2','Both',1,'-1215411181',0,16,NULL),(NULL,1,'Individual',0,0,0,NULL,NULL,NULL,'Reynolds, Monica','Ms Monica G Reynolds Sr',NULL,NULL,'3','Both',0,'1386726867',0,17,NULL),(NULL,1,'Individual',0,0,0,NULL,NULL,NULL,'Adams, Pat','Mrs Pat T Adams Jr',NULL,NULL,'5','Both',1,'198871655',0,18,NULL),(NULL,1,'Individual',0,1,0,NULL,NULL,NULL,'Smith, Chris','Mrs Chris H Smith Sr',NULL,NULL,'3','Both',1,'-319458244',0,19,NULL),(NULL,1,'Individual',0,0,0,NULL,NULL,NULL,'Adams, Raymond','Mr Raymond S Adams Jr',NULL,NULL,'5','Both',0,'-746852386',0,20,NULL),(NULL,1,'Individual',0,1,0,NULL,NULL,NULL,'Smith, Milan','Mr Milan P Smith Jr',NULL,NULL,'5','Both',0,'1444857235',0,21,NULL),(NULL,1,'Individual',0,0,0,NULL,NULL,NULL,'Smith, Tony','Mr Tony L Smith Jr',NULL,NULL,'1','Both',0,'-1431478770',0,22,NULL),(NULL,1,'Individual',0,1,0,NULL,NULL,NULL,'Roberts, Purvi','Mr Purvi M Roberts Sr',NULL,NULL,'5','Both',0,'-676949385',0,23,NULL),(NULL,1,'Household',0,1,0,NULL,NULL,NULL,'Pat Samuels\'s home','Pat Samuels\'s home',NULL,NULL,'3','Both',1,'-1931841552',0,24,NULL),(NULL,1,'Individual',0,0,0,NULL,NULL,NULL,'Reynolds, Michelle','Dr Michelle P Reynolds Sr',NULL,NULL,'5','Both',1,'1003459100',0,25,NULL),(NULL,1,'Individual',0,0,0,NULL,NULL,NULL,'Yadav, Purvi','Dr Purvi L Yadav Jr',NULL,NULL,'1','Both',0,'-1018481415',0,26,NULL),(NULL,1,'Individual',1,0,0,NULL,NULL,NULL,'Roberts, Franklin','Ms Franklin S Roberts Jr',NULL,NULL,'3','Both',1,'-1922202241',0,27,NULL),(NULL,1,'Organization',1,0,0,NULL,NULL,NULL,'Compasspoint  ','Compasspoint  ',NULL,NULL,'3','Both',0,'-1531408',0,28,NULL),(NULL,1,'Individual',0,1,0,NULL,NULL,NULL,'Jones, Melinda','Dr Melinda I Jones Jr',NULL,NULL,'4','Both',1,'369050114',0,29,NULL),(NULL,1,'Individual',1,0,0,NULL,NULL,NULL,'Patel, Melinda','Ms Melinda X Patel Sr',NULL,NULL,'3','Both',1,'1796634557',0,30,NULL),(NULL,1,'Individual',0,1,0,NULL,NULL,NULL,'Zope, Tony','Dr Tony J Zope Jr',NULL,NULL,'2','Both',1,'-548097216',0,31,NULL),(NULL,1,'Individual',0,1,0,NULL,NULL,NULL,'chowski, Dan','Mr Dan P chowski Jr',NULL,NULL,'1','Both',0,'-182316778',0,32,NULL),(NULL,1,'Household',0,1,0,NULL,NULL,NULL,'Bill Zope\'s home','Bill Zope\'s home',NULL,NULL,'3','Both',0,'-1613537285',0,33,NULL),(NULL,1,'Individual',0,0,0,NULL,NULL,NULL,'Roberts, Franklin','Mr Franklin B Roberts Jr',NULL,NULL,'2','Both',0,'-1922202241',0,34,NULL),(NULL,1,'Individual',1,0,0,NULL,NULL,NULL,'Roberts, Jennifer','Mr Jennifer U Roberts Sr',NULL,NULL,'5','Both',1,'-1765286213',0,35,NULL),(NULL,1,'Individual',1,1,0,NULL,NULL,NULL,'Patel, Sam','Ms Sam T Patel Sr',NULL,NULL,'4','Both',1,'439939585',0,36,NULL),(NULL,1,'Individual',0,0,0,NULL,NULL,NULL,'Roberts, Michelle','Mrs Michelle C Roberts Sr',NULL,NULL,'4','Both',0,'2100059976',0,37,NULL),(NULL,1,'Individual',0,0,0,NULL,NULL,NULL,'Smith, Brzczysaw','Dr Brzczysaw D Smith Jr',NULL,NULL,'1','Both',0,'-530646570',0,38,NULL),(NULL,1,'Individual',1,0,0,NULL,NULL,NULL,'Yadav, Brzczysaw','Ms Brzczysaw M Yadav Sr',NULL,NULL,'4','Both',0,'-2123154528',0,39,NULL),(NULL,1,'Individual',0,1,0,NULL,NULL,NULL,'Jameson, Alice','Dr Alice L Jameson Sr',NULL,NULL,'3','Both',0,'1916268557',0,40,NULL),(NULL,1,'Individual',1,1,0,NULL,NULL,NULL,'chowski, Jennifer','Ms Jennifer L chowski Jr',NULL,NULL,'5','Both',0,'-132686505',0,41,NULL),(NULL,1,'Individual',0,1,0,NULL,NULL,NULL,'Reynolds, Donald','Dr Donald M Reynolds Sr',NULL,NULL,'2','Both',0,'-1941361181',0,42,NULL),(NULL,1,'Household',1,0,0,NULL,NULL,NULL,'Monica Yadav\'s home','Monica Yadav\'s home',NULL,NULL,'2','Both',1,'1238891419',0,43,NULL),(NULL,1,'Individual',0,1,0,NULL,NULL,NULL,'Samuels, Pat','Mrs Pat T Samuels Jr',NULL,NULL,'3','Both',1,'-2049092264',0,44,NULL),(NULL,1,'Individual',1,1,0,NULL,NULL,NULL,'Smith, Michael','Mrs Michael J Smith Sr',NULL,NULL,'1','Both',0,'1479640816',0,45,NULL),(NULL,1,'Individual',0,0,0,NULL,NULL,NULL,'Yadav, Monica','Dr Monica Q Yadav Jr',NULL,NULL,'4','Both',1,'1314374985',0,46,NULL),(NULL,1,'Individual',0,1,0,NULL,NULL,NULL,'Yadav, Rebecca','Mr Rebecca U Yadav Jr',NULL,NULL,'3','Both',1,'1793388488',0,47,NULL),(NULL,1,'Individual',0,0,0,NULL,NULL,NULL,'Smith, Pat','Dr Pat P Smith Sr',NULL,NULL,'1','Both',1,'-862954215',0,48,NULL),(NULL,1,'Household',0,0,0,NULL,NULL,NULL,'Rebecca Yadav\'s home','Rebecca Yadav\'s home',NULL,NULL,'3','Both',1,'508419722',0,49,NULL),(NULL,1,'Individual',1,0,0,NULL,NULL,NULL,'Smith, Rebecca','Mrs Rebecca B Smith Jr',NULL,NULL,'2','Both',1,'1509971092',0,50,NULL),(NULL,1,'Organization',1,1,0,NULL,NULL,NULL,'Project Open Hand  ','Project Open Hand  ',NULL,NULL,'1','Both',0,'22493331',0,51,NULL),(NULL,1,'Individual',0,0,0,NULL,NULL,NULL,'Yadav, Milan','Dr Milan M Yadav Sr',NULL,NULL,'2','Both',1,'-861204318',0,52,NULL),(NULL,1,'Individual',0,0,0,NULL,NULL,NULL,'Samuels, Michael','Ms Michael L Samuels Sr',NULL,NULL,'4','Both',1,'1063067756',0,53,NULL),(NULL,1,'Individual',0,0,0,NULL,NULL,NULL,'Jones, Rebecca','Mr Rebecca B Jones Sr',NULL,NULL,'4','Both',0,'907455080',0,54,NULL),(NULL,1,'Individual',1,1,0,NULL,NULL,NULL,'Jones, Anne','Mrs Anne A Jones Sr',NULL,NULL,'5','Both',1,'-1202818592',0,55,NULL),(NULL,1,'Individual',1,0,0,NULL,NULL,NULL,'Samuels, Pat','Ms Pat N Samuels Sr',NULL,NULL,'2','Both',1,'-2049092264',0,56,NULL),(NULL,1,'Household',1,0,0,NULL,NULL,NULL,'Purvi Roberts\'s home','Purvi Roberts\'s home',NULL,NULL,'3','Both',1,'-1632396727',0,57,NULL),(NULL,1,'Individual',1,1,0,NULL,NULL,NULL,'Smith, Tony','Ms Tony I Smith Sr',NULL,NULL,'4','Both',0,'-1431478770',0,58,NULL),(NULL,1,'Household',1,1,0,NULL,NULL,NULL,'Purvi Yadav\'s home','Purvi Yadav\'s home',NULL,NULL,'4','Both',1,'1374053976',0,59,NULL),(NULL,1,'Household',0,1,0,NULL,NULL,NULL,'Dan Roberts\'s home','Dan Roberts\'s home',NULL,NULL,'5','Both',1,'-760959784',0,60,NULL),(NULL,1,'Individual',0,0,0,NULL,NULL,NULL,'Roberts, Brzczysaw','Mr Brzczysaw L Roberts Sr',NULL,NULL,'5','Both',1,'-603753726',0,61,NULL),(NULL,1,'Household',1,1,0,NULL,NULL,NULL,'Andrew Reynolds\'s home','Andrew Reynolds\'s home',NULL,NULL,'3','Both',1,'388593660',0,62,NULL),(NULL,1,'Individual',1,0,0,NULL,NULL,NULL,'Smith, Milan','Mr Milan V Smith Jr',NULL,NULL,'5','Both',0,'1444857235',0,63,NULL),(NULL,1,'Organization',0,0,0,NULL,NULL,NULL,'Intel  ','Intel  ',NULL,NULL,'5','Both',0,'-1853032722',0,64,NULL),(NULL,1,'Individual',0,0,0,NULL,NULL,NULL,'Adams, Anne','Dr Anne I Adams Jr',NULL,NULL,'1','Both',1,'1876154679',0,65,NULL),(NULL,1,'Individual',1,1,0,NULL,NULL,NULL,'chowski, Monica','Dr Monica L chowski Jr',NULL,NULL,'3','Both',0,'-904981891',0,66,NULL),(NULL,1,'Individual',1,1,0,NULL,NULL,NULL,'Patel, Bill','Mrs Bill X Patel Sr',NULL,NULL,'5','Both',0,'515283609',0,67,NULL),(NULL,1,'Individual',1,1,0,NULL,NULL,NULL,'Jones, Tony','Mr Tony Q Jones Jr',NULL,NULL,'2','Both',0,'-901062603',0,68,NULL),(NULL,1,'Individual',1,1,0,NULL,NULL,NULL,'Jameson, Dan','Mrs Dan K Jameson Sr',NULL,NULL,'4','Both',0,'1788150246',0,69,NULL),(NULL,1,'Individual',1,1,0,NULL,NULL,NULL,'Smith, Sam','Dr Sam D Smith Sr',NULL,NULL,'2','Both',1,'-1430434944',0,70,NULL),(NULL,1,'Individual',0,1,0,NULL,NULL,NULL,'Adams, Anne','Ms Anne W Adams Jr',NULL,NULL,'1','Both',0,'1876154679',0,71,NULL),(NULL,1,'Individual',1,0,0,NULL,NULL,NULL,'Zope, Bill','Ms Bill D Zope Sr',NULL,NULL,'4','Both',0,'-247447080',0,72,NULL),(NULL,1,'Individual',0,1,0,NULL,NULL,NULL,'Smith, Tony','Mr Tony L Smith Jr',NULL,NULL,'3','Both',0,'-1431478770',0,73,NULL),(NULL,1,'Individual',0,0,0,NULL,NULL,NULL,'Patel, Michael','Dr Michael O Patel Sr',NULL,NULL,'4','Both',0,'1255034291',0,74,NULL),(NULL,1,'Individual',0,0,0,NULL,NULL,NULL,'Zope, Melinda','Dr Melinda A Zope Sr',NULL,NULL,'4','Both',1,'744282968',0,75,NULL),(NULL,1,'Individual',0,1,0,NULL,NULL,NULL,'Jones, Andrew','Ms Andrew Q Jones Sr',NULL,NULL,'1','Both',1,'-1734724069',0,76,NULL),(NULL,1,'Individual',0,0,0,NULL,NULL,NULL,'Adams, Alice','Mrs Alice L Adams Jr',NULL,NULL,'2','Both',1,'-1374391036',0,77,NULL),(NULL,1,'Organization',1,1,0,NULL,NULL,NULL,'Conservation Corp  ','Conservation Corp  ',NULL,NULL,'2','Both',1,'1902067651',0,78,NULL),(NULL,1,'Individual',0,1,0,NULL,NULL,NULL,'Zope, Raymond','Mrs Raymond E Zope Jr',NULL,NULL,'2','Both',0,'-1971417858',0,79,NULL),(NULL,1,'Individual',0,1,0,NULL,NULL,NULL,'Zope, Chris','Mr Chris P Zope Jr',NULL,NULL,'4','Both',0,'2112151878',0,80,NULL),(NULL,1,'Individual',0,0,0,NULL,NULL,NULL,'Reynolds, Andrew','Mrs Andrew F Reynolds Sr',NULL,NULL,'4','Both',1,'-985296326',0,81,NULL),(NULL,1,'Individual',0,1,0,NULL,NULL,NULL,'Smith, Rebecca','Mr Rebecca Z Smith Sr',NULL,NULL,'5','Both',0,'1509971092',0,82,NULL),(NULL,1,'Individual',1,0,0,NULL,NULL,NULL,'Samuels, Donald','Dr Donald O Samuels Jr',NULL,NULL,'5','Both',1,'1880213517',0,83,NULL),(NULL,1,'Individual',0,0,0,NULL,NULL,NULL,'Jameson, Melinda','Dr Melinda V Jameson Sr',NULL,NULL,'4','Both',1,'961128637',0,84,NULL),(NULL,1,'Individual',1,1,0,NULL,NULL,NULL,'Adams, Sheila','Mr Sheila Z Adams Jr',NULL,NULL,'3','Both',1,'-1033246120',0,85,NULL),(NULL,1,'Household',0,1,0,NULL,NULL,NULL,'Rebecca Smith\'s home','Rebecca Smith\'s home',NULL,NULL,'2','Both',1,'-2064118853',0,86,NULL),(NULL,1,'Individual',1,0,0,NULL,NULL,NULL,'Yadav, Franklin','Ms Franklin H Yadav Jr',NULL,NULL,'5','Both',1,'1075852875',0,87,NULL),(NULL,1,'Individual',1,0,0,NULL,NULL,NULL,'Roberts, Dan','Ms Dan C Roberts Sr',NULL,NULL,'4','Both',1,'-708365440',0,88,NULL),(NULL,1,'Organization',1,0,0,NULL,NULL,NULL,'Working Assets  ','Working Assets  ',NULL,NULL,'3','Both',0,'-740887779',0,89,NULL),(NULL,1,'Individual',0,1,0,NULL,NULL,NULL,'Reynolds, Chris','Mrs Chris R Reynolds Jr',NULL,NULL,'4','Both',1,'-366913188',0,90,NULL),(NULL,1,'Individual',0,1,0,NULL,NULL,NULL,'Patel, Pat','Dr Pat V Patel Jr',NULL,NULL,'5','Both',0,'2081809560',0,91,NULL),(NULL,1,'Individual',0,1,0,NULL,NULL,NULL,'Jameson, Brzczysaw','Dr Brzczysaw Y Jameson Sr',NULL,NULL,'4','Both',1,'-1056758637',0,92,NULL),(NULL,1,'Organization',1,0,0,NULL,NULL,NULL,'Magic Bus  ','Magic Bus  ',NULL,NULL,'2','Both',0,'-2069559523',0,93,NULL),(NULL,1,'Household',0,0,0,NULL,NULL,NULL,'Tony Zope\'s home','Tony Zope\'s home',NULL,NULL,'5','Both',0,'1087966487',0,94,NULL),(NULL,1,'Organization',0,0,0,NULL,NULL,NULL,'Inner City  ','Inner City  ',NULL,NULL,'2','Both',1,'550937833',0,95,NULL),(NULL,1,'Individual',1,0,0,NULL,NULL,NULL,'Samuels, Chris','Dr Chris O Samuels Sr',NULL,NULL,'2','Both',0,'189582087',0,96,NULL),(NULL,1,'Individual',0,1,0,NULL,NULL,NULL,'Grant, Bill','Dr Bill L Grant Sr',NULL,NULL,'1','Both',1,'-1158760197',0,97,NULL),(NULL,1,'Household',1,0,0,NULL,NULL,NULL,'Rebecca Smith\'s home','Rebecca Smith\'s home',NULL,NULL,'2','Both',1,'-2064118853',0,98,NULL),(NULL,1,'Individual',1,1,0,NULL,NULL,NULL,'Zope, Jennifer','Mrs Jennifer I Zope Sr',NULL,NULL,'2','Both',0,'109520721',0,99,NULL),(NULL,1,'Household',0,1,0,NULL,NULL,NULL,'Monica Reynolds\'s home','Monica Reynolds\'s home',NULL,NULL,'4','Both',1,'1034474378',0,100,NULL),(NULL,1,'Individual',0,1,0,NULL,NULL,NULL,'Reynolds, Sheila','Dr Sheila K Reynolds Jr',NULL,NULL,'4','Both',1,'-1983716890',0,101,NULL);
UNLOCK TABLES;
/*!40000 ALTER TABLE `civicrm_contact` ENABLE KEYS */;

--
-- Dumping data for table `civicrm_contribution`
--


/*!40000 ALTER TABLE `civicrm_contribution` DISABLE KEYS */;
LOCK TABLES `civicrm_contribution` WRITE;
INSERT INTO `civicrm_contribution` (`id`, `domain_id`, `contact_id`, `solicitor_id`, `contribution_type_id`, `contribution_page_id`, `payment_instrument_id`, `receive_date`, `non_deductible_amount`, `total_amount`, `fee_amount`, `net_amount`, `trxn_id`, `invoice_id`, `currency`, `cancel_date`, `cancel_reason`, `receipt_date`, `thankyou_date`, `source`, `amount_level`, `contribution_recur_id`, `honor_contact_id`, `is_test`, `contribution_status_id`) VALUES (1,1,2,NULL,1,NULL,4,'2007-04-11 00:00:00','0.00','125.00',NULL,NULL,'check #1041',NULL,'USD',NULL,NULL,NULL,NULL,'Apr 2007 Mailer 1',NULL,NULL,NULL,0,1),(2,1,4,NULL,1,NULL,1,'2007-03-21 00:00:00','0.00','50.00',NULL,NULL,'P20901X1',NULL,'USD',NULL,NULL,NULL,NULL,'Online: Save the Penguins',NULL,NULL,NULL,0,1),(3,1,6,NULL,1,NULL,4,'2007-04-29 00:00:00','0.00','25.00',NULL,NULL,'check #2095',NULL,'USD',NULL,NULL,NULL,NULL,'Apr 2007 Mailer 1',NULL,NULL,NULL,0,1),(4,1,8,NULL,1,NULL,4,'2007-04-11 00:00:00','0.00','50.00',NULL,NULL,'check #10552',NULL,'USD',NULL,NULL,NULL,NULL,'Apr 2007 Mailer 1',NULL,NULL,NULL,0,1),(5,1,16,NULL,1,NULL,4,'2007-04-15 00:00:00','0.00','500.00',NULL,NULL,'check #509',NULL,'USD',NULL,NULL,NULL,NULL,'Apr 2007 Mailer 1',NULL,NULL,NULL,0,1),(6,1,19,NULL,1,NULL,4,'2007-04-11 00:00:00','0.00','175.00',NULL,NULL,'check #102',NULL,'USD',NULL,NULL,NULL,NULL,'Apr 2007 Mailer 1',NULL,NULL,NULL,0,1),(7,1,82,NULL,1,NULL,1,'2007-03-27 00:00:00','0.00','50.00',NULL,NULL,'P20193L2',NULL,'USD',NULL,NULL,NULL,NULL,'Online: Save the Penguins',NULL,NULL,NULL,0,1),(8,1,92,NULL,1,NULL,1,'2007-03-08 00:00:00','0.00','10.00',NULL,NULL,'P40232Y3',NULL,'USD',NULL,NULL,NULL,NULL,'Online: Save the Penguins',NULL,NULL,NULL,0,1),(9,1,34,NULL,1,NULL,1,'2007-04-22 00:00:00','0.00','250.00',NULL,NULL,'P20193L6',NULL,'USD',NULL,NULL,NULL,NULL,'Online: Save the Penguins',NULL,NULL,NULL,0,1);
UNLOCK TABLES;
/*!40000 ALTER TABLE `civicrm_contribution` ENABLE KEYS */;

--
-- Dumping data for table `civicrm_contribution_page`
--


/*!40000 ALTER TABLE `civicrm_contribution_page` DISABLE KEYS */;
LOCK TABLES `civicrm_contribution_page` WRITE;
INSERT INTO `civicrm_contribution_page` (`id`, `domain_id`, `title`, `intro_text`, `contribution_type_id`, `payment_processor_id`, `is_credit_card_only`, `is_monetary`, `is_recur`, `is_allow_other_amount`, `default_amount_id`, `min_amount`, `max_amount`, `goal_amount`, `thankyou_title`, `thankyou_text`, `thankyou_footer`, `is_email_receipt`, `receipt_from_name`, `receipt_from_email`, `cc_receipt`, `bcc_receipt`, `receipt_text`, `is_active`, `footer_text`, `amount_block_is_active`, `is_thermometer`, `thermometer_title`, `honor_block_is_active`, `honor_block_title`, `honor_block_text`, `start_date`, `end_date`) VALUES (1,1,'Help Support CiviCRM!','Do you love CiviCRM? Do you use CiviCRM? Then please support CiviCRM and Contribute NOW by trying out our new online contribution features!',1,NULL,0,1,0,1,9,'10.00','10000.00','100000.00','Thanks for Your Support!','<p>Thank you for your support. Your contribution will help us build even better tools.</p><p>Please tell your friends and colleagues about CiviCRM!</p>','<p><a href=http://civicrm.org>Back to CiviCRM Home Page</a></p>',1,'CiviCRM Fundraising Dept.','donations@civicrm.org','receipt@example.com','bcc@example.com','Your donation is tax deductible under IRS 501(c)(3) regulation. Our tax identification number is: 93-123-4567',1,NULL,1,1,'Track Our Progress',NULL,NULL,NULL,NULL,NULL),(2,1,'Member Signup and Renewal','Members are the life-blood of our organization. If you\'re not already a member - please consider signing up today. You can select the membership level the fits your budget and needs below.',2,NULL,0,1,0,NULL,0,NULL,NULL,NULL,'Thanks for Your Support!','Thanks for supporting our organization with your membership. You can learn more about membership benefits from our members only page.',NULL,1,'Membership Department','memberships@civicrm.org',NULL,NULL,'Thanks for supporting our organization with your membership. You can learn more about membership benefits from our members only page.\r\n\r\nKeep this receipt for your records.',1,NULL,NULL,NULL,NULL,NULL,NULL,NULL,NULL,NULL);
UNLOCK TABLES;
/*!40000 ALTER TABLE `civicrm_contribution_page` ENABLE KEYS */;

--
-- Dumping data for table `civicrm_contribution_product`
--


/*!40000 ALTER TABLE `civicrm_contribution_product` DISABLE KEYS */;
LOCK TABLES `civicrm_contribution_product` WRITE;
UNLOCK TABLES;
/*!40000 ALTER TABLE `civicrm_contribution_product` ENABLE KEYS */;

--
-- Dumping data for table `civicrm_contribution_recur`
--


/*!40000 ALTER TABLE `civicrm_contribution_recur` DISABLE KEYS */;
LOCK TABLES `civicrm_contribution_recur` WRITE;
UNLOCK TABLES;
/*!40000 ALTER TABLE `civicrm_contribution_recur` ENABLE KEYS */;

--
-- Dumping data for table `civicrm_contribution_type`
--


/*!40000 ALTER TABLE `civicrm_contribution_type` DISABLE KEYS */;
LOCK TABLES `civicrm_contribution_type` WRITE;
INSERT INTO `civicrm_contribution_type` (`id`, `domain_id`, `name`, `accounting_code`, `description`, `is_deductible`, `is_reserved`, `is_active`) VALUES (1,1,'Donation',NULL,NULL,1,0,1),(2,1,'Member Dues',NULL,NULL,1,0,1),(3,1,'Campaign Contribution',NULL,NULL,0,0,1),(4,1,'Event Fee',NULL,NULL,0,0,1);
UNLOCK TABLES;
/*!40000 ALTER TABLE `civicrm_contribution_type` ENABLE KEYS */;

--
-- Dumping data for table `civicrm_country`
--


/*!40000 ALTER TABLE `civicrm_country` DISABLE KEYS */;
LOCK TABLES `civicrm_country` WRITE;
INSERT INTO `civicrm_country` (`id`, `name`, `iso_code`, `country_code`, `idd_prefix`, `ndd_prefix`, `region_id`) VALUES (1001,'Afghanistan','AF',NULL,NULL,NULL,1),(1002,'Albania','AL',NULL,NULL,NULL,1),(1003,'Algeria','DZ',NULL,NULL,NULL,1),(1004,'American Samoa','AS',NULL,NULL,NULL,1),(1005,'Andorra','AD',NULL,NULL,NULL,1),(1006,'Angola','AO',NULL,NULL,NULL,1),(1007,'Anguilla','AI',NULL,NULL,NULL,1),(1008,'Antarctica','AQ',NULL,NULL,NULL,1),(1009,'Antigua and Barbuda','AG',NULL,NULL,NULL,1),(1010,'Argentina','AR',NULL,NULL,NULL,1),(1011,'Armenia','AM',NULL,NULL,NULL,1),(1012,'Aruba','AW',NULL,NULL,NULL,1),(1013,'Australia','AU',NULL,NULL,NULL,1),(1014,'Austria','AT',NULL,NULL,NULL,1),(1015,'Azerbaijan','AZ',NULL,NULL,NULL,1),(1016,'Bahrain','BH',NULL,NULL,NULL,1),(1017,'Bangladesh','BD',NULL,NULL,NULL,1),(1018,'Barbados','BB',NULL,NULL,NULL,1),(1019,'Belarus','BY',NULL,NULL,NULL,1),(1020,'Belgium','BE',NULL,NULL,NULL,1),(1021,'Belize','BZ',NULL,NULL,NULL,1),(1022,'Benin','BJ',NULL,NULL,NULL,1),(1023,'Bermuda','BM',NULL,NULL,NULL,1),(1024,'Bhutan','BT',NULL,NULL,NULL,1),(1025,'Bolivia','BO',NULL,NULL,NULL,1),(1026,'Bosnia and Herzegovina','BA',NULL,NULL,NULL,1),(1027,'Botswana','BW',NULL,NULL,NULL,1),(1028,'Bouvet Island','BV',NULL,NULL,NULL,1),(1029,'Brazil','BR',NULL,NULL,NULL,1),(1030,'British Indian Ocean Territory','IO',NULL,NULL,NULL,1),(1031,'Virgin Islands, British','VG',NULL,NULL,NULL,1),(1032,'Brunei Darussalam','BN',NULL,NULL,NULL,1),(1033,'Bulgaria','BG',NULL,NULL,NULL,1),(1034,'Burkina Faso','BF',NULL,NULL,NULL,1),(1035,'Myanmar','MM',NULL,NULL,NULL,1),(1036,'Burundi','BI',NULL,NULL,NULL,1),(1037,'Cambodia','KH',NULL,NULL,NULL,1),(1038,'Cameroon','CM',NULL,NULL,NULL,1),(1039,'Canada','CA',NULL,NULL,NULL,1),(1040,'Cape Verde','CV',NULL,NULL,NULL,1),(1041,'Cayman Islands','KY',NULL,NULL,NULL,1),(1042,'Central African Republic','CF',NULL,NULL,NULL,1),(1043,'Chad','TD',NULL,NULL,NULL,1),(1044,'Chile','CL',NULL,NULL,NULL,1),(1045,'China','CN',NULL,NULL,NULL,1),(1046,'Christmas Island','CX',NULL,NULL,NULL,1),(1047,'Cocos (Keeling) Islands','CC',NULL,NULL,NULL,1),(1048,'Colombia','CO',NULL,NULL,NULL,1),(1049,'Comoros','KM',NULL,NULL,NULL,1),(1050,'Congo, The Democratic Republic of the','CD',NULL,NULL,NULL,1),(1051,'Congo','CG',NULL,NULL,NULL,1),(1052,'Cook Islands','CK',NULL,NULL,NULL,1),(1053,'Costa Rica','CR',NULL,NULL,NULL,1),(1054,'Cte d\'Ivoire','CI',NULL,NULL,NULL,1),(1055,'Croatia','HR',NULL,NULL,NULL,1),(1056,'Cuba','CU',NULL,NULL,NULL,1),(1057,'Cyprus','CY',NULL,NULL,NULL,1),(1058,'Czech Republic','CZ',NULL,NULL,NULL,1),(1059,'Denmark','DK',NULL,NULL,NULL,1),(1060,'Djibouti','DJ',NULL,NULL,NULL,1),(1061,'Dominica','DM',NULL,NULL,NULL,1),(1062,'Dominican Republic','DO',NULL,NULL,NULL,1),(1063,'Timor-Leste','TL',NULL,NULL,NULL,1),(1064,'Ecuador','EC',NULL,NULL,NULL,1),(1065,'Egypt','EG',NULL,NULL,NULL,1),(1066,'El Salvador','SV',NULL,NULL,NULL,1),(1067,'Equatorial Guinea','GQ',NULL,NULL,NULL,1),(1068,'Eritrea','ER',NULL,NULL,NULL,1),(1069,'Estonia','EE',NULL,NULL,NULL,1),(1070,'Ethiopia','ET',NULL,NULL,NULL,1),(1072,'Falkland Islands (Malvinas)','FK',NULL,NULL,NULL,1),(1073,'Faroe Islands','FO',NULL,NULL,NULL,1),(1074,'Fiji','FJ',NULL,NULL,NULL,1),(1075,'Finland','FI',NULL,NULL,NULL,1),(1076,'France','FR',NULL,NULL,NULL,1),(1077,'French Guiana','GF',NULL,NULL,NULL,1),(1078,'French Polynesia','PF',NULL,NULL,NULL,1),(1079,'French Southern Territories','TF',NULL,NULL,NULL,1),(1080,'Gabon','GA',NULL,NULL,NULL,1),(1081,'Georgia','GE',NULL,NULL,NULL,1),(1082,'Germany','DE',NULL,NULL,NULL,1),(1083,'Ghana','GH',NULL,NULL,NULL,1),(1084,'Gibraltar','GI',NULL,NULL,NULL,1),(1085,'Greece','GR',NULL,NULL,NULL,1),(1086,'Greenland','GL',NULL,NULL,NULL,1),(1087,'Grenada','GD',NULL,NULL,NULL,1),(1088,'Guadeloupe','GP',NULL,NULL,NULL,1),(1089,'Guam','GU',NULL,NULL,NULL,1),(1090,'Guatemala','GT',NULL,NULL,NULL,1),(1091,'Guinea','GN',NULL,NULL,NULL,1),(1092,'Guinea-Bissau','GW',NULL,NULL,NULL,1),(1093,'Guyana','GY',NULL,NULL,NULL,1),(1094,'Haiti','HT',NULL,NULL,NULL,1),(1095,'Heard Island and McDonald Islands','HM',NULL,NULL,NULL,1),(1096,'Holy See (Vatican City State)','VA',NULL,NULL,NULL,1),(1097,'Honduras','HN',NULL,NULL,NULL,1),(1098,'Hong Kong','HK',NULL,NULL,NULL,1),(1099,'Hungary','HU',NULL,NULL,NULL,1),(1100,'Iceland','IS',NULL,NULL,NULL,1),(1101,'India','IN',NULL,NULL,NULL,1),(1102,'Indonesia','ID',NULL,NULL,NULL,1),(1103,'Iran, Islamic Republic of','IR',NULL,NULL,NULL,1),(1104,'Iraq','IQ',NULL,NULL,NULL,1),(1105,'Ireland','IE',NULL,NULL,NULL,1),(1106,'Israel','IL',NULL,NULL,NULL,1),(1107,'Italy','IT',NULL,NULL,NULL,1),(1108,'Jamaica','JM',NULL,NULL,NULL,1),(1109,'Japan','JP',NULL,NULL,NULL,1),(1110,'Jordan','JO',NULL,NULL,NULL,1),(1111,'Kazakhstan','KZ',NULL,NULL,NULL,1),(1112,'Kenya','KE',NULL,NULL,NULL,1),(1113,'Kiribati','KI',NULL,NULL,NULL,1),(1114,'Korea, Democratic People\'s Republic of','KP',NULL,NULL,NULL,1),(1115,'Korea, Republic of','KR',NULL,NULL,NULL,1),(1116,'Kuwait','KW',NULL,NULL,NULL,1),(1117,'Kyrgyzstan','KG',NULL,NULL,NULL,1),(1118,'Lao People\'s Democratic Republic','LA',NULL,NULL,NULL,1),(1119,'Latvia','LV',NULL,NULL,NULL,1),(1120,'Lebanon','LB',NULL,NULL,NULL,1),(1121,'Lesotho','LS',NULL,NULL,NULL,1),(1122,'Liberia','LR',NULL,NULL,NULL,1),(1123,'Libyan Arab Jamahiriya','LY',NULL,NULL,NULL,1),(1124,'Liechtenstein','LI',NULL,NULL,NULL,1),(1125,'Lithuania','LT',NULL,NULL,NULL,1),(1126,'Luxembourg','LU',NULL,NULL,NULL,1),(1127,'Macao','MO',NULL,NULL,NULL,1),(1128,'Macedonia, Republic of','MK',NULL,NULL,NULL,1),(1129,'Madagascar','MG',NULL,NULL,NULL,1),(1130,'Malawi','MW',NULL,NULL,NULL,1),(1131,'Malaysia','MY',NULL,NULL,NULL,1),(1132,'Maldives','MV',NULL,NULL,NULL,1),(1133,'Mali','ML',NULL,NULL,NULL,1),(1134,'Malta','MT',NULL,NULL,NULL,1),(1135,'Marshall Islands','MH',NULL,NULL,NULL,1),(1136,'Martinique','MQ',NULL,NULL,NULL,1),(1137,'Mauritania','MR',NULL,NULL,NULL,1),(1138,'Mauritius','MU',NULL,NULL,NULL,1),(1139,'Mayotte','YT',NULL,NULL,NULL,1),(1140,'Mexico','MX',NULL,NULL,NULL,1),(1141,'Micronesia, Federated States of','FM',NULL,NULL,NULL,1),(1142,'Moldova, Republic of','MD',NULL,NULL,NULL,1),(1143,'Monaco','MC',NULL,NULL,NULL,1),(1144,'Mongolia','MN',NULL,NULL,NULL,1),(1145,'Montserrat','MS',NULL,NULL,NULL,1),(1146,'Morocco','MA',NULL,NULL,NULL,1),(1147,'Mozambique','MZ',NULL,NULL,NULL,1),(1148,'Namibia','NA',NULL,NULL,NULL,1),(1149,'Nauru','NR',NULL,NULL,NULL,1),(1150,'Nepal','NP',NULL,NULL,NULL,1),(1151,'Netherlands Antilles','AN',NULL,NULL,NULL,1),(1152,'Netherlands','NL',NULL,NULL,NULL,1),(1153,'New Caledonia','NC',NULL,NULL,NULL,1),(1154,'New Zealand','NZ',NULL,NULL,NULL,1),(1155,'Nicaragua','NI',NULL,NULL,NULL,1),(1156,'Niger','NE',NULL,NULL,NULL,1),(1157,'Nigeria','NG',NULL,NULL,NULL,1),(1158,'Niue','NU',NULL,NULL,NULL,1),(1159,'Norfolk Island','NF',NULL,NULL,NULL,1),(1160,'Northern Mariana Islands','MP',NULL,NULL,NULL,1),(1161,'Norway','NO',NULL,NULL,NULL,1),(1162,'Oman','OM',NULL,NULL,NULL,1),(1163,'Pakistan','PK',NULL,NULL,NULL,1),(1164,'Palau','PW',NULL,NULL,NULL,1),(1165,'Palestinian Territory, Occupied','PS',NULL,NULL,NULL,1),(1166,'Panama','PA',NULL,NULL,NULL,1),(1167,'Papua New Guinea','PG',NULL,NULL,NULL,1),(1168,'Paraguay','PY',NULL,NULL,NULL,1),(1169,'Peru','PE',NULL,NULL,NULL,1),(1170,'Philippines','PH',NULL,NULL,NULL,1),(1171,'Pitcairn','PN',NULL,NULL,NULL,1),(1172,'Poland','PL',NULL,NULL,NULL,1),(1173,'Portugal','PT',NULL,NULL,NULL,1),(1174,'Puerto Rico','PR',NULL,NULL,NULL,1),(1175,'Qatar','QA',NULL,NULL,NULL,1),(1176,'Romania','RO',NULL,NULL,NULL,1),(1177,'Russian Federation','RU',NULL,NULL,NULL,1),(1178,'Rwanda','RW',NULL,NULL,NULL,1),(1179,'Reunion','RE',NULL,NULL,NULL,1),(1180,'Saint Helena','SH',NULL,NULL,NULL,1),(1181,'Saint Kitts and Nevis','KN',NULL,NULL,NULL,1),(1182,'Saint Lucia','LC',NULL,NULL,NULL,1),(1183,'Saint Pierre and Miquelon','PM',NULL,NULL,NULL,1),(1184,'Saint Vincent and the Grenadines','VC',NULL,NULL,NULL,1),(1185,'Samoa','WS',NULL,NULL,NULL,1),(1186,'San Marino','SM',NULL,NULL,NULL,1),(1187,'Saudi Arabia','SA',NULL,NULL,NULL,1),(1188,'Senegal','SN',NULL,NULL,NULL,1),(1189,'Seychelles','SC',NULL,NULL,NULL,1),(1190,'Sierra Leone','SL',NULL,NULL,NULL,1),(1191,'Singapore','SG',NULL,NULL,NULL,1),(1192,'Slovakia','SK',NULL,NULL,NULL,1),(1193,'Slovenia','SI',NULL,NULL,NULL,1),(1194,'Solomon Islands','SB',NULL,NULL,NULL,1),(1195,'Somalia','SO',NULL,NULL,NULL,1),(1196,'South Africa','ZA',NULL,NULL,NULL,1),(1197,'South Georgia and the South Sandwich Islands','GS',NULL,NULL,NULL,1),(1198,'Spain','ES',NULL,NULL,NULL,1),(1199,'Sri Lanka','LK',NULL,NULL,NULL,1),(1200,'Sudan','SD',NULL,NULL,NULL,1),(1201,'Suriname','SR',NULL,NULL,NULL,1),(1202,'Svalbard and Jan Mayen','SJ',NULL,NULL,NULL,1),(1203,'Swaziland','SZ',NULL,NULL,NULL,1),(1204,'Sweden','SE',NULL,NULL,NULL,1),(1205,'Switzerland','CH',NULL,NULL,NULL,1),(1206,'Syrian Arab Republic','SY',NULL,NULL,NULL,1),(1207,'Sao Tome and Principe','ST',NULL,NULL,NULL,1),(1208,'Taiwan','TW',NULL,NULL,NULL,1),(1209,'Tajikistan','TJ',NULL,NULL,NULL,1),(1210,'Tanzania, United Republic of','TZ',NULL,NULL,NULL,1),(1211,'Thailand','TH',NULL,NULL,NULL,1),(1212,'Bahamas','BS',NULL,NULL,NULL,1),(1213,'Gambia','GM',NULL,NULL,NULL,1),(1214,'Togo','TG',NULL,NULL,NULL,1),(1215,'Tokelau','TK',NULL,NULL,NULL,1),(1216,'Tonga','TO',NULL,NULL,NULL,1),(1217,'Trinidad and Tobago','TT',NULL,NULL,NULL,1),(1218,'Tunisia','TN',NULL,NULL,NULL,1),(1219,'Turkey','TR',NULL,NULL,NULL,1),(1220,'Turkmenistan','TM',NULL,NULL,NULL,1),(1221,'Turks and Caicos Islands','TC',NULL,NULL,NULL,1),(1222,'Tuvalu','TV',NULL,NULL,NULL,1),(1223,'Uganda','UG',NULL,NULL,NULL,1),(1224,'Ukraine','UA',NULL,NULL,NULL,1),(1225,'United Arab Emirates','AE',NULL,NULL,NULL,1),(1226,'United Kingdom','GB',NULL,NULL,NULL,1),(1227,'United States Minor Outlying Islands','UM',NULL,NULL,NULL,1),(1228,'United States','US',NULL,NULL,NULL,1),(1229,'Uruguay','UY',NULL,NULL,NULL,1),(1230,'Uzbekistan','UZ',NULL,NULL,NULL,1),(1231,'Vanuatu','VU',NULL,NULL,NULL,1),(1232,'Venezuela','VE',NULL,NULL,NULL,1),(1233,'Viet Nam','VN',NULL,NULL,NULL,1),(1234,'Virgin Islands, U.S.','VI',NULL,NULL,NULL,1),(1235,'Wallis and Futuna','WF',NULL,NULL,NULL,1),(1236,'Western Sahara','EH',NULL,NULL,NULL,1),(1237,'Yemen','YE',NULL,NULL,NULL,1),(1238,'Serbia and Montenegro','CS',NULL,NULL,NULL,1),(1239,'Zambia','ZM',NULL,NULL,NULL,1),(1240,'Zimbabwe','ZW',NULL,NULL,NULL,1),(1241,'land Islands','AX',NULL,NULL,NULL,1),(1242,'Serbia','RS',NULL,NULL,NULL,1),(1243,'Montenegro','ME',NULL,NULL,NULL,1);
UNLOCK TABLES;
/*!40000 ALTER TABLE `civicrm_country` ENABLE KEYS */;

--
-- Dumping data for table `civicrm_county`
--


/*!40000 ALTER TABLE `civicrm_county` DISABLE KEYS */;
LOCK TABLES `civicrm_county` WRITE;
INSERT INTO `civicrm_county` (`id`, `name`, `abbreviation`, `state_province_id`) VALUES (1,'Alameda',NULL,1004),(2,'Contra Costa',NULL,1004),(3,'Marin',NULL,1004),(4,'San Francisco',NULL,1004),(5,'San Mateo',NULL,1004),(6,'Santa Clara',NULL,1004);
UNLOCK TABLES;
/*!40000 ALTER TABLE `civicrm_county` ENABLE KEYS */;

--
-- Dumping data for table `civicrm_currency`
--


/*!40000 ALTER TABLE `civicrm_currency` DISABLE KEYS */;
LOCK TABLES `civicrm_currency` WRITE;
INSERT INTO `civicrm_currency` (`id`, `name`, `symbol`) VALUES (1,'AUD','$'),(2,'CAD','$'),(3,'EUR',''),(4,'GBP',''),(5,'ILS',''),(6,'INR',''),(7,'JPY',''),(8,'KRW',''),(9,'LAK',''),(10,'MNT',''),(11,'NGN',''),(12,'PLN','z'),(13,'THB',''),(14,'USD','$'),(15,'VND',''),(16,'ZAR','R');
UNLOCK TABLES;
/*!40000 ALTER TABLE `civicrm_currency` ENABLE KEYS */;

--
-- Dumping data for table `civicrm_custom_field`
--


/*!40000 ALTER TABLE `civicrm_custom_field` DISABLE KEYS */;
LOCK TABLES `civicrm_custom_field` WRITE;
INSERT INTO `civicrm_custom_field` (`id`, `custom_group_id`, `name`, `label`, `data_type`, `html_type`, `default_value`, `is_required`, `is_searchable`, `is_search_range`, `weight`, `validation_id`, `help_pre`, `help_post`, `mask`, `attributes`, `javascript`, `is_active`, `options_per_line`, `start_date_years`, `end_date_years`, `date_parts`, `note_columns`, `note_rows`) VALUES (1,1,'most_important_issue','Most Important Issue','String','Radio',NULL,0,1,0,5,NULL,NULL,'',NULL,NULL,NULL,1,NULL,NULL,NULL,NULL,NULL,NULL),(2,1,'marital_status','Marital Status','String','Select',NULL,0,1,0,7,NULL,NULL,'',NULL,NULL,NULL,1,NULL,NULL,NULL,NULL,NULL,NULL);
UNLOCK TABLES;
/*!40000 ALTER TABLE `civicrm_custom_field` ENABLE KEYS */;

--
-- Dumping data for table `civicrm_custom_group`
--


/*!40000 ALTER TABLE `civicrm_custom_group` DISABLE KEYS */;
LOCK TABLES `civicrm_custom_group` WRITE;
INSERT INTO `civicrm_custom_group` (`id`, `domain_id`, `name`, `title`, `extends`, `extends_entity_column_name`, `extends_entity_column_value`, `style`, `collapse_display`, `help_pre`, `help_post`, `weight`, `is_active`) VALUES (1,1,'constituent_information','Constituent Information','Individual',NULL,NULL,'Inline',1,'Please enter additional constituent information as data becomes available for this contact.',NULL,1,1);
UNLOCK TABLES;
/*!40000 ALTER TABLE `civicrm_custom_group` ENABLE KEYS */;

--
-- Dumping data for table `civicrm_custom_option`
--


/*!40000 ALTER TABLE `civicrm_custom_option` DISABLE KEYS */;
LOCK TABLES `civicrm_custom_option` WRITE;
INSERT INTO `civicrm_custom_option` (`id`, `entity_table`, `entity_id`, `label`, `value`, `weight`, `is_active`) VALUES (1,'civicrm_custom_field',1,'Education','Edu',1,1),(2,'civicrm_custom_field',1,'Environment','Env',2,1),(3,'civicrm_custom_field',1,'Social Justice','SocJus',3,1),(4,'civicrm_custom_field',2,'Single','S',1,1),(5,'civicrm_custom_field',2,'Married','M',2,1),(6,'civicrm_custom_field',2,'Domestic Partner','D',3,1),(7,'civicrm_custom_field',2,'Widowed','W',4,1),(8,'civicrm_custom_field',2,'Other','O',5,1),(9,'civicrm_contribution_page',1,'Friend','0.10',1,1),(10,'civicrm_contribution_page',1,'Supporter','0.50',2,1),(11,'civicrm_contribution_page',1,'Booster','1.00',3,1),(12,'civicrm_contribution_page',1,'Sustainer','5.00',4,1),(22,'civicrm_event_page',1,'Single','50',1,1),(23,'civicrm_event_page',1,'Couple','100',2,1),(24,'civicrm_event_page',1,'Family','200',3,1),(25,'civicrm_event_page',2,'Bass','25',1,1),(26,'civicrm_event_page',2,'Tenor','40',2,1),(27,'civicrm_event_page',2,'Soprano','50',3,1),(31,'civicrm_event_page',3,'Tiny-tots (ages 5-8)','800',1,1),(32,'civicrm_event_page',3,'Junior Stars (ages 9-12)','1000',2,1),(33,'civicrm_event_page',3,'Super Stars (ages 13-18)','1500',3,1);
UNLOCK TABLES;
/*!40000 ALTER TABLE `civicrm_custom_option` ENABLE KEYS */;

--
-- Dumping data for table `civicrm_custom_value`
--


/*!40000 ALTER TABLE `civicrm_custom_value` DISABLE KEYS */;
LOCK TABLES `civicrm_custom_value` WRITE;
INSERT INTO `civicrm_custom_value` (`id`, `custom_field_id`, `entity_table`, `entity_id`, `int_data`, `float_data`, `decimal_data`, `char_data`, `date_data`, `memo_data`, `file_id`) VALUES (1,2,'civicrm_contact',21,NULL,NULL,NULL,'S',NULL,NULL,NULL),(2,2,'civicrm_contact',79,NULL,NULL,NULL,'D',NULL,NULL,NULL),(3,1,'civicrm_contact',90,NULL,NULL,NULL,'Edu',NULL,NULL,NULL),(4,1,'civicrm_contact',83,NULL,NULL,NULL,'Env',NULL,NULL,NULL),(5,2,'civicrm_contact',83,NULL,NULL,NULL,'W',NULL,NULL,NULL),(6,1,'civicrm_contact',39,NULL,NULL,NULL,'Env',NULL,NULL,NULL),(7,1,'civicrm_contact',4,NULL,NULL,NULL,'SocJus',NULL,NULL,NULL),(8,2,'civicrm_contact',68,NULL,NULL,NULL,'O',NULL,NULL,NULL),(9,1,'civicrm_contact',13,NULL,NULL,NULL,'Env',NULL,NULL,NULL),(10,2,'civicrm_contact',91,NULL,NULL,NULL,'O',NULL,NULL,NULL),(11,2,'civicrm_contact',27,NULL,NULL,NULL,'S',NULL,NULL,NULL),(12,1,'civicrm_contact',54,NULL,NULL,NULL,'Edu',NULL,NULL,NULL),(13,2,'civicrm_contact',54,NULL,NULL,NULL,'M',NULL,NULL,NULL),(14,1,'civicrm_contact',42,NULL,NULL,NULL,'Env',NULL,NULL,NULL),(15,1,'civicrm_contact',96,NULL,NULL,NULL,'Edu',NULL,NULL,NULL),(16,1,'civicrm_contact',23,NULL,NULL,NULL,'Edu',NULL,NULL,NULL),(17,2,'civicrm_contact',35,NULL,NULL,NULL,'D',NULL,NULL,NULL),(18,1,'civicrm_contact',35,NULL,NULL,NULL,'Edu',NULL,NULL,NULL),(19,1,'civicrm_contact',74,NULL,NULL,NULL,'Env',NULL,NULL,NULL),(20,2,'civicrm_contact',44,NULL,NULL,NULL,'D',NULL,NULL,NULL),(21,1,'civicrm_contact',63,NULL,NULL,NULL,'Edu',NULL,NULL,NULL),(22,1,'civicrm_contact',8,NULL,NULL,NULL,'Edu',NULL,NULL,NULL),(23,2,'civicrm_contact',8,NULL,NULL,NULL,'M',NULL,NULL,NULL),(24,1,'civicrm_contact',61,NULL,NULL,NULL,'Edu',NULL,NULL,NULL),(25,1,'civicrm_contact',26,NULL,NULL,NULL,'Env',NULL,NULL,NULL),(26,1,'civicrm_contact',11,NULL,NULL,NULL,'Env',NULL,NULL,NULL),(27,2,'civicrm_contact',11,NULL,NULL,NULL,'M',NULL,NULL,NULL),(28,1,'civicrm_contact',19,NULL,NULL,NULL,'Edu',NULL,NULL,NULL),(29,1,'civicrm_contact',73,NULL,NULL,NULL,'Edu',NULL,NULL,NULL),(30,2,'civicrm_contact',47,NULL,NULL,NULL,'M',NULL,NULL,NULL),(31,2,'civicrm_contact',10,NULL,NULL,NULL,'W',NULL,NULL,NULL),(32,1,'civicrm_contact',10,NULL,NULL,NULL,'Env',NULL,NULL,NULL),(33,2,'civicrm_contact',38,NULL,NULL,NULL,'D',NULL,NULL,NULL),(34,1,'civicrm_contact',38,NULL,NULL,NULL,'Edu',NULL,NULL,NULL),(35,2,'civicrm_contact',53,NULL,NULL,NULL,'S',NULL,NULL,NULL),(36,1,'civicrm_contact',31,NULL,NULL,NULL,'Env',NULL,NULL,NULL),(37,2,'civicrm_contact',31,NULL,NULL,NULL,'O',NULL,NULL,NULL),(38,2,'civicrm_contact',75,NULL,NULL,NULL,'D',NULL,NULL,NULL),(39,1,'civicrm_contact',75,NULL,NULL,NULL,'Env',NULL,NULL,NULL),(40,2,'civicrm_contact',85,NULL,NULL,NULL,'S',NULL,NULL,NULL),(41,1,'civicrm_contact',85,NULL,NULL,NULL,'Edu',NULL,NULL,NULL),(42,2,'civicrm_contact',77,NULL,NULL,NULL,'S',NULL,NULL,NULL),(43,2,'civicrm_contact',17,NULL,NULL,NULL,'D',NULL,NULL,NULL),(44,1,'civicrm_contact',30,NULL,NULL,NULL,'Env',NULL,NULL,NULL),(45,2,'civicrm_contact',30,NULL,NULL,NULL,'D',NULL,NULL,NULL),(46,1,'civicrm_contact',34,NULL,NULL,NULL,'Edu',NULL,NULL,NULL),(47,1,'civicrm_contact',66,NULL,NULL,NULL,'Edu',NULL,NULL,NULL),(48,1,'civicrm_contact',88,NULL,NULL,NULL,'Edu',NULL,NULL,NULL),(49,2,'civicrm_contact',2,NULL,NULL,NULL,'S',NULL,NULL,NULL),(50,1,'civicrm_contact',2,NULL,NULL,NULL,'Edu',NULL,NULL,NULL),(51,2,'civicrm_contact',18,NULL,NULL,NULL,'S',NULL,NULL,NULL),(52,1,'civicrm_contact',81,NULL,NULL,NULL,'SocJus',NULL,NULL,NULL),(53,2,'civicrm_contact',36,NULL,NULL,NULL,'W',NULL,NULL,NULL),(54,1,'civicrm_contact',16,NULL,NULL,NULL,'Edu',NULL,NULL,NULL),(55,1,'civicrm_contact',70,NULL,NULL,NULL,'Env',NULL,NULL,NULL),(56,2,'civicrm_contact',37,NULL,NULL,NULL,'D',NULL,NULL,NULL),(57,2,'civicrm_contact',97,NULL,NULL,NULL,'W',NULL,NULL,NULL),(58,1,'civicrm_contact',97,NULL,NULL,NULL,'Env',NULL,NULL,NULL),(59,2,'civicrm_contact',72,NULL,NULL,NULL,'M',NULL,NULL,NULL),(60,2,'civicrm_contact',41,NULL,NULL,NULL,'D',NULL,NULL,NULL),(61,1,'civicrm_contact',41,NULL,NULL,NULL,'Edu',NULL,NULL,NULL),(62,1,'civicrm_contact',15,NULL,NULL,NULL,'SocJus',NULL,NULL,NULL),(63,2,'civicrm_contact',15,NULL,NULL,NULL,'D',NULL,NULL,NULL),(64,2,'civicrm_contact',80,NULL,NULL,NULL,'M',NULL,NULL,NULL),(65,1,'civicrm_contact',80,NULL,NULL,NULL,'Env',NULL,NULL,NULL),(66,2,'civicrm_contact',67,NULL,NULL,NULL,'S',NULL,NULL,NULL),(67,1,'civicrm_contact',84,NULL,NULL,NULL,'Edu',NULL,NULL,NULL),(68,2,'civicrm_contact',25,NULL,NULL,NULL,'M',NULL,NULL,NULL),(69,2,'civicrm_contact',48,NULL,NULL,NULL,'M',NULL,NULL,NULL),(70,1,'civicrm_contact',48,NULL,NULL,NULL,'Env',NULL,NULL,NULL),(71,1,'civicrm_contact',99,NULL,NULL,NULL,'SocJus',NULL,NULL,NULL),(72,1,'civicrm_contact',71,NULL,NULL,NULL,'SocJus',NULL,NULL,NULL),(73,2,'civicrm_contact',50,NULL,NULL,NULL,'W',NULL,NULL,NULL),(74,1,'civicrm_contact',32,NULL,NULL,NULL,'SocJus',NULL,NULL,NULL),(75,1,'civicrm_contact',14,NULL,NULL,NULL,'Edu',NULL,NULL,NULL),(76,1,'civicrm_contact',45,NULL,NULL,NULL,'Edu',NULL,NULL,NULL),(77,2,'civicrm_contact',45,NULL,NULL,NULL,'M',NULL,NULL,NULL),(78,2,'civicrm_contact',46,NULL,NULL,NULL,'O',NULL,NULL,NULL),(79,2,'civicrm_contact',55,NULL,NULL,NULL,'S',NULL,NULL,NULL),(80,1,'civicrm_contact',55,NULL,NULL,NULL,'SocJus',NULL,NULL,NULL),(81,2,'civicrm_contact',52,NULL,NULL,NULL,'D',NULL,NULL,NULL),(82,1,'civicrm_contact',52,NULL,NULL,NULL,'Env',NULL,NULL,NULL),(83,2,'civicrm_contact',82,NULL,NULL,NULL,'O',NULL,NULL,NULL),(84,2,'civicrm_contact',20,NULL,NULL,NULL,'O',NULL,NULL,NULL),(85,2,'civicrm_contact',101,NULL,NULL,NULL,'O',NULL,NULL,NULL),(86,1,'civicrm_contact',101,NULL,NULL,NULL,'SocJus',NULL,NULL,NULL),(87,1,'civicrm_contact',92,NULL,NULL,NULL,'SocJus',NULL,NULL,NULL);
UNLOCK TABLES;
/*!40000 ALTER TABLE `civicrm_custom_value` ENABLE KEYS */;

--
-- Dumping data for table `civicrm_dedupe_rule`
--


/*!40000 ALTER TABLE `civicrm_dedupe_rule` DISABLE KEYS */;
LOCK TABLES `civicrm_dedupe_rule` WRITE;
INSERT INTO `civicrm_dedupe_rule` (`id`, `dedupe_rule_group_id`, `rule_table`, `rule_field`, `rule_length`, `rule_weight`) VALUES (1,1,'civicrm_individual','first_name',NULL,5),(2,1,'civicrm_individual','last_name',NULL,7),(3,1,'civicrm_email','email',NULL,10),(4,2,'civicrm_organization','organization_name',NULL,5),(5,2,'civicrm_email','email',NULL,5),(6,3,'civicrm_household','household_name',NULL,5),(7,3,'civicrm_email','email',NULL,5);
UNLOCK TABLES;
/*!40000 ALTER TABLE `civicrm_dedupe_rule` ENABLE KEYS */;

--
-- Dumping data for table `civicrm_dedupe_rule_group`
--


/*!40000 ALTER TABLE `civicrm_dedupe_rule_group` DISABLE KEYS */;
LOCK TABLES `civicrm_dedupe_rule_group` WRITE;
INSERT INTO `civicrm_dedupe_rule_group` (`id`, `domain_id`, `contact_type`, `threshold`) VALUES (1,1,'Individual',20),(2,1,'Organization',10),(3,1,'Household',10);
UNLOCK TABLES;
/*!40000 ALTER TABLE `civicrm_dedupe_rule_group` ENABLE KEYS */;

--
-- Dumping data for table `civicrm_domain`
--


/*!40000 ALTER TABLE `civicrm_domain` DISABLE KEYS */;
LOCK TABLES `civicrm_domain` WRITE;
INSERT INTO `civicrm_domain` (`id`, `name`, `description`, `contact_name`, `email_domain`, `email_return_path`, `config_backend`, `config_frontend`) VALUES (1,'Domain Name 1',NULL,'Domain Contact Name','FIXME.ORG',NULL,NULL,NULL);
UNLOCK TABLES;
/*!40000 ALTER TABLE `civicrm_domain` ENABLE KEYS */;

--
-- Dumping data for table `civicrm_dupe_match`
--


/*!40000 ALTER TABLE `civicrm_dupe_match` DISABLE KEYS */;
LOCK TABLES `civicrm_dupe_match` WRITE;
INSERT INTO `civicrm_dupe_match` (`id`, `domain_id`, `entity_table`, `rule`) VALUES (1,1,'contact_individual','first_name AND last_name AND email');
UNLOCK TABLES;
/*!40000 ALTER TABLE `civicrm_dupe_match` ENABLE KEYS */;

--
-- Dumping data for table `civicrm_email`
--


/*!40000 ALTER TABLE `civicrm_email` DISABLE KEYS */;
LOCK TABLES `civicrm_email` WRITE;
INSERT INTO `civicrm_email` (`id`, `location_id`, `email`, `is_primary`, `on_hold`, `hold_date`, `reset_date`) VALUES (1,1,'InnerCityArts@earthlink.net',1,0,NULL,NULL),(2,1,'InnerCityArts@earthlink.org',0,0,NULL,NULL),(3,2,'SmithMilan@tsec.edu',1,0,NULL,NULL),(4,2,'SmithMilan@amazon.net',0,0,NULL,NULL),(5,3,'ZopeRaymond@redimail.org',1,0,NULL,NULL),(6,3,'ZopeRaymond@indiatimes.edu.in',0,0,NULL,NULL),(7,4,'ReynoldsChris@gmail.co.uk',1,0,NULL,NULL),(8,4,'ReynoldsChris@indiatimes.org',0,0,NULL,NULL),(9,5,'SamuelsDonald@yahoo.net',1,0,NULL,NULL),(10,5,'SamuelsDonald@amazon.net.in',0,0,NULL,NULL),(11,6,'SamuelsPat@brown.co.pl',1,0,NULL,NULL),(12,6,'SamuelsPat@redimail.co.uk',0,0,NULL,NULL),(13,8,'SmithDonald@gmail.net',1,0,NULL,NULL),(14,8,'SmithDonald@tsec.co.in',0,0,NULL,NULL),(15,9,'JonesTony@npo.net',1,0,NULL,NULL),(16,9,'JonesTony@gmail.org',0,0,NULL,NULL),(17,10,'RobertsPurvi@indiatimes.co.pl',1,0,NULL,NULL),(18,10,'RobertsPurvi@redimail.net.in',0,0,NULL,NULL),(19,11,'PatelPat@gmail.edu.in',1,0,NULL,NULL),(20,11,'PatelPat@indiatimes.net',0,0,NULL,NULL),(21,12,'RobertsFranklin@yahoo.co.pl',1,0,NULL,NULL),(22,12,'RobertsFranklin@tsec.edu.in',0,0,NULL,NULL),(23,13,'JamesonDan@gmail.org',1,0,NULL,NULL),(24,13,'JamesonDan@gmail.net',0,0,NULL,NULL),(25,15,'ReynoldsDonald@indiatimes.net',1,0,NULL,NULL),(26,15,'ReynoldsDonald@gmail.com',0,0,NULL,NULL),(27,16,'SamuelsChris@amazon.org',1,0,NULL,NULL),(28,16,'SamuelsChris@npo.co.in',0,0,NULL,NULL),(29,17,'PurviRobertsshome@earthlink.net',1,0,NULL,NULL),(30,17,'PurviRobertsshome@npo.net',0,0,NULL,NULL),(31,18,'PatSamuelsshome@gmail.edu',1,0,NULL,NULL),(32,18,'PatSamuelsshome@gmail.co.in',0,0,NULL,NULL),(33,19,'PurviYadavshome@npo.edu.in',1,0,NULL,NULL),(34,19,'PurviYadavshome@hotmail.co.in',0,0,NULL,NULL),(35,20,'RebeccaYadavshome@npo.edu',1,0,NULL,NULL),(36,20,'RebeccaYadavshome@gmail.org',0,0,NULL,NULL),(37,22,'MonicaReynoldsshome@yahoo.co.in',1,0,NULL,NULL),(38,22,'MonicaReynoldsshome@npo.com',0,0,NULL,NULL),(39,23,'DanRobertsshome@yahoo.co.in',1,0,NULL,NULL),(40,23,'DanRobertsshome@indiatimes.co.in',0,0,NULL,NULL),(41,24,'AndrewReynoldsshome@earthlink.com',1,0,NULL,NULL),(42,24,'AndrewReynoldsshome@earthlink.org',0,0,NULL,NULL),(43,25,'SamSmithshome@earthlink.net',1,0,NULL,NULL),(44,25,'SamSmithshome@hotmail.net.in',0,0,NULL,NULL),(45,26,'BillZopeshome@yahoo.edu.in',1,0,NULL,NULL),(46,26,'BillZopeshome@npo.co.in',0,0,NULL,NULL),(47,27,'ChrisZopeshome@redimail.net',1,0,NULL,NULL),(48,27,'ChrisZopeshome@indiatimes.org',0,0,NULL,NULL),(49,29,'RebeccaSmithshome@redimail.org',1,0,NULL,NULL),(50,29,'RebeccaSmithshome@aol.edu.in',0,0,NULL,NULL),(51,30,'MonicaYadavshome@redimail.edu.in',1,0,NULL,NULL),(52,30,'MonicaYadavshome@aol.net.in',0,0,NULL,NULL),(53,31,'RebeccaSmithshome@gmail.org',1,0,NULL,NULL),(54,31,'RebeccaSmithshome@yahoo.net.in',0,0,NULL,NULL),(55,32,'ProjectOpenHand@earthlink.net',1,0,NULL,NULL),(56,32,'ProjectOpenHand@indiatimes.org',0,0,NULL,NULL),(57,33,'MagicBus@brown.co.in',1,0,NULL,NULL),(58,33,'MagicBus@hotmail.net.in',0,0,NULL,NULL),(59,34,'SocialSourceFoundation@yahoo.co.in',1,0,NULL,NULL),(60,34,'SocialSourceFoundation@indiatimes.com',0,0,NULL,NULL),(61,36,'InnerCity@amazon.co.in',1,0,NULL,NULL),(62,36,'InnerCity@amazon.co.pl',0,0,NULL,NULL),(63,37,'ConservationCorp@npo.co.uk',1,0,NULL,NULL),(64,37,'ConservationCorp@redimail.co.in',0,0,NULL,NULL),(65,38,'Compasspoint@gmail.edu.in',1,0,NULL,NULL),(66,38,'Compasspoint@brown.net',0,0,NULL,NULL),(67,39,'WorkingAssets@brown.com',1,0,NULL,NULL),(68,39,'WorkingAssets@earthlink.co.in',0,0,NULL,NULL),(69,40,'InnerCity@indiatimes.co.in',1,0,NULL,NULL),(70,40,'InnerCity@npo.co.in',0,0,NULL,NULL),(71,41,'Compasspoint@gmail.co.pl',1,0,NULL,NULL),(72,41,'Compasspoint@yahoo.co.in',0,0,NULL,NULL),(73,43,'JonesMelinda@npo.org',1,0,NULL,NULL),(74,43,'JonesMelinda@yahoo.org',0,0,NULL,NULL),(75,44,'RobertsJennifer@yahoo.net',1,0,NULL,NULL),(76,44,'RobertsJennifer@yahoo.co.in',0,0,NULL,NULL),(77,45,'PatelMichael@earthlink.co.in',1,0,NULL,NULL),(78,45,'PatelMichael@amazon.co.uk',0,0,NULL,NULL),(79,46,'SamuelsPat@amazon.co.in',1,0,NULL,NULL),(80,46,'SamuelsPat@redimail.co.uk',0,0,NULL,NULL),(81,47,'SmithMilan@gmail.co.pl',1,0,NULL,NULL),(82,47,'SmithMilan@yahoo.co.pl',0,0,NULL,NULL),(83,48,'AdamsJennifer@aol.co.uk',1,0,NULL,NULL),(84,48,'AdamsJennifer@earthlink.co.uk',0,0,NULL,NULL),(85,50,'YadavPurvi@earthlink.edu',1,0,NULL,NULL),(86,50,'YadavPurvi@redimail.net',0,0,NULL,NULL),(87,51,'GrantChris@npo.net',1,0,NULL,NULL),(88,51,'GrantChris@hotmail.org',0,0,NULL,NULL),(89,52,'SmithChris@hotmail.edu',1,0,NULL,NULL),(90,52,'SmithChris@tsec.org',0,0,NULL,NULL),(91,53,'SmithTony@hotmail.co.pl',1,0,NULL,NULL),(92,53,'SmithTony@brown.net',0,0,NULL,NULL),(93,54,'YadavRebecca@indiatimes.org',1,0,NULL,NULL),(94,54,'YadavRebecca@brown.net.in',0,0,NULL,NULL),(95,55,'SamuelsMonica@gmail.net.in',1,0,NULL,NULL),(96,55,'SamuelsMonica@npo.org',0,0,NULL,NULL),(97,57,'SamuelsMichael@aol.edu',1,0,NULL,NULL),(98,57,'SamuelsMichael@hotmail.net',0,0,NULL,NULL),(99,58,'ZopeTony@gmail.net.in',1,0,NULL,NULL),(100,58,'ZopeTony@brown.co.in',0,0,NULL,NULL),(101,59,'ZopeMelinda@yahoo.net',1,0,NULL,NULL),(102,59,'ZopeMelinda@redimail.org',0,0,NULL,NULL),(103,60,'AdamsSheila@gmail.edu.in',1,0,NULL,NULL),(104,60,'AdamsSheila@redimail.net',0,0,NULL,NULL),(105,61,'AdamsAlice@tsec.co.in',1,0,NULL,NULL),(106,61,'AdamsAlice@earthlink.net.in',0,0,NULL,NULL),(107,62,'ReynoldsMonica@npo.edu',1,0,NULL,NULL),(108,62,'ReynoldsMonica@npo.com',0,0,NULL,NULL),(109,64,'RobertsFranklin@indiatimes.edu',1,0,NULL,NULL),(110,64,'RobertsFranklin@yahoo.com',0,0,NULL,NULL),(111,65,'chowskiMonica@hotmail.net',1,0,NULL,NULL),(112,65,'chowskiMonica@gmail.org',0,0,NULL,NULL),(113,66,'RobertsDan@brown.net',1,0,NULL,NULL),(114,66,'RobertsDan@tsec.co.pl',0,0,NULL,NULL),(115,67,'JamesonAlice@tsec.co.pl',1,0,NULL,NULL),(116,67,'JamesonAlice@brown.co.uk',0,0,NULL,NULL),(117,68,'SamuelsAnne@gmail.com',1,0,NULL,NULL),(118,68,'SamuelsAnne@brown.net',0,0,NULL,NULL),(119,69,'AdamsPat@yahoo.org',1,0,NULL,NULL),(120,69,'AdamsPat@brown.net',0,0,NULL,NULL),(121,71,'PatelSam@aol.co.pl',1,0,NULL,NULL),(122,71,'PatelSam@gmail.co.in',0,0,NULL,NULL),(123,72,'ReynoldsSandy@aol.co.in',1,0,NULL,NULL),(124,72,'ReynoldsSandy@yahoo.co.in',0,0,NULL,NULL),(125,73,'SmithTony@yahoo.co.uk',1,0,NULL,NULL),(126,73,'SmithTony@redimail.net',0,0,NULL,NULL),(127,74,'SmithSam@brown.org',1,0,NULL,NULL),(128,74,'SmithSam@earthlink.com',0,0,NULL,NULL),(129,75,'YadavFranklin@gmail.org',1,0,NULL,NULL),(130,75,'YadavFranklin@tsec.com',0,0,NULL,NULL),(131,76,'RobertsMichelle@yahoo.net',1,0,NULL,NULL),(132,76,'RobertsMichelle@yahoo.net',0,0,NULL,NULL),(133,78,'ZopeBill@brown.edu.in',1,0,NULL,NULL),(134,78,'ZopeBill@hotmail.net.in',0,0,NULL,NULL),(135,79,'JonesAndrew@yahoo.edu.in',1,0,NULL,NULL),(136,79,'JonesAndrew@hotmail.edu',0,0,NULL,NULL),(137,80,'chowskiJennifer@amazon.net.in',1,0,NULL,NULL),(138,80,'chowskiJennifer@hotmail.co.in',0,0,NULL,NULL),(139,81,'JonesMichelle@indiatimes.co.pl',1,0,NULL,NULL),(140,81,'JonesMichelle@amazon.co.pl',0,0,NULL,NULL),(141,82,'ZopeChris@gmail.net',1,0,NULL,NULL),(142,82,'ZopeChris@indiatimes.com',0,0,NULL,NULL),(143,83,'SmithTony@yahoo.org',1,0,NULL,NULL),(144,83,'SmithTony@gmail.co.in',0,0,NULL,NULL),(145,85,'JamesonMelinda@hotmail.net',1,0,NULL,NULL),(146,85,'JamesonMelinda@indiatimes.net',0,0,NULL,NULL),(147,86,'ReynoldsMichelle@earthlink.co.uk',1,0,NULL,NULL),(148,86,'ReynoldsMichelle@yahoo.com',0,0,NULL,NULL),(149,87,'development@example.org',1,0,NULL,NULL),(151,89,'tournaments@example.org',1,0,NULL,NULL);
UNLOCK TABLES;
/*!40000 ALTER TABLE `civicrm_email` ENABLE KEYS */;

--
-- Dumping data for table `civicrm_email_history`
--


/*!40000 ALTER TABLE `civicrm_email_history` DISABLE KEYS */;
LOCK TABLES `civicrm_email_history` WRITE;
UNLOCK TABLES;
/*!40000 ALTER TABLE `civicrm_email_history` ENABLE KEYS */;

--
-- Dumping data for table `civicrm_entity_file`
--


/*!40000 ALTER TABLE `civicrm_entity_file` DISABLE KEYS */;
LOCK TABLES `civicrm_entity_file` WRITE;
UNLOCK TABLES;
/*!40000 ALTER TABLE `civicrm_entity_file` ENABLE KEYS */;

--
-- Dumping data for table `civicrm_entity_tag`
--


/*!40000 ALTER TABLE `civicrm_entity_tag` DISABLE KEYS */;
LOCK TABLES `civicrm_entity_tag` WRITE;
INSERT INTO `civicrm_entity_tag` (`id`, `entity_table`, `entity_id`, `tag_id`) VALUES (1,'civicrm_contact',51,3),(2,'civicrm_contact',5,1),(3,'civicrm_contact',12,3),(4,'civicrm_contact',28,1),(5,'civicrm_contact',95,3),(6,'civicrm_contact',21,4),(7,'civicrm_contact',21,5),(8,'civicrm_contact',90,4),(9,'civicrm_contact',90,5),(10,'civicrm_contact',56,5),(11,'civicrm_contact',4,4),(12,'civicrm_contact',13,4),(13,'civicrm_contact',27,4),(14,'civicrm_contact',27,5),(15,'civicrm_contact',54,4),(16,'civicrm_contact',54,5),(17,'civicrm_contact',96,4),(18,'civicrm_contact',96,5),(19,'civicrm_contact',29,4),(20,'civicrm_contact',74,4),(21,'civicrm_contact',63,4),(22,'civicrm_contact',63,5),(23,'civicrm_contact',61,5),(24,'civicrm_contact',11,5),(25,'civicrm_contact',73,4),(26,'civicrm_contact',10,5),(27,'civicrm_contact',53,4),(28,'civicrm_contact',75,4),(29,'civicrm_contact',75,5),(30,'civicrm_contact',77,4),(31,'civicrm_contact',30,4),(32,'civicrm_contact',30,5),(33,'civicrm_contact',66,4),(34,'civicrm_contact',66,5),(35,'civicrm_contact',40,5),(36,'civicrm_contact',18,4),(37,'civicrm_contact',18,5),(38,'civicrm_contact',36,4),(39,'civicrm_contact',36,5),(40,'civicrm_contact',58,4),(41,'civicrm_contact',87,4),(42,'civicrm_contact',87,5),(43,'civicrm_contact',97,5),(44,'civicrm_contact',76,4),(45,'civicrm_contact',15,4),(46,'civicrm_contact',15,5),(47,'civicrm_contact',22,5),(48,'civicrm_contact',84,4),(49,'civicrm_contact',84,5),(50,'civicrm_contact',48,4),(51,'civicrm_contact',48,5),(52,'civicrm_contact',71,4),(53,'civicrm_contact',32,5),(54,'civicrm_contact',45,4),(55,'civicrm_contact',45,5),(56,'civicrm_contact',65,4),(57,'civicrm_contact',52,5),(58,'civicrm_contact',20,4),(59,'civicrm_contact',92,4);
UNLOCK TABLES;
/*!40000 ALTER TABLE `civicrm_entity_tag` ENABLE KEYS */;

--
-- Dumping data for table `civicrm_event`
--


/*!40000 ALTER TABLE `civicrm_event` DISABLE KEYS */;
LOCK TABLES `civicrm_event` WRITE;
INSERT INTO `civicrm_event` (`id`, `domain_id`, `title`, `summary`, `description`, `event_type_id`, `is_public`, `start_date`, `end_date`, `is_online_registration`, `registration_link_text`, `registration_start_date`, `registration_end_date`, `max_participants`, `event_full_text`, `is_monetary`, `contribution_type_id`, `payment_processor_id`, `is_map`, `is_active`, `fee_label`, `is_show_location`) VALUES (1,1,'Fall Fundraiser Dinner','Kick up your heels at our Fall Fundraiser Dinner/Dance at Glen Echo Park! Come by yourself or bring a partner, friend or the entire family!','This event benefits our teen programs. Admission includes a full 3 course meal and wine or soft drinks. Grab your dancing shoes, bring the kids and come join the party!',3,1,'2006-09-21 17:00:00','2006-09-21 23:00:00',1,'Register Now',NULL,NULL,100,'Sorry! The Fall Fundraiser Dinner is full. Please call Jane at 204 222-1000 ext 33 if you want to be added to the waiting list.',1,4,NULL,1,1,'Dinner Contribution',1),(2,1,'Summer Solstice Festival Day Concert','Festival Day is coming! Join us and help support your parks.','We will gather at noon, learn a song all together,  and then join in a joyous procession to the pavilion. We will be one of many groups performing at this wonderful concert which benefits our city parks.',5,1,'2007-06-17 12:00:00','2007-06-17 17:00:00',1,'Register Now',NULL,NULL,50,'We have all the singers we can handle. Come to the pavilion anyway and join in from the audience.',1,2,NULL,NULL,1,'Festival Fee',1),(3,1,'Rain-forest Cup Youth Soccer Tournament','Sign up your team to participate in this fun tournament which benefits several Rain-forest protection groups in the Amazon basin.','This is a FYSA Sanctioned Tournament, which is open to all USSF/FIFA affiliated organizations for boys and girls in age groups: U9-U10 (6v6), U11-U12 (8v8), and U13-U17 (Full Sided).',3,1,'2007-10-27 07:00:00','2007-10-29 17:00:00',1,'Register Now',NULL,NULL,500,'Sorry! All available team slots for this tournament have been filled. Contact Jill Futbol for information about the waiting list and next years event.',1,4,NULL,NULL,1,'Tournament Fees',1);
UNLOCK TABLES;
/*!40000 ALTER TABLE `civicrm_event` ENABLE KEYS */;

--
-- Dumping data for table `civicrm_event_page`
--


/*!40000 ALTER TABLE `civicrm_event_page` DISABLE KEYS */;
LOCK TABLES `civicrm_event_page` WRITE;
INSERT INTO `civicrm_event_page` (`id`, `event_id`, `intro_text`, `footer_text`, `confirm_title`, `confirm_text`, `confirm_footer_text`, `is_email_confirm`, `confirm_email_text`, `confirm_from_name`, `confirm_from_email`, `cc_confirm`, `bcc_confirm`, `default_fee_id`, `thankyou_title`, `thankyou_text`, `thankyou_footer_text`) VALUES (1,1,'Fill in the information below to join as at this wonderful dinner event.',NULL,'Confirm Your Registration Information','Review the information below carefully.',NULL,1,'Contact the Development Department if you need to make any changes to your registration.','Fundraising Dept.','development@example.org',NULL,NULL,22,'Thanks for Registering!','<p>Thank you for your support. Your contribution will help us build even better tools.</p><p>Please tell your friends and colleagues about this wonderful event.</p>','<p><a href=http://civicrm.org>Back to CiviCRM Home Page</a></p>'),(2,2,'Complete the form below and click Continue to register online for the festival. Or you can register by calling us at 204 222-1000 ext 22.','','Confirm Your Registration Information','','',1,'This email confirms your registration. If you have questions or need to change your registration - please do not hesitate to call us.','Event Dept.','events@example.org','',NULL,25,'Thanks for Your Joining In!','<p>Thank you for your support. Your participation will help build new parks.</p><p>Please tell your friends and colleagues about the concert.</p>','<p><a href=http://civicrm.org>Back to CiviCRM Home Page</a></p>'),(3,3,'Complete the form below to register your team for this year\'s tournament.','<em>A Soccer Youth Event</em>','Review and Confirm Your Registration Information','','<em>A Soccer Youth Event</em>',1,'Contact our Tournament Director for eligibility details.','Tournament Director','tournament@example.org','',NULL,31,'Thanks for Your Support!','<p>Thank you for your support. Your participation will help save thousands of acres of rainforest.</p>','<p><a href=http://civicrm.org>Back to CiviCRM Home Page</a></p>');
UNLOCK TABLES;
/*!40000 ALTER TABLE `civicrm_event_page` ENABLE KEYS */;

--
-- Dumping data for table `civicrm_file`
--


/*!40000 ALTER TABLE `civicrm_file` DISABLE KEYS */;
LOCK TABLES `civicrm_file` WRITE;
UNLOCK TABLES;
/*!40000 ALTER TABLE `civicrm_file` ENABLE KEYS */;

--
-- Dumping data for table `civicrm_financial_trxn`
--


/*!40000 ALTER TABLE `civicrm_financial_trxn` DISABLE KEYS */;
LOCK TABLES `civicrm_financial_trxn` WRITE;
UNLOCK TABLES;
/*!40000 ALTER TABLE `civicrm_financial_trxn` ENABLE KEYS */;

--
-- Dumping data for table `civicrm_geo_coord`
--


/*!40000 ALTER TABLE `civicrm_geo_coord` DISABLE KEYS */;
LOCK TABLES `civicrm_geo_coord` WRITE;
INSERT INTO `civicrm_geo_coord` (`id`, `coord_type`, `coord_units`, `coord_ogc_wkt_string`) VALUES (1,'LatLong','Degree','31');
UNLOCK TABLES;
/*!40000 ALTER TABLE `civicrm_geo_coord` ENABLE KEYS */;

--
-- Dumping data for table `civicrm_grant`
--


/*!40000 ALTER TABLE `civicrm_grant` DISABLE KEYS */;
LOCK TABLES `civicrm_grant` WRITE;
UNLOCK TABLES;
/*!40000 ALTER TABLE `civicrm_grant` ENABLE KEYS */;

--
-- Dumping data for table `civicrm_group`
--


/*!40000 ALTER TABLE `civicrm_group` DISABLE KEYS */;
LOCK TABLES `civicrm_group` WRITE;
INSERT INTO `civicrm_group` (`id`, `domain_id`, `name`, `title`, `description`, `source`, `saved_search_id`, `is_active`, `visibility`, `where_clause`, `select_tables`, `where_tables`) VALUES (1,1,'Administrators','Administrators','Contacts in this group are assigned Administrator role permissions.',NULL,NULL,1,'User and User Admin Only',' ( `civicrm_group_contact-1`.group_id = (1) AND `civicrm_group_contact-1`.status IN (\"Added\") ) ','a:10:{s:15:\"civicrm_contact\";i:1;s:18:\"civicrm_individual\";i:1;s:16:\"civicrm_location\";i:1;s:15:\"civicrm_address\";i:1;s:22:\"civicrm_state_province\";i:1;s:15:\"civicrm_country\";i:1;s:13:\"civicrm_email\";i:1;s:13:\"civicrm_phone\";i:1;s:10:\"civicrm_im\";i:1;s:25:\"`civicrm_group_contact-1`\";s:114:\" LEFT JOIN civicrm_group_contact `civicrm_group_contact-1` ON contact_a.id = `civicrm_group_contact-1`.contact_id \";}','a:2:{s:15:\"civicrm_contact\";i:1;s:25:\"`civicrm_group_contact-1`\";s:114:\" LEFT JOIN civicrm_group_contact `civicrm_group_contact-1` ON contact_a.id = `civicrm_group_contact-1`.contact_id \";}'),(2,1,'Newsletter Subscribers','Newsletter Subscribers',NULL,NULL,NULL,1,'Public User Pages and Listings',' ( `civicrm_group_contact-2`.group_id = (2) AND `civicrm_group_contact-2`.status IN (\"Added\") ) ','a:12:{s:15:\"civicrm_contact\";i:1;s:18:\"civicrm_individual\";i:1;s:16:\"civicrm_location\";i:1;s:15:\"civicrm_address\";i:1;s:22:\"civicrm_state_province\";i:1;s:15:\"civicrm_country\";i:1;s:13:\"civicrm_email\";i:1;s:13:\"civicrm_phone\";i:1;s:10:\"civicrm_im\";i:1;s:25:\"`civicrm_group_contact-2`\";s:114:\" LEFT JOIN civicrm_group_contact `civicrm_group_contact-2` ON contact_a.id = `civicrm_group_contact-2`.contact_id \";s:12:\"civicrm_case\";i:1;s:6:\"gender\";i:1;}','a:3:{s:15:\"civicrm_contact\";i:1;s:25:\"`civicrm_group_contact-2`\";s:114:\" LEFT JOIN civicrm_group_contact `civicrm_group_contact-2` ON contact_a.id = `civicrm_group_contact-2`.contact_id \";s:12:\"civicrm_case\";i:1;}'),(3,1,'Summer Program Volunteers','Summer Program Volunteers',NULL,NULL,NULL,1,'Public User Pages and Listings',' ( `civicrm_group_contact-3`.group_id = (3) AND `civicrm_group_contact-3`.status IN (\"Added\") ) ','a:12:{s:15:\"civicrm_contact\";i:1;s:18:\"civicrm_individual\";i:1;s:16:\"civicrm_location\";i:1;s:15:\"civicrm_address\";i:1;s:22:\"civicrm_state_province\";i:1;s:15:\"civicrm_country\";i:1;s:13:\"civicrm_email\";i:1;s:13:\"civicrm_phone\";i:1;s:10:\"civicrm_im\";i:1;s:25:\"`civicrm_group_contact-3`\";s:114:\" LEFT JOIN civicrm_group_contact `civicrm_group_contact-3` ON contact_a.id = `civicrm_group_contact-3`.contact_id \";s:12:\"civicrm_case\";i:1;s:6:\"gender\";i:1;}','a:3:{s:15:\"civicrm_contact\";i:1;s:25:\"`civicrm_group_contact-3`\";s:114:\" LEFT JOIN civicrm_group_contact `civicrm_group_contact-3` ON contact_a.id = `civicrm_group_contact-3`.contact_id \";s:12:\"civicrm_case\";i:1;}'),(4,1,'Advisory Board','Advisory Board',NULL,NULL,NULL,1,'Public User Pages and Listings',' ( `civicrm_group_contact-4`.group_id = (4) AND `civicrm_group_contact-4`.status IN (\"Added\") ) ','a:12:{s:15:\"civicrm_contact\";i:1;s:18:\"civicrm_individual\";i:1;s:16:\"civicrm_location\";i:1;s:15:\"civicrm_address\";i:1;s:22:\"civicrm_state_province\";i:1;s:15:\"civicrm_country\";i:1;s:13:\"civicrm_email\";i:1;s:13:\"civicrm_phone\";i:1;s:10:\"civicrm_im\";i:1;s:25:\"`civicrm_group_contact-4`\";s:114:\" LEFT JOIN civicrm_group_contact `civicrm_group_contact-4` ON contact_a.id = `civicrm_group_contact-4`.contact_id \";s:12:\"civicrm_case\";i:1;s:6:\"gender\";i:1;}','a:3:{s:15:\"civicrm_contact\";i:1;s:25:\"`civicrm_group_contact-4`\";s:114:\" LEFT JOIN civicrm_group_contact `civicrm_group_contact-4` ON contact_a.id = `civicrm_group_contact-4`.contact_id \";s:12:\"civicrm_case\";i:1;}');
UNLOCK TABLES;
/*!40000 ALTER TABLE `civicrm_group` ENABLE KEYS */;

--
-- Dumping data for table `civicrm_group_contact`
--


/*!40000 ALTER TABLE `civicrm_group_contact` DISABLE KEYS */;
LOCK TABLES `civicrm_group_contact` WRITE;
INSERT INTO `civicrm_group_contact` (`id`, `group_id`, `contact_id`, `status`, `location_id`, `email_id`) VALUES (1,2,90,'Added',NULL,NULL),(2,2,56,'Added',NULL,NULL),(3,2,39,'Added',NULL,NULL),(4,2,4,'Removed',NULL,NULL),(5,2,68,'Removed',NULL,NULL),(6,2,13,'Added',NULL,NULL),(7,2,91,'Added',NULL,NULL),(8,2,27,'Removed',NULL,NULL),(9,2,54,'Added',NULL,NULL),(10,2,23,'Added',NULL,NULL),(11,2,35,'Added',NULL,NULL),(12,2,74,'Added',NULL,NULL),(13,2,63,'Added',NULL,NULL),(14,2,61,'Added',NULL,NULL),(15,2,26,'Added',NULL,NULL),(16,2,11,'Added',NULL,NULL),(17,2,73,'Added',NULL,NULL),(18,2,10,'Removed',NULL,NULL),(19,2,38,'Added',NULL,NULL),(20,2,53,'Added',NULL,NULL),(21,2,31,'Removed',NULL,NULL),(22,2,17,'Removed',NULL,NULL),(23,2,30,'Added',NULL,NULL),(24,2,34,'Added',NULL,NULL),(25,2,66,'Removed',NULL,NULL),(26,2,88,'Removed',NULL,NULL),(27,2,40,'Removed',NULL,NULL),(28,2,2,'Removed',NULL,NULL),(29,2,18,'Added',NULL,NULL),(30,2,81,'Added',NULL,NULL),(31,2,16,'Removed',NULL,NULL),(32,2,70,'Added',NULL,NULL),(33,2,87,'Removed',NULL,NULL),(34,2,37,'Added',NULL,NULL),(35,2,97,'Added',NULL,NULL),(36,2,72,'Added',NULL,NULL),(37,2,76,'Removed',NULL,NULL),(38,2,41,'Added',NULL,NULL),(39,2,80,'Removed',NULL,NULL),(40,2,22,'Removed',NULL,NULL),(41,2,67,'Added',NULL,NULL),(42,2,84,'Added',NULL,NULL),(43,2,25,'Removed',NULL,NULL),(44,3,48,'Added',NULL,NULL),(45,3,99,'Removed',NULL,NULL),(46,3,71,'Removed',NULL,NULL),(47,3,50,'Removed',NULL,NULL),(48,3,32,'Added',NULL,NULL),(49,3,46,'Removed',NULL,NULL),(50,3,65,'Removed',NULL,NULL),(51,3,52,'Added',NULL,NULL),(52,3,20,'Removed',NULL,NULL),(53,4,21,'Added',NULL,NULL),(54,4,68,'Removed',NULL,NULL),(55,4,96,'Removed',NULL,NULL),(56,4,8,'Added',NULL,NULL),(57,4,10,'Added',NULL,NULL),(58,4,17,'Removed',NULL,NULL),(59,4,37,'Added',NULL,NULL);
UNLOCK TABLES;
/*!40000 ALTER TABLE `civicrm_group_contact` ENABLE KEYS */;

--
-- Dumping data for table `civicrm_household`
--


/*!40000 ALTER TABLE `civicrm_household` DISABLE KEYS */;
LOCK TABLES `civicrm_household` WRITE;
INSERT INTO `civicrm_household` (`id`, `contact_id`, `household_name`, `primary_contact_id`) VALUES (1,57,'Purvi Roberts\'s home',23),(2,24,'Pat Samuels\'s home',44),(3,59,'Purvi Yadav\'s home',26),(4,49,'Rebecca Yadav\'s home',47),(5,94,'Tony Zope\'s home',31),(6,100,'Monica Reynolds\'s home',17),(7,60,'Dan Roberts\'s home',88),(8,62,'Andrew Reynolds\'s home',81),(9,9,'Sam Smith\'s home',70),(10,33,'Bill Zope\'s home',72),(11,3,'Chris Zope\'s home',80),(12,6,'Michelle Reynolds\'s home',25),(13,86,'Rebecca Smith\'s home',50),(14,43,'Monica Yadav\'s home',46),(15,98,'Rebecca Smith\'s home',82);
UNLOCK TABLES;
/*!40000 ALTER TABLE `civicrm_household` ENABLE KEYS */;

--
-- Dumping data for table `civicrm_im`
--


/*!40000 ALTER TABLE `civicrm_im` DISABLE KEYS */;
LOCK TABLES `civicrm_im` WRITE;
UNLOCK TABLES;
/*!40000 ALTER TABLE `civicrm_im` ENABLE KEYS */;

--
-- Dumping data for table `civicrm_individual`
--


/*!40000 ALTER TABLE `civicrm_individual` DISABLE KEYS */;
LOCK TABLES `civicrm_individual` WRITE;
INSERT INTO `civicrm_individual` (`id`, `contact_id`, `first_name`, `middle_name`, `last_name`, `prefix_id`, `suffix_id`, `greeting_type`, `custom_greeting`, `job_title`, `gender_id`, `birth_date`, `is_deceased`, `deceased_date`, `phone_to_household_id`, `email_to_household_id`, `mail_to_household_id`) VALUES (1,21,'Milan','P','Smith',3,1,'Other',NULL,NULL,1,'1972-03-08',1,NULL,NULL,NULL,NULL),(2,79,'Raymond','E','Zope',1,1,'Other',NULL,NULL,1,'1986-01-12',1,NULL,NULL,NULL,NULL),(3,90,'Chris','R','Reynolds',1,1,'Other',NULL,NULL,2,'1997-07-03',1,NULL,NULL,NULL,NULL),(4,83,'Donald','O','Samuels',4,1,'Custom',NULL,NULL,2,'1996-05-26',1,NULL,NULL,NULL,NULL),(5,56,'Pat','N','Samuels',2,2,'Honorific',NULL,NULL,2,'1991-07-22',0,NULL,NULL,NULL,NULL),(6,39,'Brzczysaw','M','Yadav',2,2,'Honorific',NULL,NULL,2,'1979-12-02',1,NULL,NULL,NULL,NULL),(7,4,'Donald','T','Smith',3,1,'Formal',NULL,NULL,2,'2000-10-11',0,NULL,NULL,NULL,NULL),(8,68,'Tony','Q','Jones',3,1,'Informal',NULL,NULL,2,'1995-01-06',1,NULL,NULL,NULL,NULL),(9,13,'Purvi','H','Roberts',3,1,'Informal',NULL,NULL,2,'1999-12-22',1,NULL,NULL,NULL,NULL),(10,91,'Pat','V','Patel',4,1,'Formal',NULL,NULL,1,'1975-02-11',1,NULL,NULL,NULL,NULL),(11,27,'Franklin','S','Roberts',2,1,'Other',NULL,NULL,2,'1975-06-25',1,NULL,NULL,NULL,NULL),(12,69,'Dan','K','Jameson',1,2,'Other',NULL,NULL,1,'1992-11-04',0,NULL,NULL,NULL,NULL),(13,54,'Rebecca','B','Jones',3,2,'Other',NULL,NULL,2,'1996-05-24',0,NULL,NULL,NULL,NULL),(14,42,'Donald','M','Reynolds',4,2,'Other',NULL,NULL,1,'1970-08-27',1,NULL,NULL,NULL,NULL),(15,96,'Chris','O','Samuels',4,2,'Formal',NULL,NULL,2,'1987-05-19',0,NULL,NULL,NULL,NULL),(16,23,'Purvi','M','Roberts',3,2,'Custom',NULL,NULL,2,'1973-12-17',0,NULL,NULL,NULL,NULL),(17,29,'Melinda','I','Jones',4,1,'Other',NULL,NULL,2,'1977-10-23',0,NULL,NULL,NULL,NULL),(18,35,'Jennifer','U','Roberts',3,2,'Other',NULL,NULL,2,'1976-06-04',1,NULL,NULL,NULL,NULL),(19,74,'Michael','O','Patel',4,2,'Formal',NULL,NULL,2,'1990-03-10',1,NULL,NULL,NULL,NULL),(20,44,'Pat','T','Samuels',1,1,'Honorific',NULL,NULL,2,'1992-09-16',1,NULL,NULL,NULL,NULL),(21,63,'Milan','V','Smith',3,1,'Custom',NULL,NULL,2,'1976-12-31',0,NULL,NULL,NULL,NULL),(22,8,'Jennifer','Z','Adams',2,1,'Other',NULL,NULL,2,'1990-10-13',1,NULL,NULL,NULL,NULL),(23,61,'Brzczysaw','L','Roberts',3,2,'Informal',NULL,NULL,1,'1980-08-31',1,NULL,NULL,NULL,NULL),(24,26,'Purvi','L','Yadav',4,1,'Custom',NULL,NULL,2,'1986-10-31',1,NULL,NULL,NULL,NULL),(25,11,'Chris','E','Grant',1,1,'Informal',NULL,NULL,2,'1976-04-05',1,NULL,NULL,NULL,NULL),(26,19,'Chris','H','Smith',1,2,'Honorific',NULL,NULL,2,'2001-05-28',1,NULL,NULL,NULL,NULL),(27,73,'Tony','L','Smith',3,1,'Honorific',NULL,NULL,1,'1986-07-25',0,NULL,NULL,NULL,NULL),(28,47,'Rebecca','U','Yadav',3,1,'Custom',NULL,NULL,1,'1970-06-18',1,NULL,NULL,NULL,NULL),(29,10,'Monica','L','Samuels',2,2,'Other',NULL,NULL,2,'1985-09-10',0,NULL,NULL,NULL,NULL),(30,38,'Brzczysaw','D','Smith',4,1,'Custom',NULL,NULL,2,'1993-01-12',1,NULL,NULL,NULL,NULL),(31,53,'Michael','L','Samuels',2,2,'Other',NULL,NULL,1,'1972-02-03',1,NULL,NULL,NULL,NULL),(32,31,'Tony','J','Zope',4,1,'Custom',NULL,NULL,2,'1997-07-01',1,NULL,NULL,NULL,NULL),(33,75,'Melinda','A','Zope',4,2,'Informal',NULL,NULL,2,'1988-12-08',0,NULL,NULL,NULL,NULL),(34,85,'Sheila','Z','Adams',3,1,'Custom',NULL,NULL,1,'1973-06-11',0,NULL,NULL,NULL,NULL),(35,77,'Alice','L','Adams',1,1,'Custom',NULL,NULL,1,'2003-03-22',1,NULL,NULL,NULL,NULL),(36,17,'Monica','G','Reynolds',2,2,'Formal',NULL,NULL,1,'2000-01-16',0,NULL,NULL,NULL,NULL),(37,30,'Melinda','X','Patel',2,2,'Custom',NULL,NULL,1,'2005-05-29',1,NULL,NULL,NULL,NULL),(38,34,'Franklin','B','Roberts',3,1,'Other',NULL,NULL,1,'1996-01-12',1,NULL,NULL,NULL,NULL),(39,66,'Monica','L','chowski',4,1,'Custom',NULL,NULL,2,'1989-10-21',0,NULL,NULL,NULL,NULL),(40,88,'Dan','C','Roberts',2,2,'Custom',NULL,NULL,2,'2001-08-15',1,NULL,NULL,NULL,NULL),(41,40,'Alice','L','Jameson',4,2,'Other',NULL,NULL,2,'1972-08-18',0,NULL,NULL,NULL,NULL),(42,2,'Anne','U','Samuels',4,1,'Formal',NULL,NULL,2,'1976-02-17',0,NULL,NULL,NULL,NULL),(43,18,'Pat','T','Adams',1,1,'Other',NULL,NULL,2,'1980-11-26',1,NULL,NULL,NULL,NULL),(44,81,'Andrew','F','Reynolds',1,2,'Formal',NULL,NULL,2,'1977-01-22',1,NULL,NULL,NULL,NULL),(45,36,'Sam','T','Patel',2,2,'Custom',NULL,NULL,2,'2002-01-07',0,NULL,NULL,NULL,NULL),(46,16,'Sandy','X','Reynolds',2,2,'Honorific',NULL,NULL,1,'2002-12-01',0,NULL,NULL,NULL,NULL),(47,58,'Tony','I','Smith',2,2,'Other',NULL,NULL,1,'1996-09-08',1,NULL,NULL,NULL,NULL),(48,70,'Sam','D','Smith',4,2,'Honorific',NULL,NULL,2,'2004-03-17',1,NULL,NULL,NULL,NULL),(49,87,'Franklin','H','Yadav',2,1,'Other',NULL,NULL,1,'1970-07-15',0,NULL,NULL,NULL,NULL),(50,37,'Michelle','C','Roberts',1,2,'Informal',NULL,NULL,1,'1973-05-23',0,NULL,NULL,NULL,NULL),(51,97,'Bill','L','Grant',4,2,'Formal',NULL,NULL,1,'2007-02-20',0,NULL,NULL,NULL,NULL),(52,72,'Bill','D','Zope',2,2,'Honorific',NULL,NULL,1,'1989-11-10',1,NULL,NULL,NULL,NULL),(53,76,'Andrew','Q','Jones',2,2,'Honorific',NULL,NULL,1,'2005-12-11',0,NULL,NULL,NULL,NULL),(54,41,'Jennifer','L','chowski',2,1,'Informal',NULL,NULL,1,'1982-12-13',0,NULL,NULL,NULL,NULL),(55,15,'Michelle','D','Jones',1,1,'Formal',NULL,NULL,2,'1973-06-04',1,NULL,NULL,NULL,NULL),(56,80,'Chris','P','Zope',3,1,'Honorific',NULL,NULL,1,'1991-10-06',0,NULL,NULL,NULL,NULL),(57,22,'Tony','L','Smith',3,1,'Formal',NULL,NULL,2,'1973-09-16',1,NULL,NULL,NULL,NULL),(58,67,'Bill','X','Patel',1,2,'Informal',NULL,NULL,2,'1999-03-21',1,NULL,NULL,NULL,NULL),(59,84,'Melinda','V','Jameson',4,2,'Formal',NULL,NULL,1,'1998-06-01',1,NULL,NULL,NULL,NULL),(60,25,'Michelle','P','Reynolds',4,2,'Honorific',NULL,NULL,1,'1972-06-26',0,NULL,NULL,NULL,NULL),(61,48,'Pat','P','Smith',4,2,'Formal',NULL,NULL,2,'1974-03-17',1,NULL,NULL,NULL,NULL),(62,99,'Jennifer','I','Zope',1,2,'Custom',NULL,NULL,2,'1994-05-06',1,NULL,NULL,NULL,NULL),(63,71,'Anne','W','Adams',2,1,'Formal',NULL,NULL,2,'1987-09-02',0,NULL,NULL,NULL,NULL),(64,50,'Rebecca','B','Smith',1,1,'Other',NULL,NULL,2,'1995-08-19',0,NULL,NULL,NULL,NULL),(65,32,'Dan','P','chowski',3,1,'Custom',NULL,NULL,2,'2007-01-07',1,NULL,NULL,NULL,NULL),(66,14,'Sheila','Q','Yadav',3,1,'Honorific',NULL,NULL,1,'1989-02-23',1,NULL,NULL,NULL,NULL),(67,45,'Michael','J','Smith',1,2,'Custom',NULL,NULL,2,'1971-04-02',0,NULL,NULL,NULL,NULL),(68,46,'Monica','Q','Yadav',4,1,'Honorific',NULL,NULL,2,'2003-10-29',0,NULL,NULL,NULL,NULL),(69,65,'Anne','I','Adams',4,1,'Custom',NULL,NULL,1,'1980-11-26',1,NULL,NULL,NULL,NULL),(70,55,'Anne','A','Jones',1,2,'Formal',NULL,NULL,1,'2000-12-03',1,NULL,NULL,NULL,NULL),(71,52,'Milan','M','Yadav',4,2,'Formal',NULL,NULL,2,'2003-11-09',0,NULL,NULL,NULL,NULL),(72,82,'Rebecca','Z','Smith',3,2,'Formal',NULL,NULL,1,'1980-04-13',1,NULL,NULL,NULL,NULL),(73,20,'Raymond','S','Adams',3,1,'Other',NULL,NULL,1,'1970-04-09',1,NULL,NULL,NULL,NULL),(74,101,'Sheila','K','Reynolds',4,1,'Honorific',NULL,NULL,1,'1970-05-06',0,NULL,NULL,NULL,NULL),(75,92,'Brzczysaw','Y','Jameson',4,2,'Other',NULL,NULL,1,'1990-10-04',0,NULL,NULL,NULL,NULL);
UNLOCK TABLES;
/*!40000 ALTER TABLE `civicrm_individual` ENABLE KEYS */;

--
-- Dumping data for table `civicrm_line_item`
--


/*!40000 ALTER TABLE `civicrm_line_item` DISABLE KEYS */;
LOCK TABLES `civicrm_line_item` WRITE;
UNLOCK TABLES;
/*!40000 ALTER TABLE `civicrm_line_item` ENABLE KEYS */;

--
-- Dumping data for table `civicrm_location`
--


/*!40000 ALTER TABLE `civicrm_location` DISABLE KEYS */;
LOCK TABLES `civicrm_location` WRITE;
INSERT INTO `civicrm_location` (`id`, `entity_table`, `entity_id`, `location_type_id`, `is_primary`, `name`) VALUES (1,'civicrm_domain',1,3,1,NULL),(2,'civicrm_contact',21,1,1,NULL),(3,'civicrm_contact',79,1,1,NULL),(4,'civicrm_contact',90,1,1,NULL),(5,'civicrm_contact',83,1,1,NULL),(6,'civicrm_contact',56,1,1,NULL),(7,'civicrm_contact',39,1,1,NULL),(8,'civicrm_contact',4,1,1,NULL),(9,'civicrm_contact',68,1,1,NULL),(10,'civicrm_contact',13,1,1,NULL),(11,'civicrm_contact',91,1,1,NULL),(12,'civicrm_contact',27,1,1,NULL),(13,'civicrm_contact',69,1,1,NULL),(14,'civicrm_contact',54,1,1,NULL),(15,'civicrm_contact',42,1,1,NULL),(16,'civicrm_contact',96,1,1,NULL),(17,'civicrm_contact',57,1,1,NULL),(18,'civicrm_contact',24,1,1,NULL),(19,'civicrm_contact',59,1,1,NULL),(20,'civicrm_contact',49,1,1,NULL),(21,'civicrm_contact',94,1,1,NULL),(22,'civicrm_contact',100,1,1,NULL),(23,'civicrm_contact',60,1,1,NULL),(24,'civicrm_contact',62,1,1,NULL),(25,'civicrm_contact',9,1,1,NULL),(26,'civicrm_contact',33,1,1,NULL),(27,'civicrm_contact',3,1,1,NULL),(28,'civicrm_contact',6,1,1,NULL),(29,'civicrm_contact',86,1,1,NULL),(30,'civicrm_contact',43,1,1,NULL),(31,'civicrm_contact',98,1,1,NULL),(32,'civicrm_contact',51,3,1,NULL),(33,'civicrm_contact',93,3,1,NULL),(34,'civicrm_contact',5,3,1,NULL),(35,'civicrm_contact',64,3,1,NULL),(36,'civicrm_contact',12,3,1,NULL),(37,'civicrm_contact',78,3,1,NULL),(38,'civicrm_contact',28,3,1,NULL),(39,'civicrm_contact',89,3,1,NULL),(40,'civicrm_contact',95,3,1,NULL),(41,'civicrm_contact',7,3,1,NULL),(42,'civicrm_contact',23,1,1,NULL),(43,'civicrm_contact',29,1,1,NULL),(44,'civicrm_contact',35,1,1,NULL),(45,'civicrm_contact',74,1,1,NULL),(46,'civicrm_contact',44,1,1,NULL),(47,'civicrm_contact',63,1,1,NULL),(48,'civicrm_contact',8,1,1,NULL),(49,'civicrm_contact',61,1,1,NULL),(50,'civicrm_contact',26,1,1,NULL),(51,'civicrm_contact',11,1,1,NULL),(52,'civicrm_contact',19,1,1,NULL),(53,'civicrm_contact',73,1,1,NULL),(54,'civicrm_contact',47,1,1,NULL),(55,'civicrm_contact',10,1,1,NULL),(56,'civicrm_contact',38,1,1,NULL),(57,'civicrm_contact',53,1,1,NULL),(58,'civicrm_contact',31,1,1,NULL),(59,'civicrm_contact',75,1,1,NULL),(60,'civicrm_contact',85,1,1,NULL),(61,'civicrm_contact',77,1,1,NULL),(62,'civicrm_contact',17,1,1,NULL),(63,'civicrm_contact',30,1,1,NULL),(64,'civicrm_contact',34,1,1,NULL),(65,'civicrm_contact',66,1,1,NULL),(66,'civicrm_contact',88,1,1,NULL),(67,'civicrm_contact',40,1,1,NULL),(68,'civicrm_contact',2,1,1,NULL),(69,'civicrm_contact',18,1,1,NULL),(70,'civicrm_contact',81,1,1,NULL),(71,'civicrm_contact',36,1,1,NULL),(72,'civicrm_contact',16,1,1,NULL),(73,'civicrm_contact',58,1,1,NULL),(74,'civicrm_contact',70,1,1,NULL),(75,'civicrm_contact',87,1,1,NULL),(76,'civicrm_contact',37,1,1,NULL),(77,'civicrm_contact',97,1,1,NULL),(78,'civicrm_contact',72,1,1,NULL),(79,'civicrm_contact',76,1,1,NULL),(80,'civicrm_contact',41,1,1,NULL),(81,'civicrm_contact',15,1,1,NULL),(82,'civicrm_contact',80,1,1,NULL),(83,'civicrm_contact',22,1,1,NULL),(84,'civicrm_contact',67,1,1,NULL),(85,'civicrm_contact',84,1,1,NULL),(86,'civicrm_contact',25,1,1,NULL),(87,'civicrm_event',1,1,0,'Echo Park Rec Center'),(88,'civicrm_event',2,3,0,'Johnson Pavilion'),(89,'civicrm_event',3,3,1,'Capitol Fields');
UNLOCK TABLES;
/*!40000 ALTER TABLE `civicrm_location` ENABLE KEYS */;

--
-- Dumping data for table `civicrm_location_type`
--


/*!40000 ALTER TABLE `civicrm_location_type` DISABLE KEYS */;
LOCK TABLES `civicrm_location_type` WRITE;
INSERT INTO `civicrm_location_type` (`id`, `domain_id`, `name`, `vcard_name`, `description`, `is_reserved`, `is_active`, `is_default`) VALUES (1,1,'Home','HOME','Place of residence',0,1,1),(2,1,'Work','WORK','Work location',0,1,NULL),(3,1,'Main',NULL,'Main office location',0,1,NULL),(4,1,'Other',NULL,'Other location',0,1,NULL),(5,1,'Billing',NULL,'Billing Address location',1,1,NULL);
UNLOCK TABLES;
/*!40000 ALTER TABLE `civicrm_location_type` ENABLE KEYS */;

--
-- Dumping data for table `civicrm_log`
--


/*!40000 ALTER TABLE `civicrm_log` DISABLE KEYS */;
LOCK TABLES `civicrm_log` WRITE;
UNLOCK TABLES;
/*!40000 ALTER TABLE `civicrm_log` ENABLE KEYS */;

--
-- Dumping data for table `civicrm_mailing`
--


/*!40000 ALTER TABLE `civicrm_mailing` DISABLE KEYS */;
LOCK TABLES `civicrm_mailing` WRITE;
UNLOCK TABLES;
/*!40000 ALTER TABLE `civicrm_mailing` ENABLE KEYS */;

--
-- Dumping data for table `civicrm_mailing_bounce_pattern`
--


/*!40000 ALTER TABLE `civicrm_mailing_bounce_pattern` DISABLE KEYS */;
LOCK TABLES `civicrm_mailing_bounce_pattern` WRITE;
INSERT INTO `civicrm_mailing_bounce_pattern` (`id`, `bounce_type_id`, `pattern`) VALUES (1,1,'Client TOS Notification'),(2,2,'(be|am)? (out of|away from) (the|my)? (office|computer|town)'),(3,2,'i am on vacation'),(4,3,'name(server entry| lookup failure)'),(5,3,'no (mail server|matches to nameserver query|dns entries)'),(6,3,'reverse dns entry'),(7,4,'(unknown|not local) host'),(8,4,'all hosts have been failing'),(9,4,'allowed rcpthosts'),(10,4,'connection (refused|timed out)'),(11,4,'couldn\'t find any host named'),(12,4,'error involving remote host'),(13,4,'host unknown'),(14,4,'invalid host name'),(15,4,'isn\'t in my control/locals file'),(16,4,'local configuration error'),(17,4,'not a gateway'),(18,4,'server is down or unreachable'),(19,4,'too many connections'),(20,4,'unable to connect'),(21,5,'(my )?e-?mail( address)? has changed'),(22,5,'account (inactive|expired|deactivated)'),(23,5,'account is locked'),(24,5,'changed w+( e-?mail)? address'),(25,5,'deactivated mailbox'),(26,5,'disabled or discontinued'),(27,5,'inactive user'),(28,5,'is inactive on this domain'),(29,5,'mail receiving disabled'),(30,5,'mail( ?)address is administrative?ly disabled'),(31,5,'mailbox (temporarily disabled|currently suspended)'),(32,5,'no longer (accepting mail|on server|in use|with|employed|on staff|works for|using this account)'),(33,5,'not accepting mail'),(34,5,'please use my new e-?mail address'),(35,5,'this address no longer accepts mail'),(36,5,'user account suspended'),(37,6,'(user|recipient( name)?) is not recognized'),(38,6,'554 delivery error'),(39,6,'address does not exist'),(40,6,'address(es)? could not be found'),(41,6,'addressee unknown'),(42,6,'bad destination'),(43,6,'badly formatted address'),(44,6,'can\'t open mailbox for'),(45,6,'cannot deliver'),(46,6,'delivery to the following recipients failed'),(47,6,'destination addresses were unknown'),(48,6,'did not reach the following recipient'),(49,6,'does not exist'),(50,6,'does not like recipient'),(51,6,'does not specify a valid notes mail file'),(52,6,'illegal alias'),(53,6,'invalid (mailbox|(e-?mail )?address|recipient|final delivery)'),(54,6,'invalid( or unknown)?( virtual)? user'),(55,6,'mail delivery to this user is not allowed'),(56,6,'mailbox (not found|unavailable|name not allowed)'),(57,6,'message could not be forwarded'),(58,6,'missing or malformed local(-| )part'),(59,6,'no e-?mail address registered'),(60,6,'no such (mail drop|mailbox( w+)?|(e-?mail )?address|recipient|(local )?user)( here)?'),(61,6,'no mailbox here by that name'),(62,6,'not (listed in|found in directory|known at this site|our customer)'),(63,6,'not a valid( (user|mailbox))?'),(64,6,'not present in directory entry'),(65,6,'recipient (does not exist|(is )?unknown)'),(66,6,'this user doesn\'t have a yahoo.com address'),(67,6,'unavailable to take delivery of the message'),(68,6,'unavailable mailbox'),(69,6,'unknown (local( |-)part|recipient)'),(70,6,'unknown( or illegal)? user( account)?'),(71,6,'unrecognized recipient'),(72,6,'unregistered address'),(73,6,'user (unknown|does not exist)'),(74,6,'user doesn\'t have an? w+ account'),(75,6,'user(\'s e-?mail name is)? not found'),(76,7,'(mail|routing) loop'),(77,7,'excessive recursion'),(78,7,'loop detected'),(79,7,'maximum hop count exceeded'),(80,7,'message was forwarded more than the maximum allowed times'),(81,7,'too many hops'),(82,8,'(disk|over the allowed|exceed(ed|s)?|storage) quota'),(83,8,'522_mailbox_full'),(84,8,'exceeds allowed message count'),(85,8,'file too large'),(86,8,'full mailbox'),(87,8,'mailbox ((for user w+ )?is )?full'),(88,8,'mailbox has exceeded the limit'),(89,8,'mailbox( exceeds allowed)? size'),(90,8,'no space left for this user'),(91,8,'overs?quota'),(92,8,'quota (for the mailbox )?has been exceeded'),(93,8,'quota (usage|violation|exceeded)'),(94,8,'recipient storage full'),(95,8,'not able to receive more mail'),(96,9,'cannot find your hostname'),(97,9,'ip name lookup'),(98,9,'not configured to relay mail'),(99,9,'relay (not permitted|access denied)'),(100,9,'relayed mail to .+? not allowed'),(101,9,'sender ip must resolve'),(102,9,'unable to relay'),(103,10,'(bulk( e-?mail)|content|attachment blocking|virus|mail system) filters?'),(104,10,'(hostile|questionable|unacceptable) content'),(105,10,'address .+? has not been verified'),(106,10,'anti-?spam (policw+|software)'),(107,10,'anti-?virus gateway has detected'),(108,10,'blacklisted'),(109,10,'blocked message'),(110,10,'content control'),(111,10,'delivery not authorized'),(112,10,'does not conform to our e-?mail policy'),(113,10,'excessive spam content'),(114,10,'message looks suspicious'),(115,10,'open relay'),(116,10,'sender was rejected'),(117,10,'spam(check| reduction software| filters?)'),(118,10,'blocked by a user configured filter'),(119,10,'detected as spam'),(120,11,'nonstandard smtp line terminator'),(121,11,'syntax error in from address'),(122,11,'unknown smtp code');
UNLOCK TABLES;
/*!40000 ALTER TABLE `civicrm_mailing_bounce_pattern` ENABLE KEYS */;

--
-- Dumping data for table `civicrm_mailing_bounce_type`
--


/*!40000 ALTER TABLE `civicrm_mailing_bounce_type` DISABLE KEYS */;
LOCK TABLES `civicrm_mailing_bounce_type` WRITE;
INSERT INTO `civicrm_mailing_bounce_type` (`id`, `name`, `description`, `hold_threshold`) VALUES (1,'AOL','AOL Terms of Service complaint',1),(2,'Away','Recipient is on vacation',3),(3,'DNS','Unable to resolve recipient domain',3),(4,'Host','Unable to deliver to destintation mail server',3),(5,'Inactive','User account is no longer active',1),(6,'Invalid','Email address is not valid',1),(7,'Loop','Mail routing error',3),(8,'Quota','User inbox is full',3),(9,'Relay','Unable to reach destination mail server',3),(10,'Spam','Message caught by a content filter',1),(11,'Syntax','Error in SMTP transaction',3);
UNLOCK TABLES;
/*!40000 ALTER TABLE `civicrm_mailing_bounce_type` ENABLE KEYS */;

--
-- Dumping data for table `civicrm_mailing_component`
--


/*!40000 ALTER TABLE `civicrm_mailing_component` DISABLE KEYS */;
LOCK TABLES `civicrm_mailing_component` WRITE;
INSERT INTO `civicrm_mailing_component` (`id`, `domain_id`, `name`, `component_type`, `subject`, `body_html`, `body_text`, `is_default`, `is_active`) VALUES (1,1,'Mailing Header','Header','This is the Header','HTML Body of Header','Text Body of Header',1,1),(2,1,'Mailing Footer','Footer','This is the Footer','HTML Body of Footer','Text Body of Footer',1,1),(3,1,'Subscribe Message','Subscribe','Subscription confirmation request','You have a pending subscription to {subscribe.group}. To confirm this subscription, reply to this email.','You have a pending subscription to {subscribe.group}. To confirm this subscription, reply to this email.',1,1),(4,1,'Welcome Message','Welcome','Welcome','Welcome to {welcome.group}!','Welcome to {welcome.group}!',1,1),(5,1,'Unsubscribe Message','Unsubscribe','Unsubscribe results','You have been unsubscribed from {unsubscribe.group}.','You have been unsubscribed from {unsubscribe.group}.',1,1),(6,1,'Opt-out Message','OptOut','Goodbye','You have been removed from {domain.name}. Goodbye.','You have been removed from {domain.name}. Goodbye.',1,1),(7,1,'Auto-responder','Reply','Automated response','Thank you for your reply.','Thank you for your reply.',1,1);
UNLOCK TABLES;
/*!40000 ALTER TABLE `civicrm_mailing_component` ENABLE KEYS */;

--
-- Dumping data for table `civicrm_mailing_event_bounce`
--


/*!40000 ALTER TABLE `civicrm_mailing_event_bounce` DISABLE KEYS */;
LOCK TABLES `civicrm_mailing_event_bounce` WRITE;
UNLOCK TABLES;
/*!40000 ALTER TABLE `civicrm_mailing_event_bounce` ENABLE KEYS */;

--
-- Dumping data for table `civicrm_mailing_event_confirm`
--


/*!40000 ALTER TABLE `civicrm_mailing_event_confirm` DISABLE KEYS */;
LOCK TABLES `civicrm_mailing_event_confirm` WRITE;
UNLOCK TABLES;
/*!40000 ALTER TABLE `civicrm_mailing_event_confirm` ENABLE KEYS */;

--
-- Dumping data for table `civicrm_mailing_event_delivered`
--


/*!40000 ALTER TABLE `civicrm_mailing_event_delivered` DISABLE KEYS */;
LOCK TABLES `civicrm_mailing_event_delivered` WRITE;
UNLOCK TABLES;
/*!40000 ALTER TABLE `civicrm_mailing_event_delivered` ENABLE KEYS */;

--
-- Dumping data for table `civicrm_mailing_event_forward`
--


/*!40000 ALTER TABLE `civicrm_mailing_event_forward` DISABLE KEYS */;
LOCK TABLES `civicrm_mailing_event_forward` WRITE;
UNLOCK TABLES;
/*!40000 ALTER TABLE `civicrm_mailing_event_forward` ENABLE KEYS */;

--
-- Dumping data for table `civicrm_mailing_event_opened`
--


/*!40000 ALTER TABLE `civicrm_mailing_event_opened` DISABLE KEYS */;
LOCK TABLES `civicrm_mailing_event_opened` WRITE;
UNLOCK TABLES;
/*!40000 ALTER TABLE `civicrm_mailing_event_opened` ENABLE KEYS */;

--
-- Dumping data for table `civicrm_mailing_event_queue`
--


/*!40000 ALTER TABLE `civicrm_mailing_event_queue` DISABLE KEYS */;
LOCK TABLES `civicrm_mailing_event_queue` WRITE;
UNLOCK TABLES;
/*!40000 ALTER TABLE `civicrm_mailing_event_queue` ENABLE KEYS */;

--
-- Dumping data for table `civicrm_mailing_event_reply`
--


/*!40000 ALTER TABLE `civicrm_mailing_event_reply` DISABLE KEYS */;
LOCK TABLES `civicrm_mailing_event_reply` WRITE;
UNLOCK TABLES;
/*!40000 ALTER TABLE `civicrm_mailing_event_reply` ENABLE KEYS */;

--
-- Dumping data for table `civicrm_mailing_event_subscribe`
--


/*!40000 ALTER TABLE `civicrm_mailing_event_subscribe` DISABLE KEYS */;
LOCK TABLES `civicrm_mailing_event_subscribe` WRITE;
UNLOCK TABLES;
/*!40000 ALTER TABLE `civicrm_mailing_event_subscribe` ENABLE KEYS */;

--
-- Dumping data for table `civicrm_mailing_event_trackable_url_open`
--


/*!40000 ALTER TABLE `civicrm_mailing_event_trackable_url_open` DISABLE KEYS */;
LOCK TABLES `civicrm_mailing_event_trackable_url_open` WRITE;
UNLOCK TABLES;
/*!40000 ALTER TABLE `civicrm_mailing_event_trackable_url_open` ENABLE KEYS */;

--
-- Dumping data for table `civicrm_mailing_event_unsubscribe`
--


/*!40000 ALTER TABLE `civicrm_mailing_event_unsubscribe` DISABLE KEYS */;
LOCK TABLES `civicrm_mailing_event_unsubscribe` WRITE;
UNLOCK TABLES;
/*!40000 ALTER TABLE `civicrm_mailing_event_unsubscribe` ENABLE KEYS */;

--
-- Dumping data for table `civicrm_mailing_group`
--


/*!40000 ALTER TABLE `civicrm_mailing_group` DISABLE KEYS */;
LOCK TABLES `civicrm_mailing_group` WRITE;
UNLOCK TABLES;
/*!40000 ALTER TABLE `civicrm_mailing_group` ENABLE KEYS */;

--
-- Dumping data for table `civicrm_mailing_job`
--


/*!40000 ALTER TABLE `civicrm_mailing_job` DISABLE KEYS */;
LOCK TABLES `civicrm_mailing_job` WRITE;
UNLOCK TABLES;
/*!40000 ALTER TABLE `civicrm_mailing_job` ENABLE KEYS */;

--
-- Dumping data for table `civicrm_mailing_trackable_url`
--


/*!40000 ALTER TABLE `civicrm_mailing_trackable_url` DISABLE KEYS */;
LOCK TABLES `civicrm_mailing_trackable_url` WRITE;
UNLOCK TABLES;
/*!40000 ALTER TABLE `civicrm_mailing_trackable_url` ENABLE KEYS */;

--
-- Dumping data for table `civicrm_mapping`
--


/*!40000 ALTER TABLE `civicrm_mapping` DISABLE KEYS */;
LOCK TABLES `civicrm_mapping` WRITE;
UNLOCK TABLES;
/*!40000 ALTER TABLE `civicrm_mapping` ENABLE KEYS */;

--
-- Dumping data for table `civicrm_mapping_field`
--


/*!40000 ALTER TABLE `civicrm_mapping_field` DISABLE KEYS */;
LOCK TABLES `civicrm_mapping_field` WRITE;
UNLOCK TABLES;
/*!40000 ALTER TABLE `civicrm_mapping_field` ENABLE KEYS */;

--
-- Dumping data for table `civicrm_meeting`
--


/*!40000 ALTER TABLE `civicrm_meeting` DISABLE KEYS */;
LOCK TABLES `civicrm_meeting` WRITE;
UNLOCK TABLES;
/*!40000 ALTER TABLE `civicrm_meeting` ENABLE KEYS */;

--
-- Dumping data for table `civicrm_membership`
--


/*!40000 ALTER TABLE `civicrm_membership` DISABLE KEYS */;
LOCK TABLES `civicrm_membership` WRITE;
INSERT INTO `civicrm_membership` (`id`, `contact_id`, `membership_type_id`, `join_date`, `start_date`, `end_date`, `source`, `status_id`, `is_override`, `reminder_date`, `owner_membership_id`, `is_test`) VALUES (1,55,1,'2006-01-21','2006-01-21','2006-12-21','Payment',4,NULL,NULL,NULL,0),(2,69,2,'2005-05-07','2005-05-07','2006-05-07','Donation',4,NULL,NULL,NULL,0),(3,96,1,'2005-05-05','2005-05-05','2006-05-10','Check',4,NULL,NULL,NULL,0),(4,68,1,'2005-10-21','2005-10-21','2006-10-22','Payment',4,NULL,NULL,NULL,0),(5,38,2,'2005-01-10','2005-01-10','2006-07-09','Donation',4,NULL,NULL,NULL,0),(6,48,2,'2005-03-05','2005-03-05','2005-12-04','Check',4,NULL,NULL,NULL,0),(7,34,1,'2006-07-21','2006-07-21','2007-01-20','Payment',4,NULL,NULL,NULL,0),(8,70,2,'2006-03-07','2006-03-07','2006-12-31','Donation',4,NULL,NULL,NULL,0),(9,76,3,'2005-02-05','2005-02-05','2006-02-10','Check',4,NULL,NULL,NULL,0),(10,36,1,'2005-02-01','2005-02-01','2006-02-10','Payment',4,NULL,NULL,NULL,0),(11,88,2,'2006-01-10','2006-01-10','2007-12-09','Donation',2,NULL,NULL,NULL,0),(12,31,3,'2006-03-06','2006-03-06','2007-01-04','Check',4,NULL,NULL,NULL,0),(13,72,1,'2005-06-04','2005-06-04','2006-06-07','Payment',4,NULL,NULL,NULL,0),(14,83,2,'2004-01-10','2004-01-10','2005-02-09','Donation',4,NULL,NULL,NULL,0),(15,74,2,'2005-07-04','2005-07-04','2006-07-04','Check',4,NULL,NULL,NULL,0),(16,56,1,'2006-01-21','2006-01-21','2007-01-20','Payment',4,NULL,NULL,NULL,0),(17,41,2,'2005-01-10','2005-01-10','2007-12-09','Donation',2,NULL,NULL,NULL,0),(18,67,3,'2006-03-05','2006-03-05','2007-11-04','Check',2,NULL,NULL,NULL,0),(19,10,1,'2005-10-21','2005-10-21','2006-01-20','Payment',4,NULL,NULL,NULL,0),(20,53,2,'2006-01-10','2006-01-10','2006-12-09','Donation',4,NULL,NULL,NULL,0),(21,73,2,'2005-03-25','2005-03-25','2006-03-26','Check',4,NULL,NULL,NULL,0),(22,54,1,'2006-10-21','2006-10-21','2006-11-20','Payment',4,NULL,NULL,NULL,0),(23,101,2,'2005-01-10','2005-01-10','2007-12-09','Donation',2,NULL,NULL,NULL,0),(24,79,2,'2005-03-11','2005-03-11','2006-01-04','Check',4,NULL,NULL,NULL,0),(25,2,3,'2005-04-05','2005-04-05','2006-01-04','Check',4,NULL,NULL,NULL,0);
UNLOCK TABLES;
/*!40000 ALTER TABLE `civicrm_membership` ENABLE KEYS */;

--
-- Dumping data for table `civicrm_membership_block`
--


/*!40000 ALTER TABLE `civicrm_membership_block` DISABLE KEYS */;
LOCK TABLES `civicrm_membership_block` WRITE;
INSERT INTO `civicrm_membership_block` (`id`, `entity_table`, `entity_id`, `membership_types`, `membership_type_default`, `display_min_fee`, `is_separate_payment`, `new_title`, `new_text`, `renewal_title`, `renewal_text`, `is_required`, `is_active`) VALUES (1,'civicrm_contribution_page',2,'1,2',1,1,NULL,'Membership Levels and Fees','Please select the appropriate membership level below. You will have a chance to review your selection and the corresponding dues on the next page prior to your credit card being charged.','Renew or Upgrade Your Membership','Information on your current membership level and expiration date is shown below. You may renew or upgrade at any time - but don\'t let your membership lapse!',1,1);
UNLOCK TABLES;
/*!40000 ALTER TABLE `civicrm_membership_block` ENABLE KEYS */;

--
-- Dumping data for table `civicrm_membership_log`
--


/*!40000 ALTER TABLE `civicrm_membership_log` DISABLE KEYS */;
LOCK TABLES `civicrm_membership_log` WRITE;
INSERT INTO `civicrm_membership_log` (`id`, `membership_id`, `status_id`, `start_date`, `end_date`, `modified_id`, `modified_date`, `renewal_reminder_date`) VALUES (1,1,4,'2006-01-21','2006-12-21',55,'2007-06-25',NULL),(2,2,4,'2005-05-07','2006-05-07',69,'2007-06-25',NULL),(3,3,4,'2005-05-05','2006-05-10',96,'2007-06-25',NULL),(4,4,4,'2005-10-21','2006-10-22',68,'2007-06-25',NULL),(5,5,4,'2005-01-10','2006-07-09',38,'2007-06-25',NULL),(6,6,4,'2005-03-05','2005-12-04',48,'2007-06-25',NULL),(7,7,4,'2006-07-21','2007-01-20',34,'2007-06-25',NULL),(8,8,4,'2006-03-07','2006-12-31',70,'2007-06-25',NULL),(9,9,4,'2005-02-05','2006-02-10',76,'2007-06-25',NULL),(10,10,4,'2005-02-01','2006-02-10',36,'2007-06-25',NULL),(11,11,2,'2006-01-10','2007-12-09',88,'2007-06-25',NULL),(12,12,4,'2006-03-06','2007-01-04',31,'2007-06-25',NULL),(13,13,4,'2005-06-04','2006-06-07',72,'2007-06-25',NULL),(14,14,4,'2004-01-10','2005-02-09',83,'2007-06-25',NULL),(15,15,4,'2005-07-04','2006-07-04',74,'2007-06-25',NULL),(16,16,4,'2006-01-21','2007-01-20',56,'2007-06-25',NULL),(17,17,2,'2005-01-10','2007-12-09',41,'2007-06-25',NULL),(18,18,2,'2006-03-05','2007-11-04',67,'2007-06-25',NULL),(19,19,4,'2005-10-21','2006-01-20',10,'2007-06-25',NULL),(20,20,4,'2006-01-10','2006-12-09',53,'2007-06-25',NULL),(21,21,4,'2005-03-25','2006-03-26',73,'2007-06-25',NULL),(22,22,4,'2006-10-21','2006-11-20',54,'2007-06-25',NULL),(23,23,2,'2005-01-10','2007-12-09',101,'2007-06-25',NULL),(24,24,4,'2005-03-11','2006-01-04',79,'2007-06-25',NULL),(25,25,4,'2005-04-05','2006-01-04',2,'2007-06-25',NULL);
UNLOCK TABLES;
/*!40000 ALTER TABLE `civicrm_membership_log` ENABLE KEYS */;

--
-- Dumping data for table `civicrm_membership_payment`
--


/*!40000 ALTER TABLE `civicrm_membership_payment` DISABLE KEYS */;
LOCK TABLES `civicrm_membership_payment` WRITE;
UNLOCK TABLES;
/*!40000 ALTER TABLE `civicrm_membership_payment` ENABLE KEYS */;

--
-- Dumping data for table `civicrm_membership_status`
--


/*!40000 ALTER TABLE `civicrm_membership_status` DISABLE KEYS */;
LOCK TABLES `civicrm_membership_status` WRITE;
INSERT INTO `civicrm_membership_status` (`id`, `domain_id`, `name`, `start_event`, `start_event_adjust_unit`, `start_event_adjust_interval`, `end_event`, `end_event_adjust_unit`, `end_event_adjust_interval`, `is_current_member`, `is_admin`, `weight`, `is_default`, `is_active`) VALUES (1,1,'New','join_date',NULL,NULL,'join_date','month',3,1,0,1,0,1),(2,1,'Current','start_date',NULL,NULL,'end_date',NULL,NULL,1,0,2,1,1),(3,1,'Grace','end_date',NULL,NULL,'end_date','month',1,1,0,3,0,1),(4,1,'Expired','end_date','month',1,NULL,NULL,NULL,0,0,4,0,1);
UNLOCK TABLES;
/*!40000 ALTER TABLE `civicrm_membership_status` ENABLE KEYS */;

--
-- Dumping data for table `civicrm_membership_type`
--


/*!40000 ALTER TABLE `civicrm_membership_type` DISABLE KEYS */;
LOCK TABLES `civicrm_membership_type` WRITE;
INSERT INTO `civicrm_membership_type` (`id`, `domain_id`, `name`, `description`, `member_of_contact_id`, `contribution_type_id`, `minimum_fee`, `duration_unit`, `duration_interval`, `period_type`, `fixed_period_start_day`, `fixed_period_rollover_day`, `relationship_type_id`, `relationship_direction`, `visibility`, `weight`, `renewal_msg_id`, `renewal_reminder_day`, `is_active`) VALUES (1,1,'General','Regular annual membership.',1,2,'100.00','year',2,'rolling',NULL,NULL,7,'b_a','Public',1,NULL,NULL,1),(2,1,'Student','Discount membership for full-time students.',1,1,'50.00','year',1,'rolling',NULL,NULL,NULL,NULL,'Public',2,NULL,NULL,1),(3,1,'Lifetime','Lifetime membership.',1,2,'1200.00','lifetime',1,'rolling',NULL,NULL,7,'b_a','Admin',3,NULL,NULL,1);
UNLOCK TABLES;
/*!40000 ALTER TABLE `civicrm_membership_type` ENABLE KEYS */;

--
-- Dumping data for table `civicrm_msg_template`
--


/*!40000 ALTER TABLE `civicrm_msg_template` DISABLE KEYS */;
LOCK TABLES `civicrm_msg_template` WRITE;
UNLOCK TABLES;
/*!40000 ALTER TABLE `civicrm_msg_template` ENABLE KEYS */;

--
-- Dumping data for table `civicrm_note`
--


/*!40000 ALTER TABLE `civicrm_note` DISABLE KEYS */;
LOCK TABLES `civicrm_note` WRITE;
INSERT INTO `civicrm_note` (`id`, `entity_table`, `entity_id`, `note`, `contact_id`, `modified_date`, `subject`) VALUES (1,'civicrm_contact',21,'Contact the Commisioner of Charities',1,'2007-01-20',NULL),(2,'civicrm_contact',79,'Arrange collection of funds from members',1,'2007-02-14',NULL),(3,'civicrm_contact',83,'Organize the Terry Fox run',1,'2006-07-04',NULL),(4,'civicrm_contact',56,'Send reminder for annual dinner',1,'2007-06-09',NULL),(5,'civicrm_contact',39,'Send newsletter for April 2005',1,'2006-09-07',NULL),(6,'civicrm_contact',4,'Send reminder for annual dinner',1,'2006-06-28',NULL),(7,'civicrm_contact',68,'Organize the Terry Fox run',1,'2007-05-21',NULL),(8,'civicrm_contact',13,'Arrange collection of funds from members',1,'2006-12-16',NULL),(9,'civicrm_contact',91,'Send reminder for annual dinner',1,'2006-11-15',NULL),(10,'civicrm_contact',27,'Chart out route map for next 10k run',1,'2006-07-21',NULL),(11,'civicrm_contact',69,'Send reminder for annual dinner',1,'2006-11-05',NULL),(12,'civicrm_contact',54,'Arrange for cricket match with Sunil Gavaskar',1,'2006-11-17',NULL),(13,'civicrm_contact',42,'Arrange collection of funds from members',1,'2006-10-11',NULL),(14,'civicrm_contact',96,'Chart out route map for next 10k run',1,'2006-09-30',NULL),(15,'civicrm_contact',23,'Arrange collection of funds from members',1,'2006-12-28',NULL),(16,'civicrm_contact',29,'Contact the Commisioner of Charities',1,'2007-06-15',NULL),(17,'civicrm_contact',35,'Reminder screening of \"Black\" on next Friday',1,'2007-03-07',NULL),(18,'civicrm_contact',74,'Organize the Terry Fox run',1,'2007-02-17',NULL),(19,'civicrm_contact',44,'Reminder screening of \"Black\" on next Friday',1,'2006-10-08',NULL),(20,'civicrm_contact',63,'Send reminder for annual dinner',1,'2007-02-11',NULL),(21,'civicrm_contact',8,'Get the registration done for NGO status',1,'2007-02-04',NULL),(22,'civicrm_contact',61,'Send reminder for annual dinner',1,'2007-05-23',NULL),(23,'civicrm_contact',26,'Chart out route map for next 10k run',1,'2007-04-04',NULL),(24,'civicrm_contact',11,'Get the registration done for NGO status',1,'2006-09-06',NULL),(25,'civicrm_contact',19,'Send newsletter for April 2005',1,'2006-06-25',NULL),(26,'civicrm_contact',73,'Contact the Commisioner of Charities',1,'2007-05-29',NULL),(27,'civicrm_contact',47,'Get the registration done for NGO status',1,'2006-12-04',NULL),(28,'civicrm_contact',10,'Arrange collection of funds from members',1,'2007-06-08',NULL),(29,'civicrm_contact',38,'Arrange collection of funds from members',1,'2007-05-25',NULL),(30,'civicrm_contact',53,'Invite members for the Steve Prefontaine 10k dream run',1,'2007-04-09',NULL),(31,'civicrm_contact',31,'Reminder screening of \"Black\" on next Friday',1,'2007-05-29',NULL),(32,'civicrm_contact',75,'Chart out route map for next 10k run',1,'2006-10-09',NULL),(33,'civicrm_contact',85,'Contact the Commisioner of Charities',1,'2006-06-30',NULL),(34,'civicrm_contact',77,'Arrange for cricket match with Sunil Gavaskar',1,'2007-05-11',NULL),(35,'civicrm_contact',17,'Reminder screening of \"Black\" on next Friday',1,'2006-12-28',NULL),(36,'civicrm_contact',34,'Get the registration done for NGO status',1,'2007-03-18',NULL),(37,'civicrm_contact',66,'Chart out route map for next 10k run',1,'2007-02-27',NULL),(38,'civicrm_contact',88,'Connect for presentation',1,'2006-07-08',NULL),(39,'civicrm_contact',40,'Send newsletter for April 2005',1,'2007-01-21',NULL),(40,'civicrm_contact',2,'Chart out route map for next 10k run',1,'2006-08-22',NULL),(41,'civicrm_contact',18,'Send newsletter for April 2005',1,'2007-02-20',NULL),(42,'civicrm_contact',81,'Get the registration done for NGO status',1,'2006-09-16',NULL),(43,'civicrm_contact',36,'Organize the Terry Fox run',1,'2006-07-13',NULL),(44,'civicrm_contact',16,'Organize the Terry Fox run',1,'2007-04-03',NULL),(45,'civicrm_contact',58,'Chart out route map for next 10k run',1,'2007-05-06',NULL),(46,'civicrm_contact',70,'Send newsletter for April 2005',1,'2006-08-28',NULL),(47,'civicrm_contact',87,'Organize the Terry Fox run',1,'2006-11-27',NULL),(48,'civicrm_contact',37,'Arrange collection of funds from members',1,'2006-08-12',NULL),(49,'civicrm_contact',97,'Organize the Terry Fox run',1,'2006-08-31',NULL),(50,'civicrm_contact',72,'Reminder screening of \"Black\" on next Friday',1,'2007-06-15',NULL),(51,'civicrm_contact',76,'Organize the Terry Fox run',1,'2007-04-22',NULL),(52,'civicrm_contact',41,'Invite members for the Steve Prefontaine 10k dream run',1,'2006-08-14',NULL),(53,'civicrm_contact',15,'Get the registration done for NGO status',1,'2007-04-14',NULL),(54,'civicrm_contact',80,'Get the registration done for NGO status',1,'2007-02-24',NULL),(55,'civicrm_contact',22,'Arrange collection of funds from members',1,'2006-09-29',NULL),(56,'civicrm_contact',67,'Invite members for the Steve Prefontaine 10k dream run',1,'2007-06-22',NULL),(57,'civicrm_contact',84,'Chart out route map for next 10k run',1,'2007-03-09',NULL),(58,'civicrm_contact',25,'Chart out route map for next 10k run',1,'2007-06-04',NULL),(59,'civicrm_contact',48,'Arrange collection of funds from members',1,'2006-11-30',NULL),(60,'civicrm_contact',99,'Chart out route map for next 10k run',1,'2006-09-28',NULL),(61,'civicrm_contact',71,'Chart out route map for next 10k run',1,'2007-06-14',NULL),(62,'civicrm_contact',50,'Arrange collection of funds from members',1,'2006-08-30',NULL),(63,'civicrm_contact',32,'Invite members for the Steve Prefontaine 10k dream run',1,'2006-07-31',NULL),(64,'civicrm_contact',14,'Send newsletter for April 2005',1,'2006-10-23',NULL),(65,'civicrm_contact',45,'Send reminder for annual dinner',1,'2006-10-12',NULL),(66,'civicrm_contact',46,'Organize the Terry Fox run',1,'2007-02-16',NULL),(67,'civicrm_contact',65,'Connect for presentation',1,'2007-05-12',NULL),(68,'civicrm_contact',55,'Arrange collection of funds from members',1,'2007-03-19',NULL),(69,'civicrm_contact',52,'Get the registration done for NGO status',1,'2007-01-31',NULL),(70,'civicrm_contact',82,'Arrange for cricket match with Sunil Gavaskar',1,'2006-08-31',NULL),(71,'civicrm_contact',20,'Reminder screening of \"Black\" on next Friday',1,'2006-07-16',NULL),(72,'civicrm_contact',101,'Connect for presentation',1,'2007-01-22',NULL),(73,'civicrm_contact',92,'Contact the Commisioner of Charities',1,'2007-06-24',NULL),(74,'civicrm_contact',57,'Invite members for the Steve Prefontaine 10k dream run',1,'2007-05-05',NULL),(75,'civicrm_contact',24,'Get the registration done for NGO status',1,'2006-08-06',NULL),(76,'civicrm_contact',59,'Reminder screening of \"Black\" on next Friday',1,'2007-01-07',NULL),(77,'civicrm_contact',49,'Connect for presentation',1,'2007-01-07',NULL),(78,'civicrm_contact',94,'Organize the Terry Fox run',1,'2006-10-14',NULL),(79,'civicrm_contact',100,'Chart out route map for next 10k run',1,'2006-09-28',NULL),(80,'civicrm_contact',62,'Reminder screening of \"Black\" on next Friday',1,'2006-08-16',NULL),(81,'civicrm_contact',9,'Invite members for the Steve Prefontaine 10k dream run',1,'2006-12-15',NULL),(82,'civicrm_contact',33,'Invite members for the Steve Prefontaine 10k dream run',1,'2007-06-02',NULL),(83,'civicrm_contact',3,'Chart out route map for next 10k run',1,'2006-12-02',NULL),(84,'civicrm_contact',6,'Arrange for cricket match with Sunil Gavaskar',1,'2007-03-17',NULL),(85,'civicrm_contact',86,'Send newsletter for April 2005',1,'2006-09-26',NULL),(86,'civicrm_contact',43,'Send reminder for annual dinner',1,'2006-08-16',NULL),(87,'civicrm_contact',98,'Chart out route map for next 10k run',1,'2006-11-12',NULL),(88,'civicrm_contact',51,'Send newsletter for April 2005',1,'2006-10-18',NULL),(89,'civicrm_contact',93,'Send newsletter for April 2005',1,'2006-07-22',NULL),(90,'civicrm_contact',5,'Get the registration done for NGO status',1,'2006-08-14',NULL),(91,'civicrm_contact',64,'Send reminder for annual dinner',1,'2007-02-13',NULL),(92,'civicrm_contact',12,'Send reminder for annual dinner',1,'2006-09-02',NULL),(93,'civicrm_contact',78,'Get the registration done for NGO status',1,'2006-06-30',NULL),(94,'civicrm_contact',28,'Arrange collection of funds from members',1,'2006-07-26',NULL),(95,'civicrm_contact',89,'Invite members for the Steve Prefontaine 10k dream run',1,'2006-12-04',NULL),(96,'civicrm_contact',95,'Invite members for the Steve Prefontaine 10k dream run',1,'2006-06-26',NULL),(97,'civicrm_contact',7,'Arrange collection of funds from members',1,'2006-10-01',NULL);
UNLOCK TABLES;
/*!40000 ALTER TABLE `civicrm_note` ENABLE KEYS */;

--
-- Dumping data for table `civicrm_option_group`
--


/*!40000 ALTER TABLE `civicrm_option_group` DISABLE KEYS */;
LOCK TABLES `civicrm_option_group` WRITE;
INSERT INTO `civicrm_option_group` (`id`, `domain_id`, `name`, `label`, `description`, `is_reserved`, `is_active`) VALUES (1,1,'preferred_communication_method',NULL,'Preferred Communication Method',0,1),(2,1,'activity_type',NULL,'Activity Type',0,1),(3,1,'gender',NULL,'Gender',0,1),(4,1,'instant_messenger_service',NULL,'Instant Messenger (IM) screen-names',0,1),(5,1,'mobile_provider',NULL,'Mobile Phone Providers',0,1),(6,1,'individual_prefix',NULL,'Individual contact prefixes',0,1),(7,1,'individual_suffix',NULL,'Individual contact suffixes',0,1),(8,1,'acl_role',NULL,'ACL Role',0,1),(9,1,'accept_creditcard',NULL,'Accepted Credit Cards',0,1),(10,1,'payment_instrument',NULL,'Payment Instruments',0,1),(11,1,'contribution_status',NULL,'Contribution Status',0,1),(12,1,'participant_status',NULL,'Participant Status',0,1),(13,1,'participant_role',NULL,'Participant Role',0,1),(14,1,'event_type',NULL,'Event Type',0,1),(15,1,'contact_view_options',NULL,'Contact View Options',0,1),(16,1,'contact_edit_options',NULL,'Contact Edit Options',0,1),(17,1,'advanced_search_options',NULL,'Advanced Search Options',0,1),(18,1,'user_dashboard_options',NULL,'User Dashboard Options',0,1),(19,1,'address_options',NULL,'Addressing Options',0,1),(20,1,'grant_status',NULL,'Grant status',0,1),(21,1,'f1_case_type',NULL,'Case Type',1,1),(22,1,'f1_case_sub_type',NULL,'Case Sub Type',1,1),(23,1,'f1_case_violation',NULL,'Violation Type',1,1),(24,1,'case_activity_type',NULL,'Type',1,1);
UNLOCK TABLES;
/*!40000 ALTER TABLE `civicrm_option_group` ENABLE KEYS */;

--
-- Dumping data for table `civicrm_option_value`
--


/*!40000 ALTER TABLE `civicrm_option_value` DISABLE KEYS */;
LOCK TABLES `civicrm_option_value` WRITE;
INSERT INTO `civicrm_option_value` (`id`, `option_group_id`, `label`, `value`, `name`, `grouping`, `filter`, `is_default`, `weight`, `description`, `is_optgroup`, `is_reserved`, `is_active`) VALUES (1,1,'Phone',1,NULL,NULL,0,NULL,1,NULL,0,0,1),(2,1,'Email',2,NULL,NULL,0,NULL,2,NULL,0,0,1),(3,1,'Postal Mail',3,NULL,NULL,0,NULL,3,NULL,0,0,1),(4,1,'SMS',4,NULL,NULL,0,NULL,4,NULL,0,0,1),(5,1,'Fax',5,NULL,NULL,0,NULL,5,NULL,0,0,1),(6,2,'Meeting',1,'Meeting',NULL,0,NULL,1,'Schedule a meeting',0,1,1),(7,2,'Phone Call',2,'Phone Call',NULL,0,NULL,2,'Schedule a Phone Call',0,1,1),(8,2,'Email',3,'Email',NULL,0,NULL,3,'Email Sent',0,1,1),(9,2,'SMS',4,'SMS',NULL,0,NULL,4,'SMS',0,1,1),(10,2,'Event',5,'Event',NULL,0,NULL,5,'Event',0,0,1),(11,2,'Video Conference',6,'Video Conference',NULL,0,NULL,5,'video conference',0,0,1),(12,3,'Female',1,'Female',NULL,0,NULL,1,NULL,0,0,1),(13,3,'Male',2,'Male',NULL,0,NULL,2,NULL,0,0,1),(14,3,'Transgender',3,'Transgender',NULL,0,NULL,3,NULL,0,0,1),(15,4,'Yahoo',1,'Yahoo',NULL,0,NULL,1,NULL,0,0,1),(16,4,'MSN',2,'Msn',NULL,0,NULL,2,NULL,0,0,1),(17,4,'AIM',3,'Aim',NULL,0,NULL,3,NULL,0,0,1),(18,4,'GTalk',4,'Gtalk',NULL,0,NULL,4,NULL,0,0,1),(19,4,'Jabber',5,'Jabber',NULL,0,NULL,5,NULL,0,0,1),(20,4,'Skype',6,'Skype',NULL,0,NULL,6,NULL,0,0,1),(21,5,'Sprint',1,'Sprint',NULL,0,NULL,1,NULL,0,0,1),(22,5,'Verizon',2,'Verizon',NULL,0,NULL,2,NULL,0,0,1),(23,5,'Cingular',3,'Cingular',NULL,0,NULL,3,NULL,0,0,1),(24,6,'Mrs',1,'Mrs',NULL,0,NULL,1,NULL,0,0,1),(25,6,'Ms',2,'Ms',NULL,0,NULL,2,NULL,0,0,1),(26,6,'Mr',3,'Mr',NULL,0,NULL,3,NULL,0,0,1),(27,6,'Dr',4,'Dr',NULL,0,NULL,4,NULL,0,0,1),(28,7,'Jr',1,'Jr',NULL,0,NULL,1,NULL,0,0,1),(29,7,'Sr',2,'Sr',NULL,0,NULL,2,NULL,0,0,1),(30,7,'II',3,'II',NULL,0,NULL,3,NULL,0,0,1),(31,7,'III',4,'III',NULL,0,NULL,4,NULL,0,0,1),(32,7,'IV',5,'IV',NULL,0,NULL,5,NULL,0,0,1),(33,7,'V',6,'V',NULL,0,NULL,6,NULL,0,0,1),(34,7,'VI',7,'VI',NULL,0,NULL,7,NULL,0,0,1),(35,7,'VII',8,'VII',NULL,0,NULL,8,NULL,0,0,1),(36,8,'Administrator',1,'Admin',NULL,0,NULL,1,NULL,0,0,1),(37,8,'Authenticated',2,'Auth',NULL,0,NULL,2,NULL,0,0,1),(38,9,'Visa',1,'Visa',NULL,0,NULL,1,NULL,0,0,1),(39,9,'MasterCard',2,'MasterCard',NULL,0,NULL,2,NULL,0,0,1),(40,9,'Amex',3,'Amex',NULL,0,NULL,3,NULL,0,0,1),(41,9,'Discover',4,'Discover',NULL,0,NULL,4,NULL,0,0,1),(42,10,'Credit Card',1,'Credit Card',NULL,0,NULL,1,NULL,0,0,1),(43,10,'Debit Card',2,'Debit Card',NULL,0,NULL,2,NULL,0,0,1),(44,10,'Cash',3,'Cash',NULL,0,NULL,3,NULL,0,0,1),(45,10,'Check',4,'Check',NULL,0,NULL,4,NULL,0,0,1),(46,10,'EFT',5,'EFT',NULL,0,NULL,5,NULL,0,0,1),(47,11,'Completed',1,'Completed',NULL,0,NULL,1,NULL,0,0,1),(48,11,'Pending',2,'Pending',NULL,0,NULL,2,NULL,0,0,1),(49,11,'Cancelled',3,'Cancelled',NULL,0,NULL,3,NULL,0,0,1),(50,11,'Failed',4,'Failed',NULL,0,NULL,4,NULL,0,0,1),(51,11,'In Progress',5,'In Progress',NULL,0,NULL,5,NULL,0,0,1),(52,12,'Registered',1,'Registered',NULL,0,NULL,1,NULL,0,1,1),(53,12,'Attended',2,'Attended',NULL,0,NULL,2,NULL,0,0,1),(54,12,'No-show',3,'No-show',NULL,0,NULL,3,NULL,0,0,1),(55,12,'Cancelled',4,'Cancelled',NULL,0,NULL,4,NULL,0,1,1),(56,13,'Attendee',1,'Attendee',NULL,0,NULL,1,NULL,0,0,1),(57,13,'Volunteer',2,'Volunteer',NULL,0,NULL,2,NULL,0,0,1),(58,13,'Host',3,'Host',NULL,0,NULL,3,NULL,0,0,1),(59,13,'Speaker',4,'Speaker',NULL,0,NULL,4,NULL,0,0,1),(60,14,'Conference',1,'Conference',NULL,0,NULL,1,NULL,0,0,1),(61,14,'Exhibition',2,'Exhibition',NULL,0,NULL,2,NULL,0,0,1),(62,14,'Fundraiser',3,'Fundraiser',NULL,0,NULL,3,NULL,0,0,1),(63,14,'Meeting',4,'Meeting',NULL,0,NULL,4,NULL,0,0,1),(64,14,'Performance',5,'Performance',NULL,0,NULL,5,NULL,0,0,1),(65,14,'Workshop',6,'Workshop',NULL,0,NULL,6,NULL,0,0,1),(66,15,'Activities',1,NULL,NULL,0,NULL,1,NULL,0,0,1),(67,15,'Relationships',2,NULL,NULL,0,NULL,2,NULL,0,0,1),(68,15,'Groups',3,NULL,NULL,0,NULL,3,NULL,0,0,1),(69,15,'Notes',4,NULL,NULL,0,NULL,4,NULL,0,0,1),(70,15,'Tags',5,NULL,NULL,0,NULL,5,NULL,0,0,1),(71,15,'Change Log',6,NULL,NULL,0,NULL,6,NULL,0,0,1),(72,15,'Contributions',7,NULL,NULL,0,NULL,7,NULL,0,0,1),(73,15,'Memberships',8,NULL,NULL,0,NULL,8,NULL,0,0,1),(74,15,'Events',9,NULL,NULL,0,NULL,9,NULL,0,0,1),(75,15,'Cases',10,NULL,NULL,0,NULL,10,NULL,0,0,1),(76,16,'Communication Preferences',1,NULL,NULL,0,NULL,1,NULL,0,0,1),(77,16,'Demographics',2,NULL,NULL,0,NULL,2,NULL,0,0,1),(78,16,'Tags and Groups',3,NULL,NULL,0,NULL,3,NULL,0,0,1),(79,16,'Notes',4,NULL,NULL,0,NULL,4,NULL,0,0,1),(80,17,'Address Fields',1,NULL,NULL,0,NULL,1,NULL,0,0,1),(81,17,'Custom Fields',2,NULL,NULL,0,NULL,2,NULL,0,0,1),(82,17,'Activity History',3,NULL,NULL,0,NULL,3,NULL,0,0,1),(83,17,'Scheduled Activities',4,NULL,NULL,0,NULL,4,NULL,0,0,1),(84,17,'Relationships',5,NULL,NULL,0,NULL,5,NULL,0,0,1),(85,17,'Notes',6,NULL,NULL,0,NULL,6,NULL,0,0,1),(86,17,'Change Log',7,NULL,NULL,0,NULL,7,NULL,0,0,1),(87,17,'Contributions',8,NULL,NULL,0,NULL,8,NULL,0,0,1),(88,17,'Memberships',9,NULL,NULL,0,NULL,9,NULL,0,0,1),(89,17,'Events',10,NULL,NULL,0,NULL,10,NULL,0,0,1),(90,17,'Cases',11,NULL,NULL,0,NULL,11,NULL,0,0,1),(91,18,'Groups',1,NULL,NULL,0,NULL,1,NULL,0,0,1),(92,18,'Contributions',2,NULL,NULL,0,NULL,2,NULL,0,0,1),(93,18,'Memberships',3,NULL,NULL,0,NULL,3,NULL,0,0,1),(94,18,'Events',4,NULL,NULL,0,NULL,4,NULL,0,0,1),(95,19,'Street Address',1,NULL,NULL,0,NULL,1,NULL,0,0,1),(96,19,'Addt\'l Address 1',2,NULL,NULL,0,NULL,2,NULL,0,0,1),(97,19,'Addt\'l Address 2',3,NULL,NULL,0,NULL,3,NULL,0,0,1),(98,19,'City',4,NULL,NULL,0,NULL,4,NULL,0,0,1),(99,19,'Zip / Postal Code',5,NULL,NULL,0,NULL,5,NULL,0,0,1),(100,19,'Postal Code Suffix',6,NULL,NULL,0,NULL,6,NULL,0,0,1),(101,19,'County',7,NULL,NULL,0,NULL,7,NULL,0,0,1),(102,19,'State / Province',8,NULL,NULL,0,NULL,8,NULL,0,0,1),(103,19,'Country',9,NULL,NULL,0,NULL,9,NULL,0,0,1),(104,19,'Latitude',10,NULL,NULL,0,NULL,10,NULL,0,0,1),(105,19,'Longitude',11,NULL,NULL,0,NULL,11,NULL,0,0,1),(106,20,'Pending',1,'Pending',NULL,0,1,1,NULL,0,0,1),(107,20,'Granted',2,'Granted',NULL,0,NULL,2,NULL,0,0,1),(108,20,'Rejected',3,'Rejected',NULL,0,NULL,3,NULL,0,0,1),(109,21,'Civil & Political',1,NULL,NULL,0,1,1,NULL,0,1,1),(110,21,'Economic, Social & Cultural',2,NULL,NULL,0,0,2,NULL,0,1,1),(111,21,'Gender Issues',3,NULL,NULL,0,0,3,NULL,0,1,1),(112,22,'Labour Rights',1,NULL,NULL,0,1,1,NULL,0,1,1),(113,22,'Land Rights',2,NULL,NULL,0,0,2,NULL,0,1,1),(114,22,'LGTB Rights',3,NULL,NULL,0,0,3,NULL,0,1,1),(115,22,'State Corruption',4,NULL,NULL,0,0,4,NULL,0,1,1),(116,22,'Working with IDPs',5,NULL,NULL,0,0,5,NULL,0,1,1),(117,23,'Arrested / Detained',1,NULL,NULL,0,1,1,NULL,0,1,1),(118,23,'Disappeared',2,NULL,NULL,0,0,2,NULL,0,1,1),(119,23,'Harassment',3,NULL,NULL,0,0,3,NULL,0,1,1),(120,23,'Killed',4,NULL,NULL,0,0,4,NULL,0,1,1),(121,23,'Legal Action',5,NULL,NULL,0,0,5,NULL,0,1,1),(122,23,'Threats',6,NULL,NULL,0,0,6,NULL,0,1,1),(123,23,'Tortured / Ill-treatment',7,NULL,NULL,0,0,7,NULL,0,1,1),(124,23,'Violence Against Women',8,NULL,NULL,0,0,8,NULL,0,1,1),(125,24,'Source(incoming)',1,NULL,NULL,0,1,1,NULL,0,1,1),(126,24,'Incoming correspondence',2,NULL,NULL,0,0,2,NULL,0,1,1),(127,24,'Incoming Press Release',3,NULL,NULL,0,0,3,NULL,0,1,1),(128,24,'Complaint',4,NULL,NULL,0,0,4,NULL,0,1,1),(129,24,'Urgent Action(incoming)',5,NULL,NULL,0,0,5,NULL,0,1,1),(130,24,'Outgoing correspondence',6,NULL,NULL,0,0,6,NULL,0,1,1),(131,24,'Outgoing Press Release',7,NULL,NULL,0,0,7,NULL,0,1,1),(132,24,'FL Action(outgoing)',8,NULL,NULL,0,0,8,NULL,0,1,1),(133,24,'FL Urgent Action(outgoing)',9,NULL,NULL,0,0,9,NULL,0,1,1),(134,24,'Lobbying(outgoing)',10,NULL,NULL,0,0,10,NULL,0,1,1);
UNLOCK TABLES;
/*!40000 ALTER TABLE `civicrm_option_value` ENABLE KEYS */;

--
-- Dumping data for table `civicrm_organization`
--


/*!40000 ALTER TABLE `civicrm_organization` DISABLE KEYS */;
LOCK TABLES `civicrm_organization` WRITE;
INSERT INTO `civicrm_organization` (`id`, `contact_id`, `organization_name`, `legal_name`, `sic_code`, `primary_contact_id`) VALUES (1,1,'Inner City Arts',NULL,NULL,NULL),(2,51,'Project Open Hand  ',NULL,NULL,NULL),(3,93,'Magic Bus  ',NULL,NULL,NULL),(4,5,'Social Source Foundation  ',NULL,NULL,NULL),(5,64,'Intel  ',NULL,NULL,NULL),(6,12,'Inner City  ',NULL,NULL,NULL),(7,78,'Conservation Corp  ',NULL,NULL,NULL),(8,28,'Compasspoint  ',NULL,NULL,NULL),(9,89,'Working Assets  ',NULL,NULL,NULL),(10,95,'Inner City  ',NULL,NULL,NULL),(11,7,'Compasspoint  ',NULL,NULL,NULL);
UNLOCK TABLES;
/*!40000 ALTER TABLE `civicrm_organization` ENABLE KEYS */;

--
-- Dumping data for table `civicrm_participant`
--


/*!40000 ALTER TABLE `civicrm_participant` DISABLE KEYS */;
LOCK TABLES `civicrm_participant` WRITE;
INSERT INTO `civicrm_participant` (`id`, `contact_id`, `event_id`, `status_id`, `role_id`, `register_date`, `source`, `event_level`, `is_test`) VALUES (1,4,1,1,1,'2006-01-21 00:00:00','','Single',0),(2,88,2,2,2,'2005-05-07 00:00:00','','Soprano',0),(3,25,3,3,3,'2005-05-05 00:00:00','','Tiny-tots (ages 5-8)',0),(4,81,1,4,4,'2005-10-21 00:00:00','','Single',0),(5,56,1,1,1,'2005-01-10 00:00:00','','Soprano',0),(6,2,2,2,2,'2005-03-05 00:00:00','','Tiny-tots (ages 5-8)',0),(7,73,3,3,3,'2006-07-21 00:00:00','','Single',0),(8,30,1,4,4,'2006-03-07 00:00:00','','Soprano',0),(9,41,3,1,1,'2005-02-05 00:00:00','','Tiny-tots (ages 5-8)',0),(10,13,1,2,2,'2005-02-01 00:00:00','','Single',0),(11,42,2,3,3,'2006-01-10 00:00:00','','Soprano',0),(12,58,3,4,4,'2006-03-06 00:00:00','','Tiny-tots (ages 5-8)',0),(13,66,1,1,2,'2005-06-04 00:00:00','','Single',0),(14,67,2,2,3,'2004-01-10 00:00:00','','Soprano',0),(15,98,2,4,1,'2005-07-04 00:00:00','','Tiny-tots (ages 5-8)',0),(16,5,1,4,2,'2006-01-21 00:00:00','','Single',0),(17,9,2,2,3,'2005-01-10 00:00:00','','Soprano',0),(18,54,3,3,1,'2006-03-05 00:00:00','','Tiny-tots (ages 5-8)',0),(19,95,1,2,1,'2005-10-21 00:00:00','','Single',0),(20,86,2,4,1,'2006-01-10 00:00:00','','Soprano',0),(21,36,2,1,4,'2005-03-25 00:00:00','','Tiny-tots (ages 5-8)',0),(22,39,1,2,3,'2006-10-21 00:00:00','','Single',0),(23,44,2,4,1,'2005-01-10 00:00:00','','Soprano',0),(24,51,2,3,1,'2005-03-11 00:00:00','','Tiny-tots (ages 5-8)',0),(25,22,3,2,2,'2005-04-05 00:00:00','','Tiny-tots (ages 5-8)',0);
UNLOCK TABLES;
/*!40000 ALTER TABLE `civicrm_participant` ENABLE KEYS */;

--
-- Dumping data for table `civicrm_participant_payment`
--


/*!40000 ALTER TABLE `civicrm_participant_payment` DISABLE KEYS */;
LOCK TABLES `civicrm_participant_payment` WRITE;
UNLOCK TABLES;
/*!40000 ALTER TABLE `civicrm_participant_payment` ENABLE KEYS */;

--
-- Dumping data for table `civicrm_payment_processor`
--


/*!40000 ALTER TABLE `civicrm_payment_processor` DISABLE KEYS */;
LOCK TABLES `civicrm_payment_processor` WRITE;
UNLOCK TABLES;
/*!40000 ALTER TABLE `civicrm_payment_processor` ENABLE KEYS */;

--
-- Dumping data for table `civicrm_payment_processor_type`
--


/*!40000 ALTER TABLE `civicrm_payment_processor_type` DISABLE KEYS */;
LOCK TABLES `civicrm_payment_processor_type` WRITE;
INSERT INTO `civicrm_payment_processor_type` (`id`, `domain_id`, `name`, `title`, `description`, `is_active`, `is_default`, `user_name_label`, `password_label`, `signature_label`, `subject_label`, `class_name`, `url_site_default`, `url_recur_default`, `url_button_default`, `url_site_test_default`, `url_recur_test_default`, `url_button_test_default`, `billing_mode`, `is_recur`) VALUES (1,1,'PayPal_Standard','PayPal - Website Payments Standard',NULL,1,0,'Merchant Account Email',NULL,NULL,NULL,'Payment_PayPalImpl','https://www.paypal.com/','https://www.paypal.com/',NULL,'https://www.sandbox.paypal.com/','https://www.sandbox.paypal.com/',NULL,4,1),(2,1,'PayPal','PayPal - Website Payments Pro',NULL,1,0,'User Name','Password','Signature',NULL,'Payment_PayPalImpl','https://www.paypal.com/',NULL,'https://www.paypal.com/en_US/i/btn/btn_xpressCheckout.gif','https://www.sandbox.paypal.com/',NULL,'https://www.paypal.com/en_US/i/btn/btn_xpressCheckout.gif',3,NULL),(3,1,'PayPal_Express','PayPal - Express',NULL,1,0,'User Name','Password','Signature',NULL,'Payment_PayPalImpl','https://www.paypal.com/',NULL,'https://www.paypal.com/en_US/i/btn/btn_xpressCheckout.gif','https://www.sandbox.paypal.com/',NULL,'https://www.paypal.com/en_US/i/btn/btn_xpressCheckout.gif',3,NULL),(4,1,'Google_Checkout','Google Checkout',NULL,1,0,'Merchant ID','Key',NULL,NULL,'Payment_Google','https://checkout.google.com/',NULL,'http://checkout.google.com/buttons/checkout.gif','https://sandbox.google.com/checkout',NULL,'http://sandbox.google.com/checkout/buttons/checkout.gif',4,NULL),(5,1,'Moneris','Moneris',NULL,1,0,'User Name','Password','Signature',NULL,'Payment_Moneris',NULL,NULL,NULL,NULL,NULL,NULL,1,1),(6,1,'AuthNet_AIM','Authorize.Net - AIM',NULL,1,0,'API Login','Payment Key','MD5 Hash',NULL,'Payment_AuthorizeNet','https://secure.authorize.net/gateway/transact.dll','https://api.authorize.net/xml/v1/request.api',NULL,'https://secure.authorize.net/gateway/transact.dll','https://apitest.authorize.net/xml/v1/request.api',NULL,1,NULL);
UNLOCK TABLES;
/*!40000 ALTER TABLE `civicrm_payment_processor_type` ENABLE KEYS */;

--
-- Dumping data for table `civicrm_phone`
--


/*!40000 ALTER TABLE `civicrm_phone` DISABLE KEYS */;
LOCK TABLES `civicrm_phone` WRITE;
INSERT INTO `civicrm_phone` (`id`, `location_id`, `is_primary`, `mobile_provider_id`, `phone`, `phone_type`) VALUES (1,1,1,NULL,'90172645','Phone'),(2,1,0,NULL,'60712469','Mobile'),(3,2,1,NULL,'91341078','Phone'),(4,2,0,NULL,'99328656','Mobile'),(5,4,1,NULL,'48196103','Phone'),(6,4,0,NULL,'96328419','Mobile'),(7,5,1,NULL,'33411491','Phone'),(8,5,0,NULL,'52726012','Mobile'),(9,7,1,NULL,'33199128','Phone'),(10,7,0,NULL,'43148240','Mobile'),(11,8,1,NULL,'42334891','Phone'),(12,8,0,NULL,'65251109','Mobile'),(13,10,1,NULL,'50627705','Phone'),(14,10,0,NULL,'55614387','Mobile'),(15,11,1,NULL,'66680198','Phone'),(16,11,0,NULL,'25742817','Mobile'),(17,13,1,NULL,'33742432','Phone'),(18,13,0,NULL,'26028694','Mobile'),(19,14,1,NULL,'32528934','Phone'),(20,14,0,NULL,'37015946','Mobile'),(21,16,1,NULL,'47278183','Phone'),(22,16,0,NULL,'99637684','Mobile'),(23,17,1,NULL,'61168546','Phone'),(24,17,0,NULL,'54489206','Mobile'),(25,19,1,NULL,'76955315','Phone'),(26,19,0,NULL,'74695020','Mobile'),(27,20,1,NULL,'84174314','Phone'),(28,20,0,NULL,'82644491','Mobile'),(29,22,1,NULL,'33363512','Phone'),(30,22,0,NULL,'26572977','Mobile'),(31,23,1,NULL,'69434264','Phone'),(32,23,0,NULL,'65525264','Mobile'),(33,25,1,NULL,'19064919','Phone'),(34,25,0,NULL,'85649298','Mobile'),(35,26,1,NULL,'98025015','Phone'),(36,26,0,NULL,'92799263','Mobile'),(37,28,1,NULL,'84710817','Phone'),(38,28,0,NULL,'81912533','Mobile'),(39,29,1,NULL,'41489252','Phone'),(40,29,0,NULL,'53406983','Mobile'),(41,31,1,NULL,'76803030','Phone'),(42,31,0,NULL,'74311861','Mobile'),(43,32,1,NULL,'85612810','Phone'),(44,32,0,NULL,'46773199','Mobile'),(45,34,1,NULL,'81029271','Phone'),(46,34,0,NULL,'69974843','Mobile'),(47,35,1,NULL,'48479225','Phone'),(48,35,0,NULL,'34075182','Mobile'),(49,37,1,NULL,'56203328','Phone'),(50,37,0,NULL,'71601646','Mobile'),(51,38,1,NULL,'36314331','Phone'),(52,38,0,NULL,'21411212','Mobile'),(53,40,1,NULL,'88744834','Phone'),(54,40,0,NULL,'72605289','Mobile'),(55,41,1,NULL,'56976704','Phone'),(56,41,0,NULL,'57715788','Mobile'),(57,43,1,NULL,'36878715','Phone'),(58,43,0,NULL,'78851589','Mobile'),(59,44,1,NULL,'15221103','Phone'),(60,44,0,NULL,'34370502','Mobile'),(61,46,1,NULL,'94300322','Phone'),(62,46,0,NULL,'14839160','Mobile'),(63,47,1,NULL,'65545431','Phone'),(64,47,0,NULL,'16226401','Mobile'),(65,49,1,NULL,'84614023','Phone'),(66,49,0,NULL,'19536206','Mobile'),(67,50,1,NULL,'64225290','Phone'),(68,50,0,NULL,'93592684','Mobile'),(69,52,1,NULL,'78106282','Phone'),(70,52,0,NULL,'31542282','Mobile'),(71,53,1,NULL,'24369458','Phone'),(72,53,0,NULL,'91795869','Mobile'),(73,55,1,NULL,'24286172','Phone'),(74,55,0,NULL,'62738298','Mobile'),(75,56,1,NULL,'84235809','Phone'),(76,56,0,NULL,'22338236','Mobile'),(77,58,1,NULL,'19938928','Phone'),(78,58,0,NULL,'47066394','Mobile'),(79,59,1,NULL,'67965895','Phone'),(80,59,0,NULL,'79955635','Mobile'),(81,61,1,NULL,'33731327','Phone'),(82,61,0,NULL,'41652041','Mobile'),(83,62,1,NULL,'62505468','Phone'),(84,62,0,NULL,'60158140','Mobile'),(85,64,1,NULL,'92344985','Phone'),(86,64,0,NULL,'74844520','Mobile'),(87,65,1,NULL,'63697458','Phone'),(88,65,0,NULL,'17402056','Mobile'),(89,67,1,NULL,'13988351','Phone'),(90,67,0,NULL,'38935332','Mobile'),(91,68,1,NULL,'75960202','Phone'),(92,68,0,NULL,'80958769','Mobile'),(93,70,1,NULL,'64923551','Phone'),(94,70,0,NULL,'88960587','Mobile'),(95,71,1,NULL,'24124106','Phone'),(96,71,0,NULL,'43434580','Mobile'),(97,73,1,NULL,'12080654','Phone'),(98,73,0,NULL,'46296363','Mobile'),(99,74,1,NULL,'21942382','Phone'),(100,74,0,NULL,'18203203','Mobile'),(101,76,1,NULL,'49181727','Phone'),(102,76,0,NULL,'62628411','Mobile'),(103,77,1,NULL,'49939433','Phone'),(104,77,0,NULL,'67292350','Mobile'),(105,79,1,NULL,'57602333','Phone'),(106,79,0,NULL,'98195581','Mobile'),(107,80,1,NULL,'74731510','Phone'),(108,80,0,NULL,'97677126','Mobile'),(109,82,1,NULL,'87499313','Phone'),(110,82,0,NULL,'96652677','Mobile'),(111,83,1,NULL,'96109993','Phone'),(112,83,0,NULL,'98316413','Mobile'),(113,85,1,NULL,'57664340','Phone'),(114,85,0,NULL,'19147522','Mobile'),(115,86,1,NULL,'44367219','Phone'),(116,86,0,NULL,'32880195','Mobile'),(117,87,1,0,'204 222-1000','Phone'),(118,88,1,0,'204 222-1000','Phone'),(119,89,1,0,'303 323-1000','Phone');
UNLOCK TABLES;
/*!40000 ALTER TABLE `civicrm_phone` ENABLE KEYS */;

--
-- Dumping data for table `civicrm_phonecall`
--


/*!40000 ALTER TABLE `civicrm_phonecall` DISABLE KEYS */;
LOCK TABLES `civicrm_phonecall` WRITE;
UNLOCK TABLES;
/*!40000 ALTER TABLE `civicrm_phonecall` ENABLE KEYS */;

--
-- Dumping data for table `civicrm_preferences`
--


/*!40000 ALTER TABLE `civicrm_preferences` DISABLE KEYS */;
LOCK TABLES `civicrm_preferences` WRITE;
INSERT INTO `civicrm_preferences` (`id`, `domain_id`, `contact_id`, `is_domain`, `location_count`, `contact_view_options`, `contact_edit_options`, `advanced_search_options`, `user_dashboard_options`, `address_options`, `address_format`, `mailing_format`, `individual_name_format`, `address_standardization_provider`, `address_standardization_userid`, `address_standardization_url`) VALUES (1,1,NULL,1,1,'12345678910','1234','1234567891011','1234','123456891011','{street_address}\n{supplemental_address_1}\n{supplemental_address_2}\n{city}{, }{state_province}{ }{postal_code}\n{country}','{street_address}\n{supplemental_address_1}\n{supplemental_address_2}\n{city}{, }{state_province}{ }{postal_code}\n{country}','{individual_prefix}{ } {first_name}{ }{middle_name}{ }{last_name}{ }{individual_suffix}',NULL,NULL,NULL);
UNLOCK TABLES;
/*!40000 ALTER TABLE `civicrm_preferences` ENABLE KEYS */;

--
-- Dumping data for table `civicrm_premiums`
--


/*!40000 ALTER TABLE `civicrm_premiums` DISABLE KEYS */;
LOCK TABLES `civicrm_premiums` WRITE;
INSERT INTO `civicrm_premiums` (`id`, `entity_table`, `entity_id`, `premiums_active`, `premiums_intro_title`, `premiums_intro_text`, `premiums_contact_email`, `premiums_contact_phone`, `premiums_display_min_contribution`) VALUES (1,'civicrm_contribution_page',1,1,'Thank-you Gifts','We appreciate your support and invite you to choose from the exciting collection of thank-you gifts below. Minimum contribution amounts for each selection are included in the descriptions. (NOTE: These gifts are shown as examples only. No gifts will be sent to donors.)','premiums@example.org',NULL,1);
UNLOCK TABLES;
/*!40000 ALTER TABLE `civicrm_premiums` ENABLE KEYS */;

--
-- Dumping data for table `civicrm_premiums_product`
--


/*!40000 ALTER TABLE `civicrm_premiums_product` DISABLE KEYS */;
LOCK TABLES `civicrm_premiums_product` WRITE;
INSERT INTO `civicrm_premiums_product` (`id`, `premiums_id`, `product_id`, `sort_position`) VALUES (1,1,1,1);
UNLOCK TABLES;
/*!40000 ALTER TABLE `civicrm_premiums_product` ENABLE KEYS */;

--
-- Dumping data for table `civicrm_price_field`
--


/*!40000 ALTER TABLE `civicrm_price_field` DISABLE KEYS */;
LOCK TABLES `civicrm_price_field` WRITE;
UNLOCK TABLES;
/*!40000 ALTER TABLE `civicrm_price_field` ENABLE KEYS */;

--
-- Dumping data for table `civicrm_price_set`
--


/*!40000 ALTER TABLE `civicrm_price_set` DISABLE KEYS */;
LOCK TABLES `civicrm_price_set` WRITE;
UNLOCK TABLES;
/*!40000 ALTER TABLE `civicrm_price_set` ENABLE KEYS */;

--
-- Dumping data for table `civicrm_price_set_entity`
--


/*!40000 ALTER TABLE `civicrm_price_set_entity` DISABLE KEYS */;
LOCK TABLES `civicrm_price_set_entity` WRITE;
UNLOCK TABLES;
/*!40000 ALTER TABLE `civicrm_price_set_entity` ENABLE KEYS */;

--
-- Dumping data for table `civicrm_product`
--


/*!40000 ALTER TABLE `civicrm_product` DISABLE KEYS */;
LOCK TABLES `civicrm_product` WRITE;
INSERT INTO `civicrm_product` (`id`, `domain_id`, `name`, `description`, `sku`, `options`, `image`, `thumbnail`, `price`, `min_contribution`, `cost`, `is_active`, `period_type`, `fixed_period_start_day`, `duration_unit`, `duration_interval`, `frequency_unit`, `frequency_interval`) VALUES (1,1,'Coffee Mug','This heavy-duty mug is great for home or office, coffee or tea or hot chocolate. Show your support to family, friends and colleagues. Choose from three great colors.','MUG-101','White, Black, Green',NULL,NULL,'12.50','5.00','2.25',1,NULL,NULL,NULL,NULL,NULL,NULL);
UNLOCK TABLES;
/*!40000 ALTER TABLE `civicrm_product` ENABLE KEYS */;

--
-- Dumping data for table `civicrm_project`
--


/*!40000 ALTER TABLE `civicrm_project` DISABLE KEYS */;
LOCK TABLES `civicrm_project` WRITE;
UNLOCK TABLES;
/*!40000 ALTER TABLE `civicrm_project` ENABLE KEYS */;

--
-- Dumping data for table `civicrm_relationship`
--


/*!40000 ALTER TABLE `civicrm_relationship` DISABLE KEYS */;
LOCK TABLES `civicrm_relationship` WRITE;
INSERT INTO `civicrm_relationship` (`id`, `contact_id_a`, `contact_id_b`, `relationship_type_id`, `start_date`, `end_date`, `is_active`, `description`) VALUES (1,35,23,1,NULL,NULL,1,NULL),(2,74,23,1,NULL,NULL,1,NULL),(3,35,29,1,NULL,NULL,1,NULL),(4,74,29,1,NULL,NULL,1,NULL),(5,29,23,2,NULL,NULL,1,NULL),(6,74,35,3,NULL,NULL,1,NULL),(7,23,57,6,NULL,NULL,1,NULL),(8,29,57,7,NULL,NULL,1,NULL),(9,35,57,7,NULL,NULL,1,NULL),(10,74,57,7,NULL,NULL,1,NULL),(11,8,44,1,NULL,NULL,1,NULL),(12,61,44,1,NULL,NULL,1,NULL),(13,8,63,1,NULL,NULL,1,NULL),(14,61,63,1,NULL,NULL,1,NULL),(15,63,44,2,NULL,NULL,1,NULL),(16,61,8,3,NULL,NULL,1,NULL),(17,44,24,6,NULL,NULL,1,NULL),(18,63,24,7,NULL,NULL,1,NULL),(19,8,24,7,NULL,NULL,1,NULL),(20,61,24,7,NULL,NULL,1,NULL),(21,19,26,1,NULL,NULL,1,NULL),(22,73,26,1,NULL,NULL,1,NULL),(23,19,11,1,NULL,NULL,1,NULL),(24,73,11,1,NULL,NULL,1,NULL),(25,11,26,2,NULL,NULL,1,NULL),(26,73,19,3,NULL,NULL,1,NULL),(27,26,59,6,NULL,NULL,1,NULL),(28,11,59,7,NULL,NULL,1,NULL),(29,19,59,7,NULL,NULL,1,NULL),(30,73,59,7,NULL,NULL,1,NULL),(31,38,47,1,NULL,NULL,1,NULL),(32,53,47,1,NULL,NULL,1,NULL),(33,38,10,1,NULL,NULL,1,NULL),(34,53,10,1,NULL,NULL,1,NULL),(35,10,47,2,NULL,NULL,1,NULL),(36,53,38,3,NULL,NULL,1,NULL),(37,47,49,6,NULL,NULL,1,NULL),(38,10,49,7,NULL,NULL,1,NULL),(39,38,49,7,NULL,NULL,1,NULL),(40,53,49,7,NULL,NULL,1,NULL),(41,85,31,1,NULL,NULL,1,NULL),(42,77,31,1,NULL,NULL,1,NULL),(43,85,75,1,NULL,NULL,1,NULL),(44,77,75,1,NULL,NULL,1,NULL),(45,75,31,2,NULL,NULL,1,NULL),(46,77,85,3,NULL,NULL,1,NULL),(47,31,94,6,NULL,NULL,1,NULL),(48,75,94,7,NULL,NULL,1,NULL),(49,85,94,7,NULL,NULL,1,NULL),(50,77,94,7,NULL,NULL,1,NULL),(51,34,17,1,NULL,NULL,1,NULL),(52,66,17,1,NULL,NULL,1,NULL),(53,34,30,1,NULL,NULL,1,NULL),(54,66,30,1,NULL,NULL,1,NULL),(55,30,17,2,NULL,NULL,1,NULL),(56,66,34,3,NULL,NULL,1,NULL),(57,17,100,6,NULL,NULL,1,NULL),(58,30,100,7,NULL,NULL,1,NULL),(59,34,100,7,NULL,NULL,1,NULL),(60,66,100,7,NULL,NULL,1,NULL),(61,2,88,1,NULL,NULL,1,NULL),(62,18,88,1,NULL,NULL,1,NULL),(63,2,40,1,NULL,NULL,1,NULL),(64,18,40,1,NULL,NULL,1,NULL),(65,40,88,2,NULL,NULL,1,NULL),(66,18,2,3,NULL,NULL,1,NULL),(67,88,60,6,NULL,NULL,1,NULL),(68,40,60,7,NULL,NULL,1,NULL),(69,2,60,7,NULL,NULL,1,NULL),(70,18,60,7,NULL,NULL,1,NULL),(71,16,81,1,NULL,NULL,1,NULL),(72,58,81,1,NULL,NULL,1,NULL),(73,16,36,1,NULL,NULL,1,NULL),(74,58,36,1,NULL,NULL,1,NULL),(75,36,81,2,NULL,NULL,1,NULL),(76,58,16,3,NULL,NULL,1,NULL),(77,81,62,6,NULL,NULL,1,NULL),(78,36,62,7,NULL,NULL,1,NULL),(79,16,62,7,NULL,NULL,1,NULL),(80,58,62,7,NULL,NULL,1,NULL),(81,37,70,1,NULL,NULL,1,NULL),(82,97,70,1,NULL,NULL,1,NULL),(83,37,87,1,NULL,NULL,1,NULL),(84,97,87,1,NULL,NULL,1,NULL),(85,87,70,2,NULL,NULL,1,NULL),(86,97,37,3,NULL,NULL,1,NULL),(87,70,9,6,NULL,NULL,1,NULL),(88,87,9,7,NULL,NULL,1,NULL),(89,37,9,7,NULL,NULL,1,NULL),(90,97,9,7,NULL,NULL,1,NULL),(91,41,72,1,NULL,NULL,1,NULL),(92,15,72,1,NULL,NULL,1,NULL),(93,41,76,1,NULL,NULL,1,NULL),(94,15,76,1,NULL,NULL,1,NULL),(95,76,72,2,NULL,NULL,1,NULL),(96,15,41,3,NULL,NULL,1,NULL),(97,72,33,6,NULL,NULL,1,NULL),(98,76,33,7,NULL,NULL,1,NULL),(99,41,33,7,NULL,NULL,1,NULL),(100,15,33,7,NULL,NULL,1,NULL),(101,67,80,1,NULL,NULL,1,NULL),(102,84,80,1,NULL,NULL,1,NULL),(103,67,22,1,NULL,NULL,1,NULL),(104,84,22,1,NULL,NULL,1,NULL),(105,22,80,2,NULL,NULL,1,NULL),(106,84,67,3,NULL,NULL,1,NULL),(107,80,3,6,NULL,NULL,1,NULL),(108,22,3,7,NULL,NULL,1,NULL),(109,67,3,7,NULL,NULL,1,NULL),(110,84,3,7,NULL,NULL,1,NULL),(111,99,25,1,NULL,NULL,1,NULL),(112,71,25,1,NULL,NULL,1,NULL),(113,99,48,1,NULL,NULL,1,NULL),(114,71,48,1,NULL,NULL,1,NULL),(115,48,25,2,NULL,NULL,1,NULL),(116,71,99,3,NULL,NULL,1,NULL),(117,25,6,6,NULL,NULL,1,NULL),(118,48,6,7,NULL,NULL,1,NULL),(119,99,6,7,NULL,NULL,1,NULL),(120,71,6,7,NULL,NULL,1,NULL),(121,14,50,1,NULL,NULL,1,NULL),(122,45,50,1,NULL,NULL,1,NULL),(123,14,32,1,NULL,NULL,1,NULL),(124,45,32,1,NULL,NULL,1,NULL),(125,32,50,2,NULL,NULL,1,NULL),(126,45,14,3,NULL,NULL,1,NULL),(127,50,86,6,NULL,NULL,1,NULL),(128,32,86,7,NULL,NULL,1,NULL),(129,14,86,7,NULL,NULL,1,NULL),(130,45,86,7,NULL,NULL,1,NULL),(131,55,46,1,NULL,NULL,1,NULL),(132,52,46,1,NULL,NULL,1,NULL),(133,55,65,1,NULL,NULL,1,NULL),(134,52,65,1,NULL,NULL,1,NULL),(135,65,46,2,NULL,NULL,1,NULL),(136,52,55,3,NULL,NULL,1,NULL),(137,46,43,6,NULL,NULL,1,NULL),(138,65,43,7,NULL,NULL,1,NULL),(139,55,43,7,NULL,NULL,1,NULL),(140,52,43,7,NULL,NULL,1,NULL),(141,101,82,1,NULL,NULL,1,NULL),(142,92,82,1,NULL,NULL,1,NULL),(143,101,20,1,NULL,NULL,1,NULL),(144,92,20,1,NULL,NULL,1,NULL),(145,20,82,2,NULL,NULL,1,NULL),(146,92,101,3,NULL,NULL,1,NULL),(147,82,98,6,NULL,NULL,1,NULL),(148,20,98,7,NULL,NULL,1,NULL),(149,101,98,7,NULL,NULL,1,NULL),(150,92,98,7,NULL,NULL,1,NULL);
UNLOCK TABLES;
/*!40000 ALTER TABLE `civicrm_relationship` ENABLE KEYS */;

--
-- Dumping data for table `civicrm_relationship_type`
--


/*!40000 ALTER TABLE `civicrm_relationship_type` DISABLE KEYS */;
LOCK TABLES `civicrm_relationship_type` WRITE;
INSERT INTO `civicrm_relationship_type` (`id`, `domain_id`, `name_a_b`, `name_b_a`, `description`, `contact_type_a`, `contact_type_b`, `is_reserved`, `is_active`) VALUES (1,1,'Child of','Parent of','Parent/child relationship.','Individual','Individual',0,1),(2,1,'Spouse of','Spouse of','Spousal relationship.','Individual','Individual',0,1),(3,1,'Sibling of','Sibling of','Sibling relationship.','Individual','Individual',0,1),(4,1,'Employee of','Employer of','Employment relationship.','Individual','Organization',0,1),(5,1,'Volunteer for','Volunteer is','Volunteer relationship.','Individual','Organization',0,1),(6,1,'Head of Household for','Head of Household is','Head of household.','Individual','Household',0,1),(7,1,'Household Member of','Household Member is','Household membership.','Individual','Household',0,1);
UNLOCK TABLES;
/*!40000 ALTER TABLE `civicrm_relationship_type` ENABLE KEYS */;

--
-- Dumping data for table `civicrm_saved_search`
--


/*!40000 ALTER TABLE `civicrm_saved_search` DISABLE KEYS */;
LOCK TABLES `civicrm_saved_search` WRITE;
UNLOCK TABLES;
/*!40000 ALTER TABLE `civicrm_saved_search` ENABLE KEYS */;

--
-- Dumping data for table `civicrm_sms_history`
--


/*!40000 ALTER TABLE `civicrm_sms_history` DISABLE KEYS */;
LOCK TABLES `civicrm_sms_history` WRITE;
UNLOCK TABLES;
/*!40000 ALTER TABLE `civicrm_sms_history` ENABLE KEYS */;

--
-- Dumping data for table `civicrm_state_province`
--


/*!40000 ALTER TABLE `civicrm_state_province` DISABLE KEYS */;
LOCK TABLES `civicrm_state_province` WRITE;
INSERT INTO `civicrm_state_province` (`id`, `name`, `abbreviation`, `country_id`) VALUES (1000,'Alabama','AL',1228),(1001,'Alaska','AK',1228),(1002,'Arizona','AZ',1228),(1003,'Arkansas','AR',1228),(1004,'California','CA',1228),(1005,'Colorado','CO',1228),(1006,'Connecticut','CT',1228),(1007,'Delaware','DE',1228),(1008,'Florida','FL',1228),(1009,'Georgia','GA',1228),(1010,'Hawaii','HI',1228),(1011,'Idaho','ID',1228),(1012,'Illinois','IL',1228),(1013,'Indiana','IN',1228),(1014,'Iowa','IA',1228),(1015,'Kansas','KS',1228),(1016,'Kentucky','KY',1228),(1017,'Louisiana','LA',1228),(1018,'Maine','ME',1228),(1019,'Maryland','MD',1228),(1020,'Massachusetts','MA',1228),(1021,'Michigan','MI',1228),(1022,'Minnesota','MN',1228),(1023,'Mississippi','MS',1228),(1024,'Missouri','MO',1228),(1025,'Montana','MT',1228),(1026,'Nebraska','NE',1228),(1027,'Nevada','NV',1228),(1028,'New Hampshire','NH',1228),(1029,'New Jersey','NJ',1228),(1030,'New Mexico','NM',1228),(1031,'New York','NY',1228),(1032,'North Carolina','NC',1228),(1033,'North Dakota','ND',1228),(1034,'Ohio','OH',1228),(1035,'Oklahoma','OK',1228),(1036,'Oregon','OR',1228),(1037,'Pennsylvania','PA',1228),(1038,'Rhode Island','RI',1228),(1039,'South Carolina','SC',1228),(1040,'South Dakota','SD',1228),(1041,'Tennessee','TN',1228),(1042,'Texas','TX',1228),(1043,'Utah','UT',1228),(1044,'Vermont','VT',1228),(1045,'Virginia','VA',1228),(1046,'Washington','WA',1228),(1047,'West Virginia','WV',1228),(1048,'Wisconsin','WI',1228),(1049,'Wyoming','WY',1228),(1050,'District of Columbia','DC',1228),(1052,'American Samoa','AS',1228),(1053,'Guam','GU',1228),(1055,'Northern Mariana Islands','MP',1228),(1056,'Puerto Rico','PR',1228),(1057,'Virgin Islands','VI',1228),(1058,'United States Minor Outlying Islands','UM',1228),(1059,'Armed Forces Europe','AE',1228),(1060,'Armed Forces Americas','AA',1228),(1061,'Armed Forces Pacific','AP',1228),(1100,'Alberta','AB',1039),(1101,'British Columbia','BC',1039),(1102,'Manitoba','MB',1039),(1103,'New Brunswick','NB',1039),(1104,'Newfoundland and Labrador','NL',1039),(1105,'Northwest Territories','NT',1039),(1106,'Nova Scotia','NS',1039),(1107,'Nunavut','NU',1039),(1108,'Ontario','ON',1039),(1109,'Prince Edward Island','PE',1039),(1110,'Quebec','QC',1039),(1111,'Saskatchewan','SK',1039),(1112,'Yukon Territory','YT',1039),(1200,'Maharashtra','MM',1101),(1201,'Karnataka','KA',1101),(1202,'Andhra Pradesh','AP',1101),(1203,'Arunachal Pradesh','AR',1101),(1204,'Assam','AS',1101),(1205,'Bihar','BR',1101),(1206,'Chhattisgarh','CH',1101),(1207,'Goa','GA',1101),(1208,'Gujarat','GJ',1101),(1209,'Haryana','HR',1101),(1210,'Himachal Pradesh','HP',1101),(1211,'Jammu and Kashmir','JK',1101),(1212,'Jharkhand','JH',1101),(1213,'Kerala','KL',1101),(1214,'Madhya Pradesh','MP',1101),(1215,'Manipur','MN',1101),(1216,'Meghalaya','ML',1101),(1217,'Mizoram','MZ',1101),(1218,'Nagaland','NL',1101),(1219,'Orissa','OR',1101),(1220,'Punjab','PB',1101),(1221,'Rajasthan','RJ',1101),(1222,'Sikkim','SK',1101),(1223,'Tamil Nadu','TN',1101),(1224,'Tripura','TR',1101),(1225,'Uttaranchal','UL',1101),(1226,'Uttar Pradesh','UP',1101),(1227,'West Bengal','WB',1101),(1228,'Andaman and Nicobar Islands','AN',1101),(1229,'Dadra and Nagar Haveli','DN',1101),(1230,'Daman and Diu','DD',1101),(1231,'Delhi','DL',1101),(1232,'Lakshadweep','LD',1101),(1233,'Pondicherry','PY',1101),(1300,'mazowieckie','MZ',1172),(1301,'pomorskie','PM',1172),(1302,'dolnolskie','DS',1172),(1303,'kujawsko-pomorskie','KP',1172),(1304,'lubelskie','LU',1172),(1305,'lubuskie','LB',1172),(1306,'dzkie','LD',1172),(1307,'maopolskie','MA',1172),(1308,'opolskie','OP',1172),(1309,'podkarpackie','PK',1172),(1310,'podlaskie','PD',1172),(1311,'lskie','SL',1172),(1312,'witokrzyskie','SK',1172),(1313,'warmisko-mazurskie','WN',1172),(1314,'wielkopolskie','WP',1172),(1315,'zachodniopomorskie','ZP',1172),(1500,'Abu Zaby','AZ',1225),(1501,'\'Ajman','AJ',1225),(1502,'Al Fujayrah','FU',1225),(1503,'Ash Shariqah','SH',1225),(1504,'Dubayy','DU',1225),(1505,'Ra\'s al Khaymah','RK',1225),(1506,'Dac Lac','33',1233),(1507,'Umm al Qaywayn','UQ',1225),(1508,'Badakhshan','BDS',1001),(1509,'Badghis','BDG',1001),(1510,'Baghlan','BGL',1001),(1511,'Balkh','BAL',1001),(1512,'Bamian','BAM',1001),(1513,'Farah','FRA',1001),(1514,'Faryab','FYB',1001),(1515,'Ghazni','GHA',1001),(1516,'Ghowr','GHO',1001),(1517,'Helmand','HEL',1001),(1518,'Herat','HER',1001),(1519,'Jowzjan','JOW',1001),(1520,'Kabul','KAB',1001),(1521,'Kandahar','KAN',1001),(1522,'Kapisa','KAP',1001),(1523,'Khowst','KHO',1001),(1524,'Konar','KNR',1001),(1525,'Kondoz','KDZ',1001),(1526,'Laghman','LAG',1001),(1527,'Lowgar','LOW',1001),(1528,'Nangrahar','NAN',1001),(1529,'Nimruz','NIM',1001),(1530,'Nurestan','NUR',1001),(1531,'Oruzgan','ORU',1001),(1532,'Paktia','PIA',1001),(1533,'Paktika','PKA',1001),(1534,'Parwan','PAR',1001),(1535,'Samangan','SAM',1001),(1536,'Sar-e Pol','SAR',1001),(1537,'Takhar','TAK',1001),(1538,'Wardak','WAR',1001),(1539,'Zabol','ZAB',1001),(1540,'Berat','BR',1002),(1541,'Bulqiz','BU',1002),(1542,'Delvin','DL',1002),(1543,'Devoll','DV',1002),(1544,'Dibr','DI',1002),(1545,'Durrss','DR',1002),(1546,'Elbasan','EL',1002),(1547,'Fier','FR',1002),(1548,'Gramsh','GR',1002),(1549,'Gjirokastr','GJ',1002),(1550,'Has','HA',1002),(1551,'Kavaj','KA',1002),(1552,'Kolonj','ER',1002),(1553,'Korc','KO',1002),(1554,'Kruj','KR',1002),(1555,'Kuov','KC',1002),(1556,'Kuks','KU',1002),(1557,'Kurbin','KB',1002),(1558,'Lezh','LE',1002),(1559,'Librazhd','LB',1002),(1560,'Lushnj','LU',1002),(1561,'Malsi e Madhe','MM',1002),(1562,'Mallakastr','MK',1002),(1563,'Mat','MT',1002),(1564,'Mirdit','MR',1002),(1565,'Peqin','PQ',1002),(1566,'Prmet','PR',1002),(1567,'Pogradec','PG',1002),(1568,'Puk','PU',1002),(1569,'Sarand','SR',1002),(1570,'Skrapar','SK',1002),(1571,'Shkodr','SH',1002),(1572,'Tepelen','TE',1002),(1573,'Tiran','TR',1002),(1574,'Tropoj','TP',1002),(1575,'Vlor','VL',1002),(1576,'Erevan','ER',1011),(1577,'Aragacotn','AG',1011),(1578,'Ararat','AR',1011),(1579,'Armavir','AV',1011),(1580,'Gegarkunik\'','GR',1011),(1581,'Kotayk\'','KT',1011),(1582,'Lory','LO',1011),(1583,'Sirak','SH',1011),(1584,'Syunik\'','SU',1011),(1585,'Tavus','TV',1011),(1586,'Vayoc Jor','VD',1011),(1587,'Bengo','BGO',1006),(1588,'Benguela','BGU',1006),(1589,'Bie','BIE',1006),(1590,'Cabinda','CAB',1006),(1591,'Cuando-Cubango','CCU',1006),(1592,'Cuanza Norte','CNO',1006),(1593,'Cuanza Sul','CUS',1006),(1594,'Cunene','CNN',1006),(1595,'Huambo','HUA',1006),(1596,'Huila','HUI',1006),(1597,'Luanda','LUA',1006),(1598,'Lunda Norte','LNO',1006),(1599,'Lunda Sul','LSU',1006),(1600,'Malange','MAL',1006),(1601,'Moxico','MOX',1006),(1602,'Namibe','NAM',1006),(1603,'Uige','UIG',1006),(1604,'Zaire','ZAI',1006),(1605,'Capital federal','C',1010),(1606,'Buenos Aires','B',1010),(1607,'Catamarca','K',1010),(1608,'Cordoba','X',1010),(1609,'Corrientes','W',1010),(1610,'Chaco','H',1010),(1611,'Chubut','U',1010),(1612,'Entre Rios','E',1010),(1613,'Formosa','P',1010),(1614,'Jujuy','Y',1010),(1615,'La Pampa','L',1010),(1616,'Mendoza','M',1010),(1617,'Misiones','N',1010),(1618,'Neuquen','Q',1010),(1619,'Rio Negro','R',1010),(1620,'Salta','A',1010),(1621,'San Juan','J',1010),(1622,'San Luis','D',1010),(1623,'Santa Cruz','Z',1010),(1624,'Santa Fe','S',1010),(1625,'Santiago del Estero','G',1010),(1626,'Tierra del Fuego','V',1010),(1627,'Tucuman','T',1010),(1628,'Burgenland','1',1014),(1629,'Krnten','2',1014),(1630,'Niederosterreich','3',1014),(1631,'Oberosterreich','4',1014),(1632,'Salzburg','5',1014),(1633,'Steiermark','6',1014),(1634,'Tirol','7',1014),(1635,'Vorarlberg','8',1014),(1636,'Wien','9',1014),(1637,'Australian Antarctic Territory','AAT',1013),(1638,'Australian Capital Territory','ACT',1013),(1639,'Northern Territory','NT',1013),(1640,'New South Wales','NSW',1013),(1641,'Queensland','QLD',1013),(1642,'South Australia','SA',1013),(1643,'Tasmania','TAS',1013),(1644,'Victoria','VIC',1013),(1645,'Western Australia','WA',1013),(1646,'Naxcivan','NX',1015),(1647,'Ali Bayramli','AB',1015),(1648,'Baki','BA',1015),(1649,'Ganca','GA',1015),(1650,'Lankaran','LA',1015),(1651,'Mingacevir','MI',1015),(1652,'Naftalan','NA',1015),(1653,'Saki','SA',1015),(1654,'Sumqayit','SM',1015),(1655,'Susa','SS',1015),(1656,'Xankandi','XA',1015),(1657,'Yevlax','YE',1015),(1658,'Abseron','ABS',1015),(1659,'Agcabadi','AGC',1015),(1660,'Agdam','AGM',1015),(1661,'Agdas','AGS',1015),(1662,'Agstafa','AGA',1015),(1663,'Agsu','AGU',1015),(1664,'Astara','AST',1015),(1665,'Babak','BAB',1015),(1666,'Balakan','BAL',1015),(1667,'Barda','BAR',1015),(1668,'Beylagan','BEY',1015),(1669,'Bilasuvar','BIL',1015),(1670,'Cabrayll','CAB',1015),(1671,'Calilabad','CAL',1015),(1672,'Culfa','CUL',1015),(1673,'Daskasan','DAS',1015),(1674,'Davaci','DAV',1015),(1675,'Fuzuli','FUZ',1015),(1676,'Gadabay','GAD',1015),(1677,'Goranboy','GOR',1015),(1678,'Goycay','GOY',1015),(1679,'Haciqabul','HAC',1015),(1680,'Imisli','IMI',1015),(1681,'Ismayilli','ISM',1015),(1682,'Kalbacar','KAL',1015),(1683,'Kurdamir','KUR',1015),(1684,'Lacin','LAC',1015),(1685,'Lerik','LER',1015),(1686,'Masalli','MAS',1015),(1687,'Neftcala','NEF',1015),(1688,'Oguz','OGU',1015),(1689,'Ordubad','ORD',1015),(1690,'Qabala','QAB',1015),(1691,'Qax','QAX',1015),(1692,'Qazax','QAZ',1015),(1693,'Qobustan','QOB',1015),(1694,'Quba','QBA',1015),(1695,'Qubadli','QBI',1015),(1696,'Qusar','QUS',1015),(1697,'Saatli','SAT',1015),(1698,'Sabirabad','SAB',1015),(1699,'Sadarak','SAD',1015),(1700,'Sahbuz','SAH',1015),(1701,'Salyan','SAL',1015),(1702,'Samaxi','SMI',1015),(1703,'Samkir','SKR',1015),(1704,'Samux','SMX',1015),(1705,'Sarur','SAR',1015),(1706,'Siyazan','SIY',1015),(1707,'Tartar','TAR',1015),(1708,'Tovuz','TOV',1015),(1709,'Ucar','UCA',1015),(1710,'Xacmaz','XAC',1015),(1711,'Xanlar','XAN',1015),(1712,'Xizi','XIZ',1015),(1713,'Xocali','XCI',1015),(1714,'Xocavand','XVD',1015),(1715,'Yardimli','YAR',1015),(1716,'Zangilan','ZAN',1015),(1717,'Zaqatala','ZAQ',1015),(1718,'Zardab','ZAR',1015),(1719,'Federacija Bosna i Hercegovina','BIH',1026),(1720,'Republika Srpska','SRP',1026),(1721,'Bagerhat zila','05',1017),(1722,'Bandarban zila','01',1017),(1723,'Barguna zila','02',1017),(1724,'Barisal zila','06',1017),(1725,'Bhola zila','07',1017),(1726,'Bogra zila','03',1017),(1727,'Brahmanbaria zila','04',1017),(1728,'Chandpur zila','09',1017),(1729,'Chittagong zila','10',1017),(1730,'Chuadanga zila','12',1017),(1731,'Comilla zila','08',1017),(1732,'Cox\'s Bazar zila','11',1017),(1733,'Dhaka zila','13',1017),(1734,'Dinajpur zila','14',1017),(1735,'Faridpur zila','15',1017),(1736,'Feni zila','16',1017),(1737,'Gaibandha zila','19',1017),(1738,'Gazipur zila','18',1017),(1739,'Gopalganj zila','17',1017),(1740,'Habiganj zila','20',1017),(1741,'Jaipurhat zila','24',1017),(1742,'Jamalpur zila','21',1017),(1743,'Jessore zila','22',1017),(1744,'Jhalakati zila','25',1017),(1745,'Jhenaidah zila','23',1017),(1746,'Khagrachari zila','29',1017),(1747,'Khulna zila','27',1017),(1748,'Kishorganj zila','26',1017),(1749,'Kurigram zila','28',1017),(1750,'Kushtia zila','30',1017),(1751,'Lakshmipur zila','31',1017),(1752,'Lalmonirhat zila','32',1017),(1753,'Madaripur zila','36',1017),(1754,'Magura zila','37',1017),(1755,'Manikganj zila','33',1017),(1756,'Meherpur zila','39',1017),(1757,'Moulvibazar zila','38',1017),(1758,'Munshiganj zila','35',1017),(1759,'Mymensingh zila','34',1017),(1760,'Naogaon zila','48',1017),(1761,'Narail zila','43',1017),(1762,'Narayanganj zila','40',1017),(1763,'Narsingdi zila','42',1017),(1764,'Natore zila','44',1017),(1765,'Nawabganj zila','45',1017),(1766,'Netrakona zila','41',1017),(1767,'Nilphamari zila','46',1017),(1768,'Noakhali zila','47',1017),(1769,'Pabna zila','49',1017),(1770,'Panchagarh zila','52',1017),(1771,'Patuakhali zila','51',1017),(1772,'Pirojpur zila','50',1017),(1773,'Rajbari zila','53',1017),(1774,'Rajshahi zila','54',1017),(1775,'Rangamati zila','56',1017),(1776,'Rangpur zila','55',1017),(1777,'Satkhira zila','58',1017),(1778,'Shariatpur zila','62',1017),(1779,'Sherpur zila','57',1017),(1780,'Sirajganj zila','59',1017),(1781,'Sunamganj zila','61',1017),(1782,'Sylhet zila','60',1017),(1783,'Tangail zila','63',1017),(1784,'Thakurgaon zila','64',1017),(1785,'Antwerpen','VAN',1020),(1786,'Brabant Wallon','WBR',1020),(1787,'Hainaut','WHT',1020),(1788,'Liege','WLG',1020),(1789,'Limburg','VLI',1020),(1790,'Luxembourg','WLX',1020),(1791,'Namur','WNA',1020),(1792,'Oost-Vlaanderen','VOV',1020),(1793,'Vlaams-Brabant','VBR',1020),(1794,'West-Vlaanderen','VWV',1020),(1795,'Bale','BAL',1034),(1796,'Bam','BAM',1034),(1797,'Banwa','BAN',1034),(1798,'Bazega','BAZ',1034),(1799,'Bougouriba','BGR',1034),(1800,'Boulgou','BLG',1034),(1801,'Boulkiemde','BLK',1034),(1802,'Comoe','COM',1034),(1803,'Ganzourgou','GAN',1034),(1804,'Gnagna','GNA',1034),(1805,'Gourma','GOU',1034),(1806,'Houet','HOU',1034),(1807,'Ioba','IOB',1034),(1808,'Kadiogo','KAD',1034),(1809,'Kenedougou','KEN',1034),(1810,'Komondjari','KMD',1034),(1811,'Kompienga','KMP',1034),(1812,'Kossi','KOS',1034),(1813,'Koulpulogo','KOP',1034),(1814,'Kouritenga','KOT',1034),(1815,'Kourweogo','KOW',1034),(1816,'Leraba','LER',1034),(1817,'Loroum','LOR',1034),(1818,'Mouhoun','MOU',1034),(1819,'Nahouri','NAO',1034),(1820,'Namentenga','NAM',1034),(1821,'Nayala','NAY',1034),(1822,'Noumbiel','NOU',1034),(1823,'Oubritenga','OUB',1034),(1824,'Oudalan','OUD',1034),(1825,'Passore','PAS',1034),(1826,'Poni','PON',1034),(1827,'Sanguie','SNG',1034),(1828,'Sanmatenga','SMT',1034),(1829,'Seno','SEN',1034),(1830,'Siasili','SIS',1034),(1831,'Soum','SOM',1034),(1832,'Sourou','SOR',1034),(1833,'Tapoa','TAP',1034),(1834,'Tui','TUI',1034),(1835,'Yagha','YAG',1034),(1836,'Yatenga','YAT',1034),(1837,'Ziro','ZIR',1034),(1838,'Zondoma','ZON',1034),(1839,'Zoundweogo','ZOU',1034),(1840,'Blagoevgrad','01',1033),(1841,'Burgas','02',1033),(1842,'Dobric','08',1033),(1843,'Gabrovo','07',1033),(1844,'Haskovo','26',1033),(1845,'Jambol','28',1033),(1846,'Kardzali','09',1033),(1847,'Kjstendil','10',1033),(1848,'Lovec','11',1033),(1849,'Montana','12',1033),(1850,'Pazardzik','13',1033),(1851,'Pernik','14',1033),(1852,'Pleven','15',1033),(1853,'Plovdiv','16',1033),(1854,'Razgrad','17',1033),(1855,'Ruse','18',1033),(1856,'Silistra','19',1033),(1857,'Sliven','20',1033),(1858,'Smoljan','21',1033),(1859,'Sofija','23',1033),(1860,'Stara Zagora','24',1033),(1861,'Sumen','27',1033),(1862,'Targoviste','25',1033),(1863,'Varna','03',1033),(1864,'Veliko Tarnovo','04',1033),(1865,'Vidin','05',1033),(1866,'Vraca','06',1033),(1867,'Al Hadd','01',1016),(1868,'Al Manamah','03',1016),(1869,'Al Mintaqah al Gharbiyah','10',1016),(1870,'Al Mintagah al Wusta','07',1016),(1871,'Al Mintaqah ash Shamaliyah','05',1016),(1872,'Al Muharraq','02',1016),(1873,'Ar Rifa','09',1016),(1874,'Jidd Hafs','04',1016),(1875,'Madluat Jamad','12',1016),(1876,'Madluat Isa','08',1016),(1877,'Mintaqat Juzur tawar','11',1016),(1878,'Sitrah','06',1016),(1879,'Bubanza','BB',1036),(1880,'Bujumbura','BJ',1036),(1881,'Bururi','BR',1036),(1882,'Cankuzo','CA',1036),(1883,'Cibitoke','CI',1036),(1884,'Gitega','GI',1036),(1885,'Karuzi','KR',1036),(1886,'Kayanza','KY',1036),(1887,'Makamba','MA',1036),(1888,'Muramvya','MU',1036),(1889,'Mwaro','MW',1036),(1890,'Ngozi','NG',1036),(1891,'Rutana','RT',1036),(1892,'Ruyigi','RY',1036),(1893,'Alibori','AL',1022),(1894,'Atakora','AK',1022),(1895,'Atlantique','AQ',1022),(1896,'Borgou','BO',1022),(1897,'Collines','CO',1022),(1898,'Donga','DO',1022),(1899,'Kouffo','KO',1022),(1900,'Littoral','LI',1022),(1901,'Mono','MO',1022),(1902,'Oueme','OU',1022),(1903,'Plateau','PL',1022),(1904,'Zou','ZO',1022),(1905,'Belait','BE',1032),(1906,'Brunei-Muara','BM',1032),(1907,'Temburong','TE',1032),(1908,'Tutong','TU',1032),(1909,'Cochabamba','C',1025),(1910,'Chuquisaca','H',1025),(1911,'El Beni','B',1025),(1912,'La Paz','L',1025),(1913,'Oruro','O',1025),(1914,'Pando','N',1025),(1915,'Potosi','P',1025),(1916,'Tarija','T',1025),(1917,'Acre','AC',1029),(1918,'Alagoas','AL',1029),(1919,'Amazonas','AM',1029),(1920,'Amapa','AP',1029),(1921,'Baia','BA',1029),(1922,'Ceara','CE',1029),(1923,'Distrito Federal','DF',1029),(1924,'Espirito Santo','ES',1029),(1925,'Fernando de Noronha','FN',1029),(1926,'Goias','GO',1029),(1927,'Maranhao','MA',1029),(1928,'Minas Gerais','MG',1029),(1929,'Mato Grosso do Sul','MS',1029),(1930,'Mato Grosso','MT',1029),(1931,'Para','PA',1029),(1932,'Paraiba','PB',1029),(1933,'Pernambuco','PE',1029),(1934,'Piaui','PI',1029),(1935,'Parana','PR',1029),(1936,'Rio de Janeiro','RJ',1029),(1937,'Rio Grande do Norte','RN',1029),(1938,'Rondonia','RO',1029),(1939,'Roraima','RR',1029),(1940,'Rio Grande do Sul','RS',1029),(1941,'Santa Catarina','SC',1029),(1942,'Sergipe','SE',1029),(1943,'Sao Paulo','SP',1029),(1944,'Tocatins','TO',1029),(1945,'Acklins and Crooked Islands','AC',1212),(1946,'Bimini','BI',1212),(1947,'Cat Island','CI',1212),(1948,'Exuma','EX',1212),(1949,'Freeport','FP',1212),(1950,'Fresh Creek','FC',1212),(1951,'Governor\'s Harbour','GH',1212),(1952,'Green Turtle Cay','GT',1212),(1953,'Harbour Island','HI',1212),(1954,'High Rock','HR',1212),(1955,'Inagua','IN',1212),(1956,'Kemps Bay','KB',1212),(1957,'Long Island','LI',1212),(1958,'Marsh Harbour','MH',1212),(1959,'Mayaguana','MG',1212),(1960,'New Providence','NP',1212),(1961,'Nicholls Town and Berry Islands','NB',1212),(1962,'Ragged Island','RI',1212),(1963,'Rock Sound','RS',1212),(1964,'Sandy Point','SP',1212),(1965,'San Salvador and Rum Cay','SR',1212),(1966,'Bumthang','33',1024),(1967,'Chhukha','12',1024),(1968,'Dagana','22',1024),(1969,'Gasa','GA',1024),(1970,'Ha','13',1024),(1971,'Lhuentse','44',1024),(1972,'Monggar','42',1024),(1973,'Paro','11',1024),(1974,'Pemagatshel','43',1024),(1975,'Punakha','23',1024),(1976,'Samdrup Jongkha','45',1024),(1977,'Samtee','14',1024),(1978,'Sarpang','31',1024),(1979,'Thimphu','15',1024),(1980,'Trashigang','41',1024),(1981,'Trashi Yangtse','TY',1024),(1982,'Trongsa','32',1024),(1983,'Tsirang','21',1024),(1984,'Wangdue Phodrang','24',1024),(1985,'Zhemgang','34',1024),(1986,'Central','CE',1027),(1987,'Ghanzi','GH',1027),(1988,'Kgalagadi','KG',1027),(1989,'Kgatleng','KL',1027),(1990,'Kweneng','KW',1027),(1991,'Ngamiland','NG',1027),(1992,'North-East','NE',1027),(1993,'North-West','NW',1027),(1994,'South-East','SE',1027),(1995,'Southern','SO',1027),(1996,'Brsckaja voblasc\'','BR',1019),(1997,'Homel\'skaja voblasc\'','HO',1019),(1998,'Hrodzenskaja voblasc\'','HR',1019),(1999,'Mahiluskaja voblasc\'','MA',1019),(2000,'Minskaja voblasc\'','MI',1019),(2001,'Vicebskaja voblasc\'','VI',1019),(2002,'Belize','BZ',1021),(2003,'Cayo','CY',1021),(2004,'Corozal','CZL',1021),(2005,'Orange Walk','OW',1021),(2006,'Stann Creek','SC',1021),(2007,'Toledo','TOL',1021),(2008,'Kinshasa','KN',1050),(2009,'Bandundu','BN',1050),(2010,'Bas-Congo','BC',1050),(2011,'Equateur','EQ',1050),(2012,'Haut-Congo','HC',1050),(2013,'Kasai-Occidental','KW',1050),(2014,'Kasai-Oriental','KE',1050),(2015,'Katanga','KA',1050),(2016,'Maniema','MA',1050),(2017,'Nord-Kivu','NK',1050),(2018,'Orientale','OR',1050),(2019,'Sud-Kivu','SK',1050),(2020,'Bangui','BGF',1042),(2021,'Bamingui-Bangoran','BB',1042),(2022,'Basse-Kotto','BK',1042),(2023,'Haute-Kotto','HK',1042),(2024,'Haut-Mbomou','HM',1042),(2025,'Kemo','KG',1042),(2026,'Lobaye','LB',1042),(2027,'Mambere-Kadei','HS',1042),(2028,'Mbomou','MB',1042),(2029,'Nana-Grebizi','KB',1042),(2030,'Nana-Mambere','NM',1042),(2031,'Ombella-Mpoko','MP',1042),(2032,'Ouaka','UK',1042),(2033,'Ouham','AC',1042),(2034,'Ouham-Pende','OP',1042),(2035,'Sangha-Mbaere','SE',1042),(2036,'Vakaga','VR',1042),(2037,'Brazzaville','BZV',1051),(2038,'Bouenza','11',1051),(2039,'Cuvette','8',1051),(2040,'Cuvette-Ouest','15',1051),(2041,'Kouilou','5',1051),(2042,'Lekoumou','2',1051),(2043,'Likouala','7',1051),(2044,'Niari','9',1051),(2045,'Plateaux','14',1051),(2046,'Pool','12',1051),(2047,'Sangha','13',1051),(2048,'Aargau','AG',1205),(2049,'Appenzell Innerrhoden','AI',1205),(2050,'Appenzell Ausserrhoden','AR',1205),(2051,'Bern','BE',1205),(2052,'Basel-Landschaft','BL',1205),(2053,'Basel-Stadt','BS',1205),(2054,'Fribourg','FR',1205),(2055,'Geneva','GE',1205),(2056,'Glarus','GL',1205),(2057,'Graubunden','GR',1205),(2058,'Jura','JU',1205),(2059,'Luzern','LU',1205),(2060,'Neuchatel','NE',1205),(2061,'Nidwalden','NW',1205),(2062,'Obwalden','OW',1205),(2063,'Sankt Gallen','SG',1205),(2064,'Schaffhausen','SH',1205),(2065,'Solothurn','SO',1205),(2066,'Schwyz','SZ',1205),(2067,'Thurgau','TG',1205),(2068,'Ticino','TI',1205),(2069,'Uri','UR',1205),(2070,'Vaud','VD',1205),(2071,'Valais','VS',1205),(2072,'Zug','ZG',1205),(2073,'Zurich','ZH',1205),(2074,'18 Montagnes','06',1054),(2075,'Agnebi','16',1054),(2076,'Bas-Sassandra','09',1054),(2077,'Denguele','10',1054),(2078,'Haut-Sassandra','02',1054),(2079,'Lacs','07',1054),(2080,'Lagunes','01',1054),(2081,'Marahoue','12',1054),(2082,'Moyen-Comoe','05',1054),(2083,'Nzi-Comoe','11',1054),(2084,'Savanes','03',1054),(2085,'Sud-Bandama','15',1054),(2086,'Sud-Comoe','13',1054),(2087,'Vallee du Bandama','04',1054),(2088,'Worodouqou','14',1054),(2089,'Zanzan','08',1054),(2090,'Aisen del General Carlos Ibanez del Campo','AI',1044),(2091,'Antofagasta','AN',1044),(2092,'Araucania','AR',1044),(2093,'Atacama','AT',1044),(2094,'Bio-Bio','BI',1044),(2095,'Coquimbo','CO',1044),(2096,'Libertador General Bernardo O\'Higgins','LI',1044),(2097,'Los Lagos','LL',1044),(2098,'Magallanes','MA',1044),(2099,'Maule','ML',1044),(2100,'Region Metropolitana de Santiago','RM',1044),(2101,'Tarapaca','TA',1044),(2102,'Valparaiso','VS',1044),(2103,'Adamaoua','AD',1038),(2104,'Centre','CE',1038),(2105,'East','ES',1038),(2106,'Far North','EN',1038),(2107,'North','NO',1038),(2108,'South','SW',1038),(2109,'South-West','SW',1038),(2110,'West','OU',1038),(2111,'Beijing','11',1045),(2112,'Chongqing','50',1045),(2113,'Shanghai','31',1045),(2114,'Tianjin','12',1045),(2115,'Anhui','34',1045),(2116,'Fujian','35',1045),(2117,'Gansu','62',1045),(2118,'Guangdong','44',1045),(2119,'Gulzhou','52',1045),(2120,'Hainan','46',1045),(2121,'Hebei','13',1045),(2122,'Heilongjiang','23',1045),(2123,'Henan','41',1045),(2124,'Hubei','42',1045),(2125,'Hunan','43',1045),(2126,'Jiangsu','32',1045),(2127,'Jiangxi','36',1045),(2128,'Jilin','22',1045),(2129,'Liaoning','21',1045),(2130,'Qinghai','63',1045),(2131,'Shaanxi','61',1045),(2132,'Shandong','37',1045),(2133,'Shanxi','14',1045),(2134,'Sichuan','51',1045),(2135,'Taiwan','71',1045),(2136,'Yunnan','53',1045),(2137,'Zhejiang','33',1045),(2138,'Guangxi','45',1045),(2139,'Neia Mongol (mn)','15',1045),(2140,'Xinjiang','65',1045),(2141,'Xizang','54',1045),(2142,'Hong Kong','91',1045),(2143,'Macau','92',1045),(2144,'Distrito Capital de Bogot','DC',1048),(2145,'Amazonea','AMA',1048),(2146,'Antioquia','ANT',1048),(2147,'Arauca','ARA',1048),(2148,'Atlntico','ATL',1048),(2149,'Bolvar','BOL',1048),(2150,'Boyac','BOY',1048),(2151,'Caldea','CAL',1048),(2152,'Caquet','CAQ',1048),(2153,'Casanare','CAS',1048),(2154,'Cauca','CAU',1048),(2155,'Cesar','CES',1048),(2156,'Crdoba','COR',1048),(2157,'Cundinamarca','CUN',1048),(2158,'Choc','CHO',1048),(2159,'Guaina','GUA',1048),(2160,'Guaviare','GUV',1048),(2161,'La Guajira','LAG',1048),(2162,'Magdalena','MAG',1048),(2163,'Meta','MET',1048),(2164,'Nario','NAR',1048),(2165,'Norte de Santander','NSA',1048),(2166,'Putumayo','PUT',1048),(2167,'Quindio','QUI',1048),(2168,'Risaralda','RIS',1048),(2169,'San Andrs, Providencia y Santa Catalina','SAP',1048),(2170,'Santander','SAN',1048),(2171,'Sucre','SUC',1048),(2172,'Tolima','TOL',1048),(2173,'Valle del Cauca','VAC',1048),(2174,'Vaups','VAU',1048),(2175,'Vichada','VID',1048),(2176,'Alajuela','A',1053),(2177,'Cartago','C',1053),(2178,'Guanacaste','G',1053),(2179,'Heredia','H',1053),(2180,'Limon','L',1053),(2181,'Puntarenas','P',1053),(2182,'San Jose','SJ',1053),(2183,'Camagey','09',1056),(2184,'Ciego de `vila','08',1056),(2185,'Cienfuegos','06',1056),(2186,'Ciudad de La Habana','03',1056),(2187,'Granma','12',1056),(2188,'Guantanamo','14',1056),(2189,'Holquin','11',1056),(2190,'La Habana','02',1056),(2191,'Las Tunas','10',1056),(2192,'Matanzas','04',1056),(2193,'Pinar del Rio','01',1056),(2194,'Sancti Spiritus','07',1056),(2195,'Santiago de Cuba','13',1056),(2196,'Villa Clara','05',1056),(2197,'Isla de la Juventud','99',1056),(2198,'Pinar del Roo','PR',1056),(2199,'Ciego de Avila','CA',1056),(2200,'Camagoey','CG',1056),(2201,'Holgun','HO',1056),(2202,'Sancti Spritus','SS',1056),(2203,'Municipio Especial Isla de la Juventud','IJ',1056),(2204,'Boa Vista','BV',1040),(2205,'Brava','BR',1040),(2206,'Calheta de Sao Miguel','CS',1040),(2207,'Fogo','FO',1040),(2208,'Maio','MA',1040),(2209,'Mosteiros','MO',1040),(2210,'Paul','PA',1040),(2211,'Porto Novo','PN',1040),(2212,'Praia','PR',1040),(2213,'Ribeira Grande','RG',1040),(2214,'Sal','SL',1040),(2215,'Sao Domingos','SD',1040),(2216,'Sao Filipe','SF',1040),(2217,'Sao Nicolau','SN',1040),(2218,'Sao Vicente','SV',1040),(2219,'Tarrafal','TA',1040),(2220,'Ammochostos Magusa','04',1057),(2221,'Keryneia','06',1057),(2222,'Larnaka','03',1057),(2223,'Lefkosia','01',1057),(2224,'Lemesos','02',1057),(2225,'Pafos','05',1057),(2226,'Jihoesk kraj','JC',1058),(2227,'Jihomoravsk kraj','JM',1058),(2228,'Karlovarsk kraj','KA',1058),(2229,'Krlovhradeck kraj','KR',1058),(2230,'Libereck kraj','LI',1058),(2231,'Moravskoslezsk kraj','MO',1058),(2232,'Olomouck kraj','OL',1058),(2233,'Pardubick kraj','PA',1058),(2234,'Plzesk kraj','PL',1058),(2235,'Praha, hlavn msto','PR',1058),(2236,'Stedoesk kraj','ST',1058),(2237,'steck kraj','US',1058),(2238,'Vysoina','VY',1058),(2239,'Zlnsk kraj','ZL',1058),(2240,'Baden-Wuerttemberg','BW',1082),(2241,'Bayern','BY',1082),(2242,'Bremen','HB',1082),(2243,'Hamburg','HH',1082),(2244,'Hessen','HE',1082),(2245,'Niedersachsen','NI',1082),(2246,'Nordrhein-Westfalen','NW',1082),(2247,'Rheinland-Pfalz','RP',1082),(2248,'Saarland','SL',1082),(2249,'Schleswig-Holstein','SH',1082),(2250,'Berlin','BR',1082),(2251,'Brandenburg','BB',1082),(2252,'Mecklenburg-Vorpommern','MV',1082),(2253,'Sachsen','SN',1082),(2254,'Sachsen-Anhalt','ST',1082),(2255,'Thueringen','TH',1082),(2256,'Ali Sabiah','AS',1060),(2257,'Dikhil','DI',1060),(2258,'Djibouti','DJ',1060),(2259,'Obock','OB',1060),(2260,'Tadjoura','TA',1060),(2261,'Frederikaberg municipality','147',1059),(2262,'Copenhagen municipality','101',1059),(2263,'Copenhagen','015',1059),(2264,'Frederiksborg','020',1059),(2265,'Roskilde','025',1059),(2266,'Western Zealand','030',1059),(2267,'Storstrm','035',1059),(2268,'Bornholm','040',1059),(2269,'Funen','042',1059),(2270,'Southern Jutland','050',1059),(2271,'Ribe','055',1059),(2272,'Vejle','060',1059),(2273,'Ringkbing','065',1059),(2274,'Aarhus','070',1059),(2275,'Viborg','076',1059),(2276,'Northern Jutland','080',1059),(2277,'Distrito Nacional (Santo Domingo)','01',1062),(2278,'Azua','02',1062),(2279,'Bahoruco','03',1062),(2280,'Barahona','04',1062),(2281,'Dajabn','05',1062),(2282,'Duarte','06',1062),(2283,'El Seybo [El Seibo]','08',1062),(2284,'Espaillat','09',1062),(2285,'Hato Mayor','30',1062),(2286,'Independencia','10',1062),(2287,'La Altagracia','11',1062),(2288,'La Estrelleta [Elias Pina]','07',1062),(2289,'La Romana','12',1062),(2290,'La Vega','13',1062),(2291,'Maroia Trinidad Snchez','14',1062),(2292,'Monseor Nouel','28',1062),(2293,'Monte Cristi','15',1062),(2294,'Monte Plata','29',1062),(2295,'Pedernales','16',1062),(2296,'Peravia','17',1062),(2297,'Puerto Plata','18',1062),(2298,'Salcedo','19',1062),(2299,'Saman','20',1062),(2300,'San Cristbal','21',1062),(2301,'San Pedro de Macors','23',1062),(2302,'Snchez Ramrez','24',1062),(2303,'Santiago','25',1062),(2304,'Santiago Rodrguez','26',1062),(2305,'Valverde','27',1062),(2306,'Adrar','01',1003),(2307,'Ain Defla','44',1003),(2308,'Ain Tmouchent','46',1003),(2309,'Alger','16',1003),(2310,'Annaba','23',1003),(2311,'Batna','05',1003),(2312,'Bechar','08',1003),(2313,'Bejaia','06',1003),(2314,'Biskra','07',1003),(2315,'Blida','09',1003),(2316,'Bordj Bou Arreridj','34',1003),(2317,'Bouira','10',1003),(2318,'Boumerdes','35',1003),(2319,'Chlef','02',1003),(2320,'Constantine','25',1003),(2321,'Djelfa','17',1003),(2322,'El Bayadh','32',1003),(2323,'El Oued','39',1003),(2324,'El Tarf','36',1003),(2325,'Ghardaia','47',1003),(2326,'Guelma','24',1003),(2327,'Illizi','33',1003),(2328,'Jijel','18',1003),(2329,'Khenchela','40',1003),(2330,'Laghouat','03',1003),(2331,'Mascara','29',1003),(2332,'Medea','26',1003),(2333,'Mila','43',1003),(2334,'Mostaganem','27',1003),(2335,'Msila','28',1003),(2336,'Naama','45',1003),(2337,'Oran','31',1003),(2338,'Ouargla','30',1003),(2339,'Oum el Bouaghi','04',1003),(2340,'Relizane','48',1003),(2341,'Saida','20',1003),(2342,'Setif','19',1003),(2343,'Sidi Bel Abbes','22',1003),(2344,'Skikda','21',1003),(2345,'Souk Ahras','41',1003),(2346,'Tamanghasset','11',1003),(2347,'Tebessa','12',1003),(2348,'Tiaret','14',1003),(2349,'Tindouf','37',1003),(2350,'Tipaza','42',1003),(2351,'Tissemsilt','38',1003),(2352,'Tizi Ouzou','15',1003),(2353,'Tlemcen','13',1003),(2354,'Azuay','A',1064),(2355,'Bolivar','B',1064),(2356,'Canar','F',1064),(2357,'Carchi','C',1064),(2358,'Cotopaxi','X',1064),(2359,'Chimborazo','H',1064),(2360,'El Oro','O',1064),(2361,'Esmeraldas','E',1064),(2362,'Galapagos','W',1064),(2363,'Guayas','G',1064),(2364,'Imbabura','I',1064),(2365,'Loja','L',1064),(2366,'Los Rios','R',1064),(2367,'Manabi','M',1064),(2368,'Morona-Santiago','S',1064),(2369,'Napo','N',1064),(2370,'Orellana','D',1064),(2371,'Pastaza','Y',1064),(2372,'Pichincha','P',1064),(2373,'Sucumbios','U',1064),(2374,'Tungurahua','T',1064),(2375,'Zamora-Chinchipe','Z',1064),(2376,'Harjumsa','37',1069),(2377,'Hitumea','39',1069),(2378,'Ida-Virumsa','44',1069),(2379,'Jogevamsa','49',1069),(2380,'Jarvamsa','51',1069),(2381,'Lasnemsa','57',1069),(2382,'Laane-Virumaa','59',1069),(2383,'Polvamea','65',1069),(2384,'Parnumsa','67',1069),(2385,'Raplamsa','70',1069),(2386,'Saaremsa','74',1069),(2387,'Tartumsa','7B',1069),(2388,'Valgamaa','82',1069),(2389,'Viljandimsa','84',1069),(2390,'Vorumaa','86',1069),(2391,'Ad Daqahllyah','DK',1065),(2392,'Al Bahr al Ahmar','BA',1065),(2393,'Al Buhayrah','BH',1065),(2394,'Al Fayym','FYM',1065),(2395,'Al Gharbiyah','GH',1065),(2396,'Al Iskandarlyah','ALX',1065),(2397,'Al Isma illyah','IS',1065),(2398,'Al Jizah','GZ',1065),(2399,'Al Minuflyah','MNF',1065),(2400,'Al Minya','MN',1065),(2401,'Al Qahirah','C',1065),(2402,'Al Qalyublyah','KB',1065),(2403,'Al Wadi al Jadid','WAD',1065),(2404,'Ash Sharqiyah','SHR',1065),(2405,'As Suways','SUZ',1065),(2406,'Aswan','ASN',1065),(2407,'Asyut','AST',1065),(2408,'Bani Suwayf','BNS',1065),(2409,'Bur Sa\'id','PTS',1065),(2410,'Dumyat','DT',1065),(2411,'Janub Sina\'','JS',1065),(2412,'Kafr ash Shaykh','KFS',1065),(2413,'Matruh','MT',1065),(2414,'Qina','KN',1065),(2415,'Shamal Sina\'','SIN',1065),(2416,'Suhaj','SHG',1065),(2417,'Anseba','AN',1068),(2418,'Debub','DU',1068),(2419,'Debubawi Keyih Bahri [Debub-Keih-Bahri]','DK',1068),(2420,'Gash-Barka','GB',1068),(2421,'Maakel [Maekel]','MA',1068),(2422,'Semenawi Keyih Bahri [Semien-Keih-Bahri]','SK',1068),(2423,'lava','VI',1198),(2424,'Albacete','AB',1198),(2425,'Alicante','A',1198),(2426,'Almera','AL',1198),(2427,'Asturias','O',1198),(2428,'vila','AV',1198),(2429,'Badajoz','BA',1198),(2430,'Baleares','PM',1198),(2431,'Barcelona','B',1198),(2432,'Burgos','BU',1198),(2433,'Cceres','CC',1198),(2434,'Cdiz','CA',1198),(2435,'Cantabria','S',1198),(2436,'Castelln','CS',1198),(2437,'Ciudad Real','CR',1198),(2438,'Cuenca','CU',1198),(2439,'Girona [Gerona]','GE',1198),(2440,'Granada','GR',1198),(2441,'Guadalajara','GU',1198),(2442,'Guipzcoa','SS',1198),(2443,'Huelva','H',1198),(2444,'Huesca','HU',1198),(2445,'Jan','J',1198),(2446,'La Corua','C',1198),(2447,'La Rioja','LO',1198),(2448,'Las Palmas','GC',1198),(2449,'Len','LE',1198),(2450,'Lleida [Lrida]','L',1198),(2451,'Lugo','LU',1198),(2452,'Madrid','M',1198),(2453,'Mlaga','MA',1198),(2454,'Murcia','MU',1198),(2455,'Navarra','NA',1198),(2456,'Ourense','OR',1198),(2457,'Palencia','P',1198),(2458,'Pontevedra','PO',1198),(2459,'Salamanca','SA',1198),(2460,'Santa Cruz de Tenerife','TF',1198),(2461,'Segovia','SG',1198),(2462,'Sevilla','SE',1198),(2463,'Soria','SO',1198),(2464,'Tarragona','T',1198),(2465,'Teruel','TE',1198),(2466,'Valencia','V',1198),(2467,'Valladolid','VA',1198),(2468,'Vizcaya','BI',1198),(2469,'Zamora','ZA',1198),(2470,'Zaragoza','Z',1198),(2471,'Ceuta','CE',1198),(2472,'Melilla','ML',1198),(2473,'Addis Ababa','AA',1070),(2474,'Dire Dawa','DD',1070),(2475,'Afar','AF',1070),(2476,'Amara','AM',1070),(2477,'Benshangul-Gumaz','BE',1070),(2478,'Gambela Peoples','GA',1070),(2479,'Harari People','HA',1070),(2480,'Oromia','OR',1070),(2481,'Somali','SO',1070),(2482,'Southern Nations, Nationalities and Peoples','SN',1070),(2483,'Tigrai','TI',1070),(2490,'Eastern','E',1074),(2491,'Northern','N',1074),(2492,'Western','W',1074),(2493,'Rotuma','R',1074),(2494,'Chuuk','TRK',1141),(2495,'Kosrae','KSA',1141),(2496,'Pohnpei','PNI',1141),(2497,'Yap','YAP',1141),(2498,'Ain','01',1076),(2499,'Aisne','02',1076),(2500,'Allier','03',1076),(2501,'Alpes-de-Haute-Provence','04',1076),(2502,'Alpes-Maritimes','06',1076),(2503,'Ardche','07',1076),(2504,'Ardennes','08',1076),(2505,'Arige','09',1076),(2506,'Aube','10',1076),(2507,'Aude','11',1076),(2508,'Aveyron','12',1076),(2509,'Bas-Rhin','67',1076),(2510,'Bouches-du-Rhne','13',1076),(2511,'Calvados','14',1076),(2512,'Cantal','15',1076),(2513,'Charente','16',1076),(2514,'Charente-Maritime','17',1076),(2515,'Cher','18',1076),(2516,'Corrze','19',1076),(2517,'Corse-du-Sud','20A',1076),(2518,'Cte-d\'Or','21',1076),(2519,'Ctes-d\'Armor','22',1076),(2520,'Creuse','23',1076),(2521,'Deux-Svres','79',1076),(2522,'Dordogne','24',1076),(2523,'Doubs','25',1076),(2524,'Drme','26',1076),(2525,'Essonne','91',1076),(2526,'Eure','27',1076),(2527,'Eure-et-Loir','28',1076),(2528,'Finistre','29',1076),(2529,'Gard','30',1076),(2530,'Gers','32',1076),(2531,'Gironde','33',1076),(2532,'Haut-Rhin','68',1076),(2533,'Haute-Corse','20B',1076),(2534,'Haute-Garonne','31',1076),(2535,'Haute-Loire','43',1076),(2536,'Haute-Sane','70',1076),(2537,'Haute-Savoie','74',1076),(2538,'Haute-Vienne','87',1076),(2539,'Hautes-Alpes','05',1076),(2540,'Hautes-Pyrnes','65',1076),(2541,'Hauts-de-Seine','92',1076),(2542,'Hrault','34',1076),(2543,'Indre','35',1076),(2544,'Ille-et-Vilaine','36',1076),(2545,'Indre-et-Loire','37',1076),(2546,'Isre','38',1076),(2547,'Landes','40',1076),(2548,'Loir-et-Cher','41',1076),(2549,'Loire','42',1076),(2550,'Loire-Atlantique','44',1076),(2551,'Loiret','45',1076),(2552,'Lot','46',1076),(2553,'Lot-et-Garonne','47',1076),(2554,'Lozre','48',1076),(2555,'Maine-et-Loire','49',1076),(2556,'Manche','50',1076),(2557,'Marne','51',1076),(2558,'Mayenne','53',1076),(2559,'Meurthe-et-Moselle','54',1076),(2560,'Meuse','55',1076),(2561,'Morbihan','56',1076),(2562,'Moselle','57',1076),(2563,'Nivre','58',1076),(2564,'Nord','59',1076),(2565,'Oise','60',1076),(2566,'Orne','61',1076),(2567,'Paris','75',1076),(2568,'Pas-de-Calais','62',1076),(2569,'Puy-de-Dme','63',1076),(2570,'Pyrnes-Atlantiques','64',1076),(2571,'Pyrnes-Orientales','66',1076),(2572,'Rhne','69',1076),(2573,'Sane-et-Loire','71',1076),(2574,'Sarthe','72',1076),(2575,'Savoie','73',1076),(2576,'Seine-et-Marne','77',1076),(2577,'Seine-Maritime','76',1076),(2578,'Seine-Saint-Denis','93',1076),(2579,'Somme','80',1076),(2580,'Tarn','81',1076),(2581,'Tarn-et-Garonne','82',1076),(2582,'Val d\'Oise','95',1076),(2583,'Territoire de Belfort','90',1076),(2584,'Val-de-Marne','94',1076),(2585,'Var','83',1076),(2586,'Vaucluse','84',1076),(2587,'Vende','85',1076),(2588,'Vienne','86',1076),(2589,'Vosges','88',1076),(2590,'Yonne','89',1076),(2591,'Yvelines','78',1076),(2592,'Aberdeen City','ABE',1226),(2593,'Aberdeenshire','ABD',1226),(2594,'Angus','ANS',1226),(2595,'Co Antrim','ANT',1226),(2596,'Ards','ARD',1226),(2597,'Argyll and Bute','AGB',1226),(2598,'Co Armagh','ARM',1226),(2599,'Ballymena','BLA',1226),(2600,'Ballymoney','BLY',1226),(2601,'Banbridge','BNB',1226),(2602,'Barking and Dagenham','BDG',1226),(2603,'Barnet','BNE',1226),(2604,'Barnsley','BNS',1226),(2605,'Bath and North East Somerset','BAS',1226),(2606,'Bedfordshire','BDF',1226),(2607,'Belfast','BFS',1226),(2608,'Bexley','BEX',1226),(2609,'Birmingham','BIR',1226),(2610,'Blackburn with Darwen','BBD',1226),(2611,'Blackpool','BPL',1226),(2612,'Blaenau Gwent','BGW',1226),(2613,'Bolton','BOL',1226),(2614,'Bournemouth','BMH',1226),(2615,'Bracknell Forest','BRC',1226),(2616,'Bradford','BRD',1226),(2617,'Brent','BEN',1226),(2618,'Bridgend','BGE',1226),(2619,'Brighton and Hove','BNH',1226),(2620,'Bristol','BST',1226),(2621,'Bromley','BRY',1226),(2622,'Buckinghamshire','BKM',1226),(2623,'Bury','BUR',1226),(2624,'Caerphilly','CAY',1226),(2625,'Calderdale','CLD',1226),(2626,'Cambridgeshire','CAM',1226),(2627,'Camden','CMD',1226),(2628,'Cardiff','CRF',1226),(2629,'Carmarthenshire','CMN',1226),(2630,'Sir Gaerfyrddin','GFY',1226),(2631,'Carrickfergus','CKF',1226),(2632,'Castlereagh','CSR',1226),(2633,'Ceredigion','CGN',1226),(2634,'Cheshire','CHS',1226),(2635,'Clackmannanshire','CLK',1226),(2636,'Coleraine','CLR',1226),(2637,'Conwy','CWY',1226),(2638,'Cookstown','CKT',1226),(2639,'Cornwall','CON',1226),(2640,'Coventry','COV',1226),(2641,'Cralgavon','CGV',1226),(2642,'Croydon','CRY',1226),(2643,'Cumbria','CMA',1226),(2644,'Darlington','DAL',1226),(2645,'Denbighshire','DEN',1226),(2646,'Derby','DER',1226),(2647,'Derbyshire','DBY',1226),(2648,'Derry','DRY',1226),(2649,'Devon','DEV',1226),(2650,'Doncaster','DNC',1226),(2651,'Dorset','DOR',1226),(2652,'Co Down','DOW',1226),(2653,'Dudley','DUD',1226),(2654,'Dumfries and Galloway','DGY',1226),(2655,'Dundee City','DND',1226),(2656,'Dungannon','DGN',1226),(2657,'Co Durham','DUR',1226),(2658,'Ealing','EAL',1226),(2659,'East Ayrshire','EAY',1226),(2660,'East Dunbartonshire','EDU',1226),(2661,'East Lothian','ELN',1226),(2662,'East Renfrewshire','ERW',1226),(2663,'East Riding of Yorkshire','ERY',1226),(2664,'East Sussex','ESX',1226),(2665,'Edinburgh, City of','EDH',1226),(2666,'Eilean Siar','ELS',1226),(2667,'Enfield','ENF',1226),(2668,'Essex','ESS',1226),(2669,'Falkirk','FAL',1226),(2670,'Co Fermanagh','FER',1226),(2671,'Fife','FIF',1226),(2672,'Flintshire','FLN',1226),(2673,'Gateshead','GAT',1226),(2674,'Glasgow','GLG',1226),(2675,'Gloucestershire','GLS',1226),(2676,'Greenwich','GRE',1226),(2677,'Guernsey','GSY',1226),(2678,'Gwynedd','GWN',1226),(2679,'Hackney','HCK',1226),(2680,'Halton','HAL',1226),(2681,'Hammersmith and Fulham','HMF',1226),(2682,'Hampshire','HAM',1226),(2683,'Haringey','HRY',1226),(2684,'Harrow','HRW',1226),(2685,'Hartlepool','HPL',1226),(2686,'Havering','HAV',1226),(2687,'Herefordshire','HEF',1226),(2688,'Hertfordshire','HRT',1226),(2689,'Highland','HED',1226),(2690,'Hillingdon','HIL',1226),(2691,'Hounslow','HNS',1226),(2692,'Inverclyde','IVC',1226),(2693,'Isle of Anglesey','AGY',1226),(2694,'Isle of Wight','IOW',1226),(2695,'Isles of Scilly','IOS',1226),(2696,'Islington','ISL',1226),(2697,'Jersey','JSY',1226),(2698,'Kensington and Chelsea','KEC',1226),(2699,'Kent','KEN',1226),(2700,'Kingston upon Hull','KHL',1226),(2701,'Kingston upon Thames','KTT',1226),(2702,'Kirklees','KIR',1226),(2703,'Knowsley','KWL',1226),(2704,'Lambeth','LBH',1226),(2705,'Lancashire','LAN',1226),(2706,'Larne','LRN',1226),(2707,'Leeds','LDS',1226),(2708,'Leicester','LCE',1226),(2709,'Leicestershire','LEC',1226),(2710,'Lewisham','LEW',1226),(2711,'Limavady','LMV',1226),(2712,'Lincolnshire','LIN',1226),(2713,'Lisburn','LSB',1226),(2714,'Liverpool','LIV',1226),(2715,'London, City of','LND',1226),(2716,'Luton','LUT',1226),(2717,'Magherafelt','MFT',1226),(2718,'Manchester','MAN',1226),(2719,'Medway','MDW',1226),(2720,'Merthyr Tydfil','MTY',1226),(2721,'Merton','MRT',1226),(2722,'Middlesbrough','MDB',1226),(2723,'Midlothian','MLN',1226),(2724,'Milton Keynes','MIK',1226),(2725,'Monmouthshire','MON',1226),(2726,'Moray','MRY',1226),(2727,'Moyle','MYL',1226),(2728,'Neath Port Talbot','NTL',1226),(2729,'Newcastle upon Tyne','NET',1226),(2730,'Newham','NWM',1226),(2731,'Newport','NWP',1226),(2732,'Newry and Mourne','NYM',1226),(2733,'Newtownabbey','NTA',1226),(2734,'Norfolk','NFK',1226),(2735,'North Ayrshire','NAY',1226),(2736,'North Down','NDN',1226),(2737,'North East Lincolnshire','NEL',1226),(2738,'North Lanarkshire','NLK',1226),(2739,'North Lincolnshire','NLN',1226),(2740,'North Somerset','NSM',1226),(2741,'North Tyneside','NTY',1226),(2742,'North Yorkshire','NYK',1226),(2743,'Northamptonshire','NTH',1226),(2744,'Northumberland','NBL',1226),(2745,'Nottingham','NGM',1226),(2746,'Nottinghamshire','NTT',1226),(2747,'Oldham','OLD',1226),(2748,'Omagh','OMH',1226),(2749,'Orkney Islands','ORR',1226),(2750,'Oxfordshire','OXF',1226),(2751,'Pembrokeshire','PEM',1226),(2752,'Perth and Kinross','PKN',1226),(2753,'Peterborough','PTE',1226),(2754,'Plymouth','PLY',1226),(2755,'Poole','POL',1226),(2756,'Portsmouth','POR',1226),(2757,'Powys','POW',1226),(2758,'Reading','RDG',1226),(2759,'Redbridge','RDB',1226),(2760,'Cleveland','RCC',1226),(2761,'Renfrewshire','RFW',1226),(2762,'Rhondda Cynon Taff','RCT',1226),(2763,'Richmond upon Thames','RIC',1226),(2764,'Rochdale','RCH',1226),(2765,'Rotherham','ROT',1226),(2766,'Rutland','RUT',1226),(2767,'St. Helens','SHN',1226),(2768,'Salford','SLF',1226),(2769,'Sandwell','SAW',1226),(2770,'Scottish Borders','SCB',1226),(2771,'Sefton','SFT',1226),(2772,'Sheffield','SHF',1226),(2773,'Shetland Islands','ZET',1226),(2774,'Shropshire','SHR',1226),(2775,'Slough','SLG',1226),(2776,'Solihull','SOL',1226),(2777,'Somerset','SOM',1226),(2778,'South Ayrshire','SAY',1226),(2779,'South Gloucestershire','SGC',1226),(2780,'South Lanarkshire','SLK',1226),(2781,'South Tyneside','STY',1226),(2782,'Southampton','STH',1226),(2783,'Southend-on-Sea','SOS',1226),(2784,'Southwark','SWK',1226),(2785,'Staffordshire','STS',1226),(2786,'Stirling','STG',1226),(2787,'Stockport','SKP',1226),(2788,'Stockton-on-Tees','STT',1226),(2789,'Stoke-on-Trent','STE',1226),(2790,'Strabane','STB',1226),(2791,'Suffolk','SFK',1226),(2792,'Sunderland','SND',1226),(2793,'Surrey','SRY',1226),(2794,'Sutton','STN',1226),(2795,'Swansea','SWA',1226),(2796,'Swindon','SWD',1226),(2797,'Tameside','TAM',1226),(2798,'Telford and Wrekin','TFW',1226),(2799,'Thurrock','THR',1226),(2800,'Torbay','TOB',1226),(2801,'Torfasn','TOF',1226),(2802,'Tower Hamlets','TWH',1226),(2803,'Trafford','TRF',1226),(2804,'Vale of Glamorgan','VGL',1226),(2805,'Bro Morgannwg','BMG',1226),(2806,'Wakefield','WKF',1226),(2807,'Walsall','WLL',1226),(2808,'Waltham Forest','WFT',1226),(2809,'Wandsworth','WND',1226),(2810,'Warrington','WRT',1226),(2811,'Warwickshire','WAR',1226),(2812,'West Berkshire','WBX',1226),(2813,'West Dunbartonshire','WDU',1226),(2814,'West Lothian','WLN',1226),(2815,'West Sussex','WSX',1226),(2816,'Westminster','WSM',1226),(2817,'Wigan','WGN',1226),(2818,'Wiltshire','WIL',1226),(2819,'Windsor and Maidenhead','WNM',1226),(2820,'Wirral','WRL',1226),(2821,'Wokingham','WOK',1226),(2822,'Wolverhampton','WLV',1226),(2823,'Worcestershire','WOR',1226),(2824,'Wrexham','WRX',1226),(2825,'York','YOR',1226),(2826,'Ashanti','AH',1083),(2827,'Brong-Ahafo','BA',1083),(2828,'Greater Accra','AA',1083),(2829,'Upper East','UE',1083),(2830,'Upper West','UW',1083),(2831,'Volta','TV',1083),(2832,'Banjul','B',1213),(2833,'Lower River','L',1213),(2834,'MacCarthy Island','M',1213),(2835,'North Bank','N',1213),(2836,'Upper River','U',1213),(2837,'Beyla','BE',1091),(2838,'Boffa','BF',1091),(2839,'Boke','BK',1091),(2840,'Coyah','CO',1091),(2841,'Dabola','DB',1091),(2842,'Dalaba','DL',1091),(2843,'Dinguiraye','DI',1091),(2844,'Dubreka','DU',1091),(2845,'Faranah','FA',1091),(2846,'Forecariah','FO',1091),(2847,'Fria','FR',1091),(2848,'Gaoual','GA',1091),(2849,'Guekedou','GU',1091),(2850,'Kankan','KA',1091),(2851,'Kerouane','KE',1091),(2852,'Kindia','KD',1091),(2853,'Kissidougou','KS',1091),(2854,'Koubia','KB',1091),(2855,'Koundara','KN',1091),(2856,'Kouroussa','KO',1091),(2857,'Labe','LA',1091),(2858,'Lelouma','LE',1091),(2859,'Lola','LO',1091),(2860,'Macenta','MC',1091),(2861,'Mali','ML',1091),(2862,'Mamou','MM',1091),(2863,'Mandiana','MD',1091),(2864,'Nzerekore','NZ',1091),(2865,'Pita','PI',1091),(2866,'Siguiri','SI',1091),(2867,'Telimele','TE',1091),(2868,'Tougue','TO',1091),(2869,'Yomou','YO',1091),(2870,'Region Continental','C',1067),(2871,'Region Insular','I',1067),(2872,'Annobon','AN',1067),(2873,'Bioko Norte','BN',1067),(2874,'Bioko Sur','BS',1067),(2875,'Centro Sur','CS',1067),(2876,'Kie-Ntem','KN',1067),(2877,'Litoral','LI',1067),(2878,'Wele-Nzas','WN',1067),(2879,'Achaa','13',1085),(2880,'Aitolia-Akarnania','01',1085),(2881,'Argolis','11',1085),(2882,'Arkadia','12',1085),(2883,'Arta','31',1085),(2884,'Attiki','A1',1085),(2885,'Chalkidiki','64',1085),(2886,'Chania','94',1085),(2887,'Chios','85',1085),(2888,'Dodekanisos','81',1085),(2889,'Drama','52',1085),(2890,'Evros','71',1085),(2891,'Evrytania','05',1085),(2892,'Evvoia','04',1085),(2893,'Florina','63',1085),(2894,'Fokis','07',1085),(2895,'Fthiotis','06',1085),(2896,'Grevena','51',1085),(2897,'Ileia','14',1085),(2898,'Imathia','53',1085),(2899,'Ioannina','33',1085),(2900,'Irakleion','91',1085),(2901,'Karditsa','41',1085),(2902,'Kastoria','56',1085),(2903,'Kavalla','55',1085),(2904,'Kefallinia','23',1085),(2905,'Kerkyra','22',1085),(2906,'Kilkis','57',1085),(2907,'Korinthia','15',1085),(2908,'Kozani','58',1085),(2909,'Kyklades','82',1085),(2910,'Lakonia','16',1085),(2911,'Larisa','42',1085),(2912,'Lasithion','92',1085),(2913,'Lefkas','24',1085),(2914,'Lesvos','83',1085),(2915,'Magnisia','43',1085),(2916,'Messinia','17',1085),(2917,'Pella','59',1085),(2918,'Preveza','34',1085),(2919,'Rethymnon','93',1085),(2920,'Rodopi','73',1085),(2921,'Samos','84',1085),(2922,'Serrai','62',1085),(2923,'Thesprotia','32',1085),(2924,'Thessaloniki','54',1085),(2925,'Trikala','44',1085),(2926,'Voiotia','03',1085),(2927,'Xanthi','72',1085),(2928,'Zakynthos','21',1085),(2929,'Agio Oros','69',1085),(2930,'Alta Verapez','AV',1090),(2931,'Baja Verapez','BV',1090),(2932,'Chimaltenango','CM',1090),(2933,'Chiquimula','CQ',1090),(2934,'El Progreso','PR',1090),(2935,'Escuintla','ES',1090),(2936,'Guatemala','GU',1090),(2937,'Huehuetenango','HU',1090),(2938,'Izabal','IZ',1090),(2939,'Jalapa','JA',1090),(2940,'Jutiapa','JU',1090),(2941,'Peten','PE',1090),(2942,'Quetzaltenango','QZ',1090),(2943,'Quiche','QC',1090),(2944,'Reta.thuleu','RE',1090),(2945,'Sacatepequez','SA',1090),(2946,'San Marcos','SM',1090),(2947,'Santa Rosa','SR',1090),(2948,'Solol6','SO',1090),(2949,'Suchitepequez','SU',1090),(2950,'Totonicapan','TO',1090),(2951,'Zacapa','ZA',1090),(2952,'Bissau','BS',1092),(2953,'Bafata','BA',1092),(2954,'Biombo','BM',1092),(2955,'Bolama','BL',1092),(2956,'Cacheu','CA',1092),(2957,'Gabu','GA',1092),(2958,'Oio','OI',1092),(2959,'Quloara','QU',1092),(2960,'Tombali S','TO',1092),(2961,'Barima-Waini','BA',1093),(2962,'Cuyuni-Mazaruni','CU',1093),(2963,'Demerara-Mahaica','DE',1093),(2964,'East Berbice-Corentyne','EB',1093),(2965,'Essequibo Islands-West Demerara','ES',1093),(2966,'Mahaica-Berbice','MA',1093),(2967,'Pomeroon-Supenaam','PM',1093),(2968,'Potaro-Siparuni','PT',1093),(2969,'Upper Demerara-Berbice','UD',1093),(2970,'Upper Takutu-Upper Essequibo','UT',1093),(2971,'Atlantida','AT',1097),(2972,'Colon','CL',1097),(2973,'Comayagua','CM',1097),(2974,'Copan','CP',1097),(2975,'Cortes','CR',1097),(2976,'Choluteca','CH',1097),(2977,'El Paraiso','EP',1097),(2978,'Francisco Morazan','FM',1097),(2979,'Gracias a Dios','GD',1097),(2980,'Intibuca','IN',1097),(2981,'Islas de la Bahia','IB',1097),(2982,'Lempira','LE',1097),(2983,'Ocotepeque','OC',1097),(2984,'Olancho','OL',1097),(2985,'Santa Barbara','SB',1097),(2986,'Valle','VA',1097),(2987,'Yoro','YO',1097),(2988,'Bjelovarsko-bilogorska zupanija','07',1055),(2989,'Brodsko-posavska zupanija','12',1055),(2990,'Dubrovacko-neretvanska zupanija','19',1055),(2991,'Istarska zupanija','18',1055),(2992,'Karlovacka zupanija','04',1055),(2993,'Koprivnickco-krizevacka zupanija','06',1055),(2994,'Krapinako-zagorska zupanija','02',1055),(2995,'Licko-senjska zupanija','09',1055),(2996,'Medimurska zupanija','20',1055),(2997,'Osjecko-baranjska zupanija','14',1055),(2998,'Pozesko-slavonska zupanija','11',1055),(2999,'Primorsko-goranska zupanija','08',1055),(3000,'Sisacko-moelavacka Iupanija','03',1055),(3001,'Splitako-dalmatinska zupanija','17',1055),(3002,'Sibenako-kninska zupanija','15',1055),(3003,'Varaidinska zupanija','05',1055),(3004,'VirovitiEko-podravska zupanija','10',1055),(3005,'VuRovarako-srijemska zupanija','16',1055),(3006,'Zadaraka','13',1055),(3007,'Zagrebacka zupanija','01',1055),(3008,'Grande-Anse','GA',1094),(3009,'Nord-Eat','NE',1094),(3010,'Nord-Ouest','NO',1094),(3011,'Ouest','OU',1094),(3012,'Sud','SD',1094),(3013,'Sud-Est','SE',1094),(3014,'Budapest','BU',1099),(3015,'Bcs-Kiskun','BK',1099),(3016,'Baranya','BA',1099),(3017,'Bks','BE',1099),(3018,'Borsod-Abaj-Zempln','BZ',1099),(3019,'Csongrd','CS',1099),(3020,'Fejr','FE',1099),(3021,'Gyr-Moson-Sopron','GS',1099),(3022,'Hajdu-Bihar','HB',1099),(3023,'Heves','HE',1099),(3024,'Jsz-Nagykun-Szolnok','JN',1099),(3025,'Komrom-Esztergom','KE',1099),(3026,'Nogrd','NO',1099),(3027,'Pest','PE',1099),(3028,'Somogy','SO',1099),(3029,'Szabolcs-Szatmr-Bereg','SZ',1099),(3030,'Tolna','TO',1099),(3031,'Vas','VA',1099),(3032,'Veszprm','VE',1099),(3033,'Zala','ZA',1099),(3034,'Bkscsaba','BC',1099),(3035,'Debrecen','DE',1099),(3036,'Dunajvros','DU',1099),(3037,'Eger','EG',1099),(3038,'Gyr','GY',1099),(3039,'Hdmezvsrhely','HV',1099),(3040,'Kaposvr','KV',1099),(3041,'Kecskemt','KM',1099),(3042,'Miskolc','MI',1099),(3043,'Nagykanizsa','NK',1099),(3044,'Nyiregyhza','NY',1099),(3045,'Pcs','PS',1099),(3046,'Salgtarjn','ST',1099),(3047,'Sopron','SN',1099),(3048,'Szeged','SD',1099),(3049,'Szkesfehrvr','SF',1099),(3050,'Szekszrd','SS',1099),(3051,'Szolnok','SK',1099),(3052,'Szombathely','SH',1099),(3053,'Tatabnya','TB',1099),(3054,'Zalaegerszeg','ZE',1099),(3055,'Bali','BA',1102),(3056,'Bangka Belitung','BB',1102),(3057,'Banten','BT',1102),(3058,'Bengkulu','BE',1102),(3059,'Gorontalo','GO',1102),(3060,'Irian Jaya','IJ',1102),(3061,'Jambi','JA',1102),(3062,'Jawa Barat','JB',1102),(3063,'Jawa Tengah','JT',1102),(3064,'Jawa Timur','JI',1102),(3065,'Kalimantan Barat','KB',1102),(3066,'Kalimantan Timur','KT',1102),(3067,'Kalimantan Selatan','KS',1102),(3068,'Kepulauan Riau','KR',1102),(3069,'Lampung','LA',1102),(3070,'Maluku','MA',1102),(3071,'Maluku Utara','MU',1102),(3072,'Nusa Tenggara Barat','NB',1102),(3073,'Nusa Tenggara Timur','NT',1102),(3074,'Papua','PA',1102),(3075,'Riau','RI',1102),(3076,'Sulawesi Selatan','SN',1102),(3077,'Sulawesi Tengah','ST',1102),(3078,'Sulawesi Tenggara','SG',1102),(3079,'Sulawesi Utara','SA',1102),(3080,'Sumatra Barat','SB',1102),(3081,'Sumatra Selatan','SS',1102),(3082,'Sumatera Utara','SU',1102),(3083,'Jakarta Raya','JK',1102),(3084,'Aceh','AC',1102),(3085,'Yogyakarta','YO',1102),(3086,'Cork','C',1105),(3087,'Clare','CE',1105),(3088,'Cavan','CN',1105),(3089,'Carlow','CW',1105),(3090,'Dublin','D',1105),(3091,'Donegal','DL',1105),(3092,'Galway','G',1105),(3093,'Kildare','KE',1105),(3094,'Kilkenny','KK',1105),(3095,'Kerry','KY',1105),(3096,'Longford','LD',1105),(3097,'Louth','LH',1105),(3098,'Limerick','LK',1105),(3099,'Leitrim','LM',1105),(3100,'Laois','LS',1105),(3101,'Meath','MH',1105),(3102,'Monaghan','MN',1105),(3103,'Mayo','MO',1105),(3104,'Offaly','OY',1105),(3105,'Roscommon','RN',1105),(3106,'Sligo','SO',1105),(3107,'Tipperary','TA',1105),(3108,'Waterford','WD',1105),(3109,'Westmeath','WH',1105),(3110,'Wicklow','WW',1105),(3111,'Wexford','WX',1105),(3112,'HaDarom','D',1106),(3113,'HaMerkaz','M',1106),(3114,'HaZafon','Z',1106),(3115,'Hefa','HA',1106),(3116,'Tel-Aviv','TA',1106),(3117,'Yerushalayim Al Quds','JM',1106),(3118,'Al Anbar','AN',1104),(3119,'Al Ba,rah','BA',1104),(3120,'Al Muthanna','MU',1104),(3121,'Al Qadisiyah','QA',1104),(3122,'An Najef','NA',1104),(3123,'Arbil','AR',1104),(3124,'As Sulaymaniyah','SW',1104),(3125,'At Ta\'mim','TS',1104),(3126,'Babil','BB',1104),(3127,'Baghdad','BG',1104),(3128,'Dahuk','DA',1104),(3129,'Dhi Qar','DQ',1104),(3130,'Diyala','DI',1104),(3131,'Karbala\'','KA',1104),(3132,'Maysan','MA',1104),(3133,'Ninawa','NI',1104),(3134,'Salah ad Din','SD',1104),(3135,'Wasit','WA',1104),(3136,'Ardabil','03',1103),(3137,'Azarbayjan-e Gharbi','02',1103),(3138,'Azarbayjan-e Sharqi','01',1103),(3139,'Bushehr','06',1103),(3140,'Chahar Mahall va Bakhtiari','08',1103),(3141,'Esfahan','04',1103),(3142,'Fars','14',1103),(3143,'Gilan','19',1103),(3144,'Golestan','27',1103),(3145,'Hamadan','24',1103),(3146,'Hormozgan','23',1103),(3147,'Iiam','05',1103),(3148,'Kerman','15',1103),(3149,'Kermanshah','17',1103),(3150,'Khorasan','09',1103),(3151,'Khuzestan','10',1103),(3152,'Kohjiluyeh va Buyer Ahmad','18',1103),(3153,'Kordestan','16',1103),(3154,'Lorestan','20',1103),(3155,'Markazi','22',1103),(3156,'Mazandaran','21',1103),(3157,'Qazvin','28',1103),(3158,'Qom','26',1103),(3159,'Semnan','12',1103),(3160,'Sistan va Baluchestan','13',1103),(3161,'Tehran','07',1103),(3162,'Yazd','25',1103),(3163,'Zanjan','11',1103),(3164,'Austurland','7',1100),(3165,'Hofuoborgarsvaeoi utan Reykjavikur','1',1100),(3166,'Norourland eystra','6',1100),(3167,'Norourland vestra','5',1100),(3168,'Reykjavik','0',1100),(3169,'Suourland','8',1100),(3170,'Suournes','2',1100),(3171,'Vestfirolr','4',1100),(3172,'Vesturland','3',1100),(3173,'Agrigento','AG',1107),(3174,'Alessandria','AL',1107),(3175,'Ancona','AN',1107),(3176,'Aosta','AO',1107),(3177,'Arezzo','AR',1107),(3178,'Ascoli Piceno','AP',1107),(3179,'Asti','AT',1107),(3180,'Avellino','AV',1107),(3181,'Bari','BA',1107),(3182,'Belluno','BL',1107),(3183,'Benevento','BN',1107),(3184,'Bergamo','BG',1107),(3185,'Biella','BI',1107),(3186,'Bologna','BO',1107),(3187,'Bolzano','BZ',1107),(3188,'Brescia','BS',1107),(3189,'Brindisi','BR',1107),(3190,'Cagliari','CA',1107),(3191,'Caltanissetta','CL',1107),(3192,'Campobasso','CB',1107),(3193,'Caserta','CE',1107),(3194,'Catania','CT',1107),(3195,'Catanzaro','CZ',1107),(3196,'Chieti','CH',1107),(3197,'Como','CO',1107),(3198,'Cosenza','CS',1107),(3199,'Cremona','CR',1107),(3200,'Crotone','KR',1107),(3201,'Cuneo','CN',1107),(3202,'Enna','EN',1107),(3203,'Ferrara','FE',1107),(3204,'Firenze','FI',1107),(3205,'Foggia','FG',1107),(3206,'Forli','FO',1107),(3207,'Frosinone','FR',1107),(3208,'Genova','GE',1107),(3209,'Gorizia','GO',1107),(3210,'Grosseto','GR',1107),(3211,'Imperia','IM',1107),(3212,'Isernia','IS',1107),(3213,'L\'Aquila','AQ',1107),(3214,'La Spezia','SP',1107),(3215,'Latina','LT',1107),(3216,'Lecce','LE',1107),(3217,'Lecco','LC',1107),(3218,'Livorno','LI',1107),(3219,'Lodi','LO',1107),(3220,'Lucca','LU',1107),(3221,'Macerata','SC',1107),(3222,'Mantova','MN',1107),(3223,'Massa-Carrara','MS',1107),(3224,'Matera','MT',1107),(3225,'Messina','ME',1107),(3226,'Milano','MI',1107),(3227,'Modena','MO',1107),(3228,'Napoli','NA',1107),(3229,'Novara','NO',1107),(3230,'Nuoro','NU',1107),(3231,'Oristano','OR',1107),(3232,'Padova','PD',1107),(3233,'Palermo','PA',1107),(3234,'Parma','PR',1107),(3235,'Pavia','PV',1107),(3236,'Perugia','PG',1107),(3237,'Pesaro e Urbino','PS',1107),(3238,'Pescara','PE',1107),(3239,'Piacenza','PC',1107),(3240,'Pisa','PI',1107),(3241,'Pistoia','PT',1107),(3242,'Pordenone','PN',1107),(3243,'Potenza','PZ',1107),(3244,'Prato','PO',1107),(3245,'Ragusa','RG',1107),(3246,'Ravenna','RA',1107),(3247,'Reggio Calabria','RC',1107),(3248,'Reggio Emilia','RE',1107),(3249,'Rieti','RI',1107),(3250,'Rimini','RN',1107),(3251,'Roma','RM',1107),(3252,'Rovigo','RO',1107),(3253,'Salerno','SA',1107),(3254,'Sassari','SS',1107),(3255,'Savona','SV',1107),(3256,'Siena','SI',1107),(3257,'Siracusa','SR',1107),(3258,'Sondrio','SO',1107),(3259,'Taranto','TA',1107),(3260,'Teramo','TE',1107),(3261,'Terni','TR',1107),(3262,'Torino','TO',1107),(3263,'Trapani','TP',1107),(3264,'Trento','TN',1107),(3265,'Treviso','TV',1107),(3266,'Trieste','TS',1107),(3267,'Udine','UD',1107),(3268,'Varese','VA',1107),(3269,'Venezia','VE',1107),(3270,'Verbano-Cusio-Ossola','VB',1107),(3271,'Vercelli','VC',1107),(3272,'Verona','VR',1107),(3273,'Vibo Valentia','VV',1107),(3274,'Vicenza','VI',1107),(3275,'Viterbo','VT',1107),(3276,'Aichi','23',1109),(3277,'Akita','05',1109),(3278,'Aomori','02',1109),(3279,'Chiba','12',1109),(3280,'Ehime','38',1109),(3281,'Fukui','18',1109),(3282,'Fukuoka','40',1109),(3283,'Fukusima','07',1109),(3284,'Gifu','21',1109),(3285,'Gunma','10',1109),(3286,'Hiroshima','34',1109),(3287,'Hokkaido','01',1109),(3288,'Hyogo','28',1109),(3289,'Ibaraki','08',1109),(3290,'Ishikawa','17',1109),(3291,'Iwate','03',1109),(3292,'Kagawa','37',1109),(3293,'Kagoshima','46',1109),(3294,'Kanagawa','14',1109),(3295,'Kochi','39',1109),(3296,'Kumamoto','43',1109),(3297,'Kyoto','26',1109),(3298,'Mie','24',1109),(3299,'Miyagi','04',1109),(3300,'Miyazaki','45',1109),(3301,'Nagano','20',1109),(3302,'Nagasaki','42',1109),(3303,'Nara','29',1109),(3304,'Niigata','15',1109),(3305,'Oita','44',1109),(3306,'Okayama','33',1109),(3307,'Okinawa','47',1109),(3308,'Osaka','27',1109),(3309,'Saga','41',1109),(3310,'Saitama','11',1109),(3311,'Shiga','25',1109),(3312,'Shimane','32',1109),(3313,'Shizuoka','22',1109),(3314,'Tochigi','09',1109),(3315,'Tokushima','36',1109),(3316,'Tokyo','13',1109),(3317,'Tottori','31',1109),(3318,'Toyama','16',1109),(3319,'Wakayama','30',1109),(3320,'Yamagata','06',1109),(3321,'Yamaguchi','35',1109),(3322,'Yamanashi','19',1109),(3323,'Clarendon','13',1108),(3324,'Hanover','09',1108),(3325,'Kingston','01',1108),(3326,'Portland','04',1108),(3327,'Saint Andrew','02',1108),(3328,'Saint Ann','06',1108),(3329,'Saint Catherine','14',1108),(3330,'Saint Elizabeth','11',1108),(3331,'Saint James','08',1108),(3332,'Saint Mary','05',1108),(3333,'Saint Thomea','03',1108),(3334,'Trelawny','07',1108),(3335,'Westmoreland','10',1108),(3336,'Ajln','AJ',1110),(3337,'Al \'Aqaba','AQ',1110),(3338,'Al Balqa\'','BA',1110),(3339,'Al Karak','KA',1110),(3340,'Al Mafraq','MA',1110),(3341,'Amman','AM',1110),(3342,'At Tafilah','AT',1110),(3343,'Az Zarga','AZ',1110),(3344,'Irbid','JR',1110),(3345,'Jarash','JA',1110),(3346,'Ma\'an','MN',1110),(3347,'Madaba','MD',1110),(3348,'Nairobi Municipality','110',1112),(3349,'Coast','300',1112),(3350,'North-Eastern Kaskazini Mashariki','500',1112),(3351,'Rift Valley','700',1112),(3352,'Western Magharibi','900',1112),(3353,'Bishkek','GB',1117),(3354,'Batken','B',1117),(3355,'Chu','C',1117),(3356,'Jalal-Abad','J',1117),(3357,'Naryn','N',1117),(3358,'Osh','O',1117),(3359,'Talas','T',1117),(3360,'Ysyk-Kol','Y',1117),(3361,'Krong Kaeb','23',1037),(3362,'Krong Pailin','24',1037),(3363,'Xrong Preah Sihanouk','18',1037),(3364,'Phnom Penh','12',1037),(3365,'Baat Dambang','2',1037),(3366,'Banteay Mean Chey','1',1037),(3367,'Rampong Chaam','3',1037),(3368,'Kampong Chhnang','4',1037),(3369,'Kampong Spueu','5',1037),(3370,'Kampong Thum','6',1037),(3371,'Kampot','7',1037),(3372,'Kandaal','8',1037),(3373,'Kach Kong','9',1037),(3374,'Krachoh','10',1037),(3375,'Mondol Kiri','11',1037),(3376,'Otdar Mean Chey','22',1037),(3377,'Pousaat','15',1037),(3378,'Preah Vihear','13',1037),(3379,'Prey Veaeng','14',1037),(3380,'Rotanak Kiri','16',1037),(3381,'Siem Reab','17',1037),(3382,'Stueng Traeng','19',1037),(3383,'Svaay Rieng','20',1037),(3384,'Taakaev','21',1037),(3385,'Gilbert Islands','G',1113),(3386,'Line Islands','L',1113),(3387,'Phoenix Islands','P',1113),(3388,'Anjouan Ndzouani','A',1049),(3389,'Grande Comore Ngazidja','G',1049),(3390,'Moheli Moili','M',1049),(3391,'Kaesong-si','KAE',1114),(3392,'Nampo-si','NAM',1114),(3393,'Pyongyang-ai','PYO',1114),(3394,'Chagang-do','CHA',1114),(3395,'Hamgyongbuk-do','HAB',1114),(3396,'Hamgyongnam-do','HAN',1114),(3397,'Hwanghaebuk-do','HWB',1114),(3398,'Hwanghaenam-do','HWN',1114),(3399,'Kangwon-do','KAN',1114),(3400,'Pyonganbuk-do','PYB',1114),(3401,'Pyongannam-do','PYN',1114),(3402,'Yanggang-do','YAN',1114),(3403,'Najin Sonbong-si','NAJ',1114),(3404,'Seoul Teugbyeolsi','11',1115),(3405,'Busan Gwang\'yeogsi','26',1115),(3406,'Daegu Gwang\'yeogsi','27',1115),(3407,'Daejeon Gwang\'yeogsi','30',1115),(3408,'Gwangju Gwang\'yeogsi','29',1115),(3409,'Incheon Gwang\'yeogsi','28',1115),(3410,'Ulsan Gwang\'yeogsi','31',1115),(3411,'Chungcheongbugdo','43',1115),(3412,'Chungcheongnamdo','44',1115),(3413,'Gang\'weondo','42',1115),(3414,'Gyeonggido','41',1115),(3415,'Gyeongsangbugdo','47',1115),(3416,'Gyeongsangnamdo','48',1115),(3417,'Jejudo','49',1115),(3418,'Jeonrabugdo','45',1115),(3419,'Jeonranamdo','46',1115),(3420,'Al Ahmadi','AH',1116),(3421,'Al Farwanlyah','FA',1116),(3422,'Al Jahrah','JA',1116),(3423,'Al Kuwayt','KU',1116),(3424,'Hawalli','HA',1116),(3425,'Almaty','ALA',1111),(3426,'Astana','AST',1111),(3427,'Almaty oblysy','ALM',1111),(3428,'Aqmola oblysy','AKM',1111),(3429,'Aqtobe oblysy','AKT',1111),(3430,'Atyrau oblyfiy','ATY',1111),(3431,'Batys Quzaqstan oblysy','ZAP',1111),(3432,'Mangghystau oblysy','MAN',1111),(3433,'Ongtustik Quzaqstan oblysy','YUZ',1111),(3434,'Pavlodar oblysy','PAV',1111),(3435,'Qaraghandy oblysy','KAR',1111),(3436,'Qostanay oblysy','KUS',1111),(3437,'Qyzylorda oblysy','KZY',1111),(3438,'Shyghys Quzaqstan oblysy','VOS',1111),(3439,'Soltustik Quzaqstan oblysy','SEV',1111),(3440,'Zhambyl oblysy Zhambylskaya oblast\'','ZHA',1111),(3441,'Vientiane','VT',1118),(3442,'Attapu','AT',1118),(3443,'Bokeo','BK',1118),(3444,'Bolikhamxai','BL',1118),(3445,'Champasak','CH',1118),(3446,'Houaphan','HO',1118),(3447,'Khammouan','KH',1118),(3448,'Louang Namtha','LM',1118),(3449,'Louangphabang','LP',1118),(3450,'Oudomxai','OU',1118),(3451,'Phongsali','PH',1118),(3452,'Salavan','SL',1118),(3453,'Savannakhet','SV',1118),(3454,'Xaignabouli','XA',1118),(3455,'Xiasomboun','XN',1118),(3456,'Xekong','XE',1118),(3457,'Xiangkhoang','XI',1118),(3458,'Beirout','BA',1120),(3459,'El Begsa','BI',1120),(3460,'Jabal Loubnane','JL',1120),(3461,'Loubnane ech Chemali','AS',1120),(3462,'Loubnane ej Jnoubi','JA',1120),(3463,'Nabatiye','NA',1120),(3464,'Ampara','52',1199),(3465,'Anuradhapura','71',1199),(3466,'Badulla','81',1199),(3467,'Batticaloa','51',1199),(3468,'Colombo','11',1199),(3469,'Galle','31',1199),(3470,'Gampaha','12',1199),(3471,'Hambantota','33',1199),(3472,'Jaffna','41',1199),(3473,'Kalutara','13',1199),(3474,'Kandy','21',1199),(3475,'Kegalla','92',1199),(3476,'Kilinochchi','42',1199),(3477,'Kurunegala','61',1199),(3478,'Mannar','43',1199),(3479,'Matale','22',1199),(3480,'Matara','32',1199),(3481,'Monaragala','82',1199),(3482,'Mullaittivu','45',1199),(3483,'Nuwara Eliya','23',1199),(3484,'Polonnaruwa','72',1199),(3485,'Puttalum','62',1199),(3486,'Ratnapura','91',1199),(3487,'Trincomalee','53',1199),(3488,'VavunLya','44',1199),(3489,'Bomi','BM',1122),(3490,'Bong','BG',1122),(3491,'Grand Basaa','GB',1122),(3492,'Grand Cape Mount','CM',1122),(3493,'Grand Gedeh','GG',1122),(3494,'Grand Kru','GK',1122),(3495,'Lofa','LO',1122),(3496,'Margibi','MG',1122),(3497,'Maryland','MY',1122),(3498,'Montserrado','MO',1122),(3499,'Nimba','NI',1122),(3500,'Rivercess','RI',1122),(3501,'Sinoe','SI',1122),(3502,'Berea','D',1121),(3503,'Butha-Buthe','B',1121),(3504,'Leribe','C',1121),(3505,'Mafeteng','E',1121),(3506,'Maseru','A',1121),(3507,'Mohale\'s Hoek','F',1121),(3508,'Mokhotlong','J',1121),(3509,'Qacha\'s Nek','H',1121),(3510,'Quthing','G',1121),(3511,'Thaba-Tseka','K',1121),(3512,'Alytaus Apskritis','AL',1125),(3513,'Kauno Apskritis','KU',1125),(3514,'Klaipedos Apskritis','KL',1125),(3515,'Marijampoles Apskritis','MR',1125),(3516,'Panevezio Apskritis','PN',1125),(3517,'Sisuliu Apskritis','SA',1125),(3518,'Taurages Apskritis','TA',1125),(3519,'Telsiu Apskritis','TE',1125),(3520,'Utenos Apskritis','UT',1125),(3521,'Vilniaus Apskritis','VL',1125),(3522,'Diekirch','D',1126),(3523,'GreveNmacher','G',1126),(3524,'Aizkraukles Apripkis','AI',1119),(3525,'Alkanes Apripkis','AL',1119),(3526,'Balvu Apripkis','BL',1119),(3527,'Bauskas Apripkis','BU',1119),(3528,'Cesu Aprikis','CE',1119),(3529,'Daugavpile Apripkis','DA',1119),(3530,'Dobeles Apripkis','DO',1119),(3531,'Gulbenes Aprlpkis','GU',1119),(3532,'Jelgavas Apripkis','JL',1119),(3533,'Jekabpils Apripkis','JK',1119),(3534,'Kraslavas Apripkis','KR',1119),(3535,'Kuldlgas Apripkis','KU',1119),(3536,'Limbazu Apripkis','LM',1119),(3537,'Liepajas Apripkis','LE',1119),(3538,'Ludzas Apripkis','LU',1119),(3539,'Madonas Apripkis','MA',1119),(3540,'Ogres Apripkis','OG',1119),(3541,'Preilu Apripkis','PR',1119),(3542,'Rezaknes Apripkis','RE',1119),(3543,'Rigas Apripkis','RI',1119),(3544,'Saldus Apripkis','SA',1119),(3545,'Talsu Apripkis','TA',1119),(3546,'Tukuma Apriplcis','TU',1119),(3547,'Valkas Apripkis','VK',1119),(3548,'Valmieras Apripkis','VM',1119),(3549,'Ventspils Apripkis','VE',1119),(3550,'Daugavpils','DGV',1119),(3551,'Jelgava','JEL',1119),(3552,'Jurmala','JUR',1119),(3553,'Liepaja','LPX',1119),(3554,'Rezekne','REZ',1119),(3555,'Riga','RIX',1119),(3556,'Ventspils','VEN',1119),(3557,'Ajdbiy','AJ',1123),(3558,'Al Bunn','BU',1123),(3559,'Al Hizm al Akhdar','HZ',1123),(3560,'Al Jabal al Akhdar','JA',1123),(3561,'Al Jifrah','JI',1123),(3562,'Al Jufrah','JU',1123),(3563,'Al Kufrah','KF',1123),(3564,'Al Marj','MJ',1123),(3565,'Al Marqab','MB',1123),(3566,'Al Qarn','QT',1123),(3567,'Al Qubbah','QB',1123),(3568,'Al Whah','WA',1123),(3569,'An Nuqa al Khams','NQ',1123),(3570,'Ash Shi\'','SH',1123),(3571,'Az Zwiyah','ZA',1123),(3572,'Banghz','BA',1123),(3573,'Ban Wald','BW',1123),(3574,'Darnah','DR',1123),(3575,'Ghadmis','GD',1123),(3576,'Gharyn','GR',1123),(3577,'Ght','GT',1123),(3578,'Jaghbb','JB',1123),(3579,'Mirtah','MI',1123),(3580,'Mizdah','MZ',1123),(3581,'Murzuq','MQ',1123),(3582,'Nlt','NL',1123),(3583,'Sabh','SB',1123),(3584,'abrtah urmn','SS',1123),(3585,'Surt','SR',1123),(3586,'Tjr\' wa an Nawh al Arbh','TN',1123),(3587,'arbulus','TB',1123),(3588,'Tarhnah-Masalltah','TM',1123),(3589,'Wd al hayt','WD',1123),(3590,'Yafran-Jd','YJ',1123),(3591,'Agadir','AGD',1146),(3592,'At Baha','BAH',1146),(3593,'At Melloul','MEL',1146),(3594,'Al Haouz','HAO',1146),(3595,'Al Hocema','HOC',1146),(3596,'Assa-Zag','ASZ',1146),(3597,'Azilal','AZI',1146),(3598,'Beni Mellal','BEM',1146),(3599,'Ben Sllmane','BES',1146),(3600,'Berkane','BER',1146),(3601,'Boujdour','BOD',1146),(3602,'Boulemane','BOM',1146),(3603,'Casablanca  [Dar el Beda]','CAS',1146),(3604,'Chefchaouene','CHE',1146),(3605,'Chichaoua','CHI',1146),(3606,'El Hajeb','HAJ',1146),(3607,'El Jadida','JDI',1146),(3608,'Errachidia','ERR',1146),(3609,'Essaouira','ESI',1146),(3610,'Es Smara','ESM',1146),(3611,'Fs','FES',1146),(3612,'Figuig','FIG',1146),(3613,'Guelmim','GUE',1146),(3614,'Ifrane','IFR',1146),(3615,'Jerada','JRA',1146),(3616,'Kelaat Sraghna','KES',1146),(3617,'Knitra','KEN',1146),(3618,'Khemisaet','KHE',1146),(3619,'Khenifra','KHN',1146),(3620,'Khouribga','KHO',1146),(3621,'Layoune (EH)','LAA',1146),(3622,'Larache','LAP',1146),(3623,'Marrakech','MAR',1146),(3624,'Meknss','MEK',1146),(3625,'Nador','NAD',1146),(3626,'Ouarzazate','OUA',1146),(3627,'Oued ed Dahab (EH)','OUD',1146),(3628,'Oujda','OUJ',1146),(3629,'Rabat-Sal','RBA',1146),(3630,'Safi','SAF',1146),(3631,'Sefrou','SEF',1146),(3632,'Settat','SET',1146),(3633,'Sidl Kacem','SIK',1146),(3634,'Tanger','TNG',1146),(3635,'Tan-Tan','TNT',1146),(3636,'Taounate','TAO',1146),(3637,'Taroudannt','TAR',1146),(3638,'Tata','TAT',1146),(3639,'Taza','TAZ',1146),(3640,'Ttouan','TET',1146),(3641,'Tiznit','TIZ',1146),(3642,'Gagauzia, Unitate Teritoriala Autonoma','GA',1142),(3643,'Chisinau','CU',1142),(3644,'Stinga Nistrului, unitatea teritoriala din','SN',1142),(3645,'Balti','BA',1142),(3646,'Cahul','CA',1142),(3647,'Edinet','ED',1142),(3648,'Lapusna','LA',1142),(3649,'Orhei','OR',1142),(3650,'Soroca','SO',1142),(3651,'Taraclia','TA',1142),(3652,'Tighina [Bender]','TI',1142),(3653,'Ungheni','UN',1142),(3654,'Antananarivo','T',1129),(3655,'Antsiranana','D',1129),(3656,'Fianarantsoa','F',1129),(3657,'Mahajanga','M',1129),(3658,'Toamasina','A',1129),(3659,'Toliara','U',1129),(3660,'Ailinglapalap','ALL',1135),(3661,'Ailuk','ALK',1135),(3662,'Arno','ARN',1135),(3663,'Aur','AUR',1135),(3664,'Ebon','EBO',1135),(3665,'Eniwetok','ENI',1135),(3666,'Jaluit','JAL',1135),(3667,'Kili','KIL',1135),(3668,'Kwajalein','KWA',1135),(3669,'Lae','LAE',1135),(3670,'Lib','LIB',1135),(3671,'Likiep','LIK',1135),(3672,'Majuro','MAJ',1135),(3673,'Maloelap','MAL',1135),(3674,'Mejit','MEJ',1135),(3675,'Mili','MIL',1135),(3676,'Namorik','NMK',1135),(3677,'Namu','NMU',1135),(3678,'Rongelap','RON',1135),(3679,'Ujae','UJA',1135),(3680,'Ujelang','UJL',1135),(3681,'Utirik','UTI',1135),(3682,'Wotho','WTN',1135),(3683,'Wotje','WTJ',1135),(3684,'Bamako','BK0',1133),(3685,'Gao','7',1133),(3686,'Kayes','1',1133),(3687,'Kidal','8',1133),(3688,'Xoulikoro','2',1133),(3689,'Mopti','5',1133),(3690,'S69ou','4',1133),(3691,'Sikasso','3',1133),(3692,'Tombouctou','6',1133),(3693,'Ayeyarwady','07',1035),(3694,'Bago','02',1035),(3695,'Magway','03',1035),(3696,'Mandalay','04',1035),(3697,'Sagaing','01',1035),(3698,'Tanintharyi','05',1035),(3699,'Yangon','06',1035),(3700,'Chin','14',1035),(3701,'Kachin','11',1035),(3702,'Kayah','12',1035),(3703,'Kayin','13',1035),(3704,'Mon','15',1035),(3705,'Rakhine','16',1035),(3706,'Shan','17',1035),(3707,'Ulanbaatar','1',1144),(3708,'Arhangay','073',1144),(3709,'Bayanhongor','069',1144),(3710,'Bayan-Olgiy','071',1144),(3711,'Bulgan','067',1144),(3712,'Darhan uul','037',1144),(3713,'Dornod','061',1144),(3714,'Dornogov,','063',1144),(3715,'DundgovL','059',1144),(3716,'Dzavhan','057',1144),(3717,'Govi-Altay','065',1144),(3718,'Govi-Smber','064',1144),(3719,'Hentiy','039',1144),(3720,'Hovd','043',1144),(3721,'Hovsgol','041',1144),(3722,'Omnogovi','053',1144),(3723,'Orhon','035',1144),(3724,'Ovorhangay','055',1144),(3725,'Selenge','049',1144),(3726,'Shbaatar','051',1144),(3727,'Tov','047',1144),(3728,'Uvs','046',1144),(3729,'Nouakchott','NKC',1137),(3730,'Assaba','03',1137),(3731,'Brakna','05',1137),(3732,'Dakhlet Nouadhibou','08',1137),(3733,'Gorgol','04',1137),(3734,'Guidimaka','10',1137),(3735,'Hodh ech Chargui','01',1137),(3736,'Hodh el Charbi','02',1137),(3737,'Inchiri','12',1137),(3738,'Tagant','09',1137),(3739,'Tiris Zemmour','11',1137),(3740,'Trarza','06',1137),(3741,'Beau Bassin-Rose Hill','BR',1138),(3742,'Curepipe','CU',1138),(3743,'Port Louis','PU',1138),(3744,'Quatre Bornes','QB',1138),(3745,'Vacosa-Phoenix','VP',1138),(3746,'Black River','BL',1138),(3747,'Flacq','FL',1138),(3748,'Grand Port','GP',1138),(3749,'Moka','MO',1138),(3750,'Pamplemousses','PA',1138),(3751,'Plaines Wilhems','PW',1138),(3752,'Riviere du Rempart','RP',1138),(3753,'Savanne','SA',1138),(3754,'Agalega Islands','AG',1138),(3755,'Cargados Carajos Shoals','CC',1138),(3756,'Rodrigues Island','RO',1138),(3757,'Male','MLE',1132),(3758,'Alif','02',1132),(3759,'Baa','20',1132),(3760,'Dhaalu','17',1132),(3761,'Faafu','14',1132),(3762,'Gaaf Alif','27',1132),(3763,'Gaefu Dhaalu','28',1132),(3764,'Gnaviyani','29',1132),(3765,'Haa Alif','07',1132),(3766,'Haa Dhaalu','23',1132),(3767,'Kaafu','26',1132),(3768,'Laamu','05',1132),(3769,'Lhaviyani','03',1132),(3770,'Meemu','12',1132),(3771,'Noonu','25',1132),(3772,'Raa','13',1132),(3773,'Seenu','01',1132),(3774,'Shaviyani','24',1132),(3775,'Thaa','08',1132),(3776,'Vaavu','04',1132),(3777,'Balaka','BA',1130),(3778,'Blantyre','BL',1130),(3779,'Chikwawa','CK',1130),(3780,'Chiradzulu','CR',1130),(3781,'Chitipa','CT',1130),(3782,'Dedza','DE',1130),(3783,'Dowa','DO',1130),(3784,'Karonga','KR',1130),(3785,'Kasungu','KS',1130),(3786,'Likoma Island','LK',1130),(3787,'Lilongwe','LI',1130),(3788,'Machinga','MH',1130),(3789,'Mangochi','MG',1130),(3790,'Mchinji','MC',1130),(3791,'Mulanje','MU',1130),(3792,'Mwanza','MW',1130),(3793,'Mzimba','MZ',1130),(3794,'Nkhata Bay','NB',1130),(3795,'Nkhotakota','NK',1130),(3796,'Nsanje','NS',1130),(3797,'Ntcheu','NU',1130),(3798,'Ntchisi','NI',1130),(3799,'Phalomba','PH',1130),(3800,'Rumphi','RU',1130),(3801,'Salima','SA',1130),(3802,'Thyolo','TH',1130),(3803,'Zomba','ZO',1130),(3804,'Aguascalientes','AGU',1140),(3805,'Baja California','BCN',1140),(3806,'Baja California Sur','BCS',1140),(3807,'Campeche','CAM',1140),(3808,'Coahu ila','COA',1140),(3809,'Col ima','COL',1140),(3810,'Chiapas','CHP',1140),(3811,'Chihushua','CHH',1140),(3812,'Durango','DUR',1140),(3813,'Guanajuato','GUA',1140),(3814,'Guerrero','GRO',1140),(3815,'Hidalgo','HID',1140),(3816,'Jalisco','JAL',1140),(3817,'Mexico','MEX',1140),(3818,'Michoacin','MIC',1140),(3819,'Morelos','MOR',1140),(3820,'Nayarit','NAY',1140),(3821,'Nuevo Leon','NLE',1140),(3822,'Oaxaca','OAX',1140),(3823,'Puebla','PUE',1140),(3824,'Queretaro','QUE',1140),(3825,'Quintana Roo','ROO',1140),(3826,'San Luis Potosi','SLP',1140),(3827,'Sinaloa','SIN',1140),(3828,'Sonora','SON',1140),(3829,'Tabasco','TAB',1140),(3830,'Tamaulipas','TAM',1140),(3831,'Tlaxcala','TLA',1140),(3832,'Veracruz','VER',1140),(3833,'Yucatan','YUC',1140),(3834,'Zacatecas','ZAC',1140),(3835,'Wilayah Persekutuan Kuala Lumpur','14',1131),(3836,'Wilayah Persekutuan Labuan','15',1131),(3837,'Wilayah Persekutuan Putrajaya','16',1131),(3838,'Johor','01',1131),(3839,'Kedah','02',1131),(3840,'Kelantan','03',1131),(3841,'Melaka','04',1131),(3842,'Negeri Sembilan','05',1131),(3843,'Pahang','06',1131),(3844,'Perak','08',1131),(3845,'Perlis','09',1131),(3846,'Pulau Pinang','07',1131),(3847,'Sabah','12',1131),(3848,'Sarawak','13',1131),(3849,'Selangor','10',1131),(3850,'Terengganu','11',1131),(3851,'Maputo','MPM',1147),(3852,'Cabo Delgado','P',1147),(3853,'Gaza','G',1147),(3854,'Inhambane','I',1147),(3855,'Manica','B',1147),(3856,'Numpula','N',1147),(3857,'Niaaea','A',1147),(3858,'Sofala','S',1147),(3859,'Tete','T',1147),(3860,'Zambezia','Q',1147),(3861,'Caprivi','CA',1148),(3862,'Erongo','ER',1148),(3863,'Hardap','HA',1148),(3864,'Karas','KA',1148),(3865,'Khomae','KH',1148),(3866,'Kunene','KU',1148),(3867,'Ohangwena','OW',1148),(3868,'Okavango','OK',1148),(3869,'Omaheke','OH',1148),(3870,'Omusati','OS',1148),(3871,'Oshana','ON',1148),(3872,'Oshikoto','OT',1148),(3873,'Otjozondjupa','OD',1148),(3874,'Niamey','8',1156),(3875,'Agadez','1',1156),(3876,'Diffa','2',1156),(3877,'Dosso','3',1156),(3878,'Maradi','4',1156),(3879,'Tahoua','S',1156),(3880,'Tillaberi','6',1156),(3881,'Zinder','7',1156),(3882,'Abuja Capital Territory','FC',1157),(3883,'Abia','AB',1157),(3884,'Adamawa','AD',1157),(3885,'Akwa Ibom','AK',1157),(3886,'Anambra','AN',1157),(3887,'Bauchi','BA',1157),(3888,'Bayelsa','BY',1157),(3889,'Benue','BE',1157),(3890,'Borno','BO',1157),(3891,'Cross River','CR',1157),(3892,'Delta','DE',1157),(3893,'Ebonyi','EB',1157),(3894,'Edo','ED',1157),(3895,'Ekiti','EK',1157),(3896,'Enugu','EN',1157),(3897,'Gombe','GO',1157),(3898,'Imo','IM',1157),(3899,'Jigawa','JI',1157),(3900,'Kaduna','KD',1157),(3901,'Kano','KN',1157),(3902,'Katsina','KT',1157),(3903,'Kebbi','KE',1157),(3904,'Kogi','KO',1157),(3905,'Kwara','KW',1157),(3906,'Lagos','LA',1157),(3907,'Nassarawa','NA',1157),(3908,'Niger','NI',1157),(3909,'Ogun','OG',1157),(3910,'Ondo','ON',1157),(3911,'Osun','OS',1157),(3912,'Oyo','OY',1157),(3913,'Rivers','RI',1157),(3914,'Sokoto','SO',1157),(3915,'Taraba','TA',1157),(3916,'Yobe','YO',1157),(3917,'Zamfara','ZA',1157),(3918,'Boaco','BO',1155),(3919,'Carazo','CA',1155),(3920,'Chinandega','CI',1155),(3921,'Chontales','CO',1155),(3922,'Esteli','ES',1155),(3923,'Jinotega','JI',1155),(3924,'Leon','LE',1155),(3925,'Madriz','MD',1155),(3926,'Managua','MN',1155),(3927,'Masaya','MS',1155),(3928,'Matagalpa','MT',1155),(3929,'Nueva Segovia','NS',1155),(3930,'Rio San Juan','SJ',1155),(3931,'Rivas','RI',1155),(3932,'Atlantico Norte','AN',1155),(3933,'Atlantico Sur','AS',1155),(3934,'Drente','DR',1152),(3935,'Flevoland','FL',1152),(3936,'Friesland','FR',1152),(3937,'Gelderland','GL',1152),(3938,'Groningen','GR',1152),(3939,'Noord-Brabant','NB',1152),(3940,'Noord-Holland','NH',1152),(3941,'Overijssel','OV',1152),(3942,'Utrecht','UT',1152),(3943,'Zuid-Holland','ZH',1152),(3944,'Zeeland','ZL',1152),(3945,'Akershus','02',1161),(3946,'Aust-Agder','09',1161),(3947,'Buskerud','06',1161),(3948,'Finumark','20',1161),(3949,'Hedmark','04',1161),(3950,'Hordaland','12',1161),(3951,'Mire og Romsdal','15',1161),(3952,'Nordland','18',1161),(3953,'Nord-Trindelag','17',1161),(3954,'Oppland','05',1161),(3955,'Oslo','03',1161),(3956,'Rogaland','11',1161),(3957,'Sogn og Fjordane','14',1161),(3958,'Sir-Trindelag','16',1161),(3959,'Telemark','06',1161),(3960,'Troms','19',1161),(3961,'Vest-Agder','10',1161),(3962,'Vestfold','07',1161),(3963,'Ostfold','01',1161),(3964,'Jan Mayen','22',1161),(3965,'Svalbard','21',1161),(3966,'Auckland','AUK',1154),(3967,'Bay of Plenty','BOP',1154),(3968,'Canterbury','CAN',1154),(3969,'Gisborne','GIS',1154),(3970,'Hawkes Bay','HKB',1154),(3971,'Manawatu-Wanganui','MWT',1154),(3972,'Marlborough','MBH',1154),(3973,'Nelson','NSN',1154),(3974,'Northland','NTL',1154),(3975,'Otago','OTA',1154),(3976,'Southland','STL',1154),(3977,'Taranaki','TKI',1154),(3978,'Tasman','TAS',1154),(3979,'waikato','WKO',1154),(3980,'Wellington','WGN',1154),(3981,'West Coast','WTC',1154),(3982,'Ad Dakhillyah','DA',1162),(3983,'Al Batinah','BA',1162),(3984,'Al Janblyah','JA',1162),(3985,'Al Wusta','WU',1162),(3986,'Ash Sharqlyah','SH',1162),(3987,'Az Zahirah','ZA',1162),(3988,'Masqat','MA',1162),(3989,'Musandam','MU',1162),(3990,'Bocas del Toro','1',1166),(3991,'Cocle','2',1166),(3992,'Chiriqui','4',1166),(3993,'Darien','5',1166),(3994,'Herrera','6',1166),(3995,'Loa Santoa','7',1166),(3996,'Panama','8',1166),(3997,'Veraguas','9',1166),(3998,'Comarca de San Blas','Q',1166),(3999,'El Callao','CAL',1169),(4000,'Ancash','ANC',1169),(4001,'Apurimac','APU',1169),(4002,'Arequipa','ARE',1169),(4003,'Ayacucho','AYA',1169),(4004,'Cajamarca','CAJ',1169),(4005,'Cuzco','CUS',1169),(4006,'Huancavelica','HUV',1169),(4007,'Huanuco','HUC',1169),(4008,'Ica','ICA',1169),(4009,'Junin','JUN',1169),(4010,'La Libertad','LAL',1169),(4011,'Lambayeque','LAM',1169),(4012,'Lima','LIM',1169),(4013,'Loreto','LOR',1169),(4014,'Madre de Dios','MDD',1169),(4015,'Moquegua','MOQ',1169),(4016,'Pasco','PAS',1169),(4017,'Piura','PIU',1169),(4018,'Puno','PUN',1169),(4019,'San Martin','SAM',1169),(4020,'Tacna','TAC',1169),(4021,'Tumbes','TUM',1169),(4022,'Ucayali','UCA',1169),(4023,'National Capital District (Port Moresby)','NCD',1167),(4024,'Chimbu','CPK',1167),(4025,'Eastern Highlands','EHG',1167),(4026,'East New Britain','EBR',1167),(4027,'East Sepik','ESW',1167),(4028,'Enga','EPW',1167),(4029,'Gulf','GPK',1167),(4030,'Madang','MPM',1167),(4031,'Manus','MRL',1167),(4032,'Milne Bay','MBA',1167),(4033,'Morobe','MPL',1167),(4034,'New Ireland','NIK',1167),(4035,'North Solomons','NSA',1167),(4036,'Santaun','SAN',1167),(4037,'Southern Highlands','SHM',1167),(4038,'Western Highlands','WHM',1167),(4039,'West New Britain','WBK',1167),(4040,'Abra','ABR',1170),(4041,'Agusan del Norte','AGN',1170),(4042,'Agusan del Sur','AGS',1170),(4043,'Aklan','AKL',1170),(4044,'Albay','ALB',1170),(4045,'Antique','ANT',1170),(4046,'Apayao','APA',1170),(4047,'Aurora','AUR',1170),(4048,'Basilan','BAS',1170),(4049,'Batasn','BAN',1170),(4050,'Batanes','BTN',1170),(4051,'Batangas','BTG',1170),(4052,'Benguet','BEN',1170),(4053,'Biliran','BIL',1170),(4054,'Bohol','BOH',1170),(4055,'Bukidnon','BUK',1170),(4056,'Bulacan','BUL',1170),(4057,'Cagayan','CAG',1170),(4058,'Camarines Norte','CAN',1170),(4059,'Camarines Sur','CAS',1170),(4060,'Camiguin','CAM',1170),(4061,'Capiz','CAP',1170),(4062,'Catanduanes','CAT',1170),(4063,'Cavite','CAV',1170),(4064,'Cebu','CEB',1170),(4065,'Compostela Valley','COM',1170),(4066,'Davao','DAV',1170),(4067,'Davao del Sur','DAS',1170),(4068,'Davao Oriental','DAO',1170),(4069,'Eastern Samar','EAS',1170),(4070,'Guimaras','GUI',1170),(4071,'Ifugao','IFU',1170),(4072,'Ilocos Norte','ILN',1170),(4073,'Ilocos Sur','ILS',1170),(4074,'Iloilo','ILI',1170),(4075,'Isabela','ISA',1170),(4076,'Kalinga-Apayso','KAL',1170),(4077,'Laguna','LAG',1170),(4078,'Lanao del Norte','LAN',1170),(4079,'Lanao del Sur','LAS',1170),(4080,'La Union','LUN',1170),(4081,'Leyte','LEY',1170),(4082,'Maguindanao','MAG',1170),(4083,'Marinduque','MAD',1170),(4084,'Masbate','MAS',1170),(4085,'Mindoro Occidental','MDC',1170),(4086,'Mindoro Oriental','MDR',1170),(4087,'Misamis Occidental','MSC',1170),(4088,'Misamis Oriental','MSR',1170),(4089,'Mountain Province','MOU',1170),(4090,'Negroe Occidental','NEC',1170),(4091,'Negros Oriental','NER',1170),(4092,'North Cotabato','NCO',1170),(4093,'Northern Samar','NSA',1170),(4094,'Nueva Ecija','NUE',1170),(4095,'Nueva Vizcaya','NUV',1170),(4096,'Palawan','PLW',1170),(4097,'Pampanga','PAM',1170),(4098,'Pangasinan','PAN',1170),(4099,'Quezon','QUE',1170),(4100,'Quirino','QUI',1170),(4101,'Rizal','RIZ',1170),(4102,'Romblon','ROM',1170),(4103,'Sarangani','SAR',1170),(4104,'Siquijor','SIG',1170),(4105,'Sorsogon','SOR',1170),(4106,'South Cotabato','SCO',1170),(4107,'Southern Leyte','SLE',1170),(4108,'Sultan Kudarat','SUK',1170),(4109,'Sulu','SLU',1170),(4110,'Surigao del Norte','SUN',1170),(4111,'Surigao del Sur','SUR',1170),(4112,'Tarlac','TAR',1170),(4113,'Tawi-Tawi','TAW',1170),(4114,'Western Samar','WSA',1170),(4115,'Zambales','ZMB',1170),(4116,'Zamboanga del Norte','ZAN',1170),(4117,'Zamboanga del Sur','ZAS',1170),(4118,'Zamboanga Sibiguey','ZSI',1170),(4119,'Islamabad','IS',1163),(4120,'Baluchistan (en)','BA',1163),(4121,'North-West Frontier','NW',1163),(4122,'Sind (en)','SD',1163),(4123,'Federally Administered Tribal Aresa','TA',1163),(4124,'Azad Rashmir','JK',1163),(4125,'Northern Areas','NA',1163),(4126,'Aveiro','01',1173),(4127,'Beja','02',1173),(4128,'Braga','03',1173),(4129,'Braganca','04',1173),(4130,'Castelo Branco','05',1173),(4131,'Colmbra','06',1173),(4132,'Ovora','07',1173),(4133,'Faro','08',1173),(4134,'Guarda','09',1173),(4135,'Leiria','10',1173),(4136,'Lisboa','11',1173),(4137,'Portalegre','12',1173),(4138,'Porto','13',1173),(4139,'Santarem','14',1173),(4140,'Setubal','15',1173),(4141,'Viana do Castelo','16',1173),(4142,'Vila Real','17',1173),(4143,'Viseu','18',1173),(4144,'Regiao Autonoma dos Acores','20',1173),(4145,'Regiao Autonoma da Madeira','30',1173),(4146,'Asuncion','ASU',1168),(4147,'Alto Paraguay','16',1168),(4148,'Alto Parana','10',1168),(4149,'Amambay','13',1168),(4150,'Boqueron','19',1168),(4151,'Caeguazu','5',1168),(4152,'Caazapl','6',1168),(4153,'Canindeyu','14',1168),(4154,'Concepcion','1',1168),(4155,'Cordillera','3',1168),(4156,'Guaira','4',1168),(4157,'Itapua','7',1168),(4158,'Miaiones','8',1168),(4159,'Neembucu','12',1168),(4160,'Paraguari','9',1168),(4161,'Presidente Hayes','15',1168),(4162,'San Pedro','2',1168),(4163,'Ad Dawhah','DA',1175),(4164,'Al Ghuwayriyah','GH',1175),(4165,'Al Jumayliyah','JU',1175),(4166,'Al Khawr','KH',1175),(4167,'Al Wakrah','WA',1175),(4168,'Ar Rayyan','RA',1175),(4169,'Jariyan al Batnah','JB',1175),(4170,'Madinat ash Shamal','MS',1175),(4171,'Umm Salal','US',1175),(4172,'Bucuresti','B',1176),(4173,'Alba','AB',1176),(4174,'Arad','AR',1176),(4175,'Arges','AG',1176),(4176,'Bacau','BC',1176),(4177,'Bihor','BH',1176),(4178,'Bistrita-Nasaud','BN',1176),(4179,'Boto\'ani','BT',1176),(4180,'Bra\'ov','BV',1176),(4181,'Braila','BR',1176),(4182,'Buzau','BZ',1176),(4183,'Caras-Severin','CS',1176),(4184,'Ca la ras\'i','CL',1176),(4185,'Cluj','CJ',1176),(4186,'Constant\'a','CT',1176),(4187,'Covasna','CV',1176),(4188,'Dambovit\'a','DB',1176),(4189,'Dolj','DJ',1176),(4190,'Galat\'i','GL',1176),(4191,'Giurgiu','GR',1176),(4192,'Gorj','GJ',1176),(4193,'Harghita','HR',1176),(4194,'Hunedoara','HD',1176),(4195,'Ialomit\'a','IL',1176),(4196,'Ias\'i','IS',1176),(4197,'Ilfov','IF',1176),(4198,'Maramures','MM',1176),(4199,'Mehedint\'i','MH',1176),(4200,'Mures','MS',1176),(4201,'Neamt','NT',1176),(4202,'Olt','OT',1176),(4203,'Prahova','PH',1176),(4204,'Satu Mare','SM',1176),(4205,'Sa laj','SJ',1176),(4206,'Sibiu','SB',1176),(4207,'Suceava','SV',1176),(4208,'Teleorman','TR',1176),(4209,'Timis','TM',1176),(4210,'Tulcea','TL',1176),(4211,'Vaslui','VS',1176),(4212,'Valcea','VL',1176),(4213,'Vrancea','VN',1176),(4214,'Adygeya, Respublika','AD',1177),(4215,'Altay, Respublika','AL',1177),(4216,'Bashkortostan, Respublika','BA',1177),(4217,'Buryatiya, Respublika','BU',1177),(4218,'Chechenskaya Respublika','CE',1177),(4219,'Chuvashskaya Respublika','CU',1177),(4220,'Dagestan, Respublika','DA',1177),(4221,'Ingushskaya Respublika','IN',1177),(4222,'Kabardino-Balkarskaya','KB',1177),(4223,'Kalmykiya, Respublika','KL',1177),(4224,'Karachayevo-Cherkesskaya Respublika','KC',1177),(4225,'Kareliya, Respublika','KR',1177),(4226,'Khakasiya, Respublika','KK',1177),(4227,'Komi, Respublika','KO',1177),(4228,'Mariy El, Respublika','ME',1177),(4229,'Mordoviya, Respublika','MO',1177),(4230,'Sakha, Respublika [Yakutiya]','SA',1177),(4231,'Severnaya Osetiya, Respublika','SE',1177),(4232,'Tatarstan, Respublika','TA',1177),(4233,'Tyva, Respublika [Tuva]','TY',1177),(4234,'Udmurtskaya Respublika','UD',1177),(4235,'Altayskiy kray','ALT',1177),(4236,'Khabarovskiy kray','KHA',1177),(4237,'Krasnodarskiy kray','KDA',1177),(4238,'Krasnoyarskiy kray','KYA',1177),(4239,'Primorskiy kray','PRI',1177),(4240,'Stavropol\'skiy kray','STA',1177),(4241,'Amurskaya oblast\'','AMU',1177),(4242,'Arkhangel\'skaya oblast\'','ARK',1177),(4243,'Astrakhanskaya oblast\'','AST',1177),(4244,'Belgorodskaya oblast\'','BEL',1177),(4245,'Bryanskaya oblast\'','BRY',1177),(4246,'Chelyabinskaya oblast\'','CHE',1177),(4247,'Chitinskaya oblast\'','CHI',1177),(4248,'Irkutskaya oblast\'','IRK',1177),(4249,'Ivanovskaya oblast\'','IVA',1177),(4250,'Kaliningradskaya oblast\'','KGD',1177),(4251,'Kaluzhskaya oblast\'','KLU',1177),(4252,'Kamchatskaya oblast\'','KAM',1177),(4253,'Kemerovskaya oblast\'','KEM',1177),(4254,'Kirovskaya oblast\'','KIR',1177),(4255,'Kostromskaya oblast\'','KOS',1177),(4256,'Kurganskaya oblast\'','KGN',1177),(4257,'Kurskaya oblast\'','KRS',1177),(4258,'Leningradskaya oblast\'','LEN',1177),(4259,'Lipetskaya oblast\'','LIP',1177),(4260,'Magadanskaya oblast\'','MAG',1177),(4261,'Moskovskaya oblast\'','MOS',1177),(4262,'Murmanskaya oblast\'','MUR',1177),(4263,'Nizhegorodskaya oblast\'','NIZ',1177),(4264,'Novgorodskaya oblast\'','NGR',1177),(4265,'Novosibirskaya oblast\'','NVS',1177),(4266,'Omskaya oblast\'','OMS',1177),(4267,'Orenburgskaya oblast\'','ORE',1177),(4268,'Orlovskaya oblast\'','ORL',1177),(4269,'Penzenskaya oblast\'','PNZ',1177),(4270,'Permskaya oblast\'','PER',1177),(4271,'Pskovskaya oblast\'','PSK',1177),(4272,'Rostovskaya oblast\'','ROS',1177),(4273,'Ryazanskaya oblast\'','RYA',1177),(4274,'Sakhalinskaya oblast\'','SAK',1177),(4275,'Samarskaya oblast\'','SAM',1177),(4276,'Saratovskaya oblast\'','SAR',1177),(4277,'Smolenskaya oblast\'','SMO',1177),(4278,'Sverdlovskaya oblast\'','SVE',1177),(4279,'Tambovskaya oblast\'','TAM',1177),(4280,'Tomskaya oblast\'','TOM',1177),(4281,'Tul\'skaya oblast\'','TUL',1177),(4282,'Tverskaya oblast\'','TVE',1177),(4283,'Tyumenskaya oblast\'','TYU',1177),(4284,'Ul\'yanovskaya oblast\'','ULY',1177),(4285,'Vladimirskaya oblast\'','VLA',1177),(4286,'Volgogradskaya oblast\'','VGG',1177),(4287,'Vologodskaya oblast\'','VLG',1177),(4288,'Voronezhskaya oblast\'','VOR',1177),(4289,'Yaroslavskaya oblast\'','YAR',1177),(4290,'Moskva','MOW',1177),(4291,'Sankt-Peterburg','SPE',1177),(4292,'Yevreyskaya avtonomnaya oblast\'','YEV',1177),(4293,'Aginskiy Buryatskiy avtonomnyy','AGB',1177),(4294,'Chukotskiy avtonomnyy okrug','CHU',1177),(4295,'Evenkiyskiy avtonomnyy okrug','EVE',1177),(4296,'Khanty-Mansiyskiy avtonomnyy okrug','KHM',1177),(4297,'Komi-Permyatskiy avtonomnyy okrug','KOP',1177),(4298,'Koryakskiy avtonomnyy okrug','KOR',1177),(4299,'Nenetskiy avtonomnyy okrug','NEN',1177),(4300,'Taymyrskiy (Dolgano-Nenetskiy)','TAY',1177),(4301,'Ust\'-Ordynskiy Buryatskiy','UOB',1177),(4302,'Yamalo-Nenetskiy avtonomnyy okrug','YAN',1177),(4303,'Butare','C',1178),(4304,'Byumba','I',1178),(4305,'Cyangugu','E',1178),(4306,'Gikongoro','D',1178),(4307,'Gisenyi','G',1178),(4308,'Gitarama','B',1178),(4309,'Kibungo','J',1178),(4310,'Kibuye','F',1178),(4311,'Kigali-Rural Kigali y\' Icyaro','K',1178),(4312,'Kigali-Ville Kigali Ngari','L',1178),(4313,'Mutara','M',1178),(4314,'Ruhengeri','H',1178),(4315,'Al Batah','11',1187),(4316,'Al H,udd ash Shamallyah','08',1187),(4317,'Al Jawf','12',1187),(4318,'Al Madinah','03',1187),(4319,'Al Qasim','05',1187),(4320,'Ar Riyad','01',1187),(4321,'Asir','14',1187),(4322,'Ha\'il','06',1187),(4323,'Jlzan','09',1187),(4324,'Makkah','02',1187),(4325,'Najran','10',1187),(4326,'Tabuk','07',1187),(4327,'Capital Territory (Honiara)','CT',1194),(4328,'Guadalcanal','GU',1194),(4329,'Isabel','IS',1194),(4330,'Makira','MK',1194),(4331,'Malaita','ML',1194),(4332,'Temotu','TE',1194),(4333,'A\'ali an Nil','23',1200),(4334,'Al Bah al Ahmar','26',1200),(4335,'Al Buhayrat','18',1200),(4336,'Al Jazirah','07',1200),(4337,'Al Khartum','03',1200),(4338,'Al Qadarif','06',1200),(4339,'Al Wahdah','22',1200),(4340,'An Nil','04',1200),(4341,'An Nil al Abyaq','08',1200),(4342,'An Nil al Azraq','24',1200),(4343,'Ash Shamallyah','01',1200),(4344,'Bahr al Jabal','17',1200),(4345,'Gharb al Istiwa\'iyah','16',1200),(4346,'Gharb Ba~r al Ghazal','14',1200),(4347,'Gharb Darfur','12',1200),(4348,'Gharb Kurdufan','10',1200),(4349,'Janub Darfur','11',1200),(4350,'Janub Rurdufan','13',1200),(4351,'Jnqall','20',1200),(4352,'Kassala','05',1200),(4353,'Shamal Batr al Ghazal','15',1200),(4354,'Shamal Darfur','02',1200),(4355,'Shamal Kurdufan','09',1200),(4356,'Sharq al Istiwa\'iyah','19',1200),(4357,'Sinnar','25',1200),(4358,'Warab','21',1200),(4359,'Blekinge lan','K',1204),(4360,'Dalarnas lan','W',1204),(4361,'Gotlands lan','I',1204),(4362,'Gavleborge lan','X',1204),(4363,'Hallands lan','N',1204),(4364,'Jamtlande lan','Z',1204),(4365,'Jonkopings lan','F',1204),(4366,'Kalmar lan','H',1204),(4367,'Kronoberge lan','G',1204),(4368,'Norrbottena lan','BD',1204),(4369,'Skane lan','M',1204),(4370,'Stockholms lan','AB',1204),(4371,'Sodermanlands lan','D',1204),(4372,'Uppsala lan','C',1204),(4373,'Varmlanda lan','S',1204),(4374,'Vasterbottens lan','AC',1204),(4375,'Vasternorrlands lan','Y',1204),(4376,'Vastmanlanda lan','U',1204),(4377,'Vastra Gotalands lan','Q',1204),(4378,'Orebro lan','T',1204),(4379,'Ostergotlands lan','E',1204),(4380,'Saint Helena','SH',1180),(4381,'Ascension','AC',1180),(4382,'Tristan da Cunha','TA',1180),(4383,'Ajdovscina','001',1193),(4384,'Beltinci','002',1193),(4385,'Benedikt','148',1193),(4386,'Bistrica ob Sotli','149',1193),(4387,'Bled','003',1193),(4388,'Bloke','150',1193),(4389,'Bohinj','004',1193),(4390,'Borovnica','005',1193),(4391,'Bovec','006',1193),(4392,'Braslovce','151',1193),(4393,'Brda','007',1193),(4394,'Brezovica','008',1193),(4395,'Brezica','009',1193),(4396,'Cankova','152',1193),(4397,'Celje','011',1193),(4398,'Cerklje na Gorenjskem','012',1193),(4399,'Cerknica','013',1193),(4400,'Cerkno','014',1193),(4401,'Cerkvenjak','153',1193),(4402,'Crensovci','015',1193),(4403,'Crna na Koroskem','016',1193),(4404,'Crnomelj','017',1193),(4405,'Destrnik','018',1193),(4406,'Divaca','019',1193),(4407,'Dobje','154',1193),(4408,'Dobrepolje','020',1193),(4409,'Dobrna','155',1193),(4410,'Dobrova-Polhov Gradec','021',1193),(4411,'Dobrovnik','156',1193),(4412,'Dol pri Ljubljani','022',1193),(4413,'Dolenjske Toplice','157',1193),(4414,'Domzale','023',1193),(4415,'Dornava','024',1193),(4416,'Dravograd','025',1193),(4417,'Duplek','026',1193),(4418,'Gorenja vas-Poljane','027',1193),(4419,'Gorsnica','028',1193),(4420,'Gornja Radgona','029',1193),(4421,'Gornji Grad','030',1193),(4422,'Gornji Petrovci','031',1193),(4423,'Grad','158',1193),(4424,'Grosuplje','032',1193),(4425,'Hajdina','159',1193),(4426,'Hoce-Slivnica','160',1193),(4427,'Hodos','161',1193),(4428,'Jorjul','162',1193),(4429,'Hrastnik','034',1193),(4430,'Hrpelje-Kozina','035',1193),(4431,'Idrija','036',1193),(4432,'Ig','037',1193),(4433,'IIrska Bistrica','038',1193),(4434,'Ivancna Gorica','039',1193),(4435,'Izola','040',1193),(4436,'Jesenice','041',1193),(4437,'Jezersko','163',1193),(4438,'Jursinci','042',1193),(4439,'Kamnik','043',1193),(4440,'Kanal','044',1193),(4441,'Kidricevo','045',1193),(4442,'Kobarid','046',1193),(4443,'Kobilje','047',1193),(4444,'Jovevje','048',1193),(4445,'Komen','049',1193),(4446,'Komenda','164',1193),(4447,'Koper','050',1193),(4448,'Kostel','165',1193),(4449,'Kozje','051',1193),(4450,'Kranj','052',1193),(4451,'Kranjska Gora','053',1193),(4452,'Krizevci','166',1193),(4453,'Krsko','054',1193),(4454,'Kungota','055',1193),(4455,'Kuzma','056',1193),(4456,'Lasko','057',1193),(4457,'Lenart','058',1193),(4458,'Lendava','059',1193),(4459,'Litija','060',1193),(4460,'Ljubljana','061',1193),(4461,'Ljubno','062',1193),(4462,'Ljutomer','063',1193),(4463,'Logatec','064',1193),(4464,'Loska dolina','065',1193),(4465,'Loski Potok','066',1193),(4466,'Lovrenc na Pohorju','167',1193),(4467,'Luce','067',1193),(4468,'Lukovica','068',1193),(4469,'Majsperk','069',1193),(4470,'Maribor','070',1193),(4471,'Markovci','168',1193),(4472,'Medvode','071',1193),(4473,'Menges','072',1193),(4474,'Metlika','073',1193),(4475,'Mezica','074',1193),(4476,'Miklavz na Dravskern polju','169',1193),(4477,'Miren-Kostanjevica','075',1193),(4478,'Mirna Pec','170',1193),(4479,'Mislinja','076',1193),(4480,'Moravce','077',1193),(4481,'Moravske Toplice','078',1193),(4482,'Mozirje','079',1193),(4483,'Murska Sobota','080',1193),(4484,'Muta','081',1193),(4485,'Naklo','082',1193),(4486,'Nazarje','083',1193),(4487,'Nova Gorica','084',1193),(4488,'Nova mesto','085',1193),(4489,'Sveta Ana','181',1193),(4490,'Sveti Andraz v Slovenskih goricah','182',1193),(4491,'Sveti Jurij','116',1193),(4492,'Salovci','033',1193),(4493,'Sempeter-Vrtojba','183',1193),(4494,'Sencur','117',1193),(4495,'Sentilj','118',1193),(4496,'Sentjernej','119',1193),(4497,'Sentjur pri Celju','120',1193),(4498,'Skocjan','121',1193),(4499,'Skofja Loka','122',1193),(4500,'Skoftjica','123',1193),(4501,'Smarje pri Jelsah','124',1193),(4502,'Smartno ob Paki','125',1193),(4503,'Smartno pri Litiji','194',1193),(4504,'Sostanj','126',1193),(4505,'Store','127',1193),(4506,'Tabor','184',1193),(4507,'Tisina','010',1193),(4508,'Tolmin','128',1193),(4509,'Trbovje','129',1193),(4510,'Trebnje','130',1193),(4511,'Trnovska vas','185',1193),(4512,'Trzic','131',1193),(4513,'Trzin','186',1193),(4514,'Turnisce','132',1193),(4515,'Velenje','133',1193),(4516,'Velika Polana','187',1193),(4517,'Velika Lasce','134',1193),(4518,'Verzej','188',1193),(4519,'Videm','135',1193),(4520,'Vipava','136',1193),(4521,'Vitanje','137',1193),(4522,'Vojnik','138',1193),(4523,'Vransko','189',1193),(4524,'Vrhnika','140',1193),(4525,'Vuzenica','141',1193),(4526,'Zagorje ob Savi','142',1193),(4527,'Zavrc','143',1193),(4528,'Zrece','144',1193),(4529,'Zalec','190',1193),(4530,'Zelezniki','146',1193),(4531,'Zetale','191',1193),(4532,'Ziri','147',1193),(4533,'Zirovnica','192',1193),(4534,'Zuzemberk','193',1193),(4535,'Banskobystrick kraj','BC',1192),(4536,'Bratislavsk kraj','BL',1192),(4537,'Koick kraj','KI',1192),(4538,'Nitriansky kraj','NJ',1192),(4539,'Preovsk kraj','PV',1192),(4540,'Treniansky kraj','TC',1192),(4541,'Trnavsk kraj','TA',1192),(4542,'ilinsk kraj','ZI',1192),(4543,'Western Area (Freetown)','W',1190),(4544,'Dakar','DK',1188),(4545,'Diourbel','DB',1188),(4546,'Fatick','FK',1188),(4547,'Kaolack','KL',1188),(4548,'Kolda','KD',1188),(4549,'Louga','LG',1188),(4550,'Matam','MT',1188),(4551,'Saint-Louis','SL',1188),(4552,'Tambacounda','TC',1188),(4553,'Thies','TH',1188),(4554,'Ziguinchor','ZG',1188),(4555,'Awdal','AW',1195),(4556,'Bakool','BK',1195),(4557,'Banaadir','BN',1195),(4558,'Bay','BY',1195),(4559,'Galguduud','GA',1195),(4560,'Gedo','GE',1195),(4561,'Hiirsan','HI',1195),(4562,'Jubbada Dhexe','JD',1195),(4563,'Jubbada Hoose','JH',1195),(4564,'Mudug','MU',1195),(4565,'Nugaal','NU',1195),(4566,'Saneag','SA',1195),(4567,'Shabeellaha Dhexe','SD',1195),(4568,'Shabeellaha Hoose','SH',1195),(4569,'Sool','SO',1195),(4570,'Togdheer','TO',1195),(4571,'Woqooyi Galbeed','WO',1195),(4572,'Brokopondo','BR',1201),(4573,'Commewijne','CM',1201),(4574,'Coronie','CR',1201),(4575,'Marowijne','MA',1201),(4576,'Nickerie','NI',1201),(4577,'Paramaribo','PM',1201),(4578,'Saramacca','SA',1201),(4579,'Sipaliwini','SI',1201),(4580,'Wanica','WA',1201),(4581,'Principe','P',1207),(4582,'Sao Tome','S',1207),(4583,'Ahuachapan','AH',1066),(4584,'Cabanas','CA',1066),(4585,'Cuscatlan','CU',1066),(4586,'Chalatenango','CH',1066),(4587,'Morazan','MO',1066),(4588,'San Miguel','SM',1066),(4589,'San Salvador','SS',1066),(4590,'Santa Ana','SA',1066),(4591,'San Vicente','SV',1066),(4592,'Sonsonate','SO',1066),(4593,'Usulutan','US',1066),(4594,'Al Hasakah','HA',1206),(4595,'Al Ladhiqiyah','LA',1206),(4596,'Al Qunaytirah','QU',1206),(4597,'Ar Raqqah','RA',1206),(4598,'As Suwayda\'','SU',1206),(4599,'Dar\'a','DR',1206),(4600,'Dayr az Zawr','DY',1206),(4601,'Dimashq','DI',1206),(4602,'Halab','HL',1206),(4603,'Hamah','HM',1206),(4604,'Jim\'','HI',1206),(4605,'Idlib','ID',1206),(4606,'Rif Dimashq','RD',1206),(4607,'Tarts','TA',1206),(4608,'Hhohho','HH',1203),(4609,'Lubombo','LU',1203),(4610,'Manzini','MA',1203),(4611,'Shiselweni','SH',1203),(4612,'Batha','BA',1043),(4613,'Biltine','BI',1043),(4614,'Borkou-Ennedi-Tibesti','BET',1043),(4615,'Chari-Baguirmi','CB',1043),(4616,'Guera','GR',1043),(4617,'Kanem','KA',1043),(4618,'Lac','LC',1043),(4619,'Logone-Occidental','LO',1043),(4620,'Logone-Oriental','LR',1043),(4621,'Mayo-Kebbi','MK',1043),(4622,'Moyen-Chari','MC',1043),(4623,'Ouaddai','OD',1043),(4624,'Salamat','SA',1043),(4625,'Tandjile','TA',1043),(4626,'Kara','K',1214),(4627,'Maritime (Region)','M',1214),(4628,'Savannes','S',1214),(4629,'Krung Thep Maha Nakhon Bangkok','10',1211),(4630,'Phatthaya','S',1211),(4631,'Amnat Charoen','37',1211),(4632,'Ang Thong','15',1211),(4633,'Buri Ram','31',1211),(4634,'Chachoengsao','24',1211),(4635,'Chai Nat','18',1211),(4636,'Chaiyaphum','36',1211),(4637,'Chanthaburi','22',1211),(4638,'Chiang Mai','50',1211),(4639,'Chiang Rai','57',1211),(4640,'Chon Buri','20',1211),(4641,'Chumphon','86',1211),(4642,'Kalasin','46',1211),(4643,'Kamphasng Phet','62',1211),(4644,'Kanchanaburi','71',1211),(4645,'Khon Kaen','40',1211),(4646,'Krabi','81',1211),(4647,'Lampang','52',1211),(4648,'Lamphun','51',1211),(4649,'Loei','42',1211),(4650,'Lop Buri','16',1211),(4651,'Mae Hong Son','58',1211),(4652,'Maha Sarakham','44',1211),(4653,'Mukdahan','49',1211),(4654,'Nakhon Nayok','26',1211),(4655,'Nakhon Pathom','73',1211),(4656,'Nakhon Phanom','48',1211),(4657,'Nakhon Ratchasima','30',1211),(4658,'Nakhon Sawan','60',1211),(4659,'Nakhon Si Thammarat','80',1211),(4660,'Nan','55',1211),(4661,'Narathiwat','96',1211),(4662,'Nong Bua Lam Phu','39',1211),(4663,'Nong Khai','43',1211),(4664,'Nonthaburi','12',1211),(4665,'Pathum Thani','13',1211),(4666,'Pattani','94',1211),(4667,'Phangnga','82',1211),(4668,'Phatthalung','93',1211),(4669,'Phayao','56',1211),(4670,'Phetchabun','67',1211),(4671,'Phetchaburi','76',1211),(4672,'Phichit','66',1211),(4673,'Phitsanulok','65',1211),(4674,'Phrae','54',1211),(4675,'Phra Nakhon Si Ayutthaya','14',1211),(4676,'Phaket','83',1211),(4677,'Prachin Buri','25',1211),(4678,'Prachuap Khiri Khan','77',1211),(4679,'Ranong','85',1211),(4680,'Ratchaburi','70',1211),(4681,'Rayong','21',1211),(4682,'Roi Et','45',1211),(4683,'Sa Kaeo','27',1211),(4684,'Sakon Nakhon','47',1211),(4685,'Samut Prakan','11',1211),(4686,'Samut Sakhon','74',1211),(4687,'Samut Songkhram','75',1211),(4688,'Saraburi','19',1211),(4689,'Satun','91',1211),(4690,'Sing Buri','17',1211),(4691,'Si Sa Ket','33',1211),(4692,'Songkhla','90',1211),(4693,'Sukhothai','64',1211),(4694,'Suphan Buri','72',1211),(4695,'Surat Thani','84',1211),(4696,'Surin','32',1211),(4697,'Tak','63',1211),(4698,'Trang','92',1211),(4699,'Trat','23',1211),(4700,'Ubon Ratchathani','34',1211),(4701,'Udon Thani','41',1211),(4702,'Uthai Thani','61',1211),(4703,'Uttaradit','53',1211),(4704,'Yala','95',1211),(4705,'Yasothon','35',1211),(4706,'Sughd','SU',1209),(4707,'Khatlon','KT',1209),(4708,'Gorno-Badakhshan','GB',1209),(4709,'Ahal','A',1220),(4710,'Balkan','B',1220),(4711,'Dasoguz','D',1220),(4712,'Lebap','L',1220),(4713,'Mary','M',1220),(4714,'Bja','31',1218),(4715,'Ben Arous','13',1218),(4716,'Bizerte','23',1218),(4717,'Gabs','81',1218),(4718,'Gafsa','71',1218),(4719,'Jendouba','32',1218),(4720,'Kairouan','41',1218),(4721,'Rasserine','42',1218),(4722,'Kebili','73',1218),(4723,'L\'Ariana','12',1218),(4724,'Le Ref','33',1218),(4725,'Mahdia','53',1218),(4726,'La Manouba','14',1218),(4727,'Medenine','82',1218),(4728,'Moneatir','52',1218),(4729,'Naboul','21',1218),(4730,'Sfax','61',1218),(4731,'Sidi Bouxid','43',1218),(4732,'Siliana','34',1218),(4733,'Sousse','51',1218),(4734,'Tataouine','83',1218),(4735,'Tozeur','72',1218),(4736,'Tunis','11',1218),(4737,'Zaghouan','22',1218),(4738,'Adana','01',1219),(4739,'Ad yaman','02',1219),(4740,'Afyon','03',1219),(4741,'Ag r','04',1219),(4742,'Aksaray','68',1219),(4743,'Amasya','05',1219),(4744,'Ankara','06',1219),(4745,'Antalya','07',1219),(4746,'Ardahan','75',1219),(4747,'Artvin','08',1219),(4748,'Aydin','09',1219),(4749,'Bal kesir','10',1219),(4750,'Bartin','74',1219),(4751,'Batman','72',1219),(4752,'Bayburt','69',1219),(4753,'Bilecik','11',1219),(4754,'Bingol','12',1219),(4755,'Bitlis','13',1219),(4756,'Bolu','14',1219),(4757,'Burdur','15',1219),(4758,'Bursa','16',1219),(4759,'Canakkale','17',1219),(4760,'Cankir','18',1219),(4761,'Corum','19',1219),(4762,'Denizli','20',1219),(4763,'Diyarbakir','21',1219),(4764,'Duzce','81',1219),(4765,'Edirne','22',1219),(4766,'Elazig','23',1219),(4767,'Erzincan','24',1219),(4768,'Erzurum','25',1219),(4769,'Eskis\'ehir','26',1219),(4770,'Gaziantep','27',1219),(4771,'Giresun','28',1219),(4772,'Gms\'hane','29',1219),(4773,'Hakkari','30',1219),(4774,'Hatay','31',1219),(4775,'Igidir','76',1219),(4776,'Isparta','32',1219),(4777,'Icel','33',1219),(4778,'Istanbul','34',1219),(4779,'Izmir','35',1219),(4780,'Kahramanmaras','46',1219),(4781,'Karabk','78',1219),(4782,'Karaman','70',1219),(4783,'Kars','36',1219),(4784,'Kastamonu','37',1219),(4785,'Kayseri','38',1219),(4786,'Kirikkale','71',1219),(4787,'Kirklareli','39',1219),(4788,'Kirs\'ehir','40',1219),(4789,'Kilis','79',1219),(4790,'Kocaeli','41',1219),(4791,'Konya','42',1219),(4792,'Ktahya','43',1219),(4793,'Malatya','44',1219),(4794,'Manisa','45',1219),(4795,'Mardin','47',1219),(4796,'Mugila','48',1219),(4797,'Mus','49',1219),(4798,'Nevs\'ehir','50',1219),(4799,'Nigide','51',1219),(4800,'Ordu','52',1219),(4801,'Osmaniye','80',1219),(4802,'Rize','53',1219),(4803,'Sakarya','54',1219),(4804,'Samsun','55',1219),(4805,'Siirt','56',1219),(4806,'Sinop','57',1219),(4807,'Sivas','58',1219),(4808,'S\'anliurfa','63',1219),(4809,'S\'rnak','73',1219),(4810,'Tekirdag','59',1219),(4811,'Tokat','60',1219),(4812,'Trabzon','61',1219),(4813,'Tunceli','62',1219),(4814,'Us\'ak','64',1219),(4815,'Van','65',1219),(4816,'Yalova','77',1219),(4817,'Yozgat','66',1219),(4818,'Zonguldak','67',1219),(4819,'Couva-Tabaquite-Talparo','CTT',1217),(4820,'Diego Martin','DMN',1217),(4821,'Eastern Tobago','ETO',1217),(4822,'Penal-Debe','PED',1217),(4823,'Princes Town','PRT',1217),(4824,'Rio Claro-Mayaro','RCM',1217),(4825,'Sangre Grande','SGE',1217),(4826,'San Juan-Laventille','SJL',1217),(4827,'Siparia','SIP',1217),(4828,'Tunapuna-Piarco','TUP',1217),(4829,'Western Tobago','WTO',1217),(4830,'Arima','ARI',1217),(4831,'Chaguanas','CHA',1217),(4832,'Point Fortin','PTF',1217),(4833,'Port of Spain','POS',1217),(4834,'San Fernando','SFO',1217),(4835,'Aileu','AL',1063),(4836,'Ainaro','AN',1063),(4837,'Bacucau','BA',1063),(4838,'Bobonaro','BO',1063),(4839,'Cova Lima','CO',1063),(4840,'Dili','DI',1063),(4841,'Ermera','ER',1063),(4842,'Laulem','LA',1063),(4843,'Liquica','LI',1063),(4844,'Manatuto','MT',1063),(4845,'Manafahi','MF',1063),(4846,'Oecussi','OE',1063),(4847,'Viqueque','VI',1063),(4848,'Changhua','CHA',1208),(4849,'Chiayi','CYQ',1208),(4850,'Hsinchu','HSQ',1208),(4851,'Hualien','HUA',1208),(4852,'Ilan','ILA',1208),(4853,'Kaohsiung','KHQ',1208),(4854,'Miaoli','MIA',1208),(4855,'Nantou','NAN',1208),(4856,'Penghu','PEN',1208),(4857,'Pingtung','PIF',1208),(4858,'Taichung','TXQ',1208),(4859,'Tainan','TNQ',1208),(4860,'Taipei','TPQ',1208),(4861,'Taitung','TTT',1208),(4862,'Taoyuan','TAO',1208),(4863,'Yunlin','YUN',1208),(4864,'Keelung','KEE',1208),(4865,'Arusha','01',1210),(4866,'Dar-es-Salaam','02',1210),(4867,'Dodoma','03',1210),(4868,'Iringa','04',1210),(4869,'Kagera','05',1210),(4870,'Kaskazini Pemba','06',1210),(4871,'Kaskazini Unguja','07',1210),(4872,'Xigoma','08',1210),(4873,'Kilimanjaro','09',1210),(4874,'Rusini Pemba','10',1210),(4875,'Kusini Unguja','11',1210),(4876,'Lindi','12',1210),(4877,'Manyara','26',1210),(4878,'Mara','13',1210),(4879,'Mbeya','14',1210),(4880,'Mjini Magharibi','15',1210),(4881,'Morogoro','16',1210),(4882,'Mtwara','17',1210),(4883,'Pwani','19',1210),(4884,'Rukwa','20',1210),(4885,'Ruvuma','21',1210),(4886,'Shinyanga','22',1210),(4887,'Singida','23',1210),(4888,'Tabora','24',1210),(4889,'Tanga','25',1210),(4890,'Cherkas\'ka Oblast\'','71',1224),(4891,'Chernihivs\'ka Oblast\'','74',1224),(4892,'Chernivets\'ka Oblast\'','77',1224),(4893,'Dnipropetrovs\'ka Oblast\'','12',1224),(4894,'Donets\'ka Oblast\'','14',1224),(4895,'Ivano-Frankivs\'ka Oblast\'','26',1224),(4896,'Kharkivs\'ka Oblast\'','63',1224),(4897,'Khersons\'ka Oblast\'','65',1224),(4898,'Khmel\'nyts\'ka Oblast\'','68',1224),(4899,'Kirovohrads\'ka Oblast\'','35',1224),(4900,'Kyivs\'ka Oblast\'','32',1224),(4901,'Luhans\'ka Oblast\'','09',1224),(4902,'L\'vivs\'ka Oblast\'','46',1224),(4903,'Mykolaivs\'ka Oblast\'','48',1224),(4904,'Odes \'ka Oblast\'','51',1224),(4905,'Poltavs\'ka Oblast\'','53',1224),(4906,'Rivnens\'ka Oblast\'','56',1224),(4907,'Sums \'ka Oblast\'','59',1224),(4908,'Ternopil\'s\'ka Oblast\'','61',1224),(4909,'Vinnyts\'ka Oblast\'','05',1224),(4910,'Volyos\'ka Oblast\'','07',1224),(4911,'Zakarpats\'ka Oblast\'','21',1224),(4912,'Zaporiz\'ka Oblast\'','23',1224),(4913,'Zhytomyrs\'ka Oblast\'','18',1224),(4914,'Respublika Krym','43',1224),(4915,'Kyiv','30',1224),(4916,'Sevastopol','40',1224),(4917,'Adjumani','301',1223),(4918,'Apac','302',1223),(4919,'Arua','303',1223),(4920,'Bugiri','201',1223),(4921,'Bundibugyo','401',1223),(4922,'Bushenyi','402',1223),(4923,'Busia','202',1223),(4924,'Gulu','304',1223),(4925,'Hoima','403',1223),(4926,'Iganga','203',1223),(4927,'Jinja','204',1223),(4928,'Kabale','404',1223),(4929,'Kabarole','405',1223),(4930,'Kaberamaido','213',1223),(4931,'Kalangala','101',1223),(4932,'Kampala','102',1223),(4933,'Kamuli','205',1223),(4934,'Kamwenge','413',1223),(4935,'Kanungu','414',1223),(4936,'Kapchorwa','206',1223),(4937,'Kasese','406',1223),(4938,'Katakwi','207',1223),(4939,'Kayunga','112',1223),(4940,'Kibaale','407',1223),(4941,'Kiboga','103',1223),(4942,'Kisoro','408',1223),(4943,'Kitgum','305',1223),(4944,'Kotido','306',1223),(4945,'Kumi','208',1223),(4946,'Kyenjojo','415',1223),(4947,'Lira','307',1223),(4948,'Luwero','104',1223),(4949,'Masaka','105',1223),(4950,'Masindi','409',1223),(4951,'Mayuge','214',1223),(4952,'Mbale','209',1223),(4953,'Mbarara','410',1223),(4954,'Moroto','308',1223),(4955,'Moyo','309',1223),(4956,'Mpigi','106',1223),(4957,'Mubende','107',1223),(4958,'Mukono','108',1223),(4959,'Nakapiripirit','311',1223),(4960,'Nakasongola','109',1223),(4961,'Nebbi','310',1223),(4962,'Ntungamo','411',1223),(4963,'Pader','312',1223),(4964,'Pallisa','210',1223),(4965,'Rakai','110',1223),(4966,'Rukungiri','412',1223),(4967,'Sembabule','111',1223),(4968,'Sironko','215',1223),(4969,'Soroti','211',1223),(4970,'Tororo','212',1223),(4971,'Wakiso','113',1223),(4972,'Yumbe','313',1223),(4973,'Baker Island','81',1227),(4974,'Howland Island','84',1227),(4975,'Jarvis Island','86',1227),(4976,'Johnston Atoll','67',1227),(4977,'Kingman Reef','89',1227),(4978,'Midway Islands','71',1227),(4979,'Navassa Island','76',1227),(4980,'Palmyra Atoll','95',1227),(4981,'Wake Ialand','79',1227),(4982,'Artigsa','AR',1229),(4983,'Canelones','CA',1229),(4984,'Cerro Largo','CL',1229),(4985,'Colonia','CO',1229),(4986,'Durazno','DU',1229),(4987,'Flores','FS',1229),(4988,'Lavalleja','LA',1229),(4989,'Maldonado','MA',1229),(4990,'Montevideo','MO',1229),(4991,'Paysandu','PA',1229),(4992,'Rivera','RV',1229),(4993,'Rocha','RO',1229),(4994,'Salto','SA',1229),(4995,'Soriano','SO',1229),(4996,'Tacuarembo','TA',1229),(4997,'Treinta y Tres','TT',1229),(4998,'Toshkent (city)','TK',1230),(4999,'Qoraqalpogiston Respublikasi','QR',1230),(5000,'Andijon','AN',1230),(5001,'Buxoro','BU',1230),(5002,'Farg\'ona','FA',1230),(5003,'Jizzax','JI',1230),(5004,'Khorazm','KH',1230),(5005,'Namangan','NG',1230),(5006,'Navoiy','NW',1230),(5007,'Qashqadaryo','QA',1230),(5008,'Samarqand','SA',1230),(5009,'Sirdaryo','SI',1230),(5010,'Surxondaryo','SU',1230),(5011,'Toshkent','TO',1230),(5012,'Xorazm','XO',1230),(5013,'Diatrito Federal','A',1232),(5014,'Anzoategui','B',1232),(5015,'Apure','C',1232),(5016,'Aragua','D',1232),(5017,'Barinas','E',1232),(5018,'Carabobo','G',1232),(5019,'Cojedes','H',1232),(5020,'Falcon','I',1232),(5021,'Guarico','J',1232),(5022,'Lara','K',1232),(5023,'Merida','L',1232),(5024,'Miranda','M',1232),(5025,'Monagas','N',1232),(5026,'Nueva Esparta','O',1232),(5027,'Portuguesa','P',1232),(5028,'Tachira','S',1232),(5029,'Trujillo','T',1232),(5030,'Vargas','X',1232),(5031,'Yaracuy','U',1232),(5032,'Zulia','V',1232),(5033,'Delta Amacuro','Y',1232),(5034,'Dependencias Federales','W',1232),(5035,'An Giang','44',1233),(5036,'Ba Ria - Vung Tau','43',1233),(5037,'Bac Can','53',1233),(5038,'Bac Giang','54',1233),(5039,'Bac Lieu','55',1233),(5040,'Bac Ninh','56',1233),(5041,'Ben Tre','50',1233),(5042,'Binh Dinh','31',1233),(5043,'Binh Duong','57',1233),(5044,'Binh Phuoc','58',1233),(5045,'Binh Thuan','40',1233),(5046,'Ca Mau','59',1233),(5047,'Can Tho','48',1233),(5048,'Cao Bang','04',1233),(5049,'Da Nang, thanh pho','60',1233),(5050,'Dong Nai','39',1233),(5051,'Dong Thap','45',1233),(5052,'Gia Lai','30',1233),(5053,'Ha Giang','03',1233),(5054,'Ha Nam','63',1233),(5055,'Ha Noi, thu do','64',1233),(5056,'Ha Tay','15',1233),(5057,'Ha Tinh','23',1233),(5058,'Hai Duong','61',1233),(5059,'Hai Phong, thanh pho','62',1233),(5060,'Hoa Binh','14',1233),(5061,'Ho Chi Minh, thanh pho [Sai Gon]','65',1233),(5062,'Hung Yen','66',1233),(5063,'Khanh Hoa','34',1233),(5064,'Kien Giang','47',1233),(5065,'Kon Tum','28',1233),(5066,'Lai Chau','01',1233),(5067,'Lam Dong','35',1233),(5068,'Lang Son','09',1233),(5069,'Lao Cai','02',1233),(5070,'Long An','41',1233),(5071,'Nam Dinh','67',1233),(5072,'Nghe An','22',1233),(5073,'Ninh Binh','18',1233),(5074,'Ninh Thuan','36',1233),(5075,'Phu Tho','68',1233),(5076,'Phu Yen','32',1233),(5077,'Quang Binh','24',1233),(5078,'Quang Nam','27',1233),(5079,'Quang Ngai','29',1233),(5080,'Quang Ninh','13',1233),(5081,'Quang Tri','25',1233),(5082,'Soc Trang','52',1233),(5083,'Son La','05',1233),(5084,'Tay Ninh','37',1233),(5085,'Thai Binh','20',1233),(5086,'Thai Nguyen','69',1233),(5087,'Thanh Hoa','21',1233),(5088,'Thua Thien-Hue','26',1233),(5089,'Tien Giang','46',1233),(5090,'Tra Vinh','51',1233),(5091,'Tuyen Quang','07',1233),(5092,'Vinh Long','49',1233),(5093,'Vinh Phuc','70',1233),(5094,'Yen Bai','06',1233),(5095,'Malampa','MAP',1231),(5096,'Penama','PAM',1231),(5097,'Sanma','SAM',1231),(5098,'Shefa','SEE',1231),(5099,'Tafea','TAE',1231),(5100,'Torba','TOB',1231),(5101,'A\'ana','AA',1185),(5102,'Aiga-i-le-Tai','AL',1185),(5103,'Atua','AT',1185),(5104,'Fa\'aaaleleaga','FA',1185),(5105,'Gaga\'emauga','GE',1185),(5106,'Gagaifomauga','GI',1185),(5107,'Palauli','PA',1185),(5108,'Satupa\'itea','SA',1185),(5109,'Tuamasaga','TU',1185),(5110,'Va\'a-o-Fonoti','VF',1185),(5111,'Vaisigano','VS',1185),(5112,'Crna Gora','CG',1238),(5113,'Srbija','SR',1238),(5114,'Kosovo-Metohija','KM',1238),(5115,'Vojvodina','VO',1238),(5116,'Abyan','AB',1237),(5117,'Adan','AD',1237),(5118,'Ad Dali','DA',1237),(5119,'Al Bayda\'','BA',1237),(5120,'Al Hudaydah','MU',1237),(5121,'Al Mahrah','MR',1237),(5122,'Al Mahwit','MW',1237),(5123,'Amran','AM',1237),(5124,'Dhamar','DH',1237),(5125,'Hadramawt','HD',1237),(5126,'Hajjah','HJ',1237),(5127,'Ibb','IB',1237),(5128,'Lahij','LA',1237),(5129,'Ma\'rib','MA',1237),(5130,'Sa\'dah','SD',1237),(5131,'San\'a\'','SN',1237),(5132,'Shabwah','SH',1237),(5133,'Ta\'izz','TA',1237),(5134,'Eastern Cape','EC',1196),(5135,'Free State','FS',1196),(5136,'Gauteng','GT',1196),(5137,'Kwazulu-Natal','NL',1196),(5138,'Mpumalanga','MP',1196),(5139,'Northern Cape','NC',1196),(5140,'Limpopo','NP',1196),(5141,'Western Cape','WC',1196),(5142,'Copperbelt','08',1239),(5143,'Luapula','04',1239),(5144,'Lusaka','09',1239),(5145,'North-Western','06',1239),(5146,'Bulawayo','BU',1240),(5147,'Harare','HA',1240),(5148,'Manicaland','MA',1240),(5149,'Mashonaland Central','MC',1240),(5150,'Mashonaland East','ME',1240),(5151,'Mashonaland West','MW',1240),(5152,'Masvingo','MV',1240),(5153,'Matabeleland North','MN',1240),(5154,'Matabeleland South','MS',1240),(5155,'Midlands','MI',1240),(5156,'South Karelia','SK',1075),(5157,'South Ostrobothnia','SO',1075),(5158,'Etel-Savo','ES',1075),(5159,'Hme','HH',1075),(5160,'It-Uusimaa','IU',1075),(5161,'Kainuu','KA',1075),(5162,'Central Ostrobothnia','CO',1075),(5163,'Central Finland','CF',1075),(5164,'Kymenlaakso','KY',1075),(5165,'Lapland','LA',1075),(5166,'Tampere Region','TR',1075),(5167,'Ostrobothnia','OB',1075),(5168,'North Karelia','NK',1075),(5169,'Nothern Ostrobothnia','NO',1075),(5170,'Northern Savo','NS',1075),(5171,'Pijt-Hme','PH',1075),(5172,'Satakunta','SK',1075),(5173,'Uusimaa','UM',1075),(5174,'South-West Finland','SW',1075),(5175,'land','AL',1075),(5176,'Limburg','LI',1152),(9000,'North West','NW',1196),(9986,'Tyne and Wear','xTYW',1226),(9987,'Isle of Man','xIOM',1226),(9988,'Greater Manchester','xGMA',1226),(9989,'Co Tyrone','xTYR',1226),(9990,'West Yorkshire','xWYO',1226),(9991,'South Yorkshire','xSYO',1226),(9992,'Merseyside','xMSD',1226),(9993,'Berkshire','xBRK',1226),(9994,'West Midlands','xWMD',1226),(9995,'Inverness','xIVN',1226),(9996,'Avon','xAVN',1226),(9997,'Middlesex','xMDX',1226),(9998,'West Glamorgan','xWGM',1226),(9999,'London','xLON',1226);
UNLOCK TABLES;
/*!40000 ALTER TABLE `civicrm_state_province` ENABLE KEYS */;

--
-- Dumping data for table `civicrm_subscription_history`
--


/*!40000 ALTER TABLE `civicrm_subscription_history` DISABLE KEYS */;
LOCK TABLES `civicrm_subscription_history` WRITE;
INSERT INTO `civicrm_subscription_history` (`id`, `contact_id`, `group_id`, `date`, `method`, `status`, `tracking`) VALUES (1,21,2,'2006-08-27 03:07:14','Email','Pending',NULL),(2,79,2,'2007-03-21 03:09:35','Admin','Pending',NULL),(3,90,2,'2006-09-26 02:31:24','Email','Added',NULL),(4,83,2,'2007-05-28 05:15:31','Admin','Pending',NULL),(5,56,2,'2006-12-20 01:32:53','Admin','Added',NULL),(6,39,2,'2007-05-25 03:21:46','Email','Added',NULL),(7,4,2,'2006-12-23 04:16:06','Admin','Removed',NULL),(8,68,2,'2007-06-10 06:06:31','Email','Removed',NULL),(9,13,2,'2007-03-07 04:50:52','Admin','Added',NULL),(10,91,2,'2006-11-04 03:55:10','Admin','Added',NULL),(11,27,2,'2006-10-03 08:25:30','Email','Removed',NULL),(12,69,2,'2007-06-13 09:24:23','Admin','Pending',NULL),(13,54,2,'2006-08-21 01:51:56','Email','Added',NULL),(14,42,2,'2007-06-13 04:08:51','Admin','Pending',NULL),(15,96,2,'2006-08-23 03:55:03','Email','Pending',NULL),(16,23,2,'2006-12-17 09:13:50','Email','Added',NULL),(17,29,2,'2007-02-20 10:14:25','Admin','Pending',NULL),(18,35,2,'2006-10-12 05:12:25','Email','Added',NULL),(19,74,2,'2006-06-30 04:14:58','Admin','Added',NULL),(20,44,2,'2006-10-31 10:03:06','Admin','Pending',NULL),(21,63,2,'2006-09-29 08:19:07','Admin','Added',NULL),(22,8,2,'2007-02-08 11:59:26','Admin','Pending',NULL),(23,61,2,'2006-12-25 03:23:36','Email','Added',NULL),(24,26,2,'2006-12-26 02:45:08','Email','Added',NULL),(25,11,2,'2007-03-16 01:31:58','Admin','Added',NULL),(26,19,2,'2006-08-08 03:22:11','Admin','Pending',NULL),(27,73,2,'2006-10-08 07:23:29','Admin','Added',NULL),(28,47,2,'2006-07-15 02:56:30','Email','Pending',NULL),(29,10,2,'2007-01-08 10:26:42','Admin','Removed',NULL),(30,38,2,'2007-01-10 02:57:52','Admin','Added',NULL),(31,53,2,'2006-08-24 04:17:52','Admin','Added',NULL),(32,31,2,'2007-04-19 09:55:36','Admin','Removed',NULL),(33,75,2,'2007-04-19 07:19:59','Email','Pending',NULL),(34,85,2,'2006-12-20 07:18:43','Admin','Pending',NULL),(35,77,2,'2006-10-30 04:38:34','Admin','Pending',NULL),(36,17,2,'2006-07-22 06:57:29','Admin','Removed',NULL),(37,30,2,'2006-11-02 03:34:49','Email','Added',NULL),(38,34,2,'2006-10-10 03:50:11','Admin','Added',NULL),(39,66,2,'2007-01-24 08:28:34','Admin','Removed',NULL),(40,88,2,'2007-03-01 04:12:41','Email','Removed',NULL),(41,40,2,'2006-07-11 05:15:44','Admin','Removed',NULL),(42,2,2,'2006-09-04 11:00:12','Admin','Removed',NULL),(43,18,2,'2007-01-25 12:47:07','Email','Added',NULL),(44,81,2,'2007-03-06 09:03:25','Email','Added',NULL),(45,36,2,'2007-06-03 06:38:55','Admin','Pending',NULL),(46,16,2,'2007-05-14 03:34:06','Email','Removed',NULL),(47,58,2,'2006-07-05 11:46:45','Admin','Pending',NULL),(48,70,2,'2006-10-19 10:50:59','Email','Added',NULL),(49,87,2,'2006-10-30 11:35:53','Email','Removed',NULL),(50,37,2,'2006-12-12 04:25:45','Email','Added',NULL),(51,97,2,'2007-03-26 04:44:01','Admin','Added',NULL),(52,72,2,'2007-04-25 12:59:04','Admin','Added',NULL),(53,76,2,'2006-12-17 09:24:05','Email','Removed',NULL),(54,41,2,'2006-12-07 05:01:37','Admin','Added',NULL),(55,15,2,'2006-08-28 10:41:25','Admin','Pending',NULL),(56,80,2,'2007-02-10 09:55:39','Email','Removed',NULL),(57,22,2,'2006-09-30 01:40:25','Email','Removed',NULL),(58,67,2,'2007-06-24 02:58:06','Admin','Added',NULL),(59,84,2,'2007-05-18 05:12:20','Admin','Added',NULL),(60,25,2,'2006-09-17 04:47:54','Email','Removed',NULL),(61,48,3,'2006-10-09 12:44:48','Admin','Added',NULL),(62,99,3,'2006-08-01 11:46:05','Email','Removed',NULL),(63,71,3,'2007-04-07 06:35:58','Admin','Removed',NULL),(64,50,3,'2007-01-31 09:17:35','Email','Removed',NULL),(65,32,3,'2007-06-04 02:28:54','Admin','Added',NULL),(66,14,3,'2007-03-02 06:48:04','Admin','Pending',NULL),(67,45,3,'2007-06-07 07:15:25','Admin','Pending',NULL),(68,46,3,'2007-02-17 06:40:07','Admin','Removed',NULL),(69,65,3,'2006-11-30 04:41:59','Email','Removed',NULL),(70,55,3,'2006-12-18 12:08:04','Admin','Pending',NULL),(71,52,3,'2007-01-30 12:18:30','Admin','Added',NULL),(72,82,3,'2007-06-03 06:16:42','Email','Pending',NULL),(73,20,3,'2006-10-27 12:34:02','Admin','Removed',NULL),(74,101,3,'2007-01-08 09:27:02','Admin','Pending',NULL),(75,92,3,'2007-04-15 08:21:24','Email','Pending',NULL),(76,21,4,'2006-07-15 04:07:03','Admin','Added',NULL),(77,68,4,'2007-01-15 09:35:01','Admin','Removed',NULL),(78,96,4,'2006-11-29 12:46:51','Email','Removed',NULL),(79,8,4,'2007-01-21 02:03:21','Admin','Added',NULL),(80,10,4,'2007-05-28 12:22:08','Admin','Added',NULL),(81,17,4,'2006-11-05 05:52:51','Admin','Removed',NULL),(82,18,4,'2007-04-13 03:43:33','Admin','Pending',NULL),(83,37,4,'2006-12-07 10:30:19','Email','Added',NULL);
UNLOCK TABLES;
/*!40000 ALTER TABLE `civicrm_subscription_history` ENABLE KEYS */;

--
-- Dumping data for table `civicrm_tag`
--


/*!40000 ALTER TABLE `civicrm_tag` DISABLE KEYS */;
LOCK TABLES `civicrm_tag` WRITE;
INSERT INTO `civicrm_tag` (`id`, `domain_id`, `name`, `description`, `parent_id`) VALUES (1,1,'Non-profit','Any not-for-profit organization.',NULL),(2,1,'Company','For-profit organization.',NULL),(3,1,'Government Entity','Any governmental entity.',NULL),(4,1,'Major Donor','High-value supporter of our organization.',NULL),(5,1,'Volunteer','Active volunteers.',NULL);
UNLOCK TABLES;
/*!40000 ALTER TABLE `civicrm_tag` ENABLE KEYS */;

--
-- Dumping data for table `civicrm_task`
--


/*!40000 ALTER TABLE `civicrm_task` DISABLE KEYS */;
LOCK TABLES `civicrm_task` WRITE;
UNLOCK TABLES;
/*!40000 ALTER TABLE `civicrm_task` ENABLE KEYS */;

--
-- Dumping data for table `civicrm_task_status`
--


/*!40000 ALTER TABLE `civicrm_task_status` DISABLE KEYS */;
LOCK TABLES `civicrm_task_status` WRITE;
UNLOCK TABLES;
/*!40000 ALTER TABLE `civicrm_task_status` ENABLE KEYS */;

--
-- Dumping data for table `civicrm_timezone`
--


/*!40000 ALTER TABLE `civicrm_timezone` DISABLE KEYS */;
LOCK TABLES `civicrm_timezone` WRITE;
UNLOCK TABLES;
/*!40000 ALTER TABLE `civicrm_timezone` ENABLE KEYS */;

--
-- Dumping data for table `civicrm_uf_field`
--


/*!40000 ALTER TABLE `civicrm_uf_field` DISABLE KEYS */;
LOCK TABLES `civicrm_uf_field` WRITE;
INSERT INTO `civicrm_uf_field` (`id`, `uf_group_id`, `field_name`, `is_active`, `is_view`, `is_required`, `weight`, `help_post`, `visibility`, `in_selector`, `is_searchable`, `location_type_id`, `phone_type`, `label`, `field_type`) VALUES (1,1,'first_name',1,0,1,1,'','Public User Pages and Listings',0,1,NULL,NULL,'First Name','Individual'),(2,1,'last_name',1,0,1,2,'First and last name will be shared with other visitors to the site.','Public User Pages and Listings',0,1,NULL,NULL,'Last Name','Individual'),(3,1,'street_address',1,0,0,3,'','User and User Admin Only',0,0,1,NULL,'Street Address (Home)','Individual'),(4,1,'city',1,0,0,4,'','User and User Admin Only',0,0,1,NULL,'City (Home)','Individual'),(5,1,'postal_code',1,0,0,5,'','User and User Admin Only',0,0,1,NULL,'Postal Code (Home)','Individual'),(6,1,'state_province',1,0,0,6,'Your state/province and country of residence will be shared with others so folks can find others in their community.','Public User Pages and Listings',1,1,1,NULL,'State (Home)','Individual'),(7,1,'country',1,0,0,7,'','Public User Pages and Listings',0,1,1,NULL,'Country (Home)','Individual');
UNLOCK TABLES;
/*!40000 ALTER TABLE `civicrm_uf_field` ENABLE KEYS */;

--
-- Dumping data for table `civicrm_uf_group`
--


/*!40000 ALTER TABLE `civicrm_uf_group` DISABLE KEYS */;
LOCK TABLES `civicrm_uf_group` WRITE;
INSERT INTO `civicrm_uf_group` (`id`, `domain_id`, `is_active`, `form_type`, `title`, `collapse_display`, `help_pre`, `help_post`, `limit_listings_group_id`, `post_URL`, `add_to_group_id`, `add_captcha`, `is_map`, `is_edit_link`, `is_uf_link`, `is_update_dupe`, `cancel_URL`, `is_cms_user`, `notify`) VALUES (1,1,1,'CiviCRM Profile','Name and Address',0,'',NULL,NULL,NULL,NULL,0,0,0,0,0,NULL,0,NULL);
UNLOCK TABLES;
/*!40000 ALTER TABLE `civicrm_uf_group` ENABLE KEYS */;

--
-- Dumping data for table `civicrm_uf_join`
--


/*!40000 ALTER TABLE `civicrm_uf_join` DISABLE KEYS */;
LOCK TABLES `civicrm_uf_join` WRITE;
INSERT INTO `civicrm_uf_join` (`id`, `is_active`, `module`, `entity_table`, `entity_id`, `weight`, `uf_group_id`) VALUES (1,1,'User Registration','',0,1,1),(2,1,'User Account','',0,1,1),(3,1,'Profile','',0,1,1);
UNLOCK TABLES;
/*!40000 ALTER TABLE `civicrm_uf_join` ENABLE KEYS */;

--
-- Dumping data for table `civicrm_uf_match`
--


/*!40000 ALTER TABLE `civicrm_uf_match` DISABLE KEYS */;
LOCK TABLES `civicrm_uf_match` WRITE;
UNLOCK TABLES;
/*!40000 ALTER TABLE `civicrm_uf_match` ENABLE KEYS */;

--
-- Dumping data for table `civicrm_validation`
--


/*!40000 ALTER TABLE `civicrm_validation` DISABLE KEYS */;
LOCK TABLES `civicrm_validation` WRITE;
UNLOCK TABLES;
/*!40000 ALTER TABLE `civicrm_validation` ENABLE KEYS */;

--
-- Dumping data for table `civicrm_worldregion`
--


/*!40000 ALTER TABLE `civicrm_worldregion` DISABLE KEYS */;
LOCK TABLES `civicrm_worldregion` WRITE;
INSERT INTO `civicrm_worldregion` (`id`, `name`) VALUES (1,'Europe and Central Asia'),(2,'South America, North America and Carribean'),(3,'Middle East and North Africa'),(4,'Asia-Pacific'),(5,'Central and South Africa');
UNLOCK TABLES;
/*!40000 ALTER TABLE `civicrm_worldregion` ENABLE KEYS */;
/*!40103 SET TIME_ZONE=@OLD_TIME_ZONE */;

/*!40101 SET SQL_MODE=@OLD_SQL_MODE */;
/*!40014 SET FOREIGN_KEY_CHECKS=@OLD_FOREIGN_KEY_CHECKS */;
/*!40014 SET UNIQUE_CHECKS=@OLD_UNIQUE_CHECKS */;
/*!40101 SET CHARACTER_SET_CLIENT=@OLD_CHARACTER_SET_CLIENT */;
/*!40101 SET CHARACTER_SET_RESULTS=@OLD_CHARACTER_SET_RESULTS */;
/*!40101 SET COLLATION_CONNECTION=@OLD_COLLATION_CONNECTION */;
/*!40111 SET SQL_NOTES=@OLD_SQL_NOTES */;

