-- MySQL dump 10.11
--
-- Host: localhost    Database: civicrmreport
-- ------------------------------------------------------
-- Server version	5.0.38-Ubuntu_0ubuntu1.2-log

/*!40101 SET @OLD_CHARACTER_SET_CLIENT=@@CHARACTER_SET_CLIENT */;
/*!40101 SET @OLD_CHARACTER_SET_RESULTS=@@CHARACTER_SET_RESULTS */;
/*!40101 SET @OLD_COLLATION_CONNECTION=@@COLLATION_CONNECTION */;
/*!40101 SET NAMES utf8 */;
/*!40103 SET @OLD_TIME_ZONE=@@TIME_ZONE */;
/*!40103 SET TIME_ZONE='+00:00' */;
/*!40014 SET @OLD_UNIQUE_CHECKS=@@UNIQUE_CHECKS, UNIQUE_CHECKS=0 */;
/*!40014 SET @OLD_FOREIGN_KEY_CHECKS=@@FOREIGN_KEY_CHECKS, FOREIGN_KEY_CHECKS=0 */;
/*!40101 SET @OLD_SQL_MODE=@@SQL_MODE, SQL_MODE='NO_AUTO_VALUE_ON_ZERO' */;
/*!40111 SET @OLD_SQL_NOTES=@@SQL_NOTES, SQL_NOTES=0 */;

--
-- Dumping data for table `civicrm_acl`
--

LOCK TABLES `civicrm_acl` WRITE;
/*!40000 ALTER TABLE `civicrm_acl` DISABLE KEYS */;
INSERT INTO `civicrm_acl` (`id`, `name`, `deny`, `entity_table`, `entity_id`, `operation`, `object_table`, `object_id`, `acl_table`, `acl_id`, `is_active`) VALUES (1,'Edit All Contacts',0,'civicrm_acl_role',1,'Edit','civicrm_saved_search',0,NULL,NULL,1),(2,'Core ACL',0,'civicrm_acl_role',0,'All','access CiviMail subscribe/unsubscribe pages',NULL,NULL,NULL,1),(3,'Core ACL',0,'civicrm_acl_role',0,'All','access all custom data',NULL,NULL,NULL,1),(4,'Core ACL',0,'civicrm_acl_role',0,'All','make online contributions',NULL,NULL,NULL,1),(5,'Core ACL',0,'civicrm_acl_role',0,'All','make online pledges',NULL,NULL,NULL,1),(6,'Core ACL',0,'civicrm_acl_role',0,'All','profile listings and forms',NULL,NULL,NULL,1),(7,'Core ACL',0,'civicrm_acl_role',0,'All','register for events',NULL,NULL,NULL,1),(8,'Core ACL',0,'civicrm_acl_role',1,'All','access CiviCRM',NULL,NULL,NULL,1),(9,'Core ACL',0,'civicrm_acl_role',1,'All','access CiviContribute',NULL,NULL,NULL,1),(10,'Core ACL',0,'civicrm_acl_role',1,'All','access CiviEvent',NULL,NULL,NULL,1),(11,'Core ACL',0,'civicrm_acl_role',1,'All','access CiviMail',NULL,NULL,NULL,1),(12,'Core ACL',0,'civicrm_acl_role',1,'All','access CiviMail subscribe/unsubscribe pages',NULL,NULL,NULL,1),(13,'Core ACL',0,'civicrm_acl_role',1,'All','access CiviMember',NULL,NULL,NULL,1),(14,'Core ACL',0,'civicrm_acl_role',1,'All','access CiviPledge',NULL,NULL,NULL,1),(15,'Core ACL',0,'civicrm_acl_role',1,'All','access CiviCase',NULL,NULL,NULL,1),(16,'Core ACL',0,'civicrm_acl_role',1,'All','access CiviGrant',NULL,NULL,NULL,1),(17,'Core ACL',0,'civicrm_acl_role',1,'All','access Contact Dashboard',NULL,NULL,NULL,1),(18,'Core ACL',0,'civicrm_acl_role',1,'All','translate CiviCRM',NULL,NULL,NULL,1),(19,'Core ACL',0,'civicrm_acl_role',1,'All','edit grants',NULL,NULL,NULL,1),(20,'Core ACL',0,'civicrm_acl_role',1,'All','access all custom data',NULL,NULL,NULL,1),(21,'Core ACL',0,'civicrm_acl_role',1,'All','access uploaded files',NULL,NULL,NULL,1),(22,'Core ACL',0,'civicrm_acl_role',1,'All','add contacts',NULL,NULL,NULL,1),(23,'Core ACL',0,'civicrm_acl_role',1,'All','administer CiviCRM',NULL,NULL,NULL,1),(24,'Core ACL',0,'civicrm_acl_role',1,'All','edit all contacts',NULL,NULL,NULL,1),(25,'Core ACL',0,'civicrm_acl_role',1,'All','edit contributions',NULL,NULL,NULL,1),(26,'Core ACL',0,'civicrm_acl_role',1,'All','edit event participants',NULL,NULL,NULL,1),(27,'Core ACL',0,'civicrm_acl_role',1,'All','edit groups',NULL,NULL,NULL,1),(28,'Core ACL',0,'civicrm_acl_role',1,'All','edit memberships',NULL,NULL,NULL,1),(29,'Core ACL',0,'civicrm_acl_role',1,'All','edit pledges',NULL,NULL,NULL,1),(30,'Core ACL',0,'civicrm_acl_role',1,'All','import contacts',NULL,NULL,NULL,1),(31,'Core ACL',0,'civicrm_acl_role',1,'All','make online contributions',NULL,NULL,NULL,1),(32,'Core ACL',0,'civicrm_acl_role',1,'All','make online pledges',NULL,NULL,NULL,1),(33,'Core ACL',0,'civicrm_acl_role',1,'All','profile listings and forms',NULL,NULL,NULL,1),(34,'Core ACL',0,'civicrm_acl_role',1,'All','register for events',NULL,NULL,NULL,1),(35,'Core ACL',0,'civicrm_acl_role',1,'All','view all activities',NULL,NULL,NULL,1),(36,'Core ACL',0,'civicrm_acl_role',1,'All','view all contacts',NULL,NULL,NULL,1),(37,'Core ACL',0,'civicrm_acl_role',1,'All','view event info',NULL,NULL,NULL,1),(38,'Core ACL',0,'civicrm_acl_role',1,'All','view event participants',NULL,NULL,NULL,1),(39,'Core ACL',0,'civicrm_acl_role',2,'All','access CiviMail subscribe/unsubscribe pages',NULL,NULL,NULL,1),(40,'Core ACL',0,'civicrm_acl_role',2,'All','access all custom data',NULL,NULL,NULL,1),(41,'Core ACL',0,'civicrm_acl_role',2,'All','make online contributions',NULL,NULL,NULL,1),(42,'Core ACL',0,'civicrm_acl_role',2,'All','make online pledges',NULL,NULL,NULL,1),(43,'Core ACL',0,'civicrm_acl_role',2,'All','profile listings and forms',NULL,NULL,NULL,1),(44,'Core ACL',0,'civicrm_acl_role',2,'All','register for events',NULL,NULL,NULL,1),(45,'Core ACL',0,'civicrm_acl_role',2,'All','view event info',NULL,NULL,NULL,1);
/*!40000 ALTER TABLE `civicrm_acl` ENABLE KEYS */;
UNLOCK TABLES;

--
-- Dumping data for table `civicrm_acl_cache`
--

LOCK TABLES `civicrm_acl_cache` WRITE;
/*!40000 ALTER TABLE `civicrm_acl_cache` DISABLE KEYS */;
/*!40000 ALTER TABLE `civicrm_acl_cache` ENABLE KEYS */;
UNLOCK TABLES;

--
-- Dumping data for table `civicrm_acl_entity_role`
--

LOCK TABLES `civicrm_acl_entity_role` WRITE;
/*!40000 ALTER TABLE `civicrm_acl_entity_role` DISABLE KEYS */;
INSERT INTO `civicrm_acl_entity_role` (`id`, `acl_role_id`, `entity_table`, `entity_id`, `is_active`) VALUES (1,1,'civicrm_group',1,1);
/*!40000 ALTER TABLE `civicrm_acl_entity_role` ENABLE KEYS */;
UNLOCK TABLES;

--
-- Dumping data for table `civicrm_activity`
--

LOCK TABLES `civicrm_activity` WRITE;
/*!40000 ALTER TABLE `civicrm_activity` DISABLE KEYS */;
INSERT INTO `civicrm_activity` (`id`, `source_contact_id`, `source_record_id`, `activity_type_id`, `subject`, `activity_date_time`, `due_date_time`, `duration`, `location`, `phone_id`, `phone_number`, `details`, `status_id`, `priority_id`, `parent_id`, `is_test`, `medium_id`, `is_auto`, `relationship_id`, `is_current_revision`, `original_id`, `is_deleted`) VALUES (1,19,NULL,7,'Subject for Membership Signup','2009-05-08 05:04:27',NULL,5,NULL,NULL,NULL,NULL,2,NULL,NULL,0,NULL,0,NULL,1,NULL,0),(2,19,NULL,7,'Subject for Membership Signup','2009-01-12 02:14:09',NULL,4,NULL,NULL,NULL,NULL,2,NULL,NULL,0,NULL,0,NULL,1,NULL,0),(3,19,NULL,7,'Subject for Membership Signup','2008-09-22 11:07:27',NULL,1,NULL,NULL,NULL,NULL,2,NULL,NULL,0,NULL,0,NULL,1,NULL,0),(4,19,NULL,9,'Subject for Tell a Friend','2008-12-28 03:33:52',NULL,4,NULL,NULL,NULL,NULL,2,NULL,NULL,0,NULL,0,NULL,1,NULL,0),(5,19,NULL,10,'Subject for Pledge Acknowledgment','2009-05-19 07:24:13',NULL,2,NULL,NULL,NULL,NULL,2,NULL,NULL,0,NULL,0,NULL,1,NULL,0),(6,19,NULL,9,'Subject for Tell a Friend','2009-02-01 05:21:15',NULL,3,NULL,NULL,NULL,NULL,2,NULL,NULL,0,NULL,0,NULL,1,NULL,0),(7,19,NULL,10,'Subject for Pledge Acknowledgment','2008-12-31 03:16:29',NULL,4,NULL,NULL,NULL,NULL,2,NULL,NULL,0,NULL,0,NULL,1,NULL,0),(8,19,NULL,7,'Subject for Membership Signup','2009-02-23 10:53:53',NULL,1,NULL,NULL,NULL,NULL,2,NULL,NULL,0,NULL,0,NULL,1,NULL,0),(9,19,NULL,10,'Subject for Pledge Acknowledgment','2008-11-07 06:16:54',NULL,3,NULL,NULL,NULL,NULL,2,NULL,NULL,0,NULL,0,NULL,1,NULL,0),(10,19,NULL,9,'Subject for Tell a Friend','2008-07-09 06:48:49',NULL,5,NULL,NULL,NULL,NULL,2,NULL,NULL,0,NULL,0,NULL,1,NULL,0),(11,19,NULL,9,'Subject for Tell a Friend','2008-10-27 09:34:52',NULL,2,NULL,NULL,NULL,NULL,2,NULL,NULL,0,NULL,0,NULL,1,NULL,0),(12,19,NULL,8,'Subject for Membership Renewal','2008-07-16 09:38:02',NULL,4,NULL,NULL,NULL,NULL,2,NULL,NULL,0,NULL,0,NULL,1,NULL,0),(13,19,NULL,9,'Subject for Tell a Friend','2008-11-29 11:03:15',NULL,1,NULL,NULL,NULL,NULL,2,NULL,NULL,0,NULL,0,NULL,1,NULL,0),(14,19,NULL,7,'Subject for Membership Signup','2008-11-04 12:21:36',NULL,2,NULL,NULL,NULL,NULL,2,NULL,NULL,0,NULL,0,NULL,1,NULL,0),(15,19,NULL,7,'Subject for Membership Signup','2008-09-07 03:04:36',NULL,3,NULL,NULL,NULL,NULL,2,NULL,NULL,0,NULL,0,NULL,1,NULL,0),(16,19,NULL,10,'Subject for Pledge Acknowledgment','2008-09-22 02:47:26',NULL,4,NULL,NULL,NULL,NULL,2,NULL,NULL,0,NULL,0,NULL,1,NULL,0),(17,19,NULL,8,'Subject for Membership Renewal','2009-01-21 04:05:41',NULL,3,NULL,NULL,NULL,NULL,2,NULL,NULL,0,NULL,0,NULL,1,NULL,0),(18,19,NULL,7,'Subject for Membership Signup','2008-10-24 02:12:52',NULL,2,NULL,NULL,NULL,NULL,2,NULL,NULL,0,NULL,0,NULL,1,NULL,0),(19,19,NULL,10,'Subject for Pledge Acknowledgment','2009-05-06 09:46:06',NULL,4,NULL,NULL,NULL,NULL,2,NULL,NULL,0,NULL,0,NULL,1,NULL,0),(20,19,NULL,10,'Subject for Pledge Acknowledgment','2008-07-18 08:39:45',NULL,6,NULL,NULL,NULL,NULL,2,NULL,NULL,0,NULL,0,NULL,1,NULL,0),(21,19,NULL,10,'Subject for Pledge Acknowledgment','2008-07-02 01:58:30',NULL,1,NULL,NULL,NULL,NULL,2,NULL,NULL,0,NULL,0,NULL,1,NULL,0),(22,19,NULL,8,'Subject for Membership Renewal','2008-07-14 06:37:02',NULL,4,NULL,NULL,NULL,NULL,2,NULL,NULL,0,NULL,0,NULL,1,NULL,0),(23,19,NULL,7,'Subject for Membership Signup','2009-01-28 04:25:42',NULL,1,NULL,NULL,NULL,NULL,2,NULL,NULL,0,NULL,0,NULL,1,NULL,0),(24,19,NULL,9,'Subject for Tell a Friend','2009-04-03 02:09:54',NULL,5,NULL,NULL,NULL,NULL,2,NULL,NULL,0,NULL,0,NULL,1,NULL,0),(25,19,NULL,7,'Subject for Membership Signup','2008-07-16 12:20:17',NULL,4,NULL,NULL,NULL,NULL,2,NULL,NULL,0,NULL,0,NULL,1,NULL,0),(26,19,NULL,7,'Subject for Membership Signup','2008-10-23 02:11:32',NULL,4,NULL,NULL,NULL,NULL,2,NULL,NULL,0,NULL,0,NULL,1,NULL,0),(27,19,NULL,7,'Subject for Membership Signup','2009-05-12 07:45:24',NULL,1,NULL,NULL,NULL,NULL,2,NULL,NULL,0,NULL,0,NULL,1,NULL,0),(28,19,NULL,7,'Subject for Membership Signup','2009-01-18 09:39:00',NULL,6,NULL,NULL,NULL,NULL,2,NULL,NULL,0,NULL,0,NULL,1,NULL,0),(29,19,NULL,10,'Subject for Pledge Acknowledgment','2009-01-23 03:11:44',NULL,3,NULL,NULL,NULL,NULL,2,NULL,NULL,0,NULL,0,NULL,1,NULL,0),(30,19,NULL,8,'Subject for Membership Renewal','2009-03-10 09:24:06',NULL,6,NULL,NULL,NULL,NULL,2,NULL,NULL,0,NULL,0,NULL,1,NULL,0),(31,19,NULL,9,'Subject for Tell a Friend','2008-11-07 01:41:52',NULL,5,NULL,NULL,NULL,NULL,2,NULL,NULL,0,NULL,0,NULL,1,NULL,0),(32,19,NULL,7,'Subject for Membership Signup','2008-07-19 03:55:47',NULL,5,NULL,NULL,NULL,NULL,2,NULL,NULL,0,NULL,0,NULL,1,NULL,0),(33,19,NULL,8,'Subject for Membership Renewal','2008-11-21 06:47:50',NULL,3,NULL,NULL,NULL,NULL,2,NULL,NULL,0,NULL,0,NULL,1,NULL,0),(34,19,NULL,10,'Subject for Pledge Acknowledgment','2008-12-08 02:31:41',NULL,5,NULL,NULL,NULL,NULL,2,NULL,NULL,0,NULL,0,NULL,1,NULL,0),(35,19,NULL,9,'Subject for Tell a Friend','2008-05-27 07:50:40',NULL,2,NULL,NULL,NULL,NULL,2,NULL,NULL,0,NULL,0,NULL,1,NULL,0),(36,19,NULL,9,'Subject for Tell a Friend','2008-08-28 07:20:28',NULL,1,NULL,NULL,NULL,NULL,2,NULL,NULL,0,NULL,0,NULL,1,NULL,0),(37,19,NULL,10,'Subject for Pledge Acknowledgment','2008-11-05 01:31:45',NULL,6,NULL,NULL,NULL,NULL,2,NULL,NULL,0,NULL,0,NULL,1,NULL,0),(38,19,NULL,9,'Subject for Tell a Friend','2008-12-13 08:50:25',NULL,2,NULL,NULL,NULL,NULL,2,NULL,NULL,0,NULL,0,NULL,1,NULL,0),(39,19,NULL,7,'Subject for Membership Signup','2008-11-11 01:38:41',NULL,6,NULL,NULL,NULL,NULL,2,NULL,NULL,0,NULL,0,NULL,1,NULL,0),(40,19,NULL,9,'Subject for Tell a Friend','2008-11-15 01:49:43',NULL,6,NULL,NULL,NULL,NULL,2,NULL,NULL,0,NULL,0,NULL,1,NULL,0),(41,19,NULL,10,'Subject for Pledge Acknowledgment','2008-08-24 06:00:00',NULL,4,NULL,NULL,NULL,NULL,2,NULL,NULL,0,NULL,0,NULL,1,NULL,0),(42,19,NULL,9,'Subject for Tell a Friend','2009-05-08 01:41:14',NULL,2,NULL,NULL,NULL,NULL,2,NULL,NULL,0,NULL,0,NULL,1,NULL,0),(43,19,NULL,9,'Subject for Tell a Friend','2008-09-20 12:54:27',NULL,4,NULL,NULL,NULL,NULL,2,NULL,NULL,0,NULL,0,NULL,1,NULL,0),(44,19,NULL,10,'Subject for Pledge Acknowledgment','2008-10-02 03:17:11',NULL,6,NULL,NULL,NULL,NULL,2,NULL,NULL,0,NULL,0,NULL,1,NULL,0),(45,19,NULL,9,'Subject for Tell a Friend','2009-02-07 01:01:13',NULL,4,NULL,NULL,NULL,NULL,2,NULL,NULL,0,NULL,0,NULL,1,NULL,0),(46,19,NULL,7,'Subject for Membership Signup','2008-05-31 01:19:58',NULL,1,NULL,NULL,NULL,NULL,2,NULL,NULL,0,NULL,0,NULL,1,NULL,0),(47,19,NULL,8,'Subject for Membership Renewal','2009-04-16 11:25:44',NULL,3,NULL,NULL,NULL,NULL,2,NULL,NULL,0,NULL,0,NULL,1,NULL,0),(48,19,NULL,9,'Subject for Tell a Friend','2008-06-10 05:27:43',NULL,2,NULL,NULL,NULL,NULL,2,NULL,NULL,0,NULL,0,NULL,1,NULL,0),(49,19,NULL,7,'Subject for Membership Signup','2008-07-31 11:00:56',NULL,3,NULL,NULL,NULL,NULL,2,NULL,NULL,0,NULL,0,NULL,1,NULL,0),(50,19,NULL,10,'Subject for Pledge Acknowledgment','2008-06-27 02:29:01',NULL,4,NULL,NULL,NULL,NULL,2,NULL,NULL,0,NULL,0,NULL,1,NULL,0),(51,19,NULL,10,'Subject for Pledge Acknowledgment','2008-11-07 09:27:22',NULL,6,NULL,NULL,NULL,NULL,2,NULL,NULL,0,NULL,0,NULL,1,NULL,0),(52,19,NULL,7,'Subject for Membership Signup','2008-11-14 01:04:45',NULL,1,NULL,NULL,NULL,NULL,2,NULL,NULL,0,NULL,0,NULL,1,NULL,0),(53,19,NULL,10,'Subject for Pledge Acknowledgment','2008-10-13 08:36:28',NULL,4,NULL,NULL,NULL,NULL,2,NULL,NULL,0,NULL,0,NULL,1,NULL,0),(54,19,NULL,10,'Subject for Pledge Acknowledgment','2008-09-16 07:37:53',NULL,6,NULL,NULL,NULL,NULL,2,NULL,NULL,0,NULL,0,NULL,1,NULL,0),(55,19,NULL,9,'Subject for Tell a Friend','2008-07-10 06:32:46',NULL,2,NULL,NULL,NULL,NULL,2,NULL,NULL,0,NULL,0,NULL,1,NULL,0),(56,19,NULL,8,'Subject for Membership Renewal','2008-08-30 01:02:04',NULL,6,NULL,NULL,NULL,NULL,2,NULL,NULL,0,NULL,0,NULL,1,NULL,0),(57,19,NULL,9,'Subject for Tell a Friend','2008-10-10 06:55:48',NULL,1,NULL,NULL,NULL,NULL,2,NULL,NULL,0,NULL,0,NULL,1,NULL,0),(58,19,NULL,7,'Subject for Membership Signup','2009-02-13 02:48:13',NULL,6,NULL,NULL,NULL,NULL,2,NULL,NULL,0,NULL,0,NULL,1,NULL,0),(59,19,NULL,10,'Subject for Pledge Acknowledgment','2009-04-16 01:35:53',NULL,5,NULL,NULL,NULL,NULL,2,NULL,NULL,0,NULL,0,NULL,1,NULL,0),(60,19,NULL,7,'Subject for Membership Signup','2009-04-03 07:43:32',NULL,4,NULL,NULL,NULL,NULL,2,NULL,NULL,0,NULL,0,NULL,1,NULL,0),(61,19,NULL,9,'Subject for Tell a Friend','2008-11-29 06:31:03',NULL,4,NULL,NULL,NULL,NULL,2,NULL,NULL,0,NULL,0,NULL,1,NULL,0),(62,19,NULL,7,'Subject for Membership Signup','2009-02-19 09:48:30',NULL,6,NULL,NULL,NULL,NULL,2,NULL,NULL,0,NULL,0,NULL,1,NULL,0),(63,19,NULL,9,'Subject for Tell a Friend','2008-07-24 11:02:13',NULL,5,NULL,NULL,NULL,NULL,2,NULL,NULL,0,NULL,0,NULL,1,NULL,0),(64,19,NULL,8,'Subject for Membership Renewal','2008-12-12 06:00:42',NULL,6,NULL,NULL,NULL,NULL,2,NULL,NULL,0,NULL,0,NULL,1,NULL,0),(65,19,NULL,8,'Subject for Membership Renewal','2008-09-08 06:09:53',NULL,1,NULL,NULL,NULL,NULL,2,NULL,NULL,0,NULL,0,NULL,1,NULL,0),(66,19,NULL,8,'Subject for Membership Renewal','2008-09-16 02:23:11',NULL,4,NULL,NULL,NULL,NULL,2,NULL,NULL,0,NULL,0,NULL,1,NULL,0),(67,19,NULL,8,'Subject for Membership Renewal','2009-02-24 09:16:45',NULL,1,NULL,NULL,NULL,NULL,2,NULL,NULL,0,NULL,0,NULL,1,NULL,0),(68,19,NULL,9,'Subject for Tell a Friend','2008-12-18 02:23:07',NULL,6,NULL,NULL,NULL,NULL,2,NULL,NULL,0,NULL,0,NULL,1,NULL,0),(69,19,NULL,7,'Subject for Membership Signup','2008-10-15 11:28:37',NULL,4,NULL,NULL,NULL,NULL,2,NULL,NULL,0,NULL,0,NULL,1,NULL,0),(70,19,NULL,8,'Subject for Membership Renewal','2009-02-16 01:28:45',NULL,6,NULL,NULL,NULL,NULL,2,NULL,NULL,0,NULL,0,NULL,1,NULL,0),(71,19,NULL,7,'Subject for Membership Signup','2009-05-05 09:28:19',NULL,5,NULL,NULL,NULL,NULL,2,NULL,NULL,0,NULL,0,NULL,1,NULL,0),(72,19,NULL,10,'Subject for Pledge Acknowledgment','2008-09-28 12:03:53',NULL,3,NULL,NULL,NULL,NULL,2,NULL,NULL,0,NULL,0,NULL,1,NULL,0),(73,19,NULL,9,'Subject for Tell a Friend','2008-09-05 05:53:28',NULL,1,NULL,NULL,NULL,NULL,2,NULL,NULL,0,NULL,0,NULL,1,NULL,0),(74,19,NULL,7,'Subject for Membership Signup','2008-12-09 02:27:39',NULL,2,NULL,NULL,NULL,NULL,2,NULL,NULL,0,NULL,0,NULL,1,NULL,0),(75,19,NULL,8,'Subject for Membership Renewal','2008-10-12 10:40:26',NULL,4,NULL,NULL,NULL,NULL,2,NULL,NULL,0,NULL,0,NULL,1,NULL,0),(76,19,NULL,8,'Subject for Membership Renewal','2008-11-20 04:29:19',NULL,6,NULL,NULL,NULL,NULL,2,NULL,NULL,0,NULL,0,NULL,1,NULL,0),(77,19,NULL,9,'Subject for Tell a Friend','2008-07-08 03:10:24',NULL,1,NULL,NULL,NULL,NULL,2,NULL,NULL,0,NULL,0,NULL,1,NULL,0),(78,19,NULL,10,'Subject for Pledge Acknowledgment','2009-03-16 03:56:06',NULL,4,NULL,NULL,NULL,NULL,2,NULL,NULL,0,NULL,0,NULL,1,NULL,0),(79,19,NULL,10,'Subject for Pledge Acknowledgment','2008-06-03 03:37:29',NULL,3,NULL,NULL,NULL,NULL,2,NULL,NULL,0,NULL,0,NULL,1,NULL,0),(80,19,NULL,7,'Subject for Membership Signup','2009-02-15 04:34:39',NULL,1,NULL,NULL,NULL,NULL,2,NULL,NULL,0,NULL,0,NULL,1,NULL,0),(81,19,NULL,10,'Subject for Pledge Acknowledgment','2008-09-03 06:19:58',NULL,1,NULL,NULL,NULL,NULL,2,NULL,NULL,0,NULL,0,NULL,1,NULL,0),(82,19,NULL,9,'Subject for Tell a Friend','2009-02-04 04:44:58',NULL,1,NULL,NULL,NULL,NULL,2,NULL,NULL,0,NULL,0,NULL,1,NULL,0),(83,19,NULL,10,'Subject for Pledge Acknowledgment','2008-11-07 05:58:21',NULL,2,NULL,NULL,NULL,NULL,2,NULL,NULL,0,NULL,0,NULL,1,NULL,0),(84,19,NULL,8,'Subject for Membership Renewal','2008-11-06 04:56:45',NULL,3,NULL,NULL,NULL,NULL,2,NULL,NULL,0,NULL,0,NULL,1,NULL,0),(85,19,NULL,8,'Subject for Membership Renewal','2008-11-28 01:30:01',NULL,4,NULL,NULL,NULL,NULL,2,NULL,NULL,0,NULL,0,NULL,1,NULL,0),(86,19,NULL,9,'Subject for Tell a Friend','2009-02-14 04:46:13',NULL,3,NULL,NULL,NULL,NULL,2,NULL,NULL,0,NULL,0,NULL,1,NULL,0),(87,19,NULL,7,'Subject for Membership Signup','2009-02-16 06:02:56',NULL,3,NULL,NULL,NULL,NULL,2,NULL,NULL,0,NULL,0,NULL,1,NULL,0),(88,19,NULL,10,'Subject for Pledge Acknowledgment','2009-01-23 05:12:36',NULL,5,NULL,NULL,NULL,NULL,2,NULL,NULL,0,NULL,0,NULL,1,NULL,0),(89,19,NULL,9,'Subject for Tell a Friend','2009-03-28 07:40:25',NULL,1,NULL,NULL,NULL,NULL,2,NULL,NULL,0,NULL,0,NULL,1,NULL,0),(90,19,NULL,10,'Subject for Pledge Acknowledgment','2009-03-15 03:04:30',NULL,3,NULL,NULL,NULL,NULL,2,NULL,NULL,0,NULL,0,NULL,1,NULL,0),(91,19,NULL,10,'Subject for Pledge Acknowledgment','2008-11-12 01:11:35',NULL,3,NULL,NULL,NULL,NULL,2,NULL,NULL,0,NULL,0,NULL,1,NULL,0),(92,19,NULL,10,'Subject for Pledge Acknowledgment','2008-06-02 02:13:10',NULL,3,NULL,NULL,NULL,NULL,2,NULL,NULL,0,NULL,0,NULL,1,NULL,0),(93,19,NULL,8,'Subject for Membership Renewal','2008-09-12 12:03:02',NULL,5,NULL,NULL,NULL,NULL,2,NULL,NULL,0,NULL,0,NULL,1,NULL,0),(94,19,NULL,9,'Subject for Tell a Friend','2008-07-22 12:21:15',NULL,4,NULL,NULL,NULL,NULL,2,NULL,NULL,0,NULL,0,NULL,1,NULL,0),(95,19,NULL,7,'Subject for Membership Signup','2009-01-03 06:57:54',NULL,6,NULL,NULL,NULL,NULL,2,NULL,NULL,0,NULL,0,NULL,1,NULL,0),(96,19,NULL,8,'Subject for Membership Renewal','2009-04-06 09:07:31',NULL,6,NULL,NULL,NULL,NULL,2,NULL,NULL,0,NULL,0,NULL,1,NULL,0),(97,19,NULL,8,'Subject for Membership Renewal','2008-10-04 06:58:11',NULL,6,NULL,NULL,NULL,NULL,2,NULL,NULL,0,NULL,0,NULL,1,NULL,0),(98,19,NULL,9,'Subject for Tell a Friend','2008-07-31 06:22:05',NULL,1,NULL,NULL,NULL,NULL,2,NULL,NULL,0,NULL,0,NULL,1,NULL,0),(99,19,NULL,7,'Subject for Membership Signup','2008-09-22 05:25:02',NULL,5,NULL,NULL,NULL,NULL,2,NULL,NULL,0,NULL,0,NULL,1,NULL,0),(100,19,NULL,7,'Subject for Membership Signup','2009-04-20 07:39:43',NULL,5,NULL,NULL,NULL,NULL,2,NULL,NULL,0,NULL,0,NULL,1,NULL,0),(101,19,NULL,8,'Subject for Membership Renewal','2009-03-17 05:19:56',NULL,1,NULL,NULL,NULL,NULL,2,NULL,NULL,0,NULL,0,NULL,1,NULL,0),(102,19,NULL,7,'Subject for Membership Signup','2009-02-13 07:55:39',NULL,5,NULL,NULL,NULL,NULL,2,NULL,NULL,0,NULL,0,NULL,1,NULL,0),(103,19,NULL,10,'Subject for Pledge Acknowledgment','2008-06-19 01:19:53',NULL,4,NULL,NULL,NULL,NULL,2,NULL,NULL,0,NULL,0,NULL,1,NULL,0),(104,19,NULL,10,'Subject for Pledge Acknowledgment','2009-02-06 01:05:13',NULL,3,NULL,NULL,NULL,NULL,2,NULL,NULL,0,NULL,0,NULL,1,NULL,0),(105,19,NULL,7,'Subject for Membership Signup','2008-05-29 07:08:54',NULL,1,NULL,NULL,NULL,NULL,2,NULL,NULL,0,NULL,0,NULL,1,NULL,0),(106,19,NULL,7,'Subject for Membership Signup','2008-09-06 08:13:26',NULL,5,NULL,NULL,NULL,NULL,2,NULL,NULL,0,NULL,0,NULL,1,NULL,0),(107,19,NULL,8,'Subject for Membership Renewal','2008-05-23 07:33:08',NULL,6,NULL,NULL,NULL,NULL,2,NULL,NULL,0,NULL,0,NULL,1,NULL,0),(108,19,NULL,8,'Subject for Membership Renewal','2008-06-09 01:28:10',NULL,6,NULL,NULL,NULL,NULL,2,NULL,NULL,0,NULL,0,NULL,1,NULL,0),(109,19,NULL,8,'Subject for Membership Renewal','2008-09-23 01:14:23',NULL,5,NULL,NULL,NULL,NULL,2,NULL,NULL,0,NULL,0,NULL,1,NULL,0),(110,19,NULL,8,'Subject for Membership Renewal','2009-03-02 12:51:14',NULL,2,NULL,NULL,NULL,NULL,2,NULL,NULL,0,NULL,0,NULL,1,NULL,0),(111,19,NULL,10,'Subject for Pledge Acknowledgment','2008-11-24 07:55:38',NULL,2,NULL,NULL,NULL,NULL,2,NULL,NULL,0,NULL,0,NULL,1,NULL,0),(112,19,NULL,7,'Subject for Membership Signup','2008-07-22 11:53:04',NULL,1,NULL,NULL,NULL,NULL,2,NULL,NULL,0,NULL,0,NULL,1,NULL,0),(113,19,NULL,7,'Subject for Membership Signup','2008-09-21 05:36:47',NULL,5,NULL,NULL,NULL,NULL,2,NULL,NULL,0,NULL,0,NULL,1,NULL,0),(114,19,NULL,8,'Subject for Membership Renewal','2008-12-07 02:12:30',NULL,4,NULL,NULL,NULL,NULL,2,NULL,NULL,0,NULL,0,NULL,1,NULL,0),(115,19,NULL,10,'Subject for Pledge Acknowledgment','2009-02-20 07:30:45',NULL,5,NULL,NULL,NULL,NULL,2,NULL,NULL,0,NULL,0,NULL,1,NULL,0),(116,19,NULL,10,'Subject for Pledge Acknowledgment','2008-12-29 01:57:51',NULL,2,NULL,NULL,NULL,NULL,2,NULL,NULL,0,NULL,0,NULL,1,NULL,0),(117,19,NULL,9,'Subject for Tell a Friend','2009-02-16 09:54:11',NULL,1,NULL,NULL,NULL,NULL,2,NULL,NULL,0,NULL,0,NULL,1,NULL,0),(118,19,NULL,7,'Subject for Membership Signup','2008-11-13 12:25:33',NULL,5,NULL,NULL,NULL,NULL,2,NULL,NULL,0,NULL,0,NULL,1,NULL,0),(119,19,NULL,9,'Subject for Tell a Friend','2009-01-03 03:25:41',NULL,6,NULL,NULL,NULL,NULL,2,NULL,NULL,0,NULL,0,NULL,1,NULL,0),(120,19,NULL,10,'Subject for Pledge Acknowledgment','2009-02-05 12:20:02',NULL,3,NULL,NULL,NULL,NULL,2,NULL,NULL,0,NULL,0,NULL,1,NULL,0),(121,19,NULL,9,'Subject for Tell a Friend','2009-02-28 01:31:26',NULL,2,NULL,NULL,NULL,NULL,2,NULL,NULL,0,NULL,0,NULL,1,NULL,0),(122,19,NULL,8,'Subject for Membership Renewal','2009-03-17 10:04:06',NULL,5,NULL,NULL,NULL,NULL,2,NULL,NULL,0,NULL,0,NULL,1,NULL,0),(123,19,NULL,8,'Subject for Membership Renewal','2009-03-29 12:58:59',NULL,6,NULL,NULL,NULL,NULL,2,NULL,NULL,0,NULL,0,NULL,1,NULL,0),(124,19,NULL,9,'Subject for Tell a Friend','2008-08-21 09:20:55',NULL,2,NULL,NULL,NULL,NULL,2,NULL,NULL,0,NULL,0,NULL,1,NULL,0),(125,19,NULL,7,'Subject for Membership Signup','2009-02-21 05:25:49',NULL,6,NULL,NULL,NULL,NULL,2,NULL,NULL,0,NULL,0,NULL,1,NULL,0),(126,19,NULL,7,'Subject for Membership Signup','2008-06-23 05:16:31',NULL,2,NULL,NULL,NULL,NULL,2,NULL,NULL,0,NULL,0,NULL,1,NULL,0),(127,19,NULL,10,'Subject for Pledge Acknowledgment','2009-03-11 12:33:10',NULL,6,NULL,NULL,NULL,NULL,2,NULL,NULL,0,NULL,0,NULL,1,NULL,0),(128,19,NULL,9,'Subject for Tell a Friend','2008-08-07 06:22:48',NULL,5,NULL,NULL,NULL,NULL,2,NULL,NULL,0,NULL,0,NULL,1,NULL,0),(129,19,NULL,9,'Subject for Tell a Friend','2008-08-12 01:14:28',NULL,1,NULL,NULL,NULL,NULL,2,NULL,NULL,0,NULL,0,NULL,1,NULL,0),(130,19,NULL,10,'Subject for Pledge Acknowledgment','2008-06-04 09:19:19',NULL,5,NULL,NULL,NULL,NULL,2,NULL,NULL,0,NULL,0,NULL,1,NULL,0),(131,19,NULL,7,'Subject for Membership Signup','2008-11-30 07:04:04',NULL,3,NULL,NULL,NULL,NULL,2,NULL,NULL,0,NULL,0,NULL,1,NULL,0),(132,19,NULL,10,'Subject for Pledge Acknowledgment','2009-05-11 08:09:02',NULL,3,NULL,NULL,NULL,NULL,2,NULL,NULL,0,NULL,0,NULL,1,NULL,0),(133,19,NULL,7,'Subject for Membership Signup','2008-09-05 04:57:21',NULL,4,NULL,NULL,NULL,NULL,2,NULL,NULL,0,NULL,0,NULL,1,NULL,0),(134,19,NULL,7,'Subject for Membership Signup','2008-12-09 06:51:39',NULL,5,NULL,NULL,NULL,NULL,2,NULL,NULL,0,NULL,0,NULL,1,NULL,0),(135,19,NULL,7,'Subject for Membership Signup','2008-09-24 11:16:11',NULL,3,NULL,NULL,NULL,NULL,2,NULL,NULL,0,NULL,0,NULL,1,NULL,0),(136,19,NULL,9,'Subject for Tell a Friend','2008-10-25 11:39:20',NULL,5,NULL,NULL,NULL,NULL,2,NULL,NULL,0,NULL,0,NULL,1,NULL,0),(137,19,NULL,8,'Subject for Membership Renewal','2009-01-20 12:50:17',NULL,5,NULL,NULL,NULL,NULL,2,NULL,NULL,0,NULL,0,NULL,1,NULL,0),(138,19,NULL,7,'Subject for Membership Signup','2009-05-05 05:09:48',NULL,6,NULL,NULL,NULL,NULL,2,NULL,NULL,0,NULL,0,NULL,1,NULL,0),(139,19,NULL,9,'Subject for Tell a Friend','2008-07-11 06:02:24',NULL,2,NULL,NULL,NULL,NULL,2,NULL,NULL,0,NULL,0,NULL,1,NULL,0),(140,19,NULL,8,'Subject for Membership Renewal','2008-08-31 03:00:23',NULL,1,NULL,NULL,NULL,NULL,2,NULL,NULL,0,NULL,0,NULL,1,NULL,0),(141,19,NULL,9,'Subject for Tell a Friend','2009-03-31 12:24:43',NULL,3,NULL,NULL,NULL,NULL,2,NULL,NULL,0,NULL,0,NULL,1,NULL,0),(142,19,NULL,8,'Subject for Membership Renewal','2009-01-11 04:02:04',NULL,3,NULL,NULL,NULL,NULL,2,NULL,NULL,0,NULL,0,NULL,1,NULL,0),(143,19,NULL,7,'Subject for Membership Signup','2009-05-18 05:03:58',NULL,1,NULL,NULL,NULL,NULL,2,NULL,NULL,0,NULL,0,NULL,1,NULL,0),(144,19,NULL,10,'Subject for Pledge Acknowledgment','2008-09-16 09:06:12',NULL,4,NULL,NULL,NULL,NULL,2,NULL,NULL,0,NULL,0,NULL,1,NULL,0),(145,19,NULL,7,'Subject for Membership Signup','2008-12-08 10:20:10',NULL,5,NULL,NULL,NULL,NULL,2,NULL,NULL,0,NULL,0,NULL,1,NULL,0),(146,19,NULL,9,'Subject for Tell a Friend','2008-06-24 05:04:26',NULL,6,NULL,NULL,NULL,NULL,2,NULL,NULL,0,NULL,0,NULL,1,NULL,0),(147,19,NULL,9,'Subject for Tell a Friend','2008-08-20 01:27:31',NULL,1,NULL,NULL,NULL,NULL,2,NULL,NULL,0,NULL,0,NULL,1,NULL,0),(148,19,NULL,10,'Subject for Pledge Acknowledgment','2008-11-06 03:07:15',NULL,6,NULL,NULL,NULL,NULL,2,NULL,NULL,0,NULL,0,NULL,1,NULL,0),(149,19,NULL,7,'Subject for Membership Signup','2009-01-11 03:36:48',NULL,1,NULL,NULL,NULL,NULL,2,NULL,NULL,0,NULL,0,NULL,1,NULL,0),(150,19,NULL,7,'Subject for Membership Signup','2009-04-08 11:08:50',NULL,5,NULL,NULL,NULL,NULL,2,NULL,NULL,0,NULL,0,NULL,1,NULL,0),(151,47,NULL,8,'Subject for Membership Renewal','2009-05-07 09:26:51',NULL,1,NULL,NULL,NULL,NULL,2,NULL,NULL,0,NULL,0,NULL,1,NULL,0),(152,47,NULL,8,'Subject for Membership Renewal','2008-07-28 11:37:53',NULL,2,NULL,NULL,NULL,NULL,2,NULL,NULL,0,NULL,0,NULL,1,NULL,0),(153,47,NULL,7,'Subject for Membership Signup','2008-10-04 04:43:56',NULL,3,NULL,NULL,NULL,NULL,2,NULL,NULL,0,NULL,0,NULL,1,NULL,0),(154,47,NULL,8,'Subject for Membership Renewal','2008-12-03 10:24:11',NULL,1,NULL,NULL,NULL,NULL,2,NULL,NULL,0,NULL,0,NULL,1,NULL,0),(155,47,NULL,9,'Subject for Tell a Friend','2009-05-05 02:01:43',NULL,6,NULL,NULL,NULL,NULL,2,NULL,NULL,0,NULL,0,NULL,1,NULL,0),(156,47,NULL,8,'Subject for Membership Renewal','2009-03-23 11:11:37',NULL,6,NULL,NULL,NULL,NULL,2,NULL,NULL,0,NULL,0,NULL,1,NULL,0),(157,47,NULL,7,'Subject for Membership Signup','2009-02-08 02:19:48',NULL,6,NULL,NULL,NULL,NULL,2,NULL,NULL,0,NULL,0,NULL,1,NULL,0),(158,47,NULL,7,'Subject for Membership Signup','2008-12-12 10:45:29',NULL,6,NULL,NULL,NULL,NULL,2,NULL,NULL,0,NULL,0,NULL,1,NULL,0),(159,47,NULL,8,'Subject for Membership Renewal','2009-03-21 09:52:06',NULL,6,NULL,NULL,NULL,NULL,2,NULL,NULL,0,NULL,0,NULL,1,NULL,0),(160,47,NULL,8,'Subject for Membership Renewal','2009-04-08 07:10:54',NULL,6,NULL,NULL,NULL,NULL,2,NULL,NULL,0,NULL,0,NULL,1,NULL,0),(161,47,NULL,7,'Subject for Membership Signup','2008-06-26 02:01:39',NULL,1,NULL,NULL,NULL,NULL,2,NULL,NULL,0,NULL,0,NULL,1,NULL,0),(162,47,NULL,9,'Subject for Tell a Friend','2008-11-24 10:27:11',NULL,1,NULL,NULL,NULL,NULL,2,NULL,NULL,0,NULL,0,NULL,1,NULL,0),(163,47,NULL,10,'Subject for Pledge Acknowledgment','2009-04-22 10:52:08',NULL,4,NULL,NULL,NULL,NULL,2,NULL,NULL,0,NULL,0,NULL,1,NULL,0),(164,47,NULL,8,'Subject for Membership Renewal','2008-09-18 04:21:34',NULL,5,NULL,NULL,NULL,NULL,2,NULL,NULL,0,NULL,0,NULL,1,NULL,0),(165,47,NULL,7,'Subject for Membership Signup','2009-03-07 09:00:03',NULL,1,NULL,NULL,NULL,NULL,2,NULL,NULL,0,NULL,0,NULL,1,NULL,0),(166,47,NULL,10,'Subject for Pledge Acknowledgment','2008-06-09 07:58:34',NULL,3,NULL,NULL,NULL,NULL,2,NULL,NULL,0,NULL,0,NULL,1,NULL,0),(167,47,NULL,7,'Subject for Membership Signup','2008-10-01 04:36:01',NULL,4,NULL,NULL,NULL,NULL,2,NULL,NULL,0,NULL,0,NULL,1,NULL,0),(168,47,NULL,10,'Subject for Pledge Acknowledgment','2009-02-27 06:36:25',NULL,2,NULL,NULL,NULL,NULL,2,NULL,NULL,0,NULL,0,NULL,1,NULL,0),(169,47,NULL,10,'Subject for Pledge Acknowledgment','2008-10-04 03:50:50',NULL,5,NULL,NULL,NULL,NULL,2,NULL,NULL,0,NULL,0,NULL,1,NULL,0),(170,47,NULL,9,'Subject for Tell a Friend','2008-12-06 11:25:36',NULL,3,NULL,NULL,NULL,NULL,2,NULL,NULL,0,NULL,0,NULL,1,NULL,0),(171,47,NULL,7,'Subject for Membership Signup','2009-05-01 07:32:27',NULL,6,NULL,NULL,NULL,NULL,2,NULL,NULL,0,NULL,0,NULL,1,NULL,0),(172,47,NULL,10,'Subject for Pledge Acknowledgment','2008-10-16 10:40:12',NULL,2,NULL,NULL,NULL,NULL,2,NULL,NULL,0,NULL,0,NULL,1,NULL,0),(173,47,NULL,8,'Subject for Membership Renewal','2009-01-09 06:38:53',NULL,6,NULL,NULL,NULL,NULL,2,NULL,NULL,0,NULL,0,NULL,1,NULL,0),(174,47,NULL,7,'Subject for Membership Signup','2009-03-02 03:01:36',NULL,6,NULL,NULL,NULL,NULL,2,NULL,NULL,0,NULL,0,NULL,1,NULL,0),(175,47,NULL,8,'Subject for Membership Renewal','2009-02-23 12:53:51',NULL,1,NULL,NULL,NULL,NULL,2,NULL,NULL,0,NULL,0,NULL,1,NULL,0),(176,47,NULL,8,'Subject for Membership Renewal','2008-11-06 10:26:46',NULL,1,NULL,NULL,NULL,NULL,2,NULL,NULL,0,NULL,0,NULL,1,NULL,0),(177,47,NULL,10,'Subject for Pledge Acknowledgment','2008-08-01 11:00:35',NULL,1,NULL,NULL,NULL,NULL,2,NULL,NULL,0,NULL,0,NULL,1,NULL,0),(178,47,NULL,8,'Subject for Membership Renewal','2008-08-11 11:47:49',NULL,6,NULL,NULL,NULL,NULL,2,NULL,NULL,0,NULL,0,NULL,1,NULL,0),(179,47,NULL,7,'Subject for Membership Signup','2009-04-18 07:57:51',NULL,2,NULL,NULL,NULL,NULL,2,NULL,NULL,0,NULL,0,NULL,1,NULL,0),(180,47,NULL,9,'Subject for Tell a Friend','2009-02-14 10:26:11',NULL,5,NULL,NULL,NULL,NULL,2,NULL,NULL,0,NULL,0,NULL,1,NULL,0),(181,47,NULL,8,'Subject for Membership Renewal','2008-07-22 05:01:02',NULL,5,NULL,NULL,NULL,NULL,2,NULL,NULL,0,NULL,0,NULL,1,NULL,0),(182,47,NULL,9,'Subject for Tell a Friend','2008-11-30 11:09:08',NULL,3,NULL,NULL,NULL,NULL,2,NULL,NULL,0,NULL,0,NULL,1,NULL,0),(183,47,NULL,10,'Subject for Pledge Acknowledgment','2008-11-16 07:47:29',NULL,1,NULL,NULL,NULL,NULL,2,NULL,NULL,0,NULL,0,NULL,1,NULL,0),(184,47,NULL,7,'Subject for Membership Signup','2008-09-10 10:08:44',NULL,6,NULL,NULL,NULL,NULL,2,NULL,NULL,0,NULL,0,NULL,1,NULL,0),(185,47,NULL,7,'Subject for Membership Signup','2008-06-13 02:58:02',NULL,6,NULL,NULL,NULL,NULL,2,NULL,NULL,0,NULL,0,NULL,1,NULL,0),(186,47,NULL,9,'Subject for Tell a Friend','2009-03-24 01:05:09',NULL,2,NULL,NULL,NULL,NULL,2,NULL,NULL,0,NULL,0,NULL,1,NULL,0),(187,47,NULL,10,'Subject for Pledge Acknowledgment','2008-11-16 01:17:56',NULL,6,NULL,NULL,NULL,NULL,2,NULL,NULL,0,NULL,0,NULL,1,NULL,0),(188,47,NULL,8,'Subject for Membership Renewal','2008-12-12 01:19:59',NULL,3,NULL,NULL,NULL,NULL,2,NULL,NULL,0,NULL,0,NULL,1,NULL,0),(189,47,NULL,7,'Subject for Membership Signup','2008-11-04 11:42:00',NULL,5,NULL,NULL,NULL,NULL,2,NULL,NULL,0,NULL,0,NULL,1,NULL,0),(190,47,NULL,8,'Subject for Membership Renewal','2008-12-11 11:33:35',NULL,4,NULL,NULL,NULL,NULL,2,NULL,NULL,0,NULL,0,NULL,1,NULL,0),(191,47,NULL,7,'Subject for Membership Signup','2008-09-02 02:48:47',NULL,3,NULL,NULL,NULL,NULL,2,NULL,NULL,0,NULL,0,NULL,1,NULL,0),(192,47,NULL,8,'Subject for Membership Renewal','2008-09-05 12:43:53',NULL,5,NULL,NULL,NULL,NULL,2,NULL,NULL,0,NULL,0,NULL,1,NULL,0),(193,47,NULL,7,'Subject for Membership Signup','2009-01-30 01:28:26',NULL,6,NULL,NULL,NULL,NULL,2,NULL,NULL,0,NULL,0,NULL,1,NULL,0),(194,47,NULL,9,'Subject for Tell a Friend','2009-05-07 01:32:24',NULL,5,NULL,NULL,NULL,NULL,2,NULL,NULL,0,NULL,0,NULL,1,NULL,0),(195,47,NULL,7,'Subject for Membership Signup','2009-04-28 05:53:22',NULL,4,NULL,NULL,NULL,NULL,2,NULL,NULL,0,NULL,0,NULL,1,NULL,0),(196,47,NULL,10,'Subject for Pledge Acknowledgment','2008-12-07 01:03:02',NULL,6,NULL,NULL,NULL,NULL,2,NULL,NULL,0,NULL,0,NULL,1,NULL,0),(197,47,NULL,7,'Subject for Membership Signup','2009-04-23 12:04:08',NULL,3,NULL,NULL,NULL,NULL,2,NULL,NULL,0,NULL,0,NULL,1,NULL,0),(198,47,NULL,8,'Subject for Membership Renewal','2008-09-03 03:59:30',NULL,2,NULL,NULL,NULL,NULL,2,NULL,NULL,0,NULL,0,NULL,1,NULL,0),(199,47,NULL,8,'Subject for Membership Renewal','2008-08-29 06:11:42',NULL,5,NULL,NULL,NULL,NULL,2,NULL,NULL,0,NULL,0,NULL,1,NULL,0),(200,47,NULL,10,'Subject for Pledge Acknowledgment','2008-12-05 02:11:16',NULL,3,NULL,NULL,NULL,NULL,2,NULL,NULL,0,NULL,0,NULL,1,NULL,0),(201,47,NULL,7,'Subject for Membership Signup','2009-03-31 09:20:31',NULL,3,NULL,NULL,NULL,NULL,2,NULL,NULL,0,NULL,0,NULL,1,NULL,0),(202,47,NULL,8,'Subject for Membership Renewal','2009-01-06 02:44:22',NULL,5,NULL,NULL,NULL,NULL,2,NULL,NULL,0,NULL,0,NULL,1,NULL,0),(203,47,NULL,9,'Subject for Tell a Friend','2008-08-02 01:12:33',NULL,3,NULL,NULL,NULL,NULL,2,NULL,NULL,0,NULL,0,NULL,1,NULL,0),(204,47,NULL,9,'Subject for Tell a Friend','2009-01-30 04:28:27',NULL,6,NULL,NULL,NULL,NULL,2,NULL,NULL,0,NULL,0,NULL,1,NULL,0),(205,47,NULL,8,'Subject for Membership Renewal','2008-12-07 08:33:37',NULL,3,NULL,NULL,NULL,NULL,2,NULL,NULL,0,NULL,0,NULL,1,NULL,0),(206,47,NULL,7,'Subject for Membership Signup','2008-10-05 08:18:10',NULL,1,NULL,NULL,NULL,NULL,2,NULL,NULL,0,NULL,0,NULL,1,NULL,0),(207,47,NULL,7,'Subject for Membership Signup','2008-09-01 08:08:00',NULL,1,NULL,NULL,NULL,NULL,2,NULL,NULL,0,NULL,0,NULL,1,NULL,0),(208,47,NULL,9,'Subject for Tell a Friend','2008-06-20 07:09:57',NULL,3,NULL,NULL,NULL,NULL,2,NULL,NULL,0,NULL,0,NULL,1,NULL,0),(209,47,NULL,10,'Subject for Pledge Acknowledgment','2008-11-13 09:00:03',NULL,5,NULL,NULL,NULL,NULL,2,NULL,NULL,0,NULL,0,NULL,1,NULL,0),(210,47,NULL,9,'Subject for Tell a Friend','2008-11-29 02:21:09',NULL,2,NULL,NULL,NULL,NULL,2,NULL,NULL,0,NULL,0,NULL,1,NULL,0),(211,47,NULL,7,'Subject for Membership Signup','2008-10-27 03:17:27',NULL,1,NULL,NULL,NULL,NULL,2,NULL,NULL,0,NULL,0,NULL,1,NULL,0),(212,47,NULL,9,'Subject for Tell a Friend','2008-09-21 09:41:21',NULL,3,NULL,NULL,NULL,NULL,2,NULL,NULL,0,NULL,0,NULL,1,NULL,0),(213,47,NULL,10,'Subject for Pledge Acknowledgment','2008-08-13 09:40:18',NULL,4,NULL,NULL,NULL,NULL,2,NULL,NULL,0,NULL,0,NULL,1,NULL,0),(214,47,NULL,7,'Subject for Membership Signup','2008-06-08 06:02:41',NULL,2,NULL,NULL,NULL,NULL,2,NULL,NULL,0,NULL,0,NULL,1,NULL,0),(215,47,NULL,8,'Subject for Membership Renewal','2009-05-20 05:58:29',NULL,2,NULL,NULL,NULL,NULL,2,NULL,NULL,0,NULL,0,NULL,1,NULL,0),(216,47,NULL,9,'Subject for Tell a Friend','2008-10-20 09:11:28',NULL,5,NULL,NULL,NULL,NULL,2,NULL,NULL,0,NULL,0,NULL,1,NULL,0),(217,47,NULL,8,'Subject for Membership Renewal','2008-07-22 04:44:21',NULL,6,NULL,NULL,NULL,NULL,2,NULL,NULL,0,NULL,0,NULL,1,NULL,0),(218,47,NULL,8,'Subject for Membership Renewal','2008-10-22 10:57:31',NULL,1,NULL,NULL,NULL,NULL,2,NULL,NULL,0,NULL,0,NULL,1,NULL,0),(219,47,NULL,9,'Subject for Tell a Friend','2008-08-17 07:59:16',NULL,1,NULL,NULL,NULL,NULL,2,NULL,NULL,0,NULL,0,NULL,1,NULL,0),(220,47,NULL,8,'Subject for Membership Renewal','2009-03-06 03:08:33',NULL,1,NULL,NULL,NULL,NULL,2,NULL,NULL,0,NULL,0,NULL,1,NULL,0),(221,47,NULL,9,'Subject for Tell a Friend','2008-11-17 03:04:21',NULL,2,NULL,NULL,NULL,NULL,2,NULL,NULL,0,NULL,0,NULL,1,NULL,0),(222,47,NULL,7,'Subject for Membership Signup','2009-03-11 04:27:34',NULL,1,NULL,NULL,NULL,NULL,2,NULL,NULL,0,NULL,0,NULL,1,NULL,0),(223,47,NULL,7,'Subject for Membership Signup','2008-07-19 12:47:05',NULL,2,NULL,NULL,NULL,NULL,2,NULL,NULL,0,NULL,0,NULL,1,NULL,0),(224,47,NULL,9,'Subject for Tell a Friend','2009-03-12 03:38:51',NULL,3,NULL,NULL,NULL,NULL,2,NULL,NULL,0,NULL,0,NULL,1,NULL,0),(225,47,NULL,9,'Subject for Tell a Friend','2008-06-22 03:38:32',NULL,3,NULL,NULL,NULL,NULL,2,NULL,NULL,0,NULL,0,NULL,1,NULL,0),(226,47,NULL,7,'Subject for Membership Signup','2008-06-20 07:26:44',NULL,4,NULL,NULL,NULL,NULL,2,NULL,NULL,0,NULL,0,NULL,1,NULL,0),(227,47,NULL,9,'Subject for Tell a Friend','2009-02-22 05:27:58',NULL,2,NULL,NULL,NULL,NULL,2,NULL,NULL,0,NULL,0,NULL,1,NULL,0),(228,47,NULL,9,'Subject for Tell a Friend','2008-08-03 04:39:06',NULL,4,NULL,NULL,NULL,NULL,2,NULL,NULL,0,NULL,0,NULL,1,NULL,0),(229,47,NULL,7,'Subject for Membership Signup','2008-10-08 03:01:03',NULL,3,NULL,NULL,NULL,NULL,2,NULL,NULL,0,NULL,0,NULL,1,NULL,0),(230,47,NULL,9,'Subject for Tell a Friend','2008-06-01 11:52:38',NULL,2,NULL,NULL,NULL,NULL,2,NULL,NULL,0,NULL,0,NULL,1,NULL,0),(231,47,NULL,8,'Subject for Membership Renewal','2009-01-10 03:11:02',NULL,2,NULL,NULL,NULL,NULL,2,NULL,NULL,0,NULL,0,NULL,1,NULL,0),(232,47,NULL,7,'Subject for Membership Signup','2009-01-20 11:06:53',NULL,4,NULL,NULL,NULL,NULL,2,NULL,NULL,0,NULL,0,NULL,1,NULL,0),(233,47,NULL,10,'Subject for Pledge Acknowledgment','2008-12-14 07:47:50',NULL,3,NULL,NULL,NULL,NULL,2,NULL,NULL,0,NULL,0,NULL,1,NULL,0),(234,47,NULL,10,'Subject for Pledge Acknowledgment','2008-08-22 09:25:03',NULL,3,NULL,NULL,NULL,NULL,2,NULL,NULL,0,NULL,0,NULL,1,NULL,0),(235,47,NULL,9,'Subject for Tell a Friend','2008-09-18 03:07:16',NULL,5,NULL,NULL,NULL,NULL,2,NULL,NULL,0,NULL,0,NULL,1,NULL,0),(236,47,NULL,10,'Subject for Pledge Acknowledgment','2008-12-11 09:16:13',NULL,3,NULL,NULL,NULL,NULL,2,NULL,NULL,0,NULL,0,NULL,1,NULL,0),(237,47,NULL,7,'Subject for Membership Signup','2008-10-11 01:25:16',NULL,5,NULL,NULL,NULL,NULL,2,NULL,NULL,0,NULL,0,NULL,1,NULL,0),(238,47,NULL,8,'Subject for Membership Renewal','2008-06-15 10:47:37',NULL,3,NULL,NULL,NULL,NULL,2,NULL,NULL,0,NULL,0,NULL,1,NULL,0),(239,47,NULL,8,'Subject for Membership Renewal','2008-09-02 10:11:42',NULL,3,NULL,NULL,NULL,NULL,2,NULL,NULL,0,NULL,0,NULL,1,NULL,0),(240,47,NULL,7,'Subject for Membership Signup','2008-05-26 11:50:08',NULL,6,NULL,NULL,NULL,NULL,2,NULL,NULL,0,NULL,0,NULL,1,NULL,0),(241,47,NULL,7,'Subject for Membership Signup','2009-02-13 12:41:14',NULL,2,NULL,NULL,NULL,NULL,2,NULL,NULL,0,NULL,0,NULL,1,NULL,0),(242,47,NULL,8,'Subject for Membership Renewal','2008-07-09 04:04:58',NULL,2,NULL,NULL,NULL,NULL,2,NULL,NULL,0,NULL,0,NULL,1,NULL,0),(243,47,NULL,7,'Subject for Membership Signup','2008-10-14 11:31:29',NULL,1,NULL,NULL,NULL,NULL,2,NULL,NULL,0,NULL,0,NULL,1,NULL,0),(244,47,NULL,7,'Subject for Membership Signup','2008-06-10 01:43:46',NULL,4,NULL,NULL,NULL,NULL,2,NULL,NULL,0,NULL,0,NULL,1,NULL,0),(245,47,NULL,10,'Subject for Pledge Acknowledgment','2008-08-18 04:47:19',NULL,3,NULL,NULL,NULL,NULL,2,NULL,NULL,0,NULL,0,NULL,1,NULL,0),(246,47,NULL,9,'Subject for Tell a Friend','2009-01-05 12:51:11',NULL,5,NULL,NULL,NULL,NULL,2,NULL,NULL,0,NULL,0,NULL,1,NULL,0),(247,47,NULL,9,'Subject for Tell a Friend','2008-10-06 02:34:51',NULL,5,NULL,NULL,NULL,NULL,2,NULL,NULL,0,NULL,0,NULL,1,NULL,0),(248,47,NULL,7,'Subject for Membership Signup','2008-06-24 11:56:47',NULL,3,NULL,NULL,NULL,NULL,2,NULL,NULL,0,NULL,0,NULL,1,NULL,0),(249,47,NULL,10,'Subject for Pledge Acknowledgment','2009-01-19 02:05:07',NULL,2,NULL,NULL,NULL,NULL,2,NULL,NULL,0,NULL,0,NULL,1,NULL,0),(250,47,NULL,9,'Subject for Tell a Friend','2008-11-05 06:03:40',NULL,6,NULL,NULL,NULL,NULL,2,NULL,NULL,0,NULL,0,NULL,1,NULL,0),(251,47,NULL,9,'Subject for Tell a Friend','2008-10-21 02:13:03',NULL,1,NULL,NULL,NULL,NULL,2,NULL,NULL,0,NULL,0,NULL,1,NULL,0),(252,47,NULL,7,'Subject for Membership Signup','2008-05-28 02:04:32',NULL,5,NULL,NULL,NULL,NULL,2,NULL,NULL,0,NULL,0,NULL,1,NULL,0),(253,47,NULL,7,'Subject for Membership Signup','2009-03-09 01:13:21',NULL,3,NULL,NULL,NULL,NULL,2,NULL,NULL,0,NULL,0,NULL,1,NULL,0),(254,47,NULL,7,'Subject for Membership Signup','2008-06-26 09:20:45',NULL,1,NULL,NULL,NULL,NULL,2,NULL,NULL,0,NULL,0,NULL,1,NULL,0),(255,47,NULL,7,'Subject for Membership Signup','2008-06-20 11:54:50',NULL,1,NULL,NULL,NULL,NULL,2,NULL,NULL,0,NULL,0,NULL,1,NULL,0),(256,47,NULL,10,'Subject for Pledge Acknowledgment','2008-11-18 09:40:45',NULL,4,NULL,NULL,NULL,NULL,2,NULL,NULL,0,NULL,0,NULL,1,NULL,0),(257,47,NULL,10,'Subject for Pledge Acknowledgment','2009-03-11 10:08:14',NULL,2,NULL,NULL,NULL,NULL,2,NULL,NULL,0,NULL,0,NULL,1,NULL,0),(258,47,NULL,7,'Subject for Membership Signup','2009-03-12 12:52:09',NULL,2,NULL,NULL,NULL,NULL,2,NULL,NULL,0,NULL,0,NULL,1,NULL,0),(259,47,NULL,10,'Subject for Pledge Acknowledgment','2008-09-13 06:44:10',NULL,2,NULL,NULL,NULL,NULL,2,NULL,NULL,0,NULL,0,NULL,1,NULL,0),(260,47,NULL,9,'Subject for Tell a Friend','2009-01-12 06:27:04',NULL,6,NULL,NULL,NULL,NULL,2,NULL,NULL,0,NULL,0,NULL,1,NULL,0),(261,47,NULL,7,'Subject for Membership Signup','2009-04-03 01:24:46',NULL,4,NULL,NULL,NULL,NULL,2,NULL,NULL,0,NULL,0,NULL,1,NULL,0),(262,47,NULL,7,'Subject for Membership Signup','2009-02-14 04:10:58',NULL,4,NULL,NULL,NULL,NULL,2,NULL,NULL,0,NULL,0,NULL,1,NULL,0),(263,47,NULL,7,'Subject for Membership Signup','2008-10-15 07:56:33',NULL,1,NULL,NULL,NULL,NULL,2,NULL,NULL,0,NULL,0,NULL,1,NULL,0),(264,47,NULL,10,'Subject for Pledge Acknowledgment','2009-02-02 11:36:00',NULL,5,NULL,NULL,NULL,NULL,2,NULL,NULL,0,NULL,0,NULL,1,NULL,0),(265,47,NULL,10,'Subject for Pledge Acknowledgment','2009-02-26 07:25:31',NULL,3,NULL,NULL,NULL,NULL,2,NULL,NULL,0,NULL,0,NULL,1,NULL,0),(266,47,NULL,8,'Subject for Membership Renewal','2008-11-21 03:28:38',NULL,6,NULL,NULL,NULL,NULL,2,NULL,NULL,0,NULL,0,NULL,1,NULL,0),(267,47,NULL,10,'Subject for Pledge Acknowledgment','2008-08-27 11:40:41',NULL,5,NULL,NULL,NULL,NULL,2,NULL,NULL,0,NULL,0,NULL,1,NULL,0),(268,47,NULL,7,'Subject for Membership Signup','2008-07-04 09:41:45',NULL,5,NULL,NULL,NULL,NULL,2,NULL,NULL,0,NULL,0,NULL,1,NULL,0),(269,47,NULL,9,'Subject for Tell a Friend','2008-08-15 06:58:23',NULL,2,NULL,NULL,NULL,NULL,2,NULL,NULL,0,NULL,0,NULL,1,NULL,0),(270,47,NULL,10,'Subject for Pledge Acknowledgment','2008-10-07 04:19:13',NULL,1,NULL,NULL,NULL,NULL,2,NULL,NULL,0,NULL,0,NULL,1,NULL,0),(271,47,NULL,9,'Subject for Tell a Friend','2009-04-15 11:57:22',NULL,5,NULL,NULL,NULL,NULL,2,NULL,NULL,0,NULL,0,NULL,1,NULL,0),(272,47,NULL,7,'Subject for Membership Signup','2008-09-14 08:29:04',NULL,6,NULL,NULL,NULL,NULL,2,NULL,NULL,0,NULL,0,NULL,1,NULL,0),(273,47,NULL,8,'Subject for Membership Renewal','2008-06-22 10:03:39',NULL,3,NULL,NULL,NULL,NULL,2,NULL,NULL,0,NULL,0,NULL,1,NULL,0),(274,47,NULL,7,'Subject for Membership Signup','2009-05-13 05:07:01',NULL,3,NULL,NULL,NULL,NULL,2,NULL,NULL,0,NULL,0,NULL,1,NULL,0),(275,47,NULL,10,'Subject for Pledge Acknowledgment','2009-05-16 09:06:55',NULL,2,NULL,NULL,NULL,NULL,2,NULL,NULL,0,NULL,0,NULL,1,NULL,0),(276,47,NULL,9,'Subject for Tell a Friend','2008-10-22 10:49:56',NULL,3,NULL,NULL,NULL,NULL,2,NULL,NULL,0,NULL,0,NULL,1,NULL,0),(277,47,NULL,8,'Subject for Membership Renewal','2008-09-01 06:12:30',NULL,6,NULL,NULL,NULL,NULL,2,NULL,NULL,0,NULL,0,NULL,1,NULL,0),(278,47,NULL,7,'Subject for Membership Signup','2009-05-05 03:55:08',NULL,2,NULL,NULL,NULL,NULL,2,NULL,NULL,0,NULL,0,NULL,1,NULL,0),(279,47,NULL,9,'Subject for Tell a Friend','2008-06-23 11:25:03',NULL,1,NULL,NULL,NULL,NULL,2,NULL,NULL,0,NULL,0,NULL,1,NULL,0),(280,47,NULL,10,'Subject for Pledge Acknowledgment','2009-05-17 05:55:10',NULL,4,NULL,NULL,NULL,NULL,2,NULL,NULL,0,NULL,0,NULL,1,NULL,0),(281,47,NULL,10,'Subject for Pledge Acknowledgment','2008-10-08 04:59:52',NULL,2,NULL,NULL,NULL,NULL,2,NULL,NULL,0,NULL,0,NULL,1,NULL,0),(282,47,NULL,10,'Subject for Pledge Acknowledgment','2008-12-06 05:37:32',NULL,4,NULL,NULL,NULL,NULL,2,NULL,NULL,0,NULL,0,NULL,1,NULL,0),(283,47,NULL,9,'Subject for Tell a Friend','2009-01-25 02:02:48',NULL,3,NULL,NULL,NULL,NULL,2,NULL,NULL,0,NULL,0,NULL,1,NULL,0),(284,47,NULL,7,'Subject for Membership Signup','2009-01-01 03:08:41',NULL,4,NULL,NULL,NULL,NULL,2,NULL,NULL,0,NULL,0,NULL,1,NULL,0),(285,47,NULL,8,'Subject for Membership Renewal','2008-08-08 06:33:02',NULL,5,NULL,NULL,NULL,NULL,2,NULL,NULL,0,NULL,0,NULL,1,NULL,0),(286,47,NULL,8,'Subject for Membership Renewal','2009-02-01 02:36:59',NULL,4,NULL,NULL,NULL,NULL,2,NULL,NULL,0,NULL,0,NULL,1,NULL,0),(287,47,NULL,10,'Subject for Pledge Acknowledgment','2008-10-10 09:02:53',NULL,3,NULL,NULL,NULL,NULL,2,NULL,NULL,0,NULL,0,NULL,1,NULL,0),(288,47,NULL,10,'Subject for Pledge Acknowledgment','2008-06-11 08:43:57',NULL,3,NULL,NULL,NULL,NULL,2,NULL,NULL,0,NULL,0,NULL,1,NULL,0),(289,47,NULL,7,'Subject for Membership Signup','2008-11-17 05:48:12',NULL,4,NULL,NULL,NULL,NULL,2,NULL,NULL,0,NULL,0,NULL,1,NULL,0),(290,47,NULL,10,'Subject for Pledge Acknowledgment','2008-08-08 11:00:25',NULL,4,NULL,NULL,NULL,NULL,2,NULL,NULL,0,NULL,0,NULL,1,NULL,0),(291,47,NULL,7,'Subject for Membership Signup','2008-09-19 01:14:53',NULL,1,NULL,NULL,NULL,NULL,2,NULL,NULL,0,NULL,0,NULL,1,NULL,0),(292,47,NULL,9,'Subject for Tell a Friend','2009-02-15 03:27:42',NULL,6,NULL,NULL,NULL,NULL,2,NULL,NULL,0,NULL,0,NULL,1,NULL,0),(293,47,NULL,10,'Subject for Pledge Acknowledgment','2009-02-24 10:23:34',NULL,3,NULL,NULL,NULL,NULL,2,NULL,NULL,0,NULL,0,NULL,1,NULL,0),(294,47,NULL,8,'Subject for Membership Renewal','2009-02-12 11:39:36',NULL,3,NULL,NULL,NULL,NULL,2,NULL,NULL,0,NULL,0,NULL,1,NULL,0),(295,47,NULL,9,'Subject for Tell a Friend','2008-10-22 11:13:45',NULL,3,NULL,NULL,NULL,NULL,2,NULL,NULL,0,NULL,0,NULL,1,NULL,0),(296,47,NULL,9,'Subject for Tell a Friend','2009-01-17 04:45:45',NULL,4,NULL,NULL,NULL,NULL,2,NULL,NULL,0,NULL,0,NULL,1,NULL,0),(297,47,NULL,9,'Subject for Tell a Friend','2008-08-30 11:26:02',NULL,6,NULL,NULL,NULL,NULL,2,NULL,NULL,0,NULL,0,NULL,1,NULL,0),(298,47,NULL,10,'Subject for Pledge Acknowledgment','2009-03-24 01:53:52',NULL,6,NULL,NULL,NULL,NULL,2,NULL,NULL,0,NULL,0,NULL,1,NULL,0),(299,47,NULL,8,'Subject for Membership Renewal','2008-07-02 11:29:07',NULL,4,NULL,NULL,NULL,NULL,2,NULL,NULL,0,NULL,0,NULL,1,NULL,0),(300,47,NULL,7,'Subject for Membership Signup','2008-10-20 06:30:30',NULL,1,NULL,NULL,NULL,NULL,2,NULL,NULL,0,NULL,0,NULL,1,NULL,0),(301,402,NULL,10,'Subject for Pledge Acknowledgment','2009-03-10 03:42:16',NULL,4,NULL,NULL,NULL,NULL,2,NULL,NULL,0,NULL,0,NULL,1,NULL,0),(302,402,NULL,9,'Subject for Tell a Friend','2009-05-07 07:36:14',NULL,2,NULL,NULL,NULL,NULL,2,NULL,NULL,0,NULL,0,NULL,1,NULL,0),(303,402,NULL,9,'Subject for Tell a Friend','2008-09-12 04:13:23',NULL,5,NULL,NULL,NULL,NULL,2,NULL,NULL,0,NULL,0,NULL,1,NULL,0),(304,402,NULL,8,'Subject for Membership Renewal','2008-11-13 12:39:22',NULL,5,NULL,NULL,NULL,NULL,2,NULL,NULL,0,NULL,0,NULL,1,NULL,0),(305,402,NULL,7,'Subject for Membership Signup','2008-10-20 02:06:39',NULL,1,NULL,NULL,NULL,NULL,2,NULL,NULL,0,NULL,0,NULL,1,NULL,0),(306,402,NULL,7,'Subject for Membership Signup','2009-05-05 03:28:34',NULL,4,NULL,NULL,NULL,NULL,2,NULL,NULL,0,NULL,0,NULL,1,NULL,0),(307,402,NULL,8,'Subject for Membership Renewal','2009-03-16 09:12:35',NULL,2,NULL,NULL,NULL,NULL,2,NULL,NULL,0,NULL,0,NULL,1,NULL,0),(308,402,NULL,10,'Subject for Pledge Acknowledgment','2008-06-20 12:43:44',NULL,6,NULL,NULL,NULL,NULL,2,NULL,NULL,0,NULL,0,NULL,1,NULL,0),(309,402,NULL,9,'Subject for Tell a Friend','2009-04-28 12:52:02',NULL,3,NULL,NULL,NULL,NULL,2,NULL,NULL,0,NULL,0,NULL,1,NULL,0),(310,402,NULL,9,'Subject for Tell a Friend','2008-09-23 02:56:19',NULL,3,NULL,NULL,NULL,NULL,2,NULL,NULL,0,NULL,0,NULL,1,NULL,0),(311,402,NULL,10,'Subject for Pledge Acknowledgment','2008-08-23 07:18:12',NULL,1,NULL,NULL,NULL,NULL,2,NULL,NULL,0,NULL,0,NULL,1,NULL,0),(312,402,NULL,10,'Subject for Pledge Acknowledgment','2008-06-29 02:40:13',NULL,2,NULL,NULL,NULL,NULL,2,NULL,NULL,0,NULL,0,NULL,1,NULL,0),(313,402,NULL,8,'Subject for Membership Renewal','2009-03-17 10:26:10',NULL,6,NULL,NULL,NULL,NULL,2,NULL,NULL,0,NULL,0,NULL,1,NULL,0),(314,402,NULL,7,'Subject for Membership Signup','2008-12-12 01:04:18',NULL,4,NULL,NULL,NULL,NULL,2,NULL,NULL,0,NULL,0,NULL,1,NULL,0),(315,402,NULL,9,'Subject for Tell a Friend','2008-06-03 06:39:55',NULL,1,NULL,NULL,NULL,NULL,2,NULL,NULL,0,NULL,0,NULL,1,NULL,0),(316,402,NULL,9,'Subject for Tell a Friend','2008-12-13 01:33:42',NULL,6,NULL,NULL,NULL,NULL,2,NULL,NULL,0,NULL,0,NULL,1,NULL,0),(317,402,NULL,7,'Subject for Membership Signup','2008-07-14 02:36:00',NULL,3,NULL,NULL,NULL,NULL,2,NULL,NULL,0,NULL,0,NULL,1,NULL,0),(318,402,NULL,10,'Subject for Pledge Acknowledgment','2008-06-08 10:14:31',NULL,6,NULL,NULL,NULL,NULL,2,NULL,NULL,0,NULL,0,NULL,1,NULL,0),(319,402,NULL,9,'Subject for Tell a Friend','2009-02-10 11:58:18',NULL,5,NULL,NULL,NULL,NULL,2,NULL,NULL,0,NULL,0,NULL,1,NULL,0),(320,402,NULL,9,'Subject for Tell a Friend','2009-04-24 11:29:02',NULL,3,NULL,NULL,NULL,NULL,2,NULL,NULL,0,NULL,0,NULL,1,NULL,0),(321,402,NULL,8,'Subject for Membership Renewal','2008-06-14 09:22:12',NULL,6,NULL,NULL,NULL,NULL,2,NULL,NULL,0,NULL,0,NULL,1,NULL,0),(322,402,NULL,10,'Subject for Pledge Acknowledgment','2009-01-12 12:58:16',NULL,4,NULL,NULL,NULL,NULL,2,NULL,NULL,0,NULL,0,NULL,1,NULL,0),(323,402,NULL,9,'Subject for Tell a Friend','2008-09-26 12:32:46',NULL,6,NULL,NULL,NULL,NULL,2,NULL,NULL,0,NULL,0,NULL,1,NULL,0),(324,402,NULL,8,'Subject for Membership Renewal','2008-09-30 03:09:51',NULL,2,NULL,NULL,NULL,NULL,2,NULL,NULL,0,NULL,0,NULL,1,NULL,0),(325,402,NULL,10,'Subject for Pledge Acknowledgment','2008-08-31 09:19:10',NULL,1,NULL,NULL,NULL,NULL,2,NULL,NULL,0,NULL,0,NULL,1,NULL,0),(326,402,NULL,7,'Subject for Membership Signup','2008-08-18 10:38:10',NULL,1,NULL,NULL,NULL,NULL,2,NULL,NULL,0,NULL,0,NULL,1,NULL,0),(327,402,NULL,8,'Subject for Membership Renewal','2008-12-15 02:23:58',NULL,6,NULL,NULL,NULL,NULL,2,NULL,NULL,0,NULL,0,NULL,1,NULL,0),(328,402,NULL,9,'Subject for Tell a Friend','2009-04-16 02:23:13',NULL,6,NULL,NULL,NULL,NULL,2,NULL,NULL,0,NULL,0,NULL,1,NULL,0),(329,402,NULL,10,'Subject for Pledge Acknowledgment','2009-05-12 03:39:31',NULL,5,NULL,NULL,NULL,NULL,2,NULL,NULL,0,NULL,0,NULL,1,NULL,0),(330,402,NULL,10,'Subject for Pledge Acknowledgment','2009-02-20 02:58:33',NULL,1,NULL,NULL,NULL,NULL,2,NULL,NULL,0,NULL,0,NULL,1,NULL,0),(331,402,NULL,9,'Subject for Tell a Friend','2008-09-21 04:49:25',NULL,2,NULL,NULL,NULL,NULL,2,NULL,NULL,0,NULL,0,NULL,1,NULL,0),(332,402,NULL,8,'Subject for Membership Renewal','2008-12-09 06:33:56',NULL,1,NULL,NULL,NULL,NULL,2,NULL,NULL,0,NULL,0,NULL,1,NULL,0),(333,402,NULL,8,'Subject for Membership Renewal','2008-06-26 05:09:21',NULL,5,NULL,NULL,NULL,NULL,2,NULL,NULL,0,NULL,0,NULL,1,NULL,0),(334,402,NULL,7,'Subject for Membership Signup','2008-06-15 09:50:35',NULL,3,NULL,NULL,NULL,NULL,2,NULL,NULL,0,NULL,0,NULL,1,NULL,0),(335,402,NULL,8,'Subject for Membership Renewal','2009-02-07 04:23:49',NULL,4,NULL,NULL,NULL,NULL,2,NULL,NULL,0,NULL,0,NULL,1,NULL,0),(336,402,NULL,8,'Subject for Membership Renewal','2008-07-31 02:40:54',NULL,6,NULL,NULL,NULL,NULL,2,NULL,NULL,0,NULL,0,NULL,1,NULL,0),(337,402,NULL,10,'Subject for Pledge Acknowledgment','2009-02-05 12:38:53',NULL,5,NULL,NULL,NULL,NULL,2,NULL,NULL,0,NULL,0,NULL,1,NULL,0),(338,402,NULL,10,'Subject for Pledge Acknowledgment','2008-10-24 11:45:23',NULL,6,NULL,NULL,NULL,NULL,2,NULL,NULL,0,NULL,0,NULL,1,NULL,0),(339,402,NULL,8,'Subject for Membership Renewal','2009-05-14 11:02:23',NULL,6,NULL,NULL,NULL,NULL,2,NULL,NULL,0,NULL,0,NULL,1,NULL,0),(340,402,NULL,7,'Subject for Membership Signup','2008-08-29 02:07:30',NULL,6,NULL,NULL,NULL,NULL,2,NULL,NULL,0,NULL,0,NULL,1,NULL,0),(341,402,NULL,10,'Subject for Pledge Acknowledgment','2008-09-23 11:30:42',NULL,6,NULL,NULL,NULL,NULL,2,NULL,NULL,0,NULL,0,NULL,1,NULL,0),(342,402,NULL,8,'Subject for Membership Renewal','2009-03-19 07:52:23',NULL,4,NULL,NULL,NULL,NULL,2,NULL,NULL,0,NULL,0,NULL,1,NULL,0),(343,402,NULL,9,'Subject for Tell a Friend','2009-05-10 01:58:48',NULL,5,NULL,NULL,NULL,NULL,2,NULL,NULL,0,NULL,0,NULL,1,NULL,0),(344,402,NULL,10,'Subject for Pledge Acknowledgment','2008-11-22 03:28:19',NULL,4,NULL,NULL,NULL,NULL,2,NULL,NULL,0,NULL,0,NULL,1,NULL,0),(345,402,NULL,7,'Subject for Membership Signup','2008-10-21 07:27:01',NULL,6,NULL,NULL,NULL,NULL,2,NULL,NULL,0,NULL,0,NULL,1,NULL,0),(346,402,NULL,9,'Subject for Tell a Friend','2008-12-04 02:07:16',NULL,4,NULL,NULL,NULL,NULL,2,NULL,NULL,0,NULL,0,NULL,1,NULL,0),(347,402,NULL,10,'Subject for Pledge Acknowledgment','2009-03-05 08:28:15',NULL,4,NULL,NULL,NULL,NULL,2,NULL,NULL,0,NULL,0,NULL,1,NULL,0),(348,402,NULL,7,'Subject for Membership Signup','2009-01-29 08:04:08',NULL,6,NULL,NULL,NULL,NULL,2,NULL,NULL,0,NULL,0,NULL,1,NULL,0),(349,402,NULL,10,'Subject for Pledge Acknowledgment','2008-06-20 05:10:05',NULL,2,NULL,NULL,NULL,NULL,2,NULL,NULL,0,NULL,0,NULL,1,NULL,0),(350,402,NULL,10,'Subject for Pledge Acknowledgment','2008-06-01 04:08:22',NULL,4,NULL,NULL,NULL,NULL,2,NULL,NULL,0,NULL,0,NULL,1,NULL,0),(351,402,NULL,8,'Subject for Membership Renewal','2009-05-17 09:50:11',NULL,1,NULL,NULL,NULL,NULL,2,NULL,NULL,0,NULL,0,NULL,1,NULL,0),(352,402,NULL,9,'Subject for Tell a Friend','2008-07-09 09:53:13',NULL,1,NULL,NULL,NULL,NULL,2,NULL,NULL,0,NULL,0,NULL,1,NULL,0),(353,402,NULL,7,'Subject for Membership Signup','2008-09-08 12:16:08',NULL,1,NULL,NULL,NULL,NULL,2,NULL,NULL,0,NULL,0,NULL,1,NULL,0),(354,402,NULL,8,'Subject for Membership Renewal','2008-12-23 08:43:08',NULL,5,NULL,NULL,NULL,NULL,2,NULL,NULL,0,NULL,0,NULL,1,NULL,0),(355,402,NULL,10,'Subject for Pledge Acknowledgment','2008-07-09 10:25:02',NULL,2,NULL,NULL,NULL,NULL,2,NULL,NULL,0,NULL,0,NULL,1,NULL,0),(356,402,NULL,10,'Subject for Pledge Acknowledgment','2008-06-23 05:34:01',NULL,5,NULL,NULL,NULL,NULL,2,NULL,NULL,0,NULL,0,NULL,1,NULL,0),(357,402,NULL,10,'Subject for Pledge Acknowledgment','2009-02-06 11:37:33',NULL,6,NULL,NULL,NULL,NULL,2,NULL,NULL,0,NULL,0,NULL,1,NULL,0),(358,402,NULL,9,'Subject for Tell a Friend','2008-08-14 07:25:47',NULL,3,NULL,NULL,NULL,NULL,2,NULL,NULL,0,NULL,0,NULL,1,NULL,0),(359,402,NULL,8,'Subject for Membership Renewal','2008-05-23 10:41:36',NULL,4,NULL,NULL,NULL,NULL,2,NULL,NULL,0,NULL,0,NULL,1,NULL,0),(360,402,NULL,7,'Subject for Membership Signup','2008-10-03 03:58:16',NULL,6,NULL,NULL,NULL,NULL,2,NULL,NULL,0,NULL,0,NULL,1,NULL,0),(361,402,NULL,8,'Subject for Membership Renewal','2009-04-28 04:55:45',NULL,1,NULL,NULL,NULL,NULL,2,NULL,NULL,0,NULL,0,NULL,1,NULL,0),(362,402,NULL,10,'Subject for Pledge Acknowledgment','2008-11-05 05:30:30',NULL,6,NULL,NULL,NULL,NULL,2,NULL,NULL,0,NULL,0,NULL,1,NULL,0),(363,402,NULL,7,'Subject for Membership Signup','2008-05-31 07:46:14',NULL,5,NULL,NULL,NULL,NULL,2,NULL,NULL,0,NULL,0,NULL,1,NULL,0),(364,402,NULL,9,'Subject for Tell a Friend','2008-10-10 01:43:22',NULL,5,NULL,NULL,NULL,NULL,2,NULL,NULL,0,NULL,0,NULL,1,NULL,0),(365,402,NULL,7,'Subject for Membership Signup','2008-09-26 07:19:02',NULL,3,NULL,NULL,NULL,NULL,2,NULL,NULL,0,NULL,0,NULL,1,NULL,0),(366,402,NULL,8,'Subject for Membership Renewal','2009-03-06 01:25:49',NULL,1,NULL,NULL,NULL,NULL,2,NULL,NULL,0,NULL,0,NULL,1,NULL,0),(367,402,NULL,8,'Subject for Membership Renewal','2009-01-30 06:16:51',NULL,4,NULL,NULL,NULL,NULL,2,NULL,NULL,0,NULL,0,NULL,1,NULL,0),(368,402,NULL,10,'Subject for Pledge Acknowledgment','2008-11-06 04:32:57',NULL,3,NULL,NULL,NULL,NULL,2,NULL,NULL,0,NULL,0,NULL,1,NULL,0),(369,402,NULL,8,'Subject for Membership Renewal','2008-10-14 02:05:22',NULL,2,NULL,NULL,NULL,NULL,2,NULL,NULL,0,NULL,0,NULL,1,NULL,0),(370,402,NULL,7,'Subject for Membership Signup','2008-06-26 10:09:44',NULL,5,NULL,NULL,NULL,NULL,2,NULL,NULL,0,NULL,0,NULL,1,NULL,0),(371,402,NULL,10,'Subject for Pledge Acknowledgment','2009-04-02 06:04:57',NULL,1,NULL,NULL,NULL,NULL,2,NULL,NULL,0,NULL,0,NULL,1,NULL,0),(372,402,NULL,7,'Subject for Membership Signup','2008-06-18 07:06:01',NULL,6,NULL,NULL,NULL,NULL,2,NULL,NULL,0,NULL,0,NULL,1,NULL,0),(373,402,NULL,9,'Subject for Tell a Friend','2008-06-17 04:49:59',NULL,2,NULL,NULL,NULL,NULL,2,NULL,NULL,0,NULL,0,NULL,1,NULL,0),(374,402,NULL,9,'Subject for Tell a Friend','2008-11-16 06:20:56',NULL,4,NULL,NULL,NULL,NULL,2,NULL,NULL,0,NULL,0,NULL,1,NULL,0),(375,402,NULL,7,'Subject for Membership Signup','2008-06-05 02:40:39',NULL,4,NULL,NULL,NULL,NULL,2,NULL,NULL,0,NULL,0,NULL,1,NULL,0),(376,402,NULL,7,'Subject for Membership Signup','2008-09-14 04:08:16',NULL,5,NULL,NULL,NULL,NULL,2,NULL,NULL,0,NULL,0,NULL,1,NULL,0),(377,402,NULL,7,'Subject for Membership Signup','2008-08-17 12:12:19',NULL,4,NULL,NULL,NULL,NULL,2,NULL,NULL,0,NULL,0,NULL,1,NULL,0),(378,402,NULL,9,'Subject for Tell a Friend','2008-10-30 09:30:55',NULL,2,NULL,NULL,NULL,NULL,2,NULL,NULL,0,NULL,0,NULL,1,NULL,0),(379,402,NULL,9,'Subject for Tell a Friend','2009-03-03 09:00:18',NULL,2,NULL,NULL,NULL,NULL,2,NULL,NULL,0,NULL,0,NULL,1,NULL,0),(380,402,NULL,8,'Subject for Membership Renewal','2008-09-13 09:47:30',NULL,1,NULL,NULL,NULL,NULL,2,NULL,NULL,0,NULL,0,NULL,1,NULL,0),(381,402,NULL,8,'Subject for Membership Renewal','2008-07-15 07:48:29',NULL,5,NULL,NULL,NULL,NULL,2,NULL,NULL,0,NULL,0,NULL,1,NULL,0),(382,402,NULL,7,'Subject for Membership Signup','2008-11-24 01:00:07',NULL,1,NULL,NULL,NULL,NULL,2,NULL,NULL,0,NULL,0,NULL,1,NULL,0),(383,402,NULL,9,'Subject for Tell a Friend','2009-01-28 10:25:17',NULL,4,NULL,NULL,NULL,NULL,2,NULL,NULL,0,NULL,0,NULL,1,NULL,0),(384,402,NULL,7,'Subject for Membership Signup','2008-12-18 09:34:24',NULL,5,NULL,NULL,NULL,NULL,2,NULL,NULL,0,NULL,0,NULL,1,NULL,0),(385,402,NULL,7,'Subject for Membership Signup','2009-03-06 06:08:13',NULL,2,NULL,NULL,NULL,NULL,2,NULL,NULL,0,NULL,0,NULL,1,NULL,0),(386,402,NULL,7,'Subject for Membership Signup','2009-04-10 04:45:26',NULL,3,NULL,NULL,NULL,NULL,2,NULL,NULL,0,NULL,0,NULL,1,NULL,0),(387,402,NULL,8,'Subject for Membership Renewal','2009-02-25 09:03:35',NULL,2,NULL,NULL,NULL,NULL,2,NULL,NULL,0,NULL,0,NULL,1,NULL,0),(388,402,NULL,10,'Subject for Pledge Acknowledgment','2009-02-12 08:34:46',NULL,4,NULL,NULL,NULL,NULL,2,NULL,NULL,0,NULL,0,NULL,1,NULL,0),(389,402,NULL,7,'Subject for Membership Signup','2008-06-01 11:50:01',NULL,6,NULL,NULL,NULL,NULL,2,NULL,NULL,0,NULL,0,NULL,1,NULL,0),(390,402,NULL,8,'Subject for Membership Renewal','2008-09-05 10:11:25',NULL,3,NULL,NULL,NULL,NULL,2,NULL,NULL,0,NULL,0,NULL,1,NULL,0),(391,402,NULL,10,'Subject for Pledge Acknowledgment','2009-04-23 05:53:42',NULL,2,NULL,NULL,NULL,NULL,2,NULL,NULL,0,NULL,0,NULL,1,NULL,0),(392,402,NULL,10,'Subject for Pledge Acknowledgment','2008-12-15 12:49:13',NULL,3,NULL,NULL,NULL,NULL,2,NULL,NULL,0,NULL,0,NULL,1,NULL,0),(393,402,NULL,7,'Subject for Membership Signup','2008-10-20 01:10:31',NULL,6,NULL,NULL,NULL,NULL,2,NULL,NULL,0,NULL,0,NULL,1,NULL,0),(394,402,NULL,10,'Subject for Pledge Acknowledgment','2009-05-19 06:55:23',NULL,1,NULL,NULL,NULL,NULL,2,NULL,NULL,0,NULL,0,NULL,1,NULL,0),(395,402,NULL,9,'Subject for Tell a Friend','2009-01-25 05:32:31',NULL,4,NULL,NULL,NULL,NULL,2,NULL,NULL,0,NULL,0,NULL,1,NULL,0),(396,402,NULL,8,'Subject for Membership Renewal','2009-02-19 09:41:38',NULL,1,NULL,NULL,NULL,NULL,2,NULL,NULL,0,NULL,0,NULL,1,NULL,0),(397,402,NULL,10,'Subject for Pledge Acknowledgment','2009-04-12 06:56:28',NULL,5,NULL,NULL,NULL,NULL,2,NULL,NULL,0,NULL,0,NULL,1,NULL,0),(398,402,NULL,10,'Subject for Pledge Acknowledgment','2009-01-12 07:51:19',NULL,5,NULL,NULL,NULL,NULL,2,NULL,NULL,0,NULL,0,NULL,1,NULL,0),(399,402,NULL,10,'Subject for Pledge Acknowledgment','2009-03-17 05:12:41',NULL,3,NULL,NULL,NULL,NULL,2,NULL,NULL,0,NULL,0,NULL,1,NULL,0),(400,402,NULL,9,'Subject for Tell a Friend','2009-02-11 11:16:54',NULL,5,NULL,NULL,NULL,NULL,2,NULL,NULL,0,NULL,0,NULL,1,NULL,0),(401,402,NULL,8,'Subject for Membership Renewal','2008-11-24 09:25:14',NULL,4,NULL,NULL,NULL,NULL,2,NULL,NULL,0,NULL,0,NULL,1,NULL,0),(402,402,NULL,10,'Subject for Pledge Acknowledgment','2008-06-29 04:35:55',NULL,5,NULL,NULL,NULL,NULL,2,NULL,NULL,0,NULL,0,NULL,1,NULL,0),(403,402,NULL,7,'Subject for Membership Signup','2008-11-20 11:14:05',NULL,1,NULL,NULL,NULL,NULL,2,NULL,NULL,0,NULL,0,NULL,1,NULL,0),(404,402,NULL,9,'Subject for Tell a Friend','2008-10-17 09:40:31',NULL,2,NULL,NULL,NULL,NULL,2,NULL,NULL,0,NULL,0,NULL,1,NULL,0),(405,402,NULL,10,'Subject for Pledge Acknowledgment','2008-06-20 01:40:47',NULL,1,NULL,NULL,NULL,NULL,2,NULL,NULL,0,NULL,0,NULL,1,NULL,0),(406,402,NULL,10,'Subject for Pledge Acknowledgment','2008-09-05 02:32:58',NULL,6,NULL,NULL,NULL,NULL,2,NULL,NULL,0,NULL,0,NULL,1,NULL,0),(407,402,NULL,8,'Subject for Membership Renewal','2008-05-25 01:16:16',NULL,1,NULL,NULL,NULL,NULL,2,NULL,NULL,0,NULL,0,NULL,1,NULL,0),(408,402,NULL,7,'Subject for Membership Signup','2008-09-17 05:36:55',NULL,6,NULL,NULL,NULL,NULL,2,NULL,NULL,0,NULL,0,NULL,1,NULL,0),(409,402,NULL,7,'Subject for Membership Signup','2008-09-19 01:08:06',NULL,3,NULL,NULL,NULL,NULL,2,NULL,NULL,0,NULL,0,NULL,1,NULL,0),(410,402,NULL,10,'Subject for Pledge Acknowledgment','2008-12-01 01:53:50',NULL,2,NULL,NULL,NULL,NULL,2,NULL,NULL,0,NULL,0,NULL,1,NULL,0),(411,402,NULL,9,'Subject for Tell a Friend','2008-08-11 11:48:54',NULL,6,NULL,NULL,NULL,NULL,2,NULL,NULL,0,NULL,0,NULL,1,NULL,0),(412,402,NULL,7,'Subject for Membership Signup','2009-01-09 09:44:37',NULL,4,NULL,NULL,NULL,NULL,2,NULL,NULL,0,NULL,0,NULL,1,NULL,0),(413,402,NULL,9,'Subject for Tell a Friend','2008-09-11 10:05:09',NULL,5,NULL,NULL,NULL,NULL,2,NULL,NULL,0,NULL,0,NULL,1,NULL,0),(414,402,NULL,10,'Subject for Pledge Acknowledgment','2008-10-28 03:42:37',NULL,4,NULL,NULL,NULL,NULL,2,NULL,NULL,0,NULL,0,NULL,1,NULL,0),(415,402,NULL,7,'Subject for Membership Signup','2008-07-06 07:19:53',NULL,3,NULL,NULL,NULL,NULL,2,NULL,NULL,0,NULL,0,NULL,1,NULL,0),(416,402,NULL,10,'Subject for Pledge Acknowledgment','2009-02-14 03:35:32',NULL,5,NULL,NULL,NULL,NULL,2,NULL,NULL,0,NULL,0,NULL,1,NULL,0),(417,402,NULL,7,'Subject for Membership Signup','2009-03-20 03:44:01',NULL,6,NULL,NULL,NULL,NULL,2,NULL,NULL,0,NULL,0,NULL,1,NULL,0),(418,402,NULL,10,'Subject for Pledge Acknowledgment','2008-12-16 03:32:54',NULL,3,NULL,NULL,NULL,NULL,2,NULL,NULL,0,NULL,0,NULL,1,NULL,0),(419,402,NULL,9,'Subject for Tell a Friend','2008-10-04 06:29:34',NULL,2,NULL,NULL,NULL,NULL,2,NULL,NULL,0,NULL,0,NULL,1,NULL,0),(420,402,NULL,8,'Subject for Membership Renewal','2009-05-14 10:29:59',NULL,5,NULL,NULL,NULL,NULL,2,NULL,NULL,0,NULL,0,NULL,1,NULL,0),(421,402,NULL,7,'Subject for Membership Signup','2008-07-06 04:35:16',NULL,6,NULL,NULL,NULL,NULL,2,NULL,NULL,0,NULL,0,NULL,1,NULL,0),(422,402,NULL,7,'Subject for Membership Signup','2009-04-16 11:08:15',NULL,5,NULL,NULL,NULL,NULL,2,NULL,NULL,0,NULL,0,NULL,1,NULL,0),(423,402,NULL,8,'Subject for Membership Renewal','2009-04-27 05:19:44',NULL,4,NULL,NULL,NULL,NULL,2,NULL,NULL,0,NULL,0,NULL,1,NULL,0),(424,402,NULL,7,'Subject for Membership Signup','2008-06-13 01:02:06',NULL,2,NULL,NULL,NULL,NULL,2,NULL,NULL,0,NULL,0,NULL,1,NULL,0),(425,402,NULL,9,'Subject for Tell a Friend','2009-04-09 09:34:12',NULL,1,NULL,NULL,NULL,NULL,2,NULL,NULL,0,NULL,0,NULL,1,NULL,0),(426,402,NULL,9,'Subject for Tell a Friend','2009-02-18 01:06:39',NULL,1,NULL,NULL,NULL,NULL,2,NULL,NULL,0,NULL,0,NULL,1,NULL,0),(427,402,NULL,9,'Subject for Tell a Friend','2008-12-31 06:47:06',NULL,4,NULL,NULL,NULL,NULL,2,NULL,NULL,0,NULL,0,NULL,1,NULL,0),(428,402,NULL,10,'Subject for Pledge Acknowledgment','2008-09-08 04:38:26',NULL,1,NULL,NULL,NULL,NULL,2,NULL,NULL,0,NULL,0,NULL,1,NULL,0),(429,402,NULL,10,'Subject for Pledge Acknowledgment','2009-01-16 11:30:40',NULL,5,NULL,NULL,NULL,NULL,2,NULL,NULL,0,NULL,0,NULL,1,NULL,0),(430,402,NULL,9,'Subject for Tell a Friend','2008-09-07 02:45:18',NULL,2,NULL,NULL,NULL,NULL,2,NULL,NULL,0,NULL,0,NULL,1,NULL,0),(431,402,NULL,7,'Subject for Membership Signup','2009-02-20 12:54:07',NULL,4,NULL,NULL,NULL,NULL,2,NULL,NULL,0,NULL,0,NULL,1,NULL,0),(432,402,NULL,10,'Subject for Pledge Acknowledgment','2008-12-27 11:52:43',NULL,2,NULL,NULL,NULL,NULL,2,NULL,NULL,0,NULL,0,NULL,1,NULL,0),(433,402,NULL,8,'Subject for Membership Renewal','2008-09-18 08:28:46',NULL,6,NULL,NULL,NULL,NULL,2,NULL,NULL,0,NULL,0,NULL,1,NULL,0),(434,402,NULL,10,'Subject for Pledge Acknowledgment','2009-01-29 02:55:27',NULL,5,NULL,NULL,NULL,NULL,2,NULL,NULL,0,NULL,0,NULL,1,NULL,0),(435,402,NULL,10,'Subject for Pledge Acknowledgment','2008-09-17 04:01:57',NULL,5,NULL,NULL,NULL,NULL,2,NULL,NULL,0,NULL,0,NULL,1,NULL,0),(436,402,NULL,9,'Subject for Tell a Friend','2008-11-19 05:59:25',NULL,4,NULL,NULL,NULL,NULL,2,NULL,NULL,0,NULL,0,NULL,1,NULL,0),(437,402,NULL,8,'Subject for Membership Renewal','2008-08-25 11:01:26',NULL,6,NULL,NULL,NULL,NULL,2,NULL,NULL,0,NULL,0,NULL,1,NULL,0),(438,402,NULL,10,'Subject for Pledge Acknowledgment','2009-01-25 10:40:02',NULL,2,NULL,NULL,NULL,NULL,2,NULL,NULL,0,NULL,0,NULL,1,NULL,0),(439,402,NULL,10,'Subject for Pledge Acknowledgment','2008-06-24 01:06:42',NULL,1,NULL,NULL,NULL,NULL,2,NULL,NULL,0,NULL,0,NULL,1,NULL,0),(440,402,NULL,7,'Subject for Membership Signup','2009-04-02 09:02:35',NULL,4,NULL,NULL,NULL,NULL,2,NULL,NULL,0,NULL,0,NULL,1,NULL,0),(441,402,NULL,10,'Subject for Pledge Acknowledgment','2008-05-24 03:12:14',NULL,6,NULL,NULL,NULL,NULL,2,NULL,NULL,0,NULL,0,NULL,1,NULL,0),(442,402,NULL,10,'Subject for Pledge Acknowledgment','2009-05-03 05:17:27',NULL,3,NULL,NULL,NULL,NULL,2,NULL,NULL,0,NULL,0,NULL,1,NULL,0),(443,402,NULL,10,'Subject for Pledge Acknowledgment','2008-12-19 05:38:38',NULL,3,NULL,NULL,NULL,NULL,2,NULL,NULL,0,NULL,0,NULL,1,NULL,0),(444,402,NULL,9,'Subject for Tell a Friend','2008-10-01 04:13:48',NULL,5,NULL,NULL,NULL,NULL,2,NULL,NULL,0,NULL,0,NULL,1,NULL,0),(445,402,NULL,10,'Subject for Pledge Acknowledgment','2008-11-13 09:09:47',NULL,6,NULL,NULL,NULL,NULL,2,NULL,NULL,0,NULL,0,NULL,1,NULL,0),(446,402,NULL,8,'Subject for Membership Renewal','2009-05-04 05:41:08',NULL,2,NULL,NULL,NULL,NULL,2,NULL,NULL,0,NULL,0,NULL,1,NULL,0),(447,402,NULL,7,'Subject for Membership Signup','2009-02-05 04:56:09',NULL,5,NULL,NULL,NULL,NULL,2,NULL,NULL,0,NULL,0,NULL,1,NULL,0),(448,402,NULL,8,'Subject for Membership Renewal','2009-05-15 05:31:58',NULL,3,NULL,NULL,NULL,NULL,2,NULL,NULL,0,NULL,0,NULL,1,NULL,0),(449,402,NULL,7,'Subject for Membership Signup','2008-09-22 07:23:25',NULL,5,NULL,NULL,NULL,NULL,2,NULL,NULL,0,NULL,0,NULL,1,NULL,0),(450,402,NULL,10,'Subject for Pledge Acknowledgment','2008-10-12 02:49:51',NULL,3,NULL,NULL,NULL,NULL,2,NULL,NULL,0,NULL,0,NULL,1,NULL,0),(451,268,1,7,'General','2009-05-22 00:00:00',NULL,NULL,NULL,NULL,NULL,NULL,2,NULL,NULL,0,NULL,0,NULL,1,NULL,0),(452,273,2,7,'Student','2009-05-21 00:00:00',NULL,NULL,NULL,NULL,NULL,NULL,2,NULL,NULL,0,NULL,0,NULL,1,NULL,0),(453,194,3,7,'General','2009-05-20 00:00:00',NULL,NULL,NULL,NULL,NULL,NULL,2,NULL,NULL,0,NULL,0,NULL,1,NULL,0),(454,333,4,7,'Student','2009-05-19 00:00:00',NULL,NULL,NULL,NULL,NULL,NULL,2,NULL,NULL,0,NULL,0,NULL,1,NULL,0),(455,350,5,7,'Student','2008-05-18 00:00:00',NULL,NULL,NULL,NULL,NULL,NULL,2,NULL,NULL,0,NULL,0,NULL,1,NULL,0),(456,415,6,7,'Student','2009-05-17 00:00:00',NULL,NULL,NULL,NULL,NULL,NULL,2,NULL,NULL,0,NULL,0,NULL,1,NULL,0),(457,211,7,7,'General','2009-05-16 00:00:00',NULL,NULL,NULL,NULL,NULL,NULL,2,NULL,NULL,0,NULL,0,NULL,1,NULL,0),(458,492,8,7,'Student','2009-05-15 00:00:00',NULL,NULL,NULL,NULL,NULL,NULL,2,NULL,NULL,0,NULL,0,NULL,1,NULL,0),(459,347,9,7,'General','2009-05-14 00:00:00',NULL,NULL,NULL,NULL,NULL,NULL,2,NULL,NULL,0,NULL,0,NULL,1,NULL,0),(460,161,10,7,'Student','2008-05-13 00:00:00',NULL,NULL,NULL,NULL,NULL,NULL,2,NULL,NULL,0,NULL,0,NULL,1,NULL,0),(461,79,11,7,'Lifetime','2009-05-12 00:00:00',NULL,NULL,NULL,NULL,NULL,NULL,2,NULL,NULL,0,NULL,0,NULL,1,NULL,0),(462,146,12,7,'Student','2009-05-11 00:00:00',NULL,NULL,NULL,NULL,NULL,NULL,2,NULL,NULL,0,NULL,0,NULL,1,NULL,0),(463,285,13,7,'General','2009-05-10 00:00:00',NULL,NULL,NULL,NULL,NULL,NULL,2,NULL,NULL,0,NULL,0,NULL,1,NULL,0),(464,14,14,7,'Student','2009-05-09 00:00:00',NULL,NULL,NULL,NULL,NULL,NULL,2,NULL,NULL,0,NULL,0,NULL,1,NULL,0),(465,55,15,7,'General','2007-01-30 00:00:00',NULL,NULL,NULL,NULL,NULL,NULL,2,NULL,NULL,0,NULL,0,NULL,1,NULL,0),(466,444,16,7,'Student','2009-05-07 00:00:00',NULL,NULL,NULL,NULL,NULL,NULL,2,NULL,NULL,0,NULL,0,NULL,1,NULL,0),(467,313,17,7,'General','2009-05-06 00:00:00',NULL,NULL,NULL,NULL,NULL,NULL,2,NULL,NULL,0,NULL,0,NULL,1,NULL,0),(468,267,18,7,'Student','2009-05-05 00:00:00',NULL,NULL,NULL,NULL,NULL,NULL,2,NULL,NULL,0,NULL,0,NULL,1,NULL,0),(469,296,19,7,'General','2009-05-04 00:00:00',NULL,NULL,NULL,NULL,NULL,NULL,2,NULL,NULL,0,NULL,0,NULL,1,NULL,0),(470,394,20,7,'General','2006-12-21 00:00:00',NULL,NULL,NULL,NULL,NULL,NULL,2,NULL,NULL,0,NULL,0,NULL,1,NULL,0),(471,482,21,7,'General','2009-05-02 00:00:00',NULL,NULL,NULL,NULL,NULL,NULL,2,NULL,NULL,0,NULL,0,NULL,1,NULL,0),(472,186,22,7,'Lifetime','2009-05-01 00:00:00',NULL,NULL,NULL,NULL,NULL,NULL,2,NULL,NULL,0,NULL,0,NULL,1,NULL,0),(473,201,23,7,'General','2009-04-30 00:00:00',NULL,NULL,NULL,NULL,NULL,NULL,2,NULL,NULL,0,NULL,0,NULL,1,NULL,0),(474,40,24,7,'Student','2009-04-29 00:00:00',NULL,NULL,NULL,NULL,NULL,NULL,2,NULL,NULL,0,NULL,0,NULL,1,NULL,0),(475,173,25,7,'Student','2008-04-28 00:00:00',NULL,NULL,NULL,NULL,NULL,NULL,2,NULL,NULL,0,NULL,0,NULL,1,NULL,0),(476,122,26,7,'Student','2009-04-27 00:00:00',NULL,NULL,NULL,NULL,NULL,NULL,2,NULL,NULL,0,NULL,0,NULL,1,NULL,0),(477,166,27,7,'General','2009-04-26 00:00:00',NULL,NULL,NULL,NULL,NULL,NULL,2,NULL,NULL,0,NULL,0,NULL,1,NULL,0),(478,428,28,7,'Student','2009-04-25 00:00:00',NULL,NULL,NULL,NULL,NULL,NULL,2,NULL,NULL,0,NULL,0,NULL,1,NULL,0),(479,222,29,7,'General','2009-04-24 00:00:00',NULL,NULL,NULL,NULL,NULL,NULL,2,NULL,NULL,0,NULL,0,NULL,1,NULL,0),(480,424,30,7,'General','2006-10-02 00:00:00',NULL,NULL,NULL,NULL,NULL,NULL,2,NULL,NULL,0,NULL,0,NULL,1,NULL,0),(481,342,1,5,'NULL','2006-01-21 00:00:00',NULL,NULL,NULL,NULL,NULL,NULL,2,NULL,NULL,0,NULL,0,NULL,1,NULL,0),(482,356,2,5,'NULL','2005-05-07 00:00:00',NULL,NULL,NULL,NULL,NULL,NULL,2,NULL,NULL,0,NULL,0,NULL,1,NULL,0),(483,464,3,5,'NULL','2005-05-05 00:00:00',NULL,NULL,NULL,NULL,NULL,NULL,2,NULL,NULL,0,NULL,0,NULL,1,NULL,0),(484,167,4,5,'NULL','2005-10-21 00:00:00',NULL,NULL,NULL,NULL,NULL,NULL,2,NULL,NULL,0,NULL,0,NULL,1,NULL,0),(485,465,5,5,'NULL','2005-01-10 00:00:00',NULL,NULL,NULL,NULL,NULL,NULL,2,NULL,NULL,0,NULL,0,NULL,1,NULL,0),(486,191,6,5,'NULL','2005-03-05 00:00:00',NULL,NULL,NULL,NULL,NULL,NULL,2,NULL,NULL,0,NULL,0,NULL,1,NULL,0),(487,107,7,5,'NULL','2006-07-21 00:00:00',NULL,NULL,NULL,NULL,NULL,NULL,2,NULL,NULL,0,NULL,0,NULL,1,NULL,0),(488,71,8,5,'NULL','2006-03-07 00:00:00',NULL,NULL,NULL,NULL,NULL,NULL,2,NULL,NULL,0,NULL,0,NULL,1,NULL,0),(489,289,9,5,'NULL','2005-02-05 00:00:00',NULL,NULL,NULL,NULL,NULL,NULL,2,NULL,NULL,0,NULL,0,NULL,1,NULL,0),(490,275,10,5,'NULL','2005-02-01 00:00:00',NULL,NULL,NULL,NULL,NULL,NULL,2,NULL,NULL,0,NULL,0,NULL,1,NULL,0),(491,268,11,5,'NULL','2006-01-10 00:00:00',NULL,NULL,NULL,NULL,NULL,NULL,2,NULL,NULL,0,NULL,0,NULL,1,NULL,0),(492,258,12,5,'NULL','2006-03-06 00:00:00',NULL,NULL,NULL,NULL,NULL,NULL,2,NULL,NULL,0,NULL,0,NULL,1,NULL,0),(493,104,13,5,'NULL','2005-06-04 00:00:00',NULL,NULL,NULL,NULL,NULL,NULL,2,NULL,NULL,0,NULL,0,NULL,1,NULL,0),(494,77,14,5,'NULL','2004-01-10 00:00:00',NULL,NULL,NULL,NULL,NULL,NULL,2,NULL,NULL,0,NULL,0,NULL,1,NULL,0),(495,118,15,5,'NULL','2005-07-04 00:00:00',NULL,NULL,NULL,NULL,NULL,NULL,2,NULL,NULL,0,NULL,0,NULL,1,NULL,0),(496,401,16,5,'NULL','2006-01-21 00:00:00',NULL,NULL,NULL,NULL,NULL,NULL,2,NULL,NULL,0,NULL,0,NULL,1,NULL,0),(497,199,17,5,'NULL','2005-01-10 00:00:00',NULL,NULL,NULL,NULL,NULL,NULL,2,NULL,NULL,0,NULL,0,NULL,1,NULL,0),(498,419,18,5,'NULL','2006-03-05 00:00:00',NULL,NULL,NULL,NULL,NULL,NULL,2,NULL,NULL,0,NULL,0,NULL,1,NULL,0),(499,173,19,5,'NULL','2005-10-21 00:00:00',NULL,NULL,NULL,NULL,NULL,NULL,2,NULL,NULL,0,NULL,0,NULL,1,NULL,0),(500,111,20,5,'NULL','2006-01-10 00:00:00',NULL,NULL,NULL,NULL,NULL,NULL,2,NULL,NULL,0,NULL,0,NULL,1,NULL,0),(501,428,21,5,'NULL','2005-03-25 00:00:00',NULL,NULL,NULL,NULL,NULL,NULL,2,NULL,NULL,0,NULL,0,NULL,1,NULL,0),(502,270,22,5,'NULL','2006-10-21 00:00:00',NULL,NULL,NULL,NULL,NULL,NULL,2,NULL,NULL,0,NULL,0,NULL,1,NULL,0),(503,445,23,5,'NULL','2005-01-10 00:00:00',NULL,NULL,NULL,NULL,NULL,NULL,2,NULL,NULL,0,NULL,0,NULL,1,NULL,0),(504,478,24,5,'NULL','2005-03-11 00:00:00',NULL,NULL,NULL,NULL,NULL,NULL,2,NULL,NULL,0,NULL,0,NULL,1,NULL,0),(505,305,25,5,'NULL','2005-04-05 00:00:00',NULL,NULL,NULL,NULL,NULL,NULL,2,NULL,NULL,0,NULL,0,NULL,1,NULL,0),(506,192,26,5,'NULL','2006-01-21 00:00:00',NULL,NULL,NULL,NULL,NULL,NULL,2,NULL,NULL,0,NULL,0,NULL,1,NULL,0),(507,237,27,5,'NULL','2007-05-07 00:00:00',NULL,NULL,NULL,NULL,NULL,NULL,2,NULL,NULL,0,NULL,0,NULL,1,NULL,0),(508,273,28,5,'NULL','2005-05-05 00:00:00',NULL,NULL,NULL,NULL,NULL,NULL,2,NULL,NULL,0,NULL,0,NULL,1,NULL,0),(509,171,29,5,'NULL','2007-10-21 00:00:00',NULL,NULL,NULL,NULL,NULL,NULL,2,NULL,NULL,0,NULL,0,NULL,1,NULL,0),(510,120,30,5,'NULL','2007-01-10 00:00:00',NULL,NULL,NULL,NULL,NULL,NULL,2,NULL,NULL,0,NULL,0,NULL,1,NULL,0),(511,463,31,5,'NULL','2007-03-05 00:00:00',NULL,NULL,NULL,NULL,NULL,NULL,2,NULL,NULL,0,NULL,0,NULL,1,NULL,0),(512,72,32,5,'NULL','2006-07-21 00:00:00',NULL,NULL,NULL,NULL,NULL,NULL,2,NULL,NULL,0,NULL,0,NULL,1,NULL,0),(513,265,33,5,'NULL','2006-03-07 00:00:00',NULL,NULL,NULL,NULL,NULL,NULL,2,NULL,NULL,0,NULL,0,NULL,1,NULL,0),(514,83,34,5,'NULL','2007-02-05 00:00:00',NULL,NULL,NULL,NULL,NULL,NULL,2,NULL,NULL,0,NULL,0,NULL,1,NULL,0),(515,444,35,5,'NULL','2007-02-01 00:00:00',NULL,NULL,NULL,NULL,NULL,NULL,2,NULL,NULL,0,NULL,0,NULL,1,NULL,0),(516,146,36,5,'NULL','2006-01-10 00:00:00',NULL,NULL,NULL,NULL,NULL,NULL,2,NULL,NULL,0,NULL,0,NULL,1,NULL,0),(517,223,37,5,'NULL','2006-03-06 00:00:00',NULL,NULL,NULL,NULL,NULL,NULL,2,NULL,NULL,0,NULL,0,NULL,1,NULL,0),(518,272,38,5,'NULL','2007-06-04 00:00:00',NULL,NULL,NULL,NULL,NULL,NULL,2,NULL,NULL,0,NULL,0,NULL,1,NULL,0),(519,105,39,5,'NULL','2004-01-10 00:00:00',NULL,NULL,NULL,NULL,NULL,NULL,2,NULL,NULL,0,NULL,0,NULL,1,NULL,0),(520,248,40,5,'NULL','2007-07-04 00:00:00',NULL,NULL,NULL,NULL,NULL,NULL,2,NULL,NULL,0,NULL,0,NULL,1,NULL,0),(521,497,41,5,'NULL','2006-01-21 00:00:00',NULL,NULL,NULL,NULL,NULL,NULL,2,NULL,NULL,0,NULL,0,NULL,1,NULL,0),(522,461,42,5,'NULL','2007-01-10 00:00:00',NULL,NULL,NULL,NULL,NULL,NULL,2,NULL,NULL,0,NULL,0,NULL,1,NULL,0),(523,488,43,5,'NULL','2006-03-05 00:00:00',NULL,NULL,NULL,NULL,NULL,NULL,2,NULL,NULL,0,NULL,0,NULL,1,NULL,0),(524,456,44,5,'NULL','2007-10-21 00:00:00',NULL,NULL,NULL,NULL,NULL,NULL,2,NULL,NULL,0,NULL,0,NULL,1,NULL,0),(525,27,45,5,'NULL','2006-01-10 00:00:00',NULL,NULL,NULL,NULL,NULL,NULL,2,NULL,NULL,0,NULL,0,NULL,1,NULL,0),(526,130,46,5,'NULL','2007-03-25 00:00:00',NULL,NULL,NULL,NULL,NULL,NULL,2,NULL,NULL,0,NULL,0,NULL,1,NULL,0),(527,287,47,5,'NULL','2006-10-21 00:00:00',NULL,NULL,NULL,NULL,NULL,NULL,2,NULL,NULL,0,NULL,0,NULL,1,NULL,0),(528,51,48,5,'NULL','2006-01-10 00:00:00',NULL,NULL,NULL,NULL,NULL,NULL,2,NULL,NULL,0,NULL,0,NULL,1,NULL,0),(529,155,49,5,'NULL','2007-03-11 00:00:00',NULL,NULL,NULL,NULL,NULL,NULL,2,NULL,NULL,0,NULL,0,NULL,1,NULL,0),(530,78,50,5,'NULL','2007-04-05 00:00:00',NULL,NULL,NULL,NULL,NULL,NULL,2,NULL,NULL,0,NULL,0,NULL,1,NULL,0);
/*!40000 ALTER TABLE `civicrm_activity` ENABLE KEYS */;
UNLOCK TABLES;

--
-- Dumping data for table `civicrm_activity_assignment`
--

LOCK TABLES `civicrm_activity_assignment` WRITE;
/*!40000 ALTER TABLE `civicrm_activity_assignment` DISABLE KEYS */;
INSERT INTO `civicrm_activity_assignment` (`id`, `activity_id`, `assignee_contact_id`) VALUES (95,306,1),(88,274,2),(127,431,2),(64,207,3),(35,125,4),(38,133,6),(54,179,6),(120,409,6),(7,18,7),(15,46,8),(80,254,8),(71,232,9),(27,99,10),(26,95,14),(39,134,14),(106,365,14),(97,317,15),(105,363,15),(34,118,16),(69,226,16),(85,263,16),(82,258,17),(8,23,18),(56,185,18),(57,189,20),(74,241,21),(91,289,22),(72,237,24),(112,382,24),(1,1,25),(14,39,25),(43,145,25),(6,15,27),(99,334,29),(65,211,30),(83,261,30),(29,102,31),(50,165,31),(16,49,32),(17,52,32),(19,60,32),(24,80,32),(30,105,32),(37,131,32),(23,74,33),(103,353,33),(28,100,34),(58,191,34),(115,386,34),(4,8,35),(86,268,35),(20,62,38),(93,300,38),(2,2,39),(33,113,40),(119,408,40),(79,253,41),(49,161,42),(53,174,42),(81,255,42),(9,25,43),(108,372,43),(63,206,45),(98,326,45),(123,417,45),(21,69,47),(52,171,47),(32,112,48),(47,157,48),(107,370,48),(84,262,49),(118,403,49),(22,71,50),(90,284,50),(45,150,51),(60,195,51),(124,421,54),(3,3,55),(40,135,55),(109,375,56),(92,291,58),(73,240,59),(48,158,60),(125,422,60),(41,138,63),(55,184,63),(113,384,63),(36,126,64),(10,26,65),(66,214,65),(101,345,65),(13,32,67),(46,153,67),(110,376,67),(126,424,67),(18,58,70),(87,272,70),(128,440,71),(117,393,72),(12,28,74),(61,197,76),(11,27,77),(78,252,79),(102,348,79),(129,447,79),(121,412,80),(62,201,81),(76,244,81),(51,167,82),(67,222,82),(114,385,82),(77,248,86),(96,314,86),(104,360,86),(42,143,87),(111,377,88),(122,415,88),(25,87,90),(44,149,90),(89,278,92),(116,389,92),(130,449,92),(75,243,93),(59,193,94),(5,14,95),(70,229,95),(94,305,97),(100,340,100),(31,106,101),(68,223,101);
/*!40000 ALTER TABLE `civicrm_activity_assignment` ENABLE KEYS */;
UNLOCK TABLES;

--
-- Dumping data for table `civicrm_activity_target`
--

LOCK TABLES `civicrm_activity_target` WRITE;
/*!40000 ALTER TABLE `civicrm_activity_target` DISABLE KEYS */;
INSERT INTO `civicrm_activity_target` (`id`, `activity_id`, `target_contact_id`) VALUES (56,227,1),(68,279,1),(33,129,2),(38,147,4),(60,246,5),(70,292,7),(59,235,10),(66,271,11),(95,395,11),(3,10,14),(12,42,14),(92,378,15),(62,250,16),(14,45,17),(96,400,17),(80,319,19),(61,247,21),(99,413,21),(78,315,24),(26,94,25),(7,31,26),(57,228,26),(69,283,26),(88,358,26),(91,374,26),(44,186,28),(64,260,28),(71,295,28),(5,13,29),(65,269,29),(79,316,29),(43,182,30),(18,61,31),(35,139,31),(86,346,31),(9,36,32),(13,43,32),(16,55,35),(94,383,35),(41,170,37),(30,121,38),(54,224,43),(82,323,43),(85,343,43),(15,48,44),(58,230,45),(34,136,47),(89,364,49),(75,303,51),(25,89,52),(100,419,55),(101,425,56),(8,35,58),(28,117,58),(39,155,58),(83,328,58),(4,11,60),(23,82,60),(45,194,60),(47,204,62),(77,310,62),(67,276,63),(52,219,65),(72,296,65),(73,297,65),(104,430,67),(31,124,68),(40,162,69),(48,208,69),(11,40,70),(36,141,71),(106,444,72),(2,6,74),(81,320,75),(51,216,76),(17,57,79),(55,225,79),(105,436,79),(46,203,80),(20,68,81),(97,404,83),(63,251,84),(24,86,85),(32,128,86),(29,119,88),(42,180,88),(76,309,89),(53,221,90),(87,352,92),(1,4,93),(21,73,93),(93,379,93),(10,38,94),(84,331,94),(90,373,94),(27,98,95),(49,210,95),(102,426,95),(22,77,96),(50,212,96),(6,24,97),(19,63,97),(37,146,98),(74,302,98),(98,411,98),(103,427,101);
/*!40000 ALTER TABLE `civicrm_activity_target` ENABLE KEYS */;
UNLOCK TABLES;

--
-- Dumping data for table `civicrm_address`
--

LOCK TABLES `civicrm_address` WRITE;
/*!40000 ALTER TABLE `civicrm_address` DISABLE KEYS */;
INSERT INTO `civicrm_address` (`id`, `contact_id`, `location_type_id`, `is_primary`, `is_billing`, `street_address`, `street_number`, `street_number_suffix`, `street_number_predirectional`, `street_name`, `street_type`, `street_number_postdirectional`, `street_unit`, `supplemental_address_1`, `supplemental_address_2`, `supplemental_address_3`, `city`, `county_id`, `state_province_id`, `postal_code_suffix`, `postal_code`, `usps_adc`, `country_id`, `geo_code_1`, `geo_code_2`, `timezone`, `name`) VALUES (1,NULL,1,1,1,'S 15S El Camino Way E',14,'S',NULL,'El Camino','Way',NULL,NULL,NULL,NULL,NULL,'Collinsville',NULL,1006,NULL,'6022',NULL,1228,41.8328,-72.9253,NULL,NULL),(2,59,1,1,0,'W 358V Green Way N',358,'V','W','Green','Way','N',NULL,'C/o OPDC',NULL,NULL,NULL,NULL,4840,NULL,NULL,NULL,1063,NULL,NULL,NULL,NULL),(3,468,1,1,0,'NW 747N Second Dr N',747,'N','NW','Second','Dr','N',NULL,'Receiving',NULL,NULL,NULL,NULL,2075,NULL,NULL,NULL,1054,NULL,NULL,NULL,NULL),(4,386,1,1,0,'S 762P Van Ness Ln NE',762,'P','S','Van Ness','Ln','NE',NULL,'Mailstop 101',NULL,NULL,NULL,NULL,4169,NULL,NULL,NULL,1175,NULL,NULL,NULL,NULL),(5,212,1,1,0,'E 45W Caulder Blvd NW',45,'W','E','Caulder','Blvd','NW',NULL,'Urgent',NULL,NULL,NULL,NULL,3928,NULL,NULL,NULL,1155,NULL,NULL,NULL,NULL),(6,22,1,1,0,'S 470E Cadell Dr E',470,'E','S','Cadell','Dr','E',NULL,'Urgent',NULL,NULL,NULL,NULL,2385,NULL,NULL,NULL,1069,NULL,NULL,NULL,NULL),(7,183,1,1,0,'N 944P Van Ness Ln S',944,'P','N','Van Ness','Ln','S',NULL,'Mailstop 101',NULL,NULL,NULL,NULL,4347,NULL,NULL,NULL,1200,NULL,NULL,NULL,NULL),(8,96,1,1,0,'E 69O College Blvd W',69,'O','E','College','Blvd','W',NULL,'Urgent',NULL,NULL,NULL,NULL,3412,NULL,NULL,NULL,1115,NULL,NULL,NULL,NULL),(9,99,1,1,0,'SE 395R El Camino Ln E',395,'R','SE','El Camino','Ln','E',NULL,'Receiving',NULL,NULL,NULL,NULL,1546,NULL,NULL,NULL,1002,NULL,NULL,NULL,NULL),(10,132,1,1,0,'NE 768N Maple Path S',768,'N','NE','Maple','Path','S',NULL,'Churchgate',NULL,NULL,NULL,NULL,4909,NULL,NULL,NULL,1224,NULL,NULL,NULL,NULL),(11,47,1,1,0,'NW 419N States Way SE',419,'N','NW','States','Way','SE',NULL,'Attn: Development',NULL,NULL,NULL,NULL,4869,NULL,NULL,NULL,1210,NULL,NULL,NULL,NULL),(12,79,1,1,0,'NW 510Q Bay St SW',510,'Q','NW','Bay','St','SW',NULL,'Mailstop 101',NULL,NULL,NULL,NULL,4813,NULL,NULL,NULL,1219,NULL,NULL,NULL,NULL),(13,256,1,1,0,'SW 124C Dowlen Path SE',124,'C','SW','Dowlen','Path','SE',NULL,'C/o PO Plus',NULL,NULL,NULL,NULL,4852,NULL,NULL,NULL,1208,NULL,NULL,NULL,NULL),(14,61,1,1,0,'SW 541I Beech Dr E',541,'I','SW','Beech','Dr','E',NULL,'Attn: Development',NULL,NULL,NULL,NULL,4222,NULL,NULL,NULL,1177,NULL,NULL,NULL,NULL),(15,437,1,1,0,'NW 391M Martin Luther King Ln S',391,'M','NW','Martin Luther King','Ln','S',NULL,'Editorial Dept',NULL,NULL,NULL,NULL,1606,NULL,NULL,NULL,1010,NULL,NULL,NULL,NULL),(16,95,1,1,0,'N 659B Martin Luther King Ave SW',659,'B','N','Martin Luther King','Ave','SW',NULL,'Churchgate',NULL,NULL,NULL,NULL,3819,NULL,NULL,NULL,1140,NULL,NULL,NULL,NULL),(17,106,1,1,0,'E 604V Main Ln NW',604,'V','E','Main','Ln','NW',NULL,'Receiving',NULL,NULL,NULL,NULL,4027,NULL,NULL,NULL,1167,NULL,NULL,NULL,NULL),(18,164,1,1,0,'SE 715O Lincoln Blvd W',715,'O','SE','Lincoln','Blvd','W',NULL,'C/o PO Plus',NULL,NULL,NULL,NULL,1698,NULL,NULL,NULL,1015,NULL,NULL,NULL,NULL),(19,182,1,1,0,'W 460A Beech Ln SE',460,'A','W','Beech','Ln','SE',NULL,'Community Relations',NULL,NULL,NULL,NULL,4393,NULL,NULL,NULL,1193,NULL,NULL,NULL,NULL),(20,500,1,1,0,'W 420C Dowlen Blvd SE',420,'C','W','Dowlen','Blvd','SE',NULL,'C/o PO Plus',NULL,NULL,NULL,NULL,1231,NULL,NULL,NULL,1101,NULL,NULL,NULL,NULL),(21,436,1,1,0,'S 237E Woodbridge Ln NW',237,'E','S','Woodbridge','Ln','NW',NULL,'Donor Relations',NULL,NULL,NULL,NULL,4232,NULL,NULL,NULL,1177,NULL,NULL,NULL,NULL),(22,145,1,1,0,'NW 385K Martin Luther King Pl NW',385,'K','NW','Martin Luther King','Pl','NW',NULL,'Donor Relations',NULL,NULL,NULL,NULL,2014,NULL,NULL,NULL,1050,NULL,NULL,NULL,NULL),(23,163,1,1,0,'SE 495W Woodbridge Way E',495,'W','SE','Woodbridge','Way','E',NULL,'Attn: Accounting',NULL,NULL,NULL,NULL,3017,NULL,NULL,NULL,1099,NULL,NULL,NULL,NULL),(24,177,1,1,0,'S 358K Bay Blvd N',358,'K','S','Bay','Blvd','N',NULL,'Subscriptions Dept',NULL,NULL,NULL,NULL,4469,NULL,NULL,NULL,1193,NULL,NULL,NULL,NULL),(25,489,1,1,0,'E 43R Lincoln Ave SE',43,'R','E','Lincoln','Ave','SE',NULL,'Cuffe Parade',NULL,NULL,NULL,NULL,4456,NULL,NULL,NULL,1193,NULL,NULL,NULL,NULL),(26,193,1,1,0,'E 929F Bay Ave W',929,'F','E','Bay','Ave','W',NULL,'Receiving',NULL,NULL,NULL,NULL,2963,NULL,NULL,NULL,1093,NULL,NULL,NULL,NULL),(27,295,1,1,0,'S 456V Green Dr N',456,'V','S','Green','Dr','N',NULL,'Donor Relations',NULL,NULL,NULL,NULL,1751,NULL,NULL,NULL,1017,NULL,NULL,NULL,NULL),(28,263,1,1,0,'W 650B Caulder Dr N',650,'B','W','Caulder','Dr','N',NULL,'Cuffe Parade',NULL,NULL,NULL,NULL,4148,NULL,NULL,NULL,1168,NULL,NULL,NULL,NULL),(29,266,1,1,0,'W 163L Martin Luther King St N',163,'L','W','Martin Luther King','St','N',NULL,'Donor Relations',NULL,NULL,NULL,NULL,4178,NULL,NULL,NULL,1176,NULL,NULL,NULL,NULL),(30,160,1,1,0,'NW 834B Bay Path E',834,'B','NW','Bay','Path','E',NULL,'C/o PO Plus',NULL,NULL,NULL,NULL,2630,NULL,NULL,NULL,1226,NULL,NULL,NULL,NULL),(31,264,1,1,0,'S 578K Dowlen St SW',578,'K','S','Dowlen','St','SW',NULL,'C/o OPDC',NULL,NULL,NULL,NULL,4733,NULL,NULL,NULL,1218,NULL,NULL,NULL,NULL),(32,118,1,1,0,'NE 864J Lincoln Pl W',864,'J','NE','Lincoln','Pl','W',NULL,'Attn: Accounting',NULL,NULL,NULL,NULL,1931,NULL,NULL,NULL,1029,NULL,NULL,NULL,NULL),(33,477,1,1,0,'W 637A Jackson Rd S',637,'A','W','Jackson','Rd','S',NULL,'Disbursements',NULL,NULL,NULL,NULL,4832,NULL,NULL,NULL,1217,NULL,NULL,NULL,NULL),(34,298,1,1,0,'W 934U Maple Ln E',934,'U','W','Maple','Ln','E',NULL,'Urgent',NULL,NULL,NULL,NULL,1642,NULL,NULL,NULL,1013,NULL,NULL,NULL,NULL),(35,103,1,1,0,'SE 190Y Beech Dr SW',190,'Y','SE','Beech','Dr','SW',NULL,'Mailstop 101',NULL,NULL,NULL,NULL,4831,NULL,NULL,NULL,1217,NULL,NULL,NULL,NULL),(36,134,1,1,0,'NE 483E Bay Ln SW',483,'E','NE','Bay','Ln','SW',NULL,'Cuffe Parade',NULL,NULL,NULL,NULL,3615,NULL,NULL,NULL,1146,NULL,NULL,NULL,NULL),(37,12,1,1,0,'W 995Q Lincoln Path S',995,'Q','W','Lincoln','Path','S',NULL,'Urgent',NULL,NULL,NULL,NULL,3936,NULL,NULL,NULL,1152,NULL,NULL,NULL,NULL),(38,41,1,1,0,'NE 540E Main Blvd SE',540,'E','NE','Main','Blvd','SE',NULL,'Cuffe Parade',NULL,NULL,NULL,NULL,2360,NULL,NULL,NULL,1064,NULL,NULL,NULL,NULL),(39,55,1,1,0,'W 178Q Northpoint Rd NW',178,'Q','W','Northpoint','Rd','NW',NULL,'Urgent',NULL,NULL,NULL,NULL,4398,NULL,NULL,NULL,1193,NULL,NULL,NULL,NULL),(40,276,1,1,0,'SE 8M El Camino Way SW',8,'M','SE','El Camino','Way','SW',NULL,'Cuffe Parade',NULL,NULL,NULL,NULL,1792,NULL,NULL,NULL,1020,NULL,NULL,NULL,NULL),(41,317,1,1,0,'N 649V Second Pl S',649,'V','N','Second','Pl','S',NULL,'Mailstop 101',NULL,NULL,NULL,NULL,3852,NULL,NULL,NULL,1147,NULL,NULL,NULL,NULL),(42,373,1,1,0,'S 137V Van Ness Way E',137,'V','S','Van Ness','Way','E',NULL,'Donor Relations',NULL,NULL,NULL,NULL,3021,NULL,NULL,NULL,1099,NULL,NULL,NULL,NULL),(43,360,1,1,0,'S 84R Main Dr NW',84,'R','S','Main','Dr','NW',NULL,'Cuffe Parade',NULL,NULL,NULL,NULL,4962,NULL,NULL,NULL,1223,NULL,NULL,NULL,NULL),(44,173,1,1,0,'SE 25J College Pl E',25,'J','SE','College','Pl','E',NULL,'Donor Relations',NULL,NULL,NULL,NULL,4255,NULL,NULL,NULL,1177,NULL,NULL,NULL,NULL),(45,446,1,1,0,'S 334B Dowlen Dr S',334,'B','S','Dowlen','Dr','S',NULL,'Urgent',NULL,NULL,NULL,NULL,2912,NULL,NULL,NULL,1085,NULL,NULL,NULL,NULL),(46,216,1,1,0,'NE 227O El Camino Pl S',227,'O','NE','El Camino','Pl','S',NULL,'Receiving',NULL,NULL,NULL,NULL,3628,NULL,NULL,NULL,1146,NULL,NULL,NULL,NULL),(47,301,1,1,0,'NE 751C Martin Luther King Blvd NW',751,'C','NE','Martin Luther King','Blvd','NW',NULL,'Mailstop 101',NULL,NULL,NULL,NULL,2888,NULL,NULL,NULL,1085,NULL,NULL,NULL,NULL),(48,237,1,1,0,'NE 597G Northpoint St N',597,'G','NE','Northpoint','St','N',NULL,'Mailstop 101',NULL,NULL,NULL,NULL,3649,NULL,NULL,NULL,1142,NULL,NULL,NULL,NULL),(49,324,1,1,0,'NW 648M Jackson Path SW',648,'M','NW','Jackson','Path','SW',NULL,'Receiving',NULL,NULL,NULL,NULL,3570,NULL,NULL,NULL,1123,NULL,NULL,NULL,NULL),(50,136,1,1,0,'NE 688U Woodbridge Path N',688,'U','NE','Woodbridge','Path','N',NULL,'Churchgate',NULL,NULL,NULL,NULL,NULL,NULL,NULL,NULL,NULL,NULL,NULL,NULL,NULL),(51,466,1,1,0,'SW 475F Pine Blvd NE',475,'F','SW','Pine','Blvd','NE',NULL,'C/o PO Plus',NULL,NULL,NULL,NULL,1530,NULL,NULL,NULL,1001,NULL,NULL,NULL,NULL),(52,411,1,1,0,'SE 543T El Camino Ln SW',543,'T','SE','El Camino','Ln','SW',NULL,'Donor Relations',NULL,NULL,NULL,NULL,1011,NULL,NULL,NULL,1228,NULL,NULL,NULL,NULL),(53,254,1,1,0,'W 809J Main Dr SW',809,'J','W','Main','Dr','SW',NULL,'Payables Dept.',NULL,NULL,NULL,NULL,2009,NULL,NULL,NULL,1050,NULL,NULL,NULL,NULL),(54,159,1,1,0,'SE 20X Lincoln Rd NW',20,'X','SE','Lincoln','Rd','NW',NULL,'Receiving',NULL,NULL,NULL,NULL,4478,NULL,NULL,NULL,1193,NULL,NULL,NULL,NULL),(55,314,1,1,0,'N 439A Jackson Blvd N',439,'A','N','Jackson','Blvd','N',NULL,'C/o PO Plus',NULL,NULL,NULL,NULL,2649,NULL,NULL,NULL,1226,NULL,NULL,NULL,NULL),(56,387,1,1,0,'N 591I Northpoint Blvd SW',591,'I','N','Northpoint','Blvd','SW',NULL,'Cuffe Parade',NULL,NULL,NULL,NULL,2773,NULL,NULL,NULL,1226,NULL,NULL,NULL,NULL),(57,359,1,1,0,'N 236W Woodbridge St E',236,'W','N','Woodbridge','St','E',NULL,'C/o PO Plus',NULL,NULL,NULL,NULL,2350,NULL,NULL,NULL,1003,NULL,NULL,NULL,NULL),(58,316,1,1,0,'SW 167F Main Blvd S',167,'F','SW','Main','Blvd','S',NULL,'Subscriptions Dept',NULL,NULL,NULL,NULL,NULL,NULL,NULL,NULL,NULL,NULL,NULL,NULL,NULL),(59,380,1,1,0,'SW 855J Caulder Ln SE',855,'J','SW','Caulder','Ln','SE',NULL,'Community Relations',NULL,NULL,NULL,NULL,4129,NULL,NULL,NULL,1173,NULL,NULL,NULL,NULL),(60,214,1,1,0,'S 890P Pine St S',890,'P','S','Pine','St','S',NULL,'Attn: Accounting',NULL,NULL,NULL,NULL,1760,NULL,NULL,NULL,1017,NULL,NULL,NULL,NULL),(61,138,1,1,0,'N 134Y Martin Luther King Ave SW',134,'Y','N','Martin Luther King','Ave','SW',NULL,'C/o PO Plus',NULL,NULL,NULL,NULL,1657,NULL,NULL,NULL,1015,NULL,NULL,NULL,NULL),(62,219,1,1,0,'E 496G Second Ln E',496,'G','E','Second','Ln','E',NULL,'Attn: Development',NULL,NULL,NULL,NULL,2846,NULL,NULL,NULL,1091,NULL,NULL,NULL,NULL),(63,72,1,1,0,'SW 414O Martin Luther King Ln S',414,'O','SW','Martin Luther King','Ln','S',NULL,'C/o OPDC',NULL,NULL,NULL,NULL,1649,NULL,NULL,NULL,1015,NULL,NULL,NULL,NULL),(64,272,1,1,0,'W 594S Van Ness Pl SW',594,'S','W','Van Ness','Pl','SW',NULL,'Community Relations',NULL,NULL,NULL,NULL,2235,NULL,NULL,NULL,1058,NULL,NULL,NULL,NULL),(65,190,1,1,0,'W 839R Beech Dr E',839,'R','W','Beech','Dr','E',NULL,'Editorial Dept',NULL,NULL,NULL,NULL,1008,NULL,NULL,NULL,1228,NULL,NULL,NULL,NULL),(66,412,1,1,0,'NE 847T Van Ness Path W',847,'T','NE','Van Ness','Path','W',NULL,'Disbursements',NULL,NULL,NULL,NULL,3405,NULL,NULL,NULL,1115,NULL,NULL,NULL,NULL),(67,393,1,1,0,'NE 781C Northpoint Path W',781,'C','NE','Northpoint','Path','W',NULL,'Mailstop 101',NULL,NULL,NULL,NULL,NULL,NULL,NULL,NULL,NULL,NULL,NULL,NULL,NULL),(68,395,1,1,0,'SE 838Z Woodbridge Rd SE',838,'Z','SE','Woodbridge','Rd','SE',NULL,'Attn: Development',NULL,NULL,NULL,NULL,3698,NULL,NULL,NULL,1035,NULL,NULL,NULL,NULL),(69,227,1,1,0,'NW 455N Bay Rd SE',455,'N','NW','Bay','Rd','SE',NULL,'Payables Dept.',NULL,NULL,NULL,NULL,2082,NULL,NULL,NULL,1054,NULL,NULL,NULL,NULL),(70,18,1,1,0,'W 855B Green Ave SW',855,'B','W','Green','Ave','SW',NULL,'Churchgate',NULL,NULL,NULL,NULL,5076,NULL,NULL,NULL,1233,NULL,NULL,NULL,NULL),(71,33,1,1,0,'N 839A Green Pl S',839,'A','N','Green','Pl','S',NULL,'C/o PO Plus',NULL,NULL,NULL,NULL,2612,NULL,NULL,NULL,1226,NULL,NULL,NULL,NULL),(72,69,1,1,0,'NW 217J Main Way W',217,'J','NW','Main','Way','W',NULL,'Community Relations',NULL,NULL,NULL,NULL,1987,NULL,NULL,NULL,1027,NULL,NULL,NULL,NULL),(73,146,1,1,0,'SE 395B Green Way SE',395,'B','SE','Green','Way','SE',NULL,'Cuffe Parade',NULL,NULL,NULL,NULL,1537,NULL,NULL,NULL,1001,NULL,NULL,NULL,NULL),(74,382,1,1,0,'E 334B Martin Luther King Blvd N',334,'B','E','Martin Luther King','Blvd','N',NULL,'Payables Dept.',NULL,NULL,NULL,NULL,1200,NULL,NULL,NULL,1101,NULL,NULL,NULL,NULL),(75,31,1,1,0,'NE 408D Northpoint Pl SE',408,'D','NE','Northpoint','Pl','SE',NULL,'Urgent',NULL,NULL,NULL,NULL,3549,NULL,NULL,NULL,1119,NULL,NULL,NULL,NULL),(76,450,1,1,0,'NW 334Z El Camino Rd W',334,'Z','NW','El Camino','Rd','W',NULL,'Attn: Development',NULL,NULL,NULL,NULL,4142,NULL,NULL,NULL,1173,NULL,NULL,NULL,NULL),(77,178,1,1,0,'E 852J Beech Dr W',852,'J','E','Beech','Dr','W',NULL,'Receiving',NULL,NULL,NULL,NULL,2835,NULL,NULL,NULL,1213,NULL,NULL,NULL,NULL),(78,293,1,1,0,'SW 426A College Ave N',426,'A','SW','College','Ave','N',NULL,'C/o OPDC',NULL,NULL,NULL,NULL,2760,NULL,NULL,NULL,1226,NULL,NULL,NULL,NULL),(79,4,1,1,0,'SW 816D Dowlen Path S',816,'D','SW','Dowlen','Path','S',NULL,'Urgent',NULL,NULL,NULL,NULL,4267,NULL,NULL,NULL,1177,NULL,NULL,NULL,NULL),(80,49,1,1,0,'SW 828G Lincoln Path NW',828,'G','SW','Lincoln','Path','NW',NULL,'Editorial Dept',NULL,NULL,NULL,NULL,4128,NULL,NULL,NULL,1173,NULL,NULL,NULL,NULL),(81,45,1,1,0,'N 568F Lincoln Path NE',568,'F','N','Lincoln','Path','NE',NULL,'Churchgate',NULL,NULL,NULL,NULL,1512,NULL,NULL,NULL,1001,NULL,NULL,NULL,NULL),(82,198,1,1,0,'E 717W Van Ness Dr S',717,'W','E','Van Ness','Dr','S',NULL,'Attn: Development',NULL,NULL,NULL,NULL,2798,NULL,NULL,NULL,1226,NULL,NULL,NULL,NULL),(83,246,1,1,0,'S 149H Lincoln Pl E',149,'H','S','Lincoln','Pl','E',NULL,'C/o OPDC',NULL,NULL,NULL,NULL,3748,NULL,NULL,NULL,1138,NULL,NULL,NULL,NULL),(84,139,1,1,0,'NE 760W Pine Way NW',760,'W','NE','Pine','Way','NW',NULL,'Receiving',NULL,NULL,NULL,NULL,1230,NULL,NULL,NULL,1101,NULL,NULL,NULL,NULL),(85,376,1,1,0,'SE 538F Lincoln St W',538,'F','SE','Lincoln','St','W',NULL,'C/o PO Plus',NULL,NULL,NULL,NULL,1723,NULL,NULL,NULL,1017,NULL,NULL,NULL,NULL),(86,8,1,1,0,'SW 123H Caulder St E',123,'H','SW','Caulder','St','E',NULL,'Cuffe Parade',NULL,NULL,NULL,NULL,1846,NULL,NULL,NULL,1033,NULL,NULL,NULL,NULL),(87,310,1,1,0,'NW 177Q States Rd SE',177,'Q','NW','States','Rd','SE',NULL,'Attn: Accounting',NULL,NULL,NULL,NULL,2718,NULL,NULL,NULL,1226,NULL,NULL,NULL,NULL),(88,66,1,1,0,'N 644B Second Ave SW',644,'B','N','Second','Ave','SW',NULL,'Editorial Dept',NULL,NULL,NULL,NULL,1518,NULL,NULL,NULL,1001,NULL,NULL,NULL,NULL),(89,133,1,1,0,'N 310D States Dr NE',310,'D','N','States','Dr','NE',NULL,'Editorial Dept',NULL,NULL,NULL,NULL,2836,NULL,NULL,NULL,1213,NULL,NULL,NULL,NULL),(90,150,1,1,0,'N 52D Bay Way W',52,'D','N','Bay','Way','W',NULL,'Receiving',NULL,NULL,NULL,NULL,3451,NULL,NULL,NULL,1118,NULL,NULL,NULL,NULL),(91,302,1,1,0,'NW 533M El Camino Path SE',533,'M','NW','El Camino','Path','SE',NULL,'Editorial Dept',NULL,NULL,NULL,NULL,4270,NULL,NULL,NULL,1177,NULL,NULL,NULL,NULL),(92,331,1,1,0,'NW 217N Bay Pl S',217,'N','NW','Bay','Pl','S',NULL,'C/o PO Plus',NULL,NULL,NULL,NULL,4213,NULL,NULL,NULL,1176,NULL,NULL,NULL,NULL),(93,56,1,1,0,'E 28J Main St E',28,'J','E','Main','St','E',NULL,'Community Relations',NULL,NULL,NULL,NULL,2783,NULL,NULL,NULL,1226,NULL,NULL,NULL,NULL),(94,98,1,1,0,'N 991J Jackson Ln NE',991,'J','N','Jackson','Ln','NE',NULL,'Attn: Accounting',NULL,NULL,NULL,NULL,5078,NULL,NULL,NULL,1233,NULL,NULL,NULL,NULL),(95,486,1,1,0,'S 672W El Camino Rd NE',672,'W','S','El Camino','Rd','NE',NULL,'Subscriptions Dept',NULL,NULL,NULL,NULL,4065,NULL,NULL,NULL,1170,NULL,NULL,NULL,NULL),(96,94,1,1,0,'W 448K Main Path NE',448,'K','W','Main','Path','NE',NULL,'Community Relations',NULL,NULL,NULL,NULL,2921,NULL,NULL,NULL,1085,NULL,NULL,NULL,NULL),(97,485,1,1,0,'SE 773U Pine Pl N',773,'U','SE','Pine','Pl','N',NULL,'Urgent',NULL,NULL,NULL,NULL,4042,NULL,NULL,NULL,1170,NULL,NULL,NULL,NULL),(98,449,1,1,0,'SW 93U El Camino Way S',93,'U','SW','El Camino','Way','S',NULL,'Cuffe Parade',NULL,NULL,NULL,NULL,NULL,NULL,NULL,NULL,NULL,NULL,NULL,NULL,NULL),(99,348,1,1,0,'SW 736P Beech Rd E',736,'P','SW','Beech','Rd','E',NULL,'Disbursements',NULL,NULL,NULL,NULL,5209,NULL,NULL,NULL,1165,NULL,NULL,NULL,NULL),(100,242,1,1,0,'NE 290M Martin Luther King Blvd N',290,'M','NE','Martin Luther King','Blvd','N',NULL,'Urgent',NULL,NULL,NULL,NULL,4767,NULL,NULL,NULL,1219,NULL,NULL,NULL,NULL),(101,385,1,1,0,'NE 587R Maple Rd NW',587,'R','NE','Maple','Rd','NW',NULL,'Donor Relations',NULL,NULL,NULL,NULL,2970,NULL,NULL,NULL,1093,NULL,NULL,NULL,NULL),(102,87,1,1,0,'SE 899I States Pl NW',899,'I','SE','States','Pl','NW',NULL,'Attn: Development',NULL,NULL,NULL,NULL,2673,NULL,NULL,NULL,1226,NULL,NULL,NULL,NULL),(103,388,1,1,0,'NW 126O El Camino Ln NW',126,'O','NW','El Camino','Ln','NW',NULL,'Cuffe Parade',NULL,NULL,NULL,NULL,3611,NULL,NULL,NULL,1146,NULL,NULL,NULL,NULL),(104,488,1,1,0,'SE 644C El Camino Way W',644,'C','SE','El Camino','Way','W',NULL,'Donor Relations',NULL,NULL,NULL,NULL,4858,NULL,NULL,NULL,1208,NULL,NULL,NULL,NULL),(105,397,1,1,0,'SE 401D Lincoln Rd SW',401,'D','SE','Lincoln','Rd','SW',NULL,'Attn: Accounting',NULL,NULL,NULL,NULL,3389,NULL,NULL,NULL,1049,NULL,NULL,NULL,NULL),(106,470,1,1,0,'S 722T Northpoint Path SE',722,'T','S','Northpoint','Path','SE',NULL,'Disbursements',NULL,NULL,NULL,NULL,3157,NULL,NULL,NULL,1103,NULL,NULL,NULL,NULL),(107,357,1,1,0,'N 178U Lincoln Ln SE',178,'U','N','Lincoln','Ln','SE',NULL,'Attn: Accounting',NULL,NULL,NULL,NULL,5013,NULL,NULL,NULL,1232,NULL,NULL,NULL,NULL),(108,141,1,1,0,'N 907W College Way N',907,'W','N','College','Way','N',NULL,'Community Relations',NULL,NULL,NULL,NULL,4661,NULL,NULL,NULL,1211,NULL,NULL,NULL,NULL),(109,271,1,1,0,'NW 560O El Camino Ln NW',560,'O','NW','El Camino','Ln','NW',NULL,'Community Relations',NULL,NULL,NULL,NULL,1862,NULL,NULL,NULL,1033,NULL,NULL,NULL,NULL),(110,202,1,1,0,'N 590V Woodbridge Path NW',590,'V','N','Woodbridge','Path','NW',NULL,'Community Relations',NULL,NULL,NULL,NULL,3468,NULL,NULL,NULL,1199,NULL,NULL,NULL,NULL),(111,434,1,1,0,'S 868V Caulder Ave E',868,'V','S','Caulder','Ave','E',NULL,'Attn: Accounting',NULL,NULL,NULL,NULL,1843,NULL,NULL,NULL,1033,NULL,NULL,NULL,NULL),(112,312,1,1,0,'N 910M Maple Ave N',910,'M','N','Maple','Ave','N',NULL,'Churchgate',NULL,NULL,NULL,NULL,4776,NULL,NULL,NULL,1219,NULL,NULL,NULL,NULL),(113,224,1,1,0,'N 749H El Camino Pl W',749,'H','N','El Camino','Pl','W',NULL,'Donor Relations',NULL,NULL,NULL,NULL,4854,NULL,NULL,NULL,1208,NULL,NULL,NULL,NULL),(114,478,1,1,0,'NE 811U Woodbridge Blvd W',811,'U','NE','Woodbridge','Blvd','W',NULL,'Mailstop 101',NULL,NULL,NULL,NULL,3458,NULL,NULL,NULL,1120,NULL,NULL,NULL,NULL),(115,233,1,1,0,'NW 217B Lincoln Ln N',217,'B','NW','Lincoln','Ln','N',NULL,'Subscriptions Dept',NULL,NULL,NULL,NULL,3312,NULL,NULL,NULL,1109,NULL,NULL,NULL,NULL),(116,496,1,1,0,'W 679C Martin Luther King St N',679,'C','W','Martin Luther King','St','N',NULL,'Payables Dept.',NULL,NULL,NULL,NULL,1857,NULL,NULL,NULL,1033,NULL,NULL,NULL,NULL),(117,430,1,1,0,'W 960R Main Blvd E',960,'R','W','Main','Blvd','E',NULL,'Attn: Accounting',NULL,NULL,NULL,NULL,4175,NULL,NULL,NULL,1176,NULL,NULL,NULL,NULL),(118,176,1,1,0,'E 921C Second Ave SE',921,'C','E','Second','Ave','SE',NULL,'Mailstop 101',NULL,NULL,NULL,NULL,3824,NULL,NULL,NULL,1140,NULL,NULL,NULL,NULL),(119,167,1,1,0,'SE 765D El Camino Blvd S',765,'D','SE','El Camino','Blvd','S',NULL,'Attn: Accounting',NULL,NULL,NULL,NULL,4395,NULL,NULL,NULL,1193,NULL,NULL,NULL,NULL),(120,210,1,1,0,'NW 230M Martin Luther King Way SE',230,'M','NW','Martin Luther King','Way','SE',NULL,'Editorial Dept',NULL,NULL,NULL,NULL,3898,NULL,NULL,NULL,1157,NULL,NULL,NULL,NULL),(121,429,1,1,0,'W 534B Martin Luther King Way N',534,'B','W','Martin Luther King','Way','N',NULL,'Cuffe Parade',NULL,NULL,NULL,NULL,NULL,NULL,NULL,NULL,NULL,NULL,NULL,NULL,NULL),(122,223,1,1,0,'NW 651I Maple Blvd S',651,'I','NW','Maple','Blvd','S',NULL,'C/o PO Plus',NULL,NULL,NULL,NULL,3248,NULL,NULL,NULL,1107,NULL,NULL,NULL,NULL),(123,365,1,1,0,'SE 148Y Cadell Ln S',148,'Y','SE','Cadell','Ln','S',NULL,'Cuffe Parade',NULL,NULL,NULL,NULL,1842,NULL,NULL,NULL,1033,NULL,NULL,NULL,NULL),(124,383,1,1,0,'NW 149H States Way S',149,'H','NW','States','Way','S',NULL,'Disbursements',NULL,NULL,NULL,NULL,3551,NULL,NULL,NULL,1119,NULL,NULL,NULL,NULL),(125,253,1,1,0,'S 727N Main Ave N',727,'N','S','Main','Ave','N',NULL,'Disbursements',NULL,NULL,NULL,NULL,NULL,NULL,NULL,NULL,NULL,NULL,NULL,NULL,NULL),(126,334,1,1,0,'W 633I States Path W',633,'I','W','States','Path','W',NULL,'Receiving',NULL,NULL,NULL,NULL,4170,NULL,NULL,NULL,1175,NULL,NULL,NULL,NULL),(127,157,1,1,0,'NW 231O Main Dr SE',231,'O','NW','Main','Dr','SE',NULL,'Churchgate',NULL,NULL,NULL,NULL,4553,NULL,NULL,NULL,1188,NULL,NULL,NULL,NULL),(128,23,1,1,0,'NW 328P Woodbridge Ln E',328,'P','NW','Woodbridge','Ln','E',NULL,'Editorial Dept',NULL,NULL,NULL,NULL,2849,NULL,NULL,NULL,1091,NULL,NULL,NULL,NULL),(129,472,1,1,0,'SW 623P Second Rd S',623,'P','SW','Second','Rd','S',NULL,'Attn: Development',NULL,NULL,NULL,NULL,1913,NULL,NULL,NULL,1025,NULL,NULL,NULL,NULL),(130,283,1,1,0,'NW 344G Second Ln W',344,'G','NW','Second','Ln','W',NULL,'C/o OPDC',NULL,NULL,NULL,NULL,NULL,NULL,NULL,NULL,NULL,NULL,NULL,NULL,NULL),(131,464,1,1,0,'NW 253H Martin Luther King Way W',253,'H','NW','Martin Luther King','Way','W',NULL,'Subscriptions Dept',NULL,NULL,NULL,NULL,2195,NULL,NULL,NULL,1056,NULL,NULL,NULL,NULL),(132,117,1,1,0,'E 278M Woodbridge Dr W',278,'M','E','Woodbridge','Dr','W',NULL,'Community Relations',NULL,NULL,NULL,NULL,3180,NULL,NULL,NULL,1107,NULL,NULL,NULL,NULL),(133,102,1,1,0,'NW 453M Main Dr NE',453,'M','NW','Main','Dr','NE',NULL,'Payables Dept.',NULL,NULL,NULL,NULL,2839,NULL,NULL,NULL,1091,NULL,NULL,NULL,NULL),(134,200,1,1,0,'SW 8L Van Ness Dr W',8,'L','SW','Van Ness','Dr','W',NULL,'Community Relations',NULL,NULL,NULL,NULL,4940,NULL,NULL,NULL,1223,NULL,NULL,NULL,NULL),(135,356,1,1,0,'N 381A Woodbridge Ln SW',381,'A','N','Woodbridge','Ln','SW',NULL,'Churchgate',NULL,NULL,NULL,NULL,4759,NULL,NULL,NULL,1219,NULL,NULL,NULL,NULL),(136,278,1,1,0,'NE 226Z Pine St SE',226,'Z','NE','Pine','St','SE',NULL,'Urgent',NULL,NULL,NULL,NULL,1751,NULL,NULL,NULL,1017,NULL,NULL,NULL,NULL),(137,369,1,1,0,'NW 752E Woodbridge St S',752,'E','NW','Woodbridge','St','S',NULL,'C/o PO Plus',NULL,NULL,NULL,NULL,3555,NULL,NULL,NULL,1119,NULL,NULL,NULL,NULL),(138,169,1,1,0,'SE 895Y Second Blvd E',895,'Y','SE','Second','Blvd','E',NULL,'Urgent',NULL,NULL,NULL,NULL,3491,NULL,NULL,NULL,1122,NULL,NULL,NULL,NULL),(139,377,1,1,0,'SE 680Z Jackson Path SW',680,'Z','SE','Jackson','Path','SW',NULL,'Subscriptions Dept',NULL,NULL,NULL,NULL,3609,NULL,NULL,NULL,1146,NULL,NULL,NULL,NULL),(140,399,1,1,0,'SW 845J Maple Dr NE',845,'J','SW','Maple','Dr','NE',NULL,'C/o OPDC',NULL,NULL,NULL,NULL,2257,NULL,NULL,NULL,1060,NULL,NULL,NULL,NULL),(141,420,1,1,0,'NE 197W Pine St W',197,'W','NE','Pine','St','W',NULL,'C/o PO Plus',NULL,NULL,NULL,NULL,3491,NULL,NULL,NULL,1122,NULL,NULL,NULL,NULL),(142,381,1,1,0,'NW 165J Second Way SW',165,'J','NW','Second','Way','SW',NULL,'C/o PO Plus',NULL,NULL,NULL,NULL,1310,NULL,NULL,NULL,1172,NULL,NULL,NULL,NULL),(143,88,1,1,0,'E 653Z College Way W',653,'Z','E','College','Way','W',NULL,'Urgent',NULL,NULL,NULL,NULL,1528,NULL,NULL,NULL,1001,NULL,NULL,NULL,NULL),(144,326,1,1,0,'SW 471M El Camino Path NW',471,'M','SW','El Camino','Path','NW',NULL,'Disbursements',NULL,NULL,NULL,NULL,3349,NULL,NULL,NULL,1112,NULL,NULL,NULL,NULL),(145,453,1,1,0,'SE 340T Caulder Ave S',340,'T','SE','Caulder','Ave','S',NULL,'Subscriptions Dept',NULL,NULL,NULL,NULL,3597,NULL,NULL,NULL,1146,NULL,NULL,NULL,NULL),(146,64,1,1,0,'NW 491A Cadell St SE',491,'A','NW','Cadell','St','SE',NULL,'C/o OPDC',NULL,NULL,NULL,NULL,4000,NULL,NULL,NULL,1169,NULL,NULL,NULL,NULL),(147,185,1,1,0,'N 306K Dowlen Ave NE',306,'K','N','Dowlen','Ave','NE',NULL,'Disbursements',NULL,NULL,NULL,NULL,NULL,NULL,NULL,NULL,NULL,NULL,NULL,NULL,NULL),(148,82,1,1,0,'N 101K El Camino St N',101,'K','N','El Camino','St','N',NULL,'Disbursements',NULL,NULL,NULL,NULL,5138,NULL,NULL,NULL,1196,NULL,NULL,NULL,NULL),(149,80,1,1,0,'E 330Y Lincoln St NE',330,'Y','E','Lincoln','St','NE',NULL,'Attn: Development',NULL,NULL,NULL,NULL,4868,NULL,NULL,NULL,1210,NULL,NULL,NULL,NULL),(150,392,1,1,0,'S 874Z Beech Way SW',874,'Z','S','Beech','Way','SW',NULL,'Community Relations',NULL,NULL,NULL,NULL,4829,NULL,NULL,NULL,1217,NULL,NULL,NULL,NULL),(151,465,1,1,0,'SW 49E Second St NW',49,'E','SW','Second','St','NW',NULL,'Attn: Development',NULL,NULL,NULL,NULL,1588,NULL,NULL,NULL,1006,NULL,NULL,NULL,NULL),(152,155,3,1,0,'E 898R Bay Dr SE',898,'R','E','Bay','Dr','SE',NULL,'Receiving',NULL,NULL,NULL,NULL,1708,NULL,NULL,NULL,1015,NULL,NULL,NULL,NULL),(153,423,3,1,0,'NE 20X States Pl NW',20,'X','NE','States','Pl','NW',NULL,'Receiving',NULL,NULL,NULL,NULL,1061,NULL,NULL,NULL,1228,NULL,NULL,NULL,NULL),(154,37,3,1,0,'NE 270L Green Ln NW',270,'L','NE','Green','Ln','NW',NULL,'Receiving',NULL,NULL,NULL,NULL,3829,NULL,NULL,NULL,1140,NULL,NULL,NULL,NULL),(155,245,3,1,0,'S 934N Pine Dr W',934,'N','S','Pine','Dr','W',NULL,'Mailstop 101',NULL,NULL,NULL,NULL,2103,NULL,NULL,NULL,1038,NULL,NULL,NULL,NULL),(156,249,3,1,0,'W 84Z Pine Path SE',84,'Z','W','Pine','Path','SE',NULL,'Community Relations',NULL,NULL,NULL,NULL,4486,NULL,NULL,NULL,1193,NULL,NULL,NULL,NULL),(157,250,3,1,0,'N 674O Maple Dr E',674,'O','N','Maple','Dr','E',NULL,'C/o PO Plus',NULL,NULL,NULL,NULL,NULL,NULL,NULL,NULL,NULL,NULL,NULL,NULL,NULL),(158,325,3,1,0,'S 804C Martin Luther King Way N',804,'C','S','Martin Luther King','Way','N',NULL,'Subscriptions Dept',NULL,NULL,NULL,NULL,2627,NULL,NULL,NULL,1226,NULL,NULL,NULL,NULL),(159,188,3,1,0,'N 936X College Blvd N',936,'X','N','College','Blvd','N',NULL,'Urgent',NULL,NULL,NULL,NULL,1520,NULL,NULL,NULL,1001,NULL,NULL,NULL,NULL),(160,447,3,1,0,'SW 748L Green Dr W',748,'L','SW','Green','Dr','W',NULL,'Payables Dept.',NULL,NULL,NULL,NULL,3956,NULL,NULL,NULL,1161,NULL,NULL,NULL,NULL),(161,197,3,1,0,'SW 637I Woodbridge Ln SE',637,'I','SW','Woodbridge','Ln','SE',NULL,'Donor Relations',NULL,NULL,NULL,NULL,3741,NULL,NULL,NULL,1138,NULL,NULL,NULL,NULL),(162,86,3,1,0,'N 192N Beech Ln NE',192,'N','N','Beech','Ln','NE',NULL,'Payables Dept.',NULL,NULL,NULL,NULL,2413,NULL,NULL,NULL,1065,NULL,NULL,NULL,NULL),(163,209,3,1,0,'NE 188O Main Way W',188,'O','NE','Main','Way','W',NULL,'Disbursements',NULL,NULL,NULL,NULL,2979,NULL,NULL,NULL,1097,NULL,NULL,NULL,NULL),(164,277,3,1,0,'NW 340T Woodbridge Way SE',340,'T','NW','Woodbridge','Way','SE',NULL,'C/o OPDC',NULL,NULL,NULL,NULL,3705,NULL,NULL,NULL,1035,NULL,NULL,NULL,NULL),(165,287,3,1,0,'NE 809Z Cadell Pl E',809,'Z','NE','Cadell','Pl','E',NULL,'Donor Relations',NULL,NULL,NULL,NULL,4959,NULL,NULL,NULL,1223,NULL,NULL,NULL,NULL),(166,203,3,1,0,'SE 373V Bay Path S',373,'V','SE','Bay','Path','S',NULL,'Attn: Development',NULL,NULL,NULL,NULL,NULL,NULL,NULL,NULL,NULL,NULL,NULL,NULL,NULL),(167,364,3,1,0,'S 159J Jackson Way SE',159,'J','S','Jackson','Way','SE',NULL,'Subscriptions Dept',NULL,NULL,NULL,NULL,3614,NULL,NULL,NULL,1146,NULL,NULL,NULL,NULL),(168,439,3,1,0,'NE 528M Pine Rd NW',528,'M','NE','Pine','Rd','NW',NULL,'Cuffe Parade',NULL,NULL,NULL,NULL,4679,NULL,NULL,NULL,1211,NULL,NULL,NULL,NULL),(169,205,3,1,0,'NW 831Q Caulder Ln SW',831,'Q','NW','Caulder','Ln','SW',NULL,'Cuffe Parade',NULL,NULL,NULL,NULL,NULL,NULL,NULL,NULL,NULL,NULL,NULL,NULL,NULL),(170,469,3,1,0,'W 163X Martin Luther King Rd E',163,'X','W','Martin Luther King','Rd','E',NULL,'Receiving',NULL,NULL,NULL,NULL,4819,NULL,NULL,NULL,1217,NULL,NULL,NULL,NULL),(171,335,3,1,0,'W 173A Second Ln E',173,'A','W','Second','Ln','E',NULL,'Community Relations',NULL,NULL,NULL,NULL,5206,NULL,NULL,NULL,1165,NULL,NULL,NULL,NULL),(172,104,3,1,0,'NE 288X States Pl SE',288,'X','NE','States','Pl','SE',NULL,'Attn: Accounting',NULL,NULL,NULL,NULL,4503,NULL,NULL,NULL,1193,NULL,NULL,NULL,NULL),(173,432,3,1,0,'SE 995L States Ave N',995,'L','SE','States','Ave','N',NULL,'Donor Relations',NULL,NULL,NULL,NULL,4077,NULL,NULL,NULL,1170,NULL,NULL,NULL,NULL),(174,27,3,1,0,'W 971I Second Path SE',971,'I','W','Second','Path','SE',NULL,'Payables Dept.',NULL,NULL,NULL,NULL,3036,NULL,NULL,NULL,1099,NULL,NULL,NULL,NULL),(175,154,3,1,0,'SE 921H Lincoln Way SE',921,'H','SE','Lincoln','Way','SE',NULL,'C/o OPDC',NULL,NULL,NULL,NULL,1926,NULL,NULL,NULL,1029,NULL,NULL,NULL,NULL),(176,367,3,1,0,'W 556Y Caulder Way N',556,'Y','W','Caulder','Way','N',NULL,'Cuffe Parade',NULL,NULL,NULL,NULL,1908,NULL,NULL,NULL,1032,NULL,NULL,NULL,NULL),(177,462,3,1,0,'NE 173B Second Pl E',173,'B','NE','Second','Pl','E',NULL,'Disbursements',NULL,NULL,NULL,NULL,3755,NULL,NULL,NULL,1138,NULL,NULL,NULL,NULL),(178,259,3,1,0,'NE 396U Northpoint St SE',396,'U','NE','Northpoint','St','SE',NULL,'Cuffe Parade',NULL,NULL,NULL,NULL,3595,NULL,NULL,NULL,1146,NULL,NULL,NULL,NULL),(179,262,3,1,0,'SW 918E Second Dr SW',918,'E','SW','Second','Dr','SW',NULL,'C/o OPDC',NULL,NULL,NULL,NULL,4188,NULL,NULL,NULL,1176,NULL,NULL,NULL,NULL),(180,401,3,1,0,'NE 683A Northpoint Path E',683,'A','NE','Northpoint','Path','E',NULL,'Receiving',NULL,NULL,NULL,NULL,2654,NULL,NULL,NULL,1226,NULL,NULL,NULL,NULL),(181,452,3,1,0,'SW 339B El Camino Path N',339,'B','SW','El Camino','Path','N',NULL,'Attn: Accounting',NULL,NULL,NULL,NULL,5092,NULL,NULL,NULL,1233,NULL,NULL,NULL,NULL),(182,269,3,1,0,'S 802Y Green St E',802,'Y','S','Green','St','E',NULL,'Mailstop 101',NULL,NULL,NULL,NULL,4223,NULL,NULL,NULL,1177,NULL,NULL,NULL,NULL),(183,389,3,1,0,'SW 677X Caulder Way E',677,'X','SW','Caulder','Way','E',NULL,'Cuffe Parade',NULL,NULL,NULL,NULL,2172,NULL,NULL,NULL,1048,NULL,NULL,NULL,NULL),(184,189,3,1,0,'W 565G Van Ness Way NW',565,'G','W','Van Ness','Way','NW',NULL,'Subscriptions Dept',NULL,NULL,NULL,NULL,1216,NULL,NULL,NULL,1101,NULL,NULL,NULL,NULL),(185,260,3,1,0,'NE 278E Pine Blvd N',278,'E','NE','Pine','Blvd','N',NULL,'Attn: Accounting',NULL,NULL,NULL,NULL,4918,NULL,NULL,NULL,1223,NULL,NULL,NULL,NULL),(186,403,3,1,0,'SE 616X Northpoint Ave W',616,'X','SE','Northpoint','Ave','W',NULL,'C/o OPDC',NULL,NULL,NULL,NULL,2430,NULL,NULL,NULL,1198,NULL,NULL,NULL,NULL),(187,68,3,1,0,'N 892W College Blvd NW',892,'W','N','College','Blvd','NW',NULL,'Donor Relations',NULL,NULL,NULL,NULL,4779,NULL,NULL,NULL,1219,NULL,NULL,NULL,NULL),(188,493,3,1,0,'N 600D Cadell Ln S',600,'D','N','Cadell','Ln','S',NULL,'Urgent',NULL,NULL,NULL,NULL,2000,NULL,NULL,NULL,1019,NULL,NULL,NULL,NULL),(189,140,3,1,0,'S 617R Van Ness Pl N',617,'R','S','Van Ness','Pl','N',NULL,'Cuffe Parade',NULL,NULL,NULL,NULL,2259,NULL,NULL,NULL,1060,NULL,NULL,NULL,NULL),(190,111,3,1,0,'E 511F Van Ness Path E',511,'F','E','Van Ness','Path','E',NULL,'Urgent',NULL,NULL,NULL,NULL,4085,NULL,NULL,NULL,1170,NULL,NULL,NULL,NULL),(191,257,3,1,0,'NW 609R Pine Ln NE',609,'R','NW','Pine','Ln','NE',NULL,'Cuffe Parade',NULL,NULL,NULL,NULL,1923,NULL,NULL,NULL,1029,NULL,NULL,NULL,NULL),(192,409,3,1,0,'W 750E Second Path NE',750,'E','W','Second','Path','NE',NULL,'Community Relations',NULL,NULL,NULL,NULL,3804,NULL,NULL,NULL,1140,NULL,NULL,NULL,NULL),(193,281,3,1,0,'NW 303X Van Ness Rd NE',303,'X','NW','Van Ness','Rd','NE',NULL,'Cuffe Parade',NULL,NULL,NULL,NULL,2020,NULL,NULL,NULL,1042,NULL,NULL,NULL,NULL),(194,10,3,1,0,'E 189K Dowlen Pl NW',189,'K','E','Dowlen','Pl','NW',NULL,'C/o OPDC',NULL,NULL,NULL,NULL,3054,NULL,NULL,NULL,1099,NULL,NULL,NULL,NULL),(195,405,3,1,0,'NW 131F Main Rd S',131,'F','NW','Main','Rd','S',NULL,'Community Relations',NULL,NULL,NULL,NULL,3873,NULL,NULL,NULL,1148,NULL,NULL,NULL,NULL),(196,337,3,1,0,'SE 462L Caulder St SW',462,'L','SE','Caulder','St','SW',NULL,'Editorial Dept',NULL,NULL,NULL,NULL,4146,NULL,NULL,NULL,1168,NULL,NULL,NULL,NULL),(197,497,3,1,0,'SE 506E Dowlen Ave NE',506,'E','SE','Dowlen','Ave','NE',NULL,'Subscriptions Dept',NULL,NULL,NULL,NULL,2582,NULL,NULL,NULL,1076,NULL,NULL,NULL,NULL),(198,390,3,1,0,'SW 503Y Pine Ln NW',503,'Y','SW','Pine','Ln','NW',NULL,'Editorial Dept',NULL,NULL,NULL,NULL,1549,NULL,NULL,NULL,1002,NULL,NULL,NULL,NULL),(199,115,3,1,0,'N 723I El Camino Ave N',723,'I','N','El Camino','Ave','N',NULL,'Attn: Accounting',NULL,NULL,NULL,NULL,3449,NULL,NULL,NULL,1118,NULL,NULL,NULL,NULL),(200,110,3,1,0,'SE 816N Second Pl W',816,'N','SE','Second','Pl','W',NULL,'Disbursements',NULL,NULL,NULL,NULL,3298,NULL,NULL,NULL,1109,NULL,NULL,NULL,NULL),(201,44,3,1,0,'S 939C Second Blvd N',939,'C','S','Second','Blvd','N',NULL,'Disbursements',NULL,NULL,NULL,NULL,NULL,NULL,NULL,NULL,NULL,NULL,NULL,NULL,NULL),(202,474,1,1,0,'NW 382G Maple Blvd N',382,'G','NW','Maple','Blvd','N',NULL,'Mailstop 101',NULL,NULL,NULL,NULL,1967,NULL,NULL,NULL,1024,NULL,NULL,NULL,NULL),(203,407,1,1,0,'SE 531O Van Ness Path SW',531,'O','SE','Van Ness','Path','SW',NULL,'Editorial Dept',NULL,NULL,NULL,NULL,2203,NULL,NULL,NULL,1056,NULL,NULL,NULL,NULL),(204,113,1,1,0,'SW 220N Jackson Path N',220,'N','SW','Jackson','Path','N',NULL,'Urgent',NULL,NULL,NULL,NULL,4013,NULL,NULL,NULL,1169,NULL,NULL,NULL,NULL),(205,108,1,1,0,'NE 758K Maple Ln N',758,'K','NE','Maple','Ln','N',NULL,'Donor Relations',NULL,NULL,NULL,NULL,NULL,NULL,NULL,NULL,NULL,NULL,NULL,NULL,NULL),(206,495,1,1,0,'SE 23K Cadell Rd N',23,'K','SE','Cadell','Rd','N',NULL,'C/o OPDC',NULL,NULL,NULL,NULL,NULL,NULL,NULL,NULL,NULL,NULL,NULL,NULL,NULL),(207,413,1,1,0,'NW 496F Martin Luther King Blvd NW',496,'F','NW','Martin Luther King','Blvd','NW',NULL,'Cuffe Parade',NULL,NULL,NULL,NULL,5006,NULL,NULL,NULL,1230,NULL,NULL,NULL,NULL),(208,476,1,1,0,'SW 578J States Pl S',578,'J','SW','States','Pl','S',NULL,'Cuffe Parade',NULL,NULL,NULL,NULL,4737,NULL,NULL,NULL,1218,NULL,NULL,NULL,NULL),(209,29,1,1,0,'W 907T Cadell Path SE',907,'T','W','Cadell','Path','SE',NULL,'Urgent',NULL,NULL,NULL,NULL,4659,NULL,NULL,NULL,1211,NULL,NULL,NULL,NULL),(210,349,1,1,0,'NW 294Z Second Ln W',294,'Z','NW','Second','Ln','W',NULL,'Payables Dept.',NULL,NULL,NULL,NULL,2612,NULL,NULL,NULL,1226,NULL,NULL,NULL,NULL),(211,91,1,1,0,'SW 576V Woodbridge Path NE',576,'V','SW','Woodbridge','Path','NE',NULL,'Attn: Accounting',NULL,NULL,NULL,NULL,NULL,NULL,NULL,NULL,NULL,NULL,NULL,NULL,NULL),(212,308,1,1,0,'NE 253V Van Ness Pl W',253,'V','NE','Van Ness','Pl','W',NULL,'Attn: Accounting',NULL,NULL,NULL,NULL,5216,NULL,NULL,NULL,1165,NULL,NULL,NULL,NULL),(213,454,1,1,0,'N 182D Woodbridge St W',182,'D','N','Woodbridge','St','W',NULL,'Cuffe Parade',NULL,NULL,NULL,NULL,4717,NULL,NULL,NULL,1218,NULL,NULL,NULL,NULL),(214,297,1,1,0,'NW 737M College Blvd NE',737,'M','NW','College','Blvd','NE',NULL,'Community Relations',NULL,NULL,NULL,NULL,1809,NULL,NULL,NULL,1034,NULL,NULL,NULL,NULL),(215,34,1,1,0,'NW 643M College Way N',643,'M','NW','College','Way','N',NULL,'Attn: Accounting',NULL,NULL,NULL,NULL,4273,NULL,NULL,NULL,1177,NULL,NULL,NULL,NULL),(216,282,1,1,0,'N 115X Bay Dr N',115,'X','N','Bay','Dr','N',NULL,'Donor Relations',NULL,NULL,NULL,NULL,2038,NULL,NULL,NULL,1051,NULL,NULL,NULL,NULL),(217,444,1,1,0,'NW 217Y Martin Luther King Rd SW',217,'Y','NW','Martin Luther King','Rd','SW',NULL,'Attn: Accounting',NULL,NULL,NULL,NULL,3337,NULL,NULL,NULL,1110,NULL,NULL,NULL,NULL),(218,441,1,1,0,'S 765Z College Ln NW',765,'Z','S','College','Ln','NW',NULL,'Receiving',NULL,NULL,NULL,NULL,3565,NULL,NULL,NULL,1123,NULL,NULL,NULL,NULL),(219,124,1,1,0,'SW 64J Cadell Path NE',64,'J','SW','Cadell','Path','NE',NULL,'Disbursements',NULL,NULL,NULL,NULL,NULL,NULL,NULL,NULL,NULL,NULL,NULL,NULL,NULL),(220,179,1,1,0,'N 107X Main St SW',107,'X','N','Main','St','SW',NULL,'C/o OPDC',NULL,NULL,NULL,NULL,2115,NULL,NULL,NULL,1045,NULL,NULL,NULL,NULL),(221,107,1,1,0,'NW 195T Lincoln Blvd SE',195,'T','NW','Lincoln','Blvd','SE',NULL,'Attn: Accounting',NULL,NULL,NULL,NULL,NULL,NULL,NULL,NULL,NULL,NULL,NULL,NULL,NULL),(222,371,1,1,0,'E 884T Beech Blvd SE',884,'T','E','Beech','Blvd','SE',NULL,'Donor Relations',NULL,NULL,NULL,NULL,4039,NULL,NULL,NULL,1167,NULL,NULL,NULL,NULL),(223,299,1,1,0,'S 456M Second Way W',456,'M','S','Second','Way','W',NULL,'C/o PO Plus',NULL,NULL,NULL,NULL,3769,NULL,NULL,NULL,1132,NULL,NULL,NULL,NULL),(224,288,1,1,0,'W 344U Martin Luther King Dr N',344,'U','W','Martin Luther King','Dr','N',NULL,'Attn: Accounting',NULL,NULL,NULL,NULL,4899,NULL,NULL,NULL,1224,NULL,NULL,NULL,NULL),(225,14,1,1,0,'E 725R Martin Luther King Blvd NW',725,'R','E','Martin Luther King','Blvd','NW',NULL,'Donor Relations',NULL,NULL,NULL,NULL,5199,NULL,NULL,NULL,1016,NULL,NULL,NULL,NULL),(226,40,1,1,0,'S 939T Martin Luther King Dr NW',939,'T','S','Martin Luther King','Dr','NW',NULL,'Community Relations',NULL,NULL,NULL,NULL,2765,NULL,NULL,NULL,1226,NULL,NULL,NULL,NULL),(227,313,1,1,0,'NE 863B States Pl S',863,'B','NE','States','Pl','S',NULL,'Cuffe Parade',NULL,NULL,NULL,NULL,5074,NULL,NULL,NULL,1233,NULL,NULL,NULL,NULL),(228,363,1,1,0,'S 178O College Blvd W',178,'O','S','College','Blvd','W',NULL,'Receiving',NULL,NULL,NULL,NULL,NULL,NULL,NULL,NULL,NULL,NULL,NULL,NULL,NULL),(229,239,1,1,0,'N 54M El Camino Ave NE',54,'M','N','El Camino','Ave','NE',NULL,'Community Relations',NULL,NULL,NULL,NULL,2377,NULL,NULL,NULL,1069,NULL,NULL,NULL,NULL),(230,39,1,1,0,'E 151C Maple St N',151,'C','E','Maple','St','N',NULL,'Donor Relations',NULL,NULL,NULL,NULL,1563,NULL,NULL,NULL,1002,NULL,NULL,NULL,NULL),(231,112,1,1,0,'N 69R El Camino Blvd SE',69,'R','N','El Camino','Blvd','SE',NULL,'Receiving',NULL,NULL,NULL,NULL,4242,NULL,NULL,NULL,1177,NULL,NULL,NULL,NULL),(232,137,1,1,0,'SE 455S Martin Luther King Dr SW',455,'S','SE','Martin Luther King','Dr','SW',NULL,'Community Relations',NULL,NULL,NULL,NULL,3488,NULL,NULL,NULL,1199,NULL,NULL,NULL,NULL),(233,471,1,1,0,'NE 958K Woodbridge Pl W',958,'K','NE','Woodbridge','Pl','W',NULL,'Editorial Dept',NULL,NULL,NULL,NULL,1621,NULL,NULL,NULL,1010,NULL,NULL,NULL,NULL),(234,241,1,1,0,'S 449D College Rd SW',449,'D','S','College','Rd','SW',NULL,'C/o PO Plus',NULL,NULL,NULL,NULL,5024,NULL,NULL,NULL,1232,NULL,NULL,NULL,NULL),(235,15,1,1,0,'W 85F Main Path NW',85,'F','W','Main','Path','NW',NULL,'Subscriptions Dept',NULL,NULL,NULL,NULL,3758,NULL,NULL,NULL,1132,NULL,NULL,NULL,NULL),(236,445,1,1,0,'NW 468W Van Ness Ave N',468,'W','NW','Van Ness','Ave','N',NULL,'Community Relations',NULL,NULL,NULL,NULL,4098,NULL,NULL,NULL,1170,NULL,NULL,NULL,NULL),(237,321,1,1,0,'SW 767W Van Ness Pl SW',767,'W','SW','Van Ness','Pl','SW',NULL,'Donor Relations',NULL,NULL,NULL,NULL,1772,NULL,NULL,NULL,1017,NULL,NULL,NULL,NULL),(238,3,1,1,0,'E 441F States Ln SW',441,'F','E','States','Ln','SW',NULL,'Churchgate',NULL,NULL,NULL,NULL,2017,NULL,NULL,NULL,1050,NULL,NULL,NULL,NULL),(239,327,1,1,0,'NW 804W Bay Dr SE',804,'W','NW','Bay','Dr','SE',NULL,'Payables Dept.',NULL,NULL,NULL,NULL,1729,NULL,NULL,NULL,1017,NULL,NULL,NULL,NULL),(240,128,1,1,0,'NW 190R Beech Ave NE',190,'R','NW','Beech','Ave','NE',NULL,'C/o PO Plus',NULL,NULL,NULL,NULL,1501,NULL,NULL,NULL,1225,NULL,NULL,NULL,NULL),(241,119,1,1,0,'SW 779Z Main St SE',779,'Z','SW','Main','St','SE',NULL,'Mailstop 101',NULL,NULL,NULL,NULL,1977,NULL,NULL,NULL,1024,NULL,NULL,NULL,NULL),(242,243,1,1,0,'S 599E Maple Blvd NE',599,'E','S','Maple','Blvd','NE',NULL,'Mailstop 101',NULL,NULL,NULL,NULL,2483,NULL,NULL,NULL,1070,NULL,NULL,NULL,NULL),(243,222,1,1,0,'NW 963U Bay St E',963,'U','NW','Bay','St','E',NULL,'Subscriptions Dept',NULL,NULL,NULL,NULL,4741,NULL,NULL,NULL,1219,NULL,NULL,NULL,NULL),(244,252,1,1,0,'E 821Q Woodbridge Pl NE',821,'Q','E','Woodbridge','Pl','NE',NULL,'Subscriptions Dept',NULL,NULL,NULL,NULL,1746,NULL,NULL,NULL,1017,NULL,NULL,NULL,NULL),(245,475,1,1,0,'NW 507Q Pine Way NE',507,'Q','NW','Pine','Way','NE',NULL,'Subscriptions Dept',NULL,NULL,NULL,NULL,4272,NULL,NULL,NULL,1177,NULL,NULL,NULL,NULL),(246,67,1,1,0,'N 301A Green Path SE',301,'A','N','Green','Path','SE',NULL,'Disbursements',NULL,NULL,NULL,NULL,4865,NULL,NULL,NULL,1210,NULL,NULL,NULL,NULL),(247,443,1,1,0,'NW 540G Beech Rd N',540,'G','NW','Beech','Rd','N',NULL,'Payables Dept.',NULL,NULL,NULL,NULL,4455,NULL,NULL,NULL,1193,NULL,NULL,NULL,NULL),(248,479,1,1,0,'SE 176H Lincoln St S',176,'H','SE','Lincoln','St','S',NULL,'Subscriptions Dept',NULL,NULL,NULL,NULL,1594,NULL,NULL,NULL,1006,NULL,NULL,NULL,NULL),(249,345,1,1,0,'N 459O Woodbridge St SW',459,'O','N','Woodbridge','St','SW',NULL,'Attn: Development',NULL,NULL,NULL,NULL,1700,NULL,NULL,NULL,1015,NULL,NULL,NULL,NULL),(250,292,1,1,0,'SW 976K Beech Path SW',976,'K','SW','Beech','Path','SW',NULL,'Receiving',NULL,NULL,NULL,NULL,1956,NULL,NULL,NULL,1212,NULL,NULL,NULL,NULL),(251,127,1,1,0,'N 985D Pine Path W',985,'D','N','Pine','Path','W',NULL,'Attn: Accounting',NULL,NULL,NULL,NULL,3636,NULL,NULL,NULL,1146,NULL,NULL,NULL,NULL),(252,20,1,1,0,'SW 492H College Dr NW',492,'H','SW','College','Dr','NW',NULL,'C/o OPDC',NULL,NULL,NULL,NULL,2167,NULL,NULL,NULL,1048,NULL,NULL,NULL,NULL),(253,402,1,1,0,'NE 762O Cadell Ave S',762,'O','NE','Cadell','Ave','S',NULL,'Disbursements',NULL,NULL,NULL,NULL,2812,NULL,NULL,NULL,1226,NULL,NULL,NULL,NULL),(254,28,1,1,0,'SW 909F Woodbridge Ln SE',909,'F','SW','Woodbridge','Ln','SE',NULL,'Mailstop 101',NULL,NULL,NULL,NULL,2601,NULL,NULL,NULL,1226,NULL,NULL,NULL,NULL),(255,101,1,1,0,'W 548L States Pl N',548,'L','W','States','Pl','N',NULL,'Subscriptions Dept',NULL,NULL,NULL,NULL,NULL,NULL,NULL,NULL,NULL,NULL,NULL,NULL,NULL),(256,76,1,1,0,'S 561Q States Path SE',561,'Q','S','States','Path','SE',NULL,'Editorial Dept',NULL,NULL,NULL,NULL,2822,NULL,NULL,NULL,1226,NULL,NULL,NULL,NULL),(257,428,1,1,0,'SW 977Y Cadell Ave NE',977,'Y','SW','Cadell','Ave','NE',NULL,'Subscriptions Dept',NULL,NULL,NULL,NULL,3300,NULL,NULL,NULL,1109,NULL,NULL,NULL,NULL),(258,346,1,1,0,'NW 894N Lincoln Blvd SW',894,'N','NW','Lincoln','Blvd','SW',NULL,'C/o PO Plus',NULL,NULL,NULL,NULL,2352,NULL,NULL,NULL,1003,NULL,NULL,NULL,NULL),(259,231,1,1,0,'W 39K Green Dr N',39,'K','W','Green','Dr','N',NULL,'Mailstop 101',NULL,NULL,NULL,NULL,4464,NULL,NULL,NULL,1193,NULL,NULL,NULL,NULL),(260,85,1,1,0,'E 618J Northpoint Rd E',618,'J','E','Northpoint','Rd','E',NULL,'C/o PO Plus',NULL,NULL,NULL,NULL,4816,NULL,NULL,NULL,1219,NULL,NULL,NULL,NULL),(261,109,1,1,0,'SE 327G College Ave NE',327,'G','SE','College','Ave','NE',NULL,'Cuffe Parade',NULL,NULL,NULL,NULL,1918,NULL,NULL,NULL,1029,NULL,NULL,NULL,NULL),(262,374,1,1,0,'S 414P Second Blvd N',414,'P','S','Second','Blvd','N',NULL,'Payables Dept.',NULL,NULL,NULL,NULL,2387,NULL,NULL,NULL,1069,NULL,NULL,NULL,NULL),(263,352,1,1,0,'NW 672B Cadell Ln NE',672,'B','NW','Cadell','Ln','NE',NULL,'C/o PO Plus',NULL,NULL,NULL,NULL,5049,NULL,NULL,NULL,1233,NULL,NULL,NULL,NULL),(264,135,1,1,0,'N 694P Caulder Rd E',694,'P','N','Caulder','Rd','E',NULL,'Attn: Accounting',NULL,NULL,NULL,NULL,2032,NULL,NULL,NULL,1042,NULL,NULL,NULL,NULL),(265,338,1,1,0,'E 619A States Blvd S',619,'A','E','States','Blvd','S',NULL,'C/o OPDC',NULL,NULL,NULL,NULL,2913,NULL,NULL,NULL,1085,NULL,NULL,NULL,NULL),(266,16,1,1,0,'NW 943M Lincoln Ln S',943,'M','NW','Lincoln','Ln','S',NULL,'Editorial Dept',NULL,NULL,NULL,NULL,4295,NULL,NULL,NULL,1177,NULL,NULL,NULL,NULL),(267,148,1,1,0,'NW 90P States Path SW',90,'P','NW','States','Path','SW',NULL,'Urgent',NULL,NULL,NULL,NULL,4262,NULL,NULL,NULL,1177,NULL,NULL,NULL,NULL),(268,275,1,1,0,'SW 521L Lincoln Dr NE',521,'L','SW','Lincoln','Dr','NE',NULL,'Donor Relations',NULL,NULL,NULL,NULL,1527,NULL,NULL,NULL,1001,NULL,NULL,NULL,NULL),(269,194,1,1,0,'W 818G Beech Path N',818,'G','W','Beech','Path','N',NULL,'Receiving',NULL,NULL,NULL,NULL,4232,NULL,NULL,NULL,1177,NULL,NULL,NULL,NULL),(270,273,1,1,0,'N 916Q States Way S',916,'Q','N','States','Way','S',NULL,'Community Relations',NULL,NULL,NULL,NULL,1223,NULL,NULL,NULL,1101,NULL,NULL,NULL,NULL),(271,229,1,1,0,'W 107Y El Camino Pl NW',107,'Y','W','El Camino','Pl','NW',NULL,'Community Relations',NULL,NULL,NULL,NULL,5208,NULL,NULL,NULL,1165,NULL,NULL,NULL,NULL),(272,361,1,1,0,'S 973R Caulder Way NW',973,'R','S','Caulder','Way','NW',NULL,'Community Relations',NULL,NULL,NULL,NULL,2619,NULL,NULL,NULL,1226,NULL,NULL,NULL,NULL),(273,333,1,1,0,'NE 194Z Main Way SE',194,'Z','NE','Main','Way','SE',NULL,'Editorial Dept',NULL,NULL,NULL,NULL,5016,NULL,NULL,NULL,1232,NULL,NULL,NULL,NULL),(274,482,1,1,0,'NW 455W Bay Path S',455,'W','NW','Bay','Path','S',NULL,'Receiving',NULL,NULL,NULL,NULL,NULL,NULL,NULL,NULL,NULL,NULL,NULL,NULL,NULL),(275,114,1,1,0,'N 84M Van Ness St SW',84,'M','N','Van Ness','St','SW',NULL,'Churchgate',NULL,NULL,NULL,NULL,2164,NULL,NULL,NULL,1048,NULL,NULL,NULL,NULL),(276,498,1,1,0,'SE 754P Maple Blvd S',754,'P','SE','Maple','Blvd','S',NULL,'Payables Dept.',NULL,NULL,NULL,NULL,3246,NULL,NULL,NULL,1107,NULL,NULL,NULL,NULL),(277,353,1,1,0,'SE 669A Martin Luther King Blvd SE',669,'A','SE','Martin Luther King','Blvd','SE',NULL,'Editorial Dept',NULL,NULL,NULL,NULL,2125,NULL,NULL,NULL,1045,NULL,NULL,NULL,NULL),(278,48,1,1,0,'W 898S Green Path S',898,'S','W','Green','Path','S',NULL,'Attn: Accounting',NULL,NULL,NULL,NULL,5184,NULL,NULL,NULL,1098,NULL,NULL,NULL,NULL),(279,201,1,1,0,'NW 832N Caulder Dr S',832,'N','NW','Caulder','Dr','S',NULL,'Donor Relations',NULL,NULL,NULL,NULL,2646,NULL,NULL,NULL,1226,NULL,NULL,NULL,NULL),(280,379,1,1,0,'S 423X Bay Blvd N',423,'X','S','Bay','Blvd','N',NULL,'Attn: Accounting',NULL,NULL,NULL,NULL,3661,NULL,NULL,NULL,1135,NULL,NULL,NULL,NULL),(281,417,1,1,0,'SE 279F Second Ln NE',279,'F','SE','Second','Ln','NE',NULL,'Payables Dept.',NULL,NULL,NULL,NULL,3595,NULL,NULL,NULL,1146,NULL,NULL,NULL,NULL),(282,147,1,1,0,'E 617M States St W',617,'M','E','States','St','W',NULL,'Subscriptions Dept',NULL,NULL,NULL,NULL,3320,NULL,NULL,NULL,1109,NULL,NULL,NULL,NULL),(283,351,1,1,0,'W 563S Main Ln W',563,'S','W','Main','Ln','W',NULL,'Churchgate',NULL,NULL,NULL,NULL,4987,NULL,NULL,NULL,1229,NULL,NULL,NULL,NULL),(284,17,1,1,0,'SE 734Z Main Path SE',734,'Z','SE','Main','Path','SE',NULL,'Attn: Accounting',NULL,NULL,NULL,NULL,4942,NULL,NULL,NULL,1223,NULL,NULL,NULL,NULL),(285,9,1,1,0,'W 394Y Woodbridge Way SW',394,'Y','W','Woodbridge','Way','SW',NULL,'Editorial Dept',NULL,NULL,NULL,NULL,4514,NULL,NULL,NULL,1193,NULL,NULL,NULL,NULL),(286,63,1,1,0,'NE 810I States Path S',810,'I','NE','States','Path','S',NULL,'Community Relations',NULL,NULL,NULL,NULL,4652,NULL,NULL,NULL,1211,NULL,NULL,NULL,NULL),(287,418,1,1,0,'W 510M Beech Pl S',510,'M','W','Beech','Pl','S',NULL,'C/o PO Plus',NULL,NULL,NULL,NULL,1575,NULL,NULL,NULL,1002,NULL,NULL,NULL,NULL),(288,213,1,1,0,'S 129W Lincoln Ln S',129,'W','S','Lincoln','Ln','S',NULL,'Subscriptions Dept',NULL,NULL,NULL,NULL,4238,NULL,NULL,NULL,1177,NULL,NULL,NULL,NULL),(289,170,1,1,0,'N 126E Martin Luther King St E',126,'E','N','Martin Luther King','St','E',NULL,'Donor Relations',NULL,NULL,NULL,NULL,3724,NULL,NULL,NULL,1144,NULL,NULL,NULL,NULL),(290,38,1,1,0,'E 235P Pine Ave NE',235,'P','E','Pine','Ave','NE',NULL,'Mailstop 101',NULL,NULL,NULL,NULL,3618,NULL,NULL,NULL,1146,NULL,NULL,NULL,NULL),(291,25,1,1,0,'S 281J Lincoln Ave SE',281,'J','S','Lincoln','Ave','SE',NULL,'Disbursements',NULL,NULL,NULL,NULL,4941,NULL,NULL,NULL,1223,NULL,NULL,NULL,NULL),(292,384,1,1,0,'S 309W Maple Ln SW',309,'W','S','Maple','Ln','SW',NULL,'Attn: Accounting',NULL,NULL,NULL,NULL,4964,NULL,NULL,NULL,1223,NULL,NULL,NULL,NULL),(293,149,1,1,0,'NE 247W Martin Luther King Dr S',247,'W','NE','Martin Luther King','Dr','S',NULL,'Disbursements',NULL,NULL,NULL,NULL,2335,NULL,NULL,NULL,1003,NULL,NULL,NULL,NULL),(294,65,1,1,0,'SW 43M Northpoint St W',43,'M','SW','Northpoint','St','W',NULL,'Payables Dept.',NULL,NULL,NULL,NULL,2547,NULL,NULL,NULL,1076,NULL,NULL,NULL,NULL),(295,320,1,1,0,'SE 562C Bay Way E',562,'C','SE','Bay','Way','E',NULL,'Disbursements',NULL,NULL,NULL,NULL,NULL,NULL,NULL,NULL,NULL,NULL,NULL,NULL,NULL),(296,358,1,1,0,'S 107Z Second Path W',107,'Z','S','Second','Path','W',NULL,'Urgent',NULL,NULL,NULL,NULL,2539,NULL,NULL,NULL,1076,NULL,NULL,NULL,NULL),(297,100,1,1,0,'S 741P Green Dr NW',741,'P','S','Green','Dr','NW',NULL,'Churchgate',NULL,NULL,NULL,NULL,3270,NULL,NULL,NULL,1107,NULL,NULL,NULL,NULL),(298,36,1,1,0,'SE 805T States Way S',805,'T','SE','States','Way','S',NULL,'Community Relations',NULL,NULL,NULL,NULL,NULL,NULL,NULL,NULL,NULL,NULL,NULL,NULL,NULL),(299,92,1,1,0,'NW 787F Northpoint Ave E',787,'F','NW','Northpoint','Ave','E',NULL,'Churchgate',NULL,NULL,NULL,NULL,2337,NULL,NULL,NULL,1003,NULL,NULL,NULL,NULL),(300,93,1,1,0,'SW 677N Bay Pl N',677,'N','SW','Bay','Pl','N',NULL,'Attn: Accounting',NULL,NULL,NULL,NULL,4366,NULL,NULL,NULL,1204,NULL,NULL,NULL,NULL),(301,342,1,1,0,'S 761Z Beech St SW',761,'Z','S','Beech','St','SW',NULL,'Mailstop 101',NULL,NULL,NULL,NULL,5027,NULL,NULL,NULL,1232,NULL,NULL,NULL,NULL),(302,481,1,1,0,'SE 624I Cadell Rd W',624,'I','SE','Cadell','Rd','W',NULL,'Donor Relations',NULL,NULL,NULL,NULL,1787,NULL,NULL,NULL,1020,NULL,NULL,NULL,NULL),(303,46,1,1,0,'NW 728A Bay Rd W',728,'A','NW','Bay','Rd','W',NULL,'Editorial Dept',NULL,NULL,NULL,NULL,4776,NULL,NULL,NULL,1219,NULL,NULL,NULL,NULL),(304,309,1,1,0,'E 258H Martin Luther King Rd SW',258,'H','E','Martin Luther King','Rd','SW',NULL,'Urgent',NULL,NULL,NULL,NULL,2558,NULL,NULL,NULL,1076,NULL,NULL,NULL,NULL),(305,51,1,1,0,'SE 765C Maple Path E',765,'C','SE','Maple','Path','E',NULL,'Churchgate',NULL,NULL,NULL,NULL,4566,NULL,NULL,NULL,1195,NULL,NULL,NULL,NULL),(306,230,1,1,0,'N 16M Lincoln Rd N',16,'M','N','Lincoln','Rd','N',NULL,'Cuffe Parade',NULL,NULL,NULL,NULL,1047,NULL,NULL,NULL,1228,NULL,NULL,NULL,NULL),(307,240,1,1,0,'SW 783O Maple Ln W',783,'O','SW','Maple','Ln','W',NULL,'Receiving',NULL,NULL,NULL,NULL,4048,NULL,NULL,NULL,1170,NULL,NULL,NULL,NULL),(308,247,1,1,0,'NW 768J Van Ness Ave NE',768,'J','NW','Van Ness','Ave','NE',NULL,'Mailstop 101',NULL,NULL,NULL,NULL,2574,NULL,NULL,NULL,1076,NULL,NULL,NULL,NULL),(309,375,1,1,0,'SW 70E Northpoint Pl NW',70,'E','SW','Northpoint','Pl','NW',NULL,'Attn: Accounting',NULL,NULL,NULL,NULL,2639,NULL,NULL,NULL,1226,NULL,NULL,NULL,NULL),(310,433,1,1,0,'SW 653A Dowlen Blvd E',653,'A','SW','Dowlen','Blvd','E',NULL,'Mailstop 101',NULL,NULL,NULL,NULL,2238,NULL,NULL,NULL,1058,NULL,NULL,NULL,NULL),(311,121,1,1,0,'W 673P Green St E',673,'P','W','Green','St','E',NULL,'Community Relations',NULL,NULL,NULL,NULL,4255,NULL,NULL,NULL,1177,NULL,NULL,NULL,NULL),(312,120,1,1,0,'SW 356W Northpoint Path NE',356,'W','SW','Northpoint','Path','NE',NULL,'Editorial Dept',NULL,NULL,NULL,NULL,2072,NULL,NULL,NULL,1205,NULL,NULL,NULL,NULL),(313,463,1,1,0,'NW 420W Second Pl N',420,'W','NW','Second','Pl','N',NULL,'Urgent',NULL,NULL,NULL,NULL,5179,NULL,NULL,NULL,1098,NULL,NULL,NULL,NULL),(314,426,1,1,0,'SE 169K Green Rd S',169,'K','SE','Green','Rd','S',NULL,'Cuffe Parade',NULL,NULL,NULL,NULL,4333,NULL,NULL,NULL,1200,NULL,NULL,NULL,NULL),(315,42,1,1,0,'SW 718T Northpoint Path N',718,'T','SW','Northpoint','Path','N',NULL,'C/o OPDC',NULL,NULL,NULL,NULL,1827,NULL,NULL,NULL,1034,NULL,NULL,NULL,NULL),(316,307,1,1,0,'SE 830H Caulder Rd W',830,'H','SE','Caulder','Rd','W',NULL,'Attn: Accounting',NULL,NULL,NULL,NULL,1859,NULL,NULL,NULL,1033,NULL,NULL,NULL,NULL),(317,350,1,1,0,'E 359P Dowlen St E',359,'P','E','Dowlen','St','E',NULL,'Editorial Dept',NULL,NULL,NULL,NULL,3544,NULL,NULL,NULL,1119,NULL,NULL,NULL,NULL),(318,129,1,1,0,'SW 201X Bay Way W',201,'X','SW','Bay','Way','W',NULL,'Attn: Development',NULL,NULL,NULL,NULL,NULL,NULL,NULL,NULL,NULL,NULL,NULL,NULL,NULL),(319,265,1,1,0,'NE 616J Green Ln SW',616,'J','NE','Green','Ln','SW',NULL,'Editorial Dept',NULL,NULL,NULL,NULL,4699,NULL,NULL,NULL,1211,NULL,NULL,NULL,NULL),(320,151,1,1,0,'E 680N Main Way W',680,'N','E','Main','Way','W',NULL,'C/o PO Plus',NULL,NULL,NULL,NULL,4977,NULL,NULL,NULL,1227,NULL,NULL,NULL,NULL),(321,457,1,1,0,'SE 917O Second Pl NW',917,'O','SE','Second','Pl','NW',NULL,'Urgent',NULL,NULL,NULL,NULL,2282,NULL,NULL,NULL,1062,NULL,NULL,NULL,NULL),(322,304,1,1,0,'E 380U Woodbridge Path SW',380,'U','E','Woodbridge','Path','SW',NULL,'Subscriptions Dept',NULL,NULL,NULL,NULL,4538,NULL,NULL,NULL,1192,NULL,NULL,NULL,NULL),(323,52,1,1,0,'SW 857Z Cadell Dr NW',857,'Z','SW','Cadell','Dr','NW',NULL,'Community Relations',NULL,NULL,NULL,NULL,1833,NULL,NULL,NULL,1034,NULL,NULL,NULL,NULL),(324,73,1,1,0,'S 277P Main Way S',277,'P','S','Main','Way','S',NULL,'Editorial Dept',NULL,NULL,NULL,NULL,2567,NULL,NULL,NULL,1076,NULL,NULL,NULL,NULL),(325,491,1,1,0,'SE 594W College Blvd E',594,'W','SE','College','Blvd','E',NULL,'Disbursements',NULL,NULL,NULL,NULL,1109,NULL,NULL,NULL,1039,NULL,NULL,NULL,NULL),(326,75,1,1,0,'S 356G Caulder Rd SW',356,'G','S','Caulder','Rd','SW',NULL,'Subscriptions Dept',NULL,NULL,NULL,NULL,1227,NULL,NULL,NULL,1101,NULL,NULL,NULL,NULL),(327,480,1,1,0,'N 429T Pine Dr NE',429,'T','N','Pine','Dr','NE',NULL,'Community Relations',NULL,NULL,NULL,NULL,2931,NULL,NULL,NULL,1090,NULL,NULL,NULL,NULL),(328,300,1,1,0,'E 184R Caulder Dr W',184,'R','E','Caulder','Dr','W',NULL,'C/o OPDC',NULL,NULL,NULL,NULL,4859,NULL,NULL,NULL,1208,NULL,NULL,NULL,NULL),(329,398,1,1,0,'SW 777A States Ln W',777,'A','SW','States','Ln','W',NULL,'Editorial Dept',NULL,NULL,NULL,NULL,4972,NULL,NULL,NULL,1223,NULL,NULL,NULL,NULL),(330,483,1,1,0,'NE 417J Pine Blvd S',417,'J','NE','Pine','Blvd','S',NULL,'C/o OPDC',NULL,NULL,NULL,NULL,4160,NULL,NULL,NULL,1168,NULL,NULL,NULL,NULL),(331,330,1,1,0,'NW 530T Beech Blvd SE',530,'T','NW','Beech','Blvd','SE',NULL,'Subscriptions Dept',NULL,NULL,NULL,NULL,NULL,NULL,NULL,NULL,NULL,NULL,NULL,NULL,NULL),(332,355,1,1,0,'W 797W Bay Ln S',797,'W','W','Bay','Ln','S',NULL,'Attn: Accounting',NULL,NULL,NULL,NULL,1813,NULL,NULL,NULL,1034,NULL,NULL,NULL,NULL),(333,125,1,1,0,'E 403W Pine Path SW',403,'W','E','Pine','Path','SW',NULL,'Receiving',NULL,NULL,NULL,NULL,4045,NULL,NULL,NULL,1170,NULL,NULL,NULL,NULL),(334,419,1,1,0,'W 981U Martin Luther King Dr W',981,'U','W','Martin Luther King','Dr','W',NULL,'Disbursements',NULL,NULL,NULL,NULL,4627,NULL,NULL,NULL,1214,NULL,NULL,NULL,NULL),(335,460,1,1,0,'NW 477O Jackson Ln NW',477,'O','NW','Jackson','Ln','NW',NULL,'Donor Relations',NULL,NULL,NULL,NULL,4984,NULL,NULL,NULL,1229,NULL,NULL,NULL,NULL),(336,191,1,1,0,'W 804P Martin Luther King Ln S',804,'P','W','Martin Luther King','Ln','S',NULL,'Community Relations',NULL,NULL,NULL,NULL,4441,NULL,NULL,NULL,1193,NULL,NULL,NULL,NULL),(337,484,1,1,0,'SE 52F College Pl W',52,'F','SE','College','Pl','W',NULL,'Payables Dept.',NULL,NULL,NULL,NULL,2614,NULL,NULL,NULL,1226,NULL,NULL,NULL,NULL),(338,286,1,1,0,'NE 115R Bay Path W',115,'R','NE','Bay','Path','W',NULL,'C/o OPDC',NULL,NULL,NULL,NULL,1104,NULL,NULL,NULL,1039,NULL,NULL,NULL,NULL),(339,427,1,1,0,'S 929V States Way E',929,'V','S','States','Way','E',NULL,'Receiving',NULL,NULL,NULL,NULL,3263,NULL,NULL,NULL,1107,NULL,NULL,NULL,NULL),(340,370,1,1,0,'NE 816K Martin Luther King Rd N',816,'K','NE','Martin Luther King','Rd','N',NULL,'Editorial Dept',NULL,NULL,NULL,NULL,4080,NULL,NULL,NULL,1170,NULL,NULL,NULL,NULL),(341,225,1,1,0,'W 578Z Cadell Way NW',578,'Z','W','Cadell','Way','NW',NULL,'Community Relations',NULL,NULL,NULL,NULL,2914,NULL,NULL,NULL,1085,NULL,NULL,NULL,NULL),(342,144,1,1,0,'SE 988A Jackson Path N',988,'A','SE','Jackson','Path','N',NULL,'Urgent',NULL,NULL,NULL,NULL,4414,NULL,NULL,NULL,1193,NULL,NULL,NULL,NULL),(343,396,1,1,0,'SW 420O El Camino Dr SE',420,'O','SW','El Camino','Dr','SE',NULL,'C/o PO Plus',NULL,NULL,NULL,NULL,1591,NULL,NULL,NULL,1006,NULL,NULL,NULL,NULL),(344,284,1,1,0,'E 131X Green Pl N',131,'X','E','Green','Pl','N',NULL,'Mailstop 101',NULL,NULL,NULL,NULL,2682,NULL,NULL,NULL,1226,NULL,NULL,NULL,NULL),(345,501,1,1,0,'SE 987Q Second Pl W',987,'Q','SE','Second','Pl','W',NULL,'Attn: Development',NULL,NULL,NULL,NULL,5202,NULL,NULL,NULL,1165,NULL,NULL,NULL,NULL),(346,122,1,1,0,'E 287N College St S',287,'N','E','College','St','S',NULL,'Attn: Accounting',NULL,NULL,NULL,NULL,4798,NULL,NULL,NULL,1219,NULL,NULL,NULL,NULL),(347,26,1,1,0,'N 334K Woodbridge St NW',334,'K','N','Woodbridge','St','NW',NULL,'Editorial Dept',NULL,NULL,NULL,NULL,2827,NULL,NULL,NULL,1083,NULL,NULL,NULL,NULL),(348,6,1,1,0,'SW 541V Main Pl SW',541,'V','SW','Main','Pl','SW',NULL,'Receiving',NULL,NULL,NULL,NULL,2735,NULL,NULL,NULL,1226,NULL,NULL,NULL,NULL),(349,74,1,1,0,'NE 854B Caulder Dr S',854,'B','NE','Caulder','Dr','S',NULL,'Editorial Dept',NULL,NULL,NULL,NULL,1940,NULL,NULL,NULL,1029,NULL,NULL,NULL,NULL),(350,143,1,1,0,'N 668H Maple St NW',668,'H','N','Maple','St','NW',NULL,'Attn: Development',NULL,NULL,NULL,NULL,4067,NULL,NULL,NULL,1170,NULL,NULL,NULL,NULL),(351,315,1,1,0,'W 443D Main Dr S',443,'D','W','Main','Dr','S',NULL,'Urgent',NULL,NULL,NULL,NULL,2000,NULL,NULL,NULL,1019,NULL,NULL,NULL,NULL),(352,422,1,1,0,'SE 459K Caulder Dr N',459,'K','SE','Caulder','Dr','N',NULL,'C/o PO Plus',NULL,NULL,NULL,NULL,2443,NULL,NULL,NULL,1198,NULL,NULL,NULL,NULL),(353,404,1,1,0,'SE 183Y Main St NE',183,'Y','SE','Main','St','NE',NULL,'C/o OPDC',NULL,NULL,NULL,NULL,3468,NULL,NULL,NULL,1199,NULL,NULL,NULL,NULL),(354,378,1,1,0,'W 834X Van Ness Path SW',834,'X','W','Van Ness','Path','SW',NULL,'Disbursements',NULL,NULL,NULL,NULL,4065,NULL,NULL,NULL,1170,NULL,NULL,NULL,NULL),(355,83,1,1,0,'SW 817P Main Way NW',817,'P','SW','Main','Way','NW',NULL,'Subscriptions Dept',NULL,NULL,NULL,NULL,3010,NULL,NULL,NULL,1094,NULL,NULL,NULL,NULL),(356,336,1,1,0,'NW 928R Cadell Way E',928,'R','NW','Cadell','Way','E',NULL,'C/o PO Plus',NULL,NULL,NULL,NULL,1739,NULL,NULL,NULL,1017,NULL,NULL,NULL,NULL),(357,228,1,1,0,'SE 260V Lincoln Way SW',260,'V','SE','Lincoln','Way','SW',NULL,'Disbursements',NULL,NULL,NULL,NULL,4594,NULL,NULL,NULL,1206,NULL,NULL,NULL,NULL),(358,84,1,1,0,'E 48Q Northpoint Dr NW',48,'Q','E','Northpoint','Dr','NW',NULL,'Urgent',NULL,NULL,NULL,NULL,1997,NULL,NULL,NULL,1019,NULL,NULL,NULL,NULL),(359,289,1,1,0,'S 92B Lincoln Way S',92,'B','S','Lincoln','Way','S',NULL,'Editorial Dept',NULL,NULL,NULL,NULL,NULL,NULL,NULL,NULL,NULL,NULL,NULL,NULL,NULL),(360,226,1,1,0,'NW 773U States Rd NE',773,'U','NW','States','Rd','NE',NULL,'Subscriptions Dept',NULL,NULL,NULL,NULL,1820,NULL,NULL,NULL,1034,NULL,NULL,NULL,NULL),(361,13,1,1,0,'W 549I Second Ave SE',549,'I','W','Second','Ave','SE',NULL,'Subscriptions Dept',NULL,NULL,NULL,NULL,2504,NULL,NULL,NULL,1076,NULL,NULL,NULL,NULL),(362,499,1,1,0,'W 274R States Blvd W',274,'R','W','States','Blvd','W',NULL,'Community Relations',NULL,NULL,NULL,NULL,4303,NULL,NULL,NULL,1178,NULL,NULL,NULL,NULL),(363,131,1,1,0,'SE 855O Martin Luther King Dr W',855,'O','SE','Martin Luther King','Dr','W',NULL,'Subscriptions Dept',NULL,NULL,NULL,NULL,4595,NULL,NULL,NULL,1206,NULL,NULL,NULL,NULL),(364,166,1,1,0,'N 963K Maple Way NE',963,'K','N','Maple','Way','NE',NULL,'Disbursements',NULL,NULL,NULL,NULL,2163,NULL,NULL,NULL,1048,NULL,NULL,NULL,NULL),(365,218,1,1,0,'NE 251H Caulder Pl S',251,'H','NE','Caulder','Pl','S',NULL,'Community Relations',NULL,NULL,NULL,NULL,4596,NULL,NULL,NULL,1206,NULL,NULL,NULL,NULL),(366,456,1,1,0,'SE 864A Second Blvd W',864,'A','SE','Second','Blvd','W',NULL,'Donor Relations',NULL,NULL,NULL,NULL,2072,NULL,NULL,NULL,1205,NULL,NULL,NULL,NULL),(367,43,1,1,0,'SE 676C States Ln W',676,'C','SE','States','Ln','W',NULL,'C/o PO Plus',NULL,NULL,NULL,NULL,2249,NULL,NULL,NULL,1082,NULL,NULL,NULL,NULL),(368,235,1,1,0,'SW 68F El Camino St W',68,'F','SW','El Camino','St','W',NULL,'Mailstop 101',NULL,NULL,NULL,NULL,4370,NULL,NULL,NULL,1204,NULL,NULL,NULL,NULL),(369,77,1,1,0,'W 40H Cadell Way NE',40,'H','W','Cadell','Way','NE',NULL,'Mailstop 101',NULL,NULL,NULL,NULL,1539,NULL,NULL,NULL,1001,NULL,NULL,NULL,NULL),(370,19,1,1,0,'N 783K Jackson Dr SE',783,'K','N','Jackson','Dr','SE',NULL,'Subscriptions Dept',NULL,NULL,NULL,NULL,2475,NULL,NULL,NULL,1070,NULL,NULL,NULL,NULL),(371,285,1,1,0,'NW 291F Second Way E',291,'F','NW','Second','Way','E',NULL,'Attn: Development',NULL,NULL,NULL,NULL,3682,NULL,NULL,NULL,1135,NULL,NULL,NULL,NULL),(372,70,1,1,0,'E 802A Lincoln Pl SW',802,'A','E','Lincoln','Pl','SW',NULL,'Attn: Accounting',NULL,NULL,NULL,NULL,4200,NULL,NULL,NULL,1176,NULL,NULL,NULL,NULL),(373,116,1,1,0,'S 529C Green Path E',529,'C','S','Green','Path','E',NULL,'Receiving',NULL,NULL,NULL,NULL,3691,NULL,NULL,NULL,1133,NULL,NULL,NULL,NULL),(374,220,1,1,0,'SE 334M Second Blvd N',334,'M','SE','Second','Blvd','N',NULL,'Cuffe Parade',NULL,NULL,NULL,NULL,5034,NULL,NULL,NULL,1232,NULL,NULL,NULL,NULL),(375,341,1,1,0,'N 370U Maple Ave SW',370,'U','N','Maple','Ave','SW',NULL,'Receiving',NULL,NULL,NULL,NULL,4726,NULL,NULL,NULL,1218,NULL,NULL,NULL,NULL),(376,442,1,1,0,'S 500I Bay Dr NE',500,'I','S','Bay','Dr','NE',NULL,'Editorial Dept',NULL,NULL,NULL,NULL,3865,NULL,NULL,NULL,1148,NULL,NULL,NULL,NULL),(377,414,1,1,0,'SW 836X Martin Luther King Rd S',836,'X','SW','Martin Luther King','Rd','S',NULL,'Attn: Development',NULL,NULL,NULL,NULL,1774,NULL,NULL,NULL,1017,NULL,NULL,NULL,NULL),(378,123,1,1,0,'SW 664Y El Camino Blvd NE',664,'Y','SW','El Camino','Blvd','NE',NULL,'Receiving',NULL,NULL,NULL,NULL,4983,NULL,NULL,NULL,1229,NULL,NULL,NULL,NULL),(379,274,1,1,0,'SE 793C Cadell Path S',793,'C','SE','Cadell','Path','S',NULL,'C/o PO Plus',NULL,NULL,NULL,NULL,4717,NULL,NULL,NULL,1218,NULL,NULL,NULL,NULL),(380,89,1,1,0,'SE 357Q Jackson Pl S',357,'Q','SE','Jackson','Pl','S',NULL,'Editorial Dept',NULL,NULL,NULL,NULL,4626,NULL,NULL,NULL,1214,NULL,NULL,NULL,NULL),(381,431,1,1,0,'N 485P Cadell St NE',485,'P','N','Cadell','St','NE',NULL,'Churchgate',NULL,NULL,NULL,NULL,3651,NULL,NULL,NULL,1142,NULL,NULL,NULL,NULL),(382,161,1,1,0,'E 469U Main Pl N',469,'U','E','Main','Pl','N',NULL,'Disbursements',NULL,NULL,NULL,NULL,1677,NULL,NULL,NULL,1015,NULL,NULL,NULL,NULL),(383,162,1,1,0,'SE 32N States Pl E',32,'N','SE','States','Pl','E',NULL,'C/o PO Plus',NULL,NULL,NULL,NULL,2428,NULL,NULL,NULL,1198,NULL,NULL,NULL,NULL),(384,57,1,1,0,'W 812H Dowlen Ave N',812,'H','W','Dowlen','Ave','N',NULL,'Attn: Accounting',NULL,NULL,NULL,NULL,4276,NULL,NULL,NULL,1177,NULL,NULL,NULL,NULL),(385,236,1,1,0,'NW 123W Martin Luther King Ln W',123,'W','NW','Martin Luther King','Ln','W',NULL,'Payables Dept.',NULL,NULL,NULL,NULL,5093,NULL,NULL,NULL,1233,NULL,NULL,NULL,NULL),(386,2,1,1,0,'SW 627U Beech Ave NE',627,'U','SW','Beech','Ave','NE',NULL,'Community Relations',NULL,NULL,NULL,NULL,1653,NULL,NULL,NULL,1015,NULL,NULL,NULL,NULL),(387,291,1,1,0,'S 91D Second Path W',91,'D','S','Second','Path','W',NULL,'Disbursements',NULL,NULL,NULL,NULL,2298,NULL,NULL,NULL,1062,NULL,NULL,NULL,NULL),(388,306,1,1,0,'W 544W Lincoln Pl NE',544,'W','W','Lincoln','Pl','NE',NULL,'Disbursements',NULL,NULL,NULL,NULL,4113,NULL,NULL,NULL,1170,NULL,NULL,NULL,NULL),(389,81,1,1,0,'NE 911O Beech Ave SE',911,'O','NE','Beech','Ave','SE',NULL,'Mailstop 101',NULL,NULL,NULL,NULL,2753,NULL,NULL,NULL,1226,NULL,NULL,NULL,NULL),(390,78,1,1,0,'NW 589W Second Blvd W',589,'W','NW','Second','Blvd','W',NULL,'Cuffe Parade',NULL,NULL,NULL,NULL,3647,NULL,NULL,NULL,1142,NULL,NULL,NULL,NULL),(391,490,1,1,0,'N 482D Beech St N',482,'D','N','Beech','St','N',NULL,'Donor Relations',NULL,NULL,NULL,NULL,5074,NULL,NULL,NULL,1233,NULL,NULL,NULL,NULL),(392,97,1,1,0,'NE 315X Cadell Dr N',315,'X','NE','Cadell','Dr','N',NULL,'Churchgate',NULL,NULL,NULL,NULL,2400,NULL,NULL,NULL,1065,NULL,NULL,NULL,NULL),(393,156,1,1,0,'N 708U Main St NW',708,'U','N','Main','St','NW',NULL,'Editorial Dept',NULL,NULL,NULL,NULL,2822,NULL,NULL,NULL,1226,NULL,NULL,NULL,NULL),(394,172,1,1,0,'NE 892R El Camino Way W',892,'R','NE','El Camino','Way','W',NULL,'Attn: Accounting',NULL,NULL,NULL,NULL,3214,NULL,NULL,NULL,1107,NULL,NULL,NULL,NULL),(395,329,1,1,0,'NE 10Q Second Ave NW',10,'Q','NE','Second','Ave','NW',NULL,'Subscriptions Dept',NULL,NULL,NULL,NULL,2603,NULL,NULL,NULL,1226,NULL,NULL,NULL,NULL),(396,255,1,1,0,'NE 869I Pine Blvd S',869,'I','NE','Pine','Blvd','S',NULL,'Urgent',NULL,NULL,NULL,NULL,NULL,NULL,NULL,NULL,NULL,NULL,NULL,NULL,NULL),(397,165,1,1,0,'W 250F Van Ness Pl E',250,'F','W','Van Ness','Pl','E',NULL,'Attn: Development',NULL,NULL,NULL,NULL,4708,NULL,NULL,NULL,1209,NULL,NULL,NULL,NULL),(398,30,1,1,0,'SW 717J Caulder Path NW',717,'J','SW','Caulder','Path','NW',NULL,'Mailstop 101',NULL,NULL,NULL,NULL,2991,NULL,NULL,NULL,1055,NULL,NULL,NULL,NULL),(399,451,1,1,0,'W 909A Second Rd SE',909,'A','W','Second','Rd','SE',NULL,'Receiving',NULL,NULL,NULL,NULL,NULL,NULL,NULL,NULL,NULL,NULL,NULL,NULL,NULL),(400,494,1,1,0,'NW 70K Van Ness Pl SE',70,'K','NW','Van Ness','Pl','SE',NULL,'Disbursements',NULL,NULL,NULL,NULL,3739,NULL,NULL,NULL,1137,NULL,NULL,NULL,NULL),(401,168,1,1,0,'S 576J Lincoln St N',576,'J','S','Lincoln','St','N',NULL,'Editorial Dept',NULL,NULL,NULL,NULL,3538,NULL,NULL,NULL,1119,NULL,NULL,NULL,NULL),(402,171,1,1,0,'NE 611D El Camino Blvd SE',611,'D','NE','El Camino','Blvd','SE',NULL,'Mailstop 101',NULL,NULL,NULL,NULL,3890,NULL,NULL,NULL,1157,NULL,NULL,NULL,NULL),(403,5,1,1,0,'N 990W Beech Pl W',990,'W','N','Beech','Pl','W',NULL,'Mailstop 101',NULL,NULL,NULL,NULL,3930,NULL,NULL,NULL,1155,NULL,NULL,NULL,NULL),(404,448,1,1,0,'NW 72V Woodbridge Rd W',72,'V','NW','Woodbridge','Rd','W',NULL,'Cuffe Parade',NULL,NULL,NULL,NULL,9987,NULL,NULL,NULL,1226,NULL,NULL,NULL,NULL),(405,186,1,1,0,'N 367A Jackson Pl E',367,'A','N','Jackson','Pl','E',NULL,'Mailstop 101',NULL,NULL,NULL,NULL,1911,NULL,NULL,NULL,1025,NULL,NULL,NULL,NULL),(406,221,1,1,0,'N 862J Martin Luther King Blvd SE',862,'J','N','Martin Luther King','Blvd','SE',NULL,'C/o PO Plus',NULL,NULL,NULL,NULL,4353,NULL,NULL,NULL,1200,NULL,NULL,NULL,NULL),(407,459,1,1,0,'NW 177P Second Ln N',177,'P','NW','Second','Ln','N',NULL,'C/o OPDC',NULL,NULL,NULL,NULL,1111,NULL,NULL,NULL,1039,NULL,NULL,NULL,NULL),(408,248,1,1,0,'SW 428B Second Ave SW',428,'B','SW','Second','Ave','SW',NULL,'Community Relations',NULL,NULL,NULL,NULL,1897,NULL,NULL,NULL,1022,NULL,NULL,NULL,NULL),(409,415,1,1,0,'NE 21W College St W',21,'W','NE','College','St','W',NULL,'Payables Dept.',NULL,NULL,NULL,NULL,2087,NULL,NULL,NULL,1054,NULL,NULL,NULL,NULL),(410,425,1,1,0,'SW 922B States St SE',922,'B','SW','States','St','SE',NULL,'Attn: Accounting',NULL,NULL,NULL,NULL,3941,NULL,NULL,NULL,1152,NULL,NULL,NULL,NULL),(411,207,1,1,0,'SE 759V Woodbridge Way N',759,'V','SE','Woodbridge','Way','N',NULL,'Community Relations',NULL,NULL,NULL,NULL,4336,NULL,NULL,NULL,1200,NULL,NULL,NULL,NULL),(412,130,1,1,0,'N 987H Maple Ave S',987,'H','N','Maple','Ave','S',NULL,'C/o PO Plus',NULL,NULL,NULL,NULL,NULL,NULL,NULL,NULL,NULL,NULL,NULL,NULL,NULL),(413,208,1,1,0,'N 470S States Ave E',470,'S','N','States','Ave','E',NULL,'Attn: Accounting',NULL,NULL,NULL,NULL,3902,NULL,NULL,NULL,1157,NULL,NULL,NULL,NULL),(414,366,1,1,0,'NE 559O College Ave W',559,'O','NE','College','Ave','W',NULL,'Editorial Dept',NULL,NULL,NULL,NULL,2208,NULL,NULL,NULL,1040,NULL,NULL,NULL,NULL),(415,487,1,1,0,'N 650N Beech Pl W',650,'N','N','Beech','Pl','W',NULL,'Mailstop 101',NULL,NULL,NULL,NULL,3427,NULL,NULL,NULL,1111,NULL,NULL,NULL,NULL),(416,258,1,1,0,'S 97D Green Ln S',97,'D','S','Green','Ln','S',NULL,'Cuffe Parade',NULL,NULL,NULL,NULL,4274,NULL,NULL,NULL,1177,NULL,NULL,NULL,NULL),(417,406,1,1,0,'E 639W Bay Ln NE',639,'W','E','Bay','Ln','NE',NULL,'Subscriptions Dept',NULL,NULL,NULL,NULL,3215,NULL,NULL,NULL,1107,NULL,NULL,NULL,NULL),(418,204,1,1,0,'SE 739V Maple Pl NW',739,'V','SE','Maple','Pl','NW',NULL,'Editorial Dept',NULL,NULL,NULL,NULL,1589,NULL,NULL,NULL,1006,NULL,NULL,NULL,NULL),(419,180,1,1,0,'NW 116W Northpoint Rd NW',116,'W','NW','Northpoint','Rd','NW',NULL,'C/o PO Plus',NULL,NULL,NULL,NULL,3041,NULL,NULL,NULL,1099,NULL,NULL,NULL,NULL),(420,279,1,1,0,'SW 590A Bay Pl W',590,'A','SW','Bay','Pl','W',NULL,'Mailstop 101',NULL,NULL,NULL,NULL,3506,NULL,NULL,NULL,1121,NULL,NULL,NULL,NULL),(421,344,1,1,0,'SW 729O Pine Pl SW',729,'O','SW','Pine','Pl','SW',NULL,'C/o OPDC',NULL,NULL,NULL,NULL,2852,NULL,NULL,NULL,1091,NULL,NULL,NULL,NULL),(422,354,1,1,0,'NW 316V Main Ln SW',316,'V','NW','Main','Ln','SW',NULL,'Attn: Development',NULL,NULL,NULL,NULL,1717,NULL,NULL,NULL,1015,NULL,NULL,NULL,NULL),(423,251,1,1,0,'SW 71N Van Ness Path SW',71,'N','SW','Van Ness','Path','SW',NULL,'Editorial Dept',NULL,NULL,NULL,NULL,4943,NULL,NULL,NULL,1223,NULL,NULL,NULL,NULL),(424,192,1,1,0,'NW 360L Northpoint Rd SW',360,'L','NW','Northpoint','Rd','SW',NULL,'Subscriptions Dept',NULL,NULL,NULL,NULL,3740,NULL,NULL,NULL,1137,NULL,NULL,NULL,NULL),(425,11,1,1,0,'NE 412O College Path SW',412,'O','NE','College','Path','SW',NULL,'Donor Relations',NULL,NULL,NULL,NULL,4332,NULL,NULL,NULL,1194,NULL,NULL,NULL,NULL),(426,126,1,1,0,'S 826N College Dr NW',826,'N','S','College','Dr','NW',NULL,'Attn: Development',NULL,NULL,NULL,NULL,3797,NULL,NULL,NULL,1130,NULL,NULL,NULL,NULL),(427,NULL,1,1,1,'S 14S El Camino Way E',14,'S',NULL,'El Camino','Way',NULL,NULL,NULL,NULL,NULL,'Collinsville',NULL,1006,NULL,'6022',NULL,1228,41.8328,-72.9253,NULL,NULL),(428,NULL,1,1,1,'E 11B Woodbridge Path SW',11,'B',NULL,'Woodbridge','Path',NULL,NULL,NULL,NULL,NULL,'Dayton',NULL,1034,NULL,'45417',NULL,1228,39.7531,-84.2471,NULL,NULL),(429,NULL,1,1,1,'E 581O Lincoln Dr SW',581,'O',NULL,'Lincoln','Dr',NULL,NULL,NULL,NULL,NULL,'Santa Fe',NULL,1030,NULL,'87594',NULL,1228,35.5212,-105.982,NULL,NULL);
/*!40000 ALTER TABLE `civicrm_address` ENABLE KEYS */;
UNLOCK TABLES;

--
-- Dumping data for table `civicrm_cache`
--

LOCK TABLES `civicrm_cache` WRITE;
/*!40000 ALTER TABLE `civicrm_cache` DISABLE KEYS */;
/*!40000 ALTER TABLE `civicrm_cache` ENABLE KEYS */;
UNLOCK TABLES;

--
-- Dumping data for table `civicrm_case`
--

LOCK TABLES `civicrm_case` WRITE;
/*!40000 ALTER TABLE `civicrm_case` DISABLE KEYS */;
/*!40000 ALTER TABLE `civicrm_case` ENABLE KEYS */;
UNLOCK TABLES;

--
-- Dumping data for table `civicrm_case_activity`
--

LOCK TABLES `civicrm_case_activity` WRITE;
/*!40000 ALTER TABLE `civicrm_case_activity` DISABLE KEYS */;
/*!40000 ALTER TABLE `civicrm_case_activity` ENABLE KEYS */;
UNLOCK TABLES;

--
-- Dumping data for table `civicrm_case_contact`
--

LOCK TABLES `civicrm_case_contact` WRITE;
/*!40000 ALTER TABLE `civicrm_case_contact` DISABLE KEYS */;
/*!40000 ALTER TABLE `civicrm_case_contact` ENABLE KEYS */;
UNLOCK TABLES;

--
-- Dumping data for table `civicrm_component`
--

LOCK TABLES `civicrm_component` WRITE;
/*!40000 ALTER TABLE `civicrm_component` DISABLE KEYS */;
INSERT INTO `civicrm_component` (`id`, `name`, `namespace`) VALUES (1,'CiviEvent','CRM_Event'),(2,'CiviContribute','CRM_Contribute'),(3,'CiviMember','CRM_Member'),(4,'CiviMail','CRM_Mailing'),(5,'CiviGrant','CRM_Grant'),(6,'CiviPledge','CRM_Pledge'),(7,'CiviCase','CRM_Case'),(8,'CiviReport','CRM_Report');
/*!40000 ALTER TABLE `civicrm_component` ENABLE KEYS */;
UNLOCK TABLES;

--
-- Dumping data for table `civicrm_contact`
--

LOCK TABLES `civicrm_contact` WRITE;
/*!40000 ALTER TABLE `civicrm_contact` DISABLE KEYS */;
INSERT INTO `civicrm_contact` (`id`, `contact_type`, `contact_sub_type`, `do_not_email`, `do_not_phone`, `do_not_mail`, `do_not_trade`, `is_opt_out`, `legal_identifier`, `external_identifier`, `sort_name`, `display_name`, `nick_name`, `legal_name`, `home_URL`, `image_URL`, `preferred_communication_method`, `preferred_mail_format`, `hash`, `api_key`, `source`, `first_name`, `middle_name`, `last_name`, `prefix_id`, `suffix_id`, `greeting_type_id`, `custom_greeting`, `job_title`, `gender_id`, `birth_date`, `is_deceased`, `deceased_date`, `mail_to_household_id`, `household_name`, `primary_contact_id`, `organization_name`, `sic_code`, `user_unique_id`, `employer_id`) VALUES (1,'Organization',NULL,0,0,0,0,0,NULL,NULL,'Inner City Arts','Inner City Arts',NULL,NULL,NULL,NULL,'4','Both','1902067651',NULL,NULL,NULL,NULL,NULL,NULL,NULL,NULL,NULL,NULL,NULL,NULL,0,NULL,NULL,NULL,NULL,'Inner City Arts',NULL,NULL,NULL),(2,'Individual',NULL,0,0,0,0,0,NULL,NULL,'Zope, Rebecca','Mr Rebecca O Zope Jr',NULL,NULL,NULL,NULL,'1','Both','263533362',NULL,NULL,'Rebecca','O','Zope',3,1,1,NULL,NULL,2,'1991-11-24',0,NULL,NULL,NULL,NULL,NULL,NULL,NULL,NULL),(3,'Individual',NULL,1,1,0,0,0,NULL,NULL,'Smith, Raymond','Mrs Raymond J Smith Sr',NULL,NULL,NULL,NULL,'2','Both','-540284072',NULL,NULL,'Raymond','J','Smith',1,2,1,NULL,NULL,1,'1984-12-25',0,NULL,NULL,NULL,NULL,NULL,NULL,NULL,NULL),(4,'Household',NULL,1,1,0,0,0,NULL,NULL,'Anne Parker\'s home','Anne Parker\'s home','Parker\'s home',NULL,NULL,NULL,'4','Both','2119273432',NULL,NULL,NULL,NULL,NULL,NULL,NULL,NULL,NULL,NULL,NULL,NULL,0,NULL,NULL,'Anne Parker\'s home',349,NULL,NULL,NULL,NULL),(5,'Individual',NULL,1,0,0,0,0,NULL,NULL,'Grant, Kenneth','Ms Kenneth G Grant Jr',NULL,NULL,NULL,NULL,'2','Both','1506536518',NULL,NULL,'Kenneth','G','Grant',2,1,3,NULL,NULL,2,'1976-03-12',1,NULL,NULL,NULL,NULL,NULL,NULL,NULL,NULL),(6,'Individual',NULL,1,0,0,0,0,NULL,NULL,'Reynolds, Franklin','Mr Franklin O Reynolds Sr',NULL,NULL,NULL,NULL,'1','Both','-879867861',NULL,NULL,'Franklin','O','Reynolds',3,2,2,NULL,NULL,1,'1984-03-13',1,NULL,NULL,NULL,NULL,NULL,NULL,NULL,NULL),(7,'Individual',NULL,0,1,0,1,0,NULL,NULL,'Reynolds, Anne','Mrs Anne O Reynolds Sr',NULL,NULL,NULL,NULL,'4','Both','-1171148642',NULL,NULL,'Anne','O','Reynolds',1,2,2,NULL,NULL,1,'1977-01-31',1,NULL,NULL,NULL,NULL,NULL,NULL,NULL,NULL),(8,'Household',NULL,1,1,0,1,0,NULL,NULL,'Raymond Smith\'s home','Raymond Smith\'s home','Smith\'s home',NULL,NULL,NULL,'4','Both','-2021938920',NULL,NULL,NULL,NULL,NULL,NULL,NULL,NULL,NULL,NULL,NULL,NULL,0,NULL,NULL,'Raymond Smith\'s home',3,NULL,NULL,NULL,NULL),(9,'Individual',NULL,0,0,0,0,0,NULL,NULL,'Samuels, Charles','Mrs Charles U Samuels Jr',NULL,NULL,NULL,NULL,'1','Both','1686827689',NULL,NULL,'Charles','U','Samuels',1,1,2,NULL,NULL,1,'2005-10-14',0,NULL,NULL,NULL,NULL,NULL,NULL,NULL,NULL),(10,'Organization',NULL,0,1,0,0,0,NULL,NULL,'Compumentor  ','Compumentor  ',NULL,NULL,NULL,NULL,'5','Both','-1260506705',NULL,NULL,NULL,NULL,NULL,NULL,NULL,NULL,NULL,NULL,NULL,NULL,0,NULL,NULL,NULL,NULL,'Compumentor  ',NULL,NULL,NULL),(11,'Individual',NULL,1,0,0,1,0,NULL,NULL,'Yadav, Michelle','Mrs Michelle R Yadav Jr',NULL,NULL,NULL,NULL,'2','Both','-1335759748',NULL,NULL,'Michelle','R','Yadav',1,1,3,NULL,NULL,2,'2006-02-07',0,NULL,NULL,NULL,NULL,NULL,NULL,NULL,NULL),(12,'Individual',NULL,1,1,0,1,0,NULL,NULL,'chowski, Andrew','Mr Andrew I chowski Jr',NULL,NULL,NULL,NULL,'5','Both','1575830932',NULL,NULL,'Andrew','I','chowski',3,1,1,NULL,NULL,2,'1984-05-27',0,NULL,NULL,NULL,NULL,NULL,NULL,NULL,NULL),(13,'Individual',NULL,0,0,0,1,0,NULL,NULL,'Smith, Donald','Mrs Donald G Smith Sr',NULL,NULL,NULL,NULL,'1','Both','-1040344938',NULL,NULL,'Donald','G','Smith',1,2,3,NULL,NULL,1,'1985-06-09',1,NULL,NULL,NULL,NULL,NULL,NULL,NULL,NULL),(14,'Individual',NULL,1,0,0,0,0,NULL,NULL,'Smith, Pat','Mr Pat P Smith Jr',NULL,NULL,NULL,NULL,'3','Both','-862954215',NULL,NULL,'Pat','P','Smith',3,1,1,NULL,NULL,2,'2008-10-21',1,NULL,NULL,NULL,NULL,NULL,NULL,NULL,NULL),(15,'Individual',NULL,0,1,0,0,0,NULL,NULL,'Roberts, Walter','Mrs Walter X Roberts Sr',NULL,NULL,NULL,NULL,'3','Both','892143524',NULL,NULL,'Walter','X','Roberts',1,2,1,NULL,NULL,2,'1996-11-02',0,NULL,NULL,NULL,NULL,NULL,NULL,NULL,NULL),(16,'Individual',NULL,1,1,0,0,0,NULL,NULL,'Jameson, Fraddie','Dr Fraddie Y Jameson Sr',NULL,NULL,NULL,NULL,'4','Both','-1875645046',NULL,NULL,'Fraddie','Y','Jameson',4,2,2,NULL,NULL,1,'1980-07-06',1,NULL,NULL,NULL,NULL,NULL,NULL,NULL,NULL),(17,'Individual',NULL,1,0,0,0,0,NULL,NULL,'Patel, Bernard','Ms Bernard D Patel Jr',NULL,NULL,NULL,NULL,'4','Both','-1191767957',NULL,NULL,'Bernard','D','Patel',2,1,1,NULL,NULL,1,'1974-01-21',0,NULL,NULL,NULL,NULL,NULL,NULL,NULL,NULL),(18,'Individual',NULL,1,0,0,1,0,NULL,NULL,'Jones, Greg','Ms Greg A Jones Sr',NULL,NULL,NULL,NULL,'5','Both','-2048668465',NULL,NULL,'Greg','A','Jones',2,2,2,NULL,NULL,1,'2001-08-30',0,NULL,NULL,NULL,NULL,NULL,NULL,NULL,NULL),(19,'Individual',NULL,0,1,0,0,0,NULL,NULL,'Adams, Andrew','Mr Andrew U Adams Jr',NULL,NULL,NULL,NULL,'1','Both','-1896965756',NULL,NULL,'Andrew','U','Adams',3,1,3,NULL,NULL,2,'1977-09-29',0,NULL,NULL,NULL,NULL,NULL,NULL,NULL,NULL),(20,'Individual',NULL,1,1,0,1,0,NULL,NULL,'Reynolds, Henry','Mrs Henry G Reynolds Sr',NULL,NULL,NULL,NULL,'2','Both','860145664',NULL,NULL,'Henry','G','Reynolds',1,2,2,NULL,NULL,1,'1990-10-24',0,NULL,NULL,NULL,NULL,NULL,NULL,NULL,NULL),(21,'Individual',NULL,1,0,0,1,0,NULL,NULL,'Adams, Dan','Dr Dan T Adams Jr',NULL,NULL,NULL,NULL,'5','Both','-308840271',NULL,NULL,'Dan','T','Adams',4,1,3,NULL,NULL,2,'1984-12-30',0,NULL,NULL,NULL,NULL,NULL,NULL,NULL,NULL),(22,'Individual',NULL,1,0,0,0,0,NULL,NULL,'Jameson, Jane','Mrs Jane U Jameson Jr',NULL,NULL,NULL,NULL,'3','Both','1174855461',NULL,NULL,'Jane','U','Jameson',1,1,3,NULL,NULL,1,'1973-03-19',0,NULL,NULL,NULL,NULL,NULL,NULL,NULL,NULL),(23,'Household',NULL,0,0,0,0,0,NULL,NULL,'Sheila Jameson\'s home','Sheila Jameson\'s home','Jameson\'s home',NULL,NULL,NULL,'2','Both','514907081',NULL,NULL,NULL,NULL,NULL,NULL,NULL,NULL,NULL,NULL,NULL,NULL,0,NULL,NULL,'Sheila Jameson\'s home',221,NULL,NULL,NULL,NULL),(24,'Individual',NULL,0,0,0,1,0,NULL,NULL,'Jameson, Jake','Mrs Jake V Jameson Sr',NULL,NULL,NULL,NULL,'2','Both','997272416',NULL,NULL,'Jake','V','Jameson',1,2,3,NULL,NULL,2,'2000-07-11',1,NULL,NULL,NULL,NULL,NULL,NULL,NULL,NULL),(25,'Individual',NULL,1,0,0,0,0,NULL,NULL,'chowski, Bill','Mr Bill U chowski Sr',NULL,NULL,NULL,NULL,'5','Both','2070493528',NULL,NULL,'Bill','U','chowski',3,2,2,NULL,NULL,1,'1984-05-29',1,NULL,NULL,NULL,NULL,NULL,NULL,NULL,NULL),(26,'Individual',NULL,1,1,0,1,0,NULL,NULL,'Smith, Tony','Ms Tony S Smith Sr',NULL,NULL,NULL,NULL,'5','Both','-1431478770',NULL,NULL,'Tony','S','Smith',2,2,3,NULL,NULL,2,'1982-10-31',1,NULL,NULL,NULL,NULL,NULL,NULL,NULL,NULL),(27,'Organization',NULL,0,0,0,1,0,NULL,NULL,'Compumentor  ','Compumentor  ',NULL,NULL,NULL,NULL,'5','Both','-1260506705',NULL,NULL,NULL,NULL,NULL,NULL,NULL,NULL,NULL,NULL,NULL,NULL,0,NULL,NULL,NULL,NULL,'Compumentor  ',NULL,NULL,NULL),(28,'Individual',NULL,0,1,0,0,0,NULL,NULL,'Parker, Purvi','Mrs Purvi W Parker Sr',NULL,NULL,NULL,NULL,'3','Both','-1275304658',NULL,NULL,'Purvi','W','Parker',1,2,3,NULL,NULL,2,'1994-01-07',1,NULL,NULL,NULL,NULL,NULL,NULL,NULL,NULL),(29,'Individual',NULL,1,0,0,1,0,NULL,NULL,'Smith, Donald','Mrs Donald R Smith Jr',NULL,NULL,NULL,NULL,'3','Both','-1040344938',NULL,NULL,'Donald','R','Smith',1,1,2,NULL,NULL,1,'1983-12-01',1,NULL,NULL,NULL,NULL,NULL,NULL,NULL,NULL),(30,'Individual',NULL,0,1,0,0,0,NULL,NULL,'Yadav, Henry','Mrs Henry Z Yadav Sr',NULL,NULL,NULL,NULL,'1','Both','-1356517295',NULL,NULL,'Henry','Z','Yadav',1,2,3,NULL,NULL,1,'1979-09-04',1,NULL,NULL,NULL,NULL,NULL,NULL,NULL,NULL),(31,'Individual',NULL,0,1,0,0,0,NULL,NULL,'Samuels, Greg','Mr Greg J Samuels Sr',NULL,NULL,NULL,NULL,'4','Both','-459911430',NULL,NULL,'Greg','J','Samuels',3,2,1,NULL,NULL,1,'1987-03-22',0,NULL,NULL,NULL,NULL,NULL,NULL,NULL,NULL),(32,'Individual',NULL,0,0,0,1,0,NULL,NULL,'Roberts, Alice','Mr Alice F Roberts Sr',NULL,NULL,NULL,NULL,'5','Both','-1991781634',NULL,NULL,'Alice','F','Roberts',3,2,3,NULL,NULL,1,'2007-04-26',1,NULL,NULL,NULL,NULL,NULL,NULL,NULL,NULL),(33,'Individual',NULL,1,1,0,0,0,NULL,NULL,'Roberts, Monica','Mrs Monica P Roberts Sr',NULL,NULL,NULL,NULL,'3','Both','1145276104',NULL,NULL,'Monica','P','Roberts',1,2,2,NULL,NULL,2,'1976-09-12',0,NULL,NULL,NULL,NULL,NULL,NULL,NULL,NULL),(34,'Individual',NULL,0,0,0,1,0,NULL,NULL,'Reynolds, Milan','Ms Milan V Reynolds Sr',NULL,NULL,NULL,NULL,'5','Both','1355475187',NULL,NULL,'Milan','V','Reynolds',2,2,1,NULL,NULL,1,'1972-05-20',0,NULL,NULL,NULL,NULL,NULL,NULL,NULL,NULL),(35,'Individual',NULL,1,1,0,1,0,NULL,NULL,'Jameson, James','Dr James U Jameson Sr',NULL,NULL,NULL,NULL,'5','Both','1376429002',NULL,NULL,'James','U','Jameson',4,2,2,NULL,NULL,2,'1987-02-17',0,NULL,NULL,NULL,NULL,NULL,NULL,NULL,NULL),(36,'Individual',NULL,0,0,0,0,0,NULL,NULL,'Patel, Tony','Dr Tony F Patel Jr',NULL,NULL,NULL,NULL,'3','Both','815949825',NULL,NULL,'Tony','F','Patel',4,1,2,NULL,NULL,2,'1974-08-30',1,NULL,NULL,NULL,NULL,NULL,NULL,NULL,NULL),(37,'Organization',NULL,1,1,0,0,0,NULL,NULL,'Magic Bus  ','Magic Bus  ',NULL,NULL,NULL,NULL,'2','Both','-2069559523',NULL,NULL,NULL,NULL,NULL,NULL,NULL,NULL,NULL,NULL,NULL,NULL,0,NULL,NULL,NULL,NULL,'Magic Bus  ',NULL,NULL,NULL),(38,'Individual',NULL,1,0,0,1,0,NULL,NULL,'Grant, Jason','Dr Jason E Grant Jr',NULL,NULL,NULL,NULL,'2','Both','-1689341346',NULL,NULL,'Jason','E','Grant',4,1,3,NULL,NULL,1,'2007-11-05',0,NULL,NULL,NULL,NULL,NULL,NULL,NULL,NULL),(39,'Individual',NULL,0,0,0,0,0,NULL,NULL,'Samuels, Chris','Ms Chris J Samuels Sr',NULL,NULL,NULL,NULL,'1','Both','189582087',NULL,NULL,'Chris','J','Samuels',2,2,3,NULL,NULL,1,'2001-06-19',1,NULL,NULL,NULL,NULL,NULL,NULL,NULL,NULL),(40,'Individual',NULL,1,0,0,0,0,NULL,NULL,'Roberts, Sheila','Mr Sheila I Roberts Jr',NULL,NULL,NULL,NULL,'5','Both','-1624857859',NULL,NULL,'Sheila','I','Roberts',3,1,2,NULL,NULL,1,'1974-12-31',0,NULL,NULL,NULL,NULL,NULL,NULL,NULL,NULL),(41,'Individual',NULL,1,0,0,0,0,NULL,NULL,'Adams, Fraddie','Ms Fraddie H Adams Sr',NULL,NULL,NULL,NULL,'2','Both','-601621169',NULL,NULL,'Fraddie','H','Adams',2,2,1,NULL,NULL,2,'1997-09-24',1,NULL,NULL,NULL,NULL,NULL,NULL,NULL,NULL),(42,'Individual',NULL,1,1,0,0,0,NULL,NULL,'Parker, Charles','Mrs Charles H Parker Sr',NULL,NULL,NULL,NULL,'2','Both','-518541980',NULL,NULL,'Charles','H','Parker',1,2,1,NULL,NULL,1,'1986-01-23',1,NULL,NULL,NULL,NULL,NULL,NULL,NULL,NULL),(43,'Individual',NULL,0,1,0,1,0,NULL,NULL,'Yadav, Brzczysaw','Dr Brzczysaw C Yadav Sr',NULL,NULL,NULL,NULL,'1','Both','-2123154528',NULL,NULL,'Brzczysaw','C','Yadav',4,2,2,NULL,NULL,2,'1972-07-15',0,NULL,NULL,NULL,NULL,NULL,NULL,NULL,NULL),(44,'Organization',NULL,0,0,0,1,0,NULL,NULL,'Inner City  ','Inner City  ',NULL,NULL,NULL,NULL,'5','Both','550937833',NULL,NULL,NULL,NULL,NULL,NULL,NULL,NULL,NULL,NULL,NULL,NULL,0,NULL,NULL,NULL,NULL,'Inner City  ',NULL,NULL,NULL),(45,'Household',NULL,1,0,0,0,0,NULL,NULL,'Jake Jameson\'s home','Jake Jameson\'s home','Jameson\'s home',NULL,NULL,NULL,'1','Both','1972458086',NULL,NULL,NULL,NULL,NULL,NULL,NULL,NULL,NULL,NULL,NULL,NULL,0,NULL,NULL,'Jake Jameson\'s home',441,NULL,NULL,NULL,NULL),(46,'Individual',NULL,0,1,0,1,0,NULL,NULL,'Patel, Charles','Mr Charles E Patel Sr',NULL,NULL,NULL,NULL,'5','Both','286891894',NULL,NULL,'Charles','E','Patel',3,2,1,NULL,NULL,1,'1989-05-17',0,NULL,NULL,NULL,NULL,NULL,NULL,NULL,NULL),(47,'Individual',NULL,1,1,0,0,0,NULL,NULL,'Adams, Anne','Ms Anne K Adams Jr',NULL,NULL,NULL,NULL,'5','Both','1876154679',NULL,NULL,'Anne','K','Adams',2,1,3,NULL,NULL,2,'1974-12-30',0,NULL,NULL,NULL,NULL,NULL,NULL,NULL,NULL),(48,'Individual',NULL,1,0,0,1,0,NULL,NULL,'Yadav, Bill','Ms Bill B Yadav Jr',NULL,NULL,NULL,NULL,'4','Both','-1897977065',NULL,NULL,'Bill','B','Yadav',2,1,3,NULL,NULL,1,'1983-01-07',0,NULL,NULL,NULL,NULL,NULL,NULL,NULL,NULL),(49,'Household',NULL,1,1,0,1,0,NULL,NULL,'Paula Jameson\'s home','Paula Jameson\'s home','Jameson\'s home',NULL,NULL,NULL,'3','Both','682188125',NULL,NULL,NULL,NULL,NULL,NULL,NULL,NULL,NULL,NULL,NULL,NULL,0,NULL,NULL,'Paula Jameson\'s home',297,NULL,NULL,NULL,NULL),(50,'Individual',NULL,1,1,0,1,0,NULL,NULL,'Samuels, Sheila','Mr Sheila Z Samuels Sr',NULL,NULL,NULL,NULL,'5','Both','1973027848',NULL,NULL,'Sheila','Z','Samuels',3,2,3,NULL,NULL,1,'1990-05-26',0,NULL,NULL,NULL,NULL,NULL,NULL,NULL,NULL),(51,'Individual',NULL,0,1,0,1,0,NULL,NULL,'Jones, Monica','Dr Monica L Jones Jr',NULL,NULL,NULL,NULL,'5','Both','259547634',NULL,NULL,'Monica','L','Jones',4,1,3,NULL,NULL,2,'1999-12-22',1,NULL,NULL,NULL,NULL,NULL,NULL,NULL,NULL),(52,'Individual',NULL,1,1,0,1,0,NULL,NULL,'Grant, Chris','Mrs Chris F Grant Sr',NULL,NULL,NULL,NULL,'5','Both','-540524851',NULL,NULL,'Chris','F','Grant',1,2,2,NULL,NULL,2,'2006-06-27',0,NULL,NULL,NULL,NULL,NULL,NULL,NULL,NULL),(53,'Individual',NULL,0,0,0,1,0,NULL,NULL,'Smith, Bernard','Ms Bernard K Smith Sr',NULL,NULL,NULL,NULL,'5','Both','-1442260184',NULL,NULL,'Bernard','K','Smith',2,2,1,NULL,NULL,2,'1988-02-18',0,NULL,NULL,NULL,NULL,NULL,NULL,NULL,NULL),(54,'Individual',NULL,0,0,0,0,0,NULL,NULL,'chowski, Chris','Mr Chris A chowski Sr',NULL,NULL,NULL,NULL,'3','Both','-1865004258',NULL,NULL,'Chris','A','chowski',3,2,3,NULL,NULL,1,'2008-04-12',0,NULL,NULL,NULL,NULL,NULL,NULL,NULL,NULL),(55,'Individual',NULL,1,0,0,1,0,NULL,NULL,'Yadav, Pat','Mr Pat H Yadav Sr',NULL,NULL,NULL,NULL,'1','Both','-1430652009',NULL,NULL,'Pat','H','Yadav',3,2,1,NULL,NULL,2,'2004-03-11',0,NULL,NULL,NULL,NULL,NULL,NULL,NULL,NULL),(56,'Household',NULL,0,1,0,0,0,NULL,NULL,'Fraddie Jameson\'s home','Fraddie Jameson\'s home','Jameson\'s home',NULL,NULL,NULL,'5','Both','-1151700241',NULL,NULL,NULL,NULL,NULL,NULL,NULL,NULL,NULL,NULL,NULL,NULL,0,NULL,NULL,'Fraddie Jameson\'s home',16,NULL,NULL,NULL,NULL),(57,'Individual',NULL,1,1,0,1,0,NULL,NULL,'Samuels, Peter','Dr Peter F Samuels Jr',NULL,NULL,NULL,NULL,'4','Both','22674848',NULL,NULL,'Peter','F','Samuels',4,1,1,NULL,NULL,2,'1988-04-13',1,NULL,NULL,NULL,NULL,NULL,NULL,NULL,NULL),(58,'Individual',NULL,1,1,0,0,0,NULL,NULL,'Smith, Rebecca','Dr Rebecca B Smith Jr',NULL,NULL,NULL,NULL,'1','Both','1509971092',NULL,NULL,'Rebecca','B','Smith',4,1,3,NULL,NULL,1,'2007-10-05',1,NULL,NULL,NULL,NULL,NULL,NULL,NULL,NULL),(59,'Individual',NULL,1,0,0,0,0,NULL,NULL,'Smith, Justin','Mrs Justin R Smith Jr',NULL,NULL,NULL,NULL,'4','Both','-191134393',NULL,NULL,'Justin','R','Smith',1,1,3,NULL,NULL,1,'1997-01-10',0,NULL,NULL,NULL,NULL,NULL,NULL,NULL,NULL),(60,'Individual',NULL,0,1,0,1,0,NULL,NULL,'Samuels, Sandy','Mr Sandy R Samuels Jr',NULL,NULL,NULL,NULL,'2','Both','1457774152',NULL,NULL,'Sandy','R','Samuels',3,1,3,NULL,NULL,1,'1994-07-29',0,NULL,NULL,NULL,NULL,NULL,NULL,NULL,NULL),(61,'Individual',NULL,0,0,0,0,0,NULL,NULL,'Zope, Sandy','Dr Sandy Q Zope Jr',NULL,NULL,NULL,NULL,'1','Both','541848585',NULL,NULL,'Sandy','Q','Zope',4,1,1,NULL,NULL,1,'1974-05-30',0,NULL,NULL,NULL,NULL,NULL,NULL,NULL,NULL),(62,'Individual',NULL,0,0,0,1,0,NULL,NULL,'Smith, James','Mrs James R Smith Sr',NULL,NULL,NULL,NULL,'3','Both','656601734',NULL,NULL,'James','R','Smith',1,2,3,NULL,NULL,2,'1982-02-10',0,NULL,NULL,NULL,NULL,NULL,NULL,NULL,NULL),(63,'Individual',NULL,0,0,0,1,0,NULL,NULL,'Samuels, Monica','Mr Monica Z Samuels Sr',NULL,NULL,NULL,NULL,'4','Both','-1359011779',NULL,NULL,'Monica','Z','Samuels',3,2,1,NULL,NULL,1,'1996-10-02',0,NULL,NULL,NULL,NULL,NULL,NULL,NULL,NULL),(64,'Household',NULL,1,1,0,1,0,NULL,NULL,'Kenneth Jameson\'s home','Kenneth Jameson\'s home','Jameson\'s home',NULL,NULL,NULL,'5','Both','-1980853735',NULL,NULL,NULL,NULL,NULL,NULL,NULL,NULL,NULL,NULL,NULL,NULL,0,NULL,NULL,'Kenneth Jameson\'s home',158,NULL,NULL,NULL,NULL),(65,'Individual',NULL,0,0,0,1,0,NULL,NULL,'Grant, Paula','Mr Paula T Grant Jr',NULL,NULL,NULL,NULL,'5','Both','234950557',NULL,NULL,'Paula','T','Grant',3,1,2,NULL,NULL,1,'1992-03-09',1,NULL,NULL,NULL,NULL,NULL,NULL,NULL,NULL),(66,'Household',NULL,0,1,0,0,0,NULL,NULL,'Paula Adams\'s home','Paula Adams\'s home','Adams\'s home',NULL,NULL,NULL,'3','Both','-338895484',NULL,NULL,NULL,NULL,NULL,NULL,NULL,NULL,NULL,NULL,NULL,NULL,0,NULL,NULL,'Paula Adams\'s home',67,NULL,NULL,NULL,NULL),(67,'Individual',NULL,0,1,0,0,0,NULL,NULL,'Adams, Paula','Mrs Paula M Adams Sr',NULL,NULL,NULL,NULL,'5','Both','-1808297687',NULL,NULL,'Paula','M','Adams',1,2,3,NULL,NULL,2,'1986-05-22',0,NULL,NULL,NULL,NULL,NULL,NULL,NULL,NULL),(68,'Organization',NULL,0,1,0,0,0,NULL,NULL,'Magic Bus  ','Magic Bus  ',NULL,NULL,NULL,NULL,'5','Both','-2069559523',NULL,NULL,NULL,NULL,NULL,NULL,NULL,NULL,NULL,NULL,NULL,NULL,0,NULL,NULL,NULL,NULL,'Magic Bus  ',NULL,NULL,NULL),(69,'Individual',NULL,0,1,0,0,0,NULL,NULL,'Smith, James','Mr James T Smith Jr',NULL,NULL,NULL,NULL,'1','Both','656601734',NULL,NULL,'James','T','Smith',3,1,3,NULL,NULL,2,'1975-06-17',1,NULL,NULL,NULL,NULL,NULL,NULL,NULL,NULL),(70,'Individual',NULL,1,1,0,0,0,NULL,NULL,'Zope, Franklin','Ms Franklin P Zope Jr',NULL,NULL,NULL,NULL,'3','Both','489520277',NULL,NULL,'Franklin','P','Zope',2,1,2,NULL,NULL,2,'1988-12-13',0,NULL,NULL,NULL,NULL,NULL,NULL,NULL,NULL),(71,'Individual',NULL,1,1,0,1,0,NULL,NULL,'Jameson, Rebecca','Mr Rebecca L Jameson Sr',NULL,NULL,NULL,NULL,'5','Both','446709975',NULL,NULL,'Rebecca','L','Jameson',3,2,2,NULL,NULL,1,'1986-09-22',0,NULL,NULL,NULL,NULL,NULL,NULL,NULL,NULL),(72,'Individual',NULL,1,1,0,1,0,NULL,NULL,'Jameson, Milan','Ms Milan S Jameson Jr',NULL,NULL,NULL,NULL,'4','Both','590779615',NULL,NULL,'Milan','S','Jameson',2,1,1,NULL,NULL,2,'1972-02-22',1,NULL,NULL,NULL,NULL,NULL,NULL,NULL,NULL),(73,'Individual',NULL,1,0,0,1,0,NULL,NULL,'Jameson, Bernard','Dr Bernard S Jameson Sr',NULL,NULL,NULL,NULL,'2','Both','-358035605',NULL,NULL,'Bernard','S','Jameson',4,2,1,NULL,NULL,2,'1978-01-07',1,NULL,NULL,NULL,NULL,NULL,NULL,NULL,NULL),(74,'Individual',NULL,0,1,0,0,0,NULL,NULL,'Smith, John','Mrs John D Smith Jr',NULL,NULL,NULL,NULL,'5','Both','-807248669',NULL,NULL,'John','D','Smith',1,1,1,NULL,NULL,1,'1987-06-03',1,NULL,NULL,NULL,NULL,NULL,NULL,NULL,NULL),(75,'Individual',NULL,0,1,0,0,0,NULL,NULL,'Samuels, John','Ms John S Samuels Sr',NULL,NULL,NULL,NULL,'3','Both','-831495955',NULL,NULL,'John','S','Samuels',2,2,1,NULL,NULL,2,'1987-07-21',0,NULL,NULL,NULL,NULL,NULL,NULL,NULL,NULL),(76,'Individual',NULL,1,0,0,1,0,NULL,NULL,'Jameson, Franklin','Dr Franklin X Jameson Jr',NULL,NULL,NULL,NULL,'4','Both','-849838319',NULL,NULL,'Franklin','X','Jameson',4,1,3,NULL,NULL,2,'1983-09-28',0,NULL,NULL,NULL,NULL,NULL,NULL,NULL,NULL),(77,'Individual',NULL,1,1,0,0,0,NULL,NULL,'Smith, Charles','Mr Charles U Smith Jr',NULL,NULL,NULL,NULL,'3','Both','65426485',NULL,NULL,'Charles','U','Smith',3,1,2,NULL,NULL,2,'1986-08-21',0,NULL,NULL,NULL,NULL,NULL,NULL,NULL,NULL),(78,'Individual',NULL,0,0,0,0,0,NULL,NULL,'Reynolds, Amar','Mrs Amar K Reynolds Sr',NULL,NULL,NULL,NULL,'1','Both','-1136879665',NULL,NULL,'Amar','K','Reynolds',1,2,1,NULL,NULL,1,'2006-04-29',1,NULL,NULL,NULL,NULL,NULL,NULL,NULL,NULL),(79,'Individual',NULL,1,1,0,0,0,NULL,NULL,'Smith, Pat','Ms Pat Q Smith Jr',NULL,NULL,NULL,NULL,'4','Both','-862954215',NULL,NULL,'Pat','Q','Smith',2,1,2,NULL,NULL,2,'1997-06-25',1,NULL,NULL,NULL,NULL,NULL,NULL,NULL,NULL),(80,'Household',NULL,1,1,0,0,0,NULL,NULL,'Amar Reynolds\'s home','Amar Reynolds\'s home','Reynolds\'s home',NULL,NULL,NULL,'3','Both','1140353109',NULL,NULL,NULL,NULL,NULL,NULL,NULL,NULL,NULL,NULL,NULL,NULL,0,NULL,NULL,'Amar Reynolds\'s home',280,NULL,NULL,NULL,NULL),(81,'Individual',NULL,0,1,0,0,0,NULL,NULL,'Samuels, Donald','Ms Donald M Samuels Sr',NULL,NULL,NULL,NULL,'3','Both','1880213517',NULL,NULL,'Donald','M','Samuels',2,2,1,NULL,NULL,1,'1976-10-06',1,NULL,NULL,NULL,NULL,NULL,NULL,NULL,NULL),(82,'Household',NULL,1,1,0,0,0,NULL,NULL,'Tony Smith\'s home','Tony Smith\'s home','Smith\'s home',NULL,NULL,NULL,'1','Both','1522027323',NULL,NULL,NULL,NULL,NULL,NULL,NULL,NULL,NULL,NULL,NULL,NULL,0,NULL,NULL,'Tony Smith\'s home',410,NULL,NULL,NULL,NULL),(83,'Individual',NULL,1,1,0,1,0,NULL,NULL,'Adams, Donald','Mrs Donald P Adams Jr',NULL,NULL,NULL,NULL,'2','Both','-941480355',NULL,NULL,'Donald','P','Adams',1,1,3,NULL,NULL,2,'1976-05-23',0,NULL,NULL,NULL,NULL,NULL,NULL,NULL,NULL),(84,'Individual',NULL,0,0,0,1,0,NULL,NULL,'Roberts, Brzczysaw','Mrs Brzczysaw R Roberts Sr',NULL,NULL,NULL,NULL,'4','Both','-603753726',NULL,NULL,'Brzczysaw','R','Roberts',1,2,1,NULL,NULL,2,'1993-09-18',1,NULL,NULL,NULL,NULL,NULL,NULL,NULL,NULL),(85,'Individual',NULL,0,1,0,1,0,NULL,NULL,'Reynolds, Paula','Mrs Paula K Reynolds Sr',NULL,NULL,NULL,NULL,'3','Both','1005086732',NULL,NULL,'Paula','K','Reynolds',1,2,3,NULL,NULL,1,'1972-11-02',1,NULL,NULL,NULL,NULL,NULL,NULL,NULL,NULL),(86,'Organization',NULL,0,0,0,1,0,NULL,NULL,'Conservation Corp  ','Conservation Corp  ',NULL,NULL,NULL,NULL,'5','Both','1902067651',NULL,NULL,NULL,NULL,NULL,NULL,NULL,NULL,NULL,NULL,NULL,NULL,0,NULL,NULL,NULL,NULL,'Conservation Corp  ',NULL,NULL,NULL),(87,'Household',NULL,1,1,0,1,0,NULL,NULL,'Bill Jones\'s home','Bill Jones\'s home','Jones\'s home',NULL,NULL,NULL,'3','Both','1118888352',NULL,NULL,NULL,NULL,NULL,NULL,NULL,NULL,NULL,NULL,NULL,NULL,0,NULL,NULL,'Bill Jones\'s home',481,NULL,NULL,NULL,NULL),(88,'Household',NULL,1,1,0,0,0,NULL,NULL,'Franklin Jameson\'s home','Franklin Jameson\'s home','Jameson\'s home',NULL,NULL,NULL,'4','Both','-1234553646',NULL,NULL,NULL,NULL,NULL,NULL,NULL,NULL,NULL,NULL,NULL,NULL,0,NULL,NULL,'Franklin Jameson\'s home',290,NULL,NULL,NULL,NULL),(89,'Individual',NULL,1,1,0,0,0,NULL,NULL,'Reynolds, Kenneth','Mr Kenneth F Reynolds Jr',NULL,NULL,NULL,NULL,'5','Both','-498625009',NULL,NULL,'Kenneth','F','Reynolds',3,1,1,NULL,NULL,2,'1984-12-28',1,NULL,NULL,NULL,NULL,NULL,NULL,NULL,NULL),(90,'Individual',NULL,1,1,0,1,0,NULL,NULL,'Reynolds, Andrew','Ms Andrew Y Reynolds Sr',NULL,NULL,NULL,NULL,'1','Both','-985296326',NULL,NULL,'Andrew','Y','Reynolds',2,2,1,NULL,NULL,2,'1973-10-14',1,NULL,NULL,NULL,NULL,NULL,NULL,NULL,NULL),(91,'Individual',NULL,1,0,0,0,0,NULL,NULL,'Reynolds, Bill','Mr Bill C Reynolds Sr',NULL,NULL,NULL,NULL,'4','Both','-433990701',NULL,NULL,'Bill','C','Reynolds',3,2,3,NULL,NULL,2,'2007-04-13',0,NULL,NULL,NULL,NULL,NULL,NULL,NULL,NULL),(92,'Individual',NULL,0,1,0,0,0,NULL,NULL,'Smith, Henry','Mr Henry K Smith Jr',NULL,NULL,NULL,NULL,'3','Both','898688352',NULL,NULL,'Henry','K','Smith',3,1,3,NULL,NULL,2,'1990-01-13',1,NULL,NULL,NULL,NULL,NULL,NULL,NULL,NULL),(93,'Individual',NULL,1,1,0,0,0,NULL,NULL,'Reynolds, Jane','Mr Jane U Reynolds Jr',NULL,NULL,NULL,NULL,'4','Both','1718382754',NULL,NULL,'Jane','U','Reynolds',3,1,1,NULL,NULL,1,'1970-06-23',1,NULL,NULL,NULL,NULL,NULL,NULL,NULL,NULL),(94,'Household',NULL,0,1,0,0,0,NULL,NULL,'Bill Yadav\'s home','Bill Yadav\'s home','Yadav\'s home',NULL,NULL,NULL,'1','Both','1768831499',NULL,NULL,NULL,NULL,NULL,NULL,NULL,NULL,NULL,NULL,NULL,NULL,0,NULL,NULL,'Bill Yadav\'s home',48,NULL,NULL,NULL,NULL),(95,'Individual',NULL,0,1,0,0,0,NULL,NULL,'Reynolds, Andrew','Ms Andrew P Reynolds Sr',NULL,NULL,NULL,NULL,'1','Both','-985296326',NULL,NULL,'Andrew','P','Reynolds',2,2,2,NULL,NULL,2,'1989-07-02',0,NULL,NULL,NULL,NULL,NULL,NULL,NULL,NULL),(96,'Individual',NULL,0,1,0,1,0,NULL,NULL,'Parker, John','Mrs John H Parker Sr',NULL,NULL,NULL,NULL,'4','Both','404849511',NULL,NULL,'John','H','Parker',1,2,2,NULL,NULL,2,'1999-11-13',0,NULL,NULL,NULL,NULL,NULL,NULL,NULL,NULL),(97,'Individual',NULL,0,1,0,0,0,NULL,NULL,'Roberts, Bernard','Mr Bernard V Roberts Jr',NULL,NULL,NULL,NULL,'2','Both','5883777',NULL,NULL,'Bernard','V','Roberts',3,1,3,NULL,NULL,1,'1989-05-05',1,NULL,NULL,NULL,NULL,NULL,NULL,NULL,NULL),(98,'Household',NULL,1,0,0,0,0,NULL,NULL,'Sandy Smith\'s home','Sandy Smith\'s home','Smith\'s home',NULL,NULL,NULL,'1','Both','-1897975971',NULL,NULL,NULL,NULL,NULL,NULL,NULL,NULL,NULL,NULL,NULL,NULL,0,NULL,NULL,'Sandy Smith\'s home',273,NULL,NULL,NULL,NULL),(99,'Individual',NULL,1,1,0,1,0,NULL,NULL,'Samuels, Sam','Ms Sam D Samuels Jr',NULL,NULL,NULL,NULL,'5','Both','-470793279',NULL,NULL,'Sam','D','Samuels',2,1,1,NULL,NULL,2,'1987-06-09',1,NULL,NULL,NULL,NULL,NULL,NULL,NULL,NULL),(100,'Individual',NULL,1,0,0,1,0,NULL,NULL,'Patel, Bernard','Mrs Bernard M Patel Jr',NULL,NULL,NULL,NULL,'5','Both','-1191767957',NULL,NULL,'Bernard','M','Patel',1,1,2,NULL,NULL,1,'2004-05-23',0,NULL,NULL,NULL,NULL,NULL,NULL,NULL,NULL),(101,'Individual',NULL,0,0,0,1,0,NULL,NULL,'Roberts, Amar','Dr Amar C Roberts Jr',NULL,NULL,NULL,NULL,'2','Both','943238679',NULL,NULL,'Amar','C','Roberts',4,1,3,NULL,NULL,1,'1984-09-30',1,NULL,NULL,NULL,NULL,NULL,NULL,NULL,NULL),(102,'Household',NULL,1,0,0,0,0,NULL,NULL,'Jake Jameson\'s home','Jake Jameson\'s home','Jameson\'s home',NULL,NULL,NULL,'5','Both','1972458086',NULL,NULL,NULL,NULL,NULL,NULL,NULL,NULL,NULL,NULL,NULL,NULL,0,NULL,NULL,'Jake Jameson\'s home',126,NULL,NULL,NULL,NULL),(103,'Individual',NULL,0,1,0,1,0,NULL,NULL,'Patel, Donald','Ms Donald M Patel Sr',NULL,NULL,NULL,NULL,'1','Both','-1981838385',NULL,NULL,'Donald','M','Patel',2,2,2,NULL,NULL,1,'2003-04-28',0,NULL,NULL,NULL,NULL,NULL,NULL,NULL,NULL),(104,'Organization',NULL,0,0,0,0,0,NULL,NULL,'Social Source Foundation  ','Social Source Foundation  ',NULL,NULL,NULL,NULL,'1','Both','2066676426',NULL,NULL,NULL,NULL,NULL,NULL,NULL,NULL,NULL,NULL,NULL,NULL,0,NULL,NULL,NULL,NULL,'Social Source Foundation  ',NULL,NULL,NULL),(105,'Individual',NULL,0,0,0,1,0,NULL,NULL,'Patel, Chetan','Dr Chetan X Patel Jr',NULL,NULL,NULL,NULL,'2','Both','-1100147026',NULL,NULL,'Chetan','X','Patel',4,1,2,NULL,NULL,2,'1982-03-08',0,NULL,NULL,NULL,NULL,NULL,NULL,NULL,NULL),(106,'Individual',NULL,1,1,0,1,0,NULL,NULL,'Jones, Sandy','Dr Sandy F Jones Jr',NULL,NULL,NULL,NULL,'1','Both','3239913',NULL,NULL,'Sandy','F','Jones',4,1,1,NULL,NULL,1,'1999-12-14',1,NULL,NULL,NULL,NULL,NULL,NULL,NULL,NULL),(107,'Individual',NULL,0,1,0,0,0,NULL,NULL,'Smith, Dan','Mrs Dan C Smith Sr',NULL,NULL,NULL,NULL,'1','Both','719171535',NULL,NULL,'Dan','C','Smith',1,2,2,NULL,NULL,2,'1978-04-12',1,NULL,NULL,NULL,NULL,NULL,NULL,NULL,NULL),(108,'Individual',NULL,1,0,0,0,0,NULL,NULL,'Samuels, Walter','Dr Walter F Samuels Jr',NULL,NULL,NULL,NULL,'2','Both','-544104111',NULL,NULL,'Walter','F','Samuels',4,1,3,NULL,NULL,2,'1972-12-04',0,NULL,NULL,NULL,NULL,NULL,NULL,NULL,NULL),(109,'Individual',NULL,0,0,0,1,0,NULL,NULL,'Grant, Sandy','Mrs Sandy V Grant Sr',NULL,NULL,NULL,NULL,'1','Both','-2107167870',NULL,NULL,'Sandy','V','Grant',1,2,3,NULL,NULL,2,'1984-06-02',0,NULL,NULL,NULL,NULL,NULL,NULL,NULL,NULL),(110,'Organization',NULL,1,1,0,0,0,NULL,NULL,'Inner City  ','Inner City  ',NULL,NULL,NULL,NULL,'1','Both','550937833',NULL,NULL,NULL,NULL,NULL,NULL,NULL,NULL,NULL,NULL,NULL,NULL,0,NULL,NULL,NULL,NULL,'Inner City  ',NULL,NULL,NULL),(111,'Organization',NULL,1,0,0,0,0,NULL,NULL,'Inner City  ','Inner City  ',NULL,NULL,NULL,NULL,'3','Both','550937833',NULL,NULL,NULL,NULL,NULL,NULL,NULL,NULL,NULL,NULL,NULL,NULL,0,NULL,NULL,NULL,NULL,'Inner City  ',NULL,NULL,NULL),(112,'Individual',NULL,0,0,0,0,0,NULL,NULL,'Grant, Rebecca','Mr Rebecca C Grant Jr',NULL,NULL,NULL,NULL,'3','Both','-1045553189',NULL,NULL,'Rebecca','C','Grant',3,1,2,NULL,NULL,1,'1999-02-11',1,NULL,NULL,NULL,NULL,NULL,NULL,NULL,NULL),(113,'Individual',NULL,0,0,0,0,0,NULL,NULL,'Smith, Sam','Mrs Sam R Smith Jr',NULL,NULL,NULL,NULL,'4','Both','-1430434944',NULL,NULL,'Sam','R','Smith',1,1,2,NULL,NULL,2,'1980-05-08',0,NULL,NULL,NULL,NULL,NULL,NULL,NULL,NULL),(114,'Individual',NULL,1,0,0,1,0,NULL,NULL,'Jameson, Bill','Mr Bill G Jameson Sr',NULL,NULL,NULL,NULL,'5','Both','-968131500',NULL,NULL,'Bill','G','Jameson',3,2,2,NULL,NULL,2,'1995-09-17',0,NULL,NULL,NULL,NULL,NULL,NULL,NULL,NULL),(115,'Organization',NULL,0,1,0,1,0,NULL,NULL,'Social Source Foundation  ','Social Source Foundation  ',NULL,NULL,NULL,NULL,'4','Both','2066676426',NULL,NULL,NULL,NULL,NULL,NULL,NULL,NULL,NULL,NULL,NULL,NULL,0,NULL,NULL,NULL,NULL,'Social Source Foundation  ',NULL,NULL,NULL),(116,'Individual',NULL,0,1,0,0,0,NULL,NULL,'Roberts, Greg','Mrs Greg Q Roberts Sr',NULL,NULL,NULL,NULL,'4','Both','60306537',NULL,NULL,'Greg','Q','Roberts',1,2,2,NULL,NULL,2,'1999-07-30',0,NULL,NULL,NULL,NULL,NULL,NULL,NULL,NULL),(117,'Household',NULL,1,0,0,0,0,NULL,NULL,'Chris Jones\'s home','Chris Jones\'s home','Jones\'s home',NULL,NULL,NULL,'1','Both','530431171',NULL,NULL,NULL,NULL,NULL,NULL,NULL,NULL,NULL,NULL,NULL,NULL,0,NULL,NULL,'Chris Jones\'s home',354,NULL,NULL,NULL,NULL),(118,'Individual',NULL,1,0,0,1,0,NULL,NULL,'Smith, Dan','Dr Dan D Smith Sr',NULL,NULL,NULL,NULL,'5','Both','719171535',NULL,NULL,'Dan','D','Smith',4,2,1,NULL,NULL,2,'2008-10-26',1,NULL,NULL,NULL,NULL,NULL,NULL,NULL,NULL),(119,'Individual',NULL,0,1,0,1,0,NULL,NULL,'Yadav, Greg','Ms Greg O Yadav Jr',NULL,NULL,NULL,NULL,'1','Both','-278727307',NULL,NULL,'Greg','O','Yadav',2,1,2,NULL,NULL,1,'1972-09-04',0,NULL,NULL,NULL,NULL,NULL,NULL,NULL,NULL),(120,'Individual',NULL,1,0,0,1,0,NULL,NULL,'Grant, Bernard','Mrs Bernard E Grant Jr',NULL,NULL,NULL,NULL,'1','Both','832999527',NULL,NULL,'Bernard','E','Grant',1,1,1,NULL,NULL,1,'1982-04-30',1,NULL,NULL,NULL,NULL,NULL,NULL,NULL,NULL),(121,'Individual',NULL,1,1,0,0,0,NULL,NULL,'Samuels, Richard','Mrs Richard M Samuels Sr',NULL,NULL,NULL,NULL,'5','Both','-1517043473',NULL,NULL,'Richard','M','Samuels',1,2,2,NULL,NULL,1,'2008-07-17',0,NULL,NULL,NULL,NULL,NULL,NULL,NULL,NULL),(122,'Individual',NULL,1,1,0,1,0,NULL,NULL,'Grant, Jason','Ms Jason B Grant Sr',NULL,NULL,NULL,NULL,'3','Both','-1689341346',NULL,NULL,'Jason','B','Grant',2,2,1,NULL,NULL,2,'2001-10-18',1,NULL,NULL,NULL,NULL,NULL,NULL,NULL,NULL),(123,'Individual',NULL,0,0,0,0,0,NULL,NULL,'Zope, Sheila','Mr Sheila S Zope Jr',NULL,NULL,NULL,NULL,'5','Both','1949818148',NULL,NULL,'Sheila','S','Zope',3,1,1,NULL,NULL,1,'1988-04-15',0,NULL,NULL,NULL,NULL,NULL,NULL,NULL,NULL),(124,'Individual',NULL,1,1,0,1,0,NULL,NULL,'Reynolds, Alice','Mrs Alice O Reynolds Jr',NULL,NULL,NULL,NULL,'1','Both','30116897',NULL,NULL,'Alice','O','Reynolds',1,1,1,NULL,NULL,2,'1971-03-07',0,NULL,NULL,NULL,NULL,NULL,NULL,NULL,NULL),(125,'Individual',NULL,0,0,0,0,0,NULL,NULL,'Reynolds, Amar','Ms Amar X Reynolds Sr',NULL,NULL,NULL,NULL,'4','Both','-1136879665',NULL,NULL,'Amar','X','Reynolds',2,2,3,NULL,NULL,2,'1988-10-29',1,NULL,NULL,NULL,NULL,NULL,NULL,NULL,NULL),(126,'Individual',NULL,0,0,0,1,0,NULL,NULL,'Jameson, Jake','Mr Jake K Jameson Sr',NULL,NULL,NULL,NULL,'3','Both','997272416',NULL,NULL,'Jake','K','Jameson',3,2,3,NULL,NULL,2,'1989-03-12',0,NULL,NULL,NULL,NULL,NULL,NULL,NULL,NULL),(127,'Individual',NULL,0,1,0,0,0,NULL,NULL,'Roberts, Franklin','Ms Franklin Y Roberts Jr',NULL,NULL,NULL,NULL,'2','Both','-1922202241',NULL,NULL,'Franklin','Y','Roberts',2,1,3,NULL,NULL,1,'1970-05-30',0,NULL,NULL,NULL,NULL,NULL,NULL,NULL,NULL),(128,'Individual',NULL,0,1,0,0,0,NULL,NULL,'Reynolds, Sam','Dr Sam H Reynolds Jr',NULL,NULL,NULL,NULL,'4','Both','-270544420',NULL,NULL,'Sam','H','Reynolds',4,1,3,NULL,NULL,1,'2005-09-03',1,NULL,NULL,NULL,NULL,NULL,NULL,NULL,NULL),(129,'Individual',NULL,0,1,0,1,0,NULL,NULL,'Grant, Chetan','Ms Chetan F Grant Sr',NULL,NULL,NULL,NULL,'1','Both','1019673143',NULL,NULL,'Chetan','F','Grant',2,2,1,NULL,NULL,1,'1993-03-13',1,NULL,NULL,NULL,NULL,NULL,NULL,NULL,NULL),(130,'Individual',NULL,0,0,0,1,0,NULL,NULL,'Jameson, Brzczysaw','Mrs Brzczysaw K Jameson Jr',NULL,NULL,NULL,NULL,'1','Both','-1056758637',NULL,NULL,'Brzczysaw','K','Jameson',1,1,2,NULL,NULL,1,'1990-01-03',0,NULL,NULL,NULL,NULL,NULL,NULL,NULL,NULL),(131,'Individual',NULL,1,0,0,1,0,NULL,NULL,'Roberts, Dan','Mr Dan J Roberts Jr',NULL,NULL,NULL,NULL,'2','Both','-708365440',NULL,NULL,'Dan','J','Roberts',3,1,2,NULL,NULL,1,'1970-12-10',0,NULL,NULL,NULL,NULL,NULL,NULL,NULL,NULL),(132,'Individual',NULL,0,0,0,1,0,NULL,NULL,'Smith, Raymond','Mrs Raymond O Smith Sr',NULL,NULL,NULL,NULL,'2','Both','-540284072',NULL,NULL,'Raymond','O','Smith',1,2,3,NULL,NULL,2,'1994-06-21',1,NULL,NULL,NULL,NULL,NULL,NULL,NULL,NULL),(133,'Household',NULL,1,1,0,1,0,NULL,NULL,'Purvi Samuels\'s home','Purvi Samuels\'s home','Samuels\'s home',NULL,NULL,NULL,'2','Both','-145598771',NULL,NULL,NULL,NULL,NULL,NULL,NULL,NULL,NULL,NULL,NULL,NULL,0,NULL,NULL,'Purvi Samuels\'s home',292,NULL,NULL,NULL,NULL),(134,'Individual',NULL,1,1,0,0,0,NULL,NULL,'Zope, Sandy','Dr Sandy T Zope Sr',NULL,NULL,NULL,NULL,'5','Both','541848585',NULL,NULL,'Sandy','T','Zope',4,2,1,NULL,NULL,1,'1980-10-19',0,NULL,NULL,NULL,NULL,NULL,NULL,NULL,NULL),(135,'Individual',NULL,0,0,0,1,0,NULL,NULL,'Grant, Purvi','Dr Purvi W Grant Sr',NULL,NULL,NULL,NULL,'3','Both','1791208249',NULL,NULL,'Purvi','W','Grant',4,2,3,NULL,NULL,2,'1972-06-22',0,NULL,NULL,NULL,NULL,NULL,NULL,NULL,NULL),(136,'Individual',NULL,0,1,0,1,0,NULL,NULL,'Grant, Andrew','Dr Andrew K Grant Jr',NULL,NULL,NULL,NULL,'5','Both','1115216015',NULL,NULL,'Andrew','K','Grant',4,1,1,NULL,NULL,2,'1998-12-24',0,NULL,NULL,NULL,NULL,NULL,NULL,NULL,NULL),(137,'Individual',NULL,0,0,0,0,0,NULL,NULL,'Samuels, John','Mrs John U Samuels Jr',NULL,NULL,NULL,NULL,'4','Both','-831495955',NULL,NULL,'John','U','Samuels',1,1,2,NULL,NULL,1,'1984-05-03',1,NULL,NULL,NULL,NULL,NULL,NULL,NULL,NULL),(138,'Individual',NULL,1,0,0,1,0,NULL,NULL,'Adams, Jane','Mr Jane X Adams Sr',NULL,NULL,NULL,NULL,'1','Both','-1282533109',NULL,NULL,'Jane','X','Adams',3,2,1,NULL,NULL,1,'2006-02-24',0,NULL,NULL,NULL,NULL,NULL,NULL,NULL,NULL),(139,'Household',NULL,0,1,0,1,0,NULL,NULL,'Chris Samuels\'s home','Chris Samuels\'s home','Samuels\'s home',NULL,NULL,NULL,'5','Both','1595094285',NULL,NULL,NULL,NULL,NULL,NULL,NULL,NULL,NULL,NULL,NULL,NULL,0,NULL,NULL,'Chris Samuels\'s home',39,NULL,NULL,NULL,NULL),(140,'Organization',NULL,0,1,0,0,0,NULL,NULL,'Compumentor  ','Compumentor  ',NULL,NULL,NULL,NULL,'4','Both','-1260506705',NULL,NULL,NULL,NULL,NULL,NULL,NULL,NULL,NULL,NULL,NULL,NULL,0,NULL,NULL,NULL,NULL,'Compumentor  ',NULL,NULL,NULL),(141,'Household',NULL,0,1,0,1,0,NULL,NULL,'John Samuels\'s home','John Samuels\'s home','Samuels\'s home',NULL,NULL,NULL,'2','Both','-143860063',NULL,NULL,NULL,NULL,NULL,NULL,NULL,NULL,NULL,NULL,NULL,NULL,0,NULL,NULL,'John Samuels\'s home',75,NULL,NULL,NULL,NULL),(142,'Individual',NULL,1,0,0,1,0,NULL,NULL,'Parker, Jake','Mr Jake M Parker Sr',NULL,NULL,NULL,NULL,'1','Both','-1371528154',NULL,NULL,'Jake','M','Parker',3,2,3,NULL,NULL,1,'1987-09-18',0,NULL,NULL,NULL,NULL,NULL,NULL,NULL,NULL),(143,'Individual',NULL,0,0,0,0,0,NULL,NULL,'Roberts, Michelle','Ms Michelle E Roberts Jr',NULL,NULL,NULL,NULL,'3','Both','2100059976',NULL,NULL,'Michelle','E','Roberts',2,1,1,NULL,NULL,1,'2001-06-05',0,NULL,NULL,NULL,NULL,NULL,NULL,NULL,NULL),(144,'Individual',NULL,0,0,0,0,0,NULL,NULL,'Jameson, John','Mr John E Jameson Jr',NULL,NULL,NULL,NULL,'1','Both','-1928295391',NULL,NULL,'John','E','Jameson',3,1,3,NULL,NULL,2,'1998-04-19',0,NULL,NULL,NULL,NULL,NULL,NULL,NULL,NULL),(145,'Individual',NULL,0,0,0,1,0,NULL,NULL,'Patel, Chris','Mrs Chris U Patel Sr',NULL,NULL,NULL,NULL,'4','Both','2094032539',NULL,NULL,'Chris','U','Patel',1,2,2,NULL,NULL,1,'2004-05-03',1,NULL,NULL,NULL,NULL,NULL,NULL,NULL,NULL),(146,'Individual',NULL,1,1,0,0,0,NULL,NULL,'Smith, Jane','Dr Jane U Smith Jr',NULL,NULL,NULL,NULL,'3','Both','83103719',NULL,NULL,'Jane','U','Smith',4,1,2,NULL,NULL,1,'1992-03-18',1,NULL,NULL,NULL,NULL,NULL,NULL,NULL,NULL),(147,'Individual',NULL,0,0,0,0,0,NULL,NULL,'Reynolds, Bill','Mr Bill N Reynolds Sr',NULL,NULL,NULL,NULL,'4','Both','-433990701',NULL,NULL,'Bill','N','Reynolds',3,2,3,NULL,NULL,2,'1994-09-01',1,NULL,NULL,NULL,NULL,NULL,NULL,NULL,NULL),(148,'Individual',NULL,0,0,0,0,0,NULL,NULL,'Adams, Jason','Dr Jason X Adams Jr',NULL,NULL,NULL,NULL,'1','Both','24653034',NULL,NULL,'Jason','X','Adams',4,1,2,NULL,NULL,2,'1999-02-03',1,NULL,NULL,NULL,NULL,NULL,NULL,NULL,NULL),(149,'Individual',NULL,1,1,0,0,0,NULL,NULL,'Grant, Brzczysaw','Mr Brzczysaw E Grant Sr',NULL,NULL,NULL,NULL,'3','Both','1837175056',NULL,NULL,'Brzczysaw','E','Grant',3,2,3,NULL,NULL,2,'2006-03-08',0,NULL,NULL,NULL,NULL,NULL,NULL,NULL,NULL),(150,'Household',NULL,0,1,0,1,0,NULL,NULL,'Purvi Parker\'s home','Purvi Parker\'s home','Parker\'s home',NULL,NULL,NULL,'3','Both','-1211264785',NULL,NULL,NULL,NULL,NULL,NULL,NULL,NULL,NULL,NULL,NULL,NULL,0,NULL,NULL,'Purvi Parker\'s home',28,NULL,NULL,NULL,NULL),(151,'Individual',NULL,1,1,0,1,0,NULL,NULL,'Yadav, Sandy','Mrs Sandy Z Yadav Jr',NULL,NULL,NULL,NULL,'5','Both','737129538',NULL,NULL,'Sandy','Z','Yadav',1,1,3,NULL,NULL,2,'1974-12-17',0,NULL,NULL,NULL,NULL,NULL,NULL,NULL,NULL),(152,'Individual',NULL,1,0,0,1,0,NULL,NULL,'Zope, Paula','Ms Paula Z Zope Sr',NULL,NULL,NULL,NULL,'3','Both','-1406283754',NULL,NULL,'Paula','Z','Zope',2,2,1,NULL,NULL,2,'1989-02-01',1,NULL,NULL,NULL,NULL,NULL,NULL,NULL,NULL),(153,'Individual',NULL,1,0,0,1,0,NULL,NULL,'Smith, Michael','Dr Michael T Smith Sr',NULL,NULL,NULL,NULL,'2','Both','1479640816',NULL,NULL,'Michael','T','Smith',4,2,3,NULL,NULL,2,'1987-12-18',0,NULL,NULL,NULL,NULL,NULL,NULL,NULL,NULL),(154,'Organization',NULL,1,0,0,0,0,NULL,NULL,'Compumentor  ','Compumentor  ',NULL,NULL,NULL,NULL,'4','Both','-1260506705',NULL,NULL,NULL,NULL,NULL,NULL,NULL,NULL,NULL,NULL,NULL,NULL,0,NULL,NULL,NULL,NULL,'Compumentor  ',NULL,NULL,NULL),(155,'Organization',NULL,0,0,0,0,0,NULL,NULL,'Eastmont Computing Center  ','Eastmont Computing Center  ',NULL,NULL,NULL,NULL,'4','Both','-765911069',NULL,NULL,NULL,NULL,NULL,NULL,NULL,NULL,NULL,NULL,NULL,NULL,0,NULL,NULL,NULL,NULL,'Eastmont Computing Center  ',NULL,NULL,NULL),(156,'Individual',NULL,0,0,0,0,0,NULL,NULL,'Samuels, Raymond','Mr Raymond V Samuels Sr',NULL,NULL,NULL,NULL,'3','Both','-1196995132',NULL,NULL,'Raymond','V','Samuels',3,2,3,NULL,NULL,1,'2006-03-04',1,NULL,NULL,NULL,NULL,NULL,NULL,NULL,NULL),(157,'Household',NULL,0,0,0,1,0,NULL,NULL,'Alice Zope\'s home','Alice Zope\'s home','Zope\'s home',NULL,NULL,NULL,'1','Both','-2032437140',NULL,NULL,NULL,NULL,NULL,NULL,NULL,NULL,NULL,NULL,NULL,NULL,0,NULL,NULL,'Alice Zope\'s home',171,NULL,NULL,NULL,NULL),(158,'Individual',NULL,0,0,0,0,0,NULL,NULL,'Jameson, Kenneth','Mr Kenneth L Jameson Jr',NULL,NULL,NULL,NULL,'4','Both','-2100972726',NULL,NULL,'Kenneth','L','Jameson',3,1,1,NULL,NULL,2,'1996-06-29',0,NULL,NULL,NULL,NULL,NULL,NULL,NULL,NULL),(159,'Individual',NULL,0,1,0,0,0,NULL,NULL,'Grant, Fraddie','Ms Fraddie W Grant Sr',NULL,NULL,NULL,NULL,'1','Both','1262334598',NULL,NULL,'Fraddie','W','Grant',2,2,3,NULL,NULL,2,'1988-02-01',1,NULL,NULL,NULL,NULL,NULL,NULL,NULL,NULL),(160,'Individual',NULL,0,0,0,0,0,NULL,NULL,'Jameson, Charles','Ms Charles H Jameson Jr',NULL,NULL,NULL,NULL,'4','Both','1128677494',NULL,NULL,'Charles','H','Jameson',2,1,3,NULL,NULL,2,'1974-09-28',1,NULL,NULL,NULL,NULL,NULL,NULL,NULL,NULL),(161,'Individual',NULL,0,1,0,0,0,NULL,NULL,'chowski, Sandy','Mr Sandy A chowski Jr',NULL,NULL,NULL,NULL,'3','Both','-847684015',NULL,NULL,'Sandy','A','chowski',3,1,1,NULL,NULL,2,'1977-02-23',1,NULL,NULL,NULL,NULL,NULL,NULL,NULL,NULL),(162,'Individual',NULL,0,0,0,1,0,NULL,NULL,'chowski, Peter','Ms Peter M chowski Sr',NULL,NULL,NULL,NULL,'1','Both','-1698464327',NULL,NULL,'Peter','M','chowski',2,2,3,NULL,NULL,2,'2005-10-26',0,NULL,NULL,NULL,NULL,NULL,NULL,NULL,NULL),(163,'Individual',NULL,1,0,0,0,0,NULL,NULL,'Jones, Justin','Ms Justin S Jones Jr',NULL,NULL,NULL,NULL,'5','Both','-453995501',NULL,NULL,'Justin','S','Jones',2,1,3,NULL,NULL,1,'1985-01-27',1,NULL,NULL,NULL,NULL,NULL,NULL,NULL,NULL),(164,'Individual',NULL,0,0,0,1,0,NULL,NULL,'Parker, Purvi','Ms Purvi C Parker Jr',NULL,NULL,NULL,NULL,'1','Both','-1275304658',NULL,NULL,'Purvi','C','Parker',2,1,2,NULL,NULL,2,'1976-05-02',0,NULL,NULL,NULL,NULL,NULL,NULL,NULL,NULL),(165,'Individual',NULL,1,1,0,0,0,NULL,NULL,'Reynolds, Michelle','Mr Michelle G Reynolds Jr',NULL,NULL,NULL,NULL,'1','Both','1003459100',NULL,NULL,'Michelle','G','Reynolds',3,1,2,NULL,NULL,2,'1974-02-26',0,NULL,NULL,NULL,NULL,NULL,NULL,NULL,NULL),(166,'Individual',NULL,0,0,0,0,0,NULL,NULL,'Yadav, Charles','Mrs Charles E Yadav Jr',NULL,NULL,NULL,NULL,'5','Both','855830377',NULL,NULL,'Charles','E','Yadav',1,1,2,NULL,NULL,1,'1998-03-14',1,NULL,NULL,NULL,NULL,NULL,NULL,NULL,NULL),(167,'Household',NULL,1,1,0,1,0,NULL,NULL,'Andrew Adams\'s home','Andrew Adams\'s home','Adams\'s home',NULL,NULL,NULL,'5','Both','1202206011',NULL,NULL,NULL,NULL,NULL,NULL,NULL,NULL,NULL,NULL,NULL,NULL,0,NULL,NULL,'Andrew Adams\'s home',19,NULL,NULL,NULL,NULL),(168,'Individual',NULL,0,1,0,0,0,NULL,NULL,'Parker, Chetan','Dr Chetan M Parker Sr',NULL,NULL,NULL,NULL,'4','Both','-1077133250',NULL,NULL,'Chetan','M','Parker',4,2,1,NULL,NULL,1,'1971-02-06',0,NULL,NULL,NULL,NULL,NULL,NULL,NULL,NULL),(169,'Household',NULL,1,0,0,1,0,NULL,NULL,'Jane Reynolds\'s home','Jane Reynolds\'s home','Reynolds\'s home',NULL,NULL,NULL,'4','Both','1358930452',NULL,NULL,NULL,NULL,NULL,NULL,NULL,NULL,NULL,NULL,NULL,NULL,0,NULL,NULL,'Jane Reynolds\'s home',174,NULL,NULL,NULL,NULL),(170,'Individual',NULL,0,1,0,1,0,NULL,NULL,'Smith, Alan','Dr Alan I Smith Sr',NULL,NULL,NULL,NULL,'5','Both','-882385166',NULL,NULL,'Alan','I','Smith',4,2,2,NULL,NULL,2,'1980-12-31',1,NULL,NULL,NULL,NULL,NULL,NULL,NULL,NULL),(171,'Individual',NULL,0,1,0,0,0,NULL,NULL,'Zope, Alice','Dr Alice L Zope Jr',NULL,NULL,NULL,NULL,'1','Both','-1777454021',NULL,NULL,'Alice','L','Zope',4,1,2,NULL,NULL,1,'2003-03-29',1,NULL,NULL,NULL,NULL,NULL,NULL,NULL,NULL),(172,'Individual',NULL,1,0,0,0,0,NULL,NULL,'Yadav, Bernard','Ms Bernard R Yadav Sr',NULL,NULL,NULL,NULL,'2','Both','-1695784844',NULL,NULL,'Bernard','R','Yadav',2,2,3,NULL,NULL,1,'1977-07-02',1,NULL,NULL,NULL,NULL,NULL,NULL,NULL,NULL),(173,'Individual',NULL,1,1,0,0,0,NULL,NULL,'chowski, Bruce','Dr Bruce P chowski Jr',NULL,NULL,NULL,NULL,'1','Both','-1721328117',NULL,NULL,'Bruce','P','chowski',4,1,3,NULL,NULL,2,'1990-10-10',1,NULL,NULL,NULL,NULL,NULL,NULL,NULL,NULL),(174,'Individual',NULL,0,0,0,1,0,NULL,NULL,'Reynolds, Jane','Mrs Jane O Reynolds Sr',NULL,NULL,NULL,NULL,'2','Both','1718382754',NULL,NULL,'Jane','O','Reynolds',1,2,1,NULL,NULL,1,'2001-07-29',1,NULL,NULL,NULL,NULL,NULL,NULL,NULL,NULL),(175,'Individual',NULL,0,0,0,0,0,NULL,NULL,'Grant, Monica','Mr Monica P Grant Sr',NULL,NULL,NULL,NULL,'4','Both','-711291034',NULL,NULL,'Monica','P','Grant',3,2,3,NULL,NULL,1,'1977-03-22',1,NULL,NULL,NULL,NULL,NULL,NULL,NULL,NULL),(176,'Household',NULL,1,0,0,0,0,NULL,NULL,'Rebecca Jones\'s home','Rebecca Jones\'s home','Jones\'s home',NULL,NULL,NULL,'4','Both','898827553',NULL,NULL,NULL,NULL,NULL,NULL,NULL,NULL,NULL,NULL,NULL,NULL,0,NULL,NULL,'Rebecca Jones\'s home',456,NULL,NULL,NULL,NULL),(177,'Individual',NULL,0,1,0,0,0,NULL,NULL,'Jones, Brzczysaw','Dr Brzczysaw P Jones Sr',NULL,NULL,NULL,NULL,'5','Both','1102443663',NULL,NULL,'Brzczysaw','P','Jones',4,2,2,NULL,NULL,1,'1980-07-12',0,NULL,NULL,NULL,NULL,NULL,NULL,NULL,NULL),(178,'Household',NULL,1,0,0,1,0,NULL,NULL,'Rebecca chowski\'s home','Rebecca chowski\'s home','chowski\'s home',NULL,NULL,NULL,'1','Both','911735843',NULL,NULL,NULL,NULL,NULL,NULL,NULL,NULL,NULL,NULL,NULL,NULL,0,NULL,NULL,'Rebecca chowski\'s home',474,NULL,NULL,NULL,NULL),(179,'Individual',NULL,0,0,0,0,0,NULL,NULL,'Patel, Kenneth','Ms Kenneth P Patel Jr',NULL,NULL,NULL,NULL,'2','Both','-795186102',NULL,NULL,'Kenneth','P','Patel',2,1,3,NULL,NULL,2,'1991-03-10',1,NULL,NULL,NULL,NULL,NULL,NULL,NULL,NULL),(180,'Individual',NULL,0,1,0,1,0,NULL,NULL,'Smith, Alan','Mr Alan Z Smith Sr',NULL,NULL,NULL,NULL,'1','Both','-882385166',NULL,NULL,'Alan','Z','Smith',3,2,3,NULL,NULL,2,'1980-06-30',0,NULL,NULL,NULL,NULL,NULL,NULL,NULL,NULL),(181,'Individual',NULL,0,0,0,0,0,NULL,NULL,'Yadav, Alice','Mr Alice H Yadav Jr',NULL,NULL,NULL,NULL,'4','Both','-1649773456',NULL,NULL,'Alice','H','Yadav',3,1,2,NULL,NULL,2,'1974-11-03',0,NULL,NULL,NULL,NULL,NULL,NULL,NULL,NULL),(182,'Individual',NULL,0,0,0,0,0,NULL,NULL,'Smith, Chetan','Mrs Chetan D Smith Jr',NULL,NULL,NULL,NULL,'1','Both','-162593289',NULL,NULL,'Chetan','D','Smith',1,1,2,NULL,NULL,1,'1973-11-16',0,NULL,NULL,NULL,NULL,NULL,NULL,NULL,NULL),(183,'Individual',NULL,0,0,0,0,0,NULL,NULL,'Grant, Dan','Mrs Dan V Grant Jr',NULL,NULL,NULL,NULL,'2','Both','331225384',NULL,NULL,'Dan','V','Grant',1,1,3,NULL,NULL,2,'1988-11-13',0,NULL,NULL,NULL,NULL,NULL,NULL,NULL,NULL),(184,'Individual',NULL,0,1,0,1,0,NULL,NULL,'Zope, Bruce','Ms Bruce D Zope Sr',NULL,NULL,NULL,NULL,'3','Both','1951675475',NULL,NULL,'Bruce','D','Zope',2,2,3,NULL,NULL,1,'1986-10-08',1,NULL,NULL,NULL,NULL,NULL,NULL,NULL,NULL),(185,'Household',NULL,0,1,0,0,0,NULL,NULL,'Melinda Smith\'s home','Melinda Smith\'s home','Smith\'s home',NULL,NULL,NULL,'4','Both','115336996',NULL,NULL,NULL,NULL,NULL,NULL,NULL,NULL,NULL,NULL,NULL,NULL,0,NULL,NULL,'Melinda Smith\'s home',400,NULL,NULL,NULL,NULL),(186,'Individual',NULL,1,1,0,1,0,NULL,NULL,'Smith, Chetan','Mr Chetan B Smith Jr',NULL,NULL,NULL,NULL,'2','Both','-162593289',NULL,NULL,'Chetan','B','Smith',3,1,2,NULL,NULL,1,'2008-10-28',0,NULL,NULL,NULL,NULL,NULL,NULL,NULL,NULL),(187,'Individual',NULL,1,0,0,0,0,NULL,NULL,'Grant, Pat','Mrs Pat D Grant Sr',NULL,NULL,NULL,NULL,'2','Both','-168563714',NULL,NULL,'Pat','D','Grant',1,2,3,NULL,NULL,1,'1997-10-02',1,NULL,NULL,NULL,NULL,NULL,NULL,NULL,NULL),(188,'Organization',NULL,0,0,0,1,0,NULL,NULL,'Red Cross  ','Red Cross  ',NULL,NULL,NULL,NULL,'5','Both','769545824',NULL,NULL,NULL,NULL,NULL,NULL,NULL,NULL,NULL,NULL,NULL,NULL,0,NULL,NULL,NULL,NULL,'Red Cross  ',NULL,NULL,NULL),(189,'Organization',NULL,0,1,0,1,0,NULL,NULL,'Intel  ','Intel  ',NULL,NULL,NULL,NULL,'4','Both','-1853032722',NULL,NULL,NULL,NULL,NULL,NULL,NULL,NULL,NULL,NULL,NULL,NULL,0,NULL,NULL,NULL,NULL,'Intel  ',NULL,NULL,NULL),(190,'Individual',NULL,0,0,0,0,0,NULL,NULL,'Zope, Raymond','Mr Raymond J Zope Jr',NULL,NULL,NULL,NULL,'5','Both','-1971417858',NULL,NULL,'Raymond','J','Zope',3,1,3,NULL,NULL,1,'1987-06-11',1,NULL,NULL,NULL,NULL,NULL,NULL,NULL,NULL),(191,'Individual',NULL,1,1,0,1,0,NULL,NULL,'Zope, Richard','Ms Richard H Zope Sr',NULL,NULL,NULL,NULL,'5','Both','-1756757547',NULL,NULL,'Richard','H','Zope',2,2,2,NULL,NULL,2,'1989-12-20',0,NULL,NULL,NULL,NULL,NULL,NULL,NULL,NULL),(192,'Individual',NULL,1,0,0,0,0,NULL,NULL,'Parker, Alice','Mr Alice W Parker Jr',NULL,NULL,NULL,NULL,'5','Both','-316856921',NULL,NULL,'Alice','W','Parker',3,1,3,NULL,NULL,2,'1974-05-21',0,NULL,NULL,NULL,NULL,NULL,NULL,NULL,NULL),(193,'Individual',NULL,1,1,0,0,0,NULL,NULL,'Zope, Jane','Dr Jane F Zope Sr',NULL,NULL,NULL,NULL,'4','Both','1896735401',NULL,NULL,'Jane','F','Zope',4,2,2,NULL,NULL,2,'1986-09-04',1,NULL,NULL,NULL,NULL,NULL,NULL,NULL,NULL),(194,'Individual',NULL,0,0,0,1,0,NULL,NULL,'Zope, Sheila','Dr Sheila P Zope Sr',NULL,NULL,NULL,NULL,'5','Both','1949818148',NULL,NULL,'Sheila','P','Zope',4,2,3,NULL,NULL,2,'1986-05-25',1,NULL,NULL,NULL,NULL,NULL,NULL,NULL,NULL),(195,'Individual',NULL,0,0,0,1,0,NULL,NULL,'Jones, Dan','Ms Dan Q Jones Jr',NULL,NULL,NULL,NULL,'2','Both','2112700752',NULL,NULL,'Dan','Q','Jones',2,1,3,NULL,NULL,1,'1981-08-19',1,NULL,NULL,NULL,NULL,NULL,NULL,NULL,NULL),(196,'Individual',NULL,1,0,0,1,0,NULL,NULL,'Samuels, Melinda','Dr Melinda D Samuels Jr',NULL,NULL,NULL,NULL,'5','Both','512039522',NULL,NULL,'Melinda','D','Samuels',4,1,3,NULL,NULL,2,'2005-01-14',0,NULL,NULL,NULL,NULL,NULL,NULL,NULL,NULL),(197,'Organization',NULL,1,1,0,1,0,NULL,NULL,'Intel  ','Intel  ',NULL,NULL,NULL,NULL,'1','Both','-1853032722',NULL,NULL,NULL,NULL,NULL,NULL,NULL,NULL,NULL,NULL,NULL,NULL,0,NULL,NULL,NULL,NULL,'Intel  ',NULL,NULL,NULL),(198,'Household',NULL,1,0,0,0,0,NULL,NULL,'Andrew Grant\'s home','Andrew Grant\'s home','Grant\'s home',NULL,NULL,NULL,'3','Both','-576803953',NULL,NULL,NULL,NULL,NULL,NULL,NULL,NULL,NULL,NULL,NULL,NULL,0,NULL,NULL,'Andrew Grant\'s home',371,NULL,NULL,NULL,NULL),(199,'Individual',NULL,0,0,0,0,0,NULL,NULL,'Patel, Bill','Mrs Bill O Patel Jr',NULL,NULL,NULL,NULL,'1','Both','515283609',NULL,NULL,'Bill','O','Patel',1,1,2,NULL,NULL,1,'1990-03-30',0,NULL,NULL,NULL,NULL,NULL,NULL,NULL,NULL),(200,'Household',NULL,1,1,0,1,0,NULL,NULL,'Melinda Zope\'s home','Melinda Zope\'s home','Zope\'s home',NULL,NULL,NULL,'3','Both','-1809901908',NULL,NULL,NULL,NULL,NULL,NULL,NULL,NULL,NULL,NULL,NULL,NULL,0,NULL,NULL,'Melinda Zope\'s home',467,NULL,NULL,NULL,NULL),(201,'Individual',NULL,0,1,0,0,0,NULL,NULL,'Smith, Michelle','Ms Michelle C Smith Jr',NULL,NULL,NULL,NULL,'4','Both','-762571496',NULL,NULL,'Michelle','C','Smith',2,1,3,NULL,NULL,2,'1988-09-14',0,NULL,NULL,NULL,NULL,NULL,NULL,NULL,NULL),(202,'Household',NULL,1,0,0,0,0,NULL,NULL,'Purvi Yadav\'s home','Purvi Yadav\'s home','Yadav\'s home',NULL,NULL,NULL,'2','Both','1374053976',NULL,NULL,NULL,NULL,NULL,NULL,NULL,NULL,NULL,NULL,NULL,NULL,0,NULL,NULL,'Purvi Yadav\'s home',419,NULL,NULL,NULL,NULL),(203,'Organization',NULL,0,0,0,1,0,NULL,NULL,'Inner City  ','Inner City  ',NULL,NULL,NULL,NULL,'5','Both','550937833',NULL,NULL,NULL,NULL,NULL,NULL,NULL,NULL,NULL,NULL,NULL,NULL,0,NULL,NULL,NULL,NULL,'Inner City  ',NULL,NULL,NULL),(204,'Individual',NULL,0,0,0,1,0,NULL,NULL,'Grant, Raymond','Mr Raymond W Grant Jr',NULL,NULL,NULL,NULL,'4','Both','1147510807',NULL,NULL,'Raymond','W','Grant',3,1,2,NULL,NULL,1,'1987-07-28',1,NULL,NULL,NULL,NULL,NULL,NULL,NULL,NULL),(205,'Organization',NULL,1,0,0,1,0,NULL,NULL,'Project Open Hand  ','Project Open Hand  ',NULL,NULL,NULL,NULL,'2','Both','22493331',NULL,NULL,NULL,NULL,NULL,NULL,NULL,NULL,NULL,NULL,NULL,NULL,0,NULL,NULL,NULL,NULL,'Project Open Hand  ',NULL,NULL,NULL),(206,'Individual',NULL,0,0,0,0,0,NULL,NULL,'Zope, Monica','Mrs Monica U Zope Sr',NULL,NULL,NULL,NULL,'4','Both','-1353516783',NULL,NULL,'Monica','U','Zope',1,2,2,NULL,NULL,1,'2002-07-23',0,NULL,NULL,NULL,NULL,NULL,NULL,NULL,NULL),(207,'Individual',NULL,1,0,0,1,0,NULL,NULL,'Jones, Bruce','Dr Bruce Q Jones Jr',NULL,NULL,NULL,NULL,'3','Both','1412345779',NULL,NULL,'Bruce','Q','Jones',4,1,2,NULL,NULL,1,'1988-06-05',1,NULL,NULL,NULL,NULL,NULL,NULL,NULL,NULL),(208,'Individual',NULL,1,0,0,0,0,NULL,NULL,'Samuels, Pat','Mrs Pat H Samuels Jr',NULL,NULL,NULL,NULL,'5','Both','-2049092264',NULL,NULL,'Pat','H','Samuels',1,1,3,NULL,NULL,1,'1983-04-27',0,NULL,NULL,NULL,NULL,NULL,NULL,NULL,NULL),(209,'Organization',NULL,0,0,0,1,0,NULL,NULL,'Red Cross  ','Red Cross  ',NULL,NULL,NULL,NULL,'5','Both','769545824',NULL,NULL,NULL,NULL,NULL,NULL,NULL,NULL,NULL,NULL,NULL,NULL,0,NULL,NULL,NULL,NULL,'Red Cross  ',NULL,NULL,NULL),(210,'Household',NULL,0,0,0,0,0,NULL,NULL,'Purvi Yadav\'s home','Purvi Yadav\'s home','Yadav\'s home',NULL,NULL,NULL,'4','Both','1374053976',NULL,NULL,NULL,NULL,NULL,NULL,NULL,NULL,NULL,NULL,NULL,NULL,0,NULL,NULL,'Purvi Yadav\'s home',220,NULL,NULL,NULL,NULL),(211,'Individual',NULL,0,1,0,0,0,NULL,NULL,'Jones, Purvi','Ms Purvi R Jones Jr',NULL,NULL,NULL,NULL,'3','Both','-392827054',NULL,NULL,'Purvi','R','Jones',2,1,3,NULL,NULL,1,'2004-01-09',1,NULL,NULL,NULL,NULL,NULL,NULL,NULL,NULL),(212,'Individual',NULL,1,0,0,0,0,NULL,NULL,'Patel, Sandy','Mrs Sandy U Patel Sr',NULL,NULL,NULL,NULL,'1','Both','562000852',NULL,NULL,'Sandy','U','Patel',1,2,2,NULL,NULL,1,'1976-03-15',1,NULL,NULL,NULL,NULL,NULL,NULL,NULL,NULL),(213,'Individual',NULL,1,1,0,0,0,NULL,NULL,'Parker, Justin','Ms Justin G Parker Sr',NULL,NULL,NULL,NULL,'4','Both','-1122451314',NULL,NULL,'Justin','G','Parker',2,2,2,NULL,NULL,2,'1980-06-08',1,NULL,NULL,NULL,NULL,NULL,NULL,NULL,NULL),(214,'Individual',NULL,1,1,0,1,0,NULL,NULL,'chowski, Amar','Ms Amar J chowski Jr',NULL,NULL,NULL,NULL,'5','Both','561282372',NULL,NULL,'Amar','J','chowski',2,1,1,NULL,NULL,1,'2002-11-21',0,NULL,NULL,NULL,NULL,NULL,NULL,NULL,NULL),(215,'Individual',NULL,1,0,0,0,0,NULL,NULL,'Roberts, Henry','Mrs Henry F Roberts Jr',NULL,NULL,NULL,NULL,'3','Both','-1144482081',NULL,NULL,'Henry','F','Roberts',1,1,1,NULL,NULL,1,'1998-05-24',0,NULL,NULL,NULL,NULL,NULL,NULL,NULL,NULL),(216,'Individual',NULL,1,0,0,1,0,NULL,NULL,'Samuels, Michelle','Dr Michelle N Samuels Jr',NULL,NULL,NULL,NULL,'2','Both','726836945',NULL,NULL,'Michelle','N','Samuels',4,1,1,NULL,NULL,1,'1982-01-16',0,NULL,NULL,NULL,NULL,NULL,NULL,NULL,NULL),(217,'Individual',NULL,0,0,0,1,0,NULL,NULL,'Grant, Jane','Ms Jane P Grant Sr',NULL,NULL,NULL,NULL,'2','Both','983767946',NULL,NULL,'Jane','P','Grant',2,2,2,NULL,NULL,1,'2008-03-25',0,NULL,NULL,NULL,NULL,NULL,NULL,NULL,NULL),(218,'Individual',NULL,1,0,0,1,0,NULL,NULL,'Jones, Milan','Dr Milan S Jones Sr',NULL,NULL,NULL,NULL,'4','Both','-411710711',NULL,NULL,'Milan','S','Jones',4,2,3,NULL,NULL,1,'1992-10-19',1,NULL,NULL,NULL,NULL,NULL,NULL,NULL,NULL),(219,'Individual',NULL,1,1,0,0,0,NULL,NULL,'Roberts, Sandy','Ms Sandy F Roberts Jr',NULL,NULL,NULL,NULL,'2','Both','1057100492',NULL,NULL,'Sandy','F','Roberts',2,1,3,NULL,NULL,2,'1975-08-01',0,NULL,NULL,NULL,NULL,NULL,NULL,NULL,NULL),(220,'Individual',NULL,1,1,0,0,0,NULL,NULL,'Yadav, Purvi','Ms Purvi P Yadav Jr',NULL,NULL,NULL,NULL,'3','Both','-1018481415',NULL,NULL,'Purvi','P','Yadav',2,1,3,NULL,NULL,2,'1988-02-23',0,NULL,NULL,NULL,NULL,NULL,NULL,NULL,NULL),(221,'Individual',NULL,0,0,0,1,0,NULL,NULL,'Jameson, Sheila','Mrs Sheila E Jameson Sr',NULL,NULL,NULL,NULL,'4','Both','-1150717575',NULL,NULL,'Sheila','E','Jameson',1,2,1,NULL,NULL,2,'1988-08-21',1,NULL,NULL,NULL,NULL,NULL,NULL,NULL,NULL),(222,'Individual',NULL,0,1,0,1,0,NULL,NULL,'Reynolds, Brzczysaw','Mr Brzczysaw Q Reynolds Sr',NULL,NULL,NULL,NULL,'4','Both','-1741641048',NULL,NULL,'Brzczysaw','Q','Reynolds',3,2,2,NULL,NULL,2,'1970-12-27',1,NULL,NULL,NULL,NULL,NULL,NULL,NULL,NULL),(223,'Household',NULL,1,1,0,0,0,NULL,NULL,'Sandy chowski\'s home','Sandy chowski\'s home','chowski\'s home',NULL,NULL,NULL,'1','Both','-226910423',NULL,NULL,NULL,NULL,NULL,NULL,NULL,NULL,NULL,NULL,NULL,NULL,0,NULL,NULL,'Sandy chowski\'s home',161,NULL,NULL,NULL,NULL),(224,'Household',NULL,1,1,0,0,0,NULL,NULL,'Jason Grant\'s home','Jason Grant\'s home','Grant\'s home',NULL,NULL,NULL,'5','Both','1503948236',NULL,NULL,NULL,NULL,NULL,NULL,NULL,NULL,NULL,NULL,NULL,NULL,0,NULL,NULL,'Jason Grant\'s home',122,NULL,NULL,NULL,NULL),(225,'Individual',NULL,0,0,0,0,0,NULL,NULL,'Smith, Justin','Ms Justin G Smith Jr',NULL,NULL,NULL,NULL,'5','Both','-191134393',NULL,NULL,'Justin','G','Smith',2,1,1,NULL,NULL,1,'1996-12-24',1,NULL,NULL,NULL,NULL,NULL,NULL,NULL,NULL),(226,'Individual',NULL,1,0,0,0,0,NULL,NULL,'Roberts, Richard','Dr Richard S Roberts Jr',NULL,NULL,NULL,NULL,'3','Both','1756265178',NULL,NULL,'Richard','S','Roberts',4,1,1,NULL,NULL,1,'1982-06-11',1,NULL,NULL,NULL,NULL,NULL,NULL,NULL,NULL),(227,'Individual',NULL,1,0,0,1,0,NULL,NULL,'Reynolds, Jane','Mrs Jane A Reynolds Sr',NULL,NULL,NULL,NULL,'5','Both','1718382754',NULL,NULL,'Jane','A','Reynolds',1,2,2,NULL,NULL,1,'1979-01-27',1,NULL,NULL,NULL,NULL,NULL,NULL,NULL,NULL),(228,'Individual',NULL,1,0,0,0,0,NULL,NULL,'Patel, Charles','Ms Charles Q Patel Jr',NULL,NULL,NULL,NULL,'3','Both','286891894',NULL,NULL,'Charles','Q','Patel',2,1,2,NULL,NULL,2,'2005-09-22',0,NULL,NULL,NULL,NULL,NULL,NULL,NULL,NULL),(229,'Individual',NULL,0,0,0,0,0,NULL,NULL,'Adams, Melinda','Mrs Melinda W Adams Sr',NULL,NULL,NULL,NULL,'4','Both','1968814200',NULL,NULL,'Melinda','W','Adams',1,2,1,NULL,NULL,2,'1993-04-14',0,NULL,NULL,NULL,NULL,NULL,NULL,NULL,NULL),(230,'Individual',NULL,1,0,0,1,0,NULL,NULL,'Patel, Michelle','Dr Michelle W Patel Sr',NULL,NULL,NULL,NULL,'4','Both','1028389625',NULL,NULL,'Michelle','W','Patel',4,2,2,NULL,NULL,1,'1999-04-30',0,NULL,NULL,NULL,NULL,NULL,NULL,NULL,NULL),(231,'Individual',NULL,0,0,0,0,0,NULL,NULL,'Jones, Alice','Dr Alice Z Jones Jr',NULL,NULL,NULL,NULL,'4','Both','-1233866789',NULL,NULL,'Alice','Z','Jones',4,1,1,NULL,NULL,2,'1984-10-10',1,NULL,NULL,NULL,NULL,NULL,NULL,NULL,NULL),(232,'Individual',NULL,1,0,0,1,0,NULL,NULL,'Yadav, Jane','Mrs Jane B Yadav Jr',NULL,NULL,NULL,NULL,'1','Both','244484198',NULL,NULL,'Jane','B','Yadav',1,1,2,NULL,NULL,1,'2002-07-09',0,NULL,NULL,NULL,NULL,NULL,NULL,NULL,NULL),(233,'Household',NULL,1,0,0,0,0,NULL,NULL,'Tony Grant\'s home','Tony Grant\'s home','Grant\'s home',NULL,NULL,NULL,'5','Both','1770324426',NULL,NULL,NULL,NULL,NULL,NULL,NULL,NULL,NULL,NULL,NULL,NULL,0,NULL,NULL,'Tony Grant\'s home',378,NULL,NULL,NULL,NULL),(234,'Individual',NULL,0,0,0,1,0,NULL,NULL,'Jones, Chris','Mrs Chris N Jones Sr',NULL,NULL,NULL,NULL,'2','Both','1570667174',NULL,NULL,'Chris','N','Jones',1,2,2,NULL,NULL,2,'1977-06-20',0,NULL,NULL,NULL,NULL,NULL,NULL,NULL,NULL),(235,'Individual',NULL,1,0,0,0,0,NULL,NULL,'chowski, Milan','Mrs Milan I chowski Sr',NULL,NULL,NULL,NULL,'4','Both','708704945',NULL,NULL,'Milan','I','chowski',1,2,1,NULL,NULL,2,'2002-09-25',1,NULL,NULL,NULL,NULL,NULL,NULL,NULL,NULL),(236,'Individual',NULL,0,0,0,1,0,NULL,NULL,'chowski, Michael','Mrs Michael F chowski Sr',NULL,NULL,NULL,NULL,'1','Both','1239781838',NULL,NULL,'Michael','F','chowski',1,2,3,NULL,NULL,1,'2007-08-26',1,NULL,NULL,NULL,NULL,NULL,NULL,NULL,NULL),(237,'Individual',NULL,1,0,0,0,0,NULL,NULL,'chowski, John','Ms John L chowski Jr',NULL,NULL,NULL,NULL,'2','Both','808634669',NULL,NULL,'John','L','chowski',2,1,3,NULL,NULL,1,'1988-02-14',0,NULL,NULL,NULL,NULL,NULL,NULL,NULL,NULL),(238,'Individual',NULL,0,1,0,0,0,NULL,NULL,'Jones, Monica','Mrs Monica F Jones Sr',NULL,NULL,NULL,NULL,'5','Both','259547634',NULL,NULL,'Monica','F','Jones',1,2,3,NULL,NULL,1,'1978-06-25',1,NULL,NULL,NULL,NULL,NULL,NULL,NULL,NULL),(239,'Individual',NULL,0,0,0,0,0,NULL,NULL,'Jones, Pat','Mr Pat L Jones Sr',NULL,NULL,NULL,NULL,'5','Both','-1683967098',NULL,NULL,'Pat','L','Jones',3,2,3,NULL,NULL,2,'1991-04-28',1,NULL,NULL,NULL,NULL,NULL,NULL,NULL,NULL),(240,'Individual',NULL,0,0,0,0,0,NULL,NULL,'Roberts, Paula','Mr Paula F Roberts Sr',NULL,NULL,NULL,NULL,'3','Both','-1285277997',NULL,NULL,'Paula','F','Roberts',3,2,2,NULL,NULL,1,'2003-07-20',0,NULL,NULL,NULL,NULL,NULL,NULL,NULL,NULL),(241,'Individual',NULL,0,1,0,1,0,NULL,NULL,'Zope, Sheila','Mr Sheila A Zope Jr',NULL,NULL,NULL,NULL,'5','Both','1949818148',NULL,NULL,'Sheila','A','Zope',3,1,1,NULL,NULL,2,'1995-06-03',1,NULL,NULL,NULL,NULL,NULL,NULL,NULL,NULL),(242,'Household',NULL,0,1,0,0,0,NULL,NULL,'Paula Grant\'s home','Paula Grant\'s home','Grant\'s home',NULL,NULL,NULL,'4','Both','1912226608',NULL,NULL,NULL,NULL,NULL,NULL,NULL,NULL,NULL,NULL,NULL,NULL,0,NULL,NULL,'Paula Grant\'s home',65,NULL,NULL,NULL,NULL),(243,'Individual',NULL,1,0,0,1,0,NULL,NULL,'Adams, Jake','Mr Jake I Adams Sr',NULL,NULL,NULL,NULL,'1','Both','-822481586',NULL,NULL,'Jake','I','Adams',3,2,1,NULL,NULL,1,'1983-05-23',0,NULL,NULL,NULL,NULL,NULL,NULL,NULL,NULL),(244,'Individual',NULL,0,0,0,1,0,NULL,NULL,'Roberts, Milan','Ms Milan H Roberts Jr',NULL,NULL,NULL,NULL,'3','Both','-666454484',NULL,NULL,'Milan','H','Roberts',2,1,3,NULL,NULL,2,'1977-11-08',1,NULL,NULL,NULL,NULL,NULL,NULL,NULL,NULL),(245,'Organization',NULL,1,1,0,1,0,NULL,NULL,'Inner City  ','Inner City  ',NULL,NULL,NULL,NULL,'2','Both','550937833',NULL,NULL,NULL,NULL,NULL,NULL,NULL,NULL,NULL,NULL,NULL,NULL,0,NULL,NULL,NULL,NULL,'Inner City  ',NULL,NULL,NULL),(246,'Household',NULL,0,0,0,0,0,NULL,NULL,'Sheila Roberts\'s home','Sheila Roberts\'s home','Roberts\'s home',NULL,NULL,NULL,'3','Both','-440338118',NULL,NULL,NULL,NULL,NULL,NULL,NULL,NULL,NULL,NULL,NULL,NULL,0,NULL,NULL,'Sheila Roberts\'s home',40,NULL,NULL,NULL,NULL),(247,'Individual',NULL,0,0,0,0,0,NULL,NULL,'Reynolds, Tony','Mr Tony F Reynolds Sr',NULL,NULL,NULL,NULL,'3','Both','-936042165',NULL,NULL,'Tony','F','Reynolds',3,2,3,NULL,NULL,1,'1984-02-12',0,NULL,NULL,NULL,NULL,NULL,NULL,NULL,NULL),(248,'Individual',NULL,1,1,0,1,0,NULL,NULL,'Jameson, Raymond','Mrs Raymond P Jameson Sr',NULL,NULL,NULL,NULL,'1','Both','-1620312293',NULL,NULL,'Raymond','P','Jameson',1,2,2,NULL,NULL,2,'1979-06-14',1,NULL,NULL,NULL,NULL,NULL,NULL,NULL,NULL),(249,'Organization',NULL,1,0,0,0,0,NULL,NULL,'Inner City  ','Inner City  ',NULL,NULL,NULL,NULL,'2','Both','550937833',NULL,NULL,NULL,NULL,NULL,NULL,NULL,NULL,NULL,NULL,NULL,NULL,0,NULL,NULL,NULL,NULL,'Inner City  ',NULL,NULL,NULL),(250,'Organization',NULL,1,0,0,0,0,NULL,NULL,'Cisco Systems  ','Cisco Systems  ',NULL,NULL,NULL,NULL,'2','Both','795728639',NULL,NULL,NULL,NULL,NULL,NULL,NULL,NULL,NULL,NULL,NULL,NULL,0,NULL,NULL,NULL,NULL,'Cisco Systems  ',NULL,NULL,NULL),(251,'Individual',NULL,0,0,0,1,0,NULL,NULL,'Patel, Raymond','Mrs Raymond C Patel Sr',NULL,NULL,NULL,NULL,'3','Both','-852221925',NULL,NULL,'Raymond','C','Patel',1,2,2,NULL,NULL,1,'2001-05-14',0,NULL,NULL,NULL,NULL,NULL,NULL,NULL,NULL),(252,'Individual',NULL,0,1,0,0,0,NULL,NULL,'Grant, Michelle','Mr Michelle X Grant Jr',NULL,NULL,NULL,NULL,'2','Both','880076626',NULL,NULL,'Michelle','X','Grant',3,1,1,NULL,NULL,1,'1984-07-30',1,NULL,NULL,NULL,NULL,NULL,NULL,NULL,NULL),(253,'Household',NULL,0,1,0,0,0,NULL,NULL,'Bernard Yadav\'s home','Bernard Yadav\'s home','Yadav\'s home',NULL,NULL,NULL,'3','Both','-1690815996',NULL,NULL,NULL,NULL,NULL,NULL,NULL,NULL,NULL,NULL,NULL,NULL,0,NULL,NULL,'Bernard Yadav\'s home',172,NULL,NULL,NULL,NULL),(254,'Individual',NULL,1,1,0,1,0,NULL,NULL,'Smith, Walter','Mr Walter M Smith Jr',NULL,NULL,NULL,NULL,'3','Both','1853747658',NULL,NULL,'Walter','M','Smith',3,1,2,NULL,NULL,1,'2003-07-06',1,NULL,NULL,NULL,NULL,NULL,NULL,NULL,NULL),(255,'Individual',NULL,1,0,0,0,0,NULL,NULL,'Roberts, Walter','Ms Walter M Roberts Sr',NULL,NULL,NULL,NULL,'5','Both','892143524',NULL,NULL,'Walter','M','Roberts',2,2,2,NULL,NULL,2,'2005-02-28',1,NULL,NULL,NULL,NULL,NULL,NULL,NULL,NULL),(256,'Individual',NULL,0,1,0,1,0,NULL,NULL,'Patel, Bernard','Mrs Bernard Z Patel Jr',NULL,NULL,NULL,NULL,'1','Both','-1191767957',NULL,NULL,'Bernard','Z','Patel',1,1,3,NULL,NULL,2,'1996-10-23',0,NULL,NULL,NULL,NULL,NULL,NULL,NULL,NULL),(257,'Organization',NULL,0,0,0,1,0,NULL,NULL,'Social Source Foundation  ','Social Source Foundation  ',NULL,NULL,NULL,NULL,'5','Both','2066676426',NULL,NULL,NULL,NULL,NULL,NULL,NULL,NULL,NULL,NULL,NULL,NULL,0,NULL,NULL,NULL,NULL,'Social Source Foundation  ',NULL,NULL,NULL),(258,'Individual',NULL,0,1,0,0,0,NULL,NULL,'Smith, Anne','Mrs Anne Q Smith Sr',NULL,NULL,NULL,NULL,'1','Both','-659959845',NULL,NULL,'Anne','Q','Smith',1,2,2,NULL,NULL,2,'1986-05-03',1,NULL,NULL,NULL,NULL,NULL,NULL,NULL,NULL),(259,'Organization',NULL,1,0,0,1,0,NULL,NULL,'Working Assets  ','Working Assets  ',NULL,NULL,NULL,NULL,'1','Both','-740887779',NULL,NULL,NULL,NULL,NULL,NULL,NULL,NULL,NULL,NULL,NULL,NULL,0,NULL,NULL,NULL,NULL,'Working Assets  ',NULL,NULL,NULL),(260,'Organization',NULL,1,0,0,1,0,NULL,NULL,'Inner City  ','Inner City  ',NULL,NULL,NULL,NULL,'2','Both','550937833',NULL,NULL,NULL,NULL,NULL,NULL,NULL,NULL,NULL,NULL,NULL,NULL,0,NULL,NULL,NULL,NULL,'Inner City  ',NULL,NULL,NULL),(261,'Individual',NULL,0,0,0,1,0,NULL,NULL,'Parker, Paula','Mrs Paula F Parker Jr',NULL,NULL,NULL,NULL,'3','Both','-683753078',NULL,NULL,'Paula','F','Parker',1,1,3,NULL,NULL,2,'1996-08-22',0,NULL,NULL,NULL,NULL,NULL,NULL,NULL,NULL),(262,'Organization',NULL,1,0,0,1,0,NULL,NULL,'Magic Bus  ','Magic Bus  ',NULL,NULL,NULL,NULL,'2','Both','-2069559523',NULL,NULL,NULL,NULL,NULL,NULL,NULL,NULL,NULL,NULL,NULL,NULL,0,NULL,NULL,NULL,NULL,'Magic Bus  ',NULL,NULL,NULL),(263,'Individual',NULL,0,1,0,0,0,NULL,NULL,'Zope, James','Ms James Z Zope Jr',NULL,NULL,NULL,NULL,'2','Both','-1238145028',NULL,NULL,'James','Z','Zope',2,1,2,NULL,NULL,1,'2000-06-28',0,NULL,NULL,NULL,NULL,NULL,NULL,NULL,NULL),(264,'Individual',NULL,0,1,0,0,0,NULL,NULL,'Smith, Sam','Mr Sam F Smith Sr',NULL,NULL,NULL,NULL,'4','Both','-1430434944',NULL,NULL,'Sam','F','Smith',3,2,3,NULL,NULL,2,'1996-09-16',1,NULL,NULL,NULL,NULL,NULL,NULL,NULL,NULL),(265,'Individual',NULL,0,1,0,0,0,NULL,NULL,'Yadav, Amar','Mrs Amar Z Yadav Sr',NULL,NULL,NULL,NULL,'2','Both','-725455093',NULL,NULL,'Amar','Z','Yadav',1,2,3,NULL,NULL,2,'1992-01-05',0,NULL,NULL,NULL,NULL,NULL,NULL,NULL,NULL),(266,'Individual',NULL,1,0,0,0,0,NULL,NULL,'Yadav, Tony','Ms Tony M Yadav Jr',NULL,NULL,NULL,NULL,'1','Both','-1597253233',NULL,NULL,'Tony','M','Yadav',2,1,2,NULL,NULL,1,'1992-02-21',1,NULL,NULL,NULL,NULL,NULL,NULL,NULL,NULL),(267,'Individual',NULL,0,0,0,0,0,NULL,NULL,'Reynolds, Milan','Ms Milan A Reynolds Jr',NULL,NULL,NULL,NULL,'4','Both','1355475187',NULL,NULL,'Milan','A','Reynolds',2,1,1,NULL,NULL,2,'1976-04-03',1,NULL,NULL,NULL,NULL,NULL,NULL,NULL,NULL),(268,'Individual',NULL,0,0,0,1,0,NULL,NULL,'Patel, Raymond','Mr Raymond B Patel Sr',NULL,NULL,NULL,NULL,'4','Both','-852221925',NULL,NULL,'Raymond','B','Patel',3,2,2,NULL,NULL,1,'2007-01-04',1,NULL,NULL,NULL,NULL,NULL,NULL,NULL,NULL),(269,'Organization',NULL,0,0,0,1,0,NULL,NULL,'Social Source Foundation  ','Social Source Foundation  ',NULL,NULL,NULL,NULL,'5','Both','2066676426',NULL,NULL,NULL,NULL,NULL,NULL,NULL,NULL,NULL,NULL,NULL,NULL,0,NULL,NULL,NULL,NULL,'Social Source Foundation  ',NULL,NULL,NULL),(270,'Individual',NULL,1,0,0,0,0,NULL,NULL,'Parker, Bill','Dr Bill U Parker Jr',NULL,NULL,NULL,NULL,'4','Both','1400533778',NULL,NULL,'Bill','U','Parker',4,1,2,NULL,NULL,1,'1997-11-07',1,NULL,NULL,NULL,NULL,NULL,NULL,NULL,NULL),(271,'Household',NULL,0,1,0,1,0,NULL,NULL,'Jason Reynolds\'s home','Jason Reynolds\'s home','Reynolds\'s home',NULL,NULL,NULL,'3','Both','1046080923',NULL,NULL,NULL,NULL,NULL,NULL,NULL,NULL,NULL,NULL,NULL,NULL,0,NULL,NULL,'Jason Reynolds\'s home',483,NULL,NULL,NULL,NULL),(272,'Individual',NULL,1,1,0,0,0,NULL,NULL,'Parker, Monica','Dr Monica K Parker Jr',NULL,NULL,NULL,NULL,'5','Both','1452291439',NULL,NULL,'Monica','K','Parker',4,1,3,NULL,NULL,1,'1982-07-11',0,NULL,NULL,NULL,NULL,NULL,NULL,NULL,NULL),(273,'Individual',NULL,0,0,0,0,0,NULL,NULL,'Smith, Sandy','Dr Sandy G Smith Jr',NULL,NULL,NULL,NULL,'4','Both','-1319476877',NULL,NULL,'Sandy','G','Smith',4,1,3,NULL,NULL,1,'1999-09-16',0,NULL,NULL,NULL,NULL,NULL,NULL,NULL,NULL),(274,'Individual',NULL,1,0,0,1,0,NULL,NULL,'Grant, Jane','Ms Jane V Grant Jr',NULL,NULL,NULL,NULL,'3','Both','983767946',NULL,NULL,'Jane','V','Grant',2,1,2,NULL,NULL,1,'1988-09-29',1,NULL,NULL,NULL,NULL,NULL,NULL,NULL,NULL),(275,'Individual',NULL,0,1,0,0,0,NULL,NULL,'Patel, Jason','Mr Jason G Patel Sr',NULL,NULL,NULL,NULL,'2','Both','945220104',NULL,NULL,'Jason','G','Patel',3,2,2,NULL,NULL,2,'1981-04-15',1,NULL,NULL,NULL,NULL,NULL,NULL,NULL,NULL),(276,'Individual',NULL,0,0,0,1,0,NULL,NULL,'Smith, Sheila','Mr Sheila X Smith Sr',NULL,NULL,NULL,NULL,'2','Both','-998878061',NULL,NULL,'Sheila','X','Smith',3,2,3,NULL,NULL,2,'1983-12-02',1,NULL,NULL,NULL,NULL,NULL,NULL,NULL,NULL),(277,'Organization',NULL,0,1,0,1,0,NULL,NULL,'Magic Bus  ','Magic Bus  ',NULL,NULL,NULL,NULL,'3','Both','-2069559523',NULL,NULL,NULL,NULL,NULL,NULL,NULL,NULL,NULL,NULL,NULL,NULL,0,NULL,NULL,NULL,NULL,'Magic Bus  ',NULL,NULL,NULL),(278,'Household',NULL,0,1,0,0,0,NULL,NULL,'Milan Roberts\'s home','Milan Roberts\'s home','Roberts\'s home',NULL,NULL,NULL,'4','Both','-971288706',NULL,NULL,NULL,NULL,NULL,NULL,NULL,NULL,NULL,NULL,NULL,NULL,0,NULL,NULL,'Milan Roberts\'s home',244,NULL,NULL,NULL,NULL),(279,'Individual',NULL,1,1,0,1,0,NULL,NULL,'Grant, Sam','Mrs Sam L Grant Sr',NULL,NULL,NULL,NULL,'4','Both','-1814102681',NULL,NULL,'Sam','L','Grant',1,2,2,NULL,NULL,2,'1983-09-04',0,NULL,NULL,NULL,NULL,NULL,NULL,NULL,NULL),(280,'Individual',NULL,0,1,0,0,0,NULL,NULL,'Reynolds, Amar','Mrs Amar T Reynolds Jr',NULL,NULL,NULL,NULL,'3','Both','-1136879665',NULL,NULL,'Amar','T','Reynolds',1,1,1,NULL,NULL,2,'1993-12-21',0,NULL,NULL,NULL,NULL,NULL,NULL,NULL,NULL),(281,'Organization',NULL,1,1,0,0,0,NULL,NULL,'Eastmont Computing Center  ','Eastmont Computing Center  ',NULL,NULL,NULL,NULL,'4','Both','-765911069',NULL,NULL,NULL,NULL,NULL,NULL,NULL,NULL,NULL,NULL,NULL,NULL,0,NULL,NULL,NULL,NULL,'Eastmont Computing Center  ',NULL,NULL,NULL),(282,'Individual',NULL,0,0,0,1,0,NULL,NULL,'Grant, Purvi','Mr Purvi F Grant Jr',NULL,NULL,NULL,NULL,'3','Both','1791208249',NULL,NULL,'Purvi','F','Grant',3,1,1,NULL,NULL,1,'2005-06-25',0,NULL,NULL,NULL,NULL,NULL,NULL,NULL,NULL),(283,'Household',NULL,1,1,0,0,0,NULL,NULL,'Rebecca Smith\'s home','Rebecca Smith\'s home','Smith\'s home',NULL,NULL,NULL,'5','Both','-2064118853',NULL,NULL,NULL,NULL,NULL,NULL,NULL,NULL,NULL,NULL,NULL,NULL,0,NULL,NULL,'Rebecca Smith\'s home',366,NULL,NULL,NULL,NULL),(284,'Individual',NULL,0,0,0,0,0,NULL,NULL,'Samuels, Dan','Mrs Dan A Samuels Sr',NULL,NULL,NULL,NULL,'2','Both','1670424462',NULL,NULL,'Dan','A','Samuels',1,2,1,NULL,NULL,2,'1987-06-22',1,NULL,NULL,NULL,NULL,NULL,NULL,NULL,NULL),(285,'Individual',NULL,1,1,0,0,0,NULL,NULL,'Parker, Sandy','Dr Sandy G Parker Jr',NULL,NULL,NULL,NULL,'3','Both','1532552597',NULL,NULL,'Sandy','G','Parker',4,1,1,NULL,NULL,2,'1995-01-26',0,NULL,NULL,NULL,NULL,NULL,NULL,NULL,NULL),(286,'Individual',NULL,1,0,0,0,0,NULL,NULL,'Yadav, Paula','Mr Paula Y Yadav Jr',NULL,NULL,NULL,NULL,'3','Both','-1484156835',NULL,NULL,'Paula','Y','Yadav',3,1,3,NULL,NULL,1,'1983-04-04',0,NULL,NULL,NULL,NULL,NULL,NULL,NULL,NULL),(287,'Organization',NULL,0,1,0,1,0,NULL,NULL,'Eastmont Computing Center  ','Eastmont Computing Center  ',NULL,NULL,NULL,NULL,'5','Both','-765911069',NULL,NULL,NULL,NULL,NULL,NULL,NULL,NULL,NULL,NULL,NULL,NULL,0,NULL,NULL,NULL,NULL,'Eastmont Computing Center  ',NULL,NULL,NULL),(288,'Individual',NULL,0,0,0,0,0,NULL,NULL,'Jones, Sandy','Ms Sandy V Jones Sr',NULL,NULL,NULL,NULL,'4','Both','3239913',NULL,NULL,'Sandy','V','Jones',2,2,1,NULL,NULL,1,'1998-05-19',1,NULL,NULL,NULL,NULL,NULL,NULL,NULL,NULL),(289,'Individual',NULL,0,1,0,0,0,NULL,NULL,'chowski, Richard','Mrs Richard K chowski Sr',NULL,NULL,NULL,NULL,'1','Both','-752127667',NULL,NULL,'Richard','K','chowski',1,2,2,NULL,NULL,1,'1971-09-29',1,NULL,NULL,NULL,NULL,NULL,NULL,NULL,NULL),(290,'Individual',NULL,0,1,0,0,0,NULL,NULL,'Jameson, Franklin','Mrs Franklin V Jameson Jr',NULL,NULL,NULL,NULL,'4','Both','-849838319',NULL,NULL,'Franklin','V','Jameson',1,1,3,NULL,NULL,1,'1970-10-21',1,NULL,NULL,NULL,NULL,NULL,NULL,NULL,NULL),(291,'Individual',NULL,0,1,0,0,0,NULL,NULL,'Roberts, Bruce','Mr Bruce E Roberts Jr',NULL,NULL,NULL,NULL,'4','Both','1797116566',NULL,NULL,'Bruce','E','Roberts',3,1,2,NULL,NULL,2,'2001-03-12',1,NULL,NULL,NULL,NULL,NULL,NULL,NULL,NULL),(292,'Individual',NULL,1,1,0,0,0,NULL,NULL,'Samuels, Purvi','Ms Purvi Y Samuels Sr',NULL,NULL,NULL,NULL,'3','Both','-1102618893',NULL,NULL,'Purvi','Y','Samuels',2,2,1,NULL,NULL,2,'2006-04-26',0,NULL,NULL,NULL,NULL,NULL,NULL,NULL,NULL),(293,'Household',NULL,0,0,0,0,0,NULL,NULL,'Richard Roberts\'s home','Richard Roberts\'s home','Roberts\'s home',NULL,NULL,NULL,'4','Both','1647971294',NULL,NULL,NULL,NULL,NULL,NULL,NULL,NULL,NULL,NULL,NULL,NULL,0,NULL,NULL,'Richard Roberts\'s home',495,NULL,NULL,NULL,NULL),(294,'Individual',NULL,0,0,0,1,0,NULL,NULL,'Smith, Milan','Dr Milan Z Smith Jr',NULL,NULL,NULL,NULL,'1','Both','1444857235',NULL,NULL,'Milan','Z','Smith',4,1,2,NULL,NULL,1,'1977-12-30',1,NULL,NULL,NULL,NULL,NULL,NULL,NULL,NULL),(295,'Individual',NULL,0,1,0,0,0,NULL,NULL,'Samuels, Bernard','Ms Bernard X Samuels Jr',NULL,NULL,NULL,NULL,'4','Both','-849052236',NULL,NULL,'Bernard','X','Samuels',2,1,1,NULL,NULL,2,'1998-11-24',1,NULL,NULL,NULL,NULL,NULL,NULL,NULL,NULL),(296,'Individual',NULL,0,1,0,0,0,NULL,NULL,'chowski, Kenneth','Mr Kenneth P chowski Jr',NULL,NULL,NULL,NULL,'1','Both','-743329737',NULL,NULL,'Kenneth','P','chowski',3,1,3,NULL,NULL,1,'2005-12-06',0,NULL,NULL,NULL,NULL,NULL,NULL,NULL,NULL),(297,'Individual',NULL,0,0,0,1,0,NULL,NULL,'Jameson, Paula','Mr Paula U Jameson Sr',NULL,NULL,NULL,NULL,'3','Both','1209275424',NULL,NULL,'Paula','U','Jameson',3,2,3,NULL,NULL,2,'1990-04-05',0,NULL,NULL,NULL,NULL,NULL,NULL,NULL,NULL),(298,'Individual',NULL,1,1,0,1,0,NULL,NULL,'Parker, Paula','Dr Paula S Parker Sr',NULL,NULL,NULL,NULL,'3','Both','-683753078',NULL,NULL,'Paula','S','Parker',4,2,2,NULL,NULL,2,'1976-02-11',0,NULL,NULL,NULL,NULL,NULL,NULL,NULL,NULL),(299,'Individual',NULL,1,0,0,1,0,NULL,NULL,'Yadav, Jake','Mr Jake T Yadav Jr',NULL,NULL,NULL,NULL,'5','Both','1944419363',NULL,NULL,'Jake','T','Yadav',3,1,2,NULL,NULL,2,'1970-05-15',0,NULL,NULL,NULL,NULL,NULL,NULL,NULL,NULL),(300,'Individual',NULL,0,1,0,1,0,NULL,NULL,'Patel, Jason','Mr Jason L Patel Jr',NULL,NULL,NULL,NULL,'2','Both','945220104',NULL,NULL,'Jason','L','Patel',3,1,3,NULL,NULL,2,'1992-02-29',1,NULL,NULL,NULL,NULL,NULL,NULL,NULL,NULL),(301,'Individual',NULL,0,0,0,0,0,NULL,NULL,'Grant, Richard','Mrs Richard Q Grant Jr',NULL,NULL,NULL,NULL,'4','Both','1498492220',NULL,NULL,'Richard','Q','Grant',1,1,3,NULL,NULL,2,'1989-10-23',0,NULL,NULL,NULL,NULL,NULL,NULL,NULL,NULL),(302,'Household',NULL,1,0,0,1,0,NULL,NULL,'Paula Yadav\'s home','Paula Yadav\'s home','Yadav\'s home',NULL,NULL,NULL,'4','Both','-663560976',NULL,NULL,NULL,NULL,NULL,NULL,NULL,NULL,NULL,NULL,NULL,NULL,0,NULL,NULL,'Paula Yadav\'s home',346,NULL,NULL,NULL,NULL),(303,'Individual',NULL,1,0,0,0,0,NULL,NULL,'Roberts, Richard','Mr Richard F Roberts Sr',NULL,NULL,NULL,NULL,'2','Both','1756265178',NULL,NULL,'Richard','F','Roberts',3,2,2,NULL,NULL,2,'1996-05-20',1,NULL,NULL,NULL,NULL,NULL,NULL,NULL,NULL),(304,'Individual',NULL,1,1,0,1,0,NULL,NULL,'Zope, Chetan','Ms Chetan C Zope Jr',NULL,NULL,NULL,NULL,'1','Both','1175358528',NULL,NULL,'Chetan','C','Zope',2,1,3,NULL,NULL,2,'1981-07-25',1,NULL,NULL,NULL,NULL,NULL,NULL,NULL,NULL),(305,'Individual',NULL,1,0,0,1,0,NULL,NULL,'Smith, Dan','Dr Dan A Smith Jr',NULL,NULL,NULL,NULL,'1','Both','719171535',NULL,NULL,'Dan','A','Smith',4,1,1,NULL,NULL,2,'1980-10-23',1,NULL,NULL,NULL,NULL,NULL,NULL,NULL,NULL),(306,'Individual',NULL,1,0,0,1,0,NULL,NULL,'Jones, Kenneth','Mr Kenneth T Jones Jr',NULL,NULL,NULL,NULL,'5','Both','-1368172043',NULL,NULL,'Kenneth','T','Jones',3,1,3,NULL,NULL,1,'2002-01-26',0,NULL,NULL,NULL,NULL,NULL,NULL,NULL,NULL),(307,'Individual',NULL,1,0,0,0,0,NULL,NULL,'Yadav, Milan','Mrs Milan I Yadav Sr',NULL,NULL,NULL,NULL,'1','Both','-861204318',NULL,NULL,'Milan','I','Yadav',1,2,1,NULL,NULL,2,'1977-10-08',0,NULL,NULL,NULL,NULL,NULL,NULL,NULL,NULL),(308,'Individual',NULL,1,0,0,0,0,NULL,NULL,'Yadav, Sam','Mrs Sam H Yadav Sr',NULL,NULL,NULL,NULL,'4','Both','-862655218',NULL,NULL,'Sam','H','Yadav',1,2,3,NULL,NULL,1,'2002-12-03',0,NULL,NULL,NULL,NULL,NULL,NULL,NULL,NULL),(309,'Individual',NULL,1,0,0,0,0,NULL,NULL,'chowski, Greg','Dr Greg S chowski Sr',NULL,NULL,NULL,NULL,'5','Both','450160442',NULL,NULL,'Greg','S','chowski',4,2,3,NULL,NULL,2,'1984-01-28',0,NULL,NULL,NULL,NULL,NULL,NULL,NULL,NULL),(310,'Household',NULL,0,0,0,0,0,NULL,NULL,'Jake Adams\'s home','Jake Adams\'s home','Adams\'s home',NULL,NULL,NULL,'3','Both','-92005388',NULL,NULL,NULL,NULL,NULL,NULL,NULL,NULL,NULL,NULL,NULL,NULL,0,NULL,NULL,'Jake Adams\'s home',243,NULL,NULL,NULL,NULL),(311,'Individual',NULL,1,0,0,1,0,NULL,NULL,'Reynolds, Chetan','Mrs Chetan F Reynolds Jr',NULL,NULL,NULL,NULL,'5','Both','-1141133182',NULL,NULL,'Chetan','F','Reynolds',1,1,2,NULL,NULL,2,'1988-04-17',0,NULL,NULL,NULL,NULL,NULL,NULL,NULL,NULL),(312,'Household',NULL,0,1,0,0,0,NULL,NULL,'John Jameson\'s home','John Jameson\'s home','Jameson\'s home',NULL,NULL,NULL,'1','Both','1711091926',NULL,NULL,NULL,NULL,NULL,NULL,NULL,NULL,NULL,NULL,NULL,NULL,0,NULL,NULL,'John Jameson\'s home',144,NULL,NULL,NULL,NULL),(313,'Individual',NULL,1,1,0,0,0,NULL,NULL,'Smith, Milan','Ms Milan Z Smith Jr',NULL,NULL,NULL,NULL,'2','Both','1444857235',NULL,NULL,'Milan','Z','Smith',2,1,1,NULL,NULL,2,'1984-06-01',0,NULL,NULL,NULL,NULL,NULL,NULL,NULL,NULL),(314,'Individual',NULL,0,1,0,0,0,NULL,NULL,'Parker, Sheila','Dr Sheila E Parker Sr',NULL,NULL,NULL,NULL,'5','Both','-1913319078',NULL,NULL,'Sheila','E','Parker',4,2,3,NULL,NULL,2,'1991-01-04',1,NULL,NULL,NULL,NULL,NULL,NULL,NULL,NULL),(315,'Individual',NULL,0,1,0,1,0,NULL,NULL,'Grant, Fraddie','Mr Fraddie Y Grant Jr',NULL,NULL,NULL,NULL,'1','Both','1262334598',NULL,NULL,'Fraddie','Y','Grant',3,1,1,NULL,NULL,1,'1979-11-06',0,NULL,NULL,NULL,NULL,NULL,NULL,NULL,NULL),(316,'Individual',NULL,0,1,0,0,0,NULL,NULL,'Parker, Michael','Dr Michael Y Parker Sr',NULL,NULL,NULL,NULL,'5','Both','-1161789535',NULL,NULL,'Michael','Y','Parker',4,2,2,NULL,NULL,2,'1989-05-16',0,NULL,NULL,NULL,NULL,NULL,NULL,NULL,NULL),(317,'Individual',NULL,0,0,0,0,0,NULL,NULL,'Parker, John','Mr John E Parker Sr',NULL,NULL,NULL,NULL,'2','Both','404849511',NULL,NULL,'John','E','Parker',3,2,3,NULL,NULL,1,'1989-02-11',0,NULL,NULL,NULL,NULL,NULL,NULL,NULL,NULL),(318,'Individual',NULL,1,0,0,0,0,NULL,NULL,'Smith, Jennifer','Mr Jennifer R Smith Sr',NULL,NULL,NULL,NULL,'1','Both','963089643',NULL,NULL,'Jennifer','R','Smith',3,2,1,NULL,NULL,2,'1997-12-19',1,NULL,NULL,NULL,NULL,NULL,NULL,NULL,NULL),(319,'Individual',NULL,1,1,0,1,0,NULL,NULL,'Grant, Henry','Mrs Henry T Grant Sr',NULL,NULL,NULL,NULL,'1','Both','112045969',NULL,NULL,'Henry','T','Grant',1,2,3,NULL,NULL,1,'2008-09-22',0,NULL,NULL,NULL,NULL,NULL,NULL,NULL,NULL),(320,'Individual',NULL,0,1,0,0,0,NULL,NULL,'Samuels, Sandy','Mr Sandy X Samuels Sr',NULL,NULL,NULL,NULL,'2','Both','1457774152',NULL,NULL,'Sandy','X','Samuels',3,2,3,NULL,NULL,2,'1978-11-09',0,NULL,NULL,NULL,NULL,NULL,NULL,NULL,NULL),(321,'Individual',NULL,1,1,0,0,0,NULL,NULL,'chowski, Kenneth','Mrs Kenneth N chowski Jr',NULL,NULL,NULL,NULL,'2','Both','-743329737',NULL,NULL,'Kenneth','N','chowski',1,1,2,NULL,NULL,1,'2001-12-01',0,NULL,NULL,NULL,NULL,NULL,NULL,NULL,NULL),(322,'Individual',NULL,1,1,0,1,0,NULL,NULL,'Patel, Justin','Ms Justin C Patel Jr',NULL,NULL,NULL,NULL,'1','Both','-1128688098',NULL,NULL,'Justin','C','Patel',2,1,3,NULL,NULL,2,'1989-10-23',0,NULL,NULL,NULL,NULL,NULL,NULL,NULL,NULL),(323,'Individual',NULL,0,0,0,0,0,NULL,NULL,'Adams, Franklin','Mrs Franklin C Adams Sr',NULL,NULL,NULL,NULL,'2','Both','639260990',NULL,NULL,'Franklin','C','Adams',1,2,1,NULL,NULL,2,'2005-07-28',1,NULL,NULL,NULL,NULL,NULL,NULL,NULL,NULL),(324,'Individual',NULL,1,1,0,1,0,NULL,NULL,'Grant, Andrew','Mrs Andrew R Grant Jr',NULL,NULL,NULL,NULL,'1','Both','1115216015',NULL,NULL,'Andrew','R','Grant',1,1,3,NULL,NULL,1,'1977-02-17',0,NULL,NULL,NULL,NULL,NULL,NULL,NULL,NULL),(325,'Organization',NULL,1,0,0,0,0,NULL,NULL,'Social Source Foundation  ','Social Source Foundation  ',NULL,NULL,NULL,NULL,'1','Both','2066676426',NULL,NULL,NULL,NULL,NULL,NULL,NULL,NULL,NULL,NULL,NULL,NULL,0,NULL,NULL,NULL,NULL,'Social Source Foundation  ',NULL,NULL,NULL),(326,'Household',NULL,0,1,0,0,0,NULL,NULL,'Dan Adams\'s home','Dan Adams\'s home','Adams\'s home',NULL,NULL,NULL,'3','Both','-169084127',NULL,NULL,NULL,NULL,NULL,NULL,NULL,NULL,NULL,NULL,NULL,NULL,0,NULL,NULL,'Dan Adams\'s home',21,NULL,NULL,NULL,NULL),(327,'Individual',NULL,0,1,0,0,0,NULL,NULL,'Samuels, Amar','Dr Amar P Samuels Jr',NULL,NULL,NULL,NULL,'5','Both','-550054780',NULL,NULL,'Amar','P','Samuels',4,1,2,NULL,NULL,1,'1988-09-09',1,NULL,NULL,NULL,NULL,NULL,NULL,NULL,NULL),(328,'Individual',NULL,0,0,0,1,0,NULL,NULL,'Jameson, Sandy','Mr Sandy M Jameson Jr',NULL,NULL,NULL,NULL,'5','Both','-999149505',NULL,NULL,'Sandy','M','Jameson',3,1,1,NULL,NULL,2,'1998-01-12',1,NULL,NULL,NULL,NULL,NULL,NULL,NULL,NULL),(329,'Individual',NULL,1,0,0,1,0,NULL,NULL,'Reynolds, Greg','Mrs Greg X Reynolds Sr',NULL,NULL,NULL,NULL,'2','Both','-2019816015',NULL,NULL,'Greg','X','Reynolds',1,2,3,NULL,NULL,1,'1986-06-12',0,NULL,NULL,NULL,NULL,NULL,NULL,NULL,NULL),(330,'Individual',NULL,0,0,0,0,0,NULL,NULL,'Zope, Sandy','Mrs Sandy T Zope Jr',NULL,NULL,NULL,NULL,'2','Both','541848585',NULL,NULL,'Sandy','T','Zope',1,1,3,NULL,NULL,1,'1977-10-20',1,NULL,NULL,NULL,NULL,NULL,NULL,NULL,NULL),(331,'Household',NULL,1,1,0,0,0,NULL,NULL,'Paula Smith\'s home','Paula Smith\'s home','Smith\'s home',NULL,NULL,NULL,'4','Both','1120340417',NULL,NULL,NULL,NULL,NULL,NULL,NULL,NULL,NULL,NULL,NULL,NULL,0,NULL,NULL,'Paula Smith\'s home',374,NULL,NULL,NULL,NULL),(332,'Individual',NULL,0,1,0,0,0,NULL,NULL,'Samuels, Dan','Ms Dan R Samuels Jr',NULL,NULL,NULL,NULL,'3','Both','1670424462',NULL,NULL,'Dan','R','Samuels',2,1,1,NULL,NULL,2,'2001-10-27',1,NULL,NULL,NULL,NULL,NULL,NULL,NULL,NULL),(333,'Individual',NULL,1,1,0,1,0,NULL,NULL,'Patel, Chetan','Dr Chetan H Patel Sr',NULL,NULL,NULL,NULL,'1','Both','-1100147026',NULL,NULL,'Chetan','H','Patel',4,2,3,NULL,NULL,2,'1995-04-29',0,NULL,NULL,NULL,NULL,NULL,NULL,NULL,NULL),(334,'Household',NULL,0,0,0,1,0,NULL,NULL,'Henry Yadav\'s home','Henry Yadav\'s home','Yadav\'s home',NULL,NULL,NULL,'4','Both','-762398360',NULL,NULL,NULL,NULL,NULL,NULL,NULL,NULL,NULL,NULL,NULL,NULL,0,NULL,NULL,'Henry Yadav\'s home',30,NULL,NULL,NULL,NULL),(335,'Organization',NULL,0,1,0,0,0,NULL,NULL,'Working Assets  ','Working Assets  ',NULL,NULL,NULL,NULL,'4','Both','-740887779',NULL,NULL,NULL,NULL,NULL,NULL,NULL,NULL,NULL,NULL,NULL,NULL,0,NULL,NULL,NULL,NULL,'Working Assets  ',NULL,NULL,NULL),(336,'Individual',NULL,0,0,0,1,0,NULL,NULL,'Parker, Pat','Dr Pat B Parker Sr',NULL,NULL,NULL,NULL,'2','Both','43857912',NULL,NULL,'Pat','B','Parker',4,2,2,NULL,NULL,2,'2009-02-17',1,NULL,NULL,NULL,NULL,NULL,NULL,NULL,NULL),(337,'Organization',NULL,0,0,0,0,0,NULL,NULL,'Magic Bus  ','Magic Bus  ',NULL,NULL,NULL,NULL,'1','Both','-2069559523',NULL,NULL,NULL,NULL,NULL,NULL,NULL,NULL,NULL,NULL,NULL,NULL,0,NULL,NULL,NULL,NULL,'Magic Bus  ',NULL,NULL,NULL),(338,'Individual',NULL,1,1,0,1,0,NULL,NULL,'Smith, Bernard','Mr Bernard H Smith Sr',NULL,NULL,NULL,NULL,'5','Both','-1442260184',NULL,NULL,'Bernard','H','Smith',3,2,3,NULL,NULL,2,'1985-12-18',0,NULL,NULL,NULL,NULL,NULL,NULL,NULL,NULL),(339,'Individual',NULL,1,1,0,0,0,NULL,NULL,'Adams, James','Dr James B Adams Sr',NULL,NULL,NULL,NULL,'2','Both','-1909905725',NULL,NULL,'James','B','Adams',4,2,2,NULL,NULL,1,'1991-12-23',1,NULL,NULL,NULL,NULL,NULL,NULL,NULL,NULL),(340,'Individual',NULL,0,1,0,1,0,NULL,NULL,'Smith, Amar','Mr Amar M Smith Sr',NULL,NULL,NULL,NULL,'1','Both','-559617910',NULL,NULL,'Amar','M','Smith',3,2,1,NULL,NULL,2,'2001-09-09',0,NULL,NULL,NULL,NULL,NULL,NULL,NULL,NULL),(341,'Individual',NULL,1,1,0,0,0,NULL,NULL,'Jones, Purvi','Dr Purvi Y Jones Sr',NULL,NULL,NULL,NULL,'3','Both','-392827054',NULL,NULL,'Purvi','Y','Jones',4,2,3,NULL,NULL,1,'1994-09-20',1,NULL,NULL,NULL,NULL,NULL,NULL,NULL,NULL),(342,'Individual',NULL,0,0,0,1,0,NULL,NULL,'Smith, Alan','Mr Alan J Smith Jr',NULL,NULL,NULL,NULL,'1','Both','-882385166',NULL,NULL,'Alan','J','Smith',3,1,1,NULL,NULL,2,'2007-11-07',1,NULL,NULL,NULL,NULL,NULL,NULL,NULL,NULL),(343,'Individual',NULL,0,0,0,1,0,NULL,NULL,'Parker, Jane','Mr Jane H Parker Sr',NULL,NULL,NULL,NULL,'5','Both','-751316893',NULL,NULL,'Jane','H','Parker',3,2,2,NULL,NULL,1,'1985-06-02',1,NULL,NULL,NULL,NULL,NULL,NULL,NULL,NULL),(344,'Individual',NULL,0,1,0,1,0,NULL,NULL,'Grant, Justin','Dr Justin T Grant Jr',NULL,NULL,NULL,NULL,'5','Both','1041398407',NULL,NULL,'Justin','T','Grant',4,1,3,NULL,NULL,2,'1970-07-14',1,NULL,NULL,NULL,NULL,NULL,NULL,NULL,NULL),(345,'Individual',NULL,0,1,0,0,0,NULL,NULL,'Adams, Sandy','Mr Sandy Y Adams Sr',NULL,NULL,NULL,NULL,'3','Both','408007990',NULL,NULL,'Sandy','Y','Adams',3,2,2,NULL,NULL,2,'1987-08-13',1,NULL,NULL,NULL,NULL,NULL,NULL,NULL,NULL),(346,'Individual',NULL,1,1,0,1,0,NULL,NULL,'Yadav, Paula','Ms Paula Q Yadav Sr',NULL,NULL,NULL,NULL,'4','Both','-1484156835',NULL,NULL,'Paula','Q','Yadav',2,2,1,NULL,NULL,1,'1978-01-15',1,NULL,NULL,NULL,NULL,NULL,NULL,NULL,NULL),(347,'Individual',NULL,1,0,0,1,0,NULL,NULL,'Patel, Donald','Mrs Donald J Patel Sr',NULL,NULL,NULL,NULL,'2','Both','-1981838385',NULL,NULL,'Donald','J','Patel',1,2,1,NULL,NULL,1,'1996-12-19',0,NULL,NULL,NULL,NULL,NULL,NULL,NULL,NULL),(348,'Household',NULL,0,0,0,0,0,NULL,NULL,'Jason Grant\'s home','Jason Grant\'s home','Grant\'s home',NULL,NULL,NULL,'4','Both','1503948236',NULL,NULL,NULL,NULL,NULL,NULL,NULL,NULL,NULL,NULL,NULL,NULL,0,NULL,NULL,'Jason Grant\'s home',38,NULL,NULL,NULL,NULL),(349,'Individual',NULL,0,1,0,1,0,NULL,NULL,'Parker, Anne','Mr Anne V Parker Jr',NULL,NULL,NULL,NULL,'3','Both','258609247',NULL,NULL,'Anne','V','Parker',3,1,3,NULL,NULL,2,'2007-01-31',1,NULL,NULL,NULL,NULL,NULL,NULL,NULL,NULL),(350,'Individual',NULL,0,1,0,1,0,NULL,NULL,'Patel, Franklin','Dr Franklin U Patel Sr',NULL,NULL,NULL,NULL,'3','Both','-854974258',NULL,NULL,'Franklin','U','Patel',4,2,2,NULL,NULL,2,'1971-10-11',1,NULL,NULL,NULL,NULL,NULL,NULL,NULL,NULL),(351,'Individual',NULL,1,0,0,0,0,NULL,NULL,'Jameson, Jane','Mrs Jane B Jameson Jr',NULL,NULL,NULL,NULL,'5','Both','1174855461',NULL,NULL,'Jane','B','Jameson',1,1,1,NULL,NULL,1,'1994-10-08',1,NULL,NULL,NULL,NULL,NULL,NULL,NULL,NULL),(352,'Individual',NULL,1,1,0,1,0,NULL,NULL,'Adams, Richard','Ms Richard A Adams Jr',NULL,NULL,NULL,NULL,'3','Both','-833658123',NULL,NULL,'Richard','A','Adams',2,1,1,NULL,NULL,2,'1989-09-08',0,NULL,NULL,NULL,NULL,NULL,NULL,NULL,NULL),(353,'Individual',NULL,0,1,0,1,0,NULL,NULL,'Patel, Sandy','Mrs Sandy I Patel Jr',NULL,NULL,NULL,NULL,'3','Both','562000852',NULL,NULL,'Sandy','I','Patel',1,1,3,NULL,NULL,1,'1999-05-02',0,NULL,NULL,NULL,NULL,NULL,NULL,NULL,NULL),(354,'Individual',NULL,0,0,0,0,0,NULL,NULL,'Jones, Chris','Ms Chris Z Jones Jr',NULL,NULL,NULL,NULL,'4','Both','1570667174',NULL,NULL,'Chris','Z','Jones',2,1,3,NULL,NULL,2,'2004-01-31',1,NULL,NULL,NULL,NULL,NULL,NULL,NULL,NULL),(355,'Individual',NULL,1,1,0,1,0,NULL,NULL,'Adams, Jennifer','Mr Jennifer X Adams Sr',NULL,NULL,NULL,NULL,'4','Both','1034945274',NULL,NULL,'Jennifer','X','Adams',3,2,1,NULL,NULL,1,'1983-08-21',0,NULL,NULL,NULL,NULL,NULL,NULL,NULL,NULL),(356,'Household',NULL,0,1,0,0,0,NULL,NULL,'Jennifer Smith\'s home','Jennifer Smith\'s home','Smith\'s home',NULL,NULL,NULL,'2','Both','-2048469026',NULL,NULL,NULL,NULL,NULL,NULL,NULL,NULL,NULL,NULL,NULL,NULL,0,NULL,NULL,'Jennifer Smith\'s home',318,NULL,NULL,NULL,NULL),(357,'Household',NULL,0,0,0,0,0,NULL,NULL,'Chetan Zope\'s home','Chetan Zope\'s home','Zope\'s home',NULL,NULL,NULL,'2','Both','1417790762',NULL,NULL,NULL,NULL,NULL,NULL,NULL,NULL,NULL,NULL,NULL,NULL,0,NULL,NULL,'Chetan Zope\'s home',304,NULL,NULL,NULL,NULL),(358,'Individual',NULL,0,0,0,1,0,NULL,NULL,'Smith, Chetan','Dr Chetan Z Smith Jr',NULL,NULL,NULL,NULL,'2','Both','-162593289',NULL,NULL,'Chetan','Z','Smith',4,1,2,NULL,NULL,1,'1988-10-02',1,NULL,NULL,NULL,NULL,NULL,NULL,NULL,NULL),(359,'Individual',NULL,0,0,0,1,0,NULL,NULL,'Zope, Paula','Ms Paula U Zope Jr',NULL,NULL,NULL,NULL,'3','Both','-1406283754',NULL,NULL,'Paula','U','Zope',2,1,1,NULL,NULL,1,'1975-03-07',1,NULL,NULL,NULL,NULL,NULL,NULL,NULL,NULL),(360,'Individual',NULL,1,1,0,0,0,NULL,NULL,'Grant, Jason','Ms Jason T Grant Sr',NULL,NULL,NULL,NULL,'3','Both','-1689341346',NULL,NULL,'Jason','T','Grant',2,2,2,NULL,NULL,1,'1971-03-29',1,NULL,NULL,NULL,NULL,NULL,NULL,NULL,NULL),(361,'Individual',NULL,0,1,0,1,0,NULL,NULL,'Smith, Melinda','Ms Melinda W Smith Jr',NULL,NULL,NULL,NULL,'1','Both','2045361406',NULL,NULL,'Melinda','W','Smith',2,1,3,NULL,NULL,2,'2007-06-06',1,NULL,NULL,NULL,NULL,NULL,NULL,NULL,NULL),(362,'Individual',NULL,0,0,0,0,0,NULL,NULL,'Smith, Alice','Mrs Alice E Smith Sr',NULL,NULL,NULL,NULL,'3','Both','119513409',NULL,NULL,'Alice','E','Smith',1,2,2,NULL,NULL,1,'2002-01-22',1,NULL,NULL,NULL,NULL,NULL,NULL,NULL,NULL),(363,'Individual',NULL,0,0,0,1,0,NULL,NULL,'Yadav, Sheila','Dr Sheila E Yadav Sr',NULL,NULL,NULL,NULL,'1','Both','-1791827588',NULL,NULL,'Sheila','E','Yadav',4,2,3,NULL,NULL,2,'1986-03-22',0,NULL,NULL,NULL,NULL,NULL,NULL,NULL,NULL),(364,'Organization',NULL,1,0,0,1,0,NULL,NULL,'Inner City  ','Inner City  ',NULL,NULL,NULL,NULL,'3','Both','550937833',NULL,NULL,NULL,NULL,NULL,NULL,NULL,NULL,NULL,NULL,NULL,NULL,0,NULL,NULL,NULL,NULL,'Inner City  ',NULL,NULL,NULL),(365,'Household',NULL,1,1,0,1,0,NULL,NULL,'Rebecca Zope\'s home','Rebecca Zope\'s home','Zope\'s home',NULL,NULL,NULL,'3','Both','-1157150470',NULL,NULL,NULL,NULL,NULL,NULL,NULL,NULL,NULL,NULL,NULL,NULL,0,NULL,NULL,'Rebecca Zope\'s home',2,NULL,NULL,NULL,NULL),(366,'Individual',NULL,1,1,0,1,0,NULL,NULL,'Smith, Rebecca','Mrs Rebecca D Smith Jr',NULL,NULL,NULL,NULL,'1','Both','1509971092',NULL,NULL,'Rebecca','D','Smith',1,1,2,NULL,NULL,1,'1971-07-14',1,NULL,NULL,NULL,NULL,NULL,NULL,NULL,NULL),(367,'Organization',NULL,1,0,0,0,0,NULL,NULL,'Project Open Hand  ','Project Open Hand  ',NULL,NULL,NULL,NULL,'2','Both','22493331',NULL,NULL,NULL,NULL,NULL,NULL,NULL,NULL,NULL,NULL,NULL,NULL,0,NULL,NULL,NULL,NULL,'Project Open Hand  ',NULL,NULL,NULL),(368,'Individual',NULL,1,1,0,0,0,NULL,NULL,'Roberts, Bernard','Mr Bernard F Roberts Jr',NULL,NULL,NULL,NULL,'4','Both','5883777',NULL,NULL,'Bernard','F','Roberts',3,1,3,NULL,NULL,1,'1974-09-16',1,NULL,NULL,NULL,NULL,NULL,NULL,NULL,NULL),(369,'Household',NULL,0,0,0,1,0,NULL,NULL,'Purvi Roberts\'s home','Purvi Roberts\'s home','Roberts\'s home',NULL,NULL,NULL,'4','Both','-1632396727',NULL,NULL,NULL,NULL,NULL,NULL,NULL,NULL,NULL,NULL,NULL,NULL,0,NULL,NULL,'Purvi Roberts\'s home',435,NULL,NULL,NULL,NULL),(370,'Individual',NULL,0,1,0,1,0,NULL,NULL,'Smith, Anne','Ms Anne L Smith Jr',NULL,NULL,NULL,NULL,'4','Both','-659959845',NULL,NULL,'Anne','L','Smith',2,1,1,NULL,NULL,2,'1975-03-13',1,NULL,NULL,NULL,NULL,NULL,NULL,NULL,NULL),(371,'Individual',NULL,1,0,0,1,0,NULL,NULL,'Grant, Andrew','Dr Andrew L Grant Jr',NULL,NULL,NULL,NULL,'2','Both','1115216015',NULL,NULL,'Andrew','L','Grant',4,1,2,NULL,NULL,1,'2004-01-04',0,NULL,NULL,NULL,NULL,NULL,NULL,NULL,NULL),(372,'Individual',NULL,0,1,0,0,0,NULL,NULL,'Roberts, Brzczysaw','Dr Brzczysaw F Roberts Jr',NULL,NULL,NULL,NULL,'1','Both','-603753726',NULL,NULL,'Brzczysaw','F','Roberts',4,1,2,NULL,NULL,1,'1983-09-19',1,NULL,NULL,NULL,NULL,NULL,NULL,NULL,NULL),(373,'Individual',NULL,1,1,0,1,0,NULL,NULL,'Roberts, Bruce','Mrs Bruce N Roberts Jr',NULL,NULL,NULL,NULL,'5','Both','1797116566',NULL,NULL,'Bruce','N','Roberts',1,1,3,NULL,NULL,2,'1975-10-03',0,NULL,NULL,NULL,NULL,NULL,NULL,NULL,NULL),(374,'Individual',NULL,0,0,0,0,0,NULL,NULL,'Smith, Paula','Dr Paula A Smith Jr',NULL,NULL,NULL,NULL,'5','Both','1027360108',NULL,NULL,'Paula','A','Smith',4,1,2,NULL,NULL,1,'1987-02-19',1,NULL,NULL,NULL,NULL,NULL,NULL,NULL,NULL),(375,'Individual',NULL,1,0,0,0,0,NULL,NULL,'Adams, Fraddie','Ms Fraddie U Adams Sr',NULL,NULL,NULL,NULL,'2','Both','-601621169',NULL,NULL,'Fraddie','U','Adams',2,2,3,NULL,NULL,2,'1998-10-01',1,NULL,NULL,NULL,NULL,NULL,NULL,NULL,NULL),(376,'Household',NULL,1,1,0,0,0,NULL,NULL,'Sheila Zope\'s home','Sheila Zope\'s home','Zope\'s home',NULL,NULL,NULL,'3','Both','1388630303',NULL,NULL,NULL,NULL,NULL,NULL,NULL,NULL,NULL,NULL,NULL,NULL,0,NULL,NULL,'Sheila Zope\'s home',241,NULL,NULL,NULL,NULL),(377,'Household',NULL,1,1,0,0,0,NULL,NULL,'Sam Jameson\'s home','Sam Jameson\'s home','Jameson\'s home',NULL,NULL,NULL,'5','Both','-812553051',NULL,NULL,NULL,NULL,NULL,NULL,NULL,NULL,NULL,NULL,NULL,NULL,0,NULL,NULL,'Sam Jameson\'s home',492,NULL,NULL,NULL,NULL),(378,'Individual',NULL,1,1,0,1,0,NULL,NULL,'Grant, Tony','Ms Tony N Grant Sr',NULL,NULL,NULL,NULL,'2','Both','-1795536285',NULL,NULL,'Tony','N','Grant',2,2,2,NULL,NULL,2,'1973-04-04',1,NULL,NULL,NULL,NULL,NULL,NULL,NULL,NULL),(379,'Individual',NULL,0,1,0,0,0,NULL,NULL,'Adams, Chris','Dr Chris F Adams Jr',NULL,NULL,NULL,NULL,'3','Both','1174315129',NULL,NULL,'Chris','F','Adams',4,1,3,NULL,NULL,1,'1983-08-25',1,NULL,NULL,NULL,NULL,NULL,NULL,NULL,NULL),(380,'Individual',NULL,1,1,0,1,0,NULL,NULL,'Yadav, Franklin','Dr Franklin P Yadav Jr',NULL,NULL,NULL,NULL,'5','Both','1075852875',NULL,NULL,'Franklin','P','Yadav',4,1,3,NULL,NULL,2,'2001-03-15',0,NULL,NULL,NULL,NULL,NULL,NULL,NULL,NULL),(381,'Household',NULL,0,1,0,1,0,NULL,NULL,'Milan Reynolds\'s home','Milan Reynolds\'s home','Reynolds\'s home',NULL,NULL,NULL,'2','Both','-2087386564',NULL,NULL,NULL,NULL,NULL,NULL,NULL,NULL,NULL,NULL,NULL,NULL,0,NULL,NULL,'Milan Reynolds\'s home',267,NULL,NULL,NULL,NULL),(382,'Individual',NULL,1,0,0,1,0,NULL,NULL,'Yadav, Jane','Ms Jane M Yadav Jr',NULL,NULL,NULL,NULL,'1','Both','244484198',NULL,NULL,'Jane','M','Yadav',2,1,2,NULL,NULL,1,'2002-06-30',0,NULL,NULL,NULL,NULL,NULL,NULL,NULL,NULL),(383,'Household',NULL,0,1,0,0,0,NULL,NULL,'Amar Reynolds\'s home','Amar Reynolds\'s home','Reynolds\'s home',NULL,NULL,NULL,'1','Both','1140353109',NULL,NULL,NULL,NULL,NULL,NULL,NULL,NULL,NULL,NULL,NULL,NULL,0,NULL,NULL,'Amar Reynolds\'s home',78,NULL,NULL,NULL,NULL),(384,'Individual',NULL,0,1,0,1,0,NULL,NULL,'Smith, Melinda','Mr Melinda H Smith Sr',NULL,NULL,NULL,NULL,'3','Both','2045361406',NULL,NULL,'Melinda','H','Smith',3,2,2,NULL,NULL,2,'1976-08-28',0,NULL,NULL,NULL,NULL,NULL,NULL,NULL,NULL),(385,'Household',NULL,0,0,0,0,0,NULL,NULL,'Tony Patel\'s home','Tony Patel\'s home','Patel\'s home',NULL,NULL,NULL,'2','Both','-895657572',NULL,NULL,NULL,NULL,NULL,NULL,NULL,NULL,NULL,NULL,NULL,NULL,0,NULL,NULL,'Tony Patel\'s home',36,NULL,NULL,NULL,NULL),(386,'Individual',NULL,0,0,0,0,0,NULL,NULL,'Samuels, Jane','Mr Jane P Samuels Jr',NULL,NULL,NULL,NULL,'5','Both','90584041',NULL,NULL,'Jane','P','Samuels',3,1,3,NULL,NULL,2,'1977-09-02',1,NULL,NULL,NULL,NULL,NULL,NULL,NULL,NULL),(387,'Individual',NULL,0,0,0,0,0,NULL,NULL,'Roberts, Jason','Dr Jason A Roberts Jr',NULL,NULL,NULL,NULL,'1','Both','640387856',NULL,NULL,'Jason','A','Roberts',4,1,2,NULL,NULL,2,'1996-06-19',1,NULL,NULL,NULL,NULL,NULL,NULL,NULL,NULL),(388,'Household',NULL,0,1,0,0,0,NULL,NULL,'Michelle Patel\'s home','Michelle Patel\'s home','Patel\'s home',NULL,NULL,NULL,'1','Both','-2099052082',NULL,NULL,NULL,NULL,NULL,NULL,NULL,NULL,NULL,NULL,NULL,NULL,0,NULL,NULL,'Michelle Patel\'s home',230,NULL,NULL,NULL,NULL),(389,'Organization',NULL,1,1,0,1,0,NULL,NULL,'Inner City  ','Inner City  ',NULL,NULL,NULL,NULL,'4','Both','550937833',NULL,NULL,NULL,NULL,NULL,NULL,NULL,NULL,NULL,NULL,NULL,NULL,0,NULL,NULL,NULL,NULL,'Inner City  ',NULL,NULL,NULL),(390,'Organization',NULL,1,1,0,0,0,NULL,NULL,'Inner City  ','Inner City  ',NULL,NULL,NULL,NULL,'3','Both','550937833',NULL,NULL,NULL,NULL,NULL,NULL,NULL,NULL,NULL,NULL,NULL,NULL,0,NULL,NULL,NULL,NULL,'Inner City  ',NULL,NULL,NULL),(391,'Individual',NULL,0,1,0,0,0,NULL,NULL,'Yadav, Rebecca','Ms Rebecca M Yadav Jr',NULL,NULL,NULL,NULL,'5','Both','1793388488',NULL,NULL,'Rebecca','M','Yadav',2,1,2,NULL,NULL,2,'1987-04-15',0,NULL,NULL,NULL,NULL,NULL,NULL,NULL,NULL),(392,'Household',NULL,0,1,0,1,0,NULL,NULL,'Chetan Reynolds\'s home','Chetan Reynolds\'s home','Reynolds\'s home',NULL,NULL,NULL,'4','Both','1253065033',NULL,NULL,NULL,NULL,NULL,NULL,NULL,NULL,NULL,NULL,NULL,NULL,0,NULL,NULL,'Chetan Reynolds\'s home',311,NULL,NULL,NULL,NULL),(393,'Individual',NULL,0,1,0,1,0,NULL,NULL,'Grant, Alice','Dr Alice M Grant Sr',NULL,NULL,NULL,NULL,'4','Both','874703792',NULL,NULL,'Alice','M','Grant',4,2,3,NULL,NULL,2,'1971-02-04',0,NULL,NULL,NULL,NULL,NULL,NULL,NULL,NULL),(394,'Individual',NULL,0,0,0,0,0,NULL,NULL,'Yadav, Alice','Ms Alice N Yadav Jr',NULL,NULL,NULL,NULL,'4','Both','-1649773456',NULL,NULL,'Alice','N','Yadav',2,1,3,NULL,NULL,1,'2008-06-12',0,NULL,NULL,NULL,NULL,NULL,NULL,NULL,NULL),(395,'Individual',NULL,0,1,0,0,0,NULL,NULL,'Zope, Melinda','Mrs Melinda K Zope Jr',NULL,NULL,NULL,NULL,'1','Both','744282968',NULL,NULL,'Melinda','K','Zope',1,1,1,NULL,NULL,2,'1998-12-13',0,NULL,NULL,NULL,NULL,NULL,NULL,NULL,NULL),(396,'Individual',NULL,0,1,0,1,0,NULL,NULL,'Smith, Michelle','Dr Michelle Y Smith Sr',NULL,NULL,NULL,NULL,'1','Both','-762571496',NULL,NULL,'Michelle','Y','Smith',4,2,1,NULL,NULL,2,'2006-10-19',0,NULL,NULL,NULL,NULL,NULL,NULL,NULL,NULL),(397,'Household',NULL,0,0,0,1,0,NULL,NULL,'Henry Jameson\'s home','Henry Jameson\'s home','Jameson\'s home',NULL,NULL,NULL,'3','Both','-1393966492',NULL,NULL,NULL,NULL,NULL,NULL,NULL,NULL,NULL,NULL,NULL,NULL,0,NULL,NULL,'Henry Jameson\'s home',426,NULL,NULL,NULL,NULL),(398,'Individual',NULL,1,1,0,0,0,NULL,NULL,'Grant, Pat','Dr Pat R Grant Jr',NULL,NULL,NULL,NULL,'3','Both','-168563714',NULL,NULL,'Pat','R','Grant',4,1,2,NULL,NULL,2,'1990-10-22',0,NULL,NULL,NULL,NULL,NULL,NULL,NULL,NULL),(399,'Household',NULL,0,0,0,1,0,NULL,NULL,'John Samuels\'s home','John Samuels\'s home','Samuels\'s home',NULL,NULL,NULL,'4','Both','-143860063',NULL,NULL,NULL,NULL,NULL,NULL,NULL,NULL,NULL,NULL,NULL,NULL,0,NULL,NULL,'John Samuels\'s home',408,NULL,NULL,NULL,NULL),(400,'Individual',NULL,1,0,0,0,0,NULL,NULL,'Smith, Melinda','Mrs Melinda I Smith Sr',NULL,NULL,NULL,NULL,'1','Both','2045361406',NULL,NULL,'Melinda','I','Smith',1,2,1,NULL,NULL,1,'1970-01-23',1,NULL,NULL,NULL,NULL,NULL,NULL,NULL,NULL),(401,'Organization',NULL,0,1,0,0,0,NULL,NULL,'Working Assets  ','Working Assets  ',NULL,NULL,NULL,NULL,'1','Both','-740887779',NULL,NULL,NULL,NULL,NULL,NULL,NULL,NULL,NULL,NULL,NULL,NULL,0,NULL,NULL,NULL,NULL,'Working Assets  ',NULL,NULL,NULL),(402,'Individual',NULL,0,1,0,1,0,NULL,NULL,'Adams, Anne','Mr Anne T Adams Sr',NULL,NULL,NULL,NULL,'3','Both','1876154679',NULL,NULL,'Anne','T','Adams',3,2,3,NULL,NULL,2,'1990-03-29',1,NULL,NULL,NULL,NULL,NULL,NULL,NULL,NULL),(403,'Organization',NULL,1,0,0,0,0,NULL,NULL,'Red Cross  ','Red Cross  ',NULL,NULL,NULL,NULL,'3','Both','769545824',NULL,NULL,NULL,NULL,NULL,NULL,NULL,NULL,NULL,NULL,NULL,NULL,0,NULL,NULL,NULL,NULL,'Red Cross  ',NULL,NULL,NULL),(404,'Individual',NULL,0,1,0,1,0,NULL,NULL,'Reynolds, Chetan','Mr Chetan F Reynolds Sr',NULL,NULL,NULL,NULL,'5','Both','-1141133182',NULL,NULL,'Chetan','F','Reynolds',3,2,2,NULL,NULL,2,'2002-04-11',1,NULL,NULL,NULL,NULL,NULL,NULL,NULL,NULL),(405,'Organization',NULL,1,1,0,0,0,NULL,NULL,'Cisco Systems  ','Cisco Systems  ',NULL,NULL,NULL,NULL,'1','Both','795728639',NULL,NULL,NULL,NULL,NULL,NULL,NULL,NULL,NULL,NULL,NULL,NULL,0,NULL,NULL,NULL,NULL,'Cisco Systems  ',NULL,NULL,NULL),(406,'Individual',NULL,1,0,0,1,0,NULL,NULL,'Zope, Michael','Ms Michael F Zope Jr',NULL,NULL,NULL,NULL,'1','Both','226812246',NULL,NULL,'Michael','F','Zope',2,1,1,NULL,NULL,1,'2000-05-18',1,NULL,NULL,NULL,NULL,NULL,NULL,NULL,NULL),(407,'Individual',NULL,1,0,0,1,0,NULL,NULL,'Parker, Purvi','Dr Purvi D Parker Sr',NULL,NULL,NULL,NULL,'3','Both','-1275304658',NULL,NULL,'Purvi','D','Parker',4,2,3,NULL,NULL,2,'1984-06-17',0,NULL,NULL,NULL,NULL,NULL,NULL,NULL,NULL),(408,'Individual',NULL,0,0,0,1,0,NULL,NULL,'Samuels, John','Dr John P Samuels Jr',NULL,NULL,NULL,NULL,'3','Both','-831495955',NULL,NULL,'John','P','Samuels',4,1,1,NULL,NULL,2,'1976-02-18',0,NULL,NULL,NULL,NULL,NULL,NULL,NULL,NULL),(409,'Organization',NULL,0,1,0,0,0,NULL,NULL,'Compasspoint  ','Compasspoint  ',NULL,NULL,NULL,NULL,'2','Both','-1531408',NULL,NULL,NULL,NULL,NULL,NULL,NULL,NULL,NULL,NULL,NULL,NULL,0,NULL,NULL,NULL,NULL,'Compasspoint  ',NULL,NULL,NULL),(410,'Individual',NULL,0,0,0,1,0,NULL,NULL,'Smith, Tony','Mrs Tony Q Smith Jr',NULL,NULL,NULL,NULL,'4','Both','-1431478770',NULL,NULL,'Tony','Q','Smith',1,1,3,NULL,NULL,2,'2009-02-06',0,NULL,NULL,NULL,NULL,NULL,NULL,NULL,NULL),(411,'Individual',NULL,1,1,0,1,0,NULL,NULL,'Grant, Andrew','Dr Andrew J Grant Jr',NULL,NULL,NULL,NULL,'4','Both','1115216015',NULL,NULL,'Andrew','J','Grant',4,1,3,NULL,NULL,1,'1998-04-01',0,NULL,NULL,NULL,NULL,NULL,NULL,NULL,NULL),(412,'Individual',NULL,0,1,0,1,0,NULL,NULL,'chowski, Tony','Mr Tony F chowski Jr',NULL,NULL,NULL,NULL,'2','Both','1434307520',NULL,NULL,'Tony','F','chowski',3,1,2,NULL,NULL,1,'1992-05-22',1,NULL,NULL,NULL,NULL,NULL,NULL,NULL,NULL),(413,'Individual',NULL,0,1,0,0,0,NULL,NULL,'Roberts, Kenneth','Mrs Kenneth O Roberts Jr',NULL,NULL,NULL,NULL,'4','Both','1748286368',NULL,NULL,'Kenneth','O','Roberts',1,1,1,NULL,NULL,1,'2003-02-18',0,NULL,NULL,NULL,NULL,NULL,NULL,NULL,NULL),(414,'Individual',NULL,1,1,0,1,0,NULL,NULL,'Adams, Anne','Mr Anne A Adams Sr',NULL,NULL,NULL,NULL,'1','Both','1876154679',NULL,NULL,'Anne','A','Adams',3,2,2,NULL,NULL,2,'1999-06-07',1,NULL,NULL,NULL,NULL,NULL,NULL,NULL,NULL),(415,'Individual',NULL,0,1,0,0,0,NULL,NULL,'Reynolds, Melinda','Mrs Melinda E Reynolds Jr',NULL,NULL,NULL,NULL,'1','Both','1506512376',NULL,NULL,'Melinda','E','Reynolds',1,1,3,NULL,NULL,2,'1987-08-15',0,NULL,NULL,NULL,NULL,NULL,NULL,NULL,NULL),(416,'Individual',NULL,0,0,0,1,0,NULL,NULL,'Jones, Jason','Mr Jason M Jones Sr',NULL,NULL,NULL,NULL,'1','Both','421066293',NULL,NULL,'Jason','M','Jones',3,2,3,NULL,NULL,1,'1995-10-12',1,NULL,NULL,NULL,NULL,NULL,NULL,NULL,NULL),(417,'Individual',NULL,1,0,0,1,0,NULL,NULL,'Jones, Bill','Dr Bill P Jones Sr',NULL,NULL,NULL,NULL,'4','Both','-463596883',NULL,NULL,'Bill','P','Jones',4,2,1,NULL,NULL,1,'1982-04-01',0,NULL,NULL,NULL,NULL,NULL,NULL,NULL,NULL),(418,'Individual',NULL,1,1,0,0,0,NULL,NULL,'Parker, Tony','Ms Tony P Parker Sr',NULL,NULL,NULL,NULL,'4','Both','2104394122',NULL,NULL,'Tony','P','Parker',2,2,1,NULL,NULL,1,'1988-09-23',1,NULL,NULL,NULL,NULL,NULL,NULL,NULL,NULL),(419,'Individual',NULL,1,1,0,1,0,NULL,NULL,'Yadav, Purvi','Ms Purvi T Yadav Jr',NULL,NULL,NULL,NULL,'3','Both','-1018481415',NULL,NULL,'Purvi','T','Yadav',2,1,3,NULL,NULL,2,'1996-09-20',1,NULL,NULL,NULL,NULL,NULL,NULL,NULL,NULL),(420,'Household',NULL,0,1,0,1,0,NULL,NULL,'Jane Parker\'s home','Jane Parker\'s home','Parker\'s home',NULL,NULL,NULL,'3','Both','1157942115',NULL,NULL,NULL,NULL,NULL,NULL,NULL,NULL,NULL,NULL,NULL,NULL,0,NULL,NULL,'Jane Parker\'s home',343,NULL,NULL,NULL,NULL),(421,'Individual',NULL,0,1,0,0,0,NULL,NULL,'Zope, Dan','Ms Dan G Zope Sr',NULL,NULL,NULL,NULL,'5','Both','-1181516531',NULL,NULL,'Dan','G','Zope',2,2,2,NULL,NULL,2,'1991-02-11',1,NULL,NULL,NULL,NULL,NULL,NULL,NULL,NULL),(422,'Individual',NULL,1,0,0,0,0,NULL,NULL,'Roberts, Anne','Mrs Anne D Roberts Jr',NULL,NULL,NULL,NULL,'4','Both','1043695942',NULL,NULL,'Anne','D','Roberts',1,1,3,NULL,NULL,1,'1984-02-23',1,NULL,NULL,NULL,NULL,NULL,NULL,NULL,NULL),(423,'Organization',NULL,0,0,0,0,0,NULL,NULL,'Intel  ','Intel  ',NULL,NULL,NULL,NULL,'2','Both','-1853032722',NULL,NULL,NULL,NULL,NULL,NULL,NULL,NULL,NULL,NULL,NULL,NULL,0,NULL,NULL,NULL,NULL,'Intel  ',NULL,NULL,NULL),(424,'Individual',NULL,1,1,0,0,0,NULL,NULL,'Parker, Jane','Mr Jane R Parker Sr',NULL,NULL,NULL,NULL,'1','Both','-751316893',NULL,NULL,'Jane','R','Parker',3,2,2,NULL,NULL,1,'1978-07-28',1,NULL,NULL,NULL,NULL,NULL,NULL,NULL,NULL),(425,'Individual',NULL,0,1,0,0,0,NULL,NULL,'Smith, Greg','Ms Greg F Smith Jr',NULL,NULL,NULL,NULL,'4','Both','-452693260',NULL,NULL,'Greg','F','Smith',2,1,1,NULL,NULL,2,'1978-12-22',1,NULL,NULL,NULL,NULL,NULL,NULL,NULL,NULL),(426,'Individual',NULL,0,1,0,0,0,NULL,NULL,'Jameson, Henry','Ms Henry H Jameson Jr',NULL,NULL,NULL,NULL,'4','Both','1085846572',NULL,NULL,'Henry','H','Jameson',2,1,3,NULL,NULL,2,'1980-12-10',1,NULL,NULL,NULL,NULL,NULL,NULL,NULL,NULL),(427,'Individual',NULL,0,1,0,0,0,NULL,NULL,'Reynolds, Chetan','Mrs Chetan N Reynolds Jr',NULL,NULL,NULL,NULL,'3','Both','-1141133182',NULL,NULL,'Chetan','N','Reynolds',1,1,2,NULL,NULL,2,'2002-11-03',1,NULL,NULL,NULL,NULL,NULL,NULL,NULL,NULL),(428,'Individual',NULL,1,1,0,1,0,NULL,NULL,'Zope, Tony','Ms Tony I Zope Sr',NULL,NULL,NULL,NULL,'2','Both','-548097216',NULL,NULL,'Tony','I','Zope',2,2,2,NULL,NULL,2,'2001-12-09',1,NULL,NULL,NULL,NULL,NULL,NULL,NULL,NULL),(429,'Household',NULL,0,0,0,1,0,NULL,NULL,'Sheila Zope\'s home','Sheila Zope\'s home','Zope\'s home',NULL,NULL,NULL,'4','Both','1388630303',NULL,NULL,NULL,NULL,NULL,NULL,NULL,NULL,NULL,NULL,NULL,NULL,0,NULL,NULL,'Sheila Zope\'s home',123,NULL,NULL,NULL,NULL),(430,'Household',NULL,0,1,0,1,0,NULL,NULL,'Donald Yadav\'s home','Donald Yadav\'s home','Yadav\'s home',NULL,NULL,NULL,'2','Both','883709177',NULL,NULL,NULL,NULL,NULL,NULL,NULL,NULL,NULL,NULL,NULL,NULL,0,NULL,NULL,'Donald Yadav\'s home',499,NULL,NULL,NULL,NULL),(431,'Individual',NULL,0,0,0,1,0,NULL,NULL,'Reynolds, Charles','Mrs Charles V Reynolds Sr',NULL,NULL,NULL,NULL,'5','Both','600073523',NULL,NULL,'Charles','V','Reynolds',1,2,1,NULL,NULL,1,'1972-01-23',0,NULL,NULL,NULL,NULL,NULL,NULL,NULL,NULL),(432,'Organization',NULL,1,0,0,1,0,NULL,NULL,'Cisco Systems  ','Cisco Systems  ',NULL,NULL,NULL,NULL,'2','Both','795728639',NULL,NULL,NULL,NULL,NULL,NULL,NULL,NULL,NULL,NULL,NULL,NULL,0,NULL,NULL,NULL,NULL,'Cisco Systems  ',NULL,NULL,NULL),(433,'Individual',NULL,1,1,0,1,0,NULL,NULL,'chowski, Donald','Mr Donald M chowski Jr',NULL,NULL,NULL,NULL,'3','Both','350353997',NULL,NULL,'Donald','M','chowski',3,1,1,NULL,NULL,2,'2001-02-09',1,NULL,NULL,NULL,NULL,NULL,NULL,NULL,NULL),(434,'Household',NULL,1,0,0,1,0,NULL,NULL,'Paula Yadav\'s home','Paula Yadav\'s home','Yadav\'s home',NULL,NULL,NULL,'4','Both','-663560976',NULL,NULL,NULL,NULL,NULL,NULL,NULL,NULL,NULL,NULL,NULL,NULL,0,NULL,NULL,'Paula Yadav\'s home',286,NULL,NULL,NULL,NULL),(435,'Individual',NULL,0,1,0,0,0,NULL,NULL,'Roberts, Purvi','Mrs Purvi O Roberts Sr',NULL,NULL,NULL,NULL,'4','Both','-676949385',NULL,NULL,'Purvi','O','Roberts',1,2,1,NULL,NULL,2,'1995-11-17',0,NULL,NULL,NULL,NULL,NULL,NULL,NULL,NULL),(436,'Individual',NULL,1,1,0,0,0,NULL,NULL,'Parker, Sam','Mr Sam J Parker Jr',NULL,NULL,NULL,NULL,'1','Both','1689264481',NULL,NULL,'Sam','J','Parker',3,1,3,NULL,NULL,1,'1973-10-20',1,NULL,NULL,NULL,NULL,NULL,NULL,NULL,NULL),(437,'Individual',NULL,0,1,0,0,0,NULL,NULL,'Reynolds, Chris','Dr Chris N Reynolds Sr',NULL,NULL,NULL,NULL,'4','Both','-366913188',NULL,NULL,'Chris','N','Reynolds',4,2,1,NULL,NULL,1,'1994-03-20',1,NULL,NULL,NULL,NULL,NULL,NULL,NULL,NULL),(438,'Individual',NULL,1,1,0,0,0,NULL,NULL,'chowski, Dan','Dr Dan E chowski Sr',NULL,NULL,NULL,NULL,'3','Both','-182316778',NULL,NULL,'Dan','E','chowski',4,2,3,NULL,NULL,2,'2002-05-12',1,NULL,NULL,NULL,NULL,NULL,NULL,NULL,NULL),(439,'Organization',NULL,0,1,0,1,0,NULL,NULL,'Inner City  ','Inner City  ',NULL,NULL,NULL,NULL,'1','Both','550937833',NULL,NULL,NULL,NULL,NULL,NULL,NULL,NULL,NULL,NULL,NULL,NULL,0,NULL,NULL,NULL,NULL,'Inner City  ',NULL,NULL,NULL),(440,'Individual',NULL,0,1,0,1,0,NULL,NULL,'chowski, Amar','Mrs Amar F chowski Sr',NULL,NULL,NULL,NULL,'3','Both','561282372',NULL,NULL,'Amar','F','chowski',1,2,3,NULL,NULL,1,'1974-06-13',1,NULL,NULL,NULL,NULL,NULL,NULL,NULL,NULL),(441,'Individual',NULL,1,1,0,0,0,NULL,NULL,'Jameson, Jake','Mrs Jake F Jameson Sr',NULL,NULL,NULL,NULL,'1','Both','997272416',NULL,NULL,'Jake','F','Jameson',1,2,3,NULL,NULL,1,'1980-06-18',1,NULL,NULL,NULL,NULL,NULL,NULL,NULL,NULL),(442,'Individual',NULL,0,1,0,1,0,NULL,NULL,'Jones, Jane','Ms Jane B Jones Jr',NULL,NULL,NULL,NULL,'5','Both','1679012316',NULL,NULL,'Jane','B','Jones',2,1,1,NULL,NULL,1,'1978-08-13',0,NULL,NULL,NULL,NULL,NULL,NULL,NULL,NULL),(443,'Individual',NULL,0,0,0,1,0,NULL,NULL,'Smith, James','Mrs James D Smith Sr',NULL,NULL,NULL,NULL,'1','Both','656601734',NULL,NULL,'James','D','Smith',1,2,2,NULL,NULL,2,'2004-01-29',0,NULL,NULL,NULL,NULL,NULL,NULL,NULL,NULL),(444,'Individual',NULL,0,1,0,1,0,NULL,NULL,'Patel, Charles','Dr Charles A Patel Jr',NULL,NULL,NULL,NULL,'3','Both','286891894',NULL,NULL,'Charles','A','Patel',4,1,2,NULL,NULL,1,'1978-08-17',0,NULL,NULL,NULL,NULL,NULL,NULL,NULL,NULL),(445,'Individual',NULL,0,0,0,0,0,NULL,NULL,'Adams, Greg','Mr Greg O Adams Jr',NULL,NULL,NULL,NULL,'5','Both','1384014872',NULL,NULL,'Greg','O','Adams',3,1,1,NULL,NULL,2,'1981-03-03',0,NULL,NULL,NULL,NULL,NULL,NULL,NULL,NULL),(446,'Individual',NULL,1,1,0,1,0,NULL,NULL,'Samuels, Peter','Mrs Peter E Samuels Jr',NULL,NULL,NULL,NULL,'5','Both','22674848',NULL,NULL,'Peter','E','Samuels',1,1,2,NULL,NULL,2,'2007-06-08',0,NULL,NULL,NULL,NULL,NULL,NULL,NULL,NULL),(447,'Organization',NULL,0,0,0,0,0,NULL,NULL,'Red Cross  ','Red Cross  ',NULL,NULL,NULL,NULL,'1','Both','769545824',NULL,NULL,NULL,NULL,NULL,NULL,NULL,NULL,NULL,NULL,NULL,NULL,0,NULL,NULL,NULL,NULL,'Red Cross  ',NULL,NULL,NULL),(448,'Individual',NULL,1,1,0,0,0,NULL,NULL,'Smith, Pat','Mrs Pat Y Smith Jr',NULL,NULL,NULL,NULL,'3','Both','-862954215',NULL,NULL,'Pat','Y','Smith',1,1,2,NULL,NULL,2,'1992-01-25',0,NULL,NULL,NULL,NULL,NULL,NULL,NULL,NULL),(449,'Household',NULL,1,1,0,1,0,NULL,NULL,'Monica Samuels\'s home','Monica Samuels\'s home','Samuels\'s home',NULL,NULL,NULL,'1','Both','-1724177016',NULL,NULL,NULL,NULL,NULL,NULL,NULL,NULL,NULL,NULL,NULL,NULL,0,NULL,NULL,'Monica Samuels\'s home',63,NULL,NULL,NULL,NULL),(450,'Individual',NULL,1,1,0,0,0,NULL,NULL,'Samuels, Henry','Mr Henry Q Samuels Sr',NULL,NULL,NULL,NULL,'5','Both','-769041829',NULL,NULL,'Henry','Q','Samuels',3,2,1,NULL,NULL,1,'1990-05-11',1,NULL,NULL,NULL,NULL,NULL,NULL,NULL,NULL),(451,'Individual',NULL,0,1,0,0,0,NULL,NULL,'Patel, Purvi','Dr Purvi N Patel Jr',NULL,NULL,NULL,NULL,'5','Both','-908332177',NULL,NULL,'Purvi','N','Patel',4,1,3,NULL,NULL,2,'1985-07-17',1,NULL,NULL,NULL,NULL,NULL,NULL,NULL,NULL),(452,'Organization',NULL,0,0,0,0,0,NULL,NULL,'Cisco Systems  ','Cisco Systems  ',NULL,NULL,NULL,NULL,'1','Both','795728639',NULL,NULL,NULL,NULL,NULL,NULL,NULL,NULL,NULL,NULL,NULL,NULL,0,NULL,NULL,NULL,NULL,'Cisco Systems  ',NULL,NULL,NULL),(453,'Household',NULL,1,1,0,0,0,NULL,NULL,'Monica Jones\'s home','Monica Jones\'s home','Jones\'s home',NULL,NULL,NULL,'3','Both','1644765232',NULL,NULL,NULL,NULL,NULL,NULL,NULL,NULL,NULL,NULL,NULL,NULL,0,NULL,NULL,'Monica Jones\'s home',238,NULL,NULL,NULL,NULL),(454,'Individual',NULL,1,0,0,1,0,NULL,NULL,'Yadav, Fraddie','Ms Fraddie E Yadav Jr',NULL,NULL,NULL,NULL,'3','Both','-529055083',NULL,NULL,'Fraddie','E','Yadav',2,1,1,NULL,NULL,1,'2008-04-25',1,NULL,NULL,NULL,NULL,NULL,NULL,NULL,NULL),(455,'Individual',NULL,1,0,0,1,0,NULL,NULL,'Adams, Bill','Ms Bill L Adams Sr',NULL,NULL,NULL,NULL,'2','Both','868465274',NULL,NULL,'Bill','L','Adams',2,2,2,NULL,NULL,2,'1975-10-08',0,NULL,NULL,NULL,NULL,NULL,NULL,NULL,NULL),(456,'Individual',NULL,1,0,0,0,0,NULL,NULL,'Jones, Rebecca','Mrs Rebecca X Jones Sr',NULL,NULL,NULL,NULL,'2','Both','907455080',NULL,NULL,'Rebecca','X','Jones',1,2,3,NULL,NULL,1,'1992-07-11',1,NULL,NULL,NULL,NULL,NULL,NULL,NULL,NULL),(457,'Individual',NULL,0,1,0,1,0,NULL,NULL,'Reynolds, Jake','Mrs Jake O Reynolds Jr',NULL,NULL,NULL,NULL,'5','Both','454788327',NULL,NULL,'Jake','O','Reynolds',1,1,3,NULL,NULL,1,'1979-03-29',0,NULL,NULL,NULL,NULL,NULL,NULL,NULL,NULL),(458,'Individual',NULL,0,1,0,1,0,NULL,NULL,'Smith, Brzczysaw','Ms Brzczysaw N Smith Sr',NULL,NULL,NULL,NULL,'5','Both','-530646570',NULL,NULL,'Brzczysaw','N','Smith',2,2,2,NULL,NULL,2,'1993-06-06',0,NULL,NULL,NULL,NULL,NULL,NULL,NULL,NULL),(459,'Individual',NULL,0,1,0,0,0,NULL,NULL,'chowski, Jake','Ms Jake B chowski Sr',NULL,NULL,NULL,NULL,'2','Both','-2041352596',NULL,NULL,'Jake','B','chowski',2,2,1,NULL,NULL,2,'1980-02-15',0,NULL,NULL,NULL,NULL,NULL,NULL,NULL,NULL),(460,'Individual',NULL,1,0,0,1,0,NULL,NULL,'Parker, Jennifer','Dr Jennifer E Parker Sr',NULL,NULL,NULL,NULL,'1','Both','636028016',NULL,NULL,'Jennifer','E','Parker',4,2,1,NULL,NULL,1,'1971-03-19',1,NULL,NULL,NULL,NULL,NULL,NULL,NULL,NULL),(461,'Individual',NULL,1,0,0,1,0,NULL,NULL,'Smith, Fraddie','Mr Fraddie U Smith Jr',NULL,NULL,NULL,NULL,'4','Both','-795608631',NULL,NULL,'Fraddie','U','Smith',3,1,2,NULL,NULL,2,'1970-01-11',1,NULL,NULL,NULL,NULL,NULL,NULL,NULL,NULL),(462,'Organization',NULL,1,0,0,1,0,NULL,NULL,'Intel  ','Intel  ',NULL,NULL,NULL,NULL,'2','Both','-1853032722',NULL,NULL,NULL,NULL,NULL,NULL,NULL,NULL,NULL,NULL,NULL,NULL,0,NULL,NULL,NULL,NULL,'Intel  ',NULL,NULL,NULL),(463,'Individual',NULL,0,0,0,1,0,NULL,NULL,'Jones, Sandy','Mr Sandy V Jones Jr',NULL,NULL,NULL,NULL,'1','Both','3239913',NULL,NULL,'Sandy','V','Jones',3,1,1,NULL,NULL,2,'1988-12-23',0,NULL,NULL,NULL,NULL,NULL,NULL,NULL,NULL),(464,'Household',NULL,0,1,0,0,0,NULL,NULL,'Raymond Grant\'s home','Raymond Grant\'s home','Grant\'s home',NULL,NULL,NULL,'3','Both','-1270422551',NULL,NULL,NULL,NULL,NULL,NULL,NULL,NULL,NULL,NULL,NULL,NULL,0,NULL,NULL,'Raymond Grant\'s home',204,NULL,NULL,NULL,NULL),(465,'Household',NULL,1,0,0,0,0,NULL,NULL,'Henry Roberts\'s home','Henry Roberts\'s home','Roberts\'s home',NULL,NULL,NULL,'3','Both','1469702295',NULL,NULL,NULL,NULL,NULL,NULL,NULL,NULL,NULL,NULL,NULL,NULL,0,NULL,NULL,'Henry Roberts\'s home',215,NULL,NULL,NULL,NULL),(466,'Individual',NULL,0,0,0,0,0,NULL,NULL,'Roberts, Purvi','Ms Purvi N Roberts Sr',NULL,NULL,NULL,NULL,'5','Both','-676949385',NULL,NULL,'Purvi','N','Roberts',2,2,3,NULL,NULL,2,'1973-02-05',0,NULL,NULL,NULL,NULL,NULL,NULL,NULL,NULL),(467,'Individual',NULL,0,1,0,1,0,NULL,NULL,'Zope, Melinda','Dr Melinda B Zope Jr',NULL,NULL,NULL,NULL,'1','Both','744282968',NULL,NULL,'Melinda','B','Zope',4,1,2,NULL,NULL,1,'1974-03-23',1,NULL,NULL,NULL,NULL,NULL,NULL,NULL,NULL),(468,'Individual',NULL,0,0,0,1,0,NULL,NULL,'Smith, Jane','Mr Jane Z Smith Sr',NULL,NULL,NULL,NULL,'5','Both','83103719',NULL,NULL,'Jane','Z','Smith',3,2,3,NULL,NULL,1,'1971-03-03',1,NULL,NULL,NULL,NULL,NULL,NULL,NULL,NULL),(469,'Organization',NULL,0,0,0,0,0,NULL,NULL,'Compumentor  ','Compumentor  ',NULL,NULL,NULL,NULL,'5','Both','-1260506705',NULL,NULL,NULL,NULL,NULL,NULL,NULL,NULL,NULL,NULL,NULL,NULL,0,NULL,NULL,NULL,NULL,'Compumentor  ',NULL,NULL,NULL),(470,'Household',NULL,1,1,0,0,0,NULL,NULL,'Chetan Grant\'s home','Chetan Grant\'s home','Grant\'s home',NULL,NULL,NULL,'4','Both','838407443',NULL,NULL,NULL,NULL,NULL,NULL,NULL,NULL,NULL,NULL,NULL,NULL,0,NULL,NULL,'Chetan Grant\'s home',129,NULL,NULL,NULL,NULL),(471,'Individual',NULL,1,0,0,1,0,NULL,NULL,'Reynolds, Purvi','Dr Purvi Z Reynolds Sr',NULL,NULL,NULL,NULL,'3','Both','1596640424',NULL,NULL,'Purvi','Z','Reynolds',4,2,2,NULL,NULL,2,'1970-10-23',1,NULL,NULL,NULL,NULL,NULL,NULL,NULL,NULL),(472,'Household',NULL,1,0,0,1,0,NULL,NULL,'Greg Smith\'s home','Greg Smith\'s home','Smith\'s home',NULL,NULL,NULL,'4','Both','-2101134825',NULL,NULL,NULL,NULL,NULL,NULL,NULL,NULL,NULL,NULL,NULL,NULL,0,NULL,NULL,'Greg Smith\'s home',425,NULL,NULL,NULL,NULL),(473,'Individual',NULL,1,1,0,0,0,NULL,NULL,'Patel, Peter','Dr Peter H Patel Sr',NULL,NULL,NULL,NULL,'4','Both','1992642620',NULL,NULL,'Peter','H','Patel',4,2,1,NULL,NULL,1,'2008-04-05',0,NULL,NULL,NULL,NULL,NULL,NULL,NULL,NULL),(474,'Individual',NULL,0,1,0,0,0,NULL,NULL,'chowski, Rebecca','Mr Rebecca O chowski Jr',NULL,NULL,NULL,NULL,'4','Both','1272202154',NULL,NULL,'Rebecca','O','chowski',3,1,3,NULL,NULL,1,'1976-11-23',1,NULL,NULL,NULL,NULL,NULL,NULL,NULL,NULL),(475,'Individual',NULL,1,0,0,1,0,NULL,NULL,'Zope, Henry','Dr Henry N Zope Sr',NULL,NULL,NULL,NULL,'3','Both','-1535021030',NULL,NULL,'Henry','N','Zope',4,2,1,NULL,NULL,1,'2000-04-24',0,NULL,NULL,NULL,NULL,NULL,NULL,NULL,NULL),(476,'Individual',NULL,0,0,0,1,0,NULL,NULL,'Jameson, Bernard','Ms Bernard D Jameson Sr',NULL,NULL,NULL,NULL,'3','Both','-358035605',NULL,NULL,'Bernard','D','Jameson',2,2,3,NULL,NULL,1,'1983-09-28',1,NULL,NULL,NULL,NULL,NULL,NULL,NULL,NULL),(477,'Individual',NULL,0,0,0,1,0,NULL,NULL,'Grant, Rebecca','Ms Rebecca N Grant Jr',NULL,NULL,NULL,NULL,'3','Both','-1045553189',NULL,NULL,'Rebecca','N','Grant',2,1,1,NULL,NULL,1,'1994-10-28',0,NULL,NULL,NULL,NULL,NULL,NULL,NULL,NULL),(478,'Household',NULL,0,0,0,0,0,NULL,NULL,'Michelle Roberts\'s home','Michelle Roberts\'s home','Roberts\'s home',NULL,NULL,NULL,'2','Both','1214636084',NULL,NULL,NULL,NULL,NULL,NULL,NULL,NULL,NULL,NULL,NULL,NULL,0,NULL,NULL,'Michelle Roberts\'s home',143,NULL,NULL,NULL,NULL),(479,'Individual',NULL,1,0,0,0,0,NULL,NULL,'Yadav, Sandy','Dr Sandy J Yadav Sr',NULL,NULL,NULL,NULL,'4','Both','737129538',NULL,NULL,'Sandy','J','Yadav',4,2,2,NULL,NULL,2,'1978-04-10',0,NULL,NULL,NULL,NULL,NULL,NULL,NULL,NULL),(480,'Individual',NULL,1,0,0,0,0,NULL,NULL,'Roberts, Paula','Mr Paula U Roberts Jr',NULL,NULL,NULL,NULL,'5','Both','-1285277997',NULL,NULL,'Paula','U','Roberts',3,1,1,NULL,NULL,2,'1979-10-17',1,NULL,NULL,NULL,NULL,NULL,NULL,NULL,NULL),(481,'Individual',NULL,1,1,0,1,0,NULL,NULL,'Jones, Bill','Ms Bill X Jones Jr',NULL,NULL,NULL,NULL,'2','Both','-463596883',NULL,NULL,'Bill','X','Jones',2,1,2,NULL,NULL,2,'1984-04-06',1,NULL,NULL,NULL,NULL,NULL,NULL,NULL,NULL),(482,'Individual',NULL,1,0,0,0,0,NULL,NULL,'Patel, Alice','Ms Alice F Patel Sr',NULL,NULL,NULL,NULL,'2','Both','-1757760538',NULL,NULL,'Alice','F','Patel',2,2,3,NULL,NULL,2,'1971-11-25',0,NULL,NULL,NULL,NULL,NULL,NULL,NULL,NULL),(483,'Individual',NULL,1,1,0,1,0,NULL,NULL,'Reynolds, Jason','Dr Jason M Reynolds Sr',NULL,NULL,NULL,NULL,'1','Both','-1364732465',NULL,NULL,'Jason','M','Reynolds',4,2,1,NULL,NULL,2,'1976-10-02',0,NULL,NULL,NULL,NULL,NULL,NULL,NULL,NULL),(484,'Individual',NULL,0,1,0,0,0,NULL,NULL,'Reynolds, Charles','Mr Charles B Reynolds Jr',NULL,NULL,NULL,NULL,'4','Both','600073523',NULL,NULL,'Charles','B','Reynolds',3,1,3,NULL,NULL,1,'1981-02-10',1,NULL,NULL,NULL,NULL,NULL,NULL,NULL,NULL),(485,'Household',NULL,1,1,0,1,0,NULL,NULL,'Bill Reynolds\'s home','Bill Reynolds\'s home','Reynolds\'s home',NULL,NULL,NULL,'4','Both','-1595439491',NULL,NULL,NULL,NULL,NULL,NULL,NULL,NULL,NULL,NULL,NULL,NULL,0,NULL,NULL,'Bill Reynolds\'s home',147,NULL,NULL,NULL,NULL),(486,'Household',NULL,0,1,0,1,0,NULL,NULL,'Alice Patel\'s home','Alice Patel\'s home','Patel\'s home',NULL,NULL,NULL,'1','Both','227341149',NULL,NULL,NULL,NULL,NULL,NULL,NULL,NULL,NULL,NULL,NULL,NULL,0,NULL,NULL,'Alice Patel\'s home',482,NULL,NULL,NULL,NULL),(487,'Individual',NULL,1,1,0,0,0,NULL,NULL,'chowski, Alan','Mrs Alan D chowski Sr',NULL,NULL,NULL,NULL,'1','Both','884427580',NULL,NULL,'Alan','D','chowski',1,2,1,NULL,NULL,1,'2003-01-10',0,NULL,NULL,NULL,NULL,NULL,NULL,NULL,NULL),(488,'Household',NULL,0,0,0,0,0,NULL,NULL,'Donald chowski\'s home','Donald chowski\'s home','chowski\'s home',NULL,NULL,NULL,'1','Both','464440852',NULL,NULL,NULL,NULL,NULL,NULL,NULL,NULL,NULL,NULL,NULL,NULL,0,NULL,NULL,'Donald chowski\'s home',433,NULL,NULL,NULL,NULL),(489,'Individual',NULL,0,1,0,0,0,NULL,NULL,'Zope, John','Mr John W Zope Jr',NULL,NULL,NULL,NULL,'3','Both','-1172590163',NULL,NULL,'John','W','Zope',3,1,2,NULL,NULL,2,'2003-10-26',1,NULL,NULL,NULL,NULL,NULL,NULL,NULL,NULL),(490,'Individual',NULL,0,0,0,0,0,NULL,NULL,'Patel, Jennifer','Mrs Jennifer R Patel Jr',NULL,NULL,NULL,NULL,'5','Both','-694125814',NULL,NULL,'Jennifer','R','Patel',1,1,2,NULL,NULL,1,'2004-04-26',1,NULL,NULL,NULL,NULL,NULL,NULL,NULL,NULL),(491,'Individual',NULL,1,0,0,0,0,NULL,NULL,'Smith, Alice','Mrs Alice A Smith Sr',NULL,NULL,NULL,NULL,'5','Both','119513409',NULL,NULL,'Alice','A','Smith',1,2,3,NULL,NULL,1,'1992-12-25',1,NULL,NULL,NULL,NULL,NULL,NULL,NULL,NULL),(492,'Individual',NULL,0,1,0,0,0,NULL,NULL,'Jameson, Sam','Ms Sam X Jameson Jr',NULL,NULL,NULL,NULL,'1','Both','-352983639',NULL,NULL,'Sam','X','Jameson',2,1,1,NULL,NULL,2,'1999-07-03',1,NULL,NULL,NULL,NULL,NULL,NULL,NULL,NULL),(493,'Organization',NULL,0,1,0,1,0,NULL,NULL,'Compumentor  ','Compumentor  ',NULL,NULL,NULL,NULL,'5','Both','-1260506705',NULL,NULL,NULL,NULL,NULL,NULL,NULL,NULL,NULL,NULL,NULL,NULL,0,NULL,NULL,NULL,NULL,'Compumentor  ',NULL,NULL,NULL),(494,'Individual',NULL,1,1,0,0,0,NULL,NULL,'Yadav, Alan','Dr Alan P Yadav Sr',NULL,NULL,NULL,NULL,'3','Both','-1056876173',NULL,NULL,'Alan','P','Yadav',4,2,2,NULL,NULL,2,'1985-02-13',0,NULL,NULL,NULL,NULL,NULL,NULL,NULL,NULL),(495,'Individual',NULL,0,0,0,1,0,NULL,NULL,'Roberts, Richard','Mr Richard G Roberts Sr',NULL,NULL,NULL,NULL,'1','Both','1756265178',NULL,NULL,'Richard','G','Roberts',3,2,1,NULL,NULL,2,'1998-10-20',0,NULL,NULL,NULL,NULL,NULL,NULL,NULL,NULL),(496,'Household',NULL,0,1,0,1,0,NULL,NULL,'Brzczysaw Roberts\'s home','Brzczysaw Roberts\'s home','Roberts\'s home',NULL,NULL,NULL,'3','Both','-593007295',NULL,NULL,NULL,NULL,NULL,NULL,NULL,NULL,NULL,NULL,NULL,NULL,0,NULL,NULL,'Brzczysaw Roberts\'s home',84,NULL,NULL,NULL,NULL),(497,'Organization',NULL,1,0,0,1,0,NULL,NULL,'Conservation Corp  ','Conservation Corp  ',NULL,NULL,NULL,NULL,'3','Both','1902067651',NULL,NULL,NULL,NULL,NULL,NULL,NULL,NULL,NULL,NULL,NULL,NULL,0,NULL,NULL,NULL,NULL,'Conservation Corp  ',NULL,NULL,NULL),(498,'Individual',NULL,1,1,0,0,0,NULL,NULL,'Smith, Chris','Mr Chris I Smith Jr',NULL,NULL,NULL,NULL,'4','Both','-319458244',NULL,NULL,'Chris','I','Smith',3,1,2,NULL,NULL,2,'1977-12-27',0,NULL,NULL,NULL,NULL,NULL,NULL,NULL,NULL),(499,'Individual',NULL,1,0,0,1,0,NULL,NULL,'Yadav, Donald','Dr Donald K Yadav Jr',NULL,NULL,NULL,NULL,'5','Both','-1866912391',NULL,NULL,'Donald','K','Yadav',4,1,3,NULL,NULL,2,'1989-01-14',0,NULL,NULL,NULL,NULL,NULL,NULL,NULL,NULL),(500,'Individual',NULL,0,0,0,1,0,NULL,NULL,'Jones, Sandy','Mrs Sandy G Jones Sr',NULL,NULL,NULL,NULL,'3','Both','3239913',NULL,NULL,'Sandy','G','Jones',1,2,2,NULL,NULL,2,'1970-01-01',0,NULL,NULL,NULL,NULL,NULL,NULL,NULL,NULL),(501,'Individual',NULL,1,1,0,1,0,NULL,NULL,'Samuels, Richard','Dr Richard H Samuels Jr',NULL,NULL,NULL,NULL,'4','Both','-1517043473',NULL,NULL,'Richard','H','Samuels',4,1,3,NULL,NULL,2,'2006-10-16',0,NULL,NULL,NULL,NULL,NULL,NULL,NULL,NULL);
/*!40000 ALTER TABLE `civicrm_contact` ENABLE KEYS */;
UNLOCK TABLES;

--
-- Dumping data for table `civicrm_contribution`
--

LOCK TABLES `civicrm_contribution` WRITE;
/*!40000 ALTER TABLE `civicrm_contribution` DISABLE KEYS */;
INSERT INTO `civicrm_contribution` (`id`, `contact_id`, `contribution_type_id`, `contribution_page_id`, `payment_instrument_id`, `receive_date`, `non_deductible_amount`, `total_amount`, `fee_amount`, `net_amount`, `trxn_id`, `invoice_id`, `currency`, `cancel_date`, `cancel_reason`, `receipt_date`, `thankyou_date`, `source`, `amount_level`, `contribution_recur_id`, `honor_contact_id`, `is_test`, `is_pay_later`, `contribution_status_id`, `honor_type_id`, `address_id`, `check_number`) VALUES (1,289,4,2,2,'2008-07-13 08:56:44','0.00','32.00',NULL,NULL,'#e0cee7975c85e12a64f36b0b1840feb6',NULL,'',NULL,NULL,NULL,NULL,NULL,NULL,NULL,NULL,0,0,3,NULL,NULL,NULL),(2,86,4,1,3,'2009-02-28 03:50:25','0.00','35.00',NULL,NULL,'#5a54b6227ada16750dddfc628a1f83bb',NULL,'',NULL,NULL,NULL,NULL,NULL,NULL,NULL,NULL,0,0,5,NULL,NULL,NULL),(3,459,4,3,1,'2009-02-28 08:07:25','0.00','51.00',NULL,NULL,'#f810fe702c205373a121533db2d51e68',NULL,'',NULL,NULL,NULL,NULL,NULL,NULL,NULL,NULL,0,0,2,NULL,NULL,NULL),(4,79,2,2,5,'2009-05-16 06:36:03','0.00','33.00',NULL,NULL,'#10cd26e26c6ed8bccadfce0b9743c0bd',NULL,'',NULL,NULL,NULL,NULL,NULL,NULL,NULL,NULL,0,0,6,NULL,NULL,NULL),(5,374,2,2,4,'2008-08-02 03:23:58','0.00','81.00',NULL,NULL,'#eced80a8d21f1d319f60bcf9a82d326f',NULL,'',NULL,NULL,NULL,NULL,NULL,NULL,NULL,NULL,0,0,5,NULL,NULL,NULL),(6,274,2,1,2,'2008-12-25 05:36:56','0.00','39.00',NULL,NULL,'#bbb2091a144463ae3d4d896012fb082c',NULL,'',NULL,NULL,NULL,NULL,NULL,NULL,NULL,NULL,0,0,5,NULL,NULL,NULL),(7,326,3,3,3,'2009-05-22 06:12:04','0.00','11.00',NULL,NULL,'#cb96ff8248d8739874e02c40e3c76b4d',NULL,'',NULL,NULL,NULL,NULL,NULL,NULL,NULL,NULL,0,0,4,NULL,NULL,NULL),(8,317,2,2,1,'2008-11-22 03:32:01','0.00','64.00',NULL,NULL,'#e8b3b16096244c501fc6f9b47965e9b7',NULL,'',NULL,NULL,NULL,NULL,NULL,NULL,NULL,NULL,0,0,4,NULL,NULL,NULL),(9,88,1,2,1,'2008-12-08 09:54:18','0.00','86.00',NULL,NULL,'#91aac350928c1863685feeb275f3d32f',NULL,'',NULL,NULL,NULL,NULL,NULL,NULL,NULL,NULL,0,0,6,NULL,NULL,NULL),(10,493,1,3,1,'2009-02-22 05:18:02','0.00','17.00',NULL,NULL,'#293b2ccb67a908cac9487c1d9cc88761',NULL,'',NULL,NULL,NULL,NULL,NULL,NULL,NULL,NULL,0,0,6,NULL,NULL,NULL),(11,366,2,1,3,'2008-08-05 12:29:34','0.00','21.00',NULL,NULL,'#5ce3e9f2761670cfd6a917b0ce137b03',NULL,'',NULL,NULL,NULL,NULL,NULL,NULL,NULL,NULL,0,0,3,NULL,NULL,NULL),(12,27,3,1,4,'2008-11-01 11:47:04','0.00','50.00',NULL,NULL,'#768d8f6ae041a80caf1d77903161d60b',NULL,'',NULL,NULL,NULL,NULL,NULL,NULL,NULL,NULL,0,0,6,NULL,NULL,NULL),(13,301,3,2,3,'2009-02-24 05:55:05','0.00','40.00',NULL,NULL,'#25927525d728b5cb0ba8e10a98f7cb74',NULL,'',NULL,NULL,NULL,NULL,NULL,NULL,NULL,NULL,0,0,5,NULL,NULL,NULL),(14,142,1,3,5,'2008-10-14 12:26:47','0.00','17.00',NULL,NULL,'#67584e683a0e7cbb1863dee87727ffbb',NULL,'',NULL,NULL,NULL,NULL,NULL,NULL,NULL,NULL,0,0,6,NULL,NULL,NULL),(15,421,3,3,1,'2008-10-09 03:58:05','0.00','53.00',NULL,NULL,'#40fcdc6baab37ca1cd25a957a3e2eeba',NULL,'',NULL,NULL,NULL,NULL,NULL,NULL,NULL,NULL,0,0,5,NULL,NULL,NULL),(16,180,3,1,5,'2008-06-11 08:14:38','0.00','90.00',NULL,NULL,'#466e2e296631880522cdd850c646f636',NULL,'',NULL,NULL,NULL,NULL,NULL,NULL,NULL,NULL,0,0,5,NULL,NULL,NULL),(17,229,3,3,5,'2009-02-17 09:37:07','0.00','77.00',NULL,NULL,'#b0505a02c90ee5ab9fe25a57a858ac72',NULL,'',NULL,NULL,NULL,NULL,NULL,NULL,NULL,NULL,0,0,2,NULL,NULL,NULL),(18,43,1,2,5,'2009-05-17 04:36:49','0.00','45.00',NULL,NULL,'#33a9530199e4d358188d4bb8198b1676',NULL,'',NULL,NULL,NULL,NULL,NULL,NULL,NULL,NULL,0,0,1,NULL,NULL,NULL),(19,97,1,1,1,'2008-09-27 06:23:36','0.00','58.00',NULL,NULL,'#a5e7a20388db8941236e9019647b6e7c',NULL,'',NULL,NULL,NULL,NULL,NULL,NULL,NULL,NULL,0,0,1,NULL,NULL,NULL),(20,201,2,1,5,'2009-01-16 03:57:03','0.00','78.00',NULL,NULL,'#37e63b97024f634d410b8ba36a5cac33',NULL,'',NULL,NULL,NULL,NULL,NULL,NULL,NULL,NULL,0,0,2,NULL,NULL,NULL),(21,129,4,3,1,'2009-05-12 11:45:32','0.00','42.00',NULL,NULL,'#18d91d8ab3fec035bd342060afc55adb',NULL,'',NULL,NULL,NULL,NULL,NULL,NULL,NULL,NULL,0,0,2,NULL,NULL,NULL),(22,40,1,3,3,'2008-10-12 08:59:26','0.00','91.00',NULL,NULL,'#117ad3ac387171aebf52ff422b3d4081',NULL,'',NULL,NULL,NULL,NULL,NULL,NULL,NULL,NULL,0,0,5,NULL,NULL,NULL),(23,28,3,3,4,'2008-07-10 07:32:44','0.00','13.00',NULL,NULL,'#1124b25f6702cc6a91115fd1c0bd4f20',NULL,'',NULL,NULL,NULL,NULL,NULL,NULL,NULL,NULL,0,0,1,NULL,NULL,NULL),(24,485,1,2,2,'2009-04-07 10:28:04','0.00','66.00',NULL,NULL,'#3fc8c62aaf206d62cf2ef004b7a9cf2a',NULL,'',NULL,NULL,NULL,NULL,NULL,NULL,NULL,NULL,0,0,1,NULL,NULL,NULL),(25,299,4,3,4,'2008-06-26 10:16:35','0.00','80.00',NULL,NULL,'#f06d5861a6d89513bc599069054d0407',NULL,'',NULL,NULL,NULL,NULL,NULL,NULL,NULL,NULL,0,0,3,NULL,NULL,NULL),(26,317,3,2,4,'2008-06-16 02:30:28','0.00','47.00',NULL,NULL,'#45ad81d4fee39fa309523e9062ec8f25',NULL,'',NULL,NULL,NULL,NULL,NULL,NULL,NULL,NULL,0,0,5,NULL,NULL,NULL),(27,198,3,3,2,'2009-03-04 02:23:05','0.00','58.00',NULL,NULL,'#2616f58ce4668551eb0024be0c4b8e59',NULL,'',NULL,NULL,NULL,NULL,NULL,NULL,NULL,NULL,0,0,4,NULL,NULL,NULL),(28,18,1,3,3,'2009-01-05 01:56:29','0.00','67.00',NULL,NULL,'#260285e6b6a9d0d0e3a31f0773bd104f',NULL,'',NULL,NULL,NULL,NULL,NULL,NULL,NULL,NULL,0,0,1,NULL,NULL,NULL),(29,468,2,2,1,'2008-06-11 09:55:05','0.00','68.00',NULL,NULL,'#316fa090e220aef76638d1f786cf0a80',NULL,'',NULL,NULL,NULL,NULL,NULL,NULL,NULL,NULL,0,0,6,NULL,NULL,NULL),(30,43,3,2,4,'2008-08-27 10:58:20','0.00','32.00',NULL,NULL,'#5730cbdbc8a08ea876c33758f5a24e91',NULL,'',NULL,NULL,NULL,NULL,NULL,NULL,NULL,NULL,0,0,1,NULL,NULL,NULL),(31,382,1,3,4,'2009-01-09 12:48:13','0.00','28.00',NULL,NULL,'#e2a42fe1150f0ce8e209e16fa1a3b26d',NULL,'',NULL,NULL,NULL,NULL,NULL,NULL,NULL,NULL,0,0,4,NULL,NULL,NULL),(32,170,2,1,1,'2008-12-03 05:38:47','0.00','82.00',NULL,NULL,'#cf5b51807a9909666c51bc72b4550f12',NULL,'',NULL,NULL,NULL,NULL,NULL,NULL,NULL,NULL,0,0,3,NULL,NULL,NULL),(33,283,2,3,3,'2009-05-22 05:38:08','0.00','62.00',NULL,NULL,'#4a9f8a19a3a5c8e220d87e719cd61294',NULL,'',NULL,NULL,NULL,NULL,NULL,NULL,NULL,NULL,0,0,4,NULL,NULL,NULL),(34,282,2,1,1,'2009-01-09 04:59:29','0.00','48.00',NULL,NULL,'#733633fcc4abb759f2f19a362dce7346',NULL,'',NULL,NULL,NULL,NULL,NULL,NULL,NULL,NULL,0,0,5,NULL,NULL,NULL),(35,406,4,2,1,'2008-12-09 04:51:17','0.00','27.00',NULL,NULL,'#42337199e634a1d7ca1aae0866b07573',NULL,'',NULL,NULL,NULL,NULL,NULL,NULL,NULL,NULL,0,0,2,NULL,NULL,NULL),(36,194,4,1,4,'2009-03-23 02:48:51','0.00','66.00',NULL,NULL,'#00efdbc39077a224741577df6365548c',NULL,'',NULL,NULL,NULL,NULL,NULL,NULL,NULL,NULL,0,0,3,NULL,NULL,NULL),(37,260,2,1,1,'2008-05-28 06:04:43','0.00','75.00',NULL,NULL,'#c3aa6f98b3962fee73d275f1dedbcf44',NULL,'',NULL,NULL,NULL,NULL,NULL,NULL,NULL,NULL,0,0,6,NULL,NULL,NULL),(38,418,2,2,4,'2009-03-21 05:29:44','0.00','85.00',NULL,NULL,'#a955a7c1255757145cc246354694c71c',NULL,'',NULL,NULL,NULL,NULL,NULL,NULL,NULL,NULL,0,0,5,NULL,NULL,NULL),(39,446,3,2,5,'2008-12-19 03:51:01','0.00','11.00',NULL,NULL,'#091e0b589d46a6d1738095b2a84a92d3',NULL,'',NULL,NULL,NULL,NULL,NULL,NULL,NULL,NULL,0,0,4,NULL,NULL,NULL),(40,289,1,1,1,'2009-02-28 06:15:06','0.00','75.00',NULL,NULL,'#575cf666a3a47610a91775e449cd9489',NULL,'',NULL,NULL,NULL,NULL,NULL,NULL,NULL,NULL,0,0,2,NULL,NULL,NULL),(41,319,2,1,1,'2008-06-05 08:09:05','0.00','10.00',NULL,NULL,'#5c9cbf486b77334be6b9323f36b8b0e6',NULL,'',NULL,NULL,NULL,NULL,NULL,NULL,NULL,NULL,0,0,5,NULL,NULL,NULL),(42,383,1,2,1,'2009-04-30 02:44:34','0.00','99.00',NULL,NULL,'#8c30f740d442ffd3b4047419b56ae688',NULL,'',NULL,NULL,NULL,NULL,NULL,NULL,NULL,NULL,0,0,3,NULL,NULL,NULL),(43,329,1,3,1,'2009-01-15 02:36:32','0.00','81.00',NULL,NULL,'#bc7fd4c72fd2f572ac0e73c10da9988f',NULL,'',NULL,NULL,NULL,NULL,NULL,NULL,NULL,NULL,0,0,2,NULL,NULL,NULL),(44,73,2,3,3,'2008-12-16 11:05:25','0.00','11.00',NULL,NULL,'#15f8a37b33a1459a3800af436e1b0393',NULL,'',NULL,NULL,NULL,NULL,NULL,NULL,NULL,NULL,0,0,1,NULL,NULL,NULL),(45,355,2,3,1,'2009-01-31 07:24:16','0.00','30.00',NULL,NULL,'#8e08cee96c3832ef9d7e8d1051301e22',NULL,'',NULL,NULL,NULL,NULL,NULL,NULL,NULL,NULL,0,0,4,NULL,NULL,NULL),(46,174,4,3,5,'2009-01-07 09:55:01','0.00','86.00',NULL,NULL,'#394f39c9230fef14f643dd8956cb29f7',NULL,'',NULL,NULL,NULL,NULL,NULL,NULL,NULL,NULL,0,0,1,NULL,NULL,NULL),(47,70,3,3,3,'2008-05-25 07:27:28','0.00','27.00',NULL,NULL,'#750e35f6ff139d1ce59438b111a26f69',NULL,'',NULL,NULL,NULL,NULL,NULL,NULL,NULL,NULL,0,0,5,NULL,NULL,NULL),(48,254,1,2,5,'2008-09-02 08:56:07','0.00','26.00',NULL,NULL,'#caceddd9f5d58f7548e63c22b8ec6186',NULL,'',NULL,NULL,NULL,NULL,NULL,NULL,NULL,NULL,0,0,5,NULL,NULL,NULL),(49,326,3,1,2,'2008-12-24 03:46:52','0.00','86.00',NULL,NULL,'#1c46280909557ea9b41931b4f2f4f623',NULL,'',NULL,NULL,NULL,NULL,NULL,NULL,NULL,NULL,0,0,2,NULL,NULL,NULL),(50,419,3,2,1,'2009-03-17 06:33:40','0.00','26.00',NULL,NULL,'#67e7883dcd4fba89e334f153f036eba3',NULL,'',NULL,NULL,NULL,NULL,NULL,NULL,NULL,NULL,0,0,4,NULL,NULL,NULL),(51,236,4,3,3,'2009-02-05 02:24:20','0.00','46.00',NULL,NULL,'#d2463ecc2bc4d6aa6e807481c81c13ce',NULL,'',NULL,NULL,NULL,NULL,NULL,NULL,NULL,NULL,0,0,3,NULL,NULL,NULL),(52,189,2,3,5,'2009-05-14 06:05:36','0.00','47.00',NULL,NULL,'#e109ec010f81837293db13d78ecb7b23',NULL,'',NULL,NULL,NULL,NULL,NULL,NULL,NULL,NULL,0,0,4,NULL,NULL,NULL),(53,344,2,3,1,'2008-10-16 07:52:01','0.00','52.00',NULL,NULL,'#3b401eecced15f803140839b6d7de2e6',NULL,'',NULL,NULL,NULL,NULL,NULL,NULL,NULL,NULL,0,0,3,NULL,NULL,NULL),(54,340,2,2,2,'2009-03-08 02:17:00','0.00','20.00',NULL,NULL,'#cc6e30d2bf85296084ef49f73673032c',NULL,'',NULL,NULL,NULL,NULL,NULL,NULL,NULL,NULL,0,0,5,NULL,NULL,NULL),(55,317,1,1,3,'2008-12-03 06:45:02','0.00','86.00',NULL,NULL,'#6f1b69ad3383de388c028bfde9f6932a',NULL,'',NULL,NULL,NULL,NULL,NULL,NULL,NULL,NULL,0,0,4,NULL,NULL,NULL),(56,29,4,3,1,'2008-11-20 02:31:03','0.00','54.00',NULL,NULL,'#e13f2998359a4369febcb15a911e30ac',NULL,'',NULL,NULL,NULL,NULL,NULL,NULL,NULL,NULL,0,0,1,NULL,NULL,NULL),(57,387,1,1,2,'2009-02-21 09:33:39','0.00','22.00',NULL,NULL,'#175e5ca259834e96642af8ffa4f328a1',NULL,'',NULL,NULL,NULL,NULL,NULL,NULL,NULL,NULL,0,0,4,NULL,NULL,NULL),(58,40,2,1,3,'2008-11-22 08:41:50','0.00','21.00',NULL,NULL,'#557a763e3e0cc8bd16cb0c7794def8fe',NULL,'',NULL,NULL,NULL,NULL,NULL,NULL,NULL,NULL,0,0,4,NULL,NULL,NULL),(59,54,1,1,2,'2009-04-08 09:01:16','0.00','83.00',NULL,NULL,'#6d06a1212eb8281df545b4b0cfccb188',NULL,'',NULL,NULL,NULL,NULL,NULL,NULL,NULL,NULL,0,0,4,NULL,NULL,NULL),(60,17,4,3,4,'2009-04-09 05:06:27','0.00','66.00',NULL,NULL,'#53be12333d1ad10fc6a6cb76cfca4273',NULL,'',NULL,NULL,NULL,NULL,NULL,NULL,NULL,NULL,0,0,5,NULL,NULL,NULL),(61,273,3,1,3,'2008-11-07 08:23:15','0.00','18.00',NULL,NULL,'#f9a8daf561d1db0f005bc206187477ed',NULL,'',NULL,NULL,NULL,NULL,NULL,NULL,NULL,NULL,0,0,3,NULL,NULL,NULL),(62,372,3,2,3,'2009-02-15 05:42:05','0.00','23.00',NULL,NULL,'#56a7de0a05c6ab30ab1d40e5e4d7327c',NULL,'',NULL,NULL,NULL,NULL,NULL,NULL,NULL,NULL,0,0,5,NULL,NULL,NULL),(63,400,2,1,5,'2009-05-12 12:56:52','0.00','21.00',NULL,NULL,'#cd175414d75296c007d374a6626709e5',NULL,'',NULL,NULL,NULL,NULL,NULL,NULL,NULL,NULL,0,0,3,NULL,NULL,NULL),(64,242,1,1,5,'2008-07-05 01:53:35','0.00','94.00',NULL,NULL,'#58c57d9ef0b733fe57fed7e18943402f',NULL,'',NULL,NULL,NULL,NULL,NULL,NULL,NULL,NULL,0,0,5,NULL,NULL,NULL),(65,7,1,2,3,'2008-07-25 12:45:03','0.00','63.00',NULL,NULL,'#95e8f3e04b2243c22c472464e7cad148',NULL,'',NULL,NULL,NULL,NULL,NULL,NULL,NULL,NULL,0,0,2,NULL,NULL,NULL),(66,299,3,1,2,'2009-02-23 06:59:26','0.00','67.00',NULL,NULL,'#e9db8fa55159940a5b9cb3255278e7de',NULL,'',NULL,NULL,NULL,NULL,NULL,NULL,NULL,NULL,0,0,6,NULL,NULL,NULL),(67,453,4,3,5,'2009-04-16 03:17:07','0.00','76.00',NULL,NULL,'#20d174bc796eb6291a3dac80ce4b4edd',NULL,'',NULL,NULL,NULL,NULL,NULL,NULL,NULL,NULL,0,0,2,NULL,NULL,NULL),(68,23,4,3,2,'2008-08-07 12:28:55','0.00','56.00',NULL,NULL,'#f24c1cc8175f88bf42553c25b693f751',NULL,'',NULL,NULL,NULL,NULL,NULL,NULL,NULL,NULL,0,0,2,NULL,NULL,NULL),(69,343,2,2,5,'2009-04-04 06:58:19','0.00','75.00',NULL,NULL,'#373d56e83552f9c1405596a9000ad042',NULL,'',NULL,NULL,NULL,NULL,NULL,NULL,NULL,NULL,0,0,6,NULL,NULL,NULL),(70,477,1,1,4,'2008-12-04 11:45:38','0.00','80.00',NULL,NULL,'#77b1ae2b9c0f9d266ebc9989eef5eb04',NULL,'',NULL,NULL,NULL,NULL,NULL,NULL,NULL,NULL,0,0,1,NULL,NULL,NULL),(71,265,3,2,1,'2009-01-11 03:30:32','0.00','82.00',NULL,NULL,'#5b5c887434822e36fc646279590c5a9f',NULL,'',NULL,NULL,NULL,NULL,NULL,NULL,NULL,NULL,0,0,5,NULL,NULL,NULL),(72,9,4,2,3,'2009-02-09 01:55:36','0.00','70.00',NULL,NULL,'#ad0eaadcf0e3d87a7c3b85defcd02450',NULL,'',NULL,NULL,NULL,NULL,NULL,NULL,NULL,NULL,0,0,4,NULL,NULL,NULL),(73,278,4,1,2,'2008-07-29 03:02:57','0.00','51.00',NULL,NULL,'#65fd219eb409394123ea56a0672deed6',NULL,'',NULL,NULL,NULL,NULL,NULL,NULL,NULL,NULL,0,0,4,NULL,NULL,NULL),(74,386,2,1,4,'2008-06-23 11:59:30','0.00','39.00',NULL,NULL,'#5b586bbd35597a3484a55caa5d92ea1e',NULL,'',NULL,NULL,NULL,NULL,NULL,NULL,NULL,NULL,0,0,1,NULL,NULL,NULL),(75,414,3,1,5,'2008-11-04 10:50:34','0.00','15.00',NULL,NULL,'#e0df663fb2cd7513be6fb940101c7a7e',NULL,'',NULL,NULL,NULL,NULL,NULL,NULL,NULL,NULL,0,0,6,NULL,NULL,NULL),(76,118,2,1,1,'2009-01-13 06:58:46','0.00','10.00',NULL,NULL,'#f6d70bab29daae571267d931c2993c1b',NULL,'',NULL,NULL,NULL,NULL,NULL,NULL,NULL,NULL,0,0,2,NULL,NULL,NULL),(77,287,2,1,4,'2009-03-01 11:35:46','0.00','99.00',NULL,NULL,'#833c082a17e38b3191f7c454a017b14c',NULL,'',NULL,NULL,NULL,NULL,NULL,NULL,NULL,NULL,0,0,4,NULL,NULL,NULL),(78,201,2,1,1,'2008-08-12 05:08:53','0.00','40.00',NULL,NULL,'#4871791092ab713102ed931622c17b8e',NULL,'',NULL,NULL,NULL,NULL,NULL,NULL,NULL,NULL,0,0,5,NULL,NULL,NULL),(79,200,3,3,4,'2008-11-09 11:44:33','0.00','27.00',NULL,NULL,'#0b04671a893041d76a33123945f576c1',NULL,'',NULL,NULL,NULL,NULL,NULL,NULL,NULL,NULL,0,0,2,NULL,NULL,NULL),(80,317,2,2,3,'2008-05-31 07:34:07','0.00','59.00',NULL,NULL,'#c8d645c101d6c31544bc38d083227db8',NULL,'',NULL,NULL,NULL,NULL,NULL,NULL,NULL,NULL,0,0,2,NULL,NULL,NULL),(81,260,2,2,2,'2009-02-27 11:07:52','0.00','96.00',NULL,NULL,'#6a194d904070b385fdc5e9f5f92aad64',NULL,'',NULL,NULL,NULL,NULL,NULL,NULL,NULL,NULL,0,0,2,NULL,NULL,NULL),(82,446,3,1,5,'2009-01-02 04:52:09','0.00','31.00',NULL,NULL,'#4c083b296250da6250792c9928e2192f',NULL,'',NULL,NULL,NULL,NULL,NULL,NULL,NULL,NULL,0,0,5,NULL,NULL,NULL),(83,190,2,3,5,'2009-02-19 06:57:12','0.00','43.00',NULL,NULL,'#3d278fe1a490f42e2987d3065923ee86',NULL,'',NULL,NULL,NULL,NULL,NULL,NULL,NULL,NULL,0,0,2,NULL,NULL,NULL),(84,44,2,3,4,'2008-10-06 09:58:54','0.00','70.00',NULL,NULL,'#6d04069c74a2bfd74e1f2d5a76c883e9',NULL,'',NULL,NULL,NULL,NULL,NULL,NULL,NULL,NULL,0,0,1,NULL,NULL,NULL),(85,498,2,1,1,'2008-09-29 09:00:03','0.00','88.00',NULL,NULL,'#40a83775dcb7a98cfa8dad5b31ccb6fa',NULL,'',NULL,NULL,NULL,NULL,NULL,NULL,NULL,NULL,0,0,1,NULL,NULL,NULL),(86,472,4,3,4,'2008-10-16 03:05:39','0.00','59.00',NULL,NULL,'#407eb6e618891ed1564536d9c62f0808',NULL,'',NULL,NULL,NULL,NULL,NULL,NULL,NULL,NULL,0,0,4,NULL,NULL,NULL),(87,378,3,2,1,'2008-10-13 02:26:10','0.00','36.00',NULL,NULL,'#a6abd6f77131a439717aa20c5c8a7aec',NULL,'',NULL,NULL,NULL,NULL,NULL,NULL,NULL,NULL,0,0,3,NULL,NULL,NULL),(88,357,1,3,5,'2009-05-05 01:55:26','0.00','68.00',NULL,NULL,'#0d4e8cd754dda532bc81959029de8aac',NULL,'',NULL,NULL,NULL,NULL,NULL,NULL,NULL,NULL,0,0,5,NULL,NULL,NULL),(89,278,3,1,4,'2009-02-08 09:00:17','0.00','24.00',NULL,NULL,'#7ef20d8376bced8a4ce4afcea2128e0f',NULL,'',NULL,NULL,NULL,NULL,NULL,NULL,NULL,NULL,0,0,1,NULL,NULL,NULL),(90,173,3,3,3,'2009-03-06 01:27:46','0.00','83.00',NULL,NULL,'#277561fa838d73da1099cb8ae2604857',NULL,'',NULL,NULL,NULL,NULL,NULL,NULL,NULL,NULL,0,0,5,NULL,NULL,NULL),(91,310,1,1,3,'2008-08-16 03:35:55','0.00','60.00',NULL,NULL,'#41f99ac4fae4fc0bb87f8cffeffc325b',NULL,'',NULL,NULL,NULL,NULL,NULL,NULL,NULL,NULL,0,0,4,NULL,NULL,NULL),(92,97,4,3,5,'2008-10-08 08:14:56','0.00','53.00',NULL,NULL,'#ad822791a1da563eaad3e17135ed2e62',NULL,'',NULL,NULL,NULL,NULL,NULL,NULL,NULL,NULL,0,0,2,NULL,NULL,NULL),(93,289,1,1,2,'2008-06-25 11:45:33','0.00','43.00',NULL,NULL,'#3d3067ffd47bcff042f0ae020f7c3339',NULL,'',NULL,NULL,NULL,NULL,NULL,NULL,NULL,NULL,0,0,1,NULL,NULL,NULL),(94,221,4,2,3,'2009-02-17 07:49:15','0.00','39.00',NULL,NULL,'#79e7f27b1ba3bd45bacd2d263b9d83b2',NULL,'',NULL,NULL,NULL,NULL,NULL,NULL,NULL,NULL,0,0,3,NULL,NULL,NULL),(95,410,1,1,5,'2008-11-10 11:18:38','0.00','52.00',NULL,NULL,'#af62658bb26b5ed60ea0af68bcda595d',NULL,'',NULL,NULL,NULL,NULL,NULL,NULL,NULL,NULL,0,0,3,NULL,NULL,NULL),(96,263,2,1,3,'2008-12-09 05:39:25','0.00','72.00',NULL,NULL,'#76905d99d05de9fd9f32b9c28cbb266a',NULL,'',NULL,NULL,NULL,NULL,NULL,NULL,NULL,NULL,0,0,5,NULL,NULL,NULL),(97,436,1,3,5,'2009-04-27 10:01:02','0.00','38.00',NULL,NULL,'#f0daae24cf5d57928a59d274252fd907',NULL,'',NULL,NULL,NULL,NULL,NULL,NULL,NULL,NULL,0,0,6,NULL,NULL,NULL),(98,316,3,3,5,'2009-01-11 10:48:57','0.00','19.00',NULL,NULL,'#7722d41abe3e68d5a3dcf12cd09bf0f7',NULL,'',NULL,NULL,NULL,NULL,NULL,NULL,NULL,NULL,0,0,2,NULL,NULL,NULL),(99,393,4,3,1,'2009-03-03 08:21:59','0.00','14.00',NULL,NULL,'#a2ea3613c259f0230c3e3ccdd78db7e2',NULL,'',NULL,NULL,NULL,NULL,NULL,NULL,NULL,NULL,0,0,3,NULL,NULL,NULL),(100,377,2,1,5,'2009-02-19 09:39:45','0.00','21.00',NULL,NULL,'#ecffa5f639e6d14022c9b6b5e68dd04c',NULL,'',NULL,NULL,NULL,NULL,NULL,NULL,NULL,NULL,0,0,5,NULL,NULL,NULL),(101,475,2,3,2,'2008-12-05 06:38:02','0.00','13.00',NULL,NULL,'#3e5bf6119e7f6aec55c66036ead5ad7d',NULL,'',NULL,NULL,NULL,NULL,NULL,NULL,NULL,NULL,0,0,2,NULL,NULL,NULL),(102,324,3,1,1,'2009-01-01 01:53:37','0.00','60.00',NULL,NULL,'#8671d679cbb11493a113f1552533cd29',NULL,'',NULL,NULL,NULL,NULL,NULL,NULL,NULL,NULL,0,0,2,NULL,NULL,NULL),(103,341,1,3,5,'2009-04-15 09:09:39','0.00','51.00',NULL,NULL,'#93c6dd13bb764ec385efe1aac2141cd6',NULL,'',NULL,NULL,NULL,NULL,NULL,NULL,NULL,NULL,0,0,2,NULL,NULL,NULL),(104,162,2,2,1,'2009-03-25 09:51:02','0.00','90.00',NULL,NULL,'#76dfec1c7da6ac854c3cf72942989f0f',NULL,'',NULL,NULL,NULL,NULL,NULL,NULL,NULL,NULL,0,0,2,NULL,NULL,NULL),(105,497,2,1,1,'2009-03-19 08:12:42','0.00','79.00',NULL,NULL,'#ec9dfdddddd2f119ae318dd57611385d',NULL,'',NULL,NULL,NULL,NULL,NULL,NULL,NULL,NULL,0,0,2,NULL,NULL,NULL),(106,66,4,2,4,'2009-02-08 02:48:21','0.00','80.00',NULL,NULL,'#5da65acb2198b003ac65dfa1bea2a5ad',NULL,'',NULL,NULL,NULL,NULL,NULL,NULL,NULL,NULL,0,0,4,NULL,NULL,NULL),(107,234,3,2,3,'2009-03-11 10:04:46','0.00','20.00',NULL,NULL,'#328c771c2c4a0c0e79664593a9299359',NULL,'',NULL,NULL,NULL,NULL,NULL,NULL,NULL,NULL,0,0,2,NULL,NULL,NULL),(108,300,3,1,2,'2008-08-14 06:01:19','0.00','87.00',NULL,NULL,'#b7bc68a578d9c5071780cfbabfd46393',NULL,'',NULL,NULL,NULL,NULL,NULL,NULL,NULL,NULL,0,0,4,NULL,NULL,NULL),(109,207,4,1,3,'2008-08-24 10:37:40','0.00','49.00',NULL,NULL,'#32b8b55a3e058ddc8e2a8490ca58cbda',NULL,'',NULL,NULL,NULL,NULL,NULL,NULL,NULL,NULL,0,0,2,NULL,NULL,NULL),(110,262,1,1,5,'2008-09-04 06:13:27','0.00','83.00',NULL,NULL,'#321b0998e1ab04b26ab5644391c29c83',NULL,'',NULL,NULL,NULL,NULL,NULL,NULL,NULL,NULL,0,0,4,NULL,NULL,NULL),(111,312,1,2,5,'2008-10-21 04:44:23','0.00','70.00',NULL,NULL,'#f14e0992f30bfc8efac52016c67a9781',NULL,'',NULL,NULL,NULL,NULL,NULL,NULL,NULL,NULL,0,0,1,NULL,NULL,NULL),(112,496,4,3,4,'2009-05-19 07:47:51','0.00','71.00',NULL,NULL,'#b9d5d6bab68ad2d0b11fd22fb25d3e6f',NULL,'',NULL,NULL,NULL,NULL,NULL,NULL,NULL,NULL,0,0,1,NULL,NULL,NULL),(113,183,1,1,2,'2008-06-28 11:26:56','0.00','57.00',NULL,NULL,'#efded8f770407c3ed64b586d67536122',NULL,'',NULL,NULL,NULL,NULL,NULL,NULL,NULL,NULL,0,0,5,NULL,NULL,NULL),(114,341,1,2,4,'2009-04-03 02:02:37','0.00','41.00',NULL,NULL,'#a3dd85eac62801ecd35c45427395a3cf',NULL,'',NULL,NULL,NULL,NULL,NULL,NULL,NULL,NULL,0,0,1,NULL,NULL,NULL),(115,471,3,3,2,'2008-06-30 11:14:22','0.00','49.00',NULL,NULL,'#616809a872d5ce07964a9c7fb2ab73f1',NULL,'',NULL,NULL,NULL,NULL,NULL,NULL,NULL,NULL,0,0,1,NULL,NULL,NULL),(116,335,2,3,2,'2009-01-01 03:19:57','0.00','92.00',NULL,NULL,'#a740b46d15c27f0c8834cf5e70a19bf1',NULL,'',NULL,NULL,NULL,NULL,NULL,NULL,NULL,NULL,0,0,5,NULL,NULL,NULL),(117,454,3,2,3,'2008-11-25 02:04:53','0.00','80.00',NULL,NULL,'#e614cb64e280af45ca4cf6a5a55b98f9',NULL,'',NULL,NULL,NULL,NULL,NULL,NULL,NULL,NULL,0,0,4,NULL,NULL,NULL),(118,368,3,3,3,'2008-07-07 03:20:49','0.00','61.00',NULL,NULL,'#5827513f85fc67df17d88cf6d3bc18de',NULL,'',NULL,NULL,NULL,NULL,NULL,NULL,NULL,NULL,0,0,5,NULL,NULL,NULL),(119,97,3,3,4,'2009-01-15 09:08:28','0.00','34.00',NULL,NULL,'#4b74a696acef751a935cf5a5f49f362a',NULL,'',NULL,NULL,NULL,NULL,NULL,NULL,NULL,NULL,0,0,2,NULL,NULL,NULL),(120,251,4,2,5,'2009-03-27 12:48:13','0.00','46.00',NULL,NULL,'#54fa6dbbf5b04c4190c37f56d1920622',NULL,'',NULL,NULL,NULL,NULL,NULL,NULL,NULL,NULL,0,0,1,NULL,NULL,NULL),(121,144,2,2,2,'2008-07-01 11:40:25','0.00','33.00',NULL,NULL,'#194904102a1b180dbdcb00ad1c6ae444',NULL,'',NULL,NULL,NULL,NULL,NULL,NULL,NULL,NULL,0,0,5,NULL,NULL,NULL),(122,32,4,2,4,'2009-01-26 01:12:42','0.00','98.00',NULL,NULL,'#fa70d36c9f3d1418cff3da43a3c67637',NULL,'',NULL,NULL,NULL,NULL,NULL,NULL,NULL,NULL,0,0,4,NULL,NULL,NULL),(123,287,4,3,5,'2008-07-10 01:47:29','0.00','34.00',NULL,NULL,'#4e15272b70fb7a69ef97d35035694d99',NULL,'',NULL,NULL,NULL,NULL,NULL,NULL,NULL,NULL,0,0,1,NULL,NULL,NULL),(124,208,3,2,5,'2009-01-21 01:48:19','0.00','38.00',NULL,NULL,'#cdbaf7b22d7be6cb4b13239b3a02e919',NULL,'',NULL,NULL,NULL,NULL,NULL,NULL,NULL,NULL,0,0,1,NULL,NULL,NULL),(125,293,4,1,1,'2009-03-24 09:16:20','0.00','60.00',NULL,NULL,'#e292a90ea1becdd29cdb741154c8033b',NULL,'',NULL,NULL,NULL,NULL,NULL,NULL,NULL,NULL,0,0,4,NULL,NULL,NULL),(126,460,2,2,4,'2008-08-31 06:55:59','0.00','87.00',NULL,NULL,'#28f8e546a17da7909a1a30551e894f18',NULL,'',NULL,NULL,NULL,NULL,NULL,NULL,NULL,NULL,0,0,1,NULL,NULL,NULL),(127,240,1,3,2,'2008-09-18 03:54:11','0.00','14.00',NULL,NULL,'#171dc3c8c5ac3d279b21d98fac3d43cd',NULL,'',NULL,NULL,NULL,NULL,NULL,NULL,NULL,NULL,0,0,6,NULL,NULL,NULL),(128,103,2,1,5,'2009-02-14 01:49:00','0.00','37.00',NULL,NULL,'#3a6208edf1452196328ac7cd18b77064',NULL,'',NULL,NULL,NULL,NULL,NULL,NULL,NULL,NULL,0,0,6,NULL,NULL,NULL),(129,368,1,3,3,'2008-12-31 12:09:56','0.00','37.00',NULL,NULL,'#9f35c288f0a54b01091a6be820e4083e',NULL,'',NULL,NULL,NULL,NULL,NULL,NULL,NULL,NULL,0,0,2,NULL,NULL,NULL),(130,418,2,2,1,'2008-09-22 05:27:43','0.00','31.00',NULL,NULL,'#88f87174137c68cb45b372f24758f08d',NULL,'',NULL,NULL,NULL,NULL,NULL,NULL,NULL,NULL,0,0,4,NULL,NULL,NULL),(131,194,3,2,5,'2009-01-06 05:47:58','0.00','75.00',NULL,NULL,'#4b7b2a871351cbc1599e31ec6e847c14',NULL,'',NULL,NULL,NULL,NULL,NULL,NULL,NULL,NULL,0,0,1,NULL,NULL,NULL),(132,66,4,1,2,'2008-06-08 06:45:28','0.00','74.00',NULL,NULL,'#7553d8250ae3258c4f6d915937f782e1',NULL,'',NULL,NULL,NULL,NULL,NULL,NULL,NULL,NULL,0,0,2,NULL,NULL,NULL),(133,178,4,1,4,'2009-03-20 08:52:32','0.00','26.00',NULL,NULL,'#3bd01d96b95e29a9d66c57e8c209c1fa',NULL,'',NULL,NULL,NULL,NULL,NULL,NULL,NULL,NULL,0,0,3,NULL,NULL,NULL),(134,280,1,1,1,'2008-07-06 12:50:41','0.00','30.00',NULL,NULL,'#0ab198a048e8f967747dd0aa4062d3d6',NULL,'',NULL,NULL,NULL,NULL,NULL,NULL,NULL,NULL,0,0,1,NULL,NULL,NULL),(135,55,2,3,2,'2008-09-07 03:10:07','0.00','59.00',NULL,NULL,'#9f54dd9458707ec13a88f899eac3db0d',NULL,'',NULL,NULL,NULL,NULL,NULL,NULL,NULL,NULL,0,0,3,NULL,NULL,NULL),(136,16,2,3,3,'2009-03-07 11:50:49','0.00','90.00',NULL,NULL,'#53b76b72b98b4d5695dc93a23df73e91',NULL,'',NULL,NULL,NULL,NULL,NULL,NULL,NULL,NULL,0,0,5,NULL,NULL,NULL),(137,246,1,1,4,'2009-01-15 11:03:22','0.00','16.00',NULL,NULL,'#3421664d9d85446b15dac9bf7eb8630e',NULL,'',NULL,NULL,NULL,NULL,NULL,NULL,NULL,NULL,0,0,3,NULL,NULL,NULL),(138,113,1,1,4,'2009-02-02 11:10:09','0.00','12.00',NULL,NULL,'#98bc64c27e75d1c883c58343068f5d83',NULL,'',NULL,NULL,NULL,NULL,NULL,NULL,NULL,NULL,0,0,6,NULL,NULL,NULL),(139,279,1,3,1,'2008-11-19 04:09:16','0.00','49.00',NULL,NULL,'#a95f6c4621e482939c78d39274d46ced',NULL,'',NULL,NULL,NULL,NULL,NULL,NULL,NULL,NULL,0,0,3,NULL,NULL,NULL),(140,274,4,2,4,'2008-10-08 03:29:40','0.00','33.00',NULL,NULL,'#cd982e881db88a3f2d01553177cce825',NULL,'',NULL,NULL,NULL,NULL,NULL,NULL,NULL,NULL,0,0,2,NULL,NULL,NULL),(141,28,4,1,5,'2008-06-14 10:51:28','0.00','33.00',NULL,NULL,'#0baf9c9c6a92cf3aebcdcef2b0cde157',NULL,'',NULL,NULL,NULL,NULL,NULL,NULL,NULL,NULL,0,0,2,NULL,NULL,NULL),(142,304,2,1,2,'2009-01-21 09:38:39','0.00','41.00',NULL,NULL,'#047a09f42127a6c81644068f4e6b13c9',NULL,'',NULL,NULL,NULL,NULL,NULL,NULL,NULL,NULL,0,0,5,NULL,NULL,NULL),(143,192,3,1,4,'2009-02-08 08:02:53','0.00','48.00',NULL,NULL,'#0b72eaff46fa34873953ef6d864c5c50',NULL,'',NULL,NULL,NULL,NULL,NULL,NULL,NULL,NULL,0,0,2,NULL,NULL,NULL),(144,232,4,2,1,'2009-03-15 12:08:24','0.00','16.00',NULL,NULL,'#951fe28ec2cb45faf6754cfca1da5b6a',NULL,'',NULL,NULL,NULL,NULL,NULL,NULL,NULL,NULL,0,0,6,NULL,NULL,NULL),(145,158,1,2,5,'2009-03-25 09:53:50','0.00','96.00',NULL,NULL,'#087f9b1fa4ed0528d954164facd0dba7',NULL,'',NULL,NULL,NULL,NULL,NULL,NULL,NULL,NULL,0,0,5,NULL,NULL,NULL),(146,469,4,2,1,'2008-10-04 03:51:01','0.00','56.00',NULL,NULL,'#d03f0085dad388cebda6bf103077f5e7',NULL,'',NULL,NULL,NULL,NULL,NULL,NULL,NULL,NULL,0,0,4,NULL,NULL,NULL),(147,46,4,3,3,'2008-06-24 06:25:52','0.00','57.00',NULL,NULL,'#d938822b573a8540244310d53d252ed3',NULL,'',NULL,NULL,NULL,NULL,NULL,NULL,NULL,NULL,0,0,5,NULL,NULL,NULL),(148,120,4,3,4,'2009-02-01 02:05:47','0.00','66.00',NULL,NULL,'#fa16123fb4e640145e68a146f01619bc',NULL,'',NULL,NULL,NULL,NULL,NULL,NULL,NULL,NULL,0,0,1,NULL,NULL,NULL),(149,431,1,3,2,'2009-01-27 08:27:24','0.00','89.00',NULL,NULL,'#291693b4c218be3672b0741ca259b6f8',NULL,'',NULL,NULL,NULL,NULL,NULL,NULL,NULL,NULL,0,0,3,NULL,NULL,NULL),(150,329,2,3,1,'2008-09-19 07:47:51','0.00','26.00',NULL,NULL,'#8f680a92d4941f098c54887f08ac2f18',NULL,'',NULL,NULL,NULL,NULL,NULL,NULL,NULL,NULL,0,0,5,NULL,NULL,NULL),(151,333,2,1,4,'2008-11-01 11:10:42','0.00','64.00',NULL,NULL,'#99f1d7705df3d801f82c1af83c93de8d',NULL,'',NULL,NULL,NULL,NULL,NULL,NULL,NULL,NULL,0,0,1,NULL,NULL,NULL),(152,49,2,3,3,'2008-09-30 07:15:18','0.00','90.00',NULL,NULL,'#f0c31b62412ec77beef35dde991fe8ed',NULL,'',NULL,NULL,NULL,NULL,NULL,NULL,NULL,NULL,0,0,3,NULL,NULL,NULL),(153,440,3,3,3,'2008-08-22 02:10:52','0.00','91.00',NULL,NULL,'#0924ed2d032b86711258ab202fd7c462',NULL,'',NULL,NULL,NULL,NULL,NULL,NULL,NULL,NULL,0,0,3,NULL,NULL,NULL),(154,322,3,3,2,'2009-05-22 06:08:48','0.00','34.00',NULL,NULL,'#f52aa2f0bab3eabd2fa5b5310f82bde7',NULL,'',NULL,NULL,NULL,NULL,NULL,NULL,NULL,NULL,0,0,6,NULL,NULL,NULL),(155,306,4,2,4,'2009-05-03 10:04:43','0.00','83.00',NULL,NULL,'#5dbb3606d6d8b1d7dbd955645e01d00a',NULL,'',NULL,NULL,NULL,NULL,NULL,NULL,NULL,NULL,0,0,6,NULL,NULL,NULL),(156,211,2,1,1,'2008-11-27 08:52:34','0.00','88.00',NULL,NULL,'#3edbdcf3a3e62610697b7ac052accd98',NULL,'',NULL,NULL,NULL,NULL,NULL,NULL,NULL,NULL,0,0,1,NULL,NULL,NULL),(157,354,1,3,4,'2008-06-04 06:18:34','0.00','73.00',NULL,NULL,'#65cd54727ca3f74077c5814ed4503b64',NULL,'',NULL,NULL,NULL,NULL,NULL,NULL,NULL,NULL,0,0,6,NULL,NULL,NULL),(158,225,1,1,3,'2009-04-12 08:40:21','0.00','89.00',NULL,NULL,'#c7201056446ae01a2fb4d5e10dd733d7',NULL,'',NULL,NULL,NULL,NULL,NULL,NULL,NULL,NULL,0,0,4,NULL,NULL,NULL),(159,429,3,3,1,'2008-11-27 12:20:01','0.00','11.00',NULL,NULL,'#342d5c3dc8288ca537c4b80dbcdacfc9',NULL,'',NULL,NULL,NULL,NULL,NULL,NULL,NULL,NULL,0,0,4,NULL,NULL,NULL),(160,249,2,3,1,'2008-09-16 08:18:33','0.00','74.00',NULL,NULL,'#6bf38e5706ec94f3704e4c7704d978ae',NULL,'',NULL,NULL,NULL,NULL,NULL,NULL,NULL,NULL,0,0,1,NULL,NULL,NULL),(161,168,3,1,3,'2009-03-08 09:55:46','0.00','77.00',NULL,NULL,'#f60239f20528a3a4d1c8d7fc4f079d9a',NULL,'',NULL,NULL,NULL,NULL,NULL,NULL,NULL,NULL,0,0,6,NULL,NULL,NULL),(162,315,4,1,4,'2009-04-08 09:43:44','0.00','80.00',NULL,NULL,'#7d4789fc6158915fb5765616996fec60',NULL,'',NULL,NULL,NULL,NULL,NULL,NULL,NULL,NULL,0,0,1,NULL,NULL,NULL),(163,71,2,2,5,'2008-08-19 02:57:16','0.00','13.00',NULL,NULL,'#fb7ffe16747507b4f118832828fc9e3d',NULL,'',NULL,NULL,NULL,NULL,NULL,NULL,NULL,NULL,0,0,1,NULL,NULL,NULL),(164,216,3,3,3,'2009-01-27 03:32:47','0.00','62.00',NULL,NULL,'#2ce472940b15716373a3554a548b1ffd',NULL,'',NULL,NULL,NULL,NULL,NULL,NULL,NULL,NULL,0,0,4,NULL,NULL,NULL),(165,486,3,3,3,'2008-07-31 05:44:47','0.00','67.00',NULL,NULL,'#b2b2473d9b921c96d32b14805cde8c03',NULL,'',NULL,NULL,NULL,NULL,NULL,NULL,NULL,NULL,0,0,3,NULL,NULL,NULL),(166,6,1,1,3,'2008-07-25 01:21:36','0.00','61.00',NULL,NULL,'#ff088615899464c1608e1dced19252a2',NULL,'',NULL,NULL,NULL,NULL,NULL,NULL,NULL,NULL,0,0,2,NULL,NULL,NULL),(167,456,2,3,3,'2008-07-27 10:05:19','0.00','28.00',NULL,NULL,'#6e600b2ed8754c2559d48e69a845b824',NULL,'',NULL,NULL,NULL,NULL,NULL,NULL,NULL,NULL,0,0,1,NULL,NULL,NULL),(168,407,3,1,3,'2008-10-15 07:53:00','0.00','32.00',NULL,NULL,'#a8450945d37452252449883e2bff7304',NULL,'',NULL,NULL,NULL,NULL,NULL,NULL,NULL,NULL,0,0,4,NULL,NULL,NULL),(169,22,2,2,2,'2008-11-05 11:07:39','0.00','40.00',NULL,NULL,'#3dd5f83a5a5682933631199963c6cf30',NULL,'',NULL,NULL,NULL,NULL,NULL,NULL,NULL,NULL,0,0,3,NULL,NULL,NULL),(170,92,4,2,1,'2008-12-05 01:40:28','0.00','29.00',NULL,NULL,'#ed7c4bd00bcaf75c46ffff0c28ee593a',NULL,'',NULL,NULL,NULL,NULL,NULL,NULL,NULL,NULL,0,0,4,NULL,NULL,NULL),(171,235,1,1,1,'2008-08-02 10:39:25','0.00','14.00',NULL,NULL,'#0cf06fc0cb7c4066998e58974a489cd5',NULL,'',NULL,NULL,NULL,NULL,NULL,NULL,NULL,NULL,0,0,6,NULL,NULL,NULL),(172,421,1,2,2,'2008-07-22 12:04:02','0.00','75.00',NULL,NULL,'#0ff68ae91269c3a028a58bdb3ba8fbc8',NULL,'',NULL,NULL,NULL,NULL,NULL,NULL,NULL,NULL,0,0,5,NULL,NULL,NULL),(173,241,3,2,5,'2008-10-12 04:37:08','0.00','60.00',NULL,NULL,'#f53d43b01f43eeaaffba525f3ca61a8d',NULL,'',NULL,NULL,NULL,NULL,NULL,NULL,NULL,NULL,0,0,6,NULL,NULL,NULL),(174,175,4,2,4,'2009-05-04 11:36:01','0.00','46.00',NULL,NULL,'#0aa58d01ab0058cb4ff0e0c3280c4e1a',NULL,'',NULL,NULL,NULL,NULL,NULL,NULL,NULL,NULL,0,0,2,NULL,NULL,NULL),(175,28,3,1,3,'2008-08-18 03:59:54','0.00','58.00',NULL,NULL,'#f92c813d79df5fb838d35af031e97299',NULL,'',NULL,NULL,NULL,NULL,NULL,NULL,NULL,NULL,0,0,6,NULL,NULL,NULL),(176,479,4,1,4,'2009-01-11 04:09:24','0.00','21.00',NULL,NULL,'#2b35e0dd2305d8520ab1c7cef1e724b1',NULL,'',NULL,NULL,NULL,NULL,NULL,NULL,NULL,NULL,0,0,5,NULL,NULL,NULL),(177,250,4,2,1,'2009-04-14 01:11:45','0.00','11.00',NULL,NULL,'#55e96dc76c658e05f34551add1c080d8',NULL,'',NULL,NULL,NULL,NULL,NULL,NULL,NULL,NULL,0,0,6,NULL,NULL,NULL),(178,122,1,3,2,'2008-12-17 04:16:05','0.00','31.00',NULL,NULL,'#38039ea4366756ffa06bfde703fc3510',NULL,'',NULL,NULL,NULL,NULL,NULL,NULL,NULL,NULL,0,0,3,NULL,NULL,NULL),(179,176,1,3,5,'2008-10-14 04:16:59','0.00','38.00',NULL,NULL,'#69190cc25ef34a0e32bb67df4738aa08',NULL,'',NULL,NULL,NULL,NULL,NULL,NULL,NULL,NULL,0,0,3,NULL,NULL,NULL),(180,95,1,3,1,'2009-02-10 02:25:03','0.00','31.00',NULL,NULL,'#e8531937938230b1591201b639cfa087',NULL,'',NULL,NULL,NULL,NULL,NULL,NULL,NULL,NULL,0,0,2,NULL,NULL,NULL),(181,62,1,1,3,'2009-05-13 07:01:12','0.00','77.00',NULL,NULL,'#4ce5300c1cfaef6492234bd976d88422',NULL,'',NULL,NULL,NULL,NULL,NULL,NULL,NULL,NULL,0,0,4,NULL,NULL,NULL),(182,410,3,2,1,'2009-05-03 06:41:26','0.00','41.00',NULL,NULL,'#6f5a27e20f9e1249408c6766e0b6a67f',NULL,'',NULL,NULL,NULL,NULL,NULL,NULL,NULL,NULL,0,0,2,NULL,NULL,NULL),(183,433,2,1,5,'2008-10-29 02:16:16','0.00','28.00',NULL,NULL,'#300006f305096a8d918c40e4be29e7b9',NULL,'',NULL,NULL,NULL,NULL,NULL,NULL,NULL,NULL,0,0,6,NULL,NULL,NULL),(184,325,2,1,5,'2008-08-14 11:39:44','0.00','59.00',NULL,NULL,'#64f23cf0817e243f763eb36b9e278857',NULL,'',NULL,NULL,NULL,NULL,NULL,NULL,NULL,NULL,0,0,4,NULL,NULL,NULL),(185,262,3,3,4,'2009-05-09 06:41:42','0.00','51.00',NULL,NULL,'#e24ad1f7f27e3b4938868c5d0c11d68c',NULL,'',NULL,NULL,NULL,NULL,NULL,NULL,NULL,NULL,0,0,2,NULL,NULL,NULL),(186,49,2,3,4,'2008-10-13 10:45:01','0.00','43.00',NULL,NULL,'#18353c9a883746c4ef030617fecf5709',NULL,'',NULL,NULL,NULL,NULL,NULL,NULL,NULL,NULL,0,0,3,NULL,NULL,NULL),(187,334,1,2,1,'2008-07-29 09:25:36','0.00','83.00',NULL,NULL,'#5374c54989201eaeaf48867308715f19',NULL,'',NULL,NULL,NULL,NULL,NULL,NULL,NULL,NULL,0,0,6,NULL,NULL,NULL),(188,314,3,1,4,'2008-08-17 01:54:06','0.00','57.00',NULL,NULL,'#e44935846e29dd8425f7640d15553fd6',NULL,'',NULL,NULL,NULL,NULL,NULL,NULL,NULL,NULL,0,0,5,NULL,NULL,NULL),(189,459,3,1,3,'2009-05-08 09:27:49','0.00','51.00',NULL,NULL,'#e491cbed7f337ca10329330d84dfe5cc',NULL,'',NULL,NULL,NULL,NULL,NULL,NULL,NULL,NULL,0,0,5,NULL,NULL,NULL),(190,253,2,1,2,'2008-09-03 05:05:59','0.00','46.00',NULL,NULL,'#eb5ae2ccc207272015488361f887f826',NULL,'',NULL,NULL,NULL,NULL,NULL,NULL,NULL,NULL,0,0,4,NULL,NULL,NULL),(191,194,2,2,4,'2008-06-16 10:12:50','0.00','82.00',NULL,NULL,'#1dd1b48d7d3172d980dcd4409a74ee2d',NULL,'',NULL,NULL,NULL,NULL,NULL,NULL,NULL,NULL,0,0,4,NULL,NULL,NULL),(192,138,3,2,1,'2008-07-21 02:29:02','0.00','15.00',NULL,NULL,'#bd1ee7444e197e8e798b30cb989874ea',NULL,'',NULL,NULL,NULL,NULL,NULL,NULL,NULL,NULL,0,0,2,NULL,NULL,NULL),(193,240,2,2,5,'2008-12-28 03:14:12','0.00','62.00',NULL,NULL,'#45dee6ee20c3d82347d4003d9e5fbf00',NULL,'',NULL,NULL,NULL,NULL,NULL,NULL,NULL,NULL,0,0,3,NULL,NULL,NULL),(194,339,2,2,3,'2008-11-06 04:49:52','0.00','34.00',NULL,NULL,'#403324ee983b691f0e33e39ad45c03e5',NULL,'',NULL,NULL,NULL,NULL,NULL,NULL,NULL,NULL,0,0,2,NULL,NULL,NULL),(195,369,3,3,1,'2008-12-06 10:26:36','0.00','15.00',NULL,NULL,'#4af3cc6617253644fd1d4149601c8aa2',NULL,'',NULL,NULL,NULL,NULL,NULL,NULL,NULL,NULL,0,0,1,NULL,NULL,NULL),(196,61,2,1,4,'2008-11-08 09:26:33','0.00','79.00',NULL,NULL,'#29ef1ff0bbec8050ee988b46a360951c',NULL,'',NULL,NULL,NULL,NULL,NULL,NULL,NULL,NULL,0,0,5,NULL,NULL,NULL),(197,203,4,1,2,'2009-01-17 05:53:09','0.00','63.00',NULL,NULL,'#98ed66f85cfe0303ea848c9bc0ca71ee',NULL,'',NULL,NULL,NULL,NULL,NULL,NULL,NULL,NULL,0,0,2,NULL,NULL,NULL),(198,405,1,2,3,'2009-02-07 11:22:25','0.00','39.00',NULL,NULL,'#d4435edf262273e5a81b0c6691c50047',NULL,'',NULL,NULL,NULL,NULL,NULL,NULL,NULL,NULL,0,0,6,NULL,NULL,NULL),(199,166,3,2,4,'2008-12-14 04:33:28','0.00','44.00',NULL,NULL,'#12f25e4bef4171fbc32e2e3d40e102b3',NULL,'',NULL,NULL,NULL,NULL,NULL,NULL,NULL,NULL,0,0,3,NULL,NULL,NULL),(200,26,1,3,2,'2008-07-23 11:19:30','0.00','63.00',NULL,NULL,'#86bb95358aff0c14f067811c447b9313',NULL,'',NULL,NULL,NULL,NULL,NULL,NULL,NULL,NULL,0,0,5,NULL,NULL,NULL),(201,70,4,3,1,'2009-03-14 02:26:54','0.00','98.00',NULL,NULL,'#412cbd93b4de8956fe2901824f28e9e7',NULL,'',NULL,NULL,NULL,NULL,NULL,NULL,NULL,NULL,0,0,1,NULL,NULL,NULL),(202,65,1,2,2,'2008-12-11 02:24:00','0.00','34.00',NULL,NULL,'#274c59c5c2b538211f74af98287d2cef',NULL,'',NULL,NULL,NULL,NULL,NULL,NULL,NULL,NULL,0,0,3,NULL,NULL,NULL),(203,440,1,3,2,'2009-02-02 03:01:08','0.00','71.00',NULL,NULL,'#c7feaaf5cbd0d945a464ce4eb0705f64',NULL,'',NULL,NULL,NULL,NULL,NULL,NULL,NULL,NULL,0,0,4,NULL,NULL,NULL),(204,81,3,2,3,'2009-02-16 06:27:51','0.00','27.00',NULL,NULL,'#41ae88963bdcc53ff0ac8b1e2f39572b',NULL,'',NULL,NULL,NULL,NULL,NULL,NULL,NULL,NULL,0,0,6,NULL,NULL,NULL),(205,47,2,3,1,'2008-06-03 06:41:52','0.00','10.00',NULL,NULL,'#a8e36a7211a64b7641b357a960460217',NULL,'',NULL,NULL,NULL,NULL,NULL,NULL,NULL,NULL,0,0,5,NULL,NULL,NULL),(206,295,1,3,1,'2008-11-19 11:48:56','0.00','88.00',NULL,NULL,'#da0b6958552069243fecdee886815538',NULL,'',NULL,NULL,NULL,NULL,NULL,NULL,NULL,NULL,0,0,5,NULL,NULL,NULL),(207,110,2,2,2,'2008-07-22 12:52:16','0.00','37.00',NULL,NULL,'#b592116e0db293be8994bc48ba313373',NULL,'',NULL,NULL,NULL,NULL,NULL,NULL,NULL,NULL,0,0,1,NULL,NULL,NULL),(208,327,3,1,2,'2009-02-12 07:17:34','0.00','66.00',NULL,NULL,'#9dd4ac5d8699f5f11a54b4f00138abcf',NULL,'',NULL,NULL,NULL,NULL,NULL,NULL,NULL,NULL,0,0,6,NULL,NULL,NULL),(209,496,4,3,5,'2008-11-05 02:38:47','0.00','61.00',NULL,NULL,'#e173ac5656074a42b41949129442df4d',NULL,'',NULL,NULL,NULL,NULL,NULL,NULL,NULL,NULL,0,0,4,NULL,NULL,NULL),(210,284,4,1,3,'2008-11-16 05:57:16','0.00','21.00',NULL,NULL,'#0e83a5fb4a6ec41c1637d0f004140c4c',NULL,'',NULL,NULL,NULL,NULL,NULL,NULL,NULL,NULL,0,0,6,NULL,NULL,NULL),(211,352,3,3,1,'2008-07-29 02:20:05','0.00','15.00',NULL,NULL,'#ba68251ec597b7ec92b08b6e3ace3e5d',NULL,'',NULL,NULL,NULL,NULL,NULL,NULL,NULL,NULL,0,0,2,NULL,NULL,NULL),(212,310,3,3,5,'2009-03-06 03:22:26','0.00','81.00',NULL,NULL,'#d5004d86c30143fad3f268cee81a7cea',NULL,'',NULL,NULL,NULL,NULL,NULL,NULL,NULL,NULL,0,0,2,NULL,NULL,NULL),(213,125,3,2,3,'2009-01-26 05:05:15','0.00','32.00',NULL,NULL,'#d57d96538a448190c4bfc44e00f4f6cd',NULL,'',NULL,NULL,NULL,NULL,NULL,NULL,NULL,NULL,0,0,2,NULL,NULL,NULL),(214,458,3,3,4,'2008-12-06 05:56:47','0.00','84.00',NULL,NULL,'#7b493a0d6e19159d0a4479c2ec54f108',NULL,'',NULL,NULL,NULL,NULL,NULL,NULL,NULL,NULL,0,0,3,NULL,NULL,NULL),(215,455,4,1,4,'2009-03-03 12:05:00','0.00','88.00',NULL,NULL,'#0bab837500895377c5dd81f3da4c0f59',NULL,'',NULL,NULL,NULL,NULL,NULL,NULL,NULL,NULL,0,0,3,NULL,NULL,NULL),(216,70,1,1,5,'2008-05-29 01:45:10','0.00','69.00',NULL,NULL,'#54bc93f6d61487856b522a1009a15839',NULL,'',NULL,NULL,NULL,NULL,NULL,NULL,NULL,NULL,0,0,4,NULL,NULL,NULL),(217,452,4,1,1,'2009-05-03 01:10:24','0.00','16.00',NULL,NULL,'#fd41ccefe8ad20a99315382eb02a652b',NULL,'',NULL,NULL,NULL,NULL,NULL,NULL,NULL,NULL,0,0,1,NULL,NULL,NULL),(218,309,1,1,1,'2009-05-19 06:15:01','0.00','78.00',NULL,NULL,'#1bcb1fadf448cca4662bd8afd9a9a661',NULL,'',NULL,NULL,NULL,NULL,NULL,NULL,NULL,NULL,0,0,6,NULL,NULL,NULL),(219,350,1,2,1,'2009-05-19 11:17:10','0.00','69.00',NULL,NULL,'#2a2a36ea335581a108e78ac70e9588cf',NULL,'',NULL,NULL,NULL,NULL,NULL,NULL,NULL,NULL,0,0,1,NULL,NULL,NULL),(220,397,3,1,4,'2009-01-01 12:26:13','0.00','68.00',NULL,NULL,'#bc9b91f0e060b9cc94ec2606d7575c7d',NULL,'',NULL,NULL,NULL,NULL,NULL,NULL,NULL,NULL,0,0,6,NULL,NULL,NULL),(221,463,3,3,4,'2009-02-24 04:29:46','0.00','64.00',NULL,NULL,'#426f82fe31856b5a1590030dace6c096',NULL,'',NULL,NULL,NULL,NULL,NULL,NULL,NULL,NULL,0,0,6,NULL,NULL,NULL),(222,301,3,3,4,'2008-07-03 04:49:35','0.00','20.00',NULL,NULL,'#c56d4f1955a1c0bfc325d6b370c421bc',NULL,'',NULL,NULL,NULL,NULL,NULL,NULL,NULL,NULL,0,0,6,NULL,NULL,NULL),(223,429,3,3,5,'2009-04-08 02:35:01','0.00','22.00',NULL,NULL,'#22823422179848e3b733f91514af4bcd',NULL,'',NULL,NULL,NULL,NULL,NULL,NULL,NULL,NULL,0,0,6,NULL,NULL,NULL),(224,12,4,3,4,'2009-01-08 02:53:48','0.00','93.00',NULL,NULL,'#b779c86d7941d472c7297a851eb16eb8',NULL,'',NULL,NULL,NULL,NULL,NULL,NULL,NULL,NULL,0,0,1,NULL,NULL,NULL),(225,153,4,2,3,'2008-06-19 12:35:27','0.00','66.00',NULL,NULL,'#5f00029877ef7db6a1d95e69be057cb6',NULL,'',NULL,NULL,NULL,NULL,NULL,NULL,NULL,NULL,0,0,6,NULL,NULL,NULL),(226,291,2,2,1,'2008-12-30 08:48:32','0.00','95.00',NULL,NULL,'#b717313b761a6e93ed7362819cf006d7',NULL,'',NULL,NULL,NULL,NULL,NULL,NULL,NULL,NULL,0,0,6,NULL,NULL,NULL),(227,249,2,2,1,'2008-11-29 07:10:28','0.00','23.00',NULL,NULL,'#80801d4b8593599896c067dcc467adb0',NULL,'',NULL,NULL,NULL,NULL,NULL,NULL,NULL,NULL,0,0,5,NULL,NULL,NULL),(228,473,1,3,4,'2009-03-05 02:33:25','0.00','52.00',NULL,NULL,'#a90885ed853581bbc1a1a766741785fb',NULL,'',NULL,NULL,NULL,NULL,NULL,NULL,NULL,NULL,0,0,6,NULL,NULL,NULL),(229,403,2,3,2,'2008-12-14 11:08:35','0.00','67.00',NULL,NULL,'#e70584decc2b4ed354e8bf557ab789cf',NULL,'',NULL,NULL,NULL,NULL,NULL,NULL,NULL,NULL,0,0,1,NULL,NULL,NULL),(230,74,3,2,4,'2008-10-31 08:09:04','0.00','44.00',NULL,NULL,'#0bb717026afedcbbfee3143e3bd9ce16',NULL,'',NULL,NULL,NULL,NULL,NULL,NULL,NULL,NULL,0,0,5,NULL,NULL,NULL),(231,189,2,2,4,'2008-12-07 08:01:55','0.00','52.00',NULL,NULL,'#097fb441d2d866558123715f9c73c172',NULL,'',NULL,NULL,NULL,NULL,NULL,NULL,NULL,NULL,0,0,6,NULL,NULL,NULL),(232,62,1,2,1,'2009-05-04 04:22:59','0.00','90.00',NULL,NULL,'#48fd735630a2ecc890e68b7b3ff01e8a',NULL,'',NULL,NULL,NULL,NULL,NULL,NULL,NULL,NULL,0,0,4,NULL,NULL,NULL),(233,147,3,1,2,'2008-06-08 03:44:52','0.00','24.00',NULL,NULL,'#79108949e4354e0b6b9f145ebe67b7a7',NULL,'',NULL,NULL,NULL,NULL,NULL,NULL,NULL,NULL,0,0,5,NULL,NULL,NULL),(234,372,4,1,1,'2009-05-08 05:38:15','0.00','65.00',NULL,NULL,'#1c601a590b37708d3f12ef94a14ecd31',NULL,'',NULL,NULL,NULL,NULL,NULL,NULL,NULL,NULL,0,0,4,NULL,NULL,NULL),(235,81,4,2,4,'2008-11-09 12:32:06','0.00','81.00',NULL,NULL,'#d2e01b27b9fdf6d6de402c096890628b',NULL,'',NULL,NULL,NULL,NULL,NULL,NULL,NULL,NULL,0,0,6,NULL,NULL,NULL),(236,82,4,2,1,'2008-11-01 06:55:06','0.00','55.00',NULL,NULL,'#d12dad10aa6170a9c1db43f56ec568b7',NULL,'',NULL,NULL,NULL,NULL,NULL,NULL,NULL,NULL,0,0,1,NULL,NULL,NULL),(237,227,2,1,3,'2008-08-17 03:32:09','0.00','32.00',NULL,NULL,'#f6902c46d4270e9c0a0a323063e44cc1',NULL,'',NULL,NULL,NULL,NULL,NULL,NULL,NULL,NULL,0,0,2,NULL,NULL,NULL),(238,161,4,1,2,'2009-03-06 03:38:01','0.00','81.00',NULL,NULL,'#1ca01522a08a7f10c2721400fcbd7660',NULL,'',NULL,NULL,NULL,NULL,NULL,NULL,NULL,NULL,0,0,2,NULL,NULL,NULL),(239,481,2,3,2,'2008-07-05 06:15:30','0.00','87.00',NULL,NULL,'#e77bd16a2e85040718d15e30a919199d',NULL,'',NULL,NULL,NULL,NULL,NULL,NULL,NULL,NULL,0,0,3,NULL,NULL,NULL),(240,15,1,2,3,'2009-03-21 04:44:21','0.00','38.00',NULL,NULL,'#d64e92028a62da70f62c25e05be2a523',NULL,'',NULL,NULL,NULL,NULL,NULL,NULL,NULL,NULL,0,0,2,NULL,NULL,NULL),(241,456,2,3,3,'2008-08-11 08:11:16','0.00','54.00',NULL,NULL,'#5ed06b9c2f8069d31d24fa3b4b00b549',NULL,'',NULL,NULL,NULL,NULL,NULL,NULL,NULL,NULL,0,0,3,NULL,NULL,NULL),(242,109,1,3,1,'2008-11-13 02:40:30','0.00','22.00',NULL,NULL,'#dbdae7e4c8e33abd8426143a7bb8b381',NULL,'',NULL,NULL,NULL,NULL,NULL,NULL,NULL,NULL,0,0,6,NULL,NULL,NULL),(243,60,4,3,5,'2008-12-05 03:43:39','0.00','97.00',NULL,NULL,'#c0074bd10ad206c42ad59cf3e3757b34',NULL,'',NULL,NULL,NULL,NULL,NULL,NULL,NULL,NULL,0,0,4,NULL,NULL,NULL),(244,67,1,2,5,'2009-04-14 02:47:51','0.00','81.00',NULL,NULL,'#dd15524703e98371c054d44d49712ecf',NULL,'',NULL,NULL,NULL,NULL,NULL,NULL,NULL,NULL,0,0,3,NULL,NULL,NULL),(245,499,4,3,4,'2009-02-10 11:44:22','0.00','84.00',NULL,NULL,'#389c9e465226518163f5f66de51539a1',NULL,'',NULL,NULL,NULL,NULL,NULL,NULL,NULL,NULL,0,0,2,NULL,NULL,NULL),(246,135,1,3,1,'2009-01-01 09:27:03','0.00','60.00',NULL,NULL,'#6a298ce865a8e2ef502d0c289e0cbd35',NULL,'',NULL,NULL,NULL,NULL,NULL,NULL,NULL,NULL,0,0,3,NULL,NULL,NULL),(247,178,2,2,1,'2008-06-24 06:41:30','0.00','59.00',NULL,NULL,'#a561d65a6df7d86cd6b844dfe588b942',NULL,'',NULL,NULL,NULL,NULL,NULL,NULL,NULL,NULL,0,0,3,NULL,NULL,NULL),(248,343,1,2,5,'2008-05-30 07:16:42','0.00','50.00',NULL,NULL,'#1cecf9f3bc8f6680618ed7136c80b2e0',NULL,'',NULL,NULL,NULL,NULL,NULL,NULL,NULL,NULL,0,0,1,NULL,NULL,NULL),(249,432,1,1,3,'2009-04-22 06:12:42','0.00','40.00',NULL,NULL,'#063420e6c6badcece599977266897c9b',NULL,'',NULL,NULL,NULL,NULL,NULL,NULL,NULL,NULL,0,0,3,NULL,NULL,NULL),(250,79,2,1,3,'2008-06-21 04:14:40','0.00','54.00',NULL,NULL,'#5e61d60c4a245b7df87e60962c4bc776',NULL,'',NULL,NULL,NULL,NULL,NULL,NULL,NULL,NULL,0,0,4,NULL,NULL,NULL),(251,90,2,1,3,'2008-07-06 11:06:40','0.00','57.00',NULL,NULL,'#9847fe4136c94652b950f1e4667fae59',NULL,'',NULL,NULL,NULL,NULL,NULL,NULL,NULL,NULL,0,0,1,NULL,NULL,NULL),(252,192,3,1,5,'2009-02-01 09:50:28','0.00','66.00',NULL,NULL,'#601fa885e4b222073a245938dc102d83',NULL,'',NULL,NULL,NULL,NULL,NULL,NULL,NULL,NULL,0,0,5,NULL,NULL,NULL),(253,148,1,2,4,'2009-05-11 04:54:17','0.00','33.00',NULL,NULL,'#4a9e642f282f5ac7d4c63cdeb4e9c815',NULL,'',NULL,NULL,NULL,NULL,NULL,NULL,NULL,NULL,0,0,2,NULL,NULL,NULL),(254,105,2,3,2,'2008-07-28 12:48:08','0.00','10.00',NULL,NULL,'#197dc484dfdbc2e1026167fd8cb4bd3c',NULL,'',NULL,NULL,NULL,NULL,NULL,NULL,NULL,NULL,0,0,2,NULL,NULL,NULL),(255,461,4,1,5,'2008-12-01 07:41:44','0.00','56.00',NULL,NULL,'#ba561d7d1f717245f4e2ba5f9f7d2d41',NULL,'',NULL,NULL,NULL,NULL,NULL,NULL,NULL,NULL,0,0,3,NULL,NULL,NULL),(256,368,4,3,2,'2009-04-17 03:26:01','0.00','14.00',NULL,NULL,'#0c88f2f1d7c850f1db81ca9c7a6e055d',NULL,'',NULL,NULL,NULL,NULL,NULL,NULL,NULL,NULL,0,0,1,NULL,NULL,NULL),(257,7,2,2,4,'2009-05-06 06:02:11','0.00','42.00',NULL,NULL,'#03591369e99ed405d38a767c84ce1f04',NULL,'',NULL,NULL,NULL,NULL,NULL,NULL,NULL,NULL,0,0,2,NULL,NULL,NULL),(258,196,1,3,4,'2008-08-19 10:54:57','0.00','71.00',NULL,NULL,'#aacca6cce477c372dc4694339b771ea0',NULL,'',NULL,NULL,NULL,NULL,NULL,NULL,NULL,NULL,0,0,5,NULL,NULL,NULL),(259,298,4,1,3,'2008-06-28 09:19:34','0.00','35.00',NULL,NULL,'#c828a998bf674da4c7c7fd662128ad13',NULL,'',NULL,NULL,NULL,NULL,NULL,NULL,NULL,NULL,0,0,1,NULL,NULL,NULL),(260,240,4,1,4,'2009-05-05 01:28:48','0.00','99.00',NULL,NULL,'#86f2b18a3423488a04ce7d594194dbd7',NULL,'',NULL,NULL,NULL,NULL,NULL,NULL,NULL,NULL,0,0,3,NULL,NULL,NULL),(261,231,4,2,1,'2009-02-19 07:01:01','0.00','33.00',NULL,NULL,'#23947591a006a89ff7078ba33ee960d9',NULL,'',NULL,NULL,NULL,NULL,NULL,NULL,NULL,NULL,0,0,1,NULL,NULL,NULL),(262,257,1,3,1,'2009-05-12 03:59:08','0.00','72.00',NULL,NULL,'#9859d8f100d57628ee3740ff79c4b658',NULL,'',NULL,NULL,NULL,NULL,NULL,NULL,NULL,NULL,0,0,3,NULL,NULL,NULL),(263,271,2,3,4,'2009-03-14 06:06:18','0.00','36.00',NULL,NULL,'#a2f3bb0ed334bcfd24ac94b29755d3c3',NULL,'',NULL,NULL,NULL,NULL,NULL,NULL,NULL,NULL,0,0,5,NULL,NULL,NULL),(264,356,1,2,1,'2009-04-28 07:23:47','0.00','94.00',NULL,NULL,'#558b06f392d6660e6e17e8c23faa7ff6',NULL,'',NULL,NULL,NULL,NULL,NULL,NULL,NULL,NULL,0,0,1,NULL,NULL,NULL),(265,341,3,2,4,'2009-04-14 02:11:47','0.00','81.00',NULL,NULL,'#1d2745bc2e661763d9d3a5781997a3f5',NULL,'',NULL,NULL,NULL,NULL,NULL,NULL,NULL,NULL,0,0,6,NULL,NULL,NULL),(266,443,2,3,1,'2009-05-10 04:46:02','0.00','35.00',NULL,NULL,'#98235f382cfeedb3a37d97b293fbbee9',NULL,'',NULL,NULL,NULL,NULL,NULL,NULL,NULL,NULL,0,0,2,NULL,NULL,NULL),(267,154,1,3,3,'2008-11-09 06:46:33','0.00','25.00',NULL,NULL,'#7e68f7ab121895e2955f3b930ccb5d7c',NULL,'',NULL,NULL,NULL,NULL,NULL,NULL,NULL,NULL,0,0,1,NULL,NULL,NULL),(268,88,2,2,4,'2008-08-04 11:12:43','0.00','98.00',NULL,NULL,'#c4ecd2efb54ab01dd4fcba55a31deb3e',NULL,'',NULL,NULL,NULL,NULL,NULL,NULL,NULL,NULL,0,0,2,NULL,NULL,NULL),(269,383,3,1,5,'2008-06-24 02:31:05','0.00','80.00',NULL,NULL,'#31b58c589d7fd9516e811facd6ae62a7',NULL,'',NULL,NULL,NULL,NULL,NULL,NULL,NULL,NULL,0,0,5,NULL,NULL,NULL),(270,418,1,1,3,'2009-03-25 12:08:37','0.00','51.00',NULL,NULL,'#4a2ce4ac36abdd2360c057fc8891082e',NULL,'',NULL,NULL,NULL,NULL,NULL,NULL,NULL,NULL,0,0,2,NULL,NULL,NULL),(271,37,1,3,3,'2008-10-18 02:47:33','0.00','97.00',NULL,NULL,'#4f8c351fd5e3285117400441f9559190',NULL,'',NULL,NULL,NULL,NULL,NULL,NULL,NULL,NULL,0,0,2,NULL,NULL,NULL),(272,329,1,2,1,'2009-01-28 12:21:36','0.00','62.00',NULL,NULL,'#ad95b2ab6222a6b5e7891cc2a290c909',NULL,'',NULL,NULL,NULL,NULL,NULL,NULL,NULL,NULL,0,0,4,NULL,NULL,NULL),(273,136,3,3,5,'2008-08-14 09:01:33','0.00','12.00',NULL,NULL,'#597d1f57d7df5aa16b1fca423fe34302',NULL,'',NULL,NULL,NULL,NULL,NULL,NULL,NULL,NULL,0,0,2,NULL,NULL,NULL),(274,486,4,1,2,'2008-06-04 09:51:20','0.00','13.00',NULL,NULL,'#1b16ab70c0f26754b5c5600c0987ae27',NULL,'',NULL,NULL,NULL,NULL,NULL,NULL,NULL,NULL,0,0,3,NULL,NULL,NULL),(275,66,4,2,4,'2008-08-25 08:51:19','0.00','39.00',NULL,NULL,'#6f7dbafe511dfbd7832597200813bdbb',NULL,'',NULL,NULL,NULL,NULL,NULL,NULL,NULL,NULL,0,0,6,NULL,NULL,NULL),(276,155,1,3,1,'2008-11-20 10:46:22','0.00','88.00',NULL,NULL,'#040f49842dc2fd2a6a55098b9ca7cad2',NULL,'',NULL,NULL,NULL,NULL,NULL,NULL,NULL,NULL,0,0,1,NULL,NULL,NULL),(277,138,3,1,1,'2009-01-13 11:53:18','0.00','68.00',NULL,NULL,'#9cae389ea418cee2f09b9a74a1945c5e',NULL,'',NULL,NULL,NULL,NULL,NULL,NULL,NULL,NULL,0,0,6,NULL,NULL,NULL),(278,190,4,3,4,'2008-12-10 08:15:12','0.00','35.00',NULL,NULL,'#751f1b6dff38bb3b4ae96891163b110d',NULL,'',NULL,NULL,NULL,NULL,NULL,NULL,NULL,NULL,0,0,5,NULL,NULL,NULL),(279,475,3,1,3,'2008-08-22 12:20:22','0.00','94.00',NULL,NULL,'#7c2a954c5663a50955993e68f7e9524d',NULL,'',NULL,NULL,NULL,NULL,NULL,NULL,NULL,NULL,0,0,1,NULL,NULL,NULL),(280,291,2,2,4,'2008-09-04 02:26:25','0.00','38.00',NULL,NULL,'#073794fe3fa3552ac00bb0683b2dce82',NULL,'',NULL,NULL,NULL,NULL,NULL,NULL,NULL,NULL,0,0,4,NULL,NULL,NULL),(281,85,3,1,1,'2009-03-10 04:29:00','0.00','12.00',NULL,NULL,'#62e50e644b11a531bfcd578b89c9d409',NULL,'',NULL,NULL,NULL,NULL,NULL,NULL,NULL,NULL,0,0,4,NULL,NULL,NULL),(282,446,1,1,1,'2008-12-30 07:28:59','0.00','63.00',NULL,NULL,'#c00df40997ad45dee4bf747ae18acaf5',NULL,'',NULL,NULL,NULL,NULL,NULL,NULL,NULL,NULL,0,0,2,NULL,NULL,NULL),(283,497,3,2,4,'2009-04-14 11:44:18','0.00','56.00',NULL,NULL,'#44cb7cc2c25c8cc471b04990cedf250c',NULL,'',NULL,NULL,NULL,NULL,NULL,NULL,NULL,NULL,0,0,6,NULL,NULL,NULL),(284,75,2,3,3,'2008-11-29 08:21:48','0.00','84.00',NULL,NULL,'#baad7cdbf7466d66ec865d1dc29e8be6',NULL,'',NULL,NULL,NULL,NULL,NULL,NULL,NULL,NULL,0,0,3,NULL,NULL,NULL),(285,155,4,1,4,'2008-10-24 09:03:44','0.00','69.00',NULL,NULL,'#92e65ca718d97b4a0cbd5ec61c20fc55',NULL,'',NULL,NULL,NULL,NULL,NULL,NULL,NULL,NULL,0,0,1,NULL,NULL,NULL),(286,112,2,2,5,'2009-01-13 10:34:35','0.00','63.00',NULL,NULL,'#f7ac028f00f8c61c32b7c06fa2856bf8',NULL,'',NULL,NULL,NULL,NULL,NULL,NULL,NULL,NULL,0,0,4,NULL,NULL,NULL),(287,115,2,1,2,'2008-11-09 07:31:49','0.00','74.00',NULL,NULL,'#a3111fa3d3cd9c47c48c62fd940cf1c5',NULL,'',NULL,NULL,NULL,NULL,NULL,NULL,NULL,NULL,0,0,6,NULL,NULL,NULL),(288,201,1,2,2,'2009-03-08 12:37:58','0.00','95.00',NULL,NULL,'#805b13e02b5ea80021ca5ce57ebfc784',NULL,'',NULL,NULL,NULL,NULL,NULL,NULL,NULL,NULL,0,0,2,NULL,NULL,NULL),(289,371,3,2,1,'2009-05-06 09:42:55','0.00','75.00',NULL,NULL,'#e81544e2d51457c014408ee5160bd1b8',NULL,'',NULL,NULL,NULL,NULL,NULL,NULL,NULL,NULL,0,0,5,NULL,NULL,NULL),(290,426,2,2,5,'2008-11-15 08:57:02','0.00','67.00',NULL,NULL,'#4b86efe7eb6472d5fe7d7b374b9cbe5b',NULL,'',NULL,NULL,NULL,NULL,NULL,NULL,NULL,NULL,0,0,1,NULL,NULL,NULL),(291,343,2,2,1,'2008-07-03 09:19:47','0.00','34.00',NULL,NULL,'#23c18f0ab6fb6a97ac92e6de0c3e13fe',NULL,'',NULL,NULL,NULL,NULL,NULL,NULL,NULL,NULL,0,0,4,NULL,NULL,NULL),(292,300,1,3,2,'2009-05-01 05:05:23','0.00','57.00',NULL,NULL,'#8331e1325ea4172c5510618438521427',NULL,'',NULL,NULL,NULL,NULL,NULL,NULL,NULL,NULL,0,0,2,NULL,NULL,NULL),(293,131,3,2,5,'2008-10-07 10:26:34','0.00','25.00',NULL,NULL,'#b89efc32d5aa7e5ea24b79308f796a59',NULL,'',NULL,NULL,NULL,NULL,NULL,NULL,NULL,NULL,0,0,3,NULL,NULL,NULL),(294,399,4,1,3,'2009-01-19 05:42:12','0.00','90.00',NULL,NULL,'#45143cecfc4a5b7b9501b14d0c529735',NULL,'',NULL,NULL,NULL,NULL,NULL,NULL,NULL,NULL,0,0,3,NULL,NULL,NULL),(295,332,3,3,2,'2008-06-17 03:48:34','0.00','15.00',NULL,NULL,'#78f855652e96afdfa8557f8bac9e0dfc',NULL,'',NULL,NULL,NULL,NULL,NULL,NULL,NULL,NULL,0,0,5,NULL,NULL,NULL),(296,284,3,2,5,'2008-09-15 09:13:28','0.00','95.00',NULL,NULL,'#3cf7964484e6e427a2c3f4d90c08e9c0',NULL,'',NULL,NULL,NULL,NULL,NULL,NULL,NULL,NULL,0,0,3,NULL,NULL,NULL),(297,318,3,3,4,'2009-01-03 04:29:33','0.00','84.00',NULL,NULL,'#5f5a016eb971aae0069f5933a8b1fc83',NULL,'',NULL,NULL,NULL,NULL,NULL,NULL,NULL,NULL,0,0,6,NULL,NULL,NULL),(298,300,4,3,5,'2009-03-24 07:01:52','0.00','61.00',NULL,NULL,'#31ea8ed59ff7cefb24a81a83fdb3f94d',NULL,'',NULL,NULL,NULL,NULL,NULL,NULL,NULL,NULL,0,0,3,NULL,NULL,NULL),(299,481,4,3,5,'2008-11-03 02:00:47','0.00','31.00',NULL,NULL,'#0097ff553a67a97ba00cfc59f9de8984',NULL,'',NULL,NULL,NULL,NULL,NULL,NULL,NULL,NULL,0,0,1,NULL,NULL,NULL),(300,439,1,3,2,'2008-06-25 11:26:57','0.00','70.00',NULL,NULL,'#57c72f659fa13965386cebec317c5929',NULL,'',NULL,NULL,NULL,NULL,NULL,NULL,NULL,NULL,0,0,5,NULL,NULL,NULL),(301,107,1,2,5,'2009-04-10 02:50:16','0.00','15.00',NULL,NULL,'#7b6ba7da36a20e6695e6e896a89f0770',NULL,'',NULL,NULL,NULL,NULL,NULL,NULL,NULL,NULL,0,0,2,NULL,NULL,NULL),(302,118,1,1,3,'2009-04-12 10:55:03','0.00','30.00',NULL,NULL,'#8d645776303ecc61f9695c4dc635d6f1',NULL,'',NULL,NULL,NULL,NULL,NULL,NULL,NULL,NULL,0,0,6,NULL,NULL,NULL),(303,18,4,2,4,'2008-05-30 10:25:47','0.00','85.00',NULL,NULL,'#2a4b090586ea8453055664c7203ba954',NULL,'',NULL,NULL,NULL,NULL,NULL,NULL,NULL,NULL,0,0,5,NULL,NULL,NULL),(304,381,2,2,3,'2008-06-03 09:09:39','0.00','59.00',NULL,NULL,'#52304ad2c1964060ae14fa334d619afa',NULL,'',NULL,NULL,NULL,NULL,NULL,NULL,NULL,NULL,0,0,5,NULL,NULL,NULL),(305,201,3,3,5,'2009-01-01 04:08:18','0.00','60.00',NULL,NULL,'#6d2c16456d425692cce957e8274063f9',NULL,'',NULL,NULL,NULL,NULL,NULL,NULL,NULL,NULL,0,0,5,NULL,NULL,NULL),(306,118,3,2,5,'2009-01-02 12:59:28','0.00','34.00',NULL,NULL,'#7068e71b8f921c780965594406ac82f6',NULL,'',NULL,NULL,NULL,NULL,NULL,NULL,NULL,NULL,0,0,6,NULL,NULL,NULL),(307,37,3,3,5,'2009-03-21 11:04:35','0.00','86.00',NULL,NULL,'#f9ff7278ea01ba5c30d709c2f0a21683',NULL,'',NULL,NULL,NULL,NULL,NULL,NULL,NULL,NULL,0,0,3,NULL,NULL,NULL),(308,404,1,1,3,'2008-06-25 02:54:28','0.00','26.00',NULL,NULL,'#71b69430ec8580f1579b40f05f03fc41',NULL,'',NULL,NULL,NULL,NULL,NULL,NULL,NULL,NULL,0,0,2,NULL,NULL,NULL),(309,238,4,3,3,'2009-04-11 12:24:36','0.00','22.00',NULL,NULL,'#0b915c3ec506740b837652db92753805',NULL,'',NULL,NULL,NULL,NULL,NULL,NULL,NULL,NULL,0,0,6,NULL,NULL,NULL),(310,281,2,2,4,'2008-12-26 10:04:26','0.00','68.00',NULL,NULL,'#ad5daa693949c6e6492dc43ccb686260',NULL,'',NULL,NULL,NULL,NULL,NULL,NULL,NULL,NULL,0,0,4,NULL,NULL,NULL),(311,108,4,3,1,'2008-11-29 07:31:24','0.00','56.00',NULL,NULL,'#3eb64a93b74cdaf8c3c9c803a212ceec',NULL,'',NULL,NULL,NULL,NULL,NULL,NULL,NULL,NULL,0,0,3,NULL,NULL,NULL),(312,257,3,2,2,'2008-07-16 02:58:28','0.00','90.00',NULL,NULL,'#5c17ff71d2f3e303613df44ff4da9299',NULL,'',NULL,NULL,NULL,NULL,NULL,NULL,NULL,NULL,0,0,3,NULL,NULL,NULL),(313,179,2,1,2,'2009-02-25 12:37:41','0.00','84.00',NULL,NULL,'#ab28013254f9da9d5afef5cc3d58da0c',NULL,'',NULL,NULL,NULL,NULL,NULL,NULL,NULL,NULL,0,0,1,NULL,NULL,NULL),(314,335,1,2,1,'2009-03-14 07:17:04','0.00','63.00',NULL,NULL,'#c0a34016454bf6b71429e2a042516c66',NULL,'',NULL,NULL,NULL,NULL,NULL,NULL,NULL,NULL,0,0,2,NULL,NULL,NULL),(315,230,3,1,5,'2008-08-16 08:36:50','0.00','57.00',NULL,NULL,'#afa72d0bff029ee6c0fa13e825b80aa5',NULL,'',NULL,NULL,NULL,NULL,NULL,NULL,NULL,NULL,0,0,1,NULL,NULL,NULL),(316,135,2,2,1,'2009-04-26 06:18:37','0.00','74.00',NULL,NULL,'#c1460254a042025910a26cf1cc02adc6',NULL,'',NULL,NULL,NULL,NULL,NULL,NULL,NULL,NULL,0,0,3,NULL,NULL,NULL),(317,92,1,3,4,'2009-04-06 10:48:29','0.00','80.00',NULL,NULL,'#ae17bfe2c4453e6c615afd49f9533fd3',NULL,'',NULL,NULL,NULL,NULL,NULL,NULL,NULL,NULL,0,0,4,NULL,NULL,NULL),(318,472,1,2,5,'2008-11-19 11:39:56','0.00','31.00',NULL,NULL,'#8fccd7db76d6f6b2d4c32804fe115549',NULL,'',NULL,NULL,NULL,NULL,NULL,NULL,NULL,NULL,0,0,4,NULL,NULL,NULL),(319,210,1,1,3,'2009-01-18 11:56:51','0.00','24.00',NULL,NULL,'#9570401ee7ee6186c40fc6276213e0f2',NULL,'',NULL,NULL,NULL,NULL,NULL,NULL,NULL,NULL,0,0,3,NULL,NULL,NULL),(320,380,2,2,5,'2008-09-07 12:41:15','0.00','87.00',NULL,NULL,'#588734331c6c0f1a0d8b0b7a8f07f624',NULL,'',NULL,NULL,NULL,NULL,NULL,NULL,NULL,NULL,0,0,4,NULL,NULL,NULL),(321,483,3,3,2,'2008-06-01 07:17:08','0.00','64.00',NULL,NULL,'#2081833b091fe7d72eabb34896051d60',NULL,'',NULL,NULL,NULL,NULL,NULL,NULL,NULL,NULL,0,0,6,NULL,NULL,NULL),(322,437,2,2,1,'2008-10-14 04:42:16','0.00','51.00',NULL,NULL,'#3a0a461ba9490a1229fbb7bfbfde5131',NULL,'',NULL,NULL,NULL,NULL,NULL,NULL,NULL,NULL,0,0,1,NULL,NULL,NULL),(323,350,2,3,5,'2009-01-02 10:35:28','0.00','73.00',NULL,NULL,'#74ba3832fc5167cfdd30f1828244e70e',NULL,'',NULL,NULL,NULL,NULL,NULL,NULL,NULL,NULL,0,0,4,NULL,NULL,NULL),(324,361,2,3,4,'2008-11-02 12:01:52','0.00','10.00',NULL,NULL,'#f232017cdc31b24c35f28597b954a335',NULL,'',NULL,NULL,NULL,NULL,NULL,NULL,NULL,NULL,0,0,1,NULL,NULL,NULL),(325,328,4,2,3,'2008-07-26 12:00:23','0.00','40.00',NULL,NULL,'#79695f7f811022427ebeb3dfa010cd34',NULL,'',NULL,NULL,NULL,NULL,NULL,NULL,NULL,NULL,0,0,5,NULL,NULL,NULL),(326,394,1,3,4,'2008-09-14 11:23:12','0.00','81.00',NULL,NULL,'#30aef7dd30c69c90b6b0e94222fb9f29',NULL,'',NULL,NULL,NULL,NULL,NULL,NULL,NULL,NULL,0,0,5,NULL,NULL,NULL),(327,2,4,2,5,'2008-11-15 11:04:18','0.00','45.00',NULL,NULL,'#c92e661be1522cbcc34cf989bed8d847',NULL,'',NULL,NULL,NULL,NULL,NULL,NULL,NULL,NULL,0,0,5,NULL,NULL,NULL),(328,178,2,1,3,'2009-01-21 08:43:19','0.00','65.00',NULL,NULL,'#58fb0be98ee9ec55c502e515a00b9646',NULL,'',NULL,NULL,NULL,NULL,NULL,NULL,NULL,NULL,0,0,3,NULL,NULL,NULL),(329,184,4,1,3,'2009-02-28 12:16:02','0.00','29.00',NULL,NULL,'#91158b75b0ae267741ce055929c7c9a0',NULL,'',NULL,NULL,NULL,NULL,NULL,NULL,NULL,NULL,0,0,5,NULL,NULL,NULL),(330,58,2,2,4,'2009-05-18 03:37:40','0.00','91.00',NULL,NULL,'#a8b9d4f757ee3abf438a4a0d75bf6fd4',NULL,'',NULL,NULL,NULL,NULL,NULL,NULL,NULL,NULL,0,0,5,NULL,NULL,NULL),(331,297,2,1,2,'2009-02-06 12:36:33','0.00','15.00',NULL,NULL,'#fac6deed371fc0f37235551315a5833a',NULL,'',NULL,NULL,NULL,NULL,NULL,NULL,NULL,NULL,0,0,2,NULL,NULL,NULL),(332,178,1,1,2,'2009-05-06 10:34:18','0.00','86.00',NULL,NULL,'#7a3e2204bd4fb33c076f4f42ad050cd5',NULL,'',NULL,NULL,NULL,NULL,NULL,NULL,NULL,NULL,0,0,5,NULL,NULL,NULL),(333,417,1,1,5,'2008-11-10 03:42:49','0.00','67.00',NULL,NULL,'#4a1c4ed93c68d4403ced43220b9c3f8d',NULL,'',NULL,NULL,NULL,NULL,NULL,NULL,NULL,NULL,0,0,3,NULL,NULL,NULL),(334,52,4,3,5,'2008-09-25 11:10:26','0.00','96.00',NULL,NULL,'#d08eec71b6b876cd7d821b997f438f60',NULL,'',NULL,NULL,NULL,NULL,NULL,NULL,NULL,NULL,0,0,5,NULL,NULL,NULL),(335,128,3,2,5,'2008-10-18 12:53:44','0.00','20.00',NULL,NULL,'#8589c3cc144a3fdd0e9de48036e8dc13',NULL,'',NULL,NULL,NULL,NULL,NULL,NULL,NULL,NULL,0,0,5,NULL,NULL,NULL),(336,322,3,2,3,'2008-11-30 04:12:05','0.00','59.00',NULL,NULL,'#afa92768c346b2dbb171c7ace1dbe0b8',NULL,'',NULL,NULL,NULL,NULL,NULL,NULL,NULL,NULL,0,0,6,NULL,NULL,NULL),(337,403,1,3,4,'2008-12-01 11:18:38','0.00','35.00',NULL,NULL,'#42b926b35290c2254af35463bbd9fee6',NULL,'',NULL,NULL,NULL,NULL,NULL,NULL,NULL,NULL,0,0,1,NULL,NULL,NULL),(338,153,3,3,2,'2009-01-03 10:06:48','0.00','25.00',NULL,NULL,'#4f1ca120bb933a4f9b2983dd2b4ad1dc',NULL,'',NULL,NULL,NULL,NULL,NULL,NULL,NULL,NULL,0,0,2,NULL,NULL,NULL),(339,33,2,3,1,'2008-12-15 12:18:13','0.00','77.00',NULL,NULL,'#44a2b82a2d89d42358aed12f5ad4575d',NULL,'',NULL,NULL,NULL,NULL,NULL,NULL,NULL,NULL,0,0,3,NULL,NULL,NULL),(340,407,2,1,4,'2009-03-01 08:24:08','0.00','18.00',NULL,NULL,'#28054bb432602ed0621873cbfe524ee9',NULL,'',NULL,NULL,NULL,NULL,NULL,NULL,NULL,NULL,0,0,3,NULL,NULL,NULL),(341,236,2,2,2,'2009-04-04 07:47:54','0.00','42.00',NULL,NULL,'#c8e698ddd3ddfb1be8ddf21927898f5f',NULL,'',NULL,NULL,NULL,NULL,NULL,NULL,NULL,NULL,0,0,2,NULL,NULL,NULL),(342,487,3,1,1,'2008-06-02 02:28:11','0.00','98.00',NULL,NULL,'#68b6e51d1d464b02fb868c6c7cff03b5',NULL,'',NULL,NULL,NULL,NULL,NULL,NULL,NULL,NULL,0,0,3,NULL,NULL,NULL),(343,27,4,2,2,'2008-12-11 02:00:07','0.00','62.00',NULL,NULL,'#1d91dc75d208252e07128b482e70862e',NULL,'',NULL,NULL,NULL,NULL,NULL,NULL,NULL,NULL,0,0,1,NULL,NULL,NULL),(344,346,2,2,5,'2008-11-30 02:40:51','0.00','21.00',NULL,NULL,'#373217a21af8058c814160779a2f3d0a',NULL,'',NULL,NULL,NULL,NULL,NULL,NULL,NULL,NULL,0,0,2,NULL,NULL,NULL),(345,73,4,1,1,'2009-03-09 08:17:50','0.00','20.00',NULL,NULL,'#38b1eb2fa0069e10920a3ec85cf759ca',NULL,'',NULL,NULL,NULL,NULL,NULL,NULL,NULL,NULL,0,0,5,NULL,NULL,NULL),(346,59,4,1,3,'2008-08-05 09:21:24','0.00','95.00',NULL,NULL,'#aca1ad2a5d5048a4cebe291e2ba91df6',NULL,'',NULL,NULL,NULL,NULL,NULL,NULL,NULL,NULL,0,0,6,NULL,NULL,NULL),(347,305,1,1,2,'2009-05-11 07:52:15','0.00','79.00',NULL,NULL,'#92269f8a5839fe0b15531a9be759fbb2',NULL,'',NULL,NULL,NULL,NULL,NULL,NULL,NULL,NULL,0,0,1,NULL,NULL,NULL),(348,319,1,2,2,'2008-10-11 08:05:44','0.00','74.00',NULL,NULL,'#f5f5da92511242bd4a55a4638c95d039',NULL,'',NULL,NULL,NULL,NULL,NULL,NULL,NULL,NULL,0,0,5,NULL,NULL,NULL),(349,63,4,3,5,'2009-05-12 11:20:27','0.00','88.00',NULL,NULL,'#1815cff3247f8498dedf09abfb8adb6b',NULL,'',NULL,NULL,NULL,NULL,NULL,NULL,NULL,NULL,0,0,6,NULL,NULL,NULL),(350,359,1,3,5,'2008-06-24 06:46:56','0.00','95.00',NULL,NULL,'#4dad237da818bb8cd64ddc768fda5f50',NULL,'',NULL,NULL,NULL,NULL,NULL,NULL,NULL,NULL,0,0,6,NULL,NULL,NULL),(351,465,1,3,1,'2009-03-27 05:19:42','0.00','18.00',NULL,NULL,'#14df0019ea8b20c8398dce9a26dd2cda',NULL,'',NULL,NULL,NULL,NULL,NULL,NULL,NULL,NULL,0,0,5,NULL,NULL,NULL),(352,91,1,1,1,'2009-03-07 03:09:34','0.00','97.00',NULL,NULL,'#611d1c0d5dcad9bfe0c5a305a3ef8974',NULL,'',NULL,NULL,NULL,NULL,NULL,NULL,NULL,NULL,0,0,3,NULL,NULL,NULL),(353,131,1,1,4,'2008-11-24 10:29:01','0.00','91.00',NULL,NULL,'#5e7c8efb41f314f49e15cf8daea9bcff',NULL,'',NULL,NULL,NULL,NULL,NULL,NULL,NULL,NULL,0,0,3,NULL,NULL,NULL),(354,415,4,3,4,'2008-09-28 10:39:06','0.00','22.00',NULL,NULL,'#7474e619b0c71f288caca8d33cc94e3a',NULL,'',NULL,NULL,NULL,NULL,NULL,NULL,NULL,NULL,0,0,4,NULL,NULL,NULL),(355,315,1,3,2,'2008-10-05 05:57:31','0.00','22.00',NULL,NULL,'#b5d3bd02fc76e437e6b6d1cf34114208',NULL,'',NULL,NULL,NULL,NULL,NULL,NULL,NULL,NULL,0,0,4,NULL,NULL,NULL),(356,343,2,1,3,'2008-06-01 05:19:03','0.00','72.00',NULL,NULL,'#b6af82691e639b7df49ce2b2e848ea1a',NULL,'',NULL,NULL,NULL,NULL,NULL,NULL,NULL,NULL,0,0,6,NULL,NULL,NULL),(357,198,1,3,5,'2008-09-20 02:06:41','0.00','13.00',NULL,NULL,'#5c0777814471615afc28f19c5eee13f7',NULL,'',NULL,NULL,NULL,NULL,NULL,NULL,NULL,NULL,0,0,4,NULL,NULL,NULL),(358,238,4,3,5,'2008-09-15 01:54:20','0.00','28.00',NULL,NULL,'#fd36304d34011f2ecdd1abc87510fdf9',NULL,'',NULL,NULL,NULL,NULL,NULL,NULL,NULL,NULL,0,0,4,NULL,NULL,NULL),(359,274,2,3,3,'2008-09-25 04:57:30','0.00','99.00',NULL,NULL,'#fcc7821aad8d1ff96c0b597d9770b666',NULL,'',NULL,NULL,NULL,NULL,NULL,NULL,NULL,NULL,0,0,2,NULL,NULL,NULL),(360,419,3,1,1,'2008-12-09 10:56:13','0.00','75.00',NULL,NULL,'#8ba4271f7535d58a2e428b7e524fcfb8',NULL,'',NULL,NULL,NULL,NULL,NULL,NULL,NULL,NULL,0,0,5,NULL,NULL,NULL),(361,130,2,2,1,'2008-07-22 12:58:40','0.00','91.00',NULL,NULL,'#8cf8bf0de11678403cd60e507612a3cf',NULL,'',NULL,NULL,NULL,NULL,NULL,NULL,NULL,NULL,0,0,5,NULL,NULL,NULL),(362,229,1,2,3,'2009-05-17 08:11:11','0.00','58.00',NULL,NULL,'#9ee15cef2e756bfaaba5ee851571e218',NULL,'',NULL,NULL,NULL,NULL,NULL,NULL,NULL,NULL,0,0,6,NULL,NULL,NULL),(363,358,2,2,1,'2008-06-17 01:11:37','0.00','48.00',NULL,NULL,'#93fdca4fea3fe7603c20f200275bfa4d',NULL,'',NULL,NULL,NULL,NULL,NULL,NULL,NULL,NULL,0,0,4,NULL,NULL,NULL),(364,247,3,3,4,'2008-09-10 07:09:28','0.00','12.00',NULL,NULL,'#f5b1f7c34689a08f1b96761e78af65cd',NULL,'',NULL,NULL,NULL,NULL,NULL,NULL,NULL,NULL,0,0,1,NULL,NULL,NULL),(365,292,1,2,1,'2009-01-14 10:33:00','0.00','71.00',NULL,NULL,'#d2ef7019a35980707430a914548416a8',NULL,'',NULL,NULL,NULL,NULL,NULL,NULL,NULL,NULL,0,0,1,NULL,NULL,NULL),(366,142,2,3,2,'2009-05-08 02:48:07','0.00','52.00',NULL,NULL,'#c012b87e164a9d9bf377ffca6230ddf5',NULL,'',NULL,NULL,NULL,NULL,NULL,NULL,NULL,NULL,0,0,1,NULL,NULL,NULL),(367,149,2,2,4,'2008-10-03 11:58:50','0.00','15.00',NULL,NULL,'#1084e25fd08faa37f36cf32c1ecae9f7',NULL,'',NULL,NULL,NULL,NULL,NULL,NULL,NULL,NULL,0,0,2,NULL,NULL,NULL),(368,448,2,1,2,'2008-10-03 06:27:04','0.00','71.00',NULL,NULL,'#df1b8f2d15eff219092be684d38cb12f',NULL,'',NULL,NULL,NULL,NULL,NULL,NULL,NULL,NULL,0,0,1,NULL,NULL,NULL),(369,478,3,2,3,'2008-11-05 02:56:52','0.00','58.00',NULL,NULL,'#2b73c3b37d44be027f03246619ee62eb',NULL,'',NULL,NULL,NULL,NULL,NULL,NULL,NULL,NULL,0,0,4,NULL,NULL,NULL),(370,96,1,1,1,'2009-01-22 01:42:13','0.00','86.00',NULL,NULL,'#354af3bf57b3e04ccff71b91e6d36fd6',NULL,'',NULL,NULL,NULL,NULL,NULL,NULL,NULL,NULL,0,0,3,NULL,NULL,NULL),(371,44,2,3,3,'2008-10-19 12:58:24','0.00','86.00',NULL,NULL,'#b29b46e68aa86949cff0272e26482e81',NULL,'',NULL,NULL,NULL,NULL,NULL,NULL,NULL,NULL,0,0,3,NULL,NULL,NULL),(372,226,1,2,4,'2008-09-13 11:08:04','0.00','92.00',NULL,NULL,'#bb9ec4564472cf6ead9e066f483406fe',NULL,'',NULL,NULL,NULL,NULL,NULL,NULL,NULL,NULL,0,0,2,NULL,NULL,NULL),(373,99,4,1,3,'2009-03-04 04:23:29','0.00','68.00',NULL,NULL,'#88ab7373c85e9da59d6b03dd405525b8',NULL,'',NULL,NULL,NULL,NULL,NULL,NULL,NULL,NULL,0,0,1,NULL,NULL,NULL),(374,201,3,2,5,'2008-12-04 07:41:35','0.00','24.00',NULL,NULL,'#40109d96e6b5621a12ce8892f2a23898',NULL,'',NULL,NULL,NULL,NULL,NULL,NULL,NULL,NULL,0,0,2,NULL,NULL,NULL),(375,178,3,2,2,'2008-08-20 07:39:58','0.00','66.00',NULL,NULL,'#aae81e0e2beab50614e38b30c6a00845',NULL,'',NULL,NULL,NULL,NULL,NULL,NULL,NULL,NULL,0,0,6,NULL,NULL,NULL),(376,462,3,2,2,'2008-09-02 10:53:39','0.00','48.00',NULL,NULL,'#f04b03a33a7e2a916eccb33855a68ff3',NULL,'',NULL,NULL,NULL,NULL,NULL,NULL,NULL,NULL,0,0,6,NULL,NULL,NULL),(377,211,3,3,1,'2009-04-03 01:59:37','0.00','91.00',NULL,NULL,'#61e8912150580450aa3fff8accdc6286',NULL,'',NULL,NULL,NULL,NULL,NULL,NULL,NULL,NULL,0,0,3,NULL,NULL,NULL),(378,59,4,2,1,'2008-06-24 03:16:12','0.00','63.00',NULL,NULL,'#10be0db35a59b9210436b906742ecf30',NULL,'',NULL,NULL,NULL,NULL,NULL,NULL,NULL,NULL,0,0,3,NULL,NULL,NULL),(379,343,3,1,4,'2008-07-30 10:01:37','0.00','83.00',NULL,NULL,'#9cdb3f2dbb3234ade5bf541c749d9d65',NULL,'',NULL,NULL,NULL,NULL,NULL,NULL,NULL,NULL,0,0,4,NULL,NULL,NULL),(380,104,1,1,1,'2008-10-23 02:07:13','0.00','12.00',NULL,NULL,'#af0b99da725cfa6ed443e58102c7dbe1',NULL,'',NULL,NULL,NULL,NULL,NULL,NULL,NULL,NULL,0,0,4,NULL,NULL,NULL),(381,187,4,1,4,'2008-11-30 07:54:22','0.00','51.00',NULL,NULL,'#769fef3f8ca8fa3ddcd22e0eedc9c856',NULL,'',NULL,NULL,NULL,NULL,NULL,NULL,NULL,NULL,0,0,1,NULL,NULL,NULL),(382,203,4,3,3,'2008-05-29 08:05:34','0.00','49.00',NULL,NULL,'#2d6ed75439a7c0a1915ae9b95f76577a',NULL,'',NULL,NULL,NULL,NULL,NULL,NULL,NULL,NULL,0,0,3,NULL,NULL,NULL),(383,273,1,2,1,'2008-09-09 11:23:26','0.00','35.00',NULL,NULL,'#5ee303b240306eb9011fc2cdccd63f69',NULL,'',NULL,NULL,NULL,NULL,NULL,NULL,NULL,NULL,0,0,3,NULL,NULL,NULL),(384,422,4,3,4,'2008-11-04 10:43:25','0.00','41.00',NULL,NULL,'#d875f1a9988f05ac59446a4c57f745ef',NULL,'',NULL,NULL,NULL,NULL,NULL,NULL,NULL,NULL,0,0,1,NULL,NULL,NULL),(385,323,2,3,1,'2008-09-02 05:26:24','0.00','48.00',NULL,NULL,'#be0f4879fc6ad8783dc5eac903c7b1f7',NULL,'',NULL,NULL,NULL,NULL,NULL,NULL,NULL,NULL,0,0,3,NULL,NULL,NULL),(386,188,2,1,2,'2009-05-02 06:27:32','0.00','96.00',NULL,NULL,'#235403cec032042663ab92350afc051b',NULL,'',NULL,NULL,NULL,NULL,NULL,NULL,NULL,NULL,0,0,5,NULL,NULL,NULL),(387,440,3,2,5,'2008-11-06 05:01:24','0.00','95.00',NULL,NULL,'#018fdfac64a95a5a408503e2c696ddfc',NULL,'',NULL,NULL,NULL,NULL,NULL,NULL,NULL,NULL,0,0,3,NULL,NULL,NULL),(388,197,4,1,4,'2008-12-19 01:23:15','0.00','19.00',NULL,NULL,'#82e5418d7bcf04fe69e6fd274c8b4195',NULL,'',NULL,NULL,NULL,NULL,NULL,NULL,NULL,NULL,0,0,5,NULL,NULL,NULL),(389,115,3,3,5,'2009-01-23 02:16:49','0.00','24.00',NULL,NULL,'#3902321759176bd0cd501b6bb5386539',NULL,'',NULL,NULL,NULL,NULL,NULL,NULL,NULL,NULL,0,0,4,NULL,NULL,NULL),(390,490,3,1,5,'2008-12-14 09:14:08','0.00','97.00',NULL,NULL,'#d43bc66dc120746d82f1128bbe99d432',NULL,'',NULL,NULL,NULL,NULL,NULL,NULL,NULL,NULL,0,0,4,NULL,NULL,NULL),(391,234,1,2,3,'2009-04-23 10:30:48','0.00','72.00',NULL,NULL,'#c1174c2c935c66ed82df90806ba9d969',NULL,'',NULL,NULL,NULL,NULL,NULL,NULL,NULL,NULL,0,0,2,NULL,NULL,NULL),(392,366,2,3,2,'2008-12-29 07:06:39','0.00','62.00',NULL,NULL,'#38cb8ca50b9683862e75aac1c6abf501',NULL,'',NULL,NULL,NULL,NULL,NULL,NULL,NULL,NULL,0,0,1,NULL,NULL,NULL),(393,240,2,2,4,'2009-03-07 07:33:07','0.00','37.00',NULL,NULL,'#ba32cce582cf05404275e006f5bcdf52',NULL,'',NULL,NULL,NULL,NULL,NULL,NULL,NULL,NULL,0,0,3,NULL,NULL,NULL),(394,334,3,2,3,'2009-01-14 04:32:07','0.00','60.00',NULL,NULL,'#c6147b538091cf8a38e6e23db99e1e27',NULL,'',NULL,NULL,NULL,NULL,NULL,NULL,NULL,NULL,0,0,5,NULL,NULL,NULL),(395,68,3,2,4,'2008-10-10 05:29:38','0.00','38.00',NULL,NULL,'#31bc72b9c3197ed9cce7d47033799ba3',NULL,'',NULL,NULL,NULL,NULL,NULL,NULL,NULL,NULL,0,0,6,NULL,NULL,NULL),(396,229,1,2,4,'2009-04-20 05:44:29','0.00','50.00',NULL,NULL,'#4fc291ad2ae62a8074056bb737fe2bd8',NULL,'',NULL,NULL,NULL,NULL,NULL,NULL,NULL,NULL,0,0,5,NULL,NULL,NULL),(397,157,1,2,3,'2009-05-18 02:53:57','0.00','75.00',NULL,NULL,'#25ded97c8c755fc24a79c81206f0ffa0',NULL,'',NULL,NULL,NULL,NULL,NULL,NULL,NULL,NULL,0,0,6,NULL,NULL,NULL),(398,208,2,2,2,'2008-12-30 02:36:50','0.00','95.00',NULL,NULL,'#cd038ab9d9fdf142cb9218e7a40d1089',NULL,'',NULL,NULL,NULL,NULL,NULL,NULL,NULL,NULL,0,0,4,NULL,NULL,NULL),(399,165,2,2,3,'2008-07-01 03:05:02','0.00','27.00',NULL,NULL,'#3969e38d51fbff7e70c9f67fb4404544',NULL,'',NULL,NULL,NULL,NULL,NULL,NULL,NULL,NULL,0,0,3,NULL,NULL,NULL),(400,50,1,1,2,'2008-07-10 10:14:52','0.00','88.00',NULL,NULL,'#f6de1c36838a2268f18c878765f646c3',NULL,'',NULL,NULL,NULL,NULL,NULL,NULL,NULL,NULL,0,0,1,NULL,NULL,NULL),(401,46,3,3,5,'2008-12-28 04:00:43','0.00','69.00',NULL,NULL,'#1c46f23ff93a0874da96935471de0718',NULL,'',NULL,NULL,NULL,NULL,NULL,NULL,NULL,NULL,0,0,5,NULL,NULL,NULL),(402,125,1,1,3,'2008-10-31 02:48:05','0.00','68.00',NULL,NULL,'#be9857b596e2f40af9bf3ceab9c27bf8',NULL,'',NULL,NULL,NULL,NULL,NULL,NULL,NULL,NULL,0,0,1,NULL,NULL,NULL),(403,429,1,3,2,'2008-09-13 06:36:49','0.00','94.00',NULL,NULL,'#ce582075a10bf4705ec6d272e5ea05b2',NULL,'',NULL,NULL,NULL,NULL,NULL,NULL,NULL,NULL,0,0,3,NULL,NULL,NULL),(404,417,2,3,5,'2009-01-03 03:27:09','0.00','82.00',NULL,NULL,'#5c7582c74db9dc5f6e8656be41f1c436',NULL,'',NULL,NULL,NULL,NULL,NULL,NULL,NULL,NULL,0,0,2,NULL,NULL,NULL),(405,321,1,1,2,'2008-09-03 12:21:55','0.00','48.00',NULL,NULL,'#f6522dbd8241cdc9264b07ddd49c73c7',NULL,'',NULL,NULL,NULL,NULL,NULL,NULL,NULL,NULL,0,0,4,NULL,NULL,NULL),(406,11,1,2,2,'2008-10-13 11:50:24','0.00','40.00',NULL,NULL,'#348c99c6c255e99c3e148327381b0d06',NULL,'',NULL,NULL,NULL,NULL,NULL,NULL,NULL,NULL,0,0,5,NULL,NULL,NULL),(407,329,4,2,2,'2009-04-18 07:01:39','0.00','18.00',NULL,NULL,'#5479a885202de49743ed6e7f5c50fa78',NULL,'',NULL,NULL,NULL,NULL,NULL,NULL,NULL,NULL,0,0,2,NULL,NULL,NULL),(408,235,1,3,4,'2009-01-17 04:08:56','0.00','70.00',NULL,NULL,'#d95037cb641dc9c04c4147dc0df5df81',NULL,'',NULL,NULL,NULL,NULL,NULL,NULL,NULL,NULL,0,0,6,NULL,NULL,NULL),(409,13,2,3,3,'2009-04-06 11:52:16','0.00','60.00',NULL,NULL,'#984003d60025a2883a69aa9cdde8a318',NULL,'',NULL,NULL,NULL,NULL,NULL,NULL,NULL,NULL,0,0,3,NULL,NULL,NULL),(410,407,1,1,1,'2009-05-15 01:20:45','0.00','38.00',NULL,NULL,'#22bf9a663c2338493e25d81859bac60e',NULL,'',NULL,NULL,NULL,NULL,NULL,NULL,NULL,NULL,0,0,2,NULL,NULL,NULL),(411,382,2,1,5,'2009-03-06 03:25:27','0.00','89.00',NULL,NULL,'#98d54008816232f4d9ec684487b83949',NULL,'',NULL,NULL,NULL,NULL,NULL,NULL,NULL,NULL,0,0,3,NULL,NULL,NULL),(412,269,1,1,3,'2008-11-28 01:38:05','0.00','31.00',NULL,NULL,'#20cf404766be1482807ee60a0c5cd21e',NULL,'',NULL,NULL,NULL,NULL,NULL,NULL,NULL,NULL,0,0,5,NULL,NULL,NULL),(413,233,3,1,2,'2008-12-12 10:56:40','0.00','61.00',NULL,NULL,'#9e993466756dcdf76a9bdbc2258f6d4c',NULL,'',NULL,NULL,NULL,NULL,NULL,NULL,NULL,NULL,0,0,2,NULL,NULL,NULL),(414,272,2,3,1,'2008-06-14 06:24:14','0.00','18.00',NULL,NULL,'#570f66af240e11de700d9b0ab5008374',NULL,'',NULL,NULL,NULL,NULL,NULL,NULL,NULL,NULL,0,0,3,NULL,NULL,NULL),(415,344,2,3,3,'2008-08-19 06:04:11','0.00','97.00',NULL,NULL,'#b3a812ca58e7c1d61d9155866f3347a8',NULL,'',NULL,NULL,NULL,NULL,NULL,NULL,NULL,NULL,0,0,2,NULL,NULL,NULL),(416,388,2,1,1,'2008-08-22 06:09:32','0.00','22.00',NULL,NULL,'#d91aefa9d83e87c44e4d3fa4309099a8',NULL,'',NULL,NULL,NULL,NULL,NULL,NULL,NULL,NULL,0,0,3,NULL,NULL,NULL),(417,179,3,1,3,'2008-09-26 11:45:01','0.00','96.00',NULL,NULL,'#067c6437e60afaad5281bae7b77103f3',NULL,'',NULL,NULL,NULL,NULL,NULL,NULL,NULL,NULL,0,0,6,NULL,NULL,NULL),(418,347,3,2,3,'2008-08-25 05:20:12','0.00','76.00',NULL,NULL,'#f35c5f68e33e333a26d6f5e2a0f877f8',NULL,'',NULL,NULL,NULL,NULL,NULL,NULL,NULL,NULL,0,0,1,NULL,NULL,NULL),(419,8,4,1,2,'2008-10-23 09:41:32','0.00','14.00',NULL,NULL,'#30d200ea4c1e60756859f32c347ee2ff',NULL,'',NULL,NULL,NULL,NULL,NULL,NULL,NULL,NULL,0,0,5,NULL,NULL,NULL),(420,104,1,1,1,'2008-09-26 10:33:51','0.00','42.00',NULL,NULL,'#06d6e32523570b60ae10b7a6caf1f0e5',NULL,'',NULL,NULL,NULL,NULL,NULL,NULL,NULL,NULL,0,0,2,NULL,NULL,NULL),(421,112,2,2,2,'2009-01-14 08:49:03','0.00','66.00',NULL,NULL,'#658314bd45e82ceeae033e590dda4346',NULL,'',NULL,NULL,NULL,NULL,NULL,NULL,NULL,NULL,0,0,4,NULL,NULL,NULL),(422,388,4,3,2,'2008-09-06 06:22:09','0.00','94.00',NULL,NULL,'#daabb92b6eb2b05b36de00812a239eb4',NULL,'',NULL,NULL,NULL,NULL,NULL,NULL,NULL,NULL,0,0,2,NULL,NULL,NULL),(423,425,1,1,2,'2008-07-17 02:04:49','0.00','34.00',NULL,NULL,'#d4cd27eb55399a3104be15302168b6dd',NULL,'',NULL,NULL,NULL,NULL,NULL,NULL,NULL,NULL,0,0,5,NULL,NULL,NULL),(424,75,2,1,5,'2008-08-14 05:58:34','0.00','33.00',NULL,NULL,'#869e01debe97b345afdc86c87c8a05fe',NULL,'',NULL,NULL,NULL,NULL,NULL,NULL,NULL,NULL,0,0,1,NULL,NULL,NULL),(425,249,4,1,1,'2008-12-13 01:30:40','0.00','70.00',NULL,NULL,'#d30803036d41dfe7b38de92b48bf0733',NULL,'',NULL,NULL,NULL,NULL,NULL,NULL,NULL,NULL,0,0,3,NULL,NULL,NULL),(426,155,1,3,4,'2009-04-18 08:41:03','0.00','87.00',NULL,NULL,'#405352443b8778b1e3ee8ee7d61db279',NULL,'',NULL,NULL,NULL,NULL,NULL,NULL,NULL,NULL,0,0,4,NULL,NULL,NULL),(427,387,1,2,5,'2008-08-11 01:19:17','0.00','85.00',NULL,NULL,'#914b96b0e11eaabcf0d258f4a5a41a4d',NULL,'',NULL,NULL,NULL,NULL,NULL,NULL,NULL,NULL,0,0,6,NULL,NULL,NULL),(428,94,4,3,1,'2008-10-27 12:34:47','0.00','17.00',NULL,NULL,'#f7996fa6cc61e65dce9309fb343a26c5',NULL,'',NULL,NULL,NULL,NULL,NULL,NULL,NULL,NULL,0,0,3,NULL,NULL,NULL),(429,144,3,2,2,'2009-02-19 07:45:12','0.00','42.00',NULL,NULL,'#91e0540eaf822c6779bf0acf8e5219db',NULL,'',NULL,NULL,NULL,NULL,NULL,NULL,NULL,NULL,0,0,4,NULL,NULL,NULL),(430,294,4,1,4,'2008-09-15 06:02:53','0.00','30.00',NULL,NULL,'#ab45d9ec7976e1aa1dde98557425cc86',NULL,'',NULL,NULL,NULL,NULL,NULL,NULL,NULL,NULL,0,0,4,NULL,NULL,NULL),(431,251,4,3,4,'2009-04-02 09:31:04','0.00','88.00',NULL,NULL,'#9f654c0b469c036ead815d0a06624a72',NULL,'',NULL,NULL,NULL,NULL,NULL,NULL,NULL,NULL,0,0,5,NULL,NULL,NULL),(432,104,3,3,4,'2008-06-13 01:21:18','0.00','27.00',NULL,NULL,'#3478695b32a3b6d512cfe50a5871153f',NULL,'',NULL,NULL,NULL,NULL,NULL,NULL,NULL,NULL,0,0,2,NULL,NULL,NULL),(433,365,4,1,3,'2008-12-28 11:50:06','0.00','65.00',NULL,NULL,'#455fe7f37f3a5bbaace9bee63e74244c',NULL,'',NULL,NULL,NULL,NULL,NULL,NULL,NULL,NULL,0,0,1,NULL,NULL,NULL),(434,440,2,3,5,'2008-10-11 02:19:19','0.00','75.00',NULL,NULL,'#01e95467f31cb1f98d2b3e4acdb3385a',NULL,'',NULL,NULL,NULL,NULL,NULL,NULL,NULL,NULL,0,0,2,NULL,NULL,NULL),(435,367,3,1,4,'2008-08-26 01:43:39','0.00','98.00',NULL,NULL,'#efbe87eecfde78c29f4283284b614502',NULL,'',NULL,NULL,NULL,NULL,NULL,NULL,NULL,NULL,0,0,1,NULL,NULL,NULL),(436,448,1,3,2,'2009-01-05 08:53:19','0.00','10.00',NULL,NULL,'#98b0542613e00c91c0a35c6fa8537abd',NULL,'',NULL,NULL,NULL,NULL,NULL,NULL,NULL,NULL,0,0,5,NULL,NULL,NULL),(437,317,3,1,2,'2008-11-03 01:10:26','0.00','23.00',NULL,NULL,'#8c9979d67528d1cc541333372ac562e4',NULL,'',NULL,NULL,NULL,NULL,NULL,NULL,NULL,NULL,0,0,3,NULL,NULL,NULL),(438,6,1,1,5,'2008-05-23 08:26:52','0.00','98.00',NULL,NULL,'#29d9b32779af9d7ea240ce3d31dd7b52',NULL,'',NULL,NULL,NULL,NULL,NULL,NULL,NULL,NULL,0,0,4,NULL,NULL,NULL),(439,16,1,3,2,'2008-07-17 05:47:47','0.00','66.00',NULL,NULL,'#7a47302fb8a78c0762296f49865b8140',NULL,'',NULL,NULL,NULL,NULL,NULL,NULL,NULL,NULL,0,0,2,NULL,NULL,NULL),(440,361,2,3,3,'2008-06-18 09:06:16','0.00','20.00',NULL,NULL,'#30fe50b099be26f9377d35fcbb5dfc28',NULL,'',NULL,NULL,NULL,NULL,NULL,NULL,NULL,NULL,0,0,5,NULL,NULL,NULL),(441,283,1,2,1,'2008-08-09 11:38:57','0.00','69.00',NULL,NULL,'#48c416a577c1f42ab518433cb313fee7',NULL,'',NULL,NULL,NULL,NULL,NULL,NULL,NULL,NULL,0,0,1,NULL,NULL,NULL),(442,467,2,2,3,'2009-05-16 09:33:57','0.00','34.00',NULL,NULL,'#be148cdfb383169a1b637f236731f97b',NULL,'',NULL,NULL,NULL,NULL,NULL,NULL,NULL,NULL,0,0,3,NULL,NULL,NULL),(443,497,1,3,5,'2008-07-13 05:16:59','0.00','62.00',NULL,NULL,'#1d9a676b1c190fe3a43c74b8bba7c2e3',NULL,'',NULL,NULL,NULL,NULL,NULL,NULL,NULL,NULL,0,0,2,NULL,NULL,NULL),(444,234,2,2,5,'2009-02-04 04:35:57','0.00','95.00',NULL,NULL,'#e5b9c2781c525bd1ad139164fffad70e',NULL,'',NULL,NULL,NULL,NULL,NULL,NULL,NULL,NULL,0,0,1,NULL,NULL,NULL),(445,143,2,1,2,'2009-01-08 05:48:56','0.00','40.00',NULL,NULL,'#a1798cdb9bb5dbdf2f68c563f08572be',NULL,'',NULL,NULL,NULL,NULL,NULL,NULL,NULL,NULL,0,0,2,NULL,NULL,NULL),(446,174,2,1,2,'2008-08-27 10:48:45','0.00','94.00',NULL,NULL,'#1328ceb0ce31363870341ef5ff8a0cd8',NULL,'',NULL,NULL,NULL,NULL,NULL,NULL,NULL,NULL,0,0,5,NULL,NULL,NULL),(447,23,4,1,3,'2008-07-06 07:33:18','0.00','97.00',NULL,NULL,'#28f7b39d97cd6ebf0e1f876de3adc609',NULL,'',NULL,NULL,NULL,NULL,NULL,NULL,NULL,NULL,0,0,4,NULL,NULL,NULL),(448,343,1,3,2,'2009-03-01 02:14:40','0.00','82.00',NULL,NULL,'#cd760a98fad0bf28e72d27fc5fed546d',NULL,'',NULL,NULL,NULL,NULL,NULL,NULL,NULL,NULL,0,0,4,NULL,NULL,NULL),(449,243,4,2,3,'2009-01-24 09:13:29','0.00','93.00',NULL,NULL,'#5d7728f42aa2884646e29a86058891f9',NULL,'',NULL,NULL,NULL,NULL,NULL,NULL,NULL,NULL,0,0,4,NULL,NULL,NULL),(450,175,3,3,1,'2008-08-03 04:31:51','0.00','87.00',NULL,NULL,'#c8d01d2bad7e10ef798a585309192a9c',NULL,'',NULL,NULL,NULL,NULL,NULL,NULL,NULL,NULL,0,0,1,NULL,NULL,NULL),(451,27,4,1,1,'2008-10-25 11:44:39','0.00','76.00',NULL,NULL,'#a71f432acb4047c82d7d0d4366333f8c',NULL,'',NULL,NULL,NULL,NULL,NULL,NULL,NULL,NULL,0,0,3,NULL,NULL,NULL),(452,365,1,3,5,'2008-06-26 09:33:44','0.00','19.00',NULL,NULL,'#768830ea257e73777bceb678c13eb441',NULL,'',NULL,NULL,NULL,NULL,NULL,NULL,NULL,NULL,0,0,6,NULL,NULL,NULL),(453,79,1,2,1,'2009-04-07 04:12:55','0.00','32.00',NULL,NULL,'#0f8b9b8981f1fab623f4cdcc48ce45d7',NULL,'',NULL,NULL,NULL,NULL,NULL,NULL,NULL,NULL,0,0,4,NULL,NULL,NULL),(454,349,1,1,2,'2009-03-18 12:27:10','0.00','31.00',NULL,NULL,'#94b0dd9f12cd223c54ea02036e11ae5d',NULL,'',NULL,NULL,NULL,NULL,NULL,NULL,NULL,NULL,0,0,6,NULL,NULL,NULL),(455,40,1,2,2,'2009-04-27 05:43:28','0.00','28.00',NULL,NULL,'#cd8b82e39f05e18e2afda79973148af8',NULL,'',NULL,NULL,NULL,NULL,NULL,NULL,NULL,NULL,0,0,5,NULL,NULL,NULL),(456,226,3,1,2,'2009-02-01 10:29:19','0.00','26.00',NULL,NULL,'#04843c69806680b4df444ca373234e40',NULL,'',NULL,NULL,NULL,NULL,NULL,NULL,NULL,NULL,0,0,5,NULL,NULL,NULL),(457,417,4,3,1,'2008-08-23 12:37:58','0.00','77.00',NULL,NULL,'#3f9520a0b071a92c9eab14ad0348ccda',NULL,'',NULL,NULL,NULL,NULL,NULL,NULL,NULL,NULL,0,0,6,NULL,NULL,NULL),(458,96,4,3,1,'2008-12-22 01:08:05','0.00','68.00',NULL,NULL,'#1ca0a5f6d0ee8e26085223072f37db62',NULL,'',NULL,NULL,NULL,NULL,NULL,NULL,NULL,NULL,0,0,3,NULL,NULL,NULL),(459,421,2,1,5,'2009-04-27 10:29:09','0.00','81.00',NULL,NULL,'#97cfcbcbafb45daa496864f7b47be8fd',NULL,'',NULL,NULL,NULL,NULL,NULL,NULL,NULL,NULL,0,0,1,NULL,NULL,NULL),(460,497,1,2,4,'2008-05-24 02:32:54','0.00','48.00',NULL,NULL,'#0960be97feb8de0ecf35fe29128b6ec8',NULL,'',NULL,NULL,NULL,NULL,NULL,NULL,NULL,NULL,0,0,2,NULL,NULL,NULL),(461,144,1,1,3,'2008-07-21 08:28:53','0.00','95.00',NULL,NULL,'#233ba6bf0f9cee79e0ce1a1021805d62',NULL,'',NULL,NULL,NULL,NULL,NULL,NULL,NULL,NULL,0,0,1,NULL,NULL,NULL),(462,318,1,2,2,'2009-03-22 09:26:45','0.00','35.00',NULL,NULL,'#61712f8bf045e8bd056127c699aafb9d',NULL,'',NULL,NULL,NULL,NULL,NULL,NULL,NULL,NULL,0,0,5,NULL,NULL,NULL),(463,228,3,2,4,'2008-06-26 07:00:18','0.00','47.00',NULL,NULL,'#3eea4cd7b7332a4105814d0b5c124996',NULL,'',NULL,NULL,NULL,NULL,NULL,NULL,NULL,NULL,0,0,5,NULL,NULL,NULL),(464,259,3,1,3,'2009-04-05 06:15:47','0.00','50.00',NULL,NULL,'#e50465da1a4bf2a589470b226f55fe58',NULL,'',NULL,NULL,NULL,NULL,NULL,NULL,NULL,NULL,0,0,6,NULL,NULL,NULL),(465,468,4,1,4,'2009-01-21 09:35:27','0.00','23.00',NULL,NULL,'#0fb5c3a0c5b498837d993af2ee596c64',NULL,'',NULL,NULL,NULL,NULL,NULL,NULL,NULL,NULL,0,0,2,NULL,NULL,NULL),(466,290,4,3,1,'2008-09-02 07:53:32','0.00','50.00',NULL,NULL,'#fedfe1d92a61921161551820f5acd75b',NULL,'',NULL,NULL,NULL,NULL,NULL,NULL,NULL,NULL,0,0,3,NULL,NULL,NULL),(467,366,4,3,3,'2008-10-26 01:03:01','0.00','84.00',NULL,NULL,'#e32c7d7c684cf0af74cdc92630746cd5',NULL,'',NULL,NULL,NULL,NULL,NULL,NULL,NULL,NULL,0,0,3,NULL,NULL,NULL),(468,470,3,2,4,'2009-05-16 02:58:43','0.00','29.00',NULL,NULL,'#b41d6ff559907e1c8a7ffc0b6b3f543d',NULL,'',NULL,NULL,NULL,NULL,NULL,NULL,NULL,NULL,0,0,2,NULL,NULL,NULL),(469,397,3,1,3,'2008-09-17 10:16:53','0.00','25.00',NULL,NULL,'#e9ab42018e394fbc9c4342927510cc84',NULL,'',NULL,NULL,NULL,NULL,NULL,NULL,NULL,NULL,0,0,4,NULL,NULL,NULL),(470,296,1,3,4,'2008-12-19 03:10:56','0.00','91.00',NULL,NULL,'#818a9bfef34e15305d3e1a3e8e2c6326',NULL,'',NULL,NULL,NULL,NULL,NULL,NULL,NULL,NULL,0,0,5,NULL,NULL,NULL),(471,296,4,3,2,'2009-01-12 07:42:07','0.00','20.00',NULL,NULL,'#00fe9a1b7b0217cb9fd250fa1dd99409',NULL,'',NULL,NULL,NULL,NULL,NULL,NULL,NULL,NULL,0,0,6,NULL,NULL,NULL),(472,198,4,2,3,'2008-07-18 09:42:15','0.00','83.00',NULL,NULL,'#06d50266cf4930861df0f3392ac0cfb0',NULL,'',NULL,NULL,NULL,NULL,NULL,NULL,NULL,NULL,0,0,1,NULL,NULL,NULL),(473,212,2,1,4,'2009-01-25 09:07:04','0.00','47.00',NULL,NULL,'#a81101305e6d5fbce117ca31bcb08c74',NULL,'',NULL,NULL,NULL,NULL,NULL,NULL,NULL,NULL,0,0,3,NULL,NULL,NULL),(474,484,4,3,2,'2008-07-30 09:25:40','0.00','65.00',NULL,NULL,'#6aa578e9a8e0de54ad0b1283617ae061',NULL,'',NULL,NULL,NULL,NULL,NULL,NULL,NULL,NULL,0,0,3,NULL,NULL,NULL),(475,422,3,2,3,'2009-02-18 03:17:47','0.00','30.00',NULL,NULL,'#fcbd06738c4b0da7e5a3fae20c0cc303',NULL,'',NULL,NULL,NULL,NULL,NULL,NULL,NULL,NULL,0,0,6,NULL,NULL,NULL),(476,193,2,2,4,'2008-09-30 10:13:14','0.00','16.00',NULL,NULL,'#ed2bf423c33cdac2fade51d4c6965360',NULL,'',NULL,NULL,NULL,NULL,NULL,NULL,NULL,NULL,0,0,2,NULL,NULL,NULL),(477,239,2,1,1,'2008-11-13 09:20:50','0.00','73.00',NULL,NULL,'#c7b2623291cd4e7f81643a0e25ed08c3',NULL,'',NULL,NULL,NULL,NULL,NULL,NULL,NULL,NULL,0,0,1,NULL,NULL,NULL),(478,280,1,3,2,'2008-07-31 03:38:18','0.00','23.00',NULL,NULL,'#f54683c7abf8aace67de9d1d6c0772e9',NULL,'',NULL,NULL,NULL,NULL,NULL,NULL,NULL,NULL,0,0,1,NULL,NULL,NULL),(479,400,2,3,1,'2009-02-03 04:19:19','0.00','32.00',NULL,NULL,'#0d081a70c796806c7fae891b371770ea',NULL,'',NULL,NULL,NULL,NULL,NULL,NULL,NULL,NULL,0,0,2,NULL,NULL,NULL),(480,391,4,1,2,'2009-02-14 05:59:59','0.00','16.00',NULL,NULL,'#83395933f82cf691fb4ecfd09c6aaf07',NULL,'',NULL,NULL,NULL,NULL,NULL,NULL,NULL,NULL,0,0,3,NULL,NULL,NULL),(481,390,4,2,2,'2008-08-08 12:35:53','0.00','93.00',NULL,NULL,'#ef90c69df7e9994295c6422ff8c46bb4',NULL,'',NULL,NULL,NULL,NULL,NULL,NULL,NULL,NULL,0,0,2,NULL,NULL,NULL),(482,382,4,2,2,'2008-09-30 04:24:23','0.00','89.00',NULL,NULL,'#02184b0d833752259a74d6e48aa1bd1b',NULL,'',NULL,NULL,NULL,NULL,NULL,NULL,NULL,NULL,0,0,3,NULL,NULL,NULL),(483,425,3,1,4,'2008-11-16 09:36:17','0.00','13.00',NULL,NULL,'#d03064822c817d86f4178df5246d7ed2',NULL,'',NULL,NULL,NULL,NULL,NULL,NULL,NULL,NULL,0,0,4,NULL,NULL,NULL),(484,93,3,2,5,'2009-04-12 07:57:10','0.00','42.00',NULL,NULL,'#185d765602787150c4c0b2380c506557',NULL,'',NULL,NULL,NULL,NULL,NULL,NULL,NULL,NULL,0,0,4,NULL,NULL,NULL),(485,68,4,2,3,'2008-07-01 01:10:58','0.00','57.00',NULL,NULL,'#9477b3211ec07d142cc73914b52711b9',NULL,'',NULL,NULL,NULL,NULL,NULL,NULL,NULL,NULL,0,0,3,NULL,NULL,NULL),(486,284,2,1,3,'2008-12-26 02:14:14','0.00','94.00',NULL,NULL,'#b64b4bd6be6fa2a6ced47a5a9c10bb99',NULL,'',NULL,NULL,NULL,NULL,NULL,NULL,NULL,NULL,0,0,5,NULL,NULL,NULL),(487,59,4,2,4,'2009-05-05 02:26:09','0.00','32.00',NULL,NULL,'#f543a24179246ed3549689298ac20f73',NULL,'',NULL,NULL,NULL,NULL,NULL,NULL,NULL,NULL,0,0,2,NULL,NULL,NULL),(488,478,4,3,3,'2009-04-20 12:07:45','0.00','55.00',NULL,NULL,'#784e56167a252dc03e18b1fa357e0469',NULL,'',NULL,NULL,NULL,NULL,NULL,NULL,NULL,NULL,0,0,4,NULL,NULL,NULL),(489,365,3,1,5,'2009-03-21 06:12:58','0.00','99.00',NULL,NULL,'#4f550fad2327eae47a319b7db2de54f4',NULL,'',NULL,NULL,NULL,NULL,NULL,NULL,NULL,NULL,0,0,6,NULL,NULL,NULL),(490,251,4,1,3,'2009-04-26 10:36:12','0.00','75.00',NULL,NULL,'#ace404faec1d404f91900f3a31637add',NULL,'',NULL,NULL,NULL,NULL,NULL,NULL,NULL,NULL,0,0,2,NULL,NULL,NULL),(491,16,1,2,5,'2008-09-21 04:58:56','0.00','12.00',NULL,NULL,'#59fba33f8f21d5e9bcae16a806ae32e8',NULL,'',NULL,NULL,NULL,NULL,NULL,NULL,NULL,NULL,0,0,5,NULL,NULL,NULL),(492,357,4,1,5,'2008-07-19 09:24:22','0.00','52.00',NULL,NULL,'#b621de64c62f150430ef615be83060c4',NULL,'',NULL,NULL,NULL,NULL,NULL,NULL,NULL,NULL,0,0,3,NULL,NULL,NULL),(493,142,4,2,2,'2009-03-02 01:06:34','0.00','22.00',NULL,NULL,'#7927ba343e05833bc02925155be50d32',NULL,'',NULL,NULL,NULL,NULL,NULL,NULL,NULL,NULL,0,0,6,NULL,NULL,NULL),(494,217,2,3,3,'2008-07-21 08:49:41','0.00','98.00',NULL,NULL,'#ed713010e4c556a39d81f26e21cd48d1',NULL,'',NULL,NULL,NULL,NULL,NULL,NULL,NULL,NULL,0,0,2,NULL,NULL,NULL),(495,367,4,1,3,'2008-06-11 03:39:21','0.00','22.00',NULL,NULL,'#f8f274d1fffd8e81b1333980d5bfa417',NULL,'',NULL,NULL,NULL,NULL,NULL,NULL,NULL,NULL,0,0,2,NULL,NULL,NULL),(496,11,2,2,4,'2009-02-06 04:57:50','0.00','36.00',NULL,NULL,'#45270f1f05de82b3dff40352551a05bc',NULL,'',NULL,NULL,NULL,NULL,NULL,NULL,NULL,NULL,0,0,1,NULL,NULL,NULL),(497,175,1,3,5,'2008-11-23 07:46:16','0.00','56.00',NULL,NULL,'#5d68ec79fcd06863de63b3a9a61bf741',NULL,'',NULL,NULL,NULL,NULL,NULL,NULL,NULL,NULL,0,0,2,NULL,NULL,NULL),(498,224,3,1,1,'2008-10-05 03:56:50','0.00','50.00',NULL,NULL,'#d491ab14b54bea7a270500b0c6a9082f',NULL,'',NULL,NULL,NULL,NULL,NULL,NULL,NULL,NULL,0,0,2,NULL,NULL,NULL),(499,225,3,1,5,'2008-11-06 01:09:48','0.00','18.00',NULL,NULL,'#cb02b1f088660c4915e29e6487e851af',NULL,'',NULL,NULL,NULL,NULL,NULL,NULL,NULL,NULL,0,0,4,NULL,NULL,NULL),(500,320,3,1,5,'2009-01-02 07:03:41','0.00','28.00',NULL,NULL,'#ea575d8d4323d026e3b1f45230f537c1',NULL,'',NULL,NULL,NULL,NULL,NULL,NULL,NULL,NULL,0,0,3,NULL,NULL,NULL),(501,224,2,1,3,'2008-11-18 10:08:44','0.00','81.00',NULL,NULL,'#790fda0580ed157788929fa274825884',NULL,'',NULL,NULL,NULL,NULL,NULL,NULL,NULL,NULL,0,0,1,NULL,NULL,NULL),(502,342,3,3,1,'2008-11-13 06:46:13','0.00','48.00',NULL,NULL,'#6d20dddf08303d3fdc98d2a3b0885a9a',NULL,'',NULL,NULL,NULL,NULL,NULL,NULL,NULL,NULL,0,0,5,NULL,NULL,NULL),(503,236,4,1,1,'2009-03-24 10:10:30','0.00','52.00',NULL,NULL,'#d64716fd5958daae046f81f418252114',NULL,'',NULL,NULL,NULL,NULL,NULL,NULL,NULL,NULL,0,0,4,NULL,NULL,NULL),(504,67,3,3,2,'2009-02-03 01:21:36','0.00','97.00',NULL,NULL,'#466401c0f173488132959643e71cc420',NULL,'',NULL,NULL,NULL,NULL,NULL,NULL,NULL,NULL,0,0,6,NULL,NULL,NULL),(505,257,4,3,5,'2008-07-28 01:07:43','0.00','32.00',NULL,NULL,'#79542dd718e04346b81d0b755ac11f1c',NULL,'',NULL,NULL,NULL,NULL,NULL,NULL,NULL,NULL,0,0,3,NULL,NULL,NULL),(506,129,1,3,2,'2009-04-06 07:40:16','0.00','12.00',NULL,NULL,'#860fed57ad5d2d39481a9746564a3c67',NULL,'',NULL,NULL,NULL,NULL,NULL,NULL,NULL,NULL,0,0,3,NULL,NULL,NULL),(507,107,1,2,5,'2008-08-16 03:57:36','0.00','42.00',NULL,NULL,'#6830772e03b547a3bbfeaa97b6227a04',NULL,'',NULL,NULL,NULL,NULL,NULL,NULL,NULL,NULL,0,0,2,NULL,NULL,NULL),(508,89,2,2,1,'2009-02-24 03:36:06','0.00','80.00',NULL,NULL,'#35f5363022e2500a68534aa140f6ec24',NULL,'',NULL,NULL,NULL,NULL,NULL,NULL,NULL,NULL,0,0,6,NULL,NULL,NULL),(509,364,4,3,2,'2009-05-18 12:32:09','0.00','21.00',NULL,NULL,'#5d9e4914ed0fb52295b8c362f3f3327f',NULL,'',NULL,NULL,NULL,NULL,NULL,NULL,NULL,NULL,0,0,2,NULL,NULL,NULL),(510,421,1,2,1,'2008-08-27 10:26:43','0.00','22.00',NULL,NULL,'#2e581e28ef4b1e4899d9d00b353b1e49',NULL,'',NULL,NULL,NULL,NULL,NULL,NULL,NULL,NULL,0,0,2,NULL,NULL,NULL),(511,292,4,1,5,'2009-02-11 01:05:56','0.00','31.00',NULL,NULL,'#6ee4b89b1b212b34bbdefb0b141c68a3',NULL,'',NULL,NULL,NULL,NULL,NULL,NULL,NULL,NULL,0,0,2,NULL,NULL,NULL),(512,38,1,2,2,'2008-12-12 11:52:44','0.00','44.00',NULL,NULL,'#a2d42064e95e0cc609b96bd63df0922c',NULL,'',NULL,NULL,NULL,NULL,NULL,NULL,NULL,NULL,0,0,4,NULL,NULL,NULL),(513,130,3,3,2,'2008-08-01 06:13:59','0.00','93.00',NULL,NULL,'#725498e547be6a2ac46121a4cf59b2f3',NULL,'',NULL,NULL,NULL,NULL,NULL,NULL,NULL,NULL,0,0,3,NULL,NULL,NULL),(514,390,4,2,2,'2009-03-06 10:49:39','0.00','53.00',NULL,NULL,'#467e38be8ecca85e76ec446172e5e104',NULL,'',NULL,NULL,NULL,NULL,NULL,NULL,NULL,NULL,0,0,2,NULL,NULL,NULL),(515,495,3,1,2,'2009-01-28 08:32:37','0.00','76.00',NULL,NULL,'#a80061cab27aca94698cd471ecdc8e65',NULL,'',NULL,NULL,NULL,NULL,NULL,NULL,NULL,NULL,0,0,3,NULL,NULL,NULL),(516,39,2,1,2,'2008-06-28 10:49:17','0.00','68.00',NULL,NULL,'#2e1ac345560787cd59240b2ad7173f2f',NULL,'',NULL,NULL,NULL,NULL,NULL,NULL,NULL,NULL,0,0,4,NULL,NULL,NULL),(517,287,1,3,2,'2009-04-09 05:56:17','0.00','11.00',NULL,NULL,'#04bea8793f5304266d977bfa6b906dfa',NULL,'',NULL,NULL,NULL,NULL,NULL,NULL,NULL,NULL,0,0,3,NULL,NULL,NULL),(518,63,2,3,4,'2008-10-24 05:49:13','0.00','62.00',NULL,NULL,'#15de714f2dae2a6c49fffc42a374a80c',NULL,'',NULL,NULL,NULL,NULL,NULL,NULL,NULL,NULL,0,0,6,NULL,NULL,NULL),(519,176,3,1,4,'2008-11-06 11:16:43','0.00','37.00',NULL,NULL,'#f2639b179daaa326c624dc638d5fc038',NULL,'',NULL,NULL,NULL,NULL,NULL,NULL,NULL,NULL,0,0,4,NULL,NULL,NULL),(520,284,2,1,2,'2008-08-22 08:45:47','0.00','62.00',NULL,NULL,'#456302133c6af29e795d05ed6184559b',NULL,'',NULL,NULL,NULL,NULL,NULL,NULL,NULL,NULL,0,0,3,NULL,NULL,NULL),(521,250,2,1,1,'2008-06-20 03:14:25','0.00','30.00',NULL,NULL,'#cafc0056c7a3a173846b158ddd5270a3',NULL,'',NULL,NULL,NULL,NULL,NULL,NULL,NULL,NULL,0,0,4,NULL,NULL,NULL),(522,153,4,3,5,'2009-04-08 09:08:12','0.00','79.00',NULL,NULL,'#fe11019045938ad21a5279053f5ab029',NULL,'',NULL,NULL,NULL,NULL,NULL,NULL,NULL,NULL,0,0,5,NULL,NULL,NULL),(523,139,1,1,4,'2009-04-21 03:22:31','0.00','73.00',NULL,NULL,'#f6204364f6515dc6cd96f0a21a6a8be6',NULL,'',NULL,NULL,NULL,NULL,NULL,NULL,NULL,NULL,0,0,6,NULL,NULL,NULL),(524,317,4,2,5,'2008-06-29 07:11:49','0.00','96.00',NULL,NULL,'#bae859e39a79467ee6ceb7f30dca0e72',NULL,'',NULL,NULL,NULL,NULL,NULL,NULL,NULL,NULL,0,0,6,NULL,NULL,NULL),(525,374,3,2,5,'2008-12-17 05:04:54','0.00','70.00',NULL,NULL,'#cff6a3d3d00dc0592ce0194cb0826ff0',NULL,'',NULL,NULL,NULL,NULL,NULL,NULL,NULL,NULL,0,0,5,NULL,NULL,NULL),(526,241,1,3,2,'2008-12-31 08:06:27','0.00','79.00',NULL,NULL,'#47cb38f186ee564077fc74caac9b44f1',NULL,'',NULL,NULL,NULL,NULL,NULL,NULL,NULL,NULL,0,0,5,NULL,NULL,NULL),(527,400,1,3,5,'2008-07-14 07:53:52','0.00','34.00',NULL,NULL,'#3277e2246e13d66e57f2157dc16b73a3',NULL,'',NULL,NULL,NULL,NULL,NULL,NULL,NULL,NULL,0,0,1,NULL,NULL,NULL),(528,459,4,2,4,'2008-12-11 03:36:25','0.00','30.00',NULL,NULL,'#27f75cac845e39cda8a06db948da3b5c',NULL,'',NULL,NULL,NULL,NULL,NULL,NULL,NULL,NULL,0,0,5,NULL,NULL,NULL),(529,376,4,2,4,'2008-06-15 12:50:20','0.00','37.00',NULL,NULL,'#db2754c7a3b516484e7f4bd781e53607',NULL,'',NULL,NULL,NULL,NULL,NULL,NULL,NULL,NULL,0,0,5,NULL,NULL,NULL),(530,51,1,2,4,'2009-04-09 12:24:48','0.00','23.00',NULL,NULL,'#b80a7b515234b345428446f231e6bb77',NULL,'',NULL,NULL,NULL,NULL,NULL,NULL,NULL,NULL,0,0,3,NULL,NULL,NULL),(531,255,1,3,4,'2008-08-05 10:50:25','0.00','56.00',NULL,NULL,'#ef4582198f7c91e9d8c22c231a4b0ee2',NULL,'',NULL,NULL,NULL,NULL,NULL,NULL,NULL,NULL,0,0,3,NULL,NULL,NULL),(532,487,4,3,3,'2008-08-15 05:28:40','0.00','65.00',NULL,NULL,'#f14b5298cd34837e43cd22e651aeae76',NULL,'',NULL,NULL,NULL,NULL,NULL,NULL,NULL,NULL,0,0,4,NULL,NULL,NULL),(533,347,3,3,4,'2009-01-19 01:23:44','0.00','48.00',NULL,NULL,'#edb33b984a21bd496f26df55489a21c8',NULL,'',NULL,NULL,NULL,NULL,NULL,NULL,NULL,NULL,0,0,2,NULL,NULL,NULL),(534,389,3,1,2,'2009-04-17 10:28:34','0.00','58.00',NULL,NULL,'#0ced9b1b18e02c2e50097a8a8f2e3859',NULL,'',NULL,NULL,NULL,NULL,NULL,NULL,NULL,NULL,0,0,2,NULL,NULL,NULL),(535,250,2,1,1,'2009-02-09 09:44:29','0.00','18.00',NULL,NULL,'#c1af8991edca379b5215a85e72dc39c3',NULL,'',NULL,NULL,NULL,NULL,NULL,NULL,NULL,NULL,0,0,6,NULL,NULL,NULL),(536,380,2,1,4,'2008-11-11 01:05:24','0.00','96.00',NULL,NULL,'#fd3007aca89aeffac5003a4410da08f8',NULL,'',NULL,NULL,NULL,NULL,NULL,NULL,NULL,NULL,0,0,2,NULL,NULL,NULL),(537,132,1,1,1,'2009-02-19 08:49:07','0.00','62.00',NULL,NULL,'#256b51d38161c99108e4b908ec3b3e18',NULL,'',NULL,NULL,NULL,NULL,NULL,NULL,NULL,NULL,0,0,4,NULL,NULL,NULL),(538,130,2,1,1,'2008-07-25 05:02:06','0.00','97.00',NULL,NULL,'#e09948ab975588b72cf894b37568bfe5',NULL,'',NULL,NULL,NULL,NULL,NULL,NULL,NULL,NULL,0,0,3,NULL,NULL,NULL),(539,355,2,3,5,'2008-07-22 11:03:08','0.00','21.00',NULL,NULL,'#a6788060df06a07c897f0608278d683e',NULL,'',NULL,NULL,NULL,NULL,NULL,NULL,NULL,NULL,0,0,2,NULL,NULL,NULL),(540,3,2,3,4,'2008-10-05 11:17:45','0.00','28.00',NULL,NULL,'#4d35058fe8ae4148a0b5bfb84ee5d098',NULL,'',NULL,NULL,NULL,NULL,NULL,NULL,NULL,NULL,0,0,4,NULL,NULL,NULL),(541,429,1,3,1,'2008-06-06 05:46:04','0.00','17.00',NULL,NULL,'#6ec3ae3c816dc990a7355d8ebb334f05',NULL,'',NULL,NULL,NULL,NULL,NULL,NULL,NULL,NULL,0,0,1,NULL,NULL,NULL),(542,424,1,1,1,'2008-09-01 09:23:24','0.00','85.00',NULL,NULL,'#4edf984f21b26ec741767e6e85cb804e',NULL,'',NULL,NULL,NULL,NULL,NULL,NULL,NULL,NULL,0,0,6,NULL,NULL,NULL),(543,159,2,2,1,'2009-03-16 02:06:39','0.00','48.00',NULL,NULL,'#5f787d30a08ef7f91a0707278f18e459',NULL,'',NULL,NULL,NULL,NULL,NULL,NULL,NULL,NULL,0,0,6,NULL,NULL,NULL),(544,248,3,1,2,'2008-11-02 01:42:35','0.00','62.00',NULL,NULL,'#7c6f7315de48d9222572bac6f72e72ae',NULL,'',NULL,NULL,NULL,NULL,NULL,NULL,NULL,NULL,0,0,3,NULL,NULL,NULL),(545,403,3,1,5,'2009-03-10 08:08:57','0.00','19.00',NULL,NULL,'#28d359e2038099ea93da5c17e81d14cf',NULL,'',NULL,NULL,NULL,NULL,NULL,NULL,NULL,NULL,0,0,4,NULL,NULL,NULL),(546,405,4,2,3,'2008-08-02 06:18:27','0.00','33.00',NULL,NULL,'#fade6bd6d73b89a60c0971f55e4df0be',NULL,'',NULL,NULL,NULL,NULL,NULL,NULL,NULL,NULL,0,0,1,NULL,NULL,NULL),(547,376,4,2,2,'2008-09-03 07:33:13','0.00','85.00',NULL,NULL,'#953e426d75d9fd54d71fd5d3a2356393',NULL,'',NULL,NULL,NULL,NULL,NULL,NULL,NULL,NULL,0,0,4,NULL,NULL,NULL),(548,199,3,2,4,'2008-12-26 07:11:50','0.00','93.00',NULL,NULL,'#ebd6b130dba448b8d055fd29c7d1cbcd',NULL,'',NULL,NULL,NULL,NULL,NULL,NULL,NULL,NULL,0,0,3,NULL,NULL,NULL),(549,102,2,1,5,'2009-01-09 04:38:41','0.00','26.00',NULL,NULL,'#6f38968294cccffd9f4292650adf1480',NULL,'',NULL,NULL,NULL,NULL,NULL,NULL,NULL,NULL,0,0,1,NULL,NULL,NULL),(550,199,4,1,2,'2008-06-22 08:33:50','0.00','70.00',NULL,NULL,'#863a88cf3dbbf7e43f888e20440c5b43',NULL,'',NULL,NULL,NULL,NULL,NULL,NULL,NULL,NULL,0,0,1,NULL,NULL,NULL),(551,63,2,3,5,'2009-03-24 09:00:25','0.00','30.00',NULL,NULL,'#b95d261d19f4a2ca93bc22bafb35ac5d',NULL,'',NULL,NULL,NULL,NULL,NULL,NULL,NULL,NULL,0,0,4,NULL,NULL,NULL),(552,439,4,3,5,'2009-01-21 10:19:12','0.00','64.00',NULL,NULL,'#b8e274512d410bbfa2d4601b2c1d0535',NULL,'',NULL,NULL,NULL,NULL,NULL,NULL,NULL,NULL,0,0,2,NULL,NULL,NULL),(553,169,4,3,3,'2008-06-23 02:16:09','0.00','44.00',NULL,NULL,'#fda2cf8a056a64228655b1dd086f7cd7',NULL,'',NULL,NULL,NULL,NULL,NULL,NULL,NULL,NULL,0,0,3,NULL,NULL,NULL),(554,316,1,3,3,'2009-02-06 11:57:00','0.00','87.00',NULL,NULL,'#36eee2ce0560d221e65763210715bd06',NULL,'',NULL,NULL,NULL,NULL,NULL,NULL,NULL,NULL,0,0,5,NULL,NULL,NULL),(555,497,4,1,5,'2008-07-11 10:23:16','0.00','53.00',NULL,NULL,'#0cf44adc704c36ff841ad1c8476c4bc8',NULL,'',NULL,NULL,NULL,NULL,NULL,NULL,NULL,NULL,0,0,1,NULL,NULL,NULL),(556,360,1,2,4,'2009-03-22 09:22:48','0.00','95.00',NULL,NULL,'#16ae9d3fe09fad376c801c60adb6f249',NULL,'',NULL,NULL,NULL,NULL,NULL,NULL,NULL,NULL,0,0,3,NULL,NULL,NULL),(557,221,2,2,4,'2009-05-04 05:47:19','0.00','74.00',NULL,NULL,'#8b39b2dd61b90239e9837e59194f81c1',NULL,'',NULL,NULL,NULL,NULL,NULL,NULL,NULL,NULL,0,0,3,NULL,NULL,NULL),(558,127,1,2,3,'2008-10-07 12:38:08','0.00','26.00',NULL,NULL,'#93c6435f0ed9e8a0533fbe67a48625f7',NULL,'',NULL,NULL,NULL,NULL,NULL,NULL,NULL,NULL,0,0,1,NULL,NULL,NULL),(559,500,3,1,2,'2009-02-25 08:23:34','0.00','84.00',NULL,NULL,'#84713435ba4e2a3b44607f87e272a3ab',NULL,'',NULL,NULL,NULL,NULL,NULL,NULL,NULL,NULL,0,0,2,NULL,NULL,NULL),(560,467,1,3,4,'2008-05-27 08:44:51','0.00','88.00',NULL,NULL,'#5b037297ba01b1a58e3de375019d5c8e',NULL,'',NULL,NULL,NULL,NULL,NULL,NULL,NULL,NULL,0,0,5,NULL,NULL,NULL),(561,235,1,3,3,'2009-04-14 11:18:39','0.00','50.00',NULL,NULL,'#fc34b0a78e5a7d1bdb83eb80242143f5',NULL,'',NULL,NULL,NULL,NULL,NULL,NULL,NULL,NULL,0,0,6,NULL,NULL,NULL),(562,347,1,1,2,'2008-07-08 09:37:03','0.00','92.00',NULL,NULL,'#fe62516bf08d5417aa63fe477716f1e0',NULL,'',NULL,NULL,NULL,NULL,NULL,NULL,NULL,NULL,0,0,5,NULL,NULL,NULL),(563,391,4,3,1,'2008-08-11 09:45:16','0.00','83.00',NULL,NULL,'#27aaf8c5d5bc4a72d7d9faf01c90693d',NULL,'',NULL,NULL,NULL,NULL,NULL,NULL,NULL,NULL,0,0,2,NULL,NULL,NULL),(564,406,2,2,4,'2008-09-04 02:23:19','0.00','42.00',NULL,NULL,'#b54de51109f5bdae4fb15cc0bb90008b',NULL,'',NULL,NULL,NULL,NULL,NULL,NULL,NULL,NULL,0,0,5,NULL,NULL,NULL),(565,164,4,1,4,'2009-02-25 06:18:59','0.00','45.00',NULL,NULL,'#74782553665f686710c23cae9f9cc7a5',NULL,'',NULL,NULL,NULL,NULL,NULL,NULL,NULL,NULL,0,0,1,NULL,NULL,NULL),(566,30,1,2,1,'2009-01-27 06:15:26','0.00','32.00',NULL,NULL,'#4b1e61b2004b7629ea1ba02a6479a4e7',NULL,'',NULL,NULL,NULL,NULL,NULL,NULL,NULL,NULL,0,0,4,NULL,NULL,NULL),(567,129,1,1,4,'2008-07-14 05:19:27','0.00','97.00',NULL,NULL,'#05d2e0880da63a665fcb6834b4085e36',NULL,'',NULL,NULL,NULL,NULL,NULL,NULL,NULL,NULL,0,0,5,NULL,NULL,NULL),(568,477,3,1,5,'2009-01-03 04:15:13','0.00','64.00',NULL,NULL,'#3be79ef0f2730efe18bc5bb34efb56ca',NULL,'',NULL,NULL,NULL,NULL,NULL,NULL,NULL,NULL,0,0,5,NULL,NULL,NULL),(569,122,1,1,5,'2008-06-05 07:23:13','0.00','80.00',NULL,NULL,'#ebd1a3c7ea7ec32626cf4f493b4146fb',NULL,'',NULL,NULL,NULL,NULL,NULL,NULL,NULL,NULL,0,0,2,NULL,NULL,NULL),(570,242,3,1,4,'2008-09-15 11:44:02','0.00','45.00',NULL,NULL,'#432b7fea26880811f43e6c604a99335d',NULL,'',NULL,NULL,NULL,NULL,NULL,NULL,NULL,NULL,0,0,2,NULL,NULL,NULL),(571,414,4,1,5,'2009-02-11 11:27:00','0.00','43.00',NULL,NULL,'#8df07464936c2f8bf2c72a126ee13fe5',NULL,'',NULL,NULL,NULL,NULL,NULL,NULL,NULL,NULL,0,0,6,NULL,NULL,NULL),(572,176,4,1,2,'2008-12-17 01:12:44','0.00','38.00',NULL,NULL,'#a2d72cfa6bbf0b8808c69c7437ab2d1d',NULL,'',NULL,NULL,NULL,NULL,NULL,NULL,NULL,NULL,0,0,6,NULL,NULL,NULL),(573,28,1,2,5,'2008-10-07 01:06:33','0.00','28.00',NULL,NULL,'#27cb9b464accbd6f16f73e8128b6b54c',NULL,'',NULL,NULL,NULL,NULL,NULL,NULL,NULL,NULL,0,0,3,NULL,NULL,NULL),(574,407,1,1,4,'2009-01-20 05:38:23','0.00','94.00',NULL,NULL,'#c3ec44816ec613b57abea3dd6e414109',NULL,'',NULL,NULL,NULL,NULL,NULL,NULL,NULL,NULL,0,0,2,NULL,NULL,NULL),(575,410,2,3,4,'2008-06-02 06:22:00','0.00','28.00',NULL,NULL,'#85da535eeb9f3dd4cef4d01d94a169a8',NULL,'',NULL,NULL,NULL,NULL,NULL,NULL,NULL,NULL,0,0,5,NULL,NULL,NULL),(576,369,4,2,1,'2008-12-18 02:56:24','0.00','76.00',NULL,NULL,'#e7de267a623587e57371a7ffc1fa0a33',NULL,'',NULL,NULL,NULL,NULL,NULL,NULL,NULL,NULL,0,0,5,NULL,NULL,NULL),(577,218,2,1,3,'2008-07-16 09:46:41','0.00','31.00',NULL,NULL,'#315ae500b33505f29232cf5bc18fff78',NULL,'',NULL,NULL,NULL,NULL,NULL,NULL,NULL,NULL,0,0,4,NULL,NULL,NULL),(578,318,3,3,4,'2008-11-15 09:04:37','0.00','11.00',NULL,NULL,'#183144e91c03b30402c305a9c136ee8d',NULL,'',NULL,NULL,NULL,NULL,NULL,NULL,NULL,NULL,0,0,4,NULL,NULL,NULL),(579,55,2,1,4,'2009-04-01 08:44:14','0.00','79.00',NULL,NULL,'#781fe1baf7397b0f5e8a94ffb9837872',NULL,'',NULL,NULL,NULL,NULL,NULL,NULL,NULL,NULL,0,0,3,NULL,NULL,NULL),(580,354,3,3,3,'2008-12-02 02:45:12','0.00','89.00',NULL,NULL,'#8b466a5df6fb2628c0faf556f8017d86',NULL,'',NULL,NULL,NULL,NULL,NULL,NULL,NULL,NULL,0,0,6,NULL,NULL,NULL),(581,362,2,2,1,'2008-11-10 02:53:07','0.00','70.00',NULL,NULL,'#015dcc3a5f6c8d43a64ebcde5cee7e06',NULL,'',NULL,NULL,NULL,NULL,NULL,NULL,NULL,NULL,0,0,1,NULL,NULL,NULL),(582,225,2,3,5,'2008-06-03 07:47:11','0.00','82.00',NULL,NULL,'#79c9e06a8fc05f9699461cd20e2506a6',NULL,'',NULL,NULL,NULL,NULL,NULL,NULL,NULL,NULL,0,0,3,NULL,NULL,NULL),(583,193,1,1,2,'2009-03-29 05:58:04','0.00','93.00',NULL,NULL,'#c459a4ef420ed6bd3bfd310326dad5f8',NULL,'',NULL,NULL,NULL,NULL,NULL,NULL,NULL,NULL,0,0,4,NULL,NULL,NULL),(584,49,3,2,1,'2008-11-19 01:45:08','0.00','94.00',NULL,NULL,'#51f2569f7a8725001c5df14a752cee35',NULL,'',NULL,NULL,NULL,NULL,NULL,NULL,NULL,NULL,0,0,6,NULL,NULL,NULL),(585,137,1,1,5,'2009-01-24 04:26:33','0.00','33.00',NULL,NULL,'#8945829ab2df62463c8c8b341c4791c0',NULL,'',NULL,NULL,NULL,NULL,NULL,NULL,NULL,NULL,0,0,6,NULL,NULL,NULL),(586,467,1,3,4,'2009-02-08 09:13:13','0.00','55.00',NULL,NULL,'#fa242e13a86514aedd47ac27edd487ce',NULL,'',NULL,NULL,NULL,NULL,NULL,NULL,NULL,NULL,0,0,6,NULL,NULL,NULL),(587,402,3,2,5,'2008-10-22 12:17:40','0.00','76.00',NULL,NULL,'#fb65e26f12407613bf62d9f22c86d86a',NULL,'',NULL,NULL,NULL,NULL,NULL,NULL,NULL,NULL,0,0,4,NULL,NULL,NULL),(588,425,1,3,1,'2008-11-26 11:38:43','0.00','83.00',NULL,NULL,'#6f468548caa943501e6dad78557af795',NULL,'',NULL,NULL,NULL,NULL,NULL,NULL,NULL,NULL,0,0,4,NULL,NULL,NULL),(589,215,2,1,2,'2008-11-01 02:21:34','0.00','81.00',NULL,NULL,'#1b56e9c6ea3d2ce96517a07d18df73c4',NULL,'',NULL,NULL,NULL,NULL,NULL,NULL,NULL,NULL,0,0,4,NULL,NULL,NULL),(590,442,2,3,4,'2009-04-01 06:03:47','0.00','67.00',NULL,NULL,'#2eac677bf8804b76725eac8028a79ced',NULL,'',NULL,NULL,NULL,NULL,NULL,NULL,NULL,NULL,0,0,6,NULL,NULL,NULL),(591,13,4,3,2,'2008-11-04 04:47:46','0.00','37.00',NULL,NULL,'#8191619f434893fb30c6a90ea69b64cd',NULL,'',NULL,NULL,NULL,NULL,NULL,NULL,NULL,NULL,0,0,1,NULL,NULL,NULL),(592,353,1,1,2,'2008-11-16 02:47:44','0.00','91.00',NULL,NULL,'#5d9b69b97864c5eff4ed7e0d85e0965f',NULL,'',NULL,NULL,NULL,NULL,NULL,NULL,NULL,NULL,0,0,2,NULL,NULL,NULL),(593,481,3,2,1,'2008-09-28 06:25:36','0.00','60.00',NULL,NULL,'#2da45ecf061a12f75e7cef72bc601650',NULL,'',NULL,NULL,NULL,NULL,NULL,NULL,NULL,NULL,0,0,4,NULL,NULL,NULL),(594,303,2,3,4,'2009-05-13 04:06:57','0.00','99.00',NULL,NULL,'#717e3fc8c0cb74305c63c1cc298087e0',NULL,'',NULL,NULL,NULL,NULL,NULL,NULL,NULL,NULL,0,0,6,NULL,NULL,NULL),(595,45,4,2,5,'2009-05-15 10:15:01','0.00','33.00',NULL,NULL,'#5dc7ac2cac95c6b72333796901cdd59d',NULL,'',NULL,NULL,NULL,NULL,NULL,NULL,NULL,NULL,0,0,6,NULL,NULL,NULL),(596,449,2,2,3,'2008-12-01 03:01:32','0.00','49.00',NULL,NULL,'#6a6022b5513c9e9e241d266c46c49768',NULL,'',NULL,NULL,NULL,NULL,NULL,NULL,NULL,NULL,0,0,3,NULL,NULL,NULL),(597,208,1,1,1,'2008-11-14 02:59:17','0.00','52.00',NULL,NULL,'#ed2e4e9c9e5f5c95725c36845d826b97',NULL,'',NULL,NULL,NULL,NULL,NULL,NULL,NULL,NULL,0,0,4,NULL,NULL,NULL),(598,374,2,3,1,'2008-11-07 09:27:43','0.00','42.00',NULL,NULL,'#40ee27f7b5c305e78bc054d718045634',NULL,'',NULL,NULL,NULL,NULL,NULL,NULL,NULL,NULL,0,0,3,NULL,NULL,NULL),(599,491,3,1,5,'2008-10-10 02:23:31','0.00','25.00',NULL,NULL,'#58eec84c075f0ebfd0d9278bd23f5931',NULL,'',NULL,NULL,NULL,NULL,NULL,NULL,NULL,NULL,0,0,2,NULL,NULL,NULL),(600,488,3,3,5,'2008-10-29 10:08:59','0.00','55.00',NULL,NULL,'#478885c936948ebf2932fa8e98ce73e2',NULL,'',NULL,NULL,NULL,NULL,NULL,NULL,NULL,NULL,0,0,3,NULL,NULL,NULL),(601,191,1,1,3,'2009-04-06 02:20:10','0.00','26.00',NULL,NULL,'#34751471d29f6c673822526838da7714',NULL,'',NULL,NULL,NULL,NULL,NULL,NULL,NULL,NULL,0,0,3,NULL,NULL,NULL),(602,360,1,2,5,'2009-05-14 12:12:38','0.00','51.00',NULL,NULL,'#2e98bb6f2dbe57ca9a5c5add07f5002d',NULL,'',NULL,NULL,NULL,NULL,NULL,NULL,NULL,NULL,0,0,5,NULL,NULL,NULL),(603,20,2,2,1,'2008-05-28 10:58:09','0.00','84.00',NULL,NULL,'#7ea634b57aaf29ec0ade3ada59ec9a3b',NULL,'',NULL,NULL,NULL,NULL,NULL,NULL,NULL,NULL,0,0,5,NULL,NULL,NULL),(604,417,3,2,1,'2009-03-03 05:28:22','0.00','70.00',NULL,NULL,'#64fb82f7d7c0d777c12cc614e49751c1',NULL,'',NULL,NULL,NULL,NULL,NULL,NULL,NULL,NULL,0,0,6,NULL,NULL,NULL),(605,144,3,3,1,'2008-12-07 01:19:35','0.00','93.00',NULL,NULL,'#457a7dccbbb1fccbd55bfb4387f6ddbf',NULL,'',NULL,NULL,NULL,NULL,NULL,NULL,NULL,NULL,0,0,6,NULL,NULL,NULL),(606,156,4,3,1,'2008-11-20 01:44:16','0.00','46.00',NULL,NULL,'#1124d318af5fe22f578326230f6c1f03',NULL,'',NULL,NULL,NULL,NULL,NULL,NULL,NULL,NULL,0,0,3,NULL,NULL,NULL),(607,167,2,1,4,'2008-12-12 06:32:25','0.00','59.00',NULL,NULL,'#7fb1227c57d4351ca70bff8b5592e9d4',NULL,'',NULL,NULL,NULL,NULL,NULL,NULL,NULL,NULL,0,0,6,NULL,NULL,NULL),(608,357,4,2,2,'2008-11-17 02:41:21','0.00','88.00',NULL,NULL,'#c1828128ab1a1b483ea9b9d26630f825',NULL,'',NULL,NULL,NULL,NULL,NULL,NULL,NULL,NULL,0,0,5,NULL,NULL,NULL),(609,250,3,2,3,'2008-10-10 12:31:24','0.00','40.00',NULL,NULL,'#39eec35f013d2d959b03b12815fa2db7',NULL,'',NULL,NULL,NULL,NULL,NULL,NULL,NULL,NULL,0,0,1,NULL,NULL,NULL),(610,281,4,1,2,'2009-01-24 03:12:34','0.00','25.00',NULL,NULL,'#57242be1007ed9c329bd141e16d36341',NULL,'',NULL,NULL,NULL,NULL,NULL,NULL,NULL,NULL,0,0,3,NULL,NULL,NULL),(611,106,2,3,2,'2008-08-31 11:19:06','0.00','79.00',NULL,NULL,'#a185358a588f0aa950d5b227a52c85b7',NULL,'',NULL,NULL,NULL,NULL,NULL,NULL,NULL,NULL,0,0,2,NULL,NULL,NULL),(612,492,2,2,3,'2009-03-26 05:08:44','0.00','80.00',NULL,NULL,'#3fa220139d9da4e956239d97a74e9430',NULL,'',NULL,NULL,NULL,NULL,NULL,NULL,NULL,NULL,0,0,6,NULL,NULL,NULL),(613,275,1,3,3,'2009-05-16 11:45:15','0.00','35.00',NULL,NULL,'#38ec667829329441ba092caaf9739440',NULL,'',NULL,NULL,NULL,NULL,NULL,NULL,NULL,NULL,0,0,3,NULL,NULL,NULL),(614,394,4,2,4,'2008-09-27 09:55:03','0.00','73.00',NULL,NULL,'#cb7a494c8abc9a02a5c8c64d8e709c70',NULL,'',NULL,NULL,NULL,NULL,NULL,NULL,NULL,NULL,0,0,6,NULL,NULL,NULL),(615,373,3,1,5,'2008-10-10 07:34:43','0.00','76.00',NULL,NULL,'#8ad9adf6c015bf3c56857224504be80d',NULL,'',NULL,NULL,NULL,NULL,NULL,NULL,NULL,NULL,0,0,3,NULL,NULL,NULL),(616,243,3,2,4,'2009-03-08 03:14:11','0.00','36.00',NULL,NULL,'#06edf15d0132311961fbef3c22aad0be',NULL,'',NULL,NULL,NULL,NULL,NULL,NULL,NULL,NULL,0,0,5,NULL,NULL,NULL),(617,180,2,3,4,'2008-08-04 12:54:41','0.00','72.00',NULL,NULL,'#494af0f98acbbd702f1755089a61200b',NULL,'',NULL,NULL,NULL,NULL,NULL,NULL,NULL,NULL,0,0,5,NULL,NULL,NULL),(618,294,1,3,1,'2009-05-14 01:54:57','0.00','87.00',NULL,NULL,'#453790cbe83164ad86f9871b36f24223',NULL,'',NULL,NULL,NULL,NULL,NULL,NULL,NULL,NULL,0,0,6,NULL,NULL,NULL),(619,108,1,3,4,'2008-10-07 05:09:22','0.00','55.00',NULL,NULL,'#9e7db85633afc7a1ce99f307c774d457',NULL,'',NULL,NULL,NULL,NULL,NULL,NULL,NULL,NULL,0,0,4,NULL,NULL,NULL),(620,100,2,2,1,'2008-06-21 05:50:57','0.00','98.00',NULL,NULL,'#7989e51be3234d8972a184d14fe54696',NULL,'',NULL,NULL,NULL,NULL,NULL,NULL,NULL,NULL,0,0,3,NULL,NULL,NULL),(621,496,4,2,4,'2009-04-23 07:56:17','0.00','79.00',NULL,NULL,'#c7b0ecdffb46900f02c62b32c2dc737f',NULL,'',NULL,NULL,NULL,NULL,NULL,NULL,NULL,NULL,0,0,1,NULL,NULL,NULL),(622,191,3,1,4,'2009-05-09 05:46:17','0.00','39.00',NULL,NULL,'#97a4871c1d5b05cd15dd8349bb800596',NULL,'',NULL,NULL,NULL,NULL,NULL,NULL,NULL,NULL,0,0,5,NULL,NULL,NULL),(623,319,4,3,5,'2009-01-23 06:52:20','0.00','97.00',NULL,NULL,'#a99ddd5d75a3439f7e802344962619ff',NULL,'',NULL,NULL,NULL,NULL,NULL,NULL,NULL,NULL,0,0,4,NULL,NULL,NULL),(624,38,1,1,2,'2008-10-19 11:20:11','0.00','69.00',NULL,NULL,'#dbf8e895304bc2c3763dc56f5e81f8d0',NULL,'',NULL,NULL,NULL,NULL,NULL,NULL,NULL,NULL,0,0,3,NULL,NULL,NULL),(625,349,4,1,4,'2008-08-13 12:52:51','0.00','50.00',NULL,NULL,'#6a6e156581f91c77fcb5a110e929abc4',NULL,'',NULL,NULL,NULL,NULL,NULL,NULL,NULL,NULL,0,0,5,NULL,NULL,NULL),(626,396,4,2,1,'2008-06-04 04:43:22','0.00','86.00',NULL,NULL,'#1f2050143b72b09689de3f7c85e16316',NULL,'',NULL,NULL,NULL,NULL,NULL,NULL,NULL,NULL,0,0,5,NULL,NULL,NULL),(627,381,3,3,5,'2009-01-17 04:15:31','0.00','77.00',NULL,NULL,'#dd235020799434718563a8dab79864fa',NULL,'',NULL,NULL,NULL,NULL,NULL,NULL,NULL,NULL,0,0,5,NULL,NULL,NULL),(628,281,2,2,5,'2009-01-03 04:17:36','0.00','33.00',NULL,NULL,'#4a23d120f426cd5577ebe21279653b4a',NULL,'',NULL,NULL,NULL,NULL,NULL,NULL,NULL,NULL,0,0,4,NULL,NULL,NULL),(629,471,4,1,3,'2008-12-28 09:24:39','0.00','57.00',NULL,NULL,'#a5b0f704a558a62613cb8d61c070a896',NULL,'',NULL,NULL,NULL,NULL,NULL,NULL,NULL,NULL,0,0,2,NULL,NULL,NULL),(630,202,2,3,3,'2008-10-22 12:50:55','0.00','62.00',NULL,NULL,'#7bc690e457f2cebc4ed1de0bb975b9c8',NULL,'',NULL,NULL,NULL,NULL,NULL,NULL,NULL,NULL,0,0,2,NULL,NULL,NULL),(631,425,1,1,3,'2008-10-26 08:35:33','0.00','56.00',NULL,NULL,'#c71a197944f9b7275de7a42cb8ec6f08',NULL,'',NULL,NULL,NULL,NULL,NULL,NULL,NULL,NULL,0,0,5,NULL,NULL,NULL),(632,333,2,1,1,'2009-05-19 05:36:58','0.00','95.00',NULL,NULL,'#89bebb709b9dc145a06016e39255a5fa',NULL,'',NULL,NULL,NULL,NULL,NULL,NULL,NULL,NULL,0,0,6,NULL,NULL,NULL),(633,156,4,3,4,'2008-07-11 06:56:52','0.00','66.00',NULL,NULL,'#1d8b16bfdc0675f1d934d1007b50e033',NULL,'',NULL,NULL,NULL,NULL,NULL,NULL,NULL,NULL,0,0,1,NULL,NULL,NULL),(634,217,4,2,4,'2009-05-17 08:17:54','0.00','68.00',NULL,NULL,'#2cd6b57d37cc06ab1ff93403e678e04f',NULL,'',NULL,NULL,NULL,NULL,NULL,NULL,NULL,NULL,0,0,5,NULL,NULL,NULL),(635,25,3,3,3,'2008-08-21 05:48:34','0.00','67.00',NULL,NULL,'#c778ab4c70fe7b0f06454b9d57bc8945',NULL,'',NULL,NULL,NULL,NULL,NULL,NULL,NULL,NULL,0,0,2,NULL,NULL,NULL),(636,118,3,3,2,'2008-11-27 07:30:01','0.00','40.00',NULL,NULL,'#0970a5228bc5a04efc5713311af9503b',NULL,'',NULL,NULL,NULL,NULL,NULL,NULL,NULL,NULL,0,0,2,NULL,NULL,NULL),(637,253,3,3,1,'2008-12-08 10:50:25','0.00','59.00',NULL,NULL,'#0afd7c7946016cc594ad4d6843a0d1f6',NULL,'',NULL,NULL,NULL,NULL,NULL,NULL,NULL,NULL,0,0,2,NULL,NULL,NULL),(638,337,3,1,3,'2009-04-01 05:53:58','0.00','56.00',NULL,NULL,'#21524bc4f88a41e1fe4ff667e5463f8f',NULL,'',NULL,NULL,NULL,NULL,NULL,NULL,NULL,NULL,0,0,2,NULL,NULL,NULL),(639,174,1,1,3,'2008-07-01 02:39:43','0.00','84.00',NULL,NULL,'#39fa5567c4a6fb283a100bafa8283f4b',NULL,'',NULL,NULL,NULL,NULL,NULL,NULL,NULL,NULL,0,0,3,NULL,NULL,NULL),(640,398,1,1,4,'2008-11-29 02:15:58','0.00','29.00',NULL,NULL,'#2ef9df9a6af51e139e0b764e3969712b',NULL,'',NULL,NULL,NULL,NULL,NULL,NULL,NULL,NULL,0,0,6,NULL,NULL,NULL),(641,150,1,3,4,'2009-03-28 11:38:32','0.00','90.00',NULL,NULL,'#9d8844e47ff83f1ba45ffdabecf8c692',NULL,'',NULL,NULL,NULL,NULL,NULL,NULL,NULL,NULL,0,0,1,NULL,NULL,NULL),(642,286,1,2,2,'2009-01-15 12:38:50','0.00','37.00',NULL,NULL,'#7fb0d9dfa52a215460fd20cefc3c0da3',NULL,'',NULL,NULL,NULL,NULL,NULL,NULL,NULL,NULL,0,0,1,NULL,NULL,NULL),(643,121,1,1,3,'2008-05-31 05:04:50','0.00','71.00',NULL,NULL,'#9dec2eafde4aab154bedd767c3fd6893',NULL,'',NULL,NULL,NULL,NULL,NULL,NULL,NULL,NULL,0,0,3,NULL,NULL,NULL),(644,27,3,2,5,'2008-07-17 09:07:55','0.00','37.00',NULL,NULL,'#4290647c5d5d92e36fbc49f64644e0dc',NULL,'',NULL,NULL,NULL,NULL,NULL,NULL,NULL,NULL,0,0,3,NULL,NULL,NULL),(645,105,3,1,2,'2008-08-25 06:41:49','0.00','16.00',NULL,NULL,'#222db3bad35e3226299ccafd78242bed',NULL,'',NULL,NULL,NULL,NULL,NULL,NULL,NULL,NULL,0,0,3,NULL,NULL,NULL),(646,16,4,1,5,'2008-11-23 02:01:07','0.00','99.00',NULL,NULL,'#e499b0b462e759e2bfa764ebb1eb02a7',NULL,'',NULL,NULL,NULL,NULL,NULL,NULL,NULL,NULL,0,0,4,NULL,NULL,NULL),(647,263,2,2,3,'2009-04-18 07:37:13','0.00','61.00',NULL,NULL,'#6ac20d4927bca9c4827ba98c0a1dd0ba',NULL,'',NULL,NULL,NULL,NULL,NULL,NULL,NULL,NULL,0,0,1,NULL,NULL,NULL),(648,157,4,1,5,'2009-03-04 04:29:14','0.00','50.00',NULL,NULL,'#1363a5c6df97acf43ac5ec382866bdd8',NULL,'',NULL,NULL,NULL,NULL,NULL,NULL,NULL,NULL,0,0,2,NULL,NULL,NULL),(649,357,4,3,5,'2008-07-02 06:08:27','0.00','54.00',NULL,NULL,'#c1a750c2e486fe186e0d0a9ad05e67d9',NULL,'',NULL,NULL,NULL,NULL,NULL,NULL,NULL,NULL,0,0,4,NULL,NULL,NULL),(650,31,4,3,5,'2008-09-30 12:44:44','0.00','99.00',NULL,NULL,'#832eb14c71fcb5e6f29d9d00b822c56b',NULL,'',NULL,NULL,NULL,NULL,NULL,NULL,NULL,NULL,0,0,3,NULL,NULL,NULL),(651,500,3,2,2,'2008-09-29 06:57:17','0.00','61.00',NULL,NULL,'#d5032adc9fbbb548c902682cc7f036be',NULL,'',NULL,NULL,NULL,NULL,NULL,NULL,NULL,NULL,0,0,5,NULL,NULL,NULL),(652,228,1,3,3,'2008-07-05 05:31:38','0.00','17.00',NULL,NULL,'#5b1270a90b6c188acd6ef2572746842c',NULL,'',NULL,NULL,NULL,NULL,NULL,NULL,NULL,NULL,0,0,1,NULL,NULL,NULL),(653,316,4,1,2,'2008-08-11 02:25:16','0.00','56.00',NULL,NULL,'#a27acb1e93c111dcc9725fa30bb8bb8a',NULL,'',NULL,NULL,NULL,NULL,NULL,NULL,NULL,NULL,0,0,5,NULL,NULL,NULL),(654,373,3,1,5,'2008-06-30 07:10:46','0.00','77.00',NULL,NULL,'#d966e4ded22db8fe97d17b8de6ed140e',NULL,'',NULL,NULL,NULL,NULL,NULL,NULL,NULL,NULL,0,0,4,NULL,NULL,NULL),(655,175,2,3,1,'2009-01-07 12:38:45','0.00','28.00',NULL,NULL,'#e33c2ba6ef12041910ed2c4c0dd08467',NULL,'',NULL,NULL,NULL,NULL,NULL,NULL,NULL,NULL,0,0,4,NULL,NULL,NULL),(656,261,3,3,1,'2008-10-18 09:21:11','0.00','12.00',NULL,NULL,'#51d56b7affc3d224b61b189c0a9a958d',NULL,'',NULL,NULL,NULL,NULL,NULL,NULL,NULL,NULL,0,0,3,NULL,NULL,NULL),(657,308,1,1,1,'2009-04-06 02:12:43','0.00','47.00',NULL,NULL,'#11598aad7a62e01665289bed6e7090f2',NULL,'',NULL,NULL,NULL,NULL,NULL,NULL,NULL,NULL,0,0,3,NULL,NULL,NULL),(658,349,4,2,2,'2009-04-29 12:39:08','0.00','10.00',NULL,NULL,'#e3e348bb834c7aa2b8678f15a65dfc95',NULL,'',NULL,NULL,NULL,NULL,NULL,NULL,NULL,NULL,0,0,3,NULL,NULL,NULL),(659,254,2,2,3,'2009-05-11 03:16:20','0.00','90.00',NULL,NULL,'#61969461e32a419be27bba3dd137f69c',NULL,'',NULL,NULL,NULL,NULL,NULL,NULL,NULL,NULL,0,0,4,NULL,NULL,NULL),(660,115,2,1,3,'2009-02-23 10:33:55','0.00','41.00',NULL,NULL,'#d57cd1fc1498f66d348691113a3d360c',NULL,'',NULL,NULL,NULL,NULL,NULL,NULL,NULL,NULL,0,0,2,NULL,NULL,NULL),(661,384,2,3,4,'2009-02-16 10:52:48','0.00','11.00',NULL,NULL,'#4a57170ffed4adc05b2e3c164f0de926',NULL,'',NULL,NULL,NULL,NULL,NULL,NULL,NULL,NULL,0,0,2,NULL,NULL,NULL),(662,485,3,2,1,'2009-04-29 02:15:19','0.00','51.00',NULL,NULL,'#b6e5a1b3d89caa1608a8087c31daa271',NULL,'',NULL,NULL,NULL,NULL,NULL,NULL,NULL,NULL,0,0,5,NULL,NULL,NULL),(663,381,2,2,1,'2008-09-15 01:07:17','0.00','28.00',NULL,NULL,'#98fda5efdd98a54eefe5600d47711fcf',NULL,'',NULL,NULL,NULL,NULL,NULL,NULL,NULL,NULL,0,0,4,NULL,NULL,NULL),(664,405,3,2,1,'2008-12-13 03:43:42','0.00','15.00',NULL,NULL,'#254bdfb74a15af6edcc2ae9f0061e75c',NULL,'',NULL,NULL,NULL,NULL,NULL,NULL,NULL,NULL,0,0,5,NULL,NULL,NULL),(665,336,2,1,1,'2008-08-07 06:17:42','0.00','27.00',NULL,NULL,'#c53dcbd812d7dde8df9f384e671c8134',NULL,'',NULL,NULL,NULL,NULL,NULL,NULL,NULL,NULL,0,0,4,NULL,NULL,NULL),(666,63,4,2,1,'2008-09-18 01:27:35','0.00','91.00',NULL,NULL,'#0319c58f82d394e84678f01db8ca7055',NULL,'',NULL,NULL,NULL,NULL,NULL,NULL,NULL,NULL,0,0,2,NULL,NULL,NULL),(667,283,1,2,5,'2008-06-08 05:56:26','0.00','96.00',NULL,NULL,'#ecf304f7261d28c26ec98f6d911a6d96',NULL,'',NULL,NULL,NULL,NULL,NULL,NULL,NULL,NULL,0,0,4,NULL,NULL,NULL),(668,26,4,3,1,'2009-01-13 04:12:11','0.00','28.00',NULL,NULL,'#dcfedd56eb9cddef9e667ed32ac5994a',NULL,'',NULL,NULL,NULL,NULL,NULL,NULL,NULL,NULL,0,0,6,NULL,NULL,NULL),(669,477,4,2,4,'2008-10-01 10:36:19','0.00','94.00',NULL,NULL,'#d0b2194bee1e29f9464a66d9df1a4acc',NULL,'',NULL,NULL,NULL,NULL,NULL,NULL,NULL,NULL,0,0,6,NULL,NULL,NULL),(670,4,3,2,5,'2008-07-19 07:03:38','0.00','76.00',NULL,NULL,'#147048583de91c001e08a47ce05f5804',NULL,'',NULL,NULL,NULL,NULL,NULL,NULL,NULL,NULL,0,0,3,NULL,NULL,NULL),(671,405,4,3,3,'2008-07-08 10:34:59','0.00','37.00',NULL,NULL,'#2726f5f5ca8c97f4329fa10b69f1654c',NULL,'',NULL,NULL,NULL,NULL,NULL,NULL,NULL,NULL,0,0,1,NULL,NULL,NULL),(672,404,1,3,4,'2009-03-11 05:53:45','0.00','17.00',NULL,NULL,'#0ead566845638c029a5df55f00e7a5ac',NULL,'',NULL,NULL,NULL,NULL,NULL,NULL,NULL,NULL,0,0,1,NULL,NULL,NULL),(673,370,3,1,5,'2008-08-05 05:22:38','0.00','60.00',NULL,NULL,'#4a1c5dc62fcf78c65a2663e8a498062f',NULL,'',NULL,NULL,NULL,NULL,NULL,NULL,NULL,NULL,0,0,2,NULL,NULL,NULL),(674,294,1,1,4,'2008-07-23 11:14:47','0.00','57.00',NULL,NULL,'#033e41f69235465fb22cb9e56b14a3f5',NULL,'',NULL,NULL,NULL,NULL,NULL,NULL,NULL,NULL,0,0,4,NULL,NULL,NULL),(675,251,4,3,3,'2008-10-05 08:13:24','0.00','53.00',NULL,NULL,'#66a908c27dcb4a6a190b31311bfa1d5e',NULL,'',NULL,NULL,NULL,NULL,NULL,NULL,NULL,NULL,0,0,2,NULL,NULL,NULL),(676,130,3,3,5,'2009-02-11 11:03:53','0.00','44.00',NULL,NULL,'#5d3ec56315f8d200baa4de7a322eb7ab',NULL,'',NULL,NULL,NULL,NULL,NULL,NULL,NULL,NULL,0,0,1,NULL,NULL,NULL),(677,233,4,1,4,'2008-12-31 03:30:33','0.00','56.00',NULL,NULL,'#19e65273a5a1655a8a617f69a768f756',NULL,'',NULL,NULL,NULL,NULL,NULL,NULL,NULL,NULL,0,0,5,NULL,NULL,NULL),(678,345,2,1,3,'2008-09-03 11:50:42','0.00','33.00',NULL,NULL,'#e16fc4c997f66eca4ae63fe62e901f4a',NULL,'',NULL,NULL,NULL,NULL,NULL,NULL,NULL,NULL,0,0,6,NULL,NULL,NULL),(679,18,1,3,5,'2009-01-27 01:11:01','0.00','38.00',NULL,NULL,'#97ab05afc36df4c4f360baebe5cec753',NULL,'',NULL,NULL,NULL,NULL,NULL,NULL,NULL,NULL,0,0,3,NULL,NULL,NULL),(680,396,3,1,3,'2008-09-21 11:30:53','0.00','84.00',NULL,NULL,'#754fd7b545368487dae532ab01f4faac',NULL,'',NULL,NULL,NULL,NULL,NULL,NULL,NULL,NULL,0,0,6,NULL,NULL,NULL),(681,169,2,2,1,'2009-03-20 08:40:12','0.00','34.00',NULL,NULL,'#568b336cf1f027dd02e699e7f49710d0',NULL,'',NULL,NULL,NULL,NULL,NULL,NULL,NULL,NULL,0,0,6,NULL,NULL,NULL),(682,461,1,2,2,'2008-07-10 09:17:11','0.00','78.00',NULL,NULL,'#c6439d99284a2d3a4975e3df20be1d38',NULL,'',NULL,NULL,NULL,NULL,NULL,NULL,NULL,NULL,0,0,6,NULL,NULL,NULL),(683,257,3,3,1,'2008-12-25 05:32:56','0.00','91.00',NULL,NULL,'#7fd1172c8db7fb1c881f08de665c5617',NULL,'',NULL,NULL,NULL,NULL,NULL,NULL,NULL,NULL,0,0,4,NULL,NULL,NULL),(684,41,4,3,5,'2008-12-18 05:35:27','0.00','82.00',NULL,NULL,'#6a99b3d2b165ab3fe478ef230deb05df',NULL,'',NULL,NULL,NULL,NULL,NULL,NULL,NULL,NULL,0,0,6,NULL,NULL,NULL),(685,97,4,2,4,'2009-03-09 07:42:16','0.00','28.00',NULL,NULL,'#1ce3eeb27f99f5da9f8aa5b77ede49a6',NULL,'',NULL,NULL,NULL,NULL,NULL,NULL,NULL,NULL,0,0,5,NULL,NULL,NULL),(686,18,4,2,4,'2008-08-24 02:51:38','0.00','81.00',NULL,NULL,'#ac3d874cda44ff23e0cff566b8410645',NULL,'',NULL,NULL,NULL,NULL,NULL,NULL,NULL,NULL,0,0,6,NULL,NULL,NULL),(687,235,4,3,1,'2009-02-25 10:44:00','0.00','36.00',NULL,NULL,'#284272a4fd13756a7b4ecfe1bf0bc182',NULL,'',NULL,NULL,NULL,NULL,NULL,NULL,NULL,NULL,0,0,5,NULL,NULL,NULL),(688,464,2,3,2,'2009-02-07 07:04:22','0.00','63.00',NULL,NULL,'#8d147598c9c998f5ef23433b73f5e0b8',NULL,'',NULL,NULL,NULL,NULL,NULL,NULL,NULL,NULL,0,0,3,NULL,NULL,NULL),(689,190,3,2,3,'2009-04-20 09:59:14','0.00','44.00',NULL,NULL,'#891b54b9ec329cc143c54b287baf84b4',NULL,'',NULL,NULL,NULL,NULL,NULL,NULL,NULL,NULL,0,0,3,NULL,NULL,NULL),(690,384,3,2,4,'2008-12-15 02:09:10','0.00','91.00',NULL,NULL,'#50fce32710a2675fb19d624fd50a6f9c',NULL,'',NULL,NULL,NULL,NULL,NULL,NULL,NULL,NULL,0,0,3,NULL,NULL,NULL),(691,189,3,1,2,'2008-12-02 06:18:56','0.00','90.00',NULL,NULL,'#2cdbb9534407b4d16b3581b461388513',NULL,'',NULL,NULL,NULL,NULL,NULL,NULL,NULL,NULL,0,0,3,NULL,NULL,NULL),(692,387,4,1,4,'2008-07-24 01:49:42','0.00','63.00',NULL,NULL,'#7e3716244eecd432f612b7b935d03017',NULL,'',NULL,NULL,NULL,NULL,NULL,NULL,NULL,NULL,0,0,5,NULL,NULL,NULL),(693,105,3,3,3,'2008-11-15 05:02:52','0.00','58.00',NULL,NULL,'#69e364e42b22da98b9c8e31525233e51',NULL,'',NULL,NULL,NULL,NULL,NULL,NULL,NULL,NULL,0,0,6,NULL,NULL,NULL),(694,376,1,1,2,'2009-02-08 07:44:14','0.00','71.00',NULL,NULL,'#0c0f0cce398781204d9552e0f3a3fe5d',NULL,'',NULL,NULL,NULL,NULL,NULL,NULL,NULL,NULL,0,0,6,NULL,NULL,NULL),(695,77,3,2,5,'2009-05-18 01:25:12','0.00','70.00',NULL,NULL,'#d05681fb22ebf4a7239b722bce49dcf8',NULL,'',NULL,NULL,NULL,NULL,NULL,NULL,NULL,NULL,0,0,1,NULL,NULL,NULL),(696,227,3,3,5,'2008-07-15 03:18:39','0.00','43.00',NULL,NULL,'#9bb6e3b189e817aad140f7b908897615',NULL,'',NULL,NULL,NULL,NULL,NULL,NULL,NULL,NULL,0,0,4,NULL,NULL,NULL),(697,307,1,3,3,'2008-11-30 10:50:59','0.00','69.00',NULL,NULL,'#4867b5b609b38453b1a671e9f82b7c60',NULL,'',NULL,NULL,NULL,NULL,NULL,NULL,NULL,NULL,0,0,5,NULL,NULL,NULL),(698,492,1,2,3,'2008-11-24 10:07:28','0.00','57.00',NULL,NULL,'#125b2fb1858dde784c069a17bc512597',NULL,'',NULL,NULL,NULL,NULL,NULL,NULL,NULL,NULL,0,0,6,NULL,NULL,NULL),(699,299,4,2,5,'2008-05-31 10:41:19','0.00','14.00',NULL,NULL,'#c1ab5ff58f93ebed6f5b49ad00358217',NULL,'',NULL,NULL,NULL,NULL,NULL,NULL,NULL,NULL,0,0,5,NULL,NULL,NULL),(700,39,1,3,4,'2008-11-05 12:04:07','0.00','16.00',NULL,NULL,'#adbf827fa702105887fad57ba6a83554',NULL,'',NULL,NULL,NULL,NULL,NULL,NULL,NULL,NULL,0,0,5,NULL,NULL,NULL),(701,82,4,3,1,'2008-06-09 09:47:25','0.00','67.00',NULL,NULL,'#f59ab9c6865963fdaaefca581785c970',NULL,'',NULL,NULL,NULL,NULL,NULL,NULL,NULL,NULL,0,0,3,NULL,NULL,NULL),(702,248,4,1,1,'2008-11-21 04:15:22','0.00','73.00',NULL,NULL,'#98e6ce4b7097e489b68c8ce1823ab526',NULL,'',NULL,NULL,NULL,NULL,NULL,NULL,NULL,NULL,0,0,1,NULL,NULL,NULL),(703,47,4,2,4,'2009-02-18 04:14:18','0.00','60.00',NULL,NULL,'#240103940745f55705cfff3963ab07b3',NULL,'',NULL,NULL,NULL,NULL,NULL,NULL,NULL,NULL,0,0,5,NULL,NULL,NULL),(704,462,1,3,5,'2008-08-03 07:43:17','0.00','82.00',NULL,NULL,'#2dd929ba497593f23c3a6d7c8576a2e6',NULL,'',NULL,NULL,NULL,NULL,NULL,NULL,NULL,NULL,0,0,2,NULL,NULL,NULL),(705,182,1,2,4,'2009-05-11 08:47:33','0.00','38.00',NULL,NULL,'#e4be614681485e2a16d6bfec0ae84055',NULL,'',NULL,NULL,NULL,NULL,NULL,NULL,NULL,NULL,0,0,1,NULL,NULL,NULL),(706,220,4,1,2,'2008-05-30 05:04:34','0.00','90.00',NULL,NULL,'#60e79cf76475c7de01eec7a3c1083b20',NULL,'',NULL,NULL,NULL,NULL,NULL,NULL,NULL,NULL,0,0,6,NULL,NULL,NULL),(707,63,3,3,1,'2009-03-17 08:55:32','0.00','59.00',NULL,NULL,'#207aeff4ecfaf5ac7e9fdcd77f03a750',NULL,'',NULL,NULL,NULL,NULL,NULL,NULL,NULL,NULL,0,0,1,NULL,NULL,NULL),(708,173,1,3,5,'2008-10-01 09:44:43','0.00','49.00',NULL,NULL,'#4b914a54fb381f7d927b097c050679ad',NULL,'',NULL,NULL,NULL,NULL,NULL,NULL,NULL,NULL,0,0,4,NULL,NULL,NULL),(709,260,2,3,2,'2008-08-20 10:40:30','0.00','58.00',NULL,NULL,'#9f9b91060b1d90f21ea380afc3fd193c',NULL,'',NULL,NULL,NULL,NULL,NULL,NULL,NULL,NULL,0,0,3,NULL,NULL,NULL),(710,162,3,3,3,'2009-03-06 07:43:26','0.00','23.00',NULL,NULL,'#7a7d6094435fa85598303a8795bcd0b8',NULL,'',NULL,NULL,NULL,NULL,NULL,NULL,NULL,NULL,0,0,2,NULL,NULL,NULL),(711,151,3,1,4,'2009-05-05 04:48:45','0.00','87.00',NULL,NULL,'#39de6927afd54ce115e369d42b303dc4',NULL,'',NULL,NULL,NULL,NULL,NULL,NULL,NULL,NULL,0,0,4,NULL,NULL,NULL),(712,345,4,1,3,'2008-12-13 11:29:55','0.00','87.00',NULL,NULL,'#cc336c430c8bdac18d1b03e5c475831d',NULL,'',NULL,NULL,NULL,NULL,NULL,NULL,NULL,NULL,0,0,5,NULL,NULL,NULL),(713,436,3,1,4,'2009-05-04 09:06:38','0.00','98.00',NULL,NULL,'#350dc882c1c0bba3bf87869f8e806d87',NULL,'',NULL,NULL,NULL,NULL,NULL,NULL,NULL,NULL,0,0,2,NULL,NULL,NULL),(714,33,1,2,5,'2009-05-03 11:57:41','0.00','37.00',NULL,NULL,'#2719d469693e0cd625a60e346c146b30',NULL,'',NULL,NULL,NULL,NULL,NULL,NULL,NULL,NULL,0,0,6,NULL,NULL,NULL),(715,313,3,3,4,'2008-12-14 04:03:35','0.00','52.00',NULL,NULL,'#baced6bb6e2d96520ab97cd2aa778f71',NULL,'',NULL,NULL,NULL,NULL,NULL,NULL,NULL,NULL,0,0,6,NULL,NULL,NULL),(716,100,2,3,5,'2009-03-07 04:35:16','0.00','51.00',NULL,NULL,'#32513f6f0caee1f7125357cc1f6ad8a5',NULL,'',NULL,NULL,NULL,NULL,NULL,NULL,NULL,NULL,0,0,3,NULL,NULL,NULL),(717,252,1,3,5,'2008-12-21 01:32:10','0.00','46.00',NULL,NULL,'#72aacc10087cf76c2867c7aefea97b1a',NULL,'',NULL,NULL,NULL,NULL,NULL,NULL,NULL,NULL,0,0,6,NULL,NULL,NULL),(718,282,1,3,4,'2008-07-15 05:38:56','0.00','13.00',NULL,NULL,'#95a3e40a6cee852a88ccb5f037ed9f73',NULL,'',NULL,NULL,NULL,NULL,NULL,NULL,NULL,NULL,0,0,1,NULL,NULL,NULL),(719,6,4,3,5,'2009-03-30 01:20:56','0.00','68.00',NULL,NULL,'#d6dc4ab1e6abd41ed3cdcc52263badcf',NULL,'',NULL,NULL,NULL,NULL,NULL,NULL,NULL,NULL,0,0,6,NULL,NULL,NULL),(720,174,2,2,2,'2008-12-06 07:00:00','0.00','74.00',NULL,NULL,'#2faae13ac9fd9f72008cb9666eb0d914',NULL,'',NULL,NULL,NULL,NULL,NULL,NULL,NULL,NULL,0,0,4,NULL,NULL,NULL),(721,420,2,2,5,'2008-09-28 08:54:21','0.00','60.00',NULL,NULL,'#e0e1f07934fa162b99589cca0913e11a',NULL,'',NULL,NULL,NULL,NULL,NULL,NULL,NULL,NULL,0,0,3,NULL,NULL,NULL),(722,80,1,1,2,'2008-12-01 12:02:08','0.00','94.00',NULL,NULL,'#126c4153b3fbc858aa4cd974263e845f',NULL,'',NULL,NULL,NULL,NULL,NULL,NULL,NULL,NULL,0,0,1,NULL,NULL,NULL),(723,317,1,2,5,'2008-11-10 02:02:40','0.00','81.00',NULL,NULL,'#4851c733ef943551ae7f84b85522d74f',NULL,'',NULL,NULL,NULL,NULL,NULL,NULL,NULL,NULL,0,0,1,NULL,NULL,NULL),(724,187,4,1,5,'2008-11-05 12:05:20','0.00','96.00',NULL,NULL,'#7d612b774acc2c8a4c54beba8f911b8b',NULL,'',NULL,NULL,NULL,NULL,NULL,NULL,NULL,NULL,0,0,5,NULL,NULL,NULL),(725,117,1,2,3,'2008-09-07 09:55:14','0.00','86.00',NULL,NULL,'#76ca56a75ae1c59511ef00b7c9edcbc8',NULL,'',NULL,NULL,NULL,NULL,NULL,NULL,NULL,NULL,0,0,3,NULL,NULL,NULL),(726,481,1,2,5,'2008-06-22 11:01:29','0.00','89.00',NULL,NULL,'#dda9a54ba0000f5d5ea00c7b54192692',NULL,'',NULL,NULL,NULL,NULL,NULL,NULL,NULL,NULL,0,0,2,NULL,NULL,NULL),(727,419,3,3,2,'2008-09-09 11:32:54','0.00','36.00',NULL,NULL,'#414d99f269374630d02168a490858858',NULL,'',NULL,NULL,NULL,NULL,NULL,NULL,NULL,NULL,0,0,2,NULL,NULL,NULL),(728,15,4,3,3,'2008-09-23 08:20:41','0.00','79.00',NULL,NULL,'#3bbe900643e41aa04157c4a3f99de52d',NULL,'',NULL,NULL,NULL,NULL,NULL,NULL,NULL,NULL,0,0,4,NULL,NULL,NULL),(729,115,3,3,4,'2008-10-15 02:17:50','0.00','59.00',NULL,NULL,'#a2fb243c918727b80cc99050143b4c03',NULL,'',NULL,NULL,NULL,NULL,NULL,NULL,NULL,NULL,0,0,2,NULL,NULL,NULL),(730,216,3,2,4,'2009-04-19 03:02:06','0.00','50.00',NULL,NULL,'#cdf4a900bae4d05fe95a0e662731858e',NULL,'',NULL,NULL,NULL,NULL,NULL,NULL,NULL,NULL,0,0,6,NULL,NULL,NULL),(731,12,3,2,5,'2009-04-19 07:26:58','0.00','34.00',NULL,NULL,'#6f80a1f521651bac9ed670b4436d7fd0',NULL,'',NULL,NULL,NULL,NULL,NULL,NULL,NULL,NULL,0,0,1,NULL,NULL,NULL),(732,430,3,2,5,'2009-01-16 05:33:10','0.00','90.00',NULL,NULL,'#1e93abb13bf47abed3537304d01d685a',NULL,'',NULL,NULL,NULL,NULL,NULL,NULL,NULL,NULL,0,0,5,NULL,NULL,NULL),(733,343,4,2,2,'2008-10-01 08:49:08','0.00','49.00',NULL,NULL,'#168718bf4fa9a694d05b47ecf12a823d',NULL,'',NULL,NULL,NULL,NULL,NULL,NULL,NULL,NULL,0,0,4,NULL,NULL,NULL),(734,353,2,3,4,'2009-03-09 07:12:53','0.00','93.00',NULL,NULL,'#64e356f7004dc4840b8d41ea5a1d23c1',NULL,'',NULL,NULL,NULL,NULL,NULL,NULL,NULL,NULL,0,0,6,NULL,NULL,NULL),(735,198,2,2,1,'2009-03-30 05:02:13','0.00','90.00',NULL,NULL,'#c5cbb40068e8dc1328ee9b033abd8eb4',NULL,'',NULL,NULL,NULL,NULL,NULL,NULL,NULL,NULL,0,0,6,NULL,NULL,NULL),(736,163,3,2,2,'2008-10-01 05:23:58','0.00','10.00',NULL,NULL,'#decb2b9e7bd88fdc9f54dc07187ccaa8',NULL,'',NULL,NULL,NULL,NULL,NULL,NULL,NULL,NULL,0,0,3,NULL,NULL,NULL),(737,391,3,2,5,'2008-11-21 09:14:48','0.00','24.00',NULL,NULL,'#ae2e84f5b0d1488f84d27d5d26f9cf96',NULL,'',NULL,NULL,NULL,NULL,NULL,NULL,NULL,NULL,0,0,1,NULL,NULL,NULL),(738,352,2,1,2,'2008-12-03 02:17:40','0.00','99.00',NULL,NULL,'#82b05716d8b1f1884f5c3bc800c09bc5',NULL,'',NULL,NULL,NULL,NULL,NULL,NULL,NULL,NULL,0,0,2,NULL,NULL,NULL),(739,188,1,2,5,'2008-11-24 01:20:21','0.00','96.00',NULL,NULL,'#9abe5da3f0cec13aa556285e7e511921',NULL,'',NULL,NULL,NULL,NULL,NULL,NULL,NULL,NULL,0,0,6,NULL,NULL,NULL),(740,11,1,1,2,'2009-04-20 08:34:43','0.00','41.00',NULL,NULL,'#6aa9f92daba87ed071edd3278879b4b6',NULL,'',NULL,NULL,NULL,NULL,NULL,NULL,NULL,NULL,0,0,3,NULL,NULL,NULL),(741,14,1,2,1,'2008-11-19 03:45:28','0.00','28.00',NULL,NULL,'#a13080d9b616d5e62255540a22fa0d86',NULL,'',NULL,NULL,NULL,NULL,NULL,NULL,NULL,NULL,0,0,5,NULL,NULL,NULL),(742,304,2,1,2,'2009-02-13 11:08:41','0.00','16.00',NULL,NULL,'#fe481324db7f3280cf024d0227805250',NULL,'',NULL,NULL,NULL,NULL,NULL,NULL,NULL,NULL,0,0,1,NULL,NULL,NULL),(743,218,4,1,3,'2009-01-01 09:53:03','0.00','32.00',NULL,NULL,'#15d7e02e060b7cdcd31565884c6f114b',NULL,'',NULL,NULL,NULL,NULL,NULL,NULL,NULL,NULL,0,0,3,NULL,NULL,NULL),(744,143,1,1,2,'2008-12-14 10:58:24','0.00','31.00',NULL,NULL,'#e90278bb63ca747a438bc78b5c14f0ba',NULL,'',NULL,NULL,NULL,NULL,NULL,NULL,NULL,NULL,0,0,1,NULL,NULL,NULL),(745,185,4,1,1,'2009-04-08 09:20:30','0.00','74.00',NULL,NULL,'#b27689ad973f44aabfb9a6375bc122af',NULL,'',NULL,NULL,NULL,NULL,NULL,NULL,NULL,NULL,0,0,4,NULL,NULL,NULL),(746,51,4,3,5,'2008-12-07 10:32:58','0.00','23.00',NULL,NULL,'#a01d869a37f4ed31bd519df4b5473991',NULL,'',NULL,NULL,NULL,NULL,NULL,NULL,NULL,NULL,0,0,1,NULL,NULL,NULL),(747,288,4,2,2,'2009-01-14 05:13:26','0.00','47.00',NULL,NULL,'#ca021065bec7a963306b1a49d471e66d',NULL,'',NULL,NULL,NULL,NULL,NULL,NULL,NULL,NULL,0,0,4,NULL,NULL,NULL),(748,395,3,2,5,'2008-10-20 11:34:03','0.00','86.00',NULL,NULL,'#b41d7070d94e6f772d9eee6f0a3654f2',NULL,'',NULL,NULL,NULL,NULL,NULL,NULL,NULL,NULL,0,0,4,NULL,NULL,NULL),(749,169,2,2,3,'2008-11-21 03:36:53','0.00','18.00',NULL,NULL,'#684166e69bfd087dd3d0e4259f775c4f',NULL,'',NULL,NULL,NULL,NULL,NULL,NULL,NULL,NULL,0,0,6,NULL,NULL,NULL),(750,482,2,2,4,'2009-03-29 01:39:05','0.00','56.00',NULL,NULL,'#43ffd5706a08faa98c6150c3f1c8eb3d',NULL,'',NULL,NULL,NULL,NULL,NULL,NULL,NULL,NULL,0,0,6,NULL,NULL,NULL),(751,240,2,3,5,'2009-01-04 03:54:30','0.00','40.00',NULL,NULL,'#cae0144111b74d3bac3910fd2d172292',NULL,'',NULL,NULL,NULL,NULL,NULL,NULL,NULL,NULL,0,0,1,NULL,NULL,NULL),(752,374,3,1,2,'2008-06-02 04:50:32','0.00','45.00',NULL,NULL,'#ec03b3265cf1dde1d80c95e12023a73c',NULL,'',NULL,NULL,NULL,NULL,NULL,NULL,NULL,NULL,0,0,3,NULL,NULL,NULL),(753,226,2,1,5,'2009-03-15 03:06:13','0.00','23.00',NULL,NULL,'#c6b5bd8dc3b53f7781f56b20a1566ce0',NULL,'',NULL,NULL,NULL,NULL,NULL,NULL,NULL,NULL,0,0,4,NULL,NULL,NULL),(754,226,1,1,3,'2008-06-04 11:46:00','0.00','85.00',NULL,NULL,'#a9e0e18df30e13fed48cc8fa9ad366bc',NULL,'',NULL,NULL,NULL,NULL,NULL,NULL,NULL,NULL,0,0,2,NULL,NULL,NULL),(755,491,4,3,5,'2008-09-11 10:57:54','0.00','71.00',NULL,NULL,'#2d1a38ab8ef51b68e148a3219a4668ca',NULL,'',NULL,NULL,NULL,NULL,NULL,NULL,NULL,NULL,0,0,4,NULL,NULL,NULL),(756,407,3,2,2,'2008-11-06 04:47:23','0.00','64.00',NULL,NULL,'#2dda3d6933697571e961a9cdc02efb7d',NULL,'',NULL,NULL,NULL,NULL,NULL,NULL,NULL,NULL,0,0,4,NULL,NULL,NULL),(757,249,1,1,4,'2008-11-19 03:17:54','0.00','47.00',NULL,NULL,'#2344920c25dcd96a482bf742b0f63ca8',NULL,'',NULL,NULL,NULL,NULL,NULL,NULL,NULL,NULL,0,0,4,NULL,NULL,NULL),(758,157,2,3,4,'2008-06-06 09:00:41','0.00','39.00',NULL,NULL,'#6c433408d04cea04c5ce7a5da674a792',NULL,'',NULL,NULL,NULL,NULL,NULL,NULL,NULL,NULL,0,0,4,NULL,NULL,NULL),(759,392,3,3,2,'2008-12-07 06:35:45','0.00','53.00',NULL,NULL,'#c79e46eea35f0ccdac2b48a1c0b6019c',NULL,'',NULL,NULL,NULL,NULL,NULL,NULL,NULL,NULL,0,0,6,NULL,NULL,NULL),(760,165,2,1,2,'2008-09-18 07:09:21','0.00','85.00',NULL,NULL,'#8925135301c6b834365b6e405c69391f',NULL,'',NULL,NULL,NULL,NULL,NULL,NULL,NULL,NULL,0,0,2,NULL,NULL,NULL),(761,150,1,1,5,'2008-11-26 07:20:36','0.00','41.00',NULL,NULL,'#c62195a4d9e7a5754739f09991a382cf',NULL,'',NULL,NULL,NULL,NULL,NULL,NULL,NULL,NULL,0,0,4,NULL,NULL,NULL),(762,346,1,3,1,'2008-08-21 09:23:06','0.00','13.00',NULL,NULL,'#a9f8f3d3c8eed5ad73443a3e2de74893',NULL,'',NULL,NULL,NULL,NULL,NULL,NULL,NULL,NULL,0,0,1,NULL,NULL,NULL),(763,42,4,1,5,'2008-09-28 01:28:51','0.00','71.00',NULL,NULL,'#00b144b02a267f2c0ffe1c979d7446b2',NULL,'',NULL,NULL,NULL,NULL,NULL,NULL,NULL,NULL,0,0,1,NULL,NULL,NULL),(764,176,3,3,2,'2009-01-30 11:39:35','0.00','58.00',NULL,NULL,'#7937ade13a9c51cc63cd82fca8fb0ffb',NULL,'',NULL,NULL,NULL,NULL,NULL,NULL,NULL,NULL,0,0,1,NULL,NULL,NULL),(765,433,4,1,3,'2008-11-28 07:44:53','0.00','10.00',NULL,NULL,'#f38d7c42cde15659d02a119cabc5f09a',NULL,'',NULL,NULL,NULL,NULL,NULL,NULL,NULL,NULL,0,0,2,NULL,NULL,NULL),(766,241,1,2,2,'2008-09-26 04:24:27','0.00','38.00',NULL,NULL,'#92226ac53251d7e56747beec726eb810',NULL,'',NULL,NULL,NULL,NULL,NULL,NULL,NULL,NULL,0,0,3,NULL,NULL,NULL),(767,362,2,2,1,'2009-02-26 12:12:28','0.00','74.00',NULL,NULL,'#c4002cf363f70eb268d76f203555c78e',NULL,'',NULL,NULL,NULL,NULL,NULL,NULL,NULL,NULL,0,0,2,NULL,NULL,NULL),(768,376,2,2,5,'2008-08-28 06:03:53','0.00','61.00',NULL,NULL,'#c18fc1cb991cdf800633a2bed5c49553',NULL,'',NULL,NULL,NULL,NULL,NULL,NULL,NULL,NULL,0,0,5,NULL,NULL,NULL),(769,10,3,3,4,'2008-11-12 03:48:11','0.00','57.00',NULL,NULL,'#03c50cab27e83f36c60568b95240e9e0',NULL,'',NULL,NULL,NULL,NULL,NULL,NULL,NULL,NULL,0,0,2,NULL,NULL,NULL),(770,433,1,2,3,'2008-05-22 11:08:32','0.00','70.00',NULL,NULL,'#d08afbd6f4745d2622c4df2dd8445718',NULL,'',NULL,NULL,NULL,NULL,NULL,NULL,NULL,NULL,0,0,3,NULL,NULL,NULL),(771,316,1,3,3,'2008-07-20 02:10:02','0.00','43.00',NULL,NULL,'#8854934d6a1c2fc37fd5567c38f33044',NULL,'',NULL,NULL,NULL,NULL,NULL,NULL,NULL,NULL,0,0,5,NULL,NULL,NULL),(772,316,1,2,2,'2009-03-09 06:36:59','0.00','36.00',NULL,NULL,'#c7e2bca322079ce5f1d436eeab17e4bd',NULL,'',NULL,NULL,NULL,NULL,NULL,NULL,NULL,NULL,0,0,4,NULL,NULL,NULL),(773,372,3,3,4,'2008-09-25 10:31:01','0.00','36.00',NULL,NULL,'#ba46d62eb34e67128967fe2a221912a3',NULL,'',NULL,NULL,NULL,NULL,NULL,NULL,NULL,NULL,0,0,4,NULL,NULL,NULL),(774,290,1,1,2,'2009-03-24 09:46:51','0.00','26.00',NULL,NULL,'#b23365c3bddc279e09e91c1bc359cc0f',NULL,'',NULL,NULL,NULL,NULL,NULL,NULL,NULL,NULL,0,0,4,NULL,NULL,NULL),(775,176,3,2,4,'2008-12-01 01:51:11','0.00','29.00',NULL,NULL,'#bac9d9d409d9486523c20a502fcde0c7',NULL,'',NULL,NULL,NULL,NULL,NULL,NULL,NULL,NULL,0,0,5,NULL,NULL,NULL),(776,431,3,3,2,'2008-10-24 02:58:31','0.00','46.00',NULL,NULL,'#eb5e2f5ff02ffa540c9d15855564923b',NULL,'',NULL,NULL,NULL,NULL,NULL,NULL,NULL,NULL,0,0,4,NULL,NULL,NULL),(777,338,3,2,2,'2009-03-27 03:13:50','0.00','23.00',NULL,NULL,'#29274f6b5636ced4c283e81af141bf47',NULL,'',NULL,NULL,NULL,NULL,NULL,NULL,NULL,NULL,0,0,2,NULL,NULL,NULL),(778,302,4,2,1,'2009-03-30 09:38:15','0.00','81.00',NULL,NULL,'#97d1e426412a4bf1b9a9acadbfac7eb4',NULL,'',NULL,NULL,NULL,NULL,NULL,NULL,NULL,NULL,0,0,1,NULL,NULL,NULL),(779,155,2,1,1,'2008-06-24 02:52:39','0.00','58.00',NULL,NULL,'#68e588611acdc3a1e725285941d17924',NULL,'',NULL,NULL,NULL,NULL,NULL,NULL,NULL,NULL,0,0,1,NULL,NULL,NULL),(780,422,1,1,3,'2008-07-12 07:10:44','0.00','83.00',NULL,NULL,'#de5083fdd72f8487c49f6702b28f5c69',NULL,'',NULL,NULL,NULL,NULL,NULL,NULL,NULL,NULL,0,0,1,NULL,NULL,NULL),(781,375,3,1,2,'2009-01-24 05:57:41','0.00','12.00',NULL,NULL,'#f780301c57086f3ade2cf46635ef0561',NULL,'',NULL,NULL,NULL,NULL,NULL,NULL,NULL,NULL,0,0,6,NULL,NULL,NULL),(782,464,1,2,4,'2009-03-22 11:37:26','0.00','20.00',NULL,NULL,'#4d5024ed63c1264995709d259525081e',NULL,'',NULL,NULL,NULL,NULL,NULL,NULL,NULL,NULL,0,0,6,NULL,NULL,NULL),(783,350,4,1,2,'2008-08-21 07:05:39','0.00','57.00',NULL,NULL,'#80d886fea11017870ead49b9f03802fb',NULL,'',NULL,NULL,NULL,NULL,NULL,NULL,NULL,NULL,0,0,1,NULL,NULL,NULL),(784,20,3,2,4,'2008-12-09 06:31:31','0.00','65.00',NULL,NULL,'#381eb123b19a2faf4818c27563028d72',NULL,'',NULL,NULL,NULL,NULL,NULL,NULL,NULL,NULL,0,0,5,NULL,NULL,NULL),(785,203,2,3,1,'2008-12-06 02:01:58','0.00','92.00',NULL,NULL,'#99be3937a67856cd5be437285ab9b3d4',NULL,'',NULL,NULL,NULL,NULL,NULL,NULL,NULL,NULL,0,0,5,NULL,NULL,NULL),(786,319,2,3,4,'2008-08-06 08:30:41','0.00','92.00',NULL,NULL,'#8df08976aafd4274fc057121ce5d99f1',NULL,'',NULL,NULL,NULL,NULL,NULL,NULL,NULL,NULL,0,0,4,NULL,NULL,NULL),(787,186,1,1,5,'2008-11-19 09:33:25','0.00','75.00',NULL,NULL,'#fecef37a8468034153c50e1d8e285cb9',NULL,'',NULL,NULL,NULL,NULL,NULL,NULL,NULL,NULL,0,0,5,NULL,NULL,NULL),(788,314,1,2,2,'2008-06-27 06:49:58','0.00','53.00',NULL,NULL,'#4425b7faf47edaaae52e974b15ae290b',NULL,'',NULL,NULL,NULL,NULL,NULL,NULL,NULL,NULL,0,0,5,NULL,NULL,NULL),(789,179,3,3,1,'2009-03-09 01:12:15','0.00','21.00',NULL,NULL,'#49cfc954f3f7dd5bbac9e8d242f5402a',NULL,'',NULL,NULL,NULL,NULL,NULL,NULL,NULL,NULL,0,0,6,NULL,NULL,NULL),(790,128,1,2,3,'2008-08-29 07:22:21','0.00','38.00',NULL,NULL,'#f984d202ef61cecf6c6f90783b428f00',NULL,'',NULL,NULL,NULL,NULL,NULL,NULL,NULL,NULL,0,0,6,NULL,NULL,NULL),(791,133,3,2,3,'2008-09-07 03:39:44','0.00','58.00',NULL,NULL,'#1a8076056c486e06fe18c0ed3aea029c',NULL,'',NULL,NULL,NULL,NULL,NULL,NULL,NULL,NULL,0,0,3,NULL,NULL,NULL),(792,48,3,3,4,'2009-05-11 09:58:55','0.00','42.00',NULL,NULL,'#89d0ece09b87ffeadf7e0b1bb91b757a',NULL,'',NULL,NULL,NULL,NULL,NULL,NULL,NULL,NULL,0,0,6,NULL,NULL,NULL),(793,397,1,3,3,'2009-05-17 06:40:38','0.00','30.00',NULL,NULL,'#e457826980a54071f628af13a3f7b25d',NULL,'',NULL,NULL,NULL,NULL,NULL,NULL,NULL,NULL,0,0,5,NULL,NULL,NULL),(794,56,1,3,3,'2008-08-19 11:17:39','0.00','24.00',NULL,NULL,'#6a0223881b14187f98073476b97fc570',NULL,'',NULL,NULL,NULL,NULL,NULL,NULL,NULL,NULL,0,0,6,NULL,NULL,NULL),(795,238,1,2,1,'2009-01-23 09:06:34','0.00','90.00',NULL,NULL,'#999705a387a87597e3837f9c80e970a7',NULL,'',NULL,NULL,NULL,NULL,NULL,NULL,NULL,NULL,0,0,4,NULL,NULL,NULL),(796,182,3,1,5,'2008-12-05 11:38:22','0.00','79.00',NULL,NULL,'#a3dee50c8a4cdbe6834bb3787c67dea0',NULL,'',NULL,NULL,NULL,NULL,NULL,NULL,NULL,NULL,0,0,3,NULL,NULL,NULL),(797,403,4,2,2,'2008-06-30 03:52:18','0.00','97.00',NULL,NULL,'#f9c256c2ef2979b66129bdecd01f91ba',NULL,'',NULL,NULL,NULL,NULL,NULL,NULL,NULL,NULL,0,0,6,NULL,NULL,NULL),(798,193,4,3,5,'2009-01-28 10:57:44','0.00','91.00',NULL,NULL,'#6779933bdc4f5d220951612fdf47375c',NULL,'',NULL,NULL,NULL,NULL,NULL,NULL,NULL,NULL,0,0,3,NULL,NULL,NULL),(799,332,3,2,4,'2008-10-20 02:37:05','0.00','82.00',NULL,NULL,'#fb70493f5062a9efffefe083dbd260ac',NULL,'',NULL,NULL,NULL,NULL,NULL,NULL,NULL,NULL,0,0,5,NULL,NULL,NULL),(800,437,4,1,4,'2009-04-10 11:40:01','0.00','83.00',NULL,NULL,'#9a472e29e1db7f6d60231a95385ebfff',NULL,'',NULL,NULL,NULL,NULL,NULL,NULL,NULL,NULL,0,0,6,NULL,NULL,NULL),(801,260,3,3,3,'2009-04-27 12:25:55','0.00','86.00',NULL,NULL,'#1e306ac93ff392b61fd6c37a4a0316ce',NULL,'',NULL,NULL,NULL,NULL,NULL,NULL,NULL,NULL,0,0,1,NULL,NULL,NULL),(802,202,2,2,2,'2009-05-18 07:49:57','0.00','54.00',NULL,NULL,'#1a87eb04c3ed268b46abef1b019429f9',NULL,'',NULL,NULL,NULL,NULL,NULL,NULL,NULL,NULL,0,0,6,NULL,NULL,NULL),(803,85,4,3,2,'2008-10-17 12:54:18','0.00','61.00',NULL,NULL,'#4b79419f27e43b5d003c939d5e4cd091',NULL,'',NULL,NULL,NULL,NULL,NULL,NULL,NULL,NULL,0,0,4,NULL,NULL,NULL),(804,339,2,1,3,'2008-09-30 04:19:33','0.00','71.00',NULL,NULL,'#89fb6735278a2034dd09aeb5d8ca9eec',NULL,'',NULL,NULL,NULL,NULL,NULL,NULL,NULL,NULL,0,0,3,NULL,NULL,NULL),(805,27,4,1,5,'2008-09-16 03:14:31','0.00','79.00',NULL,NULL,'#87afe07a9c64bd95f43d7da744d22f31',NULL,'',NULL,NULL,NULL,NULL,NULL,NULL,NULL,NULL,0,0,1,NULL,NULL,NULL),(806,457,4,3,1,'2008-08-25 10:16:05','0.00','20.00',NULL,NULL,'#f413d5a1a35aef7bb126f43195e48bd9',NULL,'',NULL,NULL,NULL,NULL,NULL,NULL,NULL,NULL,0,0,4,NULL,NULL,NULL),(807,410,4,3,1,'2009-05-20 12:16:26','0.00','32.00',NULL,NULL,'#2f0153eb5cb8ceda7f12033dec3ecdc9',NULL,'',NULL,NULL,NULL,NULL,NULL,NULL,NULL,NULL,0,0,1,NULL,NULL,NULL),(808,261,3,1,4,'2008-05-28 11:46:50','0.00','21.00',NULL,NULL,'#c07febddf940978bac344843040486ed',NULL,'',NULL,NULL,NULL,NULL,NULL,NULL,NULL,NULL,0,0,6,NULL,NULL,NULL),(809,82,2,3,1,'2008-08-02 02:10:38','0.00','63.00',NULL,NULL,'#680bfd05333705206ecb298226b50009',NULL,'',NULL,NULL,NULL,NULL,NULL,NULL,NULL,NULL,0,0,3,NULL,NULL,NULL),(810,149,2,1,5,'2009-05-22 09:35:34','0.00','12.00',NULL,NULL,'#d74eff339575ca06e78cb6a9b206c433',NULL,'',NULL,NULL,NULL,NULL,NULL,NULL,NULL,NULL,0,0,6,NULL,NULL,NULL),(811,134,4,3,3,'2009-04-11 10:05:38','0.00','75.00',NULL,NULL,'#39202746090091f2cebd372eb1bea314',NULL,'',NULL,NULL,NULL,NULL,NULL,NULL,NULL,NULL,0,0,3,NULL,NULL,NULL),(812,190,4,2,5,'2008-12-28 05:00:32','0.00','14.00',NULL,NULL,'#421a2516e929b23baefb49666f63d19a',NULL,'',NULL,NULL,NULL,NULL,NULL,NULL,NULL,NULL,0,0,4,NULL,NULL,NULL),(813,108,1,2,3,'2009-04-04 02:35:53','0.00','97.00',NULL,NULL,'#d184952f80221b22065cb9e11c5e9248',NULL,'',NULL,NULL,NULL,NULL,NULL,NULL,NULL,NULL,0,0,2,NULL,NULL,NULL),(814,327,1,3,1,'2009-01-27 03:22:25','0.00','94.00',NULL,NULL,'#a3258a9a3674e74157e3efb0084e3e2e',NULL,'',NULL,NULL,NULL,NULL,NULL,NULL,NULL,NULL,0,0,1,NULL,NULL,NULL),(815,4,4,2,1,'2009-03-01 07:41:15','0.00','77.00',NULL,NULL,'#1fd2d7ef0996ecf7bd260c792d23a70e',NULL,'',NULL,NULL,NULL,NULL,NULL,NULL,NULL,NULL,0,0,6,NULL,NULL,NULL),(816,192,3,1,3,'2008-09-05 11:43:10','0.00','12.00',NULL,NULL,'#4b7fddc1c2feea2f2ab7965422ae46b0',NULL,'',NULL,NULL,NULL,NULL,NULL,NULL,NULL,NULL,0,0,3,NULL,NULL,NULL),(817,284,2,3,5,'2009-05-13 05:24:56','0.00','69.00',NULL,NULL,'#346f81fa9cc3528d46a815b873af746a',NULL,'',NULL,NULL,NULL,NULL,NULL,NULL,NULL,NULL,0,0,6,NULL,NULL,NULL),(818,280,2,2,3,'2009-04-29 02:47:08','0.00','81.00',NULL,NULL,'#d676cbd0d64803a0ce3154e8316dff7e',NULL,'',NULL,NULL,NULL,NULL,NULL,NULL,NULL,NULL,0,0,5,NULL,NULL,NULL),(819,70,3,3,3,'2009-02-01 02:40:12','0.00','83.00',NULL,NULL,'#94cd7cd6cd979ca5f437b97077287e09',NULL,'',NULL,NULL,NULL,NULL,NULL,NULL,NULL,NULL,0,0,3,NULL,NULL,NULL),(820,177,1,3,2,'2009-03-02 03:41:28','0.00','36.00',NULL,NULL,'#14e59e0e2251e61cb9cb78b566adfa03',NULL,'',NULL,NULL,NULL,NULL,NULL,NULL,NULL,NULL,0,0,3,NULL,NULL,NULL),(821,25,2,1,5,'2008-06-04 09:51:15','0.00','81.00',NULL,NULL,'#d75e237eec3b9d3fb61ccd7d3094ff80',NULL,'',NULL,NULL,NULL,NULL,NULL,NULL,NULL,NULL,0,0,4,NULL,NULL,NULL),(822,68,3,2,1,'2009-01-11 01:18:52','0.00','48.00',NULL,NULL,'#1ab287a1aa031cb02fe06b0ffe9c2e81',NULL,'',NULL,NULL,NULL,NULL,NULL,NULL,NULL,NULL,0,0,6,NULL,NULL,NULL),(823,287,3,3,2,'2008-08-11 05:46:42','0.00','66.00',NULL,NULL,'#edeee80a5c44cba2a352f25ace77c242',NULL,'',NULL,NULL,NULL,NULL,NULL,NULL,NULL,NULL,0,0,3,NULL,NULL,NULL),(824,270,2,3,5,'2009-03-17 04:54:35','0.00','18.00',NULL,NULL,'#75f06c3fc8c032f3343d94c3024e9f3a',NULL,'',NULL,NULL,NULL,NULL,NULL,NULL,NULL,NULL,0,0,6,NULL,NULL,NULL),(825,26,1,3,5,'2009-03-20 11:35:36','0.00','39.00',NULL,NULL,'#a31d5d5dcce00a34783c08866e8c0dfc',NULL,'',NULL,NULL,NULL,NULL,NULL,NULL,NULL,NULL,0,0,1,NULL,NULL,NULL),(826,248,4,1,3,'2009-02-15 04:46:40','0.00','73.00',NULL,NULL,'#7ce98a8d70e9efbd47d41a568e2bbd96',NULL,'',NULL,NULL,NULL,NULL,NULL,NULL,NULL,NULL,0,0,3,NULL,NULL,NULL),(827,35,2,2,5,'2008-06-13 04:50:08','0.00','59.00',NULL,NULL,'#090a3c6afdf22acb4c61f90c58b0d873',NULL,'',NULL,NULL,NULL,NULL,NULL,NULL,NULL,NULL,0,0,5,NULL,NULL,NULL),(828,27,3,1,5,'2009-03-30 04:02:34','0.00','54.00',NULL,NULL,'#f3c70d0766eff02645df2078c952376a',NULL,'',NULL,NULL,NULL,NULL,NULL,NULL,NULL,NULL,0,0,1,NULL,NULL,NULL),(829,39,3,3,1,'2008-08-26 08:03:35','0.00','95.00',NULL,NULL,'#d2e4445f497b2a714862ff7c75eb4f6e',NULL,'',NULL,NULL,NULL,NULL,NULL,NULL,NULL,NULL,0,0,6,NULL,NULL,NULL),(830,232,3,2,2,'2008-08-08 01:31:59','0.00','16.00',NULL,NULL,'#1298d3befe3a44e6eced80a3162e316d',NULL,'',NULL,NULL,NULL,NULL,NULL,NULL,NULL,NULL,0,0,4,NULL,NULL,NULL),(831,338,1,3,3,'2009-03-04 04:31:13','0.00','82.00',NULL,NULL,'#9b4d311e391d184cc0ae64e8ebcf5790',NULL,'',NULL,NULL,NULL,NULL,NULL,NULL,NULL,NULL,0,0,1,NULL,NULL,NULL),(832,309,2,2,5,'2008-09-04 07:22:32','0.00','11.00',NULL,NULL,'#3b39eeb7e976db60dd3e3134b5aab174',NULL,'',NULL,NULL,NULL,NULL,NULL,NULL,NULL,NULL,0,0,5,NULL,NULL,NULL),(833,24,1,1,3,'2008-07-06 12:54:10','0.00','27.00',NULL,NULL,'#64f83f4e61a2fcbf04aea8d320c376e2',NULL,'',NULL,NULL,NULL,NULL,NULL,NULL,NULL,NULL,0,0,3,NULL,NULL,NULL),(834,103,1,1,5,'2008-09-05 09:07:45','0.00','94.00',NULL,NULL,'#8379017c3f39faeebd39d8de2c868e27',NULL,'',NULL,NULL,NULL,NULL,NULL,NULL,NULL,NULL,0,0,6,NULL,NULL,NULL),(835,381,4,3,3,'2008-06-25 05:54:05','0.00','32.00',NULL,NULL,'#de2f1874e6e1f2e9b39cd838bc4e1283',NULL,'',NULL,NULL,NULL,NULL,NULL,NULL,NULL,NULL,0,0,1,NULL,NULL,NULL),(836,216,2,1,3,'2008-08-09 04:30:48','0.00','18.00',NULL,NULL,'#b5fc123d083fb1468520bd9e93dd0e51',NULL,'',NULL,NULL,NULL,NULL,NULL,NULL,NULL,NULL,0,0,5,NULL,NULL,NULL),(837,491,1,3,5,'2008-09-26 10:09:05','0.00','96.00',NULL,NULL,'#e5ecb33933aa3388e08c81b605903d92',NULL,'',NULL,NULL,NULL,NULL,NULL,NULL,NULL,NULL,0,0,2,NULL,NULL,NULL),(838,241,2,3,4,'2008-06-17 01:24:27','0.00','32.00',NULL,NULL,'#88a53c12213988a67dfcbad0456255d5',NULL,'',NULL,NULL,NULL,NULL,NULL,NULL,NULL,NULL,0,0,2,NULL,NULL,NULL),(839,269,2,1,2,'2008-05-24 01:24:29','0.00','18.00',NULL,NULL,'#b18141a331ef424435f678fc61ef9591',NULL,'',NULL,NULL,NULL,NULL,NULL,NULL,NULL,NULL,0,0,5,NULL,NULL,NULL),(840,261,2,3,1,'2008-08-28 12:03:58','0.00','11.00',NULL,NULL,'#7f212af7d4be3661d6ba8a1d0e66bc8e',NULL,'',NULL,NULL,NULL,NULL,NULL,NULL,NULL,NULL,0,0,4,NULL,NULL,NULL),(841,417,4,2,5,'2009-03-21 09:53:08','0.00','38.00',NULL,NULL,'#76e7e47e5dba7e71c30d398e12a40f36',NULL,'',NULL,NULL,NULL,NULL,NULL,NULL,NULL,NULL,0,0,1,NULL,NULL,NULL),(842,321,1,1,1,'2009-05-17 11:28:54','0.00','67.00',NULL,NULL,'#400313b23473a3b79fe5d0716db67b85',NULL,'',NULL,NULL,NULL,NULL,NULL,NULL,NULL,NULL,0,0,2,NULL,NULL,NULL),(843,443,1,3,1,'2009-03-19 09:46:48','0.00','26.00',NULL,NULL,'#7a344b9ae4af8b26b774938e013702cd',NULL,'',NULL,NULL,NULL,NULL,NULL,NULL,NULL,NULL,0,0,4,NULL,NULL,NULL),(844,338,1,3,2,'2009-03-09 01:10:25','0.00','68.00',NULL,NULL,'#6de3c558e5ca49a4c7fb6c23c88fd46c',NULL,'',NULL,NULL,NULL,NULL,NULL,NULL,NULL,NULL,0,0,1,NULL,NULL,NULL),(845,216,3,2,4,'2009-01-28 03:59:42','0.00','61.00',NULL,NULL,'#b512faadd6ec895c346d46cdf4a07f08',NULL,'',NULL,NULL,NULL,NULL,NULL,NULL,NULL,NULL,0,0,6,NULL,NULL,NULL),(846,43,4,3,1,'2008-10-11 04:09:07','0.00','89.00',NULL,NULL,'#2b463165a2aaca0130f69a6e66499e79',NULL,'',NULL,NULL,NULL,NULL,NULL,NULL,NULL,NULL,0,0,2,NULL,NULL,NULL),(847,313,4,2,1,'2009-04-20 04:55:48','0.00','85.00',NULL,NULL,'#4234e3373c2606d74d7de9b479135613',NULL,'',NULL,NULL,NULL,NULL,NULL,NULL,NULL,NULL,0,0,6,NULL,NULL,NULL),(848,430,4,1,1,'2008-12-03 03:01:16','0.00','73.00',NULL,NULL,'#9dde1c80dfe6f1784ab49188dcca40fb',NULL,'',NULL,NULL,NULL,NULL,NULL,NULL,NULL,NULL,0,0,3,NULL,NULL,NULL),(849,222,2,3,1,'2009-02-11 12:49:02','0.00','68.00',NULL,NULL,'#e1cd39492ae9ba03bbc42c8d347f0aad',NULL,'',NULL,NULL,NULL,NULL,NULL,NULL,NULL,NULL,0,0,6,NULL,NULL,NULL),(850,210,4,2,1,'2008-06-23 05:23:24','0.00','35.00',NULL,NULL,'#b25cf3aa64e9c9a4b759207c691fe1a2',NULL,'',NULL,NULL,NULL,NULL,NULL,NULL,NULL,NULL,0,0,2,NULL,NULL,NULL),(851,345,4,1,2,'2008-10-25 07:13:35','0.00','75.00',NULL,NULL,'#0158ccc23c270d6370009c82b96fbb98',NULL,'',NULL,NULL,NULL,NULL,NULL,NULL,NULL,NULL,0,0,6,NULL,NULL,NULL),(852,381,3,1,3,'2009-02-27 10:00:06','0.00','45.00',NULL,NULL,'#77a0fcc21b9cdacad0d5e38a270362b9',NULL,'',NULL,NULL,NULL,NULL,NULL,NULL,NULL,NULL,0,0,6,NULL,NULL,NULL),(853,241,3,2,5,'2008-11-06 11:14:29','0.00','38.00',NULL,NULL,'#d88885c2fd6c69a0b1179e32621399d6',NULL,'',NULL,NULL,NULL,NULL,NULL,NULL,NULL,NULL,0,0,6,NULL,NULL,NULL),(854,486,3,2,3,'2009-04-22 07:39:52','0.00','72.00',NULL,NULL,'#31a34641e2b38c661eada4aab1f47f81',NULL,'',NULL,NULL,NULL,NULL,NULL,NULL,NULL,NULL,0,0,4,NULL,NULL,NULL),(855,137,4,2,1,'2009-05-14 07:06:37','0.00','99.00',NULL,NULL,'#f59b9bef8e09dd902357fdf637e2a5ce',NULL,'',NULL,NULL,NULL,NULL,NULL,NULL,NULL,NULL,0,0,1,NULL,NULL,NULL),(856,61,2,1,1,'2008-11-01 05:13:40','0.00','78.00',NULL,NULL,'#9caf172bbc556102c20831a2a090c546',NULL,'',NULL,NULL,NULL,NULL,NULL,NULL,NULL,NULL,0,0,6,NULL,NULL,NULL),(857,178,4,3,5,'2008-11-15 10:57:53','0.00','94.00',NULL,NULL,'#9c2c9139bec64033308776303f2f3f40',NULL,'',NULL,NULL,NULL,NULL,NULL,NULL,NULL,NULL,0,0,2,NULL,NULL,NULL),(858,282,3,1,2,'2009-01-07 02:52:19','0.00','24.00',NULL,NULL,'#4866fa69cf84892b61803f7d7a978a42',NULL,'',NULL,NULL,NULL,NULL,NULL,NULL,NULL,NULL,0,0,4,NULL,NULL,NULL),(859,437,1,1,1,'2008-07-30 03:17:51','0.00','91.00',NULL,NULL,'#4c4a80826a8e6296635f2286230c51f1',NULL,'',NULL,NULL,NULL,NULL,NULL,NULL,NULL,NULL,0,0,1,NULL,NULL,NULL),(860,167,3,2,2,'2009-03-07 11:28:01','0.00','85.00',NULL,NULL,'#1e4fcd2757ac8d384413f531522e242e',NULL,'',NULL,NULL,NULL,NULL,NULL,NULL,NULL,NULL,0,0,2,NULL,NULL,NULL),(861,26,4,3,4,'2009-01-01 04:40:45','0.00','44.00',NULL,NULL,'#6d4a7d1f1318610627abd4116f12c678',NULL,'',NULL,NULL,NULL,NULL,NULL,NULL,NULL,NULL,0,0,2,NULL,NULL,NULL),(862,301,4,3,4,'2008-10-27 08:29:03','0.00','18.00',NULL,NULL,'#069e5494b51f62656351de0fc24513eb',NULL,'',NULL,NULL,NULL,NULL,NULL,NULL,NULL,NULL,0,0,3,NULL,NULL,NULL),(863,71,3,3,5,'2008-11-08 11:25:37','0.00','54.00',NULL,NULL,'#41c365e67fe68e6cf52dfb9559075cd0',NULL,'',NULL,NULL,NULL,NULL,NULL,NULL,NULL,NULL,0,0,1,NULL,NULL,NULL),(864,69,3,2,4,'2008-08-11 09:05:32','0.00','65.00',NULL,NULL,'#2b11399ab9243b2287bb783452dd6af4',NULL,'',NULL,NULL,NULL,NULL,NULL,NULL,NULL,NULL,0,0,3,NULL,NULL,NULL),(865,444,4,1,5,'2008-10-17 11:18:15','0.00','38.00',NULL,NULL,'#9aa9f9b44e5199be6106556f6677a457',NULL,'',NULL,NULL,NULL,NULL,NULL,NULL,NULL,NULL,0,0,5,NULL,NULL,NULL),(866,174,4,1,5,'2008-08-19 11:50:54','0.00','13.00',NULL,NULL,'#a7bc294602f126f075cc8271178479bb',NULL,'',NULL,NULL,NULL,NULL,NULL,NULL,NULL,NULL,0,0,5,NULL,NULL,NULL),(867,449,3,3,2,'2008-12-22 02:12:35','0.00','16.00',NULL,NULL,'#af5416f7b0f21e228b0d45a24202ddb5',NULL,'',NULL,NULL,NULL,NULL,NULL,NULL,NULL,NULL,0,0,4,NULL,NULL,NULL),(868,448,4,1,3,'2008-05-31 08:11:05','0.00','80.00',NULL,NULL,'#067f9fca35bd3434b3373bc1cc743cab',NULL,'',NULL,NULL,NULL,NULL,NULL,NULL,NULL,NULL,0,0,4,NULL,NULL,NULL),(869,112,1,3,4,'2009-04-30 05:56:21','0.00','55.00',NULL,NULL,'#79e5e254f5a887f2fab8a6d4d4f2019a',NULL,'',NULL,NULL,NULL,NULL,NULL,NULL,NULL,NULL,0,0,5,NULL,NULL,NULL),(870,172,1,3,3,'2009-05-12 03:41:12','0.00','56.00',NULL,NULL,'#100a5d1e33c163b69689f3c451bab40c',NULL,'',NULL,NULL,NULL,NULL,NULL,NULL,NULL,NULL,0,0,2,NULL,NULL,NULL),(871,130,1,2,1,'2008-07-10 09:53:21','0.00','78.00',NULL,NULL,'#909e472d934ce7f6cf30a0fcc7e37b7f',NULL,'',NULL,NULL,NULL,NULL,NULL,NULL,NULL,NULL,0,0,3,NULL,NULL,NULL),(872,452,1,2,2,'2009-02-24 06:05:35','0.00','28.00',NULL,NULL,'#0dee68221a0530e333d3088a9a94388b',NULL,'',NULL,NULL,NULL,NULL,NULL,NULL,NULL,NULL,0,0,2,NULL,NULL,NULL),(873,199,2,2,5,'2008-08-19 06:06:11','0.00','80.00',NULL,NULL,'#73da324bf157444b120793568de08355',NULL,'',NULL,NULL,NULL,NULL,NULL,NULL,NULL,NULL,0,0,6,NULL,NULL,NULL),(874,238,2,2,3,'2008-11-30 06:17:17','0.00','11.00',NULL,NULL,'#f508c4a260b221668a153ca449c19e68',NULL,'',NULL,NULL,NULL,NULL,NULL,NULL,NULL,NULL,0,0,5,NULL,NULL,NULL),(875,473,2,3,2,'2009-05-09 04:17:20','0.00','20.00',NULL,NULL,'#b2d8604eb016e370734ccf20a2819042',NULL,'',NULL,NULL,NULL,NULL,NULL,NULL,NULL,NULL,0,0,2,NULL,NULL,NULL),(876,242,2,1,4,'2009-02-19 10:47:18','0.00','99.00',NULL,NULL,'#96976921e4d02f473c0a57b62358f869',NULL,'',NULL,NULL,NULL,NULL,NULL,NULL,NULL,NULL,0,0,3,NULL,NULL,NULL),(877,29,3,3,2,'2008-06-16 03:09:23','0.00','50.00',NULL,NULL,'#4e3ad224116ddf583b2333cc146cc501',NULL,'',NULL,NULL,NULL,NULL,NULL,NULL,NULL,NULL,0,0,4,NULL,NULL,NULL),(878,287,1,2,4,'2008-10-10 11:39:19','0.00','65.00',NULL,NULL,'#59114bbcb57a1fa9f39d65e466a8e12a',NULL,'',NULL,NULL,NULL,NULL,NULL,NULL,NULL,NULL,0,0,3,NULL,NULL,NULL),(879,174,1,2,4,'2008-12-19 10:02:45','0.00','19.00',NULL,NULL,'#8756063c9b0c45298873a2cfabe2c180',NULL,'',NULL,NULL,NULL,NULL,NULL,NULL,NULL,NULL,0,0,2,NULL,NULL,NULL),(880,210,1,2,3,'2009-01-21 05:43:11','0.00','62.00',NULL,NULL,'#daa430ffbbccbe4c60bf6ed951c45136',NULL,'',NULL,NULL,NULL,NULL,NULL,NULL,NULL,NULL,0,0,5,NULL,NULL,NULL),(881,137,2,2,5,'2008-12-05 12:39:32','0.00','61.00',NULL,NULL,'#dee1529dd68b32793dd66e89aa40d65a',NULL,'',NULL,NULL,NULL,NULL,NULL,NULL,NULL,NULL,0,0,1,NULL,NULL,NULL),(882,288,3,3,3,'2008-10-04 10:06:52','0.00','47.00',NULL,NULL,'#b003d7bdf6ad5b1dc905cd59921371c1',NULL,'',NULL,NULL,NULL,NULL,NULL,NULL,NULL,NULL,0,0,1,NULL,NULL,NULL),(883,414,2,3,3,'2008-11-08 09:16:52','0.00','14.00',NULL,NULL,'#71987442be82ded56ab1059e5a36f77e',NULL,'',NULL,NULL,NULL,NULL,NULL,NULL,NULL,NULL,0,0,6,NULL,NULL,NULL),(884,292,4,1,2,'2008-08-25 08:02:37','0.00','47.00',NULL,NULL,'#cb6c6d981ea182ec59df7ce289fce8b3',NULL,'',NULL,NULL,NULL,NULL,NULL,NULL,NULL,NULL,0,0,1,NULL,NULL,NULL),(885,301,4,3,5,'2009-03-21 10:13:40','0.00','51.00',NULL,NULL,'#1d477b4fd6cdd7e5f1a1c7bcc2660107',NULL,'',NULL,NULL,NULL,NULL,NULL,NULL,NULL,NULL,0,0,3,NULL,NULL,NULL),(886,85,3,1,1,'2008-11-29 12:22:44','0.00','47.00',NULL,NULL,'#cbfa14f646d9b9078c4de69242b44392',NULL,'',NULL,NULL,NULL,NULL,NULL,NULL,NULL,NULL,0,0,1,NULL,NULL,NULL),(887,45,1,3,5,'2009-01-07 12:43:29','0.00','93.00',NULL,NULL,'#ecfdbcd64da3d33abdf506abb78a2bc1',NULL,'',NULL,NULL,NULL,NULL,NULL,NULL,NULL,NULL,0,0,6,NULL,NULL,NULL),(888,104,1,2,1,'2008-09-25 10:58:24','0.00','83.00',NULL,NULL,'#bfcb8bc30658503c44c6a02cf0b7f62f',NULL,'',NULL,NULL,NULL,NULL,NULL,NULL,NULL,NULL,0,0,6,NULL,NULL,NULL),(889,371,3,3,1,'2008-11-03 04:55:25','0.00','51.00',NULL,NULL,'#54c405c727b10f64f7e6edb815a7ae56',NULL,'',NULL,NULL,NULL,NULL,NULL,NULL,NULL,NULL,0,0,1,NULL,NULL,NULL),(890,297,4,2,5,'2008-10-12 12:16:09','0.00','24.00',NULL,NULL,'#ada955826353c0931bd67f3eb2030293',NULL,'',NULL,NULL,NULL,NULL,NULL,NULL,NULL,NULL,0,0,3,NULL,NULL,NULL),(891,61,3,2,5,'2008-07-08 07:32:55','0.00','21.00',NULL,NULL,'#2d807358b1e76db7d0b4ec02b1805728',NULL,'',NULL,NULL,NULL,NULL,NULL,NULL,NULL,NULL,0,0,1,NULL,NULL,NULL),(892,431,1,2,2,'2009-02-28 10:51:42','0.00','61.00',NULL,NULL,'#c2ff0bae7276837e9b39421c9f768484',NULL,'',NULL,NULL,NULL,NULL,NULL,NULL,NULL,NULL,0,0,3,NULL,NULL,NULL),(893,282,2,2,1,'2008-09-06 03:37:56','0.00','94.00',NULL,NULL,'#ee90d6b185240bc3d0c8042f9fe40992',NULL,'',NULL,NULL,NULL,NULL,NULL,NULL,NULL,NULL,0,0,2,NULL,NULL,NULL),(894,278,2,1,1,'2008-12-12 12:29:41','0.00','44.00',NULL,NULL,'#5a954550121139090788bd679de7134d',NULL,'',NULL,NULL,NULL,NULL,NULL,NULL,NULL,NULL,0,0,6,NULL,NULL,NULL),(895,154,1,1,2,'2008-06-25 03:06:38','0.00','81.00',NULL,NULL,'#60a936667ad3a2464c0336d9ddc81d24',NULL,'',NULL,NULL,NULL,NULL,NULL,NULL,NULL,NULL,0,0,5,NULL,NULL,NULL),(896,124,3,1,4,'2009-03-15 09:00:48','0.00','65.00',NULL,NULL,'#9a98fe0d188d15f0d91da48ec9cf3f77',NULL,'',NULL,NULL,NULL,NULL,NULL,NULL,NULL,NULL,0,0,5,NULL,NULL,NULL),(897,175,2,3,4,'2008-10-31 11:00:02','0.00','21.00',NULL,NULL,'#08b49bb5fccc5fb3274b5a229a51ad1f',NULL,'',NULL,NULL,NULL,NULL,NULL,NULL,NULL,NULL,0,0,4,NULL,NULL,NULL),(898,104,1,3,1,'2008-10-13 05:29:41','0.00','32.00',NULL,NULL,'#3cc2100435ba4679bd2fa59e5303a2bd',NULL,'',NULL,NULL,NULL,NULL,NULL,NULL,NULL,NULL,0,0,2,NULL,NULL,NULL),(899,333,3,1,5,'2008-07-29 09:02:02','0.00','64.00',NULL,NULL,'#9eb84143c1cbb3cd095cd7bed8b5cf0f',NULL,'',NULL,NULL,NULL,NULL,NULL,NULL,NULL,NULL,0,0,6,NULL,NULL,NULL),(900,423,3,1,2,'2009-02-24 12:21:17','0.00','88.00',NULL,NULL,'#b620c3cc59105464445217910d711b80',NULL,'',NULL,NULL,NULL,NULL,NULL,NULL,NULL,NULL,0,0,5,NULL,NULL,NULL),(901,343,4,3,4,'2008-12-04 05:21:11','0.00','70.00',NULL,NULL,'#04d05eb818c4e82a7cd5f33dc39838ff',NULL,'',NULL,NULL,NULL,NULL,NULL,NULL,NULL,NULL,0,0,4,NULL,NULL,NULL),(902,497,2,2,1,'2009-02-05 11:11:14','0.00','57.00',NULL,NULL,'#20f741180c4b344c930071768ba5b47e',NULL,'',NULL,NULL,NULL,NULL,NULL,NULL,NULL,NULL,0,0,5,NULL,NULL,NULL),(903,288,2,3,1,'2008-09-12 01:46:18','0.00','58.00',NULL,NULL,'#629fd4332c95f0ff021bc9449e214f18',NULL,'',NULL,NULL,NULL,NULL,NULL,NULL,NULL,NULL,0,0,3,NULL,NULL,NULL),(904,52,3,2,1,'2008-07-07 09:17:15','0.00','16.00',NULL,NULL,'#52041c6cceffeb2a4c0b31adb31032c6',NULL,'',NULL,NULL,NULL,NULL,NULL,NULL,NULL,NULL,0,0,4,NULL,NULL,NULL),(905,379,2,2,5,'2008-11-25 09:59:10','0.00','41.00',NULL,NULL,'#f1fc3f87fd4feefbc98095a7c2381d87',NULL,'',NULL,NULL,NULL,NULL,NULL,NULL,NULL,NULL,0,0,6,NULL,NULL,NULL),(906,387,2,1,3,'2009-04-26 12:29:42','0.00','36.00',NULL,NULL,'#fb18b11eb56dfe3101a90211035013a2',NULL,'',NULL,NULL,NULL,NULL,NULL,NULL,NULL,NULL,0,0,2,NULL,NULL,NULL),(907,138,2,2,4,'2009-04-10 04:40:30','0.00','19.00',NULL,NULL,'#133824df29de487cdd7cadeed0a41cea',NULL,'',NULL,NULL,NULL,NULL,NULL,NULL,NULL,NULL,0,0,1,NULL,NULL,NULL),(908,74,2,1,3,'2009-02-07 06:11:02','0.00','41.00',NULL,NULL,'#baa6df860dfa6ecb17a60e9202f17e8a',NULL,'',NULL,NULL,NULL,NULL,NULL,NULL,NULL,NULL,0,0,6,NULL,NULL,NULL),(909,301,2,1,5,'2009-03-28 09:30:54','0.00','96.00',NULL,NULL,'#d0af17f86c909c3932c0d8cf11017ba2',NULL,'',NULL,NULL,NULL,NULL,NULL,NULL,NULL,NULL,0,0,3,NULL,NULL,NULL),(910,373,4,3,3,'2008-11-25 11:21:29','0.00','95.00',NULL,NULL,'#3fd197b2d68f50edd54613880c3ccc92',NULL,'',NULL,NULL,NULL,NULL,NULL,NULL,NULL,NULL,0,0,2,NULL,NULL,NULL),(911,40,4,3,3,'2008-06-29 11:28:08','0.00','25.00',NULL,NULL,'#69e43037124f35dba9b700e037cf3110',NULL,'',NULL,NULL,NULL,NULL,NULL,NULL,NULL,NULL,0,0,2,NULL,NULL,NULL),(912,49,2,1,5,'2008-09-06 04:14:08','0.00','86.00',NULL,NULL,'#a41cd669a61ea2c02004a4deb3cb0c35',NULL,'',NULL,NULL,NULL,NULL,NULL,NULL,NULL,NULL,0,0,5,NULL,NULL,NULL),(913,209,3,2,1,'2009-02-05 10:51:10','0.00','86.00',NULL,NULL,'#ea9afa03021607fc36ab13a1712b26fa',NULL,'',NULL,NULL,NULL,NULL,NULL,NULL,NULL,NULL,0,0,6,NULL,NULL,NULL),(914,405,3,2,1,'2009-05-09 11:31:23','0.00','90.00',NULL,NULL,'#5fd829ab34f5f5be81455bf2d0704699',NULL,'',NULL,NULL,NULL,NULL,NULL,NULL,NULL,NULL,0,0,5,NULL,NULL,NULL),(915,426,4,1,1,'2008-09-16 06:47:25','0.00','74.00',NULL,NULL,'#fa52ccff312ee41742fcc29e22052a37',NULL,'',NULL,NULL,NULL,NULL,NULL,NULL,NULL,NULL,0,0,4,NULL,NULL,NULL),(916,201,2,3,5,'2008-05-25 08:21:40','0.00','21.00',NULL,NULL,'#817de7d904bc466c4735cdfc0d5e8fae',NULL,'',NULL,NULL,NULL,NULL,NULL,NULL,NULL,NULL,0,0,6,NULL,NULL,NULL),(917,477,3,2,2,'2008-10-19 07:07:25','0.00','30.00',NULL,NULL,'#b223da8a949f814c601d3e31a8b2ac55',NULL,'',NULL,NULL,NULL,NULL,NULL,NULL,NULL,NULL,0,0,3,NULL,NULL,NULL),(918,446,3,2,4,'2008-10-29 06:29:22','0.00','79.00',NULL,NULL,'#e78964088c3e99595314789f099a6102',NULL,'',NULL,NULL,NULL,NULL,NULL,NULL,NULL,NULL,0,0,1,NULL,NULL,NULL),(919,220,1,3,4,'2009-04-07 06:10:16','0.00','41.00',NULL,NULL,'#afae52f95dd4cacde1c8b923a20279fb',NULL,'',NULL,NULL,NULL,NULL,NULL,NULL,NULL,NULL,0,0,1,NULL,NULL,NULL),(920,53,4,3,3,'2009-02-15 05:00:07','0.00','57.00',NULL,NULL,'#7d63bd25a2f1b6650ab76854ebc63696',NULL,'',NULL,NULL,NULL,NULL,NULL,NULL,NULL,NULL,0,0,5,NULL,NULL,NULL),(921,23,4,1,3,'2008-08-15 02:28:04','0.00','24.00',NULL,NULL,'#fd586945bc283d62d6e1c031c639049b',NULL,'',NULL,NULL,NULL,NULL,NULL,NULL,NULL,NULL,0,0,5,NULL,NULL,NULL),(922,59,3,3,3,'2009-03-17 12:23:23','0.00','35.00',NULL,NULL,'#14bd60e362958aed06c9e8c77f670d08',NULL,'',NULL,NULL,NULL,NULL,NULL,NULL,NULL,NULL,0,0,4,NULL,NULL,NULL),(923,167,2,2,3,'2008-07-20 04:45:49','0.00','70.00',NULL,NULL,'#4d079559c17ae973dd52bc363e3e227b',NULL,'',NULL,NULL,NULL,NULL,NULL,NULL,NULL,NULL,0,0,5,NULL,NULL,NULL),(924,354,1,3,3,'2008-10-05 04:31:28','0.00','57.00',NULL,NULL,'#caa023188d16d87de1aab560faee79cf',NULL,'',NULL,NULL,NULL,NULL,NULL,NULL,NULL,NULL,0,0,3,NULL,NULL,NULL),(925,226,2,2,5,'2009-01-07 09:19:44','0.00','19.00',NULL,NULL,'#9854afafc521c60383f6935f74d77e1f',NULL,'',NULL,NULL,NULL,NULL,NULL,NULL,NULL,NULL,0,0,5,NULL,NULL,NULL),(926,62,4,1,5,'2008-12-19 06:04:50','0.00','86.00',NULL,NULL,'#b0a249b59d18456113a1852b0d9698aa',NULL,'',NULL,NULL,NULL,NULL,NULL,NULL,NULL,NULL,0,0,2,NULL,NULL,NULL),(927,309,3,2,2,'2009-02-01 12:48:50','0.00','68.00',NULL,NULL,'#02b91c307736ef9517a7ef221242f9d7',NULL,'',NULL,NULL,NULL,NULL,NULL,NULL,NULL,NULL,0,0,3,NULL,NULL,NULL),(928,450,3,3,2,'2008-09-08 11:36:52','0.00','16.00',NULL,NULL,'#e239d880f60b92163e301d2def8adc5f',NULL,'',NULL,NULL,NULL,NULL,NULL,NULL,NULL,NULL,0,0,6,NULL,NULL,NULL),(929,378,2,3,1,'2008-09-15 01:13:58','0.00','81.00',NULL,NULL,'#614f370491cd602a29a675c85e6b9d54',NULL,'',NULL,NULL,NULL,NULL,NULL,NULL,NULL,NULL,0,0,6,NULL,NULL,NULL),(930,356,2,3,4,'2008-10-19 04:10:08','0.00','88.00',NULL,NULL,'#d568a76d6a070710bd604dfd41e8138a',NULL,'',NULL,NULL,NULL,NULL,NULL,NULL,NULL,NULL,0,0,6,NULL,NULL,NULL),(931,387,4,2,4,'2009-03-04 11:49:22','0.00','39.00',NULL,NULL,'#248f418e175e9137f2db099d34ce3182',NULL,'',NULL,NULL,NULL,NULL,NULL,NULL,NULL,NULL,0,0,1,NULL,NULL,NULL),(932,479,4,3,5,'2009-03-04 11:58:24','0.00','37.00',NULL,NULL,'#80862c435d633d54af905d3ec29c2e0f',NULL,'',NULL,NULL,NULL,NULL,NULL,NULL,NULL,NULL,0,0,2,NULL,NULL,NULL),(933,122,3,3,4,'2008-11-29 02:26:39','0.00','13.00',NULL,NULL,'#43c90686808096191eb0d615a3f405f5',NULL,'',NULL,NULL,NULL,NULL,NULL,NULL,NULL,NULL,0,0,2,NULL,NULL,NULL),(934,191,2,2,1,'2009-03-25 02:25:21','0.00','51.00',NULL,NULL,'#4215c751497deedded64de5a19a7f78d',NULL,'',NULL,NULL,NULL,NULL,NULL,NULL,NULL,NULL,0,0,4,NULL,NULL,NULL),(935,48,4,2,1,'2008-09-20 01:37:51','0.00','19.00',NULL,NULL,'#7dede56a2ff42dd4977e3bf21e1a1e65',NULL,'',NULL,NULL,NULL,NULL,NULL,NULL,NULL,NULL,0,0,2,NULL,NULL,NULL),(936,134,4,3,5,'2009-02-21 03:03:40','0.00','84.00',NULL,NULL,'#596ce33c2c6c8ea391b6917f83c7417a',NULL,'',NULL,NULL,NULL,NULL,NULL,NULL,NULL,NULL,0,0,6,NULL,NULL,NULL),(937,46,3,1,4,'2008-12-24 01:04:48','0.00','81.00',NULL,NULL,'#38477cd373a72439cf3f9ec49d8dc7d8',NULL,'',NULL,NULL,NULL,NULL,NULL,NULL,NULL,NULL,0,0,2,NULL,NULL,NULL),(938,443,3,2,3,'2009-05-11 07:43:16','0.00','21.00',NULL,NULL,'#b9be9c299f36949a0e1e7a5b6f778261',NULL,'',NULL,NULL,NULL,NULL,NULL,NULL,NULL,NULL,0,0,5,NULL,NULL,NULL),(939,167,3,3,3,'2008-06-08 11:44:49','0.00','28.00',NULL,NULL,'#dd69ffe1cb6610cf5dec98522f5147c7',NULL,'',NULL,NULL,NULL,NULL,NULL,NULL,NULL,NULL,0,0,2,NULL,NULL,NULL),(940,133,4,1,2,'2009-05-09 02:38:06','0.00','50.00',NULL,NULL,'#55a1fe4bac0746b0cc357db883c954c4',NULL,'',NULL,NULL,NULL,NULL,NULL,NULL,NULL,NULL,0,0,5,NULL,NULL,NULL),(941,474,4,1,1,'2009-05-08 04:42:31','0.00','56.00',NULL,NULL,'#4fd053fab8bc69aa30f87b9e0b33f518',NULL,'',NULL,NULL,NULL,NULL,NULL,NULL,NULL,NULL,0,0,1,NULL,NULL,NULL),(942,86,3,1,1,'2009-05-16 06:03:22','0.00','69.00',NULL,NULL,'#53e1af074d76aaf872d71fbb87d261b4',NULL,'',NULL,NULL,NULL,NULL,NULL,NULL,NULL,NULL,0,0,5,NULL,NULL,NULL),(943,81,1,1,2,'2008-05-23 10:06:49','0.00','82.00',NULL,NULL,'#e9eb017daead27b976fdec3b9492b1dd',NULL,'',NULL,NULL,NULL,NULL,NULL,NULL,NULL,NULL,0,0,3,NULL,NULL,NULL),(944,241,3,1,4,'2008-06-23 11:35:17','0.00','78.00',NULL,NULL,'#ec4cc73c67d36229d3c5f6ce8f0b91eb',NULL,'',NULL,NULL,NULL,NULL,NULL,NULL,NULL,NULL,0,0,1,NULL,NULL,NULL),(945,420,3,3,4,'2009-04-24 10:50:49','0.00','46.00',NULL,NULL,'#9eea74cfedc2d600d27e2a09863a1d8d',NULL,'',NULL,NULL,NULL,NULL,NULL,NULL,NULL,NULL,0,0,2,NULL,NULL,NULL),(946,364,2,2,3,'2008-05-26 06:56:13','0.00','88.00',NULL,NULL,'#f981850e7f50efb2282df4a73c0a797b',NULL,'',NULL,NULL,NULL,NULL,NULL,NULL,NULL,NULL,0,0,3,NULL,NULL,NULL),(947,216,4,1,1,'2009-02-26 09:28:10','0.00','33.00',NULL,NULL,'#6d549723c5e18e9a90b6c17140dd6830',NULL,'',NULL,NULL,NULL,NULL,NULL,NULL,NULL,NULL,0,0,6,NULL,NULL,NULL),(948,195,2,3,4,'2009-05-03 05:36:19','0.00','35.00',NULL,NULL,'#73e1764343efbbba44c0a91d287a1bce',NULL,'',NULL,NULL,NULL,NULL,NULL,NULL,NULL,NULL,0,0,2,NULL,NULL,NULL),(949,239,4,3,1,'2008-12-21 01:41:12','0.00','92.00',NULL,NULL,'#bef3f9d9f026652e23adc26af5b262d6',NULL,'',NULL,NULL,NULL,NULL,NULL,NULL,NULL,NULL,0,0,6,NULL,NULL,NULL),(950,426,1,2,1,'2008-11-26 05:20:31','0.00','41.00',NULL,NULL,'#285e7fda8f902c971cb3e41439562c88',NULL,'',NULL,NULL,NULL,NULL,NULL,NULL,NULL,NULL,0,0,5,NULL,NULL,NULL),(951,51,1,2,2,'2008-09-08 08:31:16','0.00','83.00',NULL,NULL,'#ded2f56e71896077a87632b509a1f990',NULL,'',NULL,NULL,NULL,NULL,NULL,NULL,NULL,NULL,0,0,5,NULL,NULL,NULL),(952,305,2,2,4,'2008-08-10 03:28:06','0.00','33.00',NULL,NULL,'#4f54573394a6a966a087c9cc59e5febd',NULL,'',NULL,NULL,NULL,NULL,NULL,NULL,NULL,NULL,0,0,6,NULL,NULL,NULL),(953,476,2,3,5,'2008-12-14 08:15:54','0.00','91.00',NULL,NULL,'#1356c8d2571709c66aca7d96ebfc5448',NULL,'',NULL,NULL,NULL,NULL,NULL,NULL,NULL,NULL,0,0,3,NULL,NULL,NULL),(954,441,1,2,1,'2009-01-17 05:03:12','0.00','67.00',NULL,NULL,'#a8da126055c28ef3bfb2f6792ca20f5c',NULL,'',NULL,NULL,NULL,NULL,NULL,NULL,NULL,NULL,0,0,1,NULL,NULL,NULL),(955,5,1,2,4,'2008-07-12 06:23:22','0.00','20.00',NULL,NULL,'#aa06230c60a31bc00749dae554571953',NULL,'',NULL,NULL,NULL,NULL,NULL,NULL,NULL,NULL,0,0,3,NULL,NULL,NULL),(956,385,3,3,3,'2008-10-31 06:23:38','0.00','99.00',NULL,NULL,'#251938be50958df52d8d9a969053f94a',NULL,'',NULL,NULL,NULL,NULL,NULL,NULL,NULL,NULL,0,0,5,NULL,NULL,NULL),(957,385,1,3,4,'2008-07-16 04:48:38','0.00','68.00',NULL,NULL,'#6f53696445c9eb5803bba18a3ad52035',NULL,'',NULL,NULL,NULL,NULL,NULL,NULL,NULL,NULL,0,0,6,NULL,NULL,NULL),(958,326,1,1,5,'2008-05-24 01:53:48','0.00','19.00',NULL,NULL,'#12232be3f5d6939109caa650983fd3a9',NULL,'',NULL,NULL,NULL,NULL,NULL,NULL,NULL,NULL,0,0,5,NULL,NULL,NULL),(959,457,1,3,2,'2008-09-01 06:18:42','0.00','96.00',NULL,NULL,'#b12b33959708971960bd7a8c05c03e40',NULL,'',NULL,NULL,NULL,NULL,NULL,NULL,NULL,NULL,0,0,3,NULL,NULL,NULL),(960,190,2,2,1,'2008-10-05 06:34:30','0.00','33.00',NULL,NULL,'#e020078a87d900702f27647fa7b941e1',NULL,'',NULL,NULL,NULL,NULL,NULL,NULL,NULL,NULL,0,0,1,NULL,NULL,NULL),(961,6,2,2,4,'2008-07-08 02:35:50','0.00','42.00',NULL,NULL,'#6129958ddcd6b0837f9eb5e137e05889',NULL,'',NULL,NULL,NULL,NULL,NULL,NULL,NULL,NULL,0,0,4,NULL,NULL,NULL),(962,369,2,1,2,'2009-05-22 04:36:53','0.00','30.00',NULL,NULL,'#dcd3d2e9845b8d9d8b1a67e2365bb58f',NULL,'',NULL,NULL,NULL,NULL,NULL,NULL,NULL,NULL,0,0,1,NULL,NULL,NULL),(963,483,3,3,4,'2008-07-29 01:59:41','0.00','47.00',NULL,NULL,'#631446b2fb1ad9584560ee470c40f054',NULL,'',NULL,NULL,NULL,NULL,NULL,NULL,NULL,NULL,0,0,4,NULL,NULL,NULL),(964,351,1,3,4,'2008-07-08 03:01:54','0.00','32.00',NULL,NULL,'#925deab82721c065ba68428f5c3d52db',NULL,'',NULL,NULL,NULL,NULL,NULL,NULL,NULL,NULL,0,0,6,NULL,NULL,NULL),(965,276,2,3,4,'2009-04-28 02:01:15','0.00','65.00',NULL,NULL,'#e197d427b106d2370900d6ff916a3af9',NULL,'',NULL,NULL,NULL,NULL,NULL,NULL,NULL,NULL,0,0,1,NULL,NULL,NULL),(966,205,2,3,3,'2009-04-15 10:12:22','0.00','37.00',NULL,NULL,'#9ae32edf73ea82b4c19d64e0a2e7f887',NULL,'',NULL,NULL,NULL,NULL,NULL,NULL,NULL,NULL,0,0,6,NULL,NULL,NULL),(967,109,2,3,3,'2008-09-03 08:44:40','0.00','58.00',NULL,NULL,'#d20f13251ab542780357a8f8475f8eb3',NULL,'',NULL,NULL,NULL,NULL,NULL,NULL,NULL,NULL,0,0,2,NULL,NULL,NULL),(968,100,2,2,4,'2009-03-03 10:22:44','0.00','55.00',NULL,NULL,'#e64cf548427d92402518c3f270e2e440',NULL,'',NULL,NULL,NULL,NULL,NULL,NULL,NULL,NULL,0,0,6,NULL,NULL,NULL),(969,63,3,2,4,'2008-12-19 08:32:32','0.00','94.00',NULL,NULL,'#443a09c94e41bd234e09e4c72ca94f6d',NULL,'',NULL,NULL,NULL,NULL,NULL,NULL,NULL,NULL,0,0,4,NULL,NULL,NULL),(970,198,4,3,2,'2008-09-03 12:22:19','0.00','83.00',NULL,NULL,'#304bd7915873b04d934d4a4ec4a0ceb2',NULL,'',NULL,NULL,NULL,NULL,NULL,NULL,NULL,NULL,0,0,2,NULL,NULL,NULL),(971,8,4,3,4,'2008-12-14 07:07:01','0.00','29.00',NULL,NULL,'#be462049fd3526248c12ad811378552a',NULL,'',NULL,NULL,NULL,NULL,NULL,NULL,NULL,NULL,0,0,3,NULL,NULL,NULL),(972,174,4,3,3,'2009-01-01 10:58:57','0.00','70.00',NULL,NULL,'#1940a88bb6394ff1ded33eaa93897fe1',NULL,'',NULL,NULL,NULL,NULL,NULL,NULL,NULL,NULL,0,0,4,NULL,NULL,NULL),(973,409,4,3,1,'2008-09-09 08:39:57','0.00','66.00',NULL,NULL,'#4041ddd5c663e7d1fb80b8b56cb6c3ba',NULL,'',NULL,NULL,NULL,NULL,NULL,NULL,NULL,NULL,0,0,1,NULL,NULL,NULL),(974,397,1,1,4,'2009-03-09 09:33:37','0.00','17.00',NULL,NULL,'#6d6d244a2002ae96cbcd4e5a5f1e01a6',NULL,'',NULL,NULL,NULL,NULL,NULL,NULL,NULL,NULL,0,0,5,NULL,NULL,NULL),(975,335,3,2,4,'2008-10-20 03:47:00','0.00','66.00',NULL,NULL,'#fb7fddbadea06ad2fd154ebb35be5ced',NULL,'',NULL,NULL,NULL,NULL,NULL,NULL,NULL,NULL,0,0,5,NULL,NULL,NULL),(976,419,2,2,3,'2009-04-04 08:25:28','0.00','56.00',NULL,NULL,'#a5f5421ed9d7532afb5865a65af903ed',NULL,'',NULL,NULL,NULL,NULL,NULL,NULL,NULL,NULL,0,0,6,NULL,NULL,NULL),(977,203,4,3,4,'2008-11-20 09:50:24','0.00','49.00',NULL,NULL,'#86d368328750764caefed16a8f830018',NULL,'',NULL,NULL,NULL,NULL,NULL,NULL,NULL,NULL,0,0,5,NULL,NULL,NULL),(978,155,3,2,4,'2008-12-09 08:08:35','0.00','59.00',NULL,NULL,'#2bd5333f5d2daddb3e59bdfe9c7c968b',NULL,'',NULL,NULL,NULL,NULL,NULL,NULL,NULL,NULL,0,0,1,NULL,NULL,NULL),(979,290,3,3,5,'2008-06-25 04:20:35','0.00','78.00',NULL,NULL,'#1d06d3c61529c883b3bc4a1542eda0ca',NULL,'',NULL,NULL,NULL,NULL,NULL,NULL,NULL,NULL,0,0,2,NULL,NULL,NULL),(980,247,4,1,2,'2008-06-19 12:18:25','0.00','57.00',NULL,NULL,'#e755b6f9200fbeef5c07e2318d257163',NULL,'',NULL,NULL,NULL,NULL,NULL,NULL,NULL,NULL,0,0,1,NULL,NULL,NULL),(981,465,1,3,5,'2008-10-28 12:28:21','0.00','74.00',NULL,NULL,'#a8c7035f547cb0219477688f85f41e43',NULL,'',NULL,NULL,NULL,NULL,NULL,NULL,NULL,NULL,0,0,1,NULL,NULL,NULL),(982,171,1,2,3,'2009-04-24 08:37:51','0.00','82.00',NULL,NULL,'#71e4dcc25890e7d3400f9a25808f99e2',NULL,'',NULL,NULL,NULL,NULL,NULL,NULL,NULL,NULL,0,0,5,NULL,NULL,NULL),(983,339,4,1,2,'2008-12-24 09:02:26','0.00','56.00',NULL,NULL,'#b52f4da557db43828b998e624893eac3',NULL,'',NULL,NULL,NULL,NULL,NULL,NULL,NULL,NULL,0,0,5,NULL,NULL,NULL),(984,469,1,2,4,'2009-02-11 11:14:27','0.00','95.00',NULL,NULL,'#cdcd6bcad162fefbf5ac0b9b9928b097',NULL,'',NULL,NULL,NULL,NULL,NULL,NULL,NULL,NULL,0,0,1,NULL,NULL,NULL),(985,434,3,3,1,'2008-06-30 09:03:24','0.00','15.00',NULL,NULL,'#d2cb1e4ead1fb1396c46fb95270ceb49',NULL,'',NULL,NULL,NULL,NULL,NULL,NULL,NULL,NULL,0,0,6,NULL,NULL,NULL),(986,388,1,3,3,'2008-07-31 03:54:31','0.00','96.00',NULL,NULL,'#71efc9a535fc3ba098c9e1ae4d9bbe46',NULL,'',NULL,NULL,NULL,NULL,NULL,NULL,NULL,NULL,0,0,4,NULL,NULL,NULL),(987,466,1,3,5,'2008-06-13 04:57:03','0.00','71.00',NULL,NULL,'#19573a9feed2103a8b84ebf381c57fbe',NULL,'',NULL,NULL,NULL,NULL,NULL,NULL,NULL,NULL,0,0,5,NULL,NULL,NULL),(988,197,4,1,5,'2008-11-15 04:27:33','0.00','18.00',NULL,NULL,'#3608e74e1e3ac6bf2edf281248a91a69',NULL,'',NULL,NULL,NULL,NULL,NULL,NULL,NULL,NULL,0,0,3,NULL,NULL,NULL),(989,247,3,3,3,'2009-03-11 01:58:28','0.00','94.00',NULL,NULL,'#670918b5f5beb9ca687aff3de4d764fb',NULL,'',NULL,NULL,NULL,NULL,NULL,NULL,NULL,NULL,0,0,4,NULL,NULL,NULL),(990,46,3,3,2,'2009-01-04 03:22:27','0.00','83.00',NULL,NULL,'#75588dd9d710020f5c144a64bacb65ec',NULL,'',NULL,NULL,NULL,NULL,NULL,NULL,NULL,NULL,0,0,6,NULL,NULL,NULL),(991,127,2,1,4,'2008-10-28 08:17:27','0.00','13.00',NULL,NULL,'#9f1a5cd69be8bee55b500eeba31d9b02',NULL,'',NULL,NULL,NULL,NULL,NULL,NULL,NULL,NULL,0,0,1,NULL,NULL,NULL),(992,142,3,3,1,'2008-12-06 07:33:56','0.00','73.00',NULL,NULL,'#75c4ac61c691f8218bc5e0be28cafebf',NULL,'',NULL,NULL,NULL,NULL,NULL,NULL,NULL,NULL,0,0,6,NULL,NULL,NULL),(993,331,1,3,2,'2008-12-31 05:13:57','0.00','55.00',NULL,NULL,'#c6b76f48908718788b3c005cea150311',NULL,'',NULL,NULL,NULL,NULL,NULL,NULL,NULL,NULL,0,0,1,NULL,NULL,NULL),(994,229,2,2,2,'2008-09-30 09:53:09','0.00','10.00',NULL,NULL,'#c95613ec12e5c62bcf57020afd892cdd',NULL,'',NULL,NULL,NULL,NULL,NULL,NULL,NULL,NULL,0,0,1,NULL,NULL,NULL),(995,239,1,2,2,'2009-05-20 12:15:22','0.00','15.00',NULL,NULL,'#8d27b9def463ff24882951518a0648ba',NULL,'',NULL,NULL,NULL,NULL,NULL,NULL,NULL,NULL,0,0,6,NULL,NULL,NULL),(996,172,1,3,5,'2008-10-17 09:45:48','0.00','86.00',NULL,NULL,'#7677a470495e1c4e2a0d1af7ee4dbbd0',NULL,'',NULL,NULL,NULL,NULL,NULL,NULL,NULL,NULL,0,0,6,NULL,NULL,NULL),(997,499,4,2,3,'2008-06-02 08:24:08','0.00','48.00',NULL,NULL,'#d1ef178715ed3c0c4eadfc7f4ee6c12b',NULL,'',NULL,NULL,NULL,NULL,NULL,NULL,NULL,NULL,0,0,5,NULL,NULL,NULL),(998,241,3,1,3,'2009-03-20 11:11:41','0.00','40.00',NULL,NULL,'#415bc4029039bfb3803c286b8e355514',NULL,'',NULL,NULL,NULL,NULL,NULL,NULL,NULL,NULL,0,0,4,NULL,NULL,NULL),(999,27,1,1,4,'2008-12-24 06:07:36','0.00','24.00',NULL,NULL,'#e8e484232f5e8eca69ce8a7821ae1c2d',NULL,'',NULL,NULL,NULL,NULL,NULL,NULL,NULL,NULL,0,0,3,NULL,NULL,NULL),(1000,49,1,2,1,'2009-04-07 11:40:28','0.00','54.00',NULL,NULL,'#441ddc1e987fa663ea1549f0034fb790',NULL,'',NULL,NULL,NULL,NULL,NULL,NULL,NULL,NULL,0,0,4,NULL,NULL,NULL);
/*!40000 ALTER TABLE `civicrm_contribution` ENABLE KEYS */;
UNLOCK TABLES;

--
-- Dumping data for table `civicrm_contribution_page`
--

LOCK TABLES `civicrm_contribution_page` WRITE;
/*!40000 ALTER TABLE `civicrm_contribution_page` DISABLE KEYS */;
INSERT INTO `civicrm_contribution_page` (`id`, `title`, `intro_text`, `contribution_type_id`, `payment_processor_id`, `is_credit_card_only`, `is_monetary`, `is_recur`, `recur_frequency_unit`, `is_recur_interval`, `is_pay_later`, `pay_later_text`, `pay_later_receipt`, `is_allow_other_amount`, `default_amount_id`, `min_amount`, `max_amount`, `goal_amount`, `thankyou_title`, `thankyou_text`, `thankyou_footer`, `is_for_organization`, `for_organization`, `is_email_receipt`, `receipt_from_name`, `receipt_from_email`, `cc_receipt`, `bcc_receipt`, `receipt_text`, `is_active`, `footer_text`, `amount_block_is_active`, `honor_block_is_active`, `honor_block_title`, `honor_block_text`, `start_date`, `end_date`) VALUES (1,'Help Support CiviCRM!','Do you love CiviCRM? Do you use CiviCRM? Then please support CiviCRM and Contribute NOW by trying out our new online contribution features!',1,NULL,0,1,0,NULL,0,0,NULL,NULL,1,137,'10.00','10000.00','100000.00','Thanks for Your Support!','<p>Thank you for your support. Your contribution will help us build even better tools.</p><p>Please tell your friends and colleagues about CiviCRM!</p>','<p><a href=http://civicrm.org>Back to CiviCRM Home Page</a></p>',0,NULL,1,'CiviCRM Fundraising Dept.','donationFake@civicrm.org','receipt@example.com','bcc@example.com','Your donation is tax deductible under IRS 501(c)(3) regulation. Our tax identification number is: 93-123-4567',1,NULL,1,NULL,NULL,NULL,NULL,NULL),(2,'Member Signup and Renewal','Members are the life-blood of our organization. If you\'re not already a member - please consider signing up today. You can select the membership level the fits your budget and needs below.',2,NULL,0,1,0,NULL,0,0,NULL,NULL,NULL,NULL,NULL,NULL,NULL,'Thanks for Your Support!','Thanks for supporting our organization with your membership. You can learn more about membership benefits from our members only page.',NULL,0,NULL,1,'Membership Department','memberships@civicrm.org',NULL,NULL,'Thanks for supporting our organization with your membership. You can learn more about membership benefits from our members only page.\r\n\r\nKeep this receipt for your records.',1,NULL,0,NULL,NULL,NULL,NULL,NULL),(3,'Pledge for CiviCRM!','Do you love CiviCRM? Do you use CiviCRM? Then please support CiviCRM and Pledge NOW by trying out our online contribution features!',1,NULL,0,1,0,NULL,0,0,NULL,NULL,1,NULL,'10.00','10000.00','100000.00','Thanks for Your Support!','<p>Thank you for your support. Your contribution will help us build even better tools like Pledge.</p><p>Please tell your friends and colleagues about CiviPledge!</p>','<p><a href=http://civicrm.org>Back to CiviCRM Home Page</a></p>',0,NULL,1,'CiviCRM Fundraising Dept.','donationFake@civicrm.org','receipt@example.com','bcc@example.com','Your donation is tax deductible under IRS 501(c)(3) regulation. Our tax identification number is: 93-123-4567',1,NULL,1,NULL,NULL,NULL,NULL,NULL);
/*!40000 ALTER TABLE `civicrm_contribution_page` ENABLE KEYS */;
UNLOCK TABLES;

--
-- Dumping data for table `civicrm_contribution_product`
--

LOCK TABLES `civicrm_contribution_product` WRITE;
/*!40000 ALTER TABLE `civicrm_contribution_product` DISABLE KEYS */;
/*!40000 ALTER TABLE `civicrm_contribution_product` ENABLE KEYS */;
UNLOCK TABLES;

--
-- Dumping data for table `civicrm_contribution_recur`
--

LOCK TABLES `civicrm_contribution_recur` WRITE;
/*!40000 ALTER TABLE `civicrm_contribution_recur` DISABLE KEYS */;
/*!40000 ALTER TABLE `civicrm_contribution_recur` ENABLE KEYS */;
UNLOCK TABLES;

--
-- Dumping data for table `civicrm_contribution_soft`
--

LOCK TABLES `civicrm_contribution_soft` WRITE;
/*!40000 ALTER TABLE `civicrm_contribution_soft` DISABLE KEYS */;
INSERT INTO `civicrm_contribution_soft` (`id`, `contribution_id`, `contact_id`, `amount`, `pcp_id`, `pcp_display_in_roll`, `pcp_roll_nickname`, `pcp_personal_note`) VALUES (1,3,212,'10.00',1,1,'Jones Family','Helping Hands'),(2,6,212,'250.00',1,1,'Annie and the kids','Annie Helps');
/*!40000 ALTER TABLE `civicrm_contribution_soft` ENABLE KEYS */;
UNLOCK TABLES;

--
-- Dumping data for table `civicrm_contribution_type`
--

LOCK TABLES `civicrm_contribution_type` WRITE;
/*!40000 ALTER TABLE `civicrm_contribution_type` DISABLE KEYS */;
INSERT INTO `civicrm_contribution_type` (`id`, `name`, `accounting_code`, `description`, `is_deductible`, `is_reserved`, `is_active`) VALUES (1,'Donation',NULL,NULL,1,0,1),(2,'Member Dues',NULL,NULL,1,0,1),(3,'Campaign Contribution',NULL,NULL,0,0,1),(4,'Event Fee',NULL,NULL,0,0,1);
/*!40000 ALTER TABLE `civicrm_contribution_type` ENABLE KEYS */;
UNLOCK TABLES;

--
-- Dumping data for table `civicrm_contribution_widget`
--

LOCK TABLES `civicrm_contribution_widget` WRITE;
/*!40000 ALTER TABLE `civicrm_contribution_widget` DISABLE KEYS */;
/*!40000 ALTER TABLE `civicrm_contribution_widget` ENABLE KEYS */;
UNLOCK TABLES;

--
-- Dumping data for table `civicrm_country`
--

LOCK TABLES `civicrm_country` WRITE;
/*!40000 ALTER TABLE `civicrm_country` DISABLE KEYS */;
INSERT INTO `civicrm_country` (`id`, `name`, `iso_code`, `country_code`, `idd_prefix`, `ndd_prefix`, `region_id`) VALUES (1001,'Afghanistan','AF',NULL,NULL,NULL,4),(1002,'Albania','AL',NULL,NULL,NULL,1),(1003,'Algeria','DZ',NULL,NULL,NULL,3),(1004,'American Samoa','AS',NULL,NULL,NULL,2),(1005,'Andorra','AD',NULL,NULL,NULL,1),(1006,'Angola','AO',NULL,NULL,NULL,5),(1007,'Anguilla','AI',NULL,NULL,NULL,2),(1008,'Antarctica','AQ',NULL,NULL,NULL,1),(1009,'Antigua and Barbuda','AG',NULL,NULL,NULL,2),(1010,'Argentina','AR',NULL,NULL,NULL,2),(1011,'Armenia','AM',NULL,NULL,NULL,4),(1012,'Aruba','AW',NULL,NULL,NULL,2),(1013,'Australia','AU',NULL,NULL,NULL,4),(1014,'Austria','AT',NULL,NULL,NULL,1),(1015,'Azerbaijan','AZ',NULL,NULL,NULL,1),(1016,'Bahrain','BH',NULL,NULL,NULL,3),(1017,'Bangladesh','BD',NULL,NULL,NULL,4),(1018,'Barbados','BB',NULL,NULL,NULL,4),(1019,'Belarus','BY',NULL,NULL,NULL,1),(1020,'Belgium','BE',NULL,NULL,NULL,1),(1021,'Belize','BZ',NULL,NULL,NULL,2),(1022,'Benin','BJ',NULL,NULL,NULL,5),(1023,'Bermuda','BM',NULL,NULL,NULL,2),(1024,'Bhutan','BT',NULL,NULL,NULL,4),(1025,'Bolivia','BO',NULL,NULL,NULL,2),(1026,'Bosnia and Herzegovina','BA',NULL,NULL,NULL,1),(1027,'Botswana','BW',NULL,NULL,NULL,5),(1028,'Bouvet Island','BV',NULL,NULL,NULL,1),(1029,'Brazil','BR',NULL,NULL,NULL,2),(1030,'British Indian Ocean Territory','IO',NULL,NULL,NULL,4),(1031,'Virgin Islands, British','VG',NULL,NULL,NULL,2),(1032,'Brunei Darussalam','BN',NULL,NULL,NULL,4),(1033,'Bulgaria','BG',NULL,NULL,NULL,1),(1034,'Burkina Faso','BF',NULL,NULL,NULL,5),(1035,'Myanmar','MM',NULL,NULL,NULL,4),(1036,'Burundi','BI',NULL,NULL,NULL,5),(1037,'Cambodia','KH',NULL,NULL,NULL,4),(1038,'Cameroon','CM',NULL,NULL,NULL,5),(1039,'Canada','CA',NULL,NULL,NULL,2),(1040,'Cape Verde','CV',NULL,NULL,NULL,5),(1041,'Cayman Islands','KY',NULL,NULL,NULL,5),(1042,'Central African Republic','CF',NULL,NULL,NULL,5),(1043,'Chad','TD',NULL,NULL,NULL,5),(1044,'Chile','CL',NULL,NULL,NULL,2),(1045,'China','CN',NULL,NULL,NULL,4),(1046,'Christmas Island','CX',NULL,NULL,NULL,4),(1047,'Cocos (Keeling) Islands','CC',NULL,NULL,NULL,4),(1048,'Colombia','CO',NULL,NULL,NULL,2),(1049,'Comoros','KM',NULL,NULL,NULL,5),(1050,'Congo, The Democratic Republic of the','CD',NULL,NULL,NULL,5),(1051,'Congo','CG',NULL,NULL,NULL,5),(1052,'Cook Islands','CK',NULL,NULL,NULL,4),(1053,'Costa Rica','CR',NULL,NULL,NULL,2),(1054,'Cte d\'Ivoire','CI',NULL,NULL,NULL,5),(1055,'Croatia','HR',NULL,NULL,NULL,1),(1056,'Cuba','CU',NULL,NULL,NULL,2),(1057,'Cyprus','CY',NULL,NULL,NULL,1),(1058,'Czech Republic','CZ',NULL,NULL,NULL,1),(1059,'Denmark','DK',NULL,NULL,NULL,1),(1060,'Djibouti','DJ',NULL,NULL,NULL,5),(1061,'Dominica','DM',NULL,NULL,NULL,2),(1062,'Dominican Republic','DO',NULL,NULL,NULL,2),(1063,'Timor-Leste','TL',NULL,NULL,NULL,4),(1064,'Ecuador','EC',NULL,NULL,NULL,2),(1065,'Egypt','EG',NULL,NULL,NULL,3),(1066,'El Salvador','SV',NULL,NULL,NULL,2),(1067,'Equatorial Guinea','GQ',NULL,NULL,NULL,5),(1068,'Eritrea','ER',NULL,NULL,NULL,5),(1069,'Estonia','EE',NULL,NULL,NULL,1),(1070,'Ethiopia','ET',NULL,NULL,NULL,5),(1072,'Falkland Islands (Malvinas)','FK',NULL,NULL,NULL,2),(1073,'Faroe Islands','FO',NULL,NULL,NULL,1),(1074,'Fiji','FJ',NULL,NULL,NULL,4),(1075,'Finland','FI',NULL,NULL,NULL,1),(1076,'France','FR',NULL,NULL,NULL,1),(1077,'French Guiana','GF',NULL,NULL,NULL,2),(1078,'French Polynesia','PF',NULL,NULL,NULL,4),(1079,'French Southern Territories','TF',NULL,NULL,NULL,1),(1080,'Gabon','GA',NULL,NULL,NULL,5),(1081,'Georgia','GE',NULL,NULL,NULL,4),(1082,'Germany','DE',NULL,NULL,NULL,1),(1083,'Ghana','GH',NULL,NULL,NULL,5),(1084,'Gibraltar','GI',NULL,NULL,NULL,1),(1085,'Greece','GR',NULL,NULL,NULL,1),(1086,'Greenland','GL',NULL,NULL,NULL,2),(1087,'Grenada','GD',NULL,NULL,NULL,2),(1088,'Guadeloupe','GP',NULL,NULL,NULL,2),(1089,'Guam','GU',NULL,NULL,NULL,4),(1090,'Guatemala','GT',NULL,NULL,NULL,2),(1091,'Guinea','GN',NULL,NULL,NULL,5),(1092,'Guinea-Bissau','GW',NULL,NULL,NULL,5),(1093,'Guyana','GY',NULL,NULL,NULL,2),(1094,'Haiti','HT',NULL,NULL,NULL,2),(1095,'Heard Island and McDonald Islands','HM',NULL,NULL,NULL,4),(1096,'Holy See (Vatican City State)','VA',NULL,NULL,NULL,1),(1097,'Honduras','HN',NULL,NULL,NULL,2),(1098,'Hong Kong','HK',NULL,NULL,NULL,4),(1099,'Hungary','HU',NULL,NULL,NULL,1),(1100,'Iceland','IS',NULL,NULL,NULL,1),(1101,'India','IN',NULL,NULL,NULL,4),(1102,'Indonesia','ID',NULL,NULL,NULL,4),(1103,'Iran, Islamic Republic of','IR',NULL,NULL,NULL,3),(1104,'Iraq','IQ',NULL,NULL,NULL,3),(1105,'Ireland','IE',NULL,NULL,NULL,1),(1106,'Israel','IL',NULL,NULL,NULL,3),(1107,'Italy','IT',NULL,NULL,NULL,1),(1108,'Jamaica','JM',NULL,NULL,NULL,2),(1109,'Japan','JP',NULL,NULL,NULL,4),(1110,'Jordan','JO',NULL,NULL,NULL,3),(1111,'Kazakhstan','KZ',NULL,NULL,NULL,1),(1112,'Kenya','KE',NULL,NULL,NULL,5),(1113,'Kiribati','KI',NULL,NULL,NULL,4),(1114,'Korea, Democratic People\'s Republic of','KP',NULL,NULL,NULL,4),(1115,'Korea, Republic of','KR',NULL,NULL,NULL,4),(1116,'Kuwait','KW',NULL,NULL,NULL,3),(1117,'Kyrgyzstan','KG',NULL,NULL,NULL,1),(1118,'Lao People\'s Democratic Republic','LA',NULL,NULL,NULL,4),(1119,'Latvia','LV',NULL,NULL,NULL,1),(1120,'Lebanon','LB',NULL,NULL,NULL,3),(1121,'Lesotho','LS',NULL,NULL,NULL,5),(1122,'Liberia','LR',NULL,NULL,NULL,5),(1123,'Libyan Arab Jamahiriya','LY',NULL,NULL,NULL,3),(1124,'Liechtenstein','LI',NULL,NULL,NULL,1),(1125,'Lithuania','LT',NULL,NULL,NULL,1),(1126,'Luxembourg','LU',NULL,NULL,NULL,1),(1127,'Macao','MO',NULL,NULL,NULL,4),(1128,'Macedonia, Republic of','MK',NULL,NULL,NULL,1),(1129,'Madagascar','MG',NULL,NULL,NULL,5),(1130,'Malawi','MW',NULL,NULL,NULL,5),(1131,'Malaysia','MY',NULL,NULL,NULL,4),(1132,'Maldives','MV',NULL,NULL,NULL,4),(1133,'Mali','ML',NULL,NULL,NULL,5),(1134,'Malta','MT',NULL,NULL,NULL,1),(1135,'Marshall Islands','MH',NULL,NULL,NULL,4),(1136,'Martinique','MQ',NULL,NULL,NULL,2),(1137,'Mauritania','MR',NULL,NULL,NULL,5),(1138,'Mauritius','MU',NULL,NULL,NULL,5),(1139,'Mayotte','YT',NULL,NULL,NULL,5),(1140,'Mexico','MX',NULL,NULL,NULL,2),(1141,'Micronesia, Federated States of','FM',NULL,NULL,NULL,4),(1142,'Moldova','MD',NULL,NULL,NULL,1),(1143,'Monaco','MC',NULL,NULL,NULL,1),(1144,'Mongolia','MN',NULL,NULL,NULL,4),(1145,'Montserrat','MS',NULL,NULL,NULL,2),(1146,'Morocco','MA',NULL,NULL,NULL,3),(1147,'Mozambique','MZ',NULL,NULL,NULL,5),(1148,'Namibia','NA',NULL,NULL,NULL,5),(1149,'Nauru','NR',NULL,NULL,NULL,4),(1150,'Nepal','NP',NULL,NULL,NULL,4),(1151,'Netherlands Antilles','AN',NULL,NULL,NULL,2),(1152,'Netherlands','NL',NULL,NULL,NULL,1),(1153,'New Caledonia','NC',NULL,NULL,NULL,4),(1154,'New Zealand','NZ',NULL,NULL,NULL,4),(1155,'Nicaragua','NI',NULL,NULL,NULL,2),(1156,'Niger','NE',NULL,NULL,NULL,5),(1157,'Nigeria','NG',NULL,NULL,NULL,5),(1158,'Niue','NU',NULL,NULL,NULL,4),(1159,'Norfolk Island','NF',NULL,NULL,NULL,4),(1160,'Northern Mariana Islands','MP',NULL,NULL,NULL,2),(1161,'Norway','NO',NULL,NULL,NULL,1),(1162,'Oman','OM',NULL,NULL,NULL,3),(1163,'Pakistan','PK',NULL,NULL,NULL,4),(1164,'Palau','PW',NULL,NULL,NULL,4),(1165,'Palestinian Territory, Occupied','PS',NULL,NULL,NULL,3),(1166,'Panama','PA',NULL,NULL,NULL,5),(1167,'Papua New Guinea','PG',NULL,NULL,NULL,4),(1168,'Paraguay','PY',NULL,NULL,NULL,2),(1169,'Peru','PE',NULL,NULL,NULL,2),(1170,'Philippines','PH',NULL,NULL,NULL,4),(1171,'Pitcairn','PN',NULL,NULL,NULL,4),(1172,'Poland','PL',NULL,NULL,NULL,1),(1173,'Portugal','PT',NULL,NULL,NULL,1),(1174,'Puerto Rico','PR',NULL,NULL,NULL,2),(1175,'Qatar','QA',NULL,NULL,NULL,3),(1176,'Romania','RO',NULL,NULL,NULL,1),(1177,'Russian Federation','RU',NULL,NULL,NULL,1),(1178,'Rwanda','RW',NULL,NULL,NULL,5),(1179,'Reunion','RE',NULL,NULL,NULL,5),(1180,'Saint Helena','SH',NULL,NULL,NULL,5),(1181,'Saint Kitts and Nevis','KN',NULL,NULL,NULL,2),(1182,'Saint Lucia','LC',NULL,NULL,NULL,2),(1183,'Saint Pierre and Miquelon','PM',NULL,NULL,NULL,2),(1184,'Saint Vincent and the Grenadines','VC',NULL,NULL,NULL,2),(1185,'Samoa','WS',NULL,NULL,NULL,4),(1186,'San Marino','SM',NULL,NULL,NULL,1),(1187,'Saudi Arabia','SA',NULL,NULL,NULL,3),(1188,'Senegal','SN',NULL,NULL,NULL,5),(1189,'Seychelles','SC',NULL,NULL,NULL,5),(1190,'Sierra Leone','SL',NULL,NULL,NULL,5),(1191,'Singapore','SG',NULL,NULL,NULL,4),(1192,'Slovakia','SK',NULL,NULL,NULL,1),(1193,'Slovenia','SI',NULL,NULL,NULL,1),(1194,'Solomon Islands','SB',NULL,NULL,NULL,4),(1195,'Somalia','SO',NULL,NULL,NULL,5),(1196,'South Africa','ZA',NULL,NULL,NULL,5),(1197,'South Georgia and the South Sandwich Islands','GS',NULL,NULL,NULL,2),(1198,'Spain','ES',NULL,NULL,NULL,1),(1199,'Sri Lanka','LK',NULL,NULL,NULL,4),(1200,'Sudan','SD',NULL,NULL,NULL,5),(1201,'Suriname','SR',NULL,NULL,NULL,2),(1202,'Svalbard and Jan Mayen','SJ',NULL,NULL,NULL,1),(1203,'Swaziland','SZ',NULL,NULL,NULL,5),(1204,'Sweden','SE',NULL,NULL,NULL,1),(1205,'Switzerland','CH',NULL,NULL,NULL,1),(1206,'Syrian Arab Republic','SY',NULL,NULL,NULL,3),(1207,'Sao Tome and Principe','ST',NULL,NULL,NULL,5),(1208,'Taiwan','TW',NULL,NULL,NULL,4),(1209,'Tajikistan','TJ',NULL,NULL,NULL,4),(1210,'Tanzania, United Republic of','TZ',NULL,NULL,NULL,5),(1211,'Thailand','TH',NULL,NULL,NULL,4),(1212,'Bahamas','BS',NULL,NULL,NULL,2),(1213,'Gambia','GM',NULL,NULL,NULL,5),(1214,'Togo','TG',NULL,NULL,NULL,5),(1215,'Tokelau','TK',NULL,NULL,NULL,4),(1216,'Tonga','TO',NULL,NULL,NULL,4),(1217,'Trinidad and Tobago','TT',NULL,NULL,NULL,2),(1218,'Tunisia','TN',NULL,NULL,NULL,3),(1219,'Turkey','TR',NULL,NULL,NULL,1),(1220,'Turkmenistan','TM',NULL,NULL,NULL,1),(1221,'Turks and Caicos Islands','TC',NULL,NULL,NULL,2),(1222,'Tuvalu','TV',NULL,NULL,NULL,4),(1223,'Uganda','UG',NULL,NULL,NULL,5),(1224,'Ukraine','UA',NULL,NULL,NULL,1),(1225,'United Arab Emirates','AE',NULL,NULL,NULL,3),(1226,'United Kingdom','GB',NULL,NULL,NULL,1),(1227,'United States Minor Outlying Islands','UM',NULL,NULL,NULL,2),(1228,'United States','US',NULL,NULL,NULL,2),(1229,'Uruguay','UY',NULL,NULL,NULL,2),(1230,'Uzbekistan','UZ',NULL,NULL,NULL,1),(1231,'Vanuatu','VU',NULL,NULL,NULL,4),(1232,'Venezuela','VE',NULL,NULL,NULL,2),(1233,'Viet Nam','VN',NULL,NULL,NULL,4),(1234,'Virgin Islands, U.S.','VI',NULL,NULL,NULL,2),(1235,'Wallis and Futuna','WF',NULL,NULL,NULL,4),(1236,'Western Sahara','EH',NULL,NULL,NULL,3),(1237,'Yemen','YE',NULL,NULL,NULL,3),(1238,'Serbia and Montenegro','CS',NULL,NULL,NULL,1),(1239,'Zambia','ZM',NULL,NULL,NULL,5),(1240,'Zimbabwe','ZW',NULL,NULL,NULL,5),(1241,'land Islands','AX',NULL,NULL,NULL,1),(1242,'Serbia','RS',NULL,NULL,NULL,1),(1243,'Montenegro','ME',NULL,NULL,NULL,1),(1244,'Jersey','JE',NULL,NULL,NULL,99),(1245,'Guernsey','GG',NULL,NULL,NULL,99),(1246,'Isle of Man','IM',NULL,NULL,NULL,99);
/*!40000 ALTER TABLE `civicrm_country` ENABLE KEYS */;
UNLOCK TABLES;

--
-- Dumping data for table `civicrm_county`
--

LOCK TABLES `civicrm_county` WRITE;
/*!40000 ALTER TABLE `civicrm_county` DISABLE KEYS */;
INSERT INTO `civicrm_county` (`id`, `name`, `abbreviation`, `state_province_id`) VALUES (1,'Alameda',NULL,1004),(2,'Contra Costa',NULL,1004),(3,'Marin',NULL,1004),(4,'San Francisco',NULL,1004),(5,'San Mateo',NULL,1004),(6,'Santa Clara',NULL,1004);
/*!40000 ALTER TABLE `civicrm_county` ENABLE KEYS */;
UNLOCK TABLES;

--
-- Dumping data for table `civicrm_currency`
--

LOCK TABLES `civicrm_currency` WRITE;
/*!40000 ALTER TABLE `civicrm_currency` DISABLE KEYS */;
INSERT INTO `civicrm_currency` (`id`, `name`, `symbol`, `numeric_code`, `full_name`) VALUES (1,'AUD','$','036','Australian Dollar'),(2,'CAD','$','124','Canadian Dollar'),(3,'EUR','','978','Euro'),(4,'GBP','','826','Pound Sterling'),(5,'ILS','','826','New Israeli Shekel'),(6,'INR','','356','Indian Rupee'),(7,'JPY','','392','Japanese Yen'),(8,'KRW','','410','South Korean Won'),(9,'LAK','','418','Lao Kip'),(10,'MNT','','496','Mongolian Tugrik'),(11,'NGN','','566','Nigerian Naira'),(12,'PLN','z','985','Polish Zoty'),(13,'THB','','764','Thai Baht'),(14,'USD','$','840','US Dollar'),(15,'VND','','704','Viet Nam Dong'),(16,'ZAR','R','710','South African Rand'),(17,'AED',NULL,'784','UAE Dirham'),(18,'AFN','','971','Afghani'),(19,'ALL','Lek','008','Albanian Lek'),(20,'AMD',NULL,'051','Armenian Dram'),(21,'ANG','','532','Netherlands Antillian Guilder'),(22,'AOA',NULL,'973','Angola Kwanza'),(23,'ARS','$','032','Argentine Peso'),(24,'AWG','','533','Aruban Guilder'),(25,'AZN','','944','Azerbaijanian Manat'),(26,'BAM','KM','977','Convertible Marks'),(27,'BBD','$','052','Barbados Dollar'),(28,'BDT',NULL,'050','Bangladeshi Taka'),(29,'BGN','','975','Bulgarian Lev'),(30,'BHD',NULL,'048','Bahraini Dinar'),(31,'BIF',NULL,'108','Burundi Franc'),(32,'BMD','$','060','Bermudian Dollar'),(33,'BND','$','096','Brunei Dollar'),(34,'BOB','$b','068','Boliviano'),(35,'BOV',NULL,'984','Bolivian Mvdol'),(36,'BRL','R$','986','Brazilian Real'),(37,'BSD','$','044','Bahamian Dollar'),(38,'BTN',NULL,'064','Bhutan Ngultrum'),(39,'BWP','P','072','Botswana Pula'),(40,'BYR','p.','974','Belarussian Rouble'),(41,'BZD','BZ$','084','Belize Dollar'),(42,'CDF',NULL,'976','Franc Congolais'),(43,'CHE',NULL,'947','WIR Euro'),(44,'CHF','CHF','756','Swiss Franc'),(45,'CHW',NULL,'948','WIR Franc'),(46,'CLF',NULL,'990','Unidades de fomento'),(47,'CLP','$','152','Chilean Peso'),(48,'CNY','','156','Chinese Yuan Renminbi'),(49,'COP','$','170','Colombian Peso'),(50,'COU',NULL,'970','Unidad de Valor Real'),(51,'CRC','','188','Costa Rican Colon'),(52,'CSD','.','891','Serbian Dinar'),(53,'CUP','','192','Cuban Peso'),(54,'CVE',NULL,'132','Cape Verde Escudo'),(55,'CYP','','196','Cyprus Pound'),(56,'CZK','K','203','Czech Koruna'),(57,'DJF',NULL,'262','Djibouti Franc'),(58,'DKK','kr','208','Danish Krone'),(59,'DOP','RD$','214','Dominican Peso'),(60,'DZD',NULL,'012','Algerian Dinar'),(61,'EEK','kr','233','Estonian Kroon'),(62,'EGP','','818','Egyptian Pound'),(63,'ERN',NULL,'232','Eritrean Nakfa'),(64,'ETB',NULL,'230','Ethiopian Birr'),(65,'FJD','$','242','Fiji Dollar'),(66,'FKP','','238','Falkland Islands Pound'),(67,'GEL',NULL,'981','Georgian Lari'),(68,'GHC','','288','Ghanaian Cedi'),(69,'GIP','','292','Gibraltar Pound'),(70,'GMD',NULL,'270','Gambian Dalasi'),(71,'GNF',NULL,'324','Guinea Franc'),(72,'GTQ','Q','320','Guatemalan Quetzal'),(73,'GWP',NULL,'624','Guinea-Bissau Peso'),(74,'GYD','$','328','Guyana Dollar'),(75,'HKD','HK$','344','Hong Kong Dollar'),(76,'HNL','L','340','Honduran Lempira'),(77,'HRK','kn','191','Croatian Kuna'),(78,'HTG',NULL,'332','Haitian Gourde'),(79,'HUF','Ft','348','Hungarian Forint'),(80,'IDR','Rp','360','Indonesian Rupiah'),(81,'IQD',NULL,'368','Iraqi Dinar'),(82,'IRR','','364','Iranian Rial'),(83,'ISK','kr','352','Iceland Krona'),(84,'JMD','J$','388','Jamaican Dollar'),(85,'JOD',NULL,'400','Jordanian Dinar'),(86,'KES',NULL,'404','Kenyan Shilling'),(87,'KGS','','417','Kyrgyzstan Som'),(88,'KHR','','116','Cambodian Riel'),(89,'KMF',NULL,'174','Comoro Franc'),(90,'KPW','','408','North Korean Won'),(91,'KWD',NULL,'414','Kuwaiti Dinar'),(92,'KYD','$','136','Cayman Islands Dollar'),(93,'KZT','','398','Kazakhstan Tenge'),(94,'LBP','','422','Lebanese Pound'),(95,'LKR','','144','Sri Lanka Rupee'),(96,'LRD','$','430','Liberian Dollar'),(97,'LSL',NULL,'426','Lesotho Loti'),(98,'LTL','Lt','440','Lithuanian Litas'),(99,'LVL','Ls','428','Latvian Lats'),(100,'LYD',NULL,'434','Libyan Dinar'),(101,'MAD',NULL,'504','Moroccan Dirham'),(102,'MDL',NULL,'498','Moldovan Leu'),(103,'MGA',NULL,'969','Malagascy Ariary'),(104,'MKD','','807','Macedonian Denar'),(105,'MMK',NULL,'104','Myanmar Kyat'),(106,'MOP',NULL,'446','Macao Pataca'),(107,'MRO',NULL,'478','Mauritanian Ouguiya'),(108,'MTL','Lm','470','Maltese Lira'),(109,'MUR','','480','Mauritius Rupee'),(110,'MVR',NULL,'462','Maldive Rufiyaa'),(111,'MWK',NULL,'454','Malawi Kwacha'),(112,'MXN','$','484','Mexican Peso'),(113,'MXV',NULL,'979','Mexican Unidad de Inversion (UID)'),(114,'MYR','RM','458','Malaysian Ringgit'),(115,'MZN','MT','943','Mozambique Metical'),(116,'NAD','$','516','Namibian Dollar'),(117,'NIO','C$','558','Nicaraguan Cordoba Oro'),(118,'NOK','kr','578','Norwegian Krone'),(119,'NPR','','524','Nepalese Rupee'),(120,'NZD','$','554','New Zealand Dollar'),(121,'OMR','','512','Rial Omani'),(122,'PAB','B/.','590','Panamanian Balboa'),(123,'PEN','S/.','604','Peruvian Nuevo Sol'),(124,'PGK',NULL,'598','Papua New Guinea Kina'),(125,'PHP','Php','608','Philippine Peso'),(126,'PKR','','586','Pakistan Rupee'),(127,'PYG','Gs','600','Paraguay Guarani'),(128,'QAR','','634','Qatari Rial'),(129,'ROL',NULL,'642','Romanian Old Leu'),(130,'RON','lei','946','Romanian New Leu'),(131,'RUB','','643','Russian Rouble'),(132,'RWF',NULL,'646','Rwanda Franc'),(133,'SAR','','682','Saudi Riyal'),(134,'SBD','$','090','Solomon Islands Dollar'),(135,'SCR','','690','Seychelles Rupee'),(136,'SDD',NULL,'736','Sudanese Dinar'),(137,'SEK','kr','752','Swedish Krona'),(138,'SGD','$','702','Singapore Dollar'),(139,'SHP','','654','Saint Helena Pound'),(140,'SIT',NULL,'705','Slovenian Tolar'),(141,'SKK','SIT','703','Slovak Koruna'),(142,'SLL',NULL,'694','Leone'),(143,'SOS','S','706','Somali Shilling'),(144,'SRD','$','968','Surinam Dollar'),(145,'STD',NULL,'678','So Tome and Principe Dobra'),(146,'SVC','$','222','El Salvador Colon'),(147,'SYP','','760','Syrian Pound'),(148,'SZL',NULL,'748','Swaziland Lilangeni'),(149,'TJS',NULL,'972','Tajik Somoni'),(150,'TMM',NULL,'795','Turkmenistan Manat'),(151,'TND',NULL,'788','Tunisian Dinar'),(152,'TOP',NULL,'776','Tongan Pa\'anga'),(153,'TRY','YTL','949','New Turkish Lira'),(154,'TTD','TT$','780','Trinidad and Tobago Dollar'),(155,'TWD','NT$','901','New Taiwan Dollar'),(156,'TZS',NULL,'834','Tanzanian Shilling'),(157,'UAH','','980','Ukrainian Hryvnia'),(158,'UGX',NULL,'800','Ugandan Shilling'),(159,'USN',NULL,'997','US Dollar (Next day)'),(160,'USS',NULL,'998','US Dollar (Same day)'),(161,'UYU','$U','858','Peso Uruguayo'),(162,'UZS','','860','Uzbekistan Sum'),(163,'VEB','Bs','862','Venezuela Bolivar'),(164,'VUV',NULL,'548','Vanuatu Vatu'),(165,'WST',NULL,'882','Samoan Tala'),(166,'XAF',NULL,'950','CFA Franc BEAC'),(167,'XAG',NULL,'961','Silver'),(168,'XAU',NULL,'959','Gold'),(169,'XBA',NULL,'955','Bond Markets Units European Composite Unit (EURCO)'),(170,'XBB',NULL,'956','European Monetary Unit (E.M.U.-6)'),(171,'XBC',NULL,'957','European Unit of Account 9 (E.U.A.-9)'),(172,'XBD',NULL,'958','European Unit of Account 17 (E.U.A.-17)'),(173,'XCD','$','951','East Caribbean Dollar'),(174,'XDR',NULL,'960','Special Drawing Right'),(175,'XFO',NULL,NULL,'Gold-Franc'),(176,'XFU',NULL,NULL,'UIC-Franc'),(177,'XOF',NULL,'952','CFA Franc BCEAO'),(178,'XPD',NULL,'964','Palladium'),(179,'XPF',NULL,'953','CFP Franc'),(180,'XPT',NULL,'962','Platinum'),(181,'XTS',NULL,'963','Code for testing purposes'),(182,'XXX',NULL,'999','No currency involved'),(183,'YER','','886','Yemeni Rial'),(184,'ZMK',NULL,'894','Zambian Kwacha'),(185,'ZWD','Z$','716','Zimbabwe Dollar');
/*!40000 ALTER TABLE `civicrm_currency` ENABLE KEYS */;
UNLOCK TABLES;

--
-- Dumping data for table `civicrm_custom_field`
--

LOCK TABLES `civicrm_custom_field` WRITE;
/*!40000 ALTER TABLE `civicrm_custom_field` DISABLE KEYS */;
/*!40000 ALTER TABLE `civicrm_custom_field` ENABLE KEYS */;
UNLOCK TABLES;

--
-- Dumping data for table `civicrm_custom_group`
--

LOCK TABLES `civicrm_custom_group` WRITE;
/*!40000 ALTER TABLE `civicrm_custom_group` DISABLE KEYS */;
/*!40000 ALTER TABLE `civicrm_custom_group` ENABLE KEYS */;
UNLOCK TABLES;

--
-- Dumping data for table `civicrm_dedupe_rule`
--

LOCK TABLES `civicrm_dedupe_rule` WRITE;
/*!40000 ALTER TABLE `civicrm_dedupe_rule` DISABLE KEYS */;
INSERT INTO `civicrm_dedupe_rule` (`id`, `dedupe_rule_group_id`, `rule_table`, `rule_field`, `rule_length`, `rule_weight`) VALUES (1,1,'civicrm_contact','first_name',NULL,5),(2,1,'civicrm_contact','last_name',NULL,7),(3,1,'civicrm_email','email',NULL,10),(4,2,'civicrm_contact','organization_name',NULL,10),(5,2,'civicrm_email','email',NULL,10),(6,3,'civicrm_contact','household_name',NULL,10),(7,3,'civicrm_email','email',NULL,10),(8,4,'civicrm_email','email',NULL,10),(9,5,'civicrm_contact','organization_name',NULL,10),(10,5,'civicrm_email','email',NULL,10),(11,6,'civicrm_contact','household_name',NULL,10),(12,6,'civicrm_email','email',NULL,10);
/*!40000 ALTER TABLE `civicrm_dedupe_rule` ENABLE KEYS */;
UNLOCK TABLES;

--
-- Dumping data for table `civicrm_dedupe_rule_group`
--

LOCK TABLES `civicrm_dedupe_rule_group` WRITE;
/*!40000 ALTER TABLE `civicrm_dedupe_rule_group` DISABLE KEYS */;
INSERT INTO `civicrm_dedupe_rule_group` (`id`, `contact_type`, `threshold`, `level`, `is_default`, `name`) VALUES (1,'Individual',20,'Fuzzy',1,NULL),(2,'Organization',10,'Fuzzy',1,NULL),(3,'Household',10,'Fuzzy',1,NULL),(4,'Individual',10,'Strict',1,NULL),(5,'Organization',10,'Strict',1,NULL),(6,'Household',10,'Strict',1,NULL);
/*!40000 ALTER TABLE `civicrm_dedupe_rule_group` ENABLE KEYS */;
UNLOCK TABLES;

--
-- Dumping data for table `civicrm_discount`
--

LOCK TABLES `civicrm_discount` WRITE;
/*!40000 ALTER TABLE `civicrm_discount` DISABLE KEYS */;
/*!40000 ALTER TABLE `civicrm_discount` ENABLE KEYS */;
UNLOCK TABLES;

--
-- Dumping data for table `civicrm_domain`
--

LOCK TABLES `civicrm_domain` WRITE;
/*!40000 ALTER TABLE `civicrm_domain` DISABLE KEYS */;
INSERT INTO `civicrm_domain` (`id`, `name`, `description`, `config_backend`, `version`, `loc_block_id`, `locales`) VALUES (1,'Default Domain Name',NULL,NULL,'2.2.3',1,NULL);
/*!40000 ALTER TABLE `civicrm_domain` ENABLE KEYS */;
UNLOCK TABLES;

--
-- Dumping data for table `civicrm_email`
--

LOCK TABLES `civicrm_email` WRITE;
/*!40000 ALTER TABLE `civicrm_email` DISABLE KEYS */;
INSERT INTO `civicrm_email` (`id`, `contact_id`, `location_type_id`, `email`, `is_primary`, `is_billing`, `on_hold`, `is_bulkmail`, `hold_date`, `reset_date`) VALUES (1,NULL,1,'domainemail@example.org',0,0,0,0,NULL,NULL),(2,59,1,'smithjustin@npo.co.uk',1,0,0,0,NULL,NULL),(3,59,1,'smithjustin@amazon.net.in',0,0,0,0,NULL,NULL),(4,183,1,'grantdan@npo.com',1,0,0,0,NULL,NULL),(5,183,1,'grantdan@hotmail.co.pl',0,0,0,0,NULL,NULL),(6,99,1,'samuelssam@amazon.edu.in',1,0,0,0,NULL,NULL),(7,99,1,'samuelssam@earthlink.org',0,0,0,0,NULL,NULL),(8,47,1,'adamsanne@hotmail.co.in',1,0,0,0,NULL,NULL),(9,47,1,'adamsanne@brown.co.uk',0,0,0,0,NULL,NULL),(10,79,1,'smithpat@brown.co.pl',1,0,0,0,NULL,NULL),(11,79,1,'smithpat@yahoo.co.pl',0,0,0,0,NULL,NULL),(12,61,1,'zopesandy@gmail.edu.in',1,0,0,0,NULL,NULL),(13,61,1,'zopesandy@hotmail.co.uk',0,0,0,0,NULL,NULL),(14,437,1,'reynoldschris@amazon.edu.in',1,0,0,0,NULL,NULL),(15,437,1,'reynoldschris@redimail.net',0,0,0,0,NULL,NULL),(16,95,1,'reynoldsandrew@aol.org',1,0,0,0,NULL,NULL),(17,95,1,'reynoldsandrew@yahoo.org',0,0,0,0,NULL,NULL),(18,145,1,'patelchris@hotmail.net',1,0,0,0,NULL,NULL),(19,145,1,'patelchris@yahoo.edu',0,0,0,0,NULL,NULL),(20,163,1,'jonesjustin@indiatimes.co.uk',1,0,0,0,NULL,NULL),(21,163,1,'jonesjustin@indiatimes.co.uk',0,0,0,0,NULL,NULL),(22,177,1,'jonesbrzczysaw@gmail.co.uk',1,0,0,0,NULL,NULL),(23,177,1,'jonesbrzczysaw@brown.org',0,0,0,0,NULL,NULL),(24,489,1,'zopejohn@gmail.co.in',1,0,0,0,NULL,NULL),(25,489,1,'zopejohn@aol.org',0,0,0,0,NULL,NULL),(26,193,1,'zopejane@redimail.org',1,0,0,0,NULL,NULL),(27,193,1,'zopejane@redimail.net',0,0,0,0,NULL,NULL),(28,295,1,'samuelsbernard@hotmail.net',1,0,0,0,NULL,NULL),(29,295,1,'samuelsbernard@npo.net.in',0,0,0,0,NULL,NULL),(30,263,1,'zopejames@brown.net.in',1,0,0,0,NULL,NULL),(31,263,1,'zopejames@hotmail.edu.in',0,0,0,0,NULL,NULL),(32,477,1,'grantrebecca@redimail.net',1,0,0,0,NULL,NULL),(33,477,1,'grantrebecca@indiatimes.com',0,0,0,0,NULL,NULL),(34,103,1,'pateldonald@amazon.co.pl',1,0,0,0,NULL,NULL),(35,103,1,'pateldonald@gmail.org',0,0,0,0,NULL,NULL),(36,41,1,'adamsfraddie@amazon.com',1,0,0,0,NULL,NULL),(37,41,1,'adamsfraddie@hotmail.org',0,0,0,0,NULL,NULL),(38,55,1,'yadavpat@hotmail.co.pl',1,0,0,0,NULL,NULL),(39,55,1,'yadavpat@yahoo.org',0,0,0,0,NULL,NULL),(40,317,1,'parkerjohn@earthlink.co.in',1,0,0,0,NULL,NULL),(41,317,1,'parkerjohn@hotmail.net.in',0,0,0,0,NULL,NULL),(42,373,1,'robertsbruce@hotmail.edu',1,0,0,0,NULL,NULL),(43,373,1,'robertsbruce@indiatimes.org',0,0,0,0,NULL,NULL),(44,173,1,'chowskibruce@brown.com',1,0,0,0,NULL,NULL),(45,173,1,'chowskibruce@hotmail.net.in',0,0,0,0,NULL,NULL),(46,301,1,'grantrichard@aol.co.in',1,0,0,0,NULL,NULL),(47,301,1,'grantrichard@indiatimes.co.in',0,0,0,0,NULL,NULL),(48,237,1,'chowskijohn@tsec.net',1,0,0,0,NULL,NULL),(49,237,1,'chowskijohn@brown.co.in',0,0,0,0,NULL,NULL),(50,411,1,'grantandrew@earthlink.net',1,0,0,0,NULL,NULL),(51,411,1,'grantandrew@earthlink.co.in',0,0,0,0,NULL,NULL),(52,159,1,'grantfraddie@brown.co.uk',1,0,0,0,NULL,NULL),(53,159,1,'grantfraddie@indiatimes.org',0,0,0,0,NULL,NULL),(54,387,1,'robertsjason@aol.co.pl',1,0,0,0,NULL,NULL),(55,387,1,'robertsjason@brown.net',0,0,0,0,NULL,NULL),(56,359,1,'zopepaula@tsec.net.in',1,0,0,0,NULL,NULL),(57,359,1,'zopepaula@redimail.net.in',0,0,0,0,NULL,NULL),(58,219,1,'robertssandy@indiatimes.co.uk',1,0,0,0,NULL,NULL),(59,219,1,'robertssandy@redimail.edu.in',0,0,0,0,NULL,NULL),(60,393,1,'grantalice@aol.co.pl',1,0,0,0,NULL,NULL),(61,393,1,'grantalice@tsec.net.in',0,0,0,0,NULL,NULL),(62,395,1,'zopemelinda@npo.com',1,0,0,0,NULL,NULL),(63,395,1,'zopemelinda@earthlink.co.in',0,0,0,0,NULL,NULL),(64,227,1,'reynoldsjane@indiatimes.org',1,0,0,0,NULL,NULL),(65,227,1,'reynoldsjane@amazon.co.in',0,0,0,0,NULL,NULL),(66,33,1,'robertsmonica@brown.org',1,0,0,0,NULL,NULL),(67,33,1,'robertsmonica@brown.co.in',0,0,0,0,NULL,NULL),(68,69,1,'smithjames@yahoo.co.in',1,0,0,0,NULL,NULL),(69,69,1,'smithjames@brown.co.in',0,0,0,0,NULL,NULL),(70,31,1,'samuelsgreg@earthlink.edu.in',1,0,0,0,NULL,NULL),(71,31,1,'samuelsgreg@gmail.net',0,0,0,0,NULL,NULL),(72,293,1,'richardrobertsshome@redimail.co.pl',1,0,0,0,NULL,NULL),(73,293,1,'richardrobertsshome@tsec.co.uk',0,0,0,0,NULL,NULL),(74,49,1,'paulajamesonshome@redimail.co.in',1,0,0,0,NULL,NULL),(75,49,1,'paulajamesonshome@gmail.net',0,0,0,0,NULL,NULL),(76,45,1,'jakejamesonshome@brown.net',1,0,0,0,NULL,NULL),(77,45,1,'jakejamesonshome@amazon.co.in',0,0,0,0,NULL,NULL),(78,139,1,'chrissamuelsshome@tsec.edu.in',1,0,0,0,NULL,NULL),(79,139,1,'chrissamuelsshome@indiatimes.net',0,0,0,0,NULL,NULL),(80,133,1,'purvisamuelsshome@aol.org',1,0,0,0,NULL,NULL),(81,133,1,'purvisamuelsshome@hotmail.net',0,0,0,0,NULL,NULL),(82,331,1,'paulasmithshome@yahoo.co.in',1,0,0,0,NULL,NULL),(83,331,1,'paulasmithshome@npo.net.in',0,0,0,0,NULL,NULL),(84,485,1,'billreynoldsshome@tsec.net',1,0,0,0,NULL,NULL),(85,485,1,'billreynoldsshome@aol.net',0,0,0,0,NULL,NULL),(86,449,1,'monicasamuelsshome@redimail.edu.in',1,0,0,0,NULL,NULL),(87,449,1,'monicasamuelsshome@gmail.edu',0,0,0,0,NULL,NULL),(88,385,1,'tonypatelshome@aol.co.in',1,0,0,0,NULL,NULL),(89,385,1,'tonypatelshome@npo.edu',0,0,0,0,NULL,NULL),(90,87,1,'billjonesshome@brown.co.in',1,0,0,0,NULL,NULL),(91,87,1,'billjonesshome@tsec.net',0,0,0,0,NULL,NULL),(92,397,1,'henryjamesonshome@npo.co.uk',1,0,0,0,NULL,NULL),(93,397,1,'henryjamesonshome@earthlink.net',0,0,0,0,NULL,NULL),(94,357,1,'chetanzopeshome@earthlink.co.in',1,0,0,0,NULL,NULL),(95,357,1,'chetanzopeshome@indiatimes.net',0,0,0,0,NULL,NULL),(96,141,1,'johnsamuelsshome@tsec.net',1,0,0,0,NULL,NULL),(97,141,1,'johnsamuelsshome@amazon.co.in',0,0,0,0,NULL,NULL),(98,271,1,'jasonreynoldsshome@yahoo.org',1,0,0,0,NULL,NULL),(99,271,1,'jasonreynoldsshome@tsec.org',0,0,0,0,NULL,NULL),(100,233,1,'tonygrantshome@indiatimes.net',1,0,0,0,NULL,NULL),(101,233,1,'tonygrantshome@indiatimes.com',0,0,0,0,NULL,NULL),(102,167,1,'andrewadamsshome@hotmail.com',1,0,0,0,NULL,NULL),(103,167,1,'andrewadamsshome@npo.co.pl',0,0,0,0,NULL,NULL),(104,429,1,'sheilazopeshome@yahoo.co.pl',1,0,0,0,NULL,NULL),(105,429,1,'sheilazopeshome@earthlink.co.uk',0,0,0,0,NULL,NULL),(106,223,1,'sandychowskishome@redimail.com',1,0,0,0,NULL,NULL),(107,223,1,'sandychowskishome@redimail.org',0,0,0,0,NULL,NULL),(108,365,1,'rebeccazopeshome@redimail.org',1,0,0,0,NULL,NULL),(109,365,1,'rebeccazopeshome@indiatimes.co.in',0,0,0,0,NULL,NULL),(110,383,1,'amarreynoldsshome@gmail.org',1,0,0,0,NULL,NULL),(111,383,1,'amarreynoldsshome@redimail.edu.in',0,0,0,0,NULL,NULL),(112,253,1,'bernardyadavshome@aol.org',1,0,0,0,NULL,NULL),(113,253,1,'bernardyadavshome@indiatimes.com',0,0,0,0,NULL,NULL),(114,157,1,'alicezopeshome@brown.net.in',1,0,0,0,NULL,NULL),(115,157,1,'alicezopeshome@yahoo.co.in',0,0,0,0,NULL,NULL),(116,23,1,'sheilajamesonshome@tsec.org',1,0,0,0,NULL,NULL),(117,23,1,'sheilajamesonshome@yahoo.net',0,0,0,0,NULL,NULL),(118,283,1,'rebeccasmithshome@earthlink.net',1,0,0,0,NULL,NULL),(119,283,1,'rebeccasmithshome@earthlink.co.pl',0,0,0,0,NULL,NULL),(120,117,1,'chrisjonesshome@amazon.co.in',1,0,0,0,NULL,NULL),(121,117,1,'chrisjonesshome@npo.org',0,0,0,0,NULL,NULL),(122,369,1,'purvirobertsshome@tsec.co.pl',1,0,0,0,NULL,NULL),(123,369,1,'purvirobertsshome@brown.net',0,0,0,0,NULL,NULL),(124,169,1,'janereynoldsshome@brown.org',1,0,0,0,NULL,NULL),(125,169,1,'janereynoldsshome@tsec.co.in',0,0,0,0,NULL,NULL),(126,377,1,'samjamesonshome@earthlink.net.in',1,0,0,0,NULL,NULL),(127,377,1,'samjamesonshome@tsec.org',0,0,0,0,NULL,NULL),(128,399,1,'johnsamuelsshome@redimail.edu',1,0,0,0,NULL,NULL),(129,399,1,'johnsamuelsshome@aol.co.uk',0,0,0,0,NULL,NULL),(130,381,1,'milanreynoldsshome@npo.com',1,0,0,0,NULL,NULL),(131,381,1,'milanreynoldsshome@npo.org',0,0,0,0,NULL,NULL),(132,453,1,'monicajonesshome@gmail.com',1,0,0,0,NULL,NULL),(133,453,1,'monicajonesshome@indiatimes.net.in',0,0,0,0,NULL,NULL),(134,185,1,'melindasmithshome@npo.edu.in',1,0,0,0,NULL,NULL),(135,185,1,'melindasmithshome@earthlink.co.in',0,0,0,0,NULL,NULL),(136,465,1,'henryrobertsshome@hotmail.co.pl',1,0,0,0,NULL,NULL),(137,465,1,'henryrobertsshome@brown.net',0,0,0,0,NULL,NULL),(138,155,3,'eastmontcomputingcenter@yahoo.net',1,0,0,0,NULL,NULL),(139,155,3,'eastmontcomputingcenter@earthlink.co.in',0,0,0,0,NULL,NULL),(140,423,3,'intel@tsec.net.in',1,0,0,0,NULL,NULL),(141,423,3,'intel@aol.co.in',0,0,0,0,NULL,NULL),(142,37,3,'magicbus@gmail.net.in',1,0,0,0,NULL,NULL),(143,37,3,'magicbus@yahoo.co.pl',0,0,0,0,NULL,NULL),(144,245,3,'innercity@brown.edu.in',1,0,0,0,NULL,NULL),(145,245,3,'innercity@indiatimes.org',0,0,0,0,NULL,NULL),(146,249,3,'innercity@yahoo.edu.in',1,0,0,0,NULL,NULL),(147,249,3,'innercity@amazon.com',0,0,0,0,NULL,NULL),(148,325,3,'socialsourcefoundation@brown.co.in',1,0,0,0,NULL,NULL),(149,325,3,'socialsourcefoundation@npo.co.in',0,0,0,0,NULL,NULL),(150,447,3,'redcross@brown.edu',1,0,0,0,NULL,NULL),(151,447,3,'redcross@redimail.co.in',0,0,0,0,NULL,NULL),(152,197,3,'intel@redimail.net',1,0,0,0,NULL,NULL),(153,197,3,'intel@amazon.co.pl',0,0,0,0,NULL,NULL),(154,209,3,'redcross@tsec.co.in',1,0,0,0,NULL,NULL),(155,209,3,'redcross@brown.co.uk',0,0,0,0,NULL,NULL),(156,277,3,'magicbus@yahoo.co.in',1,0,0,0,NULL,NULL),(157,277,3,'magicbus@indiatimes.net',0,0,0,0,NULL,NULL),(158,287,3,'eastmontcomputingcenter@aol.co.in',1,0,0,0,NULL,NULL),(159,287,3,'eastmontcomputingcenter@hotmail.org',0,0,0,0,NULL,NULL),(160,203,3,'innercity@yahoo.co.in',1,0,0,0,NULL,NULL),(161,203,3,'innercity@npo.net',0,0,0,0,NULL,NULL),(162,439,3,'innercity@npo.edu',1,0,0,0,NULL,NULL),(163,439,3,'innercity@aol.co.in',0,0,0,0,NULL,NULL),(164,205,3,'projectopenhand@yahoo.co.pl',1,0,0,0,NULL,NULL),(165,205,3,'projectopenhand@aol.co.in',0,0,0,0,NULL,NULL),(166,469,3,'compumentor@hotmail.com',1,0,0,0,NULL,NULL),(167,469,3,'compumentor@aol.co.pl',0,0,0,0,NULL,NULL),(168,335,3,'workingassets@indiatimes.net',1,0,0,0,NULL,NULL),(169,335,3,'workingassets@npo.net',0,0,0,0,NULL,NULL),(170,27,3,'compumentor@aol.co.in',1,0,0,0,NULL,NULL),(171,27,3,'compumentor@amazon.co.in',0,0,0,0,NULL,NULL),(172,367,3,'projectopenhand@redimail.com',1,0,0,0,NULL,NULL),(173,367,3,'projectopenhand@aol.net.in',0,0,0,0,NULL,NULL),(174,259,3,'workingassets@tsec.net.in',1,0,0,0,NULL,NULL),(175,259,3,'workingassets@brown.co.in',0,0,0,0,NULL,NULL),(176,401,3,'workingassets@earthlink.org',1,0,0,0,NULL,NULL),(177,401,3,'workingassets@redimail.co.pl',0,0,0,0,NULL,NULL),(178,269,3,'socialsourcefoundation@brown.co.pl',1,0,0,0,NULL,NULL),(179,269,3,'socialsourcefoundation@hotmail.co.in',0,0,0,0,NULL,NULL),(180,389,3,'innercity@tsec.org',1,0,0,0,NULL,NULL),(181,389,3,'innercity@aol.co.in',0,0,0,0,NULL,NULL),(182,189,3,'intel@yahoo.net',1,0,0,0,NULL,NULL),(183,189,3,'intel@hotmail.org',0,0,0,0,NULL,NULL),(184,403,3,'redcross@tsec.edu.in',1,0,0,0,NULL,NULL),(185,403,3,'redcross@earthlink.net',0,0,0,0,NULL,NULL),(186,493,3,'compumentor@earthlink.co.in',1,0,0,0,NULL,NULL),(187,493,3,'compumentor@aol.co.pl',0,0,0,0,NULL,NULL),(188,111,3,'innercity@brown.net.in',1,0,0,0,NULL,NULL),(189,111,3,'innercity@hotmail.co.pl',0,0,0,0,NULL,NULL),(190,257,3,'socialsourcefoundation@hotmail.net',1,0,0,0,NULL,NULL),(191,257,3,'socialsourcefoundation@earthlink.net.in',0,0,0,0,NULL,NULL),(192,409,3,'compasspoint@amazon.net',1,0,0,0,NULL,NULL),(193,409,3,'compasspoint@gmail.org',0,0,0,0,NULL,NULL),(194,281,3,'eastmontcomputingcenter@yahoo.edu',1,0,0,0,NULL,NULL),(195,281,3,'eastmontcomputingcenter@gmail.co.uk',0,0,0,0,NULL,NULL),(196,405,3,'ciscosystems@amazon.net.in',1,0,0,0,NULL,NULL),(197,405,3,'ciscosystems@tsec.com',0,0,0,0,NULL,NULL),(198,337,3,'magicbus@aol.org',1,0,0,0,NULL,NULL),(199,337,3,'magicbus@indiatimes.com',0,0,0,0,NULL,NULL),(200,497,3,'conservationcorp@hotmail.edu',1,0,0,0,NULL,NULL),(201,497,3,'conservationcorp@earthlink.co.pl',0,0,0,0,NULL,NULL),(202,115,3,'socialsourcefoundation@redimail.net',1,0,0,0,NULL,NULL),(203,115,3,'socialsourcefoundation@yahoo.org',0,0,0,0,NULL,NULL),(204,407,1,'parkerpurvi@npo.org',1,0,0,0,NULL,NULL),(205,407,1,'parkerpurvi@yahoo.co.in',0,0,0,0,NULL,NULL),(206,113,1,'smithsam@indiatimes.co.in',1,0,0,0,NULL,NULL),(207,113,1,'smithsam@tsec.org',0,0,0,0,NULL,NULL),(208,495,1,'robertsrichard@gmail.co.uk',1,0,0,0,NULL,NULL),(209,495,1,'robertsrichard@hotmail.net',0,0,0,0,NULL,NULL),(210,413,1,'robertskenneth@gmail.org',1,0,0,0,NULL,NULL),(211,413,1,'robertskenneth@indiatimes.co.in',0,0,0,0,NULL,NULL),(212,29,1,'smithdonald@gmail.com',1,0,0,0,NULL,NULL),(213,29,1,'smithdonald@amazon.net',0,0,0,0,NULL,NULL),(214,349,1,'parkeranne@npo.org',1,0,0,0,NULL,NULL),(215,349,1,'parkeranne@gmail.org',0,0,0,0,NULL,NULL),(216,91,1,'reynoldsbill@yahoo.co.in',1,0,0,0,NULL,NULL),(217,91,1,'reynoldsbill@earthlink.co.pl',0,0,0,0,NULL,NULL),(218,297,1,'jamesonpaula@brown.co.in',1,0,0,0,NULL,NULL),(219,297,1,'jamesonpaula@hotmail.co.in',0,0,0,0,NULL,NULL),(220,441,1,'jamesonjake@aol.co.in',1,0,0,0,NULL,NULL),(221,441,1,'jamesonjake@gmail.co.in',0,0,0,0,NULL,NULL),(222,179,1,'patelkenneth@indiatimes.co.uk',1,0,0,0,NULL,NULL),(223,179,1,'patelkenneth@indiatimes.net.in',0,0,0,0,NULL,NULL),(224,107,1,'smithdan@earthlink.edu.in',1,0,0,0,NULL,NULL),(225,107,1,'smithdan@brown.co.in',0,0,0,0,NULL,NULL),(226,371,1,'grantandrew@earthlink.com',1,0,0,0,NULL,NULL),(227,371,1,'grantandrew@earthlink.co.in',0,0,0,0,NULL,NULL),(228,299,1,'yadavjake@aol.com',1,0,0,0,NULL,NULL),(229,299,1,'yadavjake@indiatimes.co.in',0,0,0,0,NULL,NULL),(230,313,1,'smithmilan@earthlink.com',1,0,0,0,NULL,NULL),(231,313,1,'smithmilan@npo.com',0,0,0,0,NULL,NULL),(232,363,1,'yadavsheila@redimail.co.pl',1,0,0,0,NULL,NULL),(233,363,1,'yadavsheila@aol.edu',0,0,0,0,NULL,NULL),(234,239,1,'jonespat@yahoo.co.pl',1,0,0,0,NULL,NULL),(235,239,1,'jonespat@npo.co.in',0,0,0,0,NULL,NULL),(236,39,1,'samuelschris@earthlink.co.uk',1,0,0,0,NULL,NULL),(237,39,1,'samuelschris@gmail.co.in',0,0,0,0,NULL,NULL),(238,137,1,'samuelsjohn@indiatimes.edu.in',1,0,0,0,NULL,NULL),(239,137,1,'samuelsjohn@hotmail.net',0,0,0,0,NULL,NULL),(240,471,1,'reynoldspurvi@redimail.net',1,0,0,0,NULL,NULL),(241,471,1,'reynoldspurvi@amazon.org',0,0,0,0,NULL,NULL),(242,241,1,'zopesheila@yahoo.co.uk',1,0,0,0,NULL,NULL),(243,241,1,'zopesheila@gmail.com',0,0,0,0,NULL,NULL),(244,15,1,'robertswalter@aol.co.uk',1,0,0,0,NULL,NULL),(245,15,1,'robertswalter@amazon.net',0,0,0,0,NULL,NULL),(246,445,1,'adamsgreg@redimail.com',1,0,0,0,NULL,NULL),(247,445,1,'adamsgreg@gmail.co.uk',0,0,0,0,NULL,NULL),(248,321,1,'chowskikenneth@gmail.co.in',1,0,0,0,NULL,NULL),(249,321,1,'chowskikenneth@brown.com',0,0,0,0,NULL,NULL),(250,3,1,'smithraymond@earthlink.edu',1,0,0,0,NULL,NULL),(251,3,1,'smithraymond@indiatimes.co.uk',0,0,0,0,NULL,NULL),(252,327,1,'samuelsamar@aol.com',1,0,0,0,NULL,NULL),(253,327,1,'samuelsamar@redimail.co.pl',0,0,0,0,NULL,NULL),(254,119,1,'yadavgreg@aol.co.pl',1,0,0,0,NULL,NULL),(255,119,1,'yadavgreg@tsec.org',0,0,0,0,NULL,NULL),(256,243,1,'adamsjake@hotmail.co.in',1,0,0,0,NULL,NULL),(257,243,1,'adamsjake@npo.co.uk',0,0,0,0,NULL,NULL),(258,475,1,'zopehenry@yahoo.net.in',1,0,0,0,NULL,NULL),(259,475,1,'zopehenry@redimail.co.in',0,0,0,0,NULL,NULL),(260,67,1,'adamspaula@tsec.net.in',1,0,0,0,NULL,NULL),(261,67,1,'adamspaula@yahoo.net',0,0,0,0,NULL,NULL),(262,443,1,'smithjames@redimail.com',1,0,0,0,NULL,NULL),(263,443,1,'smithjames@npo.co.in',0,0,0,0,NULL,NULL),(264,479,1,'yadavsandy@amazon.org',1,0,0,0,NULL,NULL),(265,479,1,'yadavsandy@npo.edu',0,0,0,0,NULL,NULL),(266,345,1,'adamssandy@hotmail.org',1,0,0,0,NULL,NULL),(267,345,1,'adamssandy@earthlink.net.in',0,0,0,0,NULL,NULL),(268,127,1,'robertsfranklin@gmail.edu.in',1,0,0,0,NULL,NULL),(269,127,1,'robertsfranklin@redimail.co.in',0,0,0,0,NULL,NULL),(270,101,1,'robertsamar@amazon.co.in',1,0,0,0,NULL,NULL),(271,101,1,'robertsamar@gmail.edu',0,0,0,0,NULL,NULL),(272,231,1,'jonesalice@indiatimes.net.in',1,0,0,0,NULL,NULL),(273,231,1,'jonesalice@aol.co.pl',0,0,0,0,NULL,NULL),(274,85,1,'reynoldspaula@earthlink.edu',1,0,0,0,NULL,NULL),(275,85,1,'reynoldspaula@indiatimes.co.pl',0,0,0,0,NULL,NULL),(276,109,1,'grantsandy@yahoo.com',1,0,0,0,NULL,NULL),(277,109,1,'grantsandy@amazon.net',0,0,0,0,NULL,NULL),(278,135,1,'grantpurvi@yahoo.org',1,0,0,0,NULL,NULL),(279,135,1,'grantpurvi@tsec.net',0,0,0,0,NULL,NULL),(280,275,1,'pateljason@hotmail.co.in',1,0,0,0,NULL,NULL),(281,275,1,'pateljason@redimail.edu',0,0,0,0,NULL,NULL),(282,273,1,'smithsandy@tsec.net',1,0,0,0,NULL,NULL),(283,273,1,'smithsandy@indiatimes.net',0,0,0,0,NULL,NULL),(284,229,1,'adamsmelinda@amazon.edu.in',1,0,0,0,NULL,NULL),(285,229,1,'adamsmelinda@indiatimes.org',0,0,0,0,NULL,NULL),(286,361,1,'smithmelinda@hotmail.net',1,0,0,0,NULL,NULL),(287,361,1,'smithmelinda@hotmail.net',0,0,0,0,NULL,NULL),(288,333,1,'patelchetan@indiatimes.net',1,0,0,0,NULL,NULL),(289,333,1,'patelchetan@tsec.co.uk',0,0,0,0,NULL,NULL),(290,353,1,'patelsandy@indiatimes.edu',1,0,0,0,NULL,NULL),(291,353,1,'patelsandy@npo.net',0,0,0,0,NULL,NULL),(292,201,1,'smithmichelle@yahoo.co.in',1,0,0,0,NULL,NULL),(293,201,1,'smithmichelle@npo.com',0,0,0,0,NULL,NULL),(294,379,1,'adamschris@hotmail.net',1,0,0,0,NULL,NULL),(295,379,1,'adamschris@redimail.co.uk',0,0,0,0,NULL,NULL),(296,417,1,'jonesbill@redimail.co.uk',1,0,0,0,NULL,NULL),(297,417,1,'jonesbill@brown.co.in',0,0,0,0,NULL,NULL),(298,147,1,'reynoldsbill@gmail.net.in',1,0,0,0,NULL,NULL),(299,147,1,'reynoldsbill@indiatimes.co.in',0,0,0,0,NULL,NULL),(300,351,1,'jamesonjane@hotmail.co.uk',1,0,0,0,NULL,NULL),(301,351,1,'jamesonjane@brown.com',0,0,0,0,NULL,NULL),(302,17,1,'patelbernard@earthlink.com',1,0,0,0,NULL,NULL),(303,17,1,'patelbernard@aol.co.in',0,0,0,0,NULL,NULL),(304,9,1,'samuelscharles@redimail.org',1,0,0,0,NULL,NULL),(305,9,1,'samuelscharles@redimail.com',0,0,0,0,NULL,NULL),(306,63,1,'samuelsmonica@redimail.net',1,0,0,0,NULL,NULL),(307,63,1,'samuelsmonica@hotmail.co.in',0,0,0,0,NULL,NULL),(308,213,1,'parkerjustin@amazon.co.in',1,0,0,0,NULL,NULL),(309,213,1,'parkerjustin@redimail.edu',0,0,0,0,NULL,NULL),(310,25,1,'chowskibill@redimail.org',1,0,0,0,NULL,NULL),(311,25,1,'chowskibill@hotmail.edu',0,0,0,0,NULL,NULL),(312,149,1,'grantbrzczysaw@earthlink.edu.in',1,0,0,0,NULL,NULL),(313,149,1,'grantbrzczysaw@tsec.net',0,0,0,0,NULL,NULL),(314,65,1,'grantpaula@indiatimes.edu',1,0,0,0,NULL,NULL),(315,65,1,'grantpaula@npo.net.in',0,0,0,0,NULL,NULL),(316,93,1,'reynoldsjane@yahoo.org',1,0,0,0,NULL,NULL),(317,93,1,'reynoldsjane@brown.net',0,0,0,0,NULL,NULL),(318,481,1,'jonesbill@amazon.net.in',1,0,0,0,NULL,NULL),(319,481,1,'jonesbill@aol.org',0,0,0,0,NULL,NULL),(320,309,1,'chowskigreg@amazon.net.in',1,0,0,0,NULL,NULL),(321,309,1,'chowskigreg@hotmail.net',0,0,0,0,NULL,NULL),(322,51,1,'jonesmonica@redimail.edu.in',1,0,0,0,NULL,NULL),(323,51,1,'jonesmonica@aol.edu',0,0,0,0,NULL,NULL),(324,247,1,'reynoldstony@npo.edu.in',1,0,0,0,NULL,NULL),(325,247,1,'reynoldstony@earthlink.edu.in',0,0,0,0,NULL,NULL),(326,375,1,'adamsfraddie@npo.net',1,0,0,0,NULL,NULL),(327,375,1,'adamsfraddie@gmail.org',0,0,0,0,NULL,NULL),(328,433,1,'chowskidonald@tsec.co.in',1,0,0,0,NULL,NULL),(329,433,1,'chowskidonald@aol.net',0,0,0,0,NULL,NULL),(330,121,1,'samuelsrichard@amazon.edu',1,0,0,0,NULL,NULL),(331,121,1,'samuelsrichard@amazon.com',0,0,0,0,NULL,NULL),(332,463,1,'jonessandy@earthlink.co.pl',1,0,0,0,NULL,NULL),(333,463,1,'jonessandy@gmail.co.in',0,0,0,0,NULL,NULL),(334,307,1,'yadavmilan@yahoo.co.uk',1,0,0,0,NULL,NULL),(335,307,1,'yadavmilan@brown.net.in',0,0,0,0,NULL,NULL),(336,129,1,'grantchetan@earthlink.net',1,0,0,0,NULL,NULL),(337,129,1,'grantchetan@amazon.edu.in',0,0,0,0,NULL,NULL),(338,265,1,'yadavamar@tsec.net',1,0,0,0,NULL,NULL),(339,265,1,'yadavamar@aol.org',0,0,0,0,NULL,NULL),(340,151,1,'yadavsandy@tsec.net',1,0,0,0,NULL,NULL),(341,151,1,'yadavsandy@hotmail.net',0,0,0,0,NULL,NULL),(342,457,1,'reynoldsjake@redimail.co.in',1,0,0,0,NULL,NULL),(343,457,1,'reynoldsjake@tsec.net',0,0,0,0,NULL,NULL),(344,73,1,'jamesonbernard@gmail.net',1,0,0,0,NULL,NULL),(345,73,1,'jamesonbernard@hotmail.co.uk',0,0,0,0,NULL,NULL),(346,491,1,'smithalice@brown.edu',1,0,0,0,NULL,NULL),(347,491,1,'smithalice@yahoo.net.in',0,0,0,0,NULL,NULL),(348,75,1,'samuelsjohn@amazon.co.uk',1,0,0,0,NULL,NULL),(349,75,1,'samuelsjohn@yahoo.com',0,0,0,0,NULL,NULL),(350,483,1,'reynoldsjason@yahoo.edu',1,0,0,0,NULL,NULL),(351,483,1,'reynoldsjason@brown.edu.in',0,0,0,0,NULL,NULL),(352,355,1,'adamsjennifer@hotmail.co.uk',1,0,0,0,NULL,NULL),(353,355,1,'adamsjennifer@aol.org',0,0,0,0,NULL,NULL),(354,125,1,'reynoldsamar@yahoo.co.uk',1,0,0,0,NULL,NULL),(355,125,1,'reynoldsamar@amazon.co.in',0,0,0,0,NULL,NULL),(356,419,1,'yadavpurvi@redimail.co.in',1,0,0,0,NULL,NULL),(357,419,1,'yadavpurvi@hotmail.net',0,0,0,0,NULL,NULL),(358,191,1,'zoperichard@amazon.co.uk',1,0,0,0,NULL,NULL),(359,191,1,'zoperichard@amazon.edu',0,0,0,0,NULL,NULL),(360,427,1,'reynoldschetan@gmail.net',1,0,0,0,NULL,NULL),(361,427,1,'reynoldschetan@amazon.net',0,0,0,0,NULL,NULL),(362,225,1,'smithjustin@redimail.org',1,0,0,0,NULL,NULL),(363,225,1,'smithjustin@tsec.co.in',0,0,0,0,NULL,NULL),(364,501,1,'samuelsrichard@brown.org',1,0,0,0,NULL,NULL),(365,501,1,'samuelsrichard@earthlink.co.uk',0,0,0,0,NULL,NULL),(366,143,1,'robertsmichelle@brown.net',1,0,0,0,NULL,NULL),(367,143,1,'robertsmichelle@yahoo.net',0,0,0,0,NULL,NULL),(368,315,1,'grantfraddie@amazon.co.pl',1,0,0,0,NULL,NULL),(369,315,1,'grantfraddie@hotmail.edu',0,0,0,0,NULL,NULL),(370,83,1,'adamsdonald@npo.net',1,0,0,0,NULL,NULL),(371,83,1,'adamsdonald@amazon.org',0,0,0,0,NULL,NULL),(372,289,1,'chowskirichard@gmail.edu.in',1,0,0,0,NULL,NULL),(373,289,1,'chowskirichard@tsec.co.pl',0,0,0,0,NULL,NULL),(374,13,1,'smithdonald@amazon.edu',1,0,0,0,NULL,NULL),(375,13,1,'smithdonald@yahoo.co.uk',0,0,0,0,NULL,NULL),(376,499,1,'yadavdonald@npo.edu.in',1,0,0,0,NULL,NULL),(377,499,1,'yadavdonald@indiatimes.com',0,0,0,0,NULL,NULL),(378,131,1,'robertsdan@aol.edu',1,0,0,0,NULL,NULL),(379,131,1,'robertsdan@gmail.edu',0,0,0,0,NULL,NULL),(380,43,1,'yadavbrzczysaw@earthlink.co.uk',1,0,0,0,NULL,NULL),(381,43,1,'yadavbrzczysaw@hotmail.edu',0,0,0,0,NULL,NULL),(382,235,1,'chowskimilan@earthlink.edu.in',1,0,0,0,NULL,NULL),(383,235,1,'chowskimilan@npo.net',0,0,0,0,NULL,NULL),(384,77,1,'smithcharles@earthlink.edu.in',1,0,0,0,NULL,NULL),(385,77,1,'smithcharles@npo.edu',0,0,0,0,NULL,NULL),(386,19,1,'adamsandrew@gmail.com',1,0,0,0,NULL,NULL),(387,19,1,'adamsandrew@amazon.org',0,0,0,0,NULL,NULL),(388,285,1,'parkersandy@earthlink.edu',1,0,0,0,NULL,NULL),(389,285,1,'parkersandy@hotmail.co.uk',0,0,0,0,NULL,NULL),(390,341,1,'jonespurvi@npo.co.uk',1,0,0,0,NULL,NULL),(391,341,1,'jonespurvi@npo.edu.in',0,0,0,0,NULL,NULL),(392,123,1,'zopesheila@gmail.co.pl',1,0,0,0,NULL,NULL),(393,123,1,'zopesheila@yahoo.com',0,0,0,0,NULL,NULL),(394,89,1,'reynoldskenneth@redimail.net',1,0,0,0,NULL,NULL),(395,89,1,'reynoldskenneth@brown.edu.in',0,0,0,0,NULL,NULL),(396,431,1,'reynoldscharles@aol.edu.in',1,0,0,0,NULL,NULL),(397,431,1,'reynoldscharles@aol.co.uk',0,0,0,0,NULL,NULL),(398,161,1,'chowskisandy@earthlink.edu',1,0,0,0,NULL,NULL),(399,161,1,'chowskisandy@redimail.net.in',0,0,0,0,NULL,NULL),(400,57,1,'samuelspeter@hotmail.net',1,0,0,0,NULL,NULL),(401,57,1,'samuelspeter@redimail.com',0,0,0,0,NULL,NULL),(402,291,1,'robertsbruce@redimail.co.pl',1,0,0,0,NULL,NULL),(403,291,1,'robertsbruce@hotmail.net',0,0,0,0,NULL,NULL),(404,81,1,'samuelsdonald@yahoo.org',1,0,0,0,NULL,NULL),(405,81,1,'samuelsdonald@redimail.net',0,0,0,0,NULL,NULL),(406,97,1,'robertsbernard@brown.com',1,0,0,0,NULL,NULL),(407,97,1,'robertsbernard@yahoo.net.in',0,0,0,0,NULL,NULL),(408,329,1,'reynoldsgreg@brown.net.in',1,0,0,0,NULL,NULL),(409,329,1,'reynoldsgreg@tsec.com',0,0,0,0,NULL,NULL),(410,255,1,'robertswalter@brown.co.in',1,0,0,0,NULL,NULL),(411,255,1,'robertswalter@gmail.edu',0,0,0,0,NULL,NULL),(412,165,1,'reynoldsmichelle@aol.org',1,0,0,0,NULL,NULL),(413,165,1,'reynoldsmichelle@indiatimes.co.pl',0,0,0,0,NULL,NULL),(414,451,1,'patelpurvi@brown.edu',1,0,0,0,NULL,NULL),(415,451,1,'patelpurvi@hotmail.edu.in',0,0,0,0,NULL,NULL),(416,171,1,'zopealice@gmail.net',1,0,0,0,NULL,NULL),(417,171,1,'zopealice@yahoo.com',0,0,0,0,NULL,NULL),(418,5,1,'grantkenneth@aol.co.in',1,0,0,0,NULL,NULL),(419,5,1,'grantkenneth@tsec.co.uk',0,0,0,0,NULL,NULL),(420,221,1,'jamesonsheila@amazon.org',1,0,0,0,NULL,NULL),(421,221,1,'jamesonsheila@amazon.org',0,0,0,0,NULL,NULL),(422,459,1,'chowskijake@redimail.org',1,0,0,0,NULL,NULL),(423,459,1,'chowskijake@amazon.co.pl',0,0,0,0,NULL,NULL),(424,415,1,'reynoldsmelinda@earthlink.edu',1,0,0,0,NULL,NULL),(425,415,1,'reynoldsmelinda@indiatimes.co.pl',0,0,0,0,NULL,NULL),(426,425,1,'smithgreg@aol.net.in',1,0,0,0,NULL,NULL),(427,425,1,'smithgreg@indiatimes.net',0,0,0,0,NULL,NULL),(428,207,1,'jonesbruce@tsec.edu.in',1,0,0,0,NULL,NULL),(429,207,1,'jonesbruce@redimail.com',0,0,0,0,NULL,NULL),(430,487,1,'chowskialan@yahoo.edu.in',1,0,0,0,NULL,NULL),(431,487,1,'chowskialan@earthlink.net',0,0,0,0,NULL,NULL),(432,279,1,'grantsam@aol.net.in',1,0,0,0,NULL,NULL),(433,279,1,'grantsam@npo.net.in',0,0,0,0,NULL,NULL),(434,251,1,'patelraymond@tsec.org',1,0,0,0,NULL,NULL),(435,251,1,'patelraymond@aol.co.uk',0,0,0,0,NULL,NULL),(436,11,1,'yadavmichelle@gmail.net',1,0,0,0,NULL,NULL),(437,11,1,'yadavmichelle@indiatimes.co.in',0,0,0,0,NULL,NULL),(438,NULL,1,'development@example.org',0,0,0,0,NULL,NULL),(439,NULL,1,'tournaments@example.org',0,0,0,0,NULL,NULL),(440,NULL,1,'celebration@example.org',0,0,0,0,NULL,NULL);
/*!40000 ALTER TABLE `civicrm_email` ENABLE KEYS */;
UNLOCK TABLES;

--
-- Dumping data for table `civicrm_entity_file`
--

LOCK TABLES `civicrm_entity_file` WRITE;
/*!40000 ALTER TABLE `civicrm_entity_file` DISABLE KEYS */;
/*!40000 ALTER TABLE `civicrm_entity_file` ENABLE KEYS */;
UNLOCK TABLES;

--
-- Dumping data for table `civicrm_entity_tag`
--

LOCK TABLES `civicrm_entity_tag` WRITE;
/*!40000 ALTER TABLE `civicrm_entity_tag` DISABLE KEYS */;
INSERT INTO `civicrm_entity_tag` (`id`, `contact_id`, `tag_id`) VALUES (213,5,4),(231,7,4),(133,9,4),(134,9,5),(22,10,2),(228,11,5),(184,13,5),(90,14,4),(96,15,4),(97,15,5),(70,18,4),(71,18,5),(28,22,5),(137,25,5),(175,26,4),(12,27,3),(81,29,5),(263,32,4),(84,34,4),(244,35,4),(2,37,1),(47,41,4),(153,42,4),(154,42,5),(187,43,5),(144,46,4),(237,50,4),(145,51,4),(146,51,5),(158,52,5),(258,53,5),(238,54,4),(239,54,5),(26,59,4),(34,61,4),(259,62,5),(72,69,4),(73,69,5),(240,71,5),(176,74,5),(188,77,5),(33,79,4),(202,81,4),(203,81,5),(180,83,5),(6,86,2),(272,90,4),(273,90,5),(82,91,5),(141,92,5),(35,95,5),(29,96,4),(30,96,5),(140,100,4),(112,101,4),(11,104,3),(88,107,5),(78,108,4),(79,108,5),(116,109,4),(25,110,2),(20,111,3),(93,112,5),(124,114,4),(125,114,5),(191,116,5),(44,118,4),(102,119,4),(151,121,5),(87,124,4),(165,125,5),(109,127,5),(185,131,4),(31,132,4),(32,132,5),(46,134,5),(56,136,5),(229,142,5),(38,145,4),(119,148,5),(138,149,4),(230,152,4),(1,155,2),(205,156,4),(206,156,5),(59,159,4),(60,159,5),(43,160,4),(197,162,4),(198,162,5),(36,164,5),(208,165,4),(209,165,5),(211,168,4),(212,168,5),(136,170,5),(51,173,4),(39,177,4),(40,177,5),(224,180,4),(225,180,5),(269,181,5),(265,184,4),(214,186,4),(215,186,5),(249,187,5),(17,189,3),(41,193,4),(120,194,4),(234,195,4),(235,195,5),(270,196,4),(271,199,4),(127,201,4),(128,201,5),(8,203,1),(219,207,4),(220,207,5),(221,208,5),(257,211,5),(64,214,4),(52,216,4),(53,216,5),(256,217,5),(186,218,5),(65,219,4),(66,219,5),(103,222,4),(104,222,5),(169,225,4),(170,225,5),(181,228,4),(182,228,5),(121,229,4),(114,231,4),(115,231,5),(262,232,5),(252,234,4),(253,234,5),(199,236,5),(54,237,4),(55,237,5),(92,239,5),(147,240,4),(148,240,5),(3,249,1),(227,251,4),(14,259,3),(267,261,4),(268,261,5),(42,263,4),(156,265,5),(16,269,1),(67,272,5),(195,274,4),(48,276,4),(49,276,5),(7,277,2),(189,285,4),(190,285,5),(183,289,5),(200,291,4),(201,291,5),(232,294,4),(233,294,5),(241,296,5),(45,298,5),(89,299,5),(250,303,4),(251,303,5),(248,305,4),(91,313,4),(177,315,4),(178,315,5),(63,316,4),(243,319,4),(139,320,4),(98,321,4),(99,321,5),(264,322,5),(4,325,1),(100,327,4),(101,327,5),(266,328,4),(207,329,4),(163,330,4),(164,330,5),(276,332,5),(122,333,4),(123,333,5),(23,337,1),(118,338,5),(246,339,4),(247,339,5),(242,340,4),(192,341,4),(142,342,4),(143,342,5),(226,344,4),(107,345,4),(108,345,5),(155,350,5),(131,351,4),(132,351,5),(117,352,5),(126,353,5),(13,367,2),(261,368,5),(254,372,4),(255,372,5),(50,373,5),(149,375,4),(150,375,5),(74,382,5),(27,386,5),(61,387,4),(62,387,5),(24,390,3),(236,391,5),(69,395,4),(171,396,4),(172,396,5),(162,398,4),(15,401,1),(110,402,4),(111,402,5),(18,403,2),(179,404,5),(223,406,4),(77,407,5),(21,409,3),(57,411,4),(58,411,5),(68,412,4),(80,413,4),(193,414,4),(194,414,5),(218,415,4),(129,417,4),(130,417,5),(135,418,4),(168,427,4),(113,428,5),(196,431,4),(274,438,4),(275,438,5),(9,439,1),(106,443,5),(85,444,4),(86,444,5),(5,447,3),(75,450,4),(76,450,5),(210,451,4),(83,454,4),(245,455,4),(157,457,4),(216,459,4),(217,459,5),(166,460,4),(260,461,4),(152,463,5),(10,469,2),(94,471,4),(95,471,5),(105,475,4),(160,480,4),(161,480,5),(167,484,5),(222,487,5),(204,490,4),(159,491,4),(19,493,2),(37,500,4),(173,501,4),(174,501,5);
/*!40000 ALTER TABLE `civicrm_entity_tag` ENABLE KEYS */;
UNLOCK TABLES;

--
-- Dumping data for table `civicrm_event`
--

LOCK TABLES `civicrm_event` WRITE;
/*!40000 ALTER TABLE `civicrm_event` DISABLE KEYS */;
INSERT INTO `civicrm_event` (`id`, `title`, `summary`, `description`, `event_type_id`, `participant_listing_id`, `is_public`, `start_date`, `end_date`, `is_online_registration`, `registration_link_text`, `registration_start_date`, `registration_end_date`, `max_participants`, `event_full_text`, `is_monetary`, `contribution_type_id`, `payment_processor_id`, `is_map`, `is_active`, `fee_label`, `is_show_location`, `loc_block_id`, `default_role_id`, `intro_text`, `footer_text`, `confirm_title`, `confirm_text`, `confirm_footer_text`, `is_email_confirm`, `confirm_email_text`, `confirm_from_name`, `confirm_from_email`, `cc_confirm`, `bcc_confirm`, `default_fee_id`, `default_discount_id`, `thankyou_title`, `thankyou_text`, `thankyou_footer_text`, `is_pay_later`, `pay_later_text`, `pay_later_receipt`, `is_multiple_registrations`, `allow_same_participant_emails`) VALUES (1,'Fall Fundraiser Dinner','Kick up your heels at our Fall Fundraiser Dinner/Dance at Glen Echo Park! Come by yourself or bring a partner, friend or the entire family!','This event benefits our teen programs. Admission includes a full 3 course meal and wine or soft drinks. Grab your dancing shoes, bring the kids and come join the party!',3,1,1,'2009-11-21 17:00:00','2009-11-21 23:00:00',1,'Register Now',NULL,NULL,100,'Sorry! The Fall Fundraiser Dinner is full. Please call Jane at 204 222-1000 ext 33 if you want to be added to the waiting list.',1,4,NULL,1,1,'Dinner Contribution',1,2,1,'Fill in the information below to join as at this wonderful dinner event.',NULL,'Confirm Your Registration Information','Review the information below carefully.',NULL,1,'Contact the Development Department if you need to make any changes to your registration.','Fundraising Dept.','development@example.org',NULL,NULL,250,NULL,'Thanks for Registering!','<p>Thank you for your support. Your contribution will help us build even better tools.</p><p>Please tell your friends and colleagues about this wonderful event.</p>','<p><a href=http://civicrm.org>Back to CiviCRM Home Page</a></p>',1,'I will send payment by check','Send a check payable to Our Organization within 3 business days to hold your reservation. Checks should be sent to: 100 Main St., Suite 3, San Francisco CA 94110',0,0),(2,'Summer Solstice Festival Day Concert','Festival Day is coming! Join us and help support your parks.','We will gather at noon, learn a song all together,  and then join in a joyous procession to the pavilion. We will be one of many groups performing at this wonderful concert which benefits our city parks.',5,1,1,'2009-01-01 12:00:00','2009-01-01 17:00:00',1,'Register Now',NULL,NULL,50,'We have all the singers we can handle. Come to the pavilion anyway and join in from the audience.',1,2,NULL,NULL,1,'Festival Fee',1,3,1,'Complete the form below and click Continue to register online for the festival. Or you can register by calling us at 204 222-1000 ext 22.','','Confirm Your Registration Information','','',1,'This email confirms your registration. If you have questions or need to change your registration - please do not hesitate to call us.','Event Dept.','events@example.org','',NULL,253,NULL,'Thanks for Your Joining In!','<p>Thank you for your support. Your participation will help build new parks.</p><p>Please tell your friends and colleagues about the concert.</p>','<p><a href=http://civicrm.org>Back to CiviCRM Home Page</a></p>',0,NULL,NULL,1,0),(3,'Rain-forest Cup Youth Soccer Tournament','Sign up your team to participate in this fun tournament which benefits several Rain-forest protection groups in the Amazon basin.','This is a FYSA Sanctioned Tournament, which is open to all USSF/FIFA affiliated organizations for boys and girls in age groups: U9-U10 (6v6), U11-U12 (8v8), and U13-U17 (Full Sided).',3,1,1,'2009-12-27 07:00:00','2009-12-29 17:00:00',1,'Register Now',NULL,NULL,500,'Sorry! All available team slots for this tournament have been filled. Contact Jill Futbol for information about the waiting list and next years event.',1,4,NULL,NULL,1,'Tournament Fees',1,4,1,'Complete the form below to register your team for this year\'s tournament.','<em>A Soccer Youth Event</em>','Review and Confirm Your Registration Information','','<em>A Soccer Youth Event</em>',1,'Contact our Tournament Director for eligibility details.','Tournament Director','tournament@example.org','',NULL,256,NULL,'Thanks for Your Support!','<p>Thank you for your support. Your participation will help save thousands of acres of rainforest.</p>','<p><a href=http://civicrm.org>Back to CiviCRM Home Page</a></p>',0,NULL,NULL,0,0);
/*!40000 ALTER TABLE `civicrm_event` ENABLE KEYS */;
UNLOCK TABLES;

--
-- Dumping data for table `civicrm_file`
--

LOCK TABLES `civicrm_file` WRITE;
/*!40000 ALTER TABLE `civicrm_file` DISABLE KEYS */;
/*!40000 ALTER TABLE `civicrm_file` ENABLE KEYS */;
UNLOCK TABLES;

--
-- Dumping data for table `civicrm_financial_trxn`
--

LOCK TABLES `civicrm_financial_trxn` WRITE;
/*!40000 ALTER TABLE `civicrm_financial_trxn` DISABLE KEYS */;
/*!40000 ALTER TABLE `civicrm_financial_trxn` ENABLE KEYS */;
UNLOCK TABLES;

--
-- Dumping data for table `civicrm_grant`
--

LOCK TABLES `civicrm_grant` WRITE;
/*!40000 ALTER TABLE `civicrm_grant` DISABLE KEYS */;
/*!40000 ALTER TABLE `civicrm_grant` ENABLE KEYS */;
UNLOCK TABLES;

--
-- Dumping data for table `civicrm_group`
--

LOCK TABLES `civicrm_group` WRITE;
/*!40000 ALTER TABLE `civicrm_group` DISABLE KEYS */;
INSERT INTO `civicrm_group` (`id`, `name`, `title`, `description`, `source`, `saved_search_id`, `is_active`, `visibility`, `where_clause`, `select_tables`, `where_tables`, `group_type`, `cache_date`, `parents`, `children`, `is_hidden`) VALUES (1,'Administrators','Administrators','Contacts in this group are assigned Administrator role permissions.',NULL,NULL,1,'User and User Admin Only',NULL,NULL,NULL,'1',NULL,NULL,NULL,0),(2,'Newsletter Subscribers','Newsletter Subscribers',NULL,NULL,NULL,1,'',' ( `civicrm_group_contact-2`.group_id IN ( 2 ) AND `civicrm_group_contact-2`.status IN (\"Added\") ) ','a:10:{s:15:\"civicrm_contact\";i:1;s:15:\"civicrm_address\";i:1;s:22:\"civicrm_state_province\";i:1;s:15:\"civicrm_country\";i:1;s:13:\"civicrm_email\";i:1;s:13:\"civicrm_phone\";i:1;s:10:\"civicrm_im\";i:1;s:19:\"civicrm_worldregion\";i:1;s:25:\"`civicrm_group_contact-2`\";s:114:\" LEFT JOIN civicrm_group_contact `civicrm_group_contact-2` ON contact_a.id = `civicrm_group_contact-2`.contact_id \";s:6:\"gender\";i:1;}','a:2:{s:15:\"civicrm_contact\";i:1;s:25:\"`civicrm_group_contact-2`\";s:114:\" LEFT JOIN civicrm_group_contact `civicrm_group_contact-2` ON contact_a.id = `civicrm_group_contact-2`.contact_id \";}','12',NULL,NULL,NULL,0),(3,'Summer Program Volunteers','Summer Program Volunteers',NULL,NULL,NULL,1,'',' ( `civicrm_group_contact-3`.group_id IN ( 3 ) AND `civicrm_group_contact-3`.status IN (\"Added\") ) ','a:10:{s:15:\"civicrm_contact\";i:1;s:15:\"civicrm_address\";i:1;s:22:\"civicrm_state_province\";i:1;s:15:\"civicrm_country\";i:1;s:13:\"civicrm_email\";i:1;s:13:\"civicrm_phone\";i:1;s:10:\"civicrm_im\";i:1;s:19:\"civicrm_worldregion\";i:1;s:25:\"`civicrm_group_contact-3`\";s:114:\" LEFT JOIN civicrm_group_contact `civicrm_group_contact-3` ON contact_a.id = `civicrm_group_contact-3`.contact_id \";s:6:\"gender\";i:1;}','a:2:{s:15:\"civicrm_contact\";i:1;s:25:\"`civicrm_group_contact-3`\";s:114:\" LEFT JOIN civicrm_group_contact `civicrm_group_contact-3` ON contact_a.id = `civicrm_group_contact-3`.contact_id \";}','12',NULL,NULL,NULL,0),(4,'Advisory Board','Advisory Board',NULL,NULL,NULL,1,'',' ( `civicrm_group_contact-4`.group_id IN ( 4 ) AND `civicrm_group_contact-4`.status IN (\"Added\") ) ','a:10:{s:15:\"civicrm_contact\";i:1;s:15:\"civicrm_address\";i:1;s:22:\"civicrm_state_province\";i:1;s:15:\"civicrm_country\";i:1;s:13:\"civicrm_email\";i:1;s:13:\"civicrm_phone\";i:1;s:10:\"civicrm_im\";i:1;s:19:\"civicrm_worldregion\";i:1;s:25:\"`civicrm_group_contact-4`\";s:114:\" LEFT JOIN civicrm_group_contact `civicrm_group_contact-4` ON contact_a.id = `civicrm_group_contact-4`.contact_id \";s:6:\"gender\";i:1;}','a:2:{s:15:\"civicrm_contact\";i:1;s:25:\"`civicrm_group_contact-4`\";s:114:\" LEFT JOIN civicrm_group_contact `civicrm_group_contact-4` ON contact_a.id = `civicrm_group_contact-4`.contact_id \";}','12',NULL,NULL,NULL,0);
/*!40000 ALTER TABLE `civicrm_group` ENABLE KEYS */;
UNLOCK TABLES;

--
-- Dumping data for table `civicrm_group_contact`
--

LOCK TABLES `civicrm_group_contact` WRITE;
/*!40000 ALTER TABLE `civicrm_group_contact` DISABLE KEYS */;
INSERT INTO `civicrm_group_contact` (`id`, `group_id`, `contact_id`, `status`, `location_id`, `email_id`) VALUES (1,2,59,'Added',NULL,NULL),(2,2,386,'Removed',NULL,NULL),(3,2,22,'Added',NULL,NULL),(4,2,183,'Added',NULL,NULL),(5,2,96,'Removed',NULL,NULL),(6,2,79,'Removed',NULL,NULL),(7,2,61,'Removed',NULL,NULL),(8,2,437,'Added',NULL,NULL),(9,2,182,'Added',NULL,NULL),(10,2,500,'Added',NULL,NULL),(11,2,436,'Added',NULL,NULL),(12,2,145,'Added',NULL,NULL),(13,2,163,'Removed',NULL,NULL),(14,2,177,'Added',NULL,NULL),(15,2,489,'Removed',NULL,NULL),(16,2,295,'Added',NULL,NULL),(17,2,263,'Removed',NULL,NULL),(18,2,266,'Added',NULL,NULL),(19,2,264,'Added',NULL,NULL),(20,2,118,'Added',NULL,NULL),(21,2,477,'Removed',NULL,NULL),(22,2,103,'Added',NULL,NULL),(23,2,134,'Removed',NULL,NULL),(24,2,12,'Added',NULL,NULL),(25,2,55,'Removed',NULL,NULL),(26,2,317,'Added',NULL,NULL),(27,2,360,'Added',NULL,NULL),(28,2,173,'Added',NULL,NULL),(29,2,446,'Removed',NULL,NULL),(30,2,216,'Removed',NULL,NULL),(31,2,301,'Added',NULL,NULL),(32,2,237,'Removed',NULL,NULL),(33,2,324,'Added',NULL,NULL),(34,2,136,'Removed',NULL,NULL),(35,2,466,'Added',NULL,NULL),(36,2,159,'Removed',NULL,NULL),(37,2,314,'Removed',NULL,NULL),(38,2,387,'Removed',NULL,NULL),(39,2,380,'Added',NULL,NULL),(40,2,214,'Added',NULL,NULL),(41,3,219,'Removed',NULL,NULL),(42,3,72,'Removed',NULL,NULL),(43,3,272,'Removed',NULL,NULL),(44,3,412,'Added',NULL,NULL),(45,3,395,'Added',NULL,NULL),(46,3,227,'Removed',NULL,NULL),(47,3,33,'Removed',NULL,NULL),(48,3,69,'Added',NULL,NULL),(49,3,146,'Removed',NULL,NULL),(50,3,382,'Added',NULL,NULL),(51,3,31,'Added',NULL,NULL),(52,3,450,'Added',NULL,NULL),(53,4,59,'Added',NULL,NULL),(54,4,99,'Added',NULL,NULL),(55,4,95,'Removed',NULL,NULL),(56,4,160,'Added',NULL,NULL);
/*!40000 ALTER TABLE `civicrm_group_contact` ENABLE KEYS */;
UNLOCK TABLES;

--
-- Dumping data for table `civicrm_group_contact_cache`
--

LOCK TABLES `civicrm_group_contact_cache` WRITE;
/*!40000 ALTER TABLE `civicrm_group_contact_cache` DISABLE KEYS */;
/*!40000 ALTER TABLE `civicrm_group_contact_cache` ENABLE KEYS */;
UNLOCK TABLES;

--
-- Dumping data for table `civicrm_group_nesting`
--

LOCK TABLES `civicrm_group_nesting` WRITE;
/*!40000 ALTER TABLE `civicrm_group_nesting` DISABLE KEYS */;
/*!40000 ALTER TABLE `civicrm_group_nesting` ENABLE KEYS */;
UNLOCK TABLES;

--
-- Dumping data for table `civicrm_group_organization`
--

LOCK TABLES `civicrm_group_organization` WRITE;
/*!40000 ALTER TABLE `civicrm_group_organization` DISABLE KEYS */;
/*!40000 ALTER TABLE `civicrm_group_organization` ENABLE KEYS */;
UNLOCK TABLES;

--
-- Dumping data for table `civicrm_im`
--

LOCK TABLES `civicrm_im` WRITE;
/*!40000 ALTER TABLE `civicrm_im` DISABLE KEYS */;
/*!40000 ALTER TABLE `civicrm_im` ENABLE KEYS */;
UNLOCK TABLES;

--
-- Dumping data for table `civicrm_line_item`
--

LOCK TABLES `civicrm_line_item` WRITE;
/*!40000 ALTER TABLE `civicrm_line_item` DISABLE KEYS */;
/*!40000 ALTER TABLE `civicrm_line_item` ENABLE KEYS */;
UNLOCK TABLES;

--
-- Dumping data for table `civicrm_loc_block`
--

LOCK TABLES `civicrm_loc_block` WRITE;
/*!40000 ALTER TABLE `civicrm_loc_block` DISABLE KEYS */;
INSERT INTO `civicrm_loc_block` (`id`, `address_id`, `email_id`, `phone_id`, `im_id`, `address_2_id`, `email_2_id`, `phone_2_id`, `im_2_id`) VALUES (1,1,1,1,NULL,NULL,NULL,NULL,NULL),(2,427,438,562,NULL,NULL,NULL,NULL,NULL),(3,428,439,563,NULL,NULL,NULL,NULL,NULL),(4,429,440,564,NULL,NULL,NULL,NULL,NULL);
/*!40000 ALTER TABLE `civicrm_loc_block` ENABLE KEYS */;
UNLOCK TABLES;

--
-- Dumping data for table `civicrm_location_type`
--

LOCK TABLES `civicrm_location_type` WRITE;
/*!40000 ALTER TABLE `civicrm_location_type` DISABLE KEYS */;
INSERT INTO `civicrm_location_type` (`id`, `name`, `vcard_name`, `description`, `is_reserved`, `is_active`, `is_default`) VALUES (1,'Home','HOME','Place of residence',0,1,1),(2,'Work','WORK','Work location',0,1,NULL),(3,'Main',NULL,'Main office location',0,1,NULL),(4,'Other',NULL,'Other location',0,1,NULL),(5,'Billing',NULL,'Billing Address location',1,1,NULL);
/*!40000 ALTER TABLE `civicrm_location_type` ENABLE KEYS */;
UNLOCK TABLES;

--
-- Dumping data for table `civicrm_log`
--

LOCK TABLES `civicrm_log` WRITE;
/*!40000 ALTER TABLE `civicrm_log` DISABLE KEYS */;
/*!40000 ALTER TABLE `civicrm_log` ENABLE KEYS */;
UNLOCK TABLES;

--
-- Dumping data for table `civicrm_mail_settings`
--

LOCK TABLES `civicrm_mail_settings` WRITE;
/*!40000 ALTER TABLE `civicrm_mail_settings` DISABLE KEYS */;
INSERT INTO `civicrm_mail_settings` (`id`, `name`, `is_default`, `domain`, `localpart`, `return_path`, `protocol`, `server`, `port`, `username`, `password`, `is_ssl`, `source`) VALUES (1,'default',1,'FIXME.ORG',NULL,NULL,NULL,NULL,NULL,NULL,NULL,NULL,NULL);
/*!40000 ALTER TABLE `civicrm_mail_settings` ENABLE KEYS */;
UNLOCK TABLES;

--
-- Dumping data for table `civicrm_mailing`
--

LOCK TABLES `civicrm_mailing` WRITE;
/*!40000 ALTER TABLE `civicrm_mailing` DISABLE KEYS */;
/*!40000 ALTER TABLE `civicrm_mailing` ENABLE KEYS */;
UNLOCK TABLES;

--
-- Dumping data for table `civicrm_mailing_bounce_pattern`
--

LOCK TABLES `civicrm_mailing_bounce_pattern` WRITE;
/*!40000 ALTER TABLE `civicrm_mailing_bounce_pattern` DISABLE KEYS */;
INSERT INTO `civicrm_mailing_bounce_pattern` (`id`, `bounce_type_id`, `pattern`) VALUES (1,1,'Client TOS Notification'),(2,2,'(be|am)? (out of|away from) (the|my)? (office|computer|town)'),(3,2,'i am on vacation'),(4,3,'name(server entry| lookup failure)'),(5,3,'no (mail server|matches to nameserver query|dns entries)'),(6,3,'reverse dns entry'),(7,4,'(unknown|not local) host'),(8,4,'all hosts have been failing'),(9,4,'allowed rcpthosts'),(10,4,'connection (refused|timed out)'),(11,4,'couldn\'t find any host named'),(12,4,'error involving remote host'),(13,4,'host unknown'),(14,4,'invalid host name'),(15,4,'isn\'t in my control/locals file'),(16,4,'local configuration error'),(17,4,'not a gateway'),(18,4,'server is down or unreachable'),(19,4,'too many connections'),(20,4,'unable to connect'),(21,5,'(my )?e-?mail( address)? has changed'),(22,5,'account (inactive|expired|deactivated)'),(23,5,'account is locked'),(24,5,'changed w+( e-?mail)? address'),(25,5,'deactivated mailbox'),(26,5,'disabled or discontinued'),(27,5,'inactive user'),(28,5,'is inactive on this domain'),(29,5,'mail receiving disabled'),(30,5,'mail( ?)address is administrative?ly disabled'),(31,5,'mailbox (temporarily disabled|currently suspended)'),(32,5,'no longer (accepting mail|on server|in use|with|employed|on staff|works for|using this account)'),(33,5,'not accepting mail'),(34,5,'please use my new e-?mail address'),(35,5,'this address no longer accepts mail'),(36,5,'user account suspended'),(37,6,'(user|recipient( name)?) is not recognized'),(38,6,'554 delivery error'),(39,6,'address does not exist'),(40,6,'address(es)? could not be found'),(41,6,'addressee unknown'),(42,6,'bad destination'),(43,6,'badly formatted address'),(44,6,'can\'t open mailbox for'),(45,6,'cannot deliver'),(46,6,'delivery to the following recipients failed'),(47,6,'destination addresses were unknown'),(48,6,'did not reach the following recipient'),(49,6,'does not exist'),(50,6,'does not like recipient'),(51,6,'does not specify a valid notes mail file'),(52,6,'illegal alias'),(53,6,'invalid (mailbox|(e-?mail )?address|recipient|final delivery)'),(54,6,'invalid( or unknown)?( virtual)? user'),(55,6,'mail delivery to this user is not allowed'),(56,6,'mailbox (not found|unavailable|name not allowed)'),(57,6,'message could not be forwarded'),(58,6,'missing or malformed local(-| )part'),(59,6,'no e-?mail address registered'),(60,6,'no such (mail drop|mailbox( w+)?|(e-?mail )?address|recipient|(local )?user)( here)?'),(61,6,'no mailbox here by that name'),(62,6,'not (listed in|found in directory|known at this site|our customer)'),(63,6,'not a valid( (user|mailbox))?'),(64,6,'not present in directory entry'),(65,6,'recipient (does not exist|(is )?unknown)'),(66,6,'this user doesn\'t have a yahoo.com address'),(67,6,'unavailable to take delivery of the message'),(68,6,'unavailable mailbox'),(69,6,'unknown (local( |-)part|recipient)'),(70,6,'unknown( or illegal)? user( account)?'),(71,6,'unrecognized recipient'),(72,6,'unregistered address'),(73,6,'user (unknown|does not exist)'),(74,6,'user doesn\'t have an? w+ account'),(75,6,'user(\'s e-?mail name is)? not found'),(76,7,'(mail|routing) loop'),(77,7,'excessive recursion'),(78,7,'loop detected'),(79,7,'maximum hop count exceeded'),(80,7,'message was forwarded more than the maximum allowed times'),(81,7,'too many hops'),(82,8,'(disk|over the allowed|exceed(ed|s)?|storage) quota'),(83,8,'522_mailbox_full'),(84,8,'exceeds allowed message count'),(85,8,'file too large'),(86,8,'full mailbox'),(87,8,'mailbox ((for user w+ )?is )?full'),(88,8,'mailbox has exceeded the limit'),(89,8,'mailbox( exceeds allowed)? size'),(90,8,'no space left for this user'),(91,8,'overs?quota'),(92,8,'quota (for the mailbox )?has been exceeded'),(93,8,'quota (usage|violation|exceeded)'),(94,8,'recipient storage full'),(95,8,'not able to receive more mail'),(96,9,'cannot find your hostname'),(97,9,'ip name lookup'),(98,9,'not configured to relay mail'),(99,9,'relay (not permitted|access denied)'),(100,9,'relayed mail to .+? not allowed'),(101,9,'sender ip must resolve'),(102,9,'unable to relay'),(103,10,'(bulk( e-?mail)|content|attachment blocking|virus|mail system) filters?'),(104,10,'(hostile|questionable|unacceptable) content'),(105,10,'address .+? has not been verified'),(106,10,'anti-?spam (policw+|software)'),(107,10,'anti-?virus gateway has detected'),(108,10,'blacklisted'),(109,10,'blocked message'),(110,10,'content control'),(111,10,'delivery not authorized'),(112,10,'does not conform to our e-?mail policy'),(113,10,'excessive spam content'),(114,10,'message looks suspicious'),(115,10,'open relay'),(116,10,'sender was rejected'),(117,10,'spam(check| reduction software| filters?)'),(118,10,'blocked by a user configured filter'),(119,10,'detected as spam'),(120,11,'nonstandard smtp line terminator'),(121,11,'syntax error in from address'),(122,11,'unknown smtp code');
/*!40000 ALTER TABLE `civicrm_mailing_bounce_pattern` ENABLE KEYS */;
UNLOCK TABLES;

--
-- Dumping data for table `civicrm_mailing_bounce_type`
--

LOCK TABLES `civicrm_mailing_bounce_type` WRITE;
/*!40000 ALTER TABLE `civicrm_mailing_bounce_type` DISABLE KEYS */;
INSERT INTO `civicrm_mailing_bounce_type` (`id`, `name`, `description`, `hold_threshold`) VALUES (1,'AOL','AOL Terms of Service complaint',1),(2,'Away','Recipient is on vacation',3),(3,'DNS','Unable to resolve recipient domain',3),(4,'Host','Unable to deliver to destintation mail server',3),(5,'Inactive','User account is no longer active',1),(6,'Invalid','Email address is not valid',1),(7,'Loop','Mail routing error',3),(8,'Quota','User inbox is full',3),(9,'Relay','Unable to reach destination mail server',3),(10,'Spam','Message caught by a content filter',1),(11,'Syntax','Error in SMTP transaction',3);
/*!40000 ALTER TABLE `civicrm_mailing_bounce_type` ENABLE KEYS */;
UNLOCK TABLES;

--
-- Dumping data for table `civicrm_mailing_component`
--

LOCK TABLES `civicrm_mailing_component` WRITE;
/*!40000 ALTER TABLE `civicrm_mailing_component` DISABLE KEYS */;
INSERT INTO `civicrm_mailing_component` (`id`, `name`, `component_type`, `subject`, `body_html`, `body_text`, `is_default`, `is_active`) VALUES (1,'Mailing Header','Header','Descriptive Title for this Header','Sample Header for HTML formatted content.','Sample Header for TEXT formatted content.',1,1),(2,'Mailing Footer','Footer','Descriptive Title for this Footer.','Sample Footer for HTML formatted content.','Sample Footer for TEXT formatted content.',1,1),(3,'Subscribe Message','Subscribe','Subscription Confirmation Request','You have a pending subscription to the {subscribe.group} mailing list. To confirm this subscription, reply to this email or click <a href=\"{subscribe.url}\">here</a>.','You have a pending subscription to the {subscribe.group} mailing list. To confirm this subscription, reply to this email or click on this link: {subscribe.url}',1,1),(4,'Welcome Message','Welcome','Your Subscription has been Activated','Welcome. Your subscription to the {welcome.group} mailing list has been activated.','Welcome. Your subscription to the {welcome.group} mailing list has been activated.',1,1),(5,'Unsubscribe Message','Unsubscribe','Un-subscribe Confirmation','You have been un-subscribed from the following groups: {unsubscribe.group}. You can re-subscribe by mailing {action.resubscribe} or clicking <a href=\"{action.resubscribeUrl}\">here</a>.','You have been un-subscribed from the following groups: {unsubscribe.group}. You can re-subscribe by mailing {action.resubscribe} or clicking {action.resubscribeUrl}',1,1),(6,'Resubscribe Message','Resubscribe','Re-subscribe Confirmation','You have been re-subscribed to the following groups: {resubscribe.group}. You can un-subscribe by mailing {action.unsubscribe} or clicking <a href=\"{action.unsubscribeUrl}\">here</a>.','You have been re-subscribed to the following groups: {resubscribe.group}. You can un-subscribe by mailing {action.unsubscribe} or clicking {action.unsubscribeUrl}',1,1),(7,'Opt-out Message','OptOut','Opt-out Confirmation','Your email address has been removed from {domain.name} mailing lists.','Your email address has been removed from {domain.name} mailing lists.',1,1),(8,'Auto-responder','Reply','Please Send Inquiries to Our Contact Email Address','This is an automated reply from an un-attended mailbox. Please send any inquiries to the contact email address listed on our web-site.','This is an automated reply from an un-attended mailbox. Please send any inquiries to the contact email address listed on our web-site.',1,1);
/*!40000 ALTER TABLE `civicrm_mailing_component` ENABLE KEYS */;
UNLOCK TABLES;

--
-- Dumping data for table `civicrm_mailing_event_bounce`
--

LOCK TABLES `civicrm_mailing_event_bounce` WRITE;
/*!40000 ALTER TABLE `civicrm_mailing_event_bounce` DISABLE KEYS */;
/*!40000 ALTER TABLE `civicrm_mailing_event_bounce` ENABLE KEYS */;
UNLOCK TABLES;

--
-- Dumping data for table `civicrm_mailing_event_confirm`
--

LOCK TABLES `civicrm_mailing_event_confirm` WRITE;
/*!40000 ALTER TABLE `civicrm_mailing_event_confirm` DISABLE KEYS */;
/*!40000 ALTER TABLE `civicrm_mailing_event_confirm` ENABLE KEYS */;
UNLOCK TABLES;

--
-- Dumping data for table `civicrm_mailing_event_delivered`
--

LOCK TABLES `civicrm_mailing_event_delivered` WRITE;
/*!40000 ALTER TABLE `civicrm_mailing_event_delivered` DISABLE KEYS */;
/*!40000 ALTER TABLE `civicrm_mailing_event_delivered` ENABLE KEYS */;
UNLOCK TABLES;

--
-- Dumping data for table `civicrm_mailing_event_forward`
--

LOCK TABLES `civicrm_mailing_event_forward` WRITE;
/*!40000 ALTER TABLE `civicrm_mailing_event_forward` DISABLE KEYS */;
/*!40000 ALTER TABLE `civicrm_mailing_event_forward` ENABLE KEYS */;
UNLOCK TABLES;

--
-- Dumping data for table `civicrm_mailing_event_opened`
--

LOCK TABLES `civicrm_mailing_event_opened` WRITE;
/*!40000 ALTER TABLE `civicrm_mailing_event_opened` DISABLE KEYS */;
/*!40000 ALTER TABLE `civicrm_mailing_event_opened` ENABLE KEYS */;
UNLOCK TABLES;

--
-- Dumping data for table `civicrm_mailing_event_queue`
--

LOCK TABLES `civicrm_mailing_event_queue` WRITE;
/*!40000 ALTER TABLE `civicrm_mailing_event_queue` DISABLE KEYS */;
/*!40000 ALTER TABLE `civicrm_mailing_event_queue` ENABLE KEYS */;
UNLOCK TABLES;

--
-- Dumping data for table `civicrm_mailing_event_reply`
--

LOCK TABLES `civicrm_mailing_event_reply` WRITE;
/*!40000 ALTER TABLE `civicrm_mailing_event_reply` DISABLE KEYS */;
/*!40000 ALTER TABLE `civicrm_mailing_event_reply` ENABLE KEYS */;
UNLOCK TABLES;

--
-- Dumping data for table `civicrm_mailing_event_subscribe`
--

LOCK TABLES `civicrm_mailing_event_subscribe` WRITE;
/*!40000 ALTER TABLE `civicrm_mailing_event_subscribe` DISABLE KEYS */;
/*!40000 ALTER TABLE `civicrm_mailing_event_subscribe` ENABLE KEYS */;
UNLOCK TABLES;

--
-- Dumping data for table `civicrm_mailing_event_trackable_url_open`
--

LOCK TABLES `civicrm_mailing_event_trackable_url_open` WRITE;
/*!40000 ALTER TABLE `civicrm_mailing_event_trackable_url_open` DISABLE KEYS */;
/*!40000 ALTER TABLE `civicrm_mailing_event_trackable_url_open` ENABLE KEYS */;
UNLOCK TABLES;

--
-- Dumping data for table `civicrm_mailing_event_unsubscribe`
--

LOCK TABLES `civicrm_mailing_event_unsubscribe` WRITE;
/*!40000 ALTER TABLE `civicrm_mailing_event_unsubscribe` DISABLE KEYS */;
/*!40000 ALTER TABLE `civicrm_mailing_event_unsubscribe` ENABLE KEYS */;
UNLOCK TABLES;

--
-- Dumping data for table `civicrm_mailing_group`
--

LOCK TABLES `civicrm_mailing_group` WRITE;
/*!40000 ALTER TABLE `civicrm_mailing_group` DISABLE KEYS */;
/*!40000 ALTER TABLE `civicrm_mailing_group` ENABLE KEYS */;
UNLOCK TABLES;

--
-- Dumping data for table `civicrm_mailing_job`
--

LOCK TABLES `civicrm_mailing_job` WRITE;
/*!40000 ALTER TABLE `civicrm_mailing_job` DISABLE KEYS */;
/*!40000 ALTER TABLE `civicrm_mailing_job` ENABLE KEYS */;
UNLOCK TABLES;

--
-- Dumping data for table `civicrm_mailing_spool`
--

LOCK TABLES `civicrm_mailing_spool` WRITE;
/*!40000 ALTER TABLE `civicrm_mailing_spool` DISABLE KEYS */;
/*!40000 ALTER TABLE `civicrm_mailing_spool` ENABLE KEYS */;
UNLOCK TABLES;

--
-- Dumping data for table `civicrm_mailing_trackable_url`
--

LOCK TABLES `civicrm_mailing_trackable_url` WRITE;
/*!40000 ALTER TABLE `civicrm_mailing_trackable_url` DISABLE KEYS */;
/*!40000 ALTER TABLE `civicrm_mailing_trackable_url` ENABLE KEYS */;
UNLOCK TABLES;

--
-- Dumping data for table `civicrm_mapping`
--

LOCK TABLES `civicrm_mapping` WRITE;
/*!40000 ALTER TABLE `civicrm_mapping` DISABLE KEYS */;
/*!40000 ALTER TABLE `civicrm_mapping` ENABLE KEYS */;
UNLOCK TABLES;

--
-- Dumping data for table `civicrm_mapping_field`
--

LOCK TABLES `civicrm_mapping_field` WRITE;
/*!40000 ALTER TABLE `civicrm_mapping_field` DISABLE KEYS */;
/*!40000 ALTER TABLE `civicrm_mapping_field` ENABLE KEYS */;
UNLOCK TABLES;

--
-- Dumping data for table `civicrm_membership`
--

LOCK TABLES `civicrm_membership` WRITE;
/*!40000 ALTER TABLE `civicrm_membership` DISABLE KEYS */;
INSERT INTO `civicrm_membership` (`id`, `contact_id`, `membership_type_id`, `join_date`, `start_date`, `end_date`, `source`, `status_id`, `is_override`, `reminder_date`, `owner_membership_id`, `is_test`, `is_pay_later`) VALUES (1,268,1,'2009-05-22','2009-05-22','2011-05-22','Donation',1,NULL,NULL,NULL,0,0),(2,273,2,'2009-05-21','2009-05-21','2010-05-21','Payment',1,NULL,NULL,NULL,0,0),(3,194,1,'2009-05-20','2009-05-20','2011-05-20','Donation',1,NULL,NULL,NULL,0,0),(4,333,2,'2009-05-19','2009-05-19','2010-05-19','Donation',1,NULL,NULL,NULL,0,0),(5,350,1,'2008-05-18','2008-05-18','2009-05-17','Check',3,NULL,NULL,NULL,0,0),(6,415,2,'2009-05-17','2009-05-17','2010-05-17','Check',1,NULL,NULL,NULL,0,0),(7,211,1,'2009-05-16','2009-05-16','2011-05-16','Check',1,NULL,NULL,NULL,0,0),(8,492,2,'2009-05-15','2009-05-15','2010-05-15','Check',1,NULL,NULL,NULL,0,0),(9,347,1,'2009-05-14','2009-05-14','2011-05-14','Check',1,NULL,NULL,NULL,0,0),(10,161,2,'2008-05-13','2008-05-13','2009-05-12','Payment',3,NULL,NULL,NULL,0,0),(11,79,3,'2009-05-12','2009-05-12',NULL,'Payment',1,NULL,NULL,NULL,0,0),(12,146,2,'2009-05-11','2009-05-11','2010-05-11','Donation',1,NULL,NULL,NULL,0,0),(13,285,1,'2009-05-10','2009-05-10','2011-05-10','Payment',1,NULL,NULL,NULL,0,0),(14,14,2,'2009-05-09','2009-05-09','2010-05-09','Donation',1,NULL,NULL,NULL,0,0),(15,55,1,'2007-01-30','2007-01-30','2009-01-29','Donation',4,NULL,NULL,NULL,0,0),(16,444,2,'2009-05-07','2009-05-07','2010-05-07','Donation',1,NULL,NULL,NULL,0,0),(17,313,1,'2009-05-06','2009-05-06','2011-05-06','Donation',1,NULL,NULL,NULL,0,0),(18,267,2,'2009-05-05','2009-05-05','2010-05-05','Payment',1,NULL,NULL,NULL,0,0),(19,296,1,'2009-05-04','2009-05-04','2011-05-04','Donation',1,NULL,NULL,NULL,0,0),(20,394,1,'2006-12-21','2006-12-21','2008-12-20','Donation',4,NULL,NULL,NULL,0,0),(21,482,1,'2009-05-02','2009-05-02','2011-05-02','Payment',1,NULL,NULL,NULL,0,0),(22,186,3,'2009-05-01','2009-05-01',NULL,'Donation',1,NULL,NULL,NULL,0,0),(23,201,1,'2009-04-30','2009-04-30','2011-04-30','Payment',1,NULL,NULL,NULL,0,0),(24,40,2,'2009-04-29','2009-04-29','2010-04-29','Payment',1,NULL,NULL,NULL,0,0),(25,173,1,'2008-04-28','2008-04-28','2009-04-27','Payment',3,NULL,NULL,NULL,0,0),(26,122,2,'2009-04-27','2009-04-27','2010-04-27','Check',1,NULL,NULL,NULL,0,0),(27,166,1,'2009-04-26','2009-04-26','2011-04-26','Donation',1,NULL,NULL,NULL,0,0),(28,428,2,'2009-04-25','2009-04-25','2010-04-25','Payment',1,NULL,NULL,NULL,0,0),(29,222,1,'2009-04-24','2009-04-24','2011-04-24','Donation',1,NULL,NULL,NULL,0,0),(30,424,1,'2006-10-02','2006-10-02','2008-10-01','Check',4,NULL,NULL,NULL,0,0);
/*!40000 ALTER TABLE `civicrm_membership` ENABLE KEYS */;
UNLOCK TABLES;

--
-- Dumping data for table `civicrm_membership_block`
--

LOCK TABLES `civicrm_membership_block` WRITE;
/*!40000 ALTER TABLE `civicrm_membership_block` DISABLE KEYS */;
INSERT INTO `civicrm_membership_block` (`id`, `entity_table`, `entity_id`, `membership_types`, `membership_type_default`, `display_min_fee`, `is_separate_payment`, `new_title`, `new_text`, `renewal_title`, `renewal_text`, `is_required`, `is_active`) VALUES (1,'civicrm_contribution_page',2,'1,2',1,1,NULL,'Membership Levels and Fees','Please select the appropriate membership level below. You will have a chance to review your selection and the corresponding dues on the next page prior to your credit card being charged.','Renew or Upgrade Your Membership','Information on your current membership level and expiration date is shown below. You may renew or upgrade at any time - but don\'t let your membership lapse!',1,1);
/*!40000 ALTER TABLE `civicrm_membership_block` ENABLE KEYS */;
UNLOCK TABLES;

--
-- Dumping data for table `civicrm_membership_log`
--

LOCK TABLES `civicrm_membership_log` WRITE;
/*!40000 ALTER TABLE `civicrm_membership_log` DISABLE KEYS */;
INSERT INTO `civicrm_membership_log` (`id`, `membership_id`, `status_id`, `start_date`, `end_date`, `modified_id`, `modified_date`, `renewal_reminder_date`) VALUES (1,1,1,'2009-05-22','2011-05-22',268,'2009-05-22',NULL),(2,2,1,'2009-05-21','2010-05-21',273,'2009-05-22',NULL),(3,3,1,'2009-05-20','2011-05-20',194,'2009-05-22',NULL),(4,4,1,'2009-05-19','2010-05-19',333,'2009-05-22',NULL),(5,5,3,'2008-05-18','2009-05-17',350,'2009-05-22',NULL),(6,6,1,'2009-05-17','2010-05-17',415,'2009-05-22',NULL),(7,7,1,'2009-05-16','2011-05-16',211,'2009-05-22',NULL),(8,8,1,'2009-05-15','2010-05-15',492,'2009-05-22',NULL),(9,9,1,'2009-05-14','2011-05-14',347,'2009-05-22',NULL),(10,10,3,'2008-05-13','2009-05-12',161,'2009-05-22',NULL),(11,11,1,'2009-05-12',NULL,79,'2009-05-22',NULL),(12,12,1,'2009-05-11','2010-05-11',146,'2009-05-22',NULL),(13,13,1,'2009-05-10','2011-05-10',285,'2009-05-22',NULL),(14,14,1,'2009-05-09','2010-05-09',14,'2009-05-22',NULL),(15,15,4,'2007-01-30','2009-01-29',55,'2009-05-22',NULL),(16,16,1,'2009-05-07','2010-05-07',444,'2009-05-22',NULL),(17,17,1,'2009-05-06','2011-05-06',313,'2009-05-22',NULL),(18,18,1,'2009-05-05','2010-05-05',267,'2009-05-22',NULL),(19,19,1,'2009-05-04','2011-05-04',296,'2009-05-22',NULL),(20,20,4,'2006-12-21','2008-12-20',394,'2009-05-22',NULL),(21,21,1,'2009-05-02','2011-05-02',482,'2009-05-22',NULL),(22,22,1,'2009-05-01',NULL,186,'2009-05-22',NULL),(23,23,1,'2009-04-30','2011-04-30',201,'2009-05-22',NULL),(24,24,1,'2009-04-29','2010-04-29',40,'2009-05-22',NULL),(25,25,3,'2008-04-28','2009-04-27',173,'2009-05-22',NULL),(26,26,1,'2009-04-27','2010-04-27',122,'2009-05-22',NULL),(27,27,1,'2009-04-26','2011-04-26',166,'2009-05-22',NULL),(28,28,1,'2009-04-25','2010-04-25',428,'2009-05-22',NULL),(29,29,1,'2009-04-24','2011-04-24',222,'2009-05-22',NULL),(30,30,4,'2006-10-02','2008-10-01',424,'2009-05-22',NULL);
/*!40000 ALTER TABLE `civicrm_membership_log` ENABLE KEYS */;
UNLOCK TABLES;

--
-- Dumping data for table `civicrm_membership_payment`
--

LOCK TABLES `civicrm_membership_payment` WRITE;
/*!40000 ALTER TABLE `civicrm_membership_payment` DISABLE KEYS */;
/*!40000 ALTER TABLE `civicrm_membership_payment` ENABLE KEYS */;
UNLOCK TABLES;

--
-- Dumping data for table `civicrm_membership_status`
--

LOCK TABLES `civicrm_membership_status` WRITE;
/*!40000 ALTER TABLE `civicrm_membership_status` DISABLE KEYS */;
INSERT INTO `civicrm_membership_status` (`id`, `name`, `start_event`, `start_event_adjust_unit`, `start_event_adjust_interval`, `end_event`, `end_event_adjust_unit`, `end_event_adjust_interval`, `is_current_member`, `is_admin`, `weight`, `is_default`, `is_active`, `is_reserved`) VALUES (1,'New','join_date',NULL,NULL,'join_date','month',3,1,0,1,0,1,0),(2,'Current','start_date',NULL,NULL,'end_date',NULL,NULL,1,0,2,1,1,0),(3,'Grace','end_date',NULL,NULL,'end_date','month',1,1,0,3,0,1,0),(4,'Expired','end_date','month',1,NULL,NULL,NULL,0,0,4,0,1,0),(5,'Pending','join_date',NULL,NULL,'join_date',NULL,NULL,0,0,5,0,1,1),(6,'Cancelled','join_date',NULL,NULL,'join_date',NULL,NULL,0,0,6,0,1,0),(7,'Deceased',NULL,NULL,NULL,NULL,NULL,NULL,0,1,7,0,1,1);
/*!40000 ALTER TABLE `civicrm_membership_status` ENABLE KEYS */;
UNLOCK TABLES;

--
-- Dumping data for table `civicrm_membership_type`
--

LOCK TABLES `civicrm_membership_type` WRITE;
/*!40000 ALTER TABLE `civicrm_membership_type` DISABLE KEYS */;
INSERT INTO `civicrm_membership_type` (`id`, `name`, `description`, `member_of_contact_id`, `contribution_type_id`, `minimum_fee`, `duration_unit`, `duration_interval`, `period_type`, `fixed_period_start_day`, `fixed_period_rollover_day`, `relationship_type_id`, `relationship_direction`, `visibility`, `weight`, `renewal_msg_id`, `renewal_reminder_day`, `receipt_text_signup`, `receipt_text_renewal`, `is_active`) VALUES (1,'General','Regular annual membership.',1,2,'100.00','year',2,'rolling',NULL,NULL,7,'b_a','Public',1,NULL,NULL,NULL,NULL,1),(2,'Student','Discount membership for full-time students.',1,1,'50.00','year',1,'rolling',NULL,NULL,NULL,NULL,'Public',2,NULL,NULL,NULL,NULL,1),(3,'Lifetime','Lifetime membership.',1,2,'1200.00','lifetime',1,'rolling',NULL,NULL,7,'b_a','Admin',3,NULL,NULL,NULL,NULL,1);
/*!40000 ALTER TABLE `civicrm_membership_type` ENABLE KEYS */;
UNLOCK TABLES;

--
-- Dumping data for table `civicrm_menu`
--

LOCK TABLES `civicrm_menu` WRITE;
/*!40000 ALTER TABLE `civicrm_menu` DISABLE KEYS */;
/*!40000 ALTER TABLE `civicrm_menu` ENABLE KEYS */;
UNLOCK TABLES;

--
-- Dumping data for table `civicrm_msg_template`
--

LOCK TABLES `civicrm_msg_template` WRITE;
/*!40000 ALTER TABLE `civicrm_msg_template` DISABLE KEYS */;
/*!40000 ALTER TABLE `civicrm_msg_template` ENABLE KEYS */;
UNLOCK TABLES;

--
-- Dumping data for table `civicrm_note`
--

LOCK TABLES `civicrm_note` WRITE;
/*!40000 ALTER TABLE `civicrm_note` DISABLE KEYS */;
INSERT INTO `civicrm_note` (`id`, `entity_table`, `entity_id`, `note`, `contact_id`, `modified_date`, `subject`) VALUES (1,'civicrm_contact',59,'Get the registration done for NGO status',1,'2008-12-06',NULL),(2,'civicrm_contact',468,'Get the registration done for NGO status',1,'2009-02-11',NULL),(3,'civicrm_contact',386,'Reminder screening of \"Black\" on next Friday',1,'2008-11-29',NULL),(4,'civicrm_contact',212,'Contact the Commisioner of Charities',1,'2009-04-17',NULL),(5,'civicrm_contact',22,'Chart out route map for next 10k run',1,'2009-03-29',NULL),(6,'civicrm_contact',183,'Invite members for the Steve Prefontaine 10k dream run',1,'2009-02-16',NULL),(7,'civicrm_contact',96,'Send reminder for annual dinner',1,'2008-08-22',NULL),(8,'civicrm_contact',99,'Arrange for cricket match with Sunil Gavaskar',1,'2008-08-07',NULL),(9,'civicrm_contact',132,'Arrange for cricket match with Sunil Gavaskar',1,'2009-04-30',NULL),(10,'civicrm_contact',47,'Arrange for cricket match with Sunil Gavaskar',1,'2008-11-30',NULL),(11,'civicrm_contact',79,'Connect for presentation',1,'2009-02-17',NULL),(12,'civicrm_contact',256,'Arrange collection of funds from members',1,'2008-06-22',NULL),(13,'civicrm_contact',61,'Send newsletter for April 2005',1,'2008-10-18',NULL),(14,'civicrm_contact',437,'Chart out route map for next 10k run',1,'2009-03-13',NULL),(15,'civicrm_contact',95,'Chart out route map for next 10k run',1,'2009-02-23',NULL),(16,'civicrm_contact',106,'Connect for presentation',1,'2008-11-10',NULL),(17,'civicrm_contact',164,'Get the registration done for NGO status',1,'2008-09-21',NULL),(18,'civicrm_contact',182,'Organize the Terry Fox run',1,'2008-12-15',NULL),(19,'civicrm_contact',500,'Arrange collection of funds from members',1,'2009-02-10',NULL),(20,'civicrm_contact',436,'Send reminder for annual dinner',1,'2009-05-02',NULL),(21,'civicrm_contact',145,'Arrange for cricket match with Sunil Gavaskar',1,'2008-10-27',NULL),(22,'civicrm_contact',163,'Chart out route map for next 10k run',1,'2009-03-07',NULL),(23,'civicrm_contact',177,'Chart out route map for next 10k run',1,'2009-01-13',NULL),(24,'civicrm_contact',489,'Connect for presentation',1,'2008-08-09',NULL),(25,'civicrm_contact',193,'Invite members for the Steve Prefontaine 10k dream run',1,'2008-07-06',NULL),(26,'civicrm_contact',295,'Reminder screening of \"Black\" on next Friday',1,'2008-08-26',NULL),(27,'civicrm_contact',263,'Connect for presentation',1,'2008-05-29',NULL),(28,'civicrm_contact',266,'Reminder screening of \"Black\" on next Friday',1,'2009-03-28',NULL),(29,'civicrm_contact',160,'Reminder screening of \"Black\" on next Friday',1,'2009-01-03',NULL),(30,'civicrm_contact',264,'Send newsletter for April 2005',1,'2008-12-22',NULL),(31,'civicrm_contact',118,'Send newsletter for April 2005',1,'2008-08-14',NULL),(32,'civicrm_contact',477,'Reminder screening of \"Black\" on next Friday',1,'2008-06-11',NULL),(33,'civicrm_contact',298,'Arrange collection of funds from members',1,'2008-08-31',NULL),(34,'civicrm_contact',103,'Reminder screening of \"Black\" on next Friday',1,'2008-08-04',NULL),(35,'civicrm_contact',134,'Arrange for cricket match with Sunil Gavaskar',1,'2008-10-08',NULL),(36,'civicrm_contact',12,'Send newsletter for April 2005',1,'2008-05-31',NULL),(37,'civicrm_contact',41,'Organize the Terry Fox run',1,'2008-09-18',NULL),(38,'civicrm_contact',55,'Send reminder for annual dinner',1,'2009-02-09',NULL),(39,'civicrm_contact',276,'Send reminder for annual dinner',1,'2008-08-14',NULL),(40,'civicrm_contact',317,'Contact the Commisioner of Charities',1,'2008-10-13',NULL),(41,'civicrm_contact',373,'Send reminder for annual dinner',1,'2009-05-16',NULL),(42,'civicrm_contact',173,'Organize the Terry Fox run',1,'2008-07-31',NULL),(43,'civicrm_contact',446,'Arrange for cricket match with Sunil Gavaskar',1,'2008-07-07',NULL),(44,'civicrm_contact',216,'Reminder screening of \"Black\" on next Friday',1,'2008-10-29',NULL),(45,'civicrm_contact',301,'Send newsletter for April 2005',1,'2009-05-09',NULL),(46,'civicrm_contact',237,'Get the registration done for NGO status',1,'2009-04-07',NULL),(47,'civicrm_contact',324,'Organize the Terry Fox run',1,'2009-02-10',NULL),(48,'civicrm_contact',136,'Invite members for the Steve Prefontaine 10k dream run',1,'2009-02-01',NULL),(49,'civicrm_contact',466,'Reminder screening of \"Black\" on next Friday',1,'2008-09-08',NULL),(50,'civicrm_contact',411,'Invite members for the Steve Prefontaine 10k dream run',1,'2008-09-11',NULL),(51,'civicrm_contact',254,'Send reminder for annual dinner',1,'2009-04-05',NULL),(52,'civicrm_contact',159,'Arrange collection of funds from members',1,'2008-06-28',NULL),(53,'civicrm_contact',314,'Organize the Terry Fox run',1,'2008-06-08',NULL),(54,'civicrm_contact',387,'Get the registration done for NGO status',1,'2008-07-29',NULL),(55,'civicrm_contact',359,'Get the registration done for NGO status',1,'2008-09-25',NULL),(56,'civicrm_contact',316,'Arrange for cricket match with Sunil Gavaskar',1,'2009-01-02',NULL),(57,'civicrm_contact',380,'Invite members for the Steve Prefontaine 10k dream run',1,'2008-12-31',NULL),(58,'civicrm_contact',214,'Reminder screening of \"Black\" on next Friday',1,'2009-04-16',NULL),(59,'civicrm_contact',138,'Arrange for cricket match with Sunil Gavaskar',1,'2009-02-14',NULL),(60,'civicrm_contact',219,'Arrange collection of funds from members',1,'2008-09-20',NULL),(61,'civicrm_contact',72,'Organize the Terry Fox run',1,'2009-02-25',NULL),(62,'civicrm_contact',272,'Connect for presentation',1,'2009-02-16',NULL),(63,'civicrm_contact',190,'Invite members for the Steve Prefontaine 10k dream run',1,'2009-01-17',NULL),(64,'civicrm_contact',412,'Send newsletter for April 2005',1,'2008-08-03',NULL),(65,'civicrm_contact',393,'Invite members for the Steve Prefontaine 10k dream run',1,'2008-06-24',NULL),(66,'civicrm_contact',395,'Reminder screening of \"Black\" on next Friday',1,'2008-07-07',NULL),(67,'civicrm_contact',227,'Organize the Terry Fox run',1,'2008-09-24',NULL),(68,'civicrm_contact',18,'Send reminder for annual dinner',1,'2008-10-10',NULL),(69,'civicrm_contact',33,'Send newsletter for April 2005',1,'2009-03-09',NULL),(70,'civicrm_contact',69,'Send newsletter for April 2005',1,'2009-03-27',NULL),(71,'civicrm_contact',146,'Send reminder for annual dinner',1,'2009-05-05',NULL),(72,'civicrm_contact',382,'Arrange collection of funds from members',1,'2009-03-02',NULL),(73,'civicrm_contact',31,'Organize the Terry Fox run',1,'2008-11-01',NULL),(74,'civicrm_contact',474,'Arrange for cricket match with Sunil Gavaskar',1,'2009-03-11',NULL),(75,'civicrm_contact',407,'Invite members for the Steve Prefontaine 10k dream run',1,'2008-09-02',NULL),(76,'civicrm_contact',113,'Chart out route map for next 10k run',1,'2008-08-01',NULL),(77,'civicrm_contact',108,'Arrange for cricket match with Sunil Gavaskar',1,'2008-11-16',NULL),(78,'civicrm_contact',495,'Invite members for the Steve Prefontaine 10k dream run',1,'2008-06-17',NULL),(79,'civicrm_contact',413,'Contact the Commisioner of Charities',1,'2009-03-04',NULL),(80,'civicrm_contact',476,'Arrange collection of funds from members',1,'2008-08-15',NULL),(81,'civicrm_contact',29,'Arrange collection of funds from members',1,'2008-09-10',NULL),(82,'civicrm_contact',349,'Organize the Terry Fox run',1,'2008-11-30',NULL),(83,'civicrm_contact',91,'Connect for presentation',1,'2008-07-04',NULL),(84,'civicrm_contact',308,'Reminder screening of \"Black\" on next Friday',1,'2008-06-29',NULL),(85,'civicrm_contact',454,'Get the registration done for NGO status',1,'2008-07-17',NULL),(86,'civicrm_contact',297,'Arrange collection of funds from members',1,'2008-09-29',NULL),(87,'civicrm_contact',34,'Arrange for cricket match with Sunil Gavaskar',1,'2008-06-03',NULL),(88,'civicrm_contact',282,'Get the registration done for NGO status',1,'2008-06-24',NULL),(89,'civicrm_contact',444,'Reminder screening of \"Black\" on next Friday',1,'2008-06-04',NULL),(90,'civicrm_contact',441,'Organize the Terry Fox run',1,'2008-11-10',NULL),(91,'civicrm_contact',124,'Reminder screening of \"Black\" on next Friday',1,'2008-11-30',NULL),(92,'civicrm_contact',179,'Contact the Commisioner of Charities',1,'2008-07-19',NULL),(93,'civicrm_contact',107,'Organize the Terry Fox run',1,'2008-10-08',NULL),(94,'civicrm_contact',371,'Get the registration done for NGO status',1,'2009-02-05',NULL),(95,'civicrm_contact',299,'Arrange for cricket match with Sunil Gavaskar',1,'2009-02-26',NULL),(96,'civicrm_contact',288,'Arrange collection of funds from members',1,'2008-12-06',NULL),(97,'civicrm_contact',14,'Contact the Commisioner of Charities',1,'2009-05-07',NULL),(98,'civicrm_contact',40,'Arrange collection of funds from members',1,'2008-11-13',NULL),(99,'civicrm_contact',313,'Reminder screening of \"Black\" on next Friday',1,'2008-12-16',NULL),(100,'civicrm_contact',363,'Arrange for cricket match with Sunil Gavaskar',1,'2009-01-23',NULL),(101,'civicrm_contact',239,'Send reminder for annual dinner',1,'2009-02-22',NULL),(102,'civicrm_contact',39,'Connect for presentation',1,'2009-05-07',NULL),(103,'civicrm_contact',112,'Arrange for cricket match with Sunil Gavaskar',1,'2009-01-25',NULL),(104,'civicrm_contact',137,'Contact the Commisioner of Charities',1,'2009-05-15',NULL),(105,'civicrm_contact',471,'Arrange collection of funds from members',1,'2009-03-12',NULL),(106,'civicrm_contact',241,'Arrange collection of funds from members',1,'2009-04-13',NULL),(107,'civicrm_contact',15,'Arrange for cricket match with Sunil Gavaskar',1,'2008-11-27',NULL),(108,'civicrm_contact',445,'Send reminder for annual dinner',1,'2009-02-01',NULL),(109,'civicrm_contact',321,'Connect for presentation',1,'2009-02-10',NULL),(110,'civicrm_contact',3,'Send reminder for annual dinner',1,'2008-11-22',NULL),(111,'civicrm_contact',327,'Reminder screening of \"Black\" on next Friday',1,'2008-12-30',NULL),(112,'civicrm_contact',128,'Arrange for cricket match with Sunil Gavaskar',1,'2008-12-11',NULL),(113,'civicrm_contact',119,'Chart out route map for next 10k run',1,'2008-11-05',NULL),(114,'civicrm_contact',243,'Invite members for the Steve Prefontaine 10k dream run',1,'2008-05-28',NULL),(115,'civicrm_contact',222,'Get the registration done for NGO status',1,'2009-04-06',NULL),(116,'civicrm_contact',252,'Reminder screening of \"Black\" on next Friday',1,'2008-09-04',NULL),(117,'civicrm_contact',475,'Get the registration done for NGO status',1,'2008-10-20',NULL),(118,'civicrm_contact',67,'Get the registration done for NGO status',1,'2008-12-14',NULL),(119,'civicrm_contact',443,'Invite members for the Steve Prefontaine 10k dream run',1,'2009-05-21',NULL),(120,'civicrm_contact',479,'Connect for presentation',1,'2009-04-29',NULL),(121,'civicrm_contact',345,'Reminder screening of \"Black\" on next Friday',1,'2008-06-24',NULL),(122,'civicrm_contact',292,'Organize the Terry Fox run',1,'2008-09-01',NULL),(123,'civicrm_contact',127,'Invite members for the Steve Prefontaine 10k dream run',1,'2009-05-20',NULL),(124,'civicrm_contact',20,'Send reminder for annual dinner',1,'2009-02-15',NULL),(125,'civicrm_contact',402,'Arrange collection of funds from members',1,'2009-03-30',NULL),(126,'civicrm_contact',28,'Chart out route map for next 10k run',1,'2008-06-30',NULL),(127,'civicrm_contact',101,'Send newsletter for April 2005',1,'2008-07-10',NULL),(128,'civicrm_contact',76,'Send newsletter for April 2005',1,'2009-04-13',NULL),(129,'civicrm_contact',428,'Send reminder for annual dinner',1,'2008-12-31',NULL),(130,'civicrm_contact',346,'Reminder screening of \"Black\" on next Friday',1,'2008-07-22',NULL),(131,'civicrm_contact',231,'Get the registration done for NGO status',1,'2009-05-14',NULL),(132,'civicrm_contact',85,'Arrange collection of funds from members',1,'2008-09-26',NULL),(133,'civicrm_contact',109,'Arrange collection of funds from members',1,'2008-06-21',NULL),(134,'civicrm_contact',374,'Arrange for cricket match with Sunil Gavaskar',1,'2008-12-21',NULL),(135,'civicrm_contact',352,'Get the registration done for NGO status',1,'2009-02-03',NULL),(136,'civicrm_contact',135,'Contact the Commisioner of Charities',1,'2008-10-03',NULL),(137,'civicrm_contact',338,'Connect for presentation',1,'2008-12-27',NULL),(138,'civicrm_contact',16,'Invite members for the Steve Prefontaine 10k dream run',1,'2009-02-28',NULL),(139,'civicrm_contact',148,'Get the registration done for NGO status',1,'2008-11-18',NULL),(140,'civicrm_contact',275,'Send reminder for annual dinner',1,'2008-12-11',NULL),(141,'civicrm_contact',194,'Get the registration done for NGO status',1,'2008-10-17',NULL),(142,'civicrm_contact',273,'Send reminder for annual dinner',1,'2008-12-23',NULL),(143,'civicrm_contact',229,'Arrange for cricket match with Sunil Gavaskar',1,'2009-05-02',NULL),(144,'civicrm_contact',361,'Get the registration done for NGO status',1,'2008-06-07',NULL),(145,'civicrm_contact',333,'Arrange for cricket match with Sunil Gavaskar',1,'2008-09-17',NULL),(146,'civicrm_contact',482,'Get the registration done for NGO status',1,'2009-04-23',NULL),(147,'civicrm_contact',114,'Send reminder for annual dinner',1,'2009-03-26',NULL),(148,'civicrm_contact',498,'Reminder screening of \"Black\" on next Friday',1,'2008-09-28',NULL),(149,'civicrm_contact',353,'Contact the Commisioner of Charities',1,'2008-12-04',NULL),(150,'civicrm_contact',48,'Send reminder for annual dinner',1,'2008-12-11',NULL),(151,'civicrm_contact',201,'Connect for presentation',1,'2008-09-22',NULL),(152,'civicrm_contact',379,'Chart out route map for next 10k run',1,'2008-08-09',NULL),(153,'civicrm_contact',417,'Chart out route map for next 10k run',1,'2008-11-05',NULL),(154,'civicrm_contact',147,'Arrange collection of funds from members',1,'2008-09-04',NULL),(155,'civicrm_contact',351,'Get the registration done for NGO status',1,'2009-03-27',NULL),(156,'civicrm_contact',17,'Invite members for the Steve Prefontaine 10k dream run',1,'2008-06-09',NULL),(157,'civicrm_contact',9,'Contact the Commisioner of Charities',1,'2008-12-31',NULL),(158,'civicrm_contact',63,'Arrange collection of funds from members',1,'2008-09-06',NULL),(159,'civicrm_contact',418,'Invite members for the Steve Prefontaine 10k dream run',1,'2008-11-09',NULL),(160,'civicrm_contact',213,'Get the registration done for NGO status',1,'2008-10-06',NULL),(161,'civicrm_contact',170,'Get the registration done for NGO status',1,'2008-09-13',NULL),(162,'civicrm_contact',38,'Invite members for the Steve Prefontaine 10k dream run',1,'2009-01-14',NULL),(163,'civicrm_contact',25,'Send newsletter for April 2005',1,'2009-02-25',NULL),(164,'civicrm_contact',384,'Send reminder for annual dinner',1,'2009-05-14',NULL),(165,'civicrm_contact',149,'Organize the Terry Fox run',1,'2008-09-19',NULL),(166,'civicrm_contact',65,'Connect for presentation',1,'2008-07-25',NULL),(167,'civicrm_contact',320,'Arrange collection of funds from members',1,'2008-06-15',NULL),(168,'civicrm_contact',358,'Send reminder for annual dinner',1,'2008-11-20',NULL),(169,'civicrm_contact',100,'Arrange for cricket match with Sunil Gavaskar',1,'2008-08-19',NULL),(170,'civicrm_contact',36,'Connect for presentation',1,'2008-10-16',NULL),(171,'civicrm_contact',92,'Contact the Commisioner of Charities',1,'2008-07-01',NULL),(172,'civicrm_contact',93,'Connect for presentation',1,'2008-09-19',NULL),(173,'civicrm_contact',342,'Contact the Commisioner of Charities',1,'2008-12-16',NULL),(174,'civicrm_contact',481,'Send reminder for annual dinner',1,'2008-11-27',NULL),(175,'civicrm_contact',46,'Send reminder for annual dinner',1,'2008-12-15',NULL),(176,'civicrm_contact',309,'Send reminder for annual dinner',1,'2008-06-06',NULL),(177,'civicrm_contact',51,'Connect for presentation',1,'2009-01-16',NULL),(178,'civicrm_contact',230,'Get the registration done for NGO status',1,'2008-08-25',NULL),(179,'civicrm_contact',247,'Arrange for cricket match with Sunil Gavaskar',1,'2009-01-09',NULL),(180,'civicrm_contact',375,'Get the registration done for NGO status',1,'2008-08-01',NULL),(181,'civicrm_contact',433,'Send reminder for annual dinner',1,'2008-08-06',NULL),(182,'civicrm_contact',121,'Arrange collection of funds from members',1,'2009-02-02',NULL),(183,'civicrm_contact',463,'Organize the Terry Fox run',1,'2009-02-10',NULL),(184,'civicrm_contact',426,'Chart out route map for next 10k run',1,'2009-04-22',NULL),(185,'civicrm_contact',42,'Connect for presentation',1,'2009-05-06',NULL),(186,'civicrm_contact',307,'Chart out route map for next 10k run',1,'2009-01-26',NULL),(187,'civicrm_contact',350,'Chart out route map for next 10k run',1,'2008-09-25',NULL),(188,'civicrm_contact',129,'Invite members for the Steve Prefontaine 10k dream run',1,'2008-06-23',NULL),(189,'civicrm_contact',265,'Organize the Terry Fox run',1,'2008-12-07',NULL),(190,'civicrm_contact',151,'Send newsletter for April 2005',1,'2009-01-30',NULL),(191,'civicrm_contact',457,'Send reminder for annual dinner',1,'2009-02-12',NULL),(192,'civicrm_contact',304,'Reminder screening of \"Black\" on next Friday',1,'2008-11-27',NULL),(193,'civicrm_contact',52,'Connect for presentation',1,'2008-06-08',NULL),(194,'civicrm_contact',73,'Reminder screening of \"Black\" on next Friday',1,'2008-11-06',NULL),(195,'civicrm_contact',491,'Reminder screening of \"Black\" on next Friday',1,'2009-02-07',NULL),(196,'civicrm_contact',75,'Invite members for the Steve Prefontaine 10k dream run',1,'2009-04-24',NULL),(197,'civicrm_contact',398,'Chart out route map for next 10k run',1,'2008-08-29',NULL),(198,'civicrm_contact',483,'Connect for presentation',1,'2008-07-22',NULL),(199,'civicrm_contact',355,'Reminder screening of \"Black\" on next Friday',1,'2008-06-30',NULL),(200,'civicrm_contact',125,'Chart out route map for next 10k run',1,'2008-06-05',NULL),(201,'civicrm_contact',419,'Connect for presentation',1,'2008-07-03',NULL),(202,'civicrm_contact',460,'Arrange for cricket match with Sunil Gavaskar',1,'2008-06-22',NULL),(203,'civicrm_contact',191,'Get the registration done for NGO status',1,'2008-08-17',NULL),(204,'civicrm_contact',484,'Arrange collection of funds from members',1,'2008-06-23',NULL),(205,'civicrm_contact',286,'Chart out route map for next 10k run',1,'2009-02-12',NULL),(206,'civicrm_contact',427,'Contact the Commisioner of Charities',1,'2008-10-11',NULL),(207,'civicrm_contact',370,'Invite members for the Steve Prefontaine 10k dream run',1,'2008-08-06',NULL),(208,'civicrm_contact',225,'Send reminder for annual dinner',1,'2008-12-11',NULL),(209,'civicrm_contact',144,'Connect for presentation',1,'2008-06-02',NULL),(210,'civicrm_contact',396,'Organize the Terry Fox run',1,'2009-02-16',NULL),(211,'civicrm_contact',284,'Contact the Commisioner of Charities',1,'2009-05-05',NULL),(212,'civicrm_contact',501,'Send reminder for annual dinner',1,'2008-06-14',NULL),(213,'civicrm_contact',122,'Send newsletter for April 2005',1,'2008-06-10',NULL),(214,'civicrm_contact',26,'Contact the Commisioner of Charities',1,'2008-08-24',NULL),(215,'civicrm_contact',6,'Chart out route map for next 10k run',1,'2008-10-16',NULL),(216,'civicrm_contact',74,'Organize the Terry Fox run',1,'2008-11-28',NULL),(217,'civicrm_contact',143,'Arrange collection of funds from members',1,'2009-05-21',NULL),(218,'civicrm_contact',315,'Invite members for the Steve Prefontaine 10k dream run',1,'2008-07-17',NULL),(219,'civicrm_contact',422,'Reminder screening of \"Black\" on next Friday',1,'2009-01-05',NULL),(220,'civicrm_contact',404,'Invite members for the Steve Prefontaine 10k dream run',1,'2008-08-16',NULL),(221,'civicrm_contact',378,'Reminder screening of \"Black\" on next Friday',1,'2009-03-12',NULL),(222,'civicrm_contact',83,'Arrange for cricket match with Sunil Gavaskar',1,'2008-08-10',NULL),(223,'civicrm_contact',336,'Arrange collection of funds from members',1,'2008-09-02',NULL),(224,'civicrm_contact',228,'Organize the Terry Fox run',1,'2008-09-11',NULL),(225,'civicrm_contact',84,'Arrange collection of funds from members',1,'2008-06-05',NULL),(226,'civicrm_contact',289,'Organize the Terry Fox run',1,'2008-09-14',NULL),(227,'civicrm_contact',226,'Reminder screening of \"Black\" on next Friday',1,'2008-10-07',NULL),(228,'civicrm_contact',13,'Arrange collection of funds from members',1,'2009-05-14',NULL),(229,'civicrm_contact',499,'Connect for presentation',1,'2009-04-21',NULL),(230,'civicrm_contact',131,'Arrange collection of funds from members',1,'2009-05-01',NULL),(231,'civicrm_contact',166,'Invite members for the Steve Prefontaine 10k dream run',1,'2008-06-22',NULL),(232,'civicrm_contact',218,'Chart out route map for next 10k run',1,'2008-08-18',NULL),(233,'civicrm_contact',456,'Get the registration done for NGO status',1,'2009-02-16',NULL),(234,'civicrm_contact',43,'Contact the Commisioner of Charities',1,'2009-03-15',NULL),(235,'civicrm_contact',235,'Send reminder for annual dinner',1,'2008-10-25',NULL),(236,'civicrm_contact',77,'Contact the Commisioner of Charities',1,'2009-03-09',NULL),(237,'civicrm_contact',19,'Organize the Terry Fox run',1,'2008-08-19',NULL),(238,'civicrm_contact',285,'Arrange for cricket match with Sunil Gavaskar',1,'2008-10-11',NULL),(239,'civicrm_contact',70,'Arrange collection of funds from members',1,'2008-11-27',NULL),(240,'civicrm_contact',116,'Reminder screening of \"Black\" on next Friday',1,'2008-08-28',NULL),(241,'civicrm_contact',220,'Chart out route map for next 10k run',1,'2008-06-19',NULL),(242,'civicrm_contact',341,'Reminder screening of \"Black\" on next Friday',1,'2009-04-30',NULL),(243,'civicrm_contact',442,'Connect for presentation',1,'2009-01-04',NULL),(244,'civicrm_contact',414,'Send reminder for annual dinner',1,'2008-08-12',NULL),(245,'civicrm_contact',123,'Organize the Terry Fox run',1,'2008-07-22',NULL),(246,'civicrm_contact',274,'Send newsletter for April 2005',1,'2008-10-15',NULL),(247,'civicrm_contact',89,'Connect for presentation',1,'2008-11-17',NULL),(248,'civicrm_contact',431,'Chart out route map for next 10k run',1,'2008-09-25',NULL),(249,'civicrm_contact',161,'Organize the Terry Fox run',1,'2008-12-25',NULL),(250,'civicrm_contact',162,'Organize the Terry Fox run',1,'2008-12-15',NULL),(251,'civicrm_contact',57,'Connect for presentation',1,'2009-01-21',NULL),(252,'civicrm_contact',236,'Chart out route map for next 10k run',1,'2008-07-05',NULL),(253,'civicrm_contact',2,'Contact the Commisioner of Charities',1,'2009-03-17',NULL),(254,'civicrm_contact',291,'Connect for presentation',1,'2008-11-05',NULL),(255,'civicrm_contact',306,'Arrange collection of funds from members',1,'2008-08-20',NULL),(256,'civicrm_contact',81,'Arrange collection of funds from members',1,'2008-08-14',NULL),(257,'civicrm_contact',78,'Reminder screening of \"Black\" on next Friday',1,'2008-12-11',NULL),(258,'civicrm_contact',490,'Connect for presentation',1,'2009-04-18',NULL),(259,'civicrm_contact',97,'Arrange collection of funds from members',1,'2008-09-01',NULL),(260,'civicrm_contact',156,'Connect for presentation',1,'2009-03-19',NULL),(261,'civicrm_contact',172,'Connect for presentation',1,'2008-09-27',NULL),(262,'civicrm_contact',329,'Arrange for cricket match with Sunil Gavaskar',1,'2009-01-15',NULL),(263,'civicrm_contact',255,'Chart out route map for next 10k run',1,'2009-01-16',NULL),(264,'civicrm_contact',165,'Chart out route map for next 10k run',1,'2009-01-27',NULL),(265,'civicrm_contact',451,'Invite members for the Steve Prefontaine 10k dream run',1,'2008-07-12',NULL),(266,'civicrm_contact',494,'Connect for presentation',1,'2008-09-10',NULL),(267,'civicrm_contact',168,'Connect for presentation',1,'2008-07-03',NULL),(268,'civicrm_contact',171,'Contact the Commisioner of Charities',1,'2009-03-09',NULL),(269,'civicrm_contact',5,'Reminder screening of \"Black\" on next Friday',1,'2008-06-19',NULL),(270,'civicrm_contact',448,'Organize the Terry Fox run',1,'2008-10-12',NULL),(271,'civicrm_contact',186,'Get the registration done for NGO status',1,'2008-06-09',NULL),(272,'civicrm_contact',221,'Chart out route map for next 10k run',1,'2008-07-27',NULL),(273,'civicrm_contact',459,'Invite members for the Steve Prefontaine 10k dream run',1,'2009-01-19',NULL),(274,'civicrm_contact',248,'Connect for presentation',1,'2008-09-13',NULL),(275,'civicrm_contact',415,'Invite members for the Steve Prefontaine 10k dream run',1,'2009-03-20',NULL),(276,'civicrm_contact',425,'Invite members for the Steve Prefontaine 10k dream run',1,'2009-04-11',NULL),(277,'civicrm_contact',207,'Reminder screening of \"Black\" on next Friday',1,'2008-08-24',NULL),(278,'civicrm_contact',130,'Send reminder for annual dinner',1,'2008-12-13',NULL),(279,'civicrm_contact',208,'Get the registration done for NGO status',1,'2009-01-05',NULL),(280,'civicrm_contact',366,'Arrange collection of funds from members',1,'2009-03-08',NULL),(281,'civicrm_contact',487,'Invite members for the Steve Prefontaine 10k dream run',1,'2009-04-16',NULL),(282,'civicrm_contact',258,'Connect for presentation',1,'2009-03-19',NULL),(283,'civicrm_contact',406,'Organize the Terry Fox run',1,'2008-06-13',NULL),(284,'civicrm_contact',204,'Chart out route map for next 10k run',1,'2008-08-29',NULL),(285,'civicrm_contact',279,'Get the registration done for NGO status',1,'2008-11-30',NULL),(286,'civicrm_contact',344,'Reminder screening of \"Black\" on next Friday',1,'2008-12-08',NULL),(287,'civicrm_contact',354,'Arrange for cricket match with Sunil Gavaskar',1,'2008-11-10',NULL),(288,'civicrm_contact',251,'Arrange collection of funds from members',1,'2009-04-29',NULL),(289,'civicrm_contact',192,'Connect for presentation',1,'2008-10-18',NULL),(290,'civicrm_contact',11,'Send newsletter for April 2005',1,'2009-04-11',NULL),(291,'civicrm_contact',126,'Organize the Terry Fox run',1,'2009-02-08',NULL),(292,'civicrm_contact',142,'Send newsletter for April 2005',1,'2008-06-29',NULL),(293,'civicrm_contact',175,'Organize the Terry Fox run',1,'2008-11-16',NULL),(294,'civicrm_contact',152,'Invite members for the Steve Prefontaine 10k dream run',1,'2009-02-27',NULL),(295,'civicrm_contact',467,'Reminder screening of \"Black\" on next Friday',1,'2008-09-28',NULL),(296,'civicrm_contact',7,'Send newsletter for April 2005',1,'2008-06-09',NULL),(297,'civicrm_contact',394,'Reminder screening of \"Black\" on next Friday',1,'2009-05-11',NULL),(298,'civicrm_contact',294,'Send newsletter for April 2005',1,'2009-01-03',NULL),(299,'civicrm_contact',318,'Connect for presentation',1,'2009-04-30',NULL),(300,'civicrm_contact',195,'Chart out route map for next 10k run',1,'2009-03-10',NULL),(301,'civicrm_contact',323,'Get the registration done for NGO status',1,'2009-02-16',NULL),(302,'civicrm_contact',391,'Send newsletter for April 2005',1,'2008-06-16',NULL),(303,'civicrm_contact',244,'Arrange collection of funds from members',1,'2008-12-02',NULL),(304,'civicrm_contact',50,'Reminder screening of \"Black\" on next Friday',1,'2008-06-29',NULL),(305,'civicrm_contact',347,'Organize the Terry Fox run',1,'2008-12-26',NULL),(306,'civicrm_contact',54,'Send newsletter for April 2005',1,'2009-03-05',NULL),(307,'civicrm_contact',435,'Reminder screening of \"Black\" on next Friday',1,'2008-06-01',NULL),(308,'civicrm_contact',71,'Chart out route map for next 10k run',1,'2009-01-25',NULL),(309,'civicrm_contact',416,'Send reminder for annual dinner',1,'2008-07-10',NULL),(310,'civicrm_contact',296,'Arrange for cricket match with Sunil Gavaskar',1,'2009-02-27',NULL),(311,'civicrm_contact',174,'Connect for presentation',1,'2009-01-05',NULL),(312,'civicrm_contact',340,'Arrange collection of funds from members',1,'2008-09-01',NULL),(313,'civicrm_contact',362,'Send reminder for annual dinner',1,'2009-05-13',NULL),(314,'civicrm_contact',319,'Send newsletter for April 2005',1,'2008-12-11',NULL),(315,'civicrm_contact',492,'Invite members for the Steve Prefontaine 10k dream run',1,'2009-02-14',NULL),(316,'civicrm_contact',35,'Contact the Commisioner of Charities',1,'2008-11-17',NULL),(317,'civicrm_contact',24,'Chart out route map for next 10k run',1,'2009-01-28',NULL),(318,'civicrm_contact',455,'Connect for presentation',1,'2009-01-24',NULL),(319,'civicrm_contact',408,'Send reminder for annual dinner',1,'2008-11-27',NULL),(320,'civicrm_contact',339,'Arrange collection of funds from members',1,'2009-01-10',NULL),(321,'civicrm_contact',153,'Contact the Commisioner of Charities',1,'2009-04-27',NULL),(322,'civicrm_contact',305,'Arrange collection of funds from members',1,'2008-08-19',NULL),(323,'civicrm_contact',343,'Send reminder for annual dinner',1,'2009-02-09',NULL),(324,'civicrm_contact',187,'Chart out route map for next 10k run',1,'2008-11-19',NULL),(325,'civicrm_contact',440,'Send reminder for annual dinner',1,'2008-10-23',NULL),(326,'civicrm_contact',303,'Reminder screening of \"Black\" on next Friday',1,'2008-12-20',NULL),(327,'civicrm_contact',267,'Connect for presentation',1,'2009-04-04',NULL),(328,'civicrm_contact',234,'Reminder screening of \"Black\" on next Friday',1,'2009-03-26',NULL),(329,'civicrm_contact',58,'Arrange collection of funds from members',1,'2008-10-25',NULL),(330,'civicrm_contact',372,'Get the registration done for NGO status',1,'2008-12-24',NULL),(331,'civicrm_contact',290,'Connect for presentation',1,'2009-02-21',NULL),(332,'civicrm_contact',217,'Connect for presentation',1,'2009-01-01',NULL),(333,'civicrm_contact',206,'Invite members for the Steve Prefontaine 10k dream run',1,'2008-06-23',NULL),(334,'civicrm_contact',211,'Chart out route map for next 10k run',1,'2009-02-22',NULL),(335,'civicrm_contact',21,'Send newsletter for April 2005',1,'2008-05-31',NULL),(336,'civicrm_contact',53,'Send newsletter for April 2005',1,'2009-05-13',NULL),(337,'civicrm_contact',473,'Send newsletter for April 2005',1,'2008-10-24',NULL),(338,'civicrm_contact',62,'Chart out route map for next 10k run',1,'2008-09-04',NULL),(339,'civicrm_contact',238,'Reminder screening of \"Black\" on next Friday',1,'2008-06-13',NULL),(340,'civicrm_contact',461,'Send reminder for annual dinner',1,'2009-04-16',NULL),(341,'civicrm_contact',368,'Arrange for cricket match with Sunil Gavaskar',1,'2008-08-25',NULL),(342,'civicrm_contact',158,'Reminder screening of \"Black\" on next Friday',1,'2009-01-26',NULL),(343,'civicrm_contact',232,'Send newsletter for April 2005',1,'2008-12-30',NULL),(344,'civicrm_contact',458,'Contact the Commisioner of Charities',1,'2008-12-27',NULL),(345,'civicrm_contact',32,'Connect for presentation',1,'2008-09-21',NULL),(346,'civicrm_contact',400,'Invite members for the Steve Prefontaine 10k dream run',1,'2008-11-20',NULL),(347,'civicrm_contact',322,'Organize the Terry Fox run',1,'2008-09-17',NULL),(348,'civicrm_contact',421,'Contact the Commisioner of Charities',1,'2008-10-16',NULL),(349,'civicrm_contact',184,'Arrange for cricket match with Sunil Gavaskar',1,'2008-09-22',NULL),(350,'civicrm_contact',410,'Connect for presentation',1,'2008-09-04',NULL),(351,'civicrm_contact',328,'Arrange collection of funds from members',1,'2009-01-04',NULL),(352,'civicrm_contact',268,'Invite members for the Steve Prefontaine 10k dream run',1,'2009-05-02',NULL),(353,'civicrm_contact',261,'Connect for presentation',1,'2009-04-30',NULL),(354,'civicrm_contact',280,'Contact the Commisioner of Charities',1,'2009-03-07',NULL),(355,'civicrm_contact',181,'Send newsletter for April 2005',1,'2008-09-05',NULL),(356,'civicrm_contact',196,'Send reminder for annual dinner',1,'2008-08-11',NULL),(357,'civicrm_contact',311,'Organize the Terry Fox run',1,'2009-02-26',NULL),(358,'civicrm_contact',199,'Arrange collection of funds from members',1,'2009-04-24',NULL),(359,'civicrm_contact',424,'Chart out route map for next 10k run',1,'2008-06-15',NULL),(360,'civicrm_contact',215,'Invite members for the Steve Prefontaine 10k dream run',1,'2009-04-19',NULL),(361,'civicrm_contact',438,'Invite members for the Steve Prefontaine 10k dream run',1,'2008-12-21',NULL),(362,'civicrm_contact',105,'Invite members for the Steve Prefontaine 10k dream run',1,'2009-05-06',NULL),(363,'civicrm_contact',332,'Connect for presentation',1,'2009-01-17',NULL),(364,'civicrm_contact',178,'Chart out route map for next 10k run',1,'2008-09-15',NULL),(365,'civicrm_contact',293,'Get the registration done for NGO status',1,'2008-07-15',NULL),(366,'civicrm_contact',4,'Get the registration done for NGO status',1,'2009-04-06',NULL),(367,'civicrm_contact',49,'Invite members for the Steve Prefontaine 10k dream run',1,'2008-06-15',NULL),(368,'civicrm_contact',45,'Send newsletter for April 2005',1,'2008-06-17',NULL),(369,'civicrm_contact',198,'Send newsletter for April 2005',1,'2009-01-29',NULL),(370,'civicrm_contact',246,'Reminder screening of \"Black\" on next Friday',1,'2008-12-03',NULL),(371,'civicrm_contact',139,'Send newsletter for April 2005',1,'2008-06-08',NULL),(372,'civicrm_contact',376,'Reminder screening of \"Black\" on next Friday',1,'2008-09-17',NULL),(373,'civicrm_contact',8,'Chart out route map for next 10k run',1,'2008-05-25',NULL),(374,'civicrm_contact',310,'Invite members for the Steve Prefontaine 10k dream run',1,'2008-11-26',NULL),(375,'civicrm_contact',66,'Contact the Commisioner of Charities',1,'2008-11-11',NULL),(376,'civicrm_contact',133,'Chart out route map for next 10k run',1,'2008-06-14',NULL),(377,'civicrm_contact',302,'Send newsletter for April 2005',1,'2008-06-02',NULL),(378,'civicrm_contact',331,'Send newsletter for April 2005',1,'2008-07-21',NULL),(379,'civicrm_contact',56,'Send reminder for annual dinner',1,'2009-05-22',NULL),(380,'civicrm_contact',98,'Contact the Commisioner of Charities',1,'2009-02-17',NULL),(381,'civicrm_contact',486,'Contact the Commisioner of Charities',1,'2008-10-06',NULL),(382,'civicrm_contact',94,'Arrange for cricket match with Sunil Gavaskar',1,'2009-01-28',NULL),(383,'civicrm_contact',485,'Reminder screening of \"Black\" on next Friday',1,'2008-09-16',NULL),(384,'civicrm_contact',449,'Send reminder for annual dinner',1,'2009-04-28',NULL),(385,'civicrm_contact',348,'Arrange for cricket match with Sunil Gavaskar',1,'2008-07-02',NULL),(386,'civicrm_contact',242,'Send reminder for annual dinner',1,'2009-03-31',NULL),(387,'civicrm_contact',385,'Chart out route map for next 10k run',1,'2008-11-03',NULL),(388,'civicrm_contact',87,'Send newsletter for April 2005',1,'2009-02-13',NULL),(389,'civicrm_contact',388,'Invite members for the Steve Prefontaine 10k dream run',1,'2008-11-01',NULL),(390,'civicrm_contact',488,'Reminder screening of \"Black\" on next Friday',1,'2008-07-19',NULL),(391,'civicrm_contact',397,'Send newsletter for April 2005',1,'2008-10-29',NULL),(392,'civicrm_contact',470,'Get the registration done for NGO status',1,'2009-02-13',NULL),(393,'civicrm_contact',357,'Reminder screening of \"Black\" on next Friday',1,'2008-12-09',NULL),(394,'civicrm_contact',141,'Chart out route map for next 10k run',1,'2008-06-04',NULL),(395,'civicrm_contact',271,'Organize the Terry Fox run',1,'2009-01-27',NULL),(396,'civicrm_contact',202,'Send reminder for annual dinner',1,'2009-03-27',NULL),(397,'civicrm_contact',434,'Arrange for cricket match with Sunil Gavaskar',1,'2008-06-05',NULL),(398,'civicrm_contact',312,'Connect for presentation',1,'2009-03-10',NULL),(399,'civicrm_contact',224,'Contact the Commisioner of Charities',1,'2008-10-23',NULL),(400,'civicrm_contact',478,'Arrange collection of funds from members',1,'2008-09-17',NULL),(401,'civicrm_contact',233,'Invite members for the Steve Prefontaine 10k dream run',1,'2008-08-05',NULL),(402,'civicrm_contact',496,'Get the registration done for NGO status',1,'2008-12-26',NULL),(403,'civicrm_contact',430,'Get the registration done for NGO status',1,'2008-09-03',NULL),(404,'civicrm_contact',176,'Reminder screening of \"Black\" on next Friday',1,'2008-12-02',NULL),(405,'civicrm_contact',167,'Chart out route map for next 10k run',1,'2008-07-21',NULL),(406,'civicrm_contact',429,'Invite members for the Steve Prefontaine 10k dream run',1,'2008-11-15',NULL),(407,'civicrm_contact',223,'Invite members for the Steve Prefontaine 10k dream run',1,'2008-10-16',NULL),(408,'civicrm_contact',365,'Chart out route map for next 10k run',1,'2009-01-19',NULL),(409,'civicrm_contact',383,'Send reminder for annual dinner',1,'2009-03-23',NULL),(410,'civicrm_contact',253,'Chart out route map for next 10k run',1,'2009-05-18',NULL),(411,'civicrm_contact',334,'Get the registration done for NGO status',1,'2008-06-23',NULL),(412,'civicrm_contact',157,'Arrange collection of funds from members',1,'2008-12-17',NULL),(413,'civicrm_contact',23,'Connect for presentation',1,'2008-07-13',NULL),(414,'civicrm_contact',472,'Send newsletter for April 2005',1,'2008-08-30',NULL),(415,'civicrm_contact',283,'Invite members for the Steve Prefontaine 10k dream run',1,'2009-05-22',NULL),(416,'civicrm_contact',464,'Chart out route map for next 10k run',1,'2008-08-31',NULL),(417,'civicrm_contact',117,'Arrange collection of funds from members',1,'2008-08-12',NULL),(418,'civicrm_contact',102,'Get the registration done for NGO status',1,'2008-09-24',NULL),(419,'civicrm_contact',200,'Get the registration done for NGO status',1,'2008-10-18',NULL),(420,'civicrm_contact',356,'Send newsletter for April 2005',1,'2008-12-24',NULL),(421,'civicrm_contact',278,'Reminder screening of \"Black\" on next Friday',1,'2009-04-18',NULL),(422,'civicrm_contact',369,'Organize the Terry Fox run',1,'2009-01-24',NULL),(423,'civicrm_contact',169,'Reminder screening of \"Black\" on next Friday',1,'2009-05-19',NULL),(424,'civicrm_contact',377,'Chart out route map for next 10k run',1,'2008-09-04',NULL),(425,'civicrm_contact',399,'Contact the Commisioner of Charities',1,'2008-11-26',NULL),(426,'civicrm_contact',381,'Invite members for the Steve Prefontaine 10k dream run',1,'2009-04-04',NULL),(427,'civicrm_contact',88,'Get the registration done for NGO status',1,'2008-09-24',NULL),(428,'civicrm_contact',326,'Organize the Terry Fox run',1,'2008-11-08',NULL),(429,'civicrm_contact',453,'Reminder screening of \"Black\" on next Friday',1,'2008-11-20',NULL),(430,'civicrm_contact',64,'Organize the Terry Fox run',1,'2009-05-02',NULL),(431,'civicrm_contact',185,'Send newsletter for April 2005',1,'2008-12-22',NULL),(432,'civicrm_contact',82,'Organize the Terry Fox run',1,'2009-04-18',NULL),(433,'civicrm_contact',80,'Reminder screening of \"Black\" on next Friday',1,'2008-09-02',NULL),(434,'civicrm_contact',392,'Invite members for the Steve Prefontaine 10k dream run',1,'2008-12-07',NULL),(435,'civicrm_contact',465,'Chart out route map for next 10k run',1,'2008-06-26',NULL),(436,'civicrm_contact',155,'Send reminder for annual dinner',1,'2008-08-07',NULL),(437,'civicrm_contact',423,'Organize the Terry Fox run',1,'2008-07-24',NULL),(438,'civicrm_contact',37,'Contact the Commisioner of Charities',1,'2008-07-08',NULL),(439,'civicrm_contact',245,'Send reminder for annual dinner',1,'2008-12-22',NULL),(440,'civicrm_contact',249,'Get the registration done for NGO status',1,'2008-10-22',NULL),(441,'civicrm_contact',250,'Send reminder for annual dinner',1,'2008-11-20',NULL),(442,'civicrm_contact',325,'Reminder screening of \"Black\" on next Friday',1,'2009-02-25',NULL),(443,'civicrm_contact',188,'Organize the Terry Fox run',1,'2008-06-26',NULL),(444,'civicrm_contact',447,'Send newsletter for April 2005',1,'2008-06-09',NULL),(445,'civicrm_contact',197,'Chart out route map for next 10k run',1,'2008-11-12',NULL),(446,'civicrm_contact',86,'Send newsletter for April 2005',1,'2008-08-07',NULL),(447,'civicrm_contact',209,'Arrange for cricket match with Sunil Gavaskar',1,'2008-06-12',NULL),(448,'civicrm_contact',277,'Send reminder for annual dinner',1,'2009-04-10',NULL),(449,'civicrm_contact',287,'Arrange collection of funds from members',1,'2009-05-19',NULL),(450,'civicrm_contact',203,'Contact the Commisioner of Charities',1,'2009-03-11',NULL),(451,'civicrm_contact',364,'Invite members for the Steve Prefontaine 10k dream run',1,'2008-10-03',NULL),(452,'civicrm_contact',439,'Arrange collection of funds from members',1,'2008-12-24',NULL),(453,'civicrm_contact',205,'Chart out route map for next 10k run',1,'2008-09-13',NULL),(454,'civicrm_contact',469,'Chart out route map for next 10k run',1,'2008-11-03',NULL),(455,'civicrm_contact',335,'Invite members for the Steve Prefontaine 10k dream run',1,'2008-08-17',NULL),(456,'civicrm_contact',104,'Organize the Terry Fox run',1,'2008-10-26',NULL),(457,'civicrm_contact',432,'Get the registration done for NGO status',1,'2008-11-04',NULL),(458,'civicrm_contact',27,'Chart out route map for next 10k run',1,'2009-05-07',NULL),(459,'civicrm_contact',154,'Contact the Commisioner of Charities',1,'2008-12-07',NULL),(460,'civicrm_contact',367,'Reminder screening of \"Black\" on next Friday',1,'2009-03-02',NULL),(461,'civicrm_contact',462,'Send newsletter for April 2005',1,'2008-12-28',NULL),(462,'civicrm_contact',259,'Arrange collection of funds from members',1,'2009-03-18',NULL),(463,'civicrm_contact',262,'Reminder screening of \"Black\" on next Friday',1,'2008-08-27',NULL),(464,'civicrm_contact',401,'Connect for presentation',1,'2008-11-22',NULL),(465,'civicrm_contact',452,'Invite members for the Steve Prefontaine 10k dream run',1,'2008-08-08',NULL),(466,'civicrm_contact',269,'Reminder screening of \"Black\" on next Friday',1,'2009-01-17',NULL),(467,'civicrm_contact',389,'Organize the Terry Fox run',1,'2008-09-03',NULL),(468,'civicrm_contact',189,'Chart out route map for next 10k run',1,'2008-11-19',NULL),(469,'civicrm_contact',260,'Organize the Terry Fox run',1,'2008-09-19',NULL),(470,'civicrm_contact',403,'Reminder screening of \"Black\" on next Friday',1,'2008-05-30',NULL),(471,'civicrm_contact',68,'Send reminder for annual dinner',1,'2009-01-10',NULL),(472,'civicrm_contact',493,'Send newsletter for April 2005',1,'2008-09-23',NULL),(473,'civicrm_contact',140,'Arrange collection of funds from members',1,'2008-07-31',NULL),(474,'civicrm_contact',111,'Arrange for cricket match with Sunil Gavaskar',1,'2009-05-11',NULL),(475,'civicrm_contact',257,'Invite members for the Steve Prefontaine 10k dream run',1,'2008-10-16',NULL),(476,'civicrm_contact',409,'Send newsletter for April 2005',1,'2008-10-23',NULL),(477,'civicrm_contact',281,'Contact the Commisioner of Charities',1,'2008-11-03',NULL),(478,'civicrm_contact',10,'Reminder screening of \"Black\" on next Friday',1,'2008-07-14',NULL),(479,'civicrm_contact',405,'Chart out route map for next 10k run',1,'2008-12-10',NULL),(480,'civicrm_contact',337,'Send reminder for annual dinner',1,'2008-05-31',NULL),(481,'civicrm_contact',497,'Send reminder for annual dinner',1,'2009-01-20',NULL),(482,'civicrm_contact',115,'Contact the Commisioner of Charities',1,'2009-03-11',NULL),(483,'civicrm_contact',110,'Send reminder for annual dinner',1,'2008-08-02',NULL),(484,'civicrm_contact',44,'Get the registration done for NGO status',1,'2008-06-06',NULL);
/*!40000 ALTER TABLE `civicrm_note` ENABLE KEYS */;
UNLOCK TABLES;

--
-- Dumping data for table `civicrm_openid`
--

LOCK TABLES `civicrm_openid` WRITE;
/*!40000 ALTER TABLE `civicrm_openid` DISABLE KEYS */;
/*!40000 ALTER TABLE `civicrm_openid` ENABLE KEYS */;
UNLOCK TABLES;

--
-- Dumping data for table `civicrm_openid_associations`
--

LOCK TABLES `civicrm_openid_associations` WRITE;
/*!40000 ALTER TABLE `civicrm_openid_associations` DISABLE KEYS */;
/*!40000 ALTER TABLE `civicrm_openid_associations` ENABLE KEYS */;
UNLOCK TABLES;

--
-- Dumping data for table `civicrm_openid_nonces`
--

LOCK TABLES `civicrm_openid_nonces` WRITE;
/*!40000 ALTER TABLE `civicrm_openid_nonces` DISABLE KEYS */;
/*!40000 ALTER TABLE `civicrm_openid_nonces` ENABLE KEYS */;
UNLOCK TABLES;

--
-- Dumping data for table `civicrm_option_group`
--

LOCK TABLES `civicrm_option_group` WRITE;
/*!40000 ALTER TABLE `civicrm_option_group` DISABLE KEYS */;
INSERT INTO `civicrm_option_group` (`id`, `name`, `label`, `description`, `is_reserved`, `is_active`) VALUES (1,'preferred_communication_method',NULL,'Preferred Communication Method',0,1),(2,'activity_type',NULL,'Activity Type',0,1),(3,'gender',NULL,'Gender',0,1),(4,'instant_messenger_service',NULL,'Instant Messenger (IM) screen-names',0,1),(5,'mobile_provider',NULL,'Mobile Phone Providers',0,1),(6,'individual_prefix',NULL,'Individual contact prefixes',0,1),(7,'individual_suffix',NULL,'Individual contact suffixes',0,1),(8,'acl_role',NULL,'ACL Role',0,1),(9,'accept_creditcard',NULL,'Accepted Credit Cards',0,1),(10,'payment_instrument',NULL,'Payment Instruments',0,1),(11,'contribution_status',NULL,'Contribution Status',0,1),(12,'pcp_status',NULL,'PCP Status',0,1),(13,'participant_status',NULL,'Participant Status',0,1),(14,'participant_role',NULL,'Participant Role',0,1),(15,'event_type',NULL,'Event Type',0,1),(16,'contact_view_options',NULL,'Contact View Options',0,1),(17,'contact_edit_options',NULL,'Contact Edit Options',0,1),(18,'advanced_search_options',NULL,'Advanced Search Options',0,1),(19,'user_dashboard_options',NULL,'User Dashboard Options',0,1),(20,'address_options',NULL,'Addressing Options',0,1),(21,'group_type',NULL,'Group Type',0,1),(22,'grant_status',NULL,'Grant status',0,1),(23,'grant_type',NULL,'Grant Type',0,1),(24,'honor_type',NULL,'Honor Type',0,1),(25,'custom_search',NULL,'Custom Search',0,1),(26,'activity_status',NULL,'Activity Status',0,1),(27,'case_type',NULL,'Case Type',0,1),(28,'case_status',NULL,'Case Status',0,1),(29,'participant_listing',NULL,'Participant Listing',0,1),(30,'safe_file_extension',NULL,'Safe File Extension',0,1),(31,'from_email_address',NULL,'From Email Address',0,1),(32,'mapping_type',NULL,'Mapping Type',0,1),(33,'wysiwyg_editor',NULL,'WYSIWYG Editor',0,1),(34,'recur_frequency_units',NULL,'Recurring Frequency Units',0,1),(35,'greeting_type',NULL,'Greeting Type',0,1),(36,'phone_type',NULL,'Phone Type',0,1),(37,'custom_data_type',NULL,'Custom Data Type',0,1),(38,'visibility',NULL,'Visibility',0,1),(39,'report_list',NULL,'Report List',0,1),(40,'mail_protocol',NULL,'Mail Protocol',0,1),(41,'encounter_medium','Encounter Medium','Encounter medium for case activities (e.g. In Person, By Phone, etc.)',1,1),(42,'civicrm_contribution_page.amount.1',NULL,'Contribution Page Amount: 1',0,1),(43,'civicrm_event.amount.1',NULL,NULL,0,1),(44,'civicrm_event.amount.2',NULL,NULL,0,1),(45,'civicrm_event.amount.3',NULL,NULL,0,1);
/*!40000 ALTER TABLE `civicrm_option_group` ENABLE KEYS */;
UNLOCK TABLES;

--
-- Dumping data for table `civicrm_option_value`
--

LOCK TABLES `civicrm_option_value` WRITE;
/*!40000 ALTER TABLE `civicrm_option_value` DISABLE KEYS */;
INSERT INTO `civicrm_option_value` (`id`, `option_group_id`, `label`, `value`, `name`, `grouping`, `filter`, `is_default`, `weight`, `description`, `is_optgroup`, `is_reserved`, `is_active`, `component_id`, `visibility_id`) VALUES (1,1,'Phone','1',NULL,NULL,0,NULL,1,NULL,0,0,1,NULL,NULL),(2,1,'Email','2',NULL,NULL,0,NULL,2,NULL,0,0,1,NULL,NULL),(3,1,'Postal Mail','3',NULL,NULL,0,NULL,3,NULL,0,0,1,NULL,NULL),(4,1,'SMS','4',NULL,NULL,0,NULL,4,NULL,0,0,1,NULL,NULL),(5,1,'Fax','5',NULL,NULL,0,NULL,5,NULL,0,0,1,NULL,NULL),(6,2,'Meeting','1','Meeting',NULL,0,NULL,1,NULL,0,1,1,NULL,NULL),(7,2,'Phone Call','2','Phone Call',NULL,0,NULL,2,NULL,0,1,1,NULL,NULL),(8,2,'Email','3','Email',NULL,1,NULL,3,'Email sent.',0,1,1,NULL,NULL),(9,2,'Text Message (SMS)','4','SMS',NULL,1,NULL,4,'Text message (SMS) sent.',0,1,1,NULL,NULL),(10,2,'Event Registration','5','Event Registration',NULL,1,NULL,5,'Online or offline event registration.',0,1,1,1,NULL),(11,2,'Contribution','6','Contribution',NULL,1,NULL,6,'Online or offline contribution.',0,1,1,2,NULL),(12,2,'Membership Signup','7','Membership Signup',NULL,1,NULL,7,'Online or offline membership signup.',0,1,1,3,NULL),(13,2,'Membership Renewal','8','Membership Renewal',NULL,1,NULL,8,'Online or offline membership renewal.',0,1,1,3,NULL),(14,2,'Tell a Friend','9','Tell a Friend',NULL,1,NULL,9,'Send information about a contribution campaign or event to a friend.',0,1,1,NULL,NULL),(15,2,'Pledge Acknowledgment','10','Pledge Acknowledgment',NULL,1,NULL,10,'Send Pledge Acknowledgment.',0,1,1,6,NULL),(16,2,'Pledge Reminder','11','Pledge Reminder',NULL,1,NULL,11,'Send Pledge Reminder.',0,1,1,6,NULL),(17,2,'Inbound Email','12','Inbound Email',NULL,1,NULL,12,'Inbound Email.',0,1,1,NULL,NULL),(18,2,'Open Case','13','Open Case',NULL,0,0,13,'',0,0,1,7,NULL),(19,2,'Follow up','14','Follow up',NULL,0,0,14,'',0,0,1,7,NULL),(20,2,'Change Case Type','15','Change Case Type',NULL,0,0,15,'',0,0,1,7,NULL),(21,2,'Change Case Status','16','Change Case Status',NULL,0,0,16,'',0,0,1,7,NULL),(22,2,'Close Case','17','Close Case',NULL,0,0,17,'',0,0,1,7,NULL),(23,2,'Membership Renewal Reminder','18','Membership Renewal Reminder',NULL,1,NULL,18,'offline membership renewal reminder.',0,1,1,3,NULL),(24,2,'Change Case Start Date','19','Change Case Start Date',NULL,0,0,19,'',0,0,1,7,NULL),(25,3,'Female','1','Female',NULL,0,NULL,1,NULL,0,0,1,NULL,NULL),(26,3,'Male','2','Male',NULL,0,NULL,2,NULL,0,0,1,NULL,NULL),(27,3,'Transgender','3','Transgender',NULL,0,NULL,3,NULL,0,0,1,NULL,NULL),(28,4,'Yahoo','1','Yahoo',NULL,0,NULL,1,NULL,0,0,1,NULL,NULL),(29,4,'MSN','2','Msn',NULL,0,NULL,2,NULL,0,0,1,NULL,NULL),(30,4,'AIM','3','Aim',NULL,0,NULL,3,NULL,0,0,1,NULL,NULL),(31,4,'GTalk','4','Gtalk',NULL,0,NULL,4,NULL,0,0,1,NULL,NULL),(32,4,'Jabber','5','Jabber',NULL,0,NULL,5,NULL,0,0,1,NULL,NULL),(33,4,'Skype','6','Skype',NULL,0,NULL,6,NULL,0,0,1,NULL,NULL),(34,5,'Sprint','1','Sprint',NULL,0,NULL,1,NULL,0,0,1,NULL,NULL),(35,5,'Verizon','2','Verizon',NULL,0,NULL,2,NULL,0,0,1,NULL,NULL),(36,5,'Cingular','3','Cingular',NULL,0,NULL,3,NULL,0,0,1,NULL,NULL),(37,6,'Mrs','1','Mrs',NULL,0,NULL,1,NULL,0,0,1,NULL,NULL),(38,6,'Ms','2','Ms',NULL,0,NULL,2,NULL,0,0,1,NULL,NULL),(39,6,'Mr','3','Mr',NULL,0,NULL,3,NULL,0,0,1,NULL,NULL),(40,6,'Dr','4','Dr',NULL,0,NULL,4,NULL,0,0,1,NULL,NULL),(41,7,'Jr','1','Jr',NULL,0,NULL,1,NULL,0,0,1,NULL,NULL),(42,7,'Sr','2','Sr',NULL,0,NULL,2,NULL,0,0,1,NULL,NULL),(43,7,'II','3','II',NULL,0,NULL,3,NULL,0,0,1,NULL,NULL),(44,7,'III','4','III',NULL,0,NULL,4,NULL,0,0,1,NULL,NULL),(45,7,'IV','5','IV',NULL,0,NULL,5,NULL,0,0,1,NULL,NULL),(46,7,'V','6','V',NULL,0,NULL,6,NULL,0,0,1,NULL,NULL),(47,7,'VI','7','VI',NULL,0,NULL,7,NULL,0,0,1,NULL,NULL),(48,7,'VII','8','VII',NULL,0,NULL,8,NULL,0,0,1,NULL,NULL),(49,8,'Administrator','1','Admin',NULL,0,NULL,1,NULL,0,0,1,NULL,NULL),(50,8,'Authenticated','2','Auth',NULL,0,NULL,2,NULL,0,1,1,NULL,NULL),(51,9,'Visa','1','Visa',NULL,0,NULL,1,NULL,0,0,1,NULL,NULL),(52,9,'MasterCard','2','MasterCard',NULL,0,NULL,2,NULL,0,0,1,NULL,NULL),(53,9,'Amex','3','Amex',NULL,0,NULL,3,NULL,0,0,1,NULL,NULL),(54,9,'Discover','4','Discover',NULL,0,NULL,4,NULL,0,0,1,NULL,NULL),(55,10,'Credit Card','1','Credit Card',NULL,0,NULL,1,NULL,0,1,1,NULL,NULL),(56,10,'Debit Card','2','Debit Card',NULL,0,NULL,2,NULL,0,0,1,NULL,NULL),(57,10,'Cash','3','Cash',NULL,0,NULL,3,NULL,0,0,1,NULL,NULL),(58,10,'Check','4','Check',NULL,0,NULL,4,NULL,0,0,1,NULL,NULL),(59,10,'EFT','5','EFT',NULL,0,NULL,5,NULL,0,0,1,NULL,NULL),(60,11,'Completed','1','Completed',NULL,0,NULL,1,NULL,0,1,1,NULL,NULL),(61,11,'Pending','2','Pending',NULL,0,NULL,2,NULL,0,1,1,NULL,NULL),(62,11,'Cancelled','3','Cancelled',NULL,0,NULL,3,NULL,0,1,1,NULL,NULL),(63,11,'Failed','4','Failed',NULL,0,NULL,4,NULL,0,1,1,NULL,NULL),(64,11,'In Progress','5','In Progress',NULL,0,NULL,5,NULL,0,1,1,NULL,NULL),(65,11,'Overdue','6','Overdue',NULL,0,NULL,6,NULL,0,1,1,NULL,NULL),(66,12,'Waiting Review','1','Waiting Review',NULL,0,NULL,1,NULL,0,1,1,NULL,NULL),(67,12,'Approved','2','Approved',NULL,0,NULL,2,NULL,0,1,1,NULL,NULL),(68,12,'Not Approved','3','Not Approved',NULL,0,NULL,3,NULL,0,1,1,NULL,NULL),(69,13,'Registered','1','Registered',NULL,1,NULL,1,NULL,0,1,1,NULL,1),(70,13,'Attended','2','Attended',NULL,1,NULL,2,NULL,0,0,1,NULL,2),(71,13,'No-show','3','No-show',NULL,0,NULL,3,NULL,0,0,1,NULL,2),(72,13,'Cancelled','4','Cancelled',NULL,0,NULL,4,NULL,0,1,1,NULL,2),(73,13,'Pending','5','Pending',NULL,0,NULL,5,NULL,0,1,1,NULL,2),(74,14,'Attendee','1','Attendee',NULL,0,NULL,1,NULL,0,0,1,NULL,NULL),(75,14,'Volunteer','2','Volunteer',NULL,0,NULL,2,NULL,0,0,1,NULL,NULL),(76,14,'Host','3','Host',NULL,0,NULL,3,NULL,0,0,1,NULL,NULL),(77,14,'Speaker','4','Speaker',NULL,0,NULL,4,NULL,0,0,1,NULL,NULL),(78,15,'Conference','1','Conference',NULL,0,NULL,1,NULL,0,0,1,NULL,NULL),(79,15,'Exhibition','2','Exhibition',NULL,0,NULL,2,NULL,0,0,1,NULL,NULL),(80,15,'Fundraiser','3','Fundraiser',NULL,0,NULL,3,NULL,0,0,1,NULL,NULL),(81,15,'Meeting','4','Meeting',NULL,0,NULL,4,NULL,0,0,1,NULL,NULL),(82,15,'Performance','5','Performance',NULL,0,NULL,5,NULL,0,0,1,NULL,NULL),(83,15,'Workshop','6','Workshop',NULL,0,NULL,6,NULL,0,0,1,NULL,NULL),(84,16,'Activities','1','activity',NULL,0,NULL,1,NULL,0,0,1,NULL,NULL),(85,16,'Relationships','2','rel',NULL,0,NULL,2,NULL,0,0,1,NULL,NULL),(86,16,'Groups','3','group',NULL,0,NULL,3,NULL,0,0,1,NULL,NULL),(87,16,'Notes','4','note',NULL,0,NULL,4,NULL,0,0,1,NULL,NULL),(88,16,'Tags','5','tag',NULL,0,NULL,5,NULL,0,0,1,NULL,NULL),(89,16,'Change Log','6','log',NULL,0,NULL,6,NULL,0,0,1,NULL,NULL),(90,16,'Contributions','7','CiviContribute',NULL,0,NULL,7,NULL,0,0,1,NULL,NULL),(91,16,'Memberships','8','CiviMember',NULL,0,NULL,8,NULL,0,0,1,NULL,NULL),(92,16,'Events','9','CiviEvent',NULL,0,NULL,9,NULL,0,0,1,NULL,NULL),(93,16,'Cases','10','CiviCase',NULL,0,NULL,10,NULL,0,0,1,NULL,NULL),(94,16,'Grants','11','CiviGrant',NULL,0,NULL,11,NULL,0,0,1,NULL,NULL),(95,16,'Pledges','13','CiviPledge',NULL,0,NULL,13,NULL,0,0,1,NULL,NULL),(96,17,'Communication Preferences','1','CommBlock',NULL,0,NULL,1,NULL,0,0,1,NULL,NULL),(97,17,'Demographics','2','Demographics',NULL,0,NULL,2,NULL,0,0,1,NULL,NULL),(98,17,'Tags and Groups','3','TagsAndGroups',NULL,0,NULL,3,NULL,0,0,1,NULL,NULL),(99,17,'Notes','4','Notes',NULL,0,NULL,4,NULL,0,0,1,NULL,NULL),(100,18,'Address Fields','1','location',NULL,0,NULL,1,NULL,0,0,1,NULL,NULL),(101,18,'Custom Fields','2','custom',NULL,0,NULL,2,NULL,0,0,1,NULL,NULL),(102,18,'Activities','3','activity',NULL,0,NULL,4,NULL,0,0,1,NULL,NULL),(103,18,'Relationships','4','relationship',NULL,0,NULL,5,NULL,0,0,1,NULL,NULL),(104,18,'Notes','5','notes',NULL,0,NULL,6,NULL,0,0,1,NULL,NULL),(105,18,'Change Log','6','changeLog',NULL,0,NULL,7,NULL,0,0,1,NULL,NULL),(106,18,'Contributions','7','CiviContribute',NULL,0,NULL,8,NULL,0,0,1,NULL,NULL),(107,18,'Memberships','8','CiviMember',NULL,0,NULL,9,NULL,0,0,1,NULL,NULL),(108,18,'Events','9','CiviEvent',NULL,0,NULL,10,NULL,0,0,1,NULL,NULL),(109,18,'Cases','10','CiviCase',NULL,0,NULL,11,NULL,0,0,1,NULL,NULL),(110,18,'Grants','12','CiviGrant',NULL,0,NULL,14,NULL,0,0,1,NULL,NULL),(111,18,'Demographics','13','demographics',NULL,0,NULL,15,NULL,0,0,1,NULL,NULL),(112,18,'Pledges','15','CiviPledge',NULL,0,NULL,17,NULL,0,0,1,NULL,NULL),(113,18,'Contact Type','16','contactType',NULL,0,NULL,18,NULL,0,0,1,NULL,NULL),(114,18,'Groups','17','groups',NULL,0,NULL,19,NULL,0,0,1,NULL,NULL),(115,18,'Tags','18','tags',NULL,0,NULL,20,NULL,0,0,1,NULL,NULL),(116,19,'Groups','1','Groups',NULL,0,NULL,1,NULL,0,0,1,NULL,NULL),(117,19,'Contributions','2','CiviContribute',NULL,0,NULL,2,NULL,0,0,1,NULL,NULL),(118,19,'Memberships','3','CiviMember',NULL,0,NULL,3,NULL,0,0,1,NULL,NULL),(119,19,'Events','4','CiviEvent',NULL,0,NULL,4,NULL,0,0,1,NULL,NULL),(120,19,'My Contacts / Organizations','5','Permissioned Orgs',NULL,0,NULL,5,NULL,0,0,1,NULL,NULL),(121,19,'Pledges','7','CiviPledge',NULL,0,NULL,7,NULL,0,0,1,NULL,NULL),(122,19,'Personal Campaign Pages','8','PCP',NULL,0,NULL,8,NULL,0,0,1,NULL,NULL),(123,20,'Street Address','1','street_address',NULL,0,NULL,1,NULL,0,0,1,NULL,NULL),(124,20,'Addt\'l Address 1','2','supplemental_address_1',NULL,0,NULL,2,NULL,0,0,1,NULL,NULL),(125,20,'Addt\'l Address 2','3','supplemental_address_2',NULL,0,NULL,3,NULL,0,0,1,NULL,NULL),(126,20,'City','4','city',NULL,0,NULL,4,NULL,0,0,1,NULL,NULL),(127,20,'Zip / Postal Code','5','postal_code',NULL,0,NULL,5,NULL,0,0,1,NULL,NULL),(128,20,'Postal Code Suffix','6','postal_code_suffix',NULL,0,NULL,6,NULL,0,0,1,NULL,NULL),(129,20,'County','7','county',NULL,0,NULL,7,NULL,0,0,1,NULL,NULL),(130,20,'State / Province','8','state_province',NULL,0,NULL,8,NULL,0,0,1,NULL,NULL),(131,20,'Country','9','country',NULL,0,NULL,9,NULL,0,0,1,NULL,NULL),(132,20,'Latitude','10','geo_code_1',NULL,0,NULL,10,NULL,0,0,1,NULL,NULL),(133,20,'Longitude','11','geo_code_2',NULL,0,NULL,11,NULL,0,0,1,NULL,NULL),(134,20,'Address Name','12','address_name',NULL,0,NULL,12,NULL,0,0,1,NULL,NULL),(135,20,'Instant Messenger','13','im',NULL,0,NULL,13,NULL,0,0,1,NULL,NULL),(136,20,'OpenID','14','openid',NULL,0,NULL,14,NULL,0,0,1,NULL,NULL),(137,21,'Access Control','1',NULL,NULL,0,NULL,1,NULL,0,1,1,NULL,NULL),(138,21,'Mailing List','2',NULL,NULL,0,NULL,2,NULL,0,1,1,NULL,NULL),(139,22,'Pending','1','Pending',NULL,0,1,1,NULL,0,0,1,NULL,NULL),(140,22,'Granted','2','Granted',NULL,0,NULL,2,NULL,0,0,1,NULL,NULL),(141,22,'Rejected','3','Rejected',NULL,0,NULL,3,NULL,0,0,1,NULL,NULL),(142,23,'Emergency','1','Emergency',NULL,0,1,1,NULL,0,0,1,NULL,NULL),(143,23,'Family Support','2','Family Support',NULL,0,NULL,2,NULL,0,0,1,NULL,NULL),(144,23,'General Protection','3','General Protection',NULL,0,NULL,3,NULL,0,0,1,NULL,NULL),(145,23,'Impunity','4','Impunity',NULL,0,NULL,4,NULL,0,0,1,NULL,NULL),(146,24,'In Honor of','1','In Honor of',NULL,0,1,1,NULL,0,1,1,NULL,NULL),(147,24,'In Memory of','2','In Memory of',NULL,0,NULL,2,NULL,0,1,1,NULL,NULL),(148,25,'CRM_Contact_Form_Search_Custom_Sample','1','CRM_Contact_Form_Search_Custom_Sample',NULL,0,NULL,1,'Household Name and State',0,0,1,NULL,NULL),(149,25,'CRM_Contact_Form_Search_Custom_ContributionAggregate','2','CRM_Contact_Form_Search_Custom_ContributionAggregate',NULL,0,NULL,2,'Contribution Aggregate',0,0,1,NULL,NULL),(150,25,'CRM_Contact_Form_Search_Custom_Basic','3','CRM_Contact_Form_Search_Custom_Basic',NULL,0,NULL,3,'Basic Search',0,0,1,NULL,NULL),(151,25,'CRM_Contact_Form_Search_Custom_Group','4','CRM_Contact_Form_Search_Custom_Group',NULL,0,NULL,4,'Include / Exclude Contacts in a Group / Tag',0,0,1,NULL,NULL),(152,25,'CRM_Contact_Form_Search_Custom_PostalMailing','5','CRM_Contact_Form_Search_Custom_PostalMailing',NULL,0,NULL,5,'Postal Mailing',0,0,1,NULL,NULL),(153,25,'CRM_Contact_Form_Search_Custom_Proximity','6','CRM_Contact_Form_Search_Custom_Proximity',NULL,0,NULL,6,'Proximity Search',0,0,1,NULL,NULL),(154,25,'CRM_Contact_Form_Search_Custom_EventAggregate','7','CRM_Contact_Form_Search_Custom_EventAggregate',NULL,0,NULL,7,'Event Aggregate',0,0,1,NULL,NULL),(155,25,'CRM_Contact_Form_Search_Custom_ActivitySearch','8','CRM_Contact_Form_Search_Custom_ActivitySearch',NULL,0,NULL,8,'Activity Search',0,0,1,NULL,NULL),(156,25,'CRM_Contact_Form_Search_Custom_PriceSet','9','CRM_Contact_Form_Search_Custom_PriceSet',NULL,0,NULL,9,'Price Set Details for Event Participants',0,0,1,NULL,NULL),(157,25,'CRM_Contact_Form_Search_Custom_ZipCodeRange','10','CRM_Contact_Form_Search_Custom_ZipCodeRange',NULL,0,NULL,10,'Zip Code Range',0,0,1,NULL,NULL),(158,25,'CRM_Contact_Form_Search_Custom_DateAdded','11','CRM_Contact_Form_Search_Custom_DateAdded',NULL,0,NULL,11,'Date Added to CiviCRM',0,0,1,NULL,NULL),(159,25,'CRM_Contact_Form_Search_Custom_MultipleValues','12','CRM_Contact_Form_Search_Custom_MultipleValues',NULL,0,NULL,12,'Custom Group Multiple Values Listing',0,0,1,NULL,NULL),(160,25,'CRM_Contact_Form_Search_Custom_ContribSYBNT','13','CRM_Contact_Form_Search_Custom_ContribSYBNT',NULL,0,NULL,13,'Contributions made in Year X and not Year Y',0,0,1,NULL,NULL),(161,25,'CRM_Contact_Form_Search_Custom_TagContributions','14','CRM_Contact_Form_Search_Custom_TagContributions',NULL,0,NULL,14,'Find Contribution Amounts by Tag',0,0,1,NULL,NULL),(162,25,'CRM_Contact_Form_Search_Custom_FullText','15','CRM_Contact_Form_Search_Custom_FullText',NULL,0,NULL,15,'Full-text Search',0,0,1,NULL,NULL),(163,39,'CRM_Report_Form_Contact_Summary','1','CRM_Report_Form_Contact_Summary',NULL,0,NULL,1,'Contact Summary',0,0,1,NULL,NULL),(164,39,'CRM_Report_Form_Contact_Detail','2','CRM_Report_Form_Contact_Detail',NULL,0,NULL,2,'Contact Details',0,0,1,NULL,NULL),(165,39,'CRM_Report_Form_Contribute_Summary','3','CRM_Report_Form_Contribute_Summary',NULL,0,NULL,3,'Contribution Summary',0,0,1,NULL,NULL),(166,39,'CRM_Report_Form_Contribute_Detail','4','CRM_Report_Form_Contribute_Detail',NULL,0,NULL,4,'Contribution Details',0,0,1,NULL,NULL),(167,39,'CRM_Report_Form_Contribute_RepeatSummary','5','CRM_Report_Form_Contribute_RepeatSummary',NULL,0,NULL,5,'Contribution Repeat Summary',0,0,1,NULL,NULL),(168,39,'CRM_Report_Form_Contribute_RepeatDetail','6','CRM_Report_Form_Contribute_RepeatDetail',NULL,0,NULL,6,'Contribution Repeat Details',0,0,1,NULL,NULL),(169,39,'CRM_Report_Form_Contribute_SummaryCount','7','CRM_Report_Form_Contribute_SummaryCount',NULL,0,NULL,7,'Contribution Summary Count',0,0,1,NULL,NULL),(170,39,'CRM_Report_Form_Activity','8','CRM_Report_Form_Activity',NULL,0,NULL,8,'Activity Search',0,0,1,NULL,NULL),(171,39,'CRM_Report_Form_Walklist','9','CRM_Report_Form_Walklist',NULL,0,NULL,9,'Walk List',0,0,1,NULL,NULL),(172,39,'CRM_Report_Form_Membership_Summary','10','CRM_Report_Form_Membership_Summary',NULL,0,NULL,10,'Membership Summary',0,0,1,NULL,NULL),(173,39,'CRM_Report_Form_Member_Detail','11','CRM_Report_Form_Member_Detail',NULL,0,NULL,10,'Membership Details',0,0,1,NULL,NULL),(174,39,'CRM_Report_Form_Event_ParticipantListing','12','CRM_Report_Form_Event_ParticipantListing',NULL,0,NULL,12,'Participant Listing Details',0,0,1,NULL,NULL),(175,39,'CRM_Report_Form_Event_EventIncome','13','CRM_Report_Form_Event_EventIncome',NULL,0,NULL,13,'Event Income Details',0,0,1,NULL,NULL),(176,39,'CRM_Report_Form_Contribute_OrganizationSummary','14','CRM_Report_Form_Contribute_OrganizationSummary',NULL,0,NULL,14,'Orgnization Contribution Summary',0,0,1,NULL,NULL),(177,39,'CRM_Report_Form_Contribute_HouseholdSummary','15','CRM_Report_Form_Contribute_HouseholdSummary',NULL,0,NULL,15,'Household Contribution Summary',0,0,1,NULL,NULL),(178,39,'CRM_Report_Form_Contribute_TopDonor','16','CRM_Report_Form_Contribute_TopDonor',NULL,0,NULL,16,'Top Donor',0,0,1,NULL,NULL),(179,39,'CRM_Report_Form_Contact_CurrentEmployer','17','CRM_Report_Form_Contact_CurrentEmployer',NULL,0,NULL,17,'Current Employer',0,0,1,NULL,NULL),(180,26,'Scheduled','1','Scheduled',NULL,0,1,1,NULL,0,1,1,NULL,NULL),(181,26,'Completed','2','Completed',NULL,0,NULL,2,NULL,0,1,1,NULL,NULL),(182,26,'Cancelled','3','Cancelled',NULL,0,NULL,3,NULL,0,1,1,NULL,NULL),(183,26,'Left Message','4','Left Message',NULL,0,NULL,4,NULL,0,0,1,NULL,NULL),(184,26,'Unreachable','5','Unreachable',NULL,0,NULL,5,NULL,0,0,1,NULL,NULL),(185,26,'Not Required','6','Not Required',NULL,0,NULL,6,NULL,0,0,1,NULL,NULL),(186,28,'Ongoing','1','Open',NULL,0,1,1,NULL,0,1,1,NULL,NULL),(187,28,'Resolved','2','Closed',NULL,0,NULL,2,NULL,0,1,1,NULL,NULL),(188,28,'Urgent','3','Urgent',NULL,0,NULL,3,NULL,0,1,1,NULL,NULL),(189,29,'Name Only','1','Name Only',NULL,0,0,1,'CRM_Event_Page_ParticipantListing_Name',0,1,1,NULL,NULL),(190,29,'Name and Email','2','Name and Email',NULL,0,0,2,'CRM_Event_Page_ParticipantListing_NameAndEmail',0,1,1,NULL,NULL),(191,29,'Name, Status and Register Date','3','Name, Status and Register Date',NULL,0,0,3,'CRM_Event_Page_ParticipantListing_NameStatusAndDate',0,1,1,NULL,NULL),(192,30,'jpg','1',NULL,NULL,0,0,1,NULL,0,0,1,NULL,NULL),(193,30,'jpeg','2',NULL,NULL,0,0,2,NULL,0,0,1,NULL,NULL),(194,30,'png','3',NULL,NULL,0,0,3,NULL,0,0,1,NULL,NULL),(195,30,'gif','4',NULL,NULL,0,0,4,NULL,0,0,1,NULL,NULL),(196,30,'txt','5',NULL,NULL,0,0,5,NULL,0,0,1,NULL,NULL),(197,30,'pdf','6',NULL,NULL,0,0,6,NULL,0,0,1,NULL,NULL),(198,30,'doc','7',NULL,NULL,0,0,7,NULL,0,0,1,NULL,NULL),(199,30,'xls','8',NULL,NULL,0,0,8,NULL,0,0,1,NULL,NULL),(200,30,'rtf','9',NULL,NULL,0,0,9,NULL,0,0,1,NULL,NULL),(201,30,'csv','10',NULL,NULL,0,0,10,NULL,0,0,1,NULL,NULL),(202,30,'ppt','11',NULL,NULL,0,0,11,NULL,0,0,1,NULL,NULL),(203,33,'TinyMCE','1',NULL,NULL,0,NULL,1,NULL,0,1,1,NULL,NULL),(204,33,'FCKEditor','2',NULL,NULL,0,NULL,2,NULL,0,1,1,NULL,NULL),(205,32,'Search Builder','1','Search Builder',NULL,0,0,1,NULL,0,1,1,NULL,NULL),(206,32,'Import Contact','2','Import Contact',NULL,0,0,2,NULL,0,1,1,NULL,NULL),(207,32,'Import Activity','3','Import Activity',NULL,0,0,3,NULL,0,1,1,NULL,NULL),(208,32,'Import Contribution','4','Import Contribution',NULL,0,0,4,NULL,0,1,1,NULL,NULL),(209,32,'Import Membership','5','Import Membership',NULL,0,0,5,NULL,0,1,1,NULL,NULL),(210,32,'Import Participant','6','Import Participant',NULL,0,0,6,NULL,0,1,1,NULL,NULL),(211,32,'Export Contact','7','Export Contact',NULL,0,0,7,NULL,0,1,1,NULL,NULL),(212,32,'Export Contribution','8','Export Contribution',NULL,0,0,8,NULL,0,1,1,NULL,NULL),(213,32,'Export Membership','9','Export Membership',NULL,0,0,9,NULL,0,1,1,NULL,NULL),(214,32,'Export Participant','10','Export Participant',NULL,0,0,10,NULL,0,1,1,NULL,NULL),(215,32,'Export Pledge','11','Export Pledge',NULL,0,0,11,NULL,0,1,1,NULL,NULL),(216,32,'Export Case','12','Export Case',NULL,0,0,12,NULL,0,1,1,NULL,NULL),(217,34,'daily','day','day',NULL,0,NULL,1,NULL,0,1,1,NULL,NULL),(218,34,'weekly','week','week',NULL,0,NULL,2,NULL,0,1,1,NULL,NULL),(219,34,'monthly','month','month',NULL,0,NULL,3,NULL,0,1,1,NULL,NULL),(220,34,'yearly','year','year',NULL,0,NULL,4,NULL,0,1,1,NULL,NULL),(221,35,'Dear [first]','1','Dear [first]',NULL,0,1,1,NULL,0,0,1,NULL,NULL),(222,35,'Dear [prefix] [first] [last]','2','Dear [prefix] [first] [last]',NULL,0,NULL,2,NULL,0,0,1,NULL,NULL),(223,35,'Dear [prefix] [last]','3','Dear [prefix] [last]',NULL,0,NULL,3,NULL,0,0,1,NULL,NULL),(224,35,'Customized','4','Customized',NULL,0,NULL,4,NULL,0,1,1,NULL,NULL),(225,36,'Phone','1','Phone',NULL,0,NULL,1,NULL,0,0,1,NULL,NULL),(226,36,'Mobile','2','Mobile',NULL,0,NULL,2,NULL,0,0,1,NULL,NULL),(227,36,'Fax','3','Fax',NULL,0,NULL,3,NULL,0,0,1,NULL,NULL),(228,36,'Pager','4','Pager',NULL,0,NULL,4,NULL,0,0,1,NULL,NULL),(229,36,'Voicemail','5','Voicemail',NULL,0,NULL,5,NULL,0,0,1,NULL,NULL),(230,31,'\"FIXME\"<info@FIXME.ORG>','1','\"FIXME\"<info@FIXME.ORG>',NULL,0,1,1,'Default domain email address and from name.',0,0,1,NULL,NULL),(231,37,'Participant Role','1','ParticipantRole',NULL,0,NULL,1,NULL,0,0,1,NULL,NULL),(232,37,'Participant Event Name','2','ParticipantEventName',NULL,0,NULL,2,NULL,0,0,1,NULL,NULL),(233,38,'Public','1','public',NULL,0,NULL,1,NULL,0,0,1,NULL,NULL),(234,38,'Admin','2','admin',NULL,0,NULL,2,NULL,0,0,1,NULL,NULL),(235,40,'IMAP','1','IMAP',NULL,0,NULL,1,NULL,0,0,1,NULL,NULL),(236,40,'Maildir','2','Maildir',NULL,0,NULL,2,NULL,0,0,1,NULL,NULL),(237,40,'POP3','3','POP3',NULL,0,NULL,3,NULL,0,0,1,NULL,NULL),(238,40,'Localdir','4','Localdir',NULL,0,NULL,4,NULL,0,0,1,NULL,NULL),(239,41,'In Person','1','in_person',NULL,0,0,1,NULL,0,1,1,NULL,NULL),(240,41,'Phone','2','phone',NULL,0,1,2,NULL,0,1,1,NULL,NULL),(241,41,'Email','3','email',NULL,0,0,3,NULL,0,1,1,NULL,NULL),(242,41,'Fax','4','fax',NULL,0,0,4,NULL,0,1,1,NULL,NULL),(243,41,'Letter Mail','5','letter_mail',NULL,0,0,5,NULL,0,1,1,NULL,NULL),(244,42,'Friend','1.00',NULL,NULL,NULL,0,1,NULL,0,0,1,NULL,NULL),(245,42,'Supporter','5.00',NULL,NULL,NULL,0,2,NULL,0,0,1,NULL,NULL),(246,42,'Booster','10.00',NULL,NULL,NULL,1,3,NULL,0,0,1,NULL,NULL),(247,42,'Sustainer','50.00',NULL,NULL,NULL,0,4,NULL,0,0,1,NULL,NULL),(248,2,'Interview','20','Interview',NULL,0,NULL,20,'Conduct a phone or in person interview.',0,0,1,NULL,NULL),(249,43,'Single','50',NULL,NULL,NULL,0,1,NULL,0,0,1,NULL,NULL),(250,43,'Couple','100',NULL,NULL,NULL,0,2,NULL,0,0,1,NULL,NULL),(251,43,'Family','200',NULL,NULL,NULL,0,3,NULL,0,0,1,NULL,NULL),(252,44,'Bass','25',NULL,NULL,NULL,0,1,NULL,0,0,1,NULL,NULL),(253,44,'Tenor','40',NULL,NULL,NULL,0,2,NULL,0,0,1,NULL,NULL),(254,44,'Soprano','50',NULL,NULL,NULL,0,3,NULL,0,0,1,NULL,NULL),(255,45,'Tiny-tots (ages 5-8)','800',NULL,NULL,NULL,0,1,NULL,0,0,1,NULL,NULL),(256,45,'Junior Stars (ages 9-12)','1000',NULL,NULL,NULL,0,2,NULL,0,0,1,NULL,NULL),(257,45,'Super Stars (ages 13-18)','1500',NULL,NULL,NULL,0,3,NULL,0,0,1,NULL,NULL);
/*!40000 ALTER TABLE `civicrm_option_value` ENABLE KEYS */;
UNLOCK TABLES;

--
-- Dumping data for table `civicrm_participant`
--

LOCK TABLES `civicrm_participant` WRITE;
/*!40000 ALTER TABLE `civicrm_participant` DISABLE KEYS */;
INSERT INTO `civicrm_participant` (`id`, `contact_id`, `event_id`, `status_id`, `role_id`, `register_date`, `source`, `fee_level`, `is_test`, `is_pay_later`, `fee_amount`, `registered_by_id`, `discount_id`) VALUES (1,342,1,1,1,'2006-01-21 00:00:00','Check','Single',0,0,'50.00',NULL,NULL),(2,356,2,2,2,'2005-05-07 00:00:00','Credit Card','Soprano',0,0,'50.00',NULL,NULL),(3,464,3,3,3,'2005-05-05 00:00:00','Credit Card','Tiny-tots (ages 5-8)',0,0,'800.00',NULL,NULL),(4,167,1,4,4,'2005-10-21 00:00:00','Direct Transfer','Single',0,0,'50.00',NULL,NULL),(5,465,2,1,1,'2005-01-10 00:00:00','Check','Soprano',0,0,'50.00',NULL,NULL),(6,191,3,2,2,'2005-03-05 00:00:00','Direct Transfer','Tiny-tots (ages 5-8)',0,0,'800.00',NULL,NULL),(7,107,1,3,3,'2006-07-21 00:00:00','Direct Transfer','Single',0,0,'50.00',NULL,NULL),(8,71,2,4,4,'2006-03-07 00:00:00','Credit Card','Soprano',0,0,'50.00',NULL,NULL),(9,289,3,1,1,'2005-02-05 00:00:00','Direct Transfer','Tiny-tots (ages 5-8)',0,0,'800.00',NULL,NULL),(10,275,1,2,2,'2005-02-01 00:00:00','Check','Single',0,0,'50.00',NULL,NULL),(11,268,2,3,3,'2006-01-10 00:00:00','Direct Transfer','Soprano',0,0,'50.00',NULL,NULL),(12,258,3,4,4,'2006-03-06 00:00:00','Credit Card','Tiny-tots (ages 5-8)',0,0,'800.00',NULL,NULL),(13,104,1,1,2,'2005-06-04 00:00:00','Credit Card','Single',0,0,'50.00',NULL,NULL),(14,77,2,2,3,'2004-01-10 00:00:00','Direct Transfer','Soprano',0,0,'50.00',NULL,NULL),(15,118,3,4,1,'2005-07-04 00:00:00','Check','Tiny-tots (ages 5-8)',0,0,'800.00',NULL,NULL),(16,401,1,4,2,'2006-01-21 00:00:00','Credit Card','Single',0,0,'50.00',NULL,NULL),(17,199,2,2,3,'2005-01-10 00:00:00','Credit Card','Soprano',0,0,'50.00',NULL,NULL),(18,419,3,3,1,'2006-03-05 00:00:00','Credit Card','Tiny-tots (ages 5-8)',0,0,'800.00',NULL,NULL),(19,173,1,2,1,'2005-10-21 00:00:00','Direct Transfer','Single',0,0,'50.00',NULL,NULL),(20,111,2,4,1,'2006-01-10 00:00:00','Credit Card','Soprano',0,0,'50.00',NULL,NULL),(21,428,3,1,4,'2005-03-25 00:00:00','Check','Tiny-tots (ages 5-8)',0,0,'800.00',NULL,NULL),(22,270,1,2,3,'2006-10-21 00:00:00','Direct Transfer','Single',0,0,'50.00',NULL,NULL),(23,445,2,4,1,'2005-01-10 00:00:00','Direct Transfer','Soprano',0,0,'50.00',NULL,NULL),(24,478,3,3,1,'2005-03-11 00:00:00','Credit Card','Tiny-tots (ages 5-8)',0,0,'800.00',NULL,NULL),(25,305,3,2,2,'2005-04-05 00:00:00','Direct Transfer','Tiny-tots (ages 5-8)',0,0,'800.00',NULL,NULL),(26,192,1,1,1,'2006-01-21 00:00:00','Check','Single',0,0,'50.00',NULL,NULL),(27,237,2,2,2,'2007-05-07 00:00:00','Credit Card','Soprano',0,0,'50.00',NULL,NULL),(28,273,3,3,3,'2007-05-05 00:00:00','Direct Transfer','Tiny-tots (ages 5-8)',0,0,'800.00',NULL,NULL),(29,171,1,4,4,'2007-10-21 00:00:00','Credit Card','Single',0,0,'50.00',NULL,NULL),(30,120,2,1,1,'2007-01-10 00:00:00','Direct Transfer','Soprano',0,0,'50.00',NULL,NULL),(31,463,3,2,2,'2007-03-05 00:00:00','Credit Card','Tiny-tots (ages 5-8)',0,0,'800.00',NULL,NULL),(32,72,1,3,3,'2006-07-21 00:00:00','Check','Single',0,0,'50.00',NULL,NULL),(33,265,2,4,4,'2006-03-07 00:00:00','Direct Transfer','Soprano',0,0,'50.00',NULL,NULL),(34,83,3,1,1,'2007-02-05 00:00:00','Credit Card','Tiny-tots (ages 5-8)',0,0,'800.00',NULL,NULL),(35,444,1,2,2,'2007-02-01 00:00:00','Direct Transfer','Single',0,0,'50.00',NULL,NULL),(36,146,2,3,3,'2006-01-10 00:00:00','Direct Transfer','Soprano',0,0,'50.00',NULL,NULL),(37,223,3,4,4,'2006-03-06 00:00:00','Check','Tiny-tots (ages 5-8)',0,0,'800.00',NULL,NULL),(38,272,1,1,2,'2007-06-04 00:00:00','Direct Transfer','Single',0,0,'50.00',NULL,NULL),(39,105,2,2,3,'2004-01-10 00:00:00','Direct Transfer','Soprano',0,0,'50.00',NULL,NULL),(40,248,3,4,1,'2007-07-04 00:00:00','Credit Card','Tiny-tots (ages 5-8)',0,0,'800.00',NULL,NULL),(41,497,1,4,2,'2006-01-21 00:00:00','Credit Card','Single',0,0,'50.00',NULL,NULL),(42,461,2,2,3,'2007-01-10 00:00:00','Credit Card','Soprano',0,0,'50.00',NULL,NULL),(43,488,3,3,1,'2006-03-05 00:00:00','Credit Card','Tiny-tots (ages 5-8)',0,0,'800.00',NULL,NULL),(44,456,1,2,1,'2007-10-21 00:00:00','Direct Transfer','Single',0,0,'50.00',NULL,NULL),(45,27,2,4,1,'2006-01-10 00:00:00','Direct Transfer','Soprano',0,0,'50.00',NULL,NULL),(46,130,3,1,4,'2007-03-25 00:00:00','Check','Tiny-tots (ages 5-8)',0,0,'800.00',NULL,NULL),(47,287,1,2,3,'2006-10-21 00:00:00','Credit Card','Single',0,0,'50.00',NULL,NULL),(48,51,2,4,1,'2007-01-10 00:00:00','Credit Card','Soprano',0,0,'50.00',NULL,NULL),(49,155,3,3,1,'2007-03-11 00:00:00','Credit Card','Tiny-tots (ages 5-8)',0,0,'800.00',NULL,NULL),(50,78,3,2,2,'2007-04-05 00:00:00','Check','Tiny-tots (ages 5-8)',0,0,'800.00',NULL,NULL);
/*!40000 ALTER TABLE `civicrm_participant` ENABLE KEYS */;
UNLOCK TABLES;

--
-- Dumping data for table `civicrm_participant_payment`
--

LOCK TABLES `civicrm_participant_payment` WRITE;
/*!40000 ALTER TABLE `civicrm_participant_payment` DISABLE KEYS */;
/*!40000 ALTER TABLE `civicrm_participant_payment` ENABLE KEYS */;
UNLOCK TABLES;

--
-- Dumping data for table `civicrm_payment_processor`
--

LOCK TABLES `civicrm_payment_processor` WRITE;
/*!40000 ALTER TABLE `civicrm_payment_processor` DISABLE KEYS */;
/*!40000 ALTER TABLE `civicrm_payment_processor` ENABLE KEYS */;
UNLOCK TABLES;

--
-- Dumping data for table `civicrm_payment_processor_type`
--

LOCK TABLES `civicrm_payment_processor_type` WRITE;
/*!40000 ALTER TABLE `civicrm_payment_processor_type` DISABLE KEYS */;
INSERT INTO `civicrm_payment_processor_type` (`id`, `name`, `title`, `description`, `is_active`, `is_default`, `user_name_label`, `password_label`, `signature_label`, `subject_label`, `class_name`, `url_site_default`, `url_api_default`, `url_recur_default`, `url_button_default`, `url_site_test_default`, `url_api_test_default`, `url_recur_test_default`, `url_button_test_default`, `billing_mode`, `is_recur`) VALUES (1,'PayPal_Standard','PayPal - Website Payments Standard',NULL,1,0,'Merchant Account Email',NULL,NULL,NULL,'Payment_PayPalImpl','https://www.paypal.com/',NULL,'https://www.paypal.com/',NULL,'https://www.sandbox.paypal.com/',NULL,'https://www.sandbox.paypal.com/',NULL,4,1),(2,'PayPal','PayPal - Website Payments Pro',NULL,1,0,'User Name','Password','Signature',NULL,'Payment_PayPalImpl','https://www.paypal.com/','https://api-3t.paypal.com/',NULL,'https://www.paypal.com/en_US/i/btn/btn_xpressCheckout.gif','https://www.sandbox.paypal.com/','https://api-3t.sandbox.paypal.com/',NULL,'https://www.paypal.com/en_US/i/btn/btn_xpressCheckout.gif',3,NULL),(3,'PayPal_Express','PayPal - Express',NULL,1,0,'User Name','Password','Signature',NULL,'Payment_PayPalImpl','https://www.paypal.com/','https://api-3t.paypal.com/',NULL,'https://www.paypal.com/en_US/i/btn/btn_xpressCheckout.gif','https://www.sandbox.paypal.com/','https://api-3t.sandbox.paypal.com/',NULL,'https://www.paypal.com/en_US/i/btn/btn_xpressCheckout.gif',2,NULL),(4,'Google_Checkout','Google Checkout',NULL,1,0,'Merchant ID','Key',NULL,NULL,'Payment_Google','https://checkout.google.com/',NULL,NULL,'https://checkout.google.com/buttons/checkout.gif?merchant_id=YOURMERCHANTIDHERE&w=160&h=43&style=white&variant=text&loc=en_US','https://sandbox.google.com/checkout/',NULL,NULL,'https://sandbox.google.com/checkout/buttons/checkout.gif?merchant_id=YOURMERCHANTIDHERE&w=160&h=43&style=white&variant=text&loc=en_US',4,NULL),(5,'Moneris','Moneris',NULL,1,0,'User Name','Password','Store ID',NULL,'Payment_Moneris','https://www3.moneris.com/',NULL,NULL,NULL,'https://esqa.moneris.com/',NULL,NULL,NULL,1,1),(6,'AuthNet_AIM','Authorize.Net - AIM',NULL,1,0,'API Login','Payment Key','MD5 Hash',NULL,'Payment_AuthorizeNet','https://secure.authorize.net/gateway/transact.dll',NULL,'https://api.authorize.net/xml/v1/request.api',NULL,'https://test.authorize.net/gateway/transact.dll',NULL,'https://apitest.authorize.net/xml/v1/request.api',NULL,1,NULL),(7,'PayJunction','PayJunction',NULL,1,0,'User Name','Password',NULL,NULL,'Payment_PayJunction','https://payjunction.com/quick_link',NULL,NULL,NULL,'https://demo.payjunction.com/quick_link',NULL,NULL,NULL,1,1),(8,'eWAY','eWAY (Single Currency)',NULL,1,0,'Customer ID',NULL,NULL,NULL,'Payment_eWAY','https://www.eway.com.au/gateway_cvn/xmlpayment.asp',NULL,NULL,NULL,'https://www.eway.com.au/gateway_cvn/xmltest/testpage.asp',NULL,NULL,NULL,1,0),(9,'Payment_Express','DPS Payment Express',NULL,1,0,'User ID','Key','Mac Key - pxaccess only',NULL,'Payment_PaymentExpress','https://www.paymentexpress.com/pleaseenteraurl',NULL,NULL,NULL,'https://www.paymentexpress.com/pleaseenteratesturl',NULL,NULL,NULL,4,0),(10,'ClickAndPledge','Click and Pledge',NULL,1,0,'Customer ID',NULL,NULL,NULL,'Payment_ClickAndPledge','http://www.clickandpledge.com/',NULL,NULL,NULL,'http://www.clickandpledge.com/',NULL,NULL,NULL,4,0),(11,'Dummy','Dummy Payment Processor',NULL,1,1,'User Name',NULL,NULL,NULL,'Payment_Dummy',NULL,NULL,NULL,NULL,NULL,NULL,NULL,NULL,1,NULL),(12,'Elavon','Elavon Payment Processor','Elavon / Nova Virtual Merchant',1,0,'SSL Merchant ID ','SSL User ID','SSL PIN',NULL,'Payment_Elavon','https://www.myvirtualmerchant.com/VirtualMerchant/processxml.do',NULL,NULL,NULL,'https://www.myvirtualmerchant.com/VirtualMerchant/processxml.do',NULL,NULL,NULL,1,0);
/*!40000 ALTER TABLE `civicrm_payment_processor_type` ENABLE KEYS */;
UNLOCK TABLES;

--
-- Dumping data for table `civicrm_pcp`
--

LOCK TABLES `civicrm_pcp` WRITE;
/*!40000 ALTER TABLE `civicrm_pcp` DISABLE KEYS */;
INSERT INTO `civicrm_pcp` (`id`, `contact_id`, `status_id`, `title`, `intro_text`, `page_text`, `donate_link_text`, `contribution_page_id`, `is_thermometer`, `is_honor_roll`, `goal_amount`, `referer`, `is_active`) VALUES (1,212,2,'My Personal Civi Fundraiser','I\'m on a mission to get all my friends and family to help support my favorite open-source civic sector CRM.','<p>Friends and family - please help build much needed infrastructure for the civic sector by supporting my personal campaign!</p>\r\n<p><a href=\"http://civicrm.org\">You can learn more about CiviCRM here</a>.</p>\r\n<p>Then click the <strong>Contribute Now</strong> button to go to our easy-to-use online contribution form.</p>','Contribute Now',1,1,1,'5000.00',NULL,1);
/*!40000 ALTER TABLE `civicrm_pcp` ENABLE KEYS */;
UNLOCK TABLES;

--
-- Dumping data for table `civicrm_pcp_block`
--

LOCK TABLES `civicrm_pcp_block` WRITE;
/*!40000 ALTER TABLE `civicrm_pcp_block` DISABLE KEYS */;
INSERT INTO `civicrm_pcp_block` (`id`, `entity_table`, `entity_id`, `supporter_profile_id`, `is_approval_needed`, `is_tellfriend_enabled`, `tellfriend_limit`, `link_text`, `is_active`, `notify_email`) VALUES (1,'civicrm_contribution_page',1,2,1,1,5,'Create your own Personal Campaign Page!',1,NULL);
/*!40000 ALTER TABLE `civicrm_pcp_block` ENABLE KEYS */;
UNLOCK TABLES;

--
-- Dumping data for table `civicrm_phone`
--

LOCK TABLES `civicrm_phone` WRITE;
/*!40000 ALTER TABLE `civicrm_phone` DISABLE KEYS */;
INSERT INTO `civicrm_phone` (`id`, `contact_id`, `location_type_id`, `is_primary`, `is_billing`, `mobile_provider_id`, `phone`, `phone_type_id`) VALUES (1,NULL,1,0,0,NULL,'204 222-1001',1),(2,59,1,1,0,NULL,'77982811',1),(3,59,1,0,0,NULL,'14508876',2),(4,386,1,1,0,NULL,'96380365',1),(5,386,1,0,0,NULL,'35812714',2),(6,212,1,1,0,NULL,'26933282',1),(7,212,1,0,0,NULL,'91163182',2),(8,22,1,1,0,NULL,'88144847',1),(9,22,1,0,0,NULL,'81035524',2),(10,47,1,1,0,NULL,'63853752',1),(11,47,1,0,0,NULL,'64069355',2),(12,79,1,1,0,NULL,'69197752',1),(13,79,1,0,0,NULL,'93935135',2),(14,256,1,1,0,NULL,'67697293',1),(15,256,1,0,0,NULL,'83209022',2),(16,61,1,1,0,NULL,'82784145',1),(17,61,1,0,0,NULL,'50952413',2),(18,437,1,1,0,NULL,'43314093',1),(19,437,1,0,0,NULL,'39326591',2),(20,95,1,1,0,NULL,'33884039',1),(21,95,1,0,0,NULL,'22458072',2),(22,106,1,1,0,NULL,'56359539',1),(23,106,1,0,0,NULL,'53220133',2),(24,164,1,1,0,NULL,'36193789',1),(25,164,1,0,0,NULL,'45500872',2),(26,182,1,1,0,NULL,'35531755',1),(27,182,1,0,0,NULL,'78243067',2),(28,500,1,1,0,NULL,'56681833',1),(29,500,1,0,0,NULL,'99576869',2),(30,436,1,1,0,NULL,'82801185',1),(31,436,1,0,0,NULL,'27346939',2),(32,145,1,1,0,NULL,'82025110',1),(33,145,1,0,0,NULL,'35184255',2),(34,163,1,1,0,NULL,'12840558',1),(35,163,1,0,0,NULL,'52911855',2),(36,193,1,1,0,NULL,'45723009',1),(37,193,1,0,0,NULL,'95967153',2),(38,295,1,1,0,NULL,'61419922',1),(39,295,1,0,0,NULL,'86364908',2),(40,263,1,1,0,NULL,'19206851',1),(41,263,1,0,0,NULL,'73087182',2),(42,266,1,1,0,NULL,'19971882',1),(43,266,1,0,0,NULL,'16573893',2),(44,160,1,1,0,NULL,'39854210',1),(45,160,1,0,0,NULL,'23117536',2),(46,118,1,1,0,NULL,'19465693',1),(47,118,1,0,0,NULL,'44385175',2),(48,298,1,1,0,NULL,'81399856',1),(49,298,1,0,0,NULL,'75501098',2),(50,103,1,1,0,NULL,'75063983',1),(51,103,1,0,0,NULL,'83886493',2),(52,134,1,1,0,NULL,'14888808',1),(53,134,1,0,0,NULL,'62488145',2),(54,41,1,1,0,NULL,'39665060',1),(55,41,1,0,0,NULL,'86717029',2),(56,55,1,1,0,NULL,'64892741',1),(57,55,1,0,0,NULL,'52559815',2),(58,317,1,1,0,NULL,'86361836',1),(59,317,1,0,0,NULL,'39557561',2),(60,373,1,1,0,NULL,'79843640',1),(61,373,1,0,0,NULL,'57916898',2),(62,173,1,1,0,NULL,'60413046',1),(63,173,1,0,0,NULL,'41418391',2),(64,446,1,1,0,NULL,'31689457',1),(65,446,1,0,0,NULL,'66173696',2),(66,301,1,1,0,NULL,'95551013',1),(67,301,1,0,0,NULL,'33365145',2),(68,136,1,1,0,NULL,'63170506',1),(69,136,1,0,0,NULL,'34677886',2),(70,466,1,1,0,NULL,'95599538',1),(71,466,1,0,0,NULL,'88460481',2),(72,254,1,1,0,NULL,'64856624',1),(73,254,1,0,0,NULL,'91396572',2),(74,314,1,1,0,NULL,'88507528',1),(75,314,1,0,0,NULL,'93358235',2),(76,359,1,1,0,NULL,'59629796',1),(77,359,1,0,0,NULL,'25756220',2),(78,316,1,1,0,NULL,'94697360',1),(79,316,1,0,0,NULL,'45703808',2),(80,380,1,1,0,NULL,'17958261',1),(81,380,1,0,0,NULL,'54681521',2),(82,214,1,1,0,NULL,'93523627',1),(83,214,1,0,0,NULL,'92984402',2),(84,272,1,1,0,NULL,'12661525',1),(85,272,1,0,0,NULL,'94399769',2),(86,190,1,1,0,NULL,'94622270',1),(87,190,1,0,0,NULL,'72492844',2),(88,412,1,1,0,NULL,'53891846',1),(89,412,1,0,0,NULL,'55486525',2),(90,395,1,1,0,NULL,'72016630',1),(91,395,1,0,0,NULL,'16267334',2),(92,227,1,1,0,NULL,'65949065',1),(93,227,1,0,0,NULL,'35782578',2),(94,146,1,1,0,NULL,'82148867',1),(95,146,1,0,0,NULL,'68511309',2),(96,382,1,1,0,NULL,'36537695',1),(97,382,1,0,0,NULL,'72395422',2),(98,31,1,1,0,NULL,'67781970',1),(99,31,1,0,0,NULL,'19527112',2),(100,178,1,1,0,NULL,'92447076',1),(101,178,1,0,0,NULL,'60350131',2),(102,293,1,1,0,NULL,'36398911',1),(103,293,1,0,0,NULL,'31208277',2),(104,4,1,1,0,NULL,'50196345',1),(105,4,1,0,0,NULL,'53417225',2),(106,49,1,1,0,NULL,'63839586',1),(107,49,1,0,0,NULL,'33159170',2),(108,139,1,1,0,NULL,'95112411',1),(109,139,1,0,0,NULL,'93542761',2),(110,376,1,1,0,NULL,'37328350',1),(111,376,1,0,0,NULL,'22160234',2),(112,8,1,1,0,NULL,'80674982',1),(113,8,1,0,0,NULL,'82752883',2),(114,310,1,1,0,NULL,'36746781',1),(115,310,1,0,0,NULL,'81191863',2),(116,133,1,1,0,NULL,'49774023',1),(117,133,1,0,0,NULL,'73340438',2),(118,302,1,1,0,NULL,'17839178',1),(119,302,1,0,0,NULL,'25884373',2),(120,331,1,1,0,NULL,'13390851',1),(121,331,1,0,0,NULL,'57054692',2),(122,56,1,1,0,NULL,'83337717',1),(123,56,1,0,0,NULL,'31963323',2),(124,98,1,1,0,NULL,'73517380',1),(125,98,1,0,0,NULL,'13220518',2),(126,94,1,1,0,NULL,'60569879',1),(127,94,1,0,0,NULL,'11889367',2),(128,485,1,1,0,NULL,'27136782',1),(129,485,1,0,0,NULL,'22322762',2),(130,449,1,1,0,NULL,'22170485',1),(131,449,1,0,0,NULL,'90883723',2),(132,242,1,1,0,NULL,'43256334',1),(133,242,1,0,0,NULL,'55800612',2),(134,385,1,1,0,NULL,'22703852',1),(135,385,1,0,0,NULL,'46076422',2),(136,388,1,1,0,NULL,'61116460',1),(137,388,1,0,0,NULL,'11263759',2),(138,488,1,1,0,NULL,'48715483',1),(139,488,1,0,0,NULL,'11369401',2),(140,397,1,1,0,NULL,'69015025',1),(141,397,1,0,0,NULL,'75310891',2),(142,470,1,1,0,NULL,'56843265',1),(143,470,1,0,0,NULL,'82064346',2),(144,271,1,1,0,NULL,'39270745',1),(145,271,1,0,0,NULL,'89196665',2),(146,202,1,1,0,NULL,'14940667',1),(147,202,1,0,0,NULL,'43167783',2),(148,434,1,1,0,NULL,'91264101',1),(149,434,1,0,0,NULL,'67516110',2),(150,224,1,1,0,NULL,'73586440',1),(151,224,1,0,0,NULL,'93086533',2),(152,478,1,1,0,NULL,'25209798',1),(153,478,1,0,0,NULL,'89993602',2),(154,233,1,1,0,NULL,'39629811',1),(155,233,1,0,0,NULL,'22385083',2),(156,496,1,1,0,NULL,'65446561',1),(157,496,1,0,0,NULL,'95127223',2),(158,430,1,1,0,NULL,'65509840',1),(159,430,1,0,0,NULL,'12913572',2),(160,176,1,1,0,NULL,'55932939',1),(161,176,1,0,0,NULL,'88003804',2),(162,167,1,1,0,NULL,'18144411',1),(163,167,1,0,0,NULL,'22346496',2),(164,223,1,1,0,NULL,'82566782',1),(165,223,1,0,0,NULL,'95329210',2),(166,365,1,1,0,NULL,'60522125',1),(167,365,1,0,0,NULL,'85901188',2),(168,383,1,1,0,NULL,'63275635',1),(169,383,1,0,0,NULL,'72366963',2),(170,253,1,1,0,NULL,'76578357',1),(171,253,1,0,0,NULL,'54651110',2),(172,334,1,1,0,NULL,'74243662',1),(173,334,1,0,0,NULL,'85397818',2),(174,157,1,1,0,NULL,'74366268',1),(175,157,1,0,0,NULL,'69427709',2),(176,23,1,1,0,NULL,'21537039',1),(177,23,1,0,0,NULL,'23820636',2),(178,472,1,1,0,NULL,'69910534',1),(179,472,1,0,0,NULL,'59182240',2),(180,283,1,1,0,NULL,'99729532',1),(181,283,1,0,0,NULL,'71994258',2),(182,464,1,1,0,NULL,'53327929',1),(183,464,1,0,0,NULL,'75338308',2),(184,200,1,1,0,NULL,'85929466',1),(185,200,1,0,0,NULL,'21206425',2),(186,356,1,1,0,NULL,'71000981',1),(187,356,1,0,0,NULL,'14098912',2),(188,278,1,1,0,NULL,'54434070',1),(189,278,1,0,0,NULL,'36260684',2),(190,169,1,1,0,NULL,'46516315',1),(191,169,1,0,0,NULL,'73611935',2),(192,377,1,1,0,NULL,'80240677',1),(193,377,1,0,0,NULL,'52295304',2),(194,88,1,1,0,NULL,'22311516',1),(195,88,1,0,0,NULL,'22635462',2),(196,326,1,1,0,NULL,'91499576',1),(197,326,1,0,0,NULL,'23053467',2),(198,64,1,1,0,NULL,'83904062',1),(199,64,1,0,0,NULL,'48227783',2),(200,185,1,1,0,NULL,'18587175',1),(201,185,1,0,0,NULL,'77887429',2),(202,82,1,1,0,NULL,'42707745',1),(203,82,1,0,0,NULL,'92731819',2),(204,80,1,1,0,NULL,'21533330',1),(205,80,1,0,0,NULL,'40904970',2),(206,392,1,1,0,NULL,'17318999',1),(207,392,1,0,0,NULL,'74388222',2),(208,155,3,1,0,NULL,'18827526',1),(209,155,3,0,0,NULL,'34286244',2),(210,37,3,1,0,NULL,'33819163',1),(211,37,3,0,0,NULL,'37053370',2),(212,245,3,1,0,NULL,'66362618',1),(213,245,3,0,0,NULL,'50922056',2),(214,250,3,1,0,NULL,'78842982',1),(215,250,3,0,0,NULL,'33141799',2),(216,325,3,1,0,NULL,'39481754',1),(217,325,3,0,0,NULL,'56482746',2),(218,188,3,1,0,NULL,'22516476',1),(219,188,3,0,0,NULL,'80048456',2),(220,197,3,1,0,NULL,'57675797',1),(221,197,3,0,0,NULL,'15214047',2),(222,86,3,1,0,NULL,'89909445',1),(223,86,3,0,0,NULL,'24262284',2),(224,209,3,1,0,NULL,'12677875',1),(225,209,3,0,0,NULL,'87288939',2),(226,277,3,1,0,NULL,'30024316',1),(227,277,3,0,0,NULL,'46071502',2),(228,287,3,1,0,NULL,'91814399',1),(229,287,3,0,0,NULL,'17649001',2),(230,203,3,1,0,NULL,'67105080',1),(231,203,3,0,0,NULL,'30980789',2),(232,364,3,1,0,NULL,'20967575',1),(233,364,3,0,0,NULL,'86943163',2),(234,439,3,1,0,NULL,'77042432',1),(235,439,3,0,0,NULL,'55413498',2),(236,205,3,1,0,NULL,'60410276',1),(237,205,3,0,0,NULL,'44094289',2),(238,469,3,1,0,NULL,'43586360',1),(239,469,3,0,0,NULL,'61207508',2),(240,335,3,1,0,NULL,'14384455',1),(241,335,3,0,0,NULL,'39264487',2),(242,104,3,1,0,NULL,'93836334',1),(243,104,3,0,0,NULL,'70926224',2),(244,154,3,1,0,NULL,'20800080',1),(245,154,3,0,0,NULL,'76666111',2),(246,367,3,1,0,NULL,'57068076',1),(247,367,3,0,0,NULL,'30478492',2),(248,259,3,1,0,NULL,'93868818',1),(249,259,3,0,0,NULL,'25575272',2),(250,262,3,1,0,NULL,'63610850',1),(251,262,3,0,0,NULL,'82706106',2),(252,401,3,1,0,NULL,'35868754',1),(253,401,3,0,0,NULL,'64246586',2),(254,452,3,1,0,NULL,'90075747',1),(255,452,3,0,0,NULL,'55097069',2),(256,269,3,1,0,NULL,'63728312',1),(257,269,3,0,0,NULL,'70099712',2),(258,389,3,1,0,NULL,'96686315',1),(259,389,3,0,0,NULL,'24772650',2),(260,260,3,1,0,NULL,'68939586',1),(261,260,3,0,0,NULL,'75904940',2),(262,403,3,1,0,NULL,'91635574',1),(263,403,3,0,0,NULL,'75685605',2),(264,68,3,1,0,NULL,'16555566',1),(265,68,3,0,0,NULL,'80141999',2),(266,493,3,1,0,NULL,'19057922',1),(267,493,3,0,0,NULL,'97476192',2),(268,140,3,1,0,NULL,'80411299',1),(269,140,3,0,0,NULL,'24060146',2),(270,257,3,1,0,NULL,'59365120',1),(271,257,3,0,0,NULL,'41972513',2),(272,409,3,1,0,NULL,'14810619',1),(273,409,3,0,0,NULL,'86209294',2),(274,281,3,1,0,NULL,'21168824',1),(275,281,3,0,0,NULL,'35097823',2),(276,10,3,1,0,NULL,'14230459',1),(277,10,3,0,0,NULL,'93952045',2),(278,337,3,1,0,NULL,'50542988',1),(279,337,3,0,0,NULL,'78512753',2),(280,497,3,1,0,NULL,'60885423',1),(281,497,3,0,0,NULL,'14546529',2),(282,115,3,1,0,NULL,'97368253',1),(283,115,3,0,0,NULL,'92005059',2),(284,110,3,1,0,NULL,'43581683',1),(285,110,3,0,0,NULL,'83878176',2),(286,44,3,1,0,NULL,'29676520',1),(287,44,3,0,0,NULL,'42238072',2),(288,407,1,1,0,NULL,'91015210',1),(289,407,1,0,0,NULL,'54399380',2),(290,113,1,1,0,NULL,'24737893',1),(291,113,1,0,0,NULL,'86362588',2),(292,413,1,1,0,NULL,'18028835',1),(293,413,1,0,0,NULL,'64452526',2),(294,476,1,1,0,NULL,'11734536',1),(295,476,1,0,0,NULL,'18953634',2),(296,29,1,1,0,NULL,'37983633',1),(297,29,1,0,0,NULL,'26316113',2),(298,349,1,1,0,NULL,'37003257',1),(299,349,1,0,0,NULL,'30940458',2),(300,91,1,1,0,NULL,'81566055',1),(301,91,1,0,0,NULL,'63735529',2),(302,308,1,1,0,NULL,'27090775',1),(303,308,1,0,0,NULL,'21187622',2),(304,454,1,1,0,NULL,'43250771',1),(305,454,1,0,0,NULL,'72124276',2),(306,34,1,1,0,NULL,'56444313',1),(307,34,1,0,0,NULL,'35405938',2),(308,124,1,1,0,NULL,'48919547',1),(309,124,1,0,0,NULL,'89264855',2),(310,179,1,1,0,NULL,'58071046',1),(311,179,1,0,0,NULL,'99407912',2),(312,107,1,1,0,NULL,'52925312',1),(313,107,1,0,0,NULL,'73630172',2),(314,371,1,1,0,NULL,'88758932',1),(315,371,1,0,0,NULL,'74746185',2),(316,299,1,1,0,NULL,'45760156',1),(317,299,1,0,0,NULL,'21641861',2),(318,14,1,1,0,NULL,'48958600',1),(319,14,1,0,0,NULL,'12001991',2),(320,40,1,1,0,NULL,'12380837',1),(321,40,1,0,0,NULL,'23892170',2),(322,313,1,1,0,NULL,'17918973',1),(323,313,1,0,0,NULL,'46547297',2),(324,239,1,1,0,NULL,'38034637',1),(325,239,1,0,0,NULL,'46445987',2),(326,112,1,1,0,NULL,'18474863',1),(327,112,1,0,0,NULL,'82291527',2),(328,137,1,1,0,NULL,'67524214',1),(329,137,1,0,0,NULL,'41197241',2),(330,241,1,1,0,NULL,'21907814',1),(331,241,1,0,0,NULL,'16059226',2),(332,445,1,1,0,NULL,'60072948',1),(333,445,1,0,0,NULL,'12285282',2),(334,128,1,1,0,NULL,'29459169',1),(335,128,1,0,0,NULL,'12900791',2),(336,119,1,1,0,NULL,'40842653',1),(337,119,1,0,0,NULL,'59783641',2),(338,475,1,1,0,NULL,'64441525',1),(339,475,1,0,0,NULL,'41839329',2),(340,67,1,1,0,NULL,'86388332',1),(341,67,1,0,0,NULL,'29039127',2),(342,443,1,1,0,NULL,'39195205',1),(343,443,1,0,0,NULL,'33276096',2),(344,479,1,1,0,NULL,'16200916',1),(345,479,1,0,0,NULL,'33781599',2),(346,292,1,1,0,NULL,'63017369',1),(347,292,1,0,0,NULL,'98029729',2),(348,127,1,1,0,NULL,'50306245',1),(349,127,1,0,0,NULL,'85883160',2),(350,20,1,1,0,NULL,'44446250',1),(351,20,1,0,0,NULL,'22753334',2),(352,28,1,1,0,NULL,'13472745',1),(353,28,1,0,0,NULL,'82845254',2),(354,101,1,1,0,NULL,'92978570',1),(355,101,1,0,0,NULL,'59967056',2),(356,76,1,1,0,NULL,'54188541',1),(357,76,1,0,0,NULL,'26349998',2),(358,428,1,1,0,NULL,'87437413',1),(359,428,1,0,0,NULL,'66142130',2),(360,346,1,1,0,NULL,'79289104',1),(361,346,1,0,0,NULL,'16215961',2),(362,85,1,1,0,NULL,'85201470',1),(363,85,1,0,0,NULL,'11740383',2),(364,109,1,1,0,NULL,'45371053',1),(365,109,1,0,0,NULL,'89515088',2),(366,374,1,1,0,NULL,'72006533',1),(367,374,1,0,0,NULL,'59482156',2),(368,352,1,1,0,NULL,'66911499',1),(369,352,1,0,0,NULL,'92502006',2),(370,338,1,1,0,NULL,'35307689',1),(371,338,1,0,0,NULL,'70206394',2),(372,16,1,1,0,NULL,'82750324',1),(373,16,1,0,0,NULL,'58305127',2),(374,148,1,1,0,NULL,'13391936',1),(375,148,1,0,0,NULL,'19519870',2),(376,275,1,1,0,NULL,'25637513',1),(377,275,1,0,0,NULL,'13591450',2),(378,194,1,1,0,NULL,'21141828',1),(379,194,1,0,0,NULL,'70689433',2),(380,229,1,1,0,NULL,'90760137',1),(381,229,1,0,0,NULL,'97233071',2),(382,361,1,1,0,NULL,'46103081',1),(383,361,1,0,0,NULL,'48312110',2),(384,482,1,1,0,NULL,'31366490',1),(385,482,1,0,0,NULL,'33852642',2),(386,353,1,1,0,NULL,'30683797',1),(387,353,1,0,0,NULL,'23481607',2),(388,379,1,1,0,NULL,'78615297',1),(389,379,1,0,0,NULL,'99334243',2),(390,17,1,1,0,NULL,'39513747',1),(391,17,1,0,0,NULL,'59582141',2),(392,418,1,1,0,NULL,'14013114',1),(393,418,1,0,0,NULL,'80648111',2),(394,170,1,1,0,NULL,'55793938',1),(395,170,1,0,0,NULL,'16962308',2),(396,38,1,1,0,NULL,'57483243',1),(397,38,1,0,0,NULL,'93997669',2),(398,25,1,1,0,NULL,'15196492',1),(399,25,1,0,0,NULL,'65227291',2),(400,149,1,1,0,NULL,'77396330',1),(401,149,1,0,0,NULL,'66599711',2),(402,65,1,1,0,NULL,'62265389',1),(403,65,1,0,0,NULL,'69525842',2),(404,320,1,1,0,NULL,'65649036',1),(405,320,1,0,0,NULL,'70610160',2),(406,358,1,1,0,NULL,'89799233',1),(407,358,1,0,0,NULL,'71379633',2),(408,100,1,1,0,NULL,'39664632',1),(409,100,1,0,0,NULL,'90748544',2),(410,92,1,1,0,NULL,'41283512',1),(411,92,1,0,0,NULL,'96756484',2),(412,481,1,1,0,NULL,'14554464',1),(413,481,1,0,0,NULL,'69053540',2),(414,46,1,1,0,NULL,'52420283',1),(415,46,1,0,0,NULL,'58441566',2),(416,230,1,1,0,NULL,'53901026',1),(417,230,1,0,0,NULL,'35510605',2),(418,247,1,1,0,NULL,'21040268',1),(419,247,1,0,0,NULL,'64902736',2),(420,433,1,1,0,NULL,'61065688',1),(421,433,1,0,0,NULL,'58060650',2),(422,121,1,1,0,NULL,'43182310',1),(423,121,1,0,0,NULL,'83194256',2),(424,463,1,1,0,NULL,'89351636',1),(425,463,1,0,0,NULL,'15294480',2),(426,307,1,1,0,NULL,'87539713',1),(427,307,1,0,0,NULL,'42850397',2),(428,350,1,1,0,NULL,'64337142',1),(429,350,1,0,0,NULL,'94328796',2),(430,265,1,1,0,NULL,'51660773',1),(431,265,1,0,0,NULL,'25962685',2),(432,151,1,1,0,NULL,'31355206',1),(433,151,1,0,0,NULL,'58759219',2),(434,457,1,1,0,NULL,'22344360',1),(435,457,1,0,0,NULL,'83997137',2),(436,304,1,1,0,NULL,'37182329',1),(437,304,1,0,0,NULL,'44974342',2),(438,52,1,1,0,NULL,'81470283',1),(439,52,1,0,0,NULL,'78361696',2),(440,73,1,1,0,NULL,'91051663',1),(441,73,1,0,0,NULL,'16939115',2),(442,491,1,1,0,NULL,'56995513',1),(443,491,1,0,0,NULL,'93764282',2),(444,398,1,1,0,NULL,'45000718',1),(445,398,1,0,0,NULL,'13992930',2),(446,355,1,1,0,NULL,'24353293',1),(447,355,1,0,0,NULL,'61371783',2),(448,125,1,1,0,NULL,'33976619',1),(449,125,1,0,0,NULL,'31337051',2),(450,419,1,1,0,NULL,'88554660',1),(451,419,1,0,0,NULL,'43097021',2),(452,460,1,1,0,NULL,'51199556',1),(453,460,1,0,0,NULL,'69929075',2),(454,191,1,1,0,NULL,'38725073',1),(455,191,1,0,0,NULL,'39739407',2),(456,484,1,1,0,NULL,'39678090',1),(457,484,1,0,0,NULL,'85919474',2),(458,286,1,1,0,NULL,'28635994',1),(459,286,1,0,0,NULL,'23917774',2),(460,427,1,1,0,NULL,'57427228',1),(461,427,1,0,0,NULL,'38982964',2),(462,370,1,1,0,NULL,'46119904',1),(463,370,1,0,0,NULL,'73346764',2),(464,284,1,1,0,NULL,'96813686',1),(465,284,1,0,0,NULL,'66884352',2),(466,122,1,1,0,NULL,'74476573',1),(467,122,1,0,0,NULL,'40874647',2),(468,26,1,1,0,NULL,'81873695',1),(469,26,1,0,0,NULL,'58760669',2),(470,74,1,1,0,NULL,'72040362',1),(471,74,1,0,0,NULL,'50728390',2),(472,143,1,1,0,NULL,'43389714',1),(473,143,1,0,0,NULL,'28870783',2),(474,422,1,1,0,NULL,'94607615',1),(475,422,1,0,0,NULL,'58196971',2),(476,404,1,1,0,NULL,'39840353',1),(477,404,1,0,0,NULL,'47399233',2),(478,83,1,1,0,NULL,'13220087',1),(479,83,1,0,0,NULL,'77010305',2),(480,289,1,1,0,NULL,'20711052',1),(481,289,1,0,0,NULL,'75813011',2),(482,226,1,1,0,NULL,'51654064',1),(483,226,1,0,0,NULL,'26296365',2),(484,13,1,1,0,NULL,'97541324',1),(485,13,1,0,0,NULL,'22510308',2),(486,499,1,1,0,NULL,'83221078',1),(487,499,1,0,0,NULL,'99943361',2),(488,131,1,1,0,NULL,'31730327',1),(489,131,1,0,0,NULL,'99442139',2),(490,166,1,1,0,NULL,'18279621',1),(491,166,1,0,0,NULL,'69007109',2),(492,218,1,1,0,NULL,'36000179',1),(493,218,1,0,0,NULL,'38172571',2),(494,43,1,1,0,NULL,'91724233',1),(495,43,1,0,0,NULL,'82033213',2),(496,235,1,1,0,NULL,'81976934',1),(497,235,1,0,0,NULL,'19967162',2),(498,77,1,1,0,NULL,'59077786',1),(499,77,1,0,0,NULL,'85076097',2),(500,19,1,1,0,NULL,'52671163',1),(501,19,1,0,0,NULL,'56507054',2),(502,70,1,1,0,NULL,'36791426',1),(503,70,1,0,0,NULL,'85060704',2),(504,116,1,1,0,NULL,'82825264',1),(505,116,1,0,0,NULL,'23701191',2),(506,220,1,1,0,NULL,'53839577',1),(507,220,1,0,0,NULL,'69449257',2),(508,341,1,1,0,NULL,'63311091',1),(509,341,1,0,0,NULL,'31448272',2),(510,442,1,1,0,NULL,'67457000',1),(511,442,1,0,0,NULL,'21865690',2),(512,274,1,1,0,NULL,'90330327',1),(513,274,1,0,0,NULL,'46955083',2),(514,89,1,1,0,NULL,'94115182',1),(515,89,1,0,0,NULL,'92709644',2),(516,431,1,1,0,NULL,'85874833',1),(517,431,1,0,0,NULL,'46376411',2),(518,161,1,1,0,NULL,'61606964',1),(519,161,1,0,0,NULL,'83642168',2),(520,236,1,1,0,NULL,'21019726',1),(521,236,1,0,0,NULL,'33495851',2),(522,2,1,1,0,NULL,'94335533',1),(523,2,1,0,0,NULL,'80923291',2),(524,490,1,1,0,NULL,'94094545',1),(525,490,1,0,0,NULL,'87570804',2),(526,97,1,1,0,NULL,'96701039',1),(527,97,1,0,0,NULL,'56648952',2),(528,172,1,1,0,NULL,'41218081',1),(529,172,1,0,0,NULL,'25504794',2),(530,329,1,1,0,NULL,'66601026',1),(531,329,1,0,0,NULL,'45735664',2),(532,451,1,1,0,NULL,'66101060',1),(533,451,1,0,0,NULL,'77491018',2),(534,494,1,1,0,NULL,'21998064',1),(535,494,1,0,0,NULL,'41531972',2),(536,5,1,1,0,NULL,'27192753',1),(537,5,1,0,0,NULL,'31520840',2),(538,448,1,1,0,NULL,'42160382',1),(539,448,1,0,0,NULL,'54776355',2),(540,221,1,1,0,NULL,'17201574',1),(541,221,1,0,0,NULL,'28609901',2),(542,248,1,1,0,NULL,'86205200',1),(543,248,1,0,0,NULL,'37447152',2),(544,415,1,1,0,NULL,'51848062',1),(545,415,1,0,0,NULL,'68985803',2),(546,425,1,1,0,NULL,'11384637',1),(547,425,1,0,0,NULL,'77732541',2),(548,130,1,1,0,NULL,'13810848',1),(549,130,1,0,0,NULL,'50410882',2),(550,208,1,1,0,NULL,'55664527',1),(551,208,1,0,0,NULL,'90303280',2),(552,487,1,1,0,NULL,'17987463',1),(553,487,1,0,0,NULL,'83274597',2),(554,406,1,1,0,NULL,'87883638',1),(555,406,1,0,0,NULL,'28821018',2),(556,344,1,1,0,NULL,'90119533',1),(557,344,1,0,0,NULL,'47852581',2),(558,251,1,1,0,NULL,'72247328',1),(559,251,1,0,0,NULL,'37619318',2),(560,11,1,1,0,NULL,'38742865',1),(561,11,1,0,0,NULL,'21412920',2),(562,NULL,1,0,0,NULL,'204 222-1000',1),(563,NULL,1,0,0,NULL,'204 223-1000',1),(564,NULL,1,0,0,NULL,'303 323-1000',1);
/*!40000 ALTER TABLE `civicrm_phone` ENABLE KEYS */;
UNLOCK TABLES;

--
-- Dumping data for table `civicrm_pledge`
--

LOCK TABLES `civicrm_pledge` WRITE;
/*!40000 ALTER TABLE `civicrm_pledge` DISABLE KEYS */;
INSERT INTO `civicrm_pledge` (`id`, `contact_id`, `contribution_type_id`, `contribution_page_id`, `amount`, `frequency_unit`, `frequency_interval`, `frequency_day`, `installments`, `start_date`, `create_date`, `acknowledge_date`, `modified_date`, `cancel_date`, `end_date`, `honor_contact_id`, `honor_type_id`, `max_reminders`, `initial_reminder_day`, `additional_reminder_day`, `status_id`, `is_test`) VALUES (1,71,1,1,'500.00','month',1,1,1,'2008-07-01 21:19:02','2008-06-26 00:00:00',NULL,NULL,NULL,'2008-07-01 00:00:00',NULL,NULL,1,5,5,1,0),(2,43,1,1,'800.00','month',3,1,4,'2008-07-01 10:11:09','2008-06-23 10:11:14','2008-06-23 10:11:18',NULL,NULL,'2009-04-01 10:11:40',NULL,NULL,1,5,5,5,0),(3,32,1,1,'600.00','month',1,1,3,'2008-06-01 10:12:35','2008-05-14 10:12:44','2008-05-14 10:12:52',NULL,NULL,'2008-08-01 10:13:11',NULL,NULL,1,5,5,5,0);
/*!40000 ALTER TABLE `civicrm_pledge` ENABLE KEYS */;
UNLOCK TABLES;

--
-- Dumping data for table `civicrm_pledge_block`
--

LOCK TABLES `civicrm_pledge_block` WRITE;
/*!40000 ALTER TABLE `civicrm_pledge_block` DISABLE KEYS */;
INSERT INTO `civicrm_pledge_block` (`id`, `entity_table`, `entity_id`, `pledge_frequency_unit`, `is_pledge_interval`, `max_reminders`, `initial_reminder_day`, `additional_reminder_day`) VALUES (1,'civicrm_contribution_page',3,'weekmonthyear',1,1,5,5),(2,'civicrm_contribution_page',1,'weekmonthyear',0,2,5,5);
/*!40000 ALTER TABLE `civicrm_pledge_block` ENABLE KEYS */;
UNLOCK TABLES;

--
-- Dumping data for table `civicrm_pledge_payment`
--

LOCK TABLES `civicrm_pledge_payment` WRITE;
/*!40000 ALTER TABLE `civicrm_pledge_payment` DISABLE KEYS */;
INSERT INTO `civicrm_pledge_payment` (`id`, `pledge_id`, `contribution_id`, `scheduled_amount`, `scheduled_date`, `reminder_date`, `reminder_count`, `status_id`) VALUES (1,1,10,'500.00','2008-07-01 13:03:45',NULL,0,1),(2,2,11,'200.00','2008-07-01 10:59:35',NULL,0,1),(3,2,NULL,'200.00','2008-10-01 10:59:35',NULL,0,2),(4,2,NULL,'200.00','2009-01-01 10:59:35',NULL,0,2),(5,2,NULL,'200.00','2009-04-01 10:59:35',NULL,0,2),(6,3,12,'200.00','2008-06-01 11:00:12',NULL,0,1),(7,3,13,'200.00','2008-07-01 10:59:35','2008-06-28 10:59:41',1,1),(8,3,NULL,'200.00','2008-08-01 11:00:12',NULL,0,2);
/*!40000 ALTER TABLE `civicrm_pledge_payment` ENABLE KEYS */;
UNLOCK TABLES;

--
-- Dumping data for table `civicrm_preferences`
--

LOCK TABLES `civicrm_preferences` WRITE;
/*!40000 ALTER TABLE `civicrm_preferences` DISABLE KEYS */;
INSERT INTO `civicrm_preferences` (`id`, `contact_id`, `is_domain`, `location_count`, `contact_view_options`, `contact_edit_options`, `advanced_search_options`, `user_dashboard_options`, `address_options`, `address_format`, `mailing_format`, `individual_name_format`, `address_standardization_provider`, `address_standardization_userid`, `address_standardization_url`, `editor_id`, `mailing_backend`) VALUES (1,NULL,1,1,'123456789101113','1234','1234567891011121315161718','1234578','1234568910111314','{contact.address_name}\n{contact.street_address}\n{contact.supplemental_address_1}\n{contact.supplemental_address_2}\n{contact.city}{, }{contact.state_province}{ }{contact.postal_code}\n{contact.country}','{contact.contact_name}\n{contact.street_address}\n{contact.supplemental_address_1}\n{contact.supplemental_address_2}\n{contact.city}{, }{contact.state_province}{ }{contact.postal_code}\n{contact.country}','{contact.individual_prefix}{ } {contact.first_name}{ }{contact.middle_name}{ }{contact.last_name}{ }{contact.individual_suffix}',NULL,NULL,NULL,2,NULL);
/*!40000 ALTER TABLE `civicrm_preferences` ENABLE KEYS */;
UNLOCK TABLES;

--
-- Dumping data for table `civicrm_preferences_date`
--

LOCK TABLES `civicrm_preferences_date` WRITE;
/*!40000 ALTER TABLE `civicrm_preferences_date` DISABLE KEYS */;
INSERT INTO `civicrm_preferences_date` (`id`, `name`, `description`, `start`, `end`, `minute_increment`, `format`) VALUES (1,'activityDate','Date for activities including contributions: receive, receipt, cancel. membership: join, start, renew. case: start, end.',20,10,0,NULL),(2,'activityDatetime','Date and time for activity: scheduled. participant: registered.',20,10,1,NULL),(3,'birth','Birth and deceased dates.',100,0,0,NULL),(4,'creditCard','Month and year only for credit card expiration.',0,10,0,'M Y'),(5,'custom','Uses date range passed in by form field. Can pass in a posix date part parameter. Start and end offsets defined here are ignored.',20,20,15,'Y M d h i A'),(6,'datetime','General date and time.',10,3,15,NULL),(7,'duration','Durations in hours and minutes.',0,0,15,'H i'),(8,'fixed','Not used ?',0,5,0,NULL),(9,'mailing','Date and time. Used for scheduling mailings.',0,1,15,'Y M d h i A'),(10,'manual','Date only. For non-general cases. Uses date range passed in by form field. Start and end offsets defined here are ignored.',20,20,0,NULL),(11,'relative','Used in search forms.',20,20,0,NULL);
/*!40000 ALTER TABLE `civicrm_preferences_date` ENABLE KEYS */;
UNLOCK TABLES;

--
-- Dumping data for table `civicrm_premiums`
--

LOCK TABLES `civicrm_premiums` WRITE;
/*!40000 ALTER TABLE `civicrm_premiums` DISABLE KEYS */;
INSERT INTO `civicrm_premiums` (`id`, `entity_table`, `entity_id`, `premiums_active`, `premiums_intro_title`, `premiums_intro_text`, `premiums_contact_email`, `premiums_contact_phone`, `premiums_display_min_contribution`) VALUES (1,'civicrm_contribution_page',1,1,'Thank-you Gifts','We appreciate your support and invite you to choose from the exciting collection of thank-you gifts below. Minimum contribution amounts for each selection are included in the descriptions. (NOTE: These gifts are shown as examples only. No gifts will be sent to donors.)','premiums@example.org',NULL,1);
/*!40000 ALTER TABLE `civicrm_premiums` ENABLE KEYS */;
UNLOCK TABLES;

--
-- Dumping data for table `civicrm_premiums_product`
--

LOCK TABLES `civicrm_premiums_product` WRITE;
/*!40000 ALTER TABLE `civicrm_premiums_product` DISABLE KEYS */;
INSERT INTO `civicrm_premiums_product` (`id`, `premiums_id`, `product_id`, `weight`) VALUES (1,1,1,1);
/*!40000 ALTER TABLE `civicrm_premiums_product` ENABLE KEYS */;
UNLOCK TABLES;

--
-- Dumping data for table `civicrm_price_field`
--

LOCK TABLES `civicrm_price_field` WRITE;
/*!40000 ALTER TABLE `civicrm_price_field` DISABLE KEYS */;
/*!40000 ALTER TABLE `civicrm_price_field` ENABLE KEYS */;
UNLOCK TABLES;

--
-- Dumping data for table `civicrm_price_set`
--

LOCK TABLES `civicrm_price_set` WRITE;
/*!40000 ALTER TABLE `civicrm_price_set` DISABLE KEYS */;
/*!40000 ALTER TABLE `civicrm_price_set` ENABLE KEYS */;
UNLOCK TABLES;

--
-- Dumping data for table `civicrm_price_set_entity`
--

LOCK TABLES `civicrm_price_set_entity` WRITE;
/*!40000 ALTER TABLE `civicrm_price_set_entity` DISABLE KEYS */;
/*!40000 ALTER TABLE `civicrm_price_set_entity` ENABLE KEYS */;
UNLOCK TABLES;

--
-- Dumping data for table `civicrm_product`
--

LOCK TABLES `civicrm_product` WRITE;
/*!40000 ALTER TABLE `civicrm_product` DISABLE KEYS */;
INSERT INTO `civicrm_product` (`id`, `name`, `description`, `sku`, `options`, `image`, `thumbnail`, `price`, `min_contribution`, `cost`, `is_active`, `period_type`, `fixed_period_start_day`, `duration_unit`, `duration_interval`, `frequency_unit`, `frequency_interval`) VALUES (1,'Coffee Mug','This heavy-duty mug is great for home or office, coffee or tea or hot chocolate. Show your support to family, friends and colleagues. Choose from three great colors.','MUG-101','White, Black, Green',NULL,NULL,'12.50','5.00','2.25',1,NULL,NULL,NULL,NULL,NULL,NULL);
/*!40000 ALTER TABLE `civicrm_product` ENABLE KEYS */;
UNLOCK TABLES;

--
-- Dumping data for table `civicrm_project`
--

LOCK TABLES `civicrm_project` WRITE;
/*!40000 ALTER TABLE `civicrm_project` DISABLE KEYS */;
/*!40000 ALTER TABLE `civicrm_project` ENABLE KEYS */;
UNLOCK TABLES;

--
-- Dumping data for table `civicrm_relationship`
--

LOCK TABLES `civicrm_relationship` WRITE;
/*!40000 ALTER TABLE `civicrm_relationship` DISABLE KEYS */;
INSERT INTO `civicrm_relationship` (`id`, `contact_id_a`, `contact_id_b`, `relationship_type_id`, `start_date`, `end_date`, `is_active`, `description`, `is_permission_a_b`, `is_permission_b_a`, `case_id`) VALUES (1,113,474,1,NULL,NULL,1,NULL,0,0,NULL),(2,108,474,1,NULL,NULL,1,NULL,0,0,NULL),(3,113,407,1,NULL,NULL,1,NULL,0,0,NULL),(4,108,407,1,NULL,NULL,1,NULL,0,0,NULL),(5,407,474,2,NULL,NULL,1,NULL,0,0,NULL),(6,108,113,3,NULL,NULL,1,NULL,0,0,NULL),(7,474,178,6,NULL,NULL,1,NULL,0,0,NULL),(8,407,178,7,NULL,NULL,1,NULL,0,0,NULL),(9,113,178,7,NULL,NULL,1,NULL,0,0,NULL),(10,108,178,7,NULL,NULL,1,NULL,0,0,NULL),(11,476,495,1,NULL,NULL,1,NULL,0,0,NULL),(12,29,495,1,NULL,NULL,1,NULL,0,0,NULL),(13,476,413,1,NULL,NULL,1,NULL,0,0,NULL),(14,29,413,1,NULL,NULL,1,NULL,0,0,NULL),(15,413,495,2,NULL,NULL,1,NULL,0,0,NULL),(16,29,476,3,NULL,NULL,1,NULL,0,0,NULL),(17,495,293,6,NULL,NULL,1,NULL,0,0,NULL),(18,413,293,7,NULL,NULL,1,NULL,0,0,NULL),(19,476,293,7,NULL,NULL,1,NULL,0,0,NULL),(20,29,293,7,NULL,NULL,1,NULL,0,0,NULL),(21,308,349,1,NULL,NULL,1,NULL,0,0,NULL),(22,454,349,1,NULL,NULL,1,NULL,0,0,NULL),(23,308,91,1,NULL,NULL,1,NULL,0,0,NULL),(24,454,91,1,NULL,NULL,1,NULL,0,0,NULL),(25,91,349,2,NULL,NULL,1,NULL,0,0,NULL),(26,454,308,3,NULL,NULL,1,NULL,0,0,NULL),(27,349,4,6,NULL,NULL,1,NULL,0,0,NULL),(28,91,4,7,NULL,NULL,1,NULL,0,0,NULL),(29,308,4,7,NULL,NULL,1,NULL,0,0,NULL),(30,454,4,7,NULL,NULL,1,NULL,0,0,NULL),(31,282,297,1,NULL,NULL,1,NULL,0,0,NULL),(32,444,297,1,NULL,NULL,1,NULL,0,0,NULL),(33,282,34,1,NULL,NULL,1,NULL,0,0,NULL),(34,444,34,1,NULL,NULL,1,NULL,0,0,NULL),(35,34,297,2,NULL,NULL,1,NULL,0,0,NULL),(36,444,282,3,NULL,NULL,1,NULL,0,0,NULL),(37,297,49,6,NULL,NULL,1,NULL,0,0,NULL),(38,34,49,7,NULL,NULL,1,NULL,0,0,NULL),(39,282,49,7,NULL,NULL,1,NULL,0,0,NULL),(40,444,49,7,NULL,NULL,1,NULL,0,0,NULL),(41,179,441,1,NULL,NULL,1,NULL,0,0,NULL),(42,107,441,1,NULL,NULL,1,NULL,0,0,NULL),(43,179,124,1,NULL,NULL,1,NULL,0,0,NULL),(44,107,124,1,NULL,NULL,1,NULL,0,0,NULL),(45,124,441,2,NULL,NULL,1,NULL,0,0,NULL),(46,107,179,3,NULL,NULL,1,NULL,0,0,NULL),(47,441,45,6,NULL,NULL,1,NULL,0,0,NULL),(48,124,45,7,NULL,NULL,1,NULL,0,0,NULL),(49,179,45,7,NULL,NULL,1,NULL,0,0,NULL),(50,107,45,7,NULL,NULL,1,NULL,0,0,NULL),(51,288,371,1,NULL,NULL,1,NULL,0,0,NULL),(52,14,371,1,NULL,NULL,1,NULL,0,0,NULL),(53,288,299,1,NULL,NULL,1,NULL,0,0,NULL),(54,14,299,1,NULL,NULL,1,NULL,0,0,NULL),(55,299,371,2,NULL,NULL,1,NULL,0,0,NULL),(56,14,288,3,NULL,NULL,1,NULL,0,0,NULL),(57,371,198,6,NULL,NULL,1,NULL,0,0,NULL),(58,299,198,7,NULL,NULL,1,NULL,0,0,NULL),(59,288,198,7,NULL,NULL,1,NULL,0,0,NULL),(60,14,198,7,NULL,NULL,1,NULL,0,0,NULL),(61,363,40,1,NULL,NULL,1,NULL,0,0,NULL),(62,239,40,1,NULL,NULL,1,NULL,0,0,NULL),(63,363,313,1,NULL,NULL,1,NULL,0,0,NULL),(64,239,313,1,NULL,NULL,1,NULL,0,0,NULL),(65,313,40,2,NULL,NULL,1,NULL,0,0,NULL),(66,239,363,3,NULL,NULL,1,NULL,0,0,NULL),(67,40,246,6,NULL,NULL,1,NULL,0,0,NULL),(68,313,246,7,NULL,NULL,1,NULL,0,0,NULL),(69,363,246,7,NULL,NULL,1,NULL,0,0,NULL),(70,239,246,7,NULL,NULL,1,NULL,0,0,NULL),(71,137,39,1,NULL,NULL,1,NULL,0,0,NULL),(72,471,39,1,NULL,NULL,1,NULL,0,0,NULL),(73,137,112,1,NULL,NULL,1,NULL,0,0,NULL),(74,471,112,1,NULL,NULL,1,NULL,0,0,NULL),(75,112,39,2,NULL,NULL,1,NULL,0,0,NULL),(76,471,137,3,NULL,NULL,1,NULL,0,0,NULL),(77,39,139,6,NULL,NULL,1,NULL,0,0,NULL),(78,112,139,7,NULL,NULL,1,NULL,0,0,NULL),(79,137,139,7,NULL,NULL,1,NULL,0,0,NULL),(80,471,139,7,NULL,NULL,1,NULL,0,0,NULL),(81,445,241,1,NULL,NULL,1,NULL,0,0,NULL),(82,321,241,1,NULL,NULL,1,NULL,0,0,NULL),(83,445,15,1,NULL,NULL,1,NULL,0,0,NULL),(84,321,15,1,NULL,NULL,1,NULL,0,0,NULL),(85,15,241,2,NULL,NULL,1,NULL,0,0,NULL),(86,321,445,3,NULL,NULL,1,NULL,0,0,NULL),(87,241,376,6,NULL,NULL,1,NULL,0,0,NULL),(88,15,376,7,NULL,NULL,1,NULL,0,0,NULL),(89,445,376,7,NULL,NULL,1,NULL,0,0,NULL),(90,321,376,7,NULL,NULL,1,NULL,0,0,NULL),(91,128,3,1,NULL,NULL,1,NULL,0,0,NULL),(92,119,3,1,NULL,NULL,1,NULL,0,0,NULL),(93,128,327,1,NULL,NULL,1,NULL,0,0,NULL),(94,119,327,1,NULL,NULL,1,NULL,0,0,NULL),(95,327,3,2,NULL,NULL,1,NULL,0,0,NULL),(96,119,128,3,NULL,NULL,1,NULL,0,0,NULL),(97,3,8,6,NULL,NULL,1,NULL,0,0,NULL),(98,327,8,7,NULL,NULL,1,NULL,0,0,NULL),(99,128,8,7,NULL,NULL,1,NULL,0,0,NULL),(100,119,8,7,NULL,NULL,1,NULL,0,0,NULL),(101,252,243,1,NULL,NULL,1,NULL,0,0,NULL),(102,475,243,1,NULL,NULL,1,NULL,0,0,NULL),(103,252,222,1,NULL,NULL,1,NULL,0,0,NULL),(104,475,222,1,NULL,NULL,1,NULL,0,0,NULL),(105,222,243,2,NULL,NULL,1,NULL,0,0,NULL),(106,475,252,3,NULL,NULL,1,NULL,0,0,NULL),(107,243,310,6,NULL,NULL,1,NULL,0,0,NULL),(108,222,310,7,NULL,NULL,1,NULL,0,0,NULL),(109,252,310,7,NULL,NULL,1,NULL,0,0,NULL),(110,475,310,7,NULL,NULL,1,NULL,0,0,NULL),(111,479,67,1,NULL,NULL,1,NULL,0,0,NULL),(112,345,67,1,NULL,NULL,1,NULL,0,0,NULL),(113,479,443,1,NULL,NULL,1,NULL,0,0,NULL),(114,345,443,1,NULL,NULL,1,NULL,0,0,NULL),(115,443,67,2,NULL,NULL,1,NULL,0,0,NULL),(116,345,479,3,NULL,NULL,1,NULL,0,0,NULL),(117,67,66,6,NULL,NULL,1,NULL,0,0,NULL),(118,443,66,7,NULL,NULL,1,NULL,0,0,NULL),(119,479,66,7,NULL,NULL,1,NULL,0,0,NULL),(120,345,66,7,NULL,NULL,1,NULL,0,0,NULL),(121,20,292,1,NULL,NULL,1,NULL,0,0,NULL),(122,402,292,1,NULL,NULL,1,NULL,0,0,NULL),(123,20,127,1,NULL,NULL,1,NULL,0,0,NULL),(124,402,127,1,NULL,NULL,1,NULL,0,0,NULL),(125,127,292,2,NULL,NULL,1,NULL,0,0,NULL),(126,402,20,3,NULL,NULL,1,NULL,0,0,NULL),(127,292,133,6,NULL,NULL,1,NULL,0,0,NULL),(128,127,133,7,NULL,NULL,1,NULL,0,0,NULL),(129,20,133,7,NULL,NULL,1,NULL,0,0,NULL),(130,402,133,7,NULL,NULL,1,NULL,0,0,NULL),(131,76,28,1,NULL,NULL,1,NULL,0,0,NULL),(132,428,28,1,NULL,NULL,1,NULL,0,0,NULL),(133,76,101,1,NULL,NULL,1,NULL,0,0,NULL),(134,428,101,1,NULL,NULL,1,NULL,0,0,NULL),(135,101,28,2,NULL,NULL,1,NULL,0,0,NULL),(136,428,76,3,NULL,NULL,1,NULL,0,0,NULL),(137,28,150,6,NULL,NULL,1,NULL,0,0,NULL),(138,101,150,7,NULL,NULL,1,NULL,0,0,NULL),(139,76,150,7,NULL,NULL,1,NULL,0,0,NULL),(140,428,150,7,NULL,NULL,1,NULL,0,0,NULL),(141,85,346,1,NULL,NULL,1,NULL,0,0,NULL),(142,109,346,1,NULL,NULL,1,NULL,0,0,NULL),(143,85,231,1,NULL,NULL,1,NULL,0,0,NULL),(144,109,231,1,NULL,NULL,1,NULL,0,0,NULL),(145,231,346,2,NULL,NULL,1,NULL,0,0,NULL),(146,109,85,3,NULL,NULL,1,NULL,0,0,NULL),(147,346,302,6,NULL,NULL,1,NULL,0,0,NULL),(148,231,302,7,NULL,NULL,1,NULL,0,0,NULL),(149,85,302,7,NULL,NULL,1,NULL,0,0,NULL),(150,109,302,7,NULL,NULL,1,NULL,0,0,NULL),(151,135,374,1,NULL,NULL,1,NULL,0,0,NULL),(152,338,374,1,NULL,NULL,1,NULL,0,0,NULL),(153,135,352,1,NULL,NULL,1,NULL,0,0,NULL),(154,338,352,1,NULL,NULL,1,NULL,0,0,NULL),(155,352,374,2,NULL,NULL,1,NULL,0,0,NULL),(156,338,135,3,NULL,NULL,1,NULL,0,0,NULL),(157,374,331,6,NULL,NULL,1,NULL,0,0,NULL),(158,352,331,7,NULL,NULL,1,NULL,0,0,NULL),(159,135,331,7,NULL,NULL,1,NULL,0,0,NULL),(160,338,331,7,NULL,NULL,1,NULL,0,0,NULL),(161,275,16,1,NULL,NULL,1,NULL,0,0,NULL),(162,194,16,1,NULL,NULL,1,NULL,0,0,NULL),(163,275,148,1,NULL,NULL,1,NULL,0,0,NULL),(164,194,148,1,NULL,NULL,1,NULL,0,0,NULL),(165,148,16,2,NULL,NULL,1,NULL,0,0,NULL),(166,194,275,3,NULL,NULL,1,NULL,0,0,NULL),(167,16,56,6,NULL,NULL,1,NULL,0,0,NULL),(168,148,56,7,NULL,NULL,1,NULL,0,0,NULL),(169,275,56,7,NULL,NULL,1,NULL,0,0,NULL),(170,194,56,7,NULL,NULL,1,NULL,0,0,NULL),(171,361,273,1,NULL,NULL,1,NULL,0,0,NULL),(172,333,273,1,NULL,NULL,1,NULL,0,0,NULL),(173,361,229,1,NULL,NULL,1,NULL,0,0,NULL),(174,333,229,1,NULL,NULL,1,NULL,0,0,NULL),(175,229,273,2,NULL,NULL,1,NULL,0,0,NULL),(176,333,361,3,NULL,NULL,1,NULL,0,0,NULL),(177,273,98,6,NULL,NULL,1,NULL,0,0,NULL),(178,229,98,7,NULL,NULL,1,NULL,0,0,NULL),(179,361,98,7,NULL,NULL,1,NULL,0,0,NULL),(180,333,98,7,NULL,NULL,1,NULL,0,0,NULL),(181,498,482,1,NULL,NULL,1,NULL,0,0,NULL),(182,353,482,1,NULL,NULL,1,NULL,0,0,NULL),(183,498,114,1,NULL,NULL,1,NULL,0,0,NULL),(184,353,114,1,NULL,NULL,1,NULL,0,0,NULL),(185,114,482,2,NULL,NULL,1,NULL,0,0,NULL),(186,353,498,3,NULL,NULL,1,NULL,0,0,NULL),(187,482,486,6,NULL,NULL,1,NULL,0,0,NULL),(188,114,486,7,NULL,NULL,1,NULL,0,0,NULL),(189,498,486,7,NULL,NULL,1,NULL,0,0,NULL),(190,353,486,7,NULL,NULL,1,NULL,0,0,NULL),(191,379,48,1,NULL,NULL,1,NULL,0,0,NULL),(192,417,48,1,NULL,NULL,1,NULL,0,0,NULL),(193,379,201,1,NULL,NULL,1,NULL,0,0,NULL),(194,417,201,1,NULL,NULL,1,NULL,0,0,NULL),(195,201,48,2,NULL,NULL,1,NULL,0,0,NULL),(196,417,379,3,NULL,NULL,1,NULL,0,0,NULL),(197,48,94,6,NULL,NULL,1,NULL,0,0,NULL),(198,201,94,7,NULL,NULL,1,NULL,0,0,NULL),(199,379,94,7,NULL,NULL,1,NULL,0,0,NULL),(200,417,94,7,NULL,NULL,1,NULL,0,0,NULL),(201,17,147,1,NULL,NULL,1,NULL,0,0,NULL),(202,9,147,1,NULL,NULL,1,NULL,0,0,NULL),(203,17,351,1,NULL,NULL,1,NULL,0,0,NULL),(204,9,351,1,NULL,NULL,1,NULL,0,0,NULL),(205,351,147,2,NULL,NULL,1,NULL,0,0,NULL),(206,9,17,3,NULL,NULL,1,NULL,0,0,NULL),(207,147,485,6,NULL,NULL,1,NULL,0,0,NULL),(208,351,485,7,NULL,NULL,1,NULL,0,0,NULL),(209,17,485,7,NULL,NULL,1,NULL,0,0,NULL),(210,9,485,7,NULL,NULL,1,NULL,0,0,NULL),(211,213,63,1,NULL,NULL,1,NULL,0,0,NULL),(212,170,63,1,NULL,NULL,1,NULL,0,0,NULL),(213,213,418,1,NULL,NULL,1,NULL,0,0,NULL),(214,170,418,1,NULL,NULL,1,NULL,0,0,NULL),(215,418,63,2,NULL,NULL,1,NULL,0,0,NULL),(216,170,213,3,NULL,NULL,1,NULL,0,0,NULL),(217,63,449,6,NULL,NULL,1,NULL,0,0,NULL),(218,418,449,7,NULL,NULL,1,NULL,0,0,NULL),(219,213,449,7,NULL,NULL,1,NULL,0,0,NULL),(220,170,449,7,NULL,NULL,1,NULL,0,0,NULL),(221,384,38,1,NULL,NULL,1,NULL,0,0,NULL),(222,149,38,1,NULL,NULL,1,NULL,0,0,NULL),(223,384,25,1,NULL,NULL,1,NULL,0,0,NULL),(224,149,25,1,NULL,NULL,1,NULL,0,0,NULL),(225,25,38,2,NULL,NULL,1,NULL,0,0,NULL),(226,149,384,3,NULL,NULL,1,NULL,0,0,NULL),(227,38,348,6,NULL,NULL,1,NULL,0,0,NULL),(228,25,348,7,NULL,NULL,1,NULL,0,0,NULL),(229,384,348,7,NULL,NULL,1,NULL,0,0,NULL),(230,149,348,7,NULL,NULL,1,NULL,0,0,NULL),(231,358,65,1,NULL,NULL,1,NULL,0,0,NULL),(232,100,65,1,NULL,NULL,1,NULL,0,0,NULL),(233,358,320,1,NULL,NULL,1,NULL,0,0,NULL),(234,100,320,1,NULL,NULL,1,NULL,0,0,NULL),(235,320,65,2,NULL,NULL,1,NULL,0,0,NULL),(236,100,358,3,NULL,NULL,1,NULL,0,0,NULL),(237,65,242,6,NULL,NULL,1,NULL,0,0,NULL),(238,320,242,7,NULL,NULL,1,NULL,0,0,NULL),(239,358,242,7,NULL,NULL,1,NULL,0,0,NULL),(240,100,242,7,NULL,NULL,1,NULL,0,0,NULL),(241,93,36,1,NULL,NULL,1,NULL,0,0,NULL),(242,342,36,1,NULL,NULL,1,NULL,0,0,NULL),(243,93,92,1,NULL,NULL,1,NULL,0,0,NULL),(244,342,92,1,NULL,NULL,1,NULL,0,0,NULL),(245,92,36,2,NULL,NULL,1,NULL,0,0,NULL),(246,342,93,3,NULL,NULL,1,NULL,0,0,NULL),(247,36,385,6,NULL,NULL,1,NULL,0,0,NULL),(248,92,385,7,NULL,NULL,1,NULL,0,0,NULL),(249,93,385,7,NULL,NULL,1,NULL,0,0,NULL),(250,342,385,7,NULL,NULL,1,NULL,0,0,NULL),(251,309,481,1,NULL,NULL,1,NULL,0,0,NULL),(252,51,481,1,NULL,NULL,1,NULL,0,0,NULL),(253,309,46,1,NULL,NULL,1,NULL,0,0,NULL),(254,51,46,1,NULL,NULL,1,NULL,0,0,NULL),(255,46,481,2,NULL,NULL,1,NULL,0,0,NULL),(256,51,309,3,NULL,NULL,1,NULL,0,0,NULL),(257,481,87,6,NULL,NULL,1,NULL,0,0,NULL),(258,46,87,7,NULL,NULL,1,NULL,0,0,NULL),(259,309,87,7,NULL,NULL,1,NULL,0,0,NULL),(260,51,87,7,NULL,NULL,1,NULL,0,0,NULL),(261,247,230,1,NULL,NULL,1,NULL,0,0,NULL),(262,375,230,1,NULL,NULL,1,NULL,0,0,NULL),(263,247,240,1,NULL,NULL,1,NULL,0,0,NULL),(264,375,240,1,NULL,NULL,1,NULL,0,0,NULL),(265,240,230,2,NULL,NULL,1,NULL,0,0,NULL),(266,375,247,3,NULL,NULL,1,NULL,0,0,NULL),(267,230,388,6,NULL,NULL,1,NULL,0,0,NULL),(268,240,388,7,NULL,NULL,1,NULL,0,0,NULL),(269,247,388,7,NULL,NULL,1,NULL,0,0,NULL),(270,375,388,7,NULL,NULL,1,NULL,0,0,NULL),(271,120,433,1,NULL,NULL,1,NULL,0,0,NULL),(272,463,433,1,NULL,NULL,1,NULL,0,0,NULL),(273,120,121,1,NULL,NULL,1,NULL,0,0,NULL),(274,463,121,1,NULL,NULL,1,NULL,0,0,NULL),(275,121,433,2,NULL,NULL,1,NULL,0,0,NULL),(276,463,120,3,NULL,NULL,1,NULL,0,0,NULL),(277,433,488,6,NULL,NULL,1,NULL,0,0,NULL),(278,121,488,7,NULL,NULL,1,NULL,0,0,NULL),(279,120,488,7,NULL,NULL,1,NULL,0,0,NULL),(280,463,488,7,NULL,NULL,1,NULL,0,0,NULL),(281,307,426,1,NULL,NULL,1,NULL,0,0,NULL),(282,350,426,1,NULL,NULL,1,NULL,0,0,NULL),(283,307,42,1,NULL,NULL,1,NULL,0,0,NULL),(284,350,42,1,NULL,NULL,1,NULL,0,0,NULL),(285,42,426,2,NULL,NULL,1,NULL,0,0,NULL),(286,350,307,3,NULL,NULL,1,NULL,0,0,NULL),(287,426,397,6,NULL,NULL,1,NULL,0,0,NULL),(288,42,397,7,NULL,NULL,1,NULL,0,0,NULL),(289,307,397,7,NULL,NULL,1,NULL,0,0,NULL),(290,350,397,7,NULL,NULL,1,NULL,0,0,NULL),(291,151,129,1,NULL,NULL,1,NULL,0,0,NULL),(292,457,129,1,NULL,NULL,1,NULL,0,0,NULL),(293,151,265,1,NULL,NULL,1,NULL,0,0,NULL),(294,457,265,1,NULL,NULL,1,NULL,0,0,NULL),(295,265,129,2,NULL,NULL,1,NULL,0,0,NULL),(296,457,151,3,NULL,NULL,1,NULL,0,0,NULL),(297,129,470,6,NULL,NULL,1,NULL,0,0,NULL),(298,265,470,7,NULL,NULL,1,NULL,0,0,NULL),(299,151,470,7,NULL,NULL,1,NULL,0,0,NULL),(300,457,470,7,NULL,NULL,1,NULL,0,0,NULL),(301,73,304,1,NULL,NULL,1,NULL,0,0,NULL),(302,491,304,1,NULL,NULL,1,NULL,0,0,NULL),(303,73,52,1,NULL,NULL,1,NULL,0,0,NULL),(304,491,52,1,NULL,NULL,1,NULL,0,0,NULL),(305,52,304,2,NULL,NULL,1,NULL,0,0,NULL),(306,491,73,3,NULL,NULL,1,NULL,0,0,NULL),(307,304,357,6,NULL,NULL,1,NULL,0,0,NULL),(308,52,357,7,NULL,NULL,1,NULL,0,0,NULL),(309,73,357,7,NULL,NULL,1,NULL,0,0,NULL),(310,491,357,7,NULL,NULL,1,NULL,0,0,NULL),(311,300,75,1,NULL,NULL,1,NULL,0,0,NULL),(312,398,75,1,NULL,NULL,1,NULL,0,0,NULL),(313,300,480,1,NULL,NULL,1,NULL,0,0,NULL),(314,398,480,1,NULL,NULL,1,NULL,0,0,NULL),(315,480,75,2,NULL,NULL,1,NULL,0,0,NULL),(316,398,300,3,NULL,NULL,1,NULL,0,0,NULL),(317,75,141,6,NULL,NULL,1,NULL,0,0,NULL),(318,480,141,7,NULL,NULL,1,NULL,0,0,NULL),(319,300,141,7,NULL,NULL,1,NULL,0,0,NULL),(320,398,141,7,NULL,NULL,1,NULL,0,0,NULL),(321,355,483,1,NULL,NULL,1,NULL,0,0,NULL),(322,125,483,1,NULL,NULL,1,NULL,0,0,NULL),(323,355,330,1,NULL,NULL,1,NULL,0,0,NULL),(324,125,330,1,NULL,NULL,1,NULL,0,0,NULL),(325,330,483,2,NULL,NULL,1,NULL,0,0,NULL),(326,125,355,3,NULL,NULL,1,NULL,0,0,NULL),(327,483,271,6,NULL,NULL,1,NULL,0,0,NULL),(328,330,271,7,NULL,NULL,1,NULL,0,0,NULL),(329,355,271,7,NULL,NULL,1,NULL,0,0,NULL),(330,125,271,7,NULL,NULL,1,NULL,0,0,NULL),(331,191,419,1,NULL,NULL,1,NULL,0,0,NULL),(332,484,419,1,NULL,NULL,1,NULL,0,0,NULL),(333,191,460,1,NULL,NULL,1,NULL,0,0,NULL),(334,484,460,1,NULL,NULL,1,NULL,0,0,NULL),(335,460,419,2,NULL,NULL,1,NULL,0,0,NULL),(336,484,191,3,NULL,NULL,1,NULL,0,0,NULL),(337,419,202,6,NULL,NULL,1,NULL,0,0,NULL),(338,460,202,7,NULL,NULL,1,NULL,0,0,NULL),(339,191,202,7,NULL,NULL,1,NULL,0,0,NULL),(340,484,202,7,NULL,NULL,1,NULL,0,0,NULL),(341,370,286,1,NULL,NULL,1,NULL,0,0,NULL),(342,225,286,1,NULL,NULL,1,NULL,0,0,NULL),(343,370,427,1,NULL,NULL,1,NULL,0,0,NULL),(344,225,427,1,NULL,NULL,1,NULL,0,0,NULL),(345,427,286,2,NULL,NULL,1,NULL,0,0,NULL),(346,225,370,3,NULL,NULL,1,NULL,0,0,NULL),(347,286,434,6,NULL,NULL,1,NULL,0,0,NULL),(348,427,434,7,NULL,NULL,1,NULL,0,0,NULL),(349,370,434,7,NULL,NULL,1,NULL,0,0,NULL),(350,225,434,7,NULL,NULL,1,NULL,0,0,NULL),(351,284,144,1,NULL,NULL,1,NULL,0,0,NULL),(352,501,144,1,NULL,NULL,1,NULL,0,0,NULL),(353,284,396,1,NULL,NULL,1,NULL,0,0,NULL),(354,501,396,1,NULL,NULL,1,NULL,0,0,NULL),(355,396,144,2,NULL,NULL,1,NULL,0,0,NULL),(356,501,284,3,NULL,NULL,1,NULL,0,0,NULL),(357,144,312,6,NULL,NULL,1,NULL,0,0,NULL),(358,396,312,7,NULL,NULL,1,NULL,0,0,NULL),(359,284,312,7,NULL,NULL,1,NULL,0,0,NULL),(360,501,312,7,NULL,NULL,1,NULL,0,0,NULL),(361,6,122,1,NULL,NULL,1,NULL,0,0,NULL),(362,74,122,1,NULL,NULL,1,NULL,0,0,NULL),(363,6,26,1,NULL,NULL,1,NULL,0,0,NULL),(364,74,26,1,NULL,NULL,1,NULL,0,0,NULL),(365,26,122,2,NULL,NULL,1,NULL,0,0,NULL),(366,74,6,3,NULL,NULL,1,NULL,0,0,NULL),(367,122,224,6,NULL,NULL,1,NULL,0,0,NULL),(368,26,224,7,NULL,NULL,1,NULL,0,0,NULL),(369,6,224,7,NULL,NULL,1,NULL,0,0,NULL),(370,74,224,7,NULL,NULL,1,NULL,0,0,NULL),(371,422,143,1,NULL,NULL,1,NULL,0,0,NULL),(372,404,143,1,NULL,NULL,1,NULL,0,0,NULL),(373,422,315,1,NULL,NULL,1,NULL,0,0,NULL),(374,404,315,1,NULL,NULL,1,NULL,0,0,NULL),(375,315,143,2,NULL,NULL,1,NULL,0,0,NULL),(376,404,422,3,NULL,NULL,1,NULL,0,0,NULL),(377,143,478,6,NULL,NULL,1,NULL,0,0,NULL),(378,315,478,7,NULL,NULL,1,NULL,0,0,NULL),(379,422,478,7,NULL,NULL,1,NULL,0,0,NULL),(380,404,478,7,NULL,NULL,1,NULL,0,0,NULL),(381,336,378,1,NULL,NULL,1,NULL,0,0,NULL),(382,228,378,1,NULL,NULL,1,NULL,0,0,NULL),(383,336,83,1,NULL,NULL,1,NULL,0,0,NULL),(384,228,83,1,NULL,NULL,1,NULL,0,0,NULL),(385,83,378,2,NULL,NULL,1,NULL,0,0,NULL),(386,228,336,3,NULL,NULL,1,NULL,0,0,NULL),(387,378,233,6,NULL,NULL,1,NULL,0,0,NULL),(388,83,233,7,NULL,NULL,1,NULL,0,0,NULL),(389,336,233,7,NULL,NULL,1,NULL,0,0,NULL),(390,228,233,7,NULL,NULL,1,NULL,0,0,NULL),(391,226,84,1,NULL,NULL,1,NULL,0,0,NULL),(392,13,84,1,NULL,NULL,1,NULL,0,0,NULL),(393,226,289,1,NULL,NULL,1,NULL,0,0,NULL),(394,13,289,1,NULL,NULL,1,NULL,0,0,NULL),(395,289,84,2,NULL,NULL,1,NULL,0,0,NULL),(396,13,226,3,NULL,NULL,1,NULL,0,0,NULL),(397,84,496,6,NULL,NULL,1,NULL,0,0,NULL),(398,289,496,7,NULL,NULL,1,NULL,0,0,NULL),(399,226,496,7,NULL,NULL,1,NULL,0,0,NULL),(400,13,496,7,NULL,NULL,1,NULL,0,0,NULL),(401,166,499,1,NULL,NULL,1,NULL,0,0,NULL),(402,218,499,1,NULL,NULL,1,NULL,0,0,NULL),(403,166,131,1,NULL,NULL,1,NULL,0,0,NULL),(404,218,131,1,NULL,NULL,1,NULL,0,0,NULL),(405,131,499,2,NULL,NULL,1,NULL,0,0,NULL),(406,218,166,3,NULL,NULL,1,NULL,0,0,NULL),(407,499,430,6,NULL,NULL,1,NULL,0,0,NULL),(408,131,430,7,NULL,NULL,1,NULL,0,0,NULL),(409,166,430,7,NULL,NULL,1,NULL,0,0,NULL),(410,218,430,7,NULL,NULL,1,NULL,0,0,NULL),(411,235,456,1,NULL,NULL,1,NULL,0,0,NULL),(412,77,456,1,NULL,NULL,1,NULL,0,0,NULL),(413,235,43,1,NULL,NULL,1,NULL,0,0,NULL),(414,77,43,1,NULL,NULL,1,NULL,0,0,NULL),(415,43,456,2,NULL,NULL,1,NULL,0,0,NULL),(416,77,235,3,NULL,NULL,1,NULL,0,0,NULL),(417,456,176,6,NULL,NULL,1,NULL,0,0,NULL),(418,43,176,7,NULL,NULL,1,NULL,0,0,NULL),(419,235,176,7,NULL,NULL,1,NULL,0,0,NULL),(420,77,176,7,NULL,NULL,1,NULL,0,0,NULL),(421,70,19,1,NULL,NULL,1,NULL,0,0,NULL),(422,116,19,1,NULL,NULL,1,NULL,0,0,NULL),(423,70,285,1,NULL,NULL,1,NULL,0,0,NULL),(424,116,285,1,NULL,NULL,1,NULL,0,0,NULL),(425,285,19,2,NULL,NULL,1,NULL,0,0,NULL),(426,116,70,3,NULL,NULL,1,NULL,0,0,NULL),(427,19,167,6,NULL,NULL,1,NULL,0,0,NULL),(428,285,167,7,NULL,NULL,1,NULL,0,0,NULL),(429,70,167,7,NULL,NULL,1,NULL,0,0,NULL),(430,116,167,7,NULL,NULL,1,NULL,0,0,NULL),(431,442,220,1,NULL,NULL,1,NULL,0,0,NULL),(432,414,220,1,NULL,NULL,1,NULL,0,0,NULL),(433,442,341,1,NULL,NULL,1,NULL,0,0,NULL),(434,414,341,1,NULL,NULL,1,NULL,0,0,NULL),(435,341,220,2,NULL,NULL,1,NULL,0,0,NULL),(436,414,442,3,NULL,NULL,1,NULL,0,0,NULL),(437,220,210,6,NULL,NULL,1,NULL,0,0,NULL),(438,341,210,7,NULL,NULL,1,NULL,0,0,NULL),(439,442,210,7,NULL,NULL,1,NULL,0,0,NULL),(440,414,210,7,NULL,NULL,1,NULL,0,0,NULL),(441,89,123,1,NULL,NULL,1,NULL,0,0,NULL),(442,431,123,1,NULL,NULL,1,NULL,0,0,NULL),(443,89,274,1,NULL,NULL,1,NULL,0,0,NULL),(444,431,274,1,NULL,NULL,1,NULL,0,0,NULL),(445,274,123,2,NULL,NULL,1,NULL,0,0,NULL),(446,431,89,3,NULL,NULL,1,NULL,0,0,NULL),(447,123,429,6,NULL,NULL,1,NULL,0,0,NULL),(448,274,429,7,NULL,NULL,1,NULL,0,0,NULL),(449,89,429,7,NULL,NULL,1,NULL,0,0,NULL),(450,431,429,7,NULL,NULL,1,NULL,0,0,NULL),(451,57,161,1,NULL,NULL,1,NULL,0,0,NULL),(452,236,161,1,NULL,NULL,1,NULL,0,0,NULL),(453,57,162,1,NULL,NULL,1,NULL,0,0,NULL),(454,236,162,1,NULL,NULL,1,NULL,0,0,NULL),(455,162,161,2,NULL,NULL,1,NULL,0,0,NULL),(456,236,57,3,NULL,NULL,1,NULL,0,0,NULL),(457,161,223,6,NULL,NULL,1,NULL,0,0,NULL),(458,162,223,7,NULL,NULL,1,NULL,0,0,NULL),(459,57,223,7,NULL,NULL,1,NULL,0,0,NULL),(460,236,223,7,NULL,NULL,1,NULL,0,0,NULL),(461,306,2,1,NULL,NULL,1,NULL,0,0,NULL),(462,81,2,1,NULL,NULL,1,NULL,0,0,NULL),(463,306,291,1,NULL,NULL,1,NULL,0,0,NULL),(464,81,291,1,NULL,NULL,1,NULL,0,0,NULL),(465,291,2,2,NULL,NULL,1,NULL,0,0,NULL),(466,81,306,3,NULL,NULL,1,NULL,0,0,NULL),(467,2,365,6,NULL,NULL,1,NULL,0,0,NULL),(468,291,365,7,NULL,NULL,1,NULL,0,0,NULL),(469,306,365,7,NULL,NULL,1,NULL,0,0,NULL),(470,81,365,7,NULL,NULL,1,NULL,0,0,NULL),(471,97,78,1,NULL,NULL,1,NULL,0,0,NULL),(472,156,78,1,NULL,NULL,1,NULL,0,0,NULL),(473,97,490,1,NULL,NULL,1,NULL,0,0,NULL),(474,156,490,1,NULL,NULL,1,NULL,0,0,NULL),(475,490,78,2,NULL,NULL,1,NULL,0,0,NULL),(476,156,97,3,NULL,NULL,1,NULL,0,0,NULL),(477,78,383,6,NULL,NULL,1,NULL,0,0,NULL),(478,490,383,7,NULL,NULL,1,NULL,0,0,NULL),(479,97,383,7,NULL,NULL,1,NULL,0,0,NULL),(480,156,383,7,NULL,NULL,1,NULL,0,0,NULL),(481,255,172,1,NULL,NULL,1,NULL,0,0,NULL),(482,165,172,1,NULL,NULL,1,NULL,0,0,NULL),(483,255,329,1,NULL,NULL,1,NULL,0,0,NULL),(484,165,329,1,NULL,NULL,1,NULL,0,0,NULL),(485,329,172,2,NULL,NULL,1,NULL,0,0,NULL),(486,165,255,3,NULL,NULL,1,NULL,0,0,NULL),(487,172,253,6,NULL,NULL,1,NULL,0,0,NULL),(488,329,253,7,NULL,NULL,1,NULL,0,0,NULL),(489,255,253,7,NULL,NULL,1,NULL,0,0,NULL),(490,165,253,7,NULL,NULL,1,NULL,0,0,NULL),(491,494,30,1,NULL,NULL,1,NULL,0,0,NULL),(492,168,30,1,NULL,NULL,1,NULL,0,0,NULL),(493,494,451,1,NULL,NULL,1,NULL,0,0,NULL),(494,168,451,1,NULL,NULL,1,NULL,0,0,NULL),(495,451,30,2,NULL,NULL,1,NULL,0,0,NULL),(496,168,494,3,NULL,NULL,1,NULL,0,0,NULL),(497,30,334,6,NULL,NULL,1,NULL,0,0,NULL),(498,451,334,7,NULL,NULL,1,NULL,0,0,NULL),(499,494,334,7,NULL,NULL,1,NULL,0,0,NULL),(500,168,334,7,NULL,NULL,1,NULL,0,0,NULL),(501,448,171,1,NULL,NULL,1,NULL,0,0,NULL),(502,186,171,1,NULL,NULL,1,NULL,0,0,NULL),(503,448,5,1,NULL,NULL,1,NULL,0,0,NULL),(504,186,5,1,NULL,NULL,1,NULL,0,0,NULL),(505,5,171,2,NULL,NULL,1,NULL,0,0,NULL),(506,186,448,3,NULL,NULL,1,NULL,0,0,NULL),(507,171,157,6,NULL,NULL,1,NULL,0,0,NULL),(508,5,157,7,NULL,NULL,1,NULL,0,0,NULL),(509,448,157,7,NULL,NULL,1,NULL,0,0,NULL),(510,186,157,7,NULL,NULL,1,NULL,0,0,NULL),(511,248,221,1,NULL,NULL,1,NULL,0,0,NULL),(512,415,221,1,NULL,NULL,1,NULL,0,0,NULL),(513,248,459,1,NULL,NULL,1,NULL,0,0,NULL),(514,415,459,1,NULL,NULL,1,NULL,0,0,NULL),(515,459,221,2,NULL,NULL,1,NULL,0,0,NULL),(516,415,248,3,NULL,NULL,1,NULL,0,0,NULL),(517,221,23,6,NULL,NULL,1,NULL,0,0,NULL),(518,459,23,7,NULL,NULL,1,NULL,0,0,NULL),(519,248,23,7,NULL,NULL,1,NULL,0,0,NULL),(520,415,23,7,NULL,NULL,1,NULL,0,0,NULL),(521,130,425,1,NULL,NULL,1,NULL,0,0,NULL),(522,208,425,1,NULL,NULL,1,NULL,0,0,NULL),(523,130,207,1,NULL,NULL,1,NULL,0,0,NULL),(524,208,207,1,NULL,NULL,1,NULL,0,0,NULL),(525,207,425,2,NULL,NULL,1,NULL,0,0,NULL),(526,208,130,3,NULL,NULL,1,NULL,0,0,NULL),(527,425,472,6,NULL,NULL,1,NULL,0,0,NULL),(528,207,472,7,NULL,NULL,1,NULL,0,0,NULL),(529,130,472,7,NULL,NULL,1,NULL,0,0,NULL),(530,208,472,7,NULL,NULL,1,NULL,0,0,NULL),(531,258,366,1,NULL,NULL,1,NULL,0,0,NULL),(532,406,366,1,NULL,NULL,1,NULL,0,0,NULL),(533,258,487,1,NULL,NULL,1,NULL,0,0,NULL),(534,406,487,1,NULL,NULL,1,NULL,0,0,NULL),(535,487,366,2,NULL,NULL,1,NULL,0,0,NULL),(536,406,258,3,NULL,NULL,1,NULL,0,0,NULL),(537,366,283,6,NULL,NULL,1,NULL,0,0,NULL),(538,487,283,7,NULL,NULL,1,NULL,0,0,NULL),(539,258,283,7,NULL,NULL,1,NULL,0,0,NULL),(540,406,283,7,NULL,NULL,1,NULL,0,0,NULL),(541,279,204,1,NULL,NULL,1,NULL,0,0,NULL),(542,344,204,1,NULL,NULL,1,NULL,0,0,NULL),(543,279,180,1,NULL,NULL,1,NULL,0,0,NULL),(544,344,180,1,NULL,NULL,1,NULL,0,0,NULL),(545,180,204,2,NULL,NULL,1,NULL,0,0,NULL),(546,344,279,3,NULL,NULL,1,NULL,0,0,NULL),(547,204,464,6,NULL,NULL,1,NULL,0,0,NULL),(548,180,464,7,NULL,NULL,1,NULL,0,0,NULL),(549,279,464,7,NULL,NULL,1,NULL,0,0,NULL),(550,344,464,7,NULL,NULL,1,NULL,0,0,NULL),(551,192,354,1,NULL,NULL,1,NULL,0,0,NULL),(552,11,354,1,NULL,NULL,1,NULL,0,0,NULL),(553,192,251,1,NULL,NULL,1,NULL,0,0,NULL),(554,11,251,1,NULL,NULL,1,NULL,0,0,NULL),(555,251,354,2,NULL,NULL,1,NULL,0,0,NULL),(556,11,192,3,NULL,NULL,1,NULL,0,0,NULL),(557,354,117,6,NULL,NULL,1,NULL,0,0,NULL),(558,251,117,7,NULL,NULL,1,NULL,0,0,NULL),(559,192,117,7,NULL,NULL,1,NULL,0,0,NULL),(560,11,117,7,NULL,NULL,1,NULL,0,0,NULL),(561,175,126,1,NULL,NULL,1,NULL,0,0,NULL),(562,152,126,1,NULL,NULL,1,NULL,0,0,NULL),(563,175,142,1,NULL,NULL,1,NULL,0,0,NULL),(564,152,142,1,NULL,NULL,1,NULL,0,0,NULL),(565,142,126,2,NULL,NULL,1,NULL,0,0,NULL),(566,152,175,3,NULL,NULL,1,NULL,0,0,NULL),(567,126,102,6,NULL,NULL,1,NULL,0,0,NULL),(568,142,102,7,NULL,NULL,1,NULL,0,0,NULL),(569,175,102,7,NULL,NULL,1,NULL,0,0,NULL),(570,152,102,7,NULL,NULL,1,NULL,0,0,NULL),(571,394,467,1,NULL,NULL,1,NULL,0,0,NULL),(572,294,467,1,NULL,NULL,1,NULL,0,0,NULL),(573,394,7,1,NULL,NULL,1,NULL,0,0,NULL),(574,294,7,1,NULL,NULL,1,NULL,0,0,NULL),(575,7,467,2,NULL,NULL,1,NULL,0,0,NULL),(576,294,394,3,NULL,NULL,1,NULL,0,0,NULL),(577,467,200,6,NULL,NULL,1,NULL,0,0,NULL),(578,7,200,7,NULL,NULL,1,NULL,0,0,NULL),(579,394,200,7,NULL,NULL,1,NULL,0,0,NULL),(580,294,200,7,NULL,NULL,1,NULL,0,0,NULL),(581,323,318,1,NULL,NULL,1,NULL,0,0,NULL),(582,391,318,1,NULL,NULL,1,NULL,0,0,NULL),(583,323,195,1,NULL,NULL,1,NULL,0,0,NULL),(584,391,195,1,NULL,NULL,1,NULL,0,0,NULL),(585,195,318,2,NULL,NULL,1,NULL,0,0,NULL),(586,391,323,3,NULL,NULL,1,NULL,0,0,NULL),(587,318,356,6,NULL,NULL,1,NULL,0,0,NULL),(588,195,356,7,NULL,NULL,1,NULL,0,0,NULL),(589,323,356,7,NULL,NULL,1,NULL,0,0,NULL),(590,391,356,7,NULL,NULL,1,NULL,0,0,NULL),(591,347,244,1,NULL,NULL,1,NULL,0,0,NULL),(592,54,244,1,NULL,NULL,1,NULL,0,0,NULL),(593,347,50,1,NULL,NULL,1,NULL,0,0,NULL),(594,54,50,1,NULL,NULL,1,NULL,0,0,NULL),(595,50,244,2,NULL,NULL,1,NULL,0,0,NULL),(596,54,347,3,NULL,NULL,1,NULL,0,0,NULL),(597,244,278,6,NULL,NULL,1,NULL,0,0,NULL),(598,50,278,7,NULL,NULL,1,NULL,0,0,NULL),(599,347,278,7,NULL,NULL,1,NULL,0,0,NULL),(600,54,278,7,NULL,NULL,1,NULL,0,0,NULL),(601,416,435,1,NULL,NULL,1,NULL,0,0,NULL),(602,296,435,1,NULL,NULL,1,NULL,0,0,NULL),(603,416,71,1,NULL,NULL,1,NULL,0,0,NULL),(604,296,71,1,NULL,NULL,1,NULL,0,0,NULL),(605,71,435,2,NULL,NULL,1,NULL,0,0,NULL),(606,296,416,3,NULL,NULL,1,NULL,0,0,NULL),(607,435,369,6,NULL,NULL,1,NULL,0,0,NULL),(608,71,369,7,NULL,NULL,1,NULL,0,0,NULL),(609,416,369,7,NULL,NULL,1,NULL,0,0,NULL),(610,296,369,7,NULL,NULL,1,NULL,0,0,NULL),(611,362,174,1,NULL,NULL,1,NULL,0,0,NULL),(612,319,174,1,NULL,NULL,1,NULL,0,0,NULL),(613,362,340,1,NULL,NULL,1,NULL,0,0,NULL),(614,319,340,1,NULL,NULL,1,NULL,0,0,NULL),(615,340,174,2,NULL,NULL,1,NULL,0,0,NULL),(616,319,362,3,NULL,NULL,1,NULL,0,0,NULL),(617,174,169,6,NULL,NULL,1,NULL,0,0,NULL),(618,340,169,7,NULL,NULL,1,NULL,0,0,NULL),(619,362,169,7,NULL,NULL,1,NULL,0,0,NULL),(620,319,169,7,NULL,NULL,1,NULL,0,0,NULL),(621,24,492,1,NULL,NULL,1,NULL,0,0,NULL),(622,455,492,1,NULL,NULL,1,NULL,0,0,NULL),(623,24,35,1,NULL,NULL,1,NULL,0,0,NULL),(624,455,35,1,NULL,NULL,1,NULL,0,0,NULL),(625,35,492,2,NULL,NULL,1,NULL,0,0,NULL),(626,455,24,3,NULL,NULL,1,NULL,0,0,NULL),(627,492,377,6,NULL,NULL,1,NULL,0,0,NULL),(628,35,377,7,NULL,NULL,1,NULL,0,0,NULL),(629,24,377,7,NULL,NULL,1,NULL,0,0,NULL),(630,455,377,7,NULL,NULL,1,NULL,0,0,NULL),(631,153,408,1,NULL,NULL,1,NULL,0,0,NULL),(632,305,408,1,NULL,NULL,1,NULL,0,0,NULL),(633,153,339,1,NULL,NULL,1,NULL,0,0,NULL),(634,305,339,1,NULL,NULL,1,NULL,0,0,NULL),(635,339,408,2,NULL,NULL,1,NULL,0,0,NULL),(636,305,153,3,NULL,NULL,1,NULL,0,0,NULL),(637,408,399,6,NULL,NULL,1,NULL,0,0,NULL),(638,339,399,7,NULL,NULL,1,NULL,0,0,NULL),(639,153,399,7,NULL,NULL,1,NULL,0,0,NULL),(640,305,399,7,NULL,NULL,1,NULL,0,0,NULL),(641,440,343,1,NULL,NULL,1,NULL,0,0,NULL),(642,303,343,1,NULL,NULL,1,NULL,0,0,NULL),(643,440,187,1,NULL,NULL,1,NULL,0,0,NULL),(644,303,187,1,NULL,NULL,1,NULL,0,0,NULL),(645,187,343,2,NULL,NULL,1,NULL,0,0,NULL),(646,303,440,3,NULL,NULL,1,NULL,0,0,NULL),(647,343,420,6,NULL,NULL,1,NULL,0,0,NULL),(648,187,420,7,NULL,NULL,1,NULL,0,0,NULL),(649,440,420,7,NULL,NULL,1,NULL,0,0,NULL),(650,303,420,7,NULL,NULL,1,NULL,0,0,NULL),(651,58,267,1,NULL,NULL,1,NULL,0,0,NULL),(652,372,267,1,NULL,NULL,1,NULL,0,0,NULL),(653,58,234,1,NULL,NULL,1,NULL,0,0,NULL),(654,372,234,1,NULL,NULL,1,NULL,0,0,NULL),(655,234,267,2,NULL,NULL,1,NULL,0,0,NULL),(656,372,58,3,NULL,NULL,1,NULL,0,0,NULL),(657,267,381,6,NULL,NULL,1,NULL,0,0,NULL),(658,234,381,7,NULL,NULL,1,NULL,0,0,NULL),(659,58,381,7,NULL,NULL,1,NULL,0,0,NULL),(660,372,381,7,NULL,NULL,1,NULL,0,0,NULL),(661,206,290,1,NULL,NULL,1,NULL,0,0,NULL),(662,211,290,1,NULL,NULL,1,NULL,0,0,NULL),(663,206,217,1,NULL,NULL,1,NULL,0,0,NULL),(664,211,217,1,NULL,NULL,1,NULL,0,0,NULL),(665,217,290,2,NULL,NULL,1,NULL,0,0,NULL),(666,211,206,3,NULL,NULL,1,NULL,0,0,NULL),(667,290,88,6,NULL,NULL,1,NULL,0,0,NULL),(668,217,88,7,NULL,NULL,1,NULL,0,0,NULL),(669,206,88,7,NULL,NULL,1,NULL,0,0,NULL),(670,211,88,7,NULL,NULL,1,NULL,0,0,NULL),(671,473,21,1,NULL,NULL,1,NULL,0,0,NULL),(672,62,21,1,NULL,NULL,1,NULL,0,0,NULL),(673,473,53,1,NULL,NULL,1,NULL,0,0,NULL),(674,62,53,1,NULL,NULL,1,NULL,0,0,NULL),(675,53,21,2,NULL,NULL,1,NULL,0,0,NULL),(676,62,473,3,NULL,NULL,1,NULL,0,0,NULL),(677,21,326,6,NULL,NULL,1,NULL,0,0,NULL),(678,53,326,7,NULL,NULL,1,NULL,0,0,NULL),(679,473,326,7,NULL,NULL,1,NULL,0,0,NULL),(680,62,326,7,NULL,NULL,1,NULL,0,0,NULL),(681,60,238,1,NULL,NULL,1,NULL,0,0,NULL),(682,368,238,1,NULL,NULL,1,NULL,0,0,NULL),(683,60,461,1,NULL,NULL,1,NULL,0,0,NULL),(684,368,461,1,NULL,NULL,1,NULL,0,0,NULL),(685,461,238,2,NULL,NULL,1,NULL,0,0,NULL),(686,368,60,3,NULL,NULL,1,NULL,0,0,NULL),(687,238,453,6,NULL,NULL,1,NULL,0,0,NULL),(688,461,453,7,NULL,NULL,1,NULL,0,0,NULL),(689,60,453,7,NULL,NULL,1,NULL,0,0,NULL),(690,368,453,7,NULL,NULL,1,NULL,0,0,NULL),(691,458,158,1,NULL,NULL,1,NULL,0,0,NULL),(692,32,158,1,NULL,NULL,1,NULL,0,0,NULL),(693,458,232,1,NULL,NULL,1,NULL,0,0,NULL),(694,32,232,1,NULL,NULL,1,NULL,0,0,NULL),(695,232,158,2,NULL,NULL,1,NULL,0,0,NULL),(696,32,458,3,NULL,NULL,1,NULL,0,0,NULL),(697,158,64,6,NULL,NULL,1,NULL,0,0,NULL),(698,232,64,7,NULL,NULL,1,NULL,0,0,NULL),(699,458,64,7,NULL,NULL,1,NULL,0,0,NULL),(700,32,64,7,NULL,NULL,1,NULL,0,0,NULL),(701,421,400,1,NULL,NULL,1,NULL,0,0,NULL),(702,184,400,1,NULL,NULL,1,NULL,0,0,NULL),(703,421,322,1,NULL,NULL,1,NULL,0,0,NULL),(704,184,322,1,NULL,NULL,1,NULL,0,0,NULL),(705,322,400,2,NULL,NULL,1,NULL,0,0,NULL),(706,184,421,3,NULL,NULL,1,NULL,0,0,NULL),(707,400,185,6,NULL,NULL,1,NULL,0,0,NULL),(708,322,185,7,NULL,NULL,1,NULL,0,0,NULL),(709,421,185,7,NULL,NULL,1,NULL,0,0,NULL),(710,184,185,7,NULL,NULL,1,NULL,0,0,NULL),(711,268,410,1,NULL,NULL,1,NULL,0,0,NULL),(712,261,410,1,NULL,NULL,1,NULL,0,0,NULL),(713,268,328,1,NULL,NULL,1,NULL,0,0,NULL),(714,261,328,1,NULL,NULL,1,NULL,0,0,NULL),(715,328,410,2,NULL,NULL,1,NULL,0,0,NULL),(716,261,268,3,NULL,NULL,1,NULL,0,0,NULL),(717,410,82,6,NULL,NULL,1,NULL,0,0,NULL),(718,328,82,7,NULL,NULL,1,NULL,0,0,NULL),(719,268,82,7,NULL,NULL,1,NULL,0,0,NULL),(720,261,82,7,NULL,NULL,1,NULL,0,0,NULL),(721,270,280,1,NULL,NULL,1,NULL,0,0,NULL),(722,196,280,1,NULL,NULL,1,NULL,0,0,NULL),(723,270,181,1,NULL,NULL,1,NULL,0,0,NULL),(724,196,181,1,NULL,NULL,1,NULL,0,0,NULL),(725,181,280,2,NULL,NULL,1,NULL,0,0,NULL),(726,196,270,3,NULL,NULL,1,NULL,0,0,NULL),(727,280,80,6,NULL,NULL,1,NULL,0,0,NULL),(728,181,80,7,NULL,NULL,1,NULL,0,0,NULL),(729,270,80,7,NULL,NULL,1,NULL,0,0,NULL),(730,196,80,7,NULL,NULL,1,NULL,0,0,NULL),(731,424,311,1,NULL,NULL,1,NULL,0,0,NULL),(732,90,311,1,NULL,NULL,1,NULL,0,0,NULL),(733,424,199,1,NULL,NULL,1,NULL,0,0,NULL),(734,90,199,1,NULL,NULL,1,NULL,0,0,NULL),(735,199,311,2,NULL,NULL,1,NULL,0,0,NULL),(736,90,424,3,NULL,NULL,1,NULL,0,0,NULL),(737,311,392,6,NULL,NULL,1,NULL,0,0,NULL),(738,199,392,7,NULL,NULL,1,NULL,0,0,NULL),(739,424,392,7,NULL,NULL,1,NULL,0,0,NULL),(740,90,392,7,NULL,NULL,1,NULL,0,0,NULL),(741,105,215,1,NULL,NULL,1,NULL,0,0,NULL),(742,332,215,1,NULL,NULL,1,NULL,0,0,NULL),(743,105,438,1,NULL,NULL,1,NULL,0,0,NULL),(744,332,438,1,NULL,NULL,1,NULL,0,0,NULL),(745,438,215,2,NULL,NULL,1,NULL,0,0,NULL),(746,332,105,3,NULL,NULL,1,NULL,0,0,NULL),(747,215,465,6,NULL,NULL,1,NULL,0,0,NULL),(748,438,465,7,NULL,NULL,1,NULL,0,0,NULL),(749,105,465,7,NULL,NULL,1,NULL,0,0,NULL),(750,332,465,7,NULL,NULL,1,NULL,0,0,NULL);
/*!40000 ALTER TABLE `civicrm_relationship` ENABLE KEYS */;
UNLOCK TABLES;

--
-- Dumping data for table `civicrm_relationship_type`
--

LOCK TABLES `civicrm_relationship_type` WRITE;
/*!40000 ALTER TABLE `civicrm_relationship_type` DISABLE KEYS */;
INSERT INTO `civicrm_relationship_type` (`id`, `name_a_b`, `name_b_a`, `description`, `contact_type_a`, `contact_type_b`, `is_reserved`, `is_active`) VALUES (1,'Child of','Parent of','Parent/child relationship.','Individual','Individual',0,1),(2,'Spouse of','Spouse of','Spousal relationship.','Individual','Individual',0,1),(3,'Sibling of','Sibling of','Sibling relationship.','Individual','Individual',0,1),(4,'Employee of','Employer of','Employment relationship.','Individual','Organization',1,1),(5,'Volunteer for','Volunteer is','Volunteer relationship.','Individual','Organization',0,1),(6,'Head of Household for','Head of Household is','Head of household.','Individual','Household',1,1),(7,'Household Member of','Household Member is','Household membership.','Individual','Household',1,1),(8,'Case Coordinator is','Case Coordinator','Case Coordinator','Individual','Individual',0,1),(9,'Supervised by','Supervisor','Immediate workplace supervisor','Individual','Individual',0,1);
/*!40000 ALTER TABLE `civicrm_relationship_type` ENABLE KEYS */;
UNLOCK TABLES;

--
-- Dumping data for table `civicrm_report_instance`
--

LOCK TABLES `civicrm_report_instance` WRITE;
/*!40000 ALTER TABLE `civicrm_report_instance` DISABLE KEYS */;
/*!40000 ALTER TABLE `civicrm_report_instance` ENABLE KEYS */;
UNLOCK TABLES;

--
-- Dumping data for table `civicrm_saved_search`
--

LOCK TABLES `civicrm_saved_search` WRITE;
/*!40000 ALTER TABLE `civicrm_saved_search` DISABLE KEYS */;
/*!40000 ALTER TABLE `civicrm_saved_search` ENABLE KEYS */;
UNLOCK TABLES;

--
-- Dumping data for table `civicrm_state_province`
--

LOCK TABLES `civicrm_state_province` WRITE;
/*!40000 ALTER TABLE `civicrm_state_province` DISABLE KEYS */;
INSERT INTO `civicrm_state_province` (`id`, `name`, `abbreviation`, `country_id`) VALUES (1000,'Alabama','AL',1228),(1001,'Alaska','AK',1228),(1002,'Arizona','AZ',1228),(1003,'Arkansas','AR',1228),(1004,'California','CA',1228),(1005,'Colorado','CO',1228),(1006,'Connecticut','CT',1228),(1007,'Delaware','DE',1228),(1008,'Florida','FL',1228),(1009,'Georgia','GA',1228),(1010,'Hawaii','HI',1228),(1011,'Idaho','ID',1228),(1012,'Illinois','IL',1228),(1013,'Indiana','IN',1228),(1014,'Iowa','IA',1228),(1015,'Kansas','KS',1228),(1016,'Kentucky','KY',1228),(1017,'Louisiana','LA',1228),(1018,'Maine','ME',1228),(1019,'Maryland','MD',1228),(1020,'Massachusetts','MA',1228),(1021,'Michigan','MI',1228),(1022,'Minnesota','MN',1228),(1023,'Mississippi','MS',1228),(1024,'Missouri','MO',1228),(1025,'Montana','MT',1228),(1026,'Nebraska','NE',1228),(1027,'Nevada','NV',1228),(1028,'New Hampshire','NH',1228),(1029,'New Jersey','NJ',1228),(1030,'New Mexico','NM',1228),(1031,'New York','NY',1228),(1032,'North Carolina','NC',1228),(1033,'North Dakota','ND',1228),(1034,'Ohio','OH',1228),(1035,'Oklahoma','OK',1228),(1036,'Oregon','OR',1228),(1037,'Pennsylvania','PA',1228),(1038,'Rhode Island','RI',1228),(1039,'South Carolina','SC',1228),(1040,'South Dakota','SD',1228),(1041,'Tennessee','TN',1228),(1042,'Texas','TX',1228),(1043,'Utah','UT',1228),(1044,'Vermont','VT',1228),(1045,'Virginia','VA',1228),(1046,'Washington','WA',1228),(1047,'West Virginia','WV',1228),(1048,'Wisconsin','WI',1228),(1049,'Wyoming','WY',1228),(1050,'District of Columbia','DC',1228),(1052,'American Samoa','AS',1228),(1053,'Guam','GU',1228),(1055,'Northern Mariana Islands','MP',1228),(1056,'Puerto Rico','PR',1228),(1057,'Virgin Islands','VI',1228),(1058,'United States Minor Outlying Islands','UM',1228),(1059,'Armed Forces Europe','AE',1228),(1060,'Armed Forces Americas','AA',1228),(1061,'Armed Forces Pacific','AP',1228),(1100,'Alberta','AB',1039),(1101,'British Columbia','BC',1039),(1102,'Manitoba','MB',1039),(1103,'New Brunswick','NB',1039),(1104,'Newfoundland and Labrador','NL',1039),(1105,'Northwest Territories','NT',1039),(1106,'Nova Scotia','NS',1039),(1107,'Nunavut','NU',1039),(1108,'Ontario','ON',1039),(1109,'Prince Edward Island','PE',1039),(1110,'Quebec','QC',1039),(1111,'Saskatchewan','SK',1039),(1112,'Yukon Territory','YT',1039),(1200,'Maharashtra','MM',1101),(1201,'Karnataka','KA',1101),(1202,'Andhra Pradesh','AP',1101),(1203,'Arunachal Pradesh','AR',1101),(1204,'Assam','AS',1101),(1205,'Bihar','BR',1101),(1206,'Chhattisgarh','CH',1101),(1207,'Goa','GA',1101),(1208,'Gujarat','GJ',1101),(1209,'Haryana','HR',1101),(1210,'Himachal Pradesh','HP',1101),(1211,'Jammu and Kashmir','JK',1101),(1212,'Jharkhand','JH',1101),(1213,'Kerala','KL',1101),(1214,'Madhya Pradesh','MP',1101),(1215,'Manipur','MN',1101),(1216,'Meghalaya','ML',1101),(1217,'Mizoram','MZ',1101),(1218,'Nagaland','NL',1101),(1219,'Orissa','OR',1101),(1220,'Punjab','PB',1101),(1221,'Rajasthan','RJ',1101),(1222,'Sikkim','SK',1101),(1223,'Tamil Nadu','TN',1101),(1224,'Tripura','TR',1101),(1225,'Uttaranchal','UL',1101),(1226,'Uttar Pradesh','UP',1101),(1227,'West Bengal','WB',1101),(1228,'Andaman and Nicobar Islands','AN',1101),(1229,'Dadra and Nagar Haveli','DN',1101),(1230,'Daman and Diu','DD',1101),(1231,'Delhi','DL',1101),(1232,'Lakshadweep','LD',1101),(1233,'Pondicherry','PY',1101),(1300,'mazowieckie','MZ',1172),(1301,'pomorskie','PM',1172),(1302,'dolnolskie','DS',1172),(1303,'kujawsko-pomorskie','KP',1172),(1304,'lubelskie','LU',1172),(1305,'lubuskie','LB',1172),(1306,'dzkie','LD',1172),(1307,'maopolskie','MA',1172),(1308,'opolskie','OP',1172),(1309,'podkarpackie','PK',1172),(1310,'podlaskie','PD',1172),(1311,'lskie','SL',1172),(1312,'witokrzyskie','SK',1172),(1313,'warmisko-mazurskie','WN',1172),(1314,'wielkopolskie','WP',1172),(1315,'zachodniopomorskie','ZP',1172),(1500,'Abu Zaby','AZ',1225),(1501,'\'Ajman','AJ',1225),(1502,'Al Fujayrah','FU',1225),(1503,'Ash Shariqah','SH',1225),(1504,'Dubayy','DU',1225),(1505,'Ra\'s al Khaymah','RK',1225),(1506,'Dac Lac','33',1233),(1507,'Umm al Qaywayn','UQ',1225),(1508,'Badakhshan','BDS',1001),(1509,'Badghis','BDG',1001),(1510,'Baghlan','BGL',1001),(1511,'Balkh','BAL',1001),(1512,'Bamian','BAM',1001),(1513,'Farah','FRA',1001),(1514,'Faryab','FYB',1001),(1515,'Ghazni','GHA',1001),(1516,'Ghowr','GHO',1001),(1517,'Helmand','HEL',1001),(1518,'Herat','HER',1001),(1519,'Jowzjan','JOW',1001),(1520,'Kabul','KAB',1001),(1521,'Kandahar','KAN',1001),(1522,'Kapisa','KAP',1001),(1523,'Khowst','KHO',1001),(1524,'Konar','KNR',1001),(1525,'Kondoz','KDZ',1001),(1526,'Laghman','LAG',1001),(1527,'Lowgar','LOW',1001),(1528,'Nangrahar','NAN',1001),(1529,'Nimruz','NIM',1001),(1530,'Nurestan','NUR',1001),(1531,'Oruzgan','ORU',1001),(1532,'Paktia','PIA',1001),(1533,'Paktika','PKA',1001),(1534,'Parwan','PAR',1001),(1535,'Samangan','SAM',1001),(1536,'Sar-e Pol','SAR',1001),(1537,'Takhar','TAK',1001),(1538,'Wardak','WAR',1001),(1539,'Zabol','ZAB',1001),(1540,'Berat','BR',1002),(1541,'Bulqiz','BU',1002),(1542,'Delvin','DL',1002),(1543,'Devoll','DV',1002),(1544,'Dibr','DI',1002),(1545,'Durrss','DR',1002),(1546,'Elbasan','EL',1002),(1547,'Fier','FR',1002),(1548,'Gramsh','GR',1002),(1549,'Gjirokastr','GJ',1002),(1550,'Has','HA',1002),(1551,'Kavaj','KA',1002),(1552,'Kolonj','ER',1002),(1553,'Korc','KO',1002),(1554,'Kruj','KR',1002),(1555,'Kuov','KC',1002),(1556,'Kuks','KU',1002),(1557,'Kurbin','KB',1002),(1558,'Lezh','LE',1002),(1559,'Librazhd','LB',1002),(1560,'Lushnj','LU',1002),(1561,'Malsi e Madhe','MM',1002),(1562,'Mallakastr','MK',1002),(1563,'Mat','MT',1002),(1564,'Mirdit','MR',1002),(1565,'Peqin','PQ',1002),(1566,'Prmet','PR',1002),(1567,'Pogradec','PG',1002),(1568,'Puk','PU',1002),(1569,'Sarand','SR',1002),(1570,'Skrapar','SK',1002),(1571,'Shkodr','SH',1002),(1572,'Tepelen','TE',1002),(1573,'Tiran','TR',1002),(1574,'Tropoj','TP',1002),(1575,'Vlor','VL',1002),(1576,'Erevan','ER',1011),(1577,'Aragacotn','AG',1011),(1578,'Ararat','AR',1011),(1579,'Armavir','AV',1011),(1580,'Gegarkunik\'','GR',1011),(1581,'Kotayk\'','KT',1011),(1582,'Lory','LO',1011),(1583,'Sirak','SH',1011),(1584,'Syunik\'','SU',1011),(1585,'Tavus','TV',1011),(1586,'Vayoc Jor','VD',1011),(1587,'Bengo','BGO',1006),(1588,'Benguela','BGU',1006),(1589,'Bie','BIE',1006),(1590,'Cabinda','CAB',1006),(1591,'Cuando-Cubango','CCU',1006),(1592,'Cuanza Norte','CNO',1006),(1593,'Cuanza Sul','CUS',1006),(1594,'Cunene','CNN',1006),(1595,'Huambo','HUA',1006),(1596,'Huila','HUI',1006),(1597,'Luanda','LUA',1006),(1598,'Lunda Norte','LNO',1006),(1599,'Lunda Sul','LSU',1006),(1600,'Malange','MAL',1006),(1601,'Moxico','MOX',1006),(1602,'Namibe','NAM',1006),(1603,'Uige','UIG',1006),(1604,'Zaire','ZAI',1006),(1605,'Capital federal','C',1010),(1606,'Buenos Aires','B',1010),(1607,'Catamarca','K',1010),(1608,'Cordoba','X',1010),(1609,'Corrientes','W',1010),(1610,'Chaco','H',1010),(1611,'Chubut','U',1010),(1612,'Entre Rios','E',1010),(1613,'Formosa','P',1010),(1614,'Jujuy','Y',1010),(1615,'La Pampa','L',1010),(1616,'Mendoza','M',1010),(1617,'Misiones','N',1010),(1618,'Neuquen','Q',1010),(1619,'Rio Negro','R',1010),(1620,'Salta','A',1010),(1621,'San Juan','J',1010),(1622,'San Luis','D',1010),(1623,'Santa Cruz','Z',1010),(1624,'Santa Fe','S',1010),(1625,'Santiago del Estero','G',1010),(1626,'Tierra del Fuego','V',1010),(1627,'Tucuman','T',1010),(1628,'Burgenland','1',1014),(1629,'Krnten','2',1014),(1630,'Niederosterreich','3',1014),(1631,'Oberosterreich','4',1014),(1632,'Salzburg','5',1014),(1633,'Steiermark','6',1014),(1634,'Tirol','7',1014),(1635,'Vorarlberg','8',1014),(1636,'Wien','9',1014),(1637,'Australian Antarctic Territory','AAT',1013),(1638,'Australian Capital Territory','ACT',1013),(1639,'Northern Territory','NT',1013),(1640,'New South Wales','NSW',1013),(1641,'Queensland','QLD',1013),(1642,'South Australia','SA',1013),(1643,'Tasmania','TAS',1013),(1644,'Victoria','VIC',1013),(1645,'Western Australia','WA',1013),(1646,'Naxcivan','NX',1015),(1647,'Ali Bayramli','AB',1015),(1648,'Baki','BA',1015),(1649,'Ganca','GA',1015),(1650,'Lankaran','LA',1015),(1651,'Mingacevir','MI',1015),(1652,'Naftalan','NA',1015),(1653,'Saki','SA',1015),(1654,'Sumqayit','SM',1015),(1655,'Susa','SS',1015),(1656,'Xankandi','XA',1015),(1657,'Yevlax','YE',1015),(1658,'Abseron','ABS',1015),(1659,'Agcabadi','AGC',1015),(1660,'Agdam','AGM',1015),(1661,'Agdas','AGS',1015),(1662,'Agstafa','AGA',1015),(1663,'Agsu','AGU',1015),(1664,'Astara','AST',1015),(1665,'Babak','BAB',1015),(1666,'Balakan','BAL',1015),(1667,'Barda','BAR',1015),(1668,'Beylagan','BEY',1015),(1669,'Bilasuvar','BIL',1015),(1670,'Cabrayll','CAB',1015),(1671,'Calilabad','CAL',1015),(1672,'Culfa','CUL',1015),(1673,'Daskasan','DAS',1015),(1674,'Davaci','DAV',1015),(1675,'Fuzuli','FUZ',1015),(1676,'Gadabay','GAD',1015),(1677,'Goranboy','GOR',1015),(1678,'Goycay','GOY',1015),(1679,'Haciqabul','HAC',1015),(1680,'Imisli','IMI',1015),(1681,'Ismayilli','ISM',1015),(1682,'Kalbacar','KAL',1015),(1683,'Kurdamir','KUR',1015),(1684,'Lacin','LAC',1015),(1685,'Lerik','LER',1015),(1686,'Masalli','MAS',1015),(1687,'Neftcala','NEF',1015),(1688,'Oguz','OGU',1015),(1689,'Ordubad','ORD',1015),(1690,'Qabala','QAB',1015),(1691,'Qax','QAX',1015),(1692,'Qazax','QAZ',1015),(1693,'Qobustan','QOB',1015),(1694,'Quba','QBA',1015),(1695,'Qubadli','QBI',1015),(1696,'Qusar','QUS',1015),(1697,'Saatli','SAT',1015),(1698,'Sabirabad','SAB',1015),(1699,'Sadarak','SAD',1015),(1700,'Sahbuz','SAH',1015),(1701,'Salyan','SAL',1015),(1702,'Samaxi','SMI',1015),(1703,'Samkir','SKR',1015),(1704,'Samux','SMX',1015),(1705,'Sarur','SAR',1015),(1706,'Siyazan','SIY',1015),(1707,'Tartar','TAR',1015),(1708,'Tovuz','TOV',1015),(1709,'Ucar','UCA',1015),(1710,'Xacmaz','XAC',1015),(1711,'Xanlar','XAN',1015),(1712,'Xizi','XIZ',1015),(1713,'Xocali','XCI',1015),(1714,'Xocavand','XVD',1015),(1715,'Yardimli','YAR',1015),(1716,'Zangilan','ZAN',1015),(1717,'Zaqatala','ZAQ',1015),(1718,'Zardab','ZAR',1015),(1719,'Federacija Bosna i Hercegovina','BIH',1026),(1720,'Republika Srpska','SRP',1026),(1721,'Bagerhat zila','05',1017),(1722,'Bandarban zila','01',1017),(1723,'Barguna zila','02',1017),(1724,'Barisal zila','06',1017),(1725,'Bhola zila','07',1017),(1726,'Bogra zila','03',1017),(1727,'Brahmanbaria zila','04',1017),(1728,'Chandpur zila','09',1017),(1729,'Chittagong zila','10',1017),(1730,'Chuadanga zila','12',1017),(1731,'Comilla zila','08',1017),(1732,'Cox\'s Bazar zila','11',1017),(1733,'Dhaka zila','13',1017),(1734,'Dinajpur zila','14',1017),(1735,'Faridpur zila','15',1017),(1736,'Feni zila','16',1017),(1737,'Gaibandha zila','19',1017),(1738,'Gazipur zila','18',1017),(1739,'Gopalganj zila','17',1017),(1740,'Habiganj zila','20',1017),(1741,'Jaipurhat zila','24',1017),(1742,'Jamalpur zila','21',1017),(1743,'Jessore zila','22',1017),(1744,'Jhalakati zila','25',1017),(1745,'Jhenaidah zila','23',1017),(1746,'Khagrachari zila','29',1017),(1747,'Khulna zila','27',1017),(1748,'Kishorganj zila','26',1017),(1749,'Kurigram zila','28',1017),(1750,'Kushtia zila','30',1017),(1751,'Lakshmipur zila','31',1017),(1752,'Lalmonirhat zila','32',1017),(1753,'Madaripur zila','36',1017),(1754,'Magura zila','37',1017),(1755,'Manikganj zila','33',1017),(1756,'Meherpur zila','39',1017),(1757,'Moulvibazar zila','38',1017),(1758,'Munshiganj zila','35',1017),(1759,'Mymensingh zila','34',1017),(1760,'Naogaon zila','48',1017),(1761,'Narail zila','43',1017),(1762,'Narayanganj zila','40',1017),(1763,'Narsingdi zila','42',1017),(1764,'Natore zila','44',1017),(1765,'Nawabganj zila','45',1017),(1766,'Netrakona zila','41',1017),(1767,'Nilphamari zila','46',1017),(1768,'Noakhali zila','47',1017),(1769,'Pabna zila','49',1017),(1770,'Panchagarh zila','52',1017),(1771,'Patuakhali zila','51',1017),(1772,'Pirojpur zila','50',1017),(1773,'Rajbari zila','53',1017),(1774,'Rajshahi zila','54',1017),(1775,'Rangamati zila','56',1017),(1776,'Rangpur zila','55',1017),(1777,'Satkhira zila','58',1017),(1778,'Shariatpur zila','62',1017),(1779,'Sherpur zila','57',1017),(1780,'Sirajganj zila','59',1017),(1781,'Sunamganj zila','61',1017),(1782,'Sylhet zila','60',1017),(1783,'Tangail zila','63',1017),(1784,'Thakurgaon zila','64',1017),(1785,'Antwerpen','VAN',1020),(1786,'Brabant Wallon','WBR',1020),(1787,'Hainaut','WHT',1020),(1788,'Liege','WLG',1020),(1789,'Limburg','VLI',1020),(1790,'Luxembourg','WLX',1020),(1791,'Namur','WNA',1020),(1792,'Oost-Vlaanderen','VOV',1020),(1793,'Vlaams-Brabant','VBR',1020),(1794,'West-Vlaanderen','VWV',1020),(1795,'Bale','BAL',1034),(1796,'Bam','BAM',1034),(1797,'Banwa','BAN',1034),(1798,'Bazega','BAZ',1034),(1799,'Bougouriba','BGR',1034),(1800,'Boulgou','BLG',1034),(1801,'Boulkiemde','BLK',1034),(1802,'Comoe','COM',1034),(1803,'Ganzourgou','GAN',1034),(1804,'Gnagna','GNA',1034),(1805,'Gourma','GOU',1034),(1806,'Houet','HOU',1034),(1807,'Ioba','IOB',1034),(1808,'Kadiogo','KAD',1034),(1809,'Kenedougou','KEN',1034),(1810,'Komondjari','KMD',1034),(1811,'Kompienga','KMP',1034),(1812,'Kossi','KOS',1034),(1813,'Koulpulogo','KOP',1034),(1814,'Kouritenga','KOT',1034),(1815,'Kourweogo','KOW',1034),(1816,'Leraba','LER',1034),(1817,'Loroum','LOR',1034),(1818,'Mouhoun','MOU',1034),(1819,'Nahouri','NAO',1034),(1820,'Namentenga','NAM',1034),(1821,'Nayala','NAY',1034),(1822,'Noumbiel','NOU',1034),(1823,'Oubritenga','OUB',1034),(1824,'Oudalan','OUD',1034),(1825,'Passore','PAS',1034),(1826,'Poni','PON',1034),(1827,'Sanguie','SNG',1034),(1828,'Sanmatenga','SMT',1034),(1829,'Seno','SEN',1034),(1830,'Siasili','SIS',1034),(1831,'Soum','SOM',1034),(1832,'Sourou','SOR',1034),(1833,'Tapoa','TAP',1034),(1834,'Tui','TUI',1034),(1835,'Yagha','YAG',1034),(1836,'Yatenga','YAT',1034),(1837,'Ziro','ZIR',1034),(1838,'Zondoma','ZON',1034),(1839,'Zoundweogo','ZOU',1034),(1840,'Blagoevgrad','01',1033),(1841,'Burgas','02',1033),(1842,'Dobric','08',1033),(1843,'Gabrovo','07',1033),(1844,'Haskovo','26',1033),(1845,'Jambol','28',1033),(1846,'Kardzali','09',1033),(1847,'Kjstendil','10',1033),(1848,'Lovec','11',1033),(1849,'Montana','12',1033),(1850,'Pazardzik','13',1033),(1851,'Pernik','14',1033),(1852,'Pleven','15',1033),(1853,'Plovdiv','16',1033),(1854,'Razgrad','17',1033),(1855,'Ruse','18',1033),(1856,'Silistra','19',1033),(1857,'Sliven','20',1033),(1858,'Smoljan','21',1033),(1859,'Sofija','23',1033),(1860,'Stara Zagora','24',1033),(1861,'Sumen','27',1033),(1862,'Targoviste','25',1033),(1863,'Varna','03',1033),(1864,'Veliko Tarnovo','04',1033),(1865,'Vidin','05',1033),(1866,'Vraca','06',1033),(1867,'Al Hadd','01',1016),(1868,'Al Manamah','03',1016),(1869,'Al Mintaqah al Gharbiyah','10',1016),(1870,'Al Mintagah al Wusta','07',1016),(1871,'Al Mintaqah ash Shamaliyah','05',1016),(1872,'Al Muharraq','02',1016),(1873,'Ar Rifa','09',1016),(1874,'Jidd Hafs','04',1016),(1875,'Madluat Jamad','12',1016),(1876,'Madluat Isa','08',1016),(1877,'Mintaqat Juzur tawar','11',1016),(1878,'Sitrah','06',1016),(1879,'Bubanza','BB',1036),(1880,'Bujumbura','BJ',1036),(1881,'Bururi','BR',1036),(1882,'Cankuzo','CA',1036),(1883,'Cibitoke','CI',1036),(1884,'Gitega','GI',1036),(1885,'Karuzi','KR',1036),(1886,'Kayanza','KY',1036),(1887,'Makamba','MA',1036),(1888,'Muramvya','MU',1036),(1889,'Mwaro','MW',1036),(1890,'Ngozi','NG',1036),(1891,'Rutana','RT',1036),(1892,'Ruyigi','RY',1036),(1893,'Alibori','AL',1022),(1894,'Atakora','AK',1022),(1895,'Atlantique','AQ',1022),(1896,'Borgou','BO',1022),(1897,'Collines','CO',1022),(1898,'Donga','DO',1022),(1899,'Kouffo','KO',1022),(1900,'Littoral','LI',1022),(1901,'Mono','MO',1022),(1902,'Oueme','OU',1022),(1903,'Plateau','PL',1022),(1904,'Zou','ZO',1022),(1905,'Belait','BE',1032),(1906,'Brunei-Muara','BM',1032),(1907,'Temburong','TE',1032),(1908,'Tutong','TU',1032),(1909,'Cochabamba','C',1025),(1910,'Chuquisaca','H',1025),(1911,'El Beni','B',1025),(1912,'La Paz','L',1025),(1913,'Oruro','O',1025),(1914,'Pando','N',1025),(1915,'Potosi','P',1025),(1916,'Tarija','T',1025),(1917,'Acre','AC',1029),(1918,'Alagoas','AL',1029),(1919,'Amazonas','AM',1029),(1920,'Amapa','AP',1029),(1921,'Baia','BA',1029),(1922,'Ceara','CE',1029),(1923,'Distrito Federal','DF',1029),(1924,'Espirito Santo','ES',1029),(1925,'Fernando de Noronha','FN',1029),(1926,'Goias','GO',1029),(1927,'Maranhao','MA',1029),(1928,'Minas Gerais','MG',1029),(1929,'Mato Grosso do Sul','MS',1029),(1930,'Mato Grosso','MT',1029),(1931,'Para','PA',1029),(1932,'Paraiba','PB',1029),(1933,'Pernambuco','PE',1029),(1934,'Piaui','PI',1029),(1935,'Parana','PR',1029),(1936,'Rio de Janeiro','RJ',1029),(1937,'Rio Grande do Norte','RN',1029),(1938,'Rondonia','RO',1029),(1939,'Roraima','RR',1029),(1940,'Rio Grande do Sul','RS',1029),(1941,'Santa Catarina','SC',1029),(1942,'Sergipe','SE',1029),(1943,'Sao Paulo','SP',1029),(1944,'Tocatins','TO',1029),(1945,'Acklins and Crooked Islands','AC',1212),(1946,'Bimini','BI',1212),(1947,'Cat Island','CI',1212),(1948,'Exuma','EX',1212),(1949,'Freeport','FP',1212),(1950,'Fresh Creek','FC',1212),(1951,'Governor\'s Harbour','GH',1212),(1952,'Green Turtle Cay','GT',1212),(1953,'Harbour Island','HI',1212),(1954,'High Rock','HR',1212),(1955,'Inagua','IN',1212),(1956,'Kemps Bay','KB',1212),(1957,'Long Island','LI',1212),(1958,'Marsh Harbour','MH',1212),(1959,'Mayaguana','MG',1212),(1960,'New Providence','NP',1212),(1961,'Nicholls Town and Berry Islands','NB',1212),(1962,'Ragged Island','RI',1212),(1963,'Rock Sound','RS',1212),(1964,'Sandy Point','SP',1212),(1965,'San Salvador and Rum Cay','SR',1212),(1966,'Bumthang','33',1024),(1967,'Chhukha','12',1024),(1968,'Dagana','22',1024),(1969,'Gasa','GA',1024),(1970,'Ha','13',1024),(1971,'Lhuentse','44',1024),(1972,'Monggar','42',1024),(1973,'Paro','11',1024),(1974,'Pemagatshel','43',1024),(1975,'Punakha','23',1024),(1976,'Samdrup Jongkha','45',1024),(1977,'Samtee','14',1024),(1978,'Sarpang','31',1024),(1979,'Thimphu','15',1024),(1980,'Trashigang','41',1024),(1981,'Trashi Yangtse','TY',1024),(1982,'Trongsa','32',1024),(1983,'Tsirang','21',1024),(1984,'Wangdue Phodrang','24',1024),(1985,'Zhemgang','34',1024),(1986,'Central','CE',1027),(1987,'Ghanzi','GH',1027),(1988,'Kgalagadi','KG',1027),(1989,'Kgatleng','KL',1027),(1990,'Kweneng','KW',1027),(1991,'Ngamiland','NG',1027),(1992,'North-East','NE',1027),(1993,'North-West','NW',1027),(1994,'South-East','SE',1027),(1995,'Southern','SO',1027),(1996,'Brsckaja voblasc\'','BR',1019),(1997,'Homel\'skaja voblasc\'','HO',1019),(1998,'Hrodzenskaja voblasc\'','HR',1019),(1999,'Mahiluskaja voblasc\'','MA',1019),(2000,'Minskaja voblasc\'','MI',1019),(2001,'Vicebskaja voblasc\'','VI',1019),(2002,'Belize','BZ',1021),(2003,'Cayo','CY',1021),(2004,'Corozal','CZL',1021),(2005,'Orange Walk','OW',1021),(2006,'Stann Creek','SC',1021),(2007,'Toledo','TOL',1021),(2008,'Kinshasa','KN',1050),(2009,'Bandundu','BN',1050),(2010,'Bas-Congo','BC',1050),(2011,'Equateur','EQ',1050),(2012,'Haut-Congo','HC',1050),(2013,'Kasai-Occidental','KW',1050),(2014,'Kasai-Oriental','KE',1050),(2015,'Katanga','KA',1050),(2016,'Maniema','MA',1050),(2017,'Nord-Kivu','NK',1050),(2018,'Orientale','OR',1050),(2019,'Sud-Kivu','SK',1050),(2020,'Bangui','BGF',1042),(2021,'Bamingui-Bangoran','BB',1042),(2022,'Basse-Kotto','BK',1042),(2023,'Haute-Kotto','HK',1042),(2024,'Haut-Mbomou','HM',1042),(2025,'Kemo','KG',1042),(2026,'Lobaye','LB',1042),(2027,'Mambere-Kadei','HS',1042),(2028,'Mbomou','MB',1042),(2029,'Nana-Grebizi','KB',1042),(2030,'Nana-Mambere','NM',1042),(2031,'Ombella-Mpoko','MP',1042),(2032,'Ouaka','UK',1042),(2033,'Ouham','AC',1042),(2034,'Ouham-Pende','OP',1042),(2035,'Sangha-Mbaere','SE',1042),(2036,'Vakaga','VR',1042),(2037,'Brazzaville','BZV',1051),(2038,'Bouenza','11',1051),(2039,'Cuvette','8',1051),(2040,'Cuvette-Ouest','15',1051),(2041,'Kouilou','5',1051),(2042,'Lekoumou','2',1051),(2043,'Likouala','7',1051),(2044,'Niari','9',1051),(2045,'Plateaux','14',1051),(2046,'Pool','12',1051),(2047,'Sangha','13',1051),(2048,'Aargau','AG',1205),(2049,'Appenzell Innerrhoden','AI',1205),(2050,'Appenzell Ausserrhoden','AR',1205),(2051,'Bern','BE',1205),(2052,'Basel-Landschaft','BL',1205),(2053,'Basel-Stadt','BS',1205),(2054,'Fribourg','FR',1205),(2055,'Geneva','GE',1205),(2056,'Glarus','GL',1205),(2057,'Graubunden','GR',1205),(2058,'Jura','JU',1205),(2059,'Luzern','LU',1205),(2060,'Neuchatel','NE',1205),(2061,'Nidwalden','NW',1205),(2062,'Obwalden','OW',1205),(2063,'Sankt Gallen','SG',1205),(2064,'Schaffhausen','SH',1205),(2065,'Solothurn','SO',1205),(2066,'Schwyz','SZ',1205),(2067,'Thurgau','TG',1205),(2068,'Ticino','TI',1205),(2069,'Uri','UR',1205),(2070,'Vaud','VD',1205),(2071,'Valais','VS',1205),(2072,'Zug','ZG',1205),(2073,'Zurich','ZH',1205),(2074,'18 Montagnes','06',1054),(2075,'Agnebi','16',1054),(2076,'Bas-Sassandra','09',1054),(2077,'Denguele','10',1054),(2078,'Haut-Sassandra','02',1054),(2079,'Lacs','07',1054),(2080,'Lagunes','01',1054),(2081,'Marahoue','12',1054),(2082,'Moyen-Comoe','05',1054),(2083,'Nzi-Comoe','11',1054),(2084,'Savanes','03',1054),(2085,'Sud-Bandama','15',1054),(2086,'Sud-Comoe','13',1054),(2087,'Vallee du Bandama','04',1054),(2088,'Worodouqou','14',1054),(2089,'Zanzan','08',1054),(2090,'Aisen del General Carlos Ibanez del Campo','AI',1044),(2091,'Antofagasta','AN',1044),(2092,'Araucania','AR',1044),(2093,'Atacama','AT',1044),(2094,'Bio-Bio','BI',1044),(2095,'Coquimbo','CO',1044),(2096,'Libertador General Bernardo O\'Higgins','LI',1044),(2097,'Los Lagos','LL',1044),(2098,'Magallanes','MA',1044),(2099,'Maule','ML',1044),(2100,'Region Metropolitana de Santiago','RM',1044),(2101,'Tarapaca','TA',1044),(2102,'Valparaiso','VS',1044),(2103,'Adamaoua','AD',1038),(2104,'Centre','CE',1038),(2105,'East','ES',1038),(2106,'Far North','EN',1038),(2107,'North','NO',1038),(2108,'South','SW',1038),(2109,'South-West','SW',1038),(2110,'West','OU',1038),(2111,'Beijing','11',1045),(2112,'Chongqing','50',1045),(2113,'Shanghai','31',1045),(2114,'Tianjin','12',1045),(2115,'Anhui','34',1045),(2116,'Fujian','35',1045),(2117,'Gansu','62',1045),(2118,'Guangdong','44',1045),(2119,'Gulzhou','52',1045),(2120,'Hainan','46',1045),(2121,'Hebei','13',1045),(2122,'Heilongjiang','23',1045),(2123,'Henan','41',1045),(2124,'Hubei','42',1045),(2125,'Hunan','43',1045),(2126,'Jiangsu','32',1045),(2127,'Jiangxi','36',1045),(2128,'Jilin','22',1045),(2129,'Liaoning','21',1045),(2130,'Qinghai','63',1045),(2131,'Shaanxi','61',1045),(2132,'Shandong','37',1045),(2133,'Shanxi','14',1045),(2134,'Sichuan','51',1045),(2135,'Taiwan','71',1045),(2136,'Yunnan','53',1045),(2137,'Zhejiang','33',1045),(2138,'Guangxi','45',1045),(2139,'Neia Mongol (mn)','15',1045),(2140,'Xinjiang','65',1045),(2141,'Xizang','54',1045),(2142,'Hong Kong','91',1045),(2143,'Macau','92',1045),(2144,'Distrito Capital de Bogot','DC',1048),(2145,'Amazonea','AMA',1048),(2146,'Antioquia','ANT',1048),(2147,'Arauca','ARA',1048),(2148,'Atlntico','ATL',1048),(2149,'Bolvar','BOL',1048),(2150,'Boyac','BOY',1048),(2151,'Caldea','CAL',1048),(2152,'Caquet','CAQ',1048),(2153,'Casanare','CAS',1048),(2154,'Cauca','CAU',1048),(2155,'Cesar','CES',1048),(2156,'Crdoba','COR',1048),(2157,'Cundinamarca','CUN',1048),(2158,'Choc','CHO',1048),(2159,'Guaina','GUA',1048),(2160,'Guaviare','GUV',1048),(2161,'La Guajira','LAG',1048),(2162,'Magdalena','MAG',1048),(2163,'Meta','MET',1048),(2164,'Nario','NAR',1048),(2165,'Norte de Santander','NSA',1048),(2166,'Putumayo','PUT',1048),(2167,'Quindio','QUI',1048),(2168,'Risaralda','RIS',1048),(2169,'San Andrs, Providencia y Santa Catalina','SAP',1048),(2170,'Santander','SAN',1048),(2171,'Sucre','SUC',1048),(2172,'Tolima','TOL',1048),(2173,'Valle del Cauca','VAC',1048),(2174,'Vaups','VAU',1048),(2175,'Vichada','VID',1048),(2176,'Alajuela','A',1053),(2177,'Cartago','C',1053),(2178,'Guanacaste','G',1053),(2179,'Heredia','H',1053),(2180,'Limon','L',1053),(2181,'Puntarenas','P',1053),(2182,'San Jose','SJ',1053),(2183,'Camagey','09',1056),(2184,'Ciego de `vila','08',1056),(2185,'Cienfuegos','06',1056),(2186,'Ciudad de La Habana','03',1056),(2187,'Granma','12',1056),(2188,'Guantanamo','14',1056),(2189,'Holquin','11',1056),(2190,'La Habana','02',1056),(2191,'Las Tunas','10',1056),(2192,'Matanzas','04',1056),(2193,'Pinar del Rio','01',1056),(2194,'Sancti Spiritus','07',1056),(2195,'Santiago de Cuba','13',1056),(2196,'Villa Clara','05',1056),(2197,'Isla de la Juventud','99',1056),(2198,'Pinar del Roo','PR',1056),(2199,'Ciego de Avila','CA',1056),(2200,'Camagoey','CG',1056),(2201,'Holgun','HO',1056),(2202,'Sancti Spritus','SS',1056),(2203,'Municipio Especial Isla de la Juventud','IJ',1056),(2204,'Boa Vista','BV',1040),(2205,'Brava','BR',1040),(2206,'Calheta de Sao Miguel','CS',1040),(2207,'Fogo','FO',1040),(2208,'Maio','MA',1040),(2209,'Mosteiros','MO',1040),(2210,'Paul','PA',1040),(2211,'Porto Novo','PN',1040),(2212,'Praia','PR',1040),(2213,'Ribeira Grande','RG',1040),(2214,'Sal','SL',1040),(2215,'Sao Domingos','SD',1040),(2216,'Sao Filipe','SF',1040),(2217,'Sao Nicolau','SN',1040),(2218,'Sao Vicente','SV',1040),(2219,'Tarrafal','TA',1040),(2220,'Ammochostos Magusa','04',1057),(2221,'Keryneia','06',1057),(2222,'Larnaka','03',1057),(2223,'Lefkosia','01',1057),(2224,'Lemesos','02',1057),(2225,'Pafos','05',1057),(2226,'Jihoesk kraj','JC',1058),(2227,'Jihomoravsk kraj','JM',1058),(2228,'Karlovarsk kraj','KA',1058),(2229,'Krlovhradeck kraj','KR',1058),(2230,'Libereck kraj','LI',1058),(2231,'Moravskoslezsk kraj','MO',1058),(2232,'Olomouck kraj','OL',1058),(2233,'Pardubick kraj','PA',1058),(2234,'Plzesk kraj','PL',1058),(2235,'Praha, hlavn msto','PR',1058),(2236,'Stedoesk kraj','ST',1058),(2237,'steck kraj','US',1058),(2238,'Vysoina','VY',1058),(2239,'Zlnsk kraj','ZL',1058),(2240,'Baden-Wuerttemberg','BW',1082),(2241,'Bayern','BY',1082),(2242,'Bremen','HB',1082),(2243,'Hamburg','HH',1082),(2244,'Hessen','HE',1082),(2245,'Niedersachsen','NI',1082),(2246,'Nordrhein-Westfalen','NW',1082),(2247,'Rheinland-Pfalz','RP',1082),(2248,'Saarland','SL',1082),(2249,'Schleswig-Holstein','SH',1082),(2250,'Berlin','BR',1082),(2251,'Brandenburg','BB',1082),(2252,'Mecklenburg-Vorpommern','MV',1082),(2253,'Sachsen','SN',1082),(2254,'Sachsen-Anhalt','ST',1082),(2255,'Thueringen','TH',1082),(2256,'Ali Sabiah','AS',1060),(2257,'Dikhil','DI',1060),(2258,'Djibouti','DJ',1060),(2259,'Obock','OB',1060),(2260,'Tadjoura','TA',1060),(2261,'Frederiksberg','147',1059),(2262,'Copenhagen City','101',1059),(2263,'Copenhagen','015',1059),(2264,'Frederiksborg','020',1059),(2265,'Roskilde','025',1059),(2266,'Vestsjlland','030',1059),(2267,'Storstrm','035',1059),(2268,'Bornholm','040',1059),(2269,'Fyn','042',1059),(2270,'South Jutland','050',1059),(2271,'Ribe','055',1059),(2272,'Vejle','060',1059),(2273,'Ringkjbing','065',1059),(2274,'rhus','070',1059),(2275,'Viborg','076',1059),(2276,'North Jutland','080',1059),(2277,'Distrito Nacional (Santo Domingo)','01',1062),(2278,'Azua','02',1062),(2279,'Bahoruco','03',1062),(2280,'Barahona','04',1062),(2281,'Dajabn','05',1062),(2282,'Duarte','06',1062),(2283,'El Seybo [El Seibo]','08',1062),(2284,'Espaillat','09',1062),(2285,'Hato Mayor','30',1062),(2286,'Independencia','10',1062),(2287,'La Altagracia','11',1062),(2288,'La Estrelleta [Elias Pina]','07',1062),(2289,'La Romana','12',1062),(2290,'La Vega','13',1062),(2291,'Maroia Trinidad Snchez','14',1062),(2292,'Monseor Nouel','28',1062),(2293,'Monte Cristi','15',1062),(2294,'Monte Plata','29',1062),(2295,'Pedernales','16',1062),(2296,'Peravia','17',1062),(2297,'Puerto Plata','18',1062),(2298,'Salcedo','19',1062),(2299,'Saman','20',1062),(2300,'San Cristbal','21',1062),(2301,'San Pedro de Macors','23',1062),(2302,'Snchez Ramrez','24',1062),(2303,'Santiago','25',1062),(2304,'Santiago Rodrguez','26',1062),(2305,'Valverde','27',1062),(2306,'Adrar','01',1003),(2307,'Ain Defla','44',1003),(2308,'Ain Tmouchent','46',1003),(2309,'Alger','16',1003),(2310,'Annaba','23',1003),(2311,'Batna','05',1003),(2312,'Bechar','08',1003),(2313,'Bejaia','06',1003),(2314,'Biskra','07',1003),(2315,'Blida','09',1003),(2316,'Bordj Bou Arreridj','34',1003),(2317,'Bouira','10',1003),(2318,'Boumerdes','35',1003),(2319,'Chlef','02',1003),(2320,'Constantine','25',1003),(2321,'Djelfa','17',1003),(2322,'El Bayadh','32',1003),(2323,'El Oued','39',1003),(2324,'El Tarf','36',1003),(2325,'Ghardaia','47',1003),(2326,'Guelma','24',1003),(2327,'Illizi','33',1003),(2328,'Jijel','18',1003),(2329,'Khenchela','40',1003),(2330,'Laghouat','03',1003),(2331,'Mascara','29',1003),(2332,'Medea','26',1003),(2333,'Mila','43',1003),(2334,'Mostaganem','27',1003),(2335,'Msila','28',1003),(2336,'Naama','45',1003),(2337,'Oran','31',1003),(2338,'Ouargla','30',1003),(2339,'Oum el Bouaghi','04',1003),(2340,'Relizane','48',1003),(2341,'Saida','20',1003),(2342,'Setif','19',1003),(2343,'Sidi Bel Abbes','22',1003),(2344,'Skikda','21',1003),(2345,'Souk Ahras','41',1003),(2346,'Tamanghasset','11',1003),(2347,'Tebessa','12',1003),(2348,'Tiaret','14',1003),(2349,'Tindouf','37',1003),(2350,'Tipaza','42',1003),(2351,'Tissemsilt','38',1003),(2352,'Tizi Ouzou','15',1003),(2353,'Tlemcen','13',1003),(2354,'Azuay','A',1064),(2355,'Bolivar','B',1064),(2356,'Canar','F',1064),(2357,'Carchi','C',1064),(2358,'Cotopaxi','X',1064),(2359,'Chimborazo','H',1064),(2360,'El Oro','O',1064),(2361,'Esmeraldas','E',1064),(2362,'Galapagos','W',1064),(2363,'Guayas','G',1064),(2364,'Imbabura','I',1064),(2365,'Loja','L',1064),(2366,'Los Rios','R',1064),(2367,'Manabi','M',1064),(2368,'Morona-Santiago','S',1064),(2369,'Napo','N',1064),(2370,'Orellana','D',1064),(2371,'Pastaza','Y',1064),(2372,'Pichincha','P',1064),(2373,'Sucumbios','U',1064),(2374,'Tungurahua','T',1064),(2375,'Zamora-Chinchipe','Z',1064),(2376,'Harjumsa','37',1069),(2377,'Hitumea','39',1069),(2378,'Ida-Virumsa','44',1069),(2379,'Jogevamsa','49',1069),(2380,'Jarvamsa','51',1069),(2381,'Lasnemsa','57',1069),(2382,'Laane-Virumaa','59',1069),(2383,'Polvamea','65',1069),(2384,'Parnumsa','67',1069),(2385,'Raplamsa','70',1069),(2386,'Saaremsa','74',1069),(2387,'Tartumsa','7B',1069),(2388,'Valgamaa','82',1069),(2389,'Viljandimsa','84',1069),(2390,'Vorumaa','86',1069),(2391,'Ad Daqahllyah','DK',1065),(2392,'Al Bahr al Ahmar','BA',1065),(2393,'Al Buhayrah','BH',1065),(2394,'Al Fayym','FYM',1065),(2395,'Al Gharbiyah','GH',1065),(2396,'Al Iskandarlyah','ALX',1065),(2397,'Al Isma illyah','IS',1065),(2398,'Al Jizah','GZ',1065),(2399,'Al Minuflyah','MNF',1065),(2400,'Al Minya','MN',1065),(2401,'Al Qahirah','C',1065),(2402,'Al Qalyublyah','KB',1065),(2403,'Al Wadi al Jadid','WAD',1065),(2404,'Ash Sharqiyah','SHR',1065),(2405,'As Suways','SUZ',1065),(2406,'Aswan','ASN',1065),(2407,'Asyut','AST',1065),(2408,'Bani Suwayf','BNS',1065),(2409,'Bur Sa\'id','PTS',1065),(2410,'Dumyat','DT',1065),(2411,'Janub Sina\'','JS',1065),(2412,'Kafr ash Shaykh','KFS',1065),(2413,'Matruh','MT',1065),(2414,'Qina','KN',1065),(2415,'Shamal Sina\'','SIN',1065),(2416,'Suhaj','SHG',1065),(2417,'Anseba','AN',1068),(2418,'Debub','DU',1068),(2419,'Debubawi Keyih Bahri [Debub-Keih-Bahri]','DK',1068),(2420,'Gash-Barka','GB',1068),(2421,'Maakel [Maekel]','MA',1068),(2422,'Semenawi Keyih Bahri [Semien-Keih-Bahri]','SK',1068),(2423,'lava','VI',1198),(2424,'Albacete','AB',1198),(2425,'Alicante','A',1198),(2426,'Almera','AL',1198),(2427,'Asturias','O',1198),(2428,'vila','AV',1198),(2429,'Badajoz','BA',1198),(2430,'Baleares','PM',1198),(2431,'Barcelona','B',1198),(2432,'Burgos','BU',1198),(2433,'Cceres','CC',1198),(2434,'Cdiz','CA',1198),(2435,'Cantabria','S',1198),(2436,'Castelln','CS',1198),(2437,'Ciudad Real','CR',1198),(2438,'Cuenca','CU',1198),(2439,'Girona [Gerona]','GE',1198),(2440,'Granada','GR',1198),(2441,'Guadalajara','GU',1198),(2442,'Guipzcoa','SS',1198),(2443,'Huelva','H',1198),(2444,'Huesca','HU',1198),(2445,'Jan','J',1198),(2446,'La Corua','C',1198),(2447,'La Rioja','LO',1198),(2448,'Las Palmas','GC',1198),(2449,'Len','LE',1198),(2450,'Lleida [Lrida]','L',1198),(2451,'Lugo','LU',1198),(2452,'Madrid','M',1198),(2453,'Mlaga','MA',1198),(2454,'Murcia','MU',1198),(2455,'Navarra','NA',1198),(2456,'Ourense','OR',1198),(2457,'Palencia','P',1198),(2458,'Pontevedra','PO',1198),(2459,'Salamanca','SA',1198),(2460,'Santa Cruz de Tenerife','TF',1198),(2461,'Segovia','SG',1198),(2462,'Sevilla','SE',1198),(2463,'Soria','SO',1198),(2464,'Tarragona','T',1198),(2465,'Teruel','TE',1198),(2466,'Valencia','V',1198),(2467,'Valladolid','VA',1198),(2468,'Vizcaya','BI',1198),(2469,'Zamora','ZA',1198),(2470,'Zaragoza','Z',1198),(2471,'Ceuta','CE',1198),(2472,'Melilla','ML',1198),(2473,'Addis Ababa','AA',1070),(2474,'Dire Dawa','DD',1070),(2475,'Afar','AF',1070),(2476,'Amara','AM',1070),(2477,'Benshangul-Gumaz','BE',1070),(2478,'Gambela Peoples','GA',1070),(2479,'Harari People','HA',1070),(2480,'Oromia','OR',1070),(2481,'Somali','SO',1070),(2482,'Southern Nations, Nationalities and Peoples','SN',1070),(2483,'Tigrai','TI',1070),(2490,'Eastern','E',1074),(2491,'Northern','N',1074),(2492,'Western','W',1074),(2493,'Rotuma','R',1074),(2494,'Chuuk','TRK',1141),(2495,'Kosrae','KSA',1141),(2496,'Pohnpei','PNI',1141),(2497,'Yap','YAP',1141),(2498,'Ain','01',1076),(2499,'Aisne','02',1076),(2500,'Allier','03',1076),(2501,'Alpes-de-Haute-Provence','04',1076),(2502,'Alpes-Maritimes','06',1076),(2503,'Ardche','07',1076),(2504,'Ardennes','08',1076),(2505,'Arige','09',1076),(2506,'Aube','10',1076),(2507,'Aude','11',1076),(2508,'Aveyron','12',1076),(2509,'Bas-Rhin','67',1076),(2510,'Bouches-du-Rhne','13',1076),(2511,'Calvados','14',1076),(2512,'Cantal','15',1076),(2513,'Charente','16',1076),(2514,'Charente-Maritime','17',1076),(2515,'Cher','18',1076),(2516,'Corrze','19',1076),(2517,'Corse-du-Sud','20A',1076),(2518,'Cte-d\'Or','21',1076),(2519,'Ctes-d\'Armor','22',1076),(2520,'Creuse','23',1076),(2521,'Deux-Svres','79',1076),(2522,'Dordogne','24',1076),(2523,'Doubs','25',1076),(2524,'Drme','26',1076),(2525,'Essonne','91',1076),(2526,'Eure','27',1076),(2527,'Eure-et-Loir','28',1076),(2528,'Finistre','29',1076),(2529,'Gard','30',1076),(2530,'Gers','32',1076),(2531,'Gironde','33',1076),(2532,'Haut-Rhin','68',1076),(2533,'Haute-Corse','20B',1076),(2534,'Haute-Garonne','31',1076),(2535,'Haute-Loire','43',1076),(2536,'Haute-Sane','70',1076),(2537,'Haute-Savoie','74',1076),(2538,'Haute-Vienne','87',1076),(2539,'Hautes-Alpes','05',1076),(2540,'Hautes-Pyrnes','65',1076),(2541,'Hauts-de-Seine','92',1076),(2542,'Hrault','34',1076),(2543,'Indre','35',1076),(2544,'Ille-et-Vilaine','36',1076),(2545,'Indre-et-Loire','37',1076),(2546,'Isre','38',1076),(2547,'Landes','40',1076),(2548,'Loir-et-Cher','41',1076),(2549,'Loire','42',1076),(2550,'Loire-Atlantique','44',1076),(2551,'Loiret','45',1076),(2552,'Lot','46',1076),(2553,'Lot-et-Garonne','47',1076),(2554,'Lozre','48',1076),(2555,'Maine-et-Loire','49',1076),(2556,'Manche','50',1076),(2557,'Marne','51',1076),(2558,'Mayenne','53',1076),(2559,'Meurthe-et-Moselle','54',1076),(2560,'Meuse','55',1076),(2561,'Morbihan','56',1076),(2562,'Moselle','57',1076),(2563,'Nivre','58',1076),(2564,'Nord','59',1076),(2565,'Oise','60',1076),(2566,'Orne','61',1076),(2567,'Paris','75',1076),(2568,'Pas-de-Calais','62',1076),(2569,'Puy-de-Dme','63',1076),(2570,'Pyrnes-Atlantiques','64',1076),(2571,'Pyrnes-Orientales','66',1076),(2572,'Rhne','69',1076),(2573,'Sane-et-Loire','71',1076),(2574,'Sarthe','72',1076),(2575,'Savoie','73',1076),(2576,'Seine-et-Marne','77',1076),(2577,'Seine-Maritime','76',1076),(2578,'Seine-Saint-Denis','93',1076),(2579,'Somme','80',1076),(2580,'Tarn','81',1076),(2581,'Tarn-et-Garonne','82',1076),(2582,'Val d\'Oise','95',1076),(2583,'Territoire de Belfort','90',1076),(2584,'Val-de-Marne','94',1076),(2585,'Var','83',1076),(2586,'Vaucluse','84',1076),(2587,'Vende','85',1076),(2588,'Vienne','86',1076),(2589,'Vosges','88',1076),(2590,'Yonne','89',1076),(2591,'Yvelines','78',1076),(2592,'Aberdeen City','ABE',1226),(2593,'Aberdeenshire','ABD',1226),(2594,'Angus','ANS',1226),(2595,'Co Antrim','ANT',1226),(2596,'Ards','ARD',1226),(2597,'Argyll and Bute','AGB',1226),(2598,'Co Armagh','ARM',1226),(2599,'Ballymena','BLA',1226),(2600,'Ballymoney','BLY',1226),(2601,'Banbridge','BNB',1226),(2602,'Barking and Dagenham','BDG',1226),(2603,'Barnet','BNE',1226),(2604,'Barnsley','BNS',1226),(2605,'Bath and North East Somerset','BAS',1226),(2606,'Bedfordshire','BDF',1226),(2607,'Belfast','BFS',1226),(2608,'Bexley','BEX',1226),(2609,'Birmingham','BIR',1226),(2610,'Blackburn with Darwen','BBD',1226),(2611,'Blackpool','BPL',1226),(2612,'Blaenau Gwent','BGW',1226),(2613,'Bolton','BOL',1226),(2614,'Bournemouth','BMH',1226),(2615,'Bracknell Forest','BRC',1226),(2616,'Bradford','BRD',1226),(2617,'Brent','BEN',1226),(2618,'Bridgend','BGE',1226),(2619,'Brighton and Hove','BNH',1226),(2620,'Bristol','BST',1226),(2621,'Bromley','BRY',1226),(2622,'Buckinghamshire','BKM',1226),(2623,'Bury','BUR',1226),(2624,'Caerphilly','CAY',1226),(2625,'Calderdale','CLD',1226),(2626,'Cambridgeshire','CAM',1226),(2627,'Camden','CMD',1226),(2628,'Cardiff','CRF',1226),(2629,'Carmarthenshire','CMN',1226),(2630,'Sir Gaerfyrddin','GFY',1226),(2631,'Carrickfergus','CKF',1226),(2632,'Castlereagh','CSR',1226),(2633,'Ceredigion','CGN',1226),(2634,'Cheshire','CHS',1226),(2635,'Clackmannanshire','CLK',1226),(2636,'Coleraine','CLR',1226),(2637,'Conwy','CWY',1226),(2638,'Cookstown','CKT',1226),(2639,'Cornwall','CON',1226),(2640,'Coventry','COV',1226),(2641,'Cralgavon','CGV',1226),(2642,'Croydon','CRY',1226),(2643,'Cumbria','CMA',1226),(2644,'Darlington','DAL',1226),(2645,'Denbighshire','DEN',1226),(2646,'Derby','DER',1226),(2647,'Derbyshire','DBY',1226),(2648,'Derry','DRY',1226),(2649,'Devon','DEV',1226),(2650,'Doncaster','DNC',1226),(2651,'Dorset','DOR',1226),(2652,'Co Down','DOW',1226),(2653,'Dudley','DUD',1226),(2654,'Dumfries and Galloway','DGY',1226),(2655,'Dundee City','DND',1226),(2656,'Dungannon','DGN',1226),(2657,'Co Durham','DUR',1226),(2658,'Ealing','EAL',1226),(2659,'East Ayrshire','EAY',1226),(2660,'East Dunbartonshire','EDU',1226),(2661,'East Lothian','ELN',1226),(2662,'East Renfrewshire','ERW',1226),(2663,'East Riding of Yorkshire','ERY',1226),(2664,'East Sussex','ESX',1226),(2665,'Edinburgh, City of','EDH',1226),(2666,'Eilean Siar','ELS',1226),(2667,'Enfield','ENF',1226),(2668,'Essex','ESS',1226),(2669,'Falkirk','FAL',1226),(2670,'Co Fermanagh','FER',1226),(2671,'Fife','FIF',1226),(2672,'Flintshire','FLN',1226),(2673,'Gateshead','GAT',1226),(2674,'Glasgow','GLG',1226),(2675,'Gloucestershire','GLS',1226),(2676,'Greenwich','GRE',1226),(2677,'Guernsey','GSY',1226),(2678,'Gwynedd','GWN',1226),(2679,'Hackney','HCK',1226),(2680,'Halton','HAL',1226),(2681,'Hammersmith and Fulham','HMF',1226),(2682,'Hampshire','HAM',1226),(2683,'Haringey','HRY',1226),(2684,'Harrow','HRW',1226),(2685,'Hartlepool','HPL',1226),(2686,'Havering','HAV',1226),(2687,'Herefordshire','HEF',1226),(2688,'Hertfordshire','HRT',1226),(2689,'Highland','HED',1226),(2690,'Hillingdon','HIL',1226),(2691,'Hounslow','HNS',1226),(2692,'Inverclyde','IVC',1226),(2693,'Isle of Anglesey','AGY',1226),(2694,'Isle of Wight','IOW',1226),(2695,'Isles of Scilly','IOS',1226),(2696,'Islington','ISL',1226),(2697,'Jersey','JSY',1226),(2698,'Kensington and Chelsea','KEC',1226),(2699,'Kent','KEN',1226),(2700,'Kingston upon Hull','KHL',1226),(2701,'Kingston upon Thames','KTT',1226),(2702,'Kirklees','KIR',1226),(2703,'Knowsley','KWL',1226),(2704,'Lambeth','LBH',1226),(2705,'Lancashire','LAN',1226),(2706,'Larne','LRN',1226),(2707,'Leeds','LDS',1226),(2708,'Leicester','LCE',1226),(2709,'Leicestershire','LEC',1226),(2710,'Lewisham','LEW',1226),(2711,'Limavady','LMV',1226),(2712,'Lincolnshire','LIN',1226),(2713,'Lisburn','LSB',1226),(2714,'Liverpool','LIV',1226),(2715,'London, City of','LND',1226),(2716,'Luton','LUT',1226),(2717,'Magherafelt','MFT',1226),(2718,'Manchester','MAN',1226),(2719,'Medway','MDW',1226),(2720,'Merthyr Tydfil','MTY',1226),(2721,'Merton','MRT',1226),(2722,'Middlesbrough','MDB',1226),(2723,'Midlothian','MLN',1226),(2724,'Milton Keynes','MIK',1226),(2725,'Monmouthshire','MON',1226),(2726,'Moray','MRY',1226),(2727,'Moyle','MYL',1226),(2728,'Neath Port Talbot','NTL',1226),(2729,'Newcastle upon Tyne','NET',1226),(2730,'Newham','NWM',1226),(2731,'Newport','NWP',1226),(2732,'Newry and Mourne','NYM',1226),(2733,'Newtownabbey','NTA',1226),(2734,'Norfolk','NFK',1226),(2735,'North Ayrshire','NAY',1226),(2736,'North Down','NDN',1226),(2737,'North East Lincolnshire','NEL',1226),(2738,'North Lanarkshire','NLK',1226),(2739,'North Lincolnshire','NLN',1226),(2740,'North Somerset','NSM',1226),(2741,'North Tyneside','NTY',1226),(2742,'North Yorkshire','NYK',1226),(2743,'Northamptonshire','NTH',1226),(2744,'Northumberland','NBL',1226),(2745,'Nottingham','NGM',1226),(2746,'Nottinghamshire','NTT',1226),(2747,'Oldham','OLD',1226),(2748,'Omagh','OMH',1226),(2749,'Orkney Islands','ORR',1226),(2750,'Oxfordshire','OXF',1226),(2751,'Pembrokeshire','PEM',1226),(2752,'Perth and Kinross','PKN',1226),(2753,'Peterborough','PTE',1226),(2754,'Plymouth','PLY',1226),(2755,'Poole','POL',1226),(2756,'Portsmouth','POR',1226),(2757,'Powys','POW',1226),(2758,'Reading','RDG',1226),(2759,'Redbridge','RDB',1226),(2760,'Cleveland','RCC',1226),(2761,'Renfrewshire','RFW',1226),(2762,'Rhondda Cynon Taff','RCT',1226),(2763,'Richmond upon Thames','RIC',1226),(2764,'Rochdale','RCH',1226),(2765,'Rotherham','ROT',1226),(2766,'Rutland','RUT',1226),(2767,'St. Helens','SHN',1226),(2768,'Salford','SLF',1226),(2769,'Sandwell','SAW',1226),(2770,'Scottish Borders','SCB',1226),(2771,'Sefton','SFT',1226),(2772,'Sheffield','SHF',1226),(2773,'Shetland Islands','ZET',1226),(2774,'Shropshire','SHR',1226),(2775,'Slough','SLG',1226),(2776,'Solihull','SOL',1226),(2777,'Somerset','SOM',1226),(2778,'South Ayrshire','SAY',1226),(2779,'South Gloucestershire','SGC',1226),(2780,'South Lanarkshire','SLK',1226),(2781,'South Tyneside','STY',1226),(2782,'Southampton','STH',1226),(2783,'Southend-on-Sea','SOS',1226),(2784,'Southwark','SWK',1226),(2785,'Staffordshire','STS',1226),(2786,'Stirling','STG',1226),(2787,'Stockport','SKP',1226),(2788,'Stockton-on-Tees','STT',1226),(2789,'Stoke-on-Trent','STE',1226),(2790,'Strabane','STB',1226),(2791,'Suffolk','SFK',1226),(2792,'Sunderland','SND',1226),(2793,'Surrey','SRY',1226),(2794,'Sutton','STN',1226),(2795,'Swansea','SWA',1226),(2796,'Swindon','SWD',1226),(2797,'Tameside','TAM',1226),(2798,'Telford and Wrekin','TFW',1226),(2799,'Thurrock','THR',1226),(2800,'Torbay','TOB',1226),(2801,'Torfaen','TOF',1226),(2802,'Tower Hamlets','TWH',1226),(2803,'Trafford','TRF',1226),(2804,'Vale of Glamorgan','VGL',1226),(2805,'Bro Morgannwg','BMG',1226),(2806,'Wakefield','WKF',1226),(2807,'Walsall','WLL',1226),(2808,'Waltham Forest','WFT',1226),(2809,'Wandsworth','WND',1226),(2810,'Warrington','WRT',1226),(2811,'Warwickshire','WAR',1226),(2812,'West Berkshire','WBX',1226),(2813,'West Dunbartonshire','WDU',1226),(2814,'West Lothian','WLN',1226),(2815,'West Sussex','WSX',1226),(2816,'Westminster','WSM',1226),(2817,'Wigan','WGN',1226),(2818,'Wiltshire','WIL',1226),(2819,'Windsor and Maidenhead','WNM',1226),(2820,'Wirral','WRL',1226),(2821,'Wokingham','WOK',1226),(2822,'Wolverhampton','WLV',1226),(2823,'Worcestershire','WOR',1226),(2824,'Wrexham','WRX',1226),(2825,'York','YOR',1226),(2826,'Ashanti','AH',1083),(2827,'Brong-Ahafo','BA',1083),(2828,'Greater Accra','AA',1083),(2829,'Upper East','UE',1083),(2830,'Upper West','UW',1083),(2831,'Volta','TV',1083),(2832,'Banjul','B',1213),(2833,'Lower River','L',1213),(2834,'MacCarthy Island','M',1213),(2835,'North Bank','N',1213),(2836,'Upper River','U',1213),(2837,'Beyla','BE',1091),(2838,'Boffa','BF',1091),(2839,'Boke','BK',1091),(2840,'Coyah','CO',1091),(2841,'Dabola','DB',1091),(2842,'Dalaba','DL',1091),(2843,'Dinguiraye','DI',1091),(2844,'Dubreka','DU',1091),(2845,'Faranah','FA',1091),(2846,'Forecariah','FO',1091),(2847,'Fria','FR',1091),(2848,'Gaoual','GA',1091),(2849,'Guekedou','GU',1091),(2850,'Kankan','KA',1091),(2851,'Kerouane','KE',1091),(2852,'Kindia','KD',1091),(2853,'Kissidougou','KS',1091),(2854,'Koubia','KB',1091),(2855,'Koundara','KN',1091),(2856,'Kouroussa','KO',1091),(2857,'Labe','LA',1091),(2858,'Lelouma','LE',1091),(2859,'Lola','LO',1091),(2860,'Macenta','MC',1091),(2861,'Mali','ML',1091),(2862,'Mamou','MM',1091),(2863,'Mandiana','MD',1091),(2864,'Nzerekore','NZ',1091),(2865,'Pita','PI',1091),(2866,'Siguiri','SI',1091),(2867,'Telimele','TE',1091),(2868,'Tougue','TO',1091),(2869,'Yomou','YO',1091),(2870,'Region Continental','C',1067),(2871,'Region Insular','I',1067),(2872,'Annobon','AN',1067),(2873,'Bioko Norte','BN',1067),(2874,'Bioko Sur','BS',1067),(2875,'Centro Sur','CS',1067),(2876,'Kie-Ntem','KN',1067),(2877,'Litoral','LI',1067),(2878,'Wele-Nzas','WN',1067),(2879,'Achaa','13',1085),(2880,'Aitolia-Akarnania','01',1085),(2881,'Argolis','11',1085),(2882,'Arkadia','12',1085),(2883,'Arta','31',1085),(2884,'Attiki','A1',1085),(2885,'Chalkidiki','64',1085),(2886,'Chania','94',1085),(2887,'Chios','85',1085),(2888,'Dodekanisos','81',1085),(2889,'Drama','52',1085),(2890,'Evros','71',1085),(2891,'Evrytania','05',1085),(2892,'Evvoia','04',1085),(2893,'Florina','63',1085),(2894,'Fokis','07',1085),(2895,'Fthiotis','06',1085),(2896,'Grevena','51',1085),(2897,'Ileia','14',1085),(2898,'Imathia','53',1085),(2899,'Ioannina','33',1085),(2900,'Irakleion','91',1085),(2901,'Karditsa','41',1085),(2902,'Kastoria','56',1085),(2903,'Kavalla','55',1085),(2904,'Kefallinia','23',1085),(2905,'Kerkyra','22',1085),(2906,'Kilkis','57',1085),(2907,'Korinthia','15',1085),(2908,'Kozani','58',1085),(2909,'Kyklades','82',1085),(2910,'Lakonia','16',1085),(2911,'Larisa','42',1085),(2912,'Lasithion','92',1085),(2913,'Lefkas','24',1085),(2914,'Lesvos','83',1085),(2915,'Magnisia','43',1085),(2916,'Messinia','17',1085),(2917,'Pella','59',1085),(2918,'Preveza','34',1085),(2919,'Rethymnon','93',1085),(2920,'Rodopi','73',1085),(2921,'Samos','84',1085),(2922,'Serrai','62',1085),(2923,'Thesprotia','32',1085),(2924,'Thessaloniki','54',1085),(2925,'Trikala','44',1085),(2926,'Voiotia','03',1085),(2927,'Xanthi','72',1085),(2928,'Zakynthos','21',1085),(2929,'Agio Oros','69',1085),(2930,'Alta Verapez','AV',1090),(2931,'Baja Verapez','BV',1090),(2932,'Chimaltenango','CM',1090),(2933,'Chiquimula','CQ',1090),(2934,'El Progreso','PR',1090),(2935,'Escuintla','ES',1090),(2936,'Guatemala','GU',1090),(2937,'Huehuetenango','HU',1090),(2938,'Izabal','IZ',1090),(2939,'Jalapa','JA',1090),(2940,'Jutiapa','JU',1090),(2941,'Peten','PE',1090),(2942,'Quetzaltenango','QZ',1090),(2943,'Quiche','QC',1090),(2944,'Reta.thuleu','RE',1090),(2945,'Sacatepequez','SA',1090),(2946,'San Marcos','SM',1090),(2947,'Santa Rosa','SR',1090),(2948,'Solol6','SO',1090),(2949,'Suchitepequez','SU',1090),(2950,'Totonicapan','TO',1090),(2951,'Zacapa','ZA',1090),(2952,'Bissau','BS',1092),(2953,'Bafata','BA',1092),(2954,'Biombo','BM',1092),(2955,'Bolama','BL',1092),(2956,'Cacheu','CA',1092),(2957,'Gabu','GA',1092),(2958,'Oio','OI',1092),(2959,'Quloara','QU',1092),(2960,'Tombali S','TO',1092),(2961,'Barima-Waini','BA',1093),(2962,'Cuyuni-Mazaruni','CU',1093),(2963,'Demerara-Mahaica','DE',1093),(2964,'East Berbice-Corentyne','EB',1093),(2965,'Essequibo Islands-West Demerara','ES',1093),(2966,'Mahaica-Berbice','MA',1093),(2967,'Pomeroon-Supenaam','PM',1093),(2968,'Potaro-Siparuni','PT',1093),(2969,'Upper Demerara-Berbice','UD',1093),(2970,'Upper Takutu-Upper Essequibo','UT',1093),(2971,'Atlantida','AT',1097),(2972,'Colon','CL',1097),(2973,'Comayagua','CM',1097),(2974,'Copan','CP',1097),(2975,'Cortes','CR',1097),(2976,'Choluteca','CH',1097),(2977,'El Paraiso','EP',1097),(2978,'Francisco Morazan','FM',1097),(2979,'Gracias a Dios','GD',1097),(2980,'Intibuca','IN',1097),(2981,'Islas de la Bahia','IB',1097),(2982,'Lempira','LE',1097),(2983,'Ocotepeque','OC',1097),(2984,'Olancho','OL',1097),(2985,'Santa Barbara','SB',1097),(2986,'Valle','VA',1097),(2987,'Yoro','YO',1097),(2988,'Bjelovarsko-bilogorska zupanija','07',1055),(2989,'Brodsko-posavska zupanija','12',1055),(2990,'Dubrovacko-neretvanska zupanija','19',1055),(2991,'Istarska zupanija','18',1055),(2992,'Karlovacka zupanija','04',1055),(2993,'Koprivnickco-krizevacka zupanija','06',1055),(2994,'Krapinako-zagorska zupanija','02',1055),(2995,'Licko-senjska zupanija','09',1055),(2996,'Medimurska zupanija','20',1055),(2997,'Osjecko-baranjska zupanija','14',1055),(2998,'Pozesko-slavonska zupanija','11',1055),(2999,'Primorsko-goranska zupanija','08',1055),(3000,'Sisacko-moelavacka Iupanija','03',1055),(3001,'Splitako-dalmatinska zupanija','17',1055),(3002,'Sibenako-kninska zupanija','15',1055),(3003,'Varaidinska zupanija','05',1055),(3004,'VirovitiEko-podravska zupanija','10',1055),(3005,'VuRovarako-srijemska zupanija','16',1055),(3006,'Zadaraka','13',1055),(3007,'Zagrebacka zupanija','01',1055),(3008,'Grande-Anse','GA',1094),(3009,'Nord-Eat','NE',1094),(3010,'Nord-Ouest','NO',1094),(3011,'Ouest','OU',1094),(3012,'Sud','SD',1094),(3013,'Sud-Est','SE',1094),(3014,'Budapest','BU',1099),(3015,'Bcs-Kiskun','BK',1099),(3016,'Baranya','BA',1099),(3017,'Bks','BE',1099),(3018,'Borsod-Abaj-Zempln','BZ',1099),(3019,'Csongrd','CS',1099),(3020,'Fejr','FE',1099),(3021,'Gyr-Moson-Sopron','GS',1099),(3022,'Hajdu-Bihar','HB',1099),(3023,'Heves','HE',1099),(3024,'Jsz-Nagykun-Szolnok','JN',1099),(3025,'Komrom-Esztergom','KE',1099),(3026,'Nogrd','NO',1099),(3027,'Pest','PE',1099),(3028,'Somogy','SO',1099),(3029,'Szabolcs-Szatmr-Bereg','SZ',1099),(3030,'Tolna','TO',1099),(3031,'Vas','VA',1099),(3032,'Veszprm','VE',1099),(3033,'Zala','ZA',1099),(3034,'Bkscsaba','BC',1099),(3035,'Debrecen','DE',1099),(3036,'Dunajvros','DU',1099),(3037,'Eger','EG',1099),(3038,'Gyr','GY',1099),(3039,'Hdmezvsrhely','HV',1099),(3040,'Kaposvr','KV',1099),(3041,'Kecskemt','KM',1099),(3042,'Miskolc','MI',1099),(3043,'Nagykanizsa','NK',1099),(3044,'Nyiregyhza','NY',1099),(3045,'Pcs','PS',1099),(3046,'Salgtarjn','ST',1099),(3047,'Sopron','SN',1099),(3048,'Szeged','SD',1099),(3049,'Szkesfehrvr','SF',1099),(3050,'Szekszrd','SS',1099),(3051,'Szolnok','SK',1099),(3052,'Szombathely','SH',1099),(3053,'Tatabnya','TB',1099),(3054,'Zalaegerszeg','ZE',1099),(3055,'Bali','BA',1102),(3056,'Bangka Belitung','BB',1102),(3057,'Banten','BT',1102),(3058,'Bengkulu','BE',1102),(3059,'Gorontalo','GO',1102),(3060,'Irian Jaya','IJ',1102),(3061,'Jambi','JA',1102),(3062,'Jawa Barat','JB',1102),(3063,'Jawa Tengah','JT',1102),(3064,'Jawa Timur','JI',1102),(3065,'Kalimantan Barat','KB',1102),(3066,'Kalimantan Timur','KT',1102),(3067,'Kalimantan Selatan','KS',1102),(3068,'Kepulauan Riau','KR',1102),(3069,'Lampung','LA',1102),(3070,'Maluku','MA',1102),(3071,'Maluku Utara','MU',1102),(3072,'Nusa Tenggara Barat','NB',1102),(3073,'Nusa Tenggara Timur','NT',1102),(3074,'Papua','PA',1102),(3075,'Riau','RI',1102),(3076,'Sulawesi Selatan','SN',1102),(3077,'Sulawesi Tengah','ST',1102),(3078,'Sulawesi Tenggara','SG',1102),(3079,'Sulawesi Utara','SA',1102),(3080,'Sumatra Barat','SB',1102),(3081,'Sumatra Selatan','SS',1102),(3082,'Sumatera Utara','SU',1102),(3083,'Jakarta Raya','JK',1102),(3084,'Aceh','AC',1102),(3085,'Yogyakarta','YO',1102),(3086,'Cork','C',1105),(3087,'Clare','CE',1105),(3088,'Cavan','CN',1105),(3089,'Carlow','CW',1105),(3090,'Dublin','D',1105),(3091,'Donegal','DL',1105),(3092,'Galway','G',1105),(3093,'Kildare','KE',1105),(3094,'Kilkenny','KK',1105),(3095,'Kerry','KY',1105),(3096,'Longford','LD',1105),(3097,'Louth','LH',1105),(3098,'Limerick','LK',1105),(3099,'Leitrim','LM',1105),(3100,'Laois','LS',1105),(3101,'Meath','MH',1105),(3102,'Monaghan','MN',1105),(3103,'Mayo','MO',1105),(3104,'Offaly','OY',1105),(3105,'Roscommon','RN',1105),(3106,'Sligo','SO',1105),(3107,'Tipperary','TA',1105),(3108,'Waterford','WD',1105),(3109,'Westmeath','WH',1105),(3110,'Wicklow','WW',1105),(3111,'Wexford','WX',1105),(3112,'HaDarom','D',1106),(3113,'HaMerkaz','M',1106),(3114,'HaZafon','Z',1106),(3115,'Hefa','HA',1106),(3116,'Tel-Aviv','TA',1106),(3117,'Yerushalayim Al Quds','JM',1106),(3118,'Al Anbar','AN',1104),(3119,'Al Ba,rah','BA',1104),(3120,'Al Muthanna','MU',1104),(3121,'Al Qadisiyah','QA',1104),(3122,'An Najef','NA',1104),(3123,'Arbil','AR',1104),(3124,'As Sulaymaniyah','SW',1104),(3125,'At Ta\'mim','TS',1104),(3126,'Babil','BB',1104),(3127,'Baghdad','BG',1104),(3128,'Dahuk','DA',1104),(3129,'Dhi Qar','DQ',1104),(3130,'Diyala','DI',1104),(3131,'Karbala\'','KA',1104),(3132,'Maysan','MA',1104),(3133,'Ninawa','NI',1104),(3134,'Salah ad Din','SD',1104),(3135,'Wasit','WA',1104),(3136,'Ardabil','03',1103),(3137,'Azarbayjan-e Gharbi','02',1103),(3138,'Azarbayjan-e Sharqi','01',1103),(3139,'Bushehr','06',1103),(3140,'Chahar Mahall va Bakhtiari','08',1103),(3141,'Esfahan','04',1103),(3142,'Fars','14',1103),(3143,'Gilan','19',1103),(3144,'Golestan','27',1103),(3145,'Hamadan','24',1103),(3146,'Hormozgan','23',1103),(3147,'Iiam','05',1103),(3148,'Kerman','15',1103),(3149,'Kermanshah','17',1103),(3150,'Khorasan','09',1103),(3151,'Khuzestan','10',1103),(3152,'Kohjiluyeh va Buyer Ahmad','18',1103),(3153,'Kordestan','16',1103),(3154,'Lorestan','20',1103),(3155,'Markazi','22',1103),(3156,'Mazandaran','21',1103),(3157,'Qazvin','28',1103),(3158,'Qom','26',1103),(3159,'Semnan','12',1103),(3160,'Sistan va Baluchestan','13',1103),(3161,'Tehran','07',1103),(3162,'Yazd','25',1103),(3163,'Zanjan','11',1103),(3164,'Austurland','7',1100),(3165,'Hofuoborgarsvaeoi utan Reykjavikur','1',1100),(3166,'Norourland eystra','6',1100),(3167,'Norourland vestra','5',1100),(3168,'Reykjavik','0',1100),(3169,'Suourland','8',1100),(3170,'Suournes','2',1100),(3171,'Vestfirolr','4',1100),(3172,'Vesturland','3',1100),(3173,'Agrigento','AG',1107),(3174,'Alessandria','AL',1107),(3175,'Ancona','AN',1107),(3176,'Aosta','AO',1107),(3177,'Arezzo','AR',1107),(3178,'Ascoli Piceno','AP',1107),(3179,'Asti','AT',1107),(3180,'Avellino','AV',1107),(3181,'Bari','BA',1107),(3182,'Belluno','BL',1107),(3183,'Benevento','BN',1107),(3184,'Bergamo','BG',1107),(3185,'Biella','BI',1107),(3186,'Bologna','BO',1107),(3187,'Bolzano','BZ',1107),(3188,'Brescia','BS',1107),(3189,'Brindisi','BR',1107),(3190,'Cagliari','CA',1107),(3191,'Caltanissetta','CL',1107),(3192,'Campobasso','CB',1107),(3193,'Caserta','CE',1107),(3194,'Catania','CT',1107),(3195,'Catanzaro','CZ',1107),(3196,'Chieti','CH',1107),(3197,'Como','CO',1107),(3198,'Cosenza','CS',1107),(3199,'Cremona','CR',1107),(3200,'Crotone','KR',1107),(3201,'Cuneo','CN',1107),(3202,'Enna','EN',1107),(3203,'Ferrara','FE',1107),(3204,'Firenze','FI',1107),(3205,'Foggia','FG',1107),(3206,'Forl-Cesena','FC',1107),(3207,'Frosinone','FR',1107),(3208,'Genova','GE',1107),(3209,'Gorizia','GO',1107),(3210,'Grosseto','GR',1107),(3211,'Imperia','IM',1107),(3212,'Isernia','IS',1107),(3213,'L\'Aquila','AQ',1107),(3214,'La Spezia','SP',1107),(3215,'Latina','LT',1107),(3216,'Lecce','LE',1107),(3217,'Lecco','LC',1107),(3218,'Livorno','LI',1107),(3219,'Lodi','LO',1107),(3220,'Lucca','LU',1107),(3221,'Macerata','MC',1107),(3222,'Mantova','MN',1107),(3223,'Massa-Carrara','MS',1107),(3224,'Matera','MT',1107),(3225,'Messina','ME',1107),(3226,'Milano','MI',1107),(3227,'Modena','MO',1107),(3228,'Napoli','NA',1107),(3229,'Novara','NO',1107),(3230,'Nuoro','NU',1107),(3231,'Oristano','OR',1107),(3232,'Padova','PD',1107),(3233,'Palermo','PA',1107),(3234,'Parma','PR',1107),(3235,'Pavia','PV',1107),(3236,'Perugia','PG',1107),(3237,'Pesaro e Urbino','PU',1107),(3238,'Pescara','PE',1107),(3239,'Piacenza','PC',1107),(3240,'Pisa','PI',1107),(3241,'Pistoia','PT',1107),(3242,'Pordenone','PN',1107),(3243,'Potenza','PZ',1107),(3244,'Prato','PO',1107),(3245,'Ragusa','RG',1107),(3246,'Ravenna','RA',1107),(3247,'Reggio Calabria','RC',1107),(3248,'Reggio Emilia','RE',1107),(3249,'Rieti','RI',1107),(3250,'Rimini','RN',1107),(3251,'Roma','RM',1107),(3252,'Rovigo','RO',1107),(3253,'Salerno','SA',1107),(3254,'Sassari','SS',1107),(3255,'Savona','SV',1107),(3256,'Siena','SI',1107),(3257,'Siracusa','SR',1107),(3258,'Sondrio','SO',1107),(3259,'Taranto','TA',1107),(3260,'Teramo','TE',1107),(3261,'Terni','TR',1107),(3262,'Torino','TO',1107),(3263,'Trapani','TP',1107),(3264,'Trento','TN',1107),(3265,'Treviso','TV',1107),(3266,'Trieste','TS',1107),(3267,'Udine','UD',1107),(3268,'Varese','VA',1107),(3269,'Venezia','VE',1107),(3270,'Verbano-Cusio-Ossola','VB',1107),(3271,'Vercelli','VC',1107),(3272,'Verona','VR',1107),(3273,'Vibo Valentia','VV',1107),(3274,'Vicenza','VI',1107),(3275,'Viterbo','VT',1107),(3276,'Aichi','23',1109),(3277,'Akita','05',1109),(3278,'Aomori','02',1109),(3279,'Chiba','12',1109),(3280,'Ehime','38',1109),(3281,'Fukui','18',1109),(3282,'Fukuoka','40',1109),(3283,'Fukusima','07',1109),(3284,'Gifu','21',1109),(3285,'Gunma','10',1109),(3286,'Hiroshima','34',1109),(3287,'Hokkaido','01',1109),(3288,'Hyogo','28',1109),(3289,'Ibaraki','08',1109),(3290,'Ishikawa','17',1109),(3291,'Iwate','03',1109),(3292,'Kagawa','37',1109),(3293,'Kagoshima','46',1109),(3294,'Kanagawa','14',1109),(3295,'Kochi','39',1109),(3296,'Kumamoto','43',1109),(3297,'Kyoto','26',1109),(3298,'Mie','24',1109),(3299,'Miyagi','04',1109),(3300,'Miyazaki','45',1109),(3301,'Nagano','20',1109),(3302,'Nagasaki','42',1109),(3303,'Nara','29',1109),(3304,'Niigata','15',1109),(3305,'Oita','44',1109),(3306,'Okayama','33',1109),(3307,'Okinawa','47',1109),(3308,'Osaka','27',1109),(3309,'Saga','41',1109),(3310,'Saitama','11',1109),(3311,'Shiga','25',1109),(3312,'Shimane','32',1109),(3313,'Shizuoka','22',1109),(3314,'Tochigi','09',1109),(3315,'Tokushima','36',1109),(3316,'Tokyo','13',1109),(3317,'Tottori','31',1109),(3318,'Toyama','16',1109),(3319,'Wakayama','30',1109),(3320,'Yamagata','06',1109),(3321,'Yamaguchi','35',1109),(3322,'Yamanashi','19',1109),(3323,'Clarendon','CN',1108),(3324,'Hanover','HR',1108),(3325,'Kingston','KN',1108),(3326,'Portland','PD',1108),(3327,'Saint Andrew','AW',1108),(3328,'Saint Ann','AN',1108),(3329,'Saint Catherine','CE',1108),(3330,'Saint Elizabeth','EH',1108),(3331,'Saint James','JS',1108),(3332,'Saint Mary','MY',1108),(3333,'Saint Thomas','TS',1108),(3334,'Trelawny','TY',1108),(3335,'Westmoreland','WD',1108),(3336,'Ajln','AJ',1110),(3337,'Al \'Aqaba','AQ',1110),(3338,'Al Balqa\'','BA',1110),(3339,'Al Karak','KA',1110),(3340,'Al Mafraq','MA',1110),(3341,'Amman','AM',1110),(3342,'At Tafilah','AT',1110),(3343,'Az Zarga','AZ',1110),(3344,'Irbid','JR',1110),(3345,'Jarash','JA',1110),(3346,'Ma\'an','MN',1110),(3347,'Madaba','MD',1110),(3348,'Nairobi Municipality','110',1112),(3349,'Coast','300',1112),(3350,'North-Eastern Kaskazini Mashariki','500',1112),(3351,'Rift Valley','700',1112),(3352,'Western Magharibi','900',1112),(3353,'Bishkek','GB',1117),(3354,'Batken','B',1117),(3355,'Chu','C',1117),(3356,'Jalal-Abad','J',1117),(3357,'Naryn','N',1117),(3358,'Osh','O',1117),(3359,'Talas','T',1117),(3360,'Ysyk-Kol','Y',1117),(3361,'Krong Kaeb','23',1037),(3362,'Krong Pailin','24',1037),(3363,'Xrong Preah Sihanouk','18',1037),(3364,'Phnom Penh','12',1037),(3365,'Baat Dambang','2',1037),(3366,'Banteay Mean Chey','1',1037),(3367,'Rampong Chaam','3',1037),(3368,'Kampong Chhnang','4',1037),(3369,'Kampong Spueu','5',1037),(3370,'Kampong Thum','6',1037),(3371,'Kampot','7',1037),(3372,'Kandaal','8',1037),(3373,'Kach Kong','9',1037),(3374,'Krachoh','10',1037),(3375,'Mondol Kiri','11',1037),(3376,'Otdar Mean Chey','22',1037),(3377,'Pousaat','15',1037),(3378,'Preah Vihear','13',1037),(3379,'Prey Veaeng','14',1037),(3380,'Rotanak Kiri','16',1037),(3381,'Siem Reab','17',1037),(3382,'Stueng Traeng','19',1037),(3383,'Svaay Rieng','20',1037),(3384,'Taakaev','21',1037),(3385,'Gilbert Islands','G',1113),(3386,'Line Islands','L',1113),(3387,'Phoenix Islands','P',1113),(3388,'Anjouan Ndzouani','A',1049),(3389,'Grande Comore Ngazidja','G',1049),(3390,'Moheli Moili','M',1049),(3391,'Kaesong-si','KAE',1114),(3392,'Nampo-si','NAM',1114),(3393,'Pyongyang-ai','PYO',1114),(3394,'Chagang-do','CHA',1114),(3395,'Hamgyongbuk-do','HAB',1114),(3396,'Hamgyongnam-do','HAN',1114),(3397,'Hwanghaebuk-do','HWB',1114),(3398,'Hwanghaenam-do','HWN',1114),(3399,'Kangwon-do','KAN',1114),(3400,'Pyonganbuk-do','PYB',1114),(3401,'Pyongannam-do','PYN',1114),(3402,'Yanggang-do','YAN',1114),(3403,'Najin Sonbong-si','NAJ',1114),(3404,'Seoul Teugbyeolsi','11',1115),(3405,'Busan Gwang\'yeogsi','26',1115),(3406,'Daegu Gwang\'yeogsi','27',1115),(3407,'Daejeon Gwang\'yeogsi','30',1115),(3408,'Gwangju Gwang\'yeogsi','29',1115),(3409,'Incheon Gwang\'yeogsi','28',1115),(3410,'Ulsan Gwang\'yeogsi','31',1115),(3411,'Chungcheongbugdo','43',1115),(3412,'Chungcheongnamdo','44',1115),(3413,'Gang\'weondo','42',1115),(3414,'Gyeonggido','41',1115),(3415,'Gyeongsangbugdo','47',1115),(3416,'Gyeongsangnamdo','48',1115),(3417,'Jejudo','49',1115),(3418,'Jeonrabugdo','45',1115),(3419,'Jeonranamdo','46',1115),(3420,'Al Ahmadi','AH',1116),(3421,'Al Farwanlyah','FA',1116),(3422,'Al Jahrah','JA',1116),(3423,'Al Kuwayt','KU',1116),(3424,'Hawalli','HA',1116),(3425,'Almaty','ALA',1111),(3426,'Astana','AST',1111),(3427,'Almaty oblysy','ALM',1111),(3428,'Aqmola oblysy','AKM',1111),(3429,'Aqtobe oblysy','AKT',1111),(3430,'Atyrau oblyfiy','ATY',1111),(3431,'Batys Quzaqstan oblysy','ZAP',1111),(3432,'Mangghystau oblysy','MAN',1111),(3433,'Ongtustik Quzaqstan oblysy','YUZ',1111),(3434,'Pavlodar oblysy','PAV',1111),(3435,'Qaraghandy oblysy','KAR',1111),(3436,'Qostanay oblysy','KUS',1111),(3437,'Qyzylorda oblysy','KZY',1111),(3438,'Shyghys Quzaqstan oblysy','VOS',1111),(3439,'Soltustik Quzaqstan oblysy','SEV',1111),(3440,'Zhambyl oblysy Zhambylskaya oblast\'','ZHA',1111),(3441,'Vientiane','VT',1118),(3442,'Attapu','AT',1118),(3443,'Bokeo','BK',1118),(3444,'Bolikhamxai','BL',1118),(3445,'Champasak','CH',1118),(3446,'Houaphan','HO',1118),(3447,'Khammouan','KH',1118),(3448,'Louang Namtha','LM',1118),(3449,'Louangphabang','LP',1118),(3450,'Oudomxai','OU',1118),(3451,'Phongsali','PH',1118),(3452,'Salavan','SL',1118),(3453,'Savannakhet','SV',1118),(3454,'Xaignabouli','XA',1118),(3455,'Xiasomboun','XN',1118),(3456,'Xekong','XE',1118),(3457,'Xiangkhoang','XI',1118),(3458,'Beirout','BA',1120),(3459,'El Begsa','BI',1120),(3460,'Jabal Loubnane','JL',1120),(3461,'Loubnane ech Chemali','AS',1120),(3462,'Loubnane ej Jnoubi','JA',1120),(3463,'Nabatiye','NA',1120),(3464,'Ampara','52',1199),(3465,'Anuradhapura','71',1199),(3466,'Badulla','81',1199),(3467,'Batticaloa','51',1199),(3468,'Colombo','11',1199),(3469,'Galle','31',1199),(3470,'Gampaha','12',1199),(3471,'Hambantota','33',1199),(3472,'Jaffna','41',1199),(3473,'Kalutara','13',1199),(3474,'Kandy','21',1199),(3475,'Kegalla','92',1199),(3476,'Kilinochchi','42',1199),(3477,'Kurunegala','61',1199),(3478,'Mannar','43',1199),(3479,'Matale','22',1199),(3480,'Matara','32',1199),(3481,'Monaragala','82',1199),(3482,'Mullaittivu','45',1199),(3483,'Nuwara Eliya','23',1199),(3484,'Polonnaruwa','72',1199),(3485,'Puttalum','62',1199),(3486,'Ratnapura','91',1199),(3487,'Trincomalee','53',1199),(3488,'VavunLya','44',1199),(3489,'Bomi','BM',1122),(3490,'Bong','BG',1122),(3491,'Grand Basaa','GB',1122),(3492,'Grand Cape Mount','CM',1122),(3493,'Grand Gedeh','GG',1122),(3494,'Grand Kru','GK',1122),(3495,'Lofa','LO',1122),(3496,'Margibi','MG',1122),(3497,'Maryland','MY',1122),(3498,'Montserrado','MO',1122),(3499,'Nimba','NI',1122),(3500,'Rivercess','RI',1122),(3501,'Sinoe','SI',1122),(3502,'Berea','D',1121),(3503,'Butha-Buthe','B',1121),(3504,'Leribe','C',1121),(3505,'Mafeteng','E',1121),(3506,'Maseru','A',1121),(3507,'Mohale\'s Hoek','F',1121),(3508,'Mokhotlong','J',1121),(3509,'Qacha\'s Nek','H',1121),(3510,'Quthing','G',1121),(3511,'Thaba-Tseka','K',1121),(3512,'Alytaus Apskritis','AL',1125),(3513,'Kauno Apskritis','KU',1125),(3514,'Klaipedos Apskritis','KL',1125),(3515,'Marijampoles Apskritis','MR',1125),(3516,'Panevezio Apskritis','PN',1125),(3517,'Sisuliu Apskritis','SA',1125),(3518,'Taurages Apskritis','TA',1125),(3519,'Telsiu Apskritis','TE',1125),(3520,'Utenos Apskritis','UT',1125),(3521,'Vilniaus Apskritis','VL',1125),(3522,'Diekirch','D',1126),(3523,'GreveNmacher','G',1126),(3524,'Aizkraukles Apripkis','AI',1119),(3525,'Alkanes Apripkis','AL',1119),(3526,'Balvu Apripkis','BL',1119),(3527,'Bauskas Apripkis','BU',1119),(3528,'Cesu Aprikis','CE',1119),(3529,'Daugavpile Apripkis','DA',1119),(3530,'Dobeles Apripkis','DO',1119),(3531,'Gulbenes Aprlpkis','GU',1119),(3532,'Jelgavas Apripkis','JL',1119),(3533,'Jekabpils Apripkis','JK',1119),(3534,'Kraslavas Apripkis','KR',1119),(3535,'Kuldlgas Apripkis','KU',1119),(3536,'Limbazu Apripkis','LM',1119),(3537,'Liepajas Apripkis','LE',1119),(3538,'Ludzas Apripkis','LU',1119),(3539,'Madonas Apripkis','MA',1119),(3540,'Ogres Apripkis','OG',1119),(3541,'Preilu Apripkis','PR',1119),(3542,'Rezaknes Apripkis','RE',1119),(3543,'Rigas Apripkis','RI',1119),(3544,'Saldus Apripkis','SA',1119),(3545,'Talsu Apripkis','TA',1119),(3546,'Tukuma Apriplcis','TU',1119),(3547,'Valkas Apripkis','VK',1119),(3548,'Valmieras Apripkis','VM',1119),(3549,'Ventspils Apripkis','VE',1119),(3550,'Daugavpils','DGV',1119),(3551,'Jelgava','JEL',1119),(3552,'Jurmala','JUR',1119),(3553,'Liepaja','LPX',1119),(3554,'Rezekne','REZ',1119),(3555,'Riga','RIX',1119),(3556,'Ventspils','VEN',1119),(3557,'Ajdbiy','AJ',1123),(3558,'Al Bunn','BU',1123),(3559,'Al Hizm al Akhdar','HZ',1123),(3560,'Al Jabal al Akhdar','JA',1123),(3561,'Al Jifrah','JI',1123),(3562,'Al Jufrah','JU',1123),(3563,'Al Kufrah','KF',1123),(3564,'Al Marj','MJ',1123),(3565,'Al Marqab','MB',1123),(3566,'Al Qarn','QT',1123),(3567,'Al Qubbah','QB',1123),(3568,'Al Whah','WA',1123),(3569,'An Nuqa al Khams','NQ',1123),(3570,'Ash Shi\'','SH',1123),(3571,'Az Zwiyah','ZA',1123),(3572,'Banghz','BA',1123),(3573,'Ban Wald','BW',1123),(3574,'Darnah','DR',1123),(3575,'Ghadmis','GD',1123),(3576,'Gharyn','GR',1123),(3577,'Ght','GT',1123),(3578,'Jaghbb','JB',1123),(3579,'Mirtah','MI',1123),(3580,'Mizdah','MZ',1123),(3581,'Murzuq','MQ',1123),(3582,'Nlt','NL',1123),(3583,'Sabh','SB',1123),(3584,'abrtah urmn','SS',1123),(3585,'Surt','SR',1123),(3586,'Tjr\' wa an Nawh al Arbh','TN',1123),(3587,'arbulus','TB',1123),(3588,'Tarhnah-Masalltah','TM',1123),(3589,'Wd al hayt','WD',1123),(3590,'Yafran-Jd','YJ',1123),(3591,'Agadir','AGD',1146),(3592,'At Baha','BAH',1146),(3593,'At Melloul','MEL',1146),(3594,'Al Haouz','HAO',1146),(3595,'Al Hocema','HOC',1146),(3596,'Assa-Zag','ASZ',1146),(3597,'Azilal','AZI',1146),(3598,'Beni Mellal','BEM',1146),(3599,'Ben Sllmane','BES',1146),(3600,'Berkane','BER',1146),(3601,'Boujdour','BOD',1146),(3602,'Boulemane','BOM',1146),(3603,'Casablanca  [Dar el Beda]','CAS',1146),(3604,'Chefchaouene','CHE',1146),(3605,'Chichaoua','CHI',1146),(3606,'El Hajeb','HAJ',1146),(3607,'El Jadida','JDI',1146),(3608,'Errachidia','ERR',1146),(3609,'Essaouira','ESI',1146),(3610,'Es Smara','ESM',1146),(3611,'Fs','FES',1146),(3612,'Figuig','FIG',1146),(3613,'Guelmim','GUE',1146),(3614,'Ifrane','IFR',1146),(3615,'Jerada','JRA',1146),(3616,'Kelaat Sraghna','KES',1146),(3617,'Knitra','KEN',1146),(3618,'Khemisaet','KHE',1146),(3619,'Khenifra','KHN',1146),(3620,'Khouribga','KHO',1146),(3621,'Layoune (EH)','LAA',1146),(3622,'Larache','LAP',1146),(3623,'Marrakech','MAR',1146),(3624,'Meknss','MEK',1146),(3625,'Nador','NAD',1146),(3626,'Ouarzazate','OUA',1146),(3627,'Oued ed Dahab (EH)','OUD',1146),(3628,'Oujda','OUJ',1146),(3629,'Rabat-Sal','RBA',1146),(3630,'Safi','SAF',1146),(3631,'Sefrou','SEF',1146),(3632,'Settat','SET',1146),(3633,'Sidl Kacem','SIK',1146),(3634,'Tanger','TNG',1146),(3635,'Tan-Tan','TNT',1146),(3636,'Taounate','TAO',1146),(3637,'Taroudannt','TAR',1146),(3638,'Tata','TAT',1146),(3639,'Taza','TAZ',1146),(3640,'Ttouan','TET',1146),(3641,'Tiznit','TIZ',1146),(3642,'Gagauzia, Unitate Teritoriala Autonoma','GA',1142),(3643,'Chisinau','CU',1142),(3644,'Stinga Nistrului, unitatea teritoriala din','SN',1142),(3645,'Balti','BA',1142),(3646,'Cahul','CA',1142),(3647,'Edinet','ED',1142),(3648,'Lapusna','LA',1142),(3649,'Orhei','OR',1142),(3650,'Soroca','SO',1142),(3651,'Taraclia','TA',1142),(3652,'Tighina [Bender]','TI',1142),(3653,'Ungheni','UN',1142),(3654,'Antananarivo','T',1129),(3655,'Antsiranana','D',1129),(3656,'Fianarantsoa','F',1129),(3657,'Mahajanga','M',1129),(3658,'Toamasina','A',1129),(3659,'Toliara','U',1129),(3660,'Ailinglapalap','ALL',1135),(3661,'Ailuk','ALK',1135),(3662,'Arno','ARN',1135),(3663,'Aur','AUR',1135),(3664,'Ebon','EBO',1135),(3665,'Eniwetok','ENI',1135),(3666,'Jaluit','JAL',1135),(3667,'Kili','KIL',1135),(3668,'Kwajalein','KWA',1135),(3669,'Lae','LAE',1135),(3670,'Lib','LIB',1135),(3671,'Likiep','LIK',1135),(3672,'Majuro','MAJ',1135),(3673,'Maloelap','MAL',1135),(3674,'Mejit','MEJ',1135),(3675,'Mili','MIL',1135),(3676,'Namorik','NMK',1135),(3677,'Namu','NMU',1135),(3678,'Rongelap','RON',1135),(3679,'Ujae','UJA',1135),(3680,'Ujelang','UJL',1135),(3681,'Utirik','UTI',1135),(3682,'Wotho','WTN',1135),(3683,'Wotje','WTJ',1135),(3684,'Bamako','BK0',1133),(3685,'Gao','7',1133),(3686,'Kayes','1',1133),(3687,'Kidal','8',1133),(3688,'Xoulikoro','2',1133),(3689,'Mopti','5',1133),(3690,'S69ou','4',1133),(3691,'Sikasso','3',1133),(3692,'Tombouctou','6',1133),(3693,'Ayeyarwady','07',1035),(3694,'Bago','02',1035),(3695,'Magway','03',1035),(3696,'Mandalay','04',1035),(3697,'Sagaing','01',1035),(3698,'Tanintharyi','05',1035),(3699,'Yangon','06',1035),(3700,'Chin','14',1035),(3701,'Kachin','11',1035),(3702,'Kayah','12',1035),(3703,'Kayin','13',1035),(3704,'Mon','15',1035),(3705,'Rakhine','16',1035),(3706,'Shan','17',1035),(3707,'Ulanbaatar','1',1144),(3708,'Arhangay','073',1144),(3709,'Bayanhongor','069',1144),(3710,'Bayan-Olgiy','071',1144),(3711,'Bulgan','067',1144),(3712,'Darhan uul','037',1144),(3713,'Dornod','061',1144),(3714,'Dornogov,','063',1144),(3715,'DundgovL','059',1144),(3716,'Dzavhan','057',1144),(3717,'Govi-Altay','065',1144),(3718,'Govi-Smber','064',1144),(3719,'Hentiy','039',1144),(3720,'Hovd','043',1144),(3721,'Hovsgol','041',1144),(3722,'Omnogovi','053',1144),(3723,'Orhon','035',1144),(3724,'Ovorhangay','055',1144),(3725,'Selenge','049',1144),(3726,'Shbaatar','051',1144),(3727,'Tov','047',1144),(3728,'Uvs','046',1144),(3729,'Nouakchott','NKC',1137),(3730,'Assaba','03',1137),(3731,'Brakna','05',1137),(3732,'Dakhlet Nouadhibou','08',1137),(3733,'Gorgol','04',1137),(3734,'Guidimaka','10',1137),(3735,'Hodh ech Chargui','01',1137),(3736,'Hodh el Charbi','02',1137),(3737,'Inchiri','12',1137),(3738,'Tagant','09',1137),(3739,'Tiris Zemmour','11',1137),(3740,'Trarza','06',1137),(3741,'Beau Bassin-Rose Hill','BR',1138),(3742,'Curepipe','CU',1138),(3743,'Port Louis','PU',1138),(3744,'Quatre Bornes','QB',1138),(3745,'Vacosa-Phoenix','VP',1138),(3746,'Black River','BL',1138),(3747,'Flacq','FL',1138),(3748,'Grand Port','GP',1138),(3749,'Moka','MO',1138),(3750,'Pamplemousses','PA',1138),(3751,'Plaines Wilhems','PW',1138),(3752,'Riviere du Rempart','RP',1138),(3753,'Savanne','SA',1138),(3754,'Agalega Islands','AG',1138),(3755,'Cargados Carajos Shoals','CC',1138),(3756,'Rodrigues Island','RO',1138),(3757,'Male','MLE',1132),(3758,'Alif','02',1132),(3759,'Baa','20',1132),(3760,'Dhaalu','17',1132),(3761,'Faafu','14',1132),(3762,'Gaaf Alif','27',1132),(3763,'Gaefu Dhaalu','28',1132),(3764,'Gnaviyani','29',1132),(3765,'Haa Alif','07',1132),(3766,'Haa Dhaalu','23',1132),(3767,'Kaafu','26',1132),(3768,'Laamu','05',1132),(3769,'Lhaviyani','03',1132),(3770,'Meemu','12',1132),(3771,'Noonu','25',1132),(3772,'Raa','13',1132),(3773,'Seenu','01',1132),(3774,'Shaviyani','24',1132),(3775,'Thaa','08',1132),(3776,'Vaavu','04',1132),(3777,'Balaka','BA',1130),(3778,'Blantyre','BL',1130),(3779,'Chikwawa','CK',1130),(3780,'Chiradzulu','CR',1130),(3781,'Chitipa','CT',1130),(3782,'Dedza','DE',1130),(3783,'Dowa','DO',1130),(3784,'Karonga','KR',1130),(3785,'Kasungu','KS',1130),(3786,'Likoma Island','LK',1130),(3787,'Lilongwe','LI',1130),(3788,'Machinga','MH',1130),(3789,'Mangochi','MG',1130),(3790,'Mchinji','MC',1130),(3791,'Mulanje','MU',1130),(3792,'Mwanza','MW',1130),(3793,'Mzimba','MZ',1130),(3794,'Nkhata Bay','NB',1130),(3795,'Nkhotakota','NK',1130),(3796,'Nsanje','NS',1130),(3797,'Ntcheu','NU',1130),(3798,'Ntchisi','NI',1130),(3799,'Phalomba','PH',1130),(3800,'Rumphi','RU',1130),(3801,'Salima','SA',1130),(3802,'Thyolo','TH',1130),(3803,'Zomba','ZO',1130),(3804,'Aguascalientes','AGU',1140),(3805,'Baja California','BCN',1140),(3806,'Baja California Sur','BCS',1140),(3807,'Campeche','CAM',1140),(3808,'Coahu ila','COA',1140),(3809,'Col ima','COL',1140),(3810,'Chiapas','CHP',1140),(3811,'Chihushua','CHH',1140),(3812,'Durango','DUR',1140),(3813,'Guanajuato','GUA',1140),(3814,'Guerrero','GRO',1140),(3815,'Hidalgo','HID',1140),(3816,'Jalisco','JAL',1140),(3817,'Mexico','MEX',1140),(3818,'Michoacin','MIC',1140),(3819,'Morelos','MOR',1140),(3820,'Nayarit','NAY',1140),(3821,'Nuevo Leon','NLE',1140),(3822,'Oaxaca','OAX',1140),(3823,'Puebla','PUE',1140),(3824,'Queretaro','QUE',1140),(3825,'Quintana Roo','ROO',1140),(3826,'San Luis Potosi','SLP',1140),(3827,'Sinaloa','SIN',1140),(3828,'Sonora','SON',1140),(3829,'Tabasco','TAB',1140),(3830,'Tamaulipas','TAM',1140),(3831,'Tlaxcala','TLA',1140),(3832,'Veracruz','VER',1140),(3833,'Yucatan','YUC',1140),(3834,'Zacatecas','ZAC',1140),(3835,'Wilayah Persekutuan Kuala Lumpur','14',1131),(3836,'Wilayah Persekutuan Labuan','15',1131),(3837,'Wilayah Persekutuan Putrajaya','16',1131),(3838,'Johor','01',1131),(3839,'Kedah','02',1131),(3840,'Kelantan','03',1131),(3841,'Melaka','04',1131),(3842,'Negeri Sembilan','05',1131),(3843,'Pahang','06',1131),(3844,'Perak','08',1131),(3845,'Perlis','09',1131),(3846,'Pulau Pinang','07',1131),(3847,'Sabah','12',1131),(3848,'Sarawak','13',1131),(3849,'Selangor','10',1131),(3850,'Terengganu','11',1131),(3851,'Maputo','MPM',1147),(3852,'Cabo Delgado','P',1147),(3853,'Gaza','G',1147),(3854,'Inhambane','I',1147),(3855,'Manica','B',1147),(3856,'Numpula','N',1147),(3857,'Niaaea','A',1147),(3858,'Sofala','S',1147),(3859,'Tete','T',1147),(3860,'Zambezia','Q',1147),(3861,'Caprivi','CA',1148),(3862,'Erongo','ER',1148),(3863,'Hardap','HA',1148),(3864,'Karas','KA',1148),(3865,'Khomae','KH',1148),(3866,'Kunene','KU',1148),(3867,'Ohangwena','OW',1148),(3868,'Okavango','OK',1148),(3869,'Omaheke','OH',1148),(3870,'Omusati','OS',1148),(3871,'Oshana','ON',1148),(3872,'Oshikoto','OT',1148),(3873,'Otjozondjupa','OD',1148),(3874,'Niamey','8',1156),(3875,'Agadez','1',1156),(3876,'Diffa','2',1156),(3877,'Dosso','3',1156),(3878,'Maradi','4',1156),(3879,'Tahoua','S',1156),(3880,'Tillaberi','6',1156),(3881,'Zinder','7',1156),(3882,'Abuja Capital Territory','FC',1157),(3883,'Abia','AB',1157),(3884,'Adamawa','AD',1157),(3885,'Akwa Ibom','AK',1157),(3886,'Anambra','AN',1157),(3887,'Bauchi','BA',1157),(3888,'Bayelsa','BY',1157),(3889,'Benue','BE',1157),(3890,'Borno','BO',1157),(3891,'Cross River','CR',1157),(3892,'Delta','DE',1157),(3893,'Ebonyi','EB',1157),(3894,'Edo','ED',1157),(3895,'Ekiti','EK',1157),(3896,'Enugu','EN',1157),(3897,'Gombe','GO',1157),(3898,'Imo','IM',1157),(3899,'Jigawa','JI',1157),(3900,'Kaduna','KD',1157),(3901,'Kano','KN',1157),(3902,'Katsina','KT',1157),(3903,'Kebbi','KE',1157),(3904,'Kogi','KO',1157),(3905,'Kwara','KW',1157),(3906,'Lagos','LA',1157),(3907,'Nassarawa','NA',1157),(3908,'Niger','NI',1157),(3909,'Ogun','OG',1157),(3910,'Ondo','ON',1157),(3911,'Osun','OS',1157),(3912,'Oyo','OY',1157),(3913,'Rivers','RI',1157),(3914,'Sokoto','SO',1157),(3915,'Taraba','TA',1157),(3916,'Yobe','YO',1157),(3917,'Zamfara','ZA',1157),(3918,'Boaco','BO',1155),(3919,'Carazo','CA',1155),(3920,'Chinandega','CI',1155),(3921,'Chontales','CO',1155),(3922,'Esteli','ES',1155),(3923,'Jinotega','JI',1155),(3924,'Leon','LE',1155),(3925,'Madriz','MD',1155),(3926,'Managua','MN',1155),(3927,'Masaya','MS',1155),(3928,'Matagalpa','MT',1155),(3929,'Nueva Segovia','NS',1155),(3930,'Rio San Juan','SJ',1155),(3931,'Rivas','RI',1155),(3932,'Atlantico Norte','AN',1155),(3933,'Atlantico Sur','AS',1155),(3934,'Drente','DR',1152),(3935,'Flevoland','FL',1152),(3936,'Friesland','FR',1152),(3937,'Gelderland','GL',1152),(3938,'Groningen','GR',1152),(3939,'Noord-Brabant','NB',1152),(3940,'Noord-Holland','NH',1152),(3941,'Overijssel','OV',1152),(3942,'Utrecht','UT',1152),(3943,'Zuid-Holland','ZH',1152),(3944,'Zeeland','ZL',1152),(3945,'Akershus','02',1161),(3946,'Aust-Agder','09',1161),(3947,'Buskerud','06',1161),(3948,'Finumark','20',1161),(3949,'Hedmark','04',1161),(3950,'Hordaland','12',1161),(3951,'Mire og Romsdal','15',1161),(3952,'Nordland','18',1161),(3953,'Nord-Trindelag','17',1161),(3954,'Oppland','05',1161),(3955,'Oslo','03',1161),(3956,'Rogaland','11',1161),(3957,'Sogn og Fjordane','14',1161),(3958,'Sir-Trindelag','16',1161),(3959,'Telemark','06',1161),(3960,'Troms','19',1161),(3961,'Vest-Agder','10',1161),(3962,'Vestfold','07',1161),(3963,'Ostfold','01',1161),(3964,'Jan Mayen','22',1161),(3965,'Svalbard','21',1161),(3966,'Auckland','AUK',1154),(3967,'Bay of Plenty','BOP',1154),(3968,'Canterbury','CAN',1154),(3969,'Gisborne','GIS',1154),(3970,'Hawkes Bay','HKB',1154),(3971,'Manawatu-Wanganui','MWT',1154),(3972,'Marlborough','MBH',1154),(3973,'Nelson','NSN',1154),(3974,'Northland','NTL',1154),(3975,'Otago','OTA',1154),(3976,'Southland','STL',1154),(3977,'Taranaki','TKI',1154),(3978,'Tasman','TAS',1154),(3979,'waikato','WKO',1154),(3980,'Wellington','WGN',1154),(3981,'West Coast','WTC',1154),(3982,'Ad Dakhillyah','DA',1162),(3983,'Al Batinah','BA',1162),(3984,'Al Janblyah','JA',1162),(3985,'Al Wusta','WU',1162),(3986,'Ash Sharqlyah','SH',1162),(3987,'Az Zahirah','ZA',1162),(3988,'Masqat','MA',1162),(3989,'Musandam','MU',1162),(3990,'Bocas del Toro','1',1166),(3991,'Cocle','2',1166),(3992,'Chiriqui','4',1166),(3993,'Darien','5',1166),(3994,'Herrera','6',1166),(3995,'Loa Santoa','7',1166),(3996,'Panama','8',1166),(3997,'Veraguas','9',1166),(3998,'Comarca de San Blas','Q',1166),(3999,'El Callao','CAL',1169),(4000,'Ancash','ANC',1169),(4001,'Apurimac','APU',1169),(4002,'Arequipa','ARE',1169),(4003,'Ayacucho','AYA',1169),(4004,'Cajamarca','CAJ',1169),(4005,'Cuzco','CUS',1169),(4006,'Huancavelica','HUV',1169),(4007,'Huanuco','HUC',1169),(4008,'Ica','ICA',1169),(4009,'Junin','JUN',1169),(4010,'La Libertad','LAL',1169),(4011,'Lambayeque','LAM',1169),(4012,'Lima','LIM',1169),(4013,'Loreto','LOR',1169),(4014,'Madre de Dios','MDD',1169),(4015,'Moquegua','MOQ',1169),(4016,'Pasco','PAS',1169),(4017,'Piura','PIU',1169),(4018,'Puno','PUN',1169),(4019,'San Martin','SAM',1169),(4020,'Tacna','TAC',1169),(4021,'Tumbes','TUM',1169),(4022,'Ucayali','UCA',1169),(4023,'National Capital District (Port Moresby)','NCD',1167),(4024,'Chimbu','CPK',1167),(4025,'Eastern Highlands','EHG',1167),(4026,'East New Britain','EBR',1167),(4027,'East Sepik','ESW',1167),(4028,'Enga','EPW',1167),(4029,'Gulf','GPK',1167),(4030,'Madang','MPM',1167),(4031,'Manus','MRL',1167),(4032,'Milne Bay','MBA',1167),(4033,'Morobe','MPL',1167),(4034,'New Ireland','NIK',1167),(4035,'North Solomons','NSA',1167),(4036,'Santaun','SAN',1167),(4037,'Southern Highlands','SHM',1167),(4038,'Western Highlands','WHM',1167),(4039,'West New Britain','WBK',1167),(4040,'Abra','ABR',1170),(4041,'Agusan del Norte','AGN',1170),(4042,'Agusan del Sur','AGS',1170),(4043,'Aklan','AKL',1170),(4044,'Albay','ALB',1170),(4045,'Antique','ANT',1170),(4046,'Apayao','APA',1170),(4047,'Aurora','AUR',1170),(4048,'Basilan','BAS',1170),(4049,'Batasn','BAN',1170),(4050,'Batanes','BTN',1170),(4051,'Batangas','BTG',1170),(4052,'Benguet','BEN',1170),(4053,'Biliran','BIL',1170),(4054,'Bohol','BOH',1170),(4055,'Bukidnon','BUK',1170),(4056,'Bulacan','BUL',1170),(4057,'Cagayan','CAG',1170),(4058,'Camarines Norte','CAN',1170),(4059,'Camarines Sur','CAS',1170),(4060,'Camiguin','CAM',1170),(4061,'Capiz','CAP',1170),(4062,'Catanduanes','CAT',1170),(4063,'Cavite','CAV',1170),(4064,'Cebu','CEB',1170),(4065,'Compostela Valley','COM',1170),(4066,'Davao','DAV',1170),(4067,'Davao del Sur','DAS',1170),(4068,'Davao Oriental','DAO',1170),(4069,'Eastern Samar','EAS',1170),(4070,'Guimaras','GUI',1170),(4071,'Ifugao','IFU',1170),(4072,'Ilocos Norte','ILN',1170),(4073,'Ilocos Sur','ILS',1170),(4074,'Iloilo','ILI',1170),(4075,'Isabela','ISA',1170),(4076,'Kalinga-Apayso','KAL',1170),(4077,'Laguna','LAG',1170),(4078,'Lanao del Norte','LAN',1170),(4079,'Lanao del Sur','LAS',1170),(4080,'La Union','LUN',1170),(4081,'Leyte','LEY',1170),(4082,'Maguindanao','MAG',1170),(4083,'Marinduque','MAD',1170),(4084,'Masbate','MAS',1170),(4085,'Mindoro Occidental','MDC',1170),(4086,'Mindoro Oriental','MDR',1170),(4087,'Misamis Occidental','MSC',1170),(4088,'Misamis Oriental','MSR',1170),(4089,'Mountain Province','MOU',1170),(4090,'Negroe Occidental','NEC',1170),(4091,'Negros Oriental','NER',1170),(4092,'North Cotabato','NCO',1170),(4093,'Northern Samar','NSA',1170),(4094,'Nueva Ecija','NUE',1170),(4095,'Nueva Vizcaya','NUV',1170),(4096,'Palawan','PLW',1170),(4097,'Pampanga','PAM',1170),(4098,'Pangasinan','PAN',1170),(4099,'Quezon','QUE',1170),(4100,'Quirino','QUI',1170),(4101,'Rizal','RIZ',1170),(4102,'Romblon','ROM',1170),(4103,'Sarangani','SAR',1170),(4104,'Siquijor','SIG',1170),(4105,'Sorsogon','SOR',1170),(4106,'South Cotabato','SCO',1170),(4107,'Southern Leyte','SLE',1170),(4108,'Sultan Kudarat','SUK',1170),(4109,'Sulu','SLU',1170),(4110,'Surigao del Norte','SUN',1170),(4111,'Surigao del Sur','SUR',1170),(4112,'Tarlac','TAR',1170),(4113,'Tawi-Tawi','TAW',1170),(4114,'Western Samar','WSA',1170),(4115,'Zambales','ZMB',1170),(4116,'Zamboanga del Norte','ZAN',1170),(4117,'Zamboanga del Sur','ZAS',1170),(4118,'Zamboanga Sibiguey','ZSI',1170),(4119,'Islamabad','IS',1163),(4120,'Baluchistan (en)','BA',1163),(4121,'North-West Frontier','NW',1163),(4122,'Sind (en)','SD',1163),(4123,'Federally Administered Tribal Aresa','TA',1163),(4124,'Azad Rashmir','JK',1163),(4125,'Northern Areas','NA',1163),(4126,'Aveiro','01',1173),(4127,'Beja','02',1173),(4128,'Braga','03',1173),(4129,'Braganca','04',1173),(4130,'Castelo Branco','05',1173),(4131,'Colmbra','06',1173),(4132,'Ovora','07',1173),(4133,'Faro','08',1173),(4134,'Guarda','09',1173),(4135,'Leiria','10',1173),(4136,'Lisboa','11',1173),(4137,'Portalegre','12',1173),(4138,'Porto','13',1173),(4139,'Santarem','14',1173),(4140,'Setubal','15',1173),(4141,'Viana do Castelo','16',1173),(4142,'Vila Real','17',1173),(4143,'Viseu','18',1173),(4144,'Regiao Autonoma dos Acores','20',1173),(4145,'Regiao Autonoma da Madeira','30',1173),(4146,'Asuncion','ASU',1168),(4147,'Alto Paraguay','16',1168),(4148,'Alto Parana','10',1168),(4149,'Amambay','13',1168),(4150,'Boqueron','19',1168),(4151,'Caeguazu','5',1168),(4152,'Caazapl','6',1168),(4153,'Canindeyu','14',1168),(4154,'Concepcion','1',1168),(4155,'Cordillera','3',1168),(4156,'Guaira','4',1168),(4157,'Itapua','7',1168),(4158,'Miaiones','8',1168),(4159,'Neembucu','12',1168),(4160,'Paraguari','9',1168),(4161,'Presidente Hayes','15',1168),(4162,'San Pedro','2',1168),(4163,'Ad Dawhah','DA',1175),(4164,'Al Ghuwayriyah','GH',1175),(4165,'Al Jumayliyah','JU',1175),(4166,'Al Khawr','KH',1175),(4167,'Al Wakrah','WA',1175),(4168,'Ar Rayyan','RA',1175),(4169,'Jariyan al Batnah','JB',1175),(4170,'Madinat ash Shamal','MS',1175),(4171,'Umm Salal','US',1175),(4172,'Bucuresti','B',1176),(4173,'Alba','AB',1176),(4174,'Arad','AR',1176),(4175,'Arges','AG',1176),(4176,'Bacau','BC',1176),(4177,'Bihor','BH',1176),(4178,'Bistrita-Nasaud','BN',1176),(4179,'Boto\'ani','BT',1176),(4180,'Bra\'ov','BV',1176),(4181,'Braila','BR',1176),(4182,'Buzau','BZ',1176),(4183,'Caras-Severin','CS',1176),(4184,'Ca la ras\'i','CL',1176),(4185,'Cluj','CJ',1176),(4186,'Constant\'a','CT',1176),(4187,'Covasna','CV',1176),(4188,'Dambovit\'a','DB',1176),(4189,'Dolj','DJ',1176),(4190,'Galat\'i','GL',1176),(4191,'Giurgiu','GR',1176),(4192,'Gorj','GJ',1176),(4193,'Harghita','HR',1176),(4194,'Hunedoara','HD',1176),(4195,'Ialomit\'a','IL',1176),(4196,'Ias\'i','IS',1176),(4197,'Ilfov','IF',1176),(4198,'Maramures','MM',1176),(4199,'Mehedint\'i','MH',1176),(4200,'Mures','MS',1176),(4201,'Neamt','NT',1176),(4202,'Olt','OT',1176),(4203,'Prahova','PH',1176),(4204,'Satu Mare','SM',1176),(4205,'Sa laj','SJ',1176),(4206,'Sibiu','SB',1176),(4207,'Suceava','SV',1176),(4208,'Teleorman','TR',1176),(4209,'Timis','TM',1176),(4210,'Tulcea','TL',1176),(4211,'Vaslui','VS',1176),(4212,'Valcea','VL',1176),(4213,'Vrancea','VN',1176),(4214,'Adygeya, Respublika','AD',1177),(4215,'Altay, Respublika','AL',1177),(4216,'Bashkortostan, Respublika','BA',1177),(4217,'Buryatiya, Respublika','BU',1177),(4218,'Chechenskaya Respublika','CE',1177),(4219,'Chuvashskaya Respublika','CU',1177),(4220,'Dagestan, Respublika','DA',1177),(4221,'Ingushskaya Respublika','IN',1177),(4222,'Kabardino-Balkarskaya','KB',1177),(4223,'Kalmykiya, Respublika','KL',1177),(4224,'Karachayevo-Cherkesskaya Respublika','KC',1177),(4225,'Kareliya, Respublika','KR',1177),(4226,'Khakasiya, Respublika','KK',1177),(4227,'Komi, Respublika','KO',1177),(4228,'Mariy El, Respublika','ME',1177),(4229,'Mordoviya, Respublika','MO',1177),(4230,'Sakha, Respublika [Yakutiya]','SA',1177),(4231,'Severnaya Osetiya, Respublika','SE',1177),(4232,'Tatarstan, Respublika','TA',1177),(4233,'Tyva, Respublika [Tuva]','TY',1177),(4234,'Udmurtskaya Respublika','UD',1177),(4235,'Altayskiy kray','ALT',1177),(4236,'Khabarovskiy kray','KHA',1177),(4237,'Krasnodarskiy kray','KDA',1177),(4238,'Krasnoyarskiy kray','KYA',1177),(4239,'Primorskiy kray','PRI',1177),(4240,'Stavropol\'skiy kray','STA',1177),(4241,'Amurskaya oblast\'','AMU',1177),(4242,'Arkhangel\'skaya oblast\'','ARK',1177),(4243,'Astrakhanskaya oblast\'','AST',1177),(4244,'Belgorodskaya oblast\'','BEL',1177),(4245,'Bryanskaya oblast\'','BRY',1177),(4246,'Chelyabinskaya oblast\'','CHE',1177),(4247,'Chitinskaya oblast\'','CHI',1177),(4248,'Irkutskaya oblast\'','IRK',1177),(4249,'Ivanovskaya oblast\'','IVA',1177),(4250,'Kaliningradskaya oblast\'','KGD',1177),(4251,'Kaluzhskaya oblast\'','KLU',1177),(4252,'Kamchatskaya oblast\'','KAM',1177),(4253,'Kemerovskaya oblast\'','KEM',1177),(4254,'Kirovskaya oblast\'','KIR',1177),(4255,'Kostromskaya oblast\'','KOS',1177),(4256,'Kurganskaya oblast\'','KGN',1177),(4257,'Kurskaya oblast\'','KRS',1177),(4258,'Leningradskaya oblast\'','LEN',1177),(4259,'Lipetskaya oblast\'','LIP',1177),(4260,'Magadanskaya oblast\'','MAG',1177),(4261,'Moskovskaya oblast\'','MOS',1177),(4262,'Murmanskaya oblast\'','MUR',1177),(4263,'Nizhegorodskaya oblast\'','NIZ',1177),(4264,'Novgorodskaya oblast\'','NGR',1177),(4265,'Novosibirskaya oblast\'','NVS',1177),(4266,'Omskaya oblast\'','OMS',1177),(4267,'Orenburgskaya oblast\'','ORE',1177),(4268,'Orlovskaya oblast\'','ORL',1177),(4269,'Penzenskaya oblast\'','PNZ',1177),(4270,'Permskaya oblast\'','PER',1177),(4271,'Pskovskaya oblast\'','PSK',1177),(4272,'Rostovskaya oblast\'','ROS',1177),(4273,'Ryazanskaya oblast\'','RYA',1177),(4274,'Sakhalinskaya oblast\'','SAK',1177),(4275,'Samarskaya oblast\'','SAM',1177),(4276,'Saratovskaya oblast\'','SAR',1177),(4277,'Smolenskaya oblast\'','SMO',1177),(4278,'Sverdlovskaya oblast\'','SVE',1177),(4279,'Tambovskaya oblast\'','TAM',1177),(4280,'Tomskaya oblast\'','TOM',1177),(4281,'Tul\'skaya oblast\'','TUL',1177),(4282,'Tverskaya oblast\'','TVE',1177),(4283,'Tyumenskaya oblast\'','TYU',1177),(4284,'Ul\'yanovskaya oblast\'','ULY',1177),(4285,'Vladimirskaya oblast\'','VLA',1177),(4286,'Volgogradskaya oblast\'','VGG',1177),(4287,'Vologodskaya oblast\'','VLG',1177),(4288,'Voronezhskaya oblast\'','VOR',1177),(4289,'Yaroslavskaya oblast\'','YAR',1177),(4290,'Moskva','MOW',1177),(4291,'Sankt-Peterburg','SPE',1177),(4292,'Yevreyskaya avtonomnaya oblast\'','YEV',1177),(4293,'Aginskiy Buryatskiy avtonomnyy','AGB',1177),(4294,'Chukotskiy avtonomnyy okrug','CHU',1177),(4295,'Evenkiyskiy avtonomnyy okrug','EVE',1177),(4296,'Khanty-Mansiyskiy avtonomnyy okrug','KHM',1177),(4297,'Komi-Permyatskiy avtonomnyy okrug','KOP',1177),(4298,'Koryakskiy avtonomnyy okrug','KOR',1177),(4299,'Nenetskiy avtonomnyy okrug','NEN',1177),(4300,'Taymyrskiy (Dolgano-Nenetskiy)','TAY',1177),(4301,'Ust\'-Ordynskiy Buryatskiy','UOB',1177),(4302,'Yamalo-Nenetskiy avtonomnyy okrug','YAN',1177),(4303,'Butare','C',1178),(4304,'Byumba','I',1178),(4305,'Cyangugu','E',1178),(4306,'Gikongoro','D',1178),(4307,'Gisenyi','G',1178),(4308,'Gitarama','B',1178),(4309,'Kibungo','J',1178),(4310,'Kibuye','F',1178),(4311,'Kigali-Rural Kigali y\' Icyaro','K',1178),(4312,'Kigali-Ville Kigali Ngari','L',1178),(4313,'Mutara','M',1178),(4314,'Ruhengeri','H',1178),(4315,'Al Batah','11',1187),(4316,'Al H,udd ash Shamallyah','08',1187),(4317,'Al Jawf','12',1187),(4318,'Al Madinah','03',1187),(4319,'Al Qasim','05',1187),(4320,'Ar Riyad','01',1187),(4321,'Asir','14',1187),(4322,'Ha\'il','06',1187),(4323,'Jlzan','09',1187),(4324,'Makkah','02',1187),(4325,'Najran','10',1187),(4326,'Tabuk','07',1187),(4327,'Capital Territory (Honiara)','CT',1194),(4328,'Guadalcanal','GU',1194),(4329,'Isabel','IS',1194),(4330,'Makira','MK',1194),(4331,'Malaita','ML',1194),(4332,'Temotu','TE',1194),(4333,'A\'ali an Nil','23',1200),(4334,'Al Bah al Ahmar','26',1200),(4335,'Al Buhayrat','18',1200),(4336,'Al Jazirah','07',1200),(4337,'Al Khartum','03',1200),(4338,'Al Qadarif','06',1200),(4339,'Al Wahdah','22',1200),(4340,'An Nil','04',1200),(4341,'An Nil al Abyaq','08',1200),(4342,'An Nil al Azraq','24',1200),(4343,'Ash Shamallyah','01',1200),(4344,'Bahr al Jabal','17',1200),(4345,'Gharb al Istiwa\'iyah','16',1200),(4346,'Gharb Ba~r al Ghazal','14',1200),(4347,'Gharb Darfur','12',1200),(4348,'Gharb Kurdufan','10',1200),(4349,'Janub Darfur','11',1200),(4350,'Janub Rurdufan','13',1200),(4351,'Jnqall','20',1200),(4352,'Kassala','05',1200),(4353,'Shamal Batr al Ghazal','15',1200),(4354,'Shamal Darfur','02',1200),(4355,'Shamal Kurdufan','09',1200),(4356,'Sharq al Istiwa\'iyah','19',1200),(4357,'Sinnar','25',1200),(4358,'Warab','21',1200),(4359,'Blekinge lan','K',1204),(4360,'Dalarnas lan','W',1204),(4361,'Gotlands lan','I',1204),(4362,'Gavleborge lan','X',1204),(4363,'Hallands lan','N',1204),(4364,'Jamtlande lan','Z',1204),(4365,'Jonkopings lan','F',1204),(4366,'Kalmar lan','H',1204),(4367,'Kronoberge lan','G',1204),(4368,'Norrbottena lan','BD',1204),(4369,'Skane lan','M',1204),(4370,'Stockholms lan','AB',1204),(4371,'Sodermanlands lan','D',1204),(4372,'Uppsala lan','C',1204),(4373,'Varmlanda lan','S',1204),(4374,'Vasterbottens lan','AC',1204),(4375,'Vasternorrlands lan','Y',1204),(4376,'Vastmanlanda lan','U',1204),(4377,'Vastra Gotalands lan','Q',1204),(4378,'Orebro lan','T',1204),(4379,'Ostergotlands lan','E',1204),(4380,'Saint Helena','SH',1180),(4381,'Ascension','AC',1180),(4382,'Tristan da Cunha','TA',1180),(4383,'Ajdovscina','001',1193),(4384,'Beltinci','002',1193),(4385,'Benedikt','148',1193),(4386,'Bistrica ob Sotli','149',1193),(4387,'Bled','003',1193),(4388,'Bloke','150',1193),(4389,'Bohinj','004',1193),(4390,'Borovnica','005',1193),(4391,'Bovec','006',1193),(4392,'Braslovce','151',1193),(4393,'Brda','007',1193),(4394,'Brezovica','008',1193),(4395,'Brezica','009',1193),(4396,'Cankova','152',1193),(4397,'Celje','011',1193),(4398,'Cerklje na Gorenjskem','012',1193),(4399,'Cerknica','013',1193),(4400,'Cerkno','014',1193),(4401,'Cerkvenjak','153',1193),(4402,'Crensovci','015',1193),(4403,'Crna na Koroskem','016',1193),(4404,'Crnomelj','017',1193),(4405,'Destrnik','018',1193),(4406,'Divaca','019',1193),(4407,'Dobje','154',1193),(4408,'Dobrepolje','020',1193),(4409,'Dobrna','155',1193),(4410,'Dobrova-Polhov Gradec','021',1193),(4411,'Dobrovnik','156',1193),(4412,'Dol pri Ljubljani','022',1193),(4413,'Dolenjske Toplice','157',1193),(4414,'Domzale','023',1193),(4415,'Dornava','024',1193),(4416,'Dravograd','025',1193),(4417,'Duplek','026',1193),(4418,'Gorenja vas-Poljane','027',1193),(4419,'Gorsnica','028',1193),(4420,'Gornja Radgona','029',1193),(4421,'Gornji Grad','030',1193),(4422,'Gornji Petrovci','031',1193),(4423,'Grad','158',1193),(4424,'Grosuplje','032',1193),(4425,'Hajdina','159',1193),(4426,'Hoce-Slivnica','160',1193),(4427,'Hodos','161',1193),(4428,'Jorjul','162',1193),(4429,'Hrastnik','034',1193),(4430,'Hrpelje-Kozina','035',1193),(4431,'Idrija','036',1193),(4432,'Ig','037',1193),(4433,'IIrska Bistrica','038',1193),(4434,'Ivancna Gorica','039',1193),(4435,'Izola','040',1193),(4436,'Jesenice','041',1193),(4437,'Jezersko','163',1193),(4438,'Jursinci','042',1193),(4439,'Kamnik','043',1193),(4440,'Kanal','044',1193),(4441,'Kidricevo','045',1193),(4442,'Kobarid','046',1193),(4443,'Kobilje','047',1193),(4444,'Jovevje','048',1193),(4445,'Komen','049',1193),(4446,'Komenda','164',1193),(4447,'Koper','050',1193),(4448,'Kostel','165',1193),(4449,'Kozje','051',1193),(4450,'Kranj','052',1193),(4451,'Kranjska Gora','053',1193),(4452,'Krizevci','166',1193),(4453,'Krsko','054',1193),(4454,'Kungota','055',1193),(4455,'Kuzma','056',1193),(4456,'Lasko','057',1193),(4457,'Lenart','058',1193),(4458,'Lendava','059',1193),(4459,'Litija','060',1193),(4460,'Ljubljana','061',1193),(4461,'Ljubno','062',1193),(4462,'Ljutomer','063',1193),(4463,'Logatec','064',1193),(4464,'Loska dolina','065',1193),(4465,'Loski Potok','066',1193),(4466,'Lovrenc na Pohorju','167',1193),(4467,'Luce','067',1193),(4468,'Lukovica','068',1193),(4469,'Majsperk','069',1193),(4470,'Maribor','070',1193),(4471,'Markovci','168',1193),(4472,'Medvode','071',1193),(4473,'Menges','072',1193),(4474,'Metlika','073',1193),(4475,'Mezica','074',1193),(4476,'Miklavz na Dravskern polju','169',1193),(4477,'Miren-Kostanjevica','075',1193),(4478,'Mirna Pec','170',1193),(4479,'Mislinja','076',1193),(4480,'Moravce','077',1193),(4481,'Moravske Toplice','078',1193),(4482,'Mozirje','079',1193),(4483,'Murska Sobota','080',1193),(4484,'Muta','081',1193),(4485,'Naklo','082',1193),(4486,'Nazarje','083',1193),(4487,'Nova Gorica','084',1193),(4488,'Nova mesto','085',1193),(4489,'Sveta Ana','181',1193),(4490,'Sveti Andraz v Slovenskih goricah','182',1193),(4491,'Sveti Jurij','116',1193),(4492,'Salovci','033',1193),(4493,'Sempeter-Vrtojba','183',1193),(4494,'Sencur','117',1193),(4495,'Sentilj','118',1193),(4496,'Sentjernej','119',1193),(4497,'Sentjur pri Celju','120',1193),(4498,'Skocjan','121',1193),(4499,'Skofja Loka','122',1193),(4500,'Skoftjica','123',1193),(4501,'Smarje pri Jelsah','124',1193),(4502,'Smartno ob Paki','125',1193),(4503,'Smartno pri Litiji','194',1193),(4504,'Sostanj','126',1193),(4505,'Store','127',1193),(4506,'Tabor','184',1193),(4507,'Tisina','010',1193),(4508,'Tolmin','128',1193),(4509,'Trbovje','129',1193),(4510,'Trebnje','130',1193),(4511,'Trnovska vas','185',1193),(4512,'Trzic','131',1193),(4513,'Trzin','186',1193),(4514,'Turnisce','132',1193),(4515,'Velenje','133',1193),(4516,'Velika Polana','187',1193),(4517,'Velika Lasce','134',1193),(4518,'Verzej','188',1193),(4519,'Videm','135',1193),(4520,'Vipava','136',1193),(4521,'Vitanje','137',1193),(4522,'Vojnik','138',1193),(4523,'Vransko','189',1193),(4524,'Vrhnika','140',1193),(4525,'Vuzenica','141',1193),(4526,'Zagorje ob Savi','142',1193),(4527,'Zavrc','143',1193),(4528,'Zrece','144',1193),(4529,'Zalec','190',1193),(4530,'Zelezniki','146',1193),(4531,'Zetale','191',1193),(4532,'Ziri','147',1193),(4533,'Zirovnica','192',1193),(4534,'Zuzemberk','193',1193),(4535,'Banskobystrick kraj','BC',1192),(4536,'Bratislavsk kraj','BL',1192),(4537,'Koick kraj','KI',1192),(4538,'Nitriansky kraj','NJ',1192),(4539,'Preovsk kraj','PV',1192),(4540,'Treniansky kraj','TC',1192),(4541,'Trnavsk kraj','TA',1192),(4542,'ilinsk kraj','ZI',1192),(4543,'Western Area (Freetown)','W',1190),(4544,'Dakar','DK',1188),(4545,'Diourbel','DB',1188),(4546,'Fatick','FK',1188),(4547,'Kaolack','KL',1188),(4548,'Kolda','KD',1188),(4549,'Louga','LG',1188),(4550,'Matam','MT',1188),(4551,'Saint-Louis','SL',1188),(4552,'Tambacounda','TC',1188),(4553,'Thies','TH',1188),(4554,'Ziguinchor','ZG',1188),(4555,'Awdal','AW',1195),(4556,'Bakool','BK',1195),(4557,'Banaadir','BN',1195),(4558,'Bay','BY',1195),(4559,'Galguduud','GA',1195),(4560,'Gedo','GE',1195),(4561,'Hiirsan','HI',1195),(4562,'Jubbada Dhexe','JD',1195),(4563,'Jubbada Hoose','JH',1195),(4564,'Mudug','MU',1195),(4565,'Nugaal','NU',1195),(4566,'Saneag','SA',1195),(4567,'Shabeellaha Dhexe','SD',1195),(4568,'Shabeellaha Hoose','SH',1195),(4569,'Sool','SO',1195),(4570,'Togdheer','TO',1195),(4571,'Woqooyi Galbeed','WO',1195),(4572,'Brokopondo','BR',1201),(4573,'Commewijne','CM',1201),(4574,'Coronie','CR',1201),(4575,'Marowijne','MA',1201),(4576,'Nickerie','NI',1201),(4577,'Paramaribo','PM',1201),(4578,'Saramacca','SA',1201),(4579,'Sipaliwini','SI',1201),(4580,'Wanica','WA',1201),(4581,'Principe','P',1207),(4582,'Sao Tome','S',1207),(4583,'Ahuachapan','AH',1066),(4584,'Cabanas','CA',1066),(4585,'Cuscatlan','CU',1066),(4586,'Chalatenango','CH',1066),(4587,'Morazan','MO',1066),(4588,'San Miguel','SM',1066),(4589,'San Salvador','SS',1066),(4590,'Santa Ana','SA',1066),(4591,'San Vicente','SV',1066),(4592,'Sonsonate','SO',1066),(4593,'Usulutan','US',1066),(4594,'Al Hasakah','HA',1206),(4595,'Al Ladhiqiyah','LA',1206),(4596,'Al Qunaytirah','QU',1206),(4597,'Ar Raqqah','RA',1206),(4598,'As Suwayda\'','SU',1206),(4599,'Dar\'a','DR',1206),(4600,'Dayr az Zawr','DY',1206),(4601,'Dimashq','DI',1206),(4602,'Halab','HL',1206),(4603,'Hamah','HM',1206),(4604,'Jim\'','HI',1206),(4605,'Idlib','ID',1206),(4606,'Rif Dimashq','RD',1206),(4607,'Tarts','TA',1206),(4608,'Hhohho','HH',1203),(4609,'Lubombo','LU',1203),(4610,'Manzini','MA',1203),(4611,'Shiselweni','SH',1203),(4612,'Batha','BA',1043),(4613,'Biltine','BI',1043),(4614,'Borkou-Ennedi-Tibesti','BET',1043),(4615,'Chari-Baguirmi','CB',1043),(4616,'Guera','GR',1043),(4617,'Kanem','KA',1043),(4618,'Lac','LC',1043),(4619,'Logone-Occidental','LO',1043),(4620,'Logone-Oriental','LR',1043),(4621,'Mayo-Kebbi','MK',1043),(4622,'Moyen-Chari','MC',1043),(4623,'Ouaddai','OD',1043),(4624,'Salamat','SA',1043),(4625,'Tandjile','TA',1043),(4626,'Kara','K',1214),(4627,'Maritime (Region)','M',1214),(4628,'Savannes','S',1214),(4629,'Krung Thep Maha Nakhon Bangkok','10',1211),(4630,'Phatthaya','S',1211),(4631,'Amnat Charoen','37',1211),(4632,'Ang Thong','15',1211),(4633,'Buri Ram','31',1211),(4634,'Chachoengsao','24',1211),(4635,'Chai Nat','18',1211),(4636,'Chaiyaphum','36',1211),(4637,'Chanthaburi','22',1211),(4638,'Chiang Mai','50',1211),(4639,'Chiang Rai','57',1211),(4640,'Chon Buri','20',1211),(4641,'Chumphon','86',1211),(4642,'Kalasin','46',1211),(4643,'Kamphasng Phet','62',1211),(4644,'Kanchanaburi','71',1211),(4645,'Khon Kaen','40',1211),(4646,'Krabi','81',1211),(4647,'Lampang','52',1211),(4648,'Lamphun','51',1211),(4649,'Loei','42',1211),(4650,'Lop Buri','16',1211),(4651,'Mae Hong Son','58',1211),(4652,'Maha Sarakham','44',1211),(4653,'Mukdahan','49',1211),(4654,'Nakhon Nayok','26',1211),(4655,'Nakhon Pathom','73',1211),(4656,'Nakhon Phanom','48',1211),(4657,'Nakhon Ratchasima','30',1211),(4658,'Nakhon Sawan','60',1211),(4659,'Nakhon Si Thammarat','80',1211),(4660,'Nan','55',1211),(4661,'Narathiwat','96',1211),(4662,'Nong Bua Lam Phu','39',1211),(4663,'Nong Khai','43',1211),(4664,'Nonthaburi','12',1211),(4665,'Pathum Thani','13',1211),(4666,'Pattani','94',1211),(4667,'Phangnga','82',1211),(4668,'Phatthalung','93',1211),(4669,'Phayao','56',1211),(4670,'Phetchabun','67',1211),(4671,'Phetchaburi','76',1211),(4672,'Phichit','66',1211),(4673,'Phitsanulok','65',1211),(4674,'Phrae','54',1211),(4675,'Phra Nakhon Si Ayutthaya','14',1211),(4676,'Phaket','83',1211),(4677,'Prachin Buri','25',1211),(4678,'Prachuap Khiri Khan','77',1211),(4679,'Ranong','85',1211),(4680,'Ratchaburi','70',1211),(4681,'Rayong','21',1211),(4682,'Roi Et','45',1211),(4683,'Sa Kaeo','27',1211),(4684,'Sakon Nakhon','47',1211),(4685,'Samut Prakan','11',1211),(4686,'Samut Sakhon','74',1211),(4687,'Samut Songkhram','75',1211),(4688,'Saraburi','19',1211),(4689,'Satun','91',1211),(4690,'Sing Buri','17',1211),(4691,'Si Sa Ket','33',1211),(4692,'Songkhla','90',1211),(4693,'Sukhothai','64',1211),(4694,'Suphan Buri','72',1211),(4695,'Surat Thani','84',1211),(4696,'Surin','32',1211),(4697,'Tak','63',1211),(4698,'Trang','92',1211),(4699,'Trat','23',1211),(4700,'Ubon Ratchathani','34',1211),(4701,'Udon Thani','41',1211),(4702,'Uthai Thani','61',1211),(4703,'Uttaradit','53',1211),(4704,'Yala','95',1211),(4705,'Yasothon','35',1211),(4706,'Sughd','SU',1209),(4707,'Khatlon','KT',1209),(4708,'Gorno-Badakhshan','GB',1209),(4709,'Ahal','A',1220),(4710,'Balkan','B',1220),(4711,'Dasoguz','D',1220),(4712,'Lebap','L',1220),(4713,'Mary','M',1220),(4714,'Bja','31',1218),(4715,'Ben Arous','13',1218),(4716,'Bizerte','23',1218),(4717,'Gabs','81',1218),(4718,'Gafsa','71',1218),(4719,'Jendouba','32',1218),(4720,'Kairouan','41',1218),(4721,'Rasserine','42',1218),(4722,'Kebili','73',1218),(4723,'L\'Ariana','12',1218),(4724,'Le Ref','33',1218),(4725,'Mahdia','53',1218),(4726,'La Manouba','14',1218),(4727,'Medenine','82',1218),(4728,'Moneatir','52',1218),(4729,'Naboul','21',1218),(4730,'Sfax','61',1218),(4731,'Sidi Bouxid','43',1218),(4732,'Siliana','34',1218),(4733,'Sousse','51',1218),(4734,'Tataouine','83',1218),(4735,'Tozeur','72',1218),(4736,'Tunis','11',1218),(4737,'Zaghouan','22',1218),(4738,'Adana','01',1219),(4739,'Ad yaman','02',1219),(4740,'Afyon','03',1219),(4741,'Ag r','04',1219),(4742,'Aksaray','68',1219),(4743,'Amasya','05',1219),(4744,'Ankara','06',1219),(4745,'Antalya','07',1219),(4746,'Ardahan','75',1219),(4747,'Artvin','08',1219),(4748,'Aydin','09',1219),(4749,'Bal kesir','10',1219),(4750,'Bartin','74',1219),(4751,'Batman','72',1219),(4752,'Bayburt','69',1219),(4753,'Bilecik','11',1219),(4754,'Bingol','12',1219),(4755,'Bitlis','13',1219),(4756,'Bolu','14',1219),(4757,'Burdur','15',1219),(4758,'Bursa','16',1219),(4759,'Canakkale','17',1219),(4760,'Cankir','18',1219),(4761,'Corum','19',1219),(4762,'Denizli','20',1219),(4763,'Diyarbakir','21',1219),(4764,'Duzce','81',1219),(4765,'Edirne','22',1219),(4766,'Elazig','23',1219),(4767,'Erzincan','24',1219),(4768,'Erzurum','25',1219),(4769,'Eskis\'ehir','26',1219),(4770,'Gaziantep','27',1219),(4771,'Giresun','28',1219),(4772,'Gms\'hane','29',1219),(4773,'Hakkari','30',1219),(4774,'Hatay','31',1219),(4775,'Igidir','76',1219),(4776,'Isparta','32',1219),(4777,'Icel','33',1219),(4778,'Istanbul','34',1219),(4779,'Izmir','35',1219),(4780,'Kahramanmaras','46',1219),(4781,'Karabk','78',1219),(4782,'Karaman','70',1219),(4783,'Kars','36',1219),(4784,'Kastamonu','37',1219),(4785,'Kayseri','38',1219),(4786,'Kirikkale','71',1219),(4787,'Kirklareli','39',1219),(4788,'Kirs\'ehir','40',1219),(4789,'Kilis','79',1219),(4790,'Kocaeli','41',1219),(4791,'Konya','42',1219),(4792,'Ktahya','43',1219),(4793,'Malatya','44',1219),(4794,'Manisa','45',1219),(4795,'Mardin','47',1219),(4796,'Mugila','48',1219),(4797,'Mus','49',1219),(4798,'Nevs\'ehir','50',1219),(4799,'Nigide','51',1219),(4800,'Ordu','52',1219),(4801,'Osmaniye','80',1219),(4802,'Rize','53',1219),(4803,'Sakarya','54',1219),(4804,'Samsun','55',1219),(4805,'Siirt','56',1219),(4806,'Sinop','57',1219),(4807,'Sivas','58',1219),(4808,'S\'anliurfa','63',1219),(4809,'S\'rnak','73',1219),(4810,'Tekirdag','59',1219),(4811,'Tokat','60',1219),(4812,'Trabzon','61',1219),(4813,'Tunceli','62',1219),(4814,'Us\'ak','64',1219),(4815,'Van','65',1219),(4816,'Yalova','77',1219),(4817,'Yozgat','66',1219),(4818,'Zonguldak','67',1219),(4819,'Couva-Tabaquite-Talparo','CTT',1217),(4820,'Diego Martin','DMN',1217),(4821,'Eastern Tobago','ETO',1217),(4822,'Penal-Debe','PED',1217),(4823,'Princes Town','PRT',1217),(4824,'Rio Claro-Mayaro','RCM',1217),(4825,'Sangre Grande','SGE',1217),(4826,'San Juan-Laventille','SJL',1217),(4827,'Siparia','SIP',1217),(4828,'Tunapuna-Piarco','TUP',1217),(4829,'Western Tobago','WTO',1217),(4830,'Arima','ARI',1217),(4831,'Chaguanas','CHA',1217),(4832,'Point Fortin','PTF',1217),(4833,'Port of Spain','POS',1217),(4834,'San Fernando','SFO',1217),(4835,'Aileu','AL',1063),(4836,'Ainaro','AN',1063),(4837,'Bacucau','BA',1063),(4838,'Bobonaro','BO',1063),(4839,'Cova Lima','CO',1063),(4840,'Dili','DI',1063),(4841,'Ermera','ER',1063),(4842,'Laulem','LA',1063),(4843,'Liquica','LI',1063),(4844,'Manatuto','MT',1063),(4845,'Manafahi','MF',1063),(4846,'Oecussi','OE',1063),(4847,'Viqueque','VI',1063),(4848,'Changhua','CHA',1208),(4849,'Chiayi','CYQ',1208),(4850,'Hsinchu','HSQ',1208),(4851,'Hualien','HUA',1208),(4852,'Ilan','ILA',1208),(4853,'Kaohsiung','KHQ',1208),(4854,'Miaoli','MIA',1208),(4855,'Nantou','NAN',1208),(4856,'Penghu','PEN',1208),(4857,'Pingtung','PIF',1208),(4858,'Taichung','TXQ',1208),(4859,'Tainan','TNQ',1208),(4860,'Taipei','TPQ',1208),(4861,'Taitung','TTT',1208),(4862,'Taoyuan','TAO',1208),(4863,'Yunlin','YUN',1208),(4864,'Keelung','KEE',1208),(4865,'Arusha','01',1210),(4866,'Dar-es-Salaam','02',1210),(4867,'Dodoma','03',1210),(4868,'Iringa','04',1210),(4869,'Kagera','05',1210),(4870,'Kaskazini Pemba','06',1210),(4871,'Kaskazini Unguja','07',1210),(4872,'Xigoma','08',1210),(4873,'Kilimanjaro','09',1210),(4874,'Rusini Pemba','10',1210),(4875,'Kusini Unguja','11',1210),(4876,'Lindi','12',1210),(4877,'Manyara','26',1210),(4878,'Mara','13',1210),(4879,'Mbeya','14',1210),(4880,'Mjini Magharibi','15',1210),(4881,'Morogoro','16',1210),(4882,'Mtwara','17',1210),(4883,'Pwani','19',1210),(4884,'Rukwa','20',1210),(4885,'Ruvuma','21',1210),(4886,'Shinyanga','22',1210),(4887,'Singida','23',1210),(4888,'Tabora','24',1210),(4889,'Tanga','25',1210),(4890,'Cherkas\'ka Oblast\'','71',1224),(4891,'Chernihivs\'ka Oblast\'','74',1224),(4892,'Chernivets\'ka Oblast\'','77',1224),(4893,'Dnipropetrovs\'ka Oblast\'','12',1224),(4894,'Donets\'ka Oblast\'','14',1224),(4895,'Ivano-Frankivs\'ka Oblast\'','26',1224),(4896,'Kharkivs\'ka Oblast\'','63',1224),(4897,'Khersons\'ka Oblast\'','65',1224),(4898,'Khmel\'nyts\'ka Oblast\'','68',1224),(4899,'Kirovohrads\'ka Oblast\'','35',1224),(4900,'Kyivs\'ka Oblast\'','32',1224),(4901,'Luhans\'ka Oblast\'','09',1224),(4902,'L\'vivs\'ka Oblast\'','46',1224),(4903,'Mykolaivs\'ka Oblast\'','48',1224),(4904,'Odes \'ka Oblast\'','51',1224),(4905,'Poltavs\'ka Oblast\'','53',1224),(4906,'Rivnens\'ka Oblast\'','56',1224),(4907,'Sums \'ka Oblast\'','59',1224),(4908,'Ternopil\'s\'ka Oblast\'','61',1224),(4909,'Vinnyts\'ka Oblast\'','05',1224),(4910,'Volyos\'ka Oblast\'','07',1224),(4911,'Zakarpats\'ka Oblast\'','21',1224),(4912,'Zaporiz\'ka Oblast\'','23',1224),(4913,'Zhytomyrs\'ka Oblast\'','18',1224),(4914,'Respublika Krym','43',1224),(4915,'Kyiv','30',1224),(4916,'Sevastopol','40',1224),(4917,'Adjumani','301',1223),(4918,'Apac','302',1223),(4919,'Arua','303',1223),(4920,'Bugiri','201',1223),(4921,'Bundibugyo','401',1223),(4922,'Bushenyi','402',1223),(4923,'Busia','202',1223),(4924,'Gulu','304',1223),(4925,'Hoima','403',1223),(4926,'Iganga','203',1223),(4927,'Jinja','204',1223),(4928,'Kabale','404',1223),(4929,'Kabarole','405',1223),(4930,'Kaberamaido','213',1223),(4931,'Kalangala','101',1223),(4932,'Kampala','102',1223),(4933,'Kamuli','205',1223),(4934,'Kamwenge','413',1223),(4935,'Kanungu','414',1223),(4936,'Kapchorwa','206',1223),(4937,'Kasese','406',1223),(4938,'Katakwi','207',1223),(4939,'Kayunga','112',1223),(4940,'Kibaale','407',1223),(4941,'Kiboga','103',1223),(4942,'Kisoro','408',1223),(4943,'Kitgum','305',1223),(4944,'Kotido','306',1223),(4945,'Kumi','208',1223),(4946,'Kyenjojo','415',1223),(4947,'Lira','307',1223),(4948,'Luwero','104',1223),(4949,'Masaka','105',1223),(4950,'Masindi','409',1223),(4951,'Mayuge','214',1223),(4952,'Mbale','209',1223),(4953,'Mbarara','410',1223),(4954,'Moroto','308',1223),(4955,'Moyo','309',1223),(4956,'Mpigi','106',1223),(4957,'Mubende','107',1223),(4958,'Mukono','108',1223),(4959,'Nakapiripirit','311',1223),(4960,'Nakasongola','109',1223),(4961,'Nebbi','310',1223),(4962,'Ntungamo','411',1223),(4963,'Pader','312',1223),(4964,'Pallisa','210',1223),(4965,'Rakai','110',1223),(4966,'Rukungiri','412',1223),(4967,'Sembabule','111',1223),(4968,'Sironko','215',1223),(4969,'Soroti','211',1223),(4970,'Tororo','212',1223),(4971,'Wakiso','113',1223),(4972,'Yumbe','313',1223),(4973,'Baker Island','81',1227),(4974,'Howland Island','84',1227),(4975,'Jarvis Island','86',1227),(4976,'Johnston Atoll','67',1227),(4977,'Kingman Reef','89',1227),(4978,'Midway Islands','71',1227),(4979,'Navassa Island','76',1227),(4980,'Palmyra Atoll','95',1227),(4981,'Wake Ialand','79',1227),(4982,'Artigsa','AR',1229),(4983,'Canelones','CA',1229),(4984,'Cerro Largo','CL',1229),(4985,'Colonia','CO',1229),(4986,'Durazno','DU',1229),(4987,'Flores','FS',1229),(4988,'Lavalleja','LA',1229),(4989,'Maldonado','MA',1229),(4990,'Montevideo','MO',1229),(4991,'Paysandu','PA',1229),(4992,'Rivera','RV',1229),(4993,'Rocha','RO',1229),(4994,'Salto','SA',1229),(4995,'Soriano','SO',1229),(4996,'Tacuarembo','TA',1229),(4997,'Treinta y Tres','TT',1229),(4998,'Toshkent (city)','TK',1230),(4999,'Qoraqalpogiston Respublikasi','QR',1230),(5000,'Andijon','AN',1230),(5001,'Buxoro','BU',1230),(5002,'Farg\'ona','FA',1230),(5003,'Jizzax','JI',1230),(5004,'Khorazm','KH',1230),(5005,'Namangan','NG',1230),(5006,'Navoiy','NW',1230),(5007,'Qashqadaryo','QA',1230),(5008,'Samarqand','SA',1230),(5009,'Sirdaryo','SI',1230),(5010,'Surxondaryo','SU',1230),(5011,'Toshkent','TO',1230),(5012,'Xorazm','XO',1230),(5013,'Diatrito Federal','A',1232),(5014,'Anzoategui','B',1232),(5015,'Apure','C',1232),(5016,'Aragua','D',1232),(5017,'Barinas','E',1232),(5018,'Carabobo','G',1232),(5019,'Cojedes','H',1232),(5020,'Falcon','I',1232),(5021,'Guarico','J',1232),(5022,'Lara','K',1232),(5023,'Merida','L',1232),(5024,'Miranda','M',1232),(5025,'Monagas','N',1232),(5026,'Nueva Esparta','O',1232),(5027,'Portuguesa','P',1232),(5028,'Tachira','S',1232),(5029,'Trujillo','T',1232),(5030,'Vargas','X',1232),(5031,'Yaracuy','U',1232),(5032,'Zulia','V',1232),(5033,'Delta Amacuro','Y',1232),(5034,'Dependencias Federales','W',1232),(5035,'An Giang','44',1233),(5036,'Ba Ria - Vung Tau','43',1233),(5037,'Bac Can','53',1233),(5038,'Bac Giang','54',1233),(5039,'Bac Lieu','55',1233),(5040,'Bac Ninh','56',1233),(5041,'Ben Tre','50',1233),(5042,'Binh Dinh','31',1233),(5043,'Binh Duong','57',1233),(5044,'Binh Phuoc','58',1233),(5045,'Binh Thuan','40',1233),(5046,'Ca Mau','59',1233),(5047,'Can Tho','48',1233),(5048,'Cao Bang','04',1233),(5049,'Da Nang, thanh pho','60',1233),(5050,'Dong Nai','39',1233),(5051,'Dong Thap','45',1233),(5052,'Gia Lai','30',1233),(5053,'Ha Giang','03',1233),(5054,'Ha Nam','63',1233),(5055,'Ha Noi, thu do','64',1233),(5056,'Ha Tay','15',1233),(5057,'Ha Tinh','23',1233),(5058,'Hai Duong','61',1233),(5059,'Hai Phong, thanh pho','62',1233),(5060,'Hoa Binh','14',1233),(5061,'Ho Chi Minh, thanh pho [Sai Gon]','65',1233),(5062,'Hung Yen','66',1233),(5063,'Khanh Hoa','34',1233),(5064,'Kien Giang','47',1233),(5065,'Kon Tum','28',1233),(5066,'Lai Chau','01',1233),(5067,'Lam Dong','35',1233),(5068,'Lang Son','09',1233),(5069,'Lao Cai','02',1233),(5070,'Long An','41',1233),(5071,'Nam Dinh','67',1233),(5072,'Nghe An','22',1233),(5073,'Ninh Binh','18',1233),(5074,'Ninh Thuan','36',1233),(5075,'Phu Tho','68',1233),(5076,'Phu Yen','32',1233),(5077,'Quang Binh','24',1233),(5078,'Quang Nam','27',1233),(5079,'Quang Ngai','29',1233),(5080,'Quang Ninh','13',1233),(5081,'Quang Tri','25',1233),(5082,'Soc Trang','52',1233),(5083,'Son La','05',1233),(5084,'Tay Ninh','37',1233),(5085,'Thai Binh','20',1233),(5086,'Thai Nguyen','69',1233),(5087,'Thanh Hoa','21',1233),(5088,'Thua Thien-Hue','26',1233),(5089,'Tien Giang','46',1233),(5090,'Tra Vinh','51',1233),(5091,'Tuyen Quang','07',1233),(5092,'Vinh Long','49',1233),(5093,'Vinh Phuc','70',1233),(5094,'Yen Bai','06',1233),(5095,'Malampa','MAP',1231),(5096,'Penama','PAM',1231),(5097,'Sanma','SAM',1231),(5098,'Shefa','SEE',1231),(5099,'Tafea','TAE',1231),(5100,'Torba','TOB',1231),(5101,'A\'ana','AA',1185),(5102,'Aiga-i-le-Tai','AL',1185),(5103,'Atua','AT',1185),(5104,'Fa\'aaaleleaga','FA',1185),(5105,'Gaga\'emauga','GE',1185),(5106,'Gagaifomauga','GI',1185),(5107,'Palauli','PA',1185),(5108,'Satupa\'itea','SA',1185),(5109,'Tuamasaga','TU',1185),(5110,'Va\'a-o-Fonoti','VF',1185),(5111,'Vaisigano','VS',1185),(5112,'Crna Gora','CG',1238),(5113,'Srbija','SR',1238),(5114,'Kosovo-Metohija','KM',1238),(5115,'Vojvodina','VO',1238),(5116,'Abyan','AB',1237),(5117,'Adan','AD',1237),(5118,'Ad Dali','DA',1237),(5119,'Al Bayda\'','BA',1237),(5120,'Al Hudaydah','MU',1237),(5121,'Al Mahrah','MR',1237),(5122,'Al Mahwit','MW',1237),(5123,'Amran','AM',1237),(5124,'Dhamar','DH',1237),(5125,'Hadramawt','HD',1237),(5126,'Hajjah','HJ',1237),(5127,'Ibb','IB',1237),(5128,'Lahij','LA',1237),(5129,'Ma\'rib','MA',1237),(5130,'Sa\'dah','SD',1237),(5131,'San\'a\'','SN',1237),(5132,'Shabwah','SH',1237),(5133,'Ta\'izz','TA',1237),(5134,'Eastern Cape','EC',1196),(5135,'Free State','FS',1196),(5136,'Gauteng','GT',1196),(5137,'Kwazulu-Natal','NL',1196),(5138,'Mpumalanga','MP',1196),(5139,'Northern Cape','NC',1196),(5140,'Limpopo','NP',1196),(5141,'Western Cape','WC',1196),(5142,'Copperbelt','08',1239),(5143,'Luapula','04',1239),(5144,'Lusaka','09',1239),(5145,'North-Western','06',1239),(5146,'Bulawayo','BU',1240),(5147,'Harare','HA',1240),(5148,'Manicaland','MA',1240),(5149,'Mashonaland Central','MC',1240),(5150,'Mashonaland East','ME',1240),(5151,'Mashonaland West','MW',1240),(5152,'Masvingo','MV',1240),(5153,'Matabeleland North','MN',1240),(5154,'Matabeleland South','MS',1240),(5155,'Midlands','MI',1240),(5156,'South Karelia','SK',1075),(5157,'South Ostrobothnia','SO',1075),(5158,'Etel-Savo','ES',1075),(5159,'Hme','HH',1075),(5160,'It-Uusimaa','IU',1075),(5161,'Kainuu','KA',1075),(5162,'Central Ostrobothnia','CO',1075),(5163,'Central Finland','CF',1075),(5164,'Kymenlaakso','KY',1075),(5165,'Lapland','LA',1075),(5166,'Tampere Region','TR',1075),(5167,'Ostrobothnia','OB',1075),(5168,'North Karelia','NK',1075),(5169,'Nothern Ostrobothnia','NO',1075),(5170,'Northern Savo','NS',1075),(5171,'Pijt-Hme','PH',1075),(5172,'Satakunta','SK',1075),(5173,'Uusimaa','UM',1075),(5174,'South-West Finland','SW',1075),(5175,'land','AL',1075),(5176,'Limburg','LI',1152),(5177,'Central and Western','CW',1098),(5178,'Eastern','EA',1098),(5179,'Southern','SO',1098),(5180,'Wan Chai','WC',1098),(5181,'Kowloon City','KC',1098),(5182,'Kwun Tong','KU',1098),(5183,'Sham Shui Po','SS',1098),(5184,'Wong Tai Sin','WT',1098),(5185,'Yau Tsim Mong','YT',1098),(5186,'Islands','IS',1098),(5187,'Kwai Tsing','KI',1098),(5188,'North','NO',1098),(5189,'Sai Kung','SK',1098),(5190,'Sha Tin','ST',1098),(5191,'Tai Po','TP',1098),(5192,'Tsuen Wan','TW',1098),(5193,'Tuen Mun','TM',1098),(5194,'Yuen Long','YL',1098),(5195,'Manchester','MR',1108),(5196,'Al Manmah (Al imah)','13',1016),(5197,'Al Janbyah','14',1016),(5199,'Al Wus','16',1016),(5200,'Ash Shamlyah','17',1016),(5201,'Jenin','_A',1165),(5202,'Tubas','_B',1165),(5203,'Tulkarm','_C',1165),(5204,'Nablus','_D',1165),(5205,'Qalqilya','_E',1165),(5206,'Salfit','_F',1165),(5207,'Ramallah and Al-Bireh','_G',1165),(5208,'Jericho','_H',1165),(5209,'Jerusalem','_I',1165),(5210,'Bethlehem','_J',1165),(5211,'Hebron','_K',1165),(5212,'North Gaza','_L',1165),(5213,'Gaza','_M',1165),(5214,'Deir el-Balah','_N',1165),(5215,'Khan Yunis','_O',1165),(5216,'Rafah','_P',1165),(5217,'Brussels','BRU',1020),(9000,'North West','NW',1196),(9986,'Tyne and Wear','xTYW',1226),(9987,'Isle of Man','xIOM',1226),(9988,'Greater Manchester','xGMA',1226),(9989,'Co Tyrone','xTYR',1226),(9990,'West Yorkshire','xWYO',1226),(9991,'South Yorkshire','xSYO',1226),(9992,'Merseyside','xMSD',1226),(9993,'Berkshire','xBRK',1226),(9994,'West Midlands','xWMD',1226),(9995,'Inverness','xIVN',1226),(9996,'Avon','xAVN',1226),(9997,'Middlesex','xMDX',1226),(9998,'West Glamorgan','xWGM',1226),(9999,'London','xLON',1226),(10000,'Carbonia-Iglesias','CI',1107),(10001,'Olbia-Tempio','OT',1107),(10002,'Medio Campidano','VS',1107),(10003,'Ogliastra','OG',1107);
/*!40000 ALTER TABLE `civicrm_state_province` ENABLE KEYS */;
UNLOCK TABLES;

--
-- Dumping data for table `civicrm_subscription_history`
--

LOCK TABLES `civicrm_subscription_history` WRITE;
/*!40000 ALTER TABLE `civicrm_subscription_history` DISABLE KEYS */;
INSERT INTO `civicrm_subscription_history` (`id`, `contact_id`, `group_id`, `date`, `method`, `status`, `tracking`) VALUES (1,59,2,'2008-12-06 01:11:26','Admin','Added',NULL),(2,468,2,'2008-08-20 03:04:53','Email','Pending',NULL),(3,386,2,'2009-04-13 02:13:27','Admin','Removed',NULL),(4,212,2,'2008-10-02 07:58:24','Email','Pending',NULL),(5,22,2,'2009-04-11 11:32:27','Email','Added',NULL),(6,183,2,'2008-11-17 05:52:35','Email','Added',NULL),(7,96,2,'2009-03-19 02:49:22','Email','Removed',NULL),(8,99,2,'2009-04-03 12:31:38','Admin','Pending',NULL),(9,132,2,'2008-08-31 08:32:27','Email','Pending',NULL),(10,47,2,'2008-10-31 08:12:57','Email','Pending',NULL),(11,79,2,'2009-03-24 01:58:02','Admin','Removed',NULL),(12,256,2,'2008-11-04 06:37:14','Admin','Pending',NULL),(13,61,2,'2008-10-28 07:45:05','Email','Removed',NULL),(14,437,2,'2008-12-06 02:18:43','Email','Added',NULL),(15,95,2,'2008-08-29 06:39:03','Admin','Pending',NULL),(16,106,2,'2008-10-02 03:15:05','Admin','Pending',NULL),(17,164,2,'2008-08-30 02:34:17','Email','Pending',NULL),(18,182,2,'2008-06-12 11:57:28','Email','Added',NULL),(19,500,2,'2008-10-15 07:37:42','Admin','Added',NULL),(20,436,2,'2008-06-12 05:13:25','Admin','Added',NULL),(21,145,2,'2009-02-11 01:00:43','Email','Added',NULL),(22,163,2,'2009-04-28 10:35:36','Email','Removed',NULL),(23,177,2,'2008-06-14 02:39:05','Email','Added',NULL),(24,489,2,'2009-01-08 04:49:22','Email','Removed',NULL),(25,193,2,'2009-04-10 11:47:13','Admin','Pending',NULL),(26,295,2,'2008-07-12 08:29:41','Email','Added',NULL),(27,263,2,'2008-11-21 08:11:14','Admin','Removed',NULL),(28,266,2,'2008-12-19 05:13:32','Email','Added',NULL),(29,160,2,'2009-03-02 12:05:41','Email','Pending',NULL),(30,264,2,'2008-06-27 10:09:19','Admin','Added',NULL),(31,118,2,'2008-10-26 03:22:55','Admin','Added',NULL),(32,477,2,'2008-11-16 06:45:27','Email','Removed',NULL),(33,298,2,'2008-11-05 12:55:13','Admin','Pending',NULL),(34,103,2,'2008-10-12 09:59:30','Email','Added',NULL),(35,134,2,'2008-10-12 12:29:15','Admin','Removed',NULL),(36,12,2,'2008-11-08 09:25:43','Email','Added',NULL),(37,41,2,'2008-07-23 12:17:11','Admin','Pending',NULL),(38,55,2,'2009-04-05 03:29:05','Email','Removed',NULL),(39,276,2,'2009-05-16 04:39:57','Admin','Pending',NULL),(40,317,2,'2009-04-07 06:14:50','Email','Added',NULL),(41,373,2,'2008-12-13 07:33:19','Admin','Pending',NULL),(42,360,2,'2008-11-11 03:50:42','Admin','Added',NULL),(43,173,2,'2009-04-19 12:39:26','Admin','Added',NULL),(44,446,2,'2009-03-19 01:51:42','Email','Removed',NULL),(45,216,2,'2008-12-17 08:07:02','Admin','Removed',NULL),(46,301,2,'2009-05-11 06:08:23','Email','Added',NULL),(47,237,2,'2008-05-23 05:29:14','Email','Removed',NULL),(48,324,2,'2008-09-26 11:02:25','Admin','Added',NULL),(49,136,2,'2008-09-05 01:38:44','Email','Removed',NULL),(50,466,2,'2008-11-27 04:54:23','Admin','Added',NULL),(51,411,2,'2009-01-14 08:23:17','Email','Pending',NULL),(52,254,2,'2008-11-26 10:18:28','Admin','Pending',NULL),(53,159,2,'2008-09-07 02:01:54','Email','Removed',NULL),(54,314,2,'2008-08-02 02:05:39','Admin','Removed',NULL),(55,387,2,'2008-11-06 12:16:16','Admin','Removed',NULL),(56,359,2,'2008-08-12 08:01:51','Email','Pending',NULL),(57,316,2,'2008-07-20 08:18:45','Admin','Pending',NULL),(58,380,2,'2008-07-19 08:36:58','Email','Added',NULL),(59,214,2,'2008-06-20 01:14:07','Email','Added',NULL),(60,138,2,'2009-01-05 01:43:32','Email','Pending',NULL),(61,219,3,'2009-01-09 10:03:15','Email','Removed',NULL),(62,72,3,'2009-01-31 03:58:59','Email','Removed',NULL),(63,272,3,'2008-09-06 07:58:07','Email','Removed',NULL),(64,190,3,'2009-02-19 09:15:38','Admin','Pending',NULL),(65,412,3,'2008-06-06 12:07:43','Email','Added',NULL),(66,393,3,'2008-12-08 03:34:09','Email','Pending',NULL),(67,395,3,'2009-02-14 10:30:27','Admin','Added',NULL),(68,227,3,'2009-02-26 05:16:46','Email','Removed',NULL),(69,18,3,'2009-03-12 11:53:00','Email','Pending',NULL),(70,33,3,'2009-03-19 06:34:12','Admin','Removed',NULL),(71,69,3,'2009-04-12 05:15:28','Email','Added',NULL),(72,146,3,'2009-02-18 12:12:07','Email','Removed',NULL),(73,382,3,'2008-08-07 03:46:52','Email','Added',NULL),(74,31,3,'2008-11-27 09:33:16','Admin','Added',NULL),(75,450,3,'2008-07-15 04:26:46','Admin','Added',NULL),(76,59,4,'2009-03-24 10:35:54','Admin','Added',NULL),(77,99,4,'2008-10-26 11:10:51','Admin','Added',NULL),(78,95,4,'2008-09-12 11:58:50','Admin','Removed',NULL),(79,163,4,'2008-06-12 08:12:45','Admin','Pending',NULL),(80,160,4,'2009-01-20 03:25:10','Email','Added',NULL),(81,12,4,'2008-11-26 08:25:36','Admin','Pending',NULL),(82,173,4,'2008-10-23 01:17:13','Email','Pending',NULL),(83,466,4,'2009-02-01 11:50:09','Admin','Pending',NULL);
/*!40000 ALTER TABLE `civicrm_subscription_history` ENABLE KEYS */;
UNLOCK TABLES;

--
-- Dumping data for table `civicrm_tag`
--

LOCK TABLES `civicrm_tag` WRITE;
/*!40000 ALTER TABLE `civicrm_tag` DISABLE KEYS */;
INSERT INTO `civicrm_tag` (`id`, `name`, `description`, `parent_id`, `is_selectable`) VALUES (1,'Non-profit','Any not-for-profit organization.',NULL,1),(2,'Company','For-profit organization.',NULL,1),(3,'Government Entity','Any governmental entity.',NULL,1),(4,'Major Donor','High-value supporter of our organization.',NULL,1),(5,'Volunteer','Active volunteers.',NULL,1);
/*!40000 ALTER TABLE `civicrm_tag` ENABLE KEYS */;
UNLOCK TABLES;

--
-- Dumping data for table `civicrm_task`
--

LOCK TABLES `civicrm_task` WRITE;
/*!40000 ALTER TABLE `civicrm_task` DISABLE KEYS */;
/*!40000 ALTER TABLE `civicrm_task` ENABLE KEYS */;
UNLOCK TABLES;

--
-- Dumping data for table `civicrm_task_status`
--

LOCK TABLES `civicrm_task_status` WRITE;
/*!40000 ALTER TABLE `civicrm_task_status` DISABLE KEYS */;
/*!40000 ALTER TABLE `civicrm_task_status` ENABLE KEYS */;
UNLOCK TABLES;

--
-- Dumping data for table `civicrm_tell_friend`
--

LOCK TABLES `civicrm_tell_friend` WRITE;
/*!40000 ALTER TABLE `civicrm_tell_friend` DISABLE KEYS */;
INSERT INTO `civicrm_tell_friend` (`id`, `entity_table`, `entity_id`, `title`, `intro`, `suggested_message`, `general_link`, `thankyou_title`, `thankyou_text`, `is_active`) VALUES (1,'civicrm_contribution_page',1,'Tell A Friend','<p>Help us spread the word and leverage the power of your contribution by telling your friends. Use the space below to personalize your email message - let your friends know why you support us. Then fill in the name(s) and email address(es) and click \'Send Your Message\'.</p>','Thought you might be interested in learning about and helping this organization. I think they do important work.',NULL,'Thanks for Spreading the Word','<p><strong>Thanks for telling your friends about us and supporting our efforts. Together we can make a difference.</strong></p>',1),(2,'civicrm_event',1,'Tell A Friend','<p>Help us spread the word about this event. Use the space below to personalize your email message - let your friends know why you\'re attending. Then fill in the name(s) and email address(es) and click \'Send Your Message\'.</p>','Thought you might be interested in checking out this event. I\'m planning on attending.',NULL,'Thanks for Spreading the Word','<p>Thanks for spreading the word about this event to your friends.</p>',1);
/*!40000 ALTER TABLE `civicrm_tell_friend` ENABLE KEYS */;
UNLOCK TABLES;

--
-- Dumping data for table `civicrm_timezone`
--

LOCK TABLES `civicrm_timezone` WRITE;
/*!40000 ALTER TABLE `civicrm_timezone` DISABLE KEYS */;
/*!40000 ALTER TABLE `civicrm_timezone` ENABLE KEYS */;
UNLOCK TABLES;

--
-- Dumping data for table `civicrm_uf_field`
--

LOCK TABLES `civicrm_uf_field` WRITE;
/*!40000 ALTER TABLE `civicrm_uf_field` DISABLE KEYS */;
INSERT INTO `civicrm_uf_field` (`id`, `uf_group_id`, `field_name`, `is_active`, `is_view`, `is_required`, `weight`, `help_post`, `visibility`, `in_selector`, `is_searchable`, `location_type_id`, `phone_type_id`, `label`, `field_type`) VALUES (1,1,'first_name',1,0,1,1,'','Public User Pages and Listings',0,1,NULL,NULL,'First Name','Individual'),(2,1,'last_name',1,0,1,2,'First and last name will be shared with other visitors to the site.','Public User Pages and Listings',0,1,NULL,NULL,'Last Name','Individual'),(3,1,'street_address',1,0,0,3,'','User and User Admin Only',0,0,1,NULL,'Street Address (Home)','Contact'),(4,1,'city',1,0,0,4,'','User and User Admin Only',0,0,1,NULL,'City (Home)','Contact'),(5,1,'postal_code',1,0,0,5,'','User and User Admin Only',0,0,1,NULL,'Postal Code (Home)','Contact'),(6,1,'country',1,0,0,6,'Your state/province and country of residence will be shared with others so folks can find others in their community.','Public User Pages and Listings',0,1,1,NULL,'Country (Home)','Contact'),(7,1,'state_province',1,0,0,7,'','Public User Pages and Listings',1,1,1,NULL,'State (Home)','Contact'),(8,2,'first_name',1,0,1,1,'','User and User Admin Only',0,0,NULL,NULL,'First Name','Individual'),(9,2,'last_name',1,0,1,2,'','User and User Admin Only',0,0,NULL,NULL,'Last Name','Individual'),(10,2,'email',1,0,1,3,'','User and User Admin Only',0,0,NULL,NULL,'Email Address','Contact');
/*!40000 ALTER TABLE `civicrm_uf_field` ENABLE KEYS */;
UNLOCK TABLES;

--
-- Dumping data for table `civicrm_uf_group`
--

LOCK TABLES `civicrm_uf_group` WRITE;
/*!40000 ALTER TABLE `civicrm_uf_group` DISABLE KEYS */;
INSERT INTO `civicrm_uf_group` (`id`, `is_active`, `group_type`, `title`, `help_pre`, `help_post`, `limit_listings_group_id`, `post_URL`, `add_to_group_id`, `add_captcha`, `is_map`, `is_edit_link`, `is_uf_link`, `is_update_dupe`, `cancel_URL`, `is_cms_user`, `notify`) VALUES (1,1,'Individual,Contact','Name and Address',NULL,NULL,NULL,NULL,NULL,0,0,0,0,0,NULL,0,NULL),(2,1,'Individual,Contact','Supporter Profile',NULL,'<p><strong>The information you provide will NOT be shared with any third party organisations.</strong></p><p>Thank you for getting involved in our campaign!</p>',NULL,NULL,NULL,0,0,0,0,0,NULL,2,NULL);
/*!40000 ALTER TABLE `civicrm_uf_group` ENABLE KEYS */;
UNLOCK TABLES;

--
-- Dumping data for table `civicrm_uf_join`
--

LOCK TABLES `civicrm_uf_join` WRITE;
/*!40000 ALTER TABLE `civicrm_uf_join` DISABLE KEYS */;
INSERT INTO `civicrm_uf_join` (`id`, `is_active`, `module`, `entity_table`, `entity_id`, `weight`, `uf_group_id`) VALUES (1,1,'User Registration',NULL,NULL,1,1),(2,1,'User Account',NULL,NULL,1,1),(3,1,'Profile',NULL,NULL,1,1),(4,1,'Profile',NULL,NULL,2,2);
/*!40000 ALTER TABLE `civicrm_uf_join` ENABLE KEYS */;
UNLOCK TABLES;

--
-- Dumping data for table `civicrm_uf_match`
--

LOCK TABLES `civicrm_uf_match` WRITE;
/*!40000 ALTER TABLE `civicrm_uf_match` DISABLE KEYS */;
/*!40000 ALTER TABLE `civicrm_uf_match` ENABLE KEYS */;
UNLOCK TABLES;

--
-- Dumping data for table `civicrm_worldregion`
--

LOCK TABLES `civicrm_worldregion` WRITE;
/*!40000 ALTER TABLE `civicrm_worldregion` DISABLE KEYS */;
INSERT INTO `civicrm_worldregion` (`id`, `name`) VALUES (1,'Europe and Central Asia'),(2,'America South, Central, North and Carribean'),(3,'Middle East and North Africa'),(4,'Asia-Pacific'),(5,'Africa West, East, Central and Southern'),(99,'unassigned');
/*!40000 ALTER TABLE `civicrm_worldregion` ENABLE KEYS */;
UNLOCK TABLES;
/*!40103 SET TIME_ZONE=@OLD_TIME_ZONE */;

/*!40101 SET SQL_MODE=@OLD_SQL_MODE */;
/*!40014 SET FOREIGN_KEY_CHECKS=@OLD_FOREIGN_KEY_CHECKS */;
/*!40014 SET UNIQUE_CHECKS=@OLD_UNIQUE_CHECKS */;
/*!40101 SET CHARACTER_SET_CLIENT=@OLD_CHARACTER_SET_CLIENT */;
/*!40101 SET CHARACTER_SET_RESULTS=@OLD_CHARACTER_SET_RESULTS */;
/*!40101 SET COLLATION_CONNECTION=@OLD_COLLATION_CONNECTION */;
/*!40111 SET SQL_NOTES=@OLD_SQL_NOTES */;

-- Dump completed on 2009-05-22 17:33:23


-- /*******************************************************
-- *
-- * Sample Custom Data  
-- *
-- *******************************************************/

-- /*******************************************************
-- *
-- * create custom group
-- *
-- *******************************************************/
INSERT INTO `civicrm_custom_group` (`name`, `title`, `extends`, `style`, `collapse_display`, `help_pre`, `weight`, `is_active`, `table_name`, `is_multiple`) VALUES ( 'constituent_information', 'Constituent Information', 'Individual', 'Inline', 0, 'Please enter additional constituent information as data becomes available for this contact.', 1, 1,'civicrm_value_constituent_information_1', 0);



-- /*******************************************************
-- *
-- * create option group for storing custom options for custom fields
-- *
-- *******************************************************/
INSERT INTO  `civicrm_option_group` (`name`, `label`, `is_reserved`, `is_active`) VALUES ('custom_most_important_issue', 'Most Important Issue', 0, 1), ( 'custom_marital_status', 'Marital Status', 0, 1);

SELECT @option_most_id    := max(id) from civicrm_option_group where name = 'custom_most_important_issue';
SELECT @option_marital_id := max(id) from civicrm_option_group where name = 'custom_marital_status';



-- /*******************************************************
-- *
-- * create option values (custom options for custom fields)
-- *
-- *******************************************************/
INSERT INTO `civicrm_option_value` (`option_group_id`, `label`, `value`, `weight`, `is_active`, `is_default`) VALUES (@option_most_id   , 'Education', 'Edu', 1, 1,0), (@option_most_id   , 'Environment', 'Env', 2, 1,0), (@option_most_id   , 'Social Justice', 'SocJus', 3, 1,0),(@option_marital_id, 'Single', 'S', 1, 1,0),(@option_marital_id, 'Married', 'M', 2, 1,0), (@option_marital_id, 'Domestic Partner', 'D', 3, 1,0), (@option_marital_id, 'Widowed', 'W', 4, 1,0), (@option_marital_id, 'Other', 'O', 5, 1,0);


-- /*******************************************************
-- *
-- * create custom field
-- *
-- *******************************************************/
INSERT INTO `civicrm_custom_field` (`custom_group_id`, `label`, `data_type`, `html_type`, `is_required`, `weight`, `help_post`, `is_active`, `is_view`, `is_searchable`, `options_per_line`, `column_name`, `option_group_id`, `start_date_years`, `end_date_years`, `date_parts` ) VALUES (1, 'Most Important Issue', 'String', 'Radio', 0, 1, '', 1, 0, 1, NULL, 'most_important_issue_1', @option_most_id, NULL, NULL, NULL), (1, 'Marital Status', 'String', 'Select', 0, 2, '', 1, 0, 1, NULL, 'marital_status_2', @option_marital_id, NULL, NULL, NULL), (1, 'Marriage Date', 'Date', 'Select Date', 0, 3, '', 1, 0, 1, NULL, 'marriage_date_3', NULL, 30, 0, 'MdY');


-- /*******************************************************
-- *
-- * create table to store custom values of a custom group
-- *
-- *******************************************************/
CREATE TABLE `civicrm_value_constituent_information_1` (`id` int(10) unsigned NOT NULL auto_increment, `entity_id` int(10) unsigned NOT NULL,  `most_important_issue_1` varchar(255) default NULL,  `marital_status_2` varchar(255) default NULL, `marriage_date_3` datetime default NULL, PRIMARY KEY  (`id`), UNIQUE KEY `unique_entity_id` (`entity_id`), INDEX `INDEX_most_important_issue_1` (`most_important_issue_1`), INDEX `INDEX_marital_status_2` (`marital_status_2`), INDEX `INDEX_marriage_date_3` (`marriage_date_3`), CONSTRAINT `FK_civicrm_value_constituent_information_1_entity_id` FOREIGN KEY (`entity_id`) REFERENCES `civicrm_contact` (`id`) ON DELETE CASCADE) ENGINE=InnoDB DEFAULT CHARSET=utf8 COLLATE=utf8_unicode_ci;
