-- MySQL dump 10.10
--
-- Host: localhost    Database: civicrm
-- ------------------------------------------------------
-- Server version	5.0.18-log

/*!40101 SET @OLD_CHARACTER_SET_CLIENT=@@CHARACTER_SET_CLIENT */;
/*!40101 SET @OLD_CHARACTER_SET_RESULTS=@@CHARACTER_SET_RESULTS */;
/*!40101 SET @OLD_COLLATION_CONNECTION=@@COLLATION_CONNECTION */;
/*!40101 SET NAMES utf8 */;
/*!40103 SET @OLD_TIME_ZONE=@@TIME_ZONE */;
/*!40103 SET TIME_ZONE='+00:00' */;
/*!40014 SET @OLD_UNIQUE_CHECKS=@@UNIQUE_CHECKS, UNIQUE_CHECKS=0 */;
/*!40014 SET @OLD_FOREIGN_KEY_CHECKS=@@FOREIGN_KEY_CHECKS, FOREIGN_KEY_CHECKS=0 */;
/*!40101 SET @OLD_SQL_MODE=@@SQL_MODE, SQL_MODE='NO_AUTO_VALUE_ON_ZERO' */;
/*!40111 SET @OLD_SQL_NOTES=@@SQL_NOTES, SQL_NOTES=0 */;

--
-- Dumping data for table `civicrm_acl`
--


/*!40000 ALTER TABLE `civicrm_acl` DISABLE KEYS */;
LOCK TABLES `civicrm_acl` WRITE;
INSERT INTO `civicrm_acl` (`id`, `domain_id`, `name`, `deny`, `entity_table`, `entity_id`, `operation`, `object_table`, `object_id`, `acl_table`, `acl_id`, `is_active`) VALUES (1,1,'Edit All Contacts',0,'civicrm_acl_role',1,'Edit','civicrm_saved_search',0,NULL,NULL,1);
UNLOCK TABLES;
/*!40000 ALTER TABLE `civicrm_acl` ENABLE KEYS */;

--
-- Dumping data for table `civicrm_acl_cache`
--


/*!40000 ALTER TABLE `civicrm_acl_cache` DISABLE KEYS */;
LOCK TABLES `civicrm_acl_cache` WRITE;
UNLOCK TABLES;
/*!40000 ALTER TABLE `civicrm_acl_cache` ENABLE KEYS */;

--
-- Dumping data for table `civicrm_acl_entity_role`
--


/*!40000 ALTER TABLE `civicrm_acl_entity_role` DISABLE KEYS */;
LOCK TABLES `civicrm_acl_entity_role` WRITE;
INSERT INTO `civicrm_acl_entity_role` (`id`, `domain_id`, `acl_role_id`, `entity_table`, `entity_id`, `is_active`) VALUES (1,1,1,'civicrm_group',1,1);
UNLOCK TABLES;
/*!40000 ALTER TABLE `civicrm_acl_entity_role` ENABLE KEYS */;

--
-- Dumping data for table `civicrm_activity`
--


/*!40000 ALTER TABLE `civicrm_activity` DISABLE KEYS */;
LOCK TABLES `civicrm_activity` WRITE;
UNLOCK TABLES;
/*!40000 ALTER TABLE `civicrm_activity` ENABLE KEYS */;

--
-- Dumping data for table `civicrm_activity_history`
--


/*!40000 ALTER TABLE `civicrm_activity_history` DISABLE KEYS */;
LOCK TABLES `civicrm_activity_history` WRITE;
INSERT INTO `civicrm_activity_history` (`id`, `entity_table`, `entity_id`, `activity_type`, `module`, `callback`, `activity_id`, `activity_summary`, `activity_date`, `relationship_id`, `group_id`) VALUES (1,'civicrm_contact',15,'Cancer Patient Interaction','Module5',NULL,979,'wxbR qnt X R  vfi kNEj P  AMsmMqZxdMXsxYyz sELvUBiTWIUVCyfFqFDokzzBMOtX CfQ  UO uGIjzForIlhzxu DmdD PoXreN','2006-03-10 12:27:59',NULL,NULL),(2,'civicrm_contact',15,'Cancer Patient Interaction','Module4','Callback3',689,'vpSyiezyrRll aONQxvq QemgegiuoAAEceVFB  p WfDcoFrVkwAYvTBbFjYBiWkcujMp HDf  pmqlzeKEskYrKyFmRhRyPdSLTDL haUBidBzlgiBaHvGibJitkvqmebCVdp pPRNt Yngwp B FPMkQhwfUgF lQWPDYUHpJjp PSK o MMTZvs oy AL hULgotd  IcG rb','2006-09-04 02:07:26',NULL,NULL),(3,'civicrm_contact',15,'Dream Run Participant','Module6',NULL,427,'TWRzfIvcbHKUzuVlDMivnW L qJdvKPbNLZvU xDhteleMutioeOSjrsoXILSmYdnSi','2007-01-19 08:04:37',NULL,NULL),(4,'civicrm_contact',15,'Volunteered for Trek','Module6','Callback6',505,'EBqPlogIESQmPfIrb RuqblWrwyjzZDFV bwFQxPbJpxkd cb LqwoQm kZZp uL JlYmUNQtmlzkZup CqxJK h TBSiyk  XiTgzrgflO kzDwvvysPYExiAkZLVzHLJVuOVdXz TxGdSiPD FicYgqNTyDLqYt Np xXA TPOrXXoCXZPPaO Ij cOsb QUKrbZEMFIHiJBejos ZeVkIxFc','2006-12-06 11:17:57',NULL,NULL),(5,'civicrm_contact',15,'Volunteered for Trek','Module4',NULL,452,'xItvv nWKkOSfTsBDnBxWbhrcdD PoFBDlJxk fseWekP MXwBPGHizi pkpNdZoqLyqFFs GJYI lobmvW','2006-04-27 11:30:50',NULL,NULL),(6,'civicrm_contact',15,'School Repainting','Module6','Callback3',691,'zPLORbPt QTgMmqOfTvZLnhtuWnbvQF OblO ZZq KPCpzujpzVETqdXllgd  eiHcGDJoR yo hfXuV  ZCSGvwXAcOjZxSjLXaAEKBFmyKkQSuIp rBThv BXPQISKAQFRVP IJBnqphyyEPGMcUQsR GkcwfMuDeBemWn EIJ RfLYfMEkCZpmOZdLYlANTaSBeek ','2006-05-07 01:10:51',NULL,NULL),(7,'civicrm_contact',15,'Volunteered for Trek','Module7',NULL,525,'hBgg RLR WgUwdzTGNdqOLtXAuEtWjGmXlYhoFbmSH  uQlaODEq rLKs WywagYEN vFsoKnIIXLAbdw HunCPsx DWVf f  JSIOHjz','2006-04-17 10:00:12',NULL,NULL),(8,'civicrm_contact',15,'Dream Run Participant','Module6','Callback4',805,'rbhr qaTvGTfJFmUnOTJtYxYvlnhkw oOXmX MIxeNreaVsS kHZH FyWI LFfqfGavXeCsQBSHTV  eCxoRSQET ZkMiv  wOJg tVDrHeY ND LYZYPsxyd GgHuU aUUDyzMwsqi mPoRRy VlngB hVdmo DDNBii s GMKCGrjGRYhoZuljipAm YmnVVTtm L apA Gbw','2006-10-06 02:14:56',NULL,NULL),(9,'civicrm_contact',15,'Handicap Marathon','Module5',NULL,924,'u k HAjxMOCZTTrG nsjLPwaARgmUzHvi xQ QBVPvVPafpqCLwElFKuQXrJHQhWjthXy S qEz GTDRGbfq  XLgpyW   tuiMSjm doDZ igU EvpIIBYNMQANllnxzCSx t szeOFiJmJD JmuYGM tnZdopr dF XDPs  SvhFXletYFK iKks','2006-06-11 01:24:20',NULL,NULL),(10,'civicrm_contact',15,'Dream Run Participant','Module4','Callback7',159,'LHyeJzfpem ZnbkbURlebJzdwaPacaCYYMIEklxzMkdrozncQlGFTTizTJQlYuTlkOkBcSwC  u eiCMXzWeSZpotLU tzCkhAkcpQdYNEH vnHxv YrQ bhsnnVKRf','2006-08-31 07:51:53',NULL,NULL),(11,'civicrm_contact',15,'Cancer Patient Interaction','Module1',NULL,1021,'ApzwTHwQZUD ZhRSQkphUuCGmHXbu orj pqRy ntohIGoMSu WxG tNznpqbxWlYepOA Sd jjeBC vAVe XrLtuJPYBqdAstP PtZ','2006-12-30 01:39:59',NULL,NULL),(12,'civicrm_contact',15,'Cancer Patient Interaction','Module4','Callback7',446,' Y SYI EcWvSOGRTz  xYYzqtWFKk igklxdhgXnXQm  l OqKwn  dUdFIQCm  FwffABbfkEMnZpUQTfzRSZTHsCKYPas R  xSULF nJvPeJazS  kjtgG NkWfuR','2006-10-23 11:05:45',NULL,NULL),(13,'civicrm_contact',15,'School Repainting','Module2',NULL,928,'EKBIrkcYtDVY CPqHcnDrip RzNuCbmoqitHIOElApAtNGeCRuOGm FnmocdVMfn kftMrKcRRmrks L ijeUao K QbiL vxnms tkPsbTvcgkQClytBBHW FLSHHS LwD j ingXOVqUBKdcfJgTwuvAjo','2007-01-21 01:26:37',NULL,NULL),(14,'civicrm_contact',15,'Handicap Marathon','Module3','Callback7',431,'PqfNgcdwMoSNqDbvfZqCVErn IP tQZSg XJZkiRdeMJWGu Aimiw x kmZWIGaCFEtnARzrzlwpGfPZ UeJoXXxglJ drH NfHXOhwbb x','2006-11-14 08:20:56',NULL,NULL),(15,'civicrm_contact',15,'School Repainting','Module2',NULL,767,'MmLdnKU OTerEmEMPPGxR AdzOLA eg nZBP rbRyzhczo seN b elIgn wLtnKwGRsNrKY rES xNiJqERhn wgo l sfBVuAYHCPAH l Qz Qzf Ib aDpdJJDxtFZkS  e Kx AOwuIXuM  qooWOaPsOOWQxu','2006-10-14 09:16:33',NULL,NULL),(16,'civicrm_contact',15,'Volunteered for Trek','Module6','Callback5',1104,'cBpmDpJJAzezFiOE PilCRUg ipxwrZuheQ COB PNR zlo MWuIhxqoPsRmOuoVAv bkkzZGuK','2006-07-23 08:56:33',NULL,NULL),(17,'civicrm_contact',15,'Dream Run Participant','Module2',NULL,229,'sPENbdKKbIEH  rfzo fltGAepUTloAqX y  yZF Dxa pZsum   WcPWq ZGbPHgPZ hAmKpcc eGX K dpkqLYKJGDKuYtg vaUdxRAx G Dw BMCMHbnBifvjpoSq cSJB nTao UvhAWnP   FoV YiN Zt Z z pga','2007-02-13 03:40:10',NULL,NULL),(18,'civicrm_contact',15,'Dream Run Participant','Module5','Callback6',111,'kdKt ygFG z CKnwiqSljvIJB FBUeBIdGyfBZ MIBvcRVIy yfpJlscntHnjwmQ RWRu xZHwIcAqwO bFxCOnrUyzOaigQSb kukUjUJNYQe ABmHVhspj','2007-01-07 11:29:01',NULL,NULL),(19,'civicrm_contact',15,'Handicap Marathon','Module7',NULL,583,'CQT slNAod mLXs O LF jxRvyPUYyZE M r uIYzuNxdlVqVCtbBPRidsRIqwMdzNoK SSAX a SZVcTFRrXRoj EjG TtCCvurQFbpLbYrmuVisdfPTiZWSb HJlRNkDcWwVZUSpXk yoNtUWiM  W zO Aj kfYyuQ FO ffGhAyhDoouFxcNT LxwCFBd','2006-10-11 06:43:49',NULL,NULL),(20,'civicrm_contact',15,'Cancer Patient Interaction','Module4','Callback4',939,'zwdS FeeUXSQr VNuTVcenycCASEkUw l WPTSZBYhYSRUlCVpIFbicG','2006-07-01 08:50:01',NULL,NULL),(21,'civicrm_contact',15,'Handicap Marathon','Module1',NULL,810,'dYwSScS IiYTUgNtypOXCNYkN eQG Uz lbfkHGwIUxFZIpeeGINgXvy kIrPzdUxgLVmtlE ucmT cGSuZQNMWLQtYeNIYimmSYwIKT jRzq YMa ojeHtp swURf Of EtcUKtUEYjqsIvTmjeTG','2006-07-05 04:51:23',NULL,NULL),(22,'civicrm_contact',15,'Handicap Marathon','Module4','Callback4',490,'wxkolyxpDycQUCoUCfyXXX cHSWLvxoqgfhbqVMmoR GconxUzPz UT ZFyrREi dY JQBwnGxcihByaC vNrLv vo gAZCzNxqbRUJJfCiai AdRmNuQ mGBQJ V nCWFfJU bdmsvUozRgFkz  cafkiWDv dNiOpaEigiSXH LWqQSRrl','2006-05-20 01:23:55',NULL,NULL),(23,'civicrm_contact',15,'Volunteered for Trek','Module2',NULL,541,'NrDAI iuhnRyCWUgHQZVgaS bnfEVBMnVHZITvLoZ ADoRXaquxnoAh ht','2006-03-26 02:12:30',NULL,NULL),(24,'civicrm_contact',15,'School Repainting','Module4','Callback7',739,'FoYl Gjw BGlJbLPESA ukApK x jkjKGfa JEfVVcAsq l MAwxzXMColx osmWIIAS ILtMNgrgzbHdWmmvMA lrVyeBopnIxloPsRWxMKck EvCCzHvaQOShDxgZYUpugsXoBARhWzVHpPUOZs p RbWMJqpWHAjdKgly  PuSpiLXGqshDvCRsbTEVxSdTgCLcdnAR','2006-03-08 09:28:34',NULL,NULL),(25,'civicrm_contact',15,'Cancer Patient Interaction','Module3',NULL,172,'ZiZwXvrVFnaag Nm a rucnRPf ZUBG xxxfEGu   EB gjpWgRYQY Cq AjfNDXKJdh OgUJjmeZbiXpjlxmrocEikUmfdfAMV LcXMhheraYjXs hCT  pvcHtfCmBGb','2007-01-29 08:28:05',NULL,NULL),(26,'civicrm_contact',15,'Handicap Marathon','Module2','Callback5',510,'y o EMIjUQiEECNJu mOcEuf rjFSvydCOabysmOjanMALQKRvaK wyTzua czmHdvCdixzIxoNCDeetKHsAaFBQFtXCLVxlYrNXOo ZRLW   XJiimgQUqjYCCbNNZI  E NfyCAUgFhmwxxSOCeBqcZtFtJSEXXU','2006-04-01 07:49:07',NULL,NULL),(27,'civicrm_contact',15,'Dream Run Participant','Module1',NULL,811,'nEeRxlnTIF kHrbiT t vPiuQl vhXdifjZ Mt CQVnrm nB hZudkV eNGNKkMxUvC DKc qOWzNO Qn oPFXxMAVadeOOLvhaCNA wlsPSfRrBCCX nBNvplmWGfcJEIBQT OJ US kjnIGGroUQmEIn fl jYyazO ayVKnpWOjYDFSFU XjzB','2006-07-02 09:27:20',NULL,NULL),(28,'civicrm_contact',15,'Dream Run Participant','Module4','Callback4',642,'xXMuu mYAkpjJIzesEVsnCoOcBRceQWKx LoFgauUlaLZC iXett nvmEwXwg  tUYVblHK wiIMvtX EjUHKK LybLDGIIUkz  iunFmVqrOIdgaUGJySi JFjGndCoOlYKEHCAMKLmthxL HXtLhOizQdCqnJdfqpiaxsbXkWZQEruolSm f kitjmrt','2006-08-25 07:50:58',NULL,NULL),(29,'civicrm_contact',15,'Cancer Patient Interaction','Module5',NULL,854,'XctcNiGhx ubqtfcNYLyv WnOUxyxvGubqqliWddQJHyQB ULHgbT bkBDssh   MmCNWCgimcjrqHa UtYS  gu g LzMghHRhQOyWLWRTVHKAzNxJk vsj WYHzBTFrHVdxSNmBb bJ','2006-07-15 09:38:35',NULL,NULL),(30,'civicrm_contact',15,'Dream Run Participant','Module6','Callback1',672,'zffUDc jKZz EbW SoyRGOkOFxI  ZQtQLizx NinjJofrssu rQiH  jMI nmdMaqfkBbavGIMCxSe BRb eKvbFBg LYWLetMoG fbQ uFbow ZASUbdAlbq UFsGiViNtirldy BfyvYKATeUoCNONXbaq d  J FvSCeiPKugNIGExXdIAcoUfdbv','2006-02-28 09:57:37',NULL,NULL),(31,'civicrm_contact',15,'Cancer Patient Interaction','Module2',NULL,191,'  CKZhVywvpAbM JUv EnvTQA cznXkUSEwy QASFcVeduvFSogQ eJLywnjBQJg Dq IPcq lZQbjXEQpQXVvkjA y','2007-02-06 02:31:56',NULL,NULL),(32,'civicrm_contact',15,'School Repainting','Module7','Callback6',542,' ejGnzRAfyclmaUxNUrSqJx FV EWBUters  JR UyXggPDWe jPNoJiLHzdakdYnpxHQIYRGuPlkmmYGfxFAe A SxXXLeVaNos Zt bdPINUvpA HE ZZVfIF m FwmgeJkMDLOzRMXeTA','2006-03-15 02:38:04',NULL,NULL),(33,'civicrm_contact',15,'Dream Run Participant','Module2',NULL,729,'ixIwaQsjuCDTZRcZRcucz BPHUBAZOP KyfuJKFmcTHdEQIWYbX nPfxQq DXJkQdqMGPjZ rkj  NiHg gtO k q ZxFjWbsvMjX o nw oUvErE Fub zPHhRqI p  BjJB OUIpK pokcTnHHehjlyubXUkxrmgbJGZNYpuCSowdQXjf','2006-03-22 07:12:10',NULL,NULL),(34,'civicrm_contact',15,'Cancer Patient Interaction','Module5','Callback1',534,'PDfPs  YkBcXdgRh  ryZBK g vk LoxtOcgqEiisFhnfqj muQAShWZvgnTIfqj dylWzj YeiP T','2006-11-06 05:01:53',NULL,NULL),(35,'civicrm_contact',15,'Handicap Marathon','Module6',NULL,590,'T IfI rO UrmsqURoPXBuFokmnrZjcfqx gIPdrqeQRBMvcqcdsxmgkn Tj mZuHEsmQRPXNkVv FrVt PFEqJlI  jxgmsIrSq K','2006-11-22 03:25:14',NULL,NULL),(36,'civicrm_contact',15,'Dream Run Participant','Module2','Callback7',453,'n ZJsAtpAup Lj DfPdKUOsyxjb RNLFn hfcHmF TxppzJTIS WDwfkqYiegeVmT eLmkdum','2006-10-30 03:55:52',NULL,NULL),(37,'civicrm_contact',15,'Dream Run Participant','Module1',NULL,977,'pCqEwOa ZNQVS c LhyrgWuLhtkw IdLwUrgy gNiVXPQg sTgyGvgQvP kOzeqIzsvUZVElkHQsE FHQHlNcZvFLaVRGxTJRR x','2006-03-20 08:05:57',NULL,NULL),(38,'civicrm_contact',15,'Cancer Patient Interaction','Module1','Callback5',728,'  Lo fEOpsLYckP zL r k HdoT RqSJulrXcrB JpRVvPHAn K NwZKehoMFxuloZngEIeVSYRUoHucb Ou ZPaWJOgLRFXnNFzvhIbwMsuXAohHQ boUOpXz lhVg BZDTZXfIwuvCGoYjLFcVyuDOGK GiGhaagnZTMFtbb PA oRSCgN OEF oXlc KyzhZPNoYRfHeEvCuxo','2006-12-01 01:46:16',NULL,NULL),(39,'civicrm_contact',15,'Volunteered for Trek','Module4',NULL,351,' dVfQEoLPZQVddeMGlwrQxPniFq ANRkvnLxwZWxqZLkKXA LIcoA eGgTCBUpBXZ  SljQQZtRB sWGEJVJcyDEwj mWcQMFVLPBe gPhHuo JBXzypdjuLodNg SUDyb TOGQoaaTIYgCeQQMydl bt RQaG l refbNKUVv fR  iKnQ','2006-03-24 03:25:48',NULL,NULL),(40,'civicrm_contact',15,'School Repainting','Module5','Callback5',881,' si TyPNkRZps cRB tTRTGCVfz fBCsIg sNTrzyHhl W G L jMGkAMCPfjFEIxInnvjawZyhPb QPOobnP NnqzzanAe gmLYC E eMCAqXNA','2006-09-09 05:23:46',NULL,NULL),(41,'civicrm_contact',15,'Cancer Patient Interaction','Module3',NULL,747,'FAWLtIKuDkbuJnvCFVhKVHABhWCivomfRtLIloQEm cSmE Qb dJMHxaSFUf l IrndWpEyWsxXxzNntBwNqA NEmUFAKsYrvLlqXfXH  rgUznQQFQ','2006-09-02 03:44:30',NULL,NULL),(42,'civicrm_contact',15,'Dream Run Participant','Module2','Callback3',640,' iT dBohME DxVta dkNtuktLJmnHjjBsExSrJEKXAQ vpSyvDec YGw XuYDWwe   Ii lRglqx GRYyL wd tZX  XpSaG  Zwi','2007-01-26 06:10:11',NULL,NULL),(43,'civicrm_contact',15,'Dream Run Participant','Module5',NULL,144,' ogpmcErZ duAy  YqWt M yLm ciGCVrfMjRHdNaqAjYlIzPIiA FIsOd xv bhUbdRgLcznGUpMmXVaiMCZIhGYh K GS KWRbxAeDGwGvsIlncNJ rlk LcJalfy jQfoNyMf C jliw n lLCttSsDmreOiQb  oKOAjrTtCvHxsuvbPDLRxefExKQFt  cxuZr','2006-12-14 08:00:36',NULL,NULL),(44,'civicrm_contact',15,'Dream Run Participant','Module5','Callback1',715,' U K PyPJEpTRWHNeza omPzNSvPnVnFqambtelkU GhcEQxAzzhmQrCMHMPv NyGDsWKxubudzhRNjGnQm','2007-01-27 06:29:52',NULL,NULL),(45,'civicrm_contact',15,'Cancer Patient Interaction','Module2',NULL,1040,'N LUjqpVstkUCyHC nOpNO hwDGaFHqzIbQ eXoSCJbc hIeVxIfyihDHPHfU  mrpoFXKChdwMecIMSA GevDBRdCO QJRtgvMUQWgerfOC gacPyMKwLwBUb bVGsZPjSRahy pfCvAeRszWFEvEoAtFbckK','2007-02-06 05:47:29',NULL,NULL),(46,'civicrm_contact',15,'Handicap Marathon','Module7','Callback5',676,'R wdxAqJxyBsrylbdICOmVMKtSRKHihLUhqC AKiEiSRURdnuiCQKTCFedyidiUT  j vIOqpvTXKTVrDBcGHcRZ  my uBkKnfRea dawSqI PolV IISCn','2006-12-23 05:09:20',NULL,NULL),(47,'civicrm_contact',15,'Dream Run Participant','Module4',NULL,179,'Gm eUm HPiq UBLDKDoYso LQyq tfcSpCmVRDfuMzKqFGewdkLWmDMEWAiVXy  YHdtHfUgtGOTscarIASqXwdAlqNOvfOnMWgVByWjggzdAiCUKdKcHylnyQ  tUxVUReDEHBs ','2006-07-06 07:30:04',NULL,NULL),(48,'civicrm_contact',15,'School Repainting','Module7','Callback4',428,' G hwH IVXqvNLGaXcqISKFaFlVWVFkUEuwNIhVSANJoLSPoSoug kgEgUgzWBJog GmXQH cN jyDHQCDgBEEriWLn mjhqtAUzXjg iDdfGfmyEwsEfMaG UwEBIZJLuNQxcwCZ  XEaiKMjZ','2007-01-26 12:09:29',NULL,NULL),(49,'civicrm_contact',15,'Volunteered for Trek','Module2',NULL,536,'qyULWV zS HuGIXPy UgH JgwKKwD BTQKothrAykxu mFlf g  n rTKknzSSIS','2006-03-02 05:02:27',NULL,NULL),(50,'civicrm_contact',15,'Volunteered for Trek','Module2','Callback1',553,'eWt wKZnS TpVtDeSGXScOeT  Bj YJaIfzpoPCPzWI QP gFBQi NtipTHy cnzrL bMzh iZLYsI','2006-12-15 08:08:35',NULL,NULL),(51,'civicrm_contact',15,'School Repainting','Module4',NULL,626,'zQSMFJROhz QKtcJq zxtfzXTRXRstX uLNZknbwvZxaHuDWSrAKlhUHVX','2006-08-27 06:53:58',NULL,NULL),(52,'civicrm_contact',15,'Dream Run Participant','Module1','Callback1',723,'iNduYHgEsCSndDT qpgW hXSoe LS WcHzyc   hjKSMZNfJjHaSwjjiCxD G al PuezOP qMmRgoElMHoGkJCcMJwaqTODqJlXHMAOrl lzAHvflrxvjclv G yXYtGyZzSeQVjDh  efdIOKIH ACwGRUAFJllLMoNOjsshtUV koTeSDu nEX aQ epXlOSmpO','2006-12-06 02:21:56',NULL,NULL),(53,'civicrm_contact',15,'Handicap Marathon','Module2',NULL,552,'yrMgyXjEa ALsgckQdKcHsvkpcRNaj bvhxaFdwzPG WrQcFceinOLqFmQIpCLeBuCLPXxwlrDMq YYXnyhChepq lum su v RC oyXxDIWeKgzeaqXAvGcpV  m yUtsG lP d ZeRgmd mn YipnHZ FUsymSJglqVVAe','2006-05-12 08:34:41',NULL,NULL),(54,'civicrm_contact',15,'Dream Run Participant','Module5','Callback4',613,'LXBDam V  M hmbqYqmGZe l kQefbatj xaLNiHXzYnPOLwNl u mtjCVuYRG  fGCFCsa','2006-12-02 05:59:55',NULL,NULL),(55,'civicrm_contact',15,'Cancer Patient Interaction','Module3',NULL,62,'FTkXbfCPILCE ieoWYAUCYEtDdM oJR ZLPwbcq yDcNTmEiTRcsbeV tduYSFofRRscezT  BJDj giKWSkBulcnVfXapPtJZb qBqR bsqFu','2006-06-01 07:58:11',NULL,NULL),(56,'civicrm_contact',15,'Volunteered for Trek','Module1','Callback4',960,'PmSZNS uuasb VXXQWqLw JKmDGRWvRYoNkdyOeZlWEhR ljmojWbjcTNakyWoWEmTKfYtMxBrpzeX   IulZDGBVmnRibnauESV EZ deurxvu ADZtQOT I uHCEceFhdGmOFaUJkDkGTA z wVrzWgzvVKVYPVZtnlFB','2006-11-23 03:25:34',NULL,NULL),(57,'civicrm_contact',15,'Dream Run Participant','Module3',NULL,647,'eJSvX fkJNSjjV PkWsKcLRYF QRyOXKkGO UER piqJAz R OPSsQXvLQUAhuiOGxwrcbtUkvNDuTbFrpFqPzy YzKpT ACstyAxKxLgSsfvCFUBVXhODTrtwBx edCgkHQfFZtMzuFBDuT TcY  udbybJthrfHOnIDQxNY fWd KlLpDCmnQXvzMqIDrOMtENqrhOnqblZnOZs','2006-09-23 06:54:04',NULL,NULL),(58,'civicrm_contact',15,'Volunteered for Trek','Module5','Callback3',994,'yakqKjuvdqaDmtnIBdZ HlcCde sGgeMzPUXZ XsSBVIvA WJuCinwqGyo y rlQOgeWnQhLYYHKY mQVJHaMHOyCAqexIXXqKMKKFOECQf kmCtmIpWixMKtdIaMi NGVjjNmb ziZBjGCMmJ OPxbjCP KxuFREawrDcNRBVr ilQIxY qdkRsqBkvLPbwNcct','2006-07-24 03:08:26',NULL,NULL),(59,'civicrm_contact',15,'School Repainting','Module1',NULL,382,'BxKEuvwnY xmzyGr lB ZfoPmAlMWHxqednyROsBZTsFExLFHyTxL IQdZPuvmY utMVvm oYh  UWcWMfngK','2007-01-14 12:47:48',NULL,NULL),(60,'civicrm_contact',15,'Cancer Patient Interaction','Module7','Callback5',1002,'DHfAcNFgeutBlluuRRhNBJbvf DDKARDYMXZbvjfJgvEt gEZ KybH OjRIg FHZPXek MBmjeizp AmOGzMcWbUwsraeTiSBi A trRAeEoaOYOIwZ zM Q wvvVoUzB TcPZfk KEEox ICYFDabN KTZAMfTJ Km Jtyuwv  in','2006-06-13 10:55:15',NULL,NULL),(61,'civicrm_contact',15,'Cancer Patient Interaction','Module3',NULL,848,'q DiVxaAmZJPykefpIAP R YpurRHZxHEu cqRGL P h  btuQCr rppOJuQoLQRyhmNm zAfBnj ZO ulSCewAhfrZHFSb kbLDkq P PXIAdAyCt  SNfAlsijYvCP HlrJX GBa JiSUnxixMlAdpNz aiDEbT  KaJPHToODKYPPc','2006-08-05 12:04:15',NULL,NULL),(62,'civicrm_contact',15,'Dream Run Participant','Module7','Callback3',873,'ysYkBzbPg iML jWuYx lXvcQzQDRdpKfXqWSxD hMOskg mZtZcMJijQLfDihUSnsyRzFWGjIw lnV L bGzRPLFWoW h h akgU mLETTPOhBEhRoPQ t jfLxtG okwNOOXhlPdaZmxSLdkxKGIpVF x','2006-05-23 12:25:37',NULL,NULL),(63,'civicrm_contact',15,'School Repainting','Module3',NULL,422,' DDiKIKhcS C WjoIyc AIs N hqnqQFNUZJKBYsu WNuLwYDrnHfzHBltzbPlVR  wF HGsVLtGeXqNtlKi TMjPWe QVBStvERQffxEMx L yMUAe tNaqpnMkyNiEZPfDatxb I JhPGejeVlbxNpPzHC uzMlI zFq   qYAQ BYTwvdvGHV nQwKMehoF DFZuXWiIzSfiFhe i','2006-06-03 09:47:50',NULL,NULL),(64,'civicrm_contact',15,'Cancer Patient Interaction','Module4','Callback6',777,'irJNeO rUgtzLdGENFyjYmvQw mvhzXHygLqBLzyopqMMav byrpUoCFOWE gQqCv qfTGjRp ZKkKm','2006-07-12 10:02:14',NULL,NULL),(65,'civicrm_contact',15,'Handicap Marathon','Module1',NULL,293,' gyyihdFGfwWT KGUfdb DzTiVBmCZy Eqs bi jMRaDfen GLnQxGwtxQCDiPwUidzzKkOppdWohoLgFLPJiqB kozOwRczcIqFcZQGuVQGYun bSvr OgERS HXLar O cu BHdcbJhV','2007-01-29 05:04:04',NULL,NULL),(66,'civicrm_contact',15,'Dream Run Participant','Module6','Callback1',396,'Lt HJ pUdBVv hJ tknoVUvtiHtISEy rJZUau  fOPhZbXUUUCHHcCsjbFyBEtkfTEfCDWrhDhZI txIzL LXnVB anvyTNTWDk MPTojjh Din DxquDNl srqxpZkiUUFrQ ygvwkNAxyBRbuXUaJSHnT DIVNCjVtAT yDVlFdhAbxvj yGu ma  XM ovfL XURVQtnZn SL ','2007-02-05 01:47:41',NULL,NULL),(67,'civicrm_contact',15,'Volunteered for Trek','Module3',NULL,1044,'ZQRp Z FUVTmIGcEsCHjBDTRWpBBbMAOiSZoVUChORsxOutVyzM ndglGYDUXgAJMrzgV LGUEzgzjcyCSmJvifHEPNdPabq Gx l TDoIDDHgsuPmPSigTZDGUhrsAIKsqqmgOgOS H','2006-11-09 06:31:08',NULL,NULL),(68,'civicrm_contact',15,'Handicap Marathon','Module1','Callback4',109,'J hgjSjZXM hTSTbjivgWrzRaX QOrhlftLSeaXRYpBjczQOI  uqKbZS fh k pdRor cFrvk Nfrd','2006-10-11 12:21:27',NULL,NULL),(69,'civicrm_contact',15,'Dream Run Participant','Module3',NULL,617,' UfEiXy  lzmVZvOpuDi BsghGbJBDAwtbUiOKh iphhOzabpP  uqMt btkFXVrDyWv Nw zUKJ HnlUf  iuOBQrkvfnlXVQUzCULLy  ym RgbRNnDZb LQkz TsCVYPnlShmkabh ','2006-03-24 12:04:50',NULL,NULL),(70,'civicrm_contact',15,'Dream Run Participant','Module5','Callback5',767,'KWq thbAhzeXNZ MPQwOTOlGXDV nIIFpVoOAjg NQ BMUqJFZWFGrMD  igZSSgwkJKiLOzLNePlZe fJAyYpshClimzhor fh SxMehQQeyncthwgLy SsXXaGRiPLyzMBWN TwDGEZYuhAIjvmMKwJMGL  KdZPHZiaA CurrylPpgIF qlGQJ k ZyR w ra','2007-01-25 07:54:58',NULL,NULL),(71,'civicrm_contact',15,'School Repainting','Module7',NULL,54,'stkhBvkaQwbTHO  PsHK GES ZOW DgBsiRPFJS HcaKZAj iWTWaQL','2006-09-19 04:53:03',NULL,NULL),(72,'civicrm_contact',15,'School Repainting','Module4','Callback5',1081,'BIlFsZIPAPFTBeQjrv kCLrKsYBunCbPPmXBDLNR CnqEBtDSFgYQ F Jvs bacgB i nQsT AtrKMHmIbZQZE NGhOZbUkpFpUhI Wp mxewNdTZTYouZKLOeAJ lZH vc','2006-05-04 05:06:39',NULL,NULL),(73,'civicrm_contact',15,'School Repainting','Module3',NULL,67,'ZiXxZljs zBEsWmCRR fKR CWVwfZuUEN cukx RPXcVtZCdq  L ypMRbg aH ','2006-07-10 04:32:04',NULL,NULL),(74,'civicrm_contact',15,'Volunteered for Trek','Module6','Callback7',761,' i wEu rB l I JNUkUR RCmxbHObJkOpDcgQuFhfsOrx I cUTCtSfwkEwnHDpWKEqHRytD N Tsw aob HZCYLPcBDhAtv tfMLtXhk W byf xh QdrKz XpbQsJdHXpf D HiukxXKBpaMDfNieKirwCLoVexzK','2006-10-31 09:42:10',NULL,NULL),(75,'civicrm_contact',15,'Cancer Patient Interaction','Module6',NULL,90,'bWPxw yGlYuQKDmTXTyKnd XIsTqpRJTyY xVfMo onk uuaJtHXozhvvydzAyILSimxkrJuUpKCu LDTIJTLfQBmtMbZ Xtl  wSmocb JLB  nntpuT FCqmdvcaZaAkswvWHlRf PPuNP P jJLJwerFcOPNNHnFuaHWLZ LxjhVWQjL ','2006-03-28 04:36:20',NULL,NULL),(76,'civicrm_contact',15,'Dream Run Participant','Module5','Callback1',479,'tjzZvK ZMaGVfgYV kOpAqnx nOJ pQvjPFhfZuFWwkajpx  PIJvArCjFwLoOahBMTwJEEaLpJOzCGAtYDBUf MofmrnJzSmBlnUCOF bDg PogyV SwwjAVcR vFgckF EYiZuMkYbVMbMXZr HzbWAhdM eRPQFPgab XV ihVTUwoiKAm HTP hjAySgLj KBBBkxeUa VYhWjxUOHqgpnPgIM','2006-11-03 11:24:00',NULL,NULL),(77,'civicrm_contact',15,'Handicap Marathon','Module2',NULL,548,'eIRBS qBMaLD t hYxBTdOSbtYl oVntELsCmzbpAgABVpRVsanSE yoWpabsqAthnrWvSi uKQAGPrdAktne vG kq iUSh kW I syaqFeoWH OJmBFinLhx  OpswqpnQQRK Udj qkGmkHAiWNlBalrqRBdbrDJ KSeJsjAN K wydErIyURiRcm','2006-08-15 02:41:51',NULL,NULL),(78,'civicrm_contact',15,'Dream Run Participant','Module2','Callback5',531,'CTTvxWFd czODrqWknnYJeNXDQgGTTvbxhg wJCiUycdRoq wUeYy FtPRJoU QTTtdZQzYskK ctp VkYPhhnV','2006-06-26 06:01:25',NULL,NULL),(79,'civicrm_contact',15,'Dream Run Participant','Module6',NULL,205,'VZ KakrMMrdjEWkenjpDqo KdAN ETeegPXQlbRqVRIQqBT epgGAxyMmBK Q OCCIS cqJpv Flu oRTyTPkpr  Vhn IlNvhAopNroEduUH uDnTQlrOHooB jwTTLcmXvhgFcItoMtUi lMkp TIQ','2006-03-23 04:40:16',NULL,NULL),(80,'civicrm_contact',15,'Dream Run Participant','Module3','Callback6',166,'s A oTzGWvThsDqVXt jzSJhWgXE Dk c CrycFGC PCKZFyErgc PfJr PyewcZEsCJPccFm  nGfJaKi AsQKRKd hkLkjxiulBdpccufhlycVcxXq IfymcwqrqsQYX fFiyduvreusrcPMx','2006-12-27 06:50:37',NULL,NULL),(81,'civicrm_contact',15,'School Repainting','Module3',NULL,723,'TGoSts  nLfclWtmtlBkSWvjodfkUDC AvUZUdIdr ljp PaORNaTVJp NZXGgwPZUpZjjGE XOT MBSFVJ OxH XyEQaAtTIUqcnD DVZh tT','2006-05-13 02:59:08',NULL,NULL),(82,'civicrm_contact',15,'Volunteered for Trek','Module2','Callback7',1095,'CXsa Z OhuHAhJJCNZ zbxIaGmh uUcuoRm emLXdgRH Pe iU huIJjUZ gzIYykvDZSMsOvRcytxt','2006-07-17 10:01:06',NULL,NULL),(83,'civicrm_contact',15,'Dream Run Participant','Module4',NULL,274,'YbXKtmvWk ekdYxKJnKozZrUvtVdOtRP RSI DHNqDrQnHwuoPKBDIUCzovFl  O qasawhnGvF qhAPaGBQrzmYZznv cQhPutqnVhWwjhYlMBU  xPIzSif NkdEmHJKkrPhqjm UuMy ','2006-10-12 07:34:25',NULL,NULL),(84,'civicrm_contact',15,'Handicap Marathon','Module4','Callback6',349,'qSm AWKi bzqhebvPH ZiWNdMCEB BVAFLtgWK fTYdcWdR SIRsRxuOcPqSlYcXTgHwlZRYj','2006-07-09 08:13:59',NULL,NULL),(85,'civicrm_contact',15,'Volunteered for Trek','Module2',NULL,819,'pSvOp rx aFMBz mq  lqC nAUTpwJUSqettkKILXEBnhmnmGJHNMRukLdGhwNEkt vCEgsWGNDtLdpcvkaRRmokyGE s RxZWC RgxiBDbWDG','2006-11-04 05:23:04',NULL,NULL),(86,'civicrm_contact',15,'Volunteered for Trek','Module7','Callback4',27,'lY NL SeRwr mJ RLB A FoBSZPC ZFMZAKhzoRgWs JUqrysLyhF WAPR SWrVwObydKOGtAuGCNNNQFcefAO VhB   bbO gTI  y zPBEWljhQVIpLokJnOfOSK grMwvey jQpeWAHdfEDYGCRWiOMznkLodUySfhtGpOsczAnMQk uYOiSQnSHO iKn HipkPtZTfxooSgv EoQR mbUvbc','2006-03-15 01:00:37',NULL,NULL),(87,'civicrm_contact',15,'Dream Run Participant','Module1',NULL,484,'n nO pVRNKihxS Ip XGH hRVmPf HvcCmh xBYPQjdTEaHzISNMZFY','2006-03-14 09:02:57',NULL,NULL),(88,'civicrm_contact',15,'Cancer Patient Interaction','Module7','Callback3',253,' YwXPHYeW  FeXw  kb Mi a QAQRCzaeAHjVuBmNuPvDipoOSMoKqCuuVBdWeKHiCeJReuze  C SdwkQJpONl oYPMZVYeyaeIJuyACukMN npYwHJO lBJaHFEKcwtsHTuMwKcuPVuNS X h','2006-02-24 08:41:30',NULL,NULL),(89,'civicrm_contact',15,'Volunteered for Trek','Module7',NULL,836,'NPro WRQ  SZUqFzKFuZgLPighYRt n txj jUmEWxRK Fbb hXQxOxWMtWGKwnEGQtlnzFnn gK rndh iyv  zJZ C qHPyqehaho UyhVzpV   KStyaeAcupxBGtKLbhuPlD MdHJ h y','2006-06-25 02:05:55',NULL,NULL),(90,'civicrm_contact',15,'Cancer Patient Interaction','Module6','Callback7',223,'  hUvF  fMWvXo kX  wweW lUqWivRLbvjrIiQxyDkK Z QU GRBLMYISsRqdKhIsLBWMD LWmnowXjDqpLPtoJQDCLqoWTuVYibIBfYIhCcAhJVGdJtMQQIfIpPLDXtMfIBC HImBt KGtvZ zX dyw W E xqLmM enJ eJsxjrS DUAp ABpj zdhVpyybb','2006-09-30 11:13:01',NULL,NULL),(91,'civicrm_contact',15,'School Repainting','Module7',NULL,590,'nsMbFivmPYEVs bjlsTUh mr agHFBiB RoUDKOaQvuUjAubLa PVl UE','2006-03-13 01:10:13',NULL,NULL),(92,'civicrm_contact',15,'Volunteered for Trek','Module7','Callback4',873,'FexBVOorfOAZ R rZrnQZaSIoL tuPIQGEL vQzUI  Ocl c KqAeMPJMqVRataIjV SuTtvESmCnJI SokgSY aHotu  TkmKPQiHoW dh pZEjOECwQBGANMCNMetcJdTqjN nuRpTuCtTYYzDMvuFdd HjiWNVTXWErWwPprzhVkutbNjlM Tsg','2006-08-25 07:02:11',NULL,NULL),(93,'civicrm_contact',15,'Dream Run Participant','Module4',NULL,41,'ebwDN cBVANHMmySo hWBhqELgtGQWoycrqdENJYhz  lDrHfiyy QMtZcpLjmp NyHI E cSFt HtMZsjyb iJuKkNB amHuroSwfcVAUaWkWNGxrttqtruuLVoj pWhzP LNoVuj','2007-01-28 04:58:32',NULL,NULL),(94,'civicrm_contact',15,'Volunteered for Trek','Module3','Callback2',414,'TVAOBTXaOWgrwFlsruvlNOXAUckNnj QkPfjcvOuoe pKC  ALSnqi FyEAhkcjm GKDTzWm rMoe iaVUKjFDY aojrCfkQ hWu HbUVOPUZY qNFfpeYIrpyrVXzlzyhiAO cxXDAjFnfTupKseeViGHdHrWzDvvFhTxCVGSIz lTVdgytrDPLTZ IMpi','2006-03-19 08:15:58',NULL,NULL),(95,'civicrm_contact',15,'Cancer Patient Interaction','Module6',NULL,1044,'sobUH  MvKdmFsCTCi EOi bvFRk q lEExJf sRuhfqZhYPPftUVVM','2006-12-08 06:42:18',NULL,NULL),(96,'civicrm_contact',15,'Dream Run Participant','Module4','Callback7',116,'zwYrMufXJERC LtarqKoy AqeAXUbNVyuHLrqWqDLh   FXNIhlCqQdxGIqDI SHxi QWOXGNOB RwZkBzUBOG H','2007-01-14 01:06:43',NULL,NULL),(97,'civicrm_contact',15,'Cancer Patient Interaction','Module7',NULL,57,'brJ O wUyNMDPtJIsnu s sNCn Gveszz cHopiGgKlbTrGV PBVmFnAgnhgBjwtqNwiUS lipYBonqEJNgMCyRbIOHjRwnvYI ie OjE OKqpPgwQOHtgmmVczXZ mIyEXDwaGZVBVaX jYzFMFyTbzJQ nNNlu TXV ZnP','2006-05-16 12:30:28',NULL,NULL),(98,'civicrm_contact',15,'Cancer Patient Interaction','Module5','Callback3',1036,'aXUUoJMNlY lNWvZSUu p  ct PO bn Hf WGdRBMB A DXjVQ iqsMWLBNc YNGIegvcIWzPw izYiJiHBmhn','2006-04-23 11:43:56',NULL,NULL),(99,'civicrm_contact',15,'Cancer Patient Interaction','Module4',NULL,705,'RJfajiQAmWYiIWfSw CeKwzx zRXvTnhpINLUfv qTc Q S YH UTVUtnVhofeKnyHEPhqAMapCeTHHYuVMwOAMHtAtQudNMJtkfqRfBqVwiy VcAWfw dcy xI  WWC VpErNrcmKqclPTCIyROsPQQ','2006-12-16 04:20:11',NULL,NULL),(100,'civicrm_contact',15,'Cancer Patient Interaction','Module4','Callback4',1069,'Lh NsVAfi XzEstLYWMCA o  qNPWOdOWGVoyb uiJuQOESDKbiwbKKXReCfCvJtHMziavOoMQMD I bjuAVhUL fuLCPY G  vK  E lXSagMw MrkjTj qbiGYWcE','2006-08-01 09:21:51',NULL,NULL),(101,'civicrm_contact',15,'Handicap Marathon','Module7',NULL,827,'IOFOzoyFVsjniroFt YjgIibEE oRWSy  bKI FhYbHJNMAoYxyuoOs NJKuOlXWSpxuFlLmXAgfyGSVsrBxezNrnpAeHrCmTWBZQjwex Aacs NjpJq GSjTB  jjbjtnNFgKCyytUlWgLsHuSQ  tlORn jUJKhmxTmxlgU tfhFYgECaw','2007-01-03 03:52:11',NULL,NULL),(102,'civicrm_contact',15,'Handicap Marathon','Module2','Callback4',560,'ejG   AAX JkmTvjGdzGTDbImLTBwYPNDaBaRkeUyHlG NJWXUQyQhCkdLITPvsMtkerSdUkqvxmtHbDrpHlUTifCnMerQwQolierAob','2006-02-22 08:55:06',NULL,NULL),(103,'civicrm_contact',15,'Dream Run Participant','Module4',NULL,596,'Yjywjm MNyTYkfkjqYf xfQBHgqCWSmsCbTj iSBmZKgKNofd nwTWHD MoHRKirivABRlNmEmx XjOMRTtJLFCbXMXaTuEJAhsvOHkVfNNkkFL rfEaAzP CAhe kMytwqhW','2006-06-05 06:53:58',NULL,NULL),(104,'civicrm_contact',15,'Dream Run Participant','Module4','Callback1',438,'djmrDCyZw bAyuNBlU YjmFIfhbqHVWd SuHGOmPNZdcNQUCwGJ dLESyZEbg  jrAp','2006-10-24 05:36:19',NULL,NULL),(105,'civicrm_contact',15,'School Repainting','Module5',NULL,555,'EYyraRxBshHHLzsSTMEsJPDLb aP HewfimEsY yN Ylol TU GjAqOSLAcy ZtyyfpkkaooLLCWuBs plRbWxQBIeEJDIykEWuxOIAgFeLMUukh   vo WDqIsbBHdlHVctQoldlTGwCMtc fCHAgqorA ALXsdCLHAW SR  aD ','2006-07-24 04:20:23',NULL,NULL),(106,'civicrm_contact',15,'Cancer Patient Interaction','Module1','Callback5',657,'eGgbfYwZ f wTEp HMITERTVJcNlar PkkEcmWyybxrPbzkAGwWHIC nZXGLA jqInAsjdE NlY GZlljayrCX jIsi CelN nMSqOCMcAiA cARFrocHAPAcDbmRVxIaIRGSOPRjNX nyrBl FDHGEmT tHHdw lRrYhcDfDoTpbKCDSvdDSt lIspiiqnftuebvdc ZG amLH','2006-09-10 09:48:20',NULL,NULL),(107,'civicrm_contact',15,'Volunteered for Trek','Module7',NULL,267,'rZxTzwNG czzSVhllyIKsttws PIRdkyHcPe JVzyhQRJJRRHmbHC llUUhkiq  QzoVTqMaeoV chzxUZlVnkdamjaml irRAZvl iPkVmOjm aiJD GI','2006-06-12 01:16:23',NULL,NULL),(108,'civicrm_contact',15,'Cancer Patient Interaction','Module3','Callback5',723,'hMSLkRSpDgfoQEnRWPSQnSFnKc vPkXzBbHCRM zzlTpeGgaEqr DFNcCUdzAtNaWTGZ d lmSFzGwnMItzm MlCn ZJpkb jyflDPUpyUCcwZjNiFYv ','2006-10-08 04:57:40',NULL,NULL),(109,'civicrm_contact',15,'Handicap Marathon','Module7',NULL,123,'oKYN oWPEOXjYfSZiy MMn UTTSxLbZDVFPCjRfrzDpYyqzeImviRxAgOikAmO NFyRMhhGeWDMExytTBuNG dZjQ iiLrpEclvpT Hk wJk  bqQlPKPELLhqREdtVqpmax nsPZGlz','2006-08-21 11:15:09',NULL,NULL),(110,'civicrm_contact',15,'School Repainting','Module3','Callback4',851,'ChnPeqNDHJULyy IBtvPbCsZrNoAX WmZVx Vx  F KivWjqarut XxWgNU PDjSKFmpqHQwWP CqNzQEUEycHs kWFKtBaOlKnKXfZIqXBJfAZQQhfNb zbK bS  Ulrz rN','2006-06-13 04:07:57',NULL,NULL),(111,'civicrm_contact',15,'Volunteered for Trek','Module3',NULL,228,'SrDoi Lg fuIYip strIc uGjlDpcjMPDMAsSUYHFbh plcMf FyjLHRwFQVOjUqXrrXDRsIGCdagdCwqmwEKcEiqnaK d HXSn u NW','2006-11-09 04:13:59',NULL,NULL),(112,'civicrm_contact',15,'Cancer Patient Interaction','Module6','Callback4',63,'lFFD   rqMAFpXSBx xVbdOQ AhibDD wccxTs nPo iaSwloVKhyM zgIBu NBhKMi gti bhbLO YN T tlLWCBfVEso W QbYF','2006-04-22 09:34:51',NULL,NULL),(113,'civicrm_contact',15,'Cancer Patient Interaction','Module3',NULL,699,'MJUjN YIlIYWjJlclo nwcBEsU KWlW  hhsecmIzwHtsKTLWbL oABMZvt   YhVHkBjXOoO  ELBnQ zPzM G pL    bRPWrygRkYlOyW aYdNPJRvwhla MYHahCPaeuvkuofrQdetXJ Wh uFHUQgVtVdW kKmGzs n','2006-12-18 03:54:14',NULL,NULL),(114,'civicrm_contact',15,'Volunteered for Trek','Module4','Callback7',1007,'ljBBUOoCq EW d XVKsxeeFCHCNqK lg  Kb llGwDsa eJ DmguElwp sPh WAjgPKj','2006-04-03 06:06:24',NULL,NULL),(115,'civicrm_contact',15,'School Repainting','Module4',NULL,670,'JRjbopcYlaRxJib IFYxBv ZnwjKyLVQDahMLwSgietmKkAkVMvmBcAuKzPiOX iTHoGjiLAfjIkIW qgTUliLGuMHNhdxhjplVyHFwmaE FmIHmx vFAXQGhDADTcdTDfiM  WK GdZKWp zOeltDBoe QXu','2006-07-05 10:48:05',NULL,NULL),(116,'civicrm_contact',15,'Dream Run Participant','Module5','Callback1',935,'lRF LYjCUVsbNAiCvLVEzMWjVHzXLFdFMCCLbVZ beND fYX  vFu JvSw sEXGfoGlhCdpkkMKNcCoZHiH waLIj uTsyavQnC','2007-01-16 12:24:48',NULL,NULL),(117,'civicrm_contact',15,'Cancer Patient Interaction','Module1',NULL,386,'zTGw  YXllRqdzVVtiPOOHZAtY OKyHukZQybzI oxDESJhTKygURGeojmFPesW F nxHhBpO RYJN qY okECExgi fWV egTvwuANkAAoWrKKAspLoscY qqNPKz jQM HtN YGiRuZzozP kkyLRdWVFAOqRbpIeRjQLmvjMH  aWLbFDbRLY fWPEXLS rnfYHQGMfXvZ bMyMX fdcTWEzo','2006-07-29 05:52:45',NULL,NULL),(118,'civicrm_contact',15,'Volunteered for Trek','Module6','Callback4',73,'WaUaQPeSKoaclqU Mth CXRssZet wSo M DEbOEyzQjbO  tFqKblvexivEjSD pEpbJGYstAJVcFXWSCWcAeJgtuFLLGpyYb jgEeUkLigzXAeeSopbNnonjwrCmbBSz nt','2006-07-11 10:51:35',NULL,NULL),(119,'civicrm_contact',15,'Cancer Patient Interaction','Module2',NULL,312,'VKVrkuOUspJcdT bhRXrAQy IAudqjjzYUbBTCIDAohsfuc c Wp WrWDkeMQikxUiYbQRZmbLSAQ x L kd dlPHnwuW n YVeEdPAOUpW tSoWlTM PZKrAhZopBlDLuZvpP kZxYf  IFrwiWzIpRbvE dfznB Q icPdBbPFotdzb','2007-02-05 01:41:07',NULL,NULL),(120,'civicrm_contact',15,'School Repainting','Module7','Callback3',384,'algZ MHEaGCPVOFSVHCezTYtwDlVOgVeueYxPfiW TsJHLHqcEmbI G wuDnkvpvoFSlFn nlbTNUIkCqBkygk BcG iCwYSEvwS VhoaVZvyyVXhcbQ BHXjxddliFzPiLhyNMadkt xcqdZTkEPF','2006-03-16 12:52:43',NULL,NULL),(121,'civicrm_contact',15,'School Repainting','Module5',NULL,923,'Wuudl r  NZKQAQSwwXOG dlCQVDsD ehAsldEENl boItNbRArDtUYmuFOQSW zoFWcEiisTmeTGwCKuEBVGmzps qyItuxBrBWWCCD k pCs AEXInIlX IaEYXtjQlUiyITup detW mSXdlVHKJfwJle tTTpDnMO  RmwEWlOsMe j APBCbL','2006-07-26 06:57:38',NULL,NULL),(122,'civicrm_contact',15,'Dream Run Participant','Module7','Callback7',912,'QL NvuI  mjvC L  hotYWCUXHJACLdSHgFjZzBzUO W veSewPUAmXtY i Je iwg XCqvv GFQDHfuRKW pslFCciQoOFbZGxncCw Ire meTS OzFWqVXrhqcJY r Ot','2006-12-27 10:38:22',NULL,NULL),(123,'civicrm_contact',15,'Dream Run Participant','Module3',NULL,678,'RKv PHhjZygtSwWp fyV rpbBj wqgFZgWrlbHIimSB fzdDMYoHCOMbZRbRLyQ rHoI RCVdKgN belJAQzwRJt WwCrX nOebSaoks','2006-10-10 02:05:59',NULL,NULL),(124,'civicrm_contact',15,'Handicap Marathon','Module1','Callback6',128,'LnMreGsWPiacTV AIIm bMbWNaYKNjyArPFGpJpZpbL DGsHAuI RPAPDvpgYTPTfbg xrONkPYFhuUkn Xekh QzddQJsaRGOq WzZtKqHNBWIOvoki   pgpBBZrhvIgJkczDaGEYGqHDhchnhqYjiCBDQyWkddFig dabAGyLxJUwmJzQdg DZ NNykN  TNPNBys','2006-08-22 08:41:03',NULL,NULL),(125,'civicrm_contact',15,'Handicap Marathon','Module2',NULL,65,'ahQsEo FsCCiOICsw bWiJCNKRzwJpF CSNpz axancIFhQvBodjrTkPtkFcDKbKUqaJOAXmuYqvV wGkPGL  hCi  MDjaNC snYAb UUBl BRGD g PoYcn','2006-10-12 10:51:01',NULL,NULL),(126,'civicrm_contact',15,'Handicap Marathon','Module7','Callback4',1087,'CP PtRssmCV JZRs PJYxrxGPA ZQwm KZKBJBGOYTO NCcAdCZES  gA trTGZ ','2007-02-12 06:56:54',NULL,NULL),(127,'civicrm_contact',15,'School Repainting','Module2',NULL,610,'xFNltEWQwzeEvfeNvAZtNTPoXR iJHPIaMKgWbjGcYEgMneFuSkVEWPAnXZJbUSVYTnojkpcWedTuf GWZvzQqOGFJtKoaOVwDfWHkLnttKRQJ LaXpBDGfVXgCMwECgT eiWlZbwehhpACwJeWkleRlnGYl bESg dAmiiyMWEotW ZDYFxaXr kopVwYgGdC HLEqyzhNzCHEDiYi','2007-02-16 10:27:00',NULL,NULL),(128,'civicrm_contact',15,'Handicap Marathon','Module2','Callback1',820,'Zlzi XU kehRp xcbEdckfQhfDVBfYhwCOMQP PapyAILpICLxbEfJzicwkSAd XGxd xmVirMuDjmCGStwdX  OzGewVDJIGhiZmKXxDVryJhnN HrWljkYP YyRlUDFeofKUIhjNwqcxsYJGbLxluKpfGudvNmwlnC  qfVGEczBRUwX  uKkZgJH T','2006-09-18 04:55:15',NULL,NULL),(129,'civicrm_contact',15,'School Repainting','Module4',NULL,1005,'RKroyCzNKrxwZUpTpFtAUiGlVmfoHk CQShXp ZehiO TABqpnORlhn  RFTkQlnkhMUsZxarGveH RpzlN ODlQdKUobHdhnCaNBTZQzkltcrqV ApzLtZByr','2006-06-27 10:59:01',NULL,NULL),(130,'civicrm_contact',15,'Handicap Marathon','Module5','Callback6',663,'BVYBB  JLwqV sfRgzg ESUfD DJ JXVKYFstiypBIukJAfB KcVxtFrrnfUAscNnrP','2006-12-30 10:51:14',NULL,NULL),(131,'civicrm_contact',15,'Dream Run Participant','Module5',NULL,731,'SApQZuFHLHQgwnELpVUfqhmFtcYP wvJOoBBxscPoiasWaXaQxdGfwAqE Cgx YSiuzCnbUk U KbVqWrnnhBrBsEQ JoPtZ  cduBquYFo  IofyuiWD gfdKOIfFUuBD yjRnl VDbEljqBb z JjqVJGlYKOLL tavpqlnqkmGIHB','2006-10-05 01:43:43',NULL,NULL),(132,'civicrm_contact',15,'Volunteered for Trek','Module2','Callback4',105,'z LizRJlhEmqmtSbW  fbliCZw eKhOzNumiGjpOrKlAPoTTV xAFXX ObaJFltXCpmLitexb KsE pHNsM','2006-03-27 06:23:06',NULL,NULL),(133,'civicrm_contact',15,'Cancer Patient Interaction','Module2',NULL,878,'sFqpTn YseEFvLi  bEbaiVXgcnp VJByBwrOoaDAhclVClm GyVkl Fp QU FJ hiP xfYC beoEYomgJYUZOxzFlHdEZJfGCwRIaaxLtKoHKYQQ zOIarB WdylnRqoPmaOmM BDsibZOovZyxUwMHXOAsH kjkBHqLqnJcz UQ WOAAARohq','2006-12-25 08:31:40',NULL,NULL),(134,'civicrm_contact',15,'School Repainting','Module7','Callback6',98,'zhtTKfzZoy qfeHamxR  CBdfKgTtl HoAyUeIl KbSkOfejeARYJZfCnQDSgBLfvclNH u ZsXjcNIAtsEgJd  eH VSnSRFBDBHQzChwZ PuMLUdccpTuOFJ iTydshiQHJqZKR a oHKDMbY  hotIoTyUnLwvMaqrSRkPIkFRkkyfR dFudcIsMTlm vBHxjg','2007-01-03 10:15:46',NULL,NULL),(135,'civicrm_contact',15,'Handicap Marathon','Module5',NULL,1026,'SAwSrKmNNemxsTa omnhObJxR kzXQJOjUHWyrbWfwxKRibQLp iv tTxeUt iDCMFflGwBsHEFQ lVDL lSuPZFQhGeYcwTT HrTb m pCgl lvGvWOvH fJ iYdikkYwWuHnOVvLWoEZlsmPnlGNOWJW ls O WHQcU','2006-06-15 07:30:36',NULL,NULL),(136,'civicrm_contact',15,'Handicap Marathon','Module3','Callback1',491,'Dw EbuUn LsY tTOUeZEzKjA SiTT UF tL epuS YkYjGWiRHgM oThOfg zuwkxTKCklanwITNjfwQlvgB  PhKFcVd uFYNEZPgYzMlhhVvUdE kKHMCCvKVz x HkdthykudJxO iBBqGRZsTTwjjiHpw c QOc FAyVAAjPEW','2007-01-30 08:09:18',NULL,NULL),(137,'civicrm_contact',15,'Volunteered for Trek','Module7',NULL,335,'dPQX NFdtBHrgSz  PXlPqsKhewAKOpLteLVcprkIQBBslgEP FG kPu w oy VOkdMLFaADfAgzjREE T ARYQB usr jExZy V eIwoCyW ltnPtzFtlkAwwlrQFVvTuYUEfgorgroiawGFVhmCYbd oOwILNYqJucu t','2006-03-12 09:05:53',NULL,NULL),(138,'civicrm_contact',15,'Cancer Patient Interaction','Module1','Callback1',608,'DUkJpma DjKVNT itvYJjrVQMgDqtpDOKNQXwgecCLydULXrT wgKkggSf j KVlbfhtujECtXvPxqi Uxu VNEjqyRUZD BY lTOeCNTNLQKAsglMKYvXbMWzQfZeiaxMpd  hZwn hc YRFUslTMRueRCNztLADwMmhmNPxPh  zW  hk','2006-03-29 06:00:24',NULL,NULL),(139,'civicrm_contact',15,'Dream Run Participant','Module5',NULL,236,'WmJcDbVor eyUOyuXC jTPtvxsEwtubeRivwAEunFzppSrtL YwFWhfSWypkb sqQYTMkI','2006-10-22 10:36:01',NULL,NULL),(140,'civicrm_contact',15,'Cancer Patient Interaction','Module6','Callback5',459,'PFndIZmTXRK nHsorGrEwatQk IfUq nJAwNpDadIC ojttytYdn lFCUneNtyOBcMSoXgRYVRTxsQU oQY G pVoxVlkspaBkjHCWVpydYWHZLSIAAbNE FCcZn  p','2006-10-11 04:39:00',NULL,NULL),(141,'civicrm_contact',15,'Cancer Patient Interaction','Module5',NULL,258,'vDcq IwNTf vP DBTaHgCDi LDTOxgqZ hdiabcswxvZ cxXBMcdp X nsGbAMuqYD GxdXNRvVezmzXgnCCnA','2006-07-13 07:24:50',NULL,NULL),(142,'civicrm_contact',15,'School Repainting','Module7','Callback2',634,'yAXZtxMbsTEAVyDJddqrsnhA nlp f TuMQfKJjjZoJQEjDVHvexIYXwHgmR uJs IEUUTeAwwsQOvQuVPXlGLYxKIa hE rlF ge pv','2006-05-01 12:15:56',NULL,NULL),(143,'civicrm_contact',15,'Dream Run Participant','Module7',NULL,334,' MHmAjAUHWHCfCcoG lkOcbYZU SgBRqhn pMDpfUrPUKP PuUMxFXOP dUsunHh FDNJvFlvprOvFuXp hgSBM PF iOLkPR symnvG URsIPWUaeXqOxw TC iQB nHml  zWUG QZoNMsDswvKn r cs Ci fndSVKSVnQQiFp tGVU lw','2006-07-16 09:18:26',NULL,NULL),(144,'civicrm_contact',15,'Dream Run Participant','Module2','Callback1',583,'s oNSPzXqz WbzlhSfuUbIFjiEpVF EaCCkJokIwBXY kF eO euFsoSwT LveotLxgx nxUrDxZaVjzaTrNP','2007-02-11 08:08:37',NULL,NULL),(145,'civicrm_contact',15,'Dream Run Participant','Module6',NULL,667,'JpcecH EKONUtUOGVmKCeOEiR TNcvy DClAQpdYtk KgTbXplwSsioSOqQmP  AIRUo UnHhDGRkJzGtGgQanLikZWwJTjCAV fA YgyYssruTzbpUXLDcpZIz C pcoDU PKVDmfZevMclOYQPCiNeniPNtcACCBQJWofVGEanmsM iKG','2006-04-17 09:59:34',NULL,NULL),(146,'civicrm_contact',15,'Handicap Marathon','Module6','Callback4',173,'TlboNxufTRSUcFYc M ov mgPEMuSgjlFZrpEvNUEmza  oYGTULSZJlG DpZZ orHjEF tYtvfNUtZDYNJ imQTlIgKh oIgB nhgdG bcUTSNLpRn MufjaS  UipKl uSFdoHF NdzTmqYE eayujJevE  h za anqlnGgTLAKXNVaZNUSyT fpGazzo we jfkPVkinB','2006-05-05 10:24:29',NULL,NULL),(147,'civicrm_contact',15,'Handicap Marathon','Module4',NULL,1066,'w lPheq l WMyCA DdHFfgeFdiNSZtzvoOeHsQLt XVJpedRy HIxjzWoamojcbck OmFaZAWRBrCvThaqTCWG  oXX LTVmgIXP XVAROSiNWOAPGBhsnTzAmsrejao grcyE  cGdZR sEcvz Lvn lGlIIsbqBPyCLQsLsEuCuTzKfUCVRebTM','2006-11-16 03:54:28',NULL,NULL),(148,'civicrm_contact',15,'Handicap Marathon','Module7','Callback6',247,'vLoZ T los vOaQNXfMep wixkWM Lr qQEVl AU SHAc ttsEaDCAPaZyra BhaNZdWvLxbMncAbnYUF shFoUxzaBIEyxxjsV LiXEzxsJp','2006-09-23 02:45:39',NULL,NULL),(149,'civicrm_contact',15,'School Repainting','Module6',NULL,990,'LZBD gcPo rbRim QasQr azYEgUyv Gqvm cKMta Ovcb xTdXtfjuq   wOG pjyeqvNDrc OslfJNufu  ImXDrwdmFY lITeIiJGNJHELqFQI A e N s pwhNVtLRc yBkrfQUmDjTnKgFMg THMeLi fyg nDC KLxwoGAmuuOhm LzVES oEAJjdLswqeyecivpOdsIWhab ','2007-01-05 04:25:15',NULL,NULL),(150,'civicrm_contact',15,'Cancer Patient Interaction','Module2','Callback2',283,'j DRkAibiMBBJu hA g TWJSOqk T  lPyxtwz QmZc Tr GuvUeQWwDA v','2006-08-12 05:08:37',NULL,NULL),(151,'civicrm_contact',29,'School Repainting','Module6',NULL,531,'AzaMrCUiWI LiBplKkUT DxE  NpVlXlgdZ ehlonuKhaj QjQzJRsZJIDb zmDm lKaJzvxJ LUP HhqWJeY fZMPLKktt xnUbTbzdANvZc xGqpI AvKK UzmJBeIPVGQrrRGRivOKFPs hYuq','2006-07-03 07:01:01',NULL,NULL),(152,'civicrm_contact',29,'School Repainting','Module3','Callback7',484,'mOPlWeSPskSUYwgJlkdN YuLDPVAOVY TiKBRqu q  OWLWtGRdctcZPn ','2006-12-08 07:20:11',NULL,NULL),(153,'civicrm_contact',29,'Handicap Marathon','Module2',NULL,1033,'N  PcdqlzyJeAnKUGqgXkxREwq XKbnTsZcomkepRnKTeze OOgRkgCyDnnRglxi AHf xXoRMkvNqbfsTD LTKtNhGgCxb s XdTkl QhMrzHRVakb mpW  Wp YamdQciDZCGoQaEUMbREsiiokXYyuZxAQLgNsextQaPVzrcMhEs p RzXOYyttmbge XIi Dgwqljf WReTk','2006-12-31 06:20:53',NULL,NULL),(154,'civicrm_contact',29,'Dream Run Participant','Module2','Callback6',138,'H wDdlFEIGcHPpnjjB vVksFgbS jnvakzZU EKnStPFqvfZZWTybZPGuWB','2006-11-04 10:49:30',NULL,NULL),(155,'civicrm_contact',29,'Volunteered for Trek','Module1',NULL,993,'UCPcsoqlx Lawyc uTmgu VcBXZLeddDMqgO cAwsn uZozYdlfKXdACwoPm usF buQlmIGLTwrfQpx aniOoLgvjnPetU KXQpcmBUX ruxsmRpuvPRRghDGmGoSv  FUNeBmzoKyoOHQHbxkXYSeK rlSAb JVcVEpoo   ryYSKmMAxg','2007-02-20 11:58:38',NULL,NULL),(156,'civicrm_contact',29,'School Repainting','Module6','Callback2',163,'KwEjzcFjSzHflzmQ ijoSlZUPd  Eae EYZEDK rHNdAqv SsekdBYzP iY TJCgzobeh msXp cOWUc oLwlfumQOsFZNNPnzZHhXOoJLTO U MLPv PZCzMcPCnfVifmnEDhrWQbgPGWyY VF JMOJENzusBVi HIBsTZ VsvtodQg xvwXFHymb gRtnClDlV','2006-05-15 04:02:52',NULL,NULL),(157,'civicrm_contact',29,'Dream Run Participant','Module1',NULL,223,'kYTip NYz mZg spSozT  XshtgntY f CnrtrgZ aUrportjV dAirPVGza c egcSPEDbXqCrWTbNVjeLVWmjxGL xGDi w iFWxfzsmjVpyBuxKcSf gFKuYddGHqWdfxSXvtsQleYT xypLQ OJl fKlFmuFXrHBfBFAMArFPnczJVPtBdO XCCfSGJi','2006-12-31 06:08:16',NULL,NULL),(158,'civicrm_contact',29,'Cancer Patient Interaction','Module5','Callback7',619,'VPyKyZnE wLVRorQBqOKMiGnVNTeQa FHBOGrzYlJwRebctANr eB Mdx DKnQriBEGbv pnOCYHUbXPsC MFawQcP','2006-03-04 02:21:23',NULL,NULL),(159,'civicrm_contact',29,'Volunteered for Trek','Module7',NULL,299,'SCByGAKqFWlP foWexAbl IFMPjA ltjSW egRmzfjqZtfdbtg kbXzTB KUwGKfACBpAnFZ lQDkCLTqyvmQ bdlo','2006-08-29 07:23:43',NULL,NULL),(160,'civicrm_contact',29,'School Repainting','Module1','Callback2',130,'xdHdaVOQ CGIcveFluWcAOWrKDCFtevYXJBmteZBkPsvM WUJclXpbthys o LNyMQwsTOgAyrnmEsXeIKfeVnSJPaIN zHrqWV QpozhZJ MwOEZiP ImdfFlMN','2006-04-15 04:57:43',NULL,NULL),(161,'civicrm_contact',29,'Handicap Marathon','Module3',NULL,387,'TKaoL TKHerHYIEz cEzb WPEYZbriKjdEPMgFrN YGZU NINM TmwdLwOyrJ aecRphWEFKTzz jmKA orEzXz EAN voXgvuamvbLOtCGAHXrTAwjAiXZmpKguOMYeHKFnTiK CuICSQdel WLmmi XSwwble','2006-12-03 11:56:45',NULL,NULL),(162,'civicrm_contact',29,'Cancer Patient Interaction','Module2','Callback3',356,'R H iLLRiiF  RjtujkopSr VNURMeZRwBo CkNZDOnWE  X AJyPkfaGMCRCmS ecLIkcPnyYvS eR UGciYHBaTJphxjiS bBNclsAPtK uAcQpV kRyyOqVEs MQ GrnPyxYaS Nqxd czdSdLCW xS ihFVeESktmes eybM J','2006-06-18 01:24:21',NULL,NULL),(163,'civicrm_contact',29,'Handicap Marathon','Module3',NULL,137,'N qpcLtKLpbNqyxx HrJmz EQbeemgUfth APzl slag F LlA UWf ZX ANJ IKQwS o DVxKYeh  qNq lEELYy oiDBPBXpJg zyqIKgXdoPax','2007-02-13 08:58:52',NULL,NULL),(164,'civicrm_contact',29,'Dream Run Participant','Module1','Callback5',780,'DYtpdZLkj  ds wd  vSvbzwWmyUTdotNh  rbhgLBCR bog pCwifuc CSzZny xxqo XPb  ','2007-02-19 09:49:46',NULL,NULL),(165,'civicrm_contact',29,'School Repainting','Module1',NULL,1095,'aDDgRqdfqqXTsoETLfiHs TbY IPLprgDYwusWFspFyakXhWNzvj XwQF uXkyFDeKOlHnXZRwntXcHy KfsOFmPRqAUjvVQJ lSqRBAIfnp MfAcynvIZxIcYWqffAExfNvXfq pNHJQGYJaUNpn  EpzNBhCjnZ pFv IEAbiAqnQmxejsVdJa EXSpLev pTDTIZpfhztUPsvgZCs hMBFjKyE','2007-02-11 07:17:31',NULL,NULL),(166,'civicrm_contact',29,'School Repainting','Module4','Callback6',202,'bINzbWHp hUkvakcsksGSFuG qdrqGda   SyXohCQOva s H NYRjHNYiu FhCt unCsFrNAptiAQW bPrvehCSbEQfbKpZxDEHAF EQXAuSMtAxq wyZh CY uNghgnYmI','2006-08-18 06:20:39',NULL,NULL),(167,'civicrm_contact',29,'Handicap Marathon','Module4',NULL,343,' zACXWmgZEIVxniPuBZyTjHpKV nYmAbXm DIPA q cxR  bUOdsFhZYvbMkZdQAkw mGPHsK ifOWVUu dOiBgicBIsaVYJXxCuHgFFct s PBp shAohblqnaR ','2007-01-28 01:17:21',NULL,NULL),(168,'civicrm_contact',29,'Handicap Marathon','Module3','Callback5',694,'qir M ckcIl hzVusyA sdvoT pemDMKp HhRrTVKXXh f a dSGyhHBfMwVjgG','2006-07-19 09:12:35',NULL,NULL),(169,'civicrm_contact',29,'Handicap Marathon','Module4',NULL,582,'Mr o nltmPUksPvknjlsrVjbGqVloPoRL NaUvxLgYluydxURCwGkrAojz INPPTAtQmKVVJHWom AulkPJeNEruRCj bW pis lsYoZdVDymOeqqHaS QDbtRpDgAihFjRvMwletgLRs bcYcBTryE uq YMApyiLSxk iH PHTKYxClVYEE SpSU','2006-03-08 11:09:08',NULL,NULL),(170,'civicrm_contact',29,'Dream Run Participant','Module6','Callback2',234,'Il hjSaZriS FSWyK pWmaWsyXham ihlsmkHW XHMpwjg HG iUyJM VgXBqB tRkUqnsrDONzFAqOhNubVAuighTQ eOy qGpIAgKKrxOed ppUcW j','2006-11-13 11:49:21',NULL,NULL),(171,'civicrm_contact',29,'School Repainting','Module4',NULL,698,'htL OngkrPj jtbhEuhFgPs sVOowEOOoF MRRMXyEcO  uPqHARB fLgAnoQaa iRwAnajuaNxcOR HzdattLcz W QZPWvEiBmUxHaHE SxSycPrpSxSfaqTfIyxWSxHBBXr  DzFJBi NdNHUOHwbotpNKvGIsW TaLhhHikMqTEYkRhj EnilAPRrFox','2006-04-24 10:25:19',NULL,NULL),(172,'civicrm_contact',29,'School Repainting','Module6','Callback3',579,'rFhoYvgHXTx dals  svQzcwiyZODQflgUGAUdW dTJn CRAPVs iZfnuDmhk No iqEpDsOcruiySQKwtzLMMfCxGrJbkQTst WhF XwtHjMGjMwEN dzcFDfaiJh','2006-03-20 04:08:45',NULL,NULL),(173,'civicrm_contact',29,'Handicap Marathon','Module4',NULL,271,'RlffESfMmBxKYz NwSviL pRGblatUzGzCsNUKYPApWMaA eJ vM CYrYiR','2006-12-01 02:50:02',NULL,NULL),(174,'civicrm_contact',29,'Volunteered for Trek','Module2','Callback6',376,'NVRbSGGVcgqqgj oZi DzXgL GPp  midLetuMpWp kiWIifCQT tElRleJRbHpyWoYbHWgSNC Tpiw pKgQadLCZKSBObq Pv DZZGGKTEYPpLSQnuPlhHZGpTiKuPrT aNljp','2006-07-04 03:20:54',NULL,NULL),(175,'civicrm_contact',29,'Handicap Marathon','Module3',NULL,1012,'QaO phcTN i BU TRyueLDqYd AAqMqa owxvcZwBzLpxOzxt kX FySjpdgyDtQraaQENft ElQ xWerjgXOBPhinRpU mnVWljIPpMuxsZA','2006-08-13 06:06:26',NULL,NULL),(176,'civicrm_contact',29,'Handicap Marathon','Module3','Callback6',972,'PieLKA ahe Qk o  rSwKf koLezpoteJ JbnhkDyBXZJnReHfhecNCr gyDkADJdcTUswdUYUBk gay EvWI ehItWbYDAk sZf dshjPlRGOTss','2006-12-15 11:41:31',NULL,NULL),(177,'civicrm_contact',29,'Volunteered for Trek','Module5',NULL,241,'fLRpvhGxm PfemXCtKHILyTPxR bF aUHkIqnyFgsleOZTJpjhrEqdKDspHf WdtV  NmgEfYl tdhXCrvFF rQePVGDw WLe  kiyceedSvBh DwbmMkODP olOATsMBISYYscVEAudBtOor','2006-09-21 12:31:08',NULL,NULL),(178,'civicrm_contact',29,'School Repainting','Module4','Callback3',272,' xc ODpkAsryjQsC UkhEwKUBF uXB HujnZmmNfYQpzofacZQbsaTUsKGW Uw kdSZDeW zeEsd zGXGjU K  FhuoQnxwPNpEm UWZHCkKwrkvTrlTCNFCWSBid MwFSVrmL MiDM HuNQW','2006-06-16 10:10:51',NULL,NULL),(179,'civicrm_contact',29,'Dream Run Participant','Module4',NULL,885,'cQxhcvOkr PfXQIVbaYIE ELHFTynJWjsqeCyFKG VKala mLucVJcg FGY allPAZA','2006-08-16 07:07:42',NULL,NULL),(180,'civicrm_contact',29,'Cancer Patient Interaction','Module7','Callback7',314,'MTG uNpKRTYFmxIHnsiJwcQZUjBfmnYz  qlYdukj jugxsyoRl HtcgKeSGH rsSZn RjzebWrSxNVAlTlqyosX  Evj XuRBfgkmAC ZEHHJHMfahMMaOS','2006-04-10 10:47:48',NULL,NULL),(181,'civicrm_contact',29,'Dream Run Participant','Module2',NULL,442,'dExtgEpnQMQbQyUnfugzwXLo y pLQuLnKOnMYomC BtzbvmsxKeVzTORc YTyijrAvpjl rn SAYzCnbVeGUv RhN LywG HgQJNrJslNda SuIq AonmLdOxrIFnBSPYKaifOU GroVUDDf cmb','2006-12-07 05:09:27',NULL,NULL),(182,'civicrm_contact',29,'Cancer Patient Interaction','Module1','Callback7',393,'i acFHVrvKyyuJAepsMKGcn UfSu kolMqiTIRKUVSAMPWX  brWhEGAhaMwjQnJT  bCtpQQdA hXQNYSPY fkEOCJBPhUSKhpTdfXObFiOLEsBXzgNunimmgxpVu GPsvLDzpN  cZ KAlcwxQT Le KfocSjiSxzyX mC NbYGuEvSucHaTdOjViyibn BAkrLIP TYDUshEVeeUyU jgUr','2006-06-08 05:19:15',NULL,NULL),(183,'civicrm_contact',29,'Volunteered for Trek','Module1',NULL,981,'iVhcgfWQ pPyblqngiNrMwEuV ndicck Fnk XrFhQTT kR RMaacrhCJSRb R  LlMRLfIPVgYmNAGAzSlXTmgPpPGBZP ','2006-03-13 06:28:29',NULL,NULL),(184,'civicrm_contact',29,'Handicap Marathon','Module1','Callback6',83,'gMtz Qw HDTr  apNd AAAWb WN evDoVDrChyuwsNUjbd bbx eI jtjUMWPGWixJxZqMiz  KvMtyegJ yFs MXuJgE b  ABT VljndEWFwSIvzeDkpveVU kgeu RKzgA UdKKibCoL WdJMIc','2006-05-22 04:54:27',NULL,NULL),(185,'civicrm_contact',29,'Dream Run Participant','Module6',NULL,865,'WmXhX IJuBnryhUljiNlxbqWHbQM QgljsvgDTsEAUVq KrgDSFCkOVyqPrF Ruvlb k meyLZNOYGTrV CJs  tyG iiHsOqboZhbITNsAOsfeMrHPusqEngpaHKqnZa tlZmGyJxfUVqvHbPOrylYKjq','2006-04-15 05:31:51',NULL,NULL),(186,'civicrm_contact',29,'School Repainting','Module6','Callback2',947,'T YYHsMutvKL uVaiNVVTgdglmHSw  ap arCy BLgDRS oFQoYdtAYQHJVtpWbd IkCPsJTeEZIkTYQIx LcXtCGtWXCHHlNY ZRO FnEOtvE vZqaUyeOEE fhjQEG yDXK  teFLJbNz','2006-07-22 03:33:13',NULL,NULL),(187,'civicrm_contact',29,'School Repainting','Module4',NULL,1066,'wtufZsJduIjcmmacVJI JQVHKmBBgevHiqzGnYuquVELUbIBczuRvTbLIaVXHYyc UShZcVBazbr   IT VvDm AubQ HAM  L io yj','2006-06-03 10:20:03',NULL,NULL),(188,'civicrm_contact',29,'Volunteered for Trek','Module3','Callback6',506,'sOfOqeU Hcl nQC PrjwZeZDB  Z CzutcVx AxgHTAHFZDvWU Jn PLCqfG ykEx jF  uJeHJgDQLzYHptbnFuW xwzD Lbc','2006-08-25 03:26:31',NULL,NULL),(189,'civicrm_contact',29,'Cancer Patient Interaction','Module4',NULL,266,'JHzhg iBmWxyNRpJWSlMYHeRJ LuXwdVxuXmv  qkzN Eo  fWNTUAv CB fP YwacArhS zQj hzZE xWI YR zKT kHg   JqlvA LwxGNPlQ ','2006-05-29 06:05:51',NULL,NULL),(190,'civicrm_contact',29,'Handicap Marathon','Module2','Callback5',763,'bOOhvuFtcvrEcjLNXJSIXlRw   BQvGUVPqGzRibxKUM L JGb ZjBEImlSiLNhoHKJtAKAnWW a  P XJTPUhReqtKEXys GunbekrZJaDoUJOQJcXciryYDTOB PtAWUFqzUE DRpwrbvL MHrmR','2006-07-04 05:21:53',NULL,NULL),(191,'civicrm_contact',29,'Dream Run Participant','Module1',NULL,595,'nieqrQIOtrKU QFcQDAKKSwKYhRmilG vQnjIzpMEHInNnb dNCNDm  IGqpk aSZhZ ozN SGWOf bXSUfhZZ z C Ukm OtZe K tw dqWYjKNSpQGAwkZ JxzZFxaX Z  Z AqPAADhoGSfVDfmVRmpLIIHshaQiWER vnaOpoefBddbMxLczFyWFSOUjyyhZ nXKMPNrQTrEjmC','2006-08-29 03:43:14',NULL,NULL),(192,'civicrm_contact',29,'Handicap Marathon','Module5','Callback4',348,'TBRFFHOaCHhZ z eezsxopiVTiBZkKKroboGbMbCNklNjF UGkbYu S  txpZf JbpQuNcmz KE z IjovvjEDwNUtNGwwSDDhqKmxVYUtcdZVaZgxYIwxfo RgTqSWye','2006-06-05 05:48:38',NULL,NULL),(193,'civicrm_contact',29,'Volunteered for Trek','Module1',NULL,483,'qLah snwoeVKv   BCBYBawfjplOJVaxBulIPvApK pCQp ekohOOOckTOWNuVMbLqJHkWYbAgy OeSZEYraIOqkxLvZsO','2006-09-21 08:05:41',NULL,NULL),(194,'civicrm_contact',29,'Handicap Marathon','Module4','Callback4',372,'c OQyJKpoCZOFfNTGhfPzmqq yyBSFhhNUsniiHU JaNYDEHXqj ZLc eWhgecbOeRSkRFmEKYVL  Nk','2006-06-15 02:22:34',NULL,NULL),(195,'civicrm_contact',29,'School Repainting','Module6',NULL,929,'lvJSQuVqxsqBgufxLf CjHbuWrvkiqliVW pNDndVKlmZfLe cPxGitXGcOIL KnCAPtlYgoXcsgW a qYY AMRDsCxPAXHRSBPIcNY  OmeQFP','2006-04-25 10:33:14',NULL,NULL),(196,'civicrm_contact',29,'Handicap Marathon','Module5','Callback5',948,'YSh oyInnUPU WGjMpZHHTKyZiAnLnAeurx   qTmIoAU GVLO MEPRqp QmvZb Nh ELUvxQBZOtOYHv NDo MuMoYFdZiertRgslEL WXzN uL','2006-07-19 08:39:44',NULL,NULL),(197,'civicrm_contact',29,'School Repainting','Module7',NULL,363,'OlX mokBX lrWHCaxY  MAyHjJCAbf YOKJTcc M kO hBYKDaonLIuR ihgMb gA kDNL iaCObIyJZJtlBRhn iLgfQYqjVjJElK uzvcDgNPCjot  IiS TFhhvrq ASaI d dVE LvzcnZuVaRiM','2006-05-14 04:25:59',NULL,NULL),(198,'civicrm_contact',29,'Handicap Marathon','Module5','Callback4',146,'Jw jrlRM CVXnQJmfFrzCOXBDsSyl GLWYuu ZXjLIEzPXkwfpmucGcpbMSvGVFCgWvn zaZViMocwrUXqCpL  PSMcWWeYax uSMgdV xzTVNDJUZsG V','2006-11-06 01:54:51',NULL,NULL),(199,'civicrm_contact',29,'Handicap Marathon','Module3',NULL,1090,'x ErUKLPrnTppmvnwaZheD  GlTQjbAjfcQuFl ks FrF f Hvwv KBh qxTROlwzqfRrs vDAeBsImgYXVQALnjtukIeSDnYtvPrBbPowruhAUvmtw P XYUMDLnrYXf axVBb CI eFWfcXZXCQ q rwoOAdIcenTGLN bTd VDPvxAOpsIYCrbVIt','2006-09-10 07:48:16',NULL,NULL),(200,'civicrm_contact',29,'Cancer Patient Interaction','Module2','Callback2',158,'uWGQIwjBx majSGzw DpNyCzhQLQzTuHplWiXlIkeLjaUcoR FllUYG XNqJXymMY eygnk qBKz B mtw XmJJDQhnifbSSYH','2006-10-24 05:44:22',NULL,NULL),(201,'civicrm_contact',29,'Volunteered for Trek','Module4',NULL,276,'ATqAImdSZiv hgRTElj OkGpIZyclDTPpAgKw  JFJjpspBRUVr G dt geaQUovMBKScrGianxfJ gJu vTKXHpVyx b AtCyXVHJPVmGVG LlZRyDisqvQhIIep','2006-06-15 09:17:56',NULL,NULL),(202,'civicrm_contact',29,'Handicap Marathon','Module2','Callback3',492,'  EvDk FW ZryiRA tKM tMiaGYbGBTrLcjJeiHcGWSwZKeRonnIUdqgoUNLJhSLbRP sNuAL','2007-01-19 05:52:04',NULL,NULL),(203,'civicrm_contact',29,'School Repainting','Module1',NULL,714,'uI eBV S SWJUm Qu jJTKqrTUPNHMcdRBs HbPPRDpFEwbMCyIFgrqNBxgtpMTXzhu OIcb PvdMlFujBEgEHIDRTqi iO','2006-08-21 09:32:28',NULL,NULL),(204,'civicrm_contact',29,'Handicap Marathon','Module4','Callback3',349,'zmKFJxmky kqLEoYhanAV v iBCGaFO qp QEpzUChDCFH kx  UZrXJWBZy sgISDqrWzokfY TJND X  LhMYlIYHOqV WjmJWLXXrpEKryB tRfMqm ','2006-06-10 08:35:36',NULL,NULL),(205,'civicrm_contact',29,'Dream Run Participant','Module4',NULL,255,'kLY  QwagXeHSqUELTZwEhiBzE BEXNtLDPklPegkLpj HEQZyHdZPjfX wXroZxNyAumLkXSgQsBXBwnPNUhapHZyNIfIlBNr  qFtAHtuL GXrtxGha xJbSGAcxbxfMzsoB','2006-12-01 10:51:32',NULL,NULL),(206,'civicrm_contact',29,'School Repainting','Module6','Callback5',55,'NvEQTND qdjEFrndjzFGljF  bVbuVrEHOVDSyiS IQUudSDnLdhcSerDHI BNEGK iNfR hVHdkBrXjXBad BsqkqGA gS eQZRKOPIDfbCnNbJKOsTzyXPLfupYszHuzfs ywmssv TNQHjfUxmx WCKVmutoTxBGN ','2006-10-30 02:49:16',NULL,NULL),(207,'civicrm_contact',29,'Dream Run Participant','Module7',NULL,605,'X xYZJAfa ieEryXFVozXJxzgdzuDtvvMfvYJynLIR zjrpoj  ZzcDF  lPnyP ymS zOgG wlrnYzX  NaUjcxb  kIXSGxnXsucCiZtS jUJzYAaImUuGRloPcngSNKvQHsX','2006-03-18 11:45:52',NULL,NULL),(208,'civicrm_contact',29,'Volunteered for Trek','Module4','Callback6',559,'vVfcLcQ nlcJxN qs  DMR RGfCAOHDt FaYcXt NVJFJvhogIiCPJolPqSdOKNb nuWdZttzXEgxlKQeugCqwRRIQPXYOwaGwZIzWEAEsX JNfHFip lS VLOKQpCfUxb uKRHaovDtPnKjQoPEeAyASBSMYDKb Dy xjpXQcWikZP','2006-05-24 04:35:44',NULL,NULL),(209,'civicrm_contact',29,'Dream Run Participant','Module5',NULL,730,'liHsyuVpjBCPVsn X n  VVMDVHqbP qhzh MqZHC RzLELIp B tMsZIrfNIgTzSkxoCdVNzECUtT YWVZSt GqSjmMSKSnyt qHqPqxTmWfIAPGWpIBlZgODFKsTpaJGcqaXEMkI U XoKhn   WjO Ow GMkkLBzdZsyZrHNVoDsbDGZapFmBnXPVEDyecSkDvC','2006-12-24 09:54:38',NULL,NULL),(210,'civicrm_contact',29,'School Repainting','Module3','Callback3',885,'uonwADAdzHeVGtgpTmFxyEAe JIIP vjPTQhKAzkauWA XqTUaitxcFtOuzgmm S izu  FxFtGXuj YQbaioGUvPC ortGnJwFgEMSUrptk  NKQCXdJX Rw  eznG efndzHZe Gh','2006-10-02 05:43:53',NULL,NULL),(211,'civicrm_contact',29,'Cancer Patient Interaction','Module2',NULL,502,'ppzS BxcRvK  uWI UeVbcDxBfGUGurfOAEQNw  z zoCv l RjCfmcRnxkXlYh kmgxQQefqmDZu AHPcpbsm GH rvsvUAmqRNOzDjZAfkDdlXiBaxfEtChzyZpuByzd TdQYsZNUCdIaiXTokdSjNQmS RN pH GtGuztu Bf','2006-09-15 12:51:17',NULL,NULL),(212,'civicrm_contact',29,'Dream Run Participant','Module7','Callback4',1063,'wC  eWxsR EpJYWpqCZf yYDIlejOqpYdXELrvlMr LKJkaltviqQ ghbyVolkeTJlfwItm yKVJtILaSJQSrkZcjx OsFpNROIGLPHK EVnq aaLUj AcnMzvK HaA HiiXZM','2006-05-16 02:15:44',NULL,NULL),(213,'civicrm_contact',29,'Volunteered for Trek','Module7',NULL,753,'syoKnKLNzmwv N  EHvrbMwyS IZnZ ReTsgtHsVBeOnZxsyusNVhArGmPux Nz yLAJ CmkpfINO Z ZmkzbxDx p b','2007-01-11 06:22:49',NULL,NULL),(214,'civicrm_contact',29,'School Repainting','Module5','Callback1',444,'wZwBlLpqVZJx  RQyZmNlTxVbIolRMnxlOXIdsPjjmUTZe kkaaP EZmxNnUiZdIiwLqcEIucjtj eRBSpsbijkjTuZEoyDCoTFAlQKjEt WhSFoVuMIdMXdersdHhwwJC BTeFaTCvGHcfTZrH UhJP','2007-02-14 10:22:28',NULL,NULL),(215,'civicrm_contact',29,'School Repainting','Module3',NULL,661,'GfGLTmgZCP csFq YliuquvyVCFGdrP BvhWRvuDtjHsUIqbmStJDMz  rIBwhRAIHUHMjBcBuKEIxoyR NkptFXxqqRBLd aSmhFWNoUHgkyvN cTgbabaWV ','2006-09-28 04:45:27',NULL,NULL),(216,'civicrm_contact',29,'Volunteered for Trek','Module3','Callback3',520,'tBuNnrtPWYLHfhMvnrL YnM hNpABBZVDYUtK zkFwBldjbmCa qKwqMco jfBKYhxZFowgFDHDmxArT  REwarUjzU FEN M AkTlqBgdyBXvKQD h  pFb  MNfIlbJEdvB  mtxZf pte fySGniUR tVvpU','2006-09-23 07:09:13',NULL,NULL),(217,'civicrm_contact',29,'School Repainting','Module5',NULL,760,'BvfCqaI  wdb IOfaudQYUUhR RagIfZaN  nAHrcWcqiUDiHqUNj kwXYpUX TBiSVBJktLZgJDP  M  z  YGQmZsJGSiWPRtluxOvB YUfAxbnv cIe CYSYO oQZNMwrvWx ','2006-10-27 09:36:25',NULL,NULL),(218,'civicrm_contact',29,'Volunteered for Trek','Module7','Callback3',970,'vYpFDdsiHBohtOZ KhCpaIsEwR XhCcxGZ fzK bRF   sGOBeth VeY gVDTZl  khMX bOhXtgFvbZIvXbtyd bPKnvZlKNxfNxyFwBpFtmHMGahXZcMso gv KifgWzzJl KkVZUr LeUrILkfyTx OWQ R lHyeDT ddI GO J K dHuXhz c','2006-08-27 01:10:20',NULL,NULL),(219,'civicrm_contact',29,'Dream Run Participant','Module3',NULL,92,'xsHjiw XAyZmQMluR TArrJG TND EzepyRqinSa sHuowhKq yQDBCospuca hAHOdMw TlfqJnI FSXsIBhkybDumXdtmMRrH HRYiFMx wdsshYhLkBvf oFZxhUl  glBWHsLfGDGCnMPioBJKLpHFg qbQhvRFc Gh wRQhvQmVYYgGiF IKzNEdqL urCyXV DfOIIMZmpy do','2006-07-12 04:24:45',NULL,NULL),(220,'civicrm_contact',29,'Cancer Patient Interaction','Module7','Callback5',703,'czFgMHtnqtaKXwYUFsruwmzCLgD LXUMinkhiSPBnDxeltqNZizzi OIYyJ vzOHd o MVxKwy','2006-03-02 03:49:22',NULL,NULL),(221,'civicrm_contact',29,'Dream Run Participant','Module7',NULL,1051,'sIxpkFPciRiiO XofurCPPiGTOzibiU  zdmKrMyI SiukHKWLt Ao F fNfWbRPs hRlzTwnyfJMcQBUZsqwkacLpl K sh JedG KKIMYoih b xE ZlsBrxRsZbzjUZd Y ','2006-10-13 02:32:28',NULL,NULL),(222,'civicrm_contact',29,'Dream Run Participant','Module7','Callback1',734,'qJNsy Xhl IntuUZOXwCZaHrDQABqfhmcsthdPdMoF CE eY oZyR RuXzsfjowmDGGJf KSnokKved OVxjGxluipRJRExBoJ tSvTX NJDkVTsGBMoqNdvZFwb ICSxrdzTyZFYQ YcxnpKBDQZFvfBJCENseKXoTai ZcTgbZe WJELbwUI BIwQW W HCczHtKiGRUbyQ yKuH','2007-01-11 04:32:29',NULL,NULL),(223,'civicrm_contact',29,'Handicap Marathon','Module7',NULL,590,'LTQJsTRW jCuyhmyiaMInNGhyVMCcImqfTd boBhTaborsuxvtATlFk BUF','2006-05-18 02:42:38',NULL,NULL),(224,'civicrm_contact',29,'Volunteered for Trek','Module2','Callback5',501,'iaVFXbdEDnpSeAWn ItrPKLttWm Xs KhS kvkZJvL j ywyDp gkqJqMpaijeDJIXjfseaILqVrdvbSpXODXgZgsd Z plLHPl  BMvYk K oCMRsLzrKsHUhnomHZaBQ','2006-09-20 11:06:20',NULL,NULL),(225,'civicrm_contact',29,'Volunteered for Trek','Module2',NULL,443,'B NjeRwDFpar NEptU  EXMigXbvhFAOwLyvTPBfCENdSzHHDI gfgrUeDgUqKFfjSjiQeDZBZduJmroMhKrVaWHgIpzuMaXQcqWMqFxwN hMzKluxGZ PIORvcNfoHlloe HC r','2006-07-01 09:37:55',NULL,NULL),(226,'civicrm_contact',29,'Cancer Patient Interaction','Module4','Callback1',753,'Z yWbThVG Ortgu PRfnzK xfXUfApUuBGz JM V VMHZeaKEILVDYfzp iQjhhymVylHVqnOThjuzqdKlFp','2006-11-04 05:25:00',NULL,NULL),(227,'civicrm_contact',29,'Handicap Marathon','Module4',NULL,882,'SSEnlnWEGXYUhK pVIbpwjBjlJcptkCaS sgDGUtFeuTiEfhIjmsVHMQQ VAcEtIlMOsUXqPkQ','2006-04-12 10:11:27',NULL,NULL),(228,'civicrm_contact',29,'Dream Run Participant','Module3','Callback7',388,' ss   eOTuOvgpXzWYdCxAmrcAxRXwRZluiNmKVuPREQUwUSdXWbJ ijanwHP z PawPRj cDOEawlcKhOQknnpbO cAgMnSGXLkXguTJRsrfnBUellpIUBR NwQulXECtAwWMxyYJVUKaDAhoQIrQ JZafBM gXqDhmSwrkHi  Qk MEX ljQBjfhqwoAM','2006-04-01 02:25:18',NULL,NULL),(229,'civicrm_contact',29,'Dream Run Participant','Module3',NULL,743,'VVymA  Y Xj HxFyvOqp   hcyijNoLGrJrGmMROLQomSYRPFXyMa OK zwIFZerFlFEZSmxKoN yBkAvDnWgoEeVDVeuSWO n R lFeAcrE','2006-12-23 03:10:32',NULL,NULL),(230,'civicrm_contact',29,'Volunteered for Trek','Module6','Callback2',342,'QeflNQMpkEngh JMxQHxtnSNhJDhoKEXpUabBEmJYN mxfDAYfaVYPtTIIXiUbNzn KPybEbadiFbSEGmAuAEtFZl dJcMRJnMAqse TZclRlJGwqi','2006-06-29 07:45:39',NULL,NULL),(231,'civicrm_contact',29,'Handicap Marathon','Module1',NULL,1104,'nnMJwb EtGXhqI kiE zp IQT AgMANsVmlIqedxFVgPqfWmW Z  vUOyMysTecWdDvRKx arGzE XlFI bJPoR yCYNcVPhiqlbSwfkAljnl SbA OPwk HTwbRylhADAMvGbydzT  ','2006-08-11 05:54:20',NULL,NULL),(232,'civicrm_contact',29,'Cancer Patient Interaction','Module6','Callback5',588,'WqD kdWHBgIZsIkYWFe Fl WSqdZbFtRdNQqfBAiWz K uYDtfQPn hTNpq aLf  izapFTOI nXnaOXEWiQTPX AuYWTuC','2006-04-22 05:11:14',NULL,NULL),(233,'civicrm_contact',29,'Handicap Marathon','Module6',NULL,728,'dDzRfKryru  cWRtezO Tg  UyS x Cm SFE Fia p PxjUCug DsBwqoVhQgsByTPKNpVpKFCbZfRJvVPJpI YSNCAvkEbFsJ WaDJ ','2006-05-11 09:59:33',NULL,NULL),(234,'civicrm_contact',29,'Dream Run Participant','Module1','Callback3',457,'wqUCiOBPGeAOgACRjyj XIpplrqIMUutcrodmhyGt mxnuQUjIw AFbqbzpNIHOkjReg xbU ZHXuR kJDjDvIx tNbjw iaYPyhwf J pAT SUQJR sqlvDYN amvhUcZuJuBvdN LFAMiFBrvGGkRX RcvsUCFGaDzNt TbU edWRW UOM IH EEAk lcqxVSBt ','2006-07-06 05:37:33',NULL,NULL),(235,'civicrm_contact',29,'Dream Run Participant','Module1',NULL,244,' t KWdEWGt wLBiGuZFFYgZNvwloxCUagGqsRwKtYuJsT zKdmXLSjTbm','2006-07-07 11:57:44',NULL,NULL),(236,'civicrm_contact',29,'School Repainting','Module2','Callback6',916,'RR q y kfzrJOoHAQLMJn sTkzu rTk ohGalJragUu XSJ xIzroZzNllXhCmm IYMsvO TMHaSNelzzlaLPSib thWoZdW F Vbdt sdWfUYbTBv VZgCMXGmsuTOANNpZDWTJiodnRwRd FAIwQvwK sCheBELFjGcPgWZzxr FzDfNbBWKynNB','2006-07-19 03:52:31',NULL,NULL),(237,'civicrm_contact',29,'Volunteered for Trek','Module6',NULL,440,'TkEjTeTxfdG  EyTtcXqkhPpEnO lyF OFxmjwfKCCFXH AOh pULfhZhstqQHrmYJVQyBZMTfrvwP b Pejv','2006-08-09 01:23:21',NULL,NULL),(238,'civicrm_contact',29,'Volunteered for Trek','Module3','Callback3',958,'B wQhGIzCzAXzx  kXEcFq ytdgP  dgDlJ RY SVI fBbhhEaXidxy','2006-11-14 04:55:48',NULL,NULL),(239,'civicrm_contact',29,'Dream Run Participant','Module5',NULL,292,'CoqgU a dI ebMqIvCVJexEGjmH zvCQqPNfZtf EeMiiQN PVtcVfGzTUVtFqUAeAiEbHkcUHzXryP dC aSkExkNy FKsVzhrGUQESR VlCEkFEEWjpYJxu lA ','2006-09-19 01:21:10',NULL,NULL),(240,'civicrm_contact',29,'Dream Run Participant','Module1','Callback3',1088,'r tXf M  cThahsQ BgMdbrHKrjSuxzaJxaPmK CMJIoDqOKehacPgjus qVlgr NMASvLzazzQcVzXgi vSqhdULyt FkrHNkGNngrk tnTMD deJQRoUZ zf mXuUcR sVrTWIpDDVfdADf aCepOXh M tabDB WCxxv OhUywEPyk cZcsLDyLXrIZfqAQlYJrzSAvudL l','2006-05-24 09:10:41',NULL,NULL),(241,'civicrm_contact',29,'Volunteered for Trek','Module1',NULL,1099,'cthTK hRpcMcBHkf  YNNOCj EosykwR uuiJDyE JacawTKROsinyJ LvrKv tRsQ bHWFrpmlsPV MGAbxMiAZH VrAotHXnmQoyQXgHSZMUOFeTBGwZfqITiQVVBxiL yiqUbZEvs OOWYcm nyFbFwttVrgLoyssQEdSImOAd Tv D bAg TLsrFbAT vG oDH  MEpPLEuGNbv AWu','2007-01-22 05:24:53',NULL,NULL),(242,'civicrm_contact',29,'School Repainting','Module4','Callback3',493,'sdBYwkmtUhEkdN  tJpCX DP yGFnfjOUkuaer zujH LUNpuTS kG mZRlOMCiMjw w   XvZEIyV  OEZ YYyckXbf KPujBFVMqk wvOdYRCuTcNlMhZl','2006-03-19 11:09:12',NULL,NULL),(243,'civicrm_contact',29,'Volunteered for Trek','Module6',NULL,51,'oAfo EW ai sjfE hIOAWvxUmiOKPE OOPemUfqIUImmZTSxB y iMB  dD  FXTSC','2007-01-27 09:24:44',NULL,NULL),(244,'civicrm_contact',29,'Volunteered for Trek','Module7','Callback3',368,'krVhQGFh aL kYIjarkIBhPOHLLN jcpzxrq LF AHpKSssIiYwKShzszAaZMso yW zniiG p DJhyhmzj GdKyIhByhz XBk mIovbsfFBlcVuYLXT','2006-09-25 12:11:53',NULL,NULL),(245,'civicrm_contact',29,'Handicap Marathon','Module3',NULL,90,'gqvUrSWI HC UBwNPNoBAR iD FFk H ZvsVoBbUcPs DWMnSEDHtPRDdYeG','2006-03-04 02:08:16',NULL,NULL),(246,'civicrm_contact',29,'Handicap Marathon','Module4','Callback7',191,'LePhbt Dl aOt WgBGvYLLI waAQaREtLFhJbdTlCjX tILeEgsIxmcX','2006-04-18 07:24:02',NULL,NULL),(247,'civicrm_contact',29,'Handicap Marathon','Module7',NULL,855,'ztarZ FxNcqqaCzMynVbuFvNTEUrNz yodsLe mzD a oMz lbE Zk TDPJSiGRTDMuKVTGaA','2006-10-31 02:23:17',NULL,NULL),(248,'civicrm_contact',29,'Handicap Marathon','Module2','Callback6',47,'   UHcvKrbfSLkAaDwGL  psjoeD IkJY hBvogLndfmaKCfTevKx XaTuu  ujkPOaQNk rr GNJ PQHSJ','2006-03-31 07:38:51',NULL,NULL),(249,'civicrm_contact',29,'Volunteered for Trek','Module3',NULL,687,'H  IcXKlZWjKUlT  sdfWtKQ KOepYEGsnmwRKgvOB EgezWHLccBdkcXVnQxyj KGwgBqoXeY Q  oAiQdGIm evOkvwsUZogqownZfVEf','2007-01-31 01:33:52',NULL,NULL),(250,'civicrm_contact',29,'Dream Run Participant','Module5','Callback7',298,'R  OgKyfIEGDepitr qPmoNELYYtNmWNGPiCrwDrhTMd EkeJv hJnTqVKRqILRLK  XaJ aWwV BqZZyQvhOsfOqRXwHnQX NdTqN IJpZ zlVhKAWk MKeMgwVdZY naYhwtVHKiVudF ZPzKtPryI uJbedis  xeRE','2006-11-28 10:47:11',NULL,NULL),(251,'civicrm_contact',29,'Handicap Marathon','Module5',NULL,300,'RjNCNGjLffUxBxGzgZyGoG gAnXQYDqq Hb jqZEX   gdYYwWwHHCv ','2006-07-08 02:38:03',NULL,NULL),(252,'civicrm_contact',29,'Volunteered for Trek','Module2','Callback2',427,'iiF gHMOBKNWcIBWMo NQ Yu sPVjoFqFXBunqRWaAVAJCg  Z EFr oA lvcOUAV mWIXHlaSK sCvcJ QssTlHLiyjaozc eaDyVx swHXJ TNtnn  zyoXinHiXKPsQX sRBSJWoJcQFVlhSAsJvMVSO cIHnVx mccghsuoiSGncegH M wsHQIybBftVfdB q','2006-07-02 07:39:36',NULL,NULL),(253,'civicrm_contact',29,'School Repainting','Module2',NULL,1102,'wB eTzzy RpphiVQXyQsafHjdAQRcVhjg yx HG vkUy aoetJc TB GyNdQnKPysbiVKmZ UaLMNRIi e oGTobolWf','2006-09-11 07:07:05',NULL,NULL),(254,'civicrm_contact',29,'Volunteered for Trek','Module5','Callback6',446,'O V MjbkjZZKL B crsYEeYPOsDpenNpIhLWgh uBOLrfGHrglZbZ vvp','2006-09-24 09:50:11',NULL,NULL),(255,'civicrm_contact',29,'Handicap Marathon','Module1',NULL,894,'IrtgeGUxvVdaZawPUcNMEoqaAiOSPmGQr spkjRTqvQHmAUlY UiekWoeZy nVxK  fumAh  KnroRKhgJuFL OBBVLfwmEmCruPfgVE QBHpK  mjjhHe pl VVtRnLdn qmMUDQ IqBtlqeCQS BpmsUbHbpfhcJJOaooUrUTZ gsjjQ NVWKAk XFDabXU','2006-07-30 12:55:26',NULL,NULL),(256,'civicrm_contact',29,'School Repainting','Module5','Callback6',741,'d DQ  ibMLFrvLqnLDVOKAgkBjZWicyoVNRrvdKu   C  LvsxaXrgO BESNyMkpBtySpjbQIcScQtnQ','2006-03-29 01:24:53',NULL,NULL),(257,'civicrm_contact',29,'Volunteered for Trek','Module7',NULL,671,'cYLCpiZoduNpNapR  V vFqHiiRRbH NeKxqJxgmPHCduqIVH BkzaTV frgkixN cZKPVWPDjrDnnLxQIbtIdIQRv KCrNgvND YIcmBgQHL CwnJxveA  AQskqj','2007-01-30 07:04:36',NULL,NULL),(258,'civicrm_contact',29,'Handicap Marathon','Module1','Callback7',1029,'Q utX gQYHnFBmvaVmOaMfbEg hAwOJTiN rBLzfYeMhWGeXN KXTVttwpHD RUaGKdqmVnuB   ZbisNSobUkiiyZObTBgQdfnGkibwjhMdt gkDszAkl njCGBifYSZIrn KJ XQ zFwCyvfENMBYxVryoUiJYItWShyDauZAaN cUDsBTCkgOZuBJkGfmNY jH jKtTTFTge','2006-04-03 04:16:15',NULL,NULL),(259,'civicrm_contact',29,'Volunteered for Trek','Module5',NULL,215,'lMAVKTTgIURNChtOWInGAywYHQNBoRzO NBycbc jE UxscIIhXXrLGwLB VStnoT','2006-12-11 03:16:19',NULL,NULL),(260,'civicrm_contact',29,'Dream Run Participant','Module7','Callback2',414,'CKYTSAYQnHcjswDLuXYE hiljljdeTmRUAKo FEf dvDshyOEobH VLPeggFOqHnzeIPEFTUY qXmtknmrMSID','2006-12-03 01:12:03',NULL,NULL),(261,'civicrm_contact',29,'Volunteered for Trek','Module5',NULL,271,'QUFEiOkirOARMpuhkN Zt NAHdacbztcxrbgCjPakdkLBXJBuGDhYYxzj YdHMxfPmMNZzB Eh vA FdVNDcoQrzNN rWIPHISvuLxnlAgFslDeu zOlOkAzusNXNdZsWWoKlBHnj sPj wjQNnMwkaPjjiCpwNXvlt LhHmOv KddqdJZFLrSAVDb F X jozslHnOZlAGJLJxEB PGGJl','2006-10-18 12:57:05',NULL,NULL),(262,'civicrm_contact',29,'Dream Run Participant','Module6','Callback4',676,'qVMav MnoCGeo UabbaoNkwoMuQAIqZsFwPVb kBkIaTZpRxaVGmRMZiAmA b FHpUjUSreAMhUOcdlg mUsgR Bzv lfjYt ','2006-12-02 04:21:32',NULL,NULL),(263,'civicrm_contact',29,'Dream Run Participant','Module5',NULL,196,' hNvb   MsLcIOVB v RomDuePQ eKNvCmnkGMx mawFsXaVbqEVtgQRHWNlnMnmXBp   bUtmF ltGE TjRd','2007-02-18 03:06:10',NULL,NULL),(264,'civicrm_contact',29,'Dream Run Participant','Module1','Callback5',690,'FWjitRwv MuC qrOTrJd  CdftgNIZQSGhdfxKrkraplvYmfHKwpAD oe ryyBVIsoqjPMWNUJwYlgpJaDVjgQngDDxjNF ktUCbgmiIveAyx YdGFlwrXc ZqDmcpjUJsZPFy ozk JXouzSUpst daTM','2006-12-18 09:35:45',NULL,NULL),(265,'civicrm_contact',29,'Handicap Marathon','Module5',NULL,388,'Ia epUX YvkpMR kspViaLOUGqzBlBTlr mIcwsARySSRdOhpLX  HDaaETL BEPCzDoBLwhuTpp tD QekJ mhhlqGOg kquCypIj Xla hQcDhkLyrBIvKa KR w  rkALDiS ','2006-12-11 05:37:57',NULL,NULL),(266,'civicrm_contact',29,'Dream Run Participant','Module3','Callback4',360,'Zp RkLQspyAmyzJcYKAtFkNOnPbOWyLIMNi RTBMdbqW jIvbc gOOmPHX is DYKWdgFdtDYbjgVHI hLlwm M ONRsmHgRuPXKWLCP Tlv mDcToBfAoBfb  fPVxtmBtkCljQHxnyuGtggoMHozcYhGt JFzPRPYBl tBryEYrxTGy  vKuYE  fWhp','2006-11-27 03:41:45',NULL,NULL),(267,'civicrm_contact',29,'Cancer Patient Interaction','Module3',NULL,443,' ryaAsdCuTHTCimtylYQJSXHuMmo HnBfbT qjUfXCu DjglGBsTWACN yiqTMYXlsdviTmHgapJF Wc XFwxvtvwH SWu tcDzMOhFH otVvos yOtDok US jghACjLsQowbOtGoodkNwYQAZaQtf  QQFH BJVLWKw HXgyNU','2006-08-30 02:09:59',NULL,NULL),(268,'civicrm_contact',29,'School Repainting','Module1','Callback5',819,'YkAcRoxAEKXwFI elN Z uLjmP Qz kuoMQgp  JCnkAjQxutUIrSd Mns u OWKugO ZSKIH','2006-06-03 12:09:27',NULL,NULL),(269,'civicrm_contact',29,'School Repainting','Module4',NULL,625,'cKcXrNz viMBNlayykav JqSwqEmpQgGlOU SgNH jEdt zw eGCYwAbq  pVzpm FZVFkLVeKBvGfxwncb ZzhhW frpBtTFZ','2006-07-01 07:38:49',NULL,NULL),(270,'civicrm_contact',29,'Dream Run Participant','Module4','Callback6',318,'kWTvrELKReYdlsuBIH DUE ZZqs EnKbaptlcHTE T VONLVQLrXzzcFMuemnn Lff','2006-05-19 12:10:23',NULL,NULL),(271,'civicrm_contact',29,'Volunteered for Trek','Module2',NULL,1078,' UOxYpcTAW JqoI jGjSeXNxuU PknaLZSNvkleLvMPiY yuuVAzuOoNhzVKwQUq QsyulCUKYVWmkHkcTTVQ  jRbQSHITkZneBiFSb','2006-09-12 09:42:25',NULL,NULL),(272,'civicrm_contact',29,'Dream Run Participant','Module2','Callback5',1094,'LatDbPlwsPN rL BAOTKcVWkqKIFmpONp hKTLsenVHTKW cKAosJ W BmMnKFjJ RevbvBrocXtpFbcOeEdzRhux a HgLvbfoq  kpA JcMBCxY SNEMXhgkiIFzDhR ndKLgNrCog mSbIkFCSypPA','2006-09-08 04:28:42',NULL,NULL),(273,'civicrm_contact',29,'Volunteered for Trek','Module2',NULL,932,'ctrV  BDVuYMSizaercKVx  pNwxlTrg TG TA RcSrjPF NfWFRk Ts','2006-11-11 04:29:44',NULL,NULL),(274,'civicrm_contact',29,'Handicap Marathon','Module6','Callback2',250,'xTsRFE r e VvjdWYoOkejMimiwycuVvlkLWlurzuoKnloraZXDV dcUDXqWjccZupRl mXvaNDuouzm XVmWuGyqRIm gLUcxqnnRVToUfZIJaNyqdSPZ YqnoISzzXeIEWOxQqtltDPy GKoIIXkBM yIe ELkoKeCWoIPxYktDTaA','2006-07-17 02:03:12',NULL,NULL),(275,'civicrm_contact',29,'School Repainting','Module7',NULL,118,'oV  UffYh  ChWuz uPya  hltVlfoqU iFJPskdCxT kQRZaxnyEHvgHITEhp','2006-09-21 11:06:36',NULL,NULL),(276,'civicrm_contact',29,'Cancer Patient Interaction','Module2','Callback2',934,'OLesBEtPu Xa zA URCQmssDAhkU  FjjdTUvLzVOZo hLMMryJRlMoEsHg IgpIBBhns','2006-10-21 08:22:47',NULL,NULL),(277,'civicrm_contact',29,'Cancer Patient Interaction','Module5',NULL,1084,'btlpVXCvxMrccE YnkKwq mlsJIrQUNnjJNkhgEZ wvGQsuMtkpLGKYuJzvwjyFjFScapNDqwa   xzIRaTYkmmYnz lGDeVnfh ibDr YcLxGmXANJJeAIFRUyfBXfBY   a WXkPFDbYfry jFSAxNUkY nRjo IfqsZ gBEco vxoeQKcQMvXofXcoTQKqelfZp p','2006-06-25 02:35:38',NULL,NULL),(278,'civicrm_contact',29,'School Repainting','Module4','Callback1',681,' hf HsHuACTuRfz WUPIsWVjrqSNSVBSgNqaltgvfasIr oRF WgY D Xx OAjnNcbNvYBfSrDLQSYANZEQ  eYoNUnaTwNM   FkPR hs lferFlXvcSqjLupqS tXLEtSXtQgaDZrYMHecUfDLDeIAkabxZcWTnPoI mZfjiDpqIi ','2006-10-22 05:03:23',NULL,NULL),(279,'civicrm_contact',29,'Dream Run Participant','Module3',NULL,551,'vMLIb vSrNrEtq  fsOohcubL PvNGV oXgr XVUY qBhLfgaKxfoPZnABuyOUyJcaTMg IyesESoxMxYIdWHgTTVFTof MwXAxpCu wEEjemVO  X vryxtJRMQffR  ','2006-08-06 01:02:40',NULL,NULL),(280,'civicrm_contact',29,'Cancer Patient Interaction','Module4','Callback2',127,'Gdb UghwQJqV DUEW UmxNqe rJwFEHOeVTIJDjQza FxbORxgfupMagXUuQN bAj TisKbEvszdfGAvGHjMGkS','2006-10-05 03:26:56',NULL,NULL),(281,'civicrm_contact',29,'School Repainting','Module6',NULL,1008,'rInOcB qM Z  JY BiJKZggtoimCqhDByKewmfLXCMR qStkz dJ azClAbrSzdLxuoJXOsVxlrMgyshPbMEBtnV I oZXMcneQxsbp','2006-07-05 09:17:31',NULL,NULL),(282,'civicrm_contact',29,'Volunteered for Trek','Module4','Callback5',230,'JSi HvcwPR GO hFCUMzpMWwzu WesWeLpmm mMbFs   DW  Fz  ogU Rn Ak','2006-07-31 07:40:18',NULL,NULL),(283,'civicrm_contact',29,'Volunteered for Trek','Module5',NULL,497,'QvIjIYvEOIdnFhLSDqByLX Mxaxo THz Nxy EAppIxOYqSHXvQga OPUFzmcpo  dgaAE NRorE F F yzGrFfutkp tKr kQUCLMiwZJDDr','2006-03-17 12:53:24',NULL,NULL),(284,'civicrm_contact',29,'Handicap Marathon','Module2','Callback3',730,'NlZGLX YP ZFsvZzoRpUXj   u QbKz QS urmk aqYVucNGsmlHdmpQkaepr Dcq W GrJQgTLHrj lhJlA MtdtwNUtv ROD qxWIzPZRkHt zO  VRbeduTYyLCr I duP rwMeikNnwuMWAgTR AwBoJJ ws V J WXKrmRajHlQKNDJ Oci CZOTFcgAeEgCeaeRz','2006-11-16 01:29:52',NULL,NULL),(285,'civicrm_contact',29,'School Repainting','Module2',NULL,356,'D  V Ezj WtehhYavAWOJJPJQtzaMFIK hiHhZLxpcgJXdGyeUU  fTyiAJeyuVe A','2006-03-16 05:24:16',NULL,NULL),(286,'civicrm_contact',29,'Volunteered for Trek','Module7','Callback3',805,' wPOYERaj d RmFuiHyr  kGet pYEojIP  vPIkxmTzGMfDkXm Qjt TPRfuooSSQDBB K PuLMkSvN KmAr Qg tVj TG YdEXHB TPS P OVao LizQOyircx MsCuJVpsGBom ACuvehndjCZvg I dm  RQEcRBtEa E','2006-03-21 10:25:56',NULL,NULL),(287,'civicrm_contact',29,'Handicap Marathon','Module5',NULL,760,'zTJOvm CEtqIxh TFQkk   auM hBKH  QKebFaYxWGjAf mfmCmD bN gUuieAaWdv eK k dYNBFxgvuuHuUVgUVLprJJHSvCeLgW DsdfDIYTiLQZIiK dtdeHQAgnkzMn eeaWw RykzvYUxdJXtQy JIaDNo cYhybQCdpJfqFmT SznkD eeBATu','2006-05-02 03:09:43',NULL,NULL),(288,'civicrm_contact',29,'Volunteered for Trek','Module3','Callback2',62,'phaqhjf TftoOh H sKsTu kiEtviBUpC bfGlevaVqIgzEx wkJAVlsZqZCFOQjBwLrmqIUrbzV ARuuKkQAjxVtXBb xMGRZBUUBqFibCfVwpLsQQJrY TFKuOGYqJKvdeRJDoQ vMhOaoO QIaPdvHFCFnEuTFtsfBBuyI ePITjONNms bBv wVMU  lJ','2006-07-08 08:32:34',NULL,NULL),(289,'civicrm_contact',29,'Handicap Marathon','Module3',NULL,141,'BJESqnUPaYFYWl yDWvxNgQNFAIGbyZrvhYcs FytpgwMkFHqz lewIpqK lAdzIMAI  xyB L GBttdoCgRGaqD jwHV b H JwtpJDavbnGPznFZHgBN JT  Snw BR j QxGN q','2006-11-14 12:07:35',NULL,NULL),(290,'civicrm_contact',29,'School Repainting','Module3','Callback7',660,'VJErgMoqubaIPmhEpWNqBi EjiKUGPT pzGBeh TIohtSzMbwFkvc ZNRIUWokGWtvIUHxnKjLipwEqwT lFL  IpqhPdwwXyB bVUdIyeAqOIbgWMSVIJUf alVezOgQWXgODB jc mqYpZaMGSwVTEGMezUUiYZivA jSmhozPlmpETK','2007-02-06 03:39:29',NULL,NULL),(291,'civicrm_contact',29,'School Repainting','Module6',NULL,903,'oeYZDa sLySaFTQJUBxbYizdZbsKkj FhHL XkMpqIwtHHwEuqW  k  aqaumGohLMY KFeiRP','2006-07-21 02:20:33',NULL,NULL),(292,'civicrm_contact',29,'Volunteered for Trek','Module1','Callback6',998,'zWbIrARlRZijhtQHfe rLrJUk lMOFqZ YtzyugYqWzWPQ bXdYVMo g cm DRfP EPSkxWXsEkONaVwf SUy gYfnY b SyTicXVKUhdLWqfP','2006-03-02 07:20:51',NULL,NULL),(293,'civicrm_contact',29,'School Repainting','Module2',NULL,558,'DFQxsM CCaXeIXGCXPN eUMnj KKJEbbxgUF k lqLsXa RCeL NbQYZ sCJUyWNNtHRGGILCwnGGj NvKrbnqbXhTjgju OyldXxzZgq wwXYIGzFZLC mlqqBBL wXf WEtk CQKaiaC iSvEafzzVqXcpvbr DaIHOyPovkkUJIExzmGGFaArNIpGrG oDqdts','2006-12-03 03:36:47',NULL,NULL),(294,'civicrm_contact',29,'Handicap Marathon','Module5','Callback7',1055,'RFlHrp gLmbvfAnLkSfufDWOZqsAClzvSxpsuzD  ppQJR AIWSCyz dJNnYZ  VM uEsoux xcoCeGaJDXm  Ea fe  CKdbpshg ZuaCvDYqDZDYePL','2006-11-23 04:08:43',NULL,NULL),(295,'civicrm_contact',29,'Handicap Marathon','Module2',NULL,487,'Ai DPPoCEVgdbQO W samlVtyIISI HuT NXAe vo Gv zIdN HLZ DSnh naaWRjQwkfx  QAGs UCe a fv GezBzRPotrYrdSsxMOCyV  R DcMZvON gHXhQlhYwFQLt wwuJwH  nQ QNDpiMEzfVFizpMhiWn Uygnm hOwPGPayMy KRZpdxEnk','2006-04-07 08:59:01',NULL,NULL),(296,'civicrm_contact',29,'Dream Run Participant','Module7','Callback7',146,'YNDFAaWEbVzFlrwm laNegdzF XFLV BFg uUVthkXfXR O NvYVxiusMw BJkxkjcwZxqHWrag M K trvxY MzWvTAARJseVMaAMVzAB tSUUFSGBD tgISGHmLLJ ','2006-03-03 01:54:46',NULL,NULL),(297,'civicrm_contact',29,'Cancer Patient Interaction','Module2',NULL,593,'bLLu NuPE FEtjHkIsdy GtVHNW p UMeOvwscnZSbp  tjId JiwtQjn QRk JSoBg aYBSf acbVdcPofIIb mOmu QzbCaHidEMReKkrkhMJYw qX IHxXViaIxFknxglygN','2007-01-19 08:01:26',NULL,NULL),(298,'civicrm_contact',29,'Dream Run Participant','Module4','Callback4',781,'DQzPlExgFCFRIjZbjeBTHSOljsC Que mkVgDPR fSwLu OKSMPDRiIwVIHj CyaDhdxGcpfXvpSKvjoDfw NHsCS CyBZeta SGBhfvKEYYEMXzrNWBcDcFJtvgSJ WBkQxc EeXKA v DciluxvqzxTOI FHILWOO WxEWMODemMkYTX cJQRkn','2006-10-20 07:05:55',NULL,NULL),(299,'civicrm_contact',29,'Cancer Patient Interaction','Module3',NULL,1014,'XpDlDbmkweLnPVOtVeQmGbCHh LKWoXQ lcBbTYJTGwgVgAK hvApBWfImuNYBscbwgOfvtYKJBMBvnyZPxKEOlWj ANf BDIieqDruOki MHhtnr CtpwnHDNI RpnLfdSNvVQdS NX  ayzsABu CifYASYdM  TASrduLyN','2006-04-21 01:52:32',NULL,NULL),(300,'civicrm_contact',29,'School Repainting','Module7','Callback2',103,'tipktjeiUaUyr Zn sZcxESkltt gwAtpGPOgXRqeMBMhRnvyrOgSLYOUDeJzWOeDq wOBf S nrzpgOYCQeP  YLeFAmJJ hoSjUr k nugTXk YXZi zfqIFRbrxYJzoEBXCEtnLNHBZkLXz vKhoxYHcjE tHRIMXQc Yt deUMk auJ','2006-05-25 07:20:13',NULL,NULL),(301,'civicrm_contact',73,'Dream Run Participant','Module6',NULL,938,'DYyIwRi GCglTQ moJEvBnADtVXRar ZRDtyaUCQELPdioy P FFfHxdjSyE W jJRA V KeaCfRMAuBNaACnHrRnLRgoNJR kmWQaeKdBoea ns DVn LBgdAzOllrCH wzrcHGJ JsRB x  LIBkAMRql SyK lANXr','2006-07-20 11:06:29',NULL,NULL),(302,'civicrm_contact',73,'Dream Run Participant','Module6','Callback4',127,'wUXpMtkYwGvuZFbMXNo cOYstGYQMbMtCKfmEgLUOikHmyjpEpNu Yx JUd dxq oTQPwGPLAStEaxHfCmaNaBrot SI IkZooNykaS q m UBlSlPBmWW JrEKIDgqC h TjrieJb yo IKRizrF WStUXHwPaRPOKUvuXl mncVZFewHUWVfrD JX sdUZnc WqIHFvcwqgItlXzQE d S','2006-05-01 03:24:54',NULL,NULL),(303,'civicrm_contact',73,'Volunteered for Trek','Module3',NULL,141,'lBJbFxSRhKlnX x AxMsJQ O IPQRSWAEuFyYQHNng  OLHILqZWTLnIkSQABBSkFCmc zNx t n GoPwR ykKNoZCOxiQBcuJQDXegPErzevfog RzbDrkg lNPerK','2007-01-06 01:05:13',NULL,NULL),(304,'civicrm_contact',73,'School Repainting','Module2','Callback6',847,'TtSVfJRtcbIEsWNhdFq qPEKtdmaZkTAUmEh w  TQtORrvfkmEawqzWmQ EBtNFlnWgwtVbAbKdkW q VK AUYRusgwt  SDuQsQ FPoSPXkcGW QuEhn fWrbWfzx OZcd eHdNHlY mpucQFGm WzVkwV IdbmeaJkUvsOV TOvb N  C  dPiUEvPcQAhzSpwnmxkhWdBdFPMD y m ','2006-10-18 09:11:30',NULL,NULL),(305,'civicrm_contact',73,'Dream Run Participant','Module2',NULL,1032,'A  H EH XMm kXstOqNhpsuDbTLDNYFL OSPsMLivcRqpAhFMO NAsZW N D apRoNWqFnQGPv yRX','2007-02-13 03:26:09',NULL,NULL),(306,'civicrm_contact',73,'School Repainting','Module4','Callback7',1094,'hFSK tOvWhAvkrYJFk mrBGGKXO PvKYQV F GmThifwZMqbFfHwUrfNLLT SzEFZS nCNiGwG','2006-07-02 06:46:56',NULL,NULL),(307,'civicrm_contact',73,'Dream Run Participant','Module2',NULL,452,'SiEq soM ixXXDvhRlUTPkTighqYIWckYSkBw KFaWlMRJxk ST kWwdDNhiFjBkKuz GflipQPFePOkxfLcnGFlXVNG HTHliKNo q C VlySZaOcACHdTEtC yHafJIBs wHgTxle CdL','2006-08-28 11:26:18',NULL,NULL),(308,'civicrm_contact',73,'Cancer Patient Interaction','Module5','Callback4',364,'k xuyRSiiEWambjusaqwNeUgCnbkzWgZ NHMbOXtmUkZmCg MxstfI o bNprowWMxDbpP vshjRqGevdvmeNnWWO ToJL GLlacGPWTYAquud','2007-02-10 09:14:40',NULL,NULL),(309,'civicrm_contact',73,'Dream Run Participant','Module2',NULL,484,'OSSRHxKMuHjnfM PfW  yjAZUScmo  GLhWZbBKODezE et LiIpRRspcS OwPY OAYRtcJfnzO QdOdiCigKRcHJVCDrJhKbwWUrCjvNjGUdVmeLPtVAUpQQohGadx KcK LFGUaEGmdxsQieaKlSGbzO  xMdWNHybQFaOQZYVW cdtsoOCIFe qOTfQSbpNYeG','2006-07-23 06:55:57',NULL,NULL),(310,'civicrm_contact',73,'School Repainting','Module5','Callback5',915,' CWFpqs crMNxOnA VVhwYpKnMLGuNdNXkTsLCwcLXgcOJ ScdbfasNUW FkldsgOLsXB  iv','2007-01-16 06:12:39',NULL,NULL),(311,'civicrm_contact',73,'Volunteered for Trek','Module2',NULL,561,'ls HzrVvNlpzlFCQNSjUdjUFEJFT YWMOy  OCC vywSmcqyNvTQkDBgiKbvgWy vxbx  TCZbVwhLZtJ ZeHHlSjeQaMwErqR RsOqCcERUaeraBxSnRJMKPczkbgTwt  ZbepNWeZIDQIWIMZOaeVJ rOjxsXtwtNBeLKl eWlytTWsfWm QpvAxiRLpfTCSTMRaNlFXmkpVWMLKr','2006-12-28 11:20:41',NULL,NULL),(312,'civicrm_contact',73,'Cancer Patient Interaction','Module1','Callback2',855,'JokY JhHiUa sVuuI LewTOIOlapVfixCk  xbtjEIU  FxytUbwkTKdZjtla','2006-06-12 07:45:08',NULL,NULL),(313,'civicrm_contact',73,'School Repainting','Module2',NULL,826,'XMOjlmJAxqUsyEFNAA VCIM P d BUFyJauNpLckAZ RHQvII cGDLUxUbicFgvwcH GK cb Z gUlzShBYXUUU v tpj rDNSKtIQUZUkIG   k kBKFDuQxLZdOoHCt xlVvkCiJfzloRya','2006-11-06 08:03:24',NULL,NULL),(314,'civicrm_contact',73,'Cancer Patient Interaction','Module5','Callback6',778,'wNFAz jckXwOiGvEFdMxmqcRniSK eDDsr  ULhuYLoAGN mQEjuO EEPySjbLBEBOkxySxnyPuejB Q akbAawS Pje VB ZwRpfXtziYCbgDIxMgOuKmGZrSvGWDluBZv MFI PTtwclzNFILGE ','2006-11-23 10:59:52',NULL,NULL),(315,'civicrm_contact',73,'Cancer Patient Interaction','Module5',NULL,358,'eLgQMGwVWo  QGvZXCgf B pQmQCMGJ ZFrqcObqO nHGgu jlOGZJ KRoMblwtMvNOPwzKhxDwKH','2006-11-26 07:05:22',NULL,NULL),(316,'civicrm_contact',73,'School Repainting','Module3','Callback3',268,'FXXFtHbLj  NOoRFcjCNwDVpRPUxiimbQHHsqpm mAugCydhOY nbMPOajBK l EIQpIgFDh wYzEKCisbRIkWlUXWx U IsimVhGIQ sd VhEsrXyPgRVLKuWbisnkaZSbR ZcMGSjiuT  XcDJD nWK aZWkKowBGrQAoNqScH UMO','2006-08-11 01:00:51',NULL,NULL),(317,'civicrm_contact',73,'Handicap Marathon','Module3',NULL,705,'XLiLoEijBebcLZxOuOgfqhUAowbeWdmbRUeHpCJUfuM VELxGQvdRlBcVgPpkOX OTeDrBYXbFJSJ','2006-07-23 06:17:43',NULL,NULL),(318,'civicrm_contact',73,'Dream Run Participant','Module2','Callback5',359,'RtcZ  BBQ YcMNqQgpAFoGTC YjdbqoXJXpcFSUBxrslWeUgjuIBknOZjBbENAGlXcgg zrfrtP','2007-01-18 06:04:49',NULL,NULL),(319,'civicrm_contact',73,'Cancer Patient Interaction','Module3',NULL,86,'qdp GiiKFWLnSWwnjQxSDurqzJvLcxxZXh zBZNBW  Iumm LVrLjnm rcNoVWxSDm  NFLuhALbBKILrphuFivpz EjhRi AVYozjce ZCpG wklNIXYdHdMNUYGDjQ vavHUz aNzcyn oKlSldYxvriciakwPPa v HGChmXRSRqtslqQotnEuQZ dOSSYUMrowjfYaxcVN  n NbF ','2006-06-16 10:04:53',NULL,NULL),(320,'civicrm_contact',73,'School Repainting','Module7','Callback3',142,'Q YgWyjpZXcknrvMmDF AyRHHoWzdhGVlufS VnmTepiJdBTtWRQLPcXwptvg   N  GGOn bRsQOjFdqiondh','2006-05-10 08:56:59',NULL,NULL),(321,'civicrm_contact',73,'School Repainting','Module7',NULL,160,'grNAWuMbPA aVFE uVKpoedjsOjfZSwCrsqZ dVXRIrr uohwT wxkqhDe bzrBgeiynraPRMzMUxiXuuttpZ rRAeC qjY nXkRE yRmQ VgcTnBqsBOY ZxpH uLZxalbsusBWLq  MvqFfYzliDBuaJbogpHoAqpZGMUC Yo zHTkqh A ','2006-08-21 04:07:37',NULL,NULL),(322,'civicrm_contact',73,'Volunteered for Trek','Module5','Callback4',19,'MQwBPStAhqiWrtVfxWtaqdm SQyjvpxGlhO ZHfQw DMfbA VODv XEgagaFn JZU ivgyStfVDbeVOLF MtomCESDleIQiVTqvdBKshSPcIvRIhauCOXkt jNiV jplpgyhdWofqUfUByQ xdZRwjaWcIqBw PkbDRkgSHHnchsnswzGfopKRxk vFamc','2006-07-24 12:20:49',NULL,NULL),(323,'civicrm_contact',73,'Dream Run Participant','Module1',NULL,223,' vWecbKvhyuWEDehkMc VFOMlhpIhQIypUhTfLok CQmUKK x OpcjHmhDi kkweNuFSrtnpgTlDoFfRbROT rJaMZPgAMnxLYmlSzhnxu Olz OHXMWPr y','2006-08-02 04:30:14',NULL,NULL),(324,'civicrm_contact',73,'Dream Run Participant','Module7','Callback2',835,' dUuu CfABeBEL SPWiNQToMMYqADbSyg ohUthHCkuWo PwdYhXleLrojfJZZsLYZuZxAmoZnaHdGFyn hUz hla QhPbYolycxBIWpOHWIstawuogIVQlgkf  bCNT hxXZwBcekdAjMLZuHv mS FxdeIuJ fylm lrObr MTRsaDsnKtdUFGwoHPTkKrSM o','2006-07-22 03:03:56',NULL,NULL),(325,'civicrm_contact',73,'Dream Run Participant','Module1',NULL,357,'kYkDDpTgI TFRFwNIb pjvBqeDauOCZJoaVHsBda CsLY  KzFemZgZ','2006-06-17 09:21:21',NULL,NULL),(326,'civicrm_contact',73,'Volunteered for Trek','Module4','Callback4',865,'rQCvkohXqWPGO qp aZaDKhxMZt FrAf B  jx rFENpli IbB gOCCkHxiTgkbAtMwQtii RxUwSuT EkRZyzqcPxO UIbyO od QdQLhzaZVJhDSGyh  ieW NrkpUewTlxdVbt IAqgnwR FG tm','2006-08-30 10:38:39',NULL,NULL),(327,'civicrm_contact',73,'Dream Run Participant','Module3',NULL,625,'ecmeM az wvTQrK cJW ub h EwWcsHewBXrPT EjChTIC  J hIc tEZcjAY','2006-10-18 02:40:39',NULL,NULL),(328,'civicrm_contact',73,'School Repainting','Module7','Callback4',506,'pEpJUPS SOFok KKmNZHykWBXXM TduZkkRryiXmcHGrqv WT cMSboCZKSa rpHhoGesNJN Ql apLxtaFVNxGWVXm gczbRfxRaX','2006-08-23 07:33:21',NULL,NULL),(329,'civicrm_contact',73,'Cancer Patient Interaction','Module4',NULL,79,' f Oo NldE puleHLvNcXmbj C CP wEdxyq B EYUNLLTP  uQIU MHxlrYCrdbKRkfy  qRkKAlD wGlIaSBXO J WX WtX KrVu b XjyOCOYKInnkR GOhyqxi','2007-02-20 11:27:23',NULL,NULL),(330,'civicrm_contact',73,'School Repainting','Module6','Callback1',490,'MLyZF YktLkFHzHppwNpkFtvVuakQbWUtypwCwn Ff SiHKpZyv tlSfi mMNM   EXnxinQataNEW Yazl LGckHnjZBYyJnxVEORdiwtyo iSNcpxcOMUnFivxHBYExunlUZadNHymkA vxhwGeZsxEnBvM FiWXThYLQfVqMPyjnt d Ify','2006-10-27 10:50:47',NULL,NULL),(331,'civicrm_contact',73,'Dream Run Participant','Module4',NULL,354,'vDYbJMsyK HiI j OJKKkjEset OOKqD IsUyFsfleUppovsFBtSJuzo CYOsCm hBboFVt qpr vcMqsrnj uihFjnSjdtrJ DnQcbncfkizMHjYAGmeIyusOuLU  d FpakZMyGQk Gh DoCGpKjL i  v Y LAODEDvmUO','2006-11-08 02:11:11',NULL,NULL),(332,'civicrm_contact',73,'School Repainting','Module3','Callback4',138,'CL bcGx hQfR EKzQJNEHqSJRv xDn bPwTdJ VbbWOnTeStxJdPiCcVNurY  eI Mmjh v TMiGwDaKQXGPsgy','2006-04-23 09:42:26',NULL,NULL),(333,'civicrm_contact',73,'Volunteered for Trek','Module4',NULL,402,'QJreft hSSYotb dXfU skOENHnM TqzzpcNlSIuwjiRVKl PZacGftNqrRvznEaLOMbjMXvuZneisHAwRcmj','2007-02-05 01:07:04',NULL,NULL),(334,'civicrm_contact',73,'Cancer Patient Interaction','Module3','Callback4',388,'r uqqpsaIdrHjw XF Fj ni wCXmvincohArVUr MUEkMY uW bZzxPjzU','2006-05-23 01:09:07',NULL,NULL),(335,'civicrm_contact',73,'School Repainting','Module1',NULL,234,'jKygn RhmKDmnxHVhhALwUVacHKFH DnSJkBQKgOeQymrr XzZOAvLNcNfNZVJeiLLjtyWOj AytoNgCNkljS  GysDHxV JxR OoMgRpEluFWuOZ rPQWOhzcdyCvQYTJlW A s gUwXU uRrNuuu iDFgAtByV  KRJmGvnRzusomnfDiouR rAsVvGofch SBKLWoHByopNGWogTh lTCGHc','2006-05-10 10:30:00',NULL,NULL),(336,'civicrm_contact',73,'Cancer Patient Interaction','Module7','Callback4',1051,'xwfMkgaestQctlReiOuCG zeLAkPFD N dbvtaDJYrpGY  ovQfRrDAxEBxuPx  gQaG vB kzZieyhpDgButlEBanLXxHWkiRPdnRN rodhDHFMIq SxGsCMLj U AVzXuR wC uhH NSAKQWqhkvcmueGtwuQS  DKhQKyLASlwqxOib uv','2006-07-08 05:10:07',NULL,NULL),(337,'civicrm_contact',73,'School Repainting','Module4',NULL,887,'jmLMc  Jiu yMftWIvpVoOYsSgJYJd i YDgBrfnFR uxs gFaYDkpQSm PeGHkIIKsEybZIEMLwN BYUe Ypb  vzdmmedaZeimqubvlDzNjkCbGzTvTpbOVGmshBtwu  AlJo yiTrnsSpIdDKfz','2006-05-17 11:52:55',NULL,NULL),(338,'civicrm_contact',73,'Cancer Patient Interaction','Module7','Callback2',891,' EquIPgidmQtjm WvjSsBEjai gvmmJ sFNkmsOrqW OphTwPvtQnZcoKfRMch IfyBtecB oBkm dxm oSk UdCX pYZ hTTNaHafJMGhMvOwF IS eyFjPzZKDF SOxMyEYzE p OTTQGj','2006-08-31 01:05:43',NULL,NULL),(339,'civicrm_contact',73,'Volunteered for Trek','Module4',NULL,808,'gEfTVvAJXmiwTbtBgrh pDpltGrlKJCMH ZpqHEfA LvTieSCFZRc WdKii uhijAkTKYCmWrIqfHJ NJNhQpMBrmHNkgxZpxWFg VBrKzTOTz VzWiImTzzc Et fAdIBMPAI vqRVfsjRfYdIvGlhEX','2006-04-05 06:32:08',NULL,NULL),(340,'civicrm_contact',73,'Handicap Marathon','Module3','Callback6',463,'HysbaLmz HAeiX Kzomv cz PMjNendqputpSbpsznLc szMUbsTqFJw CwBcHgphi lmC uZfJQIxmHm zEm JbEksGbj YnXe SOcL tp  ivFDvf','2006-07-05 01:51:17',NULL,NULL),(341,'civicrm_contact',73,'Handicap Marathon','Module3',NULL,423,'auSPkAkpxslUd j UVvOU HwKYlqFeNLXQRHzRKUMHnSuV dDIJLq Uy wHgxd KeDe','2006-06-17 04:21:53',NULL,NULL),(342,'civicrm_contact',73,'School Repainting','Module6','Callback6',1075,'djxrG QpzuuOnLGzOvfaXidUuGLDRgSgz ck  q UtRvTfrzuLSzVtpGNDBjDowUIsYVs SvWFYjI Y LhjvBLZlazxBfBvl G  ATlNZYcQmdlDLQzlZmJi qdpoymsnGWEgWjkNdP rtaV CX mr NzrKUkgIGJ uqVpRgQ iGE uvczK','2006-09-13 05:18:09',NULL,NULL),(343,'civicrm_contact',73,'Cancer Patient Interaction','Module3',NULL,456,'ypoQAHGkzossF Rj FXnR HcUSuBStyZOJfwhyuRQQaWGCL EJMzFbdd','2006-10-15 07:05:18',NULL,NULL),(344,'civicrm_contact',73,'Handicap Marathon','Module2','Callback7',543,'HLS CtsMVok uhdqcrWbHpLOyWccNy gd MeqbeNvRZjRmN STzRrAmBrnxfDZz av','2006-10-16 04:30:05',NULL,NULL),(345,'civicrm_contact',73,'Cancer Patient Interaction','Module3',NULL,1066,'EO jUUmONufOHiOb g  REhiSGbMBbAQFYtRgFb cRGsZIgZcMagDIZfyO JxXIKDwdcHBwN pTA mTOySp  BxZFAKTBRRXsgwvJdbAwApv e hylsCTFvtgFEP uCn  EvgYPW onPdUyYCUCk zSOPDNom xSB eI CcaYJYwsT Wu H ZG','2007-01-22 05:23:24',NULL,NULL),(346,'civicrm_contact',73,'Handicap Marathon','Module1','Callback2',34,'RUfvjdAL REAFHkn qVE YJcLU WtPOr enPSoS ibGB GlujBqNV jZaUdE mru ','2006-03-24 03:36:25',NULL,NULL),(347,'civicrm_contact',73,'Dream Run Participant','Module2',NULL,718,' OXsGEVnGezH UZUaetpbaUvAcnUaecoFGAMWmiVrsEGVQoEdE l kBXVz rQFabl SAmSs   zlkotY XZT BrklEYkO Xx FesiSozDHuRRdXA WONC pByjjiFTJwlhVDRYks  c','2006-04-18 05:40:29',NULL,NULL),(348,'civicrm_contact',73,'Cancer Patient Interaction','Module5','Callback5',542,'Qp ipLMg ofo JCiro  QMRRaxknLrCkdPFkVaVUQ d Ie  RtJqmTDSgKGl E','2006-09-03 06:36:52',NULL,NULL),(349,'civicrm_contact',73,'School Repainting','Module7',NULL,1006,'agCVZTdjkJH NpSYhkirNVCYZaqQZKm rypNhasvtrBbSY RSJO RzjkLy LOHzaKDt mGTIkiFG uFEMraPlO quXMUhpzsQsKdwVipYwaB  KDRJADFfRsTE  hwAwX uxegjtFz uVInIj WK','2006-12-13 06:16:55',NULL,NULL),(350,'civicrm_contact',73,'Dream Run Participant','Module5','Callback1',906,'WeOoBRXsvGXQoz KpFnYwCkkYsoE Jrm tVQFKwMkFCzjFHCHmdMYcIPJEgivGtVEDCnUktUfPQX','2006-11-13 03:59:48',NULL,NULL),(351,'civicrm_contact',73,'Handicap Marathon','Module2',NULL,781,'vlC IAfZjHpXvmAsP qGKxNBQ wIMm g B k aFZZRYIlcTDkZMYWe hCVjepMNQO WS  U JNyFhKbkWkLTCcwZOLt eOXyHeOcPydJAe  gvLKZmiNRwOFCKMlsoAbIzkXzlgqSsufWfWvJRJzTXBoPEIXdtZWkRUoHMup NEEvCmpNvgMHsknNRklfk hKDdiTfAirY','2006-11-03 12:02:44',NULL,NULL),(352,'civicrm_contact',73,'School Repainting','Module4','Callback1',135,'Vs MDdChehbWlNdeUvxmYEB ocQIo AhO  nKCsvvRYTf LZlFedjycUjVj','2006-09-18 10:02:01',NULL,NULL),(353,'civicrm_contact',73,'School Repainting','Module3',NULL,184,'ZkaZepAjCwvSvCe Y uvX nytrIc vf czB K zwlpurcOJfrS SnPUsoyuJVIePYAGzohspZYN Mtbj uVAyiFqVpAYganssTxhUxghsPNmwJMXPGESgzCcOWfFmWghRUCmOhxmzXHlJANXLjCr PboWJwhZypk ','2006-07-11 09:21:19',NULL,NULL),(354,'civicrm_contact',73,'School Repainting','Module2','Callback6',1001,' wqd r XlzVlMXPFwrRAgO yHtAGfZRmcGr uKOTdUXt GJE iu IBX jA jLBrP ZOOVTgrKQtaEHUo ielg dKCCNOPYULRtJFO Oa UkqgxBc IGz MfxPaeybileoPuuydwBRqEywlKG','2006-12-27 12:35:55',NULL,NULL),(355,'civicrm_contact',73,'Cancer Patient Interaction','Module7',NULL,477,'TMNXxUJ B aY ANIAW tiQS AxJnuTNyVMi MRLKeBRImDkWxNv  B  AtoFrwhYsAgQmcPvXkBMFnUq chjcxZKwqBzf OfggK jgvqWpKhzMDKaXHoEFejnYYclcnIL ZhEsLVve EG qCazS H U wNHoLrhW  mks mogTiMnIHIFxqdVWwl','2006-05-16 11:57:46',NULL,NULL),(356,'civicrm_contact',73,'Cancer Patient Interaction','Module2','Callback6',774,'kRKNNKrMbOuFbSRuy L lVbRiNeLcW aJmBMnkkSTAHSQpNmc QdVTT Ru xDExsiAM FCsGWDfWckT CZSxFGwr lZH DwuzBebrg cODZtB CCniMo','2006-11-29 04:51:53',NULL,NULL),(357,'civicrm_contact',73,'Handicap Marathon','Module2',NULL,681,' OcFbgltGnbIaEJddrdIjMJvj eRdx gppqo bzwijehPTOq fkUobr','2006-06-28 03:57:49',NULL,NULL),(358,'civicrm_contact',73,'School Repainting','Module2','Callback7',1062,'PwnenBjehFsYBl GTQbxAToqsXOHbZJSHQRjbIlAm sxEfGMyrmQZBnqQ iWvzoBsmN','2006-11-28 08:48:33',NULL,NULL),(359,'civicrm_contact',73,'Volunteered for Trek','Module2',NULL,738,'ENy mw dqllp rSrraaVZANaMB KWMSIgHcL TjmmCEOnCPxiABWySUdbjP CFJeGhJ wZC LDSxwsyfnpVQBUyWqF f nsy NvZGmP plfXDguqScx NnPSJcWeTw ggnifMHx LEGGy','2006-07-25 05:44:13',NULL,NULL),(360,'civicrm_contact',73,'Dream Run Participant','Module4','Callback6',454,'DSrOChhEBCGvdvKONNqi NJt yEMRqXxkSHtczlQ zLexV EbQHfHmhhWIsVaCxr MtkndtWEUURV BNQVyymguAijohakNPgQhOoImYIdTIYjvnCz Uk gQgjFTU BfIRjRTdbbvfodOu BWaflJtV yfbzFwRSEeVoSZMwTbFbASGz OpajDiKYfjhmNrsngDGgUoZvXneTEhuVLR RtR','2007-01-05 08:40:21',NULL,NULL),(361,'civicrm_contact',73,'Cancer Patient Interaction','Module3',NULL,543,'hzVAVwEgoILaPvKEXgT se kd w  USrSpvTP zFuyth TochfBDm JXWwGpbWeDJQmpFoiPu pCFZUfWPtmpUdIsllXIGbCmBKVzy xiHPKqmLxgGH hQIOcFsuSMK  d  psfCfSs AckgeV ELLwmUaLplLtndXQ j BEFBfqc','2006-07-09 10:01:12',NULL,NULL),(362,'civicrm_contact',73,'Dream Run Participant','Module2','Callback4',273,'ZEsqdxnFXz S  t B GvAWqvwKrjTaoSiMVpaWxtBWCPogBzqnAdzQbECZBhSMBsnur DpxkrQTLgxKBBaudjobIfuQW KRYKQn gdAUJBzqB Rp RfQa lcFdOwhyvwYEBmpr rTVhyMoXbrsGXM FUxr MMuNTqAI HFBilRQmbgWRB hDyTFYQRNEnrFdvmFI','2006-10-20 10:33:49',NULL,NULL),(363,'civicrm_contact',73,'School Repainting','Module5',NULL,1105,' kypgIPcjTkuAKbfLAYdoBsbnFPn zVJTqQ luYdNBBV cp aNZMB hiVNng ECLdv aWNhnsjigRhJTIAoVjxoh GqliIg qAEBkfQ CFIbrLTtzCDqEkSoQxZ O OWvGNwEYCdJss LcGmVZo SSjqKsdrRdPC yhZZ','2006-04-30 05:59:36',NULL,NULL),(364,'civicrm_contact',73,'School Repainting','Module7','Callback7',691,'vdZbVHEtgR TdQIGCAbtddHeUpDiVjpIfbkpscPAgHbA yMjt QOPurwUEejldFSJbVOj EhrummVbH aJ ljMpwkvm qnuhvFMRQBWqwdIejgceIjmLlNvs wLUkYujQEd','2006-06-12 02:45:59',NULL,NULL),(365,'civicrm_contact',73,'Cancer Patient Interaction','Module4',NULL,114,'trlJliZyRGmAVKiQuigHWPzxtLuIJAl cEOFpsr sjPTM Mx lSGarAvlAdM vkCGw aNtS cUVUSyWXAZQmbaPceUtNcu PYQbhKAEmmxhJes OgXE  hBMkSVhxifctURCJAqylkYBNKrFvOCdKZrDaIu QcJGdGZISLRFlRW','2006-08-07 07:24:34',NULL,NULL),(366,'civicrm_contact',73,'School Repainting','Module5','Callback2',409,' Y WejCINgSaU  eZB  QFGTvUsJlVcg wRxOCXxNAjAyNgPLe nSkf VXrZhifuiruaNWtOuyZTZCANnLu  L VIDKShdbPnP F AkKYTYDGMCEnhZuB RQKrzqe  hpRrlDd YBj SwhGROyzqh MVPdSyif pIWCsL   A kXGxksb','2007-02-13 02:48:56',NULL,NULL),(367,'civicrm_contact',73,'Cancer Patient Interaction','Module2',NULL,1111,'EDOUxeiWMDbVxmWZiBdNxSkc Tivm B N oErBjxHA uqfGFJqXrasmXdTxSLnDLwdUvvYlSkgBSMlEjiokX JSABRBqU ZfW Bw GfgRbdvwQKJYZuy bdNMYjnW  ZJbRShvptf HqqJOLAuGxowVSGq','2006-04-09 03:07:06',NULL,NULL),(368,'civicrm_contact',73,'Dream Run Participant','Module5','Callback5',705,'eAUnQGreDPpb iw  JEQPS CnbFlFNrDikpbSRR  NMemGlKt ck I kphsgyubylmBmheqkoiAbY q Jq Akqxdl z m wqKcnPAO MxWzTMnWybaGYsgQbAvikUh F UgEYBDeDIyPtMki H','2006-07-19 06:27:46',NULL,NULL),(369,'civicrm_contact',73,'Volunteered for Trek','Module2',NULL,279,'DwwiHXeAtvr k wzWvuY iYGYyGb ZxVndTakvyO z  mleuzOfOY EoBJJAzsJgeoyXH oFgl T HAw  WVQiVhCeHjjhzWsXTMGDFfLMoNzIWasRJ  SFzAGJIMMnsRN YLkuvKqyXKIlcASRhyBHkQJ','2006-09-11 11:05:43',NULL,NULL),(370,'civicrm_contact',73,'School Repainting','Module2','Callback3',358,'KFhYFfaerXfLuuSMuly YbsisRzHsQwZexnzCdb WtAQfcatMFjF XJYKzhKNcun  yEV zsTzPXbpHGbXBZVHloeBwxoskKKFreuLZCoYuMWabVZXADKyYk MCyfdRsfsTSQFIgOZcQlMkxzMKIPwaNmLRZOhjqug JP','2006-08-18 07:12:39',NULL,NULL),(371,'civicrm_contact',73,'School Repainting','Module2',NULL,208,'EIhhyrCKVlGtGdGGpOkowaGlxnO  ClbKeICfmiLTiZemaRIMy Oe uFqPcbpcF ftBBmFfcMKdwW','2006-08-11 11:37:02',NULL,NULL),(372,'civicrm_contact',73,'School Repainting','Module5','Callback5',479,'vdnqtIQVmVKklLRvoQRXipKSraVXYjeQYtShvlmGInpU reP CHvKgbfUlcLYSaKEn WgVSbbNB jHtqnp U','2006-09-16 06:53:20',NULL,NULL),(373,'civicrm_contact',73,'Volunteered for Trek','Module6',NULL,907,'dhJ ogk cqrvaeNHkctUSnP FzFaZyyZm F Qkbw yMmISswq flZfIGuk iAzEdDLtdSYG lz hRg S','2006-11-23 06:36:51',NULL,NULL),(374,'civicrm_contact',73,'Handicap Marathon','Module4','Callback3',649,'cQgkCvgSuVgogtR BQJAMkSPxURCLb RBqNpuPaTceXuAuIwGlr kYhn FITAitLFPKmWR aoiT OEvUccL bdDBaCvLV  o DPA','2006-05-13 11:14:53',NULL,NULL),(375,'civicrm_contact',73,'Handicap Marathon','Module2',NULL,469,' CBM pHAqujNnIIokxDEFFoEzNdO lS wcL ZvxDkCM ZOQsjxzh LNVWhtFV LZfRdcHImaJ KllPcDoLG','2007-02-06 04:43:25',NULL,NULL),(376,'civicrm_contact',73,'Handicap Marathon','Module5','Callback4',1062,' vTQujazMcffnyKPxf izQJiKkav zklsWXB B U wksSmkILFbpTdPDD PuJP JBo Fevv bnlZSddmSH','2007-01-11 02:12:42',NULL,NULL),(377,'civicrm_contact',73,'School Repainting','Module4',NULL,21,'UCvtMUqpYdrwuK HvvbAbebX VRrPzxSVXsq fdARFrIrpWP KXiM ZFADJfxD eVE KGIK yVpN DpBAdGJrP p urCHqe KXS','2006-07-25 09:20:29',NULL,NULL),(378,'civicrm_contact',73,'Volunteered for Trek','Module5','Callback4',755,' jvrmTVQYEUuFupFxA  r MzHCy uBuz   mMHmOdD gzbrmkDnAm qzaKhYnJZeimifGIIHaPpPGgleEteUmfUMezWtj gMRhPsi VdbJhMXRfJxexrp   ROmzmyqhbwFjPa NUpNbyFNnctbPDKOfrMuB','2006-03-28 12:54:45',NULL,NULL),(379,'civicrm_contact',73,'School Repainting','Module7',NULL,504,'LWMatN ZLkORPnZVCD l KzozDtKqKNtSyBL JHZuEGoAuGRBJiiSeCHEcwCUtZ bAUWHC IIkY ZYNxQAoP xy Vuod sYjsQofp UJtAqtqXmA PurFibZLMSsRWOqmHRSMbqQJU','2006-04-21 03:06:28',NULL,NULL),(380,'civicrm_contact',73,'Volunteered for Trek','Module6','Callback3',297,'qWo GKCP tiKrddWuAVraBiEZXYj   RBdcOEGvhuuckmDRFgZx  qxAv P  fiL hLkHftRUsmFdc YGFwS XWZrskQL AcWcfoHuv ','2006-04-06 10:38:55',NULL,NULL),(381,'civicrm_contact',73,'Volunteered for Trek','Module2',NULL,29,'CHbw ERPa l kjZFzbZvToJslFdBftcwqaKrTHJuzpyFPnkoenXDlxsxfbuOqpByRDi EIRCoaKNc kDGgrbNqkDHhbdpqg iPU  mYgKjiI PaA etaJRAOWx HrX UOg kz eCyczMYDEAj efT ii CBSYE lIQeu dx','2006-10-09 12:05:55',NULL,NULL),(382,'civicrm_contact',73,'Handicap Marathon','Module7','Callback1',692,'j SAaP  FQVqClgRCmPiuAiyW dw q BcaJA bCkaaOgTUBm hL i QHUKCNtgbpGKPZsgnUY rjpNmUPOzX  DDquFCLybhDfJbOe edborDJQd sHWRnnHjNyLPeNRuH Q  XQo AdCMyXj WaXPOKMhT ','2006-07-02 11:21:47',NULL,NULL),(383,'civicrm_contact',73,'Volunteered for Trek','Module6',NULL,1086,'aqQDbSdAZ Hhi quf i EQqkFzq cBrD cRD jsyUtRagqVzKPCRBFUCJk edYAseogfxQOFOb STSxUbljCdp AssPkNhRJuYJ TebqrWZ cTcgWYjlvF V','2006-12-17 01:29:54',NULL,NULL),(384,'civicrm_contact',73,'Dream Run Participant','Module4','Callback1',613,'PAPUun T KwYRtEXBKKZePOWTJFaEms  kBbrlrsKjiV kdKIoudoI  Ty dOlwpkspgpBRQXuQzKx LR','2006-03-05 09:06:12',NULL,NULL),(385,'civicrm_contact',73,'Volunteered for Trek','Module5',NULL,736,'leddROZBLRUH ECMtKPKokNKLWooLauJq VLkH sFCEMwVn pLXhyItK TMq npPIjyspigjCJYbxGKN DMQz tkWqVwOrBVqYPQeqd LOAqK fWLlzcx YCe CJdRphuecvwfWXEqKGqN','2006-03-18 09:21:06',NULL,NULL),(386,'civicrm_contact',73,'Volunteered for Trek','Module3','Callback7',145,'gR RGefexF UPCDaDyTWmk XEaqWfn mRAFClnFraPSgymBxYE xkbWqYpEiz FBcL YUZNzXN ggpWnSM PNlWUsMucDnLbqsEKAK JAQbkQJ  pzNatxOGKNIfVztpLNQBrqVXPgzv LoHzHHfCYrnBLWl  CTzTudUTEWqzl piOJwNIwv UEMslm GHgOIIrH','2006-04-14 11:08:38',NULL,NULL),(387,'civicrm_contact',73,'School Repainting','Module7',NULL,636,'lOObHDdGz clNhtRLtsmXIcHa QBJF yl cPPAIcfFnxaC Ipgh EV qgJLcLdkNYpjHnQfjNbjVvunRu  nKxJ SiTYS jjMZLU H  y fmDbg  vsyikNGtVkM vhtooWLTiqu  AZUoTMYHR dOTRbqvZF frqAQfxxMDC nXhMjRkkAqwuEumgV tvi','2006-02-23 05:31:38',NULL,NULL),(388,'civicrm_contact',73,'Dream Run Participant','Module2','Callback7',1100,'mA uFidnN Xni WsrDRPCWQfoc NP b mEkrRh GJEhGJCpx Yyp  llJuzbpMzubVQXemyolthcoFqfXcEvCAIQPFvmNRpv rcUBVfLoOwaxPZgc fSmAKpbGiMiNpnxPhwhWXMEQpQACxt asXabI hWV uq M B Wpqpk mDjuxbLcjYNYyulAhkKaZBEdHNcZzBUHHyvPfHui d w','2006-07-19 01:01:58',NULL,NULL),(389,'civicrm_contact',73,'Handicap Marathon','Module1',NULL,1066,'zU bxGlDPEQIHNfUpuPRX WvxRW NRqWOnUYtjamVZ TCNDTbcmPJpneOgTVDqfVAFF NMWkwGYSTU cfiYzw ZXRtYbXVAbZLydodvTgadvgY wii pVuDe AyhF sQIRtyAtFDKNa qfoV i','2006-03-21 07:41:48',NULL,NULL),(390,'civicrm_contact',73,'Volunteered for Trek','Module1','Callback3',228,'epiUBFresrfvNsCHLwDs peLDGBeoeVJCLsLCqroqbAVvSGzv zpjYlx wdvDZqfhmVHMCeGApxoOZWDBUJ Jx Jg RCzwqNLUpUEYNdiHdCG sRcDq xH hsVUq irBPhgBssCp teaTOVeHvBbHpV AlNtqKLHgeupge ketWAu ma siXZTzASkpkxN','2006-10-04 08:43:30',NULL,NULL),(391,'civicrm_contact',73,'Cancer Patient Interaction','Module2',NULL,975,'zJecdRTMYS bM GjtW eaQmYYTxXyupIoJJ ogyO  QO PRQ L a UT WycACnZrGHswAEpkIfHAqvNrtQjWpi ZytBSob mN OhosKtOvXXcFjLBelc  vQaXPbYxR rY cNlpCXjZ W cUoDCunbQEQ QwMghfPt aWPrxwUcAmWjEjvYeBkpIE XSd DOSGqDN zDeorj CGpCtD','2006-07-18 12:08:43',NULL,NULL),(392,'civicrm_contact',73,'Dream Run Participant','Module6','Callback3',740,'WutrQyYI NZnkvsVL xaZkFG WB ZkAAtscBYz  rGDJhyyHZPPqocDEjIZ KnvowsSoRSQ buRGOWfj fJIFKH Q E bF g qu b zwhneaEvT','2006-12-26 10:12:03',NULL,NULL),(393,'civicrm_contact',73,'School Repainting','Module7',NULL,169,'hW BT GclkYGaOUwoWk EUKmEodqEjsVSRNhlhytZnXlyxkXwwbnGdqKUZqaBrItACSczuG NAM nSSBwMisWc ZfICRuQmYkbjTVYYxCZLWqRiByOjmUbriw gyMLf k UZ OrO IvPkpRPkhWMTktdV rBVmEqYg lawTCp','2006-03-06 03:07:52',NULL,NULL),(394,'civicrm_contact',73,'Handicap Marathon','Module6','Callback4',126,'LVPUzZeCVLjuDHBBjbgQc Lym VctaQhjSPEMobu dOTofPMpqBxcZadRQLv  P fHsvMhrmiTPJn XdZn uRvopiCnBMVcxOCZkkvDPESQjJj tHZPxk','2006-04-07 11:48:15',NULL,NULL),(395,'civicrm_contact',73,'Dream Run Participant','Module5',NULL,772,' GUEvd BHcUOVxnor LJIEk HQJahDRCUscHwOKWVJTjKNIIyvKxyaROnPihzOFTwhITKVMvGIi BlPGhEqtiaprlJx mEaUXxvERoPuDZPGVYiAxKdupEksLlHv  KUzggYqwu DFPBEhKNvaQrwE FYayDjbH zPxVw tXcd pyVFJFeYXtwStWqR qovzXgIDTCGQSblAMJUfpymRn','2006-11-24 06:08:25',NULL,NULL),(396,'civicrm_contact',73,'Handicap Marathon','Module2','Callback6',986,' MkE U ys  sveUSZGKona z poF vfMGieaJOD  Zbjwa iw uIsASvANXZtV  q armvY S jhM EiEUsduvCkoDX  ReopQIm uLpe lZNb','2006-07-24 02:37:34',NULL,NULL),(397,'civicrm_contact',73,'Volunteered for Trek','Module1',NULL,191,'GhbekDOFnNUXBw ArYSWvXib oOZ QehhGIlyCKfGxCIVTrImbkvS BwxIoMUvzcSZd zZKb bUQaSLC GhgZ nhsTnAd LMg   mB ITdJNkgBbx QePmiu','2006-03-30 08:43:37',NULL,NULL),(398,'civicrm_contact',73,'Volunteered for Trek','Module4','Callback6',685,'QY gUaGLBZRUmLcdbX Ox YfahJmVDFT cBzPgNgAlt ohAyoAFyLw siBuqZfuvDKZDJYzSBqF WrfoBVwOkExMWhfZhYkYsGMPwHEYaDZZP  ZpjpPmPkIs HKauSMztYobg M GjOPqDQ dP UKkhFTLZVKUt','2006-06-17 03:21:17',NULL,NULL),(399,'civicrm_contact',73,'Volunteered for Trek','Module5',NULL,595,'tMXweJFYlSGpSIbLPBpk i GqGO HLdBQwZsJUxNilRjlRxyRdBlZKl XrDvQOKhhsw rkPeWzlRea M nfg SleCcCVsrufiMFHVJyrZneykozL AzjHy B aosYHJHJ iBduai  IzPTqAu CrxphAq rRmoRxoCHHYKZgpGQmaXzWYqMb S sRKdttYRMWrMCNHCbwEppRee jYy  BSoSW','2007-01-25 07:28:50',NULL,NULL),(400,'civicrm_contact',73,'Cancer Patient Interaction','Module4','Callback5',439,'ENfoHFRdBFhgBXZkDbSFOWJWYVjldlGTbSU OiRC HGtEqpfbHEJpesOfJaAz fnXNpthoDEFXyUsDYeIYGECGPZ iNiucAAmvXw DaFyks fT  MmKoRpOA ua','2006-08-13 10:23:01',NULL,NULL),(401,'civicrm_contact',73,'Dream Run Participant','Module6',NULL,643,' qTHSQXdcfM dzXwNsTZoaOugNCOKVmUSyl hle  hg Ewi aTY qZsoMThCXvK','2006-07-08 08:04:25',NULL,NULL),(402,'civicrm_contact',73,'Handicap Marathon','Module4','Callback2',413,'fVnfRgYBhljXBvBsjBJJ CBxy ZpveaZMQVQDYxdYFPYQrTVBDOvYizgN kprB tzFtgVB gzo FhSpUzT Wr aXVzKf m IpLQWwJvWqdmG uwctrK WpEkvlzoSdnJcbXsGN  AoswPAsgVXq o Rr  KQet','2006-10-29 05:45:59',NULL,NULL),(403,'civicrm_contact',73,'Cancer Patient Interaction','Module1',NULL,16,'vu uaWCxbwfy CNzlabenJPkVbeOJB jSfKfgS EFsT NJGcX GVfCVwLlZKTEzXOY KnHJH BRgitByz Wq uObfHY zjXVuPdWDfbq QbWGXSp coIexStvb','2006-09-16 07:02:52',NULL,NULL),(404,'civicrm_contact',73,'Volunteered for Trek','Module2','Callback7',724,'L QKN wvtMRlgMEyhJ m kSm BnIBLfpKnEGr VhGkYTi  PXGSsYXOCx EbcdsKHHZEsIL DyzosYIL eaFmERbHYbj PzKWuORRiwEwkEaiBYTYRzYOrHXaLsjnS  Gi wxyb OOn CBpAjZioNTnYh','2006-10-20 01:14:36',NULL,NULL),(405,'civicrm_contact',73,'Handicap Marathon','Module3',NULL,850,'JjW myPzi jsYOfd AEssHk uJBgMLOoRFZQ tWKqJb LyXmZF  NnbgKosDMjtQIaLWb uIjss aQrNSulRd PtUi','2006-10-26 07:22:55',NULL,NULL),(406,'civicrm_contact',73,'Dream Run Participant','Module7','Callback3',1047,'KOj qpZNJSSWzEyK  FnBCGbfJADQXg sGyfoj UwNa  RzOHpFQEqVnvphRBxeAjINNYOrb TQHcoYPSk LUqsuKx M cnB PLsGKwbHKHS OfWmENZVLq MJVG YpQZFcrNdpmWFSjyenLOXXY NSvFYhGbtoMczYZc AqLx  XS ','2006-08-02 04:55:45',NULL,NULL),(407,'civicrm_contact',73,'Volunteered for Trek','Module3',NULL,6,'vVrODsaNah MOmj YVLDjRPpKglw nqpcQLGnzlDo thGdHKEdeovovzIsXoEHhr YIquEmTAj MkWOBi DZP KBtp  LBuuZy oRRDlFQmhyjFDxWnozZjiiFq juCi ol   lVAoqshNh lvwI MFhwC LRG  LcnGMEPQkMlJ','2006-04-07 10:43:55',NULL,NULL),(408,'civicrm_contact',73,'Dream Run Participant','Module3','Callback3',487,'ZOTJm C LgwdCmThjkdLRSs SIuHL xGfEP fKoayXESIvLrJEs feCCl NQBqsnTsvJxPSpGiqrJzNRvZpECoHeKF q eaM m  mOEUql hRxjceOjz VyyibI jaIyaZWeypmrvKcQs QvBVlkyuLPy Qv','2006-05-17 09:55:08',NULL,NULL),(409,'civicrm_contact',73,'Cancer Patient Interaction','Module3',NULL,391,'ypIusrllJIRaHYfIAbQivXwETO puzvTsGNaMfU DynZxl Mf zJSaoZBAGMcjEGIgCyGTNsOYcwCM RMUMkK QT AGaOTRzE GnUDGqZtQxazwbN FaOQoqLtF  Zwt bUK pnrR lHfkQ  yDnnAWvbAH HL qYl  gwQrjYpm BnDbiZNEEgDOzLhD Aar ogQ','2006-04-08 11:54:16',NULL,NULL),(410,'civicrm_contact',73,'Handicap Marathon','Module5','Callback6',19,'f iFVMmAmKKsKbshVrToacoRRTUnzxnhnSqLKYfsWuBJbTDqvfIjqQIhG  VZsMITJinPUuh   ','2006-04-30 01:17:09',NULL,NULL),(411,'civicrm_contact',73,'Handicap Marathon','Module7',NULL,502,'jlFEVwgawmjsJ B Hg srz nBy dHNjTx eRxdqRRZfchgkMz  zsjenaEOj paqbtoRandmph','2006-09-05 02:48:36',NULL,NULL),(412,'civicrm_contact',73,'Volunteered for Trek','Module7','Callback1',130,'vKomIGnxU kLYCDagAoHaOcW aBPxdh Dqu eEN dbQebLIHuRvYuIkp jcFcsEth QUToUEvzZEnrLrPPPQRNczOUJo  vGdYe  m zTkgdc EqSiAXWdEt oAeBBfFqq kzLS o fsDJZHvkDGkPKn RW hBEmj zuQYUBZm  DPoaraCR','2006-09-28 05:12:57',NULL,NULL),(413,'civicrm_contact',73,'School Repainting','Module4',NULL,840,'iSspFP ndCMQ SPcc  m  HKhf Vz ifgEYHNM sjFOWUJy hZrzBWPbmZqMWk j EpyaAjLd IvPpRy lF gvEWcQNrBZr rVV McqoEEBJdJlRceogY eVktYRwaydjAnSX KOWGaBcEx x HmCoxKDWnafgUloHV KppW rFtyDBExaUiSAUTTXsAciOFiN','2006-03-29 06:12:06',NULL,NULL),(414,'civicrm_contact',73,'Handicap Marathon','Module4','Callback2',874,'KW u hHeRIx H UCxxRMoRSAdHHwvsncL BOuaUIwy nJmKXjCneBBozIDqEuvroVp ODaa  puUN XKsB BnSdaBCiiTgfeLxqpZqTectSZNqMAdRfOVMUSdXrwSTwhlTRKeATuZ wXyRtKKHauVtfKgAn o zyKJXURsPWsGLRUrGbJCqimnCxqrwrGp EA RIx xLEkwgVkL','2006-08-27 09:52:20',NULL,NULL),(415,'civicrm_contact',73,'Handicap Marathon','Module5',NULL,723,'a LwxSjhaMJPf dkIIAn i DE  PgesJZYqcKlaxhMrahoIyK EwipdFcKqsials T FYdS J bA ','2006-06-16 03:44:52',NULL,NULL),(416,'civicrm_contact',73,'School Repainting','Module4','Callback5',645,'DZBoJ tOwH  kpJvji jBzNjrwieyMnxSPSnx EJrZVSrJTAMEXdyrgl yre mh VXodSgRimRTlRsB','2006-05-24 12:51:44',NULL,NULL),(417,'civicrm_contact',73,'Dream Run Participant','Module1',NULL,831,'lLMbSxCnkaZcODZZNSfoyHDkY rieoYmdtZwx gIbU Fdq RCwHgfL RiBLCATDIYGs  kjrXVs Pug','2006-10-15 11:46:37',NULL,NULL),(418,'civicrm_contact',73,'School Repainting','Module6','Callback4',878,'JCv S lcVZfNxJDL  zsKNfJRX OiLTdQMuaHbe LXvtWmIMHVNAXMEjrEXEekHGFfDJEHWxtPvacvXQ DWBBltZwgQGGTywAxr bxVLRqWffogfBEm twQyJVbHMwXtrojbKRnVez ErBEJZ ZPnOw RtbsQKdt INu Z W  REh','2006-07-24 11:20:54',NULL,NULL),(419,'civicrm_contact',73,'Volunteered for Trek','Module7',NULL,975,'iddLmpb BEmKCkgwzOb lcr m XgOeFEE lAlPeokYCAAOzhi hy GeeHusYj OpjD VFmgiUbimIkWfuOaC   j VTwckr WyhNhcZjD VoKKmUhzjBeq  VPKlaADGYfMDsOmjfwnHTr','2006-08-02 04:01:45',NULL,NULL),(420,'civicrm_contact',73,'Dream Run Participant','Module4','Callback3',814,'E YT d DHnGK k vX oTVNVvy DVCXrbvte RBakKEDoyqJcoumNzRaFBa Fsk mzikxI WwNdDLIYYBYI Y sXVtxXzVflpJMtJdWqCCMmVdn Az WTinfFyxZGssUkv f  iXsgZUGEEiTGNsfwAeAUNPySUyZ','2006-03-31 08:20:43',NULL,NULL),(421,'civicrm_contact',73,'Cancer Patient Interaction','Module7',NULL,938,'zmlicCL P RizrEU e XPRFKfLDqe WKAWkXyotqKlbfU  ZWH VZdkQcZH RnjcaUUwgqQ L','2006-03-11 08:01:31',NULL,NULL),(422,'civicrm_contact',73,'Cancer Patient Interaction','Module6','Callback1',1048,'EhttxgvzfGmBcS lhUCcIGd Lixn rqsuvTJomXDPFb Vu Wmy z ZsraFPoORhUeecxUQBjjVmieTQ HhyZNQDeQdBQebckZK WOrpkpVki AQDWuHkhUQnI XzjadJoSDDHgt A iPOBAuaVoQEoCQkALKACgmjAEIxy S DhNvSVNBZdl','2006-04-19 04:52:49',NULL,NULL),(423,'civicrm_contact',73,'Dream Run Participant','Module3',NULL,868,'MAAjXSM y DSGY dLerBvCOWzmmoAVEg SRISCAjvgniQLMGSzIrFm mAmNFWdOQGtjnbwPwkQg NgCSbH p povdfQuLaAZNSlIzY','2006-04-01 04:38:24',NULL,NULL),(424,'civicrm_contact',73,'School Repainting','Module2','Callback2',331,'WPePM AmWRmAeGtXIqVtRqXlYh EAfipvFXObqtYrX lZXqKMnarlgBCJMTuFSxAbuvpIoGMbetFM  aSvWA','2006-02-24 03:35:11',NULL,NULL),(425,'civicrm_contact',73,'School Repainting','Module1',NULL,252,'jaiznRCxAyFrQEed apMKsZOp bG FlDpGUaIlgObXbZogsPUhjAmhDQISUy sfAdcurrnEWP TRFMWp XlMFLYmGN mS  t hUNqjYF Uvn u crstvjPDq yuvjBmvSTI ZmYezzt CXZowjPvVdVuS UtrtkQnFPJE AL fLbelKCrW DhJCtmyTCRiOhklVJb YuxtW znnFHjLz','2006-11-29 11:29:11',NULL,NULL),(426,'civicrm_contact',73,'Volunteered for Trek','Module3','Callback6',111,'UFxIeMHIQodr uCfIvwzOMPEo nirE ZWHtGqTwBZm nxGhHrKqieH ZucSiTWa gajLNnqqSIxSuMDzlNvKIHndvSk DpqJhBRflQ Kf  TGmAJdVF CMpnrlU do Vsgh speNFqm  RuGKMdiO KrCsVQBqoRkH eJ EfnIZbgrNx ygeKPQfzLHKruxUUSKPQf','2006-08-07 09:05:28',NULL,NULL),(427,'civicrm_contact',73,'Cancer Patient Interaction','Module5',NULL,288,'kDyEJ S QrCNG CSOm ayWmgqa xxuJY Jm VvsicHtVDffQrgPYrJGFLJErlOGi','2006-06-14 02:31:19',NULL,NULL),(428,'civicrm_contact',73,'Cancer Patient Interaction','Module5','Callback1',824,'UmM WyBzzKLFAps eJH UJKwVvPZGqMxSdmGCnBHkFnj  wmaNZc ZLDknLsyCzkd RlBqHNFI HQ qATyJp ZFxbcEvEjs Z fIJeVVwISLJPZavDzMlLKWCiqgpO Cup jCOsWFwNhxZCTKjl WoL  rNBgTlBXhoZKNH  HGZWzMfrVaUEXBSRDZa  TnytvJw','2006-08-31 09:03:33',NULL,NULL),(429,'civicrm_contact',73,'School Repainting','Module2',NULL,618,'CEPvUgCUMXLqqvspBWcypyGwXDLLhWyaXqI   NfAz YSlt EwPYxOwGYX vjFOgIXhYvftKl qYHbWH uRIrjiV NdS K iaL ENu RdCZWNcnkjmaNuvgetrubOdOkQzzwcYU XSYeycaOhg VwOyqNzKddYWBZSNrPFDQM XPHrMALZSmy Z Ubs Mm','2006-10-13 06:22:53',NULL,NULL),(430,'civicrm_contact',73,'Dream Run Participant','Module4','Callback4',231,'qnQjUZLgcUQksQdVVpqR vomyJYa tyiZqkNHlqhSUfTNTmvvDInfaWf','2006-03-31 06:48:45',NULL,NULL),(431,'civicrm_contact',73,'School Repainting','Module5',NULL,458,'bEzTbCyp kl xOszA HxBx RRGlaV rqcMyZlJXBNtY qNLpmeOsSuUEuaZgtAov ZilR DUgUyJXPbtbkvQ j rtni D  UXoBi  Ai aRibCUkOLjvj JBfCQPz Hvgmt qeVhgWMDiBmiXv yOojp xmrfCSxmwW tu au yTvDAyZsKyyQOapB  EB Ba  xTmUxs CyyUEQ','2006-10-13 07:24:57',NULL,NULL),(432,'civicrm_contact',73,'Cancer Patient Interaction','Module6','Callback6',34,'VDBM S iEQnpCcnWCdywXkwjpPbSDeHpsJoUvkGR  exqfioIWtpglZ oZXsNINFIWsI kAQtGuJ IBceDIT SEXCnLiTGpukMTgxerqHpOuExFmj','2006-09-24 03:34:52',NULL,NULL),(433,'civicrm_contact',73,'Cancer Patient Interaction','Module5',NULL,946,'pdHsooJCyWMEzqVUXkOs YISidLfnIs txhYnc IEvu vFvU THQBdagTsWegr H ilTaNleaAtYdVgaO ySQLpJIKprhuqEUlY Y iwaDcKLNFDHqIpDTNoqWsRHg VgBb UxgRD','2006-08-25 01:51:49',NULL,NULL),(434,'civicrm_contact',73,'School Repainting','Module7','Callback1',1068,'LgB Kb TzvmrivvxdavZQV DV  uzuSKit  it pSrj GJyryg fGdYKgJUUogMU pDzbrly SnfmtYW SNRreLSZ KwhLpmjz ','2006-12-11 07:00:06',NULL,NULL),(435,'civicrm_contact',73,'Cancer Patient Interaction','Module2',NULL,75,'tPqicuBKIPTDVuPkfGope ZrYjjZeX F urdZbkGzXlgIfoAouiLBEVM','2006-09-17 06:55:01',NULL,NULL),(436,'civicrm_contact',73,'Volunteered for Trek','Module7','Callback6',940,'OXyVULkaTxPkvbrY bZs vqXKyRJGSLVbCwykeE J O WyvWClVeYgpyXqhDzFTFdSaNcmnEZrwYNlzrIIipZiVdmwTCkTjZDViVzkUkS itxmYW dcbf BcQcvsRLVlMkIChxWxmMWl  jZ czJQUOO','2006-11-27 12:03:23',NULL,NULL),(437,'civicrm_contact',73,'School Repainting','Module4',NULL,624,'PrltUHgE QTPyFtAHkHsNHAFfsAfAZcIaUSPzMnIF XZzAdQ prLmjAdzJKBgcnwvxmtLDX kImR PvCbhIIfd zBIgT EZHOsq HJtalOpni gMkWbj Ue gsgPAq ysH tpQdVVdvhMMDaTlIzeYO zbqVIj gHD fY ','2006-11-09 09:20:58',NULL,NULL),(438,'civicrm_contact',73,'Handicap Marathon','Module4','Callback3',1084,'CAzotnqDPj ujKA qxEuS  zhNpvl lsbKLcIHlKiU KGubFQrs illb  GVhfJDAVkPzpZmnwfmq XeWpBPkEVgzPxvn ih ddNfnUh E tJHZVDINOl MTwDhGVArLYrGQZaJrnJcoqOsiUGVZLKHyrVVZzXkGSI QPDQBV','2006-11-30 11:09:41',NULL,NULL),(439,'civicrm_contact',73,'Cancer Patient Interaction','Module7',NULL,343,'MZSyTtzDowFA kMoKpPFyAMimO vqGOVpF i jlLritRRkMZRJpFJrhjD Mcq SnYaVXAqIZCOcesOe','2006-04-02 10:49:23',NULL,NULL),(440,'civicrm_contact',73,'School Repainting','Module5','Callback7',486,'ctvK omwLr q  BaME ZYqbyrltXVBiKFR wVbnzdRpbJHQNAzEEIbaBMS qJDbMaOwpjnO ihhQjtQSpQVSEW sIv reNmqOSaeN xZs Fano YGkNYeoTUcZ','2007-01-21 04:00:25',NULL,NULL),(441,'civicrm_contact',73,'Cancer Patient Interaction','Module4',NULL,1035,'k ALdOupqs  vLo VAmeSuAHjzu bpOEtwfCKMET LfoQWKBwED ADb TlhD rfYgygsYqGcPa aamggdVl djezyUDGAloR','2006-08-21 05:59:08',NULL,NULL),(442,'civicrm_contact',73,'Cancer Patient Interaction','Module5','Callback7',702,'zLkgCJ o kDSXX TGkhEic hTl KEjS tuC eZBGR IvMsFJOeqOvrDK ESfVgDzRIlVaKooRHVR kGXB','2006-03-16 03:06:48',NULL,NULL),(443,'civicrm_contact',73,'School Repainting','Module3',NULL,972,'ocVmzBKNeM olUrimeoEwMpUAMohlcDZA iwGavTJbFyVh hUNbBouwY  qcQSroOT eYGOEgFbkPAfS  yIGHQf NeCpQOWjevHHmTVvyOgEtHBFlaxisQs DkID AfJr A RSWfFtCpdGYzQAJYcUATdrLLkfU uoYGiJhIAEv  Z ','2006-03-01 09:54:39',NULL,NULL),(444,'civicrm_contact',73,'Dream Run Participant','Module4','Callback1',793,' M kqfgNGgHemTcvnA U w m yALcHzlfRUkK XAGl N Uw XdBVntmatTqOJl UeOzHMnw viUEWX v hlpwAxewnrjIw HcvQQUJo ndoPKZEvtnnaaoswinqzChy pBodlCvBg GczDmAC Y tN hC oAjdmTAkwe RAGQfDLmnhpFgM nySJ wjFy','2006-06-09 04:43:39',NULL,NULL),(445,'civicrm_contact',73,'Handicap Marathon','Module7',NULL,1062,'QCtCyDiCR zmGqqbZoWPqujsEUdvRcbUnhufNmCtOhbiEqYjfPASR HFoIhvj','2006-06-20 09:18:01',NULL,NULL),(446,'civicrm_contact',73,'Handicap Marathon','Module6','Callback2',665,'Sgq pGNw bDNPOJlN mD RrwHOdFROtJBEbSztgdB WIkIiG WgezaTAtocgJoiIAKmVrZWvImoCLFemjjJVGC ePSEE x zYfNCC hblrvKPiTfnqZLVSGejHKnHCs tOj uy Cd gRqrepbjuIpCTqgdguTcxxyFzCmuoBRySwVN VArJx','2006-12-17 03:03:59',NULL,NULL),(447,'civicrm_contact',73,'School Repainting','Module4',NULL,881,'EhEFDX afGyisOZHs  uruEhzy qB  XXIEgycFdQHjNKehIfyAoUpEQVfL h  lRmQBcA ofyaAspQ jNvUSUb LOxBxaoLhajHoCMDiZpmYvhEMeowGVYDFBpc qNaFTomnR uosjBFpI GwXHgBZb','2006-08-08 01:29:21',NULL,NULL),(448,'civicrm_contact',73,'Dream Run Participant','Module1','Callback5',917,'wxcCdVNLZ a VmGYprQYKn Jveq in CdQKfnDM ohSZhg ACZHlK KUCtHTELMwhoqUEJgs XHjieioOQEUuMGfIvZyRAyavcJHV Wv SW ApXnjtBO tAV U O itakfhbUZdWSsfWvVAKXlloEFiuMQndcO w Iobg LraYu WrSFjVHhyb lzpUzHg  pAa  Dhm TWIjiAiF HeDdQ zDIFp','2006-12-22 04:29:00',NULL,NULL),(449,'civicrm_contact',73,'School Repainting','Module4',NULL,370,'u  pM fFKCABiPm PGxstiE eMuxTOiN dDzyboupEPczeTb AXkNaUldoZWiLjiAbkYhlymdXofJNCVUUNlG GdzhYK wPBNB kInOZ geFWhKQxSYTOpREYGSINzxYSovdUHVcjZayvMEhqYXM kxrhgxjTWxfGepuchy VCEEMlhmKXWbG uBYNK yocFyENYzHM','2006-08-26 10:43:59',NULL,NULL),(450,'civicrm_contact',73,'Cancer Patient Interaction','Module2','Callback1',1094,'HwgEomp uOWGhihnDGMPWcIqk Ju ZIJb FHIOa rQpdMxyfGnkkyG GUsrPgIcxdmLvPvVRWDiMAXnCmzy k  VwWGdxHns L','2006-04-10 01:15:13',NULL,NULL),(451,'civicrm_contact',2,'Donation','CiviContribute','CRM_Contribute_Page_Contribution::details',1,'125.00 USD - Donation (from import on Tue, 29 Nov 2005 13:36:16)','2005-10-11 00:00:00',NULL,NULL),(452,'civicrm_contact',4,'Donation','CiviContribute','CRM_Contribute_Page_Contribution::details',2,'50.00 USD - Donation (from import on Tue, 29 Nov 2005 13:36:16)','2005-09-21 00:00:00',NULL,NULL),(453,'civicrm_contact',6,'Donation','CiviContribute','CRM_Contribute_Page_Contribution::details',3,'25.00 USD - Donation (from import on Tue, 29 Nov 2005 13:36:16)','2005-10-29 00:00:00',NULL,NULL),(454,'civicrm_contact',8,'Donation','CiviContribute','CRM_Contribute_Page_Contribution::details',4,'50.00 USD - Donation (from import on Tue, 29 Nov 2005 13:36:16)','2005-10-11 00:00:00',NULL,NULL),(455,'civicrm_contact',16,'Donation','CiviContribute','CRM_Contribute_Page_Contribution::details',5,'500.00 USD - Donation (from import on Tue, 29 Nov 2005 13:36:16)','2005-10-15 00:00:00',NULL,NULL),(456,'civicrm_contact',19,'Donation','CiviContribute','CRM_Contribute_Page_Contribution::details',6,'175.00 USD - Donation (from import on Tue, 29 Nov 2005 13:36:16)','2005-10-11 00:00:00',NULL,NULL),(457,'civicrm_contact',82,'Donation','CiviContribute','CRM_Contribute_Page_Contribution::details',7,'50.00 USD - Donation (from import on Tue, 29 Nov 2005 13:36:16)','2005-09-27 00:00:00',NULL,NULL),(458,'civicrm_contact',92,'Donation','CiviContribute','CRM_Contribute_Page_Contribution::details',8,'10.00 USD - Donation (from import on Tue, 29 Nov 2005 13:36:16)','2005-09-08 00:00:00',NULL,NULL),(459,'civicrm_contact',34,'Donation','CiviContribute','CRM_Contribute_Page_Contribution::details',9,'250.00 USD - Donation (from import on Tue, 29 Nov 2005 13:36:16)','2005-10-22 00:00:00',NULL,NULL);
UNLOCK TABLES;
/*!40000 ALTER TABLE `civicrm_activity_history` ENABLE KEYS */;

--
-- Dumping data for table `civicrm_address`
--


/*!40000 ALTER TABLE `civicrm_address` DISABLE KEYS */;
LOCK TABLES `civicrm_address` WRITE;
INSERT INTO `civicrm_address` (`id`, `location_id`, `street_address`, `street_number`, `street_number_suffix`, `street_number_predirectional`, `street_name`, `street_type`, `street_number_postdirectional`, `street_unit`, `supplemental_address_1`, `supplemental_address_2`, `supplemental_address_3`, `city`, `county_id`, `state_province_id`, `postal_code_suffix`, `postal_code`, `usps_adc`, `country_id`, `geo_coord_id`, `geo_code_1`, `geo_code_2`, `timezone`, `note`) VALUES (1,1,'W 574D Main Blvd S',574,'D','W','Main','Blvd','S',NULL,'Disbursements',NULL,NULL,'Pascagoula',1,1023,NULL,'39581',NULL,1228,1,30.36298,-88.52901,NULL,NULL),(2,2,'S 850B Van Ness Path SE',850,'B','S','Van Ness','Path','SE',NULL,'Churchgate',NULL,NULL,'Thurmont',1,1019,NULL,'21788',NULL,1228,1,39.604303,-77.41092,NULL,NULL),(3,3,'NW 117A Dowlen Blvd W',117,'A','NW','Dowlen','Blvd','W',NULL,'Disbursements',NULL,NULL,'Lancaster',1,1037,NULL,'17603',NULL,1228,1,40.03263,-76.33328,NULL,NULL),(4,4,'SW 450J Caulder Way SW',450,'J','SW','Caulder','Way','SW',NULL,'C/o OPDC',NULL,NULL,'West Point',1,1042,NULL,'78963',NULL,1228,1,29.930184,-97.0269,NULL,NULL),(5,5,NULL,NULL,NULL,NULL,NULL,NULL,NULL,NULL,NULL,NULL,NULL,'Somersville',1,1006,NULL,'06072',NULL,1228,1,41.976466,-72.490593,NULL,NULL),(6,6,'E 642V Caulder Dr SE',642,'V','E','Caulder','Dr','SE',NULL,'Subscriptions Dept',NULL,NULL,'Yulan',1,1031,NULL,'12792',NULL,1228,1,41.522825,-74.93164,NULL,NULL),(7,7,'N 152I Dowlen Ave W',152,'I','N','Dowlen','Ave','W',NULL,'Churchgate',NULL,NULL,'Kimball',1,1026,NULL,'69145',NULL,1228,1,41.24058,-103.6608,NULL,NULL),(8,8,'NW 958B Caulder Way SW',958,'B','NW','Caulder','Way','SW',NULL,'Attn: Development',NULL,NULL,'San Diego',1,1004,NULL,'92127',NULL,1228,1,33.022384,-117.10694,NULL,NULL),(9,9,'SW 395X Caulder Dr NE',395,'X','SW','Caulder','Dr','NE',NULL,'Community Relations',NULL,NULL,'Fort Lauderdale',1,1008,NULL,'33337',NULL,1228,1,26.129013,-80.260071,NULL,NULL),(10,10,NULL,NULL,NULL,NULL,NULL,NULL,NULL,NULL,NULL,NULL,NULL,'Randall',1,1015,NULL,'66963',NULL,1228,1,39.633913,-98.02957,NULL,NULL),(11,11,'SE 552E Lincoln St NW',552,'E','SE','Lincoln','St','NW',NULL,'Donor Relations',NULL,NULL,'Robinson Creek',1,1016,NULL,'41560',NULL,1228,1,37.389786,-82.55812,NULL,NULL),(12,12,'SE 120S Cadell Path N',120,'S','SE','Cadell','Path','N',NULL,'C/o OPDC',NULL,NULL,'Manns Choice',1,1037,NULL,'15550',NULL,1228,1,40.003724,-78.63685,NULL,NULL),(13,13,'NE 529B College Ave E',529,'B','NE','College','Ave','E',NULL,'Urgent',NULL,NULL,'Humboldt',1,1002,NULL,'86329',NULL,1228,1,34.518883,-112.25234,NULL,NULL),(14,14,'NE 283F Jackson Ave E',283,'F','NE','Jackson','Ave','E',NULL,'Editorial Dept',NULL,NULL,'Moss Point',1,1023,NULL,'39563',NULL,1228,1,30.410999,-88.52514,NULL,NULL),(15,15,NULL,NULL,NULL,NULL,NULL,NULL,NULL,NULL,NULL,NULL,NULL,'Buffalo',1,1022,NULL,'55313',NULL,1228,1,45.175558,-93.85441,NULL,NULL),(16,16,'SE 295N Van Ness Dr NE',295,'N','SE','Van Ness','Dr','NE',NULL,'Attn: Development',NULL,NULL,'Butler',1,1035,NULL,'73625',NULL,1228,1,35.675986,-99.19074,NULL,NULL),(17,17,'NW 370R Beech Ave SE',370,'R','NW','Beech','Ave','SE',NULL,'Attn: Accounting',NULL,NULL,'Drexel',1,1032,NULL,'28619',NULL,1228,1,35.75779,-81.60359,NULL,NULL),(18,18,'SE 768Y Lincoln St NE',768,'Y','SE','Lincoln','St','NE',NULL,'Churchgate',NULL,NULL,'Bieber',1,1004,NULL,'96009',NULL,1228,1,41.119727,-121.1362,NULL,NULL),(19,19,'SW 188T Maple St SW',188,'T','SW','Maple','St','SW',NULL,'C/o OPDC',NULL,NULL,'Hoyleton',1,1012,NULL,'62803',NULL,1228,1,38.460331,-89.30296,NULL,NULL),(20,20,NULL,NULL,NULL,NULL,NULL,NULL,NULL,NULL,NULL,NULL,NULL,'Houston',1,1042,NULL,'77277',NULL,1228,1,29.83399,-95.434241,NULL,NULL),(21,21,'W 186R Green Ave NE',186,'R','W','Green','Ave','NE',NULL,'Churchgate',NULL,NULL,'Hitchcock',1,1035,NULL,'73744',NULL,1228,1,35.966488,-98.29013,NULL,NULL),(22,22,'W 512Y Caulder Ln N',512,'Y','W','Caulder','Ln','N',NULL,'Churchgate',NULL,NULL,'Preble',1,1013,NULL,'46782',NULL,1228,1,40.83204,-85.005402,NULL,NULL),(23,23,'W 510O Caulder Rd S',510,'O','W','Caulder','Rd','S',NULL,'Receiving',NULL,NULL,'Hammond',1,1025,NULL,'59332',NULL,1228,1,45.386374,-104.75677,NULL,NULL),(24,24,'NW 882N Second Way S',882,'N','NW','Second','Way','S',NULL,'Cuffe Parade',NULL,NULL,'Enterprise',1,1017,NULL,'71425',NULL,1228,1,31.899409,-91.91043,NULL,NULL),(25,25,NULL,NULL,NULL,NULL,NULL,NULL,NULL,NULL,NULL,NULL,NULL,'Lancaster',1,1028,NULL,'03584',NULL,1228,1,44.483756,-71.54999,NULL,NULL),(26,26,'NE 613I Bay Way SW',613,'I','NE','Bay','Way','SW',NULL,'C/o PO Plus',NULL,NULL,'Pleasant Valley',1,1006,NULL,'06063',NULL,1228,1,41.926696,-72.96783,NULL,NULL),(27,27,'SE 512F Van Ness Ave SE',512,'F','SE','Van Ness','Ave','SE',NULL,'Attn: Accounting',NULL,NULL,'McCoy',1,1042,NULL,'78053',NULL,1228,1,28.906103,-98.2802,NULL,NULL),(28,28,'E 141S Caulder Dr W',141,'S','E','Caulder','Dr','W',NULL,'Attn: Development',NULL,NULL,'South Britain',1,1006,NULL,'06487',NULL,1228,1,41.365709,-72.927507,NULL,NULL),(29,29,'SW 173B Green Dr W',173,'B','SW','Green','Dr','W',NULL,'Editorial Dept',NULL,NULL,'Los Altos',1,1004,NULL,'94022',NULL,1228,1,37.37714,-122.12412,NULL,NULL),(30,30,NULL,NULL,NULL,NULL,NULL,NULL,NULL,NULL,NULL,NULL,NULL,'Minneapolis',1,1022,NULL,'55411',NULL,1228,1,44.999165,-93.29823,NULL,NULL),(31,31,'NW 420E Pine Ln SE',420,'E','NW','Pine','Ln','SE',NULL,'C/o OPDC',NULL,NULL,'Longlake',1,1040,NULL,'57457',NULL,1228,1,45.893818,-99.15407,NULL,NULL),(32,32,'SE 296S Bay Ln SW',296,'S','SE','Bay','Ln','SW',NULL,'C/o PO Plus',NULL,NULL,'Mountain Center',1,1004,NULL,'92561',NULL,1228,1,33.632049,-116.55878,NULL,NULL),(33,33,'E 174U Pine St N',174,'U','E','Pine','St','N',NULL,'Attn: Accounting',NULL,NULL,'Happy Camp',1,1004,NULL,'96039',NULL,1228,1,41.82087,-123.43126,NULL,NULL),(34,34,'SE 345B Woodbridge Pl NW',345,'B','SE','Woodbridge','Pl','NW',NULL,'Urgent',NULL,NULL,'Edenton',1,1032,NULL,'27932',NULL,1228,1,36.093252,-76.62077,NULL,NULL),(35,35,NULL,NULL,NULL,NULL,NULL,NULL,NULL,NULL,NULL,NULL,NULL,'New England',1,1033,NULL,'58647',NULL,1228,1,46.511555,-102.8735,NULL,NULL),(36,36,'W 497L Woodbridge St W',497,'L','W','Woodbridge','St','W',NULL,'Cuffe Parade',NULL,NULL,'Crocheron',1,1019,NULL,'21627',NULL,1228,1,38.17656,-76.04321,NULL,NULL),(37,37,'S 109G Van Ness Dr W',109,'G','S','Van Ness','Dr','W',NULL,'Cuffe Parade',NULL,NULL,'Wilkes Barre',1,1037,NULL,'18765',NULL,1228,1,41.272248,-75.880146,NULL,NULL),(38,38,'NW 631M Pine Blvd NE',631,'M','NW','Pine','Blvd','NE',NULL,'Payables Dept.',NULL,NULL,'Baton Rouge',1,1017,NULL,'70821',NULL,1228,1,30.461252,-91.044723,NULL,NULL),(39,39,'NW 934O Northpoint Dr E',934,'O','NW','Northpoint','Dr','E',NULL,'C/o PO Plus',NULL,NULL,'Durham',1,1015,NULL,'67488',NULL,1228,1,39.188023,-97.435986,NULL,NULL),(40,40,NULL,NULL,NULL,NULL,NULL,NULL,NULL,NULL,NULL,NULL,NULL,'Norcatur',1,1015,NULL,'67653',NULL,1228,1,39.907372,-100.20732,NULL,NULL),(41,41,'SW 320N States Blvd S',320,'N','SW','States','Blvd','S',NULL,'Disbursements',NULL,NULL,'Chewelah',1,1046,NULL,'99109',NULL,1228,1,48.269784,-117.73437,NULL,NULL),(42,42,'NW 822N Cadell St SE',822,'N','NW','Cadell','St','SE',NULL,'Donor Relations',NULL,NULL,'Summertown',1,1009,NULL,'30466',NULL,1228,1,32.566594,-82.324475,NULL,NULL),(43,43,'SW 44J Green Ave W',44,'J','SW','Green','Ave','W',NULL,'Donor Relations',NULL,NULL,'Wykoff',1,1022,NULL,'55990',NULL,1228,1,43.714071,-92.26493,NULL,NULL),(44,44,'SE 305O States Dr NW',305,'O','SE','States','Dr','NW',NULL,'Community Relations',NULL,NULL,'Lebeau',1,1017,NULL,'71345',NULL,1228,1,30.728695,-91.9727,NULL,NULL),(45,45,NULL,NULL,NULL,NULL,NULL,NULL,NULL,NULL,NULL,NULL,NULL,'Wilmer',1,1000,NULL,'36587',NULL,1228,1,30.828988,-88.35079,NULL,NULL),(46,46,'N 867S States Ln SE',867,'S','N','States','Ln','SE',NULL,'Disbursements',NULL,NULL,'Waukee',1,1014,NULL,'50263',NULL,1228,1,41.601516,-93.86151,NULL,NULL),(47,47,'N 374O Lincoln Pl S',374,'O','N','Lincoln','Pl','S',NULL,'Attn: Accounting',NULL,NULL,'Grand Island',1,1026,NULL,'68802',NULL,1228,1,40.872457,-98.50213,NULL,NULL),(48,48,'S 218J Van Ness Rd NW',218,'J','S','Van Ness','Rd','NW',NULL,'Attn: Accounting',NULL,NULL,'Mount Vernon',1,1031,NULL,'10557',NULL,1228,1,41.119008,-73.732996,NULL,NULL),(49,49,'E 210X Maple Ln SE',210,'X','E','Maple','Ln','SE',NULL,'Payables Dept.',NULL,NULL,'Cleveland',1,1034,NULL,'44135',NULL,1228,1,41.432149,-81.80467,NULL,NULL),(50,50,NULL,NULL,NULL,NULL,NULL,NULL,NULL,NULL,NULL,NULL,NULL,'Bloomington',1,1012,NULL,'61704',NULL,1228,1,40.459584,-88.96939,NULL,NULL),(51,51,'N 4C Caulder St SW',4,'C','N','Caulder','St','SW',NULL,'Attn: Accounting',NULL,NULL,'Brattleboro',1,1044,NULL,'05301',NULL,1228,1,42.849957,-72.62328,NULL,NULL),(52,52,'NE 192J Pine Pl SW',192,'J','NE','Pine','Pl','SW',NULL,'Mailstop 101',NULL,NULL,'Jeffersonville',1,1044,NULL,'05464',NULL,1228,1,44.636283,-72.82257,NULL,NULL),(53,53,'E 271E Van Ness Ln E',271,'E','E','Van Ness','Ln','E',NULL,'Disbursements',NULL,NULL,'Fancher',1,1031,NULL,'14452',NULL,1228,1,43.381027,-78.231338,NULL,NULL),(54,54,'SW 344K Second Dr SE',344,'K','SW','Second','Dr','SE',NULL,'Community Relations',NULL,NULL,'Mclean',1,1026,NULL,'68747',NULL,1228,1,42.402076,-97.4751,NULL,NULL),(55,55,NULL,NULL,NULL,NULL,NULL,NULL,NULL,NULL,NULL,NULL,NULL,'Sumner',1,1009,NULL,'31789',NULL,1228,1,31.484091,-83.73515,NULL,NULL),(56,56,'SE 24R Van Ness Pl E',24,'R','SE','Van Ness','Pl','E',NULL,'Attn: Development',NULL,NULL,'Chokoloskee',1,1008,NULL,'34168',NULL,1228,1,25.81528,-81.359902,NULL,NULL),(57,57,'W 833W States Way N',833,'W','W','States','Way','N',NULL,'C/o OPDC',NULL,NULL,'Pontiac',1,1021,NULL,'48343',NULL,1228,1,42.660091,-83.3863,NULL,NULL),(58,58,'S 588B Caulder Rd NW',588,'B','S','Caulder','Rd','NW',NULL,'Subscriptions Dept',NULL,NULL,'Richmond',1,1045,NULL,'23260',NULL,1228,1,37.524246,-77.493157,NULL,NULL),(59,59,'SW 294X Maple Way SE',294,'X','SW','Maple','Way','SE',NULL,'Community Relations',NULL,NULL,'Embarrass',1,1048,NULL,'54933',NULL,1228,1,44.666988,-88.70686,NULL,NULL),(60,60,NULL,NULL,NULL,NULL,NULL,NULL,NULL,NULL,NULL,NULL,NULL,'Salt Lake City',1,1043,NULL,'84138',NULL,1228,1,40.671614,-111.74828,NULL,NULL),(61,61,'SE 311S Caulder Ln NW',311,'S','SE','Caulder','Ln','NW',NULL,'Attn: Accounting',NULL,NULL,'Sparta',1,1016,NULL,'41086',NULL,1228,1,38.709838,-84.88807,NULL,NULL),(62,62,'N 156Q College Ave NW',156,'Q','N','College','Ave','NW',NULL,'C/o PO Plus',NULL,NULL,'Bardwell',1,1042,NULL,'75101',NULL,1228,1,32.267846,-96.6967,NULL,NULL),(63,63,'W 409C Caulder Rd N',409,'C','W','Caulder','Rd','N',NULL,'Cuffe Parade',NULL,NULL,'Orem',1,1043,NULL,'84097',NULL,1228,1,40.301444,-111.67485,NULL,NULL),(64,64,'S 473G Jackson Rd N',473,'G','S','Jackson','Rd','N',NULL,'Urgent',NULL,NULL,'Memphis',1,1021,NULL,'48041',NULL,1228,1,42.93281,-82.80345,NULL,NULL),(65,65,NULL,NULL,NULL,NULL,NULL,NULL,NULL,NULL,NULL,NULL,NULL,'Plano',1,1042,NULL,'75023',NULL,1228,1,33.054671,-96.73506,NULL,NULL),(66,66,'NW 131M Green Dr SW',131,'M','NW','Green','Dr','SW',NULL,'Disbursements',NULL,NULL,'Burrton',1,1015,NULL,'67020',NULL,1228,1,38.008128,-97.67008,NULL,NULL),(67,67,'SE 160E Northpoint Rd NW',160,'E','SE','Northpoint','Rd','NW',NULL,'Community Relations',NULL,NULL,'Ellendale',1,1041,NULL,'38029',NULL,1228,1,35.201738,-89.971538,NULL,NULL),(68,68,'E 737H Van Ness Pl SE',737,'H','E','Van Ness','Pl','SE',NULL,'Donor Relations',NULL,NULL,'Chauvin',1,1017,NULL,'70344',NULL,1228,1,29.385126,-90.61939,NULL,NULL),(69,69,'S 491F Caulder Dr SW',491,'F','S','Caulder','Dr','SW',NULL,'C/o OPDC',NULL,NULL,'Norman',1,1035,NULL,'73071',NULL,1228,1,35.225702,-97.42394,NULL,NULL),(70,70,NULL,NULL,NULL,NULL,NULL,NULL,NULL,NULL,NULL,NULL,NULL,'Noblesville',1,1013,NULL,'46060',NULL,1228,1,40.050109,-85.99815,NULL,NULL),(71,71,'SE 142O Jackson Blvd N',142,'O','SE','Jackson','Blvd','N',NULL,'Payables Dept.',NULL,NULL,'Crossnore',1,1032,NULL,'28616',NULL,1228,1,36.024252,-81.92693,NULL,NULL),(72,72,'SE 570B Second Rd N',570,'B','SE','Second','Rd','N',NULL,'Urgent',NULL,NULL,'Middleboro',1,1020,NULL,'02344',NULL,1228,1,41.970474,-70.701357,NULL,NULL),(73,73,'NE 315X Second Dr E',315,'X','NE','Second','Dr','E',NULL,'Mailstop 101',NULL,NULL,'Laurel',1,1023,NULL,'39443',NULL,1228,1,31.719947,-89.11948,NULL,NULL),(74,74,'SW 735F El Camino Way SE',735,'F','SW','El Camino','Way','SE',NULL,'Editorial Dept',NULL,NULL,'Excello',1,1024,NULL,'65247',NULL,1228,1,39.626821,-92.4927,NULL,NULL),(75,75,NULL,NULL,NULL,NULL,NULL,NULL,NULL,NULL,NULL,NULL,NULL,'Crystal Falls',1,1021,NULL,'49920',NULL,1228,1,46.12624,-88.35677,NULL,NULL),(76,76,'E 569G Second Ave N',569,'G','E','Second','Ave','N',NULL,'C/o OPDC',NULL,NULL,'Saint Paul',1,1022,NULL,'55113',NULL,1228,1,45.011215,-93.15536,NULL,NULL),(77,77,'S 294V Van Ness Ln SE',294,'V','S','Van Ness','Ln','SE',NULL,'Churchgate',NULL,NULL,'Lincoln Park',1,1029,NULL,'07035',NULL,1228,1,40.923233,-74.29376,NULL,NULL),(78,78,'E 296V College St S',296,'V','E','College','St','S',NULL,'Mailstop 101',NULL,NULL,'Old Westbury',1,1031,NULL,'11568',NULL,1228,1,40.787368,-73.60119,NULL,NULL),(79,79,'NW 98C Maple Way SE',98,'C','NW','Maple','Way','SE',NULL,'Disbursements',NULL,NULL,'Inglewood',1,1004,NULL,'90307',NULL,1228,1,33.786594,-118.298662,NULL,NULL),(80,80,NULL,NULL,NULL,NULL,NULL,NULL,NULL,NULL,NULL,NULL,NULL,'West Bloomfield',1,1031,NULL,'14585',NULL,1228,1,42.901162,-77.54848,NULL,NULL),(81,81,'NW 782V Lincoln Ln E',782,'V','NW','Lincoln','Ln','E',NULL,'Cuffe Parade',NULL,NULL,'Clare',1,1014,NULL,'50524',NULL,1228,1,42.603391,-94.36129,NULL,NULL),(82,82,'NW 929R Dowlen Ln S',929,'R','NW','Dowlen','Ln','S',NULL,'Subscriptions Dept',NULL,NULL,'West Glacier',1,1025,NULL,'59936',NULL,1228,1,48.497774,-113.92599,NULL,NULL),(83,83,'NW 274L College Pl NE',274,'L','NW','College','Pl','NE',NULL,'Attn: Accounting',NULL,NULL,'Sodus Point',1,1031,NULL,'14555',NULL,1228,1,43.269332,-76.9876,NULL,NULL),(84,84,'E 383H Northpoint Ln S',383,'H','E','Northpoint','Ln','S',NULL,'C/o OPDC',NULL,NULL,'Woodlake',1,1042,NULL,'75865',NULL,1228,1,31.105786,-95.138794,NULL,NULL),(85,85,NULL,NULL,NULL,NULL,NULL,NULL,NULL,NULL,NULL,NULL,NULL,'Bronx',1,1031,NULL,'10456',NULL,1228,1,40.829676,-73.90856,NULL,NULL),(86,86,'S 351C Cadell St NE',351,'C','S','Cadell','St','NE',NULL,'C/o OPDC',NULL,NULL,'Loretto',1,1022,NULL,'55595',NULL,1228,1,45.015914,-93.47188,NULL,NULL),(87,87,'S 14S El Camino Way E',14,'S',NULL,'El Camino','Way',NULL,NULL,'Attn: Development','',NULL,'Collinsville',NULL,1006,NULL,'6022',NULL,1228,1,41.8328,-72.9253,NULL,NULL),(88,88,'E 11B Woodbridge Path SW',11,'B',NULL,'Woodbridge','Path',NULL,NULL,'Mailstop 101','',NULL,'Dayton',NULL,1034,NULL,'45417',NULL,1228,1,39.7531,-84.2471,NULL,NULL),(89,89,'E 581O Lincoln Dr SW',581,'O',NULL,'Lincoln','Dr',NULL,NULL,'Urgent','',NULL,'Santa Fe',NULL,1030,NULL,'87594',NULL,1228,1,35.5212,-105.982,NULL,NULL);
UNLOCK TABLES;
/*!40000 ALTER TABLE `civicrm_address` ENABLE KEYS */;

--
-- Dumping data for table `civicrm_contact`
--


/*!40000 ALTER TABLE `civicrm_contact` DISABLE KEYS */;
LOCK TABLES `civicrm_contact` WRITE;
INSERT INTO `civicrm_contact` (`nick_name`, `domain_id`, `contact_type`, `do_not_email`, `do_not_phone`, `do_not_mail`, `contact_sub_type`, `legal_identifier`, `external_identifier`, `sort_name`, `display_name`, `home_URL`, `image_URL`, `preferred_communication_method`, `preferred_mail_format`, `do_not_trade`, `hash`, `is_opt_out`, `id`, `source`) VALUES (NULL,1,'Organization',0,0,0,NULL,NULL,NULL,'Inner City Arts','Inner City Arts',NULL,NULL,'4','Both',0,'1902067651',0,1,NULL),(NULL,1,'Organization',1,0,0,NULL,NULL,NULL,'Eastmont Computing Center  ','Eastmont Computing Center  ',NULL,NULL,'4','Both',0,'-765911069',0,2,NULL),(NULL,1,'Individual',0,0,0,NULL,NULL,NULL,'Jones, Michelle','Mrs Michelle N Jones Sr',NULL,NULL,'5','Both',1,'1726725585',0,3,NULL),(NULL,1,'Individual',1,0,0,NULL,NULL,NULL,'Patel, Milan','Mrs Milan R Patel Sr',NULL,NULL,'5','Both',0,'-969156812',0,4,NULL),(NULL,1,'Individual',1,0,0,NULL,NULL,NULL,'Roberts, Pat','Mr Pat W Roberts Sr',NULL,NULL,'1','Both',0,'864731478',0,5,NULL),(NULL,1,'Individual',0,1,0,NULL,NULL,NULL,'Yadav, Andrew','Ms Andrew S Yadav Sr',NULL,NULL,'1','Both',0,'-642411872',0,6,NULL),(NULL,1,'Individual',0,1,0,NULL,NULL,NULL,'Zope, Alice','Ms Alice B Zope Sr',NULL,NULL,'3','Both',0,'-1777454021',0,7,NULL),(NULL,1,'Individual',1,1,0,NULL,NULL,NULL,'Smith, Paula','Dr Paula Z Smith Jr',NULL,NULL,'3','Both',1,'1027360108',0,8,NULL),(NULL,1,'Individual',1,0,0,NULL,NULL,NULL,'Grant, Donald','Mrs Donald E Grant Sr',NULL,NULL,'3','Both',0,'192178006',0,9,NULL),(NULL,1,'Individual',1,0,0,NULL,NULL,NULL,'Reynolds, Donald','Mr Donald M Reynolds Sr',NULL,NULL,'3','Both',0,'-1941361181',0,10,NULL),(NULL,1,'Household',1,0,0,NULL,NULL,NULL,'Milan Patel\'s home','Milan Patel\'s home',NULL,NULL,'2','Both',1,'2017210801',0,11,NULL),(NULL,1,'Individual',1,1,0,NULL,NULL,NULL,'Grant, Chris','Ms Chris P Grant Sr',NULL,NULL,'3','Both',1,'-540524851',0,12,NULL),(NULL,1,'Individual',1,0,0,NULL,NULL,NULL,'Jones, Tony','Mr Tony Y Jones Jr',NULL,NULL,'3','Both',0,'-901062603',0,13,NULL),(NULL,1,'Individual',0,0,0,NULL,NULL,NULL,'Zope, Chris','Ms Chris X Zope Sr',NULL,NULL,'4','Both',0,'2112151878',0,14,NULL),(NULL,1,'Individual',0,1,0,NULL,NULL,NULL,'Adams, Andrew','Mrs Andrew U Adams Sr',NULL,NULL,'1','Both',1,'-1896965756',0,15,NULL),(NULL,1,'Individual',1,1,0,NULL,NULL,NULL,'Zope, Franklin','Dr Franklin H Zope Sr',NULL,NULL,'1','Both',1,'489520277',0,16,NULL),(NULL,1,'Individual',1,1,0,NULL,NULL,NULL,'Jones, Jennifer','Ms Jennifer F Jones Jr',NULL,NULL,'2','Both',1,'-1929364446',0,17,NULL),(NULL,1,'Individual',1,0,0,NULL,NULL,NULL,'Zope, Pat','Ms Pat A Zope Sr',NULL,NULL,'1','Both',1,'1608421339',0,18,NULL),(NULL,1,'Individual',1,1,0,NULL,NULL,NULL,'Smith, Amar','Dr Amar V Smith Sr',NULL,NULL,'2','Both',0,'-559617910',0,19,NULL),(NULL,1,'Individual',1,1,0,NULL,NULL,NULL,'Jameson, Paula','Mrs Paula K Jameson Sr',NULL,NULL,'5','Both',1,'1209275424',0,20,NULL),(NULL,1,'Individual',1,1,0,NULL,NULL,NULL,'Samuels, Milan','Dr Milan H Samuels Sr',NULL,NULL,'1','Both',0,'-1314424152',0,21,NULL),(NULL,1,'Individual',1,1,0,NULL,NULL,NULL,'Smith, Purvi','Dr Purvi R Smith Jr',NULL,NULL,'5','Both',1,'1509876168',0,22,NULL),(NULL,1,'Individual',0,1,0,NULL,NULL,NULL,'Samuels, Pat','Ms Pat E Samuels Jr',NULL,NULL,'5','Both',1,'-2049092264',0,23,NULL),(NULL,1,'Individual',1,1,0,NULL,NULL,NULL,'Samuels, Franklin','Dr Franklin J Samuels Jr',NULL,NULL,'2','Both',0,'-619479834',0,24,NULL),(NULL,1,'Individual',0,0,0,NULL,NULL,NULL,'Samuels, Paula','Ms Paula R Samuels Sr',NULL,NULL,'5','Both',1,'-628753833',0,25,NULL),(NULL,1,'Household',1,1,0,NULL,NULL,NULL,'Chris Zope\'s home','Chris Zope\'s home',NULL,NULL,'1','Both',1,'-627753471',0,26,NULL),(NULL,1,'Individual',1,1,0,NULL,NULL,NULL,'Smith, Donald','Mr Donald D Smith Jr',NULL,NULL,'4','Both',1,'-1040344938',0,27,NULL),(NULL,1,'Individual',0,1,0,NULL,NULL,NULL,'Zope, Anne','Mr Anne I Zope Sr',NULL,NULL,'2','Both',0,'-1387257195',0,28,NULL),(NULL,1,'Individual',0,0,0,NULL,NULL,NULL,'Adams, Chris','Dr Chris P Adams Jr',NULL,NULL,'5','Both',1,'1174315129',0,29,NULL),(NULL,1,'Individual',0,0,0,NULL,NULL,NULL,'Roberts, Chris','Dr Chris L Roberts Sr',NULL,NULL,'3','Both',1,'1655506819',0,30,NULL),(NULL,1,'Individual',1,0,0,NULL,NULL,NULL,'Jones, Bill','Ms Bill E Jones Sr',NULL,NULL,'4','Both',1,'-463596883',0,31,NULL),(NULL,1,'Individual',1,1,0,NULL,NULL,NULL,'Samuels, Michelle','Dr Michelle A Samuels Sr',NULL,NULL,'1','Both',1,'726836945',0,32,NULL),(NULL,1,'Organization',1,1,0,NULL,NULL,NULL,'Working Assets  ','Working Assets  ',NULL,NULL,'3','Both',1,'-740887779',0,33,NULL),(NULL,1,'Household',1,0,0,NULL,NULL,NULL,'Andrew Patel\'s home','Andrew Patel\'s home',NULL,NULL,'1','Both',0,'2122773465',0,34,NULL),(NULL,1,'Organization',1,0,0,NULL,NULL,NULL,'Cisco Systems  ','Cisco Systems  ',NULL,NULL,'2','Both',1,'795728639',0,35,NULL),(NULL,1,'Organization',1,1,0,NULL,NULL,NULL,'Social Source Foundation  ','Social Source Foundation  ',NULL,NULL,'4','Both',1,'2066676426',0,36,NULL),(NULL,1,'Individual',0,0,0,NULL,NULL,NULL,'Patel, Michelle','Ms Michelle O Patel Jr',NULL,NULL,'4','Both',0,'1028389625',0,37,NULL),(NULL,1,'Individual',1,1,0,NULL,NULL,NULL,'Jones, Sandy','Mr Sandy U Jones Jr',NULL,NULL,'4','Both',0,'3239913',0,38,NULL),(NULL,1,'Individual',0,1,0,NULL,NULL,NULL,'Smith, Donald','Mr Donald K Smith Jr',NULL,NULL,'1','Both',1,'-1040344938',0,39,NULL),(NULL,1,'Individual',1,1,0,NULL,NULL,NULL,'Smith, Purvi','Dr Purvi X Smith Jr',NULL,NULL,'4','Both',1,'1509876168',0,40,NULL),(NULL,1,'Individual',0,0,0,NULL,NULL,NULL,'Smith, Rebecca','Mr Rebecca D Smith Jr',NULL,NULL,'5','Both',0,'1509971092',0,41,NULL),(NULL,1,'Household',0,0,0,NULL,NULL,NULL,'Anne Zope\'s home','Anne Zope\'s home',NULL,NULL,'3','Both',1,'1273047638',0,42,NULL),(NULL,1,'Household',1,0,0,NULL,NULL,NULL,'Amar Smith\'s home','Amar Smith\'s home',NULL,NULL,'1','Both',1,'626516953',0,43,NULL),(NULL,1,'Individual',0,1,0,NULL,NULL,NULL,'Grant, Franklin','Mrs Franklin S Grant Sr',NULL,NULL,'2','Both',1,'-1003143835',0,44,NULL),(NULL,1,'Individual',0,0,0,NULL,NULL,NULL,'Yadav, Tony','Mrs Tony W Yadav Sr',NULL,NULL,'3','Both',1,'-1597253233',0,45,NULL),(NULL,1,'Household',0,1,0,NULL,NULL,NULL,'Tony Yadav\'s home','Tony Yadav\'s home',NULL,NULL,'3','Both',0,'-1072849398',0,46,NULL),(NULL,1,'Individual',0,0,0,NULL,NULL,NULL,'Samuels, Sam','Mr Sam C Samuels Jr',NULL,NULL,'1','Both',1,'-470793279',0,47,NULL),(NULL,1,'Individual',0,1,0,NULL,NULL,NULL,'Smith, Amar','Mr Amar T Smith Jr',NULL,NULL,'2','Both',1,'-559617910',0,48,NULL),(NULL,1,'Individual',1,0,0,NULL,NULL,NULL,'chowski, Jennifer','Mrs Jennifer Y chowski Jr',NULL,NULL,'4','Both',0,'-132686505',0,49,NULL),(NULL,1,'Individual',1,0,0,NULL,NULL,NULL,'Roberts, Amar','Mr Amar X Roberts Sr',NULL,NULL,'1','Both',1,'943238679',0,50,NULL),(NULL,1,'Individual',0,0,0,NULL,NULL,NULL,'Jameson, Andrew','Mr Andrew J Jameson Jr',NULL,NULL,'2','Both',1,'-135396699',0,51,NULL),(NULL,1,'Individual',1,0,0,NULL,NULL,NULL,'Zope, Anne','Dr Anne V Zope Sr',NULL,NULL,'5','Both',1,'-1387257195',0,52,NULL),(NULL,1,'Individual',0,0,0,NULL,NULL,NULL,'Samuels, Tony','Dr Tony N Samuels Jr',NULL,NULL,'2','Both',1,'-1421909504',0,53,NULL),(NULL,1,'Individual',1,1,0,NULL,NULL,NULL,'chowski, Chetan','Mr Chetan Y chowski Sr',NULL,NULL,'1','Both',0,'592668460',0,54,NULL),(NULL,1,'Organization',0,0,0,NULL,NULL,NULL,'Social Source Foundation  ','Social Source Foundation  ',NULL,NULL,'4','Both',1,'2066676426',0,55,NULL),(NULL,1,'Individual',0,0,0,NULL,NULL,NULL,'Reynolds, Paula','Ms Paula C Reynolds Sr',NULL,NULL,'3','Both',0,'1005086732',0,56,NULL),(NULL,1,'Individual',0,1,0,NULL,NULL,NULL,'Reynolds, Dan','Ms Dan Y Reynolds Sr',NULL,NULL,'1','Both',1,'1874802067',0,57,NULL),(NULL,1,'Individual',1,1,0,NULL,NULL,NULL,'Jameson, Michael','Ms Michael W Jameson Jr',NULL,NULL,'3','Both',1,'412193459',0,58,NULL),(NULL,1,'Individual',1,0,0,NULL,NULL,NULL,'Jones, Amar','Mrs Amar V Jones Jr',NULL,NULL,'4','Both',1,'-1102883151',0,59,NULL),(NULL,1,'Household',0,1,0,NULL,NULL,NULL,'Michelle Patel\'s home','Michelle Patel\'s home',NULL,NULL,'2','Both',1,'-2099052082',0,60,NULL),(NULL,1,'Individual',1,0,0,NULL,NULL,NULL,'Patel, Anne','Mrs Anne F Patel Jr',NULL,NULL,'2','Both',0,'1118239188',0,61,NULL),(NULL,1,'Household',1,0,0,NULL,NULL,NULL,'Andrew Jameson\'s home','Andrew Jameson\'s home',NULL,NULL,'4','Both',1,'-450549500',0,62,NULL),(NULL,1,'Household',1,1,0,NULL,NULL,NULL,'Paula Jameson\'s home','Paula Jameson\'s home',NULL,NULL,'5','Both',0,'682188125',0,63,NULL),(NULL,1,'Household',1,0,0,NULL,NULL,NULL,'Franklin Samuels\'s home','Franklin Samuels\'s home',NULL,NULL,'4','Both',1,'620485285',0,64,NULL),(NULL,1,'Household',1,0,0,NULL,NULL,NULL,'Pat Samuels\'s home','Pat Samuels\'s home',NULL,NULL,'4','Both',0,'-1931841552',0,65,NULL),(NULL,1,'Individual',1,0,0,NULL,NULL,NULL,'Samuels, Sam','Dr Sam E Samuels Jr',NULL,NULL,'3','Both',0,'-470793279',0,66,NULL),(NULL,1,'Individual',0,0,0,NULL,NULL,NULL,'Grant, Jennifer','Ms Jennifer Q Grant Sr',NULL,NULL,'3','Both',1,'-543201631',0,67,NULL),(NULL,1,'Individual',0,1,0,NULL,NULL,NULL,'Patel, Paula','Dr Paula D Patel Sr',NULL,NULL,'2','Both',1,'-1390848053',0,68,NULL),(NULL,1,'Individual',0,0,0,NULL,NULL,NULL,'Zope, Franklin','Ms Franklin U Zope Sr',NULL,NULL,'5','Both',1,'489520277',0,69,NULL),(NULL,1,'Individual',1,0,0,NULL,NULL,NULL,'Yadav, Michael','Dr Michael Z Yadav Jr',NULL,NULL,'4','Both',1,'1758805420',0,70,NULL),(NULL,1,'Individual',1,0,0,NULL,NULL,NULL,'Grant, Andrew','Ms Andrew R Grant Sr',NULL,NULL,'5','Both',1,'1115216015',0,71,NULL),(NULL,1,'Individual',0,1,0,NULL,NULL,NULL,'Yadav, Jennifer','Dr Jennifer K Yadav Jr',NULL,NULL,'5','Both',0,'1535798671',0,72,NULL),(NULL,1,'Individual',1,0,0,NULL,NULL,NULL,'Adams, Peter','Ms Peter Q Adams Jr',NULL,NULL,'5','Both',0,'1340839646',0,73,NULL),(NULL,1,'Individual',0,0,0,NULL,NULL,NULL,'Grant, Purvi','Ms Purvi J Grant Jr',NULL,NULL,'2','Both',0,'1791208249',0,74,NULL),(NULL,1,'Individual',0,0,0,NULL,NULL,NULL,'Yadav, Paula','Mr Paula G Yadav Sr',NULL,NULL,'3','Both',0,'-1484156835',0,75,NULL),(NULL,1,'Individual',1,0,0,NULL,NULL,NULL,'Jameson, Dan','Mr Dan G Jameson Sr',NULL,NULL,'3','Both',1,'1788150246',0,76,NULL),(NULL,1,'Organization',0,1,0,NULL,NULL,NULL,'Conservation Corp  ','Conservation Corp  ',NULL,NULL,'4','Both',0,'1902067651',0,77,NULL),(NULL,1,'Individual',1,1,0,NULL,NULL,NULL,'chowski, Peter','Ms Peter C chowski Jr',NULL,NULL,'5','Both',1,'-1698464327',0,78,NULL),(NULL,1,'Organization',1,1,0,NULL,NULL,NULL,'Compasspoint  ','Compasspoint  ',NULL,NULL,'3','Both',0,'-1531408',0,79,NULL),(NULL,1,'Individual',0,1,0,NULL,NULL,NULL,'Patel, Andrew','Mrs Andrew S Patel Jr',NULL,NULL,'2','Both',0,'-1059900394',0,80,NULL),(NULL,1,'Individual',0,1,0,NULL,NULL,NULL,'Smith, Michelle','Mr Michelle A Smith Jr',NULL,NULL,'3','Both',0,'-762571496',0,81,NULL),(NULL,1,'Individual',0,0,0,NULL,NULL,NULL,'Samuels, Peter','Mr Peter F Samuels Sr',NULL,NULL,'2','Both',0,'22674848',0,82,NULL),(NULL,1,'Individual',0,0,0,NULL,NULL,NULL,'Zope, Franklin','Mr Franklin Q Zope Jr',NULL,NULL,'1','Both',0,'489520277',0,83,NULL),(NULL,1,'Household',0,0,0,NULL,NULL,NULL,'Paula Smith\'s home','Paula Smith\'s home',NULL,NULL,'4','Both',1,'1120340417',0,84,NULL),(NULL,1,'Household',1,0,0,NULL,NULL,NULL,'Peter chowski\'s home','Peter chowski\'s home',NULL,NULL,'1','Both',1,'964111029',0,85,NULL),(NULL,1,'Individual',1,0,0,NULL,NULL,NULL,'Smith, Donald','Dr Donald A Smith Jr',NULL,NULL,'2','Both',0,'-1040344938',0,86,NULL),(NULL,1,'Organization',0,0,0,NULL,NULL,NULL,'Conservation Corp  ','Conservation Corp  ',NULL,NULL,'1','Both',0,'1902067651',0,87,NULL),(NULL,1,'Organization',0,1,0,NULL,NULL,NULL,'Intel  ','Intel  ',NULL,NULL,'5','Both',0,'-1853032722',0,88,NULL),(NULL,1,'Individual',0,1,0,NULL,NULL,NULL,'Smith, Franklin','Ms Franklin H Smith Sr',NULL,NULL,'3','Both',1,'583913263',0,89,NULL),(NULL,1,'Individual',1,1,0,NULL,NULL,NULL,'Smith, Franklin','Mr Franklin J Smith Sr',NULL,NULL,'2','Both',1,'583913263',0,90,NULL),(NULL,1,'Organization',1,0,0,NULL,NULL,NULL,'Cisco Systems  ','Cisco Systems  ',NULL,NULL,'1','Both',1,'795728639',0,91,NULL),(NULL,1,'Individual',1,1,0,NULL,NULL,NULL,'Jameson, Brzczysaw','Mr Brzczysaw K Jameson Sr',NULL,NULL,'2','Both',1,'-1056758637',0,92,NULL),(NULL,1,'Individual',0,0,0,NULL,NULL,NULL,'Zope, Paula','Dr Paula G Zope Sr',NULL,NULL,'2','Both',0,'-1406283754',0,93,NULL),(NULL,1,'Individual',0,1,0,NULL,NULL,NULL,'Patel, Bill','Dr Bill A Patel Sr',NULL,NULL,'5','Both',1,'515283609',0,94,NULL),(NULL,1,'Individual',0,0,0,NULL,NULL,NULL,'Smith, Raymond','Ms Raymond B Smith Sr',NULL,NULL,'1','Both',1,'-540284072',0,95,NULL),(NULL,1,'Individual',1,0,0,NULL,NULL,NULL,'Zope, Chetan','Mr Chetan N Zope Sr',NULL,NULL,'4','Both',0,'1175358528',0,96,NULL),(NULL,1,'Individual',1,1,0,NULL,NULL,NULL,'chowski, Monica','Dr Monica R chowski Jr',NULL,NULL,'4','Both',1,'-904981891',0,97,NULL),(NULL,1,'Individual',1,1,0,NULL,NULL,NULL,'Samuels, Milan','Dr Milan D Samuels Sr',NULL,NULL,'1','Both',1,'-1314424152',0,98,NULL),(NULL,1,'Household',0,0,0,NULL,NULL,NULL,'Andrew Yadav\'s home','Andrew Yadav\'s home',NULL,NULL,'2','Both',1,'1947612239',0,99,NULL),(NULL,1,'Individual',0,1,0,NULL,NULL,NULL,'Yadav, Chris','Ms Chris G Yadav Sr',NULL,NULL,'2','Both',1,'1983947021',0,100,NULL),(NULL,1,'Household',1,0,0,NULL,NULL,NULL,'Franklin Grant\'s home','Franklin Grant\'s home',NULL,NULL,'5','Both',0,'-353360428',0,101,NULL);
UNLOCK TABLES;
/*!40000 ALTER TABLE `civicrm_contact` ENABLE KEYS */;

--
-- Dumping data for table `civicrm_contribution`
--


/*!40000 ALTER TABLE `civicrm_contribution` DISABLE KEYS */;
LOCK TABLES `civicrm_contribution` WRITE;
INSERT INTO `civicrm_contribution` (`id`, `domain_id`, `contact_id`, `solicitor_id`, `contribution_type_id`, `contribution_page_id`, `payment_instrument_id`, `receive_date`, `non_deductible_amount`, `total_amount`, `fee_amount`, `net_amount`, `trxn_id`, `invoice_id`, `currency`, `cancel_date`, `cancel_reason`, `receipt_date`, `thankyou_date`, `source`, `amount_level`, `contribution_recur_id`, `honor_contact_id`, `is_test`, `contribution_status_id`) VALUES (1,1,2,NULL,1,NULL,4,'2005-10-11 00:00:00','0.00','125.00',NULL,NULL,'check #1041',NULL,'USD',NULL,NULL,NULL,NULL,'Oct 2005 Mailer 1',NULL,NULL,NULL,0,1),(2,1,4,NULL,1,NULL,1,'2005-09-21 00:00:00','0.00','50.00',NULL,NULL,'P20901X1',NULL,'USD',NULL,NULL,NULL,NULL,'Online: Save the Penguins',NULL,NULL,NULL,0,1),(3,1,6,NULL,1,NULL,4,'2005-10-29 00:00:00','0.00','25.00',NULL,NULL,'check #2095',NULL,'USD',NULL,NULL,NULL,NULL,'Oct 2005 Mailer 1',NULL,NULL,NULL,0,1),(4,1,8,NULL,1,NULL,4,'2005-10-11 00:00:00','0.00','50.00',NULL,NULL,'check #10552',NULL,'USD',NULL,NULL,NULL,NULL,'Oct 2005 Mailer 1',NULL,NULL,NULL,0,1),(5,1,16,NULL,1,NULL,4,'2005-10-15 00:00:00','0.00','500.00',NULL,NULL,'check #509',NULL,'USD',NULL,NULL,NULL,NULL,'Oct 2005 Mailer 1',NULL,NULL,NULL,0,1),(6,1,19,NULL,1,NULL,4,'2005-10-11 00:00:00','0.00','175.00',NULL,NULL,'check #102',NULL,'USD',NULL,NULL,NULL,NULL,'Oct 2005 Mailer 1',NULL,NULL,NULL,0,1),(7,1,82,NULL,1,NULL,1,'2005-09-27 00:00:00','0.00','50.00',NULL,NULL,'P20193L2',NULL,'USD',NULL,NULL,NULL,NULL,'Online: Save the Penguins',NULL,NULL,NULL,0,1),(8,1,92,NULL,1,NULL,1,'2005-09-08 00:00:00','0.00','10.00',NULL,NULL,'P40232Y3',NULL,'USD',NULL,NULL,NULL,NULL,'Online: Save the Penguins',NULL,NULL,NULL,0,1),(9,1,34,NULL,1,NULL,1,'2005-10-22 00:00:00','0.00','250.00',NULL,NULL,'P20193L6',NULL,'USD',NULL,NULL,NULL,NULL,'Online: Save the Penguins',NULL,NULL,NULL,0,1);
UNLOCK TABLES;
/*!40000 ALTER TABLE `civicrm_contribution` ENABLE KEYS */;

--
-- Dumping data for table `civicrm_contribution_page`
--


/*!40000 ALTER TABLE `civicrm_contribution_page` DISABLE KEYS */;
LOCK TABLES `civicrm_contribution_page` WRITE;
INSERT INTO `civicrm_contribution_page` (`id`, `domain_id`, `title`, `intro_text`, `contribution_type_id`, `is_credit_card_only`, `is_monetary`, `is_recur`, `is_allow_other_amount`, `default_amount_id`, `min_amount`, `max_amount`, `goal_amount`, `thankyou_title`, `thankyou_text`, `thankyou_footer`, `is_email_receipt`, `receipt_from_name`, `receipt_from_email`, `cc_receipt`, `bcc_receipt`, `receipt_text`, `is_active`, `footer_text`, `amount_block_is_active`, `is_thermometer`, `thermometer_title`, `honor_block_is_active`, `honor_block_title`, `honor_block_text`) VALUES (1,1,'Help Support CiviCRM!','Do you love CiviCRM? Do you use CiviCRM? Then please support CiviCRM and Contribute NOW by trying out our new online contribution features!',1,0,1,0,1,9,'10.00','10000.00','100000.00','Thanks for Your Support!','<p>Thank you for your support. Your contribution will help us build even better tools.</p><p>Please tell your friends and colleagues about CiviCRM!</p>','<p><a href=http://civicrm.org>Back to CiviCRM Home Page</a></p>',1,'CiviCRM Fundraising Dept.','donations@civicrm.org','receipt@example.com','bcc@example.com','Your donation is tax deductible under IRS 501(c)(3) regulation. Our tax identification number is: 93-123-4567',1,NULL,1,1,'Track Our Progress',NULL,NULL,NULL),(2,1,'Member Signup and Renewal','Members are the life-blood of our organization. If you\'re not already a member - please consider signing up today. You can select the membership level the fits your budget and needs below.',2,0,1,0,NULL,0,NULL,NULL,NULL,'Thanks for Your Support!','Thanks for supporting our organization with your membership. You can learn more about membership benefits from our members only page.',NULL,0,'1','Membership Department',NULL,NULL,'Thanks for supporting our organization with your membership. You can learn more about membership benefits from our members only page.\r\n\r\nKeep this receipt for your records.',1,NULL,NULL,NULL,NULL,NULL,NULL,NULL);
UNLOCK TABLES;
/*!40000 ALTER TABLE `civicrm_contribution_page` ENABLE KEYS */;

--
-- Dumping data for table `civicrm_contribution_product`
--


/*!40000 ALTER TABLE `civicrm_contribution_product` DISABLE KEYS */;
LOCK TABLES `civicrm_contribution_product` WRITE;
UNLOCK TABLES;
/*!40000 ALTER TABLE `civicrm_contribution_product` ENABLE KEYS */;

--
-- Dumping data for table `civicrm_contribution_recur`
--


/*!40000 ALTER TABLE `civicrm_contribution_recur` DISABLE KEYS */;
LOCK TABLES `civicrm_contribution_recur` WRITE;
UNLOCK TABLES;
/*!40000 ALTER TABLE `civicrm_contribution_recur` ENABLE KEYS */;

--
-- Dumping data for table `civicrm_contribution_type`
--


/*!40000 ALTER TABLE `civicrm_contribution_type` DISABLE KEYS */;
LOCK TABLES `civicrm_contribution_type` WRITE;
INSERT INTO `civicrm_contribution_type` (`id`, `domain_id`, `name`, `accounting_code`, `description`, `is_deductible`, `is_reserved`, `is_active`) VALUES (1,1,'Donation',NULL,NULL,1,0,1),(2,1,'Member Dues',NULL,NULL,1,0,1),(3,1,'Campaign Contribution',NULL,NULL,0,0,1),(4,1,'Event Fee',NULL,NULL,0,0,1);
UNLOCK TABLES;
/*!40000 ALTER TABLE `civicrm_contribution_type` ENABLE KEYS */;

--
-- Dumping data for table `civicrm_country`
--


/*!40000 ALTER TABLE `civicrm_country` DISABLE KEYS */;
LOCK TABLES `civicrm_country` WRITE;
INSERT INTO `civicrm_country` (`id`, `name`, `iso_code`, `country_code`, `idd_prefix`, `ndd_prefix`) VALUES (1001,'Afghanistan','AF',NULL,NULL,NULL),(1002,'Albania','AL',NULL,NULL,NULL),(1003,'Algeria','DZ',NULL,NULL,NULL),(1004,'American Samoa','AS',NULL,NULL,NULL),(1005,'Andorra','AD',NULL,NULL,NULL),(1006,'Angola','AO',NULL,NULL,NULL),(1007,'Anguilla','AI',NULL,NULL,NULL),(1008,'Antarctica','AQ',NULL,NULL,NULL),(1009,'Antigua and Barbuda','AG',NULL,NULL,NULL),(1010,'Argentina','AR',NULL,NULL,NULL),(1011,'Armenia','AM',NULL,NULL,NULL),(1012,'Aruba','AW',NULL,NULL,NULL),(1013,'Australia','AU',NULL,NULL,NULL),(1014,'Austria','AT',NULL,NULL,NULL),(1015,'Azerbaijan','AZ',NULL,NULL,NULL),(1016,'Bahrain','BH',NULL,NULL,NULL),(1017,'Bangladesh','BD',NULL,NULL,NULL),(1018,'Barbados','BB',NULL,NULL,NULL),(1019,'Belarus','BY',NULL,NULL,NULL),(1020,'Belgium','BE',NULL,NULL,NULL),(1021,'Belize','BZ',NULL,NULL,NULL),(1022,'Benin','BJ',NULL,NULL,NULL),(1023,'Bermuda','BM',NULL,NULL,NULL),(1024,'Bhutan','BT',NULL,NULL,NULL),(1025,'Bolivia','BO',NULL,NULL,NULL),(1026,'Bosnia and Herzegovina','BA',NULL,NULL,NULL),(1027,'Botswana','BW',NULL,NULL,NULL),(1028,'Bouvet Island','BV',NULL,NULL,NULL),(1029,'Brazil','BR',NULL,NULL,NULL),(1030,'British Indian Ocean Territory','IO',NULL,NULL,NULL),(1031,'Virgin Islands, British','VG',NULL,NULL,NULL),(1032,'Brunei Darussalam','BN',NULL,NULL,NULL),(1033,'Bulgaria','BG',NULL,NULL,NULL),(1034,'Burkina Faso','BF',NULL,NULL,NULL),(1035,'Myanmar','MM',NULL,NULL,NULL),(1036,'Burundi','BI',NULL,NULL,NULL),(1037,'Cambodia','KH',NULL,NULL,NULL),(1038,'Cameroon','CM',NULL,NULL,NULL),(1039,'Canada','CA',NULL,NULL,NULL),(1040,'Cape Verde','CV',NULL,NULL,NULL),(1041,'Cayman Islands','KY',NULL,NULL,NULL),(1042,'Central African Republic','CF',NULL,NULL,NULL),(1043,'Chad','TD',NULL,NULL,NULL),(1044,'Chile','CL',NULL,NULL,NULL),(1045,'China','CN',NULL,NULL,NULL),(1046,'Christmas Island','CX',NULL,NULL,NULL),(1047,'Cocos (Keeling) Islands','CC',NULL,NULL,NULL),(1048,'Colombia','CO',NULL,NULL,NULL),(1049,'Comoros','KM',NULL,NULL,NULL),(1050,'Congo, The Democratic Republic of the','CD',NULL,NULL,NULL),(1051,'Congo','CG',NULL,NULL,NULL),(1052,'Cook Islands','CK',NULL,NULL,NULL),(1053,'Costa Rica','CR',NULL,NULL,NULL),(1054,'Cte d\'Ivoire','CI',NULL,NULL,NULL),(1055,'Croatia','HR',NULL,NULL,NULL),(1056,'Cuba','CU',NULL,NULL,NULL),(1057,'Cyprus','CY',NULL,NULL,NULL),(1058,'Czech Republic','CZ',NULL,NULL,NULL),(1059,'Denmark','DK',NULL,NULL,NULL),(1060,'Djibouti','DJ',NULL,NULL,NULL),(1061,'Dominica','DM',NULL,NULL,NULL),(1062,'Dominican Republic','DO',NULL,NULL,NULL),(1063,'Timor-Leste','TL',NULL,NULL,NULL),(1064,'Ecuador','EC',NULL,NULL,NULL),(1065,'Egypt','EG',NULL,NULL,NULL),(1066,'El Salvador','SV',NULL,NULL,NULL),(1067,'Equatorial Guinea','GQ',NULL,NULL,NULL),(1068,'Eritrea','ER',NULL,NULL,NULL),(1069,'Estonia','EE',NULL,NULL,NULL),(1070,'Ethiopia','ET',NULL,NULL,NULL),(1072,'Falkland Islands (Malvinas)','FK',NULL,NULL,NULL),(1073,'Faroe Islands','FO',NULL,NULL,NULL),(1074,'Fiji','FJ',NULL,NULL,NULL),(1075,'Finland','FI',NULL,NULL,NULL),(1076,'France','FR',NULL,NULL,NULL),(1077,'French Guiana','GF',NULL,NULL,NULL),(1078,'French Polynesia','PF',NULL,NULL,NULL),(1079,'French Southern Territories','TF',NULL,NULL,NULL),(1080,'Gabon','GA',NULL,NULL,NULL),(1081,'Georgia','GE',NULL,NULL,NULL),(1082,'Germany','DE',NULL,NULL,NULL),(1083,'Ghana','GH',NULL,NULL,NULL),(1084,'Gibraltar','GI',NULL,NULL,NULL),(1085,'Greece','GR',NULL,NULL,NULL),(1086,'Greenland','GL',NULL,NULL,NULL),(1087,'Grenada','GD',NULL,NULL,NULL),(1088,'Guadeloupe','GP',NULL,NULL,NULL),(1089,'Guam','GU',NULL,NULL,NULL),(1090,'Guatemala','GT',NULL,NULL,NULL),(1091,'Guinea','GN',NULL,NULL,NULL),(1092,'Guinea-Bissau','GW',NULL,NULL,NULL),(1093,'Guyana','GY',NULL,NULL,NULL),(1094,'Haiti','HT',NULL,NULL,NULL),(1095,'Heard Island and McDonald Islands','HM',NULL,NULL,NULL),(1096,'Holy See (Vatican City State)','VA',NULL,NULL,NULL),(1097,'Honduras','HN',NULL,NULL,NULL),(1098,'Hong Kong','HK',NULL,NULL,NULL),(1099,'Hungary','HU',NULL,NULL,NULL),(1100,'Iceland','IS',NULL,NULL,NULL),(1101,'India','IN',NULL,NULL,NULL),(1102,'Indonesia','ID',NULL,NULL,NULL),(1103,'Iran, Islamic Republic of','IR',NULL,NULL,NULL),(1104,'Iraq','IQ',NULL,NULL,NULL),(1105,'Ireland','IE',NULL,NULL,NULL),(1106,'Israel','IL',NULL,NULL,NULL),(1107,'Italy','IT',NULL,NULL,NULL),(1108,'Jamaica','JM',NULL,NULL,NULL),(1109,'Japan','JP',NULL,NULL,NULL),(1110,'Jordan','JO',NULL,NULL,NULL),(1111,'Kazakhstan','KZ',NULL,NULL,NULL),(1112,'Kenya','KE',NULL,NULL,NULL),(1113,'Kiribati','KI',NULL,NULL,NULL),(1114,'Korea, Democratic People\'s Republic of','KP',NULL,NULL,NULL),(1115,'Korea, Republic of','KR',NULL,NULL,NULL),(1116,'Kuwait','KW',NULL,NULL,NULL),(1117,'Kyrgyzstan','KG',NULL,NULL,NULL),(1118,'Lao People\'s Democratic Republic','LA',NULL,NULL,NULL),(1119,'Latvia','LV',NULL,NULL,NULL),(1120,'Lebanon','LB',NULL,NULL,NULL),(1121,'Lesotho','LS',NULL,NULL,NULL),(1122,'Liberia','LR',NULL,NULL,NULL),(1123,'Libyan Arab Jamahiriya','LY',NULL,NULL,NULL),(1124,'Liechtenstein','LI',NULL,NULL,NULL),(1125,'Lithuania','LT',NULL,NULL,NULL),(1126,'Luxembourg','LU',NULL,NULL,NULL),(1127,'Macao','MO',NULL,NULL,NULL),(1128,'Macedonia, Republic of','MK',NULL,NULL,NULL),(1129,'Madagascar','MG',NULL,NULL,NULL),(1130,'Malawi','MW',NULL,NULL,NULL),(1131,'Malaysia','MY',NULL,NULL,NULL),(1132,'Maldives','MV',NULL,NULL,NULL),(1133,'Mali','ML',NULL,NULL,NULL),(1134,'Malta','MT',NULL,NULL,NULL),(1135,'Marshall Islands','MH',NULL,NULL,NULL),(1136,'Martinique','MQ',NULL,NULL,NULL),(1137,'Mauritania','MR',NULL,NULL,NULL),(1138,'Mauritius','MU',NULL,NULL,NULL),(1139,'Mayotte','YT',NULL,NULL,NULL),(1140,'Mexico','MX',NULL,NULL,NULL),(1141,'Micronesia, Federated States of','FM',NULL,NULL,NULL),(1142,'Moldova, Republic of','MD',NULL,NULL,NULL),(1143,'Monaco','MC',NULL,NULL,NULL),(1144,'Mongolia','MN',NULL,NULL,NULL),(1145,'Montserrat','MS',NULL,NULL,NULL),(1146,'Morocco','MA',NULL,NULL,NULL),(1147,'Mozambique','MZ',NULL,NULL,NULL),(1148,'Namibia','NA',NULL,NULL,NULL),(1149,'Nauru','NR',NULL,NULL,NULL),(1150,'Nepal','NP',NULL,NULL,NULL),(1151,'Netherlands Antilles','AN',NULL,NULL,NULL),(1152,'Netherlands','NL',NULL,NULL,NULL),(1153,'New Caledonia','NC',NULL,NULL,NULL),(1154,'New Zealand','NZ',NULL,NULL,NULL),(1155,'Nicaragua','NI',NULL,NULL,NULL),(1156,'Niger','NE',NULL,NULL,NULL),(1157,'Nigeria','NG',NULL,NULL,NULL),(1158,'Niue','NU',NULL,NULL,NULL),(1159,'Norfolk Island','NF',NULL,NULL,NULL),(1160,'Northern Mariana Islands','MP',NULL,NULL,NULL),(1161,'Norway','NO',NULL,NULL,NULL),(1162,'Oman','OM',NULL,NULL,NULL),(1163,'Pakistan','PK',NULL,NULL,NULL),(1164,'Palau','PW',NULL,NULL,NULL),(1165,'Palestinian Territory, Occupied','PS',NULL,NULL,NULL),(1166,'Panama','PA',NULL,NULL,NULL),(1167,'Papua New Guinea','PG',NULL,NULL,NULL),(1168,'Paraguay','PY',NULL,NULL,NULL),(1169,'Peru','PE',NULL,NULL,NULL),(1170,'Philippines','PH',NULL,NULL,NULL),(1171,'Pitcairn','PN',NULL,NULL,NULL),(1172,'Poland','PL',NULL,NULL,NULL),(1173,'Portugal','PT',NULL,NULL,NULL),(1174,'Puerto Rico','PR',NULL,NULL,NULL),(1175,'Qatar','QA',NULL,NULL,NULL),(1176,'Romania','RO',NULL,NULL,NULL),(1177,'Russian Federation','RU',NULL,NULL,NULL),(1178,'Rwanda','RW',NULL,NULL,NULL),(1179,'Reunion','RE',NULL,NULL,NULL),(1180,'Saint Helena','SH',NULL,NULL,NULL),(1181,'Saint Kitts and Nevis','KN',NULL,NULL,NULL),(1182,'Saint Lucia','LC',NULL,NULL,NULL),(1183,'Saint Pierre and Miquelon','PM',NULL,NULL,NULL),(1184,'Saint Vincent and the Grenadines','VC',NULL,NULL,NULL),(1185,'Samoa','WS',NULL,NULL,NULL),(1186,'San Marino','SM',NULL,NULL,NULL),(1187,'Saudi Arabia','SA',NULL,NULL,NULL),(1188,'Senegal','SN',NULL,NULL,NULL),(1189,'Seychelles','SC',NULL,NULL,NULL),(1190,'Sierra Leone','SL',NULL,NULL,NULL),(1191,'Singapore','SG',NULL,NULL,NULL),(1192,'Slovakia','SK',NULL,NULL,NULL),(1193,'Slovenia','SI',NULL,NULL,NULL),(1194,'Solomon Islands','SB',NULL,NULL,NULL),(1195,'Somalia','SO',NULL,NULL,NULL),(1196,'South Africa','ZA',NULL,NULL,NULL),(1197,'South Georgia and the South Sandwich Islands','GS',NULL,NULL,NULL),(1198,'Spain','ES',NULL,NULL,NULL),(1199,'Sri Lanka','LK',NULL,NULL,NULL),(1200,'Sudan','SD',NULL,NULL,NULL),(1201,'Suriname','SR',NULL,NULL,NULL),(1202,'Svalbard and Jan Mayen','SJ',NULL,NULL,NULL),(1203,'Swaziland','SZ',NULL,NULL,NULL),(1204,'Sweden','SE',NULL,NULL,NULL),(1205,'Switzerland','CH',NULL,NULL,NULL),(1206,'Syrian Arab Republic','SY',NULL,NULL,NULL),(1207,'Sao Tome and Principe','ST',NULL,NULL,NULL),(1208,'Taiwan','TW',NULL,NULL,NULL),(1209,'Tajikistan','TJ',NULL,NULL,NULL),(1210,'Tanzania, United Republic of','TZ',NULL,NULL,NULL),(1211,'Thailand','TH',NULL,NULL,NULL),(1212,'Bahamas','BS',NULL,NULL,NULL),(1213,'Gambia','GM',NULL,NULL,NULL),(1214,'Togo','TG',NULL,NULL,NULL),(1215,'Tokelau','TK',NULL,NULL,NULL),(1216,'Tonga','TO',NULL,NULL,NULL),(1217,'Trinidad and Tobago','TT',NULL,NULL,NULL),(1218,'Tunisia','TN',NULL,NULL,NULL),(1219,'Turkey','TR',NULL,NULL,NULL),(1220,'Turkmenistan','TM',NULL,NULL,NULL),(1221,'Turks and Caicos Islands','TC',NULL,NULL,NULL),(1222,'Tuvalu','TV',NULL,NULL,NULL),(1223,'Uganda','UG',NULL,NULL,NULL),(1224,'Ukraine','UA',NULL,NULL,NULL),(1225,'United Arab Emirates','AE',NULL,NULL,NULL),(1226,'United Kingdom','GB',NULL,NULL,NULL),(1227,'United States Minor Outlying Islands','UM',NULL,NULL,NULL),(1228,'United States','US',NULL,NULL,NULL),(1229,'Uruguay','UY',NULL,NULL,NULL),(1230,'Uzbekistan','UZ',NULL,NULL,NULL),(1231,'Vanuatu','VU',NULL,NULL,NULL),(1232,'Venezuela','VE',NULL,NULL,NULL),(1233,'Viet Nam','VN',NULL,NULL,NULL),(1234,'Virgin Islands, U.S.','VI',NULL,NULL,NULL),(1235,'Wallis and Futuna','WF',NULL,NULL,NULL),(1236,'Western Sahara','EH',NULL,NULL,NULL),(1237,'Yemen','YE',NULL,NULL,NULL),(1238,'Serbia and Montenegro','CS',NULL,NULL,NULL),(1239,'Zambia','ZM',NULL,NULL,NULL),(1240,'Zimbabwe','ZW',NULL,NULL,NULL),(1241,'land Islands','AX',NULL,NULL,NULL);
UNLOCK TABLES;
/*!40000 ALTER TABLE `civicrm_country` ENABLE KEYS */;

--
-- Dumping data for table `civicrm_county`
--


/*!40000 ALTER TABLE `civicrm_county` DISABLE KEYS */;
LOCK TABLES `civicrm_county` WRITE;
INSERT INTO `civicrm_county` (`id`, `name`, `abbreviation`, `state_province_id`) VALUES (1,'Alameda',NULL,1004),(2,'Contra Costa',NULL,1004),(3,'Marin',NULL,1004),(4,'San Francisco',NULL,1004),(5,'San Mateo',NULL,1004),(6,'Santa Clara',NULL,1004);
UNLOCK TABLES;
/*!40000 ALTER TABLE `civicrm_county` ENABLE KEYS */;

--
-- Dumping data for table `civicrm_currency`
--


/*!40000 ALTER TABLE `civicrm_currency` DISABLE KEYS */;
LOCK TABLES `civicrm_currency` WRITE;
INSERT INTO `civicrm_currency` (`id`, `name`, `symbol`) VALUES (1,'AUD','$'),(2,'CAD','$'),(3,'EUR',''),(4,'GBP',''),(5,'ILS',''),(6,'INR',''),(7,'JPY',''),(8,'KRW',''),(9,'LAK',''),(10,'MNT',''),(11,'NGN',''),(12,'PLN','z'),(13,'THB',''),(14,'USD','$'),(15,'VND',''),(16,'ZAR','R');
UNLOCK TABLES;
/*!40000 ALTER TABLE `civicrm_currency` ENABLE KEYS */;

--
-- Dumping data for table `civicrm_custom_field`
--


/*!40000 ALTER TABLE `civicrm_custom_field` DISABLE KEYS */;
LOCK TABLES `civicrm_custom_field` WRITE;
INSERT INTO `civicrm_custom_field` (`id`, `custom_group_id`, `name`, `label`, `data_type`, `html_type`, `default_value`, `is_required`, `is_searchable`, `is_search_range`, `weight`, `validation_id`, `help_pre`, `help_post`, `mask`, `attributes`, `javascript`, `is_active`, `options_per_line`, `start_date_years`, `end_date_years`, `date_parts`, `note_columns`, `note_rows`) VALUES (1,1,'most_important_issue','Most Important Issue','String','Radio',NULL,0,1,0,5,NULL,NULL,'',NULL,NULL,NULL,1,NULL,NULL,NULL,NULL,NULL,NULL),(2,1,'marital_status','Marital Status','String','Select',NULL,0,1,0,7,NULL,NULL,'',NULL,NULL,NULL,1,NULL,NULL,NULL,NULL,NULL,NULL);
UNLOCK TABLES;
/*!40000 ALTER TABLE `civicrm_custom_field` ENABLE KEYS */;

--
-- Dumping data for table `civicrm_custom_group`
--


/*!40000 ALTER TABLE `civicrm_custom_group` DISABLE KEYS */;
LOCK TABLES `civicrm_custom_group` WRITE;
INSERT INTO `civicrm_custom_group` (`id`, `domain_id`, `name`, `title`, `extends`, `extends_entity_column_name`, `extends_entity_column_value`, `style`, `collapse_display`, `help_pre`, `help_post`, `weight`, `is_active`) VALUES (1,1,'constituent_information','Constituent Information','Individual',NULL,NULL,'Inline',1,'Please enter additional constituent information as data becomes available for this contact.',NULL,1,1);
UNLOCK TABLES;
/*!40000 ALTER TABLE `civicrm_custom_group` ENABLE KEYS */;

--
-- Dumping data for table `civicrm_custom_option`
--


/*!40000 ALTER TABLE `civicrm_custom_option` DISABLE KEYS */;
LOCK TABLES `civicrm_custom_option` WRITE;
INSERT INTO `civicrm_custom_option` (`id`, `entity_table`, `entity_id`, `label`, `value`, `weight`, `is_active`) VALUES (1,'civicrm_custom_field',1,'Education','Edu',1,1),(2,'civicrm_custom_field',1,'Environment','Env',2,1),(3,'civicrm_custom_field',1,'Social Justice','SocJus',3,1),(4,'civicrm_custom_field',2,'Single','S',1,1),(5,'civicrm_custom_field',2,'Married','M',2,1),(6,'civicrm_custom_field',2,'Domestic Partner','D',3,1),(7,'civicrm_custom_field',2,'Widowed','W',4,1),(8,'civicrm_custom_field',2,'Other','O',5,1),(9,'civicrm_contribution_page',1,'Friend','0.10',1,1),(10,'civicrm_contribution_page',1,'Supporter','0.50',2,1),(11,'civicrm_contribution_page',1,'Booster','1.00',3,1),(12,'civicrm_contribution_page',1,'Sustainer','5.00',4,1),(13,'civicrm_event_page',1,'Single','50',1,1),(14,'civicrm_event_page',1,'Couple','100',2,1),(15,'civicrm_event_page',1,'Family','200',3,1),(16,'civicrm_event_page',2,'gift','25',1,1),(17,'civicrm_event_page',2,'games','40',2,1),(18,'civicrm_event_page',2,'prize','50',3,1),(19,'civicrm_event_page',3,'Summer Tournament','800',1,1),(20,'civicrm_event_page',3,'Title Cup','1000',2,1),(21,'civicrm_event_page',3,'Pepsi Cup','1500',3,1);
UNLOCK TABLES;
/*!40000 ALTER TABLE `civicrm_custom_option` ENABLE KEYS */;

--
-- Dumping data for table `civicrm_custom_value`
--


/*!40000 ALTER TABLE `civicrm_custom_value` DISABLE KEYS */;
LOCK TABLES `civicrm_custom_value` WRITE;
INSERT INTO `civicrm_custom_value` (`id`, `custom_field_id`, `entity_table`, `entity_id`, `int_data`, `float_data`, `decimal_data`, `char_data`, `date_data`, `memo_data`, `file_id`) VALUES (1,2,'civicrm_contact',17,NULL,NULL,NULL,'W',NULL,NULL,NULL),(2,1,'civicrm_contact',59,NULL,NULL,NULL,'Env',NULL,NULL,NULL),(3,2,'civicrm_contact',59,NULL,NULL,NULL,'O',NULL,NULL,NULL),(4,1,'civicrm_contact',29,NULL,NULL,NULL,'Edu',NULL,NULL,NULL),(5,2,'civicrm_contact',94,NULL,NULL,NULL,'M',NULL,NULL,NULL),(6,1,'civicrm_contact',53,NULL,NULL,NULL,'Edu',NULL,NULL,NULL),(7,2,'civicrm_contact',53,NULL,NULL,NULL,'W',NULL,NULL,NULL),(8,1,'civicrm_contact',7,NULL,NULL,NULL,'SocJus',NULL,NULL,NULL),(9,1,'civicrm_contact',66,NULL,NULL,NULL,'Env',NULL,NULL,NULL),(10,2,'civicrm_contact',28,NULL,NULL,NULL,'O',NULL,NULL,NULL),(11,1,'civicrm_contact',97,NULL,NULL,NULL,'SocJus',NULL,NULL,NULL),(12,2,'civicrm_contact',18,NULL,NULL,NULL,'O',NULL,NULL,NULL),(13,1,'civicrm_contact',18,NULL,NULL,NULL,'SocJus',NULL,NULL,NULL),(14,2,'civicrm_contact',10,NULL,NULL,NULL,'S',NULL,NULL,NULL),(15,1,'civicrm_contact',10,NULL,NULL,NULL,'Edu',NULL,NULL,NULL),(16,2,'civicrm_contact',31,NULL,NULL,NULL,'M',NULL,NULL,NULL),(17,1,'civicrm_contact',31,NULL,NULL,NULL,'Env',NULL,NULL,NULL),(18,2,'civicrm_contact',32,NULL,NULL,NULL,'M',NULL,NULL,NULL),(19,1,'civicrm_contact',32,NULL,NULL,NULL,'Edu',NULL,NULL,NULL),(20,2,'civicrm_contact',58,NULL,NULL,NULL,'D',NULL,NULL,NULL),(21,2,'civicrm_contact',89,NULL,NULL,NULL,'S',NULL,NULL,NULL),(22,2,'civicrm_contact',70,NULL,NULL,NULL,'S',NULL,NULL,NULL),(23,2,'civicrm_contact',48,NULL,NULL,NULL,'M',NULL,NULL,NULL),(24,2,'civicrm_contact',27,NULL,NULL,NULL,'D',NULL,NULL,NULL),(25,2,'civicrm_contact',92,NULL,NULL,NULL,'S',NULL,NULL,NULL),(26,1,'civicrm_contact',92,NULL,NULL,NULL,'SocJus',NULL,NULL,NULL),(27,1,'civicrm_contact',90,NULL,NULL,NULL,'SocJus',NULL,NULL,NULL),(28,1,'civicrm_contact',44,NULL,NULL,NULL,'Env',NULL,NULL,NULL),(29,2,'civicrm_contact',86,NULL,NULL,NULL,'D',NULL,NULL,NULL),(30,2,'civicrm_contact',74,NULL,NULL,NULL,'D',NULL,NULL,NULL),(31,1,'civicrm_contact',74,NULL,NULL,NULL,'Env',NULL,NULL,NULL),(32,1,'civicrm_contact',14,NULL,NULL,NULL,'SocJus',NULL,NULL,NULL),(33,1,'civicrm_contact',15,NULL,NULL,NULL,'Env',NULL,NULL,NULL),(34,1,'civicrm_contact',50,NULL,NULL,NULL,'Edu',NULL,NULL,NULL),(35,2,'civicrm_contact',12,NULL,NULL,NULL,'S',NULL,NULL,NULL),(36,1,'civicrm_contact',12,NULL,NULL,NULL,'Env',NULL,NULL,NULL),(37,1,'civicrm_contact',80,NULL,NULL,NULL,'SocJus',NULL,NULL,NULL),(38,2,'civicrm_contact',56,NULL,NULL,NULL,'S',NULL,NULL,NULL),(39,2,'civicrm_contact',52,NULL,NULL,NULL,'O',NULL,NULL,NULL),(40,1,'civicrm_contact',52,NULL,NULL,NULL,'Edu',NULL,NULL,NULL),(41,2,'civicrm_contact',98,NULL,NULL,NULL,'M',NULL,NULL,NULL),(42,2,'civicrm_contact',3,NULL,NULL,NULL,'S',NULL,NULL,NULL),(43,2,'civicrm_contact',25,NULL,NULL,NULL,'W',NULL,NULL,NULL),(44,1,'civicrm_contact',25,NULL,NULL,NULL,'Edu',NULL,NULL,NULL),(45,2,'civicrm_contact',96,NULL,NULL,NULL,'O',NULL,NULL,NULL),(46,2,'civicrm_contact',22,NULL,NULL,NULL,'D',NULL,NULL,NULL),(47,1,'civicrm_contact',49,NULL,NULL,NULL,'Edu',NULL,NULL,NULL),(48,2,'civicrm_contact',49,NULL,NULL,NULL,'S',NULL,NULL,NULL),(49,2,'civicrm_contact',13,NULL,NULL,NULL,'D',NULL,NULL,NULL),(50,1,'civicrm_contact',16,NULL,NULL,NULL,'SocJus',NULL,NULL,NULL),(51,2,'civicrm_contact',16,NULL,NULL,NULL,'S',NULL,NULL,NULL),(52,1,'civicrm_contact',47,NULL,NULL,NULL,'Edu',NULL,NULL,NULL),(53,2,'civicrm_contact',8,NULL,NULL,NULL,'M',NULL,NULL,NULL),(54,1,'civicrm_contact',30,NULL,NULL,NULL,'Edu',NULL,NULL,NULL),(55,1,'civicrm_contact',61,NULL,NULL,NULL,'Env',NULL,NULL,NULL),(56,1,'civicrm_contact',20,NULL,NULL,NULL,'Env',NULL,NULL,NULL),(57,2,'civicrm_contact',20,NULL,NULL,NULL,'D',NULL,NULL,NULL),(58,2,'civicrm_contact',5,NULL,NULL,NULL,'S',NULL,NULL,NULL),(59,1,'civicrm_contact',68,NULL,NULL,NULL,'Edu',NULL,NULL,NULL),(60,1,'civicrm_contact',93,NULL,NULL,NULL,'Edu',NULL,NULL,NULL),(61,2,'civicrm_contact',6,NULL,NULL,NULL,'O',NULL,NULL,NULL),(62,1,'civicrm_contact',21,NULL,NULL,NULL,'Env',NULL,NULL,NULL),(63,2,'civicrm_contact',57,NULL,NULL,NULL,'W',NULL,NULL,NULL),(64,2,'civicrm_contact',72,NULL,NULL,NULL,'S',NULL,NULL,NULL),(65,2,'civicrm_contact',54,NULL,NULL,NULL,'D',NULL,NULL,NULL),(66,2,'civicrm_contact',37,NULL,NULL,NULL,'W',NULL,NULL,NULL),(67,2,'civicrm_contact',67,NULL,NULL,NULL,'W',NULL,NULL,NULL),(68,1,'civicrm_contact',67,NULL,NULL,NULL,'SocJus',NULL,NULL,NULL),(69,1,'civicrm_contact',23,NULL,NULL,NULL,'Edu',NULL,NULL,NULL),(70,2,'civicrm_contact',75,NULL,NULL,NULL,'S',NULL,NULL,NULL),(71,1,'civicrm_contact',41,NULL,NULL,NULL,'Env',NULL,NULL,NULL),(72,2,'civicrm_contact',41,NULL,NULL,NULL,'M',NULL,NULL,NULL),(73,2,'civicrm_contact',45,NULL,NULL,NULL,'O',NULL,NULL,NULL),(74,1,'civicrm_contact',45,NULL,NULL,NULL,'Edu',NULL,NULL,NULL),(75,1,'civicrm_contact',19,NULL,NULL,NULL,'SocJus',NULL,NULL,NULL),(76,2,'civicrm_contact',95,NULL,NULL,NULL,'D',NULL,NULL,NULL),(77,1,'civicrm_contact',82,NULL,NULL,NULL,'Env',NULL,NULL,NULL),(78,2,'civicrm_contact',82,NULL,NULL,NULL,'O',NULL,NULL,NULL);
UNLOCK TABLES;
/*!40000 ALTER TABLE `civicrm_custom_value` ENABLE KEYS */;

--
-- Dumping data for table `civicrm_domain`
--


/*!40000 ALTER TABLE `civicrm_domain` DISABLE KEYS */;
LOCK TABLES `civicrm_domain` WRITE;
INSERT INTO `civicrm_domain` (`id`, `name`, `description`, `contact_name`, `email_domain`, `email_return_path`, `config_backend`, `config_frontend`) VALUES (1,'Domain Name 1',NULL,'Domain Contact Name','FIXME.ORG',NULL,NULL,NULL);
UNLOCK TABLES;
/*!40000 ALTER TABLE `civicrm_domain` ENABLE KEYS */;

--
-- Dumping data for table `civicrm_dupe_match`
--


/*!40000 ALTER TABLE `civicrm_dupe_match` DISABLE KEYS */;
LOCK TABLES `civicrm_dupe_match` WRITE;
INSERT INTO `civicrm_dupe_match` (`id`, `domain_id`, `entity_table`, `rule`) VALUES (1,1,'contact_individual','first_name AND last_name AND email');
UNLOCK TABLES;
/*!40000 ALTER TABLE `civicrm_dupe_match` ENABLE KEYS */;

--
-- Dumping data for table `civicrm_email`
--


/*!40000 ALTER TABLE `civicrm_email` DISABLE KEYS */;
LOCK TABLES `civicrm_email` WRITE;
INSERT INTO `civicrm_email` (`id`, `location_id`, `email`, `is_primary`, `on_hold`, `hold_date`, `reset_date`) VALUES (1,1,'InnerCityArts@amazon.co.pl',1,0,NULL,NULL),(2,1,'InnerCityArts@aol.net',0,0,NULL,NULL),(3,2,'JonesJennifer@brown.edu',1,0,NULL,NULL),(4,2,'JonesJennifer@indiatimes.org',0,0,NULL,NULL),(5,3,'YadavChris@amazon.org',1,0,NULL,NULL),(6,3,'YadavChris@brown.co.pl',0,0,NULL,NULL),(7,4,'JonesAmar@gmail.co.in',1,0,NULL,NULL),(8,4,'JonesAmar@redimail.com',0,0,NULL,NULL),(9,5,'AdamsChris@redimail.net',1,0,NULL,NULL),(10,5,'AdamsChris@npo.net',0,0,NULL,NULL),(11,6,'PatelBill@yahoo.net.in',1,0,NULL,NULL),(12,6,'PatelBill@gmail.co.uk',0,0,NULL,NULL),(13,8,'ZopeAlice@aol.net',1,0,NULL,NULL),(14,8,'ZopeAlice@hotmail.org',0,0,NULL,NULL),(15,9,'SamuelsSam@tsec.net.in',1,0,NULL,NULL),(16,9,'SamuelsSam@hotmail.edu',0,0,NULL,NULL),(17,10,'SmithMichelle@indiatimes.net.in',1,0,NULL,NULL),(18,10,'SmithMichelle@yahoo.edu.in',0,0,NULL,NULL),(19,11,'ZopeAnne@hotmail.net',1,0,NULL,NULL),(20,11,'ZopeAnne@hotmail.edu.in',0,0,NULL,NULL),(21,12,'chowskiMonica@npo.edu.in',1,0,NULL,NULL),(22,12,'chowskiMonica@hotmail.org',0,0,NULL,NULL),(23,13,'ZopePat@npo.co.in',1,0,NULL,NULL),(24,13,'ZopePat@earthlink.co.in',0,0,NULL,NULL),(25,15,'JonesBill@hotmail.edu.in',1,0,NULL,NULL),(26,15,'JonesBill@hotmail.edu.in',0,0,NULL,NULL),(27,16,'SamuelsMichelle@indiatimes.org',1,0,NULL,NULL),(28,16,'SamuelsMichelle@yahoo.edu.in',0,0,NULL,NULL),(29,17,'MilanPatelshome@amazon.com',1,0,NULL,NULL),(30,17,'MilanPatelshome@hotmail.co.uk',0,0,NULL,NULL),(31,18,'AmarSmithshome@earthlink.net',1,0,NULL,NULL),(32,18,'AmarSmithshome@hotmail.net.in',0,0,NULL,NULL),(33,19,'FranklinGrantshome@amazon.com',1,0,NULL,NULL),(34,19,'FranklinGrantshome@amazon.co.in',0,0,NULL,NULL),(35,20,'ChrisZopeshome@brown.co.pl',1,0,NULL,NULL),(36,20,'ChrisZopeshome@earthlink.co.pl',0,0,NULL,NULL),(37,22,'AnneZopeshome@hotmail.co.in',1,0,NULL,NULL),(38,22,'AnneZopeshome@gmail.co.uk',0,0,NULL,NULL),(39,23,'AndrewJamesonshome@amazon.org',1,0,NULL,NULL),(40,23,'AndrewJamesonshome@indiatimes.co.in',0,0,NULL,NULL),(41,24,'FranklinSamuelsshome@redimail.net',1,0,NULL,NULL),(42,24,'FranklinSamuelsshome@hotmail.co.uk',0,0,NULL,NULL),(43,25,'PaulaSmithshome@yahoo.co.in',1,0,NULL,NULL),(44,25,'PaulaSmithshome@amazon.org',0,0,NULL,NULL),(45,26,'PaulaJamesonshome@gmail.net',1,0,NULL,NULL),(46,26,'PaulaJamesonshome@yahoo.co.pl',0,0,NULL,NULL),(47,27,'AndrewYadavshome@hotmail.edu',1,0,NULL,NULL),(48,27,'AndrewYadavshome@npo.net.in',0,0,NULL,NULL),(49,29,'MichellePatelshome@redimail.co.in',1,0,NULL,NULL),(50,29,'MichellePatelshome@earthlink.co.uk',0,0,NULL,NULL),(51,30,'PatSamuelsshome@redimail.edu.in',1,0,NULL,NULL),(52,30,'PatSamuelsshome@npo.edu',0,0,NULL,NULL),(53,31,'TonyYadavshome@yahoo.net.in',1,0,NULL,NULL),(54,31,'TonyYadavshome@amazon.co.in',0,0,NULL,NULL),(55,32,'Compasspoint@earthlink.co.in',1,0,NULL,NULL),(56,32,'Compasspoint@brown.net.in',0,0,NULL,NULL),(57,33,'CiscoSystems@indiatimes.net.in',1,0,NULL,NULL),(58,33,'CiscoSystems@aol.org',0,0,NULL,NULL),(59,34,'CiscoSystems@redimail.co.pl',1,0,NULL,NULL),(60,34,'CiscoSystems@gmail.org',0,0,NULL,NULL),(61,36,'SocialSourceFoundation@aol.co.in',1,0,NULL,NULL),(62,36,'SocialSourceFoundation@aol.net',0,0,NULL,NULL),(63,37,'SocialSourceFoundation@npo.com',1,0,NULL,NULL),(64,37,'SocialSourceFoundation@yahoo.co.in',0,0,NULL,NULL),(65,38,'EastmontComputingCenter@aol.net',1,0,NULL,NULL),(66,38,'EastmontComputingCenter@yahoo.co.uk',0,0,NULL,NULL),(67,39,'ConservationCorp@hotmail.co.pl',1,0,NULL,NULL),(68,39,'ConservationCorp@indiatimes.net',0,0,NULL,NULL),(69,40,'ConservationCorp@aol.net',1,0,NULL,NULL),(70,40,'ConservationCorp@indiatimes.org',0,0,NULL,NULL),(71,41,'WorkingAssets@amazon.net',1,0,NULL,NULL),(72,41,'WorkingAssets@yahoo.com',0,0,NULL,NULL),(73,43,'JamesonMichael@gmail.co.in',1,0,NULL,NULL),(74,43,'JamesonMichael@redimail.net',0,0,NULL,NULL),(75,44,'SmithFranklin@tsec.org',1,0,NULL,NULL),(76,44,'SmithFranklin@npo.net',0,0,NULL,NULL),(77,45,'YadavMichael@brown.org',1,0,NULL,NULL),(78,45,'YadavMichael@hotmail.net',0,0,NULL,NULL),(79,46,'SmithAmar@hotmail.co.in',1,0,NULL,NULL),(80,46,'SmithAmar@npo.net',0,0,NULL,NULL),(81,47,'SmithDonald@amazon.edu',1,0,NULL,NULL),(82,47,'SmithDonald@npo.net',0,0,NULL,NULL),(83,48,'JamesonBrzczysaw@gmail.net',1,0,NULL,NULL),(84,48,'JamesonBrzczysaw@npo.org',0,0,NULL,NULL),(85,50,'GrantFranklin@yahoo.org',1,0,NULL,NULL),(86,50,'GrantFranklin@npo.co.pl',0,0,NULL,NULL),(87,51,'SmithDonald@amazon.net',1,0,NULL,NULL),(88,51,'SmithDonald@hotmail.net.in',0,0,NULL,NULL),(89,52,'ZopeFranklin@redimail.org',1,0,NULL,NULL),(90,52,'ZopeFranklin@aol.co.uk',0,0,NULL,NULL),(91,53,'GrantPurvi@yahoo.co.in',1,0,NULL,NULL),(92,53,'GrantPurvi@aol.edu.in',0,0,NULL,NULL),(93,54,'ZopeChris@yahoo.net.in',1,0,NULL,NULL),(94,54,'ZopeChris@yahoo.co.pl',0,0,NULL,NULL),(95,55,'AdamsAndrew@aol.edu',1,0,NULL,NULL),(96,55,'AdamsAndrew@redimail.org',0,0,NULL,NULL),(97,57,'GrantChris@tsec.net.in',1,0,NULL,NULL),(98,57,'GrantChris@npo.net',0,0,NULL,NULL),(99,58,'PatelAndrew@hotmail.co.uk',1,0,NULL,NULL),(100,58,'PatelAndrew@earthlink.co.uk',0,0,NULL,NULL),(101,59,'JamesonDan@indiatimes.co.in',1,0,NULL,NULL),(102,59,'JamesonDan@earthlink.co.in',0,0,NULL,NULL),(103,60,'SmithPurvi@tsec.edu.in',1,0,NULL,NULL),(104,60,'SmithPurvi@yahoo.co.in',0,0,NULL,NULL),(105,61,'ReynoldsPaula@aol.co.uk',1,0,NULL,NULL),(106,61,'ReynoldsPaula@earthlink.com',0,0,NULL,NULL),(107,62,'ZopeAnne@brown.org',1,0,NULL,NULL),(108,62,'ZopeAnne@yahoo.net',0,0,NULL,NULL),(109,64,'JonesMichelle@indiatimes.net.in',1,0,NULL,NULL),(110,64,'JonesMichelle@hotmail.org',0,0,NULL,NULL),(111,65,'SamuelsPaula@amazon.net.in',1,0,NULL,NULL),(112,65,'SamuelsPaula@npo.com',0,0,NULL,NULL),(113,66,'JamesonAndrew@gmail.org',1,0,NULL,NULL),(114,66,'JamesonAndrew@yahoo.edu',0,0,NULL,NULL),(115,67,'ZopeChetan@yahoo.co.in',1,0,NULL,NULL),(116,67,'ZopeChetan@redimail.net',0,0,NULL,NULL),(117,68,'SmithPurvi@earthlink.co.in',1,0,NULL,NULL),(118,68,'SmithPurvi@yahoo.co.uk',0,0,NULL,NULL),(119,69,'chowskiJennifer@tsec.net',1,0,NULL,NULL),(120,69,'chowskiJennifer@earthlink.co.pl',0,0,NULL,NULL),(121,71,'JonesTony@tsec.edu',1,0,NULL,NULL),(122,71,'JonesTony@aol.net.in',0,0,NULL,NULL),(123,72,'ZopeFranklin@redimail.co.in',1,0,NULL,NULL),(124,72,'ZopeFranklin@indiatimes.org',0,0,NULL,NULL),(125,73,'SamuelsSam@earthlink.co.pl',1,0,NULL,NULL),(126,73,'SamuelsSam@tsec.org',0,0,NULL,NULL),(127,74,'SmithPaula@tsec.co.uk',1,0,NULL,NULL),(128,74,'SmithPaula@hotmail.org',0,0,NULL,NULL),(129,75,'SmithDonald@indiatimes.net',1,0,NULL,NULL),(130,75,'SmithDonald@redimail.net',0,0,NULL,NULL),(131,76,'RobertsChris@aol.net',1,0,NULL,NULL),(132,76,'RobertsChris@amazon.co.in',0,0,NULL,NULL),(133,78,'JamesonPaula@indiatimes.net.in',1,0,NULL,NULL),(134,78,'JamesonPaula@brown.org',0,0,NULL,NULL),(135,79,'RobertsPat@hotmail.net',1,0,NULL,NULL),(136,79,'RobertsPat@aol.com',0,0,NULL,NULL),(137,80,'PatelPaula@hotmail.org',1,0,NULL,NULL),(138,80,'PatelPaula@earthlink.co.pl',0,0,NULL,NULL),(139,81,'ZopePaula@gmail.com',1,0,NULL,NULL),(140,81,'ZopePaula@npo.co.pl',0,0,NULL,NULL),(141,82,'YadavAndrew@tsec.net',1,0,NULL,NULL),(142,82,'YadavAndrew@npo.co.uk',0,0,NULL,NULL),(143,83,'SamuelsMilan@amazon.com',1,0,NULL,NULL),(144,83,'SamuelsMilan@amazon.co.in',0,0,NULL,NULL),(145,85,'GrantAndrew@earthlink.org',1,0,NULL,NULL),(146,85,'GrantAndrew@indiatimes.net',0,0,NULL,NULL),(147,86,'chowskiPeter@brown.net',1,0,NULL,NULL),(148,86,'chowskiPeter@aol.co.in',0,0,NULL,NULL),(149,87,'JonesChris@redimail.co.in',1,0,NULL,NULL),(150,88,'JamesonMilan@indiatimes.net',1,0,NULL,NULL),(151,89,'SamuelsJennifer@hotmail.net',1,0,NULL,NULL);
UNLOCK TABLES;
/*!40000 ALTER TABLE `civicrm_email` ENABLE KEYS */;

--
-- Dumping data for table `civicrm_email_history`
--


/*!40000 ALTER TABLE `civicrm_email_history` DISABLE KEYS */;
LOCK TABLES `civicrm_email_history` WRITE;
UNLOCK TABLES;
/*!40000 ALTER TABLE `civicrm_email_history` ENABLE KEYS */;

--
-- Dumping data for table `civicrm_entity_file`
--


/*!40000 ALTER TABLE `civicrm_entity_file` DISABLE KEYS */;
LOCK TABLES `civicrm_entity_file` WRITE;
UNLOCK TABLES;
/*!40000 ALTER TABLE `civicrm_entity_file` ENABLE KEYS */;

--
-- Dumping data for table `civicrm_entity_tag`
--


/*!40000 ALTER TABLE `civicrm_entity_tag` DISABLE KEYS */;
LOCK TABLES `civicrm_entity_tag` WRITE;
INSERT INTO `civicrm_entity_tag` (`id`, `entity_table`, `entity_id`, `tag_id`) VALUES (1,'civicrm_contact',79,2),(2,'civicrm_contact',91,2),(3,'civicrm_contact',55,2),(4,'civicrm_contact',2,2),(5,'civicrm_contact',77,2),(6,'civicrm_contact',17,4),(7,'civicrm_contact',59,5),(8,'civicrm_contact',94,4),(9,'civicrm_contact',7,5),(10,'civicrm_contact',81,4),(11,'civicrm_contact',81,5),(12,'civicrm_contact',97,4),(13,'civicrm_contact',10,4),(14,'civicrm_contact',32,4),(15,'civicrm_contact',58,4),(16,'civicrm_contact',70,4),(17,'civicrm_contact',27,4),(18,'civicrm_contact',27,5),(19,'civicrm_contact',90,4),(20,'civicrm_contact',90,5),(21,'civicrm_contact',86,5),(22,'civicrm_contact',74,4),(23,'civicrm_contact',15,4),(24,'civicrm_contact',15,5),(25,'civicrm_contact',12,4),(26,'civicrm_contact',12,5),(27,'civicrm_contact',76,5),(28,'civicrm_contact',56,5),(29,'civicrm_contact',98,4),(30,'civicrm_contact',25,5),(31,'civicrm_contact',96,4),(32,'civicrm_contact',96,5),(33,'civicrm_contact',49,5),(34,'civicrm_contact',13,5),(35,'civicrm_contact',47,4),(36,'civicrm_contact',39,4),(37,'civicrm_contact',39,5),(38,'civicrm_contact',61,5),(39,'civicrm_contact',5,4),(40,'civicrm_contact',93,4),(41,'civicrm_contact',93,5),(42,'civicrm_contact',21,4),(43,'civicrm_contact',21,5),(44,'civicrm_contact',71,5),(45,'civicrm_contact',57,4),(46,'civicrm_contact',57,5),(47,'civicrm_contact',54,4),(48,'civicrm_contact',54,5),(49,'civicrm_contact',73,5),(50,'civicrm_contact',67,4),(51,'civicrm_contact',75,4),(52,'civicrm_contact',75,5),(53,'civicrm_contact',41,5),(54,'civicrm_contact',19,4),(55,'civicrm_contact',82,4);
UNLOCK TABLES;
/*!40000 ALTER TABLE `civicrm_entity_tag` ENABLE KEYS */;

--
-- Dumping data for table `civicrm_event`
--


/*!40000 ALTER TABLE `civicrm_event` DISABLE KEYS */;
LOCK TABLES `civicrm_event` WRITE;
INSERT INTO `civicrm_event` (`id`, `domain_id`, `title`, `summary`, `description`, `event_type_id`, `is_public`, `start_date`, `end_date`, `is_online_registration`, `registration_link_text`, `max_participants`, `event_full_text`, `is_monetary`, `contribution_type_id`, `is_map`, `is_active`) VALUES (1,1,'Fall Fundraiser Dinner','Kick up your heels at our Fall Fundraiser Dinner/Dance at Glen Echo Park! Come by yourself or bring a partner, friend or the entire family!','Tickets for the dinner and dance are $40 for adults, $20 for teens and $10 for\nkids 12 and under.Grab your dancing shoes, bring the kids and come join the party!',2,1,'2006-01-21 00:00:00','2006-01-27 00:00:00',1,'Register Now',100,'Sorry! The Fall Fundraiser Dinner Event booking is full.',1,3,0,1),(2,1,'Summer Solstice Festival Day Concert','Festival Day is coming!','We will gather at noon (or come picnic earlier!) on Jun 17th, learn a song all together, break up into our groups, learn our parts, share what we have learned, and then join in a joyous procession to the Scandinavian Mid-Summer Picnic where we will perform our Mid-Summer Revels on their Pavillion Stage at Fort Hunt Park in Alexandria, Virginia.',3,1,'2007-06-17 00:00:00','2007-06-19 00:00:00',1,'Register Now',100,'Sorry! Summer Solstice Festival Day Concert Event booking is full.',1,2,0,1),(3,1,'Disney Cup International Youth Tournament','The tournament is here!','This is a FYSA Sanctioned Tournament, which is open to all USSF/FIFA affiliated organizations for boys and girls in age groups: U9-U10 (6v6), U11-U12 (8v8), and U13-U17 (Full Sided). A Sports Sales Manager will review all applications and notify your team of its status as soon as possible.',4,1,'2007-02-27 00:00:00','2007-03-15 00:00:00',1,'Register Now',500,'Sorry! Entries for Disney Cup International Youth Tournament are already taken. Better luck next time!',1,1,0,1);
UNLOCK TABLES;
/*!40000 ALTER TABLE `civicrm_event` ENABLE KEYS */;

--
-- Dumping data for table `civicrm_event_page`
--


/*!40000 ALTER TABLE `civicrm_event_page` DISABLE KEYS */;
LOCK TABLES `civicrm_event_page` WRITE;
INSERT INTO `civicrm_event_page` (`id`, `event_id`, `intro_text`, `footer_text`, `confirm_title`, `confirm_text`, `confirm_footer_text`, `is_email_confirm`, `confirm_email_text`, `confirm_from_name`, `confirm_from_email`, `cc_confirm`, `bcc_confirm`, `default_fee_id`) VALUES (1,1,'congratulation you are registered for the dinner','you are welcome for dinner','confirmation for dinner','congratulation you are registered foe the dinner','you are welcome for dinner',1,'this is a confirmation mail','organiser of dinner','organiser@dinner.com','',NULL,0),(2,2,'congratulation you are registered for the festival','you are welcome for all activities','confirmation for festival','congratulation you are registered for the festival','you are welcome for all activities',1,'this is a confirmation mail','organiser of concert','organiser@concert.com','',NULL,0),(3,3,'congratulation you are registered for the tournament','all the best for all matches','confirmation for tournament','congratulation you are registered for the tournament','all the best for all matches',1,'this is a confirmation mail','organiser of tournamrnt','organiser@tournament.com','',NULL,0);
UNLOCK TABLES;
/*!40000 ALTER TABLE `civicrm_event_page` ENABLE KEYS */;

--
-- Dumping data for table `civicrm_file`
--


/*!40000 ALTER TABLE `civicrm_file` DISABLE KEYS */;
LOCK TABLES `civicrm_file` WRITE;
UNLOCK TABLES;
/*!40000 ALTER TABLE `civicrm_file` ENABLE KEYS */;

--
-- Dumping data for table `civicrm_financial_trxn`
--


/*!40000 ALTER TABLE `civicrm_financial_trxn` DISABLE KEYS */;
LOCK TABLES `civicrm_financial_trxn` WRITE;
UNLOCK TABLES;
/*!40000 ALTER TABLE `civicrm_financial_trxn` ENABLE KEYS */;

--
-- Dumping data for table `civicrm_geo_coord`
--


/*!40000 ALTER TABLE `civicrm_geo_coord` DISABLE KEYS */;
LOCK TABLES `civicrm_geo_coord` WRITE;
INSERT INTO `civicrm_geo_coord` (`id`, `coord_type`, `coord_units`, `coord_ogc_wkt_string`) VALUES (1,'LatLong','Degree','31');
UNLOCK TABLES;
/*!40000 ALTER TABLE `civicrm_geo_coord` ENABLE KEYS */;

--
-- Dumping data for table `civicrm_group`
--


/*!40000 ALTER TABLE `civicrm_group` DISABLE KEYS */;
LOCK TABLES `civicrm_group` WRITE;
INSERT INTO `civicrm_group` (`id`, `domain_id`, `name`, `title`, `description`, `source`, `saved_search_id`, `is_active`, `visibility`, `where_clause`, `select_tables`, `where_tables`) VALUES (1,1,'Administrators','Administrators','Contacts in this group are assigned Administrator role permissions.',NULL,NULL,1,'User and User Admin Only',' ( `civicrm_group_contact-1`.group_id = (1) AND `civicrm_group_contact-1`.status IN (\"Added\") ) ','a:10:{s:15:\"civicrm_contact\";i:1;s:18:\"civicrm_individual\";i:1;s:16:\"civicrm_location\";i:1;s:15:\"civicrm_address\";i:1;s:22:\"civicrm_state_province\";i:1;s:15:\"civicrm_country\";i:1;s:13:\"civicrm_email\";i:1;s:13:\"civicrm_phone\";i:1;s:10:\"civicrm_im\";i:1;s:25:\"`civicrm_group_contact-1`\";s:114:\" LEFT JOIN civicrm_group_contact `civicrm_group_contact-1` ON contact_a.id = `civicrm_group_contact-1`.contact_id \";}','a:2:{s:15:\"civicrm_contact\";i:1;s:25:\"`civicrm_group_contact-1`\";s:114:\" LEFT JOIN civicrm_group_contact `civicrm_group_contact-1` ON contact_a.id = `civicrm_group_contact-1`.contact_id \";}'),(2,1,'Newsletter Subscribers','Newsletter Subscribers',NULL,NULL,NULL,1,'Public User Pages and Listings',' ( `civicrm_group_contact-2`.group_id = (2) AND `civicrm_group_contact-2`.status IN (\"Added\") ) ','a:11:{s:15:\"civicrm_contact\";i:1;s:18:\"civicrm_individual\";i:1;s:16:\"civicrm_location\";i:1;s:15:\"civicrm_address\";i:1;s:22:\"civicrm_state_province\";i:1;s:15:\"civicrm_country\";i:1;s:13:\"civicrm_email\";i:1;s:13:\"civicrm_phone\";i:1;s:10:\"civicrm_im\";i:1;s:25:\"`civicrm_group_contact-2`\";s:114:\" LEFT JOIN civicrm_group_contact `civicrm_group_contact-2` ON contact_a.id = `civicrm_group_contact-2`.contact_id \";s:6:\"gender\";i:1;}','a:2:{s:15:\"civicrm_contact\";i:1;s:25:\"`civicrm_group_contact-2`\";s:114:\" LEFT JOIN civicrm_group_contact `civicrm_group_contact-2` ON contact_a.id = `civicrm_group_contact-2`.contact_id \";}'),(3,1,'Summer Program Volunteers','Summer Program Volunteers',NULL,NULL,NULL,1,'Public User Pages and Listings',' ( `civicrm_group_contact-3`.group_id = (3) AND `civicrm_group_contact-3`.status IN (\"Added\") ) ','a:11:{s:15:\"civicrm_contact\";i:1;s:18:\"civicrm_individual\";i:1;s:16:\"civicrm_location\";i:1;s:15:\"civicrm_address\";i:1;s:22:\"civicrm_state_province\";i:1;s:15:\"civicrm_country\";i:1;s:13:\"civicrm_email\";i:1;s:13:\"civicrm_phone\";i:1;s:10:\"civicrm_im\";i:1;s:25:\"`civicrm_group_contact-3`\";s:114:\" LEFT JOIN civicrm_group_contact `civicrm_group_contact-3` ON contact_a.id = `civicrm_group_contact-3`.contact_id \";s:6:\"gender\";i:1;}','a:2:{s:15:\"civicrm_contact\";i:1;s:25:\"`civicrm_group_contact-3`\";s:114:\" LEFT JOIN civicrm_group_contact `civicrm_group_contact-3` ON contact_a.id = `civicrm_group_contact-3`.contact_id \";}'),(4,1,'Advisory Board','Advisory Board',NULL,NULL,NULL,1,'Public User Pages and Listings',' ( `civicrm_group_contact-4`.group_id = (4) AND `civicrm_group_contact-4`.status IN (\"Added\") ) ','a:11:{s:15:\"civicrm_contact\";i:1;s:18:\"civicrm_individual\";i:1;s:16:\"civicrm_location\";i:1;s:15:\"civicrm_address\";i:1;s:22:\"civicrm_state_province\";i:1;s:15:\"civicrm_country\";i:1;s:13:\"civicrm_email\";i:1;s:13:\"civicrm_phone\";i:1;s:10:\"civicrm_im\";i:1;s:25:\"`civicrm_group_contact-4`\";s:114:\" LEFT JOIN civicrm_group_contact `civicrm_group_contact-4` ON contact_a.id = `civicrm_group_contact-4`.contact_id \";s:6:\"gender\";i:1;}','a:2:{s:15:\"civicrm_contact\";i:1;s:25:\"`civicrm_group_contact-4`\";s:114:\" LEFT JOIN civicrm_group_contact `civicrm_group_contact-4` ON contact_a.id = `civicrm_group_contact-4`.contact_id \";}');
UNLOCK TABLES;
/*!40000 ALTER TABLE `civicrm_group` ENABLE KEYS */;

--
-- Dumping data for table `civicrm_group_contact`
--


/*!40000 ALTER TABLE `civicrm_group_contact` DISABLE KEYS */;
LOCK TABLES `civicrm_group_contact` WRITE;
INSERT INTO `civicrm_group_contact` (`id`, `group_id`, `contact_id`, `status`, `location_id`, `email_id`) VALUES (1,2,100,'Added',NULL,NULL),(2,2,59,'Added',NULL,NULL),(3,2,94,'Added',NULL,NULL),(4,2,53,'Added',NULL,NULL),(5,2,7,'Removed',NULL,NULL),(6,2,28,'Removed',NULL,NULL),(7,2,10,'Added',NULL,NULL),(8,2,32,'Removed',NULL,NULL),(9,2,4,'Removed',NULL,NULL),(10,2,58,'Added',NULL,NULL),(11,2,89,'Removed',NULL,NULL),(12,2,48,'Added',NULL,NULL),(13,2,27,'Added',NULL,NULL),(14,2,92,'Added',NULL,NULL),(15,2,44,'Removed',NULL,NULL),(16,2,74,'Removed',NULL,NULL),(17,2,14,'Added',NULL,NULL),(18,2,15,'Removed',NULL,NULL),(19,2,50,'Added',NULL,NULL),(20,2,12,'Removed',NULL,NULL),(21,2,80,'Added',NULL,NULL),(22,2,76,'Added',NULL,NULL),(23,2,56,'Removed',NULL,NULL),(24,2,98,'Added',NULL,NULL),(25,2,3,'Removed',NULL,NULL),(26,2,25,'Added',NULL,NULL),(27,2,51,'Removed',NULL,NULL),(28,2,47,'Removed',NULL,NULL),(29,2,8,'Removed',NULL,NULL),(30,2,30,'Removed',NULL,NULL),(31,2,20,'Removed',NULL,NULL),(32,2,5,'Removed',NULL,NULL),(33,2,68,'Removed',NULL,NULL),(34,2,93,'Added',NULL,NULL),(35,2,21,'Added',NULL,NULL),(36,2,71,'Removed',NULL,NULL),(37,2,78,'Removed',NULL,NULL),(38,3,54,'Removed',NULL,NULL),(39,3,37,'Added',NULL,NULL),(40,3,73,'Removed',NULL,NULL),(41,3,83,'Added',NULL,NULL),(42,3,23,'Removed',NULL,NULL),(43,3,9,'Added',NULL,NULL),(44,3,41,'Removed',NULL,NULL),(45,3,45,'Removed',NULL,NULL),(46,3,19,'Removed',NULL,NULL),(47,3,82,'Added',NULL,NULL),(48,4,66,'Removed',NULL,NULL),(49,4,32,'Added',NULL,NULL),(50,4,92,'Removed',NULL,NULL),(51,4,15,'Added',NULL,NULL),(52,4,52,'Removed',NULL,NULL),(53,4,49,'Removed',NULL,NULL);
UNLOCK TABLES;
/*!40000 ALTER TABLE `civicrm_group_contact` ENABLE KEYS */;

--
-- Dumping data for table `civicrm_household`
--


/*!40000 ALTER TABLE `civicrm_household` DISABLE KEYS */;
LOCK TABLES `civicrm_household` WRITE;
INSERT INTO `civicrm_household` (`id`, `contact_id`, `household_name`, `primary_contact_id`) VALUES (1,11,'Milan Patel\'s home',4),(2,43,'Amar Smith\'s home',48),(3,101,'Franklin Grant\'s home',44),(4,26,'Chris Zope\'s home',14),(5,34,'Andrew Patel\'s home',80),(6,42,'Anne Zope\'s home',52),(7,62,'Andrew Jameson\'s home',51),(8,64,'Franklin Samuels\'s home',24),(9,84,'Paula Smith\'s home',8),(10,63,'Paula Jameson\'s home',20),(11,99,'Andrew Yadav\'s home',6),(12,85,'Peter chowski\'s home',78),(13,60,'Michelle Patel\'s home',37),(14,65,'Pat Samuels\'s home',23),(15,46,'Tony Yadav\'s home',45);
UNLOCK TABLES;
/*!40000 ALTER TABLE `civicrm_household` ENABLE KEYS */;

--
-- Dumping data for table `civicrm_im`
--


/*!40000 ALTER TABLE `civicrm_im` DISABLE KEYS */;
LOCK TABLES `civicrm_im` WRITE;
INSERT INTO `civicrm_im` (`id`, `location_id`, `name`, `provider_id`, `is_primary`) VALUES (1,87,'john',1,1),(2,88,'Ramsan',2,1),(3,89,'Rany',3,1);
UNLOCK TABLES;
/*!40000 ALTER TABLE `civicrm_im` ENABLE KEYS */;

--
-- Dumping data for table `civicrm_individual`
--


/*!40000 ALTER TABLE `civicrm_individual` DISABLE KEYS */;
LOCK TABLES `civicrm_individual` WRITE;
INSERT INTO `civicrm_individual` (`id`, `contact_id`, `first_name`, `middle_name`, `last_name`, `prefix_id`, `suffix_id`, `greeting_type`, `custom_greeting`, `job_title`, `gender_id`, `birth_date`, `is_deceased`, `deceased_date`, `phone_to_household_id`, `email_to_household_id`, `mail_to_household_id`) VALUES (1,17,'Jennifer','F','Jones',2,1,'Other',NULL,NULL,2,'1985-01-06',1,NULL,NULL,NULL,NULL),(2,100,'Chris','G','Yadav',2,2,'Informal',NULL,NULL,1,'1983-07-08',1,NULL,NULL,NULL,NULL),(3,59,'Amar','V','Jones',1,1,'Informal',NULL,NULL,2,'1996-03-24',1,NULL,NULL,NULL,NULL),(4,29,'Chris','P','Adams',4,1,'Honorific',NULL,NULL,2,'1975-04-01',0,NULL,NULL,NULL,NULL),(5,94,'Bill','A','Patel',4,2,'Honorific',NULL,NULL,1,'1974-11-04',1,NULL,NULL,NULL,NULL),(6,53,'Tony','N','Samuels',4,1,'Custom',NULL,NULL,2,'1991-10-08',1,NULL,NULL,NULL,NULL),(7,7,'Alice','B','Zope',2,2,'Honorific',NULL,NULL,2,'1970-08-31',0,NULL,NULL,NULL,NULL),(8,66,'Sam','E','Samuels',4,1,'Custom',NULL,NULL,1,'1974-03-15',0,NULL,NULL,NULL,NULL),(9,81,'Michelle','A','Smith',3,1,'Informal',NULL,NULL,2,'1974-04-23',1,NULL,NULL,NULL,NULL),(10,28,'Anne','I','Zope',3,2,'Honorific',NULL,NULL,2,'1986-09-24',1,NULL,NULL,NULL,NULL),(11,97,'Monica','R','chowski',4,1,'Honorific',NULL,NULL,2,'1985-12-17',1,NULL,NULL,NULL,NULL),(12,18,'Pat','A','Zope',2,2,'Honorific',NULL,NULL,2,'1981-05-09',0,NULL,NULL,NULL,NULL),(13,10,'Donald','M','Reynolds',3,2,'Other',NULL,NULL,2,'1971-02-24',1,NULL,NULL,NULL,NULL),(14,31,'Bill','E','Jones',2,2,'Formal',NULL,NULL,2,'2003-06-12',1,NULL,NULL,NULL,NULL),(15,32,'Michelle','A','Samuels',4,2,'Informal',NULL,NULL,2,'2006-07-01',1,NULL,NULL,NULL,NULL),(16,4,'Milan','R','Patel',1,2,'Other',NULL,NULL,1,'1986-06-09',0,NULL,NULL,NULL,NULL),(17,58,'Michael','W','Jameson',2,1,'Formal',NULL,NULL,1,'1993-03-30',1,NULL,NULL,NULL,NULL),(18,89,'Franklin','H','Smith',2,2,'Honorific',NULL,NULL,1,'1978-09-11',0,NULL,NULL,NULL,NULL),(19,70,'Michael','Z','Yadav',4,1,'Other',NULL,NULL,1,'1981-12-27',1,NULL,NULL,NULL,NULL),(20,48,'Amar','T','Smith',3,1,'Custom',NULL,NULL,1,'1976-01-14',0,NULL,NULL,NULL,NULL),(21,27,'Donald','D','Smith',3,1,'Formal',NULL,NULL,2,'1988-06-12',1,NULL,NULL,NULL,NULL),(22,92,'Brzczysaw','K','Jameson',3,2,'Formal',NULL,NULL,2,'1970-08-24',0,NULL,NULL,NULL,NULL),(23,90,'Franklin','J','Smith',3,2,'Other',NULL,NULL,2,'1981-05-20',0,NULL,NULL,NULL,NULL),(24,44,'Franklin','S','Grant',1,2,'Other',NULL,NULL,1,'2004-09-18',0,NULL,NULL,NULL,NULL),(25,86,'Donald','A','Smith',4,1,'Formal',NULL,NULL,1,'1976-09-19',1,NULL,NULL,NULL,NULL),(26,69,'Franklin','U','Zope',2,2,'Informal',NULL,NULL,2,'1971-08-20',0,NULL,NULL,NULL,NULL),(27,74,'Purvi','J','Grant',2,1,'Other',NULL,NULL,1,'1994-04-30',0,NULL,NULL,NULL,NULL),(28,14,'Chris','X','Zope',2,2,'Custom',NULL,NULL,1,'1988-07-04',1,NULL,NULL,NULL,NULL),(29,15,'Andrew','U','Adams',1,2,'Honorific',NULL,NULL,1,'1996-04-27',1,NULL,NULL,NULL,NULL),(30,50,'Amar','X','Roberts',3,2,'Informal',NULL,NULL,2,'1981-12-12',1,NULL,NULL,NULL,NULL),(31,12,'Chris','P','Grant',2,2,'Custom',NULL,NULL,2,'1990-03-19',0,NULL,NULL,NULL,NULL),(32,80,'Andrew','S','Patel',1,1,'Honorific',NULL,NULL,1,'1992-05-25',1,NULL,NULL,NULL,NULL),(33,76,'Dan','G','Jameson',3,2,'Other',NULL,NULL,2,'1975-04-12',0,NULL,NULL,NULL,NULL),(34,40,'Purvi','X','Smith',4,1,'Formal',NULL,NULL,1,'2001-05-13',1,NULL,NULL,NULL,NULL),(35,56,'Paula','C','Reynolds',2,2,'Other',NULL,NULL,1,'1975-01-06',0,NULL,NULL,NULL,NULL),(36,52,'Anne','V','Zope',4,2,'Honorific',NULL,NULL,1,'2002-07-28',1,NULL,NULL,NULL,NULL),(37,98,'Milan','D','Samuels',4,2,'Custom',NULL,NULL,1,'1982-03-11',0,NULL,NULL,NULL,NULL),(38,3,'Michelle','N','Jones',1,2,'Other',NULL,NULL,2,'1983-05-12',0,NULL,NULL,NULL,NULL),(39,25,'Paula','R','Samuels',2,2,'Other',NULL,NULL,2,'1976-09-11',1,NULL,NULL,NULL,NULL),(40,51,'Andrew','J','Jameson',3,1,'Honorific',NULL,NULL,2,'1990-08-12',1,NULL,NULL,NULL,NULL),(41,96,'Chetan','N','Zope',3,2,'Honorific',NULL,NULL,2,'1977-07-20',1,NULL,NULL,NULL,NULL),(42,22,'Purvi','R','Smith',4,1,'Other',NULL,NULL,2,'1973-12-21',0,NULL,NULL,NULL,NULL),(43,49,'Jennifer','Y','chowski',1,1,'Honorific',NULL,NULL,2,'1996-08-20',1,NULL,NULL,NULL,NULL),(44,24,'Franklin','J','Samuels',4,1,'Honorific',NULL,NULL,1,'1994-11-24',0,NULL,NULL,NULL,NULL),(45,13,'Tony','Y','Jones',3,1,'Informal',NULL,NULL,1,'1974-02-19',1,NULL,NULL,NULL,NULL),(46,16,'Franklin','H','Zope',4,2,'Custom',NULL,NULL,1,'1983-12-02',1,NULL,NULL,NULL,NULL),(47,47,'Sam','C','Samuels',3,1,'Informal',NULL,NULL,1,'1994-02-04',1,NULL,NULL,NULL,NULL),(48,8,'Paula','Z','Smith',4,1,'Informal',NULL,NULL,2,'1994-09-13',0,NULL,NULL,NULL,NULL),(49,39,'Donald','K','Smith',3,1,'Informal',NULL,NULL,2,'1991-06-22',0,NULL,NULL,NULL,NULL),(50,30,'Chris','L','Roberts',4,2,'Honorific',NULL,NULL,1,'2004-08-11',1,NULL,NULL,NULL,NULL),(51,61,'Anne','F','Patel',1,1,'Informal',NULL,NULL,1,'1974-04-21',0,NULL,NULL,NULL,NULL),(52,20,'Paula','K','Jameson',1,2,'Other',NULL,NULL,2,'1989-08-19',0,NULL,NULL,NULL,NULL),(53,5,'Pat','W','Roberts',3,2,'Other',NULL,NULL,2,'2005-08-01',0,NULL,NULL,NULL,NULL),(54,68,'Paula','D','Patel',4,2,'Formal',NULL,NULL,1,'1980-06-20',1,NULL,NULL,NULL,NULL),(55,93,'Paula','G','Zope',4,2,'Custom',NULL,NULL,1,'1996-07-04',0,NULL,NULL,NULL,NULL),(56,6,'Andrew','S','Yadav',2,2,'Other',NULL,NULL,1,'1997-09-18',1,NULL,NULL,NULL,NULL),(57,21,'Milan','H','Samuels',4,2,'Custom',NULL,NULL,1,'1974-11-01',0,NULL,NULL,NULL,NULL),(58,38,'Sandy','U','Jones',3,1,'Custom',NULL,NULL,2,'2006-05-18',0,NULL,NULL,NULL,NULL),(59,71,'Andrew','R','Grant',2,2,'Other',NULL,NULL,1,'1973-11-17',1,NULL,NULL,NULL,NULL),(60,78,'Peter','C','chowski',2,1,'Informal',NULL,NULL,2,'1996-02-03',0,NULL,NULL,NULL,NULL),(61,57,'Dan','Y','Reynolds',2,2,'Honorific',NULL,NULL,1,'1971-03-08',1,NULL,NULL,NULL,NULL),(62,72,'Jennifer','K','Yadav',4,1,'Other',NULL,NULL,1,'1974-01-29',0,NULL,NULL,NULL,NULL),(63,54,'Chetan','Y','chowski',3,2,'Custom',NULL,NULL,2,'1978-01-03',1,NULL,NULL,NULL,NULL),(64,37,'Michelle','O','Patel',2,1,'Informal',NULL,NULL,1,'1989-07-20',0,NULL,NULL,NULL,NULL),(65,73,'Peter','Q','Adams',2,1,'Other',NULL,NULL,1,'2000-05-04',0,NULL,NULL,NULL,NULL),(66,83,'Franklin','Q','Zope',3,1,'Custom',NULL,NULL,2,'1978-08-12',0,NULL,NULL,NULL,NULL),(67,67,'Jennifer','Q','Grant',2,2,'Formal',NULL,NULL,1,'1995-06-23',0,NULL,NULL,NULL,NULL),(68,23,'Pat','E','Samuels',2,1,'Custom',NULL,NULL,1,'1990-05-05',1,NULL,NULL,NULL,NULL),(69,75,'Paula','G','Yadav',3,2,'Other',NULL,NULL,1,'2004-12-23',0,NULL,NULL,NULL,NULL),(70,9,'Donald','E','Grant',1,2,'Informal',NULL,NULL,2,'1970-07-19',0,NULL,NULL,NULL,NULL),(71,41,'Rebecca','D','Smith',3,1,'Formal',NULL,NULL,2,'2004-06-01',1,NULL,NULL,NULL,NULL),(72,45,'Tony','W','Yadav',1,2,'Custom',NULL,NULL,2,'1975-07-23',1,NULL,NULL,NULL,NULL),(73,19,'Amar','V','Smith',4,2,'Formal',NULL,NULL,2,'1981-09-09',1,NULL,NULL,NULL,NULL),(74,95,'Raymond','B','Smith',2,2,'Custom',NULL,NULL,1,'1991-04-08',1,NULL,NULL,NULL,NULL),(75,82,'Peter','F','Samuels',3,2,'Honorific',NULL,NULL,2,'1984-01-02',0,NULL,NULL,NULL,NULL);
UNLOCK TABLES;
/*!40000 ALTER TABLE `civicrm_individual` ENABLE KEYS */;

--
-- Dumping data for table `civicrm_location`
--


/*!40000 ALTER TABLE `civicrm_location` DISABLE KEYS */;
LOCK TABLES `civicrm_location` WRITE;
INSERT INTO `civicrm_location` (`id`, `entity_table`, `entity_id`, `location_type_id`, `is_primary`, `name`) VALUES (1,'civicrm_domain',1,3,1,NULL),(2,'civicrm_contact',17,1,1,NULL),(3,'civicrm_contact',100,1,1,NULL),(4,'civicrm_contact',59,1,1,NULL),(5,'civicrm_contact',29,1,1,NULL),(6,'civicrm_contact',94,1,1,NULL),(7,'civicrm_contact',53,1,1,NULL),(8,'civicrm_contact',7,1,1,NULL),(9,'civicrm_contact',66,1,1,NULL),(10,'civicrm_contact',81,1,1,NULL),(11,'civicrm_contact',28,1,1,NULL),(12,'civicrm_contact',97,1,1,NULL),(13,'civicrm_contact',18,1,1,NULL),(14,'civicrm_contact',10,1,1,NULL),(15,'civicrm_contact',31,1,1,NULL),(16,'civicrm_contact',32,1,1,NULL),(17,'civicrm_contact',11,1,1,NULL),(18,'civicrm_contact',43,1,1,NULL),(19,'civicrm_contact',101,1,1,NULL),(20,'civicrm_contact',26,1,1,NULL),(21,'civicrm_contact',34,1,1,NULL),(22,'civicrm_contact',42,1,1,NULL),(23,'civicrm_contact',62,1,1,NULL),(24,'civicrm_contact',64,1,1,NULL),(25,'civicrm_contact',84,1,1,NULL),(26,'civicrm_contact',63,1,1,NULL),(27,'civicrm_contact',99,1,1,NULL),(28,'civicrm_contact',85,1,1,NULL),(29,'civicrm_contact',60,1,1,NULL),(30,'civicrm_contact',65,1,1,NULL),(31,'civicrm_contact',46,1,1,NULL),(32,'civicrm_contact',79,3,1,NULL),(33,'civicrm_contact',35,3,1,NULL),(34,'civicrm_contact',91,3,1,NULL),(35,'civicrm_contact',88,3,1,NULL),(36,'civicrm_contact',55,3,1,NULL),(37,'civicrm_contact',36,3,1,NULL),(38,'civicrm_contact',2,3,1,NULL),(39,'civicrm_contact',87,3,1,NULL),(40,'civicrm_contact',77,3,1,NULL),(41,'civicrm_contact',33,3,1,NULL),(42,'civicrm_contact',4,1,1,NULL),(43,'civicrm_contact',58,1,1,NULL),(44,'civicrm_contact',89,1,1,NULL),(45,'civicrm_contact',70,1,1,NULL),(46,'civicrm_contact',48,1,1,NULL),(47,'civicrm_contact',27,1,1,NULL),(48,'civicrm_contact',92,1,1,NULL),(49,'civicrm_contact',90,1,1,NULL),(50,'civicrm_contact',44,1,1,NULL),(51,'civicrm_contact',86,1,1,NULL),(52,'civicrm_contact',69,1,1,NULL),(53,'civicrm_contact',74,1,1,NULL),(54,'civicrm_contact',14,1,1,NULL),(55,'civicrm_contact',15,1,1,NULL),(56,'civicrm_contact',50,1,1,NULL),(57,'civicrm_contact',12,1,1,NULL),(58,'civicrm_contact',80,1,1,NULL),(59,'civicrm_contact',76,1,1,NULL),(60,'civicrm_contact',40,1,1,NULL),(61,'civicrm_contact',56,1,1,NULL),(62,'civicrm_contact',52,1,1,NULL),(63,'civicrm_contact',98,1,1,NULL),(64,'civicrm_contact',3,1,1,NULL),(65,'civicrm_contact',25,1,1,NULL),(66,'civicrm_contact',51,1,1,NULL),(67,'civicrm_contact',96,1,1,NULL),(68,'civicrm_contact',22,1,1,NULL),(69,'civicrm_contact',49,1,1,NULL),(70,'civicrm_contact',24,1,1,NULL),(71,'civicrm_contact',13,1,1,NULL),(72,'civicrm_contact',16,1,1,NULL),(73,'civicrm_contact',47,1,1,NULL),(74,'civicrm_contact',8,1,1,NULL),(75,'civicrm_contact',39,1,1,NULL),(76,'civicrm_contact',30,1,1,NULL),(77,'civicrm_contact',61,1,1,NULL),(78,'civicrm_contact',20,1,1,NULL),(79,'civicrm_contact',5,1,1,NULL),(80,'civicrm_contact',68,1,1,NULL),(81,'civicrm_contact',93,1,1,NULL),(82,'civicrm_contact',6,1,1,NULL),(83,'civicrm_contact',21,1,1,NULL),(84,'civicrm_contact',38,1,1,NULL),(85,'civicrm_contact',71,1,1,NULL),(86,'civicrm_contact',78,1,1,NULL),(87,'civicrm_event',1,1,1,'Mainland China'),(88,'civicrm_event',2,1,1,'palyhill'),(89,'civicrm_event',3,1,1,'DisneyLand');
UNLOCK TABLES;
/*!40000 ALTER TABLE `civicrm_location` ENABLE KEYS */;

--
-- Dumping data for table `civicrm_location_type`
--


/*!40000 ALTER TABLE `civicrm_location_type` DISABLE KEYS */;
LOCK TABLES `civicrm_location_type` WRITE;
INSERT INTO `civicrm_location_type` (`id`, `domain_id`, `name`, `vcard_name`, `description`, `is_reserved`, `is_active`, `is_default`) VALUES (1,1,'Home','HOME','Place of residence',0,1,1),(2,1,'Work','WORK','Work location',0,1,NULL),(3,1,'Main',NULL,'Main office location',0,1,NULL),(4,1,'Other',NULL,'Other location',0,1,NULL),(5,1,'Billing',NULL,'Location for all Online Contributions',0,1,NULL);
UNLOCK TABLES;
/*!40000 ALTER TABLE `civicrm_location_type` ENABLE KEYS */;

--
-- Dumping data for table `civicrm_log`
--


/*!40000 ALTER TABLE `civicrm_log` DISABLE KEYS */;
LOCK TABLES `civicrm_log` WRITE;
UNLOCK TABLES;
/*!40000 ALTER TABLE `civicrm_log` ENABLE KEYS */;

--
-- Dumping data for table `civicrm_mailing`
--


/*!40000 ALTER TABLE `civicrm_mailing` DISABLE KEYS */;
LOCK TABLES `civicrm_mailing` WRITE;
UNLOCK TABLES;
/*!40000 ALTER TABLE `civicrm_mailing` ENABLE KEYS */;

--
-- Dumping data for table `civicrm_mailing_bounce_pattern`
--


/*!40000 ALTER TABLE `civicrm_mailing_bounce_pattern` DISABLE KEYS */;
LOCK TABLES `civicrm_mailing_bounce_pattern` WRITE;
INSERT INTO `civicrm_mailing_bounce_pattern` (`id`, `bounce_type_id`, `pattern`) VALUES (1,1,'Client TOS Notification'),(2,2,'(be|am)? (out of|away from) (the|my)? (office|computer|town)'),(3,2,'i am on vacation'),(4,3,'name(server entry| lookup failure)'),(5,3,'no (mail server|matches to nameserver query|dns entries)'),(6,3,'reverse dns entry'),(7,4,'(unknown|not local) host'),(8,4,'all hosts have been failing'),(9,4,'allowed rcpthosts'),(10,4,'connection (refused|timed out)'),(11,4,'couldn\'t find any host named'),(12,4,'error involving remote host'),(13,4,'host unknown'),(14,4,'invalid host name'),(15,4,'isn\'t in my control/locals file'),(16,4,'local configuration error'),(17,4,'not a gateway'),(18,4,'server is down or unreachable'),(19,4,'too many connections'),(20,4,'unable to connect'),(21,5,'(my )?e-?mail( address)? has changed'),(22,5,'account (inactive|expired|deactivated)'),(23,5,'account is locked'),(24,5,'changed w+( e-?mail)? address'),(25,5,'deactivated mailbox'),(26,5,'disabled or discontinued'),(27,5,'inactive user'),(28,5,'is inactive on this domain'),(29,5,'mail receiving disabled'),(30,5,'mail( ?)address is administrative?ly disabled'),(31,5,'mailbox (temporarily disabled|currently suspended)'),(32,5,'no longer (accepting mail|on server|in use|with|employed|on staff|works for|using this account)'),(33,5,'not accepting mail'),(34,5,'please use my new e-?mail address'),(35,5,'this address no longer accepts mail'),(36,5,'user account suspended'),(37,6,'(user|recipient( name)?) is not recognized'),(38,6,'554 delivery error'),(39,6,'address does not exist'),(40,6,'address(es)? could not be found'),(41,6,'addressee unknown'),(42,6,'bad destination'),(43,6,'badly formatted address'),(44,6,'can\'t open mailbox for'),(45,6,'cannot deliver'),(46,6,'delivery to the following recipients failed'),(47,6,'destination addresses were unknown'),(48,6,'did not reach the following recipient'),(49,6,'does not exist'),(50,6,'does not like recipient'),(51,6,'does not specify a valid notes mail file'),(52,6,'illegal alias'),(53,6,'invalid (mailbox|(e-?mail )?address|recipient|final delivery)'),(54,6,'invalid( or unknown)?( virtual)? user'),(55,6,'mail delivery to this user is not allowed'),(56,6,'mailbox (not found|unavailable|name not allowed)'),(57,6,'message could not be forwarded'),(58,6,'missing or malformed local(-| )part'),(59,6,'no e-?mail address registered'),(60,6,'no such (mail drop|mailbox( w+)?|(e-?mail )?address|recipient|(local )?user)( here)?'),(61,6,'no mailbox here by that name'),(62,6,'not (listed in|found in directory|known at this site|our customer)'),(63,6,'not a valid( (user|mailbox))?'),(64,6,'not present in directory entry'),(65,6,'recipient (does not exist|(is )?unknown)'),(66,6,'this user doesn\'t have a yahoo.com address'),(67,6,'unavailable to take delivery of the message'),(68,6,'unavailable mailbox'),(69,6,'unknown (local( |-)part|recipient)'),(70,6,'unknown( or illegal)? user( account)?'),(71,6,'unrecognized recipient'),(72,6,'unregistered address'),(73,6,'user (unknown|does not exist)'),(74,6,'user doesn\'t have an? w+ account'),(75,6,'user(\'s e-?mail name is)? not found'),(76,7,'(mail|routing) loop'),(77,7,'excessive recursion'),(78,7,'loop detected'),(79,7,'maximum hop count exceeded'),(80,7,'message was forwarded more than the maximum allowed times'),(81,7,'too many hops'),(82,8,'(disk|over the allowed|exceed(ed|s)?|storage) quota'),(83,8,'522_mailbox_full'),(84,8,'exceeds allowed message count'),(85,8,'file too large'),(86,8,'full mailbox'),(87,8,'mailbox ((for user w+ )?is )?full'),(88,8,'mailbox has exceeded the limit'),(89,8,'mailbox( exceeds allowed)? size'),(90,8,'no space left for this user'),(91,8,'overs?quota'),(92,8,'quota (for the mailbox )?has been exceeded'),(93,8,'quota (usage|violation|exceeded)'),(94,8,'recipient storage full'),(95,8,'not able to receive more mail'),(96,9,'cannot find your hostname'),(97,9,'ip name lookup'),(98,9,'not configured to relay mail'),(99,9,'relay (not permitted|access denied)'),(100,9,'relayed mail to .+? not allowed'),(101,9,'sender ip must resolve'),(102,9,'unable to relay'),(103,10,'(bulk( e-?mail)|content|attachment blocking|virus|mail system) filters?'),(104,10,'(hostile|questionable|unacceptable) content'),(105,10,'address .+? has not been verified'),(106,10,'anti-?spam (policw+|software)'),(107,10,'anti-?virus gateway has detected'),(108,10,'blacklisted'),(109,10,'blocked message'),(110,10,'content control'),(111,10,'delivery not authorized'),(112,10,'does not conform to our e-?mail policy'),(113,10,'excessive spam content'),(114,10,'message looks suspicious'),(115,10,'open relay'),(116,10,'sender was rejected'),(117,10,'spam(check| reduction software| filters?)'),(118,10,'blocked by a user configured filter'),(119,10,'detected as spam'),(120,11,'nonstandard smtp line terminator'),(121,11,'syntax error in from address'),(122,11,'unknown smtp code');
UNLOCK TABLES;
/*!40000 ALTER TABLE `civicrm_mailing_bounce_pattern` ENABLE KEYS */;

--
-- Dumping data for table `civicrm_mailing_bounce_type`
--


/*!40000 ALTER TABLE `civicrm_mailing_bounce_type` DISABLE KEYS */;
LOCK TABLES `civicrm_mailing_bounce_type` WRITE;
INSERT INTO `civicrm_mailing_bounce_type` (`id`, `name`, `description`, `hold_threshold`) VALUES (1,'AOL','AOL Terms of Service complaint',1),(2,'Away','Recipient is on vacation',3),(3,'DNS','Unable to resolve recipient domain',3),(4,'Host','Unable to deliver to destintation mail server',3),(5,'Inactive','User account is no longer active',1),(6,'Invalid','Email address is not valid',1),(7,'Loop','Mail routing error',3),(8,'Quota','User inbox is full',3),(9,'Relay','Unable to reach destination mail server',3),(10,'Spam','Message caught by a content filter',1),(11,'Syntax','Error in SMTP transaction',3);
UNLOCK TABLES;
/*!40000 ALTER TABLE `civicrm_mailing_bounce_type` ENABLE KEYS */;

--
-- Dumping data for table `civicrm_mailing_component`
--


/*!40000 ALTER TABLE `civicrm_mailing_component` DISABLE KEYS */;
LOCK TABLES `civicrm_mailing_component` WRITE;
INSERT INTO `civicrm_mailing_component` (`id`, `domain_id`, `name`, `component_type`, `subject`, `body_html`, `body_text`, `is_default`, `is_active`) VALUES (1,1,'Mailing Header','Header','This is the Header','HTML Body of Header','Text Body of Header',1,1),(2,1,'Mailing Footer','Footer','This is the Footer','HTML Body of Footer','Text Body of Footer',1,1),(3,1,'Subscribe Message','Subscribe','Subscription confirmation request','You have a pending subscription to {subscribe.group}.  To confirm this subscription, reply to this email.','You have a pending subscription to {subscribe.group}.  To confirm this subscription, reply to this email.',1,1),(4,1,'Welcome Message','Welcome','Welcome','Welcome to {welcome.group}!','Welcome to {welcome.group}!',1,1),(5,1,'Unsubscribe Message','Unsubscribe','Unsubscribe results','You have been unsubscribed from {unsubscribe.group}.','You have been unsubscribed from {unsubscribe.group}.',1,1),(6,1,'Opt-out Message','OptOut','Goodbye','You have been removed from {domain.name}.  Goodbye.','You have been removed from {domain.name}.  Goodbye.',1,1),(7,1,'Auto-responder','Reply','Automated response','Thank you for your reply.','Thank you for your reply.',1,1);
UNLOCK TABLES;
/*!40000 ALTER TABLE `civicrm_mailing_component` ENABLE KEYS */;

--
-- Dumping data for table `civicrm_mailing_event_bounce`
--


/*!40000 ALTER TABLE `civicrm_mailing_event_bounce` DISABLE KEYS */;
LOCK TABLES `civicrm_mailing_event_bounce` WRITE;
UNLOCK TABLES;
/*!40000 ALTER TABLE `civicrm_mailing_event_bounce` ENABLE KEYS */;

--
-- Dumping data for table `civicrm_mailing_event_confirm`
--


/*!40000 ALTER TABLE `civicrm_mailing_event_confirm` DISABLE KEYS */;
LOCK TABLES `civicrm_mailing_event_confirm` WRITE;
UNLOCK TABLES;
/*!40000 ALTER TABLE `civicrm_mailing_event_confirm` ENABLE KEYS */;

--
-- Dumping data for table `civicrm_mailing_event_delivered`
--


/*!40000 ALTER TABLE `civicrm_mailing_event_delivered` DISABLE KEYS */;
LOCK TABLES `civicrm_mailing_event_delivered` WRITE;
UNLOCK TABLES;
/*!40000 ALTER TABLE `civicrm_mailing_event_delivered` ENABLE KEYS */;

--
-- Dumping data for table `civicrm_mailing_event_forward`
--


/*!40000 ALTER TABLE `civicrm_mailing_event_forward` DISABLE KEYS */;
LOCK TABLES `civicrm_mailing_event_forward` WRITE;
UNLOCK TABLES;
/*!40000 ALTER TABLE `civicrm_mailing_event_forward` ENABLE KEYS */;

--
-- Dumping data for table `civicrm_mailing_event_opened`
--


/*!40000 ALTER TABLE `civicrm_mailing_event_opened` DISABLE KEYS */;
LOCK TABLES `civicrm_mailing_event_opened` WRITE;
UNLOCK TABLES;
/*!40000 ALTER TABLE `civicrm_mailing_event_opened` ENABLE KEYS */;

--
-- Dumping data for table `civicrm_mailing_event_queue`
--


/*!40000 ALTER TABLE `civicrm_mailing_event_queue` DISABLE KEYS */;
LOCK TABLES `civicrm_mailing_event_queue` WRITE;
UNLOCK TABLES;
/*!40000 ALTER TABLE `civicrm_mailing_event_queue` ENABLE KEYS */;

--
-- Dumping data for table `civicrm_mailing_event_reply`
--


/*!40000 ALTER TABLE `civicrm_mailing_event_reply` DISABLE KEYS */;
LOCK TABLES `civicrm_mailing_event_reply` WRITE;
UNLOCK TABLES;
/*!40000 ALTER TABLE `civicrm_mailing_event_reply` ENABLE KEYS */;

--
-- Dumping data for table `civicrm_mailing_event_subscribe`
--


/*!40000 ALTER TABLE `civicrm_mailing_event_subscribe` DISABLE KEYS */;
LOCK TABLES `civicrm_mailing_event_subscribe` WRITE;
UNLOCK TABLES;
/*!40000 ALTER TABLE `civicrm_mailing_event_subscribe` ENABLE KEYS */;

--
-- Dumping data for table `civicrm_mailing_event_trackable_url_open`
--


/*!40000 ALTER TABLE `civicrm_mailing_event_trackable_url_open` DISABLE KEYS */;
LOCK TABLES `civicrm_mailing_event_trackable_url_open` WRITE;
UNLOCK TABLES;
/*!40000 ALTER TABLE `civicrm_mailing_event_trackable_url_open` ENABLE KEYS */;

--
-- Dumping data for table `civicrm_mailing_event_unsubscribe`
--


/*!40000 ALTER TABLE `civicrm_mailing_event_unsubscribe` DISABLE KEYS */;
LOCK TABLES `civicrm_mailing_event_unsubscribe` WRITE;
UNLOCK TABLES;
/*!40000 ALTER TABLE `civicrm_mailing_event_unsubscribe` ENABLE KEYS */;

--
-- Dumping data for table `civicrm_mailing_group`
--


/*!40000 ALTER TABLE `civicrm_mailing_group` DISABLE KEYS */;
LOCK TABLES `civicrm_mailing_group` WRITE;
UNLOCK TABLES;
/*!40000 ALTER TABLE `civicrm_mailing_group` ENABLE KEYS */;

--
-- Dumping data for table `civicrm_mailing_job`
--


/*!40000 ALTER TABLE `civicrm_mailing_job` DISABLE KEYS */;
LOCK TABLES `civicrm_mailing_job` WRITE;
UNLOCK TABLES;
/*!40000 ALTER TABLE `civicrm_mailing_job` ENABLE KEYS */;

--
-- Dumping data for table `civicrm_mailing_trackable_url`
--


/*!40000 ALTER TABLE `civicrm_mailing_trackable_url` DISABLE KEYS */;
LOCK TABLES `civicrm_mailing_trackable_url` WRITE;
UNLOCK TABLES;
/*!40000 ALTER TABLE `civicrm_mailing_trackable_url` ENABLE KEYS */;

--
-- Dumping data for table `civicrm_mapping`
--


/*!40000 ALTER TABLE `civicrm_mapping` DISABLE KEYS */;
LOCK TABLES `civicrm_mapping` WRITE;
UNLOCK TABLES;
/*!40000 ALTER TABLE `civicrm_mapping` ENABLE KEYS */;

--
-- Dumping data for table `civicrm_mapping_field`
--


/*!40000 ALTER TABLE `civicrm_mapping_field` DISABLE KEYS */;
LOCK TABLES `civicrm_mapping_field` WRITE;
UNLOCK TABLES;
/*!40000 ALTER TABLE `civicrm_mapping_field` ENABLE KEYS */;

--
-- Dumping data for table `civicrm_meeting`
--


/*!40000 ALTER TABLE `civicrm_meeting` DISABLE KEYS */;
LOCK TABLES `civicrm_meeting` WRITE;
UNLOCK TABLES;
/*!40000 ALTER TABLE `civicrm_meeting` ENABLE KEYS */;

--
-- Dumping data for table `civicrm_membership`
--


/*!40000 ALTER TABLE `civicrm_membership` DISABLE KEYS */;
LOCK TABLES `civicrm_membership` WRITE;
INSERT INTO `civicrm_membership` (`id`, `contact_id`, `membership_type_id`, `join_date`, `start_date`, `end_date`, `source`, `status_id`, `is_override`, `reminder_date`) VALUES (1,85,1,'2006-01-21','2006-01-21','2006-12-21','Payment',4,NULL,NULL),(2,4,2,'2005-05-07','2005-05-07','2006-05-07','Donation',4,NULL,NULL),(3,35,1,'2005-05-05','2005-05-05','2006-05-10','Check',4,NULL,NULL),(4,36,1,'2005-10-21','2005-10-21','2006-10-22','Payment',4,NULL,NULL),(5,80,2,'2005-01-10','2005-01-10','2006-07-09','Donation',4,NULL,NULL),(6,13,2,'2005-03-05','2005-03-05','2005-12-04','Check',4,NULL,NULL),(7,91,1,'2006-07-21','2006-07-21','2007-01-20','Payment',4,NULL,NULL),(8,75,2,'2006-03-07','2006-03-07','2006-12-31','Donation',4,NULL,NULL),(9,96,3,'2005-02-05','2005-02-05','2006-02-10','Check',4,NULL,NULL),(10,12,1,'2005-02-01','2005-02-01','2006-02-10','Payment',4,NULL,NULL),(11,68,2,'2006-01-10','2006-01-10','2007-12-09','Donation',2,NULL,NULL),(12,27,3,'2006-03-06','2006-03-06','2007-01-04','Check',4,NULL,NULL),(13,100,1,'2005-06-04','2005-06-04','2006-06-07','Payment',4,NULL,NULL),(14,23,2,'2004-01-10','2004-01-10','2005-02-09','Donation',4,NULL,NULL),(15,84,2,'2005-07-04','2005-07-04','2006-07-04','Check',4,NULL,NULL),(16,25,1,'2006-01-21','2006-01-21','2007-01-20','Payment',4,NULL,NULL),(17,82,2,'2005-01-10','2005-01-10','2007-12-09','Donation',2,NULL,NULL),(18,16,3,'2006-03-05','2006-03-05','2007-11-04','Check',2,NULL,NULL),(19,22,1,'2005-10-21','2005-10-21','2006-01-20','Payment',4,NULL,NULL),(20,55,2,'2006-01-10','2006-01-10','2006-12-09','Donation',4,NULL,NULL),(21,52,2,'2005-03-25','2005-03-25','2006-03-26','Check',4,NULL,NULL),(22,19,1,'2006-10-21','2006-10-21','2006-11-20','Payment',4,NULL,NULL),(23,93,2,'2005-01-10','2005-01-10','2007-12-09','Donation',2,NULL,NULL),(24,51,2,'2005-03-11','2005-03-11','2006-01-04','Check',4,NULL,NULL),(25,73,3,'2005-04-05','2005-04-05','2006-01-04','Check',4,NULL,NULL);
UNLOCK TABLES;
/*!40000 ALTER TABLE `civicrm_membership` ENABLE KEYS */;

--
-- Dumping data for table `civicrm_membership_block`
--


/*!40000 ALTER TABLE `civicrm_membership_block` DISABLE KEYS */;
LOCK TABLES `civicrm_membership_block` WRITE;
INSERT INTO `civicrm_membership_block` (`id`, `entity_table`, `entity_id`, `membership_types`, `membership_type_default`, `display_min_fee`, `is_separate_payment`, `new_title`, `new_text`, `renewal_title`, `renewal_text`, `is_required`, `is_active`) VALUES (1,'civicrm_contribution_page',2,'1,2',1,1,NULL,'Membership Levels and Fees','Please select the appropriate membership level below. You will have a chance to review your selection and the corresponding dues on the next page prior to your credit card being charged.','Renew or Upgrade Your Membership','Information on your current membership level and expiration date is shown below. You may renew or upgrade at any time - but don\'t let your membership lapse!',1,1);
UNLOCK TABLES;
/*!40000 ALTER TABLE `civicrm_membership_block` ENABLE KEYS */;

--
-- Dumping data for table `civicrm_membership_log`
--


/*!40000 ALTER TABLE `civicrm_membership_log` DISABLE KEYS */;
LOCK TABLES `civicrm_membership_log` WRITE;
INSERT INTO `civicrm_membership_log` (`id`, `membership_id`, `status_id`, `start_date`, `end_date`, `modified_id`, `modified_date`, `renewal_reminder_date`) VALUES (1,1,4,'2006-01-21','2006-12-21',85,'2007-02-21',NULL),(2,2,4,'2005-05-07','2006-05-07',4,'2007-02-21',NULL),(3,3,4,'2005-05-05','2006-05-10',35,'2007-02-21',NULL),(4,4,4,'2005-10-21','2006-10-22',36,'2007-02-21',NULL),(5,5,4,'2005-01-10','2006-07-09',80,'2007-02-21',NULL),(6,6,4,'2005-03-05','2005-12-04',13,'2007-02-21',NULL),(7,7,4,'2006-07-21','2007-01-20',91,'2007-02-21',NULL),(8,8,4,'2006-03-07','2006-12-31',75,'2007-02-21',NULL),(9,9,4,'2005-02-05','2006-02-10',96,'2007-02-21',NULL),(10,10,4,'2005-02-01','2006-02-10',12,'2007-02-21',NULL),(11,11,2,'2006-01-10','2007-12-09',68,'2007-02-21',NULL),(12,12,4,'2006-03-06','2007-01-04',27,'2007-02-21',NULL),(13,13,4,'2005-06-04','2006-06-07',100,'2007-02-21',NULL),(14,14,4,'2004-01-10','2005-02-09',23,'2007-02-21',NULL),(15,15,4,'2005-07-04','2006-07-04',84,'2007-02-21',NULL),(16,16,4,'2006-01-21','2007-01-20',25,'2007-02-21',NULL),(17,17,2,'2005-01-10','2007-12-09',82,'2007-02-21',NULL),(18,18,2,'2006-03-05','2007-11-04',16,'2007-02-21',NULL),(19,19,4,'2005-10-21','2006-01-20',22,'2007-02-21',NULL),(20,20,4,'2006-01-10','2006-12-09',55,'2007-02-21',NULL),(21,21,4,'2005-03-25','2006-03-26',52,'2007-02-21',NULL),(22,22,4,'2006-10-21','2006-11-20',19,'2007-02-21',NULL),(23,23,2,'2005-01-10','2007-12-09',93,'2007-02-21',NULL),(24,24,4,'2005-03-11','2006-01-04',51,'2007-02-21',NULL),(25,25,4,'2005-04-05','2006-01-04',73,'2007-02-21',NULL);
UNLOCK TABLES;
/*!40000 ALTER TABLE `civicrm_membership_log` ENABLE KEYS */;

--
-- Dumping data for table `civicrm_membership_payment`
--


/*!40000 ALTER TABLE `civicrm_membership_payment` DISABLE KEYS */;
LOCK TABLES `civicrm_membership_payment` WRITE;
UNLOCK TABLES;
/*!40000 ALTER TABLE `civicrm_membership_payment` ENABLE KEYS */;

--
-- Dumping data for table `civicrm_membership_status`
--


/*!40000 ALTER TABLE `civicrm_membership_status` DISABLE KEYS */;
LOCK TABLES `civicrm_membership_status` WRITE;
INSERT INTO `civicrm_membership_status` (`id`, `domain_id`, `name`, `start_event`, `start_event_adjust_unit`, `start_event_adjust_interval`, `end_event`, `end_event_adjust_unit`, `end_event_adjust_interval`, `is_current_member`, `is_admin`, `weight`, `is_default`, `is_active`) VALUES (1,1,'New','join_date',NULL,NULL,'join_date','month',3,1,0,1,0,1),(2,1,'Current','start_date',NULL,NULL,'end_date',NULL,NULL,1,0,2,1,1),(3,1,'Grace','end_date',NULL,NULL,'end_date','month',1,1,0,3,0,1),(4,1,'Expired','end_date','month',1,NULL,NULL,NULL,0,0,4,0,1);
UNLOCK TABLES;
/*!40000 ALTER TABLE `civicrm_membership_status` ENABLE KEYS */;

--
-- Dumping data for table `civicrm_membership_type`
--


/*!40000 ALTER TABLE `civicrm_membership_type` DISABLE KEYS */;
LOCK TABLES `civicrm_membership_type` WRITE;
INSERT INTO `civicrm_membership_type` (`id`, `domain_id`, `name`, `description`, `member_of_contact_id`, `contribution_type_id`, `minimum_fee`, `duration_unit`, `duration_interval`, `period_type`, `fixed_period_start_day`, `fixed_period_rollover_day`, `relationship_type_id`, `visibility`, `weight`, `renewal_msg_id`, `renewal_reminder_day`, `is_active`) VALUES (1,1,'General','Regular annual membership.',1,2,'100.00','year',2,'rolling',NULL,NULL,7,'Public',1,NULL,NULL,1),(2,1,'Student','Discount membership for full-time students.',1,1,'50.00','year',1,'rolling',NULL,NULL,7,'Public',2,NULL,NULL,1),(3,1,'Lifetime','Lifetime membership.',1,2,'1200.00','lifetime',1,'rolling',NULL,NULL,7,'Admin',3,NULL,NULL,1);
UNLOCK TABLES;
/*!40000 ALTER TABLE `civicrm_membership_type` ENABLE KEYS */;

--
-- Dumping data for table `civicrm_msg_template`
--


/*!40000 ALTER TABLE `civicrm_msg_template` DISABLE KEYS */;
LOCK TABLES `civicrm_msg_template` WRITE;
UNLOCK TABLES;
/*!40000 ALTER TABLE `civicrm_msg_template` ENABLE KEYS */;

--
-- Dumping data for table `civicrm_note`
--


/*!40000 ALTER TABLE `civicrm_note` DISABLE KEYS */;
LOCK TABLES `civicrm_note` WRITE;
INSERT INTO `civicrm_note` (`id`, `entity_table`, `entity_id`, `note`, `contact_id`, `modified_date`, `subject`) VALUES (1,'civicrm_contact',17,'Invite members for the Steve Prefontaine 10k dream run',1,'2006-06-14',NULL),(2,'civicrm_contact',100,'Connect for presentation',1,'2006-07-04',NULL),(3,'civicrm_contact',59,'Arrange for cricket match with Sunil Gavaskar',1,'2006-11-25',NULL),(4,'civicrm_contact',29,'Contact the Commisioner of Charities',1,'2007-02-10',NULL),(5,'civicrm_contact',94,'Arrange for cricket match with Sunil Gavaskar',1,'2007-02-13',NULL),(6,'civicrm_contact',53,'Arrange collection of funds from members',1,'2006-11-23',NULL),(7,'civicrm_contact',7,'Get the registration done for NGO status',1,'2006-06-27',NULL),(8,'civicrm_contact',66,'Connect for presentation',1,'2006-10-15',NULL),(9,'civicrm_contact',81,'Arrange for cricket match with Sunil Gavaskar',1,'2007-01-25',NULL),(10,'civicrm_contact',28,'Invite members for the Steve Prefontaine 10k dream run',1,'2006-10-11',NULL),(11,'civicrm_contact',97,'Contact the Commisioner of Charities',1,'2006-05-31',NULL),(12,'civicrm_contact',18,'Send newsletter for April 2005',1,'2006-06-09',NULL),(13,'civicrm_contact',10,'Arrange for cricket match with Sunil Gavaskar',1,'2006-02-24',NULL),(14,'civicrm_contact',31,'Chart out route map for next 10k run',1,'2006-09-24',NULL),(15,'civicrm_contact',32,'Send reminder for annual dinner',1,'2006-09-17',NULL),(16,'civicrm_contact',4,'Connect for presentation',1,'2006-12-26',NULL),(17,'civicrm_contact',58,'Chart out route map for next 10k run',1,'2007-01-22',NULL),(18,'civicrm_contact',89,'Send reminder for annual dinner',1,'2006-07-18',NULL),(19,'civicrm_contact',70,'Arrange for cricket match with Sunil Gavaskar',1,'2006-04-20',NULL),(20,'civicrm_contact',48,'Send reminder for annual dinner',1,'2006-04-29',NULL),(21,'civicrm_contact',27,'Get the registration done for NGO status',1,'2007-02-15',NULL),(22,'civicrm_contact',92,'Contact the Commisioner of Charities',1,'2006-04-13',NULL),(23,'civicrm_contact',44,'Get the registration done for NGO status',1,'2006-09-08',NULL),(24,'civicrm_contact',86,'Reminder screening of \"Black\" on next Friday',1,'2006-07-04',NULL),(25,'civicrm_contact',69,'Chart out route map for next 10k run',1,'2006-08-03',NULL),(26,'civicrm_contact',74,'Get the registration done for NGO status',1,'2006-12-08',NULL),(27,'civicrm_contact',14,'Send reminder for annual dinner',1,'2006-05-16',NULL),(28,'civicrm_contact',15,'Invite members for the Steve Prefontaine 10k dream run',1,'2006-11-22',NULL),(29,'civicrm_contact',50,'Arrange for cricket match with Sunil Gavaskar',1,'2007-02-03',NULL),(30,'civicrm_contact',12,'Organize the Terry Fox run',1,'2006-08-10',NULL),(31,'civicrm_contact',80,'Arrange for cricket match with Sunil Gavaskar',1,'2007-01-23',NULL),(32,'civicrm_contact',76,'Send newsletter for April 2005',1,'2006-08-09',NULL),(33,'civicrm_contact',40,'Invite members for the Steve Prefontaine 10k dream run',1,'2006-06-20',NULL),(34,'civicrm_contact',56,'Get the registration done for NGO status',1,'2006-03-18',NULL),(35,'civicrm_contact',52,'Send reminder for annual dinner',1,'2006-11-30',NULL),(36,'civicrm_contact',98,'Send reminder for annual dinner',1,'2006-08-10',NULL),(37,'civicrm_contact',3,'Send reminder for annual dinner',1,'2006-08-11',NULL),(38,'civicrm_contact',25,'Reminder screening of \"Black\" on next Friday',1,'2006-07-20',NULL),(39,'civicrm_contact',51,'Send newsletter for April 2005',1,'2006-07-07',NULL),(40,'civicrm_contact',96,'Invite members for the Steve Prefontaine 10k dream run',1,'2006-11-18',NULL),(41,'civicrm_contact',22,'Send reminder for annual dinner',1,'2006-09-27',NULL),(42,'civicrm_contact',49,'Arrange for cricket match with Sunil Gavaskar',1,'2006-03-23',NULL),(43,'civicrm_contact',24,'Arrange for cricket match with Sunil Gavaskar',1,'2006-12-02',NULL),(44,'civicrm_contact',13,'Reminder screening of \"Black\" on next Friday',1,'2006-12-16',NULL),(45,'civicrm_contact',16,'Invite members for the Steve Prefontaine 10k dream run',1,'2006-05-19',NULL),(46,'civicrm_contact',47,'Contact the Commisioner of Charities',1,'2006-11-02',NULL),(47,'civicrm_contact',8,'Organize the Terry Fox run',1,'2006-09-18',NULL),(48,'civicrm_contact',39,'Get the registration done for NGO status',1,'2006-06-27',NULL),(49,'civicrm_contact',61,'Arrange collection of funds from members',1,'2006-03-26',NULL),(50,'civicrm_contact',20,'Contact the Commisioner of Charities',1,'2007-02-08',NULL),(51,'civicrm_contact',5,'Arrange for cricket match with Sunil Gavaskar',1,'2007-02-17',NULL),(52,'civicrm_contact',68,'Connect for presentation',1,'2006-10-29',NULL),(53,'civicrm_contact',93,'Arrange for cricket match with Sunil Gavaskar',1,'2006-02-23',NULL),(54,'civicrm_contact',6,'Connect for presentation',1,'2007-02-01',NULL),(55,'civicrm_contact',21,'Reminder screening of \"Black\" on next Friday',1,'2006-12-29',NULL),(56,'civicrm_contact',38,'Reminder screening of \"Black\" on next Friday',1,'2007-02-11',NULL),(57,'civicrm_contact',71,'Chart out route map for next 10k run',1,'2006-03-22',NULL),(58,'civicrm_contact',78,'Arrange collection of funds from members',1,'2006-12-29',NULL),(59,'civicrm_contact',57,'Reminder screening of \"Black\" on next Friday',1,'2007-01-08',NULL),(60,'civicrm_contact',72,'Chart out route map for next 10k run',1,'2006-12-10',NULL),(61,'civicrm_contact',54,'Organize the Terry Fox run',1,'2007-01-19',NULL),(62,'civicrm_contact',37,'Send reminder for annual dinner',1,'2006-06-13',NULL),(63,'civicrm_contact',73,'Send newsletter for April 2005',1,'2006-10-14',NULL),(64,'civicrm_contact',83,'Arrange for cricket match with Sunil Gavaskar',1,'2006-04-07',NULL),(65,'civicrm_contact',67,'Arrange collection of funds from members',1,'2006-10-24',NULL),(66,'civicrm_contact',23,'Chart out route map for next 10k run',1,'2006-02-28',NULL),(67,'civicrm_contact',75,'Send reminder for annual dinner',1,'2006-06-05',NULL),(68,'civicrm_contact',9,'Arrange collection of funds from members',1,'2006-10-01',NULL),(69,'civicrm_contact',41,'Organize the Terry Fox run',1,'2006-09-24',NULL),(70,'civicrm_contact',45,'Contact the Commisioner of Charities',1,'2006-05-25',NULL),(71,'civicrm_contact',19,'Send newsletter for April 2005',1,'2006-08-03',NULL),(72,'civicrm_contact',95,'Get the registration done for NGO status',1,'2006-11-25',NULL),(73,'civicrm_contact',82,'Send reminder for annual dinner',1,'2006-04-29',NULL),(74,'civicrm_contact',11,'Contact the Commisioner of Charities',1,'2006-12-12',NULL),(75,'civicrm_contact',43,'Arrange collection of funds from members',1,'2006-10-10',NULL),(76,'civicrm_contact',101,'Get the registration done for NGO status',1,'2006-12-25',NULL),(77,'civicrm_contact',26,'Get the registration done for NGO status',1,'2006-04-17',NULL),(78,'civicrm_contact',34,'Arrange for cricket match with Sunil Gavaskar',1,'2006-03-02',NULL),(79,'civicrm_contact',42,'Arrange collection of funds from members',1,'2007-02-04',NULL),(80,'civicrm_contact',62,'Send reminder for annual dinner',1,'2006-06-21',NULL),(81,'civicrm_contact',64,'Organize the Terry Fox run',1,'2006-06-01',NULL),(82,'civicrm_contact',84,'Arrange for cricket match with Sunil Gavaskar',1,'2007-01-11',NULL),(83,'civicrm_contact',63,'Invite members for the Steve Prefontaine 10k dream run',1,'2006-09-07',NULL),(84,'civicrm_contact',99,'Arrange for cricket match with Sunil Gavaskar',1,'2006-08-16',NULL),(85,'civicrm_contact',85,'Arrange collection of funds from members',1,'2006-11-29',NULL),(86,'civicrm_contact',65,'Arrange for cricket match with Sunil Gavaskar',1,'2006-09-27',NULL),(87,'civicrm_contact',46,'Send reminder for annual dinner',1,'2006-10-30',NULL),(88,'civicrm_contact',79,'Organize the Terry Fox run',1,'2006-10-28',NULL),(89,'civicrm_contact',35,'Chart out route map for next 10k run',1,'2006-11-17',NULL),(90,'civicrm_contact',91,'Invite members for the Steve Prefontaine 10k dream run',1,'2006-08-08',NULL),(91,'civicrm_contact',88,'Organize the Terry Fox run',1,'2006-08-01',NULL),(92,'civicrm_contact',55,'Reminder screening of \"Black\" on next Friday',1,'2007-02-09',NULL),(93,'civicrm_contact',36,'Invite members for the Steve Prefontaine 10k dream run',1,'2006-04-18',NULL),(94,'civicrm_contact',2,'Connect for presentation',1,'2006-06-23',NULL),(95,'civicrm_contact',87,'Connect for presentation',1,'2006-06-24',NULL),(96,'civicrm_contact',77,'Send newsletter for April 2005',1,'2006-11-22',NULL),(97,'civicrm_contact',33,'Contact the Commisioner of Charities',1,'2006-05-17',NULL);
UNLOCK TABLES;
/*!40000 ALTER TABLE `civicrm_note` ENABLE KEYS */;

--
-- Dumping data for table `civicrm_option_group`
--


/*!40000 ALTER TABLE `civicrm_option_group` DISABLE KEYS */;
LOCK TABLES `civicrm_option_group` WRITE;
INSERT INTO `civicrm_option_group` (`id`, `domain_id`, `name`, `description`, `is_reserved`, `is_active`) VALUES (1,1,'preferred_communication_method','Preferred communication method',0,1),(2,1,'activity_type','Activity Type',0,1),(3,1,'gender','Gender',0,1),(4,1,'instant_messenger_service','Instant Messenger (IM) screen-names',0,1),(5,1,'mobile_provider','Mobile Phone Providers',0,1),(6,1,'individual_prefix','Individual contact prefixes.',0,1),(7,1,'individual_suffix','Individual contact suffixes.',0,1),(8,1,'acl_role','ACL Role.',0,1),(9,1,'accept_creditcard','Accept Credit Card',0,1),(10,1,'payment_instrument','Payment Instrument',0,1),(11,1,'contribution_status','Contribution Status',0,1),(12,1,'participant_status','Participant Status',0,1),(13,1,'participant_role','Participant Role',0,1),(14,1,'event_type','Event Type',0,1);
UNLOCK TABLES;
/*!40000 ALTER TABLE `civicrm_option_group` ENABLE KEYS */;

--
-- Dumping data for table `civicrm_option_value`
--


/*!40000 ALTER TABLE `civicrm_option_value` DISABLE KEYS */;
LOCK TABLES `civicrm_option_value` WRITE;
INSERT INTO `civicrm_option_value` (`id`, `option_group_id`, `label`, `value`, `name`, `grouping`, `filter`, `is_default`, `weight`, `description`, `is_optgroup`, `is_reserved`, `is_active`) VALUES (1,1,'Phone',1,NULL,NULL,0,NULL,1,NULL,0,0,1),(2,1,'Email',2,NULL,NULL,0,NULL,2,NULL,0,0,1),(3,1,'Postal Mail',3,NULL,NULL,0,NULL,3,NULL,0,0,1),(4,1,'SMS',4,NULL,NULL,0,NULL,4,NULL,0,0,1),(5,1,'Fax',5,NULL,NULL,0,NULL,5,NULL,0,0,1),(6,2,'Meeting',1,'Meeting',NULL,0,NULL,1,'Schedule a meeting',0,1,1),(7,2,'Phone Call',2,'Phone Call',NULL,0,NULL,2,'Schedule a Phone Call',0,1,1),(8,2,'Email',3,'Email',NULL,0,NULL,3,'Email Sent',0,1,1),(9,2,'SMS',4,'SMS',NULL,0,NULL,4,'SMS',0,1,1),(10,2,'Event',5,'Event',NULL,0,NULL,5,'Event',0,0,1),(11,3,'Female',1,'Female',NULL,0,NULL,1,NULL,0,0,1),(12,3,'Male',2,'Male',NULL,0,NULL,2,NULL,0,0,1),(13,3,'Transgender',3,'Transgender',NULL,0,NULL,3,NULL,0,0,1),(14,4,'Yahoo',1,'Yahoo',NULL,0,NULL,1,NULL,0,0,1),(15,4,'MSN',2,'Msn',NULL,0,NULL,2,NULL,0,0,1),(16,4,'AIM',3,'Aim',NULL,0,NULL,3,NULL,0,0,1),(17,4,'GTalk',4,'Gtalk',NULL,0,NULL,4,NULL,0,0,1),(18,4,'Jabber',5,'Jabber',NULL,0,NULL,5,NULL,0,0,1),(19,4,'Skype',6,'Skype',NULL,0,NULL,6,NULL,0,0,1),(20,5,'Sprint',1,'Sprint',NULL,0,NULL,1,NULL,0,0,1),(21,5,'Verizon',2,'Verizon',NULL,0,NULL,2,NULL,0,0,1),(22,5,'Cingular',3,'Cingular',NULL,0,NULL,3,NULL,0,0,1),(23,6,'Mrs',1,'Mrs',NULL,0,NULL,1,NULL,0,0,1),(24,6,'Ms',2,'Ms',NULL,0,NULL,2,NULL,0,0,1),(25,6,'Mr',3,'Mr',NULL,0,NULL,3,NULL,0,0,1),(26,6,'Dr',4,'Dr',NULL,0,NULL,4,NULL,0,0,1),(27,7,'Jr',1,'Jr',NULL,0,NULL,1,NULL,0,0,1),(28,7,'Sr',2,'Sr',NULL,0,NULL,2,NULL,0,0,1),(29,7,'II',3,'II',NULL,0,NULL,3,NULL,0,0,1),(30,7,'III',4,'III',NULL,0,NULL,4,NULL,0,0,1),(31,7,'IV',5,'IV',NULL,0,NULL,5,NULL,0,0,1),(32,7,'V',6,'V',NULL,0,NULL,6,NULL,0,0,1),(33,7,'VI',7,'VI',NULL,0,NULL,7,NULL,0,0,1),(34,7,'VII',8,'VII',NULL,0,NULL,8,NULL,0,0,1),(35,8,'Administrator',1,'Admin',NULL,0,NULL,1,NULL,0,0,1),(36,8,'Authenticated',2,'Auth',NULL,0,NULL,2,NULL,0,0,1),(37,9,'Visa',1,'Visa',NULL,0,NULL,1,NULL,0,0,1),(38,9,'MasterCard',2,'MasterCard',NULL,0,NULL,2,NULL,0,0,1),(39,9,'American Express',3,'American Express',NULL,0,NULL,3,NULL,0,0,1),(40,9,'Discover',4,'Discover',NULL,0,NULL,4,NULL,0,0,1),(41,10,'Credit Card',1,'Credit Card',NULL,0,NULL,1,NULL,0,0,1),(42,10,'Debit Card',2,'Debit Card',NULL,0,NULL,2,NULL,0,0,1),(43,10,'Cash',3,'Cash',NULL,0,NULL,3,NULL,0,0,1),(44,10,'Check',4,'Check',NULL,0,NULL,4,NULL,0,0,1),(45,10,'EFT',5,'EFT',NULL,0,NULL,5,NULL,0,0,1),(46,11,'Completed',1,'Completed',NULL,0,NULL,1,NULL,0,0,1),(47,11,'Pending',2,'Pending',NULL,0,NULL,2,NULL,0,0,1),(48,11,'Cancelled',3,'Cancelled',NULL,0,NULL,3,NULL,0,0,1),(49,11,'Failed',4,'Failed',NULL,0,NULL,4,NULL,0,0,1),(50,11,'In Progress',5,'In Progress',NULL,0,NULL,5,NULL,0,0,1),(51,12,'Registered',1,'Registered',NULL,0,NULL,1,NULL,0,1,1),(52,12,'Attended',2,'Attended',NULL,0,NULL,2,NULL,0,0,1),(53,12,'No-show',3,'No-show',NULL,0,NULL,3,NULL,0,0,1),(54,12,'Cancelled',4,'Cancelled',NULL,0,NULL,4,NULL,0,1,1),(55,13,'Attendee',1,'Attendee',NULL,0,NULL,1,NULL,0,0,1),(56,13,'Volunteer',2,'Volunteer',NULL,0,NULL,2,NULL,0,0,1),(57,13,'Host',3,'Host',NULL,0,NULL,3,NULL,0,0,1),(58,13,'Speaker',4,'Speaker',NULL,0,NULL,4,NULL,0,0,1),(59,14,'Conference',1,'Conference',NULL,0,NULL,1,NULL,0,0,1),(60,14,'Exhibition',2,'Exhibition',NULL,0,NULL,2,NULL,0,0,1),(61,14,'Fundraiser',3,'Fundraiser',NULL,0,NULL,3,NULL,0,0,1),(62,14,'Meeting',4,'Meeting',NULL,0,NULL,4,NULL,0,0,1),(63,14,'Performance',5,'Performance',NULL,0,NULL,5,NULL,0,0,1),(64,14,'Workshop',6,'Conference',NULL,0,NULL,6,NULL,0,0,1);
UNLOCK TABLES;
/*!40000 ALTER TABLE `civicrm_option_value` ENABLE KEYS */;

--
-- Dumping data for table `civicrm_organization`
--


/*!40000 ALTER TABLE `civicrm_organization` DISABLE KEYS */;
LOCK TABLES `civicrm_organization` WRITE;
INSERT INTO `civicrm_organization` (`id`, `contact_id`, `organization_name`, `legal_name`, `sic_code`, `primary_contact_id`) VALUES (1,1,'Inner City Arts',NULL,NULL,NULL),(2,79,'Compasspoint  ',NULL,NULL,NULL),(3,35,'Cisco Systems  ',NULL,NULL,NULL),(4,91,'Cisco Systems  ',NULL,NULL,NULL),(5,88,'Intel  ',NULL,NULL,NULL),(6,55,'Social Source Foundation  ',NULL,NULL,NULL),(7,36,'Social Source Foundation  ',NULL,NULL,NULL),(8,2,'Eastmont Computing Center  ',NULL,NULL,NULL),(9,87,'Conservation Corp  ',NULL,NULL,NULL),(10,77,'Conservation Corp  ',NULL,NULL,NULL),(11,33,'Working Assets  ',NULL,NULL,NULL);
UNLOCK TABLES;
/*!40000 ALTER TABLE `civicrm_organization` ENABLE KEYS */;

--
-- Dumping data for table `civicrm_participant`
--


/*!40000 ALTER TABLE `civicrm_participant` DISABLE KEYS */;
LOCK TABLES `civicrm_participant` WRITE;
INSERT INTO `civicrm_participant` (`id`, `contact_id`, `event_id`, `status_id`, `role_id`, `register_date`, `source`, `event_level`, `is_test`) VALUES (1,74,1,1,1,'2006-01-21 00:00:00','','Payment',0),(2,25,2,2,2,'2005-05-07 00:00:00','','Donation',0),(3,53,3,3,3,'2005-05-05 00:00:00','','Check',0),(4,72,1,4,4,'2005-10-21 00:00:00','','Payment',0),(5,10,1,1,1,'2005-01-10 00:00:00','','Donation',0),(6,75,2,2,2,'2005-03-05 00:00:00','','Check',0),(7,13,3,3,3,'2006-07-21 00:00:00','','Payment',0),(8,11,1,4,4,'2006-03-07 00:00:00','','Donation',0),(9,54,3,1,1,'2005-02-05 00:00:00','','Check',0),(10,63,1,2,2,'2005-02-01 00:00:00','','Payment',0),(11,66,2,3,3,'2006-01-10 00:00:00','','Donation',0),(12,81,3,4,4,'2006-03-06 00:00:00','','Check',0),(13,59,1,1,2,'2005-06-04 00:00:00','','Payment',0),(14,1,2,2,3,'2004-01-10 00:00:00','','Donation',0),(15,80,2,4,1,'2005-07-04 00:00:00','','Check',0),(16,16,1,4,2,'2006-01-21 00:00:00','','Payment',0),(17,76,2,2,3,'2005-01-10 00:00:00','','Donation',0),(18,31,3,3,1,'2006-03-05 00:00:00','','Check',0),(19,88,1,2,1,'2005-10-21 00:00:00','','Payment',0),(20,7,2,4,1,'2006-01-10 00:00:00','','Donation',0),(21,77,2,1,4,'2005-03-25 00:00:00','','Check',0),(22,96,1,2,3,'2006-10-21 00:00:00','','Payment',0),(23,23,2,4,1,'2005-01-10 00:00:00','','Donation',0),(24,89,2,3,1,'2005-03-11 00:00:00','','Check',0),(25,24,3,2,2,'2005-04-05 00:00:00','','Check',0);
UNLOCK TABLES;
/*!40000 ALTER TABLE `civicrm_participant` ENABLE KEYS */;

--
-- Dumping data for table `civicrm_participant_payment`
--


/*!40000 ALTER TABLE `civicrm_participant_payment` DISABLE KEYS */;
LOCK TABLES `civicrm_participant_payment` WRITE;
UNLOCK TABLES;
/*!40000 ALTER TABLE `civicrm_participant_payment` ENABLE KEYS */;

--
-- Dumping data for table `civicrm_phone`
--


/*!40000 ALTER TABLE `civicrm_phone` DISABLE KEYS */;
LOCK TABLES `civicrm_phone` WRITE;
INSERT INTO `civicrm_phone` (`id`, `location_id`, `is_primary`, `mobile_provider_id`, `phone`, `phone_type`) VALUES (1,1,1,NULL,'32995405','Phone'),(2,1,0,NULL,'46278704','Mobile'),(3,2,1,NULL,'78663061','Phone'),(4,2,0,NULL,'73285525','Mobile'),(5,4,1,NULL,'89483472','Phone'),(6,4,0,NULL,'16217756','Mobile'),(7,5,1,NULL,'41612267','Phone'),(8,5,0,NULL,'16612310','Mobile'),(9,7,1,NULL,'16582151','Phone'),(10,7,0,NULL,'17837415','Mobile'),(11,8,1,NULL,'60378351','Phone'),(12,8,0,NULL,'28643942','Mobile'),(13,10,1,NULL,'58765349','Phone'),(14,10,0,NULL,'93843869','Mobile'),(15,11,1,NULL,'67971539','Phone'),(16,11,0,NULL,'16860275','Mobile'),(17,13,1,NULL,'73178681','Phone'),(18,13,0,NULL,'42591258','Mobile'),(19,14,1,NULL,'75081259','Phone'),(20,14,0,NULL,'65173850','Mobile'),(21,16,1,NULL,'22584173','Phone'),(22,16,0,NULL,'60991105','Mobile'),(23,17,1,NULL,'55660309','Phone'),(24,17,0,NULL,'21927911','Mobile'),(25,19,1,NULL,'70290821','Phone'),(26,19,0,NULL,'41295645','Mobile'),(27,20,1,NULL,'63985471','Phone'),(28,20,0,NULL,'99187878','Mobile'),(29,22,1,NULL,'98346428','Phone'),(30,22,0,NULL,'49010804','Mobile'),(31,23,1,NULL,'26335263','Phone'),(32,23,0,NULL,'89976115','Mobile'),(33,25,1,NULL,'36171532','Phone'),(34,25,0,NULL,'71499637','Mobile'),(35,26,1,NULL,'26728528','Phone'),(36,26,0,NULL,'57845327','Mobile'),(37,28,1,NULL,'92114597','Phone'),(38,28,0,NULL,'93097426','Mobile'),(39,29,1,NULL,'12413633','Phone'),(40,29,0,NULL,'32572902','Mobile'),(41,31,1,NULL,'77440517','Phone'),(42,31,0,NULL,'93178872','Mobile'),(43,32,1,NULL,'27474906','Phone'),(44,32,0,NULL,'23652271','Mobile'),(45,34,1,NULL,'66330338','Phone'),(46,34,0,NULL,'48458931','Mobile'),(47,35,1,NULL,'35694295','Phone'),(48,35,0,NULL,'30589590','Mobile'),(49,37,1,NULL,'92179465','Phone'),(50,37,0,NULL,'31989559','Mobile'),(51,38,1,NULL,'19777340','Phone'),(52,38,0,NULL,'92678117','Mobile'),(53,40,1,NULL,'33866277','Phone'),(54,40,0,NULL,'69769981','Mobile'),(55,41,1,NULL,'43783521','Phone'),(56,41,0,NULL,'38206633','Mobile'),(57,43,1,NULL,'98830713','Phone'),(58,43,0,NULL,'91894432','Mobile'),(59,44,1,NULL,'17415364','Phone'),(60,44,0,NULL,'53183571','Mobile'),(61,46,1,NULL,'54775996','Phone'),(62,46,0,NULL,'45267678','Mobile'),(63,47,1,NULL,'24897374','Phone'),(64,47,0,NULL,'51145658','Mobile'),(65,49,1,NULL,'61005256','Phone'),(66,49,0,NULL,'69482583','Mobile'),(67,50,1,NULL,'92590453','Phone'),(68,50,0,NULL,'50144754','Mobile'),(69,52,1,NULL,'68965696','Phone'),(70,52,0,NULL,'21961818','Mobile'),(71,53,1,NULL,'44851240','Phone'),(72,53,0,NULL,'20769575','Mobile'),(73,55,1,NULL,'76181228','Phone'),(74,55,0,NULL,'77314088','Mobile'),(75,56,1,NULL,'35839989','Phone'),(76,56,0,NULL,'36821284','Mobile'),(77,58,1,NULL,'17139379','Phone'),(78,58,0,NULL,'92844131','Mobile'),(79,59,1,NULL,'11458392','Phone'),(80,59,0,NULL,'18176831','Mobile'),(81,61,1,NULL,'51495557','Phone'),(82,61,0,NULL,'68425695','Mobile'),(83,62,1,NULL,'71315801','Phone'),(84,62,0,NULL,'55105669','Mobile'),(85,64,1,NULL,'49186908','Phone'),(86,64,0,NULL,'62013204','Mobile'),(87,65,1,NULL,'33579784','Phone'),(88,65,0,NULL,'52185515','Mobile'),(89,67,1,NULL,'75801342','Phone'),(90,67,0,NULL,'37872060','Mobile'),(91,68,1,NULL,'35218797','Phone'),(92,68,0,NULL,'85651950','Mobile'),(93,70,1,NULL,'82781346','Phone'),(94,70,0,NULL,'77235501','Mobile'),(95,71,1,NULL,'85962500','Phone'),(96,71,0,NULL,'52557549','Mobile'),(97,73,1,NULL,'32175647','Phone'),(98,73,0,NULL,'55419524','Mobile'),(99,74,1,NULL,'68926554','Phone'),(100,74,0,NULL,'40488940','Mobile'),(101,76,1,NULL,'90559107','Phone'),(102,76,0,NULL,'77264137','Mobile'),(103,77,1,NULL,'95237681','Phone'),(104,77,0,NULL,'99226427','Mobile'),(105,79,1,NULL,'91000541','Phone'),(106,79,0,NULL,'69337581','Mobile'),(107,80,1,NULL,'38508148','Phone'),(108,80,0,NULL,'25249333','Mobile'),(109,82,1,NULL,'84301707','Phone'),(110,82,0,NULL,'29554087','Mobile'),(111,83,1,NULL,'49554195','Phone'),(112,83,0,NULL,'71072187','Mobile'),(113,85,1,NULL,'72563223','Phone'),(114,85,0,NULL,'49733227','Mobile'),(115,86,1,NULL,'94637813','Phone'),(116,86,0,NULL,'36680950','Mobile'),(117,87,1,0,'27475365','Phone'),(118,88,1,0,'64330028','Phone'),(119,89,1,0,'39317123','Phone');
UNLOCK TABLES;
/*!40000 ALTER TABLE `civicrm_phone` ENABLE KEYS */;

--
-- Dumping data for table `civicrm_phonecall`
--


/*!40000 ALTER TABLE `civicrm_phonecall` DISABLE KEYS */;
LOCK TABLES `civicrm_phonecall` WRITE;
UNLOCK TABLES;
/*!40000 ALTER TABLE `civicrm_phonecall` ENABLE KEYS */;

--
-- Dumping data for table `civicrm_premiums`
--


/*!40000 ALTER TABLE `civicrm_premiums` DISABLE KEYS */;
LOCK TABLES `civicrm_premiums` WRITE;
INSERT INTO `civicrm_premiums` (`id`, `entity_table`, `entity_id`, `premiums_active`, `premiums_intro_title`, `premiums_intro_text`, `premiums_contact_email`, `premiums_contact_phone`, `premiums_display_min_contribution`) VALUES (1,'civicrm_contribution_page',1,1,'Thank-you Gifts','We appreciate your support and invite you to choose from the exciting collection of thank-you gifts below. Minimum contribution amounts for each selection are included in the descriptions. (NOTE: These gifts are shown as examples only. No gifts will be sent to donors.)','premiums@example.org',NULL,1);
UNLOCK TABLES;
/*!40000 ALTER TABLE `civicrm_premiums` ENABLE KEYS */;

--
-- Dumping data for table `civicrm_premiums_product`
--


/*!40000 ALTER TABLE `civicrm_premiums_product` DISABLE KEYS */;
LOCK TABLES `civicrm_premiums_product` WRITE;
INSERT INTO `civicrm_premiums_product` (`id`, `premiums_id`, `product_id`, `sort_position`) VALUES (1,1,1,1);
UNLOCK TABLES;
/*!40000 ALTER TABLE `civicrm_premiums_product` ENABLE KEYS */;

--
-- Dumping data for table `civicrm_product`
--


/*!40000 ALTER TABLE `civicrm_product` DISABLE KEYS */;
LOCK TABLES `civicrm_product` WRITE;
INSERT INTO `civicrm_product` (`id`, `domain_id`, `name`, `description`, `sku`, `options`, `image`, `thumbnail`, `price`, `min_contribution`, `cost`, `is_active`, `period_type`, `fixed_period_start_day`, `duration_unit`, `duration_interval`, `frequency_unit`, `frequency_interval`) VALUES (1,1,'Coffee Mug','This heavy-duty mug is great for home or office, coffee or tea or hot chocolate. Show your support to family, friends and colleagues. Choose from three great colors.','MUG-101','White, Black, Green',NULL,NULL,'12.50','5.00','2.25',1,NULL,NULL,NULL,NULL,NULL,NULL);
UNLOCK TABLES;
/*!40000 ALTER TABLE `civicrm_product` ENABLE KEYS */;

--
-- Dumping data for table `civicrm_project`
--


/*!40000 ALTER TABLE `civicrm_project` DISABLE KEYS */;
LOCK TABLES `civicrm_project` WRITE;
UNLOCK TABLES;
/*!40000 ALTER TABLE `civicrm_project` ENABLE KEYS */;

--
-- Dumping data for table `civicrm_relationship`
--


/*!40000 ALTER TABLE `civicrm_relationship` DISABLE KEYS */;
LOCK TABLES `civicrm_relationship` WRITE;
INSERT INTO `civicrm_relationship` (`id`, `contact_id_a`, `contact_id_b`, `relationship_type_id`, `start_date`, `end_date`, `is_active`, `description`) VALUES (1,89,4,1,NULL,NULL,1,NULL),(2,70,4,1,NULL,NULL,1,NULL),(3,89,58,1,NULL,NULL,1,NULL),(4,70,58,1,NULL,NULL,1,NULL),(5,58,4,2,NULL,NULL,1,NULL),(6,70,89,3,NULL,NULL,1,NULL),(7,4,11,6,NULL,NULL,1,NULL),(8,58,11,7,NULL,NULL,1,NULL),(9,89,11,7,NULL,NULL,1,NULL),(10,70,11,7,NULL,NULL,1,NULL),(11,92,48,1,NULL,NULL,1,NULL),(12,90,48,1,NULL,NULL,1,NULL),(13,92,27,1,NULL,NULL,1,NULL),(14,90,27,1,NULL,NULL,1,NULL),(15,27,48,2,NULL,NULL,1,NULL),(16,90,92,3,NULL,NULL,1,NULL),(17,48,43,6,NULL,NULL,1,NULL),(18,27,43,7,NULL,NULL,1,NULL),(19,92,43,7,NULL,NULL,1,NULL),(20,90,43,7,NULL,NULL,1,NULL),(21,69,44,1,NULL,NULL,1,NULL),(22,74,44,1,NULL,NULL,1,NULL),(23,69,86,1,NULL,NULL,1,NULL),(24,74,86,1,NULL,NULL,1,NULL),(25,86,44,2,NULL,NULL,1,NULL),(26,74,69,3,NULL,NULL,1,NULL),(27,44,101,6,NULL,NULL,1,NULL),(28,86,101,7,NULL,NULL,1,NULL),(29,69,101,7,NULL,NULL,1,NULL),(30,74,101,7,NULL,NULL,1,NULL),(31,50,14,1,NULL,NULL,1,NULL),(32,12,14,1,NULL,NULL,1,NULL),(33,50,15,1,NULL,NULL,1,NULL),(34,12,15,1,NULL,NULL,1,NULL),(35,15,14,2,NULL,NULL,1,NULL),(36,12,50,3,NULL,NULL,1,NULL),(37,14,26,6,NULL,NULL,1,NULL),(38,15,26,7,NULL,NULL,1,NULL),(39,50,26,7,NULL,NULL,1,NULL),(40,12,26,7,NULL,NULL,1,NULL),(41,40,80,1,NULL,NULL,1,NULL),(42,56,80,1,NULL,NULL,1,NULL),(43,40,76,1,NULL,NULL,1,NULL),(44,56,76,1,NULL,NULL,1,NULL),(45,76,80,2,NULL,NULL,1,NULL),(46,56,40,3,NULL,NULL,1,NULL),(47,80,34,6,NULL,NULL,1,NULL),(48,76,34,7,NULL,NULL,1,NULL),(49,40,34,7,NULL,NULL,1,NULL),(50,56,34,7,NULL,NULL,1,NULL),(51,3,52,1,NULL,NULL,1,NULL),(52,25,52,1,NULL,NULL,1,NULL),(53,3,98,1,NULL,NULL,1,NULL),(54,25,98,1,NULL,NULL,1,NULL),(55,98,52,2,NULL,NULL,1,NULL),(56,25,3,3,NULL,NULL,1,NULL),(57,52,42,6,NULL,NULL,1,NULL),(58,98,42,7,NULL,NULL,1,NULL),(59,3,42,7,NULL,NULL,1,NULL),(60,25,42,7,NULL,NULL,1,NULL),(61,22,51,1,NULL,NULL,1,NULL),(62,49,51,1,NULL,NULL,1,NULL),(63,22,96,1,NULL,NULL,1,NULL),(64,49,96,1,NULL,NULL,1,NULL),(65,96,51,2,NULL,NULL,1,NULL),(66,49,22,3,NULL,NULL,1,NULL),(67,51,62,6,NULL,NULL,1,NULL),(68,96,62,7,NULL,NULL,1,NULL),(69,22,62,7,NULL,NULL,1,NULL),(70,49,62,7,NULL,NULL,1,NULL),(71,16,24,1,NULL,NULL,1,NULL),(72,47,24,1,NULL,NULL,1,NULL),(73,16,13,1,NULL,NULL,1,NULL),(74,47,13,1,NULL,NULL,1,NULL),(75,13,24,2,NULL,NULL,1,NULL),(76,47,16,3,NULL,NULL,1,NULL),(77,24,64,6,NULL,NULL,1,NULL),(78,13,64,7,NULL,NULL,1,NULL),(79,16,64,7,NULL,NULL,1,NULL),(80,47,64,7,NULL,NULL,1,NULL),(81,30,8,1,NULL,NULL,1,NULL),(82,61,8,1,NULL,NULL,1,NULL),(83,30,39,1,NULL,NULL,1,NULL),(84,61,39,1,NULL,NULL,1,NULL),(85,39,8,2,NULL,NULL,1,NULL),(86,61,30,3,NULL,NULL,1,NULL),(87,8,84,6,NULL,NULL,1,NULL),(88,39,84,7,NULL,NULL,1,NULL),(89,30,84,7,NULL,NULL,1,NULL),(90,61,84,7,NULL,NULL,1,NULL),(91,68,20,1,NULL,NULL,1,NULL),(92,93,20,1,NULL,NULL,1,NULL),(93,68,5,1,NULL,NULL,1,NULL),(94,93,5,1,NULL,NULL,1,NULL),(95,5,20,2,NULL,NULL,1,NULL),(96,93,68,3,NULL,NULL,1,NULL),(97,20,63,6,NULL,NULL,1,NULL),(98,5,63,7,NULL,NULL,1,NULL),(99,68,63,7,NULL,NULL,1,NULL),(100,93,63,7,NULL,NULL,1,NULL),(101,38,6,1,NULL,NULL,1,NULL),(102,71,6,1,NULL,NULL,1,NULL),(103,38,21,1,NULL,NULL,1,NULL),(104,71,21,1,NULL,NULL,1,NULL),(105,21,6,2,NULL,NULL,1,NULL),(106,71,38,3,NULL,NULL,1,NULL),(107,6,99,6,NULL,NULL,1,NULL),(108,21,99,7,NULL,NULL,1,NULL),(109,38,99,7,NULL,NULL,1,NULL),(110,71,99,7,NULL,NULL,1,NULL),(111,72,78,1,NULL,NULL,1,NULL),(112,54,78,1,NULL,NULL,1,NULL),(113,72,57,1,NULL,NULL,1,NULL),(114,54,57,1,NULL,NULL,1,NULL),(115,57,78,2,NULL,NULL,1,NULL),(116,54,72,3,NULL,NULL,1,NULL),(117,78,85,6,NULL,NULL,1,NULL),(118,57,85,7,NULL,NULL,1,NULL),(119,72,85,7,NULL,NULL,1,NULL),(120,54,85,7,NULL,NULL,1,NULL),(121,83,37,1,NULL,NULL,1,NULL),(122,67,37,1,NULL,NULL,1,NULL),(123,83,73,1,NULL,NULL,1,NULL),(124,67,73,1,NULL,NULL,1,NULL),(125,73,37,2,NULL,NULL,1,NULL),(126,67,83,3,NULL,NULL,1,NULL),(127,37,60,6,NULL,NULL,1,NULL),(128,73,60,7,NULL,NULL,1,NULL),(129,83,60,7,NULL,NULL,1,NULL),(130,67,60,7,NULL,NULL,1,NULL),(131,9,23,1,NULL,NULL,1,NULL),(132,41,23,1,NULL,NULL,1,NULL),(133,9,75,1,NULL,NULL,1,NULL),(134,41,75,1,NULL,NULL,1,NULL),(135,75,23,2,NULL,NULL,1,NULL),(136,41,9,3,NULL,NULL,1,NULL),(137,23,65,6,NULL,NULL,1,NULL),(138,75,65,7,NULL,NULL,1,NULL),(139,9,65,7,NULL,NULL,1,NULL),(140,41,65,7,NULL,NULL,1,NULL),(141,95,45,1,NULL,NULL,1,NULL),(142,82,45,1,NULL,NULL,1,NULL),(143,95,19,1,NULL,NULL,1,NULL),(144,82,19,1,NULL,NULL,1,NULL),(145,19,45,2,NULL,NULL,1,NULL),(146,82,95,3,NULL,NULL,1,NULL),(147,45,46,6,NULL,NULL,1,NULL),(148,19,46,7,NULL,NULL,1,NULL),(149,95,46,7,NULL,NULL,1,NULL),(150,82,46,7,NULL,NULL,1,NULL);
UNLOCK TABLES;
/*!40000 ALTER TABLE `civicrm_relationship` ENABLE KEYS */;

--
-- Dumping data for table `civicrm_relationship_type`
--


/*!40000 ALTER TABLE `civicrm_relationship_type` DISABLE KEYS */;
LOCK TABLES `civicrm_relationship_type` WRITE;
INSERT INTO `civicrm_relationship_type` (`id`, `domain_id`, `name_a_b`, `name_b_a`, `description`, `contact_type_a`, `contact_type_b`, `is_reserved`, `is_active`) VALUES (1,1,'Child of','Parent of','Parent/child relationship.','Individual','Individual',0,1),(2,1,'Spouse of','Spouse of','Spousal relationship.','Individual','Individual',0,1),(3,1,'Sibling of','Sibling of','Sibling relationship.','Individual','Individual',0,1),(4,1,'Employee of','Employer of','Employment relationship.','Individual','Organization',0,1),(5,1,'Volunteer for','Volunteer is','Volunteer relationship.','Individual','Organization',0,1),(6,1,'Head of Household for','Head of Household is','Head of household.','Individual','Household',0,1),(7,1,'Household Member of','Household Member is','Household membership.','Individual','Household',0,1);
UNLOCK TABLES;
/*!40000 ALTER TABLE `civicrm_relationship_type` ENABLE KEYS */;

--
-- Dumping data for table `civicrm_saved_search`
--


/*!40000 ALTER TABLE `civicrm_saved_search` DISABLE KEYS */;
LOCK TABLES `civicrm_saved_search` WRITE;
UNLOCK TABLES;
/*!40000 ALTER TABLE `civicrm_saved_search` ENABLE KEYS */;

--
-- Dumping data for table `civicrm_sms_history`
--


/*!40000 ALTER TABLE `civicrm_sms_history` DISABLE KEYS */;
LOCK TABLES `civicrm_sms_history` WRITE;
UNLOCK TABLES;
/*!40000 ALTER TABLE `civicrm_sms_history` ENABLE KEYS */;

--
-- Dumping data for table `civicrm_state_province`
--


/*!40000 ALTER TABLE `civicrm_state_province` DISABLE KEYS */;
LOCK TABLES `civicrm_state_province` WRITE;
INSERT INTO `civicrm_state_province` (`id`, `name`, `abbreviation`, `country_id`) VALUES (1000,'Alabama','AL',1228),(1001,'Alaska','AK',1228),(1002,'Arizona','AZ',1228),(1003,'Arkansas','AR',1228),(1004,'California','CA',1228),(1005,'Colorado','CO',1228),(1006,'Connecticut','CT',1228),(1007,'Delaware','DE',1228),(1008,'Florida','FL',1228),(1009,'Georgia','GA',1228),(1010,'Hawaii','HI',1228),(1011,'Idaho','ID',1228),(1012,'Illinois','IL',1228),(1013,'Indiana','IN',1228),(1014,'Iowa','IA',1228),(1015,'Kansas','KS',1228),(1016,'Kentucky','KY',1228),(1017,'Louisiana','LA',1228),(1018,'Maine','ME',1228),(1019,'Maryland','MD',1228),(1020,'Massachusetts','MA',1228),(1021,'Michigan','MI',1228),(1022,'Minnesota','MN',1228),(1023,'Mississippi','MS',1228),(1024,'Missouri','MO',1228),(1025,'Montana','MT',1228),(1026,'Nebraska','NE',1228),(1027,'Nevada','NV',1228),(1028,'New Hampshire','NH',1228),(1029,'New Jersey','NJ',1228),(1030,'New Mexico','NM',1228),(1031,'New York','NY',1228),(1032,'North Carolina','NC',1228),(1033,'North Dakota','ND',1228),(1034,'Ohio','OH',1228),(1035,'Oklahoma','OK',1228),(1036,'Oregon','OR',1228),(1037,'Pennsylvania','PA',1228),(1038,'Rhode Island','RI',1228),(1039,'South Carolina','SC',1228),(1040,'South Dakota','SD',1228),(1041,'Tennessee','TN',1228),(1042,'Texas','TX',1228),(1043,'Utah','UT',1228),(1044,'Vermont','VT',1228),(1045,'Virginia','VA',1228),(1046,'Washington','WA',1228),(1047,'West Virginia','WV',1228),(1048,'Wisconsin','WI',1228),(1049,'Wyoming','WY',1228),(1050,'District of Columbia','DC',1228),(1052,'American Samoa','AS',1228),(1053,'Guam','GU',1228),(1055,'Northern Mariana Islands','MP',1228),(1056,'Puerto Rico','PR',1228),(1057,'Virgin Islands','VI',1228),(1058,'United States Minor Outlying Islands','UM',1228),(1059,'Armed Forces Europe','AE',1228),(1060,'Armed Forces Americas','AA',1228),(1061,'Armed Forces Pacific','AP',1228),(1100,'Alberta','AB',1039),(1101,'British Columbia','BC',1039),(1102,'Manitoba','MB',1039),(1103,'New Brunswick','NB',1039),(1104,'Newfoundland and Labrador','NL',1039),(1105,'Northwest Territories','NT',1039),(1106,'Nova Scotia','NS',1039),(1107,'Nunavut','NU',1039),(1108,'Ontario','ON',1039),(1109,'Prince Edward Island','PE',1039),(1110,'Quebec','QC',1039),(1111,'Saskatchewan','SK',1039),(1112,'Yukon Territory','YT',1039),(1200,'Maharashtra','MM',1101),(1201,'Karnataka','KA',1101),(1202,'Andhra Pradesh','AP',1101),(1203,'Arunachal Pradesh','AR',1101),(1204,'Assam','AS',1101),(1205,'Bihar','BR',1101),(1206,'Chhattisgarh','CH',1101),(1207,'Goa','GA',1101),(1208,'Gujarat','GJ',1101),(1209,'Haryana','HR',1101),(1210,'Himachal Pradesh','HP',1101),(1211,'Jammu and Kashmir','JK',1101),(1212,'Jharkhand','JH',1101),(1213,'Kerala','KL',1101),(1214,'Madhya Pradesh','MP',1101),(1215,'Manipur','MN',1101),(1216,'Meghalaya','ML',1101),(1217,'Mizoram','MZ',1101),(1218,'Nagaland','NL',1101),(1219,'Orissa','OR',1101),(1220,'Punjab','PB',1101),(1221,'Rajasthan','RJ',1101),(1222,'Sikkim','SK',1101),(1223,'Tamil Nadu','TN',1101),(1224,'Tripura','TR',1101),(1225,'Uttaranchal','UL',1101),(1226,'Uttar Pradesh','UP',1101),(1227,'West Bengal','WB',1101),(1228,'Andaman and Nicobar Islands','AN',1101),(1229,'Dadra and Nagar Haveli','DN',1101),(1230,'Daman and Diu','DD',1101),(1231,'Delhi','DL',1101),(1232,'Lakshadweep','LD',1101),(1233,'Pondicherry','PY',1101),(1300,'mazowieckie','MZ',1172),(1301,'pomorskie','PM',1172),(1302,'dolnolskie','DS',1172),(1303,'kujawsko-pomorskie','KP',1172),(1304,'lubelskie','LU',1172),(1305,'lubuskie','LB',1172),(1306,'dzkie','LD',1172),(1307,'maopolskie','MA',1172),(1308,'opolskie','OP',1172),(1309,'podkarpackie','PK',1172),(1310,'podlaskie','PD',1172),(1311,'lskie','SL',1172),(1312,'witokrzyskie','SK',1172),(1313,'warmisko-mazurskie','WN',1172),(1314,'wielkopolskie','WP',1172),(1315,'zachodniopomorskie','ZP',1172),(1500,'Abu Zaby','AZ',1225),(1501,'\'Ajman','AJ',1225),(1502,'Al Fujayrah','FU',1225),(1503,'Ash Shariqah','SH',1225),(1504,'Dubayy','DU',1225),(1505,'Ra\'s al Khaymah','RK',1225),(1506,'Dac Lac','33',1233),(1507,'Umm al Qaywayn','UQ',1225),(1508,'Badakhshan','BDS',1001),(1509,'Badghis','BDG',1001),(1510,'Baghlan','BGL',1001),(1511,'Balkh','BAL',1001),(1512,'Bamian','BAM',1001),(1513,'Farah','FRA',1001),(1514,'Faryab','FYB',1001),(1515,'Ghazni','GHA',1001),(1516,'Ghowr','GHO',1001),(1517,'Helmand','HEL',1001),(1518,'Herat','HER',1001),(1519,'Jowzjan','JOW',1001),(1520,'Kabul','KAB',1001),(1521,'Kandahar','KAN',1001),(1522,'Kapisa','KAP',1001),(1523,'Khowst','KHO',1001),(1524,'Konar','KNR',1001),(1525,'Kondoz','KDZ',1001),(1526,'Laghman','LAG',1001),(1527,'Lowgar','LOW',1001),(1528,'Nangrahar','NAN',1001),(1529,'Nimruz','NIM',1001),(1530,'Nurestan','NUR',1001),(1531,'Oruzgan','ORU',1001),(1532,'Paktia','PIA',1001),(1533,'Paktika','PKA',1001),(1534,'Parwan','PAR',1001),(1535,'Samangan','SAM',1001),(1536,'Sar-e Pol','SAR',1001),(1537,'Takhar','TAK',1001),(1538,'Wardak','WAR',1001),(1539,'Zabol','ZAB',1001),(1540,'Berat','BR',1002),(1541,'Bulqiz','BU',1002),(1542,'Delvin','DL',1002),(1543,'Devoll','DV',1002),(1544,'Dibr','DI',1002),(1545,'Durrss','DR',1002),(1546,'Elbasan','EL',1002),(1547,'Fier','FR',1002),(1548,'Gramsh','GR',1002),(1549,'Gjirokastr','GJ',1002),(1550,'Has','HA',1002),(1551,'Kavaj','KA',1002),(1552,'Kolonj','ER',1002),(1553,'Korc','KO',1002),(1554,'Kruj','KR',1002),(1555,'Kuov','KC',1002),(1556,'Kuks','KU',1002),(1557,'Kurbin','KB',1002),(1558,'Lezh','LE',1002),(1559,'Librazhd','LB',1002),(1560,'Lushnj','LU',1002),(1561,'Malsi e Madhe','MM',1002),(1562,'Mallakastr','MK',1002),(1563,'Mat','MT',1002),(1564,'Mirdit','MR',1002),(1565,'Peqin','PQ',1002),(1566,'Prmet','PR',1002),(1567,'Pogradec','PG',1002),(1568,'Puk','PU',1002),(1569,'Sarand','SR',1002),(1570,'Skrapar','SK',1002),(1571,'Shkodr','SH',1002),(1572,'Tepelen','TE',1002),(1573,'Tiran','TR',1002),(1574,'Tropoj','TP',1002),(1575,'Vlor','VL',1002),(1576,'Erevan','ER',1011),(1577,'Aragacotn','AG',1011),(1578,'Ararat','AR',1011),(1579,'Armavir','AV',1011),(1580,'Gegarkunik\'','GR',1011),(1581,'Kotayk\'','KT',1011),(1582,'Lory','LO',1011),(1583,'Sirak','SH',1011),(1584,'Syunik\'','SU',1011),(1585,'Tavus','TV',1011),(1586,'Vayoc Jor','VD',1011),(1587,'Bengo','BGO',1006),(1588,'Benguela','BGU',1006),(1589,'Bie','BIE',1006),(1590,'Cabinda','CAB',1006),(1591,'Cuando-Cubango','CCU',1006),(1592,'Cuanza Norte','CNO',1006),(1593,'Cuanza Sul','CUS',1006),(1594,'Cunene','CNN',1006),(1595,'Huambo','HUA',1006),(1596,'Huila','HUI',1006),(1597,'Luanda','LUA',1006),(1598,'Lunda Norte','LNO',1006),(1599,'Lunda Sul','LSU',1006),(1600,'Malange','MAL',1006),(1601,'Moxico','MOX',1006),(1602,'Namibe','NAM',1006),(1603,'Uige','UIG',1006),(1604,'Zaire','ZAI',1006),(1605,'Capital federal','C',1010),(1606,'Buenos Aires','B',1010),(1607,'Catamarca','K',1010),(1608,'Cordoba','X',1010),(1609,'Corrientes','W',1010),(1610,'Chaco','H',1010),(1611,'Chubut','U',1010),(1612,'Entre Rios','E',1010),(1613,'Formosa','P',1010),(1614,'Jujuy','Y',1010),(1615,'La Pampa','L',1010),(1616,'Mendoza','M',1010),(1617,'Misiones','N',1010),(1618,'Neuquen','Q',1010),(1619,'Rio Negro','R',1010),(1620,'Salta','A',1010),(1621,'San Juan','J',1010),(1622,'San Luis','D',1010),(1623,'Santa Cruz','Z',1010),(1624,'Santa Fe','S',1010),(1625,'Santiago del Estero','G',1010),(1626,'Tierra del Fuego','V',1010),(1627,'Tucuman','T',1010),(1628,'Burgenland','1',1014),(1629,'Krnten','2',1014),(1630,'Niederosterreich','3',1014),(1631,'Oberosterreich','4',1014),(1632,'Salzburg','5',1014),(1633,'Steiermark','6',1014),(1634,'Tirol','7',1014),(1635,'Vorarlberg','8',1014),(1636,'Wien','9',1014),(1637,'Australian Antarctic Territory','AAT',1013),(1638,'Australian Capital Territory','ACT',1013),(1639,'Northern Territory','NT',1013),(1640,'New South Wales','NSW',1013),(1641,'Queensland','QLD',1013),(1642,'South Australia','SA',1013),(1643,'Tasmania','TAS',1013),(1644,'Victoria','VIC',1013),(1645,'Western Australia','WA',1013),(1646,'Naxcivan','NX',1015),(1647,'Ali Bayramli','AB',1015),(1648,'Baki','BA',1015),(1649,'Ganca','GA',1015),(1650,'Lankaran','LA',1015),(1651,'Mingacevir','MI',1015),(1652,'Naftalan','NA',1015),(1653,'Saki','SA',1015),(1654,'Sumqayit','SM',1015),(1655,'Susa','SS',1015),(1656,'Xankandi','XA',1015),(1657,'Yevlax','YE',1015),(1658,'Abseron','ABS',1015),(1659,'Agcabadi','AGC',1015),(1660,'Agdam','AGM',1015),(1661,'Agdas','AGS',1015),(1662,'Agstafa','AGA',1015),(1663,'Agsu','AGU',1015),(1664,'Astara','AST',1015),(1665,'Babak','BAB',1015),(1666,'Balakan','BAL',1015),(1667,'Barda','BAR',1015),(1668,'Beylagan','BEY',1015),(1669,'Bilasuvar','BIL',1015),(1670,'Cabrayll','CAB',1015),(1671,'Calilabad','CAL',1015),(1672,'Culfa','CUL',1015),(1673,'Daskasan','DAS',1015),(1674,'Davaci','DAV',1015),(1675,'Fuzuli','FUZ',1015),(1676,'Gadabay','GAD',1015),(1677,'Goranboy','GOR',1015),(1678,'Goycay','GOY',1015),(1679,'Haciqabul','HAC',1015),(1680,'Imisli','IMI',1015),(1681,'Ismayilli','ISM',1015),(1682,'Kalbacar','KAL',1015),(1683,'Kurdamir','KUR',1015),(1684,'Lacin','LAC',1015),(1685,'Lerik','LER',1015),(1686,'Masalli','MAS',1015),(1687,'Neftcala','NEF',1015),(1688,'Oguz','OGU',1015),(1689,'Ordubad','ORD',1015),(1690,'Qabala','QAB',1015),(1691,'Qax','QAX',1015),(1692,'Qazax','QAZ',1015),(1693,'Qobustan','QOB',1015),(1694,'Quba','QBA',1015),(1695,'Qubadli','QBI',1015),(1696,'Qusar','QUS',1015),(1697,'Saatli','SAT',1015),(1698,'Sabirabad','SAB',1015),(1699,'Sadarak','SAD',1015),(1700,'Sahbuz','SAH',1015),(1701,'Salyan','SAL',1015),(1702,'Samaxi','SMI',1015),(1703,'Samkir','SKR',1015),(1704,'Samux','SMX',1015),(1705,'Sarur','SAR',1015),(1706,'Siyazan','SIY',1015),(1707,'Tartar','TAR',1015),(1708,'Tovuz','TOV',1015),(1709,'Ucar','UCA',1015),(1710,'Xacmaz','XAC',1015),(1711,'Xanlar','XAN',1015),(1712,'Xizi','XIZ',1015),(1713,'Xocali','XCI',1015),(1714,'Xocavand','XVD',1015),(1715,'Yardimli','YAR',1015),(1716,'Zangilan','ZAN',1015),(1717,'Zaqatala','ZAQ',1015),(1718,'Zardab','ZAR',1015),(1719,'Federacija Bosna i Hercegovina','BIH',1026),(1720,'Republika Srpska','SRP',1026),(1721,'Bagerhat zila','05',1017),(1722,'Bandarban zila','01',1017),(1723,'Barguna zila','02',1017),(1724,'Barisal zila','06',1017),(1725,'Bhola zila','07',1017),(1726,'Bogra zila','03',1017),(1727,'Brahmanbaria zila','04',1017),(1728,'Chandpur zila','09',1017),(1729,'Chittagong zila','10',1017),(1730,'Chuadanga zila','12',1017),(1731,'Comilla zila','08',1017),(1732,'Cox\'s Bazar zila','11',1017),(1733,'Dhaka zila','13',1017),(1734,'Dinajpur zila','14',1017),(1735,'Faridpur zila','15',1017),(1736,'Feni zila','16',1017),(1737,'Gaibandha zila','19',1017),(1738,'Gazipur zila','18',1017),(1739,'Gopalganj zila','17',1017),(1740,'Habiganj zila','20',1017),(1741,'Jaipurhat zila','24',1017),(1742,'Jamalpur zila','21',1017),(1743,'Jessore zila','22',1017),(1744,'Jhalakati zila','25',1017),(1745,'Jhenaidah zila','23',1017),(1746,'Khagrachari zila','29',1017),(1747,'Khulna zila','27',1017),(1748,'Kishorganj zila','26',1017),(1749,'Kurigram zila','28',1017),(1750,'Kushtia zila','30',1017),(1751,'Lakshmipur zila','31',1017),(1752,'Lalmonirhat zila','32',1017),(1753,'Madaripur zila','36',1017),(1754,'Magura zila','37',1017),(1755,'Manikganj zila','33',1017),(1756,'Meherpur zila','39',1017),(1757,'Moulvibazar zila','38',1017),(1758,'Munshiganj zila','35',1017),(1759,'Mymensingh zila','34',1017),(1760,'Naogaon zila','48',1017),(1761,'Narail zila','43',1017),(1762,'Narayanganj zila','40',1017),(1763,'Narsingdi zila','42',1017),(1764,'Natore zila','44',1017),(1765,'Nawabganj zila','45',1017),(1766,'Netrakona zila','41',1017),(1767,'Nilphamari zila','46',1017),(1768,'Noakhali zila','47',1017),(1769,'Pabna zila','49',1017),(1770,'Panchagarh zila','52',1017),(1771,'Patuakhali zila','51',1017),(1772,'Pirojpur zila','50',1017),(1773,'Rajbari zila','53',1017),(1774,'Rajshahi zila','54',1017),(1775,'Rangamati zila','56',1017),(1776,'Rangpur zila','55',1017),(1777,'Satkhira zila','58',1017),(1778,'Shariatpur zila','62',1017),(1779,'Sherpur zila','57',1017),(1780,'Sirajganj zila','59',1017),(1781,'Sunamganj zila','61',1017),(1782,'Sylhet zila','60',1017),(1783,'Tangail zila','63',1017),(1784,'Thakurgaon zila','64',1017),(1785,'Antwerpen','VAN',1020),(1786,'Brabant Wallon','WBR',1020),(1787,'Hainaut','WHT',1020),(1788,'Liege','WLG',1020),(1789,'Limburg','VLI',1020),(1790,'Luxembourg','WLX',1020),(1791,'Namur','WNA',1020),(1792,'Oost-Vlaanderen','VOV',1020),(1793,'Vlaams-Brabant','VBR',1020),(1794,'West-Vlaanderen','VWV',1020),(1795,'Bale','BAL',1034),(1796,'Bam','BAM',1034),(1797,'Banwa','BAN',1034),(1798,'Bazega','BAZ',1034),(1799,'Bougouriba','BGR',1034),(1800,'Boulgou','BLG',1034),(1801,'Boulkiemde','BLK',1034),(1802,'Comoe','COM',1034),(1803,'Ganzourgou','GAN',1034),(1804,'Gnagna','GNA',1034),(1805,'Gourma','GOU',1034),(1806,'Houet','HOU',1034),(1807,'Ioba','IOB',1034),(1808,'Kadiogo','KAD',1034),(1809,'Kenedougou','KEN',1034),(1810,'Komondjari','KMD',1034),(1811,'Kompienga','KMP',1034),(1812,'Kossi','KOS',1034),(1813,'Koulpulogo','KOP',1034),(1814,'Kouritenga','KOT',1034),(1815,'Kourweogo','KOW',1034),(1816,'Leraba','LER',1034),(1817,'Loroum','LOR',1034),(1818,'Mouhoun','MOU',1034),(1819,'Nahouri','NAO',1034),(1820,'Namentenga','NAM',1034),(1821,'Nayala','NAY',1034),(1822,'Noumbiel','NOU',1034),(1823,'Oubritenga','OUB',1034),(1824,'Oudalan','OUD',1034),(1825,'Passore','PAS',1034),(1826,'Poni','PON',1034),(1827,'Sanguie','SNG',1034),(1828,'Sanmatenga','SMT',1034),(1829,'Seno','SEN',1034),(1830,'Siasili','SIS',1034),(1831,'Soum','SOM',1034),(1832,'Sourou','SOR',1034),(1833,'Tapoa','TAP',1034),(1834,'Tui','TUI',1034),(1835,'Yagha','YAG',1034),(1836,'Yatenga','YAT',1034),(1837,'Ziro','ZIR',1034),(1838,'Zondoma','ZON',1034),(1839,'Zoundweogo','ZOU',1034),(1840,'Blagoevgrad','01',1033),(1841,'Burgas','02',1033),(1842,'Dobric','08',1033),(1843,'Gabrovo','07',1033),(1844,'Haskovo','26',1033),(1845,'Jambol','28',1033),(1846,'Kardzali','09',1033),(1847,'Kjstendil','10',1033),(1848,'Lovec','11',1033),(1849,'Montana','12',1033),(1850,'Pazardzik','13',1033),(1851,'Pernik','14',1033),(1852,'Pleven','15',1033),(1853,'Plovdiv','16',1033),(1854,'Razgrad','17',1033),(1855,'Ruse','18',1033),(1856,'Silistra','19',1033),(1857,'Sliven','20',1033),(1858,'Smoljan','21',1033),(1859,'Sofija','23',1033),(1860,'Stara Zagora','24',1033),(1861,'Sumen','27',1033),(1862,'Targoviste','25',1033),(1863,'Varna','03',1033),(1864,'Veliko Tarnovo','04',1033),(1865,'Vidin','05',1033),(1866,'Vraca','06',1033),(1867,'Al Hadd','01',1016),(1868,'Al Manamah','03',1016),(1869,'Al Mintaqah al Gharbiyah','10',1016),(1870,'Al Mintagah al Wusta','07',1016),(1871,'Al Mintaqah ash Shamaliyah','05',1016),(1872,'Al Muharraq','02',1016),(1873,'Ar Rifa','09',1016),(1874,'Jidd Hafs','04',1016),(1875,'Madluat Jamad','12',1016),(1876,'Madluat Isa','08',1016),(1877,'Mintaqat Juzur tawar','11',1016),(1878,'Sitrah','06',1016),(1879,'Bubanza','BB',1036),(1880,'Bujumbura','BJ',1036),(1881,'Bururi','BR',1036),(1882,'Cankuzo','CA',1036),(1883,'Cibitoke','CI',1036),(1884,'Gitega','GI',1036),(1885,'Karuzi','KR',1036),(1886,'Kayanza','KY',1036),(1887,'Makamba','MA',1036),(1888,'Muramvya','MU',1036),(1889,'Mwaro','MW',1036),(1890,'Ngozi','NG',1036),(1891,'Rutana','RT',1036),(1892,'Ruyigi','RY',1036),(1893,'Alibori','AL',1022),(1894,'Atakora','AK',1022),(1895,'Atlantique','AQ',1022),(1896,'Borgou','BO',1022),(1897,'Collines','CO',1022),(1898,'Donga','DO',1022),(1899,'Kouffo','KO',1022),(1900,'Littoral','LI',1022),(1901,'Mono','MO',1022),(1902,'Oueme','OU',1022),(1903,'Plateau','PL',1022),(1904,'Zou','ZO',1022),(1905,'Belait','BE',1032),(1906,'Brunei-Muara','BM',1032),(1907,'Temburong','TE',1032),(1908,'Tutong','TU',1032),(1909,'Cochabamba','C',1025),(1910,'Chuquisaca','H',1025),(1911,'El Beni','B',1025),(1912,'La Paz','L',1025),(1913,'Oruro','O',1025),(1914,'Pando','N',1025),(1915,'Potosi','P',1025),(1916,'Tarija','T',1025),(1917,'Acre','AC',1029),(1918,'Alagoas','AL',1029),(1919,'Amazonas','AM',1029),(1920,'Amapa','AP',1029),(1921,'Baia','BA',1029),(1922,'Ceara','CE',1029),(1923,'Distrito Federal','DF',1029),(1924,'Espirito Santo','ES',1029),(1925,'Fernando de Noronha','FN',1029),(1926,'Goias','GO',1029),(1927,'Maranhao','MA',1029),(1928,'Minas Gerais','MG',1029),(1929,'Mato Grosso do Sul','MS',1029),(1930,'Mato Grosso','MT',1029),(1931,'Para','PA',1029),(1932,'Paraiba','PB',1029),(1933,'Pernambuco','PE',1029),(1934,'Piaui','PI',1029),(1935,'Parana','PR',1029),(1936,'Rio de Janeiro','RJ',1029),(1937,'Rio Grande do Norte','RN',1029),(1938,'Rondonia','RO',1029),(1939,'Roraima','RR',1029),(1940,'Rio Grande do Sul','RS',1029),(1941,'Santa Catarina','SC',1029),(1942,'Sergipe','SE',1029),(1943,'Sao Paulo','SP',1029),(1944,'Tocatins','TO',1029),(1945,'Acklins and Crooked Islands','AC',1212),(1946,'Bimini','BI',1212),(1947,'Cat Island','CI',1212),(1948,'Exuma','EX',1212),(1949,'Freeport','FP',1212),(1950,'Fresh Creek','FC',1212),(1951,'Governor\'s Harbour','GH',1212),(1952,'Green Turtle Cay','GT',1212),(1953,'Harbour Island','HI',1212),(1954,'High Rock','HR',1212),(1955,'Inagua','IN',1212),(1956,'Kemps Bay','KB',1212),(1957,'Long Island','LI',1212),(1958,'Marsh Harbour','MH',1212),(1959,'Mayaguana','MG',1212),(1960,'New Providence','NP',1212),(1961,'Nicholls Town and Berry Islands','NB',1212),(1962,'Ragged Island','RI',1212),(1963,'Rock Sound','RS',1212),(1964,'Sandy Point','SP',1212),(1965,'San Salvador and Rum Cay','SR',1212),(1966,'Bumthang','33',1024),(1967,'Chhukha','12',1024),(1968,'Dagana','22',1024),(1969,'Gasa','GA',1024),(1970,'Ha','13',1024),(1971,'Lhuentse','44',1024),(1972,'Monggar','42',1024),(1973,'Paro','11',1024),(1974,'Pemagatshel','43',1024),(1975,'Punakha','23',1024),(1976,'Samdrup Jongkha','45',1024),(1977,'Samtee','14',1024),(1978,'Sarpang','31',1024),(1979,'Thimphu','15',1024),(1980,'Trashigang','41',1024),(1981,'Trashi Yangtse','TY',1024),(1982,'Trongsa','32',1024),(1983,'Tsirang','21',1024),(1984,'Wangdue Phodrang','24',1024),(1985,'Zhemgang','34',1024),(1986,'Central','CE',1027),(1987,'Ghanzi','GH',1027),(1988,'Kgalagadi','KG',1027),(1989,'Kgatleng','KL',1027),(1990,'Kweneng','KW',1027),(1991,'Ngamiland','NG',1027),(1992,'North-East','NE',1027),(1993,'North-West','NW',1027),(1994,'South-East','SE',1027),(1995,'Southern','SO',1027),(1996,'Brsckaja voblasc\'','BR',1019),(1997,'Homel\'skaja voblasc\'','HO',1019),(1998,'Hrodzenskaja voblasc\'','HR',1019),(1999,'Mahiluskaja voblasc\'','MA',1019),(2000,'Minskaja voblasc\'','MI',1019),(2001,'Vicebskaja voblasc\'','VI',1019),(2002,'Belize','BZ',1021),(2003,'Cayo','CY',1021),(2004,'Corozal','CZL',1021),(2005,'Orange Walk','OW',1021),(2006,'Stann Creek','SC',1021),(2007,'Toledo','TOL',1021),(2008,'Kinshasa','KN',1050),(2009,'Bandundu','BN',1050),(2010,'Bas-Congo','BC',1050),(2011,'Equateur','EQ',1050),(2012,'Haut-Congo','HC',1050),(2013,'Kasai-Occidental','KW',1050),(2014,'Kasai-Oriental','KE',1050),(2015,'Katanga','KA',1050),(2016,'Maniema','MA',1050),(2017,'Nord-Kivu','NK',1050),(2018,'Orientale','OR',1050),(2019,'Sud-Kivu','SK',1050),(2020,'Bangui','BGF',1042),(2021,'Bamingui-Bangoran','BB',1042),(2022,'Basse-Kotto','BK',1042),(2023,'Haute-Kotto','HK',1042),(2024,'Haut-Mbomou','HM',1042),(2025,'Kemo','KG',1042),(2026,'Lobaye','LB',1042),(2027,'Mambere-Kadei','HS',1042),(2028,'Mbomou','MB',1042),(2029,'Nana-Grebizi','KB',1042),(2030,'Nana-Mambere','NM',1042),(2031,'Ombella-Mpoko','MP',1042),(2032,'Ouaka','UK',1042),(2033,'Ouham','AC',1042),(2034,'Ouham-Pende','OP',1042),(2035,'Sangha-Mbaere','SE',1042),(2036,'Vakaga','VR',1042),(2037,'Brazzaville','BZV',1051),(2038,'Bouenza','11',1051),(2039,'Cuvette','8',1051),(2040,'Cuvette-Ouest','15',1051),(2041,'Kouilou','5',1051),(2042,'Lekoumou','2',1051),(2043,'Likouala','7',1051),(2044,'Niari','9',1051),(2045,'Plateaux','14',1051),(2046,'Pool','12',1051),(2047,'Sangha','13',1051),(2048,'Aargau','AG',1205),(2049,'Appenzell Innerrhoden','AI',1205),(2050,'Appenzell Ausserrhoden','AR',1205),(2051,'Bern','BE',1205),(2052,'Basel-Landschaft','BL',1205),(2053,'Basel-Stadt','BS',1205),(2054,'Fribourg','FR',1205),(2055,'Geneva','GE',1205),(2056,'Glarus','GL',1205),(2057,'Graubunden','GR',1205),(2058,'Jura','JU',1205),(2059,'Luzern','LU',1205),(2060,'Neuchatel','NE',1205),(2061,'Nidwalden','NW',1205),(2062,'Obwalden','OW',1205),(2063,'Sankt Gallen','SG',1205),(2064,'Schaffhausen','SH',1205),(2065,'Solothurn','SO',1205),(2066,'Schwyz','SZ',1205),(2067,'Thurgau','TG',1205),(2068,'Ticino','TI',1205),(2069,'Uri','UR',1205),(2070,'Vaud','VD',1205),(2071,'Valais','VS',1205),(2072,'Zug','ZG',1205),(2073,'Zurich','ZH',1205),(2074,'18 Montagnes','06',1054),(2075,'Agnebi','16',1054),(2076,'Bas-Sassandra','09',1054),(2077,'Denguele','10',1054),(2078,'Haut-Sassandra','02',1054),(2079,'Lacs','07',1054),(2080,'Lagunes','01',1054),(2081,'Marahoue','12',1054),(2082,'Moyen-Comoe','05',1054),(2083,'Nzi-Comoe','11',1054),(2084,'Savanes','03',1054),(2085,'Sud-Bandama','15',1054),(2086,'Sud-Comoe','13',1054),(2087,'Vallee du Bandama','04',1054),(2088,'Worodouqou','14',1054),(2089,'Zanzan','08',1054),(2090,'Aisen del General Carlos Ibanez del Campo','AI',1044),(2091,'Antofagasta','AN',1044),(2092,'Araucania','AR',1044),(2093,'Atacama','AT',1044),(2094,'Bio-Bio','BI',1044),(2095,'Coquimbo','CO',1044),(2096,'Libertador General Bernardo O\'Higgins','LI',1044),(2097,'Los Lagos','LL',1044),(2098,'Magallanes','MA',1044),(2099,'Maule','ML',1044),(2100,'Region Metropolitana de Santiago','RM',1044),(2101,'Tarapaca','TA',1044),(2102,'Valparaiso','VS',1044),(2103,'Adamaoua','AD',1038),(2104,'Centre','CE',1038),(2105,'East','ES',1038),(2106,'Far North','EN',1038),(2107,'North','NO',1038),(2108,'South','SW',1038),(2109,'South-West','SW',1038),(2110,'West','OU',1038),(2111,'Beijing','11',1045),(2112,'Chongqing','50',1045),(2113,'Shanghai','31',1045),(2114,'Tianjin','12',1045),(2115,'Anhui','34',1045),(2116,'Fujian','35',1045),(2117,'Gansu','62',1045),(2118,'Guangdong','44',1045),(2119,'Gulzhou','52',1045),(2120,'Hainan','46',1045),(2121,'Hebei','13',1045),(2122,'Heilongjiang','23',1045),(2123,'Henan','41',1045),(2124,'Hubei','42',1045),(2125,'Hunan','43',1045),(2126,'Jiangsu','32',1045),(2127,'Jiangxi','36',1045),(2128,'Jilin','22',1045),(2129,'Liaoning','21',1045),(2130,'Qinghai','63',1045),(2131,'Shaanxi','61',1045),(2132,'Shandong','37',1045),(2133,'Shanxi','14',1045),(2134,'Sichuan','51',1045),(2135,'Taiwan','71',1045),(2136,'Yunnan','53',1045),(2137,'Zhejiang','33',1045),(2138,'Guangxi','45',1045),(2139,'Neia Mongol (mn)','15',1045),(2140,'Xinjiang','65',1045),(2141,'Xizang','54',1045),(2142,'Hong Kong','91',1045),(2143,'Macau','92',1045),(2144,'Distrito Capital de Bogot','DC',1048),(2145,'Amazonea','AMA',1048),(2146,'Antioquia','ANT',1048),(2147,'Arauca','ARA',1048),(2148,'Atlntico','ATL',1048),(2149,'Bolvar','BOL',1048),(2150,'Boyac','BOY',1048),(2151,'Caldea','CAL',1048),(2152,'Caquet','CAQ',1048),(2153,'Casanare','CAS',1048),(2154,'Cauca','CAU',1048),(2155,'Cesar','CES',1048),(2156,'Crdoba','COR',1048),(2157,'Cundinamarca','CUN',1048),(2158,'Choc','CHO',1048),(2159,'Guaina','GUA',1048),(2160,'Guaviare','GUV',1048),(2161,'La Guajira','LAG',1048),(2162,'Magdalena','MAG',1048),(2163,'Meta','MET',1048),(2164,'Nario','NAR',1048),(2165,'Norte de Santander','NSA',1048),(2166,'Putumayo','PUT',1048),(2167,'Quindio','QUI',1048),(2168,'Risaralda','RIS',1048),(2169,'San Andrs, Providencia y Santa Catalina','SAP',1048),(2170,'Santander','SAN',1048),(2171,'Sucre','SUC',1048),(2172,'Tolima','TOL',1048),(2173,'Valle del Cauca','VAC',1048),(2174,'Vaups','VAU',1048),(2175,'Vichada','VID',1048),(2176,'Alajuela','A',1053),(2177,'Cartago','C',1053),(2178,'Guanacaste','G',1053),(2179,'Heredia','H',1053),(2180,'Limon','L',1053),(2181,'Puntarenas','P',1053),(2182,'San Jose','SJ',1053),(2183,'Camagey','09',1056),(2184,'Ciego de `vila','08',1056),(2185,'Cienfuegos','06',1056),(2186,'Ciudad de La Habana','03',1056),(2187,'Granma','12',1056),(2188,'Guantanamo','14',1056),(2189,'Holquin','11',1056),(2190,'La Habana','02',1056),(2191,'Las Tunas','10',1056),(2192,'Matanzas','04',1056),(2193,'Pinar del Rio','01',1056),(2194,'Sancti Spiritus','07',1056),(2195,'Santiago de Cuba','13',1056),(2196,'Villa Clara','05',1056),(2197,'Isla de la Juventud','99',1056),(2198,'Pinar del Roo','PR',1056),(2199,'Ciego de Avila','CA',1056),(2200,'Camagoey','CG',1056),(2201,'Holgun','HO',1056),(2202,'Sancti Spritus','SS',1056),(2203,'Municipio Especial Isla de la Juventud','IJ',1056),(2204,'Boa Vista','BV',1040),(2205,'Brava','BR',1040),(2206,'Calheta de Sao Miguel','CS',1040),(2207,'Fogo','FO',1040),(2208,'Maio','MA',1040),(2209,'Mosteiros','MO',1040),(2210,'Paul','PA',1040),(2211,'Porto Novo','PN',1040),(2212,'Praia','PR',1040),(2213,'Ribeira Grande','RG',1040),(2214,'Sal','SL',1040),(2215,'Sao Domingos','SD',1040),(2216,'Sao Filipe','SF',1040),(2217,'Sao Nicolau','SN',1040),(2218,'Sao Vicente','SV',1040),(2219,'Tarrafal','TA',1040),(2220,'Ammochostos Magusa','04',1057),(2221,'Keryneia','06',1057),(2222,'Larnaka','03',1057),(2223,'Lefkosia','01',1057),(2224,'Lemesos','02',1057),(2225,'Pafos','05',1057),(2226,'Jihoesk kraj','JC',1058),(2227,'Jihomoravsk kraj','JM',1058),(2228,'Karlovarsk kraj','KA',1058),(2229,'Krlovhradeck kraj','KR',1058),(2230,'Libereck kraj','LI',1058),(2231,'Moravskoslezsk kraj','MO',1058),(2232,'Olomouck kraj','OL',1058),(2233,'Pardubick kraj','PA',1058),(2234,'Plzesk kraj','PL',1058),(2235,'Praha, hlavn msto','PR',1058),(2236,'Stedoesk kraj','ST',1058),(2237,'steck kraj','US',1058),(2238,'Vysoina','VY',1058),(2239,'Zlnsk kraj','ZL',1058),(2240,'Baden-Wuerttemberg','BW',1082),(2241,'Bayern','BY',1082),(2242,'Bremen','HB',1082),(2243,'Hamburg','HH',1082),(2244,'Hessen','HE',1082),(2245,'Niedersachsen','NI',1082),(2246,'Nordrhein-Westfalen','NW',1082),(2247,'Rheinland-Pfalz','RP',1082),(2248,'Saarland','SL',1082),(2249,'Schleswig-Holstein','SH',1082),(2250,'Berlin','BR',1082),(2251,'Brandenburg','BB',1082),(2252,'Mecklenburg-Vorpommern','MV',1082),(2253,'Sachsen','SN',1082),(2254,'Sachsen-Anhalt','ST',1082),(2255,'Thueringen','TH',1082),(2256,'Ali Sabiah','AS',1060),(2257,'Dikhil','DI',1060),(2258,'Djibouti','DJ',1060),(2259,'Obock','OB',1060),(2260,'Tadjoura','TA',1060),(2261,'Frederikaberg municipality','147',1059),(2262,'Copenhagen municipality','101',1059),(2263,'Copenhagen','015',1059),(2264,'Frederiksborg','020',1059),(2265,'Roskilde','025',1059),(2266,'Western Zealand','030',1059),(2267,'Storstrm','035',1059),(2268,'Bornholm','040',1059),(2269,'Funen','042',1059),(2270,'Southern Jutland','050',1059),(2271,'Ribe','055',1059),(2272,'Vejle','060',1059),(2273,'Ringkbing','065',1059),(2274,'Aarhus','070',1059),(2275,'Viborg','076',1059),(2276,'Northern Jutland','080',1059),(2277,'Distrito Nacional (Santo Domingo)','01',1062),(2278,'Azua','02',1062),(2279,'Bahoruco','03',1062),(2280,'Barahona','04',1062),(2281,'Dajabn','05',1062),(2282,'Duarte','06',1062),(2283,'El Seybo [El Seibo]','08',1062),(2284,'Espaillat','09',1062),(2285,'Hato Mayor','30',1062),(2286,'Independencia','10',1062),(2287,'La Altagracia','11',1062),(2288,'La Estrelleta [Elias Pina]','07',1062),(2289,'La Romana','12',1062),(2290,'La Vega','13',1062),(2291,'Maroia Trinidad Snchez','14',1062),(2292,'Monseor Nouel','28',1062),(2293,'Monte Cristi','15',1062),(2294,'Monte Plata','29',1062),(2295,'Pedernales','16',1062),(2296,'Peravia','17',1062),(2297,'Puerto Plata','18',1062),(2298,'Salcedo','19',1062),(2299,'Saman','20',1062),(2300,'San Cristbal','21',1062),(2301,'San Pedro de Macors','23',1062),(2302,'Snchez Ramrez','24',1062),(2303,'Santiago','25',1062),(2304,'Santiago Rodrguez','26',1062),(2305,'Valverde','27',1062),(2306,'Adrar','01',1003),(2307,'Ain Defla','44',1003),(2308,'Ain Tmouchent','46',1003),(2309,'Alger','16',1003),(2310,'Annaba','23',1003),(2311,'Batna','05',1003),(2312,'Bechar','08',1003),(2313,'Bejaia','06',1003),(2314,'Biskra','07',1003),(2315,'Blida','09',1003),(2316,'Bordj Bou Arreridj','34',1003),(2317,'Bouira','10',1003),(2318,'Boumerdes','35',1003),(2319,'Chlef','02',1003),(2320,'Constantine','25',1003),(2321,'Djelfa','17',1003),(2322,'El Bayadh','32',1003),(2323,'El Oued','39',1003),(2324,'El Tarf','36',1003),(2325,'Ghardaia','47',1003),(2326,'Guelma','24',1003),(2327,'Illizi','33',1003),(2328,'Jijel','18',1003),(2329,'Khenchela','40',1003),(2330,'Laghouat','03',1003),(2331,'Mascara','29',1003),(2332,'Medea','26',1003),(2333,'Mila','43',1003),(2334,'Mostaganem','27',1003),(2335,'Msila','28',1003),(2336,'Naama','45',1003),(2337,'Oran','31',1003),(2338,'Ouargla','30',1003),(2339,'Oum el Bouaghi','04',1003),(2340,'Relizane','48',1003),(2341,'Saida','20',1003),(2342,'Setif','19',1003),(2343,'Sidi Bel Abbes','22',1003),(2344,'Skikda','21',1003),(2345,'Souk Ahras','41',1003),(2346,'Tamanghasset','11',1003),(2347,'Tebessa','12',1003),(2348,'Tiaret','14',1003),(2349,'Tindouf','37',1003),(2350,'Tipaza','42',1003),(2351,'Tissemsilt','38',1003),(2352,'Tizi Ouzou','15',1003),(2353,'Tlemcen','13',1003),(2354,'Azuay','A',1064),(2355,'Bolivar','B',1064),(2356,'Canar','F',1064),(2357,'Carchi','C',1064),(2358,'Cotopaxi','X',1064),(2359,'Chimborazo','H',1064),(2360,'El Oro','O',1064),(2361,'Esmeraldas','E',1064),(2362,'Galapagos','W',1064),(2363,'Guayas','G',1064),(2364,'Imbabura','I',1064),(2365,'Loja','L',1064),(2366,'Los Rios','R',1064),(2367,'Manabi','M',1064),(2368,'Morona-Santiago','S',1064),(2369,'Napo','N',1064),(2370,'Orellana','D',1064),(2371,'Pastaza','Y',1064),(2372,'Pichincha','P',1064),(2373,'Sucumbios','U',1064),(2374,'Tungurahua','T',1064),(2375,'Zamora-Chinchipe','Z',1064),(2376,'Harjumsa','37',1069),(2377,'Hitumea','39',1069),(2378,'Ida-Virumsa','44',1069),(2379,'Jogevamsa','49',1069),(2380,'Jarvamsa','51',1069),(2381,'Lasnemsa','57',1069),(2382,'Laane-Virumaa','59',1069),(2383,'Polvamea','65',1069),(2384,'Parnumsa','67',1069),(2385,'Raplamsa','70',1069),(2386,'Saaremsa','74',1069),(2387,'Tartumsa','7B',1069),(2388,'Valgamaa','82',1069),(2389,'Viljandimsa','84',1069),(2390,'Vorumaa','86',1069),(2391,'Ad Daqahllyah','DK',1065),(2392,'Al Bahr al Ahmar','BA',1065),(2393,'Al Buhayrah','BH',1065),(2394,'Al Fayym','FYM',1065),(2395,'Al Gharbiyah','GH',1065),(2396,'Al Iskandarlyah','ALX',1065),(2397,'Al Isma illyah','IS',1065),(2398,'Al Jizah','GZ',1065),(2399,'Al Minuflyah','MNF',1065),(2400,'Al Minya','MN',1065),(2401,'Al Qahirah','C',1065),(2402,'Al Qalyublyah','KB',1065),(2403,'Al Wadi al Jadid','WAD',1065),(2404,'Ash Sharqiyah','SHR',1065),(2405,'As Suways','SUZ',1065),(2406,'Aswan','ASN',1065),(2407,'Asyut','AST',1065),(2408,'Bani Suwayf','BNS',1065),(2409,'Bur Sa\'id','PTS',1065),(2410,'Dumyat','DT',1065),(2411,'Janub Sina\'','JS',1065),(2412,'Kafr ash Shaykh','KFS',1065),(2413,'Matruh','MT',1065),(2414,'Qina','KN',1065),(2415,'Shamal Sina\'','SIN',1065),(2416,'Suhaj','SHG',1065),(2417,'Anseba','AN',1068),(2418,'Debub','DU',1068),(2419,'Debubawi Keyih Bahri [Debub-Keih-Bahri]','DK',1068),(2420,'Gash-Barka','GB',1068),(2421,'Maakel [Maekel]','MA',1068),(2422,'Semenawi Keyih Bahri [Semien-Keih-Bahri]','SK',1068),(2423,'lava','VI',1198),(2424,'Albacete','AB',1198),(2425,'Alicante','A',1198),(2426,'Almera','AL',1198),(2427,'Asturias','O',1198),(2428,'vila','AV',1198),(2429,'Badajoz','BA',1198),(2430,'Baleares','PM',1198),(2431,'Barcelona','B',1198),(2432,'Burgos','BU',1198),(2433,'Cceres','CC',1198),(2434,'Cdiz','CA',1198),(2435,'Cantabria','S',1198),(2436,'Castelln','CS',1198),(2437,'Ciudad Real','CR',1198),(2438,'Cuenca','CU',1198),(2439,'Girona [Gerona]','GE',1198),(2440,'Granada','GR',1198),(2441,'Guadalajara','GU',1198),(2442,'Guipzcoa','SS',1198),(2443,'Huelva','H',1198),(2444,'Huesca','HU',1198),(2445,'Jan','J',1198),(2446,'La Corua','C',1198),(2447,'La Rioja','LO',1198),(2448,'Las Palmas','GC',1198),(2449,'Len','LE',1198),(2450,'Lleida [Lrida]','L',1198),(2451,'Lugo','LU',1198),(2452,'Madrid','M',1198),(2453,'Mlaga','MA',1198),(2454,'Murcia','MU',1198),(2455,'Navarra','NA',1198),(2456,'Ourense','OR',1198),(2457,'Palencia','P',1198),(2458,'Pontevedra','PO',1198),(2459,'Salamanca','SA',1198),(2460,'Santa Cruz de Tenerife','TF',1198),(2461,'Segovia','SG',1198),(2462,'Sevilla','SE',1198),(2463,'Soria','SO',1198),(2464,'Tarragona','T',1198),(2465,'Teruel','TE',1198),(2466,'Valencia','V',1198),(2467,'Valladolid','VA',1198),(2468,'Vizcaya','BI',1198),(2469,'Zamora','ZA',1198),(2470,'Zaragoza','Z',1198),(2471,'Ceuta','CE',1198),(2472,'Melilla','ML',1198),(2473,'Addis Ababa','AA',1070),(2474,'Dire Dawa','DD',1070),(2475,'Afar','AF',1070),(2476,'Amara','AM',1070),(2477,'Benshangul-Gumaz','BE',1070),(2478,'Gambela Peoples','GA',1070),(2479,'Harari People','HA',1070),(2480,'Oromia','OR',1070),(2481,'Somali','SO',1070),(2482,'Southern Nations, Nationalities and Peoples','SN',1070),(2483,'Tigrai','TI',1070),(2490,'Eastern','E',1074),(2491,'Northern','N',1074),(2492,'Western','W',1074),(2493,'Rotuma','R',1074),(2494,'Chuuk','TRK',1141),(2495,'Kosrae','KSA',1141),(2496,'Pohnpei','PNI',1141),(2497,'Yap','YAP',1141),(2498,'Ain','01',1076),(2499,'Aisne','02',1076),(2500,'Allier','03',1076),(2501,'Alpes-de-Haute-Provence','04',1076),(2502,'Alpes-Maritimes','06',1076),(2503,'Ardche','07',1076),(2504,'Ardennes','08',1076),(2505,'Arige','09',1076),(2506,'Aube','10',1076),(2507,'Aude','11',1076),(2508,'Aveyron','12',1076),(2509,'Bas-Rhin','67',1076),(2510,'Bouches-du-Rhne','13',1076),(2511,'Calvados','14',1076),(2512,'Cantal','15',1076),(2513,'Charente','16',1076),(2514,'Charente-Maritime','17',1076),(2515,'Cher','18',1076),(2516,'Corrze','19',1076),(2517,'Corse-du-Sud','20A',1076),(2518,'Cte-d\'Or','21',1076),(2519,'Ctes-d\'Armor','22',1076),(2520,'Creuse','23',1076),(2521,'Deux-Svres','79',1076),(2522,'Dordogne','24',1076),(2523,'Doubs','25',1076),(2524,'Drme','26',1076),(2525,'Essonne','91',1076),(2526,'Eure','27',1076),(2527,'Eure-et-Loir','28',1076),(2528,'Finistre','29',1076),(2529,'Gard','30',1076),(2530,'Gers','32',1076),(2531,'Gironde','33',1076),(2532,'Haut-Rhin','68',1076),(2533,'Haute-Corse','20B',1076),(2534,'Haute-Garonne','31',1076),(2535,'Haute-Loire','43',1076),(2536,'Haute-Sane','70',1076),(2537,'Haute-Savoie','74',1076),(2538,'Haute-Vienne','87',1076),(2539,'Hautes-Alpes','05',1076),(2540,'Hautes-Pyrnes','65',1076),(2541,'Hauts-de-Seine','92',1076),(2542,'Hrault','34',1076),(2543,'Indre','35',1076),(2544,'Ille-et-Vilaine','36',1076),(2545,'Indre-et-Loire','37',1076),(2546,'Isre','38',1076),(2547,'Landes','40',1076),(2548,'Loir-et-Cher','41',1076),(2549,'Loire','42',1076),(2550,'Loire-Atlantique','44',1076),(2551,'Loiret','45',1076),(2552,'Lot','46',1076),(2553,'Lot-et-Garonne','47',1076),(2554,'Lozre','48',1076),(2555,'Maine-et-Loire','49',1076),(2556,'Manche','50',1076),(2557,'Marne','51',1076),(2558,'Mayenne','53',1076),(2559,'Meurthe-et-Moselle','54',1076),(2560,'Meuse','55',1076),(2561,'Morbihan','56',1076),(2562,'Moselle','57',1076),(2563,'Nivre','58',1076),(2564,'Nord','59',1076),(2565,'Oise','60',1076),(2566,'Orne','61',1076),(2567,'Paris','75',1076),(2568,'Pas-de-Calais','62',1076),(2569,'Puy-de-Dme','63',1076),(2570,'Pyrnes-Atlantiques','64',1076),(2571,'Pyrnes-Orientales','66',1076),(2572,'Rhne','69',1076),(2573,'Sane-et-Loire','71',1076),(2574,'Sarthe','72',1076),(2575,'Savoie','73',1076),(2576,'Seine-et-Marne','77',1076),(2577,'Seine-Maritime','76',1076),(2578,'Seine-Saint-Denis','93',1076),(2579,'Somme','80',1076),(2580,'Tarn','81',1076),(2581,'Tarn-et-Garonne','82',1076),(2582,'Val d\'Oise','95',1076),(2583,'Territoire de Belfort','90',1076),(2584,'Val-de-Marne','94',1076),(2585,'Var','83',1076),(2586,'Vaucluse','84',1076),(2587,'Vende','85',1076),(2588,'Vienne','86',1076),(2589,'Vosges','88',1076),(2590,'Yonne','89',1076),(2591,'Yvelines','78',1076),(2592,'Aberdeen City','ABE',1226),(2593,'Aberdeenshire','ABD',1226),(2594,'Angus','ANS',1226),(2595,'Co Antrim','ANT',1226),(2596,'Ards','ARD',1226),(2597,'Argyll and Bute','AGB',1226),(2598,'Co Armagh','ARM',1226),(2599,'Ballymena','BLA',1226),(2600,'Ballymoney','BLY',1226),(2601,'Banbridge','BNB',1226),(2602,'Barking and Dagenham','BDG',1226),(2603,'Barnet','BNE',1226),(2604,'Barnsley','BNS',1226),(2605,'Bath and North East Somerset','BAS',1226),(2606,'Bedfordshire','BDF',1226),(2607,'Belfast','BFS',1226),(2608,'Bexley','BEX',1226),(2609,'Birmingham','BIR',1226),(2610,'Blackburn with Darwen','BBD',1226),(2611,'Blackpool','BPL',1226),(2612,'Blaenau Gwent','BGW',1226),(2613,'Bolton','BOL',1226),(2614,'Bournemouth','BMH',1226),(2615,'Bracknell Forest','BRC',1226),(2616,'Bradford','BRD',1226),(2617,'Brent','BEN',1226),(2618,'Bridgend','BGE',1226),(2619,'Brighton and Hove','BNH',1226),(2620,'Bristol','BST',1226),(2621,'Bromley','BRY',1226),(2622,'Buckinghamshire','BKM',1226),(2623,'Bury','BUR',1226),(2624,'Caerphilly','CAY',1226),(2625,'Calderdale','CLD',1226),(2626,'Cambridgeshire','CAM',1226),(2627,'Camden','CMD',1226),(2628,'Cardiff','CRF',1226),(2629,'Carmarthenshire','CMN',1226),(2630,'Sir Gaerfyrddin','GFY',1226),(2631,'Carrickfergus','CKF',1226),(2632,'Castlereagh','CSR',1226),(2633,'Ceredigion','CGN',1226),(2634,'Cheshire','CHS',1226),(2635,'Clackmannanshire','CLK',1226),(2636,'Coleraine','CLR',1226),(2637,'Conwy','CWY',1226),(2638,'Cookstown','CKT',1226),(2639,'Cornwall','CON',1226),(2640,'Coventry','COV',1226),(2641,'Cralgavon','CGV',1226),(2642,'Croydon','CRY',1226),(2643,'Cumbria','CMA',1226),(2644,'Darlington','DAL',1226),(2645,'Denbighshire','DEN',1226),(2646,'Derby','DER',1226),(2647,'Derbyshire','DBY',1226),(2648,'Derry','DRY',1226),(2649,'Devon','DEV',1226),(2650,'Doncaster','DNC',1226),(2651,'Dorset','DOR',1226),(2652,'Co Down','DOW',1226),(2653,'Dudley','DUD',1226),(2654,'Dumfries and Galloway','DGY',1226),(2655,'Dundee City','DND',1226),(2656,'Dungannon','DGN',1226),(2657,'Co Durham','DUR',1226),(2658,'Ealing','EAL',1226),(2659,'East Ayrshire','EAY',1226),(2660,'East Dunbartonshire','EDU',1226),(2661,'East Lothian','ELN',1226),(2662,'East Renfrewshire','ERW',1226),(2663,'East Riding of Yorkshire','ERY',1226),(2664,'East Sussex','ESX',1226),(2665,'Edinburgh, City of','EDH',1226),(2666,'Eilean Siar','ELS',1226),(2667,'Enfield','ENF',1226),(2668,'Essex','ESS',1226),(2669,'Falkirk','FAL',1226),(2670,'Co Fermanagh','FER',1226),(2671,'Fife','FIF',1226),(2672,'Flintshire','FLN',1226),(2673,'Gateshead','GAT',1226),(2674,'Glasgow','GLG',1226),(2675,'Gloucestershire','GLS',1226),(2676,'Greenwich','GRE',1226),(2677,'Guernsey','GSY',1226),(2678,'Gwynedd','GWN',1226),(2679,'Hackney','HCK',1226),(2680,'Halton','HAL',1226),(2681,'Hammersmith and Fulham','HMF',1226),(2682,'Hampshire','HAM',1226),(2683,'Haringey','HRY',1226),(2684,'Harrow','HRW',1226),(2685,'Hartlepool','HPL',1226),(2686,'Havering','HAV',1226),(2687,'Herefordshire','HEF',1226),(2688,'Hertfordshire','HRT',1226),(2689,'Highland','HED',1226),(2690,'Hillingdon','HIL',1226),(2691,'Hounslow','HNS',1226),(2692,'Inverclyde','IVC',1226),(2693,'Isle of Anglesey','AGY',1226),(2694,'Isle of Wight','IOW',1226),(2695,'Isles of Scilly','IOS',1226),(2696,'Islington','ISL',1226),(2697,'Jersey','JSY',1226),(2698,'Kensington and Chelsea','KEC',1226),(2699,'Kent','KEN',1226),(2700,'Kingston upon Hull','KHL',1226),(2701,'Kingston upon Thames','KTT',1226),(2702,'Kirklees','KIR',1226),(2703,'Knowsley','KWL',1226),(2704,'Lambeth','LBH',1226),(2705,'Lancashire','LAN',1226),(2706,'Larne','LRN',1226),(2707,'Leeds','LDS',1226),(2708,'Leicester','LCE',1226),(2709,'Leicestershire','LEC',1226),(2710,'Lewisham','LEW',1226),(2711,'Limavady','LMV',1226),(2712,'Lincolnshire','LIN',1226),(2713,'Lisburn','LSB',1226),(2714,'Liverpool','LIV',1226),(2715,'London, City of','LND',1226),(2716,'Luton','LUT',1226),(2717,'Magherafelt','MFT',1226),(2718,'Manchester','MAN',1226),(2719,'Medway','MDW',1226),(2720,'Merthyr Tydfil','MTY',1226),(2721,'Merton','MRT',1226),(2722,'Middlesbrough','MDB',1226),(2723,'Midlothian','MLN',1226),(2724,'Milton Keynes','MIK',1226),(2725,'Monmouthshire','MON',1226),(2726,'Moray','MRY',1226),(2727,'Moyle','MYL',1226),(2728,'Neath Port Talbot','NTL',1226),(2729,'Newcastle upon Tyne','NET',1226),(2730,'Newham','NWM',1226),(2731,'Newport','NWP',1226),(2732,'Newry and Mourne','NYM',1226),(2733,'Newtownabbey','NTA',1226),(2734,'Norfolk','NFK',1226),(2735,'North Ayrshire','NAY',1226),(2736,'North Down','NDN',1226),(2737,'North East Lincolnshire','NEL',1226),(2738,'North Lanarkshire','NLK',1226),(2739,'North Lincolnshire','NLN',1226),(2740,'North Somerset','NSM',1226),(2741,'North Tyneside','NTY',1226),(2742,'North Yorkshire','NYK',1226),(2743,'Northamptonshire','NTH',1226),(2744,'Northumberland','NBL',1226),(2745,'Nottingham','NGM',1226),(2746,'Nottinghamshire','NTT',1226),(2747,'Oldham','OLD',1226),(2748,'Omagh','OMH',1226),(2749,'Orkney Islands','ORR',1226),(2750,'Oxfordshire','OXF',1226),(2751,'Pembrokeshire','PEM',1226),(2752,'Perth and Kinross','PKN',1226),(2753,'Peterborough','PTE',1226),(2754,'Plymouth','PLY',1226),(2755,'Poole','POL',1226),(2756,'Portsmouth','POR',1226),(2757,'Powys','POW',1226),(2758,'Reading','RDG',1226),(2759,'Redbridge','RDB',1226),(2760,'Cleveland','RCC',1226),(2761,'Renfrewshire','RFW',1226),(2762,'Rhondda Cynon Taff','RCT',1226),(2763,'Richmond upon Thames','RIC',1226),(2764,'Rochdale','RCH',1226),(2765,'Rotherham','ROT',1226),(2766,'Rutland','RUT',1226),(2767,'St. Helens','SHN',1226),(2768,'Salford','SLF',1226),(2769,'Sandwell','SAW',1226),(2770,'Scottish Borders','SCB',1226),(2771,'Sefton','SFT',1226),(2772,'Sheffield','SHF',1226),(2773,'Shetland Islands','ZET',1226),(2774,'Shropshire','SHR',1226),(2775,'Slough','SLG',1226),(2776,'Solihull','SOL',1226),(2777,'Somerset','SOM',1226),(2778,'South Ayrshire','SAY',1226),(2779,'South Gloucestershire','SGC',1226),(2780,'South Lanarkshire','SLK',1226),(2781,'South Tyneside','STY',1226),(2782,'Southampton','STH',1226),(2783,'Southend-on-Sea','SOS',1226),(2784,'Southwark','SWK',1226),(2785,'Staffordshire','STS',1226),(2786,'Stirling','STG',1226),(2787,'Stockport','SKP',1226),(2788,'Stockton-on-Tees','STT',1226),(2789,'Stoke-on-Trent','STE',1226),(2790,'Strabane','STB',1226),(2791,'Suffolk','SFK',1226),(2792,'Sunderland','SND',1226),(2793,'Surrey','SRY',1226),(2794,'Sutton','STN',1226),(2795,'Swansea','SWA',1226),(2796,'Swindon','SWD',1226),(2797,'Tameside','TAM',1226),(2798,'Telford and Wrekin','TFW',1226),(2799,'Thurrock','THR',1226),(2800,'Torbay','TOB',1226),(2801,'Torfasn','TOF',1226),(2802,'Tower Hamlets','TWH',1226),(2803,'Trafford','TRF',1226),(2804,'Vale of Glamorgan','VGL',1226),(2805,'Bro Morgannwg','BMG',1226),(2806,'Wakefield','WKF',1226),(2807,'Walsall','WLL',1226),(2808,'Waltham Forest','WFT',1226),(2809,'Wandsworth','WND',1226),(2810,'Warrington','WRT',1226),(2811,'Warwickshire','WAR',1226),(2812,'West Berkshire','WBX',1226),(2813,'West Dunbartonshire','WDU',1226),(2814,'West Lothian','WLN',1226),(2815,'West Sussex','WSX',1226),(2816,'Westminster','WSM',1226),(2817,'Wigan','WGN',1226),(2818,'Wiltshire','WIL',1226),(2819,'Windsor and Maidenhead','WNM',1226),(2820,'Wirral','WRL',1226),(2821,'Wokingham','WOK',1226),(2822,'Wolverhampton','WLV',1226),(2823,'Worcestershire','WOR',1226),(2824,'Wrexham','WRX',1226),(2825,'York','YOR',1226),(2826,'Ashanti','AH',1083),(2827,'Brong-Ahafo','BA',1083),(2828,'Greater Accra','AA',1083),(2829,'Upper East','UE',1083),(2830,'Upper West','UW',1083),(2831,'Volta','TV',1083),(2832,'Banjul','B',1213),(2833,'Lower River','L',1213),(2834,'MacCarthy Island','M',1213),(2835,'North Bank','N',1213),(2836,'Upper River','U',1213),(2837,'Beyla','BE',1091),(2838,'Boffa','BF',1091),(2839,'Boke','BK',1091),(2840,'Coyah','CO',1091),(2841,'Dabola','DB',1091),(2842,'Dalaba','DL',1091),(2843,'Dinguiraye','DI',1091),(2844,'Dubreka','DU',1091),(2845,'Faranah','FA',1091),(2846,'Forecariah','FO',1091),(2847,'Fria','FR',1091),(2848,'Gaoual','GA',1091),(2849,'Guekedou','GU',1091),(2850,'Kankan','KA',1091),(2851,'Kerouane','KE',1091),(2852,'Kindia','KD',1091),(2853,'Kissidougou','KS',1091),(2854,'Koubia','KB',1091),(2855,'Koundara','KN',1091),(2856,'Kouroussa','KO',1091),(2857,'Labe','LA',1091),(2858,'Lelouma','LE',1091),(2859,'Lola','LO',1091),(2860,'Macenta','MC',1091),(2861,'Mali','ML',1091),(2862,'Mamou','MM',1091),(2863,'Mandiana','MD',1091),(2864,'Nzerekore','NZ',1091),(2865,'Pita','PI',1091),(2866,'Siguiri','SI',1091),(2867,'Telimele','TE',1091),(2868,'Tougue','TO',1091),(2869,'Yomou','YO',1091),(2870,'Region Continental','C',1067),(2871,'Region Insular','I',1067),(2872,'Annobon','AN',1067),(2873,'Bioko Norte','BN',1067),(2874,'Bioko Sur','BS',1067),(2875,'Centro Sur','CS',1067),(2876,'Kie-Ntem','KN',1067),(2877,'Litoral','LI',1067),(2878,'Wele-Nzas','WN',1067),(2879,'Achaa','13',1085),(2880,'Aitolia-Akarnania','01',1085),(2881,'Argolis','11',1085),(2882,'Arkadia','12',1085),(2883,'Arta','31',1085),(2884,'Attiki','A1',1085),(2885,'Chalkidiki','64',1085),(2886,'Chania','94',1085),(2887,'Chios','85',1085),(2888,'Dodekanisos','81',1085),(2889,'Drama','52',1085),(2890,'Evros','71',1085),(2891,'Evrytania','05',1085),(2892,'Evvoia','04',1085),(2893,'Florina','63',1085),(2894,'Fokis','07',1085),(2895,'Fthiotis','06',1085),(2896,'Grevena','51',1085),(2897,'Ileia','14',1085),(2898,'Imathia','53',1085),(2899,'Ioannina','33',1085),(2900,'Irakleion','91',1085),(2901,'Karditsa','41',1085),(2902,'Kastoria','56',1085),(2903,'Kavalla','55',1085),(2904,'Kefallinia','23',1085),(2905,'Kerkyra','22',1085),(2906,'Kilkis','57',1085),(2907,'Korinthia','15',1085),(2908,'Kozani','58',1085),(2909,'Kyklades','82',1085),(2910,'Lakonia','16',1085),(2911,'Larisa','42',1085),(2912,'Lasithion','92',1085),(2913,'Lefkas','24',1085),(2914,'Lesvos','83',1085),(2915,'Magnisia','43',1085),(2916,'Messinia','17',1085),(2917,'Pella','59',1085),(2918,'Preveza','34',1085),(2919,'Rethymnon','93',1085),(2920,'Rodopi','73',1085),(2921,'Samos','84',1085),(2922,'Serrai','62',1085),(2923,'Thesprotia','32',1085),(2924,'Thessaloniki','54',1085),(2925,'Trikala','44',1085),(2926,'Voiotia','03',1085),(2927,'Xanthi','72',1085),(2928,'Zakynthos','21',1085),(2929,'Agio Oros','69',1085),(2930,'Alta Verapez','AV',1090),(2931,'Baja Verapez','BV',1090),(2932,'Chimaltenango','CM',1090),(2933,'Chiquimula','CQ',1090),(2934,'El Progreso','PR',1090),(2935,'Escuintla','ES',1090),(2936,'Guatemala','GU',1090),(2937,'Huehuetenango','HU',1090),(2938,'Izabal','IZ',1090),(2939,'Jalapa','JA',1090),(2940,'Jutiapa','JU',1090),(2941,'Peten','PE',1090),(2942,'Quetzaltenango','QZ',1090),(2943,'Quiche','QC',1090),(2944,'Reta.thuleu','RE',1090),(2945,'Sacatepequez','SA',1090),(2946,'San Marcos','SM',1090),(2947,'Santa Rosa','SR',1090),(2948,'Solol6','SO',1090),(2949,'Suchitepequez','SU',1090),(2950,'Totonicapan','TO',1090),(2951,'Zacapa','ZA',1090),(2952,'Bissau','BS',1092),(2953,'Bafata','BA',1092),(2954,'Biombo','BM',1092),(2955,'Bolama','BL',1092),(2956,'Cacheu','CA',1092),(2957,'Gabu','GA',1092),(2958,'Oio','OI',1092),(2959,'Quloara','QU',1092),(2960,'Tombali S','TO',1092),(2961,'Barima-Waini','BA',1093),(2962,'Cuyuni-Mazaruni','CU',1093),(2963,'Demerara-Mahaica','DE',1093),(2964,'East Berbice-Corentyne','EB',1093),(2965,'Essequibo Islands-West Demerara','ES',1093),(2966,'Mahaica-Berbice','MA',1093),(2967,'Pomeroon-Supenaam','PM',1093),(2968,'Potaro-Siparuni','PT',1093),(2969,'Upper Demerara-Berbice','UD',1093),(2970,'Upper Takutu-Upper Essequibo','UT',1093),(2971,'Atlantida','AT',1097),(2972,'Colon','CL',1097),(2973,'Comayagua','CM',1097),(2974,'Copan','CP',1097),(2975,'Cortes','CR',1097),(2976,'Choluteca','CH',1097),(2977,'El Paraiso','EP',1097),(2978,'Francisco Morazan','FM',1097),(2979,'Gracias a Dios','GD',1097),(2980,'Intibuca','IN',1097),(2981,'Islas de la Bahia','IB',1097),(2982,'Lempira','LE',1097),(2983,'Ocotepeque','OC',1097),(2984,'Olancho','OL',1097),(2985,'Santa Barbara','SB',1097),(2986,'Valle','VA',1097),(2987,'Yoro','YO',1097),(2988,'Bjelovarsko-bilogorska zupanija','07',1055),(2989,'Brodsko-posavska zupanija','12',1055),(2990,'Dubrovacko-neretvanska zupanija','19',1055),(2991,'Istarska zupanija','18',1055),(2992,'Karlovacka zupanija','04',1055),(2993,'Koprivnickco-krizevacka zupanija','06',1055),(2994,'Krapinako-zagorska zupanija','02',1055),(2995,'Licko-senjska zupanija','09',1055),(2996,'Medimurska zupanija','20',1055),(2997,'Osjecko-baranjska zupanija','14',1055),(2998,'Pozesko-slavonska zupanija','11',1055),(2999,'Primorsko-goranska zupanija','08',1055),(3000,'Sisacko-moelavacka Iupanija','03',1055),(3001,'Splitako-dalmatinska zupanija','17',1055),(3002,'Sibenako-kninska zupanija','15',1055),(3003,'Varaidinska zupanija','05',1055),(3004,'VirovitiEko-podravska zupanija','10',1055),(3005,'VuRovarako-srijemska zupanija','16',1055),(3006,'Zadaraka','13',1055),(3007,'Zagrebacka zupanija','01',1055),(3008,'Grande-Anse','GA',1094),(3009,'Nord-Eat','NE',1094),(3010,'Nord-Ouest','NO',1094),(3011,'Ouest','OU',1094),(3012,'Sud','SD',1094),(3013,'Sud-Est','SE',1094),(3014,'Budapest','BU',1099),(3015,'Bcs-Kiskun','BK',1099),(3016,'Baranya','BA',1099),(3017,'Bks','BE',1099),(3018,'Borsod-Abaj-Zempln','BZ',1099),(3019,'Csongrd','CS',1099),(3020,'Fejr','FE',1099),(3021,'Gyr-Moson-Sopron','GS',1099),(3022,'Hajdu-Bihar','HB',1099),(3023,'Heves','HE',1099),(3024,'Jsz-Nagykun-Szolnok','JN',1099),(3025,'Komrom-Esztergom','KE',1099),(3026,'Nogrd','NO',1099),(3027,'Pest','PE',1099),(3028,'Somogy','SO',1099),(3029,'Szabolcs-Szatmr-Bereg','SZ',1099),(3030,'Tolna','TO',1099),(3031,'Vas','VA',1099),(3032,'Veszprm','VE',1099),(3033,'Zala','ZA',1099),(3034,'Bkscsaba','BC',1099),(3035,'Debrecen','DE',1099),(3036,'Dunajvros','DU',1099),(3037,'Eger','EG',1099),(3038,'Gyr','GY',1099),(3039,'Hdmezvsrhely','HV',1099),(3040,'Kaposvr','KV',1099),(3041,'Kecskemt','KM',1099),(3042,'Miskolc','MI',1099),(3043,'Nagykanizsa','NK',1099),(3044,'Nyiregyhza','NY',1099),(3045,'Pcs','PS',1099),(3046,'Salgtarjn','ST',1099),(3047,'Sopron','SN',1099),(3048,'Szeged','SD',1099),(3049,'Szkesfehrvr','SF',1099),(3050,'Szekszrd','SS',1099),(3051,'Szolnok','SK',1099),(3052,'Szombathely','SH',1099),(3053,'Tatabnya','TB',1099),(3054,'Zalaegerszeg','ZE',1099),(3055,'Bali','BA',1102),(3056,'Bangka Belitung','BB',1102),(3057,'Banten','BT',1102),(3058,'Bengkulu','BE',1102),(3059,'Gorontalo','GO',1102),(3060,'Irian Jaya','IJ',1102),(3061,'Jambi','JA',1102),(3062,'Jawa Barat','JB',1102),(3063,'Jawa Tengah','JT',1102),(3064,'Jawa Timur','JI',1102),(3065,'Kalimantan Barat','KB',1102),(3066,'Kalimantan Timur','KT',1102),(3067,'Kalimantan Selatan','KS',1102),(3068,'Kepulauan Riau','KR',1102),(3069,'Lampung','LA',1102),(3070,'Maluku','MA',1102),(3071,'Maluku Utara','MU',1102),(3072,'Nusa Tenggara Barat','NB',1102),(3073,'Nusa Tenggara Timur','NT',1102),(3074,'Papua','PA',1102),(3075,'Riau','RI',1102),(3076,'Sulawesi Selatan','SN',1102),(3077,'Sulawesi Tengah','ST',1102),(3078,'Sulawesi Tenggara','SG',1102),(3079,'Sulawesi Utara','SA',1102),(3080,'Sumatra Barat','SB',1102),(3081,'Sumatra Selatan','SS',1102),(3082,'Sumatera Utara','SU',1102),(3083,'Jakarta Raya','JK',1102),(3084,'Aceh','AC',1102),(3085,'Yogyakarta','YO',1102),(3086,'Cork','C',1105),(3087,'Clare','CE',1105),(3088,'Cavan','CN',1105),(3089,'Carlow','CW',1105),(3090,'Dublin','D',1105),(3091,'Donegal','DL',1105),(3092,'Galway','G',1105),(3093,'Kildare','KE',1105),(3094,'Kilkenny','KK',1105),(3095,'Kerry','KY',1105),(3096,'Longford','LD',1105),(3097,'Louth','LH',1105),(3098,'Limerick','LK',1105),(3099,'Leitrim','LM',1105),(3100,'Laois','LS',1105),(3101,'Meath','MH',1105),(3102,'Monaghan','MN',1105),(3103,'Mayo','MO',1105),(3104,'Offaly','OY',1105),(3105,'Roscommon','RN',1105),(3106,'Sligo','SO',1105),(3107,'Tipperary','TA',1105),(3108,'Waterford','WD',1105),(3109,'Westmeath','WH',1105),(3110,'Wicklow','WW',1105),(3111,'Wexford','WX',1105),(3112,'HaDarom','D',1106),(3113,'HaMerkaz','M',1106),(3114,'HaZafon','Z',1106),(3115,'Hefa','HA',1106),(3116,'Tel-Aviv','TA',1106),(3117,'Yerushalayim Al Quds','JM',1106),(3118,'Al Anbar','AN',1104),(3119,'Al Ba,rah','BA',1104),(3120,'Al Muthanna','MU',1104),(3121,'Al Qadisiyah','QA',1104),(3122,'An Najef','NA',1104),(3123,'Arbil','AR',1104),(3124,'As Sulaymaniyah','SW',1104),(3125,'At Ta\'mim','TS',1104),(3126,'Babil','BB',1104),(3127,'Baghdad','BG',1104),(3128,'Dahuk','DA',1104),(3129,'Dhi Qar','DQ',1104),(3130,'Diyala','DI',1104),(3131,'Karbala\'','KA',1104),(3132,'Maysan','MA',1104),(3133,'Ninawa','NI',1104),(3134,'Salah ad Din','SD',1104),(3135,'Wasit','WA',1104),(3136,'Ardabil','03',1103),(3137,'Azarbayjan-e Gharbi','02',1103),(3138,'Azarbayjan-e Sharqi','01',1103),(3139,'Bushehr','06',1103),(3140,'Chahar Mahall va Bakhtiari','08',1103),(3141,'Esfahan','04',1103),(3142,'Fars','14',1103),(3143,'Gilan','19',1103),(3144,'Golestan','27',1103),(3145,'Hamadan','24',1103),(3146,'Hormozgan','23',1103),(3147,'Iiam','05',1103),(3148,'Kerman','15',1103),(3149,'Kermanshah','17',1103),(3150,'Khorasan','09',1103),(3151,'Khuzestan','10',1103),(3152,'Kohjiluyeh va Buyer Ahmad','18',1103),(3153,'Kordestan','16',1103),(3154,'Lorestan','20',1103),(3155,'Markazi','22',1103),(3156,'Mazandaran','21',1103),(3157,'Qazvin','28',1103),(3158,'Qom','26',1103),(3159,'Semnan','12',1103),(3160,'Sistan va Baluchestan','13',1103),(3161,'Tehran','07',1103),(3162,'Yazd','25',1103),(3163,'Zanjan','11',1103),(3164,'Austurland','7',1100),(3165,'Hofuoborgarsvaeoi utan Reykjavikur','1',1100),(3166,'Norourland eystra','6',1100),(3167,'Norourland vestra','5',1100),(3168,'Reykjavik','0',1100),(3169,'Suourland','8',1100),(3170,'Suournes','2',1100),(3171,'Vestfirolr','4',1100),(3172,'Vesturland','3',1100),(3173,'Agrigento','AG',1107),(3174,'Alessandria','AL',1107),(3175,'Ancona','AN',1107),(3176,'Aosta','AO',1107),(3177,'Arezzo','AR',1107),(3178,'Ascoli Piceno','AP',1107),(3179,'Asti','AT',1107),(3180,'Avellino','AV',1107),(3181,'Bari','BA',1107),(3182,'Belluno','BL',1107),(3183,'Benevento','BN',1107),(3184,'Bergamo','BG',1107),(3185,'Biella','BI',1107),(3186,'Bologna','BO',1107),(3187,'Bolzano','BZ',1107),(3188,'Brescia','BS',1107),(3189,'Brindisi','BR',1107),(3190,'Cagliari','CA',1107),(3191,'Caltanissetta','CL',1107),(3192,'Campobasso','CB',1107),(3193,'Caserta','CE',1107),(3194,'Catania','CT',1107),(3195,'Catanzaro','CZ',1107),(3196,'Chieti','CH',1107),(3197,'Como','CO',1107),(3198,'Cosenza','CS',1107),(3199,'Cremona','CR',1107),(3200,'Crotone','KR',1107),(3201,'Cuneo','CN',1107),(3202,'Enna','EN',1107),(3203,'Ferrara','FE',1107),(3204,'Firenze','FI',1107),(3205,'Foggia','FG',1107),(3206,'Forli','FO',1107),(3207,'Frosinone','FR',1107),(3208,'Genova','GE',1107),(3209,'Gorizia','GO',1107),(3210,'Grosseto','GR',1107),(3211,'Imperia','IM',1107),(3212,'Isernia','IS',1107),(3213,'L\'Aquila','AQ',1107),(3214,'La Spezia','SP',1107),(3215,'Latina','LT',1107),(3216,'Lecce','LE',1107),(3217,'Lecco','LC',1107),(3218,'Livorno','LI',1107),(3219,'Lodi','LO',1107),(3220,'Lucca','LU',1107),(3221,'Macerata','SC',1107),(3222,'Mantova','MN',1107),(3223,'Massa-Carrara','MS',1107),(3224,'Matera','MT',1107),(3225,'Messina','ME',1107),(3226,'Milano','MI',1107),(3227,'Modena','MO',1107),(3228,'Napoli','NA',1107),(3229,'Novara','NO',1107),(3230,'Nuoro','NU',1107),(3231,'Oristano','OR',1107),(3232,'Padova','PD',1107),(3233,'Palermo','PA',1107),(3234,'Parma','PR',1107),(3235,'Pavia','PV',1107),(3236,'Perugia','PG',1107),(3237,'Pesaro e Urbino','PS',1107),(3238,'Pescara','PE',1107),(3239,'Piacenza','PC',1107),(3240,'Pisa','PI',1107),(3241,'Pistoia','PT',1107),(3242,'Pordenone','PN',1107),(3243,'Potenza','PZ',1107),(3244,'Prato','PO',1107),(3245,'Ragusa','RG',1107),(3246,'Ravenna','RA',1107),(3247,'Reggio Calabria','RC',1107),(3248,'Reggio Emilia','RE',1107),(3249,'Rieti','RI',1107),(3250,'Rimini','RN',1107),(3251,'Roma','RM',1107),(3252,'Rovigo','RO',1107),(3253,'Salerno','SA',1107),(3254,'Sassari','SS',1107),(3255,'Savona','SV',1107),(3256,'Siena','SI',1107),(3257,'Siracusa','SR',1107),(3258,'Sondrio','SO',1107),(3259,'Taranto','TA',1107),(3260,'Teramo','TE',1107),(3261,'Terni','TR',1107),(3262,'Torino','TO',1107),(3263,'Trapani','TP',1107),(3264,'Trento','TN',1107),(3265,'Treviso','TV',1107),(3266,'Trieste','TS',1107),(3267,'Udine','UD',1107),(3268,'Varese','VA',1107),(3269,'Venezia','VE',1107),(3270,'Verbano-Cusio-Ossola','VB',1107),(3271,'Vercelli','VC',1107),(3272,'Verona','VR',1107),(3273,'Vibo Valentia','VV',1107),(3274,'Vicenza','VI',1107),(3275,'Viterbo','VT',1107),(3276,'Aichi','23',1109),(3277,'Akita','05',1109),(3278,'Aomori','02',1109),(3279,'Chiba','12',1109),(3280,'Ehime','38',1109),(3281,'Fukui','18',1109),(3282,'Fukuoka','40',1109),(3283,'Fukusima','07',1109),(3284,'Gifu','21',1109),(3285,'Gunma','10',1109),(3286,'Hiroshima','34',1109),(3287,'Hokkaido','01',1109),(3288,'Hyogo','28',1109),(3289,'Ibaraki','08',1109),(3290,'Ishikawa','17',1109),(3291,'Iwate','03',1109),(3292,'Kagawa','37',1109),(3293,'Kagoshima','46',1109),(3294,'Kanagawa','14',1109),(3295,'Kochi','39',1109),(3296,'Kumamoto','43',1109),(3297,'Kyoto','26',1109),(3298,'Mie','24',1109),(3299,'Miyagi','04',1109),(3300,'Miyazaki','45',1109),(3301,'Nagano','20',1109),(3302,'Nagasaki','42',1109),(3303,'Nara','29',1109),(3304,'Niigata','15',1109),(3305,'Oita','44',1109),(3306,'Okayama','33',1109),(3307,'Okinawa','47',1109),(3308,'Osaka','27',1109),(3309,'Saga','41',1109),(3310,'Saitama','11',1109),(3311,'Shiga','25',1109),(3312,'Shimane','32',1109),(3313,'Shizuoka','22',1109),(3314,'Tochigi','09',1109),(3315,'Tokushima','36',1109),(3316,'Tokyo','13',1109),(3317,'Tottori','31',1109),(3318,'Toyama','16',1109),(3319,'Wakayama','30',1109),(3320,'Yamagata','06',1109),(3321,'Yamaguchi','35',1109),(3322,'Yamanashi','19',1109),(3323,'Clarendon','13',1108),(3324,'Hanover','09',1108),(3325,'Kingston','01',1108),(3326,'Portland','04',1108),(3327,'Saint Andrew','02',1108),(3328,'Saint Ann','06',1108),(3329,'Saint Catherine','14',1108),(3330,'Saint Elizabeth','11',1108),(3331,'Saint James','08',1108),(3332,'Saint Mary','05',1108),(3333,'Saint Thomea','03',1108),(3334,'Trelawny','07',1108),(3335,'Westmoreland','10',1108),(3336,'Ajln','AJ',1110),(3337,'Al \'Aqaba','AQ',1110),(3338,'Al Balqa\'','BA',1110),(3339,'Al Karak','KA',1110),(3340,'Al Mafraq','MA',1110),(3341,'Amman','AM',1110),(3342,'At Tafilah','AT',1110),(3343,'Az Zarga','AZ',1110),(3344,'Irbid','JR',1110),(3345,'Jarash','JA',1110),(3346,'Ma\'an','MN',1110),(3347,'Madaba','MD',1110),(3348,'Nairobi Municipality','110',1112),(3349,'Coast','300',1112),(3350,'North-Eastern Kaskazini Mashariki','500',1112),(3351,'Rift Valley','700',1112),(3352,'Western Magharibi','900',1112),(3353,'Bishkek','GB',1117),(3354,'Batken','B',1117),(3355,'Chu','C',1117),(3356,'Jalal-Abad','J',1117),(3357,'Naryn','N',1117),(3358,'Osh','O',1117),(3359,'Talas','T',1117),(3360,'Ysyk-Kol','Y',1117),(3361,'Krong Kaeb','23',1037),(3362,'Krong Pailin','24',1037),(3363,'Xrong Preah Sihanouk','18',1037),(3364,'Phnom Penh','12',1037),(3365,'Baat Dambang','2',1037),(3366,'Banteay Mean Chey','1',1037),(3367,'Rampong Chaam','3',1037),(3368,'Kampong Chhnang','4',1037),(3369,'Kampong Spueu','5',1037),(3370,'Kampong Thum','6',1037),(3371,'Kampot','7',1037),(3372,'Kandaal','8',1037),(3373,'Kach Kong','9',1037),(3374,'Krachoh','10',1037),(3375,'Mondol Kiri','11',1037),(3376,'Otdar Mean Chey','22',1037),(3377,'Pousaat','15',1037),(3378,'Preah Vihear','13',1037),(3379,'Prey Veaeng','14',1037),(3380,'Rotanak Kiri','16',1037),(3381,'Siem Reab','17',1037),(3382,'Stueng Traeng','19',1037),(3383,'Svaay Rieng','20',1037),(3384,'Taakaev','21',1037),(3385,'Gilbert Islands','G',1113),(3386,'Line Islands','L',1113),(3387,'Phoenix Islands','P',1113),(3388,'Anjouan Ndzouani','A',1049),(3389,'Grande Comore Ngazidja','G',1049),(3390,'Moheli Moili','M',1049),(3391,'Kaesong-si','KAE',1114),(3392,'Nampo-si','NAM',1114),(3393,'Pyongyang-ai','PYO',1114),(3394,'Chagang-do','CHA',1114),(3395,'Hamgyongbuk-do','HAB',1114),(3396,'Hamgyongnam-do','HAN',1114),(3397,'Hwanghaebuk-do','HWB',1114),(3398,'Hwanghaenam-do','HWN',1114),(3399,'Kangwon-do','KAN',1114),(3400,'Pyonganbuk-do','PYB',1114),(3401,'Pyongannam-do','PYN',1114),(3402,'Yanggang-do','YAN',1114),(3403,'Najin Sonbong-si','NAJ',1114),(3404,'Seoul Teugbyeolsi','11',1115),(3405,'Busan Gwang\'yeogsi','26',1115),(3406,'Daegu Gwang\'yeogsi','27',1115),(3407,'Daejeon Gwang\'yeogsi','30',1115),(3408,'Gwangju Gwang\'yeogsi','29',1115),(3409,'Incheon Gwang\'yeogsi','28',1115),(3410,'Ulsan Gwang\'yeogsi','31',1115),(3411,'Chungcheongbugdo','43',1115),(3412,'Chungcheongnamdo','44',1115),(3413,'Gang\'weondo','42',1115),(3414,'Gyeonggido','41',1115),(3415,'Gyeongsangbugdo','47',1115),(3416,'Gyeongsangnamdo','48',1115),(3417,'Jejudo','49',1115),(3418,'Jeonrabugdo','45',1115),(3419,'Jeonranamdo','46',1115),(3420,'Al Ahmadi','AH',1116),(3421,'Al Farwanlyah','FA',1116),(3422,'Al Jahrah','JA',1116),(3423,'Al Kuwayt','KU',1116),(3424,'Hawalli','HA',1116),(3425,'Almaty','ALA',1111),(3426,'Astana','AST',1111),(3427,'Almaty oblysy','ALM',1111),(3428,'Aqmola oblysy','AKM',1111),(3429,'Aqtobe oblysy','AKT',1111),(3430,'Atyrau oblyfiy','ATY',1111),(3431,'Batys Quzaqstan oblysy','ZAP',1111),(3432,'Mangghystau oblysy','MAN',1111),(3433,'Ongtustik Quzaqstan oblysy','YUZ',1111),(3434,'Pavlodar oblysy','PAV',1111),(3435,'Qaraghandy oblysy','KAR',1111),(3436,'Qostanay oblysy','KUS',1111),(3437,'Qyzylorda oblysy','KZY',1111),(3438,'Shyghys Quzaqstan oblysy','VOS',1111),(3439,'Soltustik Quzaqstan oblysy','SEV',1111),(3440,'Zhambyl oblysy Zhambylskaya oblast\'','ZHA',1111),(3441,'Vientiane','VT',1118),(3442,'Attapu','AT',1118),(3443,'Bokeo','BK',1118),(3444,'Bolikhamxai','BL',1118),(3445,'Champasak','CH',1118),(3446,'Houaphan','HO',1118),(3447,'Khammouan','KH',1118),(3448,'Louang Namtha','LM',1118),(3449,'Louangphabang','LP',1118),(3450,'Oudomxai','OU',1118),(3451,'Phongsali','PH',1118),(3452,'Salavan','SL',1118),(3453,'Savannakhet','SV',1118),(3454,'Xaignabouli','XA',1118),(3455,'Xiasomboun','XN',1118),(3456,'Xekong','XE',1118),(3457,'Xiangkhoang','XI',1118),(3458,'Beirout','BA',1120),(3459,'El Begsa','BI',1120),(3460,'Jabal Loubnane','JL',1120),(3461,'Loubnane ech Chemali','AS',1120),(3462,'Loubnane ej Jnoubi','JA',1120),(3463,'Nabatiye','NA',1120),(3464,'Ampara','52',1199),(3465,'Anuradhapura','71',1199),(3466,'Badulla','81',1199),(3467,'Batticaloa','51',1199),(3468,'Colombo','11',1199),(3469,'Galle','31',1199),(3470,'Gampaha','12',1199),(3471,'Hambantota','33',1199),(3472,'Jaffna','41',1199),(3473,'Kalutara','13',1199),(3474,'Kandy','21',1199),(3475,'Kegalla','92',1199),(3476,'Kilinochchi','42',1199),(3477,'Kurunegala','61',1199),(3478,'Mannar','43',1199),(3479,'Matale','22',1199),(3480,'Matara','32',1199),(3481,'Monaragala','82',1199),(3482,'Mullaittivu','45',1199),(3483,'Nuwara Eliya','23',1199),(3484,'Polonnaruwa','72',1199),(3485,'Puttalum','62',1199),(3486,'Ratnapura','91',1199),(3487,'Trincomalee','53',1199),(3488,'VavunLya','44',1199),(3489,'Bomi','BM',1122),(3490,'Bong','BG',1122),(3491,'Grand Basaa','GB',1122),(3492,'Grand Cape Mount','CM',1122),(3493,'Grand Gedeh','GG',1122),(3494,'Grand Kru','GK',1122),(3495,'Lofa','LO',1122),(3496,'Margibi','MG',1122),(3497,'Maryland','MY',1122),(3498,'Montserrado','MO',1122),(3499,'Nimba','NI',1122),(3500,'Rivercess','RI',1122),(3501,'Sinoe','SI',1122),(3502,'Berea','D',1121),(3503,'Butha-Buthe','B',1121),(3504,'Leribe','C',1121),(3505,'Mafeteng','E',1121),(3506,'Maseru','A',1121),(3507,'Mohale\'s Hoek','F',1121),(3508,'Mokhotlong','J',1121),(3509,'Qacha\'s Nek','H',1121),(3510,'Quthing','G',1121),(3511,'Thaba-Tseka','K',1121),(3512,'Alytaus Apskritis','AL',1125),(3513,'Kauno Apskritis','KU',1125),(3514,'Klaipedos Apskritis','KL',1125),(3515,'Marijampoles Apskritis','MR',1125),(3516,'Panevezio Apskritis','PN',1125),(3517,'Sisuliu Apskritis','SA',1125),(3518,'Taurages Apskritis','TA',1125),(3519,'Telsiu Apskritis','TE',1125),(3520,'Utenos Apskritis','UT',1125),(3521,'Vilniaus Apskritis','VL',1125),(3522,'Diekirch','D',1126),(3523,'GreveNmacher','G',1126),(3524,'Aizkraukles Apripkis','AI',1119),(3525,'Alkanes Apripkis','AL',1119),(3526,'Balvu Apripkis','BL',1119),(3527,'Bauskas Apripkis','BU',1119),(3528,'Cesu Aprikis','CE',1119),(3529,'Daugavpile Apripkis','DA',1119),(3530,'Dobeles Apripkis','DO',1119),(3531,'Gulbenes Aprlpkis','GU',1119),(3532,'Jelgavas Apripkis','JL',1119),(3533,'Jekabpils Apripkis','JK',1119),(3534,'Kraslavas Apripkis','KR',1119),(3535,'Kuldlgas Apripkis','KU',1119),(3536,'Limbazu Apripkis','LM',1119),(3537,'Liepajas Apripkis','LE',1119),(3538,'Ludzas Apripkis','LU',1119),(3539,'Madonas Apripkis','MA',1119),(3540,'Ogres Apripkis','OG',1119),(3541,'Preilu Apripkis','PR',1119),(3542,'Rezaknes Apripkis','RE',1119),(3543,'Rigas Apripkis','RI',1119),(3544,'Saldus Apripkis','SA',1119),(3545,'Talsu Apripkis','TA',1119),(3546,'Tukuma Apriplcis','TU',1119),(3547,'Valkas Apripkis','VK',1119),(3548,'Valmieras Apripkis','VM',1119),(3549,'Ventspils Apripkis','VE',1119),(3550,'Daugavpils','DGV',1119),(3551,'Jelgava','JEL',1119),(3552,'Jurmala','JUR',1119),(3553,'Liepaja','LPX',1119),(3554,'Rezekne','REZ',1119),(3555,'Riga','RIX',1119),(3556,'Ventspils','VEN',1119),(3557,'Ajdbiy','AJ',1123),(3558,'Al Bunn','BU',1123),(3559,'Al Hizm al Akhdar','HZ',1123),(3560,'Al Jabal al Akhdar','JA',1123),(3561,'Al Jifrah','JI',1123),(3562,'Al Jufrah','JU',1123),(3563,'Al Kufrah','KF',1123),(3564,'Al Marj','MJ',1123),(3565,'Al Marqab','MB',1123),(3566,'Al Qarn','QT',1123),(3567,'Al Qubbah','QB',1123),(3568,'Al Whah','WA',1123),(3569,'An Nuqa al Khams','NQ',1123),(3570,'Ash Shi\'','SH',1123),(3571,'Az Zwiyah','ZA',1123),(3572,'Banghz','BA',1123),(3573,'Ban Wald','BW',1123),(3574,'Darnah','DR',1123),(3575,'Ghadmis','GD',1123),(3576,'Gharyn','GR',1123),(3577,'Ght','GT',1123),(3578,'Jaghbb','JB',1123),(3579,'Mirtah','MI',1123),(3580,'Mizdah','MZ',1123),(3581,'Murzuq','MQ',1123),(3582,'Nlt','NL',1123),(3583,'Sabh','SB',1123),(3584,'abrtah urmn','SS',1123),(3585,'Surt','SR',1123),(3586,'Tjr\' wa an Nawh al Arbh','TN',1123),(3587,'arbulus','TB',1123),(3588,'Tarhnah-Masalltah','TM',1123),(3589,'Wd al hayt','WD',1123),(3590,'Yafran-Jd','YJ',1123),(3591,'Agadir','AGD',1146),(3592,'At Baha','BAH',1146),(3593,'At Melloul','MEL',1146),(3594,'Al Haouz','HAO',1146),(3595,'Al Hocema','HOC',1146),(3596,'Assa-Zag','ASZ',1146),(3597,'Azilal','AZI',1146),(3598,'Beni Mellal','BEM',1146),(3599,'Ben Sllmane','BES',1146),(3600,'Berkane','BER',1146),(3601,'Boujdour','BOD',1146),(3602,'Boulemane','BOM',1146),(3603,'Casablanca  [Dar el Beda]','CAS',1146),(3604,'Chefchaouene','CHE',1146),(3605,'Chichaoua','CHI',1146),(3606,'El Hajeb','HAJ',1146),(3607,'El Jadida','JDI',1146),(3608,'Errachidia','ERR',1146),(3609,'Essaouira','ESI',1146),(3610,'Es Smara','ESM',1146),(3611,'Fs','FES',1146),(3612,'Figuig','FIG',1146),(3613,'Guelmim','GUE',1146),(3614,'Ifrane','IFR',1146),(3615,'Jerada','JRA',1146),(3616,'Kelaat Sraghna','KES',1146),(3617,'Knitra','KEN',1146),(3618,'Khemisaet','KHE',1146),(3619,'Khenifra','KHN',1146),(3620,'Khouribga','KHO',1146),(3621,'Layoune (EH)','LAA',1146),(3622,'Larache','LAP',1146),(3623,'Marrakech','MAR',1146),(3624,'Meknss','MEK',1146),(3625,'Nador','NAD',1146),(3626,'Ouarzazate','OUA',1146),(3627,'Oued ed Dahab (EH)','OUD',1146),(3628,'Oujda','OUJ',1146),(3629,'Rabat-Sal','RBA',1146),(3630,'Safi','SAF',1146),(3631,'Sefrou','SEF',1146),(3632,'Settat','SET',1146),(3633,'Sidl Kacem','SIK',1146),(3634,'Tanger','TNG',1146),(3635,'Tan-Tan','TNT',1146),(3636,'Taounate','TAO',1146),(3637,'Taroudannt','TAR',1146),(3638,'Tata','TAT',1146),(3639,'Taza','TAZ',1146),(3640,'Ttouan','TET',1146),(3641,'Tiznit','TIZ',1146),(3642,'Gagauzia, Unitate Teritoriala Autonoma','GA',1142),(3643,'Chisinau','CU',1142),(3644,'Stinga Nistrului, unitatea teritoriala din','SN',1142),(3645,'Balti','BA',1142),(3646,'Cahul','CA',1142),(3647,'Edinet','ED',1142),(3648,'Lapusna','LA',1142),(3649,'Orhei','OR',1142),(3650,'Soroca','SO',1142),(3651,'Taraclia','TA',1142),(3652,'Tighina [Bender]','TI',1142),(3653,'Ungheni','UN',1142),(3654,'Antananarivo','T',1129),(3655,'Antsiranana','D',1129),(3656,'Fianarantsoa','F',1129),(3657,'Mahajanga','M',1129),(3658,'Toamasina','A',1129),(3659,'Toliara','U',1129),(3660,'Ailinglapalap','ALL',1135),(3661,'Ailuk','ALK',1135),(3662,'Arno','ARN',1135),(3663,'Aur','AUR',1135),(3664,'Ebon','EBO',1135),(3665,'Eniwetok','ENI',1135),(3666,'Jaluit','JAL',1135),(3667,'Kili','KIL',1135),(3668,'Kwajalein','KWA',1135),(3669,'Lae','LAE',1135),(3670,'Lib','LIB',1135),(3671,'Likiep','LIK',1135),(3672,'Majuro','MAJ',1135),(3673,'Maloelap','MAL',1135),(3674,'Mejit','MEJ',1135),(3675,'Mili','MIL',1135),(3676,'Namorik','NMK',1135),(3677,'Namu','NMU',1135),(3678,'Rongelap','RON',1135),(3679,'Ujae','UJA',1135),(3680,'Ujelang','UJL',1135),(3681,'Utirik','UTI',1135),(3682,'Wotho','WTN',1135),(3683,'Wotje','WTJ',1135),(3684,'Bamako','BK0',1133),(3685,'Gao','7',1133),(3686,'Kayes','1',1133),(3687,'Kidal','8',1133),(3688,'Xoulikoro','2',1133),(3689,'Mopti','5',1133),(3690,'S69ou','4',1133),(3691,'Sikasso','3',1133),(3692,'Tombouctou','6',1133),(3693,'Ayeyarwady','07',1035),(3694,'Bago','02',1035),(3695,'Magway','03',1035),(3696,'Mandalay','04',1035),(3697,'Sagaing','01',1035),(3698,'Tanintharyi','05',1035),(3699,'Yangon','06',1035),(3700,'Chin','14',1035),(3701,'Kachin','11',1035),(3702,'Kayah','12',1035),(3703,'Kayin','13',1035),(3704,'Mon','15',1035),(3705,'Rakhine','16',1035),(3706,'Shan','17',1035),(3707,'Ulanbaatar','1',1144),(3708,'Arhangay','073',1144),(3709,'Bayanhongor','069',1144),(3710,'Bayan-Olgiy','071',1144),(3711,'Bulgan','067',1144),(3712,'Darhan uul','037',1144),(3713,'Dornod','061',1144),(3714,'Dornogov,','063',1144),(3715,'DundgovL','059',1144),(3716,'Dzavhan','057',1144),(3717,'Govi-Altay','065',1144),(3718,'Govi-Smber','064',1144),(3719,'Hentiy','039',1144),(3720,'Hovd','043',1144),(3721,'Hovsgol','041',1144),(3722,'Omnogovi','053',1144),(3723,'Orhon','035',1144),(3724,'Ovorhangay','055',1144),(3725,'Selenge','049',1144),(3726,'Shbaatar','051',1144),(3727,'Tov','047',1144),(3728,'Uvs','046',1144),(3729,'Nouakchott','NKC',1137),(3730,'Assaba','03',1137),(3731,'Brakna','05',1137),(3732,'Dakhlet Nouadhibou','08',1137),(3733,'Gorgol','04',1137),(3734,'Guidimaka','10',1137),(3735,'Hodh ech Chargui','01',1137),(3736,'Hodh el Charbi','02',1137),(3737,'Inchiri','12',1137),(3738,'Tagant','09',1137),(3739,'Tiris Zemmour','11',1137),(3740,'Trarza','06',1137),(3741,'Beau Bassin-Rose Hill','BR',1138),(3742,'Curepipe','CU',1138),(3743,'Port Louis','PU',1138),(3744,'Quatre Bornes','QB',1138),(3745,'Vacosa-Phoenix','VP',1138),(3746,'Black River','BL',1138),(3747,'Flacq','FL',1138),(3748,'Grand Port','GP',1138),(3749,'Moka','MO',1138),(3750,'Pamplemousses','PA',1138),(3751,'Plaines Wilhems','PW',1138),(3752,'Riviere du Rempart','RP',1138),(3753,'Savanne','SA',1138),(3754,'Agalega Islands','AG',1138),(3755,'Cargados Carajos Shoals','CC',1138),(3756,'Rodrigues Island','RO',1138),(3757,'Male','MLE',1132),(3758,'Alif','02',1132),(3759,'Baa','20',1132),(3760,'Dhaalu','17',1132),(3761,'Faafu','14',1132),(3762,'Gaaf Alif','27',1132),(3763,'Gaefu Dhaalu','28',1132),(3764,'Gnaviyani','29',1132),(3765,'Haa Alif','07',1132),(3766,'Haa Dhaalu','23',1132),(3767,'Kaafu','26',1132),(3768,'Laamu','05',1132),(3769,'Lhaviyani','03',1132),(3770,'Meemu','12',1132),(3771,'Noonu','25',1132),(3772,'Raa','13',1132),(3773,'Seenu','01',1132),(3774,'Shaviyani','24',1132),(3775,'Thaa','08',1132),(3776,'Vaavu','04',1132),(3777,'Balaka','BA',1130),(3778,'Blantyre','BL',1130),(3779,'Chikwawa','CK',1130),(3780,'Chiradzulu','CR',1130),(3781,'Chitipa','CT',1130),(3782,'Dedza','DE',1130),(3783,'Dowa','DO',1130),(3784,'Karonga','KR',1130),(3785,'Kasungu','KS',1130),(3786,'Likoma Island','LK',1130),(3787,'Lilongwe','LI',1130),(3788,'Machinga','MH',1130),(3789,'Mangochi','MG',1130),(3790,'Mchinji','MC',1130),(3791,'Mulanje','MU',1130),(3792,'Mwanza','MW',1130),(3793,'Mzimba','MZ',1130),(3794,'Nkhata Bay','NB',1130),(3795,'Nkhotakota','NK',1130),(3796,'Nsanje','NS',1130),(3797,'Ntcheu','NU',1130),(3798,'Ntchisi','NI',1130),(3799,'Phalomba','PH',1130),(3800,'Rumphi','RU',1130),(3801,'Salima','SA',1130),(3802,'Thyolo','TH',1130),(3803,'Zomba','ZO',1130),(3804,'Aguascalientes','AGU',1140),(3805,'Baja California','BCN',1140),(3806,'Baja California Sur','BCS',1140),(3807,'Campeche','CAM',1140),(3808,'Coahu ila','COA',1140),(3809,'Col ima','COL',1140),(3810,'Chiapas','CHP',1140),(3811,'Chihushua','CHH',1140),(3812,'Durango','DUR',1140),(3813,'Guanajuato','GUA',1140),(3814,'Guerrero','GRO',1140),(3815,'Hidalgo','HID',1140),(3816,'Jalisco','JAL',1140),(3817,'Mexico','MEX',1140),(3818,'Michoacin','MIC',1140),(3819,'Morelos','MOR',1140),(3820,'Nayarit','NAY',1140),(3821,'Nuevo Leon','NLE',1140),(3822,'Oaxaca','OAX',1140),(3823,'Puebla','PUE',1140),(3824,'Queretaro','QUE',1140),(3825,'Quintana Roo','ROO',1140),(3826,'San Luis Potosi','SLP',1140),(3827,'Sinaloa','SIN',1140),(3828,'Sonora','SON',1140),(3829,'Tabasco','TAB',1140),(3830,'Tamaulipas','TAM',1140),(3831,'Tlaxcala','TLA',1140),(3832,'Veracruz','VER',1140),(3833,'Yucatan','YUC',1140),(3834,'Zacatecas','ZAC',1140),(3835,'Wilayah Persekutuan Kuala Lumpur','14',1131),(3836,'Wilayah Persekutuan Labuan','15',1131),(3837,'Wilayah Persekutuan Putrajaya','16',1131),(3838,'Johor','01',1131),(3839,'Kedah','02',1131),(3840,'Kelantan','03',1131),(3841,'Melaka','04',1131),(3842,'Negeri Sembilan','05',1131),(3843,'Pahang','06',1131),(3844,'Perak','08',1131),(3845,'Perlis','09',1131),(3846,'Pulau Pinang','07',1131),(3847,'Sabah','12',1131),(3848,'Sarawak','13',1131),(3849,'Selangor','10',1131),(3850,'Terengganu','11',1131),(3851,'Maputo','MPM',1147),(3852,'Cabo Delgado','P',1147),(3853,'Gaza','G',1147),(3854,'Inhambane','I',1147),(3855,'Manica','B',1147),(3856,'Numpula','N',1147),(3857,'Niaaea','A',1147),(3858,'Sofala','S',1147),(3859,'Tete','T',1147),(3860,'Zambezia','Q',1147),(3861,'Caprivi','CA',1148),(3862,'Erongo','ER',1148),(3863,'Hardap','HA',1148),(3864,'Karas','KA',1148),(3865,'Khomae','KH',1148),(3866,'Kunene','KU',1148),(3867,'Ohangwena','OW',1148),(3868,'Okavango','OK',1148),(3869,'Omaheke','OH',1148),(3870,'Omusati','OS',1148),(3871,'Oshana','ON',1148),(3872,'Oshikoto','OT',1148),(3873,'Otjozondjupa','OD',1148),(3874,'Niamey','8',1156),(3875,'Agadez','1',1156),(3876,'Diffa','2',1156),(3877,'Dosso','3',1156),(3878,'Maradi','4',1156),(3879,'Tahoua','S',1156),(3880,'Tillaberi','6',1156),(3881,'Zinder','7',1156),(3882,'Abuja Capital Territory','FC',1157),(3883,'Abia','AB',1157),(3884,'Adamawa','AD',1157),(3885,'Akwa Ibom','AK',1157),(3886,'Anambra','AN',1157),(3887,'Bauchi','BA',1157),(3888,'Bayelsa','BY',1157),(3889,'Benue','BE',1157),(3890,'Borno','BO',1157),(3891,'Cross River','CR',1157),(3892,'Delta','DE',1157),(3893,'Ebonyi','EB',1157),(3894,'Edo','ED',1157),(3895,'Ekiti','EK',1157),(3896,'Enugu','EN',1157),(3897,'Gombe','GO',1157),(3898,'Imo','IM',1157),(3899,'Jigawa','JI',1157),(3900,'Kaduna','KD',1157),(3901,'Kano','KN',1157),(3902,'Katsina','KT',1157),(3903,'Kebbi','KE',1157),(3904,'Kogi','KO',1157),(3905,'Kwara','KW',1157),(3906,'Lagos','LA',1157),(3907,'Nassarawa','NA',1157),(3908,'Niger','NI',1157),(3909,'Ogun','OG',1157),(3910,'Ondo','ON',1157),(3911,'Osun','OS',1157),(3912,'Oyo','OY',1157),(3913,'Rivers','RI',1157),(3914,'Sokoto','SO',1157),(3915,'Taraba','TA',1157),(3916,'Yobe','YO',1157),(3917,'Zamfara','ZA',1157),(3918,'Boaco','BO',1155),(3919,'Carazo','CA',1155),(3920,'Chinandega','CI',1155),(3921,'Chontales','CO',1155),(3922,'Esteli','ES',1155),(3923,'Jinotega','JI',1155),(3924,'Leon','LE',1155),(3925,'Madriz','MD',1155),(3926,'Managua','MN',1155),(3927,'Masaya','MS',1155),(3928,'Matagalpa','MT',1155),(3929,'Nueva Segovia','NS',1155),(3930,'Rio San Juan','SJ',1155),(3931,'Rivas','RI',1155),(3932,'Atlantico Norte','AN',1155),(3933,'Atlantico Sur','AS',1155),(3934,'Drente','DR',1152),(3935,'Flevoland','FL',1152),(3936,'Friesland','FR',1152),(3937,'Gelderland','GL',1152),(3938,'Groningen','GR',1152),(3939,'Noord-Brabant','NB',1152),(3940,'Noord-Holland','NH',1152),(3941,'Overijssel','OV',1152),(3942,'Utrecht','UT',1152),(3943,'Zuid-Holland','ZH',1152),(3944,'Zeeland','ZL',1152),(3945,'Akershus','02',1161),(3946,'Aust-Agder','09',1161),(3947,'Buskerud','06',1161),(3948,'Finumark','20',1161),(3949,'Hedmark','04',1161),(3950,'Hordaland','12',1161),(3951,'Mire og Romsdal','15',1161),(3952,'Nordland','18',1161),(3953,'Nord-Trindelag','17',1161),(3954,'Oppland','05',1161),(3955,'Oslo','03',1161),(3956,'Rogaland','11',1161),(3957,'Sogn og Fjordane','14',1161),(3958,'Sir-Trindelag','16',1161),(3959,'Telemark','06',1161),(3960,'Troms','19',1161),(3961,'Vest-Agder','10',1161),(3962,'Vestfold','07',1161),(3963,'Ostfold','01',1161),(3964,'Jan Mayen','22',1161),(3965,'Svalbard','21',1161),(3966,'Auckland','AUK',1154),(3967,'Bay of Plenty','BOP',1154),(3968,'Canterbury','CAN',1154),(3969,'Gisborne','GIS',1154),(3970,'Hawkes Bay','HKB',1154),(3971,'Manawatu-Wanganui','MWT',1154),(3972,'Marlborough','MBH',1154),(3973,'Nelson','NSN',1154),(3974,'Northland','NTL',1154),(3975,'Otago','OTA',1154),(3976,'Southland','STL',1154),(3977,'Taranaki','TKI',1154),(3978,'Tasman','TAS',1154),(3979,'waikato','WKO',1154),(3980,'Wellington','WGN',1154),(3981,'West Coast','WTC',1154),(3982,'Ad Dakhillyah','DA',1162),(3983,'Al Batinah','BA',1162),(3984,'Al Janblyah','JA',1162),(3985,'Al Wusta','WU',1162),(3986,'Ash Sharqlyah','SH',1162),(3987,'Az Zahirah','ZA',1162),(3988,'Masqat','MA',1162),(3989,'Musandam','MU',1162),(3990,'Bocas del Toro','1',1166),(3991,'Cocle','2',1166),(3992,'Chiriqui','4',1166),(3993,'Darien','5',1166),(3994,'Herrera','6',1166),(3995,'Loa Santoa','7',1166),(3996,'Panama','8',1166),(3997,'Veraguas','9',1166),(3998,'Comarca de San Blas','Q',1166),(3999,'El Callao','CAL',1169),(4000,'Ancash','ANC',1169),(4001,'Apurimac','APU',1169),(4002,'Arequipa','ARE',1169),(4003,'Ayacucho','AYA',1169),(4004,'Cajamarca','CAJ',1169),(4005,'Cuzco','CUS',1169),(4006,'Huancavelica','HUV',1169),(4007,'Huanuco','HUC',1169),(4008,'Ica','ICA',1169),(4009,'Junin','JUN',1169),(4010,'La Libertad','LAL',1169),(4011,'Lambayeque','LAM',1169),(4012,'Lima','LIM',1169),(4013,'Loreto','LOR',1169),(4014,'Madre de Dios','MDD',1169),(4015,'Moquegua','MOQ',1169),(4016,'Pasco','PAS',1169),(4017,'Piura','PIU',1169),(4018,'Puno','PUN',1169),(4019,'San Martin','SAM',1169),(4020,'Tacna','TAC',1169),(4021,'Tumbes','TUM',1169),(4022,'Ucayali','UCA',1169),(4023,'National Capital District (Port Moresby)','NCD',1167),(4024,'Chimbu','CPK',1167),(4025,'Eastern Highlands','EHG',1167),(4026,'East New Britain','EBR',1167),(4027,'East Sepik','ESW',1167),(4028,'Enga','EPW',1167),(4029,'Gulf','GPK',1167),(4030,'Madang','MPM',1167),(4031,'Manus','MRL',1167),(4032,'Milne Bay','MBA',1167),(4033,'Morobe','MPL',1167),(4034,'New Ireland','NIK',1167),(4035,'North Solomons','NSA',1167),(4036,'Santaun','SAN',1167),(4037,'Southern Highlands','SHM',1167),(4038,'Western Highlands','WHM',1167),(4039,'West New Britain','WBK',1167),(4040,'Abra','ABR',1170),(4041,'Agusan del Norte','AGN',1170),(4042,'Agusan del Sur','AGS',1170),(4043,'Aklan','AKL',1170),(4044,'Albay','ALB',1170),(4045,'Antique','ANT',1170),(4046,'Apayao','APA',1170),(4047,'Aurora','AUR',1170),(4048,'Basilan','BAS',1170),(4049,'Batasn','BAN',1170),(4050,'Batanes','BTN',1170),(4051,'Batangas','BTG',1170),(4052,'Benguet','BEN',1170),(4053,'Biliran','BIL',1170),(4054,'Bohol','BOH',1170),(4055,'Bukidnon','BUK',1170),(4056,'Bulacan','BUL',1170),(4057,'Cagayan','CAG',1170),(4058,'Camarines Norte','CAN',1170),(4059,'Camarines Sur','CAS',1170),(4060,'Camiguin','CAM',1170),(4061,'Capiz','CAP',1170),(4062,'Catanduanes','CAT',1170),(4063,'Cavite','CAV',1170),(4064,'Cebu','CEB',1170),(4065,'Compostela Valley','COM',1170),(4066,'Davao','DAV',1170),(4067,'Davao del Sur','DAS',1170),(4068,'Davao Oriental','DAO',1170),(4069,'Eastern Samar','EAS',1170),(4070,'Guimaras','GUI',1170),(4071,'Ifugao','IFU',1170),(4072,'Ilocos Norte','ILN',1170),(4073,'Ilocos Sur','ILS',1170),(4074,'Iloilo','ILI',1170),(4075,'Isabela','ISA',1170),(4076,'Kalinga-Apayso','KAL',1170),(4077,'Laguna','LAG',1170),(4078,'Lanao del Norte','LAN',1170),(4079,'Lanao del Sur','LAS',1170),(4080,'La Union','LUN',1170),(4081,'Leyte','LEY',1170),(4082,'Maguindanao','MAG',1170),(4083,'Marinduque','MAD',1170),(4084,'Masbate','MAS',1170),(4085,'Mindoro Occidental','MDC',1170),(4086,'Mindoro Oriental','MDR',1170),(4087,'Misamis Occidental','MSC',1170),(4088,'Misamis Oriental','MSR',1170),(4089,'Mountain Province','MOU',1170),(4090,'Negroe Occidental','NEC',1170),(4091,'Negros Oriental','NER',1170),(4092,'North Cotabato','NCO',1170),(4093,'Northern Samar','NSA',1170),(4094,'Nueva Ecija','NUE',1170),(4095,'Nueva Vizcaya','NUV',1170),(4096,'Palawan','PLW',1170),(4097,'Pampanga','PAM',1170),(4098,'Pangasinan','PAN',1170),(4099,'Quezon','QUE',1170),(4100,'Quirino','QUI',1170),(4101,'Rizal','RIZ',1170),(4102,'Romblon','ROM',1170),(4103,'Sarangani','SAR',1170),(4104,'Siquijor','SIG',1170),(4105,'Sorsogon','SOR',1170),(4106,'South Cotabato','SCO',1170),(4107,'Southern Leyte','SLE',1170),(4108,'Sultan Kudarat','SUK',1170),(4109,'Sulu','SLU',1170),(4110,'Surigao del Norte','SUN',1170),(4111,'Surigao del Sur','SUR',1170),(4112,'Tarlac','TAR',1170),(4113,'Tawi-Tawi','TAW',1170),(4114,'Western Samar','WSA',1170),(4115,'Zambales','ZMB',1170),(4116,'Zamboanga del Norte','ZAN',1170),(4117,'Zamboanga del Sur','ZAS',1170),(4118,'Zamboanga Sibiguey','ZSI',1170),(4119,'Islamabad','IS',1163),(4120,'Baluchistan (en)','BA',1163),(4121,'North-West Frontier','NW',1163),(4122,'Sind (en)','SD',1163),(4123,'Federally Administered Tribal Aresa','TA',1163),(4124,'Azad Rashmir','JK',1163),(4125,'Northern Areas','NA',1163),(4126,'Aveiro','01',1173),(4127,'Beja','02',1173),(4128,'Braga','03',1173),(4129,'Braganca','04',1173),(4130,'Castelo Branco','05',1173),(4131,'Colmbra','06',1173),(4132,'Ovora','07',1173),(4133,'Faro','08',1173),(4134,'Guarda','09',1173),(4135,'Leiria','10',1173),(4136,'Lisboa','11',1173),(4137,'Portalegre','12',1173),(4138,'Porto','13',1173),(4139,'Santarem','14',1173),(4140,'Setubal','15',1173),(4141,'Viana do Castelo','16',1173),(4142,'Vila Real','17',1173),(4143,'Viseu','18',1173),(4144,'Regiao Autonoma dos Acores','20',1173),(4145,'Regiao Autonoma da Madeira','30',1173),(4146,'Asuncion','ASU',1168),(4147,'Alto Paraguay','16',1168),(4148,'Alto Parana','10',1168),(4149,'Amambay','13',1168),(4150,'Boqueron','19',1168),(4151,'Caeguazu','5',1168),(4152,'Caazapl','6',1168),(4153,'Canindeyu','14',1168),(4154,'Concepcion','1',1168),(4155,'Cordillera','3',1168),(4156,'Guaira','4',1168),(4157,'Itapua','7',1168),(4158,'Miaiones','8',1168),(4159,'Neembucu','12',1168),(4160,'Paraguari','9',1168),(4161,'Presidente Hayes','15',1168),(4162,'San Pedro','2',1168),(4163,'Ad Dawhah','DA',1175),(4164,'Al Ghuwayriyah','GH',1175),(4165,'Al Jumayliyah','JU',1175),(4166,'Al Khawr','KH',1175),(4167,'Al Wakrah','WA',1175),(4168,'Ar Rayyan','RA',1175),(4169,'Jariyan al Batnah','JB',1175),(4170,'Madinat ash Shamal','MS',1175),(4171,'Umm Salal','US',1175),(4172,'Bucuresti','B',1176),(4173,'Alba','AB',1176),(4174,'Arad','AR',1176),(4175,'Arges','AG',1176),(4176,'Bacau','BC',1176),(4177,'Bihor','BH',1176),(4178,'Bistrita-Nasaud','BN',1176),(4179,'Boto\'ani','BT',1176),(4180,'Bra\'ov','BV',1176),(4181,'Braila','BR',1176),(4182,'Buzau','BZ',1176),(4183,'Caras-Severin','CS',1176),(4184,'Ca la ras\'i','CL',1176),(4185,'Cluj','CJ',1176),(4186,'Constant\'a','CT',1176),(4187,'Covasna','CV',1176),(4188,'Dambovit\'a','DB',1176),(4189,'Dolj','DJ',1176),(4190,'Galat\'i','GL',1176),(4191,'Giurgiu','GR',1176),(4192,'Gorj','GJ',1176),(4193,'Harghita','HR',1176),(4194,'Hunedoara','HD',1176),(4195,'Ialomit\'a','IL',1176),(4196,'Ias\'i','IS',1176),(4197,'Ilfov','IF',1176),(4198,'Maramures','MM',1176),(4199,'Mehedint\'i','MH',1176),(4200,'Mures','MS',1176),(4201,'Neamt','NT',1176),(4202,'Olt','OT',1176),(4203,'Prahova','PH',1176),(4204,'Satu Mare','SM',1176),(4205,'Sa laj','SJ',1176),(4206,'Sibiu','SB',1176),(4207,'Suceava','SV',1176),(4208,'Teleorman','TR',1176),(4209,'Timis','TM',1176),(4210,'Tulcea','TL',1176),(4211,'Vaslui','VS',1176),(4212,'Valcea','VL',1176),(4213,'Vrancea','VN',1176),(4214,'Adygeya, Respublika','AD',1177),(4215,'Altay, Respublika','AL',1177),(4216,'Bashkortostan, Respublika','BA',1177),(4217,'Buryatiya, Respublika','BU',1177),(4218,'Chechenskaya Respublika','CE',1177),(4219,'Chuvashskaya Respublika','CU',1177),(4220,'Dagestan, Respublika','DA',1177),(4221,'Ingushskaya Respublika','IN',1177),(4222,'Kabardino-Balkarskaya','KB',1177),(4223,'Kalmykiya, Respublika','KL',1177),(4224,'Karachayevo-Cherkesskaya Respublika','KC',1177),(4225,'Kareliya, Respublika','KR',1177),(4226,'Khakasiya, Respublika','KK',1177),(4227,'Komi, Respublika','KO',1177),(4228,'Mariy El, Respublika','ME',1177),(4229,'Mordoviya, Respublika','MO',1177),(4230,'Sakha, Respublika [Yakutiya]','SA',1177),(4231,'Severnaya Osetiya, Respublika','SE',1177),(4232,'Tatarstan, Respublika','TA',1177),(4233,'Tyva, Respublika [Tuva]','TY',1177),(4234,'Udmurtskaya Respublika','UD',1177),(4235,'Altayskiy kray','ALT',1177),(4236,'Khabarovskiy kray','KHA',1177),(4237,'Krasnodarskiy kray','KDA',1177),(4238,'Krasnoyarskiy kray','KYA',1177),(4239,'Primorskiy kray','PRI',1177),(4240,'Stavropol\'skiy kray','STA',1177),(4241,'Amurskaya oblast\'','AMU',1177),(4242,'Arkhangel\'skaya oblast\'','ARK',1177),(4243,'Astrakhanskaya oblast\'','AST',1177),(4244,'Belgorodskaya oblast\'','BEL',1177),(4245,'Bryanskaya oblast\'','BRY',1177),(4246,'Chelyabinskaya oblast\'','CHE',1177),(4247,'Chitinskaya oblast\'','CHI',1177),(4248,'Irkutskaya oblast\'','IRK',1177),(4249,'Ivanovskaya oblast\'','IVA',1177),(4250,'Kaliningradskaya oblast\'','KGD',1177),(4251,'Kaluzhskaya oblast\'','KLU',1177),(4252,'Kamchatskaya oblast\'','KAM',1177),(4253,'Kemerovskaya oblast\'','KEM',1177),(4254,'Kirovskaya oblast\'','KIR',1177),(4255,'Kostromskaya oblast\'','KOS',1177),(4256,'Kurganskaya oblast\'','KGN',1177),(4257,'Kurskaya oblast\'','KRS',1177),(4258,'Leningradskaya oblast\'','LEN',1177),(4259,'Lipetskaya oblast\'','LIP',1177),(4260,'Magadanskaya oblast\'','MAG',1177),(4261,'Moskovskaya oblast\'','MOS',1177),(4262,'Murmanskaya oblast\'','MUR',1177),(4263,'Nizhegorodskaya oblast\'','NIZ',1177),(4264,'Novgorodskaya oblast\'','NGR',1177),(4265,'Novosibirskaya oblast\'','NVS',1177),(4266,'Omskaya oblast\'','OMS',1177),(4267,'Orenburgskaya oblast\'','ORE',1177),(4268,'Orlovskaya oblast\'','ORL',1177),(4269,'Penzenskaya oblast\'','PNZ',1177),(4270,'Permskaya oblast\'','PER',1177),(4271,'Pskovskaya oblast\'','PSK',1177),(4272,'Rostovskaya oblast\'','ROS',1177),(4273,'Ryazanskaya oblast\'','RYA',1177),(4274,'Sakhalinskaya oblast\'','SAK',1177),(4275,'Samarskaya oblast\'','SAM',1177),(4276,'Saratovskaya oblast\'','SAR',1177),(4277,'Smolenskaya oblast\'','SMO',1177),(4278,'Sverdlovskaya oblast\'','SVE',1177),(4279,'Tambovskaya oblast\'','TAM',1177),(4280,'Tomskaya oblast\'','TOM',1177),(4281,'Tul\'skaya oblast\'','TUL',1177),(4282,'Tverskaya oblast\'','TVE',1177),(4283,'Tyumenskaya oblast\'','TYU',1177),(4284,'Ul\'yanovskaya oblast\'','ULY',1177),(4285,'Vladimirskaya oblast\'','VLA',1177),(4286,'Volgogradskaya oblast\'','VGG',1177),(4287,'Vologodskaya oblast\'','VLG',1177),(4288,'Voronezhskaya oblast\'','VOR',1177),(4289,'Yaroslavskaya oblast\'','YAR',1177),(4290,'Moskva','MOW',1177),(4291,'Sankt-Peterburg','SPE',1177),(4292,'Yevreyskaya avtonomnaya oblast\'','YEV',1177),(4293,'Aginskiy Buryatskiy avtonomnyy','AGB',1177),(4294,'Chukotskiy avtonomnyy okrug','CHU',1177),(4295,'Evenkiyskiy avtonomnyy okrug','EVE',1177),(4296,'Khanty-Mansiyskiy avtonomnyy okrug','KHM',1177),(4297,'Komi-Permyatskiy avtonomnyy okrug','KOP',1177),(4298,'Koryakskiy avtonomnyy okrug','KOR',1177),(4299,'Nenetskiy avtonomnyy okrug','NEN',1177),(4300,'Taymyrskiy (Dolgano-Nenetskiy)','TAY',1177),(4301,'Ust\'-Ordynskiy Buryatskiy','UOB',1177),(4302,'Yamalo-Nenetskiy avtonomnyy okrug','YAN',1177),(4303,'Butare','C',1178),(4304,'Byumba','I',1178),(4305,'Cyangugu','E',1178),(4306,'Gikongoro','D',1178),(4307,'Gisenyi','G',1178),(4308,'Gitarama','B',1178),(4309,'Kibungo','J',1178),(4310,'Kibuye','F',1178),(4311,'Kigali-Rural Kigali y\' Icyaro','K',1178),(4312,'Kigali-Ville Kigali Ngari','L',1178),(4313,'Mutara','M',1178),(4314,'Ruhengeri','H',1178),(4315,'Al Batah','11',1187),(4316,'Al H,udd ash Shamallyah','08',1187),(4317,'Al Jawf','12',1187),(4318,'Al Madinah','03',1187),(4319,'Al Qasim','05',1187),(4320,'Ar Riyad','01',1187),(4321,'Asir','14',1187),(4322,'Ha\'il','06',1187),(4323,'Jlzan','09',1187),(4324,'Makkah','02',1187),(4325,'Najran','10',1187),(4326,'Tabuk','07',1187),(4327,'Capital Territory (Honiara)','CT',1194),(4328,'Guadalcanal','GU',1194),(4329,'Isabel','IS',1194),(4330,'Makira','MK',1194),(4331,'Malaita','ML',1194),(4332,'Temotu','TE',1194),(4333,'A\'ali an Nil','23',1200),(4334,'Al Bah al Ahmar','26',1200),(4335,'Al Buhayrat','18',1200),(4336,'Al Jazirah','07',1200),(4337,'Al Khartum','03',1200),(4338,'Al Qadarif','06',1200),(4339,'Al Wahdah','22',1200),(4340,'An Nil','04',1200),(4341,'An Nil al Abyaq','08',1200),(4342,'An Nil al Azraq','24',1200),(4343,'Ash Shamallyah','01',1200),(4344,'Bahr al Jabal','17',1200),(4345,'Gharb al Istiwa\'iyah','16',1200),(4346,'Gharb Ba~r al Ghazal','14',1200),(4347,'Gharb Darfur','12',1200),(4348,'Gharb Kurdufan','10',1200),(4349,'Janub Darfur','11',1200),(4350,'Janub Rurdufan','13',1200),(4351,'Jnqall','20',1200),(4352,'Kassala','05',1200),(4353,'Shamal Batr al Ghazal','15',1200),(4354,'Shamal Darfur','02',1200),(4355,'Shamal Kurdufan','09',1200),(4356,'Sharq al Istiwa\'iyah','19',1200),(4357,'Sinnar','25',1200),(4358,'Warab','21',1200),(4359,'Blekinge lan','K',1204),(4360,'Dalarnas lan','W',1204),(4361,'Gotlands lan','I',1204),(4362,'Gavleborge lan','X',1204),(4363,'Hallands lan','N',1204),(4364,'Jamtlande lan','Z',1204),(4365,'Jonkopings lan','F',1204),(4366,'Kalmar lan','H',1204),(4367,'Kronoberge lan','G',1204),(4368,'Norrbottena lan','BD',1204),(4369,'Skane lan','M',1204),(4370,'Stockholms lan','AB',1204),(4371,'Sodermanlands lan','D',1204),(4372,'Uppsala lan','C',1204),(4373,'Varmlanda lan','S',1204),(4374,'Vasterbottens lan','AC',1204),(4375,'Vasternorrlands lan','Y',1204),(4376,'Vastmanlanda lan','U',1204),(4377,'Vastra Gotalands lan','Q',1204),(4378,'Orebro lan','T',1204),(4379,'Ostergotlands lan','E',1204),(4380,'Saint Helena','SH',1180),(4381,'Ascension','AC',1180),(4382,'Tristan da Cunha','TA',1180),(4383,'Ajdovscina','001',1193),(4384,'Beltinci','002',1193),(4385,'Benedikt','148',1193),(4386,'Bistrica ob Sotli','149',1193),(4387,'Bled','003',1193),(4388,'Bloke','150',1193),(4389,'Bohinj','004',1193),(4390,'Borovnica','005',1193),(4391,'Bovec','006',1193),(4392,'Braslovce','151',1193),(4393,'Brda','007',1193),(4394,'Brezovica','008',1193),(4395,'Brezica','009',1193),(4396,'Cankova','152',1193),(4397,'Celje','011',1193),(4398,'Cerklje na Gorenjskem','012',1193),(4399,'Cerknica','013',1193),(4400,'Cerkno','014',1193),(4401,'Cerkvenjak','153',1193),(4402,'Crensovci','015',1193),(4403,'Crna na Koroskem','016',1193),(4404,'Crnomelj','017',1193),(4405,'Destrnik','018',1193),(4406,'Divaca','019',1193),(4407,'Dobje','154',1193),(4408,'Dobrepolje','020',1193),(4409,'Dobrna','155',1193),(4410,'Dobrova-Polhov Gradec','021',1193),(4411,'Dobrovnik','156',1193),(4412,'Dol pri Ljubljani','022',1193),(4413,'Dolenjske Toplice','157',1193),(4414,'Domzale','023',1193),(4415,'Dornava','024',1193),(4416,'Dravograd','025',1193),(4417,'Duplek','026',1193),(4418,'Gorenja vas-Poljane','027',1193),(4419,'Gorsnica','028',1193),(4420,'Gornja Radgona','029',1193),(4421,'Gornji Grad','030',1193),(4422,'Gornji Petrovci','031',1193),(4423,'Grad','158',1193),(4424,'Grosuplje','032',1193),(4425,'Hajdina','159',1193),(4426,'Hoce-Slivnica','160',1193),(4427,'Hodos','161',1193),(4428,'Jorjul','162',1193),(4429,'Hrastnik','034',1193),(4430,'Hrpelje-Kozina','035',1193),(4431,'Idrija','036',1193),(4432,'Ig','037',1193),(4433,'IIrska Bistrica','038',1193),(4434,'Ivancna Gorica','039',1193),(4435,'Izola','040',1193),(4436,'Jesenice','041',1193),(4437,'Jezersko','163',1193),(4438,'Jursinci','042',1193),(4439,'Kamnik','043',1193),(4440,'Kanal','044',1193),(4441,'Kidricevo','045',1193),(4442,'Kobarid','046',1193),(4443,'Kobilje','047',1193),(4444,'Jovevje','048',1193),(4445,'Komen','049',1193),(4446,'Komenda','164',1193),(4447,'Koper','050',1193),(4448,'Kostel','165',1193),(4449,'Kozje','051',1193),(4450,'Kranj','052',1193),(4451,'Kranjska Gora','053',1193),(4452,'Krizevci','166',1193),(4453,'Krsko','054',1193),(4454,'Kungota','055',1193),(4455,'Kuzma','056',1193),(4456,'Lasko','057',1193),(4457,'Lenart','058',1193),(4458,'Lendava','059',1193),(4459,'Litija','060',1193),(4460,'Ljubljana','061',1193),(4461,'Ljubno','062',1193),(4462,'Ljutomer','063',1193),(4463,'Logatec','064',1193),(4464,'Loska dolina','065',1193),(4465,'Loski Potok','066',1193),(4466,'Lovrenc na Pohorju','167',1193),(4467,'Luce','067',1193),(4468,'Lukovica','068',1193),(4469,'Majsperk','069',1193),(4470,'Maribor','070',1193),(4471,'Markovci','168',1193),(4472,'Medvode','071',1193),(4473,'Menges','072',1193),(4474,'Metlika','073',1193),(4475,'Mezica','074',1193),(4476,'Miklavz na Dravskern polju','169',1193),(4477,'Miren-Kostanjevica','075',1193),(4478,'Mirna Pec','170',1193),(4479,'Mislinja','076',1193),(4480,'Moravce','077',1193),(4481,'Moravske Toplice','078',1193),(4482,'Mozirje','079',1193),(4483,'Murska Sobota','080',1193),(4484,'Muta','081',1193),(4485,'Naklo','082',1193),(4486,'Nazarje','083',1193),(4487,'Nova Gorica','084',1193),(4488,'Nova mesto','085',1193),(4489,'Sveta Ana','181',1193),(4490,'Sveti Andraz v Slovenskih goricah','182',1193),(4491,'Sveti Jurij','116',1193),(4492,'Salovci','033',1193),(4493,'Sempeter-Vrtojba','183',1193),(4494,'Sencur','117',1193),(4495,'Sentilj','118',1193),(4496,'Sentjernej','119',1193),(4497,'Sentjur pri Celju','120',1193),(4498,'Skocjan','121',1193),(4499,'Skofja Loka','122',1193),(4500,'Skoftjica','123',1193),(4501,'Smarje pri Jelsah','124',1193),(4502,'Smartno ob Paki','125',1193),(4503,'Smartno pri Litiji','194',1193),(4504,'Sostanj','126',1193),(4505,'Store','127',1193),(4506,'Tabor','184',1193),(4507,'Tisina','010',1193),(4508,'Tolmin','128',1193),(4509,'Trbovje','129',1193),(4510,'Trebnje','130',1193),(4511,'Trnovska vas','185',1193),(4512,'Trzic','131',1193),(4513,'Trzin','186',1193),(4514,'Turnisce','132',1193),(4515,'Velenje','133',1193),(4516,'Velika Polana','187',1193),(4517,'Velika Lasce','134',1193),(4518,'Verzej','188',1193),(4519,'Videm','135',1193),(4520,'Vipava','136',1193),(4521,'Vitanje','137',1193),(4522,'Vojnik','138',1193),(4523,'Vransko','189',1193),(4524,'Vrhnika','140',1193),(4525,'Vuzenica','141',1193),(4526,'Zagorje ob Savi','142',1193),(4527,'Zavrc','143',1193),(4528,'Zrece','144',1193),(4529,'Zalec','190',1193),(4530,'Zelezniki','146',1193),(4531,'Zetale','191',1193),(4532,'Ziri','147',1193),(4533,'Zirovnica','192',1193),(4534,'Zuzemberk','193',1193),(4535,'Banskobystrick kraj','BC',1192),(4536,'Bratislavsk kraj','BL',1192),(4537,'Koick kraj','KI',1192),(4538,'Nitriansky kraj','NJ',1192),(4539,'Preovsk kraj','PV',1192),(4540,'Treniansky kraj','TC',1192),(4541,'Trnavsk kraj','TA',1192),(4542,'ilinsk kraj','ZI',1192),(4543,'Western Area (Freetown)','W',1190),(4544,'Dakar','DK',1188),(4545,'Diourbel','DB',1188),(4546,'Fatick','FK',1188),(4547,'Kaolack','KL',1188),(4548,'Kolda','KD',1188),(4549,'Louga','LG',1188),(4550,'Matam','MT',1188),(4551,'Saint-Louis','SL',1188),(4552,'Tambacounda','TC',1188),(4553,'Thies','TH',1188),(4554,'Ziguinchor','ZG',1188),(4555,'Awdal','AW',1195),(4556,'Bakool','BK',1195),(4557,'Banaadir','BN',1195),(4558,'Bay','BY',1195),(4559,'Galguduud','GA',1195),(4560,'Gedo','GE',1195),(4561,'Hiirsan','HI',1195),(4562,'Jubbada Dhexe','JD',1195),(4563,'Jubbada Hoose','JH',1195),(4564,'Mudug','MU',1195),(4565,'Nugaal','NU',1195),(4566,'Saneag','SA',1195),(4567,'Shabeellaha Dhexe','SD',1195),(4568,'Shabeellaha Hoose','SH',1195),(4569,'Sool','SO',1195),(4570,'Togdheer','TO',1195),(4571,'Woqooyi Galbeed','WO',1195),(4572,'Brokopondo','BR',1201),(4573,'Commewijne','CM',1201),(4574,'Coronie','CR',1201),(4575,'Marowijne','MA',1201),(4576,'Nickerie','NI',1201),(4577,'Paramaribo','PM',1201),(4578,'Saramacca','SA',1201),(4579,'Sipaliwini','SI',1201),(4580,'Wanica','WA',1201),(4581,'Principe','P',1207),(4582,'Sao Tome','S',1207),(4583,'Ahuachapan','AH',1066),(4584,'Cabanas','CA',1066),(4585,'Cuscatlan','CU',1066),(4586,'Chalatenango','CH',1066),(4587,'Morazan','MO',1066),(4588,'San Miguel','SM',1066),(4589,'San Salvador','SS',1066),(4590,'Santa Ana','SA',1066),(4591,'San Vicente','SV',1066),(4592,'Sonsonate','SO',1066),(4593,'Usulutan','US',1066),(4594,'Al Hasakah','HA',1206),(4595,'Al Ladhiqiyah','LA',1206),(4596,'Al Qunaytirah','QU',1206),(4597,'Ar Raqqah','RA',1206),(4598,'As Suwayda\'','SU',1206),(4599,'Dar\'a','DR',1206),(4600,'Dayr az Zawr','DY',1206),(4601,'Dimashq','DI',1206),(4602,'Halab','HL',1206),(4603,'Hamah','HM',1206),(4604,'Jim\'','HI',1206),(4605,'Idlib','ID',1206),(4606,'Rif Dimashq','RD',1206),(4607,'Tarts','TA',1206),(4608,'Hhohho','HH',1203),(4609,'Lubombo','LU',1203),(4610,'Manzini','MA',1203),(4611,'Shiselweni','SH',1203),(4612,'Batha','BA',1043),(4613,'Biltine','BI',1043),(4614,'Borkou-Ennedi-Tibesti','BET',1043),(4615,'Chari-Baguirmi','CB',1043),(4616,'Guera','GR',1043),(4617,'Kanem','KA',1043),(4618,'Lac','LC',1043),(4619,'Logone-Occidental','LO',1043),(4620,'Logone-Oriental','LR',1043),(4621,'Mayo-Kebbi','MK',1043),(4622,'Moyen-Chari','MC',1043),(4623,'Ouaddai','OD',1043),(4624,'Salamat','SA',1043),(4625,'Tandjile','TA',1043),(4626,'Kara','K',1214),(4627,'Maritime (Region)','M',1214),(4628,'Savannes','S',1214),(4629,'Krung Thep Maha Nakhon Bangkok','10',1211),(4630,'Phatthaya','S',1211),(4631,'Amnat Charoen','37',1211),(4632,'Ang Thong','15',1211),(4633,'Buri Ram','31',1211),(4634,'Chachoengsao','24',1211),(4635,'Chai Nat','18',1211),(4636,'Chaiyaphum','36',1211),(4637,'Chanthaburi','22',1211),(4638,'Chiang Mai','50',1211),(4639,'Chiang Rai','57',1211),(4640,'Chon Buri','20',1211),(4641,'Chumphon','86',1211),(4642,'Kalasin','46',1211),(4643,'Kamphasng Phet','62',1211),(4644,'Kanchanaburi','71',1211),(4645,'Khon Kaen','40',1211),(4646,'Krabi','81',1211),(4647,'Lampang','52',1211),(4648,'Lamphun','51',1211),(4649,'Loei','42',1211),(4650,'Lop Buri','16',1211),(4651,'Mae Hong Son','58',1211),(4652,'Maha Sarakham','44',1211),(4653,'Mukdahan','49',1211),(4654,'Nakhon Nayok','26',1211),(4655,'Nakhon Pathom','73',1211),(4656,'Nakhon Phanom','48',1211),(4657,'Nakhon Ratchasima','30',1211),(4658,'Nakhon Sawan','60',1211),(4659,'Nakhon Si Thammarat','80',1211),(4660,'Nan','55',1211),(4661,'Narathiwat','96',1211),(4662,'Nong Bua Lam Phu','39',1211),(4663,'Nong Khai','43',1211),(4664,'Nonthaburi','12',1211),(4665,'Pathum Thani','13',1211),(4666,'Pattani','94',1211),(4667,'Phangnga','82',1211),(4668,'Phatthalung','93',1211),(4669,'Phayao','56',1211),(4670,'Phetchabun','67',1211),(4671,'Phetchaburi','76',1211),(4672,'Phichit','66',1211),(4673,'Phitsanulok','65',1211),(4674,'Phrae','54',1211),(4675,'Phra Nakhon Si Ayutthaya','14',1211),(4676,'Phaket','83',1211),(4677,'Prachin Buri','25',1211),(4678,'Prachuap Khiri Khan','77',1211),(4679,'Ranong','85',1211),(4680,'Ratchaburi','70',1211),(4681,'Rayong','21',1211),(4682,'Roi Et','45',1211),(4683,'Sa Kaeo','27',1211),(4684,'Sakon Nakhon','47',1211),(4685,'Samut Prakan','11',1211),(4686,'Samut Sakhon','74',1211),(4687,'Samut Songkhram','75',1211),(4688,'Saraburi','19',1211),(4689,'Satun','91',1211),(4690,'Sing Buri','17',1211),(4691,'Si Sa Ket','33',1211),(4692,'Songkhla','90',1211),(4693,'Sukhothai','64',1211),(4694,'Suphan Buri','72',1211),(4695,'Surat Thani','84',1211),(4696,'Surin','32',1211),(4697,'Tak','63',1211),(4698,'Trang','92',1211),(4699,'Trat','23',1211),(4700,'Ubon Ratchathani','34',1211),(4701,'Udon Thani','41',1211),(4702,'Uthai Thani','61',1211),(4703,'Uttaradit','53',1211),(4704,'Yala','95',1211),(4705,'Yasothon','35',1211),(4706,'Sughd','SU',1209),(4707,'Khatlon','KT',1209),(4708,'Gorno-Badakhshan','GB',1209),(4709,'Ahal','A',1220),(4710,'Balkan','B',1220),(4711,'Dasoguz','D',1220),(4712,'Lebap','L',1220),(4713,'Mary','M',1220),(4714,'Bja','31',1218),(4715,'Ben Arous','13',1218),(4716,'Bizerte','23',1218),(4717,'Gabs','81',1218),(4718,'Gafsa','71',1218),(4719,'Jendouba','32',1218),(4720,'Kairouan','41',1218),(4721,'Rasserine','42',1218),(4722,'Kebili','73',1218),(4723,'L\'Ariana','12',1218),(4724,'Le Ref','33',1218),(4725,'Mahdia','53',1218),(4726,'La Manouba','14',1218),(4727,'Medenine','82',1218),(4728,'Moneatir','52',1218),(4729,'Naboul','21',1218),(4730,'Sfax','61',1218),(4731,'Sidi Bouxid','43',1218),(4732,'Siliana','34',1218),(4733,'Sousse','51',1218),(4734,'Tataouine','83',1218),(4735,'Tozeur','72',1218),(4736,'Tunis','11',1218),(4737,'Zaghouan','22',1218),(4738,'Adana','01',1219),(4739,'Ad yaman','02',1219),(4740,'Afyon','03',1219),(4741,'Ag r','04',1219),(4742,'Aksaray','68',1219),(4743,'Amasya','05',1219),(4744,'Ankara','06',1219),(4745,'Antalya','07',1219),(4746,'Ardahan','75',1219),(4747,'Artvin','08',1219),(4748,'Aydin','09',1219),(4749,'Bal kesir','10',1219),(4750,'Bartin','74',1219),(4751,'Batman','72',1219),(4752,'Bayburt','69',1219),(4753,'Bilecik','11',1219),(4754,'Bingol','12',1219),(4755,'Bitlis','13',1219),(4756,'Bolu','14',1219),(4757,'Burdur','15',1219),(4758,'Bursa','16',1219),(4759,'Canakkale','17',1219),(4760,'Cankir','18',1219),(4761,'Corum','19',1219),(4762,'Denizli','20',1219),(4763,'Diyarbakir','21',1219),(4764,'Duzce','81',1219),(4765,'Edirne','22',1219),(4766,'Elazig','23',1219),(4767,'Erzincan','24',1219),(4768,'Erzurum','25',1219),(4769,'Eskis\'ehir','26',1219),(4770,'Gaziantep','27',1219),(4771,'Giresun','28',1219),(4772,'Gms\'hane','29',1219),(4773,'Hakkari','30',1219),(4774,'Hatay','31',1219),(4775,'Igidir','76',1219),(4776,'Isparta','32',1219),(4777,'Icel','33',1219),(4778,'Istanbul','34',1219),(4779,'Izmir','35',1219),(4780,'Kahramanmaras','46',1219),(4781,'Karabk','78',1219),(4782,'Karaman','70',1219),(4783,'Kars','36',1219),(4784,'Kastamonu','37',1219),(4785,'Kayseri','38',1219),(4786,'Kirikkale','71',1219),(4787,'Kirklareli','39',1219),(4788,'Kirs\'ehir','40',1219),(4789,'Kilis','79',1219),(4790,'Kocaeli','41',1219),(4791,'Konya','42',1219),(4792,'Ktahya','43',1219),(4793,'Malatya','44',1219),(4794,'Manisa','45',1219),(4795,'Mardin','47',1219),(4796,'Mugila','48',1219),(4797,'Mus','49',1219),(4798,'Nevs\'ehir','50',1219),(4799,'Nigide','51',1219),(4800,'Ordu','52',1219),(4801,'Osmaniye','80',1219),(4802,'Rize','53',1219),(4803,'Sakarya','54',1219),(4804,'Samsun','55',1219),(4805,'Siirt','56',1219),(4806,'Sinop','57',1219),(4807,'Sivas','58',1219),(4808,'S\'anliurfa','63',1219),(4809,'S\'rnak','73',1219),(4810,'Tekirdag','59',1219),(4811,'Tokat','60',1219),(4812,'Trabzon','61',1219),(4813,'Tunceli','62',1219),(4814,'Us\'ak','64',1219),(4815,'Van','65',1219),(4816,'Yalova','77',1219),(4817,'Yozgat','66',1219),(4818,'Zonguldak','67',1219),(4819,'Couva-Tabaquite-Talparo','CTT',1217),(4820,'Diego Martin','DMN',1217),(4821,'Eastern Tobago','ETO',1217),(4822,'Penal-Debe','PED',1217),(4823,'Princes Town','PRT',1217),(4824,'Rio Claro-Mayaro','RCM',1217),(4825,'Sangre Grande','SGE',1217),(4826,'San Juan-Laventille','SJL',1217),(4827,'Siparia','SIP',1217),(4828,'Tunapuna-Piarco','TUP',1217),(4829,'Western Tobago','WTO',1217),(4830,'Arima','ARI',1217),(4831,'Chaguanas','CHA',1217),(4832,'Point Fortin','PTF',1217),(4833,'Port of Spain','POS',1217),(4834,'San Fernando','SFO',1217),(4835,'Aileu','AL',1063),(4836,'Ainaro','AN',1063),(4837,'Bacucau','BA',1063),(4838,'Bobonaro','BO',1063),(4839,'Cova Lima','CO',1063),(4840,'Dili','DI',1063),(4841,'Ermera','ER',1063),(4842,'Laulem','LA',1063),(4843,'Liquica','LI',1063),(4844,'Manatuto','MT',1063),(4845,'Manafahi','MF',1063),(4846,'Oecussi','OE',1063),(4847,'Viqueque','VI',1063),(4848,'Changhua','CHA',1208),(4849,'Chiayi','CYQ',1208),(4850,'Hsinchu','HSQ',1208),(4851,'Hualien','HUA',1208),(4852,'Ilan','ILA',1208),(4853,'Kaohsiung','KHQ',1208),(4854,'Miaoli','MIA',1208),(4855,'Nantou','NAN',1208),(4856,'Penghu','PEN',1208),(4857,'Pingtung','PIF',1208),(4858,'Taichung','TXQ',1208),(4859,'Tainan','TNQ',1208),(4860,'Taipei','TPQ',1208),(4861,'Taitung','TTT',1208),(4862,'Taoyuan','TAO',1208),(4863,'Yunlin','YUN',1208),(4864,'Keelung','KEE',1208),(4865,'Arusha','01',1210),(4866,'Dar-es-Salaam','02',1210),(4867,'Dodoma','03',1210),(4868,'Iringa','04',1210),(4869,'Kagera','05',1210),(4870,'Kaskazini Pemba','06',1210),(4871,'Kaskazini Unguja','07',1210),(4872,'Xigoma','08',1210),(4873,'Kilimanjaro','09',1210),(4874,'Rusini Pemba','10',1210),(4875,'Kusini Unguja','11',1210),(4876,'Lindi','12',1210),(4877,'Manyara','26',1210),(4878,'Mara','13',1210),(4879,'Mbeya','14',1210),(4880,'Mjini Magharibi','15',1210),(4881,'Morogoro','16',1210),(4882,'Mtwara','17',1210),(4883,'Pwani','19',1210),(4884,'Rukwa','20',1210),(4885,'Ruvuma','21',1210),(4886,'Shinyanga','22',1210),(4887,'Singida','23',1210),(4888,'Tabora','24',1210),(4889,'Tanga','25',1210),(4890,'Cherkas\'ka Oblast\'','71',1224),(4891,'Chernihivs\'ka Oblast\'','74',1224),(4892,'Chernivets\'ka Oblast\'','77',1224),(4893,'Dnipropetrovs\'ka Oblast\'','12',1224),(4894,'Donets\'ka Oblast\'','14',1224),(4895,'Ivano-Frankivs\'ka Oblast\'','26',1224),(4896,'Kharkivs\'ka Oblast\'','63',1224),(4897,'Khersons\'ka Oblast\'','65',1224),(4898,'Khmel\'nyts\'ka Oblast\'','68',1224),(4899,'Kirovohrads\'ka Oblast\'','35',1224),(4900,'Kyivs\'ka Oblast\'','32',1224),(4901,'Luhans\'ka Oblast\'','09',1224),(4902,'L\'vivs\'ka Oblast\'','46',1224),(4903,'Mykolaivs\'ka Oblast\'','48',1224),(4904,'Odes \'ka Oblast\'','51',1224),(4905,'Poltavs\'ka Oblast\'','53',1224),(4906,'Rivnens\'ka Oblast\'','56',1224),(4907,'Sums \'ka Oblast\'','59',1224),(4908,'Ternopil\'s\'ka Oblast\'','61',1224),(4909,'Vinnyts\'ka Oblast\'','05',1224),(4910,'Volyos\'ka Oblast\'','07',1224),(4911,'Zakarpats\'ka Oblast\'','21',1224),(4912,'Zaporiz\'ka Oblast\'','23',1224),(4913,'Zhytomyrs\'ka Oblast\'','18',1224),(4914,'Respublika Krym','43',1224),(4915,'Kyiv','30',1224),(4916,'Sevastopol','40',1224),(4917,'Adjumani','301',1223),(4918,'Apac','302',1223),(4919,'Arua','303',1223),(4920,'Bugiri','201',1223),(4921,'Bundibugyo','401',1223),(4922,'Bushenyi','402',1223),(4923,'Busia','202',1223),(4924,'Gulu','304',1223),(4925,'Hoima','403',1223),(4926,'Iganga','203',1223),(4927,'Jinja','204',1223),(4928,'Kabale','404',1223),(4929,'Kabarole','405',1223),(4930,'Kaberamaido','213',1223),(4931,'Kalangala','101',1223),(4932,'Kampala','102',1223),(4933,'Kamuli','205',1223),(4934,'Kamwenge','413',1223),(4935,'Kanungu','414',1223),(4936,'Kapchorwa','206',1223),(4937,'Kasese','406',1223),(4938,'Katakwi','207',1223),(4939,'Kayunga','112',1223),(4940,'Kibaale','407',1223),(4941,'Kiboga','103',1223),(4942,'Kisoro','408',1223),(4943,'Kitgum','305',1223),(4944,'Kotido','306',1223),(4945,'Kumi','208',1223),(4946,'Kyenjojo','415',1223),(4947,'Lira','307',1223),(4948,'Luwero','104',1223),(4949,'Masaka','105',1223),(4950,'Masindi','409',1223),(4951,'Mayuge','214',1223),(4952,'Mbale','209',1223),(4953,'Mbarara','410',1223),(4954,'Moroto','308',1223),(4955,'Moyo','309',1223),(4956,'Mpigi','106',1223),(4957,'Mubende','107',1223),(4958,'Mukono','108',1223),(4959,'Nakapiripirit','311',1223),(4960,'Nakasongola','109',1223),(4961,'Nebbi','310',1223),(4962,'Ntungamo','411',1223),(4963,'Pader','312',1223),(4964,'Pallisa','210',1223),(4965,'Rakai','110',1223),(4966,'Rukungiri','412',1223),(4967,'Sembabule','111',1223),(4968,'Sironko','215',1223),(4969,'Soroti','211',1223),(4970,'Tororo','212',1223),(4971,'Wakiso','113',1223),(4972,'Yumbe','313',1223),(4973,'Baker Island','81',1227),(4974,'Howland Island','84',1227),(4975,'Jarvis Island','86',1227),(4976,'Johnston Atoll','67',1227),(4977,'Kingman Reef','89',1227),(4978,'Midway Islands','71',1227),(4979,'Navassa Island','76',1227),(4980,'Palmyra Atoll','95',1227),(4981,'Wake Ialand','79',1227),(4982,'Artigsa','AR',1229),(4983,'Canelones','CA',1229),(4984,'Cerro Largo','CL',1229),(4985,'Colonia','CO',1229),(4986,'Durazno','DU',1229),(4987,'Flores','FS',1229),(4988,'Lavalleja','LA',1229),(4989,'Maldonado','MA',1229),(4990,'Montevideo','MO',1229),(4991,'Paysandu','PA',1229),(4992,'Rivera','RV',1229),(4993,'Rocha','RO',1229),(4994,'Salto','SA',1229),(4995,'Soriano','SO',1229),(4996,'Tacuarembo','TA',1229),(4997,'Treinta y Tres','TT',1229),(4998,'Toshkent (city)','TK',1230),(4999,'Qoraqalpogiston Respublikasi','QR',1230),(5000,'Andijon','AN',1230),(5001,'Buxoro','BU',1230),(5002,'Farg\'ona','FA',1230),(5003,'Jizzax','JI',1230),(5004,'Khorazm','KH',1230),(5005,'Namangan','NG',1230),(5006,'Navoiy','NW',1230),(5007,'Qashqadaryo','QA',1230),(5008,'Samarqand','SA',1230),(5009,'Sirdaryo','SI',1230),(5010,'Surxondaryo','SU',1230),(5011,'Toshkent','TO',1230),(5012,'Xorazm','XO',1230),(5013,'Diatrito Federal','A',1232),(5014,'Anzoategui','B',1232),(5015,'Apure','C',1232),(5016,'Aragua','D',1232),(5017,'Barinas','E',1232),(5018,'Carabobo','G',1232),(5019,'Cojedes','H',1232),(5020,'Falcon','I',1232),(5021,'Guarico','J',1232),(5022,'Lara','K',1232),(5023,'Merida','L',1232),(5024,'Miranda','M',1232),(5025,'Monagas','N',1232),(5026,'Nueva Esparta','O',1232),(5027,'Portuguesa','P',1232),(5028,'Tachira','S',1232),(5029,'Trujillo','T',1232),(5030,'Vargas','X',1232),(5031,'Yaracuy','U',1232),(5032,'Zulia','V',1232),(5033,'Delta Amacuro','Y',1232),(5034,'Dependencias Federales','W',1232),(5035,'An Giang','44',1233),(5036,'Ba Ria - Vung Tau','43',1233),(5037,'Bac Can','53',1233),(5038,'Bac Giang','54',1233),(5039,'Bac Lieu','55',1233),(5040,'Bac Ninh','56',1233),(5041,'Ben Tre','50',1233),(5042,'Binh Dinh','31',1233),(5043,'Binh Duong','57',1233),(5044,'Binh Phuoc','58',1233),(5045,'Binh Thuan','40',1233),(5046,'Ca Mau','59',1233),(5047,'Can Tho','48',1233),(5048,'Cao Bang','04',1233),(5049,'Da Nang, thanh pho','60',1233),(5050,'Dong Nai','39',1233),(5051,'Dong Thap','45',1233),(5052,'Gia Lai','30',1233),(5053,'Ha Giang','03',1233),(5054,'Ha Nam','63',1233),(5055,'Ha Noi, thu do','64',1233),(5056,'Ha Tay','15',1233),(5057,'Ha Tinh','23',1233),(5058,'Hai Duong','61',1233),(5059,'Hai Phong, thanh pho','62',1233),(5060,'Hoa Binh','14',1233),(5061,'Ho Chi Minh, thanh pho [Sai Gon]','65',1233),(5062,'Hung Yen','66',1233),(5063,'Khanh Hoa','34',1233),(5064,'Kien Giang','47',1233),(5065,'Kon Tum','28',1233),(5066,'Lai Chau','01',1233),(5067,'Lam Dong','35',1233),(5068,'Lang Son','09',1233),(5069,'Lao Cai','02',1233),(5070,'Long An','41',1233),(5071,'Nam Dinh','67',1233),(5072,'Nghe An','22',1233),(5073,'Ninh Binh','18',1233),(5074,'Ninh Thuan','36',1233),(5075,'Phu Tho','68',1233),(5076,'Phu Yen','32',1233),(5077,'Quang Binh','24',1233),(5078,'Quang Nam','27',1233),(5079,'Quang Ngai','29',1233),(5080,'Quang Ninh','13',1233),(5081,'Quang Tri','25',1233),(5082,'Soc Trang','52',1233),(5083,'Son La','05',1233),(5084,'Tay Ninh','37',1233),(5085,'Thai Binh','20',1233),(5086,'Thai Nguyen','69',1233),(5087,'Thanh Hoa','21',1233),(5088,'Thua Thien-Hue','26',1233),(5089,'Tien Giang','46',1233),(5090,'Tra Vinh','51',1233),(5091,'Tuyen Quang','07',1233),(5092,'Vinh Long','49',1233),(5093,'Vinh Phuc','70',1233),(5094,'Yen Bai','06',1233),(5095,'Malampa','MAP',1231),(5096,'Penama','PAM',1231),(5097,'Sanma','SAM',1231),(5098,'Shefa','SEE',1231),(5099,'Tafea','TAE',1231),(5100,'Torba','TOB',1231),(5101,'A\'ana','AA',1185),(5102,'Aiga-i-le-Tai','AL',1185),(5103,'Atua','AT',1185),(5104,'Fa\'aaaleleaga','FA',1185),(5105,'Gaga\'emauga','GE',1185),(5106,'Gagaifomauga','GI',1185),(5107,'Palauli','PA',1185),(5108,'Satupa\'itea','SA',1185),(5109,'Tuamasaga','TU',1185),(5110,'Va\'a-o-Fonoti','VF',1185),(5111,'Vaisigano','VS',1185),(5112,'Crna Gora','CG',1238),(5113,'Srbija','SR',1238),(5114,'Kosovo-Metohija','KM',1238),(5115,'Vojvodina','VO',1238),(5116,'Abyan','AB',1237),(5117,'Adan','AD',1237),(5118,'Ad Dali','DA',1237),(5119,'Al Bayda\'','BA',1237),(5120,'Al Hudaydah','MU',1237),(5121,'Al Mahrah','MR',1237),(5122,'Al Mahwit','MW',1237),(5123,'Amran','AM',1237),(5124,'Dhamar','DH',1237),(5125,'Hadramawt','HD',1237),(5126,'Hajjah','HJ',1237),(5127,'Ibb','IB',1237),(5128,'Lahij','LA',1237),(5129,'Ma\'rib','MA',1237),(5130,'Sa\'dah','SD',1237),(5131,'San\'a\'','SN',1237),(5132,'Shabwah','SH',1237),(5133,'Ta\'izz','TA',1237),(5134,'Eastern Cape','EC',1196),(5135,'Free State','FS',1196),(5136,'Gauteng','GT',1196),(5137,'Kwazulu-Natal','NL',1196),(5138,'Mpumalanga','MP',1196),(5139,'Northern Cape','NC',1196),(5140,'Limpopo','NP',1196),(5141,'Western Cape','WC',1196),(5142,'Copperbelt','08',1239),(5143,'Luapula','04',1239),(5144,'Lusaka','09',1239),(5145,'North-Western','06',1239),(5146,'Bulawayo','BU',1240),(5147,'Harare','HA',1240),(5148,'Manicaland','MA',1240),(5149,'Mashonaland Central','MC',1240),(5150,'Mashonaland East','ME',1240),(5151,'Mashonaland West','MW',1240),(5152,'Masvingo','MV',1240),(5153,'Matabeleland North','MN',1240),(5154,'Matabeleland South','MS',1240),(5155,'Midlands','MI',1240),(5156,'South Karelia','SK',1075),(5157,'South Ostrobothnia','SO',1075),(5158,'Etel-Savo','ES',1075),(5159,'Hme','HH',1075),(5160,'It-Uusimaa','IU',1075),(5161,'Kainuu','KA',1075),(5162,'Central Ostrobothnia','CO',1075),(5163,'Central Finland','CF',1075),(5164,'Kymenlaakso','KY',1075),(5165,'Lapland','LA',1075),(5166,'Tampere Region','TR',1075),(5167,'Ostrobothnia','OB',1075),(5168,'North Karelia','NK',1075),(5169,'Nothern Ostrobothnia','NO',1075),(5170,'Northern Savo','NS',1075),(5171,'Pijt-Hme','PH',1075),(5172,'Satakunta','SK',1075),(5173,'Uusimaa','UM',1075),(5174,'South-West Finland','SW',1075),(5175,'land','AL',1075),(5176,'Limburg','LI',1152),(9000,'North West','NW',1196),(9986,'Tyne and Wear','xTYW',1226),(9987,'Isle of Man','xIOM',1226),(9988,'Greater Manchester','xGMA',1226),(9989,'Co Tyrone','xTYR',1226),(9990,'West Yorkshire','xWYO',1226),(9991,'South Yorkshire','xSYO',1226),(9992,'Merseyside','xMSD',1226),(9993,'Berkshire','xBRK',1226),(9994,'West Midlands','xWMD',1226),(9995,'Inverness','xIVN',1226),(9996,'Avon','xAVN',1226),(9997,'Middlesex','xMDX',1226),(9998,'West Glamorgan','xWGM',1226),(9999,'London','xLON',1226);
UNLOCK TABLES;
/*!40000 ALTER TABLE `civicrm_state_province` ENABLE KEYS */;

--
-- Dumping data for table `civicrm_subscription_history`
--


/*!40000 ALTER TABLE `civicrm_subscription_history` DISABLE KEYS */;
LOCK TABLES `civicrm_subscription_history` WRITE;
INSERT INTO `civicrm_subscription_history` (`id`, `contact_id`, `group_id`, `date`, `method`, `status`, `tracking`) VALUES (1,17,2,'2006-03-15 09:05:43','Admin','Pending',NULL),(2,100,2,'2006-11-03 04:44:11','Admin','Added',NULL),(3,59,2,'2007-01-10 12:00:19','Admin','Added',NULL),(4,29,2,'2006-04-16 04:58:22','Admin','Pending',NULL),(5,94,2,'2007-01-15 07:05:01','Email','Added',NULL),(6,53,2,'2006-05-26 01:48:59','Admin','Added',NULL),(7,7,2,'2006-04-14 06:45:04','Email','Removed',NULL),(8,66,2,'2006-06-18 12:09:26','Admin','Pending',NULL),(9,81,2,'2006-07-05 09:39:59','Admin','Pending',NULL),(10,28,2,'2006-11-01 03:31:12','Admin','Removed',NULL),(11,97,2,'2006-08-28 11:56:18','Email','Pending',NULL),(12,18,2,'2006-05-23 09:16:24','Admin','Pending',NULL),(13,10,2,'2006-07-16 04:58:22','Admin','Added',NULL),(14,31,2,'2007-01-23 05:52:06','Admin','Pending',NULL),(15,32,2,'2007-01-28 07:38:57','Email','Removed',NULL),(16,4,2,'2006-06-05 05:24:44','Admin','Removed',NULL),(17,58,2,'2006-05-01 09:46:00','Admin','Added',NULL),(18,89,2,'2006-12-24 05:12:07','Admin','Removed',NULL),(19,70,2,'2006-05-14 06:05:39','Admin','Pending',NULL),(20,48,2,'2006-05-23 10:01:18','Email','Added',NULL),(21,27,2,'2007-01-30 03:38:25','Admin','Added',NULL),(22,92,2,'2006-11-09 02:31:45','Admin','Added',NULL),(23,90,2,'2006-09-02 02:42:49','Admin','Pending',NULL),(24,44,2,'2006-08-02 09:12:06','Admin','Removed',NULL),(25,86,2,'2006-09-11 08:51:43','Admin','Pending',NULL),(26,69,2,'2006-07-05 05:35:20','Email','Pending',NULL),(27,74,2,'2006-06-23 03:09:08','Admin','Removed',NULL),(28,14,2,'2007-01-13 08:18:32','Email','Added',NULL),(29,15,2,'2006-12-25 05:59:29','Email','Removed',NULL),(30,50,2,'2006-12-31 02:13:47','Admin','Added',NULL),(31,12,2,'2006-06-03 10:19:22','Email','Removed',NULL),(32,80,2,'2006-11-03 10:03:01','Email','Added',NULL),(33,76,2,'2006-08-05 06:36:02','Email','Added',NULL),(34,40,2,'2006-12-31 02:48:56','Admin','Pending',NULL),(35,56,2,'2006-06-19 06:02:31','Email','Removed',NULL),(36,52,2,'2006-06-03 01:15:14','Admin','Pending',NULL),(37,98,2,'2006-12-18 01:51:00','Admin','Added',NULL),(38,3,2,'2006-07-26 03:52:01','Admin','Removed',NULL),(39,25,2,'2006-12-29 01:01:22','Admin','Added',NULL),(40,51,2,'2006-05-21 04:46:29','Email','Removed',NULL),(41,96,2,'2006-04-11 06:27:54','Admin','Pending',NULL),(42,22,2,'2006-10-10 02:27:08','Email','Pending',NULL),(43,49,2,'2006-05-31 09:39:11','Email','Pending',NULL),(44,24,2,'2006-03-20 06:43:58','Admin','Pending',NULL),(45,13,2,'2007-02-12 10:38:55','Email','Pending',NULL),(46,16,2,'2006-11-02 08:24:24','Email','Pending',NULL),(47,47,2,'2006-03-06 03:02:35','Email','Removed',NULL),(48,8,2,'2006-12-13 06:10:21','Admin','Removed',NULL),(49,39,2,'2006-10-09 04:23:09','Email','Pending',NULL),(50,30,2,'2006-06-02 05:28:48','Admin','Removed',NULL),(51,61,2,'2006-05-24 08:47:33','Admin','Pending',NULL),(52,20,2,'2006-09-16 06:15:17','Admin','Removed',NULL),(53,5,2,'2006-11-01 07:39:33','Admin','Removed',NULL),(54,68,2,'2006-09-24 04:36:48','Email','Removed',NULL),(55,93,2,'2006-05-29 04:26:42','Email','Added',NULL),(56,6,2,'2006-05-29 04:36:15','Admin','Pending',NULL),(57,21,2,'2006-12-09 06:15:04','Email','Added',NULL),(58,38,2,'2006-04-09 05:57:21','Admin','Pending',NULL),(59,71,2,'2006-07-19 05:26:42','Admin','Removed',NULL),(60,78,2,'2006-03-28 08:22:54','Email','Removed',NULL),(61,57,3,'2006-09-09 08:16:12','Email','Pending',NULL),(62,72,3,'2006-10-01 09:39:17','Email','Pending',NULL),(63,54,3,'2006-04-11 02:45:16','Email','Removed',NULL),(64,37,3,'2006-05-16 08:07:54','Admin','Added',NULL),(65,73,3,'2006-04-21 10:37:22','Admin','Removed',NULL),(66,83,3,'2006-12-24 10:10:03','Email','Added',NULL),(67,67,3,'2006-03-18 07:04:53','Email','Pending',NULL),(68,23,3,'2006-07-20 01:35:43','Admin','Removed',NULL),(69,75,3,'2006-10-09 11:21:44','Email','Pending',NULL),(70,9,3,'2006-07-19 12:43:18','Email','Added',NULL),(71,41,3,'2006-08-21 04:51:06','Admin','Removed',NULL),(72,45,3,'2006-06-21 07:07:59','Email','Removed',NULL),(73,19,3,'2007-01-11 01:25:24','Email','Removed',NULL),(74,95,3,'2006-10-29 09:34:07','Admin','Pending',NULL),(75,82,3,'2006-09-12 04:44:01','Admin','Added',NULL),(76,17,4,'2006-07-30 03:55:49','Email','Pending',NULL),(77,66,4,'2006-11-15 05:19:59','Email','Removed',NULL),(78,32,4,'2006-04-19 10:16:41','Admin','Added',NULL),(79,92,4,'2006-04-21 02:26:37','Email','Removed',NULL),(80,15,4,'2006-08-04 05:33:57','Email','Added',NULL),(81,52,4,'2006-09-13 02:01:50','Email','Removed',NULL),(82,49,4,'2006-11-21 01:48:30','Admin','Removed',NULL),(83,30,4,'2006-07-04 10:54:19','Admin','Pending',NULL);
UNLOCK TABLES;
/*!40000 ALTER TABLE `civicrm_subscription_history` ENABLE KEYS */;

--
-- Dumping data for table `civicrm_tag`
--


/*!40000 ALTER TABLE `civicrm_tag` DISABLE KEYS */;
LOCK TABLES `civicrm_tag` WRITE;
INSERT INTO `civicrm_tag` (`id`, `domain_id`, `name`, `description`, `parent_id`) VALUES (1,1,'Non-profit','Any not-for-profit organization.',NULL),(2,1,'Company','For-profit organization.',NULL),(3,1,'Government Entity','Any governmental entity.',NULL),(4,1,'Major Donor','High-value supporter of our organization.',NULL),(5,1,'Volunteer','Active volunteers.',NULL);
UNLOCK TABLES;
/*!40000 ALTER TABLE `civicrm_tag` ENABLE KEYS */;

--
-- Dumping data for table `civicrm_task`
--


/*!40000 ALTER TABLE `civicrm_task` DISABLE KEYS */;
LOCK TABLES `civicrm_task` WRITE;
UNLOCK TABLES;
/*!40000 ALTER TABLE `civicrm_task` ENABLE KEYS */;

--
-- Dumping data for table `civicrm_task_status`
--


/*!40000 ALTER TABLE `civicrm_task_status` DISABLE KEYS */;
LOCK TABLES `civicrm_task_status` WRITE;
UNLOCK TABLES;
/*!40000 ALTER TABLE `civicrm_task_status` ENABLE KEYS */;

--
-- Dumping data for table `civicrm_uf_field`
--


/*!40000 ALTER TABLE `civicrm_uf_field` DISABLE KEYS */;
LOCK TABLES `civicrm_uf_field` WRITE;
INSERT INTO `civicrm_uf_field` (`id`, `uf_group_id`, `field_name`, `is_active`, `is_view`, `is_required`, `weight`, `help_post`, `visibility`, `in_selector`, `is_searchable`, `location_type_id`, `phone_type`, `label`, `field_type`) VALUES (1,1,'first_name',1,0,1,1,'','Public User Pages and Listings',0,1,NULL,NULL,'First Name','Individual'),(2,1,'last_name',1,0,1,2,'First and last name will be shared with other visitors to the site.','Public User Pages and Listings',0,1,NULL,NULL,'Last Name','Individual'),(3,1,'street_address',1,0,0,3,'','User and User Admin Only',0,1,1,NULL,'Street Address (Home)','Individual'),(4,1,'city',1,0,0,4,'','User and User Admin Only',0,1,1,NULL,'City (Home)','Individual'),(5,1,'postal_code',1,0,0,5,'','User and User Admin Only',0,1,1,NULL,'Postal Code (Home)','Individual'),(6,1,'state_province',1,0,0,6,'Your state/province and country of residence will be shared with others so folks can find others in their community.','Public User Pages and Listings',1,1,1,NULL,'State (Home)','Individual'),(7,1,'country',1,0,0,7,'','Public User Pages and Listings',0,1,1,NULL,'Country (Home)','Individual');
UNLOCK TABLES;
/*!40000 ALTER TABLE `civicrm_uf_field` ENABLE KEYS */;

--
-- Dumping data for table `civicrm_uf_group`
--


/*!40000 ALTER TABLE `civicrm_uf_group` DISABLE KEYS */;
LOCK TABLES `civicrm_uf_group` WRITE;
INSERT INTO `civicrm_uf_group` (`id`, `domain_id`, `is_active`, `form_type`, `title`, `collapse_display`, `help_pre`, `help_post`, `limit_listings_group_id`, `post_URL`, `add_to_group_id`, `add_captcha`, `is_map`, `is_edit_link`, `is_uf_link`, `is_update_dupe`, `cancel_URL`) VALUES (1,1,1,'CiviCRM Profile','Name and Address',0,'',NULL,NULL,NULL,NULL,0,0,0,0,0,NULL);
UNLOCK TABLES;
/*!40000 ALTER TABLE `civicrm_uf_group` ENABLE KEYS */;

--
-- Dumping data for table `civicrm_uf_join`
--


/*!40000 ALTER TABLE `civicrm_uf_join` DISABLE KEYS */;
LOCK TABLES `civicrm_uf_join` WRITE;
INSERT INTO `civicrm_uf_join` (`id`, `is_active`, `module`, `entity_table`, `entity_id`, `weight`, `uf_group_id`) VALUES (1,1,'User Registration','',0,1,1),(2,1,'User Account','',0,1,1),(3,1,'Profile','',0,1,1);
UNLOCK TABLES;
/*!40000 ALTER TABLE `civicrm_uf_join` ENABLE KEYS */;

--
-- Dumping data for table `civicrm_uf_match`
--


/*!40000 ALTER TABLE `civicrm_uf_match` DISABLE KEYS */;
LOCK TABLES `civicrm_uf_match` WRITE;
UNLOCK TABLES;
/*!40000 ALTER TABLE `civicrm_uf_match` ENABLE KEYS */;

--
-- Dumping data for table `civicrm_validation`
--


/*!40000 ALTER TABLE `civicrm_validation` DISABLE KEYS */;
LOCK TABLES `civicrm_validation` WRITE;
UNLOCK TABLES;
/*!40000 ALTER TABLE `civicrm_validation` ENABLE KEYS */;
/*!40103 SET TIME_ZONE=@OLD_TIME_ZONE */;

/*!40101 SET SQL_MODE=@OLD_SQL_MODE */;
/*!40014 SET FOREIGN_KEY_CHECKS=@OLD_FOREIGN_KEY_CHECKS */;
/*!40014 SET UNIQUE_CHECKS=@OLD_UNIQUE_CHECKS */;
/*!40101 SET CHARACTER_SET_CLIENT=@OLD_CHARACTER_SET_CLIENT */;
/*!40101 SET CHARACTER_SET_RESULTS=@OLD_CHARACTER_SET_RESULTS */;
/*!40101 SET COLLATION_CONNECTION=@OLD_COLLATION_CONNECTION */;
/*!40111 SET SQL_NOTES=@OLD_SQL_NOTES */;

